0 Figure Friends Girl Torso with Coral, Medium Azure and Bright Light Yellow Sleeveless Tank Top Short Pattern
0 Name: 1006030p06.dat
0 Author: Philippe Hurbain [Philo]
0 !LDRAW_ORG Unofficial_Part
0 !LICENSE Licensed under CC BY 4.0 : see CAreadme.txt

0 BFC CERTIFY CCW

0 !CATEGORY Figure
0 !KEYWORDS Aliya, Celine, Rebrickable 92456c16pr0012, Set 42664, Set 42691

1 16 0 0 0 1 0 0 0 1 0 0 0 1 s\1006030s01.dat
1 16 0 0 0 1 0 0 0 1 0 0 0 1 s\1006030s03.dat

0 // Front
3 16 -5.586 -5.538 -1.945 -4 -6.451 .2 -5.662 -6.058 .04
3 16 -4 -6.451 .2 -5.586 -5.538 -1.945 -3.6956 -5.948 -1.3308
3 16 -5.586 -5.538 -1.945 -2.8284 -5.2757 -2.6284 -3.6956 -5.948 -1.3308
3 16 0 -4.376 -3.8 -1.5308 -4.657 -3.4956 -2.657 -1.973 -5.683
3 16 -4.917 -4.205 -3.631 -2.657 -1.973 -5.683 -1.5308 -4.657 -3.4956
3 16 0 .488 -7.46 -1.5061 .4468 -7.3994 -.7701 1.1319 -7.7729
4 16 -2.1805 -.181 -6.9528 -1.5061 .4468 -7.3994 0 .488 -7.46 0 -1.83 -5.864
4 16 -2.657 -1.973 -5.683 -2.7969 -.8667 -6.4537 -2.1805 -.181 -6.9528 0 -1.83 -5.864
3 16 0 -4.376 -3.8 -2.657 -1.973 -5.683 0 -1.83 -5.864
3 16 -11 -1.5308 -3.6956 -10.5903 -.9677 -4.1705 -10.3815 -1.5779 -4.0502
3 16 -9.443 -4.8005 .0495 -11 -4 0 -11 -3.6956 -1.5308
3 16 -3.8678 14.5774 -8.309 -3.6752 12.2988 -8.308 -6.548 12.364 -7.226
3 16 0 14.601 -8.604 -3.6752 12.2988 -8.308 -3.8678 14.5774 -8.309
3 16 0 14.601 -8.604 0 12.362 -8.542 -3.6752 12.2988 -8.308
3 16 -3.8678 14.5774 -8.309 -6.548 12.364 -7.226 -6.618 14.532 -7.246
3 16 -4.33 17 -8.06 -3.8678 14.5774 -8.309 -6.618 14.532 -7.246
3 16 0 17 -8.59 -3.8678 14.5774 -8.309 -4.33 17 -8.06
3 16 -.3632 15.6944 -8.5699 -.3298 15.1565 -8.5756 -3.8678 14.5774 -8.309
4 16 -8.0417 12.3828 -6.0218 -8.4678 12.4001 -5.6787 -8.58 14.606 -5.668 -6.618 14.532 -7.246
3 16 -6.618 14.532 -7.246 -8.67 17 -5.85 -6.43 17 -7.36
3 16 -4.33 17 -8.06 -6.618 14.532 -7.246 -6.43 17 -7.36
3 16 -8.67 17 -5.85 -6.618 14.532 -7.246 -8.58 14.606 -5.668
3 16 -2.8284 -5.2757 -2.6284 -5.586 -5.538 -1.945 -4.917 -4.205 -3.631
3 16 -4.917 -4.205 -3.631 -1.5308 -4.657 -3.4956 -2.8284 -5.2757 -2.6284
3 16 5.586 -5.538 -1.945 5.662 -6.058 .04 4 -6.451 .2
3 16 4 -6.451 .2 3.6956 -5.948 -1.3308 5.586 -5.538 -1.945
3 16 5.586 -5.538 -1.945 3.6956 -5.948 -1.3308 2.8284 -5.2757 -2.6284
3 16 0 -4.376 -3.8 2.657 -1.973 -5.683 1.5308 -4.657 -3.4956
3 16 4.917 -4.205 -3.631 1.5308 -4.657 -3.4956 2.657 -1.973 -5.683
3 16 0 .488 -7.46 .8302 1.1821 -7.7973 1.9657 .4342 -7.3809
4 16 0 .488 -7.46 1.9657 .4342 -7.3809 2.5153 .0722 -7.1199 0 -1.83 -5.864
4 16 2.8849 -.1713 -6.9382 2.657 -1.973 -5.683 0 -1.83 -5.864 2.5153 .0722 -7.1199
3 16 0 -4.376 -3.8 0 -1.83 -5.864 2.657 -1.973 -5.683
3 16 0 .488 -7.46 0 1.7289 -8.0936 .8302 1.1821 -7.7973
3 16 4.917 -4.205 -3.631 2.657 -1.973 -5.683 5.423 -2.071 -5.355
3 16 9.46 -3.1485 -3.3767 9.414 -4.3297 -1.8296 9.2567 -4.3894 -1.8465
4 16 9.46 -3.1485 -3.3767 9.4962 -2.8799 -3.5717 9.7676 -2.3865 -3.8229 11 -2.8284 -2.8284
4 16 9.8632 -1.6173 -4.3474 9.9047 -1.2832 -4.4572 10.4192 -.7325 -4.3688 11 -1.5308 -3.6956
3 16 9.443 -4.8005 .0495 9.414 -4.3297 -1.8296 11 -3.6956 -1.5308
3 16 11 -3.6956 -1.5308 11 -4 0 9.443 -4.8005 .0495
3 16 9.414 -4.3297 -1.8296 9.46 -3.1485 -3.3767 11 -2.8284 -2.8284
3 16 11 -2.8284 -2.8284 11 -3.6956 -1.5308 9.414 -4.3297 -1.8296
3 16 3.8678 14.5774 -8.309 6.548 12.364 -7.226 3.6752 12.2988 -8.308
3 16 0 14.601 -8.604 3.8678 14.5774 -8.309 3.6752 12.2988 -8.308
3 16 0 14.601 -8.604 3.6752 12.2988 -8.308 0 12.362 -8.542
3 16 3.8678 14.5774 -8.309 6.618 14.532 -7.246 6.548 12.364 -7.226
3 16 4.33 17 -8.06 6.618 14.532 -7.246 3.8678 14.5774 -8.309
3 16 0 17 -8.59 4.33 17 -8.06 3.8678 14.5774 -8.309
3 16 3.8678 14.5774 -8.309 .2807 15.1638 -8.5793 .3379 15.4213 -8.5734
4 16 7.6047 12.3541 -6.3733 6.618 14.532 -7.246 8.58 14.606 -5.668 8.4692 12.4288 -5.6786
3 16 6.618 14.532 -7.246 6.43 17 -7.36 8.67 17 -5.85
3 16 4.33 17 -8.06 6.43 17 -7.36 6.618 14.532 -7.246
3 16 8.67 17 -5.85 8.58 14.606 -5.668 6.618 14.532 -7.246
3 16 2.8284 -5.2757 -2.6284 4.917 -4.205 -3.631 5.586 -5.538 -1.945
3 16 4.917 -4.205 -3.631 2.8284 -5.2757 -2.6284 1.5308 -4.657 -3.4956
4 16 6.0695 -3.9813 -3.6441 4.917 -4.205 -3.631 5.423 -2.071 -5.355 6.1551 -2.6296 -4.7719
3 16 -4.4008 11.7908 -8.0457 -3.6752 12.2988 -8.308 -3.6298 11.6137 -8.3144
3 16 -9.9292 -3.051 -3.2097 -9.6597 -4.0971 -1.9843 -11 -2.8284 -2.8284
3 16 4.3524 11.8247 -8.0632 3.6323 11.6519 -8.3141 3.6752 12.2988 -8.308
3 16 6.1586 -2.0027 -5.2871 6.1551 -2.6296 -4.7719 5.423 -2.071 -5.355
4 16 5.8981 -5.4614 -1.9621 5.586 -5.538 -1.945 4.917 -4.205 -3.631 5.9992 -4.5881 -2.9436
3 16 -6.6856 12.2152 -7.1145 -7.7947 12.3523 -6.22 -6.548 12.364 -7.226
3 16 7.6047 12.3541 -6.3733 6.6675 12.2348 -7.1291 6.548 12.364 -7.226
3 16 -5.9213 -5.5529 -1.5863 -5.8557 -5.4717 -1.9598 -5.586 -5.538 -1.945
3 16 -6.5427 12.1976 -7.2315 -6.6856 12.2152 -7.1145 -6.548 12.364 -7.226
3 353 -2.5156 .4191 -7.3588 -2.7026 .2139 -7.2135 -2.958 .407 -7.341
3 16 4.3464 -.9887 -6.2224 5.5277 -1.6447 -5.6294 5.423 -2.071 -5.355
3 16 5.5277 -1.6447 -5.6294 6.1586 -2.0027 -5.2871 5.423 -2.071 -5.355
3 16 -10.5903 -.9677 -4.1705 -11 -1.5308 -3.6956 -11 0 -4
3 16 5.8981 -5.4614 -1.9621 5.8876 -5.5514 -1.6224 5.586 -5.538 -1.945
3 16 6.6675 12.2348 -7.1291 6.5434 12.219 -7.2308 6.548 12.364 -7.226
3 16 11 0 -4 11 -1.5308 -3.6956 10.4192 -.7325 -4.3688
4 16 -3.6298 11.6137 -8.3144 -3.6752 12.2988 -8.308 0 12.362 -8.542 -2.0308 11.2287 -8.4184
3 16 8.9644 -4.998 .0504 9.013 -4.8616 -.3944 9.443 -4.8005 .0495
3 16 -9.443 -4.8005 .0495 -11 -3.6956 -1.5308 -9.6211 -4.2469 -1.7906
3 16 -5.2114 -4.3092 -3.444 -5.1246 -4.1647 -3.6334 -4.917 -4.205 -3.631
3 16 6.0695 -3.9813 -3.6441 5.9992 -4.5881 -2.9436 4.917 -4.205 -3.631
3 16 -3.6571 -2.0084 -5.5644 -2.7969 -.8667 -6.4537 -2.657 -1.973 -5.683
3 16 1.9823 11.2558 -8.4213 0 10.78 -8.5263 0 12.362 -8.542
4 16 9.2567 -4.3894 -1.8465 9.414 -4.3297 -1.8296 9.443 -4.8005 .0495 9.013 -4.8616 -.3944
4 16 2.8849 -.1713 -6.9382 4.3464 -.9887 -6.2224 5.423 -2.071 -5.355 2.657 -1.973 -5.683
3 16 -5.1246 -4.1647 -3.6334 -4.9826 -3.9282 -3.8546 -4.917 -4.205 -3.631
4 16 0 1.7289 -8.0936 0 .488 -7.46 -.7701 1.1319 -7.7729 -.381 1.4941 -7.9659
4 16 -3.6571 -2.0084 -5.5644 -2.657 -1.973 -5.683 -4.917 -4.205 -3.631 -4.5162 -3.1514 -4.5402
3 16 -4.917 -4.205 -3.631 -4.9826 -3.9282 -3.8546 -4.5162 -3.1514 -4.5402
4 16 -9.9292 -3.051 -3.2097 -11 -2.8284 -2.8284 -10.1791 -2.1697 -3.781 -10.0864 -2.4406 -3.6137
4 16 -11 -2.8284 -2.8284 -9.6597 -4.0971 -1.9843 -9.6211 -4.2469 -1.7906 -11 -3.6956 -1.5308
4 16 -.2395 15.9203 -8.578 -.3632 15.6944 -8.5699 -3.8678 14.5774 -8.309 0 17 -8.59
3 16 0 17 -8.59 0 16.0123 -8.5958 -.2395 15.9203 -8.578
3 16 0 14.9652 -8.6019 0 14.601 -8.604 -.1427 14.9691 -8.591
4 16 -3.8678 14.5774 -8.309 -.3298 15.1565 -8.5756 -.1427 14.9691 -8.591 0 14.601 -8.604
4 16 -8.0417 12.3828 -6.0218 -6.618 14.532 -7.246 -6.548 12.364 -7.226 -7.7947 12.3523 -6.22
3 16 9.7676 -2.3865 -3.8229 9.8294 -1.8891 -4.1868 11 -2.8284 -2.8284
3 16 0 16.0123 -8.5958 0 17 -8.59 .2175 15.9039 -8.5798
4 16 3.8678 14.5774 -8.309 .2927 15.7675 -8.5749 .2175 15.9039 -8.5798 0 17 -8.59
4 16 .1204 14.962 -8.5927 .2807 15.1638 -8.5793 3.8678 14.5774 -8.309 0 14.601 -8.604
3 16 0 14.601 -8.604 0 14.9652 -8.6019 .1204 14.962 -8.5927
3 16 .3379 15.4213 -8.5734 .2927 15.7675 -8.5749 3.8678 14.5774 -8.309
3 16 6.548 12.364 -7.226 6.618 14.532 -7.246 7.6047 12.3541 -6.3733
4 16 -10.3815 -1.5779 -4.0502 -10.1791 -2.1697 -3.781 -11 -2.8284 -2.8284 -11 -1.5308 -3.6956
4 16 11 -2.8284 -2.8284 9.8294 -1.8891 -4.1868 9.8632 -1.6173 -4.3474 11 -1.5308 -3.6956
4 16 -5.586 -5.538 -1.945 -5.8557 -5.4717 -1.9598 -5.2114 -4.3092 -3.444 -4.917 -4.205 -3.631
4 16 -6.3071 -5.9007 .0447 -5.9213 -5.5529 -1.5863 -5.586 -5.538 -1.945 -5.662 -6.058 .04
4 16 3.6323 11.6519 -8.3141 1.9823 11.2558 -8.4213 0 12.362 -8.542 3.6752 12.2988 -8.308
4 16 -6.548 12.364 -7.226 -3.6752 12.2988 -8.308 -4.4008 11.7908 -8.0457 -6.5427 12.1976 -7.2315
4 16 5.586 -5.538 -1.945 5.8876 -5.5514 -1.6224 5.7319 -6.0409 .0405 5.662 -6.058 .04
4 16 3.6752 12.2988 -8.308 6.548 12.364 -7.226 6.5434 12.219 -7.2308 4.3524 11.8247 -8.0632
4 16 0 10.78 -8.5263 -.0836 10.7599 -8.5215 -2.0308 11.2287 -8.4184 0 12.362 -8.542
4 226 -1.0068 7.1833 -8.7358 -1.1135 7.5288 -8.6699 -1.1718 7.9641 -8.5904 0 7.814 -8.671
4 226 0 7.814 -8.671 0 5.849 -8.947 -.5438 5.8295 -8.9369 -.6622 6.0682 -8.9005
3 226 2.6787 7.5634 -8.5914 3.0458 7.8083 -8.5313 3.3267 5.7299 -8.885
4 226 0 5.849 -8.947 0 7.814 -8.671 .8226 5.9874 -8.9081 .5276 5.9201 -8.9245
3 226 3.3267 5.7299 -8.885 4.2507 4.4204 -8.6185 4.1623 4.4336 -8.6366
3 226 3.4157 8.2514 -8.436 4.2542 8.1956 -8.1948 4.6169 7.3037 -8.3281
4 226 6.004 .295 -6.878 6.9287 .3199 -6.5909 6.8582 -.2082 -6.3236 6.5775 -.4401 -6.2875
4 226 6.3548 -1.2534 -5.7675 6.1849 -1.2354 -5.8062 5.6928 -.9723 -6.0623 6.5775 -.4401 -6.2875
4 226 2.9291 8.5347 -8.4481 2.5 9.115 -8.4428 2.2884 9.5266 -8.4341 3.4811 9.303 -8.3817
3 226 3.4157 8.2514 -8.436 3.0225 8.4083 -8.4502 2.9291 8.5347 -8.4481
4 226 -1.1387 10.2225 -8.4615 -.3257 10.0504 -8.5129 -1.3335 9.4636 -8.4878 -1.2987 9.7532 -8.4757
4 226 4.2542 8.1956 -8.1948 3.4157 8.2514 -8.436 3.4811 9.303 -8.3817 3.6078 9.2793 -8.3458
4 226 .403 8.4639 -8.6063 1.2622 8.0172 -8.5816 1.3064 7.9813 -8.5811 0 7.814 -8.671
4 226 -8.2047 10.5731 -5.8835 -8.2575 10.9521 -5.842 -7.5319 11.61 -6.4296 -7.4017 11.4412 -6.5342
3 226 1.9583 2.1252 -8.2557 2.3574 1.0073 -7.6671 1.387 1.6475 -8.0236
3 226 4.8128 6.7408 -8.38 5.4043 5.6923 -8.4259 3.3267 5.7299 -8.885
4 226 -.1706 5.2646 -8.9193 -.4451 5.6308 -8.9301 -.5438 5.8295 -8.9369 0 5.849 -8.947
4 226 -7.4017 11.4412 -6.5342 -7.0988 10.3298 -6.7895 -8.17 10.3244 -5.9135 -8.2047 10.5731 -5.8835
3 226 2.025 4.7318 -8.865 1.2011 5.806 -8.9246 3.3267 5.7299 -8.885
4 226 .128 5.2235 -8.9183 0 5.2411 -8.9213 0 5.849 -8.947 .3475 5.7188 -8.9355
3 226 9.721 .2272 -5.1781 10.4396 .0996 -4.5162 10.0859 -.2743 -4.7552
4 226 -6.8715 8.385 -7.246 -7.385 8.5766 -6.7754 -8.0803 9.6817 -6.0656 -8.1142 9.9243 -6.0149
3 226 -8.4815 7.5895 -5.8896 -8.886 7.493 -5.54 -8.7731 8.203 -5.5792
3 226 6.233 2.9532 -8.0742 5.7832 3.109 -8.233 6.615 3.101 -8.07
3 226 8.8946 7.3859 -5.5694 8.772 7.5202 -5.6385 8.886 7.493 -5.54
3 226 -1.0068 7.1833 -8.7358 0 7.814 -8.671 -.6622 6.0682 -8.9005
4 226 2.106 7.4258 -8.6422 3.3267 5.7299 -8.885 0 7.814 -8.671 1.8925 7.5056 -8.638
3 226 0 7.814 -8.671 1.3064 7.9813 -8.5811 1.8925 7.5056 -8.638
3 226 3.1134 7.9427 -8.5044 3.062 8.2061 -8.4603 3.4157 8.2514 -8.436
4 226 3.3267 5.7299 -8.885 3.0458 7.8083 -8.5313 3.1134 7.9427 -8.5044 3.4157 8.2514 -8.436
3 226 3.3267 5.7299 -8.885 2.106 7.4258 -8.6422 2.3923 7.4464 -8.6253
3 226 3.3267 5.7299 -8.885 2.3923 7.4464 -8.6253 2.6787 7.5634 -8.5914
4 226 1.2011 5.806 -8.9246 1.1382 5.888 -8.9146 0 7.814 -8.671 3.3267 5.7299 -8.885
3 226 .4496 5.8329 -8.9386 0 5.849 -8.947 .5276 5.9201 -8.9245
3 226 0 7.814 -8.671 1.1382 5.888 -8.9146 .8226 5.9874 -8.9081
4 226 5.7832 3.109 -8.233 4.2507 4.4204 -8.6185 3.3267 5.7299 -8.885 6.615 3.101 -8.07
3 226 3.1828 3.4205 -8.7613 3.3267 5.7299 -8.885 4.1623 4.4336 -8.6366
4 226 3.3656 3.1321 -8.7067 3.1828 3.4205 -8.7613 4.1623 4.4336 -8.6366 4.1541 4.281 -8.6282
4 226 4.1541 4.281 -8.6282 4.6033 3.1739 -8.4677 4.6143 3.1201 -8.462 3.3656 3.1321 -8.7067
4 226 6.6286 3.5741 -8.0833 6.615 3.101 -8.07 3.3267 5.7299 -8.885 6.2532 4.4325 -8.1955
3 226 3.3267 5.7299 -8.885 5.4043 5.6923 -8.4259 6.2532 4.4325 -8.1955
3 226 5.6928 -.9723 -6.0623 6.004 .295 -6.878 6.5775 -.4401 -6.2875
3 226 3.4811 9.303 -8.3817 3.4157 8.2514 -8.436 2.9291 8.5347 -8.4481
3 226 3.4157 8.2514 -8.436 3.062 8.2061 -8.4603 3.0225 8.4083 -8.4502
3 226 6.004 .295 -6.878 6.1319 .8826 -7.1276 6.4102 .8369 -7.0149
4 226 6.9287 .3199 -6.5909 6.004 .295 -6.878 6.4102 .8369 -7.0149 6.7139 .5914 -6.795
4 226 3.1828 3.4205 -8.7613 2.3285 4.336 -8.835 2.025 4.7318 -8.865 3.3267 5.7299 -8.885
4 226 -1.3521 9.3093 -8.4962 0 9.0988 -8.5916 0 7.814 -8.671 -1.1718 7.9641 -8.5904
4 226 0 9.0988 -8.5916 -1.3521 9.3093 -8.4962 -1.3335 9.4636 -8.4878 -.1814 9.6599 -8.5458
4 226 -.2038 10.0246 -8.5219 -.1814 9.6599 -8.5458 -1.3335 9.4636 -8.4878 -.3257 10.0504 -8.5129
3 226 0 7.814 -8.671 0 9.0988 -8.5916 .403 8.4639 -8.6063
3 226 -8.2575 10.9521 -5.842 -8.4555 11.6826 -5.6846 -7.5319 11.61 -6.4296
4 226 9.721 .2272 -5.1781 10.0859 -.2743 -4.7552 9.9417 -.4267 -4.7807 9.752 -.1904 -4.9907
4 226 -8.17 10.3244 -5.9135 -7.0988 10.3298 -6.7895 -7.0517 10.157 -6.8521 -8.1142 9.9243 -6.0149
4 226 -6.8715 8.385 -7.246 -8.1142 9.9243 -6.0149 -7.0517 10.157 -6.8521 -6.8483 8.5613 -7.2405
4 226 3.4157 8.2514 -8.436 4.6169 7.3037 -8.3281 4.8128 6.7408 -8.38 3.3267 5.7299 -8.885
3 226 1.9583 2.1252 -8.2557 1.387 1.6475 -8.0236 .8551 1.9985 -8.2137
4 226 1.9583 2.1252 -8.2557 .8551 1.9985 -8.2137 .7131 2.6278 -8.5379 1.7334 2.7551 -8.5819
4 226 1.1004 3.1634 -8.8034 1.4636 3.1059 -8.7666 .7131 2.6278 -8.5379 .7852 2.9376 -8.6946
3 226 1.7334 2.7551 -8.5819 .7131 2.6278 -8.5379 1.4636 3.1059 -8.7666
3 226 0 5.849 -8.947 0 5.2411 -8.9213 -.1706 5.2646 -8.9193
4 226 4.6822 -.4317 -6.5556 4.8609 -.035 -6.8007 6.004 .295 -6.878 5.6928 -.9723 -6.0623
3 226 4.8609 -.035 -6.8007 5.0889 .3286 -7.0171 6.004 .295 -6.878
3 226 0 5.849 -8.947 .4496 5.8329 -8.9386 .3475 5.7188 -8.9355
4 226 -6.9197 8.0194 -7.2347 -7.0541 8.0694 -7.1115 -7.385 8.5766 -6.7754 -6.8715 8.385 -7.246
4 226 -7.9509 9.2211 -6.2195 -8.0803 9.6817 -6.0656 -7.385 8.5766 -6.7754 -7.8243 8.9932 -6.351
4 226 4.6555 1.8093 -7.8426 4.568 1.731 -7.8228 3.5971 2.7019 -8.4617 4.7493 2.4652 -8.1306
4 226 3.3656 3.1321 -8.7067 4.6143 3.1201 -8.462 4.7493 2.4652 -8.1306 3.5971 2.7019 -8.4617
4 226 6.1319 .8826 -7.1276 6.004 .295 -6.878 5.5451 .7539 -7.18 5.6412 .8211 -7.1929
4 226 8.886 7.493 -5.54 8.772 7.5202 -5.6385 8.3679 7.992 -5.9557 8.6844 8.7611 -5.6099
4 226 7.9186 8.7985 -6.2843 8.6844 8.7611 -5.6099 8.3679 7.992 -5.9557 8.0741 8.4236 -6.1787
4 226 9.7847 2.0524 -5.2125 9.8334 2.1336 -5.1722 10.6879 .5709 -4.3136 9.8356 1.3504 -5.1304
3 226 9.8356 1.3504 -5.1304 10.6879 .5709 -4.3136 9.7349 1.0424 -5.2067
4 226 9.721 .2272 -5.1781 9.7349 1.0424 -5.2067 10.6879 .5709 -4.3136 10.4396 .0996 -4.5162
4 226 -8.886 7.493 -5.54 -8.4815 7.5895 -5.8896 -8.393 7.2257 -6.101 -8.9033 7.2782 -5.5989
4 226 5.0889 .3286 -7.0171 5.3214 .5974 -7.1274 5.5451 .7539 -7.18 6.004 .295 -6.878
3 226 3.5971 2.7019 -8.4617 4.568 1.731 -7.8228 3.9504 2.0453 -8.0699
4 226 3.9504 2.0453 -8.0699 4.568 1.731 -7.8228 4.5096 1.6786 -7.8031 4.3212 1.6759 -7.8267
4 272 -9.46 -3.1485 -3.3767 -9.1697 -3.535 -3.0395 -8.9659 -4.4998 -1.8779 -9.414 -4.3297 -1.8296
3 272 -11 0 -4 -10.6642 .6141 -4.3374 -10.4357 .1002 -4.5198
3 272 -9.443 -4.8005 .0495 -9.6211 -4.2469 -1.7906 -9.414 -4.3297 -1.8296
3 272 9.523 -1.6432 -4.5424 9.8632 -1.6173 -4.3474 9.8294 -1.8891 -4.1868
3 272 3.5482 10.382 -8.326 3.3643 10.4846 -8.3372 3.5518 10.4369 -8.3255
3 272 0 10.24 -8.521 2.881 10.6272 -8.3654 2.9899 10.5799 -8.3589
4 272 6.5114 9.7408 -7.3521 6.1774 8.974 -7.5599 5.2442 9.0775 -7.8782 5.6248 9.9097 -7.6462
4 272 -1.4223 10.2969 -8.4428 0 10.24 -8.521 -.3257 10.0504 -8.5129 -1.1387 10.2225 -8.4615
3 272 -9.2713 -3.2024 -3.4048 -9.2175 -3.3785 -3.2189 -9.46 -3.1485 -3.3767
4 272 -3.9035 5.2688 -8.7421 -4.4964 4.7948 -8.5951 -6.2013 5.6778 -8.2498 -4.6765 5.7055 -8.5867
4 272 -.779 3.1679 -8.8123 -1.9586 3.1512 -8.7795 -3.2215 4.0416 -8.7946 -2.5792 4.4943 -8.837
3 272 8.6625 -3.9048 -2.8577 8.7341 -3.3558 -3.4847 9.46 -3.1485 -3.3767
3 272 3.5518 10.4369 -8.3255 3.7832 10.3781 -8.2433 3.5482 10.382 -8.326
4 272 8.2772 .6635 -6.2085 8.4981 .7145 -6.0906 8.6473 .6037 -5.9619 8.1612 .3416 -6.1707
4 272 -.7701 1.1319 -7.7729 -1.5061 .4468 -7.3994 -2.1722 .7961 -7.5627 -1.3137 1.5862 -7.9938
4 272 -10.3815 -1.5779 -4.0502 -10.5903 -.9677 -4.1705 -10.1995 -.4305 -4.6234 -9.9395 -1.0151 -4.5445
4 272 -6.508 5.8118 -8.1583 -5.9232 6.2731 -8.2108 -4.6765 5.7055 -8.5867 -6.2013 5.6778 -8.2498
4 272 6.5613 -5.2985 -1.9984 5.8981 -5.4614 -1.9621 5.9992 -4.5881 -2.9436 6.623 -4.8089 -2.5474
3 272 .6699 9.85 -8.5043 0 9.9839 -8.5368 0 10.24 -8.521
4 272 -7.5319 11.61 -6.4296 -8.4555 11.6826 -5.6846 -8.465 12.346 -5.679 -7.7947 12.3523 -6.22
4 272 2.958 .407 -7.341 1.9657 .4342 -7.3809 2.3574 1.0073 -7.6671 2.9721 .5925 -7.4366
3 272 -9.6211 -4.2469 -1.7906 -9.6597 -4.0971 -1.9843 -9.414 -4.3297 -1.8296
4 272 8.5004 2.2565 -6.6101 8.2597 1.2468 -6.4162 7.813 .7979 -6.5413 7.5053 1.3895 -6.934
4 272 8.4559 11.7101 -5.6844 7.2354 11.6209 -6.6689 6.6675 12.2348 -7.1291 7.6047 12.3541 -6.3733
4 272 9.1017 -.2075 -5.3782 9.721 .2272 -5.1781 9.523 -1.6432 -4.5424 9.3006 -.9035 -4.9763
4 272 -5.8557 -5.4717 -1.9598 -5.9213 -5.5529 -1.5863 -6.7816 -5.5911 -.6662 -6.5633 -5.298 -1.9985
4 272 -7.283 11.5694 -6.6304 -6.6856 12.2152 -7.1145 -6.5427 12.1976 -7.2315 -6.5186 11.4446 -7.2563
4 272 7.259 8.865 -6.8622 6.55 8.9365 -7.4325 6.5114 9.7408 -7.3521 7.0579 9.6367 -6.9194
4 272 -2.7026 .2139 -7.2135 -2.5156 .4191 -7.3588 -1.5061 .4468 -7.3994 -2.1805 -.181 -6.9528
3 272 -9.4873 -2.4952 -3.8826 -9.319 -3.0462 -3.5173 -9.46 -3.1485 -3.3767
4 272 6.1586 -2.0027 -5.2871 6.3548 -1.2534 -5.7675 7.0864 -1.0925 -5.7634 6.9052 -1.9335 -5.2181
3 272 2.5153 .0722 -7.1199 1.9657 .4342 -7.3809 2.958 .407 -7.341
4 272 7.995 -1.9832 -4.9186 8.1477 -2.0505 -4.8008 8.166 -2.2094 -4.6673 7.9067 -2.0212 -4.9259
4 272 -3.5801 10.8632 -8.3215 -3.6298 11.6137 -8.3144 -2.0308 11.2287 -8.4184 -2.9719 10.7036 -8.3611
3 272 -8.8857 -4.8797 -.5258 -8.8565 -5.0425 .0505 -9.443 -4.8005 .0495
4 272 1.9823 11.2558 -8.4213 3.6323 11.6519 -8.3141 3.5824 10.8976 -8.3212 2.9224 10.7312 -8.3641
4 272 8.4062 -4.9479 -1.0208 9.013 -4.8616 -.3944 8.9644 -4.998 .0504 8.3222 -5.2629 .0515
3 272 -9.319 -3.0462 -3.5173 -9.2713 -3.2024 -3.4048 -9.46 -3.1485 -3.3767
4 272 -7.7947 12.3523 -6.22 -8.465 12.346 -5.679 -8.4678 12.4001 -5.6787 -8.0417 12.3828 -6.0218
4 272 -6.1461 -4.4964 -3.0198 -5.8507 -4.0238 -3.6416 -5.1246 -4.1647 -3.6334 -5.2114 -4.3092 -3.444
3 272 2.8849 -.1713 -6.9382 2.5153 .0722 -7.1199 2.958 .407 -7.341
4 272 6.623 -4.8089 -2.5474 5.9992 -4.5881 -2.9436 6.0695 -3.9813 -3.6441 6.7438 -3.8505 -3.6518
4 272 -10.0864 -2.4406 -3.6137 -10.1791 -2.1697 -3.781 -9.7034 -1.788 -4.3331 -9.4873 -2.4952 -3.8826
3 272 2.9721 .5925 -7.4366 3.2566 .396 -7.2956 2.958 .407 -7.341
4 272 -4.5483 -2.04 -5.4587 -3.8393 -1.0339 -6.2378 -2.7969 -.8667 -6.4537 -3.6571 -2.0084 -5.5644
4 272 8.5484 -4.6583 -1.9228 9.2567 -4.3894 -1.8465 9.013 -4.8616 -.3944 8.4062 -4.9479 -1.0208
4 272 9.8294 -1.8891 -4.1868 9.7676 -2.3865 -3.8229 9.4962 -2.8799 -3.5717 9.523 -1.6432 -4.5424
4 272 -6.6802 5.887 -8.085 -7.4839 6.2381 -7.2625 -7.5992 6.9956 -6.934 -6.6512 6.6017 -7.8981
3 272 -9.46 -3.1485 -3.3767 -9.2175 -3.3785 -3.2189 -9.1697 -3.535 -3.0395
4 272 -9.414 -4.3297 -1.8296 -9.6597 -4.0971 -1.9843 -9.9292 -3.051 -3.2097 -9.46 -3.1485 -3.3767
3 272 2.958 .407 -7.341 4.3464 -.9887 -6.2224 2.8849 -.1713 -6.9382
4 272 4.6822 -.4317 -6.5556 4.3464 -.9887 -6.2224 2.958 .407 -7.341 3.2566 .396 -7.2956
4 272 5.5277 -1.6447 -5.6294 4.3464 -.9887 -6.2224 4.6822 -.4317 -6.5556 5.6928 -.9723 -6.0623
3 272 9.721 .2272 -5.1781 9.139 .2699 -5.5484 9.1739 .7157 -5.6777
4 272 9.721 .2272 -5.1781 9.1739 .7157 -5.6777 8.5861 1.5085 -6.305 9.1 1.9038 -6.1242
4 272 8.5004 2.2565 -6.6101 8.8784 2.3229 -6.4013 9.1 1.9038 -6.1242 8.5861 1.5085 -6.305
3 272 8.2597 1.2468 -6.4162 8.5004 2.2565 -6.6101 8.4539 1.442 -6.3633
4 272 8.7261 2.3952 -6.5189 8.8784 2.3229 -6.4013 8.5004 2.2565 -6.6101 8.6326 2.3717 -6.5681
3 272 8.4539 1.442 -6.3633 8.5004 2.2565 -6.6101 8.5861 1.5085 -6.305
3 272 11 0 -4 10.4396 .0996 -4.5162 10.6879 .5709 -4.3136
4 272 0 10.24 -8.521 2.9899 10.5799 -8.3589 3.3643 10.4846 -8.3372 3.5482 10.382 -8.326
4 272 2.881 10.6272 -8.3654 0 10.24 -8.521 0 10.78 -8.5263 1.9823 11.2558 -8.4213
3 272 1.9823 11.2558 -8.4213 2.9224 10.7312 -8.3641 2.8629 10.7162 -8.3672
3 272 1.9823 11.2558 -8.4213 2.8629 10.7162 -8.3672 2.881 10.6272 -8.3654
3 272 6.5114 9.7408 -7.3521 6.55 8.9365 -7.4325 6.1774 8.974 -7.5599
4 272 3.5482 10.382 -8.326 3.7832 10.3781 -8.2433 5.6248 9.9097 -7.6462 5.2442 9.0775 -7.8782
3 272 9.1 1.9038 -6.1242 9.7349 1.0424 -5.2067 9.721 .2272 -5.1781
4 272 6.0695 -3.9813 -3.6441 6.1551 -2.6296 -4.7719 6.8325 -3.1465 -4.2325 6.7438 -3.8505 -3.6518
4 272 -9.753 -1.6257 -4.4106 -9.7034 -1.788 -4.3331 -10.1791 -2.1697 -3.781 -10.3815 -1.5779 -4.0502
3 272 3.5482 10.382 -8.326 3.4811 9.303 -8.3817 2.2884 9.5266 -8.4341
4 272 0 10.24 -8.521 3.5482 10.382 -8.326 2.2884 9.5266 -8.4341 .6699 9.85 -8.5043
3 272 -3.6298 11.6137 -8.3144 -3.5801 10.8632 -8.3215 -4.0327 10.982 -8.1639
3 272 -4.7856 11.1618 -7.9016 -5.2021 11.2298 -7.756 -4.4008 11.7908 -8.0457
4 272 -3.6298 11.6137 -8.3144 -4.0327 10.982 -8.1639 -4.7856 11.1618 -7.9016 -4.4008 11.7908 -8.0457
3 272 -3.2215 4.0416 -8.7946 -3.2758 4.9122 -8.8412 -2.5792 4.4943 -8.837
4 272 -5.205 -2.9906 -4.6121 -4.5483 -2.04 -5.4587 -3.6571 -2.0084 -5.5644 -4.5162 -3.1514 -4.5402
3 272 -4.5162 -3.1514 -4.5402 -4.9826 -3.9282 -3.8546 -5.205 -2.9906 -4.6121
4 272 7.6806 .6647 -6.5182 7.6328 .3389 -6.3723 6.9287 .3199 -6.5909 6.9743 .6352 -6.7323
3 272 6.9743 .6352 -6.7323 7.1354 1.0672 -6.8941 7.6806 .6647 -6.5182
4 272 7.5053 1.3895 -6.934 7.813 .7979 -6.5413 7.6806 .6647 -6.5182 7.1354 1.0672 -6.8941
3 272 4.3524 11.8247 -8.0632 5.181 11.2446 -7.7637 4.3667 11.0954 -8.048
4 272 4.3524 11.8247 -8.0632 4.3667 11.0954 -8.048 3.5824 10.8976 -8.3212 3.6323 11.6519 -8.3141
3 272 8.6558 .3053 -5.8559 8.1612 .3416 -6.1707 8.6473 .6037 -5.9619
3 272 8.1612 .3416 -6.1707 8.1527 .4806 -6.2229 8.2772 .6635 -6.2085
4 272 -5.2114 -4.3092 -3.444 -5.8557 -5.4717 -1.9598 -6.5633 -5.298 -1.9985 -6.2373 -4.6724 -2.7924
4 272 0 9.9839 -8.5368 -.2038 10.0246 -8.5219 -.3257 10.0504 -8.5129 0 10.24 -8.521
3 272 3.5482 10.382 -8.326 5.2442 9.0775 -7.8782 5.1847 9.0841 -7.8952
4 272 3.4811 9.303 -8.3817 3.5482 10.382 -8.326 5.1847 9.0841 -7.8952 3.6078 9.2793 -8.3458
3 272 -1.5061 .4468 -7.3994 -2.5156 .4191 -7.3588 -2.1722 .7961 -7.5627
3 272 7.6479 -2.375 -4.7296 7.5955 -3.0804 -4.1581 7.575 -2.9385 -4.2783
4 272 7.575 -2.9385 -4.2783 7.0012 -2.9409 -4.3731 6.8835 -2.3799 -4.8545 7.6479 -2.375 -4.7296
3 272 6.8398 -3.0886 -4.2789 6.8325 -3.1465 -4.2325 6.1551 -2.6296 -4.7719
4 272 6.8398 -3.0886 -4.2789 6.1551 -2.6296 -4.7719 6.8835 -2.3799 -4.8545 7.0012 -2.9409 -4.3731
3 272 6.1586 -2.0027 -5.2871 6.9052 -1.9335 -5.2181 6.8535 -2.1736 -5.0293
4 272 6.1586 -2.0027 -5.2871 6.8535 -2.1736 -5.0293 6.8835 -2.3799 -4.8545 6.1551 -2.6296 -4.7719
3 272 -9.753 -1.6257 -4.4106 -10.3815 -1.5779 -4.0502 -9.9395 -1.0151 -4.5445
4 272 -7.5319 11.61 -6.4296 -7.7947 12.3523 -6.22 -6.6856 12.2152 -7.1145 -7.283 11.5694 -6.6304
4 272 .8302 1.1821 -7.7973 1.387 1.6475 -8.0236 2.3574 1.0073 -7.6671 1.9657 .4342 -7.3809
4 272 0 2.6061 -8.5415 0 1.7289 -8.0936 -.381 1.4941 -7.9659 -.6306 2.2149 -8.3288
4 272 -.6306 2.2149 -8.3288 -.381 1.4941 -7.9659 -.7701 1.1319 -7.7729 -1.3137 1.5862 -7.9938
4 272 0 2.6061 -8.5415 -.6306 2.2149 -8.3288 -1.9586 3.1512 -8.7795 -.779 3.1679 -8.8123
4 272 8.5484 -4.6583 -1.9228 8.6625 -3.9048 -2.8577 9.46 -3.1485 -3.3767 9.2567 -4.3894 -1.8465
4 272 9.9047 -1.2832 -4.4572 9.9417 -.4267 -4.7807 10.0859 -.2743 -4.7552 10.4192 -.7325 -4.3688
3 272 9.9047 -1.2832 -4.4572 9.8632 -1.6173 -4.3474 9.523 -1.6432 -4.5424
3 272 9.523 -1.6432 -4.5424 9.721 .2272 -5.1781 9.752 -.1904 -4.9907
4 272 9.752 -.1904 -4.9907 9.9417 -.4267 -4.7807 9.9047 -1.2832 -4.4572 9.523 -1.6432 -4.5424
3 272 8.465 12.346 -5.679 8.4559 11.7101 -5.6844 7.6047 12.3541 -6.3733
3 272 1.387 1.6475 -8.0236 .8302 1.1821 -7.7973 .8551 1.9985 -8.2137
4 272 0 2.6061 -8.5415 .8551 1.9985 -8.2137 .8302 1.1821 -7.7973 0 1.7289 -8.0936
3 272 8.9798 -.9102 -5.1682 8.5284 -.3011 -5.6882 8.9868 -.2706 -5.4224
3 272 9.1017 -.2075 -5.3782 9.139 .2699 -5.5484 9.721 .2272 -5.1781
4 272 9.3006 -.9035 -4.9763 8.9798 -.9102 -5.1682 8.9868 -.2706 -5.4224 9.1017 -.2075 -5.3782
3 272 9.523 -1.6432 -4.5424 9.249 -1.2735 -4.858 9.3006 -.9035 -4.9763
4 272 8.1655 .2722 -6.1401 8.1612 .3416 -6.1707 8.6558 .3053 -5.8559 8.3258 .1698 -6.0015
3 272 8.6558 .3053 -5.8559 8.5357 .1728 -5.8752 8.3258 .1698 -6.0015
3 272 7.8128 9.5511 -6.3134 7.259 8.865 -6.8622 7.0579 9.6367 -6.9194
3 272 5.5277 -1.6447 -5.6294 5.6928 -.9723 -6.0623 6.1849 -1.2354 -5.8062
3 272 6.3548 -1.2534 -5.7675 6.5775 -.4401 -6.2875 7.0864 -1.0925 -5.7634
4 272 6.3548 -1.2534 -5.7675 6.1586 -2.0027 -5.2871 5.5277 -1.6447 -5.6294 6.1849 -1.2354 -5.8062
4 272 -10.1995 -.4305 -4.6234 -10.5903 -.9677 -4.1705 -11 0 -4 -10.4357 .1002 -4.5198
4 272 -6.6802 5.887 -8.085 -6.6512 6.6017 -7.8981 -5.9232 6.2731 -8.2108 -6.508 5.8118 -8.1583
4 272 5.8981 -5.4614 -1.9621 6.5613 -5.2985 -1.9984 6.5258 -5.5798 -.9398 5.8876 -5.5514 -1.6224
4 272 7.2354 11.6209 -6.6689 6.52 11.4899 -7.2548 6.5434 12.219 -7.2308 6.6675 12.2348 -7.1291
4 272 11 0 -4 10.4192 -.7325 -4.3688 10.0859 -.2743 -4.7552 10.4396 .0996 -4.5162
4 272 -3.2758 4.9122 -8.8412 -3.2215 4.0416 -8.7946 -4.4964 4.7948 -8.5951 -3.9035 5.2688 -8.7421
4 272 8.3802 -.3109 -5.7412 8.5284 -.3011 -5.6882 8.9798 -.9102 -5.1682 7.8369 -.9341 -5.6063
3 272 7.8369 -.9341 -5.6063 7.9394 -.3048 -5.9188 8.3802 -.3109 -5.7412
4 272 -6.9786 -5.7369 .0496 -6.7816 -5.5911 -.6662 -5.9213 -5.5529 -1.5863 -6.3071 -5.9007 .0447
4 272 -4.4008 11.7908 -8.0457 -5.2021 11.2298 -7.756 -6.5186 11.4446 -7.2563 -6.5427 12.1976 -7.2315
4 272 7.8128 9.5511 -6.3134 8.5698 9.4821 -5.6497 8.6844 8.7611 -5.6099 7.9186 8.7985 -6.2843
3 272 7.9186 8.7985 -6.2843 7.259 8.865 -6.8622 7.8128 9.5511 -6.3134
4 272 -2.7026 .2139 -7.2135 -2.1805 -.181 -6.9528 -2.7969 -.8667 -6.4537 -2.9054 -.0088 -7.0514
3 272 -5.2114 -4.3092 -3.444 -6.2373 -4.6724 -2.7924 -6.1461 -4.4964 -3.0198
4 272 5.8876 -5.5514 -1.6224 6.5258 -5.5798 -.9398 6.4436 -5.8674 .0457 5.7319 -6.0409 .0405
3 272 -7.5992 6.9956 -6.934 -8.1302 6.4445 -6.6237 -8.393 7.2257 -6.101
4 272 -8.9033 7.2782 -5.5989 -8.393 7.2257 -6.101 -8.1302 6.4445 -6.6237 -8.9567 6.6148 -5.7806
4 272 4.3524 11.8247 -8.0632 6.5434 12.219 -7.2308 6.52 11.4899 -7.2548 5.181 11.2446 -7.7637
4 272 8.1132 -2.901 -4.1076 7.5955 -3.0804 -4.1581 7.6479 -2.375 -4.7296 7.7009 -2.3746 -4.7093
4 272 7.9067 -2.0212 -4.9259 8.166 -2.2094 -4.6673 7.7009 -2.3746 -4.7093 7.7991 -2.0675 -4.9289
3 272 9.46 -3.1485 -3.3767 8.7341 -3.3558 -3.4847 8.8036 -2.8231 -3.9047
3 272 8.1132 -2.901 -4.1076 7.9348 -3.3381 -3.8101 7.5955 -3.0804 -4.1581
4 272 7.7732 -3.3911 -3.8284 7.6368 -3.3655 -3.9029 7.5955 -3.0804 -4.1581 7.9348 -3.3381 -3.8101
4 272 0 10.78 -8.5263 0 10.24 -8.521 -1.4223 10.2969 -8.4428 -.0836 10.7599 -8.5215
4 272 -2.9719 10.7036 -8.3611 -2.0308 11.2287 -8.4184 -.0836 10.7599 -8.5215 -1.4223 10.2969 -8.4428
3 272 7.6047 12.3541 -6.3733 8.4692 12.4288 -5.6786 8.465 12.346 -5.679
4 272 -8.9659 -4.4998 -1.8779 -8.8857 -4.8797 -.5258 -9.443 -4.8005 .0495 -9.414 -4.3297 -1.8296
4 272 -10.0864 -2.4406 -3.6137 -9.4873 -2.4952 -3.8826 -9.46 -3.1485 -3.3767 -9.9292 -3.051 -3.2097
3 272 -3.8393 -1.0339 -6.2378 -2.9054 -.0088 -7.0514 -2.7969 -.8667 -6.4537
3 272 9.4962 -2.8799 -3.5717 9.46 -3.1485 -3.3767 9.523 -1.6432 -4.5424
4 272 -5.1246 -4.1647 -3.6334 -5.8507 -4.0238 -3.6416 -5.205 -2.9906 -4.6121 -4.9826 -3.9282 -3.8546
3 272 7.0864 -1.0925 -5.7634 6.5775 -.4401 -6.2875 7.1173 -.9491 -5.8321
4 272 7.5392 -.2992 -6.0521 7.1173 -.9491 -5.8321 6.5775 -.4401 -6.2875 6.8582 -.2082 -6.3236
4 272 6.9287 .3199 -6.5909 7.6328 .3389 -6.3723 7.5392 -.2992 -6.0521 6.8582 -.2082 -6.3236
4 272 7.9394 -.3048 -5.9188 7.8369 -.9341 -5.6063 7.1173 -.9491 -5.8321 7.5392 -.2992 -6.0521
3 272 -7.4839 6.2381 -7.2625 -8.1302 6.4445 -6.6237 -7.5992 6.9956 -6.934
3 308 -.3632 15.6944 -8.5699 -.2395 15.9203 -8.578 0 16.0123 -8.5958
3 308 0 14.9652 -8.6019 -.1427 14.9691 -8.591 -.3298 15.1565 -8.5756
4 308 0 16.0123 -8.5958 0 14.9652 -8.6019 -.3298 15.1565 -8.5756 -.3632 15.6944 -8.5699
3 308 0 14.9652 -8.6019 0 16.0123 -8.5958 .3379 15.4213 -8.5734
4 308 .2175 15.9039 -8.5798 .2927 15.7675 -8.5749 .3379 15.4213 -8.5734 0 16.0123 -8.5958
4 308 .1204 14.962 -8.5927 0 14.9652 -8.6019 .3379 15.4213 -8.5734 .2807 15.1638 -8.5793
3 322 -.1706 5.2646 -8.9193 0 5.2411 -8.9213 0 3.179 -8.834
3 322 -3.4157 8.2514 -8.436 -3.7505 7.9873 -8.4059 -3.7747 8.2275 -8.3327
3 322 -3.5482 10.382 -8.326 -3.5801 10.8632 -8.3215 -2.9719 10.7036 -8.3611
3 322 -3.5482 10.382 -8.326 -2.9719 10.7036 -8.3611 -1.4223 10.2969 -8.4428
3 322 -3.4157 8.2514 -8.436 -1.3521 9.3093 -8.4962 -1.1718 7.9641 -8.5904
3 322 -8.436 10.323 -5.696 -8.2047 10.5731 -5.8835 -8.17 10.3244 -5.9135
3 322 -6.483 10.333 -7.293 -6.5186 11.4446 -7.2563 -5.2021 11.2298 -7.756
3 322 -3.5482 10.382 -8.326 -3.7064 10.2603 -8.2842 -3.7552 10.3785 -8.2531
3 322 -6.593 8.04 -7.522 -5.744 8.693 -7.7462 -5.6877 8.1002 -7.7824
4 322 -6.593 8.04 -7.522 -6.8483 8.5613 -7.2405 -7.0517 10.157 -6.8521 -6.483 10.333 -7.293
4 322 2.025 4.7318 -8.865 2.3285 4.336 -8.835 3.165 3.134 -8.746 1.1004 3.1634 -8.8034
3 322 3.165 3.134 -8.746 3.3656 3.1321 -8.7067 3.5971 2.7019 -8.4617
4 322 3.2566 .396 -7.2956 2.9721 .5925 -7.4366 3.9504 2.0453 -8.0699 4.3212 1.6759 -7.8267
3 322 9.756 2.2751 -5.2499 9.2735 2.9003 -5.912 9.2699 3.1606 -5.9019
4 322 8.3905 3.4157 -6.9616 8.5942 3.374 -6.788 8.7188 3.2631 -6.6938 8.684 3.027 -6.758
3 322 6.9743 .6352 -6.7323 6.9287 .3199 -6.5909 6.7139 .5914 -6.795
4 322 8.684 3.027 -6.758 8.5004 2.2565 -6.6101 7.5053 1.3895 -6.934 6.615 3.101 -8.07
4 322 6.6286 3.5741 -8.0833 7.3546 3.6754 -7.6288 7.6987 3.3851 -7.3977 6.615 3.101 -8.07
3 322 -2.8867 8.0095 -8.5031 -3.0723 7.8072 -8.5302 -3.4157 8.2514 -8.436
4 322 8.2345 5.5536 -6.7958 8.9741 5.4984 -6.1515 9.0099 5.2407 -6.1566 8.31 5.3277 -6.7612
3 322 6.9914 5.6464 -7.8786 7.0406 5.2034 -7.8981 6.689 5.669 -8.142
3 322 .6699 9.85 -8.5043 2.5 9.115 -8.4428 2.9291 8.5347 -8.4481
4 322 -4.0327 10.982 -8.1639 -3.5801 10.8632 -8.3215 -3.5482 10.382 -8.326 -3.7552 10.3785 -8.2531
3 322 -3.5113 9.7879 -8.3567 -3.7064 10.2603 -8.2842 -3.5482 10.382 -8.326
3 322 6.2532 4.4325 -8.1955 6.689 5.669 -8.142 6.6286 3.5741 -8.0833
4 322 -.5438 5.8295 -8.9369 -2.3611 6.3348 -8.8229 -2.1558 6.4634 -8.8097 -.6622 6.0682 -8.9005
3 322 8.7261 2.3952 -6.5189 8.6326 2.3717 -6.5681 8.684 3.027 -6.758
4 322 3.6078 9.2793 -8.3458 5.1847 9.0841 -7.8952 5.3896 8.5115 -7.855 4.2542 8.1956 -8.1948
4 322 -3.86 7.1258 -8.528 -3.4157 8.2514 -8.436 -3.3267 5.7299 -8.885 -3.795 6.6636 -8.6212
3 322 -8.17 10.3244 -5.9135 -8.1142 9.9243 -6.0149 -8.436 10.323 -5.696
3 322 1.7334 2.7551 -8.5819 1.4636 3.1059 -8.7666 3.165 3.134 -8.746
4 322 0 3.179 -8.834 .7852 2.9376 -8.6946 .7131 2.6278 -8.5379 0 2.6061 -8.5415
4 322 -7.4017 11.4412 -6.5342 -7.283 11.5694 -6.6304 -6.5186 11.4446 -7.2563 -7.0988 10.3298 -6.7895
4 322 6.6772 8.1443 -7.4386 6.582 8.2702 -7.499 6.55 8.9365 -7.4325 7.259 8.865 -6.8622
3 322 5.0889 .3286 -7.0171 4.8609 -.035 -6.8007 3.2566 .396 -7.2956
4 322 -5.568 7.6185 -7.951 -5.2452 6.8081 -8.2717 -5.9232 6.2731 -8.2108 -6.6512 6.6017 -7.8981
4 322 6.689 5.669 -8.142 4.6169 7.3037 -8.3281 6.0072 7.5701 -7.8299 6.6444 6.7695 -7.8542
4 322 8.3679 7.992 -5.9557 6.8184 7.9862 -7.3272 7.259 8.865 -6.8622 8.0741 8.4236 -6.1787
3 322 -5.5643 9.8099 -7.6793 -5.737 9.4936 -7.6551 -6.483 10.333 -7.293
3 322 -7.5992 6.9956 -6.934 -6.593 8.04 -7.522 -6.6512 6.6017 -7.8981
3 322 0 3.179 -8.834 -.779 3.1679 -8.8123 -2.5792 4.4943 -8.837
4 322 0 3.179 -8.834 -2.5792 4.4943 -8.837 -3.2758 4.9122 -8.8412 -3.3267 5.7299 -8.885
3 322 -3.3267 5.7299 -8.885 -.5438 5.8295 -8.9369 -.4451 5.6308 -8.9301
4 322 0 3.179 -8.834 -3.3267 5.7299 -8.885 -.4451 5.6308 -8.9301 -.1706 5.2646 -8.9193
4 322 -3.3292 8.9902 -8.4049 -1.3335 9.4636 -8.4878 -3.4157 8.2514 -8.436 -3.4444 8.7134 -8.4121
3 322 -1.4223 10.2969 -8.4428 -1.1387 10.2225 -8.4615 -1.2987 9.7532 -8.4757
4 322 -3.3292 8.9902 -8.4049 -3.5113 9.7879 -8.3567 -1.2987 9.7532 -8.4757 -1.3335 9.4636 -8.4878
4 322 -3.5482 10.382 -8.326 -1.4223 10.2969 -8.4428 -1.2987 9.7532 -8.4757 -3.5113 9.7879 -8.3567
3 322 -3.4157 8.2514 -8.436 -1.3335 9.4636 -8.4878 -1.3521 9.3093 -8.4962
4 322 -4.7856 11.1618 -7.9016 -4.6568 10.3635 -7.9358 -6.483 10.333 -7.293 -5.2021 11.2298 -7.756
4 322 -8.2047 10.5731 -5.8835 -8.436 10.323 -5.696 -8.4555 11.6826 -5.6846 -8.2575 10.9521 -5.842
3 322 -6.593 8.04 -7.522 -6.8715 8.385 -7.246 -6.8483 8.5613 -7.2405
3 322 -7.0517 10.157 -6.8521 -7.0988 10.3298 -6.7895 -6.483 10.333 -7.293
3 322 -6.593 8.04 -7.522 -8.4815 7.5895 -5.8896 -6.9197 8.0194 -7.2347
3 322 -6.9197 8.0194 -7.2347 -8.4815 7.5895 -5.8896 -7.0541 8.0694 -7.1115
4 322 -7.9509 9.2211 -6.2195 -7.8243 8.9932 -6.351 -8.4815 7.5895 -5.8896 -8.7731 8.203 -5.5792
4 322 -8.1142 9.9243 -6.0149 -8.0803 9.6817 -6.0656 -8.7731 8.203 -5.5792 -8.436 10.323 -5.696
3 322 -7.9509 9.2211 -6.2195 -8.7731 8.203 -5.5792 -8.0803 9.6817 -6.0656
3 322 -6.9197 8.0194 -7.2347 -6.8715 8.385 -7.246 -6.593 8.04 -7.522
4 322 -7.0541 8.0694 -7.1115 -8.4815 7.5895 -5.8896 -7.8243 8.9932 -6.351 -7.385 8.5766 -6.7754
3 322 1.1004 3.1634 -8.8034 0 3.179 -8.834 2.025 4.7318 -8.865
3 322 2.3285 4.336 -8.835 3.1828 3.4205 -8.7613 3.165 3.134 -8.746
4 322 3.165 3.134 -8.746 3.5971 2.7019 -8.4617 3.9504 2.0453 -8.0699 2.9721 .5925 -7.4366
3 322 5.0889 .3286 -7.0171 3.2566 .396 -7.2956 4.3212 1.6759 -7.8267
4 322 4.568 1.731 -7.8228 5.5451 .7539 -7.18 5.3214 .5974 -7.1274 4.5096 1.6786 -7.8031
4 322 4.3212 1.6759 -7.8267 4.5096 1.6786 -7.8031 5.3214 .5974 -7.1274 5.0889 .3286 -7.0171
4 322 2.025 4.7318 -8.865 0 3.179 -8.834 0 5.2411 -8.9213 .128 5.2235 -8.9183
4 322 2.025 4.7318 -8.865 .128 5.2235 -8.9183 .3475 5.7188 -8.9355 1.2011 5.806 -8.9246
3 322 .3475 5.7188 -8.9355 .4496 5.8329 -8.9386 1.2011 5.806 -8.9246
4 322 5.4043 5.6923 -8.4259 4.8128 6.7408 -8.38 4.6169 7.3037 -8.3281 6.689 5.669 -8.142
4 322 9.7349 1.0424 -5.2067 9.1 1.9038 -6.1242 8.684 3.027 -6.758 9.756 2.2751 -5.2499
4 322 8.962 3.0467 -6.3543 9.2735 2.9003 -5.912 9.756 2.2751 -5.2499 8.684 3.027 -6.758
3 322 8.684 3.027 -6.758 8.7188 3.2631 -6.6938 8.962 3.0467 -6.3543
3 322 9.0099 5.2407 -6.1566 9.2238 4.6905 -5.879 8.8694 4.2868 -6.4157
4 322 8.8694 4.2868 -6.4157 9.2238 4.6905 -5.879 9.756 2.2751 -5.2499 9.2699 3.1606 -5.9019
4 322 6.4102 .8369 -7.0149 6.1319 .8826 -7.1276 6.615 3.101 -8.07 7.1354 1.0672 -6.8941
3 322 6.615 3.101 -8.07 7.5053 1.3895 -6.934 7.1354 1.0672 -6.8941
4 322 6.9743 .6352 -6.7323 6.7139 .5914 -6.795 6.4102 .8369 -7.0149 7.1354 1.0672 -6.8941
3 322 8.684 3.027 -6.758 6.615 3.101 -8.07 7.6987 3.3851 -7.3977
4 322 8.3905 3.4157 -6.9616 8.684 3.027 -6.758 7.6987 3.3851 -7.3977 8.1818 3.4585 -7.0956
4 322 6.689 5.669 -8.142 7.0406 5.2034 -7.8981 7.1428 4.2829 -7.7909 6.6286 3.5741 -8.0833
3 322 6.6286 3.5741 -8.0833 7.1428 4.2829 -7.7909 7.3546 3.6754 -7.6288
3 322 -3.4157 8.2514 -8.436 -1.1718 7.9641 -8.5904 -2.7762 8.0249 -8.5055
4 322 -2.6589 7.9641 -8.5217 -1.1718 7.9641 -8.5904 -1.1135 7.5288 -8.6699 -2.3215 7.499 -8.6193
3 322 -2.7762 8.0249 -8.5055 -1.1718 7.9641 -8.5904 -2.6589 7.9641 -8.5217
4 322 -2.3215 7.499 -8.6193 -1.1135 7.5288 -8.6699 -1.0068 7.1833 -8.7358 -2.0967 6.8249 -8.7486
3 322 -1.0068 7.1833 -8.7358 -2.1558 6.4634 -8.8097 -2.0967 6.8249 -8.7486
3 322 -2.5953 6.3079 -8.8168 -2.3611 6.3348 -8.8229 -3.3267 5.7299 -8.885
3 322 -2.7714 6.3407 -8.8029 -2.5953 6.3079 -8.8168 -3.3267 5.7299 -8.885
3 322 -2.8808 6.4408 -8.7802 -2.7714 6.3407 -8.8029 -3.3267 5.7299 -8.885
3 322 -3.1954 7.1171 -8.6463 -2.8808 6.4408 -8.7802 -3.3267 5.7299 -8.885
4 322 -3.3267 5.7299 -8.885 -3.4157 8.2514 -8.436 -3.1853 7.4716 -8.5842 -3.1954 7.1171 -8.6463
3 322 -3.4157 8.2514 -8.436 -2.7762 8.0249 -8.5055 -2.8867 8.0095 -8.5031
3 322 -3.0723 7.8072 -8.5302 -3.1853 7.4716 -8.5842 -3.4157 8.2514 -8.436
3 322 7.7483 6.8409 -6.8469 8.9627 5.5805 -6.1373 7.8911 6.5806 -6.7968
4 322 7.8911 6.5806 -6.7968 8.9627 5.5805 -6.1373 8.9741 5.4984 -6.1515 8.2345 5.5536 -6.7958
4 322 6.6444 6.7695 -7.8542 6.8287 6.3998 -7.7997 6.9914 5.6464 -7.8786 6.689 5.669 -8.142
4 322 2.6787 7.5634 -8.5914 1.8925 7.5056 -8.638 1.3064 7.9813 -8.5811 3.062 8.2061 -8.4603
4 322 3.1134 7.9427 -8.5044 3.0458 7.8083 -8.5313 2.6787 7.5634 -8.5914 3.062 8.2061 -8.4603
4 322 2.106 7.4258 -8.6422 1.8925 7.5056 -8.638 2.6787 7.5634 -8.5914 2.3923 7.4464 -8.6253
3 322 8.8694 4.2868 -6.4157 8.31 5.3277 -6.7612 9.0099 5.2407 -6.1566
3 322 .6699 9.85 -8.5043 2.2884 9.5266 -8.4341 2.5 9.115 -8.4428
3 322 -3.7747 8.2275 -8.3327 -3.4444 8.7134 -8.4121 -3.4157 8.2514 -8.436
3 322 6.2532 4.4325 -8.1955 5.4043 5.6923 -8.4259 6.689 5.669 -8.142
3 322 -2.1558 6.4634 -8.8097 -1.0068 7.1833 -8.7358 -.6622 6.0682 -8.9005
3 322 -.5438 5.8295 -8.9369 -3.3267 5.7299 -8.885 -2.3611 6.3348 -8.8229
3 322 8.684 3.027 -6.758 9.1 1.9038 -6.1242 8.8784 2.3229 -6.4013
3 322 8.684 3.027 -6.758 8.8784 2.3229 -6.4013 8.7261 2.3952 -6.5189
3 322 8.6326 2.3717 -6.5681 8.5004 2.2565 -6.6101 8.684 3.027 -6.758
4 322 0 9.0988 -8.5916 -.1814 9.6599 -8.5458 -.2038 10.0246 -8.5219 0 9.9839 -8.5368
3 322 5.6581 8.1022 -7.7909 4.2542 8.1956 -8.1948 5.3896 8.5115 -7.855
4 322 1.1382 5.888 -8.9146 1.2011 5.806 -8.9246 .4496 5.8329 -8.9386 .8226 5.9874 -8.9081
3 322 .4496 5.8329 -8.9386 .5276 5.9201 -8.9245 .8226 5.9874 -8.9081
3 322 -3.86 7.1258 -8.528 -3.7505 7.9873 -8.4059 -3.4157 8.2514 -8.436
4 322 -5.2452 6.8081 -8.2717 -4.9634 6.3449 -8.4136 -4.6765 5.7055 -8.5867 -5.9232 6.2731 -8.2108
3 322 2.9291 8.5347 -8.4481 3.0225 8.4083 -8.4502 3.062 8.2061 -8.4603
4 322 1.2622 8.0172 -8.5816 2.9291 8.5347 -8.4481 3.062 8.2061 -8.4603 1.3064 7.9813 -8.5811
4 322 2.9291 8.5347 -8.4481 1.2622 8.0172 -8.5816 .403 8.4639 -8.6063 .6699 9.85 -8.5043
4 322 0 9.9839 -8.5368 .6699 9.85 -8.5043 .403 8.4639 -8.6063 0 9.0988 -8.5916
3 322 -7.4017 11.4412 -6.5342 -7.5319 11.61 -6.4296 -7.283 11.5694 -6.6304
4 322 2.9721 .5925 -7.4366 2.3574 1.0073 -7.6671 1.9583 2.1252 -8.2557 3.165 3.134 -8.746
3 322 0 2.6061 -8.5415 -.779 3.1679 -8.8123 0 3.179 -8.834
3 322 3.165 3.134 -8.746 1.9583 2.1252 -8.2557 1.7334 2.7551 -8.5819
3 322 1.4636 3.1059 -8.7666 1.1004 3.1634 -8.8034 3.165 3.134 -8.746
3 322 0 3.179 -8.834 1.1004 3.1634 -8.8034 .7852 2.9376 -8.6946
3 322 .7131 2.6278 -8.5379 .8551 1.9985 -8.2137 0 2.6061 -8.5415
3 322 -6.483 10.333 -7.293 -7.0988 10.3298 -6.7895 -6.5186 11.4446 -7.2563
3 322 4.8609 -.035 -6.8007 4.6822 -.4317 -6.5556 3.2566 .396 -7.2956
4 322 -5.6877 8.1002 -7.7824 -5.568 7.6185 -7.951 -6.6512 6.6017 -7.8981 -6.593 8.04 -7.522
4 322 4.2542 8.1956 -8.1948 5.6581 8.1022 -7.7909 6.0072 7.5701 -7.8299 4.6169 7.3037 -8.3281
4 322 5.6412 .8211 -7.1929 5.5451 .7539 -7.18 4.568 1.731 -7.8228 4.6555 1.8093 -7.8426
3 322 4.7493 2.4652 -8.1306 4.6143 3.1201 -8.462 5.7832 3.109 -8.233
4 322 6.233 2.9532 -8.0742 4.6555 1.8093 -7.8426 4.7493 2.4652 -8.1306 5.7832 3.109 -8.233
3 322 5.6412 .8211 -7.1929 4.6555 1.8093 -7.8426 6.1319 .8826 -7.1276
4 322 4.6555 1.8093 -7.8426 6.233 2.9532 -8.0742 6.615 3.101 -8.07 6.1319 .8826 -7.1276
3 322 8.772 7.5202 -5.6385 6.8184 7.9862 -7.3272 8.3679 7.992 -5.9557
3 322 6.8184 7.9862 -7.3272 6.6772 8.1443 -7.4386 7.259 8.865 -6.8622
3 322 7.259 8.865 -6.8622 7.9186 8.7985 -6.2843 8.0741 8.4236 -6.1787
3 322 9.756 2.2751 -5.2499 9.8334 2.1336 -5.1722 9.7847 2.0524 -5.2125
4 322 9.756 2.2751 -5.2499 9.7847 2.0524 -5.2125 9.8356 1.3504 -5.1304 9.7349 1.0424 -5.2067
3 322 3.1828 3.4205 -8.7613 3.3656 3.1321 -8.7067 3.165 3.134 -8.746
3 322 5.7832 3.109 -8.233 4.6143 3.1201 -8.462 4.6033 3.1739 -8.4677
4 322 5.7832 3.109 -8.233 4.6033 3.1739 -8.4677 4.1541 4.281 -8.6282 4.2507 4.4204 -8.6185
3 322 4.1541 4.281 -8.6282 4.1623 4.4336 -8.6366 4.2507 4.4204 -8.6185
4 322 -6.593 8.04 -7.522 -7.5992 6.9956 -6.934 -8.393 7.2257 -6.101 -8.4815 7.5895 -5.8896
4 322 8.772 7.5202 -5.6385 8.8946 7.3859 -5.5694 9.019 5.8409 -5.9927 7.7483 6.8409 -6.8469
3 322 9.019 5.8409 -5.9927 8.9627 5.5805 -6.1373 7.7483 6.8409 -6.8469
3 322 7.5997 7.1117 -6.8929 6.8184 7.9862 -7.3272 8.772 7.5202 -5.6385
3 322 7.7483 6.8409 -6.8469 7.5997 7.1117 -6.8929 8.772 7.5202 -5.6385
3 322 -4.5126 9.8088 -8.0516 -4.5399 9.6192 -8.0641 -4.8122 9.4758 -7.9845
4 322 -4.6568 10.3635 -7.9358 -4.5126 9.8088 -8.0516 -4.8122 9.4758 -7.9845 -5.2588 9.7843 -7.7904
3 322 -5.744 8.693 -7.7462 -6.593 8.04 -7.522 -5.785 9.1265 -7.681
4 322 -5.737 9.4936 -7.6551 -5.785 9.1265 -7.681 -6.593 8.04 -7.522 -6.483 10.333 -7.293
4 322 -6.483 10.333 -7.293 -4.6568 10.3635 -7.9358 -5.2588 9.7843 -7.7904 -5.5643 9.8099 -7.6793
4 322 6.582 8.2702 -7.499 6.3027 8.6925 -7.5485 6.1774 8.974 -7.5599 6.55 8.9365 -7.4325
3 353 -3.165 3.134 -8.746 -6.004 .295 -6.878 -6.615 3.101 -8.07
3 353 -3.165 3.134 -8.746 -2.958 .407 -7.341 -6.004 .295 -6.878
3 353 -6.689 5.669 -8.142 -6.508 5.8118 -8.1583 -6.2013 5.6778 -8.2498
3 353 -2.958 .407 -7.341 -5.423 -2.071 -5.355 -6.004 .295 -6.878
4 12 -8.8565 -5.0425 .0505 -8.8857 -4.8797 -.5258 -7.414 -5.089 -2.045 -7.454 -5.621 .053
3 353 -7.414 -5.089 -2.045 -8.8857 -4.8797 -.5258 -8.9659 -4.4998 -1.8779
4 353 -9.2713 -3.2024 -3.4048 -7.55 -3.694 -3.661 -7.414 -5.089 -2.045 -9.2175 -3.3785 -3.2189
3 353 -8.684 3.027 -6.758 -9.721 .2272 -5.1781 -9.756 2.2751 -5.2499
3 353 -9.721 .2272 -5.1781 -8.684 3.027 -6.758 -8.046 .35 -6.244
3 353 -9.523 -1.6432 -4.5424 -8.046 .35 -6.244 -7.686 -1.861 -5.146
3 353 -9.756 2.2751 -5.2499 -9.047 5.493 -6.088 -8.684 3.027 -6.758
3 353 -8.684 3.027 -6.758 -9.047 5.493 -6.088 -6.689 5.669 -8.142
3 353 -7.414 -5.089 -2.045 -6.2373 -4.6724 -2.7924 -6.5633 -5.298 -1.9985
3 12 -7.414 -5.089 -2.045 -6.7816 -5.5911 -.6662 -7.454 -5.621 .053
3 12 -7.454 -5.621 .053 -6.7816 -5.5911 -.6662 -6.9786 -5.7369 .0496
3 353 -6.004 .295 -6.878 -7.686 -1.861 -5.146 -8.046 .35 -6.244
3 353 -6.615 3.101 -8.07 -6.004 .295 -6.878 -8.046 .35 -6.244
3 353 -6.615 3.101 -8.07 -8.046 .35 -6.244 -8.684 3.027 -6.758
3 353 -8.684 3.027 -6.758 -6.689 5.669 -8.142 -6.615 3.101 -8.07
3 353 -7.55 -3.694 -3.661 -7.686 -1.861 -5.146 -5.423 -2.071 -5.355
3 353 -6.004 .295 -6.878 -5.423 -2.071 -5.355 -7.686 -1.861 -5.146
3 353 -9.523 -1.6432 -4.5424 -9.7034 -1.788 -4.3331 -9.753 -1.6257 -4.4106
3 353 -9.721 .2272 -5.1781 -10.1995 -.4305 -4.6234 -10.4357 .1002 -4.5198
4 353 6.7438 -3.8505 -3.6518 7.55 -3.694 -3.661 7.414 -5.089 -2.045 6.623 -4.8089 -2.5474
3 353 7.55 -3.694 -3.661 6.7438 -3.8505 -3.6518 6.8325 -3.1465 -4.2325
4 353 8.3222 -5.2629 .0515 7.454 -5.621 .053 7.414 -5.089 -2.045 8.4062 -4.9479 -1.0208
3 353 7.414 -5.089 -2.045 8.5484 -4.6583 -1.9228 8.4062 -4.9479 -1.0208
4 353 8.7341 -3.3558 -3.4847 8.6625 -3.9048 -2.8577 7.414 -5.089 -2.045 7.55 -3.694 -3.661
4 353 8.9868 -.2706 -5.4224 8.5284 -.3011 -5.6882 8.3258 .1698 -6.0015 8.5357 .1728 -5.8752
3 353 7.414 -5.089 -2.045 6.5613 -5.2985 -1.9984 6.623 -4.8089 -2.5474
4 353 6.5613 -5.2985 -1.9984 7.414 -5.089 -2.045 7.454 -5.621 .053 6.5258 -5.5798 -.9398
3 353 7.454 -5.621 .053 6.4436 -5.8674 .0457 6.5258 -5.5798 -.9398
3 353 9.047 5.493 -6.088 8.9627 5.5805 -6.1373 9.019 5.8409 -5.9927
3 353 9.047 5.493 -6.088 8.9741 5.4984 -6.1515 8.9627 5.5805 -6.1373
3 353 6.483 10.333 -7.293 5.181 11.2446 -7.7637 6.52 11.4899 -7.2548
3 353 8.436 10.323 -5.696 7.2354 11.6209 -6.6689 8.4559 11.7101 -5.6844
4 353 6.593 8.04 -7.522 5.3896 8.5115 -7.855 5.1847 9.0841 -7.8952 5.2442 9.0775 -7.8782
3 353 6.593 8.04 -7.522 6.6772 8.1443 -7.4386 6.8184 7.9862 -7.3272
4 353 -3.1954 7.1171 -8.6463 -2.0967 6.8249 -8.7486 -2.5953 6.3079 -8.8168 -2.8808 6.4408 -8.7802
3 353 -3.3267 5.7299 -8.885 -3.9035 5.2688 -8.7421 -4.6765 5.7055 -8.5867
3 353 9.0099 5.2407 -6.1566 8.9741 5.4984 -6.1515 9.047 5.493 -6.088
4 353 -4.7856 11.1618 -7.9016 -4.0327 10.982 -8.1639 -3.7552 10.3785 -8.2531 -4.6568 10.3635 -7.9358
3 353 -3.2215 4.0416 -8.7946 -1.9586 3.1512 -8.7795 -3.165 3.134 -8.746
3 353 -5.205 -2.9906 -4.6121 -5.423 -2.071 -5.355 -4.5483 -2.04 -5.4587
4 353 7.813 .7979 -6.5413 8.046 .35 -6.244 7.6328 .3389 -6.3723 7.6806 .6647 -6.5182
4 353 -2.5156 .4191 -7.3588 -2.958 .407 -7.341 -3.165 3.134 -8.746 -2.1722 .7961 -7.5627
3 353 -9.1697 -3.535 -3.0395 -7.414 -5.089 -2.045 -8.9659 -4.4998 -1.8779
4 353 7.6479 -2.375 -4.7296 6.8535 -2.1736 -5.0293 6.9052 -1.9335 -5.2181 7.686 -1.861 -5.146
4 353 -8.046 .35 -6.244 -9.523 -1.6432 -4.5424 -9.9395 -1.0151 -4.5445 -9.721 .2272 -5.1781
4 353 -2.1722 .7961 -7.5627 -3.165 3.134 -8.746 -1.9586 3.1512 -8.7795 -1.3137 1.5862 -7.9938
3 353 8.5484 -4.6583 -1.9228 7.414 -5.089 -2.045 8.6625 -3.9048 -2.8577
3 353 8.9798 -.9102 -5.1682 9.3006 -.9035 -4.9763 9.249 -1.2735 -4.858
3 353 6.9052 -1.9335 -5.2181 7.0864 -1.0925 -5.7634 7.686 -1.861 -5.146
4 353 -3.7747 8.2275 -8.3327 -3.7505 7.9873 -8.4059 -5.2452 6.8081 -8.2717 -5.568 7.6185 -7.951
3 353 -6.6802 5.887 -8.085 -6.508 5.8118 -8.1583 -6.689 5.669 -8.142
4 353 5.6581 8.1022 -7.7909 6.593 8.04 -7.522 6.6444 6.7695 -7.8542 6.0072 7.5701 -7.8299
4 353 7.3546 3.6754 -7.6288 7.1428 4.2829 -7.7909 7.0406 5.2034 -7.8981 8.1818 3.4585 -7.0956
4 353 2.9224 10.7312 -8.3641 3.5824 10.8976 -8.3212 3.5518 10.4369 -8.3255 3.3643 10.4846 -8.3372
3 353 8.5698 9.4821 -5.6497 7.8128 9.5511 -6.3134 8.436 10.323 -5.696
3 353 -2.7026 .2139 -7.2135 -2.9054 -.0088 -7.0514 -2.958 .407 -7.341
3 353 -9.4873 -2.4952 -3.8826 -9.7034 -1.788 -4.3331 -9.523 -1.6432 -4.5424
3 353 9.0099 5.2407 -6.1566 9.047 5.493 -6.088 9.2238 4.6905 -5.879
4 353 2.9899 10.5799 -8.3589 2.881 10.6272 -8.3654 2.8629 10.7162 -8.3672 2.9224 10.7312 -8.3641
3 353 -4.8122 9.4758 -7.9845 -4.5399 9.6192 -8.0641 -5.744 8.693 -7.7462
4 353 7.5392 -.2992 -6.0521 7.6328 .3389 -6.3723 8.046 .35 -6.244 7.9394 -.3048 -5.9188
4 353 3.7832 10.3781 -8.2433 6.483 10.333 -7.293 6.5114 9.7408 -7.3521 5.6248 9.9097 -7.6462
4 353 -4.5483 -2.04 -5.4587 -5.423 -2.071 -5.355 -2.958 .407 -7.341 -3.8393 -1.0339 -6.2378
3 353 -2.958 .407 -7.341 -2.9054 -.0088 -7.0514 -3.8393 -1.0339 -6.2378
4 353 -6.1461 -4.4964 -3.0198 -6.2373 -4.6724 -2.7924 -7.414 -5.089 -2.045 -7.55 -3.694 -3.661
3 353 -7.55 -3.694 -3.661 -5.8507 -4.0238 -3.6416 -6.1461 -4.4964 -3.0198
4 353 -5.8507 -4.0238 -3.6416 -7.55 -3.694 -3.661 -5.423 -2.071 -5.355 -5.205 -2.9906 -4.6121
4 353 -9.523 -1.6432 -4.5424 -7.686 -1.861 -5.146 -9.319 -3.0462 -3.5173 -9.4873 -2.4952 -3.8826
4 353 -7.686 -1.861 -5.146 -7.55 -3.694 -3.661 -9.2713 -3.2024 -3.4048 -9.319 -3.0462 -3.5173
3 353 -7.414 -5.089 -2.045 -6.5633 -5.298 -1.9985 -6.7816 -5.5911 -.6662
3 353 -9.047 5.493 -6.088 -8.9567 6.6148 -5.7806 -8.1302 6.4445 -6.6237
4 353 -6.6802 5.887 -8.085 -6.689 5.669 -8.142 -9.047 5.493 -6.088 -7.4839 6.2381 -7.2625
3 353 -9.047 5.493 -6.088 -8.1302 6.4445 -6.6237 -7.4839 6.2381 -7.2625
3 353 7.995 -1.9832 -4.9186 7.9067 -2.0212 -4.9259 7.686 -1.861 -5.146
3 353 7.686 -1.861 -5.146 7.9067 -2.0212 -4.9259 7.7991 -2.0675 -4.9289
4 353 7.686 -1.861 -5.146 7.7991 -2.0675 -4.9289 7.7009 -2.3746 -4.7093 7.6479 -2.375 -4.7296
3 353 8.046 .35 -6.244 8.1612 .3416 -6.1707 8.1655 .2722 -6.1401
3 353 8.5284 -.3011 -5.6882 8.046 .35 -6.244 8.1655 .2722 -6.1401
3 353 9.1017 -.2075 -5.3782 8.9868 -.2706 -5.4224 9.139 .2699 -5.5484
4 353 9.139 .2699 -5.5484 8.9868 -.2706 -5.4224 8.5357 .1728 -5.8752 8.6558 .3053 -5.8559
3 353 8.5284 -.3011 -5.6882 8.1655 .2722 -6.1401 8.3258 .1698 -6.0015
3 353 7.5955 -3.0804 -4.1581 7.55 -3.694 -3.661 6.8325 -3.1465 -4.2325
3 353 6.8325 -3.1465 -4.2325 6.8398 -3.0886 -4.2789 7.0012 -2.9409 -4.3731
4 353 6.8325 -3.1465 -4.2325 7.0012 -2.9409 -4.3731 7.575 -2.9385 -4.2783 7.5955 -3.0804 -4.1581
4 353 8.436 10.323 -5.696 6.483 10.333 -7.293 6.52 11.4899 -7.2548 7.2354 11.6209 -6.6689
4 353 4.3667 11.0954 -8.048 5.181 11.2446 -7.7637 6.483 10.333 -7.293 3.7832 10.3781 -8.2433
4 353 3.5518 10.4369 -8.3255 3.5824 10.8976 -8.3212 4.3667 11.0954 -8.048 3.7832 10.3781 -8.2433
3 353 6.593 8.04 -7.522 5.6581 8.1022 -7.7909 5.3896 8.5115 -7.855
3 353 6.593 8.04 -7.522 6.582 8.2702 -7.499 6.6772 8.1443 -7.4386
4 353 -2.5953 6.3079 -8.8168 -2.0967 6.8249 -8.7486 -2.1558 6.4634 -8.8097 -2.3611 6.3348 -8.8229
3 353 -2.5953 6.3079 -8.8168 -2.7714 6.3407 -8.8029 -2.8808 6.4408 -8.7802
4 353 -3.0723 7.8072 -8.5302 -2.3215 7.499 -8.6193 -3.1954 7.1171 -8.6463 -3.1853 7.4716 -8.5842
3 353 -2.0967 6.8249 -8.7486 -3.1954 7.1171 -8.6463 -2.3215 7.499 -8.6193
3 353 -2.8867 8.0095 -8.5031 -2.7762 8.0249 -8.5055 -2.6589 7.9641 -8.5217
4 353 -2.8867 8.0095 -8.5031 -2.6589 7.9641 -8.5217 -2.3215 7.499 -8.6193 -3.0723 7.8072 -8.5302
3 353 -3.5113 9.7879 -8.3567 -3.3292 8.9902 -8.4049 -3.4444 8.7134 -8.4121
3 353 7.7483 6.8409 -6.8469 7.8911 6.5806 -6.7968 6.8287 6.3998 -7.7997
4 353 6.593 8.04 -7.522 7.7483 6.8409 -6.8469 6.8287 6.3998 -7.7997 6.6444 6.7695 -7.8542
4 353 6.8287 6.3998 -7.7997 7.8911 6.5806 -6.7968 8.2345 5.5536 -6.7958 6.9914 5.6464 -7.8786
4 353 -4.4964 4.7948 -8.5951 -6.615 3.101 -8.07 -6.689 5.669 -8.142 -6.2013 5.6778 -8.2498
3 353 8.8694 4.2868 -6.4157 8.7188 3.2631 -6.6938 8.5942 3.374 -6.788
3 353 8.5942 3.374 -6.788 8.3905 3.4157 -6.9616 8.8694 4.2868 -6.4157
4 353 8.31 5.3277 -6.7612 7.0406 5.2034 -7.8981 6.9914 5.6464 -7.8786 8.2345 5.5536 -6.7958
4 353 7.0406 5.2034 -7.8981 8.31 5.3277 -6.7612 8.8694 4.2868 -6.4157 8.3905 3.4157 -6.9616
4 353 -5.6877 8.1002 -7.7824 -5.744 8.693 -7.7462 -4.5399 9.6192 -8.0641 -3.7747 8.2275 -8.3327
3 353 -4.5399 9.6192 -8.0641 -3.7064 10.2603 -8.2842 -3.5113 9.7879 -8.3567
4 353 -3.5113 9.7879 -8.3567 -3.4444 8.7134 -8.4121 -3.7747 8.2275 -8.3327 -4.5399 9.6192 -8.0641
4 353 7.813 .7979 -6.5413 8.2597 1.2468 -6.4162 8.1527 .4806 -6.2229 8.046 .35 -6.244
4 353 8.4539 1.442 -6.3633 8.4981 .7145 -6.0906 8.2772 .6635 -6.2085 8.2597 1.2468 -6.4162
4 353 8.6473 .6037 -5.9619 8.4981 .7145 -6.0906 8.4539 1.442 -6.3633 8.5861 1.5085 -6.305
3 353 8.5861 1.5085 -6.305 9.1739 .7157 -5.6777 8.6473 .6037 -5.9619
4 353 8.6473 .6037 -5.9619 9.1739 .7157 -5.6777 9.139 .2699 -5.5484 8.6558 .3053 -5.8559
3 353 8.1527 .4806 -6.2229 8.1612 .3416 -6.1707 8.046 .35 -6.244
3 353 8.2772 .6635 -6.2085 8.1527 .4806 -6.2229 8.2597 1.2468 -6.4162
3 353 -9.1697 -3.535 -3.0395 -9.2175 -3.3785 -3.2189 -7.414 -5.089 -2.045
3 353 7.6479 -2.375 -4.7296 6.8835 -2.3799 -4.8545 6.8535 -2.1736 -5.0293
3 353 -9.523 -1.6432 -4.5424 -9.753 -1.6257 -4.4106 -9.9395 -1.0151 -4.5445
3 353 -9.9395 -1.0151 -4.5445 -10.1995 -.4305 -4.6234 -9.721 .2272 -5.1781
4 353 -3.3267 5.7299 -8.885 -4.6765 5.7055 -8.5867 -4.9634 6.3449 -8.4136 -3.795 6.6636 -8.6212
4 353 -3.795 6.6636 -8.6212 -4.9634 6.3449 -8.4136 -5.2452 6.8081 -8.2717 -3.86 7.1258 -8.528
3 353 -5.2452 6.8081 -8.2717 -3.7505 7.9873 -8.4059 -3.86 7.1258 -8.528
3 353 -1.9586 3.1512 -8.7795 -.6306 2.2149 -8.3288 -1.3137 1.5862 -7.9938
4 353 6.483 10.333 -7.293 8.436 10.323 -5.696 7.8128 9.5511 -6.3134 7.0579 9.6367 -6.9194
3 353 7.0579 9.6367 -6.9194 6.5114 9.7408 -7.3521 6.483 10.333 -7.293
3 353 -5.6877 8.1002 -7.7824 -3.7747 8.2275 -8.3327 -5.568 7.6185 -7.951
3 353 7.0406 5.2034 -7.8981 8.3905 3.4157 -6.9616 8.1818 3.4585 -7.0956
3 353 8.1818 3.4585 -7.0956 7.6987 3.3851 -7.3977 7.3546 3.6754 -7.6288
4 353 -10.4357 .1002 -4.5198 -10.6642 .6141 -4.3374 -9.756 2.2751 -5.2499 -9.721 .2272 -5.1781
3 353 -3.3267 5.7299 -8.885 -3.2758 4.9122 -8.8412 -3.9035 5.2688 -8.7421
4 353 -6.615 3.101 -8.07 -4.4964 4.7948 -8.5951 -3.2215 4.0416 -8.7946 -3.165 3.134 -8.746
4 353 8.5284 -.3011 -5.6882 8.3802 -.3109 -5.7412 7.9394 -.3048 -5.9188 8.046 .35 -6.244
3 353 7.55 -3.694 -3.661 7.5955 -3.0804 -4.1581 7.6368 -3.3655 -3.9029
3 353 7.55 -3.694 -3.661 7.6368 -3.3655 -3.9029 7.7732 -3.3911 -3.8284
4 353 7.9348 -3.3381 -3.8101 8.1132 -2.901 -4.1076 8.8036 -2.8231 -3.9047 8.7341 -3.3558 -3.4847
4 353 7.7732 -3.3911 -3.8284 7.9348 -3.3381 -3.8101 8.7341 -3.3558 -3.4847 7.55 -3.694 -3.661
4 353 6.8184 7.9862 -7.3272 7.5997 7.1117 -6.8929 7.7483 6.8409 -6.8469 6.593 8.04 -7.522
3 353 8.7188 3.2631 -6.6938 8.8694 4.2868 -6.4157 8.962 3.0467 -6.3543
4 353 9.2735 2.9003 -5.912 8.962 3.0467 -6.3543 8.8694 4.2868 -6.4157 9.2699 3.1606 -5.9019
3 353 2.9224 10.7312 -8.3641 3.3643 10.4846 -8.3372 2.9899 10.5799 -8.3589
3 353 -4.6568 10.3635 -7.9358 -3.7552 10.3785 -8.2531 -4.5126 9.8088 -8.0516
4 353 -4.5399 9.6192 -8.0641 -4.5126 9.8088 -8.0516 -3.7552 10.3785 -8.2531 -3.7064 10.2603 -8.2842
4 353 -5.744 8.693 -7.7462 -5.785 9.1265 -7.681 -5.2588 9.7843 -7.7904 -4.8122 9.4758 -7.9845
4 353 -5.785 9.1265 -7.681 -5.737 9.4936 -7.6551 -5.5643 9.8099 -7.6793 -5.2588 9.7843 -7.7904
4 353 7.686 -1.861 -5.146 7.0864 -1.0925 -5.7634 7.1173 -.9491 -5.8321 7.8369 -.9341 -5.6063
4 353 6.582 8.2702 -7.499 6.593 8.04 -7.522 5.2442 9.0775 -7.8782 6.3027 8.6925 -7.5485
3 353 5.2442 9.0775 -7.8782 6.1774 8.974 -7.5599 6.3027 8.6925 -7.5485

0 // Side1
3 16 -9.5057 14.4025 2.8866 -9.61 17 2.82 -10.45 17 1.12
3 16 -9.5057 14.4025 2.8866 -10.45 17 1.12 -10.271 14.5436 .3355
3 353 -9.823 6.902 2.293 -10.6 5.5198 -.3669 -10.495 5.1558 1.9062
3 353 -9.823 6.902 2.293 -10.2823 6.7405 -.3917 -10.6 5.5198 -.3669
3 353 -10.001 3.7184 3.7969 -9.823 6.902 2.293 -10.495 5.1558 1.9062
3 353 -10.6 5.5198 -.3669 -11 4 0 -11 3.6956 1.5308
3 353 -10.6 5.5198 -.3669 -11 3.6956 1.5308 -10.495 5.1558 1.9062
3 353 -11 2.8284 2.8284 -10.495 5.1558 1.9062 -11 3.6956 1.5308
3 353 -11 2.8284 2.8284 -10.001 3.7184 3.7969 -10.495 5.1558 1.9062
3 353 -9.047 5.493 -6.088 -9.756 2.2751 -5.2499 -10.15 4.0911 -4.1726
3 353 -10.507 4.952 -2.5924 -10.2273 6.7265 -.9371 -9.881 6.718 -3.365
3 353 -11 4 0 -10.507 4.952 -2.5924 -11 3.6956 -1.5308
3 353 -11 4 0 -10.6 5.5198 -.3669 -10.507 4.952 -2.5924
3 353 -11 2.8284 -2.8284 -10.507 4.952 -2.5924 -10.15 4.0911 -4.1726
3 353 -11 2.8284 -2.8284 -11 3.6956 -1.5308 -10.507 4.952 -2.5924
3 353 -10.15 4.0911 -4.1726 -9.881 6.718 -3.365 -9.047 5.493 -6.088
3 353 -10.507 4.952 -2.5924 -9.881 6.718 -3.365 -10.15 4.0911 -4.1726
3 272 -10.6642 .6141 -4.3374 -11 0 -4 -11 1.5308 -3.6956
3 353 -11 1.5308 -3.6956 -9.756 2.2751 -5.2499 -10.6642 .6141 -4.3374
3 353 -11 1.5308 -3.6956 -10.15 4.0911 -4.1726 -9.756 2.2751 -5.2499
3 353 -11 1.5308 -3.6956 -11 2.8284 -2.8284 -10.15 4.0911 -4.1726
3 16 -9.658 12.8531 -2.9863 -9.9284 14.9789 -2.6491 -8.58 14.606 -5.668
3 16 -8.58 14.606 -5.668 -9.37 17 -4.91 -8.67 17 -5.85
3 16 -10.271 14.5436 .3355 -10.29 17 -2.28 -9.9284 14.9789 -2.6491
3 16 -10.271 14.5436 .3355 -10.45 17 1.12 -10.29 17 -2.28
3 16 -9.37 17 -4.91 -8.58 14.606 -5.668 -9.9284 14.9789 -2.6491
3 16 -9.9284 14.9789 -2.6491 -10.29 17 -2.28 -9.37 17 -4.91
3 16 -10.0419 12.5327 -.0381 -9.5873 12.5234 2.3069 -10.271 14.5436 .3355
4 16 -9.932 12.4991 -.8032 -9.658 12.8531 -2.9863 -9.7055 12.4403 -2.4992 -9.7928 12.4533 -1.8429
4 16 -10.0191 12.5251 -.2111 -9.9284 14.9789 -2.6491 -9.658 12.8531 -2.9863 -9.932 12.4991 -.8032
4 16 -9.6284 12.4293 -3.0543 -9.658 12.8531 -2.9863 -8.6021 12.4043 -5.3696 -9.2985 12.4145 -3.7985
4 16 -10.0419 12.5327 -.0381 -10.271 14.5436 .3355 -9.9284 14.9789 -2.6491 -10.0191 12.5251 -.2111
3 16 -9.6284 12.4293 -3.0543 -9.7055 12.4403 -2.4992 -9.658 12.8531 -2.9863
3 16 -10.5234 2.5746 3.7439 -11 2.167 3.2704 -11 1.5308 3.6956
4 16 -10.271 14.5436 .3355 -9.5873 12.5234 2.3069 -9.4509 12.4905 2.7605 -9.5057 14.4025 2.8866
4 353 -10.507 4.952 -2.5924 -10.6 5.5198 -.3669 -10.2823 6.7405 -.3917 -10.2273 6.7265 -.9371
4 353 -10.001 3.7184 3.7969 -11 2.8284 2.8284 -11 2.7521 2.8794 -10.1023 3.4965 3.7867
4 16 -9.658 12.8531 -2.9863 -8.58 14.606 -5.668 -8.4678 12.4001 -5.6787 -8.6021 12.4043 -5.3696
3 353 -9.881 6.718 -3.365 -8.9567 6.6148 -5.7806 -9.047 5.493 -6.088
3 226 -9.3693 9.0662 -3.988 -9.3116 9.2253 -4.077 -9.2071 9.2846 -4.2849
3 226 -9.557 10.2823 2.0313 -9.5846 9.8634 1.858 -9.4753 10.218 2.5526
3 226 -9.6913 8.6532 1.3574 -9.7021 8.4438 1.3251 -9.5593 8.2961 2.3572
4 226 -9.7783 7.9182 1.311 -9.5593 8.2961 2.3572 -9.7021 8.4438 1.3251 -9.7531 8.135 1.2774
3 226 -8.9033 7.2782 -5.5989 -9.1212 7.3098 -5.0258 -8.886 7.493 -5.54
4 226 -9.469 8.6574 -3.8879 -8.886 7.493 -5.54 -9.1212 7.3098 -5.0258 -9.4936 8.1211 -3.9549
3 226 -9.1212 7.3098 -5.0258 -9.4867 7.3689 -4.1467 -9.4936 8.1211 -3.9549
4 226 -9.6913 8.6532 1.3574 -9.5593 8.2961 2.3572 -9.4753 10.218 2.5526 -9.5846 9.8634 1.858
4 226 -9.0171 9.1478 -4.7504 -8.7731 8.203 -5.5792 -8.886 7.493 -5.54 -9.469 8.6574 -3.8879
4 226 -9.3693 9.0662 -3.988 -9.469 8.6574 -3.8879 -9.4641 8.7203 -3.8801 -9.4171 8.9417 -3.9185
4 226 -9.3693 9.0662 -3.988 -9.2071 9.2846 -4.2849 -9.1395 9.3243 -4.4239 -9.0171 9.1478 -4.7504
3 226 -9.3693 9.0662 -3.988 -9.0171 9.1478 -4.7504 -9.469 8.6574 -3.8879
4 226 -9.4643 10.7883 2.608 -9.4933 10.7366 2.4251 -9.557 10.2823 2.0313 -9.4753 10.218 2.5526
4 226 -9.5593 8.2961 2.3572 -9.7783 7.9182 1.311 -9.8373 7.5499 1.3681 -9.6876 7.6177 2.326
4 272 -9.9904 11.7847 -.1401 -9.527 11.8097 2.1831 -9.4393 12.0859 2.7338 -10.0245 12.3796 -.0665
4 272 -10.137 7.299 -.403 -9.823 6.902 2.293 -9.8373 7.5499 1.3681 -10.0385 7.4691 .0678
3 272 -10.137 7.299 -.403 -10.0385 7.4691 .0678 -10.1188 7.4312 -.4057
4 272 -10.137 7.299 -.403 -10.0949 7.4085 -.6369 -9.78 7.3622 -3.4539 -9.881 6.718 -3.365
4 272 -9.78 7.3622 -3.4539 -9.4867 7.3689 -4.1467 -9.1212 7.3098 -5.0258 -9.881 6.718 -3.365
3 272 -10.137 7.299 -.403 -10.1188 7.4312 -.4057 -10.0949 7.4085 -.6369
3 272 -10.0245 12.3796 -.0665 -10.0419 12.5327 -.0381 -10.0191 12.5251 -.2111
3 272 -10.0245 12.3796 -.0665 -10.0191 12.5251 -.2111 -9.932 12.4991 -.8032
3 272 -9.4509 12.4905 2.7605 -9.5873 12.5234 2.3069 -9.4393 12.0859 2.7338
3 272 -10.2273 6.7265 -.9371 -10.2823 6.7405 -.3917 -10.137 7.299 -.403
3 272 -10.2273 6.7265 -.9371 -10.137 7.299 -.403 -9.881 6.718 -3.365
3 272 -8.4555 11.6826 -5.6846 -8.8986 11.7399 -4.7027 -8.465 12.346 -5.679
3 272 -8.6021 12.4043 -5.3696 -8.4678 12.4001 -5.6787 -8.465 12.346 -5.679
4 272 -11 2.167 3.2704 -10.5234 2.5746 3.7439 -10.1023 3.4965 3.7867 -11 2.7521 2.8794
4 272 -9.4393 12.0859 2.7338 -9.5873 12.5234 2.3069 -10.0419 12.5327 -.0381 -10.0245 12.3796 -.0665
3 272 -9.4393 12.0859 2.7338 -9.527 11.8097 2.1831 -9.4443 11.827 2.7087
3 272 -9.6876 7.6177 2.326 -9.8373 7.5499 1.3681 -9.823 6.902 2.293
4 272 -9.881 6.718 -3.365 -9.1212 7.3098 -5.0258 -8.9033 7.2782 -5.5989 -8.9567 6.6148 -5.7806
3 272 -9.7055 12.4403 -2.4992 -9.7825 11.771 -1.7095 -9.7928 12.4533 -1.8429
4 272 -9.932 12.4991 -.8032 -9.7928 12.4533 -1.8429 -9.7825 11.771 -1.7095 -9.8864 11.7763 -.9244
4 272 -9.8864 11.7763 -.9244 -9.9904 11.7847 -.1401 -10.0245 12.3796 -.0665 -9.932 12.4991 -.8032
3 272 -8.465 12.346 -5.679 -8.8986 11.7399 -4.7027 -8.6021 12.4043 -5.3696
4 272 -9.2985 12.4145 -3.7985 -8.6021 12.4043 -5.3696 -8.8986 11.7399 -4.7027 -9.0104 11.7525 -4.4506
4 272 -9.0104 11.7525 -4.4506 -9.5818 11.7612 -3.1615 -9.6284 12.4293 -3.0543 -9.2985 12.4145 -3.7985
4 272 -9.6284 12.4293 -3.0543 -9.5818 11.7612 -3.1615 -9.7825 11.771 -1.7095 -9.7055 12.4403 -2.4992
3 272 -10.2823 6.7405 -.3917 -9.823 6.902 2.293 -10.137 7.299 -.403
3 322 -9.945 8.695 -.431 -9.6913 8.6532 1.3574 -9.5846 9.8634 1.858
3 322 -9.9208 10.5686 -.2907 -9.9027 10.7257 -.4761 -9.8977 10.586 -.4641
3 322 -9.9904 11.7847 -.1401 -9.9054 11.5381 -.7069 -9.9124 11.0509 -.5038
3 322 -9.945 8.695 -.431 -9.8522 8.8812 -1.1438 -9.8147 8.7368 -1.4972
3 322 -9.5511 8.8213 -3.6553 -9.4171 8.9417 -3.9185 -9.4641 8.7203 -3.8801
4 322 -9.4867 7.3689 -4.1467 -9.78 7.3622 -3.4539 -9.5511 8.8213 -3.6553 -9.4936 8.1211 -3.9549
4 322 -9.7267 8.765 -2.2176 -9.5511 8.8213 -3.6553 -9.78 7.3622 -3.4539 -10.0949 7.4085 -.6369
4 322 -9.0578 10.7505 -4.3264 -8.9879 11.1056 -4.4896 -8.4555 11.6826 -5.6846 -8.436 10.323 -5.696
3 322 -9.0171 9.1478 -4.7504 -9.1395 9.3243 -4.4239 -8.436 10.323 -5.696
3 322 -9.527 11.8097 2.1831 -9.9904 11.7847 -.1401 -9.9208 10.5686 -.2907
4 322 -9.7021 8.4438 1.3251 -9.945 8.695 -.431 -10.0385 7.4691 .0678 -9.7531 8.135 1.2774
3 322 -9.0062 11.5894 -4.4604 -9.0104 11.7525 -4.4506 -8.8986 11.7399 -4.7027
4 322 -9.4443 11.827 2.7087 -9.527 11.8097 2.1831 -9.4933 10.7366 2.4251 -9.4643 10.7883 2.608
3 322 -10.0385 7.4691 .0678 -9.8373 7.5499 1.3681 -9.7783 7.9182 1.311
3 322 -9.945 8.695 -.431 -9.7021 8.4438 1.3251 -9.6913 8.6532 1.3574
4 322 -9.945 8.695 -.431 -9.5846 9.8634 1.858 -9.557 10.2823 2.0313 -9.9208 10.5686 -.2907
4 322 -9.9904 11.7847 -.1401 -9.9124 11.0509 -.5038 -9.9027 10.7257 -.4761 -9.9208 10.5686 -.2907
3 322 -9.9904 11.7847 -.1401 -9.8864 11.7763 -.9244 -9.9054 11.5381 -.7069
3 322 -9.3693 9.0662 -3.988 -9.5511 8.8213 -3.6553 -9.3116 9.2253 -4.077
4 322 -9.3116 9.2253 -4.077 -9.2002 10.5683 -4.0383 -9.1161 10.6673 -4.1949 -9.2071 9.2846 -4.2849
3 322 -9.1161 10.6673 -4.1949 -8.436 10.323 -5.696 -9.2071 9.2846 -4.2849
4 322 -9.5511 8.8213 -3.6553 -9.5247 10.5467 -3.3599 -9.2002 10.5683 -4.0383 -9.3116 9.2253 -4.077
3 322 -9.945 8.695 -.431 -9.8689 9.0844 -.9451 -9.8522 8.8812 -1.1438
3 322 -9.9208 10.5686 -.2907 -9.8977 10.586 -.4641 -9.9022 10.1497 -.5058
3 322 -9.8805 9.1945 -.8373 -9.8689 9.0844 -.9451 -9.945 8.695 -.431
4 322 -9.8805 9.1945 -.8373 -9.945 8.695 -.431 -9.9208 10.5686 -.2907 -9.9022 10.1497 -.5058
3 322 -9.5511 8.8213 -3.6553 -9.3693 9.0662 -3.988 -9.4171 8.9417 -3.9185
3 322 -9.4641 8.7203 -3.8801 -9.469 8.6574 -3.8879 -9.5511 8.8213 -3.6553
3 322 -9.5511 8.8213 -3.6553 -9.469 8.6574 -3.8879 -9.4936 8.1211 -3.9549
3 322 -9.7267 8.765 -2.2176 -10.0949 7.4085 -.6369 -9.8147 8.7368 -1.4972
4 322 -10.1188 7.4312 -.4057 -9.945 8.695 -.431 -9.8147 8.7368 -1.4972 -10.0949 7.4085 -.6369
3 322 -8.436 10.323 -5.696 -9.1161 10.6673 -4.1949 -9.0578 10.7505 -4.3264
4 322 -9.0062 11.5894 -4.4604 -8.8986 11.7399 -4.7027 -8.4555 11.6826 -5.6846 -8.9879 11.1056 -4.4896
3 322 -8.436 10.323 -5.696 -8.7731 8.203 -5.5792 -9.0171 9.1478 -4.7504
3 322 -9.1395 9.3243 -4.4239 -9.2071 9.2846 -4.2849 -8.436 10.323 -5.696
3 322 -9.945 8.695 -.431 -10.1188 7.4312 -.4057 -10.0385 7.4691 .0678
3 322 -10.0385 7.4691 .0678 -9.7783 7.9182 1.311 -9.7531 8.135 1.2774
4 322 -9.9208 10.5686 -.2907 -9.557 10.2823 2.0313 -9.4933 10.7366 2.4251 -9.527 11.8097 2.1831
3 322 -9.6526 10.1915 -2.4065 -9.6359 10.3753 -2.5022 -9.5863 10.5306 -2.8542
3 322 -9.5511 8.8213 -3.6553 -9.7267 8.765 -2.2176 -9.6909 8.9706 -2.4528
3 322 -9.5511 8.8213 -3.6553 -9.6909 8.9706 -2.4528 -9.6708 9.2039 -2.5502
4 322 -9.6708 9.2039 -2.5502 -9.6613 9.4376 -2.5592 -9.5247 10.5467 -3.3599 -9.5511 8.8213 -3.6553
4 322 -9.5863 10.5306 -2.8542 -9.6702 9.7936 -2.3789 -9.6649 10.0673 -2.3418 -9.6526 10.1915 -2.4065
4 322 -9.5247 10.5467 -3.3599 -9.6613 9.4376 -2.5592 -9.6702 9.7936 -2.3789 -9.5863 10.5306 -2.8542
4 353 -9.0104 11.7525 -4.4506 -9.0062 11.5894 -4.4604 -9.5197 10.8716 -3.3043 -9.5818 11.7612 -3.1615
4 353 -9.5197 10.8716 -3.3043 -8.9879 11.1056 -4.4896 -9.0578 10.7505 -4.3264 -9.1161 10.6673 -4.1949
4 353 -9.5247 10.5467 -3.3599 -9.5197 10.8716 -3.3043 -9.1161 10.6673 -4.1949 -9.2002 10.5683 -4.0383
3 353 -9.5247 10.5467 -3.3599 -9.5863 10.5306 -2.8542 -9.5197 10.8716 -3.3043
3 353 -9.5197 10.8716 -3.3043 -9.0062 11.5894 -4.4604 -8.9879 11.1056 -4.4896
3 353 -9.7825 11.771 -1.7095 -9.9027 10.7257 -.4761 -9.9124 11.0509 -.5038
4 353 -9.8864 11.7763 -.9244 -9.7825 11.771 -1.7095 -9.9124 11.0509 -.5038 -9.9054 11.5381 -.7069
4 353 -9.5818 11.7612 -3.1615 -9.5197 10.8716 -3.3043 -9.8977 10.586 -.4641 -9.7825 11.771 -1.7095
3 353 -9.8977 10.586 -.4641 -9.9027 10.7257 -.4761 -9.7825 11.771 -1.7095
4 353 -9.8689 9.0844 -.9451 -9.8805 9.1945 -.8373 -9.9022 10.1497 -.5058 -9.6526 10.1915 -2.4065
4 353 -9.6359 10.3753 -2.5022 -9.6526 10.1915 -2.4065 -9.9022 10.1497 -.5058 -9.8977 10.586 -.4641
4 353 -9.5197 10.8716 -3.3043 -9.5863 10.5306 -2.8542 -9.6359 10.3753 -2.5022 -9.8977 10.586 -.4641
4 353 -9.6708 9.2039 -2.5502 -9.7267 8.765 -2.2176 -9.8147 8.7368 -1.4972 -9.6702 9.7936 -2.3789
3 353 -9.8147 8.7368 -1.4972 -9.8522 8.8812 -1.1438 -9.6702 9.7936 -2.3789
3 353 -9.8689 9.0844 -.9451 -9.6526 10.1915 -2.4065 -9.6649 10.0673 -2.3418
4 353 -9.8522 8.8812 -1.1438 -9.8689 9.0844 -.9451 -9.6649 10.0673 -2.3418 -9.6702 9.7936 -2.3789
3 353 -9.6909 8.9706 -2.4528 -9.7267 8.765 -2.2176 -9.6708 9.2039 -2.5502
3 353 -9.6613 9.4376 -2.5592 -9.6708 9.2039 -2.5502 -9.6702 9.7936 -2.3789

0 // Side2
3 16 9.5057 14.4025 2.8866 10.45 17 1.12 9.61 17 2.82
4 16 9.4577 12.7273 2.7761 9.6476 12.7016 2.133 10.271 14.5436 .3355 9.5057 14.4025 2.8866
3 16 9.5057 14.4025 2.8866 10.271 14.5436 .3355 10.45 17 1.12
3 16 9.658 12.8531 -2.9863 8.58 14.606 -5.668 9.9284 14.9789 -2.6491
3 16 8.58 14.606 -5.668 8.67 17 -5.85 9.37 17 -4.91
3 16 10.271 14.5436 .3355 9.9284 14.9789 -2.6491 10.29 17 -2.28
3 16 10.271 14.5436 .3355 10.29 17 -2.28 10.45 17 1.12
3 16 9.37 17 -4.91 9.9284 14.9789 -2.6491 8.58 14.606 -5.668
3 16 9.9284 14.9789 -2.6491 9.37 17 -4.91 10.29 17 -2.28
3 16 9.6339 12.5079 -3.0417 8.728 12.4578 -5.0854 9.658 12.8531 -2.9863
3 16 9.6964 12.5189 -2.592 9.6339 12.5079 -3.0417 9.658 12.8531 -2.9863
3 16 9.6476 12.7016 2.133 10.0494 12.5984 -.0259 10.271 14.5436 .3355
3 16 9.8892 12.5544 -1.1444 9.6964 12.5189 -2.592 9.658 12.8531 -2.9863
4 16 9.658 12.8531 -2.9863 8.728 12.4578 -5.0854 8.4692 12.4288 -5.6786 8.58 14.606 -5.668
4 16 10.0494 12.5984 -.0259 10.0168 12.5866 -.2722 9.9284 14.9789 -2.6491 10.271 14.5436 .3355
3 16 9.9284 14.9789 -2.6491 10.0168 12.5866 -.2722 9.948 12.5643 -.739
4 16 9.658 12.8531 -2.9863 9.9284 14.9789 -2.6491 9.948 12.5643 -.739 9.8892 12.5544 -1.1444
3 226 9.823 6.902 2.293 9.923 6.7242 1.9508 9.8521 6.9388 2.0431
3 226 10.137 7.299 -.403 10.0059 8.2115 -.3861 10.1183 7.3312 -.3138
4 226 9.8505 8.0433 -1.9931 9.8225 8.2169 -2.0326 9.7578 8.6662 -2.0663 9.9413 8.6962 -.4616
4 226 9.8334 2.1336 -5.1722 10.3281 1.9328 -4.5351 10.7952 .9749 -4.0864 10.6879 .5709 -4.3136
4 226 9.4546 8.6285 -3.9289 8.886 7.493 -5.54 8.6844 8.7611 -5.6099 9.4253 8.7215 -3.9663
3 226 9.7397 7.3426 2.3133 9.823 6.902 2.293 9.8521 6.9388 2.0431
4 226 9.4546 8.6285 -3.9289 9.5957 8.1034 -3.7171 9.5304 6.9911 -4.1314 8.886 7.493 -5.54
3 226 10.3019 6.253 -1.3787 10.4764 5.9684 -.3319 10.3462 6.1137 -1.3011
4 226 9.8671 2.2087 -5.1111 9.9887 2.2927 -4.9145 10.1118 2.2573 -4.7498 10.2402 2.0985 -4.6126
4 226 10.1205 6.1599 2.0138 10.0122 6.4819 1.9353 9.923 6.7242 1.9508 9.823 6.902 2.293
3 226 9.823 6.902 2.293 10.1718 5.9957 2.0922 10.1205 6.1599 2.0138
3 226 10.137 7.299 -.403 9.9413 8.6962 -.4616 10.0059 8.2115 -.3861
3 226 10.137 7.299 -.403 10.0222 7.0384 -1.7316 9.9808 7.2634 -1.8158
4 226 9.9808 7.2634 -1.8158 9.8505 8.0433 -1.9931 9.9413 8.6962 -.4616 10.137 7.299 -.403
3 226 9.823 6.902 2.293 9.9474 4.6779 3.3437 10.1046 4.8898 2.8868
4 226 10.1718 5.9957 2.0922 9.823 6.902 2.293 10.1046 4.8898 2.8868 10.2076 5.3258 2.4122
4 226 10.3019 6.253 -1.3787 10.1821 6.5754 -1.5584 10.0222 7.0384 -1.7316 10.137 7.299 -.403
3 226 9.8334 2.1336 -5.1722 9.8671 2.2087 -5.1111 10.3281 1.9328 -4.5351
3 226 10.137 7.299 -.403 10.1183 7.3312 -.3138 10.1817 7.0637 -.2918
4 226 10.137 7.299 -.403 10.1817 7.0637 -.2918 10.3291 6.4405 -.1843 10.4764 5.9684 -.3319
4 226 8.8946 7.3859 -5.5694 8.886 7.493 -5.54 9.5304 6.9911 -4.1314 9.1999 7.0489 -4.9497
3 226 9.1999 7.0489 -4.9497 9.5304 6.9911 -4.1314 9.4051 6.8904 -4.5005
4 226 9.6081 7.1566 -3.9088 9.5304 6.9911 -4.1314 9.5957 8.1034 -3.7171 9.6432 7.8 -3.6757
3 226 9.6432 7.8 -3.6757 9.6508 7.3872 -3.7539 9.6081 7.1566 -3.9088
3 226 10.137 7.299 -.403 10.4764 5.9684 -.3319 10.3019 6.253 -1.3787
3 226 10.4764 5.9684 -.3319 10.4677 5.8368 -.8365 10.3462 6.1137 -1.3011
3 226 10.3281 1.9328 -4.5351 9.8671 2.2087 -5.1111 10.2402 2.0985 -4.6126
3 272 9.4393 12.0859 2.7338 9.4407 12.0166 2.7271 9.4626 12.0124 2.5873
4 272 9.9962 11.8859 -.1276 10.0245 12.3796 -.0665 9.4393 12.0859 2.7338 9.4626 12.0124 2.5873
3 272 10.0245 12.3796 -.0665 10.0168 12.5866 -.2722 10.0494 12.5984 -.0259
3 272 10.0245 12.3796 -.0665 9.948 12.5643 -.739 10.0168 12.5866 -.2722
4 272 9.5511 8.8213 -3.6553 9.8078 9.3429 -1.3742 9.8173 9.3487 -1.2939 9.9413 8.6962 -.4616
3 272 9.9413 8.6962 -.4616 9.8173 9.3487 -1.2939 9.9357 9.4152 -.3771
4 272 9.4253 8.7215 -3.9663 8.6844 8.7611 -5.6099 8.5698 9.4821 -5.6497 9.1232 9.3976 -4.4384
4 272 9.5958 8.7052 -3.4073 9.5511 8.8213 -3.6553 9.9413 8.6962 -.4616 9.7578 8.6662 -2.0663
3 272 8.8943 11.7459 -4.7125 8.4559 11.7101 -5.6844 8.465 12.346 -5.679
3 272 8.4692 12.4288 -5.6786 8.728 12.4578 -5.0854 8.465 12.346 -5.679
3 272 9.6476 12.7016 2.133 9.4577 12.7273 2.7761 9.4393 12.0859 2.7338
3 272 9.5682 8.712 -3.6402 9.4987 8.7167 -3.8037 9.5511 8.8213 -3.6553
3 272 9.5958 8.7052 -3.4073 9.5682 8.712 -3.6402 9.5511 8.8213 -3.6553
4 272 9.4393 12.0859 2.7338 10.0245 12.3796 -.0665 10.0494 12.5984 -.0259 9.6476 12.7016 2.133
3 272 9.5273 9.0281 2.4317 9.9413 8.6962 -.4616 9.6836 9.5426 1.2295
3 272 9.6836 9.5426 1.2295 9.4964 9.7347 2.5035 9.5273 9.0281 2.4317
3 272 9.9413 8.6962 -.4616 9.9357 9.4152 -.3771 9.6836 9.5426 1.2295
3 272 10.0245 12.3796 -.0665 9.8892 12.5544 -1.1444 9.948 12.5643 -.739
3 272 9.5511 8.8213 -3.6553 9.1232 9.3976 -4.4384 9.543 9.3479 -3.5651
3 272 9.5511 8.8213 -3.6553 9.543 9.3479 -3.5651 9.8078 9.3429 -1.3742
4 272 9.4987 8.7167 -3.8037 9.4253 8.7215 -3.9663 9.1232 9.3976 -4.4384 9.5511 8.8213 -3.6553
4 272 10.6879 .5709 -4.3136 10.7952 .9749 -4.0864 11 1.5308 -3.6956 11 0 -4
4 272 8.728 12.4578 -5.0854 9.6339 12.5079 -3.0417 9.5836 11.7872 -3.1574 8.8943 11.7459 -4.7125
3 272 8.8943 11.7459 -4.7125 8.465 12.346 -5.679 8.728 12.4578 -5.0854
4 272 9.7764 11.824 -1.772 9.5836 11.7872 -3.1574 9.6339 12.5079 -3.0417 9.6964 12.5189 -2.592
4 272 9.8892 12.5544 -1.1444 10.0245 12.3796 -.0665 9.9962 11.8859 -.1276 9.874 11.8435 -1.0391
4 272 9.874 11.8435 -1.0391 9.7764 11.824 -1.772 9.6964 12.5189 -2.592 9.8892 12.5544 -1.1444
4 322 10.495 5.1558 1.9062 10.1046 4.8898 2.8868 9.9474 4.6779 3.3437 10.001 3.7184 3.7969
3 322 10.6 5.5198 -.3669 11 3.6956 1.5308 11 4 0
3 322 10.6 5.5198 -.3669 10.495 5.1558 1.9062 11 3.6956 1.5308
3 322 11 2.8284 2.8284 11 3.6956 1.5308 10.495 5.1558 1.9062
3 322 11 2.8284 2.8284 10.495 5.1558 1.9062 10.001 3.7184 3.7969
3 322 9.881 6.718 -3.365 9.6508 7.3872 -3.7539 9.6432 7.8 -3.6757
4 322 11 3.6956 -1.5308 10.7781 4.2612 -2.0087 10.5809 4.8093 -2.2038 11 4 0
3 322 9.5217 5.2717 -5.0506 9.2629 5.8394 -5.3689 9.881 6.718 -3.365
3 322 9.881 6.718 -3.365 10.1383 5.5305 -3.3291 10.1375 5.2462 -3.505
3 322 9.756 2.2751 -5.2499 9.8671 2.2087 -5.1111 9.8334 2.1336 -5.1722
3 322 10.1118 2.2573 -4.7498 9.9887 2.2927 -4.9145 10.15 4.0911 -4.1726
3 322 11 1.5308 -3.6956 10.7755 3.1619 -3.1834 11 2.8284 -2.8284
3 322 10.001 3.7184 3.7969 11 1.5308 3.6956 11 2.8284 2.8284
3 322 9.4546 8.6285 -3.9289 9.4253 8.7215 -3.9663 9.4987 8.7167 -3.8037
3 322 10.0059 8.2115 -.3861 9.5593 8.2961 2.3572 10.1183 7.3312 -.3138
3 322 10.4818 3.845 -3.4677 10.15 4.0911 -4.1726 10.2923 4.4344 -3.5425
3 322 9.881 6.718 -3.365 9.5682 8.712 -3.6402 9.5958 8.7052 -3.4073
3 322 10.4677 5.8368 -.8365 10.4764 5.9684 -.3319 10.6 5.5198 -.3669
3 322 11 1.5308 -3.6956 10.7952 .9749 -4.0864 10.3281 1.9328 -4.5351
3 322 10.495 5.1558 1.9062 10.1718 5.9957 2.0922 10.2076 5.3258 2.4122
3 322 10.495 5.1558 1.9062 10.2076 5.3258 2.4122 10.1046 4.8898 2.8868
3 322 9.881 6.718 -3.365 9.5304 6.9911 -4.1314 9.6081 7.1566 -3.9088
3 322 9.881 6.718 -3.365 9.6081 7.1566 -3.9088 9.6508 7.3872 -3.7539
4 322 9.5957 8.1034 -3.7171 9.4546 8.6285 -3.9289 9.4987 8.7167 -3.8037 9.5682 8.712 -3.6402
4 322 9.881 6.718 -3.365 9.6432 7.8 -3.6757 9.5957 8.1034 -3.7171 9.5682 8.712 -3.6402
4 322 9.2629 5.8394 -5.3689 9.4051 6.8904 -4.5005 9.5304 6.9911 -4.1314 9.881 6.718 -3.365
4 322 9.1585 5.9653 -5.5759 9.1999 7.0489 -4.9497 9.4051 6.8904 -4.5005 9.2629 5.8394 -5.3689
3 322 9.0695 5.9781 -5.7976 9.019 5.8409 -5.9927 8.8946 7.3859 -5.5694
4 322 9.1999 7.0489 -4.9497 9.1585 5.9653 -5.5759 9.0695 5.9781 -5.7976 8.8946 7.3859 -5.5694
4 322 11 4 0 10.5809 4.8093 -2.2038 10.5188 5.0239 -2.3108 10.6 5.5198 -.3669
3 322 11 2.8284 -2.8284 10.7755 3.1619 -3.1834 10.8567 3.4456 -2.7598
4 322 10.8522 4.0209 -1.9257 11 3.6956 -1.5308 11 2.8284 -2.8284 10.8567 3.4456 -2.7598
3 322 10.8522 4.0209 -1.9257 10.7781 4.2612 -2.0087 11 3.6956 -1.5308
4 322 9.881 6.718 -3.365 10.15 4.0911 -4.1726 9.6412 4.7377 -5.0561 9.5217 5.2717 -5.0506
3 322 9.881 6.718 -3.365 10.2781 5.5977 -2.8749 10.1626 5.6073 -3.2105
3 322 10.1375 5.2462 -3.505 10.2923 4.4344 -3.5425 10.15 4.0911 -4.1726
3 322 9.881 6.718 -3.365 10.1626 5.6073 -3.2105 10.1383 5.5305 -3.3291
3 322 10.1375 5.2462 -3.505 10.15 4.0911 -4.1726 9.881 6.718 -3.365
4 322 10.15 4.0911 -4.1726 11 1.5308 -3.6956 10.3281 1.9328 -4.5351 10.2402 2.0985 -4.6126
4 322 10.15 4.0911 -4.1726 9.9887 2.2927 -4.9145 9.8671 2.2087 -5.1111 9.756 2.2751 -5.2499
3 322 10.15 4.0911 -4.1726 10.2402 2.0985 -4.6126 10.1118 2.2573 -4.7498
3 322 11 1.5308 -3.6956 10.15 4.0911 -4.1726 10.7755 3.1619 -3.1834
3 322 9.5593 8.2961 2.3572 9.9413 8.6962 -.4616 9.5273 9.0281 2.4317
3 322 10.3019 6.253 -1.3787 10.472 5.1738 -2.3855 10.4116 5.3402 -2.4686
3 322 10.3292 5.5177 -2.6819 10.2781 5.5977 -2.8749 10.1821 6.5754 -1.5584
4 322 10.1821 6.5754 -1.5584 10.3019 6.253 -1.3787 10.4116 5.3402 -2.4686 10.3292 5.5177 -2.6819
4 322 10.2781 5.5977 -2.8749 9.881 6.718 -3.365 10.0222 7.0384 -1.7316 10.1821 6.5754 -1.5584
3 322 9.5958 8.7052 -3.4073 9.7578 8.6662 -2.0663 9.8225 8.2169 -2.0326
3 322 10.0059 8.2115 -.3861 9.9413 8.6962 -.4616 9.5593 8.2961 2.3572
3 322 9.756 2.2751 -5.2499 9.2238 4.6905 -5.879 9.499 4.3128 -5.4059
3 322 9.6621 4.482 -5.0587 9.6412 4.7377 -5.0561 10.15 4.0911 -4.1726
4 322 10.15 4.0911 -4.1726 9.756 2.2751 -5.2499 9.499 4.3128 -5.4059 9.5996 4.3062 -5.2105
3 322 9.5996 4.3062 -5.2105 9.6621 4.482 -5.0587 10.15 4.0911 -4.1726
4 322 9.8521 6.9388 2.0431 10.1183 7.3312 -.3138 9.5593 8.2961 2.3572 9.7397 7.3426 2.3133
3 322 10.1183 7.3312 -.3138 9.8521 6.9388 2.0431 9.923 6.7242 1.9508
4 322 10.3291 6.4405 -.1843 9.923 6.7242 1.9508 10.6 5.5198 -.3669 10.4764 5.9684 -.3319
3 322 10.3291 6.4405 -.1843 10.1817 7.0637 -.2918 9.923 6.7242 1.9508
3 322 10.1817 7.0637 -.2918 10.1183 7.3312 -.3138 9.923 6.7242 1.9508
3 322 10.6 5.5198 -.3669 9.923 6.7242 1.9508 10.0122 6.4819 1.9353
3 322 10.1205 6.1599 2.0138 10.1718 5.9957 2.0922 10.495 5.1558 1.9062
4 322 10.495 5.1558 1.9062 10.6 5.5198 -.3669 10.0122 6.4819 1.9353 10.1205 6.1599 2.0138
3 322 10.4818 3.845 -3.4677 10.7755 3.1619 -3.1834 10.15 4.0911 -4.1726
4 322 9.8225 8.2169 -2.0326 9.8505 8.0433 -1.9931 9.881 6.718 -3.365 9.5958 8.7052 -3.4073
3 322 9.8505 8.0433 -1.9931 9.9808 7.2634 -1.8158 9.881 6.718 -3.365
3 322 9.9808 7.2634 -1.8158 10.0222 7.0384 -1.7316 9.881 6.718 -3.365
4 322 10.3462 6.1137 -1.3011 10.4677 5.8368 -.8365 10.6 5.5198 -.3669 10.5188 5.0239 -2.3108
4 322 10.5188 5.0239 -2.3108 10.472 5.1738 -2.3855 10.3019 6.253 -1.3787 10.3462 6.1137 -1.3011
3 353 10.507 4.952 -2.5924 10.472 5.1738 -2.3855 10.5188 5.0239 -2.3108
3 353 9.5197 10.8716 -3.3043 8.8943 11.7459 -4.7125 9.5836 11.7872 -3.1574
4 353 8.4559 11.7101 -5.6844 8.8943 11.7459 -4.7125 9.5197 10.8716 -3.3043 8.436 10.323 -5.696
3 353 9.9208 10.5686 -.2907 9.874 11.8435 -1.0391 9.9962 11.8859 -.1276
3 353 9.4964 9.7347 2.5035 9.6836 9.5426 1.2295 9.4753 10.218 2.5526
3 353 9.1232 9.3976 -4.4384 8.5698 9.4821 -5.6497 8.436 10.323 -5.696
3 353 9.9962 11.8859 -.1276 9.4626 12.0124 2.5873 9.9208 10.5686 -.2907
3 353 10.5188 5.0239 -2.3108 10.5809 4.8093 -2.2038 10.507 4.952 -2.5924
4 353 9.6836 9.5426 1.2295 9.9208 10.5686 -.2907 9.4626 12.0124 2.5873 9.4753 10.218 2.5526
3 353 9.6836 9.5426 1.2295 9.9357 9.4152 -.3771 9.9208 10.5686 -.2907
3 353 9.2238 4.6905 -5.879 9.047 5.493 -6.088 9.6412 4.7377 -5.0561
3 353 9.6621 4.482 -5.0587 9.5996 4.3062 -5.2105 9.499 4.3128 -5.4059
4 353 9.6621 4.482 -5.0587 9.499 4.3128 -5.4059 9.2238 4.6905 -5.879 9.6412 4.7377 -5.0561
4 353 10.3292 5.5177 -2.6819 10.4116 5.3402 -2.4686 10.472 5.1738 -2.3855 10.507 4.952 -2.5924
3 353 10.507 4.952 -2.5924 10.2781 5.5977 -2.8749 10.3292 5.5177 -2.6819
4 353 9.9208 10.5686 -.2907 9.5197 10.8716 -3.3043 9.5836 11.7872 -3.1574 9.7764 11.824 -1.772
3 353 9.9208 10.5686 -.2907 9.7764 11.824 -1.772 9.874 11.8435 -1.0391
4 353 10.2781 5.5977 -2.8749 10.507 4.952 -2.5924 10.2923 4.4344 -3.5425 10.1375 5.2462 -3.505
4 353 10.1375 5.2462 -3.505 10.1383 5.5305 -3.3291 10.1626 5.6073 -3.2105 10.2781 5.5977 -2.8749
3 353 9.4626 12.0124 2.5873 9.4407 12.0166 2.7271 9.4753 10.218 2.5526
3 353 10.5809 4.8093 -2.2038 10.7781 4.2612 -2.0087 10.507 4.952 -2.5924
4 353 9.2629 5.8394 -5.3689 9.5217 5.2717 -5.0506 9.6412 4.7377 -5.0561 9.047 5.493 -6.088
4 353 9.9357 9.4152 -.3771 9.8173 9.3487 -1.2939 9.5197 10.8716 -3.3043 9.9208 10.5686 -.2907
3 353 9.047 5.493 -6.088 9.019 5.8409 -5.9927 9.0695 5.9781 -5.7976
4 353 9.2629 5.8394 -5.3689 9.047 5.493 -6.088 9.0695 5.9781 -5.7976 9.1585 5.9653 -5.5759
4 353 10.507 4.952 -2.5924 10.7781 4.2612 -2.0087 10.8522 4.0209 -1.9257 10.8567 3.4456 -2.7598
4 353 9.8173 9.3487 -1.2939 9.8078 9.3429 -1.3742 9.543 9.3479 -3.5651 9.5197 10.8716 -3.3043
4 353 10.2923 4.4344 -3.5425 10.507 4.952 -2.5924 10.8567 3.4456 -2.7598 10.4818 3.845 -3.4677
3 353 10.7755 3.1619 -3.1834 10.4818 3.845 -3.4677 10.8567 3.4456 -2.7598
4 353 8.436 10.323 -5.696 9.5197 10.8716 -3.3043 9.543 9.3479 -3.5651 9.1232 9.3976 -4.4384

0 // Back
3 16 0 17 6.11 1.5068 15.9948 5.9577 4.1253 14.5142 5.7095
3 16 7.67 17 4.7 4.34 17 5.93 5.824 14.545 5.127
3 16 5.824 14.545 5.127 7.7861 14.3389 4.461 7.67 17 4.7
3 16 4.34 17 5.93 4.1253 14.5142 5.7095 5.824 14.545 5.127
3 16 0 17 6.11 4.1253 14.5142 5.7095 4.34 17 5.93
3 16 7.7861 14.3389 4.461 9.5057 14.4025 2.8866 8.68 17 3.99
3 16 3.8087 12.238 5.6233 3.7706 11.96 5.6262 4.0113 12.0321 5.5695
3 16 3.8087 12.238 5.6233 1.9025 13.3947 5.7915 2.2439 12.2796 5.7325
3 16 0 -.181 6.189 2.735 -.23 6.133 2.796 2.38 6.276
3 16 0 -.181 6.189 2.796 2.38 6.276 0 2.498 6.37
4 16 5.7 -.29 5.834 5.719 2.216 5.963 2.796 2.38 6.276 2.735 -.23 6.133
4 16 5.3434 -5.5613 2.3079 5.0531 -5.3456 2.7281 4.3638 -5.124 3.3029 2.8284 -5.6977 3.0284
3 353 2.702 -2.832 5.189 3.0383 -4.1233 4.2851 4.2111 -4.3648 3.9079
3 16 5.452 -5.799 1.922 4 -6.451 .2 5.662 -6.058 .04
3 16 5.452 -5.799 1.922 3.6956 -6.189 1.7308 4 -6.451 .2
3 353 2.702 -2.832 5.189 1.2445 -3.9864 4.6555 2.0878 -4.0508 4.5107
3 353 0 -2.763 5.318 .7674 -2.0522 5.5467 -.0405 -2.0029 5.5738
4 353 0 -2.763 5.318 2.702 -2.832 5.189 2.7094 -2.2462 5.4015 1.5956 -2.1028 5.4965
3 16 9.443 -4.8005 .0495 8.8745 -4.9708 .5343 8.9644 -4.998 .0504
4 16 9.493 -3.5562 3.2233 7.697 -2.598 4.693 7.6362 -3.1611 4.2932 7.7891 -3.2458 4.1657
4 16 9.452 -4.5501 1.649 9.493 -3.5562 3.2233 8.3879 -3.9574 3.3796 8.7238 -4.4463 2.3463
3 16 9.452 -4.5501 1.649 8.7238 -4.4463 2.3463 8.829 -4.8125 1.6888
4 16 8.829 -4.8125 1.6888 8.8745 -4.9708 .5343 9.443 -4.8005 .0495 9.452 -4.5501 1.649
3 16 9.64 -1.9877 4.2958 9.662 -.1552 4.7705 7.817 -.299 5.394
3 16 9.64 -1.9877 4.2958 7.817 -.299 5.394 7.697 -2.598 4.693
3 16 9.493 -3.5562 3.2233 9.64 -1.9877 4.2958 7.697 -2.598 4.693
3 16 9.662 -.1552 4.7705 9.82 1.9509 4.5579 7.984 2.122 5.437
3 16 9.662 -.1552 4.7705 7.984 2.122 5.437 7.817 -.299 5.394
3 16 5.719 2.216 5.963 5.7 -.29 5.834 7.817 -.299 5.394
3 16 5.719 2.216 5.963 7.817 -.299 5.394 7.984 2.122 5.437
4 16 7.697 -2.598 4.693 5.7 -.29 5.834 5.5899 -2.1978 5.1419 6.5551 -2.5622 4.8691
3 16 7.697 -2.598 4.693 7.817 -.299 5.394 5.7 -.29 5.834
4 353 6.4436 -5.8674 .0457 7.454 -5.621 .053 7.415 -5.408 1.779 6.3529 -5.8018 .7254
3 353 7.415 -5.408 1.779 6.261 -5.6378 1.8631 6.3529 -5.8018 .7254
3 353 7.415 -5.408 1.779 5.6914 -5.0228 2.9664 6.1107 -5.3695 2.3087
4 353 5.2697 -4.817 3.4298 5.6914 -5.0228 2.9664 7.415 -5.408 1.779 7.516 -4.274 3.503
3 16 11 -3.6956 1.5308 11 -2.8284 2.8284 9.493 -3.5562 3.2233
3 16 11 -3.6956 1.5308 9.493 -3.5562 3.2233 9.452 -4.5501 1.649
3 16 11 -4 0 11 -3.6956 1.5308 9.452 -4.5501 1.649
3 16 11 -4 0 9.452 -4.5501 1.649 9.443 -4.8005 .0495
3 16 11 -1.5308 3.6956 11 0 4 9.662 -.1552 4.7705
3 16 11 -1.5308 3.6956 9.662 -.1552 4.7705 9.64 -1.9877 4.2958
3 16 11 -2.8284 2.8284 11 -1.5308 3.6956 9.64 -1.9877 4.2958
3 16 11 -2.8284 2.8284 9.64 -1.9877 4.2958 9.493 -3.5562 3.2233
3 16 9.82 1.9509 4.5579 9.8344 2.092 4.4972 9.7123 2.1687 4.5769
3 16 9.82 1.9509 4.5579 9.662 -.1552 4.7705 11 0 4
3 16 0 2.498 6.37 2.796 2.38 6.276 2.8692 5.4081 6
3 16 8.68 17 3.99 9.5057 14.4025 2.8866 9.61 17 2.82
3 16 8.68 17 3.99 7.67 17 4.7 7.7861 14.3389 4.461
3 16 2.8284 -5.6977 3.0284 3.6956 -6.189 1.7308 5.452 -5.799 1.922
3 16 3.8087 12.238 5.6233 4.573 12.2003 5.4062 5.1127 12.2993 5.2505
4 16 0 17 6.11 -4.1253 14.5142 5.7095 -.9677 14.5409 5.9007 -.7947 14.8345 5.9291
3 16 -7.67 17 4.7 -5.824 14.545 5.127 -4.34 17 5.93
3 16 -5.824 14.545 5.127 -7.67 17 4.7 -7.7861 14.3389 4.461
3 16 -4.34 17 5.93 -5.824 14.545 5.127 -4.1253 14.5142 5.7095
3 16 0 17 6.11 -4.34 17 5.93 -4.1253 14.5142 5.7095
3 16 -7.7861 14.3389 4.461 -8.68 17 3.99 -9.5057 14.4025 2.8866
3 16 -3.8087 12.238 5.6233 -4.0153 11.5649 5.5579 -3.7021 11.4599 5.6315
3 16 -5.765 12.33 5.064 -4.1253 14.5142 5.7095 -5.824 14.545 5.127
3 16 -5.765 12.33 5.064 -3.8087 12.238 5.6233 -4.1253 14.5142 5.7095
3 16 -4.1253 14.5142 5.7095 -2.5609 14.1543 5.787 -2.3606 14.2026 5.8013
3 16 0 2.498 6.37 -.8188 5.4366 6.1251 -1.6708 5.4248 6.0731
3 16 0 -.181 6.189 -2.796 2.38 6.276 -2.735 -.23 6.133
3 16 0 -.181 6.189 0 2.498 6.37 -2.796 2.38 6.276
3 353 -5.557 -2.768 4.935 -5.365 -2.5953 5.0165 -5.5645 -2.6378 4.9822
4 16 -2.796 2.38 6.276 -5.719 2.216 5.963 -5.7 -.29 5.834 -2.735 -.23 6.133
4 16 -4.9019 -4.9229 3.3991 -5.0732 -4.9695 3.2685 -5.452 -5.799 1.922 -2.8284 -5.6977 3.0284
3 353 -2.702 -2.832 5.189 -3.908 -4.0851 4.1468 -2.1285 -3.9699 4.5557
3 16 -5.452 -5.799 1.922 -5.662 -6.058 .04 -4 -6.451 .2
3 16 -5.452 -5.799 1.922 -4 -6.451 .2 -3.6956 -6.189 1.7308
3 353 0 -2.763 5.318 -.0405 -2.0029 5.5738 -.8058 -2.0167 5.5581
3 16 -9.493 -3.5562 3.2233 -9.06 -3.7134 3.2846 -8.4716 -3.0113 4.0591
3 16 -9.64 -1.9877 4.2958 -7.817 -.299 5.394 -9.662 -.1552 4.7705
3 16 -9.64 -1.9877 4.2958 -7.697 -2.598 4.693 -7.817 -.299 5.394
3 16 -8.4716 -3.0113 4.0591 -9.64 -1.9877 4.2958 -9.493 -3.5562 3.2233
3 16 -9.662 -.1552 4.7705 -7.984 2.122 5.437 -9.82 1.9509 4.5579
3 16 -9.662 -.1552 4.7705 -7.817 -.299 5.394 -7.984 2.122 5.437
3 16 -5.719 2.216 5.963 -7.817 -.299 5.394 -5.7 -.29 5.834
3 16 -5.719 2.216 5.963 -7.984 2.122 5.437 -7.817 -.299 5.394
4 353 -5.557 -2.768 4.935 -7.516 -4.274 3.503 -5.9479 -4.6531 3.4519 -5.6263 -4.5041 3.6127
3 16 -7.2058 -2.3989 4.8369 -5.8735 -1.9555 5.1913 -5.7 -.29 5.834
3 16 -7.697 -2.598 4.693 -5.7 -.29 5.834 -7.817 -.299 5.394
3 353 -7.415 -5.408 1.779 -7.0449 -5.5452 1.4118 -7.0191 -5.4869 1.8078
3 353 -7.415 -5.408 1.779 -7.0191 -5.4869 1.8078 -6.9371 -5.3012 2.1082
3 16 -11 -3.6956 1.5308 -9.493 -3.5562 3.2233 -11 -2.8284 2.8284
3 16 -11 -3.6956 1.5308 -9.455 -4.4764 1.7657 -9.493 -3.5562 3.2233
3 16 -9.4692 -4.544 1.6307 -11 -3.6956 1.5308 -11 -4 0
3 16 -11 -4 0 -9.443 -4.8005 .0495 -9.4692 -4.544 1.6307
3 16 -11 -1.5308 3.6956 -9.662 -.1552 4.7705 -11 0 4
3 16 -11 -1.5308 3.6956 -9.64 -1.9877 4.2958 -9.662 -.1552 4.7705
3 16 -11 -2.8284 2.8284 -9.64 -1.9877 4.2958 -11 -1.5308 3.6956
3 16 -11 -2.8284 2.8284 -9.493 -3.5562 3.2233 -9.64 -1.9877 4.2958
3 16 -9.82 1.9509 4.5579 -9.1871 3.23 4.6696 -9.9165 2.8934 4.1521
3 16 -9.82 1.9509 4.5579 -11 1.5308 3.6956 -11 0 4
3 16 -9.82 1.9509 4.5579 -11 0 4 -9.662 -.1552 4.7705
3 16 0 2.498 6.37 -2.8692 5.4081 6 -2.796 2.38 6.276
3 16 -8.68 17 3.99 -9.61 17 2.82 -9.5057 14.4025 2.8866
3 16 -8.68 17 3.99 -7.7861 14.3389 4.461 -7.67 17 4.7
3 16 -2.8284 -5.6977 3.0284 -5.452 -5.799 1.922 -3.6956 -6.189 1.7308
4 16 -1.5308 -5.156 3.8956 -4.7954 -4.8938 3.4537 -4.9019 -4.9229 3.3991 -2.8284 -5.6977 3.0284
4 16 -5.7621 11.9526 5.072 -4.3893 11.6479 5.4691 -3.8087 12.238 5.6233 -5.765 12.33 5.064
4 16 1.4891 -1.3839 5.7617 2.735 -.23 6.133 0 -.181 6.189 1.0981 -1.3482 5.7794
3 16 -9.3711 -4.0766 2.4721 -9.493 -3.5562 3.2233 -9.455 -4.4764 1.7657
4 353 -8.7617 -4.4517 2.3101 -7.516 -4.274 3.503 -8.42 -3.9458 3.3751 -8.755 -4.4122 2.3786
4 353 5.5244 -2.8983 4.8414 5.069 -4.7191 3.534 5.2697 -4.817 3.4298 5.8551 -2.9971 4.7171
3 16 -6.3774 -5.7927 .7497 -6.3071 -5.9007 .0447 -5.662 -6.058 .04
4 16 8.173 3.1975 5.1751 7.984 2.122 5.437 9.82 1.9509 4.5579 9.7123 2.1687 4.5769
3 16 -.5231 5.5157 6.1379 0 5.448 6.175 0 5.7873 6.1513
3 16 -.3065 -1.3132 5.8027 0 -1.3208 5.8045 0 -.181 6.189
4 16 5.5424 -5.781 1.9154 5.452 -5.799 1.922 5.662 -6.058 .04 5.7268 -6.034 .1043
3 16 8.7081 12.6953 3.48 7.7861 14.3389 4.461 7.76 12.6236 4.4083
4 16 -9.82 1.9509 4.5579 -7.984 2.122 5.437 -8.2697 3.7481 5.0411 -9.1871 3.23 4.6696
3 16 2.4971 -1.4759 5.6896 2.735 -.23 6.133 1.4891 -1.3839 5.7617
4 353 -8.8237 -4.8147 1.6891 -7.415 -5.408 1.779 -7.516 -4.274 3.503 -8.7617 -4.4517 2.3101
3 16 -2.9553 6.0216 5.9484 -3.3805 5.8534 5.8713 -2.8692 5.4081 6
3 16 6.7548 -2.6728 4.7995 7.6362 -3.1611 4.2932 7.697 -2.598 4.693
4 353 6.9317 -3.4797 4.1815 5.9404 -3.0226 4.6839 5.8551 -2.9971 4.7171 7.516 -4.274 3.503
4 16 -6.3527 -5.6666 1.565 -6.3774 -5.7927 .7497 -5.662 -6.058 .04 -5.452 -5.799 1.922
4 16 6.2635 12.5105 4.9044 7.3023 12.589 4.5607 7.7861 14.3389 4.461 5.824 14.545 5.127
3 16 -1.2663 13.7807 5.8476 -1.1652 13.7341 5.8531 -1.1405 13.8571 5.8587
3 353 8.2033 -5.1719 1.1067 8.1746 -5.0881 1.7305 7.415 -5.408 1.779
3 16 -8.3236 12.4141 3.8449 -7.7861 14.3389 4.461 -9.1581 12.4692 3.0276
3 16 -2.9553 6.0216 5.9484 -2.8692 5.4081 6 -2.4909 5.7686 5.9983
3 16 -1.7112 -1.3341 5.7713 -2.735 -.23 6.133 -2.72 -1.4133 5.7037
4 16 2.8284 -5.6977 3.0284 5.452 -5.799 1.922 5.5424 -5.781 1.9154 5.3434 -5.5613 2.3079
3 16 -7.6926 -2.639 4.6639 -7.6216 -2.604 4.7015 -7.697 -2.598 4.693
3 16 -7.5293 12.2887 4.4737 -7.7861 14.3389 4.461 -7.7554 12.3244 4.3991
4 353 7.415 -5.408 1.779 7.454 -5.621 .053 8.3222 -5.2629 .0515 8.2033 -5.1719 1.1067
3 353 -8.8237 -4.8147 1.6891 -8.8515 -4.9777 .5539 -7.415 -5.408 1.779
3 16 -3.3805 5.8534 5.8713 -4.9874 5.218 5.7241 -2.8692 5.4081 6
4 16 -5.9128 -5.1984 2.6301 -6.0926 -5.3291 2.3743 -6.3213 -5.6258 1.8587 -5.452 -5.799 1.922
4 16 2.2439 12.2796 5.7325 2.2804 12.1604 5.7301 3.7706 11.96 5.6262 3.8087 12.238 5.6233
4 12 -8.8565 -5.0425 .0505 -7.454 -5.621 .053 -7.415 -5.408 1.779 -8.8515 -4.9777 .5539
4 16 5.7063 12.4082 5.0871 4.1253 14.5142 5.7095 3.8087 12.238 5.6233 5.1127 12.2993 5.2505
3 16 3.8806 -1.7192 5.4796 2.735 -.23 6.133 2.7187 -1.5148 5.6669
3 353 -5.5645 -2.6378 4.9822 -6.0074 -2.7322 4.8841 -5.557 -2.768 4.935
3 353 7.7277 -4.1972 3.4731 7.5477 -3.9808 3.7111 7.516 -4.274 3.503
3 16 0 -4.5779 4.3995 -.4939 -4.5808 4.3808 0 -4.972 4.2
4 16 -5.7 -.29 5.834 -4.2763 -1.6161 5.4787 -3.1111 -1.4441 5.6545 -2.735 -.23 6.133
3 16 10.0127 1.8823 4.417 9.8344 2.092 4.4972 9.82 1.9509 4.5579
4 16 0 -4.972 4.2 1.5308 -5.156 3.8956 1.7742 -4.6731 4.1643 .49 -4.5839 4.3793
3 16 -8.4716 -3.0113 4.0591 -7.6926 -2.639 4.6639 -7.697 -2.598 4.693
4 353 -8.42 -3.9458 3.3751 -7.516 -4.274 3.503 -7.6158 -3.3501 4.159 -8.3037 -3.7838 3.5457
3 16 5.2432 -2.0669 5.2224 5.5899 -2.1978 5.1419 5.7 -.29 5.834
4 16 -1.8167 -4.5886 4.2114 -4.6145 -4.8445 3.5198 -4.7954 -4.8938 3.4537 -1.5308 -5.156 3.8956
3 353 7.8287 -4.3186 3.2035 7.7277 -4.1972 3.4731 7.516 -4.274 3.503
3 16 5.7319 -6.0409 .0405 5.7268 -6.034 .1043 5.662 -6.058 .04
3 16 6.2635 12.5105 4.9044 5.824 14.545 5.127 5.7674 12.4194 5.0665
3 16 -8.2697 3.7481 5.0411 -7.984 2.122 5.437 -6.0321 4.7997 5.5999
3 16 0 17 6.11 0 15.453 6.0149 .7435 15.9012 5.9978
4 16 1.6534 14.5351 5.8592 4.1253 14.5142 5.7095 1.595 15.8498 5.9435 1.5481 15.2745 5.911
3 16 0 17 6.11 .7435 15.9012 5.9978 1.285 16.0767 5.9761
3 16 1.5068 15.9948 5.9577 1.595 15.8498 5.9435 4.1253 14.5142 5.7095
3 16 0 17 6.11 1.285 16.0767 5.9761 1.5068 15.9948 5.9577
4 16 3.8087 12.238 5.6233 4.1253 14.5142 5.7095 1.6534 14.5351 5.8592 1.9025 13.3947 5.7915
3 353 2.702 -2.832 5.189 2.0878 -4.0508 4.5107 3.0383 -4.1233 4.2851
3 353 4.2111 -4.3648 3.9079 4.6254 -4.5199 3.7291 2.702 -2.832 5.189
3 353 5.121 -2.7778 4.9738 2.702 -2.832 5.189 4.6254 -4.5199 3.7291
4 353 5.121 -2.7778 4.9738 4.6254 -4.5199 3.7291 5.069 -4.7191 3.534 5.5244 -2.8983 4.8414
4 353 .5202 -3.9311 4.7087 1.2445 -3.9864 4.6555 2.702 -2.832 5.189 0 -2.763 5.318
3 353 0 -2.763 5.318 0 -3.9314 4.7267 .5202 -3.9311 4.7087
3 353 .7674 -2.0522 5.5467 0 -2.763 5.318 1.5956 -2.1028 5.4965
3 16 8.3879 -3.9574 3.3796 9.493 -3.5562 3.2233 7.7891 -3.2458 4.1657
3 16 6.7548 -2.6728 4.7995 7.697 -2.598 4.693 6.5551 -2.5622 4.8691
3 353 6.1107 -5.3695 2.3087 6.261 -5.6378 1.8631 7.415 -5.408 1.779
4 16 9.82 1.9509 4.5579 11 0 4 11 .7711 3.8467 10.0127 1.8823 4.417
4 16 2.796 2.38 6.276 5.719 2.216 5.963 5.7655 4.4864 5.6981 5.2723 4.677 5.7323
3 16 2.796 2.38 6.276 5.2723 4.677 5.7323 2.8692 5.4081 6
4 16 1.5308 -5.156 3.8956 2.8284 -5.6977 3.0284 4.3638 -5.124 3.3029 3.8775 -4.9676 3.578
3 16 3.8087 12.238 5.6233 4.0113 12.0321 5.5695 4.573 12.2003 5.4062
3 16 0 15.453 6.0149 0 17 6.11 -.7947 14.8345 5.9291
3 16 -3.8087 12.238 5.6233 -4.3893 11.6479 5.4691 -4.0153 11.5649 5.5579
4 16 -2.6252 12.9561 5.7277 -3.8087 12.238 5.6233 -2.5867 12.2705 5.7086 -2.5809 12.4504 5.7147
4 16 -2.6655 14.0103 5.774 -4.1253 14.5142 5.7095 -3.8087 12.238 5.6233 -2.698 13.7877 5.7618
3 16 -3.8087 12.238 5.6233 -2.6252 12.9561 5.7277 -2.698 13.7877 5.7618
3 16 -.9677 14.5409 5.9007 -4.1253 14.5142 5.7095 -2.3606 14.2026 5.8013
4 16 -1.1405 13.8571 5.8587 -.9677 14.5409 5.9007 -2.041 14.1383 5.8175 -1.2663 13.7807 5.8476
3 16 -4.1253 14.5142 5.7095 -2.6655 14.0103 5.774 -2.5609 14.1543 5.787
3 16 -2.3606 14.2026 5.8013 -2.041 14.1383 5.8175 -.9677 14.5409 5.9007
4 16 -.5231 5.5157 6.1379 -.8188 5.4366 6.1251 0 2.498 6.37 0 5.448 6.175
4 16 -2.4909 5.7686 5.9983 -2.8692 5.4081 6 0 2.498 6.37 -1.6708 5.4248 6.0731
3 353 -5.365 -2.5953 5.0165 -5.557 -2.768 4.935 -3.7995 -2.2618 5.29
4 353 -2.7107 -2.1451 5.4382 -3.7995 -2.2618 5.29 -5.557 -2.768 4.935 -2.702 -2.832 5.189
3 353 -2.702 -2.832 5.189 -4.1873 -4.1355 4.0616 -3.908 -4.0851 4.1468
4 353 -4.89 -4.2622 3.893 -4.1873 -4.1355 4.0616 -2.702 -2.832 5.189 -5.557 -2.768 4.935
3 353 -5.557 -2.768 4.935 -5.161 -4.3512 3.7981 -4.89 -4.2622 3.893
4 353 -2.702 -2.832 5.189 -1.3129 -3.9322 4.6805 0 -3.9314 4.7267 0 -2.763 5.318
3 353 -2.702 -2.832 5.189 -2.1285 -3.9699 4.5557 -1.3129 -3.9322 4.6805
4 353 -2.7107 -2.1451 5.4382 -2.702 -2.832 5.189 0 -2.763 5.318 -1.6569 -2.0321 5.5198
3 353 0 -2.763 5.318 -.8058 -2.0167 5.5581 -1.6569 -2.0321 5.5198
3 16 -8.4716 -3.0113 4.0591 -7.697 -2.598 4.693 -9.64 -1.9877 4.2958
3 353 -5.161 -4.3512 3.7981 -5.557 -2.768 4.935 -5.6263 -4.5041 3.6127
4 353 -7.516 -4.274 3.503 -5.557 -2.768 4.935 -6.0074 -2.7322 4.8841 -6.1188 -2.756 4.8477
4 353 -7.6158 -3.3501 4.159 -7.516 -4.274 3.503 -6.1188 -2.756 4.8477 -7.3123 -3.1588 4.3502
4 16 -5.7 -.29 5.834 -7.697 -2.598 4.693 -7.6216 -2.604 4.7015 -7.2058 -2.3989 4.8369
3 16 -5.8735 -1.9555 5.1913 -5.6073 -1.8961 5.2513 -5.7 -.29 5.834
4 12 -6.9786 -5.7369 .0496 -7.0449 -5.5452 1.4118 -7.415 -5.408 1.779 -7.454 -5.621 .053
4 353 -6.6313 -4.9697 2.727 -7.516 -4.274 3.503 -7.415 -5.408 1.779 -6.9371 -5.3012 2.1082
3 353 -6.6313 -4.9697 2.727 -5.9479 -4.6531 3.4519 -7.516 -4.274 3.503
3 16 -11 -3.6956 1.5308 -9.4692 -4.544 1.6307 -9.455 -4.4764 1.7657
4 16 -2.796 2.38 6.276 -5.5961 4.9773 5.6612 -5.7741 4.9069 5.649 -5.719 2.216 5.963
4 16 -5.5961 4.9773 5.6612 -2.796 2.38 6.276 -2.8692 5.4081 6 -4.9874 5.218 5.7241
4 16 0 2.498 6.37 2.8692 5.4081 6 .376 5.9824 6.1144 0 5.448 6.175
3 16 .376 5.9824 6.1144 0 5.7873 6.1513 0 5.448 6.175
3 16 0 -.181 6.189 0 -1.3208 5.8045 1.0981 -1.3482 5.7794
3 16 -9.3711 -4.0766 2.4721 -9.06 -3.7134 3.2846 -9.493 -3.5562 3.2233
3 353 7.516 -4.274 3.503 5.8551 -2.9971 4.7171 5.2697 -4.817 3.4298
3 16 -6.7461 12.1651 4.7305 -5.765 12.33 5.064 -5.824 14.545 5.127
4 353 7.516 -4.274 3.503 7.415 -5.408 1.779 8.1746 -5.0881 1.7305 7.8287 -4.3186 3.2035
4 16 -9.4509 12.4905 2.7605 -9.1581 12.4692 3.0276 -7.7861 14.3389 4.461 -9.5057 14.4025 2.8866
4 16 -.3065 -1.3132 5.8027 0 -.181 6.189 -2.735 -.23 6.133 -1.5455 -1.3316 5.7785
3 16 8.7081 12.6953 3.48 8.9848 12.7053 3.2086 7.7861 14.3389 4.461
3 16 2.4971 -1.4759 5.6896 2.7187 -1.5148 5.6669 2.735 -.23 6.133
3 353 7.5477 -3.9808 3.7111 6.9317 -3.4797 4.1815 7.516 -4.274 3.503
3 16 -5.452 -5.799 1.922 -6.3213 -5.6258 1.8587 -6.3527 -5.6666 1.565
3 16 7.3023 12.589 4.5607 7.76 12.6236 4.4083 7.7861 14.3389 4.461
3 16 -8.3236 12.4141 3.8449 -7.7554 12.3244 4.3991 -7.7861 14.3389 4.461
3 16 -1.7112 -1.3341 5.7713 -1.5455 -1.3316 5.7785 -2.735 -.23 6.133
4 16 4.1253 14.5142 5.7095 5.7063 12.4082 5.0871 5.7674 12.4194 5.0665 5.824 14.545 5.127
4 16 -6.7461 12.1651 4.7305 -5.824 14.545 5.127 -7.7861 14.3389 4.461 -7.5293 12.2887 4.4737
3 16 -5.452 -5.799 1.922 -5.0732 -4.9695 3.2685 -5.9128 -5.1984 2.6301
3 16 2.2804 12.1604 5.7301 2.3785 11.5431 5.7239 3.7706 11.96 5.6262
3 16 .49 -4.5839 4.3793 0 -4.5779 4.3995 0 -4.972 4.2
3 353 2.702 -2.832 5.189 5.121 -2.7778 4.9738 4.3717 -2.5539 5.1281
4 353 2.7094 -2.2462 5.4015 2.702 -2.832 5.189 4.3717 -2.5539 5.1281 3.1309 -2.3005 5.3408
3 16 3.8806 -1.7192 5.4796 4.5929 -1.901 5.3443 2.735 -.23 6.133
4 16 5.7655 4.4864 5.6981 5.719 2.216 5.963 7.984 2.122 5.437 6.4717 4.1967 5.5632
4 16 -2.5867 12.2705 5.7086 -3.8087 12.238 5.6233 -3.7021 11.4599 5.6315 -3.1233 11.2659 5.6721
3 16 -3.1233 11.2659 5.6721 -2.6215 11.1776 5.7073 -2.5867 12.2705 5.7086
4 16 1.7742 -4.6731 4.1643 1.5308 -5.156 3.8956 3.8775 -4.9676 3.578 2.7168 -4.7386 3.9448
3 16 -3.1111 -1.4441 5.6545 -2.72 -1.4133 5.7037 -2.735 -.23 6.133
4 16 -7.984 2.122 5.437 -5.719 2.216 5.963 -5.7741 4.9069 5.649 -6.0321 4.7997 5.5999
3 16 -6.7461 12.1651 4.7305 -5.7621 11.9526 5.072 -5.765 12.33 5.064
4 16 2.735 -.23 6.133 4.5929 -1.901 5.3443 5.2432 -2.0669 5.2224 5.7 -.29 5.834
4 16 8.173 3.1975 5.1751 7.5007 3.6469 5.3184 6.4717 4.1967 5.5632 7.984 2.122 5.437
4 16 -3.4277 9.442 5.6925 -3.4016 9.2484 5.7041 -3.2647 9.2515 5.7136 -3.3095 9.4121 5.7024
4 16 -11 1.5308 3.6956 -9.82 1.9509 4.5579 -9.9165 2.8934 4.1521 -10.5234 2.5746 3.7439
4 16 0 -4.972 4.2 -.4939 -4.5808 4.3808 -1.8167 -4.5886 4.2114 -1.5308 -5.156 3.8956
3 16 -5.7 -.29 5.834 -5.6073 -1.8961 5.2513 -4.5018 -1.6495 5.4454
3 16 -4.5018 -1.6495 5.4454 -4.2763 -1.6161 5.4787 -5.7 -.29 5.834
4 16 7.7861 14.3389 4.461 8.9848 12.7053 3.2086 9.4577 12.7273 2.7761 9.5057 14.4025 2.8866
4 226 8.0319 7.6292 4.262 7.9005 7.0764 4.4665 7.6945 5.6419 4.9319 8.443 4.734 4.801
3 226 8.443 4.734 4.801 8.3711 4.325 4.9006 8.5691 4.4792 4.7787
4 226 3.1513 7.4186 5.8307 2.9783 6.1859 5.9345 3.5825 6.0293 5.8205 3.7198 7.3995 5.7163
3 226 -7.9234 9.9753 4.204 -7.9011 9.9271 4.2252 -7.8619 9.9657 4.2694
4 226 -7.9537 10.4577 4.1719 -7.9717 10.0797 4.1526 -7.9234 9.9753 4.204 -7.8619 9.9657 4.2694
3 226 8.9194 4.7521 4.3934 9.5331 4.6477 3.9074 8.0319 7.6292 4.262
3 226 8.5691 4.4792 4.7787 8.6897 4.5732 4.642 8.443 4.734 4.801
3 226 7.2816 4.914 5.1585 8.443 4.734 4.801 7.6945 5.6419 4.9319
3 226 -7.9011 9.9271 4.2252 -7.8697 9.8592 4.2691 -7.8619 9.9657 4.2694
3 226 -9.4753 10.218 2.5526 -9.5593 8.2961 2.3572 -8.7004 9.141 3.3248
4 226 -8.8211 10.1157 3.2487 -9.4753 10.218 2.5526 -8.7004 9.141 3.3248 -8.7002 9.6342 3.3521
4 226 -8.7385 8.9253 3.2969 -8.7004 9.141 3.3248 -9.5593 8.2961 2.3572 -8.9658 8.4686 3.0607
3 226 -9.5593 8.2961 2.3572 -9.1393 8.1127 2.881 -8.9658 8.4686 3.0607
4 226 -7.8619 9.9657 4.2694 -7.8697 9.8592 4.2691 -7.823 9.7583 4.2931 -7.632 9.7423 4.3799
4 226 -7.4638 9.7281 4.4495 -7.1275 9.8709 4.5758 -6.839 10.1111 4.6754 -7.8619 9.9657 4.2694
3 226 -7.8619 9.9657 4.2694 -7.632 9.7423 4.3799 -7.4638 9.7281 4.4495
4 226 -7.7152 11.0147 4.3661 -6.839 10.1111 4.6754 -6.1926 10.6495 4.9486 -7.1758 11.4994 4.5954
3 226 -7.1758 11.4994 4.5954 -7.6467 11.5854 4.4142 -7.7152 11.0147 4.3661
4 226 -7.7152 11.0147 4.3661 -7.8174 10.776 4.3171 -7.8619 9.9657 4.2694 -6.839 10.1111 4.6754
3 226 3.5825 6.0293 5.8205 4.2899 6.6455 5.6425 3.7198 7.3995 5.7163
3 226 -7.8619 9.9657 4.2694 -7.8174 10.776 4.3171 -7.9537 10.4577 4.1719
4 226 3.1513 7.4186 5.8307 2.6057 7.4369 5.8658 2.4003 7.3448 5.8864 2.9783 6.1859 5.9345
4 226 1.7071 6.5155 5.9947 2.9783 6.1859 5.9345 2.4003 7.3448 5.8864 1.7911 6.7454 5.9719
3 226 4.2899 6.6455 5.6425 3.5825 6.0293 5.8205 4.4527 6.4301 5.6467
4 226 4.4527 6.4301 5.6467 3.5825 6.0293 5.8205 4.595 5.7668 5.7103 4.5687 6.1549 5.665
3 226 8.0319 7.6292 4.262 8.9607 8.0347 3.1037 8.3406 8.0219 3.8551
4 226 8.9607 8.0347 3.1037 8.6706 8.1564 3.4445 8.4887 8.1261 3.6671 8.3406 8.0219 3.8551
4 226 8.0319 7.6292 4.262 8.443 4.734 4.801 8.6897 4.5732 4.642 8.9194 4.7521 4.3934
4 226 8.9607 8.0347 3.1037 8.0319 7.6292 4.262 9.823 6.902 2.293 9.3791 7.7023 2.6722
3 226 9.823 6.902 2.293 9.7397 7.3426 2.3133 9.3791 7.7023 2.6722
3 226 -5.7566 11.2404 5.0872 -5.7528 10.7541 5.0976 -5.5455 10.804 5.1557
4 226 -5.2792 11.1532 5.2249 -5.7566 11.2404 5.0872 -5.5455 10.804 5.1557 -5.3297 10.9768 5.2139
4 226 -5.7528 10.7541 5.0976 -5.7566 11.2404 5.0872 -7.1758 11.4994 4.5954 -6.1926 10.6495 4.9486
4 226 -9.5593 8.2961 2.3572 -9.6876 7.6177 2.326 -9.1687 7.7056 2.9179 -9.1393 8.1127 2.881
4 226 8.3711 4.325 4.9006 8.443 4.734 4.801 7.2816 4.914 5.1585 8.1098 4.1215 5.026
3 226 7.2816 4.914 5.1585 7.2049 4.6401 5.2348 8.1098 4.1215 5.026
3 226 9.5331 4.6477 3.9074 9.762 4.6087 3.6264 9.9474 4.6779 3.3437
4 226 8.0319 7.6292 4.262 9.5331 4.6477 3.9074 9.9474 4.6779 3.3437 9.823 6.902 2.293
4 226 -8.8211 10.1157 3.2487 -8.887 10.4769 3.1788 -9.0267 10.6805 3.0302 -9.4753 10.218 2.5526
4 226 -9.0267 10.6805 3.0302 -9.2471 10.8234 2.8244 -9.4643 10.7883 2.608 -9.4753 10.218 2.5526
3 272 9.4393 12.0859 2.7338 9.4577 12.7273 2.7761 8.9848 12.7053 3.2086
4 272 9.4393 12.0859 2.7338 8.7081 12.6953 3.48 7.76 12.6236 4.4083 7.7504 11.9962 4.389
3 272 7.7504 11.9962 4.389 7.6369 11.8981 4.4298 7.7552 11.909 4.3839
3 272 7.7504 11.9962 4.389 7.7552 11.909 4.3839 7.8284 11.9158 4.306
3 272 7.7504 11.9962 4.389 7.76 12.6236 4.4083 7.3023 12.589 4.5607
4 272 7.7504 11.9962 4.389 6.2635 12.5105 4.9044 5.7674 12.4194 5.0665 5.765 12.33 5.064
3 272 5.765 12.33 5.064 5.7674 12.4194 5.0665 5.7063 12.4082 5.0871
3 272 5.765 12.33 5.064 5.7063 12.4082 5.0871 5.1127 12.2993 5.2505
3 272 7.8619 9.9657 4.2694 7.704 9.3594 4.3587 7.9089 9.32 4.2674
4 272 7.8619 9.9657 4.2694 6.5049 10.1586 4.808 6.3446 9.4623 4.9256 7.2717 9.3921 4.553
3 272 5.557 -2.768 4.935 5.5244 -2.8983 4.8414 5.8551 -2.9971 4.7171
4 272 8.173 3.1975 5.1751 8.31 3.9771 4.9853 8.1098 4.1215 5.026 7.5007 3.6469 5.3184
3 272 -9.4393 12.0859 2.7338 -9.1581 12.4692 3.0276 -9.4509 12.4905 2.7605
3 272 -7.7504 11.9962 4.389 -7.6467 11.5854 4.4142 -7.1758 11.4994 4.5954
3 272 -7.7504 11.9962 4.389 -8.0824 11.6539 4.0355 -7.7719 11.6051 4.366
3 272 -7.7504 11.9962 4.389 -7.5293 12.2887 4.4737 -7.7554 12.3244 4.3991
3 272 -7.7504 11.9962 4.389 -6.7461 12.1651 4.7305 -7.5293 12.2887 4.4737
3 272 -8.0319 7.6292 4.262 -8.2561 7.184 4.2091 -8.0915 7.2092 4.3402
4 272 -8.0319 7.6292 4.262 -8.4757 7.823 3.7085 -9.1687 7.7056 2.9179 -9.823 6.902 2.293
3 272 -5.79 7.952 5.265 -5.7873 7.2701 5.3516 -5.0298 7.2899 5.4563
3 272 -5.79 7.952 5.265 -6.3647 7.2549 5.1645 -5.7873 7.2701 5.3516
3 272 -3.251 8.1295 5.7709 -2.5831 8.1321 5.8153 -2.6559 8.5292 5.793
4 272 -3.1483 9.7504 5.6968 -2.3242 9.7138 5.757 -1.9121 10.1348 5.7651 -2.7901 10.2632 5.6965
3 272 -9.443 -4.8005 .0495 -8.8565 -5.0425 .0505 -8.8515 -4.9777 .5539
4 272 -8.42 -3.9458 3.3751 -9.06 -3.7134 3.2846 -9.3711 -4.0766 2.4721 -8.755 -4.4122 2.3786
3 272 -9.4692 -4.544 1.6307 -8.8237 -4.8147 1.6891 -8.7617 -4.4517 2.3101
4 272 -8.8237 -4.8147 1.6891 -9.4692 -4.544 1.6307 -9.443 -4.8005 .0495 -8.8515 -4.9777 .5539
3 272 -5.779 5.147 5.621 -6.0321 4.7997 5.5999 -5.7741 4.9069 5.649
3 272 -9.823 6.902 2.293 -8.2561 7.184 4.2091 -8.0319 7.6292 4.262
3 272 5.2697 -4.817 3.4298 5.069 -4.7191 3.534 5.03 -4.875 3.422
3 272 8.0828 10 4.0343 7.8572 10.0515 4.2745 7.8619 9.9657 4.2694
4 272 4.6495 9.3256 5.3998 4.3393 10.0308 5.4558 3.5364 10.2499 5.6443 3.3806 9.0925 5.7134
4 272 3.8438 7.7921 5.6693 3.7198 7.3995 5.7163 4.9371 7.2092 5.4796 4.7306 7.484 5.5063
3 272 2.9783 6.1859 5.9345 2.8692 5.4081 6 3.5825 6.0293 5.8205
4 272 2.2439 12.2796 5.7325 1.9025 13.3947 5.7915 1.0217 13.9291 5.8692 1.493 12.2995 5.785
4 272 .3592 12.3297 5.8641 .7381 12.3196 5.8377 .2758 13.4522 5.9055 .2558 12.9229 5.8901
4 272 -9.1871 3.23 4.6696 -8.2697 3.7481 5.0411 -8.3871 4.4159 4.8784 -8.6789 4.2572 4.7594
4 272 3.215 7.8731 5.7925 2.8649 7.9182 5.8125 2.6057 7.4369 5.8658 3.1513 7.4186 5.8307
4 272 -4.7773 10.1502 5.3465 -4.8729 9.884 5.3305 -4.2048 9.6389 5.499 -4.205 10.0874 5.4868
3 272 -3.4016 9.2484 5.7041 -3.4219 8.7679 5.7122 -3.3469 8.5691 5.7358
4 272 -7.0191 -5.4869 1.8078 -7.0449 -5.5452 1.4118 -6.3774 -5.7927 .7497 -6.3527 -5.6666 1.565
4 272 3.5825 6.0293 5.8205 2.8692 5.4081 6 5.779 5.147 5.621 4.595 5.7668 5.7103
3 272 -2.9553 6.0216 5.9484 -2.511 6.7184 5.9259 -2.7244 7.1042 5.8828
3 272 3.8775 -4.9676 3.578 4.3638 -5.124 3.3029 5.03 -4.875 3.422
3 272 -.9677 14.5409 5.9007 -1.1405 13.8571 5.8587 0 14.5491 5.9593
4 272 -1.2663 13.7807 5.8476 -2.041 14.1383 5.8175 -2.698 13.7877 5.7618 -2.6252 12.9561 5.7277
4 272 -7.6926 -2.639 4.6639 -7.3123 -3.1588 4.3502 -6.1188 -2.756 4.8477 -7.6216 -2.604 4.7015
3 272 5.2723 4.677 5.7323 5.7655 4.4864 5.6981 5.779 5.147 5.621
3 272 7.9089 9.32 4.2674 8.6662 9.1745 3.3633 7.8619 9.9657 4.2694
4 272 -5.195 9.2085 5.2967 -5.7697 9.0972 5.1873 -5.7742 8.8424 5.2046 -5.3891 8.8604 5.282
3 272 -3.3053 8.176 5.7565 -3.331 8.1239 5.755 -3.251 8.1295 5.7709
4 272 8.2033 -5.1719 1.1067 8.3222 -5.2629 .0515 8.9644 -4.998 .0504 8.8745 -4.9708 .5343
4 272 -3.997 6.3904 5.7162 -5.7809 5.6437 5.558 -5.779 5.147 5.621 -4.9874 5.218 5.7241
3 272 5.0531 -5.3456 2.7281 5.03 -4.875 3.422 4.3638 -5.124 3.3029
3 272 -4.9019 -4.9229 3.3991 -4.7954 -4.8938 3.4537 -5.03 -4.875 3.422
3 272 -5.7741 4.9069 5.649 -5.5961 4.9773 5.6612 -5.779 5.147 5.621
3 272 -8.4757 7.823 3.7085 -8.0319 7.6292 4.262 -8.0138 7.8784 4.2628
3 272 5.6914 -5.0228 2.9664 5.2697 -4.817 3.4298 5.03 -4.875 3.422
3 272 -5.0732 -4.9695 3.2685 -4.9019 -4.9229 3.3991 -5.03 -4.875 3.422
4 272 -5.6073 -1.8961 5.2513 -5.8735 -1.9555 5.1913 -6.0074 -2.7322 4.8841 -5.5645 -2.6378 4.9822
4 272 6.2811 10.7935 4.9156 5.7527 10.745 5.0978 5.7512 10.5479 5.102 6.1681 10.6732 4.9566
3 272 -5.5961 4.9773 5.6612 -4.9874 5.218 5.7241 -5.779 5.147 5.621
4 272 -.3813 12.3291 5.8626 -1.1432 12.3088 5.8094 -1.045 11.7218 5.8168 -.3602 12.1264 5.8643
4 272 -3.5929 10.6623 5.6399 -3.1199 10.496 5.6731 -2.6215 11.1776 5.7073 -3.1233 11.2659 5.6721
4 272 8.3879 -3.9574 3.3796 7.7891 -3.2458 4.1657 7.6362 -3.1611 4.2932 7.5477 -3.9808 3.7111
3 272 -5.7809 5.6437 5.558 -7.4128 4.8937 5.1181 -5.779 5.147 5.621
4 272 -1.3129 -3.9322 4.6805 -.4939 -4.5808 4.3808 0 -4.5779 4.3995 0 -3.9314 4.7267
4 272 -5.9479 -4.6531 3.4519 -6.6313 -4.9697 2.727 -6.9371 -5.3012 2.1082 -5.03 -4.875 3.422
4 272 3.7706 11.96 5.6262 3.6663 11.198 5.6343 4.5788 11.4554 5.4188 4.0113 12.0321 5.5695
4 272 5.3269 10.695 5.2201 4.5045 10.5355 5.416 3.5364 10.2499 5.6443 4.7894 10.259 5.3406
4 272 -4.3893 11.6479 5.4691 -5.7621 11.9526 5.072 -5.7566 11.2404 5.0872 -5.2792 11.1532 5.2249
4 272 2.375 10.2706 5.7255 .8904 10.0215 5.8431 1.3647 9.3963 5.8409 1.7862 9.5861 5.8015
4 272 -2.7107 -2.1451 5.4382 -3.1111 -1.4441 5.6545 -4.2763 -1.6161 5.4787 -3.7995 -2.2618 5.29
4 272 11 1.5308 3.6956 9.9094 2.824 4.182 9.8344 2.092 4.4972 10.0127 1.8823 4.417
4 272 .49 -4.5839 4.3793 1.7742 -4.6731 4.1643 2.0878 -4.0508 4.5107 1.2445 -3.9864 4.6555
4 272 -9.06 -3.7134 3.2846 -8.3037 -3.7838 3.5457 -7.6158 -3.3501 4.159 -8.4716 -3.0113 4.0591
4 272 .2494 10.3084 5.8741 1.9227 10.5306 5.7568 1.673 11.236 5.7735 1.0516 10.9218 5.8173
4 272 -2.1285 -3.9699 4.5557 -3.908 -4.0851 4.1468 -4.6145 -4.8445 3.5198 -1.8167 -4.5886 4.2114
3 272 5.121 -2.7778 4.9738 5.5244 -2.8983 4.8414 5.557 -2.768 4.935
3 272 5.069 -4.7191 3.534 4.6254 -4.5199 3.7291 5.03 -4.875 3.422
4 272 -.9685 11.2642 5.8227 -1.9166 10.9761 5.7567 -1.6099 10.2842 5.779 -1.3823 10.3966 5.7948
4 272 -4.2763 -1.6161 5.4787 -4.5018 -1.6495 5.4454 -5.6073 -1.8961 5.2513 -5.365 -2.5953 5.0165
3 272 10.0127 1.8823 4.417 11 .7711 3.8467 11 1.5308 3.6956
3 272 9.4393 12.0859 2.7338 8.9848 12.7053 3.2086 8.7081 12.6953 3.48
4 272 7.8284 11.9158 4.306 9.4407 12.0166 2.7271 9.4393 12.0859 2.7338 7.7504 11.9962 4.389
4 272 5.9815 11.745 5.0006 7.6369 11.8981 4.4298 7.7504 11.9962 4.389 5.765 12.33 5.064
3 272 5.765 12.33 5.064 5.7601 11.7012 5.0774 5.9815 11.745 5.0006
3 272 7.7504 11.9962 4.389 7.3023 12.589 4.5607 6.2635 12.5105 4.9044
3 272 7.8619 9.9657 4.2694 7.2717 9.3921 4.553 7.704 9.3594 4.3587
4 272 6.5049 10.1586 4.808 5.7509 10.159 5.1153 5.7639 9.4262 5.165 6.3446 9.4623 4.9256
4 272 4.3717 -2.5539 5.1281 5.121 -2.7778 4.9738 5.557 -2.768 4.935 4.5929 -1.901 5.3443
4 272 4.5929 -1.901 5.3443 3.8806 -1.7192 5.4796 3.1309 -2.3005 5.3408 4.3717 -2.5539 5.1281
4 272 3.8806 -1.7192 5.4796 2.7187 -1.5148 5.6669 2.7094 -2.2462 5.4015 3.1309 -2.3005 5.3408
4 272 4.5929 -1.901 5.3443 5.557 -2.768 4.935 5.5899 -2.1978 5.1419 5.2432 -2.0669 5.2224
4 272 5.9404 -3.0226 4.6839 6.7548 -2.6728 4.7995 5.557 -2.768 4.935 5.8551 -2.9971 4.7171
4 272 5.9404 -3.0226 4.6839 6.9317 -3.4797 4.1815 7.6362 -3.1611 4.2932 6.7548 -2.6728 4.7995
3 272 7.5477 -3.9808 3.7111 7.6362 -3.1611 4.2932 6.9317 -3.4797 4.1815
3 272 5.779 5.147 5.621 5.7655 4.4864 5.6981 6.4717 4.1967 5.5632
4 272 5.779 5.147 5.621 6.4717 4.1967 5.5632 7.2049 4.6401 5.2348 6.3098 5.0647 5.4576
4 272 6.4717 4.1967 5.5632 7.5007 3.6469 5.3184 8.1098 4.1215 5.026 7.2049 4.6401 5.2348
3 272 -9.1581 12.4692 3.0276 -9.4393 12.0859 2.7338 -8.3236 12.4141 3.8449
4 272 -7.7554 12.3244 4.3991 -8.3236 12.4141 3.8449 -9.4393 12.0859 2.7338 -7.7504 11.9962 4.389
3 272 -8.0824 11.6539 4.0355 -7.7504 11.9962 4.389 -8.9187 11.7855 3.2227
4 272 -9.4443 11.827 2.7087 -8.9187 11.7855 3.2227 -7.7504 11.9962 4.389 -9.4393 12.0859 2.7338
3 272 -6.7461 12.1651 4.7305 -7.7504 11.9962 4.389 -7.1758 11.4994 4.5954
4 272 -7.1758 11.4994 4.5954 -5.7566 11.2404 5.0872 -5.7621 11.9526 5.072 -6.7461 12.1651 4.7305
3 272 -7.7504 11.9962 4.389 -7.7719 11.6051 4.366 -7.6467 11.5854 4.4142
3 272 -9.1687 7.7056 2.9179 -9.6876 7.6177 2.326 -9.823 6.902 2.293
4 272 -3.372 8.047 5.7509 -5.79 7.952 5.265 -5.0298 7.2899 5.4563 -3.5833 7.3278 5.748
3 272 -3.251 8.1295 5.7709 -3.331 8.1239 5.755 -3.372 8.047 5.7509
4 272 -3.5833 7.3278 5.748 -3.4179 7.0555 5.7968 -3.251 8.1295 5.7709 -3.372 8.047 5.7509
4 272 -3.251 8.1295 5.7709 -3.4179 7.0555 5.7968 -3.3493 6.654 5.8331 -2.9553 6.0216 5.9484
4 272 -2.9553 6.0216 5.9484 -3.3493 6.654 5.8331 -3.997 6.3904 5.7162 -3.3805 5.8534 5.8713
3 272 -3.4016 9.2484 5.7041 -3.251 8.1295 5.7709 -3.2647 9.2515 5.7136
4 272 -3.251 8.1295 5.7709 -2.6559 8.5292 5.793 -2.579 9.1844 5.7655 -3.2647 9.2515 5.7136
4 272 -3.4836 9.8573 5.6677 -3.4277 9.442 5.6925 -3.3095 9.4121 5.7024 -3.1483 9.7504 5.6968
3 272 -3.3095 9.4121 5.7024 -3.2647 9.2515 5.7136 -3.1483 9.7504 5.6968
4 272 -2.3242 9.7138 5.757 -3.1483 9.7504 5.6968 -3.2647 9.2515 5.7136 -2.579 9.1844 5.7655
3 272 -1.6099 10.2842 5.779 -2.7901 10.2632 5.6965 -1.9121 10.1348 5.7651
3 272 -9.455 -4.4764 1.7657 -9.4692 -4.544 1.6307 -8.7617 -4.4517 2.3101
4 272 -9.455 -4.4764 1.7657 -8.7617 -4.4517 2.3101 -8.755 -4.4122 2.3786 -9.3711 -4.0766 2.4721
3 272 -6.0321 4.7997 5.5999 -5.779 5.147 5.621 -7.4128 4.8937 5.1181
4 272 -6.0321 4.7997 5.5999 -7.4128 4.8937 5.1181 -8.3871 4.4159 4.8784 -8.2697 3.7481 5.0411
3 272 .4627 7.7013 5.989 .1618 7.3037 6.0354 1.007 7.1264 5.9954
4 272 .1618 7.3037 6.0354 0 7.1975 6.0529 0 5.7873 6.1513 .376 5.9824 6.1144
4 272 1.7071 6.5155 5.9947 1.007 7.1264 5.9954 .1618 7.3037 6.0354 .376 5.9824 6.1144
3 272 .376 5.9824 6.1144 2.8692 5.4081 6 1.7071 6.5155 5.9947
3 272 0 8.5163 5.9705 0 9.4412 5.9298 -.4132 9.1061 5.917
4 272 0 8.5163 5.9705 -.4132 9.1061 5.917 -1.0524 8.4408 5.9037 -.185 8.3519 5.9654
4 272 -1.2593 8.1373 5.9032 -.3582 8.1408 5.9631 -.185 8.3519 5.9654 -1.0524 8.4408 5.9037
3 272 -2.1975 8.1336 5.8409 -1.7878 8.1352 5.8681 -2.0184 8.7134 5.8273
4 272 -2.0184 8.7134 5.8273 -1.7878 8.1352 5.8681 -1.5844 9.2219 5.8339 -1.7482 9.1176 5.8276
4 272 1.0981 -1.3482 5.7794 0 -1.3208 5.8045 -.0405 -2.0029 5.5738 .7674 -2.0522 5.5467
3 272 .7674 -2.0522 5.5467 1.4891 -1.3839 5.7617 1.0981 -1.3482 5.7794
3 272 7.8619 9.9657 4.2694 8.6662 9.1745 3.3633 8.0828 10 4.0343
4 272 8.0828 10 4.0343 8.6662 9.1745 3.3633 9.5273 9.0281 2.4317 9.4964 9.7347 2.5035
4 272 -4.1873 -4.1355 4.0616 -4.89 -4.2622 3.893 -5.161 -4.3512 3.7981 -5.03 -4.875 3.422
4 272 -6.3071 -5.9007 .0447 -6.3774 -5.7927 .7497 -7.0449 -5.5452 1.4118 -6.9786 -5.7369 .0496
4 272 9.7123 2.1687 4.5769 9.0989 3.4083 4.6852 8.31 3.9771 4.9853 8.173 3.1975 5.1751
3 272 4.6495 9.3256 5.3998 5.6088 10.1461 5.1452 4.3393 10.0308 5.4558
3 272 4.3893 10.1388 5.4407 4.7894 10.259 5.3406 3.5364 10.2499 5.6443
3 272 4.3393 10.0308 5.4558 4.3893 10.1388 5.4407 3.5364 10.2499 5.6443
4 272 7.8287 -4.3186 3.2035 8.1746 -5.0881 1.7305 8.829 -4.8125 1.6888 8.7238 -4.4463 2.3463
3 272 4.9371 7.2092 5.4796 5.0428 7.3012 5.453 4.7306 7.484 5.5063
4 272 3.8438 7.7921 5.6693 3.215 7.8731 5.7925 3.1513 7.4186 5.8307 3.7198 7.3995 5.7163
4 272 -.5056 6.3216 6.0827 0 5.7873 6.1513 0 7.1975 6.0529 -.2485 7.0345 6.0488
4 272 -.699 7.4761 5.9901 -1.2119 6.9873 5.9924 -.5056 6.3216 6.0827 -.2485 7.0345 6.0488
3 272 -.8188 5.4366 6.1251 -.5231 5.5157 6.1379 -.9078 6.1359 6.0707
4 272 0 5.7873 6.1513 -.5056 6.3216 6.0827 -.9078 6.1359 6.0707 -.5231 5.5157 6.1379
4 272 -.9078 6.1359 6.0707 -1.3569 6.1027 6.0452 -1.6708 5.4248 6.0731 -.8188 5.4366 6.1251
4 272 -2.4909 5.7686 5.9983 -1.6708 5.4248 6.0731 -1.3569 6.1027 6.0452 -1.9522 6.2819 5.9958
3 272 -1.5455 -1.3316 5.7785 -.8058 -2.0167 5.5581 -.3065 -1.3132 5.8027
4 272 0 -1.3208 5.8045 -.3065 -1.3132 5.8027 -.8058 -2.0167 5.5581 -.0405 -2.0029 5.5738
4 272 5.7268 -6.034 .1043 6.3529 -5.8018 .7254 6.261 -5.6378 1.8631 5.5424 -5.781 1.9154
3 272 .7381 12.3196 5.8377 .3445 13.6088 5.9057 .2758 13.4522 5.9055
4 272 -5.161 -4.3512 3.7981 -5.6263 -4.5041 3.6127 -5.9479 -4.6531 3.4519 -5.03 -4.875 3.422
3 272 1.294 8.1371 5.9009 .5754 8.14 5.9487 1.2232 7.7227 5.9367
4 272 1.007 7.1264 5.9954 1.2232 7.7227 5.9367 .5754 8.14 5.9487 .4627 7.7013 5.989
4 272 2.6057 7.4369 5.8658 2.053 8.1342 5.8505 1.8796 7.7976 5.8873 2.4003 7.3448 5.8864
4 272 2.9177 8.1308 5.793 2.053 8.1342 5.8505 2.6057 7.4369 5.8658 2.8649 7.9182 5.8125
4 272 1.3357 7.2816 5.9622 1.007 7.1264 5.9954 1.7071 6.5155 5.9947 1.7911 6.7454 5.9719
4 272 2.4003 7.3448 5.8864 1.8796 7.7976 5.8873 1.3357 7.2816 5.9622 1.7911 6.7454 5.9719
3 272 2.9783 6.1859 5.9345 1.7071 6.5155 5.9947 2.8692 5.4081 6
4 272 -3.4277 9.442 5.6925 -3.4836 9.8573 5.6677 -4.205 10.0874 5.4868 -4.2048 9.6389 5.499
4 272 -5.0895 10.1062 5.2721 -5.0254 9.9677 5.2913 -4.8729 9.884 5.3305 -4.7773 10.1502 5.3465
4 272 -4.5299 9.2233 5.4315 -4.0742 8.8335 5.5525 -3.5389 8.8226 5.6824 -3.4016 9.2484 5.7041
4 272 -3.3053 8.176 5.7565 -3.251 8.1295 5.7709 -3.4016 9.2484 5.7041 -3.3469 8.5691 5.7358
3 272 -3.4016 9.2484 5.7041 -3.5389 8.8226 5.6824 -3.4219 8.7679 5.7122
3 272 1.4891 -1.3839 5.7617 .7674 -2.0522 5.5467 1.5956 -2.1028 5.4965
4 272 1.4891 -1.3839 5.7617 1.5956 -2.1028 5.4965 2.7094 -2.2462 5.4015 2.4971 -1.4759 5.6896
3 272 2.7094 -2.2462 5.4015 2.7187 -1.5148 5.6669 2.4971 -1.4759 5.6896
4 272 .8886 14.5416 5.9055 1.0217 13.9291 5.8692 1.9025 13.3947 5.7915 1.6534 14.5351 5.8592
3 272 -6.3213 -5.6258 1.8587 -7.0191 -5.4869 1.8078 -6.3527 -5.6666 1.565
3 272 -2.5809 12.4504 5.7147 -2.5867 12.2705 5.7086 -1.8993 12.2887 5.7566
4 272 -2.5809 12.4504 5.7147 -1.8993 12.2887 5.7566 -1.8867 13.2541 5.7881 -2.6252 12.9561 5.7277
4 272 -1.2004 12.6507 5.8163 -1.1652 13.7341 5.8531 -1.2663 13.7807 5.8476 -1.7211 13.2368 5.799
3 272 -1.2663 13.7807 5.8476 -2.6252 12.9561 5.7277 -1.8867 13.2541 5.7881
3 272 0 14.5491 5.9593 -1.1405 13.8571 5.8587 -.3905 14.0734 5.9173
4 272 -1.1652 13.7341 5.8531 -.4568 13.5519 5.8962 -.3905 14.0734 5.9173 -1.1405 13.8571 5.8587
3 272 -1.2663 13.7807 5.8476 -1.8867 13.2541 5.7881 -1.7211 13.2368 5.799
4 272 -1.1432 12.3088 5.8094 -.3813 12.3291 5.8626 -.4418 12.91 5.8768 -1.2004 12.6507 5.8163
4 272 -1.2004 12.6507 5.8163 -.4418 12.91 5.8768 -.4568 13.5519 5.8962 -1.1652 13.7341 5.8531
4 272 4.6495 9.3256 5.3998 5.7639 9.4262 5.165 5.7509 10.159 5.1153 5.6088 10.1461 5.1452
4 272 8.8745 -4.9708 .5343 8.829 -4.8125 1.6888 8.1746 -5.0881 1.7305 8.2033 -5.1719 1.1067
3 272 5.779 5.147 5.621 5.7796 5.2949 5.6022 4.595 5.7668 5.7103
4 272 4.9371 7.2092 5.4796 5.0132 7.1972 5.4704 5.1723 7.2254 5.4443 5.0428 7.3012 5.453
4 272 -1.2119 6.9873 5.9924 -.699 7.4761 5.9901 -.7729 7.635 5.9733 -1.3023 7.0726 5.98
4 272 -1.4248 7.8946 5.9103 -.7729 7.635 5.9733 -.3582 8.1408 5.9631 -1.2593 8.1373 5.9032
4 272 -1.8237 7.7396 5.8953 -2.3244 7.7227 5.8632 -2.4145 6.9852 5.9123 -2.0738 6.9507 5.9377
4 272 -2.0738 6.9507 5.9377 -1.3023 7.0726 5.98 -1.6507 7.7593 5.9054 -1.8237 7.7396 5.8953
3 272 -2.7244 7.1042 5.8828 -2.4145 6.9852 5.9123 -2.3244 7.7227 5.8632
4 272 -1.6507 7.7593 5.9054 -1.3023 7.0726 5.98 -.7729 7.635 5.9733 -1.4248 7.8946 5.9103
3 272 -1.8354 7.8807 5.884 -1.7878 8.1352 5.8681 -2.1975 8.1336 5.8409
4 272 -1.8237 7.7396 5.8953 -1.8354 7.8807 5.884 -2.1975 8.1336 5.8409 -2.3244 7.7227 5.8632
4 272 -3.251 8.1295 5.7709 -2.7244 7.1042 5.8828 -2.3244 7.7227 5.8632 -2.5831 8.1321 5.8153
3 272 -3.251 8.1295 5.7709 -2.9553 6.0216 5.9484 -2.7244 7.1042 5.8828
3 272 -2.4909 5.7686 5.9983 -1.9522 6.2819 5.9958 -2.1778 6.4127 5.971
4 272 -2.4909 5.7686 5.9983 -2.1778 6.4127 5.971 -2.511 6.7184 5.9259 -2.9553 6.0216 5.9484
4 272 -1.7112 -1.3341 5.7713 -2.72 -1.4133 5.7037 -2.7107 -2.1451 5.4382 -1.6569 -2.0321 5.5198
4 272 -.8058 -2.0167 5.5581 -1.5455 -1.3316 5.7785 -1.7112 -1.3341 5.7713 -1.6569 -2.0321 5.5198
4 272 5.3434 -5.5613 2.3079 5.5424 -5.781 1.9154 6.261 -5.6378 1.8631 6.1107 -5.3695 2.3087
3 272 6.1107 -5.3695 2.3087 5.6914 -5.0228 2.9664 5.3434 -5.5613 2.3079
3 272 -2.041 14.1383 5.8175 -2.3606 14.2026 5.8013 -2.698 13.7877 5.7618
4 272 -2.5609 14.1543 5.787 -2.6655 14.0103 5.774 -2.698 13.7877 5.7618 -2.3606 14.2026 5.8013
3 272 -7.6926 -2.639 4.6639 -7.6158 -3.3501 4.159 -7.3123 -3.1588 4.3502
3 272 -6.1188 -2.756 4.8477 -6.0074 -2.7322 4.8841 -7.6216 -2.604 4.7015
4 272 -4.0742 8.8335 5.5525 -4.5299 9.2233 5.4315 -5.195 9.2085 5.2967 -5.3891 8.8604 5.282
3 272 -3.3805 5.8534 5.8713 -3.997 6.3904 5.7162 -4.9874 5.218 5.7241
4 272 5.6914 -5.0228 2.9664 5.03 -4.875 3.422 5.0531 -5.3456 2.7281 5.3434 -5.5613 2.3079
4 272 6.7548 -2.6728 4.7995 6.5551 -2.5622 4.8691 5.5899 -2.1978 5.1419 5.557 -2.768 4.935
4 272 -5.0732 -4.9695 3.2685 -5.03 -4.875 3.422 -6.9371 -5.3012 2.1082 -5.9128 -5.1984 2.6301
4 272 -6.0926 -5.3291 2.3743 -6.9371 -5.3012 2.1082 -7.0191 -5.4869 1.8078 -6.3213 -5.6258 1.8587
3 272 -5.9128 -5.1984 2.6301 -6.9371 -5.3012 2.1082 -6.0926 -5.3291 2.3743
3 272 2.8692 5.4081 6 5.2723 4.677 5.7323 5.779 5.147 5.621
4 272 .5989 10.9544 5.8489 .9173 11.7327 5.8258 .7381 12.3196 5.8377 .3592 12.3297 5.8641
4 272 1.9227 10.5306 5.7568 2.6076 10.7986 5.7086 2.3785 11.5431 5.7239 1.673 11.236 5.7735
4 272 1.493 12.2995 5.785 1.5571 12.0898 5.7807 2.2804 12.1604 5.7301 2.2439 12.2796 5.7325
4 272 2.6076 10.7986 5.7086 3.6663 11.198 5.6343 3.7706 11.96 5.6262 2.3785 11.5431 5.7239
4 272 1.673 11.236 5.7735 2.3785 11.5431 5.7239 2.2804 12.1604 5.7301 1.5571 12.0898 5.7807
4 272 9.0989 3.4083 4.6852 9.7123 2.1687 4.5769 9.8344 2.092 4.4972 9.9094 2.824 4.182
3 272 6.3098 5.0647 5.4576 5.7796 5.2949 5.6022 5.779 5.147 5.621
3 272 .49 -4.5839 4.3793 1.2445 -3.9864 4.6555 .5202 -3.9311 4.7087
4 272 .5202 -3.9311 4.7087 0 -3.9314 4.7267 0 -4.5779 4.3995 .49 -4.5839 4.3793
3 272 5.765 12.33 5.064 5.1127 12.2993 5.2505 5.7601 11.7012 5.0774
4 272 5.7601 11.7012 5.0774 5.1127 12.2993 5.2505 4.573 12.2003 5.4062 4.5788 11.4554 5.4188
3 272 4.573 12.2003 5.4062 4.0113 12.0321 5.5695 4.5788 11.4554 5.4188
4 272 5.7512 10.5479 5.102 5.7527 10.745 5.0978 5.3269 10.695 5.2201 5.5354 10.4831 5.1647
4 272 -5.8735 -1.9555 5.1913 -7.2058 -2.3989 4.8369 -7.6216 -2.604 4.7015 -6.0074 -2.7322 4.8841
4 272 -1.8993 12.2887 5.7566 -2.5867 12.2705 5.7086 -2.6215 11.1776 5.7073 -1.9135 11.2087 5.7567
4 272 -2.7245 10.357 5.7009 -1.9135 11.2087 5.7567 -2.6215 11.1776 5.7073 -3.1199 10.496 5.6731
3 272 -3.1233 11.2659 5.6721 -3.7021 11.4599 5.6315 -3.5929 10.6623 5.6399
4 272 -6.6973 8.8338 4.829 -5.7742 8.8424 5.2046 -5.7697 9.0972 5.1873 -6.3553 8.9839 4.9571
3 272 7.7277 -4.1972 3.4731 8.3879 -3.9574 3.3796 7.5477 -3.9808 3.7111
4 272 1.5481 15.2745 5.911 1.595 15.8498 5.9435 1.5068 15.9948 5.9577 1.285 16.0767 5.9761
4 272 .778 15.0508 5.9434 1.5481 15.2745 5.911 1.285 16.0767 5.9761 .7435 15.9012 5.9978
4 272 .7435 15.9012 5.9978 0 15.453 6.0149 .4806 14.9255 5.9536 .778 15.0508 5.9434
3 272 0 15.453 6.0149 0 14.5491 5.9593 .4806 14.9255 5.9536
4 272 1.6534 14.5351 5.8592 1.5481 15.2745 5.911 .778 15.0508 5.9434 .8886 14.5416 5.9055
4 272 -8.6789 4.2572 4.7594 -9.9835 3.5474 3.8705 -9.9165 2.8934 4.1521 -9.1871 3.23 4.6696
4 272 5.03 -4.875 3.422 4.6254 -4.5199 3.7291 4.2111 -4.3648 3.9079 3.8775 -4.9676 3.578
4 272 2.7168 -4.7386 3.9448 3.8775 -4.9676 3.578 4.2111 -4.3648 3.9079 3.0383 -4.1233 4.2851
4 272 1.7742 -4.6731 4.1643 2.7168 -4.7386 3.9448 3.0383 -4.1233 4.2851 2.0878 -4.0508 4.5107
3 272 5.5354 10.4831 5.1647 5.3269 10.695 5.2201 4.7894 10.259 5.3406
3 272 -4.9573 11.0706 5.3183 -4.3893 11.6479 5.4691 -5.2792 11.1532 5.2249
4 272 3.5364 10.2499 5.6443 2.7868 9.9347 5.7132 3.117 8.9322 5.7401 3.3806 9.0925 5.7134
4 272 2.9651 8.3215 5.7815 3.117 8.9322 5.7401 2.3042 9.1991 5.7843 2.292 8.7736 5.8065
4 272 2.1167 9.5017 5.7823 2.3042 9.1991 5.7843 3.117 8.9322 5.7401 2.7868 9.9347 5.7132
4 272 1.7862 9.5861 5.8015 2.1167 9.5017 5.7823 2.7868 9.9347 5.7132 2.375 10.2706 5.7255
3 272 2.375 10.2706 5.7255 .2494 10.3084 5.8741 .357 10.2757 5.8681
4 272 1.1514 9.259 5.8611 1.3647 9.3963 5.8409 .8904 10.0215 5.8431 .6539 9.8736 5.8672
3 272 2.375 10.2706 5.7255 .357 10.2757 5.8681 .8904 10.0215 5.8431
3 272 -4.2763 -1.6161 5.4787 -5.365 -2.5953 5.0165 -3.7995 -2.2618 5.29
3 272 -2.7107 -2.1451 5.4382 -2.72 -1.4133 5.7037 -3.1111 -1.4441 5.6545
3 272 -5.79 7.952 5.265 -8.0138 7.8784 4.2628 -8.0319 7.6292 4.262
3 272 -7.6158 -3.3501 4.159 -7.6926 -2.639 4.6639 -8.4716 -3.0113 4.0591
3 272 -9.06 -3.7134 3.2846 -8.42 -3.9458 3.3751 -8.3037 -3.7838 3.5457
4 272 0 15.453 6.0149 -.7947 14.8345 5.9291 -.9677 14.5409 5.9007 0 14.5491 5.9593
4 272 .2494 10.3084 5.8741 .5989 10.9544 5.8489 0 11.1343 5.8906 0 10.384 5.8914
3 272 .2494 10.3084 5.8741 2.375 10.2706 5.7255 1.9227 10.5306 5.7568
3 272 .2494 10.3084 5.8741 1.0516 10.9218 5.8173 .5989 10.9544 5.8489
3 272 1.0516 10.9218 5.8173 .9173 11.7327 5.8258 .5989 10.9544 5.8489
3 272 -3.908 -4.0851 4.1468 -4.1873 -4.1355 4.0616 -4.6145 -4.8445 3.5198
4 272 -4.1873 -4.1355 4.0616 -5.03 -4.875 3.422 -4.7954 -4.8938 3.4537 -4.6145 -4.8445 3.5198
3 272 7.8572 10.0515 4.2745 6.5049 10.1586 4.808 7.8619 9.9657 4.2694
4 272 -3.5929 10.6623 5.6399 -3.7021 11.4599 5.6315 -4.0153 11.5649 5.5579 -4.2058 10.8777 5.4962
4 272 -4.9573 11.0706 5.3183 -4.2058 10.8777 5.4962 -4.0153 11.5649 5.5579 -4.3893 11.6479 5.4691
4 272 2.292 8.7736 5.8065 2.053 8.1342 5.8505 2.9177 8.1308 5.793 2.9651 8.3215 5.7815
4 272 .5141 8.8869 5.9199 .5754 8.14 5.9487 1.294 8.1371 5.9009 1.2939 8.6203 5.8797
3 272 1.2939 8.6203 5.8797 1.1514 9.259 5.8611 .5141 8.8869 5.9199
3 272 0 9.4412 5.9298 0 8.5163 5.9705 .3079 8.7898 5.9379
3 272 0 9.4412 5.9298 .3079 8.7898 5.9379 .5141 8.8869 5.9199
4 272 0 9.4412 5.9298 .5141 8.8869 5.9199 1.1514 9.259 5.8611 .6539 9.8736 5.8672
4 272 7.7277 -4.1972 3.4731 7.8287 -4.3186 3.2035 8.7238 -4.4463 2.3463 8.3879 -3.9574 3.3796
4 272 -9.9835 3.5474 3.8705 -10.1023 3.4965 3.7867 -10.5234 2.5746 3.7439 -9.9165 2.8934 4.1521
4 272 -8.0915 7.2092 4.3402 -6.3647 7.2549 5.1645 -5.79 7.952 5.265 -8.0319 7.6292 4.262
4 272 -2.1285 -3.9699 4.5557 -1.8167 -4.5886 4.2114 -.4939 -4.5808 4.3808 -1.3129 -3.9322 4.6805
4 272 5.7319 -6.0409 .0405 6.4436 -5.8674 .0457 6.3529 -5.8018 .7254 5.7268 -6.034 .1043
3 272 0 10.384 5.8914 0 11.1343 5.8906 -.2115 10.4482 5.8766
4 272 -.7991 10.4971 5.8354 -.2115 10.4482 5.8766 0 11.1343 5.8906 -.2653 11.214 5.8719
4 272 -.9685 11.2642 5.8227 -.2653 11.214 5.8719 -.3602 12.1264 5.8643 -1.045 11.7218 5.8168
4 272 -.2653 11.214 5.8719 -.9685 11.2642 5.8227 -1.3823 10.3966 5.7948 -.7991 10.4971 5.8354
3 272 -1.9166 10.9761 5.7567 -1.9135 11.2087 5.7567 -2.7245 10.357 5.7009
4 272 -1.9166 10.9761 5.7567 -2.7245 10.357 5.7009 -2.7901 10.2632 5.6965 -1.6099 10.2842 5.779
3 272 -5.6073 -1.8961 5.2513 -5.5645 -2.6378 4.9822 -5.365 -2.5953 5.0165
3 322 9.5593 8.2961 2.3572 9.5273 9.0281 2.4317 8.6662 9.1745 3.3633
3 322 10.001 3.7184 3.7969 9.762 4.6087 3.6264 9.5331 4.6477 3.9074
4 322 3.251 8.1295 5.7709 3.8438 7.7921 5.6693 4.7306 7.484 5.5063 5.79 7.952 5.265
4 322 4.595 5.7668 5.7103 5.7796 5.2949 5.6022 5.1723 7.2254 5.4443 4.5687 6.1549 5.665
4 322 5.7796 5.2949 5.6022 6.3098 5.0647 5.4576 6.7638 6.7709 5.0947 6.3802 6.7976 5.2169
3 322 0 8.1422 5.9869 .4627 7.7013 5.989 .5754 8.14 5.9487
3 322 3.251 8.1295 5.7709 2.9651 8.3215 5.7815 2.9177 8.1308 5.793
3 322 10.001 3.7184 3.7969 9.9094 2.824 4.182 11 1.5308 3.6956
3 322 -.699 7.4761 5.9901 -.2485 7.0345 6.0488 0 7.1975 6.0529
4 322 0 7.1975 6.0529 0 8.1422 5.9869 -.3582 8.1408 5.9631 -.699 7.4761 5.9901
3 322 -5.749 10.266 5.108 -5.0254 9.9677 5.2913 -5.0895 10.1062 5.2721
3 322 -5.749 10.266 5.108 -5.195 9.2085 5.2967 -4.5299 9.2233 5.4315
3 322 -6.1926 10.6495 4.9486 -6.839 10.1111 4.6754 -5.749 10.266 5.108
4 322 -7.6467 11.5854 4.4142 -7.7719 11.6051 4.366 -7.8174 10.776 4.3171 -7.7152 11.0147 4.3661
3 322 -1.7482 9.1176 5.8276 -1.5844 9.2219 5.8339 0 10.3128 5.8915
4 322 8.3711 4.325 4.9006 8.31 3.9771 4.9853 9.0989 3.4083 4.6852 8.5691 4.4792 4.7787
3 322 4.6495 9.3256 5.3998 3.3806 9.0925 5.7134 3.251 8.1295 5.7709
3 322 4.9371 7.2092 5.4796 3.7198 7.3995 5.7163 4.2899 6.6455 5.6425
3 322 -5.79 7.952 5.265 -3.372 8.047 5.7509 -3.331 8.1239 5.755
4 322 -1.7878 8.1352 5.8681 -1.8354 7.8807 5.884 -1.8237 7.7396 5.8953 -1.6507 7.7593 5.9054
3 322 5.9469 8.6 5.1524 5.7639 9.4262 5.165 5.79 7.952 5.265
4 322 -9.4443 11.827 2.7087 -9.2471 10.8234 2.8244 -9.0267 10.6805 3.0302 -8.9187 11.7855 3.2227
4 322 -2.7901 10.2632 5.6965 -3.1199 10.496 5.6731 -3.5929 10.6623 5.6399 -3.5364 10.2499 5.6443
4 322 7.5499 8.8506 4.4434 7.114 7.9475 4.6671 7.1198 7.7605 4.6701 8.0319 7.6292 4.262
4 322 -6.839 10.1111 4.6754 -6.3553 8.9839 4.9571 -5.7697 9.0972 5.1873 -5.749 10.266 5.108
3 322 9.3791 7.7023 2.6722 9.7397 7.3426 2.3133 9.5593 8.2961 2.3572
3 322 -5.7528 10.7541 5.0976 -6.1926 10.6495 4.9486 -5.749 10.266 5.108
4 322 8.0319 7.6292 4.262 7.1198 7.7605 4.6701 7.135 7.2695 4.7879 7.9005 7.0764 4.4665
3 322 .2494 10.3084 5.8741 0 10.384 5.8914 0 10.3128 5.8915
3 322 6.3098 5.0647 5.4576 7.2049 4.6401 5.2348 7.2816 4.914 5.1585
3 322 8.3711 4.325 4.9006 8.1098 4.1215 5.026 8.31 3.9771 4.9853
4 322 -4.9573 11.0706 5.3183 -5.749 10.266 5.108 -3.5364 10.2499 5.6443 -4.2058 10.8777 5.4962
4 322 -1.3823 10.3966 5.7948 -1.6099 10.2842 5.779 0 10.3128 5.8915 -.7991 10.4971 5.8354
4 322 -8.7385 8.9253 3.2969 -8.4757 7.823 3.7085 -8.0138 7.8784 4.2628 -8.7004 9.141 3.3248
3 322 -9.1393 8.1127 2.881 -9.1687 7.7056 2.9179 -8.4757 7.823 3.7085
4 322 -8.8211 10.1157 3.2487 -8.7002 9.6342 3.3521 -7.9011 9.9271 4.2252 -7.9234 9.9753 4.204
3 322 10.001 3.7184 3.7969 9.9474 4.6779 3.3437 9.762 4.6087 3.6264
3 322 3.251 8.1295 5.7709 3.215 7.8731 5.7925 3.8438 7.7921 5.6693
3 322 4.7306 7.484 5.5063 5.0428 7.3012 5.453 5.79 7.952 5.265
3 322 5.79 7.952 5.265 5.0428 7.3012 5.453 5.1723 7.2254 5.4443
4 322 5.0132 7.1972 5.4704 4.9371 7.2092 5.4796 4.2899 6.6455 5.6425 4.4527 6.4301 5.6467
3 322 5.7796 5.2949 5.6022 5.79 7.952 5.265 5.1723 7.2254 5.4443
4 322 5.1723 7.2254 5.4443 5.0132 7.1972 5.4704 4.4527 6.4301 5.6467 4.5687 6.1549 5.665
3 322 5.79 7.952 5.265 5.7796 5.2949 5.6022 6.0031 7.2214 5.2871
3 322 6.0031 7.2214 5.2871 5.7796 5.2949 5.6022 6.129 7.0032 5.2733
3 322 6.129 7.0032 5.2733 5.7796 5.2949 5.6022 6.3802 6.7976 5.2169
4 322 7.6945 5.6419 4.9319 6.7638 6.7709 5.0947 6.3098 5.0647 5.4576 7.2816 4.914 5.1585
4 322 .4627 7.7013 5.989 0 8.1422 5.9869 0 7.1975 6.0529 .1618 7.3037 6.0354
4 322 8.6706 8.1564 3.4445 8.6662 9.1745 3.3633 7.9089 9.32 4.2674 8.4887 8.1261 3.6671
3 322 7.9089 9.32 4.2674 8.0319 7.6292 4.262 8.3406 8.0219 3.8551
3 322 7.9089 9.32 4.2674 8.3406 8.0219 3.8551 8.4887 8.1261 3.6671
4 322 9.5593 8.2961 2.3572 8.6662 9.1745 3.3633 8.6706 8.1564 3.4445 8.9607 8.0347 3.1037
4 322 3.3806 9.0925 5.7134 3.117 8.9322 5.7401 2.9651 8.3215 5.7815 3.251 8.1295 5.7709
3 322 -.3582 8.1408 5.9631 -.7729 7.635 5.9733 -.699 7.4761 5.9901
3 322 -3.4016 9.2484 5.7041 -3.4277 9.442 5.6925 -4.2048 9.6389 5.499
3 322 -4.205 10.0874 5.4868 -3.4836 9.8573 5.6677 -3.5364 10.2499 5.6443
4 322 -5.749 10.266 5.108 -4.7773 10.1502 5.3465 -4.205 10.0874 5.4868 -3.5364 10.2499 5.6443
4 322 -3.4016 9.2484 5.7041 -4.2048 9.6389 5.499 -4.8729 9.884 5.3305 -4.5299 9.2233 5.4315
3 322 -5.0895 10.1062 5.2721 -4.7773 10.1502 5.3465 -5.749 10.266 5.108
4 322 -4.8729 9.884 5.3305 -5.0254 9.9677 5.2913 -5.749 10.266 5.108 -4.5299 9.2233 5.4315
3 322 -5.749 10.266 5.108 -5.7697 9.0972 5.1873 -5.195 9.2085 5.2967
4 322 -2.0184 8.7134 5.8273 -2.6559 8.5292 5.793 -2.5831 8.1321 5.8153 -2.1975 8.1336 5.8409
3 322 -1.0524 8.4408 5.9037 -.4132 9.1061 5.917 -1.5844 9.2219 5.8339
4 322 0 9.4412 5.9298 0 10.3128 5.8915 -1.5844 9.2219 5.8339 -.4132 9.1061 5.917
3 322 -2.6559 8.5292 5.793 -2.0184 8.7134 5.8273 -1.7482 9.1176 5.8276
4 322 -1.2593 8.1373 5.9032 -1.0524 8.4408 5.9037 -1.5844 9.2219 5.8339 -1.7878 8.1352 5.8681
4 322 0 8.5163 5.9705 -.185 8.3519 5.9654 -.3582 8.1408 5.9631 0 8.1422 5.9869
4 322 -.5056 6.3216 6.0827 -1.2119 6.9873 5.9924 -1.3569 6.1027 6.0452 -.9078 6.1359 6.0707
4 322 -7.9537 10.4577 4.1719 -8.0824 11.6539 4.0355 -9.0267 10.6805 3.0302 -8.887 10.4769 3.1788
3 322 -8.8211 10.1157 3.2487 -7.9234 9.9753 4.204 -7.9717 10.0797 4.1526
4 322 -8.887 10.4769 3.1788 -8.8211 10.1157 3.2487 -7.9717 10.0797 4.1526 -7.9537 10.4577 4.1719
4 322 -7.7719 11.6051 4.366 -8.0824 11.6539 4.0355 -7.9537 10.4577 4.1719 -7.8174 10.776 4.3171
4 322 3.251 8.1295 5.7709 2.9177 8.1308 5.793 2.8649 7.9182 5.8125 3.215 7.8731 5.7925
4 322 -3.5389 8.8226 5.6824 -4.0742 8.8335 5.5525 -3.3053 8.176 5.7565 -3.3469 8.5691 5.7358
3 322 -3.3469 8.5691 5.7358 -3.4219 8.7679 5.7122 -3.5389 8.8226 5.6824
4 322 3.251 8.1295 5.7709 5.79 7.952 5.265 5.7639 9.4262 5.165 4.6495 9.3256 5.3998
4 322 -1.3569 6.1027 6.0452 -1.2119 6.9873 5.9924 -1.3023 7.0726 5.98 -1.9522 6.2819 5.9958
4 322 -2.1778 6.4127 5.971 -1.9522 6.2819 5.9958 -1.3023 7.0726 5.98 -2.0738 6.9507 5.9377
4 322 -2.4145 6.9852 5.9123 -2.511 6.7184 5.9259 -2.1778 6.4127 5.971 -2.0738 6.9507 5.9377
3 322 -2.4145 6.9852 5.9123 -2.7244 7.1042 5.8828 -2.511 6.7184 5.9259
3 322 -2.5831 8.1321 5.8153 -2.3244 7.7227 5.8632 -2.1975 8.1336 5.8409
4 322 -1.2593 8.1373 5.9032 -1.7878 8.1352 5.8681 -1.6507 7.7593 5.9054 -1.4248 7.8946 5.9103
4 322 -3.3053 8.176 5.7565 -4.0742 8.8335 5.5525 -5.79 7.952 5.265 -3.331 8.1239 5.755
4 322 -4.0742 8.8335 5.5525 -5.3891 8.8604 5.282 -5.7742 8.8424 5.2046 -5.79 7.952 5.265
4 322 10.001 3.7184 3.7969 9.5331 4.6477 3.9074 8.9194 4.7521 4.3934 8.6897 4.5732 4.642
3 322 5.9469 8.6 5.1524 6.3446 9.4623 4.9256 5.7639 9.4262 5.165
4 322 10.001 3.7184 3.7969 8.6897 4.5732 4.642 8.5691 4.4792 4.7787 9.0989 3.4083 4.6852
3 322 9.0989 3.4083 4.6852 9.9094 2.824 4.182 10.001 3.7184 3.7969
3 322 -9.0267 10.6805 3.0302 -8.0824 11.6539 4.0355 -8.9187 11.7855 3.2227
3 322 -9.4443 11.827 2.7087 -9.4643 10.7883 2.608 -9.2471 10.8234 2.8244
4 322 8.0319 7.6292 4.262 7.9089 9.32 4.2674 7.704 9.3594 4.3587 7.5499 8.8506 4.4434
3 322 -7.4638 9.7281 4.4495 -7.632 9.7423 4.3799 -6.6973 8.8338 4.829
3 322 -7.1275 9.8709 4.5758 -7.4638 9.7281 4.4495 -6.6973 8.8338 4.829
4 322 -6.839 10.1111 4.6754 -7.1275 9.8709 4.5758 -6.6973 8.8338 4.829 -6.3553 8.9839 4.9571
3 322 -5.7742 8.8424 5.2046 -6.6973 8.8338 4.829 -5.79 7.952 5.265
3 322 9.5593 8.2961 2.3572 8.9607 8.0347 3.1037 9.3791 7.7023 2.6722
3 322 -4.9573 11.0706 5.3183 -5.2792 11.1532 5.2249 -5.3297 10.9768 5.2139
3 322 -5.5455 10.804 5.1557 -5.7528 10.7541 5.0976 -5.749 10.266 5.108
4 322 -5.5455 10.804 5.1557 -5.749 10.266 5.108 -4.9573 11.0706 5.3183 -5.3297 10.9768 5.2139
4 322 .2494 10.3084 5.8741 .6539 9.8736 5.8672 .8904 10.0215 5.8431 .357 10.2757 5.8681
3 322 6.7638 6.7709 5.0947 7.6945 5.6419 4.9319 7.0829 7.0045 4.8806
4 322 7.6945 5.6419 4.9319 7.9005 7.0764 4.4665 7.135 7.2695 4.7879 7.0829 7.0045 4.8806
4 322 -7.823 9.7583 4.2931 -8.0138 7.8784 4.2628 -6.6973 8.8338 4.829 -7.632 9.7423 4.3799
3 322 -7.823 9.7583 4.2931 -7.8697 9.8592 4.2691 -8.0138 7.8784 4.2628
3 322 -8.0138 7.8784 4.2628 -5.79 7.952 5.265 -6.6973 8.8338 4.829
3 322 -3.5364 10.2499 5.6443 -3.5929 10.6623 5.6399 -4.2058 10.8777 5.4962
3 322 .5754 8.14 5.9487 .5141 8.8869 5.9199 .3079 8.7898 5.9379
4 322 0 8.1422 5.9869 .5754 8.14 5.9487 .3079 8.7898 5.9379 0 8.5163 5.9705
4 322 .2494 10.3084 5.8741 0 10.3128 5.8915 0 9.4412 5.9298 .6539 9.8736 5.8672
4 322 -3.4836 9.8573 5.6677 -3.1483 9.7504 5.6968 -2.7901 10.2632 5.6965 -3.5364 10.2499 5.6443
4 322 -1.7482 9.1176 5.8276 0 10.3128 5.8915 -1.6099 10.2842 5.779 -2.6559 8.5292 5.793
3 322 -1.6099 10.2842 5.779 -1.9121 10.1348 5.7651 -2.3242 9.7138 5.757
4 322 -2.3242 9.7138 5.757 -2.579 9.1844 5.7655 -2.6559 8.5292 5.793 -1.6099 10.2842 5.779
4 322 0 10.384 5.8914 -.2115 10.4482 5.8766 -.7991 10.4971 5.8354 0 10.3128 5.8915
3 322 -2.7901 10.2632 5.6965 -2.7245 10.357 5.7009 -3.1199 10.496 5.6731
4 322 -7.9011 9.9271 4.2252 -8.7004 9.141 3.3248 -8.0138 7.8784 4.2628 -7.8697 9.8592 4.2691
4 322 -8.7385 8.9253 3.2969 -8.9658 8.4686 3.0607 -9.1393 8.1127 2.881 -8.4757 7.823 3.7085
3 322 -8.7002 9.6342 3.3521 -8.7004 9.141 3.3248 -7.9011 9.9271 4.2252
4 353 5.749 10.266 5.108 4.7894 10.259 5.3406 4.3393 10.0308 5.4558 5.6088 10.1461 5.1452
3 353 5.749 10.266 5.108 5.6088 10.1461 5.1452 5.7509 10.159 5.1153
3 353 0 12.3392 5.8892 -.3813 12.3291 5.8626 -.3602 12.1264 5.8643
3 353 -8.443 4.734 4.801 -6.3647 7.2549 5.1645 -8.0915 7.2092 4.3402
3 353 -10.001 3.7184 3.7969 -10.1023 3.4965 3.7867 -9.9835 3.5474 3.8705
3 353 -8.443 4.734 4.801 -8.6789 4.2572 4.7594 -8.3871 4.4159 4.8784
3 353 8.0828 10 4.0343 9.4964 9.7347 2.5035 9.4753 10.218 2.5526
4 353 7.7552 11.909 4.3839 7.8572 10.0515 4.2745 8.0828 10 4.0343 7.8284 11.9158 4.306
3 353 0 14.5491 5.9593 .2758 13.4522 5.9055 .3445 13.6088 5.9057
3 353 1.0217 13.9291 5.8692 .8886 14.5416 5.9055 0 14.5491 5.9593
4 353 -1.2004 12.6507 5.8163 -1.7211 13.2368 5.799 -1.8867 13.2541 5.7881 -1.8993 12.2887 5.7566
4 353 .7381 12.3196 5.8377 .9173 11.7327 5.8258 1.5571 12.0898 5.7807 1.493 12.2995 5.785
4 353 6.3446 9.4623 4.9256 5.9469 8.6 5.1524 5.79 7.952 5.265 7.2717 9.3921 4.553
3 353 5.7512 10.5479 5.102 5.5354 10.4831 5.1647 5.749 10.266 5.108
3 353 7.6369 11.8981 4.4298 6.2811 10.7935 4.9156 6.1681 10.6732 4.9566
4 353 4.5788 11.4554 5.4188 3.6663 11.198 5.6343 3.5364 10.2499 5.6443 4.5045 10.5355 5.416
3 353 5.5354 10.4831 5.1647 4.7894 10.259 5.3406 5.749 10.266 5.108
4 353 2.292 8.7736 5.8065 2.3042 9.1991 5.7843 1.7862 9.5861 5.8015 1.3647 9.3963 5.8409
4 353 3.6663 11.198 5.6343 2.6076 10.7986 5.7086 2.375 10.2706 5.7255 3.5364 10.2499 5.6443
4 353 0 12.3392 5.8892 0 11.1343 5.8906 .5989 10.9544 5.8489 .3592 12.3297 5.8641
3 353 4.7894 10.259 5.3406 4.3893 10.1388 5.4407 4.3393 10.0308 5.4558
4 353 0 12.3392 5.8892 -.3602 12.1264 5.8643 -.2653 11.214 5.8719 0 11.1343 5.8906
3 353 -10.001 3.7184 3.7969 -8.2561 7.184 4.2091 -9.823 6.902 2.293
3 353 9.4753 10.218 2.5526 7.8284 11.9158 4.306 8.0828 10 4.0343
3 353 1.0217 13.9291 5.8692 0 14.5491 5.9593 .3445 13.6088 5.9057
3 353 0 12.3392 5.8892 .3592 12.3297 5.8641 .2558 12.9229 5.8901
4 353 0 14.5491 5.9593 0 12.3392 5.8892 .2558 12.9229 5.8901 .2758 13.4522 5.9055
4 353 1.493 12.2995 5.785 1.0217 13.9291 5.8692 .3445 13.6088 5.9057 .7381 12.3196 5.8377
3 353 2.053 8.1342 5.8505 1.294 8.1371 5.9009 1.8796 7.7976 5.8873
4 353 1.3357 7.2816 5.9622 1.8796 7.7976 5.8873 1.294 8.1371 5.9009 1.2232 7.7227 5.9367
3 353 1.2232 7.7227 5.9367 1.007 7.1264 5.9954 1.3357 7.2816 5.9622
3 353 -5.0298 7.2899 5.4563 -3.997 6.3904 5.7162 -3.5833 7.3278 5.748
4 353 -3.5833 7.3278 5.748 -3.997 6.3904 5.7162 -3.3493 6.654 5.8331 -3.4179 7.0555 5.7968
3 353 -.3905 14.0734 5.9173 -.4568 13.5519 5.8962 0 14.5491 5.9593
4 353 0 14.5491 5.9593 -.4568 13.5519 5.8962 -.4418 12.91 5.8768 0 12.3392 5.8892
3 353 -.4418 12.91 5.8768 -.3813 12.3291 5.8626 0 12.3392 5.8892
3 353 -1.8993 12.2887 5.7566 -1.1432 12.3088 5.8094 -1.2004 12.6507 5.8163
3 353 9.4407 12.0166 2.7271 7.8284 11.9158 4.306 9.4753 10.218 2.5526
4 353 -3.997 6.3904 5.7162 -5.0298 7.2899 5.4563 -5.7873 7.2701 5.3516 -5.7809 5.6437 5.558
3 353 5.7509 10.159 5.1153 6.5049 10.1586 4.808 5.749 10.266 5.108
3 353 6.7638 6.7709 5.0947 5.79 7.952 5.265 6.0031 7.2214 5.2871
4 353 6.0031 7.2214 5.2871 6.129 7.0032 5.2733 6.3802 6.7976 5.2169 6.7638 6.7709 5.0947
4 353 5.7527 10.745 5.0978 5.7601 11.7012 5.0774 4.5788 11.4554 5.4188 5.3269 10.695 5.2201
4 353 -8.0915 7.2092 4.3402 -8.2561 7.184 4.2091 -10.001 3.7184 3.7969 -8.443 4.734 4.801
3 353 7.6369 11.8981 4.4298 5.9815 11.745 5.0006 6.2811 10.7935 4.9156
4 353 5.7601 11.7012 5.0774 5.7527 10.745 5.0978 6.2811 10.7935 4.9156 5.9815 11.745 5.0006
3 353 6.1681 10.6732 4.9566 5.7512 10.5479 5.102 5.749 10.266 5.108
3 353 6.1681 10.6732 4.9566 5.749 10.266 5.108 7.6369 11.8981 4.4298
4 353 -1.9135 11.2087 5.7567 -1.045 11.7218 5.8168 -1.1432 12.3088 5.8094 -1.8993 12.2887 5.7566
3 353 5.79 7.952 5.265 7.1198 7.7605 4.6701 7.114 7.9475 4.6671
3 353 7.5499 8.8506 4.4434 7.704 9.3594 4.3587 7.2717 9.3921 4.553
4 353 7.5499 8.8506 4.4434 7.2717 9.3921 4.553 5.79 7.952 5.265 7.114 7.9475 4.6671
4 353 0 14.5491 5.9593 .8886 14.5416 5.9055 .778 15.0508 5.9434 .4806 14.9255 5.9536
4 353 -9.9835 3.5474 3.8705 -8.6789 4.2572 4.7594 -8.443 4.734 4.801 -10.001 3.7184 3.7969
3 353 -5.7809 5.6437 5.558 -5.7873 7.2701 5.3516 -6.3647 7.2549 5.1645
4 353 -5.7809 5.6437 5.558 -6.3647 7.2549 5.1645 -8.443 4.734 4.801 -7.4128 4.8937 5.1181
3 353 5.3269 10.695 5.2201 4.5788 11.4554 5.4188 4.5045 10.5355 5.416
3 353 2.3042 9.1991 5.7843 2.1167 9.5017 5.7823 1.7862 9.5861 5.8015
3 353 2.375 10.2706 5.7255 2.7868 9.9347 5.7132 3.5364 10.2499 5.6443
3 353 6.7638 6.7709 5.0947 7.0829 7.0045 4.8806 7.135 7.2695 4.7879
4 353 6.7638 6.7709 5.0947 7.135 7.2695 4.7879 7.1198 7.7605 4.6701 5.79 7.952 5.265
4 353 1.5571 12.0898 5.7807 .9173 11.7327 5.8258 1.0516 10.9218 5.8173 1.673 11.236 5.7735
3 353 2.6076 10.7986 5.7086 1.9227 10.5306 5.7568 2.375 10.2706 5.7255
3 353 7.7552 11.909 4.3839 7.6369 11.8981 4.4298 7.8572 10.0515 4.2745
4 353 7.8572 10.0515 4.2745 7.6369 11.8981 4.4298 5.749 10.266 5.108 6.5049 10.1586 4.808
4 353 1.294 8.1371 5.9009 2.053 8.1342 5.8505 2.292 8.7736 5.8065 1.2939 8.6203 5.8797
4 353 2.292 8.7736 5.8065 1.3647 9.3963 5.8409 1.1514 9.259 5.8611 1.2939 8.6203 5.8797
4 353 -1.045 11.7218 5.8168 -1.9135 11.2087 5.7567 -1.9166 10.9761 5.7567 -.9685 11.2642 5.8227
3 353 -8.3871 4.4159 4.8784 -7.4128 4.8937 5.1181 -8.443 4.734 4.801
3 272 9.46 -3.1485 -3.3767 8.3052 -2.3104 -4.5285 8.963 -2.294 -4.2635
4 272 9.46 -3.1485 -3.3767 9.1207 -2.1943 -4.2758 9.192 -1.6824 -4.6512 9.523 -1.6432 -4.5424
3 272 9.46 -3.1485 -3.3767 8.963 -2.294 -4.2635 9.1207 -2.1943 -4.2758
4 353 9.1207 -2.1943 -4.2758 8.963 -2.294 -4.2635 8.3052 -2.3104 -4.5285 9.192 -1.6824 -4.6512
3 272 8.3052 -2.3104 -4.5285 9.46 -3.1485 -3.3767 8.8036 -2.8231 -3.9047
3 272 8.3052 -2.3104 -4.5285 8.8036 -2.8231 -3.9047 8.1132 -2.901 -4.1076
4 272 8.1727 -2.2679 -4.6155 8.3052 -2.3104 -4.5285 8.1132 -2.901 -4.1076 7.7009 -2.3746 -4.7093
4 353 8.166 -2.2094 -4.6673 8.1477 -2.0505 -4.8008 9.192 -1.6824 -4.6512 8.3052 -2.3104 -4.5285
3 353 7.686 -1.861 -5.146 9.192 -1.6824 -4.6512 7.995 -1.9832 -4.9186
3 353 7.995 -1.9832 -4.9186 9.192 -1.6824 -4.6512 8.1477 -2.0505 -4.8008
4 353 7.8369 -.9341 -5.6063 8.9798 -.9102 -5.1682 9.192 -1.6824 -4.6512 7.686 -1.861 -5.146
3 353 8.3052 -2.3104 -4.5285 8.1727 -2.2679 -4.6155 8.166 -2.2094 -4.6673
3 272 9.523 -1.6432 -4.5424 9.192 -1.6824 -4.6512 9.249 -1.2735 -4.858
3 272 8.166 -2.2094 -4.6673 8.1727 -2.2679 -4.6155 7.7009 -2.3746 -4.7093
3 353 8.9798 -.9102 -5.1682 9.249 -1.2735 -4.858 9.192 -1.6824 -4.6512