0 Minifig Hair Female Long, Parted on Left, Swept over Left Side
0 Name: 3321.dat
0 Author: Lisa Winter [LisaWinter]
0 !LDRAW_ORG Unofficial_Part
0 !LICENSE Licensed under CC BY 4.0 : see CAreadme.txt

0 BFC CERTIFY CCW

0 !CATEGORY Minifig Headwear
0 !KEYWORDS Brickowl 103253, CMF, Collectible Minifigures, Disney, Encanto
0 !KEYWORDS Pocahontas, Set 21352, Set 42662, Set 43215, Set 43237, Set 43245

0 !HISTORY 2025-01-28 {LEGO Instructions App} Original part shape
0 !HISTORY 2025-03-10 [LisaWinter] File preparation for LDraw Parts Tracker

0 // Stud
1 16 0 -4.8 0 1 0 0 0 -1.2 0 0 0 1 stud4o.dat

0 // Inside
0 BFC INVERTNEXT
1 16 0 4 0 -8 0 0 0 -6.4 0 0 0 8 t04o6250.dat
0 BFC INVERTNEXT
1 16 0 4 0 -8 0 0 0 -6.4 0 0 0 -8 t08o6250.dat
0 BFC INVERTNEXT
1 16 0 4 0 0 0 8 0 -6.4 0 8 0 0 t08o6250.dat

4 16 9.159 .305 3.794 7.391 0 3.062 5.657 0 5.657 7.01 .305 7.01
4 16 10.658 1.172 4.414 9.159 .305 3.794 7.01 .305 7.01 8.157 1.172 8.157
4 16 11.659 2.469 4.83 10.658 1.172 4.414 8.157 1.172 8.157 8.923 2.469 8.923
4 16 12.01 4 4.975 11.659 2.469 4.83 8.923 2.469 8.923 9.192 4 9.192
4 16 9.914 .305 0 8 0 0 7.391 0 3.062 9.159 .305 3.794
4 16 11.535 1.172 0 9.914 .305 0 9.159 .305 3.794 10.658 1.172 4.414
4 16 12.619 2.469 0 11.535 1.172 0 10.658 1.172 4.414 11.659 2.469 4.83
4 16 9.159 .305 -3.794 7.391 0 -3.062 8 0 0 9.914 .305 0
4 16 10.658 1.172 -4.414 9.159 .305 -3.794 9.914 .305 0 11.535 1.172 0
4 16 11.659 2.469 -4.83 10.658 1.172 -4.414 11.535 1.172 0 12.619 2.469 0
4 16 7.01 .305 -7.01 5.657 0 -5.657 7.391 0 -3.062 9.159 .305 -3.794
4 16 8.157 1.172 -8.157 7.01 .305 -7.01 9.159 .305 -3.794 10.658 1.172 -4.414
4 16 8.923 2.469 -8.923 8.157 1.172 -8.157 10.658 1.172 -4.414 11.659 2.469 -4.83
4 16 9.192 4 -9.192 8.923 2.469 -8.923 11.659 2.469 -4.83 12.01 4 -4.975

4 16 -3.794 .305 -9.159 -7.01 .305 -7.01 -5.657 0 -5.657 -3.062 0 -7.391
4 16 -4.414 1.172 -10.658 -8.157 1.172 -8.157 -7.01 .305 -7.01 -3.794 .305 -9.159
4 16 -4.83 2.469 -11.659 -8.923 2.469 -8.923 -8.157 1.172 -8.157 -4.414 1.172 -10.658
4 16 0 .305 -9.914 -3.794 .305 -9.159 -3.062 0 -7.391 0 0 -8
4 16 0 1.172 -11.535 -4.414 1.172 -10.658 -3.794 .305 -9.159 0 .305 -9.914
4 16 0 1.812 -12.07 -4.83 2.469 -11.659 -4.414 1.172 -10.658 0 1.172 -11.535
3 16 -9.192 4 -9.192 -8.923 2.469 -8.923 -4.83 2.469 -11.659

4 16 3.794 .305 -9.159 3.062 0 -7.391 5.657 0 -5.657 7.01 .305 -7.01
4 16 4.414 1.172 -10.658 3.794 .305 -9.159 7.01 .305 -7.01 8.157 1.172 -8.157
4 16 0 .305 -9.914 0 0 -8 3.062 0 -7.391 3.794 .305 -9.159
4 16 0 1.172 -11.535 0 .305 -9.914 3.794 .305 -9.159 4.414 1.172 -10.658
4 16 0 1.812 -12.07 0 1.172 -11.535 4.414 1.172 -10.658 4.684 2.014 -11.308
4 16 4.414 1.172 -10.658 8.157 1.172 -8.157 6.376 2.469 -10.626 4.684 2.014 -11.308
3 16 6.376 2.469 -10.626 8.157 1.172 -8.157 8.923 2.469 -8.923
3 16 6.376 2.469 -10.626 8.923 2.469 -8.923 7.493 2.997 -10.034
3 16 7.493 2.997 -10.034 8.923 2.469 -8.923 9.192 4 -9.192

3 16 9.192 4 -9.192 12.01 4 -4.975 10.518 6.586 -7.209
3 16 10.518 6.586 -7.209 12.01 4 -4.975 11.314 8.263 -6.017
3 16 11.314 8.263 -6.017 12.01 4 -4.975 12.011 9.739 -4.975
4 16 12.634 5.465 -1.848 12.46 12.209 -2.718 12.011 9.739 -4.975 12.01 4 -4.975
4 16 12.011 16.702 4.975 12.01 4 4.975 9.192 4 9.192 9.192 17.43 9.192
4 16 9.192 17.43 9.192 9.192 4 9.192 4.975 4 12.011 4.975 17.675 12.011
4 16 4.975 17.675 12.011 4.975 4 12.011 0 4 13 0 17.7 13
4 16 -4.975 4 12.01 -9.192 4 9.192 -7.429 18.707 10.371 -4.975 18 12.011
3 16 -7.429 18.707 10.371 -9.192 4 9.192 -9.192 19.778 9.192
4 16 -9.192 19.778 9.192 -9.192 4 9.192 -12.011 4 4.975 -10.891 17.564 6.65
3 16 -10.891 17.564 6.65 -12.011 4 4.975 -12.011 16.448 4.975
4 16 -12.011 16.448 4.975 -12.011 4 4.975 -13 4 0 -12.664 16.402 1.689
3 16 -12.664 16.402 1.689 -13 4 0 -13 16.133 0
4 16 -13 16.133 0 -13 4 0 -12.011 4 -4.975 -12.572 14.963 -2.155
4 16 -12.572 14.963 -2.155 -12.011 4 -4.975 -12.011 11.603 -4.975 -12.156 12.812 -4.247
3 16 -10.498 7.501 -7.239 -12.011 11.603 -4.975 -12.011 4 -4.975
3 16 -9.192 4 -9.192 -10.498 7.501 -7.239 -12.011 4 -4.975
4 16 0 17.7 13 0 4 13 -4.975 4 12.01 -4.975 18 12.011

4 16 12.619 2.469 0 12.68 2.7 0 12.568 2.852 -.765 11.659 2.469 -4.83
3 16 12.547 3.286 -1.414 12.634 3.935 -1.848 12.01 4 -4.975
4 16 12.568 2.852 -.765 12.547 3.286 -1.414 12.01 4 -4.975 11.659 2.469 -4.83
4 16 12.68 2.7 0 12.619 2.469 0 11.659 2.469 4.83 12.568 2.852 .765
3 16 11.659 2.469 4.83 12.547 3.286 1.414 12.568 2.852 .765
3 16 11.659 2.469 4.83 12.01 4 4.975 12.634 3.935 1.848
3 16 12.634 3.935 1.848 12.547 3.286 1.414 11.659 2.469 4.83
3 16 12.01 4 -4.975 12.634 3.935 -1.848 12.604 4.7 -2
3 16 12.01 4 -4.975 12.604 4.7 -2 12.634 5.465 -1.848
3 16 12.46 12.209 -2.718 12.634 5.465 -1.848 12.72 6.114 -1.414
4 16 13 14.514 0 12.78 13.672 -1.108 12.848 6.548 -.765 13 6.7 0
4 16 12.72 6.114 -1.414 12.848 6.548 -.765 12.78 13.672 -1.108 12.46 12.209 -2.718
3 16 12.634 3.935 1.848 12.01 4 4.975 12.604 4.7 2
4 16 12.604 4.7 2 12.01 4 4.975 12.011 16.702 4.975 12.634 5.465 1.848
4 16 12.72 6.114 1.414 12.634 5.465 1.848 12.011 16.702 4.975 12.334 16.389 3.348
4 16 12.72 6.114 1.414 12.334 16.389 3.348 13 14.514 0 12.848 6.548 .765
3 16 12.848 6.548 .765 13 14.514 0 13 6.7 0

4 16 17.308 2.7 0 17.243 2.852 -.765 12.568 2.852 -.765 12.68 2.7 0
4 16 17.394 2.852 .765 17.308 2.7 0 12.68 2.7 0 12.568 2.852 .765
4 16 17.437 3.286 1.414 17.394 2.852 .765 12.568 2.852 .765 12.547 3.286 1.414
4 16 12.547 3.286 1.414 12.634 3.935 1.848 17.504 3.935 1.848 17.437 3.286 1.414
4 16 17.598 4.7 2 17.504 3.935 1.848 12.634 3.935 1.848 12.604 4.7 2
4 16 17.725 5.465 1.848 17.598 4.7 2 12.604 4.7 2 12.634 5.465 1.848
4 16 17.77 6.114 1.414 17.725 5.465 1.848 12.634 5.465 1.848 12.72 6.114 1.414
4 16 17.757 6.548 .765 17.77 6.114 1.414 12.72 6.114 1.414 12.848 6.548 .765
4 16 17.729 6.7 0 17.757 6.548 .765 12.848 6.548 .765 13 6.7 0
4 16 17.587 6.548 -.765 17.729 6.7 0 13 6.7 0 12.848 6.548 -.765
4 16 17.462 6.114 -1.414 17.587 6.548 -.765 12.848 6.548 -.765 12.72 6.114 -1.414
4 16 17.393 5.465 -1.848 17.462 6.114 -1.414 12.72 6.114 -1.414 12.634 5.465 -1.848
4 16 17.326 4.7 -2 17.393 5.465 -1.848 12.634 5.465 -1.848 12.604 4.7 -2
4 16 17.293 3.935 -1.848 17.326 4.7 -2 12.604 4.7 -2 12.634 3.935 -1.848
4 16 17.257 3.286 -1.414 17.293 3.935 -1.848 12.634 3.935 -1.848 12.547 3.286 -1.414
4 16 17.243 2.852 -.765 17.257 3.286 -1.414 12.547 3.286 -1.414 12.568 2.852 -.765

2 24 12.72 6.114 1.414 12.848 6.548 .765
2 24 12.634 5.465 1.848 12.72 6.114 1.414
2 24 12.604 4.7 2 12.634 5.465 1.848
2 24 12.604 4.7 2 12.634 3.935 1.848
2 24 13 6.7 0 12.848 6.548 .765
2 24 12.634 5.465 -1.848 12.72 6.114 -1.414
2 24 12.848 6.548 -.765 12.72 6.114 -1.414
2 24 12.604 4.7 -2 12.634 3.935 -1.848
2 24 12.604 4.7 -2 12.634 5.465 -1.848
2 24 12.848 6.548 -.765 13 6.7 0
2 24 12.634 3.935 1.848 12.547 3.286 1.414
2 24 12.547 3.286 1.414 12.568 2.852 .765
2 24 12.568 2.852 -.765 12.547 3.286 -1.414
2 24 12.634 3.935 -1.848 12.547 3.286 -1.414
2 24 12.68 2.7 0 12.568 2.852 .765
2 24 12.68 2.7 0 12.568 2.852 -.765

2 24 11.314 8.263 -6.017 10.518 6.586 -7.209
2 24 -7.429 18.707 10.371 -4.975 18 12.011
2 24 -12.572 14.963 -2.155 -13 16.133 0
2 24 -10.891 17.564 6.65 -9.192 19.778 9.192
2 24 12.011 16.702 4.975 12.334 16.389 3.348
2 24 9.192 17.43 9.192 12.011 16.702 4.975
2 24 -13 16.133 0 -12.664 16.402 1.689
2 24 -12.011 16.448 4.975 -10.891 17.564 6.65
2 24 6.376 2.469 -10.626 4.684 2.014 -11.308
2 24 0 1.812 -12.07 -4.83 2.469 -11.659
2 24 13 14.514 0 12.78 13.672 -1.108
2 24 12.334 16.389 3.348 13 14.514 0
2 24 12.46 12.209 -2.718 12.011 9.739 -4.975
2 24 -4.975 18 12.011 0 17.7 13
2 24 12.78 13.672 -1.108 12.46 12.209 -2.718
2 24 9.192 4 -9.192 7.493 2.997 -10.034
2 24 -12.664 16.402 1.689 -12.011 16.448 4.975
2 24 0 17.7 13 4.975 17.675 12.011
2 24 -9.192 19.778 9.192 -7.429 18.707 10.371
2 24 -12.011 11.603 -4.975 -12.156 12.812 -4.247
2 24 10.518 6.586 -7.209 9.192 4 -9.192
2 24 -4.83 2.469 -11.659 -9.192 4 -9.192
2 24 12.011 9.739 -4.975 11.314 8.263 -6.017
2 24 4.975 17.675 12.011 9.192 17.43 9.192
2 24 7.493 2.997 -10.034 6.376 2.469 -10.626
2 24 4.684 2.014 -11.308 0 1.812 -12.07
2 24 -12.156 12.812 -4.247 -12.572 14.963 -2.155
2 24 -9.192 4 -9.192 -10.498 7.501 -7.239
2 24 -10.498 7.501 -7.239 -12.011 11.603 -4.975

5 24 6.376 2.469 -10.626 8.923 2.469 -8.923 8.157 1.172 -8.157 7.493 2.997 -10.034
5 24 17.77 6.114 1.414 12.72 6.114 1.414 17.725 5.465 1.848 12.848 6.548 .765
5 24 12.634 3.935 -1.848 12.01 4 -4.975 12.547 3.286 -1.414 12.604 4.7 -2
5 24 3.062 0 -7.391 5.657 0 -5.657 4.243 0 -4.243 7.01 .305 -7.01
5 24 17.462 6.114 -1.414 12.72 6.114 -1.414 17.587 6.548 -.765 12.634 5.465 -1.848
5 24 0 1.172 -11.535 0 1.812 -12.07 4.414 1.172 -10.658 -4.83 2.469 -11.659
5 24 10.658 1.172 4.414 11.535 1.172 0 9.914 .305 0 11.659 2.469 4.83
5 24 9.159 .305 -3.794 9.914 .305 0 7.391 0 -3.062 11.535 1.172 0
5 24 -3.794 .305 -9.159 0 .305 -9.914 -3.062 0 -7.391 0 1.172 -11.535
5 24 9.914 .305 0 9.159 .305 3.794 8 0 0 10.658 1.172 4.414
5 24 17.757 6.548 .765 12.848 6.548 .765 17.77 6.114 1.414 13 6.7 0
5 24 4.975 17.675 12.011 4.975 4 12.011 0 4 13 9.192 17.43 9.192
5 24 11.659 2.469 -4.83 10.658 1.172 -4.414 11.535 1.172 0 8.923 2.469 -8.923
5 24 12.634 3.935 -1.848 17.293 3.935 -1.848 17.326 4.7 -2 12.547 3.286 -1.414
5 24 9.914 .305 0 8 0 0 7.391 0 3.062 9.159 .305 -3.794
5 24 9.192 4 -9.192 12.01 4 -4.975 8.923 2.469 -8.923 10.518 6.586 -7.209
5 24 10.658 1.172 -4.414 9.159 .305 -3.794 9.914 .305 0 8.157 1.172 -8.157
5 24 7.391 0 -3.062 8 0 0 6 0 0 9.914 .305 0
5 24 17.393 5.465 -1.848 12.634 5.465 -1.848 17.462 6.114 -1.414 12.604 4.7 -2
5 24 8.157 1.172 -8.157 10.658 1.172 -4.414 7.01 .305 -7.01 11.659 2.469 -4.83
5 24 7.01 .305 -7.01 9.159 .305 -3.794 5.657 0 -5.657 10.658 1.172 -4.414
5 24 5.657 0 -5.657 7.391 0 -3.062 9.159 .305 -3.794 5.543 0 -2.296
5 24 -4.414 1.172 -10.658 -4.83 2.469 -11.659 -8.923 2.469 -8.923 0 1.172 -11.535
5 24 7.391 0 3.062 5.657 0 5.657 7.01 .305 7.01 4.243 0 4.243
5 24 17.437 3.286 1.414 12.547 3.286 1.414 17.394 2.852 .765 12.634 3.935 1.848
5 24 10.658 1.172 4.414 9.159 .305 3.794 11.535 1.172 0 7.01 .305 7.01
5 24 8 0 0 7.391 0 3.062 5.543 0 2.296 9.159 .305 3.794
5 24 4.414 1.172 -10.658 3.794 .305 -9.159 7.01 .305 -7.01 0 1.172 -11.535
5 24 12.01 4 4.975 12.011 16.702 4.975 12.634 5.465 1.848 9.192 4 9.192
5 24 -3.062 0 -7.391 -3.794 .305 -9.159 -7.01 .305 -7.01 0 0 -8
5 24 -5.657 0 -5.657 -3.062 0 -7.391 -3.794 .305 -9.159 -2.296 0 -5.543
5 24 12.634 5.465 1.848 17.725 5.465 1.848 17.598 4.7 2 12.72 6.114 1.414
5 24 8.923 2.469 -8.923 11.659 2.469 -4.83 8.157 1.172 -8.157 12.01 4 -4.975
5 24 11.659 2.469 -4.83 12.619 2.469 0 10.658 1.172 -4.414 12.568 2.852 -.765
5 24 0 .305 -9.914 0 1.172 -11.535 3.794 .305 -9.159 -4.414 1.172 -10.658
5 24 -13 4 0 -13 16.133 0 -12.664 16.402 1.689 -12.572 14.963 -2.155
5 24 9.159 .305 3.794 7.391 0 3.062 5.657 0 5.657 9.914 .305 0
5 24 12.568 2.852 .765 17.394 2.852 .765 12.547 3.286 1.414 17.308 2.7 0
5 24 12.619 2.469 0 11.659 2.469 4.83 11.535 1.172 0 12.547 3.286 1.414
5 24 3.794 .305 -9.159 7.01 .305 -7.01 3.062 0 -7.391 8.157 1.172 -8.157
5 24 12.619 2.469 0 12.68 2.7 0 12.568 2.852 -.765 12.568 2.852 .765
5 24 -8.923 2.469 -8.923 -4.83 2.469 -11.659 -8.157 1.172 -8.157 -9.192 4 -9.192
5 24 -3.794 .305 -9.159 -4.414 1.172 -10.658 -8.157 1.172 -8.157 0 .305 -9.914
5 24 -4.414 1.172 -10.658 0 1.172 -11.535 -3.794 .305 -9.159 0 1.812 -12.07
5 24 8.157 1.172 -8.157 8.923 2.469 -8.923 10.658 1.172 -4.414 6.376 2.469 -10.626
5 24 -4.975 18 12.011 -4.975 4 12.01 -9.192 4 9.192 0 17.7 13
5 24 9.192 17.43 9.192 9.192 4 9.192 12.011 16.702 4.975 4.975 4 12.011
5 24 9.159 .305 3.794 7.01 .305 7.01 7.391 0 3.062 8.157 1.172 8.157
5 24 8.923 2.469 -8.923 9.192 4 -9.192 7.493 2.997 -10.034 11.659 2.469 -4.83
5 24 -9.192 19.778 9.192 -9.192 4 9.192 -7.429 18.707 10.371 -10.891 17.564 6.65
5 24 17.729 6.7 0 13 6.7 0 17.757 6.548 .765 12.848 6.548 -.765
5 24 9.159 .305 -3.794 7.391 0 -3.062 8 0 0 7.01 .305 -7.01
5 24 13 14.514 0 13 6.7 0 12.78 13.672 -1.108 12.848 6.548 .765
5 24 4.414 1.172 -10.658 8.157 1.172 -8.157 3.794 .305 -9.159 4.684 2.014 -11.308
5 24 0 1.172 -11.535 4.414 1.172 -10.658 0 .305 -9.914 4.684 2.014 -11.308
5 24 10.658 1.172 -4.414 11.535 1.172 0 9.159 .305 -3.794 12.619 2.469 0
5 24 12.01 4 -4.975 11.659 2.469 -4.83 9.192 4 -9.192 12.547 3.286 -1.414
5 24 17.257 3.286 -1.414 12.547 3.286 -1.414 17.293 3.935 -1.848 12.568 2.852 -.765
5 24 9.192 4 9.192 12.01 4 4.975 11.659 2.469 4.83 9.192 17.43 9.192
5 24 17.243 2.852 -.765 12.568 2.852 -.765 12.68 2.7 0 17.257 3.286 -1.414
5 24 17.326 4.7 -2 12.604 4.7 -2 17.393 5.465 -1.848 12.634 3.935 -1.848
5 24 7.01 .305 -7.01 5.657 0 -5.657 7.391 0 -3.062 3.794 .305 -9.159
5 24 -7.01 .305 -7.01 -3.794 .305 -9.159 -5.657 0 -5.657 -4.414 1.172 -10.658
5 24 17.598 4.7 2 12.604 4.7 2 17.504 3.935 1.848 12.634 5.465 1.848
5 24 11.659 2.469 4.83 10.658 1.172 4.414 8.157 1.172 8.157 12.619 2.469 0
5 24 12.011 9.739 -4.975 12.01 4 -4.975 11.314 8.263 -6.017 12.46 12.209 -2.718
5 24 12.848 6.548 -.765 17.587 6.548 -.765 17.729 6.7 0 12.72 6.114 -1.414
5 24 12.01 4 4.975 12.634 3.935 1.848 12.604 4.7 2 12.547 3.286 1.414
5 24 11.535 1.172 0 9.914 .305 0 9.159 .305 3.794 10.658 1.172 -4.414
5 24 0 0 -8 0 .305 -9.914 3.062 0 -7.391 -3.794 .305 -9.159
5 24 3.062 0 -7.391 3.794 .305 -9.159 5.657 0 -5.657 0 .305 -9.914
5 24 11.659 2.469 4.83 8.923 2.469 8.923 10.658 1.172 4.414 9.192 4 9.192
5 24 0 4 13 0 17.7 13 4.975 17.675 12.011 -4.975 4 12.01
5 24 -12.011 4 -4.975 -12.011 11.603 -4.975 -12.156 12.812 -4.247 -10.498 7.501 -7.239
5 24 11.659 2.469 4.83 12.01 4 4.975 8.923 2.469 8.923 12.547 3.286 1.414
5 24 11.535 1.172 0 12.619 2.469 0 11.659 2.469 -4.83 10.658 1.172 4.414
5 24 4.684 2.014 -11.308 4.414 1.172 -10.658 8.157 1.172 -8.157 0 1.812 -12.07
5 24 17.504 3.935 1.848 12.634 3.935 1.848 17.437 3.286 1.414 12.604 4.7 2
5 24 3.794 .305 -9.159 0 .305 -9.914 4.414 1.172 -10.658 0 0 -8
5 24 -12.011 16.448 4.975 -12.011 4 4.975 -12.664 16.402 1.689 -10.891 17.564 6.65
5 24 -8.157 1.172 -8.157 -4.414 1.172 -10.658 -7.01 .305 -7.01 -4.83 2.469 -11.659
5 24 17.308 2.7 0 12.68 2.7 0 17.243 2.852 -.765 12.568 2.852 .765
5 24 -3.062 0 -7.391 0 0 -8 0 0 -6 0 .305 -9.914
5 24 8.157 1.172 8.157 10.658 1.172 4.414 9.159 .305 3.794 8.923 2.469 8.923
5 24 8.157 1.172 -8.157 7.01 .305 -7.01 9.159 .305 -3.794 4.414 1.172 -10.658
5 24 0 0 -8 3.062 0 -7.391 3.794 .305 -9.159 2.296 0 -5.543
5 24 12.01 4 -4.975 12.547 3.286 -1.414 11.659 2.469 -4.83 12.634 3.935 -1.848
5 24 12.634 3.935 1.848 11.659 2.469 4.83 12.547 3.286 1.414 12.01 4 4.975
5 24 12.568 2.852 .765 11.659 2.469 4.83 12.68 2.7 0 12.547 3.286 1.414
5 24 11.659 2.469 4.83 12.547 3.286 1.414 12.568 2.852 .765 12.634 3.935 1.848
5 24 12.568 2.852 -.765 11.659 2.469 -4.83 12.547 3.286 -1.414 12.619 2.469 0

5 24 8.923 2.469 8.923 9.192 4 9.192 12.01 4 4.975 4.975 4 12.011
5 24 8.923 2.469 8.923 8.157 1.172 8.157 11.659 2.469 4.83 4.83 2.469 11.659
5 24 8.157 1.172 8.157 7.01 .305 7.01 10.658 1.172 4.414 4.414 1.172 10.658
5 24 7.01 .305 7.01 5.657 0 5.657 9.159 .305 3.794 3.794 .305 9.159
5 24 -8.157 1.172 -8.157 -8.923 2.469 -8.923 -11.659 2.469 -4.83 -4.83 2.469 -11.659
5 24 -8.157 1.172 -8.157 -7.01 .305 -7.01 -10.658 1.172 -4.414 -4.414 1.172 -10.658
5 24 -7.01 .305 -7.01 -5.657 0 -5.657 -9.159 .305 -3.794 -3.794 .305 -9.159
5 24 -8.923 2.469 -8.923 -9.192 4 -9.192 -12.011 4 -4.975 -4.83 2.469 -11.659

0 // Outside
3 16 -4.489 -4.443 11.459 -6.73 -5.024 10.076 -4.325 -6.665 9.338
3 16 -7.254 -3.459 11.34 -6.73 -5.024 10.076 -4.489 -4.443 11.459
3 16 -4.489 -4.443 11.459 -5.031 -2.122 13.002 -7.254 -3.459 11.34
3 16 -7.254 -3.459 11.34 -5.031 -2.122 13.002 -7.644 -1.648 12.675
3 16 -6.544 1.583 14.481 -7.644 -1.648 12.675 -5.031 -2.122 13.002
3 16 -8.589 1.41 14.032 -7.644 -1.648 12.675 -6.544 1.583 14.481
3 16 -8.255 5.228 15.166 -8.589 1.41 14.032 -6.544 1.583 14.481
3 16 -9.966 4.768 14.754 -8.589 1.41 14.032 -8.255 5.228 15.166
3 16 -9.168 9.037 15.461 -9.966 4.768 14.754 -8.255 5.228 15.166
3 16 -11.151 8.891 14.954 -9.966 4.768 14.754 -9.168 9.037 15.461
4 16 -10.901 13.525 15.259 -11.151 8.891 14.954 -9.168 9.037 15.461 -9.503 13.12 15.584
3 16 -9.503 13.12 15.584 -9.902 15.741 15.504 -10.901 13.525 15.259
3 16 -9.183 15.875 15.833 -9.902 15.741 15.504 -9.503 13.12 15.584
3 16 -8.56 19.091 16.207 -9.902 15.741 15.504 -9.183 15.875 15.833
3 16 -4.325 -6.665 9.338 -3.161 -5.85 11.49 -4.489 -4.443 11.459
3 16 -4.489 -4.443 11.459 -3.161 -5.85 11.49 -3.268 -4.721 12.853
3 16 -3.268 -4.721 12.853 -5.031 -2.122 13.002 -4.489 -4.443 11.459
3 16 -3.806 -2.556 14.685 -5.031 -2.122 13.002 -3.268 -4.721 12.853
3 16 -5.574 1.419 16.407 -5.031 -2.122 13.002 -3.806 -2.556 14.685
3 16 -6.544 1.583 14.481 -5.031 -2.122 13.002 -5.574 1.419 16.407
3 16 -7.299 5.264 17.152 -6.544 1.583 14.481 -5.574 1.419 16.407
3 16 -8.255 5.228 15.166 -6.544 1.583 14.481 -7.299 5.264 17.152
4 16 -9.168 9.037 15.461 -8.255 5.228 15.166 -7.299 5.264 17.152 -8.233 8.999 17.367
3 16 -8.475 12.889 17.5 -9.168 9.037 15.461 -8.233 8.999 17.367
3 16 -9.503 13.12 15.584 -9.168 9.037 15.461 -8.475 12.889 17.5
3 16 -8.475 12.889 17.5 -8.312 15.184 17.678 -9.503 13.12 15.584
3 16 -9.503 13.12 15.584 -8.312 15.184 17.678 -9.183 15.875 15.833
4 16 -8.312 15.184 17.678 -7.743 17.56 18.135 -8.56 19.091 16.207 -9.183 15.875 15.833
3 16 -7.743 17.56 18.135 -4.819 23.159 19.46 -5.619 24.24 18.2
3 16 -5.619 24.24 18.2 -8.56 19.091 16.207 -7.743 17.56 18.135
3 16 -4.819 23.159 19.46 -1.68 29.766 19.653 -5.619 24.24 18.2
3 16 -.71 29.363 20.589 -1.68 29.766 19.653 -4.819 23.159 19.46
3 16 -1.68 29.766 19.653 -.71 29.363 20.589 2.993 35.688 20.542
3 16 2.993 35.688 20.542 -.71 29.363 20.589 3.596 34.847 21.195
4 16 3.596 34.847 21.195 8.159 40.375 21.183 7.597 41.159 20.59 2.993 35.688 20.542
3 16 12.195 44.559 20.913 7.597 41.159 20.59 8.159 40.375 21.183
3 16 11.385 45.171 20.251 7.597 41.159 20.59 12.195 44.559 20.913
3 16 11.385 45.171 20.251 12.195 44.559 20.913 13.469 47.173 19.484
3 16 13.469 47.173 19.484 12.195 44.559 20.913 14.673 46.797 20.503
3 16 14.673 46.797 20.503 15.336 48.855 18.994 13.469 47.173 19.484
3 16 16.088 48.068 20.196 15.336 48.855 18.994 14.673 46.797 20.503
3 16 17.708 49.399 19.85 15.336 48.855 18.994 16.088 48.068 20.196
3 16 16.978 50.196 18.845 15.336 48.855 18.994 17.708 49.399 19.85
3 16 17.708 49.399 19.85 18.106 51.074 18.376 16.978 50.196 18.845
3 16 19.485 50.668 19.442 18.106 51.074 18.376 17.708 49.399 19.85
3 16 18.106 51.074 18.376 19.485 50.668 19.442 18.946 51.753 17.837
3 16 19.485 50.668 19.442 19.912 52.302 17.695 18.946 51.753 17.837
3 16 21.263 51.588 19.102 19.912 52.302 17.695 19.485 50.668 19.442
3 16 21.4 52.373 18.402 19.912 52.302 17.695 21.263 51.588 19.102
3 16 20.732 52.657 17.555 19.912 52.302 17.695 21.4 52.373 18.402
3 16 20.732 52.657 17.555 20.544 52.614 17.071 19.912 52.302 17.695
3 16 19.912 52.302 17.695 20.544 52.614 17.071 19.846 52.155 17.266
3 16 19.912 52.302 17.695 19.846 52.155 17.266 18.872 51.789 17.613
3 16 19.846 52.155 17.266 20.544 52.614 17.071 19.691 52.015 16.59
3 16 19.691 52.015 16.59 20.544 52.614 17.071 20.702 52.58 16.387
3 16 19.691 52.015 16.59 20.702 52.58 16.387 20.826 52.093 15.534
3 16 20.826 52.093 15.534 19.521 50.21 15.658 19.691 52.015 16.59
3 16 19.691 52.015 16.59 19.521 50.21 15.658 18.764 50.505 16.208
3 16 19.691 52.015 16.59 18.764 50.505 16.208 18.719 51.588 17.343
3 16 19.691 52.015 16.59 18.719 51.588 17.343 18.872 51.789 17.613
3 16 18.719 51.588 17.343 18.764 50.505 16.208 18.051 50.505 16.869
3 16 18.293 48.596 15.796 18.764 50.505 16.208 19.521 50.21 15.658
3 16 17.828 48.957 16.049 18.764 50.505 16.208 18.293 48.596 15.796
3 16 18.764 50.505 16.208 17.828 48.957 16.049 18.051 50.505 16.869
3 16 18.051 50.505 16.869 17.828 48.957 16.049 17.223 49.154 16.427
3 16 17.828 48.957 16.049 18.293 48.596 15.796 17.055 47.886 15.998
3 16 17.828 48.957 16.049 17.055 47.886 15.998 17.223 49.154 16.427
3 16 17.055 47.886 15.998 18.293 48.596 15.796 17.196 47.429 15.884
3 16 17.223 49.154 16.427 17.055 47.886 15.998 16.539 47.973 16.139
3 16 17.055 47.886 15.998 17.196 47.429 15.884 16.169 47.25 16.005
3 16 16.169 47.25 16.005 16.539 47.973 16.139 17.055 47.886 15.998
3 16 20.826 52.093 15.534 20.702 52.58 16.387 21.828 52.465 15.622
3 16 18.872 51.789 17.613 19.846 52.155 17.266 19.691 52.015 16.59
3 16 18.872 51.789 17.613 18.946 51.753 17.837 19.912 52.302 17.695
3 16 -11.641 16.799 15.372 -10.126 16.547 15.311 -10.399 19.003 16.453
3 16 -10.399 19.003 16.453 -10.126 16.547 15.311 -8.56 19.091 16.207
3 16 -10.126 16.547 15.311 -11.641 16.799 15.372 -11.466 14.546 14.532
3 16 -11.466 14.546 14.532 -11.641 16.799 15.372 -12.589 15.236 14.522
3 16 -12.589 15.236 14.522 -13.907 11.694 12.548 -11.466 14.546 14.532
3 16 -11.466 14.546 14.532 -13.907 11.694 12.548 -12.736 10.855 12.724
3 16 -13.907 11.694 12.548 -14.736 7.664 10.236 -12.736 10.855 12.724
3 16 -12.736 10.855 12.724 -14.736 7.664 10.236 -13.456 7.129 10.682
3 16 -14.736 7.664 10.236 -14.691 3.445 8.289 -13.456 7.129 10.682
3 16 -13.456 7.129 10.682 -14.691 3.445 8.289 -13.42 3.226 8.819
4 16 -13.42 3.226 8.819 -14.691 3.445 8.289 -13.346 -1.013 6.473 -12.293 -.534 7.272
3 16 -13.346 -1.013 6.473 -10.611 -3.256 6.388 -12.293 -.534 7.272
3 16 -11.503 -4.047 5.568 -10.611 -3.256 6.388 -13.346 -1.013 6.473
3 16 -10.611 -3.256 6.388 -11.503 -4.047 5.568 -8.207 -5.433 5.612
3 16 -8.207 -5.433 5.612 -11.503 -4.047 5.568 -8.956 -6.608 4.635
3 16 -8.956 -6.608 4.635 -5.622 -7.03 4.99 -8.207 -5.433 5.612
3 16 -5.808 -8.292 4.115 -5.622 -7.03 4.99 -8.956 -6.608 4.635
3 16 -5.808 -8.292 4.115 -2.64 -9.426 3.835 -5.622 -7.03 4.99
3 16 -5.622 -7.03 4.99 -2.64 -9.426 3.835 -.749 -8.27 4.691
3 16 -.749 -8.27 4.691 -2.64 -9.426 3.835 .645 -9.443 3.745
3 16 .645 -9.443 3.745 2.914 -8.035 4.619 -.749 -8.27 4.691
3 16 2.25 -8.709 4 2.914 -8.035 4.619 .645 -9.443 3.745
3 16 -8.56 19.091 16.207 -10.126 16.547 15.311 -9.902 15.741 15.504
3 16 -10.126 16.547 15.311 -11.466 14.546 14.532 -9.902 15.741 15.504
3 16 -9.902 15.741 15.504 -11.466 14.546 14.532 -10.901 13.525 15.259
3 16 -11.466 14.546 14.532 -12.736 10.855 12.724 -10.901 13.525 15.259
3 16 -10.901 13.525 15.259 -12.736 10.855 12.724 -12.561 10.024 13.856
3 16 -12.736 10.855 12.724 -13.456 7.129 10.682 -12.561 10.024 13.856
3 16 -12.561 10.024 13.856 -13.456 7.129 10.682 -13.285 6.222 12.042
3 16 -13.456 7.129 10.682 -13.42 3.226 8.819 -13.285 6.222 12.042
3 16 -13.285 6.222 12.042 -13.42 3.226 8.819 -13.097 2.338 10.376
3 16 -13.42 3.226 8.819 -12.293 -.534 7.272 -13.097 2.338 10.376
3 16 -13.097 2.338 10.376 -12.293 -.534 7.272 -12.073 -1.195 9.215
4 16 -12.073 -1.195 9.215 -12.293 -.534 7.272 -10.611 -3.256 6.388 -10.518 -3.719 8.264
3 16 -10.611 -3.256 6.388 -8.187 -5.893 7.469 -10.518 -3.719 8.264
3 16 -8.207 -5.433 5.612 -8.187 -5.893 7.469 -10.611 -3.256 6.388
3 16 -8.207 -5.433 5.612 -5.622 -7.03 4.99 -8.187 -5.893 7.469
3 16 -8.187 -5.893 7.469 -5.622 -7.03 4.99 -5.19 -7.575 6.577
3 16 -.749 -8.27 4.691 -5.19 -7.575 6.577 -5.622 -7.03 4.99
3 16 -.754 -8.674 6.103 -5.19 -7.575 6.577 -.749 -8.27 4.691
4 16 -.754 -8.674 6.103 -.749 -8.27 4.691 2.914 -8.035 4.619 1.991 -8.513 6.078
3 16 2.914 -8.035 4.619 2.819 -8.33 6.228 1.991 -8.513 6.078
3 16 3.359 -7.946 4.953 2.819 -8.33 6.228 2.914 -8.035 4.619
3 16 3.359 -7.946 4.953 3.864 -7.789 5.543 2.819 -8.33 6.228
3 16 2.819 -8.33 6.228 3.864 -7.789 5.543 3.212 -8.248 6.857
3 16 -11.151 8.891 14.954 -10.901 13.525 15.259 -12.002 9.267 14.318
3 16 -12.561 10.024 13.856 -12.002 9.267 14.318 -10.901 13.525 15.259
3 16 -11.533 5.331 13.684 -11.151 8.891 14.954 -12.002 9.267 14.318
3 16 -9.966 4.768 14.754 -11.151 8.891 14.954 -11.533 5.331 13.684
3 16 -11.533 5.331 13.684 -10.718 1.705 12.614 -9.966 4.768 14.754
3 16 -10.718 1.705 12.614 -11.533 5.331 13.684 -13.097 2.338 10.376
3 16 -12.073 -1.195 9.215 -10.718 1.705 12.614 -13.097 2.338 10.376
3 16 -9.657 -1.528 11.277 -10.718 1.705 12.614 -12.073 -1.195 9.215
3 16 -10.518 -3.719 8.264 -9.657 -1.528 11.277 -12.073 -1.195 9.215
3 16 -8.805 -3.518 10.047 -9.657 -1.528 11.277 -10.518 -3.719 8.264
3 16 -10.518 -3.719 8.264 -8.187 -5.893 7.469 -7.46 -5.673 8.669
4 16 -6.73 -5.024 10.076 -8.805 -3.518 10.047 -10.518 -3.719 8.264 -7.46 -5.673 8.669
3 16 -13.097 2.338 10.376 -11.533 5.331 13.684 -13.285 6.222 12.042
3 16 -11.533 5.331 13.684 -12.002 9.267 14.318 -13.285 6.222 12.042
3 16 -13.285 6.222 12.042 -12.002 9.267 14.318 -12.561 10.024 13.856
3 16 -8.805 -3.518 10.047 -6.73 -5.024 10.076 -7.254 -3.459 11.34
3 16 -8.805 -3.518 10.047 -7.254 -3.459 11.34 -9.657 -1.528 11.277
3 16 -9.657 -1.528 11.277 -7.254 -3.459 11.34 -7.644 -1.648 12.675
3 16 -10.718 1.705 12.614 -9.657 -1.528 11.277 -8.589 1.41 14.032
3 16 -8.589 1.41 14.032 -9.657 -1.528 11.277 -7.644 -1.648 12.675
3 16 -9.966 4.768 14.754 -10.718 1.705 12.614 -8.589 1.41 14.032
3 16 -5.19 -7.575 6.577 -7.46 -5.673 8.669 -8.187 -5.893 7.469
3 16 -3.878 -7.549 8.068 -7.46 -5.673 8.669 -5.19 -7.575 6.577
3 16 -.754 -8.674 6.103 -3.878 -7.549 8.068 -5.19 -7.575 6.577
3 16 -.743 -8.383 8.096 -3.878 -7.549 8.068 -.754 -8.674 6.103
3 16 -.754 -8.674 6.103 2.126 -8.474 7.633 -.743 -8.383 8.096
3 16 1.991 -8.513 6.078 2.126 -8.474 7.633 -.754 -8.674 6.103
3 16 2.126 -8.474 7.633 1.991 -8.513 6.078 2.819 -8.33 6.228
3 16 2.819 -8.33 6.228 3.212 -8.248 6.857 2.126 -8.474 7.633
3 16 3.212 -8.248 6.857 3.833 -8.043 7.475 2.126 -8.474 7.633
3 16 2.126 -8.474 7.633 3.833 -8.043 7.475 2.918 -8.015 8.776
3 16 5.258 -7.259 8.882 2.918 -8.015 8.776 3.833 -8.043 7.475
3 16 4.116 -7.085 10.249 2.918 -8.015 8.776 5.258 -7.259 8.882
3 16 4.116 -7.085 10.249 5.258 -7.259 8.882 6.909 -5.647 10.593
3 16 6.909 -5.647 10.593 5.891 -5.661 11.426 4.116 -7.085 10.249
3 16 5.891 -5.661 11.426 6.909 -5.647 10.593 8.116 -3.028 12.775
3 16 8.116 -3.028 12.775 5.158 -4.234 13.247 5.891 -5.661 11.426
3 16 5.158 -4.234 13.247 8.116 -3.028 12.775 4.304 -2.301 14.885
3 16 4.304 -2.301 14.885 8.116 -3.028 12.775 8.639 -.309 14.599
3 16 8.639 -.309 14.599 6.09 1.019 16.019 4.304 -2.301 14.885
3 16 8.694 1.572 15.48 6.09 1.019 16.019 8.639 -.309 14.599
3 16 6.09 1.019 16.019 8.694 1.572 15.48 5.896 4.49 17.361
3 16 5.896 4.49 17.361 8.694 1.572 15.48 8.369 5.054 16.912
3 16 3.383 3.99 17.612 6.09 1.019 16.019 5.896 4.49 17.361
3 16 4.025 .662 16.318 6.09 1.019 16.019 3.383 3.99 17.612
3 16 5.158 -4.234 13.247 1.95 -6.048 12.293 5.891 -5.661 11.426
3 16 5.891 -5.661 11.426 1.95 -6.048 12.293 4.116 -7.085 10.249
3 16 4.304 -2.301 14.885 1.95 -6.048 12.293 5.158 -4.234 13.247
3 16 2.918 -8.015 8.776 4.116 -7.085 10.249 .517 -7.627 10.05
3 16 .517 -7.627 10.05 4.116 -7.085 10.249 1.95 -6.048 12.293
3 16 8.369 5.054 16.912 7.585 8.833 18.408 5.896 4.49 17.361
3 16 5.896 4.49 17.361 7.585 8.833 18.408 5.07 8.144 18.776
3 16 5.896 4.49 17.361 5.07 8.144 18.776 3.383 3.99 17.612
3 16 5.07 8.144 18.776 4.095 11.23 19.86 2.146 7.429 18.914
3 16 3.383 3.99 17.612 5.07 8.144 18.776 2.146 7.429 18.914
3 16 2.146 7.429 18.914 4.095 11.23 19.86 .899 10.438 19.755
4 16 5.07 8.144 18.776 7.585 8.833 18.408 7.175 12.12 19.402 4.095 11.23 19.86
3 16 7.175 12.12 19.402 3.952 14.023 20.568 4.095 11.23 19.86
3 16 7.102 14.386 19.936 3.952 14.023 20.568 7.175 12.12 19.402
4 16 7.275 16.115 20.243 4.183 16.282 20.97 3.952 14.023 20.568 7.102 14.386 19.936
3 16 7.275 16.115 20.243 5.299 19.49 21.343 4.183 16.282 20.97
4 16 7.96 23.191 21.515 5.299 19.49 21.343 7.275 16.115 20.243 8.165 18.772 20.592
3 16 5.299 19.49 21.343 2.435 20.36 21.371 4.183 16.282 20.97
3 16 4.183 16.282 20.97 2.435 20.36 21.371 1.041 16.627 20.876
3 16 4.183 16.282 20.97 1.041 16.627 20.876 3.952 14.023 20.568
3 16 3.952 14.023 20.568 1.041 16.627 20.876 .645 13.826 20.415
3 16 3.952 14.023 20.568 .645 13.826 20.415 4.095 11.23 19.86
3 16 4.095 11.23 19.86 .645 13.826 20.415 .899 10.438 19.755
3 16 10.125 22.058 20.835 7.96 23.191 21.515 8.165 18.772 20.592
4 16 13.371 26.367 20.971 11.666 27.585 21.54 7.96 23.191 21.515 10.125 22.058 20.835
3 16 9.862 28.924 21.974 7.96 23.191 21.515 11.666 27.585 21.54
4 16 15.995 32.238 21.46 14.435 33.643 21.854 9.862 28.924 21.974 11.666 27.585 21.54
3 16 19.674 35.993 21.064 14.435 33.643 21.854 15.995 32.238 21.46
3 16 18.369 37.608 21.244 14.435 33.643 21.854 19.674 35.993 21.064
3 16 5.56 24.544 21.767 7.96 23.191 21.515 9.862 28.924 21.974
3 16 2.435 20.36 21.371 5.299 19.49 21.343 5.56 24.544 21.767
3 16 5.56 24.544 21.767 5.299 19.49 21.343 7.96 23.191 21.515
3 16 11.666 27.585 21.54 13.371 26.367 20.971 15.995 32.238 21.46
3 16 15.995 32.238 21.46 13.371 26.367 20.971 17.517 30.979 20.819
3 16 15.995 32.238 21.46 17.517 30.979 20.819 19.674 35.993 21.064
3 16 19.674 35.993 21.064 17.517 30.979 20.819 20.894 34.529 20.559
3 16 19.674 35.993 21.064 21.838 38.211 20.584 18.369 37.608 21.244
3 16 18.369 37.608 21.244 21.838 38.211 20.584 20.534 39.669 20.715
3 16 21.838 38.211 20.584 23.024 41.734 20.202 20.534 39.669 20.715
3 16 24.361 40.496 20 23.024 41.734 20.202 21.838 38.211 20.584
3 16 24.361 40.496 20 25.593 43.588 19.519 23.024 41.734 20.202
3 16 27.19 42.769 19.072 25.593 43.588 19.519 24.361 40.496 20
3 16 27.19 42.769 19.072 28.107 45.234 18.441 25.593 43.588 19.519
3 16 29.316 44.336 18.086 28.107 45.234 18.441 27.19 42.769 19.072
3 16 29.316 44.336 18.086 29.43 46.151 17.664 28.107 45.234 18.441
3 16 30.782 45.257 17.27 29.43 46.151 17.664 29.316 44.336 18.086
3 16 30.782 45.257 17.27 30.564 46.967 16.694 29.43 46.151 17.664
3 16 31.917 46.1 16.434 30.564 46.967 16.694 30.782 45.257 17.27
3 16 23.059 36.777 20.191 24.361 40.496 20 21.838 38.211 20.584
3 16 25.595 39.282 19.535 24.361 40.496 20 23.059 36.777 20.191
3 16 25.595 39.282 19.535 27.19 42.769 19.072 24.361 40.496 20
3 16 28.581 41.747 18.465 27.19 42.769 19.072 25.595 39.282 19.535
3 16 28.581 41.747 18.465 29.316 44.336 18.086 27.19 42.769 19.072
3 16 30.391 43.339 17.59 29.316 44.336 18.086 28.581 41.747 18.465
3 16 30.391 43.339 17.59 30.782 45.257 17.27 29.316 44.336 18.086
3 16 31.77 44.441 16.866 30.782 45.257 17.27 30.391 43.339 17.59
3 16 31.77 44.441 16.866 31.917 46.1 16.434 30.782 45.257 17.27
3 16 32.867 45.182 15.973 31.917 46.1 16.434 31.77 44.441 16.866
3 16 20.894 34.529 20.559 23.059 36.777 20.191 19.674 35.993 21.064
3 16 19.674 35.993 21.064 23.059 36.777 20.191 21.838 38.211 20.584
3 16 6.211 -7.127 -2.247 4.45 -7.017 -1.467 4.693 -6.788 -2.565
3 16 6.211 -7.127 -2.247 4.693 -6.788 -2.565 7.505 -6.944 -3.422
3 16 7.505 -6.944 -3.422 4.693 -6.788 -2.565 5.263 -5.914 -5.294
3 16 8.564 -6.463 -4.63 7.505 -6.944 -3.422 5.263 -5.914 -5.294
3 16 8.625 -5.779 -6.207 8.564 -6.463 -4.63 5.263 -5.914 -5.294
3 16 8.625 -5.779 -6.207 5.263 -5.914 -5.294 6.679 -5.25 -7.348
3 16 6.679 -5.25 -7.348 5.263 -5.914 -5.294 5.434 -5.257 -7.066
3 16 5.434 -5.257 -7.066 5.523 -4.771 -7.966 6.679 -5.25 -7.348
3 16 10.497 -5.809 -4.318 10.407 -5.213 -5.759 13.454 -3.866 -3.489
3 16 13.454 -3.866 -3.489 10.407 -5.213 -5.759 13.455 -3.071 -4.989
3 16 13.149 -4.453 -1.962 10.497 -5.809 -4.318 13.454 -3.866 -3.489
3 16 9.891 -6.318 -2.959 10.497 -5.809 -4.318 13.149 -4.453 -1.962
3 16 12.514 -4.59 -.668 9.891 -6.318 -2.959 13.149 -4.453 -1.962
3 16 8.972 -6.435 -1.731 9.891 -6.318 -2.959 12.514 -4.59 -.668
3 16 10.407 -5.213 -5.759 12.882 -2.077 -6.199 13.455 -3.071 -4.989
3 16 9.65 -4.394 -6.867 12.882 -2.077 -6.199 10.407 -5.213 -5.759
3 16 9.891 -6.318 -2.959 8.972 -6.435 -1.731 7.505 -6.944 -3.422
3 16 7.505 -6.944 -3.422 8.972 -6.435 -1.731 6.211 -7.127 -2.247
3 16 10.497 -5.809 -4.318 9.891 -6.318 -2.959 8.564 -6.463 -4.63
3 16 8.564 -6.463 -4.63 9.891 -6.318 -2.959 7.505 -6.944 -3.422
3 16 10.497 -5.809 -4.318 8.564 -6.463 -4.63 10.407 -5.213 -5.759
3 16 10.407 -5.213 -5.759 8.564 -6.463 -4.63 8.625 -5.779 -6.207
3 16 10.407 -5.213 -5.759 8.625 -5.779 -6.207 9.65 -4.394 -6.867
3 16 13.149 -4.453 -1.962 15.909 -1.159 -.653 15.515 -1.227 .955
3 16 13.454 -3.866 -3.489 15.909 -1.159 -.653 13.149 -4.453 -1.962
3 16 15.515 -1.227 .955 12.514 -4.59 -.668 13.149 -4.453 -1.962
3 16 16.115 -.537 -2.192 15.909 -1.159 -.653 13.454 -3.866 -3.489
3 16 13.455 -3.071 -4.989 16.115 -.537 -2.192 13.454 -3.866 -3.489
3 16 16.168 .367 -3.594 16.115 -.537 -2.192 13.455 -3.071 -4.989
3 16 12.882 -2.077 -6.199 16.168 .367 -3.594 13.455 -3.071 -4.989
3 16 15.943 1.921 -4.622 16.168 .367 -3.594 12.882 -2.077 -6.199
3 16 9.65 -4.394 -6.867 8.625 -5.779 -6.207 6.679 -5.25 -7.348
4 16 17.525 6.398 3.699 17.867 7.555 2.276 17.717 9.477 3.358 17.428 8.761 4.664
3 16 17.867 7.555 2.276 17.721 10.131 1.838 17.717 9.477 3.358
3 16 17.742 8.056 .656 17.721 10.131 1.838 17.867 7.555 2.276
3 16 17.721 10.131 1.838 17.742 8.056 .656 17.494 10.361 .172
3 16 17.494 10.361 .172 17.742 8.056 .656 17.297 7.693 -1.618
3 16 17.494 10.361 .172 17.54 12.235 .939 17.721 10.131 1.838
3 16 17.494 10.361 .172 17.288 10.979 -.739 17.54 12.235 .939
3 16 16.998 9.398 -1.458 17.288 10.979 -.739 17.494 10.361 .172
3 16 17.721 10.131 1.838 17.54 12.235 .939 17.847 13.857 2.996
3 16 17.717 9.477 3.358 17.721 10.131 1.838 17.847 13.857 2.996
3 16 17.847 13.857 2.996 17.761 12.2 4.453 17.717 9.477 3.358
3 16 17.761 12.2 4.453 17.847 13.857 2.996 18.408 15.697 4.825
3 16 18.408 15.697 4.825 18.133 14.248 6.032 17.761 12.2 4.453
3 16 18.133 14.248 6.032 17.354 12.887 7.401 17.208 11.015 6.144
3 16 17.208 11.015 6.144 17.761 12.2 4.453 18.133 14.248 6.032
3 16 17.428 8.761 4.664 17.717 9.477 3.358 17.761 12.2 4.453
3 16 17.761 12.2 4.453 17.208 11.015 6.144 17.428 8.761 4.664
3 16 18.133 14.248 6.032 18.408 15.697 4.825 19.05 17.173 6.693
3 16 19.05 17.173 6.693 18.523 15.914 7.621 18.133 14.248 6.032
3 16 18.523 15.914 7.621 17.548 14.396 8.772 17.354 12.887 7.401
3 16 17.354 12.887 7.401 18.133 14.248 6.032 18.523 15.914 7.621
3 16 18.523 15.914 7.621 19.05 17.173 6.693 20.034 18.815 8.543
3 16 20.034 18.815 8.543 18.999 17.334 9.402 18.523 15.914 7.621
3 16 18.999 17.334 9.402 17.697 15.594 10.259 17.548 14.396 8.772
3 16 17.548 14.396 8.772 18.523 15.914 7.621 18.999 17.334 9.402
3 16 20.034 18.815 8.543 19.016 18.216 12.997 18.999 17.334 9.402
3 16 19.016 18.216 12.997 17.697 15.594 10.259 18.999 17.334 9.402
3 16 22.295 21.024 10.803 19.016 18.216 12.997 20.034 18.815 8.543
3 16 17.247 16.332 13.516 17.697 15.594 10.259 19.016 18.216 12.997
3 16 17.247 16.332 13.516 16.442 13.882 11.148 17.697 15.594 10.259
3 16 15.219 12.812 13.624 16.442 13.882 11.148 17.247 16.332 13.516
3 16 15.219 12.812 13.624 15.547 11.792 11.303 16.442 13.882 11.148
3 16 15.219 12.812 13.624 14.462 9.86 12.78 15.547 11.792 11.303
3 16 15.547 11.792 11.303 14.462 9.86 12.78 15.318 10.21 10.663
3 16 14.462 9.86 12.78 14.568 6.286 10.926 15.318 10.21 10.663
4 16 14.753 2.843 9.18 15.716 6.517 8.301 15.318 10.21 10.663 14.568 6.286 10.926
3 16 15.716 6.517 8.301 14.753 2.843 9.18 15.926 3.315 6.395
3 16 14.753 2.843 9.18 14.498 .605 8.104 15.926 3.315 6.395
3 16 15.926 3.315 6.395 14.498 .605 8.104 15.627 1.161 5.351
3 16 14.498 .605 8.104 13.31 -2.543 6.347 15.627 1.161 5.351
3 16 15.627 1.161 5.351 13.31 -2.543 6.347 14.439 -2.082 3.576
3 16 13.31 -2.543 6.347 10.775 -5.708 4.406 14.439 -2.082 3.576
3 16 14.439 -2.082 3.576 10.775 -5.708 4.406 11.634 -5.393 1.741
3 16 14.462 9.86 12.78 15.219 12.812 13.624 13.393 9.506 15.186
3 16 13.393 9.506 15.186 15.219 12.812 13.624 14.05 12.674 16.254
4 16 14.568 6.286 10.926 14.462 9.86 12.78 13.393 9.506 15.186 13.284 5.963 13.87
3 16 14.753 2.843 9.18 14.568 6.286 10.926 13.273 2.333 12.349
3 16 13.273 2.333 12.349 14.568 6.286 10.926 13.284 5.963 13.87
4 16 14.498 .605 8.104 14.753 2.843 9.18 13.273 2.333 12.349 12.997 .045 11.209
3 16 13.31 -2.543 6.347 14.498 .605 8.104 11.834 -2.938 9.472
3 16 11.834 -2.938 9.472 14.498 .605 8.104 12.997 .045 11.209
3 16 10.775 -5.708 4.406 13.31 -2.543 6.347 9.57 -5.797 7.404
3 16 9.57 -5.797 7.404 13.31 -2.543 6.347 11.834 -2.938 9.472
3 16 10.775 -5.708 4.406 7.593 -7.615 3.105 11.634 -5.393 1.741
3 16 11.634 -5.393 1.741 7.593 -7.615 3.105 8.167 -7.393 .503
3 16 7.593 -7.615 3.105 5.746 -7.98 .121 8.167 -7.393 .503
3 16 5.1 -8.24 2.251 5.746 -7.98 .121 7.593 -7.615 3.105
3 16 4.495 -8.106 3.694 5.1 -8.24 2.251 7.593 -7.615 3.105
3 16 4.239 -8.037 4.712 4.495 -8.106 3.694 7.593 -7.615 3.105
3 16 4.239 -8.037 4.712 7.593 -7.615 3.105 4.749 -7.917 5.076
3 16 3.864 -7.789 5.543 4.239 -8.037 4.712 4.749 -7.917 5.076
3 16 3.359 -7.946 4.953 4.239 -8.037 4.712 3.864 -7.789 5.543
3 16 6.805 -7.406 5.83 4.749 -7.917 5.076 7.593 -7.615 3.105
3 16 7.593 -7.615 3.105 10.775 -5.708 4.406 6.805 -7.406 5.83
3 16 6.805 -7.406 5.83 10.775 -5.708 4.406 9.57 -5.797 7.404
3 16 7.783 -6.319 -.595 8.972 -6.435 -1.731 11.417 -4.318 .647
3 16 11.417 -4.318 .647 8.972 -6.435 -1.731 12.514 -4.59 -.668
3 16 8.972 -6.435 -1.731 7.783 -6.319 -.595 6.211 -7.127 -2.247
3 16 6.211 -7.127 -2.247 7.783 -6.319 -.595 4.45 -7.017 -1.467
4 16 11.417 -4.318 .647 12.514 -4.59 -.668 15.515 -1.227 .955 14.018 -1.174 2.362
3 16 16.943 2.185 2.366 14.018 -1.174 2.362 15.515 -1.227 .955
3 16 15.001 2.059 3.954 14.018 -1.174 2.362 16.943 2.185 2.366
3 16 17.399 4.444 3.094 15.001 2.059 3.954 16.943 2.185 2.366
3 16 15.346 4.133 5.242 15.001 2.059 3.954 17.399 4.444 3.094
3 16 17.399 4.444 3.094 17.525 6.398 3.699 15.346 4.133 5.242
3 16 15.346 4.133 5.242 17.525 6.398 3.699 15.119 6.842 6.947
3 16 17.428 8.761 4.664 15.119 6.842 6.947 17.525 6.398 3.699
3 16 17.208 11.015 6.144 15.119 6.842 6.947 17.428 8.761 4.664
3 16 14.865 10.188 9.149 15.119 6.842 6.947 17.208 11.015 6.144
3 16 14.865 10.188 9.149 17.208 11.015 6.144 17.354 12.887 7.401
3 16 17.354 12.887 7.401 15.329 11.247 9.695 14.865 10.188 9.149
3 16 15.329 11.247 9.695 17.354 12.887 7.401 17.548 14.396 8.772
3 16 17.548 14.396 8.772 16.442 13.882 11.148 15.329 11.247 9.695
3 16 17.697 15.594 10.259 16.442 13.882 11.148 17.548 14.396 8.772
3 16 8.686 -3.583 -7.696 11.022 -2.203 -7.343 9.65 -4.394 -6.867
3 16 9.65 -4.394 -6.867 11.022 -2.203 -7.343 12.882 -2.077 -6.199
3 16 12.77 -.271 -6.645 12.882 -2.077 -6.199 11.022 -2.203 -7.343
3 16 12.77 -.271 -6.645 15.943 1.921 -4.622 12.882 -2.077 -6.199
3 16 14.931 3.148 -5.254 15.943 1.921 -4.622 12.77 -.271 -6.645
3 16 14.931 3.148 -5.254 17.108 5.759 -2.755 15.943 1.921 -4.622
3 16 16.373 6.372 -3.516 17.108 5.759 -2.755 14.931 3.148 -5.254
3 16 17.108 5.759 -2.755 16.373 6.372 -3.516 17.297 7.693 -1.618
3 16 17.297 7.693 -1.618 16.373 6.372 -3.516 16.775 8.315 -2.264
3 16 16.775 8.315 -2.264 16.998 9.398 -1.458 17.297 7.693 -1.618
3 16 17.297 7.693 -1.618 16.998 9.398 -1.458 17.494 10.361 .172
3 16 6.426 -4.241 -8.101 8.686 -3.583 -7.696 9.65 -4.394 -6.867
3 16 9.65 -4.394 -6.867 6.679 -5.25 -7.348 6.426 -4.241 -8.101
3 16 6.426 -4.241 -8.101 6.679 -5.25 -7.348 5.523 -4.771 -7.966
3 16 4.912 -5.089 -8.064 5.084 -5.174 -7.625 4.392 -6.766 -7.613
3 16 4.392 -6.766 -7.613 4.099 -6.601 -8.166 4.912 -5.089 -8.064
3 16 4.099 -6.601 -8.166 4.392 -6.766 -7.613 2.823 -8.393 -8.554
3 16 2.823 -8.393 -8.554 4.392 -6.766 -7.613 3.103 -9.096 -7.764
3 16 3.103 -9.096 -7.764 1.418 -9.6 -9.041 2.823 -8.393 -8.554
3 16 1.587 -10.524 -8.104 1.418 -9.6 -9.041 3.103 -9.096 -7.764
4 16 1.418 -9.6 -9.041 1.215 -8.668 -9.681 2.41 -7.612 -9.291 2.823 -8.393 -8.554
3 16 2.823 -8.393 -8.554 2.41 -7.612 -9.291 4.099 -6.601 -8.166
3 16 4.099 -6.601 -8.166 2.41 -7.612 -9.291 3.767 -6.219 -8.791
3 16 1.418 -9.6 -9.041 1.587 -10.524 -8.104 -.678 -10.976 -8.356
3 16 -.678 -10.976 -8.356 -.645 -9.938 -9.261 1.418 -9.6 -9.041
4 16 1.418 -9.6 -9.041 -.645 -9.938 -9.261 -.622 -8.914 -9.918 1.215 -8.668 -9.681
3 16 -.678 -10.976 -8.356 -2.893 -10.532 -8.258 -.645 -9.938 -9.261
3 16 -.645 -9.938 -9.261 -2.893 -10.532 -8.258 -2.774 -9.493 -9.284
4 16 -2.893 -10.532 -8.258 -5.451 -9.598 -8.18 -5.307 -8.506 -9.269 -2.774 -9.493 -9.284
3 16 -5.307 -8.506 -9.269 -2.557 -8.319 -10.073 -2.774 -9.493 -9.284
4 16 -.645 -9.938 -9.261 -2.774 -9.493 -9.284 -2.557 -8.319 -10.073 -.622 -8.914 -9.918
3 16 -5.157 -7.123 -10.111 -2.557 -8.319 -10.073 -5.307 -8.506 -9.269
3 16 -8.436 -6.81 -9.25 -5.157 -7.123 -10.111 -5.307 -8.506 -9.269
3 16 -7.918 -5.377 -9.896 -5.157 -7.123 -10.111 -8.436 -6.81 -9.25
3 16 -11.84 -4.18 -8.9 -7.918 -5.377 -9.896 -8.436 -6.81 -9.25
3 16 -10.813 -3.217 -9.549 -7.918 -5.377 -9.896 -11.84 -4.18 -8.9
3 16 -11.84 -4.18 -8.9 -14.549 .61 -8.674 -10.813 -3.217 -9.549
3 16 -15.456 -.151 -8.003 -14.549 .61 -8.674 -11.84 -4.18 -8.9
3 16 -17.539 4.486 -6.06 -14.549 .61 -8.674 -15.456 -.151 -8.003
3 16 -16.63 5.213 -6.765 -14.549 .61 -8.674 -17.539 4.486 -6.06
3 16 -17.539 4.486 -6.06 -17.997 9.061 -4.477 -16.63 5.213 -6.765
3 16 -18.741 8.544 -3.722 -17.997 9.061 -4.477 -17.539 4.486 -6.06
3 16 -19.056 12.117 -1.698 -17.997 9.061 -4.477 -18.741 8.544 -3.722
3 16 -18.877 12.738 -2.153 -17.997 9.061 -4.477 -19.056 12.117 -1.698
4 16 -11.84 -4.18 -8.9 -8.436 -6.81 -9.25 -8.76 -8.158 -7.966 -12.719 -5.083 -7.613
4 16 -11.84 -4.18 -8.9 -12.719 -5.083 -7.613 -16.326 -1.079 -6.709 -15.456 -.151 -8.003
3 16 -17.539 4.486 -6.06 -15.456 -.151 -8.003 -18.206 3.64 -4.897
3 16 -18.206 3.64 -4.897 -15.456 -.151 -8.003 -16.326 -1.079 -6.709
3 16 -18.206 3.64 -4.897 -19.204 7.954 -2.758 -17.539 4.486 -6.06
3 16 -17.539 4.486 -6.06 -19.204 7.954 -2.758 -18.741 8.544 -3.722
3 16 -19.056 12.117 -1.698 -18.741 8.544 -3.722 -19.284 11.418 -1.17
3 16 -19.284 11.418 -1.17 -18.741 8.544 -3.722 -19.204 7.954 -2.758
3 16 -8.436 -6.81 -9.25 -5.307 -8.506 -9.269 -8.76 -8.158 -7.966
3 16 -8.76 -8.158 -7.966 -5.307 -8.506 -9.269 -5.451 -9.598 -8.18
3 16 3.231 -7.742 -1.894 .646 -8.975 -2.284 1.623 -10.022 -5.376
3 16 1.623 -10.022 -5.376 .646 -8.975 -2.284 -.63 -10.459 -5.249
3 16 1.623 -10.022 -5.376 -.63 -10.459 -5.249 1.587 -10.524 -8.104
3 16 1.587 -10.524 -8.104 -.63 -10.459 -5.249 -.678 -10.976 -8.356
3 16 3.103 -9.096 -7.764 1.623 -10.022 -5.376 1.587 -10.524 -8.104
3 16 3.091 -8.894 -5.854 1.623 -10.022 -5.376 3.103 -9.096 -7.764
3 16 3.091 -8.894 -5.854 3.676 -7.754 -3.116 1.623 -10.022 -5.376
3 16 1.623 -10.022 -5.376 3.676 -7.754 -3.116 3.231 -7.742 -1.894
3 16 3.103 -9.096 -7.764 4.392 -6.766 -7.613 3.091 -8.894 -5.854
3 16 3.091 -8.894 -5.854 4.392 -6.766 -7.613 4.279 -7.216 -5.498
3 16 3.091 -8.894 -5.854 4.279 -7.216 -5.498 3.676 -7.754 -3.116
3 16 -.63 -10.459 -5.249 -2.86 -9.904 -5.174 -2.893 -10.532 -8.258
3 16 -2.893 -10.532 -8.258 -.678 -10.976 -8.356 -.63 -10.459 -5.249
3 16 -2.893 -10.532 -8.258 -2.86 -9.904 -5.174 -5.607 -9.148 -5.038
3 16 -5.607 -9.148 -5.038 -5.451 -9.598 -8.18 -2.893 -10.532 -8.258
3 16 -2.584 -8.664 -2.24 -5.607 -9.148 -5.038 -2.86 -9.904 -5.174
3 16 -2.86 -9.904 -5.174 -.63 -10.459 -5.249 -2.584 -8.664 -2.24
3 16 -2.584 -8.664 -2.24 -.63 -10.459 -5.249 .646 -8.975 -2.284
3 16 -5.758 -7.743 -2.097 -5.607 -9.148 -5.038 -2.584 -8.664 -2.24
3 16 4.392 -6.766 -7.613 4.913 -6.051 -5.41 4.279 -7.216 -5.498
3 16 5.084 -5.174 -7.625 4.913 -6.051 -5.41 4.392 -6.766 -7.613
3 16 3.676 -7.754 -3.116 4.279 -7.216 -5.498 4.323 -6.94 -2.715
3 16 4.323 -6.94 -2.715 4.279 -7.216 -5.498 4.913 -6.051 -5.41
3 16 3.676 -7.754 -3.116 4.323 -6.94 -2.715 3.231 -7.742 -1.894
3 16 3.231 -7.742 -1.894 4.323 -6.94 -2.715 4.095 -6.981 -1.589
3 16 -5.451 -9.598 -8.18 -5.607 -9.148 -5.038 -9.151 -7.56 -4.891
3 16 -9.151 -7.56 -4.891 -8.76 -8.158 -7.966 -5.451 -9.598 -8.18
3 16 -5.607 -9.148 -5.038 -5.758 -7.743 -2.097 -9.151 -7.56 -4.891
3 16 -8.76 -8.158 -7.966 -9.151 -7.56 -4.891 -12.719 -5.083 -7.613
3 16 -12.719 -5.083 -7.613 -9.151 -7.56 -4.891 -12.899 -4.471 -4.339
3 16 -12.719 -5.083 -7.613 -12.899 -4.471 -4.339 -16.326 -1.079 -6.709
3 16 -16.326 -1.079 -6.709 -12.899 -4.471 -4.339 -16.128 -.337 -3.251
3 16 -16.128 -.337 -3.251 -18.206 3.64 -4.897 -16.326 -1.079 -6.709
3 16 -17.693 3.925 -1.727 -18.206 3.64 -4.897 -16.128 -.337 -3.251
3 16 -18.206 3.64 -4.897 -17.693 3.925 -1.727 -19.204 7.954 -2.758
3 16 -19.204 7.954 -2.758 -17.693 3.925 -1.727 -18.655 7.951 .382
4 16 -19.204 7.954 -2.758 -18.655 7.951 .382 -18.718 11.651 2.321 -19.284 11.418 -1.17
3 16 -9.151 -7.56 -4.891 -8.911 -5.874 -1.627 -12.899 -4.471 -4.339
3 16 -12.899 -4.471 -4.339 -8.911 -5.874 -1.627 -12.542 -3.151 -.995
4 16 -15.486 .839 .317 -16.128 -.337 -3.251 -12.899 -4.471 -4.339 -12.542 -3.151 -.995
3 16 -15.486 .839 .317 -17.693 3.925 -1.727 -16.128 -.337 -3.251
4 16 -15.486 .839 .317 -16.604 4.481 1.671 -18.655 7.951 .382 -17.693 3.925 -1.727
3 16 -18.655 7.951 .382 -16.604 4.481 1.671 -17.527 8.11 3.746
3 16 -17.527 8.11 3.746 -18.718 11.651 2.321 -18.655 7.951 .382
3 16 -17.624 11.938 6.247 -18.718 11.651 2.321 -17.527 8.11 3.746
3 16 -18.718 11.651 2.321 -18.881 14.833 -1.1 -19.284 11.418 -1.17
3 16 -18.284 14.258 4.232 -18.881 14.833 -1.1 -18.718 11.651 2.321
3 16 -18.718 11.651 2.321 -17.624 11.938 6.247 -18.284 14.258 4.232
4 16 -18.111 17.475 5.185 -18.284 14.258 4.232 -17.624 11.938 6.247 -17.244 14.535 7.725
3 16 -17.244 14.535 7.725 -17.624 11.938 6.247 -16.746 13.973 9.39
3 16 -16.746 13.973 9.39 -17.624 11.938 6.247 -17.449 10.069 7.054
3 16 -18.284 14.258 4.232 -18.769 16.535 .223 -18.881 14.833 -1.1
3 16 -18.769 16.535 .223 -18.22 17.227 -2.19 -18.881 14.833 -1.1
3 16 -18.881 14.833 -1.1 -18.22 17.227 -2.19 -18.602 14.149 -3.206
3 16 -18.602 14.149 -3.206 -18.22 17.227 -2.19 -17.891 15.849 -4.346
3 16 -17.472 13.909 -6.553 -18.602 14.149 -3.206 -17.891 15.849 -4.346
3 16 -18.136 12.452 -5.499 -18.602 14.149 -3.206 -17.472 13.909 -6.553
3 16 -17.472 13.909 -6.553 -17.581 9.862 -7.631 -18.136 12.452 -5.499
3 16 -16.7 10.67 -9.286 -17.581 9.862 -7.631 -17.472 13.909 -6.553
3 16 -16.7 10.67 -9.286 -16.717 6.477 -9.806 -17.581 9.862 -7.631
3 16 -15.806 7.823 -11.276 -16.717 6.477 -9.806 -16.7 10.67 -9.286
3 16 -13.603 3.189 -13.683 -16.717 6.477 -9.806 -15.806 7.823 -11.276
3 16 -14.677 1.9 -12.058 -16.717 6.477 -9.806 -13.603 3.189 -13.683
3 16 -16.717 6.477 -9.806 -16.992 5.514 -8.178 -17.581 9.862 -7.631
4 16 -16.717 6.477 -9.806 -14.677 1.9 -12.058 -14.994 .958 -10.241 -16.992 5.514 -8.178
3 16 -17.581 9.862 -7.631 -16.992 5.514 -8.178 -18.01 9.163 -6.022
4 16 -17.581 9.862 -7.631 -18.01 9.163 -6.022 -18.405 11.255 -4.498 -18.136 12.452 -5.499
4 16 -18.877 12.738 -2.153 -18.602 14.149 -3.206 -18.136 12.452 -5.499 -18.405 11.255 -4.498
3 16 -13.603 3.189 -13.683 -10.353 -.548 -15.006 -14.677 1.9 -12.058
3 16 -14.677 1.9 -12.058 -10.353 -.548 -15.006 -10.619 -2.383 -13.399
3 16 -7.788 -2.787 -15.609 -10.619 -2.383 -13.399 -10.353 -.548 -15.006
3 16 -7.942 -4.435 -13.747 -10.619 -2.383 -13.399 -7.788 -2.787 -15.609
4 16 -8.242 -5.54 -11.787 -11.22 -3.18 -11.526 -10.619 -2.383 -13.399 -7.942 -4.435 -13.747
3 16 -10.619 -2.383 -13.399 -11.22 -3.18 -11.526 -14.677 1.9 -12.058
3 16 -14.677 1.9 -12.058 -11.22 -3.18 -11.526 -14.994 .958 -10.241
3 16 -7.788 -2.787 -15.609 -5.242 -4.517 -15.878 -7.942 -4.435 -13.747
3 16 -7.942 -4.435 -13.747 -5.242 -4.517 -15.878 -5.441 -6.191 -13.745
3 16 -7.942 -4.435 -13.747 -5.441 -6.191 -13.745 -8.242 -5.54 -11.787
3 16 -2.398 -6.113 -15.857 -5.441 -6.191 -13.745 -5.242 -4.517 -15.878
3 16 -2.966 -7.436 -13.756 -5.441 -6.191 -13.745 -2.398 -6.113 -15.857
3 16 .147 -7.257 -15.316 -2.966 -7.436 -13.756 -2.398 -6.113 -15.857
3 16 -.926 -8.309 -13.463 -2.966 -7.436 -13.756 .147 -7.257 -15.316
3 16 -2.966 -7.436 -13.756 -.926 -8.309 -13.463 -3.226 -8.368 -11.809
3 16 -3.226 -8.368 -11.809 -.926 -8.309 -13.463 -1.203 -9.009 -11.676
3 16 -5.441 -6.191 -13.745 -2.966 -7.436 -13.756 -5.395 -7.31 -11.841
3 16 -5.395 -7.31 -11.841 -2.966 -7.436 -13.756 -3.226 -8.368 -11.809
3 16 -8.242 -5.54 -11.787 -5.441 -6.191 -13.745 -5.395 -7.31 -11.841
3 16 -.926 -8.309 -13.463 .055 -9.159 -12.076 -1.203 -9.009 -11.676
3 16 .702 -8.836 -12.967 .055 -9.159 -12.076 -.926 -8.309 -13.463
3 16 .702 -8.836 -12.967 -.926 -8.309 -13.463 .838 -8.033 -14.364
3 16 .838 -8.033 -14.364 -.926 -8.309 -13.463 .147 -7.257 -15.316
3 16 17.288 10.979 -.739 16.998 9.398 -1.458 17.145 9.493 -2.468
3 16 17.145 9.493 -2.468 16.998 9.398 -1.458 16.775 8.315 -2.264
3 16 17.145 9.493 -2.468 16.775 8.315 -2.264 16.955 7.845 -3.777
3 16 16.955 7.845 -3.777 16.775 8.315 -2.264 16.373 6.372 -3.516
3 16 16.373 6.372 -3.516 16.382 5.461 -5.452 16.955 7.845 -3.777
3 16 14.931 3.148 -5.254 16.382 5.461 -5.452 16.373 6.372 -3.516
3 16 15.523 3.239 -6.478 16.382 5.461 -5.452 14.931 3.148 -5.254
3 16 15.523 3.239 -6.478 14.931 3.148 -5.254 14.132 .905 -7.511
3 16 14.132 .905 -7.511 14.931 3.148 -5.254 12.77 -.271 -6.645
3 16 12.77 -.271 -6.645 12.19 -1.65 -8.31 14.132 .905 -7.511
3 16 11.022 -2.203 -7.343 12.19 -1.65 -8.31 12.77 -.271 -6.645
3 16 11.022 -2.203 -7.343 9.971 -3.349 -8.739 12.19 -1.65 -8.31
3 16 8.686 -3.583 -7.696 9.971 -3.349 -8.739 11.022 -2.203 -7.343
3 16 8.686 -3.583 -7.696 7.845 -4.099 -8.897 9.971 -3.349 -8.739
3 16 6.426 -4.241 -8.101 7.845 -4.099 -8.897 8.686 -3.583 -7.696
3 16 6.426 -4.241 -8.101 6.655 -4.279 -9.234 7.845 -4.099 -8.897
3 16 5.742 -4.344 -8.479 6.655 -4.279 -9.234 6.426 -4.241 -8.101
3 16 5.539 -4.197 -8.964 6.655 -4.279 -9.234 5.742 -4.344 -8.479
3 16 5.539 -3.723 -9.882 6.655 -4.279 -9.234 5.539 -4.197 -8.964
3 16 6.655 -4.279 -9.234 5.539 -3.723 -9.882 7.43 -3.202 -10.849
3 16 7.43 -3.202 -10.849 5.539 -3.723 -9.882 5.419 -2.111 -11.645
3 16 5.419 -2.111 -11.645 7.563 -1.444 -11.984 7.43 -3.202 -10.849
3 16 4.872 .044 -12.514 7.563 -1.444 -11.984 5.419 -2.111 -11.645
3 16 4.45 -7.017 -1.467 4.095 -6.981 -1.589 4.693 -6.788 -2.565
3 16 4.693 -6.788 -2.565 4.095 -6.981 -1.589 4.323 -6.94 -2.715
3 16 4.693 -6.788 -2.565 4.323 -6.94 -2.715 5.263 -5.914 -5.294
3 16 5.263 -5.914 -5.294 4.323 -6.94 -2.715 4.913 -6.051 -5.41
3 16 4.912 -5.089 -8.064 4.643 -5.198 -8.461 5.1 -4.507 -8.88
4 16 5.523 -4.771 -7.966 4.912 -5.089 -8.064 5.1 -4.507 -8.88 5.742 -4.344 -8.479
3 16 5.539 -4.197 -8.964 5.742 -4.344 -8.479 5.1 -4.507 -8.88
3 16 5.1 -4.507 -8.88 5.333 -3.736 -10.288 5.539 -3.723 -9.882
3 16 5.539 -3.723 -9.882 5.539 -4.197 -8.964 5.1 -4.507 -8.88
3 16 5.008 -1.743 -12.178 5.419 -2.111 -11.645 5.539 -3.723 -9.882
3 16 5.539 -3.723 -9.882 5.333 -3.736 -10.288 5.008 -1.743 -12.178
3 16 5.523 -4.771 -7.966 5.084 -5.174 -7.625 4.912 -5.089 -8.064
3 16 5.523 -4.771 -7.966 5.742 -4.344 -8.479 6.426 -4.241 -8.101
3 16 5.008 -1.743 -12.178 3.941 .027 -12.948 4.872 .044 -12.514
3 16 4.872 .044 -12.514 5.419 -2.111 -11.645 5.008 -1.743 -12.178
3 16 5.084 -5.174 -7.625 5.523 -4.771 -7.966 5.434 -5.257 -7.066
3 16 5.434 -5.257 -7.066 4.913 -6.051 -5.41 5.084 -5.174 -7.625
3 16 5.263 -5.914 -5.294 4.913 -6.051 -5.41 5.434 -5.257 -7.066
3 16 3.767 -6.219 -8.791 4.289 -6.157 -9.912 4.643 -5.198 -8.461
3 16 4.643 -5.198 -8.461 4.289 -6.157 -9.912 5.1 -4.507 -8.88
3 16 2.41 -7.612 -9.291 4.289 -6.157 -9.912 3.767 -6.219 -8.791
3 16 3.429 -7.535 -11.222 4.289 -6.157 -9.912 2.41 -7.612 -9.291
3 16 3.429 -7.535 -11.222 4.683 -4.815 -11.773 4.289 -6.157 -9.912
3 16 3.672 -6.342 -13.147 4.683 -4.815 -11.773 3.429 -7.535 -11.222
3 16 4.683 -4.815 -11.773 5.333 -3.736 -10.288 4.289 -6.157 -9.912
3 16 4.289 -6.157 -9.912 5.333 -3.736 -10.288 5.1 -4.507 -8.88
3 16 2.41 -7.612 -9.291 1.215 -8.668 -9.681 3.429 -7.535 -11.222
3 16 3.429 -7.535 -11.222 1.215 -8.668 -9.681 2.506 -8.692 -12.28
3 16 3.429 -7.535 -11.222 2.506 -8.692 -12.28 3.672 -6.342 -13.147
3 16 .055 -9.159 -12.076 2.506 -8.692 -12.28 1.215 -8.668 -9.681
3 16 -.622 -8.914 -9.918 .055 -9.159 -12.076 1.215 -8.668 -9.681
3 16 -1.203 -9.009 -11.676 .055 -9.159 -12.076 -.622 -8.914 -9.918
4 16 -.622 -8.914 -9.918 -2.557 -8.319 -10.073 -3.226 -8.368 -11.809 -1.203 -9.009 -11.676
3 16 -5.157 -7.123 -10.111 -3.226 -8.368 -11.809 -2.557 -8.319 -10.073
3 16 -5.395 -7.31 -11.841 -3.226 -8.368 -11.809 -5.157 -7.123 -10.111
3 16 .702 -8.836 -12.967 2.506 -8.692 -12.28 .055 -9.159 -12.076
3 16 .838 -8.033 -14.364 2.506 -8.692 -12.28 .702 -8.836 -12.967
3 16 2.62 -7.271 -14.207 2.506 -8.692 -12.28 .838 -8.033 -14.364
3 16 3.672 -6.342 -13.147 2.506 -8.692 -12.28 2.62 -7.271 -14.207
4 16 -5.157 -7.123 -10.111 -7.918 -5.377 -9.896 -8.242 -5.54 -11.787 -5.395 -7.31 -11.841
3 16 -10.813 -3.217 -9.549 -8.242 -5.54 -11.787 -7.918 -5.377 -9.896
3 16 -11.22 -3.18 -11.526 -8.242 -5.54 -11.787 -10.813 -3.217 -9.549
3 16 -10.813 -3.217 -9.549 -14.549 .61 -8.674 -11.22 -3.18 -11.526
3 16 -11.22 -3.18 -11.526 -14.549 .61 -8.674 -14.994 .958 -10.241
3 16 -14.994 .958 -10.241 -14.549 .61 -8.674 -16.992 5.514 -8.178
3 16 -16.992 5.514 -8.178 -14.549 .61 -8.674 -16.63 5.213 -6.765
3 16 -16.992 5.514 -8.178 -16.63 5.213 -6.765 -18.01 9.163 -6.022
3 16 -18.01 9.163 -6.022 -16.63 5.213 -6.765 -17.997 9.061 -4.477
3 16 -18.01 9.163 -6.022 -17.997 9.061 -4.477 -18.405 11.255 -4.498
3 16 -18.405 11.255 -4.498 -17.997 9.061 -4.477 -18.877 12.738 -2.153
3 16 4.683 -4.815 -11.773 3.672 -6.342 -13.147 4.191 -3.011 -13.346
3 16 4.191 -3.011 -13.346 3.672 -6.342 -13.147 3.007 -4.297 -14.78
3 16 5.008 -1.743 -12.178 4.683 -4.815 -11.773 4.191 -3.011 -13.346
3 16 5.333 -3.736 -10.288 4.683 -4.815 -11.773 5.008 -1.743 -12.178
3 16 3.672 -6.342 -13.147 2.62 -7.271 -14.207 3.007 -4.297 -14.78
3 16 3.007 -4.297 -14.78 2.62 -7.271 -14.207 1.547 -5.289 -15.75
3 16 1.547 -5.289 -15.75 2.62 -7.271 -14.207 .147 -7.257 -15.316
3 16 .147 -7.257 -15.316 2.62 -7.271 -14.207 .838 -8.033 -14.364
3 16 .147 -7.257 -15.316 -1.376 -3.824 -16.058 1.547 -5.289 -15.75
3 16 -2.398 -6.113 -15.857 -1.376 -3.824 -16.058 .147 -7.257 -15.316
3 16 -2.398 -6.113 -15.857 -5.242 -4.517 -15.878 -1.376 -3.824 -16.058
4 16 -1.376 -3.824 -16.058 -5.242 -4.517 -15.878 -7.788 -2.787 -15.609 -2.311 -.935 -15.804
3 16 -2.311 -.935 -15.804 -7.788 -2.787 -15.609 -7.016 1.478 -14.381
3 16 -7.788 -2.787 -15.609 -10.353 -.548 -15.006 -7.016 1.478 -14.381
3 16 -7.016 1.478 -14.381 -10.353 -.548 -15.006 -9.15 3.153 -13.352
3 16 -10.353 -.548 -15.006 -13.603 3.189 -13.683 -9.15 3.153 -13.352
3 16 -9.15 3.153 -13.352 -13.603 3.189 -13.683 -10.836 5.801 -11.76
4 16 -11.956 8.557 -10.309 -10.836 5.801 -11.76 -13.603 3.189 -13.683 -15.806 7.823 -11.276
3 16 -15.806 7.823 -11.276 -16.7 10.67 -9.286 -11.956 8.557 -10.309
3 16 -11.956 8.557 -10.309 -16.7 10.67 -9.286 -12.891 11.561 -8.599
3 16 -16.7 10.67 -9.286 -17.472 13.909 -6.553 -12.891 11.561 -8.599
3 16 -12.891 11.561 -8.599 -17.472 13.909 -6.553 -13.567 14.402 -6.609
3 16 -17.472 13.909 -6.553 -14.167 16.754 -4.478 -13.567 14.402 -6.609
3 16 -17.891 15.849 -4.346 -14.167 16.754 -4.478 -17.472 13.909 -6.553
3 16 -17.891 15.849 -4.346 -14.639 18.297 -2.421 -14.167 16.754 -4.478
3 16 -18.22 17.227 -2.19 -14.639 18.297 -2.421 -17.891 15.849 -4.346
3 16 -18.22 17.227 -2.19 -14.91 19.374 -.783 -14.639 18.297 -2.421
3 16 -18.409 18.331 .924 -14.91 19.374 -.783 -18.22 17.227 -2.19
3 16 -18.409 18.331 .924 -15.37 20.59 2.407 -14.91 19.374 -.783
3 16 -18.198 19.217 3.757 -15.37 20.59 2.407 -18.409 18.331 .924
3 16 -18.198 19.217 3.757 -15.304 21.466 6.036 -15.37 20.59 2.407
3 16 -17.281 20.316 8.088 -15.304 21.466 6.036 -18.198 19.217 3.757
3 16 -17.281 20.316 8.088 -13.73 23.129 10.025 -15.304 21.466 6.036
3 16 -15.833 21.638 11.44 -13.73 23.129 10.025 -17.281 20.316 8.088
3 16 -15.833 21.638 11.44 -13.907 24.026 13.915 -13.73 23.129 10.025
3 16 -13.73 23.129 10.025 -13.907 24.026 13.915 -11.824 26.325 12.37
3 16 -11.52 28.36 15.954 -11.824 26.325 12.37 -13.907 24.026 13.915
3 16 -9.721 30.441 13.836 -11.824 26.325 12.37 -11.52 28.36 15.954
4 16 -11.52 28.36 15.954 -8.807 33.4 17.045 -7.814 33.983 14.598 -9.721 30.441 13.836
4 16 -8.807 33.4 17.045 -6.305 37.355 17.638 -5.758 37.247 15.164 -7.814 33.983 14.598
3 16 -6.305 37.355 17.638 -2.869 41.212 15.651 -5.758 37.247 15.164
3 16 -3.713 41.509 18.071 -2.869 41.212 15.651 -6.305 37.355 17.638
3 16 -3.713 41.509 18.071 .179 46.942 18.415 -2.869 41.212 15.651
3 16 -2.869 41.212 15.651 .179 46.942 18.415 1.401 46.784 16.057
3 16 3.649 50.575 18.517 1.401 46.784 16.057 .179 46.942 18.415
3 16 5.11 50.992 16.386 1.401 46.784 16.057 3.649 50.575 18.517
3 16 6.202 53.009 18.598 5.11 50.992 16.386 3.649 50.575 18.517
3 16 7.704 53.056 16.646 5.11 50.992 16.386 6.202 53.009 18.598
4 16 8.443 54.603 18.851 10.833 55.62 17.754 7.704 53.056 16.646 6.202 53.009 18.598
3 16 10.188 54.295 16.941 7.704 53.056 16.646 10.833 55.62 17.754
3 16 10.833 55.62 17.754 12.242 54.433 17.6 11.372 53.743 16.787
3 16 11.372 53.743 16.787 10.188 54.295 16.941 10.833 55.62 17.754
3 16 12.242 54.433 17.6 12.574 53.792 17.446 12.106 52.992 16.733
3 16 12.106 52.992 16.733 11.372 53.743 16.787 12.242 54.433 17.6
3 16 4.643 -5.198 -8.461 4.912 -5.089 -8.064 4.099 -6.601 -8.166
3 16 4.099 -6.601 -8.166 3.767 -6.219 -8.791 4.643 -5.198 -8.461
3 16 8.878 -2.95 -10.215 7.845 -4.099 -8.897 7.43 -3.202 -10.849
3 16 7.43 -3.202 -10.849 7.845 -4.099 -8.897 6.655 -4.279 -9.234
3 16 7.845 -4.099 -8.897 8.878 -2.95 -10.215 9.971 -3.349 -8.739
3 16 9.971 -3.349 -8.739 8.878 -2.95 -10.215 10.496 -2.034 -9.885
3 16 10.496 -2.034 -9.885 12.19 -1.65 -8.31 9.971 -3.349 -8.739
3 16 11.231 .518 -10.706 12.19 -1.65 -8.31 10.496 -2.034 -9.885
4 16 12.19 -1.65 -8.31 11.231 .518 -10.706 13.24 3.058 -9.771 14.132 .905 -7.511
3 16 14.132 .905 -7.511 13.24 3.058 -9.771 15.523 3.239 -6.478
3 16 15.523 3.239 -6.478 13.24 3.058 -9.771 14.5 5.199 -8.738
3 16 15.523 3.239 -6.478 14.5 5.199 -8.738 16.382 5.461 -5.452
3 16 16.382 5.461 -5.452 14.5 5.199 -8.738 15.533 7.443 -7.223
3 16 7.43 -3.202 -10.849 7.563 -1.444 -11.984 8.878 -2.95 -10.215
3 16 8.878 -2.95 -10.215 7.563 -1.444 -11.984 9.012 -1.138 -11.469
3 16 8.878 -2.95 -10.215 9.012 -1.138 -11.469 10.496 -2.034 -9.885
3 16 10.496 -2.034 -9.885 9.012 -1.138 -11.469 11.231 .518 -10.706
4 16 16.382 5.461 -5.452 15.533 7.443 -7.223 16.223 9.843 -5.25 16.955 7.845 -3.777
4 16 16.955 7.845 -3.777 16.223 9.843 -5.25 16.584 11.715 -3.341 17.145 9.493 -2.468
3 16 17.145 9.493 -2.468 16.584 11.715 -3.341 17.288 10.979 -.739
3 16 17.288 10.979 -.739 16.584 11.715 -3.341 16.741 13.268 -1.768
3 16 17.288 10.979 -.739 16.741 13.268 -1.768 17.54 12.235 .939
3 16 17.54 12.235 .939 16.741 13.268 -1.768 16.97 14.429 -.471
3 16 17.54 12.235 .939 16.97 14.429 -.471 17.847 13.857 2.996
3 16 17.847 13.857 2.996 16.97 14.429 -.471 17.372 15.948 1.296
3 16 17.847 13.857 2.996 17.372 15.948 1.296 18.408 15.697 4.825
3 16 18.408 15.697 4.825 17.372 15.948 1.296 17.873 17.555 3.113
3 16 17.873 17.555 3.113 18.539 19.077 4.882 18.408 15.697 4.825
3 16 18.408 15.697 4.825 18.539 19.077 4.882 19.05 17.173 6.693
3 16 18.539 19.077 4.882 19.646 20.719 6.617 19.05 17.173 6.693
3 16 19.05 17.173 6.693 19.646 20.719 6.617 20.034 18.815 8.543
3 16 19.646 20.719 6.617 21.726 22.954 8.23 20.034 18.815 8.543
3 16 20.034 18.815 8.543 21.726 22.954 8.23 22.295 21.024 10.803
3 16 21.726 22.954 8.23 25.037 24.986 9.223 22.295 21.024 10.803
3 16 22.295 21.024 10.803 25.037 24.986 9.223 25.752 23.504 11.874
3 16 25.037 24.986 9.223 28.449 24.813 11.713 25.752 23.504 11.874
3 16 28.074 26.28 9.435 28.449 24.813 11.713 25.037 24.986 9.223
3 16 28.449 24.813 11.713 28.074 26.28 9.435 30.063 25.393 11.416
3 16 30.063 25.393 11.416 28.074 26.28 9.435 29.779 26.843 9.014
3 16 29.779 26.843 9.014 31.662 25.864 10.86 30.063 25.393 11.416
3 16 31.113 27.11 8.51 31.662 25.864 10.86 29.779 26.843 9.014
3 16 31.662 25.864 10.86 31.113 27.11 8.51 33.047 26.201 10.181
3 16 33.047 26.201 10.181 31.113 27.11 8.51 32.776 27.324 7.374
3 16 34.378 26.509 9.264 33.047 26.201 10.181 32.776 27.324 7.374
3 16 34.378 26.509 9.264 32.776 27.324 7.374 36.063 26.687 7.447
3 16 36.063 26.687 7.447 32.776 27.324 7.374 34.639 27.576 5.446
3 16 36.063 26.687 7.447 34.639 27.576 5.446 36.493 26.934 4.448
3 16 36.493 26.934 4.448 37.435 26.763 5.512 36.063 26.687 7.447
3 16 36.493 26.934 4.448 34.639 27.576 5.446 35.808 27.55 3.614
4 16 36.929 27.565 1.266 37.631 26.903 2.24 36.493 26.934 4.448 35.808 27.55 3.614
3 16 36.929 27.565 1.266 38.693 27.12 .097 37.631 26.903 2.24
3 16 38.09 27.761 -.332 38.693 27.12 .097 36.929 27.565 1.266
3 16 38.693 27.12 .097 39.172 26.999 1.477 37.631 26.903 2.24
3 16 37.631 26.903 2.24 39.172 26.999 1.477 38.542 26.922 3.44
3 16 37.631 26.903 2.24 38.542 26.922 3.44 36.493 26.934 4.448
3 16 36.493 26.934 4.448 38.542 26.922 3.44 37.435 26.763 5.512
3 16 3.206 -8.626 -.745 3.231 -7.742 -1.894 4.163 -7.404 -.781
3 16 4.163 -7.404 -.781 3.231 -7.742 -1.894 4.095 -6.981 -1.589
3 16 3.206 -8.626 -.745 .646 -8.975 -2.284 3.231 -7.742 -1.894
3 16 1.008 -10.33 -.968 .646 -8.975 -2.284 3.206 -8.626 -.745
3 16 1.008 -10.33 -.968 -2.667 -10.217 -.915 .646 -8.975 -2.284
3 16 .646 -8.975 -2.284 -2.667 -10.217 -.915 -2.584 -8.664 -2.24
3 16 -2.667 -10.217 -.915 -6.071 -9.03 -.671 -2.584 -8.664 -2.24
3 16 -2.584 -8.664 -2.24 -6.071 -9.03 -.671 -5.758 -7.743 -2.097
3 16 -5.758 -7.743 -2.097 -6.071 -9.03 -.671 -8.911 -5.874 -1.627
3 16 -8.911 -5.874 -1.627 -6.071 -9.03 -.671 -9.851 -7.124 -.145
3 16 -8.911 -5.874 -1.627 -9.851 -7.124 -.145 -12.542 -3.151 -.995
3 16 -12.542 -3.151 -.995 -9.851 -7.124 -.145 -13.343 -4.162 .75
3 16 -13.343 -4.162 .75 -15.937 -.242 1.951 -12.542 -3.151 -.995
3 16 -12.542 -3.151 -.995 -15.937 -.242 1.951 -15.486 .839 .317
3 16 -17.19 3.291 3.365 -15.486 .839 .317 -15.937 -.242 1.951
3 16 -16.604 4.481 1.671 -15.486 .839 .317 -17.19 3.291 3.365
3 16 -17.19 3.291 3.365 -17.688 6.727 5.405 -17.527 8.11 3.746
3 16 -17.527 8.11 3.746 -16.604 4.481 1.671 -17.19 3.291 3.365
3 16 -17.688 6.727 5.405 -17.449 10.069 7.054 -17.624 11.938 6.247
3 16 -17.624 11.938 6.247 -17.527 8.11 3.746 -17.688 6.727 5.405
3 16 4.45 -7.017 -1.467 4.163 -7.404 -.781 4.095 -6.981 -1.589
3 16 4.466 -7.371 -.663 4.163 -7.404 -.781 4.45 -7.017 -1.467
3 16 4.163 -7.404 -.781 4.466 -7.371 -.663 3.704 -8.077 2.462
3 16 2.914 -8.035 4.619 3.704 -8.077 2.462 3.965 -7.934 2.534
3 16 3.965 -7.934 2.534 3.436 -7.93 4.43 2.914 -8.035 4.619
3 16 3.704 -8.077 2.462 4.466 -7.371 -.663 3.965 -7.934 2.534
3 16 3.359 -7.946 4.953 2.914 -8.035 4.619 3.436 -7.93 4.43
3 16 4.495 -8.106 3.694 4.239 -8.037 4.712 3.436 -7.93 4.43
3 16 3.436 -7.93 4.43 4.239 -8.037 4.712 3.359 -7.946 4.953
3 16 3.965 -7.934 2.534 4.495 -8.106 3.694 3.436 -7.93 4.43
3 16 5.1 -8.24 2.251 4.495 -8.106 3.694 3.965 -7.934 2.534
4 16 5.1 -8.24 2.251 3.965 -7.934 2.534 4.466 -7.371 -.663 5.746 -7.98 .121
3 16 5.746 -7.98 .121 4.466 -7.371 -.663 4.45 -7.017 -1.467
3 16 3.864 -7.789 5.543 4.749 -7.917 5.076 6.805 -7.406 5.83
3 16 6.805 -7.406 5.83 5.246 -6.73 6.868 3.864 -7.789 5.543
3 16 5.246 -6.73 6.868 6.805 -7.406 5.83 8.545 -5.309 8.313
3 16 8.545 -5.309 8.313 6.805 -7.406 5.83 9.57 -5.797 7.404
4 16 9.57 -5.797 7.404 11.834 -2.938 9.472 10.282 -2.589 10.43 8.545 -5.309 8.313
3 16 8.545 -5.309 8.313 10.282 -2.589 10.43 7.542 -4.657 8.936
3 16 5.246 -6.73 6.868 8.545 -5.309 8.313 7.542 -4.657 8.936
3 16 7.542 -4.657 8.936 10.282 -2.589 10.43 8.811 -2.095 11.055
4 16 9.313 .329 12.633 8.811 -2.095 11.055 10.282 -2.589 10.43 11.111 .097 12.118
3 16 11.111 .097 12.118 11.285 2.204 13.273 9.313 .329 12.633
3 16 9.313 .329 12.633 11.285 2.204 13.273 9.393 2.246 13.793
3 16 11.285 2.204 13.273 11.122 5.735 14.93 9.393 2.246 13.793
3 16 9.393 2.246 13.793 11.122 5.735 14.93 9.07 5.695 15.418
4 16 11.111 .097 12.118 10.282 -2.589 10.43 11.834 -2.938 9.472 12.997 .045 11.209
3 16 11.285 2.204 13.273 11.111 .097 12.118 13.273 2.333 12.349
3 16 13.273 2.333 12.349 11.111 .097 12.118 12.997 .045 11.209
3 16 11.122 5.735 14.93 11.285 2.204 13.273 13.284 5.963 13.87
3 16 13.284 5.963 13.87 11.285 2.204 13.273 13.273 2.333 12.349
3 16 13.284 5.963 13.87 13.393 9.506 15.186 11.122 5.735 14.93
3 16 11.122 5.735 14.93 13.393 9.506 15.186 10.997 9.486 16.544
3 16 11.122 5.735 14.93 10.997 9.486 16.544 9.07 5.695 15.418
3 16 14.05 12.674 16.254 10.997 9.486 16.544 13.393 9.506 15.186
3 16 11.348 13.148 17.798 10.997 9.486 16.544 14.05 12.674 16.254
3 16 7.859 12.519 18.169 10.997 9.486 16.544 11.348 13.148 17.798
3 16 8.368 9.559 16.968 10.997 9.486 16.544 7.859 12.519 18.169
3 16 9.07 5.695 15.418 10.997 9.486 16.544 8.368 9.559 16.968
3 16 14.05 12.674 16.254 15.619 16.282 17.143 11.348 13.148 17.798
3 16 11.348 13.148 17.798 15.619 16.282 17.143 13.277 17.845 18.724
4 16 15.619 16.282 17.143 16.954 18.294 17.36 15.191 19.977 18.709 13.277 17.845 18.724
3 16 13.277 17.845 18.724 15.191 19.977 18.709 12.17 20.451 19.513
3 16 12.17 20.451 19.513 15.191 19.977 18.709 13.445 21.164 19.447
3 16 12.17 20.451 19.513 10.633 18.624 19.403 13.277 17.845 18.724
3 16 11.29 20.754 19.725 10.633 18.624 19.403 12.17 20.451 19.513
3 16 11.29 20.754 19.725 10.608 21.83 20.017 8.686 18.804 19.368
3 16 10.608 21.83 20.017 11.29 20.754 19.725 11.976 22.188 20.195
3 16 10.608 21.83 20.017 11.976 22.188 20.195 13.935 26.14 20.302
3 16 13.935 26.14 20.302 11.976 22.188 20.195 14.857 25.728 20.393
3 16 14.857 25.728 20.393 17.846 30.468 20.072 13.935 26.14 20.302
3 16 18.653 29.811 20.291 17.846 30.468 20.072 14.857 25.728 20.393
3 16 18.653 29.811 20.291 21.603 34.034 19.548 17.846 30.468 20.072
3 16 22.334 33.218 19.882 21.603 34.034 19.548 18.653 29.811 20.291
3 16 24.584 35.316 19.502 21.603 34.034 19.548 22.334 33.218 19.882
3 16 23.793 36.26 18.927 21.603 34.034 19.548 24.584 35.316 19.502
3 16 23.793 36.26 18.927 24.584 35.316 19.502 26.267 38.508 18.22
3 16 26.267 38.508 18.22 24.584 35.316 19.502 27.441 37.64 18.925
3 16 26.267 38.508 18.22 27.441 37.64 18.925 28.643 40.659 17.44
3 16 28.643 40.659 17.44 27.441 37.64 18.925 29.916 39.726 17.935
4 16 28.643 40.659 17.44 29.916 39.726 17.935 31.872 41.258 17.003 30.774 42.154 16.505
3 16 31.872 41.258 17.003 32.013 43.161 15.623 30.774 42.154 16.505
3 16 33.304 42.395 16.091 32.013 43.161 15.623 31.872 41.258 17.003
3 16 33.304 42.395 16.091 32.49 43.556 15.151 32.013 43.161 15.623
3 16 34.303 43.321 15.209 32.49 43.556 15.151 33.304 42.395 16.091
3 16 34.303 43.321 15.209 32.861 43.957 14.628 32.49 43.556 15.151
3 16 34.957 43.781 14.386 32.861 43.957 14.628 34.303 43.321 15.209
3 16 34.957 43.781 14.386 32.998 44.116 13.837 32.861 43.957 14.628
3 16 34.648 44.479 12.844 32.998 44.116 13.837 34.957 43.781 14.386
3 16 32.998 44.116 13.837 34.648 44.479 12.844 32.794 44.037 13.25
3 16 32.794 44.037 13.25 34.648 44.479 12.844 34.381 44.236 11.855
3 16 34.381 44.236 11.855 32.389 43.828 12.787 32.794 44.037 13.25
3 16 33.863 43.848 10.855 32.389 43.828 12.787 34.381 44.236 11.855
3 16 33.863 43.848 10.855 32.197 43.116 10.941 32.389 43.828 12.787
3 16 32.389 43.828 12.787 32.197 43.116 10.941 31.602 43.433 12.562
3 16 30.497 41.716 11.284 31.602 43.433 12.562 32.197 43.116 10.941
3 16 30.082 42.54 12.666 31.602 43.433 12.562 30.497 41.716 11.284
3 16 30.082 42.54 12.666 30.497 41.716 11.284 28.03 40.178 13.058
3 16 28.03 40.178 13.058 30.497 41.716 11.284 28.404 39.518 11.729
4 16 28.404 39.518 11.729 25.773 36.843 12.126 25.186 37.188 13.402 28.03 40.178 13.058
3 16 23.275 34.292 12.205 25.186 37.188 13.402 25.773 36.843 12.126
3 16 22.592 34.651 13.091 25.186 37.188 13.402 23.275 34.292 12.205
4 16 23.275 34.292 12.205 21.654 32.701 12.139 20.941 32.854 12.847 22.592 34.651 13.091
4 16 21.654 32.701 12.139 19.984 30.872 11.872 19.472 31.012 12.41 20.941 32.854 12.847
3 16 18.712 29.37 11.483 19.472 31.012 12.41 19.984 30.872 11.872
3 16 18.022 29.292 11.619 19.472 31.012 12.41 18.712 29.37 11.483
3 16 3.212 -8.248 6.857 3.864 -7.789 5.543 3.833 -8.043 7.475
3 16 3.833 -8.043 7.475 3.864 -7.789 5.543 5.246 -6.73 6.868
3 16 5.258 -7.259 8.882 3.833 -8.043 7.475 5.246 -6.73 6.868
3 16 7.542 -4.657 8.936 5.258 -7.259 8.882 5.246 -6.73 6.868
3 16 6.909 -5.647 10.593 5.258 -7.259 8.882 7.542 -4.657 8.936
3 16 7.542 -4.657 8.936 8.811 -2.095 11.055 6.909 -5.647 10.593
3 16 6.909 -5.647 10.593 8.811 -2.095 11.055 8.116 -3.028 12.775
4 16 8.811 -2.095 11.055 9.313 .329 12.633 8.639 -.309 14.599 8.116 -3.028 12.775
3 16 9.393 2.246 13.793 8.639 -.309 14.599 9.313 .329 12.633
3 16 8.694 1.572 15.48 8.639 -.309 14.599 9.393 2.246 13.793
3 16 9.07 5.695 15.418 8.694 1.572 15.48 9.393 2.246 13.793
3 16 8.369 5.054 16.912 8.694 1.572 15.48 9.07 5.695 15.418
3 16 8.368 9.559 16.968 8.369 5.054 16.912 9.07 5.695 15.418
3 16 7.585 8.833 18.408 8.369 5.054 16.912 8.368 9.559 16.968
4 16 8.368 9.559 16.968 7.859 12.519 18.169 7.175 12.12 19.402 7.585 8.833 18.408
3 16 7.859 12.519 18.169 7.102 14.386 19.936 7.175 12.12 19.402
3 16 7.749 14.785 18.731 7.102 14.386 19.936 7.859 12.519 18.169
3 16 7.102 14.386 19.936 7.749 14.785 18.731 7.807 16.408 19.045
3 16 7.807 16.408 19.045 7.275 16.115 20.243 7.102 14.386 19.936
3 16 7.807 16.408 19.045 8.165 18.772 20.592 7.275 16.115 20.243
3 16 8.686 18.804 19.368 8.165 18.772 20.592 7.807 16.408 19.045
3 16 8.686 18.804 19.368 10.125 22.058 20.835 8.165 18.772 20.592
3 16 10.608 21.83 20.017 10.125 22.058 20.835 8.686 18.804 19.368
3 16 10.125 22.058 20.835 10.608 21.83 20.017 13.371 26.367 20.971
3 16 13.371 26.367 20.971 10.608 21.83 20.017 13.935 26.14 20.302
3 16 13.371 26.367 20.971 13.935 26.14 20.302 17.517 30.979 20.819
3 16 17.517 30.979 20.819 13.935 26.14 20.302 17.846 30.468 20.072
3 16 17.517 30.979 20.819 17.846 30.468 20.072 20.894 34.529 20.559
3 16 20.894 34.529 20.559 17.846 30.468 20.072 21.603 34.034 19.548
3 16 20.894 34.529 20.559 21.603 34.034 19.548 23.059 36.777 20.191
3 16 23.059 36.777 20.191 21.603 34.034 19.548 23.793 36.26 18.927
3 16 23.793 36.26 18.927 25.595 39.282 19.535 23.059 36.777 20.191
3 16 26.267 38.508 18.22 25.595 39.282 19.535 23.793 36.26 18.927
3 16 28.643 40.659 17.44 25.595 39.282 19.535 26.267 38.508 18.22
3 16 28.581 41.747 18.465 25.595 39.282 19.535 28.643 40.659 17.44
4 16 30.391 43.339 17.59 28.581 41.747 18.465 28.643 40.659 17.44 30.578 42.471 16.624
3 16 31.8 43.484 15.772 30.391 43.339 17.59 30.578 42.471 16.624
3 16 31.77 44.441 16.866 30.391 43.339 17.59 31.8 43.484 15.772
3 16 32.299 43.923 15.205 31.77 44.441 16.866 31.8 43.484 15.772
3 16 32.867 45.182 15.973 31.77 44.441 16.866 32.299 43.923 15.205
3 16 32.867 45.182 15.973 32.299 43.923 15.205 33.091 45.237 14.891
3 16 33.091 45.237 14.891 32.299 43.923 15.205 32.696 44.241 14.663
3 16 32.696 44.241 14.663 32.796 44.396 13.92 33.091 45.237 14.891
3 16 33.091 45.237 14.891 32.796 44.396 13.92 33.186 45.204 13.729
3 16 32.689 44.388 13.328 33.186 45.204 13.729 32.796 44.396 13.92
3 16 32.982 45.222 13.04 33.186 45.204 13.729 32.689 44.388 13.328
3 16 32.982 45.222 13.04 32.689 44.388 13.328 32.511 45.297 12.479
3 16 32.511 45.297 12.479 32.689 44.388 13.328 32.228 44.163 12.874
3 16 32.228 44.163 12.874 31.334 45.038 12.236 32.511 45.297 12.479
3 16 32.511 45.297 12.479 31.334 45.038 12.236 32.079 45.698 12.315
3 16 32.228 44.163 12.874 31.431 43.82 12.606 31.334 45.038 12.236
3 16 31.334 45.038 12.236 31.431 43.82 12.606 30.567 44.22 12.401
3 16 31.431 43.82 12.606 30.082 42.54 12.666 30.567 44.22 12.401
3 16 30.567 44.22 12.401 30.082 42.54 12.666 29.368 42.958 12.581
3 16 28.03 40.178 13.058 29.368 42.958 12.581 30.082 42.54 12.666
3 16 27.3 40.937 12.996 29.368 42.958 12.581 28.03 40.178 13.058
3 16 27.3 40.937 12.996 28.03 40.178 13.058 24.397 37.937 13.321
3 16 24.397 37.937 13.321 28.03 40.178 13.058 25.186 37.188 13.402
3 16 25.186 37.188 13.402 22.063 35.186 13.055 24.397 37.937 13.321
3 16 22.592 34.651 13.091 22.063 35.186 13.055 25.186 37.188 13.402
4 16 22.592 34.651 13.091 20.941 32.854 12.847 20.371 33.205 12.791 22.063 35.186 13.055
3 16 19.472 31.012 12.41 20.371 33.205 12.791 20.941 32.854 12.847
3 16 18.914 31.412 12.393 20.371 33.205 12.791 19.472 31.012 12.41
3 16 18.914 31.412 12.393 19.472 31.012 12.41 17.922 29.985 11.952
3 16 17.922 29.985 11.952 19.472 31.012 12.41 18.022 29.292 11.619
3 16 2.927 -8.951 2.119 3.704 -8.077 2.462 2.25 -8.709 4
3 16 2.25 -8.709 4 3.704 -8.077 2.462 2.914 -8.035 4.619
3 16 2.927 -8.951 2.119 3.206 -8.626 -.745 3.704 -8.077 2.462
3 16 3.704 -8.077 2.462 3.206 -8.626 -.745 4.163 -7.404 -.781
3 16 2.25 -8.709 4 .645 -9.443 3.745 .998 -10.292 1.703
3 16 .998 -10.292 1.703 2.927 -8.951 2.119 2.25 -8.709 4
3 16 2.927 -8.951 2.119 .998 -10.292 1.703 1.008 -10.33 -.968
3 16 1.008 -10.33 -.968 3.206 -8.626 -.745 2.927 -8.951 2.119
3 16 1.008 -10.33 -.968 .998 -10.292 1.703 -2.667 -10.217 -.915
3 16 -2.667 -10.217 -.915 .998 -10.292 1.703 -2.865 -10.06 1.469
3 16 .998 -10.292 1.703 .645 -9.443 3.745 -2.64 -9.426 3.835
4 16 -6.019 -8.945 1.758 -6.071 -9.03 -.671 -2.667 -10.217 -.915 -2.865 -10.06 1.469
3 16 -2.64 -9.426 3.835 -2.865 -10.06 1.469 .998 -10.292 1.703
4 16 -2.865 -10.06 1.469 -2.64 -9.426 3.835 -5.808 -8.292 4.115 -6.019 -8.945 1.758
3 16 -5.808 -8.292 4.115 -9.585 -7.046 2.473 -6.019 -8.945 1.758
3 16 -8.956 -6.608 4.635 -9.585 -7.046 2.473 -5.808 -8.292 4.115
3 16 -9.585 -7.046 2.473 -8.956 -6.608 4.635 -12.555 -4.247 3.28
3 16 -12.555 -4.247 3.28 -8.956 -6.608 4.635 -11.503 -4.047 5.568
3 16 -13.346 -1.013 6.473 -12.555 -4.247 3.28 -11.503 -4.047 5.568
3 16 -14.738 -.763 4.366 -12.555 -4.247 3.28 -13.346 -1.013 6.473
3 16 -14.738 -.763 4.366 -13.346 -1.013 6.473 -15.935 2.543 5.755
3 16 -15.935 2.543 5.755 -13.346 -1.013 6.473 -14.691 3.445 8.289
3 16 -16.292 5.817 7.242 -15.935 2.543 5.755 -14.691 3.445 8.289
3 16 -14.736 7.664 10.236 -16.292 5.817 7.242 -14.691 3.445 8.289
3 16 -16.176 8.85 8.718 -16.292 5.817 7.242 -14.736 7.664 10.236
3 16 -16.176 8.85 8.718 -14.736 7.664 10.236 -15.437 12.749 11.081
3 16 -15.437 12.749 11.081 -14.736 7.664 10.236 -13.907 11.694 12.548
3 16 -13.907 11.694 12.548 -14.398 16.352 13.268 -15.437 12.749 11.081
3 16 -12.589 15.236 14.522 -14.398 16.352 13.268 -13.907 11.694 12.548
4 16 -15.437 12.749 11.081 -16.746 13.973 9.39 -17.449 10.069 7.054 -16.176 8.85 8.718
3 16 -16.292 5.817 7.242 -16.176 8.85 8.718 -17.688 6.727 5.405
3 16 -17.688 6.727 5.405 -16.176 8.85 8.718 -17.449 10.069 7.054
3 16 -17.688 6.727 5.405 -15.935 2.543 5.755 -16.292 5.817 7.242
3 16 -17.19 3.291 3.365 -15.935 2.543 5.755 -17.688 6.727 5.405
3 16 -17.19 3.291 3.365 -15.937 -.242 1.951 -15.935 2.543 5.755
3 16 -15.935 2.543 5.755 -15.937 -.242 1.951 -14.738 -.763 4.366
3 16 -13.343 -4.162 .75 -14.738 -.763 4.366 -15.937 -.242 1.951
3 16 -12.555 -4.247 3.28 -14.738 -.763 4.366 -13.343 -4.162 .75
3 16 -13.343 -4.162 .75 -9.585 -7.046 2.473 -12.555 -4.247 3.28
3 16 -9.851 -7.124 -.145 -9.585 -7.046 2.473 -13.343 -4.162 .75
3 16 -9.585 -7.046 2.473 -9.851 -7.124 -.145 -6.019 -8.945 1.758
3 16 -6.019 -8.945 1.758 -9.851 -7.124 -.145 -6.071 -9.03 -.671
3 16 -12.589 15.236 14.522 -13.413 18.398 14.527 -14.398 16.352 13.268
3 16 -11.641 16.799 15.372 -13.413 18.398 14.527 -12.589 15.236 14.522
3 16 -10.399 19.003 16.453 -13.413 18.398 14.527 -11.641 16.799 15.372
3 16 -12.028 20.853 15.932 -13.413 18.398 14.527 -10.399 19.003 16.453
3 16 -10.399 19.003 16.453 -6.557 24.628 18.691 -8.685 26.243 18.171
3 16 -8.685 26.243 18.171 -12.028 20.853 15.932 -10.399 19.003 16.453
4 16 -8.685 26.243 18.171 -6.557 24.628 18.691 -3.699 28.598 19.697 -5.818 30.769 19.226
3 16 -3.699 28.598 19.697 -.967 32.489 20.458 -5.818 30.769 19.226
3 16 -5.818 30.769 19.226 -.967 32.489 20.458 -2.309 33.978 20.237
3 16 2.132 36.412 21.184 -2.309 33.978 20.237 -.967 32.489 20.458
3 16 .614 37.841 20.875 -2.309 33.978 20.237 2.132 36.412 21.184
3 16 6.746 41.876 21.296 .614 37.841 20.875 2.132 36.412 21.184
3 16 5.079 43.239 21.178 .614 37.841 20.875 6.746 41.876 21.296
3 16 3.572 44.46 20.773 .614 37.841 20.875 5.079 43.239 21.178
3 16 -.815 39.074 20.37 .614 37.841 20.875 3.572 44.46 20.773
3 16 .614 37.841 20.875 -.815 39.074 20.37 -2.309 33.978 20.237
3 16 3.572 44.46 20.773 5.079 43.239 21.178 7.125 48.324 20.804
3 16 7.125 48.324 20.804 5.079 43.239 21.178 8.759 47.146 21.012
3 16 5.079 43.239 21.178 6.746 41.876 21.296 8.759 47.146 21.012
3 16 7.125 48.324 20.804 8.759 47.146 21.012 9.501 50.562 20.632
3 16 9.501 50.562 20.632 8.759 47.146 21.012 11.145 49.233 20.716
3 16 11.145 49.233 20.716 11.336 52.136 20.146 9.501 50.562 20.632
3 16 13.042 50.861 20.352 11.336 52.136 20.146 11.145 49.233 20.716
3 16 8.759 47.146 21.012 6.746 41.876 21.296 10.515 45.855 20.872
3 16 8.759 47.146 21.012 10.515 45.855 20.872 11.145 49.233 20.716
3 16 11.145 49.233 20.716 10.515 45.855 20.872 12.781 47.881 20.473
3 16 12.781 47.881 20.473 13.042 50.861 20.352 11.145 49.233 20.716
3 16 14.684 49.524 20.045 13.042 50.861 20.352 12.781 47.881 20.473
4 16 13.042 50.861 20.352 14.684 49.524 20.045 16.198 50.9 19.747 14.634 52.2 20.018
3 16 14.634 52.2 20.018 16.198 50.9 19.747 18.191 52.553 19.39
3 16 18.191 52.553 19.39 16.91 53.792 19.302 14.634 52.2 20.018
3 16 16.91 53.792 19.302 14.258 54.292 19.249 14.634 52.2 20.018
3 16 14.634 52.2 20.018 14.258 54.292 19.249 13.007 53.618 19.65
3 16 11.336 52.136 20.146 13.042 50.861 20.352 13.007 53.618 19.65
3 16 13.007 53.618 19.65 13.042 50.861 20.352 14.634 52.2 20.018
3 16 -2.309 33.978 20.237 -.815 39.074 20.37 -4.118 35.27 19.505
3 16 -4.118 35.27 19.505 -5.818 30.769 19.226 -2.309 33.978 20.237
3 16 -5.818 30.769 19.226 -4.118 35.27 19.505 -7.687 32.278 18.312
3 16 -7.687 32.278 18.312 -10.59 27.634 17.301 -5.818 30.769 19.226
3 16 -5.818 30.769 19.226 -10.59 27.634 17.301 -8.685 26.243 18.171
3 16 -7.687 32.278 18.312 -4.118 35.27 19.505 -4.825 36.284 18.984
3 16 -4.118 35.27 19.505 -3.902 36.925 19.173 -4.825 36.284 18.984
3 16 -3.27 37.144 19.347 -3.902 36.925 19.173 -4.118 35.27 19.505
3 16 -10.59 27.634 17.301 -13.305 22.665 15.238 -12.028 20.853 15.932
3 16 -12.028 20.853 15.932 -8.685 26.243 18.171 -10.59 27.634 17.301
3 16 -13.305 22.665 15.238 -14.647 20.175 13.737 -12.028 20.853 15.932
3 16 -12.028 20.853 15.932 -14.647 20.175 13.737 -13.413 18.398 14.527
3 16 -15.839 17.598 11.764 -13.413 18.398 14.527 -14.647 20.175 13.737
3 16 -14.398 16.352 13.268 -13.413 18.398 14.527 -15.839 17.598 11.764
3 16 -14.398 16.352 13.268 -15.839 17.598 11.764 -15.437 12.749 11.081
3 16 -15.437 12.749 11.081 -15.839 17.598 11.764 -16.746 13.973 9.39
3 16 4.45 -7.017 -1.467 7.783 -6.319 -.595 5.746 -7.98 .121
3 16 5.746 -7.98 .121 7.783 -6.319 -.595 8.167 -7.393 .503
3 16 11.417 -4.318 .647 8.167 -7.393 .503 7.783 -6.319 -.595
3 16 11.634 -5.393 1.741 8.167 -7.393 .503 11.417 -4.318 .647
3 16 11.634 -5.393 1.741 11.417 -4.318 .647 14.439 -2.082 3.576
3 16 14.439 -2.082 3.576 11.417 -4.318 .647 14.018 -1.174 2.362
3 16 14.439 -2.082 3.576 14.018 -1.174 2.362 15.627 1.161 5.351
3 16 15.627 1.161 5.351 14.018 -1.174 2.362 15.001 2.059 3.954
3 16 15.627 1.161 5.351 15.001 2.059 3.954 15.926 3.315 6.395
3 16 15.926 3.315 6.395 15.001 2.059 3.954 15.346 4.133 5.242
3 16 15.119 6.842 6.947 15.926 3.315 6.395 15.346 4.133 5.242
3 16 15.716 6.517 8.301 15.926 3.315 6.395 15.119 6.842 6.947
3 16 14.865 10.188 9.149 15.716 6.517 8.301 15.119 6.842 6.947
3 16 15.318 10.21 10.663 15.716 6.517 8.301 14.865 10.188 9.149
3 16 14.865 10.188 9.149 15.329 11.247 9.695 15.547 11.792 11.303
3 16 15.547 11.792 11.303 15.318 10.21 10.663 14.865 10.188 9.149
3 16 16.442 13.882 11.148 15.547 11.792 11.303 15.329 11.247 9.695
3 16 3.581 -.915 15.75 4.025 .662 16.318 2.757 .214 16.062
3 16 2.757 .214 16.062 4.025 .662 16.318 1.786 3.618 17.039
3 16 1.786 3.618 17.039 4.025 .662 16.318 3.383 3.99 17.612
3 16 2.146 7.429 18.914 1.786 3.618 17.039 3.383 3.99 17.612
3 16 .197 7.083 17.998 1.786 3.618 17.039 2.146 7.429 18.914
3 16 2.146 7.429 18.914 .899 10.438 19.755 .197 7.083 17.998
3 16 .197 7.083 17.998 .899 10.438 19.755 -1.101 10.51 18.511
3 16 .899 10.438 19.755 .645 13.826 20.415 -1.101 10.51 18.511
3 16 -1.101 10.51 18.511 .645 13.826 20.415 -1.512 14.222 19.068
3 16 .645 13.826 20.415 -.873 17.141 19.511 -1.512 14.222 19.068
3 16 1.041 16.627 20.876 -.873 17.141 19.511 .645 13.826 20.415
3 16 1.041 16.627 20.876 1.033 21.14 20.19 -.873 17.141 19.511
3 16 2.435 20.36 21.371 1.033 21.14 20.19 1.041 16.627 20.876
3 16 1.033 21.14 20.19 2.435 20.36 21.371 4.365 25.613 20.839
3 16 4.365 25.613 20.839 2.435 20.36 21.371 5.56 24.544 21.767
3 16 4.365 25.613 20.839 5.56 24.544 21.767 8.418 30.005 21.074
3 16 8.418 30.005 21.074 5.56 24.544 21.767 9.862 28.924 21.974
3 16 9.862 28.924 21.974 13.225 34.697 21.119 8.418 30.005 21.074
3 16 14.435 33.643 21.854 13.225 34.697 21.119 9.862 28.924 21.974
3 16 13.225 34.697 21.119 14.435 33.643 21.854 17.341 38.576 20.69
3 16 17.341 38.576 20.69 14.435 33.643 21.854 18.369 37.608 21.244
4 16 18.369 37.608 21.244 20.534 39.669 20.715 19.809 40.576 20.231 17.341 38.576 20.69
4 16 20.534 39.669 20.715 23.024 41.734 20.202 22.215 42.558 19.751 19.809 40.576 20.231
3 16 22.215 42.558 19.751 23.024 41.734 20.202 24.535 44.359 19.044
3 16 24.535 44.359 19.044 23.024 41.734 20.202 25.593 43.588 19.519
3 16 24.535 44.359 19.044 25.593 43.588 19.519 26.871 46.042 17.845
3 16 26.871 46.042 17.845 25.593 43.588 19.519 28.107 45.234 18.441
3 16 26.871 46.042 17.845 28.107 45.234 18.441 28.345 46.621 17.242
3 16 28.345 46.621 17.242 28.107 45.234 18.441 29.43 46.151 17.664
3 16 28.345 46.621 17.242 29.43 46.151 17.664 29.181 47.133 16.36
3 16 29.181 47.133 16.36 29.43 46.151 17.664 30.564 46.967 16.694
3 16 30.564 46.967 16.694 29.99 47.523 15.69 29.181 47.133 16.36
3 16 30.96 47.298 15.997 29.99 47.523 15.69 30.564 46.967 16.694
3 16 30.926 47.546 15.317 29.99 47.523 15.69 30.96 47.298 15.997
3 16 29.181 47.133 16.36 29.99 47.523 15.69 29.176 47.201 15.746
4 16 29.73 47.559 14.783 28.967 47.19 15.255 29.176 47.201 15.746 29.99 47.523 15.69
3 16 29.99 47.523 15.69 30.926 47.546 15.317 30.753 47.723 14.637
3 16 28.967 47.19 15.255 29.73 47.559 14.783 28.566 46.992 14.938
3 16 28.566 46.992 14.938 29.73 47.559 14.783 29.636 47.194 13.672
3 16 29.636 47.194 13.672 29.73 47.559 14.783 30.706 47.574 13.771
3 16 30.706 47.574 13.771 31.047 47.031 13.01 29.636 47.194 13.672
3 16 29.636 47.194 13.672 31.047 47.031 13.01 30.338 46.183 12.657
4 16 31.047 47.031 13.01 31.528 46.259 12.511 31.334 45.917 12.351 30.338 46.183 12.657
3 16 30.706 47.574 13.771 29.73 47.559 14.783 30.753 47.723 14.637
3 16 30.753 47.723 14.637 29.73 47.559 14.783 29.99 47.523 15.69
3 16 29.636 47.194 13.672 28.459 46.404 13.887 28.566 46.992 14.938
3 16 28.566 46.992 14.938 28.459 46.404 13.887 27.994 46.715 14.844
3 16 28.459 46.404 13.887 26.91 45.415 14.227 27.994 46.715 14.844
3 16 26.91 45.415 14.227 28.459 46.404 13.887 27.361 44.692 13.616
4 16 27.361 44.692 13.616 24.737 43.172 14.223 24.29 43.655 14.694 26.91 45.415 14.227
3 16 21.819 41.385 14.889 24.29 43.655 14.694 24.737 43.172 14.223
3 16 21.735 41.889 15.157 24.29 43.655 14.694 21.819 41.385 14.889
3 16 21.735 41.889 15.157 21.819 41.385 14.889 20.128 40.375 15.068
3 16 20.128 40.375 15.068 20.31 41.364 15.318 21.735 41.889 15.157
3 16 27.361 44.692 13.616 28.459 46.404 13.887 29.137 45.612 13.01
3 16 21.735 41.889 15.157 20.31 41.364 15.318 21.629 42.389 15.384
3 16 21.629 42.389 15.384 24.29 43.655 14.694 21.735 41.889 15.157
3 16 23.901 44.078 15.211 24.29 43.655 14.694 21.629 42.389 15.384
3 16 26.91 45.415 14.227 24.29 43.655 14.694 26.561 46.004 14.925
3 16 26.561 46.004 14.925 24.29 43.655 14.694 23.901 44.078 15.211
3 16 27.994 46.715 14.844 26.91 45.415 14.227 26.561 46.004 14.925
4 16 28.459 46.404 13.887 29.636 47.194 13.672 30.338 46.183 12.657 29.137 45.612 13.01
3 16 2.757 .214 16.062 .847 -.021 16.846 1.568 -1.16 16.149
3 16 2.757 .214 16.062 1.786 3.618 17.039 -.059 2.829 18.071
3 16 -.059 2.829 18.071 .847 -.021 16.846 2.757 .214 16.062
3 16 1.786 3.618 17.039 .197 7.083 17.998 -.059 2.829 18.071
3 16 -.059 2.829 18.071 .197 7.083 17.998 -1.392 6.463 19.05
3 16 .197 7.083 17.998 -1.101 10.51 18.511 -1.392 6.463 19.05
3 16 -1.392 6.463 19.05 -1.101 10.51 18.511 -2.756 10.464 19.425
4 16 -1.101 10.51 18.511 -1.512 14.222 19.068 -2.824 14.261 19.781 -2.756 10.464 19.425
4 16 -1.954 17.57 20.219 -2.824 14.261 19.781 -1.512 14.222 19.068 -.873 17.141 19.511
3 16 1.033 21.14 20.19 -1.954 17.57 20.219 -.873 17.141 19.511
3 16 -.087 21.694 20.841 -1.954 17.57 20.219 1.033 21.14 20.19
4 16 -.087 21.694 20.841 1.033 21.14 20.19 4.365 25.613 20.839 3.26 26.373 21.565
3 16 3.26 26.373 21.565 4.365 25.613 20.839 7.283 30.82 21.925
3 16 7.283 30.82 21.925 4.365 25.613 20.839 8.418 30.005 21.074
4 16 13.225 34.697 21.119 12.28 35.521 21.915 7.283 30.82 21.925 8.418 30.005 21.074
3 16 13.225 34.697 21.119 17.341 38.576 20.69 12.28 35.521 21.915
3 16 12.28 35.521 21.915 17.341 38.576 20.69 16.699 39.737 21.352
4 16 19.177 41.752 20.896 16.699 39.737 21.352 17.341 38.576 20.69 19.809 40.576 20.231
3 16 19.177 41.752 20.896 19.809 40.576 20.231 21.551 43.391 20.346
3 16 21.551 43.391 20.346 19.809 40.576 20.231 22.215 42.558 19.751
3 16 22.215 42.558 19.751 24.02 45.212 19.611 21.551 43.391 20.346
3 16 24.535 44.359 19.044 24.02 45.212 19.611 22.215 42.558 19.751
3 16 24.535 44.359 19.044 26.209 46.884 18.828 24.02 45.212 19.611
3 16 26.871 46.042 17.845 26.209 46.884 18.828 24.535 44.359 19.044
3 16 26.209 46.884 18.828 26.871 46.042 17.845 27.499 47.783 18.375
3 16 27.499 47.783 18.375 26.871 46.042 17.845 27.798 46.854 17.376
3 16 27.499 47.783 18.375 27.798 46.854 17.376 28.886 47.569 16.62
3 16 28.886 47.569 16.62 28.51 48.563 17.981 27.499 47.783 18.375
3 16 29.41 48.694 17.021 28.51 48.563 17.981 28.886 47.569 16.62
3 16 28.886 47.569 16.62 29.114 47.846 15.846 29.636 48.584 15.577
3 16 29.636 48.584 15.577 29.41 48.694 17.021 28.886 47.569 16.62
3 16 28.99 47.665 15.33 29.636 48.584 15.577 29.114 47.846 15.846
3 16 28.75 48.505 14.552 29.636 48.584 15.577 28.99 47.665 15.33
3 16 28.75 48.505 14.552 28.99 47.665 15.33 28.479 47.416 14.975
3 16 28.479 47.416 14.975 28.147 47.9 14.626 28.75 48.505 14.552
3 16 28.479 47.416 14.975 27.84 46.97 14.864 28.147 47.9 14.626
3 16 28.147 47.9 14.626 27.84 46.97 14.864 27.363 47.428 14.636
3 16 26.561 46.004 14.925 27.363 47.428 14.636 27.84 46.97 14.864
3 16 26.078 46.727 14.701 27.363 47.428 14.636 26.561 46.004 14.925
3 16 26.561 46.004 14.925 23.221 45.111 14.979 26.078 46.727 14.701
3 16 23.901 44.078 15.211 23.221 45.111 14.979 26.561 46.004 14.925
3 16 23.221 45.111 14.979 23.901 44.078 15.211 21.213 43.744 15.209
3 16 21.213 43.744 15.209 23.901 44.078 15.211 21.629 42.389 15.384
3 16 21.629 42.389 15.384 20.31 41.364 15.318 21.213 43.744 15.209
3 16 21.213 43.744 15.209 20.31 41.364 15.318 18.816 41.232 15.408
4 16 -2.964 1.977 17.221 -4.487 5.836 18.047 -7.299 5.264 17.152 -5.574 1.419 16.407
3 16 -4.487 5.836 18.047 -5.617 9.698 18.336 -7.299 5.264 17.152
3 16 -7.299 5.264 17.152 -5.617 9.698 18.336 -8.233 8.999 17.367
3 16 -8.233 8.999 17.367 -5.617 9.698 18.336 -8.475 12.889 17.5
3 16 -8.475 12.889 17.5 -5.617 9.698 18.336 -5.798 13.539 18.622
3 16 -4.487 5.836 18.047 -2.964 1.977 17.221 -1.392 6.463 19.05
3 16 -1.392 6.463 19.05 -2.964 1.977 17.221 -.059 2.829 18.071
3 16 -5.617 9.698 18.336 -4.487 5.836 18.047 -2.756 10.464 19.425
3 16 -2.756 10.464 19.425 -4.487 5.836 18.047 -1.392 6.463 19.05
4 16 -2.824 14.261 19.781 -5.798 13.539 18.622 -5.617 9.698 18.336 -2.756 10.464 19.425
4 16 -8.475 12.889 17.5 -5.798 13.539 18.622 -4.789 17.57 19.263 -8.312 15.184 17.678
3 16 -2.824 14.261 19.781 -4.789 17.57 19.263 -5.798 13.539 18.622
3 16 -1.954 17.57 20.219 -4.789 17.57 19.263 -2.824 14.261 19.781
4 16 -1.954 17.57 20.219 -2.484 22.455 20.194 -4.819 23.159 19.46 -4.789 17.57 19.263
3 16 -7.743 17.56 18.135 -4.789 17.57 19.263 -4.819 23.159 19.46
3 16 -4.789 17.57 19.263 -7.743 17.56 18.135 -8.312 15.184 17.678
3 16 -.087 21.694 20.841 -2.484 22.455 20.194 -1.954 17.57 20.219
3 16 -.087 21.694 20.841 1.289 27.846 21.19 -2.484 22.455 20.194
3 16 3.26 26.373 21.565 1.289 27.846 21.19 -.087 21.694 20.841
3 16 7.283 30.82 21.925 1.289 27.846 21.19 3.26 26.373 21.565
3 16 5.456 32.806 21.691 1.289 27.846 21.19 7.283 30.82 21.925
3 16 1.289 27.846 21.19 5.456 32.806 21.691 -.71 29.363 20.589
3 16 1.289 27.846 21.19 -.71 29.363 20.589 -2.484 22.455 20.194
3 16 -2.484 22.455 20.194 -.71 29.363 20.589 -4.819 23.159 19.46
3 16 -.71 29.363 20.589 5.456 32.806 21.691 3.596 34.847 21.195
4 16 5.456 32.806 21.691 10.249 37.922 21.72 8.159 40.375 21.183 3.596 34.847 21.195
3 16 10.249 37.922 21.72 14.339 42.197 21.383 8.159 40.375 21.183
3 16 8.159 40.375 21.183 14.339 42.197 21.383 12.195 44.559 20.913
3 16 10.249 37.922 21.72 5.456 32.806 21.691 12.28 35.521 21.915
3 16 12.28 35.521 21.915 5.456 32.806 21.691 7.283 30.82 21.925
3 16 14.339 42.197 21.383 10.249 37.922 21.72 16.699 39.737 21.352
3 16 16.699 39.737 21.352 10.249 37.922 21.72 12.28 35.521 21.915
4 16 14.339 42.197 21.383 16.841 45.092 20.87 14.673 46.797 20.503 12.195 44.559 20.913
4 16 16.699 39.737 21.352 19.177 41.752 20.896 16.841 45.092 20.87 14.339 42.197 21.383
3 16 19.177 41.752 20.896 19.781 44.992 20.509 16.841 45.092 20.87
3 16 19.177 41.752 20.896 20.349 44.479 20.462 19.781 44.992 20.509
3 16 20.654 45.373 20.02 19.781 44.992 20.509 20.349 44.479 20.462
3 16 20.364 45.643 19.976 19.781 44.992 20.509 20.654 45.373 20.02
3 16 21.259 46.434 19.302 20.364 45.643 19.976 20.654 45.373 20.02
3 16 21.551 43.391 20.346 20.349 44.479 20.462 19.177 41.752 20.896
3 16 21.955 45.659 19.977 20.349 44.479 20.462 21.551 43.391 20.346
3 16 21.551 43.391 20.346 23.593 45.923 19.659 21.955 45.659 19.977
3 16 21.955 45.659 19.977 23.593 45.923 19.659 23.194 46.72 19.559
3 16 25.68 47.56 18.943 23.194 46.72 19.559 23.593 45.923 19.659
3 16 25.08 48.341 18.835 23.194 46.72 19.559 25.68 47.56 18.943
3 16 25.68 47.56 18.943 26.464 49.075 18.385 25.08 48.341 18.835
3 16 27.044 48.368 18.454 26.464 49.075 18.385 25.68 47.56 18.943
3 16 27.044 48.368 18.454 27.598 49.398 18.062 26.464 49.075 18.385
3 16 28.226 49.03 18.022 27.598 49.398 18.062 27.044 48.368 18.454
3 16 25.68 47.56 18.943 23.593 45.923 19.659 26.209 46.884 18.828
3 16 26.209 46.884 18.828 27.044 48.368 18.454 25.68 47.56 18.943
3 16 26.209 46.884 18.828 23.593 45.923 19.659 24.02 45.212 19.611
3 16 23.593 45.923 19.659 21.551 43.391 20.346 24.02 45.212 19.611
3 16 27.499 47.783 18.375 27.044 48.368 18.454 26.209 46.884 18.828
4 16 27.044 48.368 18.454 27.499 47.783 18.375 28.51 48.563 17.981 28.226 49.03 18.022
4 16 2.918 -8.015 8.776 .517 -7.627 10.05 -.743 -8.383 8.096 2.126 -8.474 7.633
3 16 -1.891 -6.763 11.214 -.743 -8.383 8.096 .517 -7.627 10.05
3 16 -3.878 -7.549 8.068 -.743 -8.383 8.096 -1.891 -6.763 11.214
3 16 1.95 -6.048 12.293 -1.891 -6.763 11.214 .517 -7.627 10.05
3 16 -.542 -3.333 14.976 -1.891 -6.763 11.214 1.95 -6.048 12.293
3 16 -.542 -3.333 14.976 1.95 -6.048 12.293 4.304 -2.301 14.885
3 16 4.304 -2.301 14.885 2.692 -1.71 15.508 -.542 -3.333 14.976
3 16 4.304 -2.301 14.885 3.581 -.915 15.75 2.692 -1.71 15.508
3 16 4.304 -2.301 14.885 6.09 1.019 16.019 3.581 -.915 15.75
3 16 3.581 -.915 15.75 6.09 1.019 16.019 4.025 .662 16.318
3 16 1.568 -1.16 16.149 -.542 -3.333 14.976 2.692 -1.71 15.508
3 16 -.542 -3.333 14.976 1.568 -1.16 16.149 -1.608 -1.222 16.097
3 16 -1.608 -1.222 16.097 1.568 -1.16 16.149 .847 -.021 16.846
3 16 .847 -.021 16.846 -2.964 1.977 17.221 -1.608 -1.222 16.097
3 16 -.059 2.829 18.071 -2.964 1.977 17.221 .847 -.021 16.846
3 16 -2.964 1.977 17.221 -5.574 1.419 16.407 -1.608 -1.222 16.097
3 16 -1.608 -1.222 16.097 -5.574 1.419 16.407 -3.806 -2.556 14.685
3 16 -3.806 -2.556 14.685 -.542 -3.333 14.976 -1.608 -1.222 16.097
3 16 -3.268 -4.721 12.853 -.542 -3.333 14.976 -3.806 -2.556 14.685
3 16 -.542 -3.333 14.976 -3.268 -4.721 12.853 -1.891 -6.763 11.214
3 16 -1.891 -6.763 11.214 -3.268 -4.721 12.853 -3.161 -5.85 11.49
3 16 -3.161 -5.85 11.49 -4.325 -6.665 9.338 -1.891 -6.763 11.214
3 16 -1.891 -6.763 11.214 -4.325 -6.665 9.338 -3.878 -7.549 8.068
3 16 -3.878 -7.549 8.068 -4.325 -6.665 9.338 -7.46 -5.673 8.669
3 16 -7.46 -5.673 8.669 -4.325 -6.665 9.338 -6.73 -5.024 10.076
3 16 -9.151 -7.56 -4.891 -5.758 -7.743 -2.097 -8.911 -5.874 -1.627
3 16 37.297 39.806 9.954 37.036 39.803 11.626 36.249 38.682 10.213
3 16 36.249 38.682 10.213 37.036 39.803 11.626 36.808 39.339 12.022
3 16 36.249 38.682 10.213 36.808 39.339 12.022 35.784 38.467 13.456
3 16 35.784 38.467 13.456 35.102 38.017 10.966 36.249 38.682 10.213
3 16 35.102 38.017 10.966 35.784 38.467 13.456 33.721 36.809 12.744
3 16 33.721 36.809 12.744 35.784 38.467 13.456 33.735 37.256 14.982
3 16 33.735 37.256 14.982 31.311 35.02 14.922 33.721 36.809 12.744
3 16 31.643 36.057 16.122 31.311 35.02 14.922 33.735 37.256 14.982
3 16 31.643 36.057 16.122 29.086 34.503 17.222 31.311 35.02 14.922
3 16 31.311 35.02 14.922 29.086 34.503 17.222 29.37 33.691 16.157
3 16 29.086 34.503 17.222 26.846 32.033 17.361 29.37 33.691 16.157
3 16 26.618 32.749 17.938 26.846 32.033 17.361 29.086 34.503 17.222
3 16 26.618 32.749 17.938 24.373 31.198 18.503 26.846 32.033 17.361
3 16 26.846 32.033 17.361 24.373 31.198 18.503 23.75 30.152 18.311
3 16 23.75 30.152 18.311 24.431 29.259 18.31 26.846 32.033 17.361
3 16 26.846 32.033 17.361 24.431 29.259 18.31 27.534 31.062 17.555
3 16 27.534 31.062 17.555 29.37 33.691 16.157 26.846 32.033 17.361
3 16 30.327 32.757 16.414 29.37 33.691 16.157 27.534 31.062 17.555
3 16 30.327 32.757 16.414 31.311 35.02 14.922 29.37 33.691 16.157
3 16 32.733 34.145 15.135 31.311 35.02 14.922 30.327 32.757 16.414
3 16 20.306 28.008 18.969 24.431 29.259 18.31 23.75 30.152 18.311
3 16 20.815 26.925 18.904 24.431 29.259 18.31 20.306 28.008 18.969
4 16 20.306 28.008 18.969 15.524 24.424 19.404 16.15 23.377 19.318 20.815 26.925 18.904
3 16 12.824 22.01 19.645 16.15 23.377 19.318 15.524 24.424 19.404
3 16 13.445 21.164 19.447 16.15 23.377 19.318 12.824 22.01 19.645
3 16 13.445 21.164 19.447 12.824 22.01 19.645 12.17 20.451 19.513
3 16 12.17 20.451 19.513 12.824 22.01 19.645 11.29 20.754 19.725
3 16 32.733 34.145 15.135 34.47 35.354 13.631 31.311 35.02 14.922
3 16 31.311 35.02 14.922 34.47 35.354 13.631 33.978 36.485 12.765
3 16 34.47 35.354 13.631 36.121 36.513 11.709 33.978 36.485 12.765
3 16 33.978 36.485 12.765 36.121 36.513 11.709 35.309 37.423 10.641
3 16 36.121 36.513 11.709 37.042 37.347 10.371 35.309 37.423 10.641
3 16 35.309 37.423 10.641 37.042 37.347 10.371 34.912 37.836 9.65
3 16 36.249 38.551 8.207 35.594 37.961 7.633 34.912 37.836 9.65
4 16 36.237 37.872 5.039 35.594 37.961 7.633 36.249 38.551 8.207 37.007 38.621 5.888
3 16 37.007 38.621 5.888 36.249 38.551 8.207 37.706 38.789 6.619
3 16 36.249 38.551 8.207 38.473 38.19 7.857 37.706 38.789 6.619
3 16 37.82 37.936 9.211 38.473 38.19 7.857 36.249 38.551 8.207
4 16 34.912 37.836 9.65 37.042 37.347 10.371 37.82 37.936 9.211 36.249 38.551 8.207
3 16 34.803 37.227 6.591 35.594 37.961 7.633 36.237 37.872 5.039
4 16 34.803 37.227 6.591 33.39 36.568 8.129 34.202 37.33 9.345 35.594 37.961 7.633
3 16 34.912 37.836 9.65 35.594 37.961 7.633 34.202 37.33 9.345
3 16 34.202 37.33 9.345 33.39 36.568 8.129 32.904 36.677 10.054
3 16 32.904 36.677 10.054 33.39 36.568 8.129 32.466 35.958 8.779
3 16 32.904 36.677 10.054 32.466 35.958 8.779 31.62 35.828 10.648
3 16 31.62 35.828 10.648 32.466 35.958 8.779 31.379 35.093 9.287
3 16 31.62 35.828 10.648 31.379 35.093 9.287 29.026 33.933 11.225
3 16 29.026 33.933 11.225 31.379 35.093 9.287 29.259 33.468 10.12
3 16 29.259 33.468 10.12 26.28 31.781 11.206 29.026 33.933 11.225
3 16 26.497 31.328 10.652 26.28 31.781 11.206 29.259 33.468 10.12
3 16 26.28 31.781 11.206 26.497 31.328 10.652 24.6 30.36 11.126
3 16 24.6 30.36 11.126 26.497 31.328 10.652 24.806 29.947 10.675
3 16 24.6 30.36 11.126 24.806 29.947 10.675 23.066 29.404 10.959
3 16 23.066 29.404 10.959 24.806 29.947 10.675 22.662 28.459 10.602
3 16 35.309 37.423 10.641 35.102 38.017 10.966 33.978 36.485 12.765
3 16 33.978 36.485 12.765 35.102 38.017 10.966 33.721 36.809 12.744
3 16 35.309 37.423 10.641 34.912 37.836 9.65 35.036 38.361 9.991
3 16 35.036 38.361 9.991 35.102 38.017 10.966 35.309 37.423 10.641
3 16 34.912 37.836 9.65 33.811 37.892 9.794 35.036 38.361 9.991
3 16 34.202 37.33 9.345 33.811 37.892 9.794 34.912 37.836 9.65
4 16 32.785 37.335 10.342 33.811 37.892 9.794 34.202 37.33 9.345 32.904 36.677 10.054
3 16 32.904 36.677 10.054 31.453 36.155 10.924 32.785 37.335 10.342
3 16 31.62 35.828 10.648 31.453 36.155 10.924 32.904 36.677 10.054
3 16 31.62 35.828 10.648 29.026 33.933 11.225 31.453 36.155 10.924
3 16 33.978 36.485 12.765 33.721 36.809 12.744 31.311 35.02 14.922
4 16 36.821 39.706 9.035 35.579 38.933 9.605 34.595 39.475 9.208 35.611 40.388 8.543
3 16 35.579 38.933 9.605 36.821 39.706 9.035 36.249 38.682 10.213
3 16 36.249 38.682 10.213 36.821 39.706 9.035 37.297 39.806 9.954
3 16 35.579 38.933 9.605 36.249 38.682 10.213 35.036 38.361 9.991
3 16 35.036 38.361 9.991 34.595 39.475 9.208 35.579 38.933 9.605
3 16 35.036 38.361 9.991 36.249 38.682 10.213 35.102 38.017 10.966
3 16 33.811 37.892 9.794 34.595 39.475 9.208 35.036 38.361 9.991
3 16 33.811 37.892 9.794 32.32 38.302 10.267 34.595 39.475 9.208
3 16 32.785 37.335 10.342 32.32 38.302 10.267 33.811 37.892 9.794
3 16 32.32 38.302 10.267 32.785 37.335 10.342 30.759 37.008 10.876
3 16 30.759 37.008 10.876 32.785 37.335 10.342 31.453 36.155 10.924
3 16 31.453 36.155 10.924 29.026 33.933 11.225 30.759 37.008 10.876
3 16 30.759 37.008 10.876 29.026 33.933 11.225 28.179 34.659 11.145
3 16 26.28 31.781 11.206 28.179 34.659 11.145 29.026 33.933 11.225
3 16 25.757 32.339 11.197 28.179 34.659 11.145 26.28 31.781 11.206
3 16 25.757 32.339 11.197 26.28 31.781 11.206 24.199 31.006 11.212
3 16 24.199 31.006 11.212 26.28 31.781 11.206 24.6 30.36 11.126
3 16 24.6 30.36 11.126 23.066 29.404 10.959 24.199 31.006 11.212
4 16 23.08 31.771 11.478 24.199 31.006 11.212 23.066 29.404 10.959 22.313 29.446 11.044
4 16 20.306 28.008 18.969 23.75 30.152 18.311 24.373 31.198 18.503 20.108 29.291 19.674
3 16 20.108 29.291 19.674 15.158 24.959 19.948 20.306 28.008 18.969
3 16 20.306 28.008 18.969 15.158 24.959 19.948 15.524 24.424 19.404
3 16 12.808 22.617 19.962 15.524 24.424 19.404 15.158 24.959 19.948
3 16 15.158 24.959 19.948 14.857 25.728 20.393 12.808 22.617 19.962
3 16 12.808 22.617 19.962 14.857 25.728 20.393 11.976 22.188 20.195
3 16 11.976 22.188 20.195 12.824 22.01 19.645 12.808 22.617 19.962
3 16 12.824 22.01 19.645 15.524 24.424 19.404 12.808 22.617 19.962
3 16 11.29 20.754 19.725 12.824 22.01 19.645 11.976 22.188 20.195
3 16 23.369 32.211 19.322 20.108 29.291 19.674 24.373 31.198 18.503
3 16 22.334 33.218 19.882 20.108 29.291 19.674 23.369 32.211 19.322
3 16 18.653 29.811 20.291 20.108 29.291 19.674 22.334 33.218 19.882
3 16 14.857 25.728 20.393 15.158 24.959 19.948 18.653 29.811 20.291
3 16 18.653 29.811 20.291 15.158 24.959 19.948 20.108 29.291 19.674
3 16 23.369 32.211 19.322 24.584 35.316 19.502 22.334 33.218 19.882
3 16 25.724 33.906 18.773 24.584 35.316 19.502 23.369 32.211 19.322
4 16 23.369 32.211 19.322 24.373 31.198 18.503 26.618 32.749 17.938 25.724 33.906 18.773
3 16 28.393 35.947 18.158 24.584 35.316 19.502 25.724 33.906 18.773
3 16 26.618 32.749 17.938 28.393 35.947 18.158 25.724 33.906 18.773
3 16 27.441 37.64 18.925 24.584 35.316 19.502 28.393 35.947 18.158
3 16 28.393 35.947 18.158 30.957 37.707 17.206 27.441 37.64 18.925
3 16 27.441 37.64 18.925 30.957 37.707 17.206 29.916 39.726 17.935
3 16 30.957 37.707 17.206 33.055 39.209 16.238 29.916 39.726 17.935
3 16 29.916 39.726 17.935 33.055 39.209 16.238 31.872 41.258 17.003
4 16 31.872 41.258 17.003 33.055 39.209 16.238 34.913 40.445 15.07 33.304 42.395 16.091
3 16 33.304 42.395 16.091 34.913 40.445 15.07 34.303 43.321 15.209
3 16 34.303 43.321 15.209 34.913 40.445 15.07 36.035 41.265 13.855
3 16 36.035 41.265 13.855 34.957 43.781 14.386 34.303 43.321 15.209
3 16 36.631 41.698 12.907 34.957 43.781 14.386 36.035 41.265 13.855
3 16 28.393 35.947 18.158 29.086 34.503 17.222 30.957 37.707 17.206
3 16 29.086 34.503 17.222 28.393 35.947 18.158 26.618 32.749 17.938
3 16 30.957 37.707 17.206 29.086 34.503 17.222 31.643 36.057 16.122
3 16 31.643 36.057 16.122 33.055 39.209 16.238 30.957 37.707 17.206
3 16 33.055 39.209 16.238 33.735 37.256 14.982 34.913 40.445 15.07
3 16 33.735 37.256 14.982 33.055 39.209 16.238 31.643 36.057 16.122
3 16 34.913 40.445 15.07 33.735 37.256 14.982 35.784 38.467 13.456
3 16 34.913 40.445 15.07 35.784 38.467 13.456 36.035 41.265 13.855
3 16 36.035 41.265 13.855 35.784 38.467 13.456 36.808 39.339 12.022
3 16 36.808 39.339 12.022 36.631 41.698 12.907 36.035 41.265 13.855
3 16 37.036 39.803 11.626 36.631 41.698 12.907 36.808 39.339 12.022
3 16 36.517 42.354 11.288 34.648 44.479 12.844 34.957 43.781 14.386
3 16 34.957 43.781 14.386 36.631 41.698 12.907 36.517 42.354 11.288
3 16 36.631 41.698 12.907 37.036 39.803 11.626 37.297 39.806 9.954
3 16 37.297 39.806 9.954 36.517 42.354 11.288 36.631 41.698 12.907
3 16 34.746 42.194 9.492 33.863 43.848 10.855 35.75 42.497 10.24
3 16 35.75 42.497 10.24 33.863 43.848 10.855 34.381 44.236 11.855
3 16 35.75 42.497 10.24 34.381 44.236 11.855 36.517 42.354 11.288
3 16 36.517 42.354 11.288 34.381 44.236 11.855 34.648 44.479 12.844
3 16 36.517 42.354 11.288 37.297 39.806 9.954 35.75 42.497 10.24
3 16 35.75 42.497 10.24 37.297 39.806 9.954 36.821 39.706 9.035
3 16 34.746 42.194 9.492 35.75 42.497 10.24 35.611 40.388 8.543
3 16 35.611 40.388 8.543 35.75 42.497 10.24 36.821 39.706 9.035
3 16 34.746 42.194 9.492 32.197 43.116 10.941 33.863 43.848 10.855
3 16 33.373 41.299 9.841 34.746 42.194 9.492 35.611 40.388 8.543
3 16 35.611 40.388 8.543 34.595 39.475 9.208 33.373 41.299 9.841
4 16 34.746 42.194 9.492 33.373 41.299 9.841 30.497 41.716 11.284 32.197 43.116 10.941
3 16 31.637 39.92 10.507 30.497 41.716 11.284 33.373 41.299 9.841
3 16 31.637 39.92 10.507 33.373 41.299 9.841 32.32 38.302 10.267
3 16 32.32 38.302 10.267 33.373 41.299 9.841 34.595 39.475 9.208
3 16 32.32 38.302 10.267 29.702 38.1 11.064 31.637 39.92 10.507
3 16 30.759 37.008 10.876 29.702 38.1 11.064 32.32 38.302 10.267
3 16 28.179 34.659 11.145 29.702 38.1 11.064 30.759 37.008 10.876
3 16 27.1 35.629 11.381 29.702 38.1 11.064 28.179 34.659 11.145
3 16 29.702 38.1 11.064 27.1 35.629 11.381 28.404 39.518 11.729
3 16 29.702 38.1 11.064 28.404 39.518 11.729 31.637 39.92 10.507
3 16 31.637 39.92 10.507 28.404 39.518 11.729 30.497 41.716 11.284
3 16 28.404 39.518 11.729 27.1 35.629 11.381 25.773 36.843 12.126
4 16 27.1 35.629 11.381 24.657 33.215 11.477 23.275 34.292 12.205 25.773 36.843 12.126
3 16 24.657 33.215 11.477 23.08 31.771 11.478 23.275 34.292 12.205
3 16 23.275 34.292 12.205 23.08 31.771 11.478 21.654 32.701 12.139
3 16 23.08 31.771 11.478 21.303 30.077 11.343 21.654 32.701 12.139
3 16 21.654 32.701 12.139 21.303 30.077 11.343 19.984 30.872 11.872
3 16 24.657 33.215 11.477 27.1 35.629 11.381 25.757 32.339 11.197
3 16 25.757 32.339 11.197 27.1 35.629 11.381 28.179 34.659 11.145
4 16 23.08 31.771 11.478 24.657 33.215 11.477 25.757 32.339 11.197 24.199 31.006 11.212
3 16 21.303 30.077 11.343 23.08 31.771 11.478 22.313 29.446 11.044
3 16 21.303 30.077 11.343 19.862 28.577 10.921 19.984 30.872 11.872
3 16 19.984 30.872 11.872 19.862 28.577 10.921 18.712 29.37 11.483
3 16 22.313 29.446 11.044 21.118 27.87 10.502 21.303 30.077 11.343
3 16 21.303 30.077 11.343 21.118 27.87 10.502 19.862 28.577 10.921
4 16 21.118 27.87 10.502 22.313 29.446 11.044 23.066 29.404 10.959 22.662 28.459 10.602
3 16 19.862 28.577 10.921 21.118 27.87 10.502 18.788 27.413 10.452
3 16 18.788 27.413 10.452 21.118 27.87 10.502 18.897 25.474 9.277
3 16 18.712 29.37 11.483 19.862 28.577 10.921 18.022 29.292 11.619
3 16 18.022 29.292 11.619 19.862 28.577 10.921 18.788 27.413 10.452
3 16 18.897 25.474 9.277 16.034 26.321 10.5 18.788 27.413 10.452
3 16 18.788 27.413 10.452 16.034 26.321 10.5 18.022 29.292 11.619
3 16 16.185 22.49 7.5 16.034 26.321 10.5 18.897 25.474 9.277
3 16 14.296 22.849 8.773 16.034 26.321 10.5 16.185 22.49 7.5
3 16 16.185 22.49 7.5 14.755 20.499 5.822 14.296 22.849 8.773
3 16 14.296 22.849 8.773 14.755 20.499 5.822 12.933 20.234 6.916
3 16 13.588 18.302 3.925 12.933 20.234 6.916 14.755 20.499 5.822
3 16 12.542 17.859 4.493 12.933 20.234 6.916 13.588 18.302 3.925
3 16 12.542 17.859 4.493 13.588 18.302 3.925 13.235 16.69 2.274
3 16 12.542 17.859 4.493 13.235 16.69 2.274 12.334 16.389 3.348
3 16 12.334 16.389 3.348 12.011 16.702 4.975 12.542 17.859 4.493
3 16 13 14.514 0 12.334 16.389 3.348 13.235 16.69 2.274
3 16 12.011 16.702 4.975 9.192 17.43 9.192 12.933 20.234 6.916
3 16 12.933 20.234 6.916 12.542 17.859 4.493 12.011 16.702 4.975
3 16 10.561 20.693 9.956 12.933 20.234 6.916 9.192 17.43 9.192
3 16 12.933 20.234 6.916 10.561 20.693 9.956 14.296 22.849 8.773
4 16 9.192 17.43 9.192 4.975 17.675 12.011 7.356 21.482 12.383 10.561 20.693 9.956
3 16 0 17.7 13 7.356 21.482 12.383 4.975 17.675 12.011
3 16 2.356 22.488 13.357 7.356 21.482 12.383 0 17.7 13
3 16 0 17.7 13 -2.584 24.829 13.307 2.356 22.488 13.357
3 16 -5.491 21.736 12.038 -2.584 24.829 13.307 0 17.7 13
3 16 -5.491 21.736 12.038 -7.107 23.156 11.746 -2.584 24.829 13.307
3 16 -5.491 21.736 12.038 -7.429 18.707 10.371 -7.107 23.156 11.746
3 16 -7.107 23.156 11.746 -7.429 18.707 10.371 -9.192 19.778 9.192
3 16 0 17.7 13 -4.975 18 12.011 -5.491 21.736 12.038
3 16 -5.491 21.736 12.038 -4.975 18 12.011 -7.429 18.707 10.371
3 16 32.013 43.161 15.623 31.8 43.484 15.772 30.774 42.154 16.505
3 16 30.774 42.154 16.505 31.8 43.484 15.772 30.578 42.471 16.624
3 16 28.643 40.659 17.44 30.774 42.154 16.505 30.578 42.471 16.624
3 16 31.8 43.484 15.772 32.013 43.161 15.623 32.299 43.923 15.205
3 16 32.299 43.923 15.205 32.013 43.161 15.623 32.49 43.556 15.151
3 16 32.861 43.957 14.628 32.299 43.923 15.205 32.49 43.556 15.151
3 16 32.696 44.241 14.663 32.299 43.923 15.205 32.861 43.957 14.628
3 16 32.696 44.241 14.663 32.861 43.957 14.628 32.796 44.396 13.92
3 16 32.796 44.396 13.92 32.861 43.957 14.628 32.998 44.116 13.837
3 16 32.796 44.396 13.92 32.998 44.116 13.837 32.689 44.388 13.328
3 16 32.689 44.388 13.328 32.998 44.116 13.837 32.794 44.037 13.25
3 16 32.794 44.037 13.25 32.228 44.163 12.874 32.689 44.388 13.328
3 16 32.389 43.828 12.787 32.228 44.163 12.874 32.794 44.037 13.25
3 16 32.389 43.828 12.787 31.602 43.433 12.562 32.228 44.163 12.874
3 16 32.228 44.163 12.874 31.602 43.433 12.562 31.431 43.82 12.606
3 16 30.082 42.54 12.666 31.431 43.82 12.606 31.602 43.433 12.562
3 16 21.819 41.385 14.889 22.702 39.41 14.247 20.128 40.375 15.068
3 16 24.737 43.172 14.223 22.702 39.41 14.247 21.819 41.385 14.889
3 16 26.029 42.05 13.646 22.702 39.41 14.247 24.737 43.172 14.223
3 16 24.737 43.172 14.223 27.361 44.692 13.616 26.029 42.05 13.646
4 16 27.3 40.937 12.996 26.029 42.05 13.646 27.361 44.692 13.616 28.362 43.828 13.1
3 16 29.137 45.612 13.01 28.362 43.828 13.1 27.361 44.692 13.616
3 16 29.803 44.947 12.697 28.362 43.828 13.1 29.137 45.612 13.01
3 16 30.338 46.183 12.657 29.803 44.947 12.697 29.137 45.612 13.01
3 16 31.334 45.917 12.351 29.803 44.947 12.697 30.338 46.183 12.657
3 16 31.334 45.917 12.351 31.334 45.038 12.236 29.803 44.947 12.697
3 16 29.803 44.947 12.697 31.334 45.038 12.236 30.567 44.22 12.401
3 16 28.362 43.828 13.1 29.803 44.947 12.697 29.368 42.958 12.581
3 16 29.368 42.958 12.581 29.803 44.947 12.697 30.567 44.22 12.401
3 16 27.3 40.937 12.996 28.362 43.828 13.1 29.368 42.958 12.581
3 16 22.702 39.41 14.247 26.029 42.05 13.646 24.397 37.937 13.321
3 16 24.397 37.937 13.321 26.029 42.05 13.646 27.3 40.937 12.996
3 16 22.063 35.186 13.055 22.702 39.41 14.247 24.397 37.937 13.321
3 16 19.463 35.09 13.833 22.702 39.41 14.247 22.063 35.186 13.055
3 16 19.463 35.09 13.833 20.128 40.375 15.068 22.702 39.41 14.247
3 16 16.896 36.842 14.76 20.128 40.375 15.068 19.463 35.09 13.833
3 16 19.463 35.09 13.833 22.063 35.186 13.055 20.371 33.205 12.791
3 16 18.914 31.412 12.393 19.463 35.09 13.833 20.371 33.205 12.791
3 16 16.006 31.188 12.921 19.463 35.09 13.833 18.914 31.412 12.393
3 16 16.006 31.188 12.921 16.896 36.842 14.76 19.463 35.09 13.833
3 16 17.922 29.985 11.952 16.006 31.188 12.921 18.914 31.412 12.393
3 16 16.896 36.842 14.76 18.816 41.232 15.408 20.128 40.375 15.068
3 16 13.55 39.072 15.271 18.816 41.232 15.408 16.896 36.842 14.76
3 16 16.908 43.362 15.713 18.816 41.232 15.408 13.55 39.072 15.271
4 16 16.908 43.362 15.713 19.41 45.415 15.498 21.213 43.744 15.209 18.816 41.232 15.408
3 16 19.41 45.415 15.498 20.98 46.577 15.254 21.213 43.744 15.209
3 16 21.213 43.744 15.209 20.98 46.577 15.254 23.221 45.111 14.979
3 16 20.98 46.577 15.254 23.137 46.872 14.977 23.221 45.111 14.979
3 16 23.221 45.111 14.979 23.137 46.872 14.977 23.641 46.999 14.876
3 16 23.221 45.111 14.979 23.641 46.999 14.876 24.25 46.299 14.818
3 16 23.221 45.111 14.979 24.25 46.299 14.818 26.078 46.727 14.701
3 16 26.078 46.727 14.701 24.25 46.299 14.818 25.479 47.473 14.625
3 16 25.479 47.473 14.625 26.742 48.086 14.518 26.078 46.727 14.701
4 16 27.723 48.531 14.486 27.363 47.428 14.636 26.078 46.727 14.701 26.742 48.086 14.518
3 16 26.742 48.086 14.518 25.479 47.473 14.625 25.847 48.969 14.658
3 16 25.847 48.969 14.658 25.479 47.473 14.625 24.809 48.26 14.78
4 16 25.847 48.969 14.658 27.239 49.27 14.59 27.723 48.531 14.486 26.742 48.086 14.518
3 16 27.239 49.27 14.59 28.02 49.208 14.525 27.723 48.531 14.486
3 16 27.723 48.531 14.486 28.02 49.208 14.525 28.572 48.95 14.473
3 16 28.572 48.95 14.473 28.75 48.505 14.552 27.723 48.531 14.486
3 16 27.723 48.531 14.486 28.75 48.505 14.552 28.147 47.9 14.626
3 16 27.363 47.428 14.636 27.723 48.531 14.486 28.147 47.9 14.626
3 16 24.809 48.26 14.78 25.479 47.473 14.625 24.165 47.587 14.848
3 16 24.165 47.587 14.848 25.479 47.473 14.625 24.25 46.299 14.818
3 16 24.25 46.299 14.818 23.641 46.999 14.876 24.165 47.587 14.848
3 16 21.715 48.578 15.24 23.137 46.872 14.977 20.98 46.577 15.254
3 16 20.98 46.577 15.254 19.41 45.415 15.498 18.293 48.596 15.796
3 16 18.293 48.596 15.796 19.41 45.415 15.498 17.196 47.429 15.884
4 16 20.98 46.577 15.254 18.293 48.596 15.796 19.521 50.21 15.658 21.715 48.578 15.24
3 16 23.137 46.872 14.977 21.715 48.578 15.24 23.838 47.847 15.083
3 16 23.838 47.847 15.083 21.715 48.578 15.24 22.364 50.338 15.238
3 16 19.521 50.21 15.658 22.364 50.338 15.238 21.715 48.578 15.24
3 16 20.826 52.093 15.534 22.364 50.338 15.238 19.521 50.21 15.658
3 16 24.465 49.985 15.328 23.838 47.847 15.083 22.364 50.338 15.238
3 16 24.442 48.73 15.32 23.838 47.847 15.083 24.465 49.985 15.328
3 16 23.649 51.812 15.278 24.465 49.985 15.328 22.364 50.338 15.238
3 16 24.624 50.919 15.476 24.465 49.985 15.328 23.649 51.812 15.278
3 16 23.649 51.812 15.278 22.364 50.338 15.238 21.828 52.465 15.622
3 16 21.828 52.465 15.622 22.364 50.338 15.238 20.826 52.093 15.534
4 16 17.196 47.429 15.884 19.41 45.415 15.498 16.908 43.362 15.713 16.169 47.25 16.005
3 16 16.169 47.25 16.005 16.908 43.362 15.713 13.757 44.726 15.793
4 16 10.681 41.141 15.423 13.757 44.726 15.793 16.908 43.362 15.713 13.55 39.072 15.271
3 16 10.681 41.141 15.423 11.022 45.225 15.649 13.757 44.726 15.793
4 16 10.681 41.141 15.423 8.598 42.603 15.444 8.285 46.446 15.664 11.022 45.225 15.649
3 16 5.114 43.252 15.554 8.285 46.446 15.664 8.598 42.603 15.444
4 16 16.169 47.25 16.005 13.757 44.726 15.793 11.022 45.225 15.649 13.862 47.816 15.903
3 16 16.05 47.713 16.056 16.169 47.25 16.005 13.862 47.816 15.903
3 16 16.169 47.25 16.005 16.05 47.713 16.056 16.539 47.973 16.139
3 16 16.539 47.973 16.139 16.05 47.713 16.056 16.105 48.201 16.111
3 16 13.862 47.816 15.903 16.105 48.201 16.111 16.05 47.713 16.056
3 16 16.105 48.201 16.111 17.223 49.154 16.427 16.539 47.973 16.139
3 16 16.619 49.513 16.292 17.223 49.154 16.427 16.105 48.201 16.111
3 16 14.834 49.98 16.059 16.619 49.513 16.292 16.105 48.201 16.111
3 16 14.834 49.98 16.059 16.105 48.201 16.111 13.862 47.816 15.903
3 16 15.434 51.389 16.182 16.619 49.513 16.292 14.834 49.98 16.059
3 16 17.084 50.834 16.51 16.619 49.513 16.292 15.434 51.389 16.182
3 16 16.619 49.513 16.292 17.084 50.834 16.51 17.223 49.154 16.427
3 16 17.223 49.154 16.427 17.084 50.834 16.51 18.051 50.505 16.869
3 16 17.084 50.834 16.51 17.626 52.408 16.764 18.051 50.505 16.869
3 16 15.434 51.389 16.182 15.948 52.745 16.343 17.084 50.834 16.51
3 16 17.084 50.834 16.51 15.948 52.745 16.343 17.626 52.408 16.764
4 16 18.051 50.505 16.869 17.626 52.408 16.764 18.442 53.056 17.289 18.719 51.588 17.343
3 16 18.442 53.056 17.289 17.626 52.408 16.764 17.998 53.568 16.986
4 16 17.998 53.568 16.986 17.626 52.408 16.764 15.948 52.745 16.343 17.049 53.957 16.768
4 16 14.834 49.98 16.059 13.862 47.816 15.903 10.243 48.892 15.798 11.914 51.206 15.993
3 16 15.434 51.389 16.182 14.834 49.98 16.059 12.835 52.271 16.033
3 16 12.835 52.271 16.033 14.834 49.98 16.059 11.914 51.206 15.993
3 16 15.948 52.745 16.343 15.434 51.389 16.182 13.668 53.226 16.167
3 16 13.668 53.226 16.167 15.434 51.389 16.182 12.835 52.271 16.033
3 16 16.01 54.091 16.694 17.049 53.957 16.768 15.948 52.745 16.343
3 16 13.668 53.226 16.167 14.92 54.062 16.563 15.948 52.745 16.343
3 16 15.948 52.745 16.343 14.92 54.062 16.563 16.01 54.091 16.694
3 16 11.022 45.225 15.649 10.243 48.892 15.798 13.862 47.816 15.903
3 16 8.285 46.446 15.664 10.243 48.892 15.798 11.022 45.225 15.649
3 16 28.345 46.621 17.242 29.181 47.133 16.36 28.886 47.569 16.62
3 16 28.886 47.569 16.62 27.798 46.854 17.376 28.345 46.621 17.242
3 16 29.114 47.846 15.846 28.886 47.569 16.62 29.181 47.133 16.36
3 16 27.798 46.854 17.376 26.871 46.042 17.845 28.345 46.621 17.242
3 16 29.114 47.846 15.846 29.181 47.133 16.36 29.176 47.201 15.746
3 16 28.99 47.665 15.33 29.114 47.846 15.846 29.176 47.201 15.746
3 16 29.176 47.201 15.746 28.967 47.19 15.255 28.99 47.665 15.33
3 16 28.99 47.665 15.33 28.967 47.19 15.255 28.479 47.416 14.975
3 16 28.479 47.416 14.975 28.967 47.19 15.255 28.566 46.992 14.938
3 16 28.479 47.416 14.975 28.566 46.992 14.938 27.84 46.97 14.864
3 16 27.84 46.97 14.864 28.566 46.992 14.938 27.994 46.715 14.844
3 16 26.561 46.004 14.925 27.84 46.97 14.864 27.994 46.715 14.844
3 16 32.369 46.558 15.681 30.96 47.298 15.997 31.917 46.1 16.434
3 16 31.917 46.1 16.434 30.96 47.298 15.997 30.564 46.967 16.694
3 16 31.917 46.1 16.434 32.867 45.182 15.973 32.369 46.558 15.681
3 16 32.369 46.558 15.681 32.867 45.182 15.973 33.091 45.237 14.891
3 16 30.96 47.298 15.997 32.369 46.558 15.681 30.926 47.546 15.317
3 16 30.926 47.546 15.317 32.369 46.558 15.681 32.382 46.694 14.458
3 16 32.382 46.694 14.458 30.753 47.723 14.637 30.926 47.546 15.317
4 16 32.382 46.694 14.458 32.038 46.699 13.46 30.706 47.574 13.771 30.753 47.723 14.637
3 16 31.047 47.031 13.01 30.706 47.574 13.771 32.038 46.699 13.46
4 16 32.369 46.558 15.681 33.091 45.237 14.891 33.186 45.204 13.729 32.382 46.694 14.458
3 16 32.382 46.694 14.458 33.186 45.204 13.729 32.038 46.699 13.46
4 16 32.079 45.698 12.315 31.528 46.259 12.511 31.047 47.031 13.01 32.038 46.699 13.46
3 16 32.038 46.699 13.46 32.982 45.222 13.04 32.079 45.698 12.315
3 16 32.038 46.699 13.46 33.186 45.204 13.729 32.982 45.222 13.04
3 16 32.079 45.698 12.315 32.982 45.222 13.04 32.511 45.297 12.479
3 16 31.528 46.259 12.511 32.079 45.698 12.315 31.334 45.917 12.351
3 16 31.334 45.917 12.351 32.079 45.698 12.315 31.334 45.038 12.236
3 16 8.686 18.804 19.368 10.633 18.624 19.403 11.29 20.754 19.725
3 16 8.686 18.804 19.368 9.531 16.416 19.075 10.633 18.624 19.403
3 16 9.531 16.416 19.075 13.277 17.845 18.724 10.633 18.624 19.403
3 16 11.348 13.148 17.798 13.277 17.845 18.724 9.531 16.416 19.075
3 16 9.531 16.416 19.075 7.749 14.785 18.731 11.348 13.148 17.798
3 16 11.348 13.148 17.798 7.749 14.785 18.731 7.859 12.519 18.169
3 16 8.686 18.804 19.368 7.807 16.408 19.045 9.531 16.416 19.075
3 16 9.531 16.416 19.075 7.807 16.408 19.045 7.749 14.785 18.731
3 16 17.651 22.124 18.457 19.324 20.829 17.234 22.018 25.46 17.938
3 16 22.018 25.46 17.938 19.324 20.829 17.234 23.24 23.942 16.728
3 16 16.15 23.377 19.318 17.651 22.124 18.457 20.815 26.925 18.904
3 16 19.324 20.829 17.234 17.651 22.124 18.457 16.954 18.294 17.36
3 16 16.954 18.294 17.36 17.651 22.124 18.457 15.191 19.977 18.709
3 16 16.15 23.377 19.318 15.191 19.977 18.709 17.651 22.124 18.457
3 16 13.445 21.164 19.447 15.191 19.977 18.709 16.15 23.377 19.318
4 16 17.651 22.124 18.457 22.018 25.46 17.938 24.431 29.259 18.31 20.815 26.925 18.904
3 16 24.431 29.259 18.31 22.018 25.46 17.938 25.568 27.479 17.452
3 16 22.018 25.46 17.938 23.24 23.942 16.728 25.568 27.479 17.452
3 16 25.568 27.479 17.452 23.24 23.942 16.728 27.517 26.116 15.862
3 16 25.568 27.479 17.452 27.534 31.062 17.555 24.431 29.259 18.31
3 16 28.413 28.771 16.851 27.534 31.062 17.555 25.568 27.479 17.452
3 16 25.568 27.479 17.452 27.517 26.116 15.862 28.413 28.771 16.851
3 16 28.413 28.771 16.851 30.327 32.757 16.414 27.534 31.062 17.555
3 16 31.618 29.753 15.279 30.327 32.757 16.414 28.413 28.771 16.851
3 16 28.413 28.771 16.851 27.517 26.116 15.862 30.901 27.486 14.631
3 16 28.413 28.771 16.851 30.901 27.486 14.631 31.618 29.753 15.279
3 16 31.618 29.753 15.279 33.193 31.139 14.387 30.327 32.757 16.414
3 16 30.327 32.757 16.414 33.193 31.139 14.387 32.733 34.145 15.135
3 16 34.961 32.303 13.089 32.733 34.145 15.135 33.193 31.139 14.387
3 16 34.47 35.354 13.631 32.733 34.145 15.135 34.961 32.303 13.089
3 16 36.742 33.403 11.33 34.47 35.354 13.631 34.961 32.303 13.089
3 16 36.121 36.513 11.709 34.47 35.354 13.631 36.742 33.403 11.33
4 16 37.042 37.347 10.371 36.121 36.513 11.709 36.742 33.403 11.33 38.07 34.349 9.452
3 16 33.125 28.862 13.64 31.618 29.753 15.279 31.796 28.161 14.296
3 16 31.618 29.753 15.279 30.901 27.486 14.631 31.796 28.161 14.296
3 16 34.961 32.303 13.089 33.193 31.139 14.387 34.935 29.579 12.298
4 16 31.618 29.753 15.279 33.125 28.862 13.64 34.935 29.579 12.298 33.193 31.139 14.387
4 16 36.742 33.403 11.33 34.961 32.303 13.089 34.935 29.579 12.298 37.031 30.69 10.212
3 16 36.742 33.403 11.33 37.031 30.69 10.212 38.07 34.349 9.452
3 16 38.07 34.349 9.452 37.031 30.69 10.212 38.548 31.785 7.675
3 16 37.042 37.347 10.371 38.07 34.349 9.452 37.82 37.936 9.211
3 16 37.82 37.936 9.211 38.07 34.349 9.452 38.983 35.12 7.637
3 16 38.548 31.785 7.675 38.983 35.12 7.637 38.07 34.349 9.452
3 16 37.82 37.936 9.211 38.983 35.12 7.637 38.473 38.19 7.857
3 16 38.473 38.19 7.857 38.983 35.12 7.637 39.307 36.816 6.654
3 16 39.307 36.816 6.654 38.983 35.12 7.637 39.65 35.397 5.549
3 16 39.191 32.418 6.262 38.983 35.12 7.637 38.548 31.785 7.675
3 16 38.983 35.12 7.637 39.191 32.418 6.262 39.535 33.709 5.644
3 16 38.983 35.12 7.637 39.535 33.709 5.644 39.65 35.397 5.549
3 16 39.535 33.709 5.644 39.191 32.418 6.262 39.502 32.856 5.123
3 16 39.502 32.856 5.123 39.704 33.237 4.628 39.535 33.709 5.644
3 16 39.535 33.709 5.644 39.704 33.237 4.628 39.768 34.072 4.735
3 16 39.65 35.397 5.549 39.535 33.709 5.644 39.768 34.072 4.735
3 16 -5.619 24.24 18.2 -6.557 24.628 18.691 -8.56 19.091 16.207
3 16 -8.56 19.091 16.207 -6.557 24.628 18.691 -10.399 19.003 16.453
3 16 -5.619 24.24 18.2 -3.699 28.598 19.697 -6.557 24.628 18.691
3 16 -1.68 29.766 19.653 -3.699 28.598 19.697 -5.619 24.24 18.2
3 16 -.967 32.489 20.458 -3.699 28.598 19.697 -1.68 29.766 19.653
3 16 2.993 35.688 20.542 -.967 32.489 20.458 -1.68 29.766 19.653
3 16 2.132 36.412 21.184 -.967 32.489 20.458 2.993 35.688 20.542
3 16 7.597 41.159 20.59 2.132 36.412 21.184 2.993 35.688 20.542
3 16 6.746 41.876 21.296 2.132 36.412 21.184 7.597 41.159 20.59
3 16 7.597 41.159 20.59 10.515 45.855 20.872 6.746 41.876 21.296
3 16 11.385 45.171 20.251 10.515 45.855 20.872 7.597 41.159 20.59
3 16 11.385 45.171 20.251 12.781 47.881 20.473 10.515 45.855 20.872
3 16 13.469 47.173 19.484 12.781 47.881 20.473 11.385 45.171 20.251
3 16 13.469 47.173 19.484 14.684 49.524 20.045 12.781 47.881 20.473
3 16 15.336 48.855 18.994 14.684 49.524 20.045 13.469 47.173 19.484
3 16 14.684 49.524 20.045 15.336 48.855 18.994 16.198 50.9 19.747
3 16 16.198 50.9 19.747 15.336 48.855 18.994 16.978 50.196 18.845
3 16 18.106 51.074 18.376 16.198 50.9 19.747 16.978 50.196 18.845
3 16 18.191 52.553 19.39 16.198 50.9 19.747 18.106 51.074 18.376
3 16 18.106 51.074 18.376 18.946 51.753 17.837 18.191 52.553 19.39
3 16 18.191 52.553 19.39 18.946 51.753 17.837 18.713 52.9 18.576
3 16 18.946 51.753 17.837 18.682 53.115 17.863 18.713 52.9 18.576
3 16 18.872 51.789 17.613 18.682 53.115 17.863 18.946 51.753 17.837
3 16 18.682 53.115 17.863 18.872 51.789 17.613 18.442 53.056 17.289
3 16 18.442 53.056 17.289 18.872 51.789 17.613 18.719 51.588 17.343
3 16 4.191 -3.011 -13.346 3.007 -4.297 -14.78 2.976 -1.272 -14.233
3 16 2.976 -1.272 -14.233 3.007 -4.297 -14.78 1.797 -2.531 -15.563
3 16 4.191 -3.011 -13.346 2.976 -1.272 -14.233 5.008 -1.743 -12.178
3 16 5.008 -1.743 -12.178 2.976 -1.272 -14.233 3.941 .027 -12.948
3 16 1.547 -5.289 -15.75 1.797 -2.531 -15.563 3.007 -4.297 -14.78
3 16 1.087 -2.572 -15.942 1.797 -2.531 -15.563 1.547 -5.289 -15.75
3 16 -1.376 -3.824 -16.058 1.087 -2.572 -15.942 1.547 -5.289 -15.75
3 16 -2.311 -.935 -15.804 1.087 -2.572 -15.942 -1.376 -3.824 -16.058
3 16 14.5 5.199 -8.738 13.24 3.058 -9.771 9.192 4 -9.192
3 16 9.192 4 -9.192 10.518 6.586 -7.209 14.5 5.199 -8.738
3 16 13.24 3.058 -9.771 11.231 .518 -10.706 7.493 2.997 -10.034
3 16 7.493 2.997 -10.034 9.192 4 -9.192 13.24 3.058 -9.771
3 16 7.493 2.997 -10.034 11.231 .518 -10.706 9.012 -1.138 -11.469
3 16 9.012 -1.138 -11.469 6.024 1.071 -11.623 6.376 2.469 -10.626
3 16 6.024 1.071 -11.623 9.012 -1.138 -11.469 7.563 -1.444 -11.984
3 16 4.872 .044 -12.514 6.024 1.071 -11.623 7.563 -1.444 -11.984
3 16 4.872 .044 -12.514 3.748 1.213 -12.21 6.024 1.071 -11.623
3 16 3.941 .027 -12.948 3.748 1.213 -12.21 4.872 .044 -12.514
3 16 3.748 1.213 -12.21 4.684 2.014 -11.308 6.024 1.071 -11.623
3 16 6.024 1.071 -11.623 4.684 2.014 -11.308 6.376 2.469 -10.626
3 16 6.376 2.469 -10.626 7.493 2.997 -10.034 9.012 -1.138 -11.469
3 16 3.941 .027 -12.948 .873 .191 -13.778 3.748 1.213 -12.21
3 16 2.976 -1.272 -14.233 .873 .191 -13.778 3.941 .027 -12.948
3 16 .873 .191 -13.778 0 1.812 -12.07 3.748 1.213 -12.21
3 16 3.748 1.213 -12.21 0 1.812 -12.07 4.684 2.014 -11.308
3 16 .873 .191 -13.778 2.976 -1.272 -14.233 1.797 -2.531 -15.563
3 16 .873 .191 -13.778 1.797 -2.531 -15.563 1.087 -2.572 -15.942
3 16 -2.311 -.935 -15.804 .873 .191 -13.778 1.087 -2.572 -15.942
3 16 -2.311 -.935 -15.804 -7.016 1.478 -14.381 .873 .191 -13.778
3 16 0 1.812 -12.07 .873 .191 -13.778 -7.016 1.478 -14.381
3 16 -7.016 1.478 -14.381 -4.83 2.469 -11.659 0 1.812 -12.07
3 16 -7.016 1.478 -14.381 -9.15 3.153 -13.352 -9.192 4 -9.192
3 16 -9.192 4 -9.192 -4.83 2.469 -11.659 -7.016 1.478 -14.381
3 16 -9.15 3.153 -13.352 -10.836 5.801 -11.76 -9.192 4 -9.192
3 16 -9.192 4 -9.192 -10.836 5.801 -11.76 -10.498 7.501 -7.239
3 16 -10.498 7.501 -7.239 -10.836 5.801 -11.76 -11.956 8.557 -10.309
3 16 -11.956 8.557 -10.309 -12.891 11.561 -8.599 -10.498 7.501 -7.239
3 16 -10.498 7.501 -7.239 -12.891 11.561 -8.599 -12.011 11.603 -4.975
3 16 -12.011 11.603 -4.975 -12.891 11.561 -8.599 -13.567 14.402 -6.609
3 16 -13.567 14.402 -6.609 -12.156 12.812 -4.247 -12.011 11.603 -4.975
3 16 -13.567 14.402 -6.609 -14.167 16.754 -4.478 -12.156 12.812 -4.247
3 16 -12.156 12.812 -4.247 -14.167 16.754 -4.478 -12.572 14.963 -2.155
3 16 -14.639 18.297 -2.421 -12.572 14.963 -2.155 -14.167 16.754 -4.478
3 16 -13 16.133 0 -12.572 14.963 -2.155 -14.639 18.297 -2.421
3 16 -14.639 18.297 -2.421 -14.91 19.374 -.783 -13 16.133 0
3 16 -13 16.133 0 -14.91 19.374 -.783 -12.664 16.402 1.689
3 16 -14.91 19.374 -.783 -15.37 20.59 2.407 -12.664 16.402 1.689
3 16 -12.664 16.402 1.689 -15.37 20.59 2.407 -12.011 16.448 4.975
3 16 -15.37 20.59 2.407 -15.304 21.466 6.036 -12.011 16.448 4.975
3 16 -12.011 16.448 4.975 -15.304 21.466 6.036 -10.891 17.564 6.65
3 16 -13.73 23.129 10.025 -10.891 17.564 6.65 -15.304 21.466 6.036
3 16 -9.192 19.778 9.192 -10.891 17.564 6.65 -13.73 23.129 10.025
3 16 -13.73 23.129 10.025 -8.344 24.353 11.588 -9.192 19.778 9.192
3 16 -9.192 19.778 9.192 -8.344 24.353 11.588 -7.107 23.156 11.746
3 16 -8.344 24.353 11.588 -13.73 23.129 10.025 -11.824 26.325 12.37
3 16 -8.344 24.353 11.588 -11.824 26.325 12.37 -6.272 28.234 13.305
3 16 -6.272 28.234 13.305 -11.824 26.325 12.37 -9.721 30.441 13.836
4 16 -9.721 30.441 13.836 -7.814 33.983 14.598 -3.734 32.023 14.159 -6.272 28.234 13.305
3 16 -7.814 33.983 14.598 -5.758 37.247 15.164 -3.734 32.023 14.159
3 16 -3.734 32.023 14.159 -5.758 37.247 15.164 -1.786 34.626 14.659
3 16 -5.758 37.247 15.164 -2.869 41.212 15.651 -1.786 34.626 14.659
3 16 -1.786 34.626 14.659 -2.869 41.212 15.651 1.557 38.707 15.256
4 16 5.114 43.252 15.554 1.557 38.707 15.256 -2.869 41.212 15.651 1.401 46.784 16.057
3 16 1.401 46.784 16.057 7.673 46.739 15.955 5.114 43.252 15.554
3 16 5.11 50.992 16.386 7.673 46.739 15.955 1.401 46.784 16.057
3 16 5.11 50.992 16.386 9.459 49.291 16.234 7.673 46.739 15.955
3 16 9.636 52.213 16.336 9.459 49.291 16.234 5.11 50.992 16.386
3 16 7.704 53.056 16.646 9.636 52.213 16.336 5.11 50.992 16.386
3 16 11.143 51.607 16.513 9.459 49.291 16.234 9.636 52.213 16.336
3 16 12.106 52.992 16.733 11.143 51.607 16.513 9.636 52.213 16.336
3 16 12.106 52.992 16.733 9.636 52.213 16.336 11.372 53.743 16.787
3 16 9.636 52.213 16.336 10.188 54.295 16.941 11.372 53.743 16.787
3 16 7.704 53.056 16.646 10.188 54.295 16.941 9.636 52.213 16.336
3 16 13.588 18.302 3.925 17.873 17.555 3.113 13.235 16.69 2.274
3 16 13.235 16.69 2.274 17.873 17.555 3.113 17.372 15.948 1.296
3 16 13.235 16.69 2.274 17.372 15.948 1.296 13 14.514 0
3 16 13 14.514 0 17.372 15.948 1.296 16.97 14.429 -.471
3 16 16.97 14.429 -.471 12.78 13.672 -1.108 13 14.514 0
4 16 16.97 14.429 -.471 16.741 13.268 -1.768 12.46 12.209 -2.718 12.78 13.672 -1.108
3 16 12.46 12.209 -2.718 16.741 13.268 -1.768 16.584 11.715 -3.341
3 16 12.46 12.209 -2.718 16.584 11.715 -3.341 12.011 9.739 -4.975
3 16 12.011 9.739 -4.975 16.584 11.715 -3.341 16.223 9.843 -5.25
3 16 12.011 9.739 -4.975 16.223 9.843 -5.25 11.314 8.263 -6.017
3 16 11.314 8.263 -6.017 16.223 9.843 -5.25 15.533 7.443 -7.223
3 16 15.533 7.443 -7.223 10.518 6.586 -7.209 11.314 8.263 -6.017
3 16 14.5 5.199 -8.738 10.518 6.586 -7.209 15.533 7.443 -7.223
3 16 13.588 18.302 3.925 14.755 20.499 5.822 17.873 17.555 3.113
3 16 17.873 17.555 3.113 14.755 20.499 5.822 18.539 19.077 4.882
3 16 16.185 22.49 7.5 18.539 19.077 4.882 14.755 20.499 5.822
3 16 19.646 20.719 6.617 18.539 19.077 4.882 16.185 22.49 7.5
3 16 18.897 25.474 9.277 19.646 20.719 6.617 16.185 22.49 7.5
3 16 21.726 22.954 8.23 19.646 20.719 6.617 18.897 25.474 9.277
3 16 18.897 25.474 9.277 21.118 27.87 10.502 21.726 22.954 8.23
3 16 21.726 22.954 8.23 21.118 27.87 10.502 25.037 24.986 9.223
3 16 22.662 28.459 10.602 25.037 24.986 9.223 21.118 27.87 10.502
3 16 22.662 28.459 10.602 24.806 29.947 10.675 25.037 24.986 9.223
3 16 25.037 24.986 9.223 24.806 29.947 10.675 28.074 26.28 9.435
3 16 28.074 26.28 9.435 24.806 29.947 10.675 28.371 29.379 9.362
3 16 28.074 26.28 9.435 28.371 29.379 9.362 29.779 26.843 9.014
3 16 29.779 26.843 9.014 28.371 29.379 9.362 31.011 28.684 8.527
3 16 29.779 26.843 9.014 31.011 28.684 8.527 31.113 27.11 8.51
3 16 31.011 28.684 8.527 32.776 27.324 7.374 31.113 27.11 8.51
3 16 32.822 29.004 7.15 32.776 27.324 7.374 31.011 28.684 8.527
3 16 32.822 29.004 7.15 34.639 27.576 5.446 32.776 27.324 7.374
3 16 34.981 29.53 4.729 34.639 27.576 5.446 32.822 29.004 7.15
3 16 32.634 30.482 7.692 32.822 29.004 7.15 31.011 28.684 8.527
3 16 33.535 30.529 7.039 32.822 29.004 7.15 32.634 30.482 7.692
3 16 33.535 30.529 7.039 34.981 29.53 4.729 32.822 29.004 7.15
3 16 35.064 31.156 5.09 34.981 29.53 4.729 33.535 30.529 7.039
3 16 35.808 27.55 3.614 34.639 27.576 5.446 34.981 29.53 4.729
3 16 35.064 31.156 5.09 36.089 31.706 3.308 34.981 29.53 4.729
3 16 34.981 29.53 4.729 36.089 31.706 3.308 36.384 29.778 2.682
3 16 36.384 29.778 2.682 35.808 27.55 3.614 34.981 29.53 4.729
3 16 36.089 31.706 3.308 36.609 31.98 2.498 36.384 29.778 2.682
3 16 36.384 29.778 2.682 36.609 31.98 2.498 37.034 30.126 1.354
3 16 36.609 31.98 2.498 37.192 32.187 1.673 37.034 30.126 1.354
3 16 37.034 30.126 1.354 37.192 32.187 1.673 37.708 31.16 .699
3 16 37.034 30.126 1.354 37.708 31.16 .699 38.025 29.532 -.344
3 16 37.034 30.126 1.354 38.025 29.532 -.344 37.11 28.389 .933
3 16 37.034 30.126 1.354 37.11 28.389 .933 36.384 29.778 2.682
3 16 37.11 28.389 .933 38.025 29.532 -.344 38.16 28.435 -.626
3 16 38.16 28.435 -.626 38.09 27.761 -.332 37.11 28.389 .933
3 16 37.11 28.389 .933 38.09 27.761 -.332 36.929 27.565 1.266
3 16 36.929 27.565 1.266 35.808 27.55 3.614 36.384 29.778 2.682
3 16 36.384 29.778 2.682 37.11 28.389 .933 36.929 27.565 1.266
3 16 31.011 28.684 8.527 30.463 31.568 8.68 32.634 30.482 7.692
3 16 28.371 29.379 9.362 30.463 31.568 8.68 31.011 28.684 8.527
3 16 30.463 31.568 8.68 28.371 29.379 9.362 29.259 33.468 10.12
3 16 29.259 33.468 10.12 28.371 29.379 9.362 26.497 31.328 10.652
3 16 28.371 29.379 9.362 24.806 29.947 10.675 26.497 31.328 10.652
3 16 31.379 35.093 9.287 30.463 31.568 8.68 29.259 33.468 10.12
3 16 32.255 33.01 7.811 30.463 31.568 8.68 31.379 35.093 9.287
3 16 31.379 35.093 9.287 32.466 35.958 8.779 32.255 33.01 7.811
4 16 33.39 36.568 8.129 33.907 34.004 6.629 32.255 33.01 7.811 32.466 35.958 8.779
3 16 33.39 36.568 8.129 34.803 37.227 6.591 33.907 34.004 6.629
3 16 33.907 34.004 6.629 34.803 37.227 6.591 35.654 35.197 4.412
3 16 34.803 37.227 6.591 36.237 37.872 5.039 35.654 35.197 4.412
3 16 35.654 35.197 4.412 36.237 37.872 5.039 36.916 37.103 3.829
3 16 37.243 35.858 2.839 35.654 35.197 4.412 36.916 37.103 3.829
3 16 37.243 35.858 2.839 36.663 33.879 2.766 35.654 35.197 4.412
3 16 37.614 34.322 2.017 36.663 33.879 2.766 37.243 35.858 2.839
3 16 37.614 34.322 2.017 36.923 32.899 2.603 36.663 33.879 2.766
3 16 37.782 32.994 1.68 36.923 32.899 2.603 37.614 34.322 2.017
3 16 32.255 33.01 7.811 33.907 34.004 6.629 33.584 31.24 7.175
3 16 33.584 31.24 7.175 33.907 34.004 6.629 35.241 31.971 5.399
3 16 35.654 35.197 4.412 35.241 31.971 5.399 33.907 34.004 6.629
3 16 32.634 30.482 7.692 32.255 33.01 7.811 33.584 31.24 7.175
3 16 30.463 31.568 8.68 32.255 33.01 7.811 32.634 30.482 7.692
3 16 36.923 32.899 2.603 36.337 32.56 3.622 36.663 33.879 2.766
3 16 36.663 33.879 2.766 36.337 32.56 3.622 35.654 35.197 4.412
3 16 36.337 32.56 3.622 35.241 31.971 5.399 35.654 35.197 4.412
3 16 15.619 16.282 17.143 17.247 16.332 13.516 16.954 18.294 17.36
3 16 16.954 18.294 17.36 17.247 16.332 13.516 19.016 18.216 12.997
3 16 16.954 18.294 17.36 19.016 18.216 12.997 19.324 20.829 17.234
3 16 19.324 20.829 17.234 19.016 18.216 12.997 21.123 20.683 14.27
3 16 19.324 20.829 17.234 21.123 20.683 14.27 23.24 23.942 16.728
3 16 23.24 23.942 16.728 21.123 20.683 14.27 24.7 23.498 14.215
3 16 21.123 20.683 14.27 19.016 18.216 12.997 22.295 21.024 10.803
3 16 21.123 20.683 14.27 22.295 21.024 10.803 24.7 23.498 14.215
3 16 24.7 23.498 14.215 22.295 21.024 10.803 25.752 23.504 11.874
3 16 15.619 16.282 17.143 15.219 12.812 13.624 17.247 16.332 13.516
3 16 14.05 12.674 16.254 15.219 12.812 13.624 15.619 16.282 17.143
3 16 25.752 23.504 11.874 27.661 25.027 13.873 24.7 23.498 14.215
3 16 28.449 24.813 11.713 27.661 25.027 13.873 25.752 23.504 11.874
3 16 27.661 25.027 13.873 27.517 26.116 15.862 24.7 23.498 14.215
3 16 24.7 23.498 14.215 27.517 26.116 15.862 23.24 23.942 16.728
3 16 29.554 25.97 13.674 27.517 26.116 15.862 27.661 25.027 13.873
3 16 28.449 24.813 11.713 29.554 25.97 13.674 27.661 25.027 13.873
3 16 30.901 27.486 14.631 27.517 26.116 15.862 29.554 25.97 13.674
3 16 29.554 25.97 13.674 31.175 26.604 13.093 30.901 27.486 14.631
3 16 30.063 25.393 11.416 31.175 26.604 13.093 29.554 25.97 13.674
3 16 30.063 25.393 11.416 29.554 25.97 13.674 28.449 24.813 11.713
3 16 31.662 25.864 10.86 31.175 26.604 13.093 30.063 25.393 11.416
3 16 30.901 27.486 14.631 31.175 26.604 13.093 31.905 27.502 13.328
3 16 31.905 27.502 13.328 31.796 28.161 14.296 30.901 27.486 14.631
3 16 32.806 28.336 12.793 31.796 28.161 14.296 31.905 27.502 13.328
3 16 33.419 27.848 12.017 32.806 28.336 12.793 31.905 27.502 13.328
3 16 33.518 28.759 12.037 32.806 28.336 12.793 33.419 27.848 12.017
3 16 33.518 28.759 12.037 33.419 27.848 12.017 34.444 29.144 11.142
3 16 34.444 29.144 11.142 33.419 27.848 12.017 34.823 28.115 10.77
3 16 33.274 27.002 11.191 34.823 28.115 10.77 33.419 27.848 12.017
3 16 31.662 25.864 10.86 33.274 27.002 11.191 31.175 26.604 13.093
4 16 31.175 26.604 13.093 33.274 27.002 11.191 33.419 27.848 12.017 31.905 27.502 13.328
3 16 34.637 27.199 10.104 34.823 28.115 10.77 33.274 27.002 11.191
3 16 33.047 26.201 10.181 34.637 27.199 10.104 33.274 27.002 11.191
3 16 33.047 26.201 10.181 33.274 27.002 11.191 31.662 25.864 10.86
3 16 34.378 26.509 9.264 34.637 27.199 10.104 33.047 26.201 10.181
4 16 34.444 29.144 11.142 34.823 28.115 10.77 36.555 28.631 8.839 36.139 29.975 9.236
3 16 34.823 28.115 10.77 34.637 27.199 10.104 36.555 28.631 8.839
3 16 36.555 28.631 8.839 34.637 27.199 10.104 36.406 27.601 8.274
3 16 34.637 27.199 10.104 34.378 26.509 9.264 36.406 27.601 8.274
3 16 36.406 27.601 8.274 37.95 27.943 6.146 36.555 28.631 8.839
3 16 36.063 26.687 7.447 37.95 27.943 6.146 36.406 27.601 8.274
3 16 36.406 27.601 8.274 34.378 26.509 9.264 36.063 26.687 7.447
3 16 37.435 26.763 5.512 37.95 27.943 6.146 36.063 26.687 7.447
3 16 37.95 27.943 6.146 37.435 26.763 5.512 39.075 27.75 3.787
3 16 39.075 27.75 3.787 37.435 26.763 5.512 38.542 26.922 3.44
3 16 36.555 28.631 8.839 37.95 27.943 6.146 38.007 29.628 6.523
3 16 38.007 29.628 6.523 37.95 27.943 6.146 39.171 29.828 4.328
3 16 39.171 29.828 4.328 37.95 27.943 6.146 39.075 27.75 3.787
3 16 38.542 26.922 3.44 39.172 26.999 1.477 39.075 27.75 3.787
3 16 39.075 27.75 3.787 39.172 26.999 1.477 39.64 27.397 1.186
3 16 39.64 27.397 1.186 39.856 28.156 1.28 39.075 27.75 3.787
3 16 39.075 27.75 3.787 39.856 28.156 1.28 39.171 29.828 4.328
3 16 39.725 30.409 2.347 39.171 29.828 4.328 39.856 28.156 1.28
3 16 38.783 31.934 3.176 39.171 29.828 4.328 39.725 30.409 2.347
3 16 38.346 31.461 4.938 39.171 29.828 4.328 38.783 31.934 3.176
3 16 38.346 31.461 4.938 38.007 29.628 6.523 39.171 29.828 4.328
3 16 37.599 30.886 6.654 38.007 29.628 6.523 38.346 31.461 4.938
3 16 38.007 29.628 6.523 37.599 30.886 6.654 36.555 28.631 8.839
3 16 36.555 28.631 8.839 37.599 30.886 6.654 36.139 29.975 9.236
3 16 33.518 28.759 12.037 33.125 28.862 13.64 32.806 28.336 12.793
3 16 32.806 28.336 12.793 33.125 28.862 13.64 31.796 28.161 14.296
3 16 33.518 28.759 12.037 34.935 29.579 12.298 33.125 28.862 13.64
3 16 34.444 29.144 11.142 34.935 29.579 12.298 33.518 28.759 12.037
3 16 34.935 29.579 12.298 34.444 29.144 11.142 37.031 30.69 10.212
3 16 37.031 30.69 10.212 34.444 29.144 11.142 36.139 29.975 9.236
3 16 36.139 29.975 9.236 38.548 31.785 7.675 37.031 30.69 10.212
3 16 37.599 30.886 6.654 38.548 31.785 7.675 36.139 29.975 9.236
3 16 38.548 31.785 7.675 37.599 30.886 6.654 39.191 32.418 6.262
3 16 39.191 32.418 6.262 37.599 30.886 6.654 38.346 31.461 4.938
3 16 39.191 32.418 6.262 38.346 31.461 4.938 39.502 32.856 5.123
3 16 39.502 32.856 5.123 38.346 31.461 4.938 38.86 32.085 3.263
3 16 39.502 32.856 5.123 38.86 32.085 3.263 39.704 33.237 4.628
3 16 39.704 33.237 4.628 38.86 32.085 3.263 39.38 32.94 2.442
3 16 39.436 34.118 2.559 39.704 33.237 4.628 39.38 32.94 2.442
3 16 39.768 34.072 4.735 39.704 33.237 4.628 39.436 34.118 2.559
3 16 39.436 34.118 2.559 38.95 36.248 3.835 39.768 34.072 4.735
3 16 39.768 34.072 4.735 38.95 36.248 3.835 39.65 35.397 5.549
3 16 38.95 36.248 3.835 39.307 36.816 6.654 39.65 35.397 5.549
3 16 38.423 38.018 5.271 39.307 36.816 6.654 38.95 36.248 3.835
3 16 38.423 38.018 5.271 37.706 38.789 6.619 38.473 38.19 7.857
3 16 38.473 38.19 7.857 39.307 36.816 6.654 38.423 38.018 5.271
3 16 38.818 30.961 1.043 38.457 32.096 2.509 39.725 30.409 2.347
3 16 39.725 30.409 2.347 38.457 32.096 2.509 38.783 31.934 3.176
3 16 38.818 30.961 1.043 39.725 30.409 2.347 39.284 28.866 .08
3 16 39.284 28.866 .08 39.725 30.409 2.347 39.856 28.156 1.28
3 16 39.284 28.866 .08 39.856 28.156 1.28 39.359 27.764 -.206
3 16 39.359 27.764 -.206 39.856 28.156 1.28 39.64 27.397 1.186
3 16 39.359 27.764 -.206 39.64 27.397 1.186 38.693 27.12 .097
3 16 38.693 27.12 .097 39.64 27.397 1.186 39.172 26.999 1.477
3 16 38.818 30.961 1.043 37.934 32.262 2.058 38.457 32.096 2.509
3 16 37.192 32.187 1.673 37.934 32.262 2.058 37.708 31.16 .699
3 16 37.708 31.16 .699 37.934 32.262 2.058 38.818 30.961 1.043
3 16 37.708 31.16 .699 38.818 30.961 1.043 38.025 29.532 -.344
3 16 38.025 29.532 -.344 38.818 30.961 1.043 39.284 28.866 .08
3 16 38.025 29.532 -.344 39.284 28.866 .08 38.16 28.435 -.626
3 16 38.16 28.435 -.626 39.284 28.866 .08 39.359 27.764 -.206
3 16 39.359 27.764 -.206 38.09 27.761 -.332 38.16 28.435 -.626
3 16 38.693 27.12 .097 38.09 27.761 -.332 39.359 27.764 -.206
3 16 37.934 32.262 2.058 37.192 32.187 1.673 37.035 32.401 2.486
3 16 37.035 32.401 2.486 37.192 32.187 1.673 36.609 31.98 2.498
3 16 36.609 31.98 2.498 36.504 32.127 3.599 37.035 32.401 2.486
3 16 36.089 31.706 3.308 36.504 32.127 3.599 36.609 31.98 2.498
3 16 36.089 31.706 3.308 35.439 31.572 5.428 36.504 32.127 3.599
3 16 35.064 31.156 5.09 35.439 31.572 5.428 36.089 31.706 3.308
3 16 35.064 31.156 5.09 33.682 30.866 7.21 35.439 31.572 5.428
3 16 33.535 30.529 7.039 33.682 30.866 7.21 35.064 31.156 5.09
3 16 32.634 30.482 7.692 33.682 30.866 7.21 33.535 30.529 7.039
3 16 36.337 32.56 3.622 36.504 32.127 3.599 35.241 31.971 5.399
3 16 35.241 31.971 5.399 36.504 32.127 3.599 35.439 31.572 5.428
3 16 36.337 32.56 3.622 37.065 32.547 2.591 36.504 32.127 3.599
3 16 36.923 32.899 2.603 37.065 32.547 2.591 36.337 32.56 3.622
3 16 36.923 32.899 2.603 37.833 32.49 2.016 37.065 32.547 2.591
3 16 37.782 32.994 1.68 37.833 32.49 2.016 36.923 32.899 2.603
3 16 35.241 31.971 5.399 35.439 31.572 5.428 33.584 31.24 7.175
3 16 33.584 31.24 7.175 35.439 31.572 5.428 33.682 30.866 7.21
3 16 33.682 30.866 7.21 32.634 30.482 7.692 33.584 31.24 7.175
3 16 37.934 32.262 2.058 37.035 32.401 2.486 37.833 32.49 2.016
3 16 37.833 32.49 2.016 37.035 32.401 2.486 37.065 32.547 2.591
3 16 36.504 32.127 3.599 37.065 32.547 2.591 37.035 32.401 2.486
3 16 37.833 32.49 2.016 38.457 32.096 2.509 37.934 32.262 2.058
3 16 38.783 31.934 3.176 38.457 32.096 2.509 38.86 32.085 3.263
3 16 38.86 32.085 3.263 38.346 31.461 4.938 38.783 31.934 3.176
3 16 38.86 32.085 3.263 38.457 32.096 2.509 38.483 32.296 2.526
3 16 38.483 32.296 2.526 38.457 32.096 2.509 37.833 32.49 2.016
3 16 38.766 32.895 1.831 39.38 32.94 2.442 38.483 32.296 2.526
3 16 38.483 32.296 2.526 39.38 32.94 2.442 38.86 32.085 3.263
3 16 38.766 32.895 1.831 38.714 34.305 2.153 39.38 32.94 2.442
3 16 39.38 32.94 2.442 38.714 34.305 2.153 39.436 34.118 2.559
3 16 38.714 34.305 2.153 38.309 36.162 3.19 39.436 34.118 2.559
3 16 38.309 36.162 3.19 38.714 34.305 2.153 37.243 35.858 2.839
4 16 37.243 35.858 2.839 36.916 37.103 3.829 37.785 37.765 4.466 38.309 36.162 3.19
3 16 37.243 35.858 2.839 38.714 34.305 2.153 37.614 34.322 2.017
4 16 38.423 38.018 5.271 38.95 36.248 3.835 38.309 36.162 3.19 37.785 37.765 4.466
3 16 39.436 34.118 2.559 38.309 36.162 3.19 38.95 36.248 3.835
3 16 36.916 37.103 3.829 36.237 37.872 5.039 37.785 37.765 4.466
3 16 37.785 37.765 4.466 36.237 37.872 5.039 37.007 38.621 5.888
3 16 37.785 37.765 4.466 37.007 38.621 5.888 38.423 38.018 5.271
3 16 38.423 38.018 5.271 37.007 38.621 5.888 37.706 38.789 6.619
3 16 37.833 32.49 2.016 38.766 32.895 1.831 38.483 32.296 2.526
3 16 37.782 32.994 1.68 38.766 32.895 1.831 37.833 32.49 2.016
3 16 37.614 34.322 2.017 38.714 34.305 2.153 37.782 32.994 1.68
3 16 37.782 32.994 1.68 38.714 34.305 2.153 38.766 32.895 1.831
3 16 26.464 49.075 18.385 25.289 49.594 17.549 25.08 48.341 18.835
3 16 25.08 48.341 18.835 25.289 49.594 17.549 24.204 48.974 18.04
3 16 24.204 48.974 18.04 22.497 47.635 18.658 25.08 48.341 18.835
3 16 25.08 48.341 18.835 22.497 47.635 18.658 23.194 46.72 19.559
3 16 21.259 46.434 19.302 23.194 46.72 19.559 22.497 47.635 18.658
3 16 21.955 45.659 19.977 23.194 46.72 19.559 21.259 46.434 19.302
3 16 20.654 45.373 20.02 21.955 45.659 19.977 21.259 46.434 19.302
3 16 20.349 44.479 20.462 21.955 45.659 19.977 20.654 45.373 20.02
3 16 25.289 49.594 17.549 26.464 49.075 18.385 26.869 50.139 17.057
3 16 26.869 50.139 17.057 25.797 49.81 17.068 25.289 49.594 17.549
3 16 25.797 49.81 17.068 26.869 50.139 17.057 25.834 49.829 16.246
3 16 25.834 49.829 16.246 26.869 50.139 17.057 26.872 50.136 16.089
3 16 26.872 50.136 16.089 27.006 49.979 15.335 25.834 49.829 16.246
3 16 25.834 49.829 16.246 27.006 49.979 15.335 25.358 49.473 15.572
3 16 25.358 49.473 15.572 27.006 49.979 15.335 25.847 48.969 14.658
3 16 24.809 48.26 14.78 25.358 49.473 15.572 25.847 48.969 14.658
3 16 24.442 48.73 15.32 25.358 49.473 15.572 24.809 48.26 14.78
3 16 24.809 48.26 14.78 23.838 47.847 15.083 24.442 48.73 15.32
3 16 24.165 47.587 14.848 23.838 47.847 15.083 24.809 48.26 14.78
3 16 24.165 47.587 14.848 23.641 46.999 14.876 23.838 47.847 15.083
3 16 23.838 47.847 15.083 23.641 46.999 14.876 23.137 46.872 14.977
3 16 25.847 48.969 14.658 27.006 49.979 15.335 27.239 49.27 14.59
3 16 27.006 49.979 15.335 28.106 50.08 15.21 27.239 49.27 14.59
3 16 27.239 49.27 14.59 28.106 50.08 15.21 28.02 49.208 14.525
3 16 28.106 50.08 15.21 27.006 49.979 15.335 27.999 50.209 15.919
3 16 27.999 50.209 15.919 27.006 49.979 15.335 26.872 50.136 16.089
3 16 27.999 50.209 15.919 26.872 50.136 16.089 27.783 50.177 16.805
3 16 27.783 50.177 16.805 26.872 50.136 16.089 26.869 50.139 17.057
3 16 27.783 50.177 16.805 26.869 50.139 17.057 27.951 49.931 17.405
4 16 26.464 49.075 18.385 27.598 49.398 18.062 27.951 49.931 17.405 26.869 50.139 17.057
3 16 22.119 49.14 19.809 22.497 47.635 18.658 23.788 49.22 18.087
3 16 22.119 49.14 19.809 20.674 47.365 20.203 22.497 47.635 18.658
3 16 22.497 47.635 18.658 20.674 47.365 20.203 21.259 46.434 19.302
3 16 20.674 47.365 20.203 20.364 45.643 19.976 21.259 46.434 19.302
3 16 19.894 46.253 20.419 20.364 45.643 19.976 20.674 47.365 20.203
3 16 19.894 46.253 20.419 19.731 45.629 20.494 20.364 45.643 19.976
3 16 23.788 49.22 18.087 23.725 50.888 19.296 22.119 49.14 19.809
3 16 25.07 50.111 17.436 23.725 50.888 19.296 23.788 49.22 18.087
3 16 25.07 50.111 17.436 24.368 51.416 18.489 23.725 50.888 19.296
3 16 25.346 50.378 16.8 24.368 51.416 18.489 25.07 50.111 17.436
3 16 20.364 45.643 19.976 19.731 45.629 20.494 19.781 44.992 20.509
3 16 25.289 49.594 17.549 25.07 50.111 17.436 24.204 48.974 18.04
3 16 24.204 48.974 18.04 25.07 50.111 17.436 23.788 49.22 18.087
3 16 23.788 49.22 18.087 22.497 47.635 18.658 24.204 48.974 18.04
3 16 25.289 49.594 17.549 25.797 49.81 17.068 25.07 50.111 17.436
3 16 25.07 50.111 17.436 25.797 49.81 17.068 25.346 50.378 16.8
3 16 25.346 50.378 16.8 25.797 49.81 17.068 25.834 49.829 16.246
3 16 25.834 49.829 16.246 25.272 50.143 16.173 25.346 50.378 16.8
3 16 25.272 50.143 16.173 25.834 49.829 16.246 25.358 49.473 15.572
3 16 25.358 49.473 15.572 25.04 49.582 15.737 25.272 50.143 16.173
3 16 25.358 49.473 15.572 24.442 48.73 15.32 25.04 49.582 15.737
3 16 16.841 45.092 20.87 19.781 44.992 20.509 19.731 45.629 20.494
3 16 19.731 45.629 20.494 18.01 47.033 20.472 16.841 45.092 20.87
3 16 16.088 48.068 20.196 16.841 45.092 20.87 18.01 47.033 20.472
3 16 14.673 46.797 20.503 16.841 45.092 20.87 16.088 48.068 20.196
3 16 19.894 46.253 20.419 18.01 47.033 20.472 19.731 45.629 20.494
4 16 19.434 48.27 20.167 17.708 49.399 19.85 16.088 48.068 20.196 18.01 47.033 20.472
3 16 19.894 46.253 20.419 19.434 48.27 20.167 18.01 47.033 20.472
4 16 20.932 49.844 19.68 19.485 50.668 19.442 17.708 49.399 19.85 19.434 48.27 20.167
3 16 20.674 47.365 20.203 20.932 49.844 19.68 19.434 48.27 20.167
3 16 20.674 47.365 20.203 19.434 48.27 20.167 19.894 46.253 20.419
3 16 22.119 49.14 19.809 20.932 49.844 19.68 20.674 47.365 20.203
3 16 22.119 49.14 19.809 22.5 51.345 19.12 20.932 49.844 19.68
3 16 23.725 50.888 19.296 22.5 51.345 19.12 22.119 49.14 19.809
3 16 22.5 51.345 19.12 21.263 51.588 19.102 20.932 49.844 19.68
3 16 20.932 49.844 19.68 21.263 51.588 19.102 19.485 50.668 19.442
3 16 28.572 48.95 14.473 28.02 49.208 14.525 28.106 50.08 15.21
3 16 28.106 50.08 15.21 29.104 49.614 15.182 28.572 48.95 14.473
3 16 28.572 48.95 14.473 29.104 49.614 15.182 29.636 48.584 15.577
3 16 29.636 48.584 15.577 28.75 48.505 14.552 28.572 48.95 14.473
3 16 29.104 49.614 15.182 28.106 50.08 15.21 27.999 50.209 15.919
3 16 27.999 50.209 15.919 28.975 49.642 16.233 29.104 49.614 15.182
4 16 28.975 49.642 16.233 29.41 48.694 17.021 29.636 48.584 15.577 29.104 49.614 15.182
3 16 28.975 49.642 16.233 28.705 49.361 17.42 29.41 48.694 17.021
3 16 28.705 49.361 17.42 28.51 48.563 17.981 29.41 48.694 17.021
3 16 28.226 49.03 18.022 28.51 48.563 17.981 28.705 49.361 17.42
3 16 28.705 49.361 17.42 27.951 49.931 17.405 28.226 49.03 18.022
3 16 28.226 49.03 18.022 27.951 49.931 17.405 27.598 49.398 18.062
3 16 28.975 49.642 16.233 27.999 50.209 15.919 27.783 50.177 16.805
3 16 27.951 49.931 17.405 28.705 49.361 17.42 27.783 50.177 16.805
3 16 27.783 50.177 16.805 28.705 49.361 17.42 28.975 49.642 16.233
3 16 -18.409 18.331 .924 -18.22 17.227 -2.19 -18.769 16.535 .223
3 16 -18.111 17.475 5.185 -18.409 18.331 .924 -18.769 16.535 .223
3 16 -18.198 19.217 3.757 -18.409 18.331 .924 -18.111 17.475 5.185
3 16 -18.111 17.475 5.185 -18.769 16.535 .223 -18.284 14.258 4.232
3 16 -18.111 17.475 5.185 -17.281 20.316 8.088 -18.198 19.217 3.757
4 16 -17.244 14.535 7.725 -16.611 18.971 10.244 -17.281 20.316 8.088 -18.111 17.475 5.185
3 16 -17.281 20.316 8.088 -16.611 18.971 10.244 -15.833 21.638 11.44
3 16 -15.833 21.638 11.44 -16.611 18.971 10.244 -15.395 20.963 12.673
3 16 -16.611 18.971 10.244 -15.839 17.598 11.764 -15.395 20.963 12.673
3 16 -16.611 18.971 10.244 -16.746 13.973 9.39 -15.839 17.598 11.764
3 16 -17.244 14.535 7.725 -16.746 13.973 9.39 -16.611 18.971 10.244
3 16 -15.395 20.963 12.673 -15.839 17.598 11.764 -14.647 20.175 13.737
4 16 -13.722 23.372 14.646 -13.907 24.026 13.915 -15.833 21.638 11.44 -15.395 20.963 12.673
3 16 -14.647 20.175 13.737 -13.722 23.372 14.646 -15.395 20.963 12.673
3 16 -11.52 28.36 15.954 -13.907 24.026 13.915 -13.722 23.372 14.646
3 16 -13.305 22.665 15.238 -13.722 23.372 14.646 -14.647 20.175 13.737
3 16 -11.52 28.36 15.954 -13.722 23.372 14.646 -10.59 27.634 17.301
3 16 -10.59 27.634 17.301 -13.722 23.372 14.646 -13.305 22.665 15.238
3 16 -7.687 32.278 18.312 -11.52 28.36 15.954 -10.59 27.634 17.301
3 16 -8.807 33.4 17.045 -11.52 28.36 15.954 -7.687 32.278 18.312
3 16 -4.825 36.284 18.984 -8.807 33.4 17.045 -7.687 32.278 18.312
3 16 -6.305 37.355 17.638 -8.807 33.4 17.045 -4.825 36.284 18.984
3 16 -4.825 36.284 18.984 -2.386 40.298 19.601 -6.305 37.355 17.638
3 16 -6.305 37.355 17.638 -2.386 40.298 19.601 -3.713 41.509 18.071
3 16 1.6 45.85 20.009 -3.713 41.509 18.071 -2.386 40.298 19.601
3 16 .179 46.942 18.415 -3.713 41.509 18.071 1.6 45.85 20.009
4 16 5.129 49.631 20.048 3.649 50.575 18.517 .179 46.942 18.415 1.6 45.85 20.009
3 16 3.649 50.575 18.517 5.129 49.631 20.048 6.202 53.009 18.598
3 16 6.202 53.009 18.598 5.129 49.631 20.048 7.437 51.906 19.76
3 16 7.437 51.906 19.76 8.443 54.603 18.851 6.202 53.009 18.598
3 16 9.12 53.362 19.517 8.443 54.603 18.851 7.437 51.906 19.76
3 16 10.398 54.001 19.422 8.443 54.603 18.851 9.12 53.362 19.517
3 16 10.833 55.62 17.754 8.443 54.603 18.851 10.398 54.001 19.422
4 16 10.398 54.001 19.422 11.393 53.878 18.731 12.242 54.433 17.6 10.833 55.62 17.754
3 16 11.916 53.408 18.215 12.242 54.433 17.6 11.393 53.878 18.731
3 16 12.574 53.792 17.446 12.242 54.433 17.6 11.916 53.408 18.215
3 16 -18.881 14.833 -1.1 -18.602 14.149 -3.206 -18.877 12.738 -2.153
3 16 -18.877 12.738 -2.153 -19.056 12.117 -1.698 -18.881 14.833 -1.1
3 16 -18.881 14.833 -1.1 -19.056 12.117 -1.698 -19.284 11.418 -1.17
3 16 11.336 52.136 20.146 10.497 52.228 18.738 9.501 50.562 20.632
3 16 9.501 50.562 20.632 10.497 52.228 18.738 8.71 50.838 19.264
3 16 8.71 50.838 19.264 7.125 48.324 20.804 9.501 50.562 20.632
3 16 6.332 48.732 19.627 7.125 48.324 20.804 8.71 50.838 19.264
3 16 6.332 48.732 19.627 3.572 44.46 20.773 7.125 48.324 20.804
3 16 2.892 44.917 19.474 3.572 44.46 20.773 6.332 48.732 19.627
3 16 2.892 44.917 19.474 -.815 39.074 20.37 3.572 44.46 20.773
3 16 -1.415 39.558 19.515 -.815 39.074 20.37 2.892 44.917 19.474
3 16 -1.415 39.558 19.515 -3.27 37.144 19.347 -.815 39.074 20.37
3 16 -.815 39.074 20.37 -3.27 37.144 19.347 -4.118 35.27 19.505
3 16 10.497 52.228 18.738 11.336 52.136 20.146 11.916 53.408 18.215
3 16 11.916 53.408 18.215 11.336 52.136 20.146 13.007 53.618 19.65
3 16 11.916 53.408 18.215 13.007 53.618 19.65 12.574 53.792 17.446
3 16 12.574 53.792 17.446 13.007 53.618 19.65 14.258 54.292 19.249
3 16 14.472 54.526 17.82 12.574 53.792 17.446 14.258 54.292 19.249
3 16 14.304 54.295 17.055 12.574 53.792 17.446 14.472 54.526 17.82
3 16 12.574 53.792 17.446 14.304 54.295 17.055 13.668 53.226 16.167
3 16 12.574 53.792 17.446 13.668 53.226 16.167 12.106 52.992 16.733
3 16 12.106 52.992 16.733 13.668 53.226 16.167 12.835 52.271 16.033
3 16 12.106 52.992 16.733 12.835 52.271 16.033 11.143 51.607 16.513
3 16 11.143 51.607 16.513 12.835 52.271 16.033 11.914 51.206 15.993
3 16 10.243 48.892 15.798 11.143 51.607 16.513 11.914 51.206 15.993
3 16 9.459 49.291 16.234 11.143 51.607 16.513 10.243 48.892 15.798
3 16 10.243 48.892 15.798 8.285 46.446 15.664 9.459 49.291 16.234
3 16 9.459 49.291 16.234 8.285 46.446 15.664 7.673 46.739 15.955
3 16 5.114 43.252 15.554 7.673 46.739 15.955 8.285 46.446 15.664
3 16 13.668 53.226 16.167 14.304 54.295 17.055 14.92 54.062 16.563
3 16 9.929 52.72 19.186 9.12 53.362 19.517 8.168 51.289 19.433
3 16 8.168 51.289 19.433 9.12 53.362 19.517 7.437 51.906 19.76
3 16 7.437 51.906 19.76 5.835 49.091 19.69 8.168 51.289 19.433
3 16 5.129 49.631 20.048 5.835 49.091 19.69 7.437 51.906 19.76
3 16 5.129 49.631 20.048 2.339 45.317 19.714 5.835 49.091 19.69
3 16 1.6 45.85 20.009 2.339 45.317 19.714 5.129 49.631 20.048
3 16 1.6 45.85 20.009 -2.386 40.298 19.601 2.339 45.317 19.714
3 16 2.339 45.317 19.714 -2.386 40.298 19.601 -1.812 39.868 19.515
3 16 -1.812 39.868 19.515 -2.386 40.298 19.601 -3.902 36.925 19.173
3 16 -3.902 36.925 19.173 -2.386 40.298 19.601 -4.825 36.284 18.984
3 16 9.929 52.72 19.186 10.398 54.001 19.422 9.12 53.362 19.517
3 16 11.393 53.878 18.731 10.398 54.001 19.422 9.929 52.72 19.186
3 16 -3.27 37.144 19.347 -1.812 39.868 19.515 -3.902 36.925 19.173
3 16 -1.415 39.558 19.515 -1.812 39.868 19.515 -3.27 37.144 19.347
3 16 -1.812 39.868 19.515 -1.415 39.558 19.515 2.339 45.317 19.714
3 16 2.339 45.317 19.714 -1.415 39.558 19.515 2.892 44.917 19.474
3 16 2.339 45.317 19.714 2.892 44.917 19.474 5.835 49.091 19.69
3 16 5.835 49.091 19.69 2.892 44.917 19.474 6.332 48.732 19.627
3 16 5.835 49.091 19.69 6.332 48.732 19.627 8.168 51.289 19.433
3 16 8.168 51.289 19.433 6.332 48.732 19.627 8.71 50.838 19.264
3 16 8.71 50.838 19.264 9.929 52.72 19.186 8.168 51.289 19.433
3 16 10.497 52.228 18.738 9.929 52.72 19.186 8.71 50.838 19.264
3 16 10.497 52.228 18.738 11.393 53.878 18.731 9.929 52.72 19.186
3 16 11.916 53.408 18.215 11.393 53.878 18.731 10.497 52.228 18.738
3 16 24.442 48.73 15.32 24.465 49.985 15.328 25.04 49.582 15.737
3 16 25.044 50.467 15.883 25.272 50.143 16.173 25.04 49.582 15.737
3 16 24.465 49.985 15.328 25.044 50.467 15.883 25.04 49.582 15.737
3 16 24.624 50.919 15.476 25.044 50.467 15.883 24.465 49.985 15.328
3 16 24.368 51.416 18.489 22.807 51.862 18.701 23.725 50.888 19.296
3 16 23.725 50.888 19.296 22.807 51.862 18.701 22.5 51.345 19.12
3 16 22.5 51.345 19.12 22.807 51.862 18.701 21.263 51.588 19.102
3 16 21.263 51.588 19.102 22.807 51.862 18.701 21.4 52.373 18.402
3 16 22.493 52.459 17.834 22.807 51.862 18.701 24.422 51.801 17.648
3 16 24.422 51.801 17.648 22.807 51.862 18.701 24.368 51.416 18.489
3 16 25.346 50.378 16.8 24.422 51.801 17.648 24.368 51.416 18.489
3 16 25.074 51.249 16.724 24.422 51.801 17.648 25.346 50.378 16.8
3 16 25.074 51.249 16.724 25.346 50.378 16.8 25.044 50.467 15.883
3 16 25.044 50.467 15.883 25.346 50.378 16.8 25.272 50.143 16.173
3 16 25.044 50.467 15.883 24.624 50.919 15.476 25.074 51.249 16.724
3 16 25.074 51.249 16.724 24.624 50.919 15.476 24.412 51.773 16.02
3 16 25.074 51.249 16.724 24.412 51.773 16.02 24.422 51.801 17.648
3 16 24.624 50.919 15.476 23.649 51.812 15.278 24.412 51.773 16.02
3 16 24.412 51.773 16.02 23.649 51.812 15.278 23.652 52.113 16.218
3 16 24.422 51.801 17.648 24.412 51.773 16.02 23.652 52.113 16.218
3 16 23.652 52.113 16.218 22.493 52.459 17.834 24.422 51.801 17.648
3 16 21.828 52.465 15.622 23.652 52.113 16.218 23.649 51.812 15.278
3 16 22.058 52.536 16.406 23.652 52.113 16.218 21.828 52.465 15.622
3 16 22.058 52.536 16.406 22.493 52.459 17.834 23.652 52.113 16.218
3 16 22.807 51.862 18.701 22.493 52.459 17.834 21.4 52.373 18.402
3 16 21.4 52.373 18.402 22.493 52.459 17.834 20.732 52.657 17.555
3 16 22.493 52.459 17.834 22.058 52.536 16.406 20.732 52.657 17.555
3 16 21.828 52.465 15.622 20.702 52.58 16.387 22.058 52.536 16.406
3 16 22.058 52.536 16.406 20.702 52.58 16.387 20.544 52.614 17.071
3 16 20.732 52.657 17.555 22.058 52.536 16.406 20.544 52.614 17.071
3 16 18.816 41.232 15.408 20.31 41.364 15.318 20.128 40.375 15.068
3 16 18.713 52.9 18.576 17.868 53.857 18.535 18.191 52.553 19.39
3 16 18.191 52.553 19.39 17.868 53.857 18.535 16.91 53.792 19.302
3 16 18.713 52.9 18.576 18.682 53.115 17.863 17.868 53.857 18.535
3 16 17.868 53.857 18.535 18.682 53.115 17.863 18.116 53.859 17.682
3 16 18.442 53.056 17.289 18.116 53.859 17.682 18.682 53.115 17.863
3 16 17.998 53.568 16.986 18.116 53.859 17.682 18.442 53.056 17.289
3 16 18.116 53.859 17.682 17.998 53.568 16.986 17.17 54.128 17.56
3 16 17.17 54.128 17.56 17.998 53.568 16.986 17.049 53.957 16.768
3 16 17.17 54.128 17.56 17.049 53.957 16.768 16.045 54.381 17.524
3 16 16.045 54.381 17.524 17.049 53.957 16.768 16.01 54.091 16.694
3 16 16.045 54.381 17.524 16.01 54.091 16.694 15.158 54.507 17.538
3 16 15.158 54.507 17.538 16.01 54.091 16.694 14.92 54.062 16.563
3 16 14.304 54.295 17.055 15.158 54.507 17.538 14.92 54.062 16.563
3 16 14.472 54.526 17.82 15.158 54.507 17.538 14.304 54.295 17.055
3 16 14.472 54.526 17.82 15.285 54.501 18.461 15.158 54.507 17.538
3 16 15.158 54.507 17.538 15.285 54.501 18.461 16.045 54.381 17.524
3 16 16.273 54.338 18.378 15.285 54.501 18.461 16.91 53.792 19.302
3 16 16.045 54.381 17.524 15.285 54.501 18.461 16.273 54.338 18.378
3 16 16.045 54.381 17.524 16.273 54.338 18.378 17.17 54.128 17.56
3 16 16.91 53.792 19.302 15.285 54.501 18.461 14.258 54.292 19.249
3 16 14.258 54.292 19.249 15.285 54.501 18.461 14.472 54.526 17.82
3 16 16.273 54.338 18.378 16.91 53.792 19.302 17.114 54.075 18.32
4 16 17.868 53.857 18.535 18.116 53.859 17.682 17.17 54.128 17.56 17.114 54.075 18.32
3 16 17.17 54.128 17.56 16.273 54.338 18.378 17.114 54.075 18.32
3 16 17.114 54.075 18.32 16.91 53.792 19.302 17.868 53.857 18.535
4 16 8.598 42.603 15.444 3.751 37.045 15.112 1.557 38.707 15.256 5.114 43.252 15.554
3 16 3.751 37.045 15.112 .129 32.936 14.641 1.557 38.707 15.256
3 16 1.557 38.707 15.256 .129 32.936 14.641 -1.786 34.626 14.659
3 16 .129 32.936 14.641 -3.734 32.023 14.159 -1.786 34.626 14.659
3 16 -1.865 30.568 14.21 -3.734 32.023 14.159 .129 32.936 14.641
4 16 -4.599 26.721 13.304 -6.272 28.234 13.305 -3.734 32.023 14.159 -1.865 30.568 14.21
3 16 -6.272 28.234 13.305 -4.599 26.721 13.304 -8.344 24.353 11.588
3 16 -8.344 24.353 11.588 -4.599 26.721 13.304 -7.107 23.156 11.746
3 16 8.598 42.603 15.444 6.379 35.577 14.739 3.751 37.045 15.112
3 16 10.681 41.141 15.423 6.379 35.577 14.739 8.598 42.603 15.444
4 16 6.071 29.335 13.752 6.379 35.577 14.739 10.681 41.141 15.423 8.98 34.137 14.371
3 16 13.55 39.072 15.271 8.98 34.137 14.371 10.681 41.141 15.423
3 16 8.98 34.137 14.371 13.55 39.072 15.271 12.801 32.71 13.909
3 16 12.801 32.71 13.909 13.55 39.072 15.271 16.896 36.842 14.76
3 16 12.801 32.71 13.909 16.896 36.842 14.76 16.006 31.188 12.921
3 16 -1.865 30.568 14.21 .129 32.936 14.641 .716 28.663 13.933
3 16 .716 28.663 13.933 -4.599 26.721 13.304 -1.865 30.568 14.21
3 16 .716 28.663 13.933 .129 32.936 14.641 2.966 31.177 14.204
4 16 .129 32.936 14.641 3.751 37.045 15.112 6.379 35.577 14.739 2.966 31.177 14.204
3 16 -2.584 24.829 13.307 -4.599 26.721 13.304 .716 28.663 13.933
3 16 -2.584 24.829 13.307 -7.107 23.156 11.746 -4.599 26.721 13.304
3 16 6.379 35.577 14.739 6.071 29.335 13.752 2.966 31.177 14.204
4 16 6.071 29.335 13.752 8.98 34.137 14.371 12.801 32.71 13.909 9.093 27.492 13.267
3 16 .716 28.663 13.933 2.356 22.488 13.357 -2.584 24.829 13.307
3 16 4.38 26.141 13.496 2.356 22.488 13.357 .716 28.663 13.933
3 16 .716 28.663 13.933 2.966 31.177 14.204 4.38 26.141 13.496
3 16 4.38 26.141 13.496 2.966 31.177 14.204 6.071 29.335 13.752
3 16 9.093 27.492 13.267 4.38 26.141 13.496 6.071 29.335 13.752
3 16 2.356 22.488 13.357 4.38 26.141 13.496 7.356 21.482 12.383
3 16 7.356 21.482 12.383 4.38 26.141 13.496 8.112 24.365 12.818
3 16 8.112 24.365 12.818 4.38 26.141 13.496 9.093 27.492 13.267
3 16 8.112 24.365 12.818 11.393 23.396 11.017 7.356 21.482 12.383
3 16 7.356 21.482 12.383 11.393 23.396 11.017 10.561 20.693 9.956
3 16 14.296 22.849 8.773 10.561 20.693 9.956 11.393 23.396 11.017
3 16 11.393 23.396 11.017 12.703 26.263 11.768 14.296 22.849 8.773
3 16 9.093 27.492 13.267 12.703 26.263 11.768 8.112 24.365 12.818
3 16 8.112 24.365 12.818 12.703 26.263 11.768 11.393 23.396 11.017
3 16 14.296 22.849 8.773 12.703 26.263 11.768 16.034 26.321 10.5
3 16 9.093 27.492 13.267 12.801 32.71 13.909 12.703 26.263 11.768
3 16 12.703 26.263 11.768 12.801 32.71 13.909 16.006 31.188 12.921
3 16 16.006 31.188 12.921 17.922 29.985 11.952 12.703 26.263 11.768
3 16 17.922 29.985 11.952 18.022 29.292 11.619 12.703 26.263 11.768
3 16 18.022 29.292 11.619 16.034 26.321 10.5 12.703 26.263 11.768
3 16 2.757 .214 16.062 1.568 -1.16 16.149 2.692 -1.71 15.508
3 16 3.581 -.915 15.75 2.757 .214 16.062 2.692 -1.71 15.508
4 16 17.587 6.548 -.765 17.297 7.693 -1.618 17.742 8.056 .656 17.729 6.7 0
3 16 17.297 7.693 -1.618 17.587 6.548 -.765 17.462 6.114 -1.414
3 16 17.462 6.114 -1.414 17.108 5.759 -2.755 17.297 7.693 -1.618
5 24 17.462 6.114 -1.414 17.297 7.693 -1.618 17.108 5.759 -2.755 17.587 6.548 -.765
3 16 17.108 5.759 -2.755 17.462 6.114 -1.414 17.393 5.465 -1.848
3 16 17.293 3.935 -1.848 16.168 .367 -3.594 15.943 1.921 -4.622
3 16 17.108 5.759 -2.755 17.326 4.7 -2 17.293 3.935 -1.848
3 16 17.293 3.935 -1.848 15.943 1.921 -4.622 17.108 5.759 -2.755
5 24 17.293 3.935 -1.848 17.108 5.759 -2.755 17.326 4.7 -2 15.943 1.921 -4.622
3 16 17.326 4.7 -2 17.108 5.759 -2.755 17.393 5.465 -1.848
3 16 16.168 .367 -3.594 17.293 3.935 -1.848 17.257 3.286 -1.414
3 16 16.168 .367 -3.594 17.257 3.286 -1.414 16.115 -.537 -2.192
3 16 16.115 -.537 -2.192 17.257 3.286 -1.414 17.243 2.852 -.765
3 16 16.115 -.537 -2.192 17.243 2.852 -.765 17.308 2.7 0
3 16 16.115 -.537 -2.192 17.308 2.7 0 15.909 -1.159 -.653
3 16 15.909 -1.159 -.653 17.308 2.7 0 17.394 2.852 .765
3 16 15.909 -1.159 -.653 17.394 2.852 .765 16.943 2.185 2.366
3 16 16.943 2.185 2.366 15.515 -1.227 .955 15.909 -1.159 -.653
3 16 16.943 2.185 2.366 17.394 2.852 .765 17.437 3.286 1.414
3 16 16.943 2.185 2.366 17.437 3.286 1.414 17.504 3.935 1.848
3 16 16.943 2.185 2.366 17.504 3.935 1.848 17.399 4.444 3.094
3 16 17.399 4.444 3.094 17.504 3.935 1.848 17.598 4.7 2
3 16 17.399 4.444 3.094 17.598 4.7 2 17.725 5.465 1.848
3 16 17.525 6.398 3.699 17.399 4.444 3.094 17.725 5.465 1.848
3 16 17.725 5.465 1.848 17.867 7.555 2.276 17.525 6.398 3.699
5 24 17.725 5.465 1.848 17.525 6.398 3.699 17.867 7.555 2.276 17.399 4.444 3.094
3 16 17.867 7.555 2.276 17.725 5.465 1.848 17.77 6.114 1.414
3 16 17.867 7.555 2.276 17.77 6.114 1.414 17.757 6.548 .765
3 16 17.757 6.548 .765 17.742 8.056 .656 17.867 7.555 2.276
3 16 17.742 8.056 .656 17.757 6.548 .765 17.729 6.7 0

2 24 -6.73 -5.024 10.076 -4.325 -6.665 9.338
2 24 -4.325 -6.665 9.338 -4.489 -4.443 11.459
2 24 -7.254 -3.459 11.34 -6.73 -5.024 10.076
2 24 -4.489 -4.443 11.459 -5.031 -2.122 13.002
2 24 -7.644 -1.648 12.675 -7.254 -3.459 11.34
2 24 -5.031 -2.122 13.002 -6.544 1.583 14.481
2 24 -8.589 1.41 14.032 -7.644 -1.648 12.675
2 24 -6.544 1.583 14.481 -8.255 5.228 15.166
2 24 -9.966 4.768 14.754 -8.589 1.41 14.032
2 24 -8.255 5.228 15.166 -9.168 9.037 15.461
2 24 -11.151 8.891 14.954 -9.966 4.768 14.754
2 24 -9.168 9.037 15.461 -9.503 13.12 15.584
2 24 -10.901 13.525 15.259 -11.151 8.891 14.954
2 24 -9.902 15.741 15.504 -10.901 13.525 15.259
2 24 -9.503 13.12 15.584 -9.183 15.875 15.833
2 24 -8.56 19.091 16.207 -9.902 15.741 15.504
2 24 -9.183 15.875 15.833 -8.56 19.091 16.207
2 24 -4.325 -6.665 9.338 -3.161 -5.85 11.49
2 24 -3.161 -5.85 11.49 -3.268 -4.721 12.853
2 24 -3.268 -4.721 12.853 -3.806 -2.556 14.685
2 24 -3.806 -2.556 14.685 -5.574 1.419 16.407
2 24 -5.574 1.419 16.407 -7.299 5.264 17.152
2 24 -7.299 5.264 17.152 -8.233 8.999 17.367
2 24 -8.233 8.999 17.367 -8.475 12.889 17.5
2 24 -8.475 12.889 17.5 -8.312 15.184 17.678
2 24 -8.312 15.184 17.678 -7.743 17.56 18.135
2 24 -7.743 17.56 18.135 -4.819 23.159 19.46
2 24 -5.619 24.24 18.2 -8.56 19.091 16.207
2 24 -1.68 29.766 19.653 -5.619 24.24 18.2
2 24 -4.819 23.159 19.46 -.71 29.363 20.589
2 24 2.993 35.688 20.542 -1.68 29.766 19.653
2 24 -.71 29.363 20.589 3.596 34.847 21.195
2 24 3.596 34.847 21.195 8.159 40.375 21.183
2 24 7.597 41.159 20.59 2.993 35.688 20.542
2 24 8.159 40.375 21.183 12.195 44.559 20.913
2 24 11.385 45.171 20.251 7.597 41.159 20.59
2 24 13.469 47.173 19.484 11.385 45.171 20.251
2 24 12.195 44.559 20.913 14.673 46.797 20.503
2 24 15.336 48.855 18.994 13.469 47.173 19.484
2 24 14.673 46.797 20.503 16.088 48.068 20.196
2 24 16.088 48.068 20.196 17.708 49.399 19.85
2 24 16.978 50.196 18.845 15.336 48.855 18.994
2 24 18.106 51.074 18.376 16.978 50.196 18.845
2 24 17.708 49.399 19.85 19.485 50.668 19.442
2 24 18.946 51.753 17.837 18.106 51.074 18.376
2 24 19.485 50.668 19.442 21.263 51.588 19.102
2 24 21.4 52.373 18.402 20.732 52.657 17.555
2 24 20.732 52.657 17.555 20.544 52.614 17.071
2 24 20.544 52.614 17.071 20.702 52.58 16.387
2 24 20.826 52.093 15.534 19.521 50.21 15.658
2 24 18.051 50.505 16.869 18.719 51.588 17.343
2 24 19.521 50.21 15.658 18.293 48.596 15.796
2 24 17.223 49.154 16.427 18.051 50.505 16.869
2 24 18.293 48.596 15.796 17.196 47.429 15.884
2 24 16.539 47.973 16.139 17.223 49.154 16.427
2 24 16.169 47.25 16.005 16.539 47.973 16.139
2 24 17.196 47.429 15.884 16.169 47.25 16.005
2 24 20.702 52.58 16.387 21.828 52.465 15.622
2 24 21.828 52.465 15.622 20.826 52.093 15.534
2 24 18.719 51.588 17.343 18.872 51.789 17.613
2 24 18.872 51.789 17.613 18.946 51.753 17.837
2 24 -10.399 19.003 16.453 -11.641 16.799 15.372
2 24 -10.126 16.547 15.311 -8.56 19.091 16.207
2 24 -11.466 14.546 14.532 -10.126 16.547 15.311
2 24 -11.641 16.799 15.372 -12.589 15.236 14.522
2 24 -12.589 15.236 14.522 -13.907 11.694 12.548
2 24 -12.736 10.855 12.724 -11.466 14.546 14.532
2 24 -13.907 11.694 12.548 -14.736 7.664 10.236
2 24 -13.456 7.129 10.682 -12.736 10.855 12.724
2 24 -14.736 7.664 10.236 -14.691 3.445 8.289
2 24 -13.42 3.226 8.819 -13.456 7.129 10.682
2 24 -12.293 -.534 7.272 -13.42 3.226 8.819
2 24 -14.691 3.445 8.289 -13.346 -1.013 6.473
2 24 -10.611 -3.256 6.388 -12.293 -.534 7.272
2 24 -13.346 -1.013 6.473 -11.503 -4.047 5.568
2 24 -8.207 -5.433 5.612 -10.611 -3.256 6.388
2 24 -11.503 -4.047 5.568 -8.956 -6.608 4.635
2 24 -5.622 -7.03 4.99 -8.207 -5.433 5.612
2 24 -8.956 -6.608 4.635 -5.808 -8.292 4.115
2 24 -5.808 -8.292 4.115 -2.64 -9.426 3.835
2 24 -.749 -8.27 4.691 -5.622 -7.03 4.99
2 24 -2.64 -9.426 3.835 .645 -9.443 3.745
2 24 2.914 -8.035 4.619 -.749 -8.27 4.691
2 24 2.25 -8.709 4 2.914 -8.035 4.619
2 24 .645 -9.443 3.745 2.25 -8.709 4
2 24 -12.561 10.024 13.856 -10.901 13.525 15.259
2 24 -13.285 6.222 12.042 -12.561 10.024 13.856
2 24 -13.097 2.338 10.376 -13.285 6.222 12.042
2 24 -12.073 -1.195 9.215 -13.097 2.338 10.376
2 24 -10.518 -3.719 8.264 -12.073 -1.195 9.215
2 24 -8.187 -5.893 7.469 -10.518 -3.719 8.264
2 24 -5.19 -7.575 6.577 -8.187 -5.893 7.469
2 24 -.754 -8.674 6.103 -5.19 -7.575 6.577
2 24 1.991 -8.513 6.078 -.754 -8.674 6.103
2 24 2.819 -8.33 6.228 1.991 -8.513 6.078
2 24 2.914 -8.035 4.619 3.359 -7.946 4.953
2 24 3.359 -7.946 4.953 3.864 -7.789 5.543
5 24 3.864 -7.789 5.543 3.212 -8.248 6.857 3.833 -8.043 7.475 2.819 -8.33 6.228
2 24 3.212 -8.248 6.857 2.819 -8.33 6.228
2 24 3.212 -8.248 6.857 3.833 -8.043 7.475
2 24 3.833 -8.043 7.475 5.258 -7.259 8.882
2 24 5.258 -7.259 8.882 6.909 -5.647 10.593
2 24 6.909 -5.647 10.593 8.116 -3.028 12.775
2 24 8.116 -3.028 12.775 8.639 -.309 14.599
2 24 8.639 -.309 14.599 8.694 1.572 15.48
2 24 8.694 1.572 15.48 8.369 5.054 16.912
2 24 3.383 3.99 17.612 4.025 .662 16.318
2 24 8.369 5.054 16.912 7.585 8.833 18.408
2 24 2.146 7.429 18.914 3.383 3.99 17.612
2 24 .899 10.438 19.755 2.146 7.429 18.914
2 24 7.585 8.833 18.408 7.175 12.12 19.402
2 24 7.175 12.12 19.402 7.102 14.386 19.936
2 24 7.102 14.386 19.936 7.275 16.115 20.243
2 24 7.275 16.115 20.243 8.165 18.772 20.592
2 24 2.435 20.36 21.371 1.041 16.627 20.876
2 24 1.041 16.627 20.876 .645 13.826 20.415
2 24 .645 13.826 20.415 .899 10.438 19.755
2 24 8.165 18.772 20.592 10.125 22.058 20.835
2 24 14.435 33.643 21.854 9.862 28.924 21.974
2 24 18.369 37.608 21.244 14.435 33.643 21.854
2 24 9.862 28.924 21.974 5.56 24.544 21.767
2 24 5.56 24.544 21.767 2.435 20.36 21.371
2 24 10.125 22.058 20.835 13.371 26.367 20.971
2 24 13.371 26.367 20.971 17.517 30.979 20.819
2 24 17.517 30.979 20.819 20.894 34.529 20.559
2 24 20.534 39.669 20.715 18.369 37.608 21.244
2 24 23.024 41.734 20.202 20.534 39.669 20.715
2 24 25.593 43.588 19.519 23.024 41.734 20.202
2 24 28.107 45.234 18.441 25.593 43.588 19.519
2 24 29.43 46.151 17.664 28.107 45.234 18.441
2 24 30.564 46.967 16.694 29.43 46.151 17.664
2 24 31.917 46.1 16.434 30.564 46.967 16.694
2 24 23.059 36.777 20.191 25.595 39.282 19.535
2 24 25.595 39.282 19.535 28.581 41.747 18.465
2 24 28.581 41.747 18.465 30.391 43.339 17.59
2 24 30.391 43.339 17.59 31.77 44.441 16.866
2 24 32.867 45.182 15.973 31.917 46.1 16.434
2 24 31.77 44.441 16.866 32.867 45.182 15.973
2 24 20.894 34.529 20.559 23.059 36.777 20.191
2 24 6.211 -7.127 -2.247 4.45 -7.017 -1.467
2 24 4.45 -7.017 -1.467 4.693 -6.788 -2.565
2 24 7.505 -6.944 -3.422 6.211 -7.127 -2.247
2 24 4.693 -6.788 -2.565 5.263 -5.914 -5.294
2 24 8.564 -6.463 -4.63 7.505 -6.944 -3.422
2 24 8.625 -5.779 -6.207 8.564 -6.463 -4.63
2 24 6.679 -5.25 -7.348 8.625 -5.779 -6.207
2 24 5.263 -5.914 -5.294 5.434 -5.257 -7.066
2 24 5.434 -5.257 -7.066 5.523 -4.771 -7.966
2 24 5.523 -4.771 -7.966 6.679 -5.25 -7.348
2 24 12.514 -4.59 -.668 8.972 -6.435 -1.731
2 24 9.65 -4.394 -6.867 12.882 -2.077 -6.199
2 24 8.972 -6.435 -1.731 6.211 -7.127 -2.247
2 24 15.515 -1.227 .955 12.514 -4.59 -.668
2 24 12.882 -2.077 -6.199 15.943 1.921 -4.622
2 24 6.679 -5.25 -7.348 9.65 -4.394 -6.867
2 24 16.943 2.185 2.366 15.515 -1.227 .955
2 24 17.399 4.444 3.094 16.943 2.185 2.366
2 24 17.525 6.398 3.699 17.399 4.444 3.094
2 24 17.428 8.761 4.664 17.525 6.398 3.699
2 24 17.297 7.693 -1.618 17.494 10.361 .172
2 24 17.288 10.979 -.739 17.54 12.235 .939
2 24 16.998 9.398 -1.458 17.288 10.979 -.739
2 24 17.494 10.361 .172 16.998 9.398 -1.458
2 24 17.54 12.235 .939 17.847 13.857 2.996
2 24 17.847 13.857 2.996 18.408 15.697 4.825
2 24 17.354 12.887 7.401 17.208 11.015 6.144
2 24 17.208 11.015 6.144 17.428 8.761 4.664
2 24 18.408 15.697 4.825 19.05 17.173 6.693
2 24 17.548 14.396 8.772 17.354 12.887 7.401
2 24 19.05 17.173 6.693 20.034 18.815 8.543
2 24 17.697 15.594 10.259 17.548 14.396 8.772
2 24 20.034 18.815 8.543 22.295 21.024 10.803
2 24 16.442 13.882 11.148 17.697 15.594 10.259
2 24 15.547 11.792 11.303 16.442 13.882 11.148
2 24 15.318 10.21 10.663 15.547 11.792 11.303
2 24 15.716 6.517 8.301 15.318 10.21 10.663
2 24 15.926 3.315 6.395 15.716 6.517 8.301
2 24 15.627 1.161 5.351 15.926 3.315 6.395
2 24 14.439 -2.082 3.576 15.627 1.161 5.351
2 24 11.634 -5.393 1.741 14.439 -2.082 3.576
2 24 14.05 12.674 16.254 13.393 9.506 15.186
2 24 13.393 9.506 15.186 13.284 5.963 13.87
2 24 13.284 5.963 13.87 13.273 2.333 12.349
2 24 13.273 2.333 12.349 12.997 .045 11.209
2 24 12.997 .045 11.209 11.834 -2.938 9.472
2 24 11.834 -2.938 9.472 9.57 -5.797 7.404
2 24 8.167 -7.393 .503 11.634 -5.393 1.741
2 24 5.746 -7.98 .121 8.167 -7.393 .503
2 24 5.1 -8.24 2.251 5.746 -7.98 .121
2 24 4.495 -8.106 3.694 5.1 -8.24 2.251
2 24 4.239 -8.037 4.712 4.495 -8.106 3.694
5 24 4.749 -7.917 5.076 3.864 -7.789 5.543 4.239 -8.037 4.712 6.805 -7.406 5.83
5 24 3.359 -7.946 4.953 4.239 -8.037 4.712 3.864 -7.789 5.543 3.436 -7.93 4.43
2 24 6.805 -7.406 5.83 4.749 -7.917 5.076
2 24 9.57 -5.797 7.404 6.805 -7.406 5.83
2 24 11.417 -4.318 .647 7.783 -6.319 -.595
2 24 7.783 -6.319 -.595 4.45 -7.017 -1.467
2 24 14.018 -1.174 2.362 11.417 -4.318 .647
2 24 15.001 2.059 3.954 14.018 -1.174 2.362
2 24 15.346 4.133 5.242 15.001 2.059 3.954
2 24 15.119 6.842 6.947 15.346 4.133 5.242
2 24 14.865 10.188 9.149 15.119 6.842 6.947
2 24 15.329 11.247 9.695 14.865 10.188 9.149
2 24 16.442 13.882 11.148 15.329 11.247 9.695
2 24 8.686 -3.583 -7.696 11.022 -2.203 -7.343
2 24 11.022 -2.203 -7.343 12.77 -.271 -6.645
2 24 12.77 -.271 -6.645 14.931 3.148 -5.254
2 24 17.108 5.759 -2.755 15.943 1.921 -4.622
2 24 14.931 3.148 -5.254 16.373 6.372 -3.516
2 24 17.297 7.693 -1.618 17.108 5.759 -2.755
2 24 16.373 6.372 -3.516 16.775 8.315 -2.264
2 24 16.775 8.315 -2.264 16.998 9.398 -1.458
2 24 6.426 -4.241 -8.101 8.686 -3.583 -7.696
2 24 5.523 -4.771 -7.966 6.426 -4.241 -8.101
2 24 4.912 -5.089 -8.064 5.084 -5.174 -7.625
2 24 5.084 -5.174 -7.625 4.392 -6.766 -7.613
2 24 4.392 -6.766 -7.613 3.103 -9.096 -7.764
2 24 3.103 -9.096 -7.764 1.587 -10.524 -8.104
2 24 1.215 -8.668 -9.681 2.41 -7.612 -9.291
2 24 2.41 -7.612 -9.291 3.767 -6.219 -8.791
2 24 1.587 -10.524 -8.104 -.678 -10.976 -8.356
2 24 -.622 -8.914 -9.918 1.215 -8.668 -9.681
2 24 -.678 -10.976 -8.356 -2.893 -10.532 -8.258
2 24 -2.893 -10.532 -8.258 -5.451 -9.598 -8.18
2 24 -2.557 -8.319 -10.073 -.622 -8.914 -9.918
2 24 -5.157 -7.123 -10.111 -2.557 -8.319 -10.073
2 24 -7.918 -5.377 -9.896 -5.157 -7.123 -10.111
2 24 -10.813 -3.217 -9.549 -7.918 -5.377 -9.896
2 24 -14.549 .61 -8.674 -10.813 -3.217 -9.549
2 24 -16.63 5.213 -6.765 -14.549 .61 -8.674
2 24 -17.997 9.061 -4.477 -16.63 5.213 -6.765
2 24 -18.877 12.738 -2.153 -17.997 9.061 -4.477
2 24 -19.056 12.117 -1.698 -18.877 12.738 -2.153
2 24 -8.76 -8.158 -7.966 -12.719 -5.083 -7.613
2 24 -12.719 -5.083 -7.613 -16.326 -1.079 -6.709
2 24 -16.326 -1.079 -6.709 -18.206 3.64 -4.897
2 24 -18.206 3.64 -4.897 -19.204 7.954 -2.758
2 24 -19.284 11.418 -1.17 -19.056 12.117 -1.698
2 24 -19.204 7.954 -2.758 -19.284 11.418 -1.17
2 24 -5.451 -9.598 -8.18 -8.76 -8.158 -7.966
2 24 3.231 -7.742 -1.894 .646 -8.975 -2.284
2 24 .646 -8.975 -2.284 -2.584 -8.664 -2.24
2 24 -2.584 -8.664 -2.24 -5.758 -7.743 -2.097
2 24 5.084 -5.174 -7.625 4.913 -6.051 -5.41
2 24 4.913 -6.051 -5.41 4.323 -6.94 -2.715
2 24 4.323 -6.94 -2.715 4.095 -6.981 -1.589
2 24 4.095 -6.981 -1.589 3.231 -7.742 -1.894
2 24 -8.911 -5.874 -1.627 -12.542 -3.151 -.995
2 24 -12.542 -3.151 -.995 -15.486 .839 .317
2 24 -15.486 .839 .317 -16.604 4.481 1.671
2 24 -16.604 4.481 1.671 -17.527 8.11 3.746
2 24 -17.527 8.11 3.746 -17.624 11.938 6.247
2 24 -17.449 10.069 7.054 -16.746 13.973 9.39
2 24 -18.22 17.227 -2.19 -17.891 15.849 -4.346
2 24 -17.891 15.849 -4.346 -17.472 13.909 -6.553
2 24 -17.472 13.909 -6.553 -16.7 10.67 -9.286
2 24 -16.7 10.67 -9.286 -15.806 7.823 -11.276
2 24 -15.806 7.823 -11.276 -13.603 3.189 -13.683
2 24 -14.994 .958 -10.241 -16.992 5.514 -8.178
2 24 -16.992 5.514 -8.178 -18.01 9.163 -6.022
2 24 -18.01 9.163 -6.022 -18.405 11.255 -4.498
2 24 -18.405 11.255 -4.498 -18.877 12.738 -2.153
2 24 -13.603 3.189 -13.683 -10.353 -.548 -15.006
2 24 -10.353 -.548 -15.006 -7.788 -2.787 -15.609
2 24 -11.22 -3.18 -11.526 -14.994 .958 -10.241
2 24 -8.242 -5.54 -11.787 -11.22 -3.18 -11.526
2 24 -7.788 -2.787 -15.609 -5.242 -4.517 -15.878
2 24 -5.242 -4.517 -15.878 -2.398 -6.113 -15.857
2 24 -2.398 -6.113 -15.857 .147 -7.257 -15.316
2 24 -1.203 -9.009 -11.676 -3.226 -8.368 -11.809
2 24 -3.226 -8.368 -11.809 -5.395 -7.31 -11.841
2 24 -5.395 -7.31 -11.841 -8.242 -5.54 -11.787
2 24 .055 -9.159 -12.076 -1.203 -9.009 -11.676
2 24 .702 -8.836 -12.967 .055 -9.159 -12.076
2 24 .838 -8.033 -14.364 .702 -8.836 -12.967
2 24 .147 -7.257 -15.316 .838 -8.033 -14.364
2 24 17.145 9.493 -2.468 17.288 10.979 -.739
2 24 16.955 7.845 -3.777 17.145 9.493 -2.468
2 24 16.382 5.461 -5.452 16.955 7.845 -3.777
2 24 15.523 3.239 -6.478 16.382 5.461 -5.452
2 24 14.132 .905 -7.511 15.523 3.239 -6.478
2 24 12.19 -1.65 -8.31 14.132 .905 -7.511
2 24 9.971 -3.349 -8.739 12.19 -1.65 -8.31
2 24 7.845 -4.099 -8.897 9.971 -3.349 -8.739
2 24 6.655 -4.279 -9.234 7.845 -4.099 -8.897
2 24 6.426 -4.241 -8.101 5.742 -4.344 -8.479
2 24 5.742 -4.344 -8.479 5.539 -4.197 -8.964
2 24 5.539 -4.197 -8.964 5.539 -3.723 -9.882
2 24 7.43 -3.202 -10.849 6.655 -4.279 -9.234
2 24 5.539 -3.723 -9.882 5.419 -2.111 -11.645
2 24 7.563 -1.444 -11.984 7.43 -3.202 -10.849
2 24 4.872 .044 -12.514 7.563 -1.444 -11.984
2 24 5.419 -2.111 -11.645 4.872 .044 -12.514
2 24 4.912 -5.089 -8.064 4.643 -5.198 -8.461
2 24 4.643 -5.198 -8.461 5.1 -4.507 -8.88
2 24 5.1 -4.507 -8.88 5.333 -3.736 -10.288
2 24 5.333 -3.736 -10.288 5.008 -1.743 -12.178
2 24 3.941 .027 -12.948 4.872 .044 -12.514
2 24 5.008 -1.743 -12.178 3.941 .027 -12.948
2 24 4.643 -5.198 -8.461 3.767 -6.219 -8.791
2 24 -7.016 1.478 -14.381 -2.311 -.935 -15.804
2 24 -9.15 3.153 -13.352 -7.016 1.478 -14.381
2 24 -10.836 5.801 -11.76 -9.15 3.153 -13.352
2 24 -11.956 8.557 -10.309 -10.836 5.801 -11.76
2 24 -12.891 11.561 -8.599 -11.956 8.557 -10.309
2 24 -13.567 14.402 -6.609 -12.891 11.561 -8.599
2 24 -14.167 16.754 -4.478 -13.567 14.402 -6.609
2 24 -14.639 18.297 -2.421 -14.167 16.754 -4.478
2 24 -14.91 19.374 -.783 -14.639 18.297 -2.421
2 24 -18.22 17.227 -2.19 -18.409 18.331 .924
2 24 -15.37 20.59 2.407 -14.91 19.374 -.783
2 24 -18.409 18.331 .924 -18.198 19.217 3.757
2 24 -15.304 21.466 6.036 -15.37 20.59 2.407
2 24 -18.198 19.217 3.757 -17.281 20.316 8.088
2 24 -13.73 23.129 10.025 -15.304 21.466 6.036
2 24 -17.281 20.316 8.088 -15.833 21.638 11.44
2 24 -15.833 21.638 11.44 -13.907 24.026 13.915
2 24 -11.824 26.325 12.37 -13.73 23.129 10.025
2 24 -13.907 24.026 13.915 -11.52 28.36 15.954
2 24 -9.721 30.441 13.836 -11.824 26.325 12.37
2 24 -11.52 28.36 15.954 -8.807 33.4 17.045
2 24 -7.814 33.983 14.598 -9.721 30.441 13.836
2 24 -8.807 33.4 17.045 -6.305 37.355 17.638
2 24 -5.758 37.247 15.164 -7.814 33.983 14.598
2 24 -2.869 41.212 15.651 -5.758 37.247 15.164
2 24 -6.305 37.355 17.638 -3.713 41.509 18.071
2 24 -3.713 41.509 18.071 .179 46.942 18.415
2 24 1.401 46.784 16.057 -2.869 41.212 15.651
2 24 .179 46.942 18.415 3.649 50.575 18.517
2 24 5.11 50.992 16.386 1.401 46.784 16.057
2 24 3.649 50.575 18.517 6.202 53.009 18.598
2 24 7.704 53.056 16.646 5.11 50.992 16.386
2 24 10.188 54.295 16.941 7.704 53.056 16.646
2 24 10.833 55.62 17.754 12.242 54.433 17.6
2 24 11.372 53.743 16.787 10.188 54.295 16.941
2 24 12.242 54.433 17.6 12.574 53.792 17.446
2 24 12.574 53.792 17.446 12.106 52.992 16.733
2 24 12.106 52.992 16.733 11.372 53.743 16.787
2 24 6.202 53.009 18.598 8.443 54.603 18.851
2 24 8.443 54.603 18.851 10.833 55.62 17.754
2 24 11.231 .518 -10.706 13.24 3.058 -9.771
2 24 13.24 3.058 -9.771 14.5 5.199 -8.738
2 24 14.5 5.199 -8.738 15.533 7.443 -7.223
2 24 7.563 -1.444 -11.984 9.012 -1.138 -11.469
2 24 9.012 -1.138 -11.469 11.231 .518 -10.706
2 24 15.533 7.443 -7.223 16.223 9.843 -5.25
2 24 16.223 9.843 -5.25 16.584 11.715 -3.341
2 24 16.584 11.715 -3.341 16.741 13.268 -1.768
2 24 16.741 13.268 -1.768 16.97 14.429 -.471
2 24 16.97 14.429 -.471 17.372 15.948 1.296
2 24 17.372 15.948 1.296 17.873 17.555 3.113
2 24 17.873 17.555 3.113 18.539 19.077 4.882
2 24 18.539 19.077 4.882 19.646 20.719 6.617
2 24 19.646 20.719 6.617 21.726 22.954 8.23
2 24 21.726 22.954 8.23 25.037 24.986 9.223
2 24 25.752 23.504 11.874 22.295 21.024 10.803
2 24 28.449 24.813 11.713 25.752 23.504 11.874
2 24 25.037 24.986 9.223 28.074 26.28 9.435
2 24 30.063 25.393 11.416 28.449 24.813 11.713
2 24 28.074 26.28 9.435 29.779 26.843 9.014
2 24 31.662 25.864 10.86 30.063 25.393 11.416
2 24 29.779 26.843 9.014 31.113 27.11 8.51
2 24 33.047 26.201 10.181 31.662 25.864 10.86
2 24 31.113 27.11 8.51 32.776 27.324 7.374
2 24 34.378 26.509 9.264 33.047 26.201 10.181
2 24 36.063 26.687 7.447 34.378 26.509 9.264
2 24 32.776 27.324 7.374 34.639 27.576 5.446
2 24 37.435 26.763 5.512 36.063 26.687 7.447
2 24 34.639 27.576 5.446 35.808 27.55 3.614
2 24 35.808 27.55 3.614 36.929 27.565 1.266
2 24 38.09 27.761 -.332 38.693 27.12 .097
2 24 36.929 27.565 1.266 38.09 27.761 -.332
2 24 38.693 27.12 .097 39.172 26.999 1.477
2 24 39.172 26.999 1.477 38.542 26.922 3.44
2 24 38.542 26.922 3.44 37.435 26.763 5.512
2 24 4.163 -7.404 -.781 3.206 -8.626 -.745
2 24 4.095 -6.981 -1.589 4.163 -7.404 -.781
2 24 3.206 -8.626 -.745 1.008 -10.33 -.968
2 24 1.008 -10.33 -.968 -2.667 -10.217 -.915
2 24 -2.667 -10.217 -.915 -6.071 -9.03 -.671
2 24 -8.911 -5.874 -1.627 -5.758 -7.743 -2.097
2 24 -6.071 -9.03 -.671 -9.851 -7.124 -.145
2 24 -9.851 -7.124 -.145 -13.343 -4.162 .75
2 24 -13.343 -4.162 .75 -15.937 -.242 1.951
2 24 -15.937 -.242 1.951 -17.19 3.291 3.365
2 24 -17.19 3.291 3.365 -17.688 6.727 5.405
2 24 -17.688 6.727 5.405 -17.449 10.069 7.054
2 24 4.45 -7.017 -1.467 4.466 -7.371 -.663
2 24 3.704 -8.077 2.462 4.163 -7.404 -.781
2 24 3.965 -7.934 2.534 3.436 -7.93 4.43
2 24 4.466 -7.371 -.663 3.965 -7.934 2.534
2 24 2.914 -8.035 4.619 3.704 -8.077 2.462
2 24 3.436 -7.93 4.43 3.359 -7.946 4.953
2 24 4.45 -7.017 -1.467 5.746 -7.98 .121
2 24 5.246 -6.73 6.868 3.864 -7.789 5.543
2 24 7.542 -4.657 8.936 5.246 -6.73 6.868
2 24 8.811 -2.095 11.055 7.542 -4.657 8.936
2 24 9.313 .329 12.633 8.811 -2.095 11.055
2 24 9.393 2.246 13.793 9.313 .329 12.633
2 24 9.07 5.695 15.418 9.393 2.246 13.793
2 24 7.859 12.519 18.169 8.368 9.559 16.968
2 24 8.368 9.559 16.968 9.07 5.695 15.418
2 24 14.05 12.674 16.254 15.619 16.282 17.143
2 24 15.619 16.282 17.143 16.954 18.294 17.36
2 24 13.445 21.164 19.447 12.17 20.451 19.513
2 24 12.17 20.451 19.513 11.29 20.754 19.725
2 24 11.29 20.754 19.725 11.976 22.188 20.195
2 24 13.935 26.14 20.302 10.608 21.83 20.017
2 24 11.976 22.188 20.195 14.857 25.728 20.393
2 24 17.846 30.468 20.072 13.935 26.14 20.302
2 24 14.857 25.728 20.393 18.653 29.811 20.291
2 24 21.603 34.034 19.548 17.846 30.468 20.072
2 24 18.653 29.811 20.291 22.334 33.218 19.882
2 24 22.334 33.218 19.882 24.584 35.316 19.502
2 24 23.793 36.26 18.927 21.603 34.034 19.548
2 24 26.267 38.508 18.22 23.793 36.26 18.927
2 24 24.584 35.316 19.502 27.441 37.64 18.925
2 24 28.643 40.659 17.44 26.267 38.508 18.22
2 24 27.441 37.64 18.925 29.916 39.726 17.935
2 24 30.774 42.154 16.505 28.643 40.659 17.44
2 24 29.916 39.726 17.935 31.872 41.258 17.003
2 24 32.013 43.161 15.623 30.774 42.154 16.505
2 24 31.872 41.258 17.003 33.304 42.395 16.091
2 24 32.49 43.556 15.151 32.013 43.161 15.623
2 24 33.304 42.395 16.091 34.303 43.321 15.209
2 24 32.861 43.957 14.628 32.49 43.556 15.151
2 24 34.303 43.321 15.209 34.957 43.781 14.386
2 24 32.998 44.116 13.837 32.861 43.957 14.628
2 24 34.957 43.781 14.386 34.648 44.479 12.844
2 24 32.794 44.037 13.25 32.998 44.116 13.837
2 24 34.648 44.479 12.844 34.381 44.236 11.855
2 24 32.389 43.828 12.787 32.794 44.037 13.25
2 24 34.381 44.236 11.855 33.863 43.848 10.855
2 24 33.863 43.848 10.855 32.197 43.116 10.941
2 24 31.602 43.433 12.562 32.389 43.828 12.787
2 24 32.197 43.116 10.941 30.497 41.716 11.284
2 24 30.082 42.54 12.666 31.602 43.433 12.562
2 24 28.03 40.178 13.058 30.082 42.54 12.666
2 24 30.497 41.716 11.284 28.404 39.518 11.729
2 24 28.404 39.518 11.729 25.773 36.843 12.126
2 24 25.186 37.188 13.402 28.03 40.178 13.058
2 24 25.773 36.843 12.126 23.275 34.292 12.205
2 24 22.592 34.651 13.091 25.186 37.188 13.402
2 24 23.275 34.292 12.205 21.654 32.701 12.139
2 24 20.941 32.854 12.847 22.592 34.651 13.091
2 24 21.654 32.701 12.139 19.984 30.872 11.872
2 24 19.472 31.012 12.41 20.941 32.854 12.847
2 24 19.984 30.872 11.872 18.712 29.37 11.483
2 24 18.022 29.292 11.619 19.472 31.012 12.41
2 24 18.712 29.37 11.483 18.022 29.292 11.619
2 24 7.859 12.519 18.169 7.749 14.785 18.731
2 24 7.749 14.785 18.731 7.807 16.408 19.045
2 24 7.807 16.408 19.045 8.686 18.804 19.368
2 24 8.686 18.804 19.368 10.608 21.83 20.017
2 24 28.643 40.659 17.44 30.578 42.471 16.624
2 24 30.578 42.471 16.624 31.8 43.484 15.772
2 24 31.8 43.484 15.772 32.299 43.923 15.205
2 24 33.091 45.237 14.891 32.867 45.182 15.973
2 24 32.299 43.923 15.205 32.696 44.241 14.663
2 24 32.696 44.241 14.663 32.796 44.396 13.92
2 24 33.186 45.204 13.729 33.091 45.237 14.891
2 24 32.796 44.396 13.92 32.689 44.388 13.328
2 24 32.982 45.222 13.04 33.186 45.204 13.729
2 24 32.511 45.297 12.479 32.982 45.222 13.04
2 24 32.689 44.388 13.328 32.228 44.163 12.874
2 24 32.079 45.698 12.315 32.511 45.297 12.479
2 24 32.228 44.163 12.874 31.431 43.82 12.606
2 24 30.567 44.22 12.401 31.334 45.038 12.236
2 24 31.431 43.82 12.606 30.082 42.54 12.666
2 24 29.368 42.958 12.581 30.567 44.22 12.401
2 24 27.3 40.937 12.996 29.368 42.958 12.581
2 24 24.397 37.937 13.321 27.3 40.937 12.996
2 24 22.063 35.186 13.055 24.397 37.937 13.321
2 24 20.371 33.205 12.791 22.063 35.186 13.055
2 24 18.914 31.412 12.393 20.371 33.205 12.791
2 24 17.922 29.985 11.952 18.914 31.412 12.393
2 24 18.022 29.292 11.619 17.922 29.985 11.952
2 24 -10.399 19.003 16.453 -6.557 24.628 18.691
2 24 -6.557 24.628 18.691 -3.699 28.598 19.697
2 24 -3.699 28.598 19.697 -.967 32.489 20.458
2 24 -.967 32.489 20.458 2.132 36.412 21.184
2 24 2.132 36.412 21.184 6.746 41.876 21.296
2 24 3.572 44.46 20.773 -.815 39.074 20.37
2 24 7.125 48.324 20.804 3.572 44.46 20.773
2 24 9.501 50.562 20.632 7.125 48.324 20.804
2 24 11.336 52.136 20.146 9.501 50.562 20.632
2 24 6.746 41.876 21.296 10.515 45.855 20.872
2 24 10.515 45.855 20.872 12.781 47.881 20.473
2 24 12.781 47.881 20.473 14.684 49.524 20.045
2 24 14.684 49.524 20.045 16.198 50.9 19.747
2 24 16.198 50.9 19.747 18.191 52.553 19.39
2 24 18.191 52.553 19.39 16.91 53.792 19.302
2 24 16.91 53.792 19.302 14.258 54.292 19.249
2 24 14.258 54.292 19.249 13.007 53.618 19.65
2 24 13.007 53.618 19.65 11.336 52.136 20.146
2 24 -.815 39.074 20.37 -4.118 35.27 19.505
2 24 -7.687 32.278 18.312 -10.59 27.634 17.301
2 24 -4.825 36.284 18.984 -7.687 32.278 18.312
2 24 -3.902 36.925 19.173 -4.825 36.284 18.984
2 24 -3.27 37.144 19.347 -3.902 36.925 19.173
2 24 -4.118 35.27 19.505 -3.27 37.144 19.347
2 24 -10.59 27.634 17.301 -13.305 22.665 15.238
2 24 -13.305 22.665 15.238 -14.647 20.175 13.737
2 24 -14.647 20.175 13.737 -15.839 17.598 11.764
2 24 -15.839 17.598 11.764 -16.746 13.973 9.39
2 24 3.581 -.915 15.75 4.025 .662 16.318
2 24 1.786 3.618 17.039 2.757 .214 16.062
2 24 .197 7.083 17.998 1.786 3.618 17.039
2 24 -1.101 10.51 18.511 .197 7.083 17.998
2 24 -1.512 14.222 19.068 -1.101 10.51 18.511
2 24 -.873 17.141 19.511 -1.512 14.222 19.068
2 24 1.033 21.14 20.19 -.873 17.141 19.511
2 24 4.365 25.613 20.839 1.033 21.14 20.19
2 24 8.418 30.005 21.074 4.365 25.613 20.839
2 24 13.225 34.697 21.119 8.418 30.005 21.074
2 24 17.341 38.576 20.69 13.225 34.697 21.119
2 24 19.809 40.576 20.231 17.341 38.576 20.69
2 24 22.215 42.558 19.751 19.809 40.576 20.231
2 24 24.535 44.359 19.044 22.215 42.558 19.751
2 24 26.871 46.042 17.845 24.535 44.359 19.044
2 24 28.345 46.621 17.242 26.871 46.042 17.845
2 24 29.181 47.133 16.36 28.345 46.621 17.242
2 24 30.564 46.967 16.694 30.96 47.298 15.997
2 24 30.96 47.298 15.997 30.926 47.546 15.317
2 24 29.176 47.201 15.746 29.181 47.133 16.36
2 24 28.967 47.19 15.255 29.176 47.201 15.746
2 24 28.566 46.992 14.938 28.967 47.19 15.255
2 24 30.706 47.574 13.771 31.047 47.031 13.01
2 24 31.047 47.031 13.01 31.528 46.259 12.511
2 24 31.334 45.917 12.351 30.338 46.183 12.657
2 24 30.753 47.723 14.637 30.706 47.574 13.771
2 24 30.926 47.546 15.317 30.753 47.723 14.637
2 24 27.994 46.715 14.844 28.566 46.992 14.938
2 24 27.361 44.692 13.616 24.737 43.172 14.223
2 24 24.737 43.172 14.223 21.819 41.385 14.889
2 24 20.128 40.375 15.068 20.31 41.364 15.318
2 24 21.819 41.385 14.889 20.128 40.375 15.068
2 24 29.137 45.612 13.01 27.361 44.692 13.616
2 24 20.31 41.364 15.318 21.629 42.389 15.384
2 24 21.629 42.389 15.384 23.901 44.078 15.211
2 24 23.901 44.078 15.211 26.561 46.004 14.925
2 24 26.561 46.004 14.925 27.994 46.715 14.844
2 24 30.338 46.183 12.657 29.137 45.612 13.01
2 24 .847 -.021 16.846 1.568 -1.16 16.149
2 24 -.059 2.829 18.071 .847 -.021 16.846
2 24 -1.392 6.463 19.05 -.059 2.829 18.071
2 24 -2.756 10.464 19.425 -1.392 6.463 19.05
2 24 -2.824 14.261 19.781 -2.756 10.464 19.425
2 24 -1.954 17.57 20.219 -2.824 14.261 19.781
2 24 -.087 21.694 20.841 -1.954 17.57 20.219
2 24 3.26 26.373 21.565 -.087 21.694 20.841
2 24 7.283 30.82 21.925 3.26 26.373 21.565
2 24 12.28 35.521 21.915 7.283 30.82 21.925
2 24 16.699 39.737 21.352 12.28 35.521 21.915
2 24 19.177 41.752 20.896 16.699 39.737 21.352
2 24 21.551 43.391 20.346 19.177 41.752 20.896
2 24 24.02 45.212 19.611 21.551 43.391 20.346
2 24 26.209 46.884 18.828 24.02 45.212 19.611
2 24 27.499 47.783 18.375 26.209 46.884 18.828
2 24 26.871 46.042 17.845 27.798 46.854 17.376
2 24 27.798 46.854 17.376 28.886 47.569 16.62
2 24 28.51 48.563 17.981 27.499 47.783 18.375
2 24 29.41 48.694 17.021 28.51 48.563 17.981
2 24 28.886 47.569 16.62 29.114 47.846 15.846
2 24 29.636 48.584 15.577 29.41 48.694 17.021
2 24 29.114 47.846 15.846 28.99 47.665 15.33
2 24 28.75 48.505 14.552 29.636 48.584 15.577
2 24 28.147 47.9 14.626 28.75 48.505 14.552
2 24 28.99 47.665 15.33 28.479 47.416 14.975
2 24 28.479 47.416 14.975 27.84 46.97 14.864
2 24 27.363 47.428 14.636 28.147 47.9 14.626
2 24 27.84 46.97 14.864 26.561 46.004 14.925
2 24 26.078 46.727 14.701 27.363 47.428 14.636
2 24 23.221 45.111 14.979 26.078 46.727 14.701
2 24 21.213 43.744 15.209 23.221 45.111 14.979
2 24 20.31 41.364 15.318 18.816 41.232 15.408
2 24 18.816 41.232 15.408 21.213 43.744 15.209
2 24 20.349 44.479 20.462 20.654 45.373 20.02
2 24 20.364 45.643 19.976 19.781 44.992 20.509
2 24 21.259 46.434 19.302 20.364 45.643 19.976
2 24 20.654 45.373 20.02 21.259 46.434 19.302
2 24 21.955 45.659 19.977 20.349 44.479 20.462
2 24 23.194 46.72 19.559 21.955 45.659 19.977
2 24 25.08 48.341 18.835 23.194 46.72 19.559
2 24 26.464 49.075 18.385 25.08 48.341 18.835
2 24 27.598 49.398 18.062 26.464 49.075 18.385
2 24 28.226 49.03 18.022 27.598 49.398 18.062
2 24 28.51 48.563 17.981 28.226 49.03 18.022
2 24 3.581 -.915 15.75 2.692 -1.71 15.508
2 24 2.692 -1.71 15.508 1.568 -1.16 16.149
2 24 37.297 39.806 9.954 37.036 39.803 11.626
2 24 36.249 38.682 10.213 37.297 39.806 9.954
2 24 37.036 39.803 11.626 36.808 39.339 12.022
2 24 35.102 38.017 10.966 36.249 38.682 10.213
2 24 36.808 39.339 12.022 35.784 38.467 13.456
2 24 33.721 36.809 12.744 35.102 38.017 10.966
2 24 35.784 38.467 13.456 33.735 37.256 14.982
2 24 31.311 35.02 14.922 33.721 36.809 12.744
2 24 33.735 37.256 14.982 31.643 36.057 16.122
2 24 31.643 36.057 16.122 29.086 34.503 17.222
2 24 29.37 33.691 16.157 31.311 35.02 14.922
2 24 26.846 32.033 17.361 29.37 33.691 16.157
2 24 29.086 34.503 17.222 26.618 32.749 17.938
2 24 26.618 32.749 17.938 24.373 31.198 18.503
2 24 24.373 31.198 18.503 23.75 30.152 18.311
2 24 23.75 30.152 18.311 26.846 32.033 17.361
2 24 24.431 29.259 18.31 27.534 31.062 17.555
2 24 27.534 31.062 17.555 30.327 32.757 16.414
2 24 30.327 32.757 16.414 32.733 34.145 15.135
2 24 23.75 30.152 18.311 20.306 28.008 18.969
2 24 20.815 26.925 18.904 24.431 29.259 18.31
2 24 20.306 28.008 18.969 15.524 24.424 19.404
2 24 16.15 23.377 19.318 20.815 26.925 18.904
2 24 15.524 24.424 19.404 12.824 22.01 19.645
2 24 13.445 21.164 19.447 16.15 23.377 19.318
2 24 12.824 22.01 19.645 11.29 20.754 19.725
2 24 32.733 34.145 15.135 34.47 35.354 13.631
2 24 33.978 36.485 12.765 31.311 35.02 14.922
2 24 34.47 35.354 13.631 36.121 36.513 11.709
2 24 35.309 37.423 10.641 33.978 36.485 12.765
2 24 36.121 36.513 11.709 37.042 37.347 10.371
2 24 34.912 37.836 9.65 35.309 37.423 10.641
2 24 37.706 38.789 6.619 37.007 38.621 5.888
2 24 38.473 38.19 7.857 37.706 38.789 6.619
2 24 37.82 37.936 9.211 38.473 38.19 7.857
2 24 37.042 37.347 10.371 37.82 37.936 9.211
2 24 37.007 38.621 5.888 36.237 37.872 5.039
2 24 36.237 37.872 5.039 34.803 37.227 6.591
2 24 34.803 37.227 6.591 33.39 36.568 8.129
2 24 34.202 37.33 9.345 34.912 37.836 9.65
2 24 32.904 36.677 10.054 34.202 37.33 9.345
2 24 33.39 36.568 8.129 32.466 35.958 8.779
2 24 31.62 35.828 10.648 32.904 36.677 10.054
2 24 32.466 35.958 8.779 31.379 35.093 9.287
2 24 29.026 33.933 11.225 31.62 35.828 10.648
2 24 31.379 35.093 9.287 29.259 33.468 10.12
2 24 26.28 31.781 11.206 29.026 33.933 11.225
2 24 29.259 33.468 10.12 26.497 31.328 10.652
2 24 24.6 30.36 11.126 26.28 31.781 11.206
2 24 26.497 31.328 10.652 24.806 29.947 10.675
2 24 23.066 29.404 10.959 24.6 30.36 11.126
2 24 24.806 29.947 10.675 22.662 28.459 10.602
2 24 22.662 28.459 10.602 23.066 29.404 10.959
2 24 35.036 38.361 9.991 35.102 38.017 10.966
2 24 33.811 37.892 9.794 35.036 38.361 9.991
2 24 32.785 37.335 10.342 33.811 37.892 9.794
2 24 31.453 36.155 10.924 32.785 37.335 10.342
2 24 29.026 33.933 11.225 31.453 36.155 10.924
2 24 35.611 40.388 8.543 36.821 39.706 9.035
2 24 34.595 39.475 9.208 35.611 40.388 8.543
2 24 36.821 39.706 9.035 37.297 39.806 9.954
2 24 32.32 38.302 10.267 34.595 39.475 9.208
2 24 30.759 37.008 10.876 32.32 38.302 10.267
2 24 28.179 34.659 11.145 30.759 37.008 10.876
2 24 25.757 32.339 11.197 28.179 34.659 11.145
2 24 24.199 31.006 11.212 25.757 32.339 11.197
2 24 23.066 29.404 10.959 22.313 29.446 11.044
2 24 22.313 29.446 11.044 24.199 31.006 11.212
2 24 36.631 41.698 12.907 34.957 43.781 14.386
2 24 37.036 39.803 11.626 36.631 41.698 12.907
2 24 36.517 42.354 11.288 34.648 44.479 12.844
2 24 37.297 39.806 9.954 36.517 42.354 11.288
2 24 34.746 42.194 9.492 33.863 43.848 10.855
2 24 35.611 40.388 8.543 34.746 42.194 9.492
2 24 22.662 28.459 10.602 21.118 27.87 10.502
2 24 21.118 27.87 10.502 18.897 25.474 9.277
2 24 18.897 25.474 9.277 16.185 22.49 7.5
2 24 16.185 22.49 7.5 14.755 20.499 5.822
2 24 14.755 20.499 5.822 13.588 18.302 3.925
2 24 13.588 18.302 3.925 13.235 16.69 2.274
2 24 13.235 16.69 2.274 13 14.514 0
2 24 31.334 45.917 12.351 31.334 45.038 12.236
2 24 23.137 46.872 14.977 23.641 46.999 14.876
2 24 24.809 48.26 14.78 25.847 48.969 14.658
2 24 25.847 48.969 14.658 27.239 49.27 14.59
2 24 27.239 49.27 14.59 28.02 49.208 14.525
2 24 28.02 49.208 14.525 28.572 48.95 14.473
2 24 28.572 48.95 14.473 28.75 48.505 14.552
2 24 24.165 47.587 14.848 24.809 48.26 14.78
2 24 23.641 46.999 14.876 24.165 47.587 14.848
2 24 23.838 47.847 15.083 23.137 46.872 14.977
2 24 24.442 48.73 15.32 23.838 47.847 15.083
2 24 24.624 50.919 15.476 24.465 49.985 15.328
2 24 23.649 51.812 15.278 24.624 50.919 15.476
2 24 21.828 52.465 15.622 23.649 51.812 15.278
2 24 5.114 43.252 15.554 8.285 46.446 15.664
2 24 18.442 53.056 17.289 18.719 51.588 17.343
2 24 17.998 53.568 16.986 18.442 53.056 17.289
2 24 17.049 53.957 16.768 17.998 53.568 16.986
2 24 10.243 48.892 15.798 11.914 51.206 15.993
2 24 11.914 51.206 15.993 12.835 52.271 16.033
2 24 12.835 52.271 16.033 13.668 53.226 16.167
2 24 16.01 54.091 16.694 17.049 53.957 16.768
2 24 13.668 53.226 16.167 14.92 54.062 16.563
2 24 14.92 54.062 16.563 16.01 54.091 16.694
2 24 8.285 46.446 15.664 10.243 48.892 15.798
2 24 32.079 45.698 12.315 31.528 46.259 12.511
2 24 19.324 20.829 17.234 23.24 23.942 16.728
2 24 16.954 18.294 17.36 19.324 20.829 17.234
2 24 23.24 23.942 16.728 27.517 26.116 15.862
2 24 27.517 26.116 15.862 30.901 27.486 14.631
2 24 31.796 28.161 14.296 33.125 28.862 13.64
2 24 30.901 27.486 14.631 31.796 28.161 14.296
2 24 33.125 28.862 13.64 34.935 29.579 12.298
2 24 34.935 29.579 12.298 37.031 30.69 10.212
2 24 37.031 30.69 10.212 38.548 31.785 7.675
2 24 39.307 36.816 6.654 38.473 38.19 7.857
2 24 39.65 35.397 5.549 39.307 36.816 6.654
2 24 38.548 31.785 7.675 39.191 32.418 6.262
2 24 39.191 32.418 6.262 39.502 32.856 5.123
2 24 39.502 32.856 5.123 39.704 33.237 4.628
2 24 39.704 33.237 4.628 39.768 34.072 4.735
2 24 39.768 34.072 4.735 39.65 35.397 5.549
2 24 18.713 52.9 18.576 18.191 52.553 19.39
2 24 18.682 53.115 17.863 18.713 52.9 18.576
2 24 18.442 53.056 17.289 18.682 53.115 17.863
2 24 1.797 -2.531 -15.563 2.976 -1.272 -14.233
2 24 2.976 -1.272 -14.233 3.941 .027 -12.948
2 24 1.087 -2.572 -15.942 1.797 -2.531 -15.563
2 24 -2.311 -.935 -15.804 1.087 -2.572 -15.942
2 24 7.673 46.739 15.955 5.114 43.252 15.554
2 24 9.459 49.291 16.234 7.673 46.739 15.955
2 24 11.143 51.607 16.513 9.459 49.291 16.234
2 24 12.106 52.992 16.733 11.143 51.607 16.513
2 24 32.634 30.482 7.692 33.535 30.529 7.039
2 24 33.535 30.529 7.039 35.064 31.156 5.09
2 24 35.064 31.156 5.09 36.089 31.706 3.308
2 24 36.089 31.706 3.308 36.609 31.98 2.498
2 24 36.609 31.98 2.498 37.192 32.187 1.673
2 24 37.192 32.187 1.673 37.708 31.16 .699
2 24 37.708 31.16 .699 38.025 29.532 -.344
2 24 38.025 29.532 -.344 38.16 28.435 -.626
2 24 38.16 28.435 -.626 38.09 27.761 -.332
2 24 36.237 37.872 5.039 36.916 37.103 3.829
2 24 36.916 37.103 3.829 37.243 35.858 2.839
2 24 37.243 35.858 2.839 37.614 34.322 2.017
2 24 37.782 32.994 1.68 36.923 32.899 2.603
2 24 37.614 34.322 2.017 37.782 32.994 1.68
2 24 35.241 31.971 5.399 33.584 31.24 7.175
2 24 33.584 31.24 7.175 32.634 30.482 7.692
2 24 36.923 32.899 2.603 36.337 32.56 3.622
2 24 36.337 32.56 3.622 35.241 31.971 5.399
2 24 32.806 28.336 12.793 31.796 28.161 14.296
2 24 33.518 28.759 12.037 32.806 28.336 12.793
2 24 34.444 29.144 11.142 33.518 28.759 12.037
2 24 36.139 29.975 9.236 34.444 29.144 11.142
2 24 39.172 26.999 1.477 39.64 27.397 1.186
2 24 39.64 27.397 1.186 39.856 28.156 1.28
2 24 39.856 28.156 1.28 39.725 30.409 2.347
2 24 39.725 30.409 2.347 38.783 31.934 3.176
2 24 38.783 31.934 3.176 38.346 31.461 4.938
2 24 38.346 31.461 4.938 37.599 30.886 6.654
2 24 37.599 30.886 6.654 36.139 29.975 9.236
2 24 38.346 31.461 4.938 38.86 32.085 3.263
2 24 38.86 32.085 3.263 39.38 32.94 2.442
2 24 39.38 32.94 2.442 39.436 34.118 2.559
2 24 39.436 34.118 2.559 38.95 36.248 3.835
2 24 38.95 36.248 3.835 38.423 38.018 5.271
2 24 38.423 38.018 5.271 37.706 38.789 6.619
2 24 38.457 32.096 2.509 38.783 31.934 3.176
2 24 39.284 28.866 .08 38.818 30.961 1.043
2 24 39.359 27.764 -.206 39.284 28.866 .08
2 24 38.693 27.12 .097 39.359 27.764 -.206
2 24 38.818 30.961 1.043 37.934 32.262 2.058
2 24 37.934 32.262 2.058 38.457 32.096 2.509
2 24 37.035 32.401 2.486 37.934 32.262 2.058
2 24 36.504 32.127 3.599 37.035 32.401 2.486
2 24 35.439 31.572 5.428 36.504 32.127 3.599
2 24 33.682 30.866 7.21 35.439 31.572 5.428
2 24 32.634 30.482 7.692 33.682 30.866 7.21
2 24 37.065 32.547 2.591 36.504 32.127 3.599
2 24 37.833 32.49 2.016 37.065 32.547 2.591
2 24 37.782 32.994 1.68 37.833 32.49 2.016
2 24 38.483 32.296 2.526 38.86 32.085 3.263
2 24 37.833 32.49 2.016 38.483 32.296 2.526
2 24 25.289 49.594 17.549 24.204 48.974 18.04
2 24 24.204 48.974 18.04 22.497 47.635 18.658
2 24 22.497 47.635 18.658 21.259 46.434 19.302
2 24 25.797 49.81 17.068 25.289 49.594 17.549
2 24 25.834 49.829 16.246 25.797 49.81 17.068
2 24 25.358 49.473 15.572 25.834 49.829 16.246
2 24 24.442 48.73 15.32 25.358 49.473 15.572
2 24 28.106 50.08 15.21 28.02 49.208 14.525
2 24 27.999 50.209 15.919 28.106 50.08 15.21
2 24 27.783 50.177 16.805 27.999 50.209 15.919
2 24 27.951 49.931 17.405 27.783 50.177 16.805
2 24 27.598 49.398 18.062 27.951 49.931 17.405
2 24 22.497 47.635 18.658 23.788 49.22 18.087
2 24 22.119 49.14 19.809 20.674 47.365 20.203
2 24 20.674 47.365 20.203 19.894 46.253 20.419
2 24 19.894 46.253 20.419 19.731 45.629 20.494
2 24 23.725 50.888 19.296 22.119 49.14 19.809
2 24 23.788 49.22 18.087 25.07 50.111 17.436
2 24 25.346 50.378 16.8 24.368 51.416 18.489
2 24 25.07 50.111 17.436 25.346 50.378 16.8
2 24 19.731 45.629 20.494 19.781 44.992 20.509
2 24 25.272 50.143 16.173 25.346 50.378 16.8
2 24 25.04 49.582 15.737 25.272 50.143 16.173
2 24 24.442 48.73 15.32 25.04 49.582 15.737
2 24 23.725 50.888 19.296 22.5 51.345 19.12
2 24 22.5 51.345 19.12 21.263 51.588 19.102
2 24 -4.825 36.284 18.984 -2.386 40.298 19.601
2 24 -2.386 40.298 19.601 1.6 45.85 20.009
2 24 1.6 45.85 20.009 5.129 49.631 20.048
2 24 5.129 49.631 20.048 7.437 51.906 19.76
2 24 7.437 51.906 19.76 9.12 53.362 19.517
2 24 9.12 53.362 19.517 10.398 54.001 19.422
2 24 10.398 54.001 19.422 11.393 53.878 18.731
2 24 11.393 53.878 18.731 11.916 53.408 18.215
2 24 11.916 53.408 18.215 12.574 53.792 17.446
2 24 10.497 52.228 18.738 8.71 50.838 19.264
2 24 8.71 50.838 19.264 6.332 48.732 19.627
2 24 6.332 48.732 19.627 2.892 44.917 19.474
2 24 2.892 44.917 19.474 -1.415 39.558 19.515
2 24 -1.415 39.558 19.515 -3.27 37.144 19.347
2 24 11.916 53.408 18.215 10.497 52.228 18.738
2 24 14.258 54.292 19.249 14.472 54.526 17.82
2 24 14.472 54.526 17.82 14.304 54.295 17.055
2 24 14.304 54.295 17.055 14.92 54.062 16.563
2 24 25.044 50.467 15.883 25.272 50.143 16.173
2 24 24.624 50.919 15.476 25.044 50.467 15.883
2 24 24.368 51.416 18.489 22.807 51.862 18.701
2 24 22.807 51.862 18.701 21.4 52.373 18.402
2 24 2.692 -1.71 15.508 2.757 .214 16.062
2 24 23.838 47.847 15.083 24.465 49.985 15.328
2 24 17.308 2.7 0 17.243 2.852 -.765
2 24 17.394 2.852 .765 17.308 2.7 0
2 24 17.257 3.286 -1.414 17.243 2.852 -.765
2 24 17.257 3.286 -1.414 17.293 3.935 -1.848
2 24 17.293 3.935 -1.848 17.326 4.7 -2
2 24 17.394 2.852 .765 17.437 3.286 1.414
2 24 17.504 3.935 1.848 17.598 4.7 2
2 24 17.725 5.465 1.848 17.598 4.7 2
2 24 17.504 3.935 1.848 17.437 3.286 1.414
2 24 17.729 6.7 0 17.757 6.548 .765
2 24 17.77 6.114 1.414 17.725 5.465 1.848
2 24 17.757 6.548 .765 17.77 6.114 1.414
2 24 17.393 5.465 -1.848 17.326 4.7 -2
2 24 17.587 6.548 -.765 17.462 6.114 -1.414
2 24 17.462 6.114 -1.414 17.393 5.465 -1.848
2 24 17.587 6.548 -.765 17.729 6.7 0

5 24 32.511 45.297 12.479 31.334 45.038 12.236 32.079 45.698 12.315 32.228 44.163 12.874
5 24 18.914 31.412 12.393 19.472 31.012 12.41 17.922 29.985 11.952 20.371 33.205 12.791
5 24 31.431 43.82 12.606 31.334 45.038 12.236 30.567 44.22 12.401 32.228 44.163 12.874
5 24 35.579 38.933 9.605 36.821 39.706 9.035 36.249 38.682 10.213 35.611 40.388 8.543
5 24 33.274 27.002 11.191 31.175 26.604 13.093 31.905 27.502 13.328 31.662 25.864 10.86
5 24 -2.966 -7.436 -13.756 -5.395 -7.31 -11.841 -5.441 -6.191 -13.745 -3.226 -8.368 -11.809
5 24 -.678 -10.976 -8.356 -.645 -9.938 -9.261 1.418 -9.6 -9.041 -2.893 -10.532 -8.258
5 24 -1.786 34.626 14.659 -3.734 32.023 14.159 .129 32.936 14.641 -5.758 37.247 15.164
5 24 25.847 48.969 14.658 25.358 49.473 15.572 24.809 48.26 14.78 27.006 49.979 15.335
5 24 20.932 49.844 19.68 20.674 47.365 20.203 22.119 49.14 19.809 19.434 48.27 20.167
5 24 -14.736 7.664 10.236 -13.456 7.129 10.682 -12.736 10.855 12.724 -14.691 3.445 8.289
5 24 11.336 52.136 20.146 10.497 52.228 18.738 9.501 50.562 20.632 11.916 53.408 18.215
5 24 -10.353 -.548 -15.006 -9.15 3.153 -13.352 -7.016 1.478 -14.381 -13.603 3.189 -13.683
5 24 4.466 -7.371 -.663 3.704 -8.077 2.462 3.965 -7.934 2.534 4.163 -7.404 -.781
5 24 26.869 50.139 17.057 27.783 50.177 16.805 27.951 49.931 17.405 26.872 50.136 16.089
5 24 17.517 30.979 20.819 13.935 26.14 20.302 13.371 26.367 20.971 17.846 30.468 20.072
5 24 21.828 52.465 15.622 23.652 52.113 16.218 23.649 51.812 15.278 22.058 52.536 16.406
5 24 15.285 54.501 18.461 16.91 53.792 19.302 14.258 54.292 19.249 16.273 54.338 18.378
5 24 1.623 -10.022 -5.376 .646 -8.975 -2.284 3.231 -7.742 -1.894 -.63 -10.459 -5.249
5 24 36.337 32.56 3.622 37.065 32.547 2.591 36.504 32.127 3.599 36.923 32.899 2.603
5 24 23.652 52.113 16.218 24.412 51.773 16.02 23.649 51.812 15.278 24.422 51.801 17.648
5 24 15.285 54.501 18.461 15.158 54.507 17.538 14.472 54.526 17.82 16.045 54.381 17.524
5 24 .055 -9.159 -12.076 2.506 -8.692 -12.28 .702 -8.836 -12.967 1.215 -8.668 -9.681
5 24 7.593 -7.615 3.105 4.495 -8.106 3.694 5.1 -8.24 2.251 4.239 -8.037 4.712
5 24 -13.285 6.222 12.042 -11.533 5.331 13.684 -12.002 9.267 14.318 -13.097 2.338 10.376
5 24 10.249 37.922 21.72 14.339 42.197 21.383 16.699 39.737 21.352 8.159 40.375 21.183
5 24 22.313 29.446 11.044 23.08 31.771 11.478 24.199 31.006 11.212 21.303 30.077 11.343
5 24 22.702 39.41 14.247 19.463 35.09 13.833 22.063 35.186 13.055 20.128 40.375 15.068
5 24 5.523 -4.771 -7.966 5.084 -5.174 -7.625 5.434 -5.257 -7.066 4.912 -5.089 -8.064
5 24 38.07 34.349 9.452 37.82 37.936 9.211 37.042 37.347 10.371 38.983 35.12 7.637
5 24 38.693 27.12 .097 39.64 27.397 1.186 39.172 26.999 1.477 39.359 27.764 -.206
5 24 -4.489 -4.443 11.459 -3.268 -4.721 12.853 -5.031 -2.122 13.002 -3.161 -5.85 11.49
5 24 37.631 26.903 2.24 36.493 26.934 4.448 35.808 27.55 3.614 38.542 26.922 3.44
5 24 8.694 1.572 15.48 9.393 2.246 13.793 9.07 5.695 15.418 8.639 -.309 14.599
5 24 20.034 18.815 8.543 19.646 20.719 6.617 19.05 17.173 6.693 21.726 22.954 8.23
5 24 9.093 27.492 13.267 6.071 29.335 13.752 4.38 26.141 13.496 8.98 34.137 14.371
5 24 31.905 27.502 13.328 31.796 28.161 14.296 30.901 27.486 14.631 32.806 28.336 12.793
5 24 -8.956 -6.608 4.635 -5.622 -7.03 4.99 -5.808 -8.292 4.115 -8.207 -5.433 5.612
5 24 32.806 28.336 12.793 31.905 27.502 13.328 31.796 28.161 14.296 33.419 27.848 12.017
5 24 -2.584 24.829 13.307 2.356 22.488 13.357 0 17.7 13 .716 28.663 13.933
5 24 -8.255 5.228 15.166 -7.299 5.264 17.152 -8.233 8.999 17.367 -6.544 1.583 14.481
5 24 5.835 49.091 19.69 5.129 49.631 20.048 7.437 51.906 19.76 2.339 45.317 19.714
5 24 2.892 44.917 19.474 5.835 49.091 19.69 6.332 48.732 19.627 2.339 45.317 19.714
5 24 34.746 42.194 9.492 32.197 43.116 10.941 33.863 43.848 10.855 33.373 41.299 9.841
5 24 7.807 16.408 19.045 8.165 18.772 20.592 7.275 16.115 20.243 8.686 18.804 19.368
5 24 17.17 54.128 17.56 17.114 54.075 18.32 16.273 54.338 18.378 18.116 53.859 17.682
5 24 4.304 -2.301 14.885 8.639 -.309 14.599 8.116 -3.028 12.775 6.09 1.019 16.019
5 24 36.663 33.879 2.766 35.654 35.197 4.412 37.243 35.858 2.839 36.337 32.56 3.622
5 24 -2.865 -10.06 1.469 -2.667 -10.217 -.915 .998 -10.292 1.703 -6.071 -9.03 -.671
5 24 -12.555 -4.247 3.28 -9.585 -7.046 2.473 -13.343 -4.162 .75 -8.956 -6.608 4.635
5 24 -14.738 -.763 4.366 -12.555 -4.247 3.28 -13.346 -1.013 6.473 -13.343 -4.162 .75
5 24 -17.472 13.909 -6.553 -13.567 14.402 -6.609 -14.167 16.754 -4.478 -12.891 11.561 -8.599
5 24 -.967 32.489 20.458 2.993 35.688 20.542 -1.68 29.766 19.653 2.132 36.412 21.184
5 24 31.8 43.484 15.772 30.774 42.154 16.505 30.578 42.471 16.624 32.013 43.161 15.623
5 24 27.239 49.27 14.59 27.723 48.531 14.486 28.02 49.208 14.525 26.742 48.086 14.518
5 24 32.369 46.558 15.681 30.96 47.298 15.997 30.926 47.546 15.317 31.917 46.1 16.434
5 24 39.768 34.072 4.735 39.535 33.709 5.644 39.704 33.237 4.628 39.65 35.397 5.549
5 24 10.515 45.855 20.872 11.145 49.233 20.716 8.759 47.146 21.012 12.781 47.881 20.473
5 24 20.932 49.844 19.68 21.263 51.588 19.102 19.485 50.668 19.442 22.5 51.345 19.12
5 24 27.239 49.27 14.59 27.006 49.979 15.335 25.847 48.969 14.658 28.106 50.08 15.21
5 24 14.462 9.86 12.78 15.547 11.792 11.303 15.219 12.812 13.624 15.318 10.21 10.663
5 24 -2.869 41.212 15.651 .179 46.942 18.415 -3.713 41.509 18.071 1.401 46.784 16.057
5 24 4.116 -7.085 10.249 2.918 -8.015 8.776 5.258 -7.259 8.882 .517 -7.627 10.05
5 24 4.643 -5.198 -8.461 4.289 -6.157 -9.912 3.767 -6.219 -8.791 5.1 -4.507 -8.88
5 24 5.114 43.252 15.554 1.557 38.707 15.256 1.401 46.784 16.057 3.751 37.045 15.112
5 24 33.419 27.848 12.017 33.274 27.002 11.191 31.905 27.502 13.328 34.823 28.115 10.77
5 24 34.595 39.475 9.208 33.373 41.299 9.841 32.32 38.302 10.267 35.611 40.388 8.543
5 24 -1.954 17.57 20.219 -4.789 17.57 19.263 -2.824 14.261 19.781 -2.484 22.455 20.194
5 24 -14.738 -.763 4.366 -13.346 -1.013 6.473 -15.935 2.543 5.755 -12.555 -4.247 3.28
5 24 14.132 .905 -7.511 12.77 -.271 -6.645 12.19 -1.65 -8.31 14.931 3.148 -5.254
5 24 10.561 20.693 9.956 14.296 22.849 8.773 11.393 23.396 11.017 12.933 20.234 6.916
5 24 33.907 34.004 6.629 32.255 33.01 7.811 32.466 35.958 8.779 33.584 31.24 7.175
5 24 10.407 -5.213 -5.759 8.625 -5.779 -6.207 8.564 -6.463 -4.63 9.65 -4.394 -6.867
5 24 35.102 38.017 10.966 33.978 36.485 12.765 35.309 37.423 10.641 33.721 36.809 12.744
5 24 -1.415 39.558 19.515 -.815 39.074 20.37 -3.27 37.144 19.347 2.892 44.917 19.474
5 24 -7.254 -3.459 11.34 -5.031 -2.122 13.002 -4.489 -4.443 11.459 -7.644 -1.648 12.675
5 24 -18.206 3.64 -4.897 -17.693 3.925 -1.727 -16.128 -.337 -3.251 -19.204 7.954 -2.758
5 24 -9.151 -7.56 -4.891 -5.451 -9.598 -8.18 -8.76 -8.158 -7.966 -5.607 -9.148 -5.038
5 24 1.401 46.784 16.057 5.114 43.252 15.554 1.557 38.707 15.256 7.673 46.739 15.955
5 24 38.766 32.895 1.831 39.38 32.94 2.442 38.714 34.305 2.153 38.483 32.296 2.526
5 24 31.62 35.828 10.648 31.453 36.155 10.924 29.026 33.933 11.225 32.904 36.677 10.054
5 24 26.846 32.033 17.361 27.534 31.062 17.555 24.431 29.259 18.31 29.37 33.691 16.157
5 24 25.186 37.188 13.402 23.275 34.292 12.205 22.592 34.651 13.091 25.773 36.843 12.126
5 24 .129 32.936 14.641 2.966 31.177 14.204 3.751 37.045 15.112 .716 28.663 13.933
5 24 19.912 52.302 17.695 19.485 50.668 19.442 18.946 51.753 17.837 21.263 51.588 19.102
5 24 1.95 -6.048 12.293 5.158 -4.234 13.247 4.304 -2.301 14.885 5.891 -5.661 11.426
5 24 22.493 52.459 17.834 22.807 51.862 18.701 24.422 51.801 17.648 21.4 52.373 18.402
5 24 -14.549 .61 -8.674 -15.456 -.151 -8.003 -11.84 -4.18 -8.9 -17.539 4.486 -6.06
5 24 24.624 50.919 15.476 25.074 51.249 16.724 24.412 51.773 16.02 25.044 50.467 15.883
5 24 26.497 31.328 10.652 26.28 31.781 11.206 29.259 33.468 10.12 24.6 30.36 11.126
5 24 -7.687 32.278 18.312 -5.818 30.769 19.226 -10.59 27.634 17.301 -4.118 35.27 19.505
5 24 1.568 -1.16 16.149 -.542 -3.333 14.976 -1.608 -1.222 16.097 2.692 -1.71 15.508
5 24 37.782 32.994 1.68 38.766 32.895 1.831 38.714 34.305 2.153 37.833 32.49 2.016
5 24 2.823 -8.393 -8.554 4.392 -6.766 -7.613 4.099 -6.601 -8.166 3.103 -9.096 -7.764
5 24 15.318 10.21 10.663 14.568 6.286 10.926 15.716 6.517 8.301 14.462 9.86 12.78
5 24 30.957 37.707 17.206 33.055 39.209 16.238 31.643 36.057 16.122 29.916 39.726 17.935
5 24 11.285 2.204 13.273 11.122 5.735 14.93 13.284 5.963 13.87 9.393 2.246 13.793
5 24 -18.881 14.833 -1.1 -19.056 12.117 -1.698 -19.284 11.418 -1.17 -18.877 12.738 -2.153
5 24 10.497 52.228 18.738 11.393 53.878 18.731 11.916 53.408 18.215 9.929 52.72 19.186
5 24 15.219 12.812 13.624 17.247 16.332 13.516 16.442 13.882 11.148 15.619 16.282 17.143
5 24 26.209 46.884 18.828 24.535 44.359 19.044 24.02 45.212 19.611 26.871 46.042 17.845
5 24 -12.555 -4.247 3.28 -13.343 -4.162 .75 -14.738 -.763 4.366 -9.585 -7.046 2.473
5 24 -11.641 16.799 15.372 -13.413 18.398 14.527 -12.589 15.236 14.522 -10.399 19.003 16.453
5 24 23.901 44.078 15.211 23.221 45.111 14.979 26.561 46.004 14.925 21.213 43.744 15.209
5 24 6.071 29.335 13.752 4.38 26.141 13.496 9.093 27.492 13.267 2.966 31.177 14.204
5 24 1.418 -9.6 -9.041 3.103 -9.096 -7.764 2.823 -8.393 -8.554 1.587 -10.524 -8.104
5 24 4.191 -3.011 -13.346 3.007 -4.297 -14.78 2.976 -1.272 -14.233 3.672 -6.342 -13.147
5 24 25.346 50.378 16.8 25.834 49.829 16.246 25.797 49.81 17.068 25.272 50.143 16.173
5 24 3.231 -7.742 -1.894 3.206 -8.626 -.745 4.163 -7.404 -.781 .646 -8.975 -2.284
5 24 28.705 49.361 17.42 28.51 48.563 17.981 28.226 49.03 18.022 29.41 48.694 17.021
5 24 -14.736 7.664 10.236 -12.736 10.855 12.724 -13.456 7.129 10.682 -13.907 11.694 12.548
5 24 29.636 48.584 15.577 28.886 47.569 16.62 29.41 48.694 17.021 29.114 47.846 15.846
5 24 35.75 42.497 10.24 36.821 39.706 9.035 37.297 39.806 9.954 35.611 40.388 8.543
5 24 3.649 50.575 18.517 5.11 50.992 16.386 1.401 46.784 16.057 6.202 53.009 18.598
5 24 39.075 27.75 3.787 37.95 27.943 6.146 39.171 29.828 4.328 37.435 26.763 5.512
5 24 31.917 46.1 16.434 30.96 47.298 15.997 30.564 46.967 16.694 32.369 46.558 15.681
5 24 36.923 32.899 2.603 36.663 33.879 2.766 37.614 34.322 2.017 36.337 32.56 3.622
5 24 12.882 -2.077 -6.199 10.407 -5.213 -5.759 9.65 -4.394 -6.867 13.455 -3.071 -4.989
5 24 .716 28.663 13.933 2.356 22.488 13.357 -2.584 24.829 13.307 4.38 26.141 13.496
5 24 25.68 47.56 18.943 23.194 46.72 19.559 25.08 48.341 18.835 23.593 45.923 19.659
5 24 22.063 35.186 13.055 19.463 35.09 13.833 20.371 33.205 12.791 22.702 39.41 14.247
5 24 6.426 -4.241 -8.101 9.65 -4.394 -6.867 8.686 -3.583 -7.696 6.679 -5.25 -7.348
5 24 -.743 -8.383 8.096 -.754 -8.674 6.103 -3.878 -7.549 8.068 2.126 -8.474 7.633
5 24 9.862 28.924 21.974 7.96 23.191 21.515 11.666 27.585 21.54 5.56 24.544 21.767
5 24 7.597 41.159 20.59 2.132 36.412 21.184 2.993 35.688 20.542 6.746 41.876 21.296
5 24 39.704 33.237 4.628 39.436 34.118 2.559 39.38 32.94 2.442 39.768 34.072 4.735
5 24 15.619 16.282 17.143 11.348 13.148 17.798 13.277 17.845 18.724 14.05 12.674 16.254
5 24 27.3 40.937 12.996 28.03 40.178 13.058 24.397 37.937 13.321 29.368 42.958 12.581
5 24 19.472 31.012 12.41 20.371 33.205 12.791 20.941 32.854 12.847 18.914 31.412 12.393
5 24 21.603 34.034 19.548 24.584 35.316 19.502 23.793 36.26 18.927 22.334 33.218 19.882
5 24 35.654 35.197 4.412 35.241 31.971 5.399 36.337 32.56 3.622 33.907 34.004 6.629
5 24 -4.819 23.159 19.46 -1.68 29.766 19.653 -5.619 24.24 18.2 -.71 29.363 20.589
5 24 17.494 10.361 .172 17.721 10.131 1.838 17.54 12.235 .939 17.742 8.056 .656
5 24 25.593 43.588 19.519 27.19 42.769 19.072 28.107 45.234 18.441 24.361 40.496 20
5 24 29.99 47.523 15.69 29.181 47.133 16.36 29.176 47.201 15.746 30.564 46.967 16.694
5 24 -13.285 6.222 12.042 -13.42 3.226 8.819 -13.097 2.338 10.376 -13.456 7.129 10.682
5 24 6.746 41.876 21.296 8.759 47.146 21.012 10.515 45.855 20.872 5.079 43.239 21.178
5 24 8.759 47.146 21.012 5.079 43.239 21.178 6.746 41.876 21.296 7.125 48.324 20.804
5 24 16.115 -.537 -2.192 13.455 -3.071 -4.989 13.454 -3.866 -3.489 16.168 .367 -3.594
5 24 22.662 28.459 10.602 25.037 24.986 9.223 24.806 29.947 10.675 21.118 27.87 10.502
5 24 38.714 34.305 2.153 39.38 32.94 2.442 38.766 32.895 1.831 39.436 34.118 2.559
5 24 33.055 39.209 16.238 34.913 40.445 15.07 33.735 37.256 14.982 33.304 42.395 16.091
5 24 36.916 37.103 3.829 35.654 35.197 4.412 36.237 37.872 5.039 37.243 35.858 2.839
5 24 16.05 47.713 16.056 16.169 47.25 16.005 16.539 47.973 16.139 13.862 47.816 15.903
5 24 18.133 14.248 6.032 18.523 15.914 7.621 19.05 17.173 6.693 17.354 12.887 7.401
5 24 1.623 -10.022 -5.376 3.103 -9.096 -7.764 3.091 -8.894 -5.854 1.587 -10.524 -8.104
5 24 26.029 42.05 13.646 24.397 37.937 13.321 22.702 39.41 14.247 27.3 40.937 12.996
5 24 5.456 32.806 21.691 3.596 34.847 21.195 10.249 37.922 21.72 -.71 29.363 20.589
5 24 23.066 29.404 10.959 24.199 31.006 11.212 22.313 29.446 11.044 24.6 30.36 11.126
5 24 28.371 29.379 9.362 28.074 26.28 9.435 24.806 29.947 10.675 29.779 26.843 9.014
5 24 17.761 12.2 4.453 17.847 13.857 2.996 17.717 9.477 3.358 18.408 15.697 4.825
5 24 -5.441 -6.191 -13.745 -2.398 -6.113 -15.857 -2.966 -7.436 -13.756 -5.242 -4.517 -15.878
5 24 -10.813 -3.217 -9.549 -11.22 -3.18 -11.526 -14.549 .61 -8.674 -8.242 -5.54 -11.787
5 24 -15.304 21.466 6.036 -10.891 17.564 6.65 -12.011 16.448 4.975 -13.73 23.129 10.025
5 24 26.464 49.075 18.385 25.289 49.594 17.549 26.869 50.139 17.057 25.08 48.341 18.835
5 24 27.006 49.979 15.335 28.106 50.08 15.21 27.999 50.209 15.919 27.239 49.27 14.59
5 24 -.645 -9.938 -9.261 -2.774 -9.493 -9.284 -2.893 -10.532 -8.258 -.622 -8.914 -9.918
5 24 4.095 11.23 19.86 .899 10.438 19.755 2.146 7.429 18.914 .645 13.826 20.415
5 24 11.417 -4.318 .647 8.167 -7.393 .503 7.783 -6.319 -.595 11.634 -5.393 1.741
5 24 -2.964 1.977 17.221 -.059 2.829 18.071 .847 -.021 16.846 -1.392 6.463 19.05
5 24 3.672 -6.342 -13.147 3.007 -4.297 -14.78 4.191 -3.011 -13.346 2.62 -7.271 -14.207
5 24 14.5 5.199 -8.738 15.523 3.239 -6.478 16.382 5.461 -5.452 13.24 3.058 -9.771
5 24 -17.539 4.486 -6.06 -18.741 8.544 -3.722 -19.204 7.954 -2.758 -17.997 9.061 -4.477
5 24 39.307 36.816 6.654 38.95 36.248 3.835 39.65 35.397 5.549 38.423 38.018 5.271
5 24 36.089 31.706 3.308 36.504 32.127 3.599 35.439 31.572 5.428 36.609 31.98 2.498
5 24 22.807 51.862 18.701 21.263 51.588 19.102 21.4 52.373 18.402 22.5 51.345 19.12
5 24 36.089 31.706 3.308 35.439 31.572 5.428 36.504 32.127 3.599 35.064 31.156 5.09
5 24 -13.907 24.026 13.915 -13.73 23.129 10.025 -11.824 26.325 12.37 -15.833 21.638 11.44
5 24 -6.019 -8.945 1.758 -9.851 -7.124 -.145 -9.585 -7.046 2.473 -6.071 -9.03 -.671
5 24 9.501 50.562 20.632 8.759 47.146 21.012 11.145 49.233 20.716 7.125 48.324 20.804
5 24 17.372 15.948 1.296 18.408 15.697 4.825 17.847 13.857 2.996 17.873 17.555 3.113
5 24 22.592 34.651 13.091 23.275 34.292 12.205 25.186 37.188 13.402 21.654 32.701 12.139
5 24 11.834 -2.938 9.472 13.31 -2.543 6.347 9.57 -5.797 7.404 14.498 .605 8.104
5 24 18.999 17.334 9.402 18.523 15.914 7.621 20.034 18.815 8.543 17.548 14.396 8.772
5 24 8.972 -6.435 -1.731 9.891 -6.318 -2.959 12.514 -4.59 -.668 7.505 -6.944 -3.422
5 24 -9.151 -7.56 -4.891 -5.758 -7.743 -2.097 -5.607 -9.148 -5.038 -8.911 -5.874 -1.627
5 24 16.741 13.268 -1.768 17.54 12.235 .939 17.288 10.979 -.739 16.97 14.429 -.471
5 24 19.862 28.577 10.921 18.022 29.292 11.619 18.712 29.37 11.483 18.788 27.413 10.452
5 24 31.334 45.038 12.236 32.228 44.163 12.874 32.511 45.297 12.479 31.431 43.82 12.606
5 24 31.334 45.038 12.236 32.079 45.698 12.315 32.511 45.297 12.479 31.334 45.917 12.351
5 24 22.063 35.186 13.055 22.592 34.651 13.091 20.941 32.854 12.847 25.186 37.188 13.402
5 24 -15.935 2.543 5.755 -14.691 3.445 8.289 -16.292 5.817 7.242 -13.346 -1.013 6.473
5 24 34.639 27.576 5.446 36.063 26.687 7.447 32.776 27.324 7.374 36.493 26.934 4.448
5 24 24.373 31.198 18.503 23.369 32.211 19.322 25.724 33.906 18.773 20.108 29.291 19.674
5 24 -16.292 5.817 7.242 -15.935 2.543 5.755 -17.688 6.727 5.405 -14.691 3.445 8.289
5 24 8.369 5.054 16.912 5.896 4.49 17.361 7.585 8.833 18.408 8.694 1.572 15.48
5 24 1.6 45.85 20.009 2.339 45.317 19.714 5.129 49.631 20.048 -2.386 40.298 19.601
5 24 17.725 5.465 1.848 17.399 4.444 3.094 17.598 4.7 2 17.525 6.398 3.699
5 24 9.971 -3.349 -8.739 11.022 -2.203 -7.343 12.19 -1.65 -8.31 8.686 -3.583 -7.696
5 24 30.327 32.757 16.414 31.311 35.02 14.922 32.733 34.145 15.135 29.37 33.691 16.157
5 24 -16.992 5.514 -8.178 -14.549 .61 -8.674 -14.994 .958 -10.241 -16.63 5.213 -6.765
5 24 21.259 46.434 19.302 20.674 47.365 20.203 20.364 45.643 19.976 22.497 47.635 18.658
5 24 37.034 30.126 1.354 36.384 29.778 2.682 37.11 28.389 .933 36.609 31.98 2.498
5 24 33.39 36.568 8.129 33.907 34.004 6.629 34.803 37.227 6.591 32.466 35.958 8.779
5 24 33.055 39.209 16.238 33.735 37.256 14.982 34.913 40.445 15.07 31.643 36.057 16.122
5 24 29.803 44.947 12.697 29.137 45.612 13.01 28.362 43.828 13.1 30.338 46.183 12.657
5 24 15.119 6.842 6.947 17.208 11.015 6.144 14.865 10.188 9.149 17.428 8.761 4.664
5 24 4.392 -6.766 -7.613 4.913 -6.051 -5.41 4.279 -7.216 -5.498 5.084 -5.174 -7.625
5 24 -8.911 -5.874 -1.627 -9.851 -7.124 -.145 -12.542 -3.151 -.995 -6.071 -9.03 -.671
5 24 17.247 16.332 13.516 19.016 18.216 12.997 16.954 18.294 17.36 17.697 15.594 10.259
5 24 36.631 41.698 12.907 36.808 39.339 12.022 36.035 41.265 13.855 37.036 39.803 11.626
5 24 33.811 37.892 9.794 32.32 38.302 10.267 34.595 39.475 9.208 32.785 37.335 10.342
5 24 30.957 37.707 17.206 27.441 37.64 18.925 29.916 39.726 17.935 28.393 35.947 18.158
5 24 22.807 51.862 18.701 24.422 51.801 17.648 24.368 51.416 18.489 22.493 52.459 17.834
5 24 17.084 50.834 16.51 15.948 52.745 16.343 15.434 51.389 16.182 17.626 52.408 16.764
5 24 32.255 33.01 7.811 32.466 35.958 8.779 33.907 34.004 6.629 31.379 35.093 9.287
5 24 -4.487 5.836 18.047 -5.617 9.698 18.336 -7.299 5.264 17.152 -2.756 10.464 19.425
5 24 27.044 48.368 18.454 28.226 49.03 18.022 27.499 47.783 18.375 27.598 49.398 18.062
5 24 33.584 31.24 7.175 33.907 34.004 6.629 35.241 31.971 5.399 32.255 33.01 7.811
5 24 29.368 42.958 12.581 28.362 43.828 13.1 27.3 40.937 12.996 29.803 44.947 12.697
5 24 10.997 9.486 16.544 11.122 5.735 14.93 13.393 9.506 15.186 9.07 5.695 15.418
5 24 36.929 27.565 1.266 38.693 27.12 .097 37.631 26.903 2.24 38.09 27.761 -.332
5 24 17.697 15.594 10.259 19.016 18.216 12.997 18.999 17.334 9.402 17.247 16.332 13.516
5 24 10.243 48.892 15.798 11.143 51.607 16.513 11.914 51.206 15.993 9.459 49.291 16.234
5 24 36.121 36.513 11.709 33.978 36.485 12.765 35.309 37.423 10.641 34.47 35.354 13.631
5 24 9.192 17.43 9.192 10.561 20.693 9.956 4.975 17.675 12.011 12.933 20.234 6.916
5 24 17.223 49.154 16.427 17.084 50.834 16.51 18.051 50.505 16.869 16.619 49.513 16.292
5 24 6.376 2.469 -10.626 9.012 -1.138 -11.469 6.024 1.071 -11.623 7.493 2.997 -10.034
5 24 6.09 1.019 16.019 3.383 3.99 17.612 4.025 .662 16.318 5.896 4.49 17.361
5 24 33.274 27.002 11.191 33.047 26.201 10.181 31.662 25.864 10.86 34.637 27.199 10.104
5 24 4.183 16.282 20.97 1.041 16.627 20.876 3.952 14.023 20.568 2.435 20.36 21.371
5 24 18.682 53.115 17.863 18.946 51.753 17.837 18.713 52.9 18.576 18.872 51.789 17.613
5 24 17.372 15.948 1.296 13.235 16.69 2.274 13 14.514 0 17.873 17.555 3.113
5 24 37.599 30.886 6.654 39.191 32.418 6.262 38.548 31.785 7.675 38.346 31.461 4.938
5 24 -8.805 -3.518 10.047 -10.518 -3.719 8.264 -9.657 -1.528 11.277 -7.46 -5.673 8.669
5 24 19.41 45.415 15.498 17.196 47.429 15.884 18.293 48.596 15.796 16.169 47.25 16.005
5 24 38.714 34.305 2.153 38.309 36.162 3.19 37.243 35.858 2.839 39.436 34.118 2.559
5 24 -9.657 -1.528 11.277 -7.254 -3.459 11.34 -8.805 -3.518 10.047 -7.644 -1.648 12.675
5 24 -10.59 27.634 17.301 -8.685 26.243 18.171 -5.818 30.769 19.226 -12.028 20.853 15.932
5 24 26.91 45.415 14.227 27.994 46.715 14.844 28.459 46.404 13.887 26.561 46.004 14.925
5 24 37.11 28.389 .933 37.034 30.126 1.354 36.384 29.778 2.682 38.025 29.532 -.344
5 24 -7.918 -5.377 -9.896 -8.436 -6.81 -9.25 -5.157 -7.123 -10.111 -11.84 -4.18 -8.9
5 24 -14.549 .61 -8.674 -11.22 -3.18 -11.526 -14.994 .958 -10.241 -10.813 -3.217 -9.549
5 24 2.146 7.429 18.914 1.786 3.618 17.039 .197 7.083 17.998 3.383 3.99 17.612
5 24 -11.503 -4.047 5.568 -10.611 -3.256 6.388 -8.207 -5.433 5.612 -13.346 -1.013 6.473
5 24 4.095 -6.981 -1.589 4.693 -6.788 -2.565 4.323 -6.94 -2.715 4.45 -7.017 -1.467
5 24 15.158 24.959 19.948 15.524 24.424 19.404 20.306 28.008 18.969 12.808 22.617 19.962
5 24 2.126 -8.474 7.633 3.212 -8.248 6.857 3.833 -8.043 7.475 2.819 -8.33 6.228
5 24 -17.581 9.862 -7.631 -17.472 13.909 -6.553 -16.7 10.67 -9.286 -18.136 12.452 -5.499
5 24 4.45 -7.017 -1.467 4.095 -6.981 -1.589 4.693 -6.788 -2.565 4.163 -7.404 -.781
5 24 18.764 50.505 16.208 19.691 52.015 16.59 18.719 51.588 17.343 19.521 50.21 15.658
5 24 -14.647 20.175 13.737 -12.028 20.853 15.932 -13.413 18.398 14.527 -13.305 22.665 15.238
5 24 -15.935 2.543 5.755 -17.688 6.727 5.405 -17.19 3.291 3.365 -16.292 5.817 7.242
5 24 -8.805 -3.518 10.047 -9.657 -1.528 11.277 -7.254 -3.459 11.34 -10.518 -3.719 8.264
5 24 19.731 45.629 20.494 16.841 45.092 20.87 19.781 44.992 20.509 18.01 47.033 20.472
5 24 8.112 24.365 12.818 11.393 23.396 11.017 12.703 26.263 11.768 7.356 21.482 12.383
5 24 -13.413 18.398 14.527 -14.647 20.175 13.737 -15.839 17.598 11.764 -12.028 20.853 15.932
5 24 17.517 30.979 20.819 17.846 30.468 20.072 20.894 34.529 20.559 13.935 26.14 20.302
5 24 24.397 37.937 13.321 22.702 39.41 14.247 26.029 42.05 13.646 22.063 35.186 13.055
5 24 .614 37.841 20.875 -2.309 33.978 20.237 2.132 36.412 21.184 -.815 39.074 20.37
5 24 32.511 45.297 12.479 32.228 44.163 12.874 31.334 45.038 12.236 32.689 44.388 13.328
5 24 32.511 45.297 12.479 32.689 44.388 13.328 32.982 45.222 13.04 32.228 44.163 12.874
5 24 24.397 37.937 13.321 25.186 37.188 13.402 22.063 35.186 13.055 28.03 40.178 13.058
5 24 -6.071 -9.03 -.671 -5.758 -7.743 -2.097 -8.911 -5.874 -1.627 -2.584 -8.664 -2.24
5 24 3.952 14.023 20.568 1.041 16.627 20.876 4.183 16.282 20.97 .645 13.826 20.415
5 24 -5.607 -9.148 -5.038 -5.451 -9.598 -8.18 -2.893 -10.532 -8.258 -9.151 -7.56 -4.891
5 24 13.862 47.816 15.903 14.834 49.98 16.059 16.105 48.201 16.111 11.914 51.206 15.993
5 24 25.593 43.588 19.519 24.535 44.359 19.044 26.871 46.042 17.845 23.024 41.734 20.202
5 24 -2.964 1.977 17.221 .847 -.021 16.846 -1.608 -1.222 16.097 -.059 2.829 18.071
5 24 12.824 22.01 19.645 12.17 20.451 19.513 13.445 21.164 19.447 11.29 20.754 19.725
5 24 31.175 26.604 13.093 30.901 27.486 14.631 31.905 27.502 13.328 29.554 25.97 13.674
5 24 25.037 24.986 9.223 28.449 24.813 11.713 25.752 23.504 11.874 28.074 26.28 9.435
5 24 -17.449 10.069 7.054 -17.624 11.938 6.247 -17.688 6.727 5.405 -16.746 13.973 9.39
5 24 10.243 48.892 15.798 11.022 45.225 15.649 13.862 47.816 15.903 8.285 46.446 15.664
5 24 25.757 32.339 11.197 27.1 35.629 11.381 28.179 34.659 11.145 24.657 33.215 11.477
5 24 17.354 12.887 7.401 15.329 11.247 9.695 14.865 10.188 9.149 17.548 14.396 8.772
5 24 32.982 45.222 13.04 32.689 44.388 13.328 32.511 45.297 12.479 33.186 45.204 13.729
5 24 -5.451 -9.598 -8.18 -5.307 -8.506 -9.269 -8.76 -8.158 -7.966 -2.774 -9.493 -9.284
5 24 15.948 52.745 16.343 14.92 54.062 16.563 16.01 54.091 16.694 13.668 53.226 16.167
5 24 21.715 48.578 15.24 22.364 50.338 15.238 19.521 50.21 15.658 23.838 47.847 15.083
5 24 31.011 28.684 8.527 30.463 31.568 8.68 28.371 29.379 9.362 32.634 30.482 7.692
5 24 37.934 32.262 2.058 37.708 31.16 .699 38.818 30.961 1.043 37.192 32.187 1.673
5 24 32.079 45.698 12.315 32.982 45.222 13.04 32.511 45.297 12.479 32.038 46.699 13.46
5 24 2.757 .214 16.062 .847 -.021 16.846 1.568 -1.16 16.149 -.059 2.829 18.071
5 24 -9.585 -7.046 2.473 -5.808 -8.292 4.115 -8.956 -6.608 4.635 -6.019 -8.945 1.758
5 24 24.737 43.172 14.223 24.29 43.655 14.694 26.91 45.415 14.227 21.819 41.385 14.889
5 24 21.118 27.87 10.502 25.037 24.986 9.223 22.662 28.459 10.602 21.726 22.954 8.23
5 24 18.523 15.914 7.621 17.354 12.887 7.401 17.548 14.396 8.772 18.133 14.248 6.032
5 24 -11.533 5.331 13.684 -13.097 2.338 10.376 -10.718 1.705 12.614 -13.285 6.222 12.042
5 24 18.999 17.334 9.402 17.548 14.396 8.772 18.523 15.914 7.621 17.697 15.594 10.259
5 24 7.43 -3.202 -10.849 5.539 -3.723 -9.882 5.419 -2.111 -11.645 6.655 -4.279 -9.234
5 24 -10.59 27.634 17.301 -12.028 20.853 15.932 -8.685 26.243 18.171 -13.305 22.665 15.238
5 24 38.542 26.922 3.44 36.493 26.934 4.448 37.631 26.903 2.24 37.435 26.763 5.512
5 24 22.058 52.536 16.406 20.702 52.58 16.387 20.544 52.614 17.071 21.828 52.465 15.622
5 24 -16.992 5.514 -8.178 -17.581 9.862 -7.631 -16.717 6.477 -9.806 -18.01 9.163 -6.022
5 24 31.011 28.684 8.527 32.822 29.004 7.15 32.634 30.482 7.692 32.776 27.324 7.374
5 24 36.406 27.601 8.274 36.063 26.687 7.447 34.378 26.509 9.264 37.95 27.943 6.146
5 24 36.406 27.601 8.274 34.637 27.199 10.104 34.378 26.509 9.264 36.555 28.631 8.839
5 24 29.259 33.468 10.12 26.28 31.781 11.206 26.497 31.328 10.652 29.026 33.933 11.225
5 24 25.07 50.111 17.436 24.368 51.416 18.489 23.725 50.888 19.296 25.346 50.378 16.8
5 24 -.645 -9.938 -9.261 -.622 -8.914 -9.918 1.215 -8.668 -9.681 -2.774 -9.493 -9.284
5 24 6.202 53.009 18.598 7.704 53.056 16.646 5.11 50.992 16.386 10.833 55.62 17.754
5 24 17.372 15.948 1.296 17.847 13.857 2.996 18.408 15.697 4.825 16.97 14.429 -.471
5 24 -13.722 23.372 14.646 -10.59 27.634 17.301 -13.305 22.665 15.238 -11.52 28.36 15.954
5 24 10.125 22.058 20.835 8.686 18.804 19.368 8.165 18.772 20.592 10.608 21.83 20.017
5 24 36.609 31.98 2.498 37.034 30.126 1.354 37.192 32.187 1.673 36.384 29.778 2.682
5 24 3.676 -7.754 -3.116 4.323 -6.94 -2.715 3.231 -7.742 -1.894 4.279 -7.216 -5.498
5 24 11.916 53.408 18.215 11.336 52.136 20.146 13.007 53.618 19.65 10.497 52.228 18.738
5 24 24.465 49.985 15.328 25.044 50.467 15.883 25.04 49.582 15.737 24.624 50.919 15.476
5 24 28.147 47.9 14.626 28.479 47.416 14.975 27.84 46.97 14.864 28.75 48.505 14.552
5 24 12.824 22.01 19.645 13.445 21.164 19.447 12.17 20.451 19.513 16.15 23.377 19.318
5 24 11.145 49.233 20.716 13.042 50.861 20.352 11.336 52.136 20.146 12.781 47.881 20.473
5 24 20.371 33.205 12.791 20.941 32.854 12.847 19.472 31.012 12.41 22.063 35.186 13.055
5 24 -17.688 6.727 5.405 -16.292 5.817 7.242 -15.935 2.543 5.755 -16.176 8.85 8.718
5 24 30.063 25.393 11.416 29.779 26.843 9.014 31.662 25.864 10.86 28.074 26.28 9.435
5 24 16.273 54.338 18.378 16.91 53.792 19.302 15.285 54.501 18.461 17.114 54.075 18.32
5 24 10.496 -2.034 -9.885 11.231 .518 -10.706 9.012 -1.138 -11.469 12.19 -1.65 -8.31
5 24 -15.395 20.963 12.673 -15.833 21.638 11.44 -13.907 24.026 13.915 -16.611 18.971 10.244
5 24 14.258 54.292 19.249 12.574 53.792 17.446 14.472 54.526 17.82 13.007 53.618 19.65
5 24 9.636 52.213 16.336 9.459 49.291 16.234 5.11 50.992 16.386 11.143 51.607 16.513
5 24 37.192 32.187 1.673 37.934 32.262 2.058 37.035 32.401 2.486 37.708 31.16 .699
5 24 -9.151 -7.56 -4.891 -8.76 -8.158 -7.966 -12.719 -5.083 -7.613 -5.451 -9.598 -8.18
5 24 4.683 -4.815 -11.773 5.008 -1.743 -12.178 5.333 -3.736 -10.288 4.191 -3.011 -13.346
5 24 9.459 49.291 16.234 10.243 48.892 15.798 8.285 46.446 15.664 11.143 51.607 16.513
5 24 8.639 -.309 14.599 9.313 .329 12.633 9.393 2.246 13.793 8.116 -3.028 12.775
5 24 18.523 15.914 7.621 19.05 17.173 6.693 20.034 18.815 8.543 18.133 14.248 6.032
5 24 23.838 47.847 15.083 21.715 48.578 15.24 22.364 50.338 15.238 23.137 46.872 14.977
5 24 18.946 51.753 17.837 18.713 52.9 18.576 18.682 53.115 17.863 18.191 52.553 19.39
5 24 23.369 32.211 19.322 24.584 35.316 19.502 22.334 33.218 19.882 25.724 33.906 18.773
5 24 27.723 48.531 14.486 28.147 47.9 14.626 28.75 48.505 14.552 27.363 47.428 14.636
5 24 -12.891 11.561 -8.599 -10.498 7.501 -7.239 -12.011 11.603 -4.975 -11.956 8.557 -10.309
5 24 -18.655 7.951 .382 -16.604 4.481 1.671 -17.693 3.925 -1.727 -17.527 8.11 3.746
5 24 16.619 49.513 16.292 16.105 48.201 16.111 17.223 49.154 16.427 14.834 49.98 16.059
5 24 -15.833 21.638 11.44 -13.73 23.129 10.025 -17.281 20.316 8.088 -13.907 24.026 13.915
5 24 38.714 34.305 2.153 37.782 32.994 1.68 37.614 34.322 2.017 38.766 32.895 1.831
5 24 -11.641 16.799 15.372 -11.466 14.546 14.532 -12.589 15.236 14.522 -10.126 16.547 15.311
5 24 4.643 -5.198 -8.461 4.099 -6.601 -8.166 4.912 -5.089 -8.064 3.767 -6.219 -8.791
5 24 28.566 46.992 14.938 29.73 47.559 14.783 29.636 47.194 13.672 28.967 47.19 15.255
5 24 20.034 18.815 8.543 18.999 17.334 9.402 18.523 15.914 7.621 19.016 18.216 12.997
5 24 -1.608 -1.222 16.097 -2.964 1.977 17.221 -5.574 1.419 16.407 .847 -.021 16.846
5 24 14.755 20.499 5.822 17.873 17.555 3.113 13.588 18.302 3.925 18.539 19.077 4.882
5 24 17.393 5.465 -1.848 17.108 5.759 -2.755 17.326 4.7 -2 17.462 6.114 -1.414
5 24 7.96 23.191 21.515 8.165 18.772 20.592 5.299 19.49 21.343 10.125 22.058 20.835
5 24 19.912 52.302 17.695 20.544 52.614 17.071 20.732 52.657 17.555 19.846 52.155 17.266
5 24 -3.878 -7.549 8.068 -.743 -8.383 8.096 -1.891 -6.763 11.214 -.754 -8.674 6.103
5 24 .614 37.841 20.875 -.815 39.074 20.37 3.572 44.46 20.773 -2.309 33.978 20.237
5 24 15.219 12.812 13.624 14.462 9.86 12.78 13.393 9.506 15.186 15.547 11.792 11.303
5 24 -.926 -8.309 -13.463 .702 -8.836 -12.967 .055 -9.159 -12.076 .838 -8.033 -14.364
5 24 7.283 30.82 21.925 4.365 25.613 20.839 8.418 30.005 21.074 3.26 26.373 21.565
5 24 29.73 47.559 14.783 28.967 47.19 15.255 28.566 46.992 14.938 29.99 47.523 15.69
5 24 29.99 47.523 15.69 29.176 47.201 15.746 29.181 47.133 16.36 28.967 47.19 15.255
5 24 16.006 31.188 12.921 12.703 26.263 11.768 17.922 29.985 11.952 12.801 32.71 13.909
5 24 15.995 32.238 21.46 17.517 30.979 20.819 19.674 35.993 21.064 13.371 26.367 20.971
5 24 15.191 19.977 18.709 13.277 17.845 18.724 16.954 18.294 17.36 12.17 20.451 19.513
5 24 4.183 16.282 20.97 3.952 14.023 20.568 1.041 16.627 20.876 7.102 14.386 19.936
5 24 14.296 22.849 8.773 11.393 23.396 11.017 10.561 20.693 9.956 12.703 26.263 11.768
5 24 30.901 27.486 14.631 31.618 29.753 15.279 31.796 28.161 14.296 28.413 28.771 16.851
5 24 4.684 2.014 -11.308 6.024 1.071 -11.623 3.748 1.213 -12.21 6.376 2.469 -10.626
5 24 18.106 51.074 18.376 19.485 50.668 19.442 18.946 51.753 17.837 17.708 49.399 19.85
5 24 35.654 35.197 4.412 34.803 37.227 6.591 33.907 34.004 6.629 36.237 37.872 5.039
5 24 24.6 30.36 11.126 24.806 29.947 10.675 26.497 31.328 10.652 23.066 29.404 10.959
5 24 4.116 -7.085 10.249 5.258 -7.259 8.882 2.918 -8.015 8.776 6.909 -5.647 10.593
5 24 23.838 47.847 15.083 24.809 48.26 14.78 24.442 48.73 15.32 24.165 47.587 14.848
5 24 39.172 26.999 1.477 39.075 27.75 3.787 39.64 27.397 1.186 38.542 26.922 3.44
5 24 36.237 37.872 5.039 37.785 37.765 4.466 37.007 38.621 5.888 36.916 37.103 3.829
5 24 7.437 51.906 19.76 6.202 53.009 18.598 8.443 54.603 18.851 5.129 49.631 20.048
5 24 17.708 49.399 19.85 19.434 48.27 20.167 19.485 50.668 19.442 18.01 47.033 20.472
5 24 -5.607 -9.148 -5.038 -2.893 -10.532 -8.258 -5.451 -9.598 -8.18 -2.86 -9.904 -5.174
5 24 30.957 37.707 17.206 29.086 34.503 17.222 31.643 36.057 16.122 28.393 35.947 18.158
5 24 -5.818 30.769 19.226 -8.685 26.243 18.171 -6.557 24.628 18.691 -10.59 27.634 17.301
5 24 14.755 20.499 5.822 12.933 20.234 6.916 13.588 18.302 3.925 14.296 22.849 8.773
5 24 12.933 20.234 6.916 14.296 22.849 8.773 14.755 20.499 5.822 10.561 20.693 9.956
5 24 39.359 27.764 -.206 38.09 27.761 -.332 38.693 27.12 .097 38.16 28.435 -.626
5 24 26.561 46.004 14.925 23.221 45.111 14.979 23.901 44.078 15.211 26.078 46.727 14.701
5 24 34.935 29.579 12.298 34.961 32.303 13.089 37.031 30.69 10.212 33.193 31.139 14.387
5 24 -15.935 2.543 5.755 -15.937 -.242 1.951 -17.19 3.291 3.365 -14.738 -.763 4.366
5 24 -15.437 12.749 11.081 -14.736 7.664 10.236 -16.176 8.85 8.718 -13.907 11.694 12.548
5 24 31.528 46.259 12.511 31.334 45.917 12.351 32.079 45.698 12.315 30.338 46.183 12.657
5 24 26.029 42.05 13.646 24.737 43.172 14.223 22.702 39.41 14.247 27.361 44.692 13.616
5 24 4.191 -3.011 -13.346 2.976 -1.272 -14.233 3.007 -4.297 -14.78 5.008 -1.743 -12.178
5 24 33.274 27.002 11.191 34.823 28.115 10.77 34.637 27.199 10.104 33.419 27.848 12.017
5 24 39.171 29.828 4.328 38.783 31.934 3.176 39.725 30.409 2.347 38.346 31.461 4.938
5 24 6.805 -7.406 5.83 8.545 -5.309 8.313 9.57 -5.797 7.404 5.246 -6.73 6.868
5 24 2.976 -1.272 -14.233 5.008 -1.743 -12.178 4.191 -3.011 -13.346 3.941 .027 -12.948
5 24 14.018 -1.174 2.362 15.515 -1.227 .955 16.943 2.185 2.366 12.514 -4.59 -.668
5 24 39.535 33.709 5.644 38.983 35.12 7.637 39.65 35.397 5.549 39.191 32.418 6.262
5 24 30.774 42.154 16.505 30.578 42.471 16.624 31.8 43.484 15.772 28.643 40.659 17.44
5 24 11.29 20.754 19.725 10.608 21.83 20.017 8.686 18.804 19.368 11.976 22.188 20.195
5 24 21.828 52.465 15.622 22.364 50.338 15.238 20.826 52.093 15.534 23.649 51.812 15.278
5 24 18.872 51.789 17.613 18.682 53.115 17.863 18.442 53.056 17.289 18.946 51.753 17.837
5 24 -8.255 5.228 15.166 -9.966 4.768 14.754 -8.589 1.41 14.032 -9.168 9.037 15.461
5 24 36.555 28.631 8.839 37.599 30.886 6.654 36.139 29.975 9.236 38.007 29.628 6.523
5 24 17.257 3.286 -1.414 16.168 .367 -3.594 16.115 -.537 -2.192 17.293 3.935 -1.848
5 24 19.177 41.752 20.896 20.349 44.479 20.462 21.551 43.391 20.346 19.781 44.992 20.509
5 24 2.41 -7.612 -9.291 3.429 -7.535 -11.222 4.289 -6.157 -9.912 1.215 -8.668 -9.681
5 24 36.517 42.354 11.288 34.381 44.236 11.855 34.648 44.479 12.844 35.75 42.497 10.24
5 24 39.535 33.709 5.644 39.704 33.237 4.628 39.768 34.072 4.735 39.502 32.856 5.123
5 24 6.09 1.019 16.019 3.581 -.915 15.75 4.025 .662 16.318 4.304 -2.301 14.885
5 24 29.43 46.151 17.664 28.345 46.621 17.242 29.181 47.133 16.36 28.107 45.234 18.441
5 24 36.249 38.682 10.213 35.579 38.933 9.605 35.036 38.361 9.991 36.821 39.706 9.035
5 24 38.818 30.961 1.043 38.457 32.096 2.509 39.725 30.409 2.347 37.934 32.262 2.058
5 24 13.007 53.618 19.65 14.634 52.2 20.018 14.258 54.292 19.249 13.042 50.861 20.352
5 24 30.564 46.967 16.694 29.181 47.133 16.36 29.99 47.523 15.69 29.43 46.151 17.664
5 24 37.631 26.903 2.24 36.929 27.565 1.266 38.693 27.12 .097 35.808 27.55 3.614
5 24 23.793 36.26 18.927 25.595 39.282 19.535 23.059 36.777 20.191 26.267 38.508 18.22
5 24 -6.272 28.234 13.305 -8.344 24.353 11.588 -11.824 26.325 12.37 -4.599 26.721 13.304
5 24 -.542 -3.333 14.976 4.304 -2.301 14.885 2.692 -1.71 15.508 1.95 -6.048 12.293
5 24 14.05 12.674 16.254 15.219 12.812 13.624 13.393 9.506 15.186 15.619 16.282 17.143
5 24 34.823 28.115 10.77 34.444 29.144 11.142 36.139 29.975 9.236 33.419 27.848 12.017
5 24 -7.788 -2.787 -15.609 -2.311 -.935 -15.804 -7.016 1.478 -14.381 -5.242 -4.517 -15.878
5 24 17.293 3.935 -1.848 16.168 .367 -3.594 15.943 1.921 -4.622 17.257 3.286 -1.414
5 24 5.56 24.544 21.767 4.365 25.613 20.839 8.418 30.005 21.074 2.435 20.36 21.371
5 24 11.417 -4.318 .647 14.439 -2.082 3.576 14.018 -1.174 2.362 11.634 -5.393 1.741
5 24 20.108 29.291 19.674 18.653 29.811 20.291 15.158 24.959 19.948 22.334 33.218 19.882
5 24 9.531 16.416 19.075 7.749 14.785 18.731 7.807 16.408 19.045 11.348 13.148 17.798
5 24 38.983 35.12 7.637 39.65 35.397 5.549 39.307 36.816 6.654 39.535 33.709 5.644
5 24 23.194 46.72 19.559 22.497 47.635 18.658 21.259 46.434 19.302 25.08 48.341 18.835
5 24 7.845 -4.099 -8.897 6.426 -4.241 -8.101 6.655 -4.279 -9.234 8.686 -3.583 -7.696
5 24 20.932 49.844 19.68 19.485 50.668 19.442 21.263 51.588 19.102 19.434 48.27 20.167
5 24 -8.255 5.228 15.166 -8.589 1.41 14.032 -9.966 4.768 14.754 -6.544 1.583 14.481
5 24 16.198 50.9 19.747 18.106 51.074 18.376 16.978 50.196 18.845 18.191 52.553 19.39
5 24 30.391 43.339 17.59 30.782 45.257 17.27 29.316 44.336 18.086 31.77 44.441 16.866
5 24 8.972 -6.435 -1.731 11.417 -4.318 .647 12.514 -4.59 -.668 7.783 -6.319 -.595
5 24 -14.647 20.175 13.737 -13.722 23.372 14.646 -15.395 20.963 12.673 -13.305 22.665 15.238
5 24 5.1 -4.507 -8.88 5.539 -4.197 -8.964 5.742 -4.344 -8.479 5.539 -3.723 -9.882
5 24 -13.285 6.222 12.042 -12.002 9.267 14.318 -12.561 10.024 13.856 -11.533 5.331 13.684
5 24 24.809 48.26 14.78 24.442 48.73 15.32 25.358 49.473 15.572 23.838 47.847 15.083
5 24 11.285 2.204 13.273 9.393 2.246 13.793 9.313 .329 12.633 11.122 5.735 14.93
5 24 -9.168 9.037 15.461 -11.151 8.891 14.954 -9.503 13.12 15.584 -9.966 4.768 14.754
5 24 16.943 2.185 2.366 17.394 2.852 .765 15.909 -1.159 -.653 17.437 3.286 1.414
5 24 2.506 -8.692 -12.28 3.672 -6.342 -13.147 2.62 -7.271 -14.207 3.429 -7.535 -11.222
5 24 -18.111 17.475 5.185 -18.769 16.535 .223 -18.409 18.331 .924 -18.284 14.258 4.232
5 24 30.901 27.486 14.631 28.413 28.771 16.851 31.618 29.753 15.279 27.517 26.116 15.862
5 24 10.633 18.624 19.403 11.29 20.754 19.725 12.17 20.451 19.513 8.686 18.804 19.368
5 24 20.534 39.669 20.715 21.838 38.211 20.584 23.024 41.734 20.202 18.369 37.608 21.244
5 24 27.19 42.769 19.072 28.107 45.234 18.441 25.593 43.588 19.519 29.316 44.336 18.086
5 24 27.951 49.931 17.405 28.226 49.03 18.022 27.598 49.398 18.062 28.705 49.361 17.42
5 24 25.595 39.282 19.535 26.267 38.508 18.22 28.643 40.659 17.44 23.793 36.26 18.927
5 24 30.391 43.339 17.59 31.8 43.484 15.772 30.578 42.471 16.624 31.77 44.441 16.866
5 24 -14.691 3.445 8.289 -13.42 3.226 8.819 -13.456 7.129 10.682 -12.293 -.534 7.272
5 24 19.912 52.302 17.695 18.872 51.789 17.613 19.846 52.155 17.266 18.946 51.753 17.837
5 24 38.95 36.248 3.835 39.65 35.397 5.549 39.307 36.816 6.654 39.768 34.072 4.735
5 24 37.833 32.49 2.016 37.934 32.262 2.058 37.035 32.401 2.486 38.457 32.096 2.509
5 24 12.808 22.617 19.962 15.524 24.424 19.404 15.158 24.959 19.948 12.824 22.01 19.645
5 24 17.108 5.759 -2.755 16.373 6.372 -3.516 17.297 7.693 -1.618 14.931 3.148 -5.254
5 24 -18.741 8.544 -3.722 -19.056 12.117 -1.698 -19.284 11.418 -1.17 -17.997 9.061 -4.477
5 24 8.369 5.054 16.912 9.07 5.695 15.418 8.368 9.559 16.968 8.694 1.572 15.48
5 24 7.807 16.408 19.045 7.275 16.115 20.243 8.165 18.772 20.592 7.102 14.386 19.936
5 24 8.159 40.375 21.183 7.597 41.159 20.59 12.195 44.559 20.913 2.993 35.688 20.542
5 24 19.894 46.253 20.419 20.364 45.643 19.976 20.674 47.365 20.203 19.731 45.629 20.494
5 24 6.09 1.019 16.019 5.896 4.49 17.361 8.694 1.572 15.48 3.383 3.99 17.612
5 24 14.634 52.2 20.018 14.258 54.292 19.249 16.91 53.792 19.302 13.007 53.618 19.65
5 24 21.213 43.744 15.209 21.629 42.389 15.384 23.901 44.078 15.211 20.31 41.364 15.318
5 24 -18.22 17.227 -2.19 -14.639 18.297 -2.421 -17.891 15.849 -4.346 -14.91 19.374 -.783
5 24 4.392 -6.766 -7.613 4.099 -6.601 -8.166 4.912 -5.089 -8.064 2.823 -8.393 -8.554
5 24 13.757 44.726 15.793 16.908 43.362 15.713 13.55 39.072 15.271 16.169 47.25 16.005
5 24 14.018 -1.174 2.362 15.627 1.161 5.351 15.001 2.059 3.954 14.439 -2.082 3.576
5 24 -5.157 -7.123 -10.111 -8.436 -6.81 -9.25 -7.918 -5.377 -9.896 -5.307 -8.506 -9.269
5 24 13.042 50.861 20.352 12.781 47.881 20.473 11.145 49.233 20.716 14.684 49.524 20.045
5 24 -6.019 -8.945 1.758 -5.808 -8.292 4.115 -9.585 -7.046 2.473 -2.64 -9.426 3.835
5 24 -12.555 -4.247 3.28 -11.503 -4.047 5.568 -13.346 -1.013 6.473 -8.956 -6.608 4.635
5 24 27.723 48.531 14.486 27.363 47.428 14.636 26.742 48.086 14.518 28.147 47.9 14.626
5 24 -3.226 -8.368 -11.809 -5.157 -7.123 -10.111 -5.395 -7.31 -11.841 -2.557 -8.319 -10.073
5 24 -14.91 19.374 -.783 -12.664 16.402 1.689 -15.37 20.59 2.407 -13 16.133 0
5 24 26.464 49.075 18.385 27.044 48.368 18.454 27.598 49.398 18.062 25.68 47.56 18.943
5 24 35.241 31.971 5.399 36.504 32.127 3.599 35.439 31.572 5.428 36.337 32.56 3.622
5 24 -18.206 3.64 -4.897 -16.128 -.337 -3.251 -17.693 3.925 -1.727 -16.326 -1.079 -6.709
5 24 21.654 32.701 12.139 20.941 32.854 12.847 22.592 34.651 13.091 19.984 30.872 11.872
5 24 8.639 -.309 14.599 9.393 2.246 13.793 9.313 .329 12.633 8.694 1.572 15.48
5 24 -18.284 14.258 4.232 -18.881 14.833 -1.1 -18.769 16.535 .223 -18.718 11.651 2.321
5 24 27.999 50.209 15.919 26.872 50.136 16.089 27.006 49.979 15.335 27.783 50.177 16.805
5 24 17.708 49.399 19.85 16.978 50.196 18.845 18.106 51.074 18.376 15.336 48.855 18.994
5 24 -17.281 20.316 8.088 -15.304 21.466 6.036 -18.198 19.217 3.757 -13.73 23.129 10.025
5 24 7.542 -4.657 8.936 8.545 -5.309 8.313 10.282 -2.589 10.43 5.246 -6.73 6.868
5 24 3.007 -4.297 -14.78 1.797 -2.531 -15.563 2.976 -1.272 -14.233 1.547 -5.289 -15.75
5 24 -2.557 -8.319 -10.073 -5.307 -8.506 -9.269 -2.774 -9.493 -9.284 -5.157 -7.123 -10.111
5 24 3.091 -8.894 -5.854 4.279 -7.216 -5.498 4.392 -6.766 -7.613 3.676 -7.754 -3.116
5 24 -13.413 18.398 14.527 -15.839 17.598 11.764 -14.398 16.352 13.268 -14.647 20.175 13.737
5 24 18.369 37.608 21.244 17.341 38.576 20.69 14.435 33.643 21.854 20.534 39.669 20.715
5 24 32.013 43.161 15.623 31.8 43.484 15.772 32.299 43.923 15.205 30.774 42.154 16.505
5 24 17.721 10.131 1.838 17.742 8.056 .656 17.494 10.361 .172 17.867 7.555 2.276
5 24 28.179 34.659 11.145 29.026 33.933 11.225 26.28 31.781 11.206 30.759 37.008 10.876
5 24 17.717 9.477 3.358 17.761 12.2 4.453 17.428 8.761 4.664 17.847 13.857 2.996
5 24 14.865 10.188 9.149 17.208 11.015 6.144 17.354 12.887 7.401 15.119 6.842 6.947
5 24 26.078 46.727 14.701 25.479 47.473 14.625 26.742 48.086 14.518 24.25 46.299 14.818
5 24 22.5 51.345 19.12 20.932 49.844 19.68 21.263 51.588 19.102 22.119 49.14 19.809
5 24 21.838 38.211 20.584 23.024 41.734 20.202 20.534 39.669 20.715 24.361 40.496 20
5 24 10.681 41.141 15.423 8.98 34.137 14.371 6.379 35.577 14.739 13.55 39.072 15.271
5 24 15.995 32.238 21.46 13.371 26.367 20.971 11.666 27.585 21.54 17.517 30.979 20.819
5 24 -2.824 14.261 19.781 -5.798 13.539 18.622 -4.789 17.57 19.263 -2.756 10.464 19.425
5 24 33.811 37.892 9.794 34.595 39.475 9.208 32.32 38.302 10.267 35.036 38.361 9.991
5 24 24.7 23.498 14.215 27.661 25.027 13.873 27.517 26.116 15.862 25.752 23.504 11.874
5 24 28.074 26.28 9.435 30.063 25.393 11.416 28.449 24.813 11.713 29.779 26.843 9.014
5 24 19.691 52.015 16.59 19.521 50.21 15.658 18.764 50.505 16.208 20.826 52.093 15.534
5 24 -9.851 -7.124 -.145 -12.542 -3.151 -.995 -8.911 -5.874 -1.627 -13.343 -4.162 .75
5 24 38.983 35.12 7.637 38.473 38.19 7.857 39.307 36.816 6.654 37.82 37.936 9.211
5 24 27.798 46.854 17.376 28.345 46.621 17.242 26.871 46.042 17.845 28.886 47.569 16.62
5 24 36.384 29.778 2.682 35.808 27.55 3.614 36.929 27.565 1.266 34.981 29.53 4.729
5 24 7.493 2.997 -10.034 13.24 3.058 -9.771 9.192 4 -9.192 11.231 .518 -10.706
5 24 34.961 32.303 13.089 36.742 33.403 11.33 34.47 35.354 13.631 37.031 30.69 10.212
5 24 -5.818 30.769 19.226 -.967 32.489 20.458 -3.699 28.598 19.697 -2.309 33.978 20.237
5 24 -8.187 -5.893 7.469 -7.46 -5.673 8.669 -5.19 -7.575 6.577 -10.518 -3.719 8.264
5 24 5.07 8.144 18.776 4.095 11.23 19.86 2.146 7.429 18.914 7.585 8.833 18.408
5 24 -5.619 24.24 18.2 -4.819 23.159 19.46 -7.743 17.56 18.135 -1.68 29.766 19.653
5 24 10.282 -2.589 10.43 11.111 .097 12.118 8.811 -2.095 11.055 12.997 .045 11.209
5 24 5.434 -5.257 -7.066 5.084 -5.174 -7.625 4.913 -6.051 -5.41 5.523 -4.771 -7.966
5 24 37.243 35.858 2.839 38.309 36.162 3.19 38.714 34.305 2.153 36.916 37.103 3.829
5 24 32.079 45.698 12.315 32.038 46.699 13.46 31.528 46.259 12.511 32.982 45.222 13.04
5 24 11.385 45.171 20.251 10.515 45.855 20.872 7.597 41.159 20.59 12.781 47.881 20.473
5 24 21.603 34.034 19.548 18.653 29.811 20.291 22.334 33.218 19.882 17.846 30.468 20.072
5 24 17.708 49.399 19.85 18.106 51.074 18.376 16.978 50.196 18.845 19.485 50.668 19.442
5 24 17.525 6.398 3.699 15.346 4.133 5.242 17.399 4.444 3.094 15.119 6.842 6.947
5 24 26.871 46.042 17.845 27.499 47.783 18.375 26.209 46.884 18.828 27.798 46.854 17.376
5 24 36.249 38.551 8.207 38.473 38.19 7.857 37.82 37.936 9.211 37.706 38.789 6.619
5 24 35.784 38.467 13.456 34.913 40.445 15.07 33.735 37.256 14.982 36.035 41.265 13.855
5 24 3.649 50.575 18.517 1.401 46.784 16.057 5.11 50.992 16.386 .179 46.942 18.415
5 24 13.24 3.058 -9.771 9.192 4 -9.192 14.5 5.199 -8.738 7.493 2.997 -10.034
5 24 21.726 22.954 8.23 22.295 21.024 10.803 25.037 24.986 9.223 20.034 18.815 8.543
5 24 34.823 28.115 10.77 36.555 28.631 8.839 34.637 27.199 10.104 36.139 29.975 9.236
5 24 11.914 51.206 15.993 14.834 49.98 16.059 12.835 52.271 16.033 13.862 47.816 15.903
5 24 14.634 52.2 20.018 18.191 52.553 19.39 16.91 53.792 19.302 16.198 50.9 19.747
5 24 -8.436 -6.81 -9.25 -8.76 -8.158 -7.966 -12.719 -5.083 -7.613 -5.307 -8.506 -9.269
5 24 15.533 7.443 -7.223 11.314 8.263 -6.017 10.518 6.586 -7.209 16.223 9.843 -5.25
5 24 33.419 27.848 12.017 33.518 28.759 12.037 34.444 29.144 11.142 32.806 28.336 12.793
5 24 -14.677 1.9 -12.058 -10.353 -.548 -15.006 -13.603 3.189 -13.683 -10.619 -2.383 -13.399
5 24 -5.307 -8.506 -9.269 -5.157 -7.123 -10.111 -8.436 -6.81 -9.25 -2.557 -8.319 -10.073
5 24 39.191 32.418 6.262 39.535 33.709 5.644 39.502 32.856 5.123 38.983 35.12 7.637
5 24 27.1 35.629 11.381 25.773 36.843 12.126 24.657 33.215 11.477 28.404 39.518 11.729
5 24 28.404 39.518 11.729 31.637 39.92 10.507 29.702 38.1 11.064 30.497 41.716 11.284
5 24 -1.68 29.766 19.653 -.967 32.489 20.458 2.993 35.688 20.542 -3.699 28.598 19.697
5 24 37.95 27.943 6.146 39.171 29.828 4.328 39.075 27.75 3.787 38.007 29.628 6.523
5 24 34.912 37.836 9.65 33.811 37.892 9.794 34.202 37.33 9.345 35.036 38.361 9.991
5 24 37.034 30.126 1.354 37.708 31.16 .699 37.192 32.187 1.673 38.025 29.532 -.344
5 24 2.819 -8.33 6.228 3.864 -7.789 5.543 3.212 -8.248 6.857 3.359 -7.946 4.953
5 24 -12.899 -4.471 -4.339 -8.911 -5.874 -1.627 -12.542 -3.151 -.995 -9.151 -7.56 -4.891
5 24 31.011 28.684 8.527 32.634 30.482 7.692 30.463 31.568 8.68 32.822 29.004 7.15
5 24 38.423 38.018 5.271 39.307 36.816 6.654 38.473 38.19 7.857 38.95 36.248 3.835
5 24 5.56 24.544 21.767 5.299 19.49 21.343 7.96 23.191 21.515 2.435 20.36 21.371
5 24 39.856 28.156 1.28 39.075 27.75 3.787 39.171 29.828 4.328 39.64 27.397 1.186
5 24 31.872 41.258 17.003 30.774 42.154 16.505 32.013 43.161 15.623 29.916 39.726 17.935
5 24 -7.687 32.278 18.312 -11.52 28.36 15.954 -8.807 33.4 17.045 -10.59 27.634 17.301
5 24 20.544 52.614 17.071 19.691 52.015 16.59 19.846 52.155 17.266 20.702 52.58 16.387
5 24 2.435 20.36 21.371 1.033 21.14 20.19 4.365 25.613 20.839 1.041 16.627 20.876
5 24 -.873 17.141 19.511 -1.954 17.57 20.219 1.033 21.14 20.19 -2.824 14.261 19.781
5 24 3.649 50.575 18.517 5.129 49.631 20.048 1.6 45.85 20.009 6.202 53.009 18.598
5 24 -9.721 30.441 13.836 -6.272 28.234 13.305 -7.814 33.983 14.598 -11.824 26.325 12.37
5 24 17.922 29.985 11.952 12.703 26.263 11.768 18.022 29.292 11.619 16.006 31.188 12.921
5 24 34.595 39.475 9.208 35.036 38.361 9.991 33.811 37.892 9.794 35.579 38.933 9.605
5 24 -7.016 1.478 -14.381 -9.192 4 -9.192 -9.15 3.153 -13.352 -4.83 2.469 -11.659
5 24 18.01 47.033 20.472 19.434 48.27 20.167 19.894 46.253 20.419 17.708 49.399 19.85
5 24 -5.818 30.769 19.226 -3.699 28.598 19.697 -6.557 24.628 18.691 -.967 32.489 20.458
5 24 -16.176 8.85 8.718 -17.449 10.069 7.054 -16.746 13.973 9.39 -17.688 6.727 5.405
5 24 -14.398 16.352 13.268 -15.839 17.598 11.764 -13.413 18.398 14.527 -15.437 12.749 11.081
5 24 9.862 28.924 21.974 8.418 30.005 21.074 13.225 34.697 21.119 5.56 24.544 21.767
5 24 22.058 52.536 16.406 20.732 52.657 17.555 20.544 52.614 17.071 22.493 52.459 17.834
5 24 4.365 25.613 20.839 2.435 20.36 21.371 5.56 24.544 21.767 1.033 21.14 20.19
5 24 3.429 -7.535 -11.222 1.215 -8.668 -9.681 2.41 -7.612 -9.291 2.506 -8.692 -12.28
5 24 -2.484 22.455 20.194 1.289 27.846 21.19 -.71 29.363 20.589 -.087 21.694 20.841
5 24 -9.657 -1.528 11.277 -10.718 1.705 12.614 -8.589 1.41 14.032 -12.073 -1.195 9.215
5 24 21.303 30.077 11.343 19.984 30.872 11.872 21.654 32.701 12.139 19.862 28.577 10.921
5 24 21.259 46.434 19.302 23.194 46.72 19.559 21.955 45.659 19.977 22.497 47.635 18.658
5 24 6.679 -5.25 -7.348 5.263 -5.914 -5.294 8.625 -5.779 -6.207 5.434 -5.257 -7.066
5 24 .645 -9.443 3.745 -.749 -8.27 4.691 2.914 -8.035 4.619 -2.64 -9.426 3.835
5 24 -16.717 6.477 -9.806 -14.677 1.9 -12.058 -13.603 3.189 -13.683 -16.992 5.514 -8.178
5 24 12.28 35.521 21.915 17.341 38.576 20.69 16.699 39.737 21.352 13.225 34.697 21.119
5 24 1.289 27.846 21.19 -.087 21.694 20.841 -2.484 22.455 20.194 3.26 26.373 21.565
5 24 4.183 16.282 20.97 7.275 16.115 20.243 5.299 19.49 21.343 7.102 14.386 19.936
5 24 28.393 35.947 18.158 30.957 37.707 17.206 29.086 34.503 17.222 27.441 37.64 18.925
5 24 22.493 52.459 17.834 20.732 52.657 17.555 22.058 52.536 16.406 21.4 52.373 18.402
5 24 6.071 29.335 13.752 6.379 35.577 14.739 8.98 34.137 14.371 2.966 31.177 14.204
5 24 32.49 43.556 15.151 32.299 43.923 15.205 32.861 43.957 14.628 32.013 43.161 15.623
5 24 18.897 25.474 9.277 21.726 22.954 8.23 21.118 27.87 10.502 19.646 20.719 6.617
5 24 19.434 48.27 20.167 20.674 47.365 20.203 19.894 46.253 20.419 20.932 49.844 19.68
5 24 14.753 2.843 9.18 15.716 6.517 8.301 15.926 3.315 6.395 14.568 6.286 10.926
5 24 17.867 7.555 2.276 17.717 9.477 3.358 17.428 8.761 4.664 17.721 10.131 1.838
5 24 4.289 -6.157 -9.912 3.767 -6.219 -8.791 4.643 -5.198 -8.461 2.41 -7.612 -9.291
5 24 -13.907 11.694 12.548 -12.736 10.855 12.724 -14.736 7.664 10.236 -11.466 14.546 14.532
5 24 20.306 28.008 18.969 24.431 29.259 18.31 20.815 26.925 18.904 23.75 30.152 18.311
5 24 12.801 32.71 13.909 12.703 26.263 11.768 16.006 31.188 12.921 9.093 27.492 13.267
5 24 -.63 -10.459 -5.249 -2.893 -10.532 -8.258 -2.86 -9.904 -5.174 -.678 -10.976 -8.356
5 24 2.62 -7.271 -14.207 3.007 -4.297 -14.78 1.547 -5.289 -15.75 3.672 -6.342 -13.147
5 24 -.815 39.074 20.37 -2.309 33.978 20.237 .614 37.841 20.875 -4.118 35.27 19.505
5 24 -7.942 -4.435 -13.747 -8.242 -5.54 -11.787 -11.22 -3.18 -11.526 -5.441 -6.191 -13.745
5 24 9.57 -5.797 7.404 13.31 -2.543 6.347 10.775 -5.708 4.406 11.834 -2.938 9.472
5 24 21.303 30.077 11.343 19.862 28.577 10.921 21.118 27.87 10.502 19.984 30.872 11.872
5 24 19.016 18.216 12.997 22.295 21.024 10.803 21.123 20.683 14.27 20.034 18.815 8.543
5 24 -18.769 16.535 .223 -18.409 18.331 .924 -18.22 17.227 -2.19 -18.111 17.475 5.185
5 24 26.209 46.884 18.828 25.68 47.56 18.943 27.044 48.368 18.454 23.593 45.923 19.659
5 24 35.102 38.017 10.966 35.784 38.467 13.456 33.721 36.809 12.744 36.249 38.682 10.213
5 24 38.766 32.895 1.831 38.714 34.305 2.153 39.38 32.94 2.442 37.782 32.994 1.68
5 24 6.332 48.732 19.627 7.125 48.324 20.804 8.71 50.838 19.264 3.572 44.46 20.773
5 24 6.909 -5.647 10.593 7.542 -4.657 8.936 8.811 -2.095 11.055 5.258 -7.259 8.882
5 24 32.904 36.677 10.054 31.453 36.155 10.924 31.62 35.828 10.648 32.785 37.335 10.342
5 24 -4.325 -6.665 9.338 -7.46 -5.673 8.669 -3.878 -7.549 8.068 -6.73 -5.024 10.076
5 24 31.113 27.11 8.51 31.011 28.684 8.527 29.779 26.843 9.014 32.776 27.324 7.374
5 24 7.43 -3.202 -10.849 8.878 -2.95 -10.215 7.845 -4.099 -8.897 7.563 -1.444 -11.984
5 24 -7.46 -5.673 8.669 -10.518 -3.719 8.264 -8.805 -3.518 10.047 -8.187 -5.893 7.469
5 24 16.382 5.461 -5.452 15.533 7.443 -7.223 16.955 7.845 -3.777 14.5 5.199 -8.738
5 24 -16.326 -1.079 -6.709 -12.899 -4.471 -4.339 -12.719 -5.083 -7.613 -16.128 -.337 -3.251
5 24 32.228 44.163 12.874 31.602 43.433 12.562 31.431 43.82 12.606 32.389 43.828 12.787
5 24 .147 -7.257 -15.316 -2.966 -7.436 -13.756 -2.398 -6.113 -15.857 -.926 -8.309 -13.463
5 24 -10.399 19.003 16.453 -8.685 26.243 18.171 -6.557 24.628 18.691 -12.028 20.853 15.932
5 24 .998 -10.292 1.703 -2.64 -9.426 3.835 .645 -9.443 3.745 -2.865 -10.06 1.469
5 24 1.008 -10.33 -.968 .998 -10.292 1.703 -2.667 -10.217 -.915 2.927 -8.951 2.119
5 24 -2.309 33.978 20.237 -5.818 30.769 19.226 -.967 32.489 20.458 -4.118 35.27 19.505
5 24 1.95 -6.048 12.293 4.304 -2.301 14.885 5.158 -4.234 13.247 -.542 -3.333 14.976
5 24 9.093 27.492 13.267 12.703 26.263 11.768 12.801 32.71 13.909 8.112 24.365 12.818
5 24 -13.285 6.222 12.042 -13.456 7.129 10.682 -12.561 10.024 13.856 -13.42 3.226 8.819
5 24 3.965 -7.934 2.534 5.1 -8.24 2.251 5.746 -7.98 .121 4.495 -8.106 3.694
5 24 33.091 45.237 14.891 32.299 43.923 15.205 32.867 45.182 15.973 32.696 44.241 14.663
5 24 15.158 24.959 19.948 14.857 25.728 20.393 18.653 29.811 20.291 12.808 22.617 19.962
5 24 28.371 29.379 9.362 29.779 26.843 9.014 28.074 26.28 9.435 31.011 28.684 8.527
5 24 38.95 36.248 3.835 39.768 34.072 4.735 39.436 34.118 2.559 39.65 35.397 5.549
5 24 26.561 46.004 14.925 26.91 45.415 14.227 27.994 46.715 14.844 24.29 43.655 14.694
5 24 -18.718 11.651 2.321 -17.527 8.11 3.746 -17.624 11.938 6.247 -18.655 7.951 .382
5 24 14.931 3.148 -5.254 16.382 5.461 -5.452 16.373 6.372 -3.516 15.523 3.239 -6.478
5 24 18.872 51.789 17.613 18.442 53.056 17.289 18.682 53.115 17.863 18.719 51.588 17.343
5 24 5.896 4.49 17.361 7.585 8.833 18.408 8.369 5.054 16.912 5.07 8.144 18.776
5 24 33.735 37.256 14.982 31.311 35.02 14.922 31.643 36.057 16.122 33.721 36.809 12.744
5 24 -17.19 3.291 3.365 -15.486 .839 .317 -15.937 -.242 1.951 -16.604 4.481 1.671
5 24 -17.624 11.938 6.247 -17.244 14.535 7.725 -18.284 14.258 4.232 -16.746 13.973 9.39
5 24 -8.807 33.4 17.045 -7.687 32.278 18.312 -11.52 28.36 15.954 -4.825 36.284 18.984
5 24 -19.284 11.418 -1.17 -18.881 14.833 -1.1 -19.056 12.117 -1.698 -18.718 11.651 2.321
5 24 39.502 32.856 5.123 39.535 33.709 5.644 39.191 32.418 6.262 39.704 33.237 4.628
5 24 11.231 .518 -10.706 7.493 2.997 -10.034 9.012 -1.138 -11.469 13.24 3.058 -9.771
5 24 23.221 45.111 14.979 20.98 46.577 15.254 21.213 43.744 15.209 23.137 46.872 14.977
5 24 17.828 48.957 16.049 18.051 50.505 16.869 18.764 50.505 16.208 17.223 49.154 16.427
5 24 .055 -9.159 -12.076 -.926 -8.309 -13.463 .702 -8.836 -12.967 -1.203 -9.009 -11.676
5 24 37.785 37.765 4.466 36.916 37.103 3.829 36.237 37.872 5.039 38.309 36.162 3.19
5 24 15.627 1.161 5.351 14.498 .605 8.104 13.31 -2.543 6.347 15.926 3.315 6.395
5 24 27.723 48.531 14.486 28.02 49.208 14.525 27.239 49.27 14.59 28.572 48.95 14.473
5 24 12.933 20.234 6.916 9.192 17.43 9.192 10.561 20.693 9.956 12.011 16.702 4.975
5 24 -17.472 13.909 -6.553 -14.167 16.754 -4.478 -13.567 14.402 -6.609 -17.891 15.849 -4.346
5 24 27.84 46.97 14.864 27.994 46.715 14.844 26.561 46.004 14.925 28.566 46.992 14.938
5 24 27.3 40.937 12.996 28.362 43.828 13.1 26.029 42.05 13.646 29.368 42.958 12.581
5 24 3.572 44.46 20.773 5.079 43.239 21.178 .614 37.841 20.875 7.125 48.324 20.804
5 24 7.125 48.324 20.804 8.759 47.146 21.012 9.501 50.562 20.632 5.079 43.239 21.178
5 24 24.29 43.655 14.694 26.561 46.004 14.925 26.91 45.415 14.227 23.901 44.078 15.211
5 24 8.98 34.137 14.371 6.071 29.335 13.752 9.093 27.492 13.267 6.379 35.577 14.739
5 24 26.872 50.136 16.089 27.006 49.979 15.335 25.834 49.829 16.246 27.999 50.209 15.919
5 24 18.051 50.505 16.869 18.764 50.505 16.208 18.719 51.588 17.343 17.828 48.957 16.049
5 24 14.05 12.674 16.254 10.997 9.486 16.544 13.393 9.506 15.186 11.348 13.148 17.798
5 24 20.534 39.669 20.715 19.809 40.576 20.231 23.024 41.734 20.202 17.341 38.576 20.69
5 24 -12.156 12.812 -4.247 -13.567 14.402 -6.609 -12.011 11.603 -4.975 -14.167 16.754 -4.478
5 24 -17.244 14.535 7.725 -18.111 17.475 5.185 -16.611 18.971 10.244 -18.284 14.258 4.232
5 24 19.691 52.015 16.59 18.719 51.588 17.343 18.764 50.505 16.208 18.872 51.789 17.613
5 24 31.334 45.917 12.351 32.079 45.698 12.315 31.334 45.038 12.236 31.528 46.259 12.511
5 24 4.913 -6.051 -5.41 5.263 -5.914 -5.294 5.434 -5.257 -7.066 4.323 -6.94 -2.715
5 24 17.308 2.7 0 15.909 -1.159 -.653 16.115 -.537 -2.192 17.394 2.852 .765
5 24 -15.437 12.749 11.081 -13.907 11.694 12.548 -14.736 7.664 10.236 -14.398 16.352 13.268
5 24 15.158 24.959 19.948 12.808 22.617 19.962 15.524 24.424 19.404 14.857 25.728 20.393
5 24 -10.718 1.705 12.614 -9.966 4.768 14.754 -8.589 1.41 14.032 -11.533 5.331 13.684
5 24 31.602 43.433 12.562 32.197 43.116 10.941 30.497 41.716 11.284 32.389 43.828 12.787
5 24 39.725 30.409 2.347 38.818 30.961 1.043 39.284 28.866 .08 38.457 32.096 2.509
5 24 2.993 35.688 20.542 3.596 34.847 21.195 8.159 40.375 21.183 -.71 29.363 20.589
5 24 9.012 -1.138 -11.469 7.493 2.997 -10.034 11.231 .518 -10.706 6.376 2.469 -10.626
5 24 -13 16.133 0 -14.639 18.297 -2.421 -12.572 14.963 -2.155 -14.91 19.374 -.783
5 24 24.199 31.006 11.212 24.6 30.36 11.126 26.28 31.781 11.206 23.066 29.404 10.959
5 24 24.165 47.587 14.848 25.479 47.473 14.625 24.25 46.299 14.818 24.809 48.26 14.78
5 24 4.304 -2.301 14.885 5.158 -4.234 13.247 8.116 -3.028 12.775 1.95 -6.048 12.293
5 24 16.15 23.377 19.318 17.651 22.124 18.457 15.191 19.977 18.709 20.815 26.925 18.904
5 24 -5.607 -9.148 -5.038 -2.86 -9.904 -5.174 -2.584 -8.664 -2.24 -2.893 -10.532 -8.258
5 24 -13.722 23.372 14.646 -13.305 22.665 15.238 -10.59 27.634 17.301 -14.647 20.175 13.737
5 24 22.702 39.41 14.247 21.819 41.385 14.889 20.128 40.375 15.068 24.737 43.172 14.223
5 24 -.63 -10.459 -5.249 -2.86 -9.904 -5.174 -2.584 -8.664 -2.24 -2.893 -10.532 -8.258
5 24 -2.386 40.298 19.601 -3.902 36.925 19.173 -4.825 36.284 18.984 -1.812 39.868 19.515
5 24 1.008 -10.33 -.968 2.927 -8.951 2.119 3.206 -8.626 -.745 .998 -10.292 1.703
5 24 17.428 8.761 4.664 17.761 12.2 4.453 17.208 11.015 6.144 17.717 9.477 3.358
5 24 -3.27 37.144 19.347 -1.812 39.868 19.515 -1.415 39.558 19.515 -3.902 36.925 19.173
5 24 32.785 37.335 10.342 32.904 36.677 10.054 33.811 37.892 9.794 31.453 36.155 10.924
5 24 8.418 30.005 21.074 7.283 30.82 21.925 12.28 35.521 21.915 4.365 25.613 20.839
5 24 14.339 42.197 21.383 8.159 40.375 21.183 10.249 37.922 21.72 12.195 44.559 20.913
5 24 32.466 35.958 8.779 31.62 35.828 10.648 31.379 35.093 9.287 32.904 36.677 10.054
5 24 19.846 52.155 17.266 19.912 52.302 17.695 20.544 52.614 17.071 18.872 51.789 17.613
5 24 4.304 -2.301 14.885 6.09 1.019 16.019 8.639 -.309 14.599 3.581 -.915 15.75
5 24 3.091 -8.894 -5.854 3.676 -7.754 -3.116 1.623 -10.022 -5.376 4.279 -7.216 -5.498
5 24 32.796 44.396 13.92 32.998 44.116 13.837 32.861 43.957 14.628 32.689 44.388 13.328
5 24 38.07 34.349 9.452 38.983 35.12 7.637 38.548 31.785 7.675 37.82 37.936 9.211
5 24 6.805 -7.406 5.83 3.864 -7.789 5.543 5.246 -6.73 6.868 4.749 -7.917 5.076
5 24 19.731 45.629 20.494 20.364 45.643 19.976 19.781 44.992 20.509 19.894 46.253 20.419
5 24 -2.386 40.298 19.601 -6.305 37.355 17.638 -3.713 41.509 18.071 -4.825 36.284 18.984
5 24 -7.016 1.478 -14.381 0 1.812 -12.07 -4.83 2.469 -11.659 .873 .191 -13.778
5 24 -5.622 -7.03 4.99 -5.19 -7.575 6.577 -8.187 -5.893 7.469 -.749 -8.27 4.691
5 24 24.165 47.587 14.848 23.838 47.847 15.083 23.641 46.999 14.876 24.809 48.26 14.78
5 24 21.123 20.683 14.27 19.324 20.829 17.234 23.24 23.942 16.728 19.016 18.216 12.997
5 24 -4.789 17.57 19.263 -8.312 15.184 17.678 -5.798 13.539 18.622 -7.743 17.56 18.135
5 24 36.384 29.778 2.682 36.089 31.706 3.308 36.609 31.98 2.498 34.981 29.53 4.729
5 24 -1.865 30.568 14.21 -3.734 32.023 14.159 -6.272 28.234 13.305 .129 32.936 14.641
5 24 -4.599 26.721 13.304 -2.584 24.829 13.307 .716 28.663 13.933 -7.107 23.156 11.746
5 24 34.47 35.354 13.631 34.961 32.303 13.089 32.733 34.145 15.135 36.742 33.403 11.33
5 24 .838 -8.033 -14.364 -.926 -8.309 -13.463 .702 -8.836 -12.967 .147 -7.257 -15.316
5 24 12.542 17.859 4.493 12.933 20.234 6.916 13.588 18.302 3.925 12.011 16.702 4.975
5 24 26.078 46.727 14.701 26.742 48.086 14.518 27.363 47.428 14.636 25.479 47.473 14.625
5 24 16.775 8.315 -2.264 17.145 9.493 -2.468 16.998 9.398 -1.458 16.955 7.845 -3.777
5 24 27.517 26.116 15.862 24.7 23.498 14.215 23.24 23.942 16.728 27.661 25.027 13.873
5 24 12.195 44.559 20.913 7.597 41.159 20.59 11.385 45.171 20.251 8.159 40.375 21.183
5 24 9.65 -4.394 -6.867 8.686 -3.583 -7.696 6.426 -4.241 -8.101 11.022 -2.203 -7.343
5 24 -3.226 -8.368 -11.809 -2.966 -7.436 -13.756 -.926 -8.309 -13.463 -5.395 -7.31 -11.841
5 24 -5.031 -2.122 13.002 -3.806 -2.556 14.685 -3.268 -4.721 12.853 -5.574 1.419 16.407
5 24 11.348 13.148 17.798 13.277 17.845 18.724 9.531 16.416 19.075 15.619 16.282 17.143
5 24 22.295 21.024 10.803 24.7 23.498 14.215 21.123 20.683 14.27 25.752 23.504 11.874
5 24 31.643 36.057 16.122 33.055 39.209 16.238 30.957 37.707 17.206 33.735 37.256 14.982
5 24 -16.63 5.213 -6.765 -16.992 5.514 -8.178 -18.01 9.163 -6.022 -14.549 .61 -8.674
5 24 30.338 46.183 12.657 29.803 44.947 12.697 31.334 45.917 12.351 29.137 45.612 13.01
5 24 36.555 28.631 8.839 36.139 29.975 9.236 37.599 30.886 6.654 34.823 28.115 10.77
5 24 19.912 52.302 17.695 18.946 51.753 17.837 19.485 50.668 19.442 18.872 51.789 17.613
5 24 38.025 29.532 -.344 37.11 28.389 .933 38.16 28.435 -.626 37.034 30.126 1.354
5 24 28.107 45.234 18.441 29.316 44.336 18.086 29.43 46.151 17.664 27.19 42.769 19.072
5 24 8.878 -2.95 -10.215 7.845 -4.099 -8.897 7.43 -3.202 -10.849 9.971 -3.349 -8.739
5 24 34.823 28.115 10.77 33.419 27.848 12.017 33.274 27.002 11.191 34.444 29.144 11.142
5 24 13.042 50.861 20.352 14.684 49.524 20.045 14.634 52.2 20.018 12.781 47.881 20.473
5 24 28.459 46.404 13.887 28.566 46.992 14.938 29.636 47.194 13.672 27.994 46.715 14.844
5 24 29.779 26.843 9.014 31.662 25.864 10.86 30.063 25.393 11.416 31.113 27.11 8.51
5 24 32.382 46.694 14.458 32.038 46.699 13.46 30.753 47.723 14.637 33.186 45.204 13.729
5 24 5.299 19.49 21.343 7.275 16.115 20.243 8.165 18.772 20.592 4.183 16.282 20.97
5 24 3.672 -6.342 -13.147 4.683 -4.815 -11.773 4.191 -3.011 -13.346 3.429 -7.535 -11.222
5 24 -3.734 32.023 14.159 -5.758 37.247 15.164 -1.786 34.626 14.659 -7.814 33.983 14.598
5 24 7.593 -7.615 3.105 4.749 -7.917 5.076 4.239 -8.037 4.712 6.805 -7.406 5.83
5 24 21.726 22.954 8.23 20.034 18.815 8.543 19.646 20.719 6.617 22.295 21.024 10.803
5 24 -7.016 1.478 -14.381 -10.353 -.548 -15.006 -7.788 -2.787 -15.609 -9.15 3.153 -13.352
5 24 28.449 24.813 11.713 29.554 25.97 13.674 30.063 25.393 11.416 27.661 25.027 13.873
5 24 17.548 14.396 8.772 16.442 13.882 11.148 15.329 11.247 9.695 17.697 15.594 10.259
5 24 28.886 47.569 16.62 28.345 46.621 17.242 27.798 46.854 17.376 29.181 47.133 16.36
5 24 23.901 44.078 15.211 24.29 43.655 14.694 21.629 42.389 15.384 26.561 46.004 14.925
5 24 28.106 50.08 15.21 29.104 49.614 15.182 28.572 48.95 14.473 27.999 50.209 15.919
5 24 -2.64 -9.426 3.835 -.749 -8.27 4.691 -5.622 -7.03 4.99 .645 -9.443 3.745
5 24 3.833 -8.043 7.475 3.864 -7.789 5.543 3.212 -8.248 6.857 5.246 -6.73 6.868
5 24 36.337 32.56 3.622 35.654 35.197 4.412 35.241 31.971 5.399 36.663 33.879 2.766
5 24 23.788 49.22 18.087 22.119 49.14 19.809 22.497 47.635 18.658 23.725 50.888 19.296
5 24 37.036 39.803 11.626 36.249 38.682 10.213 36.808 39.339 12.022 37.297 39.806 9.954
5 24 28.572 48.95 14.473 29.636 48.584 15.577 28.75 48.505 14.552 29.104 49.614 15.182
5 24 -11.52 28.36 15.954 -9.721 30.441 13.836 -8.807 33.4 17.045 -11.824 26.325 12.37
5 24 -9.168 9.037 15.461 -9.966 4.768 14.754 -8.255 5.228 15.166 -11.151 8.891 14.954
5 24 37.833 32.49 2.016 38.766 32.895 1.831 37.782 32.994 1.68 38.483 32.296 2.526
5 24 27.006 49.979 15.335 25.834 49.829 16.246 25.358 49.473 15.572 26.872 50.136 16.089
5 24 16.896 36.842 14.76 20.128 40.375 15.068 18.816 41.232 15.408 19.463 35.09 13.833
5 24 28.459 46.404 13.887 29.137 45.612 13.01 29.636 47.194 13.672 27.361 44.692 13.616
5 24 22.215 42.558 19.751 21.551 43.391 20.346 19.809 40.576 20.231 24.02 45.212 19.611
5 24 27.441 37.64 18.925 28.393 35.947 18.158 30.957 37.707 17.206 24.584 35.316 19.502
5 24 27.661 25.027 13.873 27.517 26.116 15.862 24.7 23.498 14.215 29.554 25.97 13.674
5 24 28.226 49.03 18.022 28.705 49.361 17.42 28.51 48.563 17.981 27.951 49.931 17.405
5 24 -16.611 18.971 10.244 -17.281 20.316 8.088 -15.833 21.638 11.44 -18.111 17.475 5.185
5 24 12.801 32.71 13.909 9.093 27.492 13.267 8.98 34.137 14.371 12.703 26.263 11.768
5 24 2.819 -8.33 6.228 3.359 -7.946 4.953 2.914 -8.035 4.619 3.864 -7.789 5.543
5 24 4.38 26.141 13.496 2.356 22.488 13.357 7.356 21.482 12.383 .716 28.663 13.933
5 24 13.31 -2.543 6.347 15.627 1.161 5.351 14.498 .605 8.104 14.439 -2.082 3.576
5 24 30.327 32.757 16.414 29.37 33.691 16.157 27.534 31.062 17.555 31.311 35.02 14.922
5 24 13.31 -2.543 6.347 10.775 -5.708 4.406 9.57 -5.797 7.404 14.439 -2.082 3.576
5 24 -12.736 10.855 12.724 -12.561 10.024 13.856 -10.901 13.525 15.259 -13.456 7.129 10.682
5 24 22.058 52.536 16.406 22.493 52.459 17.834 23.652 52.113 16.218 20.732 52.657 17.555
5 24 .197 7.083 17.998 -1.392 6.463 19.05 -.059 2.829 18.071 -1.101 10.51 18.511
5 24 -2.584 24.829 13.307 0 17.7 13 -5.491 21.736 12.038 2.356 22.488 13.357
5 24 29.43 46.151 17.664 30.782 45.257 17.27 29.316 44.336 18.086 30.564 46.967 16.694
5 24 -3.878 -7.549 8.068 -.754 -8.674 6.103 -.743 -8.383 8.096 -5.19 -7.575 6.577
5 24 21.303 30.077 11.343 21.118 27.87 10.502 19.862 28.577 10.921 22.313 29.446 11.044
5 24 19.912 52.302 17.695 21.4 52.373 18.402 20.732 52.657 17.555 21.263 51.588 19.102
5 24 15.158 54.507 17.538 14.304 54.295 17.055 14.92 54.062 16.563 14.472 54.526 17.82
5 24 28.99 47.665 15.33 28.75 48.505 14.552 28.479 47.416 14.975 29.636 48.584 15.577
5 24 -15.37 20.59 2.407 -18.409 18.331 .924 -18.198 19.217 3.757 -14.91 19.374 -.783
5 24 -10.619 -2.383 -13.399 -11.22 -3.18 -11.526 -14.677 1.9 -12.058 -7.942 -4.435 -13.747
5 24 35.784 38.467 13.456 33.721 36.809 12.744 33.735 37.256 14.982 35.102 38.017 10.966
5 24 .197 7.083 17.998 .899 10.438 19.755 -1.101 10.51 18.511 2.146 7.429 18.914
5 24 30.96 47.298 15.997 29.99 47.523 15.69 30.926 47.546 15.317 30.564 46.967 16.694
5 24 -5.798 13.539 18.622 -5.617 9.698 18.336 -2.756 10.464 19.425 -8.475 12.889 17.5
5 24 33.863 43.848 10.855 35.75 42.497 10.24 34.746 42.194 9.492 34.381 44.236 11.855
5 24 -17.244 14.535 7.725 -16.611 18.971 10.244 -18.111 17.475 5.185 -16.746 13.973 9.39
5 24 17.297 7.693 -1.618 17.742 8.056 .656 17.729 6.7 0 17.494 10.361 .172
5 24 1.6 45.85 20.009 .179 46.942 18.415 3.649 50.575 18.517 -3.713 41.509 18.071
5 24 36.337 32.56 3.622 36.663 33.879 2.766 35.654 35.197 4.412 36.923 32.899 2.603
5 24 11.022 45.225 15.649 13.862 47.816 15.903 13.757 44.726 15.793 10.243 48.892 15.798
5 24 17.651 22.124 18.457 19.324 20.829 17.234 16.954 18.294 17.36 22.018 25.46 17.938
5 24 16.97 14.429 -.471 13 14.514 0 12.78 13.672 -1.108 17.372 15.948 1.296
5 24 16.185 22.49 7.5 14.296 22.849 8.773 14.755 20.499 5.822 16.034 26.321 10.5
5 24 17.055 47.886 15.998 16.539 47.973 16.139 16.169 47.25 16.005 17.223 49.154 16.427
5 24 5.1 -4.507 -8.88 5.742 -4.344 -8.479 5.539 -4.197 -8.964 4.912 -5.089 -8.064
5 24 32.982 45.222 13.04 32.038 46.699 13.46 33.186 45.204 13.729 32.079 45.698 12.315
5 24 33.419 27.848 12.017 34.444 29.144 11.142 34.823 28.115 10.77 33.518 28.759 12.037
5 24 20.349 44.479 20.462 19.781 44.992 20.509 20.654 45.373 20.02 19.177 41.752 20.896
5 24 24.199 31.006 11.212 23.08 31.771 11.478 22.313 29.446 11.044 24.657 33.215 11.477
5 24 17.626 52.408 16.764 18.051 50.505 16.869 18.719 51.588 17.343 17.084 50.834 16.51
5 24 5.11 50.992 16.386 6.202 53.009 18.598 7.704 53.056 16.646 3.649 50.575 18.517
5 24 22.702 39.41 14.247 24.737 43.172 14.223 26.029 42.05 13.646 21.819 41.385 14.889
5 24 .129 32.936 14.641 -3.734 32.023 14.159 -1.786 34.626 14.659 -1.865 30.568 14.21
5 24 17.721 10.131 1.838 17.54 12.235 .939 17.494 10.361 .172 17.847 13.857 2.996
5 24 18.133 14.248 6.032 17.208 11.015 6.144 17.761 12.2 4.453 17.354 12.887 7.401
5 24 -8.187 -5.893 7.469 -10.611 -3.256 6.388 -8.207 -5.433 5.612 -10.518 -3.719 8.264
5 24 -17.581 9.862 -7.631 -16.7 10.67 -9.286 -17.472 13.909 -6.553 -16.717 6.477 -9.806
5 24 28.886 47.569 16.62 28.51 48.563 17.981 29.41 48.694 17.021 27.499 47.783 18.375
5 24 16.896 36.842 14.76 13.55 39.072 15.271 18.816 41.232 15.408 12.801 32.71 13.909
5 24 3.965 -7.934 2.534 2.914 -8.035 4.619 3.436 -7.93 4.43 3.704 -8.077 2.462
5 24 16.539 47.973 16.139 16.05 47.713 16.056 16.105 48.201 16.111 16.169 47.25 16.005
5 24 31.379 35.093 9.287 29.026 33.933 11.225 29.259 33.468 10.12 31.62 35.828 10.648
5 24 12.703 26.263 11.768 8.112 24.365 12.818 9.093 27.492 13.267 11.393 23.396 11.017
5 24 14.5 5.199 -8.738 16.382 5.461 -5.452 15.523 3.239 -6.478 15.533 7.443 -7.223
5 24 29.99 47.523 15.69 30.564 46.967 16.694 29.181 47.133 16.36 30.96 47.298 15.997
5 24 34.637 27.199 10.104 36.555 28.631 8.839 34.823 28.115 10.77 36.406 27.601 8.274
5 24 16.943 2.185 2.366 14.018 -1.174 2.362 15.515 -1.227 .955 15.001 2.059 3.954
5 24 20.894 34.529 20.559 21.603 34.034 19.548 23.059 36.777 20.191 17.846 30.468 20.072
5 24 -6.557 24.628 18.691 -5.619 24.24 18.2 -3.699 28.598 19.697 -8.56 19.091 16.207
5 24 -16.611 18.971 10.244 -16.746 13.973 9.39 -17.244 14.535 7.725 -15.839 17.598 11.764
5 24 16.034 26.321 10.5 12.703 26.263 11.768 18.022 29.292 11.619 14.296 22.849 8.773
5 24 11.022 -2.203 -7.343 12.882 -2.077 -6.199 12.77 -.271 -6.645 9.65 -4.394 -6.867
5 24 16.619 49.513 16.292 17.084 50.834 16.51 17.223 49.154 16.427 15.434 51.389 16.182
5 24 -18.284 14.258 4.232 -18.718 11.651 2.321 -18.881 14.833 -1.1 -17.624 11.938 6.247
5 24 4.163 -7.404 -.781 4.45 -7.017 -1.467 4.466 -7.371 -.663 4.095 -6.981 -1.589
5 24 25.289 49.594 17.549 26.869 50.139 17.057 25.797 49.81 17.068 26.464 49.075 18.385
5 24 25.68 47.56 18.943 25.08 48.341 18.835 26.464 49.075 18.385 23.194 46.72 19.559
5 24 -5.574 1.419 16.407 -1.608 -1.222 16.097 -2.964 1.977 17.221 -3.806 -2.556 14.685
5 24 30.782 45.257 17.27 30.564 46.967 16.694 29.43 46.151 17.664 31.917 46.1 16.434
5 24 -8.187 -5.893 7.469 -8.207 -5.433 5.612 -10.611 -3.256 6.388 -5.622 -7.03 4.99
5 24 -7.46 -5.673 8.669 -3.878 -7.549 8.068 -5.19 -7.575 6.577 -4.325 -6.665 9.338
5 24 14.5 5.199 -8.738 9.192 4 -9.192 13.24 3.058 -9.771 10.518 6.586 -7.209
5 24 16.105 48.201 16.111 17.223 49.154 16.427 16.619 49.513 16.292 16.539 47.973 16.139
5 24 32.796 44.396 13.92 33.091 45.237 14.891 32.696 44.241 14.663 33.186 45.204 13.729
5 24 3.833 -8.043 7.475 5.246 -6.73 6.868 5.258 -7.259 8.882 3.864 -7.789 5.543
5 24 34.202 37.33 9.345 35.594 37.961 7.633 33.39 36.568 8.129 34.912 37.836 9.65
5 24 13.454 -3.866 -3.489 15.909 -1.159 -.653 13.149 -4.453 -1.962 16.115 -.537 -2.192
5 24 9.07 5.695 15.418 10.997 9.486 16.544 11.122 5.735 14.93 8.368 9.559 16.968
5 24 25.797 49.81 17.068 25.346 50.378 16.8 25.07 50.111 17.436 25.834 49.829 16.246
5 24 .716 28.663 13.933 -4.599 26.721 13.304 -2.584 24.829 13.307 -1.865 30.568 14.21
5 24 25.289 49.594 17.549 25.08 48.341 18.835 24.204 48.974 18.04 26.464 49.075 18.385
5 24 -2.584 24.829 13.307 -5.491 21.736 12.038 0 17.7 13 -7.107 23.156 11.746
5 24 33.39 36.568 8.129 34.202 37.33 9.345 32.904 36.677 10.054 35.594 37.961 7.633
5 24 24.29 43.655 14.694 26.91 45.415 14.227 24.737 43.172 14.223 26.561 46.004 14.925
5 24 15.627 1.161 5.351 15.001 2.059 3.954 14.018 -1.174 2.362 15.926 3.315 6.395
5 24 -8.956 -6.608 4.635 -12.555 -4.247 3.28 -11.503 -4.047 5.568 -9.585 -7.046 2.473
5 24 -8.805 -3.518 10.047 -7.254 -3.459 11.34 -9.657 -1.528 11.277 -6.73 -5.024 10.076
5 24 -17.527 8.11 3.746 -17.19 3.291 3.365 -17.688 6.727 5.405 -16.604 4.481 1.671
5 24 21.955 45.659 19.977 20.654 45.373 20.02 20.349 44.479 20.462 21.259 46.434 19.302
5 24 5.079 43.239 21.178 7.125 48.324 20.804 3.572 44.46 20.773 8.759 47.146 21.012
5 24 -2.484 22.455 20.194 -4.819 23.159 19.46 -4.789 17.57 19.263 -.71 29.363 20.589
5 24 -8.475 12.889 17.5 -9.503 13.12 15.584 -8.312 15.184 17.678 -9.168 9.037 15.461
5 24 -15.395 20.963 12.673 -13.722 23.372 14.646 -14.647 20.175 13.737 -13.907 24.026 13.915
5 24 9.093 27.492 13.267 8.112 24.365 12.818 4.38 26.141 13.496 12.703 26.263 11.768
5 24 34.444 29.144 11.142 34.935 29.579 12.298 37.031 30.69 10.212 33.518 28.759 12.037
5 24 -17.581 9.862 -7.631 -18.01 9.163 -6.022 -18.136 12.452 -5.499 -16.992 5.514 -8.178
5 24 4.912 -5.089 -8.064 5.1 -4.507 -8.88 4.643 -5.198 -8.461 5.742 -4.344 -8.479
5 24 -11.466 14.546 14.532 -9.902 15.741 15.504 -10.901 13.525 15.259 -10.126 16.547 15.311
5 24 8.878 -2.95 -10.215 9.971 -3.349 -8.739 7.845 -4.099 -8.897 10.496 -2.034 -9.885
5 24 -8.436 -6.81 -9.25 -11.84 -4.18 -8.9 -7.918 -5.377 -9.896 -12.719 -5.083 -7.613
5 24 16.169 47.25 16.005 13.862 47.816 15.903 16.05 47.713 16.056 13.757 44.726 15.793
5 24 -5.619 24.24 18.2 -3.699 28.598 19.697 -1.68 29.766 19.653 -6.557 24.628 18.691
5 24 4.116 -7.085 10.249 .517 -7.627 10.05 1.95 -6.048 12.293 2.918 -8.015 8.776
5 24 5.333 -3.736 -10.288 4.289 -6.157 -9.912 5.1 -4.507 -8.88 4.683 -4.815 -11.773
5 24 19.434 48.27 20.167 20.932 49.844 19.68 19.485 50.668 19.442 20.674 47.365 20.203
5 24 15.943 1.921 -4.622 12.77 -.271 -6.645 12.882 -2.077 -6.199 14.931 3.148 -5.254
5 24 -11.84 -4.18 -8.9 -15.456 -.151 -8.003 -14.549 .61 -8.674 -12.719 -5.083 -7.613
5 24 17.055 47.886 15.998 17.223 49.154 16.427 17.828 48.957 16.049 16.539 47.973 16.139
5 24 -5.395 -7.31 -11.841 -5.441 -6.191 -13.745 -2.966 -7.436 -13.756 -8.242 -5.54 -11.787
5 24 10.681 41.141 15.423 6.379 35.577 14.739 8.98 34.137 14.371 8.598 42.603 15.444
5 24 13.149 -4.453 -1.962 15.909 -1.159 -.653 13.454 -3.866 -3.489 15.515 -1.227 .955
5 24 15.943 1.921 -4.622 14.931 3.148 -5.254 17.108 5.759 -2.755 12.77 -.271 -6.645
5 24 3.704 -8.077 2.462 3.965 -7.934 2.534 4.466 -7.371 -.663 2.914 -8.035 4.619
5 24 17.587 6.548 -.765 17.297 7.693 -1.618 17.729 6.7 0 17.108 5.759 -2.755
5 24 9.929 52.72 19.186 10.398 54.001 19.422 9.12 53.362 19.517 11.393 53.878 18.731
5 24 23.649 51.812 15.278 22.364 50.338 15.238 21.828 52.465 15.622 24.465 49.985 15.328
5 24 -17.688 6.727 5.405 -16.176 8.85 8.718 -16.292 5.817 7.242 -17.449 10.069 7.054
5 24 25.074 51.249 16.724 25.346 50.378 16.8 24.422 51.801 17.648 25.044 50.467 15.883
5 24 5.891 -5.661 11.426 1.95 -6.048 12.293 5.158 -4.234 13.247 4.116 -7.085 10.249
5 24 32.382 46.694 14.458 30.926 47.546 15.317 30.753 47.723 14.637 32.369 46.558 15.681
5 24 20.544 52.614 17.071 22.058 52.536 16.406 20.732 52.657 17.555 20.702 52.58 16.387
5 24 5.07 8.144 18.776 3.383 3.99 17.612 5.896 4.49 17.361 2.146 7.429 18.914
5 24 9.971 -3.349 -8.739 10.496 -2.034 -9.885 12.19 -1.65 -8.31 8.878 -2.95 -10.215
5 24 2.62 -7.271 -14.207 1.547 -5.289 -15.75 3.007 -4.297 -14.78 .147 -7.257 -15.316
5 24 11.834 -2.938 9.472 10.282 -2.589 10.43 8.545 -5.309 8.313 12.997 .045 11.209
5 24 -6.272 28.234 13.305 -11.824 26.325 12.37 -9.721 30.441 13.836 -8.344 24.353 11.588
5 24 27.044 48.368 18.454 27.598 49.398 18.062 28.226 49.03 18.022 26.464 49.075 18.385
5 24 28.393 35.947 18.158 24.584 35.316 19.502 25.724 33.906 18.773 27.441 37.64 18.925
5 24 -14.738 -.763 4.366 -13.343 -4.162 .75 -12.555 -4.247 3.28 -15.937 -.242 1.951
5 24 27.499 47.783 18.375 28.886 47.569 16.62 27.798 46.854 17.376 28.51 48.563 17.981
5 24 -7.107 23.156 11.746 -7.429 18.707 10.371 -9.192 19.778 9.192 -5.491 21.736 12.038
5 24 13.862 47.816 15.903 16.105 48.201 16.111 14.834 49.98 16.059 16.05 47.713 16.056
5 24 4.912 -5.089 -8.064 4.099 -6.601 -8.166 4.392 -6.766 -7.613 4.643 -5.198 -8.461
5 24 16.741 13.268 -1.768 12.46 12.209 -2.718 12.78 13.672 -1.108 16.584 11.715 -3.341
5 24 -14.691 3.445 8.289 -13.456 7.129 10.682 -13.42 3.226 8.819 -14.736 7.664 10.236
5 24 23.24 23.942 16.728 21.123 20.683 14.27 24.7 23.498 14.215 19.324 20.829 17.234
5 24 22.058 52.536 16.406 23.652 52.113 16.218 22.493 52.459 17.834 21.828 52.465 15.622
5 24 10.282 -2.589 10.43 8.545 -5.309 8.313 7.542 -4.657 8.936 11.834 -2.938 9.472
5 24 36.663 33.879 2.766 37.243 35.858 2.839 35.654 35.197 4.412 37.614 34.322 2.017
5 24 25.479 47.473 14.625 26.742 48.086 14.518 25.847 48.969 14.658 26.078 46.727 14.701
5 24 32.382 46.694 14.458 33.186 45.204 13.729 32.038 46.699 13.46 33.091 45.237 14.891
5 24 23.24 23.942 16.728 22.018 25.46 17.938 25.568 27.479 17.452 19.324 20.829 17.234
5 24 16.01 54.091 16.694 16.045 54.381 17.524 15.158 54.507 17.538 17.049 53.957 16.768
5 24 7.505 -6.944 -3.422 5.263 -5.914 -5.294 4.693 -6.788 -2.565 8.564 -6.463 -4.63
5 24 -6.071 -9.03 -.671 -8.911 -5.874 -1.627 -5.758 -7.743 -2.097 -9.851 -7.124 -.145
5 24 -2.774 -9.493 -9.284 -2.557 -8.319 -10.073 -.622 -8.914 -9.918 -5.307 -8.506 -9.269
5 24 .873 .191 -13.778 3.748 1.213 -12.21 0 1.812 -12.07 3.941 .027 -12.948
5 24 -2.966 -7.436 -13.756 -.926 -8.309 -13.463 -3.226 -8.368 -11.809 .147 -7.257 -15.316
5 24 36.517 42.354 11.288 36.631 41.698 12.907 37.297 39.806 9.954 34.957 43.781 14.386
5 24 18.816 41.232 15.408 20.128 40.375 15.068 16.896 36.842 14.76 20.31 41.364 15.318
5 24 37.243 35.858 2.839 35.654 35.197 4.412 36.663 33.879 2.766 36.916 37.103 3.829
5 24 25.568 27.479 17.452 28.413 28.771 16.851 27.534 31.062 17.555 27.517 26.116 15.862
5 24 8.285 46.446 15.664 11.022 45.225 15.649 10.243 48.892 15.798 8.598 42.603 15.444
5 24 25.752 23.504 11.874 24.7 23.498 14.215 27.661 25.027 13.873 22.295 21.024 10.803
5 24 28.413 28.771 16.851 30.327 32.757 16.414 31.618 29.753 15.279 27.534 31.062 17.555
5 24 -1.608 -1.222 16.097 -.542 -3.333 14.976 -3.806 -2.556 14.685 1.568 -1.16 16.149
5 24 32.299 43.923 15.205 32.861 43.957 14.628 32.696 44.241 14.663 32.49 43.556 15.151
5 24 23.221 45.111 14.979 23.641 46.999 14.876 23.137 46.872 14.977 24.25 46.299 14.818
5 24 14.834 49.98 16.059 16.105 48.201 16.111 13.862 47.816 15.903 16.619 49.513 16.292
5 24 9.636 52.213 16.336 10.188 54.295 16.941 11.372 53.743 16.787 7.704 53.056 16.646
5 24 36.089 31.706 3.308 34.981 29.53 4.729 35.064 31.156 5.09 36.384 29.778 2.682
5 24 15.943 1.921 -4.622 17.293 3.935 -1.848 16.168 .367 -3.594 17.326 4.7 -2
5 24 17.326 4.7 -2 17.108 5.759 -2.755 15.943 1.921 -4.622 17.393 5.465 -1.848
5 24 -18.877 12.738 -2.153 -18.881 14.833 -1.1 -19.056 12.117 -1.698 -18.602 14.149 -3.206
5 24 25.593 43.588 19.519 24.361 40.496 20 23.024 41.734 20.202 27.19 42.769 19.072
5 24 5.258 -7.259 8.882 5.246 -6.73 6.868 7.542 -4.657 8.936 3.833 -8.043 7.475
5 24 19.41 45.415 15.498 18.293 48.596 15.796 17.196 47.429 15.884 20.98 46.577 15.254
5 24 22.702 39.41 14.247 22.063 35.186 13.055 19.463 35.09 13.833 24.397 37.937 13.321
5 24 -16.128 -.337 -3.251 -15.486 .839 .317 -12.542 -3.151 -.995 -17.693 3.925 -1.727
5 24 -5.491 21.736 12.038 -7.107 23.156 11.746 -7.429 18.707 10.371 -2.584 24.829 13.307
5 24 38.346 31.461 4.938 39.191 32.418 6.262 39.502 32.856 5.123 37.599 30.886 6.654
5 24 -15.456 -.151 -8.003 -17.539 4.486 -6.06 -18.206 3.64 -4.897 -14.549 .61 -8.674
5 24 15.547 11.792 11.303 15.219 12.812 13.624 14.462 9.86 12.78 16.442 13.882 11.148
5 24 -18.769 16.535 .223 -18.284 14.258 4.232 -18.881 14.833 -1.1 -18.111 17.475 5.185
5 24 5.129 49.631 20.048 6.202 53.009 18.598 7.437 51.906 19.76 3.649 50.575 18.517
5 24 1.418 -9.6 -9.041 -.678 -10.976 -8.356 1.587 -10.524 -8.104 -.645 -9.938 -9.261
5 24 33.091 45.237 14.891 32.369 46.558 15.681 32.382 46.694 14.458 32.867 45.182 15.973
5 24 21.735 41.889 15.157 20.128 40.375 15.068 21.819 41.385 14.889 20.31 41.364 15.318
5 24 24.361 40.496 20 23.059 36.777 20.191 21.838 38.211 20.584 25.595 39.282 19.535
5 24 21.213 43.744 15.209 19.41 45.415 15.498 18.816 41.232 15.408 20.98 46.577 15.254
5 24 27.723 48.531 14.486 28.572 48.95 14.473 28.75 48.505 14.552 28.02 49.208 14.525
5 24 1.6 45.85 20.009 -3.713 41.509 18.071 .179 46.942 18.415 -2.386 40.298 19.601
5 24 -18.206 3.64 -4.897 -15.456 -.151 -8.003 -17.539 4.486 -6.06 -16.326 -1.079 -6.709
5 24 22.119 49.14 19.809 22.5 51.345 19.12 20.932 49.844 19.68 23.725 50.888 19.296
5 24 -17.244 14.535 7.725 -16.746 13.973 9.39 -16.611 18.971 10.244 -17.624 11.938 6.247
5 24 -19.204 7.954 -2.758 -18.741 8.544 -3.722 -17.539 4.486 -6.06 -19.284 11.418 -1.17
5 24 25.752 23.504 11.874 25.037 24.986 9.223 28.449 24.813 11.713 22.295 21.024 10.803
5 24 4.38 26.141 13.496 7.356 21.482 12.383 8.112 24.365 12.818 2.356 22.488 13.357
5 24 17.288 10.979 -.739 17.494 10.361 .172 17.54 12.235 .939 16.998 9.398 -1.458
5 24 -15.937 -.242 1.951 -14.738 -.763 4.366 -15.935 2.543 5.755 -13.343 -4.162 .75
5 24 -14.398 16.352 13.268 -15.437 12.749 11.081 -15.839 17.598 11.764 -13.907 11.694 12.548
5 24 28.03 40.178 13.058 29.368 42.958 12.581 30.082 42.54 12.666 27.3 40.937 12.996
5 24 2.993 35.688 20.542 2.132 36.412 21.184 7.597 41.159 20.59 -.967 32.489 20.458
5 24 -12.028 20.853 15.932 -13.305 22.665 15.238 -14.647 20.175 13.737 -10.59 27.634 17.301
5 24 29.73 47.559 14.783 30.753 47.723 14.637 30.706 47.574 13.771 29.99 47.523 15.69
5 24 34.303 43.321 15.209 36.035 41.265 13.855 34.913 40.445 15.07 34.957 43.781 14.386
5 24 34.961 32.303 13.089 32.733 34.145 15.135 34.47 35.354 13.631 33.193 31.139 14.387
5 24 .838 -8.033 -14.364 2.506 -8.692 -12.28 .702 -8.836 -12.967 2.62 -7.271 -14.207
5 24 -11.533 5.331 13.684 -9.966 4.768 14.754 -11.151 8.891 14.954 -10.718 1.705 12.614
5 24 -3.268 -4.721 12.853 -1.891 -6.763 11.214 -.542 -3.333 14.976 -3.161 -5.85 11.49
5 24 -11.151 8.891 14.954 -12.002 9.267 14.318 -10.901 13.525 15.259 -11.533 5.331 13.684
5 24 17.868 53.857 18.535 16.91 53.792 19.302 18.191 52.553 19.39 17.114 54.075 18.32
5 24 18.01 47.033 20.472 16.088 48.068 20.196 16.841 45.092 20.87 17.708 49.399 19.85
5 24 -4.825 36.284 18.984 -8.807 33.4 17.045 -6.305 37.355 17.638 -7.687 32.278 18.312
5 24 8.168 51.289 19.433 9.929 52.72 19.186 8.71 50.838 19.264 9.12 53.362 19.517
5 24 -18.22 17.227 -2.19 -14.91 19.374 -.783 -18.409 18.331 .924 -14.639 18.297 -2.421
5 24 25.479 47.473 14.625 24.809 48.26 14.78 25.847 48.969 14.658 24.165 47.587 14.848
5 24 -6.305 37.355 17.638 -2.869 41.212 15.651 -3.713 41.509 18.071 -5.758 37.247 15.164
5 24 16.185 22.49 7.5 19.646 20.719 6.617 18.897 25.474 9.277 18.539 19.077 4.882
5 24 -13.413 18.398 14.527 -14.398 16.352 13.268 -15.839 17.598 11.764 -12.589 15.236 14.522
5 24 2.126 -8.474 7.633 3.833 -8.043 7.475 2.918 -8.015 8.776 3.212 -8.248 6.857
5 24 4.191 -3.011 -13.346 4.683 -4.815 -11.773 3.672 -6.342 -13.147 5.008 -1.743 -12.178
5 24 -14.549 .61 -8.674 -11.84 -4.18 -8.9 -15.456 -.151 -8.003 -10.813 -3.217 -9.549
5 24 -5.242 -4.517 -15.878 -5.441 -6.191 -13.745 -7.942 -4.435 -13.747 -2.398 -6.113 -15.857
5 24 6.805 -7.406 5.83 7.593 -7.615 3.105 10.775 -5.708 4.406 4.749 -7.917 5.076
5 24 31.662 25.864 10.86 31.175 26.604 13.093 30.063 25.393 11.416 33.274 27.002 11.191
5 24 36.493 26.934 4.448 36.063 26.687 7.447 37.435 26.763 5.512 34.639 27.576 5.446
5 24 32.013 43.161 15.623 33.304 42.395 16.091 31.872 41.258 17.003 32.49 43.556 15.151
5 24 17.828 48.957 16.049 17.223 49.154 16.427 18.051 50.505 16.869 17.055 47.886 15.998
5 24 -15.486 .839 .317 -15.937 -.242 1.951 -17.19 3.291 3.365 -12.542 -3.151 -.995
5 24 39.725 30.409 2.347 39.171 29.828 4.328 39.856 28.156 1.28 38.783 31.934 3.176
5 24 24.29 43.655 14.694 21.629 42.389 15.384 21.735 41.889 15.157 23.901 44.078 15.211
5 24 28.479 47.416 14.975 28.566 46.992 14.938 28.967 47.19 15.255 27.84 46.97 14.864
5 24 11.336 52.136 20.146 11.145 49.233 20.716 13.042 50.861 20.352 9.501 50.562 20.632
5 24 17.922 29.985 11.952 19.472 31.012 12.41 18.022 29.292 11.619 18.914 31.412 12.393
5 24 .998 -10.292 1.703 2.25 -8.709 4 2.927 -8.951 2.119 .645 -9.443 3.745
5 24 16.699 39.737 21.352 14.339 42.197 21.383 10.249 37.922 21.72 19.177 41.752 20.896
5 24 37.042 37.347 10.371 34.912 37.836 9.65 36.249 38.551 8.207 35.309 37.423 10.641
5 24 -11.824 26.325 12.37 -11.52 28.36 15.954 -9.721 30.441 13.836 -13.907 24.026 13.915
5 24 -5.574 1.419 16.407 -2.964 1.977 17.221 -1.608 -1.222 16.097 -4.487 5.836 18.047
5 24 32.038 46.699 13.46 30.706 47.574 13.771 31.047 47.031 13.01 30.753 47.723 14.637
5 24 4.323 -6.94 -2.715 5.263 -5.914 -5.294 4.693 -6.788 -2.565 4.913 -6.051 -5.41
5 24 36.631 41.698 12.907 37.297 39.806 9.954 37.036 39.803 11.626 36.517 42.354 11.288
5 24 23.059 36.777 20.191 21.603 34.034 19.548 20.894 34.529 20.559 23.793 36.26 18.927
5 24 16.741 13.268 -1.768 17.288 10.979 -.739 17.54 12.235 .939 16.584 11.715 -3.341
5 24 16.01 54.091 16.694 15.158 54.507 17.538 16.045 54.381 17.524 14.92 54.062 16.563
5 24 38.309 36.162 3.19 39.436 34.118 2.559 38.95 36.248 3.835 38.714 34.305 2.153
5 24 3.436 -7.93 4.43 2.914 -8.035 4.619 3.359 -7.946 4.953 3.965 -7.934 2.534
5 24 25.595 39.282 19.535 28.643 40.659 17.44 28.581 41.747 18.465 26.267 38.508 18.22
5 24 26.872 50.136 16.089 25.834 49.829 16.246 27.006 49.979 15.335 26.869 50.139 17.057
5 24 19.781 44.992 20.509 19.177 41.752 20.896 16.841 45.092 20.87 20.349 44.479 20.462
5 24 36.249 38.551 8.207 34.912 37.836 9.65 35.594 37.961 7.633 37.042 37.347 10.371
5 24 -9.503 13.12 15.584 -10.901 13.525 15.259 -11.151 8.891 14.954 -9.902 15.741 15.504
5 24 -8.187 -5.893 7.469 -5.622 -7.03 4.99 -8.207 -5.433 5.612 -5.19 -7.575 6.577
5 24 28.106 50.08 15.21 28.572 48.95 14.473 29.104 49.614 15.182 28.02 49.208 14.525
5 24 -2.386 40.298 19.601 2.339 45.317 19.714 -1.812 39.868 19.515 1.6 45.85 20.009
5 24 36.493 26.934 4.448 37.435 26.763 5.512 38.542 26.922 3.44 36.063 26.687 7.447
5 24 23.649 51.812 15.278 23.652 52.113 16.218 24.412 51.773 16.02 21.828 52.465 15.622
5 24 8.167 -7.393 .503 7.593 -7.615 3.105 5.746 -7.98 .121 11.634 -5.393 1.741
5 24 15.434 51.389 16.182 13.668 53.226 16.167 12.835 52.271 16.033 15.948 52.745 16.343
5 24 10.775 -5.708 4.406 11.634 -5.393 1.741 7.593 -7.615 3.105 14.439 -2.082 3.576
5 24 28.074 26.28 9.435 24.806 29.947 10.675 28.371 29.379 9.362 25.037 24.986 9.223
5 24 17.084 50.834 16.51 17.626 52.408 16.764 18.051 50.505 16.869 15.948 52.745 16.343
5 24 35.594 37.961 7.633 34.912 37.836 9.65 36.249 38.551 8.207 34.202 37.33 9.345
5 24 -.059 2.829 18.071 2.757 .214 16.062 1.786 3.618 17.039 .847 -.021 16.846
5 24 11.666 27.585 21.54 13.371 26.367 20.971 15.995 32.238 21.46 10.125 22.058 20.835
5 24 -18.718 11.651 2.321 -19.284 11.418 -1.17 -18.881 14.833 -1.1 -18.655 7.951 .382
5 24 39.436 34.118 2.559 39.768 34.072 4.735 38.95 36.248 3.835 39.704 33.237 4.628
5 24 37.192 32.187 1.673 37.035 32.401 2.486 36.609 31.98 2.498 37.934 32.262 2.058
5 24 31.917 46.1 16.434 32.369 46.558 15.681 32.867 45.182 15.973 30.96 47.298 15.997
5 24 5.008 -1.743 -12.178 4.191 -3.011 -13.346 4.683 -4.815 -11.773 2.976 -1.272 -14.233
5 24 19.646 20.719 6.617 19.05 17.173 6.693 20.034 18.815 8.543 18.539 19.077 4.882
5 24 -10.718 1.705 12.614 -13.097 2.338 10.376 -11.533 5.331 13.684 -12.073 -1.195 9.215
5 24 -12.891 11.561 -8.599 -17.472 13.909 -6.553 -16.7 10.67 -9.286 -13.567 14.402 -6.609
5 24 7.585 8.833 18.408 5.07 8.144 18.776 5.896 4.49 17.361 4.095 11.23 19.86
5 24 1.547 -5.289 -15.75 1.087 -2.572 -15.942 1.797 -2.531 -15.563 -1.376 -3.824 -16.058
5 24 25.04 49.582 15.737 25.044 50.467 15.883 25.272 50.143 16.173 24.465 49.985 15.328
5 24 14.498 .605 8.104 11.834 -2.938 9.472 12.997 .045 11.209 13.31 -2.543 6.347
5 24 2.506 -8.692 -12.28 2.62 -7.271 -14.207 3.672 -6.342 -13.147 .838 -8.033 -14.364
5 24 -13.346 -1.013 6.473 -10.611 -3.256 6.388 -11.503 -4.047 5.568 -12.293 -.534 7.272
5 24 4.095 11.23 19.86 7.175 12.12 19.402 3.952 14.023 20.568 7.585 8.833 18.408
5 24 7.437 51.906 19.76 8.168 51.289 19.433 5.835 49.091 19.69 9.12 53.362 19.517
5 24 -18.405 11.255 -4.498 -17.997 9.061 -4.477 -18.01 9.163 -6.022 -18.877 12.738 -2.153
5 24 39.436 34.118 2.559 38.714 34.305 2.153 39.38 32.94 2.442 38.309 36.162 3.19
5 24 14.634 52.2 20.018 13.042 50.861 20.352 14.684 49.524 20.045 13.007 53.618 19.65
5 24 23.593 45.923 19.659 25.68 47.56 18.943 23.194 46.72 19.559 26.209 46.884 18.828
5 24 24.431 29.259 18.31 26.846 32.033 17.361 27.534 31.062 17.555 23.75 30.152 18.311
5 24 7.43 -3.202 -10.849 7.845 -4.099 -8.897 8.878 -2.95 -10.215 6.655 -4.279 -9.234
5 24 -2.869 41.212 15.651 -1.786 34.626 14.659 -5.758 37.247 15.164 1.557 38.707 15.256
5 24 6.09 1.019 16.019 4.025 .662 16.318 3.581 -.915 15.75 3.383 3.99 17.612
5 24 3.748 1.213 -12.21 4.684 2.014 -11.308 0 1.812 -12.07 6.024 1.071 -11.623
5 24 -16.746 13.973 9.39 -17.624 11.938 6.247 -17.244 14.535 7.725 -17.449 10.069 7.054
5 24 25.752 23.504 11.874 27.661 25.027 13.873 28.449 24.813 11.713 24.7 23.498 14.215
5 24 -7.743 17.56 18.135 -8.56 19.091 16.207 -9.183 15.875 15.833 -5.619 24.24 18.2
5 24 31.011 28.684 8.527 32.776 27.324 7.374 32.822 29.004 7.15 31.113 27.11 8.51
5 24 -2.584 -8.664 -2.24 -.63 -10.459 -5.249 -2.86 -9.904 -5.174 .646 -8.975 -2.284
5 24 24.7 23.498 14.215 23.24 23.942 16.728 27.517 26.116 15.862 21.123 20.683 14.27
5 24 32.733 34.145 15.135 31.311 35.02 14.922 30.327 32.757 16.414 34.47 35.354 13.631
5 24 26.497 31.328 10.652 24.6 30.36 11.126 24.806 29.947 10.675 26.28 31.781 11.206
5 24 5.263 -5.914 -5.294 8.564 -6.463 -4.63 7.505 -6.944 -3.422 8.625 -5.779 -6.207
5 24 15.948 52.745 16.343 17.049 53.957 16.768 16.01 54.091 16.694 17.626 52.408 16.764
5 24 7.749 14.785 18.731 11.348 13.148 17.798 9.531 16.416 19.075 7.859 12.519 18.169
5 24 29.104 49.614 15.182 28.975 49.642 16.233 27.999 50.209 15.919 29.41 48.694 17.021
5 24 38.457 32.096 2.509 38.86 32.085 3.263 38.483 32.296 2.526 38.783 31.934 3.176
5 24 24.465 49.985 15.328 25.04 49.582 15.737 25.044 50.467 15.883 24.442 48.73 15.32
5 24 -3.734 32.023 14.159 -6.272 28.234 13.305 -1.865 30.568 14.21 -7.814 33.983 14.598
5 24 .847 -.021 16.846 -1.608 -1.222 16.097 -2.964 1.977 17.221 1.568 -1.16 16.149
5 24 -5.617 9.698 18.336 -8.233 8.999 17.367 -7.299 5.264 17.152 -8.475 12.889 17.5
5 24 2.506 -8.692 -12.28 3.429 -7.535 -11.222 1.215 -8.668 -9.681 3.672 -6.342 -13.147
5 24 17.922 29.985 11.952 16.006 31.188 12.921 18.914 31.412 12.393 12.703 26.263 11.768
5 24 11.666 27.585 21.54 15.995 32.238 21.46 13.371 26.367 20.971 14.435 33.643 21.854
5 24 28.107 45.234 18.441 26.871 46.042 17.845 28.345 46.621 17.242 25.593 43.588 19.519
5 24 -13.413 18.398 14.527 -10.399 19.003 16.453 -12.028 20.853 15.932 -11.641 16.799 15.372
5 24 25.593 43.588 19.519 26.871 46.042 17.845 24.535 44.359 19.044 28.107 45.234 18.441
5 24 7.563 -1.444 -11.984 6.024 1.071 -11.623 9.012 -1.138 -11.469 4.872 .044 -12.514
5 24 -18.198 19.217 3.757 -15.37 20.59 2.407 -18.409 18.331 .924 -15.304 21.466 6.036
5 24 19.463 35.09 13.833 16.896 36.842 14.76 16.006 31.188 12.921 20.128 40.375 15.068
5 24 -18.198 19.217 3.757 -15.304 21.466 6.036 -17.281 20.316 8.088 -15.37 20.59 2.407
5 24 29.702 38.1 11.064 28.179 34.659 11.145 30.759 37.008 10.876 27.1 35.629 11.381
5 24 27.3 40.937 12.996 26.029 42.05 13.646 24.397 37.937 13.321 28.362 43.828 13.1
5 24 29.636 48.584 15.577 29.114 47.846 15.846 28.99 47.665 15.33 28.886 47.569 16.62
5 24 12.808 22.617 19.962 14.857 25.728 20.393 11.976 22.188 20.195 15.158 24.959 19.948
5 24 38.346 31.461 4.938 38.007 29.628 6.523 39.171 29.828 4.328 37.599 30.886 6.654
5 24 30.463 31.568 8.68 32.634 30.482 7.692 31.011 28.684 8.527 32.255 33.01 7.811
5 24 8.116 -3.028 12.775 5.158 -4.234 13.247 4.304 -2.301 14.885 5.891 -5.661 11.426
5 24 24.25 46.299 14.818 23.221 45.111 14.979 26.078 46.727 14.701 23.641 46.999 14.876
5 24 2.356 22.488 13.357 7.356 21.482 12.383 0 17.7 13 4.38 26.141 13.496
5 24 23.75 30.152 18.311 24.431 29.259 18.31 20.306 28.008 18.969 26.846 32.033 17.361
5 24 -.873 17.141 19.511 .645 13.826 20.415 -1.512 14.222 19.068 1.041 16.627 20.876
5 24 25.773 36.843 12.126 25.186 37.188 13.402 28.03 40.178 13.058 23.275 34.292 12.205
5 24 24.412 51.773 16.02 24.422 51.801 17.648 25.074 51.249 16.724 23.652 52.113 16.218
5 24 5.299 19.49 21.343 2.435 20.36 21.371 4.183 16.282 20.97 5.56 24.544 21.767
5 24 10.497 -5.809 -4.318 10.407 -5.213 -5.759 8.564 -6.463 -4.63 13.454 -3.866 -3.489
5 24 8.625 -5.779 -6.207 9.65 -4.394 -6.867 10.407 -5.213 -5.759 6.679 -5.25 -7.348
5 24 28.371 29.379 9.362 30.463 31.568 8.68 29.259 33.468 10.12 31.011 28.684 8.527
5 24 25.797 49.81 17.068 26.869 50.139 17.057 25.834 49.829 16.246 25.289 49.594 17.549
5 24 -1.68 29.766 19.653 -.71 29.363 20.589 2.993 35.688 20.542 -4.819 23.159 19.46
5 24 12.997 .045 11.209 11.111 .097 12.118 10.282 -2.589 10.43 13.273 2.333 12.349
5 24 28.479 47.416 14.975 28.75 48.505 14.552 28.99 47.665 15.33 28.147 47.9 14.626
5 24 25.289 49.594 17.549 25.07 50.111 17.436 25.797 49.81 17.068 24.204 48.974 18.04
5 24 19.674 35.993 21.064 14.435 33.643 21.854 15.995 32.238 21.46 18.369 37.608 21.244
5 24 -10.353 -.548 -15.006 -10.619 -2.383 -13.399 -14.677 1.9 -12.058 -7.788 -2.787 -15.609
5 24 18.523 15.914 7.621 17.548 14.396 8.772 17.354 12.887 7.401 18.999 17.334 9.402
5 24 16.006 31.188 12.921 16.896 36.842 14.76 19.463 35.09 13.833 12.801 32.71 13.909
5 24 16.539 47.973 16.139 16.105 48.201 16.111 16.05 47.713 16.056 17.223 49.154 16.427
5 24 -4.599 26.721 13.304 -8.344 24.353 11.588 -6.272 28.234 13.305 -7.107 23.156 11.746
5 24 21.118 27.87 10.502 19.862 28.577 10.921 18.788 27.413 10.452 21.303 30.077 11.343
5 24 -12.719 -5.083 -7.613 -12.899 -4.471 -4.339 -9.151 -7.56 -4.891 -16.326 -1.079 -6.709
5 24 18.946 51.753 17.837 18.191 52.553 19.39 18.106 51.074 18.376 18.713 52.9 18.576
5 24 38.16 28.435 -.626 39.359 27.764 -.206 39.284 28.866 .08 38.09 27.761 -.332
5 24 31.618 29.753 15.279 33.125 28.862 13.64 31.796 28.161 14.296 33.193 31.139 14.387
5 24 39.075 27.75 3.787 39.64 27.397 1.186 39.172 26.999 1.477 39.856 28.156 1.28
5 24 -7.46 -5.673 8.669 -5.19 -7.575 6.577 -3.878 -7.549 8.068 -8.187 -5.893 7.469
5 24 37.95 27.943 6.146 36.555 28.631 8.839 38.007 29.628 6.523 36.406 27.601 8.274
5 24 19.846 52.155 17.266 18.872 51.789 17.613 19.691 52.015 16.59 19.912 52.302 17.695
5 24 12.574 53.792 17.446 14.472 54.526 17.82 14.258 54.292 19.249 14.304 54.295 17.055
5 24 -6.544 1.583 14.481 -8.589 1.41 14.032 -7.644 -1.648 12.675 -8.255 5.228 15.166
5 24 32.794 44.037 13.25 34.648 44.479 12.844 32.998 44.116 13.837 34.381 44.236 11.855
5 24 15.336 48.855 18.994 16.198 50.9 19.747 14.684 49.524 20.045 16.978 50.196 18.845
5 24 19.463 35.09 13.833 20.128 40.375 15.068 16.896 36.842 14.76 22.702 39.41 14.247
5 24 .614 37.841 20.875 2.132 36.412 21.184 -2.309 33.978 20.237 6.746 41.876 21.296
5 24 29.368 42.958 12.581 30.082 42.54 12.666 28.03 40.178 13.058 30.567 44.22 12.401
5 24 7.542 -4.657 8.936 5.258 -7.259 8.882 5.246 -6.73 6.868 6.909 -5.647 10.593
5 24 39.075 27.75 3.787 39.171 29.828 4.328 37.95 27.943 6.146 39.856 28.156 1.28
5 24 15.434 51.389 16.182 17.084 50.834 16.51 15.948 52.745 16.343 16.619 49.513 16.292
5 24 31.175 26.604 13.093 30.063 25.393 11.416 31.662 25.864 10.86 29.554 25.97 13.674
5 24 7.542 -4.657 8.936 10.282 -2.589 10.43 8.545 -5.309 8.313 8.811 -2.095 11.055
5 24 -18.655 7.951 .382 -17.527 8.11 3.746 -16.604 4.481 1.671 -18.718 11.651 2.321
5 24 -6.305 37.355 17.638 -5.758 37.247 15.164 -7.814 33.983 14.598 -2.869 41.212 15.651
5 24 19.691 52.015 16.59 19.846 52.155 17.266 20.544 52.614 17.071 18.872 51.789 17.613
5 24 6.426 -4.241 -8.101 6.679 -5.25 -7.348 9.65 -4.394 -6.867 5.523 -4.771 -7.966
5 24 22.215 42.558 19.751 24.02 45.212 19.611 21.551 43.391 20.346 24.535 44.359 19.044
5 24 10.249 37.922 21.72 16.699 39.737 21.352 14.339 42.197 21.383 12.28 35.521 21.915
5 24 -16.7 10.67 -9.286 -12.891 11.561 -8.599 -11.956 8.557 -10.309 -17.472 13.909 -6.553
5 24 37.599 30.886 6.654 38.548 31.785 7.675 39.191 32.418 6.262 36.139 29.975 9.236
5 24 18.523 15.914 7.621 20.034 18.815 8.543 18.999 17.334 9.402 19.05 17.173 6.693
5 24 16.442 13.882 11.148 17.247 16.332 13.516 15.219 12.812 13.624 17.697 15.594 10.259
5 24 -13.603 3.189 -13.683 -10.836 5.801 -11.76 -9.15 3.153 -13.352 -15.806 7.823 -11.276
5 24 26.618 32.749 17.938 28.393 35.947 18.158 25.724 33.906 18.773 29.086 34.503 17.222
5 24 36.742 33.403 11.33 38.07 34.349 9.452 36.121 36.513 11.709 37.031 30.69 10.212
5 24 -18.409 18.331 .924 -14.91 19.374 -.783 -18.22 17.227 -2.19 -15.37 20.59 2.407
5 24 8.694 1.572 15.48 6.09 1.019 16.019 8.639 -.309 14.599 5.896 4.49 17.361
5 24 -2.865 -10.06 1.469 .998 -10.292 1.703 -2.667 -10.217 -.915 -2.64 -9.426 3.835
5 24 24.535 44.359 19.044 23.024 41.734 20.202 25.593 43.588 19.519 22.215 42.558 19.751
5 24 15.619 16.282 17.143 15.219 12.812 13.624 14.05 12.674 16.254 17.247 16.332 13.516
5 24 23.369 32.211 19.322 25.724 33.906 18.773 24.373 31.198 18.503 24.584 35.316 19.502
5 24 16.034 26.321 10.5 18.897 25.474 9.277 16.185 22.49 7.5 18.788 27.413 10.452
5 24 -18.198 19.217 3.757 -18.111 17.475 5.185 -18.409 18.331 .924 -17.281 20.316 8.088
5 24 25.568 27.479 17.452 24.431 29.259 18.31 22.018 25.46 17.938 27.534 31.062 17.555
5 24 -.815 39.074 20.37 2.892 44.917 19.474 3.572 44.46 20.773 -1.415 39.558 19.515
5 24 29.316 44.336 18.086 28.581 41.747 18.465 27.19 42.769 19.072 30.391 43.339 17.59
5 24 13.225 34.697 21.119 12.28 35.521 21.915 17.341 38.576 20.69 8.418 30.005 21.074
5 24 -5.574 1.419 16.407 -5.031 -2.122 13.002 -3.806 -2.556 14.685 -6.544 1.583 14.481
5 24 38.542 26.922 3.44 39.075 27.75 3.787 39.172 26.999 1.477 37.435 26.763 5.512
5 24 37.599 30.886 6.654 38.007 29.628 6.523 36.555 28.631 8.839 38.346 31.461 4.938
5 24 7.283 30.82 21.925 1.289 27.846 21.19 3.26 26.373 21.565 5.456 32.806 21.691
5 24 -12.589 15.236 14.522 -14.398 16.352 13.268 -13.907 11.694 12.548 -13.413 18.398 14.527
5 24 -3.713 41.509 18.071 -2.869 41.212 15.651 -6.305 37.355 17.638 .179 46.942 18.415
5 24 7.505 -6.944 -3.422 4.693 -6.788 -2.565 5.263 -5.914 -5.294 6.211 -7.127 -2.247
5 24 5.456 32.806 21.691 10.249 37.922 21.72 12.28 35.521 21.915 3.596 34.847 21.195
5 24 17.998 53.568 16.986 17.626 52.408 16.764 17.049 53.957 16.768 18.442 53.056 17.289
5 24 10.497 52.228 18.738 9.929 52.72 19.186 8.71 50.838 19.264 11.393 53.878 18.731
5 24 18.682 53.115 17.863 17.868 53.857 18.535 18.713 52.9 18.576 18.116 53.859 17.682
5 24 .147 -7.257 -15.316 2.62 -7.271 -14.207 1.547 -5.289 -15.75 .838 -8.033 -14.364
5 24 34.746 42.194 9.492 33.373 41.299 9.841 35.611 40.388 8.543 32.197 43.116 10.941
5 24 14.296 22.849 8.773 14.755 20.499 5.822 12.933 20.234 6.916 16.185 22.49 7.5
5 24 24.361 40.496 20 25.595 39.282 19.535 27.19 42.769 19.072 23.059 36.777 20.191
5 24 -12.899 -4.471 -4.339 -16.128 -.337 -3.251 -12.542 -3.151 -.995 -16.326 -1.079 -6.709
5 24 13.273 2.333 12.349 14.753 2.843 9.18 14.568 6.286 10.926 12.997 .045 11.209
5 24 38.07 34.349 9.452 37.031 30.69 10.212 38.548 31.785 7.675 36.742 33.403 11.33
5 24 9.57 -5.797 7.404 10.775 -5.708 4.406 13.31 -2.543 6.347 6.805 -7.406 5.83
5 24 26.618 32.749 17.938 25.724 33.906 18.773 28.393 35.947 18.158 24.373 31.198 18.503
5 24 15.329 11.247 9.695 17.548 14.396 8.772 17.354 12.887 7.401 16.442 13.882 11.148
5 24 11.976 22.188 20.195 12.824 22.01 19.645 12.808 22.617 19.962 11.29 20.754 19.725
5 24 19.674 35.993 21.064 18.369 37.608 21.244 21.838 38.211 20.584 14.435 33.643 21.854
5 24 22.364 50.338 15.238 23.838 47.847 15.083 24.465 49.985 15.328 21.715 48.578 15.24
5 24 -2.86 -9.904 -5.174 -2.584 -8.664 -2.24 -5.607 -9.148 -5.038 -.63 -10.459 -5.249
5 24 39.284 28.866 .08 38.025 29.532 -.344 38.16 28.435 -.626 38.818 30.961 1.043
5 24 13.393 9.506 15.186 14.462 9.86 12.78 15.219 12.812 13.624 13.284 5.963 13.87
5 24 23.788 49.22 18.087 24.204 48.974 18.04 25.07 50.111 17.436 22.497 47.635 18.658
5 24 31.905 27.502 13.328 33.419 27.848 12.017 32.806 28.336 12.793 33.274 27.002 11.191
5 24 -4.118 35.27 19.505 -3.902 36.925 19.173 -3.27 37.144 19.347 -4.825 36.284 18.984
5 24 18.764 50.505 16.208 18.719 51.588 17.343 19.691 52.015 16.59 18.051 50.505 16.869
5 24 31.379 35.093 9.287 30.463 31.568 8.68 29.259 33.468 10.12 32.255 33.01 7.811
5 24 17.717 9.477 3.358 17.847 13.857 2.996 17.761 12.2 4.453 17.721 10.131 1.838
5 24 30.782 45.257 17.27 31.917 46.1 16.434 30.564 46.967 16.694 31.77 44.441 16.866
5 24 32.867 45.182 15.973 32.299 43.923 15.205 33.091 45.237 14.891 31.77 44.441 16.866
5 24 38.86 32.085 3.263 39.502 32.856 5.123 39.704 33.237 4.628 38.346 31.461 4.938
5 24 25.68 47.56 18.943 27.044 48.368 18.454 26.209 46.884 18.828 26.464 49.075 18.385
5 24 25.568 27.479 17.452 27.534 31.062 17.555 28.413 28.771 16.851 24.431 29.259 18.31
5 24 13.668 53.226 16.167 15.948 52.745 16.343 14.92 54.062 16.563 15.434 51.389 16.182
5 24 39.856 28.156 1.28 39.284 28.866 .08 39.359 27.764 -.206 39.725 30.409 2.347
5 24 23.793 36.26 18.927 24.584 35.316 19.502 21.603 34.034 19.548 26.267 38.508 18.22
5 24 21.123 20.683 14.27 24.7 23.498 14.215 22.295 21.024 10.803 23.24 23.942 16.728
5 24 26.869 50.139 17.057 26.464 49.075 18.385 27.598 49.398 18.062 25.289 49.594 17.549
5 24 16.273 54.338 18.378 16.045 54.381 17.524 17.17 54.128 17.56 15.285 54.501 18.461
5 24 36.555 28.631 8.839 36.406 27.601 8.274 34.637 27.199 10.104 37.95 27.943 6.146
5 24 32.369 46.558 15.681 32.867 45.182 15.973 33.091 45.237 14.891 31.917 46.1 16.434
5 24 28.75 48.505 14.552 27.723 48.531 14.486 28.147 47.9 14.626 28.572 48.95 14.473
5 24 -6.557 24.628 18.691 -8.685 26.243 18.171 -10.399 19.003 16.453 -5.818 30.769 19.226
5 24 -2.309 33.978 20.237 2.132 36.412 21.184 .614 37.841 20.875 -.967 32.489 20.458
5 24 28.345 46.621 17.242 28.107 45.234 18.441 29.43 46.151 17.664 26.871 46.042 17.845
5 24 3.751 37.045 15.112 .129 32.936 14.641 2.966 31.177 14.204 1.557 38.707 15.256
5 24 2.356 22.488 13.357 0 17.7 13 7.356 21.482 12.383 -2.584 24.829 13.307
5 24 30.338 46.183 12.657 29.636 47.194 13.672 29.137 45.612 13.01 31.047 47.031 13.01
5 24 7.783 -6.319 -.595 8.972 -6.435 -1.731 11.417 -4.318 .647 6.211 -7.127 -2.247
5 24 17.761 12.2 4.453 18.408 15.697 4.825 18.133 14.248 6.032 17.847 13.857 2.996
5 24 -18.22 17.227 -2.19 -18.881 14.833 -1.1 -18.602 14.149 -3.206 -18.769 16.535 .223
5 24 34.639 27.576 5.446 36.493 26.934 4.448 35.808 27.55 3.614 36.063 26.687 7.447
5 24 -7.788 -2.787 -15.609 -7.942 -4.435 -13.747 -10.619 -2.383 -13.399 -5.242 -4.517 -15.878
5 24 19.463 35.09 13.833 18.914 31.412 12.393 20.371 33.205 12.791 16.006 31.188 12.921
5 24 5.419 -2.111 -11.645 7.563 -1.444 -11.984 7.43 -3.202 -10.849 4.872 .044 -12.514
5 24 25.834 49.829 16.246 26.869 50.139 17.057 26.872 50.136 16.089 25.797 49.81 17.068
5 24 11.29 20.754 19.725 8.686 18.804 19.368 10.608 21.83 20.017 10.633 18.624 19.403
5 24 38.473 38.19 7.857 38.423 38.018 5.271 39.307 36.816 6.654 37.706 38.789 6.619
5 24 3.007 -4.297 -14.78 1.547 -5.289 -15.75 2.62 -7.271 -14.207 1.797 -2.531 -15.563
5 24 -4.825 36.284 18.984 -4.118 35.27 19.505 -7.687 32.278 18.312 -3.902 36.925 19.173
5 24 -1.891 -6.763 11.214 .517 -7.627 10.05 1.95 -6.048 12.293 -.743 -8.383 8.096
5 24 -.542 -3.333 14.976 -1.891 -6.763 11.214 1.95 -6.048 12.293 -3.268 -4.721 12.853
5 24 5.456 32.806 21.691 1.289 27.846 21.19 -.71 29.363 20.589 7.283 30.82 21.925
5 24 5.434 -5.257 -7.066 4.913 -6.051 -5.41 5.263 -5.914 -5.294 5.084 -5.174 -7.625
5 24 13.371 26.367 20.971 13.935 26.14 20.302 17.517 30.979 20.819 10.608 21.83 20.017
5 24 14.684 49.524 20.045 13.469 47.173 19.484 12.781 47.881 20.473 15.336 48.855 18.994
5 24 37.192 32.187 1.673 37.034 30.126 1.354 37.708 31.16 .699 36.609 31.98 2.498
5 24 16.584 11.715 -3.341 17.288 10.979 -.739 17.145 9.493 -2.468 16.741 13.268 -1.768
5 24 32.785 37.335 10.342 30.759 37.008 10.876 31.453 36.155 10.924 32.32 38.302 10.267
5 24 34.381 44.236 11.855 35.75 42.497 10.24 36.517 42.354 11.288 33.863 43.848 10.855
5 24 23.08 31.771 11.478 21.303 30.077 11.343 22.313 29.446 11.044 21.654 32.701 12.139
5 24 11.111 .097 12.118 13.273 2.333 12.349 12.997 .045 11.209 11.285 2.204 13.273
5 24 33.047 26.201 10.181 32.776 27.324 7.374 34.378 26.509 9.264 31.113 27.11 8.51
5 24 31.662 25.864 10.86 33.274 27.002 11.191 33.047 26.201 10.181 31.175 26.604 13.093
5 24 38.86 32.085 3.263 39.704 33.237 4.628 39.502 32.856 5.123 39.38 32.94 2.442
5 24 25.724 33.906 18.773 28.393 35.947 18.158 24.584 35.316 19.502 26.618 32.749 17.938
5 24 32.013 43.161 15.623 31.872 41.258 17.003 33.304 42.395 16.091 30.774 42.154 16.505
5 24 3.941 .027 -12.948 .873 .191 -13.778 3.748 1.213 -12.21 2.976 -1.272 -14.233
5 24 9.929 52.72 19.186 9.12 53.362 19.517 10.398 54.001 19.422 8.168 51.289 19.433
5 24 -12.011 16.448 4.975 -15.37 20.59 2.407 -12.664 16.402 1.689 -15.304 21.466 6.036
5 24 -14.736 7.664 10.236 -16.176 8.85 8.718 -16.292 5.817 7.242 -15.437 12.749 11.081
5 24 -2.64 -9.426 3.835 -2.865 -10.06 1.469 -6.019 -8.945 1.758 .998 -10.292 1.703
5 24 30.567 44.22 12.401 30.082 42.54 12.666 31.431 43.82 12.606 29.368 42.958 12.581
5 24 30.567 44.22 12.401 31.431 43.82 12.606 30.082 42.54 12.666 31.334 45.038 12.236
5 24 2.25 -8.709 4 2.927 -8.951 2.119 3.704 -8.077 2.462 .998 -10.292 1.703
5 24 .998 -10.292 1.703 .645 -9.443 3.745 2.25 -8.709 4 -2.64 -9.426 3.835
5 24 -16.292 5.817 7.242 -14.736 7.664 10.236 -16.176 8.85 8.718 -14.691 3.445 8.289
5 24 11.145 49.233 20.716 9.501 50.562 20.632 11.336 52.136 20.146 8.759 47.146 21.012
5 24 7.283 30.82 21.925 5.456 32.806 21.691 12.28 35.521 21.915 1.289 27.846 21.19
5 24 2.126 -8.474 7.633 2.918 -8.015 8.776 3.833 -8.043 7.475 .517 -7.627 10.05
5 24 36.035 41.265 13.855 34.957 43.781 14.386 36.631 41.698 12.907 34.303 43.321 15.209
5 24 31.637 39.92 10.507 30.497 41.716 11.284 33.373 41.299 9.841 28.404 39.518 11.729
5 24 18.293 48.596 15.796 18.764 50.505 16.208 19.521 50.21 15.658 17.828 48.957 16.049
5 24 19.41 45.415 15.498 20.98 46.577 15.254 18.293 48.596 15.796 21.213 43.744 15.209
5 24 27.006 49.979 15.335 27.999 50.209 15.919 26.872 50.136 16.089 28.106 50.08 15.21
5 24 17.354 12.887 7.401 14.865 10.188 9.149 15.329 11.247 9.695 17.208 11.015 6.144
5 24 -18.136 12.452 -5.499 -18.602 14.149 -3.206 -18.405 11.255 -4.498 -17.472 13.909 -6.553
5 24 9.929 52.72 19.186 11.393 53.878 18.731 10.497 52.228 18.738 10.398 54.001 19.422
5 24 17.867 7.555 2.276 17.725 5.465 1.848 17.77 6.114 1.414 17.525 6.398 3.699
5 24 -3.268 -4.721 12.853 -.542 -3.333 14.976 -1.891 -6.763 11.214 -3.806 -2.556 14.685
5 24 6.071 29.335 13.752 2.966 31.177 14.204 6.379 35.577 14.739 4.38 26.141 13.496
5 24 -17.472 13.909 -6.553 -18.136 12.452 -5.499 -18.602 14.149 -3.206 -17.581 9.862 -7.631
5 24 16.584 11.715 -3.341 12.46 12.209 -2.718 16.741 13.268 -1.768 12.011 9.739 -4.975
5 24 24.373 31.198 18.503 26.846 32.033 17.361 23.75 30.152 18.311 26.618 32.749 17.938
5 24 29.73 47.559 14.783 30.706 47.574 13.771 30.753 47.723 14.637 29.636 47.194 13.672
5 24 26.209 46.884 18.828 27.044 48.368 18.454 25.68 47.56 18.943 27.499 47.783 18.375
5 24 33.584 31.24 7.175 32.255 33.01 7.811 32.634 30.482 7.692 33.907 34.004 6.629
5 24 -12.073 -1.195 9.215 -12.293 -.534 7.272 -13.097 2.338 10.376 -10.518 -3.719 8.264
5 24 -.743 -8.383 8.096 -1.891 -6.763 11.214 .517 -7.627 10.05 -3.878 -7.549 8.068
5 24 16.006 31.188 12.921 19.463 35.09 13.833 16.896 36.842 14.76 18.914 31.412 12.393
5 24 -2.824 14.261 19.781 -4.789 17.57 19.263 -1.954 17.57 20.219 -5.798 13.539 18.622
5 24 15.001 2.059 3.954 15.926 3.315 6.395 15.346 4.133 5.242 15.627 1.161 5.351
5 24 24.806 29.947 10.675 23.066 29.404 10.959 22.662 28.459 10.602 24.6 30.36 11.126
5 24 5.891 -5.661 11.426 4.116 -7.085 10.249 1.95 -6.048 12.293 6.909 -5.647 10.593
5 24 26.561 46.004 14.925 27.363 47.428 14.636 26.078 46.727 14.701 27.84 46.97 14.864
5 24 37.007 38.621 5.888 37.785 37.765 4.466 38.423 38.018 5.271 36.237 37.872 5.039
5 24 6.09 1.019 16.019 8.639 -.309 14.599 8.694 1.572 15.48 4.304 -2.301 14.885
5 24 17.114 54.075 18.32 16.273 54.338 18.378 16.91 53.792 19.302 17.17 54.128 17.56
5 24 29.316 44.336 18.086 30.782 45.257 17.27 30.391 43.339 17.59 29.43 46.151 17.664
5 24 3.748 1.213 -12.21 4.872 .044 -12.514 6.024 1.071 -11.623 3.941 .027 -12.948
5 24 -7.644 -1.648 12.675 -9.657 -1.528 11.277 -7.254 -3.459 11.34 -8.589 1.41 14.032
5 24 -9.851 -7.124 -.145 -9.585 -7.046 2.473 -13.343 -4.162 .75 -6.019 -8.945 1.758
5 24 22.313 29.446 11.044 21.303 30.077 11.343 23.08 31.771 11.478 21.118 27.87 10.502
5 24 17.354 12.887 7.401 18.133 14.248 6.032 18.523 15.914 7.621 17.208 11.015 6.144
5 24 2.435 20.36 21.371 4.183 16.282 20.97 1.041 16.627 20.876 5.299 19.49 21.343
5 24 -16.717 6.477 -9.806 -16.7 10.67 -9.286 -15.806 7.823 -11.276 -17.581 9.862 -7.631
5 24 19.521 50.21 15.658 18.764 50.505 16.208 18.293 48.596 15.796 19.691 52.015 16.59
5 24 17.742 8.056 .656 17.729 6.7 0 17.757 6.548 .765 17.297 7.693 -1.618
5 24 1.401 46.784 16.057 7.673 46.739 15.955 5.114 43.252 15.554 5.11 50.992 16.386
5 24 36.139 29.975 9.236 37.031 30.69 10.212 38.548 31.785 7.675 34.444 29.144 11.142
5 24 -18.655 7.951 .382 -19.204 7.954 -2.758 -17.693 3.925 -1.727 -19.284 11.418 -1.17
5 24 28.074 26.28 9.435 28.449 24.813 11.713 30.063 25.393 11.416 25.037 24.986 9.223
5 24 26.869 50.139 17.057 26.872 50.136 16.089 27.783 50.177 16.805 25.834 49.829 16.246
5 24 5.11 50.992 16.386 7.673 46.739 15.955 9.459 49.291 16.234 1.401 46.784 16.057
5 24 5.746 -7.98 .121 7.783 -6.319 -.595 4.45 -7.017 -1.467 8.167 -7.393 .503
5 24 19.177 41.752 20.896 16.841 45.092 20.87 19.781 44.992 20.509 14.339 42.197 21.383
5 24 -8.911 -5.874 -1.627 -9.151 -7.56 -4.891 -12.899 -4.471 -4.339 -5.758 -7.743 -2.097
5 24 22.119 49.14 19.809 20.932 49.844 19.68 22.5 51.345 19.12 20.674 47.365 20.203
5 24 -18.655 7.951 .382 -18.718 11.651 2.321 -19.284 11.418 -1.17 -17.527 8.11 3.746
5 24 15.336 48.855 18.994 16.088 48.068 20.196 17.708 49.399 19.85 14.673 46.797 20.503
5 24 -5.19 -7.575 6.577 -3.878 -7.549 8.068 -7.46 -5.673 8.669 -.754 -8.674 6.103
5 24 -10.619 -2.383 -13.399 -7.942 -4.435 -13.747 -7.788 -2.787 -15.609 -11.22 -3.18 -11.526
5 24 1.623 -10.022 -5.376 3.231 -7.742 -1.894 3.676 -7.754 -3.116 .646 -8.975 -2.284
5 24 -17.624 11.938 6.247 -18.718 11.651 2.321 -17.527 8.11 3.746 -18.284 14.258 4.232
5 24 38.007 29.628 6.523 37.95 27.943 6.146 39.171 29.828 4.328 36.555 28.631 8.839
5 24 25.346 50.378 16.8 24.422 51.801 17.648 25.074 51.249 16.724 24.368 51.416 18.489
5 24 14.755 20.499 5.822 18.539 19.077 4.882 16.185 22.49 7.5 17.873 17.555 3.113
5 24 26.497 31.328 10.652 28.371 29.379 9.362 24.806 29.947 10.675 29.259 33.468 10.12
5 24 29.803 44.947 12.697 29.368 42.958 12.581 30.567 44.22 12.401 28.362 43.828 13.1
5 24 12.011 9.739 -4.975 16.584 11.715 -3.341 16.223 9.843 -5.25 12.46 12.209 -2.718
5 24 1.568 -1.16 16.149 -1.608 -1.222 16.097 -.542 -3.333 14.976 .847 -.021 16.846
5 24 18.653 29.811 20.291 15.158 24.959 19.948 20.108 29.291 19.674 14.857 25.728 20.393
5 24 17.437 3.286 1.414 16.943 2.185 2.366 17.504 3.935 1.848 17.394 2.852 .765
5 24 19.016 18.216 12.997 16.954 18.294 17.36 19.324 20.829 17.234 17.247 16.332 13.516
5 24 5.129 49.631 20.048 2.339 45.317 19.714 1.6 45.85 20.009 5.835 49.091 19.69
5 24 26.28 31.781 11.206 28.179 34.659 11.145 25.757 32.339 11.197 29.026 33.933 11.225
5 24 8.369 5.054 16.912 8.368 9.559 16.968 9.07 5.695 15.418 7.585 8.833 18.408
5 24 16.045 54.381 17.524 17.049 53.957 16.768 16.01 54.091 16.694 17.17 54.128 17.56
5 24 .702 -8.836 -12.967 2.506 -8.692 -12.28 .838 -8.033 -14.364 .055 -9.159 -12.076
5 24 -9.585 -7.046 2.473 -8.956 -6.608 4.635 -12.555 -4.247 3.28 -5.808 -8.292 4.115
5 24 11.145 49.233 20.716 12.781 47.881 20.473 13.042 50.861 20.352 10.515 45.855 20.872
5 24 -17.997 9.061 -4.477 -18.01 9.163 -6.022 -16.63 5.213 -6.765 -18.405 11.255 -4.498
5 24 18.682 53.115 17.863 18.116 53.859 17.682 17.868 53.857 18.535 18.442 53.056 17.289
5 24 -8.475 12.889 17.5 -9.168 9.037 15.461 -8.233 8.999 17.367 -9.503 13.12 15.584
5 24 8.878 -2.95 -10.215 10.496 -2.034 -9.885 9.971 -3.349 -8.739 9.012 -1.138 -11.469
5 24 8.285 46.446 15.664 9.459 49.291 16.234 7.673 46.739 15.955 10.243 48.892 15.798
5 24 6.909 -5.647 10.593 4.116 -7.085 10.249 5.891 -5.661 11.426 5.258 -7.259 8.882
5 24 37.035 32.401 2.486 36.609 31.98 2.498 37.192 32.187 1.673 36.504 32.127 3.599
5 24 .517 -7.627 10.05 -.743 -8.383 8.096 -1.891 -6.763 11.214 2.126 -8.474 7.633
5 24 15.434 51.389 16.182 16.619 49.513 16.292 17.084 50.834 16.51 14.834 49.98 16.059
5 24 37.95 27.943 6.146 36.063 26.687 7.447 37.435 26.763 5.512 36.406 27.601 8.274
5 24 9.636 52.213 16.336 11.143 51.607 16.513 12.106 52.992 16.733 9.459 49.291 16.234
5 24 -4.487 5.836 18.047 -2.756 10.464 19.425 -1.392 6.463 19.05 -5.617 9.698 18.336
5 24 26.209 46.884 18.828 23.593 45.923 19.659 24.02 45.212 19.611 25.68 47.56 18.943
5 24 -5.19 -7.575 6.577 -.749 -8.27 4.691 -.754 -8.674 6.103 -5.622 -7.03 4.99
5 24 6.655 -4.279 -9.234 5.539 -3.723 -9.882 7.43 -3.202 -10.849 5.539 -4.197 -8.964
5 24 18.408 15.697 4.825 18.133 14.248 6.032 17.761 12.2 4.453 19.05 17.173 6.693
5 24 15.329 11.247 9.695 15.547 11.792 11.303 14.865 10.188 9.149 16.442 13.882 11.148
5 24 36.249 38.682 10.213 35.784 38.467 13.456 36.808 39.339 12.022 35.102 38.017 10.966
5 24 16.619 49.513 16.292 14.834 49.98 16.059 15.434 51.389 16.182 16.105 48.201 16.111
5 24 33.186 45.204 13.729 32.689 44.388 13.328 32.796 44.396 13.92 32.982 45.222 13.04
5 24 -2.893 -10.532 -8.258 -2.86 -9.904 -5.174 -5.607 -9.148 -5.038 -.63 -10.459 -5.249
5 24 -2.667 -10.217 -.915 .646 -8.975 -2.284 -2.584 -8.664 -2.24 1.008 -10.33 -.968
5 24 5.891 -5.661 11.426 8.116 -3.028 12.775 5.158 -4.234 13.247 6.909 -5.647 10.593
5 24 37.614 34.322 2.017 36.663 33.879 2.766 37.243 35.858 2.839 36.923 32.899 2.603
5 24 17.399 4.444 3.094 15.001 2.059 3.954 16.943 2.185 2.366 15.346 4.133 5.242
5 24 12.703 26.263 11.768 14.296 22.849 8.773 11.393 23.396 11.017 16.034 26.321 10.5
5 24 12.514 -4.59 -.668 13.149 -4.453 -1.962 9.891 -6.318 -2.959 15.515 -1.227 .955
5 24 34.47 35.354 13.631 31.311 35.02 14.922 33.978 36.485 12.765 32.733 34.145 15.135
5 24 37.82 37.936 9.211 36.249 38.551 8.207 38.473 38.19 7.857 37.042 37.347 10.371
5 24 27.441 37.64 18.925 26.267 38.508 18.22 24.584 35.316 19.502 28.643 40.659 17.44
5 24 10.608 21.83 20.017 13.371 26.367 20.971 10.125 22.058 20.835 13.935 26.14 20.302
5 24 14.05 12.674 16.254 11.348 13.148 17.798 10.997 9.486 16.544 15.619 16.282 17.143
5 24 3.952 14.023 20.568 .645 13.826 20.415 4.095 11.23 19.86 1.041 16.627 20.876
5 24 8.625 -5.779 -6.207 5.263 -5.914 -5.294 6.679 -5.25 -7.348 8.564 -6.463 -4.63
5 24 7.356 21.482 12.383 10.561 20.693 9.956 11.393 23.396 11.017 4.975 17.675 12.011
5 24 15.191 19.977 18.709 16.15 23.377 19.318 17.651 22.124 18.457 13.445 21.164 19.447
5 24 -19.204 7.954 -2.758 -17.693 3.925 -1.727 -18.206 3.64 -4.897 -18.655 7.951 .382
5 24 -6.544 1.583 14.481 -5.574 1.419 16.407 -7.299 5.264 17.152 -5.031 -2.122 13.002
5 24 19.912 52.302 17.695 20.732 52.657 17.555 21.4 52.373 18.402 20.544 52.614 17.071
5 24 3.704 -8.077 2.462 3.206 -8.626 -.745 2.927 -8.951 2.119 4.163 -7.404 -.781
5 24 -9.585 -7.046 2.473 -13.343 -4.162 .75 -9.851 -7.124 -.145 -12.555 -4.247 3.28
5 24 29.104 49.614 15.182 28.572 48.95 14.473 28.106 50.08 15.21 29.636 48.584 15.577
5 24 -19.284 11.418 -1.17 -18.741 8.544 -3.722 -19.056 12.117 -1.698 -19.204 7.954 -2.758
5 24 30.957 37.707 17.206 29.916 39.726 17.935 33.055 39.209 16.238 27.441 37.64 18.925
5 24 -.743 -8.383 8.096 2.126 -8.474 7.633 .517 -7.627 10.05 -.754 -8.674 6.103
5 24 8.71 50.838 19.264 9.929 52.72 19.186 10.497 52.228 18.738 8.168 51.289 19.433
5 24 -9.503 13.12 15.584 -9.902 15.741 15.504 -9.183 15.875 15.833 -10.901 13.525 15.259
5 24 24.422 51.801 17.648 23.652 52.113 16.218 24.412 51.773 16.02 22.493 52.459 17.834
5 24 17.77 6.114 1.414 17.867 7.555 2.276 17.757 6.548 .765 17.725 5.465 1.848
5 24 -18.111 17.475 5.185 -18.409 18.331 .924 -18.769 16.535 .223 -18.198 19.217 3.757
5 24 9.012 -1.138 -11.469 10.496 -2.034 -9.885 8.878 -2.95 -10.215 11.231 .518 -10.706
5 24 22.334 33.218 19.882 20.108 29.291 19.674 23.369 32.211 19.322 18.653 29.811 20.291
5 24 10.775 -5.708 4.406 7.593 -7.615 3.105 11.634 -5.393 1.741 6.805 -7.406 5.83
5 24 17.049 53.957 16.768 17.17 54.128 17.56 16.045 54.381 17.524 17.998 53.568 16.986
5 24 15.909 -1.159 -.653 16.115 -.537 -2.192 17.308 2.7 0 13.454 -3.866 -3.489
5 24 19.894 46.253 20.419 18.01 47.033 20.472 19.434 48.27 20.167 19.731 45.629 20.494
5 24 10.282 -2.589 10.43 8.811 -2.095 11.055 7.542 -4.657 8.936 11.111 .097 12.118
5 24 18.539 19.077 4.882 16.185 22.49 7.5 14.755 20.499 5.822 19.646 20.719 6.617
5 24 -3.27 37.144 19.347 -.815 39.074 20.37 -1.415 39.558 19.515 -4.118 35.27 19.505
5 24 29.803 44.947 12.697 31.334 45.917 12.351 30.338 46.183 12.657 31.334 45.038 12.236
5 24 26.28 31.781 11.206 24.199 31.006 11.212 24.6 30.36 11.126 25.757 32.339 11.197
5 24 29.43 46.151 17.664 29.181 47.133 16.36 28.345 46.621 17.242 30.564 46.967 16.694
5 24 29.99 47.523 15.69 29.73 47.559 14.783 28.967 47.19 15.255 30.753 47.723 14.637
5 24 32.369 46.558 15.681 32.382 46.694 14.458 33.091 45.237 14.891 30.926 47.546 15.317
5 24 39.502 32.856 5.123 38.346 31.461 4.938 38.86 32.085 3.263 39.191 32.418 6.262
5 24 15.191 19.977 18.709 12.17 20.451 19.513 13.445 21.164 19.447 13.277 17.845 18.724
5 24 17.145 9.493 -2.468 16.998 9.398 -1.458 17.288 10.979 -.739 16.775 8.315 -2.264
5 24 27.361 44.692 13.616 26.029 42.05 13.646 28.362 43.828 13.1 24.737 43.172 14.223
5 24 -2.64 -9.426 3.835 -5.622 -7.03 4.99 -.749 -8.27 4.691 -5.808 -8.292 4.115
5 24 20.702 52.58 16.387 20.826 52.093 15.534 21.828 52.465 15.622 19.691 52.015 16.59
5 24 7.807 16.408 19.045 7.102 14.386 19.936 7.749 14.785 18.731 7.275 16.115 20.243
5 24 4.365 25.613 20.839 3.26 26.373 21.565 7.283 30.82 21.925 1.033 21.14 20.19
5 24 34.639 27.576 5.446 34.981 29.53 4.729 35.808 27.55 3.614 32.822 29.004 7.15
5 24 34.981 29.53 4.729 35.808 27.55 3.614 34.639 27.576 5.446 36.384 29.778 2.682
5 24 17.867 7.555 2.276 17.757 6.548 .765 17.742 8.056 .656 17.77 6.114 1.414
5 24 -11.466 14.546 14.532 -10.901 13.525 15.259 -9.902 15.741 15.504 -12.736 10.855 12.724
5 24 -8.233 8.999 17.367 -9.168 9.037 15.461 -8.475 12.889 17.5 -8.255 5.228 15.166
5 24 8.545 -5.309 8.313 9.57 -5.797 7.404 11.834 -2.938 9.472 6.805 -7.406 5.83
5 24 6.746 41.876 21.296 5.079 43.239 21.178 .614 37.841 20.875 8.759 47.146 21.012
5 24 15.346 4.133 5.242 15.926 3.315 6.395 15.001 2.059 3.954 15.119 6.842 6.947
5 24 4.304 -2.301 14.885 2.692 -1.71 15.508 3.581 -.915 15.75 -.542 -3.333 14.976
5 24 1.215 -8.668 -9.681 .055 -9.159 -12.076 2.506 -8.692 -12.28 -.622 -8.914 -9.918
5 24 17.525 6.398 3.699 15.119 6.842 6.947 17.428 8.761 4.664 15.346 4.133 5.242
5 24 23.059 36.777 20.191 23.793 36.26 18.927 25.595 39.282 19.535 21.603 34.034 19.548
5 24 34.913 40.445 15.07 33.735 37.256 14.982 33.055 39.209 16.238 35.784 38.467 13.456
5 24 35.75 42.497 10.24 36.517 42.354 11.288 34.381 44.236 11.855 37.297 39.806 9.954
5 24 14.339 42.197 21.383 12.195 44.559 20.913 8.159 40.375 21.183 16.841 45.092 20.87
5 24 20.98 46.577 15.254 21.213 43.744 15.209 19.41 45.415 15.498 23.221 45.111 14.979
5 24 37.11 28.389 .933 36.384 29.778 2.682 36.929 27.565 1.266 37.034 30.126 1.354
5 24 -.754 -8.674 6.103 -.749 -8.27 4.691 -5.19 -7.575 6.577 1.991 -8.513 6.078
5 24 -12.073 -1.195 9.215 -9.657 -1.528 11.277 -10.718 1.705 12.614 -10.518 -3.719 8.264
5 24 17.208 11.015 6.144 17.761 12.2 4.453 18.133 14.248 6.032 17.428 8.761 4.664
5 24 39.284 28.866 .08 38.16 28.435 -.626 39.359 27.764 -.206 38.025 29.532 -.344
5 24 -8.807 33.4 17.045 -7.814 33.983 14.598 -9.721 30.441 13.836 -6.305 37.355 17.638
5 24 16.006 31.188 12.921 12.801 32.71 13.909 16.896 36.842 14.76 12.703 26.263 11.768
5 24 -11.824 26.325 12.37 -8.344 24.353 11.588 -6.272 28.234 13.305 -13.73 23.129 10.025
5 24 8.71 50.838 19.264 9.501 50.562 20.632 7.125 48.324 20.804 10.497 52.228 18.738
5 24 19.016 18.216 12.997 20.034 18.815 8.543 18.999 17.334 9.402 22.295 21.024 10.803
5 24 9.531 16.416 19.075 7.807 16.408 19.045 7.749 14.785 18.731 8.686 18.804 19.368
5 24 -9.192 19.778 9.192 -13.73 23.129 10.025 -8.344 24.353 11.588 -10.891 17.564 6.65
5 24 21.726 22.954 8.23 21.118 27.87 10.502 25.037 24.986 9.223 18.897 25.474 9.277
5 24 38.714 34.305 2.153 37.243 35.858 2.839 37.614 34.322 2.017 38.309 36.162 3.19
5 24 -8.76 -8.158 -7.966 -5.307 -8.506 -9.269 -8.436 -6.81 -9.25 -5.451 -9.598 -8.18
5 24 -9.151 -7.56 -4.891 -12.899 -4.471 -4.339 -8.911 -5.874 -1.627 -12.719 -5.083 -7.613
5 24 18.191 52.553 19.39 17.868 53.857 18.535 16.91 53.792 19.302 18.713 52.9 18.576
5 24 25.595 39.282 19.535 27.19 42.769 19.072 24.361 40.496 20 28.581 41.747 18.465
5 24 1.547 -5.289 -15.75 .147 -7.257 -15.316 2.62 -7.271 -14.207 -1.376 -3.824 -16.058
5 24 35.439 31.572 5.428 33.584 31.24 7.175 35.241 31.971 5.399 33.682 30.866 7.21
5 24 -14.549 .61 -8.674 -17.539 4.486 -6.06 -16.63 5.213 -6.765 -15.456 -.151 -8.003
5 24 38.025 29.532 -.344 37.034 30.126 1.354 37.11 28.389 .933 37.708 31.16 .699
5 24 20.306 28.008 18.969 20.108 29.291 19.674 23.75 30.152 18.311 15.158 24.959 19.948
5 24 7.102 14.386 19.936 7.859 12.519 18.169 7.175 12.12 19.402 7.749 14.785 18.731
5 24 33.735 37.256 14.982 33.721 36.809 12.744 31.311 35.02 14.922 35.784 38.467 13.456
5 24 29.086 34.503 17.222 26.846 32.033 17.361 29.37 33.691 16.157 26.618 32.749 17.938
5 24 18.816 41.232 15.408 16.908 43.362 15.713 13.55 39.072 15.271 19.41 45.415 15.498
5 24 2.62 -7.271 -14.207 3.672 -6.342 -13.147 3.007 -4.297 -14.78 2.506 -8.692 -12.28
5 24 6.679 -5.25 -7.348 5.434 -5.257 -7.066 5.523 -4.771 -7.966 5.263 -5.914 -5.294
5 24 5.56 24.544 21.767 8.418 30.005 21.074 4.365 25.613 20.839 9.862 28.924 21.974
5 24 23.369 32.211 19.322 22.334 33.218 19.882 24.584 35.316 19.502 20.108 29.291 19.674
5 24 4.289 -6.157 -9.912 4.683 -4.815 -11.773 3.429 -7.535 -11.222 5.333 -3.736 -10.288
5 24 30.497 41.716 11.284 30.082 42.54 12.666 28.03 40.178 13.058 31.602 43.433 12.562
5 24 24.204 48.974 18.04 25.07 50.111 17.436 23.788 49.22 18.087 25.289 49.594 17.549
5 24 27.798 46.854 17.376 27.499 47.783 18.375 28.886 47.569 16.62 26.871 46.042 17.845
5 24 -6.019 -8.945 1.758 -2.865 -10.06 1.469 -6.071 -9.03 -.671 -2.64 -9.426 3.835
5 24 29.181 47.133 16.36 28.886 47.569 16.62 29.114 47.846 15.846 28.345 46.621 17.242
5 24 38.983 35.12 7.637 39.191 32.418 6.262 39.535 33.709 5.644 38.548 31.785 7.675
5 24 23.641 46.999 14.876 23.838 47.847 15.083 24.165 47.587 14.848 23.137 46.872 14.977
5 24 -17.997 9.061 -4.477 -18.741 8.544 -3.722 -17.539 4.486 -6.06 -19.056 12.117 -1.698
5 24 -7.299 5.264 17.152 -6.544 1.583 14.481 -5.574 1.419 16.407 -8.255 5.228 15.166
5 24 36.821 39.706 9.035 36.249 38.682 10.213 37.297 39.806 9.954 35.579 38.933 9.605
5 24 -5.157 -7.123 -10.111 -5.395 -7.31 -11.841 -3.226 -8.368 -11.809 -7.918 -5.377 -9.896
5 24 -.622 -8.914 -9.918 -1.203 -9.009 -11.676 .055 -9.159 -12.076 -2.557 -8.319 -10.073
5 24 16.943 2.185 2.366 15.001 2.059 3.954 17.399 4.444 3.094 14.018 -1.174 2.362
5 24 27.361 44.692 13.616 26.91 45.415 14.227 28.459 46.404 13.887 24.737 43.172 14.223
5 24 -.059 2.829 18.071 .197 7.083 17.998 -1.392 6.463 19.05 1.786 3.618 17.039
5 24 4.912 -5.089 -8.064 4.392 -6.766 -7.613 4.099 -6.601 -8.166 5.084 -5.174 -7.625
5 24 28.581 41.747 18.465 28.643 40.659 17.44 25.595 39.282 19.535 30.578 42.471 16.624
5 24 21.715 48.578 15.24 23.137 46.872 14.977 23.838 47.847 15.083 20.98 46.577 15.254
5 24 16.105 48.201 16.111 16.05 47.713 16.056 13.862 47.816 15.903 16.539 47.973 16.139
5 24 14.439 -2.082 3.576 13.31 -2.543 6.347 10.775 -5.708 4.406 15.627 1.161 5.351
5 24 -5.758 37.247 15.164 -1.786 34.626 14.659 -2.869 41.212 15.651 -3.734 32.023 14.159
5 24 -8.956 -6.608 4.635 -8.207 -5.433 5.612 -11.503 -4.047 5.568 -5.622 -7.03 4.99
5 24 31.453 36.155 10.924 30.759 37.008 10.876 29.026 33.933 11.225 32.785 37.335 10.342
5 24 28.179 34.659 11.145 27.1 35.629 11.381 29.702 38.1 11.064 25.757 32.339 11.197
5 24 -5.818 30.769 19.226 -4.118 35.27 19.505 -7.687 32.278 18.312 -2.309 33.978 20.237
5 24 15.716 6.517 8.301 15.119 6.842 6.947 15.926 3.315 6.395 14.865 10.188 9.149
5 24 10.497 -5.809 -4.318 13.149 -4.453 -1.962 9.891 -6.318 -2.959 13.454 -3.866 -3.489
5 24 15.995 32.238 21.46 19.674 35.993 21.064 17.517 30.979 20.819 14.435 33.643 21.854
5 24 33.055 39.209 16.238 29.916 39.726 17.935 31.872 41.258 17.003 30.957 37.707 17.206
5 24 13.284 5.963 13.87 14.568 6.286 10.926 14.462 9.86 12.78 13.273 2.333 12.349
5 24 15.619 16.282 17.143 13.277 17.845 18.724 11.348 13.148 17.798 16.954 18.294 17.36
5 24 13.862 47.816 15.903 16.05 47.713 16.056 16.105 48.201 16.111 16.169 47.25 16.005
5 24 -4.325 -6.665 9.338 -3.878 -7.549 8.068 -7.46 -5.673 8.669 -1.891 -6.763 11.214
5 24 31.872 41.258 17.003 33.055 39.209 16.238 33.304 42.395 16.091 29.916 39.726 17.935
5 24 16.168 .367 -3.594 15.943 1.921 -4.622 17.293 3.935 -1.848 12.882 -2.077 -6.199
5 24 13.55 39.072 15.271 16.908 43.362 15.713 18.816 41.232 15.408 13.757 44.726 15.793
5 24 11.916 53.408 18.215 12.242 54.433 17.6 12.574 53.792 17.446 11.393 53.878 18.731
5 24 4.323 -6.94 -2.715 3.231 -7.742 -1.894 4.095 -6.981 -1.589 3.676 -7.754 -3.116
5 24 -10.498 7.501 -7.239 -11.956 8.557 -10.309 -12.891 11.561 -8.599 -10.836 5.801 -11.76
5 24 17.428 8.761 4.664 15.119 6.842 6.947 17.525 6.398 3.699 17.208 11.015 6.144
5 24 1.587 -10.524 -8.104 -.63 -10.459 -5.249 1.623 -10.022 -5.376 -.678 -10.976 -8.356
5 24 22.334 33.218 19.882 21.603 34.034 19.548 18.653 29.811 20.291 24.584 35.316 19.502
5 24 2.126 -8.474 7.633 -.754 -8.674 6.103 1.991 -8.513 6.078 -.743 -8.383 8.096
5 24 8.564 -6.463 -4.63 9.891 -6.318 -2.959 7.505 -6.944 -3.422 10.497 -5.809 -4.318
5 24 8.598 42.603 15.444 8.285 46.446 15.664 5.114 43.252 15.554 11.022 45.225 15.649
5 24 1.289 27.846 21.19 -.71 29.363 20.589 5.456 32.806 21.691 -2.484 22.455 20.194
5 24 1.95 -6.048 12.293 -.542 -3.333 14.976 4.304 -2.301 14.885 -1.891 -6.763 11.214
5 24 16.185 22.49 7.5 16.034 26.321 10.5 18.897 25.474 9.277 14.296 22.849 8.773
5 24 15.523 3.239 -6.478 14.931 3.148 -5.254 14.132 .905 -7.511 16.382 5.461 -5.452
5 24 10.407 -5.213 -5.759 8.564 -6.463 -4.63 10.497 -5.809 -4.318 8.625 -5.779 -6.207
5 24 16.034 26.321 10.5 18.022 29.292 11.619 18.788 27.413 10.452 12.703 26.263 11.768
5 24 24.361 40.496 20 27.19 42.769 19.072 25.595 39.282 19.535 25.593 43.588 19.519
5 24 -13.097 2.338 10.376 -12.293 -.534 7.272 -13.42 3.226 8.819 -12.073 -1.195 9.215
5 24 4.239 -8.037 4.712 3.864 -7.789 5.543 3.359 -7.946 4.953 4.749 -7.917 5.076
5 24 20.98 46.577 15.254 23.137 46.872 14.977 21.715 48.578 15.24 23.221 45.111 14.979
5 24 -5.619 24.24 18.2 -7.743 17.56 18.135 -4.819 23.159 19.46 -8.56 19.091 16.207
5 24 37.435 26.763 5.512 37.95 27.943 6.146 39.075 27.75 3.787 36.063 26.687 7.447
5 24 15.119 6.842 6.947 15.926 3.315 6.395 15.716 6.517 8.301 15.346 4.133 5.242
5 24 2.892 44.917 19.474 3.572 44.46 20.773 6.332 48.732 19.627 -.815 39.074 20.37
5 24 37.614 34.322 2.017 36.923 32.899 2.603 37.782 32.994 1.68 36.663 33.879 2.766
5 24 3.952 14.023 20.568 7.175 12.12 19.402 4.095 11.23 19.86 7.102 14.386 19.936
5 24 29.636 47.194 13.672 28.566 46.992 14.938 28.459 46.404 13.887 29.73 47.559 14.783
5 24 26.742 48.086 14.518 25.847 48.969 14.658 27.239 49.27 14.59 25.479 47.473 14.625
5 24 5.11 50.992 16.386 9.636 52.213 16.336 7.704 53.056 16.646 9.459 49.291 16.234
5 24 9.012 -1.138 -11.469 6.024 1.071 -11.623 7.563 -1.444 -11.984 6.376 2.469 -10.626
5 24 13.668 53.226 16.167 12.574 53.792 17.446 12.106 52.992 16.733 14.304 54.295 17.055
5 24 14.92 54.062 16.563 15.158 54.507 17.538 14.304 54.295 17.055 16.01 54.091 16.694
5 24 4.279 -7.216 -5.498 3.676 -7.754 -3.116 3.091 -8.894 -5.854 4.323 -6.94 -2.715
5 24 1.041 16.627 20.876 -.873 17.141 19.511 1.033 21.14 20.19 .645 13.826 20.415
5 24 -2.667 -10.217 -.915 .998 -10.292 1.703 1.008 -10.33 -.968 -2.865 -10.06 1.469
5 24 16.978 50.196 18.845 16.198 50.9 19.747 18.106 51.074 18.376 15.336 48.855 18.994
5 24 -17.624 11.938 6.247 -17.688 6.727 5.405 -17.449 10.069 7.054 -17.527 8.11 3.746
5 24 5.008 -1.743 -12.178 5.419 -2.111 -11.645 5.539 -3.723 -9.882 4.872 .044 -12.514
5 24 1.547 -5.289 -15.75 -1.376 -3.824 -16.058 1.087 -2.572 -15.942 .147 -7.257 -15.316
5 24 35.064 31.156 5.09 33.682 30.866 7.21 33.535 30.529 7.039 35.439 31.572 5.428
5 24 31.175 26.604 13.093 31.905 27.502 13.328 30.901 27.486 14.631 33.274 27.002 11.191
5 24 34.913 40.445 15.07 33.304 42.395 16.091 34.303 43.321 15.209 33.055 39.209 16.238
5 24 -9.192 19.778 9.192 -7.107 23.156 11.746 -7.429 18.707 10.371 -8.344 24.353 11.588
5 24 19.472 31.012 12.41 18.712 29.37 11.483 18.022 29.292 11.619 19.984 30.872 11.872
5 24 29.636 47.194 13.672 31.047 47.031 13.01 30.338 46.183 12.657 30.706 47.574 13.771
5 24 -5.617 9.698 18.336 -2.756 10.464 19.425 -5.798 13.539 18.622 -4.487 5.836 18.047
5 24 12.542 17.859 4.493 13.588 18.302 3.925 12.933 20.234 6.916 13.235 16.69 2.274
5 24 39.535 33.709 5.644 39.65 35.397 5.549 39.768 34.072 4.735 38.983 35.12 7.637
5 24 29.554 25.97 13.674 31.175 26.604 13.093 30.901 27.486 14.631 30.063 25.393 11.416
5 24 12.703 26.263 11.768 18.022 29.292 11.619 17.922 29.985 11.952 16.034 26.321 10.5
5 24 26.078 46.727 14.701 24.25 46.299 14.818 25.479 47.473 14.625 23.221 45.111 14.979
5 24 14.857 25.728 20.393 13.935 26.14 20.302 11.976 22.188 20.195 17.846 30.468 20.072
5 24 12.28 35.521 21.915 10.249 37.922 21.72 16.699 39.737 21.352 5.456 32.806 21.691
5 24 7.356 21.482 12.383 4.975 17.675 12.011 10.561 20.693 9.956 0 17.7 13
5 24 13.588 18.302 3.925 17.873 17.555 3.113 13.235 16.69 2.274 14.755 20.499 5.822
5 24 25.07 50.111 17.436 23.725 50.888 19.296 24.368 51.416 18.489 23.788 49.22 18.087
5 24 32.255 33.01 7.811 30.463 31.568 8.68 31.379 35.093 9.287 32.634 30.482 7.692
5 24 31.618 29.753 15.279 30.327 32.757 16.414 33.193 31.139 14.387 28.413 28.771 16.851
5 24 33.193 31.139 14.387 34.961 32.303 13.089 32.733 34.145 15.135 34.935 29.579 12.298
5 24 7.96 23.191 21.515 5.299 19.49 21.343 8.165 18.772 20.592 5.56 24.544 21.767
5 24 5.891 -5.661 11.426 6.909 -5.647 10.593 8.116 -3.028 12.775 4.116 -7.085 10.249
5 24 12.011 16.702 4.975 12.933 20.234 6.916 12.542 17.859 4.493 9.192 17.43 9.192
5 24 13.445 21.164 19.447 15.191 19.977 18.709 16.15 23.377 19.318 12.17 20.451 19.513
5 24 13.225 34.697 21.119 9.862 28.924 21.974 8.418 30.005 21.074 14.435 33.643 21.854
5 24 30.706 47.574 13.771 29.636 47.194 13.672 31.047 47.031 13.01 29.73 47.559 14.783
5 24 -5.617 9.698 18.336 -7.299 5.264 17.152 -8.233 8.999 17.367 -4.487 5.836 18.047
5 24 2.976 -1.272 -14.233 3.007 -4.297 -14.78 1.797 -2.531 -15.563 4.191 -3.011 -13.346
5 24 11.393 23.396 11.017 7.356 21.482 12.383 8.112 24.365 12.818 10.561 20.693 9.956
5 24 18.539 19.077 4.882 18.408 15.697 4.825 17.873 17.555 3.113 19.05 17.173 6.693
5 24 -1.101 10.51 18.511 -2.756 10.464 19.425 -1.392 6.463 19.05 -1.512 14.222 19.068
5 24 17.114 54.075 18.32 17.868 53.857 18.535 16.91 53.792 19.302 18.116 53.859 17.682
5 24 2.966 31.177 14.204 .716 28.663 13.933 .129 32.936 14.641 4.38 26.141 13.496
5 24 22.364 50.338 15.238 24.465 49.985 15.328 23.838 47.847 15.083 23.649 51.812 15.278
5 24 1.623 -10.022 -5.376 3.676 -7.754 -3.116 3.231 -7.742 -1.894 3.091 -8.894 -5.854
5 24 1.797 -2.531 -15.563 1.547 -5.289 -15.75 3.007 -4.297 -14.78 1.087 -2.572 -15.942
5 24 7.597 41.159 20.59 6.746 41.876 21.296 10.515 45.855 20.872 2.132 36.412 21.184
5 24 32.32 38.302 10.267 32.785 37.335 10.342 30.759 37.008 10.876 33.811 37.892 9.794
5 24 25.074 51.249 16.724 24.412 51.773 16.02 24.624 50.919 15.476 24.422 51.801 17.648
5 24 15.219 12.812 13.624 13.393 9.506 15.186 14.462 9.86 12.78 14.05 12.674 16.254
5 24 1.587 -10.524 -8.104 1.623 -10.022 -5.376 -.63 -10.459 -5.249 3.103 -9.096 -7.764
5 24 -16.717 6.477 -9.806 -17.581 9.862 -7.631 -16.7 10.67 -9.286 -16.992 5.514 -8.178
5 24 13.24 3.058 -9.771 15.523 3.239 -6.478 14.132 .905 -7.511 14.5 5.199 -8.738
5 24 18.946 51.753 17.837 19.485 50.668 19.442 18.106 51.074 18.376 19.912 52.302 17.695
5 24 -16.326 -1.079 -6.709 -15.456 -.151 -8.003 -12.719 -5.083 -7.613 -18.206 3.64 -4.897
5 24 24.465 49.985 15.328 24.442 48.73 15.32 23.838 47.847 15.083 25.04 49.582 15.737
5 24 11.022 45.225 15.649 10.681 41.141 15.423 8.598 42.603 15.444 13.757 44.726 15.793
5 24 31.618 29.753 15.279 33.193 31.139 14.387 33.125 28.862 13.64 30.327 32.757 16.414
5 24 10.497 52.228 18.738 9.501 50.562 20.632 11.336 52.136 20.146 8.71 50.838 19.264
5 24 24.657 33.215 11.477 23.08 31.771 11.478 24.199 31.006 11.212 23.275 34.292 12.205
5 24 -7.743 17.56 18.135 -4.789 17.57 19.263 -8.312 15.184 17.678 -4.819 23.159 19.46
5 24 12.882 -2.077 -6.199 12.77 -.271 -6.645 15.943 1.921 -4.622 11.022 -2.203 -7.343
5 24 32.794 44.037 13.25 32.228 44.163 12.874 32.389 43.828 12.787 32.689 44.388 13.328
5 24 14.132 .905 -7.511 13.24 3.058 -9.771 15.523 3.239 -6.478 11.231 .518 -10.706
5 24 4.304 -2.301 14.885 8.116 -3.028 12.775 5.158 -4.234 13.247 8.639 -.309 14.599
5 24 35.036 38.361 9.991 36.249 38.682 10.213 35.102 38.017 10.966 35.579 38.933 9.605
5 24 -13.346 -1.013 6.473 -15.935 2.543 5.755 -14.738 -.763 4.366 -14.691 3.445 8.289
5 24 3.383 3.99 17.612 1.786 3.618 17.039 2.146 7.429 18.914 4.025 .662 16.318
5 24 -.645 -9.938 -9.261 1.418 -9.6 -9.041 1.215 -8.668 -9.681 -.678 -10.976 -8.356
5 24 1.95 -6.048 12.293 -1.891 -6.763 11.214 .517 -7.627 10.05 -.542 -3.333 14.976
5 24 -10.718 1.705 12.614 -11.533 5.331 13.684 -13.097 2.338 10.376 -9.966 4.768 14.754
5 24 -14.549 .61 -8.674 -14.994 .958 -10.241 -16.992 5.514 -8.178 -11.22 -3.18 -11.526
5 24 11.122 5.735 14.93 9.07 5.695 15.418 10.997 9.486 16.544 9.393 2.246 13.793
5 24 4.683 -4.815 -11.773 3.429 -7.535 -11.222 3.672 -6.342 -13.147 4.289 -6.157 -9.912
5 24 -4.489 -4.443 11.459 -7.254 -3.459 11.34 -5.031 -2.122 13.002 -6.73 -5.024 10.076
5 24 -10.619 -2.383 -13.399 -7.788 -2.787 -15.609 -7.942 -4.435 -13.747 -10.353 -.548 -15.006
5 24 -13.907 11.694 12.548 -11.466 14.546 14.532 -12.589 15.236 14.522 -12.736 10.855 12.724
5 24 -16.611 18.971 10.244 -15.395 20.963 12.673 -15.839 17.598 11.764 -15.833 21.638 11.44
5 24 21.551 43.391 20.346 19.809 40.576 20.231 22.215 42.558 19.751 19.177 41.752 20.896
5 24 20.654 45.373 20.02 20.364 45.643 19.976 21.259 46.434 19.302 19.781 44.992 20.509
5 24 -12.891 11.561 -8.599 -12.011 11.603 -4.975 -10.498 7.501 -7.239 -13.567 14.402 -6.609
5 24 16.01 54.091 16.694 15.948 52.745 16.343 17.049 53.957 16.768 14.92 54.062 16.563
5 24 .645 -9.443 3.745 2.914 -8.035 4.619 2.25 -8.709 4 -.749 -8.27 4.691
5 24 -18.602 14.149 -3.206 -17.472 13.909 -6.553 -18.136 12.452 -5.499 -17.891 15.849 -4.346
5 24 17.651 22.124 18.457 16.954 18.294 17.36 19.324 20.829 17.234 15.191 19.977 18.709
5 24 29.176 47.201 15.746 28.99 47.665 15.33 28.967 47.19 15.255 29.114 47.846 15.846
5 24 33.091 45.237 14.891 32.696 44.241 14.663 32.796 44.396 13.92 32.299 43.923 15.205
5 24 -1.865 30.568 14.21 -4.599 26.721 13.304 -6.272 28.234 13.305 .716 28.663 13.933
5 24 5.07 8.144 18.776 2.146 7.429 18.914 4.095 11.23 19.86 3.383 3.99 17.612
5 24 -11.84 -4.18 -8.9 -12.719 -5.083 -7.613 -15.456 -.151 -8.003 -8.436 -6.81 -9.25
5 24 7.704 53.056 16.646 9.636 52.213 16.336 10.188 54.295 16.941 5.11 50.992 16.386
5 24 10.398 54.001 19.422 10.833 55.62 17.754 8.443 54.603 18.851 11.393 53.878 18.731
5 24 17.721 10.131 1.838 17.867 7.555 2.276 17.742 8.056 .656 17.717 9.477 3.358
5 24 17.867 7.555 2.276 17.525 6.398 3.699 17.725 5.465 1.848 17.428 8.761 4.664
5 24 2.927 -8.951 2.119 3.704 -8.077 2.462 2.25 -8.709 4 3.206 -8.626 -.745
5 24 -12.028 20.853 15.932 -13.413 18.398 14.527 -14.647 20.175 13.737 -10.399 19.003 16.453
5 24 33.274 27.002 11.191 34.637 27.199 10.104 33.047 26.201 10.181 34.823 28.115 10.77
5 24 14.132 .905 -7.511 14.931 3.148 -5.254 15.523 3.239 -6.478 12.77 -.271 -6.645
5 24 30.567 44.22 12.401 29.803 44.947 12.697 29.368 42.958 12.581 31.334 45.038 12.236
5 24 34.912 37.836 9.65 35.036 38.361 9.991 33.811 37.892 9.794 35.309 37.423 10.641
5 24 28.362 43.828 13.1 27.361 44.692 13.616 29.137 45.612 13.01 26.029 42.05 13.646
5 24 31.311 35.02 14.922 31.643 36.057 16.122 33.735 37.256 14.982 29.086 34.503 17.222
5 24 37.042 37.347 10.371 35.309 37.423 10.641 34.912 37.836 9.65 36.121 36.513 11.709
5 24 -7.107 23.156 11.746 -2.584 24.829 13.307 -4.599 26.721 13.304 -5.491 21.736 12.038
5 24 -11.22 -3.18 -11.526 -14.677 1.9 -12.058 -10.619 -2.383 -13.399 -14.994 .958 -10.241
5 24 22.807 51.862 18.701 23.725 50.888 19.296 22.5 51.345 19.12 24.368 51.416 18.489
5 24 9.531 16.416 19.075 10.633 18.624 19.403 13.277 17.845 18.724 8.686 18.804 19.368
5 24 -15.833 21.638 11.44 -16.611 18.971 10.244 -15.395 20.963 12.673 -17.281 20.316 8.088
5 24 26.267 38.508 18.22 24.584 35.316 19.502 23.793 36.26 18.927 27.441 37.64 18.925
5 24 19.324 20.829 17.234 22.018 25.46 17.938 17.651 22.124 18.457 23.24 23.942 16.728
5 24 34.913 40.445 15.07 36.035 41.265 13.855 34.303 43.321 15.209 35.784 38.467 13.456
5 24 36.742 33.403 11.33 34.47 35.354 13.631 36.121 36.513 11.709 34.961 32.303 13.089
5 24 13.469 47.173 19.484 14.673 46.797 20.503 15.336 48.855 18.994 12.195 44.559 20.913
5 24 6.805 -7.406 5.83 10.775 -5.708 4.406 9.57 -5.797 7.404 7.593 -7.615 3.105
5 24 33.518 28.759 12.037 33.125 28.862 13.64 34.935 29.579 12.298 32.806 28.336 12.793
5 24 1.557 38.707 15.256 -1.786 34.626 14.659 -2.869 41.212 15.651 .129 32.936 14.641
5 24 36.609 31.98 2.498 36.384 29.778 2.682 37.034 30.126 1.354 36.089 31.706 3.308
5 24 25.358 49.473 15.572 25.04 49.582 15.737 24.442 48.73 15.32 25.272 50.143 16.173
5 24 35.808 27.55 3.614 36.493 26.934 4.448 34.639 27.576 5.446 37.631 26.903 2.24
5 24 6.332 48.732 19.627 3.572 44.46 20.773 2.892 44.917 19.474 7.125 48.324 20.804
5 24 .716 28.663 13.933 -2.584 24.829 13.307 2.356 22.488 13.357 -4.599 26.721 13.304
5 24 29.316 44.336 18.086 30.391 43.339 17.59 30.782 45.257 17.27 28.581 41.747 18.465
5 24 -2.557 -8.319 -10.073 -3.226 -8.368 -11.809 -1.203 -9.009 -11.676 -5.157 -7.123 -10.111
5 24 38.693 27.12 .097 37.631 26.903 2.24 36.929 27.565 1.266 39.172 26.999 1.477
5 24 17.494 10.361 .172 17.742 8.056 .656 17.721 10.131 1.838 17.297 7.693 -1.618
5 24 -5.758 -7.743 -2.097 -5.607 -9.148 -5.038 -9.151 -7.56 -4.891 -2.584 -8.664 -2.24
5 24 14.865 10.188 9.149 15.318 10.21 10.663 15.716 6.517 8.301 15.547 11.792 11.303
5 24 -.059 2.829 18.071 1.786 3.618 17.039 .197 7.083 17.998 2.757 .214 16.062
5 24 5.1 -4.507 -8.88 5.539 -3.723 -9.882 5.333 -3.736 -10.288 5.539 -4.197 -8.964
5 24 -18.22 17.227 -2.19 -18.769 16.535 .223 -18.409 18.331 .924 -18.881 14.833 -1.1
5 24 18.872 51.789 17.613 19.691 52.015 16.59 19.846 52.155 17.266 18.719 51.588 17.343
5 24 31.113 27.11 8.51 33.047 26.201 10.181 31.662 25.864 10.86 32.776 27.324 7.374
5 24 34.378 26.509 9.264 36.406 27.601 8.274 36.063 26.687 7.447 34.637 27.199 10.104
5 24 1.587 -10.524 -8.104 1.418 -9.6 -9.041 3.103 -9.096 -7.764 -.678 -10.976 -8.356
5 24 -9.657 -1.528 11.277 -10.518 -3.719 8.264 -8.805 -3.518 10.047 -12.073 -1.195 9.215
5 24 10.407 -5.213 -5.759 13.455 -3.071 -4.989 13.454 -3.866 -3.489 12.882 -2.077 -6.199
5 24 37.833 32.49 2.016 38.457 32.096 2.509 38.483 32.296 2.526 37.934 32.262 2.058
5 24 3.103 -9.096 -7.764 3.091 -8.894 -5.854 1.623 -10.022 -5.376 4.392 -6.766 -7.613
5 24 38.714 34.305 2.153 37.614 34.322 2.017 37.782 32.994 1.68 37.243 35.858 2.839
5 24 31.905 27.502 13.328 30.901 27.486 14.631 31.796 28.161 14.296 31.175 26.604 13.093
5 24 37.435 26.763 5.512 39.075 27.75 3.787 37.95 27.943 6.146 38.542 26.922 3.44
5 24 17.504 3.935 1.848 16.943 2.185 2.366 17.437 3.286 1.414 17.399 4.444 3.094
5 24 9.891 -6.318 -2.959 12.514 -4.59 -.668 8.972 -6.435 -1.731 13.149 -4.453 -1.962
5 24 22.497 47.635 18.658 25.08 48.341 18.835 23.194 46.72 19.559 24.204 48.974 18.04
5 24 17.394 2.852 .765 15.909 -1.159 -.653 16.943 2.185 2.366 17.308 2.7 0
5 24 15.336 48.855 18.994 14.684 49.524 20.045 16.198 50.9 19.747 13.469 47.173 19.484
5 24 18.897 25.474 9.277 18.788 27.413 10.452 16.034 26.321 10.5 21.118 27.87 10.502
5 24 5.539 -4.197 -8.964 6.655 -4.279 -9.234 5.742 -4.344 -8.479 5.539 -3.723 -9.882
5 24 4.495 -8.106 3.694 3.436 -7.93 4.43 4.239 -8.037 4.712 3.965 -7.934 2.534
5 24 7.437 51.906 19.76 8.443 54.603 18.851 6.202 53.009 18.598 9.12 53.362 19.517
5 24 4.183 16.282 20.97 5.299 19.49 21.343 7.275 16.115 20.243 2.435 20.36 21.371
5 24 16.619 49.513 16.292 17.223 49.154 16.427 17.084 50.834 16.51 16.105 48.201 16.111
5 24 -8.685 26.243 18.171 -12.028 20.853 15.932 -10.399 19.003 16.453 -10.59 27.634 17.301
5 24 2.914 -8.035 4.619 1.991 -8.513 6.078 -.749 -8.27 4.691 2.819 -8.33 6.228
5 24 8.116 -3.028 12.775 8.811 -2.095 11.055 9.313 .329 12.633 6.909 -5.647 10.593
5 24 27.1 35.629 11.381 24.657 33.215 11.477 25.757 32.339 11.197 25.773 36.843 12.126
5 24 38.09 27.761 -.332 37.11 28.389 .933 36.929 27.565 1.266 38.16 28.435 -.626
5 24 -18.602 14.149 -3.206 -17.891 15.849 -4.346 -18.22 17.227 -2.19 -17.472 13.909 -6.553
5 24 1.215 -8.668 -9.681 2.506 -8.692 -12.28 3.429 -7.535 -11.222 .055 -9.159 -12.076
5 24 12.882 -2.077 -6.199 16.168 .367 -3.594 13.455 -3.071 -4.989 15.943 1.921 -4.622
5 24 -17.581 9.862 -7.631 -18.136 12.452 -5.499 -17.472 13.909 -6.553 -18.01 9.163 -6.022
5 24 16.841 45.092 20.87 14.673 46.797 20.503 12.195 44.559 20.913 16.088 48.068 20.196
5 24 -11.151 8.891 14.954 -11.533 5.331 13.684 -9.966 4.768 14.754 -12.002 9.267 14.318
5 24 34.303 43.321 15.209 32.49 43.556 15.151 33.304 42.395 16.091 32.861 43.957 14.628
5 24 32.299 43.923 15.205 31.77 44.441 16.866 31.8 43.484 15.772 32.867 45.182 15.973
5 24 15.909 -1.159 -.653 15.515 -1.227 .955 13.149 -4.453 -1.962 16.943 2.185 2.366
5 24 37.297 39.806 9.954 35.75 42.497 10.24 36.517 42.354 11.288 36.821 39.706 9.035
5 24 17.247 16.332 13.516 17.697 15.594 10.259 19.016 18.216 12.997 16.442 13.882 11.148
5 24 6.909 -5.647 10.593 8.811 -2.095 11.055 7.542 -4.657 8.936 8.116 -3.028 12.775
5 24 16.955 7.845 -3.777 16.373 6.372 -3.516 16.775 8.315 -2.264 16.382 5.461 -5.452
5 24 4.683 -4.815 -11.773 5.333 -3.736 -10.288 5.008 -1.743 -12.178 4.289 -6.157 -9.912
5 24 10.125 22.058 20.835 10.608 21.83 20.017 13.371 26.367 20.971 8.686 18.804 19.368
5 24 -6.73 -5.024 10.076 -4.489 -4.443 11.459 -7.254 -3.459 11.34 -4.325 -6.665 9.338
5 24 13.862 47.816 15.903 10.243 48.892 15.798 11.022 45.225 15.649 11.914 51.206 15.993
5 24 31.113 27.11 8.51 31.662 25.864 10.86 33.047 26.201 10.181 29.779 26.843 9.014
5 24 -15.304 21.466 6.036 -12.011 16.448 4.975 -10.891 17.564 6.65 -15.37 20.59 2.407
5 24 3.751 37.045 15.112 1.557 38.707 15.256 .129 32.936 14.641 5.114 43.252 15.554
5 24 -17.539 4.486 -6.06 -16.63 5.213 -6.765 -14.549 .61 -8.674 -17.997 9.061 -4.477
5 24 18.293 48.596 15.796 20.98 46.577 15.254 21.715 48.578 15.24 19.41 45.415 15.498
5 24 35.75 42.497 10.24 34.746 42.194 9.492 33.863 43.848 10.855 35.611 40.388 8.543
5 24 15.926 3.315 6.395 14.753 2.843 9.18 14.498 .605 8.104 15.716 6.517 8.301
5 24 .147 -7.257 -15.316 -1.376 -3.824 -16.058 -2.398 -6.113 -15.857 1.547 -5.289 -15.75
5 24 14.304 54.295 17.055 12.574 53.792 17.446 13.668 53.226 16.167 14.472 54.526 17.82
5 24 -2.966 -7.436 -13.756 -2.398 -6.113 -15.857 -5.441 -6.191 -13.745 .147 -7.257 -15.316
5 24 -10.126 16.547 15.311 -11.641 16.799 15.372 -10.399 19.003 16.453 -11.466 14.546 14.532
5 24 37.631 26.903 2.24 38.542 26.922 3.44 36.493 26.934 4.448 39.172 26.999 1.477
5 24 1.623 -10.022 -5.376 -.63 -10.459 -5.249 .646 -8.975 -2.284 1.587 -10.524 -8.104
5 24 26.078 46.727 14.701 26.561 46.004 14.925 27.363 47.428 14.636 23.221 45.111 14.979
5 24 35.594 37.961 7.633 36.249 38.551 8.207 37.007 38.621 5.888 34.912 37.836 9.65
5 24 2.976 -1.272 -14.233 .873 .191 -13.778 1.797 -2.531 -15.563 3.941 .027 -12.948
5 24 15.285 54.501 18.461 16.273 54.338 18.378 16.91 53.792 19.302 16.045 54.381 17.524
5 24 19.521 50.21 15.658 21.715 48.578 15.24 22.364 50.338 15.238 18.293 48.596 15.796
5 24 13.277 17.845 18.724 10.633 18.624 19.403 12.17 20.451 19.513 9.531 16.416 19.075
5 24 -11.503 -4.047 5.568 -8.207 -5.433 5.612 -8.956 -6.608 4.635 -10.611 -3.256 6.388
5 24 10.497 -5.809 -4.318 13.454 -3.866 -3.489 10.407 -5.213 -5.759 13.149 -4.453 -1.962
5 24 36.406 27.601 8.274 37.95 27.943 6.146 36.555 28.631 8.839 36.063 26.687 7.447
5 24 -15.37 20.59 2.407 -12.664 16.402 1.689 -12.011 16.448 4.975 -14.91 19.374 -.783
5 24 -16.128 -.337 -3.251 -17.693 3.925 -1.727 -15.486 .839 .317 -18.206 3.64 -4.897
5 24 -15.937 -.242 1.951 -12.542 -3.151 -.995 -13.343 -4.162 .75 -15.486 .839 .317
5 24 8.165 18.772 20.592 8.686 18.804 19.368 10.125 22.058 20.835 7.807 16.408 19.045
5 24 31.917 46.1 16.434 31.77 44.441 16.866 30.782 45.257 17.27 32.867 45.182 15.973
5 24 19.016 18.216 12.997 21.123 20.683 14.27 22.295 21.024 10.803 19.324 20.829 17.234
5 24 4.304 -2.301 14.885 3.581 -.915 15.75 2.692 -1.71 15.508 6.09 1.019 16.019
5 24 18.051 50.505 16.869 17.084 50.834 16.51 17.223 49.154 16.427 17.626 52.408 16.764
5 24 18.106 51.074 18.376 18.191 52.553 19.39 18.946 51.753 17.837 16.198 50.9 19.747
5 24 28.404 39.518 11.729 29.702 38.1 11.064 31.637 39.92 10.507 27.1 35.629 11.381
5 24 25.797 49.81 17.068 25.07 50.111 17.436 25.346 50.378 16.8 25.289 49.594 17.549
5 24 3.952 14.023 20.568 4.095 11.23 19.86 .645 13.826 20.415 7.175 12.12 19.402
5 24 -16.717 6.477 -9.806 -13.603 3.189 -13.683 -14.677 1.9 -12.058 -15.806 7.823 -11.276
5 24 15.434 51.389 16.182 15.948 52.745 16.343 17.084 50.834 16.51 13.668 53.226 16.167
5 24 -6.071 -9.03 -.671 -2.584 -8.664 -2.24 -2.667 -10.217 -.915 -5.758 -7.743 -2.097
5 24 -17.688 6.727 5.405 -17.527 8.11 3.746 -17.19 3.291 3.365 -17.624 11.938 6.247
5 24 21.551 43.391 20.346 21.955 45.659 19.977 23.593 45.923 19.659 20.349 44.479 20.462
5 24 26.871 46.042 17.845 26.209 46.884 18.828 27.499 47.783 18.375 24.535 44.359 19.044
5 24 -9.585 -7.046 2.473 -6.019 -8.945 1.758 -9.851 -7.124 -.145 -5.808 -8.292 4.115
5 24 -12.555 -4.247 3.28 -13.346 -1.013 6.473 -11.503 -4.047 5.568 -14.738 -.763 4.366
5 24 -16.292 5.817 7.242 -14.691 3.445 8.289 -15.935 2.543 5.755 -14.736 7.664 10.236
5 24 1.568 -1.16 16.149 2.757 .214 16.062 .847 -.021 16.846 2.692 -1.71 15.508
5 24 30.753 47.723 14.637 32.382 46.694 14.458 32.038 46.699 13.46 30.926 47.546 15.317
5 24 2.819 -8.33 6.228 2.126 -8.474 7.633 3.212 -8.248 6.857 1.991 -8.513 6.078
5 24 3.206 -8.626 -.745 .646 -8.975 -2.284 3.231 -7.742 -1.894 1.008 -10.33 -.968
5 24 27.999 50.209 15.919 28.975 49.642 16.233 27.783 50.177 16.805 29.104 49.614 15.182
5 24 29.803 44.947 12.697 31.334 45.038 12.236 30.567 44.22 12.401 31.334 45.917 12.351
5 24 36.249 38.551 8.207 37.706 38.789 6.619 38.473 38.19 7.857 37.007 38.621 5.888
5 24 21.303 30.077 11.343 21.654 32.701 12.139 23.08 31.771 11.478 19.984 30.872 11.872
5 24 -18.881 14.833 -1.1 -18.602 14.149 -3.206 -18.22 17.227 -2.19 -18.877 12.738 -2.153
5 24 4.099 -6.601 -8.166 3.767 -6.219 -8.791 2.41 -7.612 -9.291 4.643 -5.198 -8.461
5 24 32.822 29.004 7.15 32.776 27.324 7.374 31.011 28.684 8.527 34.639 27.576 5.446
5 24 21.4 52.373 18.402 21.263 51.588 19.102 19.912 52.302 17.695 22.807 51.862 18.701
5 24 19.463 35.09 13.833 20.371 33.205 12.791 18.914 31.412 12.393 22.063 35.186 13.055
5 24 -10.836 5.801 -11.76 -10.498 7.501 -7.239 -9.192 4 -9.192 -11.956 8.557 -10.309
5 24 -8.312 15.184 17.678 -9.183 15.875 15.833 -7.743 17.56 18.135 -9.503 13.12 15.584
5 24 25.037 24.986 9.223 22.295 21.024 10.803 21.726 22.954 8.23 25.752 23.504 11.874
5 24 30.338 46.183 12.657 31.047 47.031 13.01 31.528 46.259 12.511 29.636 47.194 13.672
5 24 39.171 29.828 4.328 38.007 29.628 6.523 37.95 27.943 6.146 38.346 31.461 4.938
5 24 28.975 49.642 16.233 27.783 50.177 16.805 27.999 50.209 15.919 28.705 49.361 17.42
5 24 16.382 5.461 -5.452 16.373 6.372 -3.516 14.931 3.148 -5.254 16.955 7.845 -3.777
5 24 13.55 39.072 15.271 18.816 41.232 15.408 16.908 43.362 15.713 16.896 36.842 14.76
5 24 17.297 7.693 -1.618 16.373 6.372 -3.516 17.108 5.759 -2.755 16.775 8.315 -2.264
5 24 .179 46.942 18.415 1.401 46.784 16.057 -2.869 41.212 15.651 3.649 50.575 18.517
5 24 13.042 50.861 20.352 11.336 52.136 20.146 11.145 49.233 20.716 13.007 53.618 19.65
5 24 29.636 47.194 13.672 29.73 47.559 14.783 30.706 47.574 13.771 28.566 46.992 14.938
5 24 -14.167 16.754 -4.478 -12.156 12.812 -4.247 -12.572 14.963 -2.155 -13.567 14.402 -6.609
5 24 -5.441 -6.191 -13.745 -8.242 -5.54 -11.787 -5.395 -7.31 -11.841 -7.942 -4.435 -13.747
5 24 21.715 48.578 15.24 20.98 46.577 15.254 18.293 48.596 15.796 23.137 46.872 14.977
5 24 -7.016 1.478 -14.381 .873 .191 -13.778 0 1.812 -12.07 -2.311 -.935 -15.804
5 24 .873 .191 -13.778 -2.311 -.935 -15.804 1.087 -2.572 -15.942 -7.016 1.478 -14.381
5 24 -1.392 6.463 19.05 -4.487 5.836 18.047 -2.756 10.464 19.425 -2.964 1.977 17.221
5 24 29.086 34.503 17.222 31.311 35.02 14.922 29.37 33.691 16.157 31.643 36.057 16.122
5 24 17.742 8.056 .656 17.867 7.555 2.276 17.721 10.131 1.838 17.757 6.548 .765
5 24 12.17 20.451 19.513 13.277 17.845 18.724 10.633 18.624 19.403 15.191 19.977 18.709
5 24 25.724 33.906 18.773 24.584 35.316 19.502 28.393 35.947 18.158 23.369 32.211 19.322
5 24 11.348 13.148 17.798 10.997 9.486 16.544 7.859 12.519 18.169 14.05 12.674 16.254
5 24 .129 32.936 14.641 -1.786 34.626 14.659 -3.734 32.023 14.159 1.557 38.707 15.256
5 24 27.723 48.531 14.486 26.742 48.086 14.518 27.363 47.428 14.636 27.239 49.27 14.59
5 24 36.609 31.98 2.498 36.504 32.127 3.599 36.089 31.706 3.308 37.035 32.401 2.486
5 24 19.731 45.629 20.494 18.01 47.033 20.472 19.894 46.253 20.419 16.841 45.092 20.87
5 24 .716 28.663 13.933 .129 32.936 14.641 2.966 31.177 14.204 -1.865 30.568 14.21
5 24 16.442 13.882 11.148 15.219 12.812 13.624 17.247 16.332 13.516 15.547 11.792 11.303
5 24 32.689 44.388 13.328 32.998 44.116 13.837 32.794 44.037 13.25 32.796 44.396 13.92
5 24 28.459 46.404 13.887 27.994 46.715 14.844 26.91 45.415 14.227 28.566 46.992 14.938
5 24 28.371 29.379 9.362 29.259 33.468 10.12 26.497 31.328 10.652 30.463 31.568 8.68
5 24 6.655 -4.279 -9.234 6.426 -4.241 -8.101 7.845 -4.099 -8.897 5.742 -4.344 -8.479
5 24 34.957 43.781 14.386 36.517 42.354 11.288 36.631 41.698 12.907 34.648 44.479 12.844
5 24 -17.539 4.486 -6.06 -18.206 3.64 -4.897 -15.456 -.151 -8.003 -19.204 7.954 -2.758
5 24 23.725 50.888 19.296 23.788 49.22 18.087 22.119 49.14 19.809 25.07 50.111 17.436
5 24 -9.183 15.875 15.833 -9.902 15.741 15.504 -9.503 13.12 15.584 -8.56 19.091 16.207
5 24 29.259 33.468 10.12 30.463 31.568 8.68 31.379 35.093 9.287 28.371 29.379 9.362
5 24 27.661 25.027 13.873 29.554 25.97 13.674 28.449 24.813 11.713 27.517 26.116 15.862
5 24 29.803 44.947 12.697 28.362 43.828 13.1 29.368 42.958 12.581 29.137 45.612 13.01
5 24 35.309 37.423 10.641 35.036 38.361 9.991 34.912 37.836 9.65 35.102 38.017 10.966
5 24 28.393 35.947 18.158 29.086 34.503 17.222 26.618 32.749 17.938 30.957 37.707 17.206
5 24 36.742 33.403 11.33 36.121 36.513 11.709 38.07 34.349 9.452 34.47 35.354 13.631
5 24 10.398 54.001 19.422 8.443 54.603 18.851 10.833 55.62 17.754 9.12 53.362 19.517
5 24 21.828 52.465 15.622 22.058 52.536 16.406 20.702 52.58 16.387 23.652 52.113 16.218
5 24 23.059 36.777 20.191 19.674 35.993 21.064 20.894 34.529 20.559 21.838 38.211 20.584
5 24 34.637 27.199 10.104 34.378 26.509 9.264 36.406 27.601 8.274 33.047 26.201 10.181
5 24 -14.677 1.9 -12.058 -14.994 .958 -10.241 -16.992 5.514 -8.178 -11.22 -3.18 -11.526
5 24 -1.376 -3.824 -16.058 1.087 -2.572 -15.942 1.547 -5.289 -15.75 -2.311 -.935 -15.804
5 24 38.818 30.961 1.043 38.025 29.532 -.344 39.284 28.866 .08 37.708 31.16 .699
5 24 -10.59 27.634 17.301 -11.52 28.36 15.954 -7.687 32.278 18.312 -13.722 23.372 14.646
5 24 17.998 53.568 16.986 17.17 54.128 17.56 18.116 53.859 17.682 17.049 53.957 16.768
5 24 7.593 -7.615 3.105 11.634 -5.393 1.741 10.775 -5.708 4.406 8.167 -7.393 .503
5 24 33.535 30.529 7.039 32.822 29.004 7.15 32.634 30.482 7.692 34.981 29.53 4.729
5 24 8.598 42.603 15.444 5.114 43.252 15.554 8.285 46.446 15.664 3.751 37.045 15.112
5 24 3.965 -7.934 2.534 4.495 -8.106 3.694 3.436 -7.93 4.43 5.1 -8.24 2.251
5 24 4.239 -8.037 4.712 3.436 -7.93 4.43 4.495 -8.106 3.694 3.359 -7.946 4.953
5 24 -13.567 14.402 -6.609 -12.011 11.603 -4.975 -12.156 12.812 -4.247 -12.891 11.561 -8.599
5 24 2.823 -8.393 -8.554 2.41 -7.612 -9.291 1.215 -8.668 -9.681 4.099 -6.601 -8.166
5 24 7.563 -1.444 -11.984 8.878 -2.95 -10.215 7.43 -3.202 -10.849 9.012 -1.138 -11.469
5 24 29.636 48.584 15.577 29.104 49.614 15.182 29.41 48.694 17.021 28.572 48.95 14.473
5 24 .517 -7.627 10.05 1.95 -6.048 12.293 -1.891 -6.763 11.214 4.116 -7.085 10.249
5 24 17.055 47.886 15.998 17.196 47.429 15.884 18.293 48.596 15.796 16.169 47.25 16.005
5 24 -18.602 14.149 -3.206 -18.22 17.227 -2.19 -18.881 14.833 -1.1 -17.891 15.849 -4.346
5 24 17.651 22.124 18.457 20.815 26.925 18.904 22.018 25.46 17.938 16.15 23.377 19.318
5 24 1.623 -10.022 -5.376 3.091 -8.894 -5.854 3.103 -9.096 -7.764 3.676 -7.754 -3.116
5 24 2.339 45.317 19.714 5.835 49.091 19.69 5.129 49.631 20.048 2.892 44.917 19.474
5 24 7.356 21.482 12.383 8.112 24.365 12.818 4.38 26.141 13.496 11.393 23.396 11.017
5 24 32.822 29.004 7.15 34.981 29.53 4.729 33.535 30.529 7.039 34.639 27.576 5.446
5 24 36.249 38.551 8.207 37.007 38.621 5.888 37.706 38.789 6.619 35.594 37.961 7.633
5 24 23.901 44.078 15.211 21.213 43.744 15.209 21.629 42.389 15.384 23.221 45.111 14.979
5 24 -14.398 16.352 13.268 -13.907 11.694 12.548 -12.589 15.236 14.522 -15.437 12.749 11.081
5 24 27.1 35.629 11.381 29.702 38.1 11.064 28.404 39.518 11.729 28.179 34.659 11.145
5 24 .645 13.826 20.415 -1.512 14.222 19.068 -.873 17.141 19.511 -1.101 10.51 18.511
5 24 -5.617 9.698 18.336 -8.475 12.889 17.5 -5.798 13.539 18.622 -8.233 8.999 17.367
5 24 -5.031 -2.122 13.002 -7.644 -1.648 12.675 -7.254 -3.459 11.34 -6.544 1.583 14.481
5 24 13.273 2.333 12.349 11.285 2.204 13.273 11.111 .097 12.118 13.284 5.963 13.87
5 24 -16.7 10.67 -9.286 -11.956 8.557 -10.309 -12.891 11.561 -8.599 -15.806 7.823 -11.276
5 24 5.079 43.239 21.178 .614 37.841 20.875 6.746 41.876 21.296 3.572 44.46 20.773
5 24 .614 37.841 20.875 6.746 41.876 21.296 5.079 43.239 21.178 2.132 36.412 21.184
5 24 2.146 7.429 18.914 .197 7.083 17.998 1.786 3.618 17.039 .899 10.438 19.755
5 24 23.024 41.734 20.202 24.361 40.496 20 25.593 43.588 19.519 21.838 38.211 20.584
5 24 17.757 6.548 .765 17.742 8.056 .656 17.867 7.555 2.276 17.729 6.7 0
5 24 33.193 31.139 14.387 30.327 32.757 16.414 32.733 34.145 15.135 31.618 29.753 15.279
5 24 6.379 35.577 14.739 3.751 37.045 15.112 2.966 31.177 14.204 8.598 42.603 15.444
5 24 39.38 32.94 2.442 39.704 33.237 4.628 39.436 34.118 2.559 38.86 32.085 3.263
5 24 21.819 41.385 14.889 21.735 41.889 15.157 24.29 43.655 14.694 20.128 40.375 15.068
5 24 4.466 -7.371 -.663 4.163 -7.404 -.781 4.45 -7.017 -1.467 3.704 -8.077 2.462
5 24 6.211 -7.127 -2.247 7.783 -6.319 -.595 8.972 -6.435 -1.731 4.45 -7.017 -1.467
5 24 -10.399 19.003 16.453 -10.126 16.547 15.311 -8.56 19.091 16.207 -11.641 16.799 15.372
5 24 15.619 16.282 17.143 17.247 16.332 13.516 15.219 12.812 13.624 16.954 18.294 17.36
5 24 33.863 43.848 10.855 32.389 43.828 12.787 34.381 44.236 11.855 32.197 43.116 10.941
5 24 37.007 38.621 5.888 38.423 38.018 5.271 37.706 38.789 6.619 37.785 37.765 4.466
5 24 28.99 47.665 15.33 28.967 47.19 15.255 28.479 47.416 14.975 29.176 47.201 15.746
5 24 36.237 37.872 5.039 35.594 37.961 7.633 37.007 38.621 5.888 34.803 37.227 6.591
5 24 1.786 3.618 17.039 4.025 .662 16.318 3.383 3.99 17.612 2.757 .214 16.062
5 24 0 17.7 13 7.356 21.482 12.383 2.356 22.488 13.357 4.975 17.675 12.011
5 24 37.065 32.547 2.591 37.035 32.401 2.486 36.504 32.127 3.599 37.833 32.49 2.016
5 24 25.358 49.473 15.572 25.272 50.143 16.173 25.04 49.582 15.737 25.834 49.829 16.246
5 24 38.457 32.096 2.509 38.483 32.296 2.526 37.833 32.49 2.016 38.86 32.085 3.263
5 24 20.108 29.291 19.674 15.158 24.959 19.948 18.653 29.811 20.291 20.306 28.008 18.969
5 24 -8.344 24.353 11.588 -7.107 23.156 11.746 -4.599 26.721 13.304 -9.192 19.778 9.192
5 24 -3.268 -4.721 12.853 -5.031 -2.122 13.002 -3.806 -2.556 14.685 -4.489 -4.443 11.459
5 24 4.289 -6.157 -9.912 5.1 -4.507 -8.88 4.643 -5.198 -8.461 5.333 -3.736 -10.288
5 24 32.998 44.116 13.837 34.957 43.781 14.386 34.648 44.479 12.844 32.861 43.957 14.628
5 24 18.293 48.596 15.796 17.828 48.957 16.049 18.764 50.505 16.208 17.055 47.886 15.998
5 24 5.158 -4.234 13.247 5.891 -5.661 11.426 8.116 -3.028 12.775 1.95 -6.048 12.293
5 24 1.418 -9.6 -9.041 2.823 -8.393 -8.554 3.103 -9.096 -7.764 1.215 -8.668 -9.681
5 24 .129 32.936 14.641 -1.865 30.568 14.21 -3.734 32.023 14.159 .716 28.663 13.933
5 24 7.585 8.833 18.408 8.368 9.559 16.968 7.859 12.519 18.169 8.369 5.054 16.912
5 24 11.385 45.171 20.251 12.781 47.881 20.473 13.469 47.173 19.484 10.515 45.855 20.872
5 24 27.783 50.177 16.805 28.705 49.361 17.42 28.975 49.642 16.233 27.951 49.931 17.405
5 24 24.806 29.947 10.675 28.371 29.379 9.362 28.074 26.28 9.435 26.497 31.328 10.652
5 24 15.926 3.315 6.395 14.498 .605 8.104 14.753 2.843 9.18 15.627 1.161 5.351
5 24 16.115 -.537 -2.192 13.454 -3.866 -3.489 13.455 -3.071 -4.989 15.909 -1.159 -.653
5 24 34.202 37.33 9.345 33.811 37.892 9.794 34.912 37.836 9.65 32.904 36.677 10.054
5 24 29.026 33.933 11.225 30.759 37.008 10.876 28.179 34.659 11.145 31.453 36.155 10.924
5 24 10.515 45.855 20.872 7.597 41.159 20.59 6.746 41.876 21.296 11.385 45.171 20.251
5 24 38.548 31.785 7.675 36.139 29.975 9.236 37.031 30.69 10.212 37.599 30.886 6.654
5 24 32.389 43.828 12.787 32.197 43.116 10.941 33.863 43.848 10.855 31.602 43.433 12.562
5 24 17.54 12.235 .939 16.97 14.429 -.471 17.847 13.857 2.996 16.741 13.268 -1.768
5 24 16.223 9.843 -5.25 12.011 9.739 -4.975 16.584 11.715 -3.341 11.314 8.263 -6.017
5 24 16.169 47.25 16.005 16.908 43.362 15.713 13.757 44.726 15.793 19.41 45.415 15.498
5 24 10.407 -5.213 -5.759 9.65 -4.394 -6.867 8.625 -5.779 -6.207 12.882 -2.077 -6.199
5 24 11.122 5.735 14.93 13.284 5.963 13.87 11.285 2.204 13.273 13.393 9.506 15.186
5 24 1.087 -2.572 -15.942 .873 .191 -13.778 -2.311 -.935 -15.804 1.797 -2.531 -15.563
5 24 -14.639 18.297 -2.421 -12.572 14.963 -2.155 -13 16.133 0 -14.167 16.754 -4.478
5 24 17.297 7.693 -1.618 16.775 8.315 -2.264 16.998 9.398 -1.458 16.373 6.372 -3.516
5 24 35.309 37.423 10.641 36.121 36.513 11.709 33.978 36.485 12.765 37.042 37.347 10.371
5 24 28.643 40.659 17.44 27.441 37.64 18.925 26.267 38.508 18.22 29.916 39.726 17.935
5 24 -1.68 29.766 19.653 -3.699 28.598 19.697 -5.619 24.24 18.2 -.967 32.489 20.458
5 24 -17.997 9.061 -4.477 -17.539 4.486 -6.06 -18.741 8.544 -3.722 -16.63 5.213 -6.765
5 24 33.39 36.568 8.129 32.904 36.677 10.054 32.466 35.958 8.779 34.202 37.33 9.345
5 24 8.759 47.146 21.012 11.145 49.233 20.716 9.501 50.562 20.632 10.515 45.855 20.872
5 24 21.551 43.391 20.346 20.349 44.479 20.462 21.955 45.659 19.977 19.177 41.752 20.896
5 24 30.759 37.008 10.876 29.702 38.1 11.064 28.179 34.659 11.145 32.32 38.302 10.267
5 24 5.746 -7.98 .121 7.593 -7.615 3.105 8.167 -7.393 .503 5.1 -8.24 2.251
5 24 12.801 32.71 13.909 8.98 34.137 14.371 9.093 27.492 13.267 13.55 39.072 15.271
5 24 19.472 31.012 12.41 19.984 30.872 11.872 20.941 32.854 12.847 18.712 29.37 11.483
5 24 10.608 21.83 20.017 11.976 22.188 20.195 11.29 20.754 19.725 13.935 26.14 20.302
5 24 19.862 28.577 10.921 18.712 29.37 11.483 19.984 30.872 11.872 18.022 29.292 11.619
5 24 38.95 36.248 3.835 38.309 36.162 3.19 37.785 37.765 4.466 39.436 34.118 2.559
5 24 34.648 44.479 12.844 32.998 44.116 13.837 34.957 43.781 14.386 32.794 44.037 13.25
5 24 -18.881 14.833 -1.1 -18.718 11.651 2.321 -18.284 14.258 4.232 -19.284 11.418 -1.17
5 24 36.035 41.265 13.855 36.631 41.698 12.907 34.957 43.781 14.386 36.808 39.339 12.022
5 24 17.998 53.568 16.986 18.116 53.859 17.682 17.17 54.128 17.56 18.442 53.056 17.289
5 24 -1.415 39.558 19.515 -1.812 39.868 19.515 -3.27 37.144 19.347 2.339 45.317 19.714
5 24 32.696 44.241 14.663 32.861 43.957 14.628 32.299 43.923 15.205 32.796 44.396 13.92
5 24 26.869 50.139 17.057 27.951 49.931 17.405 27.598 49.398 18.062 27.783 50.177 16.805
5 24 -18.284 14.258 4.232 -18.111 17.475 5.185 -18.769 16.535 .223 -17.244 14.535 7.725
5 24 .716 28.663 13.933 4.38 26.141 13.496 2.966 31.177 14.204 2.356 22.488 13.357
5 24 28.975 49.642 16.233 28.705 49.361 17.42 27.783 50.177 16.805 29.41 48.694 17.021
5 24 17.341 38.576 20.69 16.699 39.737 21.352 19.809 40.576 20.231 12.28 35.521 21.915
5 24 4.913 -6.051 -5.41 4.279 -7.216 -5.498 4.392 -6.766 -7.613 4.323 -6.94 -2.715
5 24 14.568 6.286 10.926 13.273 2.333 12.349 14.753 2.843 9.18 13.284 5.963 13.87
5 24 38.07 34.349 9.452 37.042 37.347 10.371 36.121 36.513 11.709 37.82 37.936 9.211
5 24 28.643 40.659 17.44 29.916 39.726 17.935 27.441 37.64 18.925 30.774 42.154 16.505
5 24 11.122 5.735 14.93 9.393 2.246 13.793 9.07 5.695 15.418 11.285 2.204 13.273
5 24 -18.602 14.149 -3.206 -18.877 12.738 -2.153 -18.405 11.255 -4.498 -18.881 14.833 -1.1
5 24 13.588 18.302 3.925 12.933 20.234 6.916 12.542 17.859 4.493 14.755 20.499 5.822
5 24 24.25 46.299 14.818 25.479 47.473 14.625 26.078 46.727 14.701 24.165 47.587 14.848
5 24 6.332 48.732 19.627 5.835 49.091 19.69 8.168 51.289 19.433 2.892 44.917 19.474
5 24 12.77 -.271 -6.645 12.19 -1.65 -8.31 14.132 .905 -7.511 11.022 -2.203 -7.343
5 24 3.952 14.023 20.568 7.102 14.386 19.936 4.183 16.282 20.97 7.175 12.12 19.402
5 24 10.496 -2.034 -9.885 12.19 -1.65 -8.31 9.971 -3.349 -8.739 11.231 .518 -10.706
5 24 23.652 52.113 16.218 22.493 52.459 17.834 22.058 52.536 16.406 24.422 51.801 17.648
5 24 16.169 47.25 16.005 17.055 47.886 15.998 17.196 47.429 15.884 16.539 47.973 16.139
5 24 0 17.7 13 -5.491 21.736 12.038 -2.584 24.829 13.307 -4.975 18 12.011
5 24 11.634 -5.393 1.741 11.417 -4.318 .647 8.167 -7.393 .503 14.439 -2.082 3.576
5 24 -13.413 18.398 14.527 -12.589 15.236 14.522 -11.641 16.799 15.372 -14.398 16.352 13.268
5 24 -16.176 8.85 8.718 -16.292 5.817 7.242 -14.736 7.664 10.236 -17.688 6.727 5.405
5 24 22.119 49.14 19.809 22.497 47.635 18.658 20.674 47.365 20.203 23.788 49.22 18.087
5 24 36.504 32.127 3.599 36.337 32.56 3.622 37.065 32.547 2.591 35.241 31.971 5.399
5 24 31.602 43.433 12.562 30.497 41.716 11.284 32.197 43.116 10.941 30.082 42.54 12.666
5 24 24.29 43.655 14.694 21.819 41.385 14.889 24.737 43.172 14.223 21.735 41.889 15.157
5 24 24.535 44.359 19.044 24.02 45.212 19.611 26.209 46.884 18.828 22.215 42.558 19.751
5 24 6.805 -7.406 5.83 5.246 -6.73 6.868 8.545 -5.309 8.313 3.864 -7.789 5.543
5 24 38.346 31.461 4.938 39.171 29.828 4.328 38.007 29.628 6.523 38.783 31.934 3.176
5 24 14.304 54.295 17.055 13.668 53.226 16.167 12.574 53.792 17.446 14.92 54.062 16.563
5 24 11.111 .097 12.118 11.285 2.204 13.273 9.313 .329 12.633 13.273 2.333 12.349
5 24 15.158 54.507 17.538 16.045 54.381 17.524 15.285 54.501 18.461 16.01 54.091 16.694
5 24 -2.584 -8.664 -2.24 -5.607 -9.148 -5.038 -2.86 -9.904 -5.174 -5.758 -7.743 -2.097
5 24 36.384 29.778 2.682 34.981 29.53 4.729 36.089 31.706 3.308 35.808 27.55 3.614
5 24 26.872 50.136 16.089 27.783 50.177 16.805 26.869 50.139 17.057 27.999 50.209 15.919
5 24 -16.128 -.337 -3.251 -16.326 -1.079 -6.709 -12.899 -4.471 -4.339 -18.206 3.64 -4.897
5 24 33.907 34.004 6.629 35.241 31.971 5.399 35.654 35.197 4.412 33.584 31.24 7.175
5 24 35.579 38.933 9.605 34.595 39.475 9.208 35.036 38.361 9.991 35.611 40.388 8.543
5 24 9.313 .329 12.633 11.285 2.204 13.273 11.111 .097 12.118 9.393 2.246 13.793
5 24 25.346 50.378 16.8 25.044 50.467 15.883 25.272 50.143 16.173 25.074 51.249 16.724
5 24 8.564 -6.463 -4.63 10.497 -5.809 -4.318 10.407 -5.213 -5.759 9.891 -6.318 -2.959
5 24 15.948 52.745 16.343 17.626 52.408 16.764 17.049 53.957 16.768 17.084 50.834 16.51
5 24 5.896 4.49 17.361 8.694 1.572 15.48 6.09 1.019 16.019 8.369 5.054 16.912
5 24 37.708 31.16 .699 38.818 30.961 1.043 37.934 32.262 2.058 38.025 29.532 -.344
5 24 7.437 51.906 19.76 5.835 49.091 19.69 5.129 49.631 20.048 8.168 51.289 19.433
5 24 .646 -8.975 -2.284 -.63 -10.459 -5.249 1.623 -10.022 -5.376 -2.584 -8.664 -2.24
5 24 -10.399 19.003 16.453 -8.56 19.091 16.207 -6.557 24.628 18.691 -10.126 16.547 15.311
5 24 33.373 41.299 9.841 31.637 39.92 10.507 32.32 38.302 10.267 30.497 41.716 11.284
5 24 20.674 47.365 20.203 20.364 45.643 19.976 19.894 46.253 20.419 21.259 46.434 19.302
5 24 14.498 .605 8.104 13.31 -2.543 6.347 15.627 1.161 5.351 11.834 -2.938 9.472
5 24 -.926 -8.309 -13.463 -1.203 -9.009 -11.676 -3.226 -8.368 -11.809 .055 -9.159 -12.076
5 24 11.022 45.225 15.649 13.757 44.726 15.793 13.862 47.816 15.903 10.681 41.141 15.423
5 24 33.373 41.299 9.841 35.611 40.388 8.543 34.746 42.194 9.492 34.595 39.475 9.208
5 24 -7.814 33.983 14.598 -3.734 32.023 14.159 -5.758 37.247 15.164 -6.272 28.234 13.305
5 24 4.693 -6.788 -2.565 6.211 -7.127 -2.247 4.45 -7.017 -1.467 7.505 -6.944 -3.422
5 24 10.518 6.586 -7.209 14.5 5.199 -8.738 9.192 4 -9.192 15.533 7.443 -7.223
5 24 -13.73 23.129 10.025 -10.891 17.564 6.65 -15.304 21.466 6.036 -9.192 19.778 9.192
5 24 36.923 32.899 2.603 37.065 32.547 2.591 37.833 32.49 2.016 36.337 32.56 3.622
5 24 18.999 17.334 9.402 19.016 18.216 12.997 17.697 15.594 10.259 20.034 18.815 8.543
5 24 16.955 7.845 -3.777 16.775 8.315 -2.264 17.145 9.493 -2.468 16.373 6.372 -3.516
5 24 -16.63 5.213 -6.765 -18.01 9.163 -6.022 -17.997 9.061 -4.477 -16.992 5.514 -8.178
5 24 23.08 31.771 11.478 21.654 32.701 12.139 21.303 30.077 11.343 23.275 34.292 12.205
5 24 25.847 48.969 14.658 25.479 47.473 14.625 24.809 48.26 14.78 26.742 48.086 14.518
5 24 14.462 9.86 12.78 14.568 6.286 10.926 13.284 5.963 13.87 15.318 10.21 10.663
5 24 15.346 4.133 5.242 17.399 4.444 3.094 17.525 6.398 3.699 15.001 2.059 3.954
5 24 37.82 37.936 9.211 38.983 35.12 7.637 38.473 38.19 7.857 38.07 34.349 9.452
5 24 35.036 38.361 9.991 35.579 38.933 9.605 34.595 39.475 9.208 36.249 38.682 10.213
5 24 .998 -10.292 1.703 2.927 -8.951 2.119 1.008 -10.33 -.968 2.25 -8.709 4
5 24 -6.019 -8.945 1.758 -6.071 -9.03 -.671 -2.865 -10.06 1.469 -9.851 -7.124 -.145
5 24 -13.42 3.226 8.819 -13.097 2.338 10.376 -12.293 -.534 7.272 -13.285 6.222 12.042
5 24 33.373 41.299 9.841 30.497 41.716 11.284 32.197 43.116 10.941 31.637 39.92 10.507
5 24 6.655 -4.279 -9.234 5.742 -4.344 -8.479 5.539 -4.197 -8.964 6.426 -4.241 -8.101
5 24 6.332 48.732 19.627 8.168 51.289 19.433 8.71 50.838 19.264 5.835 49.091 19.69
5 24 32.776 27.324 7.374 34.378 26.509 9.264 33.047 26.201 10.181 36.063 26.687 7.447
5 24 17.846 30.468 20.072 14.857 25.728 20.393 18.653 29.811 20.291 13.935 26.14 20.302
5 24 34.444 29.144 11.142 37.031 30.69 10.212 34.935 29.579 12.298 36.139 29.975 9.236
5 24 7.783 -6.319 -.595 8.167 -7.393 .503 5.746 -7.98 .121 11.417 -4.318 .647
5 24 20.31 41.364 15.318 21.213 43.744 15.209 18.816 41.232 15.408 21.629 42.389 15.384
5 24 27.499 47.783 18.375 27.044 48.368 18.454 28.226 49.03 18.022 26.209 46.884 18.828
5 24 7.859 12.519 18.169 10.997 9.486 16.544 11.348 13.148 17.798 8.368 9.559 16.968
5 24 -16.604 4.481 1.671 -17.19 3.291 3.365 -17.527 8.11 3.746 -15.486 .839 .317
5 24 .055 -9.159 -12.076 -.622 -8.914 -9.918 -1.203 -9.009 -11.676 1.215 -8.668 -9.681
5 24 -3.806 -2.556 14.685 -1.608 -1.222 16.097 -.542 -3.333 14.976 -5.574 1.419 16.407
5 24 16.908 43.362 15.713 19.41 45.415 15.498 18.816 41.232 15.408 16.169 47.25 16.005
5 24 -4.789 17.57 19.263 -5.798 13.539 18.622 -2.824 14.261 19.781 -8.312 15.184 17.678
5 24 -12.542 -3.151 -.995 -12.899 -4.471 -4.339 -8.911 -5.874 -1.627 -16.128 -.337 -3.251
5 24 34.47 35.354 13.631 33.978 36.485 12.765 36.121 36.513 11.709 31.311 35.02 14.922
5 24 19.691 52.015 16.59 20.702 52.58 16.387 20.826 52.093 15.534 20.544 52.614 17.071
5 24 -1.415 39.558 19.515 2.339 45.317 19.714 2.892 44.917 19.474 -1.812 39.868 19.515
5 24 10.833 55.62 17.754 11.372 53.743 16.787 10.188 54.295 16.941 12.242 54.433 17.6
5 24 32.389 43.828 12.787 34.381 44.236 11.855 33.863 43.848 10.855 32.794 44.037 13.25
5 24 23.221 45.111 14.979 23.137 46.872 14.977 23.641 46.999 14.876 20.98 46.577 15.254
5 24 -15.935 2.543 5.755 -17.19 3.291 3.365 -17.688 6.727 5.405 -15.937 -.242 1.951
5 24 32.634 30.482 7.692 32.822 29.004 7.15 33.535 30.529 7.039 31.011 28.684 8.527
5 24 4.239 -8.037 4.712 7.593 -7.615 3.105 4.749 -7.917 5.076 4.495 -8.106 3.694
5 24 17.399 4.444 3.094 17.504 3.935 1.848 17.598 4.7 2 16.943 2.185 2.366
5 24 12.106 52.992 16.733 12.242 54.433 17.6 12.574 53.792 17.446 11.372 53.743 16.787
5 24 39.856 28.156 1.28 39.171 29.828 4.328 39.075 27.75 3.787 39.725 30.409 2.347
5 24 5.835 49.091 19.69 8.168 51.289 19.433 6.332 48.732 19.627 7.437 51.906 19.76
5 24 20.826 52.093 15.534 19.691 52.015 16.59 20.702 52.58 16.387 19.521 50.21 15.658
5 24 13.454 -3.866 -3.489 10.407 -5.213 -5.759 10.497 -5.809 -4.318 13.455 -3.071 -4.989
5 24 -11.84 -4.18 -8.9 -10.813 -3.217 -9.549 -7.918 -5.377 -9.896 -14.549 .61 -8.674
5 24 3.429 -7.535 -11.222 4.289 -6.157 -9.912 2.41 -7.612 -9.291 4.683 -4.815 -11.773
5 24 -13.73 23.129 10.025 -17.281 20.316 8.088 -15.833 21.638 11.44 -15.304 21.466 6.036
5 24 2.993 35.688 20.542 -.71 29.363 20.589 -1.68 29.766 19.653 3.596 34.847 21.195
5 24 13.235 16.69 2.274 17.873 17.555 3.113 17.372 15.948 1.296 13.588 18.302 3.925
5 24 15.285 54.501 18.461 14.258 54.292 19.249 16.91 53.792 19.302 14.472 54.526 17.82
5 24 -14.647 20.175 13.737 -15.395 20.963 12.673 -13.722 23.372 14.646 -15.839 17.598 11.764
5 24 8.112 24.365 12.818 4.38 26.141 13.496 9.093 27.492 13.267 7.356 21.482 12.383
5 24 22.493 52.459 17.834 21.4 52.373 18.402 20.732 52.657 17.555 22.807 51.862 18.701
5 24 -.087 21.694 20.841 -2.484 22.455 20.194 -1.954 17.57 20.219 1.289 27.846 21.19
5 24 -14.91 19.374 -.783 -13 16.133 0 -12.664 16.402 1.689 -14.639 18.297 -2.421
5 24 10.633 18.624 19.403 12.17 20.451 19.513 11.29 20.754 19.725 13.277 17.845 18.724
5 24 32.228 44.163 12.874 32.389 43.828 12.787 32.794 44.037 13.25 31.602 43.433 12.562
5 24 15.318 10.21 10.663 14.462 9.86 12.78 14.568 6.286 10.926 15.547 11.792 11.303
5 24 31.431 43.82 12.606 31.602 43.433 12.562 30.082 42.54 12.666 32.228 44.163 12.874
5 24 28.459 46.404 13.887 27.361 44.692 13.616 26.91 45.415 14.227 29.137 45.612 13.01
5 24 -7.299 5.264 17.152 -4.487 5.836 18.047 -5.574 1.419 16.407 -5.617 9.698 18.336
5 24 8.545 -5.309 8.313 5.246 -6.73 6.868 7.542 -4.657 8.936 6.805 -7.406 5.83
5 24 .147 -7.257 -15.316 -.926 -8.309 -13.463 -2.966 -7.436 -13.756 .838 -8.033 -14.364
5 24 14.435 33.643 21.854 13.225 34.697 21.119 17.341 38.576 20.69 9.862 28.924 21.974
5 24 39.172 26.999 1.477 37.631 26.903 2.24 38.693 27.12 .097 38.542 26.922 3.44
5 24 24.465 49.985 15.328 23.649 51.812 15.278 22.364 50.338 15.238 24.624 50.919 15.476
5 24 12.19 -1.65 -8.31 11.022 -2.203 -7.343 9.971 -3.349 -8.739 12.77 -.271 -6.645
5 24 -17.997 9.061 -4.477 -19.056 12.117 -1.698 -18.877 12.738 -2.153 -18.741 8.544 -3.722
5 24 29.026 33.933 11.225 29.259 33.468 10.12 31.379 35.093 9.287 26.28 31.781 11.206
5 24 11.976 22.188 20.195 12.808 22.617 19.962 12.824 22.01 19.645 14.857 25.728 20.393
5 24 31.643 36.057 16.122 30.957 37.707 17.206 33.055 39.209 16.238 29.086 34.503 17.222
5 24 39.38 32.94 2.442 38.483 32.296 2.526 38.86 32.085 3.263 38.766 32.895 1.831
5 24 2.819 -8.33 6.228 2.914 -8.035 4.619 3.359 -7.946 4.953 1.991 -8.513 6.078
5 24 28.03 40.178 13.058 28.404 39.518 11.729 30.497 41.716 11.284 25.773 36.843 12.126
5 24 8.168 51.289 19.433 8.71 50.838 19.264 6.332 48.732 19.627 9.929 52.72 19.186
5 24 23.641 46.999 14.876 24.25 46.299 14.818 24.165 47.587 14.848 23.221 45.111 14.979
5 24 38.983 35.12 7.637 39.307 36.816 6.654 38.473 38.19 7.857 39.65 35.397 5.549
5 24 17.145 9.493 -2.468 16.584 11.715 -3.341 17.288 10.979 -.739 16.223 9.843 -5.25
5 24 17.651 22.124 18.457 15.191 19.977 18.709 16.15 23.377 19.318 16.954 18.294 17.36
5 24 33.682 30.866 7.21 33.584 31.24 7.175 32.634 30.482 7.692 35.439 31.572 5.428
5 24 2.823 -8.393 -8.554 3.103 -9.096 -7.764 4.392 -6.766 -7.613 1.418 -9.6 -9.041
5 24 37.11 28.389 .933 38.16 28.435 -.626 38.025 29.532 -.344 38.09 27.761 -.332
5 24 28.967 47.19 15.255 28.479 47.416 14.975 28.566 46.992 14.938 28.99 47.665 15.33
5 24 2.918 -8.015 8.776 5.258 -7.259 8.882 4.116 -7.085 10.249 3.833 -8.043 7.475
5 24 2.146 7.429 18.914 4.095 11.23 19.86 5.07 8.144 18.776 .899 10.438 19.755
5 24 14.931 3.148 -5.254 17.108 5.759 -2.755 15.943 1.921 -4.622 16.373 6.372 -3.516
5 24 4.323 -6.94 -2.715 4.693 -6.788 -2.565 5.263 -5.914 -5.294 4.095 -6.981 -1.589
5 24 21.118 27.87 10.502 22.313 29.446 11.044 22.662 28.459 10.602 21.303 30.077 11.343
5 24 13.235 16.69 2.274 12.542 17.859 4.493 13.588 18.302 3.925 12.334 16.389 3.348
5 24 10.997 9.486 16.544 8.368 9.559 16.968 9.07 5.695 15.418 7.859 12.519 18.169
5 24 24.368 51.416 18.489 24.422 51.801 17.648 22.807 51.862 18.701 25.346 50.378 16.8
5 24 11.666 27.585 21.54 7.96 23.191 21.515 10.125 22.058 20.835 9.862 28.924 21.974
5 24 -9.192 4 -9.192 -9.15 3.153 -13.352 -10.836 5.801 -11.76 -7.016 1.478 -14.381
5 24 35.784 38.467 13.456 36.035 41.265 13.855 34.913 40.445 15.07 36.808 39.339 12.022
5 24 -8.344 24.353 11.588 -9.192 19.778 9.192 -7.107 23.156 11.746 -13.73 23.129 10.025
5 24 33.721 36.809 12.744 33.978 36.485 12.765 31.311 35.02 14.922 35.102 38.017 10.966
5 24 -1.954 17.57 20.219 1.033 21.14 20.19 -.873 17.141 19.511 -.087 21.694 20.841
5 24 7.96 23.191 21.515 5.56 24.544 21.767 9.862 28.924 21.974 5.299 19.49 21.343
5 24 -17.891 15.849 -4.346 -14.167 16.754 -4.478 -14.639 18.297 -2.421 -17.472 13.909 -6.553
5 24 -1.376 -3.824 -16.058 -2.311 -.935 -15.804 -5.242 -4.517 -15.878 1.087 -2.572 -15.942
5 24 -4.599 26.721 13.304 -7.107 23.156 11.746 -8.344 24.353 11.588 -2.584 24.829 13.307
5 24 3.26 26.373 21.565 1.289 27.846 21.19 7.283 30.82 21.925 -.087 21.694 20.841
5 24 30.926 47.546 15.317 29.99 47.523 15.69 30.753 47.723 14.637 30.96 47.298 15.997
5 24 -5.818 30.769 19.226 -10.59 27.634 17.301 -7.687 32.278 18.312 -8.685 26.243 18.171
5 24 25.186 37.188 13.402 22.063 35.186 13.055 24.397 37.937 13.321 22.592 34.651 13.091
5 24 2.927 -8.951 2.119 3.206 -8.626 -.745 3.704 -8.077 2.462 1.008 -10.33 -.968
5 24 25.68 47.56 18.943 26.464 49.075 18.385 25.08 48.341 18.835 27.044 48.368 18.454
5 24 38.548 31.785 7.675 38.07 34.349 9.452 38.983 35.12 7.637 37.031 30.69 10.212
5 24 28.371 29.379 9.362 31.011 28.684 8.527 29.779 26.843 9.014 30.463 31.568 8.68
5 24 -4.825 36.284 18.984 -6.305 37.355 17.638 -2.386 40.298 19.601 -8.807 33.4 17.045
5 24 18.116 53.859 17.682 17.868 53.857 18.535 18.682 53.115 17.863 17.114 54.075 18.32
5 24 36.384 29.778 2.682 36.929 27.565 1.266 37.11 28.389 .933 35.808 27.55 3.614
5 24 1.991 -8.513 6.078 2.126 -8.474 7.633 -.754 -8.674 6.103 2.819 -8.33 6.228
5 24 32.794 44.037 13.25 34.381 44.236 11.855 34.648 44.479 12.844 32.389 43.828 12.787
5 24 -2.774 -9.493 -9.284 -5.307 -8.506 -9.269 -2.557 -8.319 -10.073 -5.451 -9.598 -8.18
5 24 29.554 25.97 13.674 30.901 27.486 14.631 31.175 26.604 13.093 27.517 26.116 15.862
5 24 3.748 1.213 -12.21 0 1.812 -12.07 4.684 2.014 -11.308 .873 .191 -13.778
5 24 6.379 35.577 14.739 8.598 42.603 15.444 3.751 37.045 15.112 10.681 41.141 15.423
5 24 18.788 27.413 10.452 19.862 28.577 10.921 18.022 29.292 11.619 21.118 27.87 10.502
5 24 13.469 47.173 19.484 12.781 47.881 20.473 11.385 45.171 20.251 14.684 49.524 20.045
5 24 -3.713 41.509 18.071 -2.386 40.298 19.601 1.6 45.85 20.009 -6.305 37.355 17.638
5 24 31.379 35.093 9.287 32.255 33.01 7.811 32.466 35.958 8.779 30.463 31.568 8.68
5 24 -6.73 -5.024 10.076 -8.805 -3.518 10.047 -7.254 -3.459 11.34 -7.46 -5.673 8.669
5 24 18.764 50.505 16.208 17.828 48.957 16.049 18.051 50.505 16.869 18.293 48.596 15.796
5 24 2.823 -8.393 -8.554 4.099 -6.601 -8.166 2.41 -7.612 -9.291 4.392 -6.766 -7.613
5 24 38.548 31.785 7.675 38.983 35.12 7.637 39.191 32.418 6.262 38.07 34.349 9.452
5 24 -15.806 7.823 -11.276 -16.717 6.477 -9.806 -16.7 10.67 -9.286 -13.603 3.189 -13.683
5 24 19.674 35.993 21.064 21.838 38.211 20.584 18.369 37.608 21.244 23.059 36.777 20.191
5 24 .838 -8.033 -14.364 2.62 -7.271 -14.207 .147 -7.257 -15.316 2.506 -8.692 -12.28
5 24 3.676 -7.754 -3.116 3.231 -7.742 -1.894 4.323 -6.94 -2.715 1.623 -10.022 -5.376
5 24 -2.964 1.977 17.221 -4.487 5.836 18.047 -1.392 6.463 19.05 -5.574 1.419 16.407
5 24 27.006 49.979 15.335 25.847 48.969 14.658 27.239 49.27 14.59 25.358 49.473 15.572
5 24 22.018 25.46 17.938 24.431 29.259 18.31 20.815 26.925 18.904 25.568 27.479 17.452
5 24 16.998 9.398 -1.458 17.297 7.693 -1.618 16.775 8.315 -2.264 17.494 10.361 .172
5 24 30.926 47.546 15.317 32.369 46.558 15.681 32.382 46.694 14.458 30.96 47.298 15.997
5 24 25.272 50.143 16.173 25.834 49.829 16.246 25.358 49.473 15.572 25.346 50.378 16.8
5 24 36.237 37.872 5.039 35.654 35.197 4.412 36.916 37.103 3.829 34.803 37.227 6.591
5 24 7.505 -6.944 -3.422 8.972 -6.435 -1.731 9.891 -6.318 -2.959 6.211 -7.127 -2.247
5 24 27.84 46.97 14.864 28.566 46.992 14.938 28.479 47.416 14.975 27.994 46.715 14.844
5 24 16.91 53.792 19.302 17.114 54.075 18.32 17.868 53.857 18.535 16.273 54.338 18.378
5 24 18.293 48.596 15.796 17.055 47.886 15.998 17.828 48.957 16.049 17.196 47.429 15.884
5 24 19.781 44.992 20.509 16.841 45.092 20.87 19.731 45.629 20.494 19.177 41.752 20.896
5 24 30.391 43.339 17.59 30.578 42.471 16.624 31.8 43.484 15.772 28.581 41.747 18.465
5 24 -13.346 -1.013 6.473 -12.293 -.534 7.272 -14.691 3.445 8.289 -10.611 -3.256 6.388
5 24 -9.657 -1.528 11.277 -8.589 1.41 14.032 -10.718 1.705 12.614 -7.644 -1.648 12.675
5 24 17.846 30.468 20.072 18.653 29.811 20.291 14.857 25.728 20.393 21.603 34.034 19.548
5 24 17.626 52.408 16.764 18.442 53.056 17.289 18.719 51.588 17.343 17.998 53.568 16.986
5 24 -13.73 23.129 10.025 -8.344 24.353 11.588 -11.824 26.325 12.37 -9.192 19.778 9.192
5 24 38.457 32.096 2.509 39.725 30.409 2.347 38.818 30.961 1.043 38.783 31.934 3.176
5 24 -3.161 -5.85 11.49 -4.489 -4.443 11.459 -4.325 -6.665 9.338 -3.268 -4.721 12.853
5 24 26.28 31.781 11.206 25.757 32.339 11.197 24.199 31.006 11.212 28.179 34.659 11.145
5 24 28.99 47.665 15.33 29.636 48.584 15.577 28.75 48.505 14.552 29.114 47.846 15.846
5 24 -15.839 17.598 11.764 -15.437 12.749 11.081 -16.746 13.973 9.39 -14.398 16.352 13.268
5 24 1.041 16.627 20.876 1.033 21.14 20.19 -.873 17.141 19.511 2.435 20.36 21.371
5 24 2.339 45.317 19.714 2.892 44.917 19.474 -1.415 39.558 19.515 5.835 49.091 19.69
5 24 4.872 .044 -12.514 6.024 1.071 -11.623 3.748 1.213 -12.21 7.563 -1.444 -11.984
5 24 7.102 14.386 19.936 7.749 14.785 18.731 7.807 16.408 19.045 7.859 12.519 18.169
5 24 12.195 44.559 20.913 11.385 45.171 20.251 13.469 47.173 19.484 7.597 41.159 20.59
5 24 12.542 17.859 4.493 12.011 16.702 4.975 12.933 20.234 6.916 12.334 16.389 3.348
5 24 39.284 28.866 .08 39.725 30.409 2.347 39.856 28.156 1.28 38.818 30.961 1.043
5 24 29.086 34.503 17.222 29.37 33.691 16.157 26.846 32.033 17.361 31.311 35.02 14.922
5 24 27.999 50.209 15.919 29.104 49.614 15.182 28.975 49.642 16.233 28.106 50.08 15.21
5 24 18.816 41.232 15.408 16.896 36.842 14.76 20.128 40.375 15.068 13.55 39.072 15.271
5 24 -2.584 -8.664 -2.24 -2.667 -10.217 -.915 .646 -8.975 -2.284 -6.071 -9.03 -.671
5 24 17.721 10.131 1.838 17.847 13.857 2.996 17.54 12.235 .939 17.717 9.477 3.358
5 24 -8.589 1.41 14.032 -10.718 1.705 12.614 -9.657 -1.528 11.277 -9.966 4.768 14.754
5 24 20.826 52.093 15.534 22.364 50.338 15.238 19.521 50.21 15.658 21.828 52.465 15.622
5 24 34.803 37.227 6.591 35.594 37.961 7.633 36.237 37.872 5.039 33.39 36.568 8.129
5 24 23.593 45.923 19.659 24.02 45.212 19.611 21.551 43.391 20.346 26.209 46.884 18.828
5 24 -6.73 -5.024 10.076 -7.46 -5.673 8.669 -8.805 -3.518 10.047 -4.325 -6.665 9.338
5 24 15.158 24.959 19.948 20.306 28.008 18.969 15.524 24.424 19.404 20.108 29.291 19.674
5 24 32.689 44.388 13.328 32.794 44.037 13.25 32.998 44.116 13.837 32.228 44.163 12.874
5 24 31.047 47.031 13.01 32.038 46.699 13.46 30.706 47.574 13.771 31.528 46.259 12.511
5 24 -14.639 18.297 -2.421 -17.891 15.849 -4.346 -18.22 17.227 -2.19 -14.167 16.754 -4.478
5 24 33.193 31.139 14.387 32.733 34.145 15.135 30.327 32.757 16.414 34.961 32.303 13.089
5 24 -6.557 24.628 18.691 -8.56 19.091 16.207 -10.399 19.003 16.453 -5.619 24.24 18.2
5 24 24.422 51.801 17.648 25.074 51.249 16.724 24.412 51.773 16.02 25.346 50.378 16.8
5 24 -4.599 26.721 13.304 -6.272 28.234 13.305 -8.344 24.353 11.588 -1.865 30.568 14.21
5 24 12.28 35.521 21.915 5.456 32.806 21.691 7.283 30.82 21.925 10.249 37.922 21.72
5 24 32.49 43.556 15.151 33.304 42.395 16.091 34.303 43.321 15.209 32.013 43.161 15.623
5 24 1.95 -6.048 12.293 4.116 -7.085 10.249 5.891 -5.661 11.426 .517 -7.627 10.05
5 24 16.223 9.843 -5.25 16.955 7.845 -3.777 17.145 9.493 -2.468 15.533 7.443 -7.223
5 24 16.15 23.377 19.318 15.524 24.424 19.404 20.815 26.925 18.904 12.824 22.01 19.645
5 24 35.102 38.017 10.966 35.309 37.423 10.641 33.978 36.485 12.765 35.036 38.361 9.991
5 24 -12.002 9.267 14.318 -10.901 13.525 15.259 -12.561 10.024 13.856 -11.151 8.891 14.954
5 24 31.637 39.92 10.507 32.32 38.302 10.267 33.373 41.299 9.841 29.702 38.1 11.064
5 24 31.011 28.684 8.527 29.779 26.843 9.014 31.113 27.11 8.51 28.371 29.379 9.362
5 24 14.339 42.197 21.383 16.841 45.092 20.87 19.177 41.752 20.896 12.195 44.559 20.913
5 24 -15.437 12.749 11.081 -16.746 13.973 9.39 -16.176 8.85 8.718 -15.839 17.598 11.764
5 24 11.914 51.206 15.993 11.143 51.607 16.513 12.835 52.271 16.033 10.243 48.892 15.798
5 24 23.275 34.292 12.205 23.08 31.771 11.478 21.654 32.701 12.139 24.657 33.215 11.477
5 24 9.636 52.213 16.336 11.372 53.743 16.787 10.188 54.295 16.941 12.106 52.992 16.733
5 24 18.116 53.859 17.682 18.442 53.056 17.289 18.682 53.115 17.863 17.998 53.568 16.986
5 24 7.43 -3.202 -10.849 5.419 -2.111 -11.645 5.539 -3.723 -9.882 7.563 -1.444 -11.984
5 24 -15.806 7.823 -11.276 -11.956 8.557 -10.309 -10.836 5.801 -11.76 -16.7 10.67 -9.286
5 24 11.393 23.396 11.017 12.703 26.263 11.768 14.296 22.849 8.773 8.112 24.365 12.818
5 24 -8.312 15.184 17.678 -9.503 13.12 15.584 -8.475 12.889 17.5 -9.183 15.875 15.833
5 24 -11.52 28.36 15.954 -13.722 23.372 14.646 -10.59 27.634 17.301 -13.907 24.026 13.915
5 24 14.865 10.188 9.149 15.547 11.792 11.303 15.329 11.247 9.695 15.318 10.21 10.663
5 24 -2.964 1.977 17.221 -1.392 6.463 19.05 -.059 2.829 18.071 -4.487 5.836 18.047
5 24 34.913 40.445 15.07 34.303 43.321 15.209 36.035 41.265 13.855 33.304 42.395 16.091
5 24 -5.307 -8.506 -9.269 -8.436 -6.81 -9.25 -8.76 -8.158 -7.966 -5.157 -7.123 -10.111
5 24 22.295 21.024 10.803 21.123 20.683 14.27 24.7 23.498 14.215 19.016 18.216 12.997
5 24 -13.603 3.189 -13.683 -14.677 1.9 -12.058 -16.717 6.477 -9.806 -10.353 -.548 -15.006
5 24 -17.693 3.925 -1.727 -18.655 7.951 .382 -19.204 7.954 -2.758 -16.604 4.481 1.671
5 24 9.093 27.492 13.267 4.38 26.141 13.496 6.071 29.335 13.752 8.112 24.365 12.818
5 24 12.835 52.271 16.033 11.143 51.607 16.513 11.914 51.206 15.993 12.106 52.992 16.733
5 24 -.645 -9.938 -9.261 -2.893 -10.532 -8.258 -.678 -10.976 -8.356 -2.774 -9.493 -9.284
5 24 34.803 37.227 6.591 33.907 34.004 6.629 35.654 35.197 4.412 33.39 36.568 8.129
5 24 13.668 53.226 16.167 12.106 52.992 16.733 12.835 52.271 16.033 12.574 53.792 17.446
5 24 18.133 14.248 6.032 19.05 17.173 6.693 18.523 15.914 7.621 18.408 15.697 4.825
5 24 16.088 48.068 20.196 16.841 45.092 20.87 18.01 47.033 20.472 14.673 46.797 20.503
5 24 18.897 25.474 9.277 19.646 20.719 6.617 16.185 22.49 7.5 21.726 22.954 8.23
5 24 14.018 -1.174 2.362 14.439 -2.082 3.576 15.627 1.161 5.351 11.417 -4.318 .647
5 24 .899 10.438 19.755 -1.101 10.51 18.511 .645 13.826 20.415 .197 7.083 17.998
5 24 2.692 -1.71 15.508 -.542 -3.333 14.976 1.568 -1.16 16.149 4.304 -2.301 14.885
5 24 4.099 -6.601 -8.166 2.41 -7.612 -9.291 2.823 -8.393 -8.554 3.767 -6.219 -8.791
5 24 5.896 4.49 17.361 3.383 3.99 17.612 6.09 1.019 16.019 5.07 8.144 18.776
5 24 9.891 -6.318 -2.959 10.497 -5.809 -4.318 8.564 -6.463 -4.63 13.149 -4.453 -1.962
5 24 -12.589 15.236 14.522 -11.466 14.546 14.532 -13.907 11.694 12.548 -11.641 16.799 15.372
5 24 -10.718 1.705 12.614 -12.073 -1.195 9.215 -9.657 -1.528 11.277 -13.097 2.338 10.376
5 24 33.125 28.862 13.64 32.806 28.336 12.793 33.518 28.759 12.037 31.796 28.161 14.296
5 24 16.115 -.537 -2.192 16.168 .367 -3.594 13.455 -3.071 -4.989 17.257 3.286 -1.414
5 24 3.833 -8.043 7.475 2.918 -8.015 8.776 5.258 -7.259 8.882 2.126 -8.474 7.633
5 24 34.637 27.199 10.104 34.823 28.115 10.77 36.555 28.631 8.839 33.274 27.002 11.191
5 24 23.194 46.72 19.559 23.593 45.923 19.659 25.68 47.56 18.943 21.955 45.659 19.977
5 24 5.896 4.49 17.361 5.07 8.144 18.776 3.383 3.99 17.612 7.585 8.833 18.408
5 24 9.65 -4.394 -6.867 11.022 -2.203 -7.343 8.686 -3.583 -7.696 12.882 -2.077 -6.199
5 24 3.429 -7.535 -11.222 3.672 -6.342 -13.147 4.683 -4.815 -11.773 2.506 -8.692 -12.28
5 24 17.428 8.761 4.664 17.717 9.477 3.358 17.867 7.555 2.276 17.761 12.2 4.453
5 24 27.19 42.769 19.072 28.581 41.747 18.465 29.316 44.336 18.086 25.595 39.282 19.535
5 24 29.176 47.201 15.746 29.114 47.846 15.846 29.181 47.133 16.36 28.99 47.665 15.33
5 24 16.896 36.842 14.76 12.801 32.71 13.909 16.006 31.188 12.921 13.55 39.072 15.271
5 24 -3.226 -8.368 -11.809 -.926 -8.309 -13.463 -2.966 -7.436 -13.756 -1.203 -9.009 -11.676
5 24 12.242 54.433 17.6 11.372 53.743 16.787 10.833 55.62 17.754 12.106 52.992 16.733
5 24 23.024 41.734 20.202 22.215 42.558 19.751 24.535 44.359 19.044 19.809 40.576 20.231
5 24 4.392 -6.766 -7.613 4.279 -7.216 -5.498 3.091 -8.894 -5.854 4.913 -6.051 -5.41
5 24 39.64 27.397 1.186 39.359 27.764 -.206 39.856 28.156 1.28 38.693 27.12 .097
5 24 2.41 -7.612 -9.291 4.289 -6.157 -9.912 3.429 -7.535 -11.222 3.767 -6.219 -8.791
5 24 35.654 35.197 4.412 33.907 34.004 6.629 34.803 37.227 6.591 35.241 31.971 5.399
5 24 38.007 29.628 6.523 36.555 28.631 8.839 37.95 27.943 6.146 37.599 30.886 6.654
5 24 -13.343 -4.162 .75 -12.542 -3.151 -.995 -9.851 -7.124 -.145 -15.937 -.242 1.951
5 24 28.03 40.178 13.058 30.497 41.716 11.284 30.082 42.54 12.666 28.404 39.518 11.729
5 24 14.834 49.98 16.059 15.434 51.389 16.182 16.619 49.513 16.292 12.835 52.271 16.033
5 24 9.459 49.291 16.234 5.11 50.992 16.386 7.673 46.739 15.955 9.636 52.213 16.336
5 24 12.801 32.71 13.909 13.55 39.072 15.271 16.896 36.842 14.76 8.98 34.137 14.371
5 24 -7.942 -4.435 -13.747 -5.242 -4.517 -15.878 -7.788 -2.787 -15.609 -5.441 -6.191 -13.745
5 24 -12.736 10.855 12.724 -10.901 13.525 15.259 -12.561 10.024 13.856 -11.466 14.546 14.532
5 24 -12.561 10.024 13.856 -12.002 9.267 14.318 -10.901 13.525 15.259 -13.285 6.222 12.042
5 24 25.358 49.473 15.572 27.006 49.979 15.335 25.847 48.969 14.658 25.834 49.829 16.246
5 24 16.168 .367 -3.594 13.455 -3.071 -4.989 12.882 -2.077 -6.199 16.115 -.537 -2.192
5 24 18.133 14.248 6.032 17.761 12.2 4.453 18.408 15.697 4.825 17.208 11.015 6.144
5 24 27.19 42.769 19.072 29.316 44.336 18.086 28.581 41.747 18.465 28.107 45.234 18.441
5 24 32.776 27.324 7.374 36.063 26.687 7.447 34.639 27.576 5.446 34.378 26.509 9.264
5 24 20.654 45.373 20.02 19.781 44.992 20.509 20.349 44.479 20.462 20.364 45.643 19.976
5 24 13.757 44.726 15.793 10.681 41.141 15.423 13.55 39.072 15.271 11.022 45.225 15.649
5 24 -1.954 17.57 20.219 -2.484 22.455 20.194 -.087 21.694 20.841 -4.789 17.57 19.263
5 24 -4.118 35.27 19.505 -7.687 32.278 18.312 -4.825 36.284 18.984 -5.818 30.769 19.226
5 24 3.704 -8.077 2.462 2.25 -8.709 4 2.927 -8.951 2.119 2.914 -8.035 4.619
5 24 -12.028 20.853 15.932 -10.399 19.003 16.453 -13.413 18.398 14.527 -8.685 26.243 18.171
5 24 4.025 .662 16.318 2.757 .214 16.062 1.786 3.618 17.039 3.581 -.915 15.75
5 24 -7.918 -5.377 -9.896 -11.84 -4.18 -8.9 -10.813 -3.217 -9.549 -8.436 -6.81 -9.25
5 24 14.439 -2.082 3.576 10.775 -5.708 4.406 13.31 -2.543 6.347 11.634 -5.393 1.741
5 24 9.971 -3.349 -8.739 8.686 -3.583 -7.696 7.845 -4.099 -8.897 11.022 -2.203 -7.343
5 24 37.785 37.765 4.466 38.423 38.018 5.271 37.007 38.621 5.888 38.95 36.248 3.835
5 24 21.263 51.588 19.102 19.912 52.302 17.695 19.485 50.668 19.442 21.4 52.373 18.402
5 24 24.368 51.416 18.489 23.725 50.888 19.296 25.07 50.111 17.436 22.807 51.862 18.701
5 24 2.757 .214 16.062 3.581 -.915 15.75 4.025 .662 16.318 2.692 -1.71 15.508
5 24 2.918 -8.015 8.776 .517 -7.627 10.05 4.116 -7.085 10.249 2.126 -8.474 7.633
5 24 .873 .191 -13.778 0 1.812 -12.07 -7.016 1.478 -14.381 3.748 1.213 -12.21
5 24 -12.561 10.024 13.856 -13.456 7.129 10.682 -12.736 10.855 12.724 -13.285 6.222 12.042
5 24 -1.891 -6.763 11.214 -3.878 -7.549 8.068 -.743 -8.383 8.096 -4.325 -6.665 9.338
5 24 17.372 15.948 1.296 13 14.514 0 13.235 16.69 2.274 16.97 14.429 -.471
5 24 14.865 10.188 9.149 15.716 6.517 8.301 15.119 6.842 6.947 15.318 10.21 10.663
5 24 28.449 24.813 11.713 27.661 25.027 13.873 29.554 25.97 13.674 25.752 23.504 11.874
5 24 34.981 29.53 4.729 35.064 31.156 5.09 36.089 31.706 3.308 33.535 30.529 7.039
5 24 36.929 27.565 1.266 37.11 28.389 .933 36.384 29.778 2.682 38.09 27.761 -.332
5 24 14.753 2.843 9.18 14.498 .605 8.104 15.926 3.315 6.395 12.997 .045 11.209
5 24 18.539 19.077 4.882 19.05 17.173 6.693 19.646 20.719 6.617 18.408 15.697 4.825
5 24 27.517 26.116 15.862 29.554 25.97 13.674 30.901 27.486 14.631 27.661 25.027 13.873
5 24 -.63 -10.459 -5.249 -.678 -10.976 -8.356 1.587 -10.524 -8.104 -2.893 -10.532 -8.258
5 24 18.788 27.413 10.452 16.034 26.321 10.5 18.022 29.292 11.619 18.897 25.474 9.277
5 24 12.835 52.271 16.033 14.834 49.98 16.059 11.914 51.206 15.993 15.434 51.389 16.182
5 24 -12.719 -5.083 -7.613 -9.151 -7.56 -4.891 -8.76 -8.158 -7.966 -12.899 -4.471 -4.339
5 24 14.673 46.797 20.503 15.336 48.855 18.994 13.469 47.173 19.484 16.088 48.068 20.196
5 24 1.797 -2.531 -15.563 .873 .191 -13.778 1.087 -2.572 -15.942 2.976 -1.272 -14.233
5 24 32.822 29.004 7.15 34.639 27.576 5.446 34.981 29.53 4.729 32.776 27.324 7.374
5 24 -10.611 -3.256 6.388 -10.518 -3.719 8.264 -12.293 -.534 7.272 -8.187 -5.893 7.469
5 24 .645 13.826 20.415 -1.101 10.51 18.511 .899 10.438 19.755 -1.512 14.222 19.068
5 24 -.542 -3.333 14.976 -3.806 -2.556 14.685 -1.608 -1.222 16.097 -3.268 -4.721 12.853
5 24 15.515 -1.227 .955 13.149 -4.453 -1.962 15.909 -1.159 -.653 12.514 -4.59 -.668
5 24 18.788 27.413 10.452 21.118 27.87 10.502 18.897 25.474 9.277 19.862 28.577 10.921
5 24 8.686 18.804 19.368 9.531 16.416 19.075 10.633 18.624 19.403 7.807 16.408 19.045
5 24 21.838 38.211 20.584 23.059 36.777 20.191 24.361 40.496 20 19.674 35.993 21.064
5 24 39.856 28.156 1.28 39.359 27.764 -.206 39.284 28.866 .08 39.64 27.397 1.186
5 24 5.746 -7.98 .121 4.466 -7.371 -.663 4.45 -7.017 -1.467 3.965 -7.934 2.534
5 24 -3.161 -5.85 11.49 -1.891 -6.763 11.214 -3.268 -4.721 12.853 -4.325 -6.665 9.338
5 24 36.808 39.339 12.022 36.035 41.265 13.855 36.631 41.698 12.907 35.784 38.467 13.456
5 24 -1.812 39.868 19.515 -2.386 40.298 19.601 -3.902 36.925 19.173 2.339 45.317 19.714
5 24 14.472 54.526 17.82 15.285 54.501 18.461 14.258 54.292 19.249 15.158 54.507 17.538
5 24 -3.902 36.925 19.173 -1.812 39.868 19.515 -3.27 37.144 19.347 -2.386 40.298 19.601
5 24 1.557 38.707 15.256 .129 32.936 14.641 -1.786 34.626 14.659 3.751 37.045 15.112
5 24 28.705 49.361 17.42 27.951 49.931 17.405 27.783 50.177 16.805 28.226 49.03 18.022
5 24 27.1 35.629 11.381 28.404 39.518 11.729 25.773 36.843 12.126 29.702 38.1 11.064
5 24 -18.111 17.475 5.185 -17.281 20.316 8.088 -18.198 19.217 3.757 -16.611 18.971 10.244
5 24 13.454 -3.866 -3.489 13.149 -4.453 -1.962 15.909 -1.159 -.653 10.497 -5.809 -4.318
5 24 12.106 52.992 16.733 12.835 52.271 16.033 13.668 53.226 16.167 11.143 51.607 16.513
5 24 30.782 45.257 17.27 31.77 44.441 16.866 31.917 46.1 16.434 30.391 43.339 17.59
5 24 28.975 49.642 16.233 29.41 48.694 17.021 28.705 49.361 17.42 29.104 49.614 15.182
5 24 -13.603 3.189 -13.683 -9.15 3.153 -13.352 -10.836 5.801 -11.76 -10.353 -.548 -15.006
5 24 7.859 12.519 18.169 11.348 13.148 17.798 7.749 14.785 18.731 10.997 9.486 16.544
5 24 12.835 52.271 16.033 15.434 51.389 16.182 13.668 53.226 16.167 14.834 49.98 16.059
5 24 16.97 14.429 -.471 17.847 13.857 2.996 17.54 12.235 .939 17.372 15.948 1.296
5 24 38.86 32.085 3.263 38.783 31.934 3.176 38.346 31.461 4.938 38.457 32.096 2.509
5 24 12.242 54.433 17.6 11.393 53.878 18.731 10.833 55.62 17.754 11.916 53.408 18.215
5 24 27.517 26.116 15.862 25.568 27.479 17.452 28.413 28.771 16.851 23.24 23.942 16.728
5 24 4.38 26.141 13.496 2.966 31.177 14.204 6.071 29.335 13.752 .716 28.663 13.933
5 24 11.417 -4.318 .647 12.514 -4.59 -.668 14.018 -1.174 2.362 8.972 -6.435 -1.731
5 24 21.259 46.434 19.302 21.955 45.659 19.977 23.194 46.72 19.559 20.654 45.373 20.02
5 24 32.634 30.482 7.692 32.255 33.01 7.811 30.463 31.568 8.68 33.584 31.24 7.175
5 24 14.296 22.849 8.773 16.034 26.321 10.5 16.185 22.49 7.5 12.703 26.263 11.768
5 24 16.045 54.381 17.524 15.285 54.501 18.461 16.273 54.338 18.378 15.158 54.507 17.538
5 24 -8.242 -5.54 -11.787 -10.813 -3.217 -9.549 -11.22 -3.18 -11.526 -7.918 -5.377 -9.896
5 24 -.967 32.489 20.458 -2.309 33.978 20.237 -5.818 30.769 19.226 2.132 36.412 21.184
5 24 27.84 46.97 14.864 28.147 47.9 14.626 27.363 47.428 14.636 28.479 47.416 14.975
5 24 10.997 9.486 16.544 13.393 9.506 15.186 11.122 5.735 14.93 14.05 12.674 16.254
5 24 24.422 51.801 17.648 22.493 52.459 17.834 23.652 52.113 16.218 22.807 51.862 18.701
5 24 14.435 33.643 21.854 15.995 32.238 21.46 19.674 35.993 21.064 11.666 27.585 21.54
5 24 26.029 42.05 13.646 22.702 39.41 14.247 24.397 37.937 13.321 24.737 43.172 14.223
5 24 -2.966 -7.436 -13.756 -5.441 -6.191 -13.745 -2.398 -6.113 -15.857 -5.395 -7.31 -11.841
2 24 4.239 -8.037 4.712 4.749 -7.917 5.076
5 24 11.111 .097 12.118 9.313 .329 12.633 8.811 -2.095 11.055 11.285 2.204 13.273
5 24 18.408 15.697 4.825 17.873 17.555 3.113 18.539 19.077 4.882 17.372 15.948 1.296
5 24 -15.839 17.598 11.764 -15.395 20.963 12.673 -14.647 20.175 13.737 -16.611 18.971 10.244
5 24 -1.891 -6.763 11.214 -4.325 -6.665 9.338 -3.878 -7.549 8.068 -3.161 -5.85 11.49
5 24 27.534 31.062 17.555 29.37 33.691 16.157 30.327 32.757 16.414 26.846 32.033 17.361
5 24 13.277 17.845 18.724 9.531 16.416 19.075 10.633 18.624 19.403 11.348 13.148 17.798
5 24 -5.798 13.539 18.622 -8.475 12.889 17.5 -8.312 15.184 17.678 -5.617 9.698 18.336
5 24 32.32 38.302 10.267 33.373 41.299 9.841 34.595 39.475 9.208 31.637 39.92 10.507
5 24 -7.429 18.707 10.371 -5.491 21.736 12.038 -7.107 23.156 11.746 -4.975 18 12.011
5 24 13.55 39.072 15.271 10.681 41.141 15.423 13.757 44.726 15.793 8.98 34.137 14.371
5 24 -13.722 23.372 14.646 -13.907 24.026 13.915 -11.52 28.36 15.954 -15.395 20.963 12.673
5 24 18.999 17.334 9.402 17.697 15.594 10.259 19.016 18.216 12.997 17.548 14.396 8.772
5 24 24.412 51.773 16.02 24.624 50.919 15.476 23.649 51.812 15.278 25.074 51.249 16.724
5 24 .645 13.826 20.415 4.095 11.23 19.86 3.952 14.023 20.568 .899 10.438 19.755
5 24 9.012 -1.138 -11.469 8.878 -2.95 -10.215 10.496 -2.034 -9.885 7.563 -1.444 -11.984
5 24 24.204 48.974 18.04 25.08 48.341 18.835 22.497 47.635 18.658 25.289 49.594 17.549
5 24 1.418 -9.6 -9.041 1.215 -8.668 -9.681 2.823 -8.393 -8.554 -.645 -9.938 -9.261
5 24 16.045 54.381 17.524 17.17 54.128 17.56 16.273 54.338 18.378 17.049 53.957 16.768
5 24 20.894 34.529 20.559 19.674 35.993 21.064 17.517 30.979 20.819 23.059 36.777 20.191
5 24 9.12 53.362 19.517 8.168 51.289 19.433 7.437 51.906 19.76 9.929 52.72 19.186
5 24 17.708 49.399 19.85 15.336 48.855 18.994 16.088 48.068 20.196 16.978 50.196 18.845
5 24 -10.619 -2.383 -13.399 -14.677 1.9 -12.058 -10.353 -.548 -15.006 -11.22 -3.18 -11.526
5 24 17.17 54.128 17.56 18.116 53.859 17.682 17.114 54.075 18.32 17.998 53.568 16.986
5 24 25.568 27.479 17.452 23.24 23.942 16.728 27.517 26.116 15.862 22.018 25.46 17.938
5 24 6.024 1.071 -11.623 6.376 2.469 -10.626 4.684 2.014 -11.308 9.012 -1.138 -11.469
5 24 9.862 28.924 21.974 11.666 27.585 21.54 14.435 33.643 21.854 7.96 23.191 21.515
5 24 28.705 49.361 17.42 29.41 48.694 17.021 28.51 48.563 17.981 28.975 49.642 16.233
5 24 24.25 46.299 14.818 24.165 47.587 14.848 23.641 46.999 14.876 25.479 47.473 14.625
5 24 10.518 6.586 -7.209 15.533 7.443 -7.223 11.314 8.263 -6.017 14.5 5.199 -8.738
5 24 3.091 -8.894 -5.854 4.392 -6.766 -7.613 3.103 -9.096 -7.764 4.279 -7.216 -5.498
5 24 -7.788 -2.787 -15.609 -7.016 1.478 -14.381 -2.311 -.935 -15.804 -10.353 -.548 -15.006
5 24 8.598 42.603 15.444 3.751 37.045 15.112 5.114 43.252 15.554 6.379 35.577 14.739
5 24 12.334 16.389 3.348 13.235 16.69 2.274 13 14.514 0 12.542 17.859 4.493
5 24 27.517 26.116 15.862 28.413 28.771 16.851 30.901 27.486 14.631 25.568 27.479 17.452
5 24 14.568 6.286 10.926 14.753 2.843 9.18 15.716 6.517 8.301 13.273 2.333 12.349
5 24 -7.644 -1.648 12.675 -6.544 1.583 14.481 -8.589 1.41 14.032 -5.031 -2.122 13.002
5 24 -7.918 -5.377 -9.896 -8.242 -5.54 -11.787 -5.395 -7.31 -11.841 -10.813 -3.217 -9.549
5 24 17.846 30.468 20.072 20.894 34.529 20.559 17.517 30.979 20.819 21.603 34.034 19.548
5 24 -5.808 -8.292 4.115 -5.622 -7.03 4.99 -8.956 -6.608 4.635 -2.64 -9.426 3.835
5 24 -16.611 18.971 10.244 -15.839 17.598 11.764 -15.395 20.963 12.673 -16.746 13.973 9.39
5 24 24.373 31.198 18.503 20.108 29.291 19.674 23.369 32.211 19.322 23.75 30.152 18.311
5 24 19.894 46.253 20.419 19.434 48.27 20.167 20.674 47.365 20.203 18.01 47.033 20.472
5 24 -9.151 -7.56 -4.891 -5.607 -9.148 -5.038 -5.758 -7.743 -2.097 -5.451 -9.598 -8.18
5 24 27.534 31.062 17.555 28.413 28.771 16.851 30.327 32.757 16.414 25.568 27.479 17.452
5 24 -5.441 -6.191 -13.745 -7.942 -4.435 -13.747 -5.242 -4.517 -15.878 -8.242 -5.54 -11.787
5 24 -2.398 -6.113 -15.857 -1.376 -3.824 -16.058 .147 -7.257 -15.316 -5.242 -4.517 -15.878
5 24 17.717 9.477 3.358 17.721 10.131 1.838 17.867 7.555 2.276 17.847 13.857 2.996
5 24 -5.491 21.736 12.038 -4.975 18 12.011 0 17.7 13 -7.429 18.707 10.371
5 24 17.54 12.235 .939 17.494 10.361 .172 17.288 10.979 -.739 17.721 10.131 1.838
5 24 38.483 32.296 2.526 38.766 32.895 1.831 37.833 32.49 2.016 39.38 32.94 2.442
5 24 38.309 36.162 3.19 37.785 37.765 4.466 38.95 36.248 3.835 36.916 37.103 3.829
5 24 13.284 5.963 13.87 11.285 2.204 13.273 11.122 5.735 14.93 13.273 2.333 12.349
5 24 21.838 38.211 20.584 24.361 40.496 20 23.059 36.777 20.191 23.024 41.734 20.202
5 24 3.231 -7.742 -1.894 4.163 -7.404 -.781 3.206 -8.626 -.745 4.095 -6.981 -1.589
5 24 -17.539 4.486 -6.06 -19.204 7.954 -2.758 -18.206 3.64 -4.897 -18.741 8.544 -3.722
5 24 28.413 28.771 16.851 31.618 29.753 15.279 30.901 27.486 14.631 30.327 32.757 16.414
5 24 10.681 41.141 15.423 8.598 42.603 15.444 11.022 45.225 15.649 6.379 35.577 14.739
5 24 29.636 47.194 13.672 28.459 46.404 13.887 29.137 45.612 13.01 28.566 46.992 14.938
5 24 7.96 23.191 21.515 10.125 22.058 20.835 11.666 27.585 21.54 8.165 18.772 20.592
5 24 13.55 39.072 15.271 8.98 34.137 14.371 12.801 32.71 13.909 10.681 41.141 15.423
5 24 -12.002 9.267 14.318 -11.533 5.331 13.684 -11.151 8.891 14.954 -13.285 6.222 12.042
5 24 18.01 47.033 20.472 16.841 45.092 20.87 19.731 45.629 20.494 16.088 48.068 20.196
5 24 23.649 51.812 15.278 24.412 51.773 16.02 24.624 50.919 15.476 23.652 52.113 16.218
5 24 12.195 44.559 20.913 13.469 47.173 19.484 11.385 45.171 20.251 14.673 46.797 20.503
5 24 17.517 30.979 20.819 19.674 35.993 21.064 15.995 32.238 21.46 20.894 34.529 20.559
5 24 -.71 29.363 20.589 -2.484 22.455 20.194 -4.819 23.159 19.46 1.289 27.846 21.19
5 24 21.551 43.391 20.346 23.593 45.923 19.659 21.955 45.659 19.977 24.02 45.212 19.611
5 24 33.186 45.204 13.729 32.796 44.396 13.92 32.689 44.388 13.328 33.091 45.237 14.891
5 24 -1.376 -3.824 -16.058 -5.242 -4.517 -15.878 -2.398 -6.113 -15.857 -2.311 -.935 -15.804
5 24 10.188 54.295 16.941 10.833 55.62 17.754 7.704 53.056 16.646 11.372 53.743 16.787
5 24 3.672 -6.342 -13.147 4.191 -3.011 -13.346 3.007 -4.297 -14.78 4.683 -4.815 -11.773
5 24 -14.167 16.754 -4.478 -12.572 14.963 -2.155 -12.156 12.812 -4.247 -14.639 18.297 -2.421
5 24 4.323 -6.94 -2.715 4.279 -7.216 -5.498 4.913 -6.051 -5.41 3.676 -7.754 -3.116
5 24 .716 28.663 13.933 -1.865 30.568 14.21 -4.599 26.721 13.304 .129 32.936 14.641
5 24 -13.907 24.026 13.915 -11.824 26.325 12.37 -13.73 23.129 10.025 -11.52 28.36 15.954
5 24 15.909 -1.159 -.653 16.943 2.185 2.366 15.515 -1.227 .955 17.394 2.852 .765
5 24 17.868 53.857 18.535 18.713 52.9 18.576 18.682 53.115 17.863 18.191 52.553 19.39
5 24 14.634 52.2 20.018 16.91 53.792 19.302 18.191 52.553 19.39 14.258 54.292 19.249
5 24 -15.437 12.749 11.081 -16.176 8.85 8.718 -14.736 7.664 10.236 -16.746 13.973 9.39
5 24 16.115 -.537 -2.192 17.308 2.7 0 17.243 2.852 -.765 15.909 -1.159 -.653
5 24 33.535 30.529 7.039 34.981 29.53 4.729 35.064 31.156 5.09 32.822 29.004 7.15
5 24 13.149 -4.453 -1.962 9.891 -6.318 -2.959 10.497 -5.809 -4.318 12.514 -4.59 -.668
5 24 -10.836 5.801 -11.76 -9.192 4 -9.192 -9.15 3.153 -13.352 -10.498 7.501 -7.239
5 24 24.806 29.947 10.675 25.037 24.986 9.223 28.074 26.28 9.435 22.662 28.459 10.602
5 24 35.439 31.572 5.428 35.064 31.156 5.09 36.089 31.706 3.308 33.682 30.866 7.21
5 24 13.757 44.726 15.793 16.169 47.25 16.005 13.862 47.816 15.903 16.908 43.362 15.713
5 24 22.018 25.46 17.938 17.651 22.124 18.457 20.815 26.925 18.904 19.324 20.829 17.234
5 24 32.32 38.302 10.267 29.702 38.1 11.064 31.637 39.92 10.507 30.759 37.008 10.876
5 24 37.833 32.49 2.016 36.923 32.899 2.603 37.065 32.547 2.591 37.782 32.994 1.68
5 24 16.954 18.294 17.36 17.247 16.332 13.516 19.016 18.216 12.997 15.619 16.282 17.143
5 24 5.008 -1.743 -12.178 4.872 .044 -12.514 3.941 .027 -12.948 5.419 -2.111 -11.645
5 24 -1.101 10.51 18.511 -1.392 6.463 19.05 .197 7.083 17.998 -2.756 10.464 19.425
5 24 1.033 21.14 20.19 -.087 21.694 20.841 3.26 26.373 21.565 -1.954 17.57 20.219
5 24 18.369 37.608 21.244 21.838 38.211 20.584 19.674 35.993 21.064 20.534 39.669 20.715
5 24 12.78 13.672 -1.108 16.97 14.429 -.471 13 14.514 0 16.741 13.268 -1.768
5 24 32.904 36.677 10.054 32.466 35.958 8.779 33.39 36.568 8.129 31.62 35.828 10.648
5 24 23.369 32.211 19.322 20.108 29.291 19.674 22.334 33.218 19.882 24.373 31.198 18.503
5 24 12.106 52.992 16.733 9.636 52.213 16.336 11.143 51.607 16.513 11.372 53.743 16.787
5 24 6.024 1.071 -11.623 3.748 1.213 -12.21 4.684 2.014 -11.308 4.872 .044 -12.514
5 24 19.862 28.577 10.921 19.984 30.872 11.872 21.303 30.077 11.343 18.712 29.37 11.483
5 24 10.833 55.62 17.754 7.704 53.056 16.646 10.188 54.295 16.941 6.202 53.009 18.598
5 24 26.91 45.415 14.227 28.459 46.404 13.887 27.361 44.692 13.616 27.994 46.715 14.844
5 24 -1.512 14.222 19.068 -2.824 14.261 19.781 -.873 17.141 19.511 -2.756 10.464 19.425
5 24 12.997 .045 11.209 14.498 .605 8.104 14.753 2.843 9.18 11.834 -2.938 9.472
5 24 9.07 5.695 15.418 8.694 1.572 15.48 9.393 2.246 13.793 8.369 5.054 16.912
5 24 28.106 50.08 15.21 27.239 49.27 14.59 28.02 49.208 14.525 27.006 49.979 15.335
5 24 1.008 -10.33 -.968 .646 -8.975 -2.284 3.206 -8.626 -.745 -2.667 -10.217 -.915
5 24 34.935 29.579 12.298 33.193 31.139 14.387 33.125 28.862 13.64 34.961 32.303 13.089
5 24 37.035 32.401 2.486 37.833 32.49 2.016 37.934 32.262 2.058 37.065 32.547 2.591
5 24 8.443 54.603 18.851 9.12 53.362 19.517 7.437 51.906 19.76 10.398 54.001 19.422
5 24 9.531 16.416 19.075 11.348 13.148 17.798 13.277 17.845 18.724 7.749 14.785 18.731
5 24 36.808 39.339 12.022 36.249 38.682 10.213 37.036 39.803 11.626 35.784 38.467 13.456
5 24 20.306 28.008 18.969 20.815 26.925 18.904 24.431 29.259 18.31 15.524 24.424 19.404
5 24 21.629 42.389 15.384 21.735 41.889 15.157 24.29 43.655 14.694 20.31 41.364 15.318
5 24 .614 37.841 20.875 3.572 44.46 20.773 -.815 39.074 20.37 5.079 43.239 21.178
5 24 37.031 30.69 10.212 36.742 33.403 11.33 38.07 34.349 9.452 34.961 32.303 13.089
5 24 16.198 50.9 19.747 14.634 52.2 20.018 14.684 49.524 20.045 18.191 52.553 19.39
5 24 24.397 37.937 13.321 28.03 40.178 13.058 27.3 40.937 12.996 25.186 37.188 13.402
5 24 15.191 19.977 18.709 16.954 18.294 17.36 17.651 22.124 18.457 13.277 17.845 18.724
5 24 -18.284 14.258 4.232 -17.624 11.938 6.247 -18.718 11.651 2.321 -17.244 14.535 7.725
5 24 -4.789 17.57 19.263 -4.819 23.159 19.46 -2.484 22.455 20.194 -7.743 17.56 18.135
5 24 23.593 45.923 19.659 21.955 45.659 19.977 23.194 46.72 19.559 21.551 43.391 20.346
5 24 35.611 40.388 8.543 35.75 42.497 10.24 36.821 39.706 9.035 34.746 42.194 9.492
5 24 -18.881 14.833 -1.1 -18.769 16.535 .223 -18.22 17.227 -2.19 -18.284 14.258 4.232
5 24 -15.935 2.543 5.755 -14.738 -.763 4.366 -13.346 -1.013 6.473 -15.937 -.242 1.951
5 24 13.007 53.618 19.65 12.574 53.792 17.446 11.916 53.408 18.215 14.258 54.292 19.249
5 24 16.115 -.537 -2.192 17.257 3.286 -1.414 16.168 .367 -3.594 17.243 2.852 -.765
5 24 31.77 44.441 16.866 31.8 43.484 15.772 32.299 43.923 15.205 30.391 43.339 17.59
5 24 18.914 31.412 12.393 16.006 31.188 12.921 17.922 29.985 11.952 19.463 35.09 13.833
5 24 -18.405 11.255 -4.498 -18.136 12.452 -5.499 -18.602 14.149 -3.206 -18.01 9.163 -6.022
5 24 27.84 46.97 14.864 27.363 47.428 14.636 28.147 47.9 14.626 26.561 46.004 14.925
5 24 10.249 37.922 21.72 8.159 40.375 21.183 14.339 42.197 21.383 3.596 34.847 21.195
5 24 33.535 30.529 7.039 33.682 30.866 7.21 35.064 31.156 5.09 32.634 30.482 7.692
5 24 13.455 -3.071 -4.989 13.454 -3.866 -3.489 16.115 -.537 -2.192 10.407 -5.213 -5.759
5 24 -2.774 -9.493 -9.284 -2.893 -10.532 -8.258 -.645 -9.938 -9.261 -5.451 -9.598 -8.18
5 24 32.861 43.957 14.628 34.957 43.781 14.386 34.303 43.321 15.209 32.998 44.116 13.837
5 24 9.891 -6.318 -2.959 7.505 -6.944 -3.422 8.972 -6.435 -1.731 8.564 -6.463 -4.63
5 24 20.544 52.614 17.071 19.846 52.155 17.266 19.912 52.302 17.695 19.691 52.015 16.59
5 24 5.1 -8.24 2.251 7.593 -7.615 3.105 4.495 -8.106 3.694 5.746 -7.98 .121
5 24 21.735 41.889 15.157 20.31 41.364 15.318 20.128 40.375 15.068 21.629 42.389 15.384
5 24 5.456 32.806 21.691 -.71 29.363 20.589 3.596 34.847 21.195 1.289 27.846 21.19
5 24 34.935 29.579 12.298 33.518 28.759 12.037 33.125 28.862 13.64 34.444 29.144 11.142
5 24 16.273 54.338 18.378 17.17 54.128 17.56 17.114 54.075 18.32 16.045 54.381 17.524
5 24 25.044 50.467 15.883 25.074 51.249 16.724 24.624 50.919 15.476 25.346 50.378 16.8
5 24 10.633 18.624 19.403 8.686 18.804 19.368 9.531 16.416 19.075 11.29 20.754 19.725
5 24 24.809 48.26 14.78 25.358 49.473 15.572 25.847 48.969 14.658 24.442 48.73 15.32
5 24 -2.869 41.212 15.651 1.557 38.707 15.256 1.401 46.784 16.057 -1.786 34.626 14.659
5 24 24.657 33.215 11.477 23.275 34.292 12.205 23.08 31.771 11.478 25.773 36.843 12.126
5 24 33.047 26.201 10.181 34.637 27.199 10.104 33.274 27.002 11.191 34.378 26.509 9.264
5 24 13.935 26.14 20.302 11.976 22.188 20.195 10.608 21.83 20.017 14.857 25.728 20.393
5 24 -1.812 39.868 19.515 2.339 45.317 19.714 -2.386 40.298 19.601 -1.415 39.558 19.515
5 24 22.702 39.41 14.247 20.128 40.375 15.068 19.463 35.09 13.833 21.819 41.385 14.889
5 24 19.809 40.576 20.231 19.177 41.752 20.896 21.551 43.391 20.346 16.699 39.737 21.352
5 24 16.223 9.843 -5.25 11.314 8.263 -6.017 12.011 9.739 -4.975 15.533 7.443 -7.223
5 24 19.016 18.216 12.997 19.324 20.829 17.234 16.954 18.294 17.36 21.123 20.683 14.27
5 24 7.125 48.324 20.804 8.71 50.838 19.264 9.501 50.562 20.632 6.332 48.732 19.627
5 24 30.753 47.723 14.637 29.99 47.523 15.69 29.73 47.559 14.783 30.926 47.546 15.317
5 24 20.674 47.365 20.203 22.497 47.635 18.658 22.119 49.14 19.809 21.259 46.434 19.302
5 24 13.007 53.618 19.65 11.916 53.408 18.215 12.574 53.792 17.446 11.336 52.136 20.146
5 24 14.472 54.526 17.82 15.158 54.507 17.538 15.285 54.501 18.461 14.304 54.295 17.055
5 24 -17.693 3.925 -1.727 -15.486 .839 .317 -16.604 4.481 1.671 -16.128 -.337 -3.251
5 24 33.186 45.204 13.729 32.038 46.699 13.46 32.982 45.222 13.04 32.382 46.694 14.458
5 24 18.022 29.292 11.619 18.788 27.413 10.452 19.862 28.577 10.921 16.034 26.321 10.5
5 24 10.561 20.693 9.956 12.933 20.234 6.916 14.296 22.849 8.773 9.192 17.43 9.192
5 24 25.757 32.339 11.197 24.657 33.215 11.477 24.199 31.006 11.212 27.1 35.629 11.381
5 24 28.362 43.828 13.1 29.137 45.612 13.01 29.803 44.947 12.697 27.361 44.692 13.616
5 24 29.43 46.151 17.664 29.316 44.336 18.086 30.782 45.257 17.27 28.107 45.234 18.441
5 24 8.285 46.446 15.664 7.673 46.739 15.955 9.459 49.291 16.234 5.114 43.252 15.554
5 24 17.055 47.886 15.998 17.828 48.957 16.049 18.293 48.596 15.796 17.223 49.154 16.427
5 24 22.364 50.338 15.238 19.521 50.21 15.658 21.715 48.578 15.24 20.826 52.093 15.534
5 24 11.231 .518 -10.706 12.19 -1.65 -8.31 14.132 .905 -7.511 10.496 -2.034 -9.885
5 24 32.861 43.957 14.628 32.796 44.396 13.92 32.998 44.116 13.837 32.696 44.241 14.663
5 24 14.435 33.643 21.854 17.341 38.576 20.69 13.225 34.697 21.119 18.369 37.608 21.244
5 24 12.824 22.01 19.645 16.15 23.377 19.318 13.445 21.164 19.447 15.524 24.424 19.404
5 24 12.882 -2.077 -6.199 13.455 -3.071 -4.989 16.168 .367 -3.594 10.407 -5.213 -5.759
5 24 -16.717 6.477 -9.806 -16.992 5.514 -8.178 -14.677 1.9 -12.058 -17.581 9.862 -7.631
5 24 32.861 43.957 14.628 34.303 43.321 15.209 34.957 43.781 14.386 32.49 43.556 15.151
5 24 11.393 23.396 11.017 10.561 20.693 9.956 14.296 22.849 8.773 7.356 21.482 12.383
5 24 8.686 -3.583 -7.696 7.845 -4.099 -8.897 9.971 -3.349 -8.739 6.426 -4.241 -8.101
5 24 5.333 -3.736 -10.288 5.539 -3.723 -9.882 5.008 -1.743 -12.178 5.1 -4.507 -8.88
5 24 33.419 27.848 12.017 32.806 28.336 12.793 33.518 28.759 12.037 31.905 27.502 13.328
5 24 26.846 32.033 17.361 26.618 32.749 17.938 29.086 34.503 17.222 24.373 31.198 18.503
5 24 29.702 38.1 11.064 31.637 39.92 10.507 28.404 39.518 11.729 32.32 38.302 10.267
5 24 21.735 41.889 15.157 24.29 43.655 14.694 21.629 42.389 15.384 21.819 41.385 14.889
5 24 13.042 50.861 20.352 13.007 53.618 19.65 11.336 52.136 20.146 14.634 52.2 20.018
5 24 -2.309 33.978 20.237 -4.118 35.27 19.505 -.815 39.074 20.37 -5.818 30.769 19.226
5 24 13.393 9.506 15.186 11.122 5.735 14.93 10.997 9.486 16.544 13.284 5.963 13.87
5 24 7.175 12.12 19.402 7.859 12.519 18.169 7.102 14.386 19.936 7.585 8.833 18.408
5 24 28.886 47.569 16.62 29.41 48.694 17.021 29.636 48.584 15.577 28.51 48.563 17.981
5 24 31.379 35.093 9.287 31.62 35.828 10.648 29.026 33.933 11.225 32.466 35.958 8.779
5 24 29.554 25.97 13.674 30.063 25.393 11.416 28.449 24.813 11.713 31.175 26.604 13.093
5 24 35.439 31.572 5.428 35.241 31.971 5.399 33.584 31.24 7.175 36.504 32.127 3.599
5 24 22.018 25.46 17.938 25.568 27.479 17.452 23.24 23.942 16.728 24.431 29.259 18.31
5 24 8.759 47.146 21.012 10.515 45.855 20.872 11.145 49.233 20.716 6.746 41.876 21.296
5 24 5.008 -1.743 -12.178 5.539 -3.723 -9.882 5.419 -2.111 -11.645 5.333 -3.736 -10.288
5 24 5.523 -4.771 -7.966 5.742 -4.344 -8.479 6.426 -4.241 -8.101 4.912 -5.089 -8.064
5 24 5.523 -4.771 -7.966 4.912 -5.089 -8.064 5.084 -5.174 -7.625 5.742 -4.344 -8.479
5 24 3.748 1.213 -12.21 3.941 .027 -12.948 4.872 .044 -12.514 .873 .191 -13.778
5 24 29.181 47.133 16.36 29.114 47.846 15.846 29.176 47.201 15.746 28.886 47.569 16.62
5 24 12.334 16.389 3.348 12.542 17.859 4.493 12.011 16.702 4.975 13.235 16.69 2.274
5 24 32.299 43.923 15.205 32.013 43.161 15.623 31.8 43.484 15.772 32.49 43.556 15.151
5 24 2.966 31.177 14.204 6.379 35.577 14.739 .129 32.936 14.641 6.071 29.335 13.752
5 24 17.462 6.114 -1.414 17.108 5.759 -2.755 17.393 5.465 -1.848 17.297 7.693 -1.618
5 24 16.115 -.537 -2.192 17.243 2.852 -.765 17.308 2.7 0 17.257 3.286 -1.414
5 24 17.598 4.7 2 17.399 4.444 3.094 17.504 3.935 1.848 17.725 5.465 1.848