0 Minifig Hair Female, Parted on Left with  2 Long Braids Over Shoulders
0 Name: 41615.dat
0 Author: Lisa Winter [LisaWinter]
0 !LDRAW_ORG Unofficial_Part
0 !LICENSE Licensed under CC BY 4.0 : see CAreadme.txt

0 BFC CERTIFY CCW

0 !CATEGORY Minifig Headwear

0 !HISTORY 2024-10-22 {LEGO Instructions App} Original part shape
0 !HISTORY 2024-10-22 [LisaWinter] File preparation for LDraw Parts Tracker

0 // Inside
1 16 0 -4.8 0 1 0 0 0 -1.2 0 0 0 1 stud4o.dat

0 BFC INVERTNEXT
1 16 0 4 0 0 0 8 0 -6.4 0 8 0 0 t04o6250.dat
0 BFC INVERTNEXT
1 16 0 4 0 -8 0 0 0 -6.4 0 0 0 8 t04o6250.dat
0 BFC INVERTNEXT
1 16 0 4 0 -8 0 0 0 -6.4 0 0 0 -8 t08o6250.dat
0 BFC INVERTNEXT
1 16 0 4 0 8 0 0 0 -6.4 0 0 0 -8 t16o6250.dat

4 16 0 0 -8 3.062 0 -7.391 3.794 .305 -9.159 0 .305 -9.914
4 16 3.062 0 -7.391 5.657 0 -5.657 7.01 .305 -7.01 3.794 .305 -9.159
4 16 5.657 0 -5.657 7.391 0 -3.062 9.159 .305 -3.794 7.01 .305 -7.01
4 16 7.01 .305 -7.01 9.159 .305 -3.794 10.658 1.172 -4.414 8.157 1.172 -8.157
4 16 -5.657 0 -5.657 -3.062 0 -7.391 -3.794 .305 -9.159 -7.01 .305 -7.01
4 16 -8.157 1.172 -8.157 -4.414 1.172 -10.658 -4.83 2.469 -11.659 -8.923 2.469 -8.923
4 16 -7.01 .305 -7.01 -3.794 .305 -9.159 -4.414 1.172 -10.658 -8.157 1.172 -8.157
4 16 -3.062 0 -7.391 0 0 -8 0 .305 -9.914 -3.794 .305 -9.159
4 16 -3.794 .305 -9.159 0 .305 -9.914 0 1.172 -11.535 -4.414 1.172 -10.658

4 16 10.962 4 -6.544 12.01 4 -4.975 12.011 6.276 -4.975 11.419 5.312 -5.86
4 16 12.01 4 -4.975 10.962 4 -6.544 9.951 2.469 -7.386 11.659 2.469 -4.83
4 16 8.157 1.172 -8.157 10.658 1.172 -4.414 11.659 2.469 -4.83 9.951 2.469 -7.386
3 16 7.01 .305 -7.01 8.157 1.172 -8.157 5.34 .855 -9.34
4 16 7.01 .305 -7.01 5.34 .855 -9.34 4.212 .889 -10.168 3.794 .305 -9.159
3 16 3.794 .305 -9.159 4.212 .889 -10.168 2.925 1.172 -10.954
4 16 3.794 .305 -9.159 2.925 1.172 -10.954 0 1.172 -11.535 0 .305 -9.914
3 16 0 1.172 -11.535 2.925 1.172 -10.954 0 1.825 -12.081
4 16 0 1.825 -12.081 -2.852 2.469 -12.052 -4.414 1.172 -10.658 0 1.172 -11.535
3 16 -4.414 1.172 -10.658 -2.852 2.469 -12.052 -4.83 2.469 -11.659
3 16 -4.83 2.469 -11.659 -2.852 2.469 -12.052 -6.519 3.1 -11.449
3 16 -4.83 2.469 -11.659 -6.519 3.1 -11.449 -8.923 2.469 -8.923
3 16 -9.192 4 -9.192 -8.923 2.469 -8.923 -6.519 3.1 -11.449
3 16 -9.192 4.501 -9.192 -9.192 4 -9.192 -6.519 3.1 -11.449
4 16 12.627 8.985 -1.873 12.011 6.276 -4.975 12.01 4 -4.975 13 4 0
3 16 12.627 8.985 -1.873 13 4 0 13.104 12.134 -1.024
3 16 13.104 12.134 -1.024 13 4 0 13.928 20.723 -.201
3 16 13.104 12.134 -1.024 13.928 20.723 -.201 13.129 15.599 -1.462
3 16 13.129 15.599 -1.462 13.928 20.723 -.201 12.665 15.906 -3.196
3 16 12.665 15.906 -3.196 13.928 20.723 -.201 13.237 20.753 -3.106
3 16 12.665 15.906 -3.196 13.237 20.753 -3.106 12.617 18.101 -5.463
3 16 12.617 18.101 -5.463 13.237 20.753 -3.106 12.271 21.102 -6.07
3 16 12.617 18.101 -5.463 12.271 21.102 -6.07 12.496 18.116 -7.124
3 16 12.496 18.116 -7.124 12.271 21.102 -6.07 11.632 21.343 -8.012
4 16 10.947 22.698 -10.239 11.941 19.21 -8.883 12.496 18.116 -7.124 11.632 21.343 -8.012
3 16 11.941 19.21 -8.883 10.947 22.698 -10.239 11.591 22.261 -10.602
4 16 -9.192 4 -9.192 -9.192 4.501 -9.192 -10.9 5.777 -6.636 -12.011 4 -4.975
3 16 -12.011 4 -4.975 -10.9 5.777 -6.636 -12.011 7.213 -4.975
3 16 -12.011 4 -4.975 -12.011 7.213 -4.975 -13.064 9.028 -1.638
3 16 -12.011 4 -4.975 -13.064 9.028 -1.638 -13 4 0
3 16 -13 4 0 -13.064 9.028 -1.638 -13.134 11.981 -.582
3 16 13 4 0 12.01 4 4.975 13.928 20.723 -.201
3 16 13.928 20.723 -.201 12.01 4 4.975 13.787 20.909 3.343
3 16 13.787 20.909 3.343 12.01 4 4.975 11.392 21.321 7.982
3 16 11.392 21.321 7.982 12.01 4 4.975 9.192 4 9.192
3 16 11.392 21.321 7.982 9.192 4 9.192 9.284 20.655 10.383
3 16 9.284 20.655 10.383 9.192 4 9.192 8.251 21.013 10.908
3 16 8.251 21.013 10.908 9.192 4 9.192 6.888 21.038 11.585
3 16 6.888 21.038 11.585 9.192 4 9.192 4.975 4 12.011
3 16 6.888 21.038 11.585 4.975 4 12.011 4.75 20.256 12.137
3 16 4.75 20.256 12.137 4.975 4 12.011 2.318 19.197 12.758
3 16 2.318 19.197 12.758 4.975 4 12.011 0 4 13
3 16 2.318 19.197 12.758 0 4 13 -.091 18.152 13.299
3 16 -.091 18.152 13.299 0 4 13 -1.885 19.486 13.064
3 16 -1.885 19.486 13.064 0 4 13 -4.975 4 12.01
3 16 -1.885 19.486 13.064 -4.975 4 12.01 -4.975 20.911 12.011
3 16 -4.975 20.911 12.011 -4.975 4 12.01 -8.141 21.769 10.57
3 16 -8.141 21.769 10.57 -4.975 4 12.01 -9.192 4 9.192
3 16 -8.141 21.769 10.57 -9.192 4 9.192 -10.6 21.644 8.226
3 16 -10.6 21.644 8.226 -9.192 4 9.192 -12.011 4 4.975
3 16 -10.6 21.644 8.226 -12.011 4 4.975 -12.011 21.764 4.975
3 16 -12.011 21.764 4.975 -12.011 4 4.975 -13.144 21.671 1.915
3 16 -13 4 0 -13.144 21.671 1.915 -12.011 4 4.975
3 16 -13 4 0 -13.134 11.981 -.582 -13.144 21.671 1.915
3 16 -13.134 11.981 -.582 -13.154 14.262 -.61 -13.144 21.671 1.915
3 16 -13.144 21.671 1.915 -13.154 14.262 -.61 -13.23 15.928 -1.247
4 16 -13.032 18.14 -2.93 -12.946 21.417 -1.795 -13.144 21.671 1.915 -13.23 15.928 -1.247
3 16 -12.946 21.417 -1.795 -13.032 18.14 -2.93 -11.945 19.008 -5.611
3 16 -12.946 21.417 -1.795 -11.945 19.008 -5.611 -11.747 21.886 -6.653
3 16 -11.747 21.886 -6.653 -11.945 19.008 -5.611 -11.103 20.293 -7.641
3 16 -11.747 21.886 -6.653 -11.103 20.293 -7.641 -10.77 21.997 -9.137

2 24 2.318 19.197 12.758 4.75 20.256 12.137
2 24 -12.011 21.764 4.975 -10.6 21.644 8.226
2 24 13.104 12.134 -1.024 12.627 8.985 -1.873
2 24 -9.192 4.501 -9.192 -10.9 5.777 -6.636
2 24 -13.134 11.981 -.582 -13.154 14.262 -.61
2 24 -13.064 9.028 -1.638 -13.134 11.981 -.582
2 24 0 1.825 -12.081 -2.852 2.469 -12.052
2 24 -13.032 18.14 -2.93 -11.945 19.008 -5.611
2 24 -.091 18.152 13.299 2.318 19.197 12.758
2 24 -12.946 21.417 -1.795 -13.144 21.671 1.915
2 24 -13.144 21.671 1.915 -12.011 21.764 4.975
2 24 12.665 15.906 -3.196 13.129 15.599 -1.462
2 24 12.627 8.985 -1.873 12.011 6.276 -4.975
2 24 2.925 1.172 -10.954 0 1.825 -12.081
2 24 4.75 20.256 12.137 6.888 21.038 11.585
2 24 13.129 15.599 -1.462 13.104 12.134 -1.024
2 24 -2.852 2.469 -12.052 -6.519 3.1 -11.449
2 24 -11.747 21.886 -6.653 -12.946 21.417 -1.795
2 24 8.157 1.172 -8.157 5.34 .855 -9.34
2 24 -10.6 21.644 8.226 -8.141 21.769 10.57
2 24 -10.9 5.777 -6.636 -12.011 7.213 -4.975
2 24 -13.154 14.262 -.61 -13.23 15.928 -1.247
2 24 -8.141 21.769 10.57 -4.975 20.911 12.011
2 24 -13.23 15.928 -1.247 -13.032 18.14 -2.93
2 24 -12.011 7.213 -4.975 -13.064 9.028 -1.638
2 24 12.011 6.276 -4.975 11.419 5.312 -5.86
2 24 9.951 2.469 -7.386 8.157 1.172 -8.157
2 24 10.962 4 -6.544 9.951 2.469 -7.386
2 24 6.888 21.038 11.585 8.251 21.013 10.908
2 24 -6.519 3.1 -11.449 -9.192 4.501 -9.192
2 24 -1.885 19.486 13.064 -.091 18.152 13.299
2 24 -4.975 20.911 12.011 -1.885 19.486 13.064
2 24 12.271 21.102 -6.07 11.632 21.343 -8.012
2 24 9.284 20.655 10.383 11.392 21.321 7.982
2 24 -11.103 20.293 -7.641 -10.77 21.997 -9.137
2 24 -11.945 19.008 -5.611 -11.103 20.293 -7.641
2 24 11.941 19.21 -8.883 12.496 18.116 -7.124
2 24 13.928 20.723 -.201 13.237 20.753 -3.106
2 24 -10.77 21.997 -9.137 -11.747 21.886 -6.653
2 24 10.947 22.698 -10.239 11.591 22.261 -10.602
2 24 12.496 18.116 -7.124 12.617 18.101 -5.463
2 24 13.237 20.753 -3.106 12.271 21.102 -6.07
2 24 11.392 21.321 7.982 13.787 20.909 3.343
2 24 12.617 18.101 -5.463 12.665 15.906 -3.196
2 24 8.251 21.013 10.908 9.284 20.655 10.383
2 24 13.787 20.909 3.343 13.928 20.723 -.201
2 24 11.632 21.343 -8.012 10.947 22.698 -10.239
2 24 5.34 .855 -9.34 4.212 .889 -10.168
2 24 4.212 .889 -10.168 2.925 1.172 -10.954
2 24 10.962 4 -6.544 11.419 5.312 -5.86

5 24 -12.011 7.213 -4.975 -12.011 4 -4.975 -10.9 5.777 -6.636 -13.064 9.028 -1.638
5 24 -13.134 11.981 -.582 -13 4 0 -13.144 21.671 1.915 -13.064 9.028 -1.638
5 24 -13 4 0 -13.144 21.671 1.915 -13.134 11.981 -.582 -12.011 4 4.975
5 24 9.192 4 9.192 11.392 21.321 7.982 9.284 20.655 10.383 12.01 4 4.975
5 24 13.237 20.753 -3.106 12.617 18.101 -5.463 12.665 15.906 -3.196 12.271 21.102 -6.07
5 24 -6.519 3.1 -11.449 -8.923 2.469 -8.923 -4.83 2.469 -11.659 -9.192 4 -9.192
5 24 12.496 18.116 -7.124 11.632 21.343 -8.012 12.271 21.102 -6.07 11.941 19.21 -8.883
5 24 5.657 0 -5.657 7.391 0 -3.062 5.543 0 -2.296 9.159 .305 -3.794
5 24 12.665 15.906 -3.196 13.237 20.753 -3.106 13.928 20.723 -.201 12.617 18.101 -5.463
5 24 7.01 .305 -7.01 5.657 0 -5.657 7.391 0 -3.062 3.794 .305 -9.159
5 24 -8.141 21.769 10.57 -4.975 4 12.01 -9.192 4 9.192 -4.975 20.911 12.011
5 24 2.318 19.197 12.758 0 4 13 4.975 4 12.011 -.091 18.152 13.299
5 24 0 4 13 -.091 18.152 13.299 2.318 19.197 12.758 -1.885 19.486 13.064
5 24 0 .305 -9.914 0 0 -8 -3.794 .305 -9.159 3.062 0 -7.391
5 24 9.159 .305 -3.794 7.01 .305 -7.01 5.657 0 -5.657 10.658 1.172 -4.414
5 24 9.284 20.655 10.383 9.192 4 9.192 8.251 21.013 10.908 11.392 21.321 7.982
5 24 -13.144 21.671 1.915 -13.134 11.981 -.582 -13 4 0 -13.154 14.262 -.61
5 24 13.928 20.723 -.201 13.104 12.134 -1.024 13 4 0 13.129 15.599 -1.462
5 24 0 1.172 -11.535 -4.414 1.172 -10.658 -3.794 .305 -9.159 -2.852 2.469 -12.052
5 24 -3.794 .305 -9.159 0 .305 -9.914 -3.062 0 -7.391 0 1.172 -11.535
5 24 10.658 1.172 -4.414 8.157 1.172 -8.157 9.951 2.469 -7.386 7.01 .305 -7.01
5 24 -5.657 0 -5.657 -3.062 0 -7.391 -3.794 .305 -9.159 -2.296 0 -5.543
5 24 3.062 0 -7.391 5.657 0 -5.657 4.243 0 -4.243 7.01 .305 -7.01
5 24 -13.064 9.028 -1.638 -13 4 0 -13.134 11.981 -.582 -12.011 4 -4.975
5 24 3.062 0 -7.391 3.794 .305 -9.159 0 .305 -9.914 5.657 0 -5.657
5 24 0 1.172 -11.535 0 1.825 -12.081 2.925 1.172 -10.954 -2.852 2.469 -12.052
5 24 4.75 20.256 12.137 4.975 4 12.011 2.318 19.197 12.758 6.888 21.038 11.585
5 24 -10.6 21.644 8.226 -9.192 4 9.192 -8.141 21.769 10.57 -12.011 4 4.975
5 24 12.01 4 4.975 13.787 20.909 3.343 13.928 20.723 -.201 11.392 21.321 7.982
5 24 -1.885 19.486 13.064 0 4 13 -4.975 4 12.01 -.091 18.152 13.299
5 24 -11.945 19.008 -5.611 -12.946 21.417 -1.795 -13.032 18.14 -2.93 -11.747 21.886 -6.653
5 24 -11.747 21.886 -6.653 -11.945 19.008 -5.611 -12.946 21.417 -1.795 -11.103 20.293 -7.641
5 24 7.01 .305 -7.01 3.794 .305 -9.159 5.34 .855 -9.34 3.062 0 -7.391
5 24 -4.414 1.172 -10.658 -4.83 2.469 -11.659 -8.923 2.469 -8.923 -2.852 2.469 -12.052
5 24 -11.747 21.886 -6.653 -11.103 20.293 -7.641 -11.945 19.008 -5.611 -10.77 21.997 -9.137
5 24 3.794 .305 -9.159 4.212 .889 -10.168 5.34 .855 -9.34 2.925 1.172 -10.954
5 24 2.925 1.172 -10.954 0 1.172 -11.535 0 .305 -9.914 0 1.825 -12.081
2 24 11.941 19.21 -8.883 10.947 22.698 -10.239
5 24 9.951 2.469 -7.386 11.659 2.469 -4.83 10.658 1.172 -4.414 10.962 4 -6.544
5 24 12.617 18.101 -5.463 12.271 21.102 -6.07 13.237 20.753 -3.106 12.496 18.116 -7.124
5 24 -3.062 0 -7.391 0 0 -8 0 .305 -9.914 0 0 -6
5 24 -3.062 0 -7.391 -3.794 .305 -9.159 -7.01 .305 -7.01 0 0 -8
5 24 12.011 6.276 -4.975 12.01 4 -4.975 13 4 0 11.419 5.312 -5.86
5 24 -13.064 9.028 -1.638 -12.011 4 -4.975 -13 4 0 -12.011 7.213 -4.975
5 24 -4.83 2.469 -11.659 -6.519 3.1 -11.449 -2.852 2.469 -12.052 -8.923 2.469 -8.923
5 24 -12.011 4 4.975 -12.011 21.764 4.975 -10.6 21.644 8.226 -13.144 21.671 1.915
5 24 3.794 .305 -9.159 0 .305 -9.914 2.925 1.172 -10.954 0 0 -8
5 24 -4.975 4 12.01 -1.885 19.486 13.064 0 4 13 -4.975 20.911 12.011
5 24 9.192 4 9.192 8.251 21.013 10.908 9.284 20.655 10.383 6.888 21.038 11.585
5 24 13.928 20.723 -.201 12.665 15.906 -3.196 13.129 15.599 -1.462 13.237 20.753 -3.106
5 24 10.962 4 -6.544 12.01 4 -4.975 11.659 2.469 -4.83 11.419 5.312 -5.86
5 24 -4.83 2.469 -11.659 -8.923 2.469 -8.923 -8.157 1.172 -8.157 -6.519 3.1 -11.449
5 24 -9.192 4 9.192 -8.141 21.769 10.57 -4.975 4 12.01 -10.6 21.644 8.226
5 24 13.129 15.599 -1.462 13.928 20.723 -.201 13.104 12.134 -1.024 12.665 15.906 -3.196
5 24 -12.946 21.417 -1.795 -13.032 18.14 -2.93 -13.23 15.928 -1.247 -11.945 19.008 -5.611
5 24 -7.01 .305 -7.01 -3.794 .305 -9.159 -4.414 1.172 -10.658 -5.657 0 -5.657
5 24 -3.794 .305 -9.159 -4.414 1.172 -10.658 -8.157 1.172 -8.157 0 .305 -9.914
5 24 -13.144 21.671 1.915 -12.011 4 4.975 -12.011 21.764 4.975 -13 4 0
5 24 -13.154 14.262 -.61 -13.144 21.671 1.915 -13.134 11.981 -.582 -13.23 15.928 -1.247
5 24 -13.144 21.671 1.915 -13.23 15.928 -1.247 -13.154 14.262 -.61 -12.946 21.417 -1.795
5 24 13 4 0 12.627 8.985 -1.873 12.011 6.276 -4.975 13.104 12.134 -1.024
5 24 0 .305 -9.914 0 1.172 -11.535 -4.414 1.172 -10.658 2.925 1.172 -10.954
5 24 -9.192 4 -9.192 -6.519 3.1 -11.449 -8.923 2.469 -8.923 -9.192 4.501 -9.192
5 24 8.157 1.172 -8.157 7.01 .305 -7.01 5.34 .855 -9.34 9.159 .305 -3.794
5 24 11.392 21.321 7.982 12.01 4 4.975 9.192 4 9.192 13.787 20.909 3.343
5 24 4.975 4 12.011 2.318 19.197 12.758 4.75 20.256 12.137 0 4 13
5 24 13.928 20.723 -.201 13 4 0 13.104 12.134 -1.024 12.01 4 4.975
5 24 -4.975 20.911 12.011 -4.975 4 12.01 -8.141 21.769 10.57 -1.885 19.486 13.064
5 24 6.888 21.038 11.585 9.192 4 9.192 8.251 21.013 10.908 4.975 4 12.011
5 24 -4.414 1.172 -10.658 -8.157 1.172 -8.157 -7.01 .305 -7.01 -4.83 2.469 -11.659
5 24 -2.852 2.469 -12.052 -4.83 2.469 -11.659 -4.414 1.172 -10.658 -6.519 3.1 -11.449
5 24 13.104 12.134 -1.024 13 4 0 13.928 20.723 -.201 12.627 8.985 -1.873
5 24 13.928 20.723 -.201 12.01 4 4.975 13.787 20.909 3.343 13 4 0
5 24 4.975 4 12.011 6.888 21.038 11.585 4.75 20.256 12.137 9.192 4 9.192
5 24 0 0 -8 3.062 0 -7.391 3.794 .305 -9.159 2.296 0 -5.543
5 24 -9.192 4 -9.192 -9.192 4.501 -9.192 -12.011 4 -4.975 -6.519 3.1 -11.449
5 24 -12.011 4 4.975 -10.6 21.644 8.226 -12.011 21.764 4.975 -9.192 4 9.192
5 24 12.271 21.102 -6.07 12.496 18.116 -7.124 12.617 18.101 -5.463 11.632 21.343 -8.012

0 // Outside
3 16 12.601 38.814 -14.609 11.266 40.374 -16.322 14.384 40.601 -13.61
3 16 12.601 38.814 -14.609 11.402 38.814 -15.767 11.266 40.374 -16.322
3 16 14.384 40.601 -13.61 11.266 40.374 -16.322 11.34 42.512 -16.569
3 16 14.384 40.601 -13.61 11.34 42.512 -16.569 14.433 42.998 -13.581
3 16 11.296 44.764 -16.101 14.433 42.998 -13.581 11.34 42.512 -16.569
3 16 11.296 44.764 -16.101 13.581 45.168 -13.339 14.433 42.998 -13.581
3 16 12.425 47.081 -13.238 13.581 45.168 -13.339 11.296 44.764 -16.101
3 16 12.425 47.081 -13.238 11.296 44.764 -16.101 11.107 47.957 -13.241
3 16 14.384 40.601 -13.61 13.683 38.781 -13.481 12.601 38.814 -14.609
3 16 10.183 38.632 -15.7 11.266 40.374 -16.322 11.402 38.814 -15.767
3 16 10.183 38.632 -15.7 9.857 40.366 -16.287 11.266 40.374 -16.322
3 16 11.34 42.512 -16.569 11.266 40.374 -16.322 9.857 40.366 -16.287
3 16 11.34 42.512 -16.569 9.857 40.366 -16.287 9.754 42.548 -16.351
3 16 9.754 42.548 -16.351 9.996 44.618 -15.703 11.296 44.764 -16.101
3 16 11.296 44.764 -16.101 11.34 42.512 -16.569 9.754 42.548 -16.351
4 16 9.935 47.401 -13.241 11.107 47.957 -13.241 11.296 44.764 -16.101 9.996 44.618 -15.703
3 16 9.996 44.618 -15.703 8.757 45 -13.316 9.935 47.401 -13.241
3 16 7.922 42.434 -13.609 9.996 44.618 -15.703 9.754 42.548 -16.351
3 16 7.922 42.434 -13.609 8.757 45 -13.316 9.996 44.618 -15.703
3 16 9.754 42.548 -16.351 8.109 40.216 -13.922 7.922 42.434 -13.609
3 16 9.754 42.548 -16.351 9.857 40.366 -16.287 8.109 40.216 -13.922
3 16 8.109 40.216 -13.922 9.857 40.366 -16.287 10.183 38.632 -15.7
3 16 8.109 40.216 -13.922 10.183 38.632 -15.7 9.134 38.451 -13.824
3 16 9.755 36.902 -16.864 8.55 36.705 -13.818 9.134 38.451 -13.824
3 16 9.134 38.451 -13.824 10.183 38.632 -15.7 9.755 36.902 -16.864
3 16 10.183 38.632 -15.7 11.256 36.96 -17.19 9.755 36.902 -16.864
3 16 10.183 38.632 -15.7 11.402 38.814 -15.767 11.256 36.96 -17.19
3 16 12.648 37.05 -16.404 11.256 36.96 -17.19 11.402 38.814 -15.767
3 16 12.648 37.05 -16.404 11.402 38.814 -15.767 12.601 38.814 -14.609
3 16 14.383 37.324 -14.044 12.648 37.05 -16.404 12.601 38.814 -14.609
3 16 14.383 37.324 -14.044 12.601 38.814 -14.609 13.683 38.781 -13.481
3 16 8.55 36.705 -13.818 9.066 38.294 -11.8 9.134 38.451 -13.824
3 16 8.55 36.705 -13.818 8.647 36.594 -11.8 9.066 38.294 -11.8
3 16 13.683 38.781 -13.481 14.531 37.277 -11.8 14.383 37.324 -14.044
3 16 13.683 38.781 -13.481 14.025 38.71 -11.8 14.531 37.277 -11.8
3 16 11.224 35.63 -16.578 9.755 36.902 -16.864 11.256 36.96 -17.19
3 16 11.224 35.63 -16.578 11.256 36.96 -17.19 12.648 37.05 -16.404
3 16 11.224 35.63 -16.578 10.077 35.581 -16.262 9.755 36.902 -16.864
3 16 10.077 35.581 -16.262 8.55 36.705 -13.818 9.755 36.902 -16.864
3 16 10.077 35.581 -16.262 9.182 35.391 -13.766 8.55 36.705 -13.818
3 16 9.182 35.391 -13.766 8.647 36.594 -11.8 8.55 36.705 -13.818
3 16 9.182 35.391 -13.766 8.999 35.353 -11.8 8.647 36.594 -11.8
3 16 14.383 37.324 -14.044 14.531 37.277 -11.8 14.449 36.18 -11.8
3 16 14.383 37.324 -14.044 14.449 36.18 -11.8 14.255 36.191 -14.077
3 16 14.383 37.324 -14.044 13.054 35.819 -15.999 12.648 37.05 -16.404
3 16 14.383 37.324 -14.044 14.255 36.191 -14.077 13.054 35.819 -15.999
3 16 13.054 35.819 -15.999 12.49 35.548 -16.122 12.648 37.05 -16.404
3 16 11.224 35.63 -16.578 12.648 37.05 -16.404 12.49 35.548 -16.122
3 16 12.855 33.12 -16.666 13.054 35.819 -15.999 15.244 32.976 -17.047
3 16 12.855 33.12 -16.666 12.49 35.548 -16.122 13.054 35.819 -15.999
3 16 15.244 32.976 -17.047 13.054 35.819 -15.999 14.255 36.191 -14.077
3 16 15.244 32.976 -17.047 14.255 36.191 -14.077 16.73 33.511 -14.824
3 16 12.669 31.069 -16.468 12.855 33.12 -16.666 15.244 32.976 -17.047
3 16 12.669 31.069 -16.468 15.244 32.976 -17.047 13.697 29.917 -15.935
3 16 13.697 29.917 -15.935 15.244 32.976 -17.047 15.561 28.904 -15.434
3 16 15.561 28.904 -15.434 15.244 32.976 -17.047 16.73 33.511 -14.824
3 16 16.73 33.511 -14.824 14.255 36.191 -14.077 14.449 36.18 -11.8
3 16 14.449 36.18 -11.8 16.274 33.66 -11.562 16.73 33.511 -14.824
3 16 15.561 28.904 -15.434 16.73 33.511 -14.824 17.071 30.04 -13.111
3 16 16.73 33.511 -14.824 16.274 33.66 -11.562 17.136 30.942 -10.11
3 16 15.561 28.904 -15.434 17.071 30.04 -13.111 16.928 28.565 -12.316
3 16 16.928 28.565 -12.316 17.071 30.04 -13.111 17.136 30.942 -10.11
3 16 17.136 30.942 -10.11 17.071 30.04 -13.111 16.73 33.511 -14.824
3 16 16.928 28.565 -12.316 17.136 30.942 -10.11 16.992 27.797 -9.631
3 16 11.224 35.63 -16.578 12.855 33.12 -16.666 10.865 32.527 -17.737
3 16 11.224 35.63 -16.578 12.49 35.548 -16.122 12.855 33.12 -16.666
3 16 10.077 35.581 -16.262 11.224 35.63 -16.578 10.865 32.527 -17.737
3 16 10.077 35.581 -16.262 10.865 32.527 -17.737 9.081 32.082 -17.249
3 16 8.239 32.073 -13.953 10.077 35.581 -16.262 9.081 32.082 -17.249
3 16 8.239 32.073 -13.953 9.182 35.391 -13.766 10.077 35.581 -16.262
3 16 8.541 29.764 -13.849 8.239 32.073 -13.953 9.081 32.082 -17.249
3 16 8.541 29.764 -13.849 9.081 32.082 -17.249 10.268 28.622 -15.926
3 16 9.081 32.082 -17.249 11.381 29.804 -16.794 10.268 28.622 -15.926
3 16 9.081 32.082 -17.249 10.865 32.527 -17.737 11.381 29.804 -16.794
3 16 10.865 32.527 -17.737 12.669 31.069 -16.468 11.381 29.804 -16.794
3 16 10.865 32.527 -17.737 12.855 33.12 -16.666 12.669 31.069 -16.468
3 16 8.541 29.764 -13.849 8.244 32.076 -11.774 8.239 32.073 -13.953
3 16 8.244 32.076 -11.774 9.182 35.391 -13.766 8.239 32.073 -13.953
3 16 8.541 29.764 -13.849 8.432 29.911 -11.694 8.244 32.076 -11.774
3 16 8.244 32.076 -11.774 8.999 35.353 -11.8 9.182 35.391 -13.766
3 16 10.268 28.622 -15.926 9.827 27.82 -13.54 8.541 29.764 -13.849
3 16 9.827 27.82 -13.54 8.432 29.911 -11.694 8.541 29.764 -13.849
3 16 9.827 27.82 -13.54 9.763 27.74 -11.81 8.432 29.911 -11.694
3 16 15.561 28.904 -15.434 13.905 27.566 -16.348 13.697 29.917 -15.935
3 16 15.561 28.904 -15.434 16.03 26.363 -15.65 13.905 27.566 -16.348
3 16 15.561 28.904 -15.434 16.928 28.565 -12.316 18.11 25.276 -13.581
3 16 18.11 25.276 -13.581 16.03 26.363 -15.65 15.561 28.904 -15.434
3 16 16.03 26.363 -15.65 18.11 25.276 -13.581 15.783 23.388 -12.648
3 16 15.783 23.388 -12.648 14.334 24.795 -14.441 16.03 26.363 -15.65
3 16 15.783 23.388 -12.648 18.11 25.276 -13.581 18.875 24.252 -10.962
3 16 16.928 28.565 -12.316 18.875 24.252 -10.962 18.11 25.276 -13.581
3 16 15.783 23.388 -12.648 18.875 24.252 -10.962 16.753 22.826 -10.89
3 16 16.753 22.826 -10.89 18.875 24.252 -10.962 18.837 24.059 -7.533
3 16 18.837 24.059 -7.533 18.875 24.252 -10.962 18.594 26.269 -8.408
3 16 16.928 28.565 -12.316 18.594 26.269 -8.408 18.875 24.252 -10.962
3 16 18.837 24.059 -7.533 18.594 26.269 -8.408 18.592 24.777 -4.955
3 16 18.592 24.777 -4.955 18.594 26.269 -8.408 17.339 25.93 -6.305
3 16 18.594 26.269 -8.408 16.992 27.797 -9.631 17.339 25.93 -6.305
3 16 18.594 26.269 -8.408 16.928 28.565 -12.316 16.992 27.797 -9.631
3 16 16.03 26.363 -15.65 14.106 26.136 -15.717 13.905 27.566 -16.348
3 16 16.03 26.363 -15.65 14.334 24.795 -14.441 14.106 26.136 -15.717
3 16 11.989 28.384 -17.305 13.697 29.917 -15.935 13.905 27.566 -16.348
3 16 11.989 28.384 -17.305 12.669 31.069 -16.468 13.697 29.917 -15.935
3 16 11.381 29.804 -16.794 12.669 31.069 -16.468 11.989 28.384 -17.305
3 16 11.989 28.384 -17.305 10.268 28.622 -15.926 11.381 29.804 -16.794
3 16 11.989 28.384 -17.305 10.29 27.512 -16.391 10.268 28.622 -15.926
3 16 9.827 27.82 -13.54 10.268 28.622 -15.926 10.29 27.512 -16.391
3 16 9.827 27.82 -13.54 10.29 27.512 -16.391 9.837 25.585 -14.653
3 16 10.29 27.512 -16.391 11.906 25.243 -16.671 9.837 25.585 -14.653
3 16 10.29 27.512 -16.391 11.989 28.384 -17.305 11.906 25.243 -16.671
3 16 13.905 27.566 -16.348 11.906 25.243 -16.671 11.989 28.384 -17.305
3 16 9.837 25.585 -14.653 11.906 25.243 -16.671 11.938 22.873 -13.99
3 16 9.837 25.585 -14.653 11.938 22.873 -13.99 10.464 23.19 -12.068
3 16 11.938 22.873 -13.99 12.871 22.47 -12.544 11.591 22.261 -10.602
3 16 11.591 22.261 -10.602 10.464 23.19 -12.068 11.938 22.873 -13.99
3 16 14.334 24.795 -14.441 11.938 22.873 -13.99 11.906 25.243 -16.671
3 16 11.938 22.873 -13.99 14.334 24.795 -14.441 12.871 22.47 -12.544
3 16 14.334 24.795 -14.441 11.906 25.243 -16.671 14.106 26.136 -15.717
3 16 13.905 27.566 -16.348 14.106 26.136 -15.717 11.906 25.243 -16.671
3 16 10.947 22.698 -10.239 10.464 23.19 -12.068 11.591 22.261 -10.602
3 16 10.947 22.698 -10.239 10.216 23.73 -11.492 10.464 23.19 -12.068
3 16 10.464 23.19 -12.068 9.505 26.194 -11.898 9.837 25.585 -14.653
3 16 10.464 23.19 -12.068 10.216 23.73 -11.492 9.505 26.194 -11.898
3 16 9.505 26.194 -11.898 9.827 27.82 -13.54 9.837 25.585 -14.653
3 16 9.505 26.194 -11.898 9.763 27.74 -11.81 9.827 27.82 -13.54
3 16 18.837 24.059 -7.533 19.323 22.161 -6.785 16.753 22.826 -10.89
3 16 18.592 24.777 -4.955 19.323 22.161 -6.785 18.837 24.059 -7.533
3 16 18.592 24.777 -4.955 20.101 22.265 -4.537 19.323 22.161 -6.785
3 16 18.592 24.777 -4.955 18.566 24.697 -1.65 20.322 22.28 -1.952
3 16 20.322 22.28 -1.952 20.101 22.265 -4.537 18.592 24.777 -4.955
3 16 18.566 24.697 -1.65 19.672 22.503 .941 20.322 22.28 -1.952
3 16 18.566 24.697 -1.65 18.352 24.198 1.322 19.672 22.503 .941
3 16 18.352 24.198 1.322 19.153 21.93 2.404 19.672 22.503 .941
3 16 18.352 24.198 1.322 16.312 23.927 4.585 19.153 21.93 2.404
3 16 19.672 22.503 .941 19.483 19.913 -.787 20.322 22.28 -1.952
3 16 19.672 22.503 .941 19.153 21.93 2.404 19.483 19.913 -.787
3 16 18.592 24.777 -4.955 16.883 23.952 -1.772 18.566 24.697 -1.65
3 16 16.883 23.952 -1.772 18.352 24.198 1.322 18.566 24.697 -1.65
3 16 18.592 24.777 -4.955 17.339 25.93 -6.305 16.883 23.952 -1.772
3 16 16.883 23.952 -1.772 16.629 23.544 1.136 18.352 24.198 1.322
3 16 18.352 24.198 1.322 16.629 23.544 1.136 16.312 23.927 4.585
3 16 19.323 22.161 -6.785 16.835 20.021 -7.328 16.753 22.826 -10.89
3 16 19.323 22.161 -6.785 18.312 19.697 -4.683 16.835 20.021 -7.328
3 16 19.323 22.161 -6.785 20.101 22.265 -4.537 18.312 19.697 -4.683
3 16 18.312 19.697 -4.683 20.322 22.28 -1.952 19.483 19.913 -.787
3 16 18.312 19.697 -4.683 20.101 22.265 -4.537 20.322 22.28 -1.952
3 16 16.883 23.952 -1.772 15.56 21.84 .195 16.629 23.544 1.136
3 16 16.883 23.952 -1.772 15.952 21.908 -2.847 15.56 21.84 .195
3 16 17.339 25.93 -6.305 15.952 21.908 -2.847 16.883 23.952 -1.772
3 16 17.339 25.93 -6.305 16.548 23.519 -7.389 15.952 21.908 -2.847
3 16 17.339 25.93 -6.305 15.807 25.513 -9.932 16.548 23.519 -7.389
3 16 17.339 25.93 -6.305 16.992 27.797 -9.631 15.807 25.513 -9.932
3 16 13.928 20.723 -.201 15.56 21.84 .195 15.952 21.908 -2.847
3 16 13.928 20.723 -.201 15.952 21.908 -2.847 13.237 20.753 -3.106
3 16 12.271 21.102 -6.07 15.952 21.908 -2.847 16.548 23.519 -7.389
3 16 12.271 21.102 -6.07 13.237 20.753 -3.106 15.952 21.908 -2.847
3 16 16.992 27.797 -9.631 14.562 29.481 -11.483 15.807 25.513 -9.932
3 16 15.807 25.513 -9.932 14.562 29.481 -11.483 10.216 23.73 -11.492
3 16 10.216 23.73 -11.492 14.562 29.481 -11.483 9.505 26.194 -11.898
3 16 9.505 26.194 -11.898 14.562 29.481 -11.483 9.763 27.74 -11.81
3 16 15.807 25.513 -9.932 10.216 23.73 -11.492 10.947 22.698 -10.239
3 16 10.947 22.698 -10.239 11.632 21.343 -8.012 15.807 25.513 -9.932
3 16 11.632 21.343 -8.012 16.548 23.519 -7.389 15.807 25.513 -9.932
3 16 11.632 21.343 -8.012 12.271 21.102 -6.07 16.548 23.519 -7.389
3 16 16.992 27.797 -9.631 17.136 30.942 -10.11 14.562 29.481 -11.483
3 16 17.136 30.942 -10.11 16.274 33.66 -11.562 14.562 29.481 -11.483
3 16 14.449 36.18 -11.8 14.562 29.481 -11.483 16.274 33.66 -11.562
3 16 8.999 35.353 -11.8 8.244 32.076 -11.774 14.449 36.18 -11.8
4 16 8.244 32.076 -11.774 8.432 29.911 -11.694 14.562 29.481 -11.483 14.449 36.18 -11.8
3 16 8.432 29.911 -11.694 9.763 27.74 -11.81 14.562 29.481 -11.483
3 16 8.999 35.353 -11.8 9.066 38.294 -11.8 8.647 36.594 -11.8
4 16 14.025 38.71 -11.8 8.05 40.041 -11.8 9.066 38.294 -11.8 14.531 37.277 -11.8
4 16 8.999 35.353 -11.8 14.449 36.18 -11.8 14.531 37.277 -11.8 9.066 38.294 -11.8
4 16 14.025 38.71 -11.8 14.906 40.618 -11.8 7.818 42.581 -11.8 8.05 40.041 -11.8
4 16 13.73 45.196 -11.8 7.818 42.581 -11.8 14.906 40.618 -11.8 14.812 43.103 -11.8
4 16 12.368 47.235 -11.8 8.625 45.207 -11.8 7.818 42.581 -11.8 13.73 45.196 -11.8
4 16 9.916 47.604 -11.8 8.625 45.207 -11.8 12.368 47.235 -11.8 11.078 48.142 -11.8
4 16 8.109 40.216 -13.922 9.134 38.451 -13.824 9.066 38.294 -11.8 8.05 40.041 -11.8
3 16 8.05 40.041 -11.8 7.922 42.434 -13.609 8.109 40.216 -13.922
3 16 8.05 40.041 -11.8 7.818 42.581 -11.8 7.922 42.434 -13.609
3 16 7.818 42.581 -11.8 8.757 45 -13.316 7.922 42.434 -13.609
3 16 7.818 42.581 -11.8 8.625 45.207 -11.8 8.757 45 -13.316
3 16 8.625 45.207 -11.8 9.935 47.401 -13.241 8.757 45 -13.316
3 16 8.625 45.207 -11.8 9.916 47.604 -11.8 9.935 47.401 -13.241
4 16 11.078 48.142 -11.8 11.107 47.957 -13.241 9.935 47.401 -13.241 9.916 47.604 -11.8
3 16 11.107 47.957 -13.241 11.078 48.142 -11.8 12.368 47.235 -11.8
3 16 11.107 47.957 -13.241 12.368 47.235 -11.8 12.425 47.081 -13.238
3 16 12.425 47.081 -13.238 12.368 47.235 -11.8 13.73 45.196 -11.8
3 16 12.425 47.081 -13.238 13.73 45.196 -11.8 13.581 45.168 -13.339
3 16 13.581 45.168 -13.339 13.73 45.196 -11.8 14.812 43.103 -11.8
3 16 13.581 45.168 -13.339 14.812 43.103 -11.8 14.433 42.998 -13.581
3 16 14.433 42.998 -13.581 14.812 43.103 -11.8 14.906 40.618 -11.8
3 16 14.433 42.998 -13.581 14.906 40.618 -11.8 14.384 40.601 -13.61
3 16 14.384 40.601 -13.61 14.906 40.618 -11.8 14.025 38.71 -11.8
3 16 14.384 40.601 -13.61 14.025 38.71 -11.8 13.683 38.781 -13.481
3 16 15.254 17.981 -6.267 12.496 18.116 -7.124 15.007 17.895 -7.888
3 16 15.254 17.981 -6.267 12.617 18.101 -5.463 12.496 18.116 -7.124
3 16 15.007 17.895 -7.888 12.496 18.116 -7.124 11.941 19.21 -8.883
3 16 15.007 17.895 -7.888 11.941 19.21 -8.883 14.933 19.302 -10.789
3 16 11.941 19.21 -8.883 11.591 22.261 -10.602 12.871 22.47 -12.544
3 16 12.871 22.47 -12.544 14.933 19.302 -10.789 11.941 19.21 -8.883
3 16 14.933 19.302 -10.789 12.871 22.47 -12.544 14.334 24.795 -14.441
3 16 15.783 23.388 -12.648 16.753 22.826 -10.89 14.933 19.302 -10.789
3 16 14.933 19.302 -10.789 16.835 20.021 -7.328 15.007 17.895 -7.888
3 16 14.933 19.302 -10.789 16.753 22.826 -10.89 16.835 20.021 -7.328
3 16 15.007 17.895 -7.888 16.835 20.021 -7.328 15.254 17.981 -6.267
3 16 14.334 24.795 -14.441 15.783 23.388 -12.648 14.933 19.302 -10.789
3 16 8.045 -3.081 -10.739 9.731 -4.898 -9.27 7.714 -5.433 -8.349
3 16 8.045 -3.081 -10.739 10.022 -3.719 -10.808 9.731 -4.898 -9.27
3 16 8.045 -3.081 -10.739 10.179 -2.43 -12.08 10.022 -3.719 -10.808
3 16 8.045 -3.081 -10.739 8.141 -1.612 -11.614 10.179 -2.43 -12.08
3 16 10.179 -2.43 -12.08 8.141 -1.612 -11.614 8.804 -.14 -12.137
3 16 10.179 -2.43 -12.08 8.804 -.14 -12.137 10.916 -.662 -12.832
3 16 9.331 1.062 -11.226 10.916 -.662 -12.832 8.804 -.14 -12.137
3 16 9.331 1.062 -11.226 11.884 .827 -12.184 10.916 -.662 -12.832
3 16 11.884 .827 -12.184 9.331 1.062 -11.226 11.386 3.6 -10.004
3 16 11.884 .827 -12.184 11.386 3.6 -10.004 13.349 2.961 -10.726
3 16 13.349 2.961 -10.726 11.386 3.6 -10.004 12.446 5.665 -7.496
3 16 13.349 2.961 -10.726 12.446 5.665 -7.496 14.89 5.568 -8.181
3 16 12.446 5.665 -7.496 15.537 7.013 -4.344 14.89 5.568 -8.181
3 16 12.446 5.665 -7.496 12.011 6.276 -4.975 15.537 7.013 -4.344
3 16 9.71 -5.362 -8.591 7.714 -5.433 -8.349 9.731 -4.898 -9.27
3 16 7.671 -.008 -10.912 8.804 -.14 -12.137 8.141 -1.612 -11.614
3 16 7.671 -.008 -10.912 9.331 1.062 -11.226 8.804 -.14 -12.137
3 16 15.537 7.013 -4.344 12.011 6.276 -4.975 12.627 8.985 -1.873
3 16 15.537 7.013 -4.344 12.627 8.985 -1.873 15.749 8.743 -2.214
3 16 15.749 8.743 -2.214 12.627 8.985 -1.873 13.104 12.134 -1.024
3 16 15.749 8.743 -2.214 13.104 12.134 -1.024 16.112 12.125 -1.084
3 16 16.112 12.125 -1.084 13.104 12.134 -1.024 13.129 15.599 -1.462
3 16 16.112 12.125 -1.084 13.129 15.599 -1.462 16.293 15.607 -1.387
3 16 12.461 -3.448 -9.268 10.022 -3.719 -10.808 12.448 -1.822 -11.224
3 16 12.461 -3.448 -9.268 9.731 -4.898 -9.27 10.022 -3.719 -10.808
3 16 10.179 -2.43 -12.08 12.448 -1.822 -11.224 10.022 -3.719 -10.808
3 16 12.448 -1.822 -11.224 15.152 .237 -8.841 12.461 -3.448 -9.268
3 16 12.448 -1.822 -11.224 14.587 1.53 -10.125 15.152 .237 -8.841
3 16 11.884 .827 -12.184 14.587 1.53 -10.125 12.448 -1.822 -11.224
3 16 12.448 -1.822 -11.224 10.916 -.662 -12.832 11.884 .827 -12.184
3 16 10.179 -2.43 -12.08 10.916 -.662 -12.832 12.448 -1.822 -11.224
3 16 11.884 .827 -12.184 13.349 2.961 -10.726 14.587 1.53 -10.125
3 16 16.094 3.269 -7.79 15.152 .237 -8.841 14.587 1.53 -10.125
3 16 16.094 3.269 -7.79 14.587 1.53 -10.125 15.934 4.602 -7.875
3 16 15.934 4.602 -7.875 14.587 1.53 -10.125 13.349 2.961 -10.726
3 16 16.264 4.771 -6.082 16.094 3.269 -7.79 15.934 4.602 -7.875
3 16 14.89 5.568 -8.181 16.264 4.771 -6.082 15.934 4.602 -7.875
3 16 15.934 4.602 -7.875 13.349 2.961 -10.726 14.89 5.568 -8.181
3 16 14.89 5.568 -8.181 15.537 7.013 -4.344 16.264 4.771 -6.082
3 16 16.264 4.771 -6.082 15.537 7.013 -4.344 17.451 4.665 -4.08
3 16 18.276 7.25 -.928 17.451 4.665 -4.08 15.537 7.013 -4.344
3 16 18.276 7.25 -.928 15.537 7.013 -4.344 15.749 8.743 -2.214
3 16 18.276 7.25 -.928 15.749 8.743 -2.214 16.112 12.125 -1.084
3 16 18.276 7.25 -.928 16.112 12.125 -1.084 18.517 12.061 1.469
3 16 16.293 15.607 -1.387 18.517 12.061 1.469 16.112 12.125 -1.084
3 16 16.293 15.607 -1.387 18.278 16.932 -.5 18.517 12.061 1.469
3 16 18.517 12.061 1.469 18.278 16.932 -.5 19.451 18.774 .051
3 16 19.451 18.774 .051 18.99 11.687 3.646 18.517 12.061 1.469
3 16 13.2 -4.41 -6.711 8.927 -8.254 -4.212 10.406 -6.366 -7.115
4 16 9.008 -9.131 -1.185 8.927 -8.254 -4.212 13.2 -4.41 -6.711 15.003 -4.966 -.795
3 16 15.003 -4.966 -.795 11.04 -8.721 1.377 9.008 -9.131 -1.185
3 16 15.003 -4.966 -.795 13.833 -6.81 3.899 11.04 -8.721 1.377
4 16 15.3 -4.978 5.456 13.833 -6.81 3.899 15.003 -4.966 -.795 16.005 -3.722 .859
3 16 15.3 -4.978 5.456 16.005 -3.722 .859 17.474 -.741 3.18
4 16 15.3 -4.978 5.456 17.474 -.741 3.18 16.299 .397 11.244 15.142 -4.622 6.971
3 16 18.748 2.982 4.795 16.299 .397 11.244 17.474 -.741 3.18
3 16 18.748 2.982 4.795 18.324 6.338 9.81 16.299 .397 11.244
3 16 18.324 6.338 9.81 18.748 2.982 4.795 19.36 6.649 5.779
3 16 18.324 6.338 9.81 19.36 6.649 5.779 19.081 10.037 8.811
3 16 19.081 10.037 8.811 19.36 6.649 5.779 19.659 11.804 5.577
3 16 19.081 10.037 8.811 19.659 11.804 5.577 19.214 14.337 7.192
3 16 19.324 17.612 5.576 19.214 14.337 7.192 19.659 11.804 5.577
3 16 19.324 17.612 5.576 19.659 11.804 5.577 19.818 18.415 2.266
3 16 12.383 -3.67 -7.954 10.406 -6.366 -7.115 9.71 -5.362 -8.591
3 16 12.383 -3.67 -7.954 13.2 -4.41 -6.711 10.406 -6.366 -7.115
3 16 12.383 -3.67 -7.954 15.495 -.578 -6.306 13.2 -4.41 -6.711
3 16 12.383 -3.67 -7.954 14.972 -.073 -7.289 15.495 -.578 -6.306
4 16 15.996 2.819 -6.486 16.533 2.2 -5.425 15.495 -.578 -6.306 14.972 -.073 -7.289
3 16 16.533 2.2 -5.425 15.996 2.819 -6.486 16.264 4.771 -6.082
3 16 16.533 2.2 -5.425 16.264 4.771 -6.082 17.451 4.665 -4.08
3 16 12.383 -3.67 -7.954 9.731 -4.898 -9.27 12.461 -3.448 -9.268
3 16 12.383 -3.67 -7.954 9.71 -5.362 -8.591 9.731 -4.898 -9.27
3 16 12.461 -3.448 -9.268 14.972 -.073 -7.289 12.383 -3.67 -7.954
3 16 12.461 -3.448 -9.268 15.152 .237 -8.841 14.972 -.073 -7.289
3 16 14.972 -.073 -7.289 15.152 .237 -8.841 16.094 3.269 -7.79
3 16 14.972 -.073 -7.289 16.094 3.269 -7.79 15.996 2.819 -6.486
3 16 16.264 4.771 -6.082 15.996 2.819 -6.486 16.094 3.269 -7.79
3 16 15.495 -.578 -6.306 15.003 -4.966 -.795 13.2 -4.41 -6.711
4 16 16.533 2.2 -5.425 15.702 -2.492 -1.36 15.003 -4.966 -.795 15.495 -.578 -6.306
3 16 16.533 2.2 -5.425 16.933 .391 .469 15.702 -2.492 -1.36
3 16 17.451 4.665 -4.08 16.933 .391 .469 16.533 2.2 -5.425
3 16 17.451 4.665 -4.08 17.868 3.38 2.197 16.933 .391 .469
3 16 18.276 7.25 -.928 17.868 3.38 2.197 17.451 4.665 -4.08
3 16 18.276 7.25 -.928 18.426 6.995 3.403 17.868 3.38 2.197
3 16 18.426 6.995 3.403 18.276 7.25 -.928 18.517 12.061 1.469
3 16 18.426 6.995 3.403 18.517 12.061 1.469 18.99 11.687 3.646
3 16 9.78 -8.681 2.341 9.008 -9.131 -1.185 11.04 -8.721 1.377
3 16 9.78 -8.681 2.341 6.615 -8.913 -.378 9.008 -9.131 -1.185
4 16 6.615 -8.913 -.378 7.226 -8.046 -3.903 8.927 -8.254 -4.212 9.008 -9.131 -1.185
3 16 8.927 -8.254 -4.212 7.226 -8.046 -3.903 7.923 -6.471 -7.253
3 16 8.927 -8.254 -4.212 7.923 -6.471 -7.253 10.406 -6.366 -7.115
3 16 7.923 -6.471 -7.253 9.71 -5.362 -8.591 10.406 -6.366 -7.115
3 16 7.923 -6.471 -7.253 7.714 -5.433 -8.349 9.71 -5.362 -8.591
3 16 11.04 -8.721 1.377 12.712 -7.122 4.85 9.78 -8.681 2.341
3 16 11.04 -8.721 1.377 13.833 -6.81 3.899 12.712 -7.122 4.85
3 16 15.3 -4.978 5.456 12.712 -7.122 4.85 13.833 -6.81 3.899
3 16 15.3 -4.978 5.456 15.142 -4.622 6.971 12.712 -7.122 4.85
3 16 9.78 -8.681 2.341 7.742 -9.521 2.829 6.615 -8.913 -.378
3 16 9.78 -8.681 2.341 9.382 -9.293 4.177 7.742 -9.521 2.829
3 16 7.742 -9.521 2.829 5.671 -9.059 2.472 6.615 -8.913 -.378
3 16 7.742 -9.521 2.829 6.851 -9.615 4.059 5.671 -9.059 2.472
3 16 4.015 -8.119 6.364 5.671 -9.059 2.472 6.851 -9.615 4.059
3 16 4.015 -8.119 6.364 6.851 -9.615 4.059 6.126 -9.124 7.038
3 16 8.099 -5.983 12.135 4.015 -8.119 6.364 6.126 -9.124 7.038
3 16 8.099 -5.983 12.135 6.126 -9.124 7.038 9.414 -7.092 11.627
3 16 11.92 -4.656 13.715 8.099 -5.983 12.135 9.414 -7.092 11.627
3 16 11.92 -4.656 13.715 10.573 -3.575 14.397 8.099 -5.983 12.135
3 16 13.608 -1.656 14.776 10.573 -3.575 14.397 11.92 -4.656 13.715
3 16 13.608 -1.656 14.776 13.825 .122 15.479 10.573 -3.575 14.397
4 16 12.396 -7.661 6.666 9.382 -9.293 4.177 9.78 -8.681 2.341 12.712 -7.122 4.85
3 16 12.712 -7.122 4.85 14.238 -5.829 7.612 12.396 -7.661 6.666
3 16 12.712 -7.122 4.85 15.142 -4.622 6.971 14.238 -5.829 7.612
3 16 4.126 -10.41 -.827 6.615 -8.913 -.378 4.711 -10.421 .523
3 16 4.126 -10.41 -.827 7.226 -8.046 -3.903 6.615 -8.913 -.378
3 16 4.711 -10.421 .523 .096 -10.943 .568 4.126 -10.41 -.827
3 16 4.711 -10.421 .523 .445 -11.319 2.053 .096 -10.943 .568
3 16 .445 -11.319 2.053 -3.638 -10.585 1.388 .096 -10.943 .568
3 16 .445 -11.319 2.053 -3.514 -11.135 2.959 -3.638 -10.585 1.388
4 16 -7.215 -9.844 3.637 -7.154 -9.334 2.041 -3.638 -10.585 1.388 -3.514 -11.135 2.959
4 16 -10.317 -8.191 4.1 -10.206 -7.765 2.596 -7.154 -9.334 2.041 -7.215 -9.844 3.637
4 16 -12.34 -6.375 4.406 -12.168 -5.992 2.936 -10.206 -7.765 2.596 -10.317 -8.191 4.1
3 16 -12.34 -6.375 4.406 -15.092 -2.498 3.146 -12.168 -5.992 2.936
3 16 -12.34 -6.375 4.406 -14.382 -3.889 4.188 -15.092 -2.498 3.146
3 16 -14.382 -3.889 4.188 -16.278 .276 4.485 -15.092 -2.498 3.146
3 16 4.711 -10.421 .523 5.671 -9.059 2.472 4.365 -10.453 2.063
3 16 4.711 -10.421 .523 6.615 -8.913 -.378 5.671 -9.059 2.472
3 16 4.365 -10.453 2.063 5.671 -9.059 2.472 4.015 -8.119 6.364
3 16 4.365 -10.453 2.063 4.015 -8.119 6.364 2.078 -10.473 5.717
3 16 .741 -7.47 9.22 2.078 -10.473 5.717 4.015 -8.119 6.364
3 16 .741 -7.47 9.22 -.524 -10.212 8.459 2.078 -10.473 5.717
3 16 -.524 -10.212 8.459 .741 -7.47 9.22 -1.111 -7.684 10.204
3 16 -.524 -10.212 8.459 -1.111 -7.684 10.204 -4.102 -9.117 10.663
3 16 -7.232 -5.108 13.509 -4.102 -9.117 10.663 -1.111 -7.684 10.204
3 16 -7.232 -5.108 13.509 -7.791 -7.5 12.377 -4.102 -9.117 10.663
3 16 -10.776 -5.403 13.113 -7.791 -7.5 12.377 -7.232 -5.108 13.509
3 16 -11.905 -1.372 14.281 -10.776 -5.403 13.113 -7.232 -5.108 13.509
3 16 -11.905 -1.372 14.281 -13.194 -2.584 12.966 -10.776 -5.403 13.113
3 16 -15.422 1.218 12.345 -13.194 -2.584 12.966 -11.905 -1.372 14.281
3 16 -15.422 1.218 12.345 -11.905 -1.372 14.281 -14.373 2.358 13.576
3 16 -17.519 5.889 11.01 -15.422 1.218 12.345 -14.373 2.358 13.576
3 16 -17.519 5.889 11.01 -14.373 2.358 13.576 -16.587 7.332 12.014
3 16 -16.587 7.332 12.014 -18.067 8.637 10.366 -17.519 5.889 11.01
3 16 -16.587 7.332 12.014 -17.655 9.937 10.673 -18.067 8.637 10.366
3 16 -15.808 -2.377 2.075 -13.94 -5.379 1.568 -15.092 -2.498 3.146
3 16 -16.278 .276 4.485 -15.808 -2.377 2.075 -15.092 -2.498 3.146
3 16 -16.278 .276 4.485 -17.09 1.012 3.555 -15.808 -2.377 2.075
3 16 -15.092 -2.498 3.146 -13.94 -5.379 1.568 -12.168 -5.992 2.936
3 16 -12.168 -5.992 2.936 -13.94 -5.379 1.568 -11.313 -8.423 1.116
3 16 -12.168 -5.992 2.936 -11.313 -8.423 1.116 -10.206 -7.765 2.596
3 16 -18.094 6.495 7.688 -17.09 1.012 3.555 -16.278 .276 4.485
3 16 -18.094 6.495 7.688 -18.16 4.569 5.43 -17.09 1.012 3.555
3 16 -18.094 6.495 7.688 -18.854 7.552 6.999 -18.16 4.569 5.43
3 16 -18.418 9.506 9.08 -18.854 7.552 6.999 -18.094 6.495 7.688
3 16 -19.256 10.921 7.895 -18.854 7.552 6.999 -18.418 9.506 9.08
3 16 -19.256 10.921 7.895 -18.418 9.506 9.08 -18.024 11.269 9.333
3 16 -18.518 14.919 7.619 -19.256 10.921 7.895 -18.024 11.269 9.333
3 16 -18.518 14.919 7.619 -19.449 14.46 6.182 -19.256 10.921 7.895
3 16 -10.206 -7.765 2.596 -11.313 -8.423 1.116 -8.043 -10.344 .687
3 16 -10.206 -7.765 2.596 -8.043 -10.344 .687 -7.154 -9.334 2.041
3 16 -7.154 -9.334 2.041 -8.043 -10.344 .687 -4.135 -11.71 .175
3 16 -7.154 -9.334 2.041 -4.135 -11.71 .175 -3.638 -10.585 1.388
3 16 -3.638 -10.585 1.388 -4.135 -11.71 .175 -.268 -12.113 -.614
3 16 -3.638 -10.585 1.388 -.268 -12.113 -.614 .096 -10.943 .568
4 16 4.126 -10.41 -.827 .096 -10.943 .568 -.268 -12.113 -.614 3.754 -11.651 -2.091
3 16 4.126 -10.41 -.827 3.754 -11.651 -2.091 6.075 -10.213 -4.707
3 16 4.126 -10.41 -.827 6.075 -10.213 -4.707 7.226 -8.046 -3.903
3 16 6.801 -8.436 -7.793 7.226 -8.046 -3.903 6.075 -10.213 -4.707
3 16 6.801 -8.436 -7.793 7.923 -6.471 -7.253 7.226 -8.046 -3.903
3 16 -18.805 17.465 5.704 -19.449 14.46 6.182 -18.518 14.919 7.619
3 16 -18.805 17.465 5.704 -19.12 17.899 3.105 -19.449 14.46 6.182
3 16 -13.68 -4.13 7.55 -12.34 -6.375 4.406 -11.621 -6.122 8.142
3 16 -13.68 -4.13 7.55 -14.382 -3.889 4.188 -12.34 -6.375 4.406
3 16 -15.198 -1.391 7.267 -14.382 -3.889 4.188 -13.68 -4.13 7.55
3 16 -15.198 -1.391 7.267 -16.278 .276 4.485 -14.382 -3.889 4.188
3 16 -16.16 .867 7.232 -16.278 .276 4.485 -15.198 -1.391 7.267
3 16 -10.227 -7.171 8.089 -11.621 -6.122 8.142 -12.34 -6.375 4.406
3 16 -10.227 -7.171 8.089 -12.34 -6.375 4.406 -10.317 -8.191 4.1
4 16 -16.278 .276 4.485 -16.16 .867 7.232 -17.222 4.11 7.974 -18.094 6.495 7.688
3 16 -16.16 .867 7.232 -14.729 -1.06 8.25 -15.805 1.021 8.112
3 16 -16.16 .867 7.232 -15.198 -1.391 7.267 -14.729 -1.06 8.25
3 16 -14.729 -1.06 8.25 -15.198 -1.391 7.267 -13.68 -4.13 7.55
3 16 -14.729 -1.06 8.25 -13.68 -4.13 7.55 -13.198 -3.622 8.774
3 16 -13.68 -4.13 7.55 -11.587 -5.564 8.914 -13.198 -3.622 8.774
3 16 -13.68 -4.13 7.55 -11.621 -6.122 8.142 -11.587 -5.564 8.914
3 16 -11.587 -5.564 8.914 -11.621 -6.122 8.142 -10.227 -7.171 8.089
3 16 -11.587 -5.564 8.914 -10.227 -7.171 8.089 -9.601 -7.321 8.84
3 16 -17.222 4.11 7.974 -16.16 .867 7.232 -15.805 1.021 8.112
4 16 -11.587 -5.564 8.914 -11.938 -5.663 10.326 -13.567 -3.633 10.078 -13.198 -3.622 8.774
3 16 -13.198 -3.622 8.774 -13.567 -3.633 10.078 -15.01 -.968 9.526
3 16 -13.198 -3.622 8.774 -15.01 -.968 9.526 -14.729 -1.06 8.25
3 16 -15.01 -.968 9.526 -15.805 1.021 8.112 -14.729 -1.06 8.25
3 16 -10.324 -6.941 9.987 -11.938 -5.663 10.326 -11.587 -5.564 8.914
3 16 -10.324 -6.941 9.987 -11.587 -5.564 8.914 -9.601 -7.321 8.84
3 16 -15.01 -.968 9.526 -13.194 -2.584 12.966 -15.422 1.218 12.345
3 16 -15.01 -.968 9.526 -13.567 -3.633 10.078 -13.194 -2.584 12.966
3 16 -11.938 -5.663 10.326 -13.194 -2.584 12.966 -13.567 -3.633 10.078
3 16 -11.938 -5.663 10.326 -10.776 -5.403 13.113 -13.194 -2.584 12.966
3 16 -10.776 -5.403 13.113 -11.938 -5.663 10.326 -10.324 -6.941 9.987
3 16 -10.776 -5.403 13.113 -10.324 -6.941 9.987 -7.791 -7.5 12.377
3 16 -10.324 -6.941 9.987 -8.294 -8.275 8.633 -7.791 -7.5 12.377
3 16 -8.294 -8.275 8.633 -4.102 -9.117 10.663 -7.791 -7.5 12.377
3 16 -8.294 -8.275 8.633 -10.317 -8.191 4.1 -7.215 -9.844 3.637
4 16 -4.102 -9.117 10.663 -8.294 -8.275 8.633 -7.215 -9.844 3.637 -3.514 -11.135 2.959
3 16 -4.102 -9.117 10.663 -3.514 -11.135 2.959 -.524 -10.212 8.459
3 16 -10.324 -6.941 9.987 -9.601 -7.321 8.84 -8.294 -8.275 8.633
3 16 -8.294 -8.275 8.633 -10.227 -7.171 8.089 -10.317 -8.191 4.1
3 16 -8.294 -8.275 8.633 -9.601 -7.321 8.84 -10.227 -7.171 8.089
3 16 -.524 -10.212 8.459 -3.514 -11.135 2.959 .445 -11.319 2.053
3 16 .445 -11.319 2.053 2.078 -10.473 5.717 -.524 -10.212 8.459
3 16 4.365 -10.453 2.063 2.078 -10.473 5.717 .445 -11.319 2.053
3 16 .445 -11.319 2.053 4.711 -10.421 .523 4.365 -10.453 2.063
3 16 -14.503 2.681 14.912 -16.587 7.332 12.014 -14.373 2.358 13.576
3 16 -14.503 2.681 14.912 -16.999 8.041 13.159 -16.587 7.332 12.014
3 16 -16.999 8.041 13.159 -17.655 9.937 10.673 -16.587 7.332 12.014
3 16 -16.999 8.041 13.159 -17.856 11.099 11.653 -17.655 9.937 10.673
3 16 -14.503 2.681 14.912 -14.373 2.358 13.576 -11.905 -1.372 14.281
3 16 -11.905 -1.372 14.281 -11.762 -.868 15.731 -14.503 2.681 14.912
3 16 -6.824 -4.634 15.017 -11.762 -.868 15.731 -11.905 -1.372 14.281
3 16 -6.824 -4.634 15.017 -11.905 -1.372 14.281 -7.232 -5.108 13.509
3 16 -7.232 -5.108 13.509 -1.043 -7.23 12.191 -6.824 -4.634 15.017
3 16 -7.232 -5.108 13.509 -1.111 -7.684 10.204 -1.043 -7.23 12.191
3 16 -1.111 -7.684 10.204 .488 -6.808 11.305 -1.043 -7.23 12.191
3 16 -1.111 -7.684 10.204 .741 -7.47 9.22 .488 -6.808 11.305
3 16 -17.856 11.099 11.653 -18.024 11.269 9.333 -17.655 9.937 10.673
3 16 -18.518 14.919 7.619 -18.024 11.269 9.333 -17.856 11.099 11.653
3 16 -18.518 14.919 7.619 -17.856 11.099 11.653 -18.358 15.4 8.906
3 16 -18.518 14.919 7.619 -18.358 15.4 8.906 -18.541 17.57 6.97
3 16 -18.518 14.919 7.619 -18.541 17.57 6.97 -18.805 17.465 5.704
3 16 -18.358 15.4 8.906 -18.277 17.814 7.963 -18.541 17.57 6.97
3 16 -18.358 15.4 8.906 -18.128 15.989 10.348 -18.277 17.814 7.963
3 16 -18.128 15.989 10.348 -18.358 15.4 8.906 -17.856 11.099 11.653
3 16 -18.128 15.989 10.348 -17.856 11.099 11.653 -17.613 14.16 12.427
3 16 -17.856 11.099 11.653 -17.15 13.026 13.402 -17.613 14.16 12.427
3 16 -15.783 10.02 15.172 -17.15 13.026 13.402 -17.856 11.099 11.653
3 16 -15.783 10.02 15.172 -17.856 11.099 11.653 -16.999 8.041 13.159
3 16 -16.999 8.041 13.159 -13.387 6.287 17.067 -15.783 10.02 15.172
3 16 -16.999 8.041 13.159 -14.503 2.681 14.912 -13.387 6.287 17.067
4 16 -13.387 6.287 17.067 -14.503 2.681 14.912 -11.762 -.868 15.731 -11.902 4.866 17.713
3 16 -11.762 -.868 15.731 -8.095 .145 17.476 -11.902 4.866 17.713
3 16 -11.762 -.868 15.731 -6.824 -4.634 15.017 -8.095 .145 17.476
3 16 -1.298 -3.488 15.856 -8.095 .145 17.476 -6.824 -4.634 15.017
3 16 -1.298 -3.488 15.856 -6.824 -4.634 15.017 -1.043 -7.23 12.191
3 16 -8.095 .145 17.476 -1.298 -3.488 15.856 -1.465 1.453 17.755
3 16 -8.095 .145 17.476 -1.465 1.453 17.755 -7.259 3.214 18.487
4 16 -8.095 .145 17.476 -7.259 3.214 18.487 -10.298 4.993 18.171 -11.902 4.866 17.713
3 16 -7.259 3.214 18.487 -5.996 5.262 18.576 -10.35 6.45 18.264
3 16 -10.35 6.45 18.264 -10.298 4.993 18.171 -7.259 3.214 18.487
3 16 -7.259 3.214 18.487 -1.584 4.079 18.248 -5.996 5.262 18.576
3 16 -7.259 3.214 18.487 -1.465 1.453 17.755 -1.584 4.079 18.248
3 16 -3.492 7.118 18.793 -5.996 5.262 18.576 -1.584 4.079 18.248
3 16 -5.996 5.262 18.576 -5.658 9.616 19.073 -10.35 6.45 18.264
3 16 -5.996 5.262 18.576 -3.492 7.118 18.793 -5.658 9.616 19.073
3 16 -10.35 6.45 18.264 -5.658 9.616 19.073 -8.881 12.431 18.831
3 16 -8.881 12.431 18.831 -11.471 8.401 18.034 -10.35 6.45 18.264
3 16 -11.471 8.401 18.034 -8.881 12.431 18.831 -12.411 14.717 17.4
3 16 -12.411 14.717 17.4 -13.955 12.368 16.602 -11.471 8.401 18.034
3 16 -13.955 12.368 16.602 -12.411 14.717 17.4 -15.161 16.301 15.397
3 16 -15.161 16.301 15.397 -15.527 14.788 14.921 -13.955 12.368 16.602
3 16 -15.161 16.301 15.397 -16.324 16.237 13.726 -15.527 14.788 14.921
3 16 -18.128 15.989 10.348 -17.24 18.022 9.544 -18.277 17.814 7.963
3 16 -18.128 15.989 10.348 -16.992 17.136 10.675 -17.24 18.022 9.544
3 16 -16.777 16.429 11.629 -16.992 17.136 10.675 -18.128 15.989 10.348
3 16 -16.777 16.429 11.629 -18.128 15.989 10.348 -17.613 14.16 12.427
3 16 -16.777 16.429 11.629 -17.613 14.16 12.427 -16.574 15.432 12.569
3 16 -15.904 13.987 13.738 -16.574 15.432 12.569 -17.613 14.16 12.427
3 16 -15.904 13.987 13.738 -17.613 14.16 12.427 -17.15 13.026 13.402
3 16 -17.15 13.026 13.402 -14.429 11.133 15.452 -15.904 13.987 13.738
3 16 -17.15 13.026 13.402 -15.783 10.02 15.172 -14.429 11.133 15.452
3 16 -15.783 10.02 15.172 -12.097 7.495 17.187 -14.429 11.133 15.452
3 16 -15.783 10.02 15.172 -13.387 6.287 17.067 -12.097 7.495 17.187
3 16 -12.097 7.495 17.187 -13.387 6.287 17.067 -11.902 4.866 17.713
3 16 -12.097 7.495 17.187 -11.902 4.866 17.713 -10.298 4.993 18.171
3 16 -14.429 11.133 15.452 -11.471 8.401 18.034 -13.955 12.368 16.602
3 16 -14.429 11.133 15.452 -12.097 7.495 17.187 -11.471 8.401 18.034
3 16 -13.955 12.368 16.602 -15.904 13.987 13.738 -14.429 11.133 15.452
3 16 -13.955 12.368 16.602 -15.527 14.788 14.921 -15.904 13.987 13.738
3 16 -10.35 6.45 18.264 -11.471 8.401 18.034 -12.097 7.495 17.187
3 16 -10.35 6.45 18.264 -12.097 7.495 17.187 -10.298 4.993 18.171
3 16 -15.904 13.987 13.738 -15.527 14.788 14.921 -16.324 16.237 13.726
3 16 -15.904 13.987 13.738 -16.324 16.237 13.726 -16.574 15.432 12.569
3 16 -16.574 15.432 12.569 -16.274 17.381 13.067 -16.777 16.429 11.629
3 16 -16.574 15.432 12.569 -16.324 16.237 13.726 -16.274 17.381 13.067
3 16 -16.324 16.237 13.726 -14.452 17.454 14.944 -16.274 17.381 13.067
3 16 -16.324 16.237 13.726 -15.161 16.301 15.397 -14.452 17.454 14.944
3 16 -15.161 16.301 15.397 -11.543 16.332 16.615 -14.452 17.454 14.944
3 16 -15.161 16.301 15.397 -12.411 14.717 17.4 -11.543 16.332 16.615
4 16 -8.881 12.431 18.831 -8.137 14.268 17.945 -11.543 16.332 16.615 -12.411 14.717 17.4
3 16 -8.881 12.431 18.831 -4.803 11.325 18.268 -8.137 14.268 17.945
3 16 -8.881 12.431 18.831 -5.658 9.616 19.073 -4.803 11.325 18.268
3 16 -5.658 9.616 19.073 -2.36 8.176 17.923 -4.803 11.325 18.268
3 16 -5.658 9.616 19.073 -3.492 7.118 18.793 -2.36 8.176 17.923
3 16 -2.36 8.176 17.923 -3.492 7.118 18.793 -1.584 4.079 18.248
3 16 -2.36 8.176 17.923 -1.584 4.079 18.248 .008 5.131 17.279
3 16 -1.584 4.079 18.248 .049 1.727 16.999 .008 5.131 17.279
3 16 -1.584 4.079 18.248 -1.465 1.453 17.755 .049 1.727 16.999
3 16 -1.465 1.453 17.755 .177 -3.023 15.246 .049 1.727 16.999
3 16 -1.465 1.453 17.755 -1.298 -3.488 15.856 .177 -3.023 15.246
3 16 -1.043 -7.23 12.191 .177 -3.023 15.246 -1.298 -3.488 15.856
3 16 -1.043 -7.23 12.191 .488 -6.808 11.305 .177 -3.023 15.246
3 16 -1.382 9.751 18.212 -2.36 8.176 17.923 .008 5.131 17.279
3 16 .008 5.131 17.279 -.043 9.128 17.617 -1.382 9.751 18.212
3 16 -1.382 9.751 18.212 -.043 9.128 17.617 .044 12.112 17.574
3 16 -1.382 9.751 18.212 .044 12.112 17.574 -1.12 12.607 18.118
3 16 -.036 14.77 17.28 -1.12 12.607 18.118 .044 12.112 17.574
3 16 -.036 14.77 17.28 -1.03 14.995 17.701 -1.12 12.607 18.118
3 16 -4.803 11.325 18.268 -2.36 8.176 17.923 -1.382 9.751 18.212
3 16 -4.803 11.325 18.268 -1.382 9.751 18.212 -4.163 12.892 18.568
3 16 -4.163 12.892 18.568 -8.137 14.268 17.945 -4.803 11.325 18.268
3 16 -4.163 12.892 18.568 -7.616 16.209 18.452 -8.137 14.268 17.945
3 16 -7.616 16.209 18.452 -11.543 16.332 16.615 -8.137 14.268 17.945
3 16 -7.616 16.209 18.452 -11.166 18.077 17.124 -11.543 16.332 16.615
3 16 -14.452 17.454 14.944 -11.543 16.332 16.615 -11.166 18.077 17.124
3 16 -14.452 17.454 14.944 -11.166 18.077 17.124 -14.397 18.718 14.99
3 16 -14.452 17.454 14.944 -14.397 18.718 14.99 -16.316 18.367 12.818
3 16 -14.452 17.454 14.944 -16.316 18.367 12.818 -16.274 17.381 13.067
3 16 -16.316 18.367 12.818 -16.777 16.429 11.629 -16.274 17.381 13.067
3 16 -16.316 18.367 12.818 -16.992 17.136 10.675 -16.777 16.429 11.629
3 16 -.036 14.77 17.28 -1.516 16.798 17.352 -1.03 14.995 17.701
3 16 -.036 14.77 17.28 -.229 17.097 16.032 -1.516 16.798 17.352
3 16 -2.822 18.868 16.657 -1.516 16.798 17.352 -.229 17.097 16.032
3 16 -2.822 18.868 16.657 -.229 17.097 16.032 -2.202 19.24 15.112
3 16 -5.302 20.774 15.784 -2.822 18.868 16.657 -2.202 19.24 15.112
3 16 -5.302 20.774 15.784 -2.202 19.24 15.112 -4.788 20.924 14.24
3 16 -4.788 20.924 14.24 -8.03 21.982 14.9 -5.302 20.774 15.784
3 16 -9.828 21.862 12.251 -11.858 21.835 13.572 -8.03 21.982 14.9
3 16 -7.112 21.661 13.182 -8.141 21.769 10.57 -9.828 21.862 12.251
3 16 -8.03 21.982 14.9 -7.112 21.661 13.182 -9.828 21.862 12.251
3 16 -.091 18.152 13.299 -2.202 19.24 15.112 -.229 17.097 16.032
3 16 -.091 18.152 13.299 -1.885 19.486 13.064 -2.202 19.24 15.112
3 16 -1.885 19.486 13.064 -4.788 20.924 14.24 -2.202 19.24 15.112
3 16 -1.885 19.486 13.064 -4.975 20.911 12.011 -4.788 20.924 14.24
3 16 -7.112 21.661 13.182 -4.975 20.911 12.011 -8.141 21.769 10.57
3 16 -7.112 21.661 13.182 -8.03 21.982 14.9 -4.788 20.924 14.24
3 16 -4.975 20.911 12.011 -7.112 21.661 13.182 -4.788 20.924 14.24
3 16 -1.12 12.607 18.118 -4.163 12.892 18.568 -1.382 9.751 18.212
3 16 -1.12 12.607 18.118 -3.418 15.241 18.108 -4.163 12.892 18.568
3 16 -7.616 16.209 18.452 -4.163 12.892 18.568 -3.418 15.241 18.108
3 16 -7.616 16.209 18.452 -3.418 15.241 18.108 -6.48 18.28 17.591
3 16 -7.616 16.209 18.452 -6.48 18.28 17.591 -10.515 20.124 16.413
3 16 -10.515 20.124 16.413 -11.166 18.077 17.124 -7.616 16.209 18.452
3 16 -10.515 20.124 16.413 -6.48 18.28 17.591 -5.302 20.774 15.784
3 16 -10.515 20.124 16.413 -8.03 21.982 14.9 -11.858 21.835 13.572
3 16 -10.515 20.124 16.413 -11.858 21.835 13.572 -14.154 20.42 13.11
3 16 -5.302 20.774 15.784 -8.03 21.982 14.9 -10.515 20.124 16.413
3 16 -6.48 18.28 17.591 -3.418 15.241 18.108 -1.516 16.798 17.352
3 16 -2.822 18.868 16.657 -5.302 20.774 15.784 -6.48 18.28 17.591
3 16 -1.516 16.798 17.352 -2.822 18.868 16.657 -6.48 18.28 17.591
3 16 -1.03 14.995 17.701 -3.418 15.241 18.108 -1.12 12.607 18.118
3 16 -1.03 14.995 17.701 -1.516 16.798 17.352 -3.418 15.241 18.108
3 16 -14.397 18.718 14.99 -10.515 20.124 16.413 -14.154 20.42 13.11
3 16 -14.397 18.718 14.99 -11.166 18.077 17.124 -10.515 20.124 16.413
3 16 -16.316 18.367 12.818 -14.397 18.718 14.99 -14.154 20.42 13.11
3 16 -16.316 18.367 12.818 -14.154 20.42 13.11 -16.501 19.066 11.206
3 16 -16.992 17.136 10.675 -16.316 18.367 12.818 -16.501 19.066 11.206
3 16 -16.992 17.136 10.675 -16.501 19.066 11.206 -17.24 18.022 9.544
3 16 -12.804 22.105 12.651 -14.154 20.42 13.11 -11.858 21.835 13.572
3 16 -12.804 22.105 12.651 -14.706 20.898 12.63 -14.154 20.42 13.11
3 16 -16.501 19.066 11.206 -14.154 20.42 13.11 -14.706 20.898 12.63
3 16 -16.501 19.066 11.206 -14.706 20.898 12.63 -16.951 19.649 11.165
3 16 -11.858 21.835 13.572 -11.227 22.492 11.499 -12.804 22.105 12.651
3 16 -11.858 21.835 13.572 -9.828 21.862 12.251 -11.227 22.492 11.499
3 16 -10.497 22.323 10.343 -11.227 22.492 11.499 -9.828 21.862 12.251
3 16 -10.497 22.323 10.343 -9.828 21.862 12.251 -8.141 21.769 10.57
3 16 -17.989 18.896 9.575 -16.501 19.066 11.206 -16.951 19.649 11.165
3 16 -17.989 18.896 9.575 -17.24 18.022 9.544 -16.501 19.066 11.206
3 16 -18.277 17.814 7.963 -17.24 18.022 9.544 -17.989 18.896 9.575
3 16 -18.277 17.814 7.963 -17.989 18.896 9.575 -19.053 18.615 6.807
3 16 -19.053 18.615 6.807 -18.541 17.57 6.97 -18.277 17.814 7.963
3 16 -18.805 17.465 5.704 -18.541 17.57 6.97 -19.053 18.615 6.807
3 16 -19.601 19.089 2.781 -18.805 17.465 5.704 -19.053 18.615 6.807
3 16 -19.601 19.089 2.781 -19.12 17.899 3.105 -18.805 17.465 5.704
3 16 -19.601 19.089 2.781 -18.91 18.101 1.621 -19.12 17.899 3.105
3 16 -19.601 19.089 2.781 -19.383 19.367 1.597 -18.91 18.101 1.621
3 16 -19.383 19.367 1.597 -18.735 18.44 .345 -18.91 18.101 1.621
3 16 -19.383 19.367 1.597 -18.611 19.938 -.406 -18.735 18.44 .345
3 16 -18.35 16.887 .468 -18.91 18.101 1.621 -18.735 18.44 .345
3 16 2.083 -8.023 10.227 .488 -6.808 11.305 .741 -7.47 9.22
3 16 2.083 -8.023 10.227 1.615 -7.008 12.457 .488 -6.808 11.305
3 16 .177 -3.023 15.246 .488 -6.808 11.305 1.615 -7.008 12.457
3 16 .177 -3.023 15.246 1.615 -7.008 12.457 1.779 -3.272 16.075
3 16 1.779 -3.272 16.075 .049 1.727 16.999 .177 -3.023 15.246
3 16 1.779 -3.272 16.075 1.704 1.678 18.208 .049 1.727 16.999
3 16 .008 5.131 17.279 .049 1.727 16.999 1.704 1.678 18.208
3 16 .008 5.131 17.279 1.704 1.678 18.208 1.588 8.983 18.712
3 16 1.588 8.983 18.712 -.043 9.128 17.617 .008 5.131 17.279
3 16 1.06 11.675 17.895 -.043 9.128 17.617 1.588 8.983 18.712
3 16 1.06 11.675 17.895 1.588 8.983 18.712 3.522 12.458 18.893
3 16 3.212 14.385 17.996 1.06 11.675 17.895 3.522 12.458 18.893
3 16 3.212 14.385 17.996 3.522 12.458 18.893 7.966 17.195 18.194
3 16 3.212 14.385 17.996 7.966 17.195 18.194 6.739 17.748 17.264
3 16 10.723 19.846 15.531 6.739 17.748 17.264 7.966 17.195 18.194
3 16 10.723 19.846 15.531 7.966 17.195 18.194 11.669 19.459 15.824
3 16 11.669 19.459 15.824 12.461 20.176 14.282 10.723 19.846 15.531
3 16 11.669 19.459 15.824 13.642 19.979 13.995 12.461 20.176 14.282
3 16 8.099 -5.983 12.135 9.663 -3.644 15.905 6.75 -6.394 13.111
3 16 8.099 -5.983 12.135 10.573 -3.575 14.397 9.663 -3.644 15.905
3 16 3.543 -8.413 8.88 8.099 -5.983 12.135 6.75 -6.394 13.111
3 16 3.543 -8.413 8.88 4.015 -8.119 6.364 8.099 -5.983 12.135
3 16 10.573 -3.575 14.397 12.197 -.818 16.359 9.663 -3.644 15.905
3 16 10.573 -3.575 14.397 13.825 .122 15.479 12.197 -.818 16.359
3 16 .741 -7.47 9.22 4.015 -8.119 6.364 3.543 -8.413 8.88
3 16 .741 -7.47 9.22 3.543 -8.413 8.88 2.083 -8.023 10.227
3 16 5.828 -3.437 16.847 6.75 -6.394 13.111 9.663 -3.644 15.905
3 16 5.828 -3.437 16.847 3.881 -6.859 13.209 6.75 -6.394 13.111
3 16 1.779 -3.272 16.075 3.881 -6.859 13.209 5.828 -3.437 16.847
3 16 1.779 -3.272 16.075 1.615 -7.008 12.457 3.881 -6.859 13.209
3 16 1.615 -7.008 12.457 2.083 -8.023 10.227 3.881 -6.859 13.209
3 16 9.663 -3.644 15.905 6.665 1.036 18.9 5.828 -3.437 16.847
3 16 9.663 -3.644 15.905 12.197 -.818 16.359 6.665 1.036 18.9
4 16 6.665 1.036 18.9 1.704 1.678 18.208 1.779 -3.272 16.075 5.828 -3.437 16.847
3 16 12.197 -.818 16.359 13.137 3.123 16.963 6.665 1.036 18.9
3 16 6.665 1.036 18.9 13.137 3.123 16.963 10.257 7.171 18.922
3 16 12.197 -.818 16.359 13.825 .122 15.479 13.137 3.123 16.963
3 16 16.402 2.873 13.034 13.137 3.123 16.963 13.825 .122 15.479
3 16 13.825 .122 15.479 15.892 .488 12.578 16.402 2.873 13.034
3 16 13.825 .122 15.479 13.608 -1.656 14.776 15.892 .488 12.578
3 16 1.704 1.678 18.208 6.665 1.036 18.9 1.588 8.983 18.712
3 16 6.317 8.154 19.256 1.588 8.983 18.712 6.665 1.036 18.9
3 16 6.317 8.154 19.256 3.522 12.458 18.893 1.588 8.983 18.712
3 16 6.317 8.154 19.256 7.522 11.946 19.136 3.522 12.458 18.893
3 16 16.402 2.873 13.034 14.949 7.809 16.657 13.137 3.123 16.963
3 16 10.257 7.171 18.922 13.137 3.123 16.963 14.949 7.809 16.657
3 16 10.257 7.171 18.922 14.949 7.809 16.657 12.383 9.49 18.359
3 16 10.257 7.171 18.922 9.389 7.26 19.032 6.665 1.036 18.9
3 16 9.389 7.26 19.032 6.317 8.154 19.256 6.665 1.036 18.9
3 16 7.522 11.946 19.136 6.317 8.154 19.256 9.389 7.26 19.032
3 16 7.522 11.946 19.136 9.389 7.26 19.032 10.266 10.015 19.042
3 16 16.504 12.117 15.582 14.949 7.809 16.657 16.402 2.873 13.034
3 16 16.504 12.117 15.582 16.402 2.873 13.034 18.499 11.163 12.049
3 16 14.031 12.422 17.485 14.949 7.809 16.657 16.504 12.117 15.582
3 16 14.031 12.422 17.485 12.383 9.49 18.359 14.949 7.809 16.657
3 16 15.867 16.071 15.227 14.031 12.422 17.485 16.504 12.117 15.582
3 16 15.867 16.071 15.227 16.504 12.117 15.582 17.619 15.625 13.424
3 16 18.499 11.163 12.049 17.619 15.625 13.424 16.504 12.117 15.582
3 16 18.499 11.163 12.049 18.976 14.884 9.97 17.619 15.625 13.424
3 16 18.976 14.884 9.97 17.804 18.443 9.634 17.619 15.625 13.424
3 16 18.976 14.884 9.97 18.65 17.79 7.906 17.804 18.443 9.634
3 16 7.522 11.946 19.136 10.266 10.015 19.042 11.828 13.568 18.466
3 16 7.966 17.195 18.194 7.522 11.946 19.136 11.828 13.568 18.466
3 16 11.828 13.568 18.466 12.185 18.046 16.685 7.966 17.195 18.194
3 16 7.966 17.195 18.194 12.185 18.046 16.685 11.669 19.459 15.824
3 16 7.966 17.195 18.194 3.522 12.458 18.893 7.522 11.946 19.136
3 16 11.669 19.459 15.824 12.185 18.046 16.685 13.642 19.979 13.995
3 16 14.026 17.462 16.197 13.642 19.979 13.995 12.185 18.046 16.685
3 16 11.828 13.568 18.466 14.026 17.462 16.197 12.185 18.046 16.685
3 16 14.026 17.462 16.197 15.854 19.516 12.64 13.642 19.979 13.995
3 16 16.344 18.729 11.466 17.619 15.625 13.424 17.804 18.443 9.634
3 16 16.344 18.729 11.466 15.867 16.071 15.227 17.619 15.625 13.424
3 16 6.851 -9.615 4.059 9.382 -9.293 4.177 8.078 -9.372 6.258
3 16 6.851 -9.615 4.059 7.742 -9.521 2.829 9.382 -9.293 4.177
3 16 8.078 -9.372 6.258 9.382 -9.293 4.177 12.396 -7.661 6.666
3 16 8.078 -9.372 6.258 12.396 -7.661 6.666 10.708 -7.885 8.983
3 16 14.238 -5.829 7.612 10.708 -7.885 8.983 12.396 -7.661 6.666
3 16 14.238 -5.829 7.612 13.677 -4.214 11.699 10.708 -7.885 8.983
3 16 10.708 -7.885 8.983 13.677 -4.214 11.699 11.92 -4.656 13.715
3 16 11.92 -4.656 13.715 9.414 -7.092 11.627 10.708 -7.885 8.983
3 16 14.238 -5.829 7.612 15.142 -4.622 6.971 13.677 -4.214 11.699
3 16 9.414 -7.092 11.627 6.126 -9.124 7.038 8.078 -9.372 6.258
3 16 8.078 -9.372 6.258 10.708 -7.885 8.983 9.414 -7.092 11.627
3 16 6.126 -9.124 7.038 6.851 -9.615 4.059 8.078 -9.372 6.258
4 16 16.299 .397 11.244 15.949 .204 11.92 13.677 -4.214 11.699 15.142 -4.622 6.971
3 16 13.608 -1.656 14.776 11.92 -4.656 13.715 13.677 -4.214 11.699
3 16 15.949 .204 11.92 13.608 -1.656 14.776 13.677 -4.214 11.699
3 16 15.949 .204 11.92 15.892 .488 12.578 13.608 -1.656 14.776
3 16 -.043 9.128 17.617 .612 12.079 17.706 .044 12.112 17.574
3 16 1.06 11.675 17.895 .612 12.079 17.706 -.043 9.128 17.617
3 16 1.06 11.675 17.895 1.313 15 17.882 .612 12.079 17.706
3 16 1.06 11.675 17.895 3.212 14.385 17.996 1.313 15 17.882
3 16 .612 12.079 17.706 -.036 14.77 17.28 .044 12.112 17.574
3 16 .612 12.079 17.706 1.313 15 17.882 -.036 14.77 17.28
4 16 6.739 17.748 17.264 6.046 18.615 17.097 1.313 15 17.882 3.212 14.385 17.996
3 16 6.739 17.748 17.264 10.36 20.422 15.225 6.046 18.615 17.097
3 16 6.739 17.748 17.264 10.723 19.846 15.531 10.36 20.422 15.225
3 16 10.723 19.846 15.531 11.309 20.857 14.269 10.36 20.422 15.225
3 16 10.723 19.846 15.531 12.461 20.176 14.282 11.309 20.857 14.269
3 16 -.229 17.097 16.032 2.421 19.462 16.028 -.091 18.152 13.299
3 16 -.229 17.097 16.032 1.579 17.798 16.892 2.421 19.462 16.028
3 16 -.229 17.097 16.032 1.313 15 17.882 1.579 17.798 16.892
3 16 -.229 17.097 16.032 -.036 14.77 17.28 1.313 15 17.882
3 16 2.421 19.462 16.028 2.318 19.197 12.758 -.091 18.152 13.299
3 16 5.719 20.695 14.384 2.318 19.197 12.758 2.421 19.462 16.028
3 16 5.719 20.695 14.384 4.75 20.256 12.137 2.318 19.197 12.758
3 16 6.888 21.038 11.585 4.75 20.256 12.137 5.719 20.695 14.384
3 16 6.888 21.038 11.585 5.719 20.695 14.384 8.411 21.515 13.249
3 16 8.251 21.013 10.908 6.888 21.038 11.585 8.411 21.515 13.249
3 16 8.251 21.013 10.908 8.411 21.515 13.249 9.828 21.253 12.304
3 16 2.421 19.462 16.028 6.046 18.615 17.097 5.719 20.695 14.384
3 16 5.719 20.695 14.384 6.046 18.615 17.097 10.36 20.422 15.225
3 16 5.719 20.695 14.384 10.36 20.422 15.225 8.411 21.515 13.249
3 16 9.828 21.253 12.304 8.411 21.515 13.249 10.36 20.422 15.225
3 16 9.828 21.253 12.304 10.36 20.422 15.225 11.309 20.857 14.269
3 16 6.046 18.615 17.097 2.421 19.462 16.028 1.579 17.798 16.892
3 16 6.046 18.615 17.097 1.579 17.798 16.892 1.313 15 17.882
3 16 9.828 21.253 12.304 11.309 20.857 14.269 12.586 22.432 12.153
3 16 11.309 20.857 14.269 13.804 20.917 13.937 12.586 22.432 12.153
3 16 13.804 20.917 13.937 16.959 20.289 12.275 16.58 23.234 9.272
3 16 16.58 23.234 9.272 12.586 22.432 12.153 13.804 20.917 13.937
3 16 13.611 23.259 7.212 12.586 22.432 12.153 16.58 23.234 9.272
3 16 16.312 23.927 4.585 13.611 23.259 7.212 16.58 23.234 9.272
3 16 16.312 23.927 4.585 16.58 23.234 9.272 18.846 22.521 6.154
3 16 13.611 23.259 7.212 10.686 22.518 9.601 12.586 22.432 12.153
3 16 10.686 22.518 9.601 9.828 21.253 12.304 12.586 22.432 12.153
3 16 18.996 19.817 9.673 18.846 22.521 6.154 16.58 23.234 9.272
3 16 16.959 20.289 12.275 18.996 19.817 9.673 16.58 23.234 9.272
3 16 18.996 19.817 9.673 20.247 19.306 6.435 18.846 22.521 6.154
3 16 20.072 21.84 3.655 18.846 22.521 6.154 20.247 19.306 6.435
3 16 20.072 21.84 3.655 20.247 19.306 6.435 20.437 19.384 2.404
3 16 20.437 19.384 2.404 19.153 21.93 2.404 20.072 21.84 3.655
3 16 16.312 23.927 4.585 18.846 22.521 6.154 20.072 21.84 3.655
3 16 20.072 21.84 3.655 19.153 21.93 2.404 16.312 23.927 4.585
3 16 20.437 19.384 2.404 19.483 19.913 -.787 19.153 21.93 2.404
3 16 10.686 22.518 9.601 8.251 21.013 10.908 9.828 21.253 12.304
3 16 13.804 20.917 13.937 12.461 20.176 14.282 13.642 19.979 13.995
3 16 13.804 20.917 13.937 11.309 20.857 14.269 12.461 20.176 14.282
3 16 15.854 19.516 12.64 13.804 20.917 13.937 13.642 19.979 13.995
3 16 15.854 19.516 12.64 16.959 20.289 12.275 13.804 20.917 13.937
3 16 15.854 19.516 12.64 16.344 18.729 11.466 16.959 20.289 12.275
4 16 18.996 19.817 9.673 16.959 20.289 12.275 16.344 18.729 11.466 17.804 18.443 9.634
3 16 18.996 19.817 9.673 17.804 18.443 9.634 18.65 17.79 7.906
3 16 18.996 19.817 9.673 18.65 17.79 7.906 20.247 19.306 6.435
3 16 20.247 19.306 6.435 18.65 17.79 7.906 19.007 17.311 6.766
3 16 20.247 19.306 6.435 19.007 17.311 6.766 19.324 17.612 5.576
3 16 20.437 19.384 2.404 20.247 19.306 6.435 19.324 17.612 5.576
3 16 20.437 19.384 2.404 19.324 17.612 5.576 19.818 18.415 2.266
3 16 19.451 18.774 .051 20.437 19.384 2.404 19.818 18.415 2.266
3 16 19.451 18.774 .051 19.483 19.913 -.787 20.437 19.384 2.404
3 16 18.499 11.163 12.049 17.385 6.846 10.982 18.272 10.446 9.944
3 16 18.499 11.163 12.049 16.402 2.873 13.034 17.385 6.846 10.982
3 16 16.5 2.908 11.628 17.385 6.846 10.982 16.402 2.873 13.034
3 16 18.976 14.884 9.97 18.499 11.163 12.049 18.272 10.446 9.944
3 16 18.976 14.884 9.97 18.272 10.446 9.944 18.9 14.517 8.06
3 16 18.9 14.517 8.06 18.65 17.79 7.906 18.976 14.884 9.97
3 16 18.9 14.517 8.06 19.007 17.311 6.766 18.65 17.79 7.906
3 16 16.5 2.908 11.628 16.402 2.873 13.034 15.892 .488 12.578
3 16 16.5 2.908 11.628 15.892 .488 12.578 15.949 .204 11.92
3 16 11.073 9.68 18.562 10.266 10.015 19.042 9.389 7.26 19.032
3 16 11.073 9.68 18.562 11.828 13.568 18.466 10.266 10.015 19.042
3 16 11.073 9.68 18.562 12.899 13.3 17.418 11.828 13.568 18.466
3 16 12.899 13.3 17.418 14.026 17.462 16.197 11.828 13.568 18.466
3 16 12.899 13.3 17.418 15.024 16.83 15.026 14.026 17.462 16.197
3 16 15.024 16.83 15.026 15.854 19.516 12.64 14.026 17.462 16.197
3 16 11.073 9.68 18.562 10.257 7.171 18.922 12.383 9.49 18.359
3 16 11.073 9.68 18.562 9.389 7.26 19.032 10.257 7.171 18.922
3 16 12.383 9.49 18.359 12.899 13.3 17.418 11.073 9.68 18.562
3 16 12.383 9.49 18.359 14.031 12.422 17.485 12.899 13.3 17.418
3 16 15.867 16.071 15.227 12.899 13.3 17.418 14.031 12.422 17.485
3 16 15.867 16.071 15.227 15.024 16.83 15.026 12.899 13.3 17.418
3 16 16.344 18.729 11.466 15.024 16.83 15.026 15.867 16.071 15.227
3 16 16.344 18.729 11.466 15.854 19.516 12.64 15.024 16.83 15.026
3 16 18.324 6.338 9.81 16.5 2.908 11.628 16.299 .397 11.244
3 16 18.324 6.338 9.81 17.385 6.846 10.982 16.5 2.908 11.628
3 16 18.272 10.446 9.944 17.385 6.846 10.982 18.324 6.338 9.81
3 16 18.272 10.446 9.944 18.324 6.338 9.81 19.081 10.037 8.811
3 16 18.9 14.517 8.06 18.272 10.446 9.944 19.081 10.037 8.811
3 16 18.9 14.517 8.06 19.081 10.037 8.811 19.214 14.337 7.192
3 16 19.007 17.311 6.766 18.9 14.517 8.06 19.214 14.337 7.192
3 16 19.007 17.311 6.766 19.214 14.337 7.192 19.324 17.612 5.576
3 16 16.5 2.908 11.628 15.949 .204 11.92 16.299 .397 11.244
3 16 6.075 -6.446 -9.54 8.045 -3.081 -10.739 7.714 -5.433 -8.349
3 16 6.075 -6.446 -9.54 7.592 -3.283 -12.009 8.045 -3.081 -10.739
3 16 7.592 -3.283 -12.009 6.075 -6.446 -9.54 5.254 -5.317 -12.147
3 16 7.592 -3.283 -12.009 5.254 -5.317 -12.147 6.87 -2.846 -13.783
3 16 3.777 -4.109 -14.524 6.87 -2.846 -13.783 5.254 -5.317 -12.147
3 16 3.777 -4.109 -14.524 5.254 -5.317 -12.147 3.747 -5.028 -13.565
4 16 6.075 -6.446 -9.54 3.808 -7.707 -9.439 2.782 -5.602 -13.795 5.254 -5.317 -12.147
3 16 2.782 -5.602 -13.795 3.747 -5.028 -13.565 5.254 -5.317 -12.147
3 16 3.777 -4.109 -14.524 4.84 -1.389 -15.905 6.87 -2.846 -13.783
3 16 3.777 -4.109 -14.524 3.292 -2.953 -15.582 4.84 -1.389 -15.905
3 16 4.84 -1.389 -15.905 3.292 -2.953 -15.582 1.892 -.681 -16.641
3 16 4.84 -1.389 -15.905 1.892 -.681 -16.641 2.601 -.002 -16.803
3 16 -.13 1.053 -16.409 2.601 -.002 -16.803 1.892 -.681 -16.641
3 16 3.446 -11.077 -4.818 -3.616 -10.761 -6.441 3.893 -9.561 -8.035
3 16 3.446 -11.077 -4.818 -3.038 -11.819 -3.381 -3.616 -10.761 -6.441
3 16 -3.616 -10.761 -6.441 -3.038 -11.819 -3.381 -8.86 -10.039 -2.67
3 16 -3.616 -10.761 -6.441 -8.86 -10.039 -2.67 -9.167 -8.983 -5.626
3 16 -9.167 -8.983 -5.626 -8.86 -10.039 -2.67 -13.221 -6.103 -2.14
3 16 -9.167 -8.983 -5.626 -13.221 -6.103 -2.14 -13.386 -4.703 -5.697
3 16 -13.386 -4.703 -5.697 -13.221 -6.103 -2.14 -16.443 .347 -5.508
3 16 -17.314 2.62 -.133 -17.279 4.067 -3.805 -16.443 .347 -5.508
3 16 -17.314 2.62 -.133 -17.417 7.008 -1.712 -17.279 4.067 -3.805
3 16 -17.314 2.62 -.133 -17.968 5.86 1.736 -17.417 7.008 -1.712
3 16 -17.968 5.86 1.736 -17.644 9.36 -.02 -17.417 7.008 -1.712
3 16 -17.968 5.86 1.736 -18.588 8.43 3.36 -17.644 9.36 -.02
3 16 -18.588 8.43 3.36 -17.956 11.678 .729 -17.644 9.36 -.02
3 16 -17.956 11.678 .729 -18.588 8.43 3.36 -19.086 14.709 2.747
3 16 -17.956 11.678 .729 -19.086 14.709 2.747 -17.898 14.547 .263
3 16 -8.86 -10.039 -2.67 -11.313 -8.423 1.116 -13.221 -6.103 -2.14
3 16 -8.86 -10.039 -2.67 -8.043 -10.344 .687 -11.313 -8.423 1.116
3 16 -8.86 -10.039 -2.67 -4.135 -11.71 .175 -8.043 -10.344 .687
3 16 -8.86 -10.039 -2.67 -3.038 -11.819 -3.381 -4.135 -11.71 .175
3 16 -3.038 -11.819 -3.381 -.268 -12.113 -.614 -4.135 -11.71 .175
3 16 3.446 -11.077 -4.818 -.268 -12.113 -.614 -3.038 -11.819 -3.381
3 16 3.446 -11.077 -4.818 3.754 -11.651 -2.091 -.268 -12.113 -.614
3 16 -17.09 1.012 3.555 -18.16 4.569 5.43 -17.968 5.86 1.736
4 16 -17.968 5.86 1.736 -18.16 4.569 5.43 -18.854 7.552 6.999 -18.588 8.43 3.36
3 16 -18.588 8.43 3.36 -19.449 14.46 6.182 -19.086 14.709 2.747
4 16 -18.854 7.552 6.999 -19.256 10.921 7.895 -19.449 14.46 6.182 -18.588 8.43 3.36
3 16 6.075 -10.213 -4.707 3.754 -11.651 -2.091 3.446 -11.077 -4.818
3 16 -19.12 17.899 3.105 -19.086 14.709 2.747 -19.449 14.46 6.182
3 16 3.893 -9.561 -8.035 6.075 -10.213 -4.707 3.446 -11.077 -4.818
3 16 3.893 -9.561 -8.035 6.801 -8.436 -7.793 6.075 -10.213 -4.707
3 16 -17.314 2.62 -.133 -16.443 .347 -5.508 -15.808 -2.377 2.075
3 16 -15.808 -2.377 2.075 -17.09 1.012 3.555 -17.314 2.62 -.133
3 16 -15.808 -2.377 2.075 -16.443 .347 -5.508 -13.221 -6.103 -2.14
3 16 -13.221 -6.103 -2.14 -13.94 -5.379 1.568 -15.808 -2.377 2.075
3 16 -11.313 -8.423 1.116 -13.94 -5.379 1.568 -13.221 -6.103 -2.14
3 16 -17.09 1.012 3.555 -17.968 5.86 1.736 -17.314 2.62 -.133
3 16 -19.12 17.899 3.105 -18.91 18.101 1.621 -19.086 14.709 2.747
3 16 -19.086 14.709 2.747 -18.91 18.101 1.621 -18.35 16.887 .468
3 16 -19.086 14.709 2.747 -18.35 16.887 .468 -17.898 14.547 .263
3 16 -16.443 .347 -5.508 -15.241 4.846 -5.184 -14.624 1.081 -6.854
3 16 -16.443 .347 -5.508 -17.279 4.067 -3.805 -15.241 4.846 -5.184
3 16 -12.261 -3.364 -6.991 -16.443 .347 -5.508 -14.624 1.081 -6.854
3 16 -12.261 -3.364 -6.991 -13.386 -4.703 -5.697 -16.443 .347 -5.508
4 16 -9.167 -8.983 -5.626 -13.386 -4.703 -5.697 -12.261 -3.364 -6.991 -8.878 -6.626 -7.032
3 16 -3.64 -8.513 -7.865 -9.167 -8.983 -5.626 -8.878 -6.626 -7.032
3 16 -3.64 -8.513 -7.865 -3.616 -10.761 -6.441 -9.167 -8.983 -5.626
3 16 3.893 -9.561 -8.035 -3.616 -10.761 -6.441 -3.64 -8.513 -7.865
3 16 3.893 -9.561 -8.035 -3.64 -8.513 -7.865 3.808 -7.707 -9.439
3 16 -17.417 7.008 -1.712 -15.241 4.846 -5.184 -17.279 4.067 -3.805
3 16 -17.417 7.008 -1.712 -14.657 9.267 -1.704 -15.241 4.846 -5.184
4 16 3.893 -9.561 -8.035 3.808 -7.707 -9.439 6.075 -6.446 -9.54 6.801 -8.436 -7.793
3 16 6.075 -6.446 -9.54 7.923 -6.471 -7.253 6.801 -8.436 -7.793
3 16 6.075 -6.446 -9.54 7.714 -5.433 -8.349 7.923 -6.471 -7.253
3 16 -17.644 9.36 -.02 -14.657 9.267 -1.704 -17.417 7.008 -1.712
3 16 -15.945 11.93 -.668 -14.657 9.267 -1.704 -17.644 9.36 -.02
3 16 -15.945 11.93 -.668 -17.644 9.36 -.02 -17.956 11.678 .729
3 16 -15.945 11.93 -.668 -17.956 11.678 .729 -17.898 14.547 .263
3 16 -15.945 11.93 -.668 -17.898 14.547 .263 -15.891 14.235 -.689
4 16 -18.386 17.33 -1.724 -15.564 16.097 -2.402 -15.891 14.235 -.689 -17.898 14.547 .263
3 16 -13.23 15.928 -1.247 -15.891 14.235 -.689 -15.564 16.097 -2.402
3 16 -13.23 15.928 -1.247 -13.154 14.262 -.61 -15.891 14.235 -.689
3 16 -14.657 9.267 -1.704 -15.945 11.93 -.668 -13.134 11.981 -.582
4 16 -13.154 14.262 -.61 -13.134 11.981 -.582 -15.945 11.93 -.668 -15.891 14.235 -.689
3 16 -13.134 11.981 -.582 -13.064 9.028 -1.638 -14.657 9.267 -1.704
3 16 -6.851 2.174 -14.498 -6.181 -1.062 -13.917 -7.887 2.182 -13.143
3 16 -6.851 2.174 -14.498 -5.221 -.992 -15.793 -6.181 -1.062 -13.917
3 16 -4.78 -3.117 -13.993 -6.181 -1.062 -13.917 -5.221 -.992 -15.793
3 16 -4.78 -3.117 -13.993 -5.221 -.992 -15.793 -3.914 -3.145 -15.355
3 16 -4.78 -3.117 -13.993 -3.914 -3.145 -15.355 -3.505 -4.701 -14.302
3 16 -4.78 -3.117 -13.993 -3.505 -4.701 -14.302 -3.88 -4.818 -13.856
3 16 -7.887 2.182 -13.143 -7.406 3.542 -12.79 -6.851 2.174 -14.498
3 16 -7.887 2.182 -13.143 -7.69 3.522 -11.905 -7.406 3.542 -12.79
3 16 -.949 -6.137 -12.703 -3.505 -4.701 -14.302 1.265 -4.88 -15.023
3 16 -.949 -6.137 -12.703 -3.88 -4.818 -13.856 -3.505 -4.701 -14.302
3 16 -3.505 -4.701 -14.302 -1.105 -2.708 -16.248 1.265 -4.88 -15.023
3 16 -3.505 -4.701 -14.302 -3.914 -3.145 -15.355 -1.105 -2.708 -16.248
3 16 -3.914 -3.145 -15.355 -3.624 -.02 -16.307 -1.105 -2.708 -16.248
3 16 -3.914 -3.145 -15.355 -5.221 -.992 -15.793 -3.624 -.02 -16.307
3 16 -5.816 2.382 -14.723 -3.624 -.02 -16.307 -5.221 -.992 -15.793
3 16 -5.816 2.382 -14.723 -5.221 -.992 -15.793 -6.851 2.174 -14.498
3 16 -3.678 -6.616 -12.02 -3.88 -4.818 -13.856 -.949 -6.137 -12.703
3 16 -3.678 -6.616 -12.02 -4.997 -4.715 -13.466 -3.88 -4.818 -13.856
3 16 -.949 -6.137 -12.703 3.808 -7.707 -9.439 -3.678 -6.616 -12.02
3 16 -4.997 -4.715 -13.466 -3.678 -6.616 -12.02 -7.491 -4.453 -12.336
3 16 -8.869 -5.683 -9.137 -7.491 -4.453 -12.336 -3.678 -6.616 -12.02
3 16 -4.997 -4.715 -13.466 -7.491 -4.453 -12.336 -6.337 -3.322 -13.834
3 16 -7.491 -4.453 -12.336 -7.939 -1.116 -14.192 -6.337 -3.322 -13.834
3 16 -7.491 -4.453 -12.336 -10.336 -1.753 -11.953 -7.939 -1.116 -14.192
3 16 -10.336 -1.753 -11.953 -7.491 -4.453 -12.336 -8.869 -5.683 -9.137
3 16 -9.531 2.157 -13.795 -7.939 -1.116 -14.192 -10.336 -1.753 -11.953
3 16 -9.531 2.157 -13.795 -10.336 -1.753 -11.953 -12.476 2.733 -11.219
3 16 -9.483 4.712 -11.772 -9.531 2.157 -13.795 -12.476 2.733 -11.219
3 16 -9.483 4.712 -11.772 -12.476 2.733 -11.219 -11.345 5.294 -9.757
3 16 -10.336 -1.753 -11.953 -12.261 -3.364 -6.991 -14.194 1.528 -8.751
3 16 -10.336 -1.753 -11.953 -8.869 -5.683 -9.137 -12.261 -3.364 -6.991
3 16 -14.194 1.528 -8.751 -12.476 2.733 -11.219 -10.336 -1.753 -11.953
3 16 -14.194 1.528 -8.751 -14.779 4.958 -7.202 -12.476 2.733 -11.219
3 16 -11.345 5.294 -9.757 -12.476 2.733 -11.219 -14.779 4.958 -7.202
3 16 -11.345 5.294 -9.757 -14.779 4.958 -7.202 -12.989 6.523 -7.048
3 16 -12.989 6.523 -7.048 -14.779 4.958 -7.202 -14.86 7.163 -5.019
3 16 -12.989 6.523 -7.048 -14.86 7.163 -5.019 -13.297 7.525 -4.96
3 16 -13.297 7.525 -4.96 -14.86 7.163 -5.019 -14.657 9.267 -1.704
3 16 -13.297 7.525 -4.96 -14.657 9.267 -1.704 -13.064 9.028 -1.638
3 16 -8.869 -5.683 -9.137 -8.878 -6.626 -7.032 -12.261 -3.364 -6.991
4 16 -8.878 -6.626 -7.032 -8.869 -5.683 -9.137 -3.678 -6.616 -12.02 -3.64 -8.513 -7.865
3 16 -3.678 -6.616 -12.02 3.808 -7.707 -9.439 -3.64 -8.513 -7.865
3 16 -12.261 -3.364 -6.991 -14.624 1.081 -6.854 -14.194 1.528 -8.751
4 16 -14.194 1.528 -8.751 -14.624 1.081 -6.854 -15.241 4.846 -5.184 -14.779 4.958 -7.202
3 16 -14.86 7.163 -5.019 -14.779 4.958 -7.202 -15.241 4.846 -5.184
3 16 -14.86 7.163 -5.019 -15.241 4.846 -5.184 -14.657 9.267 -1.704
3 16 -.949 -6.137 -12.703 2.782 -5.602 -13.795 3.808 -7.707 -9.439
3 16 -.949 -6.137 -12.703 1.265 -4.88 -15.023 2.782 -5.602 -13.795
3 16 -3.829 2.318 -14.583 -3.624 -.02 -16.307 -5.816 2.382 -14.723
3 16 -3.829 2.318 -14.583 -2.552 .995 -15.281 -3.624 -.02 -16.307
3 16 -3.624 -.02 -16.307 -2.552 .995 -15.281 -.165 -1.115 -15.482
3 16 -3.624 -.02 -16.307 -.165 -1.115 -15.482 -1.105 -2.708 -16.248
3 16 2.306 -3.464 -14.824 -1.105 -2.708 -16.248 -.165 -1.115 -15.482
3 16 2.306 -3.464 -14.824 1.265 -4.88 -15.023 -1.105 -2.708 -16.248
3 16 2.306 -3.464 -14.824 2.782 -5.602 -13.795 1.265 -4.88 -15.023
3 16 2.306 -3.464 -14.824 3.747 -5.028 -13.565 2.782 -5.602 -13.795
3 16 -5.816 2.382 -14.723 -4.047 3.11 -13.933 -3.829 2.318 -14.583
3 16 -5.816 2.382 -14.723 -6.826 3.557 -12.976 -4.047 3.11 -13.933
3 16 -2.552 .995 -15.281 -.13 1.053 -16.409 -.165 -1.115 -15.482
3 16 -2.552 .995 -15.281 -1.698 1.783 -15.69 -.13 1.053 -16.409
3 16 -2.82 2.328 -14.926 -1.698 1.783 -15.69 -2.552 .995 -15.281
3 16 -2.82 2.328 -14.926 -2.552 .995 -15.281 -3.829 2.318 -14.583
3 16 -3.829 2.318 -14.583 -2.46 3.035 -14.117 -2.82 2.328 -14.926
3 16 -3.829 2.318 -14.583 -4.047 3.11 -13.933 -2.46 3.035 -14.117
3 16 1.892 -.681 -16.641 -.165 -1.115 -15.482 -.13 1.053 -16.409
4 16 3.292 -2.953 -15.582 2.306 -3.464 -14.824 -.165 -1.115 -15.482 1.892 -.681 -16.641
3 16 3.777 -4.109 -14.524 2.306 -3.464 -14.824 3.292 -2.953 -15.582
3 16 3.777 -4.109 -14.524 3.747 -5.028 -13.565 2.306 -3.464 -14.824
3 16 .678 1.756 -15.996 -.13 1.053 -16.409 -1.698 1.783 -15.69
3 16 -1.698 1.783 -15.69 -.068 2.626 -15.156 .678 1.756 -15.996
3 16 2.846 .797 -16.512 -.13 1.053 -16.409 .678 1.756 -15.996
3 16 -.13 1.053 -16.409 2.846 .797 -16.512 2.601 -.002 -16.803
3 16 2.906 1.582 -15.811 .678 1.756 -15.996 -.068 2.626 -15.156
3 16 2.906 1.582 -15.811 2.846 .797 -16.512 .678 1.756 -15.996
3 16 5.26 -.172 -15.52 4.84 -1.389 -15.905 2.601 -.002 -16.803
3 16 5.26 -.172 -15.52 2.846 .797 -16.512 2.906 1.582 -15.811
3 16 2.601 -.002 -16.803 2.846 .797 -16.512 5.26 -.172 -15.52
4 16 4.84 -1.389 -15.905 5.26 -.172 -15.52 7.325 -1.023 -13.372 6.87 -2.846 -13.783
3 16 5.26 -.172 -15.52 2.906 1.582 -15.811 5.099 .889 -14.507
3 16 5.099 .889 -14.507 7.325 -1.023 -13.372 5.26 -.172 -15.52
3 16 5.099 .889 -14.507 6.48 .734 -12.211 7.325 -1.023 -13.372
3 16 6.48 .734 -12.211 7.686 -1.383 -12.448 7.325 -1.023 -13.372
4 16 7.325 -1.023 -13.372 7.686 -1.383 -12.448 7.592 -3.283 -12.009 6.87 -2.846 -13.783
3 16 7.592 -3.283 -12.009 7.686 -1.383 -12.448 8.141 -1.612 -11.614
3 16 7.592 -3.283 -12.009 8.141 -1.612 -11.614 8.045 -3.081 -10.739
3 16 8.141 -1.612 -11.614 7.686 -1.383 -12.448 6.882 .379 -11.147
3 16 6.882 .379 -11.147 7.671 -.008 -10.912 8.141 -1.612 -11.614
3 16 6.48 .734 -12.211 6.882 .379 -11.147 7.686 -1.383 -12.448
3 16 -1.698 1.783 -15.69 -2.46 3.035 -14.117 -.068 2.626 -15.156
3 16 -1.698 1.783 -15.69 -2.82 2.328 -14.926 -2.46 3.035 -14.117
3 16 -2.46 3.035 -14.117 -4.047 3.11 -13.933 -2.852 2.469 -12.052
3 16 0 1.825 -12.081 -2.46 3.035 -14.117 -2.852 2.469 -12.052
3 16 0 1.825 -12.081 -.068 2.626 -15.156 -2.46 3.035 -14.117
3 16 0 1.825 -12.081 2.906 1.582 -15.811 -.068 2.626 -15.156
3 16 0 1.825 -12.081 2.925 1.172 -10.954 2.906 1.582 -15.811
3 16 2.925 1.172 -10.954 5.099 .889 -14.507 2.906 1.582 -15.811
3 16 4.212 .889 -10.168 5.34 .855 -9.34 6.48 .734 -12.211
3 16 5.099 .889 -14.507 2.925 1.172 -10.954 4.212 .889 -10.168
3 16 4.212 .889 -10.168 6.48 .734 -12.211 5.099 .889 -14.507
3 16 6.48 .734 -12.211 5.34 .855 -9.34 6.882 .379 -11.147
3 16 5.34 .855 -9.34 7.671 -.008 -10.912 6.882 .379 -11.147
3 16 5.34 .855 -9.34 8.157 1.172 -8.157 7.671 -.008 -10.912
3 16 9.331 1.062 -11.226 7.671 -.008 -10.912 8.157 1.172 -8.157
3 16 11.386 3.6 -10.004 9.331 1.062 -11.226 8.157 1.172 -8.157
4 16 12.446 5.665 -7.496 11.386 3.6 -10.004 9.951 2.469 -7.386 10.962 4 -6.544
3 16 8.157 1.172 -8.157 9.951 2.469 -7.386 11.386 3.6 -10.004
3 16 10.962 4 -6.544 11.419 5.312 -5.86 12.446 5.665 -7.496
3 16 12.446 5.665 -7.496 11.419 5.312 -5.86 12.011 6.276 -4.975
3 16 -4.78 -3.117 -13.993 -4.997 -4.715 -13.466 -6.337 -3.322 -13.834
3 16 -4.78 -3.117 -13.993 -3.88 -4.818 -13.856 -4.997 -4.715 -13.466
3 16 -6.337 -3.322 -13.834 -6.181 -1.062 -13.917 -4.78 -3.117 -13.993
3 16 -6.337 -3.322 -13.834 -7.939 -1.116 -14.192 -6.181 -1.062 -13.917
3 16 -7.887 2.182 -13.143 -6.181 -1.062 -13.917 -7.939 -1.116 -14.192
3 16 -7.887 2.182 -13.143 -7.939 -1.116 -14.192 -9.531 2.157 -13.795
3 16 -9.531 2.157 -13.795 -7.69 3.522 -11.905 -7.887 2.182 -13.143
3 16 -9.531 2.157 -13.795 -9.483 4.712 -11.772 -7.69 3.522 -11.905
3 16 -7.69 3.522 -11.905 -9.192 4.501 -9.192 -6.519 3.1 -11.449
3 16 -7.69 3.522 -11.905 -9.483 4.712 -11.772 -9.192 4.501 -9.192
3 16 -9.483 4.712 -11.772 -11.345 5.294 -9.757 -9.192 4.501 -9.192
3 16 -11.345 5.294 -9.757 -10.9 5.777 -6.636 -9.192 4.501 -9.192
3 16 -11.345 5.294 -9.757 -12.989 6.523 -7.048 -10.9 5.777 -6.636
3 16 -12.989 6.523 -7.048 -12.011 7.213 -4.975 -10.9 5.777 -6.636
3 16 -12.989 6.523 -7.048 -13.297 7.525 -4.96 -12.011 7.213 -4.975
3 16 -7.69 3.522 -11.905 -6.519 3.1 -11.449 -6.826 3.557 -12.976
3 16 -7.69 3.522 -11.905 -6.826 3.557 -12.976 -7.406 3.542 -12.79
3 16 -6.519 3.1 -11.449 -4.047 3.11 -13.933 -6.826 3.557 -12.976
3 16 -6.519 3.1 -11.449 -2.852 2.469 -12.052 -4.047 3.11 -13.933
3 16 -18.35 16.887 .468 -18.386 17.33 -1.724 -17.898 14.547 .263
3 16 -18.35 16.887 .468 -18.735 18.44 .345 -18.386 17.33 -1.724
3 16 -18.735 18.44 .345 -18.611 19.938 -.406 -18.386 17.33 -1.724
3 16 -18.611 19.938 -.406 -17.935 18.816 -4.15 -18.386 17.33 -1.724
3 16 -18.611 19.938 -.406 -17.985 19.48 -4.246 -17.935 18.816 -4.15
3 16 -17.985 19.48 -4.246 -17.047 18.992 -6.006 -17.935 18.816 -4.15
3 16 -17.985 19.48 -4.246 -16.205 19.892 -7.54 -17.047 18.992 -6.006
3 16 -15.529 22.144 9.794 -16.951 19.649 11.165 -14.706 20.898 12.63
3 16 -15.529 22.144 9.794 -17.147 21.344 8.998 -16.951 19.649 11.165
3 16 -17.147 21.344 8.998 -17.989 18.896 9.575 -16.951 19.649 11.165
3 16 -17.147 21.344 8.998 -18.793 20.209 6.498 -17.989 18.896 9.575
3 16 -14.157 22.738 9.819 -15.529 22.144 9.794 -14.706 20.898 12.63
3 16 -14.157 22.738 9.819 -14.706 20.898 12.63 -12.804 22.105 12.651
3 16 -14.157 22.738 9.819 -12.804 22.105 12.651 -11.227 22.492 11.499
3 16 -14.157 22.738 9.819 -11.227 22.492 11.499 -13.204 22.757 9.144
3 16 -14.157 22.738 9.819 -13.204 22.757 9.144 -14.764 22.715 7.083
3 16 -13.204 22.757 9.144 -11.227 22.492 11.499 -10.497 22.323 10.343
3 16 -13.204 22.757 9.144 -10.497 22.323 10.343 -12.459 22.535 8.656
3 16 -19.053 18.615 6.807 -17.989 18.896 9.575 -18.793 20.209 6.498
3 16 -18.793 20.209 6.498 -18.893 20.733 3.551 -19.601 19.089 2.781
3 16 -19.601 19.089 2.781 -19.053 18.615 6.807 -18.793 20.209 6.498
3 16 -19.383 19.367 1.597 -19.601 19.089 2.781 -18.893 20.733 3.551
3 16 -19.383 19.367 1.597 -18.893 20.733 3.551 -18.036 20.943 2.108
3 16 -19.383 19.367 1.597 -18.036 20.943 2.108 -18.611 19.938 -.406
3 16 -18.893 20.733 3.551 -16.032 22.126 4.242 -18.036 20.943 2.108
3 16 -18.893 20.733 3.551 -16.609 22.365 5.842 -16.032 22.126 4.242
3 16 -18.793 20.209 6.498 -16.609 22.365 5.842 -18.893 20.733 3.551
3 16 -16.609 22.365 5.842 -14.728 22.599 5.124 -16.032 22.126 4.242
3 16 -16.609 22.365 5.842 -14.764 22.715 7.083 -14.728 22.599 5.124
3 16 -14.728 22.599 5.124 -14.764 22.715 7.083 -13.873 22.587 5.314
3 16 -13.873 22.587 5.314 -13.204 22.757 9.144 -12.459 22.535 8.656
3 16 -13.873 22.587 5.314 -14.764 22.715 7.083 -13.204 22.757 9.144
3 16 -16.609 22.365 5.842 -17.147 21.344 8.998 -15.529 22.144 9.794
3 16 -18.793 20.209 6.498 -17.147 21.344 8.998 -16.609 22.365 5.842
3 16 -15.529 22.144 9.794 -14.764 22.715 7.083 -16.609 22.365 5.842
3 16 -14.764 22.715 7.083 -15.529 22.144 9.794 -14.157 22.738 9.819
3 16 -15.881 17.119 -4.655 -13.618 17.656 -3.545 -15.564 16.097 -2.402
3 16 -15.881 17.119 -4.655 -14.619 17.82 -5.388 -13.618 17.656 -3.545
3 16 -13.618 17.656 -3.545 -13.23 15.928 -1.247 -15.564 16.097 -2.402
3 16 -13.618 17.656 -3.545 -13.032 18.14 -2.93 -13.23 15.928 -1.247
3 16 -14.619 17.82 -5.388 -15.881 17.119 -4.655 -17.047 18.992 -6.006
3 16 -15.881 17.119 -4.655 -18.386 17.33 -1.724 -17.935 18.816 -4.15
3 16 -14.619 17.82 -5.388 -17.047 18.992 -6.006 -16.205 19.892 -7.54
3 16 -17.935 18.816 -4.15 -17.047 18.992 -6.006 -15.881 17.119 -4.655
3 16 -15.881 17.119 -4.655 -15.564 16.097 -2.402 -18.386 17.33 -1.724
3 16 -12.011 7.213 -4.975 -13.297 7.525 -4.96 -13.064 9.028 -1.638
4 16 16.293 15.607 -1.387 13.129 15.599 -1.462 12.665 15.906 -3.196 15.494 16.092 -4.345
3 16 16.293 15.607 -1.387 18.529 18.268 -3.148 18.278 16.932 -.5
3 16 16.293 15.607 -1.387 15.494 16.092 -4.345 18.529 18.268 -3.148
3 16 18.529 18.268 -3.148 19.483 19.913 -.787 19.451 18.774 .051
3 16 19.451 18.774 .051 18.278 16.932 -.5 18.529 18.268 -3.148
3 16 15.003 -4.966 -.795 15.702 -2.492 -1.36 16.005 -3.722 .859
3 16 16.005 -3.722 .859 15.702 -2.492 -1.36 16.933 .391 .469
3 16 16.005 -3.722 .859 16.933 .391 .469 17.474 -.741 3.18
3 16 17.868 3.38 2.197 17.474 -.741 3.18 16.933 .391 .469
3 16 17.868 3.38 2.197 18.748 2.982 4.795 17.474 -.741 3.18
3 16 18.426 6.995 3.403 18.748 2.982 4.795 17.868 3.38 2.197
3 16 18.426 6.995 3.403 19.36 6.649 5.779 18.748 2.982 4.795
3 16 19.659 11.804 5.577 19.36 6.649 5.779 18.426 6.995 3.403
3 16 19.659 11.804 5.577 18.426 6.995 3.403 18.99 11.687 3.646
3 16 19.818 18.415 2.266 19.659 11.804 5.577 18.99 11.687 3.646
3 16 19.818 18.415 2.266 18.99 11.687 3.646 19.451 18.774 .051
3 16 18.312 19.697 -4.683 19.483 19.913 -.787 18.529 18.268 -3.148
4 16 18.529 18.268 -3.148 15.494 16.092 -4.345 15.254 17.981 -6.267 18.312 19.697 -4.683
4 16 12.665 15.906 -3.196 12.617 18.101 -5.463 15.254 17.981 -6.267 15.494 16.092 -4.345
3 16 15.254 17.981 -6.267 16.835 20.021 -7.328 18.312 19.697 -4.683
3 16 14.914 22.098 2.837 13.787 20.909 3.343 13.611 23.259 7.212
3 16 13.611 23.259 7.212 16.312 23.927 4.585 14.914 22.098 2.837
3 16 13.611 23.259 7.212 13.787 20.909 3.343 11.392 21.321 7.982
3 16 13.611 23.259 7.212 11.392 21.321 7.982 10.686 22.518 9.601
3 16 16.629 23.544 1.136 14.914 22.098 2.837 16.312 23.927 4.585
3 16 16.629 23.544 1.136 15.56 21.84 .195 14.914 22.098 2.837
3 16 14.914 22.098 2.837 13.928 20.723 -.201 13.787 20.909 3.343
3 16 14.914 22.098 2.837 15.56 21.84 .195 13.928 20.723 -.201
3 16 9.284 20.655 10.383 10.686 22.518 9.601 11.392 21.321 7.982
3 16 9.284 20.655 10.383 8.251 21.013 10.908 10.686 22.518 9.601
3 16 -6.851 2.174 -14.498 -6.826 3.557 -12.976 -5.816 2.382 -14.723
3 16 -6.851 2.174 -14.498 -7.406 3.542 -12.79 -6.826 3.557 -12.976
3 16 -18.418 9.506 9.08 -17.655 9.937 10.673 -18.024 11.269 9.333
3 16 -18.418 9.506 9.08 -18.067 8.637 10.366 -17.655 9.937 10.673
3 16 -18.067 8.637 10.366 -18.418 9.506 9.08 -17.509 4.824 9.219
3 16 -18.067 8.637 10.366 -17.509 4.824 9.219 -17.519 5.889 11.01
3 16 -15.01 -.968 9.526 -17.519 5.889 11.01 -17.509 4.824 9.219
3 16 -15.01 -.968 9.526 -15.422 1.218 12.345 -17.519 5.889 11.01
3 16 -17.222 4.11 7.974 -15.01 -.968 9.526 -17.509 4.824 9.219
3 16 -17.222 4.11 7.974 -15.805 1.021 8.112 -15.01 -.968 9.526
3 16 -17.509 4.824 9.219 -18.094 6.495 7.688 -17.222 4.11 7.974
3 16 -17.509 4.824 9.219 -18.418 9.506 9.08 -18.094 6.495 7.688
3 16 -12.124 38.594 -15.287 -10.974 40.501 -16.634 -10.858 38.438 -15.936
3 16 -12.124 38.594 -15.287 -14.408 40.606 -14.381 -10.974 40.501 -16.634
3 16 -14.408 40.606 -14.381 -11.236 42.578 -16.96 -10.974 40.501 -16.634
3 16 -14.408 40.606 -14.381 -14.275 43.007 -14.292 -11.236 42.578 -16.96
3 16 -14.275 43.007 -14.292 -11.351 44.791 -16.155 -11.236 42.578 -16.96
3 16 -14.275 43.007 -14.292 -12.609 46.843 -13.534 -11.351 44.791 -16.155
3 16 -12.609 46.843 -13.534 -11.089 47.915 -13.56 -11.351 44.791 -16.155
3 16 -13.486 38.617 -14.271 -14.408 40.606 -14.381 -12.124 38.594 -15.287
3 16 -9.429 40.431 -16.084 -10.858 38.438 -15.936 -10.974 40.501 -16.634
3 16 -9.429 40.431 -16.084 -9.947 38.287 -15.911 -10.858 38.438 -15.936
3 16 -10.974 40.501 -16.634 -9.43 42.549 -15.71 -9.429 40.431 -16.084
3 16 -10.974 40.501 -16.634 -11.236 42.578 -16.96 -9.43 42.549 -15.71
3 16 -11.351 44.791 -16.155 -9.43 42.549 -15.71 -11.236 42.578 -16.96
3 16 -11.351 44.791 -16.155 -9.76 44.588 -15.18 -9.43 42.549 -15.71
3 16 -11.351 44.791 -16.155 -11.089 47.915 -13.56 -9.76 44.588 -15.18
3 16 -9.76 44.588 -15.18 -11.089 47.915 -13.56 -9.704 47.2 -13.453
3 16 -9.76 44.588 -15.18 -9.704 47.2 -13.453 -8.541 44.804 -13.549
3 16 -7.787 42.604 -13.996 -9.76 44.588 -15.18 -8.541 44.804 -13.549
3 16 -7.787 42.604 -13.996 -9.43 42.549 -15.71 -9.76 44.588 -15.18
3 16 -8.039 40.222 -15.121 -9.43 42.549 -15.71 -7.787 42.604 -13.996
3 16 -8.039 40.222 -15.121 -9.429 40.431 -16.084 -9.43 42.549 -15.71
3 16 -8.993 38.24 -15.122 -9.429 40.431 -16.084 -8.039 40.222 -15.121
3 16 -8.993 38.24 -15.122 -9.947 38.287 -15.911 -9.429 40.431 -16.084
3 16 -10.858 38.438 -15.936 -11.974 36.541 -17.177 -12.124 38.594 -15.287
3 16 -10.858 38.438 -15.936 -10.051 36.683 -17.116 -11.974 36.541 -17.177
3 16 -11.974 36.541 -17.177 -13.233 36.975 -16.2 -12.124 38.594 -15.287
3 16 -13.233 36.975 -16.2 -13.486 38.617 -14.271 -12.124 38.594 -15.287
3 16 -13.233 36.975 -16.2 -14.301 37.293 -13.648 -13.486 38.617 -14.271
3 16 -9.947 38.287 -15.911 -10.051 36.683 -17.116 -10.858 38.438 -15.936
3 16 -10.051 36.683 -17.116 -9.947 38.287 -15.911 -8.993 38.24 -15.122
3 16 -10.051 36.683 -17.116 -8.993 38.24 -15.122 -8.154 36.507 -14.72
3 16 -8.572 38.082 -11.8 -8.154 36.507 -14.72 -8.993 38.24 -15.122
3 16 -8.572 38.082 -11.8 -7.968 36.465 -11.8 -8.154 36.507 -14.72
3 16 -13.802 38.615 -11.8 -13.486 38.617 -14.271 -14.301 37.293 -13.648
3 16 -13.802 38.615 -11.8 -14.301 37.293 -13.648 -14.349 37.193 -11.8
3 16 -13.309 35.712 -15.895 -13.233 36.975 -16.2 -11.974 36.541 -17.177
3 16 -13.309 35.712 -15.895 -11.974 36.541 -17.177 -12.141 35.162 -16.276
3 16 -13.233 36.975 -16.2 -14.159 36.234 -13.703 -14.301 37.293 -13.648
3 16 -13.233 36.975 -16.2 -13.309 35.712 -15.895 -14.159 36.234 -13.703
3 16 -14.301 37.293 -13.648 -14.294 36.196 -11.8 -14.349 37.193 -11.8
3 16 -14.301 37.293 -13.648 -14.159 36.234 -13.703 -14.294 36.196 -11.8
3 16 -8.384 35.217 -11.884 -8.154 36.507 -14.72 -7.968 36.465 -11.8
3 16 -8.384 35.217 -11.884 -8.762 35.159 -14.508 -8.154 36.507 -14.72
3 16 -8.154 36.507 -14.72 -8.762 35.159 -14.508 -9.956 35.158 -16.504
3 16 -8.154 36.507 -14.72 -9.956 35.158 -16.504 -10.051 36.683 -17.116
3 16 -11.314 35.267 -16.792 -10.051 36.683 -17.116 -9.956 35.158 -16.504
3 16 -11.314 35.267 -16.792 -11.974 36.541 -17.177 -10.051 36.683 -17.116
3 16 -11.314 35.267 -16.792 -12.141 35.162 -16.276 -11.974 36.541 -17.177
3 16 -12.482 32.459 -16.737 -13.309 35.712 -15.895 -12.141 35.162 -16.276
3 16 -12.482 32.459 -16.737 -14.896 32.617 -16.931 -13.309 35.712 -15.895
3 16 -13.309 35.712 -15.895 -14.896 32.617 -16.931 -16.383 33.215 -13.918
3 16 -14.159 36.234 -13.703 -13.309 35.712 -15.895 -16.383 33.215 -13.918
3 16 -16.383 33.215 -13.918 -14.896 32.617 -16.931 -15.627 29.907 -16.018
3 16 -16.383 33.215 -13.918 -15.627 29.907 -16.018 -16.654 30.072 -12.961
3 16 -16.654 30.072 -12.961 -15.627 29.907 -16.018 -15.546 28.789 -15.081
3 16 -16.654 30.072 -12.961 -15.546 28.789 -15.081 -16.448 28.278 -12.017
3 16 -14.896 32.617 -16.931 -12.482 32.459 -16.737 -12.367 30.791 -16.62
3 16 -15.627 29.907 -16.018 -13.318 29.728 -15.974 -15.546 28.789 -15.081
3 16 -15.627 29.907 -16.018 -14.896 32.617 -16.931 -12.367 30.791 -16.62
3 16 -12.367 30.791 -16.62 -13.318 29.728 -15.974 -15.627 29.907 -16.018
4 16 -14.294 36.196 -11.8 -14.159 36.234 -13.703 -16.383 33.215 -13.918 -15.41 34.699 -11.527
3 16 -16.383 33.215 -13.918 -15.916 33.201 -11.226 -15.41 34.699 -11.527
3 16 -15.916 33.201 -11.226 -16.383 33.215 -13.918 -16.654 30.072 -12.961
3 16 -15.916 33.201 -11.226 -16.654 30.072 -12.961 -16.321 29.958 -10.734
3 16 -16.321 29.958 -10.734 -16.654 30.072 -12.961 -16.448 28.278 -12.017
3 16 -16.321 29.958 -10.734 -16.448 28.278 -12.017 -16.303 27.485 -9.852
3 16 -12.482 32.459 -16.737 -11.314 35.267 -16.792 -11.292 32.075 -18.14
3 16 -12.482 32.459 -16.737 -12.141 35.162 -16.276 -11.314 35.267 -16.792
3 16 -9.956 35.158 -16.504 -11.292 32.075 -18.14 -11.314 35.267 -16.792
3 16 -9.956 35.158 -16.504 -8.97 31.284 -17.406 -11.292 32.075 -18.14
3 16 -8.762 35.159 -14.508 -8.97 31.284 -17.406 -9.956 35.158 -16.504
3 16 -8.762 35.159 -14.508 -7.553 30.912 -14.859 -8.97 31.284 -17.406
3 16 -7.553 30.912 -14.859 -10.089 29.001 -16.467 -8.97 31.284 -17.406
3 16 -7.553 30.912 -14.859 -9.401 27.928 -14.13 -10.089 29.001 -16.467
3 16 -8.97 31.284 -17.406 -11.419 30.112 -17.023 -11.292 32.075 -18.14
3 16 -8.97 31.284 -17.406 -10.089 29.001 -16.467 -11.419 30.112 -17.023
3 16 -11.292 32.075 -18.14 -12.367 30.791 -16.62 -12.482 32.459 -16.737
3 16 -11.292 32.075 -18.14 -11.419 30.112 -17.023 -12.367 30.791 -16.62
3 16 -7.676 31.048 -11.809 -9.401 27.928 -14.13 -7.553 30.912 -14.859
3 16 -7.676 31.048 -11.809 -9.203 27.634 -11.927 -9.401 27.928 -14.13
3 16 -7.553 30.912 -14.859 -7.677 33.132 -11.847 -7.676 31.048 -11.809
3 16 -7.553 30.912 -14.859 -8.762 35.159 -14.508 -7.677 33.132 -11.847
3 16 -8.762 35.159 -14.508 -8.384 35.217 -11.884 -7.677 33.132 -11.847
3 16 -15.546 28.789 -15.081 -13.755 27.606 -16.463 -16.011 27.498 -15.791
3 16 -15.546 28.789 -15.081 -13.318 29.728 -15.974 -13.755 27.606 -16.463
3 16 -14.939 25.562 -15.824 -16.011 27.498 -15.791 -13.755 27.606 -16.463
3 16 -16.011 27.498 -15.791 -14.939 25.562 -15.824 -16.631 23.909 -13.873
3 16 -16.631 23.909 -13.873 -17.988 26.144 -13.278 -16.011 27.498 -15.791
3 16 -14.108 24.222 -14.083 -16.631 23.909 -13.873 -14.939 25.562 -15.824
3 16 -14.108 24.222 -14.083 -14.939 25.562 -15.824 -13.856 25.616 -15.477
3 16 -13.856 25.616 -15.477 -14.939 25.562 -15.824 -13.755 27.606 -16.463
3 16 -16.448 28.278 -12.017 -16.011 27.498 -15.791 -17.988 26.144 -13.278
3 16 -16.448 28.278 -12.017 -15.546 28.789 -15.081 -16.011 27.498 -15.791
3 16 -16.076 22.595 -10.861 -16.631 23.909 -13.873 -14.108 24.222 -14.083
3 16 -16.076 22.595 -10.861 -17.151 23.432 -11.369 -16.631 23.909 -13.873
3 16 -17.988 26.144 -13.278 -16.631 23.909 -13.873 -17.151 23.432 -11.369
3 16 -17.151 23.432 -11.369 -16.076 22.595 -10.861 -17.185 23.241 -9.621
3 16 -18.015 25.031 -10.155 -17.151 23.432 -11.369 -17.185 23.241 -9.621
3 16 -17.988 26.144 -13.278 -17.151 23.432 -11.369 -18.015 25.031 -10.155
3 16 -16.448 28.278 -12.017 -17.988 26.144 -13.278 -18.015 25.031 -10.155
3 16 -18.015 25.031 -10.155 -17.185 23.241 -9.621 -17.557 23.854 -7.594
3 16 -17.557 23.854 -7.594 -17.038 26.058 -7.882 -18.015 25.031 -10.155
3 16 -18.015 25.031 -10.155 -17.038 26.058 -7.882 -16.303 27.485 -9.852
3 16 -17.557 23.854 -7.594 -17.114 24.269 -5.092 -17.038 26.058 -7.882
3 16 -16.303 27.485 -9.852 -16.448 28.278 -12.017 -18.015 25.031 -10.155
3 16 -16.303 27.485 -9.852 -17.038 26.058 -7.882 -16.285 26.47 -7.317
3 16 -16.285 26.47 -7.317 -17.038 26.058 -7.882 -17.114 24.269 -5.092
3 16 -16.285 26.47 -7.317 -17.114 24.269 -5.092 -16.458 24.839 -4.804
3 16 -12.367 30.791 -16.62 -13.755 27.606 -16.463 -13.318 29.728 -15.974
3 16 -12.367 30.791 -16.62 -12.221 26.626 -17.694 -13.755 27.606 -16.463
3 16 -12.367 30.791 -16.62 -11.419 30.112 -17.023 -12.221 26.626 -17.694
3 16 -9.737 27.425 -16.665 -12.221 26.626 -17.694 -11.419 30.112 -17.023
3 16 -9.737 27.425 -16.665 -11.419 30.112 -17.023 -10.089 29.001 -16.467
3 16 -9.401 27.928 -14.13 -9.737 27.425 -16.665 -10.089 29.001 -16.467
3 16 -9.401 27.928 -14.13 -9.718 24.61 -14.871 -9.737 27.425 -16.665
3 16 -12.385 24.257 -16.354 -9.737 27.425 -16.665 -9.718 24.61 -14.871
3 16 -12.385 24.257 -16.354 -12.221 26.626 -17.694 -9.737 27.425 -16.665
3 16 -12.221 26.626 -17.694 -13.856 25.616 -15.477 -13.755 27.606 -16.463
3 16 -12.221 26.626 -17.694 -12.385 24.257 -16.354 -13.856 25.616 -15.477
3 16 -12.385 24.257 -16.354 -14.108 24.222 -14.083 -13.856 25.616 -15.477
3 16 -12.385 24.257 -16.354 -12.577 22.809 -13.283 -14.108 24.222 -14.083
3 16 -9.718 24.61 -14.871 -12.577 22.809 -13.283 -12.385 24.257 -16.354
3 16 -12.577 22.809 -13.283 -9.718 24.61 -14.871 -9.608 24.415 -11.809
3 16 -9.608 24.415 -11.809 -9.718 24.61 -14.871 -9.401 27.928 -14.13
3 16 -12.577 22.809 -13.283 -9.608 24.415 -11.809 -10.962 22.644 -10.467
3 16 -9.608 24.415 -11.809 -9.401 27.928 -14.13 -9.203 27.634 -11.927
3 16 -14.36 21.07 -12.674 -12.577 22.809 -13.283 -12.546 20.702 -12.095
3 16 -14.36 21.07 -12.674 -14.108 24.222 -14.083 -12.577 22.809 -13.283
3 16 -14.36 21.07 -12.674 -16.076 22.595 -10.861 -14.108 24.222 -14.083
3 16 -14.36 21.07 -12.674 -16.233 21.025 -9.198 -16.076 22.595 -10.861
3 16 -14.36 21.07 -12.674 -14.826 18.721 -9.975 -16.233 21.025 -9.198
3 16 -12.546 20.702 -12.095 -14.826 18.721 -9.975 -14.36 21.07 -12.674
3 16 -14.826 18.721 -9.975 -16.205 19.892 -7.54 -16.233 21.025 -9.198
3 16 -14.826 18.721 -9.975 -15.122 18.109 -7.437 -16.205 19.892 -7.54
3 16 -15.122 18.109 -7.437 -14.826 18.721 -9.975 -12.628 18.59 -9.15
3 16 -12.546 20.702 -12.095 -12.628 18.59 -9.15 -14.826 18.721 -9.975
3 16 -15.122 18.109 -7.437 -12.628 18.59 -9.15 -13.159 18.184 -6.663
3 16 -13.159 18.184 -6.663 -12.628 18.59 -9.15 -11.103 20.293 -7.641
3 16 -13.159 18.184 -6.663 -11.103 20.293 -7.641 -11.945 19.008 -5.611
3 16 -13.618 17.656 -3.545 -13.159 18.184 -6.663 -11.945 19.008 -5.611
3 16 -13.618 17.656 -3.545 -11.945 19.008 -5.611 -13.032 18.14 -2.93
3 16 -13.159 18.184 -6.663 -14.619 17.82 -5.388 -15.122 18.109 -7.437
3 16 -13.159 18.184 -6.663 -13.618 17.656 -3.545 -14.619 17.82 -5.388
3 16 -15.122 18.109 -7.437 -14.619 17.82 -5.388 -16.205 19.892 -7.54
3 16 -12.628 18.59 -9.15 -10.77 21.997 -9.137 -11.103 20.293 -7.641
3 16 -12.628 18.59 -9.15 -12.546 20.702 -12.095 -10.77 21.997 -9.137
3 16 -12.546 20.702 -12.095 -10.962 22.644 -10.467 -10.77 21.997 -9.137
3 16 -12.546 20.702 -12.095 -12.577 22.809 -13.283 -10.962 22.644 -10.467
3 16 -16.076 22.595 -10.861 -17.628 22.152 -8.855 -17.185 23.241 -9.621
3 16 -17.557 23.854 -7.594 -17.185 23.241 -9.621 -17.628 22.152 -8.855
3 16 -17.557 23.854 -7.594 -17.628 22.152 -8.855 -18.964 22.044 -6.719
3 16 -18.964 22.044 -6.719 -17.114 24.269 -5.092 -17.557 23.854 -7.594
3 16 -18.964 22.044 -6.719 -19.281 22.016 -4.587 -17.114 24.269 -5.092
3 16 -19.281 22.016 -4.587 -17.112 23.868 -1.787 -17.114 24.269 -5.092
3 16 -19.281 22.016 -4.587 -19.275 21.896 -2.174 -17.112 23.868 -1.787
3 16 -17.112 23.868 -1.787 -19.275 21.896 -2.174 -18.177 22.109 .658
3 16 -17.112 23.868 -1.787 -18.177 22.109 .658 -16.568 23.342 1.942
3 16 -16.205 19.892 -7.54 -17.628 22.152 -8.855 -16.233 21.025 -9.198
3 16 -16.233 21.025 -9.198 -17.628 22.152 -8.855 -16.076 22.595 -10.861
3 16 -18.964 22.044 -6.719 -17.985 19.48 -4.246 -19.281 22.016 -4.587
4 16 -17.628 22.152 -8.855 -16.205 19.892 -7.54 -17.985 19.48 -4.246 -18.964 22.044 -6.719
3 16 -19.275 21.896 -2.174 -19.281 22.016 -4.587 -17.985 19.48 -4.246
3 16 -19.275 21.896 -2.174 -17.985 19.48 -4.246 -18.611 19.938 -.406
3 16 -16.458 24.839 -4.804 -17.114 24.269 -5.092 -17.112 23.868 -1.787
3 16 -16.458 24.839 -4.804 -17.112 23.868 -1.787 -16.133 24.166 -1.764
3 16 -16.133 24.166 -1.764 -17.112 23.868 -1.787 -16.568 23.342 1.942
3 16 -16.133 24.166 -1.764 -16.568 23.342 1.942 -15.482 23.774 2.223
3 16 -14.577 22.195 -1.875 -15.482 23.774 2.223 -14.232 22.541 2.198
3 16 -14.577 22.195 -1.875 -16.133 24.166 -1.764 -15.482 23.774 2.223
4 16 -16.133 24.166 -1.764 -14.577 22.195 -1.875 -14.796 22.876 -7.081 -16.458 24.839 -4.804
3 16 -16.285 26.47 -7.317 -16.458 24.839 -4.804 -14.796 22.876 -7.081
3 16 -14.595 24.252 -10.151 -16.285 26.47 -7.317 -14.796 22.876 -7.081
3 16 -14.595 24.252 -10.151 -16.303 27.485 -9.852 -16.285 26.47 -7.317
3 16 -13.759 26.576 -11.635 -16.303 27.485 -9.852 -14.595 24.252 -10.151
3 16 -13.759 26.576 -11.635 -16.321 29.958 -10.734 -16.303 27.485 -9.852
3 16 -11.738 30.467 -11.827 -16.321 29.958 -10.734 -13.759 26.576 -11.635
3 16 -13.759 26.576 -11.635 -9.203 27.634 -11.927 -11.738 30.467 -11.827
3 16 -13.759 26.576 -11.635 -9.608 24.415 -11.809 -9.203 27.634 -11.927
3 16 -11.738 30.467 -11.827 -15.916 33.201 -11.226 -16.321 29.958 -10.734
3 16 -11.747 21.886 -6.653 -14.796 22.876 -7.081 -14.577 22.195 -1.875
3 16 -11.747 21.886 -6.653 -14.577 22.195 -1.875 -12.946 21.417 -1.795
3 16 -13.144 21.671 1.915 -12.946 21.417 -1.795 -14.577 22.195 -1.875
3 16 -13.144 21.671 1.915 -14.577 22.195 -1.875 -14.232 22.541 2.198
3 16 -15.916 33.201 -11.226 -11.738 30.467 -11.827 -7.677 33.132 -11.847
3 16 -15.916 33.201 -11.226 -8.384 35.217 -11.884 -15.41 34.699 -11.527
3 16 -7.677 33.132 -11.847 -8.384 35.217 -11.884 -15.916 33.201 -11.226
3 16 -7.677 33.132 -11.847 -11.738 30.467 -11.827 -7.676 31.048 -11.809
3 16 -9.203 27.634 -11.927 -7.676 31.048 -11.809 -11.738 30.467 -11.827
4 16 -14.595 24.252 -10.151 -10.962 22.644 -10.467 -9.608 24.415 -11.809 -13.759 26.576 -11.635
3 16 -14.595 24.252 -10.151 -10.77 21.997 -9.137 -10.962 22.644 -10.467
3 16 -10.77 21.997 -9.137 -14.796 22.876 -7.081 -11.747 21.886 -6.653
3 16 -10.77 21.997 -9.137 -14.595 24.252 -10.151 -14.796 22.876 -7.081
3 16 -13.144 21.671 1.915 -14.232 22.541 2.198 -13.873 22.587 5.314
3 16 -14.728 22.599 5.124 -13.873 22.587 5.314 -14.232 22.541 2.198
3 16 -14.728 22.599 5.124 -14.232 22.541 2.198 -15.482 23.774 2.223
3 16 -13.144 21.671 1.915 -13.873 22.587 5.314 -12.011 21.764 4.975
3 16 -12.011 21.764 4.975 -13.873 22.587 5.314 -12.459 22.535 8.656
3 16 -12.011 21.764 4.975 -12.459 22.535 8.656 -10.6 21.644 8.226
3 16 -10.6 21.644 8.226 -12.459 22.535 8.656 -10.497 22.323 10.343
3 16 -10.6 21.644 8.226 -10.497 22.323 10.343 -8.141 21.769 10.57
3 16 -8.384 35.217 -11.884 -7.968 36.465 -11.8 -8.572 38.082 -11.8
3 16 -8.384 35.217 -11.884 -8.572 38.082 -11.8 -14.349 37.193 -11.8
4 16 -7.417 40.321 -11.8 -13.802 38.615 -11.8 -14.349 37.193 -11.8 -8.572 38.082 -11.8
3 16 -12.399 47.292 -11.8 -14.587 43.049 -11.8 -10.929 48.308 -11.8
4 16 -10.929 48.308 -11.8 -14.587 43.049 -11.8 -8.3 45.258 -11.8 -9.65 47.652 -11.8
4 16 -7.436 42.71 -11.8 -8.3 45.258 -11.8 -14.587 43.049 -11.8 -14.674 40.6 -11.8
4 16 -7.417 40.321 -11.8 -7.436 42.71 -11.8 -14.674 40.6 -11.8 -13.802 38.615 -11.8
3 16 -8.384 35.217 -11.884 -14.349 37.193 -11.8 -14.294 36.196 -11.8
3 16 -8.384 35.217 -11.884 -14.294 36.196 -11.8 -15.41 34.699 -11.527
3 16 -18.611 19.938 -.406 -18.177 22.109 .658 -19.275 21.896 -2.174
3 16 -18.611 19.938 -.406 -18.036 20.943 2.108 -18.177 22.109 .658
3 16 -16.568 23.342 1.942 -18.177 22.109 .658 -18.036 20.943 2.108
3 16 -16.568 23.342 1.942 -18.036 20.943 2.108 -16.032 22.126 4.242
3 16 -16.032 22.126 4.242 -15.482 23.774 2.223 -16.568 23.342 1.942
3 16 -16.032 22.126 4.242 -14.728 22.599 5.124 -15.482 23.774 2.223
3 16 -8.572 38.082 -11.8 -8.039 40.222 -15.121 -7.417 40.321 -11.8
3 16 -8.572 38.082 -11.8 -8.993 38.24 -15.122 -8.039 40.222 -15.121
3 16 -7.417 40.321 -11.8 -8.039 40.222 -15.121 -7.787 42.604 -13.996
3 16 -7.417 40.321 -11.8 -7.787 42.604 -13.996 -7.436 42.71 -11.8
3 16 -7.436 42.71 -11.8 -7.787 42.604 -13.996 -8.541 44.804 -13.549
3 16 -7.436 42.71 -11.8 -8.541 44.804 -13.549 -8.3 45.258 -11.8
3 16 -8.3 45.258 -11.8 -8.541 44.804 -13.549 -9.704 47.2 -13.453
3 16 -8.3 45.258 -11.8 -9.704 47.2 -13.453 -9.65 47.652 -11.8
3 16 -9.65 47.652 -11.8 -9.704 47.2 -13.453 -11.089 47.915 -13.56
3 16 -9.65 47.652 -11.8 -11.089 47.915 -13.56 -10.929 48.308 -11.8
3 16 -12.399 47.292 -11.8 -11.089 47.915 -13.56 -12.609 46.843 -13.534
3 16 -12.399 47.292 -11.8 -10.929 48.308 -11.8 -11.089 47.915 -13.56
3 16 -14.587 43.049 -11.8 -12.399 47.292 -11.8 -12.609 46.843 -13.534
3 16 -14.587 43.049 -11.8 -12.609 46.843 -13.534 -14.275 43.007 -14.292
3 16 -14.674 40.6 -11.8 -14.587 43.049 -11.8 -14.275 43.007 -14.292
3 16 -14.674 40.6 -11.8 -14.275 43.007 -14.292 -14.408 40.606 -14.381
3 16 -13.802 38.615 -11.8 -14.674 40.6 -11.8 -14.408 40.606 -14.381
3 16 -13.802 38.615 -11.8 -14.408 40.606 -14.381 -13.486 38.617 -14.271
3 16 6.75 -6.394 13.111 3.881 -6.859 13.209 3.543 -8.413 8.88
3 16 3.881 -6.859 13.209 2.083 -8.023 10.227 3.543 -8.413 8.88

2 24 12.601 38.814 -14.609 11.402 38.814 -15.767
2 24 11.402 38.814 -15.767 11.266 40.374 -16.322
2 24 11.266 40.374 -16.322 11.34 42.512 -16.569
2 24 14.433 42.998 -13.581 14.384 40.601 -13.61
2 24 11.34 42.512 -16.569 11.296 44.764 -16.101
2 24 13.581 45.168 -13.339 14.433 42.998 -13.581
2 24 12.425 47.081 -13.238 13.581 45.168 -13.339
2 24 11.296 44.764 -16.101 11.107 47.957 -13.241
2 24 14.384 40.601 -13.61 13.683 38.781 -13.481
2 24 13.683 38.781 -13.481 12.601 38.814 -14.609
2 24 11.402 38.814 -15.767 10.183 38.632 -15.7
2 24 9.935 47.401 -13.241 11.107 47.957 -13.241
2 24 8.757 45 -13.316 9.935 47.401 -13.241
2 24 7.922 42.434 -13.609 8.757 45 -13.316
2 24 8.109 40.216 -13.922 7.922 42.434 -13.609
2 24 10.183 38.632 -15.7 9.134 38.451 -13.824
2 24 9.134 38.451 -13.824 8.109 40.216 -13.922
2 24 9.066 38.294 -11.8 9.134 38.451 -13.824
2 24 8.647 36.594 -11.8 9.066 38.294 -11.8
2 24 13.683 38.781 -13.481 14.025 38.71 -11.8
2 24 14.025 38.71 -11.8 14.531 37.277 -11.8
2 24 11.224 35.63 -16.578 10.077 35.581 -16.262
2 24 10.077 35.581 -16.262 9.182 35.391 -13.766
2 24 9.182 35.391 -13.766 8.999 35.353 -11.8
2 24 8.999 35.353 -11.8 8.647 36.594 -11.8
2 24 14.531 37.277 -11.8 14.449 36.18 -11.8
2 24 14.449 36.18 -11.8 14.255 36.191 -14.077
2 24 14.255 36.191 -14.077 13.054 35.819 -15.999
2 24 13.054 35.819 -15.999 12.49 35.548 -16.122
2 24 12.49 35.548 -16.122 11.224 35.63 -16.578
2 24 12.855 33.12 -16.666 12.49 35.548 -16.122
2 24 12.669 31.069 -16.468 12.855 33.12 -16.666
2 24 13.697 29.917 -15.935 12.669 31.069 -16.468
2 24 15.561 28.904 -15.434 13.697 29.917 -15.935
2 24 14.449 36.18 -11.8 16.274 33.66 -11.562
2 24 16.928 28.565 -12.316 15.561 28.904 -15.434
2 24 16.274 33.66 -11.562 17.136 30.942 -10.11
2 24 17.136 30.942 -10.11 16.992 27.797 -9.631
2 24 16.992 27.797 -9.631 16.928 28.565 -12.316
2 24 11.381 29.804 -16.794 10.268 28.622 -15.926
2 24 12.669 31.069 -16.468 11.381 29.804 -16.794
2 24 8.432 29.911 -11.694 8.244 32.076 -11.774
2 24 8.244 32.076 -11.774 8.999 35.353 -11.8
2 24 10.268 28.622 -15.926 9.827 27.82 -13.54
2 24 9.827 27.82 -13.54 9.763 27.74 -11.81
2 24 9.763 27.74 -11.81 8.432 29.911 -11.694
2 24 13.905 27.566 -16.348 13.697 29.917 -15.935
2 24 15.783 23.388 -12.648 14.334 24.795 -14.441
2 24 16.753 22.826 -10.89 15.783 23.388 -12.648
2 24 18.837 24.059 -7.533 16.753 22.826 -10.89
2 24 18.592 24.777 -4.955 18.837 24.059 -7.533
2 24 17.339 25.93 -6.305 18.592 24.777 -4.955
2 24 16.992 27.797 -9.631 17.339 25.93 -6.305
2 24 14.106 26.136 -15.717 13.905 27.566 -16.348
2 24 14.334 24.795 -14.441 14.106 26.136 -15.717
2 24 12.871 22.47 -12.544 11.591 22.261 -10.602
2 24 14.334 24.795 -14.441 12.871 22.47 -12.544
2 24 10.947 22.698 -10.239 10.216 23.73 -11.492
2 24 10.216 23.73 -11.492 9.505 26.194 -11.898
2 24 9.505 26.194 -11.898 9.763 27.74 -11.81
2 24 16.312 23.927 4.585 19.153 21.93 2.404
2 24 19.153 21.93 2.404 19.483 19.913 -.787
2 24 17.339 25.93 -6.305 16.883 23.952 -1.772
2 24 16.883 23.952 -1.772 16.629 23.544 1.136
2 24 16.629 23.544 1.136 16.312 23.927 4.585
2 24 16.835 20.021 -7.328 16.753 22.826 -10.89
2 24 18.312 19.697 -4.683 16.835 20.021 -7.328
2 24 19.483 19.913 -.787 18.312 19.697 -4.683
2 24 14.025 38.71 -11.8 14.906 40.618 -11.8
2 24 14.906 40.618 -11.8 14.812 43.103 -11.8
2 24 14.812 43.103 -11.8 13.73 45.196 -11.8
2 24 13.73 45.196 -11.8 12.368 47.235 -11.8
2 24 12.368 47.235 -11.8 11.078 48.142 -11.8
2 24 11.078 48.142 -11.8 9.916 47.604 -11.8
2 24 9.916 47.604 -11.8 8.625 45.207 -11.8
2 24 8.625 45.207 -11.8 7.818 42.581 -11.8
2 24 7.818 42.581 -11.8 8.05 40.041 -11.8
2 24 8.05 40.041 -11.8 9.066 38.294 -11.8
2 24 15.254 17.981 -6.267 12.617 18.101 -5.463
2 24 16.835 20.021 -7.328 15.254 17.981 -6.267
2 24 7.714 -5.433 -8.349 8.045 -3.081 -10.739
2 24 10.022 -3.719 -10.808 9.731 -4.898 -9.27
2 24 10.179 -2.43 -12.08 10.022 -3.719 -10.808
2 24 8.045 -3.081 -10.739 8.141 -1.612 -11.614
2 24 10.916 -.662 -12.832 10.179 -2.43 -12.08
2 24 11.884 .827 -12.184 10.916 -.662 -12.832
2 24 9.331 1.062 -11.226 11.386 3.6 -10.004
2 24 13.349 2.961 -10.726 11.884 .827 -12.184
2 24 11.386 3.6 -10.004 12.446 5.665 -7.496
2 24 14.89 5.568 -8.181 13.349 2.961 -10.726
2 24 15.537 7.013 -4.344 14.89 5.568 -8.181
2 24 12.446 5.665 -7.496 12.011 6.276 -4.975
2 24 9.731 -4.898 -9.27 9.71 -5.362 -8.591
2 24 8.141 -1.612 -11.614 7.671 -.008 -10.912
2 24 7.671 -.008 -10.912 9.331 1.062 -11.226
2 24 15.749 8.743 -2.214 15.537 7.013 -4.344
2 24 13.129 15.599 -1.462 16.293 15.607 -1.387
2 24 12.461 -3.448 -9.268 9.731 -4.898 -9.27
2 24 15.152 .237 -8.841 12.461 -3.448 -9.268
2 24 16.094 3.269 -7.79 15.152 .237 -8.841
2 24 16.264 4.771 -6.082 16.094 3.269 -7.79
2 24 16.293 15.607 -1.387 18.278 16.932 -.5
2 24 18.278 16.932 -.5 19.451 18.774 .051
2 24 19.451 18.774 .051 18.99 11.687 3.646
2 24 8.927 -8.254 -4.212 10.406 -6.366 -7.115
2 24 10.406 -6.366 -7.115 13.2 -4.41 -6.711
2 24 9.008 -9.131 -1.185 8.927 -8.254 -4.212
2 24 11.04 -8.721 1.377 9.008 -9.131 -1.185
2 24 13.833 -6.81 3.899 11.04 -8.721 1.377
2 24 15.003 -4.966 -.795 16.005 -3.722 .859
2 24 15.3 -4.978 5.456 13.833 -6.81 3.899
2 24 16.005 -3.722 .859 17.474 -.741 3.18
2 24 15.142 -4.622 6.971 15.3 -4.978 5.456
2 24 17.474 -.741 3.18 18.748 2.982 4.795
2 24 18.324 6.338 9.81 16.299 .397 11.244
2 24 18.748 2.982 4.795 19.36 6.649 5.779
2 24 19.081 10.037 8.811 18.324 6.338 9.81
2 24 19.36 6.649 5.779 19.659 11.804 5.577
2 24 19.214 14.337 7.192 19.081 10.037 8.811
2 24 19.324 17.612 5.576 19.214 14.337 7.192
2 24 19.659 11.804 5.577 19.818 18.415 2.266
2 24 19.818 18.415 2.266 19.324 17.612 5.576
2 24 10.406 -6.366 -7.115 9.71 -5.362 -8.591
2 24 9.71 -5.362 -8.591 12.383 -3.67 -7.954
2 24 15.495 -.578 -6.306 13.2 -4.41 -6.711
2 24 12.383 -3.67 -7.954 14.972 -.073 -7.289
2 24 16.533 2.2 -5.425 15.495 -.578 -6.306
2 24 14.972 -.073 -7.289 15.996 2.819 -6.486
2 24 15.996 2.819 -6.486 16.264 4.771 -6.082
2 24 17.451 4.665 -4.08 16.533 2.2 -5.425
2 24 15.702 -2.492 -1.36 15.003 -4.966 -.795
2 24 16.933 .391 .469 15.702 -2.492 -1.36
2 24 17.868 3.38 2.197 16.933 .391 .469
2 24 18.426 6.995 3.403 17.868 3.38 2.197
2 24 18.99 11.687 3.646 18.426 6.995 3.403
2 24 9.78 -8.681 2.341 6.615 -8.913 -.378
2 24 6.615 -8.913 -.378 7.226 -8.046 -3.903
2 24 7.226 -8.046 -3.903 7.923 -6.471 -7.253
2 24 7.923 -6.471 -7.253 7.714 -5.433 -8.349
2 24 12.712 -7.122 4.85 9.78 -8.681 2.341
2 24 15.142 -4.622 6.971 12.712 -7.122 4.85
2 24 9.382 -9.293 4.177 7.742 -9.521 2.829
2 24 5.671 -9.059 2.472 6.615 -8.913 -.378
2 24 7.742 -9.521 2.829 6.851 -9.615 4.059
2 24 4.015 -8.119 6.364 5.671 -9.059 2.472
2 24 6.851 -9.615 4.059 6.126 -9.124 7.038
2 24 8.099 -5.983 12.135 4.015 -8.119 6.364
2 24 6.126 -9.124 7.038 9.414 -7.092 11.627
2 24 9.414 -7.092 11.627 11.92 -4.656 13.715
2 24 10.573 -3.575 14.397 8.099 -5.983 12.135
2 24 11.92 -4.656 13.715 13.608 -1.656 14.776
2 24 13.608 -1.656 14.776 13.825 .122 15.479
2 24 13.825 .122 15.479 10.573 -3.575 14.397
2 24 12.396 -7.661 6.666 9.382 -9.293 4.177
2 24 14.238 -5.829 7.612 12.396 -7.661 6.666
2 24 15.142 -4.622 6.971 14.238 -5.829 7.612
2 24 4.126 -10.41 -.827 7.226 -8.046 -3.903
2 24 .096 -10.943 .568 4.126 -10.41 -.827
2 24 4.711 -10.421 .523 .445 -11.319 2.053
2 24 -3.638 -10.585 1.388 .096 -10.943 .568
2 24 .445 -11.319 2.053 -3.514 -11.135 2.959
2 24 -7.154 -9.334 2.041 -3.638 -10.585 1.388
2 24 -3.514 -11.135 2.959 -7.215 -9.844 3.637
2 24 -10.206 -7.765 2.596 -7.154 -9.334 2.041
2 24 -7.215 -9.844 3.637 -10.317 -8.191 4.1
2 24 -12.168 -5.992 2.936 -10.206 -7.765 2.596
2 24 -10.317 -8.191 4.1 -12.34 -6.375 4.406
2 24 -15.092 -2.498 3.146 -12.168 -5.992 2.936
2 24 -12.34 -6.375 4.406 -14.382 -3.889 4.188
2 24 -14.382 -3.889 4.188 -16.278 .276 4.485
2 24 -16.278 .276 4.485 -15.092 -2.498 3.146
2 24 4.365 -10.453 2.063 4.711 -10.421 .523
2 24 2.078 -10.473 5.717 4.365 -10.453 2.063
2 24 4.015 -8.119 6.364 .741 -7.47 9.22
2 24 -.524 -10.212 8.459 2.078 -10.473 5.717
2 24 .741 -7.47 9.22 -1.111 -7.684 10.204
2 24 -4.102 -9.117 10.663 -.524 -10.212 8.459
2 24 -1.111 -7.684 10.204 -7.232 -5.108 13.509
2 24 -7.791 -7.5 12.377 -4.102 -9.117 10.663
2 24 -10.776 -5.403 13.113 -7.791 -7.5 12.377
2 24 -7.232 -5.108 13.509 -11.905 -1.372 14.281
2 24 -13.194 -2.584 12.966 -10.776 -5.403 13.113
2 24 -15.422 1.218 12.345 -13.194 -2.584 12.966
2 24 -11.905 -1.372 14.281 -14.373 2.358 13.576
2 24 -17.519 5.889 11.01 -15.422 1.218 12.345
2 24 -14.373 2.358 13.576 -16.587 7.332 12.014
2 24 -18.067 8.637 10.366 -17.519 5.889 11.01
2 24 -16.587 7.332 12.014 -17.655 9.937 10.673
2 24 -17.655 9.937 10.673 -18.067 8.637 10.366
2 24 -15.808 -2.377 2.075 -13.94 -5.379 1.568
2 24 -17.09 1.012 3.555 -15.808 -2.377 2.075
2 24 -13.94 -5.379 1.568 -11.313 -8.423 1.116
2 24 -16.278 .276 4.485 -18.094 6.495 7.688
2 24 -18.16 4.569 5.43 -17.09 1.012 3.555
2 24 -18.854 7.552 6.999 -18.16 4.569 5.43
2 24 -18.094 6.495 7.688 -18.418 9.506 9.08
2 24 -19.256 10.921 7.895 -18.854 7.552 6.999
2 24 -18.418 9.506 9.08 -18.024 11.269 9.333
2 24 -18.024 11.269 9.333 -18.518 14.919 7.619
2 24 -19.449 14.46 6.182 -19.256 10.921 7.895
2 24 -11.313 -8.423 1.116 -8.043 -10.344 .687
2 24 -8.043 -10.344 .687 -4.135 -11.71 .175
2 24 -4.135 -11.71 .175 -.268 -12.113 -.614
2 24 -.268 -12.113 -.614 3.754 -11.651 -2.091
2 24 3.754 -11.651 -2.091 6.075 -10.213 -4.707
2 24 6.075 -10.213 -4.707 6.801 -8.436 -7.793
2 24 -18.518 14.919 7.619 -18.805 17.465 5.704
2 24 -18.805 17.465 5.704 -19.12 17.899 3.105
2 24 -19.12 17.899 3.105 -19.449 14.46 6.182
2 24 -11.621 -6.122 8.142 -13.68 -4.13 7.55
2 24 -13.68 -4.13 7.55 -15.198 -1.391 7.267
2 24 -15.198 -1.391 7.267 -16.16 .867 7.232
2 24 -10.227 -7.171 8.089 -11.621 -6.122 8.142
2 24 -16.16 .867 7.232 -17.222 4.11 7.974
2 24 -17.222 4.11 7.974 -18.094 6.495 7.688
2 24 -14.729 -1.06 8.25 -15.805 1.021 8.112
2 24 -13.198 -3.622 8.774 -14.729 -1.06 8.25
2 24 -11.587 -5.564 8.914 -13.198 -3.622 8.774
2 24 -9.601 -7.321 8.84 -11.587 -5.564 8.914
2 24 -15.805 1.021 8.112 -17.222 4.11 7.974
2 24 -11.938 -5.663 10.326 -13.567 -3.633 10.078
2 24 -13.567 -3.633 10.078 -15.01 -.968 9.526
2 24 -10.324 -6.941 9.987 -11.938 -5.663 10.326
2 24 -14.503 2.681 14.912 -16.999 8.041 13.159
2 24 -16.999 8.041 13.159 -17.856 11.099 11.653
2 24 -11.762 -.868 15.731 -14.503 2.681 14.912
2 24 -6.824 -4.634 15.017 -11.762 -.868 15.731
2 24 -1.043 -7.23 12.191 -6.824 -4.634 15.017
2 24 .488 -6.808 11.305 -1.043 -7.23 12.191
2 24 .741 -7.47 9.22 .488 -6.808 11.305
2 24 -18.024 11.269 9.333 -17.655 9.937 10.673
2 24 -17.856 11.099 11.653 -18.358 15.4 8.906
2 24 -18.358 15.4 8.906 -18.541 17.57 6.97
2 24 -18.541 17.57 6.97 -18.805 17.465 5.704
2 24 -18.277 17.814 7.963 -18.541 17.57 6.97
2 24 -18.128 15.989 10.348 -18.277 17.814 7.963
2 24 -17.613 14.16 12.427 -18.128 15.989 10.348
2 24 -17.15 13.026 13.402 -17.613 14.16 12.427
2 24 -15.783 10.02 15.172 -17.15 13.026 13.402
2 24 -13.387 6.287 17.067 -15.783 10.02 15.172
2 24 -11.902 4.866 17.713 -13.387 6.287 17.067
2 24 -1.043 -7.23 12.191 -1.298 -3.488 15.856
2 24 -1.298 -3.488 15.856 -1.465 1.453 17.755
2 24 -10.298 4.993 18.171 -11.902 4.866 17.713
2 24 -10.35 6.45 18.264 -10.298 4.993 18.171
2 24 -1.465 1.453 17.755 -1.584 4.079 18.248
2 24 -1.584 4.079 18.248 -3.492 7.118 18.793
2 24 -3.492 7.118 18.793 -5.658 9.616 19.073
2 24 -11.471 8.401 18.034 -10.35 6.45 18.264
2 24 -5.658 9.616 19.073 -8.881 12.431 18.831
2 24 -13.955 12.368 16.602 -11.471 8.401 18.034
2 24 -8.881 12.431 18.831 -12.411 14.717 17.4
2 24 -15.527 14.788 14.921 -13.955 12.368 16.602
2 24 -12.411 14.717 17.4 -15.161 16.301 15.397
2 24 -15.161 16.301 15.397 -16.324 16.237 13.726
2 24 -16.324 16.237 13.726 -15.527 14.788 14.921
2 24 -17.24 18.022 9.544 -18.277 17.814 7.963
2 24 -16.992 17.136 10.675 -17.24 18.022 9.544
2 24 -16.777 16.429 11.629 -16.992 17.136 10.675
2 24 -16.574 15.432 12.569 -16.777 16.429 11.629
2 24 -15.904 13.987 13.738 -16.574 15.432 12.569
2 24 -14.429 11.133 15.452 -15.904 13.987 13.738
2 24 -12.097 7.495 17.187 -14.429 11.133 15.452
2 24 -10.298 4.993 18.171 -12.097 7.495 17.187
2 24 -16.274 17.381 13.067 -16.777 16.429 11.629
2 24 -14.452 17.454 14.944 -16.274 17.381 13.067
2 24 -11.543 16.332 16.615 -14.452 17.454 14.944
2 24 -8.137 14.268 17.945 -11.543 16.332 16.615
2 24 -4.803 11.325 18.268 -8.137 14.268 17.945
2 24 -2.36 8.176 17.923 -4.803 11.325 18.268
2 24 .008 5.131 17.279 -2.36 8.176 17.923
2 24 .049 1.727 16.999 .008 5.131 17.279
2 24 .177 -3.023 15.246 .049 1.727 16.999
2 24 .488 -6.808 11.305 .177 -3.023 15.246
2 24 .008 5.131 17.279 -.043 9.128 17.617
2 24 -.043 9.128 17.617 .044 12.112 17.574
2 24 -1.12 12.607 18.118 -1.382 9.751 18.212
2 24 .044 12.112 17.574 -.036 14.77 17.28
2 24 -1.03 14.995 17.701 -1.12 12.607 18.118
2 24 -1.382 9.751 18.212 -4.163 12.892 18.568
2 24 -4.163 12.892 18.568 -7.616 16.209 18.452
2 24 -7.616 16.209 18.452 -11.166 18.077 17.124
2 24 -11.166 18.077 17.124 -14.397 18.718 14.99
2 24 -14.397 18.718 14.99 -16.316 18.367 12.818
2 24 -16.316 18.367 12.818 -16.992 17.136 10.675
2 24 -1.516 16.798 17.352 -1.03 14.995 17.701
2 24 -.036 14.77 17.28 -.229 17.097 16.032
2 24 -2.822 18.868 16.657 -1.516 16.798 17.352
2 24 -5.302 20.774 15.784 -2.822 18.868 16.657
2 24 -8.03 21.982 14.9 -5.302 20.774 15.784
2 24 -9.828 21.862 12.251 -11.858 21.835 13.572
2 24 -11.858 21.835 13.572 -8.03 21.982 14.9
2 24 -8.141 21.769 10.57 -9.828 21.862 12.251
2 24 -.229 17.097 16.032 -.091 18.152 13.299
2 24 -11.858 21.835 13.572 -14.154 20.42 13.11
2 24 -14.154 20.42 13.11 -16.501 19.066 11.206
2 24 -16.501 19.066 11.206 -17.24 18.022 9.544
2 24 -12.804 22.105 12.651 -14.706 20.898 12.63
2 24 -14.706 20.898 12.63 -16.951 19.649 11.165
2 24 -11.227 22.492 11.499 -12.804 22.105 12.651
2 24 -10.497 22.323 10.343 -11.227 22.492 11.499
2 24 -8.141 21.769 10.57 -10.497 22.323 10.343
2 24 -16.951 19.649 11.165 -17.989 18.896 9.575
2 24 -17.989 18.896 9.575 -19.053 18.615 6.807
2 24 -19.053 18.615 6.807 -19.601 19.089 2.781
2 24 -18.91 18.101 1.621 -19.12 17.899 3.105
2 24 -19.601 19.089 2.781 -19.383 19.367 1.597
2 24 -19.383 19.367 1.597 -18.611 19.938 -.406
2 24 -18.611 19.938 -.406 -18.735 18.44 .345
2 24 -18.35 16.887 .468 -18.91 18.101 1.621
2 24 -18.735 18.44 .345 -18.35 16.887 .468
2 24 2.083 -8.023 10.227 1.615 -7.008 12.457
2 24 1.615 -7.008 12.457 1.779 -3.272 16.075
2 24 1.779 -3.272 16.075 1.704 1.678 18.208
2 24 1.704 1.678 18.208 1.588 8.983 18.712
2 24 1.06 11.675 17.895 -.043 9.128 17.617
2 24 1.588 8.983 18.712 3.522 12.458 18.893
2 24 3.212 14.385 17.996 1.06 11.675 17.895
2 24 3.522 12.458 18.893 7.966 17.195 18.194
2 24 6.739 17.748 17.264 3.212 14.385 17.996
2 24 10.723 19.846 15.531 6.739 17.748 17.264
2 24 7.966 17.195 18.194 11.669 19.459 15.824
2 24 12.461 20.176 14.282 10.723 19.846 15.531
2 24 11.669 19.459 15.824 13.642 19.979 13.995
2 24 13.642 19.979 13.995 12.461 20.176 14.282
2 24 9.663 -3.644 15.905 6.75 -6.394 13.111
2 24 6.75 -6.394 13.111 3.543 -8.413 8.88
2 24 12.197 -.818 16.359 9.663 -3.644 15.905
2 24 13.825 .122 15.479 12.197 -.818 16.359
2 24 3.543 -8.413 8.88 2.083 -8.023 10.227
2 24 15.892 .488 12.578 16.402 2.873 13.034
2 24 12.383 9.49 18.359 10.257 7.171 18.922
2 24 10.257 7.171 18.922 9.389 7.26 19.032
2 24 9.389 7.26 19.032 10.266 10.015 19.042
2 24 16.402 2.873 13.034 18.499 11.163 12.049
2 24 14.031 12.422 17.485 12.383 9.49 18.359
2 24 15.867 16.071 15.227 14.031 12.422 17.485
2 24 18.499 11.163 12.049 18.976 14.884 9.97
2 24 18.976 14.884 9.97 18.65 17.79 7.906
2 24 18.65 17.79 7.906 17.804 18.443 9.634
2 24 10.266 10.015 19.042 11.828 13.568 18.466
2 24 11.828 13.568 18.466 14.026 17.462 16.197
2 24 14.026 17.462 16.197 15.854 19.516 12.64
2 24 15.854 19.516 12.64 13.642 19.979 13.995
2 24 17.804 18.443 9.634 16.344 18.729 11.466
2 24 16.344 18.729 11.466 15.867 16.071 15.227
2 24 16.299 .397 11.244 15.949 .204 11.92
2 24 15.949 .204 11.92 15.892 .488 12.578
2 24 6.046 18.615 17.097 1.313 15 17.882
2 24 10.36 20.422 15.225 6.046 18.615 17.097
2 24 11.309 20.857 14.269 10.36 20.422 15.225
2 24 12.461 20.176 14.282 11.309 20.857 14.269
2 24 1.579 17.798 16.892 2.421 19.462 16.028
2 24 1.313 15 17.882 1.579 17.798 16.892
2 24 2.421 19.462 16.028 5.719 20.695 14.384
2 24 5.719 20.695 14.384 8.411 21.515 13.249
2 24 8.411 21.515 13.249 9.828 21.253 12.304
2 24 9.828 21.253 12.304 8.251 21.013 10.908
2 24 11.309 20.857 14.269 9.828 21.253 12.304
2 24 11.309 20.857 14.269 13.804 20.917 13.937
2 24 13.804 20.917 13.937 16.959 20.289 12.275
2 24 16.312 23.927 4.585 13.611 23.259 7.212
2 24 13.611 23.259 7.212 10.686 22.518 9.601
2 24 16.959 20.289 12.275 18.996 19.817 9.673
2 24 18.996 19.817 9.673 20.247 19.306 6.435
2 24 20.247 19.306 6.435 20.437 19.384 2.404
2 24 20.437 19.384 2.404 19.483 19.913 -.787
2 24 10.686 22.518 9.601 8.251 21.013 10.908
2 24 15.854 19.516 12.64 16.344 18.729 11.466
2 24 18.65 17.79 7.906 19.007 17.311 6.766
2 24 19.007 17.311 6.766 19.324 17.612 5.576
2 24 19.818 18.415 2.266 19.451 18.774 .051
2 24 19.451 18.774 .051 19.483 19.913 -.787
2 24 17.385 6.846 10.982 18.272 10.446 9.944
2 24 16.5 2.908 11.628 17.385 6.846 10.982
2 24 18.272 10.446 9.944 18.9 14.517 8.06
2 24 18.9 14.517 8.06 19.007 17.311 6.766
2 24 15.949 .204 11.92 16.5 2.908 11.628
2 24 9.389 7.26 19.032 11.073 9.68 18.562
2 24 11.073 9.68 18.562 12.899 13.3 17.418
2 24 12.899 13.3 17.418 15.024 16.83 15.026
2 24 15.024 16.83 15.026 15.854 19.516 12.64
2 24 7.592 -3.283 -12.009 8.045 -3.081 -10.739
2 24 6.87 -2.846 -13.783 7.592 -3.283 -12.009
2 24 3.747 -5.028 -13.565 3.777 -4.109 -14.524
2 24 2.782 -5.602 -13.795 3.747 -5.028 -13.565
2 24 4.84 -1.389 -15.905 6.87 -2.846 -13.783
2 24 3.777 -4.109 -14.524 3.292 -2.953 -15.582
2 24 3.292 -2.953 -15.582 1.892 -.681 -16.641
2 24 2.601 -.002 -16.803 4.84 -1.389 -15.905
2 24 -.13 1.053 -16.409 2.601 -.002 -16.803
2 24 1.892 -.681 -16.641 -.13 1.053 -16.409
2 24 6.075 -6.446 -9.54 3.808 -7.707 -9.439
2 24 -3.616 -10.761 -6.441 3.893 -9.561 -8.035
2 24 -9.167 -8.983 -5.626 -3.616 -10.761 -6.441
2 24 -13.386 -4.703 -5.697 -9.167 -8.983 -5.626
2 24 -16.443 .347 -5.508 -13.386 -4.703 -5.697
2 24 -17.279 4.067 -3.805 -16.443 .347 -5.508
2 24 -17.417 7.008 -1.712 -17.279 4.067 -3.805
2 24 -17.644 9.36 -.02 -17.417 7.008 -1.712
2 24 -17.956 11.678 .729 -17.644 9.36 -.02
2 24 -17.898 14.547 .263 -17.956 11.678 .729
2 24 3.893 -9.561 -8.035 6.801 -8.436 -7.793
2 24 -18.35 16.887 .468 -17.898 14.547 .263
2 24 -15.241 4.846 -5.184 -14.624 1.081 -6.854
2 24 -14.624 1.081 -6.854 -12.261 -3.364 -6.991
2 24 -12.261 -3.364 -6.991 -8.878 -6.626 -7.032
2 24 -8.878 -6.626 -7.032 -3.64 -8.513 -7.865
2 24 -3.64 -8.513 -7.865 3.808 -7.707 -9.439
2 24 -14.657 9.267 -1.704 -15.241 4.846 -5.184
2 24 -17.898 14.547 .263 -18.386 17.33 -1.724
2 24 -6.181 -1.062 -13.917 -7.887 2.182 -13.143
2 24 -6.851 2.174 -14.498 -5.221 -.992 -15.793
2 24 -4.78 -3.117 -13.993 -6.181 -1.062 -13.917
2 24 -5.221 -.992 -15.793 -3.914 -3.145 -15.355
2 24 -3.914 -3.145 -15.355 -3.505 -4.701 -14.302
2 24 -3.505 -4.701 -14.302 -3.88 -4.818 -13.856
2 24 -3.88 -4.818 -13.856 -4.78 -3.117 -13.993
2 24 -7.406 3.542 -12.79 -6.851 2.174 -14.498
2 24 -7.887 2.182 -13.143 -7.69 3.522 -11.905
2 24 -7.69 3.522 -11.905 -7.406 3.542 -12.79
2 24 -1.105 -2.708 -16.248 1.265 -4.88 -15.023
2 24 -3.624 -.02 -16.307 -1.105 -2.708 -16.248
2 24 -5.816 2.382 -14.723 -3.624 -.02 -16.307
2 24 -4.997 -4.715 -13.466 -3.88 -4.818 -13.856
2 24 -6.337 -3.322 -13.834 -4.997 -4.715 -13.466
2 24 -7.939 -1.116 -14.192 -6.337 -3.322 -13.834
2 24 -9.531 2.157 -13.795 -7.939 -1.116 -14.192
2 24 -9.483 4.712 -11.772 -9.531 2.157 -13.795
2 24 -11.345 5.294 -9.757 -9.483 4.712 -11.772
2 24 -12.989 6.523 -7.048 -11.345 5.294 -9.757
2 24 -13.297 7.525 -4.96 -12.989 6.523 -7.048
2 24 -13.064 9.028 -1.638 -13.297 7.525 -4.96
2 24 1.265 -4.88 -15.023 2.782 -5.602 -13.795
2 24 -3.829 2.318 -14.583 -2.552 .995 -15.281
2 24 -2.552 .995 -15.281 -.165 -1.115 -15.482
2 24 -.165 -1.115 -15.482 2.306 -3.464 -14.824
2 24 2.306 -3.464 -14.824 3.747 -5.028 -13.565
2 24 -4.047 3.11 -13.933 -3.829 2.318 -14.583
2 24 -5.816 2.382 -14.723 -6.826 3.557 -12.976
2 24 -6.826 3.557 -12.976 -4.047 3.11 -13.933
2 24 -1.698 1.783 -15.69 -.13 1.053 -16.409
2 24 -2.82 2.328 -14.926 -1.698 1.783 -15.69
2 24 -2.46 3.035 -14.117 -2.82 2.328 -14.926
2 24 -4.047 3.11 -13.933 -2.46 3.035 -14.117
2 24 -.068 2.626 -15.156 2.906 1.582 -15.811
2 24 2.906 1.582 -15.811 5.099 .889 -14.507
2 24 5.099 .889 -14.507 6.48 .734 -12.211
2 24 6.882 .379 -11.147 7.671 -.008 -10.912
2 24 6.48 .734 -12.211 6.882 .379 -11.147
2 24 -2.46 3.035 -14.117 -.068 2.626 -15.156
2 24 -9.483 4.712 -11.772 -7.69 3.522 -11.905
2 24 -6.826 3.557 -12.976 -7.406 3.542 -12.79
2 24 -17.935 18.816 -4.15 -18.386 17.33 -1.724
2 24 -18.611 19.938 -.406 -17.985 19.48 -4.246
2 24 -17.047 18.992 -6.006 -17.935 18.816 -4.15
2 24 -17.985 19.48 -4.246 -16.205 19.892 -7.54
2 24 -16.205 19.892 -7.54 -17.047 18.992 -6.006
2 24 -10.497 22.323 10.343 -12.459 22.535 8.656
2 24 -18.036 20.943 2.108 -18.611 19.938 -.406
2 24 -16.032 22.126 4.242 -18.036 20.943 2.108
2 24 -14.728 22.599 5.124 -16.032 22.126 4.242
2 24 -12.459 22.535 8.656 -13.873 22.587 5.314
2 24 -13.873 22.587 5.314 -14.728 22.599 5.124
2 24 -14.619 17.82 -5.388 -13.618 17.656 -3.545
2 24 -13.618 17.656 -3.545 -13.032 18.14 -2.93
2 24 -16.205 19.892 -7.54 -14.619 17.82 -5.388
2 24 -10.974 40.501 -16.634 -10.858 38.438 -15.936
2 24 -10.858 38.438 -15.936 -12.124 38.594 -15.287
2 24 -11.236 42.578 -16.96 -10.974 40.501 -16.634
2 24 -14.408 40.606 -14.381 -14.275 43.007 -14.292
2 24 -11.351 44.791 -16.155 -11.236 42.578 -16.96
2 24 -14.275 43.007 -14.292 -12.609 46.843 -13.534
2 24 -12.609 46.843 -13.534 -11.089 47.915 -13.56
2 24 -11.089 47.915 -13.56 -11.351 44.791 -16.155
2 24 -13.486 38.617 -14.271 -14.408 40.606 -14.381
2 24 -12.124 38.594 -15.287 -13.486 38.617 -14.271
2 24 -9.947 38.287 -15.911 -10.858 38.438 -15.936
2 24 -11.089 47.915 -13.56 -9.704 47.2 -13.453
2 24 -9.704 47.2 -13.453 -8.541 44.804 -13.549
2 24 -8.541 44.804 -13.549 -7.787 42.604 -13.996
2 24 -7.787 42.604 -13.996 -8.039 40.222 -15.121
2 24 -8.039 40.222 -15.121 -8.993 38.24 -15.122
2 24 -8.993 38.24 -15.122 -9.947 38.287 -15.911
2 24 -8.993 38.24 -15.122 -8.572 38.082 -11.8
2 24 -8.572 38.082 -11.8 -7.968 36.465 -11.8
2 24 -13.802 38.615 -11.8 -13.486 38.617 -14.271
2 24 -14.349 37.193 -11.8 -13.802 38.615 -11.8
2 24 -12.141 35.162 -16.276 -13.309 35.712 -15.895
2 24 -13.309 35.712 -15.895 -14.159 36.234 -13.703
2 24 -14.294 36.196 -11.8 -14.349 37.193 -11.8
2 24 -14.159 36.234 -13.703 -14.294 36.196 -11.8
2 24 -7.968 36.465 -11.8 -8.384 35.217 -11.884
2 24 -8.384 35.217 -11.884 -8.762 35.159 -14.508
2 24 -8.762 35.159 -14.508 -9.956 35.158 -16.504
2 24 -9.956 35.158 -16.504 -11.314 35.267 -16.792
2 24 -11.314 35.267 -16.792 -12.141 35.162 -16.276
2 24 -12.141 35.162 -16.276 -12.482 32.459 -16.737
2 24 -15.546 28.789 -15.081 -16.448 28.278 -12.017
2 24 -13.318 29.728 -15.974 -15.546 28.789 -15.081
2 24 -12.482 32.459 -16.737 -12.367 30.791 -16.62
2 24 -12.367 30.791 -16.62 -13.318 29.728 -15.974
2 24 -15.916 33.201 -11.226 -15.41 34.699 -11.527
2 24 -16.321 29.958 -10.734 -15.916 33.201 -11.226
2 24 -16.448 28.278 -12.017 -16.303 27.485 -9.852
2 24 -16.303 27.485 -9.852 -16.321 29.958 -10.734
2 24 -15.41 34.699 -11.527 -14.294 36.196 -11.8
2 24 -9.401 27.928 -14.13 -10.089 29.001 -16.467
2 24 -10.089 29.001 -16.467 -11.419 30.112 -17.023
2 24 -11.419 30.112 -17.023 -12.367 30.791 -16.62
2 24 -7.676 31.048 -11.809 -9.203 27.634 -11.927
2 24 -9.203 27.634 -11.927 -9.401 27.928 -14.13
2 24 -7.677 33.132 -11.847 -7.676 31.048 -11.809
2 24 -8.384 35.217 -11.884 -7.677 33.132 -11.847
2 24 -13.318 29.728 -15.974 -13.755 27.606 -16.463
2 24 -13.856 25.616 -15.477 -14.108 24.222 -14.083
2 24 -13.755 27.606 -16.463 -13.856 25.616 -15.477
2 24 -14.108 24.222 -14.083 -16.076 22.595 -10.861
2 24 -16.076 22.595 -10.861 -17.185 23.241 -9.621
2 24 -17.185 23.241 -9.621 -17.557 23.854 -7.594
2 24 -17.557 23.854 -7.594 -17.114 24.269 -5.092
2 24 -16.285 26.47 -7.317 -16.303 27.485 -9.852
2 24 -17.114 24.269 -5.092 -16.458 24.839 -4.804
2 24 -16.458 24.839 -4.804 -16.285 26.47 -7.317
2 24 -12.577 22.809 -13.283 -14.108 24.222 -14.083
2 24 -9.608 24.415 -11.809 -10.962 22.644 -10.467
2 24 -10.962 22.644 -10.467 -12.577 22.809 -13.283
2 24 -9.203 27.634 -11.927 -9.608 24.415 -11.809
2 24 -16.233 21.025 -9.198 -16.076 22.595 -10.861
2 24 -16.205 19.892 -7.54 -16.233 21.025 -9.198
2 24 -10.962 22.644 -10.467 -10.77 21.997 -9.137
2 24 -16.133 24.166 -1.764 -16.458 24.839 -4.804
2 24 -15.482 23.774 2.223 -16.133 24.166 -1.764
2 24 -15.482 23.774 2.223 -14.728 22.599 5.124
2 24 -14.674 40.6 -11.8 -13.802 38.615 -11.8
2 24 -14.587 43.049 -11.8 -14.674 40.6 -11.8
2 24 -12.399 47.292 -11.8 -14.587 43.049 -11.8
2 24 -10.929 48.308 -11.8 -12.399 47.292 -11.8
2 24 -9.65 47.652 -11.8 -10.929 48.308 -11.8
2 24 -8.3 45.258 -11.8 -9.65 47.652 -11.8
2 24 -7.436 42.71 -11.8 -8.3 45.258 -11.8
2 24 -7.417 40.321 -11.8 -7.436 42.71 -11.8
2 24 -8.572 38.082 -11.8 -7.417 40.321 -11.8
2 24 -11.089 47.915 -13.56 -10.929 48.308 -11.8
2 24 -10.324 -6.941 9.987 -8.294 -8.275 8.633
2 24 -8.294 -8.275 8.633 -9.601 -7.321 8.84
2 24 -8.294 -8.275 8.633 -10.227 -7.171 8.089
2 24 -15.01 -.968 9.526 -17.222 4.11 7.974
2 24 11.107 47.957 -13.241 12.425 47.081 -13.238
2 24 -11.747 21.886 -6.653 -11.945 19.008 -5.611
2 24 11.941 19.21 -8.883 11.591 22.261 -10.602
2 24 18.352 24.198 1.322 16.312 23.927 4.585
2 24 18.592 24.777 -4.955 18.566 24.697 -1.65
2 24 18.566 24.697 -1.65 18.352 24.198 1.322
2 24 -13.064 9.028 -1.638 -14.657 9.267 -1.704

5 24 -7.791 -7.5 12.377 -8.294 -8.275 8.633 -10.324 -6.941 9.987 -4.102 -9.117 10.663
5 24 -11.938 -5.663 10.326 -10.776 -5.403 13.113 -13.194 -2.584 12.966 -10.324 -6.941 9.987
5 24 -13.194 -2.584 12.966 -11.938 -5.663 10.326 -13.567 -3.633 10.078 -10.776 -5.403 13.113
5 24 .445 -11.319 2.053 2.078 -10.473 5.717 -.524 -10.212 8.459 4.365 -10.453 2.063
5 24 -12.804 22.105 12.651 -14.154 20.42 13.11 -11.858 21.835 13.572 -14.706 20.898 12.63
5 24 14.449 36.18 -11.8 14.562 29.481 -11.483 16.274 33.66 -11.562 8.432 29.911 -11.694
5 24 -15.805 1.021 8.112 -16.16 .867 7.232 -14.729 -1.06 8.25 -17.222 4.11 7.974
5 24 -11.858 21.835 13.572 -11.227 22.492 11.499 -12.804 22.105 12.651 -9.828 21.862 12.251
5 24 18.566 24.697 -1.65 19.672 22.503 .941 20.322 22.28 -1.952 18.352 24.198 1.322
5 24 -10.515 20.124 16.413 -14.397 18.718 14.99 -14.154 20.42 13.11 -11.166 18.077 17.124
5 24 -16.654 30.072 -12.961 -15.627 29.907 -16.018 -15.546 28.789 -15.081 -16.383 33.215 -13.918
5 24 15.934 4.602 -7.875 16.264 4.771 -6.082 14.89 5.568 -8.181 16.094 3.269 -7.79
5 24 -9.718 24.61 -14.871 -9.737 27.425 -16.665 -9.401 27.928 -14.13 -12.385 24.257 -16.354
5 24 -14.577 22.195 -1.875 -12.946 21.417 -1.795 -11.747 21.886 -6.653 -13.144 21.671 1.915
5 24 -11.902 4.866 17.713 -11.762 -.868 15.731 -14.503 2.681 14.912 -8.095 .145 17.476
5 24 5.254 -5.317 -12.147 2.782 -5.602 -13.795 3.808 -7.707 -9.439 3.747 -5.028 -13.565
5 24 -15.529 22.144 9.794 -16.609 22.365 5.842 -14.764 22.715 7.083 -17.147 21.344 8.998
5 24 12.383 -3.67 -7.954 9.731 -4.898 -9.27 12.461 -3.448 -9.268 9.71 -5.362 -8.591
5 24 12.669 31.069 -16.468 15.244 32.976 -17.047 13.697 29.917 -15.935 12.855 33.12 -16.666
5 24 11.669 19.459 15.824 10.723 19.846 15.531 12.461 20.176 14.282 7.966 17.195 18.194
5 24 7.966 17.195 18.194 7.522 11.946 19.136 3.522 12.458 18.893 11.828 13.568 18.466
5 24 -19.053 18.615 6.807 -18.793 20.209 6.498 -19.601 19.089 2.781 -17.989 18.896 9.575
5 24 16.883 23.952 -1.772 15.56 21.84 .195 16.629 23.544 1.136 15.952 21.908 -2.847
5 24 14.562 29.481 -11.483 9.505 26.194 -11.898 9.763 27.74 -11.81 10.216 23.73 -11.492
5 24 -18.418 9.506 9.08 -18.854 7.552 6.999 -18.094 6.495 7.688 -19.256 10.921 7.895
5 24 1.265 -4.88 -15.023 2.306 -3.464 -14.824 -1.105 -2.708 -16.248 2.782 -5.602 -13.795
5 24 -17.147 21.344 8.998 -16.951 19.649 11.165 -15.529 22.144 9.794 -17.989 18.896 9.575
5 24 -12.459 22.535 8.656 -12.011 21.764 4.975 -13.873 22.587 5.314 -10.6 21.644 8.226
5 24 6.126 -9.124 7.038 8.078 -9.372 6.258 6.851 -9.615 4.059 9.414 -7.092 11.627
5 24 -15.241 4.846 -5.184 -14.779 4.958 -7.202 -14.624 1.081 -6.854 -14.86 7.163 -5.019
5 24 3.881 -6.859 13.209 3.543 -8.413 8.88 2.083 -8.023 10.227 6.75 -6.394 13.111
5 24 .612 12.079 17.706 -.036 14.77 17.28 1.313 15 17.882 .044 12.112 17.574
5 24 -2.202 19.24 15.112 -5.302 20.774 15.784 -2.822 18.868 16.657 -4.788 20.924 14.24
5 24 -19.053 18.615 6.807 -18.277 17.814 7.963 -18.541 17.57 6.97 -17.989 18.896 9.575
5 24 -12.989 6.523 -7.048 -10.9 5.777 -6.636 -11.345 5.294 -9.757 -12.011 7.213 -4.975
5 24 14.334 24.795 -14.441 11.938 22.873 -13.99 11.906 25.243 -16.671 12.871 22.47 -12.544
5 24 8.045 -3.081 -10.739 10.022 -3.719 -10.808 10.179 -2.43 -12.08 9.731 -4.898 -9.27
5 24 -18.964 22.044 -6.719 -17.114 24.269 -5.092 -17.557 23.854 -7.594 -19.281 22.016 -4.587
5 24 -16.321 29.958 -10.734 -13.759 26.576 -11.635 -16.303 27.485 -9.852 -11.738 30.467 -11.827
5 24 -13.23 15.928 -1.247 -15.891 14.235 -.689 -15.564 16.097 -2.402 -13.154 14.262 -.61
5 24 15.996 2.819 -6.486 16.533 2.2 -5.425 14.972 -.073 -7.289 16.264 4.771 -6.082
5 24 -16.383 33.215 -13.918 -14.159 36.234 -13.703 -13.309 35.712 -15.895 -15.41 34.699 -11.527
5 24 9.754 42.548 -16.351 11.296 44.764 -16.101 9.996 44.618 -15.703 11.34 42.512 -16.569
5 24 13.825 .122 15.479 16.402 2.873 13.034 15.892 .488 12.578 13.137 3.123 16.963
5 24 -.949 -6.137 -12.703 3.808 -7.707 -9.439 2.782 -5.602 -13.795 -3.678 -6.616 -12.02
5 24 12.648 37.05 -16.404 13.054 35.819 -15.999 14.383 37.324 -14.044 12.49 35.548 -16.122
5 24 12.855 33.12 -16.666 11.224 35.63 -16.578 10.865 32.527 -17.737 12.49 35.548 -16.122
5 24 7.592 -3.283 -12.009 7.686 -1.383 -12.448 8.141 -1.612 -11.614 6.87 -2.846 -13.783
5 24 -16.654 30.072 -12.961 -15.916 33.201 -11.226 -16.321 29.958 -10.734 -16.383 33.215 -13.918
5 24 11.828 13.568 18.466 12.899 13.3 17.418 11.073 9.68 18.562 14.026 17.462 16.197
5 24 -7.69 3.522 -11.905 -9.192 4.501 -9.192 -6.519 3.1 -11.449 -9.483 4.712 -11.772
5 24 16.992 27.797 -9.631 15.807 25.513 -9.932 17.339 25.93 -6.305 14.562 29.481 -11.483
5 24 11.884 .827 -12.184 12.448 -1.822 -11.224 14.587 1.53 -10.125 10.916 -.662 -12.832
5 24 8.55 36.705 -13.818 8.647 36.594 -11.8 9.182 35.391 -13.766 9.066 38.294 -11.8
5 24 -14.157 22.738 9.819 -15.529 22.144 9.794 -14.764 22.715 7.083 -14.706 20.898 12.63
5 24 -6.826 3.557 -12.976 -7.69 3.522 -11.905 -7.406 3.542 -12.79 -6.519 3.1 -11.449
5 24 -15.529 22.144 9.794 -17.147 21.344 8.998 -16.609 22.365 5.842 -16.951 19.649 11.165
5 24 -15.808 -2.377 2.075 -17.314 2.62 -.133 -16.443 .347 -5.508 -17.09 1.012 3.555
5 24 -.229 17.097 16.032 -2.202 19.24 15.112 -2.822 18.868 16.657 -.091 18.152 13.299
5 24 -14.373 2.358 13.576 -14.503 2.681 14.912 -16.587 7.332 12.014 -11.905 -1.372 14.281
5 24 -17.856 11.099 11.653 -17.15 13.026 13.402 -17.613 14.16 12.427 -15.783 10.02 15.172
5 24 13.905 27.566 -16.348 11.989 28.384 -17.305 13.697 29.917 -15.935 11.906 25.243 -16.671
5 24 16.402 2.873 13.034 16.5 2.908 11.628 15.892 .488 12.578 17.385 6.846 10.982
5 24 -5.816 2.382 -14.723 -4.047 3.11 -13.933 -3.829 2.318 -14.583 -6.826 3.557 -12.976
5 24 -15.945 11.93 -.668 -14.657 9.267 -1.704 -13.134 11.981 -.582 -17.644 9.36 -.02
5 24 7.966 17.195 18.194 10.723 19.846 15.531 11.669 19.459 15.824 6.739 17.748 17.264
5 24 2.421 19.462 16.028 -.091 18.152 13.299 -.229 17.097 16.032 2.318 19.197 12.758
5 24 -8.762 35.159 -14.508 -7.677 33.132 -11.847 -8.384 35.217 -11.884 -7.553 30.912 -14.859
5 24 -14.826 18.721 -9.975 -16.233 21.025 -9.198 -14.36 21.07 -12.674 -16.205 19.892 -7.54
5 24 9.755 36.902 -16.864 8.55 36.705 -13.818 9.134 38.451 -13.824 10.077 35.581 -16.262
5 24 -7.417 40.321 -11.8 -7.787 42.604 -13.996 -7.436 42.71 -11.8 -8.039 40.222 -15.121
5 24 -13.221 -6.103 -2.14 -15.808 -2.377 2.075 -13.94 -5.379 1.568 -16.443 .347 -5.508
5 24 2.906 1.582 -15.811 2.925 1.172 -10.954 0 1.825 -12.081 5.099 .889 -14.507
5 24 -13.873 22.587 5.314 -14.764 22.715 7.083 -13.204 22.757 9.144 -14.728 22.599 5.124
5 24 4.711 -10.421 .523 5.671 -9.059 2.472 4.365 -10.453 2.063 6.615 -8.913 -.378
5 24 -8.03 21.982 14.9 -9.828 21.862 12.251 -8.141 21.769 10.57 -11.858 21.835 13.572
5 24 -18.277 17.814 7.963 -17.989 18.896 9.575 -19.053 18.615 6.807 -17.24 18.022 9.544
5 24 -13.68 -4.13 7.55 -14.382 -3.889 4.188 -12.34 -6.375 4.406 -15.198 -1.391 7.267
5 24 -9.956 35.158 -16.504 -8.154 36.507 -14.72 -8.762 35.159 -14.508 -10.051 36.683 -17.116
5 24 9.827 27.82 -13.54 8.432 29.911 -11.694 9.763 27.74 -11.81 8.541 29.764 -13.849
5 24 12.586 22.432 12.153 9.828 21.253 12.304 11.309 20.857 14.269 10.686 22.518 9.601
5 24 -.949 -6.137 -12.703 -3.88 -4.818 -13.856 -3.505 -4.701 -14.302 -3.678 -6.616 -12.02
5 24 -15.546 28.789 -15.081 -13.755 27.606 -16.463 -16.011 27.498 -15.791 -13.318 29.728 -15.974
5 24 -5.996 5.262 18.576 -5.658 9.616 19.073 -10.35 6.45 18.264 -3.492 7.118 18.793
5 24 -12.482 32.459 -16.737 -13.309 35.712 -15.895 -12.141 35.162 -16.276 -14.896 32.617 -16.931
5 24 .612 12.079 17.706 .044 12.112 17.574 -.043 9.128 17.617 -.036 14.77 17.28
5 24 -16.011 27.498 -15.791 -15.546 28.789 -15.081 -13.755 27.606 -16.463 -16.448 28.278 -12.017
5 24 -19.281 22.016 -4.587 -19.275 21.896 -2.174 -17.985 19.48 -4.246 -17.112 23.868 -1.787
5 24 5.828 -3.437 16.847 6.75 -6.394 13.111 3.881 -6.859 13.209 9.663 -3.644 15.905
5 24 13.608 -1.656 14.776 15.892 .488 12.578 13.825 .122 15.479 15.949 .204 11.92
5 24 -12.124 38.594 -15.287 -10.974 40.501 -16.634 -10.858 38.438 -15.936 -14.408 40.606 -14.381
5 24 -14.232 22.541 2.198 -13.144 21.671 1.915 -14.577 22.195 -1.875 -13.873 22.587 5.314
5 24 -10.776 -5.403 13.113 -7.232 -5.108 13.509 -7.791 -7.5 12.377 -11.905 -1.372 14.281
5 24 15.3 -4.978 5.456 12.712 -7.122 4.85 15.142 -4.622 6.971 13.833 -6.81 3.899
5 24 .445 -11.319 2.053 -3.638 -10.585 1.388 -3.514 -11.135 2.959 .096 -10.943 .568
5 24 9.857 40.366 -16.287 11.34 42.512 -16.569 11.266 40.374 -16.322 9.754 42.548 -16.351
5 24 7.922 42.434 -13.609 9.996 44.618 -15.703 8.757 45 -13.316 9.754 42.548 -16.351
5 24 7.923 -6.471 -7.253 6.801 -8.436 -7.793 6.075 -6.446 -9.54 7.226 -8.046 -3.903
5 24 16.933 .391 .469 16.005 -3.722 .859 15.702 -2.492 -1.36 17.474 -.741 3.18
5 24 -9.429 40.431 -16.084 -8.993 38.24 -15.122 -8.039 40.222 -15.121 -9.947 38.287 -15.911
5 24 -16.654 30.072 -12.961 -16.383 33.215 -13.918 -15.627 29.907 -16.018 -15.916 33.201 -11.226
5 24 18.426 6.995 3.403 19.36 6.649 5.779 19.659 11.804 5.577 18.748 2.982 4.795
5 24 16.548 23.519 -7.389 12.271 21.102 -6.07 15.952 21.908 -2.847 11.632 21.343 -8.012
5 24 9.754 42.548 -16.351 8.109 40.216 -13.922 9.857 40.366 -16.287 7.922 42.434 -13.609
5 24 18.594 26.269 -8.408 16.992 27.797 -9.631 16.928 28.565 -12.316 17.339 25.93 -6.305
5 24 -7.939 -1.116 -14.192 -7.887 2.182 -13.143 -6.181 -1.062 -13.917 -9.531 2.157 -13.795
5 24 14.587 1.53 -10.125 15.934 4.602 -7.875 16.094 3.269 -7.79 13.349 2.961 -10.726
5 24 15.495 -.578 -6.306 15.003 -4.966 -.795 15.702 -2.492 -1.36 13.2 -4.41 -6.711
5 24 10.464 23.19 -12.068 11.938 22.873 -13.99 9.837 25.585 -14.653 11.591 22.261 -10.602
5 24 -11.419 30.112 -17.023 -9.737 27.425 -16.665 -12.221 26.626 -17.694 -10.089 29.001 -16.467
5 24 13.2 -4.41 -6.711 15.003 -4.966 -.795 15.495 -.578 -6.306 8.927 -8.254 -4.212
5 24 -15.529 22.144 9.794 -16.951 19.649 11.165 -14.706 20.898 12.63 -17.147 21.344 8.998
5 24 1.892 -.681 -16.641 -.165 -1.115 -15.482 -.13 1.053 -16.409 2.306 -3.464 -14.824
5 24 12.899 13.3 17.418 15.867 16.071 15.227 14.031 12.422 17.485 15.024 16.83 15.026
5 24 3.893 -9.561 -8.035 6.075 -10.213 -4.707 3.446 -11.077 -4.818 6.801 -8.436 -7.793
5 24 -15.904 13.987 13.738 -17.613 14.16 12.427 -17.15 13.026 13.402 -16.574 15.432 12.569
5 24 1.588 8.983 18.712 .008 5.131 17.279 -.043 9.128 17.617 1.704 1.678 18.208
5 24 -14.619 17.82 -5.388 -15.122 18.109 -7.437 -16.205 19.892 -7.54 -13.159 18.184 -6.663
5 24 11.34 42.512 -16.569 14.433 42.998 -13.581 14.384 40.601 -13.61 11.296 44.764 -16.101
5 24 3.446 -11.077 -4.818 3.754 -11.651 -2.091 6.075 -10.213 -4.707 -.268 -12.113 -.614
5 24 -6.851 2.174 -14.498 -6.826 3.557 -12.976 -5.816 2.382 -14.723 -7.406 3.542 -12.79
5 24 -12.546 20.702 -12.095 -14.826 18.721 -9.975 -12.628 18.59 -9.15 -14.36 21.07 -12.674
5 24 -13.94 -5.379 1.568 -15.092 -2.498 3.146 -12.168 -5.992 2.936 -15.808 -2.377 2.075
5 24 13.833 -6.81 3.899 15.003 -4.966 -.795 11.04 -8.721 1.377 16.005 -3.722 .859
5 24 15.537 7.013 -4.344 17.451 4.665 -4.08 16.264 4.771 -6.082 18.276 7.25 -.928
5 24 -16.383 33.215 -13.918 -13.309 35.712 -15.895 -14.896 32.617 -16.931 -14.159 36.234 -13.703
5 24 16.883 23.952 -1.772 18.352 24.198 1.322 18.566 24.697 -1.65 16.629 23.544 1.136
5 24 -6.48 18.28 17.591 -5.302 20.774 15.784 -2.822 18.868 16.657 -10.515 20.124 16.413
5 24 -17.968 5.86 1.736 -18.588 8.43 3.36 -17.644 9.36 -.02 -18.16 4.569 5.43
5 24 -5.221 -.992 -15.793 -3.624 -.02 -16.307 -3.914 -3.145 -15.355 -5.816 2.382 -14.723
5 24 -11.345 5.294 -9.757 -10.9 5.777 -6.636 -9.192 4.501 -9.192 -12.989 6.523 -7.048
5 24 -17.628 22.152 -8.855 -18.964 22.044 -6.719 -17.557 23.854 -7.594 -16.205 19.892 -7.54
5 24 19.214 14.337 7.192 19.007 17.311 6.766 19.324 17.612 5.576 18.9 14.517 8.06
5 24 10.947 22.698 -10.239 10.464 23.19 -12.068 10.216 23.73 -11.492 11.591 22.261 -10.602
5 24 -3.914 -3.145 -15.355 -3.624 -.02 -16.307 -1.105 -2.708 -16.248 -5.221 -.992 -15.793
5 24 -10.336 -1.753 -11.953 -7.491 -4.453 -12.336 -8.869 -5.683 -9.137 -7.939 -1.116 -14.192
5 24 -14.595 24.252 -10.151 -16.303 27.485 -9.852 -13.759 26.576 -11.635 -16.285 26.47 -7.317
5 24 -4.788 20.924 14.24 -8.03 21.982 14.9 -4.975 20.911 12.011 -5.302 20.774 15.784
5 24 10.573 -3.575 14.397 11.92 -4.656 13.715 13.608 -1.656 14.776 8.099 -5.983 12.135
5 24 18.426 6.995 3.403 19.659 11.804 5.577 19.36 6.649 5.779 18.99 11.687 3.646
5 24 14.334 24.795 -14.441 11.906 25.243 -16.671 14.106 26.136 -15.717 11.938 22.873 -13.99
5 24 8.647 36.594 -11.8 9.182 35.391 -13.766 8.55 36.705 -13.818 8.999 35.353 -11.8
5 24 -18.91 18.101 1.621 -18.735 18.44 .345 -18.35 16.887 .468 -19.383 19.367 1.597
5 24 18.9 14.517 8.06 18.976 14.884 9.97 18.65 17.79 7.906 18.272 10.446 9.944
5 24 -8.541 44.804 -13.549 -9.76 44.588 -15.18 -9.704 47.2 -13.453 -7.787 42.604 -13.996
5 24 -17.112 23.868 -1.787 -16.133 24.166 -1.764 -16.568 23.342 1.942 -16.458 24.839 -4.804
5 24 -3.418 15.241 18.108 -4.163 12.892 18.568 -1.12 12.607 18.118 -7.616 16.209 18.452
5 24 -1.111 -7.684 10.204 .488 -6.808 11.305 .741 -7.47 9.22 -1.043 -7.23 12.191
5 24 -11.543 16.332 16.615 -15.161 16.301 15.397 -14.452 17.454 14.944 -12.411 14.717 17.4
5 24 10.406 -6.366 -7.115 7.923 -6.471 -7.253 8.927 -8.254 -4.212 9.71 -5.362 -8.591
5 24 -18.358 15.4 8.906 -18.128 15.989 10.348 -18.277 17.814 7.963 -17.856 11.099 11.653
5 24 -9.601 -7.321 8.84 -10.227 -7.171 8.089 -8.294 -8.275 8.633 -11.587 -5.564 8.914
5 24 -16.999 8.041 13.159 -16.587 7.332 12.014 -14.503 2.681 14.912 -17.655 9.937 10.673
5 24 -16.999 8.041 13.159 -17.655 9.937 10.673 -17.856 11.099 11.653 -16.587 7.332 12.014
5 24 -.091 18.152 13.299 -2.202 19.24 15.112 -1.885 19.486 13.064 -.229 17.097 16.032
5 24 -8.154 36.507 -14.72 -10.051 36.683 -17.116 -8.993 38.24 -15.122 -9.956 35.158 -16.504
5 24 -12.261 -3.364 -6.991 -14.194 1.528 -8.751 -14.624 1.081 -6.854 -10.336 -1.753 -11.953
5 24 -14.706 20.898 12.63 -14.157 22.738 9.819 -12.804 22.105 12.651 -15.529 22.144 9.794
5 24 -17.988 26.144 -13.278 -16.011 27.498 -15.791 -16.631 23.909 -13.873 -16.448 28.278 -12.017
5 24 12.185 18.046 16.685 14.026 17.462 16.197 11.828 13.568 18.466 13.642 19.979 13.995
5 24 18.499 11.163 12.049 17.385 6.846 10.982 18.272 10.446 9.944 16.402 2.873 13.034
5 24 5.254 -5.317 -12.147 7.592 -3.283 -12.009 6.075 -6.446 -9.54 6.87 -2.846 -13.783
5 24 18.594 26.269 -8.408 18.592 24.777 -4.955 18.837 24.059 -7.533 17.339 25.93 -6.305
5 24 17.451 4.665 -4.08 16.264 4.771 -6.082 15.537 7.013 -4.344 16.533 2.2 -5.425
5 24 6.075 -6.446 -9.54 8.045 -3.081 -10.739 7.714 -5.433 -8.349 7.592 -3.283 -12.009
5 24 -14.826 18.721 -9.975 -15.122 18.109 -7.437 -16.205 19.892 -7.54 -12.628 18.59 -9.15
5 24 -17.989 18.896 9.575 -16.501 19.066 11.206 -16.951 19.649 11.165 -17.24 18.022 9.544
5 24 -10.858 38.438 -15.936 -11.974 36.541 -17.177 -12.124 38.594 -15.287 -10.051 36.683 -17.116
5 24 -12.221 26.626 -17.694 -13.755 27.606 -16.463 -13.856 25.616 -15.477 -12.367 30.791 -16.62
5 24 -10.336 -1.753 -11.953 -12.476 2.733 -11.219 -9.531 2.157 -13.795 -14.194 1.528 -8.751
5 24 -.165 -1.115 -15.482 -1.105 -2.708 -16.248 -3.624 -.02 -16.307 2.306 -3.464 -14.824
5 24 15.494 16.092 -4.345 18.529 18.268 -3.148 16.293 15.607 -1.387 18.312 19.697 -4.683
5 24 -11.292 32.075 -18.14 -12.482 32.459 -16.737 -11.314 35.267 -16.792 -12.367 30.791 -16.62
5 24 14.949 7.809 16.657 16.504 12.117 15.582 16.402 2.873 13.034 14.031 12.422 17.485
5 24 -8.137 14.268 17.945 -4.163 12.892 18.568 -4.803 11.325 18.268 -7.616 16.209 18.452
5 24 14.255 36.191 -14.077 16.73 33.511 -14.824 14.449 36.18 -11.8 15.244 32.976 -17.047
5 24 -8.86 -10.039 -2.67 -8.043 -10.344 .687 -11.313 -8.423 1.116 -4.135 -11.71 .175
5 24 11.296 44.764 -16.101 9.996 44.618 -15.703 11.107 47.957 -13.241 9.754 42.548 -16.351
5 24 20.437 19.384 2.404 19.153 21.93 2.404 20.072 21.84 3.655 19.483 19.913 -.787
5 24 .678 1.756 -15.996 2.906 1.582 -15.811 -.068 2.626 -15.156 2.846 .797 -16.512
5 24 -12.385 24.257 -16.354 -13.856 25.616 -15.477 -12.221 26.626 -17.694 -14.108 24.222 -14.083
5 24 -13.297 7.525 -4.96 -12.011 7.213 -4.975 -13.064 9.028 -1.638 -12.989 6.523 -7.048
5 24 18.324 6.338 9.81 18.272 10.446 9.944 19.081 10.037 8.811 17.385 6.846 10.982
5 24 14.949 7.809 16.657 12.383 9.49 18.359 14.031 12.422 17.485 10.257 7.171 18.922
5 24 12.271 21.102 -6.07 15.952 21.908 -2.847 16.548 23.519 -7.389 13.237 20.753 -3.106
5 24 6.851 -9.615 4.059 4.015 -8.119 6.364 5.671 -9.059 2.472 6.126 -9.124 7.038
5 24 -8.869 -5.683 -9.137 -7.491 -4.453 -12.336 -3.678 -6.616 -12.02 -10.336 -1.753 -11.953
5 24 -18.177 22.109 .658 -17.112 23.868 -1.787 -19.275 21.896 -2.174 -16.568 23.342 1.942
5 24 -4.047 3.11 -13.933 -6.519 3.1 -11.449 -6.826 3.557 -12.976 -2.852 2.469 -12.052
5 24 -9.76 44.588 -15.18 -11.351 44.791 -16.155 -9.43 42.549 -15.71 -11.089 47.915 -13.56
5 24 16.835 20.021 -7.328 14.933 19.302 -10.789 15.007 17.895 -7.888 16.753 22.826 -10.89
5 24 12.396 -7.661 6.666 10.708 -7.885 8.983 8.078 -9.372 6.258 14.238 -5.829 7.612
5 24 -17.989 18.896 9.575 -17.24 18.022 9.544 -18.277 17.814 7.963 -16.501 19.066 11.206
5 24 15.561 28.904 -15.434 16.73 33.511 -14.824 15.244 32.976 -17.047 17.071 30.04 -13.111
5 24 10.36 20.422 15.225 9.828 21.253 12.304 8.411 21.515 13.249 11.309 20.857 14.269
5 24 -9.704 47.2 -13.453 -9.65 47.652 -11.8 -11.089 47.915 -13.56 -8.3 45.258 -11.8
5 24 18.976 14.884 9.97 18.272 10.446 9.944 18.9 14.517 8.06 18.499 11.163 12.049
5 24 3.543 -8.413 8.88 8.099 -5.983 12.135 4.015 -8.119 6.364 6.75 -6.394 13.111
5 24 -8.095 .145 17.476 -1.298 -3.488 15.856 -6.824 -4.634 15.017 -1.465 1.453 17.755
5 24 -1.465 1.453 17.755 -7.259 3.214 18.487 -1.584 4.079 18.248 -8.095 .145 17.476
5 24 -17.985 19.48 -4.246 -18.964 22.044 -6.719 -19.281 22.016 -4.587 -16.205 19.892 -7.54
5 24 -15.627 29.907 -16.018 -15.546 28.789 -15.081 -16.654 30.072 -12.961 -13.318 29.728 -15.974
5 24 6.75 -6.394 13.111 8.099 -5.983 12.135 3.543 -8.413 8.88 9.663 -3.644 15.905
5 24 -8.97 31.284 -17.406 -11.292 32.075 -18.14 -9.956 35.158 -16.504 -11.419 30.112 -17.023
5 24 18.276 7.25 -.928 17.451 4.665 -4.08 15.537 7.013 -4.344 17.868 3.38 2.197
5 24 -10.051 36.683 -17.116 -8.993 38.24 -15.122 -8.154 36.507 -14.72 -9.947 38.287 -15.911
5 24 -13.802 38.615 -11.8 -14.301 37.293 -13.648 -14.349 37.193 -11.8 -13.486 38.617 -14.271
5 24 19.324 17.612 5.576 19.659 11.804 5.577 19.214 14.337 7.192 19.818 18.415 2.266
5 24 -11.587 -5.564 8.914 -11.938 -5.663 10.326 -10.324 -6.941 9.987 -13.198 -3.622 8.774
5 24 -14.595 24.252 -10.151 -13.759 26.576 -11.635 -16.303 27.485 -9.852 -10.962 22.644 -10.467
5 24 -8.993 38.24 -15.122 -8.154 36.507 -14.72 -10.051 36.683 -17.116 -8.572 38.082 -11.8
5 24 -3.624 -.02 -16.307 -2.552 .995 -15.281 -.165 -1.115 -15.482 -3.829 2.318 -14.583
5 24 -17.613 14.16 12.427 -16.574 15.432 12.569 -16.777 16.429 11.629 -15.904 13.987 13.738
5 24 -16.274 17.381 13.067 -16.574 15.432 12.569 -16.777 16.429 11.629 -16.324 16.237 13.726
5 24 2.906 1.582 -15.811 5.26 -.172 -15.52 5.099 .889 -14.507 2.846 .797 -16.512
5 24 15.807 25.513 -9.932 16.548 23.519 -7.389 17.339 25.93 -6.305 11.632 21.343 -8.012
5 24 -1.105 -2.708 -16.248 -3.914 -3.145 -15.355 -3.505 -4.701 -14.302 -3.624 -.02 -16.307
5 24 .678 1.756 -15.996 -1.698 1.783 -15.69 -.068 2.626 -15.156 -.13 1.053 -16.409
5 24 9.663 -3.644 15.905 5.828 -3.437 16.847 6.75 -6.394 13.111 6.665 1.036 18.9
5 24 3.881 -6.859 13.209 6.75 -6.394 13.111 3.543 -8.413 8.88 5.828 -3.437 16.847
5 24 -12.261 -3.364 -6.991 -16.443 .347 -5.508 -14.624 1.081 -6.854 -13.386 -4.703 -5.697
5 24 11.296 44.764 -16.101 12.425 47.081 -13.238 11.107 47.957 -13.241 13.581 45.168 -13.339
5 24 8.141 -1.612 -11.614 10.179 -2.43 -12.08 8.045 -3.081 -10.739 8.804 -.14 -12.137
5 24 -5.221 -.992 -15.793 -6.181 -1.062 -13.917 -6.851 2.174 -14.498 -4.78 -3.117 -13.993
5 24 -11.089 47.915 -13.56 -9.76 44.588 -15.18 -9.704 47.2 -13.453 -11.351 44.791 -16.155
5 24 -14.826 18.721 -9.975 -12.628 18.59 -9.15 -15.122 18.109 -7.437 -12.546 20.702 -12.095
5 24 8.239 32.073 -13.953 9.182 35.391 -13.766 10.077 35.581 -16.262 8.244 32.076 -11.774
5 24 -13.159 18.184 -6.663 -14.619 17.82 -5.388 -15.122 18.109 -7.437 -13.618 17.656 -3.545
5 24 -11.905 -1.372 14.281 -11.762 -.868 15.731 -14.503 2.681 14.912 -6.824 -4.634 15.017
5 24 -11.762 -.868 15.731 -8.095 .145 17.476 -6.824 -4.634 15.017 -11.902 4.866 17.713
5 24 -6.824 -4.634 15.017 -1.298 -3.488 15.856 -8.095 .145 17.476 -1.043 -7.23 12.191
5 24 18.276 7.25 -.928 15.537 7.013 -4.344 15.749 8.743 -2.214 17.451 4.665 -4.08
5 24 13.611 23.259 7.212 14.914 22.098 2.837 13.787 20.909 3.343 16.312 23.927 4.585
5 24 13.349 2.961 -10.726 15.934 4.602 -7.875 14.587 1.53 -10.125 14.89 5.568 -8.181
5 24 18.846 22.521 6.154 16.312 23.927 4.585 20.072 21.84 3.655 16.58 23.234 9.272
5 24 12.446 5.665 -7.496 14.89 5.568 -8.181 13.349 2.961 -10.726 15.537 7.013 -4.344
5 24 3.446 -11.077 -4.818 -.268 -12.113 -.614 -3.038 -11.819 -3.381 3.754 -11.651 -2.091
5 24 -17.147 21.344 8.998 -18.793 20.209 6.498 -16.609 22.365 5.842 -17.989 18.896 9.575
5 24 11.989 28.384 -17.305 13.697 29.917 -15.935 12.669 31.069 -16.468 13.905 27.566 -16.348
5 24 14.933 19.302 -10.789 15.007 17.895 -7.888 11.941 19.21 -8.883 16.835 20.021 -7.328
5 24 -18.588 8.43 3.36 -19.086 14.709 2.747 -19.449 14.46 6.182 -17.956 11.678 .729
5 24 -10.35 6.45 18.264 -7.259 3.214 18.487 -10.298 4.993 18.171 -5.996 5.262 18.576
5 24 -13.387 6.287 17.067 -12.097 7.495 17.187 -11.902 4.866 17.713 -15.783 10.02 15.172
5 24 -.068 2.626 -15.156 .678 1.756 -15.996 2.906 1.582 -15.811 -1.698 1.783 -15.69
5 24 -8.541 44.804 -13.549 -7.436 42.71 -11.8 -8.3 45.258 -11.8 -7.787 42.604 -13.996
5 24 18.529 18.268 -3.148 19.451 18.774 .051 19.483 19.913 -.787 18.278 16.932 -.5
5 24 -17.628 22.152 -8.855 -16.233 21.025 -9.198 -16.205 19.892 -7.54 -16.076 22.595 -10.861
5 24 11.591 22.261 -10.602 11.938 22.873 -13.99 10.464 23.19 -12.068 12.871 22.47 -12.544
5 24 11.92 -4.656 13.715 10.708 -7.885 8.983 9.414 -7.092 11.627 13.677 -4.214 11.699
5 24 -3.418 15.241 18.108 -7.616 16.209 18.452 -4.163 12.892 18.568 -6.48 18.28 17.591
5 24 -17.985 19.48 -4.246 -19.275 21.896 -2.174 -18.611 19.938 -.406 -19.281 22.016 -4.587
5 24 -11.902 4.866 17.713 -12.097 7.495 17.187 -10.298 4.993 18.171 -13.387 6.287 17.067
5 24 -10.35 6.45 18.264 -12.097 7.495 17.187 -10.298 4.993 18.171 -11.471 8.401 18.034
5 24 5.34 .855 -9.34 6.882 .379 -11.147 7.671 -.008 -10.912 6.48 .734 -12.211
5 24 -17.417 7.008 -1.712 -17.968 5.86 1.736 -17.314 2.62 -.133 -17.644 9.36 -.02
5 24 -17.038 26.058 -7.882 -16.285 26.47 -7.317 -16.303 27.485 -9.852 -17.114 24.269 -5.092
5 24 -13.318 29.728 -15.974 -15.627 29.907 -16.018 -15.546 28.789 -15.081 -12.367 30.791 -16.62
5 24 14.587 1.53 -10.125 13.349 2.961 -10.726 11.884 .827 -12.184 15.934 4.602 -7.875
5 24 .096 -10.943 .568 -.268 -12.113 -.614 3.754 -11.651 -2.091 -3.638 -10.585 1.388
5 24 -6.824 -4.634 15.017 -8.095 .145 17.476 -11.762 -.868 15.731 -1.298 -3.488 15.856
5 24 15.783 23.388 -12.648 18.11 25.276 -13.581 16.03 26.363 -15.65 18.875 24.252 -10.962
5 24 9.996 44.618 -15.703 9.935 47.401 -13.241 8.757 45 -13.316 11.107 47.957 -13.241
5 24 -7.154 -9.334 2.041 -8.043 -10.344 .687 -4.135 -11.71 .175 -10.206 -7.765 2.596
5 24 16.629 23.544 1.136 18.352 24.198 1.322 16.883 23.952 -1.772 16.312 23.927 4.585
5 24 -12.367 30.791 -16.62 -15.627 29.907 -16.018 -14.896 32.617 -16.931 -13.318 29.728 -15.974
5 24 16.992 27.797 -9.631 14.562 29.481 -11.483 17.136 30.942 -10.11 15.807 25.513 -9.932
5 24 9.71 -5.362 -8.591 7.714 -5.433 -8.349 9.731 -4.898 -9.27 7.923 -6.471 -7.253
5 24 5.099 .889 -14.507 5.26 -.172 -15.52 2.906 1.582 -15.811 7.325 -1.023 -13.372
5 24 9.331 1.062 -11.226 8.157 1.172 -8.157 7.671 -.008 -10.912 11.386 3.6 -10.004
5 24 13.787 20.909 3.343 13.611 23.259 7.212 14.914 22.098 2.837 11.392 21.321 7.982
5 24 8.244 32.076 -11.774 8.541 29.764 -13.849 8.432 29.911 -11.694 8.239 32.073 -13.953
5 24 1.265 -4.88 -15.023 -.949 -6.137 -12.703 -3.505 -4.701 -14.302 2.782 -5.602 -13.795
5 24 11.34 42.512 -16.569 14.384 40.601 -13.61 14.433 42.998 -13.581 11.266 40.374 -16.322
5 24 -8.881 12.431 18.831 -8.137 14.268 17.945 -12.411 14.717 17.4 -4.803 11.325 18.268
5 24 .049 1.727 16.999 1.704 1.678 18.208 1.779 -3.272 16.075 .008 5.131 17.279
5 24 -11.974 36.541 -17.177 -13.309 35.712 -15.895 -12.141 35.162 -16.276 -13.233 36.975 -16.2
5 24 14.384 40.601 -13.61 12.601 38.814 -14.609 13.683 38.781 -13.481 11.266 40.374 -16.322
5 24 20.101 22.265 -4.537 18.592 24.777 -4.955 19.323 22.161 -6.785 20.322 22.28 -1.952
5 24 16.344 18.729 11.466 16.959 20.289 12.275 15.854 19.516 12.64 17.804 18.443 9.634
5 24 -14.896 32.617 -16.931 -15.627 29.907 -16.018 -16.383 33.215 -13.918 -12.367 30.791 -16.62
5 24 -18.358 15.4 8.906 -18.277 17.814 7.963 -18.541 17.57 6.97 -18.128 15.989 10.348
5 24 -18.128 15.989 10.348 -16.777 16.429 11.629 -17.613 14.16 12.427 -16.992 17.136 10.675
5 24 -17.968 5.86 1.736 -17.644 9.36 -.02 -17.417 7.008 -1.712 -18.588 8.43 3.36
5 24 -15.564 16.097 -2.402 -15.881 17.119 -4.655 -13.618 17.656 -3.545 -18.386 17.33 -1.724
5 24 17.474 -.741 3.18 16.299 .397 11.244 18.748 2.982 4.795 15.142 -4.622 6.971
5 24 -11.236 42.578 -16.96 -9.43 42.549 -15.71 -10.974 40.501 -16.634 -11.351 44.791 -16.155
5 24 16.005 -3.722 .859 15.3 -4.978 5.456 17.474 -.741 3.18 13.833 -6.81 3.899
5 24 11.884 .827 -12.184 11.386 3.6 -10.004 13.349 2.961 -10.726 9.331 1.062 -11.226
5 24 -13.873 22.587 5.314 -12.011 21.764 4.975 -13.144 21.671 1.915 -12.459 22.535 8.656
5 24 -18.386 17.33 -1.724 -18.611 19.938 -.406 -18.735 18.44 .345 -17.935 18.816 -4.15
5 24 -8.3 45.258 -11.8 -9.704 47.2 -13.453 -9.65 47.652 -11.8 -8.541 44.804 -13.549
5 24 -13.159 18.184 -6.663 -15.122 18.109 -7.437 -12.628 18.59 -9.15 -14.619 17.82 -5.388
5 24 20.322 22.28 -1.952 18.312 19.697 -4.683 19.483 19.913 -.787 20.101 22.265 -4.537
5 24 3.808 -7.707 -9.439 2.782 -5.602 -13.795 5.254 -5.317 -12.147 -.949 -6.137 -12.703
5 24 12.648 37.05 -16.404 11.256 36.96 -17.19 11.224 35.63 -16.578 11.402 38.814 -15.767
5 24 9.008 -9.131 -1.185 6.615 -8.913 -.378 7.226 -8.046 -3.903 9.78 -8.681 2.341
5 24 6.801 -8.436 -7.793 7.226 -8.046 -3.903 7.923 -6.471 -7.253 6.075 -10.213 -4.707
5 24 -14.194 1.528 -8.751 -10.336 -1.753 -11.953 -12.261 -3.364 -6.991 -12.476 2.733 -11.219
5 24 -11.314 35.267 -16.792 -11.292 32.075 -18.14 -12.482 32.459 -16.737 -9.956 35.158 -16.504
5 24 16.112 12.125 -1.084 18.517 12.061 1.469 18.276 7.25 -.928 16.293 15.607 -1.387
5 24 -19.275 21.896 -2.174 -18.177 22.109 .658 -18.611 19.938 -.406 -17.112 23.868 -1.787
5 24 15.952 21.908 -2.847 17.339 25.93 -6.305 16.883 23.952 -1.772 16.548 23.519 -7.389
5 24 5.719 20.695 14.384 6.046 18.615 17.097 10.36 20.422 15.225 2.421 19.462 16.028
5 24 12.383 9.49 18.359 12.899 13.3 17.418 11.073 9.68 18.562 14.031 12.422 17.485
5 24 -7.676 31.048 -11.809 -9.401 27.928 -14.13 -7.553 30.912 -14.859 -9.203 27.634 -11.927
5 24 4.126 -10.41 -.827 6.615 -8.913 -.378 7.226 -8.046 -3.903 4.711 -10.421 .523
5 24 -18.036 20.943 2.108 -18.893 20.733 3.551 -19.383 19.367 1.597 -16.032 22.126 4.242
5 24 -14.674 40.6 -11.8 -14.275 43.007 -14.292 -14.408 40.606 -14.381 -14.587 43.049 -11.8
5 24 9.081 32.082 -17.249 10.077 35.581 -16.262 8.239 32.073 -13.953 10.865 32.527 -17.737
5 24 -2.202 19.24 15.112 -1.885 19.486 13.064 -.091 18.152 13.299 -4.788 20.924 14.24
5 24 18.592 24.777 -4.955 20.322 22.28 -1.952 18.566 24.697 -1.65 20.101 22.265 -4.537
5 24 6.87 -2.846 -13.783 5.254 -5.317 -12.147 7.592 -3.283 -12.009 3.777 -4.109 -14.524
5 24 -10.858 38.438 -15.936 -10.051 36.683 -17.116 -11.974 36.541 -17.177 -9.947 38.287 -15.911
5 24 -18.015 25.031 -10.155 -16.448 28.278 -12.017 -16.303 27.485 -9.852 -17.988 26.144 -13.278
5 24 11.989 28.384 -17.305 11.381 29.804 -16.794 12.669 31.069 -16.468 10.268 28.622 -15.926
5 24 -16.568 23.342 1.942 -15.482 23.774 2.223 -16.133 24.166 -1.764 -16.032 22.126 4.242
5 24 16.58 23.234 9.272 12.586 22.432 12.153 13.611 23.259 7.212 13.804 20.917 13.937
5 24 10.865 32.527 -17.737 12.669 31.069 -16.468 11.381 29.804 -16.794 12.855 33.12 -16.666
5 24 -9.956 35.158 -16.504 -10.051 36.683 -17.116 -8.154 36.507 -14.72 -11.314 35.267 -16.792
5 24 12.712 -7.122 4.85 14.238 -5.829 7.612 15.142 -4.622 6.971 12.396 -7.661 6.666
5 24 -6.851 2.174 -14.498 -6.181 -1.062 -13.917 -7.887 2.182 -13.143 -5.221 -.992 -15.793
5 24 0 1.825 -12.081 -2.46 3.035 -14.117 -2.852 2.469 -12.052 -.068 2.626 -15.156
5 24 12.601 38.814 -14.609 11.266 40.374 -16.322 14.384 40.601 -13.61 11.402 38.814 -15.767
5 24 -7.887 2.182 -13.143 -9.531 2.157 -13.795 -7.69 3.522 -11.905 -7.939 -1.116 -14.192
5 24 18.426 6.995 3.403 18.748 2.982 4.795 17.868 3.38 2.197 19.36 6.649 5.779
5 24 -17.628 22.152 -8.855 -16.205 19.892 -7.54 -16.233 21.025 -9.198 -18.964 22.044 -6.719
5 24 15.56 21.84 .195 13.928 20.723 -.201 15.952 21.908 -2.847 14.914 22.098 2.837
5 24 -12.221 26.626 -17.694 -12.385 24.257 -16.354 -13.856 25.616 -15.477 -9.737 27.425 -16.665
5 24 20.247 19.306 6.435 20.072 21.84 3.655 18.846 22.521 6.154 20.437 19.384 2.404
5 24 17.619 15.625 13.424 16.504 12.117 15.582 15.867 16.071 15.227 18.499 11.163 12.049
5 24 -18.893 20.733 3.551 -16.609 22.365 5.842 -18.793 20.209 6.498 -16.032 22.126 4.242
5 24 -12.221 26.626 -17.694 -13.856 25.616 -15.477 -13.755 27.606 -16.463 -12.385 24.257 -16.354
5 24 11.632 21.343 -8.012 15.807 25.513 -9.932 16.548 23.519 -7.389 10.947 22.698 -10.239
5 24 -14.373 2.358 13.576 -17.519 5.889 11.01 -16.587 7.332 12.014 -15.422 1.218 12.345
5 24 9.505 26.194 -11.898 9.837 25.585 -14.653 10.464 23.19 -12.068 9.827 27.82 -13.54
5 24 2.846 .797 -16.512 -.13 1.053 -16.409 .678 1.756 -15.996 2.601 -.002 -16.803
5 24 12.011 6.276 -4.975 15.537 7.013 -4.344 12.627 8.985 -1.873 12.446 5.665 -7.496
5 24 12.461 -3.448 -9.268 12.448 -1.822 -11.224 15.152 .237 -8.841 10.022 -3.719 -10.808
5 24 -18.418 9.506 9.08 -18.067 8.637 10.366 -17.655 9.937 10.673 -17.509 4.824 9.219
5 24 -14.577 22.195 -1.875 -11.747 21.886 -6.653 -12.946 21.417 -1.795 -14.796 22.876 -7.081
5 24 15.952 21.908 -2.847 13.237 20.753 -3.106 13.928 20.723 -.201 12.271 21.102 -6.07
5 24 14.238 -5.829 7.612 13.677 -4.214 11.699 10.708 -7.885 8.983 15.142 -4.622 6.971
5 24 -12.476 2.733 -11.219 -11.345 5.294 -9.757 -9.483 4.712 -11.772 -14.779 4.958 -7.202
5 24 16.112 12.125 -1.084 13.104 12.134 -1.024 13.129 15.599 -1.462 15.749 8.743 -2.214
5 24 -14.764 22.715 7.083 -15.529 22.144 9.794 -14.157 22.738 9.819 -16.609 22.365 5.842
5 24 15.56 21.84 .195 14.914 22.098 2.837 16.629 23.544 1.136 13.928 20.723 -.201
5 24 -10.051 36.683 -17.116 -11.314 35.267 -16.792 -9.956 35.158 -16.504 -11.974 36.541 -17.177
5 24 15.244 32.976 -17.047 15.561 28.904 -15.434 16.73 33.511 -14.824 13.697 29.917 -15.935
5 24 14.812 43.103 -11.8 14.433 42.998 -13.581 13.581 45.168 -13.339 14.906 40.618 -11.8
5 24 -9.429 40.431 -16.084 -10.858 38.438 -15.936 -10.974 40.501 -16.634 -9.947 38.287 -15.911
5 24 -11.738 30.467 -11.827 -15.916 33.201 -11.226 -7.677 33.132 -11.847 -16.321 29.958 -10.734
5 24 13.642 19.979 13.995 14.026 17.462 16.197 12.185 18.046 16.685 15.854 19.516 12.64
5 24 1.779 -3.272 16.075 .049 1.727 16.999 1.704 1.678 18.208 .177 -3.023 15.246
5 24 -5.658 9.616 19.073 -2.36 8.176 17.923 -4.803 11.325 18.268 -3.492 7.118 18.793
5 24 -16.777 16.429 11.629 -16.316 18.367 12.818 -16.274 17.381 13.067 -16.992 17.136 10.675
5 24 10.257 7.171 18.922 6.665 1.036 18.9 13.137 3.123 16.963 9.389 7.26 19.032
5 24 -17.417 7.008 -1.712 -15.241 4.846 -5.184 -17.279 4.067 -3.805 -14.657 9.267 -1.704
5 24 -12.097 7.495 17.187 -11.471 8.401 18.034 -14.429 11.133 15.452 -10.35 6.45 18.264
5 24 -7.677 33.132 -11.847 -15.916 33.201 -11.226 -11.738 30.467 -11.827 -8.384 35.217 -11.884
5 24 4.711 -10.421 .523 .096 -10.943 .568 .445 -11.319 2.053 4.126 -10.41 -.827
5 24 11.632 21.343 -8.012 16.548 23.519 -7.389 15.807 25.513 -9.932 12.271 21.102 -6.07
5 24 -14.157 22.738 9.819 -13.204 22.757 9.144 -14.764 22.715 7.083 -11.227 22.492 11.499
5 24 -18.015 25.031 -10.155 -17.151 23.432 -11.369 -17.185 23.241 -9.621 -17.988 26.144 -13.278
5 24 -16.303 27.485 -9.852 -18.015 25.031 -10.155 -16.448 28.278 -12.017 -17.038 26.058 -7.882
5 24 10.573 -3.575 14.397 12.197 -.818 16.359 13.825 .122 15.479 9.663 -3.644 15.905
5 24 -19.12 17.899 3.105 -19.086 14.709 2.747 -19.449 14.46 6.182 -18.91 18.101 1.621
5 24 -11.905 -1.372 14.281 -10.776 -5.403 13.113 -13.194 -2.584 12.966 -7.232 -5.108 13.509
5 24 -13.159 18.184 -6.663 -12.628 18.59 -9.15 -15.122 18.109 -7.437 -11.103 20.293 -7.641
5 24 -1.111 -7.684 10.204 -4.102 -9.117 10.663 -.524 -10.212 8.459 -7.232 -5.108 13.509
5 24 16.883 23.952 -1.772 15.952 21.908 -2.847 17.339 25.93 -6.305 15.56 21.84 .195
5 24 -3.505 -4.701 -14.302 1.265 -4.88 -15.023 -1.105 -2.708 -16.248 -.949 -6.137 -12.703
5 24 8.625 45.207 -11.8 8.757 45 -13.316 9.935 47.401 -13.241 7.818 42.581 -11.8
5 24 5.26 -.172 -15.52 7.325 -1.023 -13.372 6.87 -2.846 -13.783 5.099 .889 -14.507
5 24 -2.552 .995 -15.281 -2.82 2.328 -14.926 -1.698 1.783 -15.69 -3.829 2.318 -14.583
5 24 -15.904 13.987 13.738 -15.527 14.788 14.921 -16.324 16.237 13.726 -13.955 12.368 16.602
5 24 -5.658 9.616 19.073 -10.35 6.45 18.264 -5.996 5.262 18.576 -8.881 12.431 18.831
5 24 5.34 .855 -9.34 6.48 .734 -12.211 4.212 .889 -10.168 6.882 .379 -11.147
5 24 18.837 24.059 -7.533 19.323 22.161 -6.785 16.753 22.826 -10.89 18.592 24.777 -4.955
5 24 -1.12 12.607 18.118 -4.163 12.892 18.568 -3.418 15.241 18.108 -1.382 9.751 18.212
5 24 -14.159 36.234 -13.703 -14.301 37.293 -13.648 -14.294 36.196 -11.8 -13.233 36.975 -16.2
5 24 -14.108 24.222 -14.083 -14.939 25.562 -15.824 -16.631 23.909 -13.873 -13.856 25.616 -15.477
5 24 -19.281 22.016 -4.587 -17.112 23.868 -1.787 -17.114 24.269 -5.092 -19.275 21.896 -2.174
5 24 -4.997 -4.715 -13.466 -7.491 -4.453 -12.336 -6.337 -3.322 -13.834 -3.678 -6.616 -12.02
5 24 17.474 -.741 3.18 15.3 -4.978 5.456 16.005 -3.722 .859 15.142 -4.622 6.971
5 24 5.719 20.695 14.384 2.318 19.197 12.758 2.421 19.462 16.028 4.75 20.256 12.137
5 24 -10.324 -6.941 9.987 -10.776 -5.403 13.113 -11.938 -5.663 10.326 -7.791 -7.5 12.377
5 24 -13.567 -3.633 10.078 -13.194 -2.584 12.966 -15.01 -.968 9.526 -11.938 -5.663 10.326
5 24 -11.738 30.467 -11.827 -16.321 29.958 -10.734 -13.759 26.576 -11.635 -15.916 33.201 -11.226
5 24 18.875 24.252 -10.962 15.783 23.388 -12.648 18.11 25.276 -13.581 16.753 22.826 -10.89
5 24 -.036 14.77 17.28 -1.03 14.995 17.701 -1.516 16.798 17.352 -1.12 12.607 18.118
5 24 2.421 19.462 16.028 2.318 19.197 12.758 5.719 20.695 14.384 -.091 18.152 13.299
5 24 18.11 25.276 -13.581 18.875 24.252 -10.962 15.783 23.388 -12.648 16.928 28.565 -12.316
5 24 -17.968 5.86 1.736 -18.16 4.569 5.43 -18.588 8.43 3.36 -17.09 1.012 3.555
5 24 -16.448 28.278 -12.017 -16.654 30.072 -12.961 -15.546 28.789 -15.081 -16.321 29.958 -10.734
5 24 -14.503 2.681 14.912 -16.587 7.332 12.014 -16.999 8.041 13.159 -14.373 2.358 13.576
5 24 -17.856 11.099 11.653 -18.518 14.919 7.619 -18.358 15.4 8.906 -18.024 11.269 9.333
5 24 -15.783 10.02 15.172 -14.429 11.133 15.452 -17.15 13.026 13.402 -12.097 7.495 17.187
5 24 7.966 17.195 18.194 3.212 14.385 17.996 3.522 12.458 18.893 6.739 17.748 17.264
5 24 -14.796 22.876 -7.081 -14.595 24.252 -10.151 -10.77 21.997 -9.137 -16.285 26.47 -7.317
5 24 -13.759 26.576 -11.635 -9.608 24.415 -11.809 -9.203 27.634 -11.927 -10.962 22.644 -10.467
5 24 13.928 20.723 -.201 15.952 21.908 -2.847 15.56 21.84 .195 13.237 20.753 -3.106
5 24 16.03 26.363 -15.65 14.106 26.136 -15.717 14.334 24.795 -14.441 13.905 27.566 -16.348
5 24 -8.762 35.159 -14.508 -8.154 36.507 -14.72 -8.384 35.217 -11.884 -9.956 35.158 -16.504
5 24 -9.401 27.928 -14.13 -9.737 27.425 -16.665 -10.089 29.001 -16.467 -9.718 24.61 -14.871
5 24 -8.878 -6.626 -7.032 -9.167 -8.983 -5.626 -13.386 -4.703 -5.697 -3.64 -8.513 -7.865
5 24 -18.015 25.031 -10.155 -17.557 23.854 -7.594 -17.038 26.058 -7.882 -17.185 23.241 -9.621
5 24 2.925 1.172 -10.954 5.099 .889 -14.507 2.906 1.582 -15.811 4.212 .889 -10.168
5 24 11.989 28.384 -17.305 11.906 25.243 -16.671 10.29 27.512 -16.391 13.905 27.566 -16.348
5 24 18.426 6.995 3.403 18.276 7.25 -.928 18.517 12.061 1.469 17.868 3.38 2.197
5 24 -14.397 18.718 14.99 -14.452 17.454 14.944 -16.316 18.367 12.818 -11.166 18.077 17.124
5 24 -15.564 16.097 -2.402 -13.23 15.928 -1.247 -15.891 14.235 -.689 -13.618 17.656 -3.545
5 24 -9.76 44.588 -15.18 -7.787 42.604 -13.996 -8.541 44.804 -13.549 -9.43 42.549 -15.71
5 24 -18.418 9.506 9.08 -17.655 9.937 10.673 -18.024 11.269 9.333 -18.067 8.637 10.366
5 24 10.29 27.512 -16.391 9.827 27.82 -13.54 10.268 28.622 -15.926 9.837 25.585 -14.653
5 24 -8.86 -10.039 -2.67 -3.616 -10.761 -6.441 -3.038 -11.819 -3.381 -9.167 -8.983 -5.626
5 24 -9.429 40.431 -16.084 -10.974 40.501 -16.634 -10.858 38.438 -15.936 -9.43 42.549 -15.71
5 24 10.723 19.846 15.531 11.309 20.857 14.269 12.461 20.176 14.282 10.36 20.422 15.225
5 24 -14.619 17.82 -5.388 -15.881 17.119 -4.655 -13.618 17.656 -3.545 -17.047 18.992 -6.006
5 24 17.071 30.04 -13.111 17.136 30.942 -10.11 16.73 33.511 -14.824 16.928 28.565 -12.316
5 24 10.36 20.422 15.225 8.411 21.515 13.249 9.828 21.253 12.304 5.719 20.695 14.384
5 24 -12.411 14.717 17.4 -13.955 12.368 16.602 -11.471 8.401 18.034 -15.161 16.301 15.397
5 24 11.828 13.568 18.466 7.522 11.946 19.136 10.266 10.015 19.042 7.966 17.195 18.194
5 24 -.229 17.097 16.032 1.313 15 17.882 -.036 14.77 17.28 1.579 17.798 16.892
5 24 -18.094 6.495 7.688 -18.854 7.552 6.999 -18.418 9.506 9.08 -18.16 4.569 5.43
5 24 14.562 29.481 -11.483 10.216 23.73 -11.492 9.505 26.194 -11.898 15.807 25.513 -9.932
5 24 10.183 38.632 -15.7 8.109 40.216 -13.922 9.134 38.451 -13.824 9.857 40.366 -16.287
5 24 14.562 29.481 -11.483 9.763 27.74 -11.81 9.505 26.194 -11.898 8.432 29.911 -11.694
5 24 11.906 25.243 -16.671 14.106 26.136 -15.717 14.334 24.795 -14.441 13.905 27.566 -16.348
5 24 -18.735 18.44 .345 -18.386 17.33 -1.724 -18.35 16.887 .468 -18.611 19.938 -.406
5 24 -14.452 17.454 14.944 -11.166 18.077 17.124 -14.397 18.718 14.99 -11.543 16.332 16.615
5 24 -11.621 -6.122 8.142 -11.587 -5.564 8.914 -13.68 -4.13 7.55 -10.227 -7.171 8.089
5 24 -18.418 9.506 9.08 -19.256 10.921 7.895 -18.854 7.552 6.999 -18.024 11.269 9.333
5 24 -5.996 5.262 18.576 -10.35 6.45 18.264 -5.658 9.616 19.073 -7.259 3.214 18.487
5 24 -7.259 3.214 18.487 -1.584 4.079 18.248 -1.465 1.453 17.755 -5.996 5.262 18.576
5 24 -13.955 12.368 16.602 -15.161 16.301 15.397 -12.411 14.717 17.4 -15.527 14.788 14.921
5 24 16.928 28.565 -12.316 18.11 25.276 -13.581 18.875 24.252 -10.962 15.561 28.904 -15.434
5 24 -14.36 21.07 -12.674 -16.233 21.025 -9.198 -16.076 22.595 -10.861 -14.826 18.721 -9.975
5 24 6.48 .734 -12.211 4.212 .889 -10.168 5.099 .889 -14.507 5.34 .855 -9.34
5 24 -7.787 42.604 -13.996 -9.43 42.549 -15.71 -9.76 44.588 -15.18 -8.039 40.222 -15.121
5 24 12.185 18.046 16.685 13.642 19.979 13.995 11.669 19.459 15.824 14.026 17.462 16.197
5 24 16.959 20.289 12.275 16.58 23.234 9.272 13.804 20.917 13.937 18.996 19.817 9.673
5 24 -10.974 40.501 -16.634 -14.408 40.606 -14.381 -12.124 38.594 -15.287 -11.236 42.578 -16.96
5 24 15.807 25.513 -9.932 10.947 22.698 -10.239 10.216 23.73 -11.492 11.632 21.343 -8.012
5 24 -11.945 19.008 -5.611 -13.159 18.184 -6.663 -11.103 20.293 -7.641 -13.618 17.656 -3.545
5 24 15.142 -4.622 6.971 13.677 -4.214 11.699 15.949 .204 11.92 14.238 -5.829 7.612
5 24 -5.221 -.992 -15.793 -5.816 2.382 -14.723 -3.624 -.02 -16.307 -6.851 2.174 -14.498
5 24 15.007 17.895 -7.888 12.496 18.116 -7.124 11.941 19.21 -8.883 15.254 17.981 -6.267
5 24 -4.135 -11.71 .175 -7.154 -9.334 2.041 -3.638 -10.585 1.388 -8.043 -10.344 .687
5 24 19.483 19.913 -.787 20.322 22.28 -1.952 19.672 22.503 .941 18.312 19.697 -4.683
5 24 -5.221 -.992 -15.793 -4.78 -3.117 -13.993 -6.181 -1.062 -13.917 -3.914 -3.145 -15.355
5 24 -12.34 -6.375 4.406 -10.227 -7.171 8.089 -10.317 -8.191 4.1 -11.621 -6.122 8.142
5 24 10.708 -7.885 8.983 14.238 -5.829 7.612 12.396 -7.661 6.666 13.677 -4.214 11.699
5 24 -11.471 8.401 18.034 -14.429 11.133 15.452 -13.955 12.368 16.602 -12.097 7.495 17.187
5 24 6.665 1.036 18.9 1.704 1.678 18.208 1.588 8.983 18.712 5.828 -3.437 16.847
5 24 -17.047 18.992 -6.006 -14.619 17.82 -5.388 -15.881 17.119 -4.655 -16.205 19.892 -7.54
5 24 16.5 2.908 11.628 16.299 .397 11.244 15.949 .204 11.92 18.324 6.338 9.81
5 24 9.663 -3.644 15.905 6.665 1.036 18.9 5.828 -3.437 16.847 12.197 -.818 16.359
5 24 20.072 21.84 3.655 20.437 19.384 2.404 19.153 21.93 2.404 20.247 19.306 6.435
5 24 18.65 17.79 7.906 20.247 19.306 6.435 18.996 19.817 9.673 19.007 17.311 6.766
5 24 8.239 32.073 -13.953 9.081 32.082 -17.249 8.541 29.764 -13.849 10.077 35.581 -16.262
5 24 10.29 27.512 -16.391 10.268 28.622 -15.926 11.989 28.384 -17.305 9.827 27.82 -13.54
5 24 11.591 22.261 -10.602 10.464 23.19 -12.068 10.947 22.698 -10.239 11.938 22.873 -13.99
5 24 6.317 8.154 19.256 7.522 11.946 19.136 9.389 7.26 19.032 3.522 12.458 18.893
5 24 8.757 45 -13.316 9.996 44.618 -15.703 7.922 42.434 -13.609 9.935 47.401 -13.241
5 24 18.566 24.697 -1.65 16.883 23.952 -1.772 18.592 24.777 -4.955 18.352 24.198 1.322
5 24 -10.515 20.124 16.413 -11.858 21.835 13.572 -14.154 20.42 13.11 -8.03 21.982 14.9
5 24 2.601 -.002 -16.803 5.26 -.172 -15.52 4.84 -1.389 -15.905 2.846 .797 -16.512
5 24 -16.609 22.365 5.842 -17.147 21.344 8.998 -18.793 20.209 6.498 -15.529 22.144 9.794
5 24 -12.011 7.213 -4.975 -12.989 6.523 -7.048 -10.9 5.777 -6.636 -13.297 7.525 -4.96
5 24 -15.241 4.846 -5.184 -16.443 .347 -5.508 -14.624 1.081 -6.854 -17.279 4.067 -3.805
5 24 -19.601 19.089 2.781 -18.793 20.209 6.498 -19.053 18.615 6.807 -18.893 20.733 3.551
5 24 16.928 28.565 -12.316 18.594 26.269 -8.408 16.992 27.797 -9.631 18.875 24.252 -10.962
5 24 1.588 8.983 18.712 6.665 1.036 18.9 1.704 1.678 18.208 6.317 8.154 19.256
5 24 13.642 19.979 13.995 13.804 20.917 13.937 12.461 20.176 14.282 15.854 19.516 12.64
5 24 -13.204 22.757 9.144 -14.764 22.715 7.083 -13.873 22.587 5.314 -14.157 22.738 9.819
5 24 10.179 -2.43 -12.08 12.448 -1.822 -11.224 10.916 -.662 -12.832 10.022 -3.719 -10.808
5 24 -15.122 18.109 -7.437 -16.205 19.892 -7.54 -14.826 18.721 -9.975 -14.619 17.82 -5.388
5 24 -15.945 11.93 -.668 -13.134 11.981 -.582 -14.657 9.267 -1.704 -15.891 14.235 -.689
5 24 -15.198 -1.391 7.267 -14.729 -1.06 8.25 -16.16 .867 7.232 -13.68 -4.13 7.55
5 24 16.883 23.952 -1.772 18.592 24.777 -4.955 17.339 25.93 -6.305 18.566 24.697 -1.65
5 24 -10.324 -6.941 9.987 -11.587 -5.564 8.914 -9.601 -7.321 8.84 -11.938 -5.663 10.326
5 24 -14.779 4.958 -7.202 -14.86 7.163 -5.019 -12.989 6.523 -7.048 -15.241 4.846 -5.184
5 24 10.723 19.846 15.531 10.36 20.422 15.225 6.739 17.748 17.264 11.309 20.857 14.269
5 24 11.266 40.374 -16.322 14.384 40.601 -13.61 11.34 42.512 -16.569 12.601 38.814 -14.609
5 24 19.323 22.161 -6.785 16.835 20.021 -7.328 18.312 19.697 -4.683 16.753 22.826 -10.89
5 24 8.109 40.216 -13.922 8.05 40.041 -11.8 9.134 38.451 -13.824 7.922 42.434 -13.609
5 24 -10.77 21.997 -9.137 -12.628 18.59 -9.15 -11.103 20.293 -7.641 -12.546 20.702 -12.095
5 24 -3.64 -8.513 -7.865 -3.616 -10.761 -6.441 3.893 -9.561 -8.035 -9.167 -8.983 -5.626
5 24 -17.985 19.48 -4.246 -17.935 18.816 -4.15 -18.611 19.938 -.406 -17.047 18.992 -6.006
5 24 -11.747 21.886 -6.653 -14.796 22.876 -7.081 -14.577 22.195 -1.875 -10.77 21.997 -9.137
5 24 6.665 1.036 18.9 6.317 8.154 19.256 1.588 8.983 18.712 9.389 7.26 19.032
5 24 13.825 .122 15.479 15.892 .488 12.578 16.402 2.873 13.034 13.608 -1.656 14.776
5 24 11.941 19.21 -8.883 14.933 19.302 -10.789 15.007 17.895 -7.888 12.871 22.47 -12.544
5 24 -7.215 -9.844 3.637 -7.154 -9.334 2.041 -10.206 -7.765 2.596 -3.514 -11.135 2.959
5 24 11.669 19.459 15.824 12.185 18.046 16.685 13.642 19.979 13.995 7.966 17.195 18.194
5 24 11.266 40.374 -16.322 10.183 38.632 -15.7 11.402 38.814 -15.767 9.857 40.366 -16.287
5 24 -9.718 24.61 -14.871 -12.577 22.809 -13.283 -12.385 24.257 -16.354 -9.608 24.415 -11.809
5 24 -9.203 27.634 -11.927 -11.738 30.467 -11.827 -13.759 26.576 -11.635 -7.676 31.048 -11.809
5 24 -10.336 -1.753 -11.953 -9.531 2.157 -13.795 -12.476 2.733 -11.219 -7.939 -1.116 -14.192
5 24 -14.779 4.958 -7.202 -12.989 6.523 -7.048 -11.345 5.294 -9.757 -14.86 7.163 -5.019
5 24 18.996 19.817 9.673 17.804 18.443 9.634 18.65 17.79 7.906 16.959 20.289 12.275
5 24 -14.154 20.42 13.11 -16.316 18.367 12.818 -16.501 19.066 11.206 -14.397 18.718 14.99
5 24 -2.202 19.24 15.112 -4.788 20.924 14.24 -1.885 19.486 13.064 -5.302 20.774 15.784
5 24 -12.411 14.717 17.4 -11.471 8.401 18.034 -13.955 12.368 16.602 -8.881 12.431 18.831
5 24 6.126 -9.124 7.038 8.099 -5.983 12.135 9.414 -7.092 11.627 4.015 -8.119 6.364
5 24 -.229 17.097 16.032 1.579 17.798 16.892 2.421 19.462 16.028 1.313 15 17.882
5 24 -18.518 14.919 7.619 -19.256 10.921 7.895 -19.449 14.46 6.182 -18.024 11.269 9.333
5 24 15.244 32.976 -17.047 12.855 33.12 -16.666 12.669 31.069 -16.468 13.054 35.819 -15.999
5 24 -14.154 20.42 13.11 -10.515 20.124 16.413 -14.397 18.718 14.99 -11.858 21.835 13.572
5 24 -19.383 19.367 1.597 -18.91 18.101 1.621 -19.601 19.089 2.781 -18.735 18.44 .345
5 24 7.714 -5.433 -8.349 6.075 -6.446 -9.54 8.045 -3.081 -10.739 7.923 -6.471 -7.253
5 24 -15.092 -2.498 3.146 -14.382 -3.889 4.188 -12.34 -6.375 4.406 -16.278 .276 4.485
5 24 -11.313 -8.423 1.116 -10.206 -7.765 2.596 -12.168 -5.992 2.936 -8.043 -10.344 .687
5 24 13.054 35.819 -15.999 12.855 33.12 -16.666 15.244 32.976 -17.047 12.49 35.548 -16.122
5 24 12.496 18.116 -7.124 15.254 17.981 -6.267 15.007 17.895 -7.888 12.617 18.101 -5.463
5 24 -15.092 -2.498 3.146 -15.808 -2.377 2.075 -16.278 .276 4.485 -13.94 -5.379 1.568
5 24 8.804 -.14 -12.137 10.916 -.662 -12.832 10.179 -2.43 -12.08 9.331 1.062 -11.226
5 24 -9.401 27.928 -14.13 -9.718 24.61 -14.871 -9.737 27.425 -16.665 -9.608 24.415 -11.809
5 24 -11.945 19.008 -5.611 -13.618 17.656 -3.545 -13.159 18.184 -6.663 -13.032 18.14 -2.93
5 24 16.533 2.2 -5.425 16.264 4.771 -6.082 17.451 4.665 -4.08 15.996 2.819 -6.486
5 24 11.386 3.6 -10.004 9.951 2.469 -7.386 10.962 4 -6.544 8.157 1.172 -8.157
5 24 -14.36 21.07 -12.674 -12.577 22.809 -13.283 -12.546 20.702 -12.095 -14.108 24.222 -14.083
5 24 -8.039 40.222 -15.121 -9.43 42.549 -15.71 -7.787 42.604 -13.996 -9.429 40.431 -16.084
5 24 8.078 -9.372 6.258 9.414 -7.092 11.627 10.708 -7.885 8.983 6.126 -9.124 7.038
5 24 -18.036 20.943 2.108 -18.177 22.109 .658 -18.611 19.938 -.406 -16.568 23.342 1.942
5 24 8.625 45.207 -11.8 9.935 47.401 -13.241 8.757 45 -13.316 9.916 47.604 -11.8
5 24 -7.553 30.912 -14.859 -8.97 31.284 -17.406 -8.762 35.159 -14.508 -10.089 29.001 -16.467
5 24 7.923 -6.471 -7.253 8.927 -8.254 -4.212 7.226 -8.046 -3.903 10.406 -6.366 -7.115
5 24 -.036 14.77 17.28 -1.516 16.798 17.352 -1.03 14.995 17.701 -.229 17.097 16.032
5 24 9.414 -7.092 11.627 8.099 -5.983 12.135 11.92 -4.656 13.715 6.126 -9.124 7.038
5 24 0 1.825 -12.081 2.906 1.582 -15.811 -.068 2.626 -15.156 2.925 1.172 -10.954
5 24 -16.16 .867 7.232 -14.729 -1.06 8.25 -15.805 1.021 8.112 -15.198 -1.391 7.267
5 24 16.73 33.511 -14.824 14.449 36.18 -11.8 14.255 36.191 -14.077 16.274 33.66 -11.562
5 24 -3.038 -11.819 -3.381 -.268 -12.113 -.614 3.446 -11.077 -4.818 -4.135 -11.71 .175
5 24 18.748 2.982 4.795 16.299 .397 11.244 17.474 -.741 3.18 18.324 6.338 9.81
5 24 -11.351 44.791 -16.155 -12.609 46.843 -13.534 -14.275 43.007 -14.292 -11.089 47.915 -13.56
5 24 11.906 25.243 -16.671 10.29 27.512 -16.391 9.837 25.585 -14.653 11.989 28.384 -17.305
5 24 -17.557 23.854 -7.594 -17.038 26.058 -7.882 -18.015 25.031 -10.155 -17.114 24.269 -5.092
5 24 5.719 20.695 14.384 4.75 20.256 12.137 6.888 21.038 11.585 2.318 19.197 12.758
5 24 12.586 22.432 12.153 13.611 23.259 7.212 16.58 23.234 9.272 10.686 22.518 9.601
5 24 -10.515 20.124 16.413 -11.166 18.077 17.124 -14.397 18.718 14.99 -7.616 16.209 18.452
5 24 -17.314 2.62 -.133 -17.279 4.067 -3.805 -16.443 .347 -5.508 -17.417 7.008 -1.712
5 24 -18.893 20.733 3.551 -19.383 19.367 1.597 -19.601 19.089 2.781 -18.036 20.943 2.108
5 24 9.081 32.082 -17.249 10.268 28.622 -15.926 8.541 29.764 -13.849 11.381 29.804 -16.794
5 24 -3.638 -10.585 1.388 -3.514 -11.135 2.959 .445 -11.319 2.053 -7.154 -9.334 2.041
5 24 9.755 36.902 -16.864 10.183 38.632 -15.7 9.134 38.451 -13.824 11.256 36.96 -17.19
5 24 18.278 16.932 -.5 18.529 18.268 -3.148 16.293 15.607 -1.387 19.451 18.774 .051
5 24 -12.482 32.459 -16.737 -14.896 32.617 -16.931 -12.367 30.791 -16.62 -13.309 35.712 -15.895
5 24 10.865 32.527 -17.737 10.077 35.581 -16.262 9.081 32.082 -17.249 11.224 35.63 -16.578
5 24 -16.443 .347 -5.508 -17.314 2.62 -.133 -15.808 -2.377 2.075 -17.279 4.067 -3.805
5 24 13.581 45.168 -13.339 11.296 44.764 -16.101 12.425 47.081 -13.238 14.433 42.998 -13.581
5 24 -16.568 23.342 1.942 -16.133 24.166 -1.764 -15.482 23.774 2.223 -17.112 23.868 -1.787
5 24 9.505 26.194 -11.898 9.827 27.82 -13.54 9.763 27.74 -11.81 9.837 25.585 -14.653
5 24 1.779 -3.272 16.075 .177 -3.023 15.246 .049 1.727 16.999 1.615 -7.008 12.457
5 24 -13.759 26.576 -11.635 -9.203 27.634 -11.927 -11.738 30.467 -11.827 -9.608 24.415 -11.809
5 24 8.244 32.076 -11.774 9.182 35.391 -13.766 8.239 32.073 -13.953 8.999 35.353 -11.8
5 24 1.615 -7.008 12.457 .177 -3.023 15.246 1.779 -3.272 16.075 .488 -6.808 11.305
5 24 -7.112 21.661 13.182 -8.141 21.769 10.57 -4.975 20.911 12.011 -9.828 21.862 12.251
5 24 -8.03 21.982 14.9 -7.112 21.661 13.182 -4.975 20.911 12.011 -9.828 21.862 12.251
5 24 -13.194 -2.584 12.966 -15.01 -.968 9.526 -15.422 1.218 12.345 -13.567 -3.633 10.078
5 24 -.043 9.128 17.617 -1.382 9.751 18.212 .044 12.112 17.574 .008 5.131 17.279
5 24 .445 -11.319 2.053 .096 -10.943 .568 4.711 -10.421 .523 -3.638 -10.585 1.388
5 24 -13.68 -4.13 7.55 -11.587 -5.564 8.914 -13.198 -3.622 8.774 -11.621 -6.122 8.142
5 24 -14.939 25.562 -15.824 -13.856 25.616 -15.477 -14.108 24.222 -14.083 -13.755 27.606 -16.463
5 24 7.226 -8.046 -3.903 6.075 -10.213 -4.707 4.126 -10.41 -.827 6.801 -8.436 -7.793
5 24 11.296 44.764 -16.101 14.433 42.998 -13.581 13.581 45.168 -13.339 11.34 42.512 -16.569
5 24 -7.491 -4.453 -12.336 -7.939 -1.116 -14.192 -6.337 -3.322 -13.834 -10.336 -1.753 -11.953
5 24 3.292 -2.953 -15.582 2.306 -3.464 -14.824 1.892 -.681 -16.641 3.777 -4.109 -14.524
5 24 20.322 22.28 -1.952 20.101 22.265 -4.537 18.312 19.697 -4.683 18.592 24.777 -4.955
5 24 -14.194 1.528 -8.751 -14.624 1.081 -6.854 -12.261 -3.364 -6.991 -14.779 4.958 -7.202
5 24 18.9 14.517 8.06 18.65 17.79 7.906 18.976 14.884 9.97 19.007 17.311 6.766
5 24 -17.898 14.547 .263 -15.945 11.93 -.668 -17.956 11.678 .729 -15.891 14.235 -.689
5 24 6.615 -8.913 -.378 4.711 -10.421 .523 5.671 -9.059 2.472 4.126 -10.41 -.827
5 24 8.999 35.353 -11.8 14.449 36.18 -11.8 8.244 32.076 -11.774 9.066 38.294 -11.8
5 24 -.524 -10.212 8.459 -1.111 -7.684 10.204 -4.102 -9.117 10.663 .741 -7.47 9.22
5 24 -7.259 3.214 18.487 -8.095 .145 17.476 -1.465 1.453 17.755 -11.902 4.866 17.713
5 24 -4.135 -11.71 .175 -8.86 -10.039 -2.67 -8.043 -10.344 .687 -3.038 -11.819 -3.381
5 24 -9.531 2.157 -13.795 -7.69 3.522 -11.905 -7.887 2.182 -13.143 -9.483 4.712 -11.772
5 24 -18.805 17.465 5.704 -19.449 14.46 6.182 -19.12 17.899 3.105 -18.518 14.919 7.619
5 24 15.783 23.388 -12.648 16.03 26.363 -15.65 18.11 25.276 -13.581 14.334 24.795 -14.441
5 24 -17.509 4.824 9.219 -15.01 -.968 9.526 -17.519 5.889 11.01 -17.222 4.11 7.974
5 24 -9.429 40.431 -16.084 -9.947 38.287 -15.911 -10.858 38.438 -15.936 -8.993 38.24 -15.122
5 24 -18.358 15.4 8.906 -18.518 14.919 7.619 -17.856 11.099 11.653 -18.541 17.57 6.97
5 24 -1.465 1.453 17.755 -8.095 .145 17.476 -1.298 -3.488 15.856 -7.259 3.214 18.487
5 24 -7.787 42.604 -13.996 -7.436 42.71 -11.8 -8.541 44.804 -13.549 -7.417 40.321 -11.8
5 24 6.075 -6.446 -9.54 7.592 -3.283 -12.009 8.045 -3.081 -10.739 5.254 -5.317 -12.147
5 24 6.882 .379 -11.147 8.141 -1.612 -11.614 7.686 -1.383 -12.448 7.671 -.008 -10.912
5 24 -17.222 4.11 7.974 -17.509 4.824 9.219 -15.01 -.968 9.526 -18.094 6.495 7.688
5 24 -11.103 20.293 -7.641 -13.159 18.184 -6.663 -12.628 18.59 -9.15 -11.945 19.008 -5.611
5 24 10.29 27.512 -16.391 9.837 25.585 -14.653 9.827 27.82 -13.54 11.906 25.243 -16.671
5 24 -16.631 23.909 -13.873 -16.011 27.498 -15.791 -17.988 26.144 -13.278 -14.939 25.562 -15.824
5 24 -9.608 24.415 -11.809 -12.577 22.809 -13.283 -9.718 24.61 -14.871 -10.962 22.644 -10.467
5 24 -12.124 38.594 -15.287 -14.408 40.606 -14.381 -13.486 38.617 -14.271 -10.974 40.501 -16.634
5 24 -4.78 -3.117 -13.993 -4.997 -4.715 -13.466 -6.337 -3.322 -13.834 -3.88 -4.818 -13.856
5 24 18.529 18.268 -3.148 19.483 19.913 -.787 18.312 19.697 -4.683 19.451 18.774 .051
5 24 -17.613 14.16 12.427 -16.777 16.429 11.629 -16.574 15.432 12.569 -18.128 15.989 10.348
5 24 -12.411 14.717 17.4 -11.543 16.332 16.615 -15.161 16.301 15.397 -8.137 14.268 17.945
5 24 -1.382 9.751 18.212 -4.803 11.325 18.268 -2.36 8.176 17.923 -4.163 12.892 18.568
5 24 13.137 3.123 16.963 13.825 .122 15.479 12.197 -.818 16.359 16.402 2.873 13.034
5 24 5.26 -.172 -15.52 4.84 -1.389 -15.905 2.601 -.002 -16.803 6.87 -2.846 -13.783
5 24 18.312 19.697 -4.683 20.101 22.265 -4.537 20.322 22.28 -1.952 19.323 22.161 -6.785
5 24 19.451 18.774 .051 20.437 19.384 2.404 19.818 18.415 2.266 19.483 19.913 -.787
5 24 16.402 2.873 13.034 14.949 7.809 16.657 16.504 12.117 15.582 13.137 3.123 16.963
5 24 13.677 -4.214 11.699 13.608 -1.656 14.776 15.949 .204 11.92 11.92 -4.656 13.715
5 24 18.517 12.061 1.469 18.276 7.25 -.928 16.112 12.125 -1.084 18.426 6.995 3.403
5 24 19.672 22.503 .941 19.483 19.913 -.787 20.322 22.28 -1.952 19.153 21.93 2.404
5 24 14.449 36.18 -11.8 8.244 32.076 -11.774 8.999 35.353 -11.8 8.432 29.911 -11.694
5 24 15.024 16.83 15.026 14.026 17.462 16.197 12.899 13.3 17.418 15.854 19.516 12.64
5 24 -12.476 2.733 -11.219 -9.531 2.157 -13.795 -10.336 -1.753 -11.953 -9.483 4.712 -11.772
5 24 -7.616 16.209 18.452 -8.137 14.268 17.945 -11.543 16.332 16.615 -4.163 12.892 18.568
5 24 -.043 9.128 17.617 .612 12.079 17.706 1.06 11.675 17.895 .044 12.112 17.574
5 24 -16.278 .276 4.485 -15.198 -1.391 7.267 -16.16 .867 7.232 -14.382 -3.889 4.188
5 24 11.828 13.568 18.466 12.185 18.046 16.685 14.026 17.462 16.197 7.966 17.195 18.194
5 24 -8.86 -10.039 -2.67 -11.313 -8.423 1.116 -13.221 -6.103 -2.14 -8.043 -10.344 .687
5 24 8.411 21.515 13.249 6.888 21.038 11.585 8.251 21.013 10.908 5.719 20.695 14.384
5 24 11.938 22.873 -13.99 12.871 22.47 -12.544 14.334 24.795 -14.441 11.591 22.261 -10.602
5 24 6.075 -10.213 -4.707 3.446 -11.077 -4.818 3.754 -11.651 -2.091 3.893 -9.561 -8.035
5 24 -12.34 -6.375 4.406 -12.168 -5.992 2.936 -10.317 -8.191 4.1 -15.092 -2.498 3.146
5 24 10.179 -2.43 -12.08 8.804 -.14 -12.137 10.916 -.662 -12.832 8.141 -1.612 -11.614
5 24 3.893 -9.561 -8.035 3.446 -11.077 -4.818 -3.616 -10.761 -6.441 6.075 -10.213 -4.707
5 24 -4.803 11.325 18.268 -8.881 12.431 18.831 -8.137 14.268 17.945 -5.658 9.616 19.073
5 24 14.031 12.422 17.485 12.899 13.3 17.418 12.383 9.49 18.359 15.867 16.071 15.227
5 24 9.857 40.366 -16.287 11.266 40.374 -16.322 10.183 38.632 -15.7 11.34 42.512 -16.569
5 24 16.5 2.908 11.628 18.324 6.338 9.81 16.299 .397 11.244 17.385 6.846 10.982
5 24 -18.91 18.101 1.621 -19.086 14.709 2.747 -18.35 16.887 .468 -19.12 17.899 3.105
5 24 12.448 -1.822 -11.224 14.587 1.53 -10.125 11.884 .827 -12.184 15.152 .237 -8.841
5 24 -12.399 47.292 -11.8 -12.609 46.843 -13.534 -11.089 47.915 -13.56 -14.587 43.049 -11.8
5 24 -.949 -6.137 -12.703 2.782 -5.602 -13.795 3.808 -7.707 -9.439 1.265 -4.88 -15.023
5 24 -14.577 22.195 -1.875 -13.144 21.671 1.915 -12.946 21.417 -1.795 -14.232 22.541 2.198
5 24 14.949 7.809 16.657 10.257 7.171 18.922 12.383 9.49 18.359 13.137 3.123 16.963
5 24 10.077 35.581 -16.262 8.55 36.705 -13.818 9.755 36.902 -16.864 9.182 35.391 -13.766
5 24 -18.386 17.33 -1.724 -15.881 17.119 -4.655 -17.935 18.816 -4.15 -15.564 16.097 -2.402
5 24 11.669 19.459 15.824 12.461 20.176 14.282 13.642 19.979 13.995 10.723 19.846 15.531
5 24 3.543 -8.413 8.88 .741 -7.47 9.22 4.015 -8.119 6.364 2.083 -8.023 10.227
5 24 13.104 12.134 -1.024 15.749 8.743 -2.214 12.627 8.985 -1.873 16.112 12.125 -1.084
5 24 7.325 -1.023 -13.372 7.686 -1.383 -12.448 6.87 -2.846 -13.783 6.48 .734 -12.211
5 24 -10.974 40.501 -16.634 -9.43 42.549 -15.71 -9.429 40.431 -16.084 -11.236 42.578 -16.96
5 24 -14.728 22.599 5.124 -14.232 22.541 2.198 -15.482 23.774 2.223 -13.873 22.587 5.314
5 24 -16.458 24.839 -4.804 -17.112 23.868 -1.787 -16.133 24.166 -1.764 -17.114 24.269 -5.092
5 24 -11.905 -1.372 14.281 -15.422 1.218 12.345 -13.194 -2.584 12.966 -14.373 2.358 13.576
5 24 18.499 11.163 12.049 17.619 15.625 13.424 18.976 14.884 9.97 16.504 12.117 15.582
5 24 -14.232 22.541 2.198 -13.873 22.587 5.314 -13.144 21.671 1.915 -14.728 22.599 5.124
5 24 -10.324 -6.941 9.987 -9.601 -7.321 8.84 -11.587 -5.564 8.914 -8.294 -8.275 8.633
5 24 -6.824 -4.634 15.017 -7.232 -5.108 13.509 -11.905 -1.372 14.281 -1.043 -7.23 12.191
5 24 -15.783 10.02 15.172 -16.999 8.041 13.159 -17.856 11.099 11.653 -13.387 6.287 17.067
5 24 -2.36 8.176 17.923 -1.584 4.079 18.248 .008 5.131 17.279 -3.492 7.118 18.793
5 24 15.949 .204 11.92 13.608 -1.656 14.776 15.892 .488 12.578 13.677 -4.214 11.699
5 24 12.855 33.12 -16.666 10.865 32.527 -17.737 11.224 35.63 -16.578 12.669 31.069 -16.468
5 24 16.03 26.363 -15.65 13.905 27.566 -16.348 15.561 28.904 -15.434 14.106 26.136 -15.717
5 24 15.007 17.895 -7.888 15.254 17.981 -6.267 12.496 18.116 -7.124 16.835 20.021 -7.328
5 24 -13.94 -5.379 1.568 -13.221 -6.103 -2.14 -15.808 -2.377 2.075 -11.313 -8.423 1.116
5 24 -11.345 5.294 -9.757 -9.192 4.501 -9.192 -9.483 4.712 -11.772 -10.9 5.777 -6.636
5 24 .741 -7.47 9.22 -.524 -10.212 8.459 2.078 -10.473 5.717 -1.111 -7.684 10.204
5 24 -9.718 24.61 -14.871 -9.608 24.415 -11.809 -12.577 22.809 -13.283 -9.401 27.928 -14.13
5 24 9.389 7.26 19.032 6.665 1.036 18.9 10.257 7.171 18.922 6.317 8.154 19.256
5 24 6.075 -10.213 -4.707 4.126 -10.41 -.827 3.754 -11.651 -2.091 7.226 -8.046 -3.903
5 24 -14.577 22.195 -1.875 -14.796 22.876 -7.081 -11.747 21.886 -6.653 -16.458 24.839 -4.804
5 24 9.008 -9.131 -1.185 15.003 -4.966 -.795 8.927 -8.254 -4.212 11.04 -8.721 1.377
5 24 11.309 20.857 14.269 12.586 22.432 12.153 9.828 21.253 12.304 13.804 20.917 13.937
5 24 -14.896 32.617 -16.931 -12.367 30.791 -16.62 -12.482 32.459 -16.737 -15.627 29.907 -16.018
5 24 12.448 -1.822 -11.224 10.022 -3.719 -10.808 12.461 -3.448 -9.268 10.179 -2.43 -12.08
5 24 10.183 38.632 -15.7 11.256 36.96 -17.19 11.402 38.814 -15.767 9.755 36.902 -16.864
5 24 -8.095 .145 17.476 -11.902 4.866 17.713 -7.259 3.214 18.487 -11.762 -.868 15.731
5 24 -15.482 23.774 2.223 -14.232 22.541 2.198 -14.577 22.195 -1.875 -14.728 22.599 5.124
5 24 -7.968 36.465 -11.8 -8.154 36.507 -14.72 -8.384 35.217 -11.884 -8.572 38.082 -11.8
5 24 10.266 10.015 19.042 7.522 11.946 19.136 9.389 7.26 19.032 11.828 13.568 18.466
5 24 3.893 -9.561 -8.035 -3.64 -8.513 -7.865 -3.616 -10.761 -6.441 3.808 -7.707 -9.439
5 24 9.331 1.062 -11.226 10.916 -.662 -12.832 8.804 -.14 -12.137 11.884 .827 -12.184
5 24 -.13 1.053 -16.409 -.165 -1.115 -15.482 -2.552 .995 -15.281 1.892 -.681 -16.641
5 24 -14.764 22.715 7.083 -14.728 22.599 5.124 -16.609 22.365 5.842 -13.873 22.587 5.314
5 24 -15.01 -.968 9.526 -15.422 1.218 12.345 -13.194 -2.584 12.966 -17.519 5.889 11.01
5 24 -14.349 37.193 -11.8 -8.572 38.082 -11.8 -8.384 35.217 -11.884 -13.802 38.615 -11.8
5 24 -11.089 47.915 -13.56 -12.399 47.292 -11.8 -12.609 46.843 -13.534 -10.929 48.308 -11.8
5 24 -3.678 -6.616 -12.02 -4.997 -4.715 -13.466 -3.88 -4.818 -13.856 -7.491 -4.453 -12.336
5 24 -7.939 -1.116 -14.192 -10.336 -1.753 -11.953 -9.531 2.157 -13.795 -7.491 -4.453 -12.336
5 24 18.517 12.061 1.469 16.293 15.607 -1.387 16.112 12.125 -1.084 18.278 16.932 -.5
5 24 13.683 38.781 -13.481 14.383 37.324 -14.044 14.531 37.277 -11.8 12.601 38.814 -14.609
5 24 -11.905 -1.372 14.281 -13.194 -2.584 12.966 -10.776 -5.403 13.113 -15.422 1.218 12.345
5 24 -18.518 14.919 7.619 -19.449 14.46 6.182 -19.256 10.921 7.895 -18.805 17.465 5.704
5 24 .177 -3.023 15.246 -1.465 1.453 17.755 .049 1.727 16.999 -1.298 -3.488 15.856
5 24 18.65 17.79 7.906 18.996 19.817 9.673 20.247 19.306 6.435 17.804 18.443 9.634
5 24 8.55 36.705 -13.818 9.066 38.294 -11.8 8.647 36.594 -11.8 9.134 38.451 -13.824
5 24 -15.808 -2.377 2.075 -16.443 .347 -5.508 -13.221 -6.103 -2.14 -17.314 2.62 -.133
5 24 -14.108 24.222 -14.083 -16.631 23.909 -13.873 -14.939 25.562 -15.824 -16.076 22.595 -10.861
5 24 -18.177 22.109 .658 -16.568 23.342 1.942 -18.036 20.943 2.108 -17.112 23.868 -1.787
5 24 -18.793 20.209 6.498 -18.893 20.733 3.551 -19.601 19.089 2.781 -16.609 22.365 5.842
5 24 11.989 28.384 -17.305 12.669 31.069 -16.468 13.697 29.917 -15.935 11.381 29.804 -16.794
5 24 -14.301 37.293 -13.648 -14.349 37.193 -11.8 -14.294 36.196 -11.8 -13.802 38.615 -11.8
5 24 -.229 17.097 16.032 2.421 19.462 16.028 1.579 17.798 16.892 -.091 18.152 13.299
5 24 9.134 38.451 -13.824 9.755 36.902 -16.864 8.55 36.705 -13.818 10.183 38.632 -15.7
5 24 8.045 -3.081 -10.739 10.179 -2.43 -12.08 10.022 -3.719 -10.808 8.141 -1.612 -11.614
5 24 -4.163 12.892 18.568 -4.803 11.325 18.268 -1.382 9.751 18.212 -8.137 14.268 17.945
5 24 -17.856 11.099 11.653 -17.613 14.16 12.427 -17.15 13.026 13.402 -18.128 15.989 10.348
5 24 -18.893 20.733 3.551 -19.601 19.089 2.781 -19.383 19.367 1.597 -18.793 20.209 6.498
5 24 -14.429 11.133 15.452 -13.955 12.368 16.602 -11.471 8.401 18.034 -15.904 13.987 13.738
5 24 -12.546 20.702 -12.095 -10.77 21.997 -9.137 -10.962 22.644 -10.467 -12.628 18.59 -9.15
5 24 18.529 18.268 -3.148 16.293 15.607 -1.387 18.278 16.932 -.5 15.494 16.092 -4.345
5 24 4.126 -10.41 -.827 4.711 -10.421 .523 6.615 -8.913 -.378 .096 -10.943 .568
5 24 16.73 33.511 -14.824 15.244 32.976 -17.047 15.561 28.904 -15.434 14.255 36.191 -14.077
5 24 -13.198 -3.622 8.774 -13.567 -3.633 10.078 -15.01 -.968 9.526 -11.938 -5.663 10.326
5 24 16.03 26.363 -15.65 15.561 28.904 -15.434 13.905 27.566 -16.348 18.11 25.276 -13.581
5 24 -18.588 8.43 3.36 -17.644 9.36 -.02 -17.968 5.86 1.736 -17.956 11.678 .729
5 24 -9.718 24.61 -14.871 -12.385 24.257 -16.354 -9.737 27.425 -16.665 -12.577 22.809 -13.283
5 24 11.906 25.243 -16.671 11.938 22.873 -13.99 14.334 24.795 -14.441 9.837 25.585 -14.653
5 24 7.325 -1.023 -13.372 6.87 -2.846 -13.783 7.686 -1.383 -12.448 5.26 -.172 -15.52
5 24 1.06 11.675 17.895 1.313 15 17.882 3.212 14.385 17.996 .612 12.079 17.706
5 24 16.58 23.234 9.272 13.611 23.259 7.212 12.586 22.432 12.153 16.312 23.927 4.585
5 24 -3.418 15.241 18.108 -1.516 16.798 17.352 -1.03 14.995 17.701 -6.48 18.28 17.591
5 24 -8.294 -8.275 8.633 -4.102 -9.117 10.663 -7.791 -7.5 12.377 -3.514 -11.135 2.959
5 24 -3.514 -11.135 2.959 -.524 -10.212 8.459 .445 -11.319 2.053 -4.102 -9.117 10.663
5 24 -10.298 4.993 18.171 -7.259 3.214 18.487 -10.35 6.45 18.264 -11.902 4.866 17.713
5 24 -1.584 4.079 18.248 .049 1.727 16.999 .008 5.131 17.279 -1.465 1.453 17.755
5 24 6.317 8.154 19.256 9.389 7.26 19.032 7.522 11.946 19.136 6.665 1.036 18.9
5 24 -12.459 22.535 8.656 -13.204 22.757 9.144 -10.497 22.323 10.343 -13.873 22.587 5.314
5 24 -15.881 17.119 -4.655 -17.047 18.992 -6.006 -14.619 17.82 -5.388 -17.935 18.816 -4.15
5 24 -9.947 38.287 -15.911 -10.051 36.683 -17.116 -10.858 38.438 -15.936 -8.993 38.24 -15.122
5 24 -19.053 18.615 6.807 -18.805 17.465 5.704 -19.601 19.089 2.781 -18.541 17.57 6.97
5 24 -7.677 33.132 -11.847 -7.553 30.912 -14.859 -7.676 31.048 -11.809 -8.762 35.159 -14.508
5 24 -18.964 22.044 -6.719 -19.281 22.016 -4.587 -17.985 19.48 -4.246 -17.114 24.269 -5.092
5 24 19.153 21.93 2.404 19.672 22.503 .941 19.483 19.913 -.787 18.352 24.198 1.322
5 24 -13.23 15.928 -1.247 -13.618 17.656 -3.545 -15.564 16.097 -2.402 -13.032 18.14 -2.93
5 24 13.129 15.599 -1.462 16.112 12.125 -1.084 16.293 15.607 -1.387 13.104 12.134 -1.024
5 24 -16.324 16.237 13.726 -14.452 17.454 14.944 -16.274 17.381 13.067 -15.161 16.301 15.397
5 24 -11.313 -8.423 1.116 -13.221 -6.103 -2.14 -8.86 -10.039 -2.67 -13.94 -5.379 1.568
5 24 -19.449 14.46 6.182 -19.086 14.709 2.747 -19.12 17.899 3.105 -18.588 8.43 3.36
5 24 -16.587 7.332 12.014 -18.067 8.637 10.366 -17.655 9.937 10.673 -17.519 5.889 11.01
5 24 4.365 -10.453 2.063 4.015 -8.119 6.364 2.078 -10.473 5.717 5.671 -9.059 2.472
5 24 14.914 22.098 2.837 13.787 20.909 3.343 13.928 20.723 -.201 13.611 23.259 7.212
5 24 -15.627 29.907 -16.018 -16.383 33.215 -13.918 -14.896 32.617 -16.931 -16.654 30.072 -12.961
5 24 -13.68 -4.13 7.55 -12.34 -6.375 4.406 -14.382 -3.889 4.188 -11.621 -6.122 8.142
5 24 3.808 -7.707 -9.439 3.893 -9.561 -8.035 6.801 -8.436 -7.793 -3.64 -8.513 -7.865
5 24 6.739 17.748 17.264 10.36 20.422 15.225 10.723 19.846 15.531 6.046 18.615 17.097
5 24 19.659 11.804 5.577 19.214 14.337 7.192 19.081 10.037 8.811 19.324 17.612 5.576
5 24 10.216 23.73 -11.492 15.807 25.513 -9.932 10.947 22.698 -10.239 14.562 29.481 -11.483
5 24 -14.159 36.234 -13.703 -13.233 36.975 -16.2 -14.301 37.293 -13.648 -13.309 35.712 -15.895
5 24 -12.577 22.809 -13.283 -12.385 24.257 -16.354 -14.108 24.222 -14.083 -9.718 24.61 -14.871
5 24 -15.01 -.968 9.526 -17.519 5.889 11.01 -17.509 4.824 9.219 -15.422 1.218 12.345
5 24 -13.309 35.712 -15.895 -13.233 36.975 -16.2 -11.974 36.541 -17.177 -14.159 36.234 -13.703
5 24 -2.552 .995 -15.281 -.13 1.053 -16.409 -.165 -1.115 -15.482 -1.698 1.783 -15.69
5 24 -18.35 16.887 .468 -18.386 17.33 -1.724 -17.898 14.547 .263 -18.735 18.44 .345
5 24 -17.112 23.868 -1.787 -17.114 24.269 -5.092 -19.281 22.016 -4.587 -16.458 24.839 -4.804
5 24 16.293 15.607 -1.387 15.494 16.092 -4.345 18.529 18.268 -3.148 13.129 15.599 -1.462
5 24 14.025 38.71 -11.8 14.384 40.601 -13.61 14.906 40.618 -11.8 13.683 38.781 -13.481
5 24 11.402 38.814 -15.767 11.256 36.96 -17.19 10.183 38.632 -15.7 12.648 37.05 -16.404
5 24 12.871 22.47 -12.544 14.933 19.302 -10.789 11.941 19.21 -8.883 14.334 24.795 -14.441
5 24 -10.497 22.323 10.343 -9.828 21.862 12.251 -8.141 21.769 10.57 -11.227 22.492 11.499
5 24 13.137 3.123 16.963 6.665 1.036 18.9 10.257 7.171 18.922 12.197 -.818 16.359
5 24 -16.011 27.498 -15.791 -13.755 27.606 -16.463 -15.546 28.789 -15.081 -14.939 25.562 -15.824
5 24 19.214 14.337 7.192 18.9 14.517 8.06 19.081 10.037 8.811 19.007 17.311 6.766
5 24 -14.577 22.195 -1.875 -16.133 24.166 -1.764 -15.482 23.774 2.223 -16.458 24.839 -4.804
5 24 12.448 -1.822 -11.224 15.152 .237 -8.841 12.461 -3.448 -9.268 14.587 1.53 -10.125
5 24 -11.858 21.835 13.572 -12.804 22.105 12.651 -14.154 20.42 13.11 -11.227 22.492 11.499
5 24 18.499 11.163 12.049 16.504 12.117 15.582 16.402 2.873 13.034 17.619 15.625 13.424
5 24 -18.854 7.552 6.999 -18.588 8.43 3.36 -18.16 4.569 5.43 -19.256 10.921 7.895
5 24 -12.385 24.257 -16.354 -14.108 24.222 -14.083 -13.856 25.616 -15.477 -12.577 22.809 -13.283
5 24 -16.076 22.595 -10.861 -14.36 21.07 -12.674 -14.108 24.222 -14.083 -16.233 21.025 -9.198
5 24 -17.038 26.058 -7.882 -17.114 24.269 -5.092 -17.557 23.854 -7.594 -16.285 26.47 -7.317
5 24 18.748 2.982 4.795 18.324 6.338 9.81 16.299 .397 11.244 19.36 6.649 5.779
5 24 10.36 20.422 15.225 5.719 20.695 14.384 8.411 21.515 13.249 6.046 18.615 17.097
5 24 -12.628 18.59 -9.15 -15.122 18.109 -7.437 -13.159 18.184 -6.663 -14.826 18.721 -9.975
5 24 15.007 17.895 -7.888 16.835 20.021 -7.328 15.254 17.981 -6.267 14.933 19.302 -10.789
5 24 3.522 12.458 18.893 3.212 14.385 17.996 1.06 11.675 17.895 7.966 17.195 18.194
5 24 20.101 22.265 -4.537 19.323 22.161 -6.785 18.592 24.777 -4.955 18.312 19.697 -4.683
5 24 -16.951 19.649 11.165 -16.501 19.066 11.206 -17.989 18.896 9.575 -14.706 20.898 12.63
5 24 .044 12.112 17.574 -1.382 9.751 18.212 -1.12 12.607 18.118 -.043 9.128 17.617
5 24 -6.48 18.28 17.591 -10.515 20.124 16.413 -7.616 16.209 18.452 -5.302 20.774 15.784
5 24 3.292 -2.953 -15.582 4.84 -1.389 -15.905 3.777 -4.109 -14.524 1.892 -.681 -16.641
5 24 7.671 -.008 -10.912 8.804 -.14 -12.137 9.331 1.062 -11.226 8.141 -1.612 -11.614
5 24 7.742 -9.521 2.829 5.671 -9.059 2.472 6.851 -9.615 4.059 6.615 -8.913 -.378
5 24 -3.678 -6.616 -12.02 -3.64 -8.513 -7.865 3.808 -7.707 -9.439 -8.869 -5.683 -9.137
5 24 18.324 6.338 9.81 17.385 6.846 10.982 16.5 2.908 11.628 18.272 10.446 9.944
5 24 -8.881 12.431 18.831 -11.471 8.401 18.034 -10.35 6.45 18.264 -12.411 14.717 17.4
5 24 -2.822 18.868 16.657 -.229 17.097 16.032 -1.516 16.798 17.352 -2.202 19.24 15.112
5 24 10.257 7.171 18.922 11.073 9.68 18.562 12.383 9.49 18.359 9.389 7.26 19.032
5 24 -13.618 17.656 -3.545 -15.564 16.097 -2.402 -15.881 17.119 -4.655 -13.23 15.928 -1.247
5 24 11.906 25.243 -16.671 9.837 25.585 -14.653 11.938 22.873 -13.99 10.29 27.512 -16.391
5 24 7.686 -1.383 -12.448 8.141 -1.612 -11.614 6.882 .379 -11.147 7.592 -3.283 -12.009
5 24 8.141 -1.612 -11.614 7.592 -3.283 -12.009 8.045 -3.081 -10.739 7.686 -1.383 -12.448
5 24 -7.232 -5.108 13.509 -7.791 -7.5 12.377 -10.776 -5.403 13.113 -4.102 -9.117 10.663
5 24 17.339 25.93 -6.305 15.807 25.513 -9.932 16.548 23.519 -7.389 16.992 27.797 -9.631
5 24 -13.386 -4.703 -5.697 -13.221 -6.103 -2.14 -16.443 .347 -5.508 -9.167 -8.983 -5.626
5 24 -16.654 30.072 -12.961 -16.321 29.958 -10.734 -15.916 33.201 -11.226 -16.448 28.278 -12.017
5 24 9.754 42.548 -16.351 7.922 42.434 -13.609 8.109 40.216 -13.922 9.996 44.618 -15.703
5 24 18.594 26.269 -8.408 18.837 24.059 -7.533 18.592 24.777 -4.955 18.875 24.252 -10.962
5 24 -11.313 -8.423 1.116 -12.168 -5.992 2.936 -10.206 -7.765 2.596 -13.94 -5.379 1.568
5 24 -.949 -6.137 -12.703 -3.505 -4.701 -14.302 1.265 -4.88 -15.023 -3.88 -4.818 -13.856
5 24 18.517 12.061 1.469 18.426 6.995 3.403 18.99 11.687 3.646 18.276 7.25 -.928
5 24 6.075 -6.446 -9.54 6.801 -8.436 -7.793 7.923 -6.471 -7.253 3.808 -7.707 -9.439
5 24 16.5 2.908 11.628 15.892 .488 12.578 15.949 .204 11.92 16.402 2.873 13.034
5 24 -1.12 12.607 18.118 -3.418 15.241 18.108 -4.163 12.892 18.568 -1.03 14.995 17.701
5 24 11.078 48.142 -11.8 11.107 47.957 -13.241 12.368 47.235 -11.8 9.916 47.604 -11.8
5 24 1.06 11.675 17.895 .612 12.079 17.706 -.043 9.128 17.617 1.313 15 17.882
5 24 -14.939 25.562 -15.824 -16.631 23.909 -13.873 -16.011 27.498 -15.791 -14.108 24.222 -14.083
5 24 15.537 7.013 -4.344 16.264 4.771 -6.082 17.451 4.665 -4.08 14.89 5.568 -8.181
5 24 .678 1.756 -15.996 2.846 .797 -16.512 2.906 1.582 -15.811 -.13 1.053 -16.409
5 24 6.317 8.154 19.256 1.588 8.983 18.712 3.522 12.458 18.893 6.665 1.036 18.9
5 24 -16.316 18.367 12.818 -16.274 17.381 13.067 -14.452 17.454 14.944 -16.777 16.429 11.629
5 24 -12.261 -3.364 -6.991 -13.386 -4.703 -5.697 -8.878 -6.626 -7.032 -16.443 .347 -5.508
5 24 -12.124 38.594 -15.287 -13.233 36.975 -16.2 -11.974 36.541 -17.177 -13.486 38.617 -14.271
5 24 9.754 42.548 -16.351 9.996 44.618 -15.703 7.922 42.434 -13.609 11.296 44.764 -16.101
5 24 -11.227 22.492 11.499 -14.157 22.738 9.819 -12.804 22.105 12.651 -13.204 22.757 9.144
5 24 -14.36 21.07 -12.674 -14.826 18.721 -9.975 -12.546 20.702 -12.095 -16.233 21.025 -9.198
5 24 -18.588 8.43 3.36 -17.956 11.678 .729 -17.644 9.36 -.02 -19.086 14.709 2.747
5 24 -10.35 6.45 18.264 -8.881 12.431 18.831 -5.658 9.616 19.073 -11.471 8.401 18.034
5 24 -7.259 3.214 18.487 -5.996 5.262 18.576 -10.35 6.45 18.264 -1.584 4.079 18.248
5 24 -12.989 6.523 -7.048 -14.86 7.163 -5.019 -13.297 7.525 -4.96 -14.779 4.958 -7.202
5 24 13.804 20.917 13.937 12.461 20.176 14.282 13.642 19.979 13.995 11.309 20.857 14.269
5 24 14.914 22.098 2.837 13.928 20.723 -.201 13.787 20.909 3.343 15.56 21.84 .195
5 24 -18.611 19.938 -.406 -19.275 21.896 -2.174 -18.177 22.109 .658 -17.985 19.48 -4.246
5 24 -7.939 -1.116 -14.192 -6.181 -1.062 -13.917 -6.337 -3.322 -13.834 -7.887 2.182 -13.143
5 24 -4.135 -11.71 .175 -3.638 -10.585 1.388 -.268 -12.113 -.614 -7.154 -9.334 2.041
5 24 -16.609 22.365 5.842 -14.764 22.715 7.083 -15.529 22.144 9.794 -14.728 22.599 5.124
5 24 -3.492 7.118 18.793 -5.996 5.262 18.576 -5.658 9.616 19.073 -1.584 4.079 18.248
5 24 -19.601 19.089 2.781 -19.12 17.899 3.105 -18.91 18.101 1.621 -18.805 17.465 5.704
5 24 12.648 37.05 -16.404 12.601 38.814 -14.609 11.402 38.814 -15.767 14.383 37.324 -14.044
5 24 13.683 38.781 -13.481 14.531 37.277 -11.8 14.025 38.71 -11.8 14.383 37.324 -14.044
5 24 -19.383 19.367 1.597 -18.036 20.943 2.108 -18.893 20.733 3.551 -18.611 19.938 -.406
5 24 15.142 -4.622 6.971 16.299 .397 11.244 15.949 .204 11.92 17.474 -.741 3.18
5 24 -3.678 -6.616 -12.02 -8.869 -5.683 -9.137 -7.491 -4.453 -12.336 -3.64 -8.513 -7.865
5 24 16.73 33.511 -14.824 17.071 30.04 -13.111 15.561 28.904 -15.434 17.136 30.942 -10.11
5 24 -13.755 27.606 -16.463 -12.367 30.791 -16.62 -13.318 29.728 -15.974 -12.221 26.626 -17.694
5 24 -9.737 27.425 -16.665 -10.089 29.001 -16.467 -11.419 30.112 -17.023 -9.401 27.928 -14.13
5 24 18.352 24.198 1.322 19.672 22.503 .941 18.566 24.697 -1.65 19.153 21.93 2.404
5 24 -15.482 23.774 2.223 -14.577 22.195 -1.875 -14.232 22.541 2.198 -16.133 24.166 -1.764
5 24 -14.595 24.252 -10.151 -16.285 26.47 -7.317 -14.796 22.876 -7.081 -16.303 27.485 -9.852
5 24 9.182 35.391 -13.766 8.55 36.705 -13.818 10.077 35.581 -16.262 8.647 36.594 -11.8
5 24 -14.779 4.958 -7.202 -12.476 2.733 -11.219 -14.194 1.528 -8.751 -11.345 5.294 -9.757
5 24 -7.553 30.912 -14.859 -7.676 31.048 -11.809 -7.677 33.132 -11.847 -9.401 27.928 -14.13
5 24 16.094 3.269 -7.79 15.996 2.819 -6.486 14.972 -.073 -7.289 16.264 4.771 -6.082
5 24 13.137 3.123 16.963 10.257 7.171 18.922 6.665 1.036 18.9 14.949 7.809 16.657
5 24 16.344 18.729 11.466 17.619 15.625 13.424 17.804 18.443 9.634 15.867 16.071 15.227
5 24 -12.476 2.733 -11.219 -14.194 1.528 -8.751 -10.336 -1.753 -11.953 -14.779 4.958 -7.202
5 24 6.046 18.615 17.097 6.739 17.748 17.264 3.212 14.385 17.996 10.36 20.422 15.225
5 24 19.153 21.93 2.404 20.072 21.84 3.655 16.312 23.927 4.585 20.437 19.384 2.404
5 24 -10.227 -7.171 8.089 -10.317 -8.191 4.1 -8.294 -8.275 8.633 -12.34 -6.375 4.406
5 24 -11.905 -1.372 14.281 -6.824 -4.634 15.017 -11.762 -.868 15.731 -7.232 -5.108 13.509
5 24 -16.992 17.136 10.675 -16.501 19.066 11.206 -16.316 18.367 12.818 -17.24 18.022 9.544
5 24 12.899 13.3 17.418 14.026 17.462 16.197 11.828 13.568 18.466 15.024 16.83 15.026
5 24 8.541 29.764 -13.849 9.827 27.82 -13.54 10.268 28.622 -15.926 8.432 29.911 -11.694
5 24 8.804 -.14 -12.137 9.331 1.062 -11.226 7.671 -.008 -10.912 10.916 -.662 -12.832
5 24 -3.829 2.318 -14.583 -2.46 3.035 -14.117 -2.82 2.328 -14.926 -4.047 3.11 -13.933
5 24 -3.505 -4.701 -14.302 -4.78 -3.117 -13.993 -3.88 -4.818 -13.856 -3.914 -3.145 -15.355
5 24 -13.68 -4.13 7.55 -13.198 -3.622 8.774 -11.587 -5.564 8.914 -14.729 -1.06 8.25
5 24 12.627 8.985 -1.873 15.537 7.013 -4.344 12.011 6.276 -4.975 15.749 8.743 -2.214
5 24 11.884 .827 -12.184 14.587 1.53 -10.125 13.349 2.961 -10.726 12.448 -1.822 -11.224
5 24 8.078 -9.372 6.258 6.851 -9.615 4.059 9.382 -9.293 4.177 6.126 -9.124 7.038
5 24 9.382 -9.293 4.177 6.851 -9.615 4.059 8.078 -9.372 6.258 7.742 -9.521 2.829
5 24 9.731 -4.898 -9.27 7.714 -5.433 -8.349 8.045 -3.081 -10.739 9.71 -5.362 -8.591
5 24 -5.816 2.382 -14.723 -3.829 2.318 -14.583 -4.047 3.11 -13.933 -3.624 -.02 -16.307
5 24 11.392 21.321 7.982 13.611 23.259 7.212 13.787 20.909 3.343 10.686 22.518 9.601
5 24 -17.644 9.36 -.02 -15.945 11.93 -.668 -17.956 11.678 .729 -14.657 9.267 -1.704
5 24 -7.887 2.182 -13.143 -7.406 3.542 -12.79 -6.851 2.174 -14.498 -7.69 3.522 -11.905
5 24 18.875 24.252 -10.962 16.753 22.826 -10.89 15.783 23.388 -12.648 18.837 24.059 -7.533
5 24 8.078 -9.372 6.258 9.382 -9.293 4.177 6.851 -9.615 4.059 12.396 -7.661 6.666
5 24 -17.15 13.026 13.402 -15.904 13.987 13.738 -14.429 11.133 15.452 -17.613 14.16 12.427
5 24 9.837 25.585 -14.653 9.827 27.82 -13.54 9.505 26.194 -11.898 10.29 27.512 -16.391
5 24 -18.793 20.209 6.498 -17.989 18.896 9.575 -19.053 18.615 6.807 -17.147 21.344 8.998
5 24 19.081 10.037 8.811 18.272 10.446 9.944 18.324 6.338 9.81 18.9 14.517 8.06
5 24 -19.256 10.921 7.895 -18.024 11.269 9.333 -18.418 9.506 9.08 -18.518 14.919 7.619
5 24 -18.893 20.733 3.551 -16.032 22.126 4.242 -18.036 20.943 2.108 -16.609 22.365 5.842
5 24 -12.482 32.459 -16.737 -11.314 35.267 -16.792 -11.292 32.075 -18.14 -12.141 35.162 -16.276
5 24 3.446 -11.077 -4.818 -3.616 -10.761 -6.441 3.893 -9.561 -8.035 -3.038 -11.819 -3.381
5 24 -17.856 11.099 11.653 -15.783 10.02 15.172 -17.15 13.026 13.402 -16.999 8.041 13.159
5 24 -18.805 17.465 5.704 -19.601 19.089 2.781 -19.053 18.615 6.807 -19.12 17.899 3.105
5 24 -8.878 -6.626 -7.032 -8.869 -5.683 -9.137 -12.261 -3.364 -6.991 -3.64 -8.513 -7.865
5 24 10.464 23.19 -12.068 9.505 26.194 -11.898 10.216 23.73 -11.492 9.837 25.585 -14.653
5 24 9.857 40.366 -16.287 9.754 42.548 -16.351 8.109 40.216 -13.922 11.34 42.512 -16.569
5 24 17.136 30.942 -10.11 16.928 28.565 -12.316 16.992 27.797 -9.631 17.071 30.04 -13.111
5 24 19.324 17.612 5.576 20.437 19.384 2.404 19.818 18.415 2.266 20.247 19.306 6.435
5 24 -8.762 35.159 -14.508 -8.97 31.284 -17.406 -9.956 35.158 -16.504 -7.553 30.912 -14.859
5 24 -16.278 .276 4.485 -17.09 1.012 3.555 -18.094 6.495 7.688 -15.808 -2.377 2.075
5 24 11.419 5.312 -5.86 12.446 5.665 -7.496 12.011 6.276 -4.975 10.962 4 -6.544
5 24 10.708 -7.885 8.983 9.414 -7.092 11.627 8.078 -9.372 6.258 11.92 -4.656 13.715
5 24 18.996 19.817 9.673 16.58 23.234 9.272 18.846 22.521 6.154 16.959 20.289 12.275
5 24 1.704 1.678 18.208 .008 5.131 17.279 1.588 8.983 18.712 .049 1.727 16.999
5 24 5.828 -3.437 16.847 1.779 -3.272 16.075 1.704 1.678 18.208 3.881 -6.859 13.209
5 24 15.934 4.602 -7.875 16.094 3.269 -7.79 14.587 1.53 -10.125 16.264 4.771 -6.082
5 24 8.141 -1.612 -11.614 8.804 -.14 -12.137 7.671 -.008 -10.912 10.179 -2.43 -12.08
5 24 -7.616 16.209 18.452 -11.543 16.332 16.615 -8.137 14.268 17.945 -11.166 18.077 17.124
5 24 -13.233 36.975 -16.2 -14.301 37.293 -13.648 -14.159 36.234 -13.703 -13.486 38.617 -14.271
5 24 16.112 12.125 -1.084 15.749 8.743 -2.214 18.276 7.25 -.928 13.104 12.134 -1.024
5 24 3.754 -11.651 -2.091 4.126 -10.41 -.827 6.075 -10.213 -4.707 .096 -10.943 .568
5 24 -12.34 -6.375 4.406 -11.621 -6.122 8.142 -10.227 -7.171 8.089 -13.68 -4.13 7.55
5 24 -17.509 4.824 9.219 -18.094 6.495 7.688 -17.222 4.11 7.974 -18.418 9.506 9.08
5 24 9.331 1.062 -11.226 11.884 .827 -12.184 10.916 -.662 -12.832 11.386 3.6 -10.004
5 24 11.92 -4.656 13.715 8.099 -5.983 12.135 10.573 -3.575 14.397 9.414 -7.092 11.627
5 24 -16.443 .347 -5.508 -14.624 1.081 -6.854 -12.261 -3.364 -6.991 -15.241 4.846 -5.184
5 24 -.949 -6.137 -12.703 -3.678 -6.616 -12.02 3.808 -7.707 -9.439 -3.88 -4.818 -13.856
5 24 17.619 15.625 13.424 15.867 16.071 15.227 16.504 12.117 15.582 16.344 18.729 11.466
5 24 12.586 22.432 12.153 13.804 20.917 13.937 11.309 20.857 14.269 16.58 23.234 9.272
5 24 -18.036 20.943 2.108 -16.568 23.342 1.942 -18.177 22.109 .658 -16.032 22.126 4.242
5 24 -7.491 -4.453 -12.336 -3.678 -6.616 -12.02 -4.997 -4.715 -13.466 -8.869 -5.683 -9.137
5 24 -14.764 22.715 7.083 -14.157 22.738 9.819 -13.204 22.757 9.144 -15.529 22.144 9.794
5 24 14.812 43.103 -11.8 13.581 45.168 -13.339 14.433 42.998 -13.581 13.73 45.196 -11.8
5 24 -15.422 1.218 12.345 -14.373 2.358 13.576 -11.905 -1.372 14.281 -17.519 5.889 11.01
5 24 15.244 32.976 -17.047 13.054 35.819 -15.999 14.255 36.191 -14.077 12.855 33.12 -16.666
5 24 .488 -6.808 11.305 1.615 -7.008 12.457 2.083 -8.023 10.227 .177 -3.023 15.246
5 24 3.522 12.458 18.893 1.06 11.675 17.895 3.212 14.385 17.996 1.588 8.983 18.712
5 24 1.892 -.681 -16.641 2.601 -.002 -16.803 4.84 -1.389 -15.905 -.13 1.053 -16.409
5 24 -6.519 3.1 -11.449 -7.69 3.522 -11.905 -9.192 4.501 -9.192 -6.826 3.557 -12.976
5 24 -18.418 9.506 9.08 -17.509 4.824 9.219 -18.067 8.637 10.366 -18.094 6.495 7.688
5 24 -4.78 -3.117 -13.993 -6.337 -3.322 -13.834 -4.997 -4.715 -13.466 -6.181 -1.062 -13.917
5 24 16.933 .391 .469 16.533 2.2 -5.425 17.451 4.665 -4.08 15.702 -2.492 -1.36
5 24 17.339 25.93 -6.305 16.548 23.519 -7.389 15.807 25.513 -9.932 15.952 21.908 -2.847
5 24 -8.043 -10.344 .687 -10.206 -7.765 2.596 -11.313 -8.423 1.116 -7.154 -9.334 2.041
5 24 17.451 4.665 -4.08 17.868 3.38 2.197 16.933 .391 .469 18.276 7.25 -.928
5 24 16.005 -3.722 .859 15.702 -2.492 -1.36 15.003 -4.966 -.795 16.933 .391 .469
5 24 -13.955 12.368 16.602 -15.904 13.987 13.738 -14.429 11.133 15.452 -15.527 14.788 14.921
5 24 -13.309 35.712 -15.895 -14.896 32.617 -16.931 -16.383 33.215 -13.918 -12.482 32.459 -16.737
5 24 15.537 7.013 -4.344 12.446 5.665 -7.496 14.89 5.568 -8.181 12.011 6.276 -4.975
5 24 15.807 25.513 -9.932 14.562 29.481 -11.483 10.216 23.73 -11.492 16.992 27.797 -9.631
5 24 -17.968 5.86 1.736 -17.09 1.012 3.555 -17.314 2.62 -.133 -18.16 4.569 5.43
5 24 -3.678 -6.616 -12.02 -3.88 -4.818 -13.856 -.949 -6.137 -12.703 -4.997 -4.715 -13.466
5 24 16.094 3.269 -7.79 14.972 -.073 -7.289 15.996 2.819 -6.486 15.152 .237 -8.841
5 24 15.749 8.743 -2.214 18.276 7.25 -.928 16.112 12.125 -1.084 15.537 7.013 -4.344
5 24 -10.77 21.997 -9.137 -14.595 24.252 -10.151 -14.796 22.876 -7.081 -10.962 22.644 -10.467
5 24 20.322 22.28 -1.952 18.566 24.697 -1.65 18.592 24.777 -4.955 19.672 22.503 .941
5 24 11.34 42.512 -16.569 9.754 42.548 -16.351 11.296 44.764 -16.101 9.857 40.366 -16.287
5 24 17.868 3.38 2.197 17.474 -.741 3.18 16.933 .391 .469 18.748 2.982 4.795
5 24 -11.314 35.267 -16.792 -11.974 36.541 -17.177 -10.051 36.683 -17.116 -12.141 35.162 -16.276
5 24 12.446 5.665 -7.496 13.349 2.961 -10.726 14.89 5.568 -8.181 11.386 3.6 -10.004
5 24 -10.515 20.124 16.413 -5.302 20.774 15.784 -8.03 21.982 14.9 -6.48 18.28 17.591
5 24 -17.417 7.008 -1.712 -14.657 9.267 -1.704 -17.644 9.36 -.02 -15.241 4.846 -5.184
5 24 -16.448 28.278 -12.017 -16.011 27.498 -15.791 -17.988 26.144 -13.278 -15.546 28.789 -15.081
5 24 8.927 -8.254 -4.212 13.2 -4.41 -6.711 10.406 -6.366 -7.115 15.003 -4.966 -.795
5 24 9.755 36.902 -16.864 11.224 35.63 -16.578 11.256 36.96 -17.19 10.077 35.581 -16.262
5 24 2.306 -3.464 -14.824 -1.105 -2.708 -16.248 -.165 -1.115 -15.482 1.265 -4.88 -15.023
5 24 18.846 22.521 6.154 18.996 19.817 9.673 16.58 23.234 9.272 20.247 19.306 6.435
5 24 -1.12 12.607 18.118 -.036 14.77 17.28 .044 12.112 17.574 -1.03 14.995 17.701
5 24 -18.128 15.989 10.348 -17.24 18.022 9.544 -16.992 17.136 10.675 -18.277 17.814 7.963
5 24 -7.232 -5.108 13.509 -1.043 -7.23 12.191 -1.111 -7.684 10.204 -6.824 -4.634 15.017
5 24 -1.382 9.751 18.212 .008 5.131 17.279 -2.36 8.176 17.923 -.043 9.128 17.617
5 24 -16.501 19.066 11.206 -14.706 20.898 12.63 -16.951 19.649 11.165 -14.154 20.42 13.11
5 24 6.48 .734 -12.211 7.325 -1.023 -13.372 7.686 -1.383 -12.448 5.099 .889 -14.507
5 24 -15.916 33.201 -11.226 -16.383 33.215 -13.918 -16.654 30.072 -12.961 -15.41 34.699 -11.527
5 24 6.317 8.154 19.256 3.522 12.458 18.893 1.588 8.983 18.712 7.522 11.946 19.136
5 24 14.972 -.073 -7.289 15.495 -.578 -6.306 16.533 2.2 -5.425 12.383 -3.67 -7.954
5 24 12.425 47.081 -13.238 13.73 45.196 -11.8 13.581 45.168 -13.339 12.368 47.235 -11.8
5 24 6.075 -6.446 -9.54 5.254 -5.317 -12.147 3.808 -7.707 -9.439 7.592 -3.283 -12.009
5 24 -15.881 17.119 -4.655 -13.618 17.656 -3.545 -15.564 16.097 -2.402 -14.619 17.82 -5.388
5 24 -8.869 -5.683 -9.137 -12.261 -3.364 -6.991 -8.878 -6.626 -7.032 -10.336 -1.753 -11.953
5 24 16.58 23.234 9.272 13.804 20.917 13.937 12.586 22.432 12.153 16.959 20.289 12.275
5 24 2.083 -8.023 10.227 .488 -6.808 11.305 1.615 -7.008 12.457 .741 -7.47 9.22
5 24 6.665 1.036 18.9 5.828 -3.437 16.847 9.663 -3.644 15.905 1.704 1.678 18.208
5 24 -12.385 24.257 -16.354 -9.737 27.425 -16.665 -9.718 24.61 -14.871 -12.221 26.626 -17.694
5 24 19.153 21.93 2.404 18.352 24.198 1.322 19.672 22.503 .941 16.312 23.927 4.585
5 24 12.383 -3.67 -7.954 13.2 -4.41 -6.711 15.495 -.578 -6.306 10.406 -6.366 -7.115
5 24 -11.974 36.541 -17.177 -12.124 38.594 -15.287 -10.858 38.438 -15.936 -13.233 36.975 -16.2
5 24 16.928 28.565 -12.316 18.875 24.252 -10.962 18.594 26.269 -8.408 18.11 25.276 -13.581
5 24 -15.198 -1.391 7.267 -14.382 -3.889 4.188 -16.278 .276 4.485 -13.68 -4.13 7.55
5 24 -1.03 14.995 17.701 -3.418 15.241 18.108 -1.12 12.607 18.118 -1.516 16.798 17.352
5 24 12.601 38.814 -14.609 14.383 37.324 -14.044 13.683 38.781 -13.481 12.648 37.05 -16.404
5 24 .741 -7.47 9.22 2.078 -10.473 5.717 4.015 -8.119 6.364 -.524 -10.212 8.459
5 24 -18.735 18.44 .345 -19.383 19.367 1.597 -18.91 18.101 1.621 -18.611 19.938 -.406
5 24 8.099 -5.983 12.135 9.663 -3.644 15.905 10.573 -3.575 14.397 6.75 -6.394 13.111
5 24 6.851 -9.615 4.059 5.671 -9.059 2.472 7.742 -9.521 2.829 4.015 -8.119 6.364
5 24 -7.887 2.182 -13.143 -6.851 2.174 -14.498 -7.406 3.542 -12.79 -6.181 -1.062 -13.917
5 24 3.777 -4.109 -14.524 2.306 -3.464 -14.824 3.292 -2.953 -15.582 3.747 -5.028 -13.565
5 24 -13.159 18.184 -6.663 -13.618 17.656 -3.545 -14.619 17.82 -5.388 -11.945 19.008 -5.611
5 24 -18.964 22.044 -6.719 -17.557 23.854 -7.594 -17.114 24.269 -5.092 -17.628 22.152 -8.855
5 24 -16.383 33.215 -13.918 -15.41 34.699 -11.527 -14.159 36.234 -13.703 -15.916 33.201 -11.226
5 24 19.659 11.804 5.577 19.081 10.037 8.811 19.214 14.337 7.192 19.36 6.649 5.779
5 24 -1.298 -3.488 15.856 .177 -3.023 15.246 -1.465 1.453 17.755 -1.043 -7.23 12.191
5 24 12.49 35.548 -16.122 12.648 37.05 -16.404 13.054 35.819 -15.999 11.224 35.63 -16.578
5 24 -12.168 -5.992 2.936 -13.94 -5.379 1.568 -11.313 -8.423 1.116 -15.092 -2.498 3.146
5 24 -19.601 19.089 2.781 -18.91 18.101 1.621 -19.12 17.899 3.105 -19.383 19.367 1.597
5 24 13.677 -4.214 11.699 10.708 -7.885 8.983 11.92 -4.656 13.715 14.238 -5.829 7.612
5 24 -17.147 21.344 8.998 -17.989 18.896 9.575 -16.951 19.649 11.165 -18.793 20.209 6.498
5 24 7.818 42.581 -11.8 7.922 42.434 -13.609 8.05 40.041 -11.8 8.757 45 -13.316
5 24 11.941 19.21 -8.883 12.871 22.47 -12.544 11.591 22.261 -10.602 14.933 19.302 -10.789
5 24 -17.314 2.62 -.133 -17.417 7.008 -1.712 -17.279 4.067 -3.805 -17.968 5.86 1.736
5 24 15.561 28.904 -15.434 13.905 27.566 -16.348 16.03 26.363 -15.65 13.697 29.917 -15.935
5 24 -19.281 22.016 -4.587 -17.985 19.48 -4.246 -19.275 21.896 -2.174 -18.964 22.044 -6.719
5 24 16.73 33.511 -14.824 17.136 30.942 -10.11 17.071 30.04 -13.111 16.274 33.66 -11.562
5 24 -1.885 19.486 13.064 -4.788 20.924 14.24 -4.975 20.911 12.011 -2.202 19.24 15.112
5 24 16.402 2.873 13.034 13.137 3.123 16.963 13.825 .122 15.479 14.949 7.809 16.657
5 24 -18.611 19.938 -.406 -17.935 18.816 -4.15 -18.386 17.33 -1.724 -17.985 19.48 -4.246
5 24 -17.985 19.48 -4.246 -17.047 18.992 -6.006 -17.935 18.816 -4.15 -16.205 19.892 -7.54
5 24 -14.939 25.562 -15.824 -16.011 27.498 -15.791 -13.755 27.606 -16.463 -16.631 23.909 -13.873
5 24 7.226 -8.046 -3.903 8.927 -8.254 -4.212 7.923 -6.471 -7.253 9.008 -9.131 -1.185
5 24 -.165 -1.115 -15.482 -3.624 -.02 -16.307 -1.105 -2.708 -16.248 -2.552 .995 -15.281
5 24 -1.698 1.783 -15.69 -2.46 3.035 -14.117 -.068 2.626 -15.156 -2.82 2.328 -14.926
5 24 -12.34 -6.375 4.406 -15.092 -2.498 3.146 -14.382 -3.889 4.188 -12.168 -5.992 2.936
5 24 3.543 -8.413 8.88 4.015 -8.119 6.364 .741 -7.47 9.22 8.099 -5.983 12.135
5 24 -17.988 26.144 -13.278 -16.448 28.278 -12.017 -18.015 25.031 -10.155 -16.011 27.498 -15.791
5 24 11.941 19.21 -8.883 15.007 17.895 -7.888 14.933 19.302 -10.789 12.496 18.116 -7.124
5 24 14.933 19.302 -10.789 14.334 24.795 -14.441 12.871 22.47 -12.544 15.783 23.388 -12.648
5 24 14.383 37.324 -14.044 14.255 36.191 -14.077 13.054 35.819 -15.999 14.449 36.18 -11.8
5 24 19.323 22.161 -6.785 16.753 22.826 -10.89 16.835 20.021 -7.328 18.837 24.059 -7.533
5 24 16.928 28.565 -12.316 17.071 30.04 -13.111 17.136 30.942 -10.11 15.561 28.904 -15.434
5 24 -17.114 24.269 -5.092 -19.281 22.016 -4.587 -18.964 22.044 -6.719 -17.112 23.868 -1.787
5 24 20.247 19.306 6.435 19.324 17.612 5.576 19.007 17.311 6.766 20.437 19.384 2.404
5 24 -16.609 22.365 5.842 -14.728 22.599 5.124 -16.032 22.126 4.242 -14.764 22.715 7.083
5 24 -3.418 15.241 18.108 -6.48 18.28 17.591 -7.616 16.209 18.452 -1.516 16.798 17.352
5 24 -14.397 18.718 14.99 -14.154 20.42 13.11 -16.316 18.367 12.818 -10.515 20.124 16.413
5 24 18.976 14.884 9.97 17.619 15.625 13.424 18.499 11.163 12.049 17.804 18.443 9.634
5 24 -14.657 9.267 -1.704 -13.297 7.525 -4.96 -13.064 9.028 -1.638 -14.86 7.163 -5.019
5 24 14.906 40.618 -11.8 14.384 40.601 -13.61 14.433 42.998 -13.581 14.025 38.71 -11.8
5 24 12.383 -3.67 -7.954 10.406 -6.366 -7.115 9.71 -5.362 -8.591 13.2 -4.41 -6.711
5 24 -9.608 24.415 -11.809 -9.401 27.928 -14.13 -9.203 27.634 -11.927 -9.718 24.61 -14.871
5 24 10.865 32.527 -17.737 11.381 29.804 -16.794 9.081 32.082 -17.249 12.669 31.069 -16.468
5 24 -14.36 21.07 -12.674 -14.108 24.222 -14.083 -12.577 22.809 -13.283 -16.076 22.595 -10.861
5 24 -8.869 -5.683 -9.137 -10.336 -1.753 -11.953 -7.491 -4.453 -12.336 -12.261 -3.364 -6.991
5 24 16.264 4.771 -6.082 14.89 5.568 -8.181 15.537 7.013 -4.344 15.934 4.602 -7.875
5 24 -8.572 38.082 -11.8 -8.154 36.507 -14.72 -8.993 38.24 -15.122 -7.968 36.465 -11.8
5 24 -17.314 2.62 -.133 -17.09 1.012 3.555 -15.808 -2.377 2.075 -17.968 5.86 1.736
5 24 13.804 20.917 13.937 15.854 19.516 12.64 13.642 19.979 13.995 16.959 20.289 12.275
5 24 -18.35 16.887 .468 -19.086 14.709 2.747 -17.898 14.547 .263 -18.91 18.101 1.621
5 24 -3.829 2.318 -14.583 -3.624 -.02 -16.307 -5.816 2.382 -14.723 -2.552 .995 -15.281
5 24 15.783 23.388 -12.648 14.933 19.302 -10.789 16.753 22.826 -10.89 14.334 24.795 -14.441
5 24 4.84 -1.389 -15.905 1.892 -.681 -16.641 2.601 -.002 -16.803 3.292 -2.953 -15.582
5 24 -11.738 30.467 -11.827 -7.677 33.132 -11.847 -15.916 33.201 -11.226 -7.676 31.048 -11.809
5 24 12.648 37.05 -16.404 11.224 35.63 -16.578 11.256 36.96 -17.19 12.49 35.548 -16.122
5 24 11.04 -8.721 1.377 9.78 -8.681 2.341 9.008 -9.131 -1.185 12.712 -7.122 4.85
5 24 8.109 40.216 -13.922 9.857 40.366 -16.287 10.183 38.632 -15.7 9.754 42.548 -16.351
5 24 19.818 18.415 2.266 20.437 19.384 2.404 19.451 18.774 .051 19.324 17.612 5.576
5 24 16.402 2.873 13.034 16.504 12.117 15.582 14.949 7.809 16.657 18.499 11.163 12.049
5 24 5.254 -5.317 -12.147 3.777 -4.109 -14.524 3.747 -5.028 -13.565 6.87 -2.846 -13.783
5 24 -11.587 -5.564 8.914 -10.227 -7.171 8.089 -9.601 -7.321 8.84 -11.621 -6.122 8.142
5 24 16.402 2.873 13.034 17.385 6.846 10.982 18.499 11.163 12.049 16.5 2.908 11.628
5 24 8.157 1.172 -8.157 7.671 -.008 -10.912 5.34 .855 -9.34 9.331 1.062 -11.226
5 24 -14.796 22.876 -7.081 -16.458 24.839 -4.804 -14.577 22.195 -1.875 -16.285 26.47 -7.317
5 24 -9.737 27.425 -16.665 -12.221 26.626 -17.694 -12.385 24.257 -16.354 -11.419 30.112 -17.023
5 24 -15.891 14.235 -.689 -17.898 14.547 .263 -15.945 11.93 -.668 -15.564 16.097 -2.402
5 24 5.34 .855 -9.34 7.671 -.008 -10.912 6.882 .379 -11.147 8.157 1.172 -8.157
5 24 -10.497 22.323 10.343 -13.204 22.757 9.144 -12.459 22.535 8.656 -11.227 22.492 11.499
5 24 10.268 28.622 -15.926 8.541 29.764 -13.849 9.081 32.082 -17.249 9.827 27.82 -13.54
5 24 14.449 36.18 -11.8 14.383 37.324 -14.044 14.531 37.277 -11.8 14.255 36.191 -14.077
5 24 8.757 45 -13.316 7.818 42.581 -11.8 7.922 42.434 -13.609 8.625 45.207 -11.8
5 24 7.923 -6.471 -7.253 9.71 -5.362 -8.591 7.714 -5.433 -8.349 10.406 -6.366 -7.115
5 24 18.748 2.982 4.795 17.868 3.38 2.197 17.474 -.741 3.18 18.426 6.995 3.403
5 24 -15.241 4.846 -5.184 -14.86 7.163 -5.019 -14.779 4.958 -7.202 -14.657 9.267 -1.704
5 24 -.268 -12.113 -.614 -3.638 -10.585 1.388 -4.135 -11.71 .175 .096 -10.943 .568
5 24 17.451 4.665 -4.08 16.933 .391 .469 17.868 3.38 2.197 16.533 2.2 -5.425
5 24 -17.185 23.241 -9.621 -18.015 25.031 -10.155 -17.557 23.854 -7.594 -17.151 23.432 -11.369
5 24 18.837 24.059 -7.533 18.875 24.252 -10.962 16.753 22.826 -10.89 18.594 26.269 -8.408
5 24 3.808 -7.707 -9.439 -3.678 -6.616 -12.02 -.949 -6.137 -12.703 -3.64 -8.513 -7.865
5 24 -16.501 19.066 11.206 -16.316 18.367 12.818 -16.992 17.136 10.675 -14.154 20.42 13.11
5 24 10.077 35.581 -16.262 8.239 32.073 -13.953 9.081 32.082 -17.249 9.182 35.391 -13.766
5 24 11.073 9.68 18.562 11.828 13.568 18.466 10.266 10.015 19.042 12.899 13.3 17.418
5 24 -17.314 2.62 -.133 -17.968 5.86 1.736 -17.417 7.008 -1.712 -17.09 1.012 3.555
5 24 18.99 11.687 3.646 19.818 18.415 2.266 19.451 18.774 .051 19.659 11.804 5.577
5 24 -10.051 36.683 -17.116 -11.974 36.541 -17.177 -10.858 38.438 -15.936 -11.314 35.267 -16.792
5 24 8.157 1.172 -8.157 11.386 3.6 -10.004 9.331 1.062 -11.226 9.951 2.469 -7.386
5 24 3.446 -11.077 -4.818 -3.038 -11.819 -3.381 -3.616 -10.761 -6.441 -.268 -12.113 -.614
5 24 10.686 22.518 9.601 9.828 21.253 12.304 12.586 22.432 12.153 8.251 21.013 10.908
5 24 19.007 17.311 6.766 20.247 19.306 6.435 18.65 17.79 7.906 19.324 17.612 5.576
5 24 -16.076 22.595 -10.861 -17.628 22.152 -8.855 -17.185 23.241 -9.621 -16.233 21.025 -9.198
5 24 -17.038 26.058 -7.882 -18.015 25.031 -10.155 -16.303 27.485 -9.852 -17.557 23.854 -7.594
5 24 -10.336 -1.753 -11.953 -12.261 -3.364 -6.991 -14.194 1.528 -8.751 -8.869 -5.683 -9.137
5 24 6.882 .379 -11.147 7.686 -1.383 -12.448 8.141 -1.612 -11.614 6.48 .734 -12.211
5 24 12.185 18.046 16.685 7.966 17.195 18.194 11.669 19.459 15.824 11.828 13.568 18.466
5 24 16.629 23.544 1.136 14.914 22.098 2.837 16.312 23.927 4.585 15.56 21.84 .195
5 24 17.804 18.443 9.634 17.619 15.625 13.424 16.344 18.729 11.466 18.976 14.884 9.97
5 24 16.504 12.117 15.582 15.867 16.071 15.227 14.031 12.422 17.485 17.619 15.625 13.424
5 24 -16.631 23.909 -13.873 -17.988 26.144 -13.278 -16.011 27.498 -15.791 -17.151 23.432 -11.369
5 24 16.274 33.66 -11.562 14.562 29.481 -11.483 17.136 30.942 -10.11 14.449 36.18 -11.8
5 24 6.075 -6.446 -9.54 7.923 -6.471 -7.253 6.801 -8.436 -7.793 7.714 -5.433 -8.349
5 24 14.972 -.073 -7.289 12.461 -3.448 -9.268 12.383 -3.67 -7.954 15.152 .237 -8.841
5 24 16.629 23.544 1.136 15.56 21.84 .195 14.914 22.098 2.837 16.883 23.952 -1.772
5 24 3.777 -4.109 -14.524 6.87 -2.846 -13.783 4.84 -1.389 -15.905 5.254 -5.317 -12.147
5 24 6.48 .734 -12.211 7.686 -1.383 -12.448 7.325 -1.023 -13.372 6.882 .379 -11.147
5 24 -8.154 36.507 -14.72 -8.384 35.217 -11.884 -7.968 36.465 -11.8 -8.762 35.159 -14.508
5 24 -13.134 11.981 -.582 -14.657 9.267 -1.704 -15.945 11.93 -.668 -13.064 9.028 -1.638
5 24 -11.419 30.112 -17.023 -11.292 32.075 -18.14 -8.97 31.284 -17.406 -12.367 30.791 -16.62
5 24 18.875 24.252 -10.962 18.594 26.269 -8.408 18.837 24.059 -7.533 16.928 28.565 -12.316
5 24 -17.279 4.067 -3.805 -15.241 4.846 -5.184 -17.417 7.008 -1.712 -16.443 .347 -5.508
5 24 11.828 13.568 18.466 7.966 17.195 18.194 12.185 18.046 16.685 7.522 11.946 19.136
5 24 6.739 17.748 17.264 7.966 17.195 18.194 3.212 14.385 17.996 10.723 19.846 15.531
5 24 -10.515 20.124 16.413 -7.616 16.209 18.452 -11.166 18.077 17.124 -6.48 18.28 17.591
5 24 .445 -11.319 2.053 4.365 -10.453 2.063 2.078 -10.473 5.717 4.711 -10.421 .523
5 24 -8.294 -8.275 8.633 -10.317 -8.191 4.1 -10.227 -7.171 8.089 -7.215 -9.844 3.637
5 24 -1.111 -7.684 10.204 -1.043 -7.23 12.191 -7.232 -5.108 13.509 .488 -6.808 11.305
5 24 -15.161 16.301 15.397 -14.452 17.454 14.944 -16.324 16.237 13.726 -11.543 16.332 16.615
5 24 -14.896 32.617 -16.931 -16.383 33.215 -13.918 -15.627 29.907 -16.018 -13.309 35.712 -15.895
5 24 9.731 -4.898 -9.27 8.045 -3.081 -10.739 7.714 -5.433 -8.349 10.022 -3.719 -10.808
5 24 11.392 21.321 7.982 10.686 22.518 9.601 9.284 20.655 10.383 13.611 23.259 7.212
5 24 -13.233 36.975 -16.2 -13.486 38.617 -14.271 -12.124 38.594 -15.287 -14.301 37.293 -13.648
5 24 4.015 -8.119 6.364 6.126 -9.124 7.038 6.851 -9.615 4.059 8.099 -5.983 12.135
5 24 -19.086 14.709 2.747 -17.898 14.547 .263 -17.956 11.678 .729 -18.35 16.887 .468
5 24 -14.301 37.293 -13.648 -13.486 38.617 -14.271 -13.802 38.615 -11.8 -13.233 36.975 -16.2
5 24 -17.038 26.058 -7.882 -16.303 27.485 -9.852 -18.015 25.031 -10.155 -16.285 26.47 -7.317
5 24 -15.564 16.097 -2.402 -15.891 14.235 -.689 -13.23 15.928 -1.247 -17.898 14.547 .263
5 24 10.708 -7.885 8.983 8.078 -9.372 6.258 9.414 -7.092 11.627 12.396 -7.661 6.666
5 24 18.846 22.521 6.154 20.072 21.84 3.655 16.312 23.927 4.585 20.247 19.306 6.435
5 24 10.268 28.622 -15.926 11.989 28.384 -17.305 11.381 29.804 -16.794 10.29 27.512 -16.391
5 24 18.11 25.276 -13.581 15.561 28.904 -15.434 16.03 26.363 -15.65 16.928 28.565 -12.316
5 24 -12.097 7.495 17.187 -15.783 10.02 15.172 -14.429 11.133 15.452 -13.387 6.287 17.067
5 24 -9.704 47.2 -13.453 -9.76 44.588 -15.18 -8.541 44.804 -13.549 -11.089 47.915 -13.56
5 24 15.952 21.908 -2.847 15.56 21.84 .195 13.928 20.723 -.201 16.883 23.952 -1.772
5 24 13.905 27.566 -16.348 11.906 25.243 -16.671 14.106 26.136 -15.717 11.989 28.384 -17.305
5 24 12.627 8.985 -1.873 15.749 8.743 -2.214 13.104 12.134 -1.024 15.537 7.013 -4.344
5 24 2.906 1.582 -15.811 2.846 .797 -16.512 .678 1.756 -15.996 5.26 -.172 -15.52
5 24 -9.956 35.158 -16.504 -8.97 31.284 -17.406 -11.292 32.075 -18.14 -8.762 35.159 -14.508
5 24 -14.349 37.193 -11.8 -8.384 35.217 -11.884 -14.294 36.196 -11.8 -8.572 38.082 -11.8
5 24 6.615 -8.913 -.378 7.742 -9.521 2.829 9.78 -8.681 2.341 5.671 -9.059 2.472
5 24 18.517 12.061 1.469 19.451 18.774 .051 18.99 11.687 3.646 18.278 16.932 -.5
5 24 11.386 3.6 -10.004 13.349 2.961 -10.726 12.446 5.665 -7.496 11.884 .827 -12.184
5 24 -17.856 11.099 11.653 -18.024 11.269 9.333 -17.655 9.937 10.673 -18.518 14.919 7.619
5 24 -18.518 14.919 7.619 -18.541 17.57 6.97 -18.358 15.4 8.906 -18.805 17.465 5.704
5 24 -19.053 18.615 6.807 -18.541 17.57 6.97 -18.277 17.814 7.963 -18.805 17.465 5.704
5 24 15.244 32.976 -17.047 13.697 29.917 -15.935 15.561 28.904 -15.434 12.669 31.069 -16.468
5 24 -8.86 -10.039 -2.67 -13.221 -6.103 -2.14 -11.313 -8.423 1.116 -9.167 -8.983 -5.626
5 24 14.89 5.568 -8.181 15.934 4.602 -7.875 16.264 4.771 -6.082 13.349 2.961 -10.726
5 24 -15.01 -.968 9.526 -13.198 -3.622 8.774 -14.729 -1.06 8.25 -13.567 -3.633 10.078
5 24 -8.541 44.804 -13.549 -8.3 45.258 -11.8 -7.436 42.71 -11.8 -9.704 47.2 -13.453
5 24 16.274 33.66 -11.562 16.73 33.511 -14.824 14.449 36.18 -11.8 17.136 30.942 -10.11
5 24 3.212 14.385 17.996 1.313 15 17.882 6.046 18.615 17.097 1.06 11.675 17.895
5 24 -11.905 -1.372 14.281 -14.503 2.681 14.912 -11.762 -.868 15.731 -14.373 2.358 13.576
5 24 -17.509 4.824 9.219 -18.067 8.637 10.366 -18.418 9.506 9.08 -17.519 5.889 11.01
5 24 -15.881 17.119 -4.655 -17.935 18.816 -4.15 -18.386 17.33 -1.724 -17.047 18.992 -6.006
5 24 11.989 28.384 -17.305 10.29 27.512 -16.391 10.268 28.622 -15.926 11.906 25.243 -16.671
5 24 -14.729 -1.06 8.25 -13.68 -4.13 7.55 -13.198 -3.622 8.774 -15.198 -1.391 7.267
5 24 -15.01 -.968 9.526 -14.729 -1.06 8.25 -13.198 -3.622 8.774 -15.805 1.021 8.112
5 24 18.11 25.276 -13.581 16.03 26.363 -15.65 15.561 28.904 -15.434 15.783 23.388 -12.648
5 24 -16.568 23.342 1.942 -17.112 23.868 -1.787 -16.133 24.166 -1.764 -18.177 22.109 .658
5 24 8.541 29.764 -13.849 8.432 29.911 -11.694 8.244 32.076 -11.774 9.827 27.82 -13.54
5 24 -7.112 21.661 13.182 -4.975 20.911 12.011 -4.788 20.924 14.24 -8.141 21.769 10.57
5 24 10.573 -3.575 14.397 9.663 -3.644 15.905 12.197 -.818 16.359 8.099 -5.983 12.135
5 24 18.976 14.884 9.97 17.804 18.443 9.634 18.65 17.79 7.906 17.619 15.625 13.424
5 24 2.846 .797 -16.512 2.601 -.002 -16.803 -.13 1.053 -16.409 5.26 -.172 -15.52
5 24 -12.367 30.791 -16.62 -11.292 32.075 -18.14 -12.482 32.459 -16.737 -11.419 30.112 -17.023
5 24 18.99 11.687 3.646 18.517 12.061 1.469 19.451 18.774 .051 18.426 6.995 3.403
5 24 16.344 18.729 11.466 15.024 16.83 15.026 15.867 16.071 15.227 15.854 19.516 12.64
5 24 -18.015 25.031 -10.155 -17.988 26.144 -13.278 -16.448 28.278 -12.017 -17.151 23.432 -11.369
5 24 14.255 36.191 -14.077 15.244 32.976 -17.047 16.73 33.511 -14.824 13.054 35.819 -15.999
5 24 -12.546 20.702 -12.095 -12.628 18.59 -9.15 -14.826 18.721 -9.975 -10.77 21.997 -9.137
5 24 13.677 -4.214 11.699 11.92 -4.656 13.715 13.608 -1.656 14.776 10.708 -7.885 8.983
5 24 15.867 16.071 15.227 15.024 16.83 15.026 12.899 13.3 17.418 16.344 18.729 11.466
5 24 16.312 23.927 4.585 14.914 22.098 2.837 13.611 23.259 7.212 16.629 23.544 1.136
5 24 16.753 22.826 -10.89 14.933 19.302 -10.789 16.835 20.021 -7.328 15.783 23.388 -12.648
5 24 19.659 11.804 5.577 18.99 11.687 3.646 18.426 6.995 3.403 19.818 18.415 2.266
5 24 16.933 .391 .469 17.474 -.741 3.18 16.005 -3.722 .859 17.868 3.38 2.197
5 24 -16.032 22.126 4.242 -16.568 23.342 1.942 -18.036 20.943 2.108 -15.482 23.774 2.223
5 24 14.031 12.422 17.485 14.949 7.809 16.657 12.383 9.49 18.359 16.504 12.117 15.582
5 24 13.054 35.819 -15.999 14.383 37.324 -14.044 12.648 37.05 -16.404 14.255 36.191 -14.077
5 24 14.334 24.795 -14.441 16.03 26.363 -15.65 14.106 26.136 -15.717 15.783 23.388 -12.648
5 24 7.325 -1.023 -13.372 5.099 .889 -14.507 5.26 -.172 -15.52 6.48 .734 -12.211
5 24 -16.324 16.237 13.726 -15.904 13.987 13.738 -16.574 15.432 12.569 -15.527 14.788 14.921
5 24 -9.192 4.501 -9.192 -9.483 4.712 -11.772 -7.69 3.522 -11.905 -11.345 5.294 -9.757
5 24 12.712 -7.122 4.85 13.833 -6.81 3.899 11.04 -8.721 1.377 15.3 -4.978 5.456
5 24 .044 12.112 17.574 -1.12 12.607 18.118 -1.382 9.751 18.212 -.036 14.77 17.28
5 24 12.448 -1.822 -11.224 10.916 -.662 -12.832 11.884 .827 -12.184 10.179 -2.43 -12.08
5 24 -8.039 40.222 -15.121 -7.417 40.321 -11.8 -8.572 38.082 -11.8 -7.787 42.604 -13.996
5 24 -1.043 -7.23 12.191 .177 -3.023 15.246 -1.298 -3.488 15.856 .488 -6.808 11.305
5 24 -14.503 2.681 14.912 -13.387 6.287 17.067 -11.902 4.866 17.713 -16.999 8.041 13.159
5 24 -14.275 43.007 -14.292 -11.236 42.578 -16.96 -14.408 40.606 -14.381 -11.351 44.791 -16.155
5 24 -17.519 5.889 11.01 -17.509 4.824 9.219 -18.067 8.637 10.366 -15.01 -.968 9.526
5 24 12.368 47.235 -11.8 11.107 47.957 -13.241 12.425 47.081 -13.238 11.078 48.142 -11.8
5 24 -8.86 -10.039 -2.67 -9.167 -8.983 -5.626 -3.616 -10.761 -6.441 -13.221 -6.103 -2.14
5 24 -16.992 17.136 10.675 -18.128 15.989 10.348 -16.777 16.429 11.629 -17.24 18.022 9.544
5 24 -7.215 -9.844 3.637 -8.294 -8.275 8.633 -3.514 -11.135 2.959 -10.317 -8.191 4.1
5 24 -15.161 16.301 15.397 -15.527 14.788 14.921 -16.324 16.237 13.726 -13.955 12.368 16.602
5 24 12.197 -.818 16.359 13.137 3.123 16.963 6.665 1.036 18.9 13.825 .122 15.479
5 24 11.256 36.96 -17.19 11.224 35.63 -16.578 9.755 36.902 -16.864 12.648 37.05 -16.404
5 24 -7.676 31.048 -11.809 -11.738 30.467 -11.827 -7.677 33.132 -11.847 -9.203 27.634 -11.927
5 24 -11.089 47.915 -13.56 -9.65 47.652 -11.8 -10.929 48.308 -11.8 -9.704 47.2 -13.453
5 24 -11.974 36.541 -17.177 -12.141 35.162 -16.276 -11.314 35.267 -16.792 -13.309 35.712 -15.895
5 24 -17.988 26.144 -13.278 -17.151 23.432 -11.369 -18.015 25.031 -10.155 -16.631 23.909 -13.873
5 24 12.396 -7.661 6.666 12.712 -7.122 4.85 9.382 -9.293 4.177 14.238 -5.829 7.612
5 24 -13.759 26.576 -11.635 -11.738 30.467 -11.827 -9.203 27.634 -11.927 -16.321 29.958 -10.734
5 24 10.464 23.19 -12.068 9.837 25.585 -14.653 9.505 26.194 -11.898 11.938 22.873 -13.99
5 24 20.247 19.306 6.435 18.846 22.521 6.154 18.996 19.817 9.673 20.072 21.84 3.655
5 24 -9.43 42.549 -15.71 -9.429 40.431 -16.084 -8.039 40.222 -15.121 -10.974 40.501 -16.634
5 24 -12.367 30.791 -16.62 -12.221 26.626 -17.694 -13.755 27.606 -16.463 -11.419 30.112 -17.023
5 24 -3.64 -8.513 -7.865 -9.167 -8.983 -5.626 -8.878 -6.626 -7.032 -3.616 -10.761 -6.441
5 24 -14.275 43.007 -14.292 -14.587 43.049 -11.8 -12.609 46.843 -13.534 -14.674 40.6 -11.8
5 24 -3.038 -11.819 -3.381 -4.135 -11.71 .175 -8.86 -10.039 -2.67 -.268 -12.113 -.614
5 24 -7.616 16.209 18.452 -6.48 18.28 17.591 -10.515 20.124 16.413 -3.418 15.241 18.108
5 24 9.916 47.604 -11.8 9.935 47.401 -13.241 8.625 45.207 -11.8 11.107 47.957 -13.241
5 24 -.229 17.097 16.032 -1.516 16.798 17.352 -.036 14.77 17.28 -2.822 18.868 16.657
5 24 5.254 -5.317 -12.147 3.747 -5.028 -13.565 3.777 -4.109 -14.524 2.782 -5.602 -13.795
5 24 -17.628 22.152 -8.855 -17.557 23.854 -7.594 -18.964 22.044 -6.719 -17.185 23.241 -9.621
5 24 -13.221 -6.103 -2.14 -9.167 -8.983 -5.626 -8.86 -10.039 -2.67 -13.386 -4.703 -5.697
5 24 13.608 -1.656 14.776 10.573 -3.575 14.397 13.825 .122 15.479 11.92 -4.656 13.715
5 24 -19.275 21.896 -2.174 -17.112 23.868 -1.787 -19.281 22.016 -4.587 -18.177 22.109 .658
5 24 13.137 3.123 16.963 14.949 7.809 16.657 16.402 2.873 13.034 10.257 7.171 18.922
5 24 -17.114 24.269 -5.092 -16.285 26.47 -7.317 -16.458 24.839 -4.804 -17.038 26.058 -7.882
5 24 5.828 -3.437 16.847 3.881 -6.859 13.209 6.75 -6.394 13.111 1.779 -3.272 16.075
5 24 6.665 1.036 18.9 12.197 -.818 16.359 9.663 -3.644 15.905 13.137 3.123 16.963
5 24 0 1.825 -12.081 -.068 2.626 -15.156 -2.46 3.035 -14.117 2.906 1.582 -15.811
5 24 .612 12.079 17.706 1.313 15 17.882 -.036 14.77 17.28 1.06 11.675 17.895
5 24 11.224 35.63 -16.578 10.865 32.527 -17.737 10.077 35.581 -16.262 12.855 33.12 -16.666
5 24 -14.706 20.898 12.63 -15.529 22.144 9.794 -14.157 22.738 9.819 -16.951 19.649 11.165
5 24 -4.788 20.924 14.24 -5.302 20.774 15.784 -2.202 19.24 15.112 -8.03 21.982 14.9
5 24 -16.574 15.432 12.569 -16.324 16.237 13.726 -16.274 17.381 13.067 -15.904 13.987 13.738
5 24 -1.382 9.751 18.212 -2.36 8.176 17.923 -4.803 11.325 18.268 .008 5.131 17.279
5 24 18.272 10.446 9.944 18.499 11.163 12.049 18.976 14.884 9.97 17.385 6.846 10.982
5 24 9.78 -8.681 2.341 7.742 -9.521 2.829 9.382 -9.293 4.177 6.615 -8.913 -.378
5 24 -13.755 27.606 -16.463 -14.939 25.562 -15.824 -13.856 25.616 -15.477 -16.011 27.498 -15.791
5 24 -17.151 23.432 -11.369 -17.185 23.241 -9.621 -16.076 22.595 -10.861 -18.015 25.031 -10.155
5 24 3.777 -4.109 -14.524 4.84 -1.389 -15.905 6.87 -2.846 -13.783 3.292 -2.953 -15.582
5 24 -6.337 -3.322 -13.834 -6.181 -1.062 -13.917 -4.78 -3.117 -13.993 -7.939 -1.116 -14.192
5 24 11.256 36.96 -17.19 9.755 36.902 -16.864 10.183 38.632 -15.7 11.224 35.63 -16.578
5 24 18.517 12.061 1.469 18.278 16.932 -.5 16.293 15.607 -1.387 19.451 18.774 .051
5 24 11.402 38.814 -15.767 12.648 37.05 -16.404 11.256 36.96 -17.19 12.601 38.814 -14.609
5 24 -10.206 -7.765 2.596 -10.317 -8.191 4.1 -7.215 -9.844 3.637 -12.168 -5.992 2.936
5 24 -8.039 40.222 -15.121 -9.429 40.431 -16.084 -8.993 38.24 -15.122 -9.43 42.549 -15.71
5 24 -14.595 24.252 -10.151 -10.962 22.644 -10.467 -13.759 26.576 -11.635 -10.77 21.997 -9.137
5 24 8.239 32.073 -13.953 8.244 32.076 -11.774 8.541 29.764 -13.849 9.182 35.391 -13.766
5 24 15.949 .204 11.92 13.677 -4.214 11.699 13.608 -1.656 14.776 15.142 -4.622 6.971
5 24 -11.419 30.112 -17.023 -12.221 26.626 -17.694 -12.367 30.791 -16.62 -9.737 27.425 -16.665
5 24 8.432 29.911 -11.694 14.562 29.481 -11.483 14.449 36.18 -11.8 9.763 27.74 -11.81
5 24 -16.316 18.367 12.818 -14.452 17.454 14.944 -16.274 17.381 13.067 -14.397 18.718 14.99
5 24 12.396 -7.661 6.666 8.078 -9.372 6.258 9.382 -9.293 4.177 10.708 -7.885 8.983
5 24 18.276 7.25 -.928 17.868 3.38 2.197 18.426 6.995 3.403 17.451 4.665 -4.08
5 24 -3.038 -11.819 -3.381 -8.86 -10.039 -2.67 -3.616 -10.761 -6.441 -4.135 -11.71 .175
5 24 -16.076 22.595 -10.861 -17.151 23.432 -11.369 -16.631 23.909 -13.873 -17.185 23.241 -9.621
5 24 -16.032 22.126 4.242 -16.609 22.365 5.842 -18.893 20.733 3.551 -14.728 22.599 5.124
5 24 -5.658 9.616 19.073 -4.803 11.325 18.268 -8.881 12.431 18.831 -2.36 8.176 17.923
5 24 10.865 32.527 -17.737 9.081 32.082 -17.249 11.381 29.804 -16.794 10.077 35.581 -16.262
5 24 1.779 -3.272 16.075 3.881 -6.859 13.209 1.615 -7.008 12.457 5.828 -3.437 16.847
5 24 16.548 23.519 -7.389 15.952 21.908 -2.847 12.271 21.102 -6.07 17.339 25.93 -6.305
5 24 9.78 -8.681 2.341 9.008 -9.131 -1.185 6.615 -8.913 -.378 11.04 -8.721 1.377
5 24 -13.144 21.671 1.915 -13.873 22.587 5.314 -12.011 21.764 4.975 -14.232 22.541 2.198
5 24 -16.324 16.237 13.726 -16.274 17.381 13.067 -14.452 17.454 14.944 -16.574 15.432 12.569
5 24 16.094 3.269 -7.79 14.587 1.53 -10.125 15.934 4.602 -7.875 15.152 .237 -8.841
5 24 -18.177 22.109 .658 -18.611 19.938 -.406 -19.275 21.896 -2.174 -18.036 20.943 2.108
5 24 15.003 -4.966 -.795 11.04 -8.721 1.377 9.008 -9.131 -1.185 13.833 -6.81 3.899
5 24 -10.324 -6.941 9.987 -7.791 -7.5 12.377 -10.776 -5.403 13.113 -8.294 -8.275 8.633
5 24 -4.102 -9.117 10.663 -3.514 -11.135 2.959 -.524 -10.212 8.459 -8.294 -8.275 8.633
5 24 -18.128 15.989 10.348 -17.856 11.099 11.653 -17.613 14.16 12.427 -18.358 15.4 8.906
5 24 8.55 36.705 -13.818 9.134 38.451 -13.824 9.066 38.294 -11.8 9.755 36.902 -16.864
5 24 -8.572 38.082 -11.8 -8.039 40.222 -15.121 -7.417 40.321 -11.8 -8.993 38.24 -15.122
5 24 -12.628 18.59 -9.15 -11.103 20.293 -7.641 -10.77 21.997 -9.137 -13.159 18.184 -6.663
5 24 11.938 22.873 -13.99 9.837 25.585 -14.653 11.906 25.243 -16.671 10.464 23.19 -12.068
5 24 -18.16 4.569 5.43 -18.094 6.495 7.688 -17.09 1.012 3.555 -18.854 7.552 6.999
5 24 -16.285 26.47 -7.317 -14.796 22.876 -7.081 -16.458 24.839 -4.804 -14.595 24.252 -10.151
5 24 -15.805 1.021 8.112 -15.01 -.968 9.526 -14.729 -1.06 8.25 -17.222 4.11 7.974
5 24 -12.577 22.809 -13.283 -12.546 20.702 -12.095 -10.962 22.644 -10.467 -14.36 21.07 -12.674
5 24 10.686 22.518 9.601 12.586 22.432 12.153 13.611 23.259 7.212 9.828 21.253 12.304
5 24 -18.588 8.43 3.36 -19.449 14.46 6.182 -19.086 14.709 2.747 -19.256 10.921 7.895
5 24 16.112 12.125 -1.084 18.276 7.25 -.928 18.517 12.061 1.469 15.749 8.743 -2.214
5 24 9.78 -8.681 2.341 9.382 -9.293 4.177 7.742 -9.521 2.829 12.712 -7.122 4.85
5 24 -10.089 29.001 -16.467 -7.553 30.912 -14.859 -8.97 31.284 -17.406 -9.401 27.928 -14.13
5 24 8.541 29.764 -13.849 8.239 32.073 -13.953 9.081 32.082 -17.249 8.244 32.076 -11.774
5 24 14.531 37.277 -11.8 14.383 37.324 -14.044 13.683 38.781 -13.481 14.449 36.18 -11.8
5 24 -2.202 19.24 15.112 -2.822 18.868 16.657 -5.302 20.774 15.784 -.229 17.097 16.032
5 24 18.592 24.777 -4.955 19.323 22.161 -6.785 18.837 24.059 -7.533 20.101 22.265 -4.537
5 24 3.881 -6.859 13.209 1.615 -7.008 12.457 1.779 -3.272 16.075 2.083 -8.023 10.227
5 24 -16.999 8.041 13.159 -13.387 6.287 17.067 -14.503 2.681 14.912 -15.783 10.02 15.172
5 24 -17.15 13.026 13.402 -14.429 11.133 15.452 -15.904 13.987 13.738 -15.783 10.02 15.172
5 24 -4.78 -3.117 -13.993 -3.914 -3.145 -15.355 -3.505 -4.701 -14.302 -5.221 -.992 -15.793
5 24 -6.48 18.28 17.591 -1.516 16.798 17.352 -3.418 15.241 18.108 -2.822 18.868 16.657
5 24 -10.77 21.997 -9.137 -14.796 22.876 -7.081 -11.747 21.886 -6.653 -14.595 24.252 -10.151
5 24 -15.891 14.235 -.689 -13.154 14.262 -.61 -13.23 15.928 -1.247 -13.134 11.981 -.582
5 24 -17.856 11.099 11.653 -17.655 9.937 10.673 -18.024 11.269 9.333 -16.999 8.041 13.159
5 24 -6.519 3.1 -11.449 -6.826 3.557 -12.976 -7.69 3.522 -11.905 -4.047 3.11 -13.933
5 24 2.421 19.462 16.028 6.046 18.615 17.097 1.579 17.798 16.892 5.719 20.695 14.384
5 24 15.854 19.516 12.64 16.959 20.289 12.275 13.804 20.917 13.937 16.344 18.729 11.466
5 24 -12.609 46.843 -13.534 -14.587 43.049 -11.8 -12.399 47.292 -11.8 -14.275 43.007 -14.292
5 24 5.26 -.172 -15.52 2.846 .797 -16.512 2.601 -.002 -16.803 2.906 1.582 -15.811
5 24 -13.204 22.757 9.144 -13.873 22.587 5.314 -12.459 22.535 8.656 -14.764 22.715 7.083
5 24 -10.497 22.323 10.343 -10.6 21.644 8.226 -12.459 22.535 8.656 -8.141 21.769 10.57
5 24 -14.408 40.606 -14.381 -13.802 38.615 -11.8 -13.486 38.617 -14.271 -14.674 40.6 -11.8
5 24 13.73 45.196 -11.8 13.581 45.168 -13.339 14.812 43.103 -11.8 12.425 47.081 -13.238
5 24 -14.275 43.007 -14.292 -11.351 44.791 -16.155 -11.236 42.578 -16.96 -12.609 46.843 -13.534
5 24 9.081 32.082 -17.249 8.541 29.764 -13.849 10.268 28.622 -15.926 8.239 32.073 -13.953
5 24 -15.482 23.774 2.223 -16.032 22.126 4.242 -16.568 23.342 1.942 -14.728 22.599 5.124
5 24 9.389 7.26 19.032 7.522 11.946 19.136 10.266 10.015 19.042 6.317 8.154 19.256
5 24 18.9 14.517 8.06 19.081 10.037 8.811 19.214 14.337 7.192 18.272 10.446 9.944
5 24 -15.891 14.235 -.689 -15.945 11.93 -.668 -17.898 14.547 .263 -13.134 11.981 -.582
5 24 -14.194 1.528 -8.751 -14.779 4.958 -7.202 -14.624 1.081 -6.854 -12.476 2.733 -11.219
5 24 -17.956 11.678 .729 -19.086 14.709 2.747 -17.898 14.547 .263 -18.588 8.43 3.36
5 24 -14.301 37.293 -13.648 -14.294 36.196 -11.8 -14.349 37.193 -11.8 -14.159 36.234 -13.703
5 24 11.073 9.68 18.562 12.383 9.49 18.359 10.257 7.171 18.922 12.899 13.3 17.418
5 24 4.015 -8.119 6.364 2.078 -10.473 5.717 4.365 -10.453 2.063 .741 -7.47 9.22
5 24 14.562 29.481 -11.483 17.136 30.942 -10.11 16.992 27.797 -9.631 16.274 33.66 -11.562
5 24 -8.384 35.217 -11.884 -15.41 34.699 -11.527 -14.294 36.196 -11.8 -15.916 33.201 -11.226
5 24 -10.6 21.644 8.226 -12.459 22.535 8.656 -12.011 21.764 4.975 -10.497 22.323 10.343
5 24 -17.956 11.678 .729 -15.945 11.93 -.668 -17.898 14.547 .263 -17.644 9.36 -.02
5 24 15.254 17.981 -6.267 18.312 19.697 -4.683 15.494 16.092 -4.345 16.835 20.021 -7.328
5 24 15.152 .237 -8.841 14.972 -.073 -7.289 16.094 3.269 -7.79 12.461 -3.448 -9.268
5 24 8.411 21.515 13.249 8.251 21.013 10.908 9.828 21.253 12.304 6.888 21.038 11.585
5 24 16.312 23.927 4.585 16.58 23.234 9.272 18.846 22.521 6.154 13.611 23.259 7.212
5 24 -15.546 28.789 -15.081 -16.654 30.072 -12.961 -16.448 28.278 -12.017 -15.627 29.907 -16.018
5 24 -14.294 36.196 -11.8 -8.384 35.217 -11.884 -15.41 34.699 -11.527 -14.349 37.193 -11.8
5 24 -14.86 7.163 -5.019 -13.297 7.525 -4.96 -14.657 9.267 -1.704 -12.989 6.523 -7.048
5 24 10.464 23.19 -12.068 10.216 23.73 -11.492 9.505 26.194 -11.898 10.947 22.698 -10.239
5 24 16.293 15.607 -1.387 16.112 12.125 -1.084 18.517 12.061 1.469 13.129 15.599 -1.462
5 24 1.313 15 17.882 -.036 14.77 17.28 -.229 17.097 16.032 .612 12.079 17.706
5 24 -2.822 18.868 16.657 -6.48 18.28 17.591 -5.302 20.774 15.784 -1.516 16.798 17.352
5 24 -2.552 .995 -15.281 -1.698 1.783 -15.69 -2.82 2.328 -14.926 -.13 1.053 -16.409
5 24 -18.793 20.209 6.498 -16.609 22.365 5.842 -17.147 21.344 8.998 -18.893 20.733 3.551
5 24 19.36 6.649 5.779 19.081 10.037 8.811 19.659 11.804 5.577 18.324 6.338 9.81
5 24 .741 -7.47 9.22 2.083 -8.023 10.227 .488 -6.808 11.305 3.543 -8.413 8.88
5 24 -15.916 33.201 -11.226 -8.384 35.217 -11.884 -7.677 33.132 -11.847 -15.41 34.699 -11.527
5 24 -16.448 28.278 -12.017 -16.321 29.958 -10.734 -16.654 30.072 -12.961 -16.303 27.485 -9.852
5 24 -10.089 29.001 -16.467 -8.97 31.284 -17.406 -7.553 30.912 -14.859 -11.419 30.112 -17.023
5 24 -9.828 21.862 12.251 -11.227 22.492 11.499 -11.858 21.835 13.572 -10.497 22.323 10.343
5 24 -3.492 7.118 18.793 -2.36 8.176 17.923 -5.658 9.616 19.073 -1.584 4.079 18.248
5 24 -6.851 2.174 -14.498 -5.816 2.382 -14.723 -6.826 3.557 -12.976 -5.221 -.992 -15.793
5 24 6.888 21.038 11.585 5.719 20.695 14.384 8.411 21.515 13.249 4.75 20.256 12.137
5 24 20.072 21.84 3.655 16.312 23.927 4.585 19.153 21.93 2.404 18.846 22.521 6.154
5 24 -7.491 -4.453 -12.336 -6.337 -3.322 -13.834 -4.997 -4.715 -13.466 -7.939 -1.116 -14.192
5 24 15.494 16.092 -4.345 15.254 17.981 -6.267 12.617 18.101 -5.463 18.312 19.697 -4.683
5 24 -17.151 23.432 -11.369 -16.631 23.909 -13.873 -16.076 22.595 -10.861 -17.988 26.144 -13.278
5 24 -9.76 44.588 -15.18 -9.43 42.549 -15.71 -7.787 42.604 -13.996 -11.351 44.791 -16.155
5 24 -1.698 1.783 -15.69 -.068 2.626 -15.156 .678 1.756 -15.996 -2.46 3.035 -14.117
5 24 7.522 11.946 19.136 3.522 12.458 18.893 7.966 17.195 18.194 6.317 8.154 19.256
5 24 16.504 12.117 15.582 14.031 12.422 17.485 15.867 16.071 15.227 14.949 7.809 16.657
5 24 -3.616 -10.761 -6.441 -3.038 -11.819 -3.381 3.446 -11.077 -4.818 -8.86 -10.039 -2.67
5 24 -13.221 -6.103 -2.14 -16.443 .347 -5.508 -15.808 -2.377 2.075 -13.386 -4.703 -5.697
5 24 12.665 15.906 -3.196 15.494 16.092 -4.345 12.617 18.101 -5.463 13.129 15.599 -1.462
5 24 11.04 -8.721 1.377 12.712 -7.122 4.85 13.833 -6.81 3.899 9.78 -8.681 2.341
5 24 -16.076 22.595 -10.861 -16.631 23.909 -13.873 -14.108 24.222 -14.083 -17.151 23.432 -11.369
5 24 -12.546 20.702 -12.095 -14.36 21.07 -12.674 -14.826 18.721 -9.975 -12.577 22.809 -13.283
5 24 -2.46 3.035 -14.117 -2.852 2.469 -12.052 -4.047 3.11 -13.933 0 1.825 -12.081
5 24 15.495 -.578 -6.306 12.383 -3.67 -7.954 13.2 -4.41 -6.711 14.972 -.073 -7.289
5 24 -14.657 9.267 -1.704 -17.644 9.36 -.02 -17.417 7.008 -1.712 -15.945 11.93 -.668
5 24 2.306 -3.464 -14.824 2.782 -5.602 -13.795 1.265 -4.88 -15.023 3.747 -5.028 -13.565
5 24 -1.584 4.079 18.248 .008 5.131 17.279 .049 1.727 16.999 -2.36 8.176 17.923
5 24 19.323 22.161 -6.785 18.312 19.697 -4.683 16.835 20.021 -7.328 20.101 22.265 -4.537
5 24 -7.232 -5.108 13.509 -4.102 -9.117 10.663 -1.111 -7.684 10.204 -7.791 -7.5 12.377
5 24 -18.094 6.495 7.688 -17.09 1.012 3.555 -18.16 4.569 5.43 -16.278 .276 4.485
5 24 14.383 37.324 -14.044 12.648 37.05 -16.404 12.601 38.814 -14.609 13.054 35.819 -15.999
5 24 -.13 1.053 -16.409 .678 1.756 -15.996 2.846 .797 -16.512 -1.698 1.783 -15.69
5 24 -4.047 3.11 -13.933 -2.852 2.469 -12.052 -6.519 3.1 -11.449 -2.46 3.035 -14.117
5 24 -14.408 40.606 -14.381 -11.236 42.578 -16.96 -10.974 40.501 -16.634 -14.275 43.007 -14.292
5 24 17.339 25.93 -6.305 18.594 26.269 -8.408 18.592 24.777 -4.955 16.992 27.797 -9.631
5 24 -4.975 20.911 12.011 -4.788 20.924 14.24 -8.03 21.982 14.9 -1.885 19.486 13.064
5 24 -8.03 21.982 14.9 -10.515 20.124 16.413 -5.302 20.774 15.784 -11.858 21.835 13.572
5 24 -9.483 4.712 -11.772 -12.476 2.733 -11.219 -9.531 2.157 -13.795 -11.345 5.294 -9.757
5 24 9.284 20.655 10.383 10.686 22.518 9.601 11.392 21.321 7.982 8.251 21.013 10.908
5 24 17.071 30.04 -13.111 15.561 28.904 -15.434 16.73 33.511 -14.824 16.928 28.565 -12.316
5 24 -16.587 7.332 12.014 -17.519 5.889 11.01 -18.067 8.637 10.366 -14.373 2.358 13.576
5 24 -11.351 44.791 -16.155 -9.43 42.549 -15.71 -11.236 42.578 -16.96 -9.76 44.588 -15.18
5 24 18.324 6.338 9.81 19.36 6.649 5.779 19.081 10.037 8.811 18.748 2.982 4.795
5 24 11.381 29.804 -16.794 9.081 32.082 -17.249 10.268 28.622 -15.926 10.865 32.527 -17.737
5 24 -14.232 22.541 2.198 -14.577 22.195 -1.875 -15.482 23.774 2.223 -13.144 21.671 1.915
5 24 -13.204 22.757 9.144 -11.227 22.492 11.499 -10.497 22.323 10.343 -14.157 22.738 9.819
5 24 11.073 9.68 18.562 10.266 10.015 19.042 9.389 7.26 19.032 11.828 13.568 18.466
5 24 -8.97 31.284 -17.406 -11.419 30.112 -17.023 -11.292 32.075 -18.14 -10.089 29.001 -16.467
5 24 -14.779 4.958 -7.202 -11.345 5.294 -9.757 -12.989 6.523 -7.048 -12.476 2.733 -11.219
5 24 -11.974 36.541 -17.177 -13.233 36.975 -16.2 -12.124 38.594 -15.287 -13.309 35.712 -15.895
5 24 -12.546 20.702 -12.095 -10.962 22.644 -10.467 -10.77 21.997 -9.137 -12.577 22.809 -13.283
5 24 1.579 17.798 16.892 6.046 18.615 17.097 1.313 15 17.882 2.421 19.462 16.028
5 24 16.58 23.234 9.272 18.846 22.521 6.154 18.996 19.817 9.673 16.312 23.927 4.585
5 24 -8.572 38.082 -11.8 -8.384 35.217 -11.884 -7.968 36.465 -11.8 -14.349 37.193 -11.8
5 24 -14.408 40.606 -14.381 -14.674 40.6 -11.8 -14.275 43.007 -14.292 -13.802 38.615 -11.8
5 24 -8.762 35.159 -14.508 -7.553 30.912 -14.859 -7.677 33.132 -11.847 -8.97 31.284 -17.406
5 24 10.077 35.581 -16.262 9.755 36.902 -16.864 8.55 36.705 -13.818 11.224 35.63 -16.578
5 24 8.05 40.041 -11.8 7.922 42.434 -13.609 8.109 40.216 -13.922 7.818 42.581 -11.8
5 24 -2.82 2.328 -14.926 -3.829 2.318 -14.583 -2.46 3.035 -14.117 -2.552 .995 -15.281
5 24 -12.804 22.105 12.651 -14.157 22.738 9.819 -11.227 22.492 11.499 -14.706 20.898 12.63
5 24 12.368 47.235 -11.8 12.425 47.081 -13.238 11.107 47.957 -13.241 13.73 45.196 -11.8
5 24 -16.16 .867 7.232 -16.278 .276 4.485 -18.094 6.495 7.688 -15.198 -1.391 7.267
5 24 -1.465 1.453 17.755 .049 1.727 16.999 -1.584 4.079 18.248 .177 -3.023 15.246
5 24 -18.386 17.33 -1.724 -15.564 16.097 -2.402 -17.898 14.547 .263 -15.881 17.119 -4.655
5 24 -11.292 32.075 -18.14 -9.956 35.158 -16.504 -11.314 35.267 -16.792 -8.97 31.284 -17.406
5 24 2.083 -8.023 10.227 3.881 -6.859 13.209 3.543 -8.413 8.88 1.615 -7.008 12.457
5 24 5.671 -9.059 2.472 4.365 -10.453 2.063 4.711 -10.421 .523 4.015 -8.119 6.364
5 24 14.433 42.998 -13.581 14.906 40.618 -11.8 14.812 43.103 -11.8 14.384 40.601 -13.61
5 24 12.461 -3.448 -9.268 10.022 -3.719 -10.808 9.731 -4.898 -9.27 12.448 -1.822 -11.224
5 24 -3.505 -4.701 -14.302 -1.105 -2.708 -16.248 1.265 -4.88 -15.023 -3.914 -3.145 -15.355
5 24 19.672 22.503 .941 20.322 22.28 -1.952 19.483 19.913 -.787 18.566 24.697 -1.65
5 24 12.461 -3.448 -9.268 12.383 -3.67 -7.954 14.972 -.073 -7.289 9.731 -4.898 -9.27
5 24 -16.278 .276 4.485 -15.808 -2.377 2.075 -15.092 -2.498 3.146 -17.09 1.012 3.555
5 24 -17.185 23.241 -9.621 -17.628 22.152 -8.855 -16.076 22.595 -10.861 -17.557 23.854 -7.594
5 24 -14.706 20.898 12.63 -14.154 20.42 13.11 -12.804 22.105 12.651 -16.501 19.066 11.206
5 24 4.212 .889 -10.168 5.099 .889 -14.507 2.925 1.172 -10.954 6.48 .734 -12.211
5 24 12.446 5.665 -7.496 10.962 4 -6.544 11.386 3.6 -10.004 11.419 5.312 -5.86
5 24 18.529 18.268 -3.148 18.312 19.697 -4.683 19.483 19.913 -.787 15.494 16.092 -4.345
5 24 -7.553 30.912 -14.859 -9.401 27.928 -14.13 -10.089 29.001 -16.467 -7.676 31.048 -11.809
5 24 1.588 8.983 18.712 -.043 9.128 17.617 1.06 11.675 17.895 .008 5.131 17.279
5 24 14.587 1.53 -10.125 15.152 .237 -8.841 16.094 3.269 -7.79 12.448 -1.822 -11.224
5 24 -16.205 19.892 -7.54 -14.826 18.721 -9.975 -16.233 21.025 -9.198 -15.122 18.109 -7.437
5 24 10.183 38.632 -15.7 9.857 40.366 -16.287 8.109 40.216 -13.922 11.266 40.374 -16.322
5 24 -13.759 26.576 -11.635 -16.303 27.485 -9.852 -14.595 24.252 -10.151 -16.321 29.958 -10.734
5 24 1.06 11.675 17.895 1.588 8.983 18.712 -.043 9.128 17.617 3.522 12.458 18.893
5 24 -11.166 18.077 17.124 -11.543 16.332 16.615 -7.616 16.209 18.452 -14.452 17.454 14.944
5 24 -5.996 5.262 18.576 -1.584 4.079 18.248 -7.259 3.214 18.487 -3.492 7.118 18.793
5 24 .445 -11.319 2.053 -.524 -10.212 8.459 2.078 -10.473 5.717 -3.514 -11.135 2.959
5 24 -9.828 21.862 12.251 -7.112 21.661 13.182 -8.03 21.982 14.9 -8.141 21.769 10.57
5 24 -7.112 21.661 13.182 -4.788 20.924 14.24 -4.975 20.911 12.011 -8.03 21.982 14.9
5 24 -14.86 7.163 -5.019 -14.657 9.267 -1.704 -13.297 7.525 -4.96 -15.241 4.846 -5.184
