0 Sticker  1.8 x  6.4 with Sponsorship Logos, Black, Lime, Red and White Stripes
0 Name: 6171761b.dat
0 Author: Evert-Jan Boer [ejboer]
0 !LDRAW_ORG Unofficial_Part
0 !LICENSE Licensed under CC BY 4.0 : see CAreadme.txt

0 BFC CERTIFY CCW

0 !CATEGORY Sticker
0 !KEYWORDS Bricklink 42065stk01, Brickowl 813541, RC Tracked Racer
0 !KEYWORDS Rebrickable 29042, Set 42065

1 16 0 0 0 -1 0 0 0 1 0 0 0 1 s\stickerback018x064a.dat

1 0 64.8 -.25 10.5 0 0 1.5 0 1 0 1.5 0 0 1-4chrd.dat
1 0 31.6 -.25 19.5 -7.5 0 0 0 1 0 0 0 -7.5 1-16tndis.dat
1 0 -32.9 -.25 14.5 -1.9411 0 -7.2444 0 1 0 7.2444 0 -1.9411 1-8chrd.dat
1 4 -55 -.25 -19.5 0 0 -2.5 0 1 0 -2.5 0 0 1-8chrd.dat
1 4 -59.8 -.25 -15.2 -1.0607 0 -1.0607 0 1 0 -1.0607 0 1.0607 1-4chrd.dat
1 15 64.8 -.25 -11.5 1.5 0 0 0 1 0 0 0 -1.5 1-4chrd.dat
1 15 17.1 -.25 -14.5 -1.5 0 0 0 1 0 0 0 1.5 1-4ndis.dat
1 15 14.1 -.25 -20.5 1.5 0 0 0 1 0 0 0 -1.5 1-4chrd.dat
1 27 31.6 -.25 19.5 0 0 -7.5 0 1 0 -7.5 0 0 3-16ndis.dat
1 27 21.6 -.25 30.6 0 0 2.5 0 1 0 2.5 0 0 1-4chrd.dat

1 0 -2.6 -.25 20.4 .9464 0 -.0654 0 1 0 .0828 0 .7471 4-4disc.dat
1 27 -2.6 -.25 20.4 .9464 0 -.0654 0 1 0 .0828 0 .7471 4-4ndis.dat
1 0 -6.2 -.25 18.32 .7222 0 -.0458 0 1 0 .0632 0 .523 4-4disc.dat
1 27 -6.2 -.25 18.32 .7222 0 -.0458 0 1 0 .0632 0 .523 4-4ndis.dat
1 0 -9.56 -.25 22.27 .7471 0 -.0501 0 1 0 .0654 0 .5728 4-4disc.dat
1 27 -9.56 -.25 22.27 .7471 0 -.0501 0 1 0 .0654 0 .5728 4-4ndis.dat
1 0 -11.76 -.25 15.57 1.2951 0 -.0828 0 1 0 .1133 0 .9464 4-4disc.dat
1 27 -11.76 -.25 15.57 1.2951 0 -.0828 0 1 0 .1133 0 .9464 4-4ndis.dat
1 0 -14.9 -.25 19.77 1.2951 0 -.0828 0 1 0 .1133 0 .9464 4-4disc.dat
1 27 -14.9 -.25 19.77 1.2951 0 -.0828 0 1 0 .1133 0 .9464 4-4ndis.dat
1 0 -18.16 -.25 23.72 1.2951 0 -.0828 0 1 0 .1133 0 .9464 4-4disc.dat
1 27 -18.16 -.25 23.72 1.2951 0 -.0828 0 1 0 .1133 0 .9464 4-4ndis.dat
1 0 -23.65 -.25 20.91 1.8928 0 -.1307 0 1 0 .1656 0 1.4943 4-4disc.dat
1 27 -23.65 -.25 20.91 1.8928 0 -.1307 0 1 0 .1656 0 1.4943 4-4ndis.dat
1 0 -20.35 -.25 16.89 1.8928 0 -.1307 0 1 0 .1656 0 1.4943 4-4disc.dat
1 27 -20.35 -.25 16.89 1.8928 0 -.1307 0 1 0 .1656 0 1.4943 4-4ndis.dat
1 0 .25 -.25 10.02 .6475 0 -.0436 0 1 0 .0567 0 .4981 4-4disc.dat
1 27 .25 -.25 10.02 .6475 0 -.0436 0 1 0 .0567 0 .4981 4-4ndis.dat
1 0 -5.05 -.25 7.37 1.0958 0 -.0741 0 1 0 .0959 0 .8468 4-4disc.dat
1 27 -5.05 -.25 7.37 1.0958 0 -.0741 0 1 0 .0959 0 .8468 4-4ndis.dat
1 0 -29 -.25 18.4 2.4905 0 -.1743 0 1 0 .2179 0 1.9924 4-4disc.dat
1 27 -29 -.25 18.4 2.4905 0 -.1743 0 1 0 .2179 0 1.9924 4-4ndis.dat
1 0 -25.62 -.25 14.25 2.4905 0 -.1743 0 1 0 .2179 0 1.9924 4-4disc.dat
1 27 -25.62 -.25 14.25 2.4905 0 -.1743 0 1 0 .2179 0 1.9924 4-4ndis.dat
1 0 7.8 -.25 -9.13 .6475 0 -.0436 0 1 0 .0567 0 .4981 4-4disc.dat
1 4 7.8 -.25 -9.13 .6475 0 -.0436 0 1 0 .0567 0 .4981 4-4ndis.dat
1 0 2.4 -.25 -11.53 1.046 0 -.0697 0 1 0 .0915 0 .797 4-4disc.dat
1 4 2.4 -.25 -11.53 1.046 0 -.0697 0 1 0 .0915 0 .797 4-4ndis.dat
1 0 5.9 -.25 -15.78 .9464 0 -.061 0 1 0 .0828 0 .6973 4-4disc.dat
1 15 5.9 -.25 -15.78 .9464 0 -.061 0 1 0 .0828 0 .6973 4-4ndis.dat
1 0 8.89 -.25 -19.78 .7721 0 -.0523 0 1 0 .0675 0 .5977 4-4disc.dat
1 15 8.89 -.25 -19.78 .7721 0 -.0523 0 1 0 .0675 0 .5977 4-4ndis.dat
1 0 .27 -.25 -18.54 1.3449 0 -.0915 0 1 0 .1177 0 1.046 4-4disc.dat
1 15 .27 -.25 -18.54 1.3449 0 -.0915 0 1 0 .1177 0 1.046 4-4ndis.dat
1 0 -8.38 -.25 -17.09 2.092 0 -.1438 0 1 0 .183 0 1.6437 4-4disc.dat
1 15 -8.38 -.25 -17.09 2.092 0 -.1438 0 1 0 .183 0 1.6437 4-4ndis.dat
1 4 -23.41 -.25 -20.03 .5479 0 -.037 0 1 0 .0479 0 .4234 4-4disc.dat
1 0 -23.41 -.25 -20.03 .5479 0 -.037 0 1 0 .0479 0 .4234 4-4ndis.dat
1 4 -25.41 -.25 -17.28 .7471 0 -.0479 0 1 0 .0654 0 .5479 4-4disc.dat
1 0 -25.41 -.25 -17.28 .7471 0 -.0479 0 1 0 .0654 0 .5479 4-4ndis.dat
1 4 -24.2 -.25 -12.68 .5479 0 -.037 0 1 0 .0479 0 .4234 4-4disc.dat
1 0 -24.2 -.25 -12.68 .5479 0 -.037 0 1 0 .0479 0 .4234 4-4ndis.dat
1 4 -26.3 -.25 -9.68 .6226 0 -.0414 0 1 0 .0545 0 .4732 4-4disc.dat
1 0 -26.3 -.25 -9.68 .6226 0 -.0414 0 1 0 .0545 0 .4732 4-4ndis.dat
1 4 -27.01 -.25 -2.43 .4732 0 -.0327 0 1 0 .0414 0 .3736 4-4disc.dat
1 0 -27.01 -.25 -2.43 .4732 0 -.0327 0 1 0 .0414 0 .3736 4-4ndis.dat
1 4 -29.4 -.25 .47 .4732 0 -.0327 0 1 0 .0414 0 .3736 4-4disc.dat
1 0 -29.4 -.25 .47 .4732 0 -.0327 0 1 0 .0414 0 .3736 4-4ndis.dat
1 4 -27.8 -.25 -14.43 .8219 0 -.0545 0 1 0 .0719 0 .6226 4-4disc.dat
1 0 -27.8 -.25 -14.43 .8219 0 -.0545 0 1 0 .0719 0 .6226 4-4ndis.dat
1 4 -28.56 -.25 -7.03 .7222 0 -.0479 0 1 0 .0632 0 .5479 4-4disc.dat
1 0 -28.56 -.25 -7.03 .7222 0 -.0479 0 1 0 .0632 0 .5479 4-4ndis.dat
1 4 -30.11 -.25 -11.68 .9215 0 -.061 0 1 0 .0806 0 .6973 4-4disc.dat
1 0 -30.11 -.25 -11.68 .9215 0 -.061 0 1 0 .0806 0 .6973 4-4ndis.dat
1 4 -29.26 -.25 -19.23 1.0958 0 -.0697 0 1 0 .0959 0 .797 4-4disc.dat
1 0 -29.26 -.25 -19.23 1.0958 0 -.0697 0 1 0 .0959 0 .797 4-4ndis.dat
1 4 -36.01 -.25 8.86 .5479 0 -.037 0 1 0 .0479 0 .4234 4-4disc.dat
1 0 -36.01 -.25 8.86 .5479 0 -.037 0 1 0 .0479 0 .4234 4-4ndis.dat
1 4 -38.35 -.25 11.77 .6475 0 -.0436 0 1 0 .0567 0 .4981 4-4disc.dat
1 0 -38.35 -.25 11.77 .6475 0 -.0436 0 1 0 .0567 0 .4981 4-4ndis.dat
1 4 -31.6 -.25 -16.34 1.1954 0 -.0828 0 1 0 .1046 0 .9464 4-4disc.dat
1 4 -42.01 -.25 9.87 .9962 0 -.0654 0 1 0 .0872 0 .7471 4-4disc.dat
1 0 -42.01 -.25 9.87 .9962 0 -.0654 0 1 0 .0872 0 .7471 4-4ndis.dat
1 4 -43.56 -.25 5.27 1.2951 0 -.0872 0 1 0 .1133 0 .9962 4-4disc.dat
1 0 -43.56 -.25 5.27 1.2951 0 -.0872 0 1 0 .1133 0 .9962 4-4ndis.dat
1 4 -35.26 -.25 -18.23 1.5939 0 -.1089 0 1 0 .1394 0 1.2452 4-4disc.dat
1 0 -31.6 -.25 -16.34 1.1954 0 -.0828 0 1 0 .1046 0 .9464 4-4ndis.dat
1 0 -35.26 -.25 -18.23 1.5939 0 -.1089 0 1 0 .1394 0 1.2452 4-4ndis.dat
3 0 12.6732 -.25 18.6428 12.4176 -.25 17.7798 13.1724 -.25 17.1591
3 0 10.8575 -.25 10.7527 9.8067 -.25 7.2051 10.6412 -.25 6.8536
3 0 10.225 -.25 16.3634 9.1509 -.25 15.3779 9.3338 -.25 15.1152
3 0 10.225 -.25 16.3634 9.3338 -.25 15.1152 9.2594 -.25 13.1035
3 0 10.4704 -.25 11.9104 10.8575 -.25 10.7527 11.0279 -.25 11.328
4 0 3.5825 -.25 -4.3009 2.2222 -.25 -1.4992 1.5989 -.25 -1.3146 -.141 -.25 -2.2593
3 0 4.6407 -.25 19.1648 5.0155 -.25 17.4373 5.2711 -.25 18.3002
4 0 3.6377 -.25 15.7789 4.7882 -.25 16.6702 5.0155 -.25 17.4373 4.6407 -.25 19.1648
3 0 9.3621 -.25 16.6191 9.0176 -.25 16.5125 9.1509 -.25 15.3779
3 0 8.5577 -.25 16.5444 9.1509 -.25 15.3779 9.0176 -.25 16.5125
3 0 7.3716 -.25 17.4694 4.7882 -.25 16.6702 7.5163 -.25 17.1658
3 0 7.5163 -.25 17.1658 4.7882 -.25 16.6702 7.7472 -.25 16.8888
3 0 8.1503 -.25 16.6651 9.1509 -.25 15.3779 8.5577 -.25 16.5444
3 0 4.5752 -.25 15.9511 5.419 -.25 11.5815 6.5408 -.25 15.3689
3 0 6.5328 -.25 3.8988 5.5706 -.25 2.4108 5.5672 -.25 .6388
3 0 6.9354 -.25 9.3072 5.5133 -.25 7.8511 6.1544 -.25 6.6704
3 0 -10.6193 -.25 1.2098 -10.4637 -.25 .9137 -9.7477 -.25 1.0959
4 0 -11.2483 -.25 -2.8807 -11.9936 -.25 -2.5658 -12.2991 -.25 -2.5515 -11.7995 -.25 -3.3718
3 0 -16.0751 -.25 -1.8156 -12.8159 -.25 -2.3634 -13.7086 -.25 -2.0384
3 0 -14.1598 -.25 3.4467 -14.0341 -.25 2.4527 -13.7286 -.25 2.4384
3 0 -14.1598 -.25 3.4467 -14.3437 -.25 2.326 -14.0341 -.25 2.4527
3 0 -16.5931 -.25 8.7487 -16.9741 -.25 8.2615 -16.7813 -.25 8.2318
3 0 -14.7872 -.25 5.3777 -14.9368 -.25 5.1129 -14.5943 -.25 5.348
3 0 -15.398 -.25 5.6 -14.9368 -.25 5.1129 -14.7872 -.25 5.3777
3 0 -17.7474 -.25 6.611 -18.243 -.25 5.6777 -17.6321 -.25 6.4537
3 0 -17.6321 -.25 6.4537 -18.243 -.25 5.6777 -17.4653 -.25 6.3525
4 0 -15.142 -.25 4.5491 -16.9954 -.25 6.1814 -17.4653 -.25 6.3525 -18.243 -.25 5.6777
4 0 -16.9954 -.25 6.1814 -15.142 -.25 4.5491 -14.9368 -.25 5.1129 -15.398 -.25 5.6
3 0 -15.0356 -.25 3.2333 -15.6251 -.25 3.0754 -15.4583 -.25 2.9742
3 0 -15.0356 -.25 3.2333 -15.4583 -.25 2.9742 -15.343 -.25 2.8169
4 0 -14.6143 -.25 2.0661 -15.0356 -.25 3.2333 -15.343 -.25 2.8169 -15.2966 -.25 2.6274
3 0 -16.301 -.25 -.2435 -16.5405 -.25 -.9013 -15.8699 -.25 -1.2518
3 0 -16.301 -.25 -.2435 -18.1379 -.25 -.3199 -16.5405 -.25 -.9013
4 0 -14.7925 -.25 1.7082 -15.8379 -.25 1.1402 -15.9952 -.25 1.0248 -16.0958 -.25 .3203
3 0 -15.9952 -.25 1.0248 -16.1847 -.25 .9784 -16.0958 -.25 .3203
3 0 -16.3776 -.25 1.0081 -16.0958 -.25 .3203 -16.1847 -.25 .9784
3 0 -14.7925 -.25 1.7082 -16.0958 -.25 .3203 -15.4082 -.25 .0168
4 0 -17.1525 -.25 -4.7756 -17.481 -.25 -3.4855 -17.8226 -.25 -3.9959 -17.7762 -.25 -4.1854
3 0 -17.481 -.25 -3.4855 -17.938 -.25 -3.8385 -17.8226 -.25 -3.9959
3 0 -21.0988 -.25 -2.1687 -21.1652 -.25 -2.7793 -20.9757 -.25 -2.7329
3 0 -21.0988 -.25 -2.1687 -21.3225 -.25 -2.8946 -21.1652 -.25 -2.7793
3 0 -19.8466 -.25 -4.9032 -20.004 -.25 -5.0186 -19.2587 -.25 -5.4457
3 0 -20.004 -.25 -5.0186 -20.1935 -.25 -5.065 -19.2587 -.25 -5.4457
3 0 -18.148 -.25 -5.3179 -18.2492 -.25 -5.4847 -17.6142 -.25 -6.0442
3 0 -18.2492 -.25 -5.4847 -18.4065 -.25 -5.6 -17.6142 -.25 -6.0442
4 0 -18.2252 -.25 -6.4072 -17.6142 -.25 -6.0442 -18.4065 -.25 -5.6 -18.596 -.25 -5.6464
3 0 -16.138 -.25 11.5627 -16.0335 -.25 10.8457 -15.8407 -.25 10.816
4 0 -17.7938 -.25 6.8005 -17.7641 -.25 6.9933 -18.8023 -.25 6.6262 -18.6615 -.25 5.9897
3 0 -19.1863 -.25 8.2026 -19.6648 -.25 8.0575 -19.2378 -.25 7.4765
4 0 -17.6329 -.25 3.1145 -18.9954 -.25 3.6104 -19.4226 -.25 3.6063 -19.3032 -.25 2.7647
3 0 -19.4226 -.25 3.6063 -19.5255 -.25 2.1539 -19.3032 -.25 2.7647
3 0 -20.1237 -.25 1.6799 -19.9189 -.25 1.0732 -19.7136 -.25 1.6371
3 0 -20.1237 -.25 1.6799 -20.1583 -.25 .4155 -19.9189 -.25 1.0732
3 0 -21.7825 -.25 -2.8776 -21.7658 -.25 -4.0011 -21.4237 -.25 -3.0614
4 0 -18.596 -.25 -5.6464 -18.7888 -.25 -5.6167 -18.9001 -.25 -6.2147 -18.2252 -.25 -6.4072
3 0 -15.6593 -.25 -11.4913 -15.7662 -.25 -11.9313 -15.2409 -.25 -12.3885
3 0 -9.7247 -.25 -7.9048 -9.6821 -.25 -8.0799 -8.6356 -.25 -8.5672
4 0 -12.2916 -.25 -6.332 -12.5606 -.25 -5.7552 -12.7143 -.25 -5.5929 -12.8769 -.25 -6.3318
3 0 -11.8007 -.25 -7.4685 -11.8734 -.25 -7.8144 -11.301 -.25 -7.7035
3 0 -15.8699 -.25 -1.2518 -16.0751 -.25 -1.8156 -13.7086 -.25 -2.0384
4 0 -37.9138 -.25 -.2623 -38.0152 -.25 .7589 -38.2165 -.25 1.1699 -38.0208 -.25 -.8029
3 0 -38.0208 -.25 -.8029 -40.8952 -.25 -1.5149 -40.6938 -.25 -1.9259
3 0 -36.3837 -.25 1.8932 -37.1613 -.25 1.4182 -36.9947 -.25 .6438
3 0 -40.1072 -.25 5.3428 -40.4007 -.25 2.3778 -39.7748 -.25 2.7488
3 0 -40.1072 -.25 5.3428 -40.9622 -.25 1.819 -40.4007 -.25 2.3778
4 0 -42.8943 -.25 -1.6016 -42.6918 -.25 -3.3825 -41.7491 -.25 -2.1742 -41.9156 -.25 -1.3998
3 0 -41.7491 -.25 -2.1742 -42.6918 -.25 -3.3825 -41.4262 -.25 -2.8263
3 0 -41.4262 -.25 -2.8263 -42.6918 -.25 -3.3825 -40.969 -.25 -3.3115
3 0 -37.4894 -.25 -1.8665 -37.9482 -.25 -2.575 -38.3292 -.25 -4.6748
3 0 -37.9482 -.25 -2.575 -38.5097 -.25 -3.1338 -38.3292 -.25 -4.6748
3 0 -38.5097 -.25 -3.1338 -39.1356 -.25 -3.5048 -38.3292 -.25 -4.6748
3 0 -39.1356 -.25 -3.5048 -39.7833 -.25 -3.6627 -38.3292 -.25 -4.6748
3 0 -40.4086 -.25 -3.5968 -38.3292 -.25 -4.6748 -39.7833 -.25 -3.6627
3 0 -34.4725 -.25 -2.7458 -33.4454 -.25 -3.6795 -32.8925 -.25 -3.5735
3 0 -33.5257 -.25 -3.9506 -34.8956 -.25 -4.1742 -33.1197 -.25 -4.3406
3 0 -35.1696 -.25 -4.2189 -36.1559 -.25 -4.3798 -36.2979 -.25 -4.8593
3 0 -35.2755 -.25 -1.4075 -35.4175 -.25 -1.8869 -34.6779 -.25 -2.5591
3 0 -34.271 -.25 5.8564 -35.4464 -.25 5.0573 -36.3837 -.25 1.8932
3 0 -40.1678 -.25 7.603 -40.1072 -.25 5.3428 -39.809 -.25 6.3495
3 0 -41.7458 -.25 .3005 -42.8943 -.25 -1.6016 -41.9145 -.25 -.5557
3 0 -42.8943 -.25 -1.6016 -43.4302 -.25 -5.8754 -42.6918 -.25 -3.3825
3 0 -42.8943 -.25 -1.6016 -43.5864 -.25 -6.4028 -43.4302 -.25 -5.8754
3 0 -44.0746 -.25 -8.0508 -45.7345 -.25 -11.1898 -44.131 -.25 -8.8786
3 0 -44.131 -.25 -8.8786 -45.7345 -.25 -11.1898 -43.9644 -.25 -9.653
3 0 -43.9644 -.25 -9.653 -45.7345 -.25 -11.1898 -43.6415 -.25 -10.3051
3 0 -43.6415 -.25 -10.3051 -45.7345 -.25 -11.1898 -43.1843 -.25 -10.7903
3 0 -39.712 -.25 -9.3431 -40.1635 -.25 -10.0538 -39.8377 -.25 -12.9365
3 0 -40.1635 -.25 -10.0538 -40.725 -.25 -10.6126 -39.8377 -.25 -12.9365
3 0 -40.725 -.25 -10.6126 -41.3509 -.25 -10.9836 -39.8377 -.25 -12.9365
3 0 -41.3509 -.25 -10.9836 -41.9986 -.25 -11.1415 -39.8377 -.25 -12.9365
3 0 -42.6239 -.25 -11.0756 -39.8377 -.25 -12.9365 -41.9986 -.25 -11.1415
3 0 -39.8304 -.25 17.5931 -39.8663 -.25 16.4238 -39.727 -.25 16.9722
4 0 -2.308 -.25 -15.39 -3.8709 -.25 -15.5267 -3.4832 -.25 -15.6167 -3.075 -.25 -15.6233
4 0 -45.5711 -.25 -.8875 -46.2198 -.25 -.6268 -46.9556 -.25 -.3807 -46.7174 -.25 -.7512
3 0 -50.3551 -.25 -2.3006 -50.1606 -.25 -2.6535 -50.0011 -.25 -2.6057
3 0 -50.2658 -.25 -3.9935 -50.5741 -.25 -4.3709 -50.2076 -.25 -4.3002
3 0 -48.5145 -.25 -2.9508 -48.5162 -.25 -3.8466 -48.3459 -.25 -3.4404
3 0 -48.6007 -.25 -4.6733 -48.2575 -.25 -4.969 -48.4432 -.25 -4.6801
3 0 -46.1707 -.25 -6.5347 -46.8325 -.25 -7.2867 -46.3294 -.25 -6.9132
3 0 -46.3294 -.25 -6.9132 -46.8325 -.25 -7.2867 -46.3603 -.25 -7.3073
3 0 -46.8325 -.25 -7.2867 -46.2913 -.25 -7.5745 -46.3603 -.25 -7.3073
3 0 -48.3854 -.25 -7.1347 -48.5243 -.25 -7.2595 -47.9576 -.25 -7.1502
3 0 -48.1657 -.25 -5.0846 -47.9606 -.25 -5.4035 -47.8511 -.25 -5.3557
3 0 -46.8818 -.25 -14.3044 -46.9642 -.25 -14.5009 -46.4306 -.25 -14.5094
3 0 -45.1854 -.25 -17.3347 -45.371 -.25 -17.4703 -45.0076 -.25 -17.4002
3 0 -44.646 -.25 -16.0474 -44.6818 -.25 -16.5044 -44.4316 -.25 -16.1178
3 0 -44.6562 -.25 -16.0075 -44.646 -.25 -16.0474 -44.4316 -.25 -16.1178
3 0 -42.4583 -.25 -15.9893 -42.8208 -.25 -16.1437 -42.7453 -.25 -16.199
3 0 -43.4007 -.25 -17.7733 -43.0181 -.25 -18.103 -43.1498 -.25 -17.8473
3 0 -42.9046 -.25 -18.2286 -42.7606 -.25 -18.5035 -42.5403 -.25 -18.5426
3 0 -43.1854 -.25 -20.2347 -43.3319 -.25 -20.3417 -42.8576 -.25 -20.2502
3 0 -42.7606 -.25 -18.5035 -42.646 -.25 -18.9474 -42.5403 -.25 -18.5426
3 0 -40.2248 -.25 -18.7136 -40.4708 -.25 -18.7937 -40.6171 -.25 -19
3 0 -39.2611 -.25 -17.9098 -39.5653 -.25 -18.2823 -39.2432 -.25 -18.415
3 0 -39.5653 -.25 -18.2823 -39.7562 -.25 -18.514 -39.2432 -.25 -18.415
3 0 -39.5653 -.25 -18.2823 -39.978 -.25 -18.5838 -39.7562 -.25 -18.514
3 0 -41.9153 -.25 -15.6323 -42.2023 -.25 -15.842 -41.8398 -.25 -15.6876
4 0 -36.745 -.25 -19.6147 -36.8539 -.25 -18.3695 -37.4421 -.25 -19.0513 -37.209 -.25 -19.4138
4 0 -27.0326 -.25 -13.7355 -26.9781 -.25 -14.3581 -24.163 -.25 -13.1034 -24.7109 -.25 -13.1513
3 0 -39.1951 -.25 -15.5587 -40.2291 -.25 -15.7135 -39.7704 -.25 -15.9387
4 0 -35.3277 -.25 -15.3154 -46.7376 -.25 -11.9356 -45.2677 -.25 -13.7599 -41.4557 -.25 -14.8891
3 0 -33.9485 -.25 -12.6227 -35.3277 -.25 -15.3154 -34.4763 -.25 -14.4045
3 0 -32.9175 -.25 -9.1419 -35.3277 -.25 -15.3154 -33.9485 -.25 -12.6227
3 0 -23.2872 -.25 -12.1484 -23.6891 -.25 -12.2087 -23.6521 -.25 -12.6321
4 0 -15.7239 -.25 -13.2769 -16.39 -.25 -12.1832 -17.0818 -.25 -11.4525 -16.561 -.25 -12.653
4 0 -18.0619 -.25 -13.1798 -20.9103 -.25 -14.0462 -20.1257 -.25 -14.0588 -19.3551 -.25 -13.9102
3 0 -18.3925 -.25 -9.0599 -20.0259 -.25 -9.3336 -18.0809 -.25 -9.8118
3 0 -20.1637 -.25 -7.6931 -21.9012 -.25 -9.5103 -20.9154 -.25 -8.5944
3 0 -20.9154 -.25 -8.5944 -21.9012 -.25 -9.5103 -21.3119 -.25 -9.0798
3 0 64.8 -.25 12 45.8491 -.25 11.9709 66.3 -.25 10.5
3 0 9.6079 -.25 6.5339 8.557 -.25 2.9863 10.4742 -.25 6.2898
3 0 10.4742 -.25 6.2898 8.557 -.25 2.9863 8.3866 -.25 2.411
4 0 45.8491 -.25 11.9709 10.4742 -.25 6.2898 8.3866 -.25 2.411 8.0458 -.25 1.2604
3 0 5.9414 -.25 5.9513 4.6249 -.25 5.3504 5.1603 -.25 3.3145
4 0 -10.441 -.25 -4.1177 -11.2218 -.25 -5.1901 -11.5354 -.25 -5.8623 -10.9419 -.25 -6.7169
3 0 -8.2109 -.25 10.3018 -7.812 -.25 9.2702 -6.7923 -.25 9.5176
4 0 -6.7923 -.25 9.5176 2.3728 -.25 11.5086 -9.3357 -.25 11.9298 -8.7217 -.25 11.1934
3 0 3.6377 -.25 15.7789 2.3728 -.25 11.5086 3.4534 -.25 12.1637
4 0 -16.4049 -.25 14.0976 -17.3642 -.25 14.1492 -17.8012 -.25 14.0227 -18.1692 -.25 13.8037
3 0 -18.4522 -.25 12.1939 -16.3804 -.25 10.684 -16.223 -.25 10.7993
3 0 -18.4522 -.25 12.1939 -16.4816 -.25 10.5172 -16.3804 -.25 10.684
4 0 -16.892 -.25 9.3895 -18.4522 -.25 12.1939 -18.9854 -.25 8.6084 -17.7807 -.25 8.702
4 0 -28.655 -.25 10.5381 -29.2213 -.25 5.2992 -29.3662 -.25 3.1223 -28.894 -.25 4.7163
3 0 -31.4593 -.25 13.8911 -32.2185 -.25 13.7446 -30.6863 -.25 13.8787
4 0 -28.655 -.25 10.5381 -35.4621 -.25 8.9079 -35.4251 -.25 8.4846 -29.2213 -.25 5.2992
3 0 -35.4251 -.25 8.4846 -35.973 -.25 8.4366 -29.2213 -.25 5.2992
3 0 -36.5579 -.25 8.8121 -40.6313 -.25 8.679 -36.5209 -.25 8.3887
4 0 -36.3245 -.25 12.5112 -37.7461 -.25 12.3248 -37.7025 -.25 11.8267 -36.6022 -.25 11.8484
3 0 -40.5774 -.25 15.4284 -40.9505 -.25 14.8306 -40.7472 -.25 14.9571
3 0 -39.8304 -.25 17.5931 -43.1776 -.25 12.5425 -41.0785 -.25 14.6566
3 0 -41.0785 -.25 14.6566 -43.1776 -.25 12.5425 -41.1118 -.25 14.4618
3 0 -41.1118 -.25 14.4618 -43.1776 -.25 12.5425 -41.0452 -.25 14.2756
3 0 -41.0452 -.25 14.2756 -43.1776 -.25 12.5425 -40.8889 -.25 14.1266
3 0 -43.1776 -.25 12.5425 -43.0716 -.25 10.53 -42.0754 -.25 10.6172
3 0 -40.9484 -.25 9.21 -41.9446 -.25 9.1229 -40.6313 -.25 8.679
4 0 -44.4135 -.25 8.091 -44.4841 -.25 7.6772 -41.9446 -.25 9.1229 -42.9408 -.25 9.0357
4 0 -45.8922 -.25 4.4151 -45.436 -.25 3.98 -44.7679 -.25 4.1605 -44.8551 -.25 5.1567
3 0 -40.6313 -.25 8.679 -42.3521 -.25 6.3795 -42.265 -.25 5.3833
3 0 -40.6313 -.25 8.679 -42.265 -.25 5.3833 -42.1778 -.25 4.3871
3 0 -45.6639 -.25 -6.0284 -46.9817 -.25 -10.4772 -46.7376 -.25 -11.9356
3 0 -45.4931 -.25 -5.4518 -45.6639 -.25 -6.0284 -46.7376 -.25 -11.9356
3 0 -45.4931 -.25 -5.4518 -45.8402 -.25 -5.5997 -45.6639 -.25 -6.0284
4 0 -28.9268 -.25 .5114 -27.0427 -.25 -2.0564 -26.5695 -.25 -2.015 -26.9946 -.25 .2725
4 0 -22.1244 -.25 -2.623 -22.1549 -.25 -1.2852 -26.5695 -.25 -2.015 -26.5368 -.25 -2.3886
3 0 -22.1244 -.25 -2.623 -21.7658 -.25 -4.0011 -21.7825 -.25 -2.8776
4 0 -19.4639 -.25 -6.0095 -21.4669 -.25 -4.6419 -21.6337 -.25 -4.5407 -21.6124 -.25 -5.2275
3 0 -26.5041 -.25 -2.7622 -21.7491 -.25 -4.3834 -21.7955 -.25 -4.1939
3 0 -26.5041 -.25 -2.7622 -21.7955 -.25 -4.1939 -21.7658 -.25 -4.0011
4 0 -26.9966 -.25 1.6902 -28.9268 -.25 .5114 -26.9946 -.25 .2725 -26.8936 -.25 .5134
3 0 -31.297 -.25 -3.6713 -31.9195 -.25 -3.8096 -31.5564 -.25 -4.5471
3 0 -32.6228 -.25 -8.1471 -35.3277 -.25 -15.3154 -32.9175 -.25 -9.1419
3 0 5.5285 -.25 -4.7731 5.3602 -.25 -5.9625 6.0861 -.25 -5.3554
3 0 -12.5117 -.25 -13.8076 -11.1362 -.25 -14.6493 -10.9918 -.25 -14.5878
3 0 -10.4604 -.25 -11.0956 -9.8375 -.25 -11.7852 -9.9607 -.25 -11.3307
3 0 -7.6995 -.25 -10.0959 -7.7213 -.25 -10.3736 -5.7668 -.25 -9.0043
4 0 -5.0007 -.25 -9.2749 -5.7668 -.25 -9.0043 -4.4393 -.25 -10.1483 -4.5102 -.25 -9.8737
4 0 -34.4513 -.25 13.2776 -34.6553 -.25 15.6094 -36.3924 -.25 13.6735 -35.9586 -.25 13.4605
3 0 -45.5748 -.25 -14.3395 -45.8825 -.25 -14.6367 -45.6062 -.25 -14.7744
3 0 -8.2254 -.25 -8.0248 -8.0632 -.25 -8.4563 -7.9147 -.25 -8.0723
3 0 -7.9147 -.25 -8.0723 -8.0632 -.25 -8.4563 -6.9653 -.25 -8.2174
4 0 -38.6274 -.25 -5.6815 -37.1646 -.25 -1.0565 -37.4894 -.25 -1.8665 -38.3292 -.25 -4.6748
3 0 -20.1237 -.25 1.6799 -20.3635 -.25 -.1484 -20.1583 -.25 .4155
3 0 -20.1237 -.25 1.6799 -20.5858 -.25 -.7592 -20.3635 -.25 -.1484
3 0 24.6708 -.25 16.6298 24.1 -.25 16.6298 14.0212 -.25 14.0391
3 4 -46.8818 -.25 -14.3044 -55 -.25 -22 -46.9642 -.25 -14.5009
3 4 -22.4743 -.25 -15.5255 -22.9119 -.25 -16.0611 -22.7783 -.25 -16.0353
3 4 -22.4743 -.25 -15.5255 -22.7783 -.25 -16.0353 -21.8478 -.25 -16.0502
3 4 -19.6087 -.25 -15.3673 -20.8975 -.25 -16.2881 -19.6529 -.25 -15.93
3 4 -19.6529 -.25 -15.93 -20.8975 -.25 -16.2881 -19.6367 -.25 -16.0892
4 4 -18.0619 -.25 -13.1798 -18.6512 -.25 -13.6103 -18.9887 -.25 -14.3452 -18.4552 -.25 -13.9553
4 4 -14.3539 -.25 -14.9076 -14.2623 -.25 -15.2618 -12.4033 -.25 -14.7601 -13.0106 -.25 -14.6191
3 4 -12.4033 -.25 -14.7601 -14.2623 -.25 -15.2618 -11.764 -.25 -14.7704
3 4 -10.7135 -.25 -14.5685 -10.9918 -.25 -14.5878 -11.1362 -.25 -14.6493
3 4 -9.3072 -.25 -11.7282 -9.8375 -.25 -11.7852 -9.612 -.25 -12.1361
3 4 -6.3987 -.25 -11.5798 -4.4693 -.25 -13.747 -5.9695 -.25 -11.5867
3 4 -9.5246 -.25 -13.1343 -9.7285 -.25 -13.6208 -4.4693 -.25 -13.747
3 4 -9.7285 -.25 -13.6208 -10.0826 -.25 -14.0542 -4.4693 -.25 -13.747
3 4 -4.4693 -.25 -13.747 -10.0826 -.25 -14.0542 -10.5627 -.25 -14.405
3 4 -5.548 -.25 -11.5054 -5.9695 -.25 -11.5867 -4.4693 -.25 -13.747
4 4 1.354 -.25 -11.6215 -4.8406 -.25 -11.1059 -5.1629 -.25 -11.3414 -2.2094 -.25 -13.3975
3 4 1.354 -.25 -11.6215 -2.2094 -.25 -13.3975 1.4237 -.25 -12.4185
3 4 2.4697 -.25 -12.327 1.4237 -.25 -12.4185 -2.2094 -.25 -13.3975
4 4 -46.8325 -.25 -7.2867 -47.3806 -.25 -7.1594 -46.9817 -.25 -10.4772 -46.2913 -.25 -7.5745
4 4 -45.8952 -.25 -6.1974 -46.3294 -.25 -6.9132 -46.3603 -.25 -7.3073 -46.2913 -.25 -7.5745
3 4 -48.9174 -.25 1.9988 -48.8445 -.25 1.1653 -48.8113 -.25 1.5882
3 4 -49.7993 -.25 -.0356 -60.8607 -.25 -14.1393 -50.3551 -.25 -2.3006
3 4 -46.6113 -.25 -1.1618 -46.8147 -.25 -1.9909 -46.6445 -.25 -1.5847
3 4 -30.2691 -.25 -3.897 -30.2303 -.25 -4.3411 -30.1915 -.25 -4.114
3 4 -44.4135 -.25 8.091 -44.756 -.25 7.3079 -44.4841 -.25 7.6772
3 4 -42.2023 -.25 -15.842 -42.4583 -.25 -15.9893 -41.1553 -.25 -17.2406
4 4 -36.5059 -.25 -16.4593 -39.076 -.25 -15.8917 -38.6198 -.25 -16.3268 -37.9711 -.25 -16.5875
3 4 -22.2485 -.25 -13.582 -22.1198 -.25 -14.0804 -21.6556 -.25 -13.8732
3 4 8.4475 -.25 -9.0733 8.4911 -.25 -9.5714 10 -.25 -10
3 4 66.3 -.25 -2.8005 10 -.25 -10 6 -.25 -12
3 4 66.3 -.25 -2.8005 6 -.25 -12 -2.2094 -.25 -13.3975
4 4 -44.646 -.25 -16.0474 -45.6062 -.25 -14.7744 -45.8825 -.25 -14.6367 -55 -.25 -22
3 4 -4.4693 -.25 -13.747 -10.7135 -.25 -14.5685 -11.1362 -.25 -14.6493
4 15 14.1098 -.25 17.5072 12.6962 -.25 21.8892 12.2295 -.25 19.9615 12.6732 -.25 18.6428
3 15 12.4176 -.25 17.7798 13.0837 -.25 15.0995 13.1724 -.25 17.1591
3 15 11.7466 -.25 18.3316 13.0837 -.25 15.0995 12.4176 -.25 17.7798
3 15 10.4736 -.25 16.4984 11.1804 -.25 14.3074 12.0788 -.25 14.8757
3 15 9.6079 -.25 6.5339 8.4644 -.25 6.1947 8.7095 -.25 5.9657
3 15 7.1369 -.25 -1.8078 5.9935 -.25 -2.147 6.2385 -.25 -2.376
4 15 6.5328 -.25 3.8988 8.0458 -.25 1.2604 8.3866 -.25 2.411 6.7814 -.25 4.0338
3 15 8.6425 -.25 22.4641 9.2658 -.25 22.2795 11.5065 -.25 22.4501
3 15 11.5065 -.25 22.4501 9.2658 -.25 22.2795 10.6081 -.25 21.8819
3 15 7.164 -.25 15.1842 8.5543 -.25 14.7724 9.3338 -.25 15.1152
3 15 6.0422 -.25 11.3969 7.8995 -.25 10.2731 7.4325 -.25 10.9851
3 15 6.9354 -.25 9.3072 6.1544 -.25 6.6704 7.5587 -.25 9.1225
3 15 5.9414 -.25 5.9513 5.1603 -.25 3.3145 5.7836 -.25 3.1299
3 15 5.5706 -.25 2.4108 3.344 -.25 2.2881 4.7343 -.25 1.8763
3 15 .9682 -.25 3.7741 1.3785 -.25 2.8704 2.7208 -.25 2.4727
3 15 -7.6611 -.25 7.9985 -10.472 -.25 7.5849 -10.0022 -.25 7.4139
3 15 -7.6611 -.25 7.9985 -10.0022 -.25 7.4139 -8.0929 -.25 6.6658
3 15 -11.0877 -.25 5.8935 -9.2001 -.25 3.7699 -10.6178 -.25 5.7225
3 15 -10.6178 -.25 5.7225 -9.2001 -.25 3.7699 -8.7384 -.25 5.0384
3 15 -11.7995 -.25 -3.3718 -14.6105 -.25 -3.7853 -14.1406 -.25 -3.9564
3 15 -11.7995 -.25 -3.3718 -14.1406 -.25 -3.9564 -12.2612 -.25 -4.6404
3 15 -15.2261 -.25 -5.4768 -13.3386 -.25 -7.6004 -14.7562 -.25 -5.6478
3 15 -14.7562 -.25 -5.6478 -13.3386 -.25 -7.6004 -12.8769 -.25 -6.3318
3 15 -14.5429 -.25 .8034 -15.4082 -.25 .0168 -14.7379 -.25 .2676
3 15 -14.7325 -.25 .0084 -15.8699 -.25 -1.2518 -14.6443 -.25 -.1956
3 15 -14.5155 -.25 -.3081 -13.7086 -.25 -2.0384 -13.7167 -.25 -.5989
3 15 -13.4773 -.25 .0589 -13.2469 -.25 -.7699 -13.0075 -.25 -.1121
3 15 -17.4221 -.25 7.933 -17.1105 -.25 7.1811 -17.0421 -.25 7.369
3 15 -16.9611 -.25 6.8606 -16.9954 -.25 6.1814 -16.7731 -.25 6.7922
3 15 -14.9368 -.25 5.1129 -15.142 -.25 4.5491 -14.4199 -.25 4.9248
3 15 -14.4199 -.25 4.9248 -15.142 -.25 4.5491 -15.3472 -.25 3.9853
3 15 -19.3032 -.25 2.7647 -19.5255 -.25 2.1539 -17.9407 -.25 2.2688
3 15 -20.1583 -.25 .4155 -20.3635 -.25 -.1484 -19.4535 -.25 .1589
3 15 -16.968 -.25 -2.0759 -18.6767 -.25 -2.0925 -17.643 -.25 -2.4687
3 15 -20.5858 -.25 -.7592 -20.3212 -.25 -1.494 -19.0526 -.25 -1.9557
3 15 -12.3764 -.25 10.2468 -12.5986 -.25 10.2213 -12.5388 -.25 10.0931
3 15 -15.4671 -.25 12.0565 -16.138 -.25 11.5627 -12.7224 -.25 10.3195
3 15 -18.9854 -.25 8.6084 -19.1863 -.25 8.2026 -18.5839 -.25 8.2495
3 15 -19.2808 -.25 -7.9917 -19.4571 -.25 -8.2616 -19.1746 -.25 -8.4018
3 15 -13.8651 -.25 -11.2398 -15.2409 -.25 -12.3885 -13.4595 -.25 -12.026
3 15 -16.1627 -.25 -9.0734 -16.0775 -.25 -10.0089 -15.7998 -.25 -9.6843
3 15 -9.7247 -.25 -7.9048 -9.8743 -.25 -8.1696 -9.6821 -.25 -8.0799
4 15 -9.9725 -.25 -7.7082 -11.301 -.25 -7.7035 -11.8734 -.25 -7.8144 -11.1901 -.25 -8.276
3 15 -13.5402 -.25 -10.3471 -13.6086 -.25 -10.5351 -13.2241 -.25 -10.3558
3 15 -31.1884 -.25 2.1794 -33.0633 -.25 1.4833 -31.87 -.25 -.1217
3 15 -39.809 -.25 6.3495 -40.1072 -.25 5.3428 -37.8061 -.25 4.6611
3 15 -37.9119 -.25 .2704 -37.9138 -.25 -.2623 -36.9958 -.25 -.2003
3 15 -41.421 -.25 1.1105 -40.6849 -.25 .5585 -40.3963 -.25 1.0063
4 15 -41.7458 -.25 .3005 -41.9145 -.25 -.5557 -40.9985 -.25 -1.0264 -40.9965 -.25 -.4937
3 15 -43.2119 -.25 -7.9725 -44.0746 -.25 -8.0508 -43.2138 -.25 -8.5052
3 15 -34.271 -.25 5.8564 -33.898 -.25 3.2428 -33.756 -.25 3.7222
3 15 -34.271 -.25 5.8564 -34.8636 -.25 -.0172 -34.7216 -.25 .4622
3 15 -35.2755 -.25 -1.4075 -36.8698 -.25 -2.9168 -35.4175 -.25 -1.8869
3 15 -36.8698 -.25 -2.9168 -36.2979 -.25 -4.8593 -36.1559 -.25 -4.3798
3 15 -36.8698 -.25 -2.9168 -36.6955 -.25 -6.2016 -36.2979 -.25 -4.8593
3 15 -36.8698 -.25 -2.9168 -36.8375 -.25 -6.681 -36.6955 -.25 -6.2016
3 15 -36.8698 -.25 -2.9168 -37.4624 -.25 -8.7904 -36.8375 -.25 -6.681
3 15 -37.5334 -.25 -9.0301 -39.8377 -.25 -12.9365 -38.1014 -.25 -10.9478
3 15 -38.1014 -.25 -10.9478 -39.8377 -.25 -12.9365 -38.2434 -.25 -11.4272
3 15 -42.8943 -.25 -1.6016 -46.7376 -.25 -11.9356 -45.7345 -.25 -11.1898
3 15 -29.2213 -.25 5.2992 -30.9754 -.25 2.8985 -31.1884 -.25 2.1794
3 15 -29.2213 -.25 5.2992 -31.1884 -.25 2.1794 -31.87 -.25 -.1217
3 15 -32.0831 -.25 -.8409 -32.8925 -.25 -3.5735 -31.9195 -.25 -3.8096
3 15 -32.8925 -.25 -3.5735 -33.1197 -.25 -4.3406 -31.9195 -.25 -3.8096
3 15 -31.9195 -.25 -3.8096 -33.1197 -.25 -4.3406 -33.915 -.25 -7.0252
3 15 -31.9195 -.25 -3.8096 -33.915 -.25 -7.0252 -34.128 -.25 -7.7444
3 15 -31.9195 -.25 -3.8096 -34.128 -.25 -7.7444 -34.6108 -.25 -9.3744
3 15 -34.7528 -.25 -9.8538 -35.3208 -.25 -11.7714 -35.3277 -.25 -15.3154
3 15 -35.3208 -.25 -11.7714 -35.4628 -.25 -12.2508 -35.3277 -.25 -15.3154
4 15 -14.2126 -.25 -15.4541 -10.6158 -.25 -15.6293 -8.5238 -.25 -15.4463 -14.2623 -.25 -15.2618
4 15 -8.5238 -.25 -15.4463 -4.5901 -.25 -13.8949 -4.4693 -.25 -13.747 -14.2623 -.25 -15.2618
3 15 -3.8709 -.25 -15.5267 -6.288 -.25 -16.907 -3.4832 -.25 -15.6167
3 15 -4.2117 -.25 -15.3594 -6.288 -.25 -16.907 -3.8709 -.25 -15.5267
3 15 -11.6333 -.25 -20.5574 -12.0268 -.25 -21.039 -6.9408 -.25 -20.9105
4 15 -17.8364 -.25 -20.1872 -16.7587 -.25 -19.3673 -16.5322 -.25 -18.8268 -16.7453 -.25 -17.8349
3 15 -15.8736 -.25 -21.3755 -16.2701 -.25 -22 -15.2805 -.25 -21.6668
3 15 -15.2805 -.25 -21.6668 -16.2701 -.25 -22 -14.6057 -.25 -21.8235
4 15 3.2411 -.25 -21.7386 1.7064 -.25 -19.4683 .3615 -.25 -19.586 2.9702 -.25 -21.8539
3 15 9.7143 -.25 -20.3102 8.9423 -.25 -20.3777 14.1 -.25 -22
3 15 15.6 -.25 -14.5 9.6098 -.25 -19.1147 9.6621 -.25 -19.7125
3 15 6.9074 -.25 -16.3945 5.961 -.25 -16.4773 8.0657 -.25 -19.2498
3 15 -19.3243 -.25 -19.9755 -19.3687 -.25 -20.0298 -19.2778 -.25 -20.0123
3 15 -23.0382 -.25 -10.7363 -25.4639 -.25 -10.8615 -23.2884 -.25 -11.3334
3 15 -22.7937 -.25 -10.4371 -25.4639 -.25 -10.8615 -23.0382 -.25 -10.7363
3 15 -23.2884 -.25 -11.3334 -24.9228 -.25 -11.5524 -24.0713 -.25 -11.7501
3 15 -23.2884 -.25 -11.3334 -24.0713 -.25 -11.7501 -23.3371 -.25 -11.9549
3 15 -24.0713 -.25 -11.7501 -23.2872 -.25 -12.1484 -23.3371 -.25 -11.9549
3 15 -6.9653 -.25 -8.2174 -7.0026 -.25 -9.2428 -6.6175 -.25 -9.0787
3 15 -6.9653 -.25 -8.2174 -6.6175 -.25 -9.0787 -6.196 -.25 -8.9974
3 15 6.523 -.25 -7.0493 .0882 -.25 -8.2254 -.3 -.25 -8.467
3 15 6.523 -.25 -7.0493 .3326 -.25 -7.8934 .0882 -.25 -8.2254
3 15 5.3602 -.25 -5.9625 .269 -.25 -7.1659 .3961 -.25 -7.5213
3 15 5.3602 -.25 -5.9625 -.1404 -.25 -6.8367 -.0294 -.25 -6.8814
3 15 5.3602 -.25 -5.9625 -.0294 -.25 -6.8814 .269 -.25 -7.1659
3 27 -40.1563 -.25 15.8973 -40.5774 -.25 15.4284 -39.8352 -.25 15.5366
3 27 -37.6153 -.25 15.3504 -38.1369 -.25 15.3305 -37.5336 -.25 15.0343
3 27 -36.3924 -.25 13.6735 -36.2703 -.25 13.2011 -35.9586 -.25 13.4605
3 27 -36.6022 -.25 11.8484 -36.9008 -.25 11.4829 -36.3034 -.25 11.5676
3 27 -34.1672 -.25 11.9127 -34.7736 -.25 11.2979 -34.2153 -.25 11.3004
3 27 -34.2153 -.25 11.3004 -34.7736 -.25 11.2979 -34.1253 -.25 10.9521
4 27 -31.9899 -.25 14.6677 -32.4181 -.25 14.1437 -32.912 -.25 13.4492 -32.2185 -.25 13.7446
4 27 -31.7434 -.25 15.256 -28.8257 -.25 16.4076 -31.3162 -.25 16.1897 -31.6954 -.25 15.8683
3 27 -25.6735 -.25 22.2387 -26.6838 -.25 20.6103 -25.5428 -.25 20.7444
4 27 -29.3308 -.25 22.6258 -25.6735 -.25 22.2387 -23.7807 -.25 22.4043 -29.385 -.25 22.8421
3 27 -18.6415 -.25 12.7668 -21.0816 -.25 11.7672 -18.5525 -.25 12.3732
3 27 -18.5525 -.25 12.3732 -21.0816 -.25 11.7672 -18.4522 -.25 12.1939
3 27 -22.9552 -.25 12.4755 -22.7259 -.25 12.1087 -22.0796 -.25 12.0983
3 27 -28.3434 -.25 11.206 -28.655 -.25 10.5381 -24.5766 -.25 11.2
4 27 -12.8935 -.25 25.8547 -16.865 -.25 23.8333 -10.3072 -.25 22.2046 -10.3573 -.25 22.7775
4 27 -13.2584 -.25 25.8776 -13.5838 -.25 26.0212 -18.2428 -.25 24.6664 -16.9477 -.25 24.7797
4 27 -16.865 -.25 23.8333 -13.6877 -.25 20.8297 -10.257 -.25 21.6318 -10.3072 -.25 22.2046
4 27 6.359 -.25 24.9657 21.6 -.25 33.1 -2.6654 -.25 21.1472 -1.719 -.25 21.2299
3 27 -14.6017 -.25 13.7568 -15.5483 -.25 13.6626 -15.29 -.25 13.3937
3 27 -15.948 -.25 13.9229 -15.5483 -.25 13.6626 -14.6017 -.25 13.7568
4 27 -6.1542 -.25 17.797 -10.465 -.25 15.6833 -10.3822 -.25 14.7369 -9.5828 -.25 13.6333
3 27 -5.4778 -.25 18.3832 -5.432 -.25 17.8602 3.6377 -.25 15.7789
4 27 4.6407 -.25 19.1648 -1.5882 -.25 19.7357 -2.5346 -.25 19.6529 3.6377 -.25 15.7789
3 27 -28.894 -.25 4.7163 -27.4219 -.25 3.8525 -27.1816 -.25 4.426
3 27 -26.7641 -.25 4.937 -28.894 -.25 4.7163 -27.1816 -.25 4.426
3 27 -26.2927 -.25 5.2814 -28.894 -.25 4.7163 -26.7641 -.25 4.937
3 27 -22.795 -.25 1.7913 -22.9675 -.25 1.6653 -22.8464 -.25 1.5709
4 27 1.6301 -.25 9.0014 .2936 -.25 9.5219 -.3539 -.25 9.4653 .8775 -.25 6.4605
4 27 2.3728 -.25 11.5086 .8539 -.25 10.5748 .8975 -.25 10.0767 2.1413 -.25 10.7272
3 27 2.3728 -.25 11.5086 .2064 -.25 10.5181 .8539 -.25 10.5748
3 27 24.6708 -.25 16.6298 14.0212 -.25 14.0391 13.7373 -.25 13.0807
3 27 31.6 -.25 12 10.4742 -.25 6.2898 45.8491 -.25 11.9709
3 27 -25.1116 -.25 -9.672 -25.4639 -.25 -10.8615 -24.9056 -.25 -9.7732
4 27 -21.3119 -.25 -9.0798 -20.5398 -.25 -9.3253 -20.0259 -.25 -9.3336 -20.9154 -.25 -8.5944
3 27 -36.8813 -.25 17.6076 -37.3207 -.25 16.551 -36.8926 -.25 17.075
3 27 6.359 -.25 24.9657 11.2969 -.25 23.503 11.5525 -.25 24.366
4 27 24.1 -.25 30.6 21.6 -.25 33.1 6.359 -.25 24.9657 11.5525 -.25 24.366
4 0 11.5065 -.25 22.4501 11.7303 -.25 21.4452 12.0427 -.25 22.4999 11.2969 -.25 23.503
4 0 10.9918 -.25 18.9523 11.7303 -.25 21.4452 11.5065 -.25 22.4501 10.0012 -.25 17.3684
4 0 10.9918 -.25 18.9523 11.7466 -.25 18.3316 12.2295 -.25 19.9615 11.7303 -.25 21.4452
4 0 10.509 -.25 17.3223 10.9918 -.25 18.9523 10.0012 -.25 17.3684 9.7633 -.25 16.9174
4 0 10.225 -.25 16.3634 10.4736 -.25 16.4984 10.509 -.25 17.3223 9.7633 -.25 16.9174
4 0 10.4736 -.25 16.4984 12.0788 -.25 14.8757 13.0837 -.25 15.0995 10.509 -.25 17.3223
4 0 12.6962 -.25 21.8892 13.5129 -.25 22.5337 11.2969 -.25 23.503 12.0427 -.25 22.4999
3 0 11.5525 -.25 24.366 11.2969 -.25 23.503 13.5129 -.25 22.5337
4 0 14.1098 -.25 17.5072 15.0305 -.25 17.6279 13.5129 -.25 22.5337 12.6962 -.25 21.8892
3 0 13.4282 -.25 15.206 13.0837 -.25 15.0995 14.0212 -.25 14.0391
4 0 13.037 -.25 13.8253 13.7373 -.25 13.0807 14.0212 -.25 14.0391 13.0837 -.25 15.0995
4 0 9.3621 -.25 16.6191 9.1509 -.25 15.3779 10.225 -.25 16.3634 9.7633 -.25 16.9174
4 0 9.2523 -.25 12.3755 9.6536 -.25 12.6738 9.2594 -.25 13.1035 9.0037 -.25 12.2405
4 0 9.2523 -.25 12.3755 10.8575 -.25 10.7527 10.4704 -.25 11.9104 9.6536 -.25 12.6738
4 0 11.1804 -.25 14.3074 10.3636 -.25 15.0709 9.6536 -.25 12.6738 10.4704 -.25 11.9104
4 0 8.4323 -.25 8.5509 9.2491 -.25 7.7875 9.9591 -.25 10.1845 9.1423 -.25 10.9479
3 0 8.4323 -.25 8.5509 8.0026 -.25 8.1567 9.6079 -.25 6.5339
4 0 9.8067 -.25 7.2051 9.2491 -.25 7.7875 8.4323 -.25 8.5509 9.6079 -.25 6.5339
4 0 7.5587 -.25 9.1225 7.7541 -.25 8.0217 8.4323 -.25 8.5509 8.0381 -.25 8.9805
3 0 8.4323 -.25 8.5509 7.7541 -.25 8.0217 8.0026 -.25 8.1567
4 0 7.7259 -.25 5.1098 8.1377 -.25 6.5001 7.8927 -.25 6.7291 7.1826 -.25 4.3321
4 0 7.1826 -.25 4.3321 7.9994 -.25 3.5686 8.0526 -.25 4.8044 7.7259 -.25 5.1098
4 0 8.7095 -.25 5.9657 8.4644 -.25 6.1947 8.0526 -.25 4.8044 7.9994 -.25 3.5686
4 0 6.7884 -.25 4.7617 6.5328 -.25 3.8988 6.7814 -.25 4.0338 7.1826 -.25 4.3321
3 0 7.1826 -.25 4.3321 6.7814 -.25 4.0338 8.3866 -.25 2.411
4 0 8.557 -.25 2.9863 7.9994 -.25 3.5686 7.1826 -.25 4.3321 8.3866 -.25 2.411
4 0 6.6714 -.25 2.6062 5.9614 -.25 .2091 7.8988 -.25 -2.4046 8.0458 -.25 1.2604
3 0 5.5672 -.25 .6388 5.5317 -.25 -.1851 7.1369 -.25 -1.8078
4 0 7.8988 -.25 -2.4046 5.9614 -.25 .2091 5.5672 -.25 .6388 7.1369 -.25 -1.8078
4 0 5.4217 -.25 -1.6126 4.7117 -.25 -4.0097 5.255 -.25 -3.2319 5.6668 -.25 -1.8416
4 0 4.7117 -.25 -4.0097 5.5285 -.25 -4.7731 5.5817 -.25 -3.5373 5.255 -.25 -3.2319
4 0 5.5817 -.25 -3.5373 5.5285 -.25 -4.7731 6.2385 -.25 -2.376 5.9935 -.25 -2.147
4 0 3.2148 -.25 -3.2534 3.5825 -.25 -4.3009 4.7117 -.25 -4.0097 3.8381 -.25 -3.438
3 0 3.8381 -.25 -3.438 4.7117 -.25 -4.0097 4.3175 -.25 -3.58
4 0 -.7643 -.25 -2.0747 1.6827 -.25 -3.7382 3.5825 -.25 -4.3009 -.141 -.25 -2.2593
4 0 1.3785 -.25 2.8704 -.141 -.25 -2.2593 1.5989 -.25 -1.3146 2.7208 -.25 2.4727
3 0 2.2222 -.25 -1.4992 3.5825 -.25 -4.3009 3.2148 -.25 -3.2534
4 0 4.7343 -.25 1.8763 3.344 -.25 2.2881 2.2222 -.25 -1.4992 3.2148 -.25 -3.2534
4 0 11.2969 -.25 23.503 6.359 -.25 24.9657 6.9042 -.25 23.8134 11.5065 -.25 22.4501
4 0 6.359 -.25 24.9657 5.5779 -.25 22.3289 6.6769 -.25 23.0464 6.9042 -.25 23.8134
4 0 7.3997 -.25 21.7893 8.6425 -.25 22.4641 6.6769 -.25 23.0464 5.5779 -.25 22.3289
4 0 7.4954 -.25 18.5916 8.6425 -.25 22.4641 7.3997 -.25 21.7893 6.7465 -.25 19.584
4 0 5.2711 -.25 18.3002 7.4954 -.25 18.5916 6.7465 -.25 19.584 4.6407 -.25 19.1648
3 0 4.7882 -.25 16.6702 3.6377 -.25 15.7789 4.5752 -.25 15.9511
4 0 9.2658 -.25 22.2795 8.0161 -.25 18.0607 9.3584 -.25 17.6631 10.6081 -.25 21.8819
4 0 9.3584 -.25 17.6631 8.0161 -.25 18.0607 8.0268 -.25 17.7447 9.1774 -.25 17.4038
4 0 8.0268 -.25 17.7447 8.2914 -.25 17.4055 8.7708 -.25 17.2635 9.1774 -.25 17.4038
4 0 7.3716 -.25 17.4694 7.3335 -.25 17.8086 5.0155 -.25 17.4373 4.7882 -.25 16.6702
4 0 8.1503 -.25 16.6651 7.7472 -.25 16.8888 4.7882 -.25 16.6702 9.1509 -.25 15.3779
4 0 7.164 -.25 15.1842 6.0422 -.25 11.3969 7.4325 -.25 10.9851 8.5543 -.25 14.7724
4 0 8.0381 -.25 8.9805 9.0037 -.25 12.2405 7.8995 -.25 10.2731 7.5587 -.25 9.1225
4 0 7.603 -.25 10.1524 6.9354 -.25 9.3072 7.5587 -.25 9.1225 7.8995 -.25 10.2731
4 0 9.3338 -.25 15.1152 7.8995 -.25 10.2731 9.0037 -.25 12.2405 9.2594 -.25 13.1035
4 0 6.7884 -.25 4.7617 7.7541 -.25 8.0217 7.5587 -.25 9.1225 5.7836 -.25 3.1299
4 0 5.7836 -.25 3.1299 5.5706 -.25 2.4108 6.5328 -.25 3.8988 6.7884 -.25 4.7617
4 0 5.2831 -.25 -.32 5.5317 -.25 -.1851 5.5672 -.25 .6388 5.5706 -.25 2.4108
4 0 3.8381 -.25 -3.438 4.3175 -.25 -3.58 5.2831 -.25 -.32 5.5706 -.25 2.4108
4 0 3.2404 -.25 11.4446 2.1413 -.25 10.7272 6.0246 -.25 9.577 7.603 -.25 10.1524
4 0 6.0246 -.25 9.577 5.5133 -.25 7.8511 6.9354 -.25 9.3072 7.603 -.25 10.1524
4 0 5.5133 -.25 7.8511 1.6301 -.25 9.0014 2.1753 -.25 7.8491 6.1544 -.25 6.6704
4 0 1.9623 -.25 7.1299 2.1753 -.25 7.8491 1.6301 -.25 9.0014 .8775 -.25 6.4605
4 0 -11.3834 -.25 .0825 -11.5122 -.25 .1951 -11.7688 -.25 -.5097 -11.2952 -.25 -.1215
4 0 -12.0253 -.25 -1.2145 -11.8542 -.25 -1.2111 -11.7688 -.25 -.5097 -12.3542 -.25 -1.0948
4 0 -11.7688 -.25 -.5097 -11.8542 -.25 -1.2111 -11.6555 -.25 -1.1115 -11.4848 -.25 -.9165
4 0 -11.7688 -.25 -.5097 -11.4848 -.25 -.9165 -11.2898 -.25 -.3807 -11.2952 -.25 -.1215
4 0 -14.5429 -.25 .8034 -14.2589 -.25 .3966 -14.0024 -.25 1.1014 -14.3722 -.25 .9985
3 0 -14.0024 -.25 1.1014 -14.1735 -.25 1.098 -14.3722 -.25 .9985
4 0 -14.2589 -.25 .3966 -14.7325 -.25 .0084 -14.6443 -.25 -.1956 -14.5155 -.25 -.3081
4 0 -14.2589 -.25 .3966 -14.5429 -.25 .8034 -14.7379 -.25 .2676 -14.7325 -.25 .0084
4 0 -11.5122 -.25 .1951 -13.4773 -.25 .0589 -13.0075 -.25 -.1121 -11.7688 -.25 -.5097
4 0 -13.4773 -.25 .0589 -11.5122 -.25 .1951 -14.0024 -.25 1.1014 -14.2589 -.25 .3966
4 0 -13.4773 -.25 .0589 -14.2589 -.25 .3966 -14.5155 -.25 -.3081 -13.7167 -.25 -.5989
4 0 -13.2469 -.25 -.7699 -13.7086 -.25 -2.0384 -12.8159 -.25 -2.3634 -12.3542 -.25 -1.0948
4 0 -12.3984 -.25 8.2861 -13.014 -.25 6.5946 -11.0877 -.25 5.8935 -10.472 -.25 7.5849
4 0 -13.4757 -.25 5.326 -13.6981 -.25 4.7152 -9.4225 -.25 3.1591 -9.2001 -.25 3.7699
4 0 -7.6611 -.25 7.9985 -8.0929 -.25 6.6658 -7.8283 -.25 5.931 -7.4044 -.25 7.0955
4 0 -8.0929 -.25 6.6658 -10.0022 -.25 7.4139 -9.6607 -.25 6.5979 -7.8283 -.25 5.931
4 0 -10.0022 -.25 7.4139 -10.6178 -.25 5.7225 -9.8317 -.25 6.1281 -9.6607 -.25 6.5979
4 0 -8.7384 -.25 5.0384 -7.9993 -.25 5.4611 -9.8317 -.25 6.1281 -10.6178 -.25 5.7225
4 0 -9.2001 -.25 3.7699 -9.6068 -.25 1.0446 -7.9993 -.25 5.4611 -8.7384 -.25 5.0384
4 0 -9.2001 -.25 3.7699 -9.4225 -.25 3.1591 -9.7477 -.25 1.0959 -9.6068 -.25 1.0446
3 0 -9.4225 -.25 3.1591 -9.8842 -.25 1.8905 -9.7477 -.25 1.0959
4 0 -10.8626 -.25 1.3952 -10.6193 -.25 1.2098 -9.7477 -.25 1.0959 -9.8842 -.25 1.8905
3 0 -9.7265 -.25 .7157 -10.4234 -.25 .5407 -10.5169 -.25 .152
4 0 -10.4637 -.25 .9137 -10.4234 -.25 .5407 -9.7265 -.25 .7157 -9.7477 -.25 1.0959
4 0 -10.5169 -.25 .152 -11.2352 -.25 -1.8213 -10.8722 -.25 -2.4323 -9.7265 -.25 .7157
4 0 -11.4134 -.25 -2.1792 -11.0218 -.25 -2.6971 -10.8722 -.25 -2.4323 -11.2352 -.25 -1.8213
3 0 -11.4134 -.25 -2.1792 -11.684 -.25 -2.439 -11.0218 -.25 -2.6971
4 0 -11.0218 -.25 -2.6971 -11.684 -.25 -2.439 -11.9936 -.25 -2.5658 -11.2483 -.25 -2.8807
4 0 -11.7995 -.25 -3.3718 -12.2991 -.25 -2.5515 -12.8159 -.25 -2.3634 -16.0751 -.25 -1.8156
4 0 -13.7286 -.25 2.4384 -10.8626 -.25 1.3952 -9.8842 -.25 1.8905 -14.1598 -.25 3.4467
4 0 -14.6143 -.25 2.0661 -14.3437 -.25 2.326 -14.1598 -.25 3.4467 -15.0356 -.25 3.2333
4 0 -16.5368 -.25 -3.0842 -17.1525 -.25 -4.7756 -15.2261 -.25 -5.4768 -14.6105 -.25 -3.7853
4 0 -13.5025 -.25 9.109 -13.5257 -.25 9.2038 -13.5834 -.25 9.2824 -13.5174 -.25 9.0126
4 0 -13.5174 -.25 9.0126 -13.5834 -.25 9.2824 -13.6668 -.25 9.333 -13.6542 -.25 8.6367
4 0 -13.9746 -.25 8.4873 -13.7048 -.25 8.5533 -13.6542 -.25 8.6367 -13.6668 -.25 9.333
4 0 -13.7048 -.25 8.5533 -13.9746 -.25 8.4873 -13.8782 -.25 8.4725 -13.7835 -.25 8.4957
4 0 -15.7811 -.25 10.1026 -16.0889 -.25 9.2569 -13.9746 -.25 8.4873 -13.6668 -.25 9.333
4 0 -15.8775 -.25 10.1174 -15.9723 -.25 10.0942 -16.0509 -.25 10.0366 -16.1015 -.25 9.9532
4 0 -15.7811 -.25 10.1026 -15.8775 -.25 10.1174 -16.1015 -.25 9.9532 -16.2383 -.25 9.5773
4 0 -16.0889 -.25 9.2569 -15.7811 -.25 10.1026 -16.2383 -.25 9.5773 -16.2532 -.25 9.4809
4 0 -16.2532 -.25 9.4809 -16.23 -.25 9.3861 -16.1723 -.25 9.3075 -16.0889 -.25 9.2569
3 0 -16.892 -.25 9.3895 -17.7807 -.25 8.702 -16.9217 -.25 9.1967
3 0 -16.8753 -.25 9.0072 -17.4221 -.25 7.933 -17.3209 -.25 8.0998
4 0 -17.7807 -.25 8.702 -17.4221 -.25 7.933 -16.8753 -.25 9.0072 -16.9217 -.25 9.1967
4 0 -16.8753 -.25 9.0072 -17.3209 -.25 8.0998 -17.1636 -.25 8.2151 -16.7599 -.25 8.8499
4 0 -16.9741 -.25 8.2615 -16.5931 -.25 8.7487 -16.7599 -.25 8.8499 -17.1636 -.25 8.2151
4 0 -14.1031 -.25 7.2571 -13.915 -.25 7.7739 -16.5931 -.25 8.7487 -16.7813 -.25 8.2318
4 0 -13.2742 -.25 8.0727 -13.3754 -.25 7.906 -13.7746 -.25 6.809 -13.8043 -.25 6.6162
4 0 -13.821 -.25 6.9985 -13.7746 -.25 6.809 -13.3754 -.25 7.906 -13.5327 -.25 7.7906
4 0 -13.9363 -.25 7.1559 -13.821 -.25 6.9985 -13.5327 -.25 7.7906 -13.7222 -.25 7.7442
4 0 -13.7222 -.25 7.7442 -13.915 -.25 7.7739 -14.1031 -.25 7.2571 -13.9363 -.25 7.1559
4 0 -11.9367 -.25 9.5547 -12.834 -.25 9.3932 -12.8637 -.25 9.2004 -12.3984 -.25 8.2861
4 0 -13.2742 -.25 8.0727 -13.014 -.25 6.5946 -12.3984 -.25 8.2861 -12.8637 -.25 9.2004
4 0 -13.014 -.25 6.5946 -13.2742 -.25 8.0727 -13.8043 -.25 6.6162 -13.4757 -.25 5.326
4 0 -14.1463 -.25 5.6765 -13.6981 -.25 4.7152 -13.4757 -.25 5.326 -13.8043 -.25 6.6162
3 0 -14.1463 -.25 5.6765 -14.2475 -.25 5.5097 -13.6981 -.25 4.7152
4 0 -14.4049 -.25 5.3944 -14.4199 -.25 4.9248 -13.6981 -.25 4.7152 -14.2475 -.25 5.5097
4 0 -14.5943 -.25 5.348 -14.9368 -.25 5.1129 -14.4199 -.25 4.9248 -14.4049 -.25 5.3944
4 0 -14.6074 -.25 6.7489 -14.4579 -.25 6.4285 -14.4663 -.25 6.6196 -14.524 -.25 6.6983
3 0 -14.4663 -.25 6.6196 -14.4579 -.25 6.4285 -14.4431 -.25 6.5249
4 0 -14.7504 -.25 6.0763 -14.6556 -.25 6.0995 -14.5769 -.25 6.1571 -14.8468 -.25 6.0911
4 0 -14.5263 -.25 6.2405 -14.4579 -.25 6.4285 -14.8468 -.25 6.0911 -14.5769 -.25 6.1571
3 0 -14.4579 -.25 6.4285 -15.1757 -.25 6.2108 -14.8468 -.25 6.0911
4 0 -17.1105 -.25 7.1811 -16.7731 -.25 6.7922 -14.6074 -.25 6.7489 -16.7217 -.25 7.5184
4 0 -14.4579 -.25 6.4285 -14.6074 -.25 6.7489 -16.7731 -.25 6.7922 -15.1757 -.25 6.2108
4 0 -16.7731 -.25 6.7922 -16.9954 -.25 6.1814 -15.398 -.25 5.6 -15.1757 -.25 6.2108
4 0 -17.0445 -.25 6.9112 -16.9611 -.25 6.8606 -16.7731 -.25 6.7922 -17.1105 -.25 7.1811
4 0 -16.8181 -.25 7.5333 -16.9128 -.25 7.5101 -16.9915 -.25 7.4524 -17.0421 -.25 7.369
4 0 -16.7217 -.25 7.5184 -16.8181 -.25 7.5333 -17.0421 -.25 7.369 -17.1105 -.25 7.1811
4 0 -17.1253 -.25 7.0847 -17.1021 -.25 6.9899 -17.0445 -.25 6.9112 -17.1105 -.25 7.1811
4 0 -18.4482 -.25 5.1139 -18.7731 -.25 4.2212 -15.5524 -.25 3.4214 -15.3472 -.25 3.9853
4 0 -15.6251 -.25 3.0754 -15.0356 -.25 3.2333 -15.5524 -.25 3.4214 -18.7731 -.25 4.2212
3 0 -15.2966 -.25 2.6274 -15.3263 -.25 2.4346 -14.6143 -.25 2.0661
4 0 -14.1598 -.25 3.4467 -13.6981 -.25 4.7152 -14.4199 -.25 4.9248 -15.0356 -.25 3.2333
3 0 -15.3263 -.25 2.4346 -15.7367 -.25 1.307 -14.6143 -.25 2.0661
4 0 -15.4082 -.25 .0168 -16.0958 -.25 .3203 -16.301 -.25 -.2435 -15.8699 -.25 -1.2518
4 0 -16.7457 -.25 -1.4651 -16.0751 -.25 -1.8156 -15.8699 -.25 -1.2518 -16.5405 -.25 -.9013
4 0 -19.4535 -.25 .1589 -17.7106 -.25 .2695 -19.9189 -.25 1.0732 -20.1583 -.25 .4155
4 0 -14.6143 -.25 2.0661 -15.7367 -.25 1.307 -15.8379 -.25 1.1402 -14.7925 -.25 1.7082
3 0 -17.6329 -.25 3.1145 -19.3032 -.25 2.7647 -17.9407 -.25 2.2688
4 0 -19.7136 -.25 1.6371 -16.0958 -.25 .3203 -16.3776 -.25 1.0081 -19.5255 -.25 2.1539
4 0 -15.9651 -.25 2.3432 -15.9883 -.25 2.438 -16.0459 -.25 2.5167 -15.9799 -.25 2.2468
4 0 -15.9799 -.25 2.2468 -16.0459 -.25 2.5167 -16.1293 -.25 2.5673 -16.1167 -.25 1.871
4 0 -16.3407 -.25 1.7067 -16.246 -.25 1.7299 -16.1673 -.25 1.7876 -16.1167 -.25 1.871
4 0 -16.1167 -.25 1.871 -16.1293 -.25 2.5673 -16.4372 -.25 1.7215 -16.3407 -.25 1.7067
4 0 -16.4372 -.25 1.7215 -16.1293 -.25 2.5673 -17.257 -.25 2.9777 -17.5648 -.25 2.132
4 0 -16.7457 -.25 -1.4651 -20.3635 -.25 -.1484 -20.5858 -.25 -.7592 -16.968 -.25 -2.0759
4 0 -16.968 -.25 -2.0759 -16.5368 -.25 -3.0842 -16.0751 -.25 -1.8156 -16.7457 -.25 -1.4651
4 0 -16.5368 -.25 -3.0842 -16.968 -.25 -2.0759 -17.481 -.25 -3.4855 -17.1525 -.25 -4.7756
3 0 -17.7762 -.25 -4.1854 -17.8059 -.25 -4.3782 -17.1525 -.25 -4.7756
4 0 -17.481 -.25 -3.4855 -17.9509 -.25 -3.3145 -18.1048 -.25 -3.7373 -17.938 -.25 -3.8385
4 0 -17.9509 -.25 -3.3145 -17.643 -.25 -2.4687 -18.6767 -.25 -2.0925 -18.9845 -.25 -2.9382
4 0 -17.9509 -.25 -3.3145 -18.9845 -.25 -2.9382 -18.9975 -.25 -3.4124 -18.1048 -.25 -3.7373
4 0 -19.1903 -.25 -3.3827 -18.9975 -.25 -3.4124 -18.9845 -.25 -2.9382 -19.3604 -.25 -2.8014
4 0 -19.3798 -.25 -3.4291 -19.1903 -.25 -3.3827 -19.3604 -.25 -2.8014 -20.2661 -.25 -2.9507
4 0 -19.5371 -.25 -3.5444 -19.3798 -.25 -3.4291 -20.2661 -.25 -2.9507 -20.4884 -.25 -3.5615
4 0 -20.1761 -.25 -4.2558 -19.5371 -.25 -3.5444 -20.4884 -.25 -3.5615 -20.2547 -.25 -4.3135
4 0 -20.3495 -.25 -4.3367 -20.2547 -.25 -4.3135 -20.4884 -.25 -3.5615 -20.4459 -.25 -4.3219
4 0 -20.9627 -.25 -4.1338 -20.4459 -.25 -4.3219 -20.4884 -.25 -3.5615 -20.7233 -.25 -3.476
4 0 -19.3604 -.25 -2.8014 -19.0526 -.25 -1.9557 -20.3212 -.25 -1.494 -20.629 -.25 -2.3397
4 0 -20.2661 -.25 -2.9507 -19.3604 -.25 -2.8014 -20.629 -.25 -2.3397 -20.7829 -.25 -2.7626
4 0 -20.9757 -.25 -2.7329 -20.7829 -.25 -2.7626 -20.629 -.25 -2.3397 -21.0988 -.25 -2.1687
4 0 -20.9931 -.25 -3.542 -21.0437 -.25 -3.6254 -20.8197 -.25 -3.4611 -20.9145 -.25 -3.4843
4 0 -20.7233 -.25 -3.476 -20.8197 -.25 -3.4611 -21.0437 -.25 -3.6254 -21.1121 -.25 -3.8133
4 0 -21.1121 -.25 -3.8133 -21.0461 -.25 -4.0832 -20.9627 -.25 -4.1338 -20.7233 -.25 -3.476
4 0 -21.0461 -.25 -4.0832 -21.1121 -.25 -3.8133 -21.127 -.25 -3.9097 -21.1038 -.25 -4.0045
4 0 -18.5256 -.25 -4.2961 -18.4596 -.25 -4.5659 -18.4447 -.25 -4.4695 -18.4679 -.25 -4.3748
4 0 -18.609 -.25 -4.2455 -18.528 -.25 -4.7539 -18.4596 -.25 -4.5659 -18.5256 -.25 -4.2961
4 0 -18.752 -.25 -4.9181 -18.6572 -.25 -4.895 -18.5786 -.25 -4.8373 -18.8484 -.25 -4.9033
4 0 -18.8484 -.25 -4.9033 -18.5786 -.25 -4.8373 -18.528 -.25 -4.7539 -18.609 -.25 -4.2455
4 0 -18.609 -.25 -4.2455 -18.9379 -.25 -4.1258 -19.0363 -.25 -4.8349 -18.8484 -.25 -4.9033
3 0 -19.0343 -.25 -4.111 -19.129 -.25 -4.1342 -18.9379 -.25 -4.1258
4 0 -19.8466 -.25 -4.9032 -19.2587 -.25 -5.4457 -19.129 -.25 -4.1342 -19.2077 -.25 -4.1918
4 0 -18.9379 -.25 -4.1258 -19.129 -.25 -4.1342 -19.2587 -.25 -5.4457 -19.0363 -.25 -4.8349
4 0 -17.1525 -.25 -4.7756 -17.8059 -.25 -4.3782 -18.148 -.25 -5.3179 -17.6142 -.25 -6.0442
4 0 -7.4044 -.25 7.0955 -7.3444 -.25 5.5218 -6.3277 -.25 5.8036 -6.3804 -.25 7.2912
3 0 -6.3277 -.25 5.8036 -7.3444 -.25 5.5218 -7.4406 -.25 4.1258
4 0 -11.39 -.25 14.2812 -11.6837 -.25 13.0956 -10.8295 -.25 12.8891 -10.4105 -.25 14.0402
4 0 -12.4269 -.25 14.3141 -12.5904 -.25 13.1144 -11.6837 -.25 13.0956 -11.39 -.25 14.2812
4 0 -12.5904 -.25 13.1144 -12.4269 -.25 14.3141 -13.5036 -.25 14.1383 -13.534 -.25 12.9449
4 0 -13.534 -.25 12.9449 -13.5036 -.25 14.1383 -14.6017 -.25 13.7568 -14.4984 -.25 12.5903
4 0 -21.2972 -.25 6.3666 -22.0152 -.25 4.6026 -21.0372 -.25 4.4068 -20.4717 -.25 5.7931
4 0 -19.4571 -.25 -8.2616 -20.1637 -.25 -7.6931 -20.9154 -.25 -8.5944 -20.0259 -.25 -9.3336
4 0 -11.9367 -.25 9.5547 -12.2013 -.25 10.2895 -12.3764 -.25 10.2468 -12.5388 -.25 10.0931
4 0 -11.9367 -.25 9.5547 -12.5388 -.25 10.0931 -12.8804 -.25 9.5827 -12.834 -.25 9.3932
4 0 -12.9958 -.25 9.74 -12.8804 -.25 9.5827 -12.5388 -.25 10.0931 -12.5986 -.25 10.2213
4 0 -13.1626 -.25 9.8412 -12.9958 -.25 9.74 -12.5986 -.25 10.2213 -12.7224 -.25 10.3195
4 0 -11.0604 -.25 -2.9491 -11.2483 -.25 -2.8807 -11.7995 -.25 -3.3718 -11.6247 -.25 -4.4996
4 0 -12.2612 -.25 -4.6404 -12.0735 -.25 -5.294 -11.6247 -.25 -4.4996 -11.7995 -.25 -3.3718
4 0 -15.8407 -.25 10.816 -13.1626 -.25 9.8412 -12.7224 -.25 10.3195 -16.138 -.25 11.5627
3 0 -18.4522 -.25 12.1939 -16.892 -.25 9.3895 -16.4816 -.25 10.5172
4 0 -17.4221 -.25 7.933 -17.7807 -.25 8.702 -17.8876 -.25 8.2621 -17.7641 -.25 6.9933
4 0 -18.8023 -.25 6.6262 -17.7641 -.25 6.9933 -17.8876 -.25 8.2621 -18.5839 -.25 8.2495
4 0 -17.7474 -.25 6.611 -17.7938 -.25 6.8005 -18.6615 -.25 5.9897 -18.243 -.25 5.6777
4 0 -18.243 -.25 5.6777 -18.6615 -.25 5.9897 -18.8282 -.25 5.6779 -18.4482 -.25 5.1139
4 0 -19.2378 -.25 7.4765 -18.8023 -.25 6.6262 -18.5839 -.25 8.2495 -19.1863 -.25 8.2026
4 0 -19.1144 -.25 5.6225 -18.7731 -.25 4.2212 -18.4482 -.25 5.1139 -18.8282 -.25 5.6779
4 0 -19.7807 -.25 6.131 -19.5331 -.25 5.3492 -19.1144 -.25 5.6225 -19.1911 -.25 6.2889
4 0 -19.5331 -.25 5.3492 -19.4138 -.25 4.5076 -18.7731 -.25 4.2212 -19.1144 -.25 5.6225
4 0 -19.4138 -.25 4.5076 -19.4226 -.25 3.6063 -18.9954 -.25 3.6104 -18.7731 -.25 4.2212
4 0 -19.7136 -.25 1.6371 -19.5255 -.25 2.1539 -19.4226 -.25 3.6063 -20.1237 -.25 1.6799
4 0 -19.7807 -.25 6.131 -19.1911 -.25 6.2889 -19.4558 -.25 7.0237 -20.0636 -.25 6.6072
4 0 -21.7825 -.25 -2.8776 -21.0988 -.25 -2.1687 -20.5858 -.25 -.7592 -20.1237 -.25 1.6799
4 0 -21.4237 -.25 -3.0614 -21.3225 -.25 -2.8946 -21.0988 -.25 -2.1687 -21.7825 -.25 -2.8776
4 0 -19.2587 -.25 -5.4457 -20.1935 -.25 -5.065 -20.3863 -.25 -5.0353 -19.4639 -.25 -6.0095
4 0 -18.7888 -.25 -5.6167 -19.2587 -.25 -5.4457 -19.4639 -.25 -6.0095 -18.9001 -.25 -6.2147
4 0 -19.4639 -.25 -6.0095 -19.4428 -.25 -6.9749 -18.8747 -.25 -7.0221 -18.9001 -.25 -6.2147
4 0 -19.4428 -.25 -6.9749 -19.2808 -.25 -7.9917 -18.6784 -.25 -7.9449 -18.8747 -.25 -7.0221
4 0 -15.3591 -.25 -7.4503 -14.3254 -.25 -7.8265 -13.3386 -.25 -7.6004 -17.6142 -.25 -6.0442
4 0 -15.3591 -.25 -7.4503 -17.6142 -.25 -6.0442 -18.2252 -.25 -6.4072 -15.4149 -.25 -8.3346
4 0 -18.1229 -.25 -7.2957 -17.9566 -.25 -8.1544 -15.4149 -.25 -8.3346 -18.2252 -.25 -6.4072
4 0 -16.1627 -.25 -9.0734 -15.4149 -.25 -8.3346 -17.9566 -.25 -8.1544 -17.4871 -.25 -9.4959
4 0 -17.4871 -.25 -9.4959 -16.868 -.25 -10.5725 -16.0775 -.25 -10.0089 -16.1627 -.25 -9.0734
4 0 -15.8642 -.25 -10.8847 -16.0775 -.25 -10.0089 -16.868 -.25 -10.5725 -16.1335 -.25 -11.4784
4 0 -15.6593 -.25 -11.4913 -15.8642 -.25 -10.8847 -16.1335 -.25 -11.4784 -15.7662 -.25 -11.9313
4 0 -15.4149 -.25 -8.3346 -16.1627 -.25 -9.0734 -15.7998 -.25 -9.6843 -15.2955 -.25 -9.1761
4 0 -15.4197 -.25 -10.2483 -15.0224 -.25 -10.1801 -15.2955 -.25 -9.1761 -15.7998 -.25 -9.6843
4 0 -15.0525 -.25 -10.7012 -14.7279 -.25 -10.979 -15.0224 -.25 -10.1801 -15.4197 -.25 -10.2483
4 0 -16.39 -.25 -12.1832 -15.7239 -.25 -13.2769 -14.8184 -.25 -13.7129 -15.7237 -.25 -12.6917
4 0 -14.3254 -.25 -7.8265 -14.3598 -.25 -8.5057 -13.9326 -.25 -8.5016 -13.8257 -.25 -8.0616
4 0 -13.9285 -.25 -8.9288 -13.9326 -.25 -8.5016 -14.3598 -.25 -8.5057 -14.2959 -.25 -9.0611
4 0 -14.2959 -.25 -9.0611 -14.2491 -.25 -9.6634 -13.7791 -.25 -9.2492 -13.9285 -.25 -8.9288
4 0 -13.5402 -.25 -10.3471 -13.4289 -.25 -9.7491 -13.7791 -.25 -9.2492 -14.2491 -.25 -9.6634
4 0 -13.4289 -.25 -9.7491 -13.5402 -.25 -10.3471 -13.2241 -.25 -10.3558 -13.0574 -.25 -10.044
4 0 -13.0574 -.25 -10.044 -13.2241 -.25 -10.3558 -12.9549 -.25 -10.3473 -12.6516 -.25 -10.2449
4 0 -13.6086 -.25 -10.5351 -13.5402 -.25 -10.3471 -14.2491 -.25 -9.6634 -14.1596 -.25 -10.4409
4 0 -14.1596 -.25 -10.4409 -13.8651 -.25 -11.2398 -13.583 -.25 -10.7572 -13.6086 -.25 -10.5351
4 0 -13.8651 -.25 -11.2398 -13.4595 -.25 -12.026 -13.4293 -.25 -10.9196 -13.583 -.25 -10.7572
4 0 -9.3072 -.25 -11.7282 -8.7647 -.25 -11.5532 -9.3798 -.25 -11.4889 -9.8375 -.25 -11.7852
4 0 -12.0735 -.25 -5.294 -11.7788 -.25 -5.5077 -11.3685 -.25 -4.9653 -11.6247 -.25 -4.4996
4 0 -9.7247 -.25 -7.9048 -8.6356 -.25 -8.5672 -8.7422 -.25 -7.8367 -9.2452 -.25 -7.5355
4 0 -8.6356 -.25 -8.5672 -8.0632 -.25 -8.4563 -8.2254 -.25 -8.0248 -8.7422 -.25 -7.8367
4 0 -9.6353 -.25 -8.6823 -8.6356 -.25 -8.5672 -9.6821 -.25 -8.0799 -9.8743 -.25 -8.1696
4 0 -10.6178 -.25 -8.7503 -9.6353 -.25 -8.6823 -9.8743 -.25 -8.1696 -11.1901 -.25 -8.276
4 0 -12.0275 -.25 -8.8225 -10.6178 -.25 -8.7503 -11.1901 -.25 -8.276 -12.3904 -.25 -8.2116
4 0 -12.5305 -.25 -5.2341 -12.0735 -.25 -5.294 -12.2612 -.25 -4.6404 -14.1406 -.25 -3.9564
4 0 -12.6929 -.25 -5.3878 -12.5305 -.25 -5.2341 -14.1406 -.25 -3.9564 -14.7562 -.25 -5.6478
4 0 -14.7562 -.25 -5.6478 -12.8769 -.25 -6.3318 -12.7143 -.25 -5.5929 -12.6929 -.25 -5.3878
3 0 -12.5606 -.25 -5.7552 -12.2916 -.25 -6.332 -11.9327 -.25 -5.9306
4 0 -12.8769 -.25 -6.3318 -13.3386 -.25 -7.6004 -12.4455 -.25 -6.7549 -12.2916 -.25 -6.332
4 0 -13.3386 -.25 -7.6004 -12.5868 -.25 -7.874 -12.3901 -.25 -7.0411 -12.4455 -.25 -6.7549
4 0 -12.3901 -.25 -7.0411 -12.5868 -.25 -7.874 -12.2066 -.25 -7.8528 -12.2364 -.25 -7.2035
4 0 -11.8734 -.25 -7.8144 -11.8007 -.25 -7.4685 -12.2364 -.25 -7.2035 -12.2066 -.25 -7.8528
4 0 -13.8257 -.25 -8.0616 -13.1038 -.25 -8.2712 -13.3386 -.25 -7.6004 -14.3254 -.25 -7.8265
4 0 -13.1038 -.25 -8.2712 -12.6083 -.25 -8.0791 -12.5868 -.25 -7.874 -13.3386 -.25 -7.6004
4 0 -13.1038 -.25 -8.2712 -12.9202 -.25 -8.4976 -12.3904 -.25 -8.2116 -12.6083 -.25 -8.0791
4 0 -12.9202 -.25 -8.4976 -12.7623 -.25 -9.0872 -12.0275 -.25 -8.8225 -12.3904 -.25 -8.2116
4 0 -12.7623 -.25 -9.0872 -12.5233 -.25 -9.5999 -12.113 -.25 -9.0575 -12.0275 -.25 -8.8225
4 0 -12.0234 -.25 -9.2497 -12.113 -.25 -9.0575 -12.5233 -.25 -9.5999 -12.1432 -.25 -10.1638
4 0 -11.6903 -.25 -9.7966 -12.0234 -.25 -9.2497 -12.1432 -.25 -10.1638 -11.6522 -.25 -10.7151
4 0 -13.2469 -.25 -.7699 -12.3542 -.25 -1.0948 -11.7688 -.25 -.5097 -13.0075 -.25 -.1121
4 0 -19.1746 -.25 -8.4018 -18.3925 -.25 -9.0599 -18.6784 -.25 -7.9449 -19.2808 -.25 -7.9917
4 0 -11.2218 -.25 -5.1901 -11.3685 -.25 -4.9653 -11.7788 -.25 -5.5077 -11.5354 -.25 -5.8623
4 0 -6.5763 -.25 8.6903 -6.7923 -.25 9.5176 -7.812 -.25 9.2702 -7.6579 -.25 8.6358
3 0 -6.3804 -.25 7.2912 -6.5763 -.25 8.6903 -7.4044 -.25 7.0955
4 0 -6.5763 -.25 8.6903 -7.6579 -.25 8.6358 -7.6611 -.25 7.9985 -7.4044 -.25 7.0955
4 0 -7.6579 -.25 8.6358 -12.2013 -.25 10.2895 -11.9367 -.25 9.5547 -7.6611 -.25 7.9985
3 0 -21.4669 -.25 -4.6419 -19.4639 -.25 -6.0095 -20.3863 -.25 -5.0353
4 0 -31.8365 -.25 2.6321 -30.9754 -.25 2.8985 -33.756 -.25 3.7222 -33.898 -.25 3.2428
4 0 -31.1884 -.25 2.1794 -30.9754 -.25 2.8985 -31.8365 -.25 2.6321 -31.9075 -.25 2.3924
4 0 -33.0633 -.25 1.4833 -31.1884 -.25 2.1794 -31.9075 -.25 2.3924 -33.7345 -.25 1.6821
4 0 -32.6602 -.25 -.1484 -34.7216 -.25 .4622 -34.8636 -.25 -.0172 -32.0831 -.25 -.8409
4 0 -32.6602 -.25 -.1484 -32.0831 -.25 -.8409 -31.87 -.25 -.1217 -32.5892 -.25 .0913
4 0 -32.5892 -.25 .0913 -31.87 -.25 -.1217 -33.0633 -.25 1.4833 -33.7345 -.25 1.6821
4 0 -34.7761 -.25 -7.2916 -33.915 -.25 -7.0252 -36.6955 -.25 -6.2016 -36.8375 -.25 -6.681
4 0 -34.128 -.25 -7.7444 -33.915 -.25 -7.0252 -34.7761 -.25 -7.2916 -34.8471 -.25 -7.5314
4 0 -34.7528 -.25 -9.8538 -34.6108 -.25 -9.3744 -36.1449 -.25 -8.9199 -37.5334 -.25 -9.0301
4 0 -37.4624 -.25 -8.7904 -37.5334 -.25 -9.0301 -36.1449 -.25 -8.9199 -36.0739 -.25 -8.6802
4 0 -34.8471 -.25 -7.5314 -37.4624 -.25 -8.7904 -36.0739 -.25 -8.6802 -34.128 -.25 -7.7444
4 0 -35.4628 -.25 -12.2508 -35.3208 -.25 -11.7714 -38.1014 -.25 -10.9478 -38.2434 -.25 -11.4272
4 0 -38.6274 -.25 -5.6815 -42.3188 -.25 -4.5881 -42.7591 -.25 -6.0742 -39.2238 -.25 -7.695
4 0 -43.5864 -.25 -6.4028 -39.2238 -.25 -7.695 -42.7591 -.25 -6.0742 -43.4302 -.25 -5.8754
4 0 -36.5117 -.25 4.2777 -37.039 -.25 4.4339 -37.4224 -.25 3.1395 -37.1507 -.25 2.1204
4 0 -38.5023 -.25 1.4755 -38.8531 -.25 1.6547 -38.0208 -.25 -.8029 -38.2165 -.25 1.1699
3 0 -38.0152 -.25 .7589 -37.9138 -.25 -.2623 -37.9119 -.25 .2704
3 0 -38.0208 -.25 -.8029 -37.9138 -.25 -.2623 -38.2255 -.25 -1.3145
4 0 -39.2594 -.25 -2.3508 -38.8667 -.25 -2.1158 -38.2255 -.25 -1.3145 -38.0208 -.25 -.8029
3 0 -38.2255 -.25 -1.3145 -38.8667 -.25 -2.1158 -38.514 -.25 -1.7623
4 0 -38.0208 -.25 -.8029 -40.0573 -.25 -2.4107 -39.6655 -.25 -2.4514 -39.2594 -.25 -2.3508
4 0 -40.3963 -.25 1.0063 -40.6849 -.25 .5585 -38.0208 -.25 -.8029 -40.0437 -.25 1.3598
3 0 -39.2448 -.25 1.6954 -39.6509 -.25 1.5948 -38.8531 -.25 1.6547
4 0 -40.0437 -.25 1.3598 -38.0208 -.25 -.8029 -38.8531 -.25 1.6547 -39.6509 -.25 1.5948
4 0 -38.0208 -.25 -.8029 -40.6938 -.25 -1.9259 -40.408 -.25 -2.2315 -40.0573 -.25 -2.4107
4 0 -38.0208 -.25 -.8029 -40.6849 -.25 .5585 -40.8896 -.25 .0469 -40.9965 -.25 -.4937
4 0 -40.9985 -.25 -1.0264 -40.8952 -.25 -1.5149 -38.0208 -.25 -.8029 -40.9965 -.25 -.4937
4 0 -38.1895 -.25 3.3667 -38.5017 -.25 2.8408 -37.9414 -.25 2.5555 -37.4224 -.25 3.1395
4 0 -37.9414 -.25 2.5555 -37.4842 -.25 2.0703 -37.1507 -.25 2.1204 -37.4224 -.25 3.1395
4 0 -37.1613 -.25 1.4182 -36.3837 -.25 1.8932 -37.1507 -.25 2.1204 -37.4842 -.25 2.0703
4 0 -39.7748 -.25 2.7488 -39.1271 -.25 2.9067 -37.8061 -.25 4.6611 -40.1072 -.25 5.3428
4 0 -38.5017 -.25 2.8408 -38.1895 -.25 3.3667 -37.8061 -.25 4.6611 -39.1271 -.25 2.9067
4 0 -40.1072 -.25 5.3428 -40.1678 -.25 7.603 -41.421 -.25 1.1105 -40.9622 -.25 1.819
3 0 -41.9145 -.25 -.5557 -42.8943 -.25 -1.6016 -41.9156 -.25 -1.3998
4 0 -42.6918 -.25 -3.3825 -38.3292 -.25 -4.6748 -40.4086 -.25 -3.5968 -40.969 -.25 -3.3115
4 0 -32.8925 -.25 -3.5735 -33.4454 -.25 -3.6795 -33.5257 -.25 -3.9506 -33.1197 -.25 -4.3406
4 0 -35.1696 -.25 -4.2189 -34.8956 -.25 -4.1742 -34.4725 -.25 -2.7458 -34.6779 -.25 -2.5591
4 0 -33.1197 -.25 -4.3406 -34.8956 -.25 -4.1742 -35.1696 -.25 -4.2189 -36.2979 -.25 -4.8593
4 0 -34.6779 -.25 -2.5591 -34.4725 -.25 -2.7458 -32.8925 -.25 -3.5735 -35.2755 -.25 -1.4075
4 0 -40.3107 -.25 -8.4682 -43.1439 -.25 -7.629 -43.2119 -.25 -7.9725 -40.4408 -.25 -8.7933
4 0 -40.4408 -.25 -8.7933 -43.2119 -.25 -7.9725 -43.2138 -.25 -8.5052 -40.7293 -.25 -9.2411
4 0 -43.2138 -.25 -8.5052 -43.1105 -.25 -8.9937 -41.082 -.25 -9.5946 -40.7293 -.25 -9.2411
4 0 -42.9091 -.25 -9.4047 -41.4748 -.25 -9.8296 -41.082 -.25 -9.5946 -43.1105 -.25 -8.9937
3 0 -42.9091 -.25 -9.4047 -42.6233 -.25 -9.7103 -41.4748 -.25 -9.8296
4 0 -42.2726 -.25 -9.8895 -41.8809 -.25 -9.9302 -41.4748 -.25 -9.8296 -42.6233 -.25 -9.7103
4 0 -36.3837 -.25 1.8932 -36.9947 -.25 .6438 -36.9958 -.25 -.2003 -34.271 -.25 5.8564
4 0 -37.1646 -.25 -1.0565 -36.8698 -.25 -2.9168 -34.271 -.25 5.8564 -36.9958 -.25 -.2003
4 0 -39.2238 -.25 -7.695 -36.8698 -.25 -2.9168 -37.1646 -.25 -1.0565 -38.6274 -.25 -5.6815
4 0 -39.712 -.25 -9.3431 -39.8377 -.25 -12.9365 -36.8698 -.25 -2.9168 -39.2238 -.25 -7.695
4 0 -34.271 -.25 5.8564 -40.1678 -.25 7.603 -39.809 -.25 6.3495 -35.4464 -.25 5.0573
4 0 -41.7458 -.25 .3005 -41.421 -.25 1.1105 -40.1678 -.25 7.603 -42.8943 -.25 -1.6016
4 0 -42.8943 -.25 -1.6016 -45.7345 -.25 -11.1898 -44.0746 -.25 -8.0508 -43.5864 -.25 -6.4028
4 0 -45.7345 -.25 -11.1898 -39.8377 -.25 -12.9365 -42.6239 -.25 -11.0756 -43.1843 -.25 -10.7903
4 0 -7.6409 -.25 -10.766 -7.4494 -.25 -11.0639 -5.7668 -.25 -9.0043 -7.7213 -.25 -10.3736
4 0 -7.1648 -.25 -11.3092 -6.8064 -.25 -11.4852 -5.7668 -.25 -9.0043 -7.4494 -.25 -11.0639
4 0 -5.7668 -.25 -9.0043 -6.8064 -.25 -11.4852 -6.3987 -.25 -11.5798 -5.9695 -.25 -11.5867
3 0 -5.1629 -.25 -11.3414 -5.9695 -.25 -11.5867 -5.548 -.25 -11.5054
4 0 -4.6028 -.25 -10.8149 -5.7668 -.25 -9.0043 -5.9695 -.25 -11.5867 -5.1629 -.25 -11.3414
3 0 -4.6028 -.25 -10.8149 -5.1629 -.25 -11.3414 -4.8406 -.25 -11.1059
4 0 -4.466 -.25 -10.4883 -4.4393 -.25 -10.1483 -5.7668 -.25 -9.0043 -4.6028 -.25 -10.8149
3 0 -5.0007 -.25 -9.2749 -4.5102 -.25 -9.8737 -4.7161 -.25 -9.5202
3 0 -5.7668 -.25 -9.0043 -5.0007 -.25 -9.2749 -5.3591 -.25 -9.099
3 0 -6.196 -.25 -8.9974 -6.6175 -.25 -9.0787 -5.7668 -.25 -9.0043
4 0 -7.0026 -.25 -9.2428 -7.3249 -.25 -9.4783 -5.7668 -.25 -9.0043 -6.6175 -.25 -9.0787
4 0 -7.5627 -.25 -9.7693 -7.6995 -.25 -10.0959 -5.7668 -.25 -9.0043 -7.3249 -.25 -9.4783
4 0 -16.6617 -.25 -20.4765 -16.3447 -.25 -20.9696 -14.0828 -.25 -19.6921 -16.8029 -.25 -19.93
4 0 -15.8736 -.25 -21.3755 -15.2805 -.25 -21.6668 -14.0828 -.25 -19.6921 -16.3447 -.25 -20.9696
4 0 -14.6057 -.25 -21.8235 -13.8953 -.25 -21.8349 -14.0828 -.25 -19.6921 -15.2805 -.25 -21.6668
3 0 -12.5603 -.25 -21.4288 -13.8953 -.25 -21.8349 -13.1977 -.25 -21.7003
4 0 -13.8953 -.25 -21.8349 -12.5603 -.25 -21.4288 -11.6333 -.25 -20.5574 -14.0828 -.25 -19.6921
3 0 -11.6333 -.25 -20.5574 -12.5603 -.25 -21.4288 -12.0268 -.25 -21.039
4 0 -11.4068 -.25 -20.0168 -11.3626 -.25 -19.4541 -14.0828 -.25 -19.6921 -11.6333 -.25 -20.5574
4 0 -14.0828 -.25 -19.6921 -11.3626 -.25 -19.4541 -11.5039 -.25 -18.9076 -11.8208 -.25 -18.4146
3 0 -12.8851 -.25 -17.7174 -11.8208 -.25 -18.4146 -12.2919 -.25 -18.0086
4 0 -11.8208 -.25 -18.4146 -12.8851 -.25 -17.7174 -14.2702 -.25 -17.5493 -14.0828 -.25 -19.6921
3 0 -14.2702 -.25 -17.5493 -12.8851 -.25 -17.7174 -13.5598 -.25 -17.5607
4 0 -14.0828 -.25 -19.6921 -14.2702 -.25 -17.5493 -14.9679 -.25 -17.6839 -15.6052 -.25 -17.9553
4 0 -16.1387 -.25 -18.3452 -16.5322 -.25 -18.8268 -14.0828 -.25 -19.6921 -15.6052 -.25 -17.9553
4 0 -16.7587 -.25 -19.3673 -16.8029 -.25 -19.93 -14.0828 -.25 -19.6921 -16.5322 -.25 -18.8268
3 0 -28.2848 -.25 16.0245 -28.1105 -.25 14.0321 -28.0397 -.25 14.5548
3 0 -35.9586 -.25 13.4605 -35.2244 -.25 13.29 -34.4513 -.25 13.2776
4 0 -33.6922 -.25 13.4241 -32.9987 -.25 13.7195 -34.6553 -.25 15.6094 -34.4513 -.25 13.2776
4 0 -31.6954 -.25 15.8683 -34.6553 -.25 15.6094 -32.9987 -.25 13.7195 -31.9899 -.25 14.6677
3 0 -31.9899 -.25 14.6677 -32.9987 -.25 13.7195 -32.4181 -.25 14.1437
3 0 -31.6954 -.25 15.8683 -31.9899 -.25 14.6677 -31.7434 -.25 15.256
4 0 -31.849 -.25 16.463 -32.1939 -.25 16.9995 -34.6553 -.25 15.6094 -31.6954 -.25 15.8683
4 0 -32.7066 -.25 17.4413 -33.352 -.25 17.7582 -34.6553 -.25 15.6094 -32.1939 -.25 16.9995
4 0 -34.6553 -.25 15.6094 -33.352 -.25 17.7582 -34.0863 -.25 17.9287 -34.8593 -.25 17.9411
4 0 -34.6553 -.25 15.6094 -34.8593 -.25 17.9411 -35.6185 -.25 17.7946 -36.312 -.25 17.4992
4 0 -36.8926 -.25 17.075 -37.3207 -.25 16.551 -34.6553 -.25 15.6094 -36.312 -.25 17.4992
4 0 -34.6553 -.25 15.6094 -37.3207 -.25 16.551 -37.5672 -.25 15.9627 -37.6153 -.25 15.3504
4 0 -13.5838 -.25 26.0212 -13.2584 -.25 25.8776 -12.8935 -.25 25.8547 -12.5381 -.25 25.9406
4 0 -12.2463 -.25 26.1222 -12.1119 -.25 26.3174 -13.5838 -.25 26.0212 -12.5381 -.25 25.9406
4 0 -34.1515 -.25 21.6957 -29.3308 -.25 22.6258 -29.385 -.25 22.8421 -34.1956 -.25 21.8743
4 0 -29.3709 -.25 22.1139 -29.3308 -.25 22.6258 -34.1515 -.25 21.6957 -33.8631 -.25 21.2472
4 0 -29.3709 -.25 22.1139 -33.8631 -.25 21.2472 -33.4345 -.25 20.8778 -29.577 -.25 21.6222
4 0 -33.4345 -.25 20.8778 -30.4204 -.25 20.8294 -29.935 -.25 21.184 -29.577 -.25 21.6222
4 0 -30.4204 -.25 20.8294 -33.4345 -.25 20.8778 -32.8949 -.25 20.6129 -31 -.25 20.5824
4 0 -31.6001 -.25 20.4624 -31 -.25 20.5824 -32.8949 -.25 20.6129 -32.2811 -.25 20.4704
4 0 -34.8411 -.25 21.7444 -39.3951 -.25 18.25 -38.3886 -.25 17.7905 -37.6544 -.25 17.62
4 0 -36.8813 -.25 17.6076 -36.1222 -.25 17.7541 -34.8411 -.25 21.7444 -37.6544 -.25 17.62
4 0 -35.4287 -.25 18.0495 -34.8481 -.25 18.4737 -34.8411 -.25 21.7444 -36.1222 -.25 17.7541
4 0 -34.4199 -.25 18.9977 -34.1734 -.25 19.586 -34.8411 -.25 21.7444 -34.8481 -.25 18.4737
4 0 -34.5239 -.25 21.3295 -34.8411 -.25 21.7444 -34.1734 -.25 19.586 -34.279 -.25 20.793
3 0 -34.279 -.25 20.793 -34.1734 -.25 19.586 -34.1254 -.25 20.1983
4 0 -39.8304 -.25 17.5931 -40.5774 -.25 15.4284 -40.1563 -.25 15.8973 -39.8663 -.25 16.4238
4 0 4.443 -.25 -22 4.3784 -.25 -21.8766 2.9702 -.25 -21.8539 2.8637 -.25 -22
4 0 3.2411 -.25 -21.7386 2.9702 -.25 -21.8539 4.3784 -.25 -21.8766 4.1263 -.25 -21.7528
4 0 4.1263 -.25 -21.7528 3.8395 -.25 -21.6862 3.5376 -.25 -21.6813 3.2411 -.25 -21.7386
4 0 -3.4255 -.25 -22 -3.2862 -.25 -21.7591 -6.8716 -.25 -21.7014 -6.7257 -.25 -22
4 0 -6.8716 -.25 -21.7014 -3.2862 -.25 -21.7591 -3.1247 -.25 -21.3736 -6.9723 -.25 -21.3118
4 0 -3.1247 -.25 -21.3736 -3.0932 -.25 -20.9724 -6.9408 -.25 -20.9105 -6.9723 -.25 -21.3118
4 0 -6.9408 -.25 -20.9105 -3.0932 -.25 -20.9724 -3.1939 -.25 -20.5827 -6.7793 -.25 -20.5251
4 0 -6.4987 -.25 -20.1817 -6.7793 -.25 -20.5251 -3.1939 -.25 -20.5827 -3.4199 -.25 -20.2312
4 0 -6.4987 -.25 -20.1817 -3.4199 -.25 -20.2312 -3.7558 -.25 -19.9417 -6.1183 -.25 -19.9037
4 0 -3.7558 -.25 -19.9417 -4.1787 -.25 -19.734 -5.6639 -.25 -19.7101 -6.1183 -.25 -19.9037
4 0 -4.6599 -.25 -19.6223 -5.1664 -.25 -19.6142 -5.6639 -.25 -19.7101 -4.1787 -.25 -19.734
3 0 -14.2623 -.25 -15.2618 -19.6367 -.25 -16.0892 -14.2126 -.25 -15.4541
4 0 -14.4833 -.25 -16.5574 -14.2126 -.25 -15.4541 -19.6367 -.25 -16.0892 -19.5117 -.25 -16.4765
3 0 -14.2126 -.25 -15.4541 -14.4833 -.25 -16.5574 -14.2568 -.25 -16.0168
4 0 -14.4833 -.25 -16.5574 -19.5117 -.25 -16.4765 -19.1947 -.25 -16.9696 -18.7236 -.25 -17.3755
4 0 -14.4833 -.25 -16.5574 -18.7236 -.25 -17.3755 -18.1305 -.25 -17.6668 -14.8768 -.25 -17.039
4 0 -15.4103 -.25 -17.4288 -14.8768 -.25 -17.039 -18.1305 -.25 -17.6668 -16.0477 -.25 -17.7003
4 0 -18.1305 -.25 -17.6668 -17.4557 -.25 -17.8235 -16.7453 -.25 -17.8349 -16.0477 -.25 -17.7003
4 0 -2.2094 -.25 -13.3975 -4.4693 -.25 -13.747 -4.5901 -.25 -13.8949 -1.8831 -.25 -13.658
4 0 -1.701 -.25 -13.9413 -1.8831 -.25 -13.658 -4.5901 -.25 -13.8949 -4.7203 -.25 -14.2055
4 0 -1.701 -.25 -13.9413 -4.7203 -.25 -14.2055 -4.7457 -.25 -14.5288 -1.6198 -.25 -14.2553
4 0 -4.7457 -.25 -14.5288 -4.6645 -.25 -14.8428 -1.6452 -.25 -14.5787 -1.6198 -.25 -14.2553
4 0 -4.4824 -.25 -15.1261 -1.7754 -.25 -14.8893 -1.6452 -.25 -14.5787 -4.6645 -.25 -14.8428
3 0 -1.7754 -.25 -14.8893 -2.308 -.25 -15.39 -2.0014 -.25 -15.166
4 0 -3.8709 -.25 -15.5267 -2.308 -.25 -15.39 -1.7754 -.25 -14.8893 -4.4824 -.25 -15.1261
3 0 -4.4824 -.25 -15.1261 -4.2117 -.25 -15.3594 -3.8709 -.25 -15.5267
3 0 -2.308 -.25 -15.39 -3.075 -.25 -15.6233 -2.6742 -.25 -15.5459
4 0 -49.6881 -.25 2.7189 -49.5096 -.25 2.6744 -49.0704 -.25 3.1017 -48.9961 -.25 3.5368
4 0 -48.876 -.25 2.5583 -49.0704 -.25 3.1017 -49.5096 -.25 2.6744 -49.1556 -.25 2.3693
4 0 -49.1556 -.25 2.3693 -48.9174 -.25 1.9988 -48.4198 -.25 2.1232 -48.876 -.25 2.5583
4 0 -48.9174 -.25 1.9988 -48.8113 -.25 1.5882 -47.7711 -.25 1.8625 -48.4198 -.25 2.1232
4 0 -47.7711 -.25 1.8625 -48.8113 -.25 1.5882 -48.8445 -.25 1.1653 -48.2624 -.25 .261
4 0 -49.0147 -.25 .7591 -48.7962 -.25 .2696 -48.2624 -.25 .261 -48.8445 -.25 1.1653
4 0 -48.7962 -.25 .2696 -49.0147 -.25 .7591 -49.3104 -.25 .3972 -49.3204 -.25 .1684
4 0 -49.3204 -.25 .1684 -49.3104 -.25 .3972 -49.7113 -.25 .1043 -49.7993 -.25 -.0356
4 0 -47.0289 -.25 1.816 -47.7711 -.25 1.8625 -48.2624 -.25 .261 -46.8704 -.25 .3517
3 0 -46.8704 -.25 .3517 -48.2624 -.25 .261 -47.7553 -.25 .1432
3 0 -47.0289 -.25 1.816 -46.8704 -.25 .3517 -46.7733 -.25 .9205
4 0 -46.3996 -.25 1.4282 -46.3059 -.25 1.9907 -47.0289 -.25 1.816 -46.7733 -.25 .9205
4 0 -47.3096 -.25 -.0756 -46.676 -.25 -.1917 -46.8704 -.25 .3517 -47.7553 -.25 .1432
4 0 -46.676 -.25 -.1917 -47.3096 -.25 -.0756 -46.9556 -.25 -.3807 -46.2198 -.25 -.6268
3 0 -46.7174 -.25 -.7512 -46.6113 -.25 -1.1618 -45.5711 -.25 -.8875
4 0 -46.6445 -.25 -1.5847 -46.1124 -.25 -2.489 -45.5711 -.25 -.8875 -46.6113 -.25 -1.1618
4 0 -45.5711 -.25 -.8875 -46.1124 -.25 -2.489 -45.6053 -.25 -2.6068 -44.8289 -.25 -.934
4 0 -46.8147 -.25 -1.9909 -46.6462 -.25 -2.4804 -46.1124 -.25 -2.489 -46.6445 -.25 -1.5847
4 0 -46.6462 -.25 -2.4804 -46.8147 -.25 -1.9909 -47.1104 -.25 -2.3528 -47.1704 -.25 -2.5816
4 0 -47.1704 -.25 -2.5816 -47.1104 -.25 -2.3528 -47.5113 -.25 -2.6457 -47.6493 -.25 -2.7856
4 0 -48.5145 -.25 -2.9508 -48.3459 -.25 -3.4404 -48.0503 -.25 -3.0785 -47.9902 -.25 -2.8497
4 0 -47.9902 -.25 -2.8497 -48.0503 -.25 -3.0785 -47.6493 -.25 -2.7856 -47.5113 -.25 -2.6457
4 0 -49.5553 -.25 -2.8245 -50.0011 -.25 -2.6057 -50.1606 -.25 -2.6535 -50.046 -.25 -3.0974
4 0 -50.2076 -.25 -4.3002 -49.6306 -.25 -4.3094 -50.0818 -.25 -3.5544 -50.2658 -.25 -3.9935
4 0 -50.046 -.25 -3.0974 -50.0818 -.25 -3.5544 -49.0483 -.25 -2.9423 -49.5553 -.25 -2.8245
4 0 -50.0818 -.25 -3.5544 -49.6306 -.25 -4.3094 -48.5493 -.25 -4.2695 -49.0483 -.25 -2.9423
3 0 -48.5493 -.25 -4.2695 -49.6306 -.25 -4.3094 -49.0825 -.25 -4.4367
4 0 -49.0483 -.25 -2.9423 -48.5493 -.25 -4.2695 -48.5162 -.25 -3.8466 -48.5145 -.25 -2.9508
4 0 -48.5493 -.25 -4.2695 -49.0825 -.25 -4.4367 -48.6007 -.25 -4.6733 -48.4432 -.25 -4.6801
4 0 -45.8952 -.25 -6.1974 -45.6639 -.25 -6.0284 -45.8402 -.25 -5.5997 -46.3645 -.25 -5.7008
4 0 -46.1707 -.25 -6.5347 -45.8952 -.25 -6.1974 -46.3645 -.25 -5.7008 -46.8983 -.25 -5.6923
4 0 -48.0658 -.25 -6.7435 -48.3854 -.25 -7.1347 -47.9576 -.25 -7.1502 -47.3806 -.25 -7.1594
4 0 -47.3806 -.25 -7.1594 -46.8325 -.25 -7.2867 -47.8818 -.25 -6.3044 -48.0658 -.25 -6.7435
4 0 -46.8983 -.25 -5.6923 -47.8818 -.25 -6.3044 -46.8325 -.25 -7.2867 -46.1707 -.25 -6.5347
4 0 -47.8818 -.25 -6.3044 -46.8983 -.25 -5.6923 -47.4053 -.25 -5.5745 -47.846 -.25 -5.8474
4 0 -47.846 -.25 -5.8474 -47.4053 -.25 -5.5745 -47.8511 -.25 -5.3557 -47.9606 -.25 -5.4035
4 0 -46.8818 -.25 -14.3044 -45.5748 -.25 -14.3395 -45.3996 -.25 -13.9215 -46.846 -.25 -13.8474
4 0 -46.4306 -.25 -14.5094 -45.8825 -.25 -14.6367 -45.5748 -.25 -14.3395 -46.8818 -.25 -14.3044
4 0 -44.8658 -.25 -16.9435 -45.1854 -.25 -17.3347 -45.0076 -.25 -17.4002 -44.4306 -.25 -17.4094
4 0 -44.6818 -.25 -16.5044 -44.8658 -.25 -16.9435 -44.4306 -.25 -17.4094 -44.4316 -.25 -16.1178
4 0 -44.4306 -.25 -17.4094 -43.8825 -.25 -17.5367 -43.9098 -.25 -16.239 -44.4316 -.25 -16.1178
4 0 -43.9098 -.25 -16.239 -43.8825 -.25 -17.5367 -43.259 -.25 -17.4247 -43.2248 -.25 -16.9895
4 0 -43.3604 -.25 -16.2478 -43.9098 -.25 -16.239 -43.2248 -.25 -16.9895 -43.0496 -.25 -16.5715
4 0 -43.0496 -.25 -16.5715 -42.7453 -.25 -16.199 -42.8208 -.25 -16.1437 -43.3604 -.25 -16.2478
4 0 -43.4007 -.25 -17.7733 -43.1498 -.25 -17.8473 -43.259 -.25 -17.4247 -43.8825 -.25 -17.5367
4 0 -42.9046 -.25 -18.2286 -43.1498 -.25 -17.8473 -43.0181 -.25 -18.103 -42.7606 -.25 -18.5035
4 0 -42.8576 -.25 -20.2502 -42.2806 -.25 -20.2594 -42.8658 -.25 -19.8435 -43.1854 -.25 -20.2347
3 0 -42.0816 -.25 -18.7678 -42.6818 -.25 -19.4044 -42.8658 -.25 -19.8435
4 0 -42.0816 -.25 -18.7678 -42.5403 -.25 -18.5426 -42.646 -.25 -18.9474 -42.6818 -.25 -19.4044
4 0 -42.8658 -.25 -19.8435 -42.2806 -.25 -20.2594 -41.7325 -.25 -20.3867 -42.0816 -.25 -18.7678
4 0 -42.0816 -.25 -18.7678 -41.7325 -.25 -20.3867 -41.073 -.25 -19.7519 -41.5598 -.25 -18.889
3 0 -41.073 -.25 -19.7519 -41.7325 -.25 -20.3867 -41.1055 -.25 -20.1656
4 0 -41.5598 -.25 -18.889 -41.073 -.25 -19.7519 -40.9064 -.25 -19.3544 -41.0104 -.25 -18.8978
4 0 -40.6171 -.25 -19 -40.4708 -.25 -18.7937 -41.0104 -.25 -18.8978 -40.9064 -.25 -19.3544
4 0 -41.1055 -.25 -20.1656 -41.7325 -.25 -20.3867 -41.2507 -.25 -20.6233 -41.0016 -.25 -20.5675
4 0 -40.7686 -.25 -20.93 -41.0016 -.25 -20.5675 -41.2507 -.25 -20.6233 -40.8681 -.25 -20.953
4 0 -40.4222 -.25 -21.2285 -40.7686 -.25 -20.93 -40.8681 -.25 -20.953 -40.6106 -.25 -21.3535
4 0 -40.496 -.25 -21.7974 -39.986 -.25 -21.4427 -40.4222 -.25 -21.2285 -40.6106 -.25 -21.3535
4 0 -40.5053 -.25 -22 -39.4899 -.25 -21.5579 -39.986 -.25 -21.4427 -40.496 -.25 -21.7974
4 0 -39.406 -.25 -16.2527 -39.1609 -.25 -16.634 -38.6198 -.25 -16.3268 -39.076 -.25 -15.8917
4 0 -38.6198 -.25 -16.3268 -39.1609 -.25 -16.634 -39.0517 -.25 -17.0566 -37.9711 -.25 -16.5875
3 0 -37.9711 -.25 -16.5875 -39.0517 -.25 -17.0566 -37.2289 -.25 -16.634
4 0 -38.7208 -.25 -18.4234 -38.2247 -.25 -18.5386 -39.0517 -.25 -17.0566 -39.0859 -.25 -17.4918
4 0 -38.7208 -.25 -18.4234 -39.0859 -.25 -17.4918 -39.2611 -.25 -17.9098 -39.2432 -.25 -18.415
4 0 -39.978 -.25 -18.5838 -40.4708 -.25 -18.7937 -40.2248 -.25 -18.7136 -39.7562 -.25 -18.514
4 0 -41.9153 -.25 -15.6323 -41.8398 -.25 -15.6876 -41.3003 -.25 -15.5835 -41.6111 -.25 -15.2598
4 0 -40.7509 -.25 -15.5923 -41.4557 -.25 -14.8891 -41.6111 -.25 -15.2598 -41.3003 -.25 -15.5835
4 0 -38.9675 -.25 -21.5663 -39.4899 -.25 -21.5579 -40.5053 -.25 -22 -33.7534 -.25 -22
4 0 -37.9859 -.25 -21.2677 -38.4545 -.25 -21.4673 -33.7534 -.25 -22 -33.8798 -.25 -21.8685
3 0 -38.4545 -.25 -21.4673 -38.9675 -.25 -21.5663 -33.7534 -.25 -22
4 0 -33.8798 -.25 -21.8685 -34.2132 -.25 -21.5504 -37.5936 -.25 -20.9811 -37.9859 -.25 -21.2677
3 0 -37.3043 -.25 -20.6269 -34.3553 -.25 -21.1533 -34.2844 -.25 -20.7375
4 0 -34.2132 -.25 -21.5504 -34.3553 -.25 -21.1533 -37.3043 -.25 -20.6269 -37.5936 -.25 -20.9811
3 0 -35.1511 -.25 -19.4752 -34.2844 -.25 -20.7375 -34.0112 -.25 -20.3664
4 0 -34.2844 -.25 -20.7375 -35.1511 -.25 -19.4752 -37.1377 -.25 -20.2294 -37.3043 -.25 -20.6269
4 0 -35.1511 -.25 -19.4752 -36.745 -.25 -19.6147 -37.1052 -.25 -19.8157 -37.1377 -.25 -20.2294
3 0 -37.209 -.25 -19.4138 -37.1052 -.25 -19.8157 -36.745 -.25 -19.6147
3 0 -36.8539 -.25 -18.3695 -37.7885 -.25 -18.7528 -37.4421 -.25 -19.0513
4 0 -36.9629 -.25 -17.1242 -38.2247 -.25 -18.5386 -37.7885 -.25 -18.7528 -36.8539 -.25 -18.3695
4 0 -39.0517 -.25 -17.0566 -38.2247 -.25 -18.5386 -36.9629 -.25 -17.1242 -37.2289 -.25 -16.634
4 0 -36.9629 -.25 -17.1242 -35.3689 -.25 -16.9848 -36.5059 -.25 -16.4593 -37.2289 -.25 -16.634
4 0 -34.4763 -.25 -14.4045 -33.775 -.25 -16.8453 -32.8782 -.25 -15.4982 -34.1275 -.25 -14.5447
3 0 -32.8782 -.25 -15.4982 -33.775 -.25 -16.8453 -32.7954 -.25 -16.4446
3 0 -33.1235 -.25 -14.4569 -33.6189 -.25 -14.5766 -31.6828 -.25 -15.3936
4 0 -34.1275 -.25 -14.5447 -32.8782 -.25 -15.4982 -31.6828 -.25 -15.3936 -33.6189 -.25 -14.5766
3 0 -32.4607 -.25 -13.8559 -32.7168 -.25 -14.2038 -30.4874 -.25 -15.289
4 0 -33.1235 -.25 -14.4569 -31.6828 -.25 -15.3936 -30.4874 -.25 -15.289 -32.7168 -.25 -14.2038
4 0 -33.6661 -.25 -18.0906 -32.7126 -.25 -17.391 -32.7954 -.25 -16.4446 -33.775 -.25 -16.8453
4 0 -32.5063 -.25 -20.0027 -32.7126 -.25 -17.391 -33.6661 -.25 -18.0906 -33.5571 -.25 -19.3358
3 0 -33.5571 -.25 -19.3358 -33.0489 -.25 -19.9687 -32.5063 -.25 -20.0027
3 0 -33.5571 -.25 -19.3358 -33.5773 -.25 -20.0964 -33.0489 -.25 -19.9687
4 0 -33.5571 -.25 -19.3358 -35.1511 -.25 -19.4752 -34.0112 -.25 -20.3664 -33.5773 -.25 -20.0964
4 0 -32.4535 -.25 -9.4112 -32.7673 -.25 -9.2852 -33.7931 -.25 -12.5852 -33.2845 -.25 -12.617
4 0 -33.2845 -.25 -12.617 -32.84 -.25 -12.7956 -32.0945 -.25 -9.4337 -32.4535 -.25 -9.4112
4 0 -31.7448 -.25 -9.3492 -32.0945 -.25 -9.4337 -32.84 -.25 -12.7956 -31.0925 -.25 -11.0633
3 0 -31.0925 -.25 -11.0633 -32.84 -.25 -12.7956 -31.0315 -.25 -11.7606
4 0 -31.7448 -.25 -9.3492 -31.0925 -.25 -11.0633 -30.171 -.25 -10.9827 -31.4577 -.25 -9.1706
4 0 -31.4577 -.25 -9.1706 -30.171 -.25 -10.9827 -29.2495 -.25 -10.902 -31.2769 -.25 -8.925
4 0 -31.2769 -.25 -8.925 -29.2495 -.25 -10.902 -28.5121 -.25 -7.5779 -31.23 -.25 -8.6498
3 0 -28.5121 -.25 -7.5779 -29.2495 -.25 -10.902 -26.9226 -.25 -9.7345
4 0 -26.8812 -.25 -10.2077 -26.9226 -.25 -9.7345 -29.2495 -.25 -10.902 -29.1885 -.25 -11.5994
4 0 -32.5274 -.25 -13.0938 -30.9705 -.25 -12.458 -31.0315 -.25 -11.7606 -32.84 -.25 -12.7956
4 0 -32.5274 -.25 -13.0938 -32.3942 -.25 -13.4661 -30.4874 -.25 -15.289 -30.9705 -.25 -12.458
3 0 -32.3942 -.25 -13.4661 -32.4607 -.25 -13.8559 -30.4874 -.25 -15.289
4 0 -28.5674 -.25 -15.1245 -30.049 -.25 -12.3773 -30.9705 -.25 -12.458 -30.4874 -.25 -15.289
4 0 -31.9008 -.25 -21.6954 -32.2614 -.25 -22 -27.8141 -.25 -22 -27.6454 -.25 -21.6782
4 0 -27.6454 -.25 -21.6782 -29.1903 -.25 -20.027 -31.6276 -.25 -21.3242 -31.9008 -.25 -21.6954
3 0 -29.1903 -.25 -20.027 -31.5567 -.25 -20.9084 -31.6276 -.25 -21.3242
4 0 -31.5567 -.25 -20.9084 -29.1903 -.25 -20.027 -30.2861 -.25 -20.1228 -31.6987 -.25 -20.5113
4 0 -31.6987 -.25 -20.5113 -30.2861 -.25 -20.1228 -30.3558 -.25 -19.3259 -32.0322 -.25 -20.1932
4 0 -32.0322 -.25 -20.1932 -30.3558 -.25 -19.3259 -32.7126 -.25 -17.391 -32.5063 -.25 -20.0027
4 0 -30.3558 -.25 -19.3259 -30.4255 -.25 -18.5289 -31.5172 -.25 -17.2864 -32.7126 -.25 -17.391
4 0 -29.3297 -.25 -18.433 -30.3218 -.25 -17.1818 -31.5172 -.25 -17.2864 -30.4255 -.25 -18.5289
4 0 -30.4046 -.25 -16.2354 -30.3218 -.25 -17.1818 -29.3297 -.25 -18.433 -28.5674 -.25 -15.1245
3 0 -28.5674 -.25 -15.1245 -30.4874 -.25 -15.289 -30.4046 -.25 -16.2354
3 0 -30.049 -.25 -12.3773 -28.5674 -.25 -15.1245 -28.6219 -.25 -14.5019
4 0 -28.6763 -.25 -13.8793 -29.1275 -.25 -12.2967 -30.049 -.25 -12.3773 -28.6219 -.25 -14.5019
4 0 -28.6763 -.25 -13.8793 -27.8545 -.25 -13.8074 -29.1885 -.25 -11.5994 -29.1275 -.25 -12.2967
4 0 -26.964 -.25 -9.2613 -27.7898 -.25 -7.5147 -28.5121 -.25 -7.5779 -26.9226 -.25 -9.7345
4 0 -26.3414 -.25 -9.2068 -27.8378 -.25 -6.9668 -27.7898 -.25 -7.5147 -26.964 -.25 -9.2613
4 0 -26.2586 -.25 -10.1532 -26.8812 -.25 -10.2077 -29.1885 -.25 -11.5994 -27.8545 -.25 -13.8074
4 0 -27.8545 -.25 -13.8074 -27.0326 -.25 -13.7355 -25.636 -.25 -10.0987 -26.2586 -.25 -10.1532
4 0 -29.3297 -.25 -18.433 -28.2339 -.25 -18.3372 -27.7455 -.25 -15.0526 -28.5674 -.25 -15.1245
4 0 -26.1572 -.25 -17.3454 -26.2051 -.25 -16.7975 -27.7455 -.25 -15.0526 -28.2339 -.25 -18.3372
4 0 -25.4579 -.25 -16.7321 -26.9237 -.25 -14.9807 -27.7455 -.25 -15.0526 -26.2051 -.25 -16.7975
4 0 -26.9237 -.25 -14.9807 -25.4579 -.25 -16.7321 -24.7108 -.25 -16.6667 -26.9781 -.25 -14.3581
4 0 -26.1572 -.25 -17.3454 -28.2339 -.25 -18.3372 -28.1642 -.25 -19.1341 -26.1092 -.25 -17.8933
3 0 -26.1092 -.25 -17.8933 -28.1642 -.25 -19.1341 -28.0945 -.25 -19.9311
3 0 -28.0945 -.25 -19.9311 -27.0623 -.25 -21.4372 -26.7335 -.25 -21.4578
3 0 -28.0945 -.25 -19.9311 -27.3825 -.25 -21.5146 -27.0623 -.25 -21.4372
4 0 -28.0945 -.25 -19.9311 -29.1903 -.25 -20.027 -27.6454 -.25 -21.6782 -27.3825 -.25 -21.5146
4 0 -26.1092 -.25 -17.8933 -28.0945 -.25 -19.9311 -26.7335 -.25 -21.4578 -26.4462 -.25 -21.5733
4 0 -26.4462 -.25 -21.5733 -26.2441 -.25 -21.766 -25.3621 -.25 -17.8279 -26.1092 -.25 -17.8933
4 0 -23.995 -.25 -19.6546 -24.6149 -.25 -17.7625 -25.3621 -.25 -17.8279 -23.9579 -.25 -20.0779
3 0 -25.3621 -.25 -17.8279 -26.2441 -.25 -21.766 -23.9579 -.25 -20.0779
4 0 -23.447 -.25 -19.6066 -24.6629 -.25 -17.2146 -24.6149 -.25 -17.7625 -23.995 -.25 -19.6546
4 0 -23.9209 -.25 -20.5013 -23.9579 -.25 -20.0779 -26.2441 -.25 -21.766 -26.1884 -.25 -22
4 0 -23.373 -.25 -20.4534 -23.9209 -.25 -20.5013 -26.1884 -.25 -22 -16.2701 -.25 -22
4 0 -22.7783 -.25 -16.0353 -22.9119 -.25 -16.0611 -22.8991 -.25 -19.5587 -21.8478 -.25 -16.0502
3 0 -21.8478 -.25 -16.0502 -20.187 -.25 -16.637 -20.8975 -.25 -16.2881
4 0 -19.5699 -.25 -17.1687 -20.187 -.25 -16.637 -21.8478 -.25 -16.0502 -22.8991 -.25 -19.5587
4 0 -19.1547 -.25 -17.8145 -19.5699 -.25 -17.1687 -22.8991 -.25 -19.5587 -18.9698 -.25 -18.5304
3 0 -18.9698 -.25 -18.5304 -19.3243 -.25 -19.9755 -19.0276 -.25 -19.2674
4 0 -22.8621 -.25 -19.9821 -19.3243 -.25 -19.9755 -18.9698 -.25 -18.5304 -22.8991 -.25 -19.5587
4 0 -16.2701 -.25 -22 -16.3991 -.25 -21.4257 -22.8251 -.25 -20.4055 -23.373 -.25 -20.4534
4 0 -19.3687 -.25 -20.0298 -22.8251 -.25 -20.4055 -16.3991 -.25 -21.4257 -16.729 -.25 -20.9127
4 0 -16.729 -.25 -20.9127 -18.5386 -.25 -20.0241 -19.2778 -.25 -20.0123 -19.3687 -.25 -20.0298
4 0 -16.729 -.25 -20.9127 -17.2192 -.25 -20.4902 -17.8364 -.25 -20.1872 -18.5386 -.25 -20.0241
4 0 -22.8251 -.25 -20.4055 -19.3687 -.25 -20.0298 -19.3243 -.25 -19.9755 -22.8621 -.25 -19.9821
3 0 -22.1198 -.25 -14.0804 -22.4743 -.25 -15.5255 -22.1776 -.25 -14.8174
4 0 -24.7108 -.25 -16.6667 -22.4743 -.25 -15.5255 -22.1198 -.25 -14.0804 -26.9781 -.25 -14.3581
4 0 -23.6521 -.25 -12.6321 -23.6151 -.25 -13.0555 -22.2485 -.25 -13.582 -23.2872 -.25 -12.1484
4 0 -23.6151 -.25 -13.0555 -24.163 -.25 -13.1034 -22.1198 -.25 -14.0804 -22.2485 -.25 -13.582
3 0 -24.163 -.25 -13.1034 -26.9781 -.25 -14.3581 -22.1198 -.25 -14.0804
4 0 -24.6629 -.25 -17.2146 -22.9119 -.25 -16.0611 -22.4743 -.25 -15.5255 -24.7108 -.25 -16.6667
4 0 -22.8991 -.25 -19.5587 -22.9119 -.25 -16.0611 -24.6629 -.25 -17.2146 -23.447 -.25 -19.6066
4 0 -30.9052 -.25 -4.7612 -31.2016 -.25 -4.7426 -32.2175 -.25 -8.028 -31.8584 -.25 -8.0505
4 0 -32.5672 -.25 -8.1125 -32.2175 -.25 -8.028 -31.2016 -.25 -4.7426 -31.4607 -.25 -4.6385
4 0 -29.2822 -.25 -7.0932 -30.9052 -.25 -4.7612 -31.8584 -.25 -8.0505 -31.5447 -.25 -8.1766
4 0 -29.2822 -.25 -7.0932 -29.3302 -.25 -6.5453 -30.6165 -.25 -4.6914 -30.9052 -.25 -4.7612
4 0 -28.6079 -.25 -6.4821 -30.3795 -.25 -4.5439 -30.6165 -.25 -4.6914 -29.3302 -.25 -6.5453
4 0 -27.8857 -.25 -6.4189 -30.2303 -.25 -4.3411 -30.3795 -.25 -4.5439 -28.6079 -.25 -6.4821
4 0 -27.4832 -.25 -2.4714 -30.1915 -.25 -4.114 -30.2303 -.25 -4.3411 -27.8857 -.25 -6.4189
4 0 -31.324 -.25 -8.387 -29.2343 -.25 -7.6411 -29.2822 -.25 -7.0932 -31.5447 -.25 -8.1766
4 0 -28.5121 -.25 -7.5779 -29.2343 -.25 -7.6411 -31.324 -.25 -8.387 -31.23 -.25 -8.6498
4 0 -31.0068 -.25 -3.6006 -30.7103 -.25 -3.6191 -29.3673 -.25 .0964 -29.8405 -.25 .055
3 0 -29.3673 -.25 .0964 -30.7103 -.25 -3.6191 -30.4513 -.25 -3.7232
4 0 -30.4513 -.25 -3.7232 -30.2691 -.25 -3.897 -27.4832 -.25 -2.4714 -29.3673 -.25 .0964
3 0 -27.4832 -.25 -2.4714 -30.2691 -.25 -3.897 -30.1915 -.25 -4.114
4 0 -27.5159 -.25 -2.0978 -28.8941 -.25 .1378 -29.3673 -.25 .0964 -27.4832 -.25 -2.4714
4 0 -28.8941 -.25 .1378 -27.5159 -.25 -2.0978 -27.0427 -.25 -2.0564 -28.9268 -.25 .5114
4 0 -26.3414 -.25 -9.2068 -26.9773 -.25 -2.8036 -27.4505 -.25 -2.845 -27.8378 -.25 -6.9668
4 0 -27.4832 -.25 -2.4714 -27.8857 -.25 -6.4189 -27.8378 -.25 -6.9668 -27.4505 -.25 -2.845
3 0 -44.1024 -.25 -.7571 -45.1596 -.25 -2.8256 -44.8056 -.25 -3.1307
4 0 -45.6053 -.25 -2.6068 -45.1596 -.25 -2.8256 -44.1024 -.25 -.7571 -44.8289 -.25 -.934
4 0 -46.9606 -.25 -13.4035 -45.2677 -.25 -13.7599 -46.7376 -.25 -11.9356 -47.2181 -.25 -13.003
4 0 -45.2677 -.25 -13.7599 -46.9606 -.25 -13.4035 -46.846 -.25 -13.8474 -45.3996 -.25 -13.9215
4 0 -41.4557 -.25 -14.8891 -40.7509 -.25 -15.5923 -40.2291 -.25 -15.7135 -39.1951 -.25 -15.5587
4 0 -39.7704 -.25 -15.9387 -39.406 -.25 -16.2527 -39.076 -.25 -15.8917 -39.1951 -.25 -15.5587
3 0 -41.4557 -.25 -14.8891 -39.1951 -.25 -15.5587 -35.3277 -.25 -15.3154
4 0 -39.1951 -.25 -15.5587 -36.3927 -.25 -16.3888 -33.775 -.25 -16.8453 -35.3277 -.25 -15.3154
4 0 -36.5059 -.25 -16.4593 -35.3689 -.25 -16.9848 -33.775 -.25 -16.8453 -36.3927 -.25 -16.3888
3 0 -34.4763 -.25 -14.4045 -35.3277 -.25 -15.3154 -33.775 -.25 -16.8453
4 0 -33.9485 -.25 -12.6227 -33.7931 -.25 -12.5852 -32.7673 -.25 -9.2852 -32.9175 -.25 -9.1419
4 0 -32.6228 -.25 -8.1471 -32.5672 -.25 -8.1125 -31.4607 -.25 -4.6385 -31.5564 -.25 -4.5471
4 0 -24.7109 -.25 -13.1513 -24.7479 -.25 -12.7279 -25.665 -.25 -11.5405 -27.0326 -.25 -13.7355
4 0 -24.785 -.25 -12.3046 -24.9228 -.25 -11.5524 -25.665 -.25 -11.5405 -24.7479 -.25 -12.7279
4 0 -24.9228 -.25 -11.5524 -24.785 -.25 -12.3046 -24.237 -.25 -12.2566 -24.0713 -.25 -11.7501
4 0 -18.0809 -.25 -9.8118 -23.2872 -.25 -12.1484 -22.2485 -.25 -13.582 -17.6626 -.25 -10.709
4 0 -21.6556 -.25 -13.8732 -20.9103 -.25 -14.0462 -17.6626 -.25 -10.709 -22.2485 -.25 -13.582
4 0 -17.3651 -.25 -11.8979 -16.561 -.25 -12.653 -17.0818 -.25 -11.4525 -17.6626 -.25 -10.709
4 0 -18.0619 -.25 -13.1798 -17.3651 -.25 -11.8979 -17.6626 -.25 -10.709 -20.9103 -.25 -14.0462
3 0 -17.3651 -.25 -11.8979 -18.0619 -.25 -13.1798 -17.6273 -.25 -12.6478
3 0 -18.0619 -.25 -13.1798 -19.3551 -.25 -13.9102 -18.6512 -.25 -13.6103
4 0 -23.2884 -.25 -11.3334 -23.3371 -.25 -11.9549 -23.2872 -.25 -12.1484 -23.0382 -.25 -10.7363
4 0 -23.0382 -.25 -10.7363 -23.2872 -.25 -12.1484 -22.0143 -.25 -9.7738 -22.7937 -.25 -10.4371
3 0 -22.0143 -.25 -9.7738 -22.6036 -.25 -10.2044 -22.7937 -.25 -10.4371
4 0 -22.0143 -.25 -9.7738 -23.2872 -.25 -12.1484 -18.0809 -.25 -9.8118 -20.0259 -.25 -9.3336
4 0 -20.5398 -.25 -9.3253 -21.3104 -.25 -9.474 -22.0143 -.25 -9.7738 -20.0259 -.25 -9.3336
4 0 -20.0259 -.25 -9.3336 -18.3925 -.25 -9.0599 -19.1746 -.25 -8.4018 -19.4571 -.25 -8.2616
4 0 -27.0326 -.25 -13.7355 -25.665 -.25 -11.5405 -25.4639 -.25 -10.8615 -25.636 -.25 -10.0987
4 0 -25.6774 -.25 -9.6255 -25.636 -.25 -10.0987 -25.4639 -.25 -10.8615 -25.1116 -.25 -9.672
4 0 -26.9773 -.25 -2.8036 -26.3414 -.25 -9.2068 -25.7188 -.25 -9.1523 -26.5041 -.25 -2.7622
4 0 -25.6774 -.25 -9.6255 -20.7776 -.25 -6.9568 -21.2885 -.25 -6.0652 -25.7188 -.25 -9.1523
3 0 -20.7776 -.25 -6.9568 -25.6774 -.25 -9.6255 -25.1116 -.25 -9.672
4 0 -20.1637 -.25 -7.6931 -20.7776 -.25 -6.9568 -25.1116 -.25 -9.672 -24.9056 -.25 -9.7732
4 0 -20.1637 -.25 -7.6931 -24.9056 -.25 -9.7732 -24.1603 -.25 -9.9462 -23.3757 -.25 -9.9588
4 0 -20.1637 -.25 -7.6931 -23.3757 -.25 -9.9588 -22.6051 -.25 -9.8102 -21.9012 -.25 -9.5103
3 0 66.3 -.25 10.5 7.8988 -.25 -2.4046 66.3 -.25 10.0882
4 0 8.0458 -.25 1.2604 7.8988 -.25 -2.4046 66.3 -.25 10.5 45.8491 -.25 11.9709
4 0 10.6412 -.25 6.8536 9.8067 -.25 7.2051 9.6079 -.25 6.5339 10.4742 -.25 6.2898
4 0 .3451 -.25 4.6631 .9682 -.25 3.7741 .5153 -.25 4.6905 .3663 -.25 4.7346
4 0 .9682 -.25 3.7741 5.1603 -.25 3.3145 4.6249 -.25 5.3504 .5153 -.25 4.6905
4 0 1.9623 -.25 7.1299 .8775 -.25 6.4605 4.6249 -.25 5.3504 5.9414 -.25 5.9513
4 0 5.1603 -.25 3.3145 .9682 -.25 3.7741 5.5706 -.25 2.4108 5.7836 -.25 3.1299
4 0 .9682 -.25 3.7741 .3451 -.25 4.6631 -6.5211 -.25 3.5604 -.7643 -.25 -2.0747
3 0 -9.0277 -.25 -1.5564 -9.6911 -.25 -2.8798 1.6827 -.25 -3.7382
4 0 -8.4622 -.25 -.1701 -9.0277 -.25 -1.5564 1.6827 -.25 -3.7382 -.7643 -.25 -2.0747
4 0 -8.0043 -.25 1.2553 -6.5211 -.25 3.5604 -6.419 -.25 4.2529 -7.6618 -.25 2.6955
4 0 -6.3277 -.25 5.8036 -7.4406 -.25 4.1258 -7.6618 -.25 2.6955 -6.419 -.25 4.2529
4 0 -8.4622 -.25 -.1701 -.7643 -.25 -2.0747 -6.5211 -.25 3.5604 -8.0043 -.25 1.2553
3 0 -9.9725 -.25 -7.7082 -9.7247 -.25 -7.9048 -9.2452 -.25 -7.5355
4 0 -10.3739 -.25 -7.3493 -9.9725 -.25 -7.7082 -9.2452 -.25 -7.5355 -10.9419 -.25 -6.7169
4 0 -9.2452 -.25 -7.5355 -8.748 -.25 -7.4554 -8.0406 -.25 -7.0559 -10.9419 -.25 -6.7169
3 0 -8.0406 -.25 -7.0559 -8.748 -.25 -7.4554 -8.3629 -.25 -7.2914
4 0 -10.9419 -.25 -6.7169 -8.0406 -.25 -7.0559 -7.8028 -.25 -6.7649 -7.666 -.25 -6.4383
3 0 -7.7312 -.25 -5.7578 -7.666 -.25 -6.4383 -7.6393 -.25 -6.0983
4 0 -7.666 -.25 -6.4383 -7.7312 -.25 -5.7578 -10.441 -.25 -4.1177 -10.9419 -.25 -6.7169
4 0 -9.6911 -.25 -2.8798 -10.441 -.25 -4.1177 -7.7312 -.25 -5.7578 1.6827 -.25 -3.7382
4 0 14.1098 -.25 17.5072 13.4282 -.25 15.206 14.0212 -.25 14.0391 15.0305 -.25 17.6279
3 0 13.0837 -.25 15.0995 12.6836 -.25 13.7485 13.037 -.25 13.8253
4 0 11.0279 -.25 11.328 12.6836 -.25 13.7485 13.0837 -.25 15.0995 12.0788 -.25 14.8757
4 0 10.8575 -.25 10.7527 10.6412 -.25 6.8536 12.6836 -.25 13.7485 11.0279 -.25 11.328
4 0 -9.3357 -.25 11.9298 2.3728 -.25 11.5086 3.6377 -.25 15.7789 -10.0423 -.25 12.4982
3 0 3.6377 -.25 15.7789 -9.5828 -.25 13.6333 -10.0423 -.25 12.4982
4 0 -10.8295 -.25 12.8891 -10.0423 -.25 12.4982 -9.5828 -.25 13.6333 -10.4105 -.25 14.0402
3 0 -8.7217 -.25 11.1934 -8.2109 -.25 10.3018 -6.7923 -.25 9.5176
4 0 3.4534 -.25 12.1637 5.419 -.25 11.5815 4.5752 -.25 15.9511 3.6377 -.25 15.7789
4 0 3.4534 -.25 12.1637 2.3728 -.25 11.5086 2.1413 -.25 10.7272 3.2404 -.25 11.4446
4 0 -16.138 -.25 11.5627 -18.4522 -.25 12.1939 -16.223 -.25 10.7993 -16.0335 -.25 10.8457
4 0 -16.138 -.25 11.5627 -15.4671 -.25 12.0565 -18.5525 -.25 12.3732 -18.4522 -.25 12.1939
4 0 -15.29 -.25 13.3937 -18.6415 -.25 12.7668 -18.5525 -.25 12.3732 -15.4671 -.25 12.0565
3 0 -15.5483 -.25 13.6626 -18.6415 -.25 12.7668 -15.29 -.25 13.3937
3 0 -16.4049 -.25 14.0976 -15.5483 -.25 13.6626 -15.948 -.25 13.9229
4 0 -18.6415 -.25 12.7668 -15.5483 -.25 13.6626 -16.4049 -.25 14.0976 -18.6042 -.25 13.1536
4 0 -16.4049 -.25 14.0976 -18.1692 -.25 13.8037 -18.4431 -.25 13.5073 -18.6042 -.25 13.1536
3 0 -16.888 -.25 14.1748 -17.3642 -.25 14.1492 -16.4049 -.25 14.0976
4 0 -15.29 -.25 13.3937 -15.4671 -.25 12.0565 -14.4984 -.25 12.5903 -14.6017 -.25 13.7568
4 0 -21.0816 -.25 11.7672 -20.1474 -.25 8.3396 -18.9854 -.25 8.6084 -18.4522 -.25 12.1939
4 0 -24.4257 -.25 11.3847 -24.5766 -.25 11.2 -21.0816 -.25 11.7672 -21.4658 -.25 11.9558
4 0 -21.4658 -.25 11.9558 -23.3605 -.25 11.9863 -23.9403 -.25 11.7393 -24.4257 -.25 11.3847
4 0 -22.7259 -.25 12.1087 -23.3605 -.25 11.9863 -21.4658 -.25 11.9558 -22.0796 -.25 12.0983
3 0 -21.2972 -.25 6.3666 -20.4717 -.25 5.7931 -20.0636 -.25 6.6072
4 0 -19.4558 -.25 7.0237 -19.8187 -.25 7.6347 -21.2972 -.25 6.3666 -20.0636 -.25 6.6072
4 0 -24.5766 -.25 11.2 -20.2158 -.25 8.1517 -20.1474 -.25 8.3396 -21.0816 -.25 11.7672
3 0 -22.0152 -.25 4.6026 -21.4951 -.25 2.9813 -21.0372 -.25 4.4068
4 0 -22.0152 -.25 4.6026 -22.1829 -.25 4.8633 -22.795 -.25 1.7913 -21.4951 -.25 2.9813
4 0 -21.8376 -.25 1.5411 -21.4951 -.25 2.9813 -22.795 -.25 1.7913 -22.8464 -.25 1.5709
4 0 -27.3189 -.25 2.6756 -27.1816 -.25 4.426 -27.4219 -.25 3.8525 -27.4688 -.25 3.2554
4 0 -27.1816 -.25 4.426 -27.3189 -.25 2.6756 -26.9827 -.25 2.1525 -26.4828 -.25 1.7218
4 0 -26.7641 -.25 4.937 -27.1816 -.25 4.426 -26.4828 -.25 1.7218 -25.8535 -.25 1.4128
4 0 -26.2927 -.25 5.2814 -26.7641 -.25 4.937 -25.8535 -.25 1.4128 -25.1376 -.25 1.2465
3 0 -23.6437 -.25 1.3772 -25.1376 -.25 1.2465 -24.3838 -.25 1.2344
4 0 -25.1376 -.25 1.2465 -23.6437 -.25 1.3772 -22.795 -.25 1.7913 -26.2927 -.25 5.2814
3 0 -22.795 -.25 1.7913 -23.6437 -.25 1.3772 -22.9675 -.25 1.6653
4 0 -22.795 -.25 1.7913 -23.312 -.25 5.6031 -24.0455 -.25 5.7696 -26.2927 -.25 5.2814
4 0 -22.795 -.25 1.7913 -22.1829 -.25 4.8633 -22.6827 -.25 5.2941 -23.312 -.25 5.6031
4 0 -20.2158 -.25 8.1517 -24.5766 -.25 11.2 -26.2927 -.25 5.2814 -24.0455 -.25 5.7696
4 0 -28.894 -.25 4.7163 -26.2927 -.25 5.2814 -24.5766 -.25 11.2 -28.655 -.25 10.5381
4 0 -19.8187 -.25 7.6347 -20.2158 -.25 8.1517 -24.0455 -.25 5.7696 -21.2972 -.25 6.3666
3 0 -28.655 -.25 10.5381 -34.2153 -.25 11.3004 -34.1253 -.25 10.9521
3 0 -28.2954 -.25 11.8183 -28.655 -.25 10.5381 -28.3434 -.25 11.206
4 0 -28.7939 -.25 12.9495 -34.2153 -.25 11.3004 -28.655 -.25 10.5381 -28.2954 -.25 11.8183
3 0 -28.7939 -.25 12.9495 -28.2954 -.25 11.8183 -28.449 -.25 12.413
4 0 -28.7939 -.25 12.9495 -33.9207 -.25 12.501 -34.1672 -.25 11.9127 -34.2153 -.25 11.3004
4 0 -28.7939 -.25 12.9495 -32.912 -.25 13.4492 -33.4926 -.25 13.025 -33.9207 -.25 12.501
4 0 -29.3066 -.25 13.3913 -29.952 -.25 13.7082 -32.912 -.25 13.4492 -28.7939 -.25 12.9495
4 0 -32.2185 -.25 13.7446 -32.912 -.25 13.4492 -29.952 -.25 13.7082 -30.6863 -.25 13.8787
4 0 -36.595 -.25 9.2354 -36.047 -.25 9.2834 -36.3034 -.25 11.5676 -36.9008 -.25 11.4829
4 0 -34.7736 -.25 11.2979 -35.5245 -.25 11.5121 -36.3034 -.25 11.5676 -36.047 -.25 9.2834
4 0 -36.047 -.25 9.2834 -35.4991 -.25 9.3313 -34.1253 -.25 10.9521 -34.7736 -.25 11.2979
4 0 -34.1253 -.25 10.9521 -35.4991 -.25 9.3313 -35.4621 -.25 8.9079 -28.655 -.25 10.5381
3 0 -40.6313 -.25 8.679 -36.5209 -.25 8.3887 -35.973 -.25 8.4366
3 0 -40.6313 -.25 8.679 -29.2213 -.25 5.2992 -35.973 -.25 8.4366
4 0 -38.9642 -.25 15.5226 -39.8352 -.25 15.5366 -40.4995 -.25 15.0169 -40.2453 -.25 15.001
4 0 -40.7472 -.25 14.9571 -40.4995 -.25 15.0169 -39.8352 -.25 15.5366 -40.5774 -.25 15.4284
4 0 -40.2453 -.25 15.001 -40.0231 -.25 14.9117 -38.1369 -.25 15.3305 -38.9642 -.25 15.5226
4 0 -37.5336 -.25 15.0343 -38.1369 -.25 15.3305 -40.0231 -.25 14.9117 -39.8668 -.25 14.7626
4 0 -39.8668 -.25 14.7626 -39.8002 -.25 14.5765 -36.3924 -.25 13.6735 -37.5336 -.25 15.0343
4 0 -36.2703 -.25 13.2011 -36.3924 -.25 13.6735 -39.8002 -.25 14.5765 -39.8334 -.25 14.3816
3 0 -39.8334 -.25 14.3816 -39.9615 -.25 14.2077 -36.2703 -.25 13.2011
3 0 -36.2703 -.25 13.2011 -37.7461 -.25 12.3248 -36.3245 -.25 12.5112
4 0 -38.3936 -.25 12.2681 -39.9615 -.25 14.2077 -40.1648 -.25 14.0812 -39.0411 -.25 12.2115
4 0 -37.7461 -.25 12.3248 -36.2703 -.25 13.2011 -39.9615 -.25 14.2077 -38.3936 -.25 12.2681
4 0 -39.0411 -.25 12.2115 -40.1648 -.25 14.0812 -40.4124 -.25 14.0213 -38.9975 -.25 11.7134
3 0 -40.6667 -.25 14.0373 -38.9975 -.25 11.7134 -40.4124 -.25 14.0213
4 0 -39.8304 -.25 17.5931 -41.0785 -.25 14.6566 -40.9505 -.25 14.8306 -40.5774 -.25 15.4284
4 0 -40.8889 -.25 14.1266 -43.1776 -.25 12.5425 -38.9975 -.25 11.7134 -40.6667 -.25 14.0373
4 0 -42.0754 -.25 10.6172 -41.0792 -.25 10.7043 -38.9975 -.25 11.7134 -43.1776 -.25 12.5425
4 0 -38.9975 -.25 11.7134 -41.0792 -.25 10.7043 -41.0138 -.25 9.9572 -38.954 -.25 11.2153
4 0 -38.3064 -.25 11.2719 -38.954 -.25 11.2153 -40.9484 -.25 9.21 -40.6313 -.25 8.679
3 0 -38.954 -.25 11.2153 -41.0138 -.25 9.9572 -40.9484 -.25 9.21
4 0 -45.3585 -.25 8.9923 -43.0716 -.25 10.53 -43.1776 -.25 12.5425 -45.5205 -.25 9.0073
4 0 -43.0716 -.25 10.53 -45.3585 -.25 8.9923 -44.8868 -.25 8.8027 -43.0062 -.25 9.7828
4 0 -42.9408 -.25 9.0357 -43.0062 -.25 9.7828 -44.8868 -.25 8.8027 -44.5549 -.25 8.4862
3 0 -42.9408 -.25 9.0357 -44.5549 -.25 8.4862 -44.4135 -.25 8.091
4 0 -44.756 -.25 7.3079 -43.6472 -.25 6.2662 -42.3521 -.25 6.3795 -44.4841 -.25 7.6772
4 0 -41.9446 -.25 9.1229 -44.4841 -.25 7.6772 -42.3521 -.25 6.3795 -40.6313 -.25 8.679
4 0 -45.1877 -.25 7.0393 -44.9422 -.25 6.1529 -43.6472 -.25 6.2662 -44.756 -.25 7.3079
4 0 -44.8551 -.25 5.1567 -44.9422 -.25 6.1529 -45.1877 -.25 7.0393 -45.7135 -.25 6.9122
4 0 -48.5558 -.25 4.2054 -48.006 -.25 4.5475 -46.2534 -.25 6.946 -46.7407 -.25 7.1662
4 0 -45.7135 -.25 6.9122 -46.2534 -.25 6.946 -48.006 -.25 4.5475 -47.2831 -.25 4.7223
4 0 -47.2831 -.25 4.7223 -46.5408 -.25 4.6757 -44.8551 -.25 5.1567 -45.7135 -.25 6.9122
3 0 -44.8551 -.25 5.1567 -46.5408 -.25 4.6757 -45.8922 -.25 4.4151
3 0 -44.7679 -.25 4.1605 -45.436 -.25 3.98 -45.2416 -.25 3.4366
4 0 -43.4728 -.25 4.2738 -44.7679 -.25 4.1605 -45.2416 -.25 3.4366 -45.3387 -.25 2.8678
4 0 -45.0831 -.25 1.9723 -44.3408 -.25 1.9257 -43.4728 -.25 4.2738 -45.3387 -.25 2.8678
3 0 -43.4728 -.25 4.2738 -44.3408 -.25 1.9257 -43.6922 -.25 1.6651
4 0 -43.6922 -.25 1.6651 -43.4526 -.25 1.4366 -42.1778 -.25 4.3871 -43.4728 -.25 4.2738
4 0 -47.6007 -.25 -12.6733 -47.2181 -.25 -13.003 -46.7376 -.25 -11.9356 -46.9817 -.25 -10.4772
4 0 -22.0588 -.25 .1108 -21.8376 -.25 1.5411 -22.8464 -.25 1.5709 -22.9418 -.25 .9233
4 0 -26.9946 -.25 .2725 -26.5695 -.25 -2.015 -22.1549 -.25 -1.2852 -22.9418 -.25 .9233
3 0 -22.9418 -.25 .9233 -22.1549 -.25 -1.2852 -22.0588 -.25 .1108
4 0 -26.5041 -.25 -2.7622 -21.7658 -.25 -4.0011 -22.1244 -.25 -2.623 -26.5368 -.25 -2.3886
4 0 -25.7188 -.25 -9.1523 -21.2885 -.25 -6.0652 -21.6124 -.25 -5.2275 -26.5041 -.25 -2.7622
4 0 -21.7491 -.25 -4.3834 -26.5041 -.25 -2.7622 -21.6124 -.25 -5.2275 -21.6337 -.25 -4.5407
4 0 -29.3662 -.25 3.1223 -29.9059 -.25 .8022 -29.4327 -.25 .8436 -29.1779 -.25 3.1193
4 0 -28.9595 -.25 .885 -28.462 -.25 2.9531 -29.1779 -.25 3.1193 -29.4327 -.25 .8436
4 0 -27.3329 -.25 2.2133 -27.8327 -.25 2.6441 -28.462 -.25 2.9531 -28.9595 -.25 .885
4 0 -28.9595 -.25 .885 -28.9268 -.25 .5114 -26.9966 -.25 1.6902 -27.3329 -.25 2.2133
3 0 -26.9966 -.25 1.6902 -26.8936 -.25 .5134 -26.8467 -.25 1.1104
3 0 -29.8405 -.25 .055 -31.297 -.25 -3.6713 -31.0068 -.25 -3.6006
4 0 -31.297 -.25 -3.6713 -29.8405 -.25 .055 -29.8732 -.25 .4286 -31.9195 -.25 -3.8096
3 0 -29.2213 -.25 5.2992 -29.9059 -.25 .8022 -29.3662 -.25 3.1223
3 0 -29.2213 -.25 5.2992 -29.9059 -.25 .8022 -29.8732 -.25 .4286
3 0 -29.2213 -.25 5.2992 -31.9195 -.25 -3.8096 -29.8732 -.25 .4286
4 0 -32.6228 -.25 -8.1471 -31.5564 -.25 -4.5471 -31.9195 -.25 -3.8096 -35.3277 -.25 -15.3154
4 0 6.0861 -.25 -5.3554 6.9182 -.25 -5.7149 7.8988 -.25 -2.4046 7.1369 -.25 -1.8078
4 0 5.5285 -.25 -4.7731 4.7117 -.25 -4.0097 3.5825 -.25 -4.3009 5.3602 -.25 -5.9625
4 0 6.523 -.25 -7.0493 6.9182 -.25 -5.7149 6.0861 -.25 -5.3554 5.3602 -.25 -5.9625
4 0 -14.2623 -.25 -15.2618 -14.3539 -.25 -14.9076 -19.6529 -.25 -15.93 -19.6367 -.25 -16.0892
4 0 -19.6529 -.25 -15.93 -14.3539 -.25 -14.9076 -14.6708 -.25 -14.4146 -19.6087 -.25 -15.3673
4 0 -14.6708 -.25 -14.4146 -15.1419 -.25 -14.0086 -19.3822 -.25 -14.8268 -19.6087 -.25 -15.3673
4 0 -15.7351 -.25 -13.7174 -16.4098 -.25 -13.5607 -19.3822 -.25 -14.8268 -15.1419 -.25 -14.0086
4 0 -18.9887 -.25 -14.3452 -19.3822 -.25 -14.8268 -16.4098 -.25 -13.5607 -18.4552 -.25 -13.9553
4 0 -16.4098 -.25 -13.5607 -17.1202 -.25 -13.5493 -17.8179 -.25 -13.6839 -18.4552 -.25 -13.9553
4 0 -15.7237 -.25 -12.6917 -14.8184 -.25 -13.7129 -13.818 -.25 -14.1212 -14.9293 -.25 -13.1405
4 0 -13.5444 -.25 -14.357 -13.9128 -.25 -13.5637 -14.9293 -.25 -13.1405 -13.818 -.25 -14.1212
4 0 -13.0106 -.25 -14.6191 -13.0499 -.25 -13.8245 -13.9128 -.25 -13.5637 -13.5444 -.25 -14.357
3 0 -13.0499 -.25 -13.8245 -13.0106 -.25 -14.6191 -12.704 -.25 -13.8972
4 0 -12.704 -.25 -13.8972 -13.0106 -.25 -14.6191 -12.4033 -.25 -14.7601 -12.5117 -.25 -13.8076
4 0 -12.5117 -.25 -13.8076 -12.4033 -.25 -14.7601 -11.764 -.25 -14.7704 -11.1362 -.25 -14.6493
4 0 -10.9918 -.25 -14.5878 -10.7135 -.25 -14.5685 -10.8095 -.25 -14.5101 -12.5117 -.25 -13.8076
4 0 -10.5627 -.25 -14.405 -10.0826 -.25 -14.0542 -12.5117 -.25 -13.8076 -10.8095 -.25 -14.5101
4 0 -12.5117 -.25 -13.8076 -10.0826 -.25 -14.0542 -9.7285 -.25 -13.6208 -12.5074 -.25 -13.6495
3 0 -9.4849 -.25 -12.6279 -9.7285 -.25 -13.6208 -9.5246 -.25 -13.1343
3 0 -9.8375 -.25 -11.7852 -9.4849 -.25 -12.6279 -9.612 -.25 -12.1361
4 0 -9.7285 -.25 -13.6208 -9.4849 -.25 -12.6279 -9.8375 -.25 -11.7852 -12.5074 -.25 -13.6495
4 0 -11.7292 -.25 -11.2191 -12.5074 -.25 -13.6495 -9.8375 -.25 -11.7852 -11.1269 -.25 -11.1723
4 0 -10.7372 -.25 -10.843 -11.1269 -.25 -11.1723 -9.8375 -.25 -11.7852 -10.4604 -.25 -11.0956
3 0 -9.9607 -.25 -11.3307 -9.8375 -.25 -11.7852 -9.3798 -.25 -11.4889
4 0 -12.5074 -.25 -13.6495 -11.7292 -.25 -11.2191 -12.4084 -.25 -11.1847 -12.6739 -.25 -13.3761
4 0 -12.6739 -.25 -13.3761 -12.4084 -.25 -11.1847 -13.1474 -.25 -11.0222 -13.0667 -.25 -12.701
4 0 -13.4293 -.25 -10.9196 -13.4595 -.25 -12.026 -13.0667 -.25 -12.701 -13.1474 -.25 -11.0222
4 0 -1.412 -.25 -6.7947 -.1404 -.25 -6.8367 -.4537 -.25 -6.7109 -.9391 -.25 -6.6804
4 0 -1.8002 -.25 -7.0363 -1.8537 -.25 -7.109 -.1404 -.25 -6.8367 -1.412 -.25 -6.7947
4 0 -1.8537 -.25 -7.109 .269 -.25 -7.1659 -.0294 -.25 -6.8814 -.1404 -.25 -6.8367
4 0 .269 -.25 -7.1659 -1.8537 -.25 -7.109 -2.0446 -.25 -7.3684 -2.1081 -.25 -7.7404
4 0 .269 -.25 -7.1659 -2.1081 -.25 -7.7404 -1.981 -.25 -8.0958 .3961 -.25 -7.5213
4 0 -1.981 -.25 -8.0958 .0882 -.25 -8.2254 .3326 -.25 -7.8934 .3961 -.25 -7.5213
4 0 -1.6826 -.25 -8.3804 -1.2583 -.25 -8.5509 .0882 -.25 -8.2254 -1.981 -.25 -8.0958
4 0 .0882 -.25 -8.2254 -1.2583 -.25 -8.5509 -.7728 -.25 -8.5813 -.3 -.25 -8.467
3 0 -11.1395 -.25 -10.476 -11.1269 -.25 -11.1723 -10.7372 -.25 -10.843
4 0 -11.6903 -.25 -9.7966 -11.6522 -.25 -10.7151 -11.1269 -.25 -11.1723 -11.1395 -.25 -10.476
4 0 -37.5336 -.25 15.0343 -36.3924 -.25 13.6735 -34.6553 -.25 15.6094 -37.6153 -.25 15.3504
4 0 -46.3059 -.25 1.9907 -46.3996 -.25 1.4282 -45.806 -.25 1.7975 -45.7124 -.25 2.3601
4 0 -45.7124 -.25 2.3601 -45.806 -.25 1.7975 -45.0831 -.25 1.9723 -45.3387 -.25 2.8678
4 0 -49.6881 -.25 2.7189 -48.9961 -.25 3.5368 -48.5558 -.25 4.2054 -46.7407 -.25 7.1662
4 0 24.1 -.25 16.6298 24.1 -.25 19.5 15.0305 -.25 17.6279 14.0212 -.25 14.0391
4 4 -55 -.25 -22 -60.8607 -.25 -14.1393 -60.8607 -.25 -16.2607 -56.7678 -.25 -21.2678
3 4 -41.0452 -.25 14.2756 -40.8889 -.25 14.1266 -41.1118 -.25 14.4618
4 4 -41.1118 -.25 14.4618 -40.8889 -.25 14.1266 -40.6667 -.25 14.0373 -40.4124 -.25 14.0213
4 4 -41.1118 -.25 14.4618 -40.4124 -.25 14.0213 -40.1648 -.25 14.0812 -39.9615 -.25 14.2077
3 4 -39.8002 -.25 14.5765 -39.9615 -.25 14.2077 -39.8334 -.25 14.3816
3 4 -40.0231 -.25 14.9117 -39.8002 -.25 14.5765 -39.8668 -.25 14.7626
4 4 -39.9615 -.25 14.2077 -39.8002 -.25 14.5765 -40.0231 -.25 14.9117 -41.1118 -.25 14.4618
4 4 -41.1118 -.25 14.4618 -40.0231 -.25 14.9117 -40.2453 -.25 15.001 -40.4995 -.25 15.0169
4 4 -41.1118 -.25 14.4618 -40.4995 -.25 15.0169 -40.7472 -.25 14.9571 -40.9505 -.25 14.8306
3 4 -41.0785 -.25 14.6566 -41.1118 -.25 14.4618 -40.9505 -.25 14.8306
4 4 -48.876 -.25 2.5583 -48.4198 -.25 2.1232 -47.0289 -.25 1.816 -49.0704 -.25 3.1017
3 4 -47.7711 -.25 1.8625 -47.0289 -.25 1.816 -48.4198 -.25 2.1232
3 4 -46.3059 -.25 1.9907 -45.7124 -.25 2.3601 -47.0289 -.25 1.816
4 4 -45.3387 -.25 2.8678 -45.2416 -.25 3.4366 -47.0289 -.25 1.816 -45.7124 -.25 2.3601
4 4 -47.0289 -.25 1.816 -45.2416 -.25 3.4366 -45.436 -.25 3.98 -45.8922 -.25 4.4151
4 4 -47.0289 -.25 1.816 -45.8922 -.25 4.4151 -46.5408 -.25 4.6757 -47.2831 -.25 4.7223
4 4 -48.006 -.25 4.5475 -48.5558 -.25 4.2054 -47.0289 -.25 1.816 -47.2831 -.25 4.7223
4 4 -46.676 -.25 -.1917 -46.2198 -.25 -.6268 -45.0831 -.25 1.9723 -46.8704 -.25 .3517
4 4 -45.0831 -.25 1.9723 -46.2198 -.25 -.6268 -45.5711 -.25 -.8875 -44.8289 -.25 -.934
4 4 -43.4526 -.25 1.4366 -43.6922 -.25 1.6651 -44.3408 -.25 1.9257 -45.0831 -.25 1.9723
3 4 -45.0831 -.25 1.9723 -45.806 -.25 1.7975 -46.3996 -.25 1.4282
4 4 -46.7733 -.25 .9205 -46.8704 -.25 .3517 -45.0831 -.25 1.9723 -46.3996 -.25 1.4282
4 4 -43.2248 -.25 -16.9895 -43.259 -.25 -17.4247 -41.1553 -.25 -17.2406 -43.0496 -.25 -16.5715
4 4 -41.1553 -.25 -17.2406 -43.259 -.25 -17.4247 -43.1498 -.25 -17.8473 -42.9046 -.25 -18.2286
4 4 -42.5403 -.25 -18.5426 -42.0816 -.25 -18.7678 -41.1553 -.25 -17.2406 -42.9046 -.25 -18.2286
4 4 -41.1553 -.25 -17.2406 -42.0816 -.25 -18.7678 -41.5598 -.25 -18.889 -41.0104 -.25 -18.8978
3 4 -39.978 -.25 -18.5838 -41.0104 -.25 -18.8978 -40.4708 -.25 -18.7937
4 4 -41.0104 -.25 -18.8978 -39.978 -.25 -18.5838 -39.2611 -.25 -17.9098 -41.1553 -.25 -17.2406
3 4 -39.2611 -.25 -17.9098 -39.978 -.25 -18.5838 -39.5653 -.25 -18.2823
4 4 -41.1553 -.25 -17.2406 -39.2611 -.25 -17.9098 -39.0859 -.25 -17.4918 -39.0517 -.25 -17.0566
4 4 -39.1609 -.25 -16.634 -39.406 -.25 -16.2527 -41.1553 -.25 -17.2406 -39.0517 -.25 -17.0566
3 4 -40.2291 -.25 -15.7135 -39.406 -.25 -16.2527 -39.7704 -.25 -15.9387
4 4 -39.406 -.25 -16.2527 -40.2291 -.25 -15.7135 -41.3003 -.25 -15.5835 -41.1553 -.25 -17.2406
3 4 -41.3003 -.25 -15.5835 -40.2291 -.25 -15.7135 -40.7509 -.25 -15.5923
4 4 -39.1053 -.25 -19.9906 -41.1055 -.25 -20.1656 -41.0016 -.25 -20.5675 -40.7686 -.25 -20.93
4 4 -40.4222 -.25 -21.2285 -39.986 -.25 -21.4427 -39.1053 -.25 -19.9906 -40.7686 -.25 -20.93
4 4 -39.1053 -.25 -19.9906 -39.986 -.25 -21.4427 -39.4899 -.25 -21.5579 -38.9675 -.25 -21.5663
3 4 -37.9859 -.25 -21.2677 -38.9675 -.25 -21.5663 -38.4545 -.25 -21.4673
4 4 -38.9675 -.25 -21.5663 -37.9859 -.25 -21.2677 -37.3043 -.25 -20.6269 -39.1053 -.25 -19.9906
3 4 -37.3043 -.25 -20.6269 -37.9859 -.25 -21.2677 -37.5936 -.25 -20.9811
4 4 -39.1053 -.25 -19.9906 -37.3043 -.25 -20.6269 -37.1377 -.25 -20.2294 -37.1052 -.25 -19.8157
4 4 -39.1053 -.25 -19.9906 -37.1052 -.25 -19.8157 -37.209 -.25 -19.4138 -37.4421 -.25 -19.0513
4 4 -37.7885 -.25 -18.7528 -38.2247 -.25 -18.5386 -39.1053 -.25 -19.9906 -37.4421 -.25 -19.0513
4 4 -39.7562 -.25 -18.514 -40.2248 -.25 -18.7136 -39.1053 -.25 -19.9906 -39.2432 -.25 -18.415
4 4 -40.6171 -.25 -19 -40.9064 -.25 -19.3544 -39.1053 -.25 -19.9906 -40.2248 -.25 -18.7136
4 4 -41.073 -.25 -19.7519 -41.1055 -.25 -20.1656 -39.1053 -.25 -19.9906 -40.9064 -.25 -19.3544
4 4 -38.7208 -.25 -18.4234 -39.2432 -.25 -18.415 -39.1053 -.25 -19.9906 -38.2247 -.25 -18.5386
4 4 -26.1884 -.25 -22 -26.2441 -.25 -21.766 -27.6454 -.25 -21.6782 -27.8141 -.25 -22
4 4 -27.6454 -.25 -21.6782 -26.2441 -.25 -21.766 -26.4462 -.25 -21.5733 -27.3825 -.25 -21.5146
4 4 -27.3825 -.25 -21.5146 -26.4462 -.25 -21.5733 -26.7335 -.25 -21.4578 -27.0623 -.25 -21.4372
4 4 -33.8798 -.25 -21.8685 -33.7534 -.25 -22 -32.2614 -.25 -22 -31.9008 -.25 -21.6954
4 4 -34.2132 -.25 -21.5504 -33.8798 -.25 -21.8685 -31.9008 -.25 -21.6954 -34.3553 -.25 -21.1533
4 4 -34.3553 -.25 -21.1533 -31.9008 -.25 -21.6954 -31.6276 -.25 -21.3242 -31.5567 -.25 -20.9084
4 4 -34.2844 -.25 -20.7375 -34.3553 -.25 -21.1533 -31.5567 -.25 -20.9084 -34.0112 -.25 -20.3664
3 4 -33.5773 -.25 -20.0964 -34.0112 -.25 -20.3664 -31.5567 -.25 -20.9084
4 4 -32.5063 -.25 -20.0027 -33.0489 -.25 -19.9687 -31.6987 -.25 -20.5113 -32.0322 -.25 -20.1932
4 4 -31.5567 -.25 -20.9084 -31.6987 -.25 -20.5113 -33.0489 -.25 -19.9687 -33.5773 -.25 -20.0964
4 4 -46.8818 -.25 -14.3044 -46.9606 -.25 -13.4035 -47.6007 -.25 -12.6733 -55 -.25 -22
3 4 -47.6007 -.25 -12.6733 -46.9606 -.25 -13.4035 -47.2181 -.25 -13.003
3 4 -46.9606 -.25 -13.4035 -46.8818 -.25 -14.3044 -46.846 -.25 -13.8474
4 4 -55 -.25 -22 -45.8825 -.25 -14.6367 -46.4306 -.25 -14.5094 -46.9642 -.25 -14.5009
4 4 -55 -.25 -22 -44.8658 -.25 -16.9435 -44.6818 -.25 -16.5044 -44.646 -.25 -16.0474
4 4 -55 -.25 -22 -45.371 -.25 -17.4703 -45.1854 -.25 -17.3347 -44.8658 -.25 -16.9435
3 4 -45.0076 -.25 -17.4002 -45.371 -.25 -17.4703 -44.4306 -.25 -17.4094
4 4 -43.4007 -.25 -17.7733 -44.4306 -.25 -17.4094 -45.371 -.25 -17.4703 -55 -.25 -22
3 4 -44.4306 -.25 -17.4094 -43.4007 -.25 -17.7733 -43.8825 -.25 -17.5367
4 4 -55 -.25 -22 -42.7606 -.25 -18.5035 -43.0181 -.25 -18.103 -43.4007 -.25 -17.7733
4 4 -42.646 -.25 -18.9474 -42.7606 -.25 -18.5035 -55 -.25 -22 -42.6818 -.25 -19.4044
4 4 -43.3319 -.25 -20.3417 -43.1854 -.25 -20.2347 -42.6818 -.25 -19.4044 -55 -.25 -22
3 4 -42.6818 -.25 -19.4044 -43.1854 -.25 -20.2347 -42.8658 -.25 -19.8435
4 4 -40.496 -.25 -21.7974 -43.3319 -.25 -20.3417 -55 -.25 -22 -40.5053 -.25 -22
4 4 -42.8576 -.25 -20.2502 -43.3319 -.25 -20.3417 -40.496 -.25 -21.7974 -42.2806 -.25 -20.2594
4 4 -40.6106 -.25 -21.3535 -40.8681 -.25 -20.953 -42.2806 -.25 -20.2594 -40.496 -.25 -21.7974
4 4 -42.2806 -.25 -20.2594 -40.8681 -.25 -20.953 -41.2507 -.25 -20.6233 -41.7325 -.25 -20.3867
4 4 -21.6556 -.25 -13.8732 -22.1198 -.25 -14.0804 -22.1776 -.25 -14.8174 -20.9103 -.25 -14.0462
4 4 -19.6087 -.25 -15.3673 -20.9103 -.25 -14.0462 -22.1776 -.25 -14.8174 -20.8975 -.25 -16.2881
4 4 -22.4743 -.25 -15.5255 -21.8478 -.25 -16.0502 -20.8975 -.25 -16.2881 -22.1776 -.25 -14.8174
3 4 -20.9103 -.25 -14.0462 -19.6087 -.25 -15.3673 -20.1257 -.25 -14.0588
4 4 -19.3822 -.25 -14.8268 -19.3551 -.25 -13.9102 -20.1257 -.25 -14.0588 -19.6087 -.25 -15.3673
4 4 -18.9887 -.25 -14.3452 -18.6512 -.25 -13.6103 -19.3551 -.25 -13.9102 -19.3822 -.25 -14.8268
3 4 -18.0619 -.25 -13.1798 -18.4552 -.25 -13.9553 -17.8179 -.25 -13.6839
4 4 -17.8179 -.25 -13.6839 -17.1202 -.25 -13.5493 -17.6273 -.25 -12.6478 -18.0619 -.25 -13.1798
4 4 -17.6273 -.25 -12.6478 -17.1202 -.25 -13.5493 -16.561 -.25 -12.653 -17.3651 -.25 -11.8979
4 4 -16.561 -.25 -12.653 -17.1202 -.25 -13.5493 -16.4098 -.25 -13.5607 -15.7239 -.25 -13.2769
4 4 -15.7351 -.25 -13.7174 -14.8184 -.25 -13.7129 -15.7239 -.25 -13.2769 -16.4098 -.25 -13.5607
4 4 -15.7351 -.25 -13.7174 -15.1419 -.25 -14.0086 -13.818 -.25 -14.1212 -14.8184 -.25 -13.7129
4 4 -13.5444 -.25 -14.357 -13.818 -.25 -14.1212 -15.1419 -.25 -14.0086 -14.6708 -.25 -14.4146
4 4 -14.6708 -.25 -14.4146 -14.3539 -.25 -14.9076 -13.0106 -.25 -14.6191 -13.5444 -.25 -14.357
4 4 -10.5627 -.25 -14.405 -10.8095 -.25 -14.5101 -10.7135 -.25 -14.5685 -4.4693 -.25 -13.747
3 4 -7.7213 -.25 -10.3736 -10.7372 -.25 -10.843 -10.4604 -.25 -11.0956
4 4 -9.9607 -.25 -11.3307 -9.3798 -.25 -11.4889 -7.7213 -.25 -10.3736 -10.4604 -.25 -11.0956
4 4 -8.7647 -.25 -11.5532 -7.6409 -.25 -10.766 -7.7213 -.25 -10.3736 -9.3798 -.25 -11.4889
4 4 -9.612 -.25 -12.1361 -9.4849 -.25 -12.6279 -8.7647 -.25 -11.5532 -9.3072 -.25 -11.7282
4 4 -7.6409 -.25 -10.766 -8.7647 -.25 -11.5532 -9.4849 -.25 -12.6279 -7.4494 -.25 -11.0639
4 4 -9.5246 -.25 -13.1343 -7.1648 -.25 -11.3092 -7.4494 -.25 -11.0639 -9.4849 -.25 -12.6279
4 4 -4.4693 -.25 -13.747 -6.8064 -.25 -11.4852 -7.1648 -.25 -11.3092 -9.5246 -.25 -13.1343
3 4 -6.8064 -.25 -11.4852 -4.4693 -.25 -13.747 -6.3987 -.25 -11.5798
4 4 -4.4693 -.25 -13.747 -11.1362 -.25 -14.6493 -11.764 -.25 -14.7704 -14.2623 -.25 -15.2618
4 4 -4.4693 -.25 -13.747 -2.2094 -.25 -13.3975 -5.1629 -.25 -11.3414 -5.548 -.25 -11.5054
3 4 -4.6028 -.25 -10.8149 -4.8406 -.25 -11.1059 1.354 -.25 -11.6215
4 4 -4.4393 -.25 -10.1483 -4.466 -.25 -10.4883 1.354 -.25 -11.6215 1.2843 -.25 -10.8246
3 4 -4.466 -.25 -10.4883 -4.6028 -.25 -10.8149 1.354 -.25 -11.6215
3 4 7.1089 -.25 -8.6886 1.2843 -.25 -10.8246 2.3303 -.25 -10.733
4 4 -4.4393 -.25 -10.1483 1.2843 -.25 -10.8246 7.1089 -.25 -8.6886 -4.5102 -.25 -9.8737
4 4 7.1525 -.25 -9.1867 7.1089 -.25 -8.6886 2.3303 -.25 -10.733 3.3763 -.25 -10.6415
4 4 3.446 -.25 -11.4385 7.1961 -.25 -9.6847 7.1525 -.25 -9.1867 3.3763 -.25 -10.6415
4 4 7.1961 -.25 -9.6847 3.446 -.25 -11.4385 3.5157 -.25 -12.2354 7.8436 -.25 -9.6281
3 4 66.3 -.25 1.1488 8.4039 -.25 -8.5753 66.3 -.25 -2.8005
4 4 -55 -.25 -22 -47.6007 -.25 -12.6733 -46.9817 -.25 -10.4772 -60.8607 -.25 -14.1393
4 4 -47.9576 -.25 -7.1502 -48.5243 -.25 -7.2595 -46.9817 -.25 -10.4772 -47.3806 -.25 -7.1594
4 4 -46.2913 -.25 -7.5745 -46.9817 -.25 -10.4772 -45.6639 -.25 -6.0284 -45.8952 -.25 -6.1974
3 4 -45.8952 -.25 -6.1974 -46.1707 -.25 -6.5347 -46.3294 -.25 -6.9132
4 4 -48.5243 -.25 -7.2595 -50.2076 -.25 -4.3002 -60.8607 -.25 -14.1393 -46.9817 -.25 -10.4772
4 4 -48.0658 -.25 -6.7435 -49.6306 -.25 -4.3094 -50.2076 -.25 -4.3002 -48.3854 -.25 -7.1347
3 4 -50.2076 -.25 -4.3002 -48.5243 -.25 -7.2595 -48.3854 -.25 -7.1347
4 4 -47.9606 -.25 -5.4035 -48.6007 -.25 -4.6733 -49.0825 -.25 -4.4367 -47.8818 -.25 -6.3044
4 4 -49.6306 -.25 -4.3094 -48.0658 -.25 -6.7435 -47.8818 -.25 -6.3044 -49.0825 -.25 -4.4367
3 4 -47.9606 -.25 -5.4035 -47.8818 -.25 -6.3044 -47.846 -.25 -5.8474
4 4 -48.1657 -.25 -5.0846 -48.2575 -.25 -4.969 -48.6007 -.25 -4.6733 -47.9606 -.25 -5.4035
4 4 -44.8056 -.25 -3.1307 -45.1596 -.25 -2.8256 -45.8402 -.25 -5.5997 -45.4931 -.25 -5.4518
3 4 -45.1596 -.25 -2.8256 -46.3645 -.25 -5.7008 -45.8402 -.25 -5.5997
4 4 -45.1596 -.25 -2.8256 -45.6053 -.25 -2.6068 -46.1124 -.25 -2.489 -46.3645 -.25 -5.7008
4 4 -47.1704 -.25 -2.5816 -46.8983 -.25 -5.6923 -46.3645 -.25 -5.7008 -46.1124 -.25 -2.489
3 4 -46.6462 -.25 -2.4804 -47.1704 -.25 -2.5816 -46.1124 -.25 -2.489
4 4 -46.8983 -.25 -5.6923 -47.1704 -.25 -2.5816 -47.6493 -.25 -2.7856 -48.0503 -.25 -3.0785
4 4 -48.0503 -.25 -3.0785 -47.8511 -.25 -5.3557 -47.4053 -.25 -5.5745 -46.8983 -.25 -5.6923
4 4 -48.3459 -.25 -3.4404 -48.5162 -.25 -3.8466 -47.8511 -.25 -5.3557 -48.0503 -.25 -3.0785
4 4 -48.1657 -.25 -5.0846 -47.8511 -.25 -5.3557 -48.5162 -.25 -3.8466 -48.2575 -.25 -4.969
4 4 -48.4432 -.25 -4.6801 -48.2575 -.25 -4.969 -48.5162 -.25 -3.8466 -48.5493 -.25 -4.2695
3 4 -50.2076 -.25 -4.3002 -50.5741 -.25 -4.3709 -60.8607 -.25 -14.1393
4 4 -50.2658 -.25 -3.9935 -50.0818 -.25 -3.5544 -60.8607 -.25 -14.1393 -50.5741 -.25 -4.3709
3 4 -50.1606 -.25 -2.6535 -50.0818 -.25 -3.5544 -50.046 -.25 -3.0974
4 4 -50.3551 -.25 -2.3006 -60.8607 -.25 -14.1393 -50.0818 -.25 -3.5544 -50.1606 -.25 -2.6535
4 4 -49.5096 -.25 2.6744 -49.6881 -.25 2.7189 -60.8607 -.25 -14.1393 -49.1556 -.25 2.3693
4 4 -49.7993 -.25 -.0356 -49.7113 -.25 .1043 -49.1556 -.25 2.3693 -60.8607 -.25 -14.1393
4 4 -48.9174 -.25 1.9988 -49.1556 -.25 2.3693 -49.7113 -.25 .1043 -49.3104 -.25 .3972
4 4 -49.0147 -.25 .7591 -48.8445 -.25 1.1653 -48.9174 -.25 1.9988 -49.3104 -.25 .3972
4 4 -50.0011 -.25 -2.6057 -49.3204 -.25 .1684 -49.7993 -.25 -.0356 -50.3551 -.25 -2.3006
4 4 -49.5553 -.25 -2.8245 -48.7962 -.25 .2696 -49.3204 -.25 .1684 -50.0011 -.25 -2.6057
4 4 -47.7553 -.25 .1432 -48.7962 -.25 .2696 -49.5553 -.25 -2.8245 -48.5145 -.25 -2.9508
3 4 -49.5553 -.25 -2.8245 -49.0483 -.25 -2.9423 -48.5145 -.25 -2.9508
3 4 -48.7962 -.25 .2696 -47.7553 -.25 .1432 -48.2624 -.25 .261
4 4 -47.9902 -.25 -2.8497 -47.5113 -.25 -2.6457 -47.7553 -.25 .1432 -48.5145 -.25 -2.9508
4 4 -47.1104 -.25 -2.3528 -47.3096 -.25 -.0756 -47.7553 -.25 .1432 -47.5113 -.25 -2.6457
4 4 -46.9556 -.25 -.3807 -47.3096 -.25 -.0756 -47.1104 -.25 -2.3528 -46.7174 -.25 -.7512
4 4 -46.7174 -.25 -.7512 -47.1104 -.25 -2.3528 -46.8147 -.25 -1.9909 -46.6113 -.25 -1.1618
4 4 -33.9485 -.25 -12.6227 -34.4763 -.25 -14.4045 -34.1275 -.25 -14.5447 -33.7931 -.25 -12.5852
4 4 -33.2845 -.25 -12.617 -33.7931 -.25 -12.5852 -34.1275 -.25 -14.5447 -33.6189 -.25 -14.5766
4 4 -33.1235 -.25 -14.4569 -32.84 -.25 -12.7956 -33.2845 -.25 -12.617 -33.6189 -.25 -14.5766
4 4 -33.1235 -.25 -14.4569 -32.7168 -.25 -14.2038 -32.5274 -.25 -13.0938 -32.84 -.25 -12.7956
4 4 -32.4607 -.25 -13.8559 -32.3942 -.25 -13.4661 -32.5274 -.25 -13.0938 -32.7168 -.25 -14.2038
4 4 -32.0945 -.25 -9.4337 -31.8584 -.25 -8.0505 -32.2175 -.25 -8.028 -32.4535 -.25 -9.4112
4 4 -32.9175 -.25 -9.1419 -32.7673 -.25 -9.2852 -32.5672 -.25 -8.1125 -32.6228 -.25 -8.1471
4 4 -32.7673 -.25 -9.2852 -32.4535 -.25 -9.4112 -32.2175 -.25 -8.028 -32.5672 -.25 -8.1125
4 4 -31.7448 -.25 -9.3492 -31.5447 -.25 -8.1766 -31.8584 -.25 -8.0505 -32.0945 -.25 -9.4337
4 4 -31.5447 -.25 -8.1766 -31.7448 -.25 -9.3492 -31.4577 -.25 -9.1706 -31.324 -.25 -8.387
4 4 -31.324 -.25 -8.387 -31.4577 -.25 -9.1706 -31.2769 -.25 -8.925 -31.23 -.25 -8.6498
4 4 -31.297 -.25 -3.6713 -31.5564 -.25 -4.5471 -31.4607 -.25 -4.6385 -31.0068 -.25 -3.6006
4 4 -31.0068 -.25 -3.6006 -31.4607 -.25 -4.6385 -31.2016 -.25 -4.7426 -30.9052 -.25 -4.7612
4 4 -30.9052 -.25 -4.7612 -30.6165 -.25 -4.6914 -30.7103 -.25 -3.6191 -31.0068 -.25 -3.6006
4 4 -30.4513 -.25 -3.7232 -30.7103 -.25 -3.6191 -30.6165 -.25 -4.6914 -30.3795 -.25 -4.5439
4 4 -30.3795 -.25 -4.5439 -30.2303 -.25 -4.3411 -30.2691 -.25 -3.897 -30.4513 -.25 -3.7232
4 4 -46.2534 -.25 6.946 -45.3585 -.25 8.9923 -45.5205 -.25 9.0073 -46.7407 -.25 7.1662
4 4 -46.2534 -.25 6.946 -45.7135 -.25 6.9122 -44.8868 -.25 8.8027 -45.3585 -.25 8.9923
4 4 -44.8868 -.25 8.8027 -45.7135 -.25 6.9122 -45.1877 -.25 7.0393 -44.5549 -.25 8.4862
4 4 -45.1877 -.25 7.0393 -44.756 -.25 7.3079 -44.4135 -.25 8.091 -44.5549 -.25 8.4862
4 4 -48.9961 -.25 3.5368 -49.0704 -.25 3.1017 -47.0289 -.25 1.816 -48.5558 -.25 4.2054
4 4 -45.0831 -.25 1.9723 -44.8289 -.25 -.934 -44.1024 -.25 -.7571 -43.4526 -.25 1.4366
4 4 -45.3996 -.25 -13.9215 -41.6111 -.25 -15.2598 -41.4557 -.25 -14.8891 -45.2677 -.25 -13.7599
4 4 -45.3996 -.25 -13.9215 -45.5748 -.25 -14.3395 -41.9153 -.25 -15.6323 -41.6111 -.25 -15.2598
4 4 -45.6062 -.25 -14.7744 -42.2023 -.25 -15.842 -41.9153 -.25 -15.6323 -45.5748 -.25 -14.3395
4 4 -42.4583 -.25 -15.9893 -42.2023 -.25 -15.842 -45.6062 -.25 -14.7744 -42.8208 -.25 -16.1437
4 4 -43.3604 -.25 -16.2478 -42.8208 -.25 -16.1437 -45.6062 -.25 -14.7744 -43.9098 -.25 -16.239
4 4 -45.6062 -.25 -14.7744 -44.6562 -.25 -16.0075 -44.4316 -.25 -16.1178 -43.9098 -.25 -16.239
4 4 -42.7453 -.25 -16.199 -43.0496 -.25 -16.5715 -41.1553 -.25 -17.2406 -42.4583 -.25 -15.9893
4 4 -41.8398 -.25 -15.6876 -42.2023 -.25 -15.842 -41.1553 -.25 -17.2406 -41.3003 -.25 -15.5835
4 4 -39.076 -.25 -15.8917 -36.5059 -.25 -16.4593 -36.3927 -.25 -16.3888 -39.1951 -.25 -15.5587
3 4 -36.5059 -.25 -16.4593 -37.9711 -.25 -16.5875 -37.2289 -.25 -16.634
3 4 8.4911 -.25 -9.5714 7.8436 -.25 -9.6281 10 -.25 -10
4 4 8.4475 -.25 -9.0733 10 -.25 -10 66.3 -.25 -2.8005 8.4039 -.25 -8.5753
3 4 -45.6062 -.25 -14.7744 -44.646 -.25 -16.0474 -44.6562 -.25 -16.0075
4 15 66.3 -.25 -2.8005 17.1 -.25 -13 64.8 -.25 -13 66.3 -.25 -11.5
4 15 13.1724 -.25 17.1591 13.0837 -.25 15.0995 13.4282 -.25 15.206 14.1098 -.25 17.5072
4 15 12.6732 -.25 18.6428 12.2295 -.25 19.9615 11.7466 -.25 18.3316 12.4176 -.25 17.7798
4 15 12.6962 -.25 21.8892 12.0427 -.25 22.4999 11.7303 -.25 21.4452 12.2295 -.25 19.9615
3 15 12.6732 -.25 18.6428 13.1724 -.25 17.1591 14.1098 -.25 17.5072
4 15 10.9918 -.25 18.9523 10.509 -.25 17.3223 13.0837 -.25 15.0995 11.7466 -.25 18.3316
4 15 10.3636 -.25 15.0709 11.1804 -.25 14.3074 10.4736 -.25 16.4984 10.225 -.25 16.3634
4 15 11.0279 -.25 11.328 12.0788 -.25 14.8757 11.1804 -.25 14.3074 10.4704 -.25 11.9104
4 15 10.225 -.25 16.3634 9.2594 -.25 13.1035 9.6536 -.25 12.6738 10.3636 -.25 15.0709
3 15 9.0037 -.25 12.2405 9.1423 -.25 10.9479 9.9591 -.25 10.1845
4 15 10.8575 -.25 10.7527 9.2523 -.25 12.3755 9.0037 -.25 12.2405 9.9591 -.25 10.1845
4 15 9.8067 -.25 7.2051 10.8575 -.25 10.7527 9.9591 -.25 10.1845 9.2491 -.25 7.7875
4 15 9.0037 -.25 12.2405 8.0381 -.25 8.9805 8.4323 -.25 8.5509 9.1423 -.25 10.9479
4 15 7.8927 -.25 6.7291 8.1377 -.25 6.5001 8.0026 -.25 8.1567 7.7541 -.25 8.0217
4 15 8.557 -.25 2.9863 9.6079 -.25 6.5339 8.7095 -.25 5.9657 7.9994 -.25 3.5686
4 15 7.7541 -.25 8.0217 6.7884 -.25 4.7617 7.1826 -.25 4.3321 7.8927 -.25 6.7291
4 15 8.4644 -.25 6.1947 8.1377 -.25 6.5001 7.7259 -.25 5.1098 8.0526 -.25 4.8044
4 15 8.4644 -.25 6.1947 9.6079 -.25 6.5339 8.0026 -.25 8.1567 8.1377 -.25 6.5001
4 15 6.0861 -.25 -5.3554 7.1369 -.25 -1.8078 6.2385 -.25 -2.376 5.5285 -.25 -4.7731
4 15 4.7117 -.25 -4.0097 5.4217 -.25 -1.6126 5.2831 -.25 -.32 4.3175 -.25 -3.58
4 15 5.255 -.25 -3.2319 5.5817 -.25 -3.5373 5.9935 -.25 -2.147 5.6668 -.25 -1.8416
4 15 5.5317 -.25 -.1851 5.2831 -.25 -.32 5.4217 -.25 -1.6126 5.6668 -.25 -1.8416
4 15 5.5317 -.25 -.1851 5.6668 -.25 -1.8416 5.9935 -.25 -2.147 7.1369 -.25 -1.8078
3 15 6.5328 -.25 3.8988 6.6714 -.25 2.6062 8.0458 -.25 1.2604
4 15 5.9614 -.25 .2091 6.6714 -.25 2.6062 6.5328 -.25 3.8988 5.5672 -.25 .6388
4 15 8.6425 -.25 22.4641 11.5065 -.25 22.4501 6.9042 -.25 23.8134 6.6769 -.25 23.0464
4 15 11.5065 -.25 22.4501 10.6081 -.25 21.8819 9.3584 -.25 17.6631 10.0012 -.25 17.3684
4 15 9.7633 -.25 16.9174 10.0012 -.25 17.3684 9.3584 -.25 17.6631 9.1774 -.25 17.4038
4 15 9.1774 -.25 17.4038 8.7708 -.25 17.2635 9.3621 -.25 16.6191 9.7633 -.25 16.9174
4 15 8.7708 -.25 17.2635 8.5577 -.25 16.5444 9.0176 -.25 16.5125 9.3621 -.25 16.6191
3 15 7.3716 -.25 17.4694 7.5163 -.25 17.1658 8.2914 -.25 17.4055
4 15 7.7472 -.25 16.8888 8.1503 -.25 16.6651 8.2914 -.25 17.4055 7.5163 -.25 17.1658
4 15 8.7708 -.25 17.2635 8.2914 -.25 17.4055 8.1503 -.25 16.6651 8.5577 -.25 16.5444
4 15 7.3335 -.25 17.8086 7.4954 -.25 18.5916 5.2711 -.25 18.3002 5.0155 -.25 17.4373
4 15 8.6425 -.25 22.4641 7.4954 -.25 18.5916 8.0161 -.25 18.0607 9.2658 -.25 22.2795
4 15 7.4954 -.25 18.5916 7.3335 -.25 17.8086 8.0268 -.25 17.7447 8.0161 -.25 18.0607
4 15 8.2914 -.25 17.4055 8.0268 -.25 17.7447 7.3335 -.25 17.8086 7.3716 -.25 17.4694
4 15 4.7882 -.25 16.6702 4.5752 -.25 15.9511 6.5408 -.25 15.3689 9.1509 -.25 15.3779
4 15 6.5408 -.25 15.3689 7.164 -.25 15.1842 9.3338 -.25 15.1152 9.1509 -.25 15.3779
4 15 3.2404 -.25 11.4446 7.603 -.25 10.1524 5.419 -.25 11.5815 3.4534 -.25 12.1637
4 15 7.8995 -.25 10.2731 6.0422 -.25 11.3969 5.419 -.25 11.5815 7.603 -.25 10.1524
4 15 7.4325 -.25 10.9851 7.8995 -.25 10.2731 9.3338 -.25 15.1152 8.5543 -.25 14.7724
4 15 6.5408 -.25 15.3689 5.419 -.25 11.5815 6.0422 -.25 11.3969 7.164 -.25 15.1842
4 15 6.1544 -.25 6.6704 2.1753 -.25 7.8491 1.9623 -.25 7.1299 5.9414 -.25 5.9513
4 15 5.9414 -.25 5.9513 5.7836 -.25 3.1299 7.5587 -.25 9.1225 6.1544 -.25 6.6704
4 15 2.2222 -.25 -1.4992 3.344 -.25 2.2881 2.7208 -.25 2.4727 1.5989 -.25 -1.3146
4 15 5.5706 -.25 2.4108 .9682 -.25 3.7741 2.7208 -.25 2.4727 3.344 -.25 2.2881
4 15 5.5706 -.25 2.4108 4.7343 -.25 1.8763 3.2148 -.25 -3.2534 3.8381 -.25 -3.438
4 15 -.7643 -.25 -2.0747 -.141 -.25 -2.2593 1.3785 -.25 2.8704 .9682 -.25 3.7741
4 15 -12.3984 -.25 8.2861 -10.472 -.25 7.5849 -7.6611 -.25 7.9985 -11.9367 -.25 9.5547
4 15 -9.2001 -.25 3.7699 -11.0877 -.25 5.8935 -13.014 -.25 6.5946 -13.4757 -.25 5.326
4 15 -10.6178 -.25 5.7225 -10.0022 -.25 7.4139 -10.472 -.25 7.5849 -11.0877 -.25 5.8935
4 15 -9.8842 -.25 1.8905 -9.4225 -.25 3.1591 -13.6981 -.25 4.7152 -14.1598 -.25 3.4467
4 15 -11.7995 -.25 -3.3718 -16.0751 -.25 -1.8156 -16.5368 -.25 -3.0842 -14.6105 -.25 -3.7853
4 15 -17.1525 -.25 -4.7756 -17.6142 -.25 -6.0442 -13.3386 -.25 -7.6004 -15.2261 -.25 -5.4768
4 15 -14.6105 -.25 -3.7853 -15.2261 -.25 -5.4768 -14.7562 -.25 -5.6478 -14.1406 -.25 -3.9564
4 15 -11.5122 -.25 .1951 -11.3834 -.25 .0825 -10.6193 -.25 1.2098 -10.8626 -.25 1.3952
4 15 -10.4637 -.25 .9137 -10.6193 -.25 1.2098 -11.3834 -.25 .0825 -10.4234 -.25 .5407
4 15 -11.2952 -.25 -.1215 -10.5169 -.25 .152 -10.4234 -.25 .5407 -11.3834 -.25 .0825
4 15 -11.2898 -.25 -.3807 -11.2352 -.25 -1.8213 -10.5169 -.25 .152 -11.2952 -.25 -.1215
4 15 -11.2352 -.25 -1.8213 -11.2898 -.25 -.3807 -11.4848 -.25 -.9165 -11.4134 -.25 -2.1792
4 15 -11.6555 -.25 -1.1115 -11.684 -.25 -2.439 -11.4134 -.25 -2.1792 -11.4848 -.25 -.9165
4 15 -11.8542 -.25 -1.2111 -11.9936 -.25 -2.5658 -11.684 -.25 -2.439 -11.6555 -.25 -1.1115
4 15 -12.0253 -.25 -1.2145 -12.2991 -.25 -2.5515 -11.9936 -.25 -2.5658 -11.8542 -.25 -1.2111
4 15 -12.2991 -.25 -2.5515 -12.0253 -.25 -1.2145 -12.3542 -.25 -1.0948 -12.8159 -.25 -2.3634
4 15 -14.3722 -.25 .9985 -14.1735 -.25 1.098 -13.7286 -.25 2.4384 -14.0341 -.25 2.4527
3 15 -13.7286 -.25 2.4384 -14.1735 -.25 1.098 -14.0024 -.25 1.1014
3 15 -14.0341 -.25 2.4527 -14.3437 -.25 2.326 -14.3722 -.25 .9985
4 15 -14.3722 -.25 .9985 -14.3437 -.25 2.326 -14.6143 -.25 2.0661 -14.7925 -.25 1.7082
4 15 -14.7925 -.25 1.7082 -15.4082 -.25 .0168 -14.5429 -.25 .8034 -14.3722 -.25 .9985
4 15 -15.4082 -.25 .0168 -15.8699 -.25 -1.2518 -14.7325 -.25 .0084 -14.7379 -.25 .2676
4 15 -15.8699 -.25 -1.2518 -13.7086 -.25 -2.0384 -14.5155 -.25 -.3081 -14.6443 -.25 -.1956
4 15 -13.2469 -.25 -.7699 -13.4773 -.25 .0589 -13.7167 -.25 -.5989 -13.7086 -.25 -2.0384
4 15 -10.8626 -.25 1.3952 -13.7286 -.25 2.4384 -14.0024 -.25 1.1014 -11.5122 -.25 .1951
4 15 -15.7811 -.25 10.1026 -13.6668 -.25 9.333 -12.9958 -.25 9.74 -13.1626 -.25 9.8412
4 15 -12.834 -.25 9.3932 -12.8804 -.25 9.5827 -13.5834 -.25 9.2824 -13.5257 -.25 9.2038
4 15 -13.6668 -.25 9.333 -13.5834 -.25 9.2824 -12.8804 -.25 9.5827 -12.9958 -.25 9.74
3 15 -12.834 -.25 9.3932 -13.5257 -.25 9.2038 -13.5025 -.25 9.109
4 15 -12.834 -.25 9.3932 -13.5025 -.25 9.109 -13.5174 -.25 9.0126 -12.8637 -.25 9.2004
4 15 -16.0889 -.25 9.2569 -13.915 -.25 7.7739 -13.7222 -.25 7.7442 -13.9746 -.25 8.4873
4 15 -13.9746 -.25 8.4873 -13.7222 -.25 7.7442 -13.5327 -.25 7.7906 -13.8782 -.25 8.4725
4 15 -13.8782 -.25 8.4725 -13.5327 -.25 7.7906 -13.3754 -.25 7.906 -13.7835 -.25 8.4957
4 15 -13.7835 -.25 8.4957 -13.3754 -.25 7.906 -13.2742 -.25 8.0727 -13.7048 -.25 8.5533
3 15 -13.6542 -.25 8.6367 -13.7048 -.25 8.5533 -13.2742 -.25 8.0727
4 15 -13.6542 -.25 8.6367 -13.2742 -.25 8.0727 -12.8637 -.25 9.2004 -13.5174 -.25 9.0126
4 15 -16.3804 -.25 10.684 -15.9723 -.25 10.0942 -15.8775 -.25 10.1174 -16.223 -.25 10.7993
4 15 -15.7811 -.25 10.1026 -16.0335 -.25 10.8457 -16.223 -.25 10.7993 -15.8775 -.25 10.1174
4 15 -15.9723 -.25 10.0942 -16.3804 -.25 10.684 -16.4816 -.25 10.5172 -16.0509 -.25 10.0366
3 15 -16.4816 -.25 10.5172 -16.1015 -.25 9.9532 -16.0509 -.25 10.0366
4 15 -16.0889 -.25 9.2569 -16.1723 -.25 9.3075 -16.8753 -.25 9.0072 -16.7599 -.25 8.8499
4 15 -16.892 -.25 9.3895 -16.9217 -.25 9.1967 -16.23 -.25 9.3861 -16.2532 -.25 9.4809
4 15 -16.1723 -.25 9.3075 -16.23 -.25 9.3861 -16.9217 -.25 9.1967 -16.8753 -.25 9.0072
3 15 -16.2383 -.25 9.5773 -16.892 -.25 9.3895 -16.2532 -.25 9.4809
4 15 -16.4816 -.25 10.5172 -16.892 -.25 9.3895 -16.2383 -.25 9.5773 -16.1015 -.25 9.9532
4 15 -16.0335 -.25 10.8457 -15.7811 -.25 10.1026 -13.1626 -.25 9.8412 -15.8407 -.25 10.816
4 15 -16.7599 -.25 8.8499 -16.5931 -.25 8.7487 -13.915 -.25 7.7739 -16.0889 -.25 9.2569
4 15 -16.7217 -.25 7.5184 -14.6074 -.25 6.7489 -13.9363 -.25 7.1559 -14.1031 -.25 7.2571
4 15 -13.7746 -.25 6.809 -13.821 -.25 6.9985 -14.524 -.25 6.6983 -14.4663 -.25 6.6196
4 15 -14.6074 -.25 6.7489 -14.524 -.25 6.6983 -13.821 -.25 6.9985 -13.9363 -.25 7.1559
3 15 -13.7746 -.25 6.809 -14.4663 -.25 6.6196 -14.4431 -.25 6.5249
4 15 -13.7746 -.25 6.809 -14.4431 -.25 6.5249 -14.4579 -.25 6.4285 -13.8043 -.25 6.6162
4 15 -14.7504 -.25 6.0763 -14.8468 -.25 6.0911 -14.7872 -.25 5.3777 -14.5943 -.25 5.348
4 15 -14.5943 -.25 5.348 -14.4049 -.25 5.3944 -14.6556 -.25 6.0995 -14.7504 -.25 6.0763
3 15 -14.6556 -.25 6.0995 -14.4049 -.25 5.3944 -14.2475 -.25 5.5097
4 15 -14.6556 -.25 6.0995 -14.2475 -.25 5.5097 -14.1463 -.25 5.6765 -14.5769 -.25 6.1571
3 15 -14.5263 -.25 6.2405 -14.5769 -.25 6.1571 -14.1463 -.25 5.6765
4 15 -14.5263 -.25 6.2405 -14.1463 -.25 5.6765 -13.8043 -.25 6.6162 -14.4579 -.25 6.4285
4 15 -14.1031 -.25 7.2571 -16.7813 -.25 8.2318 -16.9741 -.25 8.2615 -16.7217 -.25 7.5184
4 15 -16.7217 -.25 7.5184 -16.9741 -.25 8.2615 -17.1636 -.25 8.2151 -16.8181 -.25 7.5333
4 15 -16.8181 -.25 7.5333 -17.1636 -.25 8.2151 -17.3209 -.25 8.0998 -16.9128 -.25 7.5101
4 15 -17.4221 -.25 7.933 -16.9915 -.25 7.4524 -16.9128 -.25 7.5101 -17.3209 -.25 8.0998
3 15 -17.4221 -.25 7.933 -17.0421 -.25 7.369 -16.9915 -.25 7.4524
4 15 -17.4653 -.25 6.3525 -16.9954 -.25 6.1814 -16.9611 -.25 6.8606 -17.0445 -.25 6.9112
4 15 -17.6321 -.25 6.4537 -17.4653 -.25 6.3525 -17.0445 -.25 6.9112 -17.1021 -.25 6.9899
4 15 -17.1021 -.25 6.9899 -17.1253 -.25 7.0847 -17.7474 -.25 6.611 -17.6321 -.25 6.4537
4 15 -17.7938 -.25 6.8005 -17.7474 -.25 6.611 -17.1253 -.25 7.0847 -17.1105 -.25 7.1811
4 15 -17.7641 -.25 6.9933 -17.7938 -.25 6.8005 -17.1105 -.25 7.1811 -17.4221 -.25 7.933
4 15 -14.7872 -.25 5.3777 -14.8468 -.25 6.0911 -15.1757 -.25 6.2108 -15.398 -.25 5.6
4 15 -15.0356 -.25 3.2333 -14.4199 -.25 4.9248 -15.3472 -.25 3.9853 -15.5524 -.25 3.4214
4 15 -15.142 -.25 4.5491 -18.243 -.25 5.6777 -18.4482 -.25 5.1139 -15.3472 -.25 3.9853
4 15 -15.343 -.25 2.8169 -15.4583 -.25 2.9742 -16.1293 -.25 2.5673 -16.0459 -.25 2.5167
4 15 -17.257 -.25 2.9777 -16.1293 -.25 2.5673 -15.4583 -.25 2.9742 -15.6251 -.25 3.0754
4 15 -15.2966 -.25 2.6274 -15.343 -.25 2.8169 -16.0459 -.25 2.5167 -15.9883 -.25 2.438
3 15 -15.2966 -.25 2.6274 -15.9883 -.25 2.438 -15.9651 -.25 2.3432
4 15 -15.9799 -.25 2.2468 -15.3263 -.25 2.4346 -15.2966 -.25 2.6274 -15.9651 -.25 2.3432
4 15 -17.5648 -.25 2.132 -16.3776 -.25 1.0081 -16.1847 -.25 .9784 -16.4372 -.25 1.7215
4 15 -16.4372 -.25 1.7215 -16.1847 -.25 .9784 -15.9952 -.25 1.0248 -16.3407 -.25 1.7067
4 15 -15.8379 -.25 1.1402 -16.246 -.25 1.7299 -16.3407 -.25 1.7067 -15.9952 -.25 1.0248
4 15 -15.7367 -.25 1.307 -16.1673 -.25 1.7876 -16.246 -.25 1.7299 -15.8379 -.25 1.1402
3 15 -16.1167 -.25 1.871 -16.1673 -.25 1.7876 -15.7367 -.25 1.307
4 15 -16.1167 -.25 1.871 -15.7367 -.25 1.307 -15.3263 -.25 2.4346 -15.9799 -.25 2.2468
4 15 -17.5648 -.25 2.132 -17.257 -.25 2.9777 -17.6329 -.25 3.1145 -17.9407 -.25 2.2688
3 15 -17.6329 -.25 3.1145 -17.257 -.25 2.9777 -15.6251 -.25 3.0754
4 15 -18.9954 -.25 3.6104 -17.6329 -.25 3.1145 -15.6251 -.25 3.0754 -18.7731 -.25 4.2212
4 15 -17.9407 -.25 2.2688 -19.5255 -.25 2.1539 -16.3776 -.25 1.0081 -17.5648 -.25 2.132
4 15 -16.301 -.25 -.2435 -16.0958 -.25 .3203 -17.7106 -.25 .2695 -18.1379 -.25 -.3199
4 15 -18.1379 -.25 -.3199 -17.7106 -.25 .2695 -19.4535 -.25 .1589 -20.3635 -.25 -.1484
4 15 -17.7106 -.25 .2695 -16.0958 -.25 .3203 -19.7136 -.25 1.6371 -19.9189 -.25 1.0732
4 15 -16.7457 -.25 -1.4651 -16.5405 -.25 -.9013 -18.1379 -.25 -.3199 -20.3635 -.25 -.1484
4 15 -19.0526 -.25 -1.9557 -19.3604 -.25 -2.8014 -18.9845 -.25 -2.9382 -18.6767 -.25 -2.0925
4 15 -17.481 -.25 -3.4855 -16.968 -.25 -2.0759 -17.643 -.25 -2.4687 -17.9509 -.25 -3.3145
4 15 -19.0526 -.25 -1.9557 -18.6767 -.25 -2.0925 -16.968 -.25 -2.0759 -20.5858 -.25 -.7592
4 15 -21.0988 -.25 -2.1687 -20.629 -.25 -2.3397 -20.3212 -.25 -1.494 -20.5858 -.25 -.7592
4 15 -17.8226 -.25 -3.9959 -17.938 -.25 -3.8385 -18.609 -.25 -4.2455 -18.5256 -.25 -4.2961
3 15 -17.7762 -.25 -4.1854 -18.4679 -.25 -4.3748 -18.4447 -.25 -4.4695
4 15 -18.5256 -.25 -4.2961 -18.4679 -.25 -4.3748 -17.7762 -.25 -4.1854 -17.8226 -.25 -3.9959
4 15 -18.4596 -.25 -4.5659 -17.8059 -.25 -4.3782 -17.7762 -.25 -4.1854 -18.4447 -.25 -4.4695
3 15 -18.8484 -.25 -4.9033 -18.7888 -.25 -5.6167 -18.596 -.25 -5.6464
4 15 -18.8484 -.25 -4.9033 -18.596 -.25 -5.6464 -18.4065 -.25 -5.6 -18.752 -.25 -4.9181
4 15 -18.752 -.25 -4.9181 -18.4065 -.25 -5.6 -18.2492 -.25 -5.4847 -18.6572 -.25 -4.895
4 15 -18.148 -.25 -5.3179 -18.5786 -.25 -4.8373 -18.6572 -.25 -4.895 -18.2492 -.25 -5.4847
3 15 -18.528 -.25 -4.7539 -18.5786 -.25 -4.8373 -18.148 -.25 -5.3179
4 15 -18.528 -.25 -4.7539 -18.148 -.25 -5.3179 -17.8059 -.25 -4.3782 -18.4596 -.25 -4.5659
4 15 -21.1652 -.25 -2.7793 -20.8197 -.25 -3.4611 -20.7233 -.25 -3.476 -20.9757 -.25 -2.7329
4 15 -21.3225 -.25 -2.8946 -20.9145 -.25 -3.4843 -20.8197 -.25 -3.4611 -21.1652 -.25 -2.7793
4 15 -21.4237 -.25 -3.0614 -20.9931 -.25 -3.542 -20.9145 -.25 -3.4843 -21.3225 -.25 -2.8946
3 15 -21.4237 -.25 -3.0614 -21.0437 -.25 -3.6254 -20.9931 -.25 -3.542
4 15 -21.7491 -.25 -4.3834 -21.6337 -.25 -4.5407 -20.9627 -.25 -4.1338 -21.0461 -.25 -4.0832
4 15 -20.4459 -.25 -4.3219 -20.9627 -.25 -4.1338 -21.6337 -.25 -4.5407 -21.4669 -.25 -4.6419
4 15 -21.7658 -.25 -4.0011 -21.7955 -.25 -4.1939 -21.1038 -.25 -4.0045 -21.127 -.25 -3.9097
4 15 -21.0461 -.25 -4.0832 -21.1038 -.25 -4.0045 -21.7955 -.25 -4.1939 -21.7491 -.25 -4.3834
3 15 -21.1121 -.25 -3.8133 -21.7658 -.25 -4.0011 -21.127 -.25 -3.9097
4 15 -21.4237 -.25 -3.0614 -21.7658 -.25 -4.0011 -21.1121 -.25 -3.8133 -21.0437 -.25 -3.6254
4 15 -18.7888 -.25 -5.6167 -18.8484 -.25 -4.9033 -19.0363 -.25 -4.8349 -19.2587 -.25 -5.4457
3 15 -20.2661 -.25 -2.9507 -20.7233 -.25 -3.476 -20.4884 -.25 -3.5615
4 15 -20.9757 -.25 -2.7329 -20.7233 -.25 -3.476 -20.2661 -.25 -2.9507 -20.7829 -.25 -2.7626
4 15 -19.3798 -.25 -3.4291 -19.0343 -.25 -4.111 -18.9379 -.25 -4.1258 -19.1903 -.25 -3.3827
4 15 -19.0343 -.25 -4.111 -19.3798 -.25 -3.4291 -19.5371 -.25 -3.5444 -19.129 -.25 -4.1342
4 15 -20.1761 -.25 -4.2558 -19.2077 -.25 -4.1918 -19.129 -.25 -4.1342 -19.5371 -.25 -3.5444
4 15 -20.4459 -.25 -4.3219 -20.1935 -.25 -5.065 -20.004 -.25 -5.0186 -20.3495 -.25 -4.3367
4 15 -19.8466 -.25 -4.9032 -20.2547 -.25 -4.3135 -20.3495 -.25 -4.3367 -20.004 -.25 -5.0186
4 15 -20.2547 -.25 -4.3135 -19.8466 -.25 -4.9032 -19.2077 -.25 -4.1918 -20.1761 -.25 -4.2558
4 15 -19.1903 -.25 -3.3827 -18.9379 -.25 -4.1258 -18.609 -.25 -4.2455 -18.9975 -.25 -3.4124
4 15 -17.938 -.25 -3.8385 -18.1048 -.25 -3.7373 -18.9975 -.25 -3.4124 -18.609 -.25 -4.2455
4 15 -20.1935 -.25 -5.065 -20.4459 -.25 -4.3219 -21.4669 -.25 -4.6419 -20.3863 -.25 -5.0353
4 15 -7.812 -.25 9.2702 -8.2109 -.25 10.3018 -12.2013 -.25 10.2895 -7.6579 -.25 8.6358
4 15 -14.4984 -.25 12.5903 -15.4671 -.25 12.0565 -12.7224 -.25 10.3195 -13.534 -.25 12.9449
4 15 -9.6607 -.25 6.5979 -9.8317 -.25 6.1281 -7.9993 -.25 5.4611 -7.8283 -.25 5.931
3 15 -7.8283 -.25 5.931 -7.3444 -.25 5.5218 -7.4044 -.25 7.0955
4 15 -7.9993 -.25 5.4611 -7.4406 -.25 4.1258 -7.3444 -.25 5.5218 -7.8283 -.25 5.931
4 15 -7.9993 -.25 5.4611 -9.6068 -.25 1.0446 -7.6618 -.25 2.6955 -7.4406 -.25 4.1258
4 15 -8.0043 -.25 1.2553 -7.6618 -.25 2.6955 -9.6068 -.25 1.0446 -8.4622 -.25 -.1701
4 15 -9.6068 -.25 1.0446 -9.7477 -.25 1.0959 -9.7265 -.25 .7157 -8.4622 -.25 -.1701
3 15 -9.7265 -.25 .7157 -10.8722 -.25 -2.4323 -8.4622 -.25 -.1701
4 15 -8.4622 -.25 -.1701 -10.8722 -.25 -2.4323 -11.0218 -.25 -2.6971 -9.0277 -.25 -1.5564
4 15 -11.2483 -.25 -2.8807 -9.6911 -.25 -2.8798 -9.0277 -.25 -1.5564 -11.0218 -.25 -2.6971
4 15 -17.7807 -.25 8.702 -18.9854 -.25 8.6084 -18.5839 -.25 8.2495 -17.8876 -.25 8.2621
4 15 -18.9854 -.25 8.6084 -20.1474 -.25 8.3396 -19.6648 -.25 8.0575 -19.1863 -.25 8.2026
4 15 -19.6648 -.25 8.0575 -20.1474 -.25 8.3396 -20.2158 -.25 8.1517 -19.8187 -.25 7.6347
4 15 -19.2378 -.25 7.4765 -19.6648 -.25 8.0575 -19.8187 -.25 7.6347 -19.4558 -.25 7.0237
4 15 -19.4558 -.25 7.0237 -19.1911 -.25 6.2889 -18.8023 -.25 6.6262 -19.2378 -.25 7.4765
4 15 -19.1144 -.25 5.6225 -18.8282 -.25 5.6779 -18.8023 -.25 6.6262 -19.1911 -.25 6.2889
3 15 -18.8023 -.25 6.6262 -18.8282 -.25 5.6779 -18.6615 -.25 5.9897
4 15 -21.2885 -.25 -6.0652 -20.7776 -.25 -6.9568 -19.4639 -.25 -6.0095 -21.6124 -.25 -5.2275
4 15 -20.7776 -.25 -6.9568 -20.1637 -.25 -7.6931 -19.4428 -.25 -6.9749 -19.4639 -.25 -6.0095
4 15 -19.2808 -.25 -7.9917 -19.4428 -.25 -6.9749 -20.1637 -.25 -7.6931 -19.4571 -.25 -8.2616
4 15 -19.7807 -.25 6.131 -20.0636 -.25 6.6072 -20.4717 -.25 5.7931 -19.5331 -.25 5.3492
4 15 -19.5331 -.25 5.3492 -20.4717 -.25 5.7931 -21.0372 -.25 4.4068 -19.4138 -.25 4.5076
4 15 -21.0372 -.25 4.4068 -21.4951 -.25 2.9813 -19.4226 -.25 3.6063 -19.4138 -.25 4.5076
4 15 -20.1237 -.25 1.6799 -19.4226 -.25 3.6063 -21.4951 -.25 2.9813 -21.8376 -.25 1.5411
4 15 -20.1237 -.25 1.6799 -21.8376 -.25 1.5411 -22.0588 -.25 .1108 -22.1549 -.25 -1.2852
4 15 -22.1244 -.25 -2.623 -21.7825 -.25 -2.8776 -20.1237 -.25 1.6799 -22.1549 -.25 -1.2852
4 15 -18.8747 -.25 -7.0221 -18.1229 -.25 -7.2957 -18.2252 -.25 -6.4072 -18.9001 -.25 -6.2147
4 15 -18.6784 -.25 -7.9449 -17.9566 -.25 -8.1544 -18.1229 -.25 -7.2957 -18.8747 -.25 -7.0221
4 15 -18.3925 -.25 -9.0599 -17.4871 -.25 -9.4959 -17.9566 -.25 -8.1544 -18.6784 -.25 -7.9449
4 15 -18.0809 -.25 -9.8118 -17.6626 -.25 -10.709 -17.4871 -.25 -9.4959 -18.3925 -.25 -9.0599
4 15 -16.868 -.25 -10.5725 -17.4871 -.25 -9.4959 -17.6626 -.25 -10.709 -17.0818 -.25 -11.4525
4 15 -16.1335 -.25 -11.4784 -16.868 -.25 -10.5725 -17.0818 -.25 -11.4525 -16.39 -.25 -12.1832
4 15 -16.39 -.25 -12.1832 -15.7237 -.25 -12.6917 -15.7662 -.25 -11.9313 -16.1335 -.25 -11.4784
4 15 -15.2409 -.25 -12.3885 -15.7662 -.25 -11.9313 -15.7237 -.25 -12.6917 -14.9293 -.25 -13.1405
4 15 -13.4595 -.25 -12.026 -15.2409 -.25 -12.3885 -14.9293 -.25 -13.1405 -13.9128 -.25 -13.5637
4 15 -13.9128 -.25 -13.5637 -13.0499 -.25 -13.8245 -13.0667 -.25 -12.701 -13.4595 -.25 -12.026
4 15 -13.0499 -.25 -13.8245 -12.704 -.25 -13.8972 -12.6739 -.25 -13.3761 -13.0667 -.25 -12.701
4 15 -12.704 -.25 -13.8972 -12.5117 -.25 -13.8076 -12.5074 -.25 -13.6495 -12.6739 -.25 -13.3761
4 15 -15.4149 -.25 -8.3346 -14.3598 -.25 -8.5057 -14.3254 -.25 -7.8265 -15.3591 -.25 -7.4503
4 15 -14.3598 -.25 -8.5057 -15.4149 -.25 -8.3346 -15.2955 -.25 -9.1761 -14.2959 -.25 -9.0611
4 15 -14.2959 -.25 -9.0611 -15.2955 -.25 -9.1761 -15.0224 -.25 -10.1801 -14.2491 -.25 -9.6634
4 15 -14.7279 -.25 -10.979 -14.1596 -.25 -10.4409 -14.2491 -.25 -9.6634 -15.0224 -.25 -10.1801
4 15 -14.7279 -.25 -10.979 -15.2409 -.25 -12.3885 -13.8651 -.25 -11.2398 -14.1596 -.25 -10.4409
4 15 -15.4197 -.25 -10.2483 -15.7998 -.25 -9.6843 -16.0775 -.25 -10.0089 -15.8642 -.25 -10.8847
4 15 -15.8642 -.25 -10.8847 -15.6593 -.25 -11.4913 -15.0525 -.25 -10.7012 -15.4197 -.25 -10.2483
4 15 -15.6593 -.25 -11.4913 -15.2409 -.25 -12.3885 -14.7279 -.25 -10.979 -15.0525 -.25 -10.7012
4 15 -12.5305 -.25 -5.2341 -12.6929 -.25 -5.3878 -12.7143 -.25 -5.5929 -12.5606 -.25 -5.7552
4 15 -12.0735 -.25 -5.294 -12.5305 -.25 -5.2341 -12.5606 -.25 -5.7552 -11.7788 -.25 -5.5077
4 15 -11.9327 -.25 -5.9306 -11.5354 -.25 -5.8623 -11.7788 -.25 -5.5077 -12.5606 -.25 -5.7552
4 15 -10.9419 -.25 -6.7169 -11.5354 -.25 -5.8623 -11.9327 -.25 -5.9306 -12.2916 -.25 -6.332
4 15 -10.9419 -.25 -6.7169 -12.2916 -.25 -6.332 -12.4455 -.25 -6.7549 -12.3901 -.25 -7.0411
4 15 -12.2364 -.25 -7.2035 -11.8007 -.25 -7.4685 -10.9419 -.25 -6.7169 -12.3901 -.25 -7.0411
4 15 -11.301 -.25 -7.7035 -10.3739 -.25 -7.3493 -10.9419 -.25 -6.7169 -11.8007 -.25 -7.4685
3 15 -10.3739 -.25 -7.3493 -11.301 -.25 -7.7035 -9.9725 -.25 -7.7082
4 15 -9.9725 -.25 -7.7082 -11.1901 -.25 -8.276 -9.8743 -.25 -8.1696 -9.7247 -.25 -7.9048
4 15 -12.2066 -.25 -7.8528 -12.3904 -.25 -8.2116 -11.1901 -.25 -8.276 -11.8734 -.25 -7.8144
4 15 -12.6083 -.25 -8.0791 -12.3904 -.25 -8.2116 -12.2066 -.25 -7.8528 -12.5868 -.25 -7.874
4 15 -13.9326 -.25 -8.5016 -13.9285 -.25 -8.9288 -13.1038 -.25 -8.2712 -13.8257 -.25 -8.0616
4 15 -12.9202 -.25 -8.4976 -13.1038 -.25 -8.2712 -13.9285 -.25 -8.9288 -13.7791 -.25 -9.2492
4 15 -13.7791 -.25 -9.2492 -13.4289 -.25 -9.7491 -12.7623 -.25 -9.0872 -12.9202 -.25 -8.4976
4 15 -12.7623 -.25 -9.0872 -13.4289 -.25 -9.7491 -13.0574 -.25 -10.044 -12.5233 -.25 -9.5999
4 15 -12.6516 -.25 -10.2449 -12.1432 -.25 -10.1638 -12.5233 -.25 -9.5999 -13.0574 -.25 -10.044
4 15 -12.1432 -.25 -10.1638 -12.6516 -.25 -10.2449 -12.4084 -.25 -11.1847 -11.6522 -.25 -10.7151
4 15 -11.6522 -.25 -10.7151 -12.4084 -.25 -11.1847 -11.7292 -.25 -11.2191 -11.1269 -.25 -11.1723
4 15 -12.9549 -.25 -10.3473 -13.1474 -.25 -11.0222 -12.4084 -.25 -11.1847 -12.6516 -.25 -10.2449
4 15 -13.1474 -.25 -11.0222 -12.9549 -.25 -10.3473 -13.2241 -.25 -10.3558 -13.4293 -.25 -10.9196
4 15 -13.2241 -.25 -10.3558 -13.6086 -.25 -10.5351 -13.583 -.25 -10.7572 -13.4293 -.25 -10.9196
3 15 -9.6911 -.25 -2.8798 -11.2483 -.25 -2.8807 -11.0604 -.25 -2.9491
4 15 -11.0604 -.25 -2.9491 -11.6247 -.25 -4.4996 -10.441 -.25 -4.1177 -9.6911 -.25 -2.8798
4 15 -11.3685 -.25 -4.9653 -11.2218 -.25 -5.1901 -10.441 -.25 -4.1177 -11.6247 -.25 -4.4996
4 15 -36.8698 -.25 -2.9168 -36.1559 -.25 -4.3798 -34.6779 -.25 -2.5591 -35.4175 -.25 -1.8869
3 15 -34.6779 -.25 -2.5591 -36.1559 -.25 -4.3798 -35.1696 -.25 -4.2189
4 15 -31.9075 -.25 2.3924 -31.8365 -.25 2.6321 -33.898 -.25 3.2428 -33.7345 -.25 1.6821
4 15 -33.898 -.25 3.2428 -34.271 -.25 5.8564 -34.7216 -.25 .4622 -33.7345 -.25 1.6821
4 15 -32.6602 -.25 -.1484 -32.5892 -.25 .0913 -33.7345 -.25 1.6821 -34.7216 -.25 .4622
4 15 -32.0831 -.25 -.8409 -34.8636 -.25 -.0172 -35.2755 -.25 -1.4075 -32.8925 -.25 -3.5735
4 15 -33.1197 -.25 -4.3406 -36.2979 -.25 -4.8593 -36.6955 -.25 -6.2016 -33.915 -.25 -7.0252
4 15 -34.8471 -.25 -7.5314 -34.7761 -.25 -7.2916 -36.8375 -.25 -6.681 -37.4624 -.25 -8.7904
4 15 -34.6108 -.25 -9.3744 -34.128 -.25 -7.7444 -36.0739 -.25 -8.6802 -36.1449 -.25 -8.9199
4 15 -37.5334 -.25 -9.0301 -38.1014 -.25 -10.9478 -35.3208 -.25 -11.7714 -34.7528 -.25 -9.8538
3 15 -35.4464 -.25 5.0573 -37.039 -.25 4.4339 -36.5117 -.25 4.2777
4 15 -37.8061 -.25 4.6611 -37.039 -.25 4.4339 -35.4464 -.25 5.0573 -39.809 -.25 6.3495
4 15 -37.1507 -.25 2.1204 -36.3837 -.25 1.8932 -35.4464 -.25 5.0573 -36.5117 -.25 4.2777
4 15 -37.8061 -.25 4.6611 -38.1895 -.25 3.3667 -37.4224 -.25 3.1395 -37.039 -.25 4.4339
4 15 -38.6274 -.25 -5.6815 -38.3292 -.25 -4.6748 -42.6918 -.25 -3.3825 -42.3188 -.25 -4.5881
4 15 -42.3188 -.25 -4.5881 -42.6918 -.25 -3.3825 -43.4302 -.25 -5.8754 -42.7591 -.25 -6.0742
4 15 -38.5023 -.25 1.4755 -37.4842 -.25 2.0703 -37.9414 -.25 2.5555 -38.8531 -.25 1.6547
4 15 -37.4842 -.25 2.0703 -38.5023 -.25 1.4755 -38.2165 -.25 1.1699 -37.1613 -.25 1.4182
4 15 -38.0152 -.25 .7589 -36.9947 -.25 .6438 -37.1613 -.25 1.4182 -38.2165 -.25 1.1699
4 15 -36.9947 -.25 .6438 -38.0152 -.25 .7589 -37.9119 -.25 .2704 -36.9958 -.25 -.2003
4 15 -36.9958 -.25 -.2003 -37.9138 -.25 -.2623 -38.0208 -.25 -.8029 -37.1646 -.25 -1.0565
4 15 -40.0573 -.25 -2.4107 -40.969 -.25 -3.3115 -40.4086 -.25 -3.5968 -39.7833 -.25 -3.6627
4 15 -39.6655 -.25 -2.4514 -40.0573 -.25 -2.4107 -39.7833 -.25 -3.6627 -39.1356 -.25 -3.5048
4 15 -39.1356 -.25 -3.5048 -38.5097 -.25 -3.1338 -39.2594 -.25 -2.3508 -39.6655 -.25 -2.4514
4 15 -38.5097 -.25 -3.1338 -37.9482 -.25 -2.575 -38.8667 -.25 -2.1158 -39.2594 -.25 -2.3508
4 15 -37.9482 -.25 -2.575 -37.4894 -.25 -1.8665 -38.514 -.25 -1.7623 -38.8667 -.25 -2.1158
4 15 -38.514 -.25 -1.7623 -37.4894 -.25 -1.8665 -37.1646 -.25 -1.0565 -38.2255 -.25 -1.3145
3 15 -38.0208 -.25 -.8029 -38.2255 -.25 -1.3145 -37.1646 -.25 -1.0565
4 15 -38.5017 -.25 2.8408 -39.1271 -.25 2.9067 -38.8531 -.25 1.6547 -37.9414 -.25 2.5555
4 15 -39.2448 -.25 1.6954 -38.8531 -.25 1.6547 -39.1271 -.25 2.9067 -39.7748 -.25 2.7488
4 15 -39.6509 -.25 1.5948 -39.2448 -.25 1.6954 -39.7748 -.25 2.7488 -40.4007 -.25 2.3778
4 15 -40.4007 -.25 2.3778 -40.9622 -.25 1.819 -40.0437 -.25 1.3598 -39.6509 -.25 1.5948
4 15 -40.9622 -.25 1.819 -41.421 -.25 1.1105 -40.3963 -.25 1.0063 -40.0437 -.25 1.3598
4 15 -41.421 -.25 1.1105 -41.7458 -.25 .3005 -40.8896 -.25 .0469 -40.6849 -.25 .5585
4 15 -40.408 -.25 -2.2315 -41.4262 -.25 -2.8263 -40.969 -.25 -3.3115 -40.0573 -.25 -2.4107
4 15 -41.4262 -.25 -2.8263 -40.408 -.25 -2.2315 -40.6938 -.25 -1.9259 -41.7491 -.25 -2.1742
4 15 -41.7491 -.25 -2.1742 -40.6938 -.25 -1.9259 -40.8952 -.25 -1.5149 -41.9156 -.25 -1.3998
4 15 -40.9985 -.25 -1.0264 -41.9145 -.25 -.5557 -41.9156 -.25 -1.3998 -40.8952 -.25 -1.5149
3 15 -41.7458 -.25 .3005 -40.9965 -.25 -.4937 -40.8896 -.25 .0469
4 15 -34.4725 -.25 -2.7458 -34.8956 -.25 -4.1742 -33.5257 -.25 -3.9506 -33.4454 -.25 -3.6795
4 15 -41.9986 -.25 -11.1415 -41.3509 -.25 -10.9836 -41.8809 -.25 -9.9302 -42.2726 -.25 -9.8895
4 15 -41.4748 -.25 -9.8296 -41.8809 -.25 -9.9302 -41.3509 -.25 -10.9836 -40.725 -.25 -10.6126
4 15 -40.725 -.25 -10.6126 -40.1635 -.25 -10.0538 -41.082 -.25 -9.5946 -41.4748 -.25 -9.8296
4 15 -40.7293 -.25 -9.2411 -41.082 -.25 -9.5946 -40.1635 -.25 -10.0538 -39.712 -.25 -9.3431
4 15 -42.2726 -.25 -9.8895 -43.1843 -.25 -10.7903 -42.6239 -.25 -11.0756 -41.9986 -.25 -11.1415
4 15 -43.1843 -.25 -10.7903 -42.2726 -.25 -9.8895 -42.6233 -.25 -9.7103 -43.6415 -.25 -10.3051
4 15 -42.9091 -.25 -9.4047 -43.9644 -.25 -9.653 -43.6415 -.25 -10.3051 -42.6233 -.25 -9.7103
4 15 -43.9644 -.25 -9.653 -42.9091 -.25 -9.4047 -43.1105 -.25 -8.9937 -44.131 -.25 -8.8786
4 15 -44.131 -.25 -8.8786 -43.1105 -.25 -8.9937 -43.2138 -.25 -8.5052 -44.0746 -.25 -8.0508
4 15 -43.1439 -.25 -7.629 -40.3107 -.25 -8.4682 -39.2238 -.25 -7.695 -43.5864 -.25 -6.4028
3 15 -39.2238 -.25 -7.695 -40.3107 -.25 -8.4682 -40.4408 -.25 -8.7933
4 15 -40.7293 -.25 -9.2411 -39.712 -.25 -9.3431 -39.2238 -.25 -7.695 -40.4408 -.25 -8.7933
4 15 -44.0746 -.25 -8.0508 -43.2119 -.25 -7.9725 -43.1439 -.25 -7.629 -43.5864 -.25 -6.4028
4 15 -35.2755 -.25 -1.4075 -34.8636 -.25 -.0172 -34.271 -.25 5.8564 -36.8698 -.25 -2.9168
4 15 -37.5334 -.25 -9.0301 -37.4624 -.25 -8.7904 -36.8698 -.25 -2.9168 -39.8377 -.25 -12.9365
4 15 -30.9754 -.25 2.8985 -29.2213 -.25 5.2992 -34.271 -.25 5.8564 -33.756 -.25 3.7222
4 15 -29.2213 -.25 5.2992 -40.6313 -.25 8.679 -40.1678 -.25 7.603 -34.271 -.25 5.8564
4 15 -40.6313 -.25 8.679 -46.7376 -.25 -11.9356 -42.8943 -.25 -1.6016 -40.1678 -.25 7.603
4 15 -39.8377 -.25 -12.9365 -45.7345 -.25 -11.1898 -46.7376 -.25 -11.9356 -35.3277 -.25 -15.3154
4 15 -32.0831 -.25 -.8409 -31.9195 -.25 -3.8096 -29.2213 -.25 5.2992 -31.87 -.25 -.1217
4 15 -34.7528 -.25 -9.8538 -35.3277 -.25 -15.3154 -31.9195 -.25 -3.8096 -34.6108 -.25 -9.3744
4 15 -39.8377 -.25 -12.9365 -35.3277 -.25 -15.3154 -35.4628 -.25 -12.2508 -38.2434 -.25 -11.4272
4 15 -16.0477 -.25 -17.7003 -16.1387 -.25 -18.3452 -15.6052 -.25 -17.9553 -15.4103 -.25 -17.4288
4 15 -14.9679 -.25 -17.6839 -14.8768 -.25 -17.039 -15.4103 -.25 -17.4288 -15.6052 -.25 -17.9553
4 15 -14.8768 -.25 -17.039 -14.9679 -.25 -17.6839 -14.2702 -.25 -17.5493 -14.4833 -.25 -16.5574
4 15 -13.5598 -.25 -17.5607 -14.2568 -.25 -16.0168 -14.4833 -.25 -16.5574 -14.2702 -.25 -17.5493
4 15 -14.2568 -.25 -16.0168 -13.5598 -.25 -17.5607 -10.472 -.25 -17.273 -10.6158 -.25 -15.6293
3 15 -14.2126 -.25 -15.4541 -14.2568 -.25 -16.0168 -10.6158 -.25 -15.6293
3 15 -10.472 -.25 -17.273 -13.5598 -.25 -17.5607 -12.8851 -.25 -17.7174
4 15 -12.8851 -.25 -17.7174 -12.2919 -.25 -18.0086 -10.3282 -.25 -18.9168 -10.472 -.25 -17.273
3 15 -12.2919 -.25 -18.0086 -11.8208 -.25 -18.4146 -10.3282 -.25 -18.9168
3 15 -11.8208 -.25 -18.4146 -11.5039 -.25 -18.9076 -10.3282 -.25 -18.9168
3 15 -11.5039 -.25 -18.9076 -11.3626 -.25 -19.4541 -10.3282 -.25 -18.9168
4 15 -11.4068 -.25 -20.0168 -8.2362 -.25 -18.7337 -10.3282 -.25 -18.9168 -11.3626 -.25 -19.4541
4 15 -6.9408 -.25 -20.9105 -8.2362 -.25 -18.7337 -11.4068 -.25 -20.0168 -11.6333 -.25 -20.5574
3 15 -8.2362 -.25 -18.7337 -6.9408 -.25 -20.9105 -6.7793 -.25 -20.5251
4 15 -6.1442 -.25 -18.5507 -8.2362 -.25 -18.7337 -6.7793 -.25 -20.5251 -6.4987 -.25 -20.1817
3 15 -6.1442 -.25 -18.5507 -6.4987 -.25 -20.1817 -6.1183 -.25 -19.9037
3 15 -6.1442 -.25 -18.5507 -6.1183 -.25 -19.9037 -5.6639 -.25 -19.7101
3 15 -6.1442 -.25 -18.5507 -5.6639 -.25 -19.7101 -5.1664 -.25 -19.6142
3 15 -6.1442 -.25 -18.5507 -5.1664 -.25 -19.6142 -4.6599 -.25 -19.6223
4 15 -1.1664 -.25 -17.6117 -6.288 -.25 -16.907 -6.1442 -.25 -18.5507 -1.0749 -.25 -18.6577
4 15 -3.4832 -.25 -15.6167 -6.288 -.25 -16.907 -1.1664 -.25 -17.6117 -3.075 -.25 -15.6233
3 15 -2.6742 -.25 -15.5459 -3.075 -.25 -15.6233 -1.1664 -.25 -17.6117
3 15 -2.308 -.25 -15.39 -2.6742 -.25 -15.5459 -1.1664 -.25 -17.6117
4 15 .1785 -.25 -17.494 -2.0014 -.25 -15.166 -2.308 -.25 -15.39 -1.1664 -.25 -17.6117
4 15 1.5233 -.25 -17.3763 -1.7754 -.25 -14.8893 -2.0014 -.25 -15.166 .1785 -.25 -17.494
4 15 -6.4318 -.25 -15.2633 -4.7203 -.25 -14.2055 -4.5901 -.25 -13.8949 -8.5238 -.25 -15.4463
3 15 -4.7203 -.25 -14.2055 -6.4318 -.25 -15.2633 -4.7457 -.25 -14.5288
3 15 -4.7457 -.25 -14.5288 -6.4318 -.25 -15.2633 -4.6645 -.25 -14.8428
3 15 -4.6645 -.25 -14.8428 -6.4318 -.25 -15.2633 -4.4824 -.25 -15.1261
4 15 -6.4318 -.25 -15.2633 -6.288 -.25 -16.907 -4.2117 -.25 -15.3594 -4.4824 -.25 -15.1261
4 15 -13.1977 -.25 -21.7003 -13.8953 -.25 -21.8349 -6.7257 -.25 -22 -6.8716 -.25 -21.7014
4 15 -6.8716 -.25 -21.7014 -6.9723 -.25 -21.3118 -12.5603 -.25 -21.4288 -13.1977 -.25 -21.7003
4 15 -6.9723 -.25 -21.3118 -6.9408 -.25 -20.9105 -12.0268 -.25 -21.039 -12.5603 -.25 -21.4288
4 15 -17.4557 -.25 -17.8235 -18.1305 -.25 -17.6668 -18.5386 -.25 -20.0241 -17.8364 -.25 -20.1872
3 15 -17.4557 -.25 -17.8235 -17.8364 -.25 -20.1872 -16.7453 -.25 -17.8349
4 15 -16.7453 -.25 -17.8349 -16.5322 -.25 -18.8268 -16.1387 -.25 -18.3452 -16.0477 -.25 -17.7003
4 15 -16.7587 -.25 -19.3673 -17.8364 -.25 -20.1872 -17.2192 -.25 -20.4902 -16.8029 -.25 -19.93
4 15 -17.2192 -.25 -20.4902 -16.729 -.25 -20.9127 -16.6617 -.25 -20.4765 -16.8029 -.25 -19.93
4 15 -16.3447 -.25 -20.9696 -16.6617 -.25 -20.4765 -16.729 -.25 -20.9127 -16.3991 -.25 -21.4257
4 15 -15.8736 -.25 -21.3755 -16.3447 -.25 -20.9696 -16.3991 -.25 -21.4257 -16.2701 -.25 -22
4 15 -16.2701 -.25 -22 -6.7257 -.25 -22 -13.8953 -.25 -21.8349 -14.6057 -.25 -21.8235
3 15 -6.1442 -.25 -18.5507 -4.6599 -.25 -19.6223 -4.1787 -.25 -19.734
4 15 -6.1442 -.25 -18.5507 -4.1787 -.25 -19.734 -3.7558 -.25 -19.9417 -1.0749 -.25 -18.6577
4 15 -3.7558 -.25 -19.9417 -3.4199 -.25 -20.2312 -.9833 -.25 -19.7037 -1.0749 -.25 -18.6577
3 15 -.9833 -.25 -19.7037 -3.4199 -.25 -20.2312 -3.1939 -.25 -20.5827
3 15 -.9833 -.25 -19.7037 -3.1939 -.25 -20.5827 -3.0932 -.25 -20.9724
4 15 .3615 -.25 -19.586 -.9833 -.25 -19.7037 -3.0932 -.25 -20.9724 -3.1247 -.25 -21.3736
4 15 -3.4255 -.25 -22 2.8637 -.25 -22 2.9702 -.25 -21.8539 -3.2862 -.25 -21.7591
4 15 .3615 -.25 -19.586 -3.1247 -.25 -21.3736 -3.2862 -.25 -21.7591 2.9702 -.25 -21.8539
3 15 1.7064 -.25 -19.4683 3.2411 -.25 -21.7386 3.5376 -.25 -21.6813
3 15 1.7064 -.25 -19.4683 3.5376 -.25 -21.6813 3.8395 -.25 -21.6862
4 15 3.8395 -.25 -21.6862 4.1263 -.25 -21.7528 8.1179 -.25 -19.8476 1.7064 -.25 -19.4683
4 15 8.0657 -.25 -19.2498 1.6149 -.25 -18.4223 1.7064 -.25 -19.4683 8.1179 -.25 -19.8476
4 15 1.6149 -.25 -18.4223 8.0657 -.25 -19.2498 5.961 -.25 -16.4773 5.0146 -.25 -16.5601
4 15 1.5233 -.25 -17.3763 1.6149 -.25 -18.4223 5.0146 -.25 -16.5601 4.9536 -.25 -15.8628
4 15 -1.7754 -.25 -14.8893 1.5233 -.25 -17.3763 4.9536 -.25 -15.8628 -1.6452 -.25 -14.5787
4 15 -1.701 -.25 -13.9413 4.8926 -.25 -15.1655 5.839 -.25 -15.0827 -1.8831 -.25 -13.658
4 15 4.9536 -.25 -15.8628 4.8926 -.25 -15.1655 -1.701 -.25 -13.9413 -1.6198 -.25 -14.2553
3 15 -1.6198 -.25 -14.2553 -1.6452 -.25 -14.5787 4.9536 -.25 -15.8628
4 15 4.1263 -.25 -21.7528 4.3784 -.25 -21.8766 8.1702 -.25 -20.4453 8.1179 -.25 -19.8476
3 15 8.9423 -.25 -20.3777 8.1702 -.25 -20.4453 14.1 -.25 -22
4 15 4.3784 -.25 -21.8766 4.443 -.25 -22 14.1 -.25 -22 8.1702 -.25 -20.4453
4 15 15.6 -.25 -20.5 15.6 -.25 -14.5 9.7143 -.25 -20.3102 14.1 -.25 -22
3 15 15.6 -.25 -14.5 9.6621 -.25 -19.7125 9.7143 -.25 -20.3102
4 15 6.9074 -.25 -16.3945 8.0657 -.25 -19.2498 8.8377 -.25 -19.1823 6.8464 -.25 -15.6972
3 15 66.3 -.25 -2.8005 15.6 -.25 -13 17.1 -.25 -13
4 15 -20.8975 -.25 -16.2881 -20.187 -.25 -16.637 -19.5117 -.25 -16.4765 -19.6367 -.25 -16.0892
4 15 -19.2778 -.25 -20.0123 -18.5386 -.25 -20.0241 -19.0276 -.25 -19.2674 -19.3243 -.25 -19.9755
4 15 -19.5699 -.25 -17.1687 -19.1947 -.25 -16.9696 -19.5117 -.25 -16.4765 -20.187 -.25 -16.637
4 15 -19.1547 -.25 -17.8145 -18.7236 -.25 -17.3755 -19.1947 -.25 -16.9696 -19.5699 -.25 -17.1687
4 15 -18.1305 -.25 -17.6668 -18.7236 -.25 -17.3755 -19.1547 -.25 -17.8145 -18.9698 -.25 -18.5304
4 15 -18.9698 -.25 -18.5304 -19.0276 -.25 -19.2674 -18.5386 -.25 -20.0241 -18.1305 -.25 -17.6668
4 15 -24.9228 -.25 -11.5524 -23.2884 -.25 -11.3334 -25.4639 -.25 -10.8615 -25.665 -.25 -11.5405
4 15 -10.6178 -.25 -8.7503 -12.0275 -.25 -8.8225 -12.113 -.25 -9.0575 -12.0234 -.25 -9.2497
4 15 -10.6178 -.25 -8.7503 -12.0234 -.25 -9.2497 -11.6903 -.25 -9.7966 -11.1395 -.25 -10.476
4 15 -9.6353 -.25 -8.6823 -10.6178 -.25 -8.7503 -11.1395 -.25 -10.476 -10.7372 -.25 -10.843
4 15 -7.7213 -.25 -10.3736 -7.6995 -.25 -10.0959 -9.6353 -.25 -8.6823 -10.7372 -.25 -10.843
4 15 -8.6356 -.25 -8.5672 -9.6353 -.25 -8.6823 -7.6995 -.25 -10.0959 -7.5627 -.25 -9.7693
4 15 -7.5627 -.25 -9.7693 -7.3249 -.25 -9.4783 -8.0632 -.25 -8.4563 -8.6356 -.25 -8.5672
4 15 -8.0632 -.25 -8.4563 -7.3249 -.25 -9.4783 -7.0026 -.25 -9.2428 -6.9653 -.25 -8.2174
3 15 -1.8537 -.25 -7.109 -7.9147 -.25 -8.0723 -6.9653 -.25 -8.2174
3 15 -2.0446 -.25 -7.3684 -6.196 -.25 -8.9974 -5.7668 -.25 -9.0043
4 15 -1.8537 -.25 -7.109 -6.9653 -.25 -8.2174 -6.196 -.25 -8.9974 -2.0446 -.25 -7.3684
3 15 -2.0446 -.25 -7.3684 -5.7668 -.25 -9.0043 -5.3591 -.25 -9.099
4 15 -4.7161 -.25 -9.5202 -1.981 -.25 -8.0958 -2.1081 -.25 -7.7404 -5.0007 -.25 -9.2749
4 15 -2.0446 -.25 -7.3684 -5.3591 -.25 -9.099 -5.0007 -.25 -9.2749 -2.1081 -.25 -7.7404
4 15 -1.981 -.25 -8.0958 -4.7161 -.25 -9.5202 -4.5102 -.25 -9.8737 -1.6826 -.25 -8.3804
3 15 -1.2583 -.25 -8.5509 -4.5102 -.25 -9.8737 -.7728 -.25 -8.5813
3 15 -1.6826 -.25 -8.3804 -4.5102 -.25 -9.8737 -1.2583 -.25 -8.5509
4 15 -4.5102 -.25 -9.8737 6.523 -.25 -7.0493 -.3 -.25 -8.467 -.7728 -.25 -8.5813
4 15 6.523 -.25 -7.0493 5.3602 -.25 -5.9625 .3961 -.25 -7.5213 .3326 -.25 -7.8934
4 15 -4.5102 -.25 -9.8737 66.3 -.25 1.1488 66.3 -.25 3.7229 6.523 -.25 -7.0493
3 15 66.3 -.25 3.7229 6.9182 -.25 -5.7149 6.523 -.25 -7.0493
4 15 8.8377 -.25 -19.1823 9.6098 -.25 -19.1147 15.6 -.25 -14.5 6.8464 -.25 -15.6972
4 15 6.8464 -.25 -15.6972 15.6 -.25 -14.5 15.6 -.25 -13 6.7854 -.25 -15
4 15 5.839 -.25 -15.0827 6.7854 -.25 -15 15.6 -.25 -13 -1.8831 -.25 -13.658
4 15 15.6 -.25 -13 66.3 -.25 -2.8005 -2.2094 -.25 -13.3975 -1.8831 -.25 -13.658
4 27 -39.8663 -.25 16.4238 -40.1563 -.25 15.8973 -39.8352 -.25 15.5366 -38.9642 -.25 15.5226
4 27 -38.9642 -.25 15.5226 -37.5672 -.25 15.9627 -39.727 -.25 16.9722 -39.8663 -.25 16.4238
4 27 -38.1369 -.25 15.3305 -37.6153 -.25 15.3504 -37.5672 -.25 15.9627 -38.9642 -.25 15.5226
4 27 -38.3886 -.25 17.7905 -39.3951 -.25 18.25 -39.8304 -.25 17.5931 -39.727 -.25 16.9722
4 27 -37.5672 -.25 15.9627 -37.6544 -.25 17.62 -38.3886 -.25 17.7905 -39.727 -.25 16.9722
4 27 -37.3207 -.25 16.551 -36.8813 -.25 17.6076 -37.6544 -.25 17.62 -37.5672 -.25 15.9627
3 27 -31.4905 -.25 18.1821 -34.0863 -.25 17.9287 -33.352 -.25 17.7582
4 27 -34.4199 -.25 18.9977 -34.0863 -.25 17.9287 -31.4905 -.25 18.1821 -32.8949 -.25 20.6129
4 27 -31.6648 -.25 20.1745 -32.2811 -.25 20.4704 -32.8949 -.25 20.6129 -31.4905 -.25 18.1821
3 27 -32.2811 -.25 20.4704 -31.6648 -.25 20.1745 -31.6001 -.25 20.4624
3 27 -29.935 -.25 21.184 -30.4204 -.25 20.8294 -29.1743 -.25 20.3924
3 27 -29.577 -.25 21.6222 -29.935 -.25 21.184 -29.1743 -.25 20.3924
3 27 -31.4905 -.25 18.1821 -33.352 -.25 17.7582 -32.7066 -.25 17.4413
3 27 -31.849 -.25 16.463 -31.6954 -.25 15.8683 -31.3162 -.25 16.1897
4 27 -36.3245 -.25 12.5112 -35.2244 -.25 13.29 -35.9586 -.25 13.4605 -36.2703 -.25 13.2011
4 27 -36.3034 -.25 11.5676 -35.5245 -.25 11.5121 -36.3245 -.25 12.5112 -36.6022 -.25 11.8484
4 27 -35.5245 -.25 11.5121 -34.7736 -.25 11.2979 -35.2244 -.25 13.29 -36.3245 -.25 12.5112
4 27 -34.7736 -.25 11.2979 -34.1672 -.25 11.9127 -34.4513 -.25 13.2776 -35.2244 -.25 13.29
4 27 -33.9207 -.25 12.501 -33.6922 -.25 13.4241 -34.4513 -.25 13.2776 -34.1672 -.25 11.9127
4 27 -33.6922 -.25 13.4241 -33.9207 -.25 12.501 -33.4926 -.25 13.025 -32.9987 -.25 13.7195
4 27 -32.9987 -.25 13.7195 -33.4926 -.25 13.025 -32.912 -.25 13.4492 -32.4181 -.25 14.1437
3 27 -31.9899 -.25 14.6677 -32.2185 -.25 13.7446 -31.4593 -.25 13.8911
4 27 -31.7434 -.25 15.256 -31.9899 -.25 14.6677 -31.4593 -.25 13.8911 -30.6863 -.25 13.8787
4 27 -31.7434 -.25 15.256 -30.6863 -.25 13.8787 -29.952 -.25 13.7082 -28.8257 -.25 16.4076
4 27 -28.8257 -.25 16.4076 -29.952 -.25 13.7082 -28.0397 -.25 14.5548 -28.2848 -.25 16.0245
4 27 -25.7943 -.25 16.2424 -23.3038 -.25 16.4603 -26.5095 -.25 18.6179 -26.3352 -.25 16.6255
4 27 -26.5095 -.25 18.6179 -25.412 -.25 19.2501 -25.5428 -.25 20.7444 -26.6838 -.25 20.6103
4 27 -29.577 -.25 21.6222 -29.1743 -.25 20.3924 -26.6838 -.25 20.6103 -29.3709 -.25 22.1139
4 27 -25.6735 -.25 22.2387 -29.3308 -.25 22.6258 -29.3709 -.25 22.1139 -26.6838 -.25 20.6103
3 27 -19.5379 -.25 24.5531 -29.385 -.25 22.8421 -23.7807 -.25 22.4043
4 27 -23.7807 -.25 22.4043 -21.888 -.25 22.5699 -19.4551 -.25 23.6067 -19.5379 -.25 24.5531
4 27 -19.4551 -.25 23.6067 -21.888 -.25 22.5699 -21.7572 -.25 21.0756 -19.3723 -.25 22.6603
4 27 -16.1951 -.25 19.6567 -18.0772 -.25 22.7736 -19.3723 -.25 22.6603 -21.7572 -.25 21.0756
4 27 -20.4807 -.25 18.3843 -18.588 -.25 18.5499 -21.7572 -.25 21.0756 -21.6265 -.25 19.5813
4 27 -22.3735 -.25 18.2187 -20.4807 -.25 18.3843 -21.6265 -.25 19.5813 -23.5193 -.25 19.4157
4 27 -22.2428 -.25 16.7244 -22.3735 -.25 18.2187 -23.5193 -.25 19.4157 -25.412 -.25 19.2501
4 27 -26.5095 -.25 18.6179 -23.3038 -.25 16.4603 -22.2428 -.25 16.7244 -25.412 -.25 19.2501
4 27 -22.112 -.25 15.2301 -22.2428 -.25 16.7244 -23.3038 -.25 16.4603 -23.1295 -.25 14.4679
4 27 -18.4431 -.25 13.5073 -22.112 -.25 15.2301 -23.1295 -.25 14.4679 -22.9552 -.25 12.4755
3 27 -18.4431 -.25 13.5073 -22.9552 -.25 12.4755 -18.6042 -.25 13.1536
4 27 -22.0796 -.25 12.0983 -21.4658 -.25 11.9558 -18.6042 -.25 13.1536 -22.9552 -.25 12.4755
4 27 -18.6415 -.25 12.7668 -18.6042 -.25 13.1536 -21.4658 -.25 11.9558 -21.0816 -.25 11.7672
3 27 -22.9552 -.25 12.4755 -23.3605 -.25 11.9863 -22.7259 -.25 12.1087
4 27 -28.0397 -.25 14.5548 -29.952 -.25 13.7082 -29.3066 -.25 13.3913 -28.1105 -.25 14.0321
3 27 -28.1105 -.25 14.0321 -29.3066 -.25 13.3913 -28.7939 -.25 12.9495
4 27 -27.9362 -.25 12.0397 -28.1105 -.25 14.0321 -28.7939 -.25 12.9495 -28.449 -.25 12.413
3 27 -28.449 -.25 12.413 -28.2954 -.25 11.8183 -27.9362 -.25 12.0397
4 27 -24.5766 -.25 11.2 -27.9362 -.25 12.0397 -28.2954 -.25 11.8183 -28.3434 -.25 11.206
4 27 -27.9362 -.25 12.0397 -24.5766 -.25 11.2 -24.4257 -.25 11.3847 -25.4457 -.25 12.2576
3 27 -22.9552 -.25 12.4755 -23.9403 -.25 11.7393 -23.3605 -.25 11.9863
4 27 -24.4257 -.25 11.3847 -23.9403 -.25 11.7393 -22.9552 -.25 12.4755 -25.4457 -.25 12.2576
4 27 -22.112 -.25 15.2301 -18.4431 -.25 13.5073 -18.1692 -.25 13.8037 -20.2193 -.25 15.3957
4 27 -17.8012 -.25 14.0227 -18.3265 -.25 15.5613 -20.2193 -.25 15.3957 -18.1692 -.25 13.8037
3 27 -18.3265 -.25 15.5613 -17.8012 -.25 14.0227 -17.3642 -.25 14.1492
3 27 -16.1123 -.25 18.7103 -18.588 -.25 18.5499 -18.4572 -.25 17.0556
4 27 -13.0551 -.25 15.4567 -14.8172 -.25 18.8236 -16.1123 -.25 18.7103 -18.4572 -.25 17.0556
4 27 -21.7572 -.25 21.0756 -18.588 -.25 18.5499 -16.1123 -.25 18.7103 -16.1951 -.25 19.6567
4 27 -16.7822 -.25 22.8869 -18.0772 -.25 22.7736 -16.1951 -.25 19.6567 -16.2779 -.25 20.6031
3 27 -16.7822 -.25 22.8869 -16.2779 -.25 20.6031 -14.9828 -.25 20.7164
4 27 -16.865 -.25 23.8333 -16.7822 -.25 22.8869 -14.9828 -.25 20.7164 -13.6877 -.25 20.8297
3 27 -13.5838 -.25 26.0212 -29.385 -.25 22.8421 -19.5379 -.25 24.5531
3 27 -13.5838 -.25 26.0212 -19.5379 -.25 24.5531 -18.2428 -.25 24.6664
4 27 -10.3573 -.25 22.7775 -9.6101 -.25 22.8428 -12.5381 -.25 25.9406 -12.8935 -.25 25.8547
4 27 -8.863 -.25 22.9082 -12.2463 -.25 26.1222 -12.5381 -.25 25.9406 -9.6101 -.25 22.8428
3 27 -12.1119 -.25 26.3174 -12.2463 -.25 26.1222 -8.863 -.25 22.9082
4 27 -2.6654 -.25 21.1472 21.6 -.25 33.1 -12.1119 -.25 26.3174 -8.863 -.25 22.9082
4 27 13.5129 -.25 22.5337 24.1 -.25 19.5 24.1 -.25 30.6 11.5525 -.25 24.366
3 27 -18.4572 -.25 17.0556 -18.3265 -.25 15.5613 -13.0551 -.25 15.4567
4 27 -13.5222 -.25 18.9369 -11.8428 -.25 16.5164 -10.5477 -.25 16.6297 -13.605 -.25 19.8833
4 27 -13.605 -.25 19.8833 -10.5477 -.25 16.6297 -6.8765 -.25 17.7338 -6.9222 -.25 18.2568
4 27 -6.1542 -.25 17.797 -6.8765 -.25 17.7338 -10.5477 -.25 16.6297 -10.465 -.25 15.6833
4 27 -8.7627 -.25 21.7626 -9.5099 -.25 21.6972 -6.968 -.25 18.7798 -6.2458 -.25 18.843
4 27 -6.2458 -.25 18.843 -5.5235 -.25 18.9062 -3.5464 -.25 20.3172 -8.7627 -.25 21.7626
4 27 -3.6118 -.25 21.0644 -8.8129 -.25 22.3354 -8.7627 -.25 21.7626 -3.5464 -.25 20.3172
4 27 -2.6654 -.25 21.1472 -8.863 -.25 22.9082 -8.8129 -.25 22.3354 -3.6118 -.25 21.0644
4 27 -3.5464 -.25 20.3172 -5.5235 -.25 18.9062 -5.4778 -.25 18.3832 -3.481 -.25 19.5701
4 27 -2.5346 -.25 19.6529 -3.481 -.25 19.5701 -5.4778 -.25 18.3832 3.6377 -.25 15.7789
3 27 -13.0551 -.25 15.4567 -16.888 -.25 14.1748 -16.4049 -.25 14.0976
4 27 -17.3642 -.25 14.1492 -16.888 -.25 14.1748 -13.0551 -.25 15.4567 -18.3265 -.25 15.5613
4 27 -13.0551 -.25 15.4567 -16.4049 -.25 14.0976 -15.948 -.25 13.9229 -14.6017 -.25 13.7568
4 27 -13.5036 -.25 14.1383 -12.9723 -.25 14.5103 -13.0551 -.25 15.4567 -14.6017 -.25 13.7568
4 27 -11.6772 -.25 14.6236 -12.9723 -.25 14.5103 -13.5036 -.25 14.1383 -12.4269 -.25 14.3141
3 27 -11.6772 -.25 14.6236 -12.4269 -.25 14.3141 -11.39 -.25 14.2812
4 27 -11.39 -.25 14.2812 -10.4105 -.25 14.0402 -10.3822 -.25 14.7369 -11.6772 -.25 14.6236
3 27 -10.3822 -.25 14.7369 -10.4105 -.25 14.0402 -9.5828 -.25 13.6333
4 27 -9.5828 -.25 13.6333 3.6377 -.25 15.7789 -5.432 -.25 17.8602 -6.1542 -.25 17.797
4 27 -1.5882 -.25 19.7357 4.6407 -.25 19.1648 5.5779 -.25 22.3289 -1.6536 -.25 20.4828
4 27 5.5779 -.25 22.3289 4.6407 -.25 19.1648 6.7465 -.25 19.584 7.3997 -.25 21.7893
4 27 5.5779 -.25 22.3289 6.359 -.25 24.9657 -1.719 -.25 21.2299 -1.6536 -.25 20.4828
3 27 13.5129 -.25 22.5337 15.0305 -.25 17.6279 24.1 -.25 19.5
4 27 -28.894 -.25 4.7163 -29.3662 -.25 3.1223 -29.1779 -.25 3.1193 -27.4219 -.25 3.8525
3 27 -27.4219 -.25 3.8525 -29.1779 -.25 3.1193 -28.462 -.25 2.9531
3 27 -27.4688 -.25 3.2554 -27.8327 -.25 2.6441 -27.3189 -.25 2.6756
4 27 -27.4219 -.25 3.8525 -28.462 -.25 2.9531 -27.8327 -.25 2.6441 -27.4688 -.25 3.2554
4 27 -27.3329 -.25 2.2133 -26.9827 -.25 2.1525 -27.3189 -.25 2.6756 -27.8327 -.25 2.6441
4 27 -26.9966 -.25 1.6902 -26.4828 -.25 1.7218 -26.9827 -.25 2.1525 -27.3329 -.25 2.2133
4 27 -26.9966 -.25 1.6902 -26.8467 -.25 1.1104 -25.8535 -.25 1.4128 -26.4828 -.25 1.7218
4 27 -26.8936 -.25 .5134 -25.1376 -.25 1.2465 -25.8535 -.25 1.4128 -26.8467 -.25 1.1104
4 27 -26.9946 -.25 .2725 -24.3838 -.25 1.2344 -25.1376 -.25 1.2465 -26.8936 -.25 .5134
4 27 -24.3838 -.25 1.2344 -26.9946 -.25 .2725 -22.9418 -.25 .9233 -23.6437 -.25 1.3772
4 27 -22.9418 -.25 .9233 -22.8464 -.25 1.5709 -22.9675 -.25 1.6653 -23.6437 -.25 1.3772
3 27 -22.6827 -.25 5.2941 -21.2972 -.25 6.3666 -23.312 -.25 5.6031
3 27 -21.2972 -.25 6.3666 -24.0455 -.25 5.7696 -23.312 -.25 5.6031
3 27 -6.7923 -.25 9.5176 -6.5763 -.25 8.6903 -6.2199 -.25 8.1209
4 27 -6.1458 -.25 7.2741 -6.2199 -.25 8.1209 -6.5763 -.25 8.6903 -6.3804 -.25 7.2912
4 27 -6.3804 -.25 7.2912 -6.3277 -.25 5.8036 -6.0717 -.25 6.4274 -6.1458 -.25 7.2741
4 27 -4.9759 -.25 6.5232 -6.0717 -.25 6.4274 -6.3277 -.25 5.8036 -6.419 -.25 4.2529
3 27 -4.9759 -.25 6.5232 -6.419 -.25 4.2529 -6.5211 -.25 3.5604
4 27 -6.5211 -.25 3.5604 .3451 -.25 4.6631 -3.8801 -.25 6.6191 -4.9759 -.25 6.5232
3 27 -3.8801 -.25 6.6191 .3451 -.25 4.6631 .3663 -.25 4.7346
4 27 .5153 -.25 4.6905 4.6249 -.25 5.3504 .8775 -.25 6.4605 .3663 -.25 4.7346
4 27 -3.8801 -.25 6.6191 .3663 -.25 4.7346 .8775 -.25 6.4605 -3.9542 -.25 7.4659
4 27 -4.0283 -.25 8.3126 -3.9542 -.25 7.4659 .8775 -.25 6.4605 -.3539 -.25 9.4653
3 27 .9411 -.25 9.5786 .2936 -.25 9.5219 1.6301 -.25 9.0014
4 27 .8975 -.25 10.0767 .9411 -.25 9.5786 1.6301 -.25 9.0014 2.1413 -.25 10.7272
4 27 5.5133 -.25 7.8511 6.0246 -.25 9.577 2.1413 -.25 10.7272 1.6301 -.25 9.0014
4 27 -5.1241 -.25 8.2168 -4.0283 -.25 8.3126 -.3539 -.25 9.4653 -.3975 -.25 9.9633
3 27 -.3975 -.25 9.9633 -6.2199 -.25 8.1209 -5.1241 -.25 8.2168
4 27 12.6836 -.25 13.7485 10.6412 -.25 6.8536 13.7373 -.25 13.0807 13.037 -.25 13.8253
4 27 24.1 -.25 12 10.6412 -.25 6.8536 10.4742 -.25 6.2898 31.6 -.25 12
4 27 24.1 -.25 12 24.6708 -.25 16.6298 13.7373 -.25 13.0807 10.6412 -.25 6.8536
4 27 -24.1603 -.25 -9.9462 -24.9056 -.25 -9.7732 -25.4639 -.25 -10.8615 -22.7937 -.25 -10.4371
4 27 -22.7937 -.25 -10.4371 -22.6036 -.25 -10.2044 -23.3757 -.25 -9.9588 -24.1603 -.25 -9.9462
4 27 -22.6036 -.25 -10.2044 -22.0143 -.25 -9.7738 -22.6051 -.25 -9.8102 -23.3757 -.25 -9.9588
4 27 -22.0143 -.25 -9.7738 -21.3104 -.25 -9.474 -21.9012 -.25 -9.5103 -22.6051 -.25 -9.8102
4 27 -21.3104 -.25 -9.474 -20.5398 -.25 -9.3253 -21.3119 -.25 -9.0798 -21.9012 -.25 -9.5103
4 27 -7.9147 -.25 -8.0723 -8.748 -.25 -7.4554 -9.2452 -.25 -7.5355 -8.2254 -.25 -8.0248
3 27 -9.2452 -.25 -7.5355 -8.7422 -.25 -7.8367 -8.2254 -.25 -8.0248
3 27 -8.3629 -.25 -7.2914 -8.748 -.25 -7.4554 -7.9147 -.25 -8.0723
4 27 -7.9147 -.25 -8.0723 -1.8537 -.25 -7.109 -8.0406 -.25 -7.0559 -8.3629 -.25 -7.2914
4 27 -1.8002 -.25 -7.0363 -7.8028 -.25 -6.7649 -8.0406 -.25 -7.0559 -1.8537 -.25 -7.109
4 27 -7.8028 -.25 -6.7649 -1.8002 -.25 -7.0363 -1.412 -.25 -6.7947 -7.666 -.25 -6.4383
4 27 -.9391 -.25 -6.6804 -7.6393 -.25 -6.0983 -7.666 -.25 -6.4383 -1.412 -.25 -6.7947
4 27 -7.7312 -.25 -5.7578 -7.6393 -.25 -6.0983 -.9391 -.25 -6.6804 1.6827 -.25 -3.7382
4 27 1.6827 -.25 -3.7382 -.9391 -.25 -6.6804 -.4537 -.25 -6.7109 3.5825 -.25 -4.3009
4 27 3.5825 -.25 -4.3009 -.4537 -.25 -6.7109 -.1404 -.25 -6.8367 5.3602 -.25 -5.9625
4 27 7.8988 -.25 -2.4046 6.9182 -.25 -5.7149 66.3 -.25 3.7229 66.3 -.25 10.0882
4 27 -12.8935 -.25 25.8547 -13.2584 -.25 25.8776 -16.9477 -.25 24.7797 -16.865 -.25 23.8333
4 27 -36.312 -.25 17.4992 -36.1222 -.25 17.7541 -36.8813 -.25 17.6076 -36.8926 -.25 17.075
4 27 -35.6185 -.25 17.7946 -35.4287 -.25 18.0495 -36.1222 -.25 17.7541 -36.312 -.25 17.4992
4 27 -34.8593 -.25 17.9411 -34.8481 -.25 18.4737 -35.4287 -.25 18.0495 -35.6185 -.25 17.7946
4 27 -34.0863 -.25 17.9287 -34.4199 -.25 18.9977 -34.8481 -.25 18.4737 -34.8593 -.25 17.9411
3 27 -32.8949 -.25 20.6129 -34.1734 -.25 19.586 -34.4199 -.25 18.9977
4 27 -34.1254 -.25 20.1983 -34.1734 -.25 19.586 -32.8949 -.25 20.6129 -33.4345 -.25 20.8778
4 27 -33.4345 -.25 20.8778 -33.8631 -.25 21.2472 -34.279 -.25 20.793 -34.1254 -.25 20.1983
4 27 -34.8411 -.25 21.7444 -34.5239 -.25 21.3295 -34.1515 -.25 21.6957 -34.1956 -.25 21.8743
4 27 -34.5239 -.25 21.3295 -34.279 -.25 20.793 -33.8631 -.25 21.2472 -34.1515 -.25 21.6957
4 27 -13.0551 -.25 15.4567 -13.1379 -.25 16.4031 -13.5222 -.25 18.9369 -14.8172 -.25 18.8236
3 27 -13.5222 -.25 18.9369 -13.1379 -.25 16.4031 -11.8428 -.25 16.5164
4 27 -13.6877 -.25 20.8297 -13.605 -.25 19.8833 -6.9222 -.25 18.2568 -10.257 -.25 21.6318
4 27 -6.968 -.25 18.7798 -9.5099 -.25 21.6972 -10.257 -.25 21.6318 -6.9222 -.25 18.2568
3 27 -30.4204 -.25 20.8294 -31 -.25 20.5824 -29.1743 -.25 20.3924
4 27 -31.6001 -.25 20.4624 -31.6648 -.25 20.1745 -29.1743 -.25 20.3924 -31 -.25 20.5824
4 27 -25.7943 -.25 16.2424 -26.3352 -.25 16.6255 -28.8257 -.25 16.4076 -28.2848 -.25 16.0245
3 27 -31.4905 -.25 18.1821 -32.7066 -.25 17.4413 -32.1939 -.25 16.9995
4 27 -31.849 -.25 16.463 -31.3162 -.25 16.1897 -31.4905 -.25 18.1821 -32.1939 -.25 16.9995
4 27 -6.2199 -.25 8.1209 -.3975 -.25 9.9633 -.4411 -.25 10.4615 -6.7923 -.25 9.5176
3 27 2.3728 -.25 11.5086 -.4411 -.25 10.4615 .2064 -.25 10.5181
3 27 2.3728 -.25 11.5086 -6.7923 -.25 9.5176 -.4411 -.25 10.4615
3 4 8 -.25 -8 -4.5102 -.25 -9.8737 7.1089 -.25 -8.6886
3 4 8 -.25 -8 7.1089 -.25 -8.6886 7.7564 -.25 -8.6319
4 4 66.3 -.25 1.1488 8 -.25 -8 7.7564 -.25 -8.6319 8.4039 -.25 -8.5753
3 4 66.3 -.25 1.1488 -4.5102 -.25 -9.8737 8 -.25 -8
3 4 3.5157 -.25 -12.2354 2.4697 -.25 -12.327 -2.2094 -.25 -13.3975
3 4 6 -.25 -12 3.5157 -.25 -12.2354 -2.2094 -.25 -13.3975
4 4 10 -.25 -10 7.8436 -.25 -9.6281 3.5157 -.25 -12.2354 6 -.25 -12
4 0 -24.237 -.25 -12.2566 -23.6891 -.25 -12.2087 -23.2872 -.25 -12.1484 -24.0713 -.25 -11.7501
3 0 -36.595 -.25 9.2354 -40.6313 -.25 8.679 -36.5579 -.25 8.8121
4 0 -37.6589 -.25 11.3286 -40.6313 -.25 8.679 -36.595 -.25 9.2354 -36.9008 -.25 11.4829
4 0 -37.7025 -.25 11.8267 -37.6589 -.25 11.3286 -36.9008 -.25 11.4829 -36.6022 -.25 11.8484
3 0 -37.6589 -.25 11.3286 -38.3064 -.25 11.2719 -40.6313 -.25 8.679
3 0 -40.6313 -.25 8.679 -42.1778 -.25 4.3871 -46.7376 -.25 -11.9356
4 0 -45.4931 -.25 -5.4518 -46.7376 -.25 -11.9356 -42.1778 -.25 4.3871 -44.8056 -.25 -3.1307
3 0 -42.1778 -.25 4.3871 -44.1024 -.25 -.7571 -44.8056 -.25 -3.1307
3 0 -42.1778 -.25 4.3871 -43.4526 -.25 1.4366 -44.1024 -.25 -.7571
3 27 -22.6827 -.25 5.2941 -22.1829 -.25 4.8633 -21.2972 -.25 6.3666
3 27 -22.1829 -.25 4.8633 -22.0152 -.25 4.6026 -21.2972 -.25 6.3666
3 15 -12.7224 -.25 10.3195 -12.5986 -.25 10.2213 -12.3764 -.25 10.2468
4 15 -12.7224 -.25 10.3195 -12.3764 -.25 10.2468 -12.5904 -.25 13.1144 -13.534 -.25 12.9449
4 15 -12.3764 -.25 10.2468 -12.2013 -.25 10.2895 -11.6837 -.25 13.0956 -12.5904 -.25 13.1144
4 15 -11.6837 -.25 13.0956 -12.2013 -.25 10.2895 -10.0423 -.25 12.4982 -10.8295 -.25 12.8891
4 15 -10.0423 -.25 12.4982 -12.2013 -.25 10.2895 -8.7217 -.25 11.1934 -9.3357 -.25 11.9298
3 15 -8.7217 -.25 11.1934 -12.2013 -.25 10.2895 -8.2109 -.25 10.3018