0 Sticker  1.8 x  5.8 with Mountains and Power Generators
0 Name: 6347355b.dat
0 Author: Evert-Jan Boer [ejboer]
0 !LDRAW_ORG Unofficial_Part
0 !LICENSE Licensed under CC BY 4.0 : see CAreadme.txt

0 BFC CERTIFY CCW

0 !CATEGORY Sticker
0 !KEYWORDS AT-AT, Bricklink 75313stk01, Brickowl 493992, Rebrickable 78792
0 !KEYWORDS Set 75313, Star Wars

1 16 0 0 0 1 0 0 0 1 0 0 0 1 s\stickerback018x058.dat
1 0 -56.5 -.25 16.5 0 0 -1.5 0 1 0 1.5 0 0 1-4chrd.dat
1 0 -56.5 -.25 -16.5 -1.5 0 0 0 1 0 0 0 -1.5 1-4chrd.dat
1 0 56.5 -.25 -16.5 0 0 1.5 0 1 0 -1.5 0 0 1-4chrd.dat
1 0 56.5 -.25 16.5 1.5 0 0 0 1 0 0 0 1.5 1-4chrd.dat
4 72 21.29 -.25 -5.66 21.09 -.25 -6.63 21.5 -.25 -6.69 21.7 -.25 -5.76
4 72 21.55 -.25 -4.78 21.29 -.25 -5.66 21.7 -.25 -5.76 21.96 -.25 -4.94
4 72 21.91 -.25 -3.91 21.55 -.25 -4.78 21.96 -.25 -4.94 22.32 -.25 -4.06
4 72 22.22 -.25 -3.34 21.91 -.25 -3.91 22.32 -.25 -4.06 22.63 -.25 -3.5
4 72 22.58 -.25 -2.83 22.22 -.25 -3.34 22.63 -.25 -3.5 22.99 -.25 -2.93
4 72 22.68 -.25 -2.57 22.58 -.25 -2.83 22.99 -.25 -2.93 23.3 -.25 -2.62
4 72 22.01 -.25 -9.41 22.48 -.25 -9.36 22.58 -.25 -8.13 22.12 -.25 -8.13
4 72 22.22 -.25 -7.25 22.12 -.25 -8.13 22.58 -.25 -8.13 22.68 -.25 -7.25
4 72 22.43 -.25 -5.97 22.22 -.25 -7.25 22.68 -.25 -7.25 22.89 -.25 -5.97
4 72 22.74 -.25 -4.83 22.43 -.25 -5.97 22.89 -.25 -5.97 23.2 -.25 -4.83
4 72 23.1 -.25 -3.86 22.74 -.25 -4.83 23.2 -.25 -4.83 23.56 -.25 -3.91
4 72 23.41 -.25 -3.29 23.1 -.25 -3.86 23.56 -.25 -3.91 23.82 -.25 -3.45
4 72 23.72 -.25 -2.93 23.41 -.25 -3.29 23.82 -.25 -3.45 24.13 -.25 -3.14
4 72 24.13 -.25 -2.57 23.72 -.25 -2.93 24.13 -.25 -3.14 24.54 -.25 -2.93
4 72 23.2 -.25 -9.31 23.61 -.25 -9.31 23.66 -.25 -8.33 23.3 -.25 -8.02
4 72 23.3 -.25 -8.02 23.66 -.25 -8.33 23.77 -.25 -7.46 23.51 -.25 -6.89
4 72 23.51 -.25 -6.89 23.77 -.25 -7.46 23.97 -.25 -6.48 23.82 -.25 -5.81
4 72 23.82 -.25 -5.81 23.97 -.25 -6.48 24.23 -.25 -5.71 24.08 -.25 -4.99
4 72 24.08 -.25 -4.99 24.23 -.25 -5.71 24.49 -.25 -5.19 24.39 -.25 -4.47
4 72 24.39 -.25 -4.47 24.49 -.25 -5.19 24.7 -.25 -4.94 24.7 -.25 -4.17
4 72 24.7 -.25 -4.17 24.7 -.25 -4.94 25 -.25 -4.78 25.11 -.25 -4.06
4 72 25.11 -.25 -4.06 25 -.25 -4.78 25.31 -.25 -4.78 25.47 -.25 -4.06
4 72 25.78 -.25 -4.11 25.47 -.25 -4.06 25.31 -.25 -4.78 25.67 -.25 -4.89
4 72 24.23 -.25 -9.36 24.64 -.25 -9.36 24.75 -.25 -8.49 24.39 -.25 -8.23
4 72 24.59 -.25 -7.41 24.39 -.25 -8.23 24.75 -.25 -8.49 24.95 -.25 -7.56
4 72 24.85 -.25 -6.63 24.59 -.25 -7.41 24.95 -.25 -7.56 25.21 -.25 -6.84
4 72 25.21 -.25 -6.12 24.85 -.25 -6.63 25.21 -.25 -6.84 25.47 -.25 -6.43
4 72 25.57 -.25 -5.91 25.21 -.25 -6.12 25.47 -.25 -6.43 25.67 -.25 -6.33
4 72 25.88 -.25 -5.86 25.57 -.25 -5.91 25.67 -.25 -6.33 25.93 -.25 -6.33
4 72 26.14 -.25 -5.91 25.88 -.25 -5.86 25.93 -.25 -6.33 26.19 -.25 -6.53
4 72 26.4 -.25 -6.07 26.14 -.25 -5.91 26.19 -.25 -6.53 26.45 -.25 -6.79
4 72 20.26 -.25 -7.46 19.75 -.25 -7.92 21.14 -.25 -7.92 21.65 -.25 -7.46
4 72 21.55 -.25 -9.41 21.65 -.25 -7.46 21.14 -.25 -7.92 21.09 -.25 -9.72
4 72 19.75 -.25 -7.92 19.08 -.25 -7.46 19.02 -.25 -8.9 19.64 -.25 -9.72
3 72 19.02 -.25 -8.9 19.02 -.25 -9.41 19.64 -.25 -9.72
4 72 19.64 -.25 -9.72 19.02 -.25 -9.41 19.02 -.25 -9.98 19.13 -.25 -10.23
4 72 19.64 -.25 -9.72 19.13 -.25 -10.23 19.38 -.25 -10.34 20.73 -.25 -10.34
4 72 21.09 -.25 -9.72 19.64 -.25 -9.72 20.73 -.25 -10.34 21.03 -.25 -10.39
4 72 21.09 -.25 -9.72 21.03 -.25 -10.39 21.4 -.25 -10.39 21.65 -.25 -10.29
4 72 21.09 -.25 -9.72 21.65 -.25 -10.29 21.86 -.25 -10.03 21.55 -.25 -9.41
4 72 22.01 -.25 -9.41 21.55 -.25 -9.41 21.86 -.25 -10.03 22.53 -.25 -9.98
4 72 22.48 -.25 -9.36 22.01 -.25 -9.41 22.53 -.25 -9.98 22.99 -.25 -9.93
4 72 23.2 -.25 -9.31 22.48 -.25 -9.36 22.99 -.25 -9.93 23.41 -.25 -9.87
4 72 23.61 -.25 -9.31 23.2 -.25 -9.31 23.41 -.25 -9.87 24.23 -.25 -9.36
4 72 24.23 -.25 -9.36 23.41 -.25 -9.87 23.97 -.25 -9.93 24.54 -.25 -9.93
4 72 24.64 -.25 -9.36 24.23 -.25 -9.36 24.54 -.25 -9.93 25.57 -.25 -9.46
4 72 25.57 -.25 -9.46 24.54 -.25 -9.93 25.26 -.25 -9.98 26.04 -.25 -9.46
4 72 25.67 -.25 -8.74 25.57 -.25 -9.46 26.04 -.25 -9.46 26.14 -.25 -8.69
4 72 25.83 -.25 -8.23 25.67 -.25 -8.74 26.14 -.25 -8.69 26.24 -.25 -8.28
4 72 26.04 -.25 -7.82 25.83 -.25 -8.23 26.24 -.25 -8.28 26.4 -.25 -7.97
4 72 26.24 -.25 -7.56 26.04 -.25 -7.82 26.4 -.25 -7.97 26.6 -.25 -7.82
4 72 26.5 -.25 -7.41 26.24 -.25 -7.56 26.6 -.25 -7.82 27.12 -.25 -7.15
4 72 26.04 -.25 -9.46 25.26 -.25 -9.98 25.78 -.25 -10.08 26.29 -.25 -10.08
4 72 19.69 -.25 -6.79 20.26 -.25 -7.46 20.42 -.25 -6.53 19.8 -.25 -6.17
4 72 19.95 -.25 -5.55 19.8 -.25 -6.17 20.42 -.25 -6.53 20.62 -.25 -5.5
4 72 20.16 -.25 -4.83 19.95 -.25 -5.55 20.62 -.25 -5.5 20.88 -.25 -4.58
4 72 20.62 -.25 -3.81 20.88 -.25 -4.58 21.19 -.25 -3.96 20.98 -.25 -3.14
4 72 20.98 -.25 -3.14 21.19 -.25 -3.96 21.55 -.25 -3.45 21.4 -.25 -2.57
4 72 21.4 -.25 -2.57 21.55 -.25 -3.45 22.01 -.25 -2.88 21.91 -.25 -2.11
3 72 21.91 -.25 -2.11 22.01 -.25 -2.88 22.38 -.25 -2.52
3 72 19.33 -.25 -7.3 19.08 -.25 -7.46 19.75 -.25 -7.92
4 72 19.69 -.25 -6.79 19.33 -.25 -7.3 19.75 -.25 -7.92 20.26 -.25 -7.46
4 72 21.91 -.25 -2.11 22.38 -.25 -2.52 22.68 -.25 -2.37 22.38 -.25 -1.8
4 72 22.94 -.25 -1.75 22.38 -.25 -1.8 22.68 -.25 -2.37 23.66 -.25 -1.75
4 72 23.66 -.25 -1.75 22.68 -.25 -2.37 22.68 -.25 -2.57 23.3 -.25 -2.62
4 72 23.66 -.25 -1.75 23.3 -.25 -2.62 23.61 -.25 -2.47 24.23 -.25 -1.8
3 72 24.23 -.25 -1.8 23.61 -.25 -2.47 23.92 -.25 -2.47
4 72 24.23 -.25 -1.8 23.92 -.25 -2.47 24.13 -.25 -2.57 24.7 -.25 -1.95
4 72 24.7 -.25 -1.95 24.13 -.25 -2.57 24.54 -.25 -2.93 25.16 -.25 -2.31
4 72 25.16 -.25 -2.31 24.54 -.25 -2.93 24.75 -.25 -2.93 25.62 -.25 -2.78
4 72 25.62 -.25 -2.78 24.75 -.25 -2.93 25.06 -.25 -3.14 25.98 -.25 -3.34
4 72 25.98 -.25 -3.34 25.06 -.25 -3.14 25.42 -.25 -3.55 26.19 -.25 -3.75
4 72 26.19 -.25 -3.75 25.42 -.25 -3.55 25.78 -.25 -4.11 26.34 -.25 -4.11
4 72 26.34 -.25 -4.11 25.78 -.25 -4.11 25.67 -.25 -4.89 26.65 -.25 -4.78
4 72 26.65 -.25 -4.78 25.67 -.25 -4.89 25.88 -.25 -5.04 26.81 -.25 -5.25
4 72 26.81 -.25 -5.25 25.88 -.25 -5.04 26.14 -.25 -5.35 26.96 -.25 -5.86
4 72 26.96 -.25 -5.86 26.14 -.25 -5.35 26.4 -.25 -6.07 27.07 -.25 -6.53
4 72 27.07 -.25 -6.53 26.4 -.25 -6.07 26.45 -.25 -6.79 27.12 -.25 -7.15
3 72 26.45 -.25 -6.79 26.5 -.25 -7.41 27.12 -.25 -7.15
4 72 29.13 -.25 -5.66 28.92 -.25 -6.63 29.34 -.25 -6.69 29.54 -.25 -5.76
4 72 29.39 -.25 -4.78 29.13 -.25 -5.66 29.54 -.25 -5.76 29.8 -.25 -4.94
4 72 29.75 -.25 -3.91 29.39 -.25 -4.78 29.8 -.25 -4.94 30.16 -.25 -4.06
4 72 30.06 -.25 -3.34 29.75 -.25 -3.91 30.16 -.25 -4.06 30.47 -.25 -3.5
4 72 30.42 -.25 -2.83 30.06 -.25 -3.34 30.47 -.25 -3.5 30.83 -.25 -2.93
4 72 30.52 -.25 -2.57 30.42 -.25 -2.83 30.83 -.25 -2.93 31.14 -.25 -2.62
4 72 29.85 -.25 -9.41 30.31 -.25 -9.36 30.42 -.25 -8.13 29.95 -.25 -8.13
4 72 30.06 -.25 -7.25 29.95 -.25 -8.13 30.42 -.25 -8.13 30.52 -.25 -7.25
4 72 30.26 -.25 -5.97 30.06 -.25 -7.25 30.52 -.25 -7.25 30.73 -.25 -5.97
4 72 30.57 -.25 -4.83 30.26 -.25 -5.97 30.73 -.25 -5.97 31.04 -.25 -4.83
4 72 30.93 -.25 -3.86 30.57 -.25 -4.83 31.04 -.25 -4.83 31.4 -.25 -3.91
4 72 31.24 -.25 -3.29 30.93 -.25 -3.86 31.4 -.25 -3.91 31.66 -.25 -3.45
4 72 31.55 -.25 -2.93 31.24 -.25 -3.29 31.66 -.25 -3.45 31.96 -.25 -3.14
4 72 31.96 -.25 -2.57 31.55 -.25 -2.93 31.96 -.25 -3.14 32.38 -.25 -2.93
4 72 31.04 -.25 -9.31 31.45 -.25 -9.31 31.5 -.25 -8.33 31.14 -.25 -8.02
4 72 31.14 -.25 -8.02 31.5 -.25 -8.33 31.6 -.25 -7.46 31.35 -.25 -6.89
4 72 31.35 -.25 -6.89 31.6 -.25 -7.46 31.81 -.25 -6.48 31.66 -.25 -5.81
4 72 31.66 -.25 -5.81 31.81 -.25 -6.48 32.07 -.25 -5.71 31.91 -.25 -4.99
4 72 31.91 -.25 -4.99 32.07 -.25 -5.71 32.33 -.25 -5.19 32.22 -.25 -4.47
4 72 32.22 -.25 -4.47 32.33 -.25 -5.19 32.53 -.25 -4.94 32.53 -.25 -4.17
4 72 32.53 -.25 -4.17 32.53 -.25 -4.94 32.84 -.25 -4.78 32.94 -.25 -4.06
4 72 32.94 -.25 -4.06 32.84 -.25 -4.78 33.15 -.25 -4.78 33.3 -.25 -4.06
4 72 33.61 -.25 -4.11 33.3 -.25 -4.06 33.15 -.25 -4.78 33.51 -.25 -4.89
4 72 32.07 -.25 -9.36 32.48 -.25 -9.36 32.58 -.25 -8.49 32.22 -.25 -8.23
4 72 32.43 -.25 -7.41 32.22 -.25 -8.23 32.58 -.25 -8.49 32.79 -.25 -7.56
4 72 32.69 -.25 -6.63 32.43 -.25 -7.41 32.79 -.25 -7.56 33.05 -.25 -6.84
4 72 33.05 -.25 -6.12 32.69 -.25 -6.63 33.05 -.25 -6.84 33.3 -.25 -6.43
4 72 33.41 -.25 -5.91 33.05 -.25 -6.12 33.3 -.25 -6.43 33.51 -.25 -6.33
4 72 33.72 -.25 -5.86 33.41 -.25 -5.91 33.51 -.25 -6.33 33.77 -.25 -6.33
4 72 33.98 -.25 -5.91 33.72 -.25 -5.86 33.77 -.25 -6.33 34.03 -.25 -6.53
4 72 34.23 -.25 -6.07 33.98 -.25 -5.91 34.03 -.25 -6.53 34.28 -.25 -6.79
4 72 28.1 -.25 -7.46 27.58 -.25 -7.92 28.97 -.25 -7.92 29.49 -.25 -7.46
4 72 29.39 -.25 -9.41 29.49 -.25 -7.46 28.97 -.25 -7.92 28.92 -.25 -9.72
4 72 27.48 -.25 -9.72 27.58 -.25 -7.92 26.86 -.25 -8.9 26.86 -.25 -9.46
4 72 27.02 -.25 -10.29 27.27 -.25 -10.39 27.48 -.25 -9.72 26.86 -.25 -9.46
4 72 28.92 -.25 -9.72 29.44 -.25 -10.39 29.7 -.25 -10.29 29.8 -.25 -10.03
4 72 29.39 -.25 -9.41 28.92 -.25 -9.72 29.8 -.25 -10.03 29.85 -.25 -9.41
4 72 29.85 -.25 -9.41 29.8 -.25 -10.03 30.37 -.25 -9.98 30.31 -.25 -9.36
4 72 30.31 -.25 -9.36 30.37 -.25 -9.98 30.83 -.25 -10.03 31.04 -.25 -9.31
4 72 31.04 -.25 -9.31 30.83 -.25 -10.03 31.24 -.25 -10.08 31.45 -.25 -9.31
4 72 32.07 -.25 -9.36 31.45 -.25 -9.31 31.24 -.25 -10.08 31.86 -.25 -10.03
4 72 32.07 -.25 -9.36 31.86 -.25 -10.03 32.27 -.25 -9.93 32.48 -.25 -9.36
4 72 33.41 -.25 -9.46 32.48 -.25 -9.36 32.27 -.25 -9.93 32.74 -.25 -9.98
4 72 33.51 -.25 -8.74 33.41 -.25 -9.46 33.87 -.25 -9.46 33.98 -.25 -8.69
4 72 33.67 -.25 -8.23 33.51 -.25 -8.74 33.98 -.25 -8.69 34.08 -.25 -8.28
4 72 33.87 -.25 -7.82 33.67 -.25 -8.23 34.08 -.25 -8.28 34.23 -.25 -7.97
4 72 34.08 -.25 -7.56 33.87 -.25 -7.82 34.23 -.25 -7.97 34.54 -.25 -7.87
4 72 34.34 -.25 -7.41 34.08 -.25 -7.56 34.54 -.25 -7.87 34.95 -.25 -7.15
4 72 33.87 -.25 -9.46 33.41 -.25 -9.46 32.74 -.25 -9.98 33.3 -.25 -10.03
3 72 33.87 -.25 -9.46 33.3 -.25 -10.03 34.13 -.25 -10.03
4 72 27.63 -.25 -7.15 28.1 -.25 -7.46 28.25 -.25 -6.53 27.79 -.25 -6.17
4 72 27.94 -.25 -5.4 27.79 -.25 -6.17 28.25 -.25 -6.53 28.46 -.25 -5.5
4 72 28.1 -.25 -4.83 27.94 -.25 -5.4 28.46 -.25 -5.5 28.72 -.25 -4.68
4 72 28.46 -.25 -3.81 28.72 -.25 -4.68 29.03 -.25 -3.96 28.82 -.25 -3.14
4 72 28.82 -.25 -3.14 29.03 -.25 -3.96 29.39 -.25 -3.45 29.23 -.25 -2.57
4 72 29.23 -.25 -2.57 29.39 -.25 -3.45 29.85 -.25 -2.88 29.75 -.25 -2.11
3 72 29.75 -.25 -2.11 29.85 -.25 -2.88 30.21 -.25 -2.52
4 72 27.58 -.25 -7.92 28.1 -.25 -7.46 27.63 -.25 -7.15 27.12 -.25 -7.15
4 72 29.75 -.25 -2.11 30.21 -.25 -2.52 30.52 -.25 -2.37 30.21 -.25 -1.8
4 72 30.78 -.25 -1.75 30.21 -.25 -1.8 30.52 -.25 -2.37 31.5 -.25 -1.75
4 72 31.5 -.25 -1.75 30.52 -.25 -2.37 30.52 -.25 -2.57 31.14 -.25 -2.62
4 72 31.5 -.25 -1.75 31.14 -.25 -2.62 31.45 -.25 -2.47 32.07 -.25 -1.8
3 72 32.07 -.25 -1.8 31.45 -.25 -2.47 31.76 -.25 -2.47
4 72 32.07 -.25 -1.8 31.76 -.25 -2.47 31.96 -.25 -2.57 32.53 -.25 -1.95
4 72 32.53 -.25 -1.95 31.96 -.25 -2.57 32.38 -.25 -2.93 33 -.25 -2.31
4 72 33 -.25 -2.31 32.38 -.25 -2.93 32.58 -.25 -2.93 33.46 -.25 -2.78
4 72 33.46 -.25 -2.78 32.58 -.25 -2.93 32.89 -.25 -3.14 33.82 -.25 -3.34
4 72 33.82 -.25 -3.34 32.89 -.25 -3.14 33.25 -.25 -3.55 34.03 -.25 -3.75
4 72 34.03 -.25 -3.75 33.25 -.25 -3.55 33.61 -.25 -4.11 34.18 -.25 -4.11
4 72 34.18 -.25 -4.11 33.61 -.25 -4.11 33.51 -.25 -4.89 34.49 -.25 -4.78
4 72 34.49 -.25 -4.78 33.51 -.25 -4.89 33.72 -.25 -5.04 34.65 -.25 -5.25
4 72 34.65 -.25 -5.25 33.72 -.25 -5.04 33.98 -.25 -5.35 34.8 -.25 -5.86
4 72 34.8 -.25 -5.86 33.98 -.25 -5.35 34.23 -.25 -6.07 34.9 -.25 -6.53
4 72 34.9 -.25 -6.53 34.23 -.25 -6.07 34.28 -.25 -6.79 34.95 -.25 -7.15
3 72 34.28 -.25 -6.79 34.34 -.25 -7.41 34.95 -.25 -7.15
3 72 34.95 -.25 -7.15 34.54 -.25 -7.87 34.8 -.25 -7.82
4 72 37.02 -.25 -5.71 36.81 -.25 -6.69 37.22 -.25 -6.74 37.43 -.25 -5.81
4 72 37.27 -.25 -4.83 37.02 -.25 -5.71 37.43 -.25 -5.81 37.69 -.25 -4.99
4 72 37.64 -.25 -3.96 37.27 -.25 -4.83 37.69 -.25 -4.99 38.05 -.25 -4.11
4 72 37.94 -.25 -3.39 37.64 -.25 -3.96 38.05 -.25 -4.11 38.36 -.25 -3.55
4 72 38.31 -.25 -2.88 37.94 -.25 -3.39 38.36 -.25 -3.55 38.72 -.25 -2.98
4 72 38.41 -.25 -2.62 38.31 -.25 -2.88 38.72 -.25 -2.98 39.03 -.25 -2.67
4 72 37.74 -.25 -9.46 38.2 -.25 -9.41 38.31 -.25 -8.18 37.84 -.25 -8.18
4 72 37.94 -.25 -7.3 37.84 -.25 -8.18 38.31 -.25 -8.18 38.41 -.25 -7.3
4 72 38.15 -.25 -6.02 37.94 -.25 -7.3 38.41 -.25 -7.3 38.62 -.25 -6.02
4 72 38.46 -.25 -4.89 38.15 -.25 -6.02 38.62 -.25 -6.02 38.92 -.25 -4.89
4 72 38.82 -.25 -3.91 38.46 -.25 -4.89 38.92 -.25 -4.89 39.29 -.25 -3.96
4 72 39.13 -.25 -3.34 38.82 -.25 -3.91 39.29 -.25 -3.96 39.54 -.25 -3.5
4 72 39.44 -.25 -2.98 39.13 -.25 -3.34 39.54 -.25 -3.5 39.85 -.25 -3.19
4 72 39.85 -.25 -2.62 39.44 -.25 -2.98 39.85 -.25 -3.19 40.26 -.25 -2.98
4 72 38.92 -.25 -9.36 39.34 -.25 -9.36 39.39 -.25 -8.38 39.03 -.25 -8.07
4 72 39.03 -.25 -8.07 39.39 -.25 -8.38 39.49 -.25 -7.51 39.23 -.25 -6.94
4 72 39.23 -.25 -6.94 39.49 -.25 -7.51 39.7 -.25 -6.53 39.54 -.25 -5.86
4 72 39.54 -.25 -5.86 39.7 -.25 -6.53 39.96 -.25 -5.76 39.8 -.25 -5.04
4 72 39.8 -.25 -5.04 39.96 -.25 -5.76 40.21 -.25 -5.25 40.11 -.25 -4.53
4 72 40.11 -.25 -4.53 40.21 -.25 -5.25 40.42 -.25 -4.99 40.42 -.25 -4.22
4 72 40.42 -.25 -4.22 40.42 -.25 -4.99 40.73 -.25 -4.83 40.83 -.25 -4.11
4 72 40.83 -.25 -4.11 40.73 -.25 -4.83 41.04 -.25 -4.83 41.19 -.25 -4.11
4 72 41.5 -.25 -4.17 41.19 -.25 -4.11 41.04 -.25 -4.83 41.4 -.25 -4.94
4 72 39.96 -.25 -9.41 40.37 -.25 -9.41 40.47 -.25 -8.54 40.11 -.25 -8.28
4 72 40.32 -.25 -7.46 40.11 -.25 -8.28 40.47 -.25 -8.54 40.68 -.25 -7.61
4 72 40.57 -.25 -6.69 40.32 -.25 -7.46 40.68 -.25 -7.61 40.94 -.25 -6.89
4 72 40.94 -.25 -6.17 40.57 -.25 -6.69 40.94 -.25 -6.89 41.19 -.25 -6.48
4 72 41.3 -.25 -5.97 40.94 -.25 -6.17 41.19 -.25 -6.48 41.4 -.25 -6.38
4 72 41.61 -.25 -5.91 41.3 -.25 -5.97 41.4 -.25 -6.38 41.66 -.25 -6.38
4 72 41.86 -.25 -5.97 41.61 -.25 -5.91 41.66 -.25 -6.38 41.91 -.25 -6.58
4 72 42.12 -.25 -6.12 41.86 -.25 -5.97 41.91 -.25 -6.58 42.17 -.25 -6.84
4 72 35.99 -.25 -7.51 35.47 -.25 -7.97 36.86 -.25 -7.97 37.38 -.25 -7.51
4 72 37.27 -.25 -9.46 37.38 -.25 -7.51 36.86 -.25 -7.97 36.81 -.25 -9.77
4 72 35.37 -.25 -9.77 35.47 -.25 -7.97 34.75 -.25 -8.95 34.75 -.25 -9.46
4 72 35.37 -.25 -9.77 34.75 -.25 -9.46 34.59 -.25 -10.03 34.75 -.25 -10.29
4 72 35.37 -.25 -9.77 34.75 -.25 -10.29 35.11 -.25 -10.49 36.81 -.25 -9.77
4 72 36.81 -.25 -9.77 36.86 -.25 -10.49 37.12 -.25 -10.44 37.38 -.25 -10.34
4 72 36.81 -.25 -9.77 37.38 -.25 -10.34 37.58 -.25 -10.08 37.27 -.25 -9.46
4 72 37.74 -.25 -9.46 37.27 -.25 -9.46 37.58 -.25 -10.08 38.25 -.25 -10.03
4 72 38.2 -.25 -9.41 37.74 -.25 -9.46 38.25 -.25 -10.03 38.72 -.25 -10.13
4 72 38.92 -.25 -9.36 38.2 -.25 -9.41 38.72 -.25 -10.13 39.13 -.25 -10.18
4 72 39.34 -.25 -9.36 38.92 -.25 -9.36 39.13 -.25 -10.18 39.96 -.25 -9.41
3 72 39.96 -.25 -9.41 39.13 -.25 -10.18 39.65 -.25 -10.08
4 72 39.96 -.25 -9.41 39.65 -.25 -10.08 40.16 -.25 -9.98 40.37 -.25 -9.41
4 72 41.3 -.25 -9.51 40.37 -.25 -9.41 40.16 -.25 -9.98 40.47 -.25 -10.13
4 72 41.4 -.25 -8.79 41.3 -.25 -9.51 41.76 -.25 -9.41 41.86 -.25 -8.74
4 72 41.55 -.25 -8.28 41.4 -.25 -8.79 41.86 -.25 -8.74 41.97 -.25 -8.33
4 72 41.76 -.25 -7.87 41.55 -.25 -8.28 41.97 -.25 -8.33 42.12 -.25 -8.02
4 72 41.97 -.25 -7.61 41.76 -.25 -7.87 42.12 -.25 -8.02 42.33 -.25 -7.87
4 72 42.22 -.25 -7.46 41.97 -.25 -7.61 42.33 -.25 -7.87 42.84 -.25 -7.2
4 72 41.76 -.25 -9.41 41.3 -.25 -9.51 40.47 -.25 -10.13 41.04 -.25 -10.18
3 72 41.76 -.25 -9.41 41.04 -.25 -10.18 41.71 -.25 -10.03
4 72 35.47 -.25 -7.1 35.99 -.25 -7.51 36.14 -.25 -6.58 35.57 -.25 -6.48
4 72 35.78 -.25 -5.5 35.57 -.25 -6.48 36.14 -.25 -6.58 36.35 -.25 -5.55
4 72 36.35 -.25 -3.86 36.6 -.25 -4.63 36.91 -.25 -4.01 36.71 -.25 -3.19
4 72 36.71 -.25 -3.19 36.91 -.25 -4.01 37.27 -.25 -3.5 37.12 -.25 -2.62
4 72 37.12 -.25 -2.62 37.27 -.25 -3.5 37.74 -.25 -2.93 37.64 -.25 -2.16
3 72 37.64 -.25 -2.16 37.74 -.25 -2.93 38.1 -.25 -2.57
4 72 35.47 -.25 -7.97 35.99 -.25 -7.51 35.47 -.25 -7.1 34.95 -.25 -7.15
4 72 37.64 -.25 -2.16 38.1 -.25 -2.57 38.41 -.25 -2.42 38.1 -.25 -1.85
4 72 38.67 -.25 -1.8 38.1 -.25 -1.85 38.41 -.25 -2.42 39.39 -.25 -1.8
4 72 39.39 -.25 -1.8 38.41 -.25 -2.42 38.41 -.25 -2.62 39.03 -.25 -2.67
4 72 39.39 -.25 -1.8 39.03 -.25 -2.67 39.34 -.25 -2.52 39.96 -.25 -1.85
3 72 39.96 -.25 -1.85 39.34 -.25 -2.52 39.65 -.25 -2.52
4 72 39.96 -.25 -1.85 39.65 -.25 -2.52 39.85 -.25 -2.62 40.42 -.25 -2.01
4 72 40.42 -.25 -2.01 39.85 -.25 -2.62 40.26 -.25 -2.98 40.88 -.25 -2.37
4 72 40.88 -.25 -2.37 40.26 -.25 -2.98 40.47 -.25 -2.98 41.35 -.25 -2.83
4 72 41.35 -.25 -2.83 40.47 -.25 -2.98 40.78 -.25 -3.19 41.71 -.25 -3.39
4 72 41.71 -.25 -3.39 40.78 -.25 -3.19 41.14 -.25 -3.6 41.91 -.25 -3.81
4 72 41.91 -.25 -3.81 41.14 -.25 -3.6 41.5 -.25 -4.17 42.07 -.25 -4.17
4 72 42.07 -.25 -4.17 41.5 -.25 -4.17 41.4 -.25 -4.94 42.38 -.25 -4.83
4 72 42.38 -.25 -4.83 41.4 -.25 -4.94 41.61 -.25 -5.09 42.53 -.25 -5.3
4 72 42.53 -.25 -5.3 41.61 -.25 -5.09 41.86 -.25 -5.4 42.69 -.25 -5.91
4 72 42.69 -.25 -5.91 41.86 -.25 -5.4 42.12 -.25 -6.12 42.79 -.25 -6.58
4 72 42.79 -.25 -6.58 42.12 -.25 -6.12 42.17 -.25 -6.84 42.84 -.25 -7.2
3 72 42.17 -.25 -6.84 42.22 -.25 -7.46 42.84 -.25 -7.2
4 72 44.85 -.25 -5.71 44.65 -.25 -6.69 45.06 -.25 -6.74 45.27 -.25 -5.81
4 72 45.11 -.25 -4.83 44.85 -.25 -5.71 45.27 -.25 -5.81 45.52 -.25 -4.99
4 72 45.47 -.25 -3.96 45.11 -.25 -4.83 45.52 -.25 -4.99 45.88 -.25 -4.11
4 72 45.78 -.25 -3.39 45.47 -.25 -3.96 45.88 -.25 -4.11 46.19 -.25 -3.55
4 72 46.14 -.25 -2.88 45.78 -.25 -3.39 46.19 -.25 -3.55 46.55 -.25 -2.98
4 72 46.25 -.25 -2.62 46.14 -.25 -2.88 46.55 -.25 -2.98 46.86 -.25 -2.67
4 72 45.58 -.25 -9.46 46.04 -.25 -9.41 46.14 -.25 -8.18 45.68 -.25 -8.18
4 72 45.78 -.25 -7.3 45.68 -.25 -8.18 46.14 -.25 -8.18 46.25 -.25 -7.3
4 72 45.99 -.25 -6.02 45.78 -.25 -7.3 46.25 -.25 -7.3 46.45 -.25 -6.02
4 72 46.3 -.25 -4.89 45.99 -.25 -6.02 46.45 -.25 -6.02 46.76 -.25 -4.89
4 72 46.66 -.25 -3.91 46.3 -.25 -4.89 46.76 -.25 -4.89 47.12 -.25 -3.96
4 72 46.97 -.25 -3.34 46.66 -.25 -3.91 47.12 -.25 -3.96 47.38 -.25 -3.5
4 72 47.28 -.25 -2.98 46.97 -.25 -3.34 47.38 -.25 -3.5 47.69 -.25 -3.19
4 72 47.69 -.25 -2.62 47.28 -.25 -2.98 47.69 -.25 -3.19 48.1 -.25 -2.98
4 72 46.76 -.25 -9.36 47.17 -.25 -9.36 47.22 -.25 -8.38 46.86 -.25 -8.07
4 72 46.86 -.25 -8.07 47.22 -.25 -8.38 47.33 -.25 -7.51 47.07 -.25 -6.94
4 72 47.07 -.25 -6.94 47.33 -.25 -7.51 47.53 -.25 -6.53 47.38 -.25 -5.86
4 72 47.38 -.25 -5.86 47.53 -.25 -6.53 47.79 -.25 -5.76 47.64 -.25 -5.04
4 72 47.64 -.25 -5.04 47.79 -.25 -5.76 48.05 -.25 -5.25 47.95 -.25 -4.53
4 72 47.95 -.25 -4.53 48.05 -.25 -5.25 48.26 -.25 -4.99 48.26 -.25 -4.22
4 72 48.26 -.25 -4.22 48.26 -.25 -4.99 48.57 -.25 -4.83 48.67 -.25 -4.11
4 72 48.67 -.25 -4.11 48.57 -.25 -4.83 48.87 -.25 -4.83 49.03 -.25 -4.11
4 72 49.34 -.25 -4.17 49.03 -.25 -4.11 48.87 -.25 -4.83 49.24 -.25 -4.94
4 72 47.79 -.25 -9.41 48.2 -.25 -9.41 48.31 -.25 -8.54 47.95 -.25 -8.28
4 72 48.15 -.25 -7.46 47.95 -.25 -8.28 48.31 -.25 -8.54 48.51 -.25 -7.61
4 72 48.41 -.25 -6.69 48.15 -.25 -7.46 48.51 -.25 -7.61 48.77 -.25 -6.89
4 72 48.77 -.25 -6.17 48.41 -.25 -6.69 48.77 -.25 -6.89 49.03 -.25 -6.48
4 72 49.13 -.25 -5.97 48.77 -.25 -6.17 49.03 -.25 -6.48 49.24 -.25 -6.38
4 72 49.44 -.25 -5.91 49.13 -.25 -5.97 49.24 -.25 -6.38 49.49 -.25 -6.38
4 72 49.7 -.25 -5.97 49.44 -.25 -5.91 49.49 -.25 -6.38 49.75 -.25 -6.58
4 72 49.96 -.25 -6.12 49.7 -.25 -5.97 49.75 -.25 -6.58 50.01 -.25 -6.84
4 72 43.82 -.25 -7.51 43.31 -.25 -7.97 44.7 -.25 -7.97 45.21 -.25 -7.51
4 72 45.11 -.25 -9.46 45.21 -.25 -7.51 44.7 -.25 -7.97 44.65 -.25 -9.77
4 72 43.2 -.25 -9.77 43.31 -.25 -7.97 42.58 -.25 -8.95 42.58 -.25 -9.36
4 72 43.2 -.25 -9.77 42.58 -.25 -9.98 42.69 -.25 -10.23 42.95 -.25 -10.39
4 72 44.65 -.25 -9.77 44.65 -.25 -10.34 45.01 -.25 -10.34 45.27 -.25 -10.23
4 72 44.65 -.25 -9.77 45.27 -.25 -10.23 45.37 -.25 -10.03 45.11 -.25 -9.46
3 72 45.58 -.25 -9.46 45.11 -.25 -9.46 45.37 -.25 -10.03
4 72 47.79 -.25 -9.41 47.53 -.25 -9.98 48.1 -.25 -9.98 48.2 -.25 -9.41
4 72 49.13 -.25 -9.51 48.2 -.25 -9.41 48.1 -.25 -9.98 48.82 -.25 -10.03
4 72 49.24 -.25 -8.79 49.13 -.25 -9.51 49.6 -.25 -9.51 49.7 -.25 -8.74
4 72 49.39 -.25 -8.28 49.24 -.25 -8.79 49.7 -.25 -8.74 49.8 -.25 -8.33
4 72 49.6 -.25 -7.87 49.39 -.25 -8.28 49.8 -.25 -8.33 49.96 -.25 -8.02
4 72 49.8 -.25 -7.61 49.6 -.25 -7.87 49.96 -.25 -8.02 50.16 -.25 -7.87
4 72 50.06 -.25 -7.46 49.8 -.25 -7.61 50.16 -.25 -7.87 50.68 -.25 -7.2
4 72 49.6 -.25 -9.51 49.13 -.25 -9.51 48.82 -.25 -10.03 49.18 -.25 -10.08
4 72 49.6 -.25 -9.51 49.18 -.25 -10.08 49.85 -.25 -10.13 50.32 -.25 -9.51
4 72 43.31 -.25 -7.1 43.82 -.25 -7.51 43.98 -.25 -6.58 43.41 -.25 -6.38
4 72 43.56 -.25 -5.55 43.41 -.25 -6.38 43.98 -.25 -6.58 44.18 -.25 -5.55
4 72 44.18 -.25 -3.86 44.44 -.25 -4.63 44.75 -.25 -4.01 44.54 -.25 -3.19
4 72 44.54 -.25 -3.19 44.75 -.25 -4.01 45.11 -.25 -3.5 44.96 -.25 -2.62
4 72 44.96 -.25 -2.62 45.11 -.25 -3.5 45.58 -.25 -2.93 45.47 -.25 -2.16
3 72 45.47 -.25 -2.16 45.58 -.25 -2.93 45.94 -.25 -2.57
4 72 43.31 -.25 -7.97 43.82 -.25 -7.51 43.31 -.25 -7.1 42.63 -.25 -7.78
4 72 45.47 -.25 -2.16 45.94 -.25 -2.57 46.25 -.25 -2.42 45.94 -.25 -1.85
4 72 46.5 -.25 -1.8 45.94 -.25 -1.85 46.25 -.25 -2.42 47.22 -.25 -1.8
4 72 47.22 -.25 -1.8 46.25 -.25 -2.42 46.25 -.25 -2.62 46.86 -.25 -2.67
4 72 47.22 -.25 -1.8 46.86 -.25 -2.67 47.17 -.25 -2.52 47.79 -.25 -1.85
3 72 47.79 -.25 -1.85 47.17 -.25 -2.52 47.48 -.25 -2.52
4 72 47.79 -.25 -1.85 47.48 -.25 -2.52 47.69 -.25 -2.62 48.26 -.25 -2.01
4 72 48.26 -.25 -2.01 47.69 -.25 -2.62 48.1 -.25 -2.98 48.72 -.25 -2.37
4 72 48.72 -.25 -2.37 48.1 -.25 -2.98 48.31 -.25 -2.98 49.18 -.25 -2.83
4 72 49.18 -.25 -2.83 48.31 -.25 -2.98 48.62 -.25 -3.19 49.54 -.25 -3.39
4 72 49.54 -.25 -3.39 48.62 -.25 -3.19 48.98 -.25 -3.6 49.75 -.25 -3.81
4 72 49.75 -.25 -3.81 48.98 -.25 -3.6 49.34 -.25 -4.17 49.91 -.25 -4.17
4 72 49.91 -.25 -4.17 49.34 -.25 -4.17 49.24 -.25 -4.94 50.22 -.25 -4.83
3 72 50.22 -.25 -4.83 49.24 -.25 -4.94 49.44 -.25 -5.09
4 72 50.52 -.25 -5.91 49.7 -.25 -5.4 49.96 -.25 -6.12 50.63 -.25 -6.58
4 72 50.63 -.25 -6.58 49.96 -.25 -6.12 50.01 -.25 -6.84 50.68 -.25 -7.2
3 72 50.01 -.25 -6.84 50.06 -.25 -7.46 50.68 -.25 -7.2
4 72 50.68 -.25 -7.2 50.16 -.25 -7.87 50.42 -.25 -7.82 50.99 -.25 -7.3
4 72 50.99 -.25 -7.3 50.42 -.25 -7.82 50.63 -.25 -7.92 51.25 -.25 -8.13
4 15 26.19 -.25 -3.75 26.34 -.25 -4.11 28.3 -.25 -4.16 28.46 -.25 -3.81
4 15 28.1 -.25 -4.83 26.65 -.25 -4.78 26.81 -.25 -5.25 27.94 -.25 -5.4
4 15 27.94 -.25 -5.4 26.81 -.25 -5.25 26.96 -.25 -5.86 27.79 -.25 -6.17
3 15 26.96 -.25 -5.86 27.07 -.25 -6.53 27.79 -.25 -6.17
4 15 27.79 -.25 -6.17 27.07 -.25 -6.53 27.12 -.25 -7.15 27.63 -.25 -7.15
4 71 27.58 -.25 -7.92 27.48 -.25 -9.72 28.92 -.25 -9.72 28.97 -.25 -7.92
4 71 26.04 -.25 -9.46 26.86 -.25 -9.46 26.86 -.25 -8.9 26.14 -.25 -8.69
4 71 26.24 -.25 -8.28 26.14 -.25 -8.69 26.86 -.25 -8.9 26.4 -.25 -7.97
4 71 26.6 -.25 -7.82 26.4 -.25 -7.97 26.86 -.25 -8.9 26.9 -.25 -7.73
4 72 26.86 -.25 -9.46 26.04 -.25 -9.46 26.29 -.25 -10.08 26.88 -.25 -10.03
3 72 26.86 -.25 -9.46 26.88 -.25 -10.03 27.02 -.25 -10.29
3 72 27.12 -.25 -7.15 26.6 -.25 -7.82 26.9 -.25 -7.73
4 72 27.58 -.25 -7.92 27.12 -.25 -7.15 26.9 -.25 -7.73 26.86 -.25 -8.9
4 72 26.34 -.25 -4.11 26.65 -.25 -4.78 28.1 -.25 -4.83 28.3 -.25 -4.16
4 72 28.3 -.25 -4.16 28.1 -.25 -4.83 28.72 -.25 -4.68 28.46 -.25 -3.81
4 72 17.84 -.25 -9.05 17.17 -.25 -9.21 17.27 -.25 -9.46 17.84 -.25 -9.51
4 72 17.84 -.25 -9.05 17.84 -.25 -9.51 18.41 -.25 -9.51 19.02 -.25 -8.9
3 72 19.02 -.25 -8.9 18.41 -.25 -9.51 19.02 -.25 -9.41
4 72 16.14 -.25 -5.09 15.21 -.25 -4.42 14.59 -.25 -4.94 15.47 -.25 -5.45
4 72 16.14 -.25 -5.09 15.47 -.25 -5.45 16.5 -.25 -6.02 17.43 -.25 -5.76
4 72 17.43 -.25 -5.76 16.5 -.25 -6.02 17.79 -.25 -6.63 18.77 -.25 -6.38
4 72 18.77 -.25 -6.38 17.79 -.25 -6.63 19.33 -.25 -7.3 19.69 -.25 -6.79
4 15 35.98 -.25 -4.78 34.49 -.25 -4.78 34.65 -.25 -5.25 35.78 -.25 -5.5
4 15 35.78 -.25 -5.5 34.65 -.25 -5.25 34.8 -.25 -5.86 35.57 -.25 -6.48
4 15 35.57 -.25 -6.48 34.8 -.25 -5.86 34.9 -.25 -6.53 35.47 -.25 -7.1
3 15 34.9 -.25 -6.53 34.95 -.25 -7.15 35.47 -.25 -7.1
4 71 33.87 -.25 -9.46 34.75 -.25 -9.46 34.75 -.25 -8.95 33.98 -.25 -8.69
4 71 34.08 -.25 -8.28 33.98 -.25 -8.69 34.75 -.25 -8.95 34.23 -.25 -7.97
4 71 34.54 -.25 -7.87 34.23 -.25 -7.97 34.75 -.25 -8.95 34.8 -.25 -7.82
4 72 35.47 -.25 -7.97 34.95 -.25 -7.15 34.8 -.25 -7.82 34.75 -.25 -8.95
4 72 33.87 -.25 -9.46 34.13 -.25 -10.03 34.59 -.25 -10.03 34.75 -.25 -9.46
4 72 34.18 -.25 -4.11 34.49 -.25 -4.78 35.98 -.25 -4.78 36.24 -.25 -4.11
4 72 36.6 -.25 -4.63 35.98 -.25 -4.78 35.78 -.25 -5.5 36.35 -.25 -5.55
3 72 36.24 -.25 -4.11 35.98 -.25 -4.78 36.6 -.25 -4.63
3 72 36.35 -.25 -3.86 36.24 -.25 -4.11 36.6 -.25 -4.63
4 71 35.47 -.25 -7.97 35.37 -.25 -9.77 36.81 -.25 -9.77 36.86 -.25 -7.97
4 72 42.79 -.25 -4.22 42.07 -.25 -4.17 42.38 -.25 -4.83 43 -.25 -4.83
4 72 42.79 -.25 -4.22 43 -.25 -4.83 43.31 -.25 -4.32 42.74 -.25 -3.96
4 72 42.74 -.25 -3.96 43.31 -.25 -4.32 42.95 -.25 -3.91 42.69 -.25 -3.81
3 72 36.81 -.25 -9.77 35.11 -.25 -10.49 36.86 -.25 -10.49
4 72 28.92 -.25 -9.72 27.48 -.25 -9.72 27.27 -.25 -10.39 29.44 -.25 -10.39
4 15 42.74 -.25 -3.96 42.69 -.25 -3.81 41.91 -.25 -3.81 42.07 -.25 -4.17
3 15 42.74 -.25 -3.96 42.07 -.25 -4.17 42.79 -.25 -4.22
4 15 42.95 -.25 -3.91 43.31 -.25 -4.32 43.97 -.25 -4.36 44.18 -.25 -3.86
4 15 41.71 -.25 -3.39 41.91 -.25 -3.81 42.69 -.25 -3.81 44.54 -.25 -3.19
4 15 44.54 -.25 -3.19 42.69 -.25 -3.81 42.95 -.25 -3.91 44.18 -.25 -3.86
4 15 41.35 -.25 -2.83 41.71 -.25 -3.39 44.54 -.25 -3.19 44.96 -.25 -2.62
4 15 40.88 -.25 -2.37 41.35 -.25 -2.83 44.96 -.25 -2.62 45.47 -.25 -2.16
4 15 43 -.25 -4.83 42.38 -.25 -4.83 42.53 -.25 -5.3 43.56 -.25 -5.55
3 15 43 -.25 -4.83 43.56 -.25 -5.55 43.75 -.25 -4.92
4 15 43.56 -.25 -5.55 42.53 -.25 -5.3 42.69 -.25 -5.91 43.41 -.25 -6.38
4 15 43.41 -.25 -6.38 42.69 -.25 -5.91 42.79 -.25 -6.58 43.31 -.25 -7.1
3 15 42.79 -.25 -6.58 42.84 -.25 -7.2 43.31 -.25 -7.1
4 71 43.31 -.25 -7.97 43.2 -.25 -9.77 44.65 -.25 -9.77 44.7 -.25 -7.97
4 71 41.86 -.25 -8.74 41.76 -.25 -9.41 42.58 -.25 -9.36 42.58 -.25 -8.95
4 71 41.97 -.25 -8.33 41.86 -.25 -8.74 42.58 -.25 -8.95 42.12 -.25 -8.02
4 71 42.33 -.25 -7.87 42.12 -.25 -8.02 42.58 -.25 -8.95 42.63 -.25 -7.78
4 72 41.76 -.25 -9.41 41.71 -.25 -10.03 42.58 -.25 -9.98 42.58 -.25 -9.36
3 72 42.58 -.25 -9.36 42.58 -.25 -9.98 43.2 -.25 -9.77
3 72 42.63 -.25 -7.78 42.58 -.25 -8.95 43.31 -.25 -7.97
4 72 42.63 -.25 -7.78 43.31 -.25 -7.1 42.84 -.25 -7.2 42.33 -.25 -7.87
4 72 43.31 -.25 -4.32 43 -.25 -4.83 43.75 -.25 -4.92 43.97 -.25 -4.36
4 72 44.44 -.25 -4.63 44.18 -.25 -3.86 43.97 -.25 -4.36 43.75 -.25 -4.92
4 72 44.18 -.25 -5.55 44.44 -.25 -4.63 43.75 -.25 -4.92 43.56 -.25 -5.55
4 72 56.2 -.25 -4.89 50.22 -.25 -4.83 50.42 -.25 -5.45 56.2 -.25 -5.66
4 72 50.22 -.25 -4.83 49.44 -.25 -5.09 49.7 -.25 -5.4 50.42 -.25 -5.45
3 72 49.7 -.25 -5.4 50.52 -.25 -5.91 50.42 -.25 -5.45
4 72 46.04 -.25 -9.41 45.58 -.25 -9.46 45.37 -.25 -10.03 46.76 -.25 -9.36
4 72 46.76 -.25 -9.36 45.37 -.25 -10.03 47.53 -.25 -9.98 47.17 -.25 -9.36
3 72 47.17 -.25 -9.36 47.53 -.25 -9.98 47.79 -.25 -9.41
4 72 50.73 -.25 -9.57 50.32 -.25 -9.51 49.85 -.25 -10.13 50.99 -.25 -10.23
4 72 50.37 -.25 -9.05 50.32 -.25 -9.51 50.73 -.25 -9.57 50.78 -.25 -9.05
4 72 50.47 -.25 -8.64 50.37 -.25 -9.05 50.78 -.25 -9.05 50.94 -.25 -8.59
4 72 50.68 -.25 -8.23 50.47 -.25 -8.64 50.94 -.25 -8.59 51.09 -.25 -8.28
4 72 50.68 -.25 -8.07 50.68 -.25 -8.23 51.09 -.25 -8.28 51.25 -.25 -8.13
3 72 50.63 -.25 -7.92 50.68 -.25 -8.07 51.25 -.25 -8.13
4 72 51.4 -.25 -7.25 50.99 -.25 -7.3 51.25 -.25 -8.13 51.45 -.25 -8.07
4 72 51.71 -.25 -7.35 51.4 -.25 -7.25 51.45 -.25 -8.07 52.07 -.25 -7.61
4 72 52.07 -.25 -7.61 51.45 -.25 -8.07 51.71 -.25 -8.23 52.48 -.25 -8.07
4 72 52.48 -.25 -8.07 51.71 -.25 -8.23 51.86 -.25 -8.64 52.69 -.25 -8.69
4 72 52.79 -.25 -9.15 52.69 -.25 -8.69 51.86 -.25 -8.64 52.02 -.25 -9.46
4 72 52.84 -.25 -9.51 52.79 -.25 -9.15 52.02 -.25 -9.46 52.84 -.25 -10.13
4 72 52.02 -.25 -10.23 52.84 -.25 -10.13 52.02 -.25 -9.46 51.45 -.25 -9.62
4 72 50.99 -.25 -10.23 52.02 -.25 -10.23 51.45 -.25 -9.62 50.73 -.25 -9.57
4 72 53.51 -.25 -9.21 52.79 -.25 -9.15 52.84 -.25 -9.51 53.62 -.25 -9.57
4 72 54.08 -.25 -9.31 53.51 -.25 -9.21 53.62 -.25 -9.57 54.44 -.25 -9.62
3 72 54.08 -.25 -9.31 54.44 -.25 -9.62 54.49 -.25 -9.41
4 72 44.65 -.25 -9.77 43.2 -.25 -9.77 42.95 -.25 -10.39 44.65 -.25 -10.34
4 71 47.59 -.25 -11.47 47.33 -.25 -11.52 47.28 -.25 -11.78 47.59 -.25 -11.88
4 71 48 -.25 -11.47 47.59 -.25 -11.47 47.59 -.25 -11.88 48.26 -.25 -11.88
4 71 48.57 -.25 -11.52 48 -.25 -11.47 48.26 -.25 -11.88 48.77 -.25 -11.62
3 71 48.77 -.25 -11.62 48.26 -.25 -11.88 48.77 -.25 -11.83
4 71 49.85 -.25 -11.21 49.54 -.25 -11.26 49.49 -.25 -11.47 49.91 -.25 -11.62
4 71 50.83 -.25 -11.21 49.85 -.25 -11.21 49.91 -.25 -11.62 51.09 -.25 -11.78
4 71 51.97 -.25 -11.21 50.83 -.25 -11.21 51.09 -.25 -11.78 52.28 -.25 -11.78
4 71 52.9 -.25 -11.26 51.97 -.25 -11.21 52.28 -.25 -11.78 53.15 -.25 -11.62
4 71 53.31 -.25 -11.31 52.9 -.25 -11.26 53.15 -.25 -11.62 53.41 -.25 -11.47
4 15 32.58 -.25 5.66 32.38 -.25 5.5 32.43 -.25 5.19 32.84 -.25 5.09
4 15 33.36 -.25 5.71 32.58 -.25 5.66 32.84 -.25 5.09 33.92 -.25 5.04
4 15 35.26 -.25 6.02 33.36 -.25 5.71 33.92 -.25 5.04 36.19 -.25 5.04
4 15 37.79 -.25 6.22 35.26 -.25 6.02 36.19 -.25 5.04 38.87 -.25 5.04
4 15 39.44 -.25 6.38 37.79 -.25 6.22 38.87 -.25 5.04 40.88 -.25 4.94
4 15 40.06 -.25 6.58 39.44 -.25 6.38 40.88 -.25 4.94 42.64 -.25 4.83
4 15 40.73 -.25 7.05 40.06 -.25 6.58 42.64 -.25 4.83 41.61 -.25 7.61
4 15 42.69 -.25 8.02 41.61 -.25 7.61 42.64 -.25 4.83 43.82 -.25 8.13
4 15 45.21 -.25 8.07 43.82 -.25 8.13 42.64 -.25 4.83 44.8 -.25 4.63
4 15 45.94 -.25 7.97 45.21 -.25 8.07 44.8 -.25 4.63 46.35 -.25 4.37
4 15 46.35 -.25 7.97 45.94 -.25 7.97 46.35 -.25 4.37 47.74 -.25 4.22
4 15 46.55 -.25 8.18 46.35 -.25 7.97 47.74 -.25 4.22 49.39 -.25 4.27
4 15 47.48 -.25 8.95 46.55 -.25 8.18 49.39 -.25 4.27 48.51 -.25 9.36
4 15 49.6 -.25 9.62 48.51 -.25 9.36 49.39 -.25 4.27 50.73 -.25 9.62
4 15 51.76 -.25 9.46 50.73 -.25 9.62 49.39 -.25 4.27 51.3 -.25 4.47
4 15 52.95 -.25 9.05 51.76 -.25 9.46 51.3 -.25 4.47 52.84 -.25 4.47
4 15 53.72 -.25 8.85 52.95 -.25 9.05 52.84 -.25 4.47 53.88 -.25 4.37
4 15 54.29 -.25 8.9 53.72 -.25 8.85 53.88 -.25 4.37 55.01 -.25 8.85
4 15 55.01 -.25 8.85 53.88 -.25 4.37 54.86 -.25 4.11 55.53 -.25 4.11
4 15 56.2 -.25 8.69 55.01 -.25 8.85 55.53 -.25 4.11 56.2 -.25 4.22
4 72 -55.63 -.25 11.01 -56.2 -.25 11.01 -56.2 -.25 10.29 -55.37 -.25 10.34
4 72 -54.49 -.25 11.11 -55.63 -.25 11.01 -55.37 -.25 10.34 -54.18 -.25 10.49
4 72 -53.15 -.25 11.31 -54.49 -.25 11.11 -54.18 -.25 10.49 -52.59 -.25 10.7
4 72 -51.92 -.25 11.52 -53.15 -.25 11.31 -52.59 -.25 10.7 -51.25 -.25 11.01
4 72 -50.52 -.25 11.73 -51.92 -.25 11.52 -51.25 -.25 11.01 -50.01 -.25 11.21
4 72 -49.34 -.25 11.93 -50.52 -.25 11.73 -50.01 -.25 11.21 -49.24 -.25 11.31
4 72 -48.82 -.25 11.93 -49.34 -.25 11.93 -49.24 -.25 11.31 -48.72 -.25 11.26
4 72 -48.36 -.25 11.88 -48.82 -.25 11.93 -48.72 -.25 11.26 -48.26 -.25 11.16
4 72 -47.84 -.25 11.73 -48.36 -.25 11.88 -48.26 -.25 11.16 -47.33 -.25 11.37
4 72 -47.33 -.25 11.37 -48.26 -.25 11.16 -47.74 -.25 10.8 -46.55 -.25 10.75
4 72 -46.55 -.25 10.75 -47.74 -.25 10.8 -46.86 -.25 10.13 -45.47 -.25 9.93
4 72 -45.47 -.25 9.93 -46.86 -.25 10.13 -45.58 -.25 8.9 -44.39 -.25 9.26
4 72 -44.39 -.25 9.26 -45.58 -.25 8.9 -43.82 -.25 7.51 -43.15 -.25 8.69
4 72 -41.55 -.25 8.07 -43.15 -.25 8.69 -43.82 -.25 7.51 -42.53 -.25 6.58
4 72 -39.7 -.25 7.46 -41.55 -.25 8.07 -42.53 -.25 6.58 -41.19 -.25 5.76
4 72 -38.82 -.25 6.63 -39.7 -.25 7.46 -41.19 -.25 5.76 -40.01 -.25 5.19
4 72 -37.94 -.25 5.71 -38.82 -.25 6.63 -40.01 -.25 5.19 -39.49 -.25 4.73
4 72 -37.33 -.25 4.94 -37.94 -.25 5.71 -39.49 -.25 4.73 -39.18 -.25 4.22
4 72 -37.33 -.25 4.94 -39.18 -.25 4.22 -38.36 -.25 3.5 -36.81 -.25 4.06
4 72 -36.81 -.25 4.06 -38.36 -.25 3.5 -37.53 -.25 2.57 -36.3 -.25 3.45
4 72 -36.3 -.25 3.45 -37.53 -.25 2.57 -36.66 -.25 1.8 -35.73 -.25 2.83
4 72 -35.42 -.25 2.26 -35.73 -.25 2.83 -36.66 -.25 1.8 -35.99 -.25 1.29
4 72 -35.06 -.25 1.23 -35.42 -.25 2.26 -35.99 -.25 1.29 -35.37 -.25 .67
4 72 -34.85 -.25 .51 -35.06 -.25 1.23 -35.37 -.25 .67 -34.9 -.25 .1
4 72 -39.39 -.25 8.07 -41.55 -.25 8.07 -39.7 -.25 7.46 -38.31 -.25 7.51
4 72 -37.27 -.25 8.28 -39.39 -.25 8.07 -38.31 -.25 7.51 -36.55 -.25 7.66
4 72 -35.21 -.25 8.59 -37.27 -.25 8.28 -36.55 -.25 7.66 -34.54 -.25 7.92
4 72 -33.05 -.25 8.95 -35.21 -.25 8.59 -34.54 -.25 7.92 -32.38 -.25 8.33
4 72 -30.83 -.25 9.31 -33.05 -.25 8.95 -32.38 -.25 8.33 -30.21 -.25 8.69
4 72 -28.3 -.25 9.67 -30.83 -.25 9.31 -30.21 -.25 8.69 -27.79 -.25 9.15
4 72 -26.4 -.25 10.08 -28.3 -.25 9.67 -27.79 -.25 9.15 -25.93 -.25 9.46
4 72 -25.21 -.25 10.29 -26.4 -.25 10.08 -25.93 -.25 9.46 -24.9 -.25 9.67
4 72 -24.59 -.25 10.34 -25.21 -.25 10.29 -24.9 -.25 9.67 -24.39 -.25 9.72
4 72 -23.77 -.25 10.29 -24.59 -.25 10.34 -24.39 -.25 9.72 -23.61 -.25 9.62
4 72 -22.63 -.25 10.08 -23.77 -.25 10.29 -23.61 -.25 9.62 -22.58 -.25 9.31
4 72 -20.73 -.25 9.67 -22.63 -.25 10.08 -22.58 -.25 9.31 -22.17 -.25 8.95
4 72 -18.92 -.25 9.21 -20.73 -.25 9.67 -22.17 -.25 8.95 -21.65 -.25 8.28
4 72 -17.06 -.25 8.74 -18.92 -.25 9.21 -21.65 -.25 8.28 -20.83 -.25 6.94
4 72 -17.06 -.25 8.74 -20.83 -.25 6.94 -17.53 -.25 6.53 -16.19 -.25 7.51
3 72 -17.06 -.25 8.74 -16.19 -.25 7.51 -16.24 -.25 7.71
4 72 -15.98 -.25 8.38 -17.06 -.25 8.74 -16.24 -.25 7.71 -16.03 -.25 7.71
4 72 -15.57 -.25 8.23 -15.98 -.25 8.38 -16.03 -.25 7.71 -15 -.25 7.2
4 72 -13.77 -.25 7.35 -15.57 -.25 8.23 -15 -.25 7.2 -13.4 -.25 6.43
4 72 -11.03 -.25 6.07 -13.77 -.25 7.35 -13.4 -.25 6.43 -10.47 -.25 5.04
4 72 -9.18 -.25 5.14 -11.03 -.25 6.07 -10.47 -.25 5.04 -8.15 -.25 3.96
4 72 -7.42 -.25 4.37 -8.15 -.25 3.96 -5.88 -.25 2.93 -5.21 -.25 3.39
4 72 -5.21 -.25 3.39 -5.88 -.25 2.93 -4.28 -.25 2.37 -3.4 -.25 2.78
4 72 -3.4 -.25 2.78 -4.28 -.25 2.37 -3.09 -.25 2.06 -2.73 -.25 2.62
4 72 -2.73 -.25 2.62 -3.09 -.25 2.06 -2.53 -.25 2.01 -2.27 -.25 2.57
4 72 -2.27 -.25 2.57 -2.53 -.25 2.01 -1.91 -.25 2.01 -1.8 -.25 2.62
4 72 -1.8 -.25 2.62 -1.91 -.25 2.01 -1.34 -.25 2.11 -1.24 -.25 2.73
4 72 -.77 -.25 2.73 -1.24 -.25 2.73 -1.34 -.25 2.11 -.67 -.25 2.11
4 72 -.26 -.25 2.67 -.77 -.25 2.73 -.67 -.25 2.11 .1 -.25 2.01
4 72 1.24 -.25 2.26 -.26 -.25 2.67 .1 -.25 2.01 1.91 -.25 1.39
4 72 3.71 -.25 1.39 1.24 -.25 2.26 1.91 -.25 1.39 4.43 -.25 .46
4 72 6.14 -.25 .46 3.71 -.25 1.39 4.43 -.25 .46 6.6 -.25 -.46
4 72 8.61 -.25 -.57 6.14 -.25 .46 6.6 -.25 -.46 8.87 -.25 -1.54
4 72 10.57 -.25 -1.54 8.61 -.25 -.57 8.87 -.25 -1.54 11.24 -.25 -2.73
4 72 12.53 -.25 -2.57 10.57 -.25 -1.54 11.24 -.25 -2.73 13.56 -.25 -3.24
3 72 11.24 -.25 -2.73 13.1 -.25 -3.86 13.56 -.25 -3.24
4 72 14.8 -.25 -3.5 13.56 -.25 -3.24 13.1 -.25 -3.86 14.95 -.25 -4.17
4 72 15.21 -.25 -4.42 14.95 -.25 -4.17 13.1 -.25 -3.86 14.59 -.25 -4.94
4 72 16.45 -.25 -3.81 14.8 -.25 -3.5 14.95 -.25 -4.17 15.47 -.25 -4.27
4 72 16.45 -.25 -3.81 15.47 -.25 -4.27 16.76 -.25 -4.53 18.04 -.25 -4.01
4 72 18.04 -.25 -4.01 16.76 -.25 -4.53 18.77 -.25 -4.73 19.69 -.25 -4.17
4 72 19.69 -.25 -4.17 18.77 -.25 -4.73 20.16 -.25 -4.83 20.44 -.25 -4.2
4 15 19.69 -.25 -4.17 20.44 -.25 -4.2 20.62 -.25 -3.81 19.23 -.25 .15
3 72 20.44 -.25 -4.2 20.16 -.25 -4.83 20.88 -.25 -4.58
3 72 20.62 -.25 -3.81 20.44 -.25 -4.2 20.88 -.25 -4.58
4 15 15.47 -.25 -4.27 14.95 -.25 -4.17 15.21 -.25 -4.42 16.14 -.25 -5.09
4 15 16.76 -.25 -4.53 15.47 -.25 -4.27 16.14 -.25 -5.09 17.43 -.25 -5.76
4 15 18.77 -.25 -4.73 16.76 -.25 -4.53 17.43 -.25 -5.76 18.77 -.25 -6.38
4 15 18.77 -.25 -4.73 18.77 -.25 -6.38 19.8 -.25 -6.17 19.95 -.25 -5.55
3 15 18.77 -.25 -4.73 19.95 -.25 -5.55 20.16 -.25 -4.83
3 15 19.8 -.25 -6.17 18.77 -.25 -6.38 19.69 -.25 -6.79
3 15 11.65 -.25 -.36 8.61 -.25 -.57 10.57 -.25 -1.54
4 15 11.65 -.25 -.36 10.57 -.25 -1.54 12.53 -.25 -2.57 15.88 -.25 -.15
4 15 15.88 -.25 -.15 12.53 -.25 -2.57 13.56 -.25 -3.24 14.8 -.25 -3.5
4 15 15.88 -.25 -.15 14.8 -.25 -3.5 16.45 -.25 -3.81 19.23 -.25 .15
4 15 19.23 -.25 .15 16.45 -.25 -3.81 18.04 -.25 -4.01 19.69 -.25 -4.17
3 15 19.23 -.25 .15 20.62 -.25 -3.81 20.98 -.25 -3.14
3 15 19.23 -.25 .15 20.98 -.25 -3.14 21.4 -.25 -2.57
4 15 19.23 -.25 .15 21.4 -.25 -2.57 21.91 -.25 -2.11 21.55 -.25 .46
4 15 21.55 -.25 .46 21.91 -.25 -2.11 22.38 -.25 -1.8 23.46 -.25 .82
3 15 23.46 -.25 .82 22.38 -.25 -1.8 22.94 -.25 -1.75
4 15 23.46 -.25 .82 22.94 -.25 -1.75 23.66 -.25 -1.75 24.95 -.25 1.18
4 15 24.95 -.25 1.18 23.66 -.25 -1.75 24.23 -.25 -1.8 26.04 -.25 1.34
4 15 26.04 -.25 1.34 24.23 -.25 -1.8 24.7 -.25 -1.95 26.91 -.25 1.39
4 15 27.79 -.25 1.34 26.91 -.25 1.39 24.7 -.25 -1.95 25.16 -.25 -2.31
4 15 27.79 -.25 1.34 25.16 -.25 -2.31 29.23 -.25 -2.57 29.75 -.25 -2.11
4 15 29.44 -.25 1.03 27.79 -.25 1.34 29.75 -.25 -2.11 30.21 -.25 -1.8
4 15 31.19 -.25 .57 29.44 -.25 1.03 30.21 -.25 -1.8 30.78 -.25 -1.75
4 15 31.19 -.25 .57 30.78 -.25 -1.75 31.5 -.25 -1.75 33.46 -.25 .05
3 15 33.46 -.25 .05 31.5 -.25 -1.75 32.07 -.25 -1.8
3 15 33.46 -.25 .05 32.07 -.25 -1.8 32.53 -.25 -1.95
4 15 29.23 -.25 -2.57 25.16 -.25 -2.31 25.62 -.25 -2.78 28.82 -.25 -3.14
4 15 28.82 -.25 -3.14 25.62 -.25 -2.78 25.98 -.25 -3.34 28.46 -.25 -3.81
3 15 25.98 -.25 -3.34 26.19 -.25 -3.75 28.46 -.25 -3.81
4 15 33.46 -.25 .05 32.53 -.25 -1.95 33 -.25 -2.31 34.59 -.25 -.26
4 15 34.59 -.25 -.26 33 -.25 -2.31 33.46 -.25 -2.78 35.47 -.25 -.31
4 15 35.47 -.25 -.31 33.46 -.25 -2.78 37.12 -.25 -2.62 36.5 -.25 -.21
4 15 36.5 -.25 -.21 37.12 -.25 -2.62 37.64 -.25 -2.16 38.56 -.25 .1
3 15 38.56 -.25 .1 37.64 -.25 -2.16 38.1 -.25 -1.85
4 15 38.56 -.25 .1 38.1 -.25 -1.85 38.67 -.25 -1.8 40.57 -.25 .41
3 15 40.57 -.25 .41 38.67 -.25 -1.8 39.39 -.25 -1.8
4 15 40.57 -.25 .41 39.39 -.25 -1.8 39.96 -.25 -1.85 42.28 -.25 .57
3 15 42.28 -.25 .57 39.96 -.25 -1.85 40.42 -.25 -2.01
4 15 42.28 -.25 .57 40.42 -.25 -2.01 40.88 -.25 -2.37 45.47 -.25 -2.16
4 15 44.44 -.25 .62 42.28 -.25 .57 45.47 -.25 -2.16 45.99 -.25 .57
3 15 45.99 -.25 .57 45.47 -.25 -2.16 45.94 -.25 -1.85
4 15 45.99 -.25 .57 45.94 -.25 -1.85 46.5 -.25 -1.8 47.43 -.25 .46
3 15 47.43 -.25 .46 46.5 -.25 -1.8 47.22 -.25 -1.8
4 15 47.43 -.25 .46 47.22 -.25 -1.8 47.79 -.25 -1.85 49.08 -.25 .26
4 15 49.08 -.25 .26 47.79 -.25 -1.85 48.26 -.25 -2.01 50.22 -.25 .05
3 15 50.22 -.25 .05 48.26 -.25 -2.01 48.72 -.25 -2.37
4 15 50.22 -.25 .05 48.72 -.25 -2.37 49.18 -.25 -2.83 51.4 -.25 -.1
4 15 51.4 -.25 -.1 49.18 -.25 -2.83 49.54 -.25 -3.39 52.48 -.25 -.05
3 15 52.48 -.25 -.05 49.54 -.25 -3.39 49.75 -.25 -3.81
4 15 52.48 -.25 -.05 49.75 -.25 -3.81 49.91 -.25 -4.17 50.22 -.25 -4.83
4 15 53.77 -.25 .21 52.48 -.25 -.05 50.22 -.25 -4.83 54.75 -.25 .31
4 15 56.2 -.25 .36 54.75 -.25 .31 50.22 -.25 -4.83 56.2 -.25 -4.89
4 15 33.46 -.25 -2.78 33.82 -.25 -3.34 36.71 -.25 -3.19 37.12 -.25 -2.62
4 15 33.82 -.25 -3.34 34.03 -.25 -3.75 36.35 -.25 -3.86 36.71 -.25 -3.19
4 15 34.03 -.25 -3.75 34.18 -.25 -4.11 36.24 -.25 -4.11 36.35 -.25 -3.86
4 15 -12.94 -.25 8.18 -15.57 -.25 8.23 -13.77 -.25 7.35 -10.57 -.25 8.02
4 15 -10.57 -.25 8.02 -13.77 -.25 7.35 -11.03 -.25 6.07 -8.46 -.25 7.82
4 15 -7.22 -.25 7.41 -8.46 -.25 7.82 -11.03 -.25 6.07 -9.18 -.25 5.14
4 15 -6.6 -.25 7.41 -7.22 -.25 7.41 -9.18 -.25 5.14 -6.19 -.25 7.35
4 15 -5.62 -.25 7.15 -6.19 -.25 7.35 -9.18 -.25 5.14 -8.15 -.25 4.68
4 15 -5.62 -.25 7.15 -8.15 -.25 4.68 -6.24 -.25 4.58 -4.64 -.25 6.99
4 15 -4.64 -.25 6.99 -6.24 -.25 4.58 -4.02 -.25 4.47 -2.94 -.25 6.99
4 15 -1.13 -.25 6.84 -2.94 -.25 6.99 -4.02 -.25 4.47 -1.24 -.25 4.42
4 15 -1.13 -.25 6.84 -1.24 -.25 4.42 1.34 -.25 4.58 .52 -.25 6.74
4 15 .52 -.25 6.74 1.34 -.25 4.58 3.04 -.25 4.73 1.91 -.25 6.79
4 15 3.66 -.25 6.84 1.91 -.25 6.79 3.04 -.25 4.73 4.69 -.25 5.04
4 15 5.52 -.25 6.79 3.66 -.25 6.84 4.69 -.25 5.04 6.08 -.25 5.3
4 15 7.22 -.25 6.69 5.52 -.25 6.79 6.08 -.25 5.3 7.53 -.25 5.45
4 15 9.95 -.25 6.53 7.22 -.25 6.69 7.53 -.25 5.45 10.52 -.25 5.66
4 15 13.04 -.25 6.27 9.95 -.25 6.53 10.52 -.25 5.66 13.04 -.25 5.81
4 15 13.71 -.25 6.12 13.04 -.25 6.27 13.04 -.25 5.81 13.66 -.25 5.91
3 72 -9.18 -.25 5.14 -8.15 -.25 3.96 -8.15 -.25 4.68
3 72 -8.15 -.25 4.68 -8.15 -.25 3.96 -7.42 -.25 4.37
4 15 -56.2 -.25 10.29 -56.2 -.25 8.69 -55.78 -.25 8.79 -55.37 -.25 10.34
4 15 -55.37 -.25 10.34 -55.78 -.25 8.79 -54.75 -.25 8.85 -54.18 -.25 10.49
4 15 -54.18 -.25 10.49 -54.75 -.25 8.85 -53.62 -.25 8.85 -52.59 -.25 10.7
4 15 -52.59 -.25 10.7 -53.62 -.25 8.85 -53.05 -.25 8.74 -50.89 -.25 9.21
4 15 -50.89 -.25 9.21 -53.05 -.25 8.74 -52.69 -.25 8.43 -51.14 -.25 8.54
4 15 -51.14 -.25 8.54 -52.69 -.25 8.43 -52.59 -.25 8.07 -52.33 -.25 7.82
4 15 -51.19 -.25 8.07 -51.14 -.25 8.54 -52.33 -.25 7.82 -51.81 -.25 7.46
4 15 -51.09 -.25 7.61 -51.19 -.25 8.07 -51.81 -.25 7.46 -51.4 -.25 7.15
4 15 -51.04 -.25 7.25 -51.09 -.25 7.61 -51.4 -.25 7.15 -51.25 -.25 7.05
3 15 -51.04 -.25 7.25 -51.25 -.25 7.05 -51.04 -.25 7.1
4 15 -51.25 -.25 11.01 -52.59 -.25 10.7 -50.89 -.25 9.21 -50.58 -.25 9.77
4 15 -51.25 -.25 11.01 -50.58 -.25 9.77 -50.32 -.25 9.98 -50.01 -.25 11.21
4 15 -50.01 -.25 11.21 -50.32 -.25 9.98 -49.75 -.25 10.08 -49.24 -.25 11.31
4 15 -49.24 -.25 11.31 -49.75 -.25 10.08 -48.87 -.25 10.18 -48.72 -.25 11.26
4 15 -48.72 -.25 11.26 -48.87 -.25 10.18 -48.41 -.25 10.29 -48.26 -.25 11.16
4 15 -48.26 -.25 11.16 -48.41 -.25 10.29 -48 -.25 10.44 -47.74 -.25 10.8
3 15 -36.55 -.25 7.66 -38.31 -.25 7.51 -36.91 -.25 7.15
4 15 -36.55 -.25 7.66 -36.91 -.25 7.15 -36.14 -.25 6.79 -35.26 -.25 6.58
4 15 -34.54 -.25 7.92 -36.55 -.25 7.66 -35.26 -.25 6.58 -34.44 -.25 6.63
4 15 -34.54 -.25 7.92 -34.44 -.25 6.63 -33.46 -.25 6.69 -32.74 -.25 6.99
4 15 -32.38 -.25 8.33 -34.54 -.25 7.92 -32.74 -.25 6.99 -32.02 -.25 7.2
4 15 -32.38 -.25 8.33 -32.02 -.25 7.2 -31.19 -.25 7.2 -30.21 -.25 8.69
4 15 -30.21 -.25 8.69 -31.19 -.25 7.2 -30.47 -.25 6.89 -27.79 -.25 9.15
4 15 -27.79 -.25 9.15 -30.47 -.25 6.89 -29.9 -.25 6.33 -26.14 -.25 7.25
4 15 -27.79 -.25 9.15 -26.14 -.25 7.25 -25.62 -.25 7.92 -25.93 -.25 9.46
4 15 -25.93 -.25 9.46 -25.62 -.25 7.92 -24.75 -.25 8.33 -24.9 -.25 9.67
4 15 -24.39 -.25 9.72 -24.9 -.25 9.67 -24.75 -.25 8.33 -23.97 -.25 8.49
4 15 -23.61 -.25 9.62 -24.39 -.25 9.72 -23.97 -.25 8.49 -23.41 -.25 8.54
4 15 -23.61 -.25 9.62 -23.41 -.25 8.54 -22.99 -.25 8.69 -22.74 -.25 8.95
3 15 -23.61 -.25 9.62 -22.74 -.25 8.95 -22.58 -.25 9.31
4 15 -26.4 -.25 6.48 -26.14 -.25 7.25 -29.9 -.25 6.33 -28.82 -.25 5.25
4 15 -26.4 -.25 5.55 -26.4 -.25 6.48 -28.82 -.25 5.25 -27.58 -.25 4.63
4 15 -26.24 -.25 4.73 -26.4 -.25 5.55 -27.58 -.25 4.63 -26.34 -.25 3.91
4 15 -25.73 -.25 3.91 -26.24 -.25 4.73 -26.34 -.25 3.91 -25.42 -.25 3.19
3 15 -25.73 -.25 3.91 -25.42 -.25 3.19 -25.26 -.25 3.39
3 15 -15 -.25 7.2 -13.15 -.25 5.86 -13.4 -.25 6.43
4 15 -10.47 -.25 5.04 -13.4 -.25 6.43 -13.15 -.25 5.86 -11.86 -.25 4.83
4 15 -10.47 -.25 5.04 -11.86 -.25 4.83 -10.78 -.25 4.01 -9.74 -.25 3.55
4 15 -8.15 -.25 3.96 -10.47 -.25 5.04 -9.74 -.25 3.55 -8.15 -.25 2.78
4 15 -5.88 -.25 2.93 -8.15 -.25 3.96 -8.15 -.25 2.78 -6.34 -.25 1.7
4 15 -4.28 -.25 2.37 -5.88 -.25 2.93 -6.34 -.25 1.7 -4.74 -.25 .67
4 15 -4.28 -.25 2.37 -4.74 -.25 .67 -4.02 -.25 .36 -3.09 -.25 2.06
4 15 -3.09 -.25 2.06 -4.02 -.25 .36 -3.04 -.25 .1 -2.53 -.25 2.01
4 15 -2.53 -.25 2.01 -3.04 -.25 .1 -2.22 -.25 .05 -1.91 -.25 2.01
4 15 -1.91 -.25 2.01 -2.22 -.25 .05 -.98 -.25 .15 -1.34 -.25 2.11
4 15 -.67 -.25 2.11 -1.34 -.25 2.11 -.98 -.25 .15 .1 -.25 2.01
4 15 .1 -.25 2.01 -.98 -.25 .15 .67 -.25 .26 1.91 -.25 1.39
4 15 1.91 -.25 1.39 .67 -.25 .26 2.27 -.25 .1 4.43 -.25 .46
4 15 4.43 -.25 .46 2.27 -.25 .1 3.92 -.25 -.26 6.6 -.25 -.46
3 15 3.92 -.25 -.26 5.21 -.25 -.93 6.6 -.25 -.46
4 15 6.6 -.25 -.46 5.21 -.25 -.93 6.39 -.25 -1.9 8.87 -.25 -1.54
4 15 8.87 -.25 -1.54 6.39 -.25 -1.9 7.27 -.25 -2.57 8.15 -.25 -3.03
4 15 8.87 -.25 -1.54 8.15 -.25 -3.03 9.38 -.25 -3.29 10.36 -.25 -3.29
4 15 11.24 -.25 -2.73 8.87 -.25 -1.54 10.36 -.25 -3.29 11.39 -.25 -3.5
4 15 13.1 -.25 -3.86 11.24 -.25 -2.73 11.39 -.25 -3.5 12.89 -.25 -4.01
3 15 13.1 -.25 -3.86 12.89 -.25 -4.01 14.59 -.25 -4.94
4 71 -54.7 -.25 -12.7 -56.2 -.25 -12.7 -56.2 -.25 -13.42 -53.98 -.25 -13.37
4 71 -53.31 -.25 -12.6 -54.7 -.25 -12.7 -53.98 -.25 -13.37 -52.9 -.25 -13.17
4 71 -52.33 -.25 -12.5 -53.31 -.25 -12.6 -52.9 -.25 -13.17 -52.38 -.25 -12.96
4 71 -21.19 -.25 -12.03 -21.76 -.25 -12.14 -21.76 -.25 -12.45 -21.09 -.25 -12.6
4 71 -20.21 -.25 -12.09 -21.19 -.25 -12.03 -21.09 -.25 -12.6 -19.95 -.25 -12.6
4 71 -19.02 -.25 -12.24 -20.21 -.25 -12.09 -19.95 -.25 -12.6 -19.02 -.25 -12.55
4 72 -16.19 -.25 7.51 -17.53 -.25 6.53 -17.17 -.25 6.43 -15.98 -.25 7.3
4 72 -15.98 -.25 7.3 -17.17 -.25 6.43 -16.45 -.25 6.07 -15.52 -.25 6.84
4 72 -15.52 -.25 6.84 -16.45 -.25 6.07 -15.72 -.25 5.61 -14.9 -.25 5.91
4 72 -14.9 -.25 5.91 -15.72 -.25 5.61 -14.54 -.25 4.68 -14.13 -.25 4.73
4 72 -14.13 -.25 4.73 -14.54 -.25 4.68 -14.02 -.25 4.22 -13.92 -.25 4.32
4 72 -17.53 -.25 6.27 -17.53 -.25 6.53 -20.83 -.25 6.94 -19.8 -.25 5.4
4 72 -17.43 -.25 5.76 -17.53 -.25 6.27 -19.8 -.25 5.4 -18.71 -.25 4.17
4 72 -17.01 -.25 4.89 -17.43 -.25 5.76 -18.71 -.25 4.17 -17.79 -.25 3.19
4 72 -16.19 -.25 3.65 -17.01 -.25 4.89 -17.79 -.25 3.19 -17.01 -.25 2.42
4 72 -15.57 -.25 2.88 -16.19 -.25 3.65 -17.01 -.25 2.42 -16.5 -.25 1.95
4 72 -14.9 -.25 2.42 -15.57 -.25 2.88 -16.5 -.25 1.95 -15.67 -.25 1.29
4 72 -14.28 -.25 1.95 -14.9 -.25 2.42 -15.67 -.25 1.29 -15.42 -.25 .98
4 72 -13.87 -.25 1.59 -14.28 -.25 1.95 -15.42 -.25 .98 -13.71 -.25 1.18
4 72 -13.71 -.25 1.18 -15.42 -.25 .98 -15.26 -.25 .62 -13.66 -.25 .57
4 72 -13.66 -.25 .57 -15.26 -.25 .62 -15.11 -.25 .05 -14.85 -.25 -.46
4 72 -13.51 -.25 -.05 -13.66 -.25 .57 -14.85 -.25 -.46 -13.87 -.25 -1.9
4 72 -12.73 -.25 -1.8 -13.51 -.25 -.05 -13.87 -.25 -1.9 -12.73 -.25 -3.5
4 72 -12.06 -.25 -3.5 -12.73 -.25 -1.8 -12.73 -.25 -3.5 -12.01 -.25 -4.47
3 72 -12.06 -.25 -3.5 -12.01 -.25 -4.47 -11.75 -.25 -4.42
4 72 -11.6 -.25 2.16 -12.27 -.25 2.57 -12.01 -.25 2.01 -11.6 -.25 1.23
4 72 -10.31 -.25 .87 -11.6 -.25 2.16 -11.6 -.25 1.23 -10.62 -.25 -.36
4 72 -10.31 -.25 .87 -10.62 -.25 -.36 -10.21 -.25 -.87 -9.74 -.25 -1.23
4 72 -8.66 -.25 -.67 -10.31 -.25 .87 -9.74 -.25 -1.23 -8.35 -.25 -2.01
4 72 -7.06 -.25 -2.01 -8.66 -.25 -.67 -8.35 -.25 -2.01 -6.65 -.25 -2.78
4 72 -7.06 -.25 -2.01 -6.65 -.25 -2.78 -6.39 -.25 -2.73 -6.34 -.25 -2.57
3 72 -12.12 -.25 2.67 -12.27 -.25 2.57 -11.6 -.25 2.16
4 72 6.44 -.25 -4.58 6.19 -.25 -4.63 6.19 -.25 -4.83 6.6 -.25 -4.78
4 72 6.6 -.25 -4.78 6.19 -.25 -4.83 6.39 -.25 -5.35 6.91 -.25 -5.25
4 72 6.91 -.25 -5.25 6.39 -.25 -5.35 6.75 -.25 -5.91 7.17 -.25 -5.4
4 72 7.27 -.25 -5.66 7.17 -.25 -5.4 6.75 -.25 -5.91 7.22 -.25 -5.97
3 72 6.75 -.25 -5.91 6.96 -.25 -6.07 7.22 -.25 -5.97
4 72 8.35 -.25 -5.14 8.09 -.25 -4.83 7.94 -.25 -4.89 7.94 -.25 -5.4
4 72 8.35 -.25 -5.14 7.94 -.25 -5.4 7.99 -.25 -5.71 8.25 -.25 -5.91
4 72 8.76 -.25 -5.5 8.35 -.25 -5.14 8.25 -.25 -5.91 8.71 -.25 -6.17
4 72 9.33 -.25 -5.81 8.76 -.25 -5.5 8.71 -.25 -6.17 9.13 -.25 -6.33
4 72 9.54 -.25 -5.86 9.33 -.25 -5.81 9.13 -.25 -6.33 9.69 -.25 -6.02
4 72 9.8 -.25 -6.22 9.69 -.25 -6.02 9.13 -.25 -6.33 9.23 -.25 -6.58
4 72 10 -.25 -6.53 9.8 -.25 -6.22 9.23 -.25 -6.58 9.38 -.25 -6.89
4 72 10 -.25 -6.53 9.38 -.25 -6.89 9.64 -.25 -6.99 10.05 -.25 -6.94
3 72 10 -.25 -6.53 10.05 -.25 -6.94 10.31 -.25 -6.79
4 71 -.82 -.25 -10.8 -1.5 -.25 -10.9 -1.5 -.25 -11.11 -.57 -.25 -11.31
4 71 .26 -.25 -10.59 -.82 -.25 -10.8 -.57 -.25 -11.31 .62 -.25 -11.42
4 71 .26 -.25 -10.59 .62 -.25 -11.42 1.44 -.25 -11.37 2.11 -.25 -11.16
4 71 1.39 -.25 -10.39 .26 -.25 -10.59 2.11 -.25 -11.16 3.09 -.25 -10.44
4 71 3.09 -.25 -10.44 2.11 -.25 -11.16 3.71 -.25 -11.11 4.64 -.25 -10.59
4 71 4.64 -.25 -10.59 3.71 -.25 -11.11 4.9 -.25 -11.01 5.16 -.25 -10.75
3 71 5.16 -.25 -10.75 4.9 -.25 -11.01 5.16 -.25 -10.9
4 71 6.96 -.25 -10.8 6.6 -.25 -10.9 6.6 -.25 -11.16 7.06 -.25 -11.31
4 71 7.99 -.25 -10.85 6.96 -.25 -10.8 7.06 -.25 -11.31 8.3 -.25 -11.52
4 71 9.33 -.25 -10.95 7.99 -.25 -10.85 8.3 -.25 -11.52 9.74 -.25 -11.52
4 71 10.31 -.25 -11.01 9.33 -.25 -10.95 9.74 -.25 -11.52 10.52 -.25 -11.37
4 71 10.31 -.25 -11.01 10.52 -.25 -11.37 10.88 -.25 -11.21 10.88 -.25 -11.01
4 212 -56.2 -.25 15.94 -56.2 -.25 11.01 -55.63 -.25 11.01 -54.49 -.25 11.11
4 212 -56.2 -.25 15.94 -54.49 -.25 11.11 -53.15 -.25 11.31 -51.92 -.25 11.52
4 212 -56.2 -.25 15.94 -51.92 -.25 11.52 -50.52 -.25 11.73 -49.34 -.25 11.93
4 212 -56.2 -.25 15.94 -49.34 -.25 11.93 -48.82 -.25 11.93 -41.24 -.25 15.94
3 212 -41.24 -.25 15.94 -48.82 -.25 11.93 -48.36 -.25 11.88
3 212 -41.24 -.25 15.94 -48.36 -.25 11.88 -47.84 -.25 11.73
3 212 -41.24 -.25 15.94 -47.84 -.25 11.73 -47.33 -.25 11.37
4 212 -41.24 -.25 15.94 -47.33 -.25 11.37 -46.55 -.25 10.75 -45.47 -.25 9.93
4 212 -41.24 -.25 15.94 -45.47 -.25 9.93 -44.39 -.25 9.26 -43.15 -.25 8.69
4 212 -41.24 -.25 15.94 -43.15 -.25 8.69 -41.55 -.25 8.07 -39.39 -.25 8.07
4 212 -41.24 -.25 15.94 -39.39 -.25 8.07 -37.27 -.25 8.28 -35.21 -.25 8.59
3 212 -41.24 -.25 15.94 -35.21 -.25 8.59 -33.05 -.25 8.95
3 212 -41.24 -.25 15.94 -33.05 -.25 8.95 -30.83 -.25 9.31
4 212 -41.24 -.25 15.94 -30.83 -.25 9.31 -28.3 -.25 9.67 -26.4 -.25 10.08
4 212 -41.24 -.25 15.94 -26.4 -.25 10.08 -25.21 -.25 10.29 -20.62 -.25 15.94
3 212 -20.62 -.25 15.94 -25.21 -.25 10.29 -24.59 -.25 10.34
3 212 -20.62 -.25 15.94 -24.59 -.25 10.34 -23.77 -.25 10.29
3 212 -20.62 -.25 15.94 -23.77 -.25 10.29 -22.63 -.25 10.08
3 212 -20.62 -.25 15.94 -22.63 -.25 10.08 -20.73 -.25 9.67
3 212 -20.62 -.25 15.94 -17.06 -.25 8.74 -15.98 -.25 8.38
4 212 -20.62 -.25 15.94 -15.98 -.25 8.38 -15.57 -.25 8.23 -12.94 -.25 8.18
3 212 -20.62 -.25 15.94 -12.94 -.25 8.18 -10.57 -.25 8.02
4 212 -20.62 -.25 15.94 -10.57 -.25 8.02 -8.46 -.25 7.82 0 -.25 15.94
4 212 0 -.25 15.94 -8.46 -.25 7.82 -7.22 -.25 7.41 -6.6 -.25 7.41
3 212 0 -.25 15.94 -6.6 -.25 7.41 -6.19 -.25 7.35
4 212 0 -.25 15.94 -6.19 -.25 7.35 -5.62 -.25 7.15 -4.64 -.25 6.99
3 212 0 -.25 15.94 -4.64 -.25 6.99 -2.94 -.25 6.99
4 212 0 -.25 15.94 -2.94 -.25 6.99 -1.13 -.25 6.84 .52 -.25 6.74
3 212 0 -.25 15.94 .52 -.25 6.74 1.91 -.25 6.79
3 212 0 -.25 15.94 1.91 -.25 6.79 3.66 -.25 6.84
3 212 0 -.25 15.94 3.66 -.25 6.84 5.52 -.25 6.79
3 212 0 -.25 15.94 9.95 -.25 6.53 13.04 -.25 6.27
4 212 0 -.25 15.94 13.04 -.25 6.27 13.71 -.25 6.12 20.62 -.25 15.94
3 212 -8.15 -.25 4.68 -7.42 -.25 4.37 -6.24 -.25 4.58
4 212 -6.24 -.25 4.58 -7.42 -.25 4.37 -5.21 -.25 3.39 -4.02 -.25 4.47
4 212 -4.02 -.25 4.47 -5.21 -.25 3.39 -3.4 -.25 2.78 -2.73 -.25 2.62
4 212 -4.02 -.25 4.47 -2.73 -.25 2.62 -2.27 -.25 2.57 -1.8 -.25 2.62
4 212 -1.24 -.25 4.42 -4.02 -.25 4.47 -1.8 -.25 2.62 -1.24 -.25 2.73
3 212 -1.24 -.25 4.42 -1.24 -.25 2.73 -.77 -.25 2.73
4 212 -1.24 -.25 4.42 -.77 -.25 2.73 -.26 -.25 2.67 1.34 -.25 4.58
4 212 1.34 -.25 4.58 -.26 -.25 2.67 1.24 -.25 2.26 3.04 -.25 4.73
4 212 3.04 -.25 4.73 1.24 -.25 2.26 3.71 -.25 1.39 4.69 -.25 5.04
4 212 4.69 -.25 5.04 3.71 -.25 1.39 6.14 -.25 .46 6.08 -.25 5.3
4 212 7.53 -.25 5.45 6.08 -.25 5.3 6.14 -.25 .46 8.61 -.25 -.57
4 212 10.52 -.25 5.66 7.53 -.25 5.45 8.61 -.25 -.57 11.65 -.25 -.36
4 212 13.04 -.25 5.81 10.52 -.25 5.66 11.65 -.25 -.36 15.88 -.25 -.15
4 212 13.66 -.25 5.91 13.04 -.25 5.81 15.88 -.25 -.15 19.23 -.25 .15
4 212 13.66 -.25 5.91 19.23 -.25 .15 21.55 -.25 .46 23.46 -.25 .82
4 212 13.66 -.25 5.91 23.46 -.25 .82 24.95 -.25 1.18 13.71 -.25 6.12
4 212 20.62 -.25 15.94 13.71 -.25 6.12 24.95 -.25 1.18 32.38 -.25 5.5
4 212 32.38 -.25 5.5 24.95 -.25 1.18 26.04 -.25 1.34 32.43 -.25 5.19
4 212 32.43 -.25 5.19 26.04 -.25 1.34 26.91 -.25 1.39 32.84 -.25 5.09
4 212 32.84 -.25 5.09 26.91 -.25 1.39 27.79 -.25 1.34 33.92 -.25 5.04
3 212 33.92 -.25 5.04 27.79 -.25 1.34 29.44 -.25 1.03
4 212 33.92 -.25 5.04 29.44 -.25 1.03 31.19 -.25 .57 33.46 -.25 .05
4 212 33.92 -.25 5.04 33.46 -.25 .05 34.59 -.25 -.26 35.47 -.25 -.31
4 212 36.19 -.25 5.04 33.92 -.25 5.04 35.47 -.25 -.31 36.5 -.25 -.21
4 212 36.19 -.25 5.04 36.5 -.25 -.21 38.56 -.25 .1 38.87 -.25 5.04
4 212 38.87 -.25 5.04 38.56 -.25 .1 40.57 -.25 .41 40.88 -.25 4.94
4 212 40.88 -.25 4.94 40.57 -.25 .41 42.28 -.25 .57 42.64 -.25 4.83
4 212 44.8 -.25 4.63 42.64 -.25 4.83 42.28 -.25 .57 44.44 -.25 .62
4 212 46.35 -.25 4.37 44.8 -.25 4.63 44.44 -.25 .62 45.99 -.25 .57
4 212 47.74 -.25 4.22 46.35 -.25 4.37 45.99 -.25 .57 47.43 -.25 .46
4 212 49.39 -.25 4.27 47.74 -.25 4.22 47.43 -.25 .46 49.08 -.25 .26
4 212 51.3 -.25 4.47 49.39 -.25 4.27 49.08 -.25 .26 50.22 -.25 .05
4 212 51.3 -.25 4.47 50.22 -.25 .05 51.4 -.25 -.1 52.48 -.25 -.05
4 212 52.84 -.25 4.47 51.3 -.25 4.47 52.48 -.25 -.05 53.88 -.25 4.37
4 212 53.88 -.25 4.37 52.48 -.25 -.05 53.77 -.25 .21 54.86 -.25 4.11
4 212 54.86 -.25 4.11 53.77 -.25 .21 54.75 -.25 .31 55.53 -.25 4.11
4 212 55.53 -.25 4.11 54.75 -.25 .31 56.2 -.25 .36 56.2 -.25 4.22
3 212 20.62 -.25 15.94 32.38 -.25 5.5 32.58 -.25 5.66
4 212 20.62 -.25 15.94 32.58 -.25 5.66 33.36 -.25 5.71 35.26 -.25 6.02
4 212 41.24 -.25 15.94 20.62 -.25 15.94 35.26 -.25 6.02 37.79 -.25 6.22
4 212 41.24 -.25 15.94 37.79 -.25 6.22 39.44 -.25 6.38 40.06 -.25 6.58
3 212 41.24 -.25 15.94 40.06 -.25 6.58 40.73 -.25 7.05
3 212 41.24 -.25 15.94 40.73 -.25 7.05 41.61 -.25 7.61
3 212 41.24 -.25 15.94 41.61 -.25 7.61 42.69 -.25 8.02
3 212 41.24 -.25 15.94 42.69 -.25 8.02 43.82 -.25 8.13
3 212 41.24 -.25 15.94 43.82 -.25 8.13 45.21 -.25 8.07
4 212 41.24 -.25 15.94 45.21 -.25 8.07 45.94 -.25 7.97 46.35 -.25 7.97
3 212 41.24 -.25 15.94 46.35 -.25 7.97 46.55 -.25 8.18
3 212 41.24 -.25 15.94 46.55 -.25 8.18 47.48 -.25 8.95
3 212 41.24 -.25 15.94 47.48 -.25 8.95 48.51 -.25 9.36
3 212 41.24 -.25 15.94 48.51 -.25 9.36 49.6 -.25 9.62
4 212 41.24 -.25 15.94 49.6 -.25 9.62 50.73 -.25 9.62 56.2 -.25 15.94
3 212 56.2 -.25 15.94 50.73 -.25 9.62 51.76 -.25 9.46
4 212 56.2 -.25 15.94 51.76 -.25 9.46 52.95 -.25 9.05 53.72 -.25 8.85
3 212 56.2 -.25 15.94 53.72 -.25 8.85 54.29 -.25 8.9
3 212 56.2 -.25 15.94 54.29 -.25 8.9 55.01 -.25 8.85
3 212 56.2 -.25 15.94 55.01 -.25 8.85 56.2 -.25 8.69
4 15 -55.47 -.25 -11.83 -56.2 -.25 -11.73 -56.2 -.25 -12.7 -54.7 -.25 -12.7
4 15 -53.82 -.25 -11.88 -55.47 -.25 -11.83 -54.7 -.25 -12.7 -53.31 -.25 -12.6
4 15 -52.17 -.25 -11.88 -53.82 -.25 -11.88 -53.31 -.25 -12.6 -52.33 -.25 -12.5
4 15 -46.81 -.25 -11.98 -52.17 -.25 -11.88 -52.33 -.25 -12.5 -52.38 -.25 -12.96
4 15 -42.79 -.25 -12.14 -46.81 -.25 -11.98 -52.38 -.25 -12.96 -41.24 -.25 -15.94
3 15 -53.98 -.25 -13.37 -56.2 -.25 -13.42 -56.2 -.25 -15.94
4 15 -52.9 -.25 -13.17 -53.98 -.25 -13.37 -56.2 -.25 -15.94 -41.24 -.25 -15.94
3 15 -52.38 -.25 -12.96 -52.9 -.25 -13.17 -41.24 -.25 -15.94
3 15 -42.79 -.25 -12.14 -41.24 -.25 -15.94 -39.39 -.25 -12.29
4 15 -35.99 -.25 -12.19 -39.39 -.25 -12.29 -41.24 -.25 -15.94 -30.93 -.25 -15.94
4 15 -32.43 -.25 -11.93 -35.99 -.25 -12.19 -30.93 -.25 -15.94 -28.56 -.25 -11.67
4 15 -25.06 -.25 -11.47 -28.56 -.25 -11.67 -30.93 -.25 -15.94 -21.76 -.25 -12.45
4 15 -25.06 -.25 -11.47 -21.76 -.25 -12.45 -21.76 -.25 -12.14 -23.15 -.25 -11.42
4 15 -22.07 -.25 -11.37 -23.15 -.25 -11.42 -21.76 -.25 -12.14 -21.19 -.25 -12.03
4 15 -21.81 -.25 -11.26 -22.07 -.25 -11.37 -21.19 -.25 -12.03 -20.21 -.25 -12.09
4 15 -21.09 -.25 -12.6 -21.76 -.25 -12.45 -30.93 -.25 -15.94 -20.62 -.25 -15.94
3 15 -19.95 -.25 -12.6 -21.09 -.25 -12.6 -20.62 -.25 -15.94
4 15 -19.02 -.25 -12.55 -19.95 -.25 -12.6 -20.62 -.25 -15.94 -10.31 -.25 -15.94
4 15 -21.76 -.25 -11.11 -21.81 -.25 -11.26 -20.21 -.25 -12.09 -20.31 -.25 -9.62
4 15 -21.86 -.25 -11.01 -21.76 -.25 -11.11 -20.31 -.25 -9.62 -22.17 -.25 -9.46
4 15 -22.43 -.25 -10.75 -21.86 -.25 -11.01 -22.17 -.25 -9.46 -23.05 -.25 -9.36
4 15 -23.2 -.25 -10.34 -22.43 -.25 -10.75 -23.05 -.25 -9.36 -23.97 -.25 -9.87
4 15 -23.97 -.25 -9.87 -23.05 -.25 -9.36 -23.87 -.25 -9.26 -24.18 -.25 -9.31
4 15 -24.23 -.25 -9.62 -23.97 -.25 -9.87 -24.18 -.25 -9.31 -24.28 -.25 -9.46
4 15 -20.31 -.25 -9.62 -20.21 -.25 -12.09 -19.02 -.25 -12.24 -17.06 -.25 -9.72
4 15 -17.06 -.25 -9.72 -19.02 -.25 -12.24 -19.02 -.25 -12.55 -10.31 -.25 -15.94
3 15 -17.06 -.25 -9.72 -10.31 -.25 -15.94 -11.5 -.25 -9.82
4 15 -8.51 -.25 -9.67 -11.5 -.25 -9.82 -10.31 -.25 -15.94 -1.5 -.25 -11.11
4 15 -8.51 -.25 -9.67 -1.5 -.25 -11.11 -1.5 -.25 -10.9 -3.35 -.25 -9.51
4 15 -3.35 -.25 -9.51 -1.5 -.25 -10.9 -.82 -.25 -10.8 -.1 -.25 -9.41
3 15 -.1 -.25 -9.41 -.82 -.25 -10.8 .26 -.25 -10.59
4 15 -.1 -.25 -9.41 .26 -.25 -10.59 1.39 -.25 -10.39 2.42 -.25 -9.46
4 15 2.42 -.25 -9.46 1.39 -.25 -10.39 3.09 -.25 -10.44 5.21 -.25 -9.46
3 15 5.21 -.25 -9.46 3.09 -.25 -10.44 4.64 -.25 -10.59
4 15 5.21 -.25 -9.46 4.64 -.25 -10.59 5.16 -.25 -10.75 6.6 -.25 -10.9
4 15 6.6 -.25 -10.9 5.16 -.25 -10.75 5.16 -.25 -10.9 6.6 -.25 -11.16
4 15 5.21 -.25 -9.46 6.6 -.25 -10.9 6.96 -.25 -10.8 9.33 -.25 -9.41
3 15 9.33 -.25 -9.41 6.96 -.25 -10.8 7.99 -.25 -10.85
4 15 9.33 -.25 -9.41 7.99 -.25 -10.85 9.33 -.25 -10.95 10.31 -.25 -11.01
4 15 9.33 -.25 -9.41 10.31 -.25 -11.01 10.88 -.25 -11.01 12.94 -.25 -9.31
4 15 12.94 -.25 -9.31 10.88 -.25 -11.01 10.88 -.25 -11.21 15.52 -.25 -9.26
4 15 15.52 -.25 -9.26 10.88 -.25 -11.21 17.27 -.25 -9.46 17.17 -.25 -9.21
4 15 -.57 -.25 -11.31 -1.5 -.25 -11.11 -10.31 -.25 -15.94 0 -.25 -15.94
3 15 -.57 -.25 -11.31 0 -.25 -15.94 .62 -.25 -11.42
3 15 1.44 -.25 -11.37 .62 -.25 -11.42 0 -.25 -15.94
4 15 2.11 -.25 -11.16 1.44 -.25 -11.37 0 -.25 -15.94 3.71 -.25 -11.11
3 15 4.9 -.25 -11.01 3.71 -.25 -11.11 0 -.25 -15.94
4 15 5.16 -.25 -10.9 4.9 -.25 -11.01 0 -.25 -15.94 6.6 -.25 -11.16
4 15 7.06 -.25 -11.31 6.6 -.25 -11.16 0 -.25 -15.94 10.31 -.25 -15.94
3 15 7.06 -.25 -11.31 10.31 -.25 -15.94 8.3 -.25 -11.52
3 15 9.74 -.25 -11.52 8.3 -.25 -11.52 10.31 -.25 -15.94
3 15 10.52 -.25 -11.37 9.74 -.25 -11.52 10.31 -.25 -15.94
4 15 10.88 -.25 -11.21 10.52 -.25 -11.37 10.31 -.25 -15.94 17.27 -.25 -9.46
4 15 17.84 -.25 -9.51 17.27 -.25 -9.46 10.31 -.25 -15.94 19.02 -.25 -9.98
3 15 18.41 -.25 -9.51 17.84 -.25 -9.51 19.02 -.25 -9.98
3 15 19.02 -.25 -9.41 18.41 -.25 -9.51 19.02 -.25 -9.98
3 15 19.02 -.25 -9.98 10.31 -.25 -15.94 19.13 -.25 -10.23
4 15 19.38 -.25 -10.34 19.13 -.25 -10.23 10.31 -.25 -15.94 20.62 -.25 -15.94
4 15 20.73 -.25 -10.34 19.38 -.25 -10.34 20.62 -.25 -15.94 21.03 -.25 -10.39
3 15 21.4 -.25 -10.39 21.03 -.25 -10.39 20.62 -.25 -15.94
4 15 21.65 -.25 -10.29 21.4 -.25 -10.39 20.62 -.25 -15.94 22.53 -.25 -9.98
3 15 22.53 -.25 -9.98 21.86 -.25 -10.03 21.65 -.25 -10.29
3 15 22.99 -.25 -9.93 22.53 -.25 -9.98 20.62 -.25 -15.94
4 15 23.41 -.25 -9.87 22.99 -.25 -9.93 20.62 -.25 -15.94 23.97 -.25 -9.93
4 15 24.54 -.25 -9.93 23.97 -.25 -9.93 20.62 -.25 -15.94 25.26 -.25 -9.98
3 15 25.26 -.25 -9.98 20.62 -.25 -15.94 25.78 -.25 -10.08
4 15 26.29 -.25 -10.08 25.78 -.25 -10.08 20.62 -.25 -15.94 27.02 -.25 -10.29
3 15 26.88 -.25 -10.03 26.29 -.25 -10.08 27.02 -.25 -10.29
4 15 27.27 -.25 -10.39 27.02 -.25 -10.29 20.62 -.25 -15.94 30.93 -.25 -15.94
3 15 29.44 -.25 -10.39 27.27 -.25 -10.39 30.93 -.25 -15.94
3 15 29.7 -.25 -10.29 29.44 -.25 -10.39 30.93 -.25 -15.94
4 15 30.37 -.25 -9.98 29.8 -.25 -10.03 29.7 -.25 -10.29 30.93 -.25 -15.94
4 15 30.83 -.25 -10.03 30.37 -.25 -9.98 30.93 -.25 -15.94 31.24 -.25 -10.08
3 15 31.86 -.25 -10.03 31.24 -.25 -10.08 30.93 -.25 -15.94
4 15 32.27 -.25 -9.93 31.86 -.25 -10.03 30.93 -.25 -15.94 32.74 -.25 -9.98
3 15 32.74 -.25 -9.98 30.93 -.25 -15.94 33.3 -.25 -10.03
4 15 34.13 -.25 -10.03 33.3 -.25 -10.03 30.93 -.25 -15.94 34.75 -.25 -10.29
3 15 34.59 -.25 -10.03 34.13 -.25 -10.03 34.75 -.25 -10.29
3 15 34.75 -.25 -10.29 30.93 -.25 -15.94 35.11 -.25 -10.49
4 15 36.86 -.25 -10.49 35.11 -.25 -10.49 30.93 -.25 -15.94 41.24 -.25 -15.94
3 15 37.12 -.25 -10.44 36.86 -.25 -10.49 41.24 -.25 -15.94
4 15 37.38 -.25 -10.34 37.12 -.25 -10.44 41.24 -.25 -15.94 38.25 -.25 -10.03
3 15 38.25 -.25 -10.03 37.58 -.25 -10.08 37.38 -.25 -10.34
3 15 38.25 -.25 -10.03 41.24 -.25 -15.94 38.72 -.25 -10.13
3 15 38.72 -.25 -10.13 41.24 -.25 -15.94 39.13 -.25 -10.18
4 15 39.65 -.25 -10.08 39.13 -.25 -10.18 41.24 -.25 -15.94 40.47 -.25 -10.13
3 15 40.16 -.25 -9.98 39.65 -.25 -10.08 40.47 -.25 -10.13
3 15 40.47 -.25 -10.13 41.24 -.25 -15.94 41.04 -.25 -10.18
4 15 41.71 -.25 -10.03 41.04 -.25 -10.18 41.24 -.25 -15.94 42.69 -.25 -10.23
3 15 42.58 -.25 -9.98 41.71 -.25 -10.03 42.69 -.25 -10.23
3 15 42.69 -.25 -10.23 41.24 -.25 -15.94 42.95 -.25 -10.39
4 15 44.65 -.25 -10.34 42.95 -.25 -10.39 41.24 -.25 -15.94 45.01 -.25 -10.34
4 15 45.01 -.25 -10.34 41.24 -.25 -15.94 47.28 -.25 -11.78 47.33 -.25 -11.52
3 15 45.27 -.25 -10.23 45.01 -.25 -10.34 47.33 -.25 -11.52
4 15 45.37 -.25 -10.03 45.27 -.25 -10.23 47.33 -.25 -11.52 47.53 -.25 -9.98
4 15 47.53 -.25 -9.98 47.33 -.25 -11.52 47.59 -.25 -11.47 48.1 -.25 -9.98
4 15 48.1 -.25 -9.98 47.59 -.25 -11.47 48 -.25 -11.47 48.82 -.25 -10.03
4 15 48.82 -.25 -10.03 48 -.25 -11.47 48.57 -.25 -11.52 49.18 -.25 -10.08
4 15 49.18 -.25 -10.08 48.57 -.25 -11.52 48.77 -.25 -11.62 49.54 -.25 -11.26
4 15 49.49 -.25 -11.47 49.54 -.25 -11.26 48.77 -.25 -11.62 48.77 -.25 -11.83
4 15 49.18 -.25 -10.08 49.54 -.25 -11.26 49.85 -.25 -11.21 49.85 -.25 -10.13
4 15 50.99 -.25 -10.23 49.85 -.25 -10.13 49.85 -.25 -11.21 50.83 -.25 -11.21
4 15 52.02 -.25 -10.23 50.99 -.25 -10.23 50.83 -.25 -11.21 51.97 -.25 -11.21
4 15 52.84 -.25 -10.13 52.02 -.25 -10.23 51.97 -.25 -11.21 52.9 -.25 -11.26
4 15 52.84 -.25 -10.13 52.9 -.25 -11.26 53.31 -.25 -11.31 53.62 -.25 -9.57
3 15 52.84 -.25 -9.51 52.84 -.25 -10.13 53.62 -.25 -9.57
4 15 54.44 -.25 -9.62 53.62 -.25 -9.57 53.31 -.25 -11.31 53.41 -.25 -11.47
4 15 47.59 -.25 -11.88 47.28 -.25 -11.78 41.24 -.25 -15.94 51.56 -.25 -15.94
3 15 48.26 -.25 -11.88 47.59 -.25 -11.88 51.56 -.25 -15.94
3 15 48.77 -.25 -11.83 48.26 -.25 -11.88 51.56 -.25 -15.94
4 15 49.49 -.25 -11.47 48.77 -.25 -11.83 51.56 -.25 -15.94 49.91 -.25 -11.62
3 15 49.91 -.25 -11.62 51.56 -.25 -15.94 51.09 -.25 -11.78
3 15 52.28 -.25 -11.78 51.09 -.25 -11.78 51.56 -.25 -15.94
4 15 53.15 -.25 -11.62 52.28 -.25 -11.78 51.56 -.25 -15.94 56.2 -.25 -15.94
3 15 53.41 -.25 -11.47 53.15 -.25 -11.62 56.2 -.25 -15.94
3 15 54.44 -.25 -9.62 53.41 -.25 -11.47 56.2 -.25 -15.94
4 15 54.49 -.25 -9.41 54.44 -.25 -9.62 56.2 -.25 -15.94 56.2 -.25 -5.66
4 15 50.63 -.25 -6.58 50.68 -.25 -7.2 50.99 -.25 -7.3 51.4 -.25 -7.25
3 15 50.42 -.25 -5.45 50.52 -.25 -5.91 56.2 -.25 -5.66
4 15 56.2 -.25 -5.66 50.52 -.25 -5.91 50.63 -.25 -6.58 51.4 -.25 -7.25
3 15 56.2 -.25 -5.66 51.4 -.25 -7.25 51.71 -.25 -7.35
3 15 56.2 -.25 -5.66 51.71 -.25 -7.35 52.07 -.25 -7.61
3 15 56.2 -.25 -5.66 52.07 -.25 -7.61 52.48 -.25 -8.07
4 15 52.69 -.25 -8.69 52.79 -.25 -9.15 53.51 -.25 -9.21 56.2 -.25 -5.66
3 15 56.2 -.25 -5.66 53.51 -.25 -9.21 54.08 -.25 -9.31
3 15 56.2 -.25 -5.66 54.08 -.25 -9.31 54.49 -.25 -9.41
3 15 56.2 -.25 -5.66 52.48 -.25 -8.07 52.69 -.25 -8.69
4 0 -56.2 -.25 -15.94 -58 -.25 -16.5 -56.5 -.25 -18 -41.24 -.25 -15.94
3 0 -30.93 -.25 -15.94 -41.24 -.25 -15.94 -56.5 -.25 -18
3 0 -20.62 -.25 -15.94 -30.93 -.25 -15.94 -56.5 -.25 -18
3 0 -10.31 -.25 -15.94 -20.62 -.25 -15.94 -56.5 -.25 -18
4 0 0 -.25 -15.94 -10.31 -.25 -15.94 -56.5 -.25 -18 56.5 -.25 -18
3 0 10.31 -.25 -15.94 0 -.25 -15.94 56.5 -.25 -18
3 0 20.62 -.25 -15.94 10.31 -.25 -15.94 56.5 -.25 -18
3 0 30.93 -.25 -15.94 20.62 -.25 -15.94 56.5 -.25 -18
3 0 41.24 -.25 -15.94 30.93 -.25 -15.94 56.5 -.25 -18
3 0 51.56 -.25 -15.94 41.24 -.25 -15.94 56.5 -.25 -18
4 0 56.2 -.25 -15.94 51.56 -.25 -15.94 56.5 -.25 -18 58 -.25 -16.5
3 0 56.2 -.25 -5.66 56.2 -.25 -15.94 58 -.25 -16.5
3 0 56.2 -.25 -4.89 56.2 -.25 -5.66 58 -.25 -16.5
4 0 56.2 -.25 .36 56.2 -.25 -4.89 58 -.25 -16.5 58 -.25 16.5
3 0 58 -.25 16.5 56.2 -.25 4.22 56.2 -.25 .36
3 0 58 -.25 16.5 56.2 -.25 8.69 56.2 -.25 4.22
4 0 56.2 -.25 15.94 56.2 -.25 8.69 58 -.25 16.5 56.5 -.25 18
3 0 56.5 -.25 18 41.24 -.25 15.94 56.2 -.25 15.94
3 0 56.5 -.25 18 20.62 -.25 15.94 41.24 -.25 15.94
4 0 0 -.25 15.94 20.62 -.25 15.94 56.5 -.25 18 -56.5 -.25 18
3 0 -56.5 -.25 18 -20.62 -.25 15.94 0 -.25 15.94
3 0 -56.5 -.25 18 -41.24 -.25 15.94 -20.62 -.25 15.94
4 0 -56.2 -.25 15.94 -41.24 -.25 15.94 -56.5 -.25 18 -58 -.25 16.5
3 0 -58 -.25 16.5 -56.2 -.25 11.01 -56.2 -.25 15.94
3 0 -58 -.25 16.5 -56.2 -.25 10.29 -56.2 -.25 11.01
4 0 -56.2 -.25 8.69 -56.2 -.25 10.29 -58 -.25 16.5 -58 -.25 -16.5
3 0 -56.2 -.25 -11.73 -58 -.25 -16.5 -56.2 -.25 -12.7
3 0 -56.2 -.25 -12.7 -58 -.25 -16.5 -56.2 -.25 -13.42
3 0 -56.2 -.25 -13.42 -58 -.25 -16.5 -56.2 -.25 -15.94
4 72 -48.31 -.25 4.99 -48.57 -.25 5.04 -48.82 -.25 4.89 -48.15 -.25 4.78
4 72 -48.15 -.25 4.78 -48.82 -.25 4.89 -48.93 -.25 4.53 -48.1 -.25 4.47
4 72 -48.1 -.25 4.47 -48.93 -.25 4.53 -48.93 -.25 4.11 -48.51 -.25 3.91
4 72 -47.84 -.25 4.32 -48.1 -.25 4.47 -48.51 -.25 3.91 -48 -.25 3.86
4 72 -47.69 -.25 4.17 -47.84 -.25 4.32 -48 -.25 3.86 -47.74 -.25 3.96
4 72 -44.8 -.25 4.17 -45.06 -.25 4.22 -45.21 -.25 4.06 -45.21 -.25 3.81
4 72 -44.8 -.25 4.17 -45.21 -.25 3.81 -45.06 -.25 3.55 -44.6 -.25 3.91
4 72 -44.6 -.25 3.91 -45.06 -.25 3.55 -44.8 -.25 3.39 -44.54 -.25 3.65
3 72 -44.54 -.25 3.65 -44.8 -.25 3.39 -44.6 -.25 3.5
4 72 -21.86 -.25 4.11 -22.17 -.25 4.17 -22.32 -.25 4.06 -22.32 -.25 3.81
4 72 -21.86 -.25 4.11 -22.32 -.25 3.81 -22.17 -.25 3.65 -21.6 -.25 3.96
4 72 -21.5 -.25 3.7 -21.6 -.25 3.96 -22.17 -.25 3.65 -21.45 -.25 3.39
4 72 -21.45 -.25 3.39 -22.17 -.25 3.65 -22.17 -.25 3.34 -22.12 -.25 3.09
4 72 -21.45 -.25 3.39 -22.12 -.25 3.09 -21.86 -.25 2.88 -21.29 -.25 3.09
4 72 -21.29 -.25 3.09 -21.86 -.25 2.88 -21.45 -.25 2.47 -21.09 -.25 2.78
4 72 -21.03 -.25 2.52 -21.09 -.25 2.78 -21.45 -.25 2.47 -21.4 -.25 2.21
4 72 -21.09 -.25 2.21 -21.03 -.25 2.52 -21.4 -.25 2.21 -21.24 -.25 2.11
4 72 -20.67 -.25 3.5 -20.67 -.25 3.24 -20.47 -.25 3.03 -20.52 -.25 3.6
4 72 -20.52 -.25 3.6 -20.47 -.25 3.03 -19.95 -.25 3.65 -20.42 -.25 3.81
3 72 -20.16 -.25 3.86 -20.42 -.25 3.81 -19.95 -.25 3.65
4 72 -19.8 -.25 3.29 -19.95 -.25 3.65 -20.47 -.25 3.03 -20.42 -.25 2.73
4 72 -19.44 -.25 2.93 -19.8 -.25 3.29 -20.42 -.25 2.73 -20.47 -.25 2.37
4 72 -19.44 -.25 2.93 -20.47 -.25 2.37 -20.26 -.25 2.16 -19.8 -.25 2.06
4 72 -19.8 -.25 2.06 -20.26 -.25 2.16 -20.21 -.25 1.95 -19.95 -.25 1.9
4 72 -19.44 -.25 2.93 -19.8 -.25 2.06 -19.49 -.25 2.06 -19.02 -.25 2.73
4 72 -19.02 -.25 2.73 -19.49 -.25 2.06 -19.18 -.25 1.9 -18.71 -.25 2.47
4 72 -18.46 -.25 2.01 -18.71 -.25 2.47 -19.18 -.25 1.9 -19.08 -.25 1.65
4 72 -18.46 -.25 1.54 -18.46 -.25 2.01 -19.08 -.25 1.65 -19.02 -.25 1.29
4 72 -18.46 -.25 1.54 -19.02 -.25 1.29 -18.92 -.25 .98 -18.41 -.25 1.18
4 72 -18.41 -.25 1.18 -18.92 -.25 .98 -18.61 -.25 .82 -18.2 -.25 1.03
3 72 -18.2 -.25 1.03 -18.61 -.25 .82 -18.2 -.25 .82
4 72 -20.16 -.25 .98 -20.26 -.25 1.18 -20.57 -.25 1.18 -20.73 -.25 .98
4 72 -20 -.25 .82 -20.16 -.25 .98 -20.73 -.25 .98 -20.78 -.25 .77
4 72 -20 -.25 .82 -20.78 -.25 .77 -20.73 -.25 .51 -19.95 -.25 .46
4 72 -19.95 -.25 .46 -20.73 -.25 .51 -20.73 -.25 .15 -19.9 -.25 .15
4 72 -19.9 -.25 .15 -20.73 -.25 .15 -20.83 -.25 -.1 -20.06 -.25 -.31
4 72 -19.75 -.25 0 -19.9 -.25 .15 -20.06 -.25 -.31 -19.8 -.25 -.21
4 72 -20.16 -.25 -.46 -20.06 -.25 -.31 -20.83 -.25 -.1 -20.88 -.25 -.46
4 72 -20.16 -.25 -.46 -20.88 -.25 -.46 -20.83 -.25 -.82 -20.21 -.25 -.82
4 72 -20.21 -.25 -.82 -20.83 -.25 -.82 -20.67 -.25 -.98 -20.31 -.25 -.98
3 72 -20.31 -.25 -.98 -20.67 -.25 -.98 -20.52 -.25 -1.03
4 72 -19.9 -.25 -1.13 -20.06 -.25 -1.34 -20 -.25 -1.59 -19.64 -.25 -1.03
4 72 -19.44 -.25 -1.13 -19.64 -.25 -1.03 -20 -.25 -1.59 -19.8 -.25 -1.75
4 72 -19.44 -.25 -1.13 -19.8 -.25 -1.75 -19.49 -.25 -1.7 -19.33 -.25 -1.29
3 72 -19.33 -.25 -1.29 -19.49 -.25 -1.7 -19.33 -.25 -1.54
4 72 -47.74 -.25 3.03 -47.95 -.25 2.83 -47.95 -.25 2.47 -47.53 -.25 3.03
4 72 -47.22 -.25 2.93 -47.53 -.25 3.03 -47.95 -.25 2.47 -47.59 -.25 2.16
4 72 -46.97 -.25 2.62 -47.22 -.25 2.93 -47.59 -.25 2.16 -46.92 -.25 2.31
4 72 -46.92 -.25 2.31 -47.59 -.25 2.16 -47.28 -.25 1.8 -46.76 -.25 2.06
4 72 -46.76 -.25 2.06 -47.28 -.25 1.8 -47.17 -.25 1.54 -46.92 -.25 1.29
4 72 -46.45 -.25 1.95 -46.76 -.25 2.06 -46.92 -.25 1.29 -46.61 -.25 1.08
4 72 -46.19 -.25 1.95 -46.45 -.25 1.95 -46.61 -.25 1.08 -46.3 -.25 1.03
4 72 -46.19 -.25 1.95 -46.3 -.25 1.03 -46.09 -.25 1.13 -45.88 -.25 1.44
4 72 -46.19 -.25 1.95 -45.88 -.25 1.44 -45.78 -.25 1.8 -46.14 -.25 2.16
4 72 -46.14 -.25 2.16 -45.78 -.25 1.8 -45.47 -.25 1.95 -46.19 -.25 2.42
4 72 -46.19 -.25 2.42 -45.47 -.25 1.95 -45.11 -.25 2.06 -45.01 -.25 2.26
4 72 -46.19 -.25 2.42 -45.01 -.25 2.26 -45.06 -.25 2.47 -45.42 -.25 2.78
4 72 -46.4 -.25 2.57 -46.19 -.25 2.42 -45.42 -.25 2.78 -45.78 -.25 2.98
4 72 -46.4 -.25 2.57 -45.78 -.25 2.98 -46.14 -.25 3.03 -46.45 -.25 2.78
3 72 -46.14 -.25 3.03 -46.4 -.25 2.98 -46.45 -.25 2.78
4 72 -49.13 -.25 -.98 -49.29 -.25 -.93 -49.6 -.25 -1.03 -49.08 -.25 -1.13
4 72 -49.08 -.25 -1.13 -49.6 -.25 -1.03 -49.75 -.25 -1.23 -49.13 -.25 -1.54
4 72 -49.13 -.25 -1.54 -49.75 -.25 -1.23 -49.91 -.25 -1.34 -50.06 -.25 -1.65
4 72 -49.18 -.25 -1.95 -49.13 -.25 -1.54 -50.06 -.25 -1.65 -49.34 -.25 -2.21
4 72 -49.34 -.25 -2.21 -50.06 -.25 -1.65 -50.11 -.25 -1.95 -50.06 -.25 -2.21
3 72 -49.34 -.25 -2.21 -50.06 -.25 -2.21 -49.7 -.25 -2.26
4 72 -46.92 -.25 -.67 -46.97 -.25 -.87 -46.86 -.25 -1.03 -46.71 -.25 -.57
4 72 -46.3 -.25 -.57 -46.71 -.25 -.57 -46.86 -.25 -1.03 -46.66 -.25 -1.13
4 72 -46.3 -.25 -.57 -46.66 -.25 -1.13 -46.45 -.25 -1.18 -45.78 -.25 -.67
4 72 -45.37 -.25 -.93 -45.78 -.25 -.67 -46.45 -.25 -1.18 -46.45 -.25 -1.39
4 72 -45.37 -.25 -.93 -46.45 -.25 -1.39 -45.63 -.25 -1.59 -45.16 -.25 -1.18
4 72 -45.16 -.25 -1.18 -45.63 -.25 -1.59 -45.32 -.25 -1.54 -45.16 -.25 -1.44
4 72 -45.63 -.25 -1.59 -46.45 -.25 -1.39 -46.5 -.25 -1.59 -45.78 -.25 -1.8
4 72 -46.4 -.25 -2.06 -45.78 -.25 -1.8 -46.5 -.25 -1.59 -46.71 -.25 -1.9
4 72 -46.71 -.25 -1.9 -46.5 -.25 -1.59 -46.71 -.25 -1.59 -46.81 -.25 -1.7
4 72 -45.78 -.25 -1.8 -46.4 -.25 -2.06 -45.94 -.25 -2.16 -45.78 -.25 -2.06
4 72 -45.27 -.25 -.1 -45.37 -.25 -.21 -45.32 -.25 -.41 -45.11 -.25 -.46
4 72 -45.06 -.25 -.05 -45.27 -.25 -.1 -45.11 -.25 -.46 -44.96 -.25 -.57
4 72 -45.06 -.25 -.05 -44.23 -.25 -.21 -44.54 -.25 .05 -45.01 -.25 .05
3 72 -44.8 -.25 .1 -45.01 -.25 .05 -44.54 -.25 .05
4 72 -44.23 -.25 -.21 -45.06 -.25 -.05 -44.96 -.25 -.57 -44.9 -.25 -.77
4 72 -44.23 -.25 -.21 -44.9 -.25 -.77 -44.7 -.25 -1.03 -44.39 -.25 -1.08
4 72 -44.23 -.25 -.21 -44.39 -.25 -1.08 -44.08 -.25 -1.08 -43.31 -.25 -.1
4 72 -44.08 -.25 -.05 -44.23 -.25 -.21 -43.31 -.25 -.1 -43.36 -.25 .05
4 72 -43.98 -.25 .1 -44.08 -.25 -.05 -43.36 -.25 .05 -43.51 -.25 .15
3 72 -43.77 -.25 .21 -43.98 -.25 .1 -43.51 -.25 .15
4 72 -43.31 -.25 -.1 -44.08 -.25 -1.08 -42.95 -.25 -1.08 -42.69 -.25 -.93
4 72 -43.15 -.25 -.05 -43.31 -.25 -.1 -42.69 -.25 -.93 -42.48 -.25 -.87
4 72 -43.15 -.25 -.05 -42.48 -.25 -.87 -42.07 -.25 -.46 -43.1 -.25 .15
4 72 -43.1 -.25 .15 -42.07 -.25 -.46 -42.07 -.25 .26 -43 -.25 .46
4 72 -43 -.25 .46 -42.07 -.25 .26 -42.12 -.25 .57 -42.84 -.25 .67
4 72 -42.84 -.25 .67 -42.12 -.25 .57 -42.28 -.25 .67 -42.58 -.25 .72
4 72 -41.71 -.25 -.57 -42.07 -.25 -.46 -42.48 -.25 -.87 -42.12 -.25 -.93
4 72 -41.71 -.25 -.57 -42.12 -.25 -.93 -41.81 -.25 -.98 -41.55 -.25 -.67
4 72 -41.55 -.25 -.77 -41.55 -.25 -.67 -41.81 -.25 -.98 -41.66 -.25 -.93
4 72 -43.1 -.25 -1.29 -42.95 -.25 -1.08 -44.08 -.25 -1.08 -44.03 -.25 -1.49
4 72 -43.1 -.25 -1.29 -44.03 -.25 -1.49 -43.82 -.25 -1.75 -43.1 -.25 -1.44
4 72 -43.1 -.25 -1.44 -43.82 -.25 -1.75 -43.62 -.25 -1.9 -42.95 -.25 -1.54
4 72 -42.95 -.25 -1.54 -43.62 -.25 -1.9 -43.15 -.25 -2.06 -42.64 -.25 -1.59
4 72 -42.64 -.25 -1.59 -43.15 -.25 -2.06 -42.58 -.25 -2.11 -42.28 -.25 -1.59
4 72 -42.28 -.25 -1.59 -42.58 -.25 -2.11 -42.12 -.25 -2.01 -41.86 -.25 -1.85
4 72 -42.02 -.25 -1.54 -42.28 -.25 -1.59 -41.86 -.25 -1.85 -41.71 -.25 -1.65
4 72 -41.86 -.25 -1.49 -42.02 -.25 -1.54 -41.71 -.25 -1.65 -41.71 -.25 -1.54
4 72 -40.47 -.25 -.93 -40.57 -.25 -.82 -40.78 -.25 -.82 -40.88 -.25 -.93
4 72 -40.47 -.25 -.93 -40.88 -.25 -.93 -40.94 -.25 -1.23 -40.78 -.25 -1.44
4 72 -40.47 -.25 -.93 -40.78 -.25 -1.44 -40.47 -.25 -1.59 -40.16 -.25 -1.13
4 72 -40.16 -.25 -1.13 -40.47 -.25 -1.59 -40.11 -.25 -1.59 -39.96 -.25 -1.18
4 72 -39.9 -.25 -1.34 -39.96 -.25 -1.18 -40.11 -.25 -1.59 -39.96 -.25 -1.49
4 72 -33.61 -.25 -.26 -33.77 -.25 -.41 -33.72 -.25 -.72 -33.41 -.25 -.26
4 72 -33.15 -.25 -.41 -33.41 -.25 -.26 -33.72 -.25 -.72 -33.46 -.25 -.98
4 72 -33 -.25 -.67 -33.15 -.25 -.41 -33.46 -.25 -.98 -33 -.25 -.98
4 72 -33 -.25 -.98 -33.46 -.25 -.98 -33.41 -.25 -1.13 -33.1 -.25 -1.13
4 72 -30.57 -.25 .41 -30.88 -.25 .36 -30.98 -.25 .15 -30.37 -.25 .21
4 72 -30.37 -.25 .21 -30.98 -.25 .15 -30.98 -.25 -.1 -30.31 -.25 -.15
4 72 -30.31 -.25 -.15 -30.98 -.25 -.1 -30.78 -.25 -.41 -30.57 -.25 -.46
3 72 -30.31 -.25 -.15 -30.57 -.25 -.46 -30.42 -.25 -.41
4 72 -32.22 -.25 -1.44 -31.66 -.25 -1.49 -31.6 -.25 -1.29 -32.33 -.25 -1.23
4 72 -32.33 -.25 -1.23 -31.6 -.25 -1.29 -31.71 -.25 -.41 -32.02 -.25 -.46
4 72 -32.33 -.25 -1.23 -32.02 -.25 -.46 -32.33 -.25 -.67 -32.48 -.25 -.87
3 72 -32.48 -.25 -.87 -32.48 -.25 -1.08 -32.33 -.25 -1.23
4 72 -31.4 -.25 -.46 -31.71 -.25 -.41 -31.6 -.25 -1.29 -31.35 -.25 -1.18
4 72 -31.4 -.25 -.46 -31.35 -.25 -1.18 -31.14 -.25 -1.03 -31.14 -.25 -.62
3 72 -31.14 -.25 -.62 -31.14 -.25 -1.03 -31.09 -.25 -.77
4 72 -31.66 -.25 -1.49 -32.22 -.25 -1.44 -32.33 -.25 -1.65 -31.5 -.25 -1.7
4 72 -31.45 -.25 -1.95 -31.5 -.25 -1.7 -32.33 -.25 -1.65 -31.55 -.25 -2.16
4 72 -31.86 -.25 -2.26 -31.55 -.25 -2.16 -32.33 -.25 -1.65 -32.63 -.25 -1.59
4 72 -32.17 -.25 -2.21 -31.86 -.25 -2.26 -32.63 -.25 -1.59 -32.94 -.25 -1.65
4 72 -32.17 -.25 -2.21 -32.94 -.25 -1.65 -33.05 -.25 -1.85 -32.94 -.25 -2.11
4 72 -32.17 -.25 -2.21 -32.94 -.25 -2.11 -32.63 -.25 -2.31 -32.38 -.25 -2.37
4 71 -25.26 -.25 3.39 -22.32 -.25 3.81 -22.32 -.25 4.06 -25.73 -.25 3.91
4 71 -26.24 -.25 4.73 -25.73 -.25 3.91 -22.32 -.25 4.06 -26.4 -.25 5.55
4 71 -26.4 -.25 6.48 -26.4 -.25 5.55 -22.32 -.25 4.06 -26.14 -.25 7.25
4 71 -26.14 -.25 7.25 -22.32 -.25 4.06 -22.17 -.25 4.17 -25.62 -.25 7.92
4 71 -24.75 -.25 8.33 -25.62 -.25 7.92 -22.17 -.25 4.17 -23.97 -.25 8.49
4 71 -23.41 -.25 8.54 -23.97 -.25 8.49 -22.17 -.25 4.17 -21.86 -.25 4.11
4 71 -23.41 -.25 8.54 -21.86 -.25 4.11 -21.65 -.25 8.28 -22.99 -.25 8.69
4 71 -22.99 -.25 8.69 -21.65 -.25 8.28 -22.17 -.25 8.95 -22.74 -.25 8.95
3 71 -22.58 -.25 9.31 -22.74 -.25 8.95 -22.17 -.25 8.95
4 71 -20.83 -.25 6.94 -21.65 -.25 8.28 -21.86 -.25 4.11 -21.6 -.25 3.96
4 71 -20.83 -.25 6.94 -21.6 -.25 3.96 -20.42 -.25 3.81 -20.16 -.25 3.86
3 71 -20.83 -.25 6.94 -20.16 -.25 3.86 -19.8 -.25 5.4
4 71 -18.71 -.25 4.17 -19.8 -.25 5.4 -20.16 -.25 3.86 -19.95 -.25 3.65
4 71 -18.71 -.25 4.17 -19.95 -.25 3.65 -19.8 -.25 3.29 -19.44 -.25 2.93
4 71 -18.71 -.25 4.17 -19.44 -.25 2.93 -19.02 -.25 2.73 -17.79 -.25 3.19
4 71 -17.79 -.25 3.19 -19.02 -.25 2.73 -18.71 -.25 2.47 -17.01 -.25 2.42
4 71 -17.01 -.25 2.42 -18.71 -.25 2.47 -18.46 -.25 2.01 -16.5 -.25 1.95
4 71 -16.5 -.25 1.95 -18.46 -.25 2.01 -18.46 -.25 1.54 -18.41 -.25 1.18
4 71 -16.5 -.25 1.95 -18.41 -.25 1.18 -18.2 -.25 1.03 -15.67 -.25 1.29
4 71 -15.67 -.25 1.29 -18.2 -.25 1.03 -18.2 -.25 .82 -15.42 -.25 .98
4 71 -15.26 -.25 .62 -15.42 -.25 .98 -18.2 -.25 .82 -19.44 -.25 -1.13
4 71 -20.42 -.25 3.81 -21.6 -.25 3.96 -21.5 -.25 3.7 -20.52 -.25 3.6
4 71 -20.67 -.25 3.5 -20.52 -.25 3.6 -21.5 -.25 3.7 -21.45 -.25 3.39
4 71 -20.67 -.25 3.24 -20.67 -.25 3.5 -21.45 -.25 3.39 -21.29 -.25 3.09
4 71 -20.47 -.25 3.03 -20.67 -.25 3.24 -21.29 -.25 3.09 -21.09 -.25 2.78
4 71 -20.42 -.25 2.73 -20.47 -.25 3.03 -21.09 -.25 2.78 -21.03 -.25 2.52
4 71 -20.47 -.25 2.37 -20.42 -.25 2.73 -21.03 -.25 2.52 -21.09 -.25 2.21
4 71 -20.26 -.25 2.16 -20.47 -.25 2.37 -21.09 -.25 2.21 -20.21 -.25 1.95
4 71 -20.21 -.25 1.95 -21.09 -.25 2.21 -21.24 -.25 2.11 -20.57 -.25 1.18
4 71 -20.21 -.25 1.95 -20.57 -.25 1.18 -20.26 -.25 1.18 -19.95 -.25 1.9
4 71 -19.95 -.25 1.9 -20.26 -.25 1.18 -19.08 -.25 1.65 -19.18 -.25 1.9
4 71 -19.95 -.25 1.9 -19.18 -.25 1.9 -19.49 -.25 2.06 -19.8 -.25 2.06
4 71 -19.08 -.25 1.65 -20.26 -.25 1.18 -20.16 -.25 .98 -19.02 -.25 1.29
4 71 -19.02 -.25 1.29 -20.16 -.25 .98 -20 -.25 .82 -18.92 -.25 .98
4 71 -18.92 -.25 .98 -20 -.25 .82 -19.95 -.25 .46 -18.61 -.25 .82
4 71 -18.61 -.25 .82 -19.95 -.25 .46 -19.9 -.25 .15 -19.75 -.25 0
4 71 -18.2 -.25 .82 -18.61 -.25 .82 -19.75 -.25 0 -19.8 -.25 -.21
4 71 -18.2 -.25 .82 -19.8 -.25 -.21 -19.64 -.25 -1.03 -19.44 -.25 -1.13
4 71 -15.11 -.25 .05 -15.26 -.25 .62 -19.44 -.25 -1.13 -19.33 -.25 -1.29
4 71 -14.85 -.25 -.46 -15.11 -.25 .05 -19.33 -.25 -1.29 -19.33 -.25 -1.54
4 71 -20.21 -.25 -.82 -20.31 -.25 -.98 -20.06 -.25 -1.34 -19.9 -.25 -1.13
4 71 -20.16 -.25 -.46 -20.21 -.25 -.82 -19.9 -.25 -1.13 -19.64 -.25 -1.03
4 71 -20.06 -.25 -.31 -20.16 -.25 -.46 -19.64 -.25 -1.03 -19.8 -.25 -.21
4 71 -20.06 -.25 -1.34 -20.31 -.25 -.98 -20.52 -.25 -1.03 -20 -.25 -1.59
4 71 -17.17 -.25 6.43 -17.53 -.25 6.53 -17.53 -.25 6.27 -17.43 -.25 5.76
4 71 -16.45 -.25 6.07 -17.17 -.25 6.43 -17.43 -.25 5.76 -17.01 -.25 4.89
4 71 -15.72 -.25 5.61 -16.45 -.25 6.07 -17.01 -.25 4.89 -16.19 -.25 3.65
4 71 -14.54 -.25 4.68 -15.72 -.25 5.61 -16.19 -.25 3.65 -15.57 -.25 2.88
4 71 -14.02 -.25 4.22 -14.54 -.25 4.68 -15.57 -.25 2.88 -14.9 -.25 2.42
4 71 -14.02 -.25 4.22 -12.27 -.25 2.57 -12.12 -.25 2.67 -13.92 -.25 4.32
4 71 -16.03 -.25 7.71 -16.24 -.25 7.71 -16.19 -.25 7.51 -15.98 -.25 7.3
4 71 -15 -.25 7.2 -16.03 -.25 7.71 -15.98 -.25 7.3 -15.52 -.25 6.84
4 71 -15 -.25 7.2 -15.52 -.25 6.84 -14.9 -.25 5.91 -13.15 -.25 5.86
4 71 -13.15 -.25 5.86 -14.9 -.25 5.91 -14.13 -.25 4.73 -11.86 -.25 4.83
4 71 -11.86 -.25 4.83 -14.13 -.25 4.73 -13.92 -.25 4.32 -12.12 -.25 2.67
4 71 -10.78 -.25 4.01 -11.86 -.25 4.83 -12.12 -.25 2.67 -11.6 -.25 2.16
4 71 -9.74 -.25 3.55 -10.78 -.25 4.01 -11.6 -.25 2.16 -10.31 -.25 .87
4 71 -14.02 -.25 4.22 -14.9 -.25 2.42 -14.28 -.25 1.95 -12.27 -.25 2.57
4 71 -12.27 -.25 2.57 -14.28 -.25 1.95 -13.87 -.25 1.59 -12.01 -.25 2.01
4 71 -12.01 -.25 2.01 -13.87 -.25 1.59 -13.71 -.25 1.18 -11.6 -.25 1.23
4 71 -11.6 -.25 1.23 -13.71 -.25 1.18 -13.66 -.25 .57 -13.51 -.25 -.05
4 71 -10.62 -.25 -.36 -11.6 -.25 1.23 -13.51 -.25 -.05 -12.73 -.25 -1.8
4 71 -10.21 -.25 -.87 -10.62 -.25 -.36 -12.73 -.25 -1.8 -12.06 -.25 -3.5
4 71 -9.74 -.25 -1.23 -10.21 -.25 -.87 -12.06 -.25 -3.5 -11.75 -.25 -4.42
3 71 -9.74 -.25 -1.23 -11.75 -.25 -4.42 -8.35 -.25 -2.01
4 71 -8.15 -.25 2.78 -9.74 -.25 3.55 -10.31 -.25 .87 -6.34 -.25 1.7
4 71 -6.34 -.25 1.7 -10.31 -.25 .87 -8.66 -.25 -.67 -4.74 -.25 .67
4 71 -4.74 -.25 .67 -8.66 -.25 -.67 -7.06 -.25 -2.01 -4.02 -.25 .36
4 71 -4.02 -.25 .36 -7.06 -.25 -2.01 -6.34 -.25 -2.57 -3.04 -.25 .1
4 71 -6.65 -.25 -2.78 -8.35 -.25 -2.01 -11.75 -.25 -4.42 -3.35 -.25 -9.51
4 72 -39.7 -.25 3.19 -39.85 -.25 3.19 -39.85 -.25 2.98 -39.39 -.25 2.88
4 72 -39.39 -.25 2.88 -39.85 -.25 2.98 -39.29 -.25 2.11 -38.36 -.25 1.8
4 72 -38.36 -.25 1.8 -39.29 -.25 2.11 -38.36 -.25 .67 -36.91 -.25 .21
4 72 -36.91 -.25 .21 -38.36 -.25 .67 -37.79 -.25 -.31 -35.99 -.25 -.98
4 72 -35.99 -.25 -.98 -37.79 -.25 -.31 -37.74 -.25 -.62 -37.64 -.25 -.82
4 72 -35.99 -.25 -.98 -37.64 -.25 -.82 -37.48 -.25 -1.08 -35.16 -.25 -2.11
4 72 -35.16 -.25 -2.11 -37.48 -.25 -1.08 -37.48 -.25 -1.54 -37.43 -.25 -1.9
4 72 -35.16 -.25 -2.11 -37.43 -.25 -1.9 -37.12 -.25 -2.26 -36.5 -.25 -2.83
4 72 -34.23 -.25 -3.39 -35.16 -.25 -2.11 -36.5 -.25 -2.83 -35.57 -.25 -4.01
4 72 -33.46 -.25 -4.42 -34.23 -.25 -3.39 -35.57 -.25 -4.01 -35.01 -.25 -4.89
4 72 -33.05 -.25 -5.09 -33.46 -.25 -4.42 -35.01 -.25 -4.89 -34.75 -.25 -5.35
4 72 -32.63 -.25 -5.35 -33.05 -.25 -5.09 -34.75 -.25 -5.35 -34.7 -.25 -5.71
4 72 -32.63 -.25 -5.35 -34.7 -.25 -5.71 -34.59 -.25 -5.91 -34.34 -.25 -6.07
4 72 -32.63 -.25 -5.35 -34.34 -.25 -6.07 -33.77 -.25 -6.12 -32.02 -.25 -5.81
4 72 -32.02 -.25 -5.81 -33.77 -.25 -6.12 -33.15 -.25 -6.22 -31.35 -.25 -6.33
3 72 -33.15 -.25 -6.22 -32.63 -.25 -6.48 -31.35 -.25 -6.33
4 72 -31.35 -.25 -6.33 -32.63 -.25 -6.48 -31.81 -.25 -6.99 -30.57 -.25 -6.94
4 72 -30.57 -.25 -6.94 -31.81 -.25 -6.99 -30.73 -.25 -7.51 -29.95 -.25 -7.46
4 72 -29.95 -.25 -7.46 -30.73 -.25 -7.51 -30.01 -.25 -7.77 -29.64 -.25 -7.71
3 72 -29.64 -.25 -7.71 -30.01 -.25 -7.77 -29.75 -.25 -7.87
4 72 -28.72 -.25 -8.28 -28.87 -.25 -8.54 -28.77 -.25 -8.64 -28.56 -.25 -8.69
4 72 -28.46 -.25 -8.18 -28.72 -.25 -8.28 -28.56 -.25 -8.69 -28.2 -.25 -8.18
4 72 -28.2 -.25 -8.18 -28.56 -.25 -8.69 -28.15 -.25 -8.64 -27.84 -.25 -8.28
4 72 -27.58 -.25 -8.49 -27.84 -.25 -8.28 -28.15 -.25 -8.64 -27.89 -.25 -8.85
4 72 -27.58 -.25 -8.79 -27.58 -.25 -8.49 -27.89 -.25 -8.85 -27.79 -.25 -9
3 72 -27.58 -.25 -8.79 -27.79 -.25 -9 -27.63 -.25 -9
4 72 -38.46 -.25 -3.55 -38.62 -.25 -3.7 -38.62 -.25 -4.06 -38.15 -.25 -3.5
4 72 -37.69 -.25 -3.55 -38.15 -.25 -3.5 -38.62 -.25 -4.06 -38.36 -.25 -4.27
4 72 -37.43 -.25 -3.7 -37.69 -.25 -3.55 -38.36 -.25 -4.27 -37.22 -.25 -3.96
4 72 -37.22 -.25 -3.96 -38.36 -.25 -4.27 -37.79 -.25 -4.42 -37.02 -.25 -4.42
4 72 -37.02 -.25 -4.42 -37.79 -.25 -4.42 -37.48 -.25 -4.63 -36.71 -.25 -4.68
4 72 -36.71 -.25 -4.68 -37.48 -.25 -4.63 -37.33 -.25 -4.99 -37.02 -.25 -5.3
4 72 -36.45 -.25 -4.99 -36.71 -.25 -4.68 -37.02 -.25 -5.3 -36.66 -.25 -5.4
4 72 -36.4 -.25 -5.19 -36.45 -.25 -4.99 -36.66 -.25 -5.4 -36.45 -.25 -5.35
4 72 -39.03 -.25 -6.38 -39.13 -.25 -6.58 -39.03 -.25 -6.84 -38.77 -.25 -6.38
4 72 -38.77 -.25 -6.38 -39.03 -.25 -6.84 -38.77 -.25 -7.05 -38.51 -.25 -6.43
4 72 -38.51 -.25 -6.43 -38.77 -.25 -7.05 -38.51 -.25 -7.1 -38.25 -.25 -6.94
4 72 -38.31 -.25 -6.33 -38.51 -.25 -6.43 -38.25 -.25 -6.94 -38.05 -.25 -6.63
4 72 -38.15 -.25 -6.33 -38.31 -.25 -6.33 -38.05 -.25 -6.63 -38.05 -.25 -6.43
4 72 -42.12 -.25 -2.47 -42.38 -.25 -2.47 -42.53 -.25 -2.52 -42.64 -.25 -2.73
4 72 -41.97 -.25 -2.62 -42.12 -.25 -2.47 -42.64 -.25 -2.73 -42.64 -.25 -2.93
4 72 -41.97 -.25 -2.62 -42.64 -.25 -2.93 -42.53 -.25 -3.09 -42.22 -.25 -3.14
4 72 -41.97 -.25 -2.62 -42.22 -.25 -3.14 -41.86 -.25 -2.98 -41.81 -.25 -2.67
3 72 -41.81 -.25 -2.67 -41.86 -.25 -2.98 -41.76 -.25 -2.83
4 71 -22.17 -.25 3.65 -22.32 -.25 3.81 -25.26 -.25 3.39 -22.17 -.25 3.34
4 71 -22.17 -.25 3.34 -25.26 -.25 3.39 -25.42 -.25 3.19 -22.12 -.25 3.09
4 71 -25.42 -.25 3.19 -30.37 -.25 .21 -30.31 -.25 -.15 -22.12 -.25 3.09
4 71 -21.86 -.25 2.88 -22.12 -.25 3.09 -30.31 -.25 -.15 -21.45 -.25 2.47
4 71 -21.4 -.25 2.21 -21.45 -.25 2.47 -30.31 -.25 -.15 -30.42 -.25 -.41
4 71 -21.24 -.25 2.11 -21.4 -.25 2.21 -30.42 -.25 -.41 -20.73 -.25 .98
3 71 -21.24 -.25 2.11 -20.73 -.25 .98 -20.57 -.25 1.18
3 71 -20.73 -.25 .98 -30.42 -.25 -.41 -20.78 -.25 .77
4 71 -20.73 -.25 .51 -20.78 -.25 .77 -30.42 -.25 -.41 -20.73 -.25 .15
4 71 -30.98 -.25 -.1 -31.4 -.25 -.46 -31.14 -.25 -.62 -30.78 -.25 -.41
4 71 -30.78 -.25 -.41 -31.14 -.25 -.62 -31.09 -.25 -.77 -30.57 -.25 -.46
4 71 -31.35 -.25 -1.18 -31.6 -.25 -1.29 -31.66 -.25 -1.49 -31.5 -.25 -1.7
4 71 -31.14 -.25 -1.03 -31.35 -.25 -1.18 -31.5 -.25 -1.7 -31.45 -.25 -1.95
4 71 -30.57 -.25 -.46 -31.09 -.25 -.77 -31.14 -.25 -1.03 -30.57 -.25 -6.94
4 71 -30.42 -.25 -.41 -30.57 -.25 -.46 -30.57 -.25 -6.94 -20.83 -.25 -.1
3 71 -31.14 -.25 -1.03 -31.45 -.25 -1.95 -30.57 -.25 -6.94
4 71 -30.57 -.25 -6.94 -31.45 -.25 -1.95 -31.55 -.25 -2.16 -31.35 -.25 -6.33
4 71 -32.02 -.25 -5.81 -31.35 -.25 -6.33 -31.55 -.25 -2.16 -31.86 -.25 -2.26
4 71 -32.63 -.25 -5.35 -32.02 -.25 -5.81 -31.86 -.25 -2.26 -32.38 -.25 -2.37
3 71 -32.17 -.25 -2.21 -32.38 -.25 -2.37 -31.86 -.25 -2.26
4 71 -33.05 -.25 -5.09 -32.63 -.25 -5.35 -32.38 -.25 -2.37 -32.63 -.25 -2.31
4 71 -33.46 -.25 -4.42 -33.05 -.25 -5.09 -32.63 -.25 -2.31 -32.94 -.25 -2.11
4 71 -34.23 -.25 -3.39 -33.46 -.25 -4.42 -32.94 -.25 -2.11 -33.05 -.25 -1.85
4 71 -35.16 -.25 -2.11 -34.23 -.25 -3.39 -33.05 -.25 -1.85 -33.41 -.25 -1.13
4 71 -33.1 -.25 -1.13 -33.41 -.25 -1.13 -33.05 -.25 -1.85 -32.94 -.25 -1.65
4 71 -33 -.25 -.98 -33.1 -.25 -1.13 -32.94 -.25 -1.65 -32.63 -.25 -1.59
4 71 -32.48 -.25 -1.08 -33 -.25 -.98 -32.63 -.25 -1.59 -32.33 -.25 -1.23
4 71 -32.22 -.25 -1.44 -32.33 -.25 -1.23 -32.63 -.25 -1.59 -32.33 -.25 -1.65
4 71 -33 -.25 -.98 -32.48 -.25 -1.08 -32.48 -.25 -.87 -33 -.25 -.67
4 71 -33 -.25 -.67 -32.48 -.25 -.87 -32.33 -.25 -.67 -33.15 -.25 -.41
4 71 -33.15 -.25 -.41 -32.33 -.25 -.67 -32.02 -.25 -.46 -33.46 -.25 6.69
4 71 -31.4 -.25 -.46 -30.98 -.25 -.1 -30.98 -.25 .15 -31.71 -.25 -.41
4 71 -30.57 -.25 .41 -30.37 -.25 .21 -25.42 -.25 3.19 -26.34 -.25 3.91
4 71 -30.57 -.25 .41 -26.34 -.25 3.91 -27.58 -.25 4.63 -28.82 -.25 5.25
4 71 -30.88 -.25 .36 -30.57 -.25 .41 -28.82 -.25 5.25 -29.9 -.25 6.33
4 71 -30.88 -.25 .36 -29.9 -.25 6.33 -30.47 -.25 6.89 -31.19 -.25 7.2
4 71 -30.88 -.25 .36 -31.19 -.25 7.2 -32.02 -.25 7.2 -32.74 -.25 6.99
4 71 -30.88 -.25 .36 -32.74 -.25 6.99 -33.46 -.25 6.69 -30.98 -.25 .15
4 71 -31.71 -.25 -.41 -30.98 -.25 .15 -33.46 -.25 6.69 -32.02 -.25 -.46
4 71 -33.41 -.25 -.26 -33.15 -.25 -.41 -33.46 -.25 6.69 -34.44 -.25 6.63
4 71 -33.61 -.25 -.26 -33.41 -.25 -.26 -34.44 -.25 6.63 -35.06 -.25 1.23
4 71 -33.61 -.25 -.26 -35.06 -.25 1.23 -34.85 -.25 .51 -33.77 -.25 -.41
4 71 -33.77 -.25 -.41 -34.85 -.25 .51 -34.9 -.25 .1 -33.72 -.25 -.72
4 71 -33.72 -.25 -.72 -34.9 -.25 .1 -35.99 -.25 -.98 -35.16 -.25 -2.11
4 71 -33.46 -.25 -.98 -33.72 -.25 -.72 -35.16 -.25 -2.11 -33.41 -.25 -1.13
4 71 -39.18 -.25 4.22 -39.7 -.25 3.19 -39.39 -.25 2.88 -38.36 -.25 3.5
4 71 -38.36 -.25 3.5 -39.39 -.25 2.88 -38.36 -.25 1.8 -37.53 -.25 2.57
4 71 -36.66 -.25 1.8 -37.53 -.25 2.57 -38.36 -.25 1.8 -36.91 -.25 .21
4 71 -35.99 -.25 1.29 -36.66 -.25 1.8 -36.91 -.25 .21 -35.37 -.25 .67
4 71 -35.37 -.25 .67 -36.91 -.25 .21 -35.99 -.25 -.98 -34.9 -.25 .1
4 71 -39.49 -.25 4.73 -39.85 -.25 3.19 -39.7 -.25 3.19 -39.18 -.25 4.22
4 71 -39.85 -.25 3.19 -39.49 -.25 4.73 -40.01 -.25 5.19 -41.19 -.25 5.76
4 71 -38.31 -.25 7.51 -39.7 -.25 7.46 -38.82 -.25 6.63 -36.91 -.25 7.15
4 71 -36.91 -.25 7.15 -38.82 -.25 6.63 -37.94 -.25 5.71 -36.14 -.25 6.79
4 71 -36.14 -.25 6.79 -37.94 -.25 5.71 -37.33 -.25 4.94 -35.26 -.25 6.58
4 71 -35.26 -.25 6.58 -37.33 -.25 4.94 -36.81 -.25 4.06 -34.44 -.25 6.63
4 71 -34.44 -.25 6.63 -36.81 -.25 4.06 -36.3 -.25 3.45 -35.73 -.25 2.83
3 71 -34.44 -.25 6.63 -35.73 -.25 2.83 -35.42 -.25 2.26
3 71 -34.44 -.25 6.63 -35.42 -.25 2.26 -35.06 -.25 1.23
3 71 -20.73 -.25 .15 -30.42 -.25 -.41 -20.83 -.25 -.1
4 71 -20.83 -.25 -.1 -30.57 -.25 -6.94 -29.95 -.25 -7.46 -20.88 -.25 -.46
4 71 -20.83 -.25 -.82 -20.88 -.25 -.46 -29.95 -.25 -7.46 -29.64 -.25 -7.71
4 71 -20.67 -.25 -.98 -20.83 -.25 -.82 -29.64 -.25 -7.71 -28.46 -.25 -8.18
4 71 -20.67 -.25 -.98 -28.46 -.25 -8.18 -28.2 -.25 -8.18 -20.52 -.25 -1.03
4 71 -20.52 -.25 -1.03 -28.2 -.25 -8.18 -27.84 -.25 -8.28 -20 -.25 -1.59
4 71 -20 -.25 -1.59 -27.84 -.25 -8.28 -27.58 -.25 -8.49 -19.8 -.25 -1.75
4 71 -29.64 -.25 -7.71 -29.75 -.25 -7.87 -28.72 -.25 -8.28 -28.46 -.25 -8.18
4 71 -28.87 -.25 -8.54 -28.72 -.25 -8.28 -29.75 -.25 -7.87 -32.43 -.25 -11.93
4 71 -28.77 -.25 -8.64 -28.87 -.25 -8.54 -32.43 -.25 -11.93 -28.56 -.25 -11.67
3 71 -28.77 -.25 -8.64 -28.56 -.25 -11.67 -28.56 -.25 -8.69
4 71 -28.15 -.25 -8.64 -28.56 -.25 -8.69 -28.56 -.25 -11.67 -27.89 -.25 -8.85
3 71 -27.89 -.25 -8.85 -28.56 -.25 -11.67 -27.79 -.25 -9
4 71 -27.63 -.25 -9 -27.79 -.25 -9 -28.56 -.25 -11.67 -25.06 -.25 -11.47
4 71 -27.63 -.25 -9 -25.06 -.25 -11.47 -24.23 -.25 -9.62 -24.28 -.25 -9.46
4 71 -27.58 -.25 -8.79 -27.63 -.25 -9 -24.28 -.25 -9.46 -24.18 -.25 -9.31
4 71 -27.58 -.25 -8.49 -27.58 -.25 -8.79 -24.18 -.25 -9.31 -23.87 -.25 -9.26
4 71 -23.97 -.25 -9.87 -24.23 -.25 -9.62 -25.06 -.25 -11.47 -23.15 -.25 -11.42
3 71 -23.97 -.25 -9.87 -23.15 -.25 -11.42 -23.2 -.25 -10.34
4 71 -22.43 -.25 -10.75 -23.2 -.25 -10.34 -23.15 -.25 -11.42 -22.07 -.25 -11.37
4 71 -21.86 -.25 -11.01 -22.43 -.25 -10.75 -22.07 -.25 -11.37 -21.81 -.25 -11.26
3 71 -21.86 -.25 -11.01 -21.81 -.25 -11.26 -21.76 -.25 -11.11
4 71 -19.8 -.25 -1.75 -27.58 -.25 -8.49 -23.87 -.25 -9.26 -19.49 -.25 -1.7
4 71 -19.49 -.25 -1.7 -23.87 -.25 -9.26 -23.05 -.25 -9.36 -22.17 -.25 -9.46
4 71 -19.49 -.25 -1.7 -22.17 -.25 -9.46 -20.31 -.25 -9.62 -17.06 -.25 -9.72
4 71 -19.33 -.25 -1.54 -19.49 -.25 -1.7 -17.06 -.25 -9.72 -14.85 -.25 -.46
3 71 -14.85 -.25 -.46 -17.06 -.25 -9.72 -13.87 -.25 -1.9
3 71 -13.87 -.25 -1.9 -17.06 -.25 -9.72 -12.73 -.25 -3.5
4 71 -12.01 -.25 -4.47 -12.73 -.25 -3.5 -17.06 -.25 -9.72 -11.5 -.25 -9.82
4 71 -12.01 -.25 -4.47 -11.5 -.25 -9.82 -8.51 -.25 -9.67 -11.75 -.25 -4.42
3 71 -11.75 -.25 -4.42 -8.51 -.25 -9.67 -3.35 -.25 -9.51
4 71 -6.39 -.25 -2.73 -6.65 -.25 -2.78 -3.35 -.25 -9.51 -.1 -.25 -9.41
4 71 -6.34 -.25 -2.57 -6.39 -.25 -2.73 -.1 -.25 -9.41 -3.04 -.25 .1
3 71 -3.04 -.25 .1 -.1 -.25 -9.41 -2.22 -.25 .05
4 71 -.98 -.25 .15 -2.22 -.25 .05 -.1 -.25 -9.41 .67 -.25 .26
4 71 2.27 -.25 .1 .67 -.25 .26 -.1 -.25 -9.41 3.92 -.25 -.26
4 71 6.19 -.25 -4.63 3.92 -.25 -.26 -.1 -.25 -9.41 6.19 -.25 -4.83
4 71 6.19 -.25 -4.83 -.1 -.25 -9.41 2.42 -.25 -9.46 6.39 -.25 -5.35
4 71 6.39 -.25 -5.35 2.42 -.25 -9.46 5.21 -.25 -9.46 6.75 -.25 -5.91
4 71 6.96 -.25 -6.07 6.75 -.25 -5.91 5.21 -.25 -9.46 9.33 -.25 -9.41
4 71 7.22 -.25 -5.97 6.96 -.25 -6.07 9.33 -.25 -9.41 9.38 -.25 -6.89
4 71 7.22 -.25 -5.97 9.38 -.25 -6.89 9.23 -.25 -6.58 8.71 -.25 -6.17
3 71 8.71 -.25 -6.17 9.23 -.25 -6.58 9.13 -.25 -6.33
4 71 7.22 -.25 -5.97 8.71 -.25 -6.17 8.25 -.25 -5.91 7.27 -.25 -5.66
4 71 7.27 -.25 -5.66 8.25 -.25 -5.91 7.99 -.25 -5.71 7.17 -.25 -5.4
4 71 7.17 -.25 -5.4 7.99 -.25 -5.71 7.94 -.25 -5.4 6.91 -.25 -5.25
4 71 6.91 -.25 -5.25 7.94 -.25 -5.4 7.94 -.25 -4.89 6.6 -.25 -4.78
4 71 8.15 -.25 -3.03 6.6 -.25 -4.78 7.94 -.25 -4.89 8.09 -.25 -4.83
4 71 6.44 -.25 -4.58 6.6 -.25 -4.78 8.15 -.25 -3.03 7.27 -.25 -2.57
4 71 6.19 -.25 -4.63 6.44 -.25 -4.58 7.27 -.25 -2.57 6.39 -.25 -1.9
4 71 6.19 -.25 -4.63 6.39 -.25 -1.9 5.21 -.25 -.93 3.92 -.25 -.26
4 71 9.38 -.25 -3.29 8.15 -.25 -3.03 8.09 -.25 -4.83 8.35 -.25 -5.14
4 71 9.38 -.25 -3.29 8.35 -.25 -5.14 8.76 -.25 -5.5 9.33 -.25 -5.81
4 71 9.38 -.25 -3.29 9.33 -.25 -5.81 9.54 -.25 -5.86 10.36 -.25 -3.29
4 71 10.36 -.25 -3.29 9.54 -.25 -5.86 9.69 -.25 -6.02 11.39 -.25 -3.5
4 71 11.39 -.25 -3.5 9.69 -.25 -6.02 9.8 -.25 -6.22 10 -.25 -6.53
4 71 11.39 -.25 -3.5 10 -.25 -6.53 10.31 -.25 -6.79 12.89 -.25 -4.01
4 71 14.59 -.25 -4.94 12.89 -.25 -4.01 10.31 -.25 -6.79 12.94 -.25 -9.31
4 71 12.94 -.25 -9.31 10.31 -.25 -6.79 10.05 -.25 -6.94 9.33 -.25 -9.41
3 71 10.05 -.25 -6.94 9.64 -.25 -6.99 9.33 -.25 -9.41
3 71 9.38 -.25 -6.89 9.33 -.25 -9.41 9.64 -.25 -6.99
4 71 15.47 -.25 -5.45 14.59 -.25 -4.94 12.94 -.25 -9.31 15.52 -.25 -9.26
4 71 16.5 -.25 -6.02 15.47 -.25 -5.45 15.52 -.25 -9.26 17.17 -.25 -9.21
4 71 17.79 -.25 -6.63 16.5 -.25 -6.02 17.17 -.25 -9.21 17.84 -.25 -9.05
4 71 19.08 -.25 -7.46 17.79 -.25 -6.63 17.84 -.25 -9.05 19.02 -.25 -8.9
3 71 17.79 -.25 -6.63 19.08 -.25 -7.46 19.33 -.25 -7.3
4 72 -45.58 -.25 -2.88 -45.73 -.25 -2.83 -45.88 -.25 -2.93 -45.47 -.25 -3.03
4 72 -45.47 -.25 -3.03 -45.88 -.25 -2.93 -45.94 -.25 -3.14 -45.94 -.25 -3.45
4 72 -45.47 -.25 -3.03 -45.94 -.25 -3.45 -45.83 -.25 -3.7 -45.68 -.25 -3.81
4 72 -45.47 -.25 -3.03 -45.68 -.25 -3.81 -44.96 -.25 -3.6 -44.85 -.25 -3.39
4 72 -45.32 -.25 -3.03 -45.47 -.25 -3.03 -44.85 -.25 -3.39 -44.8 -.25 -3.14
4 72 -45.21 -.25 -2.88 -45.32 -.25 -3.03 -44.8 -.25 -3.14 -44.85 -.25 -2.88
4 72 -45.16 -.25 -2.78 -45.21 -.25 -2.88 -44.85 -.25 -2.88 -44.96 -.25 -2.78
4 72 -44.85 -.25 -3.81 -44.96 -.25 -3.6 -45.68 -.25 -3.81 -45.63 -.25 -4.17
4 72 -44.7 -.25 -3.86 -44.85 -.25 -3.81 -45.63 -.25 -4.17 -45.52 -.25 -4.32
4 72 -44.7 -.25 -3.86 -45.52 -.25 -4.32 -45.32 -.25 -4.42 -44.54 -.25 -4.01
4 72 -44.44 -.25 -4.22 -44.54 -.25 -4.01 -45.32 -.25 -4.42 -44.96 -.25 -4.63
4 72 -44.29 -.25 -4.27 -44.44 -.25 -4.22 -44.96 -.25 -4.63 -44.65 -.25 -4.83
4 72 -43.87 -.25 -4.78 -44.29 -.25 -4.27 -44.65 -.25 -4.83 -44.03 -.25 -4.94
4 72 -44.23 -.25 -4.99 -44.03 -.25 -4.94 -44.65 -.25 -4.83 -44.49 -.25 -4.99
4 72 -44.13 -.25 -4.22 -44.29 -.25 -4.27 -43.87 -.25 -4.78 -43.77 -.25 -4.53
4 72 -44.08 -.25 -4.06 -44.13 -.25 -4.22 -43.77 -.25 -4.53 -43.56 -.25 -4.42
4 72 -43.41 -.25 -3.65 -44.08 -.25 -4.06 -43.56 -.25 -4.42 -43.05 -.25 -3.6
4 72 -43.05 -.25 -3.6 -43.56 -.25 -4.42 -43.26 -.25 -4.37 -42.79 -.25 -3.7
4 72 -42.64 -.25 -3.81 -42.79 -.25 -3.7 -43.26 -.25 -4.37 -42.89 -.25 -4.47
4 72 -42.64 -.25 -3.81 -42.89 -.25 -4.47 -42.43 -.25 -4.53 -42.43 -.25 -3.81
4 72 -42.43 -.25 -3.81 -42.43 -.25 -4.53 -42.12 -.25 -4.47 -41.91 -.25 -4.27
4 72 -42.22 -.25 -3.7 -42.43 -.25 -3.81 -41.91 -.25 -4.27 -41.76 -.25 -4.01
4 72 -42.02 -.25 -3.65 -42.22 -.25 -3.7 -41.76 -.25 -4.01 -41.71 -.25 -3.81
3 72 -42.02 -.25 -3.65 -41.71 -.25 -3.81 -41.81 -.25 -3.7
4 72 -44.08 -.25 -4.06 -43.41 -.25 -3.65 -43.46 -.25 -3.45 -44.13 -.25 -3.65
4 72 -44.13 -.25 -3.65 -43.46 -.25 -3.45 -43.41 -.25 -3.24 -44.23 -.25 -3.34
4 72 -44.23 -.25 -3.09 -44.23 -.25 -3.34 -43.41 -.25 -3.24 -43.67 -.25 -2.78
4 72 -43.36 -.25 -2.78 -43.67 -.25 -2.78 -43.41 -.25 -3.24 -43.2 -.25 -3.19
4 72 -43.15 -.25 -2.83 -43.36 -.25 -2.78 -43.2 -.25 -3.19 -43.1 -.25 -3.03
4 72 -44.23 -.25 -3.09 -43.67 -.25 -2.78 -43.77 -.25 -2.62 -44.39 -.25 -2.88
4 72 -44.39 -.25 -2.88 -43.77 -.25 -2.62 -43.98 -.25 -2.37 -44.49 -.25 -2.57
4 72 -44.49 -.25 -2.37 -44.49 -.25 -2.57 -43.98 -.25 -2.37 -44.18 -.25 -2.26
3 72 -44.18 -.25 -2.26 -44.44 -.25 -2.26 -44.49 -.25 -2.37
4 71 -48 -.25 3.86 -48.51 -.25 3.91 -47.95 -.25 2.83 -47.74 -.25 3.03
4 71 -47.74 -.25 3.96 -48 -.25 3.86 -47.74 -.25 3.03 -47.53 -.25 3.03
4 71 -47.74 -.25 3.96 -47.53 -.25 3.03 -47.22 -.25 2.93 -46.4 -.25 2.98
4 71 -46.45 -.25 2.78 -46.4 -.25 2.98 -47.22 -.25 2.93 -46.97 -.25 2.62
4 71 -46.4 -.25 2.57 -46.45 -.25 2.78 -46.97 -.25 2.62 -46.92 -.25 2.31
4 71 -46.4 -.25 2.57 -46.92 -.25 2.31 -46.76 -.25 2.06 -46.19 -.25 2.42
4 71 -46.19 -.25 2.42 -46.76 -.25 2.06 -46.45 -.25 1.95 -46.14 -.25 2.16
3 71 -46.14 -.25 2.16 -46.45 -.25 1.95 -46.19 -.25 1.95
4 71 -47.69 -.25 4.17 -47.74 -.25 3.96 -46.4 -.25 2.98 -46.14 -.25 3.03
4 71 -45.21 -.25 3.81 -47.69 -.25 4.17 -46.14 -.25 3.03 -45.78 -.25 2.98
4 71 -45.06 -.25 3.55 -45.21 -.25 3.81 -45.78 -.25 2.98 -45.42 -.25 2.78
4 71 -44.8 -.25 3.39 -45.06 -.25 3.55 -45.42 -.25 2.78 -45.06 -.25 2.47
4 71 -44.6 -.25 3.5 -44.8 -.25 3.39 -45.06 -.25 2.47 -45.01 -.25 2.26
4 71 -44.6 -.25 3.5 -45.01 -.25 2.26 -42.84 -.25 .67 -42.58 -.25 .72
4 71 -44.54 -.25 3.65 -44.6 -.25 3.5 -42.58 -.25 .72 -39.85 -.25 2.98
4 71 -44.54 -.25 3.65 -39.85 -.25 2.98 -39.85 -.25 3.19 -44.6 -.25 3.91
4 71 -44.6 -.25 3.91 -39.85 -.25 3.19 -41.19 -.25 5.76 -44.8 -.25 4.17
4 71 -44.8 -.25 4.17 -41.19 -.25 5.76 -42.53 -.25 6.58 -45.06 -.25 4.22
4 71 -45.06 -.25 4.22 -42.53 -.25 6.58 -43.82 -.25 7.51 -48.15 -.25 4.78
4 71 -45.21 -.25 4.06 -45.06 -.25 4.22 -48.15 -.25 4.78 -47.84 -.25 4.32
4 71 -45.21 -.25 4.06 -47.84 -.25 4.32 -47.69 -.25 4.17 -45.21 -.25 3.81
3 71 -48.15 -.25 4.78 -48.1 -.25 4.47 -47.84 -.25 4.32
4 71 -48.31 -.25 4.99 -48.15 -.25 4.78 -43.82 -.25 7.51 -45.58 -.25 8.9
4 71 -48.57 -.25 5.04 -48.31 -.25 4.99 -45.58 -.25 8.9 -51.04 -.25 7.1
3 71 -45.58 -.25 8.9 -51.04 -.25 7.25 -51.04 -.25 7.1
3 71 -45.58 -.25 8.9 -51.09 -.25 7.61 -51.04 -.25 7.25
4 71 -51.19 -.25 8.07 -51.09 -.25 7.61 -45.58 -.25 8.9 -51.14 -.25 8.54
4 71 -50.89 -.25 9.21 -51.14 -.25 8.54 -45.58 -.25 8.9 -50.58 -.25 9.77
4 71 -50.32 -.25 9.98 -50.58 -.25 9.77 -45.58 -.25 8.9 -49.75 -.25 10.08
3 71 -48.87 -.25 10.18 -49.75 -.25 10.08 -45.58 -.25 8.9
4 71 -48.41 -.25 10.29 -48.87 -.25 10.18 -45.58 -.25 8.9 -46.86 -.25 10.13
3 71 -48 -.25 10.44 -48.41 -.25 10.29 -46.86 -.25 10.13
3 71 -47.74 -.25 10.8 -48 -.25 10.44 -46.86 -.25 10.13
4 71 -48.82 -.25 4.89 -48.57 -.25 5.04 -51.04 -.25 7.1 -51.25 -.25 7.05
3 71 -51.25 -.25 7.05 -48.93 -.25 4.53 -48.82 -.25 4.89
4 71 -48.93 -.25 4.11 -48.93 -.25 4.53 -51.25 -.25 7.05 -56.2 -.25 0
3 71 -51.4 -.25 7.15 -56.2 -.25 0 -51.25 -.25 7.05
4 71 -56.2 -.25 0 -51.4 -.25 7.15 -51.81 -.25 7.46 -52.33 -.25 7.82
3 71 -52.59 -.25 8.07 -56.2 -.25 0 -52.33 -.25 7.82
4 71 -55.78 -.25 8.79 -56.2 -.25 8.69 -56.2 -.25 0 -54.75 -.25 8.85
4 71 -53.62 -.25 8.85 -54.75 -.25 8.85 -56.2 -.25 0 -53.05 -.25 8.74
4 71 -52.69 -.25 8.43 -53.05 -.25 8.74 -56.2 -.25 0 -52.59 -.25 8.07
4 71 -48.51 -.25 3.91 -48.93 -.25 4.11 -56.2 -.25 0 -47.95 -.25 2.83
4 71 -47.95 -.25 2.47 -47.95 -.25 2.83 -56.2 -.25 0 -49.6 -.25 -1.03
4 71 -47.95 -.25 2.47 -49.6 -.25 -1.03 -49.29 -.25 -.93 -47.59 -.25 2.16
4 71 -47.28 -.25 1.8 -47.59 -.25 2.16 -49.29 -.25 -.93 -47.17 -.25 1.54
4 71 -47.17 -.25 1.54 -49.29 -.25 -.93 -49.13 -.25 -.98 -46.92 -.25 -.67
4 71 -46.92 -.25 1.29 -47.17 -.25 1.54 -46.92 -.25 -.67 -46.71 -.25 -.57
4 71 -46.61 -.25 1.08 -46.92 -.25 1.29 -46.71 -.25 -.57 -46.3 -.25 -.57
4 71 -46.3 -.25 1.03 -46.61 -.25 1.08 -46.3 -.25 -.57 -45.78 -.25 -.67
4 71 -46.3 -.25 1.03 -45.78 -.25 -.67 -45.37 -.25 -.21 -46.09 -.25 1.13
4 71 -46.09 -.25 1.13 -45.37 -.25 -.21 -45.27 -.25 -.1 -45.88 -.25 1.44
4 71 -45.88 -.25 1.44 -45.27 -.25 -.1 -45.06 -.25 -.05 -45.01 -.25 .05
4 71 -45.78 -.25 1.8 -45.88 -.25 1.44 -45.01 -.25 .05 -45.47 -.25 1.95
4 71 -45.47 -.25 1.95 -45.01 -.25 .05 -44.8 -.25 .1 -45.11 -.25 2.06
4 71 -45.11 -.25 2.06 -44.8 -.25 .1 -44.54 -.25 .05 -45.01 -.25 2.26
4 71 -45.01 -.25 2.26 -44.54 -.25 .05 -43.98 -.25 .1 -43.77 -.25 .21
4 71 -44.08 -.25 -.05 -43.98 -.25 .1 -44.54 -.25 .05 -44.23 -.25 -.21
4 71 -43.36 -.25 .05 -43.31 -.25 -.1 -43.15 -.25 -.05 -43.1 -.25 .15
4 71 -43.51 -.25 .15 -43.36 -.25 .05 -43.1 -.25 .15 -43 -.25 .46
4 71 -43.77 -.25 .21 -43.51 -.25 .15 -43 -.25 .46 -42.84 -.25 .67
3 71 -45.01 -.25 2.26 -43.77 -.25 .21 -42.84 -.25 .67
4 72 -52.17 -.25 -4.27 -52.43 -.25 -4.37 -52.48 -.25 -4.58 -52.33 -.25 -4.73
4 72 -51.86 -.25 -4.27 -52.17 -.25 -4.27 -52.33 -.25 -4.73 -51.61 -.25 -4.42
4 72 -51.61 -.25 -4.42 -52.33 -.25 -4.73 -52.07 -.25 -4.94 -51.45 -.25 -4.68
4 72 -51.45 -.25 -4.68 -52.07 -.25 -4.94 -51.86 -.25 -5.04 -51.66 -.25 -5.09
3 72 -51.45 -.25 -4.68 -51.66 -.25 -5.09 -51.5 -.25 -4.99
4 72 -53.31 -.25 -6.89 -53.57 -.25 -6.84 -53.77 -.25 -6.99 -53.82 -.25 -7.2
4 72 -53.31 -.25 -6.89 -53.82 -.25 -7.2 -53.67 -.25 -7.51 -53.21 -.25 -7.15
4 72 -53.21 -.25 -7.15 -53.67 -.25 -7.51 -53.41 -.25 -7.66 -53 -.25 -7.3
4 72 -53 -.25 -7.3 -53.41 -.25 -7.66 -53.05 -.25 -7.66 -52.95 -.25 -7.51
4 71 -45.32 -.25 -.41 -45.37 -.25 -.21 -45.78 -.25 -.67 -45.37 -.25 -.93
4 71 -45.11 -.25 -.46 -45.32 -.25 -.41 -45.37 -.25 -.93 -44.96 -.25 -.57
4 71 -44.9 -.25 -.77 -44.96 -.25 -.57 -45.37 -.25 -.93 -45.16 -.25 -1.18
4 71 -44.7 -.25 -1.03 -44.9 -.25 -.77 -45.16 -.25 -1.18 -45.16 -.25 -1.44
4 71 -44.7 -.25 -1.03 -45.16 -.25 -1.44 -44.44 -.25 -2.26 -44.39 -.25 -1.08
4 71 -44.39 -.25 -1.08 -44.44 -.25 -2.26 -44.18 -.25 -2.26 -44.03 -.25 -1.49
3 71 -44.08 -.25 -1.08 -44.39 -.25 -1.08 -44.03 -.25 -1.49
4 71 -43.82 -.25 -1.75 -44.03 -.25 -1.49 -44.18 -.25 -2.26 -43.98 -.25 -2.37
4 71 -43.62 -.25 -1.9 -43.82 -.25 -1.75 -43.98 -.25 -2.37 -43.77 -.25 -2.62
4 71 -43.15 -.25 -2.06 -43.62 -.25 -1.9 -43.77 -.25 -2.62 -43.36 -.25 -2.78
3 71 -43.77 -.25 -2.62 -43.67 -.25 -2.78 -43.36 -.25 -2.78
4 71 -43.15 -.25 -2.06 -43.36 -.25 -2.78 -43.15 -.25 -2.83 -42.64 -.25 -2.73
4 71 -43.15 -.25 -2.06 -42.64 -.25 -2.73 -42.53 -.25 -2.52 -42.58 -.25 -2.11
4 71 -42.58 -.25 -2.11 -42.53 -.25 -2.52 -42.38 -.25 -2.47 -42.12 -.25 -2.01
4 71 -42.12 -.25 -2.01 -42.38 -.25 -2.47 -42.12 -.25 -2.47 -41.86 -.25 -1.85
4 71 -41.86 -.25 -1.85 -42.12 -.25 -2.47 -41.97 -.25 -2.62 -41.81 -.25 -2.67
4 71 -43.1 -.25 -1.29 -43.1 -.25 -1.44 -42.95 -.25 -1.54 -42.95 -.25 -1.08
4 71 -42.69 -.25 -.93 -42.95 -.25 -1.08 -42.95 -.25 -1.54 -42.64 -.25 -1.59
4 71 -42.48 -.25 -.87 -42.69 -.25 -.93 -42.64 -.25 -1.59 -42.12 -.25 -.93
4 71 -42.12 -.25 -.93 -42.64 -.25 -1.59 -42.28 -.25 -1.59 -42.02 -.25 -1.54
4 71 -42.12 -.25 -.93 -42.02 -.25 -1.54 -41.86 -.25 -1.49 -41.81 -.25 -.98
4 71 -41.81 -.25 -.98 -41.86 -.25 -1.49 -41.71 -.25 -1.54 -41.66 -.25 -.93
4 71 -41.66 -.25 -.93 -41.71 -.25 -1.54 -40.94 -.25 -1.23 -41.55 -.25 -.77
4 71 -41.55 -.25 -.77 -40.94 -.25 -1.23 -40.88 -.25 -.93 -41.55 -.25 -.67
3 71 -41.55 -.25 -.67 -40.88 -.25 -.93 -40.78 -.25 -.82
4 71 -39.85 -.25 2.98 -42.58 -.25 .72 -42.28 -.25 .67 -39.29 -.25 2.11
4 71 -39.29 -.25 2.11 -42.28 -.25 .67 -42.12 -.25 .57 -38.36 -.25 .67
4 71 -38.36 -.25 .67 -42.12 -.25 .57 -42.07 -.25 .26 -41.71 -.25 -.57
3 71 -42.07 -.25 .26 -42.07 -.25 -.46 -41.71 -.25 -.57
4 71 -38.36 -.25 .67 -41.71 -.25 -.57 -41.55 -.25 -.67 -40.78 -.25 -.82
3 71 -38.36 -.25 .67 -40.78 -.25 -.82 -40.57 -.25 -.82
4 71 -38.36 -.25 .67 -40.57 -.25 -.82 -40.47 -.25 -.93 -40.16 -.25 -1.13
4 71 -38.36 -.25 .67 -40.16 -.25 -1.13 -39.96 -.25 -1.18 -37.79 -.25 -.31
4 71 -37.74 -.25 -.62 -37.79 -.25 -.31 -39.96 -.25 -1.18 -39.9 -.25 -1.34
4 71 -37.64 -.25 -.82 -37.74 -.25 -.62 -39.9 -.25 -1.34 -39.96 -.25 -1.49
4 71 -37.48 -.25 -1.08 -37.64 -.25 -.82 -39.96 -.25 -1.49 -37.48 -.25 -1.54
4 71 -37.48 -.25 -1.54 -39.96 -.25 -1.49 -40.11 -.25 -1.59 -37.43 -.25 -1.9
4 71 -37.43 -.25 -1.9 -40.11 -.25 -1.59 -38.46 -.25 -3.55 -38.15 -.25 -3.5
4 71 -37.12 -.25 -2.26 -37.43 -.25 -1.9 -38.15 -.25 -3.5 -37.69 -.25 -3.55
4 71 -36.5 -.25 -2.83 -37.12 -.25 -2.26 -37.69 -.25 -3.55 -37.43 -.25 -3.7
4 71 -35.57 -.25 -4.01 -36.5 -.25 -2.83 -37.43 -.25 -3.7 -37.22 -.25 -3.96
4 71 -35.57 -.25 -4.01 -37.22 -.25 -3.96 -37.02 -.25 -4.42 -36.71 -.25 -4.68
4 71 -35.01 -.25 -4.89 -35.57 -.25 -4.01 -36.71 -.25 -4.68 -36.45 -.25 -4.99
4 71 -34.75 -.25 -5.35 -35.01 -.25 -4.89 -36.45 -.25 -4.99 -36.4 -.25 -5.19
4 72 -53 -.25 -8.02 -53.26 -.25 -8.07 -53.31 -.25 -8.33 -52.79 -.25 -8.07
4 72 -52.54 -.25 -8.38 -52.79 -.25 -8.07 -53.31 -.25 -8.33 -53.26 -.25 -8.54
4 72 -52.54 -.25 -8.38 -53.26 -.25 -8.54 -53 -.25 -8.74 -52.59 -.25 -8.79
4 72 -52.23 -.25 -8.43 -52.54 -.25 -8.38 -52.59 -.25 -8.79 -52.38 -.25 -8.95
4 72 -51.86 -.25 -8.43 -52.23 -.25 -8.43 -52.38 -.25 -8.95 -51.66 -.25 -8.59
4 72 -51.66 -.25 -8.59 -52.38 -.25 -8.95 -52.28 -.25 -9.21 -51.71 -.25 -9.21
4 72 -51.71 -.25 -9.21 -52.28 -.25 -9.21 -52.17 -.25 -9.41 -51.76 -.25 -9.41
3 72 -51.76 -.25 -9.41 -52.17 -.25 -9.41 -51.97 -.25 -9.46
4 72 -50.11 -.25 -8.64 -50.37 -.25 -8.69 -50.52 -.25 -8.85 -50.52 -.25 -9.05
4 72 -50.11 -.25 -8.64 -50.52 -.25 -9.05 -50.32 -.25 -9.21 -49.75 -.25 -8.74
4 72 -49.75 -.25 -8.74 -50.32 -.25 -9.21 -50.06 -.25 -9.36 -49.49 -.25 -9
4 72 -49.49 -.25 -9 -50.06 -.25 -9.36 -49.75 -.25 -9.36 -49.54 -.25 -9.21
4 72 -48.67 -.25 -8.95 -48.98 -.25 -9 -48.87 -.25 -9.21 -48.51 -.25 -9.31
4 72 -48.26 -.25 -8.79 -48.67 -.25 -8.95 -48.51 -.25 -9.31 -48.26 -.25 -9.46
4 72 -47.9 -.25 -8.59 -48.26 -.25 -8.79 -48.26 -.25 -9.46 -47.69 -.25 -8.64
4 72 -47.74 -.25 -9.1 -47.69 -.25 -8.64 -48.26 -.25 -9.46 -48.05 -.25 -9.67
4 72 -47.69 -.25 -9.41 -47.74 -.25 -9.1 -48.05 -.25 -9.67 -47.84 -.25 -9.72
3 72 -47.69 -.25 -9.41 -47.84 -.25 -9.72 -47.69 -.25 -9.62
4 71 -53.26 -.25 -8.54 -56.2 -.25 -11.73 -55.47 -.25 -11.83 -53 -.25 -8.74
4 71 -53 -.25 -8.74 -55.47 -.25 -11.83 -53.82 -.25 -11.88 -52.59 -.25 -8.79
4 71 -52.38 -.25 -8.95 -52.59 -.25 -8.79 -53.82 -.25 -11.88 -52.28 -.25 -9.21
4 71 -52.17 -.25 -9.41 -52.28 -.25 -9.21 -53.82 -.25 -11.88 -52.17 -.25 -11.88
3 71 -52.17 -.25 -9.41 -52.17 -.25 -11.88 -51.97 -.25 -9.46
4 71 -51.76 -.25 -9.41 -51.97 -.25 -9.46 -52.17 -.25 -11.88 -50.32 -.25 -9.21
3 71 -50.32 -.25 -9.21 -52.17 -.25 -11.88 -50.06 -.25 -9.36
4 71 -50.52 -.25 -9.05 -51.71 -.25 -9.21 -51.76 -.25 -9.41 -50.32 -.25 -9.21
4 71 -51.71 -.25 -9.21 -50.52 -.25 -9.05 -50.52 -.25 -8.85 -51.66 -.25 -8.59
4 71 -51.66 -.25 -8.59 -50.52 -.25 -8.85 -50.37 -.25 -8.69 -50.42 -.25 -7.15
4 71 -53.05 -.25 -7.66 -53.41 -.25 -7.66 -53.26 -.25 -8.07 -53 -.25 -8.02
4 71 -52.95 -.25 -7.51 -53.05 -.25 -7.66 -53 -.25 -8.02 -52.79 -.25 -8.07
4 71 -52.33 -.25 -4.73 -52.48 -.25 -4.58 -53.31 -.25 -6.89 -53.21 -.25 -7.15
4 71 -52.07 -.25 -4.94 -52.33 -.25 -4.73 -53.21 -.25 -7.15 -53 -.25 -7.3
4 71 -51.86 -.25 -5.04 -52.07 -.25 -4.94 -53 -.25 -7.3 -52.95 -.25 -7.51
4 71 -51.66 -.25 -5.09 -51.86 -.25 -5.04 -52.95 -.25 -7.51 -52.79 -.25 -8.07
4 71 -51.66 -.25 -5.09 -52.79 -.25 -8.07 -52.54 -.25 -8.38 -51.4 -.25 -6.27
4 71 -49.49 -.25 -9 -49.54 -.25 -9.21 -48.87 -.25 -9.21 -48.98 -.25 -9
4 71 -42.79 -.25 -12.14 -47.69 -.25 -9.41 -47.69 -.25 -9.62 -46.81 -.25 -11.98
3 71 -47.69 -.25 -9.62 -47.84 -.25 -9.72 -46.81 -.25 -11.98
4 71 -49.75 -.25 -9.36 -50.06 -.25 -9.36 -52.17 -.25 -11.88 -48.05 -.25 -9.67
4 71 -48.87 -.25 -9.21 -49.54 -.25 -9.21 -49.75 -.25 -9.36 -48.51 -.25 -9.31
4 71 -48.26 -.25 -9.46 -48.51 -.25 -9.31 -49.75 -.25 -9.36 -48.05 -.25 -9.67
4 71 -47.84 -.25 -9.72 -48.05 -.25 -9.67 -52.17 -.25 -11.88 -46.81 -.25 -11.98
3 71 -53.31 -.25 -8.33 -56.2 -.25 -11.73 -53.26 -.25 -8.54
4 71 -56.2 -.25 -11.73 -53.31 -.25 -8.33 -53.26 -.25 -8.07 -53.41 -.25 -7.66
3 71 -53.67 -.25 -7.51 -56.2 -.25 -11.73 -53.41 -.25 -7.66
3 71 -53.82 -.25 -7.2 -56.2 -.25 -11.73 -53.67 -.25 -7.51
4 71 -53.57 -.25 -6.84 -53.31 -.25 -6.89 -52.48 -.25 -4.58 -56.2 -.25 0
4 71 -56.2 -.25 0 -52.43 -.25 -4.37 -52.17 -.25 -4.27 -50.11 -.25 -1.95
4 71 -50.11 -.25 -1.95 -52.17 -.25 -4.27 -51.86 -.25 -4.27 -50.06 -.25 -2.21
4 71 -50.06 -.25 -2.21 -51.86 -.25 -4.27 -51.61 -.25 -4.42 -49.8 -.25 -2.98
4 71 -45.63 -.25 -4.17 -45.68 -.25 -3.81 -45.83 -.25 -3.7 -47.48 -.25 -5.19
4 71 -56.2 -.25 0 -49.91 -.25 -1.34 -49.75 -.25 -1.23 -49.6 -.25 -1.03
3 71 -56.2 -.25 0 -50.06 -.25 -1.65 -49.91 -.25 -1.34
3 71 -56.2 -.25 0 -50.11 -.25 -1.95 -50.06 -.25 -1.65
3 71 -56.2 -.25 0 -52.48 -.25 -4.58 -52.43 -.25 -4.37
3 71 -56.2 -.25 0 -53.77 -.25 -6.99 -53.57 -.25 -6.84
4 71 -53.82 -.25 -7.2 -53.77 -.25 -6.99 -56.2 -.25 0 -56.2 -.25 -11.73
3 0 -56.2 -.25 0 -58 -.25 -16.5 -56.2 -.25 -11.73
3 0 -56.2 -.25 8.69 -58 -.25 -16.5 -56.2 -.25 0
4 72 -49.24 -.25 -2.88 -49.54 -.25 -2.83 -49.8 -.25 -2.98 -49.91 -.25 -3.24
4 72 -49.13 -.25 -3.19 -49.24 -.25 -2.88 -49.91 -.25 -3.24 -49.96 -.25 -3.65
4 72 -48.98 -.25 -3.65 -49.13 -.25 -3.19 -49.96 -.25 -3.65 -50.06 -.25 -3.91
4 72 -48.72 -.25 -3.91 -48.98 -.25 -3.65 -50.06 -.25 -3.91 -48.57 -.25 -4.27
4 72 -48.57 -.25 -4.27 -50.06 -.25 -3.91 -50.32 -.25 -4.01 -50.47 -.25 -4.27
4 72 -48.57 -.25 -4.27 -50.47 -.25 -4.27 -50.47 -.25 -4.68 -48.36 -.25 -4.68
4 72 -50.27 -.25 -5.14 -48.36 -.25 -4.68 -50.47 -.25 -4.68 -50.63 -.25 -5.04
4 72 -50.63 -.25 -5.04 -50.47 -.25 -4.68 -50.78 -.25 -4.78 -50.78 -.25 -4.99
4 72 -48.36 -.25 -4.68 -50.27 -.25 -5.14 -49.75 -.25 -5.4 -48 -.25 -4.99
4 72 -48 -.25 -4.99 -49.75 -.25 -5.4 -49.39 -.25 -5.76 -47.48 -.25 -5.19
4 72 -47.02 -.25 -5.55 -47.48 -.25 -5.19 -49.39 -.25 -5.76 -49.29 -.25 -6.07
4 72 -46.81 -.25 -6.07 -47.02 -.25 -5.55 -49.29 -.25 -6.07 -49.29 -.25 -6.38
4 72 -46.81 -.25 -6.07 -49.29 -.25 -6.38 -49.24 -.25 -7.2 -48.82 -.25 -7.46
4 72 -46.81 -.25 -6.07 -48.82 -.25 -7.46 -48.26 -.25 -7.56 -47.69 -.25 -7.56
4 72 -46.81 -.25 -6.07 -47.69 -.25 -7.56 -47.28 -.25 -7.51 -46.55 -.25 -6.17
4 72 -46.5 -.25 -7.05 -46.55 -.25 -6.17 -47.28 -.25 -7.51 -46.55 -.25 -7.35
4 72 -46.55 -.25 -7.35 -47.28 -.25 -7.51 -47.17 -.25 -7.92 -46.45 -.25 -7.82
4 72 -46.45 -.25 -7.82 -47.17 -.25 -7.92 -46.86 -.25 -8.33 -46.25 -.25 -8.13
3 72 -46.25 -.25 -8.13 -46.86 -.25 -8.33 -46.66 -.25 -8.54
4 72 -46.25 -.25 -8.13 -46.66 -.25 -8.54 -46.5 -.25 -8.69 -46.09 -.25 -8.69
4 72 -45.88 -.25 -8.18 -46.25 -.25 -8.13 -46.09 -.25 -8.69 -45.58 -.25 -8.28
4 72 -45.58 -.25 -8.28 -46.09 -.25 -8.69 -45.58 -.25 -8.59 -45.32 -.25 -8.49
4 72 -46.55 -.25 -6.17 -46.5 -.25 -7.05 -46.25 -.25 -6.89 -46.25 -.25 -6.07
4 72 -46.25 -.25 -6.07 -46.25 -.25 -6.89 -45.94 -.25 -6.99 -45.99 -.25 -5.91
4 72 -45.73 -.25 -5.91 -45.99 -.25 -5.91 -45.94 -.25 -6.99 -45.52 -.25 -6.17
4 72 -45.37 -.25 -6.69 -45.52 -.25 -6.17 -45.94 -.25 -6.99 -45.47 -.25 -7.41
4 72 -45.06 -.25 -6.99 -45.37 -.25 -6.69 -45.47 -.25 -7.41 -45.01 -.25 -7.66
4 72 -44.75 -.25 -7.05 -45.06 -.25 -6.99 -45.01 -.25 -7.66 -44.75 -.25 -7.92
4 72 -44.54 -.25 -6.94 -44.75 -.25 -7.05 -44.75 -.25 -7.92 -44.49 -.25 -7.97
4 72 -44.54 -.25 -6.94 -44.49 -.25 -7.97 -44.23 -.25 -7.92 -44.34 -.25 -6.89
4 72 -44.13 -.25 -7.05 -44.34 -.25 -6.89 -44.23 -.25 -7.92 -43.98 -.25 -7.77
4 72 -43.77 -.25 -7.2 -44.13 -.25 -7.05 -43.98 -.25 -7.77 -43.46 -.25 -7.71
4 72 -43.36 -.25 -7.3 -43.77 -.25 -7.2 -43.46 -.25 -7.71 -43.26 -.25 -7.61
3 72 -43.36 -.25 -7.3 -43.26 -.25 -7.61 -43.26 -.25 -7.41
4 72 -51.14 -.25 -6.12 -51.4 -.25 -6.27 -51.4 -.25 -6.48 -51.3 -.25 -6.63
4 72 -50.83 -.25 -6.17 -51.14 -.25 -6.12 -51.3 -.25 -6.63 -50.63 -.25 -6.38
4 72 -50.63 -.25 -6.38 -51.3 -.25 -6.63 -50.78 -.25 -6.84 -50.27 -.25 -6.48
4 72 -50.27 -.25 -6.48 -50.78 -.25 -6.84 -50.42 -.25 -7.15 -50.11 -.25 -7.2
4 72 -49.91 -.25 -6.43 -50.27 -.25 -6.48 -50.11 -.25 -7.2 -49.65 -.25 -7.15
4 72 -49.29 -.25 -6.38 -49.91 -.25 -6.43 -49.65 -.25 -7.15 -49.24 -.25 -7.2
4 71 -51.45 -.25 -4.68 -51.5 -.25 -4.99 -50.78 -.25 -4.99 -50.78 -.25 -4.78
4 71 -50.78 -.25 -4.78 -50.47 -.25 -4.68 -50.47 -.25 -4.27 -51.45 -.25 -4.68
4 71 -51.61 -.25 -4.42 -51.45 -.25 -4.68 -50.47 -.25 -4.27 -50.32 -.25 -4.01
4 71 -50.32 -.25 -4.01 -50.06 -.25 -3.91 -49.96 -.25 -3.65 -51.61 -.25 -4.42
3 71 -49.91 -.25 -3.24 -51.61 -.25 -4.42 -49.96 -.25 -3.65
3 71 -49.8 -.25 -2.98 -51.61 -.25 -4.42 -49.91 -.25 -3.24
4 71 -49.7 -.25 -2.26 -50.06 -.25 -2.21 -49.8 -.25 -2.98 -49.54 -.25 -2.83
4 71 -49.34 -.25 -2.21 -49.7 -.25 -2.26 -49.54 -.25 -2.83 -49.24 -.25 -2.88
4 71 -49.34 -.25 -2.21 -49.24 -.25 -2.88 -46.81 -.25 -1.7 -49.18 -.25 -1.95
4 71 -46.45 -.25 -1.39 -46.45 -.25 -1.18 -46.66 -.25 -1.13 -46.71 -.25 -1.59
3 71 -46.45 -.25 -1.39 -46.71 -.25 -1.59 -46.5 -.25 -1.59
4 71 -46.81 -.25 -1.7 -46.71 -.25 -1.59 -46.66 -.25 -1.13 -46.86 -.25 -1.03
4 71 -49.18 -.25 -1.95 -46.81 -.25 -1.7 -46.86 -.25 -1.03 -49.13 -.25 -1.54
4 71 -49.13 -.25 -1.54 -46.86 -.25 -1.03 -46.97 -.25 -.87 -49.08 -.25 -1.13
4 71 -49.08 -.25 -1.13 -46.97 -.25 -.87 -46.92 -.25 -.67 -49.13 -.25 -.98
4 71 -45.32 -.25 -1.54 -45.63 -.25 -1.59 -45.78 -.25 -1.8 -45.78 -.25 -2.06
4 71 -45.32 -.25 -1.54 -45.78 -.25 -2.06 -45.16 -.25 -2.78 -44.96 -.25 -2.78
4 71 -45.32 -.25 -1.54 -44.96 -.25 -2.78 -44.49 -.25 -2.37 -45.16 -.25 -1.44
3 71 -45.16 -.25 -1.44 -44.49 -.25 -2.37 -44.44 -.25 -2.26
4 71 -45.78 -.25 -2.06 -45.94 -.25 -2.16 -45.73 -.25 -2.83 -45.58 -.25 -2.88
4 71 -45.16 -.25 -2.78 -45.78 -.25 -2.06 -45.58 -.25 -2.88 -45.21 -.25 -2.88
4 71 -45.21 -.25 -2.88 -45.58 -.25 -2.88 -45.47 -.25 -3.03 -45.32 -.25 -3.03
4 71 -44.49 -.25 -2.37 -44.96 -.25 -2.78 -44.85 -.25 -2.88 -44.49 -.25 -2.57
4 71 -44.39 -.25 -2.88 -44.49 -.25 -2.57 -44.85 -.25 -2.88 -44.8 -.25 -3.14
4 71 -44.23 -.25 -3.09 -44.39 -.25 -2.88 -44.8 -.25 -3.14 -44.23 -.25 -3.34
4 71 -44.23 -.25 -3.34 -44.8 -.25 -3.14 -44.85 -.25 -3.39 -44.13 -.25 -3.65
4 71 -44.13 -.25 -3.65 -44.85 -.25 -3.39 -44.96 -.25 -3.6 -44.85 -.25 -3.81
3 71 -44.13 -.25 -3.65 -44.85 -.25 -3.81 -44.7 -.25 -3.86
4 71 -44.13 -.25 -3.65 -44.7 -.25 -3.86 -44.54 -.25 -4.01 -44.08 -.25 -4.06
4 71 -44.08 -.25 -4.06 -44.54 -.25 -4.01 -44.44 -.25 -4.22 -44.13 -.25 -4.22
3 71 -44.13 -.25 -4.22 -44.44 -.25 -4.22 -44.29 -.25 -4.27
4 71 -42.64 -.25 -2.73 -43.15 -.25 -2.83 -43.1 -.25 -3.03 -42.64 -.25 -2.93
4 71 -42.64 -.25 -2.93 -43.1 -.25 -3.03 -43.2 -.25 -3.19 -42.53 -.25 -3.09
4 71 -43.05 -.25 -3.6 -42.53 -.25 -3.09 -43.2 -.25 -3.19 -43.41 -.25 -3.24
4 71 -43.05 -.25 -3.6 -43.41 -.25 -3.24 -43.46 -.25 -3.45 -43.41 -.25 -3.65
3 71 -42.53 -.25 -3.09 -43.05 -.25 -3.6 -42.79 -.25 -3.7
4 71 -42.53 -.25 -3.09 -42.79 -.25 -3.7 -42.64 -.25 -3.81 -42.43 -.25 -3.81
4 71 -42.53 -.25 -3.09 -42.43 -.25 -3.81 -42.22 -.25 -3.7 -42.22 -.25 -3.14
4 71 -42.22 -.25 -3.14 -42.22 -.25 -3.7 -42.02 -.25 -3.65 -41.86 -.25 -2.98
4 71 -41.86 -.25 -2.98 -42.02 -.25 -3.65 -41.81 -.25 -3.7 -41.76 -.25 -2.83
4 71 -41.76 -.25 -2.83 -41.81 -.25 -3.7 -41.71 -.25 -3.81 -38.62 -.25 -3.7
4 71 -41.76 -.25 -2.83 -38.62 -.25 -3.7 -38.46 -.25 -3.55 -41.81 -.25 -2.67
4 71 -40.47 -.25 -1.59 -41.81 -.25 -2.67 -38.46 -.25 -3.55 -40.11 -.25 -1.59
4 71 -41.71 -.25 -1.65 -41.86 -.25 -1.85 -41.81 -.25 -2.67 -40.78 -.25 -1.44
3 71 -40.78 -.25 -1.44 -41.81 -.25 -2.67 -40.47 -.25 -1.59
4 71 -40.94 -.25 -1.23 -41.71 -.25 -1.54 -41.71 -.25 -1.65 -40.78 -.25 -1.44
4 71 -46.81 -.25 -1.7 -49.24 -.25 -2.88 -49.13 -.25 -3.19 -46.71 -.25 -1.9
4 71 -46.71 -.25 -1.9 -49.13 -.25 -3.19 -48.98 -.25 -3.65 -48.72 -.25 -3.91
4 71 -46.4 -.25 -2.06 -46.71 -.25 -1.9 -48.72 -.25 -3.91 -45.88 -.25 -2.93
4 71 -45.94 -.25 -2.16 -46.4 -.25 -2.06 -45.88 -.25 -2.93 -45.73 -.25 -2.83
4 71 -45.88 -.25 -2.93 -48.72 -.25 -3.91 -48.57 -.25 -4.27 -45.94 -.25 -3.14
4 71 -45.94 -.25 -3.14 -48.57 -.25 -4.27 -48.36 -.25 -4.68 -45.94 -.25 -3.45
4 71 -45.94 -.25 -3.45 -48.36 -.25 -4.68 -48 -.25 -4.99 -47.48 -.25 -5.19
3 71 -45.94 -.25 -3.45 -47.48 -.25 -5.19 -45.83 -.25 -3.7
4 71 -45.63 -.25 -4.17 -47.48 -.25 -5.19 -47.02 -.25 -5.55 -45.52 -.25 -4.32
4 71 -45.52 -.25 -4.32 -47.02 -.25 -5.55 -46.81 -.25 -6.07 -46.55 -.25 -6.17
4 71 -45.52 -.25 -4.32 -46.55 -.25 -6.17 -46.25 -.25 -6.07 -45.99 -.25 -5.91
4 71 -45.32 -.25 -4.42 -45.52 -.25 -4.32 -45.99 -.25 -5.91 -45.73 -.25 -5.91
4 71 -44.96 -.25 -4.63 -45.32 -.25 -4.42 -45.73 -.25 -5.91 -45.52 -.25 -6.17
4 71 -44.65 -.25 -4.83 -44.96 -.25 -4.63 -45.52 -.25 -6.17 -44.49 -.25 -4.99
4 71 -44.49 -.25 -4.99 -45.52 -.25 -6.17 -45.37 -.25 -6.69 -45.06 -.25 -6.99
4 71 -44.49 -.25 -4.99 -45.06 -.25 -6.99 -44.75 -.25 -7.05 -44.54 -.25 -6.94
4 71 -44.23 -.25 -4.99 -44.49 -.25 -4.99 -44.54 -.25 -6.94 -44.34 -.25 -6.89
4 71 -44.03 -.25 -4.94 -44.23 -.25 -4.99 -44.34 -.25 -6.89 -44.13 -.25 -7.05
4 71 -44.03 -.25 -4.94 -44.13 -.25 -7.05 -43.77 -.25 -7.2 -43.87 -.25 -4.78
4 71 -43.87 -.25 -4.78 -43.77 -.25 -7.2 -43.36 -.25 -7.3 -43.77 -.25 -4.53
4 71 -43.56 -.25 -4.42 -43.77 -.25 -4.53 -43.36 -.25 -7.3 -43.26 -.25 -4.37
4 71 -42.89 -.25 -4.47 -43.26 -.25 -4.37 -43.36 -.25 -7.3 -43.26 -.25 -7.41
3 71 -42.89 -.25 -4.47 -43.26 -.25 -7.41 -42.43 -.25 -4.53
4 71 -42.12 -.25 -4.47 -42.43 -.25 -4.53 -43.26 -.25 -7.41 -39.13 -.25 -6.58
4 71 -51.5 -.25 -4.99 -51.66 -.25 -5.09 -51.14 -.25 -6.12 -50.78 -.25 -4.99
4 71 -50.78 -.25 -4.99 -51.14 -.25 -6.12 -50.83 -.25 -6.17 -50.63 -.25 -5.04
4 71 -50.63 -.25 -5.04 -50.83 -.25 -6.17 -50.63 -.25 -6.38 -50.27 -.25 -5.14
4 71 -50.27 -.25 -5.14 -50.63 -.25 -6.38 -50.27 -.25 -6.48 -49.91 -.25 -6.43
4 71 -49.75 -.25 -5.4 -50.27 -.25 -5.14 -49.91 -.25 -6.43 -49.39 -.25 -5.76
4 71 -49.29 -.25 -6.07 -49.39 -.25 -5.76 -49.91 -.25 -6.43 -49.29 -.25 -6.38
3 71 -51.66 -.25 -5.09 -51.4 -.25 -6.27 -51.14 -.25 -6.12
4 71 -51.4 -.25 -6.48 -51.4 -.25 -6.27 -52.54 -.25 -8.38 -52.23 -.25 -8.43
4 71 -51.4 -.25 -6.48 -52.23 -.25 -8.43 -51.86 -.25 -8.43 -51.3 -.25 -6.63
4 71 -51.3 -.25 -6.63 -51.86 -.25 -8.43 -51.66 -.25 -8.59 -50.78 -.25 -6.84
3 71 -50.78 -.25 -6.84 -51.66 -.25 -8.59 -50.42 -.25 -7.15
4 71 -50.42 -.25 -7.15 -50.37 -.25 -8.69 -50.11 -.25 -8.64 -50.11 -.25 -7.2
4 71 -50.11 -.25 -7.2 -50.11 -.25 -8.64 -49.75 -.25 -8.74 -49.65 -.25 -7.15
4 71 -49.24 -.25 -7.2 -49.65 -.25 -7.15 -49.75 -.25 -8.74 -48.82 -.25 -7.46
4 71 -48.82 -.25 -7.46 -49.75 -.25 -8.74 -49.49 -.25 -9 -48.98 -.25 -9
4 71 -48.82 -.25 -7.46 -48.98 -.25 -9 -48.67 -.25 -8.95 -48.26 -.25 -7.56
4 71 -48.26 -.25 -7.56 -48.67 -.25 -8.95 -48.26 -.25 -8.79 -47.9 -.25 -8.59
4 71 -47.69 -.25 -7.56 -48.26 -.25 -7.56 -47.9 -.25 -8.59 -47.69 -.25 -8.64
4 71 -47.69 -.25 -7.56 -47.69 -.25 -8.64 -47.17 -.25 -7.92 -47.28 -.25 -7.51
3 71 -47.17 -.25 -7.92 -47.69 -.25 -8.64 -46.86 -.25 -8.33
4 71 -46.66 -.25 -8.54 -46.86 -.25 -8.33 -47.69 -.25 -8.64 -47.74 -.25 -9.1
4 71 -46.5 -.25 -8.69 -46.66 -.25 -8.54 -47.74 -.25 -9.1 -47.69 -.25 -9.41
4 71 -46.25 -.25 -6.89 -46.5 -.25 -7.05 -46.55 -.25 -7.35 -45.94 -.25 -6.99
4 71 -45.94 -.25 -6.99 -46.55 -.25 -7.35 -46.45 -.25 -7.82 -46.25 -.25 -8.13
4 71 -45.94 -.25 -6.99 -46.25 -.25 -8.13 -45.88 -.25 -8.18 -45.47 -.25 -7.41
4 71 -45.47 -.25 -7.41 -45.88 -.25 -8.18 -45.58 -.25 -8.28 -45.01 -.25 -7.66
4 71 -45.01 -.25 -7.66 -45.58 -.25 -8.28 -45.32 -.25 -8.49 -44.75 -.25 -7.92
4 71 -46.09 -.25 -8.69 -46.5 -.25 -8.69 -47.69 -.25 -9.41 -42.79 -.25 -12.14
3 71 -45.58 -.25 -8.59 -46.09 -.25 -8.69 -42.79 -.25 -12.14
3 71 -45.32 -.25 -8.49 -45.58 -.25 -8.59 -42.79 -.25 -12.14
4 71 -44.49 -.25 -7.97 -44.75 -.25 -7.92 -45.32 -.25 -8.49 -42.79 -.25 -12.14
3 71 -44.23 -.25 -7.92 -44.49 -.25 -7.97 -42.79 -.25 -12.14
4 71 -43.98 -.25 -7.77 -44.23 -.25 -7.92 -42.79 -.25 -12.14 -43.46 -.25 -7.71
4 71 -43.26 -.25 -7.61 -43.46 -.25 -7.71 -42.79 -.25 -12.14 -39.39 -.25 -12.29
4 71 -43.26 -.25 -7.61 -39.39 -.25 -12.29 -39.03 -.25 -6.84 -39.13 -.25 -6.58
3 71 -39.13 -.25 -6.58 -43.26 -.25 -7.41 -43.26 -.25 -7.61
4 71 -42.12 -.25 -4.47 -39.13 -.25 -6.58 -39.03 -.25 -6.38 -41.91 -.25 -4.27
3 71 -41.76 -.25 -4.01 -41.91 -.25 -4.27 -39.03 -.25 -6.38
4 71 -41.71 -.25 -3.81 -41.76 -.25 -4.01 -39.03 -.25 -6.38 -38.62 -.25 -4.06
3 71 -38.62 -.25 -3.7 -41.71 -.25 -3.81 -38.62 -.25 -4.06
4 71 -38.36 -.25 -4.27 -38.62 -.25 -4.06 -39.03 -.25 -6.38 -38.77 -.25 -6.38
4 71 -37.79 -.25 -4.42 -38.36 -.25 -4.27 -38.77 -.25 -6.38 -38.31 -.25 -6.33
3 71 -38.31 -.25 -6.33 -38.77 -.25 -6.38 -38.51 -.25 -6.43
4 71 -37.79 -.25 -4.42 -38.31 -.25 -6.33 -38.15 -.25 -6.33 -37.48 -.25 -4.63
4 71 -37.48 -.25 -4.63 -38.15 -.25 -6.33 -38.05 -.25 -6.43 -37.33 -.25 -4.99
4 71 -37.02 -.25 -5.3 -37.33 -.25 -4.99 -38.05 -.25 -6.43 -38.05 -.25 -6.63
4 71 -36.66 -.25 -5.4 -37.02 -.25 -5.3 -38.05 -.25 -6.63 -35.99 -.25 -12.19
4 71 -34.75 -.25 -5.35 -36.4 -.25 -5.19 -36.45 -.25 -5.35 -34.7 -.25 -5.71
3 71 -39.03 -.25 -6.84 -39.39 -.25 -12.29 -38.77 -.25 -7.05
4 71 -38.51 -.25 -7.1 -38.77 -.25 -7.05 -39.39 -.25 -12.29 -35.99 -.25 -12.19
3 71 -38.25 -.25 -6.94 -38.51 -.25 -7.1 -35.99 -.25 -12.19
3 71 -38.05 -.25 -6.63 -38.25 -.25 -6.94 -35.99 -.25 -12.19
4 71 -36.45 -.25 -5.35 -36.66 -.25 -5.4 -35.99 -.25 -12.19 -34.7 -.25 -5.71
3 71 -34.7 -.25 -5.71 -35.99 -.25 -12.19 -34.59 -.25 -5.91
4 71 -34.34 -.25 -6.07 -34.59 -.25 -5.91 -35.99 -.25 -12.19 -32.43 -.25 -11.93
4 71 -33.77 -.25 -6.12 -34.34 -.25 -6.07 -32.43 -.25 -11.93 -33.15 -.25 -6.22
4 71 -32.63 -.25 -6.48 -33.15 -.25 -6.22 -32.43 -.25 -11.93 -31.81 -.25 -6.99
3 71 -31.81 -.25 -6.99 -32.43 -.25 -11.93 -30.73 -.25 -7.51
4 71 -30.01 -.25 -7.77 -30.73 -.25 -7.51 -32.43 -.25 -11.93 -29.75 -.25 -7.87
4 71 19.75 -.25 -7.92 19.64 -.25 -9.72 21.09 -.25 -9.72 21.14 -.25 -7.92
4 71 21.09 -.25 -6.63 20.42 -.25 -6.53 20.26 -.25 -7.46 21.65 -.25 -7.46
4 71 21.5 -.25 -6.69 21.09 -.25 -6.63 21.65 -.25 -7.46 22.22 -.25 -7.25
4 71 22.12 -.25 -8.13 22.22 -.25 -7.25 21.65 -.25 -7.46 21.55 -.25 -9.41
3 71 22.12 -.25 -8.13 21.55 -.25 -9.41 22.01 -.25 -9.41
4 71 20.62 -.25 -5.5 20.42 -.25 -6.53 21.09 -.25 -6.63 21.29 -.25 -5.66
4 71 20.88 -.25 -4.58 20.62 -.25 -5.5 21.29 -.25 -5.66 21.55 -.25 -4.78
4 71 21.19 -.25 -3.96 20.88 -.25 -4.58 21.55 -.25 -4.78 21.91 -.25 -3.91
4 71 21.55 -.25 -3.45 21.19 -.25 -3.96 21.91 -.25 -3.91 22.22 -.25 -3.34
4 71 22.01 -.25 -2.88 21.55 -.25 -3.45 22.22 -.25 -3.34 22.58 -.25 -2.83
4 71 22.38 -.25 -2.52 22.01 -.25 -2.88 22.58 -.25 -2.83 22.68 -.25 -2.57
3 71 22.68 -.25 -2.37 22.38 -.25 -2.52 22.68 -.25 -2.57
4 71 22.43 -.25 -5.97 21.7 -.25 -5.76 21.5 -.25 -6.69 22.22 -.25 -7.25
4 71 21.96 -.25 -4.94 21.7 -.25 -5.76 22.43 -.25 -5.97 22.74 -.25 -4.83
4 71 22.32 -.25 -4.06 21.96 -.25 -4.94 22.74 -.25 -4.83 23.1 -.25 -3.86
4 71 22.63 -.25 -3.5 22.32 -.25 -4.06 23.1 -.25 -3.86 23.41 -.25 -3.29
4 71 22.99 -.25 -2.93 22.63 -.25 -3.5 23.41 -.25 -3.29 23.72 -.25 -2.93
4 71 23.3 -.25 -2.62 22.99 -.25 -2.93 23.72 -.25 -2.93 23.61 -.25 -2.47
4 71 23.92 -.25 -2.47 23.61 -.25 -2.47 23.72 -.25 -2.93 24.13 -.25 -2.57
4 71 22.58 -.25 -8.13 23.2 -.25 -9.31 23.3 -.25 -8.02 22.68 -.25 -7.25
4 71 22.68 -.25 -7.25 23.3 -.25 -8.02 23.51 -.25 -6.89 22.89 -.25 -5.97
4 71 22.89 -.25 -5.97 23.51 -.25 -6.89 23.82 -.25 -5.81 23.2 -.25 -4.83
4 71 23.2 -.25 -4.83 23.82 -.25 -5.81 24.08 -.25 -4.99 23.56 -.25 -3.91
4 71 23.56 -.25 -3.91 24.08 -.25 -4.99 24.39 -.25 -4.47 23.82 -.25 -3.45
4 71 23.82 -.25 -3.45 24.39 -.25 -4.47 24.7 -.25 -4.17 24.13 -.25 -3.14
4 71 24.54 -.25 -2.93 24.13 -.25 -3.14 24.7 -.25 -4.17 24.75 -.25 -2.93
4 71 25.06 -.25 -3.14 24.75 -.25 -2.93 24.7 -.25 -4.17 25.11 -.25 -4.06
4 71 25.42 -.25 -3.55 25.06 -.25 -3.14 25.11 -.25 -4.06 25.47 -.25 -4.06
3 71 25.42 -.25 -3.55 25.47 -.25 -4.06 25.78 -.25 -4.11
4 71 23.66 -.25 -8.33 23.61 -.25 -9.31 24.23 -.25 -9.36 24.39 -.25 -8.23
4 71 23.77 -.25 -7.46 23.66 -.25 -8.33 24.39 -.25 -8.23 24.59 -.25 -7.41
4 71 23.97 -.25 -6.48 23.77 -.25 -7.46 24.59 -.25 -7.41 24.85 -.25 -6.63
4 71 24.23 -.25 -5.71 23.97 -.25 -6.48 24.85 -.25 -6.63 25.21 -.25 -6.12
4 71 24.49 -.25 -5.19 24.23 -.25 -5.71 25.21 -.25 -6.12 24.7 -.25 -4.94
4 71 25 -.25 -4.78 24.7 -.25 -4.94 25.21 -.25 -6.12 25.31 -.25 -4.78
4 71 25.31 -.25 -4.78 25.21 -.25 -6.12 25.57 -.25 -5.91 25.67 -.25 -4.89
4 71 25.88 -.25 -5.04 25.67 -.25 -4.89 25.57 -.25 -5.91 25.88 -.25 -5.86
4 71 26.14 -.25 -5.35 25.88 -.25 -5.04 25.88 -.25 -5.86 26.14 -.25 -5.91
3 71 26.14 -.25 -5.35 26.14 -.25 -5.91 26.4 -.25 -6.07
4 71 24.75 -.25 -8.49 24.64 -.25 -9.36 25.57 -.25 -9.46 25.67 -.25 -8.74
4 71 24.75 -.25 -8.49 25.67 -.25 -8.74 25.83 -.25 -8.23 24.95 -.25 -7.56
4 71 24.95 -.25 -7.56 25.83 -.25 -8.23 26.04 -.25 -7.82 25.21 -.25 -6.84
4 71 25.47 -.25 -6.43 25.21 -.25 -6.84 26.04 -.25 -7.82 25.67 -.25 -6.33
4 71 25.93 -.25 -6.33 25.67 -.25 -6.33 26.04 -.25 -7.82 26.19 -.25 -6.53
4 71 26.19 -.25 -6.53 26.04 -.25 -7.82 26.24 -.25 -7.56 26.45 -.25 -6.79
3 71 26.45 -.25 -6.79 26.24 -.25 -7.56 26.5 -.25 -7.41
4 71 28.92 -.25 -6.63 28.25 -.25 -6.53 28.1 -.25 -7.46 29.49 -.25 -7.46
4 71 29.34 -.25 -6.69 28.92 -.25 -6.63 29.49 -.25 -7.46 30.06 -.25 -7.25
4 71 29.39 -.25 -9.41 29.85 -.25 -9.41 29.95 -.25 -8.13 29.49 -.25 -7.46
3 71 30.06 -.25 -7.25 29.49 -.25 -7.46 29.95 -.25 -8.13
4 71 29.34 -.25 -6.69 30.06 -.25 -7.25 30.26 -.25 -5.97 29.54 -.25 -5.76
4 71 29.8 -.25 -4.94 29.54 -.25 -5.76 30.26 -.25 -5.97 30.57 -.25 -4.83
4 71 30.16 -.25 -4.06 29.8 -.25 -4.94 30.57 -.25 -4.83 30.93 -.25 -3.86
4 71 30.47 -.25 -3.5 30.16 -.25 -4.06 30.93 -.25 -3.86 31.24 -.25 -3.29
4 71 30.83 -.25 -2.93 30.47 -.25 -3.5 31.24 -.25 -3.29 31.55 -.25 -2.93
4 71 31.14 -.25 -2.62 30.83 -.25 -2.93 31.55 -.25 -2.93 31.45 -.25 -2.47
4 71 31.76 -.25 -2.47 31.45 -.25 -2.47 31.55 -.25 -2.93 31.96 -.25 -2.57
4 71 28.46 -.25 -5.5 28.25 -.25 -6.53 28.92 -.25 -6.63 29.13 -.25 -5.66
4 71 28.72 -.25 -4.68 28.46 -.25 -5.5 29.13 -.25 -5.66 29.39 -.25 -4.78
4 71 29.03 -.25 -3.96 28.72 -.25 -4.68 29.39 -.25 -4.78 29.75 -.25 -3.91
4 71 29.39 -.25 -3.45 29.03 -.25 -3.96 29.75 -.25 -3.91 30.06 -.25 -3.34
4 71 29.85 -.25 -2.88 29.39 -.25 -3.45 30.06 -.25 -3.34 30.42 -.25 -2.83
4 71 30.21 -.25 -2.52 29.85 -.25 -2.88 30.42 -.25 -2.83 30.52 -.25 -2.57
3 71 30.52 -.25 -2.37 30.21 -.25 -2.52 30.52 -.25 -2.57
4 71 30.42 -.25 -8.13 30.31 -.25 -9.36 31.04 -.25 -9.31 31.14 -.25 -8.02
4 71 30.52 -.25 -7.25 30.42 -.25 -8.13 31.14 -.25 -8.02 31.35 -.25 -6.89
4 71 30.73 -.25 -5.97 30.52 -.25 -7.25 31.35 -.25 -6.89 31.66 -.25 -5.81
4 71 31.04 -.25 -4.83 30.73 -.25 -5.97 31.66 -.25 -5.81 31.91 -.25 -4.99
4 71 31.4 -.25 -3.91 31.04 -.25 -4.83 31.91 -.25 -4.99 32.22 -.25 -4.47
4 71 31.66 -.25 -3.45 31.4 -.25 -3.91 32.22 -.25 -4.47 31.96 -.25 -3.14
4 71 32.38 -.25 -2.93 31.96 -.25 -3.14 32.22 -.25 -4.47 32.58 -.25 -2.93
4 71 32.58 -.25 -2.93 32.22 -.25 -4.47 32.53 -.25 -4.17 32.89 -.25 -3.14
4 71 32.89 -.25 -3.14 32.53 -.25 -4.17 32.94 -.25 -4.06 33.25 -.25 -3.55
3 71 33.25 -.25 -3.55 32.94 -.25 -4.06 33.3 -.25 -4.06
3 71 33.25 -.25 -3.55 33.3 -.25 -4.06 33.61 -.25 -4.11
4 71 31.5 -.25 -8.33 31.45 -.25 -9.31 32.07 -.25 -9.36 32.22 -.25 -8.23
4 71 31.6 -.25 -7.46 31.5 -.25 -8.33 32.22 -.25 -8.23 32.43 -.25 -7.41
4 71 31.81 -.25 -6.48 31.6 -.25 -7.46 32.43 -.25 -7.41 32.69 -.25 -6.63
4 71 32.07 -.25 -5.71 31.81 -.25 -6.48 32.69 -.25 -6.63 33.05 -.25 -6.12
4 71 32.33 -.25 -5.19 32.07 -.25 -5.71 33.05 -.25 -6.12 32.53 -.25 -4.94
4 71 32.84 -.25 -4.78 32.53 -.25 -4.94 33.05 -.25 -6.12 33.15 -.25 -4.78
4 71 33.51 -.25 -4.89 33.15 -.25 -4.78 33.05 -.25 -6.12 33.41 -.25 -5.91
4 71 33.72 -.25 -5.04 33.51 -.25 -4.89 33.41 -.25 -5.91 33.72 -.25 -5.86
4 71 33.98 -.25 -5.35 33.72 -.25 -5.04 33.72 -.25 -5.86 33.98 -.25 -5.91
3 71 33.98 -.25 -5.35 33.98 -.25 -5.91 34.23 -.25 -6.07
4 71 32.58 -.25 -8.49 32.48 -.25 -9.36 33.41 -.25 -9.46 33.51 -.25 -8.74
4 71 32.58 -.25 -8.49 33.51 -.25 -8.74 33.67 -.25 -8.23 32.79 -.25 -7.56
4 71 32.79 -.25 -7.56 33.67 -.25 -8.23 33.87 -.25 -7.82 33.05 -.25 -6.84
4 71 33.3 -.25 -6.43 33.05 -.25 -6.84 33.87 -.25 -7.82 33.51 -.25 -6.33
4 71 33.51 -.25 -6.33 33.87 -.25 -7.82 34.08 -.25 -7.56 33.77 -.25 -6.33
4 71 34.03 -.25 -6.53 33.77 -.25 -6.33 34.08 -.25 -7.56 34.28 -.25 -6.79
3 71 34.28 -.25 -6.79 34.08 -.25 -7.56 34.34 -.25 -7.41
4 71 36.81 -.25 -6.69 36.14 -.25 -6.58 35.99 -.25 -7.51 37.38 -.25 -7.51
4 71 37.22 -.25 -6.74 36.81 -.25 -6.69 37.38 -.25 -7.51 37.94 -.25 -7.3
4 71 37.84 -.25 -8.18 37.94 -.25 -7.3 37.38 -.25 -7.51 37.27 -.25 -9.46
3 71 37.84 -.25 -8.18 37.27 -.25 -9.46 37.74 -.25 -9.46
4 71 36.35 -.25 -5.55 36.14 -.25 -6.58 36.81 -.25 -6.69 37.02 -.25 -5.71
4 71 36.6 -.25 -4.63 36.35 -.25 -5.55 37.02 -.25 -5.71 37.27 -.25 -4.83
4 71 36.91 -.25 -4.01 36.6 -.25 -4.63 37.27 -.25 -4.83 37.64 -.25 -3.96
4 71 37.27 -.25 -3.5 36.91 -.25 -4.01 37.64 -.25 -3.96 37.94 -.25 -3.39
4 71 37.74 -.25 -2.93 37.27 -.25 -3.5 37.94 -.25 -3.39 38.31 -.25 -2.88
4 71 38.1 -.25 -2.57 37.74 -.25 -2.93 38.31 -.25 -2.88 38.41 -.25 -2.62
3 71 38.41 -.25 -2.42 38.1 -.25 -2.57 38.41 -.25 -2.62
4 71 38.15 -.25 -6.02 37.43 -.25 -5.81 37.22 -.25 -6.74 37.94 -.25 -7.3
4 71 37.69 -.25 -4.99 37.43 -.25 -5.81 38.15 -.25 -6.02 38.46 -.25 -4.89
4 71 38.05 -.25 -4.11 37.69 -.25 -4.99 38.46 -.25 -4.89 38.82 -.25 -3.91
4 71 38.36 -.25 -3.55 38.05 -.25 -4.11 38.82 -.25 -3.91 39.13 -.25 -3.34
4 71 38.72 -.25 -2.98 38.36 -.25 -3.55 39.13 -.25 -3.34 39.03 -.25 -2.67
4 71 39.03 -.25 -2.67 39.13 -.25 -3.34 39.44 -.25 -2.98 39.34 -.25 -2.52
4 71 39.65 -.25 -2.52 39.34 -.25 -2.52 39.44 -.25 -2.98 39.85 -.25 -2.62
4 71 38.31 -.25 -8.18 38.2 -.25 -9.41 38.92 -.25 -9.36 39.03 -.25 -8.07
4 71 38.41 -.25 -7.3 38.31 -.25 -8.18 39.03 -.25 -8.07 39.23 -.25 -6.94
4 71 38.62 -.25 -6.02 38.41 -.25 -7.3 39.23 -.25 -6.94 39.54 -.25 -5.86
4 71 38.92 -.25 -4.89 38.62 -.25 -6.02 39.54 -.25 -5.86 39.8 -.25 -5.04
4 71 39.29 -.25 -3.96 38.92 -.25 -4.89 39.8 -.25 -5.04 40.11 -.25 -4.53
4 71 39.54 -.25 -3.5 39.29 -.25 -3.96 40.11 -.25 -4.53 40.42 -.25 -4.22
4 71 39.85 -.25 -3.19 39.54 -.25 -3.5 40.42 -.25 -4.22 40.26 -.25 -2.98
4 71 40.47 -.25 -2.98 40.26 -.25 -2.98 40.42 -.25 -4.22 40.83 -.25 -4.11
4 71 40.78 -.25 -3.19 40.47 -.25 -2.98 40.83 -.25 -4.11 41.14 -.25 -3.6
3 71 41.14 -.25 -3.6 40.83 -.25 -4.11 41.19 -.25 -4.11
3 71 41.14 -.25 -3.6 41.19 -.25 -4.11 41.5 -.25 -4.17
4 71 39.39 -.25 -8.38 39.34 -.25 -9.36 39.96 -.25 -9.41 40.11 -.25 -8.28
4 71 39.49 -.25 -7.51 39.39 -.25 -8.38 40.11 -.25 -8.28 40.32 -.25 -7.46
4 71 39.7 -.25 -6.53 39.49 -.25 -7.51 40.32 -.25 -7.46 40.57 -.25 -6.69
4 71 39.96 -.25 -5.76 39.7 -.25 -6.53 40.57 -.25 -6.69 40.94 -.25 -6.17
4 71 40.21 -.25 -5.25 39.96 -.25 -5.76 40.94 -.25 -6.17 40.42 -.25 -4.99
4 71 40.73 -.25 -4.83 40.42 -.25 -4.99 40.94 -.25 -6.17 41.04 -.25 -4.83
4 71 41.04 -.25 -4.83 40.94 -.25 -6.17 41.3 -.25 -5.97 41.4 -.25 -4.94
4 71 41.61 -.25 -5.09 41.4 -.25 -4.94 41.3 -.25 -5.97 41.61 -.25 -5.91
4 71 41.86 -.25 -5.4 41.61 -.25 -5.09 41.61 -.25 -5.91 41.86 -.25 -5.97
3 71 41.86 -.25 -5.4 41.86 -.25 -5.97 42.12 -.25 -6.12
4 71 40.47 -.25 -8.54 40.37 -.25 -9.41 41.3 -.25 -9.51 41.4 -.25 -8.79
4 71 40.47 -.25 -8.54 41.4 -.25 -8.79 41.55 -.25 -8.28 40.68 -.25 -7.61
4 71 40.68 -.25 -7.61 41.55 -.25 -8.28 41.76 -.25 -7.87 40.94 -.25 -6.89
4 71 40.94 -.25 -6.89 41.76 -.25 -7.87 41.97 -.25 -7.61 41.19 -.25 -6.48
4 71 41.4 -.25 -6.38 41.19 -.25 -6.48 41.97 -.25 -7.61 41.66 -.25 -6.38
4 71 41.91 -.25 -6.58 41.66 -.25 -6.38 41.97 -.25 -7.61 42.17 -.25 -6.84
3 71 42.17 -.25 -6.84 41.97 -.25 -7.61 42.22 -.25 -7.46
4 71 44.65 -.25 -6.69 43.98 -.25 -6.58 43.82 -.25 -7.51 45.21 -.25 -7.51
4 71 45.06 -.25 -6.74 44.65 -.25 -6.69 45.21 -.25 -7.51 45.78 -.25 -7.3
4 71 45.68 -.25 -8.18 45.78 -.25 -7.3 45.21 -.25 -7.51 45.11 -.25 -9.46
3 71 45.68 -.25 -8.18 45.11 -.25 -9.46 45.58 -.25 -9.46
4 71 44.18 -.25 -5.55 43.98 -.25 -6.58 44.65 -.25 -6.69 44.85 -.25 -5.71
4 71 44.44 -.25 -4.63 44.18 -.25 -5.55 44.85 -.25 -5.71 45.11 -.25 -4.83
4 71 44.75 -.25 -4.01 44.44 -.25 -4.63 45.11 -.25 -4.83 45.47 -.25 -3.96
4 71 45.11 -.25 -3.5 44.75 -.25 -4.01 45.47 -.25 -3.96 45.78 -.25 -3.39
4 71 45.58 -.25 -2.93 45.11 -.25 -3.5 45.78 -.25 -3.39 46.14 -.25 -2.88
4 71 45.94 -.25 -2.57 45.58 -.25 -2.93 46.14 -.25 -2.88 46.25 -.25 -2.62
3 71 46.25 -.25 -2.42 45.94 -.25 -2.57 46.25 -.25 -2.62
4 71 45.99 -.25 -6.02 45.27 -.25 -5.81 45.06 -.25 -6.74 45.78 -.25 -7.3
4 71 45.52 -.25 -4.99 45.27 -.25 -5.81 45.99 -.25 -6.02 46.3 -.25 -4.89
4 71 45.88 -.25 -4.11 45.52 -.25 -4.99 46.3 -.25 -4.89 46.66 -.25 -3.91
4 71 46.19 -.25 -3.55 45.88 -.25 -4.11 46.66 -.25 -3.91 46.97 -.25 -3.34
4 71 46.55 -.25 -2.98 46.19 -.25 -3.55 46.97 -.25 -3.34 46.86 -.25 -2.67
4 71 46.86 -.25 -2.67 46.97 -.25 -3.34 47.28 -.25 -2.98 47.17 -.25 -2.52
4 71 47.48 -.25 -2.52 47.17 -.25 -2.52 47.28 -.25 -2.98 47.69 -.25 -2.62
4 71 46.14 -.25 -8.18 46.04 -.25 -9.41 46.76 -.25 -9.36 46.86 -.25 -8.07
4 71 46.25 -.25 -7.3 46.14 -.25 -8.18 46.86 -.25 -8.07 47.07 -.25 -6.94
4 71 46.45 -.25 -6.02 46.25 -.25 -7.3 47.07 -.25 -6.94 47.38 -.25 -5.86
4 71 46.76 -.25 -4.89 46.45 -.25 -6.02 47.38 -.25 -5.86 47.64 -.25 -5.04
4 71 47.12 -.25 -3.96 46.76 -.25 -4.89 47.64 -.25 -5.04 47.95 -.25 -4.53
4 71 47.38 -.25 -3.5 47.12 -.25 -3.96 47.95 -.25 -4.53 48.26 -.25 -4.22
4 71 47.69 -.25 -3.19 47.38 -.25 -3.5 48.26 -.25 -4.22 48.1 -.25 -2.98
4 71 48.31 -.25 -2.98 48.1 -.25 -2.98 48.26 -.25 -4.22 48.62 -.25 -3.19
4 71 48.62 -.25 -3.19 48.26 -.25 -4.22 48.67 -.25 -4.11 48.98 -.25 -3.6
3 71 48.98 -.25 -3.6 48.67 -.25 -4.11 49.03 -.25 -4.11
3 71 48.98 -.25 -3.6 49.03 -.25 -4.11 49.34 -.25 -4.17
4 71 47.22 -.25 -8.38 47.17 -.25 -9.36 47.79 -.25 -9.41 47.95 -.25 -8.28
4 71 47.33 -.25 -7.51 47.22 -.25 -8.38 47.95 -.25 -8.28 48.15 -.25 -7.46
4 71 47.53 -.25 -6.53 47.33 -.25 -7.51 48.15 -.25 -7.46 48.41 -.25 -6.69
4 71 47.79 -.25 -5.76 47.53 -.25 -6.53 48.41 -.25 -6.69 48.77 -.25 -6.17
4 71 48.05 -.25 -5.25 47.79 -.25 -5.76 48.77 -.25 -6.17 48.26 -.25 -4.99
4 71 48.57 -.25 -4.83 48.26 -.25 -4.99 48.77 -.25 -6.17 49.13 -.25 -5.97
4 71 48.87 -.25 -4.83 48.57 -.25 -4.83 49.13 -.25 -5.97 49.24 -.25 -4.94
4 71 49.44 -.25 -5.09 49.24 -.25 -4.94 49.13 -.25 -5.97 49.7 -.25 -5.4
3 71 49.7 -.25 -5.4 49.13 -.25 -5.97 49.44 -.25 -5.91
3 71 49.7 -.25 -5.4 49.44 -.25 -5.91 49.7 -.25 -5.97
3 71 49.7 -.25 -5.4 49.7 -.25 -5.97 49.96 -.25 -6.12
4 71 48.31 -.25 -8.54 48.2 -.25 -9.41 49.13 -.25 -9.51 49.24 -.25 -8.79
4 71 48.31 -.25 -8.54 49.24 -.25 -8.79 49.39 -.25 -8.28 48.51 -.25 -7.61
4 71 48.51 -.25 -7.61 49.39 -.25 -8.28 49.6 -.25 -7.87 48.77 -.25 -6.89
4 71 49.03 -.25 -6.48 48.77 -.25 -6.89 49.6 -.25 -7.87 49.24 -.25 -6.38
4 71 49.49 -.25 -6.38 49.24 -.25 -6.38 49.6 -.25 -7.87 49.75 -.25 -6.58
4 71 49.75 -.25 -6.58 49.6 -.25 -7.87 49.8 -.25 -7.61 50.01 -.25 -6.84
3 71 50.01 -.25 -6.84 49.8 -.25 -7.61 50.06 -.25 -7.46
4 71 49.7 -.25 -8.74 49.6 -.25 -9.51 50.32 -.25 -9.51 50.37 -.25 -9.05
4 71 49.7 -.25 -8.74 50.37 -.25 -9.05 50.47 -.25 -8.64 49.8 -.25 -8.33
4 71 49.96 -.25 -8.02 49.8 -.25 -8.33 50.47 -.25 -8.64 50.16 -.25 -7.87
4 71 50.16 -.25 -7.87 50.47 -.25 -8.64 50.68 -.25 -8.23 50.68 -.25 -8.07
4 71 50.16 -.25 -7.87 50.68 -.25 -8.07 50.63 -.25 -7.92 50.42 -.25 -7.82
4 71 50.78 -.25 -9.05 50.73 -.25 -9.57 51.45 -.25 -9.62 52.02 -.25 -9.46
4 71 50.78 -.25 -9.05 52.02 -.25 -9.46 51.86 -.25 -8.64 50.94 -.25 -8.59
4 71 51.09 -.25 -8.28 50.94 -.25 -8.59 51.86 -.25 -8.64 51.71 -.25 -8.23
4 71 51.09 -.25 -8.28 51.71 -.25 -8.23 51.45 -.25 -8.07 51.25 -.25 -8.13
3 71 22.58 -.25 -8.13 22.48 -.25 -9.36 23.2 -.25 -9.31
3 212 -20.62 -.25 15.94 -20.73 -.25 9.67 -18.92 -.25 9.21
3 212 -18.92 -.25 9.21 -17.06 -.25 8.74 -20.62 -.25 15.94
3 212 5.52 -.25 6.79 7.22 -.25 6.69 0 -.25 15.94
3 212 7.22 -.25 6.69 9.95 -.25 6.53 0 -.25 15.94