0 Sticker  1.8 x  4.3 with Retro Control Panel (Formed)
0 Name: 6593121cc01.dat
0 Author: Philippe Hurbain [Philo]
0 !LDRAW_ORG Unofficial_Part
0 !LICENSE Licensed under CC BY 4.0 : see CAreadme.txt

0 BFC CERTIFY CCW

0 !CATEGORY Sticker
0 !KEYWORDS Bricklink 21367stk01, Brickowl 658207, Moon Rocket
0 !KEYWORDS Rebrickable 10116283, Set 21367, Tintin

1 16 0 0 0 1 0 0 0 1 0 0 0 1 s\3535b01.dat
1 378 -56.519 -36.5 3.5 0 -1 -.0989 -1.5 0 0 0 0 -1.5 1-4chrd.dat
1 378 -56.519 -3.5 3.5 0 -1 -.0989 1.5 0 0 0 0 -1.5 1-4chrd.dat
1 378 -3.5 -36.5 56.519 0 0 1.5 -1.5 0 0 0 1 .0989 1-4chrd.dat
1 378 -3.5 -3.5 56.519 0 0 1.5 1.5 0 0 0 1 .0989 1-4chrd.dat

4 0 -56.3824 -18.0738 5.597 -56.3748 -17.2933 5.7146 -56.3495 -17.4315 6.1018 -56.3593 -18.0738 5.9519
4 0 -56.2751 -21.2037 7.2442 -56.2645 -20.2683 7.4074 -56.2645 -22.8171 7.4074 -56.2722 -22.1462 7.2892
4 0 -51.2454 -9.7475 24.1183 -50.9085 -7.903 24.8023 -50.7211 -8.7972 25.1828 -50.8397 -9.7475 24.942
4 0 -52.0739 -28.7126 22.4366 -52.1015 -30.253 22.3805 -52.3797 -30.1251 21.8158 -52.3563 -29.4041 21.8634
4 0 -49.148 -32.8695 28.3761 -49.148 -33.3566 28.3761 -49.4749 -33.4924 27.7124 -49.4032 -33.0041 27.858
4 0 -49.148 -34.8728 28.3761 -52.4289 -34.8728 21.716 -52.4289 -34.3931 21.716 -49.148 -34.3931 28.3761
4 0 -49.8308 -31.7335 26.99 -50.1571 -32.1841 26.3276 -50.3894 -31.5551 25.8561 -50.0877 -31.299 26.4685
4 0 -50.5607 -26.5431 25.5084 -50.2773 -26.4685 26.0836 -50.2323 -27.6968 26.1749 -50.5497 -27.604 25.5306
4 0 -50.2651 -24.3847 26.1083 -49.5846 -24.5062 27.4898 -49.5521 -24.9861 27.5557 -50.3212 -24.8605 25.9945
4 0 -51.5394 -24.3847 23.5217 -50.8588 -24.5062 24.9032 -50.8263 -24.9861 24.9691 -51.5954 -24.8605 23.4078
4 0 -49.8077 -18.0251 27.0368 -49.148 -18.7441 28.3761 -49.4552 -19.0871 27.7524 -49.7728 -18.5088 27.1076
4 0 -45.0214 -15.2475 34.547 -45.0214 -15.7272 34.547 -49.148 -15.7272 28.3761 -49.148 -15.2475 28.3761
4 0 -48.1583 -22.9248 29.856 -47.6728 -22.8071 30.5821 -47.486 -23.6486 30.8614 -47.9684 -23.8636 30.1401
4 0 -47.4704 -21.746 30.8847 -47.4663 -20.9331 30.8909 -47.0633 -20.709 31.4936 -47.1274 -21.5743 31.3977
4 0 -46.1593 -20.4911 32.8453 -46.1529 -20.0207 32.8549 -45.0214 -20.0207 34.547 -45.0214 -20.4911 34.547
4 0 -45.5685 -20.9785 33.7289 -45.3893 -21.0479 33.9968 -45.4494 -21.7713 33.907 -45.7323 -21.4658 33.4839
4 0 -46.9222 -10.122 31.7045 -46.3999 -10.1001 32.4856 -46.3183 -10.9213 32.6076 -46.8234 -11.0872 31.8523
4 0 -46.164 -9.7771 32.8384 -46.0796 -8.7987 32.9645 -45.82 -8.8899 33.3528 -45.9076 -9.6635 33.2218
4 0 -55.0996 -10.881 13.2529 -55.2634 -10.6848 12.4311 -55.2412 -9.8627 12.5421 -55.0767 -9.9103 13.3676
4 0 -55.3232 -9.7759 12.1306 -55.4081 -9.4942 11.7048 -55.445 -8.7269 11.5197 -55.3507 -8.7972 11.9928
4 0 -55.8135 -10.3493 9.6705 -55.886 -10.3648 9.3065 -55.9418 -10.1179 9.0269 -55.7671 -10.0472 9.9033
4 0 -56.1644 -15.2475 7.9099 -54.814 -15.2475 14.6862 -54.814 -15.7272 14.6862 -56.1582 -15.7272 7.9406
4 0 -56.2645 -20.2683 7.4074 -56.175 -21.7019 7.8562 -56.1483 -22.5835 7.9903 -56.2645 -22.8171 7.4074
4 0 -55.3026 -32.942 12.2342 -55.4212 -33.4482 11.6393 -55.5245 -32.9116 11.1208 -55.3943 -32.4353 11.7738
4 0 -55.5506 -18.1315 10.9897 -55.3811 -18.1222 11.8403 -55.3581 -18.8742 11.9556 -55.5289 -18.8475 11.0988
4 0 -41.3577 -9.9103 38.7299 -42.015 -9.8627 37.9795 -42.0673 -9.0345 37.9197 -41.4049 -8.9361 38.6761
4 0 -42.4476 -10.7572 37.4855 -42.7129 -10.2809 37.1827 -42.6817 -9.4942 37.2182 -42.3427 -9.7759 37.6054
4 0 -41.2276 -18.0738 38.8784 -41.2276 -32.0465 38.8784 -41.5103 -32.0465 38.5557 -41.5103 -18.0738 38.5557
4 0 -42.2062 -20.5136 37.7612 -42.1382 -21.4974 37.8388 -42.8131 -21.9259 37.0683 -42.8156 -21.0328 37.0654
4 0 -43.4421 -23.2024 36.3501 -43.857 -22.774 35.8764 -43.7043 -22.0453 36.0508 -43.2382 -22.4364 36.5829
4 0 -42.9665 -28.3978 36.8931 -42.6718 -29.0879 37.2295 -43.1051 -29.4916 36.7349 -43.3734 -28.7975 36.4285
4 0 -54.4384 -21.2892 15.793 -54.6526 -21.2486 15.1618 -54.6899 -20.3621 15.0518 -54.4778 -20.3521 15.6769
4 0 -53.2771 -25.8124 19.2159 -53.437 -25.9225 18.7447 -53.5909 -25.7576 18.291 -53.6776 -25.3442 18.0355
4 0 -53.2387 -11.0872 19.3292 -52.9568 -10.9213 20.16 -52.8511 -11.6851 20.4714 -53.1203 -11.9984 19.6782
4 0 -52.8247 -10.7569 20.5492 -52.8706 -9.7771 20.4139 -52.7315 -9.7475 20.8241 -52.7 -10.4961 20.917
4 0 -56.3053 -33.8029 6.7806 -56.2645 -34.2051 7.4074 -56.2645 -34.697 7.4074 -56.3217 -34.1574 6.5287
4 0 -56.3545 -33.5495 6.0261 -56.3748 -32.8269 5.7146 -56.3495 -32.6888 6.1018 -56.3325 -33.2931 6.3634
4 0 -56.3824 -32.0465 5.597 -56.3824 -18.0738 5.597 -56.3593 -18.0738 5.9519 -56.3593 -32.0465 5.9519
4 0 -56.3053 -16.3174 6.7806 -56.3217 -15.9629 6.5287 -56.2645 -15.4233 7.4074 -56.2645 -15.9151 7.4074
4 0 -56.3217 -15.9629 6.5287 -56.3053 -16.3174 6.7806 -56.3325 -16.8272 6.3634 -56.3545 -16.5707 6.0261
4 0 -56.3217 -34.1574 6.5287 -56.3545 -33.5495 6.0261 -56.3325 -33.2931 6.3634 -56.3053 -33.8029 6.7806
4 0 -56.3824 -32.0465 5.597 -56.3593 -32.0465 5.9519 -56.3495 -32.6888 6.1018 -56.3748 -32.8269 5.7146
4 0 -56.3545 -16.5707 6.0261 -56.3325 -16.8272 6.3634 -56.3495 -17.4315 6.1018 -56.3748 -17.2933 5.7146
4 0 -56.3237 -10.1001 6.4988 -56.3149 -10.9213 6.633 -56.3464 -11.9984 6.1512 -56.3692 -11.0872 5.8022
3 0 -56.3692 -11.0872 5.8022 -56.3798 -10.122 5.6397 -56.3237 -10.1001 6.4988
4 0 -56.3237 -10.1001 6.4988 -56.3798 -10.122 5.6397 -56.378 -9.1432 5.6687 -56.3228 -9.2734 6.5132
4 0 -56.3023 -6.4944 6.828 -56.2645 -7.2582 7.4074 -56.2887 -7.7055 7.0356 -56.3386 -7.2943 6.2709
3 0 -56.3023 -6.4944 6.828 -56.2645 -5.9969 7.4074 -56.2645 -7.2582 7.4074
4 0 -56.3638 -8.191 5.8859 -56.3109 -8.4629 6.6944 -56.3228 -9.2734 6.5132 -56.378 -9.1432 5.6687
4 0 -56.3638 -8.191 5.8859 -56.3386 -7.2943 6.2709 -56.2887 -7.7055 7.0356 -56.3109 -8.4629 6.6944
4 0 -56.2645 -13.539 7.4074 -56.3121 -12.8219 6.677 -56.2947 -11.6851 6.9444 -56.2645 -12.3509 7.4074
4 0 -56.3121 -12.8219 6.677 -56.3464 -11.9984 6.1512 -56.3149 -10.9213 6.633 -56.2947 -11.6851 6.9444
3 0 -56.2645 -10.5201 7.4074 -56.2645 -11.6563 7.4074 -56.2896 -10.7569 7.0223
4 0 -56.2709 -9.6635 7.3087 -56.2645 -10.5201 7.4074 -56.2896 -10.7569 7.0223 -56.2984 -9.7771 6.8869
4 0 -56.2894 -8.7987 7.0257 -56.2645 -9.1339 7.4074 -56.2709 -9.6635 7.3087 -56.2984 -9.7771 6.8869
3 0 -56.2894 -8.7987 7.0257 -56.2645 -7.9495 7.4074 -56.2645 -9.1339 7.4074
4 0 -52.4289 -6.5722 21.716 -52.4289 -5.5625 21.716 -51.8842 -5.2426 22.8216 -52.07 -6.2841 22.4445
4 0 -50.7068 -6.3397 25.2118 -51.0322 -6.8928 24.5512 -51.3435 -6.4466 23.9193 -51.0503 -5.7395 24.5144
4 0 -51.0322 -6.8928 24.5512 -50.7068 -6.3397 25.2118 -50.4384 -7.1134 25.7565 -50.7882 -7.5145 25.0465
4 0 -50.2458 -7.9924 26.1476 -50.6138 -8.2437 25.4006 -50.7882 -7.5145 25.0465 -50.4384 -7.1134 25.7565
4 0 -50.6138 -8.2437 25.4006 -50.2458 -7.9924 26.1476 -50.1319 -8.9361 26.3788 -50.5045 -9.0345 25.6224
4 0 -50.475 -9.8627 25.6822 -50.1054 -9.9103 26.4326 -50.1567 -10.881 26.3284 -50.5247 -10.6848 25.5813
4 0 -50.6462 -11.4688 25.3348 -50.5247 -10.6848 25.5813 -50.1567 -10.881 26.3284 -50.2858 -11.8132 26.0664
4 0 -51.564 -14.2461 23.4717 -51.999 -14.2656 22.5887 -52.1511 -13.2456 22.2798 -51.7819 -13.3233 23.0293
4 0 -51.999 -14.2656 22.5887 -52.4289 -14.0126 21.716 -52.4289 -12.957 21.716 -52.1511 -13.2456 22.2798
4 0 -50.7914 -13.3944 25.04 -51.1514 -13.9428 24.3091 -51.4187 -13.1664 23.7665 -51.0964 -12.7654 24.4209
4 0 -50.2858 -11.8132 26.0664 -50.4986 -12.6698 25.6343 -50.8338 -12.1859 24.9538 -50.6462 -11.4688 25.3348
4 0 -51.4533 -5.3767 23.6964 -51.7015 -6.2527 23.1926 -52.07 -6.2841 22.4445 -51.8842 -5.2426 22.8216
4 0 -51.0503 -5.7395 24.5144 -51.3435 -6.4466 23.9193 -51.7015 -6.2527 23.1926 -51.4533 -5.3767 23.6964
4 0 -51.1514 -13.9428 24.3091 -51.564 -14.2461 23.4717 -51.7819 -13.3233 23.0293 -51.4187 -13.1664 23.7665
4 0 -50.4986 -12.6698 25.6343 -50.7914 -13.3944 25.04 -51.0964 -12.7654 24.4209 -50.8338 -12.1859 24.9538
4 0 -50.1054 -9.9103 26.4326 -50.475 -9.8627 25.6822 -50.5045 -9.0345 25.6224 -50.1319 -8.9361 26.3788
3 0 -52.4289 -7.7635 21.716 -52.4289 -7.1531 21.716 -51.6829 -9.7475 23.2302
4 0 -52.4289 -7.1531 21.716 -52.0545 -6.7786 22.4759 -51.613 -6.775 23.3722 -51.6829 -9.7475 23.2302
3 0 -51.613 -6.775 23.3722 -51.2112 -7.1847 24.1878 -51.6829 -9.7475 23.2302
4 0 -51.2454 -9.7475 24.1183 -51.6829 -9.7475 23.2302 -51.2112 -7.1847 24.1878 -50.9085 -7.903 24.8023
4 0 -50.7211 -8.7972 25.1828 -50.6593 -9.7759 25.3081 -50.8898 -10.4926 24.8402 -50.8397 -9.7475 24.942
4 0 -51.223 -11.7919 24.1639 -51.0205 -11.1895 24.5749 -50.7183 -10.7572 25.1883 -50.9066 -11.6539 24.8062
4 0 -51.5008 -12.2167 23.5999 -51.223 -11.7919 24.1639 -50.9066 -11.6539 24.8062 -51.2133 -12.3651 24.1835
4 0 -51.8312 -12.3579 22.9292 -51.5008 -12.2167 23.5999 -51.2133 -12.3651 24.1835 -51.6146 -12.7724 23.369
4 0 -52.1593 -12.1909 22.2631 -51.8312 -12.3579 22.9292 -51.6146 -12.7724 23.369 -52.0543 -12.7822 22.4764
4 0 -52.0543 -12.7822 22.4764 -52.4289 -12.4049 21.716 -52.4289 -11.8051 21.716 -52.1593 -12.1909 22.2631
4 0 -50.6593 -9.7759 25.3081 -50.7183 -10.7572 25.1883 -51.0205 -11.1895 24.5749 -50.8898 -10.4926 24.8402
3 0 -52.4289 -9.7475 21.716 -52.4289 -7.7635 21.716 -51.6829 -9.7475 23.2302
4 0 -52.4289 -15.2475 21.716 -49.148 -15.2475 28.3761 -49.148 -15.7272 28.3761 -52.4289 -15.7272 21.716
4 0 -52.4289 -19.1659 21.716 -52.4289 -18.6437 21.716 -52.224 -18.2537 22.1319 -52.1553 -18.6289 22.2713
4 0 -52.1553 -18.6289 22.2713 -52.224 -18.2537 22.1319 -51.9744 -17.9539 22.6386 -51.878 -18.3349 22.8343
3 0 -51.9744 -17.9539 22.6386 -51.7317 -17.8483 23.1312 -51.878 -18.3349 22.8343
4 0 -51.878 -18.3349 22.8343 -51.7317 -17.8483 23.1312 -51.4891 -17.9539 23.6238 -51.5854 -18.3349 23.4281
4 0 -51.3081 -18.6289 23.9911 -51.5854 -18.3349 23.4281 -51.4891 -17.9539 23.6238 -51.2394 -18.2537 24.1305
4 0 -51.2394 -18.2537 24.1305 -49.148 -22.6057 28.3761 -49.148 -23.2509 28.3761 -51.3081 -18.6289 23.9911
3 0 -52.4289 -23.9254 21.716 -52.2165 -24.1021 22.1472 -52.0968 -24.5062 22.3901
4 0 -52.4289 -25.8916 21.716 -52.4289 -23.9254 21.716 -52.0968 -24.5062 22.3901 -52.0643 -24.9861 22.456
4 0 -52.2699 -25.8124 22.0387 -52.4289 -25.8916 21.716 -52.0643 -24.9861 22.456 -52.1234 -25.4579 22.336
4 0 -52.4289 -26.9483 21.716 -52.2172 -27.4779 22.1458 -52.1144 -28.0737 22.3544 -52.4289 -28.7032 21.716
3 0 -52.2358 -31.0586 22.108 -52.4289 -31.5915 21.716 -52.4289 -30.3687 21.716
4 0 -52.2358 -31.0586 22.108 -52.4289 -30.3687 21.716 -52.3797 -30.1251 21.8158 -52.1015 -30.253 22.3805
4 0 -52.1144 -28.0737 22.3544 -52.0739 -28.7126 22.4366 -52.3563 -29.4041 21.8634 -52.4289 -28.7032 21.716
4 0 -52.4289 -33.4924 21.716 -52.4289 -33.0041 21.716 -49.4032 -33.0041 27.858 -49.4749 -33.4924 27.7124
4 0 -49.4334 -28.7126 27.7967 -49.461 -30.253 27.7406 -49.7392 -30.1251 27.1759 -49.7158 -29.4041 27.2234
4 0 -50.9065 -32.0667 24.8064 -51.204 -31.5277 24.2024 -51.4038 -30.795 23.7968 -50.9735 -31.0612 24.6704
4 0 -51.4038 -30.795 23.7968 -51.4967 -29.9619 23.6082 -51.2312 -29.7632 24.1472 -51.153 -30.4658 24.306
4 0 -50.1571 -32.1841 26.3276 -50.5364 -32.2873 25.5577 -50.7059 -31.4711 25.2135 -50.3894 -31.5551 25.8561
4 0 -50.5364 -32.2873 25.5577 -50.9065 -32.0667 24.8064 -50.9735 -31.0612 24.6704 -50.7059 -31.4711 25.2135
3 0 -51.4038 -30.795 23.7968 -51.153 -30.4658 24.306 -50.9735 -31.0612 24.6704
4 0 -49.461 -30.253 27.7406 -49.5953 -31.0586 27.468 -49.8616 -30.7916 26.9275 -49.7392 -30.1251 27.1759
4 0 -49.5953 -31.0586 27.468 -49.8308 -31.7335 26.99 -50.0877 -31.299 26.4685 -49.8616 -30.7916 26.9275
4 0 -51.2036 -29.046 24.2033 -51.2312 -29.7632 24.1472 -51.4967 -29.9619 23.6082 -51.4813 -29.1036 23.6394
4 0 -50.8474 -27.8694 24.9264 -51.0725 -28.3878 24.4693 -51.3843 -28.2727 23.8363 -51.0289 -27.2672 24.5579
3 0 -50.8107 -26.8519 25.0008 -50.5607 -26.5431 25.5084 -50.5497 -27.604 25.5306
4 0 -50.2773 -26.4685 26.0836 -50.0013 -26.6362 26.6439 -49.7597 -26.9857 27.1343 -50.2323 -27.6968 26.1749
4 0 -49.4739 -28.0737 27.7145 -49.9675 -28.1 26.7124 -49.7597 -26.9857 27.1343 -49.5767 -27.4779 27.5058
4 0 -49.9675 -28.1 26.7124 -49.4739 -28.0737 27.7145 -49.4334 -28.7126 27.7967 -49.7909 -28.7033 27.0711
3 0 -49.4334 -28.7126 27.7967 -49.7158 -29.4041 27.2234 -49.7909 -28.7033 27.0711
4 0 -51.4813 -29.1036 23.6394 -51.3843 -28.2727 23.8363 -51.0725 -28.3878 24.4693 -51.2036 -29.046 24.2033
3 0 -49.7597 -26.9857 27.1343 -49.9675 -28.1 26.7124 -50.2323 -27.6968 26.1749
4 0 -51.0289 -27.2672 24.5579 -50.8107 -26.8519 25.0008 -50.5497 -27.604 25.5306 -50.8474 -27.8694 24.9264
4 0 -50.3212 -24.8605 25.9945 -49.5521 -24.9861 27.5557 -49.6112 -25.4579 27.4357 -50.2863 -25.3442 26.0653
4 0 -49.9687 -25.9225 26.71 -50.2863 -25.3442 26.0653 -49.6112 -25.4579 27.4357 -49.7577 -25.8124 27.1384
3 0 -49.9687 -25.9225 26.71 -50.1719 -25.7576 26.2976 -50.2863 -25.3442 26.0653
4 0 -50.2651 -24.3847 26.1083 -50.116 -24.0276 26.411 -49.9036 -23.921 26.8421 -49.5846 -24.5062 27.4898
3 0 -49.9036 -23.921 26.8421 -49.7042 -24.1021 27.2469 -49.5846 -24.5062 27.4898
4 0 -50.8855 -25.4579 24.849 -51.0319 -25.8124 24.5518 -51.243 -25.9225 24.1233 -51.5606 -25.3442 23.4786
3 0 -51.243 -25.9225 24.1233 -51.4461 -25.7576 23.7109 -51.5606 -25.3442 23.4786
4 0 -50.8855 -25.4579 24.849 -51.5606 -25.3442 23.4786 -51.5954 -24.8605 23.4078 -50.8263 -24.9861 24.9691
4 0 -51.5394 -24.3847 23.5217 -51.3903 -24.0276 23.8243 -51.1779 -23.921 24.2555 -50.8588 -24.5062 24.9032
3 0 -51.1779 -23.921 24.2555 -50.9785 -24.1021 24.6602 -50.8588 -24.5062 24.9032
3 0 -49.148 -18.7441 28.3761 -49.2442 -18.977 28.1808 -49.4552 -19.0871 27.7524
3 0 -49.4552 -19.0871 27.7524 -49.6584 -18.9222 27.3399 -49.7728 -18.5088 27.1076
4 0 -49.148 -18.7441 28.3761 -49.8077 -18.0251 27.0368 -49.7516 -17.5493 27.1507 -49.148 -17.4111 28.3761
4 0 -49.7516 -17.5493 27.1507 -49.6025 -17.1922 27.4533 -49.3901 -17.0856 27.8845 -49.148 -17.4111 28.3761
3 0 -49.3901 -17.0856 27.8845 -49.1908 -17.2667 28.2892 -49.148 -17.4111 28.3761
4 0 -49.0798 -18.6225 28.4781 -49.148 -18.7441 28.3761 -49.148 -17.4111 28.3761 -48.9995 -18.1507 28.5981
3 0 -49.148 -17.4111 28.3761 -49.0436 -17.6708 28.5322 -48.9995 -18.1507 28.5981
3 0 -48.6484 -23.4818 29.1231 -48.503 -24.0205 29.3406 -48.7886 -23.9821 28.9136
4 0 -48.8747 -23.0245 28.7847 -48.6484 -23.4818 29.1231 -48.7886 -23.9821 28.9136 -49.0334 -23.4315 28.5474
4 0 -48.7886 -23.9821 28.9136 -48.503 -24.0205 29.3406 -48.457 -24.6072 29.4093 -48.704 -24.6475 29.04
4 0 -48.5027 -32.0358 29.341 -48.6322 -32.6329 29.1474 -48.874 -33.1243 28.7858 -48.8405 -32.4015 28.8359
4 0 -49.148 -33.3566 28.3761 -49.148 -32.8695 28.3761 -48.8405 -32.4015 28.8359 -48.874 -33.1243 28.7858
4 0 -48.4595 -31.4077 29.4057 -48.5027 -32.0358 29.341 -48.8405 -32.4015 28.8359 -48.7358 -31.7821 28.9925
4 0 -49.148 -22.6057 28.3761 -48.8747 -23.0245 28.7847 -49.0334 -23.4315 28.5474 -49.148 -23.2509 28.3761
4 0 -48.457 -24.6072 29.4093 -48.4595 -31.4077 29.4057 -48.7358 -31.7821 28.9925 -48.704 -24.6475 29.04
4 0 -49.148 -34.3931 28.3761 -45.0214 -34.3931 34.547 -45.0214 -34.8728 34.547 -49.148 -34.8728 28.3761
4 0 -45.2745 -33.7184 34.1686 -45.1577 -33.0442 34.3432 -45.0214 -33.0636 34.547 -45.0214 -33.7799 34.547
4 0 -46.1172 -31.4617 32.9083 -45.9005 -32.146 33.2324 -46.0649 -32.8721 32.9865 -46.325 -32.2127 32.5976
3 0 -46.325 -32.2127 32.5976 -46.4949 -31.4787 32.3435 -46.1172 -31.4617 32.9083
4 0 -46.1172 -31.4617 32.9083 -46.4949 -31.4787 32.3435 -46.5736 -30.7006 32.2258 -46.2045 -30.7032 32.7777
4 0 -45.7796 -28.5532 33.4132 -46.0422 -29.1928 33.0205 -46.4359 -29.1521 32.4317 -46.232 -28.4421 32.7367
4 0 -45.0214 -27.8655 34.547 -45.4091 -28.0793 33.9672 -45.9268 -27.8415 33.1931 -45.5412 -27.3837 33.7697
4 0 -46.232 -28.4421 32.7367 -45.9268 -27.8415 33.1931 -45.4091 -28.0793 33.9672 -45.7796 -28.5532 33.4132
3 0 -45.5412 -27.3837 33.7697 -45.0214 -27.1442 34.547 -45.0214 -27.8655 34.547
4 0 -46.5524 -29.9144 32.2576 -46.4359 -29.1521 32.4317 -46.0422 -29.1928 33.0205 -46.1818 -29.932 32.8117
4 0 -45.2745 -33.7184 34.1686 -45.708 -33.399 33.5203 -45.5747 -32.6973 33.7195 -45.1577 -33.0442 34.3432
4 0 -45.708 -33.399 33.5203 -46.0649 -32.8721 32.9865 -45.9005 -32.146 33.2324 -45.5747 -32.6973 33.7195
4 0 -46.5736 -30.7006 32.2258 -46.5524 -29.9144 32.2576 -46.1818 -29.932 32.8117 -46.2045 -30.7032 32.7777
4 0 -45.3483 -32.2887 34.0582 -45.1166 -32.0642 34.4047 -45.0214 -32.0849 34.547 -45.0214 -32.5323 34.547
4 0 -45.5982 -31.2619 33.6845 -45.7973 -31.3563 33.3867 -45.8951 -30.7758 33.2405 -45.6945 -30.7105 33.5404
4 0 -45.6859 -30.1321 33.5533 -45.6945 -30.7105 33.5404 -45.8951 -30.7758 33.2405 -45.8933 -30.1744 33.2431
4 0 -45.5743 -29.5821 33.7202 -45.6859 -30.1321 33.5533 -45.8933 -30.1744 33.2431 -45.7997 -29.5903 33.3831
4 0 -45.3607 -29.1304 34.0395 -45.5743 -29.5821 33.7202 -45.7997 -29.5903 33.3831 -45.6155 -29.0708 33.6585
4 0 -45.0214 -28.8606 34.547 -45.3607 -29.1304 34.0395 -45.6155 -29.0708 33.6585 -45.3447 -28.6629 34.0635
3 0 -45.3447 -28.6629 34.0635 -45.0214 -28.4319 34.547 -45.0214 -28.8606 34.547
4 0 -45.7973 -31.3563 33.3867 -45.5982 -31.2619 33.6845 -45.4011 -31.7338 33.9792 -45.6126 -31.8751 33.6629
4 0 -45.6126 -31.8751 33.6629 -45.4011 -31.7338 33.9792 -45.1166 -32.0642 34.4047 -45.3483 -32.2887 34.0582
3 0 -45.2425 -31.414 34.2164 -45.4104 -30.9878 33.9653 -45.2044 -30.8434 34.2733
4 0 -45.2471 -30.4046 34.2095 -45.2044 -30.8434 34.2733 -45.4104 -30.9878 33.9653 -45.4651 -30.4926 33.8835
4 0 -45.4651 -30.4926 33.8835 -45.4076 -29.993 33.9694 -45.1815 -29.981 34.3075 -45.2471 -30.4046 34.2095
3 0 -45.2524 -29.5539 34.2015 -45.0214 -29.31 34.547 -45.0214 -29.7459 34.547
4 0 -45.4076 -29.993 33.9694 -45.2524 -29.5539 34.2015 -45.0214 -29.7459 34.547 -45.1815 -29.981 34.3075
4 0 -45.0214 -31.6167 34.547 -45.2425 -31.414 34.2164 -45.2044 -30.8434 34.2733 -45.0214 -31.2122 34.547
4 0 -45.0214 -25.6185 34.547 -45.0214 -26.6117 34.547 -45.7083 -26.7274 33.5198 -45.2809 -25.7425 34.1589
4 0 -46.3402 -25.4822 32.5748 -45.8209 -25.7263 33.3514 -45.7083 -26.7274 33.5198 -46.2926 -26.5216 32.6461
3 0 -45.2809 -25.7425 34.1589 -45.7083 -26.7274 33.5198 -45.8209 -25.7263 33.3514
4 0 -47.486 -23.6486 30.8614 -47.181 -24.3844 31.3176 -47.3111 -25.5056 31.1229 -47.6884 -24.7358 30.5587
3 0 -47.6884 -24.7358 30.5587 -47.9684 -23.8636 30.1401 -47.486 -23.6486 30.8614
4 0 -47.6628 -20.1471 30.597 -47.7542 -21.0272 30.4604 -48.2551 -20.9609 29.7113 -48.1711 -19.9824 29.8368
4 0 -48.2551 -20.9609 29.7113 -47.7542 -21.0272 30.4604 -47.7568 -21.9221 30.4565 -48.2579 -21.9485 29.7072
4 0 -47.4687 -19.3131 30.8873 -47.6628 -20.1471 30.597 -48.1711 -19.9824 29.8368 -47.9725 -19.0492 30.1339
4 0 -47.181 -18.5565 31.3174 -47.4687 -19.3131 30.8873 -47.9725 -19.0492 30.1339 -47.6754 -18.1899 30.5782
4 0 -47.6754 -18.1899 30.5782 -47.2876 -17.4392 31.1581 -46.8004 -17.9229 31.8866 -47.181 -18.5565 31.3174
4 0 -45.8178 -17.2234 33.356 -46.3395 -17.4571 32.5759 -46.8172 -16.8239 31.8616 -46.2687 -16.4395 32.6817
4 0 -45.6868 -16.2117 33.5519 -45.0214 -16.3469 34.547 -45.0214 -17.3385 34.547 -45.2777 -17.2275 34.1637
4 0 -46.2687 -16.4395 32.6817 -45.6868 -16.2117 33.5519 -45.2777 -17.2275 34.1637 -45.8178 -17.2234 33.356
4 0 -48.2579 -21.9485 29.7072 -47.7568 -21.9221 30.4565 -47.6728 -22.8071 30.5821 -48.1583 -22.9248 29.856
4 0 -46.2926 -26.5216 32.6461 -46.8313 -26.0926 31.8405 -46.8029 -25.0235 31.8829 -46.3402 -25.4822 32.5748
4 0 -47.2876 -17.4392 31.1581 -46.8172 -16.8239 31.8616 -46.3395 -17.4571 32.5759 -46.8004 -17.9229 31.8866
4 0 -46.8313 -26.0926 31.8405 -47.3111 -25.5056 31.1229 -47.181 -24.3844 31.3176 -46.8029 -25.0235 31.8829
4 0 -45.5127 -24.5104 33.8123 -45.0214 -24.296 34.547 -45.0214 -25.0618 34.547 -45.2652 -25.1948 34.1824
4 0 -46.0305 -24.3337 33.038 -45.5127 -24.5104 33.8123 -45.2652 -25.1948 34.1824 -45.7544 -25.215 33.4509
4 0 -46.6403 -24.5819 32.1261 -46.0305 -24.3337 33.038 -45.7544 -25.215 33.4509 -46.228 -25.0166 32.7426
4 0 -46.8269 -23.2447 31.8471 -46.4953 -23.9186 32.3429 -46.6403 -24.5819 32.1261 -46.9842 -24.0044 31.6117
4 0 -47.0329 -22.4316 31.539 -46.8269 -23.2447 31.8471 -46.9842 -24.0044 31.6117 -47.2475 -23.3231 31.2181
4 0 -47.4704 -21.746 30.8847 -47.0329 -22.4316 31.539 -47.2475 -23.3231 31.2181 -47.4008 -22.5554 30.9888
3 0 -47.0329 -22.4316 31.539 -47.4704 -21.746 30.8847 -47.1274 -21.5743 31.3977
4 0 -46.8817 -19.8896 31.7651 -47.0633 -20.709 31.4936 -47.4663 -20.9331 30.8909 -47.363 -20.1436 31.0453
4 0 -46.5737 -19.18 32.2257 -46.8817 -19.8896 31.7651 -47.363 -20.1436 31.0453 -47.1589 -19.4039 31.3505
4 0 -46.503 -18.2186 32.3314 -46.5737 -19.18 32.2257 -47.1589 -19.4039 31.3505 -46.8741 -18.745 31.7765
4 0 -45.6278 -18.4711 33.6402 -46.1405 -18.6784 32.8734 -46.503 -18.2186 32.3314 -46.0601 -17.8781 32.9937
4 0 -46.0601 -17.8781 32.9937 -45.5775 -17.7465 33.7155 -45.0214 -17.8803 34.547 -45.6278 -18.4711 33.6402
3 0 -45.6278 -18.4711 33.6402 -45.0214 -17.8803 34.547 -45.0214 -18.6325 34.547
3 0 -46.6403 -24.5819 32.1261 -46.4953 -23.9186 32.3429 -46.0305 -24.3337 33.038
3 0 -46.503 -18.2186 32.3314 -46.1405 -18.6784 32.8734 -46.5737 -19.18 32.2257
4 0 -46.1593 -20.4911 32.8453 -46.2644 -20.3516 32.6883 -46.2627 -20.1388 32.6907 -46.1529 -20.0207 32.8549
4 0 -45.7323 -21.4658 33.4839 -46.2425 -23.367 32.7209 -46.3386 -23.4093 32.5773 -46.3344 -23.2424 32.5835
3 0 -45.7323 -21.4658 33.4839 -45.715 -21.1621 33.5098 -45.5685 -20.9785 33.7289
4 0 -45.2946 -21.6074 34.1385 -45.4494 -21.7713 33.907 -45.3893 -21.0479 33.9968 -45.2854 -21.3014 34.1522
3 0 -45.4494 -21.7713 33.907 -46.2425 -23.367 32.7209 -45.7323 -21.4658 33.4839
4 0 -45.4518 -12.8901 33.9033 -45.0214 -13.2456 34.547 -45.0214 -14.165 34.547 -45.3647 -14.0126 34.0336
4 0 -45.8297 -12.351 33.3383 -45.4518 -12.8901 33.9033 -45.3647 -14.0126 34.0336 -45.8725 -13.5145 33.2742
3 0 -46.6112 -11.9984 32.1696 -46.8234 -11.0872 31.8523 -46.3183 -10.9213 32.6076
4 0 -46.2916 -12.8219 32.6475 -46.6112 -11.9984 32.1696 -46.3183 -10.9213 32.6076 -46.129 -11.6851 32.8907
4 0 -46.9046 -9.1432 31.7309 -46.3912 -9.2734 32.4986 -46.3999 -10.1001 32.4856 -46.9222 -10.122 31.7045
4 0 -46.281 -8.4629 32.6633 -46.3912 -9.2734 32.4986 -46.9046 -9.1432 31.7309 -46.7726 -8.191 31.9283
4 0 -45.7534 -7.0718 33.4523 -46.0736 -7.7055 32.9735 -46.5384 -7.2943 32.2784 -46.1998 -6.4944 32.7848
4 0 -45.3612 -6.5576 34.0388 -45.7534 -7.0718 33.4523 -46.1998 -6.4944 32.7848 -45.7507 -5.86 33.4564
3 0 -45.2163 -5.4467 34.2555 -45.0214 -5.3778 34.547 -45.0214 -6.3598 34.547
4 0 -45.7507 -5.86 33.4564 -45.2163 -5.4467 34.2555 -45.0214 -6.3598 34.547 -45.3612 -6.5576 34.0388
4 0 -45.8725 -13.5145 33.2742 -46.2916 -12.8219 32.6475 -46.129 -11.6851 32.8907 -45.8297 -12.351 33.3383
4 0 -46.7726 -8.191 31.9283 -46.5384 -7.2943 32.2784 -46.0736 -7.7055 32.9735 -46.281 -8.4629 32.6633
4 0 -45.3871 -11.7907 34 -45.0214 -12.1718 34.547 -45.0214 -12.6676 34.547 -45.4151 -12.37 33.9583
4 0 -45.6879 -11.1803 33.5502 -45.3871 -11.7907 34 -45.4151 -12.37 33.9583 -45.8304 -11.6563 33.3372
4 0 -45.8648 -10.4488 33.2857 -45.6879 -11.1803 33.5502 -45.8304 -11.6563 33.3372 -46.0817 -10.7569 32.9614
4 0 -45.9076 -9.6635 33.2218 -45.8648 -10.4488 33.2857 -46.0817 -10.7569 32.9614 -46.164 -9.7771 32.8384
4 0 -45.6093 -8.1823 33.6678 -45.82 -8.8899 33.3528 -46.0796 -8.7987 32.9645 -45.8335 -7.8978 33.3326
4 0 -45.6093 -8.1823 33.6678 -45.8335 -7.8978 33.3326 -45.4151 -7.1877 33.9582 -45.284 -7.606 34.1544
4 0 -45.0214 -6.8921 34.547 -45.0214 -7.3908 34.547 -45.284 -7.606 34.1544 -45.4151 -7.1877 33.9582
4 0 -56.2645 -7.2582 7.4074 -56.2645 -5.9969 7.4074 -56.0576 -5.4467 8.4458 -56.1051 -6.5576 8.2074
4 0 -55.787 -6.2527 9.8036 -55.951 -6.2841 8.9806 -56.0576 -5.4467 8.4458 -55.8683 -5.2426 9.3955
3 0 -56.1051 -6.5576 8.2074 -56.0576 -5.4467 8.4458 -55.951 -6.2841 8.9806
4 0 -55.6277 -6.4467 10.6029 -55.787 -6.2527 9.8036 -55.8683 -5.2426 9.3955 -55.6765 -5.3767 10.3577
4 0 -55.4892 -6.8928 11.2981 -55.6277 -6.4467 10.6029 -55.6765 -5.3767 10.3577 -55.4972 -5.7395 11.2576
4 0 -55.3806 -7.5145 11.8428 -55.4892 -6.8928 11.2981 -55.4972 -5.7395 11.2576 -55.3444 -6.3397 12.0247
4 0 -55.2543 -9.0345 12.4764 -55.303 -8.2437 12.2324 -55.2249 -7.1134 12.6239 -55.1392 -7.9924 13.054
4 0 -55.2412 -9.8627 12.5421 -55.2543 -9.0345 12.4764 -55.1392 -7.9924 13.054 -55.0885 -8.9361 13.3084
3 0 -55.0885 -8.9361 13.3084 -55.0767 -9.9103 13.3676 -55.2412 -9.8627 12.5421
4 0 -55.157 -11.8132 12.9648 -55.2517 -12.6698 12.4894 -55.4009 -12.1859 11.7409 -55.3174 -11.4688 12.16
4 0 -55.5177 -12.7654 11.1547 -55.4009 -12.1859 11.7409 -55.2517 -12.6698 12.4894 -55.382 -13.3944 11.8357
4 0 -55.6612 -13.1664 10.4349 -55.5177 -12.7654 11.1547 -55.382 -13.3944 11.8357 -55.5422 -13.9428 11.0317
4 0 -55.8228 -13.3233 9.6239 -55.6612 -13.1664 10.4349 -55.5422 -13.9428 11.0317 -55.7258 -14.2461 10.1105
4 0 -55.9871 -13.2456 8.7995 -55.8228 -13.3233 9.6239 -55.7258 -14.2461 10.1105 -55.9194 -14.2656 9.1393
4 0 -56.2645 -12.3509 7.4074 -56.1348 -12.8901 8.0584 -56.1062 -14.0126 8.2016 -56.2645 -13.539 7.4074
4 0 -55.9194 -14.2656 9.1393 -56.1062 -14.0126 8.2016 -56.1348 -12.8901 8.0584 -55.9871 -13.2456 8.7995
4 0 -55.0996 -10.881 13.2529 -55.157 -11.8132 12.9648 -55.3174 -11.4688 12.16 -55.2634 -10.6848 12.4311
4 0 -55.3444 -6.3397 12.0247 -55.2249 -7.1134 12.6239 -55.303 -8.2437 12.2324 -55.3806 -7.5145 11.8428
4 0 -56.0797 -7.606 8.3345 -56.1227 -7.1877 8.1188 -55.9441 -6.7786 9.0152 -55.9398 -7.2561 9.0368
4 0 -56.1227 -7.1877 8.1188 -56.0797 -7.606 8.3345 -56.1864 -8.1823 7.7993 -56.2645 -7.9495 7.4074
4 0 -55.9398 -7.2561 9.0368 -55.9441 -6.7786 9.0152 -55.7476 -6.775 10.0011 -55.7835 -7.2277 9.821
4 0 -55.5688 -7.1847 10.8983 -55.6365 -7.5054 10.5585 -55.7835 -7.2277 9.821 -55.7476 -6.775 10.0011
4 0 -55.6365 -7.5054 10.5585 -55.5688 -7.1847 10.8983 -55.4341 -7.903 11.5742 -55.5216 -8.0381 11.135
4 0 -55.3507 -8.7972 11.9928 -55.445 -8.7269 11.5197 -55.5216 -8.0381 11.135 -55.4341 -7.903 11.5742
4 0 -55.3495 -10.7572 11.9988 -55.4159 -10.2809 11.6657 -55.4081 -9.4942 11.7048 -55.3232 -9.7759 12.1306
4 0 -55.4159 -10.2809 11.6657 -55.3495 -10.7572 11.9988 -55.4333 -11.6539 11.5786 -55.4672 -11.0294 11.4084
4 0 -55.6772 -12.1692 10.3545 -55.554 -11.6856 10.9729 -55.4333 -11.6539 11.5786 -55.5698 -12.3652 10.8936
4 0 -55.9815 -12.2104 8.8273 -55.8284 -12.358 9.5956 -55.7483 -12.7724 9.9976 -55.944 -12.7822 9.0157
4 0 -55.5698 -12.3652 10.8936 -55.7483 -12.7724 9.9976 -55.8284 -12.358 9.5956 -55.6772 -12.1692 10.3545
4 0 -56.1135 -11.7907 8.1649 -55.9815 -12.2104 8.8273 -55.944 -12.7822 9.0157 -56.1227 -12.37 8.1188
4 0 -56.2122 -11.1803 7.67 -56.1135 -11.7907 8.1649 -56.1227 -12.37 8.1188 -56.2645 -11.6563 7.4074
3 0 -56.2645 -11.6563 7.4074 -56.2645 -10.5201 7.4074 -56.2122 -11.1803 7.67
3 0 -56.1864 -8.1823 7.7993 -56.2645 -9.1339 7.4074 -56.2645 -7.9495 7.4074
3 0 -55.4333 -11.6539 11.5786 -55.554 -11.6856 10.9729 -55.4672 -11.0294 11.4084
4 0 -55.886 -10.3648 9.3065 -56.0259 -11.3774 8.6048 -56.0627 -11.3552 8.4201 -56.0685 -11.1912 8.3909
3 0 -56.0685 -11.1912 8.3909 -55.9418 -10.1179 9.0269 -55.886 -10.3648 9.3065
4 0 -55.7546 -9.6807 9.966 -55.7671 -10.0472 9.9033 -55.9418 -10.1179 9.0269 -55.9492 -9.7493 8.9895
3 0 -55.9198 -9.3991 9.1371 -55.8592 -9.2085 9.4411 -55.7875 -9.3386 9.8007
4 0 -55.9492 -9.7493 8.9895 -55.9198 -9.3991 9.1371 -55.7875 -9.3386 9.8007 -55.7546 -9.6807 9.966
4 0 -56.1644 -15.2475 7.9099 -56.1582 -15.7272 7.9406 -56.2645 -15.9151 7.4074 -56.2645 -15.4233 7.4074
4 0 -56.2178 -19.3653 7.6416 -56.1272 -19.9377 8.0965 -56.1682 -20.8098 7.8908 -56.2645 -20.2683 7.4074
4 0 -56.1272 -19.9377 8.0965 -56.2178 -19.3653 7.6416 -56.1333 -18.5237 8.0657 -56.0543 -19.123 8.4621
4 0 -56.0543 -19.123 8.4621 -56.1333 -18.5237 8.0657 -56.0205 -17.7703 8.6319 -55.9526 -18.3926 8.9727
4 0 -55.9526 -18.3926 8.9727 -56.0205 -17.7703 8.6319 -55.8798 -17.1481 9.3379 -55.8198 -17.8067 9.6387
4 0 -55.8198 -17.8067 9.6387 -55.8798 -17.1481 9.3379 -55.7133 -16.72 10.1731 -55.6629 -17.3962 10.4262
4 0 -55.4907 -17.1957 11.2901 -55.6629 -17.3962 10.4262 -55.7133 -16.72 10.1731 -55.5313 -16.5044 11.0868
4 0 -55.1482 -17.5758 13.009 -55.3149 -17.2823 12.1725 -55.3443 -16.5282 12.0249 -55.1622 -16.7336 12.9386
4 0 -54.814 -19.3579 14.6862 -54.8847 -18.7418 14.3314 -54.8608 -17.8367 14.4509 -54.814 -18.1546 14.6862
4 0 -55 -17.2072 13.7523 -54.8608 -17.8367 14.4509 -54.8847 -18.7418 14.3314 -55.0016 -18.0738 13.7446
3 0 -56.2645 -20.2683 7.4074 -56.1682 -20.8098 7.8908 -56.175 -21.7019 7.8562
4 0 -56.1483 -22.5835 7.9903 -56.0923 -23.4297 8.2713 -56.1909 -23.9631 7.7768 -56.2645 -22.8171 7.4074
4 0 -56.0891 -24.7534 8.2874 -56.1909 -23.9631 7.7768 -56.0923 -23.4297 8.2713 -56.0077 -24.2135 8.6962
4 0 -55.8903 -24.8787 9.2852 -55.7441 -25.384 10.0188 -55.8118 -26.0047 9.6791 -55.9633 -25.4525 8.9189
4 0 -55.4536 -26.4921 11.4766 -55.4013 -25.7524 11.7388 -55.2286 -25.5628 12.6053 -55.2669 -26.3921 12.4132
4 0 -55.072 -25.1454 13.3914 -54.9367 -24.5648 14.0701 -54.814 -24.8223 14.6862 -54.9393 -25.5134 14.0571
3 0 -54.9393 -25.5134 14.0571 -55.0925 -26.0567 13.2886 -55.072 -25.1454 13.3914
3 0 -54.9367 -24.5648 14.0701 -54.814 -23.551 14.6862 -54.814 -24.8223 14.6862
4 0 -55.8118 -26.0047 9.6791 -55.7441 -25.384 10.0188 -55.5774 -25.6906 10.8554 -55.6391 -26.3654 10.5458
4 0 -55.1622 -16.7336 12.9386 -55 -17.2072 13.7523 -55.0016 -18.0738 13.7446 -55.1482 -17.5758 13.009
4 0 -55.2669 -26.3921 12.4132 -55.2286 -25.5628 12.6053 -55.072 -25.1454 13.3914 -55.0925 -26.0567 13.2886
4 0 -55.5313 -16.5044 11.0868 -55.3443 -16.5282 12.0249 -55.3149 -17.2823 12.1725 -55.4907 -17.1957 11.2901
4 0 -55.6391 -26.3654 10.5458 -55.5774 -25.6906 10.8554 -55.4013 -25.7524 11.7388 -55.4536 -26.4921 11.4766
4 0 -55.9633 -25.4525 8.9189 -56.0891 -24.7534 8.2874 -56.0077 -24.2135 8.6962 -55.8903 -24.8787 9.2852
4 0 -56.1644 -34.8728 7.9099 -56.2645 -34.697 7.4074 -56.2645 -34.2051 7.4074 -56.1582 -34.3931 7.9406
4 0 -54.814 -34.3931 14.6862 -54.814 -34.8728 14.6862 -56.1644 -34.8728 7.9099 -56.1582 -34.3931 7.9406
3 0 -55.2099 -32.3085 12.6991 -55.3026 -32.942 12.2342 -55.3943 -32.4353 11.7738
4 0 -55.6798 -33.118 10.3413 -55.5245 -32.9116 11.1208 -55.4212 -33.4482 11.6393 -55.5642 -33.7659 10.9216
4 0 -55.8376 -32.9814 9.5498 -55.6798 -33.118 10.3413 -55.5642 -33.7659 10.9216 -55.7184 -33.8429 10.1475
4 0 -56.0079 -33.314 8.6952 -55.8376 -32.9814 9.5498 -55.7184 -33.8429 10.1475 -55.8719 -33.6963 9.3777
4 0 -55.9766 -32.5684 8.8518 -56.116 -32.7485 8.1528 -56.1994 -32.0852 7.7339 -56.0728 -31.9289 8.3692
4 0 -56.0728 -31.9289 8.3692 -56.1994 -32.0852 7.7339 -56.2503 -31.3427 7.4786 -56.1265 -31.1601 8.0999
4 0 -56.1443 -30.3594 8.0104 -56.1265 -31.1601 8.0999 -56.2503 -31.3427 7.4786 -56.2645 -30.6536 7.4074
4 0 -55.126 -30.8049 13.1203 -55.1513 -31.5818 12.9936 -55.3048 -31.7668 12.2231 -55.2563 -30.9945 12.4666
4 0 -55.129 -30.0179 13.1052 -55.126 -30.8049 13.1203 -55.2563 -30.9945 12.4666 -55.2497 -30.1856 12.4996
4 0 -55.1513 -31.5818 12.9936 -55.2099 -32.3085 12.6991 -55.3943 -32.4353 11.7738 -55.3048 -31.7668 12.2231
4 0 -56.116 -32.7485 8.1528 -55.9766 -32.5684 8.8518 -55.8376 -32.9814 9.5498 -56.0079 -33.314 8.6952
4 0 -56.2645 -30.6536 7.4074 -56.2545 -29.7697 7.4578 -56.1166 -29.5632 8.1496 -56.1443 -30.3594 8.0104
4 0 -55.9008 -27.3132 9.2324 -55.9388 -28.2407 9.0418 -56.1335 -28.3329 8.0645 -56.0311 -27.7412 8.5785
4 0 -56.2108 -29.0162 7.6767 -56.1335 -28.3329 8.0645 -55.9388 -28.2407 9.0418 -56.0477 -28.8299 8.4951
4 0 -55.7932 -27.9087 9.7725 -55.7496 -27.1298 9.9913 -55.5941 -27.1623 10.7717 -55.6345 -27.8637 10.5686
4 0 -55.2268 -28.5376 12.6145 -55.1603 -29.2482 12.948 -55.129 -30.0179 13.1052 -55.2875 -29.4004 12.3101
3 0 -55.129 -30.0179 13.1052 -55.2497 -30.1856 12.4996 -55.2875 -29.4004 12.3101
4 0 -55.3235 -27.9143 12.1293 -55.2268 -28.5376 12.6145 -55.2875 -29.4004 12.3101 -55.3672 -28.6967 11.9102
4 0 -55.4472 -27.4337 11.5088 -55.3235 -27.9143 12.1293 -55.3672 -28.6967 11.9102 -55.4845 -28.1438 11.3217
4 0 -55.7496 -27.1298 9.9913 -55.7932 -27.9087 9.7725 -55.9388 -28.2407 9.0418 -55.9008 -27.3132 9.2324
4 0 -56.2545 -29.7697 7.4578 -56.2108 -29.0162 7.6767 -56.0477 -28.8299 8.4951 -56.1166 -29.5632 8.1496
4 0 -55.5941 -27.1623 10.7717 -55.4472 -27.4337 11.5088 -55.4845 -28.1438 11.3217 -55.6345 -27.8637 10.5686
4 0 -55.9905 -29.5098 8.7823 -55.889 -29.9878 9.2917 -55.9019 -30.4682 9.2269 -56.0251 -30.209 8.6088
4 0 -55.7853 -28.5532 9.8119 -55.7653 -29.293 9.9122 -55.8441 -29.5628 9.517 -55.9088 -28.9176 9.1922
4 0 -55.7653 -29.293 9.9122 -55.7853 -28.5532 9.8119 -55.6428 -28.5002 10.5272 -55.6702 -29.2433 10.3897
4 0 -55.5807 -29.4126 10.8385 -55.6702 -29.2433 10.3897 -55.6428 -28.5002 10.5272 -55.5143 -28.8154 11.1721
4 0 -55.5143 -28.8154 11.1721 -55.4186 -29.3495 11.6522 -55.5175 -29.7748 11.1561 -55.5807 -29.4126 10.8385
4 0 -55.4186 -29.3495 11.6522 -55.3677 -30.0236 11.9074 -55.488 -30.234 11.3038 -55.5175 -29.7748 11.1561
4 0 -55.9088 -28.9176 9.1922 -55.8441 -29.5628 9.517 -55.889 -29.9878 9.2917 -55.9905 -29.5098 8.7823
4 0 -55.3677 -30.0236 11.9074 -55.3609 -30.7429 11.9418 -55.4887 -30.7193 11.3004 -55.488 -30.234 11.3038
4 0 -55.3609 -30.7429 11.9418 -55.3982 -31.4409 11.7546 -55.5195 -31.1757 11.146 -55.4887 -30.7193 11.3004
4 0 -55.5831 -31.5349 10.8266 -55.5195 -31.1757 11.146 -55.3982 -31.4409 11.7546 -55.481 -32.0302 11.3391
4 0 -55.6715 -31.7158 10.383 -55.5831 -31.5349 10.8266 -55.481 -32.0302 11.3391 -55.604 -32.3976 10.7216
4 0 -55.8761 -32.1496 9.3564 -55.9699 -31.6068 8.8855 -55.8872 -30.9537 9.3009 -55.8436 -31.3851 9.5193
3 0 -56.0208 -30.9294 8.6305 -56.0251 -30.209 8.6088 -55.9019 -30.4682 9.2269
4 0 -55.9699 -31.6068 8.8855 -56.0208 -30.9294 8.6305 -55.9019 -30.4682 9.2269 -55.8872 -30.9537 9.3009
4 0 -55.604 -32.3976 10.7216 -55.7459 -32.4565 10.0095 -55.7676 -31.6728 9.9008 -55.6715 -31.7158 10.383
4 0 -55.7459 -32.4565 10.0095 -55.8761 -32.1496 9.3564 -55.8436 -31.3851 9.5193 -55.7676 -31.6728 9.9008
3 0 -54.9167 -22.8599 14.1708 -54.9969 -23.6169 13.7683 -55.0895 -23.1275 13.3036
4 0 -54.878 -22.023 14.3647 -54.9167 -22.8599 14.1708 -55.0895 -23.1275 13.3036 -55.0163 -22.3498 13.6711
4 0 -55.0895 -23.1275 13.3036 -54.9969 -23.6169 13.7683 -55.1094 -24.2596 13.2034 -55.2068 -23.7556 12.7147
4 0 -55.7456 -24.3696 10.0114 -55.5339 -24.104 11.0735 -55.4244 -24.8559 11.623 -55.5931 -24.7473 10.7763
4 0 -55.2566 -24.6956 12.4648 -55.4244 -24.8559 11.623 -55.5339 -24.104 11.0735 -55.3636 -24.0915 11.9282
4 0 -55.8679 -23.7739 9.3975 -55.9575 -23.0451 8.9477 -55.876 -22.3247 9.3569 -55.8078 -23.1148 9.699
4 0 -55.8751 -20.6163 9.3616 -55.9 -21.4685 9.2366 -56.0061 -22.2237 8.704 -56.0168 -21.3649 8.6503
4 0 -55.9575 -23.0451 8.9477 -56.0061 -22.2237 8.704 -55.9 -21.4685 9.2366 -55.876 -22.3247 9.3569
3 0 -55.7456 -24.3696 10.0114 -55.6901 -23.7453 10.2897 -55.5339 -24.104 11.0735
4 0 -55.7456 -24.3696 10.0114 -55.8679 -23.7739 9.3975 -55.8078 -23.1148 9.699 -55.6901 -23.7453 10.2897
4 0 -55.1094 -24.2596 13.2034 -55.2566 -24.6956 12.4648 -55.3636 -24.0915 11.9282 -55.2068 -23.7556 12.7147
4 0 -54.8735 -21.1634 14.3876 -54.878 -22.023 14.3647 -55.0163 -22.3498 13.6711 -54.992 -21.4933 13.7927
4 0 -56.0168 -21.3649 8.6503 -55.998 -20.5118 8.7448 -55.9371 -19.7084 9.0502 -55.8751 -20.6163 9.3616
4 0 -55.5289 -18.8475 11.0988 -55.6834 -19.2146 10.3235 -55.8396 -19.002 9.5395 -55.7087 -18.4502 10.1964
3 0 -55.7087 -18.4502 10.1964 -55.5506 -18.1315 10.9897 -55.5289 -18.8475 11.0988
4 0 -55.0809 -18.8737 13.3466 -54.9701 -19.5244 13.9027 -54.9018 -20.3128 14.2455 -55.0851 -19.8511 13.3255
4 0 -54.992 -21.4933 13.7927 -55.0144 -20.6381 13.6802 -54.9018 -20.3128 14.2455 -54.8735 -21.1634 14.3876
4 0 -55.3811 -18.1222 11.8403 -55.2168 -18.3628 12.6646 -55.2017 -19.2216 12.7405 -55.3581 -18.8742 11.9556
4 0 -55.2168 -18.3628 12.6646 -55.0809 -18.8737 13.3466 -55.0851 -19.8511 13.3255 -55.2017 -19.2216 12.7405
4 0 -55.9371 -19.7084 9.0502 -55.8396 -19.002 9.5395 -55.6834 -19.2146 10.3235 -55.8009 -19.8399 9.7337
3 0 -55.8009 -19.8399 9.7337 -55.8751 -20.6163 9.3616 -55.9371 -19.7084 9.0502
3 0 -54.9018 -20.3128 14.2455 -55.0144 -20.6381 13.6802 -55.0851 -19.8511 13.3255
4 0 -44.5205 -5.2426 35.1189 -44.8509 -6.2841 34.7417 -45.0214 -6.3598 34.547 -45.0214 -5.3778 34.547
4 0 -43.0378 -5.7395 36.8117 -43.5591 -6.4467 36.2165 -44.1956 -6.2527 35.4898 -43.7543 -5.3767 35.9936
4 0 -43.5591 -6.4467 36.2165 -43.0378 -5.7395 36.8117 -42.427 -6.3397 37.509 -43.0056 -6.8928 36.8485
4 0 -43.0056 -6.8928 36.8485 -42.427 -6.3397 37.509 -41.9499 -7.1134 38.0538 -42.5718 -7.5145 37.3437
4 0 -42.5718 -7.5145 37.3437 -41.9499 -7.1134 38.0538 -41.6074 -7.9924 38.4448 -42.2616 -8.2437 37.6978
4 0 -41.4049 -8.9361 38.6761 -42.0673 -9.0345 37.9197 -42.2616 -8.2437 37.6978 -41.6074 -7.9924 38.4448
4 0 -41.3577 -9.9103 38.7299 -41.449 -10.881 38.6256 -42.1034 -10.6848 37.8785 -42.015 -9.8627 37.9795
4 0 -42.3193 -11.4688 37.632 -42.1034 -10.6848 37.8785 -41.449 -10.881 38.6256 -41.6785 -11.8132 38.3637
4 0 -43.2176 -13.9428 36.6064 -43.9511 -14.2461 35.7689 -44.3386 -13.3233 35.3265 -43.6929 -13.1664 36.0638
3 0 -44.7245 -14.2656 34.886 -45.0214 -14.165 34.547 -45.0214 -13.2456 34.547
4 0 -43.9511 -14.2461 35.7689 -44.7245 -14.2656 34.886 -45.0214 -13.2456 34.547 -44.3386 -13.3233 35.3265
4 0 -42.0569 -12.6698 37.9316 -42.5775 -13.3944 37.3373 -43.1197 -12.7654 36.7181 -42.6529 -12.1859 37.2511
4 0 -42.5775 -13.3944 37.3373 -43.2176 -13.9428 36.6064 -43.6929 -13.1664 36.0638 -43.1197 -12.7654 36.7181
4 0 -43.7543 -5.3767 35.9936 -44.1956 -6.2527 35.4898 -44.8509 -6.2841 34.7417 -44.5205 -5.2426 35.1189
4 0 -41.6785 -11.8132 38.3637 -42.0569 -12.6698 37.9316 -42.6529 -12.1859 37.2511 -42.3193 -11.4688 37.632
4 0 -45.0214 -7.3908 34.547 -45.0214 -6.8921 34.547 -44.8233 -6.7786 34.7731 -44.8061 -7.2561 34.7928
4 0 -43.3239 -7.1847 36.4851 -43.5945 -7.5054 36.1762 -44.1817 -7.2277 35.5057 -44.0383 -6.775 35.6695
4 0 -42.4524 -8.7972 37.48 -42.8291 -8.7269 37.05 -43.1354 -8.0381 36.7003 -42.7857 -7.903 37.0995
4 0 -42.8291 -8.7269 37.05 -42.4524 -8.7972 37.48 -42.3427 -9.7759 37.6054 -42.6817 -9.4942 37.2182
4 0 -42.7129 -10.2809 37.1827 -42.4476 -10.7572 37.4855 -42.7822 -11.6539 37.1035 -42.9177 -11.0294 36.9488
4 0 -42.9177 -11.0294 36.9488 -42.7822 -11.6539 37.1035 -43.3277 -12.3651 36.4808 -43.2645 -11.6856 36.5529
4 0 -45.0214 -12.1718 34.547 -44.3612 -12.358 35.3008 -44.0411 -12.7724 35.6663 -44.8229 -12.7822 34.7736
4 0 -43.3277 -12.3651 36.4808 -44.0411 -12.7724 35.6663 -44.3612 -12.358 35.3008 -43.7569 -12.1692 35.9907
3 0 -44.8229 -12.7822 34.7736 -45.0214 -12.6676 34.547 -45.0214 -12.1718 34.547
4 0 -44.0383 -6.775 35.6695 -44.1817 -7.2277 35.5057 -44.8061 -7.2561 34.7928 -44.8233 -6.7786 34.7731
3 0 -43.3277 -12.3651 36.4808 -43.7569 -12.1692 35.9907 -43.2645 -11.6856 36.5529
4 0 -42.7857 -7.903 37.0995 -43.1354 -8.0381 36.7003 -43.5945 -7.5054 36.1762 -43.3239 -7.1847 36.4851
4 0 -45.0214 -15.7272 34.547 -45.0214 -15.2475 34.547 -43.0693 -15.2475 36.7757 -43.0938 -15.7272 36.7478
4 0 -41.5693 -16.5707 38.4883 -41.8379 -16.8272 38.1816 -42.1701 -16.3174 37.8023 -41.9695 -15.9629 38.0314
4 0 -41.3213 -32.8269 38.7714 -41.5693 -33.5496 38.4883 -41.8379 -33.2931 38.1816 -41.6296 -32.6888 38.4195
4 0 -42.1701 -33.8029 37.8023 -41.8379 -33.2931 38.1816 -41.5693 -33.5496 38.4883 -41.9695 -34.1574 38.0313
4 0 -43.0693 -34.8728 36.7757 -45.0214 -34.8728 34.547 -45.0214 -34.3931 34.547 -43.0938 -34.3931 36.7478
4 0 -41.9695 -15.9629 38.0314 -42.1701 -16.3174 37.8023 -42.5993 -15.9461 37.3124 -42.4781 -15.5072 37.4507
4 0 -43.0693 -15.2475 36.7757 -42.4781 -15.5072 37.4507 -42.5993 -15.9461 37.3124 -43.0938 -15.7272 36.7478
4 0 -43.0693 -34.8728 36.7757 -43.0938 -34.3931 36.7478 -42.5993 -34.1742 37.3124 -42.4781 -34.6131 37.4507
4 0 -41.9695 -34.1574 38.0313 -42.4781 -34.6131 37.4507 -42.5993 -34.1742 37.3124 -42.1701 -33.8029 37.8023
4 0 -41.3213 -17.2933 38.7714 -41.6296 -17.4315 38.4195 -41.8379 -16.8272 38.1816 -41.5693 -16.5707 38.4883
4 0 -41.2276 -32.0465 38.8784 -41.3213 -32.8269 38.7714 -41.6296 -32.6888 38.4195 -41.5103 -32.0465 38.5557
4 0 -41.2276 -18.0738 38.8784 -41.5103 -18.0738 38.5557 -41.6296 -17.4315 38.4195 -41.3213 -17.2933 38.7714
4 0 -45.0214 -17.3385 34.547 -45.0214 -16.3469 34.547 -44.3708 -16.6174 35.2899 -44.6738 -17.4535 34.9439
4 0 -44.6738 -17.4535 34.9439 -44.3708 -16.6174 35.2899 -43.7087 -17.145 36.0458 -44.0747 -17.9329 35.6278
4 0 -43.5675 -18.5598 36.207 -44.0747 -17.9329 35.6278 -43.7087 -17.145 36.0458 -43.1423 -17.8255 36.6924
4 0 -43.1423 -17.8255 36.6924 -42.7037 -18.6464 37.1931 -43.1912 -19.3154 36.6366 -43.5675 -18.5598 36.207
4 0 -42.3952 -19.5539 37.5454 -42.2062 -20.5136 37.7612 -42.8156 -21.0328 37.0654 -42.9463 -20.1546 36.9161
4 0 -42.9364 -22.8094 36.9275 -42.8131 -21.9259 37.0683 -42.1382 -21.4974 37.8388 -42.2043 -22.484 37.7633
4 0 -43.5768 -24.3943 36.1963 -43.1941 -23.6421 36.6333 -42.3976 -23.445 37.5426 -42.7169 -24.3478 37.1781
4 0 -44.0739 -25.0306 35.6288 -43.5768 -24.3943 36.1963 -42.7169 -24.3478 37.1781 -43.1572 -25.1658 36.6753
4 0 -44.3984 -26.3495 35.2583 -44.0739 -25.0306 35.6288 -43.1572 -25.1658 36.6753 -43.7244 -25.8469 36.0278
4 0 -44.6827 -25.495 34.9337 -44.3984 -26.3495 35.2583 -45.0214 -26.6117 34.547 -45.0214 -25.6185 34.547
3 0 -44.3984 -26.3495 35.2583 -44.6827 -25.495 34.9337 -44.0739 -25.0306 35.6288
4 0 -42.7037 -18.6464 37.1931 -42.3952 -19.5539 37.5454 -42.9463 -20.1546 36.9161 -43.1912 -19.3154 36.6366
4 0 -42.2043 -22.484 37.7633 -42.3976 -23.445 37.5426 -43.1941 -23.6421 36.6333 -42.9364 -22.8094 36.9275
4 0 -44.5226 -18.9809 35.1164 -45.0214 -18.6325 34.547 -45.0214 -17.8803 34.547 -44.524 -18.1538 35.1148
4 0 -44.0696 -19.6397 35.6337 -44.5226 -18.9809 35.1164 -44.524 -18.1538 35.1148 -44.0222 -18.6572 35.6877
4 0 -44.0222 -18.6572 35.6877 -43.6286 -19.295 36.1371 -43.3645 -20.0331 36.4387 -44.0696 -19.6397 35.6337
4 0 -43.6632 -21.2883 36.0977 -43.7788 -20.4318 35.9657 -43.3645 -20.0331 36.4387 -43.2077 -20.818 36.6178
3 0 -43.1666 -21.6274 36.6646 -43.2382 -22.4364 36.5829 -43.7043 -22.0453 36.0508
4 0 -43.2077 -20.818 36.6178 -43.1666 -21.6274 36.6646 -43.7043 -22.0453 36.0508 -43.6632 -21.2883 36.0977
3 0 -44.7325 -24.9415 34.8768 -45.0214 -25.0618 34.547 -45.0214 -24.296 34.547
4 0 -44.193 -24.5055 35.4928 -44.7325 -24.9415 34.8768 -45.0214 -24.296 34.547 -44.55 -23.9873 35.0852
4 0 -43.769 -23.8995 35.9769 -44.132 -23.4468 35.5624 -43.857 -22.774 35.8764 -43.4421 -23.2024 36.3501
4 0 -43.769 -23.8995 35.9769 -44.193 -24.5055 35.4928 -44.55 -23.9873 35.0852 -44.132 -23.4468 35.5624
3 0 -43.3645 -20.0331 36.4387 -43.7788 -20.4318 35.9657 -44.0696 -19.6397 35.6337
4 0 -44.8943 -20.4911 34.6921 -45.0214 -20.4911 34.547 -45.0214 -20.0207 34.547 -44.9027 -20.0207 34.6825
4 0 -44.7589 -20.1388 34.8467 -44.7567 -20.3516 34.8492 -44.8943 -20.4911 34.6921 -44.9027 -20.0207 34.6825
4 0 -44.3404 -27.8948 35.3245 -45.0214 -27.8655 34.547 -45.0214 -27.1442 34.547 -44.4888 -27.1435 35.1551
4 0 -43.7942 -28.2364 35.9481 -44.3404 -27.8948 35.3245 -44.4888 -27.1435 35.1551 -43.8866 -27.3581 35.8426
4 0 -43.3734 -28.7975 36.4285 -43.7942 -28.2364 35.9481 -43.8866 -27.3581 35.8426 -43.379 -27.809 36.4222
3 0 -43.379 -27.809 36.4222 -42.9665 -28.3978 36.8931 -43.3734 -28.7975 36.4285
4 0 -42.9879 -30.2497 36.8687 -43.1051 -29.4916 36.7349 -42.6718 -29.0879 37.2295 -42.5202 -29.8526 37.4026
4 0 -43.0183 -31.0212 36.834 -42.9879 -30.2497 36.8687 -42.5202 -29.8526 37.4026 -42.4787 -30.6393 37.4501
4 0 -43.1059 -32.8244 36.734 -43.1958 -31.76 36.6314 -42.558 -31.4221 37.3595 -42.767 -32.1644 37.1209
4 0 -42.4787 -30.6393 37.4501 -42.558 -31.4221 37.3595 -43.1958 -31.76 36.6314 -43.0183 -31.0212 36.834
4 0 -44.0048 -32.8859 35.7077 -43.5263 -32.4087 36.254 -43.1059 -32.8244 36.734 -43.5626 -33.3583 36.2125
4 0 -45.0214 -33.0636 34.547 -44.59 -33.1104 35.0395 -44.1214 -33.711 35.5746 -44.7372 -33.8327 34.8715
4 0 -43.5626 -33.3583 36.2125 -44.1214 -33.711 35.5746 -44.59 -33.1104 35.0395 -44.0048 -32.8859 35.7077
3 0 -44.7372 -33.8327 34.8715 -45.0214 -33.7799 34.547 -45.0214 -33.0636 34.547
3 0 -43.1059 -32.8244 36.734 -43.5263 -32.4087 36.254 -43.1958 -31.76 36.6314
4 0 -45.0214 -28.8606 34.547 -45.0214 -28.4319 34.547 -44.5271 -28.4278 35.1113 -44.6128 -28.8464 35.0135
4 0 -43.6262 -30.5348 36.1399 -43.6784 -29.9611 36.0803 -43.5046 -29.6099 36.2787 -43.3783 -30.1927 36.4229
4 0 -43.7434 -29.0814 36.0061 -43.5046 -29.6099 36.2787 -43.6784 -29.9611 36.0803 -43.8744 -29.4454 35.8565
4 0 -44.1024 -32.2906 35.5963 -43.9165 -31.6123 35.8085 -43.4953 -31.3762 36.2893 -43.7469 -31.8875 36.0021
4 0 -44.1024 -32.2906 35.5963 -44.5386 -32.5325 35.0983 -44.6988 -32.1384 34.9153 -44.262 -31.9821 35.414
4 0 -44.5386 -32.5325 35.0983 -45.0214 -32.5323 34.547 -45.0214 -32.0849 34.547 -44.6988 -32.1384 34.9153
4 0 -43.3783 -30.1927 36.4229 -43.3717 -30.7948 36.4305 -43.7053 -31.1055 36.0496 -43.6262 -30.5348 36.1399
4 0 -43.3717 -30.7948 36.4305 -43.4953 -31.3762 36.2893 -43.9165 -31.6123 35.8085 -43.7053 -31.1055 36.0496
4 0 -44.0884 -28.6629 35.6122 -44.1795 -29.0208 35.5082 -44.6128 -28.8464 35.0135 -44.5271 -28.4278 35.1113
3 0 -44.1024 -32.2906 35.5963 -44.262 -31.9821 35.414 -43.9165 -31.6123 35.8085
4 0 -44.0884 -28.6629 35.6122 -43.7434 -29.0814 36.0061 -43.8744 -29.4454 35.8565 -44.1795 -29.0208 35.5082
4 0 -45.0214 -29.7459 34.547 -45.0214 -29.31 34.547 -44.5865 -29.2774 35.0435 -44.6322 -29.6773 34.9914
4 0 -44.2259 -30.3321 35.4552 -44.3467 -29.9209 35.3173 -44.2497 -29.5415 35.4281 -44.0168 -29.9534 35.6939
3 0 -44.0168 -29.9534 35.6939 -43.9535 -30.4498 35.7662 -44.2259 -30.3321 35.4552
4 0 -44.2259 -30.3321 35.4552 -43.9535 -30.4498 35.7662 -44.022 -30.9474 35.6881 -44.2468 -30.7681 35.4314
4 0 -44.4145 -31.1428 35.2399 -44.2468 -30.7681 35.4314 -44.022 -30.9474 35.6881 -44.2285 -31.38 35.4523
4 0 -44.5667 -31.6526 35.0661 -45.0214 -31.6167 34.547 -45.0214 -31.2122 34.547 -44.7369 -31.3071 34.8718
4 0 -44.2285 -31.38 35.4523 -44.5667 -31.6526 35.0661 -44.7369 -31.3071 34.8718 -44.4145 -31.1428 35.2399
4 0 -44.5865 -29.2774 35.0435 -44.2497 -29.5415 35.4281 -44.3467 -29.9209 35.3173 -44.6322 -29.6773 34.9914
4 0 -54.814 -15.2475 14.6862 -52.4289 -15.2475 21.716 -52.4289 -15.7272 21.716 -54.814 -15.7272 14.6862
4 0 -54.814 -18.1546 14.6862 -54.7039 -18.5928 15.0104 -54.5668 -19.4451 15.4145 -54.814 -19.3579 14.6862
4 0 -54.814 -19.3579 14.6862 -54.5668 -19.4451 15.4145 -54.4778 -20.3521 15.6769 -54.6899 -20.3621 15.0518
4 0 -54.6526 -21.2486 15.1618 -54.4384 -21.2892 15.793 -54.4501 -22.2321 15.7586 -54.6654 -22.1437 15.1239
4 0 -54.7301 -23.0143 14.9332 -54.6654 -22.1437 15.1239 -54.4501 -22.2321 15.7586 -54.5163 -23.1564 15.5636
4 0 -54.6388 -24.027 15.2026 -54.814 -23.551 14.6862 -54.7301 -23.0143 14.9332 -54.5163 -23.1564 15.5636
3 0 -54.6388 -24.027 15.2026 -54.814 -24.8223 14.6862 -54.814 -23.551 14.6862
4 0 -54.814 -34.3931 14.6862 -52.4289 -34.3931 21.716 -52.4289 -34.8728 21.716 -54.814 -34.8728 14.6862
4 0 -53.6681 -33.0041 18.0635 -52.4289 -33.0041 21.716 -52.4289 -33.4924 21.716 -53.6138 -33.4924 18.2236
4 0 -53.8789 -32.8573 17.4421 -53.6681 -33.0041 18.0635 -53.6138 -33.4924 18.2236 -53.8253 -33.4115 17.6001
4 0 -54.0331 -32.4015 16.9878 -53.8789 -32.8573 17.4421 -53.8253 -33.4115 17.6001 -54.0144 -33.1243 17.0429
3 0 -54.0144 -33.1243 17.0429 -54.1493 -32.6329 16.6451 -54.0331 -32.4015 16.9878
4 0 -54.0915 -31.7821 16.8155 -54.0331 -32.4015 16.9878 -54.1493 -32.6329 16.6451 -54.2216 -32.0358 16.4321
4 0 -54.2457 -31.4076 16.361 -54.2471 -24.6072 16.357 -54.2214 -24.0205 16.4326 -54.1092 -24.6475 16.7633
3 0 -54.1092 -24.6475 16.7633 -54.2214 -24.0205 16.4326 -54.062 -23.9821 16.9024
3 0 -54.014 -23.0245 17.0441 -52.4289 -18.6437 21.716 -52.4289 -19.1659 21.716
4 0 -54.1402 -23.4818 16.6719 -54.014 -23.0245 17.0441 -52.4289 -19.1659 21.716 -53.9254 -23.4315 17.3051
4 0 -54.2216 -32.0358 16.4321 -54.2457 -31.4076 16.361 -54.1092 -24.6475 16.7633 -54.0915 -31.7821 16.8155
4 0 -54.2214 -24.0205 16.4326 -54.1402 -23.4818 16.6719 -53.9254 -23.4315 17.3051 -54.062 -23.9821 16.9024
3 0 -52.4289 -30.3687 21.716 -52.4289 -31.5915 21.716 -52.4876 -30.7916 21.5429
4 0 -52.4876 -30.7916 21.5429 -52.4289 -31.5915 21.716 -52.7115 -32.184 20.883 -52.6589 -31.299 21.038
4 0 -52.9988 -32.2873 20.0361 -52.8874 -31.5551 20.3644 -52.6589 -31.299 21.038 -52.7115 -32.184 20.883
4 0 -53.466 -30.4658 18.6592 -53.33 -31.0612 19.06 -53.5046 -31.5277 18.5453 -53.656 -30.795 18.0991
4 0 -53.5253 -29.7632 18.4845 -53.466 -30.4658 18.6592 -53.656 -30.795 18.0991 -53.7264 -29.9619 17.8917
4 0 -53.0089 -27.604 20.0063 -53.2344 -27.8694 19.3416 -53.372 -27.2672 18.9364 -53.2067 -26.8519 19.4235
4 0 -53.6413 -28.2727 18.1426 -53.372 -27.2672 18.9364 -53.2344 -27.8694 19.3416 -53.405 -28.3878 18.8389
4 0 -52.8025 -26.4685 20.6146 -53.0089 -27.604 20.0063 -53.2067 -26.8519 19.4235 -53.0172 -26.5431 19.9818
4 0 -52.8025 -26.4685 20.6146 -52.5934 -26.6362 21.2309 -52.4289 -26.9483 21.716 -52.7685 -27.6968 20.715
3 0 -52.4289 -26.9483 21.716 -52.4289 -28.7032 21.716 -52.5679 -28.1 21.3063
3 0 -52.4289 -26.9483 21.716 -52.5679 -28.1 21.3063 -52.7685 -27.6968 20.715
4 0 -53.7264 -29.9619 17.8917 -53.7147 -29.1036 17.926 -53.5043 -29.046 18.5462 -53.5253 -29.7632 18.4845
4 0 -53.5046 -31.5277 18.5453 -53.33 -31.0612 19.06 -53.1273 -31.4711 19.6575 -53.2792 -32.0667 19.2097
3 0 -52.8025 -26.4685 20.6146 -52.7685 -27.6968 20.715 -53.0089 -27.604 20.0063
4 0 -53.2792 -32.0667 19.2097 -53.1273 -31.4711 19.6575 -52.8874 -31.5551 20.3644 -52.9988 -32.2873 20.0361
4 0 -53.7147 -29.1036 17.926 -53.6413 -28.2727 18.1426 -53.405 -28.3878 18.8389 -53.5043 -29.046 18.5462
4 0 -52.4716 -25.9225 21.59 -52.6255 -25.7576 21.1363 -52.7122 -25.3442 20.8808 -52.4289 -25.8916 21.716
4 0 -52.4289 -23.9254 21.716 -52.4289 -25.8916 21.716 -52.7122 -25.3442 20.8808 -52.7386 -24.8605 20.8029
4 0 -52.5832 -24.0276 21.2611 -52.4289 -23.9254 21.716 -52.7386 -24.8605 20.8029 -52.6962 -24.3847 20.9282
4 0 -53.3877 -23.921 18.89 -53.1459 -24.5062 19.6025 -53.6615 -24.3847 18.0828 -53.5486 -24.0276 18.4158
3 0 -53.3877 -23.921 18.89 -53.2366 -24.1021 19.3352 -53.1459 -24.5062 19.6025
4 0 -53.6615 -24.3847 18.0828 -53.1459 -24.5062 19.6025 -53.1214 -24.9861 19.675 -53.704 -24.8605 17.9576
3 0 -53.1661 -25.4579 19.543 -53.2771 -25.8124 19.2159 -53.6776 -25.3442 18.0355
4 0 -53.1661 -25.4579 19.543 -53.6776 -25.3442 18.0355 -53.704 -24.8605 17.9576 -53.1214 -24.9861 19.675
4 0 -53.3831 -18.6225 18.9034 -53.4941 -18.977 18.5764 -53.654 -19.0871 18.1051 -53.8946 -18.5088 17.3959
3 0 -53.654 -19.0871 18.1051 -53.8079 -18.9222 17.6514 -53.8946 -18.5088 17.3959
4 0 -53.3831 -18.6225 18.9034 -53.8946 -18.5088 17.3959 -53.921 -18.0251 17.3181 -53.3383 -18.1507 19.0354
4 0 -53.3383 -18.1507 19.0354 -53.921 -18.0251 17.3181 -53.8785 -17.5493 17.4433 -53.3629 -17.6708 18.9629
4 0 -53.6047 -17.0856 18.2505 -53.3629 -17.6708 18.9629 -53.8785 -17.5493 17.4433 -53.7656 -17.1922 17.7762
3 0 -53.6047 -17.0856 18.2505 -53.4536 -17.2667 18.6957 -53.3629 -17.6708 18.9629
3 0 -52.9419 -12.8219 20.204 -53.1203 -11.9984 19.6782 -52.8511 -11.6851 20.4714
4 0 -53.2938 -10.122 19.1667 -53.0023 -10.1001 20.0258 -52.9568 -10.9213 20.16 -53.2387 -11.0872 19.3292
4 0 -53.284 -9.1432 19.1957 -52.9974 -9.2734 20.0402 -53.0023 -10.1001 20.0258 -53.2938 -10.122 19.1667
3 0 -52.64 -5.86 21.0937 -52.4289 -5.5625 21.716 -52.4289 -6.5722 21.716
4 0 -52.8906 -6.4944 20.355 -52.64 -5.86 21.0937 -52.4289 -6.5722 21.716 -52.6415 -7.0718 21.0892
4 0 -53.0796 -7.2943 19.7979 -52.8906 -6.4944 20.355 -52.6415 -7.0718 21.0892 -52.8202 -7.7055 20.5626
4 0 -53.2103 -8.191 19.4128 -53.0796 -7.2943 19.7979 -52.8202 -7.7055 20.5626 -52.936 -8.4629 20.2214
4 0 -52.4289 -14.0126 21.716 -52.708 -13.5145 20.8933 -52.6841 -12.3509 20.9638 -52.4289 -12.957 21.716
4 0 -52.708 -13.5145 20.8933 -52.9419 -12.8219 20.204 -52.8511 -11.6851 20.4714 -52.6841 -12.3509 20.9638
4 0 -53.284 -9.1432 19.1957 -53.2103 -8.191 19.4128 -52.936 -8.4629 20.2214 -52.9974 -9.2734 20.0402
4 0 -52.7 -10.4961 20.917 -52.6023 -11.1936 21.2049 -52.6845 -11.6563 20.9627 -52.8247 -10.7569 20.5492
4 0 -52.4289 -12.4049 21.716 -52.6845 -11.6563 20.9627 -52.6023 -11.1936 21.2049 -52.4289 -11.8051 21.716
4 0 -52.8706 -9.7771 20.4139 -52.8236 -8.7987 20.5526 -52.6862 -7.8978 20.9576 -52.7315 -9.7475 20.8241
4 0 -52.4289 -7.1531 21.716 -52.4289 -7.7635 21.716 -52.7315 -9.7475 20.8241 -52.6862 -7.8978 20.9576
3 0 -52.4289 -7.7635 21.716 -52.4289 -9.7475 21.716 -52.7315 -9.7475 20.8241
3 4 -51.4647 -10.6676 23.6732 -51.6829 -9.7475 23.2302 -51.2454 -9.7475 24.1183
4 4 -52.3797 -30.1251 21.8158 -52.4289 -30.3687 21.716 -52.4289 -28.7032 21.716 -52.3563 -29.4041 21.8634
4 4 -45.5127 -24.5104 33.8123 -45.5127 -23.4353 33.8123 -45.0214 -23.0668 34.547 -45.0214 -24.296 34.547
4 4 -44.6768 -22.6838 34.9405 -44.4224 -22.0188 35.2309 -43.7043 -22.0453 36.0508 -43.857 -22.774 35.8764
4 4 -53.466 -30.4658 18.6592 -52.4289 -30.3687 21.716 -52.6589 -31.299 21.038 -53.33 -31.0612 19.06
4 4 -51.153 -30.4658 24.306 -51.2312 -29.7632 24.1472 -49.7158 -29.4041 27.2234 -49.7392 -30.1251 27.1759
4 4 -49.7392 -30.1251 27.1759 -49.8616 -30.7916 26.9275 -50.9735 -31.0612 24.6704 -51.153 -30.4658 24.306
4 4 -49.8616 -30.7916 26.9275 -50.0877 -31.299 26.4685 -50.3894 -31.5551 25.8561 -50.9735 -31.0612 24.6704
3 4 -50.3894 -31.5551 25.8561 -50.7059 -31.4711 25.2135 -50.9735 -31.0612 24.6704
3 4 -51.2312 -29.7632 24.1472 -51.2036 -29.046 24.2033 -49.7158 -29.4041 27.2234
4 4 -49.7158 -29.4041 27.2234 -51.2036 -29.046 24.2033 -51.0725 -28.3878 24.4693 -49.7909 -28.7033 27.0711
4 4 -50.8474 -27.8694 24.9264 -49.9675 -28.1 26.7124 -49.7909 -28.7033 27.0711 -51.0725 -28.3878 24.4693
4 4 -49.9675 -28.1 26.7124 -50.8474 -27.8694 24.9264 -50.5497 -27.604 25.5306 -50.2323 -27.6968 26.1749
4 4 -44.6768 -22.6838 34.9405 -44.55 -23.9873 35.0852 -45.0214 -24.296 34.547 -45.0214 -23.0668 34.547
4 4 -44.4224 -22.0188 35.2309 -44.3213 -21.2883 35.3464 -43.6632 -21.2883 36.0977 -43.7043 -22.0453 36.0508
4 4 -43.857 -22.774 35.8764 -44.132 -23.4468 35.5624 -44.55 -23.9873 35.0852 -44.6768 -22.6838 34.9405
3 4 -52.4289 -30.3687 21.716 -52.4876 -30.7916 21.5429 -52.6589 -31.299 21.038
3 4 -53.5253 -29.7632 18.4845 -52.4289 -30.3687 21.716 -53.466 -30.4658 18.6592
4 4 -52.6589 -31.299 21.038 -52.8874 -31.5551 20.3644 -53.1273 -31.4711 19.6575 -53.33 -31.0612 19.06
4 4 -52.4289 -28.7032 21.716 -52.4289 -30.3687 21.716 -53.5253 -29.7632 18.4845 -53.5043 -29.046 18.5462
4 4 -53.5043 -29.046 18.5462 -53.405 -28.3878 18.8389 -52.5679 -28.1 21.3063 -52.4289 -28.7032 21.716
4 4 -52.7685 -27.6968 20.715 -52.5679 -28.1 21.3063 -53.405 -28.3878 18.8389 -53.2344 -27.8694 19.3416
3 4 -53.2344 -27.8694 19.3416 -53.0089 -27.604 20.0063 -52.7685 -27.6968 20.715
4 14 -55.9019 -30.4682 9.2269 -55.4887 -30.7193 11.3004 -55.5195 -31.1757 11.146 -55.8872 -30.9537 9.3009
4 14 -55.6702 -29.2433 10.3897 -55.889 -29.9878 9.2917 -55.8441 -29.5628 9.517 -55.7653 -29.293 9.9122
4 14 -55.5807 -29.4126 10.8385 -55.5175 -29.7748 11.1561 -55.889 -29.9878 9.2917 -55.6702 -29.2433 10.3897
4 14 -55.9019 -30.4682 9.2269 -55.889 -29.9878 9.2917 -55.5175 -29.7748 11.1561 -55.488 -30.234 11.3038
3 14 -55.488 -30.234 11.3038 -55.4887 -30.7193 11.3004 -55.9019 -30.4682 9.2269
3 14 -55.5195 -31.1757 11.146 -55.5831 -31.5349 10.8266 -55.8872 -30.9537 9.3009
4 14 -55.8872 -30.9537 9.3009 -55.5831 -31.5349 10.8266 -55.6715 -31.7158 10.383 -55.8436 -31.3851 9.5193
3 14 -55.6715 -31.7158 10.383 -55.7676 -31.6728 9.9008 -55.8436 -31.3851 9.5193
4 14 -54.878 -22.023 14.3647 -54.8735 -21.1634 14.3876 -54.814 -19.3579 14.6862 -54.814 -23.551 14.6862
3 14 -54.9367 -24.5648 14.0701 -55.072 -25.1454 13.3914 -55.1094 -24.2596 13.2034
4 14 -54.814 -23.551 14.6862 -54.9367 -24.5648 14.0701 -55.1094 -24.2596 13.2034 -54.9969 -23.6169 13.7683
4 14 -55.1094 -24.2596 13.2034 -55.072 -25.1454 13.3914 -55.2286 -25.5628 12.6053 -55.2566 -24.6956 12.4648
4 14 -55.4013 -25.7524 11.7388 -55.4244 -24.8559 11.623 -55.2566 -24.6956 12.4648 -55.2286 -25.5628 12.6053
4 14 -55.5931 -24.7473 10.7763 -55.4244 -24.8559 11.623 -55.4013 -25.7524 11.7388 -55.5774 -25.6906 10.8554
4 14 -55.7456 -24.3696 10.0114 -55.5931 -24.7473 10.7763 -55.5774 -25.6906 10.8554 -55.7441 -25.384 10.0188
4 14 -55.8679 -23.7739 9.3975 -55.7456 -24.3696 10.0114 -55.7441 -25.384 10.0188 -55.8903 -24.8787 9.2852
4 14 -55.9575 -23.0451 8.9477 -55.8679 -23.7739 9.3975 -55.8903 -24.8787 9.2852 -56.0077 -24.2135 8.6962
4 14 -56.1483 -22.5835 7.9903 -55.9575 -23.0451 8.9477 -56.0077 -24.2135 8.6962 -56.0923 -23.4297 8.2713
4 14 -56.0168 -21.3649 8.6503 -56.0061 -22.2237 8.704 -56.1483 -22.5835 7.9903 -56.175 -21.7019 7.8562
3 14 -54.878 -22.023 14.3647 -54.814 -23.551 14.6862 -54.9167 -22.8599 14.1708
3 14 -54.9167 -22.8599 14.1708 -54.814 -23.551 14.6862 -54.9969 -23.6169 13.7683
3 14 -56.1483 -22.5835 7.9903 -56.0061 -22.2237 8.704 -55.9575 -23.0451 8.9477
4 14 -55.998 -20.5118 8.7448 -56.0168 -21.3649 8.6503 -56.175 -21.7019 7.8562 -56.1682 -20.8098 7.8908
4 14 -55.9371 -19.7084 9.0502 -55.998 -20.5118 8.7448 -56.1682 -20.8098 7.8908 -56.1272 -19.9377 8.0965
4 14 -55.8198 -17.8067 9.6387 -55.8396 -19.002 9.5395 -56.0543 -19.123 8.4621 -55.9526 -18.3926 8.9727
4 14 -56.1272 -19.9377 8.0965 -56.0543 -19.123 8.4621 -55.8396 -19.002 9.5395 -55.9371 -19.7084 9.0502
3 14 -55.4907 -17.1957 11.2901 -55.3149 -17.2823 12.1725 -55.3811 -18.1222 11.8403
4 14 -55.6629 -17.3962 10.4262 -55.4907 -17.1957 11.2901 -55.3811 -18.1222 11.8403 -55.5506 -18.1315 10.9897
4 14 -55.3811 -18.1222 11.8403 -55.3149 -17.2823 12.1725 -55.1482 -17.5758 13.009 -55.2168 -18.3628 12.6646
3 14 -54.814 -19.3579 14.6862 -54.8735 -21.1634 14.3876 -54.9018 -20.3128 14.2455
4 14 -54.8847 -18.7418 14.3314 -54.814 -19.3579 14.6862 -54.9018 -20.3128 14.2455 -54.9701 -19.5244 13.9027
4 14 -55.0016 -18.0738 13.7446 -54.8847 -18.7418 14.3314 -54.9701 -19.5244 13.9027 -55.0809 -18.8737 13.3466
3 14 -55.8198 -17.8067 9.6387 -55.7087 -18.4502 10.1964 -55.8396 -19.002 9.5395
4 14 -55.8198 -17.8067 9.6387 -55.6629 -17.3962 10.4262 -55.5506 -18.1315 10.9897 -55.7087 -18.4502 10.1964
4 14 -55.1482 -17.5758 13.009 -55.0016 -18.0738 13.7446 -55.0809 -18.8737 13.3466 -55.2168 -18.3628 12.6646
4 14 -54.814 -23.551 14.6862 -54.814 -19.3579 14.6862 -54.6899 -20.3621 15.0518 -54.6526 -21.2486 15.1618
4 14 -54.7301 -23.0143 14.9332 -54.814 -23.551 14.6862 -54.6526 -21.2486 15.1618 -54.6654 -22.1437 15.1239
4 15 -45.0214 -31.2122 34.547 -45.2471 -30.4046 34.2095 -45.1815 -29.981 34.3075 -45.0214 -29.7459 34.547
4 15 -47.7568 -21.9221 30.4565 -47.7542 -21.0272 30.4604 -47.4663 -20.9331 30.8909 -47.4704 -21.746 30.8847
4 15 -46.3386 -23.4093 32.5773 -46.2425 -23.367 32.7209 -46.0305 -24.3337 33.038 -46.4953 -23.9186 32.3429
4 15 -55.2412 -9.8627 12.5421 -55.3232 -9.7759 12.1306 -55.3507 -8.7972 11.9928 -55.2543 -9.0345 12.4764
4 15 -55.9492 -9.7493 8.9895 -55.9418 -10.1179 9.0269 -56.0685 -11.1912 8.3909 -56.2645 -10.5201 7.4074
4 15 -55.8751 -20.6163 9.3616 -55.8009 -19.8399 9.7337 -55.0851 -19.8511 13.3255 -55.0144 -20.6381 13.6802
4 15 -42.015 -9.8627 37.9795 -42.3427 -9.7759 37.6054 -42.4524 -8.7972 37.48 -42.0673 -9.0345 37.9197
4 15 -44.0696 -19.6397 35.6337 -44.7589 -20.1388 34.8467 -44.9027 -20.0207 34.6825 -44.5226 -18.9809 35.1164
4 15 -43.7053 -31.1055 36.0496 -44.022 -30.9474 35.6881 -43.9535 -30.4498 35.7662 -43.6262 -30.5348 36.1399
4 15 -45.0214 -29.7459 34.547 -44.6322 -29.6773 34.9914 -44.7369 -31.3071 34.8718 -45.0214 -31.2122 34.547
4 15 -52.9568 -10.9213 20.16 -53.0023 -10.1001 20.0258 -52.8706 -9.7771 20.4139 -52.8247 -10.7569 20.5492
4 15 -52.6023 -11.1936 21.2049 -52.7 -10.4961 20.917 -52.7315 -9.7475 20.8241 -52.4289 -9.7475 21.716
4 15 -56.2896 -10.7569 7.0223 -56.2645 -11.6563 7.4074 -56.2645 -12.3509 7.4074 -56.2947 -11.6851 6.9444
3 15 -56.2947 -11.6851 6.9444 -56.3149 -10.9213 6.633 -56.2896 -10.7569 7.0223
4 15 -56.2984 -9.7771 6.8869 -56.2896 -10.7569 7.0223 -56.3149 -10.9213 6.633 -56.3237 -10.1001 6.4988
4 15 -56.2894 -8.7987 7.0257 -56.2984 -9.7771 6.8869 -56.3237 -10.1001 6.4988 -56.3228 -9.2734 6.5132
4 15 -56.2645 -7.9495 7.4074 -56.2894 -8.7987 7.0257 -56.3228 -9.2734 6.5132 -56.3109 -8.4629 6.6944
4 15 -56.3109 -8.4629 6.6944 -56.2887 -7.7055 7.0356 -56.2645 -7.2582 7.4074 -56.2645 -7.9495 7.4074
4 15 -52.4289 -7.1531 21.716 -52.4289 -6.5722 21.716 -52.07 -6.2841 22.4445 -52.0545 -6.7786 22.4759
4 15 -51.3435 -6.4466 23.9193 -51.0322 -6.8928 24.5512 -50.7882 -7.5145 25.0465 -51.2112 -7.1847 24.1878
4 15 -50.7211 -8.7972 25.1828 -50.9085 -7.903 24.8023 -50.7882 -7.5145 25.0465 -50.6138 -8.2437 25.4006
3 15 -50.6138 -8.2437 25.4006 -50.5045 -9.0345 25.6224 -50.7211 -8.7972 25.1828
4 15 -50.7211 -8.7972 25.1828 -50.5045 -9.0345 25.6224 -50.475 -9.8627 25.6822 -50.6593 -9.7759 25.3081
4 15 -50.7183 -10.7572 25.1883 -50.6593 -9.7759 25.3081 -50.475 -9.8627 25.6822 -50.5247 -10.6848 25.5813
4 15 -50.5247 -10.6848 25.5813 -50.6462 -11.4688 25.3348 -50.9066 -11.6539 24.8062 -50.7183 -10.7572 25.1883
4 15 -51.4187 -13.1664 23.7665 -51.2133 -12.3651 24.1835 -50.8338 -12.1859 24.9538 -51.0964 -12.7654 24.4209
4 15 -51.4187 -13.1664 23.7665 -51.7819 -13.3233 23.0293 -52.0543 -12.7822 22.4764 -51.6146 -12.7724 23.369
4 15 -51.7819 -13.3233 23.0293 -52.1511 -13.2456 22.2798 -52.4289 -12.957 21.716 -52.0543 -12.7822 22.4764
3 15 -52.4289 -12.957 21.716 -52.4289 -12.4049 21.716 -52.0543 -12.7822 22.4764
4 15 -52.07 -6.2841 22.4445 -51.7015 -6.2527 23.1926 -51.613 -6.775 23.3722 -52.0545 -6.7786 22.4759
3 15 -51.4187 -13.1664 23.7665 -51.6146 -12.7724 23.369 -51.2133 -12.3651 24.1835
4 15 -51.7015 -6.2527 23.1926 -51.3435 -6.4466 23.9193 -51.2112 -7.1847 24.1878 -51.613 -6.775 23.3722
4 15 -50.6462 -11.4688 25.3348 -50.8338 -12.1859 24.9538 -51.2133 -12.3651 24.1835 -50.9066 -11.6539 24.8062
3 15 -50.9085 -7.903 24.8023 -51.2112 -7.1847 24.1878 -50.7882 -7.5145 25.0465
4 15 -51.4647 -10.6676 23.6732 -52.4289 -11.8051 21.716 -52.4289 -9.7475 21.716 -51.6829 -9.7475 23.2302
4 15 -51.0205 -11.1895 24.5749 -51.4647 -10.6676 23.6732 -51.2454 -9.7475 24.1183 -50.8898 -10.4926 24.8402
3 15 -51.2454 -9.7475 24.1183 -50.8397 -9.7475 24.942 -50.8898 -10.4926 24.8402
3 15 -52.1593 -12.1909 22.2631 -52.4289 -11.8051 21.716 -51.4647 -10.6676 23.6732
4 15 -51.0205 -11.1895 24.5749 -51.223 -11.7919 24.1639 -51.5008 -12.2167 23.5999 -51.4647 -10.6676 23.6732
4 15 -52.1593 -12.1909 22.2631 -51.4647 -10.6676 23.6732 -51.5008 -12.2167 23.5999 -51.8312 -12.3579 22.9292
4 15 -45.6126 -31.8751 33.6629 -45.3483 -32.2887 34.0582 -45.1577 -33.0442 34.3432 -45.5747 -32.6973 33.7195
4 15 -45.7973 -31.3563 33.3867 -45.6126 -31.8751 33.6629 -45.5747 -32.6973 33.7195 -45.9005 -32.146 33.2324
3 15 -46.1172 -31.4617 32.9083 -46.2045 -30.7032 32.7777 -45.8951 -30.7758 33.2405
4 15 -45.9005 -32.146 33.2324 -46.1172 -31.4617 32.9083 -45.8951 -30.7758 33.2405 -45.7973 -31.3563 33.3867
4 15 -45.8951 -30.7758 33.2405 -46.2045 -30.7032 32.7777 -46.1818 -29.932 32.8117 -45.8933 -30.1744 33.2431
4 15 -45.8933 -30.1744 33.2431 -46.1818 -29.932 32.8117 -46.0422 -29.1928 33.0205 -45.7997 -29.5903 33.3831
4 15 -45.7997 -29.5903 33.3831 -46.0422 -29.1928 33.0205 -45.7796 -28.5532 33.4132 -45.6155 -29.0708 33.6585
4 15 -45.4091 -28.0793 33.9672 -45.3447 -28.6629 34.0635 -45.6155 -29.0708 33.6585 -45.7796 -28.5532 33.4132
4 15 -45.0214 -27.8655 34.547 -45.0214 -28.4319 34.547 -45.3447 -28.6629 34.0635 -45.4091 -28.0793 33.9672
4 15 -45.0214 -33.0636 34.547 -45.1577 -33.0442 34.3432 -45.3483 -32.2887 34.0582 -45.0214 -32.5323 34.547
4 15 -45.2425 -31.414 34.2164 -45.0214 -31.6167 34.547 -45.0214 -32.0849 34.547 -45.1166 -32.0642 34.4047
4 15 -45.1166 -32.0642 34.4047 -45.4011 -31.7338 33.9792 -45.5982 -31.2619 33.6845 -45.2425 -31.414 34.2164
4 15 -45.4651 -30.4926 33.8835 -45.4104 -30.9878 33.9653 -45.5982 -31.2619 33.6845 -45.6945 -30.7105 33.5404
4 15 -45.4076 -29.993 33.9694 -45.4651 -30.4926 33.8835 -45.6945 -30.7105 33.5404 -45.6859 -30.1321 33.5533
4 15 -45.0214 -29.31 34.547 -45.2524 -29.5539 34.2015 -45.5743 -29.5821 33.7202 -45.3607 -29.1304 34.0395
4 15 -45.6859 -30.1321 33.5533 -45.5743 -29.5821 33.7202 -45.2524 -29.5539 34.2015 -45.4076 -29.993 33.9694
3 15 -45.3607 -29.1304 34.0395 -45.0214 -28.8606 34.547 -45.0214 -29.31 34.547
3 15 -45.4104 -30.9878 33.9653 -45.2425 -31.414 34.2164 -45.5982 -31.2619 33.6845
3 15 -45.2471 -30.4046 34.2095 -45.0214 -31.2122 34.547 -45.2044 -30.8434 34.2733
4 15 -45.2809 -25.7425 34.1589 -45.2652 -25.1948 34.1824 -45.0214 -25.0618 34.547 -45.0214 -25.6185 34.547
4 15 -45.2652 -25.1948 34.1824 -45.2809 -25.7425 34.1589 -45.8209 -25.7263 33.3514 -45.7544 -25.215 33.4509
4 15 -45.7544 -25.215 33.4509 -45.8209 -25.7263 33.3514 -46.3402 -25.4822 32.5748 -46.228 -25.0166 32.7426
4 15 -46.6403 -24.5819 32.1261 -46.228 -25.0166 32.7426 -46.3402 -25.4822 32.5748 -46.8029 -25.0235 31.8829
4 15 -46.9842 -24.0044 31.6117 -46.6403 -24.5819 32.1261 -46.8029 -25.0235 31.8829 -47.181 -24.3844 31.3176
4 15 -47.2475 -23.3231 31.2181 -46.9842 -24.0044 31.6117 -47.181 -24.3844 31.3176 -47.486 -23.6486 30.8614
4 15 -47.4704 -21.746 30.8847 -47.4008 -22.5554 30.9888 -47.6728 -22.8071 30.5821 -47.7568 -21.9221 30.4565
4 15 -47.4687 -19.3131 30.8873 -47.181 -18.5565 31.3174 -46.8741 -18.745 31.7765 -47.1589 -19.4039 31.3505
4 15 -46.0601 -17.8781 32.9937 -46.503 -18.2186 32.3314 -46.8004 -17.9229 31.8866 -46.3395 -17.4571 32.5759
4 15 -45.5775 -17.7465 33.7155 -46.0601 -17.8781 32.9937 -46.3395 -17.4571 32.5759 -45.8178 -17.2234 33.356
3 15 -45.2777 -17.2275 34.1637 -45.0214 -17.3385 34.547 -45.0214 -17.8803 34.547
4 15 -45.8178 -17.2234 33.356 -45.2777 -17.2275 34.1637 -45.0214 -17.8803 34.547 -45.5775 -17.7465 33.7155
4 15 -47.7542 -21.0272 30.4604 -47.6628 -20.1471 30.597 -47.363 -20.1436 31.0453 -47.4663 -20.9331 30.8909
4 15 -47.6628 -20.1471 30.597 -47.4687 -19.3131 30.8873 -47.1589 -19.4039 31.3505 -47.363 -20.1436 31.0453
4 15 -47.181 -18.5565 31.3174 -46.8004 -17.9229 31.8866 -46.503 -18.2186 32.3314 -46.8741 -18.745 31.7765
4 15 -47.486 -23.6486 30.8614 -47.6728 -22.8071 30.5821 -47.4008 -22.5554 30.9888 -47.2475 -23.3231 31.2181
4 15 -45.2854 -21.3014 34.1522 -45.0214 -20.4911 34.547 -45.0214 -23.0668 34.547 -45.2946 -21.6074 34.1385
4 15 -45.5127 -23.4353 33.8123 -45.4494 -21.7713 33.907 -45.2946 -21.6074 34.1385 -45.0214 -23.0668 34.547
4 15 -46.2425 -23.367 32.7209 -45.5127 -23.4353 33.8123 -45.5127 -24.5104 33.8123 -46.0305 -24.3337 33.038
3 15 -46.2425 -23.367 32.7209 -45.4494 -21.7713 33.907 -45.5127 -23.4353 33.8123
3 15 -45.0214 -20.4911 34.547 -45.2854 -21.3014 34.1522 -45.3893 -21.0479 33.9968
4 15 -45.3893 -21.0479 33.9968 -45.5685 -20.9785 33.7289 -46.1593 -20.4911 32.8453 -45.0214 -20.4911 34.547
3 15 -46.1593 -20.4911 32.8453 -45.5685 -20.9785 33.7289 -45.715 -21.1621 33.5098
4 15 -46.3344 -23.2424 32.5835 -46.3386 -23.4093 32.5773 -46.4953 -23.9186 32.3429 -46.8269 -23.2447 31.8471
4 15 -45.715 -21.1621 33.5098 -45.7323 -21.4658 33.4839 -47.1274 -21.5743 31.3977 -46.1593 -20.4911 32.8453
4 15 -46.3344 -23.2424 32.5835 -47.0329 -22.4316 31.539 -47.1274 -21.5743 31.3977 -45.7323 -21.4658 33.4839
4 15 -46.5737 -19.18 32.2257 -46.2627 -20.1388 32.6907 -46.2644 -20.3516 32.6883 -46.8817 -19.8896 31.7651
3 15 -46.8269 -23.2447 31.8471 -47.0329 -22.4316 31.539 -46.3344 -23.2424 32.5835
4 15 -46.1593 -20.4911 32.8453 -47.1274 -21.5743 31.3977 -47.0633 -20.709 31.4936 -46.2644 -20.3516 32.6883
3 15 -47.0633 -20.709 31.4936 -46.8817 -19.8896 31.7651 -46.2644 -20.3516 32.6883
4 15 -46.1405 -18.6784 32.8734 -46.1529 -20.0207 32.8549 -46.2627 -20.1388 32.6907 -46.5737 -19.18 32.2257
3 15 -45.6278 -18.4711 33.6402 -45.0214 -18.6325 34.547 -45.0214 -20.0207 34.547
4 15 -46.1405 -18.6784 32.8734 -45.6278 -18.4711 33.6402 -45.0214 -20.0207 34.547 -46.1529 -20.0207 32.8549
4 15 -45.4151 -12.37 33.9583 -45.0214 -12.6676 34.547 -45.0214 -13.2456 34.547 -45.4518 -12.8901 33.9033
4 15 -45.8304 -11.6563 33.3372 -45.4151 -12.37 33.9583 -45.4518 -12.8901 33.9033 -45.8297 -12.351 33.3383
4 15 -46.0817 -10.7569 32.9614 -45.8304 -11.6563 33.3372 -45.8297 -12.351 33.3383 -46.129 -11.6851 32.8907
3 15 -46.129 -11.6851 32.8907 -46.3183 -10.9213 32.6076 -46.0817 -10.7569 32.9614
4 15 -46.164 -9.7771 32.8384 -46.0817 -10.7569 32.9614 -46.3183 -10.9213 32.6076 -46.3999 -10.1001 32.4856
4 15 -46.3999 -10.1001 32.4856 -46.3912 -9.2734 32.4986 -46.0796 -8.7987 32.9645 -46.164 -9.7771 32.8384
4 15 -45.7534 -7.0718 33.4523 -45.8335 -7.8978 33.3326 -46.281 -8.4629 32.6633 -46.0736 -7.7055 32.9735
3 15 -45.3612 -6.5576 34.0388 -45.0214 -6.3598 34.547 -45.0214 -6.8921 34.547
4 15 -45.7534 -7.0718 33.4523 -45.3612 -6.5576 34.0388 -45.0214 -6.8921 34.547 -45.4151 -7.1877 33.9582
3 15 -45.4151 -7.1877 33.9582 -45.8335 -7.8978 33.3326 -45.7534 -7.0718 33.4523
4 15 -46.3912 -9.2734 32.4986 -46.281 -8.4629 32.6633 -45.8335 -7.8978 33.3326 -46.0796 -8.7987 32.9645
4 15 -45.0214 -7.3908 34.547 -45.0214 -12.1718 34.547 -45.9076 -9.6635 33.2218 -45.82 -8.8899 33.3528
4 15 -45.3871 -11.7907 34 -45.6879 -11.1803 33.5502 -45.8648 -10.4488 33.2857 -45.0214 -12.1718 34.547
3 15 -45.8648 -10.4488 33.2857 -45.9076 -9.6635 33.2218 -45.0214 -12.1718 34.547
4 15 -45.284 -7.606 34.1544 -45.0214 -7.3908 34.547 -45.82 -8.8899 33.3528 -45.6093 -8.1823 33.6678
4 15 -56.1051 -6.5576 8.2074 -56.1227 -7.1877 8.1188 -56.2645 -7.9495 7.4074 -56.2645 -7.2582 7.4074
4 15 -55.6277 -6.4467 10.6029 -55.4892 -6.8928 11.2981 -55.3806 -7.5145 11.8428 -55.5688 -7.1847 10.8983
3 15 -55.303 -8.2437 12.2324 -55.2543 -9.0345 12.4764 -55.3507 -8.7972 11.9928
4 15 -55.3495 -10.7572 11.9988 -55.3232 -9.7759 12.1306 -55.2412 -9.8627 12.5421 -55.2634 -10.6848 12.4311
4 15 -55.4333 -11.6539 11.5786 -55.3495 -10.7572 11.9988 -55.2634 -10.6848 12.4311 -55.3174 -11.4688 12.16
4 15 -55.5698 -12.3652 10.8936 -55.4333 -11.6539 11.5786 -55.3174 -11.4688 12.16 -55.4009 -12.1859 11.7409
4 15 -55.4009 -12.1859 11.7409 -55.5177 -12.7654 11.1547 -55.6612 -13.1664 10.4349 -55.5698 -12.3652 10.8936
4 15 -55.944 -12.7822 9.0157 -55.7483 -12.7724 9.9976 -55.6612 -13.1664 10.4349 -55.8228 -13.3233 9.6239
4 15 -56.1348 -12.8901 8.0584 -55.944 -12.7822 9.0157 -55.8228 -13.3233 9.6239 -55.9871 -13.2456 8.7995
4 15 -56.2645 -11.6563 7.4074 -56.1227 -12.37 8.1188 -56.1348 -12.8901 8.0584 -56.2645 -12.3509 7.4074
3 15 -55.944 -12.7822 9.0157 -56.1348 -12.8901 8.0584 -56.1227 -12.37 8.1188
4 15 -55.3806 -7.5145 11.8428 -55.303 -8.2437 12.2324 -55.3507 -8.7972 11.9928 -55.4341 -7.903 11.5742
4 15 -55.951 -6.2841 8.9806 -55.787 -6.2527 9.8036 -55.7476 -6.775 10.0011 -55.9441 -6.7786 9.0152
4 15 -55.787 -6.2527 9.8036 -55.6277 -6.4467 10.6029 -55.5688 -7.1847 10.8983 -55.7476 -6.775 10.0011
4 15 -55.951 -6.2841 8.9806 -55.9441 -6.7786 9.0152 -56.1227 -7.1877 8.1188 -56.1051 -6.5576 8.2074
3 15 -55.6612 -13.1664 10.4349 -55.7483 -12.7724 9.9976 -55.5698 -12.3652 10.8936
3 15 -55.4341 -7.903 11.5742 -55.5688 -7.1847 10.8983 -55.3806 -7.5145 11.8428
4 15 -55.9198 -9.3991 9.1371 -55.9492 -9.7493 8.9895 -56.2645 -10.5201 7.4074 -56.2645 -9.1339 7.4074
4 15 -56.2645 -9.1339 7.4074 -56.1864 -8.1823 7.7993 -56.0797 -7.606 8.3345 -55.9198 -9.3991 9.1371
4 15 -55.9198 -9.3991 9.1371 -56.0797 -7.606 8.3345 -55.9398 -7.2561 9.0368 -55.8592 -9.2085 9.4411
4 15 -55.6365 -7.5054 10.5585 -55.8592 -9.2085 9.4411 -55.9398 -7.2561 9.0368 -55.7835 -7.2277 9.821
4 15 -55.5216 -8.0381 11.135 -55.7875 -9.3386 9.8007 -55.8592 -9.2085 9.4411 -55.6365 -7.5054 10.5585
4 15 -55.4159 -10.2809 11.6657 -55.7546 -9.6807 9.966 -55.445 -8.7269 11.5197 -55.4081 -9.4942 11.7048
4 15 -55.5216 -8.0381 11.135 -55.445 -8.7269 11.5197 -55.7546 -9.6807 9.966 -55.7875 -9.3386 9.8007
4 15 -56.2645 -10.5201 7.4074 -56.0685 -11.1912 8.3909 -56.1135 -11.7907 8.1649 -56.2122 -11.1803 7.67
4 15 -55.4672 -11.0294 11.4084 -55.7671 -10.0472 9.9033 -55.7546 -9.6807 9.966 -55.4159 -10.2809 11.6657
4 15 -55.7671 -10.0472 9.9033 -55.4672 -11.0294 11.4084 -55.554 -11.6856 10.9729 -55.8135 -10.3493 9.6705
4 15 -55.554 -11.6856 10.9729 -55.6772 -12.1692 10.3545 -55.8284 -12.358 9.5956 -55.8135 -10.3493 9.6705
3 15 -55.8284 -12.358 9.5956 -55.9815 -12.2104 8.8273 -56.0259 -11.3774 8.6048
3 15 -56.1135 -11.7907 8.1649 -56.0685 -11.1912 8.3909 -56.0627 -11.3552 8.4201
4 15 -55.886 -10.3648 9.3065 -55.8135 -10.3493 9.6705 -55.8284 -12.358 9.5956 -56.0259 -11.3774 8.6048
4 15 -55.9815 -12.2104 8.8273 -56.1135 -11.7907 8.1649 -56.0627 -11.3552 8.4201 -56.0259 -11.3774 8.6048
4 15 -55.4186 -29.3495 11.6522 -55.2875 -29.4004 12.3101 -55.2497 -30.1856 12.4996 -55.3677 -30.0236 11.9074
4 15 -55.2563 -30.9945 12.4666 -55.3609 -30.7429 11.9418 -55.3677 -30.0236 11.9074 -55.2497 -30.1856 12.4996
4 15 -55.5143 -28.8154 11.1721 -55.6428 -28.5002 10.5272 -55.6345 -27.8637 10.5686 -55.4845 -28.1438 11.3217
3 15 -55.4845 -28.1438 11.3217 -55.3672 -28.6967 11.9102 -55.5143 -28.8154 11.1721
4 15 -55.6345 -27.8637 10.5686 -55.6428 -28.5002 10.5272 -55.7853 -28.5532 9.8119 -55.7932 -27.9087 9.7725
3 15 -56.0477 -28.8299 8.4951 -55.9388 -28.2407 9.0418 -55.9088 -28.9176 9.1922
4 15 -56.1443 -30.3594 8.0104 -56.1166 -29.5632 8.1496 -55.9905 -29.5098 8.7823 -56.0251 -30.209 8.6088
4 15 -56.1166 -29.5632 8.1496 -56.0477 -28.8299 8.4951 -55.9088 -28.9176 9.1922 -55.9905 -29.5098 8.7823
4 15 -55.7932 -27.9087 9.7725 -55.7853 -28.5532 9.8119 -55.9088 -28.9176 9.1922 -55.9388 -28.2407 9.0418
4 15 -55.2875 -29.4004 12.3101 -55.4186 -29.3495 11.6522 -55.5143 -28.8154 11.1721 -55.3672 -28.6967 11.9102
4 15 -55.3609 -30.7429 11.9418 -55.2563 -30.9945 12.4666 -55.3048 -31.7668 12.2231 -55.3982 -31.4409 11.7546
4 15 -55.604 -32.3976 10.7216 -55.481 -32.0302 11.3391 -55.3943 -32.4353 11.7738 -55.5245 -32.9116 11.1208
4 15 -55.7459 -32.4565 10.0095 -55.604 -32.3976 10.7216 -55.5245 -32.9116 11.1208 -55.6798 -33.118 10.3413
4 15 -56.1265 -31.1601 8.0999 -55.9699 -31.6068 8.8855 -55.9766 -32.5684 8.8518 -56.0728 -31.9289 8.3692
4 15 -56.1265 -31.1601 8.0999 -56.1443 -30.3594 8.0104 -56.0251 -30.209 8.6088 -56.0208 -30.9294 8.6305
4 15 -55.6798 -33.118 10.3413 -55.8376 -32.9814 9.5498 -55.8761 -32.1496 9.3564 -55.7459 -32.4565 10.0095
4 15 -55.8376 -32.9814 9.5498 -55.9766 -32.5684 8.8518 -55.9699 -31.6068 8.8855 -55.8761 -32.1496 9.3564
4 15 -55.3943 -32.4353 11.7738 -55.481 -32.0302 11.3391 -55.3982 -31.4409 11.7546 -55.3048 -31.7668 12.2231
3 15 -56.1265 -31.1601 8.0999 -56.0208 -30.9294 8.6305 -55.9699 -31.6068 8.8855
4 15 -55.9 -21.4685 9.2366 -55.8751 -20.6163 9.3616 -55.0144 -20.6381 13.6802 -54.992 -21.4933 13.7927
4 15 -55.0163 -22.3498 13.6711 -55.876 -22.3247 9.3569 -55.9 -21.4685 9.2366 -54.992 -21.4933 13.7927
4 15 -55.8078 -23.1148 9.699 -55.876 -22.3247 9.3569 -55.0163 -22.3498 13.6711 -55.0895 -23.1275 13.3036
3 15 -55.3636 -24.0915 11.9282 -55.5339 -24.104 11.0735 -55.6901 -23.7453 10.2897
3 15 -55.0895 -23.1275 13.3036 -55.6901 -23.7453 10.2897 -55.8078 -23.1148 9.699
4 15 -55.2068 -23.7556 12.7147 -55.3636 -24.0915 11.9282 -55.6901 -23.7453 10.2897 -55.0895 -23.1275 13.3036
4 15 -55.5289 -18.8475 11.0988 -55.3581 -18.8742 11.9556 -55.2017 -19.2216 12.7405 -55.6834 -19.2146 10.3235
4 15 -55.8009 -19.8399 9.7337 -55.6834 -19.2146 10.3235 -55.2017 -19.2216 12.7405 -55.0851 -19.8511 13.3255
4 15 -44.8509 -6.2841 34.7417 -44.8233 -6.7786 34.7731 -45.0214 -6.8921 34.547 -45.0214 -6.3598 34.547
4 15 -43.3239 -7.1847 36.4851 -44.0383 -6.775 35.6695 -44.1956 -6.2527 35.4898 -43.5591 -6.4467 36.2165
4 15 -42.7857 -7.903 37.0995 -43.3239 -7.1847 36.4851 -43.5591 -6.4467 36.2165 -43.0056 -6.8928 36.8485
4 15 -42.2616 -8.2437 37.6978 -42.7857 -7.903 37.0995 -43.0056 -6.8928 36.8485 -42.5718 -7.5145 37.3437
4 15 -42.0673 -9.0345 37.9197 -42.4524 -8.7972 37.48 -42.7857 -7.903 37.0995 -42.2616 -8.2437 37.6978
4 15 -42.1034 -10.6848 37.8785 -42.3193 -11.4688 37.632 -42.7822 -11.6539 37.1035 -42.4476 -10.7572 37.4855
4 15 -42.6529 -12.1859 37.2511 -43.1197 -12.7654 36.7181 -43.6929 -13.1664 36.0638 -43.3277 -12.3651 36.4808
4 15 -44.8229 -12.7822 34.7736 -44.0411 -12.7724 35.6663 -43.6929 -13.1664 36.0638 -44.3386 -13.3233 35.3265
4 15 -45.0214 -12.6676 34.547 -44.8229 -12.7822 34.7736 -44.3386 -13.3233 35.3265 -45.0214 -13.2456 34.547
4 15 -44.8509 -6.2841 34.7417 -44.1956 -6.2527 35.4898 -44.0383 -6.775 35.6695 -44.8233 -6.7786 34.7731
3 15 -43.6929 -13.1664 36.0638 -44.0411 -12.7724 35.6663 -43.3277 -12.3651 36.4808
4 15 -42.3193 -11.4688 37.632 -42.6529 -12.1859 37.2511 -43.3277 -12.3651 36.4808 -42.7822 -11.6539 37.1035
4 15 -42.015 -9.8627 37.9795 -42.1034 -10.6848 37.8785 -42.4476 -10.7572 37.4855 -42.3427 -9.7759 37.6054
3 15 -45.0214 -7.3908 34.547 -44.8061 -7.2561 34.7928 -44.1817 -7.2277 35.5057
4 15 -43.2645 -11.6856 36.5529 -44.1817 -7.2277 35.5057 -43.5945 -7.5054 36.1762 -42.9177 -11.0294 36.9488
4 15 -45.0214 -12.1718 34.547 -45.0214 -7.3908 34.547 -44.1817 -7.2277 35.5057 -43.2645 -11.6856 36.5529
4 15 -43.5945 -7.5054 36.1762 -43.1354 -8.0381 36.7003 -42.8291 -8.7269 37.05 -42.9177 -11.0294 36.9488
4 15 -42.6817 -9.4942 37.2182 -42.7129 -10.2809 37.1827 -42.9177 -11.0294 36.9488 -42.8291 -8.7269 37.05
4 15 -45.0214 -12.1718 34.547 -43.2645 -11.6856 36.5529 -43.7569 -12.1692 35.9907 -44.3612 -12.358 35.3008
4 15 -44.524 -18.1538 35.1148 -45.0214 -17.8803 34.547 -45.0214 -17.3385 34.547 -44.6738 -17.4535 34.9439
4 15 -44.0222 -18.6572 35.6877 -44.524 -18.1538 35.1148 -44.6738 -17.4535 34.9439 -44.0747 -17.9329 35.6278
4 15 -43.2077 -20.818 36.6178 -43.3645 -20.0331 36.4387 -43.1912 -19.3154 36.6366 -42.9463 -20.1546 36.9161
4 15 -43.5675 -18.5598 36.207 -43.1912 -19.3154 36.6366 -43.3645 -20.0331 36.4387 -43.6286 -19.295 36.1371
3 15 -42.8156 -21.0328 37.0654 -42.8131 -21.9259 37.0683 -43.1666 -21.6274 36.6646
4 15 -43.1666 -21.6274 36.6646 -42.8131 -21.9259 37.0683 -42.9364 -22.8094 36.9275 -43.2382 -22.4364 36.5829
4 15 -43.1941 -23.6421 36.6333 -43.4421 -23.2024 36.3501 -43.2382 -22.4364 36.5829 -42.9364 -22.8094 36.9275
4 15 -43.4421 -23.2024 36.3501 -43.1941 -23.6421 36.6333 -43.5768 -24.3943 36.1963 -43.769 -23.8995 35.9769
4 15 -43.769 -23.8995 35.9769 -43.5768 -24.3943 36.1963 -44.0739 -25.0306 35.6288 -44.193 -24.5055 35.4928
4 15 -44.193 -24.5055 35.4928 -44.0739 -25.0306 35.6288 -44.6827 -25.495 34.9337 -44.7325 -24.9415 34.8768
4 15 -45.0214 -25.6185 34.547 -45.0214 -25.0618 34.547 -44.7325 -24.9415 34.8768 -44.6827 -25.495 34.9337
4 15 -42.9463 -20.1546 36.9161 -42.8156 -21.0328 37.0654 -43.1666 -21.6274 36.6646 -43.2077 -20.818 36.6178
4 15 -44.0747 -17.9329 35.6278 -43.5675 -18.5598 36.207 -43.6286 -19.295 36.1371 -44.0222 -18.6572 35.6877
4 15 -45.0214 -20.0207 34.547 -45.0214 -18.6325 34.547 -44.5226 -18.9809 35.1164 -44.9027 -20.0207 34.6825
4 15 -44.3213 -21.2883 35.3464 -44.7567 -20.3516 34.8492 -44.0696 -19.6397 35.6337 -43.7788 -20.4318 35.9657
3 15 -44.7589 -20.1388 34.8467 -44.0696 -19.6397 35.6337 -44.7567 -20.3516 34.8492
3 15 -43.7788 -20.4318 35.9657 -43.6632 -21.2883 36.0977 -44.3213 -21.2883 35.3464
4 15 -45.0214 -23.0668 34.547 -45.0214 -20.4911 34.547 -44.4224 -22.0188 35.2309 -44.6768 -22.6838 34.9405
4 15 -44.3213 -21.2883 35.3464 -44.4224 -22.0188 35.2309 -45.0214 -20.4911 34.547 -44.8943 -20.4911 34.6921
3 15 -44.3213 -21.2883 35.3464 -44.8943 -20.4911 34.6921 -44.7567 -20.3516 34.8492
4 15 -45.0214 -28.4319 34.547 -45.0214 -27.8655 34.547 -44.3404 -27.8948 35.3245 -44.5271 -28.4278 35.1113
4 15 -43.7942 -28.2364 35.9481 -44.0884 -28.6629 35.6122 -44.5271 -28.4278 35.1113 -44.3404 -27.8948 35.3245
4 15 -44.0884 -28.6629 35.6122 -43.7942 -28.2364 35.9481 -43.3734 -28.7975 36.4285 -43.7434 -29.0814 36.0061
4 15 -43.7434 -29.0814 36.0061 -43.3734 -28.7975 36.4285 -43.1051 -29.4916 36.7349 -43.5046 -29.6099 36.2787
4 15 -43.5046 -29.6099 36.2787 -43.1051 -29.4916 36.7349 -42.9879 -30.2497 36.8687 -43.3783 -30.1927 36.4229
4 15 -43.0183 -31.0212 36.834 -43.3717 -30.7948 36.4305 -43.3783 -30.1927 36.4229 -42.9879 -30.2497 36.8687
4 15 -43.3717 -30.7948 36.4305 -43.0183 -31.0212 36.834 -43.1958 -31.76 36.6314 -43.4953 -31.3762 36.2893
4 15 -43.4953 -31.3762 36.2893 -43.1958 -31.76 36.6314 -43.5263 -32.4087 36.254 -43.7469 -31.8875 36.0021
4 15 -43.7469 -31.8875 36.0021 -43.5263 -32.4087 36.254 -44.0048 -32.8859 35.7077 -44.1024 -32.2906 35.5963
4 15 -44.59 -33.1104 35.0395 -44.5386 -32.5325 35.0983 -44.1024 -32.2906 35.5963 -44.0048 -32.8859 35.7077
4 15 -44.5386 -32.5325 35.0983 -44.59 -33.1104 35.0395 -45.0214 -33.0636 34.547 -45.0214 -32.5323 34.547
4 15 -44.5865 -29.2774 35.0435 -45.0214 -29.31 34.547 -45.0214 -28.8606 34.547 -44.6128 -28.8464 35.0135
4 15 -44.2497 -29.5415 35.4281 -44.5865 -29.2774 35.0435 -44.6128 -28.8464 35.0135 -44.1795 -29.0208 35.5082
4 15 -44.0168 -29.9534 35.6939 -44.2497 -29.5415 35.4281 -44.1795 -29.0208 35.5082 -43.8744 -29.4454 35.8565
4 15 -43.9535 -30.4498 35.7662 -44.0168 -29.9534 35.6939 -43.8744 -29.4454 35.8565 -43.6784 -29.9611 36.0803
3 15 -43.6784 -29.9611 36.0803 -43.6262 -30.5348 36.1399 -43.9535 -30.4498 35.7662
4 15 -44.5667 -31.6526 35.0661 -44.2285 -31.38 35.4523 -43.9165 -31.6123 35.8085 -44.262 -31.9821 35.414
4 15 -45.0214 -31.6167 34.547 -44.5667 -31.6526 35.0661 -44.262 -31.9821 35.414 -44.6988 -32.1384 34.9153
3 15 -44.6988 -32.1384 34.9153 -45.0214 -32.0849 34.547 -45.0214 -31.6167 34.547
4 15 -43.7053 -31.1055 36.0496 -43.9165 -31.6123 35.8085 -44.2285 -31.38 35.4523 -44.022 -30.9474 35.6881
4 15 -44.7369 -31.3071 34.8718 -44.6322 -29.6773 34.9914 -44.3467 -29.9209 35.3173 -44.2259 -30.3321 35.4552
4 15 -44.2259 -30.3321 35.4552 -44.2468 -30.7681 35.4314 -44.4145 -31.1428 35.2399 -44.7369 -31.3071 34.8718
3 15 -52.8511 -11.6851 20.4714 -52.9568 -10.9213 20.16 -52.8247 -10.7569 20.5492
4 15 -52.8236 -8.7987 20.5526 -52.8706 -9.7771 20.4139 -53.0023 -10.1001 20.0258 -52.9974 -9.2734 20.0402
4 15 -52.6862 -7.8978 20.9576 -52.8236 -8.7987 20.5526 -52.9974 -9.2734 20.0402 -52.936 -8.4629 20.2214
4 15 -52.6415 -7.0718 21.0892 -52.6862 -7.8978 20.9576 -52.936 -8.4629 20.2214 -52.8202 -7.7055 20.5626
4 15 -52.4289 -12.957 21.716 -52.6841 -12.3509 20.9638 -52.6845 -11.6563 20.9627 -52.4289 -12.4049 21.716
4 15 -52.6841 -12.3509 20.9638 -52.8511 -11.6851 20.4714 -52.8247 -10.7569 20.5492 -52.6845 -11.6563 20.9627
4 15 -52.4289 -6.5722 21.716 -52.4289 -7.1531 21.716 -52.6862 -7.8978 20.9576 -52.6415 -7.0718 21.0892
3 15 -52.4289 -9.7475 21.716 -52.4289 -11.8051 21.716 -52.6023 -11.1936 21.2049
4 378 -54.814 -2 14.6862 -53.284 -9.1432 19.1957 -53.2938 -10.122 19.1667 -54.814 -15.2475 14.6862
4 378 -49.148 -15.2475 28.3761 -50.1319 -8.9361 26.3788 -50.2458 -7.9924 26.1476 -49.148 -2 28.3761
4 378 -49.148 -2 28.3761 -46.9046 -9.1432 31.7309 -46.9222 -10.122 31.7045 -49.148 -15.2475 28.3761
4 378 -42.4781 -15.5072 37.4507 -43.0693 -15.2475 36.7757 -43.2176 -13.9428 36.6064 -42.5775 -13.3944 37.3373
3 15 -56.2645 -10.5201 7.4074 -56.2709 -9.6635 7.3087 -56.2645 -9.1339 7.4074
4 378 -49.5521 -24.9861 27.5557 -49.4739 -28.0737 27.7145 -49.5767 -27.4779 27.5058 -49.6112 -25.4579 27.4357
3 378 -49.4749 -33.4924 27.7124 -49.148 -33.3566 28.3761 -49.148 -34.3931 28.3761
4 378 -49.148 -38 28.3761 -52.4289 -38 21.716 -52.4289 -34.8728 21.716 -49.148 -34.8728 28.3761
3 378 -46.5524 -29.9144 32.2576 -46.5736 -30.7006 32.2258 -48.4595 -31.4077 29.4057
3 378 -56.1582 -15.7272 7.9406 -55.5313 -16.5044 11.0868 -55.7133 -16.72 10.1731
3 378 -55.5642 -33.7659 10.9216 -55.4212 -33.4482 11.6393 -54.814 -34.3931 14.6862
3 378 -52.4289 -15.7272 21.716 -53.4536 -17.2667 18.6957 -53.6047 -17.0856 18.2505
4 378 -53.5909 -25.7576 18.291 -53.437 -25.9225 18.7447 -53.2067 -26.8519 19.4235 -53.372 -27.2672 18.9364
4 378 -56.1062 -14.0126 8.2016 -56.1644 -15.2475 7.9099 -56.2645 -15.4233 7.4074 -56.2645 -13.539 7.4074
3 378 -56.0576 -5.4467 8.4458 -56.2645 -5.9969 7.4074 -56.2645 -2 7.4074
3 378 -56.1644 -15.2475 7.9099 -56.1062 -14.0126 8.2016 -55.9194 -14.2656 9.1393
3 378 -56.0576 -5.4467 8.4458 -56.2645 -2 7.4074 -55.8683 -5.2426 9.3955
4 378 -55.4972 -5.7395 11.2576 -55.6765 -5.3767 10.3577 -56.2645 -2 7.4074 -54.814 -2 14.6862
3 378 -55.8683 -5.2426 9.3955 -56.2645 -2 7.4074 -55.6765 -5.3767 10.3577
4 378 -55.9194 -14.2656 9.1393 -55.7258 -14.2461 10.1105 -54.814 -15.2475 14.6862 -56.1644 -15.2475 7.9099
3 378 -54.814 -15.2475 14.6862 -55.7258 -14.2461 10.1105 -55.5422 -13.9428 11.0317
3 378 -54.814 -15.2475 14.6862 -55.5422 -13.9428 11.0317 -55.382 -13.3944 11.8357
3 378 -54.814 -15.2475 14.6862 -55.382 -13.3944 11.8357 -55.2517 -12.6698 12.4894
3 378 -55.3444 -6.3397 12.0247 -55.4972 -5.7395 11.2576 -54.814 -2 14.6862
3 378 -55.2249 -7.1134 12.6239 -55.3444 -6.3397 12.0247 -54.814 -2 14.6862
3 378 -54.814 -15.2475 14.6862 -55.2517 -12.6698 12.4894 -55.157 -11.8132 12.9648
3 378 -54.814 -15.2475 14.6862 -55.157 -11.8132 12.9648 -55.0996 -10.881 13.2529
3 378 -55.1392 -7.9924 13.054 -55.2249 -7.1134 12.6239 -54.814 -2 14.6862
3 378 -55.0885 -8.9361 13.3084 -55.1392 -7.9924 13.054 -54.814 -2 14.6862
4 378 -55.0885 -8.9361 13.3084 -54.814 -2 14.6862 -54.814 -15.2475 14.6862 -55.0767 -9.9103 13.3676
3 378 -54.814 -15.2475 14.6862 -55.0996 -10.881 13.2529 -55.0767 -9.9103 13.3676
3 378 -52.4289 -2 21.716 -52.4289 -5.5625 21.716 -52.64 -5.86 21.0937
3 378 -52.4289 -2 21.716 -52.64 -5.86 21.0937 -52.8906 -6.4944 20.355
4 378 -54.814 -15.2475 14.6862 -52.708 -13.5145 20.8933 -52.4289 -14.0126 21.716 -52.4289 -15.2475 21.716
4 378 -52.4289 -2 21.716 -52.8906 -6.4944 20.355 -53.0796 -7.2943 19.7979 -54.814 -2 14.6862
3 378 -52.9419 -12.8219 20.204 -52.708 -13.5145 20.8933 -54.814 -15.2475 14.6862
3 378 -53.1203 -11.9984 19.6782 -52.9419 -12.8219 20.204 -54.814 -15.2475 14.6862
3 378 -54.814 -2 14.6862 -53.0796 -7.2943 19.7979 -53.2103 -8.191 19.4128
3 378 -54.814 -2 14.6862 -53.2103 -8.191 19.4128 -53.284 -9.1432 19.1957
3 378 -53.2387 -11.0872 19.3292 -53.1203 -11.9984 19.6782 -54.814 -15.2475 14.6862
3 378 -53.2938 -10.122 19.1667 -53.2387 -11.0872 19.3292 -54.814 -15.2475 14.6862
3 378 -52.4289 -15.2475 21.716 -52.4289 -14.0126 21.716 -51.999 -14.2656 22.5887
4 378 -49.148 -15.2475 28.3761 -52.4289 -15.2475 21.716 -51.999 -14.2656 22.5887 -51.564 -14.2461 23.4717
4 378 -51.0503 -5.7395 24.5144 -51.4533 -5.3767 23.6964 -52.4289 -2 21.716 -49.148 -2 28.3761
3 378 -52.4289 -5.5625 21.716 -52.4289 -2 21.716 -51.8842 -5.2426 22.8216
3 378 -51.8842 -5.2426 22.8216 -52.4289 -2 21.716 -51.4533 -5.3767 23.6964
3 378 -49.148 -15.2475 28.3761 -51.564 -14.2461 23.4717 -51.1514 -13.9428 24.3091
3 378 -49.148 -15.2475 28.3761 -51.1514 -13.9428 24.3091 -50.7914 -13.3944 25.04
3 378 -49.148 -15.2475 28.3761 -50.7914 -13.3944 25.04 -50.4986 -12.6698 25.6343
3 378 -50.7068 -6.3397 25.2118 -51.0503 -5.7395 24.5144 -49.148 -2 28.3761
3 378 -49.148 -15.2475 28.3761 -50.4986 -12.6698 25.6343 -50.2858 -11.8132 26.0664
3 378 -49.148 -15.2475 28.3761 -50.2858 -11.8132 26.0664 -50.1567 -10.881 26.3284
3 378 -50.4384 -7.1134 25.7565 -50.7068 -6.3397 25.2118 -49.148 -2 28.3761
3 378 -50.2458 -7.9924 26.1476 -50.4384 -7.1134 25.7565 -49.148 -2 28.3761
3 378 -49.148 -15.2475 28.3761 -50.1567 -10.881 26.3284 -50.1054 -9.9103 26.4326
3 378 -49.148 -15.2475 28.3761 -50.1054 -9.9103 26.4326 -50.1319 -8.9361 26.3788
3 378 -45.0214 -2 34.547 -45.0214 -5.3778 34.547 -45.2163 -5.4467 34.2555
3 378 -45.0214 -2 34.547 -45.2163 -5.4467 34.2555 -45.7507 -5.86 33.4564
3 378 -45.0214 -14.165 34.547 -45.0214 -15.2475 34.547 -45.3647 -14.0126 34.0336
3 378 -45.3647 -14.0126 34.0336 -45.0214 -15.2475 34.547 -45.8725 -13.5145 33.2742
4 378 -45.0214 -2 34.547 -45.7507 -5.86 33.4564 -46.1998 -6.4944 32.7848 -49.148 -2 28.3761
4 378 -45.0214 -15.2475 34.547 -49.148 -15.2475 28.3761 -46.2916 -12.8219 32.6475 -45.8725 -13.5145 33.2742
3 378 -49.148 -2 28.3761 -46.1998 -6.4944 32.7848 -46.5384 -7.2943 32.2784
3 378 -49.148 -2 28.3761 -46.5384 -7.2943 32.2784 -46.7726 -8.191 31.9283
3 378 -46.6112 -11.9984 32.1696 -46.2916 -12.8219 32.6475 -49.148 -15.2475 28.3761
3 378 -46.8234 -11.0872 31.8523 -46.6112 -11.9984 32.1696 -49.148 -15.2475 28.3761
3 378 -49.148 -2 28.3761 -46.7726 -8.191 31.9283 -46.9046 -9.1432 31.7309
3 378 -46.9222 -10.122 31.7045 -46.8234 -11.0872 31.8523 -49.148 -15.2475 28.3761
4 378 -42.4781 -34.6131 37.4507 -40.1307 -38 40.1308 -45.0214 -38 34.547 -43.0693 -34.8728 36.7757
3 378 -45.0214 -38 34.547 -45.0214 -34.8728 34.547 -43.0693 -34.8728 36.7757
3 378 -45.0214 -5.3778 34.547 -45.0214 -2 34.547 -44.5205 -5.2426 35.1189
4 378 -42.427 -6.3397 37.509 -43.0378 -5.7395 36.8117 -45.0214 -2 34.547 -40.1307 -2 40.1308
3 378 -44.5205 -5.2426 35.1189 -45.0214 -2 34.547 -43.7543 -5.3767 35.9936
3 378 -43.7543 -5.3767 35.9936 -45.0214 -2 34.547 -43.0378 -5.7395 36.8117
3 378 -40.1307 -38 40.1308 -42.4781 -34.6131 37.4507 -41.9695 -34.1574 38.0313
3 378 -40.1307 -38 40.1308 -41.9695 -34.1574 38.0313 -41.5693 -33.5496 38.4883
3 378 -40.1307 -38 40.1308 -41.5693 -33.5496 38.4883 -41.3213 -32.8269 38.7714
3 378 -41.9499 -7.1134 38.0538 -42.427 -6.3397 37.509 -40.1307 -2 40.1308
3 378 -40.1307 -38 40.1308 -41.3213 -32.8269 38.7714 -41.2276 -32.0465 38.8784
4 378 -40.1307 -32.0465 40.1308 -40.1307 -38 40.1308 -41.2276 -32.0465 38.8784 -41.2276 -18.0738 38.8784
3 378 -41.6074 -7.9924 38.4448 -41.9499 -7.1134 38.0538 -40.1307 -2 40.1308
3 378 -41.4049 -8.9361 38.6761 -41.6074 -7.9924 38.4448 -40.1307 -2 40.1308
4 378 -40.1307 -7.7371 40.1308 -40.1307 -32.0465 40.1308 -41.2276 -18.0738 38.8784 -41.3577 -9.9103 38.7299
4 378 -41.449 -10.881 38.6256 -41.3577 -9.9103 38.7299 -41.2276 -18.0738 38.8784 -41.3213 -17.2933 38.7714
4 378 -40.1307 -7.7371 40.1308 -41.3577 -9.9103 38.7299 -41.4049 -8.9361 38.6761 -40.1307 -2 40.1308
4 378 -42.0569 -12.6698 37.9316 -41.6785 -11.8132 38.3637 -41.3213 -17.2933 38.7714 -41.5693 -16.5707 38.4883
3 378 -41.449 -10.881 38.6256 -41.3213 -17.2933 38.7714 -41.6785 -11.8132 38.3637
3 378 -41.9695 -15.9629 38.0314 -42.4781 -15.5072 37.4507 -42.5775 -13.3944 37.3373
4 378 -41.5693 -16.5707 38.4883 -41.9695 -15.9629 38.0314 -42.5775 -13.3944 37.3373 -42.0569 -12.6698 37.9316
3 378 -45.0214 -15.2475 34.547 -45.0214 -14.165 34.547 -44.7245 -14.2656 34.886
4 378 -43.0693 -15.2475 36.7757 -45.0214 -15.2475 34.547 -44.7245 -14.2656 34.886 -43.9511 -14.2461 35.7689
3 378 -43.0693 -15.2475 36.7757 -43.9511 -14.2461 35.7689 -43.2176 -13.9428 36.6064
4 378 -56.3217 -34.1574 6.5287 -56.2645 -34.697 7.4074 -56.2645 -38 7.4074 -56.519 -38 3.5
4 378 -56.3545 -33.5495 6.0261 -56.3217 -34.1574 6.5287 -56.519 -38 3.5 -56.6179 -36.5 2
4 378 -56.3748 -17.2933 5.7146 -56.3824 -18.0738 5.597 -56.6179 -36.5 2 -56.6179 -3.5 2
4 378 -56.3386 -7.2943 6.2709 -56.6179 -3.5 2 -56.519 -2 3.5 -56.3023 -6.4944 6.828
4 378 -56.2645 -2 7.4074 -56.2645 -5.9969 7.4074 -56.3023 -6.4944 6.828 -56.519 -2 3.5
3 378 -56.6179 -3.5 2 -56.3386 -7.2943 6.2709 -56.3638 -8.191 5.8859
3 378 -56.3748 -32.8269 5.7146 -56.3545 -33.5495 6.0261 -56.6179 -36.5 2
3 378 -56.6179 -3.5 2 -56.3638 -8.191 5.8859 -56.378 -9.1432 5.6687
3 378 -56.6179 -3.5 2 -56.378 -9.1432 5.6687 -56.3798 -10.122 5.6397
3 378 -56.3824 -32.0465 5.597 -56.3748 -32.8269 5.7146 -56.6179 -36.5 2
3 378 -56.3824 -18.0738 5.597 -56.3824 -32.0465 5.597 -56.6179 -36.5 2
4 378 -56.3748 -17.2933 5.7146 -56.6179 -3.5 2 -56.3798 -10.122 5.6397 -56.3692 -11.0872 5.8022
4 378 -56.3464 -11.9984 6.1512 -56.3545 -16.5707 6.0261 -56.3748 -17.2933 5.7146 -56.3692 -11.0872 5.8022
4 378 -56.3464 -11.9984 6.1512 -56.3121 -12.8219 6.677 -56.3217 -15.9629 6.5287 -56.3545 -16.5707 6.0261
4 378 -56.2645 -15.4233 7.4074 -56.3217 -15.9629 6.5287 -56.3121 -12.8219 6.677 -56.2645 -13.539 7.4074
4 378 -56.2645 -34.2051 7.4074 -56.3053 -33.8029 6.7806 -56.3325 -33.2931 6.3634 -56.2645 -30.6536 7.4074
4 378 -56.3593 -32.0465 5.9519 -56.2645 -30.6536 7.4074 -56.3325 -33.2931 6.3634 -56.3495 -32.6888 6.1018
4 378 -56.2751 -21.2037 7.2442 -56.2722 -22.1462 7.2892 -56.3593 -32.0465 5.9519 -56.3593 -18.0738 5.9519
3 378 -56.2751 -21.2037 7.2442 -56.3593 -18.0738 5.9519 -56.2645 -20.2683 7.4074
4 378 -56.3495 -17.4315 6.1018 -56.3325 -16.8272 6.3634 -56.3053 -16.3174 6.7806 -56.2645 -15.9151 7.4074
4 378 -56.3593 -18.0738 5.9519 -56.3495 -17.4315 6.1018 -56.2645 -15.9151 7.4074 -56.2645 -20.2683 7.4074
4 378 -56.2645 -30.6536 7.4074 -56.3593 -32.0465 5.9519 -56.2722 -22.1462 7.2892 -56.2645 -22.8171 7.4074
3 378 -49.148 -15.7272 28.3761 -49.148 -17.4111 28.3761 -49.1908 -17.2667 28.2892
3 378 -49.148 -15.7272 28.3761 -49.1908 -17.2667 28.2892 -49.3901 -17.0856 27.8845
3 378 -52.224 -18.2537 22.1319 -52.4289 -18.6437 21.716 -52.4289 -15.7272 21.716
3 378 -51.9744 -17.9539 22.6386 -52.224 -18.2537 22.1319 -52.4289 -15.7272 21.716
4 378 -51.4891 -17.9539 23.6238 -52.4289 -15.7272 21.716 -49.148 -15.7272 28.3761 -49.6025 -17.1922 27.4533
3 378 -49.148 -15.7272 28.3761 -49.3901 -17.0856 27.8845 -49.6025 -17.1922 27.4533
3 378 -51.7317 -17.8483 23.1312 -51.9744 -17.9539 22.6386 -52.4289 -15.7272 21.716
3 378 -51.4891 -17.9539 23.6238 -51.7317 -17.8483 23.1312 -52.4289 -15.7272 21.716
3 378 -49.7516 -17.5493 27.1507 -49.8077 -18.0251 27.0368 -51.2394 -18.2537 24.1305
4 378 -49.6025 -17.1922 27.4533 -49.7516 -17.5493 27.1507 -51.2394 -18.2537 24.1305 -51.4891 -17.9539 23.6238
3 378 -49.2442 -18.977 28.1808 -49.148 -18.7441 28.3761 -49.148 -22.6057 28.3761
3 378 -49.4552 -19.0871 27.7524 -49.2442 -18.977 28.1808 -49.148 -22.6057 28.3761
4 378 -49.4552 -19.0871 27.7524 -49.148 -22.6057 28.3761 -51.2394 -18.2537 24.1305 -49.6584 -18.9222 27.3399
3 378 -49.6584 -18.9222 27.3399 -51.2394 -18.2537 24.1305 -49.7728 -18.5088 27.1076
3 378 -49.8077 -18.0251 27.0368 -49.7728 -18.5088 27.1076 -51.2394 -18.2537 24.1305
4 378 -51.5854 -18.3349 23.4281 -51.3081 -18.6289 23.9911 -52.4289 -19.1659 21.716 -52.1553 -18.6289 22.2713
4 378 -52.4289 -23.9254 21.716 -52.4289 -19.1659 21.716 -51.3903 -24.0276 23.8243 -52.2165 -24.1021 22.1472
3 378 -52.1553 -18.6289 22.2713 -51.878 -18.3349 22.8343 -51.5854 -18.3349 23.4281
4 378 -50.116 -24.0276 26.411 -51.3081 -18.6289 23.9911 -49.148 -23.2509 28.3761 -49.9036 -23.921 26.8421
3 378 -49.148 -23.2509 28.3761 -49.5521 -24.9861 27.5557 -49.5846 -24.5062 27.4898
3 378 -49.148 -23.2509 28.3761 -49.5846 -24.5062 27.4898 -49.7042 -24.1021 27.2469
4 378 -51.5394 -24.3847 23.5217 -51.5954 -24.8605 23.4078 -52.0643 -24.9861 22.456 -52.0968 -24.5062 22.3901
4 378 -51.3903 -24.0276 23.8243 -51.5394 -24.3847 23.5217 -52.0968 -24.5062 22.3901 -52.2165 -24.1021 22.1472
3 378 -49.148 -23.2509 28.3761 -49.7042 -24.1021 27.2469 -49.9036 -23.921 26.8421
4 378 -50.9785 -24.1021 24.6602 -51.1779 -23.921 24.2555 -51.3081 -18.6289 23.9911 -50.116 -24.0276 26.411
4 378 -50.8263 -24.9861 24.9691 -50.8588 -24.5062 24.9032 -50.2651 -24.3847 26.1083 -50.3212 -24.8605 25.9945
4 378 -50.8588 -24.5062 24.9032 -50.9785 -24.1021 24.6602 -50.116 -24.0276 26.411 -50.2651 -24.3847 26.1083
4 378 -52.4289 -19.1659 21.716 -51.3081 -18.6289 23.9911 -51.1779 -23.921 24.2555 -51.3903 -24.0276 23.8243
4 378 -52.2172 -27.4779 22.1458 -52.4289 -26.9483 21.716 -52.4289 -25.8916 21.716 -52.2699 -25.8124 22.0387
4 378 -51.5954 -24.8605 23.4078 -51.5606 -25.3442 23.4786 -52.1234 -25.4579 22.336 -52.0643 -24.9861 22.456
4 378 -51.3843 -28.2727 23.8363 -52.2172 -27.4779 22.1458 -52.2699 -25.8124 22.0387 -51.4461 -25.7576 23.7109
4 378 -52.2699 -25.8124 22.0387 -52.1234 -25.4579 22.336 -51.5606 -25.3442 23.4786 -51.4461 -25.7576 23.7109
3 378 -52.1144 -28.0737 22.3544 -52.2172 -27.4779 22.1458 -51.3843 -28.2727 23.8363
4 378 -51.243 -25.9225 24.1233 -51.0289 -27.2672 24.5579 -51.3843 -28.2727 23.8363 -51.4461 -25.7576 23.7109
4 378 -51.4813 -29.1036 23.6394 -51.4967 -29.9619 23.6082 -52.1015 -30.253 22.3805 -52.0739 -28.7126 22.4366
4 378 -51.4813 -29.1036 23.6394 -52.0739 -28.7126 22.4366 -52.1144 -28.0737 22.3544 -51.3843 -28.2727 23.8363
4 378 -51.0289 -27.2672 24.5579 -51.243 -25.9225 24.1233 -51.0319 -25.8124 24.5518 -50.8107 -26.8519 25.0008
4 378 -50.8107 -26.8519 25.0008 -51.0319 -25.8124 24.5518 -50.8855 -25.4579 24.849 -50.5607 -26.5431 25.5084
4 378 -50.3212 -24.8605 25.9945 -50.2863 -25.3442 26.0653 -50.8855 -25.4579 24.849 -50.8263 -24.9861 24.9691
4 378 -50.8855 -25.4579 24.849 -50.2863 -25.3442 26.0653 -50.1719 -25.7576 26.2976 -50.5607 -26.5431 25.5084
3 378 -50.5607 -26.5431 25.5084 -50.1719 -25.7576 26.2976 -50.2773 -26.4685 26.0836
4 378 -50.1719 -25.7576 26.2976 -49.9687 -25.9225 26.71 -50.0013 -26.6362 26.6439 -50.2773 -26.4685 26.0836
4 378 -49.4334 -28.7126 27.7967 -49.4739 -28.0737 27.7145 -49.5521 -24.9861 27.5557 -49.148 -23.2509 28.3761
4 378 -49.9687 -25.9225 26.71 -49.7577 -25.8124 27.1384 -49.7597 -26.9857 27.1343 -50.0013 -26.6362 26.6439
4 378 -49.7577 -25.8124 27.1384 -49.6112 -25.4579 27.4357 -49.5767 -27.4779 27.5058 -49.7597 -26.9857 27.1343
4 378 -52.2358 -31.0586 22.108 -52.1015 -30.253 22.3805 -51.4967 -29.9619 23.6082 -51.4038 -30.795 23.7968
4 378 -49.8308 -31.7335 26.99 -49.5953 -31.0586 27.468 -49.148 -32.8695 28.3761 -49.4032 -33.0041 27.858
4 378 -50.9065 -32.0667 24.8064 -50.5364 -32.2873 25.5577 -49.4032 -33.0041 27.858 -52.4289 -33.0041 21.716
4 378 -49.148 -23.2509 28.3761 -49.148 -32.8695 28.3761 -49.461 -30.253 27.7406 -49.4334 -28.7126 27.7967
3 378 -49.5953 -31.0586 27.468 -49.461 -30.253 27.7406 -49.148 -32.8695 28.3761
4 378 -52.4289 -31.5915 21.716 -52.2358 -31.0586 22.108 -51.4038 -30.795 23.7968 -51.204 -31.5277 24.2024
3 378 -50.1571 -32.1841 26.3276 -49.8308 -31.7335 26.99 -49.4032 -33.0041 27.858
4 378 -52.4289 -31.5915 21.716 -51.204 -31.5277 24.2024 -50.9065 -32.0667 24.8064 -52.4289 -33.0041 21.716
3 378 -50.5364 -32.2873 25.5577 -50.1571 -32.1841 26.3276 -49.4032 -33.0041 27.858
4 378 -49.148 -34.3931 28.3761 -52.4289 -34.3931 21.716 -52.4289 -33.4924 21.716 -49.4749 -33.4924 27.7124
3 378 -45.0214 -15.7272 34.547 -45.0214 -16.3469 34.547 -45.6868 -16.2117 33.5519
3 378 -49.148 -15.7272 28.3761 -46.2687 -16.4395 32.6817 -46.8172 -16.8239 31.8616
4 378 -49.148 -17.4111 28.3761 -49.148 -15.7272 28.3761 -47.2876 -17.4392 31.1581 -49.0436 -17.6708 28.5322
4 378 -49.148 -15.7272 28.3761 -45.0214 -15.7272 34.547 -45.6868 -16.2117 33.5519 -46.2687 -16.4395 32.6817
4 378 -47.9725 -19.0492 30.1339 -48.9995 -18.1507 28.5981 -49.0436 -17.6708 28.5322 -47.6754 -18.1899 30.5782
3 378 -49.148 -15.7272 28.3761 -46.8172 -16.8239 31.8616 -47.2876 -17.4392 31.1581
4 378 -47.9725 -19.0492 30.1339 -48.1711 -19.9824 29.8368 -49.148 -18.7441 28.3761 -49.0798 -18.6225 28.4781
4 378 -49.148 -22.6057 28.3761 -49.148 -18.7441 28.3761 -48.1711 -19.9824 29.8368 -48.2551 -20.9609 29.7113
3 378 -49.0798 -18.6225 28.4781 -48.9995 -18.1507 28.5981 -47.9725 -19.0492 30.1339
3 378 -49.0436 -17.6708 28.5322 -47.2876 -17.4392 31.1581 -47.6754 -18.1899 30.5782
3 378 -48.6484 -23.4818 29.1231 -48.8747 -23.0245 28.7847 -48.1583 -22.9248 29.856
3 378 -49.148 -22.6057 28.3761 -48.2551 -20.9609 29.7113 -48.2579 -21.9485 29.7072
4 378 -49.148 -22.6057 28.3761 -48.2579 -21.9485 29.7072 -48.1583 -22.9248 29.856 -48.8747 -23.0245 28.7847
4 378 -47.6884 -24.7358 30.5587 -48.457 -24.6072 29.4093 -48.503 -24.0205 29.3406 -47.9684 -23.8636 30.1401
4 378 -48.6484 -23.4818 29.1231 -48.1583 -22.9248 29.856 -47.9684 -23.8636 30.1401 -48.503 -24.0205 29.3406
4 378 -46.4359 -29.1521 32.4317 -48.4595 -31.4077 29.4057 -48.457 -24.6072 29.4093 -47.3111 -25.5056 31.1229
3 378 -48.457 -24.6072 29.4093 -47.6884 -24.7358 30.5587 -47.3111 -25.5056 31.1229
4 378 -46.5736 -30.7006 32.2258 -46.4949 -31.4787 32.3435 -48.5027 -32.0358 29.341 -48.4595 -31.4077 29.4057
4 378 -46.232 -28.4421 32.7367 -46.4359 -29.1521 32.4317 -47.3111 -25.5056 31.1229 -46.8313 -26.0926 31.8405
3 378 -48.4595 -31.4077 29.4057 -46.4359 -29.1521 32.4317 -46.5524 -29.9144 32.2576
4 378 -45.9268 -27.8415 33.1931 -46.232 -28.4421 32.7367 -46.8313 -26.0926 31.8405 -46.2926 -26.5216 32.6461
3 378 -49.148 -34.3931 28.3761 -49.148 -33.3566 28.3761 -48.874 -33.1243 28.7858
4 378 -46.0649 -32.8721 32.9865 -49.148 -34.3931 28.3761 -48.874 -33.1243 28.7858 -48.6322 -32.6329 29.1474
3 378 -45.0214 -33.7799 34.547 -45.0214 -34.3931 34.547 -45.2745 -33.7184 34.1686
4 378 -49.148 -34.3931 28.3761 -45.708 -33.399 33.5203 -45.2745 -33.7184 34.1686 -45.0214 -34.3931 34.547
3 378 -46.0649 -32.8721 32.9865 -45.708 -33.399 33.5203 -49.148 -34.3931 28.3761
4 378 -45.7083 -26.7274 33.5198 -45.0214 -26.6117 34.547 -45.0214 -27.1442 34.547 -45.5412 -27.3837 33.7697
3 378 -46.325 -32.2127 32.5976 -46.0649 -32.8721 32.9865 -48.6322 -32.6329 29.1474
4 378 -48.6322 -32.6329 29.1474 -48.5027 -32.0358 29.341 -46.4949 -31.4787 32.3435 -46.325 -32.2127 32.5976
4 378 -46.2926 -26.5216 32.6461 -45.7083 -26.7274 33.5198 -45.5412 -27.3837 33.7697 -45.9268 -27.8415 33.1931
4 378 -48.7358 -31.7821 28.9925 -49.148 -32.8695 28.3761 -49.148 -23.2509 28.3761 -48.704 -24.6475 29.04
4 378 -49.148 -23.2509 28.3761 -49.0334 -23.4315 28.5474 -48.7886 -23.9821 28.9136 -48.704 -24.6475 29.04
3 378 -48.7358 -31.7821 28.9925 -48.8405 -32.4015 28.8359 -49.148 -32.8695 28.3761
4 378 -49.148 -34.8728 28.3761 -45.0214 -34.8728 34.547 -45.0214 -38 34.547 -49.148 -38 28.3761
3 378 -56.2645 -20.2683 7.4074 -56.2645 -15.9151 7.4074 -56.2178 -19.3653 7.6416
4 378 -55.8798 -17.1481 9.3379 -56.0205 -17.7703 8.6319 -56.2645 -15.9151 7.4074 -56.1582 -15.7272 7.9406
3 378 -56.2178 -19.3653 7.6416 -56.2645 -15.9151 7.4074 -56.1333 -18.5237 8.0657
3 378 -54.814 -15.7272 14.6862 -54.814 -18.1546 14.6862 -54.8608 -17.8367 14.4509
3 378 -54.814 -15.7272 14.6862 -54.8608 -17.8367 14.4509 -55 -17.2072 13.7523
3 378 -56.1333 -18.5237 8.0657 -56.2645 -15.9151 7.4074 -56.0205 -17.7703 8.6319
3 378 -54.814 -15.7272 14.6862 -55 -17.2072 13.7523 -55.1622 -16.7336 12.9386
3 378 -54.814 -15.7272 14.6862 -55.1622 -16.7336 12.9386 -55.3443 -16.5282 12.0249
4 378 -55.3443 -16.5282 12.0249 -55.5313 -16.5044 11.0868 -56.1582 -15.7272 7.9406 -54.814 -15.7272 14.6862
3 378 -55.7133 -16.72 10.1731 -55.8798 -17.1481 9.3379 -56.1582 -15.7272 7.9406
3 378 -56.2645 -30.6536 7.4074 -56.2645 -22.8171 7.4074 -56.2545 -29.7697 7.4578
4 378 -56.1909 -23.9631 7.7768 -56.2108 -29.0162 7.6767 -56.2545 -29.7697 7.4578 -56.2645 -22.8171 7.4074
4 378 -56.0891 -24.7534 8.2874 -56.1335 -28.3329 8.0645 -56.2108 -29.0162 7.6767 -56.1909 -23.9631 7.7768
4 378 -55.9633 -25.4525 8.9189 -56.0311 -27.7412 8.5785 -56.1335 -28.3329 8.0645 -56.0891 -24.7534 8.2874
4 378 -55.8118 -26.0047 9.6791 -55.9008 -27.3132 9.2324 -56.0311 -27.7412 8.5785 -55.9633 -25.4525 8.9189
4 378 -55.6391 -26.3654 10.5458 -55.7496 -27.1298 9.9913 -55.9008 -27.3132 9.2324 -55.8118 -26.0047 9.6791
3 378 -55.7496 -27.1298 9.9913 -55.6391 -26.3654 10.5458 -55.5941 -27.1623 10.7717
4 378 -55.3235 -27.9143 12.1293 -55.4472 -27.4337 11.5088 -55.4536 -26.4921 11.4766 -55.2669 -26.3921 12.4132
4 378 -55.6391 -26.3654 10.5458 -55.4536 -26.4921 11.4766 -55.4472 -27.4337 11.5088 -55.5941 -27.1623 10.7717
4 378 -54.9393 -25.5134 14.0571 -54.814 -24.8223 14.6862 -54.814 -34.3931 14.6862 -55.129 -30.0179 13.1052
4 378 -55.129 -30.0179 13.1052 -55.1603 -29.2482 12.948 -55.0925 -26.0567 13.2886 -54.9393 -25.5134 14.0571
4 378 -55.2669 -26.3921 12.4132 -55.0925 -26.0567 13.2886 -55.2268 -28.5376 12.6145 -55.3235 -27.9143 12.1293
3 378 -55.2268 -28.5376 12.6145 -55.0925 -26.0567 13.2886 -55.1603 -29.2482 12.948
3 378 -54.814 -34.3931 14.6862 -55.126 -30.8049 13.1203 -55.129 -30.0179 13.1052
3 378 -56.2645 -34.2051 7.4074 -56.2645 -30.6536 7.4074 -56.2503 -31.3427 7.4786
3 378 -56.2645 -34.2051 7.4074 -56.2503 -31.3427 7.4786 -56.1994 -32.0852 7.7339
4 378 -56.116 -32.7485 8.1528 -56.0079 -33.314 8.6952 -56.1582 -34.3931 7.9406 -56.2645 -34.2051 7.4074
4 378 -56.1582 -34.3931 7.9406 -55.7184 -33.8429 10.1475 -55.5642 -33.7659 10.9216 -54.814 -34.3931 14.6862
3 378 -55.1513 -31.5818 12.9936 -55.126 -30.8049 13.1203 -54.814 -34.3931 14.6862
3 378 -55.2099 -32.3085 12.6991 -55.1513 -31.5818 12.9936 -54.814 -34.3931 14.6862
3 378 -56.2645 -34.2051 7.4074 -56.1994 -32.0852 7.7339 -56.116 -32.7485 8.1528
3 378 -55.3026 -32.942 12.2342 -55.2099 -32.3085 12.6991 -54.814 -34.3931 14.6862
3 378 -55.4212 -33.4482 11.6393 -55.3026 -32.942 12.2342 -54.814 -34.3931 14.6862
3 378 -56.0079 -33.314 8.6952 -55.8719 -33.6963 9.3777 -56.1582 -34.3931 7.9406
3 378 -55.8719 -33.6963 9.3777 -55.7184 -33.8429 10.1475 -56.1582 -34.3931 7.9406
3 378 -56.2645 -38 7.4074 -56.2645 -34.697 7.4074 -56.1644 -34.8728 7.9099
4 378 -56.2645 -38 7.4074 -56.1644 -34.8728 7.9099 -54.814 -34.8728 14.6862 -54.814 -38 14.6862
4 378 -43.0938 -15.7272 36.7478 -44.3708 -16.6174 35.2899 -45.0214 -16.3469 34.547 -45.0214 -15.7272 34.547
4 378 -43.7087 -17.145 36.0458 -43.0938 -15.7272 36.7478 -42.5993 -15.9461 37.3124 -43.1423 -17.8255 36.6924
4 378 -41.8379 -16.8272 38.1816 -43.1423 -17.8255 36.6924 -42.5993 -15.9461 37.3124 -42.1701 -16.3174 37.8023
4 378 -41.6296 -17.4315 38.4195 -42.7037 -18.6464 37.1931 -43.1423 -17.8255 36.6924 -41.8379 -16.8272 38.1816
4 378 -42.3952 -19.5539 37.5454 -42.7037 -18.6464 37.1931 -41.6296 -17.4315 38.4195 -41.5103 -18.0738 38.5557
4 378 -41.5103 -32.0465 38.5557 -41.6296 -32.6888 38.4195 -42.767 -32.1644 37.1209 -42.558 -31.4221 37.3595
4 378 -41.6296 -32.6888 38.4195 -41.8379 -33.2931 38.1816 -42.1701 -33.8029 37.8023 -42.767 -32.1644 37.1209
4 378 -42.1701 -33.8029 37.8023 -42.5993 -34.1742 37.3124 -43.0938 -34.3931 36.7478 -43.1059 -32.8244 36.734
4 378 -43.5626 -33.3583 36.2125 -43.0938 -34.3931 36.7478 -45.0214 -34.3931 34.547 -44.1214 -33.711 35.5746
3 378 -45.0214 -34.3931 34.547 -45.0214 -33.7799 34.547 -44.7372 -33.8327 34.8715
3 378 -45.0214 -34.3931 34.547 -44.7372 -33.8327 34.8715 -44.1214 -33.711 35.5746
3 378 -42.1701 -33.8029 37.8023 -43.1059 -32.8244 36.734 -42.767 -32.1644 37.1209
4 378 -41.5103 -32.0465 38.5557 -42.2043 -22.484 37.7633 -42.1382 -21.4974 37.8388 -41.5103 -18.0738 38.5557
3 378 -42.4787 -30.6393 37.4501 -41.5103 -32.0465 38.5557 -42.558 -31.4221 37.3595
3 378 -43.7087 -17.145 36.0458 -44.3708 -16.6174 35.2899 -43.0938 -15.7272 36.7478
3 378 -43.0938 -34.3931 36.7478 -43.5626 -33.3583 36.2125 -43.1059 -32.8244 36.734
3 378 -42.2062 -20.5136 37.7612 -42.3952 -19.5539 37.5454 -41.5103 -18.0738 38.5557
3 378 -42.1382 -21.4974 37.8388 -42.2062 -20.5136 37.7612 -41.5103 -18.0738 38.5557
3 378 -41.5103 -32.0465 38.5557 -42.4787 -30.6393 37.4501 -42.5202 -29.8526 37.4026
3 378 -42.2043 -22.484 37.7633 -41.5103 -32.0465 38.5557 -42.3976 -23.445 37.5426
4 378 -42.5202 -29.8526 37.4026 -42.6718 -29.0879 37.2295 -42.3976 -23.445 37.5426 -41.5103 -32.0465 38.5557
4 378 -42.9665 -28.3978 36.8931 -42.7169 -24.3478 37.1781 -42.3976 -23.445 37.5426 -42.6718 -29.0879 37.2295
4 378 -42.7169 -24.3478 37.1781 -42.9665 -28.3978 36.8931 -43.379 -27.809 36.4222 -43.1572 -25.1658 36.6753
4 378 -43.8866 -27.3581 35.8426 -43.7244 -25.8469 36.0278 -43.1572 -25.1658 36.6753 -43.379 -27.809 36.4222
4 378 -44.3984 -26.3495 35.2583 -44.4888 -27.1435 35.1551 -45.0214 -27.1442 34.547 -45.0214 -26.6117 34.547
4 378 -44.4888 -27.1435 35.1551 -44.3984 -26.3495 35.2583 -43.7244 -25.8469 36.0278 -43.8866 -27.3581 35.8426
4 378 -52.4289 -15.7272 21.716 -53.6047 -17.0856 18.2505 -53.7656 -17.1922 17.7762 -54.814 -15.7272 14.6862
4 378 -53.4536 -17.2667 18.6957 -52.4289 -15.7272 21.716 -52.4289 -18.6437 21.716 -53.3629 -17.6708 18.9629
3 378 -52.4289 -18.6437 21.716 -53.3383 -18.1507 19.0354 -53.3629 -17.6708 18.9629
4 378 -54.7039 -18.5928 15.0104 -54.814 -18.1546 14.6862 -53.8785 -17.5493 17.4433 -53.921 -18.0251 17.3181
4 378 -54.814 -18.1546 14.6862 -54.814 -15.7272 14.6862 -53.7656 -17.1922 17.7762 -53.8785 -17.5493 17.4433
4 378 -54.2214 -24.0205 16.4326 -54.2471 -24.6072 16.357 -54.814 -24.8223 14.6862 -54.6388 -24.027 15.2026
4 378 -54.814 -34.3931 14.6862 -54.814 -24.8223 14.6862 -54.2471 -24.6072 16.357 -54.2457 -31.4076 16.361
4 378 -52.4289 -33.4924 21.716 -52.4289 -34.3931 21.716 -54.814 -34.3931 14.6862 -53.6138 -33.4924 18.2236
3 378 -53.8253 -33.4115 17.6001 -53.6138 -33.4924 18.2236 -54.814 -34.3931 14.6862
3 378 -54.0144 -33.1243 17.0429 -53.8253 -33.4115 17.6001 -54.814 -34.3931 14.6862
3 378 -54.1493 -32.6329 16.6451 -54.0144 -33.1243 17.0429 -54.814 -34.3931 14.6862
3 378 -54.2216 -32.0358 16.4321 -54.1493 -32.6329 16.6451 -54.814 -34.3931 14.6862
3 378 -54.2457 -31.4076 16.361 -54.2216 -32.0358 16.4321 -54.814 -34.3931 14.6862
4 378 -54.6388 -24.027 15.2026 -54.5163 -23.1564 15.5636 -54.1402 -23.4818 16.6719 -54.2214 -24.0205 16.4326
4 378 -53.654 -19.0871 18.1051 -54.014 -23.0245 17.0441 -54.4501 -22.2321 15.7586 -54.4384 -21.2892 15.793
4 378 -54.5163 -23.1564 15.5636 -54.4501 -22.2321 15.7586 -54.014 -23.0245 17.0441 -54.1402 -23.4818 16.6719
4 378 -54.4778 -20.3521 15.6769 -53.8079 -18.9222 17.6514 -53.654 -19.0871 18.1051 -54.4384 -21.2892 15.793
4 378 -53.8946 -18.5088 17.3959 -53.8079 -18.9222 17.6514 -54.4778 -20.3521 15.6769 -54.5668 -19.4451 15.4145
3 378 -53.3831 -18.6225 18.9034 -53.3383 -18.1507 19.0354 -52.4289 -18.6437 21.716
4 378 -54.014 -23.0245 17.0441 -53.4941 -18.977 18.5764 -53.3831 -18.6225 18.9034 -52.4289 -18.6437 21.716
3 378 -53.654 -19.0871 18.1051 -53.4941 -18.977 18.5764 -54.014 -23.0245 17.0441
4 378 -54.5668 -19.4451 15.4145 -54.7039 -18.5928 15.0104 -53.921 -18.0251 17.3181 -53.8946 -18.5088 17.3959
4 378 -54.814 -34.8728 14.6862 -52.4289 -34.8728 21.716 -52.4289 -38 21.716 -54.814 -38 14.6862
4 378 -53.2792 -32.0667 19.2097 -52.9988 -32.2873 20.0361 -52.4289 -33.0041 21.716 -53.6681 -33.0041 18.0635
4 378 -53.8789 -32.8573 17.4421 -53.5046 -31.5277 18.5453 -53.2792 -32.0667 19.2097 -53.6681 -33.0041 18.0635
4 378 -54.0915 -31.7821 16.8155 -53.5046 -31.5277 18.5453 -53.8789 -32.8573 17.4421 -54.0331 -32.4015 16.9878
4 378 -53.6413 -28.2727 18.1426 -53.7147 -29.1036 17.926 -54.0915 -31.7821 16.8155 -54.1092 -24.6475 16.7633
4 378 -53.6776 -25.3442 18.0355 -53.5909 -25.7576 18.291 -53.6413 -28.2727 18.1426 -54.1092 -24.6475 16.7633
3 378 -52.7115 -32.184 20.883 -52.4289 -31.5915 21.716 -52.4289 -33.0041 21.716
3 378 -53.6413 -28.2727 18.1426 -53.5909 -25.7576 18.291 -53.372 -27.2672 18.9364
3 378 -52.9988 -32.2873 20.0361 -52.7115 -32.184 20.883 -52.4289 -33.0041 21.716
4 378 -53.1661 -25.4579 19.543 -53.1214 -24.9861 19.675 -52.7386 -24.8605 20.8029 -52.7122 -25.3442 20.8808
4 378 -53.2067 -26.8519 19.4235 -53.2771 -25.8124 19.2159 -53.1661 -25.4579 19.543 -53.0172 -26.5431 19.9818
4 378 -53.0172 -26.5431 19.9818 -53.1661 -25.4579 19.543 -52.7122 -25.3442 20.8808 -52.8025 -26.4685 20.6146
4 378 -52.5934 -26.6362 21.2309 -52.8025 -26.4685 20.6146 -52.7122 -25.3442 20.8808 -52.6255 -25.7576 21.1363
3 378 -53.437 -25.9225 18.7447 -53.2771 -25.8124 19.2159 -53.2067 -26.8519 19.4235
4 378 -52.5934 -26.6362 21.2309 -52.4716 -25.9225 21.59 -52.4289 -25.8916 21.716 -52.4289 -26.9483 21.716
3 378 -52.6255 -25.7576 21.1363 -52.4716 -25.9225 21.59 -52.5934 -26.6362 21.2309
3 378 -53.656 -30.795 18.0991 -53.5046 -31.5277 18.5453 -54.0915 -31.7821 16.8155
3 378 -53.7264 -29.9619 17.8917 -53.656 -30.795 18.0991 -54.0915 -31.7821 16.8155
3 378 -53.7147 -29.1036 17.926 -53.7264 -29.9619 17.8917 -54.0915 -31.7821 16.8155
3 378 -52.4289 -19.1659 21.716 -52.4289 -23.9254 21.716 -52.5832 -24.0276 21.2611
4 378 -52.6962 -24.3847 20.9282 -52.7386 -24.8605 20.8029 -53.1214 -24.9861 19.675 -53.1459 -24.5062 19.6025
4 378 -53.3877 -23.921 18.89 -52.4289 -19.1659 21.716 -52.5832 -24.0276 21.2611 -53.2366 -24.1021 19.3352
4 378 -53.1459 -24.5062 19.6025 -53.2366 -24.1021 19.3352 -52.5832 -24.0276 21.2611 -52.6962 -24.3847 20.9282
4 378 -53.5486 -24.0276 18.4158 -53.9254 -23.4315 17.3051 -52.4289 -19.1659 21.716 -53.3877 -23.921 18.89
3 378 -53.6615 -24.3847 18.0828 -53.9254 -23.4315 17.3051 -53.5486 -24.0276 18.4158
4 378 -53.6776 -25.3442 18.0355 -54.1092 -24.6475 16.7633 -54.062 -23.9821 16.9024 -53.704 -24.8605 17.9576
4 378 -53.9254 -23.4315 17.3051 -53.6615 -24.3847 18.0828 -53.704 -24.8605 17.9576 -54.062 -23.9821 16.9024
4 0 -14.6888 -5.3358 54.8176 -21.7175 -5.3358 52.4287 -21.7175 -4.8561 52.4287 -14.6888 -4.8561 54.8176
4 0 -18.0504 -24.8227 53.6751 -18.5119 -25.4188 53.5182 -19.1561 -25.3088 53.2993 -18.7897 -24.5854 53.4238
4 0 -14.6888 -34.8728 54.8176 -21.7175 -34.8728 52.4287 -21.7175 -34.3931 52.4287 -14.6888 -34.3931 54.8176
4 0 -16.2529 -15.0024 54.286 -15.6059 -14.9967 54.5059 -14.6888 -15.598 54.8176 -16.8966 -15.598 54.0672
4 0 -14.6888 -11.663 54.8176 -15.1266 -12.885 54.6688 -15.6071 -7.8771 54.5054 -15.1142 -9.1447 54.673
4 0 -15.1266 -8.1069 54.6688 -15.6071 -7.8771 54.5054 -14.6888 -6.9608 54.8176 -14.9756 -7.9415 54.7201
3 0 -16.7062 -8.1069 54.1319 -16.9049 -7.9415 54.0644 -16.2748 -7.8771 54.2785
4 0 -40.1307 -7.7371 40.1308 -39.7834 -7.7371 40.435 -39.7834 -32.0465 40.435 -40.1307 -32.0465 40.1308
4 0 -35.9552 -15.0024 43.7886 -35.367 -14.9967 44.3039 -34.5469 -15.598 45.0224 -36.5404 -15.598 43.276
3 0 -36.3673 -8.1069 43.4276 -36.5479 -7.9415 43.2694 -35.9752 -7.8771 43.7712
3 0 -11.6506 -14.5586 55.4206 -10.8771 -14.1435 55.5741 -10.1867 -14.9967 55.7111
3 0 -11.47 -10.0925 55.4564 -11.7572 -9.7743 55.3994 -10.8771 -9.3654 55.5741
4 0 -8.3603 -32.7178 56.0736 -9.223 -32.9105 55.9024 -9.677 -31.869 55.8123 -8.9876 -31.9 55.9491
4 0 -11.0804 -28.1263 55.5337 -10.2832 -27.3689 55.692 -9.5214 -28.1256 55.8432 -10.149 -28.4166 55.7186
3 0 -33.8479 -9.3551 45.49 -33.9393 -9.7743 45.4288 -34.2004 -10.0925 45.2542
3 0 -31.7713 -14.5586 46.8791 -31.0681 -14.1435 47.3495 -30.4405 -14.9967 47.7694
3 0 -34.0166 -30.6311 45.3771 -34.272 -31.4769 45.2063 -34.5469 -31.9051 45.0224
3 0 -28.5913 -12.2534 49.0064 -29.1226 -13.9228 48.651 -29.1339 -12.885 48.6434
4 0 -29.4517 -8.1069 48.4308 -29.8323 -7.8771 48.1762 -29.0487 -6.9608 48.7004 -29.3145 -7.9415 48.5226
3 0 -31.6071 -10.0925 46.9889 -31.8682 -9.7743 46.8143 -31.0681 -9.3654 47.3495
3 0 -6.8372 -30.6311 56.3002 -7.1182 -31.4769 56.2818 -7.4065 -31.8852 56.2629
4 0 -21.7175 -5.3358 52.4287 -28.3768 -5.3358 49.1499 -28.3768 -4.8561 49.1499 -21.7175 -4.8561 52.4287
4 0 -24.0151 -31.0076 51.2975 -24.6842 -31.8454 50.968 -25.5227 -31.3785 50.5552 -24.948 -30.863 50.8381
4 0 -24.8642 -26.1509 50.8794 -24.5978 -26.9102 51.0105 -25.2075 -27.0586 50.7104 -25.3527 -26.575 50.6389
4 0 -21.7175 -7.2567 52.4287 -21.7175 -6.8061 52.4287 -20.6405 -6.8061 52.7948 -20.6405 -7.2567 52.7948
3 0 -19.8337 -7.414 53.069 -19.7797 -7.9312 53.0873 -20.1262 -7.9312 52.9696
4 0 -20.1262 -7.9312 52.9696 -19.7797 -7.9312 53.0873 -19.7797 -18.1966 53.0873 -20.1262 -18.1966 52.9696
4 0 -20.2566 -18.6275 52.9252 -20.1262 -18.1966 52.9696 -19.7797 -18.1966 53.0873 -19.8337 -18.7139 53.069
4 0 -20.6405 -18.8711 52.7948 -20.2566 -18.6275 52.9252 -19.8337 -18.7139 53.069 -20.1695 -19.1078 52.9549
4 0 -20.1695 -19.1078 52.9549 -20.6405 -19.3218 52.7948 -21.7175 -19.3218 52.4287 -20.6405 -18.8711 52.7948
3 0 -21.7175 -19.3218 52.4287 -21.7175 -18.8711 52.4287 -20.6405 -18.8711 52.7948
4 0 -20.6405 -6.8061 52.7948 -20.1695 -7.02 52.9549 -20.2566 -7.5003 52.9252 -20.6405 -7.2567 52.7948
4 0 -20.1695 -7.02 52.9549 -19.8337 -7.414 53.069 -20.1262 -7.9312 52.9696 -20.2566 -7.5003 52.9252
3 0 -21.7175 -25.0284 52.4287 -21.7175 -23.3968 52.4287 -21.3186 -24.6224 52.5643
4 0 -21.0167 -22.7704 52.6669 -20.6153 -24.0926 52.8033 -21.3186 -24.6224 52.5643 -21.7175 -23.3968 52.4287
4 0 -20.6153 -24.0926 52.8033 -21.0167 -22.7704 52.6669 -20.0239 -22.2797 53.0043 -19.7992 -23.7831 53.0807
4 0 -18.9342 -22.0879 53.3747 -18.9259 -23.728 53.3775 -19.7992 -23.7831 53.0807 -20.0239 -22.2797 53.0043
4 0 -18.0706 -23.906 53.6682 -18.9259 -23.728 53.3775 -18.9342 -22.0879 53.3747 -17.84 -22.2223 53.7466
4 0 -17.2897 -24.306 53.9336 -18.0706 -23.906 53.6682 -17.84 -22.2223 53.7466 -16.8339 -22.6874 54.0885
4 0 -16.6561 -24.9103 54.1489 -17.2897 -24.306 53.9336 -16.8339 -22.6874 54.0885 -15.9879 -23.4003 54.376
4 0 -16.1661 -25.6397 54.3155 -16.6561 -24.9103 54.1489 -15.9879 -23.4003 54.376 -15.3438 -24.3011 54.595
4 0 -15.8306 -26.4528 54.4295 -16.1661 -25.6397 54.3155 -15.3438 -24.3011 54.595 -14.919 -25.326 54.7393
4 0 -15.6788 -27.3206 54.4811 -15.8306 -26.4528 54.4295 -14.919 -25.326 54.7393 -14.6888 -26.4134 54.8176
4 0 -14.6888 -26.4134 54.8176 -14.8545 -28.6229 54.7613 -15.6764 -28.205 54.4819 -15.6788 -27.3206 54.4811
4 0 -18.1652 -32.7178 53.636 -18.0431 -31.6481 53.6775 -17.2792 -31.2198 53.9372 -17.1621 -32.2555 53.977
4 0 -18.0431 -31.6481 53.6775 -18.1652 -32.7178 53.636 -19.2584 -32.8573 53.2645 -18.8972 -31.8354 53.3873
4 0 -18.8972 -31.8354 53.3873 -19.2584 -32.8573 53.2645 -20.342 -32.647 52.8962 -19.7708 -31.7678 53.0904
4 0 -19.7708 -31.7678 53.0904 -20.342 -32.647 52.8962 -21.3249 -32.1469 52.5622 -20.5986 -31.4727 52.809
4 0 -21.7175 -31.7952 52.4287 -21.3159 -30.9711 52.5652 -20.5986 -31.4727 52.809 -21.3249 -32.1469 52.5622
3 0 -21.7175 -31.7952 52.4287 -21.7175 -30.5479 52.4287 -21.3159 -30.9711 52.5652
4 0 -16.2841 -31.5838 54.2754 -16.6283 -30.632 54.1584 -16.1433 -29.8957 54.3232 -15.6203 -30.6972 54.501
4 0 -17.1621 -32.2555 53.977 -17.2792 -31.2198 53.9372 -16.6283 -30.632 54.1584 -16.2841 -31.5838 54.2754
4 0 -15.6203 -30.6972 54.501 -16.1433 -29.8957 54.3232 -15.8233 -29.0706 54.432 -15.1508 -29.6918 54.6605
4 0 -15.1508 -29.6918 54.6605 -15.8233 -29.0706 54.432 -15.6764 -28.205 54.4819 -14.8545 -28.6229 54.7613
4 0 -21.7175 -28.8744 52.4287 -21.7175 -26.6989 52.4287 -21.1188 -27.0586 52.6322 -21.2634 -27.7206 52.5831
4 0 -21.4112 -25.9616 52.5328 -20.9405 -26.575 52.6928 -21.1188 -27.0586 52.6322 -21.7175 -26.6989 52.4287
4 0 -21.1188 -27.0586 52.6322 -20.9405 -26.575 52.6928 -17.3049 -26.575 53.9284 -17.1451 -27.0586 53.9827
4 0 -16.9176 -25.8734 54.0601 -16.5821 -26.5817 54.1741 -17.1451 -27.0586 53.9827 -17.3049 -26.575 53.9284
4 0 -17.1451 -27.0586 53.9827 -16.4043 -27.3439 54.2345 -16.3918 -28.1266 54.2388 -17.023 -27.7878 54.0242
3 0 -16.5821 -26.5817 54.1741 -16.4043 -27.3439 54.2345 -17.1451 -27.0586 53.9827
4 0 -16.5437 -28.8958 54.1872 -17.1074 -28.5146 53.9956 -17.023 -27.7878 54.0242 -16.3918 -28.1266 54.2388
4 0 -16.8564 -29.6156 54.0809 -17.3631 -29.1955 53.9086 -17.1074 -28.5146 53.9956 -16.5437 -28.8958 54.1872
4 0 -18.4575 -30.1392 53.5367 -17.8274 -29.7612 53.7508 -17.3277 -30.242 53.9207 -17.9476 -30.7204 53.71
3 0 -18.6794 -30.9824 53.4613 -19.458 -30.9831 53.1967 -19.1757 -30.2698 53.2926
4 0 -17.9476 -30.7204 53.71 -18.6794 -30.9824 53.4613 -19.1757 -30.2698 53.2926 -18.4575 -30.1392 53.5367
4 0 -19.1757 -30.2698 53.2926 -19.458 -30.9831 53.1967 -20.201 -30.7414 52.9441 -19.8891 -30.1254 53.0501
4 0 -20.201 -30.7414 52.9441 -20.8439 -30.3013 52.7256 -20.4933 -29.724 52.8448 -19.8891 -30.1254 53.0501
4 0 -20.9114 -29.1349 52.7027 -20.4933 -29.724 52.8448 -20.8439 -30.3013 52.7256 -21.3402 -29.6985 52.557
3 0 -21.2634 -27.7206 52.5831 -21.1669 -28.4489 52.6159 -21.7175 -28.8744 52.4287
4 0 -21.3402 -29.6985 52.557 -21.7175 -28.8744 52.4287 -21.1669 -28.4489 52.6159 -20.9114 -29.1349 52.7027
4 0 -17.3277 -30.242 53.9207 -17.8274 -29.7612 53.7508 -17.3631 -29.1955 53.9086 -16.8564 -29.6156 54.0809
4 0 -20.9316 -25.3419 52.6958 -20.7322 -26.137 52.7636 -20.9405 -26.575 52.6928 -21.4112 -25.9616 52.5328
4 0 -20.7322 -26.137 52.7636 -20.9316 -25.3419 52.6958 -20.3046 -24.8698 52.9089 -20.1502 -25.585 52.9614
4 0 -20.1502 -25.585 52.9614 -20.3046 -24.8698 52.9089 -19.5715 -24.6034 53.1581 -19.5896 -25.3597 53.1519
4 0 -18.7897 -24.5854 53.4238 -19.1561 -25.3088 53.2993 -19.5896 -25.3597 53.1519 -19.5715 -24.6034 53.1581
4 0 -18.5119 -25.4188 53.5182 -18.0504 -24.8227 53.6751 -17.4073 -25.2636 53.8936 -17.9933 -25.6964 53.6945
4 0 -17.9933 -25.6964 53.6945 -17.4073 -25.2636 53.8936 -16.9176 -25.8734 54.0601 -17.5411 -26.1019 53.8482
3 0 -17.5411 -26.1019 53.8482 -16.9176 -25.8734 54.0601 -17.3049 -26.575 53.9284
4 0 -16.8967 -18.082 54.0672 -17.3679 -17.9125 53.907 -17.5998 -17.6161 53.8282 -16.8966 -17.0588 54.0672
4 0 -16.8966 -15.598 54.0672 -16.8966 -17.0588 54.0672 -17.5998 -17.6161 53.8282 -17.6705 -17.0773 53.8042
4 0 -16.8966 -15.598 54.0672 -17.6705 -17.0773 53.8042 -17.6399 -12.2534 53.8146 -17.0556 -13.9228 54.0132
4 0 -14.6888 -18.119 54.8176 -16.8967 -18.082 54.0672 -16.8966 -17.0588 54.0672 -14.6888 -17.0588 54.8176
3 0 -17.0556 -13.9228 54.0132 -16.9046 -14.1435 54.0645 -16.8966 -15.598 54.0672
4 0 -16.7059 -13.9228 54.132 -16.2529 -15.0024 54.286 -16.8966 -15.598 54.0672 -16.9046 -14.1435 54.0645
3 0 -14.9155 -14.1435 54.7405 -14.7646 -13.9228 54.7918 -14.6888 -15.598 54.8176
4 0 -15.1142 -13.9228 54.673 -14.9155 -14.1435 54.7405 -14.6888 -15.598 54.8176 -15.6059 -14.9967 54.5059
4 0 -14.6888 -15.598 54.8176 -14.7646 -13.9228 54.7918 -14.777 -12.885 54.7876 -14.6888 -11.663 54.8176
3 0 -14.6888 -11.663 54.8176 -14.777 -12.885 54.7876 -14.9756 -12.7196 54.7201
3 0 -14.7645 -9.1447 54.7918 -14.6888 -10.2488 54.8176 -14.9155 -9.3654 54.7405
3 0 -14.6888 -11.663 54.8176 -14.9756 -12.7196 54.7201 -15.1266 -12.885 54.6688
4 0 -15.1142 -13.9228 54.673 -15.6059 -14.9967 54.5059 -15.6071 -7.8771 54.5054 -15.1266 -12.885 54.6688
3 0 -15.6071 -7.8771 54.5054 -15.1266 -8.1069 54.6688 -15.1142 -9.1447 54.673
4 0 -14.6888 -11.663 54.8176 -15.1142 -9.1447 54.673 -14.9155 -9.3654 54.7405 -14.6888 -10.2488 54.8176
4 0 -14.6888 -10.2488 54.8176 -14.7645 -9.1447 54.7918 -14.777 -8.1069 54.7876 -14.6888 -6.9608 54.8176
4 0 -17.892 -7.6909 53.7289 -17.7749 -7.3244 53.7687 -17.5069 -7.0594 53.8598 -17.1368 -6.9608 53.9855
4 0 -14.6888 -6.9608 54.8176 -15.6071 -7.8771 54.5054 -16.2748 -7.8771 54.2785 -17.1368 -6.9608 53.9855
3 0 -14.6888 -6.9608 54.8176 -14.777 -8.1069 54.7876 -14.9756 -7.9415 54.7201
4 0 -17.1005 -11.6403 53.9979 -16.6938 -9.1447 54.1361 -16.2748 -7.8771 54.2785 -16.6935 -12.885 54.1362
4 0 -16.7059 -13.9228 54.132 -16.6935 -12.885 54.1362 -16.2748 -7.8771 54.2785 -16.2529 -15.0024 54.286
4 0 -16.8448 -9.3654 54.0848 -16.6938 -9.1447 54.1361 -17.1005 -11.6403 53.9979 -17.1005 -10.262 53.9979
4 0 -17.44 -11.8905 53.8825 -17.1005 -11.6403 53.9979 -16.6935 -12.885 54.1362 -16.8445 -12.7196 54.0849
4 0 -17.892 -7.6909 53.7289 -17.0559 -8.1069 54.0131 -17.0434 -9.1447 54.0173 -17.8852 -9.3551 53.7312
4 0 -17.7847 -9.7743 53.7654 -17.0434 -9.1447 54.0173 -16.8448 -9.3654 54.0848 -17.4975 -10.0925 53.863
3 0 -17.0431 -12.885 54.0174 -17.0556 -13.9228 54.0132 -17.6399 -12.2534 53.8146
3 0 -16.8448 -9.3654 54.0848 -17.1005 -10.262 53.9979 -17.4975 -10.0925 53.863
3 0 -17.7847 -9.7743 53.7654 -17.8852 -9.3551 53.7312 -17.0434 -9.1447 54.0173
4 0 -17.0431 -12.885 54.0174 -17.6399 -12.2534 53.8146 -17.44 -11.8905 53.8825 -16.8445 -12.7196 54.0849
3 0 -16.9049 -7.9415 54.0644 -17.0559 -8.1069 54.0131 -17.892 -7.6909 53.7289
3 0 -16.2748 -7.8771 54.2785 -16.6938 -9.1447 54.1361 -16.7062 -8.1069 54.1319
4 0 -17.1368 -6.9608 53.9855 -16.2748 -7.8771 54.2785 -16.9049 -7.9415 54.0644 -17.892 -7.6909 53.7289
4 0 -34.5469 -34.3931 45.0224 -34.5469 -34.8728 45.0224 -38.0034 -34.8728 41.9944 -37.9755 -34.3931 42.0188
4 0 -38.5401 -34.1742 41.5242 -37.9755 -34.3931 42.0188 -38.0034 -34.8728 41.9944 -38.6784 -34.6131 41.4031
4 0 -39.4093 -33.2931 40.7628 -39.7159 -33.5495 40.4941 -39.9991 -32.8269 40.2461 -39.6472 -32.6888 40.5544
4 0 -39.7159 -33.5495 40.4941 -39.4093 -33.2931 40.7628 -39.03 -33.8029 41.095 -39.259 -34.1574 40.8944
4 0 -39.6472 -7.0401 40.5544 -39.7834 -7.7371 40.435 -40.1307 -7.7371 40.1308 -39.9991 -6.902 40.2461
4 0 -39.9991 -6.902 40.2461 -39.7159 -6.1794 40.4941 -39.4093 -6.4358 40.7628 -39.6472 -7.0401 40.5544
4 0 -39.03 -5.926 41.095 -39.4093 -6.4358 40.7628 -39.7159 -6.1794 40.4941 -39.259 -5.5716 40.8944
4 0 -38.5401 -5.5547 41.5242 -39.03 -5.926 41.095 -39.259 -5.5716 40.8944 -38.6784 -5.1159 41.4031
4 0 -38.5401 -5.5547 41.5242 -38.6784 -5.1159 41.4031 -38.0034 -4.8561 41.9944 -37.9755 -5.3358 42.0188
4 0 -34.5469 -5.3358 45.0224 -37.9755 -5.3358 42.0188 -38.0034 -4.8561 41.9944 -34.5469 -4.8561 45.0224
4 0 -39.259 -34.1574 40.8944 -39.03 -33.8029 41.095 -38.5401 -34.1742 41.5242 -38.6784 -34.6131 41.4031
4 0 -40.1307 -32.0465 40.1308 -39.7834 -32.0465 40.435 -39.6472 -32.6888 40.5544 -39.9991 -32.8269 40.2461
4 0 -34.9869 -31.0983 44.6369 -34.5469 -31.9051 45.0224 -34.7383 -32.2033 44.8547 -35.3934 -31.6268 44.2808
4 0 -34.5469 -27.6122 45.0224 -34.5469 -31.9051 45.0224 -34.7653 -30.4446 44.831 -34.7494 -29.7513 44.845
4 0 -35.9715 -31.9 43.7744 -35.3934 -31.6268 44.2808 -34.7383 -32.2033 44.8547 -35.4012 -32.7178 44.274
3 0 -35.4012 -32.7178 44.274 -36.1855 -32.9105 43.5869 -35.9715 -31.9 43.7744
4 0 -35.9715 -31.9 43.7744 -36.1855 -32.9105 43.5869 -36.9741 -32.7259 42.896 -36.5982 -31.869 43.2254
4 0 -36.5982 -31.869 43.2254 -36.9741 -32.7259 42.896 -37.6534 -32.239 42.301 -37.145 -31.5242 42.7463
4 0 -37.6775 -30.2886 42.2799 -37.514 -30.9591 42.4231 -38.1273 -31.5238 41.8858 -38.3709 -30.674 41.6724
4 0 -38.1273 -31.5238 41.8858 -37.514 -30.9591 42.4231 -37.145 -31.5242 42.7463 -37.6534 -32.239 42.301
3 0 -34.7653 -30.4446 44.831 -34.5469 -31.9051 45.0224 -34.9869 -31.0983 44.6369
4 0 -37.6527 -29.5923 42.3016 -37.6775 -30.2886 42.2799 -38.3709 -30.674 41.6724 -38.409 -29.783 41.639
3 0 -37.874 -28.1263 42.1078 -37.1492 -27.3689 42.7426 -37.0273 -28.4166 42.8495
4 0 -38.26 -28.9041 41.7696 -37.874 -28.1263 42.1078 -37.0273 -28.4166 42.8495 -37.4475 -28.9355 42.4813
4 0 -37.0273 -28.4166 42.8495 -37.1492 -27.3689 42.7426 -36.2928 -26.9044 43.4929 -36.4567 -28.1256 43.3493
4 0 -35.3486 -26.9821 44.3201 -35.8303 -28.1778 43.8981 -36.4567 -28.1256 43.3493 -36.2928 -26.9044 43.4929
4 0 -35.8303 -28.1778 43.8981 -35.3486 -26.9821 44.3201 -34.5469 -27.6122 45.0224 -35.2828 -28.5179 44.3777
3 0 -34.5469 -27.6122 45.0224 -34.7494 -29.7513 44.845 -34.913 -29.0787 44.7016
3 0 -34.5469 -27.6122 45.0224 -34.913 -29.0787 44.7016 -35.2828 -28.5179 44.3777
4 0 -38.409 -29.783 41.639 -38.26 -28.9041 41.7696 -37.4475 -28.9355 42.4813 -37.6527 -29.5923 42.3016
4 0 -37.1797 -17.6161 42.716 -36.5404 -17.0588 43.276 -36.5405 -18.082 43.2759 -36.9688 -17.9125 42.9007
4 0 -37.2161 -12.2534 42.684 -36.6849 -13.9228 43.1494 -36.5404 -15.598 43.276 -37.2439 -17.0773 42.6597
4 0 -34.5469 -18.1188 45.0224 -36.5405 -18.082 43.2759 -36.5404 -17.0588 43.276 -34.5469 -17.0588 45.0224
4 0 -37.1797 -17.6161 42.716 -37.2439 -17.0773 42.6597 -36.5404 -15.598 43.276 -36.5404 -17.0588 43.276
3 0 -36.6849 -13.9228 43.1494 -36.5476 -14.1435 43.2696 -36.5404 -15.598 43.276
4 0 -35.9752 -7.8771 43.7712 -35.9552 -15.0024 43.7886 -36.3671 -13.9228 43.4278 -36.3558 -12.885 43.4377
4 0 -36.3671 -13.9228 43.4278 -35.9552 -15.0024 43.7886 -36.5404 -15.598 43.276 -36.5476 -14.1435 43.2696
3 0 -34.7394 -14.1435 44.8537 -34.6022 -13.9228 44.9739 -34.5469 -15.598 45.0224
4 0 -34.92 -13.9228 44.6955 -34.7394 -14.1435 44.8537 -34.5469 -15.598 45.0224 -35.367 -14.9967 44.3039
4 0 -34.5469 -15.598 45.0224 -34.6022 -13.9228 44.9739 -34.6134 -12.885 44.9641 -34.5469 -11.652 45.0224
3 0 -34.7394 -9.3654 44.8537 -34.6022 -9.1447 44.9739 -34.5469 -11.652 45.0224
3 0 -34.5469 -11.652 45.0224 -34.6134 -12.885 44.9641 -34.794 -12.7196 44.8059
4 0 -34.92 -13.9228 44.6955 -35.367 -14.9967 44.3039 -35.3681 -7.8771 44.3029 -34.9313 -12.885 44.6856
3 0 -34.5469 -11.652 45.0224 -34.794 -12.7196 44.8059 -34.9313 -12.885 44.6856
3 0 -34.92 -9.1447 44.6955 -34.7394 -9.3654 44.8537 -34.5469 -11.652 45.0224
3 0 -35.3681 -7.8771 44.3029 -34.9313 -8.1069 44.6856 -34.92 -9.1447 44.6955
4 0 -35.3681 -7.8771 44.3029 -34.92 -9.1447 44.6955 -34.5469 -11.652 45.0224 -34.9313 -12.885 44.6856
4 0 -34.5469 -6.9608 45.0224 -34.794 -7.9415 44.8059 -34.9313 -8.1069 44.6856 -35.3681 -7.8771 44.3029
4 0 -34.5469 -6.9608 45.0224 -35.3681 -7.8771 44.3029 -35.9752 -7.8771 43.7712 -36.7588 -6.9608 43.0847
4 0 -35.9752 -7.8771 43.7712 -37.4453 -7.6909 42.4832 -37.0952 -7.0594 42.79 -36.7588 -6.9608 43.0847
3 0 -37.4453 -7.6909 42.4832 -37.3388 -7.3244 42.5766 -37.0952 -7.0594 42.79
4 0 -34.5469 -11.652 45.0224 -34.6022 -9.1447 44.9739 -34.6134 -8.1069 44.9641 -34.5469 -6.9608 45.0224
3 0 -34.5469 -6.9608 45.0224 -34.6134 -8.1069 44.9641 -34.794 -7.9415 44.8059
4 0 -35.9752 -7.8771 43.7712 -36.3558 -12.885 43.4377 -36.7258 -11.6403 43.1136 -36.356 -9.1447 43.4375
4 0 -36.4933 -9.3654 43.3173 -36.356 -9.1447 43.4375 -36.7258 -11.6403 43.1136 -36.7258 -10.262 43.1136
3 0 -36.3558 -12.885 43.4377 -36.493 -12.7196 43.3175 -36.7258 -11.6403 43.1136
4 0 -36.6739 -9.1447 43.1591 -37.4392 -9.3551 42.4887 -37.4453 -7.6909 42.4832 -36.6852 -8.1069 43.1492
4 0 -36.7258 -10.262 43.1136 -37.0867 -10.0925 42.7974 -36.6739 -9.1447 43.1591 -36.4933 -9.3654 43.3173
3 0 -36.6736 -12.885 43.1593 -36.6849 -13.9228 43.1494 -37.2161 -12.2534 42.684
3 0 -36.493 -12.7196 43.3175 -36.6736 -12.885 43.1593 -37.2161 -12.2534 42.684
4 0 -37.0867 -10.0925 42.7974 -37.3477 -9.7743 42.5687 -37.4392 -9.3551 42.4887 -36.6739 -9.1447 43.1591
4 0 -36.7258 -11.6403 43.1136 -36.493 -12.7196 43.3175 -37.2161 -12.2534 42.684 -37.0344 -11.8905 42.8433
3 0 -36.5479 -7.9415 43.2694 -36.6852 -8.1069 43.1492 -37.4453 -7.6909 42.4832
3 0 -35.9752 -7.8771 43.7712 -36.356 -9.1447 43.4375 -36.3673 -8.1069 43.4276
3 0 -36.5479 -7.9415 43.2694 -37.4453 -7.6909 42.4832 -35.9752 -7.8771 43.7712
4 0 -14.6888 -5.3358 54.8176 -14.6888 -4.8561 54.8176 -7.5482 -4.8561 56.2348 -7.5789 -5.3358 56.2287
4 0 -7.4065 -5.3966 56.2629 -7.5789 -5.3358 56.2287 -7.5482 -4.8561 56.2348 -7.4065 -4.9057 56.2629
4 0 -13.9281 -7.6909 54.9685 -13.9349 -9.3551 54.9672 -14.6888 -10.2488 54.8176 -14.6888 -6.9608 54.8176
4 0 -14.3132 -7.0594 54.8921 -14.0452 -7.3244 54.9453 -13.9281 -7.6909 54.9685 -14.6888 -6.9608 54.8176
4 0 -14.6888 -10.2488 54.8176 -13.9349 -9.3551 54.9672 -14.0354 -9.7743 54.9472 -14.3226 -10.0925 54.8902
3 0 -14.6888 -11.663 54.8176 -14.3801 -11.8905 54.8788 -14.1802 -12.2534 54.9185
4 0 -14.6888 -15.598 54.8176 -14.6888 -11.663 54.8176 -14.1802 -12.2534 54.9185 -14.1419 -14.5586 54.9261
3 0 -11.6506 -14.5586 55.4206 -11.028 -13.9228 55.5441 -10.8771 -14.1435 55.5741
3 0 -10.8771 -14.1435 55.5741 -10.6784 -13.9228 55.6135 -10.1867 -14.9967 55.7111
4 0 -14.1419 -14.5586 54.9261 -11.6506 -14.5586 55.4206 -10.1867 -14.9967 55.7111 -14.6888 -15.598 54.8176
4 0 -14.6888 -18.119 54.8176 -14.6888 -17.0588 54.8176 -12.071 -18.1352 55.3371 -13.7216 -18.1352 55.0095
4 0 -9.5397 -15.0024 55.8395 -8.896 -15.598 55.9673 -14.6888 -15.598 54.8176 -10.1867 -14.9967 55.7111
3 0 -9.5397 -15.0024 55.8395 -9.0991 -12.885 55.927 -9.0867 -13.9228 55.9294
4 0 -9.0867 -13.9228 55.9294 -8.888 -14.1435 55.9689 -8.896 -15.598 55.9673 -9.5397 -15.0024 55.8395
3 0 -8.896 -15.598 55.9673 -8.888 -14.1435 55.9689 -8.737 -13.9228 55.9988
4 0 -8.1527 -12.2534 56.1148 -8.1221 -17.0773 56.1209 -8.896 -15.598 55.9673 -8.737 -13.9228 55.9988
4 0 -8.896 -15.598 55.9673 -8.1221 -17.0773 56.1209 -8.1928 -17.6161 56.1068 -8.896 -17.0588 55.9673
4 0 -8.1928 -17.6161 56.1068 -8.4247 -17.9125 56.0608 -8.8959 -18.082 55.9673 -8.896 -17.0588 55.9673
4 0 -12.0142 -23.9754 55.3484 -12.4104 -24.2642 55.2698 -12.8963 -24.3426 55.1733 -11.8312 -23.5139 55.3847
4 0 -14.6888 -17.0588 54.8176 -8.896 -17.0588 55.9673 -8.8959 -18.082 55.9673 -12.071 -18.1352 55.3371
4 0 -12.8963 -24.3426 55.1733 -13.3821 -24.2642 55.0769 -13.7784 -23.9754 54.9982 -13.9614 -23.5139 54.9619
4 0 -12.071 -18.1352 55.3371 -11.8312 -23.5139 55.3847 -13.9614 -23.5139 54.9619 -13.7216 -18.1352 55.0095
3 0 -12.8963 -24.3426 55.1733 -13.9614 -23.5139 54.9619 -11.8312 -23.5139 55.3847
4 0 -9.0867 -9.1447 55.9294 -9.0991 -12.885 55.927 -9.5397 -15.0024 55.8395 -9.5177 -7.8771 55.8439
3 0 -9.5177 -7.8771 55.8439 -9.0991 -8.1069 55.927 -9.0867 -9.1447 55.9294
4 0 -7.9073 -9.3551 56.1635 -8.0079 -9.7743 56.1435 -8.888 -9.3654 55.9689 -8.737 -9.1447 55.9988
4 0 -8.6921 -10.262 56.0078 -8.6921 -11.6403 56.0078 -9.0991 -12.885 55.927 -9.0867 -9.1447 55.9294
3 0 -8.888 -9.3654 55.9689 -8.0079 -9.7743 56.1435 -8.2951 -10.0925 56.0865
4 0 -9.0867 -9.1447 55.9294 -8.888 -9.3654 55.9689 -8.2951 -10.0925 56.0865 -8.6921 -10.262 56.0078
4 0 -8.3526 -11.8905 56.0751 -8.1527 -12.2534 56.1148 -8.7494 -12.885 55.9964 -8.9481 -12.7196 55.9569
3 0 -8.1527 -12.2534 56.1148 -8.737 -13.9228 55.9988 -8.7494 -12.885 55.9964
4 0 -9.0991 -12.885 55.927 -8.6921 -11.6403 56.0078 -8.3526 -11.8905 56.0751 -8.9481 -12.7196 55.9569
4 0 -11.1093 -6.9608 55.528 -10.1855 -7.8771 55.7113 -10.666 -8.1069 55.616 -10.817 -7.9415 55.586
4 0 -11.8645 -7.6909 55.3781 -11.0156 -8.1069 55.5466 -11.028 -9.1447 55.5441 -11.8577 -9.3551 55.3795
4 0 -10.817 -7.9415 55.586 -11.0156 -8.1069 55.5466 -11.8645 -7.6909 55.3781 -11.7473 -7.3244 55.4014
4 0 -11.7473 -7.3244 55.4014 -11.4794 -7.0594 55.4546 -11.1093 -6.9608 55.528 -10.817 -7.9415 55.586
4 0 -9.5177 -7.8771 55.8439 -10.1855 -7.8771 55.7113 -11.1093 -6.9608 55.528 -8.6558 -6.9608 56.015
4 0 -8.6558 -6.9608 56.015 -8.2857 -7.0594 56.0884 -8.0177 -7.3244 56.1416 -8.9481 -7.9415 55.9569
4 0 -7.9005 -7.6909 56.1648 -8.7494 -8.1069 55.9964 -8.9481 -7.9415 55.9569 -8.0177 -7.3244 56.1416
4 0 -7.9005 -7.6909 56.1648 -7.9073 -9.3551 56.1635 -8.737 -9.1447 55.9988 -8.7494 -8.1069 55.9964
4 0 -9.0991 -8.1069 55.927 -9.5177 -7.8771 55.8439 -8.6558 -6.9608 56.015 -8.9481 -7.9415 55.9569
4 0 -10.6784 -13.9228 55.6135 -10.666 -12.885 55.616 -10.1855 -7.8771 55.7113 -10.1867 -14.9967 55.7111
4 0 -10.666 -8.1069 55.616 -10.1855 -7.8771 55.7113 -10.666 -12.885 55.616 -10.6784 -9.1447 55.6135
4 0 -10.666 -12.885 55.616 -11.073 -11.6403 55.5352 -11.073 -10.262 55.5352 -10.6784 -9.1447 55.6135
4 0 -11.6506 -14.5586 55.4206 -11.6124 -12.2534 55.4281 -11.0156 -12.885 55.5466 -11.028 -13.9228 55.5441
4 0 -11.8577 -9.3551 55.3795 -11.028 -9.1447 55.5441 -10.8771 -9.3654 55.5741 -11.7572 -9.7743 55.3994
4 0 -11.0156 -12.885 55.5466 -11.6124 -12.2534 55.4281 -11.4125 -11.8905 55.4678 -10.817 -12.7196 55.586
4 0 -10.666 -12.885 55.616 -10.817 -12.7196 55.586 -11.4125 -11.8905 55.4678 -11.073 -11.6403 55.5352
4 0 -10.6784 -9.1447 55.6135 -11.073 -10.262 55.5352 -11.47 -10.0925 55.4564 -10.8771 -9.3654 55.5741
4 0 -7.5482 -34.8728 56.2348 -14.6888 -34.8728 54.8176 -14.6888 -34.3931 54.8176 -7.5789 -34.3931 56.2287
4 0 -7.5482 -34.8728 56.2348 -7.5789 -34.3931 56.2287 -7.4065 -34.3324 56.2629 -7.4065 -34.8232 56.2629
4 0 -7.6609 -30.4446 56.2124 -7.6433 -29.7513 56.2159 -7.4065 -27.6402 56.2629 -7.4065 -31.8852 56.2629
4 0 -10.0906 -32.7259 55.7302 -10.8378 -32.239 55.5819 -11.3591 -31.5238 55.4784 -10.2785 -31.5242 55.6929
3 0 -10.2785 -31.5242 55.6929 -11.3591 -31.5238 55.4784 -10.6844 -30.9591 55.6123
4 0 -11.3591 -31.5238 55.4784 -11.627 -30.674 55.4252 -10.8642 -30.2886 55.5766 -10.6844 -30.9591 55.6123
4 0 -9.223 -32.9105 55.9024 -10.0906 -32.7259 55.7302 -10.2785 -31.5242 55.6929 -9.677 -31.869 55.8123
3 0 -7.6609 -30.4446 56.2124 -7.4065 -31.8852 56.2629 -7.9047 -31.0983 56.164
4 0 -7.6311 -32.2033 56.2183 -8.3517 -31.6268 56.0753 -7.9047 -31.0983 56.164 -7.4065 -31.8852 56.2629
4 0 -7.6311 -32.2033 56.2183 -8.3603 -32.7178 56.0736 -8.9876 -31.9 55.9491 -8.3517 -31.6268 56.0753
4 0 -10.837 -29.5923 55.582 -10.8642 -30.2886 55.5766 -11.627 -30.674 55.4252 -11.6689 -29.783 55.4169
4 0 -11.505 -28.9041 55.4495 -11.0804 -28.1263 55.5337 -10.149 -28.4166 55.7186 -10.6113 -28.9355 55.6268
4 0 -8.8323 -28.1778 55.9799 -9.5214 -28.1256 55.8432 -10.2832 -27.3689 55.692 -9.3411 -26.9044 55.8789
4 0 -9.3411 -26.9044 55.8789 -8.3024 -26.9821 56.0851 -8.2301 -28.5179 56.0994 -8.8323 -28.1778 55.9799
3 0 -7.4065 -27.6402 56.2629 -7.6433 -29.7513 56.2159 -7.8233 -29.0787 56.1802
4 0 -8.3024 -26.9821 56.0851 -7.4065 -27.6402 56.2629 -7.8233 -29.0787 56.1802 -8.2301 -28.5179 56.0994
4 0 -11.6689 -29.783 55.4169 -11.505 -28.9041 55.4495 -10.6113 -28.9355 55.6268 -10.837 -29.5923 55.582
4 0 -34.5469 -4.8561 45.0224 -28.3768 -4.8561 49.1499 -28.3768 -5.3358 49.1499 -34.5469 -5.3358 45.0224
4 0 -34.2527 -11.8905 45.2192 -34.5469 -11.652 45.0224 -34.5469 -6.9608 45.0224 -34.2004 -10.0925 45.2542
4 0 -33.9482 -7.3244 45.4228 -33.8417 -7.6909 45.4941 -34.5469 -6.9608 45.0224 -34.1919 -7.0594 45.2599
4 0 -34.2004 -10.0925 45.2542 -34.5469 -6.9608 45.0224 -33.8417 -7.6909 45.4941 -33.8479 -9.3551 45.49
3 0 -34.5469 -11.652 45.0224 -34.2527 -11.8905 45.2192 -34.0709 -12.2534 45.3408
4 0 -34.5469 -15.598 45.0224 -34.5469 -11.652 45.0224 -34.0709 -12.2534 45.3408 -34.0362 -14.5586 45.364
3 0 -31.7713 -14.5586 46.8791 -31.2053 -13.9228 47.2577 -31.0681 -14.1435 47.3495
4 0 -30.4394 -7.8771 47.7701 -30.4405 -14.9967 47.7694 -30.8875 -13.9228 47.4703 -30.8762 -12.885 47.4779
3 0 -31.0681 -14.1435 47.3495 -30.8875 -13.9228 47.4703 -30.4405 -14.9967 47.7694
4 0 -34.0362 -14.5586 45.364 -31.7713 -14.5586 46.8791 -30.4405 -14.9967 47.7694 -34.5469 -15.598 45.0224
4 0 -34.5469 -18.1188 45.0224 -34.5469 -17.0588 45.0224 -32.1535 -18.1352 46.6235 -33.654 -18.1352 45.6196
4 0 -34.5469 -15.598 45.0224 -30.4405 -14.9967 47.7694 -29.8523 -15.0024 48.1628 -29.2671 -15.598 48.5543
4 0 -29.8323 -7.8771 48.1762 -29.4517 -12.885 48.4308 -29.4404 -13.9228 48.4384 -29.8523 -15.0024 48.1628
4 0 -29.4404 -13.9228 48.4384 -29.2598 -14.1435 48.5592 -29.2671 -15.598 48.5543 -29.8523 -15.0024 48.1628
4 0 -29.2671 -15.598 48.5543 -29.1226 -13.9228 48.651 -28.5913 -12.2534 49.0064 -28.5635 -17.0773 49.025
3 0 -29.2671 -15.598 48.5543 -29.2598 -14.1435 48.5592 -29.1226 -13.9228 48.651
4 0 -29.2671 -15.598 48.5543 -28.5635 -17.0773 49.025 -28.6278 -17.6161 48.982 -29.2671 -17.0588 48.5543
4 0 -28.6278 -17.6161 48.982 -28.8387 -17.9125 48.8409 -29.267 -18.082 48.5544 -29.2671 -17.0588 48.5543
4 0 -33.872 -23.5139 45.4739 -33.654 -18.1352 45.6196 -32.1535 -18.1352 46.6235 -31.9355 -23.5139 46.7693
4 0 -32.1018 -23.9754 46.658 -32.4621 -24.2642 46.417 -32.9037 -24.3426 46.1216 -31.9355 -23.5139 46.7693
4 0 -34.5469 -17.0588 45.0224 -29.2671 -17.0588 48.5543 -29.267 -18.082 48.5544 -32.1535 -18.1352 46.6235
4 0 -32.9037 -24.3426 46.1216 -33.3454 -24.2642 45.8261 -33.7057 -23.9754 45.5851 -33.872 -23.5139 45.4739
3 0 -32.9037 -24.3426 46.1216 -33.872 -23.5139 45.4739 -31.9355 -23.5139 46.7693
3 0 -34.5469 -27.6122 45.0224 -34.138 -28.5077 45.2959 -33.9909 -29.5518 45.3943
4 0 -34.5469 -27.6122 45.0224 -33.9909 -29.5518 45.3943 -34.0166 -30.6311 45.3771 -34.5469 -31.9051 45.0224
4 0 -34.5469 -34.3931 45.0224 -28.3768 -34.3931 49.1499 -28.3768 -34.8728 49.1499 -34.5469 -34.8728 45.0224
4 0 -28.9636 -30.9914 48.7573 -28.3768 -31.4376 49.1499 -28.3768 -32.5058 49.1499 -29.2882 -31.8928 48.5402
4 0 -29.816 -29.6623 48.1871 -29.4477 -30.3734 48.4335 -29.9793 -31.0885 48.0779 -30.475 -30.1234 47.7463
4 0 -30.0632 -28.8904 48.0217 -29.816 -29.6623 48.1871 -30.475 -30.1234 47.7463 -30.7691 -29.0624 47.5495
4 0 -30.1563 -28.0789 47.9594 -30.8813 -27.9593 47.4745 -30.8349 -26.8504 47.5055 -30.1344 -27.2556 47.9742
4 0 -30.8813 -27.9593 47.4745 -30.1563 -28.0789 47.9594 -30.0632 -28.8904 48.0217 -30.7691 -29.0624 47.5495
4 0 -30.1344 -27.2556 47.9742 -30.8349 -26.8504 47.5055 -30.6017 -25.7707 47.6615 -30.0117 -26.4492 48.0562
4 0 -29.3251 -25.0026 48.5155 -29.7354 -25.6883 48.2411 -30.6017 -25.7707 47.6615 -30.1914 -24.7594 47.936
4 0 -28.3768 -24.1363 49.1499 -28.7999 -24.4236 48.8668 -29.6658 -23.8087 48.2876 -28.9743 -23.0125 48.7502
4 0 -30.1914 -24.7594 47.936 -29.6658 -23.8087 48.2876 -28.7999 -24.4236 48.8668 -29.3251 -25.0026 48.5155
3 0 -28.9743 -23.0125 48.7502 -28.3768 -22.5717 49.1499 -28.3768 -24.1363 49.1499
3 0 -30.6017 -25.7707 47.6615 -29.7354 -25.6883 48.2411 -30.0117 -26.4492 48.0562
4 0 -29.2882 -31.8928 48.5402 -29.9793 -31.0885 48.0779 -29.4477 -30.3734 48.4335 -28.9636 -30.9914 48.7573
4 0 -28.6314 -29.1349 48.9796 -28.3768 -29.5294 49.1499 -28.3768 -30.4654 49.1499 -28.9939 -29.7887 48.7371
4 0 -28.8636 -28.4489 48.8242 -28.6314 -29.1349 48.9796 -28.9939 -29.7887 48.7371 -29.3133 -29.0548 48.5234
4 0 -28.9514 -27.7206 48.7655 -28.8636 -28.4489 48.8242 -29.3133 -29.0548 48.5234 -29.4769 -28.2531 48.414
4 0 -28.8199 -27.0586 48.8534 -28.9514 -27.7206 48.7655 -29.4769 -28.2531 48.414 -29.4986 -27.4359 48.3995
4 0 -28.6578 -26.575 48.9619 -28.8199 -27.0586 48.8534 -29.4986 -27.4359 48.3995 -29.3441 -26.6397 48.5028
4 0 -28.3768 -26.0414 49.1499 -28.6578 -26.575 48.9619 -29.3441 -26.6397 48.5028 -29.0372 -25.8952 48.7081
3 0 -29.0372 -25.8952 48.7081 -28.3768 -25.1324 49.1499 -28.3768 -26.0414 49.1499
4 0 -28.8199 -27.0586 48.8534 -28.6578 -26.575 48.9619 -28.3768 -26.575 49.1499 -28.3768 -27.0586 49.1499
4 0 -28.3768 -9.394 49.1499 -28.4598 -9.7743 49.0944 -29.2598 -9.3654 48.5592 -29.1226 -9.1447 48.651
4 0 -28.4598 -9.7743 49.0944 -28.7208 -10.0925 48.9197 -29.0817 -10.262 48.6783 -29.2598 -9.3654 48.5592
4 0 -29.4517 -12.885 48.4308 -29.8323 -7.8771 48.1762 -29.4517 -8.1069 48.4308 -29.4404 -9.1447 48.4384
4 0 -29.0817 -11.6403 48.6783 -29.4404 -9.1447 48.4384 -29.2598 -9.3654 48.5592 -29.0817 -10.262 48.6783
4 0 -29.4517 -12.885 48.4308 -29.0817 -11.6403 48.6783 -28.7731 -11.8905 48.8848 -29.3145 -12.7196 48.5226
4 0 -29.1339 -12.885 48.6434 -29.3145 -12.7196 48.5226 -28.7731 -11.8905 48.8848 -28.5913 -12.2534 49.0064
3 0 -29.4517 -12.885 48.4308 -29.4404 -9.1447 48.4384 -29.0817 -11.6403 48.6783
4 0 -31.9658 -7.6909 46.749 -31.194 -8.1069 47.2653 -31.2053 -9.1447 47.2577 -31.9596 -9.3551 46.7531
4 0 -31.9658 -7.6909 46.749 -31.8592 -7.3244 46.8203 -31.6156 -7.0594 46.9833 -31.194 -8.1069 47.2653
4 0 -31.194 -8.1069 47.2653 -31.6156 -7.0594 46.9833 -31.2792 -6.9608 47.2083 -31.0135 -7.9415 47.3861
4 0 -29.8323 -7.8771 48.1762 -30.4394 -7.8771 47.7701 -31.2792 -6.9608 47.2083 -29.0487 -6.9608 48.7004
4 0 -29.1339 -8.1069 48.6434 -29.3145 -7.9415 48.5226 -29.0487 -6.9608 48.7004 -28.7123 -7.0594 48.9254
4 0 -28.3768 -9.394 49.1499 -29.1339 -8.1069 48.6434 -28.7123 -7.0594 48.9254 -28.3768 -7.3244 49.1499
3 0 -28.3768 -9.394 49.1499 -29.1226 -9.1447 48.651 -29.1339 -8.1069 48.6434
4 0 -30.8762 -8.1069 47.4779 -31.0135 -7.9415 47.3861 -31.2792 -6.9608 47.2083 -30.4394 -7.8771 47.7701
4 0 -30.8762 -8.1069 47.4779 -30.4394 -7.8771 47.7701 -30.8762 -12.885 47.4779 -30.8875 -9.1447 47.4703
4 0 -30.8762 -12.885 47.4779 -31.2462 -11.6403 47.2304 -31.2462 -10.262 47.2304 -30.8875 -9.1447 47.4703
4 0 -31.7713 -14.5586 46.8791 -31.7366 -12.2534 46.9023 -31.194 -12.885 47.2653 -31.2053 -13.9228 47.2577
4 0 -31.9596 -9.3551 46.7531 -31.2053 -9.1447 47.2577 -31.0681 -9.3654 47.3495 -31.8682 -9.7743 46.8143
4 0 -31.194 -12.885 47.2653 -31.7366 -12.2534 46.9023 -31.5548 -11.8905 47.0239 -31.0135 -12.7196 47.3861
4 0 -30.8762 -12.885 47.4779 -31.0135 -12.7196 47.3861 -31.5548 -11.8905 47.0239 -31.2462 -11.6403 47.2304
4 0 -30.8875 -9.1447 47.4703 -31.2462 -10.262 47.2304 -31.6071 -10.0925 46.9889 -31.0681 -9.3654 47.3495
4 0 -6.9579 -5.5547 56.2923 -7.4065 -5.3966 56.2629 -7.4065 -4.9057 56.2629 -6.8057 -5.1159 56.3023
4 0 -5.74 -7.0401 56.3722 -5.3529 -6.902 56.3975 -5.2352 -7.7371 56.4052 -5.5902 -7.7371 56.382
4 0 -5.6644 -6.1794 56.3771 -5.3529 -6.902 56.3975 -5.74 -7.0401 56.3722 -6.0017 -6.4358 56.355
4 0 -5.5902 -7.7371 56.382 -5.2352 -7.7371 56.4052 -5.2352 -32.0465 56.4054 -5.5902 -32.0465 56.3821
4 0 -5.74 -32.6888 56.3723 -5.5902 -32.0465 56.3821 -5.2352 -32.0465 56.4054 -5.3529 -32.827 56.3977
4 0 -5.74 -32.6888 56.3723 -5.3529 -32.827 56.3977 -5.6644 -33.5496 56.3772 -6.0017 -33.2931 56.3551
4 0 -6.0017 -33.2931 56.3551 -5.6644 -33.5496 56.3772 -6.167 -34.1574 56.3442 -6.4189 -33.8029 56.3277
4 0 -7.4065 -34.8232 56.2629 -7.4065 -34.3324 56.2629 -6.9579 -34.1742 56.2923 -6.8057 -34.6131 56.3023
4 0 -6.8057 -34.6131 56.3023 -6.9579 -34.1742 56.2923 -6.4189 -33.8029 56.3277 -6.167 -34.1574 56.3442
4 0 -6.8057 -5.1159 56.3023 -6.167 -5.5716 56.3442 -6.4189 -5.926 56.3276 -6.9579 -5.5547 56.2923
4 0 -6.167 -5.5716 56.3442 -5.6644 -6.1794 56.3771 -6.0017 -6.4358 56.355 -6.4189 -5.926 56.3276
3 0 -7.4065 -27.6402 56.2629 -6.9708 -28.5077 56.2915 -6.809 -29.5518 56.3021
4 0 -7.4065 -27.6402 56.2629 -6.809 -29.5518 56.3021 -6.8372 -30.6311 56.3002 -7.4065 -31.8852 56.2629
3 0 -28.3768 -24.1363 49.1499 -28.3768 -22.5717 49.1499 -27.4618 -23.7517 49.6004
4 0 -28.3768 -22.5717 49.1499 -28.1371 -22.3949 49.2679 -27.1663 -22.1254 49.7459 -27.4618 -23.7517 49.6004
4 0 -25.3499 -24.3275 50.6402 -24.3907 -23.1502 51.1125 -23.745 -23.9632 51.4304 -24.7998 -24.8762 50.9111
4 0 -24.3907 -23.1502 51.1125 -25.3499 -24.3275 50.6402 -26.0004 -23.9367 50.3199 -25.2123 -22.5108 50.708
4 0 -21.7175 -23.3968 52.4287 -21.7175 -25.0284 52.4287 -21.962 -25.2773 52.3083 -22.4782 -24.5886 52.0542
4 0 -24.3736 -25.5447 51.1209 -23.2998 -25.1529 51.6496 -22.936 -25.6684 51.8288 -24.0742 -26.294 51.2683
4 0 -26.1636 -22.1597 50.2396 -26.7235 -23.7391 49.9639 -27.4618 -23.7517 49.6004 -27.1663 -22.1254 49.7459
4 0 -25.2123 -22.5108 50.708 -26.0004 -23.9367 50.3199 -26.7235 -23.7391 49.9639 -26.1636 -22.1597 50.2396
4 0 -22.4782 -24.5886 52.0542 -21.962 -25.2773 52.3083 -22.3194 -26.07 52.1323 -22.936 -25.6684 51.8288
4 0 -23.2998 -25.1529 51.6496 -24.3736 -25.5447 51.1209 -24.7998 -24.8762 50.9111 -23.745 -23.9632 51.4304
4 0 -22.3194 -26.07 52.1323 -22.5456 -26.9176 52.021 -23.892 -27.0877 51.3581 -22.936 -25.6684 51.8288
4 0 -23.8351 -27.9043 51.3861 -23.892 -27.0877 51.3581 -22.5456 -26.9176 52.021 -22.6238 -27.7922 51.9825
3 0 -22.936 -25.6684 51.8288 -23.892 -27.0877 51.3581 -24.0742 -26.294 51.2683
4 0 -23.9214 -28.7178 51.3436 -23.8351 -27.9043 51.3861 -22.6238 -27.7922 51.9825 -22.5335 -28.6668 52.027
3 0 -21.7175 -30.5479 52.4287 -21.7175 -31.7952 52.4287 -22.1773 -31.3832 52.2023
4 0 -24.1501 -29.4959 51.231 -23.9214 -28.7178 51.3436 -22.5335 -28.6668 52.027 -23.1675 -29.271 51.7148
3 0 -22.3209 -29.5157 52.1316 -21.9532 -30.2995 52.3127 -22.7549 -30.4825 51.9179
4 0 -22.5335 -28.6668 52.027 -22.3209 -29.5157 52.1316 -22.7549 -30.4825 51.9179 -23.1675 -29.271 51.7148
4 0 -21.7175 -30.5479 52.4287 -22.1773 -31.3832 52.2023 -22.7549 -30.4825 51.9179 -21.9532 -30.2995 52.3127
4 0 -24.4778 -30.2327 51.0696 -24.1501 -29.4959 51.231 -23.1675 -29.271 51.7148 -23.5146 -30.0604 51.5439
4 0 -24.948 -30.863 50.8381 -24.4778 -30.2327 51.0696 -23.5146 -30.0604 51.5439 -24.0151 -31.0076 51.2975
4 0 -24.6842 -31.8454 50.968 -25.5185 -32.46 50.5572 -26.1926 -31.7243 50.2253 -25.5227 -31.3785 50.5552
4 0 -26.4738 -32.7987 50.0869 -27.4773 -32.8042 49.5927 -27.6602 -31.7509 49.5027 -26.9253 -31.8486 49.8646
4 0 -27.4773 -32.8042 49.5927 -28.3768 -32.5058 49.1499 -28.3768 -31.4376 49.1499 -27.6602 -31.7509 49.5027
4 0 -25.5185 -32.46 50.5572 -26.4738 -32.7987 50.0869 -26.9253 -31.8486 49.8646 -26.1926 -31.7243 50.2253
4 0 -27.9571 -24.8068 49.3565 -27.9394 -25.585 49.3652 -28.3768 -26.0414 49.1499 -28.3768 -25.1324 49.1499
4 0 -26.45 -25.4188 50.0986 -27.0357 -25.3088 49.8102 -27.2494 -24.5833 49.705 -26.5143 -24.6305 50.0669
4 0 -27.9571 -24.8068 49.3565 -27.2494 -24.5833 49.705 -27.0357 -25.3088 49.8102 -27.4297 -25.3597 49.6162
4 0 -25.9786 -25.6964 50.3307 -26.45 -25.4188 50.0986 -26.5143 -24.6305 50.0669 -25.8271 -24.9358 50.4053
4 0 -25.5675 -26.1019 50.5331 -25.9786 -25.6964 50.3307 -25.8271 -24.9358 50.4053 -25.2668 -25.4612 50.6811
4 0 -25.3527 -26.575 50.6389 -25.5675 -26.1019 50.5331 -25.2668 -25.4612 50.6811 -24.8642 -26.1509 50.8794
4 0 -26.4006 -30.1392 50.1229 -25.8278 -29.7612 50.4049 -25.2105 -30.0056 50.7088 -25.7395 -30.5718 50.4484
4 0 -27.0534 -30.2698 49.8015 -26.4006 -30.1392 50.1229 -25.7395 -30.5718 50.4484 -26.4087 -30.9138 50.1189
4 0 -27.8621 -30.8198 49.4033 -27.0534 -30.2698 49.8015 -26.4087 -30.9138 50.1189 -27.1421 -31.0012 49.7578
4 0 -28.2513 -29.724 49.2117 -27.702 -30.1254 49.4821 -27.8621 -30.8198 49.4033 -28.3768 -30.4654 49.1499
3 0 -28.3768 -30.4654 49.1499 -28.3768 -29.5294 49.1499 -28.2513 -29.724 49.2117
4 0 -24.5978 -26.9102 51.0105 -24.5209 -27.721 51.0484 -25.0965 -27.7878 50.765 -25.2075 -27.0586 50.7104
4 0 -24.5889 -28.5449 51.0149 -24.8053 -29.3244 50.9084 -25.4057 -29.1955 50.6128 -25.1731 -28.5146 50.7273
3 0 -27.4297 -25.3597 49.6162 -27.9394 -25.585 49.3652 -27.9571 -24.8068 49.3565
3 0 -27.8621 -30.8198 49.4033 -27.702 -30.1254 49.4821 -27.0534 -30.2698 49.8015
4 0 -24.8053 -29.3244 50.9084 -25.2105 -30.0056 50.7088 -25.8278 -29.7612 50.4049 -25.4057 -29.1955 50.6128
4 0 -24.5209 -27.721 51.0484 -24.5889 -28.5449 51.0149 -25.1731 -28.5146 50.7273 -25.0965 -27.7878 50.765
4 0 -28.3768 -26.575 49.1499 -25.3527 -26.575 50.6389 -25.2075 -27.0586 50.7104 -28.3768 -27.0586 49.1499
4 0 -28.3768 -34.3931 49.1499 -21.7175 -34.3931 52.4287 -21.7175 -34.8728 52.4287 -28.3768 -34.8728 49.1499
4 0 -21.7175 -26.6989 52.4287 -21.7175 -28.8744 52.4287 -21.9286 -28.2317 52.3248 -21.9437 -27.449 52.3173
4 0 -25.8395 -7.9312 50.3992 -25.8395 -18.1966 50.3992 -26.1055 -18.7139 50.2682 -26.1545 -18.1966 50.2441
4 0 -26.1055 -7.414 50.2682 -25.8395 -7.9312 50.3992 -26.1545 -18.1966 50.2441 -26.1545 -7.9312 50.2441
3 0 -25.8395 -7.9312 50.3992 -26.1055 -7.414 50.2682 -25.721 -7.5003 50.4575
4 0 -25.8002 -7.02 50.4185 -25.372 -6.8061 50.6293 -21.7175 -6.8061 52.4287 -25.372 -7.2567 50.6293
3 0 -21.7175 -6.8061 52.4287 -21.7175 -7.2567 52.4287 -25.372 -7.2567 50.6293
4 0 -21.7175 -19.3218 52.4287 -25.372 -19.3218 50.6293 -25.372 -18.8711 50.6293 -21.7175 -18.8711 52.4287
4 0 -25.372 -19.3218 50.6293 -25.8002 -19.1078 50.4185 -25.721 -18.6275 50.4575 -25.372 -18.8711 50.6293
4 0 -26.1055 -7.414 50.2682 -25.8002 -7.02 50.4185 -25.372 -7.2567 50.6293 -25.721 -7.5003 50.4575
4 0 -25.8002 -19.1078 50.4185 -26.1055 -18.7139 50.2682 -25.8395 -18.1966 50.3992 -25.721 -18.6275 50.4575
4 4 -37.6775 -30.2886 42.2799 -37.6527 -29.5923 42.3016 -37.0273 -28.4166 42.8495 -36.5982 -31.869 43.2254
4 4 -10.6844 -30.9591 55.6123 -7.9047 -31.0983 56.164 -8.9876 -31.9 55.9491 -10.2785 -31.5242 55.6929
4 4 -35.9715 -31.9 43.7744 -34.7494 -29.7513 44.845 -34.7653 -30.4446 44.831 -34.9869 -31.0983 44.6369
3 4 -35.9715 -31.9 43.7744 -34.9869 -31.0983 44.6369 -35.3934 -31.6268 44.2808
3 4 -36.4567 -28.1256 43.3493 -36.5982 -31.869 43.2254 -37.0273 -28.4166 42.8495
4 4 -36.5982 -31.869 43.2254 -37.145 -31.5242 42.7463 -37.514 -30.9591 42.4231 -37.6775 -30.2886 42.2799
3 4 -37.6527 -29.5923 42.3016 -37.4475 -28.9355 42.4813 -37.0273 -28.4166 42.8495
4 4 -36.5982 -31.869 43.2254 -36.4567 -28.1256 43.3493 -35.8303 -28.1778 43.8981 -35.9715 -31.9 43.7744
4 4 -34.913 -29.0787 44.7016 -34.7494 -29.7513 44.845 -35.8303 -28.1778 43.8981 -35.2828 -28.5179 44.3777
3 4 -35.8303 -28.1778 43.8981 -34.7494 -29.7513 44.845 -35.9715 -31.9 43.7744
4 4 -10.6113 -28.9355 55.6268 -7.8233 -29.0787 56.1802 -7.6433 -29.7513 56.2159 -10.837 -29.5923 55.582
4 4 -7.6609 -30.4446 56.2124 -10.8642 -30.2886 55.5766 -10.837 -29.5923 55.582 -7.6433 -29.7513 56.2159
3 4 -7.9047 -31.0983 56.164 -8.3517 -31.6268 56.0753 -8.9876 -31.9 55.9491
3 4 -8.9876 -31.9 55.9491 -9.677 -31.869 55.8123 -10.2785 -31.5242 55.6929
4 4 -7.9047 -31.0983 56.164 -10.6844 -30.9591 55.6123 -10.8642 -30.2886 55.5766 -7.6609 -30.4446 56.2124
4 4 -10.149 -28.4166 55.7186 -8.2301 -28.5179 56.0994 -7.8233 -29.0787 56.1802 -10.6113 -28.9355 55.6268
4 4 -8.2301 -28.5179 56.0994 -10.149 -28.4166 55.7186 -9.5214 -28.1256 55.8432 -8.8323 -28.1778 55.9799
4 14 -15.6788 -27.3206 54.4811 -16.4043 -27.3439 54.2345 -16.5821 -26.5817 54.1741 -15.8306 -26.4528 54.4295
4 14 -16.8966 -15.598 54.0672 -14.6888 -15.598 54.8176 -14.6888 -17.0588 54.8176 -16.8966 -17.0588 54.0672
4 14 -15.6071 -7.8771 54.5054 -15.6059 -14.9967 54.5059 -16.2529 -15.0024 54.286 -16.2748 -7.8771 54.2785
4 14 -17.0434 -9.1447 54.0173 -17.0559 -8.1069 54.0131 -16.9049 -7.9415 54.0644 -16.7062 -8.1069 54.1319
4 14 -17.0431 -12.885 54.0174 -16.7059 -13.9228 54.132 -16.9046 -14.1435 54.0645 -17.0556 -13.9228 54.0132
4 14 -14.7645 -9.1447 54.7918 -15.1142 -9.1447 54.673 -15.1266 -8.1069 54.6688 -14.777 -8.1069 54.7876
4 14 -34.92 -9.1447 44.6955 -34.9313 -8.1069 44.6856 -34.794 -7.9415 44.8059 -34.6134 -8.1069 44.9641
4 14 -36.6739 -9.1447 43.1591 -36.6852 -8.1069 43.1492 -36.5479 -7.9415 43.2694 -36.3673 -8.1069 43.4276
4 14 -36.6736 -12.885 43.1593 -36.3671 -13.9228 43.4278 -36.5476 -14.1435 43.2696 -36.6849 -13.9228 43.1494
4 14 -8.896 -15.598 55.9673 -8.896 -17.0588 55.9673 -14.6888 -17.0588 54.8176 -14.6888 -15.598 54.8176
4 14 -9.0867 -13.9228 55.9294 -9.0991 -12.885 55.927 -8.9481 -12.7196 55.9569 -8.7494 -12.885 55.9964
4 14 -9.0867 -9.1447 55.9294 -9.0991 -8.1069 55.927 -8.9481 -7.9415 55.9569 -8.7494 -8.1069 55.9964
4 14 -11.028 -9.1447 55.5441 -11.0156 -8.1069 55.5466 -10.666 -8.1069 55.616 -10.6784 -9.1447 55.6135
4 14 -11.0156 -12.885 55.5466 -10.6784 -13.9228 55.6135 -10.8771 -14.1435 55.5741 -11.028 -13.9228 55.5441
4 14 -31.194 -12.885 47.2653 -30.8875 -13.9228 47.4703 -31.0681 -14.1435 47.3495 -31.2053 -13.9228 47.2577
4 14 -29.8523 -15.0024 48.1628 -30.4405 -14.9967 47.7694 -30.4394 -7.8771 47.7701 -29.8323 -7.8771 48.1762
3 14 -21.7175 -26.6989 52.4287 -21.7175 -25.0284 52.4287 -21.4112 -25.9616 52.5328
4 14 -21.3186 -24.6224 52.5643 -20.9316 -25.3419 52.6958 -21.4112 -25.9616 52.5328 -21.7175 -25.0284 52.4287
4 14 -20.9316 -25.3419 52.6958 -21.3186 -24.6224 52.5643 -20.6153 -24.0926 52.8033 -20.3046 -24.8698 52.9089
4 14 -20.6153 -24.0926 52.8033 -19.7992 -23.7831 53.0807 -19.5715 -24.6034 53.1581 -20.3046 -24.8698 52.9089
4 14 -19.7992 -23.7831 53.0807 -18.9259 -23.728 53.3775 -18.7897 -24.5854 53.4238 -19.5715 -24.6034 53.1581
3 14 -16.1661 -25.6397 54.3155 -15.8306 -26.4528 54.4295 -16.5821 -26.5817 54.1741
4 14 -16.6561 -24.9103 54.1489 -16.1661 -25.6397 54.3155 -16.5821 -26.5817 54.1741 -16.9176 -25.8734 54.0601
4 14 -17.3277 -30.242 53.9207 -16.8564 -29.6156 54.0809 -16.1433 -29.8957 54.3232 -16.6283 -30.632 54.1584
4 14 -17.9476 -30.7204 53.71 -17.3277 -30.242 53.9207 -16.6283 -30.632 54.1584 -17.2792 -31.2198 53.9372
4 14 -18.6794 -30.9824 53.4613 -17.9476 -30.7204 53.71 -17.2792 -31.2198 53.9372 -18.0431 -31.6481 53.6775
4 14 -19.458 -30.9831 53.1967 -18.6794 -30.9824 53.4613 -18.0431 -31.6481 53.6775 -18.8972 -31.8354 53.3873
4 14 -20.201 -30.7414 52.9441 -19.458 -30.9831 53.1967 -18.8972 -31.8354 53.3873 -19.7708 -31.7678 53.0904
4 14 -20.8439 -30.3013 52.7256 -20.201 -30.7414 52.9441 -19.7708 -31.7678 53.0904 -20.5986 -31.4727 52.809
4 14 -21.7175 -30.5479 52.4287 -20.8439 -30.3013 52.7256 -20.5986 -31.4727 52.809 -21.3159 -30.9711 52.5652
3 14 -21.7175 -30.5479 52.4287 -21.7175 -28.8744 52.4287 -21.3402 -29.6985 52.557
4 14 -15.6764 -28.205 54.4819 -16.3918 -28.1266 54.2388 -16.4043 -27.3439 54.2345 -15.6788 -27.3206 54.4811
4 14 -15.6764 -28.205 54.4819 -15.8233 -29.0706 54.432 -16.5437 -28.8958 54.1872 -16.3918 -28.1266 54.2388
4 14 -18.0706 -23.906 53.6682 -17.2897 -24.306 53.9336 -17.4073 -25.2636 53.8936 -18.0504 -24.8227 53.6751
4 14 -17.2897 -24.306 53.9336 -16.6561 -24.9103 54.1489 -16.9176 -25.8734 54.0601 -17.4073 -25.2636 53.8936
3 14 -21.7175 -30.5479 52.4287 -21.3402 -29.6985 52.557 -20.8439 -30.3013 52.7256
4 14 -18.9259 -23.728 53.3775 -18.0706 -23.906 53.6682 -18.0504 -24.8227 53.6751 -18.7897 -24.5854 53.4238
4 14 -15.8233 -29.0706 54.432 -16.1433 -29.8957 54.3232 -16.8564 -29.6156 54.0809 -16.5437 -28.8958 54.1872
4 14 -16.7062 -8.1069 54.1319 -16.6938 -9.1447 54.1361 -16.8448 -9.3654 54.0848 -17.0434 -9.1447 54.0173
4 14 -16.8445 -12.7196 54.0849 -16.6935 -12.885 54.1362 -16.7059 -13.9228 54.132 -17.0431 -12.885 54.0174
3 14 -15.1266 -8.1069 54.6688 -14.9756 -7.9415 54.7201 -14.777 -8.1069 54.7876
3 14 -14.7645 -9.1447 54.7918 -14.9155 -9.3654 54.7405 -15.1142 -9.1447 54.673
3 14 -15.1266 -12.885 54.6688 -14.9756 -12.7196 54.7201 -14.777 -12.885 54.7876
4 14 -15.1266 -12.885 54.6688 -14.777 -12.885 54.7876 -14.7646 -13.9228 54.7918 -15.1142 -13.9228 54.673
3 14 -14.7646 -13.9228 54.7918 -14.9155 -14.1435 54.7405 -15.1142 -13.9228 54.673
4 14 -34.5469 -17.0588 45.0224 -36.5404 -17.0588 43.276 -36.5404 -15.598 43.276 -34.5469 -15.598 45.0224
4 14 -34.7394 -9.3654 44.8537 -34.92 -9.1447 44.6955 -34.6134 -8.1069 44.9641 -34.6022 -9.1447 44.9739
4 14 -35.9552 -15.0024 43.7886 -35.9752 -7.8771 43.7712 -35.3681 -7.8771 44.3029 -35.367 -14.9967 44.3039
4 14 -36.4933 -9.3654 43.3173 -36.6739 -9.1447 43.1591 -36.3673 -8.1069 43.4276 -36.356 -9.1447 43.4375
4 14 -36.493 -12.7196 43.3175 -36.3558 -12.885 43.4377 -36.3671 -13.9228 43.4278 -36.6736 -12.885 43.1593
3 14 -34.9313 -12.885 44.6856 -34.794 -12.7196 44.8059 -34.6134 -12.885 44.9641
4 14 -34.9313 -12.885 44.6856 -34.6134 -12.885 44.9641 -34.6022 -13.9228 44.9739 -34.92 -13.9228 44.6955
3 14 -34.6022 -13.9228 44.9739 -34.7394 -14.1435 44.8537 -34.92 -13.9228 44.6955
4 14 -8.7494 -12.885 55.9964 -8.737 -13.9228 55.9988 -8.888 -14.1435 55.9689 -9.0867 -13.9228 55.9294
4 14 -8.888 -9.3654 55.9689 -9.0867 -9.1447 55.9294 -8.7494 -8.1069 55.9964 -8.737 -9.1447 55.9988
3 14 -10.8771 -9.3654 55.5741 -11.028 -9.1447 55.5441 -10.6784 -9.1447 55.6135
3 14 -11.0156 -8.1069 55.5466 -10.817 -7.9415 55.586 -10.666 -8.1069 55.616
4 14 -10.817 -12.7196 55.586 -10.666 -12.885 55.616 -10.6784 -13.9228 55.6135 -11.0156 -12.885 55.5466
4 14 -10.1855 -7.8771 55.7113 -9.5177 -7.8771 55.8439 -9.5397 -15.0024 55.8395 -10.1867 -14.9967 55.7111
4 14 -34.5469 -15.598 45.0224 -29.2671 -15.598 48.5543 -29.2671 -17.0588 48.5543 -34.5469 -17.0588 45.0224
4 14 -29.4477 -30.3734 48.4335 -28.3768 -30.4654 49.1499 -28.3768 -31.4376 49.1499 -28.9636 -30.9914 48.7573
4 14 -29.3133 -29.0548 48.5234 -28.9939 -29.7887 48.7371 -29.4477 -30.3734 48.4335 -29.816 -29.6623 48.1871
4 14 -29.3441 -26.6397 48.5028 -29.4986 -27.4359 48.3995 -30.1563 -28.0789 47.9594 -30.1344 -27.2556 47.9742
4 14 -30.1344 -27.2556 47.9742 -30.0117 -26.4492 48.0562 -29.7354 -25.6883 48.2411 -29.3441 -26.6397 48.5028
4 14 -28.3768 -25.1324 49.1499 -29.0372 -25.8952 48.7081 -29.7354 -25.6883 48.2411 -29.3251 -25.0026 48.5155
4 14 -29.3251 -25.0026 48.5155 -28.7999 -24.4236 48.8668 -28.3768 -24.1363 49.1499 -28.3768 -25.1324 49.1499
3 14 -29.7354 -25.6883 48.2411 -29.0372 -25.8952 48.7081 -29.3441 -26.6397 48.5028
4 14 -29.816 -29.6623 48.1871 -30.0632 -28.8904 48.0217 -29.4769 -28.2531 48.414 -29.3133 -29.0548 48.5234
4 14 -30.0632 -28.8904 48.0217 -30.1563 -28.0789 47.9594 -29.4986 -27.4359 48.3995 -29.4769 -28.2531 48.414
3 14 -28.3768 -30.4654 49.1499 -29.4477 -30.3734 48.4335 -28.9939 -29.7887 48.7371
4 14 -29.2598 -9.3654 48.5592 -29.4404 -9.1447 48.4384 -29.1339 -8.1069 48.6434 -29.1226 -9.1447 48.651
4 14 -29.3145 -7.9415 48.5226 -29.1339 -8.1069 48.6434 -29.4404 -9.1447 48.4384 -29.4517 -8.1069 48.4308
3 14 -31.0681 -9.3654 47.3495 -31.2053 -9.1447 47.2577 -30.8875 -9.1447 47.4703
4 14 -30.8762 -8.1069 47.4779 -30.8875 -9.1447 47.4703 -31.2053 -9.1447 47.2577 -31.194 -8.1069 47.2653
3 14 -31.194 -8.1069 47.2653 -31.0135 -7.9415 47.3861 -30.8762 -8.1069 47.4779
4 14 -31.0135 -12.7196 47.3861 -30.8762 -12.885 47.4779 -30.8875 -13.9228 47.4703 -31.194 -12.885 47.2653
3 14 -29.4517 -12.885 48.4308 -29.3145 -12.7196 48.5226 -29.1339 -12.885 48.6434
4 14 -29.4517 -12.885 48.4308 -29.1339 -12.885 48.6434 -29.1226 -13.9228 48.651 -29.4404 -13.9228 48.4384
3 14 -29.1226 -13.9228 48.651 -29.2598 -14.1435 48.5592 -29.4404 -13.9228 48.4384
3 14 -28.3768 -25.1324 49.1499 -28.3768 -24.1363 49.1499 -27.9571 -24.8068 49.3565
4 14 -27.9571 -24.8068 49.3565 -28.3768 -24.1363 49.1499 -27.4618 -23.7517 49.6004 -27.2494 -24.5833 49.705
4 14 -26.5143 -24.6305 50.0669 -27.2494 -24.5833 49.705 -27.4618 -23.7517 49.6004 -26.7235 -23.7391 49.9639
4 14 -25.2668 -25.4612 50.6811 -25.8271 -24.9358 50.4053 -26.0004 -23.9367 50.3199 -25.3499 -24.3275 50.6402
4 14 -26.7235 -23.7391 49.9639 -26.0004 -23.9367 50.3199 -25.8271 -24.9358 50.4053 -26.5143 -24.6305 50.0669
4 14 -24.3736 -25.5447 51.1209 -25.2668 -25.4612 50.6811 -25.3499 -24.3275 50.6402 -24.7998 -24.8762 50.9111
4 14 -24.5978 -26.9102 51.0105 -24.8642 -26.1509 50.8794 -24.3736 -25.5447 51.1209 -24.0742 -26.294 51.2683
3 14 -24.0742 -26.294 51.2683 -23.892 -27.0877 51.3581 -24.5978 -26.9102 51.0105
4 14 -24.5978 -26.9102 51.0105 -23.892 -27.0877 51.3581 -23.8351 -27.9043 51.3861 -24.5209 -27.721 51.0484
4 14 -23.9214 -28.7178 51.3436 -24.5889 -28.5449 51.0149 -24.5209 -27.721 51.0484 -23.8351 -27.9043 51.3861
4 14 -24.8053 -29.3244 50.9084 -24.5889 -28.5449 51.0149 -23.9214 -28.7178 51.3436 -24.1501 -29.4959 51.231
4 14 -25.2105 -30.0056 50.7088 -24.8053 -29.3244 50.9084 -24.1501 -29.4959 51.231 -24.4778 -30.2327 51.0696
4 14 -25.7395 -30.5718 50.4484 -25.2105 -30.0056 50.7088 -24.4778 -30.2327 51.0696 -24.948 -30.863 50.8381
4 14 -26.4087 -30.9138 50.1189 -25.7395 -30.5718 50.4484 -24.948 -30.863 50.8381 -25.5227 -31.3785 50.5552
4 14 -25.5227 -31.3785 50.5552 -26.1926 -31.7243 50.2253 -26.9253 -31.8486 49.8646 -26.4087 -30.9138 50.1189
4 14 -27.8621 -30.8198 49.4033 -27.1421 -31.0012 49.7578 -26.9253 -31.8486 49.8646 -27.6602 -31.7509 49.5027
4 14 -28.3768 -30.4654 49.1499 -27.8621 -30.8198 49.4033 -27.6602 -31.7509 49.5027 -28.3768 -31.4376 49.1499
3 14 -26.4087 -30.9138 50.1189 -26.9253 -31.8486 49.8646 -27.1421 -31.0012 49.7578
3 14 -24.8642 -26.1509 50.8794 -25.2668 -25.4612 50.6811 -24.3736 -25.5447 51.1209
4 14 -22.3209 -29.5157 52.1316 -21.7175 -28.8744 52.4287 -21.7175 -30.5479 52.4287 -21.9532 -30.2995 52.3127
4 14 -21.9286 -28.2317 52.3248 -21.7175 -28.8744 52.4287 -22.3209 -29.5157 52.1316 -22.5335 -28.6668 52.027
4 14 -21.9437 -27.449 52.3173 -21.9286 -28.2317 52.3248 -22.5335 -28.6668 52.027 -22.6238 -27.7922 51.9825
4 14 -21.7175 -26.6989 52.4287 -21.9437 -27.449 52.3173 -22.6238 -27.7922 51.9825 -22.5456 -26.9176 52.021
4 14 -21.962 -25.2773 52.3083 -21.7175 -26.6989 52.4287 -22.5456 -26.9176 52.021 -22.3194 -26.07 52.1323
3 14 -21.962 -25.2773 52.3083 -21.7175 -25.0284 52.4287 -21.7175 -26.6989 52.4287
4 15 -17.023 -27.7878 54.0242 -21.1669 -28.4489 52.6159 -21.2634 -27.7206 52.5831 -21.1188 -27.0586 52.6322
3 15 -21.1188 -27.0586 52.6322 -17.1451 -27.0586 53.9827 -17.023 -27.7878 54.0242
3 15 -17.023 -27.7878 54.0242 -17.1074 -28.5146 53.9956 -21.1669 -28.4489 52.6159
4 15 -21.1669 -28.4489 52.6159 -17.1074 -28.5146 53.9956 -17.3631 -29.1955 53.9086 -20.9114 -29.1349 52.7027
4 15 -17.3631 -29.1955 53.9086 -17.8274 -29.7612 53.7508 -18.4575 -30.1392 53.5367 -20.9114 -29.1349 52.7027
4 15 -19.8891 -30.1254 53.0501 -20.9114 -29.1349 52.7027 -18.4575 -30.1392 53.5367 -19.1757 -30.2698 53.2926
3 15 -19.8891 -30.1254 53.0501 -20.4933 -29.724 52.8448 -20.9114 -29.1349 52.7027
3 15 -17.5411 -26.1019 53.8482 -17.3049 -26.575 53.9284 -17.9933 -25.6964 53.6945
4 15 -18.5119 -25.4188 53.5182 -17.9933 -25.6964 53.6945 -17.3049 -26.575 53.9284 -20.9405 -26.575 52.6928
4 15 -19.5896 -25.3597 53.1519 -20.9405 -26.575 52.6928 -20.7322 -26.137 52.7636 -20.1502 -25.585 52.9614
4 15 -19.5896 -25.3597 53.1519 -19.1561 -25.3088 53.2993 -18.5119 -25.4188 53.5182 -20.9405 -26.575 52.6928
4 15 -28.8636 -28.4489 48.8242 -28.3768 -27.0586 49.1499 -28.3768 -29.5294 49.1499 -28.6314 -29.1349 48.9796
4 15 -28.8199 -27.0586 48.8534 -28.3768 -27.0586 49.1499 -28.8636 -28.4489 48.8242 -28.9514 -27.7206 48.7655
3 15 -28.3768 -26.575 49.1499 -28.6578 -26.575 48.9619 -28.3768 -26.0414 49.1499
4 15 -27.4297 -25.3597 49.6162 -28.3768 -26.575 49.1499 -28.3768 -26.0414 49.1499 -27.9394 -25.585 49.3652
4 15 -26.45 -25.4188 50.0986 -28.3768 -26.575 49.1499 -27.4297 -25.3597 49.6162 -27.0357 -25.3088 49.8102
4 15 -25.3527 -26.575 50.6389 -28.3768 -26.575 49.1499 -26.45 -25.4188 50.0986 -25.9786 -25.6964 50.3307
3 15 -25.9786 -25.6964 50.3307 -25.5675 -26.1019 50.5331 -25.3527 -26.575 50.6389
4 15 -25.8278 -29.7612 50.4049 -26.4006 -30.1392 50.1229 -28.3768 -29.5294 49.1499 -28.3768 -27.0586 49.1499
4 15 -25.2075 -27.0586 50.7104 -25.0965 -27.7878 50.765 -25.1731 -28.5146 50.7273 -28.3768 -27.0586 49.1499
4 15 -25.1731 -28.5146 50.7273 -25.4057 -29.1955 50.6128 -25.8278 -29.7612 50.4049 -28.3768 -27.0586 49.1499
3 15 -26.4006 -30.1392 50.1229 -27.0534 -30.2698 49.8015 -28.3768 -29.5294 49.1499
4 15 -28.2513 -29.724 49.2117 -28.3768 -29.5294 49.1499 -27.0534 -30.2698 49.8015 -27.702 -30.1254 49.4821
4 378 -28.3768 -4.8561 49.1499 -34.5469 -4.8561 45.0224 -34.5469 -2 45.0224 -28.3768 -2 49.1499
3 378 -5.2352 -7.7371 56.4052 -5.3529 -6.902 56.3975 -2 -3.5 56.6179
3 378 -18.1652 -32.7178 53.636 -17.1621 -32.2555 53.977 -14.6888 -34.3931 54.8176
4 378 -14.6888 -38 54.8176 -21.7175 -38 52.4287 -21.7175 -34.8728 52.4287 -14.6888 -34.8728 54.8176
4 378 -7.5789 -5.3358 56.2287 -7.4065 -5.3966 56.2629 -8.0177 -7.3244 56.1416 -8.2857 -7.0594 56.0884
4 378 -28.3768 -38 49.1499 -34.5469 -38 45.0224 -34.5469 -34.8728 45.0224 -28.3768 -34.8728 49.1499
4 378 -7.4065 -5.3966 56.2629 -5.5902 -7.7371 56.382 -6.9708 -28.5077 56.2915 -7.4065 -27.6402 56.2629
4 378 -24.3907 -23.1502 51.1125 -21.7175 -23.3968 52.4287 -22.4782 -24.5886 52.0542 -23.745 -23.9632 51.4304
4 378 -21.7175 -38 52.4287 -28.3768 -38 49.1499 -28.3768 -34.8728 49.1499 -21.7175 -34.8728 52.4287
4 378 -25.8395 -18.1966 50.3992 -25.8395 -7.9312 50.3992 -25.372 -7.2567 50.6293 -21.7175 -7.2567 52.4287
4 378 -34.5469 -4.8561 45.0224 -38.0034 -4.8561 41.9944 -40.1307 -2 40.1308 -34.5469 -2 45.0224
4 378 -34.5469 -34.8728 45.0224 -34.5469 -38 45.0224 -40.1307 -38 40.1308 -38.0034 -34.8728 41.9944
3 378 -40.1307 -2 40.1308 -38.0034 -4.8561 41.9944 -38.6784 -5.1159 41.4031
3 378 -40.1307 -2 40.1308 -38.6784 -5.1159 41.4031 -39.259 -5.5716 40.8944
3 378 -38.6784 -34.6131 41.4031 -38.0034 -34.8728 41.9944 -40.1307 -38 40.1308
3 378 -39.259 -34.1574 40.8944 -38.6784 -34.6131 41.4031 -40.1307 -38 40.1308
3 378 -40.1307 -2 40.1308 -39.259 -5.5716 40.8944 -39.7159 -6.1794 40.4941
3 378 -40.1307 -2 40.1308 -39.7159 -6.1794 40.4941 -39.9991 -6.902 40.2461
3 378 -39.7159 -33.5495 40.4941 -39.259 -34.1574 40.8944 -40.1307 -38 40.1308
3 378 -39.9991 -32.8269 40.2461 -39.7159 -33.5495 40.4941 -40.1307 -38 40.1308
3 378 -40.1307 -2 40.1308 -39.9991 -6.902 40.2461 -40.1307 -7.7371 40.1308
3 378 -40.1307 -32.0465 40.1308 -39.9991 -32.8269 40.2461 -40.1307 -38 40.1308
4 378 -28.3768 -2 49.1499 -21.7175 -2 52.4287 -21.7175 -4.8561 52.4287 -28.3768 -4.8561 49.1499
4 378 -14.6888 -2 54.8176 -14.6888 -4.8561 54.8176 -21.7175 -4.8561 52.4287 -21.7175 -2 52.4287
4 378 -14.6888 -4.8561 54.8176 -14.6888 -2 54.8176 -7.4065 -2 56.2629 -7.5482 -4.8561 56.2348
3 378 -7.4065 -2 56.2629 -7.4065 -4.9057 56.2629 -7.5482 -4.8561 56.2348
4 378 -7.4065 -38 56.2629 -6.8057 -34.6131 56.3023 -6.167 -34.1574 56.3442 -3.5 -38 56.519
3 378 -7.4065 -38 56.2629 -7.4065 -34.8232 56.2629 -6.8057 -34.6131 56.3023
4 378 -2 -36.5 56.6179 -5.2352 -32.0465 56.4054 -5.2352 -7.7371 56.4052 -2 -3.5 56.6179
4 378 -7.4065 -4.9057 56.2629 -7.4065 -2 56.2629 -3.5 -2 56.519 -6.8057 -5.1159 56.3023
4 378 -3.5 -38 56.519 -6.167 -34.1574 56.3442 -5.6644 -33.5496 56.3772 -2 -36.5 56.6179
3 378 -6.167 -5.5716 56.3442 -6.8057 -5.1159 56.3023 -3.5 -2 56.519
4 378 -3.5 -2 56.519 -2 -3.5 56.6179 -5.6644 -6.1794 56.3771 -6.167 -5.5716 56.3442
3 378 -2 -36.5 56.6179 -5.6644 -33.5496 56.3772 -5.3529 -32.827 56.3977
3 378 -2 -36.5 56.6179 -5.3529 -32.827 56.3977 -5.2352 -32.0465 56.4054
3 378 -5.3529 -6.902 56.3975 -5.6644 -6.1794 56.3771 -2 -3.5 56.6179
3 378 -21.7175 -6.8061 52.4287 -21.7175 -5.3358 52.4287 -20.6405 -6.8061 52.7948
4 378 -17.5069 -7.0594 53.8598 -20.1695 -7.02 52.9549 -20.6405 -6.8061 52.7948 -21.7175 -5.3358 52.4287
3 378 -14.6888 -5.3358 54.8176 -14.6888 -6.9608 54.8176 -17.1368 -6.9608 53.9855
4 378 -14.6888 -5.3358 54.8176 -17.1368 -6.9608 53.9855 -17.5069 -7.0594 53.8598 -21.7175 -5.3358 52.4287
4 378 -19.8337 -7.414 53.069 -20.1695 -7.02 52.9549 -17.5069 -7.0594 53.8598 -17.7749 -7.3244 53.7687
4 378 -19.7797 -7.9312 53.0873 -19.8337 -7.414 53.069 -17.7749 -7.3244 53.7687 -17.892 -7.6909 53.7289
4 378 -17.6705 -17.0773 53.8042 -19.7797 -18.1966 53.0873 -19.7797 -7.9312 53.0873 -17.6399 -12.2534 53.8146
3 378 -19.7797 -7.9312 53.0873 -17.892 -7.6909 53.7289 -17.8852 -9.3551 53.7312
4 378 -17.8852 -9.3551 53.7312 -17.7847 -9.7743 53.7654 -17.6399 -12.2534 53.8146 -19.7797 -7.9312 53.0873
4 378 -17.3679 -17.9125 53.907 -19.8337 -18.7139 53.069 -19.7797 -18.1966 53.0873 -17.5998 -17.6161 53.8282
4 378 -17.4975 -10.0925 53.863 -17.44 -11.8905 53.8825 -17.6399 -12.2534 53.8146 -17.7847 -9.7743 53.7654
4 378 -17.44 -11.8905 53.8825 -17.4975 -10.0925 53.863 -17.1005 -10.262 53.9979 -17.1005 -11.6403 53.9979
3 378 -19.7797 -18.1966 53.0873 -17.6705 -17.0773 53.8042 -17.5998 -17.6161 53.8282
4 378 -17.3679 -17.9125 53.907 -17.84 -22.2223 53.7466 -18.9342 -22.0879 53.3747 -19.8337 -18.7139 53.069
3 378 -21.7175 -23.3968 52.4287 -21.7175 -19.3218 52.4287 -21.0167 -22.7704 52.6669
4 378 -20.6405 -19.3218 52.7948 -20.0239 -22.2797 53.0043 -21.0167 -22.7704 52.6669 -21.7175 -19.3218 52.4287
3 378 -20.6405 -19.3218 52.7948 -20.1695 -19.1078 52.9549 -20.0239 -22.2797 53.0043
4 378 -19.8337 -18.7139 53.069 -18.9342 -22.0879 53.3747 -20.0239 -22.2797 53.0043 -20.1695 -19.1078 52.9549
4 378 -16.8339 -22.6874 54.0885 -17.84 -22.2223 53.7466 -17.3679 -17.9125 53.907 -16.8967 -18.082 54.0672
4 378 -15.9879 -23.4003 54.376 -16.8339 -22.6874 54.0885 -16.8967 -18.082 54.0672 -14.6888 -18.119 54.8176
3 378 -14.6888 -18.119 54.8176 -14.6888 -26.4134 54.8176 -14.919 -25.326 54.7393
3 378 -14.6888 -18.119 54.8176 -14.919 -25.326 54.7393 -15.3438 -24.3011 54.595
3 378 -14.6888 -18.119 54.8176 -15.3438 -24.3011 54.595 -15.9879 -23.4003 54.376
4 378 -21.7175 -7.2567 52.4287 -20.6405 -7.2567 52.7948 -20.2566 -7.5003 52.9252 -20.1262 -7.9312 52.9696
4 378 -21.7175 -7.2567 52.4287 -20.1262 -7.9312 52.9696 -20.1262 -18.1966 52.9696 -21.7175 -18.8711 52.4287
4 378 -21.7175 -18.8711 52.4287 -20.1262 -18.1966 52.9696 -20.2566 -18.6275 52.9252 -20.6405 -18.8711 52.7948
3 378 -21.7175 -34.3931 52.4287 -21.7175 -31.7952 52.4287 -21.3249 -32.1469 52.5622
3 378 -21.7175 -34.3931 52.4287 -21.3249 -32.1469 52.5622 -20.342 -32.647 52.8962
3 378 -14.8545 -28.6229 54.7613 -14.6888 -26.4134 54.8176 -14.6888 -34.3931 54.8176
3 378 -15.1508 -29.6918 54.6605 -14.8545 -28.6229 54.7613 -14.6888 -34.3931 54.8176
3 378 -21.7175 -34.3931 52.4287 -20.342 -32.647 52.8962 -19.2584 -32.8573 53.2645
3 378 -15.6203 -30.6972 54.501 -15.1508 -29.6918 54.6605 -14.6888 -34.3931 54.8176
3 378 -16.2841 -31.5838 54.2754 -15.6203 -30.6972 54.501 -14.6888 -34.3931 54.8176
4 378 -21.7175 -34.3931 52.4287 -19.2584 -32.8573 53.2645 -18.1652 -32.7178 53.636 -14.6888 -34.3931 54.8176
3 378 -17.1621 -32.2555 53.977 -16.2841 -31.5838 54.2754 -14.6888 -34.3931 54.8176
4 378 -38.5401 -34.1742 41.5242 -37.6534 -32.239 42.301 -36.9741 -32.7259 42.896 -37.9755 -34.3931 42.0188
4 378 -38.5401 -34.1742 41.5242 -39.03 -33.8029 41.095 -39.4093 -33.2931 40.7628 -37.6534 -32.239 42.301
4 378 -37.6534 -32.239 42.301 -39.4093 -33.2931 40.7628 -39.6472 -32.6888 40.5544 -38.1273 -31.5238 41.8858
4 378 -38.3709 -30.674 41.6724 -38.1273 -31.5238 41.8858 -39.6472 -32.6888 40.5544 -39.7834 -32.0465 40.435
4 378 -37.1797 -17.6161 42.716 -39.7834 -32.0465 40.435 -39.7834 -7.7371 40.435 -37.2439 -17.0773 42.6597
4 378 -39.6472 -7.0401 40.5544 -37.4453 -7.6909 42.4832 -37.4392 -9.3551 42.4887 -39.7834 -7.7371 40.435
4 378 -39.03 -5.926 41.095 -37.4453 -7.6909 42.4832 -39.6472 -7.0401 40.5544 -39.4093 -6.4358 40.7628
4 378 -38.5401 -5.5547 41.5242 -37.3388 -7.3244 42.5766 -37.4453 -7.6909 42.4832 -39.03 -5.926 41.095
4 378 -34.5469 -6.9608 45.0224 -36.7588 -6.9608 43.0847 -37.9755 -5.3358 42.0188 -34.5469 -5.3358 45.0224
4 378 -37.4392 -9.3551 42.4887 -37.3477 -9.7743 42.5687 -37.2161 -12.2534 42.684 -39.7834 -7.7371 40.435
4 378 -34.5469 -34.3931 45.0224 -37.9755 -34.3931 42.0188 -36.9741 -32.7259 42.896 -36.1855 -32.9105 43.5869
3 378 -34.7383 -32.2033 44.8547 -34.5469 -31.9051 45.0224 -34.5469 -34.3931 45.0224
3 378 -35.4012 -32.7178 44.274 -34.7383 -32.2033 44.8547 -34.5469 -34.3931 45.0224
3 378 -39.7834 -7.7371 40.435 -37.2161 -12.2534 42.684 -37.2439 -17.0773 42.6597
3 378 -37.9755 -5.3358 42.0188 -36.7588 -6.9608 43.0847 -37.0952 -7.0594 42.79
4 378 -38.5401 -5.5547 41.5242 -37.9755 -5.3358 42.0188 -37.0952 -7.0594 42.79 -37.3388 -7.3244 42.5766
3 378 -36.1855 -32.9105 43.5869 -35.4012 -32.7178 44.274 -34.5469 -34.3931 45.0224
4 378 -37.0867 -10.0925 42.7974 -37.0344 -11.8905 42.8433 -37.2161 -12.2534 42.684 -37.3477 -9.7743 42.5687
4 378 -37.0344 -11.8905 42.8433 -37.0867 -10.0925 42.7974 -36.7258 -10.262 43.1136 -36.7258 -11.6403 43.1136
3 378 -38.409 -29.783 41.639 -38.3709 -30.674 41.6724 -39.7834 -32.0465 40.435
4 378 -38.409 -29.783 41.639 -39.7834 -32.0465 40.435 -37.1797 -17.6161 42.716 -38.26 -28.9041 41.7696
3 378 -37.1492 -27.3689 42.7426 -37.874 -28.1263 42.1078 -36.9688 -17.9125 42.9007
4 378 -38.26 -28.9041 41.7696 -37.1797 -17.6161 42.716 -36.9688 -17.9125 42.9007 -37.874 -28.1263 42.1078
4 378 -34.5469 -27.6122 45.0224 -35.3486 -26.9821 44.3201 -36.5405 -18.082 43.2759 -34.5469 -18.1188 45.0224
4 378 -37.1492 -27.3689 42.7426 -36.9688 -17.9125 42.9007 -36.5405 -18.082 43.2759 -36.2928 -26.9044 43.4929
3 378 -35.3486 -26.9821 44.3201 -36.2928 -26.9044 43.4929 -36.5405 -18.082 43.2759
4 378 -11.4794 -7.0594 55.4546 -14.3132 -7.0594 54.8921 -14.6888 -6.9608 54.8176 -14.6888 -5.3358 54.8176
4 378 -7.4065 -27.6402 56.2629 -8.1221 -17.0773 56.1209 -7.9073 -9.3551 56.1635 -7.4065 -5.3966 56.2629
3 378 -8.1221 -17.0773 56.1209 -7.4065 -27.6402 56.2629 -8.1928 -17.6161 56.1068
4 378 -7.5789 -5.3358 56.2287 -11.1093 -6.9608 55.528 -11.4794 -7.0594 55.4546 -14.6888 -5.3358 54.8176
4 378 -8.1928 -17.6161 56.1068 -7.4065 -27.6402 56.2629 -8.3024 -26.9821 56.0851 -8.4247 -17.9125 56.0608
4 378 -11.8645 -7.6909 55.3781 -13.9281 -7.6909 54.9685 -14.0452 -7.3244 54.9453 -11.7473 -7.3244 55.4014
3 378 -7.6311 -32.2033 56.2183 -7.4065 -31.8852 56.2629 -7.4065 -34.3324 56.2629
3 378 -9.223 -32.9105 55.9024 -7.5789 -34.3931 56.2287 -10.0906 -32.7259 55.7302
4 378 -13.7216 -18.1352 55.0095 -13.9614 -23.5139 54.9619 -14.6888 -26.4134 54.8176 -14.6888 -18.119 54.8176
4 378 -7.5789 -34.3931 56.2287 -8.3603 -32.7178 56.0736 -7.6311 -32.2033 56.2183 -7.4065 -34.3324 56.2629
3 378 -9.223 -32.9105 55.9024 -8.3603 -32.7178 56.0736 -7.5789 -34.3931 56.2287
3 378 -14.6888 -26.4134 54.8176 -13.9614 -23.5139 54.9619 -13.7784 -23.9754 54.9982
3 378 -14.6888 -26.4134 54.8176 -13.7784 -23.9754 54.9982 -13.3821 -24.2642 55.0769
4 378 -7.5789 -34.3931 56.2287 -14.6888 -34.3931 54.8176 -10.8378 -32.239 55.5819 -10.0906 -32.7259 55.7302
3 378 -11.3591 -31.5238 55.4784 -10.8378 -32.239 55.5819 -14.6888 -34.3931 54.8176
4 378 -13.3821 -24.2642 55.0769 -12.8963 -24.3426 55.1733 -11.0804 -28.1263 55.5337 -14.6888 -26.4134 54.8176
3 378 -11.505 -28.9041 55.4495 -14.6888 -26.4134 54.8176 -11.0804 -28.1263 55.5337
3 378 -14.6888 -26.4134 54.8176 -11.505 -28.9041 55.4495 -11.6689 -29.783 55.4169
4 378 -10.2832 -27.3689 55.692 -11.0804 -28.1263 55.5337 -12.8963 -24.3426 55.1733 -12.4104 -24.2642 55.2698
3 378 -11.627 -30.674 55.4252 -11.3591 -31.5238 55.4784 -14.6888 -34.3931 54.8176
4 378 -14.6888 -26.4134 54.8176 -11.6689 -29.783 55.4169 -11.627 -30.674 55.4252 -14.6888 -34.3931 54.8176
4 378 -9.3411 -26.9044 55.8789 -10.2832 -27.3689 55.692 -12.4104 -24.2642 55.2698 -12.0142 -23.9754 55.3484
4 378 -8.3024 -26.9821 56.0851 -9.3411 -26.9044 55.8789 -12.0142 -23.9754 55.3484 -11.8312 -23.5139 55.3847
4 378 -12.071 -18.1352 55.3371 -8.8959 -18.082 55.9673 -8.3024 -26.9821 56.0851 -11.8312 -23.5139 55.3847
3 378 -8.8959 -18.082 55.9673 -8.4247 -17.9125 56.0608 -8.3024 -26.9821 56.0851
4 378 -14.6888 -10.2488 54.8176 -14.3226 -10.0925 54.8902 -14.3801 -11.8905 54.8788 -14.6888 -11.663 54.8176
4 378 -11.4125 -11.8905 55.4678 -14.3801 -11.8905 54.8788 -14.3226 -10.0925 54.8902 -14.0354 -9.7743 54.9472
4 378 -14.1802 -12.2534 54.9185 -11.6124 -12.2534 55.4281 -11.6506 -14.5586 55.4206 -14.1419 -14.5586 54.9261
4 378 -11.6124 -12.2534 55.4281 -14.1802 -12.2534 54.9185 -14.3801 -11.8905 54.8788 -11.4125 -11.8905 55.4678
4 378 -11.8577 -9.3551 55.3795 -11.7572 -9.7743 55.3994 -14.0354 -9.7743 54.9472 -13.9349 -9.3551 54.9672
4 378 -11.073 -10.262 55.5352 -11.073 -11.6403 55.5352 -11.4125 -11.8905 55.4678 -11.47 -10.0925 55.4564
4 378 -14.0354 -9.7743 54.9472 -11.7572 -9.7743 55.3994 -11.47 -10.0925 55.4564 -11.4125 -11.8905 55.4678
4 378 -13.9349 -9.3551 54.9672 -13.9281 -7.6909 54.9685 -11.8645 -7.6909 55.3781 -11.8577 -9.3551 55.3795
4 378 -8.3526 -11.8905 56.0751 -8.6921 -11.6403 56.0078 -8.6921 -10.262 56.0078 -8.2951 -10.0925 56.0865
4 378 -8.2951 -10.0925 56.0865 -8.0079 -9.7743 56.1435 -8.1527 -12.2534 56.1148 -8.3526 -11.8905 56.0751
4 378 -14.3132 -7.0594 54.8921 -11.4794 -7.0594 55.4546 -11.7473 -7.3244 55.4014 -14.0452 -7.3244 54.9453
4 378 -8.1221 -17.0773 56.1209 -8.1527 -12.2534 56.1148 -8.0079 -9.7743 56.1435 -7.9073 -9.3551 56.1635
3 378 -8.6558 -6.9608 56.015 -11.1093 -6.9608 55.528 -7.5789 -5.3358 56.2287
3 378 -7.4065 -5.3966 56.2629 -7.9073 -9.3551 56.1635 -7.9005 -7.6909 56.1648
3 378 -7.4065 -5.3966 56.2629 -7.9005 -7.6909 56.1648 -8.0177 -7.3244 56.1416
3 378 -8.2857 -7.0594 56.0884 -8.6558 -6.9608 56.015 -7.5789 -5.3358 56.2287
4 378 -7.4065 -38 56.2629 -14.6888 -38 54.8176 -14.6888 -34.8728 54.8176 -7.5482 -34.8728 56.2348
3 378 -7.5482 -34.8728 56.2348 -7.4065 -34.8232 56.2629 -7.4065 -38 56.2629
3 378 -34.5469 -6.9608 45.0224 -34.5469 -5.3358 45.0224 -34.1919 -7.0594 45.2599
3 378 -28.3768 -5.3358 49.1499 -28.3768 -7.3244 49.1499 -28.7123 -7.0594 48.9254
4 378 -31.8592 -7.3244 46.8203 -33.9482 -7.3244 45.4228 -34.1919 -7.0594 45.2599 -34.5469 -5.3358 45.0224
4 378 -28.3768 -5.3358 49.1499 -31.2792 -6.9608 47.2083 -31.6156 -7.0594 46.9833 -34.5469 -5.3358 45.0224
3 378 -28.3768 -5.3358 49.1499 -28.7123 -7.0594 48.9254 -29.0487 -6.9608 48.7004
3 378 -28.3768 -5.3358 49.1499 -29.0487 -6.9608 48.7004 -31.2792 -6.9608 47.2083
3 378 -34.5469 -5.3358 45.0224 -31.6156 -7.0594 46.9833 -31.8592 -7.3244 46.8203
4 378 -31.9658 -7.6909 46.749 -33.8417 -7.6909 45.4941 -33.9482 -7.3244 45.4228 -31.8592 -7.3244 46.8203
4 378 -31.9596 -9.3551 46.7531 -33.8479 -9.3551 45.49 -33.8417 -7.6909 45.4941 -31.9658 -7.6909 46.749
4 378 -31.5548 -11.8905 47.0239 -34.2527 -11.8905 45.2192 -34.2004 -10.0925 45.2542 -33.9393 -9.7743 45.4288
4 378 -34.0709 -12.2534 45.3408 -34.2527 -11.8905 45.2192 -31.5548 -11.8905 47.0239 -31.7366 -12.2534 46.9023
4 378 -33.8479 -9.3551 45.49 -31.9596 -9.3551 46.7531 -31.8682 -9.7743 46.8143 -33.9393 -9.7743 45.4288
4 378 -34.0362 -14.5586 45.364 -34.0709 -12.2534 45.3408 -31.7366 -12.2534 46.9023 -31.7713 -14.5586 46.8791
4 378 -31.6071 -10.0925 46.9889 -31.5548 -11.8905 47.0239 -33.9393 -9.7743 45.4288 -31.8682 -9.7743 46.8143
4 378 -31.5548 -11.8905 47.0239 -31.6071 -10.0925 46.9889 -31.2462 -10.262 47.2304 -31.2462 -11.6403 47.2304
4 378 -33.654 -18.1352 45.6196 -33.872 -23.5139 45.4739 -34.5469 -27.6122 45.0224 -34.5469 -18.1188 45.0224
4 378 -32.9037 -24.3426 46.1216 -30.8349 -26.8504 47.5055 -34.138 -28.5077 45.2959 -34.5469 -27.6122 45.0224
3 378 -34.5469 -27.6122 45.0224 -33.872 -23.5139 45.4739 -33.7057 -23.9754 45.5851
3 378 -34.5469 -27.6122 45.0224 -33.7057 -23.9754 45.5851 -33.3454 -24.2642 45.8261
3 378 -34.5469 -27.6122 45.0224 -33.3454 -24.2642 45.8261 -32.9037 -24.3426 46.1216
3 378 -34.138 -28.5077 45.2959 -30.8349 -26.8504 47.5055 -30.8813 -27.9593 47.4745
4 378 -30.6017 -25.7707 47.6615 -30.8349 -26.8504 47.5055 -32.9037 -24.3426 46.1216 -32.4621 -24.2642 46.417
4 378 -34.5469 -31.9051 45.0224 -34.272 -31.4769 45.2063 -29.9793 -31.0885 48.0779 -34.5469 -34.3931 45.0224
3 378 -28.3768 -32.5058 49.1499 -28.3768 -34.3931 49.1499 -29.2882 -31.8928 48.5402
4 378 -34.0166 -30.6311 45.3771 -30.475 -30.1234 47.7463 -29.9793 -31.0885 48.0779 -34.272 -31.4769 45.2063
4 378 -34.138 -28.5077 45.2959 -30.8813 -27.9593 47.4745 -30.7691 -29.0624 47.5495 -33.9909 -29.5518 45.3943
4 378 -28.3768 -34.3931 49.1499 -34.5469 -34.3931 45.0224 -29.9793 -31.0885 48.0779 -29.2882 -31.8928 48.5402
4 378 -31.9355 -23.5139 46.7693 -32.1535 -18.1352 46.6235 -29.267 -18.082 48.5544 -28.9743 -23.0125 48.7502
4 378 -32.1018 -23.9754 46.658 -31.9355 -23.5139 46.7693 -29.6658 -23.8087 48.2876 -30.1914 -24.7594 47.936
4 378 -33.9909 -29.5518 45.3943 -30.7691 -29.0624 47.5495 -30.475 -30.1234 47.7463 -34.0166 -30.6311 45.3771
3 378 -29.6658 -23.8087 48.2876 -31.9355 -23.5139 46.7693 -28.9743 -23.0125 48.7502
3 378 -28.8387 -17.9125 48.8409 -28.6278 -17.6161 48.982 -28.3768 -22.5717 49.1499
4 378 -32.4621 -24.2642 46.417 -32.1018 -23.9754 46.658 -30.1914 -24.7594 47.936 -30.6017 -25.7707 47.6615
4 378 -28.8387 -17.9125 48.8409 -28.3768 -22.5717 49.1499 -28.9743 -23.0125 48.7502 -29.267 -18.082 48.5544
4 378 -28.5635 -17.0773 49.025 -28.5913 -12.2534 49.0064 -28.4598 -9.7743 49.0944 -28.3768 -9.394 49.1499
3 378 -28.3768 -9.394 49.1499 -28.3768 -22.5717 49.1499 -28.5635 -17.0773 49.025
3 378 -28.3768 -22.5717 49.1499 -28.6278 -17.6161 48.982 -28.5635 -17.0773 49.025
4 378 -29.0817 -10.262 48.6783 -28.7208 -10.0925 48.9197 -28.7731 -11.8905 48.8848 -29.0817 -11.6403 48.6783
4 378 -28.5913 -12.2534 49.0064 -28.7731 -11.8905 48.8848 -28.7208 -10.0925 48.9197 -28.4598 -9.7743 49.0944
4 378 -6.9579 -5.5547 56.2923 -6.4189 -5.926 56.3276 -6.0017 -6.4358 56.355 -7.4065 -5.3966 56.2629
4 378 -6.0017 -6.4358 56.355 -5.74 -7.0401 56.3722 -5.5902 -7.7371 56.382 -7.4065 -5.3966 56.2629
4 378 -6.809 -29.5518 56.3021 -6.9708 -28.5077 56.2915 -5.5902 -7.7371 56.382 -5.5902 -32.0465 56.3821
4 378 -7.4065 -31.8852 56.2629 -7.1182 -31.4769 56.2818 -5.5902 -32.0465 56.3821 -5.74 -32.6888 56.3723
3 378 -6.809 -29.5518 56.3021 -5.5902 -32.0465 56.3821 -6.8372 -30.6311 56.3002
4 378 -5.74 -32.6888 56.3723 -6.0017 -33.2931 56.3551 -6.4189 -33.8029 56.3277 -7.4065 -31.8852 56.2629
4 378 -7.4065 -34.3324 56.2629 -7.4065 -31.8852 56.2629 -6.4189 -33.8029 56.3277 -6.9579 -34.1742 56.2923
3 378 -7.1182 -31.4769 56.2818 -6.8372 -30.6311 56.3002 -5.5902 -32.0465 56.3821
4 378 -28.3768 -5.3358 49.1499 -21.7175 -5.3358 52.4287 -21.7175 -6.8061 52.4287 -25.372 -6.8061 50.6293
3 378 -28.3768 -5.3358 49.1499 -25.372 -6.8061 50.6293 -25.8002 -7.02 50.4185
4 378 -25.8002 -7.02 50.4185 -26.1055 -7.414 50.2682 -28.3768 -7.3244 49.1499 -28.3768 -5.3358 49.1499
4 378 -26.1545 -7.9312 50.2441 -28.3768 -9.394 49.1499 -28.3768 -7.3244 49.1499 -26.1055 -7.414 50.2682
4 378 -28.3768 -22.5717 49.1499 -28.3768 -9.394 49.1499 -26.1545 -7.9312 50.2441 -26.1545 -18.1966 50.2441
4 378 -25.8002 -19.1078 50.4185 -27.1663 -22.1254 49.7459 -28.1371 -22.3949 49.2679 -26.1055 -18.7139 50.2682
4 378 -25.372 -19.3218 50.6293 -26.1636 -22.1597 50.2396 -27.1663 -22.1254 49.7459 -25.8002 -19.1078 50.4185
4 378 -28.3768 -22.5717 49.1499 -26.1545 -18.1966 50.2441 -26.1055 -18.7139 50.2682 -28.1371 -22.3949 49.2679
4 378 -26.1636 -22.1597 50.2396 -25.372 -19.3218 50.6293 -21.7175 -19.3218 52.4287 -25.2123 -22.5108 50.708
4 378 -25.2123 -22.5108 50.708 -21.7175 -19.3218 52.4287 -21.7175 -23.3968 52.4287 -24.3907 -23.1502 51.1125
4 378 -22.936 -25.6684 51.8288 -23.2998 -25.1529 51.6496 -23.745 -23.9632 51.4304 -22.4782 -24.5886 52.0542
3 378 -28.3768 -34.3931 49.1499 -28.3768 -32.5058 49.1499 -27.4773 -32.8042 49.5927
4 378 -24.6842 -31.8454 50.968 -22.1773 -31.3832 52.2023 -21.7175 -31.7952 52.4287 -21.7175 -34.3931 52.4287
4 378 -27.4773 -32.8042 49.5927 -26.4738 -32.7987 50.0869 -21.7175 -34.3931 52.4287 -28.3768 -34.3931 49.1499
3 378 -25.5185 -32.46 50.5572 -21.7175 -34.3931 52.4287 -26.4738 -32.7987 50.0869
3 378 -21.7175 -34.3931 52.4287 -25.5185 -32.46 50.5572 -24.6842 -31.8454 50.968
3 378 -23.5146 -30.0604 51.5439 -23.1675 -29.271 51.7148 -22.7549 -30.4825 51.9179
4 378 -23.5146 -30.0604 51.5439 -22.7549 -30.4825 51.9179 -22.1773 -31.3832 52.2023 -24.0151 -31.0076 51.2975
3 378 -22.1773 -31.3832 52.2023 -24.6842 -31.8454 50.968 -24.0151 -31.0076 51.2975
4 378 -25.372 -18.8711 50.6293 -25.8395 -18.1966 50.3992 -21.7175 -7.2567 52.4287 -21.7175 -18.8711 52.4287
3 378 -25.372 -18.8711 50.6293 -25.721 -18.6275 50.4575 -25.8395 -18.1966 50.3992
3 378 -25.8395 -7.9312 50.3992 -25.721 -7.5003 50.4575 -25.372 -7.2567 50.6293