0 Cable 8L Curved Flexible with Bars
0 Name: 6955.dat
0 Author: Philippe Hurbain [Philo]
0 !LDRAW_ORG Unofficial_Part
0 !LICENSE Licensed under CC BY 4.0 : see CAreadme.txt

0 BFC CERTIFY CCW

0 !CATEGORY Bar
0 !KEYWORDS Brickowl 1347180, Cyber Brain Spider, Dreamzzz, Wavy

0 !HISTORY 2026-01-14 {LEGO Instructions App} Original part shape
0 !HISTORY 2026-01-14 [Philo] File preparation for LDraw Parts Tracker

1 16 -4.2426 0 -150.2426 .70711 -.70711 0 0 0 1 -.70711 -.70711 0 6955k01.dat
1 16 0 0 0 -1 0 0 0 0 1 0 1 0 6955k01.dat

4 16 1.8521 2.9605 -18.1962 1.8625 2.9605 -14 2.197 2.153 -14 2.1848 2.153 -18.2314
4 16 1.2376 3.5785 -18.1311 1.2445 3.5785 -14 1.8625 2.9605 -14 1.8521 2.9605 -18.1962
4 16 .4346 3.913 -18.046 .437 3.913 -14 1.2445 3.5785 -14 1.2376 3.5785 -18.1311
4 16 -.4346 3.913 -17.954 -.437 3.913 -14 .437 3.913 -14 .4346 3.913 -18.046
4 16 2.1848 2.153 -18.2314 2.197 2.153 -14 2.2015 1.2711 -14 2.1893 1.2711 -18.2319
4 16 -1.2375 3.5785 -17.8689 -1.2445 3.5785 -14 -.437 3.913 -14 -.4346 3.913 -17.954
4 16 -1.8522 2.9605 -17.8038 -1.8625 2.9605 -14 -1.2445 3.5785 -14 -1.2375 3.5785 -17.8689
4 16 -2.1847 2.153 -17.7686 -2.197 2.153 -14 -1.8625 2.9605 -14 -1.8522 2.9605 -17.8038
4 16 -2.1893 1.271 -17.7681 -2.2016 1.271 -14 -2.197 2.153 -14 -2.1847 2.153 -17.7686
4 16 2.4631 -2.8671 -18.2609 2.4768 -2.8671 -14 1.6326 -3.0932 -14 1.6235 -3.0932 -18.172
4 16 3.1526 -2.3349 -18.3339 3.1702 -2.3349 -14 2.4768 -2.8671 -14 2.4631 -2.8671 -18.2609
4 16 3.5872 -1.578 -18.38 3.6073 -1.578 -14 3.1702 -2.3349 -14 3.1526 -2.3349 -18.3339
4 16 3.7006 -.7115 -18.392 3.7213 -.7115 -14 3.6073 -1.578 -14 3.5872 -1.578 -18.38
4 16 .7618 -2.9792 -18.0807 .7661 -2.9792 -14 0 -2.5421 -14 0 -2.5421 -18
4 16 1.6235 -3.0932 -18.172 1.6326 -3.0932 -14 .7661 -2.9792 -14 .7618 -2.9792 -18.0807
4 16 3.4757 .1327 -18.3681 3.4952 .1327 -14 3.7213 -.7115 -14 3.7006 -.7115 -18.392
4 16 2.9466 .8261 -18.3121 2.963 .8261 -14 3.4952 .1327 -14 3.4757 .1327 -18.3681
4 16 2.1893 1.2711 -18.2319 2.2015 1.2711 -14 2.963 .8261 -14 2.9466 .8261 -18.3121
4 16 -3.5872 -1.578 -17.6201 -3.6072 -1.578 -14 -3.7214 -.7115 -14 -3.7007 -.7115 -17.608
4 16 -3.1526 -2.335 -17.6661 -3.1703 -2.335 -14 -3.6072 -1.578 -14 -3.5872 -1.578 -17.6201
4 16 -2.463 -2.867 -17.7391 -2.4768 -2.867 -14 -3.1703 -2.335 -14 -3.1526 -2.335 -17.6661
4 16 -1.6235 -3.0933 -17.828 -1.6326 -3.0933 -14 -2.4768 -2.867 -14 -2.463 -2.867 -17.7391
4 16 -2.9466 .8262 -17.6879 -2.9631 .8262 -14 -2.2016 1.271 -14 -2.1893 1.271 -17.7681
4 16 -3.4756 .1327 -17.6319 -3.4951 .1327 -14 -2.9631 .8262 -14 -2.9466 .8262 -17.6879
4 16 -3.7007 -.7115 -17.608 -3.7214 -.7115 -14 -3.4951 .1327 -14 -3.4756 .1327 -17.6319
4 16 -.7618 -2.9791 -17.9193 -.7661 -2.9791 -14 -1.6326 -3.0933 -14 -1.6235 -3.0933 -17.828
4 16 0 -2.5421 -18 0 -2.5421 -14 -.7661 -2.9791 -14 -.7618 -2.9791 -17.9193
4 16 .8327 2.9605 -22.9942 1.8521 2.9605 -18.1962 2.1848 2.153 -18.2314 1.1561 2.153 -23.0797
4 16 .2352 3.5785 -22.8363 1.2376 3.5785 -18.1311 1.8521 2.9605 -18.1962 .8327 2.9605 -22.9942
4 16 -.5455 3.913 -22.63 .4346 3.913 -18.046 1.2376 3.5785 -18.1311 .2352 3.5785 -22.8363
4 16 -1.3905 3.913 -22.4067 -.4346 3.913 -17.954 .4346 3.913 -18.046 -.5455 3.913 -22.63
4 16 1.1561 2.153 -23.0797 2.1848 2.153 -18.2314 2.1893 1.2711 -18.2319 1.1605 1.2711 -23.0808
4 16 -2.1712 3.5785 -22.2004 -1.2375 3.5785 -17.8689 -.4346 3.913 -17.954 -1.3905 3.913 -22.4067
4 16 -2.7687 2.9605 -22.0425 -1.8522 2.9605 -17.8038 -1.2375 3.5785 -17.8689 -2.1712 3.5785 -22.2004
4 16 -3.092 2.153 -21.957 -2.1847 2.153 -17.7686 -1.8522 2.9605 -17.8038 -2.7687 2.9605 -22.0425
4 16 -3.0965 1.271 -21.9558 -2.1893 1.271 -17.7681 -2.1847 2.153 -17.7686 -3.092 2.153 -21.957
4 16 1.4266 -2.8671 -23.1512 2.4631 -2.8671 -18.2609 1.6235 -3.0932 -18.172 .6104 -3.0932 -22.9355
4 16 2.097 -2.3349 -23.3283 3.1526 -2.3349 -18.3339 2.4631 -2.8671 -18.2609 1.4266 -2.8671 -23.1512
4 16 2.5196 -1.578 -23.44 3.5872 -1.578 -18.38 3.1526 -2.3349 -18.3339 2.097 -2.3349 -23.3283
4 16 2.6298 -.7115 -23.4691 3.7006 -.7115 -18.392 3.5872 -1.578 -18.38 2.5196 -1.578 -23.44
4 16 -.2274 -2.9792 -22.7141 .7618 -2.9792 -18.0807 0 -2.5421 -18 -.968 -2.5421 -22.5183
4 16 .6104 -3.0932 -22.9355 1.6235 -3.0932 -18.172 .7618 -2.9792 -18.0807 -.2274 -2.9792 -22.7141
4 16 2.4111 .1327 -23.4114 3.4757 .1327 -18.3681 3.7006 -.7115 -18.392 2.6298 -.7115 -23.4691
4 16 1.8967 .8261 -23.2754 2.9466 .8261 -18.3121 3.4757 .1327 -18.3681 2.4111 .1327 -23.4114
4 16 1.1605 1.2711 -23.0808 2.1893 1.2711 -18.2319 2.9466 .8261 -18.3121 1.8967 .8261 -23.2754
4 16 -4.4555 -1.578 -21.5967 -3.5872 -1.578 -17.6201 -3.7007 -.7115 -17.608 -4.5658 -.7115 -21.5675
4 16 -4.033 -2.335 -21.7084 -3.1526 -2.335 -17.6661 -3.5872 -1.578 -17.6201 -4.4555 -1.578 -21.5967
4 16 -3.3626 -2.867 -21.8855 -2.463 -2.867 -17.7391 -3.1526 -2.335 -17.6661 -4.033 -2.335 -21.7084
4 16 -2.5464 -3.0933 -22.1012 -1.6235 -3.0933 -17.828 -2.463 -2.867 -17.7391 -3.3626 -2.867 -21.8855
4 16 -3.8327 .8262 -21.7613 -2.9466 .8262 -17.6879 -2.1893 1.271 -17.7681 -3.0965 1.271 -21.9558
4 16 -4.3471 .1327 -21.6254 -3.4756 .1327 -17.6319 -2.9466 .8262 -17.6879 -3.8327 .8262 -21.7613
4 16 -4.5658 -.7115 -21.5675 -3.7007 -.7115 -17.608 -3.4756 .1327 -17.6319 -4.3471 .1327 -21.6254
4 16 -1.7086 -2.9791 -22.3226 -.7618 -2.9791 -17.9193 -1.6235 -3.0933 -17.828 -2.5464 -3.0933 -22.1012
4 16 -.968 -2.5421 -22.5183 0 -2.5421 -18 -.7618 -2.9791 -17.9193 -1.7086 -2.9791 -22.3226
4 16 -.7486 2.9605 -28.0007 .8327 2.9605 -22.9942 1.1561 2.153 -23.0797 -.4361 2.153 -28.1203
4 16 -1.3257 3.5785 -27.7799 .2352 3.5785 -22.8363 .8327 2.9605 -22.9942 -.7486 2.9605 -28.0007
4 16 -2.0799 3.913 -27.4912 -.5455 3.913 -22.63 .2352 3.5785 -22.8363 -1.3257 3.5785 -27.7799
4 16 -2.8962 3.913 -27.1788 -1.3905 3.913 -22.4067 -.5455 3.913 -22.63 -2.0799 3.913 -27.4912
4 16 -.4361 2.153 -28.1203 1.1561 2.153 -23.0797 1.1605 1.2711 -23.0808 -.4319 1.2711 -28.1219
4 16 -3.6503 3.5785 -26.8902 -2.1712 3.5785 -22.2004 -1.3905 3.913 -22.4067 -2.8962 3.913 -27.1788
4 16 -4.2275 2.9605 -26.6693 -2.7687 2.9605 -22.0425 -2.1712 3.5785 -22.2004 -3.6503 3.5785 -26.8902
4 16 -4.5398 2.153 -26.5498 -3.092 2.153 -21.957 -2.7687 2.9605 -22.0425 -4.2275 2.9605 -26.6693
4 16 -4.5441 1.271 -26.5481 -3.0965 1.271 -21.9558 -3.092 2.153 -21.957 -4.5398 2.153 -26.5498
4 16 -.1748 -2.8671 -28.2203 1.4266 -2.8671 -23.1512 .6104 -3.0932 -22.9355 -.9633 -3.0932 -27.9186
4 16 .4728 -2.3349 -28.4682 2.097 -2.3349 -23.3283 1.4266 -2.8671 -23.1512 -.1748 -2.8671 -28.2203
4 16 .881 -1.578 -28.6244 2.5196 -1.578 -23.44 2.097 -2.3349 -23.3283 .4728 -2.3349 -28.4682
4 16 .9874 -.7115 -28.6651 2.6298 -.7115 -23.4691 2.5196 -1.578 -23.44 .881 -1.578 -28.6244
4 16 -1.7725 -2.9792 -27.6089 -.2274 -2.9792 -22.7141 -.968 -2.5421 -22.5183 -2.488 -2.5421 -27.335
4 16 -.9633 -3.0932 -27.9186 .6104 -3.0932 -22.9355 -.2274 -2.9792 -22.7141 -1.7725 -2.9792 -27.6089
4 16 .7763 .1327 -28.5843 2.4111 .1327 -23.4114 2.6298 -.7115 -23.4691 .9874 -.7115 -28.6651
4 16 .2793 .8261 -28.3941 1.8967 .8261 -23.2754 2.4111 .1327 -23.4114 .7763 .1327 -28.5843
4 16 -.4319 1.2711 -28.1219 1.1605 1.2711 -23.0808 1.8967 .8261 -23.2754 .2793 .8261 -28.3941
4 16 -5.8569 -1.578 -26.0457 -4.4555 -1.578 -21.5967 -4.5658 -.7115 -21.5675 -5.9635 -.7115 -26.0049
4 16 -5.4488 -2.335 -26.2019 -4.033 -2.335 -21.7084 -4.4555 -1.578 -21.5967 -5.8569 -1.578 -26.0457
4 16 -4.8012 -2.867 -26.4497 -3.3626 -2.867 -21.8855 -4.033 -2.335 -21.7084 -5.4488 -2.335 -26.2019
4 16 -4.0128 -3.0933 -26.7515 -2.5464 -3.0933 -22.1012 -3.3626 -2.867 -21.8855 -4.8012 -2.867 -26.4497
4 16 -5.2553 .8262 -26.2759 -3.8327 .8262 -21.7613 -3.0965 1.271 -21.9558 -4.5441 1.271 -26.5481
4 16 -5.7522 .1327 -26.0858 -4.3471 .1327 -21.6254 -3.8327 .8262 -21.7613 -5.2553 .8262 -26.2759
4 16 -5.9635 -.7115 -26.0049 -4.5658 -.7115 -21.5675 -4.3471 .1327 -21.6254 -5.7522 .1327 -26.0858
4 16 -3.2035 -2.9791 -27.0612 -1.7086 -2.9791 -22.3226 -2.5464 -3.0933 -22.1012 -4.0128 -3.0933 -26.7515
4 16 -2.488 -2.5421 -27.335 -.968 -2.5421 -22.5183 -1.7086 -2.9791 -22.3226 -3.2035 -2.9791 -27.0612
4 16 -2.8973 2.9605 -32.7496 -.7486 2.9605 -28.0007 -.4361 2.153 -28.1203 -2.5972 2.153 -32.8975
4 16 -3.4516 3.5785 -32.4765 -1.3257 3.5785 -27.7799 -.7486 2.9605 -28.0007 -2.8973 2.9605 -32.7496
4 16 -4.176 3.913 -32.1196 -2.0799 3.913 -27.4912 -1.3257 3.5785 -27.7799 -3.4516 3.5785 -32.4765
4 16 -4.96 3.913 -31.7333 -2.8962 3.913 -27.1788 -2.0799 3.913 -27.4912 -4.176 3.913 -32.1196
4 16 -2.5972 2.153 -32.8975 -.4361 2.153 -28.1203 -.4319 1.2711 -28.1219 -2.5931 1.2711 -32.8995
4 16 -5.6843 3.5785 -31.3765 -3.6503 3.5785 -26.8902 -2.8962 3.913 -27.1788 -4.96 3.913 -31.7333
4 16 -6.2388 2.9605 -31.1033 -4.2275 2.9605 -26.6693 -3.6503 3.5785 -26.8902 -5.6843 3.5785 -31.3765
4 16 -6.5388 2.153 -30.9555 -4.5398 2.153 -26.5498 -4.2275 2.9605 -26.6693 -6.2388 2.9605 -31.1033
4 16 -6.5429 1.271 -30.9535 -4.5441 1.271 -26.5481 -4.5398 2.153 -26.5498 -6.5388 2.153 -30.9555
4 16 -2.3462 -2.8671 -33.0211 -.1748 -2.8671 -28.2203 -.9633 -3.0932 -27.9186 -3.1035 -3.0932 -32.648
4 16 -1.7242 -2.3349 -33.3276 .4728 -2.3349 -28.4682 -.1748 -2.8671 -28.2203 -2.3462 -2.8671 -33.0211
4 16 -1.3321 -1.578 -33.5207 .881 -1.578 -28.6244 .4728 -2.3349 -28.4682 -1.7242 -2.3349 -33.3276
4 16 -1.2299 -.7115 -33.5711 .9874 -.7115 -28.6651 .881 -1.578 -28.6244 -1.3321 -1.578 -33.5207
4 16 -3.8808 -2.9792 -32.2651 -1.7725 -2.9792 -27.6089 -2.488 -2.5421 -27.335 -4.568 -2.5421 -31.9265
4 16 -3.1035 -3.0932 -32.648 -.9633 -3.0932 -27.9186 -1.7725 -2.9792 -27.6089 -3.8808 -2.9792 -32.2651
4 16 -1.4327 .1327 -33.4712 .7763 .1327 -28.5843 .9874 -.7115 -28.6651 -1.2299 -.7115 -33.5711
4 16 -1.91 .8261 -33.236 .2793 .8261 -28.3941 .7763 .1327 -28.5843 -1.4327 .1327 -33.4712
4 16 -2.5931 1.2711 -32.8995 -.4319 1.2711 -28.1219 .2793 .8261 -28.3941 -1.91 .8261 -33.236
4 16 -7.8038 -1.578 -30.3323 -5.8569 -1.578 -26.0457 -5.9635 -.7115 -26.0049 -7.9062 -.7115 -30.2818
4 16 -7.4118 -2.335 -30.5254 -5.4488 -2.335 -26.2019 -5.8569 -1.578 -26.0457 -7.8038 -1.578 -30.3323
4 16 -6.7898 -2.867 -30.8319 -4.8012 -2.867 -26.4497 -5.4488 -2.335 -26.2019 -7.4118 -2.335 -30.5254
4 16 -6.0325 -3.0933 -31.205 -4.0128 -3.0933 -26.7515 -4.8012 -2.867 -26.4497 -6.7898 -2.867 -30.8319
4 16 -7.226 .8262 -30.6169 -5.2553 .8262 -26.2759 -4.5441 1.271 -26.5481 -6.5429 1.271 -30.9535
4 16 -7.7032 .1327 -30.3818 -5.7522 .1327 -26.0858 -5.2553 .8262 -26.2759 -7.226 .8262 -30.6169
4 16 -7.9062 -.7115 -30.2818 -5.9635 -.7115 -26.0049 -5.7522 .1327 -26.0858 -7.7032 .1327 -30.3818
4 16 -5.2552 -2.9791 -31.5879 -3.2035 -2.9791 -27.0612 -4.0128 -3.0933 -26.7515 -6.0325 -3.0933 -31.205
4 16 -4.568 -2.5421 -31.9265 -2.488 -2.5421 -27.335 -3.2035 -2.9791 -27.0612 -5.2552 -2.9791 -31.5879
4 16 -9.999 2.9605 -46.0532 -2.8973 2.9605 -32.7496 -2.5972 2.153 -32.8975 -9.6953 2.153 -46.1935
4 16 -10.5601 3.5785 -45.7942 -3.4516 3.5785 -32.4765 -2.8973 2.9605 -32.7496 -9.999 2.9605 -46.0532
4 16 -11.2932 3.913 -45.4558 -4.176 3.913 -32.1196 -3.4516 3.5785 -32.4765 -10.5601 3.5785 -45.7942
4 16 -12.0868 3.913 -45.0895 -4.96 3.913 -31.7333 -4.176 3.913 -32.1196 -11.2932 3.913 -45.4558
4 16 -9.6953 2.153 -46.1935 -2.5972 2.153 -32.8975 -2.5931 1.2711 -32.8995 -9.6912 1.2711 -46.1954
4 16 -12.8199 3.5785 -44.7511 -5.6843 3.5785 -31.3765 -4.96 3.913 -31.7333 -12.0868 3.913 -45.0895
4 16 -13.3811 2.9605 -44.492 -6.2388 2.9605 -31.1033 -5.6843 3.5785 -31.3765 -12.8199 3.5785 -44.7511
4 16 -13.6847 2.153 -44.3518 -6.5388 2.153 -30.9555 -6.2388 2.9605 -31.1033 -13.3811 2.9605 -44.492
4 16 -13.6889 1.271 -44.3499 -6.5429 1.271 -30.9535 -6.5388 2.153 -30.9555 -13.6847 2.153 -44.3518
4 16 -9.4412 -2.8671 -46.3107 -2.3462 -2.8671 -33.0211 -3.1035 -3.0932 -32.648 -10.2077 -3.0932 -45.9569
4 16 -8.8117 -2.3349 -46.6013 -1.7242 -2.3349 -33.3276 -2.3462 -2.8671 -33.0211 -9.4412 -2.8671 -46.3107
4 16 -8.4148 -1.578 -46.7845 -1.3321 -1.578 -33.5207 -1.7242 -2.3349 -33.3276 -8.8117 -2.3349 -46.6013
4 16 -8.3113 -.7115 -46.8323 -1.2299 -.7115 -33.5711 -1.3321 -1.578 -33.5207 -8.4148 -1.578 -46.7845
4 16 -10.9945 -2.9792 -45.5937 -3.8808 -2.9792 -32.2651 -4.568 -2.5421 -31.9265 -11.69 -2.5421 -45.2726
4 16 -10.2077 -3.0932 -45.9569 -3.1035 -3.0932 -32.648 -3.8808 -2.9792 -32.2651 -10.9945 -2.9792 -45.5937
4 16 -8.5166 .1327 -46.7375 -1.4327 .1327 -33.4712 -1.2299 -.7115 -33.5711 -8.3113 -.7115 -46.8323
4 16 -9 .8261 -46.5145 -1.91 .8261 -33.236 -1.4327 .1327 -33.4712 -8.5166 .1327 -46.7375
4 16 -9.6912 1.2711 -46.1954 -2.5931 1.2711 -32.8995 -1.91 .8261 -33.236 -9 .8261 -46.5145
4 16 -14.9651 -1.578 -43.7608 -7.8038 -1.578 -30.3323 -7.9062 -.7115 -30.2818 -15.0687 -.7115 -43.7129
4 16 -14.5684 -2.335 -43.9439 -7.4118 -2.335 -30.5254 -7.8038 -1.578 -30.3323 -14.9651 -1.578 -43.7608
4 16 -13.9388 -2.867 -44.2345 -6.7898 -2.867 -30.8319 -7.4118 -2.335 -30.5254 -14.5684 -2.335 -43.9439
4 16 -13.1723 -3.0933 -44.5884 -6.0325 -3.0933 -31.205 -6.7898 -2.867 -30.8319 -13.9388 -2.867 -44.2345
4 16 -14.3803 .8262 -44.0307 -7.226 .8262 -30.6169 -6.5429 1.271 -30.9535 -13.6889 1.271 -44.3499
4 16 -14.8633 .1327 -43.8078 -7.7032 .1327 -30.3818 -7.226 .8262 -30.6169 -14.3803 .8262 -44.0307
4 16 -15.0687 -.7115 -43.7129 -7.9062 -.7115 -30.2818 -7.7032 .1327 -30.3818 -14.8633 .1327 -43.8078
4 16 -12.3855 -2.9791 -44.9516 -5.2552 -2.9791 -31.5879 -6.0325 -3.0933 -31.205 -13.1723 -3.0933 -44.5884
4 16 -11.69 -2.5421 -45.2726 -4.568 -2.5421 -31.9265 -5.2552 -2.9791 -31.5879 -12.3855 -2.9791 -44.9516
4 16 -11.7395 2.9605 -50.458 -9.999 2.9605 -46.0532 -9.6953 2.153 -46.1935 -11.417 2.153 -50.5469
4 16 -12.3352 3.5785 -50.2938 -10.5601 3.5785 -45.7942 -9.999 2.9605 -46.0532 -11.7395 2.9605 -50.458
4 16 -13.1137 3.913 -50.0792 -11.2932 3.913 -45.4558 -10.5601 3.5785 -45.7942 -12.3352 3.5785 -50.2938
4 16 -13.9563 3.913 -49.8469 -12.0868 3.913 -45.0895 -11.2932 3.913 -45.4558 -13.1137 3.913 -50.0792
4 16 -11.417 2.153 -50.5469 -9.6953 2.153 -46.1935 -9.6912 1.2711 -46.1954 -11.4126 1.2711 -50.5481
4 16 -14.7347 3.5785 -49.6324 -12.8199 3.5785 -44.7511 -12.0868 3.913 -45.0895 -13.9563 3.913 -49.8469
4 16 -15.3306 2.9605 -49.4682 -13.3811 2.9605 -44.492 -12.8199 3.5785 -44.7511 -14.7347 3.5785 -49.6324
4 16 -15.653 2.153 -49.3793 -13.6847 2.153 -44.3518 -13.3811 2.9605 -44.492 -15.3306 2.9605 -49.4682
4 16 -15.6574 1.271 -49.3781 -13.6889 1.271 -44.3499 -13.6847 2.153 -44.3518 -15.653 2.153 -49.3793
4 16 -11.1472 -2.8671 -50.6212 -9.4412 -2.8671 -46.3107 -10.2077 -3.0932 -45.9569 -11.9611 -3.0932 -50.3969
4 16 -10.4788 -2.3349 -50.8055 -8.8117 -2.3349 -46.6013 -9.4412 -2.8671 -46.3107 -11.1472 -2.8671 -50.6212
4 16 -10.0574 -1.578 -50.9216 -8.4148 -1.578 -46.7845 -8.8117 -2.3349 -46.6013 -10.4788 -2.3349 -50.8055
4 16 -9.9475 -.7115 -50.9519 -8.3113 -.7115 -46.8323 -8.4148 -1.578 -46.7845 -10.0574 -1.578 -50.9216
4 16 -12.7965 -2.9792 -50.1666 -10.9945 -2.9792 -45.5937 -11.69 -2.5421 -45.2726 -13.535 -2.5421 -49.9631
4 16 -11.9611 -3.0932 -50.3969 -10.2077 -3.0932 -45.9569 -10.9945 -2.9792 -45.5937 -12.7965 -2.9792 -50.1666
4 16 -10.1655 .1327 -50.8918 -8.5166 .1327 -46.7375 -8.3113 -.7115 -46.8323 -9.9475 -.7115 -50.9519
4 16 -10.6785 .8261 -50.7504 -9 .8261 -46.5145 -8.5166 .1327 -46.7375 -10.1655 .1327 -50.8918
4 16 -11.4126 1.2711 -50.5481 -9.6912 1.2711 -46.1954 -9 .8261 -46.5145 -10.6785 .8261 -50.7504
4 16 -17.0125 -1.578 -49.0045 -14.9651 -1.578 -43.7608 -15.0687 -.7115 -43.7129 -17.1226 -.7115 -48.9742
4 16 -16.5913 -2.335 -49.1207 -14.5684 -2.335 -43.9439 -14.9651 -1.578 -43.7608 -17.0125 -1.578 -49.0045
4 16 -15.9228 -2.867 -49.3049 -13.9388 -2.867 -44.2345 -14.5684 -2.335 -43.9439 -16.5913 -2.335 -49.1207
4 16 -15.1089 -3.0933 -49.5292 -13.1723 -3.0933 -44.5884 -13.9388 -2.867 -44.2345 -15.9228 -2.867 -49.3049
4 16 -16.3916 .8262 -49.1757 -14.3803 .8262 -44.0307 -13.6889 1.271 -44.3499 -15.6574 1.271 -49.3781
4 16 -16.9044 .1327 -49.0343 -14.8633 .1327 -43.8078 -14.3803 .8262 -44.0307 -16.3916 .8262 -49.1757
4 16 -17.1226 -.7115 -48.9742 -15.0687 -.7115 -43.7129 -14.8633 .1327 -43.8078 -16.9044 .1327 -49.0343
4 16 -14.2735 -2.9791 -49.7595 -12.3855 -2.9791 -44.9516 -13.1723 -3.0933 -44.5884 -15.1089 -3.0933 -49.5292
4 16 -13.535 -2.5421 -49.9631 -11.69 -2.5421 -45.2726 -12.3855 -2.9791 -44.9516 -14.2735 -2.9791 -49.7595
4 16 -12.4954 2.9605 -55.0149 -11.7395 2.9605 -50.458 -11.417 2.153 -50.5469 -12.1611 2.153 -55.0254
4 16 -13.1131 3.5785 -54.9956 -12.3352 3.5785 -50.2938 -11.7395 2.9605 -50.458 -12.4954 2.9605 -55.0149
4 16 -13.9202 3.913 -54.9702 -13.1137 3.913 -50.0792 -12.3352 3.5785 -50.2938 -13.1131 3.5785 -54.9956
4 16 -14.7938 3.913 -54.9428 -13.9563 3.913 -49.8469 -13.1137 3.913 -50.0792 -13.9202 3.913 -54.9702
4 16 -12.1611 2.153 -55.0254 -11.417 2.153 -50.5469 -11.4126 1.2711 -50.5481 -12.1565 1.2711 -55.0256
4 16 -15.6009 3.5785 -54.9175 -14.7347 3.5785 -49.6324 -13.9563 3.913 -49.8469 -14.7938 3.913 -54.9428
4 16 -16.2186 2.9605 -54.8981 -15.3306 2.9605 -49.4682 -14.7347 3.5785 -49.6324 -15.6009 3.5785 -54.9175
4 16 -16.5529 2.153 -54.8876 -15.653 2.153 -49.3793 -15.3306 2.9605 -49.4682 -16.2186 2.9605 -54.8981
4 16 -16.5575 1.271 -54.8875 -15.6574 1.271 -49.3781 -15.653 2.153 -49.3793 -16.5529 2.153 -54.8876
4 16 -11.8814 -2.8671 -55.0342 -11.1472 -2.8671 -50.6212 -11.9611 -3.0932 -50.3969 -12.7252 -3.0932 -55.0077
4 16 -11.1883 -2.3349 -55.056 -10.4788 -2.3349 -50.8055 -11.1472 -2.8671 -50.6212 -11.8814 -2.8671 -55.0342
4 16 -10.7515 -1.578 -55.0697 -10.0574 -1.578 -50.9216 -10.4788 -2.3349 -50.8055 -11.1883 -2.3349 -55.056
4 16 -10.6376 -.7115 -55.0732 -9.9475 -.7115 -50.9519 -10.0574 -1.578 -50.9216 -10.7515 -1.578 -55.0697
4 16 -13.5913 -2.9792 -54.9805 -12.7965 -2.9792 -50.1666 -13.535 -2.5421 -49.9631 -14.357 -2.5421 -54.9565
4 16 -12.7252 -3.0932 -55.0077 -11.9611 -3.0932 -50.3969 -12.7965 -2.9792 -50.1666 -13.5913 -2.9792 -54.9805
4 16 -10.8636 .1327 -55.0662 -10.1655 .1327 -50.8918 -9.9475 -.7115 -50.9519 -10.6376 -.7115 -55.0732
4 16 -11.3954 .8261 -55.0495 -10.6785 .8261 -50.7504 -10.1655 .1327 -50.8918 -10.8636 .1327 -55.0662
4 16 -12.1565 1.2711 -55.0256 -11.4126 1.2711 -50.5481 -10.6785 .8261 -50.7504 -11.3954 .8261 -55.0495
4 16 -17.9625 -1.578 -54.8434 -17.0125 -1.578 -49.0045 -17.1226 -.7115 -48.9742 -18.0765 -.7115 -54.8398
4 16 -17.5257 -2.335 -54.8571 -16.5913 -2.335 -49.1207 -17.0125 -1.578 -49.0045 -17.9625 -1.578 -54.8434
4 16 -16.8326 -2.867 -54.8788 -15.9228 -2.867 -49.3049 -16.5913 -2.335 -49.1207 -17.5257 -2.335 -54.8571
4 16 -15.9888 -3.0933 -54.9053 -15.1089 -3.0933 -49.5292 -15.9228 -2.867 -49.3049 -16.8326 -2.867 -54.8788
4 16 -17.3186 .8262 -54.8636 -16.3916 .8262 -49.1757 -15.6574 1.271 -49.3781 -16.5575 1.271 -54.8875
4 16 -17.8504 .1327 -54.8469 -16.9044 .1327 -49.0343 -16.3916 .8262 -49.1757 -17.3186 .8262 -54.8636
4 16 -18.0765 -.7115 -54.8398 -17.1226 -.7115 -48.9742 -16.9044 .1327 -49.0343 -17.8504 .1327 -54.8469
4 16 -15.1227 -2.9791 -54.9325 -14.2735 -2.9791 -49.7595 -15.1089 -3.0933 -49.5292 -15.9888 -3.0933 -54.9053
4 16 -14.357 -2.5421 -54.9565 -13.535 -2.5421 -49.9631 -14.2735 -2.9791 -49.7595 -15.1227 -2.9791 -54.9325
4 16 -12.0374 2.9605 -59.5495 -12.4954 2.9605 -55.0149 -12.1611 2.153 -55.0254 -11.7115 2.153 -59.4741
4 16 -12.6395 3.5785 -59.6887 -13.1131 3.5785 -54.9956 -12.4954 2.9605 -55.0149 -12.0374 2.9605 -59.5495
4 16 -13.4262 3.913 -59.8707 -13.9202 3.913 -54.9702 -13.1131 3.5785 -54.9956 -12.6395 3.5785 -59.6887
4 16 -14.2778 3.913 -60.0676 -14.7938 3.913 -54.9428 -13.9202 3.913 -54.9702 -13.4262 3.913 -59.8707
4 16 -11.7115 2.153 -59.4741 -12.1611 2.153 -55.0254 -12.1565 1.2711 -55.0256 -11.7071 1.2711 -59.4731
4 16 -15.0645 3.5785 -60.2496 -15.6009 3.5785 -54.9175 -14.7938 3.913 -54.9428 -14.2778 3.913 -60.0676
4 16 -15.6666 2.9605 -60.3888 -16.2186 2.9605 -54.8981 -15.6009 3.5785 -54.9175 -15.0645 3.5785 -60.2496
4 16 -15.9925 2.153 -60.4642 -16.5529 2.153 -54.8876 -16.2186 2.9605 -54.8981 -15.6666 2.9605 -60.3888
4 16 -15.997 1.271 -60.4652 -16.5575 1.271 -54.8875 -16.5529 2.153 -54.8876 -15.9925 2.153 -60.4642
4 16 -11.4389 -2.8671 -59.411 -11.8814 -2.8671 -55.0342 -12.7252 -3.0932 -55.0077 -12.2614 -3.0932 -59.6013
4 16 -10.7633 -2.3349 -59.2548 -11.1883 -2.3349 -55.056 -11.8814 -2.8671 -55.0342 -11.4389 -2.8671 -59.411
4 16 -10.3375 -1.578 -59.1563 -10.7515 -1.578 -55.0697 -11.1883 -2.3349 -55.056 -10.7633 -2.3349 -59.2548
4 16 -10.2264 -.7115 -59.1306 -10.6376 -.7115 -55.0732 -10.7515 -1.578 -55.0697 -10.3375 -1.578 -59.1563
4 16 -13.1056 -2.9792 -59.7965 -13.5913 -2.9792 -54.9805 -14.357 -2.5421 -54.9565 -13.852 -2.5421 -59.9691
4 16 -12.2614 -3.0932 -59.6013 -12.7252 -3.0932 -55.0077 -13.5913 -2.9792 -54.9805 -13.1056 -2.9792 -59.7965
4 16 -10.4467 .1327 -59.1816 -10.8636 .1327 -55.0662 -10.6376 -.7115 -55.0732 -10.2264 -.7115 -59.1306
4 16 -10.9652 .8261 -59.3015 -11.3954 .8261 -55.0495 -10.8636 .1327 -55.0662 -10.4467 .1327 -59.1816
4 16 -11.7071 1.2711 -59.4731 -12.1565 1.2711 -55.0256 -11.3954 .8261 -55.0495 -10.9652 .8261 -59.3015
4 16 -17.3665 -1.578 -60.782 -17.9625 -1.578 -54.8434 -18.0765 -.7115 -54.8398 -17.4777 -.7115 -60.8077
4 16 -16.9407 -2.335 -60.6835 -17.5257 -2.335 -54.8571 -17.9625 -1.578 -54.8434 -17.3665 -1.578 -60.782
4 16 -16.2651 -2.867 -60.5273 -16.8326 -2.867 -54.8788 -17.5257 -2.335 -54.8571 -16.9407 -2.335 -60.6835
4 16 -15.4426 -3.0933 -60.337 -15.9888 -3.0933 -54.9053 -16.8326 -2.867 -54.8788 -16.2651 -2.867 -60.5273
4 16 -16.7389 .8262 -60.6368 -17.3186 .8262 -54.8636 -16.5575 1.271 -54.8875 -15.997 1.271 -60.4652
4 16 -17.2572 .1327 -60.7567 -17.8504 .1327 -54.8469 -17.3186 .8262 -54.8636 -16.7389 .8262 -60.6368
4 16 -17.4777 -.7115 -60.8077 -18.0765 -.7115 -54.8398 -17.8504 .1327 -54.8469 -17.2572 .1327 -60.7567
4 16 -14.5984 -2.9791 -60.1418 -15.1227 -2.9791 -54.9325 -15.9888 -3.0933 -54.9053 -15.4426 -3.0933 -60.337
4 16 -13.852 -2.5421 -59.9691 -14.357 -2.5421 -54.9565 -15.1227 -2.9791 -54.9325 -14.5984 -2.9791 -60.1418
4 16 -10.4248 2.9605 -63.8941 -12.0374 2.9605 -59.5495 -11.7115 2.153 -59.4741 -10.1241 2.153 -63.7476
4 16 -10.9803 3.5785 -64.1649 -12.6395 3.5785 -59.6887 -12.0374 2.9605 -59.5495 -10.4248 2.9605 -63.8941
4 16 -11.7062 3.913 -64.5186 -13.4262 3.913 -59.8707 -12.6395 3.5785 -59.6887 -10.9803 3.5785 -64.1649
4 16 -12.4919 3.913 -64.9016 -14.2778 3.913 -60.0676 -13.4262 3.913 -59.8707 -11.7062 3.913 -64.5186
4 16 -10.1241 2.153 -63.7476 -11.7115 2.153 -59.4741 -11.7071 1.2711 -59.4731 -10.12 1.2711 -63.7456
4 16 -13.2177 3.5785 -65.2553 -15.0645 3.5785 -60.2496 -14.2778 3.913 -60.0676 -12.4919 3.913 -64.9016
4 16 -13.7733 2.9605 -65.5261 -15.6666 2.9605 -60.3888 -15.0645 3.5785 -60.2496 -13.2177 3.5785 -65.2553
4 16 -14.0739 2.153 -65.6726 -15.9925 2.153 -60.4642 -15.6666 2.9605 -60.3888 -13.7733 2.9605 -65.5261
4 16 -14.078 1.271 -65.6746 -15.997 1.271 -60.4652 -15.9925 2.153 -60.4642 -14.0739 2.153 -65.6726
4 16 -9.8725 -2.8671 -63.625 -11.4389 -2.8671 -59.411 -12.2614 -3.0932 -59.6013 -10.6314 -3.0932 -63.9948
4 16 -9.2492 -2.3349 -63.3212 -10.7633 -2.3349 -59.2548 -11.4389 -2.8671 -59.411 -9.8725 -2.8671 -63.625
4 16 -8.8563 -1.578 -63.1297 -10.3375 -1.578 -59.1563 -10.7633 -2.3349 -59.2548 -9.2492 -2.3349 -63.3212
4 16 -8.7539 -.7115 -63.0798 -10.2264 -.7115 -59.1306 -10.3375 -1.578 -59.1563 -8.8563 -1.578 -63.1297
4 16 -11.4104 -2.9792 -64.3745 -13.1056 -2.9792 -59.7965 -13.852 -2.5421 -59.9691 -12.099 -2.5421 -64.7101
4 16 -10.6314 -3.0932 -63.9948 -12.2614 -3.0932 -59.6013 -13.1056 -2.9792 -59.7965 -11.4104 -2.9792 -64.3745
4 16 -8.9571 .1327 -63.1788 -10.4467 .1327 -59.1816 -10.2264 -.7115 -59.1306 -8.7539 -.7115 -63.0798
4 16 -9.4355 .8261 -63.412 -10.9652 .8261 -59.3015 -10.4467 .1327 -59.1816 -8.9571 .1327 -63.1788
4 16 -10.12 1.2711 -63.7456 -11.7071 1.2711 -59.4731 -10.9652 .8261 -59.3015 -9.4355 .8261 -63.412
4 16 -15.3416 -1.578 -66.2904 -17.3665 -1.578 -60.782 -17.4777 -.7115 -60.8077 -15.4442 -.7115 -66.3404
4 16 -14.9488 -2.335 -66.099 -16.9407 -2.335 -60.6835 -17.3665 -1.578 -60.782 -15.3416 -1.578 -66.2904
4 16 -14.3255 -2.867 -65.7952 -16.2651 -2.867 -60.5273 -16.9407 -2.335 -60.6835 -14.9488 -2.335 -66.099
4 16 -13.5666 -3.0933 -65.4253 -15.4426 -3.0933 -60.337 -16.2651 -2.867 -60.5273 -14.3255 -2.867 -65.7952
4 16 -14.7626 .8262 -66.0082 -16.7389 .8262 -60.6368 -15.997 1.271 -60.4652 -14.078 1.271 -65.6746
4 16 -15.2408 .1327 -66.2413 -17.2572 .1327 -60.7567 -16.7389 .8262 -60.6368 -14.7626 .8262 -66.0082
4 16 -15.4442 -.7115 -66.3404 -17.4777 -.7115 -60.8077 -17.2572 .1327 -60.7567 -15.2408 .1327 -66.2413
4 16 -12.7876 -2.9791 -65.0457 -14.5984 -2.9791 -60.1418 -15.4426 -3.0933 -60.337 -13.5666 -3.0933 -65.4253
4 16 -12.099 -2.5421 -64.7101 -13.852 -2.5421 -59.9691 -14.5984 -2.9791 -60.1418 -12.7876 -2.9791 -65.0457
4 16 -6.6286 2.9605 -70.0403 -10.4248 2.9605 -63.8941 -10.1241 2.153 -63.7476 -6.3586 2.153 -69.8428
4 16 -7.1274 3.5785 -70.4051 -10.9803 3.5785 -64.1649 -10.4248 2.9605 -63.8941 -6.6286 2.9605 -70.0403
4 16 -7.7793 3.913 -70.8818 -11.7062 3.913 -64.5186 -10.9803 3.5785 -64.1649 -7.1274 3.5785 -70.4051
4 16 -8.4848 3.913 -71.3977 -12.4919 3.913 -64.9016 -11.7062 3.913 -64.5186 -7.7793 3.913 -70.8818
4 16 -6.3586 2.153 -69.8428 -10.1241 2.153 -63.7476 -10.12 1.2711 -63.7456 -6.355 1.2711 -69.8402
4 16 -9.1365 3.5785 -71.8744 -13.2177 3.5785 -65.2553 -12.4919 3.913 -64.9016 -8.4848 3.913 -71.3977
4 16 -9.6354 2.9605 -72.2392 -13.7733 2.9605 -65.5261 -13.2177 3.5785 -65.2553 -9.1365 3.5785 -71.8744
4 16 -9.9053 2.153 -72.4366 -14.0739 2.153 -65.6726 -13.7733 2.9605 -65.5261 -9.6354 2.9605 -72.2392
4 16 -9.9091 1.271 -72.4393 -14.078 1.271 -65.6746 -14.0739 2.153 -65.6726 -9.9053 2.153 -72.4366
4 16 -6.1327 -2.8671 -69.6777 -9.8725 -2.8671 -63.625 -10.6314 -3.0932 -63.9948 -6.8142 -3.0932 -70.176
4 16 -5.5731 -2.3349 -69.2683 -9.2492 -2.3349 -63.3212 -9.8725 -2.8671 -63.625 -6.1327 -2.8671 -69.6777
4 16 -5.2203 -1.578 -69.0103 -8.8563 -1.578 -63.1297 -9.2492 -2.3349 -63.3212 -5.5731 -2.3349 -69.2683
4 16 -5.1283 -.7115 -68.9431 -8.7539 -.7115 -63.0798 -8.8563 -1.578 -63.1297 -5.2203 -1.578 -69.0103
4 16 -7.5136 -2.9792 -70.6875 -11.4104 -2.9792 -64.3745 -12.099 -2.5421 -64.7101 -8.132 -2.5421 -71.1397
4 16 -6.8142 -3.0932 -70.176 -10.6314 -3.0932 -63.9948 -11.4104 -2.9792 -64.3745 -7.5136 -2.9792 -70.6875
4 16 -5.3108 .1327 -69.0765 -8.9571 .1327 -63.1788 -8.7539 -.7115 -63.0798 -5.1283 -.7115 -68.9431
4 16 -5.7403 .8261 -69.3907 -9.4355 .8261 -63.412 -8.9571 .1327 -63.1788 -5.3108 .1327 -69.0765
4 16 -6.355 1.2711 -69.8402 -10.12 1.2711 -63.7456 -9.4355 .8261 -63.412 -5.7403 .8261 -69.3907
4 16 -11.0437 -1.578 -73.2691 -15.3416 -1.578 -66.2904 -15.4442 -.7115 -66.3404 -11.1358 -.7115 -73.3365
4 16 -10.691 -2.335 -73.0112 -14.9488 -2.335 -66.099 -15.3416 -1.578 -66.2904 -11.0437 -1.578 -73.2691
4 16 -10.1312 -2.867 -72.6018 -14.3255 -2.867 -65.7952 -14.9488 -2.335 -66.099 -10.691 -2.335 -73.0112
4 16 -9.4498 -3.0933 -72.1035 -13.5666 -3.0933 -65.4253 -14.3255 -2.867 -65.7952 -10.1312 -2.867 -72.6018
4 16 -10.5237 .8262 -72.8889 -14.7626 .8262 -66.0082 -14.078 1.271 -65.6746 -9.9091 1.271 -72.4393
4 16 -10.9532 .1327 -73.2029 -15.2408 .1327 -66.2413 -14.7626 .8262 -66.0082 -10.5237 .8262 -72.8889
4 16 -11.1358 -.7115 -73.3365 -15.4442 -.7115 -66.3404 -15.2408 .1327 -66.2413 -10.9532 .1327 -73.2029
4 16 -8.7504 -2.9791 -71.592 -12.7876 -2.9791 -65.0457 -13.5666 -3.0933 -65.4253 -9.4498 -3.0933 -72.1035
4 16 -8.132 -2.5421 -71.1397 -12.099 -2.5421 -64.7101 -12.7876 -2.9791 -65.0457 -8.7504 -2.9791 -71.592
4 16 1.4379 2.9605 -79.4162 -6.6286 2.9605 -70.0403 -6.3586 2.153 -69.8428 1.6858 2.153 -79.1915
4 16 .9801 3.5785 -79.8312 -7.1274 3.5785 -70.4051 -6.6286 2.9605 -70.0403 1.4379 2.9605 -79.4162
4 16 .3818 3.913 -80.3736 -7.7793 3.913 -70.8818 -7.1274 3.5785 -70.4051 .9801 3.5785 -79.8312
4 16 -.2658 3.913 -80.9606 -8.4848 3.913 -71.3977 -7.7793 3.913 -70.8818 .3818 3.913 -80.3736
4 16 1.6858 2.153 -79.1915 -6.3586 2.153 -69.8428 -6.355 1.2711 -69.8402 1.6891 1.2711 -79.1885
4 16 -.864 3.5785 -81.5029 -9.1365 3.5785 -71.8744 -8.4848 3.913 -71.3977 -.2658 3.913 -80.9606
4 16 -1.322 2.9605 -81.918 -9.6354 2.9605 -72.2392 -9.1365 3.5785 -71.8744 -.864 3.5785 -81.5029
4 16 -1.5697 2.153 -82.1426 -9.9053 2.153 -72.4366 -9.6354 2.9605 -72.2392 -1.322 2.9605 -81.918
4 16 -1.5732 1.271 -82.1457 -9.9091 1.271 -72.4393 -9.9053 2.153 -72.4366 -1.5697 2.153 -82.1426
4 16 1.8931 -2.8671 -79.0036 -6.1327 -2.8671 -69.6777 -6.8142 -3.0932 -70.176 1.2676 -3.0932 -79.5706
4 16 2.4068 -2.3349 -78.5379 -5.5731 -2.3349 -69.2683 -6.1327 -2.8671 -69.6777 1.8931 -2.8671 -79.0036
4 16 2.7307 -1.578 -78.2444 -5.2203 -1.578 -69.0103 -5.5731 -2.3349 -69.2683 2.4068 -2.3349 -78.5379
4 16 2.8151 -.7115 -78.1678 -5.1283 -.7115 -68.9431 -5.2203 -1.578 -69.0103 2.7307 -1.578 -78.2444
4 16 .6256 -2.9792 -80.1526 -7.5136 -2.9792 -70.6875 -8.132 -2.5421 -71.1397 .058 -2.5421 -80.6671
4 16 1.2676 -3.0932 -79.5706 -6.8142 -3.0932 -70.176 -7.5136 -2.9792 -70.6875 .6256 -2.9792 -80.1526
4 16 2.6476 .1327 -78.3197 -5.3108 .1327 -69.0765 -5.1283 -.7115 -68.9431 2.8151 -.7115 -78.1678
4 16 2.2533 .8261 -78.6771 -5.7403 .8261 -69.3907 -5.3108 .1327 -69.0765 2.6476 .1327 -78.3197
4 16 1.6891 1.2711 -79.1885 -6.355 1.2711 -69.8402 -5.7403 .8261 -69.3907 2.2533 .8261 -78.6771
4 16 -2.6146 -1.578 -83.0897 -11.0437 -1.578 -73.2691 -11.1358 -.7115 -73.3365 -2.6992 -.7115 -83.1664
4 16 -2.2909 -2.335 -82.7962 -10.691 -2.335 -73.0112 -11.0437 -1.578 -73.2691 -2.6146 -1.578 -83.0897
4 16 -1.7771 -2.867 -82.3305 -10.1312 -2.867 -72.6018 -10.691 -2.335 -73.0112 -2.2909 -2.335 -82.7962
4 16 -1.1516 -3.0933 -81.7636 -9.4498 -3.0933 -72.1035 -10.1312 -2.867 -72.6018 -1.7771 -2.867 -82.3305
4 16 -2.1374 .8262 -82.6571 -10.5237 .8262 -72.8889 -9.9091 1.271 -72.4393 -1.5732 1.271 -82.1457
4 16 -2.5315 .1327 -83.0144 -10.9532 .1327 -73.2029 -10.5237 .8262 -72.8889 -2.1374 .8262 -82.6571
4 16 -2.6992 -.7115 -83.1664 -11.1358 -.7115 -73.3365 -10.9532 .1327 -73.2029 -2.5315 .1327 -83.0144
4 16 -.5096 -2.9791 -81.1816 -8.7504 -2.9791 -71.592 -9.4498 -3.0933 -72.1035 -1.1516 -3.0933 -81.7636
4 16 .058 -2.5421 -80.6671 -8.132 -2.5421 -71.1397 -8.7504 -2.9791 -71.592 -.5096 -2.9791 -81.1816
4 16 13.695 2.9605 -92.2583 1.4379 2.9605 -79.4162 1.6858 2.153 -79.1915 13.9608 2.153 -92.0552
4 16 13.2039 3.5785 -92.6335 .9801 3.5785 -79.8312 1.4379 2.9605 -79.4162 13.695 2.9605 -92.2583
4 16 12.5623 3.913 -93.1237 .3818 3.913 -80.3736 .9801 3.5785 -79.8312 13.2039 3.5785 -92.6335
4 16 11.8677 3.913 -93.6544 -.2658 3.913 -80.9606 .3818 3.913 -80.3736 12.5623 3.913 -93.1237
4 16 13.9608 2.153 -92.0552 1.6858 2.153 -79.1915 1.6891 1.2711 -79.1885 13.9644 1.2711 -92.0525
4 16 11.2261 3.5785 -94.1446 -.864 3.5785 -81.5029 -.2658 3.913 -80.9606 11.8677 3.913 -93.6544
4 16 10.735 2.9605 -94.5198 -1.322 2.9605 -81.918 -.864 3.5785 -81.5029 11.2261 3.5785 -94.1446
4 16 10.4692 2.153 -94.7228 -1.5697 2.153 -82.1426 -1.322 2.9605 -81.918 10.735 2.9605 -94.5198
4 16 10.4656 1.271 -94.7256 -1.5732 1.271 -82.1457 -1.5697 2.153 -82.1426 10.4692 2.153 -94.7228
4 16 14.1832 -2.8671 -91.8853 1.8931 -2.8671 -79.0036 1.2676 -3.0932 -79.5706 13.5123 -3.0932 -92.3979
4 16 14.7341 -2.3349 -91.4644 2.4068 -2.3349 -78.5379 1.8931 -2.8671 -79.0036 14.1832 -2.8671 -91.8853
4 16 15.0814 -1.578 -91.1991 2.7307 -1.578 -78.2444 2.4068 -2.3349 -78.5379 14.7341 -2.3349 -91.4644
4 16 15.172 -.7115 -91.1298 2.8151 -.7115 -78.1678 2.7307 -1.578 -78.2444 15.0814 -1.578 -91.1991
4 16 12.8237 -2.9792 -92.924 .6256 -2.9792 -80.1526 .058 -2.5421 -80.6671 12.215 -2.5421 -93.389
4 16 13.5123 -3.0932 -92.3979 1.2676 -3.0932 -79.5706 .6256 -2.9792 -80.1526 12.8237 -2.9792 -92.924
4 16 14.9923 .1327 -91.2671 2.6476 .1327 -78.3197 2.8151 -.7115 -78.1678 15.172 -.7115 -91.1298
4 16 14.5695 .8261 -91.5902 2.2533 .8261 -78.6771 2.6476 .1327 -78.3197 14.9923 .1327 -91.2671
4 16 13.9644 1.2711 -92.0525 1.6891 1.2711 -79.1885 2.2533 .8261 -78.6771 14.5695 .8261 -91.5902
4 16 9.3486 -1.578 -95.579 -2.6146 -1.578 -83.0897 -2.6992 -.7115 -83.1664 9.2579 -.7115 -95.6483
4 16 9.6958 -2.335 -95.3137 -2.2909 -2.335 -82.7962 -2.6146 -1.578 -83.0897 9.3486 -1.578 -95.579
4 16 10.2469 -2.867 -94.8927 -1.7771 -2.867 -82.3305 -2.2909 -2.335 -82.7962 9.6958 -2.335 -95.3137
4 16 10.9177 -3.0933 -94.3802 -1.1516 -3.0933 -81.7636 -1.7771 -2.867 -82.3305 10.2469 -2.867 -94.8927
4 16 9.8605 .8262 -95.1879 -2.1374 .8262 -82.6571 -1.5732 1.271 -82.1457 10.4656 1.271 -94.7256
4 16 9.4377 .1327 -95.5109 -2.5315 .1327 -83.0144 -2.1374 .8262 -82.6571 9.8605 .8262 -95.1879
4 16 9.2579 -.7115 -95.6483 -2.6992 -.7115 -83.1664 -2.5315 .1327 -83.0144 9.4377 .1327 -95.5109
4 16 11.6063 -2.9791 -93.8541 -.5096 -2.9791 -81.1816 -1.1516 -3.0933 -81.7636 10.9177 -3.0933 -94.3802
4 16 12.215 -2.5421 -93.389 .058 -2.5421 -80.6671 -.5096 -2.9791 -81.1816 11.6063 -2.9791 -93.8541
4 16 16.4879 2.9605 -96.8883 13.695 2.9605 -92.2583 13.9608 2.153 -92.0552 16.789 2.153 -96.7423
4 16 15.9319 3.5785 -97.1578 13.2039 3.5785 -92.6335 13.695 2.9605 -92.2583 16.4879 2.9605 -96.8883
4 16 15.2052 3.913 -97.5101 12.5623 3.913 -93.1237 13.2039 3.5785 -92.6335 15.9319 3.5785 -97.1578
4 16 14.4188 3.913 -97.8914 11.8677 3.913 -93.6544 12.5623 3.913 -93.1237 15.2052 3.913 -97.5101
4 16 16.789 2.153 -96.7423 13.9608 2.153 -92.0552 13.9644 1.2711 -92.0525 16.793 1.2711 -96.7403
4 16 13.6922 3.5785 -98.2436 11.2261 3.5785 -94.1446 11.8677 3.913 -93.6544 14.4188 3.913 -97.8914
4 16 13.136 2.9605 -98.5132 10.735 2.9605 -94.5198 11.2261 3.5785 -94.1446 13.6922 3.5785 -98.2436
4 16 12.8351 2.153 -98.6591 10.4692 2.153 -94.7228 10.735 2.9605 -94.5198 13.136 2.9605 -98.5132
4 16 12.831 1.271 -98.6611 10.4656 1.271 -94.7256 10.4692 2.153 -94.7228 12.8351 2.153 -98.6591
4 16 17.0407 -2.8671 -96.6203 14.1832 -2.8671 -91.8853 13.5123 -3.0932 -92.3979 16.2811 -3.0932 -96.9885
4 16 17.6647 -2.3349 -96.3178 14.7341 -2.3349 -91.4644 14.1832 -2.8671 -91.8853 17.0407 -2.8671 -96.6203
4 16 18.058 -1.578 -96.1271 15.0814 -1.578 -91.1991 14.7341 -2.3349 -91.4644 17.6647 -2.3349 -96.3178
4 16 18.1605 -.7115 -96.0774 15.172 -.7115 -91.1298 15.0814 -1.578 -91.1991 18.058 -1.578 -96.1271
4 16 15.5013 -2.9792 -97.3665 12.8237 -2.9792 -92.924 12.215 -2.5421 -93.389 14.812 -2.5421 -97.7007
4 16 16.2811 -3.0932 -96.9885 13.5123 -3.0932 -92.3979 12.8237 -2.9792 -92.924 15.5013 -2.9792 -97.3665
4 16 17.9571 .1327 -96.176 14.9923 .1327 -91.2671 15.172 -.7115 -91.1298 18.1605 -.7115 -96.0774
4 16 17.4782 .8261 -96.4082 14.5695 .8261 -91.5902 14.9923 .1327 -91.2671 17.9571 .1327 -96.176
4 16 16.793 1.2711 -96.7403 13.9644 1.2711 -92.0525 14.5695 .8261 -91.5902 17.4782 .8261 -96.4082
4 16 11.5661 -1.578 -99.2743 9.3486 -1.578 -95.579 9.2579 -.7115 -95.6483 11.4634 -.7115 -99.3241
4 16 11.9593 -2.335 -99.0837 9.6958 -2.335 -95.3137 9.3486 -1.578 -95.579 11.5661 -1.578 -99.2743
4 16 12.5833 -2.867 -98.7812 10.2469 -2.867 -94.8927 9.6958 -2.335 -95.3137 11.9593 -2.335 -99.0837
4 16 13.3429 -3.0933 -98.4129 10.9177 -3.0933 -94.3802 10.2469 -2.867 -94.8927 12.5833 -2.867 -98.7812
4 16 12.1457 .8262 -98.9933 9.8605 .8262 -95.1879 10.4656 1.271 -94.7256 12.831 1.271 -98.6611
4 16 11.667 .1327 -99.2254 9.4377 .1327 -95.5109 9.8605 .8262 -95.1879 12.1457 .8262 -98.9933
4 16 11.4634 -.7115 -99.3241 9.2579 -.7115 -95.6483 9.4377 .1327 -95.5109 11.667 .1327 -99.2254
4 16 14.1227 -2.9791 -98.0349 11.6063 -2.9791 -93.8541 10.9177 -3.0933 -94.3802 13.3429 -3.0933 -98.4129
4 16 14.812 -2.5421 -97.7007 12.215 -2.5421 -93.389 11.6063 -2.9791 -93.8541 14.1227 -2.9791 -98.0349
4 16 18.3784 2.9605 -101.8922 16.4879 2.9605 -96.8883 16.789 2.153 -96.7423 18.6991 2.153 -101.797
4 16 17.786 3.5785 -102.0682 15.9319 3.5785 -97.1578 16.4879 2.9605 -96.8883 18.3784 2.9605 -101.8922
4 16 17.0119 3.913 -102.2981 15.2052 3.913 -97.5101 15.9319 3.5785 -97.1578 17.786 3.5785 -102.0682
4 16 16.1741 3.913 -102.5469 14.4188 3.913 -97.8914 15.2052 3.913 -97.5101 17.0119 3.913 -102.2981
4 16 18.6991 2.153 -101.797 16.789 2.153 -96.7423 16.793 1.2711 -96.7403 18.7034 1.2711 -101.7957
4 16 15.4 3.5785 -102.7768 13.6922 3.5785 -98.2436 14.4188 3.913 -97.8914 16.1741 3.913 -102.5469
4 16 14.8076 2.9605 -102.9527 13.136 2.9605 -98.5132 13.6922 3.5785 -98.2436 15.4 3.5785 -102.7768
4 16 14.487 2.153 -103.0479 12.8351 2.153 -98.6591 13.136 2.9605 -98.5132 14.8076 2.9605 -102.9527
4 16 14.4825 1.271 -103.0493 12.831 1.271 -98.6611 12.8351 2.153 -98.6591 14.487 2.153 -103.0479
4 16 18.9673 -2.8671 -101.7173 17.0407 -2.8671 -96.6203 16.2811 -3.0932 -96.9885 18.158 -3.0932 -101.9577
4 16 19.632 -2.3349 -101.5199 17.6647 -2.3349 -96.3178 17.0407 -2.8671 -96.6203 18.9673 -2.8671 -101.7173
4 16 20.051 -1.578 -101.3955 18.058 -1.578 -96.1271 17.6647 -2.3349 -96.3178 19.632 -2.3349 -101.5199
4 16 20.1603 -.7115 -101.363 18.1605 -.7115 -96.0774 18.058 -1.578 -96.1271 20.051 -1.578 -101.3955
4 16 17.3274 -2.9792 -102.2044 15.5013 -2.9792 -97.3665 14.812 -2.5421 -97.7007 16.593 -2.5421 -102.4225
4 16 18.158 -3.0932 -101.9577 16.2811 -3.0932 -96.9885 15.5013 -2.9792 -97.3665 17.3274 -2.9792 -102.2044
4 16 19.9435 .1327 -101.4274 17.9571 .1327 -96.176 18.1605 -.7115 -96.0774 20.1603 -.7115 -101.363
4 16 19.4334 .8261 -101.5789 17.4782 .8261 -96.4082 17.9571 .1327 -96.176 19.9435 .1327 -101.4274
4 16 18.7034 1.2711 -101.7957 16.793 1.2711 -96.7403 17.4782 .8261 -96.4082 19.4334 .8261 -101.5789
4 16 13.1351 -1.578 -103.4495 11.5661 -1.578 -99.2743 11.4634 -.7115 -99.3241 13.0256 -.7115 -103.4819
4 16 13.5539 -2.335 -103.325 11.9593 -2.335 -99.0837 11.5661 -1.578 -99.2743 13.1351 -1.578 -103.4495
4 16 14.2187 -2.867 -103.1276 12.5833 -2.867 -98.7812 11.9593 -2.335 -99.0837 13.5539 -2.335 -103.325
4 16 15.0279 -3.0933 -102.8873 13.3429 -3.0933 -98.4129 12.5833 -2.867 -98.7812 14.2187 -2.867 -103.1276
4 16 13.7525 .8262 -103.2661 12.1457 .8262 -98.9933 12.831 1.271 -98.6611 14.4825 1.271 -103.0493
4 16 13.2426 .1327 -103.4175 11.667 .1327 -99.2254 12.1457 .8262 -98.9933 13.7525 .8262 -103.2661
4 16 13.0256 -.7115 -103.4819 11.4634 -.7115 -99.3241 11.667 .1327 -99.2254 13.2426 .1327 -103.4175
4 16 15.8586 -2.9791 -102.6406 14.1227 -2.9791 -98.0349 13.3429 -3.0933 -98.4129 15.0279 -3.0933 -102.8873
4 16 16.593 -2.5421 -102.4225 14.812 -2.5421 -97.7007 14.1227 -2.9791 -98.0349 15.8586 -2.9791 -102.6406
4 16 19.5248 2.9605 -107.1067 18.3784 2.9605 -101.8922 18.6991 2.153 -101.797 19.8564 2.153 -107.062
4 16 18.9124 3.5785 -107.1892 17.786 3.5785 -102.0682 18.3784 2.9605 -101.8922 19.5248 2.9605 -107.1067
4 16 18.1121 3.913 -107.297 17.0119 3.913 -102.2981 17.786 3.5785 -102.0682 18.9124 3.5785 -107.1892
4 16 17.2459 3.913 -107.4137 16.1741 3.913 -102.5469 17.0119 3.913 -102.2981 18.1121 3.913 -107.297
4 16 19.8564 2.153 -107.062 18.6991 2.153 -101.797 18.7034 1.2711 -101.7957 19.8608 1.2711 -107.0614
4 16 16.4457 3.5785 -107.5214 15.4 3.5785 -102.7768 16.1741 3.913 -102.5469 17.2459 3.913 -107.4137
4 16 15.8331 2.9605 -107.604 14.8076 2.9605 -102.9527 15.4 3.5785 -102.7768 16.4457 3.5785 -107.5214
4 16 15.5017 2.153 -107.6486 14.487 2.153 -103.0479 14.8076 2.9605 -102.9527 15.8331 2.9605 -107.604
4 16 15.4971 1.271 -107.6492 14.4825 1.271 -103.0493 14.487 2.153 -103.0479 15.5017 2.153 -107.6486
4 16 20.1337 -2.8671 -107.0247 18.9673 -2.8671 -101.7173 18.158 -3.0932 -101.9577 19.297 -3.0932 -107.1374
4 16 20.8208 -2.3349 -106.9321 19.632 -2.3349 -101.5199 18.9673 -2.8671 -101.7173 20.1337 -2.8671 -107.0247
4 16 21.254 -1.578 -106.8737 20.051 -1.578 -101.3955 19.632 -2.3349 -101.5199 20.8208 -2.3349 -106.9321
4 16 21.367 -.7115 -106.8585 20.1603 -.7115 -101.363 20.051 -1.578 -101.3955 21.254 -1.578 -106.8737
4 16 18.4382 -2.9792 -107.253 17.3274 -2.9792 -102.2044 16.593 -2.5421 -102.4225 17.679 -2.5421 -107.3553
4 16 19.297 -3.0932 -107.1374 18.158 -3.0932 -101.9577 17.3274 -2.9792 -102.2044 18.4382 -2.9792 -107.253
4 16 21.1429 .1327 -106.8887 19.9435 .1327 -101.4274 20.1603 -.7115 -101.363 21.367 -.7115 -106.8585
4 16 20.6155 .8261 -106.9598 19.4334 .8261 -101.5789 19.9435 .1327 -101.4274 21.1429 .1327 -106.8887
4 16 19.8608 1.2711 -107.0614 18.7034 1.2711 -101.7957 19.4334 .8261 -101.5789 20.6155 .8261 -106.9598
4 16 14.1041 -1.578 -107.8369 13.1351 -1.578 -103.4495 13.0256 -.7115 -103.4819 13.991 -.7115 -107.8521
4 16 14.5371 -2.335 -107.7785 13.5539 -2.335 -103.325 13.1351 -1.578 -103.4495 14.1041 -1.578 -107.8369
4 16 15.2244 -2.867 -107.686 14.2187 -2.867 -103.1276 13.5539 -2.335 -103.325 14.5371 -2.335 -107.7785
4 16 16.061 -3.0933 -107.5733 15.0279 -3.0933 -102.8873 14.2187 -2.867 -103.1276 15.2244 -2.867 -107.686
4 16 14.7424 .8262 -107.7509 13.7525 .8262 -103.2661 14.4825 1.271 -103.0493 15.4971 1.271 -107.6492
4 16 14.2152 .1327 -107.8219 13.2426 .1327 -103.4175 13.7525 .8262 -103.2661 14.7424 .8262 -107.7509
4 16 13.991 -.7115 -107.8521 13.0256 -.7115 -103.4819 13.2426 .1327 -103.4175 14.2152 .1327 -107.8219
4 16 16.9198 -2.9791 -107.4576 15.8586 -2.9791 -102.6406 15.0279 -3.0933 -102.8873 16.061 -3.0933 -107.5733
4 16 17.679 -2.5421 -107.3553 16.593 -2.5421 -102.4225 15.8586 -2.9791 -102.6406 16.9198 -2.9791 -107.4576
4 16 19.7994 2.9605 -112.4108 19.5248 2.9605 -107.1067 19.8564 2.153 -107.062 20.134 2.153 -112.4127
4 16 19.1815 3.5785 -112.4073 18.9124 3.5785 -107.1892 19.5248 2.9605 -107.1067 19.7994 2.9605 -112.4108
4 16 18.374 3.913 -112.4027 18.1121 3.913 -107.297 18.9124 3.5785 -107.1892 19.1815 3.5785 -112.4073
4 16 17.5 3.913 -112.3978 17.2459 3.913 -107.4137 18.1121 3.913 -107.297 18.374 3.913 -112.4027
4 16 20.134 2.153 -112.4127 19.8564 2.153 -107.062 19.8608 1.2711 -107.0614 20.1385 1.2711 -112.4127
4 16 16.6926 3.5785 -112.3932 16.4457 3.5785 -107.5214 17.2459 3.913 -107.4137 17.5 3.913 -112.3978
4 16 16.0745 2.9605 -112.3897 15.8331 2.9605 -107.604 16.4457 3.5785 -107.5214 16.6926 3.5785 -112.3932
4 16 15.7401 2.153 -112.3879 15.5017 2.153 -107.6486 15.8331 2.9605 -107.604 16.0745 2.9605 -112.3897
4 16 15.7355 1.271 -112.3878 15.4971 1.271 -107.6492 15.5017 2.153 -107.6486 15.7401 2.153 -112.3879
4 16 20.4138 -2.8671 -112.4142 20.1337 -2.8671 -107.0247 19.297 -3.0932 -107.1374 19.5696 -3.0932 -112.4095
4 16 21.1072 -2.3349 -112.4182 20.8208 -2.3349 -106.9321 20.1337 -2.8671 -107.0247 20.4138 -2.8671 -112.4142
4 16 21.5442 -1.578 -112.4206 21.254 -1.578 -106.8737 20.8208 -2.3349 -106.9321 21.1072 -2.3349 -112.4182
4 16 21.6582 -.7115 -112.4213 21.367 -.7115 -106.8585 21.254 -1.578 -106.8737 21.5442 -1.578 -112.4206
4 16 18.7031 -2.9792 -112.4046 18.4382 -2.9792 -107.253 17.679 -2.5421 -107.3553 17.937 -2.5421 -112.4003
4 16 19.5696 -3.0932 -112.4095 19.297 -3.0932 -107.1374 18.4382 -2.9792 -107.253 18.7031 -2.9792 -112.4046
4 16 21.4321 .1327 -112.42 21.1429 .1327 -106.8887 21.367 -.7115 -106.8585 21.6582 -.7115 -112.4213
4 16 20.9 .8261 -112.417 20.6155 .8261 -106.9598 21.1429 .1327 -106.8887 21.4321 .1327 -112.42
4 16 20.1385 1.2711 -112.4127 19.8608 1.2711 -107.0614 20.6155 .8261 -106.9598 20.9 .8261 -112.417
4 16 14.3298 -1.578 -112.3799 14.1041 -1.578 -107.8369 13.991 -.7115 -107.8521 14.2157 -.7115 -112.3793
4 16 14.7668 -2.335 -112.3824 14.5371 -2.335 -107.7785 14.1041 -1.578 -107.8369 14.3298 -1.578 -112.3799
4 16 15.4602 -2.867 -112.3863 15.2244 -2.867 -107.686 14.5371 -2.335 -107.7785 14.7668 -2.335 -112.3824
4 16 16.3044 -3.0933 -112.391 16.061 -3.0933 -107.5733 15.2244 -2.867 -107.686 15.4602 -2.867 -112.3863
4 16 14.974 .8262 -112.3835 14.7424 .8262 -107.7509 15.4971 1.271 -107.6492 15.7355 1.271 -112.3878
4 16 14.442 .1327 -112.3805 14.2152 .1327 -107.8219 14.7424 .8262 -107.7509 14.974 .8262 -112.3835
4 16 14.2157 -.7115 -112.3793 13.991 -.7115 -107.8521 14.2152 .1327 -107.8219 14.442 .1327 -112.3805
4 16 17.1709 -2.9791 -112.3959 16.9198 -2.9791 -107.4576 16.061 -3.0933 -107.5733 16.3044 -3.0933 -112.391
4 16 17.937 -2.5421 -112.4003 17.679 -2.5421 -107.3553 16.9198 -2.9791 -107.4576 17.1709 -2.9791 -112.3959
4 16 19.4685 2.9605 -117.6868 19.7994 2.9605 -112.4108 20.134 2.153 -112.4127 19.8001 2.153 -117.7306
4 16 18.8558 3.5785 -117.606 19.1815 3.5785 -112.4073 19.7994 2.9605 -112.4108 19.4685 2.9605 -117.6868
4 16 18.0553 3.913 -117.5004 18.374 3.913 -112.4027 19.1815 3.5785 -112.4073 18.8558 3.5785 -117.606
4 16 17.1887 3.913 -117.386 17.5 3.913 -112.3978 18.374 3.913 -112.4027 18.0553 3.913 -117.5004
4 16 19.8001 2.153 -117.7306 20.134 2.153 -112.4127 20.1385 1.2711 -112.4127 19.8046 1.2711 -117.7312
4 16 16.3882 3.5785 -117.2804 16.6926 3.5785 -112.3932 17.5 3.913 -112.3978 17.1887 3.913 -117.386
4 16 15.7755 2.9605 -117.1995 16.0745 2.9605 -112.3897 16.6926 3.5785 -112.3932 16.3882 3.5785 -117.2804
4 16 15.4439 2.153 -117.1558 15.7401 2.153 -112.3879 16.0745 2.9605 -112.3897 15.7755 2.9605 -117.1995
4 16 15.4394 1.271 -117.1552 15.7355 1.271 -112.3878 15.7401 2.153 -112.3879 15.4439 2.153 -117.1558
4 16 20.0776 -2.8671 -117.7672 20.4138 -2.8671 -112.4142 19.5696 -3.0932 -112.4095 19.2406 -3.0932 -117.6568
4 16 20.765 -2.3349 -117.8579 21.1072 -2.3349 -112.4182 20.4138 -2.8671 -112.4142 20.0776 -2.8671 -117.7672
4 16 21.1983 -1.578 -117.9151 21.5442 -1.578 -112.4206 21.1072 -2.3349 -112.4182 20.765 -2.3349 -117.8579
4 16 21.3113 -.7115 -117.93 21.6582 -.7115 -112.4213 21.5442 -1.578 -112.4206 21.1983 -1.578 -117.9151
4 16 18.3815 -2.9792 -117.5434 18.7031 -2.9792 -112.4046 17.937 -2.5421 -112.4003 17.622 -2.5421 -117.4432
4 16 19.2406 -3.0932 -117.6568 19.5696 -3.0932 -112.4095 18.7031 -2.9792 -112.4046 18.3815 -2.9792 -117.5434
4 16 21.0871 .1327 -117.9004 21.4321 .1327 -112.42 21.6582 -.7115 -112.4213 21.3113 -.7115 -117.93
4 16 20.5596 .8261 -117.8308 20.9 .8261 -112.417 21.4321 .1327 -112.42 21.0871 .1327 -117.9004
4 16 19.8046 1.2711 -117.7312 20.1385 1.2711 -112.4127 20.9 .8261 -112.417 20.5596 .8261 -117.8308
4 16 14.0458 -1.578 -116.9713 14.3298 -1.578 -112.3799 14.2157 -.7115 -112.3793 13.9326 -.7115 -116.9564
4 16 14.479 -2.335 -117.0285 14.7668 -2.335 -112.3824 14.3298 -1.578 -112.3799 14.0458 -1.578 -116.9713
4 16 15.1665 -2.867 -117.1192 15.4602 -2.867 -112.3863 14.7668 -2.335 -112.3824 14.479 -2.335 -117.0285
4 16 16.0034 -3.0933 -117.2296 16.3044 -3.0933 -112.391 15.4602 -2.867 -112.3863 15.1665 -2.867 -117.1192
4 16 14.6844 .8262 -117.0556 14.974 .8262 -112.3835 15.7355 1.271 -112.3878 15.4394 1.271 -117.1552
4 16 14.157 .1327 -116.986 14.442 .1327 -112.3805 14.974 .8262 -112.3835 14.6844 .8262 -117.0556
4 16 13.9326 -.7115 -116.9564 14.2157 -.7115 -112.3793 14.442 .1327 -112.3805 14.157 .1327 -116.986
4 16 16.8625 -2.9791 -117.343 17.1709 -2.9791 -112.3959 16.3044 -3.0933 -112.391 16.0034 -3.0933 -117.2296
4 16 17.622 -2.5421 -117.4432 17.937 -2.5421 -112.4003 17.1709 -2.9791 -112.3959 16.8625 -2.9791 -117.343
4 16 18.4158 2.9605 -122.8813 19.4685 2.9605 -117.6868 19.8001 2.153 -117.7306 18.7386 2.153 -122.9694
4 16 17.8197 3.5785 -122.7187 18.8558 3.5785 -117.606 19.4685 2.9605 -117.6868 18.4158 2.9605 -122.8813
4 16 17.0406 3.913 -122.5062 18.0553 3.913 -117.5004 18.8558 3.5785 -117.606 17.8197 3.5785 -122.7187
4 16 16.1974 3.913 -122.2762 17.1887 3.913 -117.386 18.0553 3.913 -117.5004 17.0406 3.913 -122.5062
4 16 18.7386 2.153 -122.9694 19.8001 2.153 -117.7306 19.8046 1.2711 -117.7312 18.7429 1.2711 -122.9706
4 16 15.4184 3.5785 -122.0637 16.3882 3.5785 -117.2804 17.1887 3.913 -117.386 16.1974 3.913 -122.2762
4 16 14.8221 2.9605 -121.901 15.7755 2.9605 -117.1995 16.3882 3.5785 -117.2804 15.4184 3.5785 -122.0637
4 16 14.4995 2.153 -121.813 15.4439 2.153 -117.1558 15.7755 2.9605 -117.1995 14.8221 2.9605 -121.901
4 16 14.4951 1.271 -121.8118 15.4394 1.271 -117.1552 15.4439 2.153 -117.1558 14.4995 2.153 -121.813
4 16 19.0085 -2.8671 -123.043 20.0776 -2.8671 -117.7672 19.2406 -3.0932 -117.6568 18.1941 -3.0932 -122.8209
4 16 19.6775 -2.3349 -123.2255 20.765 -2.3349 -117.8579 20.0776 -2.8671 -117.7672 19.0085 -2.8671 -123.043
4 16 20.0991 -1.578 -123.3406 21.1983 -1.578 -117.9151 20.765 -2.3349 -117.8579 19.6775 -2.3349 -123.2255
4 16 20.2091 -.7115 -123.3706 21.3113 -.7115 -117.93 21.1983 -1.578 -117.9151 20.0991 -1.578 -123.3406
4 16 17.3581 -2.9792 -122.5928 18.3815 -2.9792 -117.5434 17.622 -2.5421 -117.4432 16.619 -2.5421 -122.3912
4 16 18.1941 -3.0932 -122.8209 19.2406 -3.0932 -117.6568 18.3815 -2.9792 -117.5434 17.3581 -2.9792 -122.5928
4 16 19.9909 .1327 -123.311 21.0871 .1327 -117.9004 21.3113 -.7115 -117.93 20.2091 -.7115 -123.3706
4 16 19.4776 .8261 -123.171 20.5596 .8261 -117.8308 21.0871 .1327 -117.9004 19.9909 .1327 -123.311
4 16 18.7429 1.2711 -122.9706 19.8046 1.2711 -117.7312 20.5596 .8261 -117.8308 19.4776 .8261 -123.171
4 16 13.1389 -1.578 -121.4418 14.0458 -1.578 -116.9713 13.9326 -.7115 -116.9564 13.0288 -.7115 -121.4118
4 16 13.5605 -2.335 -121.5568 14.479 -2.335 -117.0285 14.0458 -1.578 -116.9713 13.1389 -1.578 -121.4418
4 16 14.2295 -2.867 -121.7393 15.1665 -2.867 -117.1192 14.479 -2.335 -117.0285 13.5605 -2.335 -121.5568
4 16 15.0439 -3.0933 -121.9615 16.0034 -3.0933 -117.2296 15.1665 -2.867 -117.1192 14.2295 -2.867 -121.7393
4 16 13.7604 .8262 -121.6114 14.6844 .8262 -117.0556 15.4394 1.271 -117.1552 14.4951 1.271 -121.8118
4 16 13.2471 .1327 -121.4713 14.157 .1327 -116.986 14.6844 .8262 -117.0556 13.7604 .8262 -121.6114
4 16 13.0288 -.7115 -121.4118 13.9326 -.7115 -116.9564 14.157 .1327 -116.986 13.2471 .1327 -121.4713
4 16 15.8799 -2.9791 -122.1896 16.8625 -2.9791 -117.343 16.0034 -3.0933 -117.2296 15.0439 -3.0933 -121.9615
4 16 16.619 -2.5421 -122.3912 17.622 -2.5421 -117.4432 16.8625 -2.9791 -117.343 15.8799 -2.9791 -122.1896
4 16 16.6786 2.9605 -127.905 18.4158 2.9605 -122.8813 18.7386 2.153 -122.9694 16.9853 2.153 -128.0386
4 16 16.112 3.5785 -127.6583 17.8197 3.5785 -122.7187 18.4158 2.9605 -122.8813 16.6786 2.9605 -127.905
4 16 15.3717 3.913 -127.3359 17.0406 3.913 -122.5062 17.8197 3.5785 -122.7187 16.112 3.5785 -127.6583
4 16 14.5703 3.913 -126.9869 16.1974 3.913 -122.2762 17.0406 3.913 -122.5062 15.3717 3.913 -127.3359
4 16 16.9853 2.153 -128.0386 18.7386 2.153 -122.9694 18.7429 1.2711 -122.9706 16.9895 1.2711 -128.0404
4 16 13.83 3.5785 -126.6645 15.4184 3.5785 -122.0637 16.1974 3.913 -122.2762 14.5703 3.913 -126.9869
4 16 13.2634 2.9605 -126.4178 14.8221 2.9605 -121.901 15.4184 3.5785 -122.0637 13.83 3.5785 -126.6645
4 16 12.9568 2.153 -126.2842 14.4995 2.153 -121.813 14.8221 2.9605 -121.901 13.2634 2.9605 -126.4178
4 16 12.9525 1.271 -126.2824 14.4951 1.271 -121.8118 14.4995 2.153 -121.813 12.9568 2.153 -126.2842
4 16 17.2419 -2.8671 -128.1503 19.0085 -2.8671 -123.043 18.1941 -3.0932 -122.8209 16.4678 -3.0932 -127.8133
4 16 17.8776 -2.3349 -128.4272 19.6775 -2.3349 -123.2255 19.0085 -2.8671 -123.043 17.2419 -2.8671 -128.1503
4 16 18.2783 -1.578 -128.6017 20.0991 -1.578 -123.3406 19.6775 -2.3349 -123.2255 17.8776 -2.3349 -128.4272
4 16 18.3828 -.7115 -128.6472 20.2091 -.7115 -123.3706 20.0991 -1.578 -123.3406 18.2783 -1.578 -128.6017
4 16 15.6734 -2.9792 -127.4673 17.3581 -2.9792 -122.5928 16.619 -2.5421 -122.3912 14.971 -2.5421 -127.1614
4 16 16.4678 -3.0932 -127.8133 18.1941 -3.0932 -122.8209 17.3581 -2.9792 -122.5928 15.6734 -2.9792 -127.4673
4 16 18.1755 .1327 -128.5569 19.9909 .1327 -123.311 20.2091 -.7115 -123.3706 18.3828 -.7115 -128.6472
4 16 17.6876 .8261 -128.3445 19.4776 .8261 -123.171 19.9909 .1327 -123.311 18.1755 .1327 -128.5569
4 16 16.9895 1.2711 -128.0404 18.7429 1.2711 -122.9706 19.4776 .8261 -123.171 17.6876 .8261 -128.3445
4 16 11.6638 -1.578 -125.7212 13.1389 -1.578 -121.4418 13.0288 -.7115 -121.4118 11.5591 -.7115 -125.6756
4 16 12.0644 -2.335 -125.8956 13.5605 -2.335 -121.5568 13.1389 -1.578 -121.4418 11.6638 -1.578 -125.7212
4 16 12.7002 -2.867 -126.1725 14.2295 -2.867 -121.7393 13.5605 -2.335 -121.5568 12.0644 -2.335 -125.8956
4 16 13.4742 -3.0933 -126.5096 15.0439 -3.0933 -121.9615 14.2295 -2.867 -121.7393 12.7002 -2.867 -126.1725
4 16 12.2544 .8262 -125.9783 13.7604 .8262 -121.6114 14.4951 1.271 -121.8118 12.9525 1.271 -126.2824
4 16 11.7666 .1327 -125.7659 13.2471 .1327 -121.4713 13.7604 .8262 -121.6114 12.2544 .8262 -125.9783
4 16 11.5591 -.7115 -125.6756 13.0288 -.7115 -121.4118 13.2471 .1327 -121.4713 11.7666 .1327 -125.7659
4 16 14.2686 -2.9791 -126.8555 15.8799 -2.9791 -122.1896 15.0439 -3.0933 -121.9615 13.4742 -3.0933 -126.5096
4 16 14.971 -2.5421 -127.1614 16.619 -2.5421 -122.3912 15.8799 -2.9791 -122.1896 14.2686 -2.9791 -126.8555
4 16 13.2891 2.9605 -134.277 16.6786 2.9605 -127.905 16.9853 2.153 -128.0386 13.5707 2.153 -134.4576
4 16 12.7689 3.5785 -133.9434 16.112 3.5785 -127.6583 16.6786 2.9605 -127.905 13.2891 2.9605 -134.277
4 16 12.0891 3.913 -133.5075 15.3717 3.913 -127.3359 16.112 3.5785 -127.6583 12.7689 3.5785 -133.9434
4 16 11.3534 3.913 -133.0358 14.5703 3.913 -126.9869 15.3717 3.913 -127.3359 12.0891 3.913 -133.5075
4 16 13.5707 2.153 -134.4576 16.9853 2.153 -128.0386 16.9895 1.2711 -128.0404 13.5745 1.2711 -134.46
4 16 10.6737 3.5785 -132.5999 13.83 3.5785 -126.6645 14.5703 3.913 -126.9869 11.3534 3.913 -133.0358
4 16 10.1534 2.9605 -132.2663 13.2634 2.9605 -126.4178 13.83 3.5785 -126.6645 10.6737 3.5785 -132.5999
4 16 9.8718 2.153 -132.0858 12.9568 2.153 -126.2842 13.2634 2.9605 -126.4178 10.1534 2.9605 -132.2663
4 16 9.868 1.271 -132.0833 12.9525 1.271 -126.2824 12.9568 2.153 -126.2842 9.8718 2.153 -132.0858
4 16 13.8063 -2.8671 -134.6086 17.2419 -2.8671 -128.1503 16.4678 -3.0932 -127.8133 13.0956 -3.0932 -134.1529
4 16 14.39 -2.3349 -134.9829 17.8776 -2.3349 -128.4272 17.2419 -2.8671 -128.1503 13.8063 -2.8671 -134.6086
4 16 14.7579 -1.578 -135.2188 18.2783 -1.578 -128.6017 17.8776 -2.3349 -128.4272 14.39 -2.3349 -134.9829
4 16 14.8539 -.7115 -135.2803 18.3828 -.7115 -128.6472 18.2783 -1.578 -128.6017 14.7579 -1.578 -135.2188
4 16 12.3661 -2.9792 -133.6852 15.6734 -2.9792 -127.4673 14.971 -2.5421 -127.1614 11.7213 -2.5421 -133.2717
4 16 13.0956 -3.0932 -134.1529 16.4678 -3.0932 -127.8133 15.6734 -2.9792 -127.4673 12.3661 -2.9792 -133.6852
4 16 14.6635 .1327 -135.1583 18.1755 .1327 -128.5569 18.3828 -.7115 -128.6472 14.8539 -.7115 -135.2803
4 16 14.2156 .8261 -134.871 17.6876 .8261 -128.3445 18.1755 .1327 -128.5569 14.6635 .1327 -135.1583
4 16 13.5745 1.2711 -134.46 16.9895 1.2711 -128.0404 17.6876 .8261 -128.3445 14.2156 .8261 -134.871
4 16 8.6847 -1.578 -131.3246 11.6638 -1.578 -125.7212 11.5591 -.7115 -125.6756 8.5886 -.7115 -131.2629
4 16 9.0525 -2.335 -131.5604 12.0644 -2.335 -125.8956 11.6638 -1.578 -125.7212 8.6847 -1.578 -131.3246
4 16 9.6363 -2.867 -131.9347 12.7002 -2.867 -126.1725 12.0644 -2.335 -125.8956 9.0525 -2.335 -131.5604
4 16 10.3469 -3.0933 -132.3904 13.4742 -3.0933 -126.5096 12.7002 -2.867 -126.1725 9.6363 -2.867 -131.9347
4 16 9.2269 .8262 -131.6722 12.2544 .8262 -125.9783 12.9525 1.271 -126.2824 9.868 1.271 -132.0833
4 16 8.7791 .1327 -131.3851 11.7666 .1327 -125.7659 12.2544 .8262 -125.9783 9.2269 .8262 -131.6722
4 16 8.5886 -.7115 -131.2629 11.5591 -.7115 -125.6756 11.7666 .1327 -125.7659 8.7791 .1327 -131.3851
4 16 11.0764 -2.9791 -132.8581 14.2686 -2.9791 -126.8555 13.4742 -3.0933 -126.5096 10.3469 -3.0933 -132.3904
4 16 11.7213 -2.5421 -133.2717 14.971 -2.5421 -127.1614 14.2686 -2.9791 -126.8555 11.0764 -2.9791 -132.8581
4 16 9.8874 2.9605 -138.7407 13.2891 2.9605 -134.277 13.5707 2.153 -134.4576 10.1392 2.153 -138.9609
4 16 9.4222 3.5785 -138.3339 12.7689 3.5785 -133.9434 13.2891 2.9605 -134.277 9.8874 2.9605 -138.7407
4 16 8.8143 3.913 -137.8024 12.0891 3.913 -133.5075 12.7689 3.5785 -133.9434 9.4222 3.5785 -138.3339
4 16 8.1563 3.913 -137.227 11.3534 3.913 -133.0358 12.0891 3.913 -133.5075 8.8143 3.913 -137.8024
4 16 10.1392 2.153 -138.9609 13.5707 2.153 -134.4576 13.5745 1.2711 -134.46 10.1426 1.2711 -138.9639
4 16 7.5484 3.5785 -136.6956 10.6737 3.5785 -132.5999 11.3534 3.913 -133.0358 8.1563 3.913 -137.227
4 16 7.0831 2.9605 -136.2887 10.1534 2.9605 -132.2663 10.6737 3.5785 -132.5999 7.5484 3.5785 -136.6956
4 16 6.8314 2.153 -136.0686 9.8718 2.153 -132.0858 10.1534 2.9605 -132.2663 7.0831 2.9605 -136.2887
4 16 6.8279 1.271 -136.0656 9.868 1.271 -132.0833 9.8718 2.153 -132.0858 6.8314 2.153 -136.0686
4 16 10.3499 -2.8671 -139.1451 13.8063 -2.8671 -134.6086 13.0956 -3.0932 -134.1529 9.7143 -3.0932 -138.5894
4 16 10.8719 -2.3349 -139.6015 14.39 -2.3349 -134.9829 13.8063 -2.8671 -134.6086 10.3499 -2.8671 -139.1451
4 16 11.2009 -1.578 -139.8892 14.7579 -1.578 -135.2188 14.39 -2.3349 -134.9829 10.8719 -2.3349 -139.6015
4 16 11.2867 -.7115 -139.9642 14.8539 -.7115 -135.2803 14.7579 -1.578 -135.2188 11.2009 -1.578 -139.8892
4 16 9.062 -2.9792 -138.019 12.3661 -2.9792 -133.6852 11.7213 -2.5421 -133.2717 8.4853 -2.5421 -137.5147
4 16 9.7143 -3.0932 -138.5894 13.0956 -3.0932 -134.1529 12.3661 -2.9792 -133.6852 9.062 -2.9792 -138.019
4 16 11.1165 .1327 -139.8154 14.6635 .1327 -135.1583 14.8539 -.7115 -135.2803 11.2867 -.7115 -139.9642
4 16 10.7159 .8261 -139.4651 14.2156 .8261 -134.871 14.6635 .1327 -135.1583 11.1165 .1327 -139.8154
4 16 10.1426 1.2711 -138.9639 13.5745 1.2711 -134.46 14.2156 .8261 -134.871 10.7159 .8261 -139.4651
4 16 5.7697 -1.578 -135.1403 8.6847 -1.578 -131.3246 8.5886 -.7115 -131.2629 5.6838 -.7115 -135.0652
4 16 6.0987 -2.335 -135.4279 9.0525 -2.335 -131.5604 8.6847 -1.578 -131.3246 5.7697 -1.578 -135.1403
4 16 6.6207 -2.867 -135.8844 9.6363 -2.867 -131.9347 9.0525 -2.335 -131.5604 6.0987 -2.335 -135.4279
4 16 7.2562 -3.0933 -136.4401 10.3469 -3.0933 -132.3904 9.6363 -2.867 -131.9347 6.6207 -2.867 -135.8844
4 16 6.2546 .8262 -135.5643 9.2269 .8262 -131.6722 9.868 1.271 -132.0833 6.8279 1.271 -136.0656
4 16 5.8541 .1327 -135.2141 8.7791 .1327 -131.3851 9.2269 .8262 -131.6722 6.2546 .8262 -135.5643
4 16 5.6838 -.7115 -135.0652 8.5886 -.7115 -131.2629 8.7791 .1327 -131.3851 5.8541 .1327 -135.2141
4 16 7.9086 -2.9791 -137.0105 11.0764 -2.9791 -132.8581 10.3469 -3.0933 -132.3904 7.2562 -3.0933 -136.4401
4 16 8.4853 -2.5421 -137.5147 11.7213 -2.5421 -133.2717 11.0764 -2.9791 -132.8581 7.9086 -2.9791 -137.0105
4 16 6.9738 2.9605 -141.6601 9.8874 2.9605 -138.7407 10.1392 2.153 -138.9609 7.2104 2.153 -141.8967
4 16 6.5369 3.5785 -141.2232 9.4222 3.5785 -138.3339 9.8874 2.9605 -138.7407 6.9738 2.9605 -141.6601
4 16 5.9659 3.913 -140.6522 8.8143 3.913 -137.8024 9.4222 3.5785 -138.3339 6.5369 3.5785 -141.2232
4 16 5.3478 3.913 -140.0341 8.1563 3.913 -137.227 8.8143 3.913 -137.8024 5.9659 3.913 -140.6522
4 16 7.2104 2.153 -141.8967 10.1392 2.153 -138.9609 10.1426 1.2711 -138.9639 7.2136 1.2711 -141.8999
4 16 4.7769 3.5785 -139.4632 7.5484 3.5785 -136.6956 8.1563 3.913 -137.227 5.3478 3.913 -140.0341
4 16 4.3398 2.9605 -139.0261 7.0831 2.9605 -136.2887 7.5484 3.5785 -136.6956 4.7769 3.5785 -139.4632
4 16 4.1034 2.153 -138.7897 6.8314 2.153 -136.0686 7.0831 2.9605 -136.2887 4.3398 2.9605 -139.0261
4 16 4.1001 1.271 -138.7864 6.8279 1.271 -136.0656 6.8314 2.153 -136.0686 4.1034 2.153 -138.7897
4 16 7.4082 -2.8671 -142.0945 10.3499 -2.8671 -139.1451 9.7143 -3.0932 -138.5894 6.8113 -3.0932 -141.4976
4 16 7.8985 -2.3349 -142.5848 10.8719 -2.3349 -139.6015 10.3499 -2.8671 -139.1451 7.4082 -2.8671 -142.0945
4 16 8.2076 -1.578 -142.8939 11.2009 -1.578 -139.8892 10.8719 -2.3349 -139.6015 7.8985 -2.3349 -142.5848
4 16 8.2882 -.7115 -142.9745 11.2867 -.7115 -139.9642 11.2009 -1.578 -139.8892 8.2076 -1.578 -142.8939
4 16 6.1986 -2.9792 -140.8848 9.062 -2.9792 -138.019 8.4853 -2.5421 -137.5147 5.6569 -2.5421 -140.3431
4 16 6.8113 -3.0932 -141.4976 9.7143 -3.0932 -138.5894 9.062 -2.9792 -138.019 6.1986 -2.9792 -140.8848
4 16 8.1283 .1327 -142.8146 11.1165 .1327 -139.8154 11.2867 -.7115 -139.9642 8.2882 -.7115 -142.9745
4 16 7.752 .8261 -142.4383 10.7159 .8261 -139.4651 11.1165 .1327 -139.8154 8.1283 .1327 -142.8146
4 16 7.2136 1.2711 -141.8999 10.1426 1.2711 -138.9639 10.7159 .8261 -139.4651 7.752 .8261 -142.4383
4 16 3.1062 -1.578 -137.7925 5.7697 -1.578 -135.1403 5.6838 -.7115 -135.0652 3.0255 -.7115 -137.7117
4 16 3.4151 -2.335 -138.1014 6.0987 -2.335 -135.4279 5.7697 -1.578 -135.1403 3.1062 -1.578 -137.7925
4 16 3.9055 -2.867 -138.5918 6.6207 -2.867 -135.8844 6.0987 -2.335 -135.4279 3.4151 -2.335 -138.1014
4 16 4.5024 -3.0933 -139.1887 7.2562 -3.0933 -136.4401 6.6207 -2.867 -135.8844 3.9055 -2.867 -138.5918
4 16 3.5616 .8262 -138.2479 6.2546 .8262 -135.5643 6.8279 1.271 -136.0656 4.1001 1.271 -138.7864
4 16 3.1855 .1327 -137.8718 5.8541 .1327 -135.2141 6.2546 .8262 -135.5643 3.5616 .8262 -138.2479
4 16 3.0255 -.7115 -137.7117 5.6838 -.7115 -135.0652 5.8541 .1327 -135.2141 3.1855 .1327 -137.8718
4 16 5.1152 -2.9791 -139.8014 7.9086 -2.9791 -137.0105 7.2562 -3.0933 -136.4401 4.5024 -3.0933 -139.1887
4 16 5.6569 -2.5421 -140.3431 8.4853 -2.5421 -137.5147 7.9086 -2.9791 -137.0105 5.1152 -2.9791 -139.8014

5 24 -4.0128 -3.0933 -26.7515 -6.0325 -3.0933 -31.205 -5.2552 -2.9791 -31.5879 -4.8012 -2.867 -26.4497
5 24 -5.2552 -2.9791 -31.5879 -3.2035 -2.9791 -27.0612 -4.568 -2.5421 -31.9265 -4.0128 -3.0933 -26.7515
5 24 -3.2035 -2.9791 -27.0612 -4.0128 -3.0933 -26.7515 -6.0325 -3.0933 -31.205 -1.7086 -2.9791 -22.3226
5 24 -6.0325 -3.0933 -31.205 -5.2552 -2.9791 -31.5879 -3.2035 -2.9791 -27.0612 -13.1723 -3.0933 -44.5884
5 24 -13.6847 2.153 -44.3518 -6.5388 2.153 -30.9555 -13.6889 1.271 -44.3499 -6.2388 2.9605 -31.1033
5 24 9.8605 .8262 -95.1879 9.4377 .1327 -95.5109 12.1457 .8262 -98.9933 -2.5315 .1327 -83.0144
5 24 18.6991 2.153 -101.797 16.789 2.153 -96.7423 16.793 1.2711 -96.7403 18.3784 2.9605 -101.8922
5 24 -10.9803 3.5785 -64.1649 -11.7062 3.913 -64.5186 -13.4262 3.913 -59.8707 -7.1274 3.5785 -70.4051
5 24 -6.3586 2.153 -69.8428 -6.6286 2.9605 -70.0403 -10.4248 2.9605 -63.8941 1.6858 2.153 -79.1915
5 24 11.667 .1327 -99.2254 11.4634 -.7115 -99.3241 9.2579 -.7115 -95.6483 13.2426 .1327 -103.4175
5 24 2.2533 .8261 -78.6771 1.6891 1.2711 -79.1885 14.5695 .8261 -91.5902 -6.355 1.2711 -69.8402
5 24 -16.2651 -2.867 -60.5273 -15.4426 -3.0933 -60.337 -14.3255 -2.867 -65.7952 -15.9888 -3.0933 -54.9053
5 24 10.7159 .8261 -139.4651 7.752 .8261 -142.4383 11.1165 .1327 -139.8154 7.2136 1.2711 -141.8999
5 24 -3.8327 .8262 -21.7613 -4.3471 .1327 -21.6254 -5.2553 .8262 -26.2759 -3.4756 .1327 -17.6319
2 24 -4.5441 1.271 -26.5481 -3.0965 1.271 -21.9558
5 24 20.1603 -.7115 -101.363 21.367 -.7115 -106.8585 20.051 -1.578 -101.3955 21.1429 .1327 -106.8887
5 24 12.9568 2.153 -126.2842 14.4995 2.153 -121.813 14.8221 2.9605 -121.901 12.9525 1.271 -126.2824
5 24 18.1755 .1327 -128.5569 19.9909 .1327 -123.311 17.6876 .8261 -128.3445 20.2091 -.7115 -123.3706
5 24 -4.5398 2.153 -26.5498 -4.5441 1.271 -26.5481 -6.5388 2.153 -30.9555 -3.0965 1.271 -21.9558
5 24 -.7486 2.9605 -28.0007 -1.3257 3.5785 -27.7799 .2352 3.5785 -22.8363 -2.8973 2.9605 -32.7496
5 24 .7618 -2.9792 -18.0807 1.6235 -3.0932 -18.172 -.2274 -2.9792 -22.7141 1.6326 -3.0932 -14
2 24 -14.357 -2.5421 -54.9565 -13.852 -2.5421 -59.9691
5 24 -2.3462 -2.8671 -33.0211 -3.1035 -3.0932 -32.648 -.1748 -2.8671 -28.2203 -10.2077 -3.0932 -45.9569
5 24 -14.2735 -2.9791 -49.7595 -13.535 -2.5421 -49.9631 -11.69 -2.5421 -45.2726 -15.1227 -2.9791 -54.9325
5 24 -12.6395 3.5785 -59.6887 -13.4262 3.913 -59.8707 -10.9803 3.5785 -64.1649 -13.9202 3.913 -54.9702
5 24 -10.12 1.2711 -63.7456 -10.1241 2.153 -63.7476 -11.7115 2.153 -59.4741 -6.355 1.2711 -69.8402
5 24 -7.5136 -2.9792 -70.6875 -6.8142 -3.0932 -70.176 -10.6314 -3.0932 -63.9948 .6256 -2.9792 -80.1526
5 24 -6.5388 2.153 -30.9555 -4.5398 2.153 -26.5498 -6.5429 1.271 -30.9535 -4.2275 2.9605 -26.6693
5 24 14.7668 -2.335 -112.3824 14.5371 -2.335 -107.7785 15.4602 -2.867 -112.3863 14.1041 -1.578 -107.8369
5 24 10.1534 2.9605 -132.2663 9.8718 2.153 -132.0858 12.9568 2.153 -126.2842 7.0831 2.9605 -136.2887
5 24 6.6207 -2.867 -135.8844 7.2562 -3.0933 -136.4401 10.3469 -3.0933 -132.3904 3.9055 -2.867 -138.5918
5 24 12.3661 -2.9792 -133.6852 15.6734 -2.9792 -127.4673 14.971 -2.5421 -127.1614 13.0956 -3.0932 -134.1529
5 24 -15.3416 -1.578 -66.2904 -14.9488 -2.335 -66.099 -16.9407 -2.335 -60.6835 -11.0437 -1.578 -73.2691
5 24 20.051 -1.578 -101.3955 18.058 -1.578 -96.1271 20.1603 -.7115 -101.363 17.6647 -2.3349 -96.3178
5 24 14.3298 -1.578 -112.3799 14.7668 -2.335 -112.3824 14.5371 -2.335 -107.7785 14.0458 -1.578 -116.9713
5 24 13.9644 1.2711 -92.0525 13.9608 2.153 -92.0552 1.6858 2.153 -79.1915 16.793 1.2711 -96.7403
5 24 9.4377 .1327 -95.5109 9.2579 -.7115 -95.6483 -2.6992 -.7115 -83.1664 11.667 .1327 -99.2254
5 24 13.8063 -2.8671 -134.6086 17.2419 -2.8671 -128.1503 14.39 -2.3349 -134.9829 16.4678 -3.0932 -127.8133
5 24 2.4631 -2.8671 -18.2609 2.4768 -2.8671 -14 3.1526 -2.3349 -18.3339 1.6326 -3.0932 -14
5 24 13.2426 .1327 -103.4175 13.0256 -.7115 -103.4819 11.4634 -.7115 -99.3241 14.2152 .1327 -107.8219
5 24 -3.8808 -2.9792 -32.2651 -1.7725 -2.9792 -27.6089 -3.1035 -3.0932 -32.648 -2.488 -2.5421 -27.335
5 24 11.0764 -2.9791 -132.8581 11.7213 -2.5421 -133.2717 14.971 -2.5421 -127.1614 7.9086 -2.9791 -137.0105
5 24 3.1855 .1327 -137.8718 5.8541 .1327 -135.2141 3.0255 -.7115 -137.7117 6.2546 .8262 -135.5643
2 24 12.9525 1.271 -126.2824 14.4951 1.271 -121.8118
5 24 -17.2572 .1327 -60.7567 -17.4777 -.7115 -60.8077 -15.2408 .1327 -66.2413 -18.0765 -.7115 -54.8398
5 24 -9.9091 1.271 -72.4393 -10.5237 .8262 -72.8889 -14.7626 .8262 -66.0082 -1.5732 1.271 -82.1457
5 24 12.0644 -2.335 -125.8956 12.7002 -2.867 -126.1725 14.2295 -2.867 -121.7393 9.0525 -2.335 -131.5604
5 24 -10.4467 .1327 -59.1816 -8.9571 .1327 -63.1788 -10.2264 -.7115 -59.1306 -9.4355 .8261 -63.412
5 24 2.2533 .8261 -78.6771 14.5695 .8261 -91.5902 13.9644 1.2711 -92.0525 2.6476 .1327 -78.3197
5 24 9.7143 -3.0932 -138.5894 10.3499 -2.8671 -139.1451 6.8113 -3.0932 -141.4976 13.8063 -2.8671 -134.6086
5 24 9.2269 .8262 -131.6722 8.7791 .1327 -131.3851 11.7666 .1327 -125.7659 6.2546 .8262 -135.5643
2 24 -2.1893 1.271 -17.7681 -2.2016 1.271 -14
5 24 -1.7086 -2.9791 -22.3226 -.7618 -2.9791 -17.9193 -1.6235 -3.0933 -17.828 -.968 -2.5421 -22.5183
5 24 20.0776 -2.8671 -117.7672 20.765 -2.3349 -117.8579 21.1072 -2.3349 -112.4182 19.0085 -2.8671 -123.043
5 24 11.1165 .1327 -139.8154 10.7159 .8261 -139.4651 14.2156 .8261 -134.871 8.1283 .1327 -142.8146
5 24 10.6737 3.5785 -132.5999 10.1534 2.9605 -132.2663 13.2634 2.9605 -126.4178 7.5484 3.5785 -136.6956
5 24 11.2261 3.5785 -94.1446 13.6922 3.5785 -98.2436 13.136 2.9605 -98.5132 11.8677 3.913 -93.6544
5 24 15.8331 2.9605 -107.604 14.8076 2.9605 -102.9527 15.5017 2.153 -107.6486 15.4 3.5785 -102.7768
5 24 -4.4555 -1.578 -21.5967 -3.5872 -1.578 -17.6201 -3.7007 -.7115 -17.608 -4.033 -2.335 -21.7084
5 24 14.2187 -2.867 -103.1276 12.5833 -2.867 -98.7812 15.0279 -3.0933 -102.8873 11.9593 -2.335 -99.0837
5 24 18.3828 -.7115 -128.6472 18.1755 .1327 -128.5569 14.8539 -.7115 -135.2803 19.9909 .1327 -123.311
5 24 7.0831 2.9605 -136.2887 10.1534 2.9605 -132.2663 6.8314 2.153 -136.0686 10.6737 3.5785 -132.5999
5 24 4.5024 -3.0933 -139.1887 7.2562 -3.0933 -136.4401 6.6207 -2.867 -135.8844 5.1152 -2.9791 -139.8014
5 24 14.8076 2.9605 -102.9527 13.136 2.9605 -98.5132 14.487 2.153 -103.0479 13.6922 3.5785 -98.2436
5 24 15.0814 -1.578 -91.1991 15.172 -.7115 -91.1298 18.058 -1.578 -96.1271 2.8151 -.7115 -78.1678
5 24 -15.0645 3.5785 -60.2496 -15.6009 3.5785 -54.9175 -15.6666 2.9605 -60.3888 -14.7938 3.913 -54.9428
5 24 -10.2264 -.7115 -59.1306 -10.6376 -.7115 -55.0732 -10.4467 .1327 -59.1816 -10.7515 -1.578 -55.0697
5 24 18.4158 2.9605 -122.8813 19.4685 2.9605 -117.6868 17.8197 3.5785 -122.7187 19.8001 2.153 -117.7306
5 24 14.8221 2.9605 -121.901 14.4995 2.153 -121.813 13.2634 2.9605 -126.4178 15.4439 2.153 -117.1558
5 24 -12.4919 3.913 -64.9016 -13.2177 3.5785 -65.2553 -15.0645 3.5785 -60.2496 -8.4848 3.913 -71.3977
5 24 -10.7633 -2.3349 -59.2548 -10.3375 -1.578 -59.1563 -10.7515 -1.578 -55.0697 -9.2492 -2.3349 -63.3212
2 24 -11.7071 1.2711 -59.4731 -10.12 1.2711 -63.7456
5 24 2.7307 -1.578 -78.2444 2.8151 -.7115 -78.1678 -5.1283 -.7115 -68.9431 15.0814 -1.578 -91.1991
5 24 21.5442 -1.578 -112.4206 21.6582 -.7115 -112.4213 21.367 -.7115 -106.8585 21.1983 -1.578 -117.9151
5 24 .2352 3.5785 -22.8363 1.2376 3.5785 -18.1311 -.5455 3.913 -22.63 1.8521 2.9605 -18.1962
5 24 -16.7389 .8262 -60.6368 -17.3186 .8262 -54.8636 -17.2572 .1327 -60.7567 -16.5575 1.271 -54.8875
5 24 -5.7403 .8261 -69.3907 -9.4355 .8261 -63.412 -6.355 1.2711 -69.8402 -8.9571 .1327 -63.1788
5 24 14.2152 .1327 -107.8219 13.991 -.7115 -107.8521 14.442 .1327 -112.3805 13.0256 -.7115 -103.4819
5 24 -1.7725 -2.9792 -27.6089 -.2274 -2.9792 -22.7141 -.9633 -3.0932 -27.9186 -.968 -2.5421 -22.5183
5 24 -2.5315 .1327 -83.0144 -2.6992 -.7115 -83.1664 9.4377 .1327 -95.5109 -11.1358 -.7115 -73.3365
5 24 11.2867 -.7115 -139.9642 11.1165 .1327 -139.8154 14.6635 .1327 -135.1583 8.2882 -.7115 -142.9745
5 24 5.1152 -2.9791 -139.8014 7.9086 -2.9791 -137.0105 5.6569 -2.5421 -140.3431 7.2562 -3.0933 -136.4401
5 24 13.2426 .1327 -103.4175 11.667 .1327 -99.2254 13.0256 -.7115 -103.4819 12.1457 .8262 -98.9933
2 24 19.8608 1.2711 -107.0614 20.1385 1.2711 -112.4127
2 24 14.812 -2.5421 -97.7007 16.593 -2.5421 -102.4225
5 24 -14.5984 -2.9791 -60.1418 -15.1227 -2.9791 -54.9325 -13.852 -2.5421 -59.9691 -15.9888 -3.0933 -54.9053
2 24 13.9644 1.2711 -92.0525 16.793 1.2711 -96.7403
5 24 -4.8012 -2.867 -26.4497 -3.3626 -2.867 -21.8855 -4.0128 -3.0933 -26.7515 -4.033 -2.335 -21.7084
5 24 8.7791 .1327 -131.3851 8.5886 -.7115 -131.2629 11.5591 -.7115 -125.6756 5.8541 .1327 -135.2141
5 24 19.1815 3.5785 -112.4073 18.9124 3.5785 -107.1892 18.374 3.913 -112.4027 19.5248 2.9605 -107.1067
5 24 18.1755 .1327 -128.5569 17.6876 .8261 -128.3445 14.6635 .1327 -135.1583 19.4776 .8261 -123.171
5 24 3.4757 .1327 -18.3681 3.4952 .1327 -14 2.9466 .8261 -18.3121 3.7213 -.7115 -14
5 24 -4.0128 -3.0933 -26.7515 -2.5464 -3.0933 -22.1012 -3.2035 -2.9791 -27.0612 -3.3626 -2.867 -21.8855
5 24 2.2533 .8261 -78.6771 -5.7403 .8261 -69.3907 -5.3108 .1327 -69.0765 1.6891 1.2711 -79.1885
5 24 11.8677 3.913 -93.6544 14.4188 3.913 -97.8914 12.5623 3.913 -93.1237 13.6922 3.5785 -98.2436
5 24 13.1389 -1.578 -121.4418 13.5605 -2.335 -121.5568 11.6638 -1.578 -125.7212 14.479 -2.335 -117.0285
5 24 -10.0574 -1.578 -50.9216 -8.4148 -1.578 -46.7845 -9.9475 -.7115 -50.9519 -8.8117 -2.3349 -46.6013
5 24 -4.5398 2.153 -26.5498 -3.092 2.153 -21.957 -2.7687 2.9605 -22.0425 -4.5441 1.271 -26.5481
5 24 15.2244 -2.867 -107.686 16.061 -3.0933 -107.5733 15.4602 -2.867 -112.3863 15.0279 -3.0933 -102.8873
5 24 7.4082 -2.8671 -142.0945 10.3499 -2.8671 -139.1451 7.8985 -2.3349 -142.5848 9.7143 -3.0932 -138.5894
5 24 13.5539 -2.335 -103.325 14.2187 -2.867 -103.1276 12.5833 -2.867 -98.7812 14.5371 -2.335 -107.7785
2 24 -9.6912 1.2711 -46.1954 -11.4126 1.2711 -50.5481
5 24 -9.6912 1.2711 -46.1954 -9.6953 2.153 -46.1935 -11.4126 1.2711 -50.5481 -2.5972 2.153 -32.8975
5 24 -12.0868 3.913 -45.0895 -12.8199 3.5785 -44.7511 -5.6843 3.5785 -31.3765 -13.9563 3.913 -49.8469
5 24 -.1748 -2.8671 -28.2203 .4728 -2.3349 -28.4682 2.097 -2.3349 -23.3283 -2.3462 -2.8671 -33.0211
5 24 -14.7347 3.5785 -49.6324 -15.6009 3.5785 -54.9175 -13.9563 3.913 -49.8469 -16.2186 2.9605 -54.8981
5 24 .2793 .8261 -28.3941 -.4319 1.2711 -28.1219 1.1605 1.2711 -23.0808 -1.91 .8261 -33.236
5 24 -4.176 3.913 -32.1196 -3.4516 3.5785 -32.4765 -10.5601 3.5785 -45.7942 -2.0799 3.913 -27.4912
5 24 -6.7898 -2.867 -30.8319 -7.4118 -2.335 -30.5254 -14.5684 -2.335 -43.9439 -4.8012 -2.867 -26.4497
5 24 14.2157 -.7115 -112.3793 13.9326 -.7115 -116.9564 14.442 .1327 -112.3805 14.0458 -1.578 -116.9713
5 24 -4.4555 -1.578 -21.5967 -4.033 -2.335 -21.7084 -5.8569 -1.578 -26.0457 -3.1526 -2.335 -17.6661
5 24 9.4222 3.5785 -138.3339 8.8143 3.913 -137.8024 6.5369 3.5785 -141.2232 12.0891 3.913 -133.5075
5 24 -5.2203 -1.578 -69.0103 -5.1283 -.7115 -68.9431 2.7307 -1.578 -78.2444 -8.7539 -.7115 -63.0798
5 24 16.4879 2.9605 -96.8883 15.9319 3.5785 -97.1578 18.3784 2.9605 -101.8922 13.2039 3.5785 -92.6335
5 24 14.812 -2.5421 -97.7007 15.5013 -2.9792 -97.3665 12.8237 -2.9792 -92.924 16.593 -2.5421 -102.4225
5 24 8.8143 3.913 -137.8024 12.0891 3.913 -133.5075 12.7689 3.5785 -133.9434 8.1563 3.913 -137.227
5 24 17.1887 3.913 -117.386 17.5 3.913 -112.3978 16.3882 3.5785 -117.2804 18.374 3.913 -112.4027
5 24 -15.653 2.153 -49.3793 -15.6574 1.271 -49.3781 -16.5529 2.153 -54.8876 -13.6889 1.271 -44.3499
5 24 13.5745 1.2711 -134.46 13.5707 2.153 -134.4576 10.1426 1.2711 -138.9639 16.9853 2.153 -128.0386
5 24 16.4678 -3.0932 -127.8133 13.0956 -3.0932 -134.1529 15.6734 -2.9792 -127.4673 13.8063 -2.8671 -134.6086
5 24 10.8719 -2.3349 -139.6015 14.39 -2.3349 -134.9829 11.2009 -1.578 -139.8892 13.8063 -2.8671 -134.6086
5 24 -17.2572 .1327 -60.7567 -15.2408 .1327 -66.2413 -16.7389 .8262 -60.6368 -15.4442 -.7115 -66.3404
5 24 .4728 -2.3349 -28.4682 2.097 -2.3349 -23.3283 .881 -1.578 -28.6244 1.4266 -2.8671 -23.1512
2 24 1.6891 1.2711 -79.1885 13.9644 1.2711 -92.0525
2 24 12.831 1.271 -98.6611 10.4656 1.271 -94.7256
5 24 -2.8962 3.913 -27.1788 -1.3905 3.913 -22.4067 -3.6503 3.5785 -26.8902 -.5455 3.913 -22.63
5 24 16.061 -3.0933 -107.5733 16.9198 -2.9791 -107.4576 15.8586 -2.9791 -102.6406 16.3044 -3.0933 -112.391
5 24 .6256 -2.9792 -80.1526 1.2676 -3.0932 -79.5706 -6.8142 -3.0932 -70.176 12.8237 -2.9792 -92.924
5 24 -10.6376 -.7115 -55.0732 -10.8636 .1327 -55.0662 -10.1655 .1327 -50.8918 -10.2264 -.7115 -59.1306
5 24 -10.2077 -3.0932 -45.9569 -3.1035 -3.0932 -32.648 -3.8808 -2.9792 -32.2651 -9.4412 -2.8671 -46.3107
5 24 15.9319 3.5785 -97.1578 13.2039 3.5785 -92.6335 15.2052 3.913 -97.5101 13.695 2.9605 -92.2583
5 24 -1.2375 3.5785 -17.8689 -1.8522 2.9605 -17.8038 -2.1712 3.5785 -22.2004 -1.8625 2.9605 -14
5 24 13.991 -.7115 -107.8521 13.0256 -.7115 -103.4819 14.1041 -1.578 -107.8369 13.2426 .1327 -103.4175
5 24 11.5591 -.7115 -125.6756 11.6638 -1.578 -125.7212 13.1389 -1.578 -121.4418 8.5886 -.7115 -131.2629
5 24 -3.7214 -.7115 -14 -3.7007 -.7115 -17.608 -3.4951 .1327 -14 -3.5872 -1.578 -17.6201
5 24 -17.4777 -.7115 -60.8077 -18.0765 -.7115 -54.8398 -17.3665 -1.578 -60.782 -17.8504 .1327 -54.8469
5 24 -2.1712 3.5785 -22.2004 -1.2375 3.5785 -17.8689 -2.7687 2.9605 -22.0425 -.4346 3.913 -17.954
5 24 -15.9925 2.153 -60.4642 -15.997 1.271 -60.4652 -14.0739 2.153 -65.6726 -16.5575 1.271 -54.8875
5 24 -11.1358 -.7115 -73.3365 -15.4442 -.7115 -66.3404 -15.2408 .1327 -66.2413 -11.0437 -1.578 -73.2691
5 24 -12.0374 2.9605 -59.5495 -12.6395 3.5785 -59.6887 -10.4248 2.9605 -63.8941 -13.1131 3.5785 -54.9956
5 24 -11.3954 .8261 -55.0495 -12.1565 1.2711 -55.0256 -11.4126 1.2711 -50.5481 -10.9652 .8261 -59.3015
5 24 -17.8504 .1327 -54.8469 -18.0765 -.7115 -54.8398 -17.1226 -.7115 -48.9742 -17.2572 .1327 -60.7567
5 24 1.6858 2.153 -79.1915 1.4379 2.9605 -79.4162 13.9608 2.153 -92.0552 -6.6286 2.9605 -70.0403
5 24 9.8874 2.9605 -138.7407 13.2891 2.9605 -134.277 9.4222 3.5785 -138.3339 13.5707 2.153 -134.4576
5 24 20.2091 -.7115 -123.3706 19.9909 .1327 -123.311 21.0871 .1327 -117.9004 18.3828 -.7115 -128.6472
5 24 -8.3113 -.7115 -46.8323 -8.5166 .1327 -46.7375 -1.4327 .1327 -33.4712 -9.9475 -.7115 -50.9519
5 24 -13.3811 2.9605 -44.492 -13.6847 2.153 -44.3518 -6.5388 2.153 -30.9555 -15.3306 2.9605 -49.4682
2 24 -8.132 -2.5421 -71.1397 .058 -2.5421 -80.6671
5 24 14.7424 .8262 -107.7509 13.7525 .8262 -103.2661 14.2152 .1327 -107.8219 14.4825 1.271 -103.0493
5 24 -16.3916 .8262 -49.1757 -14.3803 .8262 -44.0307 -13.6889 1.271 -44.3499 -16.9044 .1327 -49.0343
5 24 -1.322 2.9605 -81.918 -9.6354 2.9605 -72.2392 -1.5697 2.153 -82.1426 -9.1365 3.5785 -71.8744
5 24 -8.8117 -2.3349 -46.6013 -1.7242 -2.3349 -33.3276 -8.4148 -1.578 -46.7845 -2.3462 -2.8671 -33.0211
5 24 -17.3665 -1.578 -60.782 -16.9407 -2.335 -60.6835 -15.3416 -1.578 -66.2904 -17.5257 -2.335 -54.8571
5 24 -3.2035 -2.9791 -27.0612 -1.7086 -2.9791 -22.3226 -2.488 -2.5421 -27.335 -2.5464 -3.0933 -22.1012
5 24 2.1893 1.2711 -18.2319 2.1848 2.153 -18.2314 2.197 2.153 -14 1.1605 1.2711 -23.0808
2 24 1.1605 1.2711 -23.0808 -.4319 1.2711 -28.1219
5 24 1.2376 3.5785 -18.1311 .4346 3.913 -18.046 .2352 3.5785 -22.8363 .437 3.913 -14
5 24 -.2658 3.913 -80.9606 -.864 3.5785 -81.5029 -9.1365 3.5785 -71.8744 11.8677 3.913 -93.6544
5 24 13.7525 .8262 -103.2661 13.2426 .1327 -103.4175 14.7424 .8262 -107.7509 11.667 .1327 -99.2254
5 24 4.7769 3.5785 -139.4632 7.5484 3.5785 -136.6956 4.3398 2.9605 -139.0261 8.1563 3.913 -137.227
5 24 -15.1089 -3.0933 -49.5292 -15.9888 -3.0933 -54.9053 -15.1227 -2.9791 -54.9325 -15.9228 -2.867 -49.3049
5 24 -10.5237 .8262 -72.8889 -10.9532 .1327 -73.2029 -15.2408 .1327 -66.2413 -2.1374 .8262 -82.6571
5 24 12.1457 .8262 -98.9933 11.667 .1327 -99.2254 9.4377 .1327 -95.5109 13.7525 .8262 -103.2661
5 24 15.7755 2.9605 -117.1995 15.4439 2.153 -117.1558 15.7401 2.153 -112.3879 14.8221 2.9605 -121.901
5 24 15.8799 -2.9791 -122.1896 16.8625 -2.9791 -117.343 16.619 -2.5421 -122.3912 16.0034 -3.0933 -117.2296
5 24 10.6737 3.5785 -132.5999 13.83 3.5785 -126.6645 10.1534 2.9605 -132.2663 14.5703 3.913 -126.9869
5 24 15.0439 -3.0933 -121.9615 16.0034 -3.0933 -117.2296 15.1665 -2.867 -117.1192 15.8799 -2.9791 -122.1896
5 24 21.3113 -.7115 -117.93 21.6582 -.7115 -112.4213 21.5442 -1.578 -112.4206 21.0871 .1327 -117.9004
5 24 -16.7389 .8262 -60.6368 -17.2572 .1327 -60.7567 -17.8504 .1327 -54.8469 -14.7626 .8262 -66.0082
5 24 12.215 -2.5421 -93.389 12.8237 -2.9792 -92.924 14.812 -2.5421 -97.7007 .6256 -2.9792 -80.1526
5 24 -1.4327 .1327 -33.4712 .7763 .1327 -28.5843 -1.91 .8261 -33.236 .9874 -.7115 -28.6651
5 24 2.6476 .1327 -78.3197 2.2533 .8261 -78.6771 14.9923 .1327 -91.2671 -5.7403 .8261 -69.3907
5 24 18.3815 -2.9792 -117.5434 19.2406 -3.0932 -117.6568 17.3581 -2.9792 -122.5928 19.5696 -3.0932 -112.4095
5 24 12.7689 3.5785 -133.9434 16.112 3.5785 -127.6583 12.0891 3.913 -133.5075 16.6786 2.9605 -127.905
5 24 -1.91 .8261 -33.236 .2793 .8261 -28.3941 .7763 .1327 -28.5843 -2.5931 1.2711 -32.8995
5 24 14.7341 -2.3349 -91.4644 2.4068 -2.3349 -78.5379 15.0814 -1.578 -91.1991 1.8931 -2.8671 -79.0036
5 24 -13.6889 1.271 -44.3499 -14.3803 .8262 -44.0307 -15.6574 1.271 -49.3781 -7.226 .8262 -30.6169
5 24 -8.5166 .1327 -46.7375 -9 .8261 -46.5145 -1.91 .8261 -33.236 -10.1655 .1327 -50.8918
5 24 -14.9651 -1.578 -43.7608 -17.0125 -1.578 -49.0045 -16.5913 -2.335 -49.1207 -15.0687 -.7115 -43.7129
5 24 7.9086 -2.9791 -137.0105 11.0764 -2.9791 -132.8581 8.4853 -2.5421 -137.5147 10.3469 -3.0933 -132.3904
5 24 20.0991 -1.578 -123.3406 20.2091 -.7115 -123.3706 21.3113 -.7115 -117.93 18.2783 -1.578 -128.6017
5 24 -.4361 2.153 -28.1203 -2.5972 2.153 -32.8975 -.4319 1.2711 -28.1219 -2.8973 2.9605 -32.7496
5 24 -15.9925 2.153 -60.4642 -14.0739 2.153 -65.6726 -15.6666 2.9605 -60.3888 -14.078 1.271 -65.6746
5 24 -9.4355 .8261 -63.412 -10.12 1.2711 -63.7456 -11.7071 1.2711 -59.4731 -5.7403 .8261 -69.3907
5 24 5.7697 -1.578 -135.1403 6.0987 -2.335 -135.4279 3.1062 -1.578 -137.7925 9.0525 -2.335 -131.5604
5 24 -3.6503 3.5785 -26.8902 -2.1712 3.5785 -22.2004 -4.2275 2.9605 -26.6693 -1.3905 3.913 -22.4067
5 24 14.8539 -.7115 -135.2803 14.6635 .1327 -135.1583 11.2867 -.7115 -139.9642 18.1755 .1327 -128.5569
5 24 -5.7522 .1327 -26.0858 -4.3471 .1327 -21.6254 -3.8327 .8262 -21.7613 -5.9635 -.7115 -26.0049
5 24 13.1351 -1.578 -103.4495 13.5539 -2.335 -103.325 14.1041 -1.578 -107.8369 11.9593 -2.335 -99.0837
2 24 15.4971 1.271 -107.6492 14.4825 1.271 -103.0493
5 24 12.3661 -2.9792 -133.6852 9.062 -2.9792 -138.019 9.7143 -3.0932 -138.5894 11.7213 -2.5421 -133.2717
5 24 7.2562 -3.0933 -136.4401 10.3469 -3.0933 -132.3904 9.6363 -2.867 -131.9347 7.9086 -2.9791 -137.0105
5 24 -2.463 -2.867 -17.7391 -2.4768 -2.867 -14 -3.1703 -2.335 -14 -1.6235 -3.0933 -17.828
5 24 11.2009 -1.578 -139.8892 11.2867 -.7115 -139.9642 14.8539 -.7115 -135.2803 8.2076 -1.578 -142.8939
5 24 19.2406 -3.0932 -117.6568 18.1941 -3.0932 -122.8209 18.3815 -2.9792 -117.5434 19.0085 -2.8671 -123.043
5 24 .881 -1.578 -28.6244 .9874 -.7115 -28.6651 -1.3321 -1.578 -33.5207 2.6298 -.7115 -23.4691
5 24 -4.5658 -.7115 -21.5675 -4.4555 -1.578 -21.5967 -3.5872 -1.578 -17.6201 -5.9635 -.7115 -26.0049
5 24 6.8314 2.153 -136.0686 9.8718 2.153 -132.0858 6.8279 1.271 -136.0656 10.1534 2.9605 -132.2663
5 24 21.3113 -.7115 -117.93 20.2091 -.7115 -123.3706 19.9909 .1327 -123.311 21.1983 -1.578 -117.9151
5 24 -3.7007 -.7115 -17.608 -4.5658 -.7115 -21.5675 -4.4555 -1.578 -21.5967 -3.4756 .1327 -17.6319
5 24 3.4757 .1327 -18.3681 2.9466 .8261 -18.3121 2.963 .8261 -14 2.4111 .1327 -23.4114
5 24 -13.9388 -2.867 -44.2345 -13.1723 -3.0933 -44.5884 -6.0325 -3.0933 -31.205 -15.9228 -2.867 -49.3049
5 24 -12.4919 3.913 -64.9016 -8.4848 3.913 -71.3977 -11.7062 3.913 -64.5186 -9.1365 3.5785 -71.8744
5 24 -2.488 -2.5421 -27.335 -1.7725 -2.9792 -27.6089 -4.568 -2.5421 -31.9265 -.2274 -2.9792 -22.7141
5 24 -2.6146 -1.578 -83.0897 -11.0437 -1.578 -73.2691 -2.2909 -2.335 -82.7962 -11.1358 -.7115 -73.3365
5 24 15.0279 -3.0933 -102.8873 13.3429 -3.0933 -98.4129 15.8586 -2.9791 -102.6406 12.5833 -2.867 -98.7812
5 24 13.4742 -3.0933 -126.5096 10.3469 -3.0933 -132.3904 11.0764 -2.9791 -132.8581 12.7002 -2.867 -126.1725
5 24 -5.8569 -1.578 -26.0457 -5.4488 -2.335 -26.2019 -4.033 -2.335 -21.7084 -7.8038 -1.578 -30.3323
5 24 15.7355 1.271 -112.3878 14.974 .8262 -112.3835 14.7424 .8262 -107.7509 15.4394 1.271 -117.1552
5 24 18.8558 3.5785 -117.606 18.0553 3.913 -117.5004 17.8197 3.5785 -122.7187 18.374 3.913 -112.4027
5 24 -10.6785 .8261 -50.7504 -11.4126 1.2711 -50.5481 -9.6912 1.2711 -46.1954 -11.3954 .8261 -55.0495
5 24 16.1741 3.913 -102.5469 14.4188 3.913 -97.8914 15.4 3.5785 -102.7768 15.2052 3.913 -97.5101
5 24 19.9435 .1327 -101.4274 21.1429 .1327 -106.8887 20.6155 .8261 -106.9598 20.1603 -.7115 -101.363
5 24 12.9568 2.153 -126.2842 12.9525 1.271 -126.2824 9.8718 2.153 -132.0858 14.4951 1.271 -121.8118
5 24 13.83 3.5785 -126.6645 13.2634 2.9605 -126.4178 14.8221 2.9605 -121.901 10.6737 3.5785 -132.5999
5 24 18.9124 3.5785 -107.1892 18.1121 3.913 -107.297 17.0119 3.913 -102.2981 19.1815 3.5785 -112.4073
5 24 -9.999 2.9605 -46.0532 -10.5601 3.5785 -45.7942 -3.4516 3.5785 -32.4765 -11.7395 2.9605 -50.458
2 24 -4.568 -2.5421 -31.9265 -2.488 -2.5421 -27.335
5 24 -5.6843 3.5785 -31.3765 -4.96 3.913 -31.7333 -12.0868 3.913 -45.0895 -3.6503 3.5785 -26.8902
5 24 -16.5913 -2.335 -49.1207 -14.5684 -2.335 -43.9439 -15.9228 -2.867 -49.3049 -14.9651 -1.578 -43.7608
5 24 -9.6354 2.9605 -72.2392 -9.9053 2.153 -72.4366 -14.0739 2.153 -65.6726 -1.322 2.9605 -81.918
2 24 16.593 -2.5421 -102.4225 17.679 -2.5421 -107.3553
5 24 2.097 -2.3349 -23.3283 2.5196 -1.578 -23.44 .4728 -2.3349 -28.4682 3.5872 -1.578 -18.38
5 24 -9.4498 -3.0933 -72.1035 -8.7504 -2.9791 -71.592 -12.7876 -2.9791 -65.0457 -1.1516 -3.0933 -81.7636
5 24 -1.1516 -3.0933 -81.7636 -.5096 -2.9791 -81.1816 -8.7504 -2.9791 -71.592 10.9177 -3.0933 -94.3802
5 24 14.7668 -2.335 -112.3824 15.4602 -2.867 -112.3863 15.2244 -2.867 -107.686 14.479 -2.335 -117.0285
5 24 2.4631 -2.8671 -18.2609 3.1526 -2.3349 -18.3339 3.1702 -2.3349 -14 1.4266 -2.8671 -23.1512
5 24 15.4602 -2.867 -112.3863 16.3044 -3.0933 -112.391 16.061 -3.0933 -107.5733 15.1665 -2.867 -117.1192
5 24 1.6235 -3.0932 -18.172 2.4631 -2.8671 -18.2609 2.4768 -2.8671 -14 .6104 -3.0932 -22.9355
5 24 16.3882 3.5785 -117.2804 16.6926 3.5785 -112.3932 15.7755 2.9605 -117.1995 17.5 3.913 -112.3978
5 24 18.7386 2.153 -122.9694 18.4158 2.9605 -122.8813 19.4685 2.9605 -117.6868 16.9853 2.153 -128.0386
5 24 -15.4426 -3.0933 -60.337 -15.9888 -3.0933 -54.9053 -14.5984 -2.9791 -60.1418 -16.8326 -2.867 -54.8788
5 24 13.2039 3.5785 -92.6335 .9801 3.5785 -79.8312 12.5623 3.913 -93.1237 1.4379 2.9605 -79.4162
5 24 14.2187 -2.867 -103.1276 15.0279 -3.0933 -102.8873 13.3429 -3.0933 -98.4129 15.2244 -2.867 -107.686
5 24 1.6858 2.153 -79.1915 -6.3586 2.153 -69.8428 -6.355 1.2711 -69.8402 1.4379 2.9605 -79.4162
5 24 20.051 -1.578 -101.3955 20.1603 -.7115 -101.363 18.1605 -.7115 -96.0774 21.254 -1.578 -106.8737
5 24 -1.3257 3.5785 -27.7799 -2.0799 3.913 -27.4912 -.5455 3.913 -22.63 -3.4516 3.5785 -32.4765
5 24 19.4334 .8261 -101.5789 18.7034 1.2711 -101.7957 20.6155 .8261 -106.9598 16.793 1.2711 -96.7403
5 24 -15.0687 -.7115 -43.7129 -14.9651 -1.578 -43.7608 -17.1226 -.7115 -48.9742 -7.8038 -1.578 -30.3323
5 24 -11.1883 -2.3349 -55.056 -10.7633 -2.3349 -59.2548 -11.8814 -2.8671 -55.0342 -10.3375 -1.578 -59.1563
5 24 17.0407 -2.8671 -96.6203 17.6647 -2.3349 -96.3178 18.9673 -2.8671 -101.7173 14.7341 -2.3349 -91.4644
5 24 14.7424 .8262 -107.7509 14.2152 .1327 -107.8219 13.2426 .1327 -103.4175 14.974 .8262 -112.3835
5 24 -14.3255 -2.867 -65.7952 -16.2651 -2.867 -60.5273 -13.5666 -3.0933 -65.4253 -16.9407 -2.335 -60.6835
5 24 14.6844 .8262 -117.0556 13.7604 .8262 -121.6114 15.4394 1.271 -117.1552 13.2471 .1327 -121.4713
5 24 16.0745 2.9605 -112.3897 15.8331 2.9605 -107.604 15.7401 2.153 -112.3879 16.4457 3.5785 -107.5214
5 24 11.3534 3.913 -133.0358 8.1563 3.913 -137.227 12.0891 3.913 -133.5075 7.5484 3.5785 -136.6956
5 24 2.9466 .8261 -18.3121 2.1893 1.2711 -18.2319 2.2015 1.2711 -14 1.8967 .8261 -23.2754
5 24 15.8586 -2.9791 -102.6406 14.1227 -2.9791 -98.0349 16.593 -2.5421 -102.4225 13.3429 -3.0933 -98.4129
5 24 17.5 3.913 -112.3978 16.6926 3.5785 -112.3932 16.4457 3.5785 -107.5214 17.1887 3.913 -117.386
5 24 -4.2275 2.9605 -26.6693 -4.5398 2.153 -26.5498 -3.092 2.153 -21.957 -6.2388 2.9605 -31.1033
2 24 -15.997 1.271 -60.4652 -16.5575 1.271 -54.8875
2 24 -10.12 1.2711 -63.7456 -6.355 1.2711 -69.8402
5 24 16.3044 -3.0933 -112.391 17.1709 -2.9791 -112.3959 16.0034 -3.0933 -117.2296 16.9198 -2.9791 -107.4576
5 24 17.3274 -2.9792 -102.2044 18.158 -3.0932 -101.9577 16.2811 -3.0932 -96.9885 18.4382 -2.9792 -107.253
5 24 15.7755 2.9605 -117.1995 14.8221 2.9605 -121.901 16.3882 3.5785 -117.2804 14.4995 2.153 -121.813
5 24 -5.5731 -2.3349 -69.2683 -5.2203 -1.578 -69.0103 2.4068 -2.3349 -78.5379 -8.8563 -1.578 -63.1297
5 24 15.2052 3.913 -97.5101 17.0119 3.913 -102.2981 15.9319 3.5785 -97.1578 16.1741 3.913 -102.5469
5 24 -16.8326 -2.867 -54.8788 -16.2651 -2.867 -60.5273 -17.5257 -2.335 -54.8571 -15.4426 -3.0933 -60.337
5 24 14.6635 .1327 -135.1583 14.2156 .8261 -134.871 17.6876 .8261 -128.3445 11.1165 .1327 -139.8154
5 24 15.0814 -1.578 -91.1991 2.7307 -1.578 -78.2444 15.172 -.7115 -91.1298 2.4068 -2.3349 -78.5379
5 24 12.7002 -2.867 -126.1725 14.2295 -2.867 -121.7393 13.4742 -3.0933 -126.5096 13.5605 -2.335 -121.5568
2 24 -2.5931 1.2711 -32.8995 -9.6912 1.2711 -46.1954
5 24 -8.4148 -1.578 -46.7845 -8.3113 -.7115 -46.8323 -1.2299 -.7115 -33.5711 -10.0574 -1.578 -50.9216
5 24 18.6991 2.153 -101.797 19.8564 2.153 -107.062 19.5248 2.9605 -107.1067 18.7034 1.2711 -101.7957
5 24 17.6647 -2.3349 -96.3178 18.058 -1.578 -96.1271 19.632 -2.3349 -101.5199 15.0814 -1.578 -91.1991
5 24 13.0256 -.7115 -103.4819 13.1351 -1.578 -103.4495 11.5661 -1.578 -99.2743 13.991 -.7115 -107.8521
5 24 -2.463 -2.867 -17.7391 -1.6235 -3.0933 -17.828 -3.3626 -2.867 -21.8855 -1.6326 -3.0933 -14
5 24 -1.2299 -.7115 -33.5711 -8.3113 -.7115 -46.8323 -8.5166 .1327 -46.7375 -1.3321 -1.578 -33.5207
5 24 -10.2264 -.7115 -59.1306 -10.4467 .1327 -59.1816 -10.8636 .1327 -55.0662 -8.7539 -.7115 -63.0798
5 24 -11.8814 -2.8671 -55.0342 -11.1883 -2.3349 -55.056 -10.4788 -2.3349 -50.8055 -11.4389 -2.8671 -59.411
5 24 12.5833 -2.867 -98.7812 10.2469 -2.867 -94.8927 13.3429 -3.0933 -98.4129 9.6958 -2.335 -95.3137
5 24 13.136 2.9605 -98.5132 12.8351 2.153 -98.6591 10.4692 2.153 -94.7228 14.8076 2.9605 -102.9527
5 24 18.7034 1.2711 -101.7957 18.6991 2.153 -101.797 16.789 2.153 -96.7423 19.8608 1.2711 -107.0614
5 24 16.1741 3.913 -102.5469 15.4 3.5785 -102.7768 13.6922 3.5785 -98.2436 17.2459 3.913 -107.4137
5 24 17.8776 -2.3349 -128.4272 19.6775 -2.3349 -123.2255 18.2783 -1.578 -128.6017 19.0085 -2.8671 -123.043
5 24 9.4222 3.5785 -138.3339 12.7689 3.5785 -133.9434 13.2891 2.9605 -134.277 8.8143 3.913 -137.8024
5 24 -11.69 -2.5421 -45.2726 -10.9945 -2.9792 -45.5937 -3.8808 -2.9792 -32.2651 -13.535 -2.5421 -49.9631
5 24 -17.5257 -2.335 -54.8571 -16.5913 -2.335 -49.1207 -16.8326 -2.867 -54.8788 -17.0125 -1.578 -49.0045
5 24 12.8351 2.153 -98.6591 12.831 1.271 -98.6611 10.4656 1.271 -94.7256 14.487 2.153 -103.0479
5 24 15.4971 1.271 -107.6492 14.7424 .8262 -107.7509 15.7355 1.271 -112.3878 13.7525 .8262 -103.2661
5 24 13.2039 3.5785 -92.6335 12.5623 3.913 -93.1237 .3818 3.913 -80.3736 15.9319 3.5785 -97.1578
5 24 11.3534 3.913 -133.0358 14.5703 3.913 -126.9869 10.6737 3.5785 -132.5999 15.3717 3.913 -127.3359
5 24 16.1974 3.913 -122.2762 14.5703 3.913 -126.9869 13.83 3.5785 -126.6645 17.0406 3.913 -122.5062
5 24 17.6876 .8261 -128.3445 14.2156 .8261 -134.871 18.1755 .1327 -128.5569 13.5745 1.2711 -134.46
5 24 -3.4516 3.5785 -32.4765 -1.3257 3.5785 -27.7799 -4.176 3.913 -32.1196 -.7486 2.9605 -28.0007
5 24 9.6958 -2.335 -95.3137 11.9593 -2.335 -99.0837 9.3486 -1.578 -95.579 12.5833 -2.867 -98.7812
5 24 15.2244 -2.867 -107.686 14.2187 -2.867 -103.1276 13.5539 -2.335 -103.325 16.061 -3.0933 -107.5733
5 24 20.9 .8261 -112.417 20.6155 .8261 -106.9598 20.1385 1.2711 -112.4127 21.1429 .1327 -106.8887
5 24 8.1563 3.913 -137.227 7.5484 3.5785 -136.6956 10.6737 3.5785 -132.5999 5.3478 3.913 -140.0341
2 24 10.4656 1.271 -94.7256 -1.5732 1.271 -82.1457
5 24 -11.7062 3.913 -64.5186 -13.4262 3.913 -59.8707 -12.4919 3.913 -64.9016 -12.6395 3.5785 -59.6887
5 24 15.4439 2.153 -117.1558 15.4394 1.271 -117.1552 15.7355 1.271 -112.3878 14.4995 2.153 -121.813
5 24 6.8279 1.271 -136.0656 6.2546 .8262 -135.5643 4.1001 1.271 -138.7864 9.2269 .8262 -131.6722
5 24 15.9319 3.5785 -97.1578 15.2052 3.913 -97.5101 17.786 3.5785 -102.0682 12.5623 3.913 -93.1237
5 24 14.4825 1.271 -103.0493 13.7525 .8262 -103.2661 15.4971 1.271 -107.6492 12.1457 .8262 -98.9933
5 24 -5.1283 -.7115 -68.9431 -5.3108 .1327 -69.0765 2.8151 -.7115 -78.1678 -8.9571 .1327 -63.1788
5 24 -15.653 2.153 -49.3793 -13.6847 2.153 -44.3518 -13.3811 2.9605 -44.492 -15.6574 1.271 -49.3781
5 24 -11.7115 2.153 -59.4741 -10.1241 2.153 -63.7476 -11.7071 1.2711 -59.4731 -10.4248 2.9605 -63.8941
5 24 -2.6146 -1.578 -83.0897 -2.2909 -2.335 -82.7962 -10.691 -2.335 -73.0112 9.3486 -1.578 -95.579
5 24 21.367 -.7115 -106.8585 21.1429 .1327 -106.8887 19.9435 .1327 -101.4274 21.6582 -.7115 -112.4213
5 24 -11.7115 2.153 -59.4741 -12.0374 2.9605 -59.5495 -12.4954 2.9605 -55.0149 -10.1241 2.153 -63.7476
5 24 -4.3471 .1327 -21.6254 -3.4756 .1327 -17.6319 -4.5658 -.7115 -21.5675 -2.9466 .8262 -17.6879
5 24 17.2459 3.913 -107.4137 17.5 3.913 -112.3978 16.6926 3.5785 -112.3932 18.1121 3.913 -107.297
5 24 -14.9488 -2.335 -66.099 -14.3255 -2.867 -65.7952 -16.2651 -2.867 -60.5273 -10.691 -2.335 -73.0112
5 24 11.5661 -1.578 -99.2743 9.3486 -1.578 -95.579 11.9593 -2.335 -99.0837 9.2579 -.7115 -95.6483
5 24 17.0406 3.913 -122.5062 18.0553 3.913 -117.5004 18.8558 3.5785 -117.606 16.1974 3.913 -122.2762
5 24 14.4995 2.153 -121.813 14.4951 1.271 -121.8118 15.4394 1.271 -117.1552 12.9568 2.153 -126.2842
5 24 17.4782 .8261 -96.4082 14.5695 .8261 -91.5902 16.793 1.2711 -96.7403 14.9923 .1327 -91.2671
5 24 -1.8522 2.9605 -17.8038 -1.8625 2.9605 -14 -2.1847 2.153 -17.7686 -1.2445 3.5785 -14
5 24 17.6876 .8261 -128.3445 16.9895 1.2711 -128.0404 18.7429 1.2711 -122.9706 14.2156 .8261 -134.871
5 24 1.4379 2.9605 -79.4162 .9801 3.5785 -79.8312 13.695 2.9605 -92.2583 -7.1274 3.5785 -70.4051
5 24 -1.3321 -1.578 -33.5207 -1.7242 -2.3349 -33.3276 -8.8117 -2.3349 -46.6013 .881 -1.578 -28.6244
5 24 -12.8199 3.5785 -44.7511 -13.3811 2.9605 -44.492 -14.7347 3.5785 -49.6324 -6.2388 2.9605 -31.1033
5 24 -9.6953 2.153 -46.1935 -9.999 2.9605 -46.0532 -2.8973 2.9605 -32.7496 -11.417 2.153 -50.5469
5 24 -2.5972 2.153 -32.8975 -2.5931 1.2711 -32.8995 -9.6912 1.2711 -46.1954 -.4361 2.153 -28.1203
5 24 20.6155 .8261 -106.9598 19.4334 .8261 -101.5789 19.8608 1.2711 -107.0614 19.9435 .1327 -101.4274
2 24 13.5745 1.2711 -134.46 10.1426 1.2711 -138.9639
5 24 -.1748 -2.8671 -28.2203 1.4266 -2.8671 -23.1512 .4728 -2.3349 -28.4682 .6104 -3.0932 -22.9355
2 24 -12.099 -2.5421 -64.7101 -8.132 -2.5421 -71.1397
5 24 21.3113 -.7115 -117.93 21.0871 .1327 -117.9004 20.2091 -.7115 -123.3706 21.4321 .1327 -112.42
5 24 14.7579 -1.578 -135.2188 11.2009 -1.578 -139.8892 14.39 -2.3349 -134.9829 11.2867 -.7115 -139.9642
5 24 -2.1374 .8262 -82.6571 -2.5315 .1327 -83.0144 9.8605 .8262 -95.1879 -10.9532 .1327 -73.2029
5 24 1.1561 2.153 -23.0797 -.4361 2.153 -28.1203 1.1605 1.2711 -23.0808 -.7486 2.9605 -28.0007
5 24 7.0831 2.9605 -136.2887 6.8314 2.153 -136.0686 9.8718 2.153 -132.0858 4.3398 2.9605 -139.0261
5 24 .437 3.913 -14 .4346 3.913 -18.046 1.2445 3.5785 -14 -.4346 3.913 -17.954
5 24 14.5371 -2.335 -107.7785 15.2244 -2.867 -107.686 14.7668 -2.335 -112.3824 14.2187 -2.867 -103.1276
5 24 15.1665 -2.867 -117.1192 14.2295 -2.867 -121.7393 14.479 -2.335 -117.0285 15.0439 -3.0933 -121.9615
5 24 -1.1516 -3.0933 -81.7636 -9.4498 -3.0933 -72.1035 -.5096 -2.9791 -81.1816 -10.1312 -2.867 -72.6018
5 24 12.5623 3.913 -93.1237 .3818 3.913 -80.3736 11.8677 3.913 -93.6544 .9801 3.5785 -79.8312
5 24 -1.7242 -2.3349 -33.3276 .4728 -2.3349 -28.4682 -1.3321 -1.578 -33.5207 -.1748 -2.8671 -28.2203
5 24 -2.1712 3.5785 -22.2004 -2.7687 2.9605 -22.0425 -1.8522 2.9605 -17.8038 -3.6503 3.5785 -26.8902
5 24 12.831 1.271 -98.6611 12.1457 .8262 -98.9933 9.8605 .8262 -95.1879 14.4825 1.271 -103.0493
5 24 .9801 3.5785 -79.8312 .3818 3.913 -80.3736 13.2039 3.5785 -92.6335 -7.7793 3.913 -70.8818
5 24 -4.96 3.913 -31.7333 -12.0868 3.913 -45.0895 -4.176 3.913 -32.1196 -12.8199 3.5785 -44.7511
5 24 -11.7071 1.2711 -59.4731 -11.7115 2.153 -59.4741 -12.1611 2.153 -55.0254 -10.12 1.2711 -63.7456
5 24 11.6063 -2.9791 -93.8541 12.215 -2.5421 -93.389 .058 -2.5421 -80.6671 14.1227 -2.9791 -98.0349
5 24 20.0991 -1.578 -123.3406 18.2783 -1.578 -128.6017 19.6775 -2.3349 -123.2255 18.3828 -.7115 -128.6472
5 24 -17.2572 .1327 -60.7567 -17.8504 .1327 -54.8469 -17.4777 -.7115 -60.8077 -17.3186 .8262 -54.8636
5 24 19.8046 1.2711 -117.7312 19.8001 2.153 -117.7306 20.134 2.153 -112.4127 18.7429 1.2711 -122.9706
5 24 -15.653 2.153 -49.3793 -16.5529 2.153 -54.8876 -16.5575 1.271 -54.8875 -15.3306 2.9605 -49.4682
5 24 18.0553 3.913 -117.5004 18.374 3.913 -112.4027 17.1887 3.913 -117.386 19.1815 3.5785 -112.4073
5 24 18.3784 2.9605 -101.8922 17.786 3.5785 -102.0682 19.5248 2.9605 -107.1067 15.9319 3.5785 -97.1578
5 24 -12.3855 -2.9791 -44.9516 -5.2552 -2.9791 -31.5879 -11.69 -2.5421 -45.2726 -6.0325 -3.0933 -31.205
5 24 -14.7347 3.5785 -49.6324 -15.3306 2.9605 -49.4682 -13.3811 2.9605 -44.492 -15.6009 3.5785 -54.9175
5 24 19.0085 -2.8671 -123.043 19.6775 -2.3349 -123.2255 17.2419 -2.8671 -128.1503 20.765 -2.3349 -117.8579
5 24 17.6647 -2.3349 -96.3178 14.7341 -2.3349 -91.4644 14.1832 -2.8671 -91.8853 18.058 -1.578 -96.1271
5 24 -9.9475 -.7115 -50.9519 -10.6376 -.7115 -55.0732 -10.8636 .1327 -55.0662 -10.0574 -1.578 -50.9216
5 24 -2.1374 .8262 -82.6571 9.8605 .8262 -95.1879 -1.5732 1.271 -82.1457 9.4377 .1327 -95.5109
5 24 -12.7965 -2.9792 -50.1666 -11.9611 -3.0932 -50.3969 -13.5913 -2.9792 -54.9805 -10.2077 -3.0932 -45.9569
5 24 17.4782 .8261 -96.4082 19.4334 .8261 -101.5789 17.9571 .1327 -96.176 18.7034 1.2711 -101.7957
5 24 15.7401 2.153 -112.3879 15.5017 2.153 -107.6486 15.7355 1.271 -112.3878 15.8331 2.9605 -107.604
5 24 12.5833 -2.867 -98.7812 13.3429 -3.0933 -98.4129 10.9177 -3.0933 -94.3802 14.2187 -2.867 -103.1276
2 24 0 -2.5421 -18 -.968 -2.5421 -22.5183
5 24 -12.0374 2.9605 -59.5495 -12.4954 2.9605 -55.0149 -12.1611 2.153 -55.0254 -12.6395 3.5785 -59.6887
5 24 -12.6395 3.5785 -59.6887 -10.9803 3.5785 -64.1649 -11.7062 3.913 -64.5186 -12.0374 2.9605 -59.5495
5 24 13.5605 -2.335 -121.5568 12.0644 -2.335 -125.8956 12.7002 -2.867 -126.1725 13.1389 -1.578 -121.4418
5 24 -2.9466 .8262 -17.6879 -2.9631 .8262 -14 -3.4756 .1327 -17.6319 -2.2016 1.271 -14
5 24 16.0745 2.9605 -112.3897 15.7401 2.153 -112.3879 15.5017 2.153 -107.6486 15.7755 2.9605 -117.1995
5 24 14.2295 -2.867 -121.7393 15.0439 -3.0933 -121.9615 12.7002 -2.867 -126.1725 16.0034 -3.0933 -117.2296
5 24 -14.3255 -2.867 -65.7952 -13.5666 -3.0933 -65.4253 -15.4426 -3.0933 -60.337 -10.1312 -2.867 -72.6018
5 24 -14.7626 .8262 -66.0082 -10.5237 .8262 -72.8889 -10.9532 .1327 -73.2029 -14.078 1.271 -65.6746
5 24 -12.1565 1.2711 -55.0256 -12.1611 2.153 -55.0254 -11.7071 1.2711 -59.4731 -11.417 2.153 -50.5469
2 24 -13.6889 1.271 -44.3499 -6.5429 1.271 -30.9535
5 24 -4.0128 -3.0933 -26.7515 -4.8012 -2.867 -26.4497 -6.7898 -2.867 -30.8319 -2.5464 -3.0933 -22.1012
2 24 17.622 -2.5421 -117.4432 16.619 -2.5421 -122.3912
5 24 -8.132 -2.5421 -71.1397 -7.5136 -2.9792 -70.6875 .058 -2.5421 -80.6671 -11.4104 -2.9792 -64.3745
5 24 3.7006 -.7115 -18.392 3.7213 -.7115 -14 3.4757 .1327 -18.3681 3.6073 -1.578 -14
5 24 13.7525 .8262 -103.2661 12.1457 .8262 -98.9933 13.2426 .1327 -103.4175 12.831 1.271 -98.6611
5 24 -8.8117 -2.3349 -46.6013 -10.4788 -2.3349 -50.8055 -9.4412 -2.8671 -46.3107 -10.0574 -1.578 -50.9216
5 24 -12.4919 3.913 -64.9016 -14.2778 3.913 -60.0676 -13.2177 3.5785 -65.2553 -13.4262 3.913 -59.8707
5 24 2.097 -2.3349 -23.3283 3.1526 -2.3349 -18.3339 2.4631 -2.8671 -18.2609 2.5196 -1.578 -23.44
5 24 19.632 -2.3349 -101.5199 20.051 -1.578 -101.3955 18.058 -1.578 -96.1271 20.8208 -2.3349 -106.9321
5 24 5.6838 -.7115 -135.0652 5.7697 -1.578 -135.1403 3.0255 -.7115 -137.7117 8.6847 -1.578 -131.3246
5 24 -17.3186 .8262 -54.8636 -17.8504 .1327 -54.8469 -16.9044 .1327 -49.0343 -16.7389 .8262 -60.6368
5 24 20.1337 -2.8671 -107.0247 18.9673 -2.8671 -101.7173 20.8208 -2.3349 -106.9321 18.158 -3.0932 -101.9577
5 24 -1.3257 3.5785 -27.7799 .2352 3.5785 -22.8363 -2.0799 3.913 -27.4912 .8327 2.9605 -22.9942
5 24 -.4346 3.913 -17.954 -1.2375 3.5785 -17.8689 -1.2445 3.5785 -14 -1.3905 3.913 -22.4067
5 24 10.9177 -3.0933 -94.3802 11.6063 -2.9791 -93.8541 13.3429 -3.0933 -98.4129 -.5096 -2.9791 -81.1816
5 24 14.2157 -.7115 -112.3793 13.991 -.7115 -107.8521 14.3298 -1.578 -112.3799 14.2152 .1327 -107.8219
5 24 -11.9611 -3.0932 -50.3969 -12.7252 -3.0932 -55.0077 -12.7965 -2.9792 -50.1666 -11.8814 -2.8671 -55.0342
2 24 14.4951 1.271 -121.8118 15.4394 1.271 -117.1552
5 24 13.1389 -1.578 -121.4418 14.0458 -1.578 -116.9713 13.9326 -.7115 -116.9564 13.5605 -2.335 -121.5568
5 24 2.4111 .1327 -23.4114 1.8967 .8261 -23.2754 2.9466 .8261 -18.3121 .7763 .1327 -28.5843
5 24 17.1887 3.913 -117.386 16.3882 3.5785 -117.2804 16.1974 3.913 -122.2762 16.6926 3.5785 -112.3932
5 24 14.157 .1327 -116.986 13.9326 -.7115 -116.9564 14.2157 -.7115 -112.3793 13.2471 .1327 -121.4713
5 24 19.6775 -2.3349 -123.2255 20.0991 -1.578 -123.3406 17.8776 -2.3349 -128.4272 21.1983 -1.578 -117.9151
5 24 5.6838 -.7115 -135.0652 3.0255 -.7115 -137.7117 3.1062 -1.578 -137.7925 5.8541 .1327 -135.2141
5 24 -11.1883 -2.3349 -55.056 -10.4788 -2.3349 -50.8055 -10.7515 -1.578 -55.0697 -11.1472 -2.8671 -50.6212
5 24 -9 .8261 -46.5145 -10.6785 .8261 -50.7504 -8.5166 .1327 -46.7375 -11.4126 1.2711 -50.5481
5 24 -10.1655 .1327 -50.8918 -10.6785 .8261 -50.7504 -9 .8261 -46.5145 -10.8636 .1327 -55.0662
5 24 14.2686 -2.9791 -126.8555 14.971 -2.5421 -127.1614 11.0764 -2.9791 -132.8581 16.619 -2.5421 -122.3912
5 24 -15.6666 2.9605 -60.3888 -15.9925 2.153 -60.4642 -16.5529 2.153 -54.8876 -13.7733 2.9605 -65.5261
5 24 10.3469 -3.0933 -132.3904 11.0764 -2.9791 -132.8581 14.2686 -2.9791 -126.8555 7.2562 -3.0933 -136.4401
5 24 -2.8973 2.9605 -32.7496 -.7486 2.9605 -28.0007 -.4361 2.153 -28.1203 -3.4516 3.5785 -32.4765
5 24 16.619 -2.5421 -122.3912 17.3581 -2.9792 -122.5928 18.3815 -2.9792 -117.5434 14.971 -2.5421 -127.1614
5 24 17.3274 -2.9792 -102.2044 18.4382 -2.9792 -107.253 16.593 -2.5421 -102.4225 19.297 -3.0932 -107.1374
5 24 20.4138 -2.8671 -112.4142 20.1337 -2.8671 -107.0247 19.297 -3.0932 -107.1374 21.1072 -2.3349 -112.4182
5 24 -13.5666 -3.0933 -65.4253 -12.7876 -2.9791 -65.0457 -14.5984 -2.9791 -60.1418 -9.4498 -3.0933 -72.1035
5 24 -13.9563 3.913 -49.8469 -14.7347 3.5785 -49.6324 -12.8199 3.5785 -44.7511 -14.7938 3.913 -54.9428
5 24 -1.2299 -.7115 -33.5711 -1.3321 -1.578 -33.5207 -8.4148 -1.578 -46.7845 .9874 -.7115 -28.6651
5 24 -8.8117 -2.3349 -46.6013 -8.4148 -1.578 -46.7845 -1.3321 -1.578 -33.5207 -10.4788 -2.3349 -50.8055
5 24 20.8208 -2.3349 -106.9321 21.1072 -2.3349 -112.4182 20.1337 -2.8671 -107.0247 21.5442 -1.578 -112.4206
5 24 -10.691 -2.335 -73.0112 -2.2909 -2.335 -82.7962 -11.0437 -1.578 -73.2691 -1.7771 -2.867 -82.3305
2 24 19.8608 1.2711 -107.0614 18.7034 1.2711 -101.7957
5 24 13.0956 -3.0932 -134.1529 13.8063 -2.8671 -134.6086 17.2419 -2.8671 -128.1503 9.7143 -3.0932 -138.5894
5 24 -3.6503 3.5785 -26.8902 -4.2275 2.9605 -26.6693 -2.7687 2.9605 -22.0425 -5.6843 3.5785 -31.3765
5 24 -10.0574 -1.578 -50.9216 -9.9475 -.7115 -50.9519 -8.3113 -.7115 -46.8323 -10.7515 -1.578 -55.0697
5 24 11.0764 -2.9791 -132.8581 14.2686 -2.9791 -126.8555 11.7213 -2.5421 -133.2717 13.4742 -3.0933 -126.5096
5 24 10.1426 1.2711 -138.9639 10.1392 2.153 -138.9609 7.2136 1.2711 -141.8999 13.5707 2.153 -134.4576
5 24 -16.2186 2.9605 -54.8981 -16.5529 2.153 -54.8876 -15.653 2.153 -49.3793 -15.6666 2.9605 -60.3888
5 24 -2.488 -2.5421 -27.335 -3.2035 -2.9791 -27.0612 -5.2552 -2.9791 -31.5879 -.968 -2.5421 -22.5183
5 24 -7.9062 -.7115 -30.2818 -5.9635 -.7115 -26.0049 -5.7522 .1327 -26.0858 -7.8038 -1.578 -30.3323
2 24 -9.9091 1.271 -72.4393 -14.078 1.271 -65.6746
5 24 10.4656 1.271 -94.7256 9.8605 .8262 -95.1879 12.831 1.271 -98.6611 -2.1374 .8262 -82.6571
2 24 4.1001 1.271 -138.7864 6.8279 1.271 -136.0656
5 24 0 -2.5421 -18 .7618 -2.9792 -18.0807 .7661 -2.9792 -14 -.968 -2.5421 -22.5183
5 24 1.4379 2.9605 -79.4162 13.695 2.9605 -92.2583 13.2039 3.5785 -92.6335 1.6858 2.153 -79.1915
2 24 12.215 -2.5421 -93.389 14.812 -2.5421 -97.7007
5 24 15.0279 -3.0933 -102.8873 15.8586 -2.9791 -102.6406 14.1227 -2.9791 -98.0349 16.061 -3.0933 -107.5733
5 24 -17.3186 .8262 -54.8636 -16.3916 .8262 -49.1757 -17.8504 .1327 -54.8469 -15.6574 1.271 -49.3781
5 24 14.0458 -1.578 -116.9713 14.479 -2.335 -117.0285 14.7668 -2.335 -112.3824 13.1389 -1.578 -121.4418
5 24 -5.4488 -2.335 -26.2019 -4.033 -2.335 -21.7084 -4.8012 -2.867 -26.4497 -4.4555 -1.578 -21.5967
5 24 14.1227 -2.9791 -98.0349 11.6063 -2.9791 -93.8541 10.9177 -3.0933 -94.3802 14.812 -2.5421 -97.7007
5 24 14.7579 -1.578 -135.2188 14.8539 -.7115 -135.2803 18.3828 -.7115 -128.6472 11.2009 -1.578 -139.8892
5 24 19.6775 -2.3349 -123.2255 20.765 -2.3349 -117.8579 20.0991 -1.578 -123.3406 20.0776 -2.8671 -117.7672
5 24 2.5196 -1.578 -23.44 3.5872 -1.578 -18.38 2.6298 -.7115 -23.4691 3.1526 -2.3349 -18.3339
5 24 -10.9945 -2.9792 -45.5937 -10.2077 -3.0932 -45.9569 -3.1035 -3.0932 -32.648 -12.7965 -2.9792 -50.1666
5 24 -9.4412 -2.8671 -46.3107 -8.8117 -2.3349 -46.6013 -11.1472 -2.8671 -50.6212 -1.7242 -2.3349 -33.3276
5 24 -11.1472 -2.8671 -50.6212 -9.4412 -2.8671 -46.3107 -10.4788 -2.3349 -50.8055 -10.2077 -3.0932 -45.9569
5 24 17.786 3.5785 -102.0682 17.0119 3.913 -102.2981 15.2052 3.913 -97.5101 18.9124 3.5785 -107.1892
5 24 -11.4389 -2.8671 -59.411 -9.8725 -2.8671 -63.625 -12.2614 -3.0932 -59.6013 -9.2492 -2.3349 -63.3212
5 24 -13.7733 2.9605 -65.5261 -15.6666 2.9605 -60.3888 -15.0645 3.5785 -60.2496 -14.0739 2.153 -65.6726
5 24 16.9853 2.153 -128.0386 18.7386 2.153 -122.9694 18.7429 1.2711 -122.9706 16.6786 2.9605 -127.905
5 24 -9.999 2.9605 -46.0532 -11.7395 2.9605 -50.458 -9.6953 2.153 -46.1935 -12.3352 3.5785 -50.2938
5 24 -10.1655 .1327 -50.8918 -8.5166 .1327 -46.7375 -10.6785 .8261 -50.7504 -8.3113 -.7115 -46.8323
5 24 -13.1056 -2.9792 -59.7965 -13.5913 -2.9792 -54.9805 -12.2614 -3.0932 -59.6013 -14.357 -2.5421 -54.9565
5 24 -11.4389 -2.8671 -59.411 -10.7633 -2.3349 -59.2548 -11.1883 -2.3349 -55.056 -9.8725 -2.8671 -63.625
5 24 -1.3321 -1.578 -33.5207 .881 -1.578 -28.6244 -1.2299 -.7115 -33.5711 .4728 -2.3349 -28.4682
5 24 -12.7965 -2.9792 -50.1666 -13.5913 -2.9792 -54.9805 -13.535 -2.5421 -49.9631 -12.7252 -3.0932 -55.0077
5 24 -14.078 1.271 -65.6746 -14.7626 .8262 -66.0082 -9.9091 1.271 -72.4393 -16.7389 .8262 -60.6368
5 24 -5.2553 .8262 -26.2759 -3.8327 .8262 -21.7613 -5.7522 .1327 -26.0858 -3.0965 1.271 -21.9558
5 24 -1.7086 -2.9791 -22.3226 -.968 -2.5421 -22.5183 -3.2035 -2.9791 -27.0612 0 -2.5421 -18
5 24 8.2882 -.7115 -142.9745 11.2867 -.7115 -139.9642 8.1283 .1327 -142.8146 11.2009 -1.578 -139.8892
5 24 -17.0125 -1.578 -49.0045 -16.5913 -2.335 -49.1207 -14.5684 -2.335 -43.9439 -17.9625 -1.578 -54.8434
5 24 15.7401 2.153 -112.3879 15.7355 1.271 -112.3878 15.4971 1.271 -107.6492 15.4439 2.153 -117.1558
5 24 2.1848 2.153 -18.2314 1.8521 2.9605 -18.1962 1.1561 2.153 -23.0797 1.8625 2.9605 -14
5 24 -10.9532 .1327 -73.2029 -11.1358 -.7115 -73.3365 -15.4442 -.7115 -66.3404 -2.5315 .1327 -83.0144
5 24 -11.1358 -.7115 -73.3365 -11.0437 -1.578 -73.2691 -2.6992 -.7115 -83.1664 -15.3416 -1.578 -66.2904
5 24 11.6638 -1.578 -125.7212 12.0644 -2.335 -125.8956 13.5605 -2.335 -121.5568 8.6847 -1.578 -131.3246
5 24 7.9086 -2.9791 -137.0105 8.4853 -2.5421 -137.5147 11.7213 -2.5421 -133.2717 5.1152 -2.9791 -139.8014
5 24 12.8237 -2.9792 -92.924 .6256 -2.9792 -80.1526 13.5123 -3.0932 -92.3979 .058 -2.5421 -80.6671
5 24 -1.3321 -1.578 -33.5207 -8.4148 -1.578 -46.7845 -1.7242 -2.3349 -33.3276 -8.3113 -.7115 -46.8323
5 24 -11.417 2.153 -50.5469 -9.6953 2.153 -46.1935 -9.6912 1.2711 -46.1954 -11.7395 2.9605 -50.458
5 24 -14.9651 -1.578 -43.7608 -14.5684 -2.335 -43.9439 -17.0125 -1.578 -49.0045 -7.4118 -2.335 -30.5254
5 24 -11.417 2.153 -50.5469 -11.7395 2.9605 -50.458 -9.999 2.9605 -46.0532 -12.1611 2.153 -55.0254
5 24 11.6638 -1.578 -125.7212 13.1389 -1.578 -121.4418 12.0644 -2.335 -125.8956 13.0288 -.7115 -121.4118
5 24 -.5455 3.913 -22.63 .4346 3.913 -18.046 1.2376 3.5785 -18.1311 -1.3905 3.913 -22.4067
5 24 14.7579 -1.578 -135.2188 18.2783 -1.578 -128.6017 14.8539 -.7115 -135.2803 17.8776 -2.3349 -128.4272
5 24 14.479 -2.335 -117.0285 14.7668 -2.335 -112.3824 15.1665 -2.867 -117.1192 14.3298 -1.578 -112.3799
5 24 15.1665 -2.867 -117.1192 15.4602 -2.867 -112.3863 16.0034 -3.0933 -117.2296 14.7668 -2.335 -112.3824
5 24 -1.322 2.9605 -81.918 -1.5697 2.153 -82.1426 10.735 2.9605 -94.5198 -9.9053 2.153 -72.4366
5 24 13.9608 2.153 -92.0552 16.789 2.153 -96.7423 13.9644 1.2711 -92.0525 16.4879 2.9605 -96.8883
5 24 17.9571 .1327 -96.176 14.9923 .1327 -91.2671 17.4782 .8261 -96.4082 15.172 -.7115 -91.1298
5 24 1.1561 2.153 -23.0797 .8327 2.9605 -22.9942 1.8521 2.9605 -18.1962 -.4361 2.153 -28.1203
5 24 17.6876 .8261 -128.3445 19.4776 .8261 -123.171 16.9895 1.2711 -128.0404 19.9909 .1327 -123.311
5 24 -15.3306 2.9605 -49.4682 -13.3811 2.9605 -44.492 -12.8199 3.5785 -44.7511 -15.653 2.153 -49.3793
5 24 16.4678 -3.0932 -127.8133 17.2419 -2.8671 -128.1503 13.0956 -3.0932 -134.1529 19.0085 -2.8671 -123.043
5 24 1.2676 -3.0932 -79.5706 13.5123 -3.0932 -92.3979 .6256 -2.9792 -80.1526 14.1832 -2.8671 -91.8853
2 24 15.7355 1.271 -112.3878 15.4971 1.271 -107.6492
5 24 1.8967 .8261 -23.2754 1.1605 1.2711 -23.0808 2.1893 1.2711 -18.2319 .2793 .8261 -28.3941
5 24 -5.6843 3.5785 -31.3765 -3.6503 3.5785 -26.8902 -6.2388 2.9605 -31.1033 -2.8962 3.913 -27.1788
5 24 17.1887 3.913 -117.386 16.1974 3.913 -122.2762 15.4184 3.5785 -122.0637 18.0553 3.913 -117.5004
5 24 -16.5575 1.271 -54.8875 -17.3186 .8262 -54.8636 -16.3916 .8262 -49.1757 -15.997 1.271 -60.4652
5 24 18.058 -1.578 -96.1271 18.1605 -.7115 -96.0774 20.051 -1.578 -101.3955 15.172 -.7115 -91.1298
5 24 11.7213 -2.5421 -133.2717 12.3661 -2.9792 -133.6852 8.4853 -2.5421 -137.5147 15.6734 -2.9792 -127.4673
5 24 19.7994 2.9605 -112.4108 19.5248 2.9605 -107.1067 19.1815 3.5785 -112.4073 19.8564 2.153 -107.062
5 24 -2.1893 1.271 -17.7681 -2.9466 .8262 -17.6879 -3.0965 1.271 -21.9558 -2.9631 .8262 -14
5 24 2.4068 -2.3349 -78.5379 2.7307 -1.578 -78.2444 -5.2203 -1.578 -69.0103 14.7341 -2.3349 -91.4644
5 24 16.9853 2.153 -128.0386 16.6786 2.9605 -127.905 13.5707 2.153 -134.4576 18.4158 2.9605 -122.8813
5 24 -5.2203 -1.578 -69.0103 -8.8563 -1.578 -63.1297 -9.2492 -2.3349 -63.3212 -5.1283 -.7115 -68.9431
5 24 -13.1723 -3.0933 -44.5884 -12.3855 -2.9791 -44.9516 -15.1089 -3.0933 -49.5292 -5.2552 -2.9791 -31.5879
2 24 20.1385 1.2711 -112.4127 19.8046 1.2711 -117.7312
5 24 14.6844 .8262 -117.0556 14.157 .1327 -116.986 14.442 .1327 -112.3805 13.7604 .8262 -121.6114
5 24 20.1603 -.7115 -101.363 18.1605 -.7115 -96.0774 18.058 -1.578 -96.1271 19.9435 .1327 -101.4274
5 24 17.8197 3.5785 -122.7187 16.112 3.5785 -127.6583 18.4158 2.9605 -122.8813 15.3717 3.913 -127.3359
5 24 -7.1274 3.5785 -70.4051 .9801 3.5785 -79.8312 -6.6286 2.9605 -70.0403 .3818 3.913 -80.3736
5 24 17.1709 -2.9791 -112.3959 16.8625 -2.9791 -117.343 17.622 -2.5421 -117.4432 16.3044 -3.0933 -112.391
5 24 8.1283 .1327 -142.8146 11.1165 .1327 -139.8154 7.752 .8261 -142.4383 11.2867 -.7115 -139.9642
2 24 -.4319 1.2711 -28.1219 -2.5931 1.2711 -32.8995
5 24 20.1385 1.2711 -112.4127 20.134 2.153 -112.4127 19.8564 2.153 -107.062 19.8046 1.2711 -117.7312
5 24 19.5696 -3.0932 -112.4095 19.297 -3.0932 -107.1374 18.4382 -2.9792 -107.253 20.4138 -2.8671 -112.4142
5 24 13.83 3.5785 -126.6645 15.4184 3.5785 -122.0637 13.2634 2.9605 -126.4178 16.1974 3.913 -122.2762
2 24 11.7213 -2.5421 -133.2717 8.4853 -2.5421 -137.5147
5 24 15.172 -.7115 -91.1298 14.9923 .1327 -91.2671 2.6476 .1327 -78.3197 18.1605 -.7115 -96.0774
5 24 -12.2614 -3.0932 -59.6013 -10.6314 -3.0932 -63.9948 -9.8725 -2.8671 -63.625 -13.1056 -2.9792 -59.7965
5 24 -1.7771 -2.867 -82.3305 -1.1516 -3.0933 -81.7636 -9.4498 -3.0933 -72.1035 10.2469 -2.867 -94.8927
5 24 9.7143 -3.0932 -138.5894 6.8113 -3.0932 -141.4976 7.4082 -2.8671 -142.0945 9.062 -2.9792 -138.019
5 24 12.7002 -2.867 -126.1725 13.4742 -3.0933 -126.5096 15.0439 -3.0933 -121.9615 9.6363 -2.867 -131.9347
5 24 17.9571 .1327 -96.176 17.4782 .8261 -96.4082 14.5695 .8261 -91.5902 19.9435 .1327 -101.4274
5 24 16.0034 -3.0933 -117.2296 16.8625 -2.9791 -117.343 17.1709 -2.9791 -112.3959 15.0439 -3.0933 -121.9615
5 24 2.197 2.153 -14 2.1848 2.153 -18.2314 2.2015 1.2711 -14 1.8521 2.9605 -18.1962
2 24 16.619 -2.5421 -122.3912 14.971 -2.5421 -127.1614
5 24 8.6847 -1.578 -131.3246 9.0525 -2.335 -131.5604 12.0644 -2.335 -125.8956 5.7697 -1.578 -135.1403
5 24 -6.8142 -3.0932 -70.176 -6.1327 -2.8671 -69.6777 -9.8725 -2.8671 -63.625 1.2676 -3.0932 -79.5706
5 24 5.8541 .1327 -135.2141 8.7791 .1327 -131.3851 5.6838 -.7115 -135.0652 9.2269 .8262 -131.6722
5 24 19.297 -3.0932 -107.1374 20.1337 -2.8671 -107.0247 18.9673 -2.8671 -101.7173 19.5696 -3.0932 -112.4095
5 24 21.1983 -1.578 -117.9151 21.5442 -1.578 -112.4206 21.3113 -.7115 -117.93 21.1072 -2.3349 -112.4182
5 24 -8.7539 -.7115 -63.0798 -10.2264 -.7115 -59.1306 -8.9571 .1327 -63.1788 -10.3375 -1.578 -59.1563
5 24 -13.9388 -2.867 -44.2345 -6.7898 -2.867 -30.8319 -13.1723 -3.0933 -44.5884 -7.4118 -2.335 -30.5254
5 24 -15.9228 -2.867 -49.3049 -15.1089 -3.0933 -49.5292 -13.1723 -3.0933 -44.5884 -16.8326 -2.867 -54.8788
5 24 -9.9053 2.153 -72.4366 -9.9091 1.271 -72.4393 -14.078 1.271 -65.6746 -1.5697 2.153 -82.1426
5 24 18.6991 2.153 -101.797 18.3784 2.9605 -101.8922 19.8564 2.153 -107.062 16.4879 2.9605 -96.8883
5 24 18.1941 -3.0932 -122.8209 19.0085 -2.8671 -123.043 20.0776 -2.8671 -117.7672 16.4678 -3.0932 -127.8133
5 24 8.7791 .1327 -131.3851 11.7666 .1327 -125.7659 8.5886 -.7115 -131.2629 12.2544 .8262 -125.9783
5 24 9.2579 -.7115 -95.6483 9.3486 -1.578 -95.579 -2.6146 -1.578 -83.0897 11.4634 -.7115 -99.3241
5 24 1.6235 -3.0932 -18.172 .6104 -3.0932 -22.9355 .7618 -2.9792 -18.0807 1.4266 -2.8671 -23.1512
5 24 -2.1847 2.153 -17.7686 -2.197 2.153 -14 -2.1893 1.271 -17.7681 -1.8625 2.9605 -14
5 24 -11.3954 .8261 -55.0495 -10.6785 .8261 -50.7504 -12.1565 1.2711 -55.0256 -10.1655 .1327 -50.8918
5 24 -7.1274 3.5785 -70.4051 -7.7793 3.913 -70.8818 .9801 3.5785 -79.8312 -11.7062 3.913 -64.5186
5 24 13.991 -.7115 -107.8521 14.1041 -1.578 -107.8369 13.1351 -1.578 -103.4495 14.2157 -.7115 -112.3793
5 24 20.4138 -2.8671 -112.4142 20.0776 -2.8671 -117.7672 20.765 -2.3349 -117.8579 19.5696 -3.0932 -112.4095
5 24 15.4394 1.271 -117.1552 14.6844 .8262 -117.0556 14.4951 1.271 -121.8118 14.974 .8262 -112.3835
2 24 10.1426 1.2711 -138.9639 7.2136 1.2711 -141.8999
5 24 -11.4126 1.2711 -50.5481 -11.417 2.153 -50.5469 -9.6953 2.153 -46.1935 -12.1565 1.2711 -55.0256
5 24 -13.9202 3.913 -54.9702 -13.4262 3.913 -59.8707 -13.1131 3.5785 -54.9956 -14.2778 3.913 -60.0676
5 24 11.5661 -1.578 -99.2743 11.9593 -2.335 -99.0837 9.6958 -2.335 -95.3137 13.1351 -1.578 -103.4495
5 24 -3.4756 .1327 -17.6319 -3.7007 -.7115 -17.608 -3.7214 -.7115 -14 -4.3471 .1327 -21.6254
5 24 16.2811 -3.0932 -96.9885 17.0407 -2.8671 -96.6203 14.1832 -2.8671 -91.8853 18.158 -3.0932 -101.9577
5 24 6.8314 2.153 -136.0686 6.8279 1.271 -136.0656 9.868 1.271 -132.0833 4.1034 2.153 -138.7897
5 24 -6.6286 2.9605 -70.0403 -7.1274 3.5785 -70.4051 -10.9803 3.5785 -64.1649 1.4379 2.9605 -79.4162
5 24 -14.7626 .8262 -66.0082 -15.2408 .1327 -66.2413 -10.5237 .8262 -72.8889 -17.2572 .1327 -60.7567
5 24 19.8608 1.2711 -107.0614 19.8564 2.153 -107.062 20.1385 1.2711 -112.4127 18.6991 2.153 -101.797
5 24 13.2891 2.9605 -134.277 12.7689 3.5785 -133.9434 9.8874 2.9605 -138.7407 16.112 3.5785 -127.6583
5 24 13.9326 -.7115 -116.9564 14.0458 -1.578 -116.9713 13.0288 -.7115 -121.4118 14.3298 -1.578 -112.3799
5 24 -10.9532 .1327 -73.2029 -15.2408 .1327 -66.2413 -11.1358 -.7115 -73.3365 -14.7626 .8262 -66.0082
5 24 -5.2203 -1.578 -69.0103 2.7307 -1.578 -78.2444 2.8151 -.7115 -78.1678 -5.5731 -2.3349 -69.2683
5 24 -1.5697 2.153 -82.1426 -9.9053 2.153 -72.4366 -1.5732 1.271 -82.1457 -9.6354 2.9605 -72.2392
5 24 10.4692 2.153 -94.7228 -1.5697 2.153 -82.1426 10.4656 1.271 -94.7256 -1.322 2.9605 -81.918
5 24 -2.1374 .8262 -82.6571 -10.5237 .8262 -72.8889 -2.5315 .1327 -83.0144 -9.9091 1.271 -72.4393
5 24 -14.2778 3.913 -60.0676 -15.0645 3.5785 -60.2496 -12.4919 3.913 -64.9016 -15.6009 3.5785 -54.9175
5 24 19.0085 -2.8671 -123.043 20.0776 -2.8671 -117.7672 19.6775 -2.3349 -123.2255 19.2406 -3.0932 -117.6568
5 24 4.3398 2.9605 -139.0261 7.0831 2.9605 -136.2887 7.5484 3.5785 -136.6956 4.1034 2.153 -138.7897
5 24 11.2261 3.5785 -94.1446 10.735 2.9605 -94.5198 13.6922 3.5785 -98.2436 -1.322 2.9605 -81.918
5 24 14.4995 2.153 -121.813 15.4439 2.153 -117.1558 14.4951 1.271 -121.8118 15.7755 2.9605 -117.1995
5 24 -3.1526 -2.335 -17.6661 -2.463 -2.867 -17.7391 -4.033 -2.335 -21.7084 -2.4768 -2.867 -14
5 24 5.8541 .1327 -135.2141 5.6838 -.7115 -135.0652 8.5886 -.7115 -131.2629 3.1855 .1327 -137.8718
5 24 15.1665 -2.867 -117.1192 16.0034 -3.0933 -117.2296 14.2295 -2.867 -121.7393 16.3044 -3.0933 -112.391
5 24 -9.999 2.9605 -46.0532 -2.8973 2.9605 -32.7496 -10.5601 3.5785 -45.7942 -2.5972 2.153 -32.8975
2 24 -4.5441 1.271 -26.5481 -6.5429 1.271 -30.9535
5 24 15.4184 3.5785 -122.0637 16.3882 3.5785 -117.2804 14.8221 2.9605 -121.901 17.1887 3.913 -117.386
5 24 -2.1847 2.153 -17.7686 -2.1893 1.271 -17.7681 -2.2016 1.271 -14 -3.092 2.153 -21.957
5 24 20.765 -2.3349 -117.8579 21.1072 -2.3349 -112.4182 21.1983 -1.578 -117.9151 20.4138 -2.8671 -112.4142
5 24 -10.1241 2.153 -63.7476 -10.4248 2.9605 -63.8941 -12.0374 2.9605 -59.5495 -6.3586 2.153 -69.8428
5 24 13.0288 -.7115 -121.4118 13.9326 -.7115 -116.9564 13.1389 -1.578 -121.4418 14.157 .1327 -116.986
5 24 -7.8038 -1.578 -30.3323 -5.8569 -1.578 -26.0457 -7.4118 -2.335 -30.5254 -5.9635 -.7115 -26.0049
5 24 -4.176 3.913 -32.1196 -2.0799 3.913 -27.4912 -4.96 3.913 -31.7333 -1.3257 3.5785 -27.7799
5 24 17.3581 -2.9792 -122.5928 18.1941 -3.0932 -122.8209 19.2406 -3.0932 -117.6568 15.6734 -2.9792 -127.4673
5 24 11.4634 -.7115 -99.3241 9.2579 -.7115 -95.6483 11.5661 -1.578 -99.2743 9.4377 .1327 -95.5109
5 24 -12.4954 2.9605 -55.0149 -11.7395 2.9605 -50.458 -13.1131 3.5785 -54.9956 -11.417 2.153 -50.5469
2 24 -16.5575 1.271 -54.8875 -15.6574 1.271 -49.3781
5 24 -.7618 -2.9791 -17.9193 -.7661 -2.9791 -14 0 -2.5421 -18 -1.6326 -3.0933 -14
5 24 -.9633 -3.0932 -27.9186 -.1748 -2.8671 -28.2203 1.4266 -2.8671 -23.1512 -3.1035 -3.0932 -32.648
5 24 18.4382 -2.9792 -107.253 19.297 -3.0932 -107.1374 18.158 -3.0932 -101.9577 18.7031 -2.9792 -112.4046
5 24 19.9909 .1327 -123.311 21.0871 .1327 -117.9004 19.4776 .8261 -123.171 21.3113 -.7115 -117.93
5 24 -7.1274 3.5785 -70.4051 -10.9803 3.5785 -64.1649 -7.7793 3.913 -70.8818 -10.4248 2.9605 -63.8941
5 24 14.1832 -2.8671 -91.8853 14.7341 -2.3349 -91.4644 2.4068 -2.3349 -78.5379 17.0407 -2.8671 -96.6203
5 24 17.3581 -2.9792 -122.5928 18.3815 -2.9792 -117.5434 18.1941 -3.0932 -122.8209 17.622 -2.5421 -117.4432
5 24 3.1526 -2.3349 -18.3339 3.5872 -1.578 -18.38 3.6073 -1.578 -14 2.097 -2.3349 -23.3283
5 24 -3.4756 .1327 -17.6319 -3.4951 .1327 -14 -3.7007 -.7115 -17.608 -2.9631 .8262 -14
5 24 -17.4777 -.7115 -60.8077 -17.3665 -1.578 -60.782 -15.4442 -.7115 -66.3404 -17.9625 -1.578 -54.8434
5 24 13.5707 2.153 -134.4576 10.1392 2.153 -138.9609 13.5745 1.2711 -134.46 9.8874 2.9605 -138.7407
5 24 -1.1516 -3.0933 -81.7636 10.9177 -3.0933 -94.3802 11.6063 -2.9791 -93.8541 -1.7771 -2.867 -82.3305
5 24 18.1605 -.7115 -96.0774 17.9571 .1327 -96.176 14.9923 .1327 -91.2671 20.1603 -.7115 -101.363
5 24 -3.3626 -2.867 -21.8855 -2.5464 -3.0933 -22.1012 -1.6235 -3.0933 -17.828 -4.8012 -2.867 -26.4497
5 24 .7763 .1327 -28.5843 .2793 .8261 -28.3941 -1.4327 .1327 -33.4712 1.8967 .8261 -23.2754
5 24 11.4634 -.7115 -99.3241 13.0256 -.7115 -103.4819 13.1351 -1.578 -103.4495 11.667 .1327 -99.2254
2 24 -3.0965 1.271 -21.9558 -2.1893 1.271 -17.7681
5 24 8.2076 -1.578 -142.8939 11.2009 -1.578 -139.8892 8.2882 -.7115 -142.9745 10.8719 -2.3349 -139.6015
5 24 -9.4498 -3.0933 -72.1035 -13.5666 -3.0933 -65.4253 -8.7504 -2.9791 -71.592 -14.3255 -2.867 -65.7952
5 24 -8.7504 -2.9791 -71.592 -8.132 -2.5421 -71.1397 -12.099 -2.5421 -64.7101 -.5096 -2.9791 -81.1816
5 24 .8327 2.9605 -22.9942 .2352 3.5785 -22.8363 1.2376 3.5785 -18.1311 -.7486 2.9605 -28.0007
5 24 19.2406 -3.0932 -117.6568 20.0776 -2.8671 -117.7672 20.4138 -2.8671 -112.4142 18.1941 -3.0932 -122.8209
5 24 2.9466 .8261 -18.3121 2.963 .8261 -14 2.1893 1.2711 -18.2319 3.4952 .1327 -14
5 24 12.2544 .8262 -125.9783 13.7604 .8262 -121.6114 11.7666 .1327 -125.7659 14.4951 1.271 -121.8118
5 24 -9.4355 .8261 -63.412 -10.9652 .8261 -59.3015 -10.12 1.2711 -63.7456 -10.4467 .1327 -59.1816
5 24 -14.7938 3.913 -54.9428 -13.9563 3.913 -49.8469 -15.6009 3.5785 -54.9175 -13.1137 3.913 -50.0792
5 24 -10.3375 -1.578 -59.1563 -10.7515 -1.578 -55.0697 -10.2264 -.7115 -59.1306 -11.1883 -2.3349 -55.056
5 24 20.8208 -2.3349 -106.9321 21.254 -1.578 -106.8737 21.1072 -2.3349 -112.4182 20.051 -1.578 -101.3955
5 24 .881 -1.578 -28.6244 2.5196 -1.578 -23.44 2.097 -2.3349 -23.3283 .9874 -.7115 -28.6651
5 24 3.5872 -1.578 -18.38 3.6073 -1.578 -14 3.7006 -.7115 -18.392 3.1702 -2.3349 -14
5 24 20.9 .8261 -112.417 20.1385 1.2711 -112.4127 20.5596 .8261 -117.8308 19.8608 1.2711 -107.0614
2 24 -15.6574 1.271 -49.3781 -13.6889 1.271 -44.3499
5 24 -17.1226 -.7115 -48.9742 -17.0125 -1.578 -49.0045 -14.9651 -1.578 -43.7608 -18.0765 -.7115 -54.8398
5 24 -.7486 2.9605 -28.0007 .8327 2.9605 -22.9942 -1.3257 3.5785 -27.7799 1.1561 2.153 -23.0797
5 24 -1.2299 -.7115 -33.5711 .9874 -.7115 -28.6651 -1.4327 .1327 -33.4712 .881 -1.578 -28.6244
5 24 9.6363 -2.867 -131.9347 12.7002 -2.867 -126.1725 10.3469 -3.0933 -132.3904 12.0644 -2.335 -125.8956
5 24 14.8539 -.7115 -135.2803 11.2867 -.7115 -139.9642 11.1165 .1327 -139.8154 14.7579 -1.578 -135.2188
5 24 -14.3255 -2.867 -65.7952 -10.1312 -2.867 -72.6018 -14.9488 -2.335 -66.099 -9.4498 -3.0933 -72.1035
5 24 15.4 3.5785 -102.7768 13.6922 3.5785 -98.2436 14.8076 2.9605 -102.9527 14.4188 3.913 -97.8914
5 24 -12.7252 -3.0932 -55.0077 -11.8814 -2.8671 -55.0342 -11.1472 -2.8671 -50.6212 -12.2614 -3.0932 -59.6013
5 24 -12.1611 2.153 -55.0254 -11.7115 2.153 -59.4741 -12.1565 1.2711 -55.0256 -12.0374 2.9605 -59.5495
5 24 10.4692 2.153 -94.7228 10.4656 1.271 -94.7256 -1.5732 1.271 -82.1457 12.8351 2.153 -98.6591
2 24 2.1893 1.2711 -18.2319 1.1605 1.2711 -23.0808
5 24 -7.8038 -1.578 -30.3323 -7.9062 -.7115 -30.2818 -15.0687 -.7115 -43.7129 -5.8569 -1.578 -26.0457
2 24 -6.355 1.2711 -69.8402 1.6891 1.2711 -79.1885
5 24 -11.1358 -.7115 -73.3365 -2.6992 -.7115 -83.1664 -2.6146 -1.578 -83.0897 -10.9532 .1327 -73.2029
5 24 12.1457 .8262 -98.9933 9.8605 .8262 -95.1879 11.667 .1327 -99.2254 10.4656 1.271 -94.7256
5 24 -15.2408 .1327 -66.2413 -15.4442 -.7115 -66.3404 -10.9532 .1327 -73.2029 -17.4777 -.7115 -60.8077
5 24 -15.0687 -.7115 -43.7129 -17.1226 -.7115 -48.9742 -14.8633 .1327 -43.8078 -17.0125 -1.578 -49.0045
5 24 -16.9044 .1327 -49.0343 -14.8633 .1327 -43.8078 -14.3803 .8262 -44.0307 -17.1226 -.7115 -48.9742
5 24 -15.3416 -1.578 -66.2904 -17.3665 -1.578 -60.782 -14.9488 -2.335 -66.099 -17.4777 -.7115 -60.8077
5 24 16.2811 -3.0932 -96.9885 13.5123 -3.0932 -92.3979 17.0407 -2.8671 -96.6203 12.8237 -2.9792 -92.924
5 24 18.1121 3.913 -107.297 18.374 3.913 -112.4027 18.9124 3.5785 -107.1892 17.5 3.913 -112.3978
5 24 -15.9228 -2.867 -49.3049 -13.9388 -2.867 -44.2345 -15.1089 -3.0933 -49.5292 -14.5684 -2.335 -43.9439
5 24 -5.2552 -2.9791 -31.5879 -4.568 -2.5421 -31.9265 -2.488 -2.5421 -27.335 -12.3855 -2.9791 -44.9516
5 24 -15.9925 2.153 -60.4642 -16.5529 2.153 -54.8876 -15.997 1.271 -60.4652 -16.2186 2.9605 -54.8981
5 24 10.7159 .8261 -139.4651 10.1426 1.2711 -138.9639 13.5745 1.2711 -134.46 7.752 .8261 -142.4383
5 24 -8.8563 -1.578 -63.1297 -10.3375 -1.578 -59.1563 -8.7539 -.7115 -63.0798 -10.7633 -2.3349 -59.2548
2 24 0 -2.5421 -14 0 -2.5421 -18
5 24 3.7006 -.7115 -18.392 3.4757 .1327 -18.3681 3.4952 .1327 -14 2.6298 -.7115 -23.4691
5 24 8.5886 -.7115 -131.2629 8.6847 -1.578 -131.3246 11.6638 -1.578 -125.7212 5.6838 -.7115 -135.0652
5 24 6.2546 .8262 -135.5643 3.5616 .8262 -138.2479 6.8279 1.271 -136.0656 3.1855 .1327 -137.8718
5 24 19.9435 .1327 -101.4274 19.4334 .8261 -101.5789 21.1429 .1327 -106.8887 17.4782 .8261 -96.4082
5 24 -15.1227 -2.9791 -54.9325 -14.357 -2.5421 -54.9565 -13.535 -2.5421 -49.9631 -14.5984 -2.9791 -60.1418
5 24 21.1429 .1327 -106.8887 20.6155 .8261 -106.9598 19.4334 .8261 -101.5789 21.4321 .1327 -112.42
5 24 7.2562 -3.0933 -136.4401 7.9086 -2.9791 -137.0105 11.0764 -2.9791 -132.8581 4.5024 -3.0933 -139.1887
2 24 -4.568 -2.5421 -31.9265 -11.69 -2.5421 -45.2726
5 24 -9.9475 -.7115 -50.9519 -10.1655 .1327 -50.8918 -10.6376 -.7115 -55.0732 -8.5166 .1327 -46.7375
5 24 3.9055 -2.867 -138.5918 6.6207 -2.867 -135.8844 4.5024 -3.0933 -139.1887 6.0987 -2.335 -135.4279
5 24 -7.7793 3.913 -70.8818 -11.7062 3.913 -64.5186 -8.4848 3.913 -71.3977 -10.9803 3.5785 -64.1649
5 24 1.4379 2.9605 -79.4162 -6.6286 2.9605 -70.0403 -6.3586 2.153 -69.8428 .9801 3.5785 -79.8312
5 24 -16.5529 2.153 -54.8876 -16.5575 1.271 -54.8875 -15.6574 1.271 -49.3781 -15.9925 2.153 -60.4642
5 24 -11.8814 -2.8671 -55.0342 -11.1472 -2.8671 -50.6212 -11.1883 -2.3349 -55.056 -11.9611 -3.0932 -50.3969
5 24 -4.5658 -.7115 -21.5675 -5.9635 -.7115 -26.0049 -4.3471 .1327 -21.6254 -5.8569 -1.578 -26.0457
5 24 18.9673 -2.8671 -101.7173 19.632 -2.3349 -101.5199 17.6647 -2.3349 -96.3178 20.1337 -2.8671 -107.0247
5 24 21.254 -1.578 -106.8737 21.367 -.7115 -106.8585 21.5442 -1.578 -112.4206 20.1603 -.7115 -101.363
5 24 14.9923 .1327 -91.2671 2.6476 .1327 -78.3197 14.5695 .8261 -91.5902 2.8151 -.7115 -78.1678
5 24 11.6063 -2.9791 -93.8541 -.5096 -2.9791 -81.1816 12.215 -2.5421 -93.389 -1.1516 -3.0933 -81.7636
5 24 21.1983 -1.578 -117.9151 21.3113 -.7115 -117.93 21.6582 -.7115 -112.4213 20.0991 -1.578 -123.3406
5 24 -11.0437 -1.578 -73.2691 -15.3416 -1.578 -66.2904 -10.691 -2.335 -73.0112 -15.4442 -.7115 -66.3404
5 24 15.8586 -2.9791 -102.6406 16.593 -2.5421 -102.4225 14.812 -2.5421 -97.7007 16.9198 -2.9791 -107.4576
5 24 3.4151 -2.335 -138.1014 6.0987 -2.335 -135.4279 3.9055 -2.867 -138.5918 5.7697 -1.578 -135.1403
5 24 -2.5315 .1327 -83.0144 -10.9532 .1327 -73.2029 -2.6992 -.7115 -83.1664 -10.5237 .8262 -72.8889
5 24 14.1041 -1.578 -107.8369 13.1351 -1.578 -103.4495 14.5371 -2.335 -107.7785 13.0256 -.7115 -103.4819
5 24 12.2544 .8262 -125.9783 9.2269 .8262 -131.6722 12.9525 1.271 -126.2824 8.7791 .1327 -131.3851
5 24 .4728 -2.3349 -28.4682 .881 -1.578 -28.6244 2.5196 -1.578 -23.44 -1.7242 -2.3349 -33.3276
5 24 15.7755 2.9605 -117.1995 16.0745 2.9605 -112.3897 15.4439 2.153 -117.1558 16.6926 3.5785 -112.3932
5 24 -6.1327 -2.8671 -69.6777 1.8931 -2.8671 -79.0036 -6.8142 -3.0932 -70.176 2.4068 -2.3349 -78.5379
5 24 -3.4516 3.5785 -32.4765 -2.8973 2.9605 -32.7496 -9.999 2.9605 -46.0532 -1.3257 3.5785 -27.7799
5 24 -3.8808 -2.9792 -32.2651 -10.9945 -2.9792 -45.5937 -10.2077 -3.0932 -45.9569 -4.568 -2.5421 -31.9265
5 24 -14.5984 -2.9791 -60.1418 -13.852 -2.5421 -59.9691 -14.357 -2.5421 -54.9565 -12.7876 -2.9791 -65.0457
5 24 10.2469 -2.867 -94.8927 -1.7771 -2.867 -82.3305 -2.2909 -2.335 -82.7962 10.9177 -3.0933 -94.3802
5 24 -16.9044 .1327 -49.0343 -17.1226 -.7115 -48.9742 -17.8504 .1327 -54.8469 -15.0687 -.7115 -43.7129
5 24 19.4685 2.9605 -117.6868 18.8558 3.5785 -117.606 19.1815 3.5785 -112.4073 18.4158 2.9605 -122.8813
5 24 -3.5872 -1.578 -17.6201 -3.6072 -1.578 -14 -3.1526 -2.335 -17.6661 -3.7214 -.7115 -14
5 24 21.5442 -1.578 -112.4206 21.254 -1.578 -106.8737 21.6582 -.7115 -112.4213 20.8208 -2.3349 -106.9321
5 24 9.7143 -3.0932 -138.5894 13.0956 -3.0932 -134.1529 12.3661 -2.9792 -133.6852 10.3499 -2.8671 -139.1451
5 24 -2.0799 3.913 -27.4912 -.5455 3.913 -22.63 -2.8962 3.913 -27.1788 .2352 3.5785 -22.8363
5 24 2.8151 -.7115 -78.1678 2.6476 .1327 -78.3197 -5.3108 .1327 -69.0765 15.172 -.7115 -91.1298
5 24 9.3486 -1.578 -95.579 -2.6146 -1.578 -83.0897 9.6958 -2.335 -95.3137 -2.6992 -.7115 -83.1664
5 24 -6.1327 -2.8671 -69.6777 -5.5731 -2.3349 -69.2683 -9.2492 -2.3349 -63.3212 1.8931 -2.8671 -79.0036
2 24 16.793 1.2711 -96.7403 18.7034 1.2711 -101.7957
5 24 16.4879 2.9605 -96.8883 13.695 2.9605 -92.2583 15.9319 3.5785 -97.1578 13.9608 2.153 -92.0552
5 24 15.8799 -2.9791 -122.1896 16.619 -2.5421 -122.3912 14.2686 -2.9791 -126.8555 17.622 -2.5421 -117.4432
5 24 2.8151 -.7115 -78.1678 -5.1283 -.7115 -68.9431 -5.2203 -1.578 -69.0103 2.6476 .1327 -78.3197
5 24 -14.7347 3.5785 -49.6324 -12.8199 3.5785 -44.7511 -15.3306 2.9605 -49.4682 -12.0868 3.913 -45.0895
5 24 18.2783 -1.578 -128.6017 18.3828 -.7115 -128.6472 14.7579 -1.578 -135.2188 20.2091 -.7115 -123.3706
5 24 13.5605 -2.335 -121.5568 14.479 -2.335 -117.0285 14.0458 -1.578 -116.9713 14.2295 -2.867 -121.7393
5 24 -14.5984 -2.9791 -60.1418 -12.7876 -2.9791 -65.0457 -15.4426 -3.0933 -60.337 -12.099 -2.5421 -64.7101
5 24 15.0439 -3.0933 -121.9615 15.8799 -2.9791 -122.1896 16.8625 -2.9791 -117.343 13.4742 -3.0933 -126.5096
5 24 18.7031 -2.9792 -112.4046 18.4382 -2.9792 -107.253 19.5696 -3.0932 -112.4095 17.679 -2.5421 -107.3553
5 24 -16.5913 -2.335 -49.1207 -15.9228 -2.867 -49.3049 -13.9388 -2.867 -44.2345 -17.5257 -2.335 -54.8571
5 24 -2.5972 2.153 -32.8975 -9.6953 2.153 -46.1935 -2.5931 1.2711 -32.8995 -9.999 2.9605 -46.0532
5 24 -13.2177 3.5785 -65.2553 -15.0645 3.5785 -60.2496 -14.2778 3.913 -60.0676 -13.7733 2.9605 -65.5261
5 24 15.0814 -1.578 -91.1991 18.058 -1.578 -96.1271 14.7341 -2.3349 -91.4644 18.1605 -.7115 -96.0774
5 24 14.2157 -.7115 -112.3793 14.3298 -1.578 -112.3799 14.1041 -1.578 -107.8369 13.9326 -.7115 -116.9564
5 24 -9.2492 -2.3349 -63.3212 -8.8563 -1.578 -63.1297 -10.3375 -1.578 -59.1563 -5.5731 -2.3349 -69.2683
5 24 12.8237 -2.9792 -92.924 15.5013 -2.9792 -97.3665 12.215 -2.5421 -93.389 16.2811 -3.0932 -96.9885
5 24 19.4776 .8261 -123.171 18.7429 1.2711 -122.9706 19.8046 1.2711 -117.7312 17.6876 .8261 -128.3445
5 24 -10.691 -2.335 -73.0112 -14.9488 -2.335 -66.099 -10.1312 -2.867 -72.6018 -15.3416 -1.578 -66.2904
5 24 6.2546 .8262 -135.5643 5.8541 .1327 -135.2141 8.7791 .1327 -131.3851 3.5616 .8262 -138.2479
5 24 13.3429 -3.0933 -98.4129 14.1227 -2.9791 -98.0349 11.6063 -2.9791 -93.8541 15.0279 -3.0933 -102.8873
5 24 19.4776 .8261 -123.171 20.5596 .8261 -117.8308 18.7429 1.2711 -122.9706 21.0871 .1327 -117.9004
5 24 14.8076 2.9605 -102.9527 14.487 2.153 -103.0479 15.8331 2.9605 -107.604 12.8351 2.153 -98.6591
5 24 -12.3855 -2.9791 -44.9516 -11.69 -2.5421 -45.2726 -14.2735 -2.9791 -49.7595 -4.568 -2.5421 -31.9265
5 24 -13.5913 -2.9792 -54.9805 -12.7252 -3.0932 -55.0077 -13.1056 -2.9792 -59.7965 -11.9611 -3.0932 -50.3969
5 24 -2.6992 -.7115 -83.1664 9.2579 -.7115 -95.6483 -2.5315 .1327 -83.0144 9.3486 -1.578 -95.579
5 24 18.9673 -2.8671 -101.7173 17.0407 -2.8671 -96.6203 19.632 -2.3349 -101.5199 16.2811 -3.0932 -96.9885
5 24 16.4678 -3.0932 -127.8133 18.1941 -3.0932 -122.8209 17.3581 -2.9792 -122.5928 17.2419 -2.8671 -128.1503
5 24 16.0034 -3.0933 -117.2296 16.3044 -3.0933 -112.391 16.8625 -2.9791 -117.343 15.4602 -2.867 -112.3863
5 24 9.4377 .1327 -95.5109 -2.5315 .1327 -83.0144 9.2579 -.7115 -95.6483 -2.1374 .8262 -82.6571
5 24 -.4361 2.153 -28.1203 -.7486 2.9605 -28.0007 -2.5972 2.153 -32.8975 .8327 2.9605 -22.9942
5 24 14.39 -2.3349 -134.9829 14.7579 -1.578 -135.2188 18.2783 -1.578 -128.6017 10.8719 -2.3349 -139.6015
5 24 -18.0765 -.7115 -54.8398 -17.1226 -.7115 -48.9742 -16.9044 .1327 -49.0343 -17.9625 -1.578 -54.8434
5 24 -15.1227 -2.9791 -54.9325 -14.2735 -2.9791 -49.7595 -14.357 -2.5421 -54.9565 -15.1089 -3.0933 -49.5292
5 24 -2.5464 -3.0933 -22.1012 -1.7086 -2.9791 -22.3226 -4.0128 -3.0933 -26.7515 -.7618 -2.9791 -17.9193
5 24 16.793 1.2711 -96.7403 16.789 2.153 -96.7423 13.9608 2.153 -92.0552 18.7034 1.2711 -101.7957
5 24 15.0279 -3.0933 -102.8873 16.061 -3.0933 -107.5733 14.2187 -2.867 -103.1276 16.9198 -2.9791 -107.4576
5 24 14.6844 .8262 -117.0556 14.974 .8262 -112.3835 14.157 .1327 -116.986 15.7355 1.271 -112.3878
2 24 19.8046 1.2711 -117.7312 18.7429 1.2711 -122.9706
5 24 -9.1365 3.5785 -71.8744 -9.6354 2.9605 -72.2392 -13.7733 2.9605 -65.5261 -.864 3.5785 -81.5029
5 24 9.6958 -2.335 -95.3137 10.2469 -2.867 -94.8927 -1.7771 -2.867 -82.3305 11.9593 -2.335 -99.0837
5 24 19.9909 .1327 -123.311 19.4776 .8261 -123.171 20.5596 .8261 -117.8308 18.1755 .1327 -128.5569
5 24 20.5596 .8261 -117.8308 20.9 .8261 -112.417 19.8046 1.2711 -117.7312 21.4321 .1327 -112.42
5 24 -9.2492 -2.3349 -63.3212 -10.7633 -2.3349 -59.2548 -8.8563 -1.578 -63.1297 -11.4389 -2.8671 -59.411
5 24 -10.6314 -3.0932 -63.9948 -9.8725 -2.8671 -63.625 -11.4389 -2.8671 -59.411 -6.8142 -3.0932 -70.176
5 24 20.4138 -2.8671 -112.4142 21.1072 -2.3349 -112.4182 20.0776 -2.8671 -117.7672 20.8208 -2.3349 -106.9321
5 24 -13.7733 2.9605 -65.5261 -9.6354 2.9605 -72.2392 -9.9053 2.153 -72.4366 -13.2177 3.5785 -65.2553
5 24 14.1041 -1.578 -107.8369 14.5371 -2.335 -107.7785 13.5539 -2.335 -103.325 14.3298 -1.578 -112.3799
5 24 -17.9625 -1.578 -54.8434 -17.0125 -1.578 -49.0045 -17.5257 -2.335 -54.8571 -17.1226 -.7115 -48.9742
5 24 13.695 2.9605 -92.2583 13.2039 3.5785 -92.6335 .9801 3.5785 -79.8312 16.4879 2.9605 -96.8883
5 24 -15.997 1.271 -60.4652 -16.7389 .8262 -60.6368 -17.3186 .8262 -54.8636 -14.078 1.271 -65.6746
5 24 16.6926 3.5785 -112.3932 16.0745 2.9605 -112.3897 15.8331 2.9605 -107.604 16.3882 3.5785 -117.2804
5 24 14.7341 -2.3349 -91.4644 15.0814 -1.578 -91.1991 2.7307 -1.578 -78.2444 17.6647 -2.3349 -96.3178
5 24 9.062 -2.9792 -138.019 9.7143 -3.0932 -138.5894 13.0956 -3.0932 -134.1529 6.1986 -2.9792 -140.8848
5 24 -17.9625 -1.578 -54.8434 -17.5257 -2.335 -54.8571 -17.3665 -1.578 -60.782 -16.5913 -2.335 -49.1207
5 24 -14.3803 .8262 -44.0307 -7.226 .8262 -30.6169 -14.8633 .1327 -43.8078 -6.5429 1.271 -30.9535
5 24 -18.0765 -.7115 -54.8398 -17.9625 -1.578 -54.8434 -17.0125 -1.578 -49.0045 -17.4777 -.7115 -60.8077
5 24 -2.2909 -2.335 -82.7962 -1.7771 -2.867 -82.3305 9.6958 -2.335 -95.3137 -10.1312 -2.867 -72.6018
5 24 -13.9202 3.913 -54.9702 -13.1137 3.913 -50.0792 -14.7938 3.913 -54.9428 -12.3352 3.5785 -50.2938
5 24 -3.0965 1.271 -21.9558 -3.8327 .8262 -21.7613 -2.9466 .8262 -17.6879 -4.5441 1.271 -26.5481
5 24 13.5605 -2.335 -121.5568 14.2295 -2.867 -121.7393 12.0644 -2.335 -125.8956 15.1665 -2.867 -117.1192
5 24 13.0288 -.7115 -121.4118 11.5591 -.7115 -125.6756 11.6638 -1.578 -125.7212 13.2471 .1327 -121.4713
5 24 18.7031 -2.9792 -112.4046 19.5696 -3.0932 -112.4095 19.297 -3.0932 -107.1374 18.3815 -2.9792 -117.5434
5 24 14.974 .8262 -112.3835 14.7424 .8262 -107.7509 14.442 .1327 -112.3805 15.4971 1.271 -107.6492
5 24 17.622 -2.5421 -117.4432 18.3815 -2.9792 -117.5434 18.7031 -2.9792 -112.4046 16.619 -2.5421 -122.3912
5 24 -7.4118 -2.335 -30.5254 -7.8038 -1.578 -30.3323 -14.9651 -1.578 -43.7608 -5.4488 -2.335 -26.2019
5 24 -10.5601 3.5785 -45.7942 -3.4516 3.5785 -32.4765 -2.8973 2.9605 -32.7496 -11.2932 3.913 -45.4558
5 24 -7.7032 .1327 -30.3818 -5.7522 .1327 -26.0858 -7.9062 -.7115 -30.2818 -5.2553 .8262 -26.2759
5 24 -13.9563 3.913 -49.8469 -12.0868 3.913 -45.0895 -14.7347 3.5785 -49.6324 -11.2932 3.913 -45.4558
5 24 16.789 2.153 -96.7423 16.4879 2.9605 -96.8883 13.695 2.9605 -92.2583 18.6991 2.153 -101.797
5 24 15.5017 2.153 -107.6486 15.4971 1.271 -107.6492 15.7401 2.153 -112.3879 14.4825 1.271 -103.0493
5 24 19.8001 2.153 -117.7306 19.4685 2.9605 -117.6868 18.7386 2.153 -122.9694 19.7994 2.9605 -112.4108
5 24 17.2459 3.913 -107.4137 16.4457 3.5785 -107.5214 17.5 3.913 -112.3978 15.4 3.5785 -102.7768
5 24 13.2634 2.9605 -126.4178 14.8221 2.9605 -121.901 12.9568 2.153 -126.2842 15.4184 3.5785 -122.0637
5 24 -4.2275 2.9605 -26.6693 -2.7687 2.9605 -22.0425 -4.5398 2.153 -26.5498 -2.1712 3.5785 -22.2004
5 24 -.2274 -2.9792 -22.7141 .6104 -3.0932 -22.9355 1.6235 -3.0932 -18.172 -1.7725 -2.9792 -27.6089
5 24 -12.2614 -3.0932 -59.6013 -12.7252 -3.0932 -55.0077 -13.5913 -2.9792 -54.9805 -11.4389 -2.8671 -59.411
5 24 18.9124 3.5785 -107.1892 17.786 3.5785 -102.0682 18.1121 3.913 -107.297 18.3784 2.9605 -101.8922
5 24 -3.1526 -2.335 -17.6661 -3.1703 -2.335 -14 -2.463 -2.867 -17.7391 -3.6072 -1.578 -14
5 24 -1.7771 -2.867 -82.3305 -10.1312 -2.867 -72.6018 -1.1516 -3.0933 -81.7636 -10.691 -2.335 -73.0112
5 24 20.134 2.153 -112.4127 19.7994 2.9605 -112.4108 19.8001 2.153 -117.7306 19.5248 2.9605 -107.1067
5 24 20.0991 -1.578 -123.3406 21.1983 -1.578 -117.9151 20.2091 -.7115 -123.3706 20.765 -2.3349 -117.8579
2 24 6.8279 1.271 -136.0656 9.868 1.271 -132.0833
5 24 19.8001 2.153 -117.7306 18.7386 2.153 -122.9694 19.8046 1.2711 -117.7312 18.4158 2.9605 -122.8813
5 24 -5.9635 -.7115 -26.0049 -5.8569 -1.578 -26.0457 -4.4555 -1.578 -21.5967 -7.9062 -.7115 -30.2818
5 24 13.2471 .1327 -121.4713 13.0288 -.7115 -121.4118 13.9326 -.7115 -116.9564 11.7666 .1327 -125.7659
5 24 20.1337 -2.8671 -107.0247 20.8208 -2.3349 -106.9321 19.632 -2.3349 -101.5199 20.4138 -2.8671 -112.4142
5 24 -10.9652 .8261 -59.3015 -11.3954 .8261 -55.0495 -10.8636 .1327 -55.0662 -11.7071 1.2711 -59.4731
5 24 -13.6847 2.153 -44.3518 -13.6889 1.271 -44.3499 -6.5429 1.271 -30.9535 -15.653 2.153 -49.3793
5 24 -10.1655 .1327 -50.8918 -10.8636 .1327 -55.0662 -9.9475 -.7115 -50.9519 -11.3954 .8261 -55.0495
5 24 -16.8326 -2.867 -54.8788 -15.9228 -2.867 -49.3049 -15.9888 -3.0933 -54.9053 -16.5913 -2.335 -49.1207
5 24 1.8931 -2.8671 -79.0036 2.4068 -2.3349 -78.5379 -5.5731 -2.3349 -69.2683 14.1832 -2.8671 -91.8853
5 24 -11.1883 -2.3349 -55.056 -10.7515 -1.578 -55.0697 -10.0574 -1.578 -50.9216 -10.7633 -2.3349 -59.2548
5 24 14.5371 -2.335 -107.7785 13.5539 -2.335 -103.325 13.1351 -1.578 -103.4495 15.2244 -2.867 -107.686
5 24 1.6326 -3.0932 -14 1.6235 -3.0932 -18.172 .7661 -2.9792 -14 2.4631 -2.8671 -18.2609
5 24 -1.5732 1.271 -82.1457 -2.1374 .8262 -82.6571 -10.5237 .8262 -72.8889 10.4656 1.271 -94.7256
5 24 -15.3306 2.9605 -49.4682 -15.653 2.153 -49.3793 -16.2186 2.9605 -54.8981 -13.6847 2.153 -44.3518
5 24 18.3828 -.7115 -128.6472 20.2091 -.7115 -123.3706 20.0991 -1.578 -123.3406 18.1755 .1327 -128.5569
5 24 16.593 -2.5421 -102.4225 17.3274 -2.9792 -102.2044 15.5013 -2.9792 -97.3665 17.679 -2.5421 -107.3553
5 24 17.8197 3.5785 -122.7187 17.0406 3.913 -122.5062 18.0553 3.913 -117.5004 16.112 3.5785 -127.6583
5 24 .8327 2.9605 -22.9942 1.8521 2.9605 -18.1962 .2352 3.5785 -22.8363 2.1848 2.153 -18.2314
5 24 -4.033 -2.335 -21.7084 -3.1526 -2.335 -17.6661 -3.3626 -2.867 -21.8855 -3.5872 -1.578 -17.6201
5 24 14.9923 .1327 -91.2671 14.5695 .8261 -91.5902 2.2533 .8261 -78.6771 17.9571 .1327 -96.176
5 24 11.667 .1327 -99.2254 9.4377 .1327 -95.5109 11.4634 -.7115 -99.3241 9.8605 .8262 -95.1879
5 24 -14.357 -2.5421 -54.9565 -13.5913 -2.9792 -54.9805 -13.852 -2.5421 -59.9691 -12.7965 -2.9792 -50.1666
5 24 -15.6666 2.9605 -60.3888 -16.2186 2.9605 -54.8981 -15.9925 2.153 -60.4642 -15.6009 3.5785 -54.9175
5 24 -11.2932 3.913 -45.4558 -13.1137 3.913 -50.0792 -13.9563 3.913 -49.8469 -10.5601 3.5785 -45.7942
2 24 14.4825 1.271 -103.0493 12.831 1.271 -98.6611
2 24 17.937 -2.5421 -112.4003 17.622 -2.5421 -117.4432
2 24 -12.1565 1.2711 -55.0256 -11.7071 1.2711 -59.4731
5 24 21.4321 .1327 -112.42 21.0871 .1327 -117.9004 21.6582 -.7115 -112.4213 20.5596 .8261 -117.8308
5 24 16.8625 -2.9791 -117.343 17.622 -2.5421 -117.4432 17.937 -2.5421 -112.4003 15.8799 -2.9791 -122.1896
5 24 -4.96 3.913 -31.7333 -2.8962 3.913 -27.1788 -2.0799 3.913 -27.4912 -5.6843 3.5785 -31.3765
5 24 18.1121 3.913 -107.297 17.0119 3.913 -102.2981 17.2459 3.913 -107.4137 17.786 3.5785 -102.0682
5 24 16.9198 -2.9791 -107.4576 15.8586 -2.9791 -102.6406 17.679 -2.5421 -107.3553 15.0279 -3.0933 -102.8873
5 24 9.8874 2.9605 -138.7407 6.9738 2.9605 -141.6601 10.1392 2.153 -138.9609 6.5369 3.5785 -141.2232
5 24 15.2244 -2.867 -107.686 15.4602 -2.867 -112.3863 16.3044 -3.0933 -112.391 14.5371 -2.335 -107.7785
5 24 9.3486 -1.578 -95.579 9.6958 -2.335 -95.3137 -2.2909 -2.335 -82.7962 11.5661 -1.578 -99.2743
5 24 -.9633 -3.0932 -27.9186 -3.1035 -3.0932 -32.648 -1.7725 -2.9792 -27.6089 -2.3462 -2.8671 -33.0211
5 24 11.7666 .1327 -125.7659 13.2471 .1327 -121.4713 13.7604 .8262 -121.6114 11.5591 -.7115 -125.6756
5 24 -2.5464 -3.0933 -22.1012 -1.6235 -3.0933 -17.828 -2.463 -2.867 -17.7391 -1.7086 -2.9791 -22.3226
5 24 19.5248 2.9605 -107.1067 18.3784 2.9605 -101.8922 18.9124 3.5785 -107.1892 18.6991 2.153 -101.797
5 24 -10.4467 .1327 -59.1816 -10.8636 .1327 -55.0662 -10.9652 .8261 -59.3015 -10.6376 -.7115 -55.0732
5 24 -11.7395 2.9605 -50.458 -12.3352 3.5785 -50.2938 -10.5601 3.5785 -45.7942 -12.4954 2.9605 -55.0149
5 24 -5.9635 -.7115 -26.0049 -5.7522 .1327 -26.0858 -4.5658 -.7115 -21.5675 -7.7032 .1327 -30.3818
5 24 -5.6843 3.5785 -31.3765 -12.8199 3.5785 -44.7511 -4.96 3.913 -31.7333 -13.3811 2.9605 -44.492
5 24 -12.7876 -2.9791 -65.0457 -12.099 -2.5421 -64.7101 -8.7504 -2.9791 -71.592 -13.852 -2.5421 -59.9691
5 24 -.4319 1.2711 -28.1219 -.4361 2.153 -28.1203 1.1561 2.153 -23.0797 -2.5931 1.2711 -32.8995
5 24 -15.1089 -3.0933 -49.5292 -14.2735 -2.9791 -49.7595 -15.9888 -3.0933 -54.9053 -12.3855 -2.9791 -44.9516
5 24 10.8719 -2.3349 -139.6015 7.8985 -2.3349 -142.5848 10.3499 -2.8671 -139.1451 8.2076 -1.578 -142.8939
5 24 16.4457 3.5785 -107.5214 15.8331 2.9605 -107.604 16.6926 3.5785 -112.3932 14.8076 2.9605 -102.9527
5 24 -.7618 -2.9791 -17.9193 0 -2.5421 -18 0 -2.5421 -14 -1.7086 -2.9791 -22.3226
5 24 -3.3626 -2.867 -21.8855 -2.463 -2.867 -17.7391 -2.5464 -3.0933 -22.1012 -3.1526 -2.335 -17.6661
2 24 -13.535 -2.5421 -49.9631 -14.357 -2.5421 -54.9565
5 24 -.864 3.5785 -81.5029 -9.1365 3.5785 -71.8744 -1.322 2.9605 -81.918 -8.4848 3.913 -71.3977
5 24 13.136 2.9605 -98.5132 10.735 2.9605 -94.5198 12.8351 2.153 -98.6591 11.2261 3.5785 -94.1446
5 24 -14.7938 3.913 -54.9428 -14.2778 3.913 -60.0676 -13.9202 3.913 -54.9702 -15.0645 3.5785 -60.2496
5 24 -15.9888 -3.0933 -54.9053 -15.1227 -2.9791 -54.9325 -14.2735 -2.9791 -49.7595 -15.4426 -3.0933 -60.337
5 24 -4.8012 -2.867 -26.4497 -6.7898 -2.867 -30.8319 -5.4488 -2.335 -26.2019 -6.0325 -3.0933 -31.205
5 24 -10.2077 -3.0932 -45.9569 -9.4412 -2.8671 -46.3107 -11.9611 -3.0932 -50.3969 -2.3462 -2.8671 -33.0211
5 24 -11.4389 -2.8671 -59.411 -11.8814 -2.8671 -55.0342 -10.7633 -2.3349 -59.2548 -12.7252 -3.0932 -55.0077
5 24 -13.5666 -3.0933 -65.4253 -15.4426 -3.0933 -60.337 -12.7876 -2.9791 -65.0457 -16.2651 -2.867 -60.5273
5 24 -6.2388 2.9605 -31.1033 -4.2275 2.9605 -26.6693 -6.5388 2.153 -30.9555 -3.6503 3.5785 -26.8902
2 24 11.7213 -2.5421 -133.2717 14.971 -2.5421 -127.1614
5 24 -15.4442 -.7115 -66.3404 -15.3416 -1.578 -66.2904 -17.3665 -1.578 -60.782 -11.1358 -.7115 -73.3365
5 24 17.6647 -2.3349 -96.3178 19.632 -2.3349 -101.5199 20.051 -1.578 -101.3955 17.0407 -2.8671 -96.6203
2 24 8.4853 -2.5421 -137.5147 5.6569 -2.5421 -140.3431
5 24 16.3044 -3.0933 -112.391 16.061 -3.0933 -107.5733 15.2244 -2.867 -107.686 17.1709 -2.9791 -112.3959
5 24 1.2676 -3.0932 -79.5706 1.8931 -2.8671 -79.0036 -6.1327 -2.8671 -69.6777 13.5123 -3.0932 -92.3979
5 24 14.5695 .8261 -91.5902 13.9644 1.2711 -92.0525 1.6891 1.2711 -79.1885 17.4782 .8261 -96.4082
5 24 -13.1723 -3.0933 -44.5884 -6.0325 -3.0933 -31.205 -6.7898 -2.867 -30.8319 -12.3855 -2.9791 -44.9516
5 24 1.2676 -3.0932 -79.5706 -6.8142 -3.0932 -70.176 -7.5136 -2.9792 -70.6875 1.8931 -2.8671 -79.0036
5 24 6.2546 .8262 -135.5643 9.2269 .8262 -131.6722 5.8541 .1327 -135.2141 9.868 1.271 -132.0833
5 24 -11.2932 3.913 -45.4558 -4.176 3.913 -32.1196 -3.4516 3.5785 -32.4765 -12.0868 3.913 -45.0895
5 24 -10.5601 3.5785 -45.7942 -11.2932 3.913 -45.4558 -12.3352 3.5785 -50.2938 -4.176 3.913 -32.1196
5 24 20.8208 -2.3349 -106.9321 19.632 -2.3349 -101.5199 21.254 -1.578 -106.8737 18.9673 -2.8671 -101.7173
5 24 -14.8633 .1327 -43.8078 -15.0687 -.7115 -43.7129 -7.9062 -.7115 -30.2818 -16.9044 .1327 -49.0343
2 24 -11.69 -2.5421 -45.2726 -13.535 -2.5421 -49.9631
5 24 15.3717 3.913 -127.3359 17.0406 3.913 -122.5062 14.5703 3.913 -126.9869 17.8197 3.5785 -122.7187
5 24 -1.5697 2.153 -82.1426 -1.5732 1.271 -82.1457 10.4692 2.153 -94.7228 -9.9091 1.271 -72.4393
5 24 14.442 .1327 -112.3805 14.2157 -.7115 -112.3793 13.991 -.7115 -107.8521 14.157 .1327 -116.986
5 24 14.4951 1.271 -121.8118 13.7604 .8262 -121.6114 14.6844 .8262 -117.0556 12.9525 1.271 -126.2824
5 24 -6.5388 2.153 -30.9555 -6.2388 2.9605 -31.1033 -13.3811 2.9605 -44.492 -4.5398 2.153 -26.5498
5 24 -2.8973 2.9605 -32.7496 -2.5972 2.153 -32.8975 -9.6953 2.153 -46.1935 -.7486 2.9605 -28.0007
5 24 -9.4412 -2.8671 -46.3107 -2.3462 -2.8671 -33.0211 -8.8117 -2.3349 -46.6013 -3.1035 -3.0932 -32.648
5 24 12.9525 1.271 -126.2824 12.2544 .8262 -125.9783 13.7604 .8262 -121.6114 9.868 1.271 -132.0833
5 24 1.4266 -2.8671 -23.1512 2.4631 -2.8671 -18.2609 1.6235 -3.0932 -18.172 2.097 -2.3349 -23.3283
5 24 -12.6395 3.5785 -59.6887 -13.1131 3.5785 -54.9956 -12.4954 2.9605 -55.0149 -13.4262 3.913 -59.8707
5 24 -5.5731 -2.3349 -69.2683 -9.2492 -2.3349 -63.3212 -9.8725 -2.8671 -63.625 -5.2203 -1.578 -69.0103
5 24 13.5123 -3.0932 -92.3979 14.1832 -2.8671 -91.8853 16.2811 -3.0932 -96.9885 1.8931 -2.8671 -79.0036
2 24 -.968 -2.5421 -22.5183 -2.488 -2.5421 -27.335
5 24 18.7429 1.2711 -122.9706 18.7386 2.153 -122.9694 16.9895 1.2711 -128.0404 19.8001 2.153 -117.7306
5 24 -6.5429 1.271 -30.9535 -6.5388 2.153 -30.9555 -13.6847 2.153 -44.3518 -4.5441 1.271 -26.5481
5 24 .6256 -2.9792 -80.1526 -7.5136 -2.9792 -70.6875 1.2676 -3.0932 -79.5706 -8.132 -2.5421 -71.1397
5 24 5.7697 -1.578 -135.1403 3.1062 -1.578 -137.7925 3.4151 -2.335 -138.1014 5.6838 -.7115 -135.0652
5 24 -6.1327 -2.8671 -69.6777 -9.8725 -2.8671 -63.625 -5.5731 -2.3349 -69.2683 -10.6314 -3.0932 -63.9948
5 24 14.0458 -1.578 -116.9713 14.3298 -1.578 -112.3799 14.479 -2.335 -117.0285 14.2157 -.7115 -112.3793
5 24 7.2104 2.153 -141.8967 10.1392 2.153 -138.9609 10.1426 1.2711 -138.9639 6.9738 2.9605 -141.6601
5 24 -1.3905 3.913 -22.4067 -2.1712 3.5785 -22.2004 -1.2375 3.5785 -17.8689 -2.8962 3.913 -27.1788
2 24 -13.852 -2.5421 -59.9691 -12.099 -2.5421 -64.7101
5 24 -12.099 -2.5421 -64.7101 -11.4104 -2.9792 -64.3745 -8.132 -2.5421 -71.1397 -13.1056 -2.9792 -59.7965
5 24 -10.8636 .1327 -55.0662 -11.3954 .8261 -55.0495 -10.4467 .1327 -59.1816 -10.6785 .8261 -50.7504
5 24 -2.6992 -.7115 -83.1664 -2.6146 -1.578 -83.0897 9.2579 -.7115 -95.6483 -11.0437 -1.578 -73.2691
5 24 -16.8326 -2.867 -54.8788 -15.9888 -3.0933 -54.9053 -15.1089 -3.0933 -49.5292 -16.2651 -2.867 -60.5273
5 24 .3818 3.913 -80.3736 -7.7793 3.913 -70.8818 -.2658 3.913 -80.9606 -7.1274 3.5785 -70.4051
5 24 10.2469 -2.867 -94.8927 10.9177 -3.0933 -94.3802 12.5833 -2.867 -98.7812 -1.1516 -3.0933 -81.7636
2 24 -12.1565 1.2711 -55.0256 -11.4126 1.2711 -50.5481
5 24 -14.9651 -1.578 -43.7608 -7.8038 -1.578 -30.3323 -7.9062 -.7115 -30.2818 -14.5684 -2.335 -43.9439
5 24 2.1848 2.153 -18.2314 1.1561 2.153 -23.0797 2.1893 1.2711 -18.2319 .8327 2.9605 -22.9942
5 24 -.2274 -2.9792 -22.7141 .7618 -2.9792 -18.0807 .6104 -3.0932 -22.9355 0 -2.5421 -18
5 24 -8.7539 -.7115 -63.0798 -8.9571 .1327 -63.1788 -10.4467 .1327 -59.1816 -5.1283 -.7115 -68.9431
5 24 18.3815 -2.9792 -117.5434 18.7031 -2.9792 -112.4046 17.937 -2.5421 -112.4003 19.2406 -3.0932 -117.6568
5 24 -13.1131 3.5785 -54.9956 -12.3352 3.5785 -50.2938 -13.9202 3.913 -54.9702 -11.7395 2.9605 -50.458
5 24 15.172 -.7115 -91.1298 2.8151 -.7115 -78.1678 14.9923 .1327 -91.2671 2.7307 -1.578 -78.2444
5 24 16.9853 2.153 -128.0386 13.5707 2.153 -134.4576 13.2891 2.9605 -134.277 16.9895 1.2711 -128.0404
5 24 15.6734 -2.9792 -127.4673 16.4678 -3.0932 -127.8133 18.1941 -3.0932 -122.8209 12.3661 -2.9792 -133.6852
5 24 -14.9488 -2.335 -66.099 -16.9407 -2.335 -60.6835 -14.3255 -2.867 -65.7952 -17.3665 -1.578 -60.782
5 24 14.4188 3.913 -97.8914 13.6922 3.5785 -98.2436 11.2261 3.5785 -94.1446 16.1741 3.913 -102.5469
5 24 11.3534 3.913 -133.0358 10.6737 3.5785 -132.5999 8.1563 3.913 -137.227 13.83 3.5785 -126.6645
5 24 -13.852 -2.5421 -59.9691 -13.1056 -2.9792 -59.7965 -13.5913 -2.9792 -54.9805 -12.099 -2.5421 -64.7101
5 24 -6.355 1.2711 -69.8402 -6.3586 2.153 -69.8428 -10.1241 2.153 -63.7476 1.6891 1.2711 -79.1885
5 24 21.254 -1.578 -106.8737 20.051 -1.578 -101.3955 21.367 -.7115 -106.8585 19.632 -2.3349 -101.5199
5 24 10.6737 3.5785 -132.5999 7.5484 3.5785 -136.6956 11.3534 3.913 -133.0358 7.0831 2.9605 -136.2887
5 24 -2.3462 -2.8671 -33.0211 -.1748 -2.8671 -28.2203 -1.7242 -2.3349 -33.3276 -.9633 -3.0932 -27.9186
5 24 2.6476 .1327 -78.3197 -5.3108 .1327 -69.0765 -5.1283 -.7115 -68.9431 2.2533 .8261 -78.6771
5 24 14.1227 -2.9791 -98.0349 14.812 -2.5421 -97.7007 15.8586 -2.9791 -102.6406 12.215 -2.5421 -93.389
5 24 4.1034 2.153 -138.7897 6.8314 2.153 -136.0686 7.0831 2.9605 -136.2887 4.1001 1.271 -138.7864
5 24 -16.9407 -2.335 -60.6835 -16.2651 -2.867 -60.5273 -16.8326 -2.867 -54.8788 -14.9488 -2.335 -66.099
5 24 11.7666 .1327 -125.7659 11.5591 -.7115 -125.6756 8.7791 .1327 -131.3851 13.0288 -.7115 -121.4118
5 24 12.8237 -2.9792 -92.924 13.5123 -3.0932 -92.3979 1.2676 -3.0932 -79.5706 15.5013 -2.9792 -97.3665
5 24 9.868 1.271 -132.0833 9.2269 .8262 -131.6722 12.2544 .8262 -125.9783 6.8279 1.271 -136.0656
5 24 .2352 3.5785 -22.8363 -.5455 3.913 -22.63 .4346 3.913 -18.046 -1.3257 3.5785 -27.7799
5 24 18.4158 2.9605 -122.8813 17.8197 3.5785 -122.7187 18.8558 3.5785 -117.606 16.6786 2.9605 -127.905
5 24 14.8539 -.7115 -135.2803 18.3828 -.7115 -128.6472 18.2783 -1.578 -128.6017 14.6635 .1327 -135.1583
5 24 14.1041 -1.578 -107.8369 14.3298 -1.578 -112.3799 13.991 -.7115 -107.8521 14.7668 -2.335 -112.3824
5 24 -13.1056 -2.9792 -59.7965 -12.2614 -3.0932 -59.6013 -12.7252 -3.0932 -55.0077 -11.4104 -2.9792 -64.3745
5 24 -10.4788 -2.3349 -50.8055 -10.0574 -1.578 -50.9216 -11.1883 -2.3349 -55.056 -8.4148 -1.578 -46.7845
5 24 -6.7898 -2.867 -30.8319 -6.0325 -3.0933 -31.205 -13.9388 -2.867 -44.2345 -4.0128 -3.0933 -26.7515
5 24 -8.5166 .1327 -46.7375 -1.4327 .1327 -33.4712 -9 .8261 -46.5145 -1.2299 -.7115 -33.5711
5 24 13.0288 -.7115 -121.4118 13.1389 -1.578 -121.4418 14.0458 -1.578 -116.9713 11.5591 -.7115 -125.6756
5 24 14.479 -2.335 -117.0285 15.1665 -2.867 -117.1192 15.4602 -2.867 -112.3863 13.5605 -2.335 -121.5568
5 24 -14.7938 3.913 -54.9428 -15.6009 3.5785 -54.9175 -14.7347 3.5785 -49.6324 -14.2778 3.913 -60.0676
2 24 9.868 1.271 -132.0833 12.9525 1.271 -126.2824
5 24 20.6155 .8261 -106.9598 19.8608 1.2711 -107.0614 18.7034 1.2711 -101.7957 20.9 .8261 -112.417
5 24 -12.7965 -2.9792 -50.1666 -10.9945 -2.9792 -45.5937 -11.9611 -3.0932 -50.3969 -11.69 -2.5421 -45.2726
5 24 -10.7515 -1.578 -55.0697 -10.0574 -1.578 -50.9216 -10.4788 -2.3349 -50.8055 -10.6376 -.7115 -55.0732
5 24 -13.2177 3.5785 -65.2553 -13.7733 2.9605 -65.5261 -9.1365 3.5785 -71.8744 -15.6666 2.9605 -60.3888
5 24 -7.5136 -2.9792 -70.6875 -11.4104 -2.9792 -64.3745 -6.8142 -3.0932 -70.176 -12.099 -2.5421 -64.7101
5 24 16.3882 3.5785 -117.2804 15.7755 2.9605 -117.1995 15.4184 3.5785 -122.0637 16.0745 2.9605 -112.3897
5 24 -8.9571 .1327 -63.1788 -9.4355 .8261 -63.412 -10.9652 .8261 -59.3015 -5.3108 .1327 -69.0765
5 24 -1.91 .8261 -33.236 -1.4327 .1327 -33.4712 -8.5166 .1327 -46.7375 .2793 .8261 -28.3941
5 24 -14.5684 -2.335 -43.9439 -13.9388 -2.867 -44.2345 -16.5913 -2.335 -49.1207 -6.7898 -2.867 -30.8319
5 24 -9.9475 -.7115 -50.9519 -8.3113 -.7115 -46.8323 -10.1655 .1327 -50.8918 -8.4148 -1.578 -46.7845
5 24 13.2426 .1327 -103.4175 14.2152 .1327 -107.8219 13.7525 .8262 -103.2661 13.991 -.7115 -107.8521
5 24 8.8143 3.913 -137.8024 5.9659 3.913 -140.6522 5.3478 3.913 -140.0341 9.4222 3.5785 -138.3339
5 24 6.6207 -2.867 -135.8844 9.6363 -2.867 -131.9347 7.2562 -3.0933 -136.4401 9.0525 -2.335 -131.5604
5 24 6.0987 -2.335 -135.4279 6.6207 -2.867 -135.8844 3.4151 -2.335 -138.1014 9.6363 -2.867 -131.9347
5 24 11.8677 3.913 -93.6544 -.2658 3.913 -80.9606 .3818 3.913 -80.3736 11.2261 3.5785 -94.1446
5 24 13.2634 2.9605 -126.4178 10.1534 2.9605 -132.2663 13.83 3.5785 -126.6645 9.8718 2.153 -132.0858
5 24 -9.8725 -2.8671 -63.625 -9.2492 -2.3349 -63.3212 -6.1327 -2.8671 -69.6777 -10.7633 -2.3349 -59.2548
5 24 -5.3108 .1327 -69.0765 -8.9571 .1327 -63.1788 -5.7403 .8261 -69.3907 -8.7539 -.7115 -63.0798
5 24 16.9198 -2.9791 -107.4576 17.679 -2.5421 -107.3553 16.593 -2.5421 -102.4225 17.1709 -2.9791 -112.3959
5 24 21.0871 .1327 -117.9004 20.5596 .8261 -117.8308 19.9909 .1327 -123.311 20.9 .8261 -112.417
5 24 -12.3352 3.5785 -50.2938 -10.5601 3.5785 -45.7942 -13.1137 3.913 -50.0792 -9.999 2.9605 -46.0532
5 24 -8.8563 -1.578 -63.1297 -8.7539 -.7115 -63.0798 -10.2264 -.7115 -59.1306 -5.2203 -1.578 -69.0103
5 24 15.5013 -2.9792 -97.3665 16.2811 -3.0932 -96.9885 17.3274 -2.9792 -102.2044 13.5123 -3.0932 -92.3979
5 24 19.8564 2.153 -107.062 20.134 2.153 -112.4127 19.8608 1.2711 -107.0614 19.7994 2.9605 -112.4108
5 24 -10.7515 -1.578 -55.0697 -10.6376 -.7115 -55.0732 -10.3375 -1.578 -59.1563 -9.9475 -.7115 -50.9519
5 24 -17.5257 -2.335 -54.8571 -16.8326 -2.867 -54.8788 -16.9407 -2.335 -60.6835 -15.9228 -2.867 -49.3049
5 24 -6.6286 2.9605 -70.0403 -10.4248 2.9605 -63.8941 -7.1274 3.5785 -70.4051 -10.1241 2.153 -63.7476
5 24 16.6786 2.9605 -127.905 18.4158 2.9605 -122.8813 16.112 3.5785 -127.6583 18.7386 2.153 -122.9694
5 24 2.6298 -.7115 -23.4691 3.7006 -.7115 -18.392 2.4111 .1327 -23.4114 3.5872 -1.578 -18.38
5 24 .7618 -2.9792 -18.0807 .7661 -2.9792 -14 0 -2.5421 -14 1.6235 -3.0932 -18.172
5 24 6.5369 3.5785 -141.2232 9.4222 3.5785 -138.3339 5.9659 3.913 -140.6522 9.8874 2.9605 -138.7407
5 24 18.158 -3.0932 -101.9577 18.9673 -2.8671 -101.7173 17.0407 -2.8671 -96.6203 19.297 -3.0932 -107.1374
5 24 20.765 -2.3349 -117.8579 21.1983 -1.578 -117.9151 21.5442 -1.578 -112.4206 19.6775 -2.3349 -123.2255
5 24 21.6582 -.7115 -112.4213 21.4321 .1327 -112.42 21.1429 .1327 -106.8887 21.3113 -.7115 -117.93
5 24 13.9608 2.153 -92.0552 13.695 2.9605 -92.2583 1.4379 2.9605 -79.4162 16.789 2.153 -96.7423
5 24 12.8351 2.153 -98.6591 10.4692 2.153 -94.7228 12.831 1.271 -98.6611 10.735 2.9605 -94.5198
5 24 8.6847 -1.578 -131.3246 11.6638 -1.578 -125.7212 9.0525 -2.335 -131.5604 11.5591 -.7115 -125.6756
5 24 11.4634 -.7115 -99.3241 11.5661 -1.578 -99.2743 13.0256 -.7115 -103.4819 9.3486 -1.578 -95.579
2 24 18.7429 1.2711 -122.9706 16.9895 1.2711 -128.0404
5 24 12.7689 3.5785 -133.9434 12.0891 3.913 -133.5075 15.3717 3.913 -127.3359 9.4222 3.5785 -138.3339
5 24 15.6734 -2.9792 -127.4673 17.3581 -2.9792 -122.5928 16.4678 -3.0932 -127.8133 16.619 -2.5421 -122.3912
5 24 -2.9466 .8262 -17.6879 -3.4756 .1327 -17.6319 -3.4951 .1327 -14 -3.8327 .8262 -21.7613
5 24 11.9593 -2.335 -99.0837 12.5833 -2.867 -98.7812 10.2469 -2.867 -94.8927 13.5539 -2.335 -103.325
5 24 15.4 3.5785 -102.7768 16.4457 3.5785 -107.5214 16.1741 3.913 -102.5469 15.8331 2.9605 -107.604
5 24 13.3429 -3.0933 -98.4129 10.9177 -3.0933 -94.3802 14.1227 -2.9791 -98.0349 10.2469 -2.867 -94.8927
5 24 -16.9407 -2.335 -60.6835 -17.5257 -2.335 -54.8571 -16.2651 -2.867 -60.5273 -17.9625 -1.578 -54.8434
5 24 10.735 2.9605 -94.5198 10.4692 2.153 -94.7228 13.136 2.9605 -98.5132 -1.5697 2.153 -82.1426
5 24 11.5591 -.7115 -125.6756 8.5886 -.7115 -131.2629 11.7666 .1327 -125.7659 8.6847 -1.578 -131.3246
5 24 -1.3905 3.913 -22.4067 -.4346 3.913 -17.954 -2.1712 3.5785 -22.2004 .4346 3.913 -18.046
5 24 2.6298 -.7115 -23.4691 2.4111 .1327 -23.4114 3.4757 .1327 -18.3681 .9874 -.7115 -28.6651
5 24 9.8874 2.9605 -138.7407 9.4222 3.5785 -138.3339 12.7689 3.5785 -133.9434 6.9738 2.9605 -141.6601
5 24 21.4321 .1327 -112.42 21.1429 .1327 -106.8887 20.9 .8261 -112.417 21.367 -.7115 -106.8585
5 24 -11.9611 -3.0932 -50.3969 -11.1472 -2.8671 -50.6212 -12.7252 -3.0932 -55.0077 -9.4412 -2.8671 -46.3107
5 24 -5.3108 .1327 -69.0765 -5.7403 .8261 -69.3907 -9.4355 .8261 -63.412 2.6476 .1327 -78.3197
5 24 11.8677 3.913 -93.6544 11.2261 3.5785 -94.1446 14.4188 3.913 -97.8914 -.864 3.5785 -81.5029
5 24 7.5484 3.5785 -136.6956 7.0831 2.9605 -136.2887 4.7769 3.5785 -139.4632 10.1534 2.9605 -132.2663
5 24 18.158 -3.0932 -101.9577 19.297 -3.0932 -107.1374 17.3274 -2.9792 -102.2044 20.1337 -2.8671 -107.0247
5 24 -10.1312 -2.867 -72.6018 -9.4498 -3.0933 -72.1035 -13.5666 -3.0933 -65.4253 -1.7771 -2.867 -82.3305
5 24 19.5696 -3.0932 -112.4095 20.4138 -2.8671 -112.4142 19.2406 -3.0932 -117.6568 20.1337 -2.8671 -107.0247
5 24 -10.9652 .8261 -59.3015 -11.7071 1.2711 -59.4731 -9.4355 .8261 -63.412 -12.1565 1.2711 -55.0256
5 24 21.1072 -2.3349 -112.4182 21.5442 -1.578 -112.4206 20.765 -2.3349 -117.8579 21.254 -1.578 -106.8737
5 24 19.5696 -3.0932 -112.4095 19.2406 -3.0932 -117.6568 20.0776 -2.8671 -117.7672 18.7031 -2.9792 -112.4046
5 24 -1.322 2.9605 -81.918 10.735 2.9605 -94.5198 -.864 3.5785 -81.5029 10.4692 2.153 -94.7228
2 24 2.2015 1.2711 -14 2.1893 1.2711 -18.2319
5 24 -8.7504 -2.9791 -71.592 -12.7876 -2.9791 -65.0457 -8.132 -2.5421 -71.1397 -13.5666 -3.0933 -65.4253
5 24 -1.7725 -2.9792 -27.6089 -.9633 -3.0932 -27.9186 -3.8808 -2.9792 -32.2651 .6104 -3.0932 -22.9355
5 24 -8.7504 -2.9791 -71.592 -.5096 -2.9791 -81.1816 -9.4498 -3.0933 -72.1035 .058 -2.5421 -80.6671
5 24 -11.1472 -2.8671 -50.6212 -10.4788 -2.3349 -50.8055 -8.8117 -2.3349 -46.6013 -11.8814 -2.8671 -55.0342
5 24 -6.2388 2.9605 -31.1033 -5.6843 3.5785 -31.3765 -12.8199 3.5785 -44.7511 -4.2275 2.9605 -26.6693
5 24 -17.9625 -1.578 -54.8434 -17.3665 -1.578 -60.782 -18.0765 -.7115 -54.8398 -16.9407 -2.335 -60.6835
5 24 12.2544 .8262 -125.9783 11.7666 .1327 -125.7659 13.2471 .1327 -121.4713 9.2269 .8262 -131.6722
5 24 9.0525 -2.335 -131.5604 9.6363 -2.867 -131.9347 6.0987 -2.335 -135.4279 12.7002 -2.867 -126.1725
5 24 -4.033 -2.335 -21.7084 -3.3626 -2.867 -21.8855 -2.463 -2.867 -17.7391 -5.4488 -2.335 -26.2019
5 24 -16.3916 .8262 -49.1757 -16.9044 .1327 -49.0343 -17.3186 .8262 -54.8636 -14.8633 .1327 -43.8078
5 24 -15.0645 3.5785 -60.2496 -15.6666 2.9605 -60.3888 -16.2186 2.9605 -54.8981 -13.2177 3.5785 -65.2553
5 24 -8.4848 3.913 -71.3977 -.2658 3.913 -80.9606 -7.7793 3.913 -70.8818 -.864 3.5785 -81.5029
5 24 14.6635 .1327 -135.1583 18.1755 .1327 -128.5569 14.2156 .8261 -134.871 18.3828 -.7115 -128.6472
5 24 16.6786 2.9605 -127.905 13.2891 2.9605 -134.277 16.9853 2.153 -128.0386 12.7689 3.5785 -133.9434
5 24 -5.2553 .8262 -26.2759 -4.5441 1.271 -26.5481 -6.5429 1.271 -30.9535 -3.8327 .8262 -21.7613
5 24 -6.5429 1.271 -30.9535 -7.226 .8262 -30.6169 -5.2553 .8262 -26.2759 -13.6889 1.271 -44.3499
5 24 -9 .8261 -46.5145 -9.6912 1.2711 -46.1954 -2.5931 1.2711 -32.8995 -10.6785 .8261 -50.7504
5 24 17.4782 .8261 -96.4082 16.793 1.2711 -96.7403 19.4334 .8261 -101.5789 13.9644 1.2711 -92.0525
5 24 17.8197 3.5785 -122.7187 18.8558 3.5785 -117.606 17.0406 3.913 -122.5062 19.4685 2.9605 -117.6868
5 24 -14.0739 2.153 -65.6726 -14.078 1.271 -65.6746 -9.9053 2.153 -72.4366 -15.997 1.271 -60.4652
5 24 15.2052 3.913 -97.5101 12.5623 3.913 -93.1237 14.4188 3.913 -97.8914 13.2039 3.5785 -92.6335
5 24 10.3499 -2.8671 -139.1451 10.8719 -2.3349 -139.6015 7.4082 -2.8671 -142.0945 14.39 -2.3349 -134.9829
5 24 20.1603 -.7115 -101.363 19.9435 .1327 -101.4274 21.367 -.7115 -106.8585 17.9571 .1327 -96.176
5 24 -.864 3.5785 -81.5029 -1.322 2.9605 -81.918 -9.6354 2.9605 -72.2392 11.2261 3.5785 -94.1446
5 24 6.1986 -2.9792 -140.8848 9.062 -2.9792 -138.019 6.8113 -3.0932 -141.4976 8.4853 -2.5421 -137.5147
5 24 -3.092 2.153 -21.957 -2.1847 2.153 -17.7686 -3.0965 1.271 -21.9558 -1.8522 2.9605 -17.8038
5 24 -2.8962 3.913 -27.1788 -3.6503 3.5785 -26.8902 -2.1712 3.5785 -22.2004 -4.96 3.913 -31.7333
5 24 -7.4118 -2.335 -30.5254 -5.4488 -2.335 -26.2019 -5.8569 -1.578 -26.0457 -6.7898 -2.867 -30.8319
5 24 2.5196 -1.578 -23.44 2.6298 -.7115 -23.4691 3.7006 -.7115 -18.392 .881 -1.578 -28.6244
5 24 1.6891 1.2711 -79.1885 1.6858 2.153 -79.1915 13.9644 1.2711 -92.0525 -6.3586 2.153 -69.8428
5 24 -3.8808 -2.9792 -32.2651 -4.568 -2.5421 -31.9265 -1.7725 -2.9792 -27.6089 -11.69 -2.5421 -45.2726
5 24 -14.7626 .8262 -66.0082 -16.7389 .8262 -60.6368 -15.997 1.271 -60.4652 -15.2408 .1327 -66.2413
5 24 9.0525 -2.335 -131.5604 6.0987 -2.335 -135.4279 8.6847 -1.578 -131.3246 6.6207 -2.867 -135.8844
5 24 19.1815 3.5785 -112.4073 18.374 3.913 -112.4027 18.1121 3.913 -107.297 18.8558 3.5785 -117.606
5 24 13.4742 -3.0933 -126.5096 14.2686 -2.9791 -126.8555 10.3469 -3.0933 -132.3904 15.8799 -2.9791 -122.1896
5 24 14.442 .1327 -112.3805 14.157 .1327 -116.986 14.974 .8262 -112.3835 13.9326 -.7115 -116.9564
5 24 -17.4777 -.7115 -60.8077 -15.4442 -.7115 -66.3404 -17.2572 .1327 -60.7567 -15.3416 -1.578 -66.2904
5 24 14.5703 3.913 -126.9869 13.83 3.5785 -126.6645 15.4184 3.5785 -122.0637 11.3534 3.913 -133.0358
5 24 -3.092 2.153 -21.957 -3.0965 1.271 -21.9558 -4.5398 2.153 -26.5498 -2.1893 1.271 -17.7681
5 24 .9874 -.7115 -28.6651 2.6298 -.7115 -23.4691 2.5196 -1.578 -23.44 .7763 .1327 -28.5843
5 24 14.487 2.153 -103.0479 15.5017 2.153 -107.6486 14.8076 2.9605 -102.9527 15.4971 1.271 -107.6492
5 24 .7763 .1327 -28.5843 2.4111 .1327 -23.4114 2.6298 -.7115 -23.4691 .2793 .8261 -28.3941
5 24 -3.1035 -3.0932 -32.648 -3.8808 -2.9792 -32.2651 -10.9945 -2.9792 -45.5937 -.9633 -3.0932 -27.9186
5 24 -10.1241 2.153 -63.7476 -6.3586 2.153 -69.8428 -10.12 1.2711 -63.7456 -6.6286 2.9605 -70.0403
5 24 17.2419 -2.8671 -128.1503 17.8776 -2.3349 -128.4272 13.8063 -2.8671 -134.6086 19.6775 -2.3349 -123.2255
5 24 -3.8327 .8262 -21.7613 -2.9466 .8262 -17.6879 -2.1893 1.271 -17.7681 -4.3471 .1327 -21.6254
5 24 -15.4426 -3.0933 -60.337 -14.5984 -2.9791 -60.1418 -13.5666 -3.0933 -65.4253 -15.1227 -2.9791 -54.9325
5 24 20.134 2.153 -112.4127 19.8001 2.153 -117.7306 19.4685 2.9605 -117.6868 20.1385 1.2711 -112.4127
5 24 1.2376 3.5785 -18.1311 1.2445 3.5785 -14 1.8625 2.9605 -14 .4346 3.913 -18.046
5 24 5.3478 3.913 -140.0341 8.1563 3.913 -137.227 4.7769 3.5785 -139.4632 8.8143 3.913 -137.8024
5 24 -8.7539 -.7115 -63.0798 -5.1283 -.7115 -68.9431 -8.8563 -1.578 -63.1297 -5.3108 .1327 -69.0765
5 24 16.6926 3.5785 -112.3932 16.4457 3.5785 -107.5214 16.0745 2.9605 -112.3897 17.2459 3.913 -107.4137
5 24 14.2156 .8261 -134.871 13.5745 1.2711 -134.46 10.7159 .8261 -139.4651 16.9895 1.2711 -128.0404
5 24 -13.3811 2.9605 -44.492 -6.2388 2.9605 -31.1033 -13.6847 2.153 -44.3518 -5.6843 3.5785 -31.3765
5 24 -5.7522 .1327 -26.0858 -5.2553 .8262 -26.2759 -7.226 .8262 -30.6169 -4.3471 .1327 -21.6254
5 24 -5.2553 .8262 -26.2759 -7.226 .8262 -30.6169 -4.5441 1.271 -26.5481 -7.7032 .1327 -30.3818
5 24 -11.417 2.153 -50.5469 -12.1611 2.153 -55.0254 -11.4126 1.2711 -50.5481 -12.4954 2.9605 -55.0149
5 24 1.8967 .8261 -23.2754 2.9466 .8261 -18.3121 1.1605 1.2711 -23.0808 3.4757 .1327 -18.3681
5 24 19.8564 2.153 -107.062 19.5248 2.9605 -107.1067 18.3784 2.9605 -101.8922 20.134 2.153 -112.4127
5 24 10.8719 -2.3349 -139.6015 11.2009 -1.578 -139.8892 14.7579 -1.578 -135.2188 7.8985 -2.3349 -142.5848
5 24 -12.4954 2.9605 -55.0149 -13.1131 3.5785 -54.9956 -12.3352 3.5785 -50.2938 -12.0374 2.9605 -59.5495
5 24 17.3274 -2.9792 -102.2044 15.5013 -2.9792 -97.3665 18.158 -3.0932 -101.9577 14.812 -2.5421 -97.7007
5 24 -3.5872 -1.578 -17.6201 -3.1526 -2.335 -17.6661 -4.4555 -1.578 -21.5967 -3.1703 -2.335 -14
5 24 10.1392 2.153 -138.9609 9.8874 2.9605 -138.7407 13.2891 2.9605 -134.277 7.2104 2.153 -141.8967
5 24 -10.2077 -3.0932 -45.9569 -11.9611 -3.0932 -50.3969 -11.1472 -2.8671 -50.6212 -10.9945 -2.9792 -45.5937
5 24 -1.4327 .1327 -33.4712 -1.2299 -.7115 -33.5711 -8.3113 -.7115 -46.8323 .7763 .1327 -28.5843
5 24 -2.5931 1.2711 -32.8995 -1.91 .8261 -33.236 -9 .8261 -46.5145 -.4319 1.2711 -28.1219
5 24 -1.6235 -3.0933 -17.828 -.7618 -2.9791 -17.9193 -.7661 -2.9791 -14 -2.5464 -3.0933 -22.1012
5 24 -5.8569 -1.578 -26.0457 -4.4555 -1.578 -21.5967 -5.4488 -2.335 -26.2019 -4.5658 -.7115 -21.5675
5 24 21.4321 .1327 -112.42 20.9 .8261 -112.417 21.0871 .1327 -117.9004 20.6155 .8261 -106.9598
5 24 -11.4104 -2.9792 -64.3745 -10.6314 -3.0932 -63.9948 -7.5136 -2.9792 -70.6875 -12.2614 -3.0932 -59.6013
5 24 13.5539 -2.335 -103.325 11.9593 -2.335 -99.0837 14.2187 -2.867 -103.1276 11.5661 -1.578 -99.2743
5 24 1.8521 2.9605 -18.1962 1.8625 2.9605 -14 1.2376 3.5785 -18.1311 2.197 2.153 -14
5 24 -.968 -2.5421 -22.5183 -.2274 -2.9792 -22.7141 .7618 -2.9792 -18.0807 -2.488 -2.5421 -27.335
2 24 12.215 -2.5421 -93.389 .058 -2.5421 -80.6671
5 24 -1.2375 3.5785 -17.8689 -1.2445 3.5785 -14 -.437 3.913 -14 -1.8522 2.9605 -17.8038
5 24 .058 -2.5421 -80.6671 .6256 -2.9792 -80.1526 -7.5136 -2.9792 -70.6875 12.215 -2.5421 -93.389
5 24 -1.7242 -2.3349 -33.3276 -2.3462 -2.8671 -33.0211 -9.4412 -2.8671 -46.3107 .4728 -2.3349 -28.4682
5 24 -12.1611 2.153 -55.0254 -12.4954 2.9605 -55.0149 -11.7115 2.153 -59.4741 -11.7395 2.9605 -50.458
5 24 16.2811 -3.0932 -96.9885 18.158 -3.0932 -101.9577 15.5013 -2.9792 -97.3665 18.9673 -2.8671 -101.7173
5 24 3.1526 -2.3349 -18.3339 3.1702 -2.3349 -14 3.5872 -1.578 -18.38 2.4768 -2.8671 -14
5 24 -4.3471 .1327 -21.6254 -4.5658 -.7115 -21.5675 -5.7522 .1327 -26.0858 -3.7007 -.7115 -17.608
5 24 -13.1131 3.5785 -54.9956 -13.9202 3.913 -54.9702 -13.1137 3.913 -50.0792 -12.6395 3.5785 -59.6887
5 24 19.5248 2.9605 -107.1067 18.9124 3.5785 -107.1892 17.786 3.5785 -102.0682 19.7994 2.9605 -112.4108
5 24 -15.1089 -3.0933 -49.5292 -13.1723 -3.0933 -44.5884 -13.9388 -2.867 -44.2345 -14.2735 -2.9791 -49.7595
5 24 -14.2735 -2.9791 -49.7595 -12.3855 -2.9791 -44.9516 -13.535 -2.5421 -49.9631 -13.1723 -3.0933 -44.5884
5 24 -10.4467 .1327 -59.1816 -10.9652 .8261 -59.3015 -11.3954 .8261 -55.0495 -8.9571 .1327 -63.1788
5 24 13.6922 3.5785 -98.2436 13.136 2.9605 -98.5132 10.735 2.9605 -94.5198 15.4 3.5785 -102.7768
5 24 15.172 -.7115 -91.1298 18.1605 -.7115 -96.0774 15.0814 -1.578 -91.1991 17.9571 .1327 -96.176
5 24 8.4853 -2.5421 -137.5147 9.062 -2.9792 -138.019 12.3661 -2.9792 -133.6852 5.6569 -2.5421 -140.3431
5 24 -1.8522 2.9605 -17.8038 -2.1847 2.153 -17.7686 -2.197 2.153 -14 -2.7687 2.9605 -22.0425
5 24 10.3499 -2.8671 -139.1451 13.8063 -2.8671 -134.6086 10.8719 -2.3349 -139.6015 13.0956 -3.0932 -134.1529
5 24 17.1709 -2.9791 -112.3959 17.937 -2.5421 -112.4003 16.8625 -2.9791 -117.343 17.679 -2.5421 -107.3553
5 24 9.8718 2.153 -132.0858 9.868 1.271 -132.0833 12.9525 1.271 -126.2824 6.8314 2.153 -136.0686
5 24 1.6858 2.153 -79.1915 13.9608 2.153 -92.0552 1.6891 1.2711 -79.1885 13.695 2.9605 -92.2583
5 24 9.6958 -2.335 -95.3137 -2.2909 -2.335 -82.7962 10.2469 -2.867 -94.8927 -2.6146 -1.578 -83.0897
5 24 -10.4248 2.9605 -63.8941 -10.9803 3.5785 -64.1649 -12.6395 3.5785 -59.6887 -6.6286 2.9605 -70.0403
5 24 -13.7733 2.9605 -65.5261 -14.0739 2.153 -65.6726 -9.6354 2.9605 -72.2392 -15.9925 2.153 -60.4642
5 24 17.786 3.5785 -102.0682 15.9319 3.5785 -97.1578 17.0119 3.913 -102.2981 16.4879 2.9605 -96.8883
2 24 15.4394 1.271 -117.1552 15.7355 1.271 -112.3878
5 24 15.8799 -2.9791 -122.1896 14.2686 -2.9791 -126.8555 15.0439 -3.0933 -121.9615 14.971 -2.5421 -127.1614
5 24 -16.9044 .1327 -49.0343 -17.8504 .1327 -54.8469 -18.0765 -.7115 -54.8398 -16.3916 .8262 -49.1757
5 24 -11.4104 -2.9792 -64.3745 -13.1056 -2.9792 -59.7965 -10.6314 -3.0932 -63.9948 -13.852 -2.5421 -59.9691
5 24 17.0407 -2.8671 -96.6203 14.1832 -2.8671 -91.8853 13.5123 -3.0932 -92.3979 17.6647 -2.3349 -96.3178
5 24 16.9895 1.2711 -128.0404 16.9853 2.153 -128.0386 18.7386 2.153 -122.9694 13.5745 1.2711 -134.46
5 24 -1.6235 -3.0933 -17.828 -1.6326 -3.0933 -14 -2.4768 -2.867 -14 -.7618 -2.9791 -17.9193
2 24 17.679 -2.5421 -107.3553 17.937 -2.5421 -112.4003
5 24 13.2471 .1327 -121.4713 14.157 .1327 -116.986 13.0288 -.7115 -121.4118 14.6844 .8262 -117.0556
5 24 -10.6314 -3.0932 -63.9948 -6.8142 -3.0932 -70.176 -11.4104 -2.9792 -64.3745 -6.1327 -2.8671 -69.6777
5 24 9.8718 2.153 -132.0858 12.9568 2.153 -126.2842 9.868 1.271 -132.0833 13.2634 2.9605 -126.4178
5 24 12.3661 -2.9792 -133.6852 13.0956 -3.0932 -134.1529 9.062 -2.9792 -138.019 16.4678 -3.0932 -127.8133
5 24 19.9435 .1327 -101.4274 17.9571 .1327 -96.176 18.1605 -.7115 -96.0774 19.4334 .8261 -101.5789
5 24 5.6838 -.7115 -135.0652 8.5886 -.7115 -131.2629 5.7697 -1.578 -135.1403 8.7791 .1327 -131.3851
5 24 3.5872 -1.578 -18.38 3.7006 -.7115 -18.392 3.7213 -.7115 -14 2.5196 -1.578 -23.44
2 24 -14.078 1.271 -65.6746 -15.997 1.271 -60.4652
5 24 -2.7687 2.9605 -22.0425 -1.8522 2.9605 -17.8038 -1.2375 3.5785 -17.8689 -3.092 2.153 -21.957
5 24 10.7159 .8261 -139.4651 14.2156 .8261 -134.871 10.1426 1.2711 -138.9639 14.6635 .1327 -135.1583
5 24 14.487 2.153 -103.0479 14.4825 1.271 -103.0493 12.831 1.271 -98.6611 15.5017 2.153 -107.6486
5 24 .6104 -3.0932 -22.9355 -.9633 -3.0932 -27.9186 -.1748 -2.8671 -28.2203 -.2274 -2.9792 -22.7141
5 24 16.6786 2.9605 -127.905 16.112 3.5785 -127.6583 17.8197 3.5785 -122.7187 13.2891 2.9605 -134.277
5 24 13.2634 2.9605 -126.4178 12.9568 2.153 -126.2842 14.4995 2.153 -121.813 10.1534 2.9605 -132.2663
5 24 -7.226 .8262 -30.6169 -7.7032 .1327 -30.3818 -5.7522 .1327 -26.0858 -14.3803 .8262 -44.0307
5 24 -2.7687 2.9605 -22.0425 -3.092 2.153 -21.957 -4.2275 2.9605 -26.6693 -2.1847 2.153 -17.7686
5 24 11.5661 -1.578 -99.2743 13.1351 -1.578 -103.4495 11.4634 -.7115 -99.3241 13.5539 -2.335 -103.325
5 24 15.4184 3.5785 -122.0637 14.8221 2.9605 -121.901 15.7755 2.9605 -117.1995 13.83 3.5785 -126.6645
5 24 -9.9053 2.153 -72.4366 -14.0739 2.153 -65.6726 -9.9091 1.271 -72.4393 -13.7733 2.9605 -65.5261
5 24 11.2261 3.5785 -94.1446 -.864 3.5785 -81.5029 -.2658 3.913 -80.9606 10.735 2.9605 -94.5198
5 24 19.7994 2.9605 -112.4108 19.1815 3.5785 -112.4073 19.4685 2.9605 -117.6868 18.9124 3.5785 -107.1892
2 24 16.9895 1.2711 -128.0404 13.5745 1.2711 -134.46
5 24 -.5096 -2.9791 -81.1816 .058 -2.5421 -80.6671 -8.132 -2.5421 -71.1397 11.6063 -2.9791 -93.8541
5 24 -16.2186 2.9605 -54.8981 -15.3306 2.9605 -49.4682 -16.5529 2.153 -54.8876 -14.7347 3.5785 -49.6324
5 24 -15.6009 3.5785 -54.9175 -16.2186 2.9605 -54.8981 -15.3306 2.9605 -49.4682 -15.0645 3.5785 -60.2496
5 24 -15.0687 -.7115 -43.7129 -7.9062 -.7115 -30.2818 -14.9651 -1.578 -43.7608 -7.7032 .1327 -30.3818
5 24 11.1165 .1327 -139.8154 14.6635 .1327 -135.1583 10.7159 .8261 -139.4651 14.8539 -.7115 -135.2803
5 24 -3.7007 -.7115 -17.608 -3.5872 -1.578 -17.6201 -4.5658 -.7115 -21.5675 -3.6072 -1.578 -14
5 24 16.4879 2.9605 -96.8883 18.3784 2.9605 -101.8922 16.789 2.153 -96.7423 17.786 3.5785 -102.0682
5 24 13.8063 -2.8671 -134.6086 14.39 -2.3349 -134.9829 17.8776 -2.3349 -128.4272 10.3499 -2.8671 -139.1451
5 24 14.971 -2.5421 -127.1614 15.6734 -2.9792 -127.4673 17.3581 -2.9792 -122.5928 11.7213 -2.5421 -133.2717
5 24 12.0891 3.913 -133.5075 15.3717 3.913 -127.3359 11.3534 3.913 -133.0358 16.112 3.5785 -127.6583
5 24 13.5707 2.153 -134.4576 13.2891 2.9605 -134.277 16.6786 2.9605 -127.905 10.1392 2.153 -138.9609
5 24 16.1974 3.913 -122.2762 15.4184 3.5785 -122.0637 14.5703 3.913 -126.9869 16.3882 3.5785 -117.2804
5 24 -12.3352 3.5785 -50.2938 -13.1137 3.913 -50.0792 -11.2932 3.913 -45.4558 -13.1131 3.5785 -54.9956
5 24 -14.3803 .8262 -44.0307 -14.8633 .1327 -43.8078 -7.7032 .1327 -30.3818 -16.3916 .8262 -49.1757
5 24 9.6363 -2.867 -131.9347 10.3469 -3.0933 -132.3904 6.6207 -2.867 -135.8844 13.4742 -3.0933 -126.5096
5 24 17.937 -2.5421 -112.4003 18.7031 -2.9792 -112.4046 17.622 -2.5421 -117.4432 18.4382 -2.9792 -107.253
5 24 19.0085 -2.8671 -123.043 17.2419 -2.8671 -128.1503 18.1941 -3.0932 -122.8209 17.8776 -2.3349 -128.4272
5 24 1.4266 -2.8671 -23.1512 2.097 -2.3349 -23.3283 -.1748 -2.8671 -28.2203 3.1526 -2.3349 -18.3339
5 24 -10.691 -2.335 -73.0112 -10.1312 -2.867 -72.6018 -14.3255 -2.867 -65.7952 -2.2909 -2.335 -82.7962
2 24 -1.5732 1.271 -82.1457 -9.9091 1.271 -72.4393
5 24 17.679 -2.5421 -107.3553 18.4382 -2.9792 -107.253 17.3274 -2.9792 -102.2044 17.937 -2.5421 -112.4003
5 24 19.1815 3.5785 -112.4073 18.8558 3.5785 -117.606 19.7994 2.9605 -112.4108 18.0553 3.913 -117.5004
5 24 14.487 2.153 -103.0479 12.8351 2.153 -98.6591 14.4825 1.271 -103.0493 13.136 2.9605 -98.5132
5 24 13.4742 -3.0933 -126.5096 15.0439 -3.0933 -121.9615 14.2295 -2.867 -121.7393 14.2686 -2.9791 -126.8555
5 24 .9874 -.7115 -28.6651 .7763 .1327 -28.5843 -1.2299 -.7115 -33.5711 2.4111 .1327 -23.4114
5 24 15.7401 2.153 -112.3879 15.4439 2.153 -117.1558 16.0745 2.9605 -112.3897 15.4394 1.271 -117.1552
5 24 9.0525 -2.335 -131.5604 12.0644 -2.335 -125.8956 9.6363 -2.867 -131.9347 11.6638 -1.578 -125.7212
5 24 17.2459 3.913 -107.4137 16.1741 3.913 -102.5469 17.0119 3.913 -102.2981 16.4457 3.5785 -107.5214
5 24 19.4685 2.9605 -117.6868 19.7994 2.9605 -112.4108 18.8558 3.5785 -117.606 20.134 2.153 -112.4127
5 24 14.974 .8262 -112.3835 14.442 .1327 -112.3805 14.2152 .1327 -107.8219 14.6844 .8262 -117.0556
5 24 -8.4848 3.913 -71.3977 -9.1365 3.5785 -71.8744 -13.2177 3.5785 -65.2553 -.2658 3.913 -80.9606
5 24 -5.7403 .8261 -69.3907 -6.355 1.2711 -69.8402 -10.12 1.2711 -63.7456 2.2533 .8261 -78.6771
5 24 2.4068 -2.3349 -78.5379 -5.5731 -2.3349 -69.2683 2.7307 -1.578 -78.2444 -6.1327 -2.8671 -69.6777
5 24 15.8331 2.9605 -107.604 15.5017 2.153 -107.6486 14.487 2.153 -103.0479 16.0745 2.9605 -112.3897
5 24 17.8776 -2.3349 -128.4272 18.2783 -1.578 -128.6017 20.0991 -1.578 -123.3406 14.39 -2.3349 -134.9829
5 24 -10.3375 -1.578 -59.1563 -10.2264 -.7115 -59.1306 -10.6376 -.7115 -55.0732 -8.8563 -1.578 -63.1297
5 24 -.4346 3.913 -17.954 -.437 3.913 -14 -1.2375 3.5785 -17.8689 .437 3.913 -14
5 24 -5.4488 -2.335 -26.2019 -4.8012 -2.867 -26.4497 -3.3626 -2.867 -21.8855 -7.4118 -2.335 -30.5254
5 24 2.4111 .1327 -23.4114 3.4757 .1327 -18.3681 1.8967 .8261 -23.2754 3.7006 -.7115 -18.392
5 24 17.1709 -2.9791 -112.3959 16.9198 -2.9791 -107.4576 16.061 -3.0933 -107.5733 17.937 -2.5421 -112.4003
5 24 16.112 3.5785 -127.6583 15.3717 3.913 -127.3359 17.0406 3.913 -122.5062 12.7689 3.5785 -133.9434
5 24 14.39 -2.3349 -134.9829 17.8776 -2.3349 -128.4272 14.7579 -1.578 -135.2188 17.2419 -2.8671 -128.1503
5 24 -9.1365 3.5785 -71.8744 -13.2177 3.5785 -65.2553 -9.6354 2.9605 -72.2392 -12.4919 3.913 -64.9016
5 24 -7.4118 -2.335 -30.5254 -14.5684 -2.335 -43.9439 -7.8038 -1.578 -30.3323 -13.9388 -2.867 -44.2345
5 24 -7.7032 .1327 -30.3818 -7.9062 -.7115 -30.2818 -5.9635 -.7115 -26.0049 -14.8633 .1327 -43.8078
5 24 -14.8633 .1327 -43.8078 -7.7032 .1327 -30.3818 -15.0687 -.7115 -43.7129 -7.226 .8262 -30.6169
5 24 -13.535 -2.5421 -49.9631 -12.7965 -2.9792 -50.1666 -10.9945 -2.9792 -45.5937 -14.357 -2.5421 -54.9565
5 24 20.5596 .8261 -117.8308 19.8046 1.2711 -117.7312 20.1385 1.2711 -112.4127 19.4776 .8261 -123.171
5 24 1.8521 2.9605 -18.1962 1.2376 3.5785 -18.1311 1.2445 3.5785 -14 .8327 2.9605 -22.9942
5 24 .6104 -3.0932 -22.9355 1.4266 -2.8671 -23.1512 -.9633 -3.0932 -27.9186 2.4631 -2.8671 -18.2609
5 24 5.7697 -1.578 -135.1403 8.6847 -1.578 -131.3246 8.5886 -.7115 -131.2629 6.0987 -2.335 -135.4279
5 24 -11.0437 -1.578 -73.2691 -10.691 -2.335 -73.0112 -2.6146 -1.578 -83.0897 -14.9488 -2.335 -66.099
5 24 .2793 .8261 -28.3941 1.8967 .8261 -23.2754 -.4319 1.2711 -28.1219 2.4111 .1327 -23.4114
5 24 21.6582 -.7115 -112.4213 21.367 -.7115 -106.8585 21.254 -1.578 -106.8737 21.4321 .1327 -112.42
5 24 -15.6574 1.271 -49.3781 -16.3916 .8262 -49.1757 -14.3803 .8262 -44.0307 -16.5575 1.271 -54.8875
5 24 -12.2614 -3.0932 -59.6013 -11.4389 -2.8671 -59.411 -10.6314 -3.0932 -63.9948 -11.8814 -2.8671 -55.0342
5 24 15.4 3.5785 -102.7768 14.8076 2.9605 -102.9527 16.4457 3.5785 -107.5214 13.136 2.9605 -98.5132
5 24 -9 .8261 -46.5145 -1.91 .8261 -33.236 -9.6912 1.2711 -46.1954 -1.4327 .1327 -33.4712
5 24 1.1605 1.2711 -23.0808 1.1561 2.153 -23.0797 2.1848 2.153 -18.2314 -.4319 1.2711 -28.1219
5 24 14.442 .1327 -112.3805 14.2152 .1327 -107.8219 14.2157 -.7115 -112.3793 14.7424 .8262 -107.7509
5 24 -10.4248 2.9605 -63.8941 -12.0374 2.9605 -59.5495 -10.9803 3.5785 -64.1649 -11.7115 2.153 -59.4741
5 24 14.1832 -2.8671 -91.8853 1.8931 -2.8671 -79.0036 14.7341 -2.3349 -91.4644 1.2676 -3.0932 -79.5706
5 24 13.7604 .8262 -121.6114 13.2471 .1327 -121.4713 12.2544 .8262 -125.9783 14.157 .1327 -116.986