0 Figure Micro Doll Body with Magenta Short Dress, Dark Turquoise Shirt and Gold Sash with Star Pattern
0 Name: 69969p01.dat
0 Author: Philippe Hurbain [Philo]
0 !LDRAW_ORG Unofficial_Part
0 !LICENSE Licensed under CC BY 4.0 : see CAreadme.txt

0 !HELP Head at Y=-66.8, Z=1.5
0 !HELP Accessory at X=+/-15.5 , Y-21.2

0 BFC CERTIFY CCW

0 !CATEGORY Figure
0 !KEYWORDS Band, belt, Bricklink 69969pb18, Imani, Rebrickable 69969pr0037
0 !KEYWORDS Set 42639, spots

1 26 0 0 0 1 0 0 0 1 0 0 0 1 s\69969s00.dat
1 16 0 0 0 1 0 0 0 1 0 0 0 1 s\69969s02.dat
0 // arm front
1 3 0 0 0 1 0 0 0 1 0 0 0 1 s\69969s03.dat
1 3 0 0 0 -1 0 0 0 1 0 0 0 1 s\69969s03.dat
0 // Front
4 26 -5.782 -32.784 -2.679 -6.099 -30.301 -3.166 -4.8486 -30.3805 -4.1843 -4.7602 -30.4909 -4.2246
3 82 -4.189 -27.5254 -5.5122 -4.198 -27.413 -5.535 -4.125 -27.4827 -5.5471
3 26 -4.9149 -37.7811 -.7801 -4.789 -37.8912 -.7789 -5.077 -38.463 -.208
3 26 -6.125 -37.613 -.024 -5.719 -36.566 -1.144 -5.077 -38.463 -.208
3 26 -6.125 -37.613 -.024 -5.077 -38.463 -.208 -6.325 -38.23 1.435
3 26 -6.325 -38.23 1.435 -5.077 -38.463 -.208 -5.219 -39.089 1.458
4 26 -5.077 -38.463 -.208 -3.9645 -38.4912 -.7623 -3.7219 -38.6206 -.7557 -3.6956 -39.335 -.0308
3 26 -5.077 -38.463 -.208 -3.6956 -39.335 -.0308 -5.219 -39.089 1.458
3 26 -5.219 -39.089 1.458 -3.6956 -39.335 -.0308 -4 -39.671 1.5
3 26 -6.53 -28.247 -3.198 -5.724 -27.014 -4.007 -6.439 -28.754 -3.257
3 26 -6.51 -24.41 -3.445 -5.9311 -22.8473 -5.106 -5.8869 -22.9798 -5.1168
4 26 -3.6778 -22.1404 -6.5577 -3.7882 -22.0962 -6.5115 -3.7219 -21.2567 -6.6246 -3.5231 -21.323 -6.709
3 26 -1.9325 -20.2626 -7.4203 -2.1314 -20.2847 -7.4022 -2.403 -18.602 -7.411
3 26 -3.1697 -20.2847 -6.954 -3.1917 -20.6823 -6.9192 -3.9055 -20.8636 -6.5794
3 26 -7.7 -19.245 -3.238 -6.718 -19.116 -5.878 -7.106 -21.493 -3.324
3 82 -4.1555 -27.0005 -5.6243 -4.198 -27.413 -5.535 -4.3577 -27.0005 -5.4985
4 26 -5.6558 -25.5475 -4.5694 -5.4893 -25.6308 -4.723 -5.1579 -25.8738 -5.0027 -5.5997 -26.3598 -4.36
3 26 -6.51 -24.41 -3.445 -5.724 -27.014 -4.007 -6.583 -26.932 -2.769
3 26 -6.692 -27.779 -2.966 -6.583 -26.932 -2.769 -5.724 -27.014 -4.007
3 26 -6.692 -27.779 -2.966 -5.724 -27.014 -4.007 -6.53 -28.247 -3.198
3 26 3.91 -32.833 -4.014 3.9242 -33.195 -3.8355 3.6578 -33.204 -3.9258
4 26 5.719 -36.566 -1.144 4.7108 -34.4854 -2.7436 4.7833 -33.1198 -3.2618 5.782 -32.784 -2.679
4 26 4.8054 -30.0933 -4.3016 4.6286 -30.1154 -4.4444 3.981 -30.118 -4.987 6.439 -28.754 -3.257
3 26 6.439 -28.754 -3.257 3.981 -30.118 -4.987 5.2693 -29.3422 -4.0968
3 26 1.727 -29.772 -5.945 1.7407 -29.4011 -6.0283 2.1464 -29.3716 -5.8754
4 26 4.7108 -34.4854 -2.7436 5.719 -36.566 -1.144 4.7419 -36.484 -1.7872 4.6507 -35.6162 -2.2506
3 26 5.719 -36.566 -1.144 5.077 -38.463 -.208 5.0925 -37.759 -.6889
3 26 5.719 -36.566 -1.144 6.125 -37.613 -.024 5.077 -38.463 -.208
3 26 5.077 -38.463 -.208 6.125 -37.613 -.024 6.325 -38.23 1.435
3 26 5.077 -38.463 -.208 6.325 -38.23 1.435 5.219 -39.089 1.458
4 26 1.5308 -37.948 -2.1956 2.9482 -37.4015 -2.0183 3.2653 -37.7717 -1.6549 2.8284 -38.52 -1.3284
4 26 1.6471 -36.6924 -2.8982 2.0727 -36.834 -2.6705 2.5352 -37.0782 -2.3696 1.5308 -37.948 -2.1956
3 26 3.6956 -39.335 -.0308 5.077 -38.463 -.208 5.219 -39.089 1.458
3 26 3.6956 -39.335 -.0308 5.219 -39.089 1.458 4 -39.671 1.5
4 26 6.439 -28.754 -3.257 5.4807 -28.1806 -4.2311 5.5846 -27.0504 -4.1465 5.724 -27.014 -4.007
3 26 5.724 -27.014 -4.007 6.53 -28.247 -3.198 6.439 -28.754 -3.257
3 26 7.106 -21.493 -3.324 6.185 -20.933 -5.574 6.718 -19.116 -5.878
3 26 6.185 -20.933 -5.574 7.106 -21.493 -3.324 6.51 -24.41 -3.445
3 26 5.7332 -22.3613 -5.4951 5.6227 -22.1624 -5.6121 6.185 -20.933 -5.574
3 26 6.185 -20.933 -5.574 5.3797 -21.3672 -5.8838 5.2693 -21.3009 -5.9385
4 26 3.812 -23.665 -6.346 2.162 -20.719 -7.391 2.8171 -21.1904 -7.0449 3.3915 -22.6043 -6.6429
3 26 2.0564 -20.6133 -7.4024 1.4553 -20.0117 -7.4675 2.403 -18.602 -7.411
3 26 3.1706 -20.2847 -6.9536 3.2148 -20.3289 -6.9305 2.162 -20.719 -7.391
3 26 4.411 -18.687 -6.553 6.718 -19.116 -5.878 6.185 -20.933 -5.574
3 26 4.2973 -20.7265 -6.418 4.1868 -20.7486 -6.4643 4.411 -18.687 -6.553
3 26 6.718 -19.116 -5.878 7.7 -19.245 -3.238 7.106 -21.493 -3.324
3 26 5.724 -27.014 -4.007 6.51 -24.41 -3.445 6.583 -26.932 -2.769
3 26 6.583 -26.932 -2.769 6.692 -27.779 -2.966 5.724 -27.014 -4.007
3 26 5.724 -27.014 -4.007 6.692 -27.779 -2.966 6.53 -28.247 -3.198
4 26 -2.6596 -34.6723 -3.5764 -3.1949 -33.885 -3.7637 -2.5732 -33.9372 -3.9559 -2.6439 -34.5939 -3.6192
4 26 3.812 -23.665 -6.346 4.0365 -25.845 -5.8743 3.6124 -24.9239 -6.208 3.6124 -24.7472 -6.2388
4 26 2.9497 -25.9843 -6.2935 2.7288 -26.0064 -6.3798 3.2148 -24.8134 -6.3895 3.2148 -24.946 -6.3664
3 26 2.1765 -22.0741 -7.1962 2.1102 -22.2066 -7.2031 2.152 -20.8836 -7.3719
3 26 3.6563 -37.102 -1.9471 3.4874 -36.7664 -2.2316 4.051 -36.426 -2.242
4 26 3.981 -30.118 -4.987 3.5241 -30.4026 -5.0477 3.3473 -30.4467 -5.096 2.6404 -30.0712 -5.497
3 26 2.1544 -30.0049 -5.7004 2.0881 -30.1375 -5.6748 1.727 -29.772 -5.945
4 26 2.2427 -30.4909 -5.485 2.2869 -31.1316 -5.2277 2.0881 -31.2641 -5.2508 1.7061 -30.8668 -5.5406
3 26 1.4033 -30.6898 -5.6346 1.2707 -30.8223 -5.5978 1.727 -29.772 -5.945
4 82 -4.198 -27.413 -5.535 -5.5249 -27.0661 -4.2064 -5.5114 -27.0005 -4.2429 -4.3577 -27.0005 -5.4985
3 26 -5.577 -23.851 -5.22 -5.2683 -24.946 -5.1914 -5.3788 -24.9681 -5.0638
3 26 -5.782 -32.784 -2.679 -4.8044 -31.7722 -3.7675 -4.7382 -31.9048 -3.7654
3 26 0 -33.373 -4.6959 0 -32.5952 -5.0462 .1662 -32.5896 -5.0348
3 26 -2.5934 -25.6588 -6.4956 -2.8383 -25.4541 -6.4314 -2.9964 -24.9994 -6.4461
4 26 -3.9602 -36.4809 -2.2403 -3.3497 -36.8495 -2.2291 -3.464 -37.0951 -2.0244 -3.9721 -36.5611 -2.1831
3 82 -4.198 -27.413 -5.535 -3.9677 -27.3633 -5.6376 -4.125 -27.4827 -5.5471
4 26 -2.3744 -31.1316 -5.1956 -1.7069 -30.8259 -5.5558 -1.6908 -31.6639 -5.2462 -1.9104 -31.6618 -5.1664
4 26 -.7738 -31.2445 -5.4875 -.8721 -31.2199 -5.4874 -1.3361 -30.756 -5.6163 -1.3361 -30.6235 -5.6655
3 26 .4138 -22.7939 -7.3182 1.094 -21.809 -7.367 1.2265 -21.6985 -7.3671
3 26 -4.3743 -29.8998 -4.7102 -6.439 -28.754 -3.257 -5.18 -29.4084 -4.1551
3 82 -5.4474 -28.2219 -4.2483 -4.937 -28.1271 -4.7101 -5.0474 -28.326 -4.5618
4 26 -2.6596 -34.6723 -3.5764 -2.7743 -35.2418 -3.2628 -3.8675 -35.3275 -2.8336 -3.8911 -34.5985 -3.1746
4 26 -1.2983 -33.3527 -4.5968 -.4966 -32.6117 -4.9973 0 -32.5952 -5.0462 0 -33.373 -4.6959
4 26 4.3392 -24.6477 -5.8684 4.0984 -25.6971 -5.8583 4.0365 -25.845 -5.8743 3.812 -23.665 -6.346
4 26 3.9659 -21.0137 -6.537 3.1043 -21.0137 -6.931 3.038 -20.9474 -6.9679 4.0278 -20.9146 -6.5185
3 26 4.0828 -33.1896 -3.7398 3.9242 -33.195 -3.8355 3.91 -32.833 -4.014
4 26 4.0465 -34.8125 -3.0013 4.0682 -35.7122 -2.5661 4.051 -36.426 -2.242 3.9518 -33.8969 -3.4893
4 26 -.4303 -20.7486 -7.5521 -.1431 -20.9695 -7.554 -.8059 -21.6102 -7.4173 -.9384 -21.4334 -7.425
4 26 -1.1648 -36.6229 -3.0072 -.5038 -36.5026 -3.154 0 -36.4789 -3.2284 0 -37.8 -2.5
3 26 4.0278 -20.9146 -6.5185 3.3694 -20.13 -6.8716 2.403 -18.602 -7.411
3 26 4.0699 -38.4885 -.7098 4.8203 -37.9533 -.717 5.077 -38.463 -.208
3 26 2.5962 -31.8606 -4.8416 2.5078 -32.0152 -4.8164 1.9432 -32.3526 -4.8943
3 26 -4.9092 -25.5759 -5.3725 -5.577 -23.851 -5.22 -4.9793 -23.788 -5.6013
3 26 -3.8324 -23.1566 -6.3868 -3.7661 -23.1566 -6.4171 -3.812 -23.665 -6.346
4 26 -3.1853 -36.496 -2.4937 -3.3497 -36.8495 -2.2291 -3.9602 -36.4809 -2.2403 -3.9497 -36.411 -2.2852
4 26 -2.4681 -37.1739 -2.3358 -2.0135 -36.9155 -2.6424 -1.64 -36.7694 -2.8551 -1.5308 -37.948 -2.1956
3 26 -3.9429 -32.9008 -3.9619 -3.9245 -33.2037 -3.8312 -4.0764 -33.1764 -3.75
4 26 -4.4731 -35.3731 -2.4745 -4.5194 -35.9845 -2.1591 -4.6181 -36.4736 -1.8687 -5.719 -36.566 -1.144
4 26 -.5629 -30.8223 -5.6555 -.4303 -30.6898 -5.7133 0 -31.8307 -5.3353 -.6291 -31.3967 -5.4437
4 26 -.4966 -30.4467 -5.7957 -.1118 -29.8785 -6.0295 0 -29.8363 -6.0532 -.4303 -30.5351 -5.769
4 26 .5577 -25.8642 -6.8561 .5329 -25.5248 -6.9098 1.0498 -24.1949 -7.0575 1.2265 -24.1065 -7.0529
3 26 .9835 -23.6426 -7.1474 .8289 -23.753 -7.1464 .4303 -23.3217 -7.2518
3 26 1.4553 -20.0117 -7.4675 1.2707 -19.9754 -7.4866 0 -18.555 -7.625
3 26 4.1868 -23.4217 -6.1773 4.2089 -23.6205 -6.1143 3.812 -23.665 -6.346
3 26 2.8145 -34.4445 -3.6306 2.7509 -33.9372 -3.8939 3.1802 -33.9065 -3.7586
4 26 -2.7278 -32.2362 -4.6564 -2.8604 -32.3908 -4.5521 -3.5231 -32.7001 -4.2013 -3.6557 -31.8385 -4.4707
3 26 -1.2983 -33.3527 -4.5968 -1.6785 -33.3451 -4.5495 -1.672 -32.65 -4.882
3 26 5.3135 -25.7192 -4.8849 4.6227 -26.3161 -5.438 5.3135 -25.6308 -4.9143
4 26 5.5846 -27.0504 -4.1465 5.6006 -26.9784 -4.1531 5.6669 -26.7133 -4.1692 5.724 -27.014 -4.007
4 26 -.7175 -24.1286 -7.1012 -.8501 -23.753 -7.1443 -.0989 -23.3112 -7.287 -.0769 -24.1831 -7.158
3 26 -1.2265 -23.3895 -7.1608 -1.4465 -23.5984 -7.1071 -1.995 -23.455 -7.073
4 26 -.7175 -24.2611 -7.0813 -.2978 -24.7251 -7.054 -.5187 -24.9239 -7.0017 -.8501 -24.3937 -7.0479
3 26 -.8059 -19.9975 -7.534 -.9384 -19.9312 -7.5208 0 -18.555 -7.625
3 26 -4.2332 -23.7094 -6.0773 -4.4753 -22.9014 -6.1302 -3.812 -23.665 -6.346
3 26 -6.099 -30.301 -3.166 -4.9069 -30.198 -4.1909 -4.8486 -30.3805 -4.1843
3 26 -4.5172 -30.4688 -4.4338 -4.145 -30.3608 -4.7768 -5.782 -32.784 -2.679
3 26 -4.7602 -30.4909 -4.2246 -4.5172 -30.4688 -4.4338 -5.782 -32.784 -2.679
4 26 -5.782 -32.784 -2.679 -3.9425 -32.8321 -3.9909 -4.2595 -33.1935 -3.6103 -4.6277 -33.2524 -3.3191
4 26 -3.9425 -32.8321 -3.9909 -3.9429 -32.9008 -3.9619 -4.0764 -33.1764 -3.75 -4.2595 -33.1935 -3.6103
4 26 -5.719 -36.566 -1.144 -5.782 -32.784 -2.679 -4.6277 -33.2524 -3.3191 -4.5604 -34.1752 -2.9821
3 26 -4.9069 -30.198 -4.1909 -6.099 -30.301 -3.166 -4.8707 -30.0712 -4.2521
4 26 -4.7161 -30.0049 -4.398 -4.8707 -30.0712 -4.2521 -6.099 -30.301 -3.166 -6.439 -28.754 -3.257
3 26 -6.439 -28.754 -3.257 -4.3743 -29.8998 -4.7102 -4.7161 -30.0049 -4.398
4 26 -4.7757 -37.1839 -1.2795 -4.9149 -37.7811 -.7801 -5.077 -38.463 -.208 -5.719 -36.566 -1.144
3 26 -4.6181 -36.4736 -1.8687 -4.7757 -37.1839 -1.2795 -5.719 -36.566 -1.144
4 26 -3.6253 -38.4998 -.9313 -2.8284 -38.52 -1.3284 -3.6956 -39.335 -.0308 -3.7219 -38.6206 -.7557
4 26 -5.5249 -27.0661 -4.2064 -5.4474 -28.2219 -4.2483 -6.439 -28.754 -3.257 -5.724 -27.014 -4.007
3 26 -5.7102 -23.0682 -5.3333 -5.5997 -23.024 -5.4118 -5.3346 -23.4438 -5.4696
3 26 -5.2242 -23.7751 -5.4547 -4.9793 -23.788 -5.6013 -5.577 -23.851 -5.22
3 26 -5.3346 -23.6647 -5.4146 -5.2242 -23.7751 -5.4547 -5.577 -23.851 -5.22
4 26 -5.7102 -23.0682 -5.3333 -5.3346 -23.4438 -5.4696 -5.3346 -23.6647 -5.4146 -5.577 -23.851 -5.22
4 26 -5.4893 -22.9136 -5.5069 -5.18 -23.2891 -5.6027 -5.3346 -23.4438 -5.4696 -5.5997 -23.024 -5.4118
3 26 -5.18 -23.2891 -5.6027 -5.4893 -22.9136 -5.5069 -4.9038 -23.2228 -5.7881
4 26 -5.4893 -22.7368 -5.5509 -5.0474 -22.5325 -5.872 -4.9038 -23.2228 -5.7881 -5.4893 -22.9136 -5.5069
4 26 -5.6218 -22.6485 -5.4918 -5.6218 -22.1845 -5.6072 -5.1212 -22.1578 -5.9201 -5.4893 -22.7368 -5.5509
3 26 -5.1212 -22.1578 -5.9201 -5.0474 -22.5325 -5.872 -5.4893 -22.7368 -5.5509
4 26 -5.9311 -22.0299 -5.4564 -5.6218 -22.1845 -5.6072 -5.6218 -22.6485 -5.4918 -5.8253 -22.6592 -5.3646
3 26 -5.8253 -22.6592 -5.3646 -5.9793 -21.9203 -5.4542 -5.9311 -22.0299 -5.4564
4 26 -3.965 -21.0579 -6.5331 -3.9245 -22.2308 -6.4359 -4.6387 -22.3558 -6.1117 -4.9458 -21.619 -6.049
3 26 -3.9429 -22.295 -6.4217 -3.9208 -23.0682 -6.3564 -4.4753 -22.9014 -6.1302
4 26 -3.9245 -22.2308 -6.4359 -3.9429 -22.295 -6.4217 -4.4753 -22.9014 -6.1302 -4.6387 -22.3558 -6.1117
4 26 -6.185 -20.933 -5.574 -5.2021 -21.4776 -5.9507 -5.2242 -21.6543 -5.9239 -5.5121 -21.7077 -5.7929
4 26 -3.8324 -23.1566 -6.3868 -3.812 -23.665 -6.346 -4.4753 -22.9014 -6.1302 -3.9208 -23.0682 -6.3564
3 26 -5.7102 -23.0682 -5.3333 -5.577 -23.851 -5.22 -5.8206 -23.0682 -5.184
4 26 -5.8206 -23.0682 -5.184 -5.577 -23.851 -5.22 -6.51 -24.41 -3.445 -5.8869 -22.9798 -5.1168
3 26 -5.9793 -21.9203 -5.4542 -5.8253 -22.6592 -5.3646 -5.909 -22.6926 -5.2131
3 26 -5.9793 -21.9203 -5.4542 -5.909 -22.6926 -5.2131 -5.9311 -22.8473 -5.106
4 26 -6.185 -20.933 -5.574 -5.9793 -21.9203 -5.4542 -5.9311 -22.8473 -5.106 -6.51 -24.41 -3.445
3 26 -2.0182 -23.0746 -7.1172 -1.995 -23.455 -7.073 -2.1755 -23.0903 -7.0546
3 26 -2.1755 -23.0903 -7.0546 -1.995 -23.455 -7.073 -2.286 -23.0682 -7.0153
4 26 -1.995 -23.455 -7.073 -2.5564 -23.5199 -6.8484 -2.6395 -23.4217 -6.8302 -2.286 -23.0682 -7.0153
4 26 -2.7278 -23.3996 -6.7994 -2.3302 -23.0019 -7.0076 -2.286 -23.0682 -7.0153 -2.6395 -23.4217 -6.8302
4 26 -2.9487 -23.3996 -6.7145 -3.3022 -22.9136 -6.6467 -2.3302 -23.0019 -7.0076 -2.7278 -23.3996 -6.7994
4 26 -3.1165 -23.5846 -6.6243 -3.812 -23.665 -6.346 -3.441 -23.0025 -6.581 -3.1034 -23.5321 -6.6366
3 26 -2.9487 -23.3996 -6.7145 -3.3464 -22.9577 -6.6236 -3.3022 -22.9136 -6.6467
4 26 -2.9487 -23.3996 -6.7145 -3.1034 -23.5321 -6.6366 -3.441 -23.0025 -6.581 -3.3464 -22.9577 -6.6236
4 26 -2.3081 -22.8473 -7.0377 -2.3302 -23.0019 -7.0076 -3.3022 -22.9136 -6.6467 -3.3034 -22.7569 -6.6681
3 26 -3.3034 -22.7569 -6.6681 -2.8162 -21.887 -6.9767 -2.8162 -21.9415 -6.9691
4 26 -2.1093 -22.6264 -7.1449 -2.4406 -22.1404 -7.0855 -2.286 -21.9857 -7.1665 -2.0475 -22.5955 -7.1729
4 26 -2.5953 -22.1404 -7.0261 -2.4406 -22.1404 -7.0855 -2.1093 -22.6264 -7.1449 -2.3081 -22.8473 -7.0377
3 26 -3.3034 -22.7569 -6.6681 -2.8162 -21.9415 -6.9691 -2.7278 -22.0741 -6.9845
3 26 -2.4627 -21.566 -7.1572 -2.6272 -21.5495 -7.0964 -2.162 -20.719 -7.391
3 26 -2.3523 -21.6323 -7.1904 -2.4627 -21.566 -7.1572 -2.162 -20.719 -7.391
4 26 -2.3081 -22.8473 -7.0377 -3.3034 -22.7569 -6.6681 -2.7278 -22.0741 -6.9845 -2.5953 -22.1404 -7.0261
3 26 -2.286 -21.7648 -7.1973 -2.3523 -21.6323 -7.1904 -2.162 -20.719 -7.391
4 26 -2.162 -20.719 -7.391 -2.0475 -22.5955 -7.1729 -2.286 -21.9857 -7.1665 -2.286 -21.7648 -7.1973
4 26 -3.8324 -21.1904 -6.5806 -3.8987 -22.1404 -6.4567 -3.9245 -22.2308 -6.4359 -3.965 -21.0579 -6.5331
4 26 -3.7219 -21.2567 -6.6246 -3.7882 -22.0962 -6.5115 -3.8987 -22.1404 -6.4567 -3.8324 -21.1904 -6.5806
3 26 -2.8162 -21.887 -6.9767 -3.3034 -22.7569 -6.6681 -3.6778 -22.1404 -6.5577
4 26 -2.8162 -21.887 -6.9767 -3.6778 -22.1404 -6.5577 -3.5231 -21.323 -6.709 -3.4127 -21.3009 -6.7617
3 26 -2.0475 -22.5955 -7.1729 -2.162 -20.719 -7.391 -1.8884 -22.5159 -7.1992
4 26 -1.2698 -21.8974 -7.3392 -1.7337 -22.4938 -7.2179 -1.8884 -22.5159 -7.1992 -1.3122 -21.7275 -7.3556
4 26 -1.2698 -21.8974 -7.3392 -1.2035 -22.0299 -7.3299 -1.5128 -22.5822 -7.2301 -1.7337 -22.4938 -7.2179
3 26 -1.2035 -22.0299 -7.3299 -1.1152 -22.0741 -7.3336 -1.5128 -22.5822 -7.2301
4 26 -1.0217 -22.0724 -7.3435 -.3614 -22.856 -7.316 -.4524 -22.9798 -7.2914 -1.4686 -22.6926 -7.2211
4 26 -1.0217 -22.0724 -7.3435 -1.4686 -22.6926 -7.2211 -1.5128 -22.5822 -7.2301 -1.1152 -22.0741 -7.3336
3 26 -1.4686 -22.8694 -7.1994 -1.4686 -22.6926 -7.2211 -.4524 -22.9798 -7.2914
3 26 -.4524 -22.9798 -7.2914 -.3861 -23.1787 -7.2739 -1.2265 -23.3895 -7.1608
3 26 -.2978 -23.2449 -7.275 -.0989 -23.3112 -7.287 -1.2265 -23.3895 -7.1608
3 26 -.3861 -23.1787 -7.2739 -.2978 -23.2449 -7.275 -1.2265 -23.3895 -7.1608
4 26 -1.5791 -22.9577 -7.1771 -1.2265 -23.3895 -7.1608 -1.995 -23.455 -7.073 -1.6674 -23.0019 -7.1625
3 26 -1.995 -23.455 -7.073 -2.0182 -23.0746 -7.1172 -1.9546 -23.0682 -7.1246
3 26 -1.995 -23.455 -7.073 -1.9546 -23.0682 -7.1246 -1.6674 -23.0019 -7.1625
4 26 -.4524 -22.9798 -7.2914 -1.2265 -23.3895 -7.1608 -1.5791 -22.9577 -7.1771 -1.4686 -22.8694 -7.1994
3 26 -2.1314 -20.2847 -7.4022 -2.2033 -20.3566 -7.3944 -2.403 -18.602 -7.411
4 26 0 -18.555 -7.625 -1.7834 -20.34 -7.432 -1.9325 -20.2626 -7.4203 -2.403 -18.602 -7.411
3 26 -2.403 -18.602 -7.411 -2.9929 -20.0417 -7.0504 -3.1034 -20.0638 -6.9982
3 26 -3.1917 -20.6823 -6.9192 -2.9906 -20.7877 -7.0053 -3.9055 -20.8636 -6.5794
4 26 -4.031 -20.874 -6.521 -3.1034 -20.0638 -6.9982 -3.1697 -20.2847 -6.954 -3.9055 -20.8636 -6.5794
3 26 -4.411 -18.687 -6.553 -4.6277 -20.2847 -6.3135 -4.7161 -20.3289 -6.2709
4 26 -6.185 -20.933 -5.574 -4.411 -18.687 -6.553 -4.7161 -20.3289 -6.2709 -4.8044 -20.4172 -6.2243
3 26 -1.4244 -25.0564 -6.8936 -.5316 -25.908 -6.8522 -1.4244 -25.1669 -6.8776
4 26 -1.4244 -25.1669 -6.8776 -.5316 -25.908 -6.8522 -1.7337 -26.2494 -6.6927 -1.4907 -25.2994 -6.8524
4 26 -1.7337 -26.2494 -6.6927 -1.8652 -26.217 -6.6853 -1.8663 -25.3657 -6.8084 -1.7337 -25.3657 -6.8205
3 26 -1.7558 -24.6146 -6.9272 -1.9104 -24.6146 -6.913 -1.995 -23.455 -7.073
3 26 -1.7337 -26.2494 -6.6927 -1.7337 -25.3657 -6.8205 -1.4907 -25.2994 -6.8524
3 26 -1.6895 -24.6588 -6.9268 -1.7558 -24.6146 -6.9272 -1.995 -23.455 -7.073
4 26 -.5316 -25.908 -6.8522 -1.4244 -25.0564 -6.8936 -1.6895 -24.6588 -6.9268 -1.995 -23.455 -7.073
3 26 -1.9104 -24.6146 -6.913 -2.1755 -24.7913 -6.7925 -2.5069 -24.2832 -6.7464
4 26 -1.995 -23.455 -7.073 -1.9104 -24.6146 -6.913 -2.4406 -24.1286 -6.7962 -2.4406 -23.9739 -6.8207
4 26 -2.6174 -24.3274 -6.6973 -2.5069 -24.2832 -6.7464 -2.1755 -24.7913 -6.7925 -2.3081 -24.8576 -6.7314
3 26 -2.4406 -23.9739 -6.8207 -2.5564 -23.5199 -6.8484 -1.995 -23.455 -7.073
3 26 -2.4406 -24.1286 -6.7962 -1.9104 -24.6146 -6.913 -2.5069 -24.2832 -6.7464
3 26 -2.6174 -24.3274 -6.6973 -2.3081 -24.8576 -6.7314 -2.8162 -24.3495 -6.6178
3 26 -2.2418 -25.1448 -6.7113 -1.8663 -25.3657 -6.8084 -2.5934 -25.6588 -6.4956
3 26 -1.8663 -25.3657 -6.8084 -1.8652 -26.217 -6.6853 -2.5934 -25.6588 -6.4956
4 26 -2.3302 -25.0122 -6.6985 -2.9964 -24.9994 -6.4461 -2.8162 -24.3495 -6.6178 -2.3081 -24.8576 -6.7314
4 26 -3.1165 -23.5846 -6.6243 -3.0371 -24.1065 -6.572 -3.14 -24.7646 -6.4285 -3.812 -23.665 -6.346
3 26 -2.9487 -24.2611 -6.5812 -3.14 -24.7646 -6.4285 -3.0371 -24.1065 -6.572
4 26 -2.2418 -25.1448 -6.7113 -2.5934 -25.6588 -6.4956 -2.9964 -24.9994 -6.4461 -2.3302 -25.0122 -6.6985
4 26 -2.9964 -24.9994 -6.4461 -3.14 -24.7646 -6.4285 -2.9487 -24.2611 -6.5812 -2.8162 -24.3495 -6.6178
3 26 -3.812 -23.665 -6.346 -3.14 -24.7646 -6.4285 -3.3464 -24.7692 -6.3435
4 26 -3.6557 -25.6087 -6.0709 -3.744 -25.5866 -6.0387 -3.501 -25.4541 -6.161 -3.5673 -25.5424 -6.1185
4 26 -3.4348 -25.0564 -6.2573 -3.501 -25.4541 -6.161 -3.744 -25.5866 -6.0387 -3.9347 -24.8561 -6.0883
4 26 -3.812 -23.665 -6.346 -3.3464 -24.7692 -6.3435 -3.4348 -25.0564 -6.2573 -3.9347 -24.8561 -6.0883
4 26 -5.3125 -25.6308 -4.9153 -5.2683 -25.675 -4.9487 -5.1579 -25.8738 -5.0027 -5.4893 -25.6308 -4.723
4 26 -5.6218 -26.4924 -4.2919 -5.5114 -27.0005 -4.2429 -5.5249 -27.0661 -4.2064 -5.724 -27.014 -4.007
4 26 -4.7197 -26.3966 -5.3055 -5.5997 -26.3598 -4.36 -5.1579 -25.8738 -5.0027 -5.0253 -25.9622 -5.1176
4 26 -5.724 -27.014 -4.007 -5.6558 -25.5475 -4.5694 -5.5997 -26.3598 -4.36 -5.6218 -26.4924 -4.2919
3 26 -4.8265 -25.8959 -5.356 -4.9092 -25.5759 -5.3725 -4.5959 -26.3853 -5.4441
4 26 -4.5959 -26.3853 -5.4441 -4.7197 -26.3966 -5.3055 -4.9149 -25.9622 -5.2378 -4.8265 -25.8959 -5.356
3 26 -5.0253 -25.9622 -5.1176 -4.9149 -25.9622 -5.2378 -4.7197 -26.3966 -5.3055
3 26 -6.51 -24.41 -3.445 -5.577 -23.851 -5.22 -5.6448 -25.3088 -4.6609
3 26 -5.6448 -25.3088 -4.6609 -5.6558 -25.5475 -4.5694 -6.51 -24.41 -3.445
3 26 -5.6558 -25.5475 -4.5694 -5.724 -27.014 -4.007 -6.51 -24.41 -3.445
4 26 2.2427 -33.0535 -4.4911 2.1834 -32.6918 -4.6837 3.91 -32.833 -4.014 3.6578 -33.204 -3.9258
3 26 3.6578 -33.204 -3.9258 2.1765 -33.2745 -4.4092 2.2427 -33.0535 -4.4911
3 26 3.981 -30.118 -4.987 4.5747 -30.1693 -4.4766 4.5403 -30.2037 -4.4948
3 26 3.981 -30.118 -4.987 4.5403 -30.2037 -4.4948 4.5182 -30.3805 -4.4598
4 26 4.7833 -30.4909 -4.2054 4.9158 -30.3584 -4.135 4.9379 -31.4188 -3.7957 4.7948 -31.3226 -3.9441
4 26 3.981 -30.118 -4.987 4.5182 -30.3805 -4.4598 4.6065 -30.4909 -4.3527 4.7948 -31.3226 -3.9441
4 26 5.782 -32.784 -2.679 4.9821 -31.5999 -3.7041 4.9379 -31.4188 -3.7957 6.099 -30.301 -3.166
3 26 4.9158 -30.1817 -4.1874 6.099 -30.301 -3.166 4.9158 -30.3584 -4.135
3 26 4.9158 -30.3584 -4.135 6.099 -30.301 -3.166 4.9379 -31.4188 -3.7957
3 26 4.7948 -31.3226 -3.9441 4.6065 -30.4909 -4.3527 4.7833 -30.4909 -4.2054
3 26 3.91 -32.833 -4.014 3.9161 -32.5979 -4.0983 3.9659 -32.5896 -4.0654
4 26 5.782 -32.784 -2.679 3.91 -32.833 -4.014 3.9659 -32.5896 -4.0654 4.0763 -32.4792 -4.0272
3 26 4.9821 -31.706 -3.6641 4.9821 -31.5999 -3.7041 5.782 -32.784 -2.679
3 26 4.8937 -31.8606 -3.6696 4.9821 -31.706 -3.6641 5.782 -32.784 -2.679
4 26 5.782 -32.784 -2.679 4.0763 -32.4792 -4.0272 4.717 -31.9048 -3.7807 4.8937 -31.8606 -3.6696
4 26 4.0763 -32.2582 -4.1106 4.6065 -31.9048 -3.8606 4.717 -31.9048 -3.7807 4.0763 -32.4792 -4.0272
3 26 4.6065 -31.9048 -3.8606 4.0763 -32.2582 -4.1106 4.5182 -31.8606 -3.9412
4 26 4.4077 -31.5292 -4.146 4.4298 -31.7501 -4.0467 4.0322 -32.2141 -4.1592 3.9278 -32.1504 -4.2586
3 26 3.981 -30.118 -4.987 4.7948 -31.3226 -3.9441 4.6507 -31.3304 -4.0454
3 26 3.981 -30.118 -4.987 4.6507 -31.3304 -4.0454 4.4961 -31.3967 -4.1322
4 26 4.0322 -32.2141 -4.1592 4.4298 -31.7501 -4.0467 4.5182 -31.8606 -3.9412 4.0763 -32.2582 -4.1106
4 26 3.9278 -32.1504 -4.2586 3.981 -30.118 -4.987 4.4961 -31.3967 -4.1322 4.4077 -31.5292 -4.146
4 26 4.0828 -33.1896 -3.7398 3.91 -32.833 -4.014 5.782 -32.784 -2.679 4.7833 -33.1198 -3.2618
3 26 4.6286 -30.1154 -4.4444 4.5747 -30.1693 -4.4766 3.981 -30.118 -4.987
4 26 6.099 -30.301 -3.166 4.9158 -30.1817 -4.1874 4.8054 -30.0933 -4.3016 6.439 -28.754 -3.257
3 26 3.981 -30.118 -4.987 4.0401 -29.3819 -5.1361 4.7041 -29.3606 -4.5746
4 26 5.2693 -29.3422 -4.0968 5.3634 -28.752 -4.1764 5.4807 -28.1806 -4.2311 6.439 -28.754 -3.257
3 26 3.981 -30.118 -4.987 4.7041 -29.3606 -4.5746 5.2693 -29.3422 -4.0968
4 26 3.6566 -29.8061 -5.1862 3.981 -30.118 -4.987 1.727 -29.772 -5.945 3.4799 -29.784 -5.2601
3 26 3.4799 -29.784 -5.2601 1.727 -29.772 -5.945 3.3473 -29.6735 -5.3375
4 26 1.727 -29.772 -5.945 2.1464 -29.3716 -5.8754 3.3325 -29.3448 -5.4201 3.3473 -29.6735 -5.3375
3 26 3.8996 -29.3864 -5.1897 4.0401 -29.3819 -5.1361 3.8996 -29.4747 -5.1691
4 26 3.981 -30.118 -4.987 3.8112 -29.7398 -5.1415 3.8996 -29.4747 -5.1691 4.0401 -29.3819 -5.1361
3 26 3.6566 -29.8061 -5.1862 3.8112 -29.7398 -5.1415 3.981 -30.118 -4.987
3 26 5.077 -38.463 -.208 4.8203 -37.9533 -.717 5.0925 -37.759 -.6889
4 26 5.0925 -37.759 -.6889 4.8699 -37.049 -1.3169 4.7419 -36.484 -1.7872 5.719 -36.566 -1.144
3 26 3.2653 -37.7717 -1.6549 3.5351 -38.1125 -1.2639 2.8284 -38.52 -1.3284
3 26 3.5351 -38.1125 -1.2639 3.8335 -38.4945 -.8276 2.8284 -38.52 -1.3284
5 24 3.5351 -38.1125 -1.2639 2.8284 -38.52 -1.3284 3.2653 -37.7717 -1.6549 3.8335 -38.4945 -.8276
3 26 1.5308 -37.948 -2.1956 2.725 -37.2268 -2.2176 2.9482 -37.4015 -2.0183
3 26 2.725 -37.2268 -2.2176 1.5308 -37.948 -2.1956 2.5352 -37.0782 -2.3696
4 26 1.2113 -36.5759 -3.0275 0 -37.8 -2.5 0 -36.4789 -3.2284 .543 -36.4999 -3.1507
4 26 3.9364 -38.5838 -.6813 3.6956 -39.335 -.0308 2.8284 -38.52 -1.3284 3.8335 -38.4945 -.8276
4 26 3.6956 -39.335 -.0308 3.9364 -38.5838 -.6813 4.0699 -38.4885 -.7098 5.077 -38.463 -.208
4 26 6.185 -20.933 -5.574 5.5889 -23.7938 -5.2269 5.689 -22.538 -5.4781 5.7332 -22.3613 -5.4951
4 26 5.3576 -22.052 -5.8018 5.3632 -21.8791 -5.8413 6.185 -20.933 -5.574 5.6227 -22.1624 -5.6121
4 26 5.5889 -23.7938 -5.2269 5.4839 -23.8412 -5.2794 5.0885 -23.7995 -5.5316 5.1529 -23.2813 -5.6212
3 26 5.1529 -23.2813 -5.6212 5.2693 -22.6485 -5.7074 5.5123 -22.6485 -5.5588
4 26 5.689 -22.538 -5.4781 5.5889 -23.7938 -5.2269 5.1529 -23.2813 -5.6212 5.5123 -22.6485 -5.5588
3 26 3.812 -23.665 -6.346 3.8884 -22.6913 -6.4071 4.0542 -22.6706 -6.3366
4 26 3.812 -23.665 -6.346 4.0542 -22.6706 -6.3366 4.1205 -22.6043 -6.3141 4.8417 -22.4795 -6.011
4 26 4.1647 -22.4055 -6.314 4.1205 -22.2287 -6.3505 5.0805 -21.7066 -5.9816 4.8417 -22.4795 -6.011
4 26 4.474 -20.9474 -6.3203 5.203 -21.323 -5.9653 5.0805 -21.7066 -5.9816 4.4298 -21.1241 -6.3225
3 26 4.8417 -22.4795 -6.011 4.1205 -22.6043 -6.3141 4.1647 -22.4055 -6.314
4 26 4.1205 -22.2287 -6.3505 4.2089 -21.3451 -6.3976 4.4298 -21.1241 -6.3225 5.0805 -21.7066 -5.9816
4 26 4.0322 -22.2066 -6.3912 3.9257 -22.2155 -6.4369 3.9994 -21.2765 -6.4958 4.0542 -21.3451 -6.4652
4 26 4.1205 -22.2287 -6.3505 4.0322 -22.2066 -6.3912 4.0542 -21.3451 -6.4652 4.2089 -21.3451 -6.3976
4 26 4.474 -20.9474 -6.3203 4.4586 -20.8857 -6.333 5.2693 -21.3009 -5.9385 5.203 -21.323 -5.9653
3 26 6.185 -20.933 -5.574 5.3632 -21.8791 -5.8413 5.3797 -21.3672 -5.8838
4 26 5.6448 -23.7751 -5.1446 6.185 -20.933 -5.574 6.51 -24.41 -3.445 5.7774 -23.9077 -4.868
3 26 6.51 -24.41 -3.445 5.798 -23.9834 -4.7995 5.7774 -23.9077 -4.868
3 26 5.6448 -23.7751 -5.1446 5.5889 -23.7938 -5.2269 6.185 -20.933 -5.574
3 26 3.812 -23.665 -6.346 3.4357 -23.5763 -6.5029 3.3252 -23.4658 -6.5607
4 26 2.162 -20.719 -7.391 3.812 -23.665 -6.346 3.3252 -23.4658 -6.5607 2.5078 -22.0299 -7.0751
3 26 2.9497 -23.5984 -6.6858 1.995 -23.455 -7.073 2.1544 -23.2007 -7.0473
4 26 2.5078 -22.0299 -7.0751 3.3252 -23.4658 -6.5607 3.0822 -23.4879 -6.6509 2.5078 -22.2508 -7.0443
3 26 2.3974 -22.3834 -7.0682 2.5078 -22.2508 -7.0443 3.0822 -23.4879 -6.6509
3 26 2.9497 -23.5984 -6.6858 2.1544 -23.2007 -7.0473 2.1765 -23.0682 -7.0573
3 26 1.995 -23.455 -7.073 1.9777 -23.267 -7.0978 2.1544 -23.2007 -7.0473
4 26 2.9497 -23.5984 -6.6858 2.1765 -23.0682 -7.0573 2.3974 -22.3834 -7.0682 3.0822 -23.4879 -6.6509
4 26 2.1544 -22.9577 -7.0813 2.028 -22.9136 -7.1359 2.1102 -22.4275 -7.1723 2.309 -22.4496 -7.0928
4 26 2.309 -22.4496 -7.0928 2.3974 -22.3834 -7.0682 2.1765 -23.0682 -7.0573 2.1544 -22.9577 -7.0813
3 26 2.162 -20.719 -7.391 3.038 -20.9474 -6.9679 2.8834 -20.9695 -7.0364
3 26 2.162 -20.719 -7.391 2.8834 -20.9695 -7.0364 2.8171 -21.0358 -7.0602
3 26 3.5241 -22.7368 -6.5692 3.8884 -22.6913 -6.4071 3.812 -23.665 -6.346
3 26 3.3915 -22.6043 -6.6429 3.5241 -22.7368 -6.5692 3.812 -23.665 -6.346
3 26 2.162 -20.719 -7.391 2.8171 -21.0358 -7.0602 2.8171 -21.1904 -7.0449
4 26 3.3915 -22.3613 -6.6668 3.3915 -22.6043 -6.6429 2.8171 -21.1904 -7.0449 2.9055 -21.2788 -6.9958
3 26 2.403 -18.602 -7.411 2.162 -20.719 -7.391 2.0564 -20.6133 -7.4024
3 26 1.4553 -20.0117 -7.4675 0 -18.555 -7.625 2.403 -18.602 -7.411
4 26 2.162 -20.719 -7.391 2.403 -18.602 -7.411 3.259 -20.0859 -6.9252 3.1706 -20.1521 -6.9618
4 26 3.3031 -20.3068 -6.8912 4.0278 -20.9146 -6.5185 2.162 -20.719 -7.391 3.2148 -20.3289 -6.9305
3 26 2.162 -20.719 -7.391 3.1706 -20.1521 -6.9618 3.1706 -20.2847 -6.9536
4 26 4.2973 -20.7265 -6.418 4.411 -18.687 -6.553 6.185 -20.933 -5.574 4.4298 -20.7707 -6.356
4 26 5.2693 -21.3009 -5.9385 4.4586 -20.8857 -6.333 4.4298 -20.7707 -6.356 6.185 -20.933 -5.574
4 26 2.403 -18.602 -7.411 4.411 -18.687 -6.553 4.0763 -20.837 -6.5045 4.0278 -20.9146 -6.5185
3 26 4.1868 -20.7486 -6.4643 4.0763 -20.837 -6.5045 4.411 -18.687 -6.553
3 26 5.6945 -26.3791 -4.2505 5.6678 -25.8057 -4.4704 5.7111 -25.7192 -4.4222
3 26 5.6524 -25.4741 -4.5975 5.6023 -24.3953 -5.0113 5.6669 -24.46 -4.8804
4 26 5.724 -27.014 -4.007 5.6945 -26.3791 -4.2505 5.7111 -25.7192 -4.4222 6.51 -24.41 -3.445
3 26 5.6524 -25.4741 -4.5975 5.6669 -24.46 -4.8804 5.7553 -24.46 -4.7284
3 26 6.51 -24.41 -3.445 5.7111 -25.7192 -4.4222 5.7111 -25.5866 -4.4624
3 26 5.8437 -24.1507 -4.6702 5.798 -23.9834 -4.7995 6.51 -24.41 -3.445
4 26 5.7111 -25.5866 -4.4624 5.8216 -24.3716 -4.6412 5.8437 -24.1507 -4.6702 6.51 -24.41 -3.445
4 26 5.7111 -25.5866 -4.4624 5.6524 -25.4741 -4.5975 5.7553 -24.46 -4.7284 5.8216 -24.3716 -4.6412
4 26 -2.4406 -32.8326 -4.527 -1.6785 -33.3451 -4.5495 -3.4127 -33.1861 -4.0198 -2.6174 -32.8326 -4.4653
4 26 -3.3685 -32.9873 -4.1297 -2.7504 -32.7382 -4.4637 -2.6174 -32.8326 -4.4653 -3.4127 -33.1861 -4.0198
3 26 -2.2861 -32.7002 -4.6438 -1.672 -32.65 -4.882 -2.3081 -32.7443 -4.6152
4 26 -2.4406 -32.8326 -4.527 -2.3081 -32.7443 -4.6152 -1.672 -32.65 -4.882 -1.6785 -33.3451 -4.5495
3 26 -3.3685 -32.9873 -4.1297 -3.3906 -32.8326 -4.1955 -2.7504 -32.7382 -4.4637
3 26 -3.3906 -32.8326 -4.1955 -3.4295 -32.7937 -4.2004 -2.7504 -32.7382 -4.4637
3 26 3.6124 -24.9239 -6.208 4.0365 -25.845 -5.8743 3.4799 -25.0564 -6.2389
3 26 4.0365 -25.845 -5.8743 3.8112 -26.1831 -5.9073 2.9497 -25.9843 -6.2935
3 26 3.5572 -26.3267 -5.9859 3.3915 -26.3598 -6.0477 3.0871 -26.3634 -6.1713
4 26 3.8112 -26.1831 -5.9073 3.5572 -26.3267 -5.9859 3.0871 -26.3634 -6.1713 2.9497 -25.9843 -6.2935
4 26 3.3252 -25.0564 -6.302 3.4799 -25.0564 -6.2389 4.0365 -25.845 -5.8743 2.9497 -25.9843 -6.2935
3 26 3.6124 -24.7472 -6.2388 3.502 -24.6367 -6.3031 3.812 -23.665 -6.346
3 26 3.812 -23.665 -6.346 3.502 -24.6367 -6.3031 3.3694 -24.6367 -6.3572
3 26 3.812 -23.665 -6.346 3.3694 -24.6367 -6.3572 3.259 -24.6809 -6.3946
3 26 2.4704 -26.3586 -6.4238 2.1672 -26.3562 -6.548 2.552 -26.161 -6.425
3 26 2.1672 -26.3562 -6.548 3.812 -23.665 -6.346 3.259 -24.6809 -6.3946
3 26 3.3252 -25.0564 -6.302 2.9497 -25.9843 -6.2935 3.2148 -24.946 -6.3664
3 26 2.7288 -26.0064 -6.3798 2.552 -26.161 -6.425 2.1672 -26.3562 -6.548
4 26 2.7288 -26.0064 -6.3798 2.1672 -26.3562 -6.548 3.259 -24.6809 -6.3946 3.2148 -24.8134 -6.3895
4 26 2.5078 -22.0299 -7.0751 2.4195 -21.9857 -7.1152 2.152 -20.8836 -7.3719 2.162 -20.719 -7.391
3 26 2.152 -20.8836 -7.3719 2.4195 -21.9857 -7.1152 2.3311 -21.9857 -7.1492
3 26 2.1102 -22.2066 -7.2031 2.1102 -22.4275 -7.1723 2.028 -22.9136 -7.1359
3 26 2.152 -20.8836 -7.3719 2.3311 -21.9857 -7.1492 2.1765 -22.0741 -7.1962
3 26 2.1102 -22.2066 -7.2031 2.028 -22.9136 -7.1359 2.152 -20.8836 -7.3719
3 26 2.2648 -31.8164 -4.978 1.9432 -32.3526 -4.8943 2.1986 -31.8606 -4.9857
3 26 1.9432 -32.3526 -4.8943 1.6782 -32.3241 -5.0024 2.0218 -31.8827 -5.0423
3 26 1.6782 -32.3241 -5.0024 1.8451 -31.7722 -5.1488 2.0218 -31.8827 -5.0423
4 26 3.0822 -30.9328 -5.0104 3.1769 -30.9997 -4.9504 2.2648 -31.8164 -4.978 2.552 -31.3525 -5.0472
3 26 1.9432 -32.3526 -4.8943 2.0218 -31.8827 -5.0423 2.1986 -31.8606 -4.9857
4 26 3.0822 -30.8223 -5.052 3.0822 -30.9328 -5.0104 2.552 -31.3525 -5.0472 2.552 -31.1537 -5.122
4 26 3.1927 -30.5793 -5.1029 3.0822 -30.8223 -5.052 2.552 -31.1537 -5.122 2.6404 -30.0712 -5.497
3 26 3.981 -30.118 -4.987 3.6413 -30.4906 -4.9716 3.6124 -30.4247 -5.0069
3 26 3.981 -30.118 -4.987 3.6124 -30.4247 -5.0069 3.5241 -30.4026 -5.0477
3 26 3.3473 -30.4467 -5.096 3.1927 -30.5793 -5.1029 2.6404 -30.0712 -5.497
3 26 3.981 -30.118 -4.987 2.6404 -30.0712 -5.497 2.5078 -29.9386 -5.5955
3 26 1.727 -29.772 -5.945 3.981 -30.118 -4.987 2.5078 -29.9386 -5.5955
4 26 2.1102 -30.3805 -5.5753 1.7061 -30.8668 -5.5406 1.727 -29.772 -5.945 2.066 -30.27 -5.6331
3 26 1.727 -29.772 -5.945 2.5078 -29.9386 -5.5955 2.309 -29.9386 -5.6685
3 26 1.727 -29.772 -5.945 2.309 -29.9386 -5.6685 2.1544 -30.0049 -5.7004
3 26 2.0881 -30.1375 -5.6748 2.066 -30.27 -5.6331 1.727 -29.772 -5.945
3 26 1.7061 -30.8668 -5.5406 2.1102 -30.3805 -5.5753 2.2427 -30.4909 -5.485
3 26 1.7788 -31.6176 -5.2313 1.8451 -31.7722 -5.1488 1.6782 -32.3241 -5.0024
3 26 1.7788 -31.6176 -5.2313 1.6782 -32.3241 -5.0024 1.7061 -30.8668 -5.5406
3 26 2.3974 -30.4909 -5.4282 2.552 -30.4247 -5.3964 2.4416 -31.0874 -5.1875
3 26 2.6183 -30.3363 -5.4053 2.6404 -30.0712 -5.497 2.552 -31.1537 -5.122
4 26 2.6183 -30.3363 -5.4053 2.552 -31.1537 -5.122 2.4416 -31.0874 -5.1875 2.552 -30.4247 -5.3964
3 26 1.823 -31.485 -5.265 1.7788 -31.6176 -5.2313 1.7061 -30.8668 -5.5406
3 26 2.0881 -31.2641 -5.2508 1.823 -31.485 -5.265 1.7061 -30.8668 -5.5406
4 26 2.2427 -30.4909 -5.485 2.3974 -30.4909 -5.4282 2.4416 -31.0874 -5.1875 2.2869 -31.1316 -5.2277
3 26 1.4968 -32.628 -4.9065 .4312 -32.4942 -5.0556 1.4916 -32.5233 -4.9458
4 26 .8068 -31.9048 -5.2393 .8952 -32.0152 -5.1901 .4312 -32.4942 -5.0556 .4312 -32.4129 -5.0858
4 26 .8068 -31.7501 -5.2967 .8068 -31.9048 -5.2393 .4312 -32.4129 -5.0858 .251 -32.0523 -5.2365
4 26 1.5358 -31.0874 -5.4747 1.6782 -32.3241 -5.0024 1.2265 -31.9048 -5.2002 1.2486 -31.7501 -5.2555
4 26 1.2265 -31.9048 -5.2002 1.6782 -32.3241 -5.0024 1.4916 -32.5233 -4.9458 1.1161 -32.0152 -5.1695
4 26 .4312 -32.4942 -5.0556 .8952 -32.0152 -5.1901 1.1161 -32.0152 -5.1695 1.4916 -32.5233 -4.9458
4 26 1.4033 -31.0874 -5.487 1.1161 -31.6176 -5.3171 .9173 -31.6176 -5.3356 1.2707 -30.999 -5.5322
4 26 1.2707 -30.999 -5.5322 .9173 -31.6176 -5.3356 .8068 -31.7501 -5.2967 .251 -32.0523 -5.2365
4 26 1.5358 -31.0874 -5.4747 1.2486 -31.7501 -5.2555 1.1161 -31.6176 -5.3171 1.4033 -31.0874 -5.487
3 26 1.6684 -30.999 -5.4951 1.7061 -30.8668 -5.5406 1.6782 -32.3241 -5.0024
3 26 1.5358 -31.0874 -5.4747 1.6684 -30.999 -5.4951 1.6782 -32.3241 -5.0024
3 26 1.727 -29.772 -5.945 1.7061 -30.8668 -5.5406 1.6463 -30.7339 -5.5955
3 26 1.727 -29.772 -5.945 1.6463 -30.7339 -5.5955 1.5358 -30.6897 -5.6222
3 26 1.2707 -30.8223 -5.5978 1.2707 -30.999 -5.5322 .251 -32.0523 -5.2365
3 26 1.727 -29.772 -5.945 1.5358 -30.6897 -5.6222 1.4033 -30.6898 -5.6346
3 26 1.2707 -30.8223 -5.5978 .251 -32.0523 -5.2365 1.727 -29.772 -5.945
3 26 -5.577 -23.851 -5.22 -4.9092 -25.5759 -5.3725 -5.1579 -25.0122 -5.2895
3 26 -5.577 -23.851 -5.22 -5.1579 -25.0122 -5.2895 -5.2683 -24.946 -5.1914
4 26 -5.3788 -24.9681 -5.0638 -5.423 -25.0564 -4.9863 -5.6448 -25.3088 -4.6609 -5.577 -23.851 -5.22
3 26 -4.5172 -20.2847 -6.3618 -4.6277 -20.2847 -6.3135 -4.411 -18.687 -6.553
3 26 -4.3847 -20.3509 -6.4138 -4.5172 -20.2847 -6.3618 -4.411 -18.687 -6.553
4 26 0 -37.8 -2.5 -1.5308 -37.948 -2.1956 -1.64 -36.7694 -2.8551 -1.1648 -36.6229 -3.0072
4 26 -4.0754 -32.0152 -4.2029 -3.934 -31.9163 -4.3425 -3.911 -32.7954 -4.0275 -4.0754 -32.1036 -4.1696
3 26 -4.0754 -32.1036 -4.1696 -3.911 -32.7954 -4.0275 -4.1638 -32.2141 -4.064
3 26 -5.782 -32.784 -2.679 -4.145 -30.3608 -4.7768 -4.8044 -31.5955 -3.8342
4 26 -4.0975 -31.2862 -4.462 -4.145 -30.3608 -4.7768 -3.9759 -30.3117 -4.9176 -3.9487 -31.3544 -4.5439
3 26 -4.8044 -31.5955 -3.8342 -4.145 -30.3608 -4.7768 -4.6719 -31.463 -3.9801
3 26 -4.0975 -31.2862 -4.462 -4.23 -31.3967 -4.3245 -4.145 -30.3608 -4.7768
4 26 -4.2963 -31.4409 -4.2599 -4.6719 -31.463 -3.9801 -4.145 -30.3608 -4.7768 -4.23 -31.3967 -4.3245
4 26 -3.911 -32.7954 -4.0275 -3.9425 -32.8321 -3.9909 -4.2742 -32.2141 -3.9842 -4.1638 -32.2141 -4.064
4 26 -4.2742 -32.2141 -3.9842 -3.9425 -32.8321 -3.9909 -5.782 -32.784 -2.679 -4.7382 -31.9048 -3.7654
3 26 -5.782 -32.784 -2.679 -4.8044 -31.5955 -3.8342 -4.8044 -31.7722 -3.7675
3 26 1.9058 -25.3536 -6.8065 1.8583 -26.364 -6.6647 1.823 -25.432 -6.8027
4 26 1.2928 -25.6308 -6.8226 1.4254 -25.6308 -6.8104 1.8583 -26.364 -6.6647 1.3646 -26.3764 -6.7081
4 26 1.6242 -25.5645 -6.8018 1.7346 -25.4762 -6.8044 1.823 -25.432 -6.8027 1.8583 -26.364 -6.6647
3 26 1.3646 -26.3764 -6.7081 .7405 -26.3156 -6.7741 1.2928 -25.6308 -6.8226
3 26 .7405 -26.3156 -6.7741 .5859 -26.2494 -6.7978 .5577 -25.8642 -6.8561
4 26 1.2265 -25.5645 -6.8382 1.2928 -25.6308 -6.8226 .7405 -26.3156 -6.7741 .5577 -25.8642 -6.8561
3 26 1.995 -23.455 -7.073 1.9446 -24.5268 -6.9226 1.8451 -24.5925 -6.9222
3 26 1.995 -23.455 -7.073 1.8451 -24.5925 -6.9222 1.4695 -25.0122 -6.8959
3 26 1.6242 -25.5645 -6.8018 1.8583 -26.364 -6.6647 1.4254 -25.6308 -6.8104
4 26 1.995 -23.455 -7.073 1.4695 -25.0122 -6.8959 1.2928 -25.2773 -6.8737 .5577 -25.8642 -6.8561
3 26 .5577 -25.8642 -6.8561 1.2928 -25.2773 -6.8737 1.2265 -25.4762 -6.851
3 26 .5577 -25.8642 -6.8561 1.2265 -25.4762 -6.851 1.2265 -25.5645 -6.8382
3 26 3.1802 -33.9065 -3.7586 3.6787 -33.8709 -3.5987 2.8145 -34.4445 -3.6306
4 26 2.8145 -34.4445 -3.6306 3.6787 -33.8709 -3.5987 3.9518 -33.8969 -3.4893 2.9216 -35.068 -3.2938
4 26 4.051 -36.426 -2.242 3.052 -35.6249 -2.9806 2.9216 -35.068 -3.2938 3.9518 -33.8969 -3.4893
3 26 3.289 -36.313 -2.5667 3.052 -35.6249 -2.9806 4.051 -36.426 -2.242
4 26 1.3096 -33.3314 -4.6054 .3871 -32.5454 -5.0363 .4312 -32.4942 -5.0556 1.4968 -32.628 -4.9065
3 26 1.4968 -32.628 -4.9065 1.5814 -32.8204 -4.8128 1.3096 -33.3314 -4.6054
4 26 1.3096 -33.3314 -4.6054 0 -33.373 -4.6959 .1662 -32.5896 -5.0348 .3871 -32.5454 -5.0363
4 82 -4.198 -27.413 -5.535 -4.1555 -27.0005 -5.6243 -4.0312 -27.0005 -5.675 -3.9677 -27.3633 -5.6376
4 82 -3.8103 -27.0447 -5.7574 -3.7661 -27.1551 -5.7562 -3.9677 -27.3633 -5.6376 -4.0312 -27.0005 -5.675
3 26 -3.5604 -37.2662 -1.8754 -3.9721 -36.5611 -2.1831 -3.464 -37.0951 -2.0244
3 26 -3.1854 -37.9086 -1.5952 -2.8825 -37.4939 -1.9824 -2.8284 -38.52 -1.3284
4 26 -2.8284 -38.52 -1.3284 -2.8825 -37.4939 -1.9824 -2.6193 -37.2907 -2.2156 -1.5308 -37.948 -2.1956
4 26 -3.3188 -30.0163 -5.2685 -3.2948 -30.0874 -5.2505 -3.7661 -30.1596 -5.0503 -3.7661 -30.085 -5.0783
4 26 -2.9377 -30.8702 -5.0871 -3.8378 -30.275 -4.9805 -3.7661 -30.1596 -5.0503 -3.2948 -30.0874 -5.2505
4 26 -2.7573 -31.08 -5.0743 -2.9627 -31.2346 -4.9407 -3.8378 -30.275 -4.9805 -2.9377 -30.8702 -5.0871
4 26 -1.9104 -32.0373 -5.025 -1.672 -32.65 -4.882 -2.5732 -31.6618 -4.923 -1.9988 -31.949 -5.0258
4 26 -2.4186 -31.5292 -5.0297 -1.9988 -31.7501 -5.1007 -1.9988 -31.949 -5.0258 -2.5732 -31.6618 -4.923
3 26 -1.8442 -32.0815 -5.0327 -1.6833 -32.0597 -5.1 -1.672 -32.65 -4.882
3 26 -1.9104 -32.0373 -5.025 -1.8442 -32.0815 -5.0327 -1.672 -32.65 -4.882
3 26 -2.3965 -31.1758 -5.1708 -2.4406 -31.1537 -5.1629 -2.3744 -31.1316 -5.1956
4 26 -2.3744 -31.1316 -5.1956 -1.9016 -30.5749 -5.5787 -1.7558 -30.6014 -5.6223 -1.7779 -30.7118 -5.5726
4 26 -1.9016 -30.5749 -5.5787 -1.7155 -30.3716 -5.7235 -1.7115 -30.5824 -5.6457 -1.7558 -30.6014 -5.6223
3 26 -1.7779 -30.7118 -5.5726 -1.7069 -30.8259 -5.5558 -2.3744 -31.1316 -5.1956
4 26 -2.4186 -31.5292 -5.0297 -2.3965 -31.1758 -5.1708 -2.3744 -31.1316 -5.1956 -1.9104 -31.6618 -5.1664
3 26 -1.9988 -31.7501 -5.1007 -2.4186 -31.5292 -5.0297 -1.9104 -31.6618 -5.1664
3 26 -1.7115 -30.5824 -5.6457 -1.7155 -30.3716 -5.7235 -1.6012 -30.5351 -5.6735
3 26 -1.4896 -30.1387 -5.8311 -.7738 -31.2445 -5.4875 -1.3361 -30.6235 -5.6655
3 26 -1.4896 -30.1387 -5.8311 -1.3361 -30.6235 -5.6655 -1.4465 -30.5572 -5.6798
4 26 -1.4896 -30.1387 -5.8311 -1.4465 -30.5572 -5.6798 -1.6012 -30.5351 -5.6735 -1.7155 -30.3716 -5.7235
3 26 -.6512 -31.5513 -5.385 -.6375 -31.4551 -5.422 -.2836 -32.0018 -5.2522
4 26 -1.5791 -31.9269 -5.159 -.585 -32.2362 -5.137 -.5862 -32.5136 -5.034 -1.6233 -31.9931 -5.1303
4 26 -1.6833 -32.0597 -5.1 -1.6233 -31.9931 -5.1303 -.5862 -32.5136 -5.034 -1.672 -32.65 -4.882
3 26 -.6512 -31.5513 -5.385 -.2836 -32.0018 -5.2522 -.7175 -31.5955 -5.3625
4 26 -.2836 -32.0018 -5.2522 -.585 -32.2362 -5.137 -.9163 -31.6176 -5.3357 -.7175 -31.5955 -5.3625
3 26 -1.0047 -31.5292 -5.3602 -.9163 -31.6176 -5.3357 -1.6012 -31.7943 -5.2062
4 26 -.585 -32.2362 -5.137 -1.5791 -31.9269 -5.159 -1.6012 -31.7943 -5.2062 -.9163 -31.6176 -5.3357
3 26 -1.6012 -31.7943 -5.2062 -1.6908 -31.6639 -5.2462 -1.0489 -31.3967 -5.4053
3 26 -1.6908 -31.6639 -5.2462 -1.7069 -30.8259 -5.5558 -1.6233 -30.8886 -5.5403
4 26 -1.6233 -30.8886 -5.5403 -1.5128 -30.8886 -5.5506 -1.0489 -31.3967 -5.4053 -1.6908 -31.6639 -5.2462
3 26 -1.0489 -31.3967 -5.4053 -1.0047 -31.5292 -5.3602 -1.6012 -31.7943 -5.2062
4 26 -.9826 -31.2862 -5.4525 -1.0489 -31.3967 -5.4053 -1.5128 -30.8886 -5.5506 -1.3582 -30.8444 -5.5814
4 26 -.9826 -31.2862 -5.4525 -1.3582 -30.8444 -5.5814 -1.3361 -30.756 -5.6163 -.8721 -31.2199 -5.4874
4 26 .313 -22.0683 -7.4113 .7847 -21.6543 -7.4142 .9394 -21.809 -7.3817 .365 -22.1625 -7.3956
4 26 1.9556 -22.9136 -7.1435 .4138 -22.7939 -7.3182 1.2265 -21.6985 -7.3671 1.9529 -20.9672 -7.3823
4 26 1.823 -20.9032 -7.402 1.9529 -20.9672 -7.3823 1.2707 -21.566 -7.3782 1.2486 -21.4555 -7.393
3 26 1.2265 -21.6985 -7.3671 1.2707 -21.566 -7.3782 1.9529 -20.9672 -7.3823
4 26 .365 -22.1625 -7.3956 .9394 -21.809 -7.3817 1.094 -21.809 -7.367 .4138 -22.7939 -7.3182
3 26 .5257 -20.61 -7.559 1.7491 -20.6915 -7.4334 1.7346 -20.7928 -7.4231
4 26 1.7346 -20.7928 -7.4231 1.823 -20.9032 -7.402 1.2486 -21.4555 -7.393 1.1382 -21.3451 -7.4162
3 26 .365 -20.7707 -7.5558 .5257 -20.61 -7.559 .9394 -21.3451 -7.4351
4 26 1.7346 -20.7928 -7.4231 1.1382 -21.3451 -7.4162 .9394 -21.3451 -7.4351 .5257 -20.61 -7.559
4 26 .7847 -21.4997 -7.432 .7847 -21.6543 -7.4142 .313 -22.0683 -7.4113 .2103 -22.0409 -7.4242
4 26 .365 -20.7707 -7.5558 .9394 -21.3451 -7.4351 .7847 -21.4997 -7.432 .2766 -20.8811 -7.5515
4 26 .0368 -22.4702 -7.3913 0 -22.6305 -7.3764 0 -20.9695 -7.5676 .0883 -22.0958 -7.4295
4 26 .1662 -20.9695 -7.5518 .2103 -22.0409 -7.4242 .0883 -22.0958 -7.4295 0 -20.9695 -7.5676
4 26 .2103 -22.0409 -7.4242 .1662 -20.9695 -7.5518 .2766 -20.8811 -7.5515 .7847 -21.4997 -7.432
3 26 -4.0053 -29.8146 -5.0485 -4.1417 -29.8282 -4.9283 -4.0394 -29.3899 -5.1345
4 26 -5.4474 -28.2219 -4.2483 -5.3788 -28.7457 -4.1649 -5.3788 -28.9224 -4.117 -6.439 -28.754 -3.257
4 26 -4.1417 -29.8282 -4.9283 -4.3743 -29.8998 -4.7102 -5.18 -29.4084 -4.1551 -4.0394 -29.3899 -5.1345
3 26 -6.439 -28.754 -3.257 -5.3788 -28.9224 -4.117 -5.2904 -29.3201 -4.0847
3 26 -6.439 -28.754 -3.257 -5.2904 -29.3201 -4.0847 -5.18 -29.4084 -4.1551
4 82 -4.189 -27.5254 -5.5122 -4.694 -27.862 -4.9896 -5.4474 -28.2219 -4.2483 -4.198 -27.413 -5.535
4 82 -5.3788 -28.7457 -4.1649 -5.4474 -28.2219 -4.2483 -5.0474 -28.326 -4.5618 -5.1137 -28.7015 -4.4034
3 82 -4.937 -28.1271 -4.7101 -5.4474 -28.2219 -4.2483 -4.694 -27.862 -4.9896
3 26 -3.1049 -36.2857 -2.6451 -3.9497 -36.411 -2.2852 -3.8968 -36.0565 -2.4738
4 26 -3.8675 -35.3275 -2.8336 -2.9494 -35.8788 -2.8953 -3.1049 -36.2857 -2.6451 -3.8968 -36.0565 -2.4738
3 26 -2.7743 -35.2418 -3.2628 -2.9494 -35.8788 -2.8953 -3.8675 -35.3275 -2.8336
4 26 -2.6596 -34.6723 -3.5764 -3.8911 -34.5985 -3.1746 -3.9507 -33.8706 -3.5023 -3.1949 -33.885 -3.7637
4 26 -1.672 -32.65 -4.882 -.5862 -32.5136 -5.034 -.4966 -32.6117 -4.9973 -1.2983 -33.3527 -4.5968
4 26 5.0302 -24.2688 -5.4964 5.0885 -23.7995 -5.5316 5.4839 -23.8412 -5.2794 5.446 -23.9739 -5.2827
4 26 4.8546 -25.2282 -5.4595 5.0302 -24.2688 -5.4964 5.446 -23.9739 -5.2827 5.4727 -24.1205 -5.2438
4 26 4.6227 -26.3161 -5.438 4.6912 -25.9096 -5.4573 4.8546 -25.2282 -5.4595 5.4727 -24.1205 -5.2438
3 26 4.6227 -26.3161 -5.438 4.5623 -26.2935 -5.4789 4.6912 -25.9096 -5.4573
3 26 3.812 -23.665 -6.346 4.3491 -23.7216 -6.0034 4.3392 -24.6477 -5.8684
3 26 4.3491 -23.7216 -6.0034 4.5194 -23.7395 -5.8947 4.3392 -24.6477 -5.8684
3 26 3.9994 -21.2765 -6.4958 3.9257 -22.2155 -6.4369 3.502 -22.2508 -6.6272
4 26 2.9055 -21.2788 -6.9958 3.0601 -21.2788 -6.9251 3.502 -22.2508 -6.6272 3.3915 -22.3613 -6.6668
4 26 3.0601 -21.2788 -6.9251 3.9659 -21.2346 -6.5152 3.9994 -21.2765 -6.4958 3.502 -22.2508 -6.6272
4 26 3.1043 -21.0137 -6.931 3.9659 -21.0137 -6.537 3.9659 -21.2346 -6.5152 3.1264 -21.1242 -6.91
3 26 3.0601 -21.2788 -6.9251 3.1264 -21.1242 -6.91 3.9659 -21.2346 -6.5152
3 26 2.162 -20.719 -7.391 4.0278 -20.9146 -6.5185 3.038 -20.9474 -6.9679
3 26 3.9518 -33.8969 -3.4893 4.1426 -33.9151 -3.3626 4.0465 -34.8125 -3.0013
3 26 4.0682 -35.7122 -2.5661 4.1518 -36.4345 -2.1757 4.051 -36.426 -2.242
3 26 1.727 -29.772 -5.945 .251 -32.0523 -5.2365 .6522 -30.7781 -5.6646
4 26 .6522 -30.7781 -5.6646 .251 -32.0523 -5.2365 .1662 -31.8827 -5.304 .608 -30.8444 -5.6441
4 26 .4092 -30.8444 -5.6592 .0999 -31.8164 -5.3329 0 -31.8307 -5.3353 .3208 -30.7781 -5.6898
4 26 .4092 -30.8444 -5.6592 .608 -30.8444 -5.6441 .1662 -31.8827 -5.304 .0999 -31.8164 -5.3329
3 26 .6522 -30.7781 -5.6646 .6743 -30.6235 -5.7186 1.727 -29.772 -5.945
3 26 0 -31.8307 -5.3353 .2103 -30.6014 -5.7618 .3208 -30.7781 -5.6898
4 26 1.3181 -29.6953 -6.0037 1.727 -29.772 -5.945 .6743 -30.6235 -5.7186 1.1824 -29.8724 -5.9503
4 26 1.0277 -29.8724 -5.9621 1.1824 -29.8724 -5.9503 .6743 -30.6235 -5.7186 .6301 -30.4467 -5.7856
4 26 .8952 -29.8061 -5.996 1.0277 -29.8724 -5.9621 .6301 -30.4467 -5.7856 .4533 -30.27 -5.8626
4 26 0 -31.8307 -5.3353 0 -29.8363 -6.0532 .2103 -30.3584 -5.8493 .2103 -30.6014 -5.7618
3 26 .2987 -30.27 -5.8744 .2103 -30.3584 -5.8493 0 -29.8363 -6.0532
4 26 .4533 -30.27 -5.8626 .2987 -30.27 -5.8744 0 -29.8363 -6.0532 .2379 -29.7466 -6.0674
4 26 .8952 -29.8061 -5.996 .4533 -30.27 -5.8626 .2379 -29.7466 -6.0674 .7847 -29.7177 -6.0362
4 26 .7653 -29.5916 -6.0831 .7847 -29.7177 -6.0362 .2379 -29.7466 -6.0674 .5026 -29.5423 -6.1208
3 26 -1.9546 -20.7052 -7.4123 -.3243 -20.5966 -7.5797 -.4303 -20.6602 -7.5623
4 26 -.4303 -20.7486 -7.5521 -1.1372 -21.2788 -7.4239 -1.2256 -21.2788 -7.4155 -.4303 -20.6602 -7.5623
4 26 -1.8884 -22.5159 -7.1992 -2.162 -20.719 -7.391 -1.3361 -21.6323 -7.3643 -1.3122 -21.7275 -7.3556
4 26 -1.9546 -20.7052 -7.4123 -1.314 -21.3451 -7.3995 -1.3361 -21.6323 -7.3643 -2.162 -20.719 -7.391
3 26 0 -22.6305 -7.3764 -.0548 -22.8694 -7.3436 -.2536 -22.8252 -7.3298
4 26 -.2536 -22.8252 -7.3298 -.3614 -22.856 -7.316 -1.0217 -22.0724 -7.3435 -.8942 -22.0299 -7.3605
4 26 -.8942 -22.0299 -7.3605 -.7617 -21.8974 -7.3884 0 -22.6305 -7.3764 -.2536 -22.8252 -7.3298
4 26 0 -20.9695 -7.5676 0 -22.6305 -7.3764 -.7617 -21.8974 -7.3884 -.7396 -21.7869 -7.4032
3 26 -.4303 -20.6602 -7.5623 -1.2256 -21.2788 -7.4155 -1.9546 -20.7052 -7.4123
3 26 -1.2256 -21.2788 -7.4155 -1.314 -21.3451 -7.3995 -1.9546 -20.7052 -7.4123
3 26 -1.1372 -21.2788 -7.4239 -.4303 -20.7486 -7.5521 -.9384 -21.4334 -7.425
4 26 0 -20.9695 -7.5676 -.7396 -21.7869 -7.4032 -.8059 -21.6102 -7.4173 -.1431 -20.9695 -7.554
4 26 3.4357 -23.7972 -6.4688 3.812 -23.665 -6.346 2.1672 -26.3562 -6.548 3.281 -23.9298 -6.5068
4 26 2.2427 -25.0343 -6.7284 2.1672 -26.3562 -6.548 1.8583 -26.364 -6.6647 1.9058 -25.3536 -6.8065
4 26 3.281 -23.9298 -6.5068 2.1672 -26.3562 -6.548 2.2427 -25.0343 -6.7284 2.309 -24.946 -6.7171
3 26 3.4357 -23.7972 -6.4688 3.4357 -23.5763 -6.5029 3.812 -23.665 -6.346
4 26 2.3311 -24.8355 -6.7261 3.1043 -23.9519 -6.5708 3.1706 -23.9298 -6.549 3.281 -23.9298 -6.5068
3 26 2.309 -24.946 -6.7171 2.3311 -24.8355 -6.7261 3.281 -23.9298 -6.5068
4 26 2.9939 -23.8856 -6.6235 3.1043 -23.9519 -6.5708 2.3311 -24.8355 -6.7261 2.2869 -24.7692 -6.7535
3 26 2.066 -24.5262 -6.8763 1.9446 -24.5268 -6.9226 1.995 -23.455 -7.073
3 26 2.2869 -24.7692 -6.7535 2.066 -24.5262 -6.8763 2.9939 -23.8856 -6.6235
4 26 1.995 -23.455 -7.073 2.9276 -23.753 -6.6697 2.9939 -23.8856 -6.6235 2.066 -24.5262 -6.8763
3 26 1.995 -23.455 -7.073 2.9497 -23.5984 -6.6858 2.9276 -23.753 -6.6697
3 26 4.0278 -20.9146 -6.5185 3.3031 -20.3068 -6.8912 3.3915 -20.2405 -6.8546
3 26 3.3694 -20.13 -6.8716 3.259 -20.0859 -6.9252 2.403 -18.602 -7.411
3 26 4.0278 -20.9146 -6.5185 3.3915 -20.2405 -6.8546 3.3694 -20.13 -6.8716
3 26 4.051 -36.426 -2.242 4.1896 -36.7013 -1.9672 3.6563 -37.102 -1.9471
4 26 4.0101 -37.6927 -1.3281 3.6563 -37.102 -1.9471 4.1896 -36.7013 -1.9672 4.3414 -37.4939 -1.3036
4 26 2.1834 -32.6918 -4.6837 2.7729 -32.3908 -4.5834 2.9497 -32.3466 -4.5364 3.91 -32.833 -4.014
3 26 3.8333 -32.6117 -4.1228 3.9161 -32.5979 -4.0983 3.91 -32.833 -4.014
4 26 3.8333 -32.6117 -4.1228 3.91 -32.833 -4.014 2.9497 -32.3466 -4.5364 3.745 -32.5454 -4.1788
4 26 3.0822 -32.2582 -4.5215 3.6787 -32.4129 -4.2512 3.745 -32.5454 -4.1788 2.9497 -32.3466 -4.5364
4 26 3.8112 -32.1699 -4.2932 3.1264 -32.0594 -4.5788 3.038 -31.8827 -4.6754 3.6787 -31.3746 -4.6331
4 26 3.1264 -32.0594 -4.5788 3.7008 -32.2582 -4.3002 3.6787 -32.4129 -4.2512 3.0822 -32.2582 -4.5215
4 26 3.9278 -32.1504 -4.2586 3.8112 -32.1699 -4.2932 3.6787 -31.3746 -4.6331 3.8333 -31.3525 -4.5859
3 26 3.8112 -32.1699 -4.2932 3.7008 -32.2582 -4.3002 3.1264 -32.0594 -4.5788
3 26 3.7671 -30.7781 -4.8208 3.6413 -30.4906 -4.9716 3.981 -30.118 -4.987
3 26 3.8333 -31.3525 -4.5859 3.9217 -31.2641 -4.5867 3.9278 -32.1504 -4.2586
3 26 3.9217 -31.1537 -4.6274 3.7671 -30.7781 -4.8208 3.981 -30.118 -4.987
3 26 3.9278 -32.1504 -4.2586 3.9217 -31.2641 -4.5867 3.981 -30.118 -4.987
3 26 3.9217 -31.2641 -4.5867 3.9217 -31.1537 -4.6274 3.981 -30.118 -4.987
5 24 3.9217 -31.2641 -4.5867 3.981 -30.118 -4.987 3.9278 -32.1504 -4.2586 3.9217 -31.1537 -4.6274
4 26 2.2648 -31.8164 -4.978 3.1769 -30.9997 -4.9504 2.5962 -31.8606 -4.8416 1.9432 -32.3526 -4.8943
3 26 3.1769 -30.9997 -4.9504 3.3694 -31.0211 -4.8737 3.5903 -31.3083 -4.6891
3 26 2.5962 -31.8606 -4.8416 3.1769 -30.9997 -4.9504 2.7288 -31.8164 -4.8105
4 26 3.6787 -31.3746 -4.6331 3.038 -31.8827 -4.6754 2.9055 -31.8164 -4.7472 3.5903 -31.3083 -4.6891
4 26 2.7288 -31.8164 -4.8105 3.1769 -30.9997 -4.9504 3.5903 -31.3083 -4.6891 2.9055 -31.8164 -4.7472
4 26 2.7729 -32.3908 -4.5834 2.1834 -32.6918 -4.6837 2.0881 -32.5013 -4.7878 2.5962 -32.3024 -4.6792
3 26 2.5078 -32.1699 -4.7595 2.5962 -32.3024 -4.6792 2.0881 -32.5013 -4.7878
4 26 2.0881 -32.5013 -4.7878 1.9432 -32.3526 -4.8943 2.5078 -32.0152 -4.8164 2.5078 -32.1699 -4.7595
4 26 -4.3736 -25.6816 -5.6895 -4.9092 -25.5759 -5.3725 -4.9793 -23.788 -5.6013 -4.8008 -23.7692 -5.7152
4 26 -4.3736 -25.6816 -5.6895 -4.2521 -26.2935 -5.6719 -4.3184 -26.3598 -5.6205 -4.5959 -26.3853 -5.4441
3 26 -4.5959 -26.3853 -5.4441 -4.9092 -25.5759 -5.3725 -4.3736 -25.6816 -5.6895
3 26 -3.7661 -23.1566 -6.4171 -3.441 -23.0025 -6.581 -3.812 -23.665 -6.346
3 26 -2.162 -20.719 -7.391 -2.6272 -21.5495 -7.0964 -2.9906 -20.7877 -7.0053
4 26 -3.3464 -21.2346 -6.7985 -2.9906 -20.7877 -7.0053 -2.6272 -21.5495 -7.0964 -2.6836 -21.5439 -7.0711
3 26 -2.8162 -21.7206 -6.9931 -2.8162 -21.887 -6.9767 -3.4127 -21.3009 -6.7617
4 26 -3.4127 -21.3009 -6.7617 -3.3464 -21.2346 -6.7985 -2.6836 -21.5439 -7.0711 -2.8162 -21.7206 -6.9931
3 26 -3.9055 -20.8636 -6.5794 -2.9906 -20.7877 -7.0053 -3.4568 -20.9916 -6.772
3 26 -3.4568 -20.9916 -6.772 -2.9906 -20.7877 -7.0053 -3.3464 -21.1241 -6.8094
3 26 -3.3464 -21.1241 -6.8094 -2.9906 -20.7877 -7.0053 -3.3464 -21.2346 -6.7985
3 26 -3.9497 -36.411 -2.2852 -3.1049 -36.2857 -2.6451 -3.1853 -36.496 -2.4937
3 26 -1.5308 -37.948 -2.1956 -2.6193 -37.2907 -2.2156 -2.4681 -37.1739 -2.3358
3 26 -5.719 -36.566 -1.144 -4.5604 -34.1752 -2.9821 -4.4731 -35.3731 -2.4745
4 26 -.9826 -30.1375 -5.8701 -.8721 -30.5793 -5.7194 -.8721 -30.7118 -5.6717 -1.4896 -30.1387 -5.8311
4 26 -.7396 -30.8444 -5.6341 -.7738 -31.2445 -5.4875 -1.4896 -30.1387 -5.8311 -.8721 -30.7118 -5.6717
4 26 -.5629 -30.8223 -5.6555 -.6954 -31.2641 -5.4864 -.7738 -31.2445 -5.4875 -.7396 -30.8444 -5.6341
3 26 -.2836 -32.0018 -5.2522 -.6375 -31.4551 -5.422 -.1652 -31.9269 -5.2881
4 26 -.6291 -31.3967 -5.4437 -.0548 -31.8385 -5.3284 -.1652 -31.9269 -5.2881 -.6375 -31.4551 -5.422
3 26 -.6291 -31.3967 -5.4437 -.6954 -31.2641 -5.4864 -.5629 -30.8223 -5.6555
3 26 -.0548 -31.8385 -5.3284 -.6291 -31.3967 -5.4437 0 -31.8307 -5.3353
3 26 -1.4896 -30.1387 -5.8311 -1.1557 -29.9166 -5.9364 -.9826 -30.1375 -5.8701
4 26 -.6291 -30.1817 -5.8811 -.6291 -30.4026 -5.8015 -.7617 -30.4468 -5.7756 -.8501 -30.2037 -5.8563
4 26 -.7617 -30.4468 -5.7756 -.8721 -30.5793 -5.7194 -.9826 -30.1375 -5.8701 -.8501 -30.2037 -5.8563
4 26 -.6291 -30.4026 -5.8015 -.6291 -30.1817 -5.8811 -.4855 -29.9386 -5.9795 -.4966 -30.4467 -5.7957
3 26 -.4855 -29.9386 -5.9795 -.1118 -29.8785 -6.0295 -.4966 -30.4467 -5.7957
4 26 0 -31.8307 -5.3353 -.4303 -30.6898 -5.7133 -.4303 -30.5351 -5.769 0 -29.8363 -6.0532
4 26 1.3149 -23.9298 -7.0705 1.995 -23.455 -7.073 .5577 -25.8642 -6.8561 1.2265 -24.1065 -7.0529
4 26 .8952 -24.1949 -7.0732 1.0498 -24.1949 -7.0575 .5329 -25.5248 -6.9098 .4975 -24.7061 -7.0366
3 26 .4975 -24.7061 -7.0366 .7626 -24.0402 -7.1099 .851 -24.1507 -7.0843
3 26 .4975 -24.7061 -7.0366 .851 -24.1507 -7.0843 .8952 -24.1949 -7.0732
3 26 1.3149 -23.9298 -7.0705 1.3149 -23.7751 -7.0938 1.995 -23.455 -7.073
3 26 1.995 -23.455 -7.073 1.3149 -23.7751 -7.0938 1.1824 -23.6426 -7.1272
4 26 .9835 -23.6426 -7.1474 .4303 -23.3217 -7.2518 1.995 -23.455 -7.073 1.1824 -23.6426 -7.1272
4 26 .4975 -24.7061 -7.0366 .4303 -23.3217 -7.2518 .7626 -23.9077 -7.1299 .7626 -24.0402 -7.1099
3 26 .8289 -23.753 -7.1464 .7626 -23.9077 -7.1299 .4303 -23.3217 -7.2518
4 26 1.9114 -20.5719 -7.4175 1.5358 -20.1742 -7.4583 1.4553 -20.0117 -7.4675 2.0564 -20.6133 -7.4024
4 26 1.5358 -20.3068 -7.4575 1.7567 -20.6381 -7.4329 1.7491 -20.6915 -7.4334 1.4254 -20.3951 -7.4683
4 26 1.7567 -20.6381 -7.4329 1.5358 -20.3068 -7.4575 1.5358 -20.1742 -7.4583 1.9114 -20.5719 -7.4175
3 26 0 -18.555 -7.625 1.2707 -19.9754 -7.4866 1.1382 -20.0196 -7.4999
3 26 .4092 -20.4835 -7.5717 0 -20.575 -7.613 0 -18.555 -7.625
4 26 1.1382 -20.0196 -7.4999 1.094 -20.0638 -7.5041 .4092 -20.4835 -7.5717 0 -18.555 -7.625
4 26 .4092 -20.4835 -7.5717 1.094 -20.0638 -7.5041 1.094 -20.2184 -7.5032 .5638 -20.4835 -7.5559
4 26 .5859 -20.5498 -7.5532 .5638 -20.4835 -7.5559 1.094 -20.2184 -7.5032 1.1382 -20.3068 -7.4982
4 26 1.4254 -20.3951 -7.4683 1.7491 -20.6915 -7.4334 .5257 -20.61 -7.559 1.2707 -20.3951 -7.4841
4 26 1.1382 -20.3068 -7.4982 1.2707 -20.3951 -7.4841 .5257 -20.61 -7.559 .5859 -20.5498 -7.5532
4 26 4.1868 -23.4217 -6.1773 3.812 -23.665 -6.346 4.8417 -22.4795 -6.011 4.3414 -23.267 -6.1211
3 26 4.8417 -22.4795 -6.011 4.7133 -22.8951 -5.9862 4.3414 -23.267 -6.1211
3 26 4.7133 -22.8951 -5.9862 4.6256 -23.2771 -5.9448 4.3414 -23.267 -6.1211
3 26 4.2089 -23.6205 -6.1143 4.3491 -23.7216 -6.0034 3.812 -23.665 -6.346
4 26 1.674 -32.8686 -4.7774 1.7788 -32.921 -4.716 1.8672 -33.0314 -4.6326 1.6783 -33.3197 -4.5616
3 26 1.8672 -33.0314 -4.6326 1.9335 -33.2965 -4.4835 1.6783 -33.3197 -4.5616
4 26 -2.8383 -20.4614 -7.0956 -2.2197 -20.6381 -7.3694 -2.162 -20.719 -7.391 -2.9906 -20.7877 -7.0053
4 26 -2.2418 -20.5498 -7.3647 -2.8383 -20.4614 -7.0956 -2.772 -20.2184 -7.1411 -2.2418 -20.3951 -7.3743
3 26 -2.2197 -20.6381 -7.3694 -2.8383 -20.4614 -7.0956 -2.2418 -20.5498 -7.3647
4 26 -2.2033 -20.3566 -7.3944 -2.772 -20.1521 -7.1452 -2.9929 -20.0417 -7.0504 -2.403 -18.602 -7.411
4 26 -2.2033 -20.3566 -7.3944 -2.2418 -20.3951 -7.3743 -2.772 -20.2184 -7.1411 -2.772 -20.1521 -7.1452
3 26 -3.9721 -36.5611 -2.1831 -3.5604 -37.2662 -1.8754 -4.0044 -36.7775 -2.0066
4 26 -3.7882 -37.6707 -1.4591 -4.1417 -37.4939 -1.4069 -4.0044 -36.7775 -2.0066 -3.5604 -37.2662 -1.8754
4 26 -4.1417 -37.4939 -1.4069 -3.7882 -37.6707 -1.4591 -3.8766 -37.6927 -1.3971 -4.0312 -37.6265 -1.3661
4 26 -3.8324 -29.8724 -5.1023 -4.0053 -29.8146 -5.0485 -4.0394 -29.3899 -5.1345 -3.501 -29.4747 -5.3242
4 26 -3.7661 -30.027 -5.0919 -3.8324 -29.8724 -5.1023 -3.501 -29.4747 -5.3242 -3.3188 -30.0163 -5.2685
3 26 -3.3188 -30.0163 -5.2685 -3.7661 -30.085 -5.0783 -3.7661 -30.027 -5.0919
4 26 -2.9627 -31.2346 -4.9407 -3.9487 -31.3544 -4.5439 -3.9759 -30.3117 -4.9176 -3.8378 -30.275 -4.9805
4 26 -1.672 -32.65 -4.882 -2.3523 -32.3245 -4.7583 -2.4848 -32.2362 -4.7434 -2.5732 -31.6618 -4.923
4 26 -2.9627 -31.2346 -4.9407 -2.9929 -31.485 -4.8378 -3.6557 -31.706 -4.5195 -3.9487 -31.3544 -4.5439
4 26 -2.7278 -32.2362 -4.6564 -3.6557 -31.8385 -4.4707 -2.9929 -31.485 -4.8378 -2.8383 -31.6618 -4.8281
3 26 -3.6557 -31.706 -4.5195 -2.9929 -31.485 -4.8378 -3.6557 -31.8385 -4.4707
3 26 -1.672 -32.65 -4.882 -2.2861 -32.7002 -4.6438 -2.2418 -32.6117 -4.6922
3 26 -1.672 -32.65 -4.882 -2.2418 -32.6117 -4.6922 -2.2639 -32.4571 -4.7412
4 26 -3.7661 -31.8827 -4.4149 -3.8103 -32.678 -4.1067 -3.911 -32.7954 -4.0275 -3.934 -31.9163 -4.3425
3 26 -1.672 -32.65 -4.882 -2.2639 -32.4571 -4.7412 -2.3523 -32.3245 -4.7583
3 26 -2.7504 -32.7382 -4.4637 -3.4295 -32.7937 -4.2004 -2.8383 -32.6338 -4.4707
4 26 -3.5231 -32.7001 -4.2013 -2.8604 -32.3908 -4.5521 -2.8383 -32.6338 -4.4707 -3.4295 -32.7937 -4.2004
4 26 -3.6557 -31.8385 -4.4707 -3.5231 -32.7001 -4.2013 -3.8103 -32.678 -4.1067 -3.7661 -31.8827 -4.4149
4 26 -2.8383 -31.6618 -4.8281 -2.5732 -31.6618 -4.923 -2.4848 -32.2362 -4.7434 -2.7278 -32.2362 -4.6564
3 26 4.6227 -26.3161 -5.438 5.4727 -24.1205 -5.2438 5.4902 -24.217 -5.1926
4 26 5.5123 -25.4541 -4.7567 5.3576 -25.5204 -4.903 5.5565 -24.3495 -5.0764 5.6023 -24.3953 -5.0113
3 26 5.6023 -24.3953 -5.0113 5.6524 -25.4741 -4.5975 5.5123 -25.4541 -4.7567
4 26 5.3135 -25.6308 -4.9143 4.6227 -26.3161 -5.438 5.4902 -24.217 -5.1926 5.3576 -25.5204 -4.903
3 26 5.4902 -24.217 -5.1926 5.5565 -24.3495 -5.0764 5.3576 -25.5204 -4.903
4 26 5.5565 -25.8738 -4.5689 5.6945 -26.3791 -4.2505 4.6227 -26.3161 -5.438 5.4239 -25.8738 -4.7132
3 26 5.6448 -25.8517 -4.4801 5.6678 -25.8057 -4.4704 5.6945 -26.3791 -4.2505
3 26 5.6448 -25.8517 -4.4801 5.6945 -26.3791 -4.2505 5.5565 -25.8738 -4.5689
3 26 5.4239 -25.8738 -4.7132 4.6227 -26.3161 -5.438 5.3576 -25.8075 -4.8074
3 26 5.3576 -25.8075 -4.8074 4.6227 -26.3161 -5.438 5.3135 -25.7192 -4.8849
3 26 5.6669 -26.7133 -4.1692 5.6945 -26.3791 -4.2505 5.724 -27.014 -4.007
4 26 1.9777 -23.267 -7.0978 1.995 -23.455 -7.073 .4303 -23.3217 -7.2518 1.8672 -23.2007 -7.1174
4 26 1.9556 -22.9136 -7.1435 1.8672 -22.9798 -7.1445 .4303 -23.3217 -7.2518 .4138 -22.7939 -7.3182
3 26 1.8672 -23.2007 -7.1174 .4303 -23.3217 -7.2518 1.8672 -22.9798 -7.1445
4 26 2.0881 -20.9474 -7.3707 2.028 -22.9136 -7.1359 1.9556 -22.9136 -7.1435 1.9529 -20.9672 -7.3823
3 26 2.0881 -20.9474 -7.3707 2.152 -20.8836 -7.3719 2.028 -22.9136 -7.1359
3 26 .7653 -29.5916 -6.0831 .5026 -29.5423 -6.1208 .7405 -29.4305 -6.1223
3 26 -1.2265 -23.3895 -7.1608 -.0989 -23.3112 -7.287 -1.0489 -23.3996 -7.1773
3 26 -1.0489 -23.3996 -7.1773 -.0989 -23.3112 -7.287 -.9384 -23.5763 -7.1619
3 26 -.9384 -23.5763 -7.1619 -.0989 -23.3112 -7.287 -.8501 -23.753 -7.1443
3 26 -1.995 -23.455 -7.073 -1.4465 -23.5984 -7.1071 -1.557 -23.8635 -7.0559
4 26 -.9163 -24.3937 -7.0411 -1.5128 -23.974 -7.0438 -1.2477 -24.0623 -7.0574 -1.071 -24.217 -7.052
3 26 -1.995 -23.455 -7.073 -1.557 -23.8635 -7.0559 -1.5128 -23.974 -7.0438
3 26 -.1652 -25.8517 -6.8978 -.5316 -25.908 -6.8522 -.0929 -25.6067 -6.9421
3 26 -.5316 -25.908 -6.8522 -1.995 -23.455 -7.073 -1.5128 -23.974 -7.0438
3 26 -.0902 -25.3677 -6.9783 -.0929 -25.6067 -6.9421 -.342 -25.2553 -6.9697
4 26 -.4966 -25.1227 -6.974 -.342 -25.2553 -6.9697 -.0929 -25.6067 -6.9421 -.5316 -25.908 -6.8522
4 26 -.4966 -25.1227 -6.974 -.5316 -25.908 -6.8522 -1.5128 -23.974 -7.0438 -.9163 -24.3937 -7.0411
4 26 -.7175 -24.1286 -7.1012 -.0769 -24.1831 -7.158 -.2978 -24.7251 -7.054 -.7175 -24.2611 -7.0813
3 26 -.2978 -24.7251 -7.054 -.0769 -24.1831 -7.158 -.0825 -24.6819 -7.0823
4 26 -.8501 -24.3937 -7.0479 -.5187 -24.9239 -7.0017 -.4966 -25.1227 -6.974 -.9163 -24.3937 -7.0411
4 26 -.8059 -19.9975 -7.534 0 -18.555 -7.625 0 -20.575 -7.613 -.6954 -20.1521 -7.5444
4 26 -.6512 -20.3951 -7.5475 -.6954 -20.1521 -7.5444 0 -20.575 -7.613 -.3243 -20.5966 -7.5797
3 26 -.3243 -20.5966 -7.5797 -.7175 -20.4614 -7.5403 -.6512 -20.3951 -7.5475
4 26 -1.7834 -20.34 -7.432 0 -18.555 -7.625 -.9384 -19.9312 -7.5208 -1.0268 -19.9754 -7.5115
4 26 -1.0268 -19.9754 -7.5115 -1.0268 -20.1521 -7.5105 -1.7558 -20.3951 -7.4345 -1.7834 -20.34 -7.432
4 26 -1.0268 -20.1521 -7.5105 -.9384 -20.3289 -7.5185 -1.7558 -20.5719 -7.4334 -1.7558 -20.3951 -7.4345
4 26 -.7838 -20.4614 -7.5335 -.3243 -20.5966 -7.5797 -1.9546 -20.7052 -7.4123 -1.8442 -20.6602 -7.4239
4 26 -.9384 -20.3289 -7.5185 -.7838 -20.4614 -7.5335 -1.8442 -20.6602 -7.4239 -1.7558 -20.5719 -7.4334
3 26 -.7838 -20.4614 -7.5335 -.7175 -20.4614 -7.5403 -.3243 -20.5966 -7.5797
3 82 -4.198 -27.413 -5.535 -5.4474 -28.2219 -4.2483 -5.5249 -27.0661 -4.2064
3 26 3.4874 -36.7664 -2.2316 3.289 -36.313 -2.5667 4.051 -36.426 -2.242
4 26 1.5814 -32.8204 -4.8128 1.674 -32.8686 -4.7774 1.6783 -33.3197 -4.5616 1.3096 -33.3314 -4.6054
3 26 -3.9347 -24.8561 -6.0883 -4.2332 -23.7094 -6.0773 -3.812 -23.665 -6.346
3 26 -4.789 -37.8912 -.7789 -3.9645 -38.4912 -.7623 -5.077 -38.463 -.208
3 26 -3.6253 -38.4998 -.9313 -3.1854 -37.9086 -1.5952 -2.8284 -38.52 -1.3284
3 26 4.1518 -36.4345 -2.1757 4.1896 -36.7013 -1.9672 4.051 -36.426 -2.242
4 26 1.3181 -29.6953 -6.0037 1.2707 -29.3864 -6.079 1.7407 -29.4011 -6.0283 1.727 -29.772 -5.945
3 82 -3.9759 -30.3117 -4.9176 -3.981 -30.118 -4.987 -3.8378 -30.275 -4.9805
4 82 -.1431 -20.9695 -7.554 -.4303 -20.7486 -7.5521 -.4303 -20.6602 -7.5623 -.3243 -20.5966 -7.5797
3 82 1.5814 -32.8204 -4.8128 1.4968 -32.628 -4.9065 1.672 -32.65 -4.882
3 82 1.5814 -32.8204 -4.8128 1.672 -32.65 -4.882 1.674 -32.8686 -4.7774
4 82 .0999 -31.8164 -5.3329 .1662 -31.8827 -5.304 .251 -32.0523 -5.2365 0 -31.8307 -5.3353
3 82 1.9432 -32.3526 -4.8943 1.672 -32.65 -4.882 1.6782 -32.3241 -5.0024
4 82 -4.9069 -30.198 -4.1909 -4.7161 -30.0049 -4.398 -4.3743 -29.8998 -4.7102 -3.981 -30.118 -4.987
4 82 -2.2861 -32.7002 -4.6438 -2.4406 -32.8326 -4.527 -2.6174 -32.8326 -4.4653 -2.7504 -32.7382 -4.4637
3 82 -3.9425 -32.8321 -3.9909 -3.3685 -32.9873 -4.1297 -3.6569 -33.2054 -3.9254
3 82 -3.9425 -32.8321 -3.9909 -3.6569 -33.2054 -3.9254 -3.9245 -33.2037 -3.8312
5 24 -3.9425 -32.8321 -3.9909 -3.6569 -33.2054 -3.9254 -3.3685 -32.9873 -4.1297 -3.9245 -33.2037 -3.8312
3 82 4.1539 -26.9843 -5.6278 4.198 -27.413 -5.535 2.2466 -26.9922 -6.4047
3 82 2.1544 -23.2007 -7.0473 1.9777 -23.267 -7.0978 2.1765 -23.0682 -7.0573
4 82 2.0218 -31.8827 -5.0423 1.8451 -31.7722 -5.1488 1.823 -31.485 -5.265 2.2648 -31.8164 -4.978
3 82 1.6782 -32.3241 -5.0024 1.672 -32.65 -4.882 1.4916 -32.5233 -4.9458
4 82 -1.5128 -22.5822 -7.2301 -1.4686 -22.6926 -7.2211 -1.5791 -22.9577 -7.1771 -1.7337 -22.4938 -7.2179
4 82 -4.2963 -31.4409 -4.2599 -4.0754 -32.0152 -4.2029 -4.7382 -31.9048 -3.7654 -4.6719 -31.463 -3.9801
3 82 -4.145 -30.3608 -4.7768 -3.981 -30.118 -4.987 -3.9759 -30.3117 -4.9176
4 82 -.9384 -27.9946 -6.4286 -.1714 -29.2101 -6.23 -1.6012 -29.2317 -6.081 -1.833 -26.903 -6.589
4 82 4.4298 -21.1241 -6.3225 4.2089 -21.3451 -6.3976 3.9994 -21.2765 -6.4958 4.0278 -20.9146 -6.5185
4 82 4.1647 -22.4055 -6.314 4.1205 -22.6043 -6.3141 4.0542 -22.6706 -6.3366 3.8884 -22.6913 -6.4071
4 82 4.198 -27.413 -5.535 5.4807 -28.1806 -4.2311 5.3634 -28.752 -4.1764 4.0907 -28.7503 -5.2641
4 82 .4312 -32.4942 -5.0556 .1662 -32.5896 -5.0348 0 -32.5952 -5.0462 0 -32.44 -5.116
4 82 -.6375 -31.4551 -5.422 -.9826 -31.2862 -5.4525 -.8721 -31.2199 -5.4874 -.7738 -31.2445 -5.4875
4 82 5.798 -23.9834 -4.7995 5.8437 -24.1507 -4.6702 5.6669 -24.46 -4.8804 5.6023 -24.3953 -5.0113
4 82 1.9529 -20.9672 -7.3823 1.823 -20.9032 -7.402 1.7491 -20.6915 -7.4334 2.162 -20.719 -7.391
4 82 .9394 -21.809 -7.3817 .7847 -21.6543 -7.4142 .9394 -21.3451 -7.4351 1.2265 -21.6985 -7.3671
4 82 -2.2033 -20.3566 -7.3944 -1.9325 -20.2626 -7.4203 -1.7834 -20.34 -7.432 -2.162 -20.719 -7.391
3 82 -4.3847 -28.4806 -5.0861 -4.3405 -28.3922 -5.1478 -4.3626 -28.5469 -5.087
3 82 4.3643 -26.9835 -5.497 4.198 -27.413 -5.535 4.1539 -26.9843 -5.6278
4 82 3.1043 -21.0137 -6.931 3.1264 -21.1242 -6.91 2.9055 -21.2788 -6.9958 2.8834 -20.9695 -7.0364
4 82 -.0989 -28.1492 -6.4682 -.2094 -27.5969 -6.5793 -.0989 -27.2656 -6.6614 0 -28.2779 -6.4488
4 82 2.3311 -24.8355 -6.7261 2.309 -24.946 -6.7171 2.2427 -25.0343 -6.7284 2.2869 -24.7692 -6.7535
4 82 3.1706 -20.2847 -6.9536 3.1706 -20.1521 -6.9618 3.259 -20.0859 -6.9252 3.3031 -20.3068 -6.8912
4 82 5.6448 -23.7751 -5.1446 5.7774 -23.9077 -4.868 5.798 -23.9834 -4.7995 5.577 -23.851 -5.22
4 82 2.2466 -26.9922 -6.4047 4.198 -27.413 -5.535 4.0907 -28.7503 -5.2641 2.7989 -28.7486 -5.7671
4 82 3.4799 -29.784 -5.2601 3.3473 -29.6735 -5.3375 3.3325 -29.3448 -5.4201 3.8996 -29.3864 -5.1897
4 82 2.9055 -31.8164 -4.7472 3.038 -31.8827 -4.6754 2.9497 -32.3466 -4.5364 2.5962 -32.3024 -4.6792
4 82 -3.8324 -21.1904 -6.5806 -3.965 -21.0579 -6.5331 -3.965 -20.9032 -6.5483 -3.9055 -20.8636 -6.5794
3 82 -3.9429 -32.9008 -3.9619 -3.9425 -32.8321 -3.9909 -3.9245 -33.2037 -3.8312
4 82 -.8501 -30.2037 -5.8563 -1.1557 -29.9166 -5.9364 -.4855 -29.9386 -5.9795 -.6291 -30.1817 -5.8811
4 82 .7626 -23.9077 -7.1299 1.0498 -24.1949 -7.0575 .8952 -24.1949 -7.0732 .851 -24.1507 -7.0843
4 82 1.5358 -20.3068 -7.4575 1.4254 -20.3951 -7.4683 1.2707 -20.3951 -7.4841 1.5358 -20.1742 -7.4583
4 82 4.5194 -23.7395 -5.8947 4.3491 -23.7216 -6.0034 4.3414 -23.267 -6.1211 4.6256 -23.2771 -5.9448
3 82 5.5889 -23.7938 -5.2269 5.577 -23.851 -5.22 5.4839 -23.8412 -5.2794
4 82 -2.4406 -23.9739 -6.8207 -3.0371 -24.1065 -6.572 -3.1165 -23.5846 -6.6243 -2.5564 -23.5199 -6.8484
3 82 -5.8869 -22.9798 -5.1168 -5.909 -22.6926 -5.2131 -5.7102 -23.0682 -5.3333
3 82 -2.9487 -28.9666 -5.6579 -3.1034 -28.9003 -5.6132 -3.6579 -27.9286 -5.6246
3 82 -3.4295 -32.7937 -4.2004 -3.9425 -32.8321 -3.9909 -3.5231 -32.7001 -4.2013
4 82 -2.3523 -32.3245 -4.7583 -2.7504 -32.7382 -4.4637 -2.8604 -32.3908 -4.5521 -2.4848 -32.2362 -4.7434
4 82 5.3135 -25.7192 -4.8849 5.3135 -25.6308 -4.9143 5.3576 -25.5204 -4.903 5.5123 -25.4541 -4.7567
4 82 4.1868 -20.7486 -6.4643 4.2973 -20.7265 -6.418 4.4298 -20.7707 -6.356 4.4586 -20.8857 -6.333
4 82 1.8672 -23.2007 -7.1174 1.8672 -22.9798 -7.1445 1.9556 -22.9136 -7.1435 2.028 -22.9136 -7.1359
4 82 4.6065 -31.9048 -3.8606 4.5182 -31.8606 -3.9412 4.6507 -31.3304 -4.0454 4.7948 -31.3226 -3.9441
4 82 -.7838 -20.4614 -7.5335 -.9384 -20.3289 -7.5185 -.6954 -20.1521 -7.5444 -.6512 -20.3951 -7.5475
4 82 0 -20.9695 -7.5676 -.1431 -20.9695 -7.554 -.3243 -20.5966 -7.5797 0 -20.575 -7.613
3 82 0 -32.44 -5.116 0 -31.8307 -5.3353 .251 -32.0523 -5.2365
4 82 1.9114 -20.5719 -7.4175 2.0564 -20.6133 -7.4024 2.162 -20.719 -7.391 1.7491 -20.6915 -7.4334
3 82 1.7567 -20.6381 -7.4329 1.9114 -20.5719 -7.4175 1.7491 -20.6915 -7.4334
4 82 5.5565 -24.3495 -5.0764 5.4902 -24.217 -5.1926 5.4727 -24.1205 -5.2438 5.577 -23.851 -5.22
3 82 5.6023 -24.3953 -5.0113 5.5565 -24.3495 -5.0764 5.577 -23.851 -5.22
3 82 -4.8707 -30.0712 -4.2521 -4.7161 -30.0049 -4.398 -4.9069 -30.198 -4.1909
3 82 -2.3081 -32.7443 -4.6152 -2.4406 -32.8326 -4.527 -2.2861 -32.7002 -4.6438
3 82 -3.4295 -32.7937 -4.2004 -3.3685 -32.9873 -4.1297 -3.9425 -32.8321 -3.9909
3 82 -3.3906 -32.8326 -4.1955 -3.3685 -32.9873 -4.1297 -3.4295 -32.7937 -4.2004
3 82 -3.4127 -33.1861 -4.0198 -3.6569 -33.2054 -3.9254 -3.3685 -32.9873 -4.1297
4 82 2.7288 -26.0064 -6.3798 3.0871 -26.3634 -6.1713 2.4704 -26.3586 -6.4238 2.552 -26.161 -6.425
3 82 2.9497 -25.9843 -6.2935 3.0871 -26.3634 -6.1713 2.7288 -26.0064 -6.3798
4 82 3.4799 -25.0564 -6.2389 3.3252 -25.0564 -6.302 3.2148 -24.946 -6.3664 3.2148 -24.8134 -6.3895
3 82 3.259 -24.6809 -6.3946 3.3694 -24.6367 -6.3572 3.2148 -24.8134 -6.3895
3 82 3.502 -24.6367 -6.3031 3.6124 -24.7472 -6.2388 3.3694 -24.6367 -6.3572
3 82 3.6124 -24.9239 -6.208 3.4799 -25.0564 -6.2389 3.6124 -24.7472 -6.2388
4 82 3.6124 -24.7472 -6.2388 3.4799 -25.0564 -6.2389 3.2148 -24.8134 -6.3895 3.3694 -24.6367 -6.3572
4 82 2.3974 -22.3834 -7.0682 2.309 -22.4496 -7.0928 2.1102 -22.4275 -7.1723 2.1102 -22.2066 -7.2031
4 82 2.5078 -22.2508 -7.0443 2.3974 -22.3834 -7.0682 2.1102 -22.2066 -7.2031 2.1765 -22.0741 -7.1962
3 82 2.3311 -21.9857 -7.1492 2.5078 -22.2508 -7.0443 2.1765 -22.0741 -7.1962
4 82 2.5078 -22.0299 -7.0751 2.5078 -22.2508 -7.0443 2.3311 -21.9857 -7.1492 2.4195 -21.9857 -7.1152
3 82 2.028 -22.9136 -7.1359 2.1765 -23.0682 -7.0573 1.9777 -23.267 -7.0978
3 82 2.1544 -22.9577 -7.0813 2.1765 -23.0682 -7.0573 2.028 -22.9136 -7.1359
4 82 3.3252 -23.4658 -6.5607 3.4357 -23.5763 -6.5029 2.9497 -23.5984 -6.6858 3.0822 -23.4879 -6.6509
4 82 1.8296 -26.9939 -6.5686 2.2466 -26.9922 -6.4047 2.7989 -28.7486 -5.7671 1.7649 -28.7473 -6.175
4 82 3.3473 -30.4467 -5.096 3.6413 -30.4906 -4.9716 3.1769 -30.9997 -4.9504 3.1927 -30.5793 -5.1029
4 82 3.0822 -30.9328 -5.0104 3.0822 -30.8223 -5.052 3.1927 -30.5793 -5.1029 3.1769 -30.9997 -4.9504
4 82 3.6124 -30.4247 -5.0069 3.6413 -30.4906 -4.9716 3.3473 -30.4467 -5.096 3.5241 -30.4026 -5.0477
3 82 1.7788 -31.6176 -5.2313 1.823 -31.485 -5.265 1.8451 -31.7722 -5.1488
4 82 2.552 -31.3525 -5.0472 2.2648 -31.8164 -4.978 1.823 -31.485 -5.265 2.0881 -31.2641 -5.2508
4 82 2.4416 -31.0874 -5.1875 2.552 -31.3525 -5.0472 2.0881 -31.2641 -5.2508 2.2869 -31.1316 -5.2277
3 82 2.552 -31.1537 -5.122 2.552 -31.3525 -5.0472 2.4416 -31.0874 -5.1875
3 82 2.1986 -31.8606 -4.9857 2.0218 -31.8827 -5.0423 2.2648 -31.8164 -4.978
4 82 2.6404 -30.0712 -5.497 2.6183 -30.3363 -5.4053 2.552 -30.4247 -5.3964 2.3974 -30.4909 -5.4282
3 82 2.2427 -30.4909 -5.485 2.1102 -30.3805 -5.5753 2.3974 -30.4909 -5.4282
4 82 2.066 -30.27 -5.6331 2.0881 -30.1375 -5.6748 2.309 -29.9386 -5.6685 2.1102 -30.3805 -5.5753
4 82 2.6404 -30.0712 -5.497 2.3974 -30.4909 -5.4282 2.1102 -30.3805 -5.5753 2.309 -29.9386 -5.6685
3 82 2.1544 -30.0049 -5.7004 2.309 -29.9386 -5.6685 2.0881 -30.1375 -5.6748
3 82 2.5078 -29.9386 -5.5955 2.6404 -30.0712 -5.497 2.309 -29.9386 -5.6685
3 82 1.4968 -32.628 -4.9065 1.4916 -32.5233 -4.9458 1.672 -32.65 -4.882
3 82 1.2707 -30.8223 -5.5978 1.4033 -31.0874 -5.487 1.2707 -30.999 -5.5322
3 82 1.4033 -30.6898 -5.6346 1.5358 -30.6897 -5.6222 1.2707 -30.8223 -5.5978
4 82 1.5358 -31.0874 -5.4747 1.4033 -31.0874 -5.487 1.2707 -30.8223 -5.5978 1.5358 -30.6897 -5.6222
4 82 1.6463 -30.7339 -5.5955 1.7061 -30.8668 -5.5406 1.6684 -30.999 -5.4951 1.5358 -30.6897 -5.6222
3 82 1.5358 -31.0874 -5.4747 1.5358 -30.6897 -5.6222 1.6684 -30.999 -5.4951
4 82 1.1161 -31.6176 -5.3171 1.2265 -31.9048 -5.2002 .8068 -31.9048 -5.2393 .8068 -31.7501 -5.2967
3 82 .9173 -31.6176 -5.3356 1.1161 -31.6176 -5.3171 .8068 -31.7501 -5.2967
3 82 1.2486 -31.7501 -5.2555 1.2265 -31.9048 -5.2002 1.1161 -31.6176 -5.3171
4 82 .8952 -32.0152 -5.1901 .8068 -31.9048 -5.2393 1.2265 -31.9048 -5.2002 1.1161 -32.0152 -5.1695
3 82 -5.6448 -25.3088 -4.6609 -5.4893 -25.6308 -4.723 -5.6558 -25.5475 -4.5694
4 82 -5.1579 -25.0122 -5.2895 -5.423 -25.0564 -4.9863 -5.3788 -24.9681 -5.0638 -5.2683 -24.946 -5.1914
4 82 -5.4893 -25.6308 -4.723 -5.6448 -25.3088 -4.6609 -5.423 -25.0564 -4.9863 -5.3125 -25.6308 -4.9153
3 82 -5.1579 -25.8738 -5.0027 -4.9092 -25.5759 -5.3725 -5.0253 -25.9622 -5.1176
4 82 -5.1579 -25.0122 -5.2895 -4.9092 -25.5759 -5.3725 -5.1579 -25.8738 -5.0027 -5.2683 -25.675 -4.9487
4 82 -4.8265 -25.8959 -5.356 -4.9149 -25.9622 -5.2378 -5.0253 -25.9622 -5.1176 -4.9092 -25.5759 -5.3725
4 82 -5.423 -25.0564 -4.9863 -5.1579 -25.0122 -5.2895 -5.2683 -25.675 -4.9487 -5.3125 -25.6308 -4.9153
4 82 -4.8044 -20.616 -6.2063 -4.3184 -20.4835 -6.4307 -4.3184 -20.6602 -6.4147 -4.4731 -20.8149 -6.3331
4 82 -4.6498 -20.8149 -6.2558 -4.7382 -20.7486 -6.2232 -4.8044 -20.616 -6.2063 -4.4731 -20.8149 -6.3331
3 82 -4.8044 -20.4172 -6.2243 -4.7161 -20.3289 -6.2709 -4.8044 -20.616 -6.2063
3 82 -4.6277 -20.2847 -6.3135 -4.5172 -20.2847 -6.3618 -4.7161 -20.3289 -6.2709
3 82 -4.3847 -20.3509 -6.4138 -4.3184 -20.4835 -6.4307 -4.5172 -20.2847 -6.3618
4 82 -4.3184 -20.4835 -6.4307 -4.8044 -20.616 -6.2063 -4.7161 -20.3289 -6.2709 -4.5172 -20.2847 -6.3618
3 82 -2.0475 -22.5955 -7.1729 -1.9546 -23.0682 -7.1246 -2.0182 -23.0746 -7.1172
4 82 -1.8884 -22.5159 -7.1992 -1.6674 -23.0019 -7.1625 -1.9546 -23.0682 -7.1246 -2.0475 -22.5955 -7.1729
4 82 -1.5791 -22.9577 -7.1771 -1.6674 -23.0019 -7.1625 -1.8884 -22.5159 -7.1992 -1.7337 -22.4938 -7.2179
3 82 -1.4686 -22.8694 -7.1994 -1.5791 -22.9577 -7.1771 -1.4686 -22.6926 -7.2211
4 82 -.3614 -22.856 -7.316 -.0548 -23.22 -7.3033 -.0989 -23.3112 -7.287 -.2978 -23.2449 -7.275
4 82 -.4524 -22.9798 -7.2914 -.3614 -22.856 -7.316 -.2978 -23.2449 -7.275 -.3861 -23.1787 -7.2739
4 82 -.8942 -22.0299 -7.3605 -1.0217 -22.0724 -7.3435 -1.2698 -21.8974 -7.3392 -1.3122 -21.7275 -7.3556
4 82 -1.2035 -22.0299 -7.3299 -1.2698 -21.8974 -7.3392 -1.0217 -22.0724 -7.3435 -1.1152 -22.0741 -7.3336
4 82 -4.0975 -31.2862 -4.462 -3.9487 -31.3544 -4.5439 -3.934 -31.9163 -4.3425 -4.23 -31.3967 -4.3245
3 82 -4.0754 -32.1036 -4.1696 -4.1638 -32.2141 -4.064 -4.0754 -32.0152 -4.2029
4 82 -4.23 -31.3967 -4.3245 -3.934 -31.9163 -4.3425 -4.0754 -32.0152 -4.2029 -4.2963 -31.4409 -4.2599
4 82 -4.7382 -31.9048 -3.7654 -4.0754 -32.0152 -4.2029 -4.1638 -32.2141 -4.064 -4.2742 -32.2141 -3.9842
4 82 -4.8044 -31.5955 -3.8342 -4.6719 -31.463 -3.9801 -4.7382 -31.9048 -3.7654 -4.8044 -31.7722 -3.7675
3 82 -1.833 -26.903 -6.589 -1.6012 -29.2317 -6.081 -1.7399 -29.4229 -6.0234
3 82 1.9058 -25.3536 -6.8065 1.8451 -24.5925 -6.9222 1.9446 -24.5268 -6.9226
4 82 1.823 -25.432 -6.8027 1.4695 -25.0122 -6.8959 1.8451 -24.5925 -6.9222 1.9058 -25.3536 -6.8065
3 82 1.6242 -25.5645 -6.8018 1.2928 -25.2773 -6.8737 1.7346 -25.4762 -6.8044
4 82 1.2265 -25.4762 -6.851 1.2928 -25.2773 -6.8737 1.6242 -25.5645 -6.8018 1.4254 -25.6308 -6.8104
4 82 1.2265 -25.5645 -6.8382 1.2265 -25.4762 -6.851 1.4254 -25.6308 -6.8104 1.2928 -25.6308 -6.8226
4 82 1.823 -25.432 -6.8027 1.7346 -25.4762 -6.8044 1.2928 -25.2773 -6.8737 1.4695 -25.0122 -6.8959
3 82 4.474 -20.9474 -6.3203 4.4298 -21.1241 -6.3225 4.4586 -20.8857 -6.333
3 82 4.0542 -21.3451 -6.4652 3.9994 -21.2765 -6.4958 4.2089 -21.3451 -6.3976
4 82 4.0322 -22.2066 -6.3912 4.1647 -22.4055 -6.314 3.8884 -22.6913 -6.4071 3.9257 -22.2155 -6.4369
3 82 4.1205 -22.2287 -6.3505 4.1647 -22.4055 -6.314 4.0322 -22.2066 -6.3912
3 82 .3871 -32.5454 -5.0363 .1662 -32.5896 -5.0348 .4312 -32.4942 -5.0556
3 82 -2.0182 -23.0746 -7.1172 -2.1093 -22.6264 -7.1449 -2.0475 -22.5955 -7.1729
4 82 -2.1755 -23.0903 -7.0546 -2.3081 -22.8473 -7.0377 -2.1093 -22.6264 -7.1449 -2.0182 -23.0746 -7.1172
4 82 -2.3081 -22.8473 -7.0377 -2.1755 -23.0903 -7.0546 -2.286 -23.0682 -7.0153 -2.3302 -23.0019 -7.0076
3 82 -2.6272 -21.5495 -7.0964 -2.4627 -21.566 -7.1572 -2.8162 -21.887 -6.9767
3 82 -2.3523 -21.6323 -7.1904 -2.286 -21.7648 -7.1973 -2.4627 -21.566 -7.1572
4 82 -2.4406 -22.1404 -7.0855 -2.5953 -22.1404 -7.0261 -2.286 -21.7648 -7.1973 -2.286 -21.9857 -7.1665
4 82 -2.8162 -21.9415 -6.9691 -2.8162 -21.887 -6.9767 -2.5953 -22.1404 -7.0261 -2.7278 -22.0741 -6.9845
4 82 -2.4627 -21.566 -7.1572 -2.286 -21.7648 -7.1973 -2.5953 -22.1404 -7.0261 -2.8162 -21.887 -6.9767
4 82 -2.6395 -23.4217 -6.8302 -2.5564 -23.5199 -6.8484 -3.1165 -23.5846 -6.6243 -2.7278 -23.3996 -6.7994
4 82 -3.1034 -23.5321 -6.6366 -2.9487 -23.3996 -6.7145 -2.7278 -23.3996 -6.7994 -3.1165 -23.5846 -6.6243
3 82 -1.833 -26.903 -6.589 -3.1697 -27.5969 -5.8963 -3.1635 -27.1899 -5.996
4 82 -1.833 -26.903 -6.589 -1.7399 -29.4229 -6.0234 -1.8842 -29.6219 -5.9189 -3.1697 -27.5969 -5.8963
4 82 -2.9487 -28.9666 -5.6579 -3.6579 -27.9286 -5.6246 -3.1697 -27.5969 -5.8963 -1.8842 -29.6219 -5.9189
4 82 -2.4186 -31.5292 -5.0297 -2.5732 -31.6618 -4.923 -2.9627 -31.2346 -4.9407 -2.7573 -31.08 -5.0743
4 82 -2.3965 -31.1758 -5.1708 -2.4186 -31.5292 -5.0297 -2.7573 -31.08 -5.0743 -2.4406 -31.1537 -5.1629
4 82 -1.9104 -31.6618 -5.1664 -1.6908 -31.6639 -5.2462 -1.6833 -32.0597 -5.1 -1.9988 -31.7501 -5.1007
3 82 -1.8442 -32.0815 -5.0327 -1.9104 -32.0373 -5.025 -1.6833 -32.0597 -5.1
4 82 -1.6833 -32.0597 -5.1 -1.9104 -32.0373 -5.025 -1.9988 -31.949 -5.0258 -1.9988 -31.7501 -5.1007
4 82 -1.5128 -30.8886 -5.5506 -1.7069 -30.8259 -5.5558 -1.7115 -30.5824 -5.6457 -1.6012 -30.5351 -5.6735
4 82 -1.3361 -30.756 -5.6163 -1.5128 -30.8886 -5.5506 -1.6012 -30.5351 -5.6735 -1.4465 -30.5572 -5.6798
3 82 -1.3361 -30.6235 -5.6655 -1.3361 -30.756 -5.6163 -1.4465 -30.5572 -5.6798
3 82 -1.3582 -30.8444 -5.5814 -1.5128 -30.8886 -5.5506 -1.3361 -30.756 -5.6163
3 82 -1.6233 -30.8886 -5.5403 -1.7069 -30.8259 -5.5558 -1.5128 -30.8886 -5.5506
3 82 -1.6908 -31.6639 -5.2462 -1.6233 -31.9931 -5.1303 -1.6833 -32.0597 -5.1
3 82 -1.6012 -31.7943 -5.2062 -1.6233 -31.9931 -5.1303 -1.6908 -31.6639 -5.2462
3 82 -1.5791 -31.9269 -5.159 -1.6233 -31.9931 -5.1303 -1.6012 -31.7943 -5.2062
3 82 -.6512 -31.5513 -5.385 -.7175 -31.5955 -5.3625 -.6375 -31.4551 -5.422
4 82 -.6375 -31.4551 -5.422 -1.0047 -31.5292 -5.3602 -1.0489 -31.3967 -5.4053 -.9826 -31.2862 -5.4525
4 82 -.9163 -31.6176 -5.3357 -1.0047 -31.5292 -5.3602 -.6375 -31.4551 -5.422 -.7175 -31.5955 -5.3625
3 82 5.798 -23.9834 -4.7995 5.6023 -24.3953 -5.0113 5.577 -23.851 -5.22
4 82 5.6669 -24.46 -4.8804 5.8437 -24.1507 -4.6702 5.8216 -24.3716 -4.6412 5.7553 -24.46 -4.7284
3 82 1.7346 -20.7928 -7.4231 1.7491 -20.6915 -7.4334 1.823 -20.9032 -7.402
3 82 .5257 -20.61 -7.559 .365 -20.7707 -7.5558 0 -20.575 -7.613
3 82 .2766 -20.8811 -7.5515 0 -20.575 -7.613 .365 -20.7707 -7.5558
4 82 0 -20.9695 -7.5676 0 -20.575 -7.613 .2766 -20.8811 -7.5515 .1662 -20.9695 -7.5518
3 82 .7847 -21.4997 -7.432 .9394 -21.3451 -7.4351 .7847 -21.6543 -7.4142
3 82 1.1382 -21.3451 -7.4162 1.2486 -21.4555 -7.393 .9394 -21.3451 -7.4351
4 82 1.2265 -21.6985 -7.3671 .9394 -21.3451 -7.4351 1.2486 -21.4555 -7.393 1.2707 -21.566 -7.3782
3 82 1.094 -21.809 -7.367 .9394 -21.809 -7.3817 1.2265 -21.6985 -7.3671
3 82 .5147 -28.7334 -6.3042 .2324 -27.0005 -6.7076 1.7673 -26.9942 -6.5748
4 82 .2324 -27.0005 -6.7076 .5147 -28.7334 -6.3042 .3871 -28.7015 -6.3223 .122 -28.4364 -6.4034
4 82 .122 -28.4364 -6.4034 0 -28.2779 -6.4488 0 -27.1172 -6.7025 .2324 -27.0005 -6.7076
4 82 -1.7558 -24.6146 -6.9272 -1.6895 -24.6588 -6.9268 -1.8663 -25.3657 -6.8084 -1.9104 -24.6146 -6.913
3 82 -1.4244 -25.0564 -6.8936 -1.8663 -25.3657 -6.8084 -1.6895 -24.6588 -6.9268
4 82 -1.8663 -25.3657 -6.8084 -1.4244 -25.0564 -6.8936 -1.4244 -25.1669 -6.8776 -1.7337 -25.3657 -6.8205
3 82 -1.4907 -25.2994 -6.8524 -1.7337 -25.3657 -6.8205 -1.4244 -25.1669 -6.8776
3 82 -1.6854 -26.8946 -6.6037 -.6291 -26.5366 -6.7523 -.5755 -26.8317 -6.7145
4 82 -.5755 -26.8317 -6.7145 -.6291 -26.5366 -6.7523 -.5408 -26.5366 -6.7604 -.4966 -26.6028 -6.7549
3 82 -2.1314 -20.2847 -7.4022 -1.9325 -20.2626 -7.4203 -2.2033 -20.3566 -7.3944
3 82 -4.0754 -28.6573 -5.2918 -4.3405 -28.3922 -5.1478 -4.1309 -28.2498 -5.3655
3 82 -4.3626 -28.5469 -5.087 -4.3405 -28.3922 -5.1478 -4.0754 -28.6573 -5.2918
4 82 3.5241 -22.7368 -6.5692 3.502 -22.2508 -6.6272 3.9257 -22.2155 -6.4369 3.8884 -22.6913 -6.4071
4 82 3.3915 -22.3613 -6.6668 3.502 -22.2508 -6.6272 3.5241 -22.7368 -6.5692 3.3915 -22.6043 -6.6429
3 82 3.1043 -21.0137 -6.931 2.8834 -20.9695 -7.0364 3.038 -20.9474 -6.9679
3 82 3.0601 -21.2788 -6.9251 2.9055 -21.2788 -6.9958 3.1264 -21.1242 -6.91
4 82 2.9055 -21.2788 -6.9958 2.8171 -21.1904 -7.0449 2.8171 -21.0358 -7.0602 2.8834 -20.9695 -7.0364
3 82 4.9158 -30.3584 -4.135 4.7833 -30.4909 -4.2054 4.9158 -30.1817 -4.1874
4 82 4.5747 -30.1693 -4.4766 4.9158 -30.1817 -4.1874 4.7833 -30.4909 -4.2054 4.6065 -30.4909 -4.3527
4 82 4.5403 -30.2037 -4.4948 4.5747 -30.1693 -4.4766 4.6065 -30.4909 -4.3527 4.5182 -30.3805 -4.4598
4 82 .7847 -29.7177 -6.0362 .7653 -29.5916 -6.0831 1.3181 -29.6953 -6.0037 .8952 -29.8061 -5.996
4 82 1.1824 -29.8724 -5.9503 1.0277 -29.8724 -5.9621 .8952 -29.8061 -5.996 1.3181 -29.6953 -6.0037
4 82 .6301 -30.4467 -5.7856 .2103 -30.6014 -5.7618 .2103 -30.3584 -5.8493 .4533 -30.27 -5.8626
3 82 .2987 -30.27 -5.8744 .4533 -30.27 -5.8626 .2103 -30.3584 -5.8493
4 82 .3208 -30.7781 -5.6898 .2103 -30.6014 -5.7618 .6301 -30.4467 -5.7856 .6743 -30.6235 -5.7186
4 82 .608 -30.8444 -5.6441 .4092 -30.8444 -5.6592 .6743 -30.6235 -5.7186 .6522 -30.7781 -5.6646
3 82 .3208 -30.7781 -5.6898 .6743 -30.6235 -5.7186 .4092 -30.8444 -5.6592
4 82 -1.3122 -21.7275 -7.3556 -1.3361 -21.6323 -7.3643 -1.314 -21.3451 -7.3995 -.9384 -21.4334 -7.425
4 82 -1.2256 -21.2788 -7.4155 -1.1372 -21.2788 -7.4239 -.9384 -21.4334 -7.425 -1.314 -21.3451 -7.3995
4 82 -.8942 -22.0299 -7.3605 -1.3122 -21.7275 -7.3556 -.9384 -21.4334 -7.425 -.8059 -21.6102 -7.4173
4 82 -.7617 -21.8974 -7.3884 -.8942 -22.0299 -7.3605 -.8059 -21.6102 -7.4173 -.7396 -21.7869 -7.4032
3 82 -.5755 -26.8317 -6.7145 -.9384 -27.8841 -6.4528 -1.6854 -26.8946 -6.6037
3 82 -.121 -29.1213 -6.2538 -.1714 -29.2101 -6.23 -.9384 -27.9946 -6.4286
4 82 -.9384 -27.9946 -6.4286 -1.833 -26.903 -6.589 -1.6854 -26.8946 -6.6037 -.9384 -27.8841 -6.4528
3 82 0 -28.2779 -6.4488 -.0989 -27.2656 -6.6614 0 -27.1172 -6.7025
3 82 -.2094 -27.9283 -6.5069 -.2094 -27.5969 -6.5793 -.0989 -28.1492 -6.4682
3 82 3.4357 -23.5763 -6.5029 3.1706 -23.9298 -6.549 2.9497 -23.5984 -6.6858
4 82 3.4357 -23.7972 -6.4688 3.281 -23.9298 -6.5068 3.1706 -23.9298 -6.549 3.4357 -23.5763 -6.5029
3 82 3.1043 -23.9519 -6.5708 2.9939 -23.8856 -6.6235 3.1706 -23.9298 -6.549
4 82 2.9497 -23.5984 -6.6858 3.1706 -23.9298 -6.549 2.9939 -23.8856 -6.6235 2.9276 -23.753 -6.6697
4 82 2.2869 -24.7692 -6.7535 2.2427 -25.0343 -6.7284 1.9058 -25.3536 -6.8065 1.9446 -24.5268 -6.9226
3 82 2.066 -24.5262 -6.8763 2.2869 -24.7692 -6.7535 1.9446 -24.5268 -6.9226
4 82 3.3915 -20.2405 -6.8546 3.3031 -20.3068 -6.8912 3.259 -20.0859 -6.9252 3.3694 -20.13 -6.8716
3 82 3.2148 -20.3289 -6.9305 3.1706 -20.2847 -6.9536 3.3031 -20.3068 -6.8912
3 82 5.5889 -23.7938 -5.2269 5.6448 -23.7751 -5.1446 5.577 -23.851 -5.22
4 82 3.6566 -29.8061 -5.1862 3.8996 -29.3864 -5.1897 3.8996 -29.4747 -5.1691 3.8112 -29.7398 -5.1415
3 82 3.4799 -29.784 -5.2601 3.8996 -29.3864 -5.1897 3.6566 -29.8061 -5.1862
3 82 3.8333 -32.6117 -4.1228 3.745 -32.5454 -4.1788 3.9161 -32.5979 -4.0983
4 82 3.9161 -32.5979 -4.0983 3.745 -32.5454 -4.1788 3.6787 -32.4129 -4.2512 3.9278 -32.1504 -4.2586
4 82 3.9278 -32.1504 -4.2586 3.6787 -32.4129 -4.2512 3.7008 -32.2582 -4.3002 3.8112 -32.1699 -4.2932
4 82 3.7671 -30.7781 -4.8208 3.3694 -31.0211 -4.8737 3.1769 -30.9997 -4.9504 3.6413 -30.4906 -4.9716
4 82 3.3694 -31.0211 -4.8737 3.7671 -30.7781 -4.8208 3.9217 -31.1537 -4.6274 3.5903 -31.3083 -4.6891
4 82 3.6787 -31.3746 -4.6331 3.9217 -31.1537 -4.6274 3.9217 -31.2641 -4.5867 3.8333 -31.3525 -4.5859
3 82 3.5903 -31.3083 -4.6891 3.9217 -31.1537 -4.6274 3.6787 -31.3746 -4.6331
4 82 2.9055 -31.8164 -4.7472 2.5962 -32.3024 -4.6792 2.5078 -32.1699 -4.7595 2.7288 -31.8164 -4.8105
4 82 2.5962 -31.8606 -4.8416 2.7288 -31.8164 -4.8105 2.5078 -32.1699 -4.7595 2.5078 -32.0152 -4.8164
4 82 3.038 -31.8827 -4.6754 3.1264 -32.0594 -4.5788 3.0822 -32.2582 -4.5215 2.9497 -32.3466 -4.5364
3 82 2.7729 -32.3908 -4.5834 2.5962 -32.3024 -4.6792 2.9497 -32.3466 -4.5364
4 82 -3.7661 -23.1566 -6.4171 -3.8324 -23.1566 -6.3868 -3.9245 -22.2308 -6.4359 -3.441 -23.0025 -6.581
4 82 -3.6778 -22.1404 -6.5577 -3.9245 -22.2308 -6.4359 -3.8987 -22.1404 -6.4567 -3.7882 -22.0962 -6.5115
4 82 -3.6778 -22.1404 -6.5577 -3.3034 -22.7569 -6.6681 -3.441 -23.0025 -6.581 -3.9245 -22.2308 -6.4359
4 82 -3.7219 -21.2567 -6.6246 -3.8324 -21.1904 -6.5806 -3.9055 -20.8636 -6.5794 -3.4568 -20.9916 -6.772
4 82 -3.3464 -21.2346 -6.7985 -3.4127 -21.3009 -6.7617 -3.4568 -20.9916 -6.772 -3.3464 -21.1241 -6.8094
4 82 -3.7219 -21.2567 -6.6246 -3.4568 -20.9916 -6.772 -3.4127 -21.3009 -6.7617 -3.5231 -21.323 -6.709
4 82 -3.981 -30.118 -4.987 -4.145 -30.3608 -4.7768 -4.5172 -30.4688 -4.4338 -4.9069 -30.198 -4.1909
4 82 -4.9069 -30.198 -4.1909 -4.5172 -30.4688 -4.4338 -4.7602 -30.4909 -4.2246 -4.8486 -30.3805 -4.1843
4 82 0 -31.8307 -5.3353 0 -32.44 -5.116 -.2836 -32.0018 -5.2522 -.1652 -31.9269 -5.2881
3 82 -.0548 -31.8385 -5.3284 0 -31.8307 -5.3353 -.1652 -31.9269 -5.2881
3 82 -.4303 -30.6898 -5.7133 -.7617 -30.4468 -5.7756 -.4303 -30.5351 -5.769
4 82 -.8721 -30.5793 -5.7194 -.7617 -30.4468 -5.7756 -.4303 -30.6898 -5.7133 -.5629 -30.8223 -5.6555
4 82 -.7396 -30.8444 -5.6341 -.8721 -30.7118 -5.6717 -.8721 -30.5793 -5.7194 -.5629 -30.8223 -5.6555
4 82 -.4966 -30.4467 -5.7957 -.4303 -30.5351 -5.769 -.7617 -30.4468 -5.7756 -.6291 -30.4026 -5.8015
3 82 -.9826 -30.1375 -5.8701 -1.1557 -29.9166 -5.9364 -.8501 -30.2037 -5.8563
3 82 .7626 -23.9077 -7.1299 .851 -24.1507 -7.0843 .7626 -24.0402 -7.1099
4 82 1.3149 -23.7751 -7.0938 1.3149 -23.9298 -7.0705 .9835 -23.6426 -7.1474 1.1824 -23.6426 -7.1272
4 82 .9835 -23.6426 -7.1474 1.3149 -23.9298 -7.0705 1.2265 -24.1065 -7.0529 .8289 -23.753 -7.1464
4 82 .8289 -23.753 -7.1464 1.2265 -24.1065 -7.0529 1.0498 -24.1949 -7.0575 .7626 -23.9077 -7.1299
4 82 0 -20.575 -7.613 .4092 -20.4835 -7.5717 .5638 -20.4835 -7.5559 .5257 -20.61 -7.559
3 82 .5859 -20.5498 -7.5532 .5257 -20.61 -7.559 .5638 -20.4835 -7.5559
4 82 1.094 -20.2184 -7.5032 1.2707 -19.9754 -7.4866 1.2707 -20.3951 -7.4841 1.1382 -20.3068 -7.4982
4 82 1.2707 -19.9754 -7.4866 1.094 -20.2184 -7.5032 1.094 -20.0638 -7.5041 1.1382 -20.0196 -7.4999
4 82 1.4553 -20.0117 -7.4675 1.5358 -20.1742 -7.4583 1.2707 -20.3951 -7.4841 1.2707 -19.9754 -7.4866
4 82 4.3491 -23.7216 -6.0034 4.2089 -23.6205 -6.1143 4.1868 -23.4217 -6.1773 4.3414 -23.267 -6.1211
3 82 5.6227 -22.1624 -5.6121 5.2693 -22.6485 -5.7074 5.3576 -22.052 -5.8018
4 82 5.5123 -22.6485 -5.5588 5.2693 -22.6485 -5.7074 5.6227 -22.1624 -5.6121 5.7332 -22.3613 -5.4951
3 82 5.689 -22.538 -5.4781 5.5123 -22.6485 -5.5588 5.7332 -22.3613 -5.4951
4 82 4.6286 -30.1154 -4.4444 4.8054 -30.0933 -4.3016 4.9158 -30.1817 -4.1874 4.5747 -30.1693 -4.4766
4 82 1.8672 -33.0314 -4.6326 1.7788 -32.921 -4.716 1.672 -32.65 -4.882 2.1834 -32.6918 -4.6837
4 82 1.9335 -33.2965 -4.4835 1.8672 -33.0314 -4.6326 2.1834 -32.6918 -4.6837 2.2427 -33.0535 -4.4911
3 82 1.9335 -33.2965 -4.4835 2.2427 -33.0535 -4.4911 2.1765 -33.2745 -4.4092
3 82 1.674 -32.8686 -4.7774 1.672 -32.65 -4.882 1.7788 -32.921 -4.716
4 82 -2.5069 -24.2832 -6.7464 -2.6174 -24.3274 -6.6973 -2.4406 -23.9739 -6.8207 -2.4406 -24.1286 -6.7962
4 82 -2.9487 -24.2611 -6.5812 -3.0371 -24.1065 -6.572 -2.4406 -23.9739 -6.8207 -2.6174 -24.3274 -6.6973
3 82 -2.8162 -24.3495 -6.6178 -2.9487 -24.2611 -6.5812 -2.6174 -24.3274 -6.6973
4 82 -2.2418 -25.1448 -6.7113 -2.1755 -24.7913 -6.7925 -1.9104 -24.6146 -6.913 -1.8663 -25.3657 -6.8084
4 82 -2.3081 -24.8576 -6.7314 -2.1755 -24.7913 -6.7925 -2.2418 -25.1448 -6.7113 -2.3302 -25.0122 -6.6985
4 82 -2.2418 -20.3951 -7.3743 -2.2033 -20.3566 -7.3944 -2.162 -20.719 -7.391 -2.2418 -20.5498 -7.3647
3 82 -2.2197 -20.6381 -7.3694 -2.2418 -20.5498 -7.3647 -2.162 -20.719 -7.391
3 82 -2.772 -20.1521 -7.1452 -2.772 -20.2184 -7.1411 -2.9929 -20.0417 -7.0504
4 82 -2.9929 -20.0417 -7.0504 -2.772 -20.2184 -7.1411 -2.8383 -20.4614 -7.0956 -3.1697 -20.2847 -6.954
4 82 -2.9906 -20.7877 -7.0053 -3.1917 -20.6823 -6.9192 -3.1697 -20.2847 -6.954 -2.8383 -20.4614 -7.0956
3 82 -3.1034 -20.0638 -6.9982 -2.9929 -20.0417 -7.0504 -3.1697 -20.2847 -6.954
3 82 -5.7102 -23.0682 -5.3333 -5.909 -22.6926 -5.2131 -5.8253 -22.6592 -5.3646
3 82 -5.8206 -23.0682 -5.184 -5.8869 -22.9798 -5.1168 -5.7102 -23.0682 -5.3333
3 82 -5.8869 -22.9798 -5.1168 -5.9311 -22.8473 -5.106 -5.909 -22.6926 -5.2131
4 82 -1.8842 -29.6219 -5.9189 -2.0265 -29.818 -5.8177 -2.6654 -29.9161 -5.5461 -2.9487 -28.9666 -5.6579
4 82 -4.1309 -28.2498 -5.3655 -3.6579 -27.9286 -5.6246 -3.1034 -28.9003 -5.6132 -4.0754 -28.6573 -5.2918
3 82 -4.0053 -29.8146 -5.0485 -3.8324 -29.8724 -5.1023 -3.981 -30.118 -4.987
4 82 -3.7661 -30.085 -5.0783 -3.981 -30.118 -4.987 -3.8324 -29.8724 -5.1023 -3.7661 -30.027 -5.0919
3 82 -3.9487 -31.3544 -4.5439 -3.6557 -31.706 -4.5195 -3.934 -31.9163 -4.3425
4 82 -3.934 -31.9163 -4.3425 -3.6557 -31.706 -4.5195 -3.6557 -31.8385 -4.4707 -3.7661 -31.8827 -4.4149
3 82 -3.911 -32.7954 -4.0275 -3.8103 -32.678 -4.1067 -3.9425 -32.8321 -3.9909
3 82 -3.5231 -32.7001 -4.2013 -3.9425 -32.8321 -3.9909 -3.8103 -32.678 -4.1067
3 82 -2.7504 -32.7382 -4.4637 -2.3523 -32.3245 -4.7583 -2.2861 -32.7002 -4.6438
3 82 -2.8383 -32.6338 -4.4707 -2.8604 -32.3908 -4.5521 -2.7504 -32.7382 -4.4637
3 82 -2.7278 -32.2362 -4.6564 -2.4848 -32.2362 -4.7434 -2.8604 -32.3908 -4.5521
4 82 -2.2418 -32.6117 -4.6922 -2.2861 -32.7002 -4.6438 -2.3523 -32.3245 -4.7583 -2.2639 -32.4571 -4.7412
3 82 5.6448 -25.8517 -4.4801 5.5565 -25.8738 -4.5689 5.6678 -25.8057 -4.4704
4 82 5.3576 -25.8075 -4.8074 5.5123 -25.4541 -4.7567 5.5565 -25.8738 -4.5689 5.4239 -25.8738 -4.7132
4 82 5.6678 -25.8057 -4.4704 5.5565 -25.8738 -4.5689 5.5123 -25.4541 -4.7567 5.6524 -25.4741 -4.5975
3 82 5.3135 -25.7192 -4.8849 5.5123 -25.4541 -4.7567 5.3576 -25.8075 -4.8074
4 82 4.4298 -21.1241 -6.3225 4.0278 -20.9146 -6.5185 4.0763 -20.837 -6.5045 4.4586 -20.8857 -6.333
3 82 4.1868 -20.7486 -6.4643 4.4586 -20.8857 -6.333 4.0763 -20.837 -6.5045
3 82 1.9777 -23.267 -7.0978 1.8672 -23.2007 -7.1174 2.028 -22.9136 -7.1359
4 82 4.9821 -31.706 -3.6641 4.717 -31.9048 -3.7807 4.7948 -31.3226 -3.9441 4.9821 -31.5999 -3.7041
3 82 4.8937 -31.8606 -3.6696 4.717 -31.9048 -3.7807 4.9821 -31.706 -3.6641
3 82 4.6065 -31.9048 -3.8606 4.7948 -31.3226 -3.9441 4.717 -31.9048 -3.7807
3 82 4.4077 -31.5292 -4.146 4.4961 -31.3967 -4.1322 4.4298 -31.7501 -4.0467
4 82 4.5182 -31.8606 -3.9412 4.4298 -31.7501 -4.0467 4.4961 -31.3967 -4.1322 4.6507 -31.3304 -4.0454
4 82 3.9278 -32.1504 -4.2586 4.0322 -32.2141 -4.1592 4.0763 -32.2582 -4.1106 3.9161 -32.5979 -4.0983
4 82 3.9659 -32.5896 -4.0654 3.9161 -32.5979 -4.0983 4.0763 -32.2582 -4.1106 4.0763 -32.4792 -4.0272
4 82 .7405 -29.4305 -6.1223 1.2707 -29.3864 -6.079 1.3181 -29.6953 -6.0037 .7653 -29.5916 -6.0831
4 82 .5147 -28.7334 -6.3042 1.7673 -26.9942 -6.5748 1.8296 -26.9939 -6.5686 1.7649 -28.7473 -6.175
4 82 -.5187 -24.9239 -7.0017 -.0902 -25.3677 -6.9783 -.342 -25.2553 -6.9697 -.4966 -25.1227 -6.974
4 82 -.0825 -24.6819 -7.0823 -.0902 -25.3677 -6.9783 -.5187 -24.9239 -7.0017 -.2978 -24.7251 -7.054
3 82 -.8501 -24.3937 -7.0479 -.9163 -24.3937 -7.0411 -.7175 -24.2611 -7.0813
4 82 -1.2477 -24.0623 -7.0574 -.8501 -23.753 -7.1443 -.7175 -24.1286 -7.1012 -1.071 -24.217 -7.052
4 82 -.9163 -24.3937 -7.0411 -1.071 -24.217 -7.052 -.7175 -24.1286 -7.1012 -.7175 -24.2611 -7.0813
4 82 -1.4465 -23.5984 -7.1071 -.9384 -23.5763 -7.1619 -.8501 -23.753 -7.1443 -1.2477 -24.0623 -7.0574
4 82 -1.4465 -23.5984 -7.1071 -1.2477 -24.0623 -7.0574 -1.5128 -23.974 -7.0438 -1.557 -23.8635 -7.0559
4 82 -1.0489 -23.3996 -7.1773 -.9384 -23.5763 -7.1619 -1.4465 -23.5984 -7.1071 -1.2265 -23.3895 -7.1608
4 82 -1.8442 -20.6602 -7.4239 -1.9546 -20.7052 -7.4123 -2.162 -20.719 -7.391 -1.7834 -20.34 -7.432
4 82 -1.7558 -20.5719 -7.4334 -1.8442 -20.6602 -7.4239 -1.7834 -20.34 -7.432 -1.7558 -20.3951 -7.4345
3 82 -.7838 -20.4614 -7.5335 -.6512 -20.3951 -7.5475 -.7175 -20.4614 -7.5403
4 82 -.8059 -19.9975 -7.534 -.6954 -20.1521 -7.5444 -.9384 -20.3289 -7.5185 -1.0268 -20.1521 -7.5105
4 82 -1.0268 -19.9754 -7.5115 -.9384 -19.9312 -7.5208 -.8059 -19.9975 -7.534 -1.0268 -20.1521 -7.5105
3 82 -5.6218 -22.1845 -5.6072 -5.5121 -21.7077 -5.7929 -5.1212 -22.1578 -5.9201
4 82 -5.5121 -21.7077 -5.7929 -5.6218 -22.1845 -5.6072 -5.9311 -22.0299 -5.4564 -5.8206 -21.7648 -5.59
3 82 -5.9793 -21.9203 -5.4542 -5.8206 -21.7648 -5.59 -5.9311 -22.0299 -5.4564
4 82 -5.18 -23.2891 -5.6027 -4.9038 -23.2228 -5.7881 -4.8008 -23.7692 -5.7152 -4.9793 -23.788 -5.6013
4 82 -5.3346 -23.6647 -5.4146 -5.3346 -23.4438 -5.4696 -4.9793 -23.788 -5.6013 -5.2242 -23.7751 -5.4547
3 82 -5.18 -23.2891 -5.6027 -4.9793 -23.788 -5.6013 -5.3346 -23.4438 -5.4696
4 82 -5.6218 -22.6485 -5.4918 -5.5997 -23.024 -5.4118 -5.7102 -23.0682 -5.3333 -5.8253 -22.6592 -5.3646
4 82 -5.5997 -23.024 -5.4118 -5.6218 -22.6485 -5.4918 -5.4893 -22.7368 -5.5509 -5.4893 -22.9136 -5.5069
4 82 -3.981 -30.118 -4.987 -4.3743 -29.8998 -4.7102 -4.1417 -29.8282 -4.9283 -4.0053 -29.8146 -5.0485
4 82 0 -32.44 -5.116 .251 -32.0523 -5.2365 .4312 -32.4129 -5.0858 .4312 -32.4942 -5.0556
4 82 1.672 -32.65 -4.882 1.9432 -32.3526 -4.8943 2.0881 -32.5013 -4.7878 2.1834 -32.6918 -4.6837
4 82 5.577 -23.851 -5.22 5.4727 -24.1205 -5.2438 5.446 -23.9739 -5.2827 5.4839 -23.8412 -5.2794
3 82 5.4807 -28.1806 -4.2311 4.198 -27.413 -5.535 5.5846 -27.0504 -4.1465
4 82 -3.1635 -27.1899 -5.996 -3.1476 -26.1389 -6.1858 -3.0813 -26.0947 -6.2205 -1.833 -26.903 -6.589
4 82 -3.3034 -22.7569 -6.6681 -3.3022 -22.9136 -6.6467 -3.3464 -22.9577 -6.6236 -3.441 -23.0025 -6.581
4 82 -2.0265 -29.818 -5.8177 -2.4186 -30.3584 -5.4703 -2.5401 -30.3363 -5.434 -2.6654 -29.9161 -5.5461
4 82 -3.7661 -30.085 -5.0783 -3.7661 -30.1596 -5.0503 -3.8378 -30.275 -4.9805 -3.981 -30.118 -4.987
4 82 -1.7069 -30.8259 -5.5558 -1.7779 -30.7118 -5.5726 -1.7558 -30.6014 -5.6223 -1.7115 -30.5824 -5.6457
4 82 -.5862 -32.5136 -5.034 -.585 -32.2362 -5.137 -.2836 -32.0018 -5.2522 0 -32.44 -5.116
4 82 5.6524 -25.4741 -4.5975 5.7111 -25.5866 -4.4624 5.7111 -25.7192 -4.4222 5.6678 -25.8057 -4.4704
3 82 -5.2242 -21.6543 -5.9239 -5.1212 -22.1578 -5.9201 -5.5121 -21.7077 -5.7929
4 82 -3.8324 -23.1566 -6.3868 -3.9208 -23.0682 -6.3564 -3.9429 -22.295 -6.4217 -3.9245 -22.2308 -6.4359
4 82 0 -32.5952 -5.0462 -.4966 -32.6117 -4.9973 -.5862 -32.5136 -5.034 0 -32.44 -5.116
4 82 3.9994 -21.2765 -6.4958 3.9659 -21.2346 -6.5152 3.9659 -21.0137 -6.537 4.0278 -20.9146 -6.5185
3 82 4.7948 -31.3226 -3.9441 4.9379 -31.4188 -3.7957 4.9821 -31.5999 -3.7041
4 82 -.3614 -22.856 -7.316 -.2536 -22.8252 -7.3298 -.0548 -22.8694 -7.3436 -.0548 -23.22 -7.3033
4 82 -2.8162 -21.887 -6.9767 -2.8162 -21.7206 -6.9931 -2.6836 -21.5439 -7.0711 -2.6272 -21.5495 -7.0964
4 82 -.7738 -31.2445 -5.4875 -.6954 -31.2641 -5.4864 -.6291 -31.3967 -5.4437 -.6375 -31.4551 -5.422
4 82 -2.5732 -31.6618 -4.923 -2.8383 -31.6618 -4.8281 -2.9929 -31.485 -4.8378 -2.9627 -31.2346 -4.9407
4 82 4.3643 -26.9835 -5.497 5.6006 -26.9784 -4.1531 5.5846 -27.0504 -4.1465 4.198 -27.413 -5.535
4 82 2.152 -20.8836 -7.3719 2.0881 -20.9474 -7.3707 1.9529 -20.9672 -7.3823 2.162 -20.719 -7.391
3 272 -.121 -29.1213 -6.2538 0 -29.448 -6.193 -.1714 -29.2101 -6.23
4 272 -3.8911 -34.5985 -3.1746 -3.8675 -35.3275 -2.8336 -3.8968 -36.0565 -2.4738 -4.051 -36.426 -2.242
4 272 -3.9645 -38.4912 -.7623 -3.8766 -37.6927 -1.3971 -3.7882 -37.6707 -1.4591 -3.6253 -38.4998 -.9313
3 272 -3.9721 -36.5611 -2.1831 -4.051 -36.426 -2.242 -3.9602 -36.4809 -2.2403
3 272 .3871 -28.7015 -6.3223 0 -29.448 -6.193 .122 -28.4364 -6.4034
4 272 0 -22.6305 -7.3764 .4138 -22.7939 -7.3182 .4303 -23.3217 -7.2518 0 -23.285 -7.301
3 272 2.1672 -26.3562 -6.548 1.833 -26.903 -6.589 1.8583 -26.364 -6.6647
4 272 2.2466 -26.9922 -6.4047 3.3915 -26.3598 -6.0477 3.5572 -26.3267 -5.9859 4.1539 -26.9843 -5.6278
3 272 1.833 -26.903 -6.589 2.2466 -26.9922 -6.4047 1.8296 -26.9939 -6.5686
4 272 -4.3577 -27.0005 -5.4985 -5.5114 -27.0005 -4.2429 -5.5997 -26.3598 -4.36 -4.7197 -26.3966 -5.3055
3 272 0 -23.285 -7.301 -.0989 -23.3112 -7.287 -.0548 -23.22 -7.3033
4 272 -4.789 -37.8912 -.7789 -4.7757 -37.1839 -1.2795 -4.6181 -36.4736 -1.8687 -4.051 -36.426 -2.242
4 272 -1.6012 -29.2317 -6.081 -.1714 -29.2101 -6.23 0 -29.448 -6.193 -1.727 -29.772 -5.945
4 272 -3.3497 -36.8495 -2.2291 -2.7499 -37.1846 -2.2341 -2.8825 -37.4939 -1.9824 -3.464 -37.0951 -2.0244
3 272 -1.727 -29.772 -5.945 -1.8842 -29.6219 -5.9189 -1.7399 -29.4229 -6.0234
3 272 4.7108 -34.4854 -2.7436 4.0828 -33.1896 -3.7398 4.7833 -33.1198 -3.2618
3 272 0 -26.799 -6.772 .2324 -27.0005 -6.7076 0 -27.1172 -6.7025
4 272 -5.2242 -21.6543 -5.9239 -5.2021 -21.4776 -5.9507 -5.0474 -21.3672 -6.029 -4.9458 -21.619 -6.049
4 272 -4.937 -28.1271 -4.7101 -4.3847 -28.4806 -5.0861 -4.3626 -28.5469 -5.087 -5.0474 -28.326 -4.5618
4 272 -2.9494 -35.8788 -2.8953 -2.7743 -35.2418 -3.2628 -2.1496 -35.4226 -3.3979 -2.2197 -35.7266 -3.2273
4 272 -3.1949 -33.885 -3.7637 -3.9507 -33.8706 -3.5023 -3.9245 -33.2037 -3.8312 -3.6569 -33.2054 -3.9254
4 272 2.5755 -36.2072 -2.8707 3.289 -36.313 -2.5667 3.4874 -36.7664 -2.2316 2.9307 -37.1026 -2.2214
3 272 -3.9347 -24.8561 -6.0883 -4.2521 -26.2935 -5.6719 -4.3736 -25.6816 -5.6895
3 272 -4.051 -36.426 -2.242 -3.9497 -36.411 -2.2852 -3.9602 -36.4809 -2.2403
3 272 3.8335 -38.4945 -.8276 4.0699 -38.4885 -.7098 3.9364 -38.5838 -.6813
4 272 1.6845 -33.9896 -4.2411 2.1765 -33.2745 -4.4092 2.7509 -33.9372 -3.8939 2.1544 -34.0035 -4.0705
4 272 -3.1034 -28.9003 -5.6132 -3.501 -29.4747 -5.3242 -4.0394 -29.3899 -5.1345 -4.0754 -28.6573 -5.2918
3 272 -1.727 -29.772 -5.945 -2.0265 -29.818 -5.8177 -1.8842 -29.6219 -5.9189
4 272 5.6669 -26.7133 -4.1692 5.6006 -26.9784 -4.1531 4.3643 -26.9835 -5.497 4.6227 -26.3161 -5.438
4 272 5.0925 -37.759 -.6889 4.8203 -37.9533 -.717 4.1896 -36.7013 -1.9672 4.8699 -37.049 -1.3169
3 272 1.833 -26.903 -6.589 1.8296 -26.9939 -6.5686 1.7673 -26.9942 -6.5748
4 272 -4.8008 -23.7692 -5.7152 -4.9038 -23.2228 -5.7881 -4.4753 -22.9014 -6.1302 -4.2332 -23.7094 -6.0773
4 272 -.4855 -29.9386 -5.9795 -1.1557 -29.9166 -5.9364 -1.727 -29.772 -5.945 0 -29.448 -6.193
4 272 -.4855 -29.9386 -5.9795 0 -29.448 -6.193 0 -29.8363 -6.0532 -.1118 -29.8785 -6.0295
3 272 -1.727 -29.772 -5.945 -1.1557 -29.9166 -5.9364 -1.4896 -30.1387 -5.8311
4 272 -.0989 -27.2656 -6.6614 -.5755 -26.8317 -6.7145 0 -26.799 -6.772 0 -27.1172 -6.7025
4 272 -.2094 -27.9283 -6.5069 -.0989 -28.1492 -6.4682 -.121 -29.1213 -6.2538 -.9384 -27.9946 -6.4286
4 272 -.9384 -27.9946 -6.4286 -.9384 -27.8841 -6.4528 -.2094 -27.5969 -6.5793 -.2094 -27.9283 -6.5069
4 272 -.9384 -27.8841 -6.4528 -.5755 -26.8317 -6.7145 -.0989 -27.2656 -6.6614 -.2094 -27.5969 -6.5793
4 272 0 -29.448 -6.193 -.121 -29.1213 -6.2538 -.0989 -28.1492 -6.4682 0 -28.2779 -6.4488
3 272 -3.8968 -36.0565 -2.4738 -3.9497 -36.411 -2.2852 -4.051 -36.426 -2.242
3 272 -3.8911 -34.5985 -3.1746 -4.051 -36.426 -2.242 -3.9507 -33.8706 -3.5023
4 272 -2.4186 -30.3584 -5.4703 -2.0265 -29.818 -5.8177 -1.727 -29.772 -5.945 -1.7155 -30.3716 -5.7235
4 272 -2.5401 -30.3363 -5.434 -2.4186 -30.3584 -5.4703 -1.9016 -30.5749 -5.5787 -2.3744 -31.1316 -5.1956
3 272 -2.4186 -30.3584 -5.4703 -1.7155 -30.3716 -5.7235 -1.9016 -30.5749 -5.5787
4 272 -2.4406 -31.1537 -5.1629 -2.7573 -31.08 -5.0743 -2.5401 -30.3363 -5.434 -2.3744 -31.1316 -5.1956
4 272 -3.2948 -30.0874 -5.2505 -2.5401 -30.3363 -5.434 -2.7573 -31.08 -5.0743 -2.9377 -30.8702 -5.0871
4 272 -2.5401 -30.3363 -5.434 -3.2948 -30.0874 -5.2505 -3.3188 -30.0163 -5.2685 -2.6654 -29.9161 -5.5461
4 272 -4.5604 -34.1752 -2.9821 -3.9507 -33.8706 -3.5023 -4.051 -36.426 -2.242 -4.4731 -35.3731 -2.4745
3 272 -4.5194 -35.9845 -2.1591 -4.051 -36.426 -2.242 -4.6181 -36.4736 -1.8687
3 272 -4.4731 -35.3731 -2.4745 -4.051 -36.426 -2.242 -4.5194 -35.9845 -2.1591
3 272 -4.0764 -33.1764 -3.75 -3.9245 -33.2037 -3.8312 -3.9507 -33.8706 -3.5023
3 272 -3.9507 -33.8706 -3.5023 -4.5604 -34.1752 -2.9821 -4.0764 -33.1764 -3.75
4 272 -4.1417 -37.4939 -1.4069 -4.789 -37.8912 -.7789 -4.051 -36.426 -2.242 -4.0044 -36.7775 -2.0066
3 272 -4.0044 -36.7775 -2.0066 -4.051 -36.426 -2.242 -3.9721 -36.5611 -2.1831
4 272 -4.1417 -37.4939 -1.4069 -4.0312 -37.6265 -1.3661 -3.9645 -38.4912 -.7623 -4.789 -37.8912 -.7789
4 272 -3.6253 -38.4998 -.9313 -3.7882 -37.6707 -1.4591 -3.5604 -37.2662 -1.8754 -3.1854 -37.9086 -1.5952
3 272 -4.0312 -37.6265 -1.3661 -3.8766 -37.6927 -1.3971 -3.9645 -38.4912 -.7623
4 272 -.0929 -25.6067 -6.9421 -.0902 -25.3677 -6.9783 0 -23.285 -7.301 0 -26.799 -6.772
3 272 -.0902 -25.3677 -6.9783 -.0769 -24.1831 -7.158 0 -23.285 -7.301
3 272 -.1652 -25.8517 -6.8978 0 -26.799 -6.772 -.5316 -25.908 -6.8522
3 272 -.0929 -25.6067 -6.9421 0 -26.799 -6.772 -.1652 -25.8517 -6.8978
3 272 -.0989 -23.3112 -7.287 0 -23.285 -7.301 -.0769 -24.1831 -7.158
4 272 .5147 -28.7334 -6.3042 .7405 -29.4305 -6.1223 .5026 -29.5423 -6.1208 0 -29.448 -6.193
4 272 .7405 -29.4305 -6.1223 .5147 -28.7334 -6.3042 1.7649 -28.7473 -6.175 1.2707 -29.3864 -6.079
3 272 1.2707 -29.3864 -6.079 1.7649 -28.7473 -6.175 1.7407 -29.4011 -6.0283
3 272 .122 -28.4364 -6.4034 0 -29.448 -6.193 0 -28.2779 -6.4488
3 272 0 -29.448 -6.193 .3871 -28.7015 -6.3223 .5147 -28.7334 -6.3042
3 272 .365 -22.1625 -7.3956 .0368 -22.4702 -7.3913 .0883 -22.0958 -7.4295
4 272 .365 -22.1625 -7.3956 .4138 -22.7939 -7.3182 0 -22.6305 -7.3764 .0368 -22.4702 -7.3913
4 272 .0883 -22.0958 -7.4295 .2103 -22.0409 -7.4242 .313 -22.0683 -7.4113 .365 -22.1625 -7.3956
3 272 .5329 -25.5248 -6.9098 .5577 -25.8642 -6.8561 0 -26.799 -6.772
4 272 .4303 -23.3217 -7.2518 .4975 -24.7061 -7.0366 0 -26.799 -6.772 0 -23.285 -7.301
3 272 .4975 -24.7061 -7.0366 .5329 -25.5248 -6.9098 0 -26.799 -6.772
3 272 .5859 -26.2494 -6.7978 0 -26.799 -6.772 .5577 -25.8642 -6.8561
3 272 .7405 -26.3156 -6.7741 0 -26.799 -6.772 .5859 -26.2494 -6.7978
3 272 1.3646 -26.3764 -6.7081 1.8583 -26.364 -6.6647 1.833 -26.903 -6.589
4 272 1.3646 -26.3764 -6.7081 1.833 -26.903 -6.589 0 -26.799 -6.772 .7405 -26.3156 -6.7741
4 272 2.4704 -26.3586 -6.4238 2.2466 -26.9922 -6.4047 1.833 -26.903 -6.589 2.1672 -26.3562 -6.548
3 272 4.1539 -26.9843 -5.6278 3.8112 -26.1831 -5.9073 4.0365 -25.845 -5.8743
3 272 2.4704 -26.3586 -6.4238 3.0871 -26.3634 -6.1713 2.2466 -26.9922 -6.4047
3 272 3.0871 -26.3634 -6.1713 3.3915 -26.3598 -6.0477 2.2466 -26.9922 -6.4047
3 272 4.1539 -26.9843 -5.6278 3.5572 -26.3267 -5.9859 3.8112 -26.1831 -5.9073
4 272 -2.5732 -33.9372 -3.9559 -1.6785 -33.3451 -4.5495 -1.6842 -33.9589 -4.2558 -1.9325 -33.9593 -4.169
4 272 -2.5732 -33.9372 -3.9559 -1.9325 -33.9593 -4.169 -2.0872 -35.1522 -3.5482 -2.6439 -34.5939 -3.6192
4 272 -2.7743 -35.2418 -3.2628 -2.6596 -34.6723 -3.5764 -2.0872 -35.1522 -3.5482 -2.1496 -35.4226 -3.3979
3 272 -2.6596 -34.6723 -3.5764 -2.6439 -34.5939 -3.6192 -2.0872 -35.1522 -3.5482
4 272 -2.5732 -33.9372 -3.9559 -3.1949 -33.885 -3.7637 -3.6569 -33.2054 -3.9254 -3.4127 -33.1861 -4.0198
3 272 -2.5732 -33.9372 -3.9559 -3.4127 -33.1861 -4.0198 -1.6785 -33.3451 -4.5495
3 272 -4.7197 -26.3966 -5.3055 -4.5959 -26.3853 -5.4441 -4.3577 -27.0005 -5.4985
3 272 -5.5997 -26.3598 -4.36 -5.5114 -27.0005 -4.2429 -5.6218 -26.4924 -4.2919
3 272 -4.7757 -37.1839 -1.2795 -4.789 -37.8912 -.7789 -4.9149 -37.7811 -.7801
3 272 -1.6012 -29.2317 -6.081 -1.727 -29.772 -5.945 -1.7399 -29.4229 -6.0234
3 272 5.0805 -21.7066 -5.9816 5.3632 -21.8791 -5.8413 4.8417 -22.4795 -6.011
4 272 5.3632 -21.8791 -5.8413 5.0805 -21.7066 -5.9816 5.203 -21.323 -5.9653 5.3797 -21.3672 -5.8838
3 272 5.3797 -21.3672 -5.8838 5.203 -21.323 -5.9653 5.2693 -21.3009 -5.9385
3 272 4.7041 -29.3606 -4.5746 4.0401 -29.3819 -5.1361 4.0907 -28.7503 -5.2641
4 272 5.2693 -29.3422 -4.0968 4.7041 -29.3606 -4.5746 4.0907 -28.7503 -5.2641 5.3634 -28.752 -4.1764
3 272 3.6787 -33.8709 -3.5987 3.1802 -33.9065 -3.7586 3.6578 -33.204 -3.9258
4 272 3.9518 -33.8969 -3.4893 3.6787 -33.8709 -3.5987 3.6578 -33.204 -3.9258 3.9242 -33.195 -3.8355
4 272 3.289 -36.313 -2.5667 2.5755 -36.2072 -2.8707 2.3021 -35.1982 -3.4513 3.052 -35.6249 -2.9806
3 272 3.052 -35.6249 -2.9806 2.3021 -35.1982 -3.4513 2.9216 -35.068 -3.2938
4 272 1.3096 -33.3314 -4.6054 .9707 -33.9686 -4.3468 0 -33.9825 -4.4216 0 -33.373 -4.6959
4 272 -4.0312 -27.0005 -5.675 -4.1555 -27.0005 -5.6243 -3.9347 -24.8561 -6.0883 -3.744 -25.5866 -6.0387
4 272 -3.6557 -25.6087 -6.0709 -3.8103 -27.0447 -5.7574 -4.0312 -27.0005 -5.675 -3.744 -25.5866 -6.0387
4 272 -3.1476 -26.1389 -6.1858 -3.5673 -25.5424 -6.1185 -3.501 -25.4541 -6.161 -3.0813 -26.0947 -6.2205
3 272 -3.1476 -26.1389 -6.1858 -3.6557 -25.6087 -6.0709 -3.5673 -25.5424 -6.1185
4 272 -3.1635 -27.1899 -5.996 -3.8103 -27.0447 -5.7574 -3.6557 -25.6087 -6.0709 -3.1476 -26.1389 -6.1858
4 272 -1.833 -26.903 -6.589 -3.0813 -26.0947 -6.2205 -2.8383 -25.4541 -6.4314 -2.5934 -25.6588 -6.4956
3 272 -3.1635 -27.1899 -5.996 -3.7661 -27.1551 -5.7562 -3.8103 -27.0447 -5.7574
3 272 -3.7661 -27.1551 -5.7562 -3.1635 -27.1899 -5.996 -3.9677 -27.3633 -5.6376
4 82 -3.3464 -24.7692 -6.3435 -3.14 -24.7646 -6.4285 -2.9964 -24.9994 -6.4461 -3.4348 -25.0564 -6.2573
4 82 -2.9964 -24.9994 -6.4461 -3.1249 -25.3262 -6.3368 -3.501 -25.4541 -6.161 -3.4348 -25.0564 -6.2573
3 82 -3.1249 -25.3262 -6.3368 -2.9964 -24.9994 -6.4461 -2.8383 -25.4541 -6.4314
4 272 -3.501 -25.4541 -6.161 -3.1249 -25.3262 -6.3368 -2.8383 -25.4541 -6.4314 -3.0813 -26.0947 -6.2205
4 272 -3.464 -37.0951 -2.0244 -2.8825 -37.4939 -1.9824 -3.1854 -37.9086 -1.5952 -3.5604 -37.2662 -1.8754
3 272 -3.1697 -27.5969 -5.8963 -3.9677 -27.3633 -5.6376 -3.1635 -27.1899 -5.996
4 272 -4.125 -27.4827 -5.5471 -3.9677 -27.3633 -5.6376 -3.1697 -27.5969 -5.8963 -3.6579 -27.9286 -5.6246
4 272 1.7673 -26.9942 -6.5748 .2324 -27.0005 -6.7076 0 -26.799 -6.772 1.833 -26.903 -6.589
4 272 -1.6854 -26.8946 -6.6037 -1.7337 -26.2494 -6.6927 -.5316 -25.908 -6.8522 -.6291 -26.5366 -6.7523
3 272 -.5408 -26.5366 -6.7604 -.6291 -26.5366 -6.7523 -.5316 -25.908 -6.8522
4 272 -1.7337 -26.2494 -6.6927 -1.6854 -26.8946 -6.6037 -1.833 -26.903 -6.589 -1.8652 -26.217 -6.6853
3 272 -.4966 -26.6028 -6.7549 0 -26.799 -6.772 -.5755 -26.8317 -6.7145
4 272 -.5316 -25.908 -6.8522 0 -26.799 -6.772 -.4966 -26.6028 -6.7549 -.5408 -26.5366 -6.7604
4 272 -4.9458 -21.619 -6.049 -4.6387 -22.3558 -6.1117 -4.4753 -22.9014 -6.1302 -5.1212 -22.1578 -5.9201
3 272 -4.9458 -21.619 -6.049 -5.1212 -22.1578 -5.9201 -5.2242 -21.6543 -5.9239
3 272 -5.0474 -21.3672 -6.029 -5.2021 -21.4776 -5.9507 -5.1137 -21.3451 -6.0022
4 272 -4.0394 -29.3899 -5.1345 -5.18 -29.4084 -4.1551 -5.2904 -29.3201 -4.0847 -5.1137 -28.7015 -4.4034
4 272 -5.0474 -28.326 -4.5618 -4.3626 -28.5469 -5.087 -4.0394 -29.3899 -5.1345 -5.1137 -28.7015 -4.4034
4 272 -5.3788 -28.7457 -4.1649 -5.1137 -28.7015 -4.4034 -5.2904 -29.3201 -4.0847 -5.3788 -28.9224 -4.117
3 272 -4.3626 -28.5469 -5.087 -4.0754 -28.6573 -5.2918 -4.0394 -29.3899 -5.1345
4 272 -4.3405 -28.3922 -5.1478 -4.3847 -28.4806 -5.0861 -4.937 -28.1271 -4.7101 -4.694 -27.862 -4.9896
4 272 -4.3405 -28.3922 -5.1478 -4.694 -27.862 -4.9896 -4.189 -27.5254 -5.5122 -4.1309 -28.2498 -5.3655
4 272 -2.2197 -35.7266 -3.2273 -2.3661 -36.1762 -2.9599 -3.1049 -36.2857 -2.6451 -2.9494 -35.8788 -2.8953
4 272 0 -33.373 -4.6959 0 -33.9825 -4.4216 -.9766 -33.9576 -4.3513 -1.2983 -33.3527 -4.5968
4 272 4.3392 -24.6477 -5.8684 4.5194 -23.7395 -5.8947 5.0885 -23.7995 -5.5316 5.0302 -24.2688 -5.4964
3 272 4.3392 -24.6477 -5.8684 5.0302 -24.2688 -5.4964 4.8546 -25.2282 -5.4595
4 272 4.3392 -24.6477 -5.8684 4.8546 -25.2282 -5.4595 4.6912 -25.9096 -5.4573 4.0984 -25.6971 -5.8583
4 272 4.1539 -26.9843 -5.6278 4.5623 -26.2935 -5.4789 4.6227 -26.3161 -5.438 4.3643 -26.9835 -5.497
4 272 4.1539 -26.9843 -5.6278 4.0365 -25.845 -5.8743 4.6912 -25.9096 -5.4573 4.5623 -26.2935 -5.4789
3 272 4.0365 -25.845 -5.8743 4.0984 -25.6971 -5.8583 4.6912 -25.9096 -5.4573
3 272 4.1426 -33.9151 -3.3626 4.0828 -33.1896 -3.7398 4.7108 -34.4854 -2.7436
4 272 4.0682 -35.7122 -2.5661 4.0465 -34.8125 -3.0013 4.7108 -34.4854 -2.7436 4.6507 -35.6162 -2.2506
3 272 4.0465 -34.8125 -3.0013 4.1426 -33.9151 -3.3626 4.7108 -34.4854 -2.7436
4 272 4.1426 -33.9151 -3.3626 3.9518 -33.8969 -3.4893 3.9242 -33.195 -3.8355 4.0828 -33.1896 -3.7398
4 272 4.7419 -36.484 -1.7872 4.1518 -36.4345 -2.1757 4.0682 -35.7122 -2.5661 4.6507 -35.6162 -2.2506
4 272 0 -29.8363 -6.0532 0 -29.448 -6.193 .5026 -29.5423 -6.1208 .2379 -29.7466 -6.0674
4 272 3.6563 -37.102 -1.9471 4.0101 -37.6927 -1.3281 3.5351 -38.1125 -1.2639 3.2653 -37.7717 -1.6549
4 272 4.8203 -37.9533 -.717 4.0699 -38.4885 -.7098 3.8335 -38.4945 -.8276 4.0101 -37.6927 -1.3281
3 272 4.0101 -37.6927 -1.3281 3.8335 -38.4945 -.8276 3.5351 -38.1125 -1.2639
3 272 4.8203 -37.9533 -.717 4.3414 -37.4939 -1.3036 4.1896 -36.7013 -1.9672
3 272 4.8203 -37.9533 -.717 4.0101 -37.6927 -1.3281 4.3414 -37.4939 -1.3036
3 272 3.8996 -29.3864 -5.1897 4.0907 -28.7503 -5.2641 4.0401 -29.3819 -5.1361
3 272 3.3325 -29.3448 -5.4201 2.1464 -29.3716 -5.8754 2.7989 -28.7486 -5.7671
4 272 4.0907 -28.7503 -5.2641 3.8996 -29.3864 -5.1897 3.3325 -29.3448 -5.4201 2.7989 -28.7486 -5.7671
3 272 -4.2521 -26.2935 -5.6719 -3.9347 -24.8561 -6.0883 -4.1555 -27.0005 -5.6243
4 272 -4.3577 -27.0005 -5.4985 -4.3184 -26.3598 -5.6205 -4.2521 -26.2935 -5.6719 -4.1555 -27.0005 -5.6243
3 272 -4.3184 -26.3598 -5.6205 -4.3577 -27.0005 -5.4985 -4.5959 -26.3853 -5.4441
4 272 -4.3736 -25.6816 -5.6895 -4.8008 -23.7692 -5.7152 -4.2332 -23.7094 -6.0773 -3.9347 -24.8561 -6.0883
4 272 -3.1853 -36.496 -2.4937 -3.1049 -36.2857 -2.6451 -2.3661 -36.1762 -2.9599 -2.529 -36.6765 -2.6091
4 272 -3.3497 -36.8495 -2.2291 -3.1853 -36.496 -2.4937 -2.529 -36.6765 -2.6091 -2.7499 -37.1846 -2.2341
4 272 5.3576 -22.052 -5.8018 5.2693 -22.6485 -5.7074 4.8417 -22.4795 -6.011 5.3632 -21.8791 -5.8413
4 272 5.0885 -23.7995 -5.5316 4.5194 -23.7395 -5.8947 4.6256 -23.2771 -5.9448 5.1529 -23.2813 -5.6212
3 272 5.1529 -23.2813 -5.6212 4.6256 -23.2771 -5.9448 4.7133 -22.8951 -5.9862
4 272 4.8417 -22.4795 -6.011 5.2693 -22.6485 -5.7074 5.1529 -23.2813 -5.6212 4.7133 -22.8951 -5.9862
3 272 1.6845 -33.9896 -4.2411 1.6783 -33.3197 -4.5616 1.9335 -33.2965 -4.4835
3 272 1.6845 -33.9896 -4.2411 1.9335 -33.2965 -4.4835 2.1765 -33.2745 -4.4092
4 272 2.9216 -35.068 -3.2938 2.3021 -35.1982 -3.4513 2.2207 -34.7104 -3.7115 2.8145 -34.4445 -3.6306
4 272 2.7509 -33.9372 -3.8939 2.8145 -34.4445 -3.6306 2.2207 -34.7104 -3.7115 2.1544 -34.0035 -4.0705
4 272 2.1765 -33.2745 -4.4092 3.6578 -33.204 -3.9258 3.1802 -33.9065 -3.7586 2.7509 -33.9372 -3.8939
3 272 -3.501 -29.4747 -5.3242 -3.1034 -28.9003 -5.6132 -2.9487 -28.9666 -5.6579
4 272 -3.3188 -30.0163 -5.2685 -3.501 -29.4747 -5.3242 -2.9487 -28.9666 -5.6579 -2.6654 -29.9161 -5.5461
3 272 5.6669 -26.7133 -4.1692 4.6227 -26.3161 -5.438 5.6945 -26.3791 -4.2505
4 272 4.8699 -37.049 -1.3169 4.1896 -36.7013 -1.9672 4.1518 -36.4345 -2.1757 4.7419 -36.484 -1.7872
4 272 -4.9038 -23.2228 -5.7881 -5.0474 -22.5325 -5.872 -5.1212 -22.1578 -5.9201 -4.4753 -22.9014 -6.1302
3 272 -1.7155 -30.3716 -5.7235 -1.727 -29.772 -5.945 -1.4896 -30.1387 -5.8311
4 272 2.9307 -37.1026 -2.2214 3.4874 -36.7664 -2.2316 3.6563 -37.102 -1.9471 3.2653 -37.7717 -1.6549
4 272 2.1464 -29.3716 -5.8754 1.7407 -29.4011 -6.0283 1.7649 -28.7473 -6.175 2.7989 -28.7486 -5.7671
4 272 -.0548 -23.22 -7.3033 -.0548 -22.8694 -7.3436 0 -22.6305 -7.3764 0 -23.285 -7.301
4 272 -4.5604 -34.1752 -2.9821 -4.6277 -33.2524 -3.3191 -4.2595 -33.1935 -3.6103 -4.0764 -33.1764 -3.75
4 272 1.3096 -33.3314 -4.6054 1.6783 -33.3197 -4.5616 1.6845 -33.9896 -4.2411 .9707 -33.9686 -4.3468
3 272 -1.833 -26.903 -6.589 -2.5934 -25.6588 -6.4956 -1.8652 -26.217 -6.6853
4 272 -4.189 -27.5254 -5.5122 -4.125 -27.4827 -5.5471 -3.6579 -27.9286 -5.6246 -4.1309 -28.2498 -5.3655
4 272 -.9766 -33.9576 -4.3513 -1.6842 -33.9589 -4.2558 -1.6785 -33.3451 -4.5495 -1.2983 -33.3527 -4.5968
3 272 -3.9645 -38.4912 -.7623 -3.6253 -38.4998 -.9313 -3.7219 -38.6206 -.7557
3 3 -2.8825 -37.4939 -1.9824 -2.7499 -37.1846 -2.2341 -2.6193 -37.2907 -2.2156
3 3 0 -35.794 -3.606 .543 -36.4999 -3.1507 0 -36.4789 -3.2284
4 3 1.6845 -33.9896 -4.2411 2.2207 -34.7104 -3.7115 2.3021 -35.1982 -3.4513 1.704 -36.078 -3.242
4 3 -1.9325 -33.9593 -4.169 -1.6842 -33.9589 -4.2558 -1.704 -36.078 -3.242 -2.0872 -35.1522 -3.5482
3 3 -2.1496 -35.4226 -3.3979 -2.0872 -35.1522 -3.5482 -1.704 -36.078 -3.242
3 3 -1.704 -36.078 -3.242 -1.64 -36.7694 -2.8551 -2.3661 -36.1762 -2.9599
4 3 -2.529 -36.6765 -2.6091 -2.3661 -36.1762 -2.9599 -1.64 -36.7694 -2.8551 -2.0135 -36.9155 -2.6424
4 3 -2.0135 -36.9155 -2.6424 -2.4681 -37.1739 -2.3358 -2.7499 -37.1846 -2.2341 -2.529 -36.6765 -2.6091
3 3 -2.6193 -37.2907 -2.2156 -2.7499 -37.1846 -2.2341 -2.4681 -37.1739 -2.3358
4 3 -1.1648 -36.6229 -3.0072 -1.704 -36.078 -3.242 0 -35.794 -3.606 -.5038 -36.5026 -3.154
3 3 0 -36.4789 -3.2284 -.5038 -36.5026 -3.154 0 -35.794 -3.606
4 3 2.5755 -36.2072 -2.8707 2.9307 -37.1026 -2.2214 2.725 -37.2268 -2.2176 2.5352 -37.0782 -2.3696
4 3 1.704 -36.078 -3.242 2.5755 -36.2072 -2.8707 2.0727 -36.834 -2.6705 1.6471 -36.6924 -2.8982
3 3 2.0727 -36.834 -2.6705 2.5755 -36.2072 -2.8707 2.5352 -37.0782 -2.3696
3 3 2.1544 -34.0035 -4.0705 2.2207 -34.7104 -3.7115 1.6845 -33.9896 -4.2411
3 3 -.9766 -33.9576 -4.3513 0 -33.9825 -4.4216 0 -35.794 -3.606
4 3 -1.704 -36.078 -3.242 -1.6842 -33.9589 -4.2558 -.9766 -33.9576 -4.3513 0 -35.794 -3.606
3 3 -1.1648 -36.6229 -3.0072 -1.64 -36.7694 -2.8551 -1.704 -36.078 -3.242
3 3 2.725 -37.2268 -2.2176 2.9307 -37.1026 -2.2214 2.9482 -37.4015 -2.0183
3 3 3.2653 -37.7717 -1.6549 2.9482 -37.4015 -2.0183 2.9307 -37.1026 -2.2214
3 3 2.5755 -36.2072 -2.8707 1.704 -36.078 -3.242 2.3021 -35.1982 -3.4513
3 3 .9707 -33.9686 -4.3468 0 -35.794 -3.606 0 -33.9825 -4.4216
3 3 -2.1496 -35.4226 -3.3979 -1.704 -36.078 -3.242 -2.2197 -35.7266 -3.2273
3 3 -2.3661 -36.1762 -2.9599 -2.2197 -35.7266 -3.2273 -1.704 -36.078 -3.242
4 3 .9707 -33.9686 -4.3468 1.6845 -33.9896 -4.2411 1.704 -36.078 -3.242 0 -35.794 -3.606
3 3 1.2113 -36.5759 -3.0275 1.704 -36.078 -3.242 1.6471 -36.6924 -2.8982
4 3 0 -35.794 -3.606 1.704 -36.078 -3.242 1.2113 -36.5759 -3.0275 .543 -36.4999 -3.1507
4 26 1.6471 -36.6924 -2.8982 1.5308 -37.948 -2.1956 0 -37.8 -2.5 1.2113 -36.5759 -3.0275
4 26 -5.0474 -21.3672 -6.029 -5.1137 -21.3451 -6.0022 -6.185 -20.933 -5.574 -4.031 -20.874 -6.521
3 26 -7.106 -21.493 -3.324 -6.185 -20.933 -5.574 -6.51 -24.41 -3.445
3 26 -6.185 -20.933 -5.574 -7.106 -21.493 -3.324 -6.718 -19.116 -5.878
3 26 -6.185 -20.933 -5.574 -4.8044 -20.4172 -6.2243 -4.8044 -20.616 -6.2063
3 26 -6.718 -19.116 -5.878 -4.411 -18.687 -6.553 -6.185 -20.933 -5.574
4 26 -2.403 -18.602 -7.411 -4.031 -20.874 -6.521 -4.3847 -20.3509 -6.4138 -4.411 -18.687 -6.553
4 26 -3.965 -21.0579 -6.5331 -4.9458 -21.619 -6.049 -5.0474 -21.3672 -6.029 -4.031 -20.874 -6.521
3 26 -5.1137 -21.3451 -6.0022 -5.2021 -21.4776 -5.9507 -6.185 -20.933 -5.574
3 26 -4.031 -20.874 -6.521 -3.965 -20.9032 -6.5483 -3.965 -21.0579 -6.5331
3 26 -4.031 -20.874 -6.521 -3.9055 -20.8636 -6.5794 -3.965 -20.9032 -6.5483
4 26 -4.4731 -20.8149 -6.3331 -4.031 -20.874 -6.521 -6.185 -20.933 -5.574 -4.6498 -20.8149 -6.2558
3 26 -4.8044 -20.616 -6.2063 -4.7382 -20.7486 -6.2232 -6.185 -20.933 -5.574
3 26 -4.7382 -20.7486 -6.2232 -4.6498 -20.8149 -6.2558 -6.185 -20.933 -5.574
3 26 -4.031 -20.874 -6.521 -2.403 -18.602 -7.411 -3.1034 -20.0638 -6.9982
3 26 -4.031 -20.874 -6.521 -4.3184 -20.6602 -6.4147 -4.3184 -20.4835 -6.4307
3 26 -4.031 -20.874 -6.521 -4.4731 -20.8149 -6.3331 -4.3184 -20.6602 -6.4147
3 26 -4.031 -20.874 -6.521 -4.3184 -20.4835 -6.4307 -4.3847 -20.3509 -6.4138
3 26 -5.8206 -21.7648 -5.59 -5.9793 -21.9203 -5.4542 -6.185 -20.933 -5.574
3 26 -6.185 -20.933 -5.574 -5.5121 -21.7077 -5.7929 -5.8206 -21.7648 -5.59
