0 Minifig Hair Coiled Short with Squared Front
0 Name: 7195.dat
0 Author: Gerald Lasser [GeraldLasser]
0 !LDRAW_ORG Unofficial_Part
0 !LICENSE Licensed under CC BY 4.0 : see CAreadme.txt

0 BFC CERTIFY CCW

0 !CATEGORY Minifig Headwear
0 !KEYWORDS Brickowl 735123, Miles Morales

0 !HISTORY 2025-01-27 {LEGO Instructions App} Original part shape
0 !HISTORY 2025-01-27 [GeraldLasser] File preparation for LDraw Parts Tracker

1 16 0 -5 0 1 0 0 0 -1.25 0 0 0 1 stud4o.dat
1 16 0 0 0 1 0 0 0 -1 0 0 0 -1 4-4ring8.dat
1 16 0 0 0 9 0 0 0 -5 0 0 0 9 4-4cyli.dat
1 16 0 -5 0 0 0 -9 0 -1 0 9 0 0 4-4cyls.dat
1 16 0 0 0 9 0 0 0 -1 0 0 0 9 4-4edge.dat
1 16 0 -6 0 9 0 0 0 -1 1 0 0 9 4-4edge.dat
1 16 0 -6 0 0 0 2.25 .25 -1 0 2.25 0 0 4-4ring4.dat
2 24 -4.3054 -7.1549 -10.3939 -7.9549 -6.8839 -7.9549
2 24 0 -7.25 -11.25 -4.3054 -7.1549 -10.3939
2 24 -7.9549 -6.8839 -7.9549 -10.3939 -6.4784 -4.3054
2 24 -10.3939 -6.4784 -4.3054 -11.25 -6 0
2 24 -4.3054 -4.8451 10.3939 0 -4.75 11.25
2 24 -7.9549 -5.1161 7.9549 -4.3054 -4.8451 10.3939
2 24 -10.3939 -5.5216 4.3054 -7.9549 -5.1161 7.9549
2 24 -11.25 -6 0 -10.3939 -5.5216 4.3054
2 24 0 -4.75 11.25 4.3054 -4.8451 10.3939
2 24 4.3054 -4.8451 10.3939 7.9549 -5.1161 7.9549
2 24 7.9549 -5.1161 7.9549 10.3939 -5.5216 4.3054
2 24 10.3939 -5.5216 4.3054 11.25 -6 0
2 24 11.25 -6 0 10.3939 -6.4784 -4.3054
2 24 10.3939 -6.4784 -4.3054 7.9549 -6.8839 -7.9549
2 24 7.9549 -6.8839 -7.9549 4.3054 -7.1549 -10.3939
2 24 4.3054 -7.1549 -10.3939 0 -7.25 -11.25

0 // Fillet

0 // Inside
3 16 -7.5367 2.4691 -9.8499 -8.1317 .5 -8.1317 -6.8346 2.43 -10.2806
3 16 -5.5034 2.2242 -10.9674 -6.8346 2.43 -10.2806 -8.1317 .5 -8.1317
3 16 -8.1317 .5 -8.1317 -4.4011 .5 -10.6249 -5.5034 2.2242 -10.9674
3 16 -5.5034 2.2242 -10.9674 -4.4011 .5 -10.6249 -4.7343 2.1714 -11.4293
3 16 -4.4011 .5 -10.6249 -3.469 2.296 -11.813 -4.7343 2.1714 -11.4293
3 16 -3.469 2.296 -11.813 -4.4011 .5 -10.6249 -2.419 2.212 -12.028
3 16 -4.4011 .5 -10.6249 0 .5 -11.5 -2.419 2.212 -12.028
3 16 -2.419 2.212 -12.028 0 .5 -11.5 0 2.0828 -12.2964
3 16 0 2.0828 -12.2964 0 .5 -11.5 1.7147 2.1668 -12.0257
3 16 0 .5 -11.5 4.4011 .5 -10.6249 1.7147 2.1668 -12.0257
3 16 1.7147 2.1668 -12.0257 4.4011 .5 -10.6249 2.8211 2.2716 -11.8934
3 16 4.7492 2.2178 -11.4652 2.8211 2.2716 -11.8934 4.4011 .5 -10.6249
3 16 6.4612 2.4691 -10.5687 4.7492 2.2178 -11.4652 4.4011 .5 -10.6249
3 16 6.4612 2.4691 -10.5687 4.4011 .5 -10.6249 8.1317 .5 -8.1317
3 16 6.4612 2.4691 -10.5687 8.1317 .5 -8.1317 7.9977 2.4691 -9.5417
3 16 7.9977 2.4691 -9.5417 8.1317 .5 -8.1317 8.9232 2.4691 -8.9232
3 16 9.9681 3 -8.0315 8.9232 2.4691 -8.9232 8.1317 .5 -8.1317
3 16 9.9681 3 -8.0315 8.1317 .5 -8.1317 9.9658 3 -8.0349
3 16 9.9658 3 -8.0349 8.1317 .5 -8.1317 12.0107 3 -4.9751
3 16 12.0107 3 -4.9751 10.1268 5.263 -7.7939 9.9658 3 -8.0349
3 16 12.872 7.944 3.506 13.134 7.401 2.511 12.0107 3 4.9751
3 16 12.0107 3 4.9751 13.134 7.401 2.511 13 3 0
3 16 13.134 7.401 2.511 13.385 7.419 .507 13 3 0
3 16 13 3 0 13.385 7.419 .507 13.355 8.344 -.927
3 16 11.25 -6 0 13 3 0 12.0107 3 -4.9751
3 16 13 3 0 11.25 -6 0 10.3939 -5.5216 4.3054
3 16 10.3939 -5.5216 4.3054 12.0107 3 4.9751 13 3 0
3 16 11.25 -6 0 12.0107 3 -4.9751 10.3939 -6.4784 -4.3054
3 16 12.0107 3 -4.9751 8.1317 .5 -8.1317 7.9549 -6.8839 -7.9549
3 16 7.9549 -6.8839 -7.9549 10.3939 -6.4784 -4.3054 12.0107 3 -4.9751
3 16 7.9549 -6.8839 -7.9549 8.1317 .5 -8.1317 4.4011 .5 -10.6249
3 16 4.3054 -7.1549 -10.3939 7.9549 -6.8839 -7.9549 4.4011 .5 -10.6249
3 16 0 -7.25 -11.25 4.3054 -7.1549 -10.3939 4.4011 .5 -10.6249
3 16 0 .5 -11.5 0 -7.25 -11.25 4.4011 .5 -10.6249
3 16 7.9549 -5.1161 7.9549 12.0107 3 4.9751 10.3939 -5.5216 4.3054
3 16 9.1923 3 9.1923 12.0107 3 4.9751 7.9549 -5.1161 7.9549
3 16 12.0107 3 4.9751 9.1923 3 9.1923 11.937 13.299 6.186
3 16 12.229 11.694 5.274 12.481 9.349 4.549 12.0107 3 4.9751
3 16 11.937 13.299 6.186 12.229 11.694 5.274 12.0107 3 4.9751
3 16 11.937 13.299 6.186 9.1923 3 9.1923 11.341 14.596 7.097
3 16 12.872 7.944 3.506 12.0107 3 4.9751 12.481 9.349 4.549
3 16 9.1923 3 9.1923 10.551 16.692 8.277 11.341 14.596 7.097
3 16 10.551 16.692 8.277 9.1923 3 9.1923 9.376 17.503 9.499
3 16 7.837 18.25 10.705 9.376 17.503 9.499 9.1923 3 9.1923
3 16 9.1923 3 9.1923 4.9751 3 12.0107 6.052 18.694 11.744
3 16 6.052 18.694 11.744 7.837 18.25 10.705 9.1923 3 9.1923
3 16 3.972 18.988 12.632 6.052 18.694 11.744 4.9751 3 12.0107
3 16 3.972 18.988 12.632 4.9751 3 12.0107 0 3 13
3 16 0 3 13 1.99 19.006 13.081 3.972 18.988 12.632
3 16 1.99 19.006 13.081 0 3 13 -.071 19.026 13.239
4 16 9.1923 3 9.1923 7.9549 -5.1161 7.9549 4.3054 -4.8451 10.3939 4.9751 3 12.0107
4 16 4.3054 -4.8451 10.3939 0 -4.75 11.25 0 3 13 4.9751 3 12.0107
3 16 -8.1317 .5 -8.1317 -7.9549 -6.8839 -7.9549 -4.3054 -7.1549 -10.3939
3 16 -4.3054 -7.1549 -10.3939 -4.4011 .5 -10.6249 -8.1317 .5 -8.1317
3 16 -4.4011 .5 -10.6249 -4.3054 -7.1549 -10.3939 0 -7.25 -11.25
3 16 -4.4011 .5 -10.6249 0 -7.25 -11.25 0 .5 -11.5
3 16 -12.0107 3 -4.9751 -10.3939 -6.4784 -4.3054 -7.9549 -6.8839 -7.9549
3 16 -7.9549 -6.8839 -7.9549 -8.1317 .5 -8.1317 -12.0107 3 -4.9751
3 16 -11.25 -6 0 -10.3939 -6.4784 -4.3054 -12.0107 3 -4.9751
3 16 -13 3 0 -11.25 -6 0 -12.0107 3 -4.9751
3 16 -13 3 0 -12.0107 3 -4.9751 -13.276 8.529 -1.184
3 16 -13.364 7.677 -.477 -13.318 7.166 .45 -13 3 0
3 16 -13.276 8.529 -1.184 -13.364 7.677 -.477 -13 3 0
3 16 -12.0107 3 -4.9751 -12.975 11.06 -3.605 -13.149 9.459 -1.649
3 16 -13.149 9.459 -1.649 -13.276 8.529 -1.184 -12.0107 3 -4.9751
3 16 -12.975 11.06 -3.605 -12.0107 3 -4.9751 -11.827 11.047 -5.53
3 16 -11.827 11.047 -5.53 -12.134 11.213 -4.699 -12.975 11.06 -3.605
3 16 -12.0107 3 -4.9751 -11.422 10.146 -6.258 -11.827 11.047 -5.53
3 16 -12.0107 3 -4.9751 -10.872 8.028 -7.148 -11.422 10.146 -6.258
3 16 -12.0107 3 -4.9751 -10.409 6.416 -7.842 -10.872 8.028 -7.148
3 16 -12.0107 3 -4.9751 -10.396 5.188 -7.85 -10.409 6.416 -7.842
3 16 -13 3 0 -13.318 7.166 .45 -13.273 7.143 1.542
3 16 -13.273 7.143 1.542 -12.0107 3 4.9751 -13 3 0
3 16 -13.045 7.696 2.949 -12.0107 3 4.9751 -13.273 7.143 1.542
3 16 -12.0107 3 4.9751 -13.045 7.696 2.949 -12.744 8.765 3.966
3 16 -12.493 10.778 4.666 -9.1923 3 9.1923 -12.0107 3 4.9751
3 16 -12.0107 3 4.9751 -12.744 8.765 3.966 -12.493 10.778 4.666
3 16 -11.962 13.414 5.947 -9.1923 3 9.1923 -12.493 10.778 4.666
3 16 -11.152 15.629 7.352 -9.1923 3 9.1923 -11.962 13.414 5.947
4 16 -11.152 15.629 7.352 -10.566 16.73 8.092 -9.657 17.624 9.203 -9.1923 3 9.1923
3 16 -9.1923 3 9.1923 -9.657 17.624 9.203 -8.575 18.258 10.216
3 16 -9.1923 3 9.1923 -8.575 18.258 10.216 -7.591 18.603 10.94
3 16 -7.591 18.603 10.94 -4.9751 3 12.0107 -9.1923 3 9.1923
3 16 -5.893 18.821 11.915 -4.9751 3 12.0107 -7.591 18.603 10.94
3 16 -4.027 18.932 12.598 -4.9751 3 12.0107 -5.893 18.821 11.915
3 16 -4.9751 3 12.0107 -4.027 18.932 12.598 -2.013 18.964 13.1
3 16 -2.013 18.964 13.1 0 3 13 -4.9751 3 12.0107
3 16 -.071 19.026 13.239 0 3 13 -2.013 18.964 13.1
4 16 0 3 13 0 -4.75 11.25 -4.3054 -4.8451 10.3939 -4.9751 3 12.0107
4 16 -4.3054 -4.8451 10.3939 -7.9549 -5.1161 7.9549 -9.1923 3 9.1923 -4.9751 3 12.0107
3 16 -12.0107 3 4.9751 -9.1923 3 9.1923 -10.3939 -5.5216 4.3054
3 16 -13 3 0 -12.0107 3 4.9751 -10.3939 -5.5216 4.3054
3 16 -11.25 -6 0 -13 3 0 -10.3939 -5.5216 4.3054
3 16 -7.9549 -5.1161 7.9549 -10.3939 -5.5216 4.3054 -9.1923 3 9.1923
4 16 12.0107 11.448 -4.9751 11.4794 11.073 -5.7701 10.9695 9.522 -6.533 12.0107 3 -4.9751
4 16 10.1268 5.263 -7.7939 12.0107 3 -4.9751 10.9695 9.522 -6.533 10.1725 6.952 -7.7257
3 16 13.171 10.943 -2.129 12.0107 11.448 -4.9751 12.0107 3 -4.9751
3 16 13.171 10.943 -2.129 12.0107 3 -4.9751 13.355 8.344 -.927
3 16 13.355 8.344 -.927 12.0107 3 -4.9751 13 3 0
3 16 -7.5367 2.4691 -9.8499 -9.164 2.207 -8.962 -8.1317 .5 -8.1317
3 16 -10.342 2.57 -7.922 -8.1317 .5 -8.1317 -9.164 2.207 -8.962
3 16 -10.342 2.57 -7.922 -10.401 3.726 -7.785 -12.0107 3 -4.9751
3 16 -12.0107 3 -4.9751 -8.1317 .5 -8.1317 -10.342 2.57 -7.922
3 16 -10.396 5.188 -7.85 -12.0107 3 -4.9751 -10.401 3.726 -7.785
2 24 -8.1317 .5 -8.1317 -4.4011 .5 -10.6249
2 24 -4.4011 .5 -10.6249 0 .5 -11.5
2 24 0 .5 -11.5 4.4011 .5 -10.6249
2 24 4.4011 .5 -10.6249 8.1317 .5 -8.1317
2 24 8.1317 .5 -8.1317 12.0107 3 -4.9751
2 24 -8.1317 .5 -8.1317 -12.0107 3 -4.9751
5 24 6.052 18.694 11.744 9.1923 3 9.1923 4.9751 3 12.0107 7.837 18.25 10.705
5 24 9.1923 3 9.1923 4.9751 3 12.0107 6.052 18.694 11.744 7.9549 -5.1161 7.9549
5 24 -10.3939 -5.5216 4.3054 -12.0107 3 4.9751 -9.1923 3 9.1923 -13 3 0
5 24 -11.25 -6 0 -13 3 0 -12.0107 3 -4.9751 -10.3939 -5.5216 4.3054
5 24 -7.591 18.603 10.94 -4.9751 3 12.0107 -5.893 18.821 11.915 -9.1923 3 9.1923
5 24 8.1317 .5 -8.1317 7.9549 -6.8839 -7.9549 4.4011 .5 -10.6249 12.0107 3 -4.9751
5 24 13.171 10.943 -2.129 12.0107 3 -4.9751 12.0107 11.448 -4.9751 13.355 8.344 -.927
5 24 9.1923 3 9.1923 12.0107 3 4.9751 11.937 13.299 6.186 7.9549 -5.1161 7.9549
5 24 4.4011 .5 -10.6249 4.7492 2.2178 -11.4652 6.4612 2.4691 -10.5687 2.8211 2.2716 -11.8934
5 24 -12.0107 3 4.9751 -13.273 7.143 1.542 -13.045 7.696 2.949 -13 3 0
5 24 -4.4011 .5 -10.6249 -4.3054 -7.1549 -10.3939 -8.1317 .5 -8.1317 0 -7.25 -11.25
5 24 12.0107 3 4.9751 13 3 0 13.134 7.401 2.511 10.3939 -5.5216 4.3054
5 24 12.0107 3 -4.9751 11.25 -6 0 13 3 0 10.3939 -6.4784 -4.3054
5 24 12.0107 3 4.9751 13.134 7.401 2.511 12.872 7.944 3.506 13 3 0
5 24 -11.827 11.047 -5.53 -12.0107 3 -4.9751 -12.975 11.06 -3.605 -11.422 10.146 -6.258
5 24 -8.1317 .5 -8.1317 -4.3054 -7.1549 -10.3939 -4.4011 .5 -10.6249 -7.9549 -6.8839 -7.9549
5 24 -13.045 7.696 2.949 -12.0107 3 4.9751 -12.744 8.765 3.966 -13.273 7.143 1.542
5 24 -13.364 7.677 -.477 -13 3 0 -13.318 7.166 .45 -13.276 8.529 -1.184
5 24 -13.276 8.529 -1.184 -13 3 0 -12.0107 3 -4.9751 -13.364 7.677 -.477
5 24 -10.3939 -5.5216 4.3054 -9.1923 3 9.1923 -12.0107 3 4.9751 -7.9549 -5.1161 7.9549
5 24 -7.9549 -6.8839 -7.9549 -8.1317 .5 -8.1317 -12.0107 3 -4.9751 -4.3054 -7.1549 -10.3939
5 24 12.0107 3 -4.9751 13.355 8.344 -.927 13.171 10.943 -2.129 13 3 0
5 24 13 3 0 12.0107 3 -4.9751 11.25 -6 0 13.355 8.344 -.927
5 24 7.9549 -5.1161 7.9549 9.1923 3 9.1923 12.0107 3 4.9751 4.3054 -4.8451 10.3939
5 24 4.9751 3 12.0107 6.052 18.694 11.744 3.972 18.988 12.632 9.1923 3 9.1923
5 24 -4.9751 3 12.0107 -9.1923 3 9.1923 -7.591 18.603 10.94 -4.3054 -4.8451 10.3939
5 24 12.229 11.694 5.274 12.0107 3 4.9751 11.937 13.299 6.186 12.481 9.349 4.549
5 24 0 .5 -11.5 -2.419 2.212 -12.028 -4.4011 .5 -10.6249 0 2.0828 -12.2964
5 24 -4.9751 3 12.0107 -5.893 18.821 11.915 -7.591 18.603 10.94 -4.027 18.932 12.598
5 24 -10.342 2.57 -7.922 -8.1317 .5 -8.1317 -9.164 2.207 -8.962 -12.0107 3 -4.9751
5 24 -12.975 11.06 -3.605 -12.0107 3 -4.9751 -11.827 11.047 -5.53 -13.149 9.459 -1.649
5 24 12.481 9.349 4.549 12.0107 3 4.9751 12.229 11.694 5.274 12.872 7.944 3.506
5 24 12.0107 3 4.9751 7.9549 -5.1161 7.9549 10.3939 -5.5216 4.3054 9.1923 3 9.1923
5 24 12.0107 3 4.9751 11.937 13.299 6.186 12.229 11.694 5.274 9.1923 3 9.1923
5 24 12.0107 11.448 -4.9751 12.0107 3 -4.9751 11.4794 11.073 -5.7701 13.171 10.943 -2.129
5 24 9.1923 3 9.1923 9.376 17.503 9.499 10.551 16.692 8.277 7.837 18.25 10.705
5 24 -12.0107 3 4.9751 -12.493 10.778 4.666 -9.1923 3 9.1923 -12.744 8.765 3.966
5 24 -9.1923 3 9.1923 -8.575 18.258 10.216 -9.657 17.624 9.203 -7.591 18.603 10.94
5 24 -8.1317 .5 -8.1317 -6.8346 2.43 -10.2806 -5.5034 2.2242 -10.9674 -7.5367 2.4691 -9.8499
5 24 6.4612 2.4691 -10.5687 4.4011 .5 -10.6249 4.7492 2.2178 -11.4652 8.1317 .5 -8.1317
5 24 7.837 18.25 10.705 9.1923 3 9.1923 6.052 18.694 11.744 9.376 17.503 9.499
5 24 3.972 18.988 12.632 4.9751 3 12.0107 0 3 13 6.052 18.694 11.744
5 24 -12.975 11.06 -3.605 -11.827 11.047 -5.53 -12.0107 3 -4.9751 -12.134 11.213 -4.699
5 24 -9.1923 3 9.1923 -9.657 17.624 9.203 -8.575 18.258 10.216 -11.152 15.629 7.352
5 24 12.0107 3 4.9751 12.872 7.944 3.506 12.481 9.349 4.549 13.134 7.401 2.511
5 24 11.25 -6 0 13 3 0 12.0107 3 -4.9751 10.3939 -5.5216 4.3054
5 24 0 3 13 -4.9751 3 12.0107 0 -4.75 11.25 -2.013 18.964 13.1
5 24 0 -4.75 11.25 0 3 13 4.9751 3 12.0107 -4.3054 -4.8451 10.3939
5 24 0 .5 -11.5 0 -7.25 -11.25 4.4011 .5 -10.6249 -4.4011 .5 -10.6249
5 24 -11.152 15.629 7.352 -9.1923 3 9.1923 -11.962 13.414 5.947 -10.566 16.73 8.092
5 24 2.8211 2.2716 -11.8934 4.4011 .5 -10.6249 1.7147 2.1668 -12.0257 4.7492 2.2178 -11.4652
5 24 -7.591 18.603 10.94 -9.1923 3 9.1923 -8.575 18.258 10.216 -4.9751 3 12.0107
5 24 -7.9549 -6.8839 -7.9549 -12.0107 3 -4.9751 -8.1317 .5 -8.1317 -10.3939 -6.4784 -4.3054
5 24 4.9751 3 12.0107 0 3 13 3.972 18.988 12.632 4.3054 -4.8451 10.3939
5 24 -10.342 2.57 -7.922 -12.0107 3 -4.9751 -10.401 3.726 -7.785 -8.1317 .5 -8.1317
5 24 -12.0107 3 4.9751 -12.744 8.765 3.966 -13.045 7.696 2.949 -12.493 10.778 4.666
5 24 10.3939 -5.5216 4.3054 12.0107 3 4.9751 7.9549 -5.1161 7.9549 13 3 0
5 24 -4.7343 2.1714 -11.4293 -4.4011 .5 -10.6249 -5.5034 2.2242 -10.9674 -3.469 2.296 -11.813
2 24 9.9658 3 -8.0349 8.1317 .5 -8.1317
5 24 -7.5367 2.4691 -9.8499 -8.1317 .5 -8.1317 -6.8346 2.43 -10.2806 -9.164 2.207 -8.962
5 24 -10.401 3.726 -7.785 -12.0107 3 -4.9751 -10.342 2.57 -7.922 -10.396 5.188 -7.85
5 24 12.0107 3 -4.9751 7.9549 -6.8839 -7.9549 10.3939 -6.4784 -4.3054 8.1317 .5 -8.1317
5 24 -12.493 10.778 4.666 -9.1923 3 9.1923 -12.0107 3 4.9751 -11.962 13.414 5.947
5 24 -13 3 0 -12.0107 3 4.9751 -13.273 7.143 1.542 -10.3939 -5.5216 4.3054
5 24 -12.0107 3 -4.9751 -11.422 10.146 -6.258 -11.827 11.047 -5.53 -10.872 8.028 -7.148
5 24 -4.4011 .5 -10.6249 -3.469 2.296 -11.813 -4.7343 2.1714 -11.4293 -2.419 2.212 -12.028
5 24 12.0107 3 -4.9751 9.9658 3 -8.0349 10.1268 5.263 -7.7939 8.1317 .5 -8.1317
5 24 -4.3054 -4.8451 10.3939 -4.9751 3 12.0107 0 3 13 -7.9549 -5.1161 7.9549
5 24 13.355 8.344 -.927 13 3 0 12.0107 3 -4.9751 13.385 7.419 .507
5 24 1.7147 2.1668 -12.0257 4.4011 .5 -10.6249 2.8211 2.2716 -11.8934 0 .5 -11.5
5 24 -2.419 2.212 -12.028 -4.4011 .5 -10.6249 -3.469 2.296 -11.813 0 .5 -11.5
5 24 -2.013 18.964 13.1 0 3 13 -4.9751 3 12.0107 -.071 19.026 13.239
5 24 -9.164 2.207 -8.962 -8.1317 .5 -8.1317 -10.342 2.57 -7.922 -7.5367 2.4691 -9.8499
5 24 13.134 7.401 2.511 13 3 0 12.0107 3 4.9751 13.385 7.419 .507
5 24 13.385 7.419 .507 13 3 0 13.355 8.344 -.927 13.134 7.401 2.511
5 24 -13 3 0 -10.3939 -5.5216 4.3054 -11.25 -6 0 -12.0107 3 4.9751
5 24 -13.149 9.459 -1.649 -12.0107 3 -4.9751 -13.276 8.529 -1.184 -12.975 11.06 -3.605
5 24 4.4011 .5 -10.6249 4.3054 -7.1549 -10.3939 7.9549 -6.8839 -7.9549 0 -7.25 -11.25
5 24 10.551 16.692 8.277 9.1923 3 9.1923 9.376 17.503 9.499 11.341 14.596 7.097
2 24 9.9681 3 -8.0315 8.1317 .5 -8.1317
5 24 -12.0107 3 -4.9751 -13.276 8.529 -1.184 -13 3 0 -13.149 9.459 -1.649
5 24 -2.013 18.964 13.1 -4.9751 3 12.0107 0 3 13 -4.027 18.932 12.598
5 24 0 3 13 3.972 18.988 12.632 1.99 19.006 13.081 4.9751 3 12.0107
5 24 -5.5034 2.2242 -10.9674 -8.1317 .5 -8.1317 -6.8346 2.43 -10.2806 -4.4011 .5 -10.6249
5 24 -13.318 7.166 .45 -13 3 0 -13.364 7.677 -.477 -13.273 7.143 1.542
5 24 9.1923 3 9.1923 11.341 14.596 7.097 11.937 13.299 6.186 10.551 16.692 8.277
5 24 -12.0107 3 -4.9751 -10.396 5.188 -7.85 -10.401 3.726 -7.785 -10.409 6.416 -7.842
5 24 -13 3 0 -13.273 7.143 1.542 -12.0107 3 4.9751 -13.318 7.166 .45
5 24 -12.0107 3 -4.9751 -11.25 -6 0 -10.3939 -6.4784 -4.3054 -13 3 0
5 24 -12.0107 3 -4.9751 -13 3 0 -13.276 8.529 -1.184 -11.25 -6 0
5 24 -4.4011 .5 -10.6249 -5.5034 2.2242 -10.9674 -8.1317 .5 -8.1317 -4.7343 2.1714 -11.4293
5 24 -10.872 8.028 -7.148 -12.0107 3 -4.9751 -11.422 10.146 -6.258 -10.409 6.416 -7.842
5 24 7.9549 -6.8839 -7.9549 4.4011 .5 -10.6249 8.1317 .5 -8.1317 4.3054 -7.1549 -10.3939
5 24 13 3 0 10.3939 -5.5216 4.3054 12.0107 3 4.9751 11.25 -6 0
5 24 -12.0107 3 -4.9751 -10.3939 -6.4784 -4.3054 -11.25 -6 0 -7.9549 -6.8839 -7.9549
5 24 0 3 13 1.99 19.006 13.081 -.071 19.026 13.239 3.972 18.988 12.632
5 24 -4.9751 3 12.0107 -4.027 18.932 12.598 -2.013 18.964 13.1 -5.893 18.821 11.915
5 24 4.9751 3 12.0107 4.3054 -4.8451 10.3939 9.1923 3 9.1923 0 -4.75 11.25
5 24 -12.0107 3 -4.9751 -10.409 6.416 -7.842 -10.396 5.188 -7.85 -10.872 8.028 -7.148
5 24 -.071 19.026 13.239 0 3 13 1.99 19.006 13.081 -2.013 18.964 13.1
5 24 11.937 13.299 6.186 9.1923 3 9.1923 11.341 14.596 7.097 12.0107 3 4.9751
5 24 8.9232 2.4691 -8.9232 8.1317 .5 -8.1317 7.9977 2.4691 -9.5417 9.9681 3 -8.0315
5 24 0 2.0828 -12.2964 0 .5 -11.5 1.7147 2.1668 -12.0257 -2.419 2.212 -12.028
5 24 -9.1923 3 9.1923 -11.962 13.414 5.947 -12.493 10.778 4.666 -11.152 15.629 7.352
5 24 -9.1923 3 9.1923 -12.0107 3 4.9751 -10.3939 -5.5216 4.3054 -12.493 10.778 4.666
5 24 1.7147 2.1668 -12.0257 0 .5 -11.5 4.4011 .5 -10.6249 0 2.0828 -12.2964
5 24 12.0107 3 -4.9751 10.3939 -6.4784 -4.3054 7.9549 -6.8839 -7.9549 11.25 -6 0
5 24 -9.1923 3 9.1923 -7.9549 -5.1161 7.9549 -10.3939 -5.5216 4.3054 -4.9751 3 12.0107

0 // Outside
3 16 -10.559 .273 -10.221 -10.678 -.144 -10.954 -11.622 -.636 -9.851
3 16 -10.678 -.144 -10.954 -10.536 -.779 -11.914 -11.622 -.636 -9.851
3 16 -11.635 -1.952 -11.046 -11.622 -.636 -9.851 -10.536 -.779 -11.914
3 16 -11.869 -2.071 -10.673 -11.622 -.636 -9.851 -11.635 -1.952 -11.046
3 16 -11.635 -1.952 -11.046 -10.536 -.779 -11.914 -11.204 -2.537 -12.064
3 16 -11.204 -2.537 -12.064 -10.536 -.779 -11.914 -10.085 -1.426 -12.624
3 16 15.16 6.951 5.273 14.689 8.615 5.632 14.998 6.462 6.666
3 16 14.998 6.462 6.666 14.689 8.615 5.632 13.549 7.686 8.336
3 16 14.689 8.615 5.632 15.16 6.951 5.273 15.047 7.329 4.6
3 16 15.047 7.329 4.6 15.16 6.951 5.273 15.276 6.327 4.001
4 16 15.255 5.525 4.427 15.16 6.951 5.273 14.998 6.462 6.666 15.089 4.692 6.004
3 16 15.089 4.692 6.004 14.998 6.462 6.666 14.9 4.62 7.535
3 16 15.276 6.327 4.001 15.16 6.951 5.273 15.255 5.525 4.427
3 16 15.12 6.775 3.805 15.047 7.329 4.6 15.276 6.327 4.001
3 16 15.089 4.692 6.004 15.182 4.753 4.845 15.255 5.525 4.427
3 16 13.549 7.686 8.336 13.973 6.207 8.711 14.998 6.462 6.666
3 16 14.998 6.462 6.666 13.973 6.207 8.711 14.9 4.62 7.535
3 16 14.9 4.62 7.535 13.973 6.207 8.711 14.188 4.195 8.62
3 16 -11.622 -.636 -9.851 -11.869 -2.071 -10.673 -12.523 -.883 -9.733
3 16 -12.523 -.883 -9.733 -11.869 -2.071 -10.673 -12.705 -2.827 -10.581
3 16 -11.46 -3.493 -10.7 -12.705 -2.827 -10.581 -11.869 -2.071 -10.673
3 16 -12.05 -4.139 -10.372 -12.705 -2.827 -10.581 -11.46 -3.493 -10.7
3 16 -12.889 -2.982 -10.475 -12.705 -2.827 -10.581 -12.05 -4.139 -10.372
3 16 -12.05 -4.139 -10.372 -13.105 -3.112 -10.292 -12.889 -2.982 -10.475
3 16 -12.44 -4.549 -9.905 -13.105 -3.112 -10.292 -12.05 -4.139 -10.372
3 16 12.507 -3.713 14.786 12.585 -1.943 15.258 11.969 -3.692 15.054
3 16 11.969 -3.692 15.054 12.585 -1.943 15.258 11.91 -1.959 15.619
3 16 13.428 -3.26 13.787 12.585 -1.943 15.258 12.507 -3.713 14.786
3 16 13.373 -1.723 14.231 12.585 -1.943 15.258 13.428 -3.26 13.787
3 16 13.428 -3.26 13.787 13.995 -2.804 12.446 13.373 -1.723 14.231
3 16 13.373 -1.723 14.231 13.995 -2.804 12.446 13.93 -1.289 12.664
3 16 14.017 -1.015 12.131 13.93 -1.289 12.664 13.995 -2.804 12.446
3 16 14.017 -1.015 12.131 13.995 -2.804 12.446 14.449 -1.665 11.095
3 16 14.342 -.415 10.944 14.017 -1.015 12.131 14.449 -1.665 11.095
3 16 14.054 -.246 11.538 14.017 -1.015 12.131 14.342 -.415 10.944
3 16 14.449 -1.665 11.095 13.995 -2.804 12.446 14.363 -2.705 11.11
4 16 -9.164 2.207 -8.962 -8.337 1.857 -10.341 -8.986 1.158 -10.801 -9.529 1.446 -9.812
3 16 -8.986 1.158 -10.801 -8.337 1.857 -10.341 -7.651 1.369 -11.395
4 16 -7.651 1.369 -11.395 -8.337 1.857 -10.341 -7.5367 2.4691 -9.8499 -6.8346 2.43 -10.2806
3 16 -7.5367 2.4691 -9.8499 -8.337 1.857 -10.341 -9.164 2.207 -8.962
3 16 -8.828 .665 -11.624 -8.986 1.158 -10.801 -7.651 1.369 -11.395
3 16 -6.8346 2.43 -10.2806 -5.857 1.419 -11.662 -7.651 1.369 -11.395
3 16 -5.5034 2.2242 -10.9674 -5.857 1.419 -11.662 -6.8346 2.43 -10.2806
3 16 -8.386 .418 -12.198 -8.828 .665 -11.624 -7.651 1.369 -11.395
4 16 -7.426 .389 -12.494 -7.912 .269 -12.488 -8.386 .418 -12.198 -7.651 1.369 -11.395
3 16 -6.57 1.171 -11.8 -7.651 1.369 -11.395 -5.857 1.419 -11.662
4 16 -7.426 .389 -12.494 -7.651 1.369 -11.395 -6.57 1.171 -11.8 -6.948 .671 -12.274
3 16 -9.529 1.446 -9.812 -10.6 1.131 -9.501 -9.164 2.207 -8.962
3 16 -9.538 .815 -10.187 -10.6 1.131 -9.501 -9.529 1.446 -9.812
3 16 -10.6 1.131 -9.501 -9.538 .815 -10.187 -10.559 .273 -10.221
3 16 -10.559 .273 -10.221 -9.538 .815 -10.187 -9.933 .3 -10.304
4 16 -11.753 1.23 -8.841 -10.6 1.131 -9.501 -10.559 .273 -10.221 -11.678 .344 -9.603
3 16 -11.678 .344 -9.603 -10.559 .273 -10.221 -11.622 -.636 -9.851
3 16 -10.342 2.57 -7.922 -10.6 1.131 -9.501 -11.753 1.23 -8.841
3 16 -9.164 2.207 -8.962 -10.6 1.131 -9.501 -10.342 2.57 -7.922
3 16 -5.857 1.419 -11.662 -5.5034 2.2242 -10.9674 -4.985 .916 -12.716
3 16 -4.985 .916 -12.716 -5.5034 2.2242 -10.9674 -4.7343 2.1714 -11.4293
3 16 -4.7343 2.1714 -11.4293 -3.469 2.296 -11.813 -4.985 .916 -12.716
3 16 -4.985 .916 -12.716 -3.469 2.296 -11.813 -4.177 .471 -13.653
3 16 -4.177 .471 -13.653 -3.469 2.296 -11.813 -2.419 2.212 -12.028
3 16 -4.177 .471 -13.653 -2.419 2.212 -12.028 -3.586 .241 -14.033
3 16 -3.586 .241 -14.033 -2.419 2.212 -12.028 -2.887 .273 -13.945
3 16 -2.419 2.212 -12.028 -1.478 .795 -13.151 -2.887 .273 -13.945
3 16 -2.419 2.212 -12.028 0 2.0828 -12.2964 -1.478 .795 -13.151
3 16 0 2.0828 -12.2964 -.115 .164 -14.339 -1.478 .795 -13.151
3 16 -1.478 .795 -13.151 -.115 .164 -14.339 -.673 -.011 -14.292
3 16 .965 .848 -13.409 -.115 .164 -14.339 0 2.0828 -12.2964
3 16 0 2.0828 -12.2964 1.362 1.372 -12.777 .965 .848 -13.409
3 16 1.7147 2.1668 -12.0257 1.362 1.372 -12.777 0 2.0828 -12.2964
3 16 1.757 1.367 -12.712 1.362 1.372 -12.777 1.7147 2.1668 -12.0257
3 16 .724 .013 -14.327 -.115 .164 -14.339 .965 .848 -13.409
3 16 5.382 -7.92 12.919 5.947 -7.414 14.158 5.251 -7.475 14.99
3 16 3.94 -8.961 13.869 5.382 -7.92 12.919 5.251 -7.475 14.99
3 16 3.94 -8.961 13.869 4.528 -8.625 12.251 5.382 -7.92 12.919
3 16 5.382 -7.92 12.919 4.528 -8.625 12.251 5.28 -8.036 12.484
3 16 3.197 -9.461 13.242 4.528 -8.625 12.251 3.94 -8.961 13.869
3 16 3.73 -9.172 11.97 4.528 -8.625 12.251 3.197 -9.461 13.242
3 16 2.277 -9.676 12.698 3.73 -9.172 11.97 3.197 -9.461 13.242
3 16 2.746 -9.469 11.573 3.73 -9.172 11.97 2.277 -9.676 12.698
3 16 3.582 -8.341 15.547 3.94 -8.961 13.869 5.251 -7.475 14.99
3 16 5.251 -7.475 14.99 5.947 -7.414 14.158 6.537 -6.325 14.648
3 16 2.277 -9.676 12.698 3.197 -9.461 13.242 1.675 -9.094 13.568
3 16 1.675 -9.094 13.568 3.197 -9.461 13.242 2.022 -8.859 14.168
3 16 3.197 -9.461 13.242 3.94 -8.961 13.869 2.022 -8.859 14.168
3 16 3.94 -8.961 13.869 3.582 -8.341 15.547 2.022 -8.859 14.168
3 16 5.251 -7.475 14.99 6.537 -6.325 14.648 5.917 -6.076 15.57
3 16 2.022 -8.859 14.168 3.582 -8.341 15.547 2.244 -7.915 15.667
3 16 1.675 -9.094 13.568 2.022 -8.859 14.168 .964 -8.071 14.031
3 16 2.244 -7.915 15.667 1.212 -7.637 15.196 2.022 -8.859 14.168
3 16 2.022 -8.859 14.168 1.212 -7.637 15.196 .964 -8.071 14.031
3 16 1.212 -7.637 15.196 2.244 -7.915 15.667 1.244 -7.183 15.988
4 16 2.052 -5.65 16.857 1.195 -6.606 16.288 1.244 -7.183 15.988 2.244 -7.915 15.667
3 16 3.582 -8.341 15.547 2.929 -5.791 16.92 2.244 -7.915 15.667
3 16 3.582 -8.341 15.547 4.024 -5.563 16.608 2.929 -5.791 16.92
3 16 5.019 -5.148 16.24 4.024 -5.563 16.608 5.917 -6.076 15.57
3 16 5.917 -6.076 15.57 4.024 -5.563 16.608 5.251 -7.475 14.99
3 16 5.251 -7.475 14.99 4.024 -5.563 16.608 3.582 -8.341 15.547
3 16 2.244 -7.915 15.667 2.929 -5.791 16.92 2.052 -5.65 16.857
3 16 1.195 -6.606 16.288 2.052 -5.65 16.857 1.072 -5.546 16.828
3 16 10.283 -3.467 14.994 9.548 -4.705 14.392 10.864 -3.75 14.553
3 16 10.864 -3.75 14.553 9.548 -4.705 14.392 10.657 -4.87 13.977
3 16 10.864 -3.75 14.553 10.657 -4.87 13.977 11.596 -4.11 14.076
3 16 9.548 -4.705 14.392 9.921 -5.582 13.665 10.657 -4.87 13.977
3 16 10.657 -4.87 13.977 9.921 -5.582 13.665 10.84 -5.611 13.46
3 16 11.596 -4.11 14.076 10.657 -4.87 13.977 11.401 -5.154 13.633
3 16 11.401 -5.154 13.633 10.657 -4.87 13.977 10.84 -5.611 13.46
3 16 11.596 -4.11 14.076 11.401 -5.154 13.633 12.552 -4.019 12.927
3 16 12.552 -4.019 12.927 11.401 -5.154 13.633 12.286 -5.41 12.722
3 16 12.286 -5.41 12.722 12.929 -5.457 11.431 12.552 -4.019 12.927
3 16 12.552 -4.019 12.927 12.929 -5.457 11.431 13.499 -3.552 10.923
3 16 13.499 -3.552 10.923 12.929 -5.457 11.431 13.584 -4.265 10.064
4 16 12.523 -5.86 10.794 12.613 -5.479 9.572 13.584 -4.265 10.064 12.929 -5.457 11.431
3 16 12.523 -5.86 10.794 10.952 -6.421 9.291 12.613 -5.479 9.572
3 16 11.933 -6.197 11.231 10.952 -6.421 9.291 12.523 -5.86 10.794
3 16 10.126 -6.49 10.271 10.952 -6.421 9.291 11.933 -6.197 11.231
3 16 11.933 -6.197 11.231 10.984 -6.424 11.378 10.126 -6.49 10.271
3 16 11.933 -6.197 11.231 11.271 -6.394 11.746 10.984 -6.424 11.378
3 16 10.126 -6.49 10.271 10.984 -6.424 11.378 10.352 -6.571 11.166
3 16 13.584 -4.265 10.064 12.613 -5.479 9.572 13.543 -4.337 9.296
3 16 13.543 -4.337 9.296 12.613 -5.479 9.572 13.262 -4.755 8.204
3 16 13.262 -4.755 8.204 12.613 -5.479 9.572 11.763 -6.086 7.834
3 16 11.763 -6.086 7.834 12.613 -5.479 9.572 10.952 -6.421 9.291
3 16 2.746 -9.469 11.573 2.277 -9.676 12.698 2.163 -9.989 10.884
3 16 2.163 -9.989 10.884 2.277 -9.676 12.698 1.605 -10.621 12.516
3 16 2.163 -9.989 10.884 1.605 -10.621 12.516 .984 -11.097 11.678
3 16 2.163 -9.989 10.884 .984 -11.097 11.678 1.711 -10.135 10.2
3 16 1.711 -10.135 10.2 .984 -11.097 11.678 .371 -10.718 9.674
3 16 .371 -10.718 9.674 .984 -11.097 11.678 -1.226 -10.785 10.968
3 16 .371 -10.718 9.674 -1.226 -10.785 10.968 -.606 -10.583 9.481
3 16 -.606 -10.583 9.481 -1.226 -10.785 10.968 -1.964 -10.084 9.549
3 16 -1.226 -10.785 10.968 .984 -11.097 11.678 -.382 -10.839 12.439
3 16 .984 -11.097 11.678 1.605 -10.621 12.516 -.382 -10.839 12.439
3 16 -.382 -10.839 12.439 1.605 -10.621 12.516 .519 -9.73 13.434
3 16 .519 -9.73 13.434 1.605 -10.621 12.516 1.675 -9.094 13.568
3 16 1.675 -9.094 13.568 1.605 -10.621 12.516 2.277 -9.676 12.698
3 16 -1.964 -10.084 9.549 -1.226 -10.785 10.968 -2.27 -9.834 9.943
3 16 -2.27 -9.834 9.943 -1.226 -10.785 10.968 -1.823 -10.228 11.291
3 16 -1.823 -10.228 11.291 -1.226 -10.785 10.968 -1.275 -10.07 12.633
3 16 -1.275 -10.07 12.633 -1.226 -10.785 10.968 -.382 -10.839 12.439
3 16 -2.27 -9.834 9.943 -1.823 -10.228 11.291 -2.717 -9.234 10.706
3 16 -2.717 -9.234 10.706 -1.823 -10.228 11.291 -2.224 -9.523 11.726
3 16 -1.823 -10.228 11.291 -1.275 -10.07 12.633 -2.224 -9.523 11.726
3 16 -2.224 -9.523 11.726 -1.275 -10.07 12.633 -1.83 -9.153 12.929
3 16 .519 -9.73 13.434 -.683 -9.488 13.478 -.382 -10.839 12.439
3 16 -.382 -10.839 12.439 -.683 -9.488 13.478 -1.275 -10.07 12.633
3 16 -1.275 -10.07 12.633 -.683 -9.488 13.478 -1.83 -9.153 12.929
3 16 1.675 -9.094 13.568 .964 -8.071 14.031 .519 -9.73 13.434
3 16 .519 -9.73 13.434 .964 -8.071 14.031 -.246 -8.318 14.069
3 16 .519 -9.73 13.434 -.246 -8.318 14.069 -.683 -9.488 13.478
3 16 -.683 -9.488 13.478 -.246 -8.318 14.069 -1.274 -8.412 14.047
3 16 -1.83 -9.153 12.929 -.683 -9.488 13.478 -1.274 -8.412 14.047
3 16 -12.901 -6.925 -7.237 -13.73 -6.709 -6.424 -13.365 -5.974 -7.174
3 16 -13.365 -5.974 -7.174 -13.73 -6.709 -6.424 -13.867 -5.737 -6.619
3 16 -13.73 -6.709 -6.424 -12.901 -6.925 -7.237 -13.608 -7.306 -6.392
3 16 -13.608 -7.306 -6.392 -12.901 -6.925 -7.237 -13.217 -7.903 -6.528
3 16 -12.901 -6.925 -7.237 -12.225 -7.529 -7.482 -13.217 -7.903 -6.528
3 16 -13.217 -7.903 -6.528 -12.225 -7.529 -7.482 -12.68 -8.237 -6.676
3 16 -12.68 -8.237 -6.676 -12.225 -7.529 -7.482 -12.039 -8.178 -7.062
3 16 -12.039 -8.178 -7.062 -12.225 -7.529 -7.482 -11.47 -7.939 -7.621
3 16 13.093 2.966 12.147 14.466 2.848 11.53 14.03 3.833 10.291
3 16 14.03 3.833 10.291 14.466 2.848 11.53 14.777 3.364 10.169
3 16 14.03 3.833 10.291 14.777 3.364 10.169 14.188 4.195 8.62
3 16 14.188 4.195 8.62 14.777 3.364 10.169 14.825 3.603 8.531
3 16 13.868 1.986 12.049 14.466 2.848 11.53 13.093 2.966 12.147
3 16 14.491 2.34 11.716 14.466 2.848 11.53 13.868 1.986 12.049
3 16 14.491 2.34 11.716 13.868 1.986 12.049 14.786 1.668 11.537
3 16 14.786 1.668 11.537 13.868 1.986 12.049 14.149 1.124 11.82
4 16 13.181 .026 12.502 14.149 1.124 11.82 13.868 1.986 12.049 13.215 1.253 12.517
3 16 13.093 2.966 12.147 13.215 1.253 12.517 13.868 1.986 12.049
3 16 13.181 .026 12.502 14.054 -.246 11.538 14.149 1.124 11.82
3 16 14.149 1.124 11.82 14.054 -.246 11.538 14.542 .601 11.384
3 16 14.786 1.668 11.537 14.149 1.124 11.82 14.958 1.293 11.285
3 16 14.958 1.293 11.285 14.149 1.124 11.82 14.542 .601 11.384
3 16 -10.559 .273 -10.221 -9.933 .3 -10.304 -10.678 -.144 -10.954
3 16 -10.678 -.144 -10.954 -9.933 .3 -10.304 -9.675 -.048 -11.052
3 16 -10.678 -.144 -10.954 -9.675 -.048 -11.052 -10.536 -.779 -11.914
3 16 -10.536 -.779 -11.914 -9.675 -.048 -11.052 -9.367 -.659 -11.885
3 16 -10.536 -.779 -11.914 -9.367 -.659 -11.885 -10.085 -1.426 -12.624
3 16 -9.367 -.659 -11.885 -8.913 -1.374 -12.403 -10.085 -1.426 -12.624
3 16 -10.085 -1.426 -12.624 -8.913 -1.374 -12.403 -9.348 -2.064 -12.925
3 16 -9.348 -2.064 -12.925 -8.913 -1.374 -12.403 -8.366 -1.876 -12.661
3 16 -9.348 -2.064 -12.925 -8.366 -1.876 -12.661 -8.036 -2.713 -13.483
3 16 -9.348 -2.064 -12.925 -8.036 -2.713 -13.483 -9.075 -3.47 -13.857
3 16 -7.66 -3.752 -13.863 -9.075 -3.47 -13.857 -8.036 -2.713 -13.483
3 16 -7.66 -3.752 -13.863 -8.532 -4.65 -13.761 -9.075 -3.47 -13.857
3 16 -8.302 -4.759 -13.812 -8.532 -4.65 -13.761 -7.66 -3.752 -13.863
3 16 -13.451 -2.89 -10.019 -13.105 -3.112 -10.292 -12.791 -4.602 -9.466
3 16 -12.791 -4.602 -9.466 -13.105 -3.112 -10.292 -12.44 -4.549 -9.905
3 16 -13.704 -2.89 -9.659 -13.451 -2.89 -10.019 -12.791 -4.602 -9.466
3 16 -13.704 -2.89 -9.659 -12.791 -4.602 -9.466 -14.054 -3.25 -8.651
3 16 -14.054 -3.25 -8.651 -12.791 -4.602 -9.466 -13.137 -4.707 -8.901
4 16 13.973 6.207 8.711 13.824 6.013 10.333 14.03 3.833 10.291 14.188 4.195 8.62
3 16 14.03 3.833 10.291 13.824 6.013 10.333 13.78 5.194 11.61
3 16 13.78 5.194 11.61 13.824 6.013 10.333 13.689 6.362 11.555
4 16 13.549 7.686 8.336 13.335 7.618 10.165 13.824 6.013 10.333 13.973 6.207 8.711
3 16 13.549 7.686 8.336 13.32 8.078 8.706 13.335 7.618 10.165
3 16 13.335 7.618 10.165 13.32 8.078 8.706 12.753 8.625 10.04
3 16 13.689 6.362 11.555 13.824 6.013 10.333 13.335 7.618 10.165
3 16 13.335 7.618 10.165 13.365 7.119 11.65 13.689 6.362 11.555
3 16 13.335 7.618 10.165 12.753 8.625 10.04 12.364 8.701 10.782
3 16 12.364 8.701 10.782 13.365 7.119 11.65 13.335 7.618 10.165
3 16 11.847 8.7 11.444 13.365 7.119 11.65 12.364 8.701 10.782
4 16 13.126 6.529 12.371 13.365 7.119 11.65 11.847 8.7 11.444 11.424 7.654 12.713
3 16 11.389 6.002 13.16 13.126 6.529 12.371 11.424 7.654 12.713
3 16 12.72 3.72 12.589 13.126 6.529 12.371 11.389 6.002 13.16
3 16 11.266 5.1 13.298 12.72 3.72 12.589 11.389 6.002 13.16
3 16 -9.84 -9.46 -.019 -10.09 -9.692 -.857 -9.096 -10.381 .14
3 16 -9.096 -10.381 .14 -10.09 -9.692 -.857 -9.149 -10.949 -.524
3 16 -10.09 -9.692 -.857 -9.685 -10.438 -1.603 -9.149 -10.949 -.524
3 16 -10.075 -9.59 -1.364 -9.685 -10.438 -1.603 -10.09 -9.692 -.857
3 16 -10.075 -9.59 -1.364 -9.908 -9.651 -2.018 -9.685 -10.438 -1.603
3 16 -9.685 -10.438 -1.603 -9.908 -9.651 -2.018 -9.506 -10.409 -2.143
3 16 -9.096 -10.381 .14 -9.149 -10.949 -.524 -8.205 -10.983 .252
3 16 -8.205 -10.983 .252 -9.149 -10.949 -.524 -8.111 -11.478 -.437
3 16 -9.685 -10.438 -1.603 -8.525 -11.368 -1.64 -9.149 -10.949 -.524
3 16 -9.149 -10.949 -.524 -8.525 -11.368 -1.64 -8.111 -11.478 -.437
3 16 -8.525 -11.368 -1.64 -9.685 -10.438 -1.603 -8.631 -11.057 -2.232
3 16 -8.631 -11.057 -2.232 -9.685 -10.438 -1.603 -9.506 -10.409 -2.143
3 16 -7.694 -11.535 -1.47 -8.111 -11.478 -.437 -8.525 -11.368 -1.64
3 16 -7.523 -11.501 -.957 -8.111 -11.478 -.437 -7.694 -11.535 -1.47
3 16 -8.525 -11.368 -1.64 -8.631 -11.057 -2.232 -7.884 -11.344 -1.974
3 16 -7.694 -11.535 -1.47 -8.525 -11.368 -1.64 -7.884 -11.344 -1.974
3 16 13.181 .026 12.502 13.215 1.253 12.517 12.414 -.561 14.034
3 16 12.414 -.561 14.034 13.215 1.253 12.517 12.59 2.166 14.638
3 16 13.215 1.253 12.517 13.093 2.966 12.147 12.59 2.166 14.638
3 16 13.093 2.966 12.147 12.72 3.72 12.589 12.59 2.166 14.638
3 16 12.59 2.166 14.638 12.72 3.72 12.589 11.466 3.694 14.899
3 16 11.619 .744 15.839 12.414 -.561 14.034 12.59 2.166 14.638
3 16 11.527 -1.038 15.195 12.414 -.561 14.034 11.619 .744 15.839
3 16 11.619 .744 15.839 11.012 .445 16.161 11.063 -1.15 15.657
3 16 11.063 -1.15 15.657 11.527 -1.038 15.195 11.619 .744 15.839
3 16 12.59 2.166 14.638 11.73 1.523 15.819 11.619 .744 15.839
3 16 11.73 1.523 15.819 12.59 2.166 14.638 11.031 2.632 15.806
3 16 11.031 2.632 15.806 12.59 2.166 14.638 11.466 3.694 14.899
3 16 11.266 5.1 13.298 11.466 3.694 14.899 12.72 3.72 12.589
3 16 11.466 3.694 14.899 11.266 5.1 13.298 10.825 4.954 14.34
3 16 10.501 4.599 15.024 11.466 3.694 14.899 10.825 4.954 14.34
3 16 10.171 4.29 15.429 11.466 3.694 14.899 10.501 4.599 15.024
3 16 9.814 3.945 15.738 11.466 3.694 14.899 10.171 4.29 15.429
3 16 11.466 3.694 14.899 9.814 3.945 15.738 11.031 2.632 15.806
3 16 11.031 2.632 15.806 9.814 3.945 15.738 9.238 3.079 16.242
3 16 -13.462 -7.236 -4.759 -13.608 -7.306 -6.392 -12.829 -8.116 -5.116
3 16 -12.829 -8.116 -5.116 -13.608 -7.306 -6.392 -13.217 -7.903 -6.528
3 16 -12.829 -8.116 -5.116 -13.217 -7.903 -6.528 -12.68 -8.237 -6.676
3 16 -12.68 -8.237 -6.676 -11.967 -8.63 -5.675 -12.829 -8.116 -5.116
3 16 -11.226 -8.813 -5.94 -11.967 -8.63 -5.675 -12.68 -8.237 -6.676
3 16 -13.608 -7.306 -6.392 -13.462 -7.236 -4.759 -13.974 -6.405 -5.667
3 16 -13.73 -6.709 -6.424 -13.608 -7.306 -6.392 -13.974 -6.405 -5.667
3 16 -13.73 -6.709 -6.424 -13.974 -6.405 -5.667 -13.867 -5.737 -6.619
3 16 -13.867 -5.737 -6.619 -13.974 -6.405 -5.667 -14.23 -5.246 -5.952
3 16 -13.974 -6.405 -5.667 -13.462 -7.236 -4.759 -13.86 -6.53 -4.749
3 16 -13.974 -6.405 -5.667 -14.266 -5.738 -5.059 -14.23 -5.246 -5.952
3 16 -13.974 -6.405 -5.667 -13.86 -6.53 -4.749 -14.266 -5.738 -5.059
3 16 -14.266 -5.738 -5.059 -13.86 -6.53 -4.749 -13.884 -6.072 -4.177
3 16 11.969 -3.692 15.054 11.47 -1.799 15.744 10.283 -3.467 14.994
3 16 11.47 -1.799 15.744 11.969 -3.692 15.054 11.91 -1.959 15.619
3 16 10.283 -3.467 14.994 10.864 -3.75 14.553 11.969 -3.692 15.054
3 16 10.398 -1.919 15.974 10.283 -3.467 14.994 11.47 -1.799 15.744
3 16 10.398 -1.919 15.974 11.47 -1.799 15.744 10.577 -1.608 16.024
3 16 11.47 -1.799 15.744 10.777 -1.397 15.964 10.577 -1.608 16.024
3 16 -2.29 -10.28 6.945 -2.024 -10.446 7.996 -3.314 -10.386 7.679
3 16 -3.314 -10.386 7.679 -2.024 -10.446 7.996 -2.948 -10.516 8.409
3 16 -3.893 -10.159 6.94 -2.29 -10.28 6.945 -3.314 -10.386 7.679
3 16 -2.732 -9.972 5.978 -2.29 -10.28 6.945 -3.893 -10.159 6.94
4 16 -2.783 -10.365 9.224 -2.948 -10.516 8.409 -2.024 -10.446 7.996 -1.851 -10.265 9.054
3 16 -2.948 -10.516 8.409 -4.163 -10.532 9.08 -3.314 -10.386 7.679
4 16 -4.864 -10.116 7.437 -3.893 -10.159 6.94 -3.314 -10.386 7.679 -4.163 -10.532 9.08
3 16 -2.948 -10.516 8.409 -2.783 -10.365 9.224 -4.163 -10.532 9.08
3 16 -4.864 -10.116 7.437 -4.163 -10.532 9.08 -5.071 -10.378 9.28
3 16 -4.163 -10.532 9.08 -2.783 -10.365 9.224 -3.778 -10.269 9.926
3 16 -4.163 -10.532 9.08 -3.778 -10.269 9.926 -5.071 -10.378 9.28
3 16 -4.864 -10.116 7.437 -5.071 -10.378 9.28 -5.919 -9.315 7.561
3 16 -5.919 -9.315 7.561 -5.071 -10.378 9.28 -6.222 -9.397 9.337
3 16 -5.071 -10.378 9.28 -3.778 -10.269 9.926 -4.81 -10.071 10.472
3 16 -4.81 -10.071 10.472 -5.869 -9.239 10.471 -5.071 -10.378 9.28
3 16 -5.071 -10.378 9.28 -5.869 -9.239 10.471 -6.222 -9.397 9.337
3 16 -5.919 -9.315 7.561 -6.222 -9.397 9.337 -6.986 -8.335 7.456
3 16 -6.986 -8.335 7.456 -6.222 -9.397 9.337 -7.467 -8.066 8.78
3 16 -6.222 -9.397 9.337 -7.379 -8.014 9.533 -7.467 -8.066 8.78
4 16 -7.379 -8.014 9.533 -6.222 -9.397 9.337 -5.869 -9.239 10.471 -7.06 -7.857 10.566
3 16 -12.705 -2.827 -10.581 -12.889 -2.982 -10.475 -12.523 -.883 -9.733
3 16 -12.889 -2.982 -10.475 -13.105 -3.112 -10.292 -12.523 -.883 -9.733
3 16 -12.523 -.883 -9.733 -13.105 -3.112 -10.292 -13.451 -2.89 -10.019
3 16 -12.523 -.883 -9.733 -13.451 -2.89 -10.019 -13.629 -1.213 -9.091
3 16 -13.629 -1.213 -9.091 -13.451 -2.89 -10.019 -13.704 -2.89 -9.659
3 16 -10.643 -8.176 -.513 -10.547 -8.442 -1.88 -10.075 -9.59 -1.364
3 16 -10.075 -9.59 -1.364 -10.547 -8.442 -1.88 -9.908 -9.651 -2.018
3 16 -10.643 -8.176 -.513 -10.075 -9.59 -1.364 -10.09 -9.692 -.857
3 16 -10.187 -8.503 -2.831 -9.908 -9.651 -2.018 -10.547 -8.442 -1.88
3 16 -9.698 -9.534 -2.941 -9.908 -9.651 -2.018 -10.187 -8.503 -2.831
3 16 -9.908 -9.651 -2.018 -9.698 -9.534 -2.941 -9.506 -10.409 -2.143
3 16 -9.506 -10.409 -2.143 -9.698 -9.534 -2.941 -8.867 -10.526 -2.927
3 16 -8.631 -11.057 -2.232 -9.506 -10.409 -2.143 -8.867 -10.526 -2.927
3 16 -7.17 -11.156 -2.74 -8.631 -11.057 -2.232 -8.867 -10.526 -2.927
3 16 -7.884 -11.344 -1.974 -8.631 -11.057 -2.232 -7.17 -11.156 -2.74
3 16 -6.944 -11.351 -2.022 -7.884 -11.344 -1.974 -7.17 -11.156 -2.74
3 16 -7.694 -11.535 -1.47 -7.884 -11.344 -1.974 -6.944 -11.351 -2.022
3 16 -6.682 -11.446 -1.449 -7.694 -11.535 -1.47 -6.944 -11.351 -2.022
3 16 -7.523 -11.501 -.957 -7.694 -11.535 -1.47 -6.682 -11.446 -1.449
3 16 -10.09 -9.692 -.857 -9.84 -9.46 -.019 -10.643 -8.176 -.513
3 16 -9.096 -10.381 .14 -9.105 -9.529 1.041 -9.84 -9.46 -.019
3 16 -9.105 -9.529 1.041 -9.096 -10.381 .14 -8.167 -10.169 .687
3 16 -7.865 -9.873 1.326 -9.105 -9.529 1.041 -8.167 -10.169 .687
3 16 -8.167 -10.169 .687 -9.096 -10.381 .14 -8.205 -10.983 .252
3 16 -9.84 -9.46 -.019 -9.105 -9.529 1.041 -10.186 -8.475 .811
3 16 -10.643 -8.176 -.513 -9.84 -9.46 -.019 -10.186 -8.475 .811
3 16 6.956 -7.775 14.062 7.186 -6.868 14.434 5.947 -7.414 14.158
3 16 5.947 -7.414 14.158 7.186 -6.868 14.434 6.537 -6.325 14.648
3 16 8.788 -7.926 13.742 7.186 -6.868 14.434 6.956 -7.775 14.062
3 16 8.647 -6.425 14.225 7.186 -6.868 14.434 8.788 -7.926 13.742
3 16 9.716 -7.622 12.751 8.647 -6.425 14.225 8.788 -7.926 13.742
3 16 10.208 -6.057 12.883 8.647 -6.425 14.225 9.716 -7.622 12.751
3 16 9.921 -5.582 13.665 8.647 -6.425 14.225 10.208 -6.057 12.883
3 16 9.921 -5.582 13.665 8.379 -5.459 14.713 8.647 -6.425 14.225
3 16 8.647 -6.425 14.225 8.379 -5.459 14.713 7.186 -6.868 14.434
3 16 7.186 -6.868 14.434 8.379 -5.459 14.713 6.537 -6.325 14.648
3 16 9.548 -4.705 14.392 8.379 -5.459 14.713 9.921 -5.582 13.665
3 16 10.208 -6.057 12.883 9.716 -7.622 12.751 10.384 -6.393 12.118
3 16 10.384 -6.393 12.118 9.716 -7.622 12.751 10.003 -7.387 12.098
3 16 10.384 -6.393 12.118 10.003 -7.387 12.098 10.352 -6.571 11.166
3 16 10.352 -6.571 11.166 10.003 -7.387 12.098 9.749 -7.046 10.148
3 16 10.352 -6.571 11.166 9.749 -7.046 10.148 10.126 -6.49 10.271
4 16 -5.445 -11.577 5.883 -7.01 -10.906 5.802 -6.812 -11.004 4.932 -5.626 -11.519 5.072
3 16 -7.01 -10.906 5.802 -5.445 -11.577 5.883 -5.47 -11.269 6.593
4 16 -5.651 -10.896 6.948 -6.669 -10.45 6.689 -7.01 -10.906 5.802 -5.47 -11.269 6.593
3 16 -7.01 -10.906 5.802 -8.136 -9.926 4.857 -6.812 -11.004 4.932
3 16 -6.812 -11.004 4.932 -8.136 -9.926 4.857 -7.799 -10.069 4.241
3 16 -8.136 -9.926 4.857 -7.01 -10.906 5.802 -8.411 -9.067 5.627
3 16 -8.411 -9.067 5.627 -7.01 -10.906 5.802 -6.669 -10.45 6.689
3 16 -5.47 -11.269 6.593 -3.328 -10.413 5.471 -3.893 -10.159 6.94
3 16 -3.893 -10.159 6.94 -3.328 -10.413 5.471 -2.732 -9.972 5.978
3 16 -5.47 -11.269 6.593 -3.93 -10.675 4.857 -3.328 -10.413 5.471
3 16 -5.445 -11.577 5.883 -3.93 -10.675 4.857 -5.47 -11.269 6.593
3 16 -3.93 -10.675 4.857 -5.445 -11.577 5.883 -5.626 -11.519 5.072
4 16 -4.338 -10.336 3.913 -3.93 -10.675 4.857 -5.626 -11.519 5.072 -5.403 -10.769 3.889
3 16 -5.626 -11.519 5.072 -6.187 -10.626 3.77 -5.403 -10.769 3.889
3 16 -6.187 -10.626 3.77 -5.626 -11.519 5.072 -6.812 -11.004 4.932
3 16 -7.799 -10.069 4.241 -6.187 -10.626 3.77 -6.812 -11.004 4.932
3 16 -7.202 -9.719 3.619 -6.187 -10.626 3.77 -7.799 -10.069 4.241
3 16 -3.893 -10.159 6.94 -4.864 -10.116 7.437 -5.47 -11.269 6.593
3 16 -5.47 -11.269 6.593 -4.864 -10.116 7.437 -5.651 -10.896 6.948
3 16 -5.919 -9.315 7.561 -5.651 -10.896 6.948 -4.864 -10.116 7.437
3 16 -6.669 -10.45 6.689 -5.651 -10.896 6.948 -5.919 -9.315 7.561
3 16 -6.669 -10.45 6.689 -5.919 -9.315 7.561 -7.712 -8.893 6.78
3 16 -8.411 -9.067 5.627 -6.669 -10.45 6.689 -7.712 -8.893 6.78
3 16 -7.712 -8.893 6.78 -5.919 -9.315 7.561 -6.986 -8.335 7.456
3 16 -12.349 -7.827 -4.202 -11.442 -8.101 -4.436 -11.693 -8.414 -3.26
3 16 -11.693 -8.414 -3.26 -11.442 -8.101 -4.436 -11.015 -8.304 -3.348
3 16 -11.693 -8.414 -3.26 -11.015 -8.304 -3.348 -10.547 -8.442 -1.88
4 16 -10.641 -8.382 -3.486 -10.187 -8.503 -2.831 -10.547 -8.442 -1.88 -11.015 -8.304 -3.348
3 16 -11.442 -8.101 -4.436 -11.071 -8.266 -4.48 -11.015 -8.304 -3.348
3 16 -11.015 -8.304 -3.348 -11.071 -8.266 -4.48 -10.641 -8.382 -3.486
3 16 -12.349 -7.827 -4.202 -11.693 -8.414 -3.26 -12.505 -8.433 -2.993
3 16 -10.547 -8.442 -1.88 -12.219 -8.619 -2.483 -11.693 -8.414 -3.26
3 16 -11.693 -8.414 -3.26 -12.219 -8.619 -2.483 -12.505 -8.433 -2.993
3 16 -12.219 -8.619 -2.483 -10.547 -8.442 -1.88 -12.365 -8.629 -1.969
3 16 -12.365 -8.629 -1.969 -10.547 -8.442 -1.88 -10.643 -8.176 -.513
3 16 -12.505 -8.433 -2.993 -13.105 -8.032 -3.084 -12.349 -7.827 -4.202
3 16 -12.349 -7.827 -4.202 -13.105 -8.032 -3.084 -13.231 -7.06 -4.057
3 16 -10.643 -8.176 -.513 -12.013 -8.161 -.575 -12.365 -8.629 -1.969
3 16 -12.365 -8.629 -1.969 -12.013 -8.161 -.575 -12.622 -8.523 -1.653
3 16 -13.231 -7.06 -4.057 -13.105 -8.032 -3.084 -13.612 -7.693 -2.669
3 16 -12.622 -8.523 -1.653 -12.013 -8.161 -.575 -13.224 -8.152 -1.577
3 16 -14.478 -6.108 -1.319 -13.231 -7.06 -4.057 -13.612 -7.693 -2.669
3 16 -14.279 -5.752 -3.559 -13.231 -7.06 -4.057 -14.478 -6.108 -1.319
3 16 -13.884 -6.072 -4.177 -13.231 -7.06 -4.057 -14.279 -5.752 -3.559
3 16 -12.013 -8.161 -.575 -13.343 -7.022 -.407 -13.224 -8.152 -1.577
3 16 -13.224 -8.152 -1.577 -13.343 -7.022 -.407 -13.681 -7.772 -1.827
3 16 -14.478 -6.108 -1.319 -13.612 -7.693 -2.669 -13.681 -7.772 -1.827
3 16 -13.681 -7.772 -1.827 -13.343 -7.022 -.407 -14.478 -6.108 -1.319
3 16 -14.478 -6.108 -1.319 -13.343 -7.022 -.407 -13.994 -6.035 -.263
3 16 -14.647 -5.472 -3.077 -14.279 -5.752 -3.559 -14.478 -6.108 -1.319
3 16 -1.851 -10.265 9.054 -.606 -10.583 9.481 -1.964 -10.084 9.549
3 16 -1.851 -10.265 9.054 -2.024 -10.446 7.996 -.606 -10.583 9.481
4 16 -.309 -11.34 7.095 .101 -11.101 8.56 -.606 -10.583 9.481 -2.024 -10.446 7.996
3 16 -.606 -10.583 9.481 .101 -11.101 8.56 .371 -10.718 9.674
3 16 -2.29 -10.28 6.945 -.309 -11.34 7.095 -2.024 -10.446 7.996
3 16 -2.29 -10.28 6.945 -1.315 -10.828 5.601 -.309 -11.34 7.095
3 16 -2.732 -9.972 5.978 -1.315 -10.828 5.601 -2.29 -10.28 6.945
3 16 -7.478 -9.961 2.472 -6.999 -10.699 2.27 -7.202 -9.719 3.619
3 16 -7.202 -9.719 3.619 -6.999 -10.699 2.27 -6.187 -10.626 3.77
3 16 -7.478 -9.961 2.472 -7.865 -9.873 1.326 -6.999 -10.699 2.27
3 16 -6.999 -10.699 2.27 -7.865 -9.873 1.326 -7.36 -10.564 .667
3 16 -6.187 -10.626 3.77 -6.999 -10.699 2.27 -6.393 -11.761 2.469
3 16 -6.393 -11.761 2.469 -6.999 -10.699 2.27 -6.751 -11.571 2.099
3 16 -5.812 -11.92 2.574 -6.187 -10.626 3.77 -6.393 -11.761 2.469
3 16 -5.403 -10.769 3.889 -6.187 -10.626 3.77 -5.812 -11.92 2.574
3 16 -7.36 -10.564 .667 -6.596 -11.83 1.306 -6.999 -10.699 2.27
3 16 -6.999 -10.699 2.27 -6.596 -11.83 1.306 -6.751 -11.571 2.099
3 16 -5.403 -10.769 3.889 -5.812 -11.92 2.574 -4.805 -11.145 2.42
3 16 -4.805 -11.145 2.42 -4.338 -10.336 3.913 -5.403 -10.769 3.889
3 16 -4.072 -10.675 2.708 -4.338 -10.336 3.913 -4.805 -11.145 2.42
3 16 -4.805 -11.145 2.42 -5.812 -11.92 2.574 -5.461 -12.125 1.989
3 16 -6.393 -11.761 2.469 -6.751 -11.571 2.099 -6.095 -12.207 1.793
3 16 -6.095 -12.207 1.793 -6.751 -11.571 2.099 -6.596 -11.83 1.306
3 16 -6.393 -11.761 2.469 -6.095 -12.207 1.793 -5.812 -11.92 2.574
3 16 -5.812 -11.92 2.574 -6.095 -12.207 1.793 -5.461 -12.125 1.989
3 16 -6.596 -11.83 1.306 -7.36 -10.564 .667 -6.967 -10.832 .158
3 16 -6.596 -11.83 1.306 -6.967 -10.832 .158 -6.202 -11.019 -.616
3 16 -4.072 -10.675 2.708 -4.805 -11.145 2.42 -3.759 -10.56 1.6
3 16 -3.759 -10.56 1.6 -4.805 -11.145 2.42 -4.34 -11.027 1.13
3 16 -6.596 -11.83 1.306 -5.851 -12.154 .907 -6.095 -12.207 1.793
3 16 -6.596 -11.83 1.306 -6.202 -11.019 -.616 -5.851 -12.154 .907
3 16 -6.095 -12.207 1.793 -5.851 -12.154 .907 -5.568 -12.186 1.065
3 16 -5.461 -12.125 1.989 -5.28 -12.157 1.422 -4.805 -11.145 2.42
3 16 -4.805 -11.145 2.42 -5.28 -12.157 1.422 -4.34 -11.027 1.13
3 16 -5.461 -12.125 1.989 -6.095 -12.207 1.793 -5.28 -12.157 1.422
3 16 -5.28 -12.157 1.422 -6.095 -12.207 1.793 -5.568 -12.186 1.065
3 16 -5.851 -12.154 .907 -6.202 -11.019 -.616 -5.268 -11.339 -.446
3 16 -3.759 -10.56 1.6 -4.34 -11.027 1.13 -3.605 -10.566 1.242
3 16 -3.605 -10.566 1.242 -4.34 -11.027 1.13 -3.846 -10.888 .785
3 16 -5.568 -12.186 1.065 -5.851 -12.154 .907 -4.86 -11.366 .378
3 16 -4.86 -11.366 .378 -5.851 -12.154 .907 -5.268 -11.339 -.446
3 16 -5.568 -12.186 1.065 -4.86 -11.366 .378 -5.28 -12.157 1.422
3 16 -5.28 -12.157 1.422 -4.86 -11.366 .378 -4.34 -11.027 1.13
3 16 -4.34 -11.027 1.13 -4.86 -11.366 .378 -3.846 -10.888 .785
3 16 -3.846 -10.888 .785 -4.86 -11.366 .378 -4.399 -11.189 -.075
3 16 -4.399 -11.189 -.075 -4.86 -11.366 .378 -5.268 -11.339 -.446
3 16 14.777 3.364 10.169 14.466 2.848 11.53 15.083 2.556 10.349
3 16 15.083 2.556 10.349 14.466 2.848 11.53 14.491 2.34 11.716
3 16 15.083 2.556 10.349 14.491 2.34 11.716 14.786 1.668 11.537
3 16 15.083 2.556 10.349 14.786 1.668 11.537 15.263 1.821 10.091
3 16 15.263 1.821 10.091 14.786 1.668 11.537 14.958 1.293 11.285
3 16 15.34 2.57 8.419 14.777 3.364 10.169 15.083 2.556 10.349
3 16 15.083 2.556 10.349 15.263 1.821 10.091 15.34 2.57 8.419
3 16 14.825 3.603 8.531 14.777 3.364 10.169 15.34 2.57 8.419
3 16 15.34 2.57 8.419 15.263 1.821 10.091 15.381 2.071 8.264
3 16 -9.933 .3 -10.304 -9.538 .815 -10.187 -9.675 -.048 -11.052
3 16 -9.675 -.048 -11.052 -9.538 .815 -10.187 -8.986 1.158 -10.801
3 16 -8.986 1.158 -10.801 -9.538 .815 -10.187 -9.529 1.446 -9.812
3 16 -8.986 1.158 -10.801 -8.828 .665 -11.624 -9.675 -.048 -11.052
3 16 -9.675 -.048 -11.052 -8.828 .665 -11.624 -9.367 -.659 -11.885
3 16 -9.367 -.659 -11.885 -8.828 .665 -11.624 -8.386 .418 -12.198
3 16 -8.386 .418 -12.198 -7.912 .269 -12.488 -9.367 -.659 -11.885
3 16 -9.367 -.659 -11.885 -7.912 .269 -12.488 -8.913 -1.374 -12.403
3 16 -7.912 .269 -12.488 -7.246 -.162 -12.584 -8.913 -1.374 -12.403
3 16 -7.426 .389 -12.494 -7.246 -.162 -12.584 -7.912 .269 -12.488
3 16 -7.426 .389 -12.494 -6.948 .671 -12.274 -7.246 -.162 -12.584
3 16 -7.246 -.162 -12.584 -6.948 .671 -12.274 -6.164 -.527 -12.486
3 16 -6.948 .671 -12.274 -5.857 1.419 -11.662 -6.164 -.527 -12.486
3 16 -6.57 1.171 -11.8 -5.857 1.419 -11.662 -6.948 .671 -12.274
4 16 -8.366 -1.876 -12.661 -8.913 -1.374 -12.403 -7.246 -.162 -12.584 -7.218 -1.157 -12.808
3 16 -7.246 -.162 -12.584 -6.164 -.527 -12.486 -7.218 -1.157 -12.808
3 16 10.864 -3.75 14.553 11.596 -4.11 14.076 11.969 -3.692 15.054
3 16 11.969 -3.692 15.054 11.596 -4.11 14.076 12.507 -3.713 14.786
3 16 11.596 -4.11 14.076 12.552 -4.019 12.927 12.507 -3.713 14.786
3 16 12.507 -3.713 14.786 12.552 -4.019 12.927 13.428 -3.26 13.787
3 16 13.428 -3.26 13.787 12.552 -4.019 12.927 13.995 -2.804 12.446
3 16 13.995 -2.804 12.446 12.552 -4.019 12.927 13.499 -3.552 10.923
3 16 14.363 -2.705 11.11 13.995 -2.804 12.446 13.499 -3.552 10.923
3 16 -13.236 -5.136 -8.526 -13.02 -6.419 -8.443 -13.365 -5.974 -7.174
3 16 -13.365 -5.974 -7.174 -13.02 -6.419 -8.443 -12.901 -6.925 -7.237
3 16 -13.236 -5.136 -8.526 -12.836 -5.434 -9.361 -13.02 -6.419 -8.443
3 16 -13.236 -5.136 -8.526 -13.137 -4.707 -8.901 -12.836 -5.434 -9.361
3 16 -12.836 -5.434 -9.361 -13.137 -4.707 -8.901 -12.791 -4.602 -9.466
3 16 -7.865 -9.873 1.326 -8.167 -10.169 .687 -7.36 -10.564 .667
3 16 -7.36 -10.564 .667 -8.167 -10.169 .687 -8.205 -10.983 .252
3 16 -7.36 -10.564 .667 -8.205 -10.983 .252 -6.967 -10.832 .158
3 16 -6.967 -10.832 .158 -8.205 -10.983 .252 -8.111 -11.478 -.437
3 16 -8.111 -11.478 -.437 -7.523 -11.501 -.957 -6.967 -10.832 .158
3 16 -6.967 -10.832 .158 -7.523 -11.501 -.957 -6.202 -11.019 -.616
3 16 -6.202 -11.019 -.616 -7.523 -11.501 -.957 -6.682 -11.446 -1.449
3 16 5.382 -7.92 12.919 6.384 -8.19 12.73 5.947 -7.414 14.158
3 16 5.947 -7.414 14.158 6.384 -8.19 12.73 6.956 -7.775 14.062
3 16 5.382 -7.92 12.919 5.28 -8.036 12.484 6.384 -8.19 12.73
3 16 6.384 -8.19 12.73 5.28 -8.036 12.484 6.279 -8.551 11.742
3 16 6.384 -8.19 12.73 6.279 -8.551 11.742 6.558 -8.647 11.111
3 16 6.384 -8.19 12.73 6.558 -8.647 11.111 8.358 -8.711 11.23
3 16 8.358 -8.711 11.23 6.558 -8.647 11.111 6.798 -8.49 10.557
3 16 6.956 -7.775 14.062 6.384 -8.19 12.73 8.736 -8.627 12.467
3 16 8.736 -8.627 12.467 6.384 -8.19 12.73 8.358 -8.711 11.23
3 16 8.788 -7.926 13.742 6.956 -7.775 14.062 8.736 -8.627 12.467
3 16 -12.349 -7.827 -4.202 -12.829 -8.116 -5.116 -11.442 -8.101 -4.436
3 16 -11.442 -8.101 -4.436 -12.829 -8.116 -5.116 -11.967 -8.63 -5.675
3 16 -10.923 -8.635 -5.131 -11.442 -8.101 -4.436 -11.967 -8.63 -5.675
3 16 -11.071 -8.266 -4.48 -11.442 -8.101 -4.436 -10.923 -8.635 -5.131
3 16 -11.967 -8.63 -5.675 -11.226 -8.813 -5.94 -10.923 -8.635 -5.131
3 16 -10.923 -8.635 -5.131 -11.226 -8.813 -5.94 -10.689 -8.938 -5.711
3 16 -12.829 -8.116 -5.116 -12.349 -7.827 -4.202 -13.462 -7.236 -4.759
3 16 -13.462 -7.236 -4.759 -12.349 -7.827 -4.202 -13.231 -7.06 -4.057
3 16 -13.462 -7.236 -4.759 -13.231 -7.06 -4.057 -13.86 -6.53 -4.749
3 16 -13.86 -6.53 -4.749 -13.231 -7.06 -4.057 -13.884 -6.072 -4.177
3 16 2.746 -9.469 11.573 3.221 -10.552 10.698 3.73 -9.172 11.97
3 16 3.73 -9.172 11.97 3.221 -10.552 10.698 4.446 -10.434 11.413
3 16 5.64 -9.261 11.584 3.73 -9.172 11.97 4.446 -10.434 11.413
3 16 4.528 -8.625 12.251 3.73 -9.172 11.97 5.64 -9.261 11.584
3 16 5.64 -9.261 11.584 5.28 -8.036 12.484 4.528 -8.625 12.251
3 16 3.221 -10.552 10.698 2.746 -9.469 11.573 2.163 -9.989 10.884
3 16 6.279 -8.551 11.742 5.28 -8.036 12.484 5.64 -9.261 11.584
3 16 2.163 -9.989 10.884 2.305 -10.328 9.667 3.221 -10.552 10.698
3 16 1.711 -10.135 10.2 2.305 -10.328 9.667 2.163 -9.989 10.884
3 16 2.305 -10.328 9.667 1.711 -10.135 10.2 1.955 -10.287 9.599
3 16 13.181 .026 12.502 12.414 -.561 14.034 13.93 -1.289 12.664
3 16 13.93 -1.289 12.664 12.414 -.561 14.034 13.373 -1.723 14.231
3 16 13.181 .026 12.502 13.93 -1.289 12.664 14.017 -1.015 12.131
3 16 13.181 .026 12.502 14.017 -1.015 12.131 14.054 -.246 11.538
3 16 13.373 -1.723 14.231 12.414 -.561 14.034 12.585 -1.943 15.258
3 16 12.585 -1.943 15.258 12.414 -.561 14.034 11.527 -1.038 15.195
3 16 12.585 -1.943 15.258 11.527 -1.038 15.195 11.91 -1.959 15.619
3 16 11.91 -1.959 15.619 11.527 -1.038 15.195 11.47 -1.799 15.744
3 16 11.47 -1.799 15.744 11.527 -1.038 15.195 11.063 -1.15 15.657
3 16 11.47 -1.799 15.744 11.063 -1.15 15.657 10.777 -1.397 15.964
3 16 -11.869 -2.071 -10.673 -11.635 -1.952 -11.046 -11.46 -3.493 -10.7
3 16 -11.46 -3.493 -10.7 -11.635 -1.952 -11.046 -11.156 -3.636 -11.361
3 16 -11.635 -1.952 -11.046 -11.204 -2.537 -12.064 -11.156 -3.636 -11.361
3 16 -11.156 -3.636 -11.361 -11.204 -2.537 -12.064 -10.984 -3.694 -11.758
3 16 12.481 9.349 4.549 14.689 8.615 5.632 12.872 7.944 3.506
3 16 12.872 7.944 3.506 14.689 8.615 5.632 15.047 7.329 4.6
3 16 15.047 7.329 4.6 15.12 6.775 3.805 12.872 7.944 3.506
3 16 12.872 7.944 3.506 15.12 6.775 3.805 13.134 7.401 2.511
3 16 14.689 8.615 5.632 12.481 9.349 4.549 14.139 10.573 6.14
3 16 14.139 10.573 6.14 12.481 9.349 4.549 12.229 11.694 5.274
3 16 14.139 10.573 6.14 12.229 11.694 5.274 13.287 12.689 7.003
3 16 13.287 12.689 7.003 12.229 11.694 5.274 11.937 13.299 6.186
3 16 13.287 12.689 7.003 11.937 13.299 6.186 12.387 14.355 7.969
3 16 12.387 14.355 7.969 11.937 13.299 6.186 11.341 14.596 7.097
3 16 10.551 16.692 8.277 12.387 14.355 7.969 11.341 14.596 7.097
3 16 11.548 16.513 9.577 12.387 14.355 7.969 10.551 16.692 8.277
3 16 9.376 17.503 9.499 11.548 16.513 9.577 10.551 16.692 8.277
3 16 10.123 17.344 11.096 11.548 16.513 9.577 9.376 17.503 9.499
4 16 8.78 18 12.22 10.123 17.344 11.096 9.376 17.503 9.499 7.837 18.25 10.705
3 16 15.12 6.775 3.805 15.531 6.115 2.301 13.134 7.401 2.511
3 16 13.385 7.419 .507 13.134 7.401 2.511 15.531 6.115 2.301
3 16 13.385 7.419 .507 15.531 6.115 2.301 15.872 6.026 -.071
3 16 15.872 6.026 -.071 15.531 6.115 2.301 16.265 5.432 1.447
3 16 15.469 7.568 -1.961 13.385 7.419 .507 15.872 6.026 -.071
3 16 13.355 8.344 -.927 13.385 7.419 .507 15.469 7.568 -1.961
3 16 14.911 10.547 -2.628 13.355 8.344 -.927 15.469 7.568 -1.961
3 16 13.171 10.943 -2.129 13.355 8.344 -.927 14.911 10.547 -2.628
4 16 8.78 18 12.22 7.837 18.25 10.705 6.052 18.694 11.744 6.99 18.449 13.381
3 16 6.99 18.449 13.381 6.052 18.694 11.744 5.421 18.591 14.058
3 16 5.421 18.591 14.058 6.052 18.694 11.744 3.972 18.988 12.632
3 16 3.972 18.988 12.632 3.869 18.756 14.518 5.421 18.591 14.058
3 16 2.584 18.788 14.793 3.869 18.756 14.518 3.972 18.988 12.632
3 16 1.99 19.006 13.081 2.584 18.788 14.793 3.972 18.988 12.632
4 16 2.584 18.788 14.793 1.99 19.006 13.081 -.071 19.026 13.239 .89 18.79 15.127
3 16 -.644 18.827 15.204 .89 18.79 15.127 -.071 19.026 13.239
3 16 -12.355 -5.73 -9.887 -12.836 -5.434 -9.361 -12.44 -4.549 -9.905
3 16 -12.44 -4.549 -9.905 -12.836 -5.434 -9.361 -12.791 -4.602 -9.466
3 16 -12.836 -5.434 -9.361 -12.355 -5.73 -9.887 -13.02 -6.419 -8.443
3 16 -13.02 -6.419 -8.443 -12.355 -5.73 -9.887 -11.696 -7.176 -9.714
3 16 -13.02 -6.419 -8.443 -11.696 -7.176 -9.714 -11.633 -7.673 -8.997
3 16 -12.901 -6.925 -7.237 -13.02 -6.419 -8.443 -12.225 -7.529 -7.482
3 16 -11.633 -7.673 -8.997 -12.225 -7.529 -7.482 -13.02 -6.419 -8.443
3 16 -11.207 -7.911 -8.3 -12.225 -7.529 -7.482 -11.633 -7.673 -8.997
3 16 -11.47 -7.939 -7.621 -12.225 -7.529 -7.482 -11.207 -7.911 -8.3
3 16 -11.47 -7.939 -7.621 -11.207 -7.911 -8.3 -10.676 -8.139 -7.671
3 16 -13.189 10.602 -2.108 -13.149 9.459 -1.649 -12.975 11.06 -3.605
3 16 -10.187 -8.503 -2.831 -10.641 -8.382 -3.486 -9.698 -9.534 -2.941
3 16 -9.698 -9.534 -2.941 -10.641 -8.382 -3.486 -10.132 -9.707 -4.474
3 16 -10.132 -9.707 -4.474 -10.641 -8.382 -3.486 -10.923 -8.635 -5.131
3 16 -10.923 -8.635 -5.131 -10.641 -8.382 -3.486 -11.071 -8.266 -4.48
4 16 -10.132 -9.707 -4.474 -9.025 -10.99 -4.338 -8.867 -10.526 -2.927 -9.698 -9.534 -2.941
3 16 -10.132 -9.707 -4.474 -10.923 -8.635 -5.131 -10.08 -9.905 -5.315
3 16 -10.08 -9.905 -5.315 -10.923 -8.635 -5.131 -10.689 -8.938 -5.711
3 16 -10.08 -9.905 -5.315 -9.597 -10.513 -5.331 -10.132 -9.707 -4.474
3 16 -10.132 -9.707 -4.474 -9.597 -10.513 -5.331 -9.025 -10.99 -4.338
3 16 -8.867 -10.526 -2.927 -9.025 -10.99 -4.338 -7.17 -11.156 -2.74
4 16 -7.447 -11.644 -4.751 -6.681 -11.579 -3.668 -7.17 -11.156 -2.74 -9.025 -10.99 -4.338
3 16 -9.025 -10.99 -4.338 -9.597 -10.513 -5.331 -8.599 -11.262 -5.474
3 16 -9.025 -10.99 -4.338 -8.599 -11.262 -5.474 -7.447 -11.644 -4.751
3 16 -7.447 -11.644 -4.751 -8.599 -11.262 -5.474 -7.823 -11.4 -5.646
3 16 -6.681 -11.579 -3.668 -7.447 -11.644 -4.751 -6.185 -11.534 -4.537
3 16 -6.185 -11.534 -4.537 -7.447 -11.644 -4.751 -6.937 -11.495 -4.988
3 16 -7.447 -11.644 -4.751 -7.823 -11.4 -5.646 -6.937 -11.495 -4.988
3 16 -6.937 -11.495 -4.988 -7.823 -11.4 -5.646 -7.374 -11.193 -5.999
3 16 -5.926 -11.418 -5.087 -6.185 -11.534 -4.537 -6.937 -11.495 -4.988
3 16 -7.374 -11.193 -5.999 -5.933 -11.238 -5.73 -6.937 -11.495 -4.988
3 16 -6.937 -11.495 -4.988 -5.933 -11.238 -5.73 -5.926 -11.418 -5.087
3 16 -5.933 -11.238 -5.73 -7.374 -11.193 -5.999 -6.144 -10.862 -6.547
3 16 -6.144 -10.862 -6.547 -7.374 -11.193 -5.999 -7.233 -11.089 -6.47
3 16 -12.44 -4.549 -9.905 -12.05 -4.139 -10.372 -12.247 -5.068 -10.773
3 16 -12.247 -5.068 -10.773 -12.05 -4.139 -10.372 -12.081 -4.833 -11.08
3 16 -12.05 -4.139 -10.372 -11.156 -3.636 -11.361 -12.081 -4.833 -11.08
3 16 -11.46 -3.493 -10.7 -11.156 -3.636 -11.361 -12.05 -4.139 -10.372
3 16 -12.44 -4.549 -9.905 -12.247 -5.068 -10.773 -12.355 -5.73 -9.887
3 16 -12.355 -5.73 -9.887 -12.247 -5.068 -10.773 -11.842 -6.457 -10.788
3 16 -12.247 -5.068 -10.773 -12.081 -4.833 -11.08 -11.842 -6.457 -10.788
3 16 -11.842 -6.457 -10.788 -12.081 -4.833 -11.08 -11.478 -6.745 -11.533
3 16 -12.355 -5.73 -9.887 -11.842 -6.457 -10.788 -11.696 -7.176 -9.714
3 16 -11.696 -7.176 -9.714 -11.842 -6.457 -10.788 -11.28 -7.534 -10.426
3 16 -11.478 -6.745 -11.533 -11.28 -7.534 -10.426 -11.842 -6.457 -10.788
3 16 -10.859 -7.835 -10.981 -11.28 -7.534 -10.426 -11.478 -6.745 -11.533
3 16 1.711 -10.135 10.2 .371 -10.718 9.674 1.202 -10.767 9.021
3 16 1.202 -10.767 9.021 .371 -10.718 9.674 .101 -11.101 8.56
3 16 1.202 -10.767 9.021 .101 -11.101 8.56 .98 -11.163 8.017
3 16 .98 -11.163 8.017 .101 -11.101 8.56 -.309 -11.34 7.095
3 16 1.164 -11.155 7.268 .98 -11.163 8.017 -.309 -11.34 7.095
3 16 -.309 -11.34 7.095 1.211 -10.802 6.503 1.164 -11.155 7.268
3 16 1.164 -11.155 7.268 1.211 -10.802 6.503 1.626 -10.755 7.138
3 16 1.211 -10.802 6.503 -.309 -11.34 7.095 .861 -10.352 5.287
3 16 -.855 -10.788 5.355 .861 -10.352 5.287 -.309 -11.34 7.095
3 16 -.309 -11.34 7.095 -1.315 -10.828 5.601 -.855 -10.788 5.355
3 16 -.327 -10.589 4.898 .861 -10.352 5.287 -.855 -10.788 5.355
3 16 2.1 -10.23 6.201 1.626 -10.755 7.138 1.211 -10.802 6.503
3 16 1.211 -10.802 6.503 .861 -10.352 5.287 2.1 -10.23 6.201
3 16 2.332 -10.293 6.808 1.626 -10.755 7.138 2.1 -10.23 6.201
3 16 2.1 -10.23 6.201 .861 -10.352 5.287 1.898 -9.863 5.479
3 16 -2.732 -9.972 5.978 -3.328 -10.413 5.471 -2.213 -11.266 5.061
4 16 -2.213 -11.266 5.061 -3.328 -10.413 5.471 -3.93 -10.675 4.857 -2.95 -11.517 4.394
3 16 -3.93 -10.675 4.857 -4.338 -10.336 3.913 -2.95 -11.517 4.394
4 16 -2.95 -11.517 4.394 -4.338 -10.336 3.913 -4.072 -10.675 2.708 -3.429 -11.218 3.043
3 16 -2.732 -9.972 5.978 -2.213 -11.266 5.061 -1.315 -10.828 5.601
3 16 -2.213 -11.266 5.061 -1.417 -11.472 4.665 -1.315 -10.828 5.601
3 16 -1.315 -10.828 5.601 -1.417 -11.472 4.665 -.855 -10.788 5.355
3 16 -2.213 -11.266 5.061 -2.95 -11.517 4.394 -2.057 -11.899 4.392
3 16 -2.213 -11.266 5.061 -2.057 -11.899 4.392 -1.417 -11.472 4.665
3 16 -2.057 -11.899 4.392 -2.95 -11.517 4.394 -2.517 -11.976 4.095
3 16 -3.429 -11.218 3.043 -4.072 -10.675 2.708 -2.953 -11.007 1.974
3 16 -2.953 -11.007 1.974 -4.072 -10.675 2.708 -3.759 -10.56 1.6
3 16 -3.429 -11.218 3.043 -2.734 -12.033 3.658 -2.95 -11.517 4.394
3 16 -2.95 -11.517 4.394 -2.734 -12.033 3.658 -2.517 -11.976 4.095
3 16 -1.417 -11.472 4.665 -2.057 -11.899 4.392 -1.77 -11.96 4.189
3 16 -.515 -11.133 4.166 -.855 -10.788 5.355 -1.417 -11.472 4.665
3 16 -.327 -10.589 4.898 -.855 -10.788 5.355 -.515 -11.133 4.166
3 16 -3.429 -11.218 3.043 -2.614 -12.074 3.391 -2.734 -12.033 3.658
3 16 -3.759 -10.56 1.6 -3.605 -10.566 1.242 -2.953 -11.007 1.974
3 16 -2.953 -11.007 1.974 -3.605 -10.566 1.242 -2.781 -11.049 1.515
3 16 -1.417 -11.472 4.665 -1.77 -11.96 4.189 -1.478 -11.771 3.366
3 16 -1.417 -11.472 4.665 -1.478 -11.771 3.366 -.515 -11.133 4.166
3 16 -1.478 -11.771 3.366 -1.77 -11.96 4.189 -1.873 -12.056 3.634
3 16 -.515 -11.133 4.166 -1.478 -11.771 3.366 -.652 -11.404 3.403
4 16 -2.278 -11.787 2.75 -1.478 -11.771 3.366 -1.873 -12.056 3.634 -2.324 -12.085 3.332
3 16 -2.614 -12.074 3.391 -2.278 -11.787 2.75 -2.324 -12.085 3.332
3 16 -3.429 -11.218 3.043 -2.278 -11.787 2.75 -2.614 -12.074 3.391
3 16 -3.429 -11.218 3.043 -2.953 -11.007 1.974 -2.278 -11.787 2.75
3 16 -2.278 -11.787 2.75 -2.953 -11.007 1.974 -1.889 -11.446 2.429
3 16 -2.278 -11.787 2.75 -1.889 -11.446 2.429 -1.478 -11.771 3.366
3 16 -1.478 -11.771 3.366 -1.889 -11.446 2.429 -.874 -10.856 2.271
3 16 -.652 -11.404 3.403 -1.478 -11.771 3.366 -.874 -10.856 2.271
3 16 -.874 -10.856 2.271 -1.889 -11.446 2.429 -1.81 -11.461 1.952
3 16 -1.889 -11.446 2.429 -2.953 -11.007 1.974 -1.81 -11.461 1.952
3 16 -1.81 -11.461 1.952 -2.953 -11.007 1.974 -2.781 -11.049 1.515
3 16 1.955 -10.287 9.599 1.711 -10.135 10.2 1.202 -10.767 9.021
3 16 2.188 -10.228 9.041 1.955 -10.287 9.599 1.202 -10.767 9.021
3 16 1.202 -10.767 9.021 .98 -11.163 8.017 2.188 -10.228 9.041
3 16 2.188 -10.228 9.041 .98 -11.163 8.017 2.798 -9.997 8.153
3 16 1.626 -10.755 7.138 2.798 -9.997 8.153 .98 -11.163 8.017
3 16 .98 -11.163 8.017 1.164 -11.155 7.268 1.626 -10.755 7.138
3 16 2.484 -10.188 7.262 2.798 -9.997 8.153 1.626 -10.755 7.138
3 16 2.332 -10.293 6.808 2.484 -10.188 7.262 1.626 -10.755 7.138
4 16 -11.47 -7.939 -7.621 -10.228 -8.696 -6.332 -11.226 -8.813 -5.94 -12.039 -8.178 -7.062
3 16 -12.039 -8.178 -7.062 -11.226 -8.813 -5.94 -12.68 -8.237 -6.676
3 16 -10.228 -8.696 -6.332 -10.689 -8.938 -5.711 -11.226 -8.813 -5.94
3 16 -10.228 -8.696 -6.332 -11.47 -7.939 -7.621 -10.676 -8.139 -7.671
3 16 -9.908 -8.575 -6.908 -10.228 -8.696 -6.332 -10.676 -8.139 -7.671
3 16 14.618 .019 10.689 14.958 1.293 11.285 14.542 .601 11.384
3 16 14.542 .601 11.384 14.054 -.246 11.538 14.618 .019 10.689
3 16 14.618 .019 10.689 14.054 -.246 11.538 14.342 -.415 10.944
3 16 14.924 .552 9.667 14.958 1.293 11.285 14.618 .019 10.689
3 16 15.263 1.821 10.091 14.958 1.293 11.285 14.924 .552 9.667
3 16 14.924 .552 9.667 15.195 1.039 8.15 15.263 1.821 10.091
3 16 15.263 1.821 10.091 15.195 1.039 8.15 15.381 2.071 8.264
3 16 14.9 4.62 7.535 14.825 3.603 8.531 15.615 3.216 7.29
3 16 15.615 3.216 7.29 14.825 3.603 8.531 15.34 2.57 8.419
3 16 14.9 4.62 7.535 15.615 3.216 7.29 15.089 4.692 6.004
3 16 15.089 4.692 6.004 15.615 3.216 7.29 15.849 3.071 5.962
3 16 15.615 3.216 7.29 15.34 2.57 8.419 15.764 2.818 7.245
3 16 15.089 4.692 6.004 15.849 3.071 5.962 15.182 4.753 4.845
3 16 15.182 4.753 4.845 15.849 3.071 5.962 15.827 3.657 4.241
3 16 14.9 4.62 7.535 14.188 4.195 8.62 14.825 3.603 8.531
3 16 10.84 -5.611 13.46 9.921 -5.582 13.665 10.208 -6.057 12.883
3 16 10.84 -5.611 13.46 10.208 -6.057 12.883 11.31 -5.808 13.167
3 16 11.31 -5.808 13.167 10.208 -6.057 12.883 11.434 -6.148 12.5
3 16 11.434 -6.148 12.5 10.208 -6.057 12.883 10.384 -6.393 12.118
3 16 11.434 -6.148 12.5 10.384 -6.393 12.118 11.271 -6.394 11.746
3 16 11.271 -6.394 11.746 10.384 -6.393 12.118 10.984 -6.424 11.378
3 16 10.984 -6.424 11.378 10.384 -6.393 12.118 10.352 -6.571 11.166
3 16 2.305 -10.328 9.667 1.955 -10.287 9.599 2.188 -10.228 9.041
3 16 3.469 -10.564 9.423 2.305 -10.328 9.667 2.188 -10.228 9.041
3 16 3.221 -10.552 10.698 2.305 -10.328 9.667 3.469 -10.564 9.423
3 16 4.795 -10.423 9.87 3.221 -10.552 10.698 3.469 -10.564 9.423
3 16 4.446 -10.434 11.413 3.221 -10.552 10.698 4.795 -10.423 9.87
3 16 6.063 -9.23 10.478 4.446 -10.434 11.413 4.795 -10.423 9.87
3 16 5.64 -9.261 11.584 4.446 -10.434 11.413 6.063 -9.23 10.478
3 16 6.558 -8.647 11.111 5.64 -9.261 11.584 6.063 -9.23 10.478
3 16 6.279 -8.551 11.742 5.64 -9.261 11.584 6.558 -8.647 11.111
3 16 3.469 -10.564 9.423 2.188 -10.228 9.041 2.798 -9.997 8.153
3 16 6.798 -8.49 10.557 6.558 -8.647 11.111 6.063 -9.23 10.478
3 16 7.156 -8.145 9.674 6.798 -8.49 10.557 6.063 -9.23 10.478
3 16 3.469 -10.564 9.423 2.798 -9.997 8.153 3.539 -10.204 8.126
3 16 7.156 -8.145 9.674 6.063 -9.23 10.478 6.361 -8.732 8.98
3 16 3.469 -10.564 9.423 3.539 -10.204 8.126 4.162 -10.093 8.202
3 16 3.469 -10.564 9.423 4.162 -10.093 8.202 4.795 -10.423 9.87
3 16 6.361 -8.732 8.98 6.063 -9.23 10.478 5.556 -8.782 7.73
3 16 6.063 -9.23 10.478 4.795 -10.423 9.87 5.556 -8.782 7.73
3 16 4.795 -10.423 9.87 4.162 -10.093 8.202 4.627 -9.722 8.115
3 16 5.556 -8.782 7.73 4.795 -10.423 9.87 4.627 -9.722 8.115
3 16 10.84 -5.611 13.46 11.31 -5.808 13.167 11.401 -5.154 13.633
3 16 11.401 -5.154 13.633 11.31 -5.808 13.167 12.286 -5.41 12.722
3 16 12.286 -5.41 12.722 11.31 -5.808 13.167 11.942 -5.752 12.786
3 16 11.31 -5.808 13.167 11.434 -6.148 12.5 11.942 -5.752 12.786
3 16 11.942 -5.752 12.786 11.434 -6.148 12.5 12.173 -5.908 12.045
3 16 11.942 -5.752 12.786 12.173 -5.908 12.045 12.286 -5.41 12.722
3 16 12.286 -5.41 12.722 12.173 -5.908 12.045 12.929 -5.457 11.431
4 16 11.434 -6.148 12.5 11.271 -6.394 11.746 11.933 -6.197 11.231 12.173 -5.908 12.045
3 16 12.173 -5.908 12.045 11.933 -6.197 11.231 12.929 -5.457 11.431
3 16 12.929 -5.457 11.431 11.933 -6.197 11.231 12.523 -5.86 10.794
3 16 -10.984 -3.694 -11.758 -11.204 -2.537 -12.064 -10.518 -3.74 -12.164
3 16 -10.518 -3.74 -12.164 -11.204 -2.537 -12.064 -10.085 -1.426 -12.624
3 16 -10.518 -3.74 -12.164 -10.085 -1.426 -12.624 -9.348 -2.064 -12.925
3 16 9.344 -8.199 12.365 9.716 -7.622 12.751 8.736 -8.627 12.467
3 16 8.736 -8.627 12.467 9.716 -7.622 12.751 8.788 -7.926 13.742
3 16 9.716 -7.622 12.751 9.344 -8.199 12.365 10.003 -7.387 12.098
4 16 9.749 -7.046 10.148 10.003 -7.387 12.098 9.344 -8.199 12.365 9.141 -7.684 10.041
3 16 9.141 -7.684 10.041 9.344 -8.199 12.365 8.358 -8.711 11.23
3 16 8.358 -8.711 11.23 9.344 -8.199 12.365 8.736 -8.627 12.467
3 16 9.141 -7.684 10.041 8.358 -8.711 11.23 8.343 -8.076 9.954
3 16 6.798 -8.49 10.557 8.343 -8.076 9.954 8.358 -8.711 11.23
3 16 7.156 -8.145 9.674 8.343 -8.076 9.954 6.798 -8.49 10.557
3 16 -12.081 -4.833 -11.08 -11.156 -3.636 -11.361 -10.824 -4.729 -12.344
3 16 -10.824 -4.729 -12.344 -11.156 -3.636 -11.361 -10.984 -3.694 -11.758
3 16 -10.697 -5.83 -12.472 -12.081 -4.833 -11.08 -10.824 -4.729 -12.344
3 16 -11.478 -6.745 -11.533 -12.081 -4.833 -11.08 -10.697 -5.83 -12.472
3 16 -10.824 -4.729 -12.344 -10.984 -3.694 -11.758 -10.701 -4.031 -12.111
3 16 -10.701 -4.031 -12.111 -10.984 -3.694 -11.758 -10.518 -3.74 -12.164
3 16 -11.478 -6.745 -11.533 -10.697 -5.83 -12.472 -9.835 -6.604 -12.125
3 16 -9.101 -7.296 -11.707 -11.478 -6.745 -11.533 -9.835 -6.604 -12.125
3 16 -9.101 -7.296 -11.707 -10.859 -7.835 -10.981 -11.478 -6.745 -11.533
3 16 -9.361 -7.724 -11.336 -10.859 -7.835 -10.981 -9.101 -7.296 -11.707
3 16 -9.101 -7.296 -11.707 -9.835 -6.604 -12.125 -9.111 -6.687 -12.131
3 16 15.324 -1.908 10.816 14.618 .019 10.689 14.449 -1.665 11.095
3 16 14.449 -1.665 11.095 14.618 .019 10.689 14.342 -.415 10.944
3 16 14.449 -1.665 11.095 14.363 -2.705 11.11 15.324 -1.908 10.816
3 16 15.324 -1.908 10.816 14.363 -2.705 11.11 14.964 -3.426 10.657
3 16 14.363 -2.705 11.11 13.499 -3.552 10.923 14.964 -3.426 10.657
3 16 14.964 -3.426 10.657 13.499 -3.552 10.923 13.584 -4.265 10.064
3 16 -10.689 -8.938 -5.711 -10.228 -8.696 -6.332 -10.08 -9.905 -5.315
3 16 -10.228 -8.696 -6.332 -9.223 -10.001 -6.384 -10.08 -9.905 -5.315
3 16 -10.08 -9.905 -5.315 -9.223 -10.001 -6.384 -9.597 -10.513 -5.331
3 16 -10.228 -8.696 -6.332 -9.908 -8.575 -6.908 -9.223 -10.001 -6.384
3 16 -9.597 -10.513 -5.331 -9.223 -10.001 -6.384 -8.599 -11.262 -5.474
3 16 -8.599 -11.262 -5.474 -9.223 -10.001 -6.384 -8.293 -10.939 -6.34
3 16 -8.599 -11.262 -5.474 -8.293 -10.939 -6.34 -7.823 -11.4 -5.646
3 16 -7.823 -11.4 -5.646 -8.293 -10.939 -6.34 -7.374 -11.193 -5.999
3 16 -7.374 -11.193 -5.999 -8.293 -10.939 -6.34 -7.233 -11.089 -6.47
3 16 14.618 .019 10.689 15.324 -1.908 10.816 14.924 .552 9.667
3 16 14.924 .552 9.667 15.324 -1.908 10.816 15.7 -2.26 9.435
3 16 15.7 -2.26 9.435 15.324 -1.908 10.816 14.964 -3.426 10.657
3 16 14.964 -3.426 10.657 13.543 -4.337 9.296 14.494 -3.904 7.743
3 16 13.543 -4.337 9.296 14.964 -3.426 10.657 13.584 -4.265 10.064
3 16 14.494 -3.904 7.743 15.7 -2.26 9.435 14.964 -3.426 10.657
3 16 14.494 -3.904 7.743 13.543 -4.337 9.296 13.262 -4.755 8.204
3 16 15.7 -2.26 9.435 14.494 -3.904 7.743 15.926 -2.516 7.355
3 16 15.926 -2.516 7.355 16.174 -1.379 7.732 15.7 -2.26 9.435
3 16 16.174 -1.379 7.732 15.195 1.039 8.15 15.7 -2.26 9.435
3 16 15.7 -2.26 9.435 15.195 1.039 8.15 14.924 .552 9.667
3 16 15.421 .603 7.624 15.195 1.039 8.15 16.174 -1.379 7.732
3 16 15.926 -2.516 7.355 14.494 -3.904 7.743 15.518 -3.188 6.932
3 16 15.12 6.775 3.805 15.276 6.327 4.001 15.531 6.115 2.301
3 16 15.276 6.327 4.001 15.656 5.126 3.606 15.531 6.115 2.301
3 16 15.656 5.126 3.606 15.276 6.327 4.001 15.255 5.525 4.427
3 16 15.531 6.115 2.301 15.656 5.126 3.606 15.879 5.184 2.573
3 16 15.879 5.184 2.573 15.656 5.126 3.606 15.98 3.989 2.842
3 16 15.98 3.989 2.842 15.656 5.126 3.606 15.827 3.657 4.241
3 16 15.827 3.657 4.241 16.105 3.252 2.754 15.98 3.989 2.842
3 16 16.015 2.979 4.7 16.105 3.252 2.754 15.827 3.657 4.241
4 16 15.827 3.657 4.241 15.849 3.071 5.962 16.059 2.699 5.237 16.015 2.979 4.7
3 16 15.849 3.071 5.962 16.023 2.359 5.806 16.059 2.699 5.237
3 16 15.849 3.071 5.962 15.764 2.818 7.245 16.023 2.359 5.806
3 16 15.615 3.216 7.29 15.764 2.818 7.245 15.849 3.071 5.962
3 16 16.059 2.699 5.237 16.023 2.359 5.806 16.087 2.277 5.664
3 16 16.023 2.359 5.806 15.936 1.607 6.239 16.087 2.277 5.664
3 16 16.087 2.277 5.664 15.936 1.607 6.239 15.984 1.436 6.147
3 16 15.34 2.57 8.419 15.381 2.071 8.264 15.764 2.818 7.245
3 16 15.764 2.818 7.245 15.381 2.071 8.264 15.836 1.238 6.866
3 16 15.764 2.818 7.245 15.836 1.238 6.866 16.023 2.359 5.806
3 16 16.023 2.359 5.806 15.836 1.238 6.866 15.936 1.607 6.239
3 16 15.836 1.238 6.866 15.984 1.436 6.147 15.936 1.607 6.239
3 16 15.381 2.071 8.264 15.195 1.039 8.15 15.836 1.238 6.866
3 16 15.836 1.238 6.866 15.195 1.039 8.15 15.421 .603 7.624
3 16 12.0107 11.448 -4.9751 13.987 10.614 -5.798 11.4794 11.073 -5.7701
3 16 12.0107 11.448 -4.9751 14.911 10.547 -2.628 13.987 10.614 -5.798
3 16 13.171 10.943 -2.129 14.911 10.547 -2.628 12.0107 11.448 -4.9751
3 16 -11.207 -7.911 -8.3 -11.633 -7.673 -8.997 -11.343 -8.315 -9.333
3 16 -11.343 -8.315 -9.333 -11.633 -7.673 -8.997 -11.696 -7.176 -9.714
3 16 -10.651 -8.957 -8.805 -11.207 -7.911 -8.3 -11.343 -8.315 -9.333
3 16 -10.676 -8.139 -7.671 -11.207 -7.911 -8.3 -10.651 -8.957 -8.805
3 16 -9.908 -9.332 -8.276 -10.676 -8.139 -7.671 -10.651 -8.957 -8.805
3 16 -9.908 -8.575 -6.908 -10.676 -8.139 -7.671 -9.908 -9.332 -8.276
3 16 -11.28 -7.534 -10.426 -11.343 -8.315 -9.333 -11.696 -7.176 -9.714
3 16 -11.363 -8.438 -10.125 -11.343 -8.315 -9.333 -11.28 -7.534 -10.426
3 16 -10.651 -8.957 -8.805 -11.343 -8.315 -9.333 -11.363 -8.438 -10.125
3 16 -10.859 -7.835 -10.981 -11.363 -8.438 -10.125 -11.28 -7.534 -10.426
3 16 -11.141 -8.689 -10.739 -11.363 -8.438 -10.125 -10.859 -7.835 -10.981
3 16 -11.363 -8.438 -10.125 -11.141 -8.689 -10.739 -10.651 -8.957 -8.805
3 16 -9.908 -9.332 -8.276 -10.651 -8.957 -8.805 -9.405 -9.87 -9.31
3 16 -9.405 -9.87 -9.31 -10.651 -8.957 -8.805 -9.925 -9.585 -10.654
3 16 -11.141 -8.689 -10.739 -10.859 -7.835 -10.981 -10.818 -8.951 -10.998
3 16 -10.818 -8.951 -10.998 -10.859 -7.835 -10.981 -9.361 -7.724 -11.336
3 16 -10.651 -8.957 -8.805 -11.141 -8.689 -10.739 -10.818 -8.951 -10.998
3 16 -9.084 -8.836 -11.246 -10.818 -8.951 -10.998 -9.361 -7.724 -11.336
3 16 -10.356 -9.261 -11.092 -10.818 -8.951 -10.998 -9.084 -8.836 -11.246
3 16 -10.818 -8.951 -10.998 -10.356 -9.261 -11.092 -10.651 -8.957 -8.805
3 16 -10.651 -8.957 -8.805 -10.356 -9.261 -11.092 -9.925 -9.585 -10.654
3 16 -9.102 -9.29 -11.096 -10.356 -9.261 -11.092 -9.084 -8.836 -11.246
3 16 -9.925 -9.585 -10.654 -10.356 -9.261 -11.092 -9.102 -9.29 -11.096
3 16 -9.925 -9.585 -10.654 -9.102 -9.29 -11.096 -8.966 -9.568 -10.685
3 16 -9.925 -9.585 -10.654 -8.966 -9.568 -10.685 -9.405 -9.87 -9.31
3 16 -9.405 -9.87 -9.31 -8.966 -9.568 -10.685 -8.381 -9.788 -9.493
3 16 2.798 -9.997 8.153 2.484 -10.188 7.262 3.539 -10.204 8.126
3 16 3.539 -10.204 8.126 2.484 -10.188 7.262 3.859 -10.899 6.66
3 16 4.55 -10.632 7.267 3.539 -10.204 8.126 3.859 -10.899 6.66
3 16 4.162 -10.093 8.202 3.539 -10.204 8.126 4.55 -10.632 7.267
4 16 3.62 -11.064 5.954 3.859 -10.899 6.66 2.484 -10.188 7.262 2.332 -10.293 6.808
3 16 2.1 -10.23 6.201 3.62 -11.064 5.954 2.332 -10.293 6.808
3 16 5.599 -10.789 5.606 4.55 -10.632 7.267 3.859 -10.899 6.66
3 16 5.914 -10.392 6.26 4.55 -10.632 7.267 5.599 -10.789 5.606
3 16 5.599 -10.789 5.606 3.859 -10.899 6.66 5.008 -11.123 5.213
3 16 5.008 -11.123 5.213 3.859 -10.899 6.66 3.62 -11.064 5.954
3 16 5.599 -10.789 5.606 5.008 -11.123 5.213 5.616 -10.725 4.113
3 16 5.599 -10.789 5.606 7.229 -9.251 4.974 5.914 -10.392 6.26
3 16 7.139 -9.503 4.451 7.229 -9.251 4.974 5.599 -10.789 5.606
3 16 5.616 -10.725 4.113 7.139 -9.503 4.451 5.599 -10.789 5.606
3 16 7.068 -9.656 3.83 7.139 -9.503 4.451 5.616 -10.725 4.113
3 16 -2.517 -11.976 4.095 -2.184 -12.076 3.858 -2.057 -11.899 4.392
3 16 -2.517 -11.976 4.095 -2.734 -12.033 3.658 -2.184 -12.076 3.858
3 16 -2.184 -12.076 3.858 -2.734 -12.033 3.658 -2.614 -12.074 3.391
3 16 -2.057 -11.899 4.392 -2.184 -12.076 3.858 -1.77 -11.96 4.189
3 16 -1.77 -11.96 4.189 -2.184 -12.076 3.858 -1.873 -12.056 3.634
3 16 -2.614 -12.074 3.391 -2.324 -12.085 3.332 -2.184 -12.076 3.858
3 16 -2.184 -12.076 3.858 -2.324 -12.085 3.332 -1.873 -12.056 3.634
3 16 -10.518 -3.74 -12.164 -10.485 -4.446 -12.375 -10.701 -4.031 -12.111
3 16 -10.701 -4.031 -12.111 -10.485 -4.446 -12.375 -10.824 -4.729 -12.344
3 16 -9.835 -5.318 -12.279 -10.824 -4.729 -12.344 -10.485 -4.446 -12.375
3 16 -10.697 -5.83 -12.472 -10.824 -4.729 -12.344 -9.835 -5.318 -12.279
3 16 -9.835 -5.318 -12.279 -9.835 -6.604 -12.125 -10.697 -5.83 -12.472
3 16 -9.227 -5.939 -12.156 -9.835 -6.604 -12.125 -9.835 -5.318 -12.279
3 16 -9.111 -6.687 -12.131 -9.835 -6.604 -12.125 -9.227 -5.939 -12.156
3 16 -3.605 -10.566 1.242 -3.846 -10.888 .785 -2.781 -11.049 1.515
3 16 -2.781 -11.049 1.515 -3.846 -10.888 .785 -2.855 -11.844 .833
3 16 -2.855 -11.844 .833 -3.846 -10.888 .785 -4.051 -11.55 -.435
3 16 -4.051 -11.55 -.435 -3.846 -10.888 .785 -4.399 -11.189 -.075
3 16 -1.669 -12.049 1.482 -2.781 -11.049 1.515 -2.855 -11.844 .833
3 16 -1.81 -11.461 1.952 -2.781 -11.049 1.515 -1.669 -12.049 1.482
3 16 -1.111 -11.838 1.513 -1.81 -11.461 1.952 -1.669 -12.049 1.482
3 16 -.874 -10.856 2.271 -1.81 -11.461 1.952 -1.111 -11.838 1.513
3 16 -4.051 -11.55 -.435 -3.832 -12.024 -.592 -2.855 -11.844 .833
3 16 -2.855 -11.844 .833 -3.832 -12.024 -.592 -2.907 -12.78 .113
3 16 -.874 -10.856 2.271 -1.111 -11.838 1.513 .001 -11.587 1.589
3 16 .001 -11.587 1.589 -1.111 -11.838 1.513 -.6 -12.25 1.178
3 16 -1.111 -11.838 1.513 -1.669 -12.049 1.482 -.6 -12.25 1.178
3 16 -.6 -12.25 1.178 -1.669 -12.049 1.482 -1.576 -13.126 .871
3 16 -1.669 -12.049 1.482 -2.855 -11.844 .833 -1.576 -13.126 .871
3 16 -1.576 -13.126 .871 -2.855 -11.844 .833 -2.907 -12.78 .113
3 16 -3.832 -12.024 -.592 -3.391 -12.382 -1.069 -2.907 -12.78 .113
3 16 -2.907 -12.78 .113 -3.391 -12.382 -1.069 -2.356 -13.138 -.798
3 16 -.6 -12.25 1.178 .115 -12.257 .201 .001 -11.587 1.589
3 16 .001 -11.587 1.589 .115 -12.257 .201 .961 -11.37 .311
3 16 .115 -12.257 .201 -.6 -12.25 1.178 -1.252 -13.431 -.195
3 16 -1.252 -13.431 -.195 -.6 -12.25 1.178 -1.576 -13.126 .871
4 16 -1.576 -13.126 .871 -2.907 -12.78 .113 -2.356 -13.138 -.798 -1.252 -13.431 -.195
3 16 -3.391 -12.382 -1.069 -2.447 -12.019 -2.1 -2.356 -13.138 -.798
3 16 -2.356 -13.138 -.798 -2.447 -12.019 -2.1 -1.58 -12.778 -1.803
3 16 -2.356 -13.138 -.798 -1.58 -12.778 -1.803 -1.252 -13.431 -.195
3 16 .666 -11.738 -.945 .961 -11.37 .311 .115 -12.257 .201
3 16 -1.252 -13.431 -.195 -1.58 -12.778 -1.803 -.445 -12.701 -1.444
4 16 .666 -11.738 -.945 .115 -12.257 .201 -1.252 -13.431 -.195 -.445 -12.701 -1.444
3 16 -6.164 -.527 -12.486 -5.857 1.419 -11.662 -4.985 .916 -12.716
3 16 -5.366 -.766 -13.488 -6.164 -.527 -12.486 -4.985 .916 -12.716
3 16 -4.177 .471 -13.653 -5.366 -.766 -13.488 -4.985 .916 -12.716
3 16 -4.511 -1.264 -14.167 -5.366 -.766 -13.488 -4.177 .471 -13.653
3 16 -4.177 .471 -13.653 -3.586 .241 -14.033 -4.511 -1.264 -14.167
3 16 -4.511 -1.264 -14.167 -3.586 .241 -14.033 -3.526 -1.35 -14.494
4 16 -2.887 .273 -13.945 -2.754 -1.312 -14.398 -3.526 -1.35 -14.494 -3.586 .241 -14.033
3 16 -2.887 .273 -13.945 -1.932 -1.388 -13.897 -2.754 -1.312 -14.398
3 16 -1.478 .795 -13.151 -1.932 -1.388 -13.897 -2.887 .273 -13.945
3 16 1.259 -11.394 4.286 .861 -10.352 5.287 -.327 -10.589 4.898
3 16 -.327 -10.589 4.898 -.515 -11.133 4.166 1.259 -11.394 4.286
3 16 2.695 -10.103 4.889 .861 -10.352 5.287 1.259 -11.394 4.286
3 16 1.898 -9.863 5.479 .861 -10.352 5.287 2.695 -10.103 4.889
3 16 -.186 -11.531 3.267 1.259 -11.394 4.286 -.515 -11.133 4.166
3 16 -.515 -11.133 4.166 -.652 -11.404 3.403 -.186 -11.531 3.267
3 16 1.101 -12.244 3.142 1.259 -11.394 4.286 -.186 -11.531 3.267
3 16 1.259 -11.394 4.286 2.396 -11.255 4.086 2.695 -10.103 4.889
3 16 2.695 -10.103 4.889 2.396 -11.255 4.086 2.848 -10.542 4.116
3 16 3.134 -10.187 4.502 2.695 -10.103 4.889 2.848 -10.542 4.116
3 16 2.396 -11.255 4.086 1.259 -11.394 4.286 2.097 -11.856 3.74
3 16 1.259 -11.394 4.286 1.101 -12.244 3.142 2.097 -11.856 3.74
3 16 1.101 -12.244 3.142 -.186 -11.531 3.267 .465 -12.159 2.551
3 16 2.097 -11.856 3.74 1.101 -12.244 3.142 1.883 -12.335 2.937
3 16 1.101 -12.244 3.142 .465 -12.159 2.551 1.932 -12.28 1.796
3 16 1.883 -12.335 2.937 1.101 -12.244 3.142 1.932 -12.28 1.796
3 16 1.932 -12.28 1.796 .465 -12.159 2.551 1.949 -11.98 1.046
3 16 -5.268 -11.339 -.446 -6.202 -11.019 -.616 -5.019 -11.772 -.883
3 16 -5.019 -11.772 -.883 -6.202 -11.019 -.616 -6.682 -11.446 -1.449
3 16 -5.268 -11.339 -.446 -5.019 -11.772 -.883 -4.399 -11.189 -.075
3 16 -4.399 -11.189 -.075 -5.019 -11.772 -.883 -4.051 -11.55 -.435
3 16 -6.682 -11.446 -1.449 -5.656 -12.209 -1.359 -5.019 -11.772 -.883
3 16 -5.656 -12.209 -1.359 -5.127 -12.514 -1.27 -5.019 -11.772 -.883
3 16 -5.019 -11.772 -.883 -5.127 -12.514 -1.27 -4.538 -12.386 -1.016
4 16 -3.832 -12.024 -.592 -4.051 -11.55 -.435 -5.019 -11.772 -.883 -4.538 -12.386 -1.016
3 16 4.627 -9.722 8.115 4.162 -10.093 8.202 5.018 -10.188 7.337
3 16 5.018 -10.188 7.337 4.162 -10.093 8.202 4.55 -10.632 7.267
3 16 4.627 -9.722 8.115 5.018 -10.188 7.337 5.556 -8.782 7.73
3 16 5.556 -8.782 7.73 5.018 -10.188 7.337 6.177 -8.976 7.023
3 16 5.018 -10.188 7.337 5.638 -10.214 6.773 6.177 -8.976 7.023
3 16 5.018 -10.188 7.337 4.55 -10.632 7.267 5.638 -10.214 6.773
3 16 6.177 -8.976 7.023 5.638 -10.214 6.773 6.567 -9.067 6.544
3 16 5.638 -10.214 6.773 4.55 -10.632 7.267 5.914 -10.392 6.26
3 16 5.914 -10.392 6.26 6.567 -9.067 6.544 5.638 -10.214 6.773
3 16 7.229 -9.251 4.974 6.567 -9.067 6.544 5.914 -10.392 6.26
3 16 7.452 -8.905 5.378 6.567 -9.067 6.544 7.229 -9.251 4.974
3 16 6.361 -8.732 8.98 6.813 -9.031 7.84 7.156 -8.145 9.674
3 16 7.156 -8.145 9.674 6.813 -9.031 7.84 8.47 -8.797 9.096
3 16 8.47 -8.797 9.096 8.343 -8.076 9.954 7.156 -8.145 9.674
3 16 8.47 -8.797 9.096 9.141 -7.684 10.041 8.343 -8.076 9.954
3 16 9.749 -7.046 10.148 9.141 -7.684 10.041 8.47 -8.797 9.096
3 16 5.556 -8.782 7.73 6.813 -9.031 7.84 6.361 -8.732 8.98
3 16 6.177 -8.976 7.023 6.813 -9.031 7.84 5.556 -8.782 7.73
3 16 9.749 -7.046 10.148 8.47 -8.797 9.096 10.308 -7.889 9.136
3 16 10.952 -6.421 9.291 9.749 -7.046 10.148 10.308 -7.889 9.136
3 16 10.126 -6.49 10.271 9.749 -7.046 10.148 10.952 -6.421 9.291
3 16 10.308 -7.889 9.136 11.183 -7.602 7.859 10.952 -6.421 9.291
3 16 10.952 -6.421 9.291 11.183 -7.602 7.859 11.763 -6.086 7.834
3 16 6.177 -8.976 7.023 6.567 -9.067 6.544 6.813 -9.031 7.84
3 16 6.813 -9.031 7.84 6.567 -9.067 6.544 7.8 -9.396 7.131
3 16 6.813 -9.031 7.84 7.8 -9.396 7.131 8.47 -8.797 9.096
3 16 8.47 -8.797 9.096 7.8 -9.396 7.131 9.36 -9.32 7.672
3 16 8.47 -8.797 9.096 9.36 -9.32 7.672 10.308 -7.889 9.136
3 16 10.308 -7.889 9.136 9.36 -9.32 7.672 11.183 -7.602 7.859
3 16 7.8 -9.396 7.131 6.567 -9.067 6.544 7.894 -8.711 5.626
3 16 7.894 -8.711 5.626 6.567 -9.067 6.544 7.452 -8.905 5.378
3 16 7.894 -8.711 5.626 9.748 -8.489 5.832 7.8 -9.396 7.131
3 16 7.8 -9.396 7.131 9.748 -8.489 5.832 9.36 -9.32 7.672
3 16 11.183 -7.602 7.859 9.36 -9.32 7.672 9.748 -8.489 5.832
3 16 11.835 -6.445 6.897 11.763 -6.086 7.834 11.183 -7.602 7.859
3 16 11.672 -6.509 6.098 11.835 -6.445 6.897 11.183 -7.602 7.859
3 16 11.672 -6.509 6.098 11.183 -7.602 7.859 10.732 -7.173 5.431
3 16 10.732 -7.173 5.431 11.183 -7.602 7.859 9.748 -8.489 5.832
3 16 -9.348 -2.064 -12.925 -9.779 -3.735 -13.429 -10.518 -3.74 -12.164
3 16 -10.518 -3.74 -12.164 -9.779 -3.735 -13.429 -10.485 -4.446 -12.375
3 16 -9.348 -2.064 -12.925 -9.075 -3.47 -13.857 -9.779 -3.735 -13.429
3 16 -9.779 -3.735 -13.429 -9.338 -4.404 -13.439 -10.485 -4.446 -12.375
3 16 -10.485 -4.446 -12.375 -9.338 -4.404 -13.439 -9.835 -5.318 -12.279
3 16 -9.338 -4.404 -13.439 -8.683 -5.548 -12.994 -9.835 -5.318 -12.279
3 16 -9.835 -5.318 -12.279 -8.683 -5.548 -12.994 -9.227 -5.939 -12.156
3 16 -9.338 -4.404 -13.439 -8.472 -5.19 -13.472 -8.683 -5.548 -12.994
3 16 -9.338 -4.404 -13.439 -8.532 -4.65 -13.761 -8.472 -5.19 -13.472
4 16 -9.779 -3.735 -13.429 -9.075 -3.47 -13.857 -8.532 -4.65 -13.761 -9.338 -4.404 -13.439
3 16 -8.472 -5.19 -13.472 -8.532 -4.65 -13.761 -8.302 -4.759 -13.812
3 16 15.255 5.525 4.427 15.182 4.753 4.845 15.656 5.126 3.606
3 16 15.656 5.126 3.606 15.182 4.753 4.845 15.827 3.657 4.241
3 16 -8.366 -1.876 -12.661 -7.218 -1.157 -12.808 -8.036 -2.713 -13.483
3 16 -8.036 -2.713 -13.483 -7.218 -1.157 -12.808 -6.79 -1.547 -13.687
3 16 -6.164 -.527 -12.486 -6.79 -1.547 -13.687 -7.218 -1.157 -12.808
3 16 -5.366 -.766 -13.488 -6.79 -1.547 -13.687 -6.164 -.527 -12.486
3 16 -8.036 -2.713 -13.483 -6.79 -1.547 -13.687 -6.69 -2.875 -14.439
3 16 -6.69 -2.875 -14.439 -6.79 -1.547 -13.687 -6.408 -2.358 -14.455
3 16 -5.366 -.766 -13.488 -5.84 -1.979 -14.465 -6.79 -1.547 -13.687
3 16 -6.79 -1.547 -13.687 -5.84 -1.979 -14.465 -6.408 -2.358 -14.455
4 16 -6.763 -3.657 -14.479 -7.66 -3.752 -13.863 -8.036 -2.713 -13.483 -6.69 -2.875 -14.439
3 16 -5.366 -.766 -13.488 -4.511 -1.264 -14.167 -5.84 -1.979 -14.465
3 16 -5.84 -1.979 -14.465 -4.511 -1.264 -14.167 -4.968 -1.877 -14.58
3 16 -4.511 -1.264 -14.167 -3.526 -1.35 -14.494 -4.968 -1.877 -14.58
3 16 -4.968 -1.877 -14.58 -3.526 -1.35 -14.494 -3.629 -1.883 -15.279
3 16 -4.737 -2.382 -15.276 -4.968 -1.877 -14.58 -3.629 -1.883 -15.279
3 16 -3.526 -1.35 -14.494 -2.754 -1.312 -14.398 -3.629 -1.883 -15.279
3 16 -3.629 -1.883 -15.279 -2.754 -1.312 -14.398 -3.215 -2.093 -15.747
3 16 -4.115 -2.589 -16.077 -4.737 -2.382 -15.276 -3.629 -1.883 -15.279
3 16 -4.115 -2.589 -16.077 -3.629 -1.883 -15.279 -3.215 -2.093 -15.747
3 16 -4.855 -3.461 -16.042 -4.737 -2.382 -15.276 -4.115 -2.589 -16.077
3 16 -9.223 -10.001 -6.384 -9.908 -8.575 -6.908 -9.223 -10.065 -6.73
3 16 -9.223 -10.065 -6.73 -9.908 -8.575 -6.908 -9.908 -9.332 -8.276
3 16 -9.223 -10.065 -6.73 -9.908 -9.332 -8.276 -9.129 -10.618 -7.824
3 16 -9.223 -10.065 -6.73 -9.129 -10.618 -7.824 -8.243 -11.292 -7.026
3 16 -8.243 -11.292 -7.026 -9.129 -10.618 -7.824 -8.637 -11.162 -7.876
3 16 -9.908 -9.332 -8.276 -9.261 -10.199 -8.959 -9.129 -10.618 -7.824
3 16 -9.261 -10.199 -8.959 -9.908 -9.332 -8.276 -9.405 -9.87 -9.31
3 16 -9.129 -10.618 -7.824 -9.261 -10.199 -8.959 -8.596 -11.023 -8.76
3 16 -9.129 -10.618 -7.824 -8.596 -11.023 -8.76 -8.637 -11.162 -7.876
3 16 -8.243 -11.292 -7.026 -8.637 -11.162 -7.876 -8.049 -11.459 -8.053
3 16 -8.637 -11.162 -7.876 -8.596 -11.023 -8.76 -8.049 -11.459 -8.053
3 16 -8.243 -11.292 -7.026 -8.049 -11.459 -8.053 -6.982 -11.595 -7.441
3 16 -6.982 -11.595 -7.441 -8.049 -11.459 -8.053 -7.093 -11.474 -8.381
3 16 -8.596 -11.023 -8.76 -7.76 -11.172 -9.065 -8.049 -11.459 -8.053
3 16 -8.049 -11.459 -8.053 -7.76 -11.172 -9.065 -7.093 -11.474 -8.381
3 16 -6.982 -11.595 -7.441 -7.093 -11.474 -8.381 -6.276 -11.368 -7.581
3 16 -6.276 -11.368 -7.581 -7.093 -11.474 -8.381 -5.233 -11.17 -8.507
3 16 -7.76 -11.172 -9.065 -6.855 -11.033 -9.49 -7.093 -11.474 -8.381
3 16 -7.093 -11.474 -8.381 -6.855 -11.033 -9.49 -6.154 -11.382 -9.273
3 16 -7.093 -11.474 -8.381 -6.154 -11.382 -9.273 -5.233 -11.17 -8.507
3 16 -5.233 -11.17 -8.507 -5.729 -11.4 -7.362 -6.276 -11.368 -7.581
3 16 -6.154 -11.382 -9.273 -6.855 -11.033 -9.49 -6.682 -10.886 -9.907
3 16 1.898 -9.863 5.479 2.695 -10.103 4.889 2.1 -10.23 6.201
3 16 2.1 -10.23 6.201 2.695 -10.103 4.889 3.62 -11.064 5.954
3 16 2.695 -10.103 4.889 3.134 -10.187 4.502 3.62 -11.064 5.954
3 16 3.62 -11.064 5.954 3.134 -10.187 4.502 5.008 -11.123 5.213
3 16 3.134 -10.187 4.502 3.991 -10.014 3.822 5.008 -11.123 5.213
3 16 5.008 -11.123 5.213 3.991 -10.014 3.822 5.616 -10.725 4.113
3 16 -6.944 -11.351 -2.022 -5.914 -12.352 -1.813 -6.682 -11.446 -1.449
3 16 -6.682 -11.446 -1.449 -5.914 -12.352 -1.813 -5.656 -12.209 -1.359
3 16 -6.944 -11.351 -2.022 -6.069 -12.182 -3.076 -5.914 -12.352 -1.813
3 16 -6.944 -11.351 -2.022 -7.17 -11.156 -2.74 -6.069 -12.182 -3.076
3 16 -6.069 -12.182 -3.076 -7.17 -11.156 -2.74 -6.681 -11.579 -3.668
3 16 -5.914 -12.352 -1.813 -6.069 -12.182 -3.076 -5.863 -12.568 -2.329
3 16 -6.069 -12.182 -3.076 -5.564 -12.672 -3.11 -5.863 -12.568 -2.329
3 16 -5.863 -12.568 -2.329 -5.564 -12.672 -3.11 -5.56 -12.803 -2.701
3 16 -6.681 -11.579 -3.668 -6.185 -11.534 -4.537 -6.069 -12.182 -3.076
3 16 -6.069 -12.182 -3.076 -6.185 -11.534 -4.537 -5.241 -12.323 -4.426
3 16 -6.069 -12.182 -3.076 -5.241 -12.323 -4.426 -5.564 -12.672 -3.11
3 16 -5.56 -12.803 -2.701 -5.564 -12.672 -3.11 -4.909 -13.022 -3.089
3 16 -5.564 -12.672 -3.11 -5.241 -12.323 -4.426 -4.42 -12.741 -4.19
3 16 -4.909 -13.022 -3.089 -5.564 -12.672 -3.11 -4.42 -12.741 -4.19
3 16 -6.185 -11.534 -4.537 -5.926 -11.418 -5.087 -5.241 -12.323 -4.426
3 16 -4.42 -12.741 -4.19 -4.54 -13.073 -2.689 -4.909 -13.022 -3.089
3 16 -3.192 -12.48 -4.089 -4.54 -13.073 -2.689 -4.42 -12.741 -4.19
3 16 -2.626 -12.216 -3.8 -4.54 -13.073 -2.689 -3.192 -12.48 -4.089
3 16 -2.447 -12.019 -2.1 -4.54 -13.073 -2.689 -2.626 -12.216 -3.8
3 16 -4.347 -13.018 -2.25 -4.54 -13.073 -2.689 -2.447 -12.019 -2.1
3 16 -2.447 -12.019 -2.1 -3.391 -12.382 -1.069 -4.347 -13.018 -2.25
3 16 -4.347 -13.018 -2.25 -3.391 -12.382 -1.069 -4.255 -12.802 -1.604
3 16 -3.391 -12.382 -1.069 -4.538 -12.386 -1.016 -4.255 -12.802 -1.604
3 16 -3.832 -12.024 -.592 -4.538 -12.386 -1.016 -3.391 -12.382 -1.069
3 16 15.836 1.238 6.866 15.421 .603 7.624 16.626 -.205 6.931
4 16 16.678 -.748 7.082 16.626 -.205 6.931 15.421 .603 7.624 16.174 -1.379 7.732
3 16 -9.223 -10.001 -6.384 -9.223 -10.065 -6.73 -8.293 -10.939 -6.34
3 16 -8.293 -10.939 -6.34 -9.223 -10.065 -6.73 -8.243 -11.292 -7.026
4 16 -8.293 -10.939 -6.34 -8.243 -11.292 -7.026 -6.982 -11.595 -7.441 -7.233 -11.089 -6.47
3 16 -7.233 -11.089 -6.47 -6.982 -11.595 -7.441 -6.144 -10.862 -6.547
3 16 -6.144 -10.862 -6.547 -6.982 -11.595 -7.441 -6.276 -11.368 -7.581
3 16 -6.144 -10.862 -6.547 -6.276 -11.368 -7.581 -5.729 -11.4 -7.362
3 16 15.531 6.115 2.301 15.879 5.184 2.573 16.265 5.432 1.447
3 16 16.265 5.432 1.447 15.879 5.184 2.573 16.616 4.036 2.054
3 16 16.265 5.432 1.447 16.616 4.036 2.054 16.775 4.254 1.314
3 16 16.616 4.036 2.054 15.879 5.184 2.573 15.98 3.989 2.842
3 16 15.98 3.989 2.842 16.105 3.252 2.754 16.616 4.036 2.054
3 16 -.652 -11.404 3.403 -.874 -10.856 2.271 -.186 -11.531 3.267
3 16 .001 -11.587 1.589 -.186 -11.531 3.267 -.874 -10.856 2.271
3 16 .465 -12.159 2.551 -.186 -11.531 3.267 .001 -11.587 1.589
3 16 .465 -12.159 2.551 .001 -11.587 1.589 1.949 -11.98 1.046
3 16 1.949 -11.98 1.046 .001 -11.587 1.589 .961 -11.37 .311
3 16 1.949 -11.98 1.046 .961 -11.37 .311 2.16 -11.904 .68
3 16 10.9695 9.522 -6.533 11.4794 11.073 -5.7701 13.786 9.264 -6.692
3 16 13.786 9.264 -6.692 11.4794 11.073 -5.7701 13.987 10.614 -5.798
3 16 12.911 6.567 -8.137 10.9695 9.522 -6.533 13.786 9.264 -6.692
3 16 10.1725 6.952 -7.7257 10.9695 9.522 -6.533 12.911 6.567 -8.137
3 16 16.813 .466 5.3 15.984 1.436 6.147 16.626 -.205 6.931
3 16 16.626 -.205 6.931 15.984 1.436 6.147 15.836 1.238 6.866
3 16 16.059 2.699 5.237 16.087 2.277 5.664 16.851 1.637 5.129
3 16 16.087 2.277 5.664 15.984 1.436 6.147 16.851 1.637 5.129
3 16 16.851 1.637 5.129 15.984 1.436 6.147 16.813 .466 5.3
3 16 16.015 2.979 4.7 16.059 2.699 5.237 16.851 1.637 5.129
3 16 17.304 1.517 2.805 16.015 2.979 4.7 16.851 1.637 5.129
3 16 16.105 3.252 2.754 16.015 2.979 4.7 17.304 1.517 2.805
3 16 16.105 3.252 2.754 17.304 1.517 2.805 16.746 2.679 1.245
3 16 16.746 2.679 1.245 17.304 1.517 2.805 17.289 1.973 1.211
3 16 17.289 1.973 1.211 17.304 1.517 2.805 18.033 .503 1.155
3 16 17.304 1.517 2.805 17.972 -.497 2.14 18.033 .503 1.155
3 16 17.304 1.517 2.805 17.338 -.451 3.337 17.972 -.497 2.14
3 16 18.033 .503 1.155 17.972 -.497 2.14 18.121 -.144 1.408
3 16 -5.656 -12.209 -1.359 -5.914 -12.352 -1.813 -5.127 -12.514 -1.27
3 16 -5.127 -12.514 -1.27 -5.914 -12.352 -1.813 -4.963 -12.857 -1.8
3 16 -4.963 -12.857 -1.8 -5.914 -12.352 -1.813 -5.863 -12.568 -2.329
3 16 -4.255 -12.802 -1.604 -5.127 -12.514 -1.27 -4.963 -12.857 -1.8
3 16 -4.538 -12.386 -1.016 -5.127 -12.514 -1.27 -4.255 -12.802 -1.604
3 16 -4.963 -12.857 -1.8 -5.863 -12.568 -2.329 -4.892 -13.018 -2.417
3 16 -4.892 -13.018 -2.417 -5.863 -12.568 -2.329 -5.56 -12.803 -2.701
3 16 -4.255 -12.802 -1.604 -4.963 -12.857 -1.8 -4.347 -13.018 -2.25
3 16 -4.347 -13.018 -2.25 -4.963 -12.857 -1.8 -4.892 -13.018 -2.417
3 16 -5.56 -12.803 -2.701 -4.909 -13.022 -3.089 -4.892 -13.018 -2.417
3 16 -4.347 -13.018 -2.25 -4.892 -13.018 -2.417 -4.54 -13.073 -2.689
3 16 -4.54 -13.073 -2.689 -4.892 -13.018 -2.417 -4.909 -13.022 -3.089
3 16 -9.111 -6.687 -12.131 -9.227 -5.939 -12.156 -8.774 -6.774 -12.493
3 16 -8.774 -6.774 -12.493 -9.227 -5.939 -12.156 -8.683 -5.548 -12.994
3 16 -8.774 -6.774 -12.493 -8.683 -5.548 -12.994 -8.487 -7.297 -13.137
3 16 -8.487 -7.297 -13.137 -8.683 -5.548 -12.994 -7.559 -6.801 -14.134
3 16 -7.559 -6.801 -14.134 -8.683 -5.548 -12.994 -7.821 -6.28 -14.026
3 16 -8.683 -5.548 -12.994 -8.472 -5.19 -13.472 -7.821 -6.28 -14.026
3 16 -7.821 -6.28 -14.026 -8.472 -5.19 -13.472 -8.302 -4.759 -13.812
3 16 -7.232 -4.564 -14.965 -7.821 -6.28 -14.026 -8.302 -4.759 -13.812
3 16 -8.302 -4.759 -13.812 -7.66 -3.752 -13.863 -7.232 -4.564 -14.965
3 16 -7.232 -4.564 -14.965 -7.66 -3.752 -13.863 -6.763 -3.657 -14.479
3 16 -6.78 -5.2 -15.174 -7.821 -6.28 -14.026 -7.232 -4.564 -14.965
3 16 -7.232 -4.564 -14.965 -6.763 -3.657 -14.479 -6.78 -5.2 -15.174
3 16 -6.78 -5.2 -15.174 -6.763 -3.657 -14.479 -5.627 -4.044 -14.571
3 16 -8.487 -7.297 -13.137 -7.559 -6.801 -14.134 -8.108 -8.195 -13.366
3 16 -6.851 -6.564 -14.384 -7.821 -6.28 -14.026 -6.78 -5.2 -15.174
3 16 -7.559 -6.801 -14.134 -6.73 -7.371 -14.357 -8.108 -8.195 -13.366
3 16 -8.108 -8.195 -13.366 -6.73 -7.371 -14.357 -7 -8.82 -13.759
3 16 -5.627 -4.044 -14.571 -5.389 -4.757 -15.147 -6.78 -5.2 -15.174
3 16 -6.851 -6.564 -14.384 -6.78 -5.2 -15.174 -5.405 -6.646 -14.494
3 16 -6.78 -5.2 -15.174 -5.389 -4.757 -15.147 -4.727 -5.635 -14.889
3 16 -5.081 -6.094 -14.894 -6.78 -5.2 -15.174 -4.727 -5.635 -14.889
3 16 -6.78 -5.2 -15.174 -5.081 -6.094 -14.894 -5.405 -6.646 -14.494
3 16 -5.969 -8.777 -13.9 -7 -8.82 -13.759 -6.73 -7.371 -14.357
3 16 -6.73 -7.371 -14.357 -5.292 -7.519 -14.56 -5.969 -8.777 -13.9
3 16 -5.969 -8.777 -13.9 -5.292 -7.519 -14.56 -5.028 -8.402 -14.138
3 16 3.991 -10.014 3.822 3.134 -10.187 4.502 2.848 -10.542 4.116
3 16 3.991 -10.014 3.822 2.848 -10.542 4.116 3.665 -10.691 2.474
3 16 3.665 -10.691 2.474 2.848 -10.542 4.116 2.396 -11.255 4.086
3 16 2.097 -11.856 3.74 3.665 -10.691 2.474 2.396 -11.255 4.086
3 16 2.097 -11.856 3.74 1.883 -12.335 2.937 3.665 -10.691 2.474
4 16 1.932 -12.28 1.796 3.422 -10.918 1.498 3.665 -10.691 2.474 1.883 -12.335 2.937
3 16 3.422 -10.918 1.498 1.932 -12.28 1.796 2.692 -11.749 .97
3 16 2.692 -11.749 .97 1.932 -12.28 1.796 1.949 -11.98 1.046
3 16 2.692 -11.749 .97 1.949 -11.98 1.046 2.16 -11.904 .68
3 16 -9.361 -7.724 -11.336 -9.101 -7.296 -11.707 -8.723 -7.456 -12.071
4 16 -8.774 -6.774 -12.493 -8.723 -7.456 -12.071 -9.101 -7.296 -11.707 -9.111 -6.687 -12.131
4 16 -8.723 -7.456 -12.071 -8.288 -8.43 -12.187 -9.084 -8.836 -11.246 -9.361 -7.724 -11.336
3 16 -8.158 -9.83 -11.766 -9.084 -8.836 -11.246 -8.288 -8.43 -12.187
3 16 -9.102 -9.29 -11.096 -9.084 -8.836 -11.246 -8.158 -9.83 -11.766
3 16 -8.265 -10.336 -11.194 -9.102 -9.29 -11.096 -8.158 -9.83 -11.766
3 16 -8.966 -9.568 -10.685 -9.102 -9.29 -11.096 -8.265 -10.336 -11.194
3 16 -8.158 -9.83 -11.766 -8.288 -8.43 -12.187 -7.221 -9.312 -12.599
3 16 -8.158 -9.83 -11.766 -7.132 -10.559 -11.867 -8.265 -10.336 -11.194
3 16 -8.158 -9.83 -11.766 -7.221 -9.312 -12.599 -7.132 -10.559 -11.867
3 16 -8.265 -10.336 -11.194 -7.132 -10.559 -11.867 -7.266 -10.889 -11.256
3 16 -7.132 -10.559 -11.867 -7.221 -9.312 -12.599 -6.341 -9.587 -12.379
3 16 -7.266 -10.889 -11.256 -7.132 -10.559 -11.867 -6.626 -11.019 -11.088
3 16 -6.626 -11.019 -11.088 -7.132 -10.559 -11.867 -5.81 -10.344 -11.722
3 16 -7.132 -10.559 -11.867 -6.341 -9.587 -12.379 -5.81 -10.344 -11.722
3 16 -5.81 -10.344 -11.722 -6.341 -9.587 -12.379 -6.004 -9.683 -12.33
3 16 13.987 10.614 -5.798 14.911 10.547 -2.628 13.786 9.264 -6.692
3 16 14.911 10.547 -2.628 15.255 7.546 -4.578 13.786 9.264 -6.692
3 16 14.911 10.547 -2.628 15.469 7.568 -1.961 15.255 7.546 -4.578
3 16 15.255 7.546 -4.578 15.469 7.568 -1.961 15.396 6.585 -4.017
3 16 13.786 9.264 -6.692 15.255 7.546 -4.578 15.111 7.36 -5.581
3 16 15.396 6.585 -4.017 15.469 7.568 -1.961 15.451 5.212 -3.775
3 16 15.451 5.212 -3.775 15.469 7.568 -1.961 15.872 6.026 -.071
3 16 13.786 9.264 -6.692 15.111 7.36 -5.581 15.053 6.314 -6.269
4 16 12.911 6.567 -8.137 13.786 9.264 -6.692 15.053 6.314 -6.269 14.022 6.222 -7.225
3 16 15.053 6.314 -6.269 14.993 5.049 -6.353 14.022 6.222 -7.225
3 16 14.022 6.222 -7.225 14.993 5.049 -6.353 14.04 4.995 -7.406
3 16 14.022 6.222 -7.225 14.04 4.995 -7.406 12.911 6.567 -8.137
3 16 12.911 6.567 -8.137 14.04 4.995 -7.406 12.992 4.207 -8.285
3 16 15.451 5.212 -3.775 15.872 6.026 -.071 16.09 3.451 -2.842
3 16 16.09 3.451 -2.842 15.872 6.026 -.071 16.471 3.768 -.361
3 16 15.872 6.026 -.071 16.67 4.277 .522 16.471 3.768 -.361
3 16 15.872 6.026 -.071 16.265 5.432 1.447 16.67 4.277 .522
3 16 16.67 4.277 .522 16.265 5.432 1.447 16.775 4.254 1.314
3 16 -9.261 -10.199 -8.959 -9.405 -9.87 -9.31 -8.502 -10.22 -9.103
3 16 -8.502 -10.22 -9.103 -9.405 -9.87 -9.31 -8.381 -9.788 -9.493
3 16 -9.261 -10.199 -8.959 -8.502 -10.22 -9.103 -8.596 -11.023 -8.76
3 16 -8.596 -11.023 -8.76 -8.502 -10.22 -9.103 -8.023 -10.673 -9.157
3 16 -8.502 -10.22 -9.103 -8.381 -9.788 -9.493 -8.023 -10.673 -9.157
3 16 -8.023 -10.673 -9.157 -8.381 -9.788 -9.493 -7.592 -10.351 -9.664
3 16 -7.76 -11.172 -9.065 -8.596 -11.023 -8.76 -8.023 -10.673 -9.157
3 16 -7.76 -11.172 -9.065 -8.023 -10.673 -9.157 -6.855 -11.033 -9.49
3 16 -8.023 -10.673 -9.157 -7.592 -10.351 -9.664 -6.855 -11.033 -9.49
3 16 -6.855 -11.033 -9.49 -7.592 -10.351 -9.664 -6.682 -10.886 -9.907
3 16 -8.487 -7.297 -13.137 -8.723 -7.456 -12.071 -8.774 -6.774 -12.493
3 16 -8.723 -7.456 -12.071 -8.487 -7.297 -13.137 -8.288 -8.43 -12.187
3 16 -8.288 -8.43 -12.187 -8.487 -7.297 -13.137 -8.108 -8.195 -13.366
3 16 -8.288 -8.43 -12.187 -8.108 -8.195 -13.366 -7.221 -9.312 -12.599
3 16 -7.221 -9.312 -12.599 -8.108 -8.195 -13.366 -7 -8.82 -13.759
3 16 -7.221 -9.312 -12.599 -7 -8.82 -13.759 -6.341 -9.587 -12.379
3 16 -6.341 -9.587 -12.379 -7 -8.82 -13.759 -5.969 -8.777 -13.9
3 16 -6.341 -9.587 -12.379 -5.969 -8.777 -13.9 -6.004 -9.683 -12.33
3 16 -6.004 -9.683 -12.33 -5.969 -8.777 -13.9 -4.812 -8.757 -13.907
3 16 -4.812 -8.757 -13.907 -5.969 -8.777 -13.9 -5.028 -8.402 -14.138
3 16 16.813 .466 5.3 16.626 -.205 6.931 17.007 -.235 4.968
3 16 17.007 -.235 4.968 16.626 -.205 6.931 16.678 -.748 7.082
4 16 16.896 -1.54 5.577 17.007 -.235 4.968 16.678 -.748 7.082 16.694 -1.418 6.953
3 16 17.007 -.235 4.968 17.304 1.517 2.805 16.813 .466 5.3
3 16 16.851 1.637 5.129 16.813 .466 5.3 17.304 1.517 2.805
3 16 16.896 -1.54 5.577 16.694 -1.418 6.953 16.742 -1.762 6.667
3 16 17.304 1.517 2.805 17.007 -.235 4.968 17.338 -.451 3.337
3 16 16.896 -1.54 5.577 17.033 -1.449 4.241 17.007 -.235 4.968
3 16 17.007 -.235 4.968 17.033 -1.449 4.241 17.338 -.451 3.337
3 16 17.338 -.451 3.337 17.033 -1.449 4.241 17.361 -1.417 2.621
3 16 17.033 -1.449 4.241 16.989 -2.637 3.645 17.361 -1.417 2.621
3 16 17.361 -1.417 2.621 16.989 -2.637 3.645 17.103 -2.762 .404
3 16 17.103 -2.762 .404 16.989 -2.637 3.645 16.473 -3.926 3.486
3 16 17.103 -2.762 .404 15.273 -5.117 2.727 15.041 -5.047 1.342
3 16 16.473 -3.926 3.486 15.273 -5.117 2.727 17.103 -2.762 .404
3 16 15.273 -5.117 2.727 16.473 -3.926 3.486 15.848 -4.435 3.944
3 16 16.694 -1.418 6.953 16.678 -.748 7.082 16.174 -1.379 7.732
3 16 16.694 -1.418 6.953 16.174 -1.379 7.732 16.742 -1.762 6.667
3 16 16.742 -1.762 6.667 16.174 -1.379 7.732 16.222 -2.597 6.655
3 16 16.222 -2.597 6.655 16.174 -1.379 7.732 15.926 -2.516 7.355
4 16 15.816 -3.159 6.417 16.222 -2.597 6.655 15.926 -2.516 7.355 15.518 -3.188 6.932
3 16 -5.627 -4.044 -14.571 -6.763 -3.657 -14.479 -5.382 -3.322 -14.663
3 16 -5.382 -3.322 -14.663 -6.763 -3.657 -14.479 -6.69 -2.875 -14.439
3 16 -6.69 -2.875 -14.439 -6.408 -2.358 -14.455 -5.382 -3.322 -14.663
3 16 -6.408 -2.358 -14.455 -5.84 -1.979 -14.465 -5.382 -3.322 -14.663
3 16 -5.382 -3.322 -14.663 -5.84 -1.979 -14.465 -4.968 -1.877 -14.58
3 16 16.775 4.254 1.314 16.616 4.036 2.054 16.746 2.679 1.245
3 16 16.746 2.679 1.245 16.616 4.036 2.054 16.105 3.252 2.754
3 16 13.262 -4.755 8.204 11.763 -6.086 7.834 13.291 -6.176 6.749
3 16 13.291 -6.176 6.749 11.763 -6.086 7.834 11.835 -6.445 6.897
3 16 14.919 -5.491 6.66 13.262 -4.755 8.204 13.291 -6.176 6.749
3 16 14.494 -3.904 7.743 13.262 -4.755 8.204 14.919 -5.491 6.66
3 16 15.574 -4.716 6.347 14.494 -3.904 7.743 14.919 -5.491 6.66
3 16 15.518 -3.188 6.932 14.494 -3.904 7.743 15.574 -4.716 6.347
3 16 15.816 -3.159 6.417 15.518 -3.188 6.932 15.574 -4.716 6.347
3 16 -5.241 -12.323 -4.426 -5.926 -11.418 -5.087 -5.163 -12.478 -4.669
3 16 -5.237 -12.796 -5.824 -5.163 -12.478 -4.669 -5.926 -11.418 -5.087
3 16 -5.926 -11.418 -5.087 -5.933 -11.238 -5.73 -5.237 -12.796 -5.824
3 16 -5.237 -12.796 -5.824 -5.933 -11.238 -5.73 -5.433 -11.94 -6.953
3 16 -5.433 -11.94 -6.953 -5.933 -11.238 -5.73 -6.144 -10.862 -6.547
3 16 -6.144 -10.862 -6.547 -5.729 -11.4 -7.362 -5.433 -11.94 -6.953
3 16 -5.163 -12.478 -4.669 -5.237 -12.796 -5.824 -4.298 -13.446 -5.032
3 16 -4.298 -13.446 -5.032 -5.237 -12.796 -5.824 -4.177 -13.658 -6.37
3 16 -5.237 -12.796 -5.824 -5.433 -11.94 -6.953 -4.177 -13.658 -6.37
4 16 -4.276 -12.471 -7.846 -5.433 -11.94 -6.953 -5.729 -11.4 -7.362 -5.233 -11.17 -8.507
3 16 -4.177 -13.658 -6.37 -5.433 -11.94 -6.953 -4.276 -12.471 -7.846
3 16 -4.276 -12.471 -7.846 -5.233 -11.17 -8.507 -3.678 -12.042 -8.798
3 16 -4.298 -13.446 -5.032 -4.177 -13.658 -6.37 -3.181 -13.5 -5.145
3 16 -4.177 -13.658 -6.37 -4.276 -12.471 -7.846 -2.796 -12.679 -7.929
3 16 -2.796 -12.679 -7.929 -4.276 -12.471 -7.846 -3.678 -12.042 -8.798
3 16 -3.181 -13.5 -5.145 -4.177 -13.658 -6.37 -1.95 -12.943 -7.065
3 16 -1.95 -12.943 -7.065 -4.177 -13.658 -6.37 -2.796 -12.679 -7.929
3 16 -1.95 -12.943 -7.065 -2.239 -13.033 -5.089 -3.181 -13.5 -5.145
4 16 -1.145 -12.323 -5.694 -2.239 -13.033 -5.089 -1.95 -12.943 -7.065 -1.481 -12.604 -6.638
3 16 -1.906 -12.893 -4.82 -2.239 -13.033 -5.089 -1.145 -12.323 -5.694
3 16 -8.966 -9.568 -10.685 -8.265 -10.336 -11.194 -8.381 -9.788 -9.493
3 16 -8.381 -9.788 -9.493 -8.265 -10.336 -11.194 -7.592 -10.351 -9.664
4 16 -8.265 -10.336 -11.194 -7.266 -10.889 -11.256 -6.682 -10.886 -9.907 -7.592 -10.351 -9.664
3 16 -6.626 -11.019 -11.088 -6.682 -10.886 -9.907 -7.266 -10.889 -11.256
3 16 7.229 -9.251 4.974 8.743 -9.822 4.95 7.452 -8.905 5.378
3 16 8.743 -9.822 4.95 7.894 -8.711 5.626 7.452 -8.905 5.378
3 16 7.229 -9.251 4.974 7.139 -9.503 4.451 8.743 -9.822 4.95
3 16 8.743 -9.822 4.95 7.139 -9.503 4.451 8.873 -10.134 4.324
3 16 7.139 -9.503 4.451 7.068 -9.656 3.83 8.873 -10.134 4.324
3 16 7.068 -9.656 3.83 7.998 -10.02 2.269 8.873 -10.134 4.324
3 16 8.873 -10.134 4.324 7.998 -10.02 2.269 9.229 -10.243 3.449
3 16 9.229 -10.243 3.449 7.998 -10.02 2.269 9.365 -9.761 2.404
3 16 10.058 -9.894 3.616 9.229 -10.243 3.449 9.365 -9.761 2.404
3 16 10.058 -9.894 3.616 9.365 -9.761 2.404 10.754 -8.075 2.073
3 16 10.754 -8.075 2.073 10.581 -9.43 3.785 10.058 -9.894 3.616
3 16 10.902 -7.763 2.309 10.581 -9.43 3.785 10.754 -8.075 2.073
3 16 10.902 -7.763 2.309 11.212 -7.578 4.141 10.581 -9.43 3.785
3 16 10.581 -9.43 3.785 11.212 -7.578 4.141 10.6 -9.149 4.452
3 16 11.212 -7.578 4.141 10.376 -8.904 4.997 10.6 -9.149 4.452
3 16 10.732 -7.173 5.431 10.376 -8.904 4.997 11.212 -7.578 4.141
3 16 10.732 -7.173 5.431 9.748 -8.489 5.832 10.376 -8.904 4.997
3 16 10.376 -8.904 4.997 9.748 -8.489 5.832 9.601 -9.444 5.116
3 16 9.748 -8.489 5.832 8.743 -9.822 4.95 9.601 -9.444 5.116
3 16 7.894 -8.711 5.626 8.743 -9.822 4.95 9.748 -8.489 5.832
3 16 16.775 4.254 1.314 16.746 2.679 1.245 16.67 4.277 .522
4 16 16.746 2.679 1.245 16.604 2.504 .576 16.471 3.768 -.361 16.67 4.277 .522
4 16 16.604 2.504 .576 16.395 1.645 -.768 16.09 3.451 -2.842 16.471 3.768 -.361
3 16 16.09 3.451 -2.842 16.395 1.645 -.768 16.101 2.38 -3.156
3 16 16.101 2.38 -3.156 16.395 1.645 -.768 16.292 .907 -1.284
3 16 16.292 .907 -1.284 16.049 .515 -3.121 16.101 2.38 -3.156
3 16 16.101 2.38 -3.156 16.049 .515 -3.121 16.064 1.926 -3.655
3 16 15.676 -.056 -4.303 16.064 1.926 -3.655 16.049 .515 -3.121
3 16 15.947 1.761 -4.778 16.064 1.926 -3.655 15.676 -.056 -4.303
3 16 15.676 -.056 -4.303 15.215 .552 -6.365 15.947 1.761 -4.778
3 16 15.947 1.761 -4.778 15.215 .552 -6.365 15.715 2.083 -5.875
3 16 14.549 .822 -7.253 15.715 2.083 -5.875 15.215 .552 -6.365
3 16 14.853 2.409 -7.556 15.715 2.083 -5.875 14.549 .822 -7.253
3 16 14.853 2.409 -7.556 15.121 3.575 -7.236 15.715 2.083 -5.875
3 16 14.538 3.554 -7.914 15.121 3.575 -7.236 14.853 2.409 -7.556
3 16 14.091 3.021 -8.171 14.538 3.554 -7.914 14.853 2.409 -7.556
3 16 14.853 2.409 -7.556 13.567 2.416 -8.285 14.091 3.021 -8.171
3 16 12.969 1.007 -8.253 13.567 2.416 -8.285 14.853 2.409 -7.556
3 16 14.549 .822 -7.253 12.969 1.007 -8.253 14.853 2.409 -7.556
3 16 12.969 1.007 -8.253 12.561 1.924 -8.406 13.567 2.416 -8.285
3 16 12.598 1.455 -8.476 12.561 1.924 -8.406 12.969 1.007 -8.253
3 16 12.361 1.657 -8.562 12.561 1.924 -8.406 12.598 1.455 -8.476
3 16 -4.42 -12.741 -4.19 -5.241 -12.323 -4.426 -5.163 -12.478 -4.669
3 16 -5.163 -12.478 -4.669 -4.298 -13.446 -5.032 -4.42 -12.741 -4.19
4 16 -4.298 -13.446 -5.032 -3.504 -13.112 -4.777 -3.192 -12.48 -4.089 -4.42 -12.741 -4.19
3 16 -3.504 -13.112 -4.777 -4.298 -13.446 -5.032 -3.181 -13.5 -5.145
3 16 -3.192 -12.48 -4.089 -3.504 -13.112 -4.777 -2.239 -13.033 -5.089
3 16 -2.239 -13.033 -5.089 -3.504 -13.112 -4.777 -3.181 -13.5 -5.145
3 16 -1.906 -12.893 -4.82 -3.192 -12.48 -4.089 -2.239 -13.033 -5.089
3 16 -2.626 -12.216 -3.8 -3.192 -12.48 -4.089 -1.906 -12.893 -4.82
3 16 3.991 -10.014 3.822 3.665 -10.691 2.474 6.452 -11.089 2.72
3 16 6.452 -11.089 2.72 3.665 -10.691 2.474 6.062 -11.552 1.926
3 16 3.991 -10.014 3.822 6.452 -11.089 2.72 5.616 -10.725 4.113
3 16 5.616 -10.725 4.113 6.452 -11.089 2.72 7.068 -9.656 3.83
3 16 6.062 -11.552 1.926 3.665 -10.691 2.474 5.156 -11.765 .851
3 16 5.156 -11.765 .851 3.665 -10.691 2.474 3.422 -10.918 1.498
3 16 7.068 -9.656 3.83 6.452 -11.089 2.72 7.998 -10.02 2.269
3 16 7.998 -10.02 2.269 6.452 -11.089 2.72 7.322 -10.729 1.175
3 16 7.322 -10.729 1.175 6.452 -11.089 2.72 6.062 -11.552 1.926
3 16 5.156 -11.765 .851 6.359 -11.072 -.036 6.062 -11.552 1.926
3 16 6.062 -11.552 1.926 6.359 -11.072 -.036 7.322 -10.729 1.175
3 16 11.672 -6.509 6.098 12.271 -6.232 5.952 11.835 -6.445 6.897
3 16 11.835 -6.445 6.897 12.271 -6.232 5.952 13.291 -6.176 6.749
3 16 12.271 -6.232 5.952 14.091 -5.959 5.61 13.291 -6.176 6.749
3 16 13.291 -6.176 6.749 14.091 -5.959 5.61 14.919 -5.491 6.66
3 16 12.271 -6.232 5.952 13.855 -6.099 5.076 14.091 -5.959 5.61
3 16 15.597 -4.802 5.527 14.919 -5.491 6.66 14.091 -5.959 5.61
3 16 15.574 -4.716 6.347 14.919 -5.491 6.66 15.597 -4.802 5.527
3 16 13.855 -6.099 5.076 14.841 -5.777 4.214 14.091 -5.959 5.61
3 16 14.091 -5.959 5.61 14.841 -5.777 4.214 15.597 -4.802 5.527
3 16 15.597 -4.802 5.527 14.841 -5.777 4.214 15.848 -4.435 3.944
3 16 15.848 -4.435 3.944 14.841 -5.777 4.214 15.088 -5.532 3.709
3 16 15.848 -4.435 3.944 15.088 -5.532 3.709 15.273 -5.117 2.727
3 16 -4.737 -2.382 -15.276 -5.382 -3.322 -14.663 -4.968 -1.877 -14.58
3 16 -5.382 -3.322 -14.663 -4.737 -2.382 -15.276 -4.855 -3.461 -16.042
3 16 -5.05 -4.256 -15.615 -5.382 -3.322 -14.663 -4.855 -3.461 -16.042
3 16 -5.627 -4.044 -14.571 -5.382 -3.322 -14.663 -5.05 -4.256 -15.615
3 16 -5.389 -4.757 -15.147 -5.627 -4.044 -14.571 -5.05 -4.256 -15.615
4 16 15.884 -3.153 5.707 16.896 -1.54 5.577 16.742 -1.762 6.667 16.222 -2.597 6.655
3 16 15.884 -3.153 5.707 16.222 -2.597 6.655 15.816 -3.159 6.417
3 16 15.884 -3.153 5.707 15.95 -3.18 4.696 16.896 -1.54 5.577
3 16 16.896 -1.54 5.577 15.95 -3.18 4.696 17.033 -1.449 4.241
3 16 2.8211 2.2716 -11.8934 1.757 1.367 -12.712 1.7147 2.1668 -12.0257
3 16 2.8211 2.2716 -11.8934 2.167 -.201 -13.651 1.757 1.367 -12.712
3 16 1.757 1.367 -12.712 2.167 -.201 -13.651 1.797 -.259 -13.626
3 16 2.8211 2.2716 -11.8934 3.268 -.355 -14.114 2.167 -.201 -13.651
3 16 2.8211 2.2716 -11.8934 4.7492 2.2178 -11.4652 3.268 -.355 -14.114
3 16 3.268 -.355 -14.114 4.7492 2.2178 -11.4652 5.311 -.705 -13.327
3 16 -1.478 .795 -13.151 -.673 -.011 -14.292 -1.932 -1.388 -13.897
3 16 -1.932 -1.388 -13.897 -.673 -.011 -14.292 -.706 -1.157 -14.713
3 16 -1.932 -1.388 -13.897 -.706 -1.157 -14.713 -1.321 -2.512 -14.811
3 16 -1.321 -2.512 -14.811 -.706 -1.157 -14.713 -.349 -2.55 -15.317
3 16 15.396 6.585 -4.017 15.298 6.398 -5.155 15.255 7.546 -4.578
3 16 15.255 7.546 -4.578 15.298 6.398 -5.155 15.111 7.36 -5.581
3 16 15.451 5.212 -3.775 15.298 6.398 -5.155 15.396 6.585 -4.017
3 16 15.334 4.672 -4.383 15.298 6.398 -5.155 15.451 5.212 -3.775
3 16 15.053 6.314 -6.269 15.111 7.36 -5.581 15.298 6.398 -5.155
3 16 15.053 6.314 -6.269 15.298 6.398 -5.155 14.993 5.049 -6.353
3 16 14.993 5.049 -6.353 15.298 6.398 -5.155 15.334 4.672 -4.383
3 16 -7.821 -6.28 -14.026 -6.851 -6.564 -14.384 -7.559 -6.801 -14.134
3 16 -7.559 -6.801 -14.134 -6.851 -6.564 -14.384 -6.73 -7.371 -14.357
3 16 -6.851 -6.564 -14.384 -5.405 -6.646 -14.494 -6.73 -7.371 -14.357
3 16 -6.73 -7.371 -14.357 -5.405 -6.646 -14.494 -5.288 -6.958 -14.475
3 16 -6.73 -7.371 -14.357 -5.288 -6.958 -14.475 -5.292 -7.519 -14.56
3 16 -1.58 -12.778 -1.803 -2.447 -12.019 -2.1 -1.19 -13.363 -2.723
3 16 -1.19 -13.363 -2.723 -2.447 -12.019 -2.1 -1.336 -13.373 -3.227
3 16 -1.336 -13.373 -3.227 -2.447 -12.019 -2.1 -2.626 -12.216 -3.8
3 16 -.493 -13.338 -2.337 -1.58 -12.778 -1.803 -1.19 -13.363 -2.723
3 16 -.445 -12.701 -1.444 -1.58 -12.778 -1.803 -.493 -13.338 -2.337
3 16 -.445 -12.701 -1.444 -.493 -13.338 -2.337 .563 -13.23 -2.441
3 16 .563 -13.23 -2.441 .666 -11.738 -.945 -.445 -12.701 -1.444
3 16 1.735 -12.135 -1.97 .666 -11.738 -.945 .563 -13.23 -2.441
3 16 -2.626 -12.216 -3.8 -1.906 -12.893 -4.82 -1.336 -13.373 -3.227
3 16 -1.336 -13.373 -3.227 -1.906 -12.893 -4.82 -1.141 -13.459 -4.043
3 16 -1.145 -12.323 -5.694 -1.141 -13.459 -4.043 -1.906 -12.893 -4.82
3 16 -.392 -12.757 -5.246 -1.141 -13.459 -4.043 -1.145 -12.323 -5.694
3 16 .563 -13.23 -2.441 .868 -13.251 -2.922 1.735 -12.135 -1.97
3 16 1.735 -12.135 -1.97 .868 -13.251 -2.922 2.261 -11.952 -2.737
3 16 -1.141 -13.459 -4.043 -.392 -12.757 -5.246 -.455 -13.506 -4.213
3 16 2.261 -11.952 -2.737 .868 -13.251 -2.922 2.034 -12.052 -3.718
3 16 2.034 -12.052 -3.718 .868 -13.251 -2.922 .884 -13.245 -3.444
3 16 2.034 -12.052 -3.718 .884 -13.245 -3.444 .668 -13.349 -3.875
3 16 -.455 -13.506 -4.213 -.392 -12.757 -5.246 .668 -13.349 -3.875
3 16 .668 -13.349 -3.875 -.392 -12.757 -5.246 1.056 -12.651 -4.802
3 16 1.056 -12.651 -4.802 2.034 -12.052 -3.718 .668 -13.349 -3.875
3 16 2.105 -11.783 -4.363 2.034 -12.052 -3.718 1.056 -12.651 -4.802
3 16 15.816 -3.159 6.417 15.574 -4.716 6.347 15.884 -3.153 5.707
3 16 15.884 -3.153 5.707 15.574 -4.716 6.347 15.597 -4.802 5.527
3 16 15.884 -3.153 5.707 15.597 -4.802 5.527 15.95 -3.18 4.696
3 16 15.95 -3.18 4.696 15.597 -4.802 5.527 15.848 -4.435 3.944
3 16 16.746 2.679 1.245 17.289 1.973 1.211 16.604 2.504 .576
3 16 16.604 2.504 .576 17.289 1.973 1.211 17.261 1.678 .658
3 16 16.962 1.156 -.302 16.604 2.504 .576 17.261 1.678 .658
3 16 16.395 1.645 -.768 16.604 2.504 .576 16.962 1.156 -.302
3 16 16.395 1.645 -.768 16.962 1.156 -.302 16.292 .907 -1.284
3 16 16.292 .907 -1.284 16.962 1.156 -.302 17.119 .203 -.669
3 16 16.892 -.552 -2.865 16.292 .907 -1.284 17.119 .203 -.669
3 16 16.049 .515 -3.121 16.292 .907 -1.284 16.892 -.552 -2.865
3 16 16.049 .515 -3.121 16.892 -.552 -2.865 15.676 -.056 -4.303
3 16 15.676 -.056 -4.303 16.892 -.552 -2.865 16.459 -1.614 -3.95
3 16 15.676 -.056 -4.303 16.459 -1.614 -3.95 15.491 -2.202 -5.75
3 16 15.491 -2.202 -5.75 16.459 -1.614 -3.95 16.025 -2.428 -5.251
3 16 15.74 -3.334 -5.69 15.491 -2.202 -5.75 16.025 -2.428 -5.251
3 16 15.353 -3.401 -6.151 15.491 -2.202 -5.75 15.74 -3.334 -5.69
3 16 15.353 -3.401 -6.151 15.74 -3.334 -5.69 15.391 -4.917 -5.304
3 16 15.391 -4.917 -5.304 13.942 -5.417 -5.807 15.353 -3.401 -6.151
3 16 13.733 -5.884 -4.838 13.942 -5.417 -5.807 15.391 -4.917 -5.304
3 16 15.678 -4.947 -4.561 13.733 -5.884 -4.838 15.391 -4.917 -5.304
3 16 14.333 -5.622 -2.94 13.733 -5.884 -4.838 15.678 -4.947 -4.561
3 16 15.678 -4.947 -4.561 15.802 -4.871 -3.758 14.333 -5.622 -2.94
3 16 10.732 -7.173 5.431 12.744 -7.456 4.424 11.672 -6.509 6.098
3 16 11.672 -6.509 6.098 12.744 -7.456 4.424 13.058 -7.232 4.634
4 16 13.855 -6.099 5.076 12.271 -6.232 5.952 11.672 -6.509 6.098 13.058 -7.232 4.634
4 16 12.655 -7.694 3.699 12.744 -7.456 4.424 10.732 -7.173 5.431 11.212 -7.578 4.141
3 16 13.855 -6.099 5.076 13.058 -7.232 4.634 13.718 -7.101 4.358
3 16 10.902 -7.763 2.309 12.655 -7.694 3.699 11.212 -7.578 4.141
4 16 13.718 -7.101 4.358 14.371 -6.846 3.827 14.841 -5.777 4.214 13.855 -6.099 5.076
3 16 12.655 -7.694 3.699 10.902 -7.763 2.309 12.186 -7.472 2.121
3 16 13.58 -7.373 3.063 12.655 -7.694 3.699 12.186 -7.472 2.121
3 16 14.371 -6.846 3.827 14.466 -6.809 3.372 14.841 -5.777 4.214
3 16 14.841 -5.777 4.214 14.466 -6.809 3.372 15.088 -5.532 3.709
3 16 14.275 -6.846 2.766 15.088 -5.532 3.709 14.466 -6.809 3.372
3 16 15.273 -5.117 2.727 15.088 -5.532 3.709 14.275 -6.846 2.766
3 16 13.58 -7.373 3.063 12.186 -7.472 2.121 12.897 -7.202 1.854
3 16 14.659 -5.569 1.131 15.273 -5.117 2.727 14.275 -6.846 2.766
3 16 15.041 -5.047 1.342 15.273 -5.117 2.727 14.659 -5.569 1.131
3 16 13.58 -7.373 3.063 12.897 -7.202 1.854 13.541 -6.534 1.087
3 16 13.58 -7.373 3.063 13.541 -6.534 1.087 14.275 -6.846 2.766
3 16 14.275 -6.846 2.766 13.541 -6.534 1.087 14.659 -5.569 1.131
3 16 10.1725 6.952 -7.7257 12.911 6.567 -8.137 10.1268 5.263 -7.7939
3 16 10.1268 5.263 -7.7939 12.911 6.567 -8.137 12.992 4.207 -8.285
3 16 12.889 3.104 -8.291 10.1268 5.263 -7.7939 12.992 4.207 -8.285
4 16 10.1268 5.263 -7.7939 12.889 3.104 -8.291 12.561 1.924 -8.406 9.9658 3 -8.0349
3 16 12.561 1.924 -8.406 12.361 1.657 -8.562 9.9658 3 -8.0349
3 16 -1.932 -1.388 -13.897 -1.321 -2.512 -14.811 -2.754 -1.312 -14.398
3 16 -2.754 -1.312 -14.398 -1.321 -2.512 -14.811 -3.215 -2.093 -15.747
3 16 -3.215 -2.093 -15.747 -1.321 -2.512 -14.811 -2.254 -3.33 -15.884
3 16 -2.7 -3.554 -16.269 -3.215 -2.093 -15.747 -2.254 -3.33 -15.884
3 16 -4.115 -2.589 -16.077 -3.215 -2.093 -15.747 -2.7 -3.554 -16.269
3 16 -3.15 -4.19 -16.463 -4.115 -2.589 -16.077 -2.7 -3.554 -16.269
3 16 -4.855 -3.461 -16.042 -4.115 -2.589 -16.077 -3.15 -4.19 -16.463
3 16 -3.15 -4.19 -16.463 -5.05 -4.256 -15.615 -4.855 -3.461 -16.042
3 16 -3.248 -5.084 -15.959 -5.05 -4.256 -15.615 -3.15 -4.19 -16.463
3 16 -4.727 -5.635 -14.889 -5.05 -4.256 -15.615 -3.248 -5.084 -15.959
3 16 -5.389 -4.757 -15.147 -5.05 -4.256 -15.615 -4.727 -5.635 -14.889
3 16 -2.254 -3.33 -15.884 -1.321 -2.512 -14.811 -1.986 -3.597 -15.853
3 16 -4.727 -5.635 -14.889 -3.248 -5.084 -15.959 -3.274 -5.907 -15.388
3 16 .965 .848 -13.409 1.797 -.259 -13.626 .724 .013 -14.327
3 16 1.797 -.259 -13.626 1.995 -2.472 -14.924 .724 .013 -14.327
4 16 .724 .013 -14.327 1.995 -2.472 -14.924 1.478 -2.839 -15.331 .935 -2.395 -15.375
3 16 .965 .848 -13.409 1.757 1.367 -12.712 1.797 -.259 -13.626
3 16 1.362 1.372 -12.777 1.757 1.367 -12.712 .965 .848 -13.409
3 16 9.601 -9.444 5.116 8.743 -9.822 4.95 9.835 -9.797 4.437
3 16 9.835 -9.797 4.437 8.743 -9.822 4.95 8.873 -10.134 4.324
4 16 10.6 -9.149 4.452 10.376 -8.904 4.997 9.601 -9.444 5.116 9.835 -9.797 4.437
3 16 8.873 -10.134 4.324 9.229 -10.243 3.449 9.835 -9.797 4.437
3 16 9.835 -9.797 4.437 9.229 -10.243 3.449 10.058 -9.894 3.616
3 16 10.6 -9.149 4.452 9.835 -9.797 4.437 10.581 -9.43 3.785
3 16 10.581 -9.43 3.785 9.835 -9.797 4.437 10.058 -9.894 3.616
3 16 2.16 -11.904 .68 1.933 -12.272 -.728 3.067 -12.61 -.046
3 16 3.067 -12.61 -.046 1.933 -12.272 -.728 2.479 -12.677 -.676
3 16 2.479 -12.677 -.676 1.933 -12.272 -.728 2.703 -12.615 -1.822
3 16 2.703 -12.615 -1.822 1.933 -12.272 -.728 1.735 -12.135 -1.97
3 16 2.261 -11.952 -2.737 2.703 -12.615 -1.822 1.735 -12.135 -1.97
3 16 3.015 -12.351 -2.595 2.703 -12.615 -1.822 2.261 -11.952 -2.737
3 16 2.16 -11.904 .68 3.067 -12.61 -.046 2.692 -11.749 .97
3 16 2.692 -11.749 .97 3.067 -12.61 -.046 3.978 -12.447 .273
3 16 3.978 -12.447 .273 3.422 -10.918 1.498 2.692 -11.749 .97
3 16 5.156 -11.765 .851 3.422 -10.918 1.498 3.978 -12.447 .273
3 16 5.156 -11.765 .851 3.978 -12.447 .273 4.849 -12.464 .145
3 16 5.156 -11.765 .851 4.849 -12.464 .145 5.782 -12.171 -.467
3 16 5.156 -11.765 .851 5.782 -12.171 -.467 6.359 -11.072 -.036
3 16 6.359 -11.072 -.036 5.782 -12.171 -.467 6.578 -11.164 -.839
3 16 6.359 -11.072 -.036 6.578 -11.164 -.839 6.756 -10.992 -.697
3 16 1.735 -12.135 -1.97 1.933 -12.272 -.728 .666 -11.738 -.945
3 16 .666 -11.738 -.945 1.933 -12.272 -.728 .961 -11.37 .311
3 16 .961 -11.37 .311 1.933 -12.272 -.728 2.16 -11.904 .68
3 16 -.673 -.011 -14.292 -.115 .164 -14.339 .271 -2.254 -15.417
3 16 -.115 .164 -14.339 .724 .013 -14.327 .271 -2.254 -15.417
3 16 .271 -2.254 -15.417 .724 .013 -14.327 .935 -2.395 -15.375
3 16 -.706 -1.157 -14.713 -.673 -.011 -14.292 .271 -2.254 -15.417
3 16 -.349 -2.55 -15.317 -.706 -1.157 -14.713 .271 -2.254 -15.417
3 16 17.289 1.973 1.211 18.033 .503 1.155 17.261 1.678 .658
3 16 17.261 1.678 .658 18.033 .503 1.155 17.602 .607 .318
3 16 16.962 1.156 -.302 17.261 1.678 .658 17.602 .607 .318
3 16 18.121 -.144 1.408 17.602 .607 .318 18.033 .503 1.155
3 16 17.688 -1.539 .268 17.602 .607 .318 18.121 -.144 1.408
3 16 16.962 1.156 -.302 17.602 .607 .318 17.119 .203 -.669
3 16 17.688 -1.539 .268 17.119 .203 -.669 17.602 .607 .318
3 16 17.074 -2.108 -2.454 17.119 .203 -.669 17.688 -1.539 .268
3 16 16.892 -.552 -2.865 17.119 .203 -.669 17.074 -2.108 -2.454
3 16 16.892 -.552 -2.865 17.074 -2.108 -2.454 16.459 -1.614 -3.95
3 16 16.459 -1.614 -3.95 17.074 -2.108 -2.454 16.431 -2.715 -3.258
3 16 15.804 2.744 -3.962 15.334 4.672 -4.383 16.09 3.451 -2.842
3 16 16.09 3.451 -2.842 15.334 4.672 -4.383 15.451 5.212 -3.775
3 16 15.715 2.083 -5.875 15.334 4.672 -4.383 15.804 2.744 -3.962
3 16 16.09 3.451 -2.842 16.101 2.38 -3.156 15.804 2.744 -3.962
3 16 15.804 2.744 -3.962 16.101 2.38 -3.156 16.064 1.926 -3.655
3 16 15.121 3.575 -7.236 15.334 4.672 -4.383 15.715 2.083 -5.875
3 16 14.993 5.049 -6.353 15.334 4.672 -4.383 15.121 3.575 -7.236
3 16 15.715 2.083 -5.875 15.804 2.744 -3.962 15.947 1.761 -4.778
3 16 15.947 1.761 -4.778 15.804 2.744 -3.962 16.064 1.926 -3.655
3 16 16.989 -2.637 3.645 17.033 -1.449 4.241 15.95 -3.18 4.696
3 16 16.989 -2.637 3.645 15.95 -3.18 4.696 16.473 -3.926 3.486
3 16 15.95 -3.18 4.696 15.848 -4.435 3.944 16.473 -3.926 3.486
3 16 3.067 -12.61 -.046 4.262 -12.815 -.789 3.978 -12.447 .273
3 16 3.978 -12.447 .273 4.262 -12.815 -.789 4.849 -12.464 .145
3 16 4.262 -12.815 -.789 3.067 -12.61 -.046 2.479 -12.677 -.676
3 16 2.479 -12.677 -.676 2.703 -12.615 -1.822 4.262 -12.815 -.789
3 16 2.703 -12.615 -1.822 3.6 -12.46 -2.465 4.262 -12.815 -.789
3 16 3.015 -12.351 -2.595 3.6 -12.46 -2.465 2.703 -12.615 -1.822
4 16 5.782 -12.171 -.467 4.849 -12.464 .145 4.262 -12.815 -.789 5.524 -12.361 -1.215
3 16 3.6 -12.46 -2.465 4.281 -12.337 -2.51 4.262 -12.815 -.789
3 16 4.262 -12.815 -.789 4.281 -12.337 -2.51 5.524 -12.361 -1.215
4 16 5.967 -11.744 -1.804 6.578 -11.164 -.839 5.782 -12.171 -.467 5.524 -12.361 -1.215
3 16 7.027 -10.678 -1.277 6.578 -11.164 -.839 5.967 -11.744 -1.804
3 16 6.756 -10.992 -.697 6.578 -11.164 -.839 7.027 -10.678 -1.277
4 16 5.524 -12.361 -1.215 4.281 -12.337 -2.51 5.353 -11.364 -3.084 5.967 -11.744 -1.804
3 16 6.382 -11.225 -2.668 7.027 -10.678 -1.277 5.967 -11.744 -1.804
3 16 5.967 -11.744 -1.804 5.353 -11.364 -3.084 6.382 -11.225 -2.668
3 16 7.235 -10.335 -1.886 7.027 -10.678 -1.277 6.382 -11.225 -2.668
3 16 -.493 -13.338 -2.337 -1.19 -13.363 -2.723 -.308 -13.56 -3.224
3 16 -.308 -13.56 -3.224 -1.19 -13.363 -2.723 -1.336 -13.373 -3.227
3 16 -1.336 -13.373 -3.227 -1.141 -13.459 -4.043 -.308 -13.56 -3.224
3 16 -.308 -13.56 -3.224 -1.141 -13.459 -4.043 -.455 -13.506 -4.213
3 16 -.493 -13.338 -2.337 -.308 -13.56 -3.224 .563 -13.23 -2.441
3 16 .563 -13.23 -2.441 -.308 -13.56 -3.224 .868 -13.251 -2.922
3 16 -.308 -13.56 -3.224 .884 -13.245 -3.444 .868 -13.251 -2.922
3 16 -.455 -13.506 -4.213 .668 -13.349 -3.875 -.308 -13.56 -3.224
3 16 -.308 -13.56 -3.224 .668 -13.349 -3.875 .884 -13.245 -3.444
3 16 -6.682 -10.886 -9.907 -5.946 -12.167 -10.363 -6.154 -11.382 -9.273
3 16 -6.154 -11.382 -9.273 -5.946 -12.167 -10.363 -5.571 -12.303 -9.531
3 16 -6.682 -10.886 -9.907 -6.626 -11.019 -11.088 -5.946 -12.167 -10.363
3 16 -5.946 -12.167 -10.363 -6.626 -11.019 -11.088 -6.022 -11.929 -11.098
3 16 -5.571 -12.303 -9.531 -5.946 -12.167 -10.363 -5.231 -12.712 -9.58
3 16 -5.946 -12.167 -10.363 -5.158 -12.96 -10.444 -5.231 -12.712 -9.58
3 16 -5.231 -12.712 -9.58 -5.158 -12.96 -10.444 -4.615 -13.004 -9.518
3 16 -6.022 -11.929 -11.098 -5.48 -12.504 -11.246 -5.946 -12.167 -10.363
3 16 -5.946 -12.167 -10.363 -5.48 -12.504 -11.246 -5.158 -12.96 -10.444
3 16 -5.158 -12.96 -10.444 -4.626 -13.197 -10.763 -4.615 -13.004 -9.518
3 16 -4.615 -13.004 -9.518 -4.626 -13.197 -10.763 -3.865 -13.425 -10.365
3 16 -5.48 -12.504 -11.246 -4.97 -12.653 -11.491 -4.626 -13.197 -10.763
3 16 -4.626 -13.197 -10.763 -5.158 -12.96 -10.444 -5.48 -12.504 -11.246
3 16 -4.626 -13.197 -10.763 -4.97 -12.653 -11.491 -4.156 -13.084 -11.412
3 16 -4.626 -13.197 -10.763 -4.156 -13.084 -11.412 -3.865 -13.425 -10.365
3 16 -3.865 -13.425 -10.365 -4.156 -13.084 -11.412 -3.252 -13.23 -11.232
3 16 -5.233 -11.17 -8.507 -6.154 -11.382 -9.273 -5.571 -12.303 -9.531
3 16 -5.233 -11.17 -8.507 -5.571 -12.303 -9.531 -5.231 -12.712 -9.58
3 16 -4.615 -13.004 -9.518 -5.233 -11.17 -8.507 -5.231 -12.712 -9.58
3 16 -3.678 -12.042 -8.798 -5.233 -11.17 -8.507 -4.615 -13.004 -9.518
3 16 -3.678 -12.042 -8.798 -4.615 -13.004 -9.518 -2.782 -12.968 -9.906
3 16 -2.782 -12.968 -9.906 -4.615 -13.004 -9.518 -3.865 -13.425 -10.365
3 16 -3.865 -13.425 -10.365 -3.252 -13.23 -11.232 -2.782 -12.968 -9.906
3 16 -2.782 -12.968 -9.906 -3.252 -13.23 -11.232 -2.324 -12.93 -10.468
3 16 -2.324 -12.93 -10.468 -3.252 -13.23 -11.232 -1.802 -12.13 -11.133
3 16 -1.802 -12.13 -11.133 -3.252 -13.23 -11.232 -3.534 -12.492 -11.861
3 16 -3.252 -13.23 -11.232 -4.156 -13.084 -11.412 -3.534 -12.492 -11.861
4 16 -4.545 -11.498 -12.228 -3.534 -12.492 -11.861 -4.156 -13.084 -11.412 -4.97 -12.653 -11.491
3 16 -4.97 -12.653 -11.491 -5.48 -12.504 -11.246 -4.545 -11.498 -12.228
3 16 -5.48 -12.504 -11.246 -6.022 -11.929 -11.098 -4.545 -11.498 -12.228
3 16 -4.545 -11.498 -12.228 -6.022 -11.929 -11.098 -5.25 -10.983 -11.896
3 16 -6.022 -11.929 -11.098 -5.81 -10.344 -11.722 -5.25 -10.983 -11.896
3 16 -6.626 -11.019 -11.088 -5.81 -10.344 -11.722 -6.022 -11.929 -11.098
3 16 -4.545 -11.498 -12.228 -3.475 -11.706 -12.46 -3.534 -12.492 -11.861
3 16 -1.802 -12.13 -11.133 -3.534 -12.492 -11.861 -2.311 -11.513 -12.24
3 16 -2.311 -11.513 -12.24 -3.534 -12.492 -11.861 -3.475 -11.706 -12.46
3 16 17.972 -.497 2.14 17.338 -.451 3.337 17.361 -1.417 2.621
3 16 17.972 -.497 2.14 17.361 -1.417 2.621 18.121 -.144 1.408
3 16 18.121 -.144 1.408 17.361 -1.417 2.621 17.688 -1.539 .268
3 16 17.361 -1.417 2.621 17.103 -2.762 .404 17.688 -1.539 .268
3 16 17.103 -2.762 .404 16.903 -2.442 -.953 17.688 -1.539 .268
3 16 17.688 -1.539 .268 16.903 -2.442 -.953 17.074 -2.108 -2.454
3 16 16.158 -3.181 -2.633 17.074 -2.108 -2.454 16.903 -2.442 -.953
3 16 16.431 -2.715 -3.258 17.074 -2.108 -2.454 16.158 -3.181 -2.633
3 16 7.953 1.148 -11.401 7.9977 2.4691 -9.5417 9.86 1.022 -10.622
3 16 9.86 1.022 -10.622 7.9977 2.4691 -9.5417 8.9232 2.4691 -8.9232
3 16 9.86 1.022 -10.622 8.9232 2.4691 -8.9232 10.365 1.182 -10.231
3 16 10.365 1.182 -10.231 8.9232 2.4691 -8.9232 9.9681 3 -8.0315
3 16 12.361 1.657 -8.562 10.365 1.182 -10.231 9.9681 3 -8.0315
3 16 12.23 1.213 -9.703 10.365 1.182 -10.231 12.361 1.657 -8.562
3 16 7.953 1.148 -11.401 7.264 .677 -12.468 6.4612 2.4691 -10.5687
3 16 6.4612 2.4691 -10.5687 7.9977 2.4691 -9.5417 7.953 1.148 -11.401
3 16 9.231 .637 -11.236 7.953 1.148 -11.401 9.86 1.022 -10.622
3 16 4.7492 2.2178 -11.4652 7.264 .677 -12.468 7.123 -.015 -13.079
3 16 7.123 -.015 -13.079 6.446 -.605 -13.427 4.7492 2.2178 -11.4652
3 16 4.7492 2.2178 -11.4652 6.4612 2.4691 -10.5687 7.264 .677 -12.468
3 16 4.7492 2.2178 -11.4652 6.446 -.605 -13.427 5.311 -.705 -13.327
3 16 7.953 1.148 -11.401 9.231 .637 -11.236 8.187 -.164 -11.804
3 16 8.187 -.164 -11.804 9.231 .637 -11.236 9.285 -.336 -11.755
3 16 5.311 -.705 -13.327 6.446 -.605 -13.427 5.442 -1.204 -13.509
3 16 10.365 1.182 -10.231 12.23 1.213 -9.703 11.364 .837 -10.632
3 16 11.364 .837 -10.632 12.23 1.213 -9.703 12.124 .97 -10.331
3 16 6.446 -.605 -13.427 7.123 -.015 -13.079 7.411 -.758 -13.296
3 16 6.446 -.605 -13.427 6.147 -2.069 -13.454 5.442 -1.204 -13.509
3 16 5.442 -1.204 -13.509 6.147 -2.069 -13.454 5.711 -2.395 -13.576
3 16 6.147 -2.069 -13.454 6.446 -.605 -13.427 7.135 -1.731 -13.507
3 16 6.446 -.605 -13.427 7.411 -.758 -13.296 7.135 -1.731 -13.507
3 16 8.187 -.164 -11.804 9.285 -.336 -11.755 8.738 -1.417 -12.188
3 16 8.738 -1.417 -12.188 9.285 -.336 -11.755 10.177 -1.388 -12.086
3 16 7.135 -1.731 -13.507 7.411 -.758 -13.296 7.97 -1.515 -13.075
3 16 8.738 -1.417 -12.188 10.177 -1.388 -12.086 9.435 -2.418 -12.398
3 16 9.435 -2.418 -12.398 10.177 -1.388 -12.086 10.664 -2.491 -12.263
3 16 10.664 -2.491 -12.263 10.177 -1.388 -12.086 10.887 -1.59 -12.063
3 16 9.435 -2.418 -12.398 10.664 -2.491 -12.263 9.839 -3.425 -12.072
3 16 10.664 -2.491 -12.263 10.896 -2.89 -12.101 9.839 -3.425 -12.072
3 16 9.839 -3.425 -12.072 10.896 -2.89 -12.101 10.536 -3.662 -11.84
3 16 13.058 -7.232 4.634 12.744 -7.456 4.424 13.718 -7.101 4.358
3 16 13.718 -7.101 4.358 12.744 -7.456 4.424 13.696 -7.348 3.735
3 16 12.744 -7.456 4.424 12.655 -7.694 3.699 13.696 -7.348 3.735
3 16 13.696 -7.348 3.735 12.655 -7.694 3.699 13.58 -7.373 3.063
3 16 13.718 -7.101 4.358 13.696 -7.348 3.735 14.371 -6.846 3.827
3 16 14.371 -6.846 3.827 13.696 -7.348 3.735 14.466 -6.809 3.372
3 16 13.696 -7.348 3.735 13.58 -7.373 3.063 14.466 -6.809 3.372
3 16 14.466 -6.809 3.372 13.58 -7.373 3.063 14.275 -6.846 2.766
3 16 1.797 -.259 -13.626 2.167 -.201 -13.651 1.995 -2.472 -14.924
3 16 1.995 -2.472 -14.924 2.167 -.201 -13.651 3.048 -3 -15.2
3 16 3.048 -3 -15.2 2.167 -.201 -13.651 3.151 -.794 -14.828
3 16 3.151 -.794 -14.828 4.761 -1.267 -14.44 3.048 -3 -15.2
3 16 3.048 -3 -15.2 4.761 -1.267 -14.44 5.041 -2.834 -14.623
4 16 5.442 -1.204 -13.509 5.711 -2.395 -13.576 5.041 -2.834 -14.623 4.761 -1.267 -14.44
3 16 3.048 -3 -15.2 5.041 -2.834 -14.623 4.362 -3.517 -14.656
3 16 3.048 -3 -15.2 4.362 -3.517 -14.656 3.912 -3.832 -14.76
3 16 -5.405 -6.646 -14.494 -5.081 -6.094 -14.894 -5.288 -6.958 -14.475
3 16 -5.288 -6.958 -14.475 -5.081 -6.094 -14.894 -4.615 -6.524 -15.297
3 16 -4.636 -7.687 -15.236 -5.288 -6.958 -14.475 -4.615 -6.524 -15.297
3 16 -5.292 -7.519 -14.56 -5.288 -6.958 -14.475 -4.636 -7.687 -15.236
3 16 -4.636 -7.687 -15.236 -5.028 -8.402 -14.138 -5.292 -7.519 -14.56
3 16 -4.615 -6.524 -15.297 -2.996 -7.113 -16.061 -4.636 -7.687 -15.236
3 16 -4.636 -7.687 -15.236 -2.996 -7.113 -16.061 -3.011 -7.997 -15.747
3 16 -4.089 -9.202 -14.341 -5.028 -8.402 -14.138 -4.636 -7.687 -15.236
3 16 -4.636 -7.687 -15.236 -3.011 -7.997 -15.747 -4.089 -9.202 -14.341
3 16 -4.812 -8.757 -13.907 -5.028 -8.402 -14.138 -4.089 -9.202 -14.341
3 16 -4.089 -9.202 -14.341 -3.011 -7.997 -15.747 -2.954 -9.321 -14.613
3 16 -3.011 -7.997 -15.747 -2.996 -7.113 -16.061 -1.311 -6.994 -15.327
3 16 -1.311 -6.994 -15.327 -2.996 -7.113 -16.061 -1.628 -6.603 -15.506
3 16 -3.011 -7.997 -15.747 -1.311 -6.994 -15.327 -1.744 -8.423 -15.165
3 16 -3.011 -7.997 -15.747 -1.744 -8.423 -15.165 -2.954 -9.321 -14.613
3 16 -2.954 -9.321 -14.613 -1.744 -8.423 -15.165 -1.901 -9.059 -14.597
3 16 -5.081 -6.094 -14.894 -4.727 -5.635 -14.889 -4.615 -6.524 -15.297
3 16 -4.615 -6.524 -15.297 -4.727 -5.635 -14.889 -3.274 -5.907 -15.388
3 16 -4.615 -6.524 -15.297 -3.274 -5.907 -15.388 -2.996 -7.113 -16.061
3 16 -3.274 -5.907 -15.388 -1.628 -6.603 -15.506 -2.996 -7.113 -16.061
3 16 -2.318 -5.562 -14.958 -1.628 -6.603 -15.506 -3.274 -5.907 -15.388
3 16 -5.81 -10.344 -11.722 -6.004 -9.683 -12.33 -5.605 -10.055 -12.384
3 16 -5.81 -10.344 -11.722 -5.605 -10.055 -12.384 -5.25 -10.983 -11.896
3 16 -5.25 -10.983 -11.896 -5.605 -10.055 -12.384 -5.225 -10.426 -12.924
3 16 -5.25 -10.983 -11.896 -5.225 -10.426 -12.924 -4.545 -11.498 -12.228
3 16 -4.545 -11.498 -12.228 -5.225 -10.426 -12.924 -4.771 -10.775 -13.455
3 16 -4.545 -11.498 -12.228 -4.771 -10.775 -13.455 -4.144 -11.197 -13.668
3 16 -4.545 -11.498 -12.228 -4.144 -11.197 -13.668 -3.475 -11.706 -12.46
3 16 -3.475 -11.706 -12.46 -4.144 -11.197 -13.668 -3.072 -11.399 -13.618
3 16 -3.475 -11.706 -12.46 -3.072 -11.399 -13.618 -2.311 -11.513 -12.24
3 16 -2.311 -11.513 -12.24 -3.072 -11.399 -13.618 -1.91 -11.335 -13.014
3 16 -2.311 -11.513 -12.24 -1.91 -11.335 -13.014 -1.622 -11.456 -12.861
3 16 -1.321 -2.512 -14.811 -.556 -2.85 -15.441 -1.221 -3.321 -15.73
3 16 -1.221 -3.321 -15.73 -.556 -2.85 -15.441 -.605 -3.172 -15.769
3 16 -.556 -2.85 -15.441 -1.321 -2.512 -14.811 -.349 -2.55 -15.317
3 16 -1.221 -3.321 -15.73 -.605 -3.172 -15.769 -1.084 -5.448 -16.026
3 16 -1.084 -5.448 -16.026 -.605 -3.172 -15.769 .565 -5.079 -16.192
3 16 -1.084 -5.448 -16.026 .565 -5.079 -16.192 .897 -5.554 -16.037
3 16 -1.084 -5.448 -16.026 .897 -5.554 -16.037 -.24 -7.007 -15.636
3 16 -1.084 -5.448 -16.026 -.24 -7.007 -15.636 -1.628 -6.603 -15.506
3 16 -2.318 -5.562 -14.958 -1.084 -5.448 -16.026 -1.628 -6.603 -15.506
3 16 -2.187 -4.706 -15.586 -1.084 -5.448 -16.026 -2.318 -5.562 -14.958
3 16 -2.187 -4.706 -15.586 -1.221 -3.321 -15.73 -1.084 -5.448 -16.026
3 16 -1.628 -6.603 -15.506 -.24 -7.007 -15.636 -1.311 -6.994 -15.327
3 16 -.24 -7.007 -15.636 .897 -5.554 -16.037 .847 -6.629 -15.465
3 16 .897 -5.554 -16.037 .565 -5.079 -16.192 .868 -5.074 -16.073
3 16 -1.321 -2.512 -14.811 -1.221 -3.321 -15.73 -1.986 -3.597 -15.853
3 16 -1.986 -3.597 -15.853 -1.221 -3.321 -15.73 -2.187 -4.706 -15.586
3 16 2.167 -.201 -13.651 3.268 -.355 -14.114 3.151 -.794 -14.828
3 16 3.151 -.794 -14.828 3.268 -.355 -14.114 4.761 -1.267 -14.44
3 16 4.761 -1.267 -14.44 3.268 -.355 -14.114 5.311 -.705 -13.327
3 16 5.442 -1.204 -13.509 4.761 -1.267 -14.44 5.311 -.705 -13.327
3 16 14.993 5.049 -6.353 15.121 3.575 -7.236 14.04 4.995 -7.406
3 16 14.04 4.995 -7.406 15.121 3.575 -7.236 14.538 3.554 -7.914
3 16 14.538 3.554 -7.914 12.992 4.207 -8.285 14.04 4.995 -7.406
3 16 14.091 3.021 -8.171 12.992 4.207 -8.285 14.538 3.554 -7.914
3 16 12.889 3.104 -8.291 12.992 4.207 -8.285 14.091 3.021 -8.171
3 16 13.567 2.416 -8.285 12.889 3.104 -8.291 14.091 3.021 -8.171
3 16 12.561 1.924 -8.406 12.889 3.104 -8.291 13.567 2.416 -8.285
3 16 -4.812 -8.757 -13.907 -5.605 -10.055 -12.384 -6.004 -9.683 -12.33
3 16 -5.225 -10.426 -12.924 -5.605 -10.055 -12.384 -4.812 -8.757 -13.907
3 16 -5.225 -10.426 -12.924 -4.812 -8.757 -13.907 -4.771 -10.775 -13.455
3 16 -4.771 -10.775 -13.455 -4.812 -8.757 -13.907 -4.089 -9.202 -14.341
3 16 -4.771 -10.775 -13.455 -4.089 -9.202 -14.341 -4.094 -10.929 -13.994
3 16 -4.089 -9.202 -14.341 -2.954 -9.321 -14.613 -4.094 -10.929 -13.994
3 16 -4.094 -10.929 -13.994 -2.954 -9.321 -14.613 -2.62 -10.674 -14.234
3 16 -2.62 -10.674 -14.234 -2.954 -9.321 -14.613 -1.433 -9.921 -14.172
3 16 -1.433 -9.921 -14.172 -2.954 -9.321 -14.613 -1.901 -9.059 -14.597
3 16 8.168 -10.81 .97 7.998 -10.02 2.269 7.322 -10.729 1.175
3 16 9.48 -10.139 1.597 7.998 -10.02 2.269 8.168 -10.81 .97
3 16 9.365 -9.761 2.404 7.998 -10.02 2.269 9.48 -10.139 1.597
3 16 10.776 -8.705 1.29 9.365 -9.761 2.404 9.48 -10.139 1.597
3 16 10.754 -8.075 2.073 9.365 -9.761 2.404 10.776 -8.705 1.29
3 16 8.168 -10.81 .97 7.322 -10.729 1.175 6.756 -10.992 -.697
3 16 6.756 -10.992 -.697 7.322 -10.729 1.175 6.359 -11.072 -.036
3 16 9.48 -10.139 1.597 8.168 -10.81 .97 9.761 -10.198 .866
3 16 9.761 -10.198 .866 10.776 -8.705 1.29 9.48 -10.139 1.597
3 16 9.761 -10.198 .866 8.168 -10.81 .97 8.739 -10.788 -.168
3 16 8.168 -10.81 .97 6.756 -10.992 -.697 8.739 -10.788 -.168
3 16 10.82 -9.071 .426 10.776 -8.705 1.29 9.761 -10.198 .866
3 16 8.739 -10.788 -.168 6.756 -10.992 -.697 7.027 -10.678 -1.277
3 16 10.82 -9.071 .426 9.761 -10.198 .866 10.668 -9.187 -.709
3 16 10.668 -9.187 -.709 9.761 -10.198 .866 8.739 -10.788 -.168
3 16 -2.187 -4.706 -15.586 -2.7 -3.554 -16.269 -1.986 -3.597 -15.853
3 16 -1.986 -3.597 -15.853 -2.7 -3.554 -16.269 -2.254 -3.33 -15.884
3 16 -2.7 -3.554 -16.269 -2.187 -4.706 -15.586 -3.15 -4.19 -16.463
3 16 -3.15 -4.19 -16.463 -2.187 -4.706 -15.586 -3.248 -5.084 -15.959
3 16 -2.318 -5.562 -14.958 -3.248 -5.084 -15.959 -2.187 -4.706 -15.586
3 16 -3.274 -5.907 -15.388 -3.248 -5.084 -15.959 -2.318 -5.562 -14.958
3 16 10.754 -8.075 2.073 12.086 -7.973 1.641 10.902 -7.763 2.309
3 16 10.902 -7.763 2.309 12.086 -7.973 1.641 12.186 -7.472 2.121
3 16 10.754 -8.075 2.073 10.776 -8.705 1.29 12.086 -7.973 1.641
3 16 12.086 -7.973 1.641 10.776 -8.705 1.29 11.809 -8.677 1.116
3 16 -1.913 -13.444 -9.722 -2.796 -12.679 -7.929 -2.782 -12.968 -9.906
3 16 -2.782 -12.968 -9.906 -2.796 -12.679 -7.929 -3.678 -12.042 -8.798
4 16 -1.357 -13.372 -10.454 -1.913 -13.444 -9.722 -2.782 -12.968 -9.906 -2.324 -12.93 -10.468
3 16 -2.324 -12.93 -10.468 -1.802 -12.13 -11.133 -.971 -12.818 -11.189
3 16 -.971 -12.818 -11.189 -1.357 -13.372 -10.454 -2.324 -12.93 -10.468
3 16 -1.357 -13.372 -10.454 -.971 -12.818 -11.189 -.943 -13.419 -10.4
3 16 -.943 -13.419 -10.4 -.971 -12.818 -11.189 -.495 -12.912 -11.112
3 16 -.943 -13.419 -10.4 -.495 -12.912 -11.112 -.507 -13.459 -10.124
3 16 -.507 -13.459 -10.124 -.495 -12.912 -11.112 .392 -12.774 -10.89
4 16 .392 -12.774 -10.89 .686 -13.051 -9.893 -.321 -13.525 -9.775 -.507 -13.459 -10.124
3 16 .757 -13.073 -9.081 -.321 -13.525 -9.775 .686 -13.051 -9.893
3 16 .757 -13.073 -9.081 -.197 -13.64 -9.007 -.321 -13.525 -9.775
3 16 .27 -13.4 -8.524 -.197 -13.64 -9.007 .757 -13.073 -9.081
3 16 .27 -13.4 -8.524 -.368 -13.372 -7.781 -.197 -13.64 -9.007
3 16 -.368 -13.372 -7.781 -1.95 -12.943 -7.065 -.197 -13.64 -9.007
3 16 -1.481 -12.604 -6.638 -1.95 -12.943 -7.065 -.368 -13.372 -7.781
4 16 3.015 -12.351 -2.595 2.261 -11.952 -2.737 2.034 -12.052 -3.718 2.834 -12.544 -3.891
3 16 3.015 -12.351 -2.595 2.834 -12.544 -3.891 3.6 -12.46 -2.465
3 16 3.6 -12.46 -2.465 2.834 -12.544 -3.891 3.538 -13.209 -4.205
3 16 4.425 -12.89 -3.413 3.6 -12.46 -2.465 3.538 -13.209 -4.205
3 16 4.235 -12.518 -2.871 3.6 -12.46 -2.465 4.425 -12.89 -3.413
3 16 4.281 -12.337 -2.51 3.6 -12.46 -2.465 4.235 -12.518 -2.871
3 16 4.425 -12.89 -3.413 3.538 -13.209 -4.205 5.095 -12.714 -4.083
3 16 5.095 -12.714 -4.083 3.538 -13.209 -4.205 4.196 -13.032 -5.155
3 16 5.095 -12.714 -4.083 4.196 -13.032 -5.155 5.594 -11.884 -6.245
3 16 5.895 -11.986 -4.203 5.095 -12.714 -4.083 5.594 -11.884 -6.245
3 16 5.594 -11.884 -6.245 4.196 -13.032 -5.155 4.616 -12.423 -6.13
3 16 6.19 -11.325 -5.7 5.895 -11.986 -4.203 5.594 -11.884 -6.245
3 16 5.594 -11.884 -6.245 4.616 -12.423 -6.13 4.703 -12 -6.733
3 16 .588 -3.619 -15.241 -.556 -2.85 -15.441 -.349 -2.55 -15.317
3 16 .588 -3.619 -15.241 -.349 -2.55 -15.317 .271 -2.254 -15.417
3 16 .588 -3.619 -15.241 .271 -2.254 -15.417 .935 -2.395 -15.375
3 16 .588 -3.619 -15.241 .935 -2.395 -15.375 1.101 -3.195 -15.308
3 16 1.101 -3.195 -15.308 .935 -2.395 -15.375 1.478 -2.839 -15.331
3 16 12.897 -7.202 1.854 12.186 -7.472 2.121 12.75 -7.801 1.212
3 16 12.75 -7.801 1.212 12.186 -7.472 2.121 12.086 -7.973 1.641
3 16 13.541 -6.534 1.087 12.897 -7.202 1.854 12.75 -7.801 1.212
3 16 12.086 -7.973 1.641 11.809 -8.677 1.116 12.75 -7.801 1.212
3 16 12.75 -7.801 1.212 11.809 -8.677 1.116 11.943 -8.852 .658
3 16 13.541 -6.534 1.087 12.75 -7.801 1.212 13.502 -6.911 -.311
3 16 13.502 -6.911 -.311 12.75 -7.801 1.212 12.368 -8.602 -.342
3 16 12.75 -7.801 1.212 11.943 -8.852 .658 12.368 -8.602 -.342
3 16 12.368 -8.602 -.342 11.943 -8.852 .658 11.985 -8.881 -.108
3 16 13.502 -6.911 -.311 12.368 -8.602 -.342 13.068 -6.952 -1.542
3 16 13.068 -6.952 -1.542 12.368 -8.602 -.342 12.134 -7.979 -1.915
3 16 2.834 -12.544 -3.891 2.034 -12.052 -3.718 2.105 -11.783 -4.363
3 16 2.886 -12.119 -5.388 2.834 -12.544 -3.891 2.105 -11.783 -4.363
3 16 3.538 -13.209 -4.205 2.834 -12.544 -3.891 2.886 -12.119 -5.388
3 16 4.196 -13.032 -5.155 3.538 -13.209 -4.205 2.886 -12.119 -5.388
3 16 4.196 -13.032 -5.155 2.886 -12.119 -5.388 3.367 -11.994 -6.002
3 16 4.196 -13.032 -5.155 3.367 -11.994 -6.002 4.616 -12.423 -6.13
3 16 3.367 -11.994 -6.002 4.703 -12 -6.733 4.616 -12.423 -6.13
3 16 3.625 -11.789 -7.132 4.703 -12 -6.733 3.367 -11.994 -6.002
3 16 -.605 -3.172 -15.769 -.556 -2.85 -15.441 .588 -3.619 -15.241
3 16 -.605 -3.172 -15.769 .588 -3.619 -15.241 .565 -5.079 -16.192
3 16 .565 -5.079 -16.192 .588 -3.619 -15.241 .868 -5.074 -16.073
4 16 .333 -13.577 -6.014 -.392 -12.757 -5.246 -1.145 -12.323 -5.694 -.577 -13.006 -6.456
3 16 -.577 -13.006 -6.456 -1.145 -12.323 -5.694 -1.481 -12.604 -6.638
3 16 -.392 -12.757 -5.246 .333 -13.577 -6.014 1.056 -12.651 -4.802
3 16 1.056 -12.651 -4.802 .333 -13.577 -6.014 1.198 -13.793 -5.95
3 16 .333 -13.577 -6.014 -.577 -13.006 -6.456 .403 -13.799 -6.842
3 16 .333 -13.577 -6.014 .403 -13.799 -6.842 1.198 -13.793 -5.95
3 16 -.577 -13.006 -6.456 -1.481 -12.604 -6.638 -.368 -13.372 -7.781
3 16 .403 -13.799 -6.842 -.577 -13.006 -6.456 -.368 -13.372 -7.781
4 16 2.105 -11.783 -4.363 1.056 -12.651 -4.802 1.198 -13.793 -5.95 1.893 -13.331 -5.763
3 16 2.105 -11.783 -4.363 1.893 -13.331 -5.763 2.886 -12.119 -5.388
3 16 2.886 -12.119 -5.388 1.893 -13.331 -5.763 2.375 -13.282 -6.427
3 16 1.893 -13.331 -5.763 1.198 -13.793 -5.95 2.375 -13.282 -6.427
3 16 1.198 -13.793 -5.95 .403 -13.799 -6.842 1.162 -13.898 -7.593
3 16 2.375 -13.282 -6.427 1.198 -13.793 -5.95 1.162 -13.898 -7.593
3 16 .403 -13.799 -6.842 -.368 -13.372 -7.781 1.162 -13.898 -7.593
3 16 2.375 -13.282 -6.427 3.367 -11.994 -6.002 2.886 -12.119 -5.388
3 16 1.162 -13.898 -7.593 -.368 -13.372 -7.781 .27 -13.4 -8.524
3 16 3.625 -11.789 -7.132 3.367 -11.994 -6.002 2.375 -13.282 -6.427
3 16 3.625 -11.789 -7.132 2.375 -13.282 -6.427 2.178 -13.437 -7.928
3 16 2.178 -13.437 -7.928 2.375 -13.282 -6.427 1.162 -13.898 -7.593
3 16 1.162 -13.898 -7.593 .27 -13.4 -8.524 1.599 -13.525 -8.426
3 16 1.162 -13.898 -7.593 1.599 -13.525 -8.426 2.178 -13.437 -7.928
3 16 1.599 -13.525 -8.426 .27 -13.4 -8.524 .757 -13.073 -9.081
3 16 -2.796 -12.679 -7.929 -1.913 -13.444 -9.722 -1.95 -12.943 -7.065
3 16 -1.95 -12.943 -7.065 -1.913 -13.444 -9.722 -.321 -13.525 -9.775
3 16 -.197 -13.64 -9.007 -1.95 -12.943 -7.065 -.321 -13.525 -9.775
3 16 -.321 -13.525 -9.775 -1.913 -13.444 -9.722 -.507 -13.459 -10.124
3 16 -1.913 -13.444 -9.722 -.943 -13.419 -10.4 -.507 -13.459 -10.124
3 16 -1.913 -13.444 -9.722 -1.357 -13.372 -10.454 -.943 -13.419 -10.4
3 16 8.187 -.164 -11.804 7.264 .677 -12.468 7.953 1.148 -11.401
3 16 7.264 .677 -12.468 8.187 -.164 -11.804 7.123 -.015 -13.079
3 16 7.123 -.015 -13.079 8.187 -.164 -11.804 7.411 -.758 -13.296
3 16 7.411 -.758 -13.296 8.187 -.164 -11.804 8.738 -1.417 -12.188
3 16 7.97 -1.515 -13.075 7.411 -.758 -13.296 8.738 -1.417 -12.188
3 16 10.776 -8.705 1.29 10.82 -9.071 .426 11.809 -8.677 1.116
3 16 11.809 -8.677 1.116 10.82 -9.071 .426 11.943 -8.852 .658
3 16 10.82 -9.071 .426 11.985 -8.881 -.108 11.943 -8.852 .658
3 16 11.985 -8.881 -.108 10.82 -9.071 .426 10.668 -9.187 -.709
3 16 7.235 -10.335 -1.886 8.002 -9.716 -1.776 7.027 -10.678 -1.277
3 16 7.027 -10.678 -1.277 8.002 -9.716 -1.776 8.739 -10.788 -.168
3 16 8.739 -10.788 -.168 8.002 -9.716 -1.776 8.687 -9.093 -1.84
3 16 8.739 -10.788 -.168 8.687 -9.093 -1.84 10.668 -9.187 -.709
3 16 10.668 -9.187 -.709 8.687 -9.093 -1.84 9.374 -8.577 -2.483
3 16 10.668 -9.187 -.709 9.374 -8.577 -2.483 12.134 -7.979 -1.915
4 16 11.985 -8.881 -.108 10.668 -9.187 -.709 12.134 -7.979 -1.915 12.368 -8.602 -.342
3 16 5.353 -11.364 -3.084 4.281 -12.337 -2.51 4.235 -12.518 -2.871
3 16 5.353 -11.364 -3.084 4.235 -12.518 -2.871 4.425 -12.89 -3.413
3 16 5.353 -11.364 -3.084 4.425 -12.89 -3.413 5.095 -12.714 -4.083
3 16 5.895 -11.986 -4.203 5.353 -11.364 -3.084 5.095 -12.714 -4.083
3 16 8.002 -9.716 -1.776 7.235 -10.335 -1.886 7.11 -11.389 -3.436
3 16 7.11 -11.389 -3.436 7.235 -10.335 -1.886 6.382 -11.225 -2.668
3 16 6.382 -11.225 -2.668 5.353 -11.364 -3.084 7.11 -11.389 -3.436
3 16 8.002 -9.716 -1.776 7.11 -11.389 -3.436 8.439 -10.263 -2.907
3 16 8.002 -9.716 -1.776 8.439 -10.263 -2.907 8.687 -9.093 -1.84
3 16 8.687 -9.093 -1.84 8.439 -10.263 -2.907 9.491 -9.03 -3.545
3 16 9.374 -8.577 -2.483 8.687 -9.093 -1.84 9.491 -9.03 -3.545
3 16 8.439 -10.263 -2.907 7.11 -11.389 -3.436 7.993 -11.181 -4.178
3 16 7.11 -11.389 -3.436 5.353 -11.364 -3.084 5.895 -11.986 -4.203
3 16 7.11 -11.389 -3.436 5.895 -11.986 -4.203 7.993 -11.181 -4.178
3 16 9.491 -9.03 -3.545 8.439 -10.263 -2.907 8.784 -10.356 -4.144
3 16 8.784 -10.356 -4.144 8.439 -10.263 -2.907 7.993 -11.181 -4.178
3 16 9.491 -9.03 -3.545 8.784 -10.356 -4.144 9.567 -9.226 -4.5
3 16 9.567 -9.226 -4.5 8.784 -10.356 -4.144 8.679 -10.579 -5.325
3 16 8.784 -10.356 -4.144 7.993 -11.181 -4.178 8.679 -10.579 -5.325
3 16 7.993 -11.181 -4.178 5.895 -11.986 -4.203 6.19 -11.325 -5.7
3 16 7.993 -11.181 -4.178 6.19 -11.325 -5.7 8.249 -10.795 -5.665
3 16 7.993 -11.181 -4.178 8.249 -10.795 -5.665 8.679 -10.579 -5.325
3 16 8.249 -10.795 -5.665 6.19 -11.325 -5.7 7.455 -10.951 -6.354
4 16 10.365 1.182 -10.231 10.481 .421 -10.693 9.231 .637 -11.236 9.86 1.022 -10.622
3 16 9.231 .637 -11.236 10.481 .421 -10.693 9.285 -.336 -11.755
3 16 10.481 .421 -10.693 10.848 -.324 -11.029 9.285 -.336 -11.755
3 16 9.285 -.336 -11.755 10.848 -.324 -11.029 10.177 -1.388 -12.086
3 16 10.177 -1.388 -12.086 10.848 -.324 -11.029 10.887 -1.59 -12.063
3 16 10.887 -1.59 -12.063 10.848 -.324 -11.029 11.539 -.875 -11.198
3 16 14.659 -5.569 1.131 13.541 -6.534 1.087 13.502 -6.911 -.311
3 16 16.65 -4.716 -.953 14.659 -5.569 1.131 13.502 -6.911 -.311
3 16 16.826 -4.46 -.415 14.659 -5.569 1.131 16.65 -4.716 -.953
3 16 16.65 -4.716 -.953 13.502 -6.911 -.311 14.333 -5.622 -2.94
3 16 14.333 -5.622 -2.94 15.05 -4.963 -2.81 16.65 -4.716 -.953
3 16 13.068 -6.952 -1.542 14.333 -5.622 -2.94 13.502 -6.911 -.311
3 16 16.65 -4.716 -.953 15.05 -4.963 -2.81 16.158 -3.181 -2.633
3 16 16.826 -4.46 -.415 15.041 -5.047 1.342 14.659 -5.569 1.131
3 16 17.103 -2.762 .404 15.041 -5.047 1.342 16.826 -4.46 -.415
3 16 12.361 1.657 -8.562 12.598 1.455 -8.476 12.23 1.213 -9.703
3 16 12.23 1.213 -9.703 12.598 1.455 -8.476 12.652 .756 -9.647
3 16 12.598 1.455 -8.476 12.969 1.007 -8.253 12.652 .756 -9.647
3 16 12.23 1.213 -9.703 12.652 .756 -9.647 12.124 .97 -10.331
3 16 12.124 .97 -10.331 12.652 .756 -9.647 12.38 .002 -10.637
3 16 12.38 .002 -10.637 11.364 .837 -10.632 12.124 .97 -10.331
3 16 10.481 .421 -10.693 11.364 .837 -10.632 12.38 .002 -10.637
3 16 10.365 1.182 -10.231 11.364 .837 -10.632 10.481 .421 -10.693
3 16 12.969 1.007 -8.253 13.362 -.507 -9.116 12.652 .756 -9.647
3 16 12.652 .756 -9.647 13.362 -.507 -9.116 12.38 .002 -10.637
3 16 10.848 -.324 -11.029 10.481 .421 -10.693 12.38 .002 -10.637
3 16 11.539 -.875 -11.198 10.848 -.324 -11.029 12.38 .002 -10.637
3 16 11.539 -.875 -11.198 12.38 .002 -10.637 12.186 -2.241 -10.133
4 16 12.186 -2.241 -10.133 12.38 .002 -10.637 13.362 -.507 -9.116 13.224 -1.708 -8.881
3 16 .588 -3.619 -15.241 1.101 -3.195 -15.308 .868 -5.074 -16.073
3 16 .868 -5.074 -16.073 1.101 -3.195 -15.308 2.265 -5.033 -16.228
3 16 2.265 -5.033 -16.228 1.101 -3.195 -15.308 2.546 -3.708 -16.096
3 16 2.546 -3.708 -16.096 1.101 -3.195 -15.308 1.478 -2.839 -15.331
3 16 1.679 -6.161 -16.053 .868 -5.074 -16.073 2.265 -5.033 -16.228
3 16 .897 -5.554 -16.037 .868 -5.074 -16.073 1.679 -6.161 -16.053
3 16 2.265 -5.033 -16.228 2.546 -3.708 -16.096 3.375 -4.794 -16.277
3 16 2.955 -6.608 -15.46 1.679 -6.161 -16.053 2.265 -5.033 -16.228
3 16 2.265 -5.033 -16.228 3.375 -4.794 -16.277 2.955 -6.608 -15.46
3 16 2.141 -6.933 -15.3 1.679 -6.161 -16.053 2.955 -6.608 -15.46
3 16 2.955 -6.608 -15.46 3.142 -7.277 -14.611 2.141 -6.933 -15.3
3 16 2.141 -6.933 -15.3 3.142 -7.277 -14.611 2.133 -7.569 -14.291
3 16 2.955 -6.608 -15.46 3.375 -4.794 -16.277 3.669 -6.657 -14.861
3 16 3.669 -6.657 -14.861 3.142 -7.277 -14.611 2.955 -6.608 -15.46
3 16 3.142 -7.277 -14.611 3.669 -6.657 -14.861 3.832 -6.917 -14.658
3 16 -4.094 -10.929 -13.994 -4.144 -11.197 -13.668 -4.771 -10.775 -13.455
3 16 -4.144 -11.197 -13.668 -4.094 -10.929 -13.994 -3.072 -11.399 -13.618
3 16 -3.072 -11.399 -13.618 -4.094 -10.929 -13.994 -2.62 -10.674 -14.234
3 16 -3.072 -11.399 -13.618 -2.62 -10.674 -14.234 -1.91 -11.335 -13.014
3 16 -1.91 -11.335 -13.014 -2.62 -10.674 -14.234 -1.433 -9.921 -14.172
3 16 -1.433 -9.921 -14.172 -1.165 -11.033 -13.012 -1.91 -11.335 -13.014
3 16 -.732 -10.336 -13.291 -1.165 -11.033 -13.012 -1.433 -9.921 -14.172
3 16 -1.91 -11.335 -13.014 -1.165 -11.033 -13.012 -1.622 -11.456 -12.861
3 16 1.995 -2.472 -14.924 3.048 -3 -15.2 1.478 -2.839 -15.331
3 16 1.478 -2.839 -15.331 3.048 -3 -15.2 2.546 -3.708 -16.096
3 16 3.048 -3 -15.2 3.912 -3.832 -14.76 2.546 -3.708 -16.096
3 16 2.546 -3.708 -16.096 3.912 -3.832 -14.76 3.375 -4.794 -16.277
3 16 3.375 -4.794 -16.277 3.912 -3.832 -14.76 4.181 -4.563 -15.152
3 16 4.181 -4.563 -15.152 3.669 -6.657 -14.861 3.375 -4.794 -16.277
3 16 4.57 -6.096 -14.2 3.669 -6.657 -14.861 4.181 -4.563 -15.152
3 16 4.57 -6.096 -14.2 3.832 -6.917 -14.658 3.669 -6.657 -14.861
3 16 15.105 -1.85 -6.879 15.676 -.056 -4.303 15.491 -2.202 -5.75
3 16 15.676 -.056 -4.303 15.105 -1.85 -6.879 15.215 .552 -6.365
3 16 15.215 .552 -6.365 15.105 -1.85 -6.879 15.055 -.938 -7.46
3 16 15.105 -1.85 -6.879 15.052 -3.597 -7.038 14.372 -1.864 -7.8
3 16 14.372 -1.864 -7.8 15.052 -3.597 -7.038 14.152 -3.072 -8.613
3 16 13.224 -1.708 -8.881 14.372 -1.864 -7.8 14.152 -3.072 -8.613
3 16 12.186 -2.241 -10.133 13.224 -1.708 -8.881 14.152 -3.072 -8.613
4 16 15.105 -1.85 -6.879 15.491 -2.202 -5.75 15.353 -3.401 -6.151 15.052 -3.597 -7.038
3 16 12.954 -3.871 -10.28 12.186 -2.241 -10.133 14.152 -3.072 -8.613
3 16 14.152 -3.072 -8.613 13.703 -4.252 -9.4 12.954 -3.871 -10.28
3 16 12.25 -3.145 -10.532 12.186 -2.241 -10.133 12.954 -3.871 -10.28
3 16 12.25 -3.145 -10.532 12.954 -3.871 -10.28 12.46 -4.358 -10.26
3 16 12.25 -3.145 -10.532 12.46 -4.358 -10.26 11.576 -4.03 -10.777
3 16 11.576 -4.03 -10.777 12.46 -4.358 -10.26 11.777 -4.627 -10.555
3 16 13.362 -.507 -9.116 12.969 1.007 -8.253 14.549 .822 -7.253
3 16 13.362 -.507 -9.116 14.549 .822 -7.253 14.579 -.838 -8.069
3 16 14.549 .822 -7.253 15.055 -.938 -7.46 14.579 -.838 -8.069
3 16 15.215 .552 -6.365 15.055 -.938 -7.46 14.549 .822 -7.253
3 16 16.65 -4.716 -.953 16.903 -2.442 -.953 16.826 -4.46 -.415
3 16 16.826 -4.46 -.415 16.903 -2.442 -.953 17.103 -2.762 .404
3 16 16.158 -3.181 -2.633 16.903 -2.442 -.953 16.65 -4.716 -.953
3 16 -1.744 -8.423 -15.165 -1.311 -6.994 -15.327 -.36 -8.392 -16.011
3 16 -.36 -8.392 -16.011 -1.311 -6.994 -15.327 -.24 -7.007 -15.636
3 16 -.36 -8.392 -16.011 -.24 -7.007 -15.636 .422 -8.061 -16.12
3 16 .422 -8.061 -16.12 -.24 -7.007 -15.636 .847 -6.629 -15.465
3 16 .847 -6.629 -15.465 .93 -7.415 -15.677 .422 -8.061 -16.12
3 16 .93 -7.415 -15.677 .847 -6.629 -15.465 1.33 -6.902 -15.399
3 16 5.711 -2.395 -13.576 6.147 -2.069 -13.454 6.177 -2.684 -13.85
4 16 7.135 -1.731 -13.507 6.868 -2.85 -14.135 6.177 -2.684 -13.85 6.147 -2.069 -13.454
3 16 6.868 -2.85 -14.135 7.135 -1.731 -13.507 8.095 -2.67 -14.146
3 16 7.135 -1.731 -13.507 7.97 -1.515 -13.075 8.095 -2.67 -14.146
3 16 8.095 -2.67 -14.146 7.97 -1.515 -13.075 8.88 -2.811 -13.82
3 16 7.97 -1.515 -13.075 9.435 -2.418 -12.398 8.88 -2.811 -13.82
3 16 7.97 -1.515 -13.075 8.738 -1.417 -12.188 9.435 -2.418 -12.398
3 16 8.88 -2.811 -13.82 9.435 -2.418 -12.398 9.298 -3.287 -13.334
3 16 9.435 -2.418 -12.398 9.839 -3.425 -12.072 9.298 -3.287 -13.334
3 16 9.298 -3.287 -13.334 9.839 -3.425 -12.072 9.59 -4.133 -12.504
3 16 -1.901 -9.059 -14.597 -1.744 -8.423 -15.165 -.025 -9.195 -15.537
3 16 -.025 -9.195 -15.537 -1.744 -8.423 -15.165 -.36 -8.392 -16.011
3 16 -1.901 -9.059 -14.597 -.025 -9.195 -15.537 -1.433 -9.921 -14.172
3 16 -1.433 -9.921 -14.172 -.025 -9.195 -15.537 -.01 -10.039 -14.823
3 16 -.36 -8.392 -16.011 .422 -8.061 -16.12 -.025 -9.195 -15.537
3 16 .422 -8.061 -16.12 .936 -9.322 -15.13 -.025 -9.195 -15.537
3 16 -.01 -10.039 -14.823 -.025 -9.195 -15.537 .936 -9.322 -15.13
3 16 .93 -7.415 -15.677 .936 -9.322 -15.13 .422 -8.061 -16.12
3 16 .93 -7.415 -15.677 1.574 -7.241 -15.026 .936 -9.322 -15.13
3 16 .93 -7.415 -15.677 1.33 -6.902 -15.399 1.574 -7.241 -15.026
3 16 .936 -9.322 -15.13 1.574 -7.241 -15.026 2.075 -8.915 -14.3
3 16 2.075 -8.915 -14.3 1.574 -7.241 -15.026 2.133 -7.569 -14.291
3 16 .936 -9.322 -15.13 2.075 -8.915 -14.3 1.465 -10.201 -13.956
3 16 1.465 -10.201 -13.956 -.01 -10.039 -14.823 .936 -9.322 -15.13
3 16 1.465 -10.201 -13.956 2.075 -8.915 -14.3 2.111 -9.379 -13.882
3 16 .521 -10.456 -13.865 -.01 -10.039 -14.823 1.465 -10.201 -13.956
3 16 2.111 -9.379 -13.882 1.93 -10.042 -13.457 1.465 -10.201 -13.956
3 16 2.268 -9.725 -13.456 1.93 -10.042 -13.457 2.111 -9.379 -13.882
4 16 9.374 -8.577 -2.483 10.632 -9.095 -3.663 12.364 -8.339 -2.621 12.134 -7.979 -1.915
3 16 9.374 -8.577 -2.483 9.491 -9.03 -3.545 10.632 -9.095 -3.663
3 16 10.632 -9.095 -3.663 9.491 -9.03 -3.545 9.567 -9.226 -4.5
3 16 12.364 -8.339 -2.621 14.333 -5.622 -2.94 13.068 -6.952 -1.542
3 16 13.068 -6.952 -1.542 12.134 -7.979 -1.915 12.364 -8.339 -2.621
3 16 14.333 -5.622 -2.94 12.364 -8.339 -2.621 13.027 -7.855 -4.383
3 16 10.632 -9.095 -3.663 9.567 -9.226 -4.5 11.078 -8.938 -4.531
3 16 11.078 -8.938 -4.531 9.567 -9.226 -4.5 11.493 -8.172 -6.097
3 16 11.833 -8.517 -5.007 11.078 -8.938 -4.531 11.493 -8.172 -6.097
3 16 14.333 -5.622 -2.94 13.027 -7.855 -4.383 12.697 -7.446 -5.49
3 16 12.697 -7.446 -5.49 11.833 -8.517 -5.007 11.493 -8.172 -6.097
3 16 13.733 -5.884 -4.838 14.333 -5.622 -2.94 12.697 -7.446 -5.49
3 16 12.697 -7.446 -5.49 13.027 -7.855 -4.383 12.56 -8.121 -4.92
3 16 12.56 -8.121 -4.92 11.833 -8.517 -5.007 12.697 -7.446 -5.49
3 16 5.711 -2.395 -13.576 6.177 -2.684 -13.85 5.041 -2.834 -14.623
3 16 5.041 -2.834 -14.623 6.177 -2.684 -13.85 5.573 -3.105 -14.769
3 16 5.573 -3.105 -14.769 6.177 -2.684 -13.85 6.243 -3.21 -14.657
3 16 6.243 -3.21 -14.657 6.177 -2.684 -13.85 6.868 -2.85 -14.135
3 16 -2.311 -11.513 -12.24 -1.622 -11.456 -12.861 -1.41 -11.742 -12.788
3 16 -2.311 -11.513 -12.24 -1.41 -11.742 -12.788 -.955 -12.671 -12.674
3 16 -2.311 -11.513 -12.24 -.955 -12.671 -12.674 -1.802 -12.13 -11.133
3 16 -1.802 -12.13 -11.133 -.955 -12.671 -12.674 -.971 -12.818 -11.189
3 16 -.955 -12.671 -12.674 -1.41 -11.742 -12.788 -.825 -12.276 -13.13
3 16 .003 -13.243 -12.096 -.971 -12.818 -11.189 -.955 -12.671 -12.674
3 16 -.495 -12.912 -11.112 -.971 -12.818 -11.189 .003 -13.243 -12.096
3 16 -.495 -12.912 -11.112 .003 -13.243 -12.096 .996 -13.252 -11.522
3 16 .996 -13.252 -11.522 .392 -12.774 -10.89 -.495 -12.912 -11.112
3 16 3.912 -3.832 -14.76 4.362 -3.517 -14.656 4.181 -4.563 -15.152
3 16 4.181 -4.563 -15.152 4.362 -3.517 -14.656 5.38 -4.411 -15.012
4 16 5.041 -2.834 -14.623 5.573 -3.105 -14.769 5.38 -4.411 -15.012 4.362 -3.517 -14.656
3 16 4.181 -4.563 -15.152 5.38 -4.411 -15.012 4.57 -6.096 -14.2
3 16 5.573 -3.105 -14.769 6.243 -3.21 -14.657 5.38 -4.411 -15.012
3 16 5.38 -4.411 -15.012 6.243 -3.21 -14.657 7.397 -3.824 -14.178
3 16 7.397 -3.824 -14.178 6.243 -3.21 -14.657 7.164 -3.292 -14.259
3 16 7.164 -3.292 -14.259 6.243 -3.21 -14.657 6.868 -2.85 -14.135
3 16 6.318 -5.199 -14.355 4.57 -6.096 -14.2 5.38 -4.411 -15.012
3 16 5.38 -4.411 -15.012 7.397 -3.824 -14.178 6.318 -5.199 -14.355
3 16 5.772 -6.15 -13.521 4.57 -6.096 -14.2 6.318 -5.199 -14.355
3 16 5.772 -6.15 -13.521 6.318 -5.199 -14.355 6.348 -5.704 -13.87
3 16 7.397 -3.824 -14.178 7.487 -4.624 -13.798 7.033 -5.21 -14.129
3 16 7.033 -5.21 -14.129 6.318 -5.199 -14.355 7.397 -3.824 -14.178
3 16 6.348 -5.704 -13.87 6.318 -5.199 -14.355 7.033 -5.21 -14.129
3 16 16.114 -3.627 -4.627 16.025 -2.428 -5.251 16.431 -2.715 -3.258
3 16 16.431 -2.715 -3.258 16.025 -2.428 -5.251 16.459 -1.614 -3.95
3 16 16.114 -3.627 -4.627 16.431 -2.715 -3.258 16.248 -3.898 -3.634
3 16 16.025 -2.428 -5.251 16.114 -3.627 -4.627 15.74 -3.334 -5.69
3 16 16.114 -3.627 -4.627 16.248 -3.898 -3.634 15.678 -4.947 -4.561
3 16 15.678 -4.947 -4.561 16.248 -3.898 -3.634 15.802 -4.871 -3.758
3 16 15.678 -4.947 -4.561 15.391 -4.917 -5.304 16.114 -3.627 -4.627
3 16 16.114 -3.627 -4.627 15.391 -4.917 -5.304 15.74 -3.334 -5.69
3 16 16.248 -3.898 -3.634 16.431 -2.715 -3.258 16.158 -3.181 -2.633
3 16 16.158 -3.181 -2.633 15.05 -4.963 -2.81 16.248 -3.898 -3.634
3 16 16.248 -3.898 -3.634 15.05 -4.963 -2.81 15.802 -4.871 -3.758
3 16 15.05 -4.963 -2.81 14.333 -5.622 -2.94 15.802 -4.871 -3.758
3 16 -1.433 -9.921 -14.172 -.01 -10.039 -14.823 -.732 -10.336 -13.291
3 16 -.732 -10.336 -13.291 -.01 -10.039 -14.823 .521 -10.456 -13.865
3 16 -1.622 -11.456 -12.861 -1.165 -11.033 -13.012 -1.41 -11.742 -12.788
3 16 -1.41 -11.742 -12.788 -1.165 -11.033 -13.012 -.825 -12.276 -13.13
3 16 -1.165 -11.033 -13.012 -.088 -12.326 -13.458 -.825 -12.276 -13.13
3 16 -.732 -10.336 -13.291 -.088 -12.326 -13.458 -1.165 -11.033 -13.012
3 16 -.732 -10.336 -13.291 .521 -10.456 -13.865 -.088 -12.326 -13.458
3 16 -.088 -12.326 -13.458 .521 -10.456 -13.865 .862 -11.591 -13.751
3 16 .862 -11.591 -13.751 .521 -10.456 -13.865 1.465 -10.201 -13.956
3 16 13.362 -.507 -9.116 14.579 -.838 -8.069 13.224 -1.708 -8.881
3 16 13.224 -1.708 -8.881 14.579 -.838 -8.069 14.372 -1.864 -7.8
3 16 14.579 -.838 -8.069 15.055 -.938 -7.46 14.372 -1.864 -7.8
3 16 14.372 -1.864 -7.8 15.055 -.938 -7.46 15.105 -1.85 -6.879
3 16 1.33 -6.902 -15.399 .847 -6.629 -15.465 1.679 -6.161 -16.053
3 16 1.679 -6.161 -16.053 .847 -6.629 -15.465 .897 -5.554 -16.037
3 16 1.679 -6.161 -16.053 2.141 -6.933 -15.3 1.33 -6.902 -15.399
3 16 1.33 -6.902 -15.399 2.141 -6.933 -15.3 1.574 -7.241 -15.026
3 16 2.141 -6.933 -15.3 2.133 -7.569 -14.291 1.574 -7.241 -15.026
3 16 4.703 -12 -6.733 3.625 -11.789 -7.132 4.331 -11.978 -7.62
3 16 4.703 -12 -6.733 4.331 -11.978 -7.62 6.372 -12.405 -8.622
3 16 6.372 -12.405 -8.622 4.331 -11.978 -7.62 5.559 -12.192 -10.132
3 16 5.594 -11.884 -6.245 4.703 -12 -6.733 6.372 -12.405 -8.622
3 16 5.594 -11.884 -6.245 6.372 -12.405 -8.622 7.341 -11.736 -6.836
3 16 7.341 -11.736 -6.836 6.372 -12.405 -8.622 8.061 -11.776 -8.124
3 16 6.372 -12.405 -8.622 5.559 -12.192 -10.132 7.024 -12.056 -10.087
3 16 8.061 -11.776 -8.124 6.372 -12.405 -8.622 7.85 -11.635 -10.007
3 16 7.85 -11.635 -10.007 6.372 -12.405 -8.622 7.024 -12.056 -10.087
3 16 8.061 -11.776 -8.124 7.85 -11.635 -10.007 8.483 -11.327 -9.46
3 16 8.352 -11.299 -9.771 8.483 -11.327 -9.46 7.85 -11.635 -10.007
3 16 12.364 -8.339 -2.621 10.632 -9.095 -3.663 11.078 -8.938 -4.531
3 16 12.364 -8.339 -2.621 11.078 -8.938 -4.531 11.833 -8.517 -5.007
3 16 12.364 -8.339 -2.621 11.833 -8.517 -5.007 12.56 -8.121 -4.92
3 16 13.027 -7.855 -4.383 12.364 -8.339 -2.621 12.56 -8.121 -4.92
4 16 2.178 -13.437 -7.928 3.26 -13.647 -8.619 4.331 -11.978 -7.62 3.625 -11.789 -7.132
3 16 3.26 -13.647 -8.619 2.178 -13.437 -7.928 2.342 -14.155 -9.24
3 16 2.342 -14.155 -9.24 2.178 -13.437 -7.928 1.599 -13.525 -8.426
3 16 1.599 -13.525 -8.426 1.748 -14.038 -9.59 2.342 -14.155 -9.24
3 16 .757 -13.073 -9.081 1.748 -14.038 -9.59 1.599 -13.525 -8.426
3 16 .757 -13.073 -9.081 .686 -13.051 -9.893 1.748 -14.038 -9.59
3 16 1.748 -14.038 -9.59 .686 -13.051 -9.893 1.777 -14.092 -10.356
3 16 .686 -13.051 -9.893 .996 -13.252 -11.522 1.777 -14.092 -10.356
3 16 .392 -12.774 -10.89 .996 -13.252 -11.522 .686 -13.051 -9.893
3 16 12.186 -2.241 -10.133 11.701 -2.057 -11.419 11.539 -.875 -11.198
4 16 11.558 -2.653 -11.746 10.887 -1.59 -12.063 11.539 -.875 -11.198 11.701 -2.057 -11.419
3 16 10.664 -2.491 -12.263 10.887 -1.59 -12.063 11.558 -2.653 -11.746
3 16 12.186 -2.241 -10.133 12.25 -3.145 -10.532 11.701 -2.057 -11.419
3 16 11.701 -2.057 -11.419 12.25 -3.145 -10.532 11.558 -2.653 -11.746
3 16 10.896 -2.89 -12.101 10.664 -2.491 -12.263 11.558 -2.653 -11.746
3 16 6.868 -2.85 -14.135 8.095 -2.67 -14.146 7.164 -3.292 -14.259
4 16 8.095 -2.67 -14.146 8.393 -3.646 -14.028 7.397 -3.824 -14.178 7.164 -3.292 -14.259
3 16 8.393 -3.646 -14.028 8.095 -2.67 -14.146 8.88 -2.811 -13.82
3 16 8.393 -3.646 -14.028 8.88 -2.811 -13.82 9.298 -3.287 -13.334
3 16 7.397 -3.824 -14.178 8.393 -3.646 -14.028 7.487 -4.624 -13.798
3 16 7.487 -4.624 -13.798 8.393 -3.646 -14.028 8.255 -4.932 -13.347
3 16 8.393 -3.646 -14.028 9.298 -3.287 -13.334 9.59 -4.133 -12.504
3 16 8.393 -3.646 -14.028 9.59 -4.133 -12.504 8.974 -4.991 -12.487
3 16 8.255 -4.932 -13.347 8.393 -3.646 -14.028 8.974 -4.991 -12.487
3 16 8.679 -10.579 -5.325 9.913 -10.735 -6.757 9.567 -9.226 -4.5
3 16 9.567 -9.226 -4.5 9.913 -10.735 -6.757 10.931 -10.45 -7.585
3 16 10.931 -10.45 -7.585 11.493 -8.172 -6.097 9.567 -9.226 -4.5
3 16 10.931 -10.45 -7.585 11.348 -10.011 -7.832 11.493 -8.172 -6.097
3 16 11.348 -10.011 -7.832 11.685 -9.222 -7.765 11.493 -8.172 -6.097
3 16 12.008 -8.342 -7.694 11.493 -8.172 -6.097 11.685 -9.222 -7.765
3 16 4.022 -8.567 -14.954 2.133 -7.569 -14.291 3.142 -7.277 -14.611
3 16 3.142 -7.277 -14.611 3.832 -6.917 -14.658 4.022 -8.567 -14.954
3 16 4.022 -8.567 -14.954 3.832 -6.917 -14.658 5.215 -7.768 -14.621
3 16 5.215 -7.768 -14.621 3.832 -6.917 -14.658 4.57 -6.096 -14.2
3 16 4.57 -6.096 -14.2 5.503 -7.236 -14.18 5.215 -7.768 -14.621
3 16 5.772 -6.15 -13.521 5.503 -7.236 -14.18 4.57 -6.096 -14.2
3 16 2.133 -7.569 -14.291 4.022 -8.567 -14.954 2.075 -8.915 -14.3
3 16 -.088 -12.326 -13.458 .97 -12.477 -12.999 .003 -13.243 -12.096
3 16 -.088 -12.326 -13.458 -.955 -12.671 -12.674 -.825 -12.276 -13.13
3 16 .003 -13.243 -12.096 -.955 -12.671 -12.674 -.088 -12.326 -13.458
3 16 .003 -13.243 -12.096 .97 -12.477 -12.999 .996 -13.252 -11.522
3 16 .996 -13.252 -11.522 .97 -12.477 -12.999 2.032 -12.741 -12.041
3 16 .97 -12.477 -12.999 -.088 -12.326 -13.458 .862 -11.591 -13.751
3 16 .862 -11.591 -13.751 2.026 -10.842 -13.171 .97 -12.477 -12.999
3 16 1.465 -10.201 -13.956 2.026 -10.842 -13.171 .862 -11.591 -13.751
3 16 1.465 -10.201 -13.956 1.93 -10.042 -13.457 2.026 -10.842 -13.171
3 16 1.93 -10.042 -13.457 3.015 -10.211 -12.672 2.026 -10.842 -13.171
3 16 1.93 -10.042 -13.457 2.268 -9.725 -13.456 3.015 -10.211 -12.672
3 16 2.026 -10.842 -13.171 3.015 -10.211 -12.672 3.06 -10.699 -12.464
3 16 3.06 -10.699 -12.464 3.238 -11.106 -12.234 2.026 -10.842 -13.171
3 16 2.026 -10.842 -13.171 3.238 -11.106 -12.234 .97 -12.477 -12.999
3 16 .97 -12.477 -12.999 3.238 -11.106 -12.234 2.032 -12.741 -12.041
3 16 5.594 -11.884 -6.245 7.341 -11.736 -6.836 6.19 -11.325 -5.7
3 16 6.19 -11.325 -5.7 7.341 -11.736 -6.836 7.455 -10.951 -6.354
3 16 7.455 -10.951 -6.354 7.341 -11.736 -6.836 8.325 -11.011 -7.359
3 16 8.325 -11.011 -7.359 7.341 -11.736 -6.836 8.061 -11.776 -8.124
3 16 8.325 -11.011 -7.359 8.061 -11.776 -8.124 8.93 -10.382 -8.572
3 16 8.93 -10.382 -8.572 8.061 -11.776 -8.124 8.483 -11.327 -9.46
3 16 9.092 -9.857 -9.11 8.93 -10.382 -8.572 8.483 -11.327 -9.46
3 16 9.092 -9.857 -9.11 8.483 -11.327 -9.46 8.397 -10.321 -10.196
3 16 8.397 -10.321 -10.196 8.483 -11.327 -9.46 8.352 -11.299 -9.771
3 16 7.85 -11.635 -10.007 8.397 -10.321 -10.196 8.352 -11.299 -9.771
3 16 7.602 -10.112 -10.69 8.397 -10.321 -10.196 7.85 -11.635 -10.007
3 16 7.602 -10.112 -10.69 7.85 -11.635 -10.007 7 -10.884 -10.789
3 16 7 -10.884 -10.789 7.85 -11.635 -10.007 7.024 -12.056 -10.087
3 16 7.024 -12.056 -10.087 6.325 -11.187 -10.897 7 -10.884 -10.789
3 16 7.024 -12.056 -10.087 5.559 -12.192 -10.132 6.325 -11.187 -10.897
3 16 6.325 -11.187 -10.897 5.559 -12.192 -10.132 5.325 -11.544 -10.749
3 16 13.942 -5.417 -5.807 13.364 -7.004 -7.357 14.008 -5.037 -6.997
3 16 14.008 -5.037 -6.997 13.364 -7.004 -7.357 13.48 -6.452 -7.832
3 16 13.48 -6.452 -7.832 13.968 -4.746 -7.737 14.008 -5.037 -6.997
3 16 13.087 -5.44 -8.894 13.968 -4.746 -7.737 13.48 -6.452 -7.832
3 16 13.364 -7.004 -7.357 13.942 -5.417 -5.807 13.733 -5.884 -4.838
3 16 13.733 -5.884 -4.838 12.697 -7.446 -5.49 13.364 -7.004 -7.357
3 16 13.364 -7.004 -7.357 12.697 -7.446 -5.49 12.792 -8.016 -7.218
3 16 12.792 -8.016 -7.218 12.697 -7.446 -5.49 11.493 -8.172 -6.097
3 16 12.792 -8.016 -7.218 11.493 -8.172 -6.097 12.008 -8.342 -7.694
4 16 15.052 -3.597 -7.038 15.353 -3.401 -6.151 13.942 -5.417 -5.807 14.008 -5.037 -6.997
3 16 15.052 -3.597 -7.038 14.008 -5.037 -6.997 13.968 -4.746 -7.737
3 16 13.968 -4.746 -7.737 14.152 -3.072 -8.613 15.052 -3.597 -7.038
3 16 9.913 -10.735 -6.757 8.679 -10.579 -5.325 8.249 -10.795 -5.665
3 16 8.249 -10.795 -5.665 8.325 -11.011 -7.359 9.913 -10.735 -6.757
3 16 7.455 -10.951 -6.354 8.325 -11.011 -7.359 8.249 -10.795 -5.665
3 16 8.325 -11.011 -7.359 8.93 -10.382 -8.572 10.931 -10.45 -7.585
3 16 10.931 -10.45 -7.585 9.913 -10.735 -6.757 8.325 -11.011 -7.359
3 16 8.93 -10.382 -8.572 10.035 -9.638 -9.191 10.931 -10.45 -7.585
3 16 9.092 -9.857 -9.11 10.035 -9.638 -9.191 8.93 -10.382 -8.572
3 16 10.035 -9.638 -9.191 11.348 -10.011 -7.832 10.931 -10.45 -7.585
3 16 10.575 -9.157 -9.2 11.348 -10.011 -7.832 10.035 -9.638 -9.191
4 16 11.558 -2.653 -11.746 11.576 -4.03 -10.777 10.536 -3.662 -11.84 10.896 -2.89 -12.101
3 16 11.576 -4.03 -10.777 11.558 -2.653 -11.746 12.25 -3.145 -10.532
3 16 1.748 -14.038 -9.59 1.777 -14.092 -10.356 2.342 -14.155 -9.24
3 16 2.342 -14.155 -9.24 1.777 -14.092 -10.356 2.976 -13.585 -11.205
3 16 1.777 -14.092 -10.356 .996 -13.252 -11.522 2.976 -13.585 -11.205
3 16 2.976 -13.585 -11.205 .996 -13.252 -11.522 2.032 -12.741 -12.041
3 16 2.976 -13.585 -11.205 2.032 -12.741 -12.041 4.154 -11.932 -11.86
3 16 4.154 -11.932 -11.86 2.032 -12.741 -12.041 3.238 -11.106 -12.234
3 16 4.382 -13.396 -10.657 2.342 -14.155 -9.24 2.976 -13.585 -11.205
3 16 2.976 -13.585 -11.205 4.154 -11.932 -11.86 4.382 -13.396 -10.657
3 16 3.26 -13.647 -8.619 2.342 -14.155 -9.24 4.382 -13.396 -10.657
3 16 5.559 -12.192 -10.132 3.26 -13.647 -8.619 4.382 -13.396 -10.657
3 16 4.331 -11.978 -7.62 3.26 -13.647 -8.619 5.559 -12.192 -10.132
3 16 4.741 -12.122 -11.403 5.559 -12.192 -10.132 4.382 -13.396 -10.657
3 16 4.382 -13.396 -10.657 4.154 -11.932 -11.86 4.741 -12.122 -11.403
3 16 5.325 -11.544 -10.749 5.559 -12.192 -10.132 4.741 -12.122 -11.403
3 16 5.772 -6.15 -13.521 6.348 -5.704 -13.87 6.092 -6.866 -13.593
3 16 6.092 -6.866 -13.593 6.348 -5.704 -13.87 7.052 -7.496 -13.915
3 16 6.208 -7.483 -13.648 6.092 -6.866 -13.593 7.052 -7.496 -13.915
3 16 6.348 -5.704 -13.87 7.494 -5.967 -14.295 7.052 -7.496 -13.915
3 16 7.033 -5.21 -14.129 7.494 -5.967 -14.295 6.348 -5.704 -13.87
4 16 3.06 -10.699 -12.464 3.015 -10.211 -12.672 4.671 -9.905 -13.444 3.55 -10.793 -12.605
3 16 3.55 -10.793 -12.605 4.671 -9.905 -13.444 4.922 -10.58 -13.319
3 16 5.867 -9.03 -13.075 4.922 -10.58 -13.319 4.671 -9.905 -13.444
3 16 6.325 -9.433 -12.812 4.922 -10.58 -13.319 5.867 -9.03 -13.075
3 16 6.34 -8.366 -12.81 6.325 -9.433 -12.812 5.867 -9.03 -13.075
3 16 6.34 -8.366 -12.81 6.78 -8.564 -12.529 6.325 -9.433 -12.812
3 16 6.208 -7.483 -13.648 5.867 -9.03 -13.075 5.215 -7.768 -14.621
3 16 5.867 -9.03 -13.075 6.208 -7.483 -13.648 6.34 -8.366 -12.81
3 16 5.215 -7.768 -14.621 5.503 -7.236 -14.18 6.208 -7.483 -13.648
3 16 5.215 -7.768 -14.621 5.867 -9.03 -13.075 4.671 -9.905 -13.444
3 16 4.022 -8.567 -14.954 5.215 -7.768 -14.621 4.671 -9.905 -13.444
3 16 4.671 -9.905 -13.444 2.111 -9.379 -13.882 4.022 -8.567 -14.954
3 16 4.022 -8.567 -14.954 2.111 -9.379 -13.882 2.075 -8.915 -14.3
3 16 4.671 -9.905 -13.444 2.268 -9.725 -13.456 2.111 -9.379 -13.882
3 16 3.015 -10.211 -12.672 2.268 -9.725 -13.456 4.671 -9.905 -13.444
3 16 6.208 -7.483 -13.648 5.503 -7.236 -14.18 6.092 -6.866 -13.593
3 16 5.503 -7.236 -14.18 5.772 -6.15 -13.521 6.092 -6.866 -13.593
3 16 10.536 -3.662 -11.84 10.321 -4.497 -12.336 9.839 -3.425 -12.072
3 16 9.839 -3.425 -12.072 10.321 -4.497 -12.336 9.59 -4.133 -12.504
3 16 10.536 -3.662 -11.84 11.576 -4.03 -10.777 10.321 -4.497 -12.336
3 16 9.59 -4.133 -12.504 10.321 -4.497 -12.336 8.974 -4.991 -12.487
3 16 8.974 -4.991 -12.487 10.321 -4.497 -12.336 10.849 -5.449 -11.975
3 16 10.321 -4.497 -12.336 11.576 -4.03 -10.777 10.849 -5.449 -11.975
3 16 10.849 -5.449 -11.975 11.576 -4.03 -10.777 11.777 -4.627 -10.555
3 16 9.439 -6.026 -12.262 8.974 -4.991 -12.487 10.849 -5.449 -11.975
3 16 11.777 -4.627 -10.555 11.228 -6.524 -9.452 10.849 -5.449 -11.975
3 16 11.645 -6.072 -9.437 11.228 -6.524 -9.452 11.777 -4.627 -10.555
3 16 11.228 -6.524 -9.452 9.506 -6.928 -11.352 10.849 -5.449 -11.975
3 16 10.849 -5.449 -11.975 9.506 -6.928 -11.352 9.439 -6.026 -12.262
3 16 3.06 -10.699 -12.464 3.55 -10.793 -12.605 3.238 -11.106 -12.234
3 16 3.238 -11.106 -12.234 3.55 -10.793 -12.605 3.961 -11.422 -12.245
3 16 3.238 -11.106 -12.234 3.961 -11.422 -12.245 4.154 -11.932 -11.86
3 16 3.961 -11.422 -12.245 3.55 -10.793 -12.605 5.128 -11.283 -12.726
3 16 5.128 -11.283 -12.726 3.55 -10.793 -12.605 4.922 -10.58 -13.319
3 16 4.154 -11.932 -11.86 3.961 -11.422 -12.245 5.128 -11.283 -12.726
3 16 4.154 -11.932 -11.86 5.128 -11.283 -12.726 5.253 -11.944 -11.892
3 16 4.741 -12.122 -11.403 4.154 -11.932 -11.86 4.882 -12.021 -11.645
3 16 5.253 -11.944 -11.892 4.882 -12.021 -11.645 4.154 -11.932 -11.86
3 16 6.325 -9.433 -12.812 6.626 -10.368 -12.363 4.922 -10.58 -13.319
3 16 6.325 -9.433 -12.812 7.5 -8.726 -11.756 6.626 -10.368 -12.363
3 16 6.78 -8.564 -12.529 7.5 -8.726 -11.756 6.325 -9.433 -12.812
3 16 6.626 -10.368 -12.363 7.5 -8.726 -11.756 7.616 -9.951 -10.873
3 16 7.616 -9.951 -10.873 6.958 -10.856 -11.208 6.626 -10.368 -12.363
3 16 7.616 -9.951 -10.873 7.602 -10.112 -10.69 6.958 -10.856 -11.208
3 16 6.958 -10.856 -11.208 7.602 -10.112 -10.69 7 -10.884 -10.789
3 16 6.626 -10.368 -12.363 6.958 -10.856 -11.208 6.743 -11.093 -11.668
3 16 5.253 -11.944 -11.892 5.128 -11.283 -12.726 5.965 -11.655 -11.939
3 16 6.743 -11.093 -11.668 5.965 -11.655 -11.939 6.626 -10.368 -12.363
4 16 4.922 -10.58 -13.319 6.626 -10.368 -12.363 5.965 -11.655 -11.939 5.128 -11.283 -12.726
3 16 7.487 -4.624 -13.798 8.255 -4.932 -13.347 7.033 -5.21 -14.129
3 16 8.301 -5.966 -13.84 7.033 -5.21 -14.129 8.255 -4.932 -13.347
3 16 7.494 -5.967 -14.295 7.033 -5.21 -14.129 8.301 -5.966 -13.84
3 16 8.255 -4.932 -13.347 8.947 -6.364 -13.46 8.301 -5.966 -13.84
3 16 9.439 -6.026 -12.262 8.947 -6.364 -13.46 8.255 -4.932 -13.347
3 16 8.255 -4.932 -13.347 8.974 -4.991 -12.487 9.439 -6.026 -12.262
3 16 8.947 -6.364 -13.46 9.439 -6.026 -12.262 9.049 -7.092 -13.308
3 16 9.439 -6.026 -12.262 8.852 -8.038 -11.761 9.049 -7.092 -13.308
3 16 9.049 -7.092 -13.308 8.852 -8.038 -11.761 8.842 -7.592 -13.284
3 16 8.842 -7.592 -13.284 8.852 -8.038 -11.761 8.316 -7.991 -13.395
3 16 7.5 -8.726 -11.756 8.316 -7.991 -13.395 8.852 -8.038 -11.761
3 16 7.5 -8.726 -11.756 6.78 -8.564 -12.529 8.316 -7.991 -13.395
3 16 6.78 -8.564 -12.529 7.496 -7.963 -13.583 8.316 -7.991 -13.395
3 16 6.34 -8.366 -12.81 7.496 -7.963 -13.583 6.78 -8.564 -12.529
4 16 6.34 -8.366 -12.81 6.208 -7.483 -13.648 7.052 -7.496 -13.915 7.496 -7.963 -13.583
3 16 9.439 -6.026 -12.262 9.506 -6.928 -11.352 8.852 -8.038 -11.761
4 16 11.777 -4.627 -10.555 12.46 -4.358 -10.26 13.087 -5.44 -8.894 11.645 -6.072 -9.437
4 16 12.954 -3.871 -10.28 13.703 -4.252 -9.4 13.087 -5.44 -8.894 12.46 -4.358 -10.26
3 16 13.087 -5.44 -8.894 13.703 -4.252 -9.4 13.968 -4.746 -7.737
3 16 13.968 -4.746 -7.737 13.703 -4.252 -9.4 14.152 -3.072 -8.613
3 16 11.228 -6.524 -9.452 11.645 -6.072 -9.437 12.905 -6.91 -8.306
3 16 11.645 -6.072 -9.437 13.087 -5.44 -8.894 12.905 -6.91 -8.306
3 16 12.905 -6.91 -8.306 13.087 -5.44 -8.894 13.48 -6.452 -7.832
3 16 11.228 -6.524 -9.452 12.905 -6.91 -8.306 11.283 -7.83 -8.608
3 16 11.283 -7.83 -8.608 12.905 -6.91 -8.306 12.008 -8.342 -7.694
3 16 13.48 -6.452 -7.832 13.364 -7.004 -7.357 12.905 -6.91 -8.306
3 16 13.364 -7.004 -7.357 12.792 -8.016 -7.218 12.905 -6.91 -8.306
3 16 12.905 -6.91 -8.306 12.792 -8.016 -7.218 12.008 -8.342 -7.694
3 16 9.506 -6.928 -11.352 11.228 -6.524 -9.452 10.361 -7.932 -10.639
3 16 10.361 -7.932 -10.639 11.228 -6.524 -9.452 11.283 -7.83 -8.608
3 16 10.361 -7.932 -10.639 11.283 -7.83 -8.608 10.868 -8.536 -8.986
3 16 9.506 -6.928 -11.352 10.361 -7.932 -10.639 8.852 -8.038 -11.761
3 16 8.852 -8.038 -11.761 10.361 -7.932 -10.639 10.139 -8.74 -10.776
3 16 10.139 -8.74 -10.776 10.361 -7.932 -10.639 10.575 -9.157 -9.2
3 16 10.575 -9.157 -9.2 10.361 -7.932 -10.639 10.868 -8.536 -8.986
3 16 8.852 -8.038 -11.761 10.139 -8.74 -10.776 9.316 -9.685 -10.842
3 16 9.316 -9.685 -10.842 7.5 -8.726 -11.756 8.852 -8.038 -11.761
3 16 7.616 -9.951 -10.873 7.5 -8.726 -11.756 9.316 -9.685 -10.842
3 16 8.62 -10.145 -10.411 7.616 -9.951 -10.873 9.316 -9.685 -10.842
3 16 8.62 -10.145 -10.411 7.602 -10.112 -10.69 7.616 -9.951 -10.873
3 16 8.397 -10.321 -10.196 7.602 -10.112 -10.69 8.62 -10.145 -10.411
4 16 9.316 -9.685 -10.842 10.139 -8.74 -10.776 10.575 -9.157 -9.2 9.99 -9.662 -9.532
3 16 10.575 -9.157 -9.2 10.035 -9.638 -9.191 9.99 -9.662 -9.532
3 16 9.608 -9.952 -10.041 8.62 -10.145 -10.411 9.316 -9.685 -10.842
3 16 9.316 -9.685 -10.842 9.99 -9.662 -9.532 9.608 -9.952 -10.041
3 16 10.868 -8.536 -8.986 11.283 -7.83 -8.608 11.685 -9.222 -7.765
3 16 11.685 -9.222 -7.765 11.283 -7.83 -8.608 12.008 -8.342 -7.694
3 16 10.868 -8.536 -8.986 11.685 -9.222 -7.765 10.575 -9.157 -9.2
3 16 10.575 -9.157 -9.2 11.685 -9.222 -7.765 11.348 -10.011 -7.832
3 16 6.325 -11.187 -10.897 5.325 -11.544 -10.749 4.882 -12.021 -11.645
3 16 4.882 -12.021 -11.645 5.325 -11.544 -10.749 4.741 -12.122 -11.403
3 16 4.882 -12.021 -11.645 5.253 -11.944 -11.892 6.325 -11.187 -10.897
3 16 6.325 -11.187 -10.897 5.253 -11.944 -11.892 5.965 -11.655 -11.939
3 16 6.743 -11.093 -11.668 6.325 -11.187 -10.897 5.965 -11.655 -11.939
3 16 6.958 -10.856 -11.208 6.325 -11.187 -10.897 6.743 -11.093 -11.668
3 16 6.958 -10.856 -11.208 7 -10.884 -10.789 6.325 -11.187 -10.897
3 16 7.494 -5.967 -14.295 8.18 -7.126 -13.857 7.052 -7.496 -13.915
4 16 8.316 -7.991 -13.395 7.496 -7.963 -13.583 7.052 -7.496 -13.915 8.18 -7.126 -13.857
4 16 7.494 -5.967 -14.295 8.301 -5.966 -13.84 8.947 -6.364 -13.46 8.18 -7.126 -13.857
3 16 8.18 -7.126 -13.857 8.947 -6.364 -13.46 9.049 -7.092 -13.308
3 16 9.049 -7.092 -13.308 8.842 -7.592 -13.284 8.18 -7.126 -13.857
3 16 8.18 -7.126 -13.857 8.842 -7.592 -13.284 8.316 -7.991 -13.395
3 16 9.092 -9.857 -9.11 9.99 -9.662 -9.532 10.035 -9.638 -9.191
3 16 9.608 -9.952 -10.041 9.99 -9.662 -9.532 9.092 -9.857 -9.11
3 16 9.092 -9.857 -9.11 8.397 -10.321 -10.196 9.608 -9.952 -10.041
3 16 9.608 -9.952 -10.041 8.397 -10.321 -10.196 8.62 -10.145 -10.411
3 16 -13.236 -5.136 -8.526 -14.094 -4.526 -8.382 -13.137 -4.707 -8.901
3 16 -13.137 -4.707 -8.901 -14.094 -4.526 -8.382 -14.054 -3.25 -8.651
3 16 -14.054 -3.25 -8.651 -14.094 -4.526 -8.382 -14.728 -3.406 -8.324
3 16 -14.054 -3.25 -8.651 -14.728 -3.406 -8.324 -14.064 -2.215 -7.964
3 16 -14.064 -2.215 -7.964 -14.728 -3.406 -8.324 -14.59 -2.218 -7.553
3 16 -14.064 -2.215 -7.964 -14.59 -2.218 -7.553 -14.473 -1.935 -7.534
3 16 9.548 -4.705 14.392 10.283 -3.467 14.994 9.875 -3.86 15.665
3 16 8.503 -5.166 15.95 9.548 -4.705 14.392 9.875 -3.86 15.665
3 16 8.379 -5.459 14.713 9.548 -4.705 14.392 8.503 -5.166 15.95
3 16 10.283 -3.467 14.994 10.398 -1.919 15.974 9.875 -3.86 15.665
3 16 9.875 -3.86 15.665 10.398 -1.919 15.974 9.83 -2.502 16.761
3 16 8.503 -5.166 15.95 9.875 -3.86 15.665 8.835 -3.656 17.624
3 16 8.835 -3.656 17.624 9.875 -3.86 15.665 9.83 -2.502 16.761
3 16 8.379 -5.459 14.713 8.503 -5.166 15.95 6.282 -5.825 15.789
3 16 8.379 -5.459 14.713 6.282 -5.825 15.789 6.537 -6.325 14.648
3 16 6.537 -6.325 14.648 6.282 -5.825 15.789 5.917 -6.076 15.57
3 16 6.282 -5.825 15.789 8.503 -5.166 15.95 7.368 -4.299 17.862
3 16 7.368 -4.299 17.862 8.503 -5.166 15.95 8.835 -3.656 17.624
3 16 9.83 -2.502 16.761 10.398 -1.919 15.974 10.008 -1.684 16.544
3 16 9.83 -2.502 16.761 10.008 -1.684 16.544 9.599 -1.386 17.053
3 16 9.123 -1.23 17.38 9.83 -2.502 16.761 9.599 -1.386 17.053
3 16 8.835 -3.656 17.624 9.83 -2.502 16.761 8.194 -1.2 17.795
3 16 8.194 -1.2 17.795 9.83 -2.502 16.761 9.123 -1.23 17.38
3 16 7.368 -4.299 17.862 8.835 -3.656 17.624 7.136 -1.505 18.187
3 16 7.136 -1.505 18.187 8.835 -3.656 17.624 8.194 -1.2 17.795
3 16 -13.236 -5.136 -8.526 -13.365 -5.974 -7.174 -14.094 -4.526 -8.382
3 16 -14.094 -4.526 -8.382 -13.365 -5.974 -7.174 -13.867 -5.737 -6.619
3 16 -13.867 -5.737 -6.619 -15.009 -4.664 -6.957 -14.094 -4.526 -8.382
3 16 -14.094 -4.526 -8.382 -15.009 -4.664 -6.957 -14.728 -3.406 -8.324
3 16 -14.728 -3.406 -8.324 -15.009 -4.664 -6.957 -15.341 -3.018 -6.659
3 16 -15.341 -3.018 -6.659 -15.009 -4.664 -6.957 -15.526 -3.425 -6.172
3 16 -14.728 -3.406 -8.324 -15.341 -3.018 -6.659 -14.59 -2.218 -7.553
3 16 -14.59 -2.218 -7.553 -15.341 -3.018 -6.659 -14.827 -1.923 -6.999
3 16 -14.827 -1.923 -6.999 -14.473 -1.935 -7.534 -14.59 -2.218 -7.553
3 16 -14.827 -1.923 -6.999 -15.341 -3.018 -6.659 -15.401 -2.443 -6.289
3 16 -15.341 -3.018 -6.659 -15.526 -3.425 -6.172 -15.401 -2.443 -6.289
3 16 -15.401 -2.443 -6.289 -15.526 -3.425 -6.172 -15.67 -3.033 -5.652
3 16 -9.105 -9.529 1.041 -7.865 -9.873 1.326 -9.912 -10.29 2.337
3 16 -9.912 -10.29 2.337 -7.865 -9.873 1.326 -9.235 -10.621 2.76
3 16 -9.235 -10.621 2.76 -7.865 -9.873 1.326 -7.478 -9.961 2.472
3 16 -9.235 -10.621 2.76 -7.478 -9.961 2.472 -9.231 -10.748 3.203
3 16 -9.235 -10.621 2.76 -9.231 -10.748 3.203 -9.912 -10.29 2.337
3 16 -9.231 -10.748 3.203 -7.478 -9.961 2.472 -7.202 -9.719 3.619
3 16 -7.799 -10.069 4.241 -9.231 -10.748 3.203 -7.202 -9.719 3.619
3 16 -9.297 -10.824 3.665 -9.231 -10.748 3.203 -7.799 -10.069 4.241
3 16 -9.912 -10.29 2.337 -9.231 -10.748 3.203 -10.515 -10.342 3.117
3 16 -9.912 -10.29 2.337 -10.865 -8.757 1.476 -9.105 -9.529 1.041
3 16 -9.105 -9.529 1.041 -10.865 -8.757 1.476 -10.186 -8.475 .811
4 16 -10.515 -10.342 3.117 -9.231 -10.748 3.203 -9.297 -10.824 3.665 -9.76 -10.777 4.104
3 16 -9.76 -10.777 4.104 -9.297 -10.824 3.665 -8.136 -9.926 4.857
3 16 -8.136 -9.926 4.857 -9.297 -10.824 3.665 -7.799 -10.069 4.241
4 16 -10.515 -10.342 3.117 -11.377 -8.778 2.105 -10.865 -8.757 1.476 -9.912 -10.29 2.337
3 16 -10.515 -10.342 3.117 -9.76 -10.777 4.104 -10.893 -10.098 3.791
3 16 -10.893 -10.098 3.791 -9.76 -10.777 4.104 -10.335 -9.432 5.071
3 16 -9.76 -10.777 4.104 -8.136 -9.926 4.857 -10.335 -9.432 5.071
3 16 -8.136 -9.926 4.857 -8.411 -9.067 5.627 -10.335 -9.432 5.071
3 16 -10.335 -9.432 5.071 -8.411 -9.067 5.627 -10.039 -8.802 5.832
3 16 -11.377 -8.778 2.105 -10.515 -10.342 3.117 -11.708 -8.408 2.581
3 16 -10.893 -10.098 3.791 -11.409 -9.09 3.977 -10.515 -10.342 3.117
3 16 -10.515 -10.342 3.117 -11.409 -9.09 3.977 -11.708 -8.408 2.581
3 16 -10.893 -10.098 3.791 -10.335 -9.432 5.071 -11.409 -9.09 3.977
3 16 -11.409 -9.09 3.977 -10.335 -9.432 5.071 -11.471 -7.971 4.482
3 16 -11.708 -8.408 2.581 -11.409 -9.09 3.977 -11.838 -7.875 2.923
3 16 -11.838 -7.875 2.923 -11.409 -9.09 3.977 -11.471 -7.971 4.482
3 16 -11.838 -7.875 2.923 -11.471 -7.971 4.482 -12.024 -7.033 3.531
3 16 -12.024 -7.033 3.531 -11.471 -7.971 4.482 -11.756 -7.316 4.685
3 16 -10.039 -8.802 5.832 -10.723 -8.049 5.683 -10.335 -9.432 5.071
3 16 -10.335 -9.432 5.071 -10.723 -8.049 5.683 -11.471 -7.971 4.482
3 16 -10.723 -8.049 5.683 -11.123 -7.48 5.641 -11.471 -7.971 4.482
3 16 -11.471 -7.971 4.482 -11.123 -7.48 5.641 -11.756 -7.316 4.685
3 16 14.139 10.573 6.14 13.366 8.629 8.469 14.689 8.615 5.632
3 16 14.689 8.615 5.632 13.366 8.629 8.469 13.549 7.686 8.336
3 16 13.366 8.629 8.469 14.139 10.573 6.14 13.645 10.117 8.7
3 16 14.139 10.573 6.14 13.287 12.689 7.003 13.645 10.117 8.7
3 16 13.645 10.117 8.7 13.287 12.689 7.003 12.954 12.294 8.516
3 16 13.287 12.689 7.003 12.387 14.355 7.969 12.954 12.294 8.516
3 16 12.954 12.294 8.516 12.387 14.355 7.969 12.151 13.4 9.445
3 16 12.387 14.355 7.969 11.892 14.303 10.655 12.151 13.4 9.445
3 16 11.548 16.513 9.577 11.892 14.303 10.655 12.387 14.355 7.969
3 16 11.892 14.303 10.655 11.548 16.513 9.577 11.323 15.757 11.189
3 16 10.123 17.344 11.096 11.323 15.757 11.189 11.548 16.513 9.577
3 16 10.23 16.909 11.641 11.323 15.757 11.189 10.123 17.344 11.096
3 16 10.123 17.344 11.096 8.78 18 12.22 10.23 16.909 11.641
3 16 10.23 16.909 11.641 8.78 18 12.22 8.825 17.594 12.593
3 16 8.825 17.594 12.593 8.78 18 12.22 7.901 16.941 13.626
3 16 7.901 16.941 13.626 8.78 18 12.22 6.99 18.449 13.381
3 16 7.901 16.941 13.626 6.99 18.449 13.381 5.207 17.796 14.461
3 16 6.195 16.856 14.41 7.669 16.415 14.036 7.901 16.941 13.626
3 16 6.519 15.925 14.466 7.669 16.415 14.036 6.195 16.856 14.41
3 16 5.207 17.796 14.461 6.195 16.856 14.41 7.901 16.941 13.626
3 16 5.207 17.796 14.461 5.353 17.25 14.518 6.195 16.856 14.41
3 16 6.99 18.449 13.381 5.421 18.591 14.058 5.207 17.796 14.461
3 16 3.869 18.756 14.518 5.207 17.796 14.461 5.421 18.591 14.058
3 16 3.825 18.102 14.977 5.207 17.796 14.461 3.869 18.756 14.518
3 16 3.869 18.756 14.518 2.584 18.788 14.793 3.825 18.102 14.977
3 16 3.825 18.102 14.977 2.584 18.788 14.793 2.657 18.206 15.203
3 16 2.657 18.206 15.203 2.584 18.788 14.793 1.664 17.844 15.272
3 16 1.664 17.844 15.272 2.584 18.788 14.793 .89 18.79 15.127
3 16 .725 18.069 15.414 1.664 17.844 15.272 .89 18.79 15.127
3 16 1.086 17.393 15.381 1.664 17.844 15.272 .725 18.069 15.414
3 16 -12.219 -8.619 -2.483 -12.809 -8.425 -2.358 -12.505 -8.433 -2.993
3 16 -12.505 -8.433 -2.993 -12.809 -8.425 -2.358 -13.105 -8.032 -3.084
3 16 -12.219 -8.619 -2.483 -12.365 -8.629 -1.969 -12.809 -8.425 -2.358
3 16 -12.809 -8.425 -2.358 -12.365 -8.629 -1.969 -12.622 -8.523 -1.653
3 16 -13.105 -8.032 -3.084 -12.809 -8.425 -2.358 -13.612 -7.693 -2.669
3 16 -12.809 -8.425 -2.358 -12.622 -8.523 -1.653 -13.224 -8.152 -1.577
3 16 -13.612 -7.693 -2.669 -12.809 -8.425 -2.358 -13.681 -7.772 -1.827
3 16 -13.681 -7.772 -1.827 -12.809 -8.425 -2.358 -13.224 -8.152 -1.577
3 16 -2.783 -10.365 9.224 -1.851 -10.265 9.054 -1.964 -10.084 9.549
3 16 -1.964 -10.084 9.549 -2.27 -9.834 9.943 -2.783 -10.365 9.224
3 16 -2.783 -10.365 9.224 -2.27 -9.834 9.943 -2.717 -9.234 10.706
3 16 -2.783 -10.365 9.224 -2.717 -9.234 10.706 -3.778 -10.269 9.926
3 16 -3.778 -10.269 9.926 -2.717 -9.234 10.706 -3.888 -9.395 10.998
3 16 -3.778 -10.269 9.926 -3.888 -9.395 10.998 -4.81 -10.071 10.472
3 16 -4.81 -10.071 10.472 -3.888 -9.395 10.998 -4.478 -9.248 11.234
4 16 -4.478 -9.248 11.234 -4.883 -8.838 11.295 -5.869 -9.239 10.471 -4.81 -10.071 10.472
3 16 -5.398 -8.155 11.418 -5.869 -9.239 10.471 -4.883 -8.838 11.295
3 16 -7.06 -7.857 10.566 -5.869 -9.239 10.471 -5.398 -8.155 11.418
3 16 14.03 3.833 10.291 13.78 5.194 11.61 13.093 2.966 12.147
4 16 13.093 2.966 12.147 13.78 5.194 11.61 13.126 6.529 12.371 12.72 3.72 12.589
3 16 13.126 6.529 12.371 13.78 5.194 11.61 13.689 6.362 11.555
3 16 13.689 6.362 11.555 13.365 7.119 11.65 13.126 6.529 12.371
3 16 -11.622 -.636 -9.851 -12.523 -.883 -9.733 -11.678 .344 -9.603
3 16 -12.523 -.883 -9.733 -13.09 .489 -9.452 -11.678 .344 -9.603
3 16 -13.937 -.365 -9.027 -13.09 .489 -9.452 -12.523 -.883 -9.733
3 16 -13.937 -.365 -9.027 -12.523 -.883 -9.733 -13.629 -1.213 -9.091
3 16 -13.629 -1.213 -9.091 -13.815 -1.515 -8.581 -13.937 -.365 -9.027
3 16 -13.937 -.365 -9.027 -13.815 -1.515 -8.581 -14.579 -.481 -7.869
3 16 -13.09 .489 -9.452 -13.937 -.365 -9.027 -13.521 .882 -8.928
3 16 -13.937 -.365 -9.027 -14.579 -.481 -7.869 -13.521 .882 -8.928
3 16 -13.815 -1.515 -8.581 -14.064 -2.215 -7.964 -14.579 -.481 -7.869
3 16 -14.579 -.481 -7.869 -14.064 -2.215 -7.964 -14.473 -1.935 -7.534
4 16 -14.985 .765 -6.606 -13.956 1.548 -7.879 -13.521 .882 -8.928 -14.579 -.481 -7.869
3 16 -14.579 -.481 -7.869 -14.473 -1.935 -7.534 -14.96 -1.144 -6.793
3 16 -14.96 -1.144 -6.793 -14.473 -1.935 -7.534 -14.827 -1.923 -6.999
3 16 -14.579 -.481 -7.869 -14.96 -1.144 -6.793 -15.052 -.13 -6.642
3 16 -14.579 -.481 -7.869 -15.052 -.13 -6.642 -14.985 .765 -6.606
3 16 -13.867 -5.737 -6.619 -14.23 -5.246 -5.952 -15.009 -4.664 -6.957
3 16 -15.009 -4.664 -6.957 -14.23 -5.246 -5.952 -14.952 -4.502 -5.899
3 16 -15.009 -4.664 -6.957 -14.952 -4.502 -5.899 -15.505 -3.718 -5.581
3 16 -15.505 -3.718 -5.581 -15.526 -3.425 -6.172 -15.009 -4.664 -6.957
3 16 -15.505 -3.718 -5.581 -15.639 -3.368 -5.54 -15.526 -3.425 -6.172
3 16 -15.526 -3.425 -6.172 -15.639 -3.368 -5.54 -15.67 -3.033 -5.652
3 16 -13.629 -1.213 -9.091 -13.704 -2.89 -9.659 -13.815 -1.515 -8.581
3 16 -13.704 -2.89 -9.659 -14.054 -3.25 -8.651 -13.815 -1.515 -8.581
3 16 -13.815 -1.515 -8.581 -14.054 -3.25 -8.651 -14.064 -2.215 -7.964
3 16 -10.865 -8.757 1.476 -10.643 -8.176 -.513 -10.186 -8.475 .811
3 16 -10.643 -8.176 -.513 -10.865 -8.757 1.476 -12.013 -8.161 -.575
3 16 -12.013 -8.161 -.575 -10.865 -8.757 1.476 -11.696 -8.662 1.989
3 16 -10.865 -8.757 1.476 -11.377 -8.778 2.105 -11.696 -8.662 1.989
3 16 -12.013 -8.161 -.575 -11.696 -8.662 1.989 -12.761 -8.233 .192
3 16 -12.761 -8.233 .192 -11.696 -8.662 1.989 -12.588 -8.288 2.325
3 16 -12.761 -8.233 .192 -12.588 -8.288 2.325 -13.678 -7.607 .611
3 16 -13.678 -7.607 .611 -12.588 -8.288 2.325 -13.573 -7.432 2.735
4 16 -14.047 -6.661 2.901 -14.366 -6.531 .756 -13.678 -7.607 .611 -13.573 -7.432 2.735
3 16 -14.047 -6.661 2.901 -14.119 -5.975 3.307 -14.669 -5.062 2.686
3 16 -14.669 -5.062 2.686 -14.366 -6.531 .756 -14.047 -6.661 2.901
3 16 -14.822 -4.839 2.106 -14.366 -6.531 .756 -14.669 -5.062 2.686
3 16 -14.596 -5.682 .543 -14.366 -6.531 .756 -14.822 -4.839 2.106
3 16 -14.669 -5.062 2.686 -14.119 -5.975 3.307 -14.352 -5.284 3.545
3 16 -14.119 -5.975 3.307 -14.083 -5.928 3.595 -14.352 -5.284 3.545
4 16 -14.701 -5.507 .238 -14.596 -5.682 .543 -14.822 -4.839 2.106 -15.061 -4.447 1.344
3 16 13.366 8.629 8.469 13.32 8.078 8.706 13.549 7.686 8.336
3 16 13.366 8.629 8.469 12.753 8.625 10.04 13.32 8.078 8.706
3 16 12.63 9.67 10.283 12.753 8.625 10.04 13.366 8.629 8.469
3 16 12.753 8.625 10.04 12.63 9.67 10.283 12.364 8.701 10.782
3 16 12.364 8.701 10.782 12.63 9.67 10.283 12.325 9.931 10.981
3 16 12.63 9.67 10.283 12.421 11.141 10.149 12.325 9.931 10.981
3 16 12.63 9.67 10.283 13.042 10.019 9.067 12.421 11.141 10.149
3 16 13.042 10.019 9.067 12.63 9.67 10.283 13.366 8.629 8.469
3 16 12.421 11.141 10.149 13.042 10.019 9.067 12.51 11.452 9.096
3 16 11.012 .445 16.161 10.777 -1.397 15.964 11.063 -1.15 15.657
3 16 11.012 .445 16.161 10.248 .896 17.009 10.151 -.753 17.325
3 16 10.195 -1.409 16.526 10.777 -1.397 15.964 11.012 .445 16.161
3 16 10.577 -1.608 16.024 10.777 -1.397 15.964 10.195 -1.409 16.526
3 16 10.008 -1.684 16.544 10.577 -1.608 16.024 10.195 -1.409 16.526
3 16 10.398 -1.919 15.974 10.577 -1.608 16.024 10.008 -1.684 16.544
3 16 10.248 .896 17.009 11.012 .445 16.161 10.838 1.252 16.052
3 16 10.838 1.252 16.052 10.216 2.223 16.034 10.248 .896 17.009
3 16 10.216 2.223 16.034 9.05 2.997 16.43 10.248 .896 17.009
3 16 9.238 3.079 16.242 9.05 2.997 16.43 10.216 2.223 16.034
3 16 10.151 -.753 17.325 10.195 -1.409 16.526 11.012 .445 16.161
3 16 10.151 -.753 17.325 10.248 .896 17.009 9.469 -.374 18.416
3 16 9.469 -.374 18.416 10.248 .896 17.009 9.337 1.159 18.069
3 16 9.337 1.159 18.069 8.025 1.129 18.635 8.326 -.342 19.019
3 16 8.326 -.342 19.019 9.469 -.374 18.416 9.337 1.159 18.069
4 16 8.294 2.933 16.797 7.405 2.607 17.458 8.025 1.129 18.635 9.337 1.159 18.069
3 16 9.337 1.159 18.069 8.709 3.002 16.627 8.294 2.933 16.797
3 16 10.248 .896 17.009 8.709 3.002 16.627 9.337 1.159 18.069
3 16 10.248 .896 17.009 9.05 2.997 16.43 8.709 3.002 16.627
3 16 8.326 -.342 19.019 8.025 1.129 18.635 7.439 -.705 18.943
3 16 7.439 -.705 18.943 8.025 1.129 18.635 5.505 1.162 18.538
3 16 5.505 1.162 18.538 4.979 .141 18.53 7.439 -.705 18.943
3 16 5.082 -.622 18.301 7.439 -.705 18.943 4.979 .141 18.53
3 16 5.082 -.622 18.301 7.136 -1.505 18.187 7.439 -.705 18.943
3 16 5.369 -1.504 18.047 7.136 -1.505 18.187 5.082 -.622 18.301
3 16 8.025 1.129 18.635 7.405 2.607 17.458 7.035 2.429 17.795
3 16 5.505 1.162 18.538 8.025 1.129 18.635 7.035 2.429 17.795
3 16 -14.23 -5.246 -5.952 -14.266 -5.738 -5.059 -15.301 -4.998 -5.302
3 16 -15.301 -4.998 -5.302 -14.266 -5.738 -5.059 -15.339 -5.194 -4.982
3 16 -14.23 -5.246 -5.952 -15.301 -4.998 -5.302 -14.952 -4.502 -5.899
3 16 -14.952 -4.502 -5.899 -15.301 -4.998 -5.302 -15.415 -4.762 -5.296
3 16 -15.339 -5.194 -4.982 -14.266 -5.738 -5.059 -15.496 -5.291 -4.439
3 16 -15.496 -5.291 -4.439 -14.266 -5.738 -5.059 -14.279 -5.752 -3.559
3 16 -14.279 -5.752 -3.559 -14.266 -5.738 -5.059 -13.884 -6.072 -4.177
3 16 -14.952 -4.502 -5.899 -15.415 -4.762 -5.296 -15.725 -4.165 -5.141
3 16 -15.496 -5.291 -4.439 -14.279 -5.752 -3.559 -15.669 -5.203 -4.011
3 16 -15.669 -5.203 -4.011 -14.279 -5.752 -3.559 -14.647 -5.472 -3.077
3 16 -15.393 -4.908 -2.874 -15.669 -5.203 -4.011 -14.647 -5.472 -3.077
3 16 -16.002 -4.51 -3.541 -15.669 -5.203 -4.011 -15.393 -4.908 -2.874
3 16 -16.002 -4.51 -3.541 -15.393 -4.908 -2.874 -15.801 -4.494 -2.812
3 16 -16.002 -4.51 -3.541 -15.801 -4.494 -2.812 -16.186 -3.657 -3.128
3 16 -16.186 -3.657 -3.128 -15.801 -4.494 -2.812 -16.231 -3.552 -2.889
3 16 -15.725 -4.165 -5.141 -15.505 -3.718 -5.581 -14.952 -4.502 -5.899
3 16 13.366 8.629 8.469 13.645 10.117 8.7 13.042 10.019 9.067
3 16 13.042 10.019 9.067 13.645 10.117 8.7 12.51 11.452 9.096
3 16 12.51 11.452 9.096 13.645 10.117 8.7 12.954 12.294 8.516
3 16 12.151 13.4 9.445 12.51 11.452 9.096 12.954 12.294 8.516
3 16 11.618 12.323 10.176 12.51 11.452 9.096 12.151 13.4 9.445
3 16 11.618 12.323 10.176 12.151 13.4 9.445 11.892 14.303 10.655
3 16 11.618 12.323 10.176 11.892 14.303 10.655 10.808 12.661 11.437
3 16 10.808 12.661 11.437 11.892 14.303 10.655 10.52 13.953 12.201
3 16 11.323 15.757 11.189 10.52 13.953 12.201 11.892 14.303 10.655
3 16 9.965 14.958 12.365 10.52 13.953 12.201 11.323 15.757 11.189
3 16 11.323 15.757 11.189 10.23 16.909 11.641 9.965 14.958 12.365
3 16 9.965 14.958 12.365 10.23 16.909 11.641 9.22 15.809 12.42
3 16 10.23 16.909 11.641 8.825 17.594 12.593 9.22 15.809 12.42
3 16 9.22 15.809 12.42 8.825 17.594 12.593 8.573 16.542 13.02
3 16 8.573 16.542 13.02 8.418 15.346 13.508 9.22 15.809 12.42
3 16 7.901 16.941 13.626 8.573 16.542 13.02 8.825 17.594 12.593
3 16 8.418 15.346 13.508 8.573 16.542 13.02 7.669 16.415 14.036
3 16 7.669 16.415 14.036 8.573 16.542 13.02 7.901 16.941 13.626
3 16 -11.678 .344 -9.603 -13.09 .489 -9.452 -11.753 1.23 -8.841
3 16 -11.753 1.23 -8.841 -13.09 .489 -9.452 -13.521 .882 -8.928
3 16 -11.753 1.23 -8.841 -13.521 .882 -8.928 -12.182 1.672 -8.498
3 16 -10.342 2.57 -7.922 -11.753 1.23 -8.841 -12.182 1.672 -8.498
3 16 -12.182 1.672 -8.498 -13.521 .882 -8.928 -13.956 1.548 -7.879
3 16 -2.224 -9.523 11.726 -1.83 -9.153 12.929 -3.224 -9.622 12.196
3 16 -3.224 -9.622 12.196 -1.83 -9.153 12.929 -2.827 -9.426 13.345
3 16 -2.827 -9.426 13.345 -1.83 -9.153 12.929 -2.254 -8.918 14.099
3 16 -2.254 -8.918 14.099 -1.83 -9.153 12.929 -1.274 -8.412 14.047
3 16 -3.196 -9.481 11.633 -2.224 -9.523 11.726 -3.224 -9.622 12.196
3 16 -2.717 -9.234 10.706 -2.224 -9.523 11.726 -3.196 -9.481 11.633
3 16 5.019 -5.148 16.24 5.917 -6.076 15.57 6.282 -5.825 15.789
3 16 5.019 -5.148 16.24 6.282 -5.825 15.789 5.531 -4.348 17.281
3 16 5.531 -4.348 17.281 6.282 -5.825 15.789 7.368 -4.299 17.862
3 16 5.709 -3.327 17.852 5.531 -4.348 17.281 7.368 -4.299 17.862
4 16 7.368 -4.299 17.862 7.136 -1.505 18.187 5.369 -1.504 18.047 5.709 -3.327 17.852
3 16 -12.013 -8.161 -.575 -12.761 -8.233 .192 -13.343 -7.022 -.407
3 16 -13.343 -7.022 -.407 -12.761 -8.233 .192 -13.678 -7.607 .611
4 16 -13.994 -6.035 -.263 -13.343 -7.022 -.407 -13.678 -7.607 .611 -14.366 -6.531 .756
3 16 -14.596 -5.682 .543 -13.994 -6.035 -.263 -14.366 -6.531 .756
3 16 -14.701 -5.507 .238 -13.994 -6.035 -.263 -14.596 -5.682 .543
3 16 -11.696 -8.662 1.989 -11.377 -8.778 2.105 -11.708 -8.408 2.581
3 16 -12.588 -8.288 2.325 -11.696 -8.662 1.989 -11.708 -8.408 2.581
3 16 -11.708 -8.408 2.581 -11.838 -7.875 2.923 -12.588 -8.288 2.325
3 16 -12.588 -8.288 2.325 -11.838 -7.875 2.923 -13.573 -7.432 2.735
3 16 -11.838 -7.875 2.923 -12.024 -7.033 3.531 -13.573 -7.432 2.735
3 16 -13.573 -7.432 2.735 -12.024 -7.033 3.531 -13.182 -6.71 3.57
3 16 -13.573 -7.432 2.735 -13.182 -6.71 3.57 -14.047 -6.661 2.901
3 16 -14.047 -6.661 2.901 -13.182 -6.71 3.57 -14.119 -5.975 3.307
3 16 -13.182 -6.71 3.57 -14.083 -5.928 3.595 -14.119 -5.975 3.307
3 16 -12.182 1.672 -8.498 -12.726 2.959 -8.331 -10.342 2.57 -7.922
3 16 -10.342 2.57 -7.922 -12.726 2.959 -8.331 -10.401 3.726 -7.785
3 16 -12.923 4.476 -8.337 -10.401 3.726 -7.785 -12.726 2.959 -8.331
3 16 -10.396 5.188 -7.85 -10.401 3.726 -7.785 -12.923 4.476 -8.337
4 16 -10.409 6.416 -7.842 -10.396 5.188 -7.85 -12.923 4.476 -8.337 -12.897 5.982 -8.303
3 16 -15.301 -4.998 -5.302 -15.339 -5.194 -4.982 -15.415 -4.762 -5.296
3 16 -15.415 -4.762 -5.296 -15.339 -5.194 -4.982 -15.842 -4.309 -4.562
3 16 -15.725 -4.165 -5.141 -15.415 -4.762 -5.296 -15.842 -4.309 -4.562
3 16 -15.842 -4.309 -4.562 -15.339 -5.194 -4.982 -15.496 -5.291 -4.439
3 16 -15.496 -5.291 -4.439 -15.669 -5.203 -4.011 -15.842 -4.309 -4.562
3 16 -15.842 -4.309 -4.562 -15.669 -5.203 -4.011 -16.002 -4.51 -3.541
3 16 -16.096 -3.307 -4.646 -15.865 -3.397 -5.173 -15.725 -4.165 -5.141
3 16 -15.725 -4.165 -5.141 -15.842 -4.309 -4.562 -16.096 -3.307 -4.646
5 24 -15.725 -4.165 -5.141 -16.096 -3.307 -4.646 -15.842 -4.309 -4.562 -15.865 -3.397 -5.173
3 16 -15.639 -3.368 -5.54 -15.725 -4.165 -5.141 -15.865 -3.397 -5.173
3 16 -15.505 -3.718 -5.581 -15.725 -4.165 -5.141 -15.639 -3.368 -5.54
3 16 -15.639 -3.368 -5.54 -15.865 -3.397 -5.173 -15.67 -3.033 -5.652
3 16 -15.67 -3.033 -5.652 -15.865 -3.397 -5.173 -15.908 -2.812 -5.294
3 16 -15.908 -2.812 -5.294 -15.865 -3.397 -5.173 -16.096 -3.307 -4.646
3 16 -15.842 -4.309 -4.562 -16.002 -4.51 -3.541 -16.186 -3.657 -3.128
3 16 -16.186 -3.657 -3.128 -16.096 -3.307 -4.646 -15.842 -4.309 -4.562
3 16 -15.908 -2.812 -5.294 -16.096 -3.307 -4.646 -16.282 -2.338 -4.689
3 16 -16.363 -3.057 -3.393 -16.096 -3.307 -4.646 -16.186 -3.657 -3.128
3 16 -16.096 -3.307 -4.646 -16.363 -3.057 -3.393 -16.461 -2.077 -3.863
3 16 -16.461 -2.077 -3.863 -16.282 -2.338 -4.689 -16.096 -3.307 -4.646
3 16 -16.363 -3.057 -3.393 -16.186 -3.657 -3.128 -16.231 -3.552 -2.889
3 16 9.599 -1.386 17.053 10.008 -1.684 16.544 10.195 -1.409 16.526
3 16 9.599 -1.386 17.053 10.195 -1.409 16.526 10.151 -.753 17.325
3 16 9.599 -1.386 17.053 10.151 -.753 17.325 9.123 -1.23 17.38
3 16 9.123 -1.23 17.38 10.151 -.753 17.325 9.469 -.374 18.416
3 16 9.123 -1.23 17.38 9.469 -.374 18.416 8.194 -1.2 17.795
3 16 8.194 -1.2 17.795 9.469 -.374 18.416 8.326 -.342 19.019
3 16 7.439 -.705 18.943 8.194 -1.2 17.795 8.326 -.342 19.019
3 16 7.136 -1.505 18.187 8.194 -1.2 17.795 7.439 -.705 18.943
3 16 11.012 .445 16.161 11.619 .744 15.839 10.838 1.252 16.052
3 16 11.619 .744 15.839 11.73 1.523 15.819 10.838 1.252 16.052
4 16 10.216 2.223 16.034 10.838 1.252 16.052 11.73 1.523 15.819 11.031 2.632 15.806
3 16 11.031 2.632 15.806 9.238 3.079 16.242 10.216 2.223 16.034
3 16 -10.039 -8.802 5.832 -8.411 -9.067 5.627 -10.075 -8.996 7.132
3 16 -10.075 -8.996 7.132 -8.411 -9.067 5.627 -7.712 -8.893 6.78
3 16 -10.075 -8.996 7.132 -7.712 -8.893 6.78 -8.618 -9.074 7.81
3 16 -7.712 -8.893 6.78 -6.986 -8.335 7.456 -8.618 -9.074 7.81
3 16 -6.986 -8.335 7.456 -7.467 -8.066 8.78 -8.618 -9.074 7.81
3 16 -8.618 -9.074 7.81 -7.467 -8.066 8.78 -8.531 -8.294 9.068
3 16 -8.618 -9.074 7.81 -8.531 -8.294 9.068 -10.056 -8.584 8.593
3 16 -10.075 -8.996 7.132 -8.618 -9.074 7.81 -10.056 -8.584 8.593
3 16 -10.056 -8.584 8.593 -8.531 -8.294 9.068 -9.164 -8.327 9.228
3 16 -10.075 -8.996 7.132 -11.021 -8.072 6.766 -10.039 -8.802 5.832
3 16 -10.039 -8.802 5.832 -11.021 -8.072 6.766 -10.723 -8.049 5.683
3 16 -10.723 -8.049 5.683 -11.021 -8.072 6.766 -11.123 -7.48 5.641
3 16 -11.123 -7.48 5.641 -11.021 -8.072 6.766 -11.601 -7.382 6.467
3 16 -11.021 -8.072 6.766 -10.075 -8.996 7.132 -11.301 -7.624 7.834
3 16 -11.301 -7.624 7.834 -10.075 -8.996 7.132 -10.056 -8.584 8.593
3 16 -11.021 -8.072 6.766 -11.301 -7.624 7.834 -11.601 -7.382 6.467
3 16 -11.601 -7.382 6.467 -11.301 -7.624 7.834 -11.822 -6.95 7.309
3 16 .964 -8.071 14.031 1.212 -7.637 15.196 .889 -7.627 15.281
3 16 .964 -8.071 14.031 .889 -7.627 15.281 -.246 -8.318 14.069
3 16 -.246 -8.318 14.069 .889 -7.627 15.281 -.345 -8.103 15.296
3 16 .889 -7.627 15.281 1.212 -7.637 15.196 1.244 -7.183 15.988
3 16 -.996 -8.216 15.029 -.246 -8.318 14.069 -.345 -8.103 15.296
3 16 -1.274 -8.412 14.047 -.246 -8.318 14.069 -.996 -8.216 15.029
3 16 .889 -7.627 15.281 .142 -7.705 16.101 -.345 -8.103 15.296
3 16 .889 -7.627 15.281 1.244 -7.183 15.988 .142 -7.705 16.101
3 16 .142 -7.705 16.101 1.244 -7.183 15.988 .31 -7.195 16.817
3 16 -.996 -8.216 15.029 -.345 -8.103 15.296 -1.866 -7.782 16.534
3 16 -1.866 -7.782 16.534 -.345 -8.103 15.296 -1.294 -7.565 17.043
3 16 .142 -7.705 16.101 -1.294 -7.565 17.043 -.345 -8.103 15.296
3 16 .142 -7.705 16.101 .31 -7.195 16.817 -1.294 -7.565 17.043
3 16 -1.294 -7.565 17.043 .31 -7.195 16.817 -1.101 -6.879 17.793
3 16 -1.294 -7.565 17.043 -2.362 -6.699 17.83 -1.866 -7.782 16.534
3 16 -2.362 -6.699 17.83 -1.294 -7.565 17.043 -1.101 -6.879 17.793
3 16 -1.866 -7.782 16.534 -2.362 -6.699 17.83 -3.512 -6.706 16.938
3 16 -4.358 -9.312 12.663 -3.196 -9.481 11.633 -3.224 -9.622 12.196
3 16 -3.224 -9.622 12.196 -2.827 -9.426 13.345 -4.358 -9.312 12.663
3 16 -4.358 -9.312 12.663 -2.827 -9.426 13.345 -3.634 -8.701 14.449
3 16 -3.634 -8.701 14.449 -2.827 -9.426 13.345 -2.254 -8.918 14.099
3 16 -2.254 -8.918 14.099 -2.826 -7.574 15.379 -3.634 -8.701 14.449
3 16 -2.254 -8.918 14.099 -1.274 -8.412 14.047 -2.826 -7.574 15.379
3 16 -4.358 -9.312 12.663 -3.634 -8.701 14.449 -5.406 -8.464 13.419
3 16 -5.398 -8.155 11.418 -4.358 -9.312 12.663 -5.406 -8.464 13.419
3 16 -4.883 -8.838 11.295 -4.358 -9.312 12.663 -5.398 -8.155 11.418
3 16 -4.478 -9.248 11.234 -4.358 -9.312 12.663 -4.883 -8.838 11.295
3 16 -4.478 -9.248 11.234 -3.888 -9.395 10.998 -4.358 -9.312 12.663
3 16 -4.358 -9.312 12.663 -3.888 -9.395 10.998 -3.196 -9.481 11.633
3 16 -5.406 -8.464 13.419 -3.634 -8.701 14.449 -5.226 -8.166 14.178
3 16 -5.226 -8.166 14.178 -3.634 -8.701 14.449 -4.734 -7.53 15.034
3 16 -3.634 -8.701 14.449 -2.826 -7.574 15.379 -4.734 -7.53 15.034
3 16 -4.734 -7.53 15.034 -2.826 -7.574 15.379 -4.155 -6.825 15.785
3 16 -3.196 -9.481 11.633 -3.888 -9.395 10.998 -2.717 -9.234 10.706
3 16 -14.827 -1.923 -6.999 -15.401 -2.443 -6.289 -14.96 -1.144 -6.793
3 16 -14.96 -1.144 -6.793 -15.401 -2.443 -6.289 -15.836 -1.516 -5.942
3 16 -15.806 -.201 -6.044 -14.96 -1.144 -6.793 -15.836 -1.516 -5.942
3 16 -15.052 -.13 -6.642 -14.96 -1.144 -6.793 -15.806 -.201 -6.044
3 16 -14.985 .765 -6.606 -15.052 -.13 -6.642 -15.806 -.201 -6.044
3 16 5.086 -4.43 17.644 5.019 -5.148 16.24 5.531 -4.348 17.281
4 16 3.561 -5.087 18.188 4.024 -5.563 16.608 5.019 -5.148 16.24 5.086 -4.43 17.644
3 16 3.561 -5.087 18.188 2.929 -5.791 16.92 4.024 -5.563 16.608
3 16 2.148 -5.078 17.985 2.929 -5.791 16.92 3.561 -5.087 18.188
3 16 2.052 -5.65 16.857 2.929 -5.791 16.92 2.148 -5.078 17.985
3 16 2.052 -5.65 16.857 2.148 -5.078 17.985 1.072 -5.546 16.828
3 16 1.072 -5.546 16.828 2.148 -5.078 17.985 .61 -4.689 17.669
3 16 4.784 -4.199 19.009 3.561 -5.087 18.188 5.086 -4.43 17.644
3 16 3.561 -5.087 18.188 4.784 -4.199 19.009 2.899 -4.29 19.399
3 16 3.561 -5.087 18.188 2.501 -4.636 18.802 2.148 -5.078 17.985
3 16 2.148 -5.078 17.985 2.501 -4.636 18.802 1.867 -4.705 18.305
3 16 .61 -4.689 17.669 2.148 -5.078 17.985 1.172 -4.385 18.204
3 16 1.172 -4.385 18.204 2.148 -5.078 17.985 1.867 -4.705 18.305
3 16 2.899 -4.29 19.399 2.501 -4.636 18.802 3.561 -5.087 18.188
3 16 2.899 -4.29 19.399 4.784 -4.199 19.009 3.123 -3.153 19.834
3 16 3.123 -3.153 19.834 4.784 -4.199 19.009 4.787 -3.101 19.564
3 16 .61 -4.689 17.669 1.172 -4.385 18.204 .904 -4.174 18.306
4 16 2.905 -1.882 19.654 3.123 -3.153 19.834 4.787 -3.101 19.564 4.652 -1.818 19.37
3 16 2.905 -1.882 19.654 4.652 -1.818 19.37 3.482 -.653 19.103
3 16 3.482 -.653 19.103 4.652 -1.818 19.37 4.506 -.474 18.676
3 16 2.646 -.837 19.239 2.905 -1.882 19.654 3.482 -.653 19.103
3 16 2.646 -.837 19.239 2.161 -1.041 19.181 2.905 -1.882 19.654
3 16 -14.647 -5.472 -3.077 -14.478 -6.108 -1.319 -15.393 -4.908 -2.874
3 16 -15.393 -4.908 -2.874 -14.478 -6.108 -1.319 -15.467 -5.589 -.877
3 16 -15.467 -5.589 -.877 -16.157 -4.652 -1.85 -15.393 -4.908 -2.874
3 16 -15.393 -4.908 -2.874 -16.157 -4.652 -1.85 -15.801 -4.494 -2.812
3 16 -15.467 -5.589 -.877 -16.471 -4.735 -.998 -16.157 -4.652 -1.85
3 16 -12.726 2.959 -8.331 -12.182 1.672 -8.498 -13.956 1.548 -7.879
3 16 -13.956 1.548 -7.879 -14.543 3.206 -7.452 -12.726 2.959 -8.331
3 16 -12.726 2.959 -8.331 -14.543 3.206 -7.452 -13.917 3.929 -7.705
3 16 -12.923 4.476 -8.337 -12.726 2.959 -8.331 -13.917 3.929 -7.705
3 16 -13.452 4.979 -7.988 -12.923 4.476 -8.337 -13.917 3.929 -7.705
3 16 -15.67 -3.033 -5.652 -15.908 -2.812 -5.294 -15.401 -2.443 -6.289
3 16 -15.401 -2.443 -6.289 -15.908 -2.812 -5.294 -15.836 -1.516 -5.942
3 16 -16.014 -.205 -5.596 -15.836 -1.516 -5.942 -15.908 -2.812 -5.294
3 16 -15.908 -2.812 -5.294 -16.282 -2.338 -4.689 -16.014 -.205 -5.596
3 16 -16.014 -.205 -5.596 -16.282 -2.338 -4.689 -16.204 .006 -4.723
3 16 -15.806 -.201 -6.044 -15.836 -1.516 -5.942 -16.014 -.205 -5.596
3 16 -16.014 -.205 -5.596 -16.204 .006 -4.723 -15.567 1.182 -5.604
3 16 -15.567 1.182 -5.604 -15.806 -.201 -6.044 -16.014 -.205 -5.596
3 16 -15.567 1.182 -5.604 -16.204 .006 -4.723 -15.777 1.284 -4.638
4 16 -16.542 -.532 -3.327 -16.204 .006 -4.723 -16.282 -2.338 -4.689 -16.461 -2.077 -3.863
4 16 -16.542 -.532 -3.327 -15.893 1.336 -3.562 -15.777 1.284 -4.638 -16.204 .006 -4.723
3 16 -15.893 1.336 -3.562 -16.542 -.532 -3.327 -16.324 .456 -2.74
3 16 -14.985 .765 -6.606 -15.806 -.201 -6.044 -15.567 1.182 -5.604
3 16 12.364 8.701 10.782 12.325 9.931 10.981 11.847 8.7 11.444
3 16 11.847 8.7 11.444 12.325 9.931 10.981 11.476 9.347 11.83
3 16 11.476 9.347 11.83 12.325 9.931 10.981 10.76 10.577 12.328
3 16 10.76 10.577 12.328 12.325 9.931 10.981 11.63 11.473 11.022
3 16 12.325 9.931 10.981 12.421 11.141 10.149 11.63 11.473 11.022
3 16 12.421 11.141 10.149 11.618 12.323 10.176 11.63 11.473 11.022
3 16 12.51 11.452 9.096 11.618 12.323 10.176 12.421 11.141 10.149
3 16 11.618 12.323 10.176 10.808 12.661 11.437 11.63 11.473 11.022
3 16 11.63 11.473 11.022 10.808 12.661 11.437 10.76 10.577 12.328
3 16 -1.274 -8.412 14.047 -.996 -8.216 15.029 -2.826 -7.574 15.379
3 16 -2.826 -7.574 15.379 -.996 -8.216 15.029 -1.866 -7.782 16.534
3 16 -1.866 -7.782 16.534 -3.512 -6.706 16.938 -2.826 -7.574 15.379
3 16 -2.826 -7.574 15.379 -3.512 -6.706 16.938 -4.155 -6.825 15.785
3 16 -4.155 -6.825 15.785 -3.512 -6.706 16.938 -4.308 -6.48 16.125
3 16 5.531 -4.348 17.281 5.709 -3.327 17.852 5.086 -4.43 17.644
3 16 5.086 -4.43 17.644 5.709 -3.327 17.852 5.226 -2.974 18.371
3 16 5.086 -4.43 17.644 5.226 -2.974 18.371 4.784 -4.199 19.009
3 16 4.784 -4.199 19.009 5.226 -2.974 18.371 4.787 -3.101 19.564
3 16 5.709 -3.327 17.852 5.369 -1.504 18.047 5.226 -2.974 18.371
3 16 5.226 -2.974 18.371 5.369 -1.504 18.047 4.991 -1.661 18.546
3 16 4.991 -1.661 18.546 4.652 -1.818 19.37 5.226 -2.974 18.371
3 16 5.226 -2.974 18.371 4.652 -1.818 19.37 4.787 -3.101 19.564
3 16 5.082 -.622 18.301 4.991 -1.661 18.546 5.369 -1.504 18.047
3 16 4.506 -.474 18.676 4.991 -1.661 18.546 5.082 -.622 18.301
3 16 4.506 -.474 18.676 4.652 -1.818 19.37 4.991 -1.661 18.546
3 16 -14.478 -6.108 -1.319 -13.994 -6.035 -.263 -15.467 -5.589 -.877
3 16 -15.467 -5.589 -.877 -13.994 -6.035 -.263 -14.701 -5.507 .238
3 16 -15.467 -5.589 -.877 -14.701 -5.507 .238 -16.063 -4.918 -.103
3 16 -16.063 -4.918 -.103 -14.701 -5.507 .238 -15.061 -4.447 1.344
3 16 -15.919 -3.995 1.207 -16.063 -4.918 -.103 -15.061 -4.447 1.344
3 16 11.389 6.002 13.16 10.895 5.74 14.529 11.266 5.1 13.298
3 16 11.266 5.1 13.298 10.895 5.74 14.529 10.825 4.954 14.34
3 16 10.895 5.74 14.529 10.543 5.385 15.501 10.825 4.954 14.34
3 16 10.825 4.954 14.34 10.543 5.385 15.501 10.501 4.599 15.024
3 16 10.543 5.385 15.501 10.171 4.29 15.429 10.501 4.599 15.024
3 16 9.949 4.844 16.133 10.171 4.29 15.429 10.543 5.385 15.501
3 16 10.171 4.29 15.429 9.949 4.844 16.133 9.814 3.945 15.738
3 16 9.814 3.945 15.738 9.949 4.844 16.133 9.431 4.337 16.411
3 16 9.238 3.079 16.242 9.814 3.945 15.738 9.431 4.337 16.411
3 16 9.238 3.079 16.242 9.431 4.337 16.411 9.05 2.997 16.43
3 16 1.244 -7.183 15.988 1.195 -6.606 16.288 .31 -7.195 16.817
3 16 .31 -7.195 16.817 1.195 -6.606 16.288 -.745 -6.025 17.842
3 16 -1.101 -6.879 17.793 .31 -7.195 16.817 -.745 -6.025 17.842
3 16 -.745 -6.025 17.842 1.195 -6.606 16.288 1.072 -5.546 16.828
3 16 1.072 -5.546 16.828 .257 -4.715 17.755 -.745 -6.025 17.842
3 16 .257 -4.715 17.755 1.072 -5.546 16.828 .61 -4.689 17.669
3 16 -.745 -6.025 17.842 .257 -4.715 17.755 -1.92 -4.614 18.326
3 16 -1.101 -6.879 17.793 -.745 -6.025 17.842 -2.362 -6.699 17.83
3 16 -2.362 -6.699 17.83 -.745 -6.025 17.842 -2.436 -5.679 18.038
3 16 -2.436 -5.679 18.038 -.745 -6.025 17.842 -1.92 -4.614 18.326
3 16 -3.35 -5.337 17.466 -2.362 -6.699 17.83 -2.436 -5.679 18.038
3 16 -2.436 -5.679 18.038 -1.92 -4.614 18.326 -3.35 -5.337 17.466
3 16 -3.512 -6.706 16.938 -2.362 -6.699 17.83 -3.35 -5.337 17.466
3 16 -4.523 -5.927 16.345 -3.512 -6.706 16.938 -3.35 -5.337 17.466
3 16 -4.308 -6.48 16.125 -3.512 -6.706 16.938 -4.523 -5.927 16.345
3 16 -4.523 -5.927 16.345 -3.35 -5.337 17.466 -4.7 -4.888 16.571
3 16 -3.35 -5.337 17.466 -1.92 -4.614 18.326 -3.825 -3.336 17.592
3 16 -4.7 -4.888 16.571 -3.35 -5.337 17.466 -4.347 -4.234 17.009
3 16 -4.347 -4.234 17.009 -3.35 -5.337 17.466 -3.825 -3.336 17.592
4 16 10.291 6.681 15.11 10.895 5.74 14.529 11.389 6.002 13.16 10.574 7.637 13.668
3 16 10.574 7.637 13.668 11.389 6.002 13.16 11.166 7.574 13.048
3 16 11.389 6.002 13.16 11.424 7.654 12.713 11.166 7.574 13.048
3 16 10.895 5.74 14.529 10.291 6.681 15.11 10.543 5.385 15.501
3 16 10.574 7.637 13.668 10.047 7.688 14.203 10.291 6.681 15.11
3 16 9.766 6.172 15.904 10.543 5.385 15.501 10.291 6.681 15.11
3 16 10.543 5.385 15.501 9.766 6.172 15.904 9.949 4.844 16.133
3 16 9.949 4.844 16.133 9.766 6.172 15.904 9.188 5.701 16.396
3 16 9.766 6.172 15.904 10.291 6.681 15.11 9.948 6.763 15.41
3 16 10.047 7.688 14.203 9.55 7.635 14.746 10.291 6.681 15.11
3 16 10.291 6.681 15.11 9.55 7.635 14.746 9.948 6.763 15.41
3 16 9.188 5.701 16.396 9.431 4.337 16.411 9.949 4.844 16.133
3 16 8.635 5.228 16.602 9.431 4.337 16.411 9.188 5.701 16.396
3 16 8.709 3.002 16.627 9.05 2.997 16.43 9.431 4.337 16.411
3 16 9.948 6.763 15.41 9.55 6.755 15.739 9.766 6.172 15.904
3 16 9.766 6.172 15.904 9.55 6.755 15.739 9.08 6.515 16.12
3 16 9.766 6.172 15.904 9.08 6.515 16.12 9.188 5.701 16.396
3 16 9.188 5.701 16.396 9.08 6.515 16.12 8.744 6.156 16.4
3 16 8.635 5.228 16.602 9.188 5.701 16.396 8.546 5.731 16.587
3 16 8.546 5.731 16.587 9.188 5.701 16.396 8.744 6.156 16.4
3 16 7.893 5.775 16.583 8.635 5.228 16.602 8.546 5.731 16.587
3 16 7.483 4.056 16.583 8.635 5.228 16.602 7.893 5.775 16.583
3 16 8.635 5.228 16.602 7.483 4.056 16.583 8.298 3.211 16.649
3 16 7.893 5.775 16.583 7.019 5.143 16.647 7.483 4.056 16.583
3 16 7.567 6.07 16.577 7.019 5.143 16.647 7.893 5.775 16.583
3 16 8.298 3.211 16.649 9.431 4.337 16.411 8.635 5.228 16.602
3 16 9.431 4.337 16.411 8.298 3.211 16.649 8.709 3.002 16.627
3 16 -7.467 -8.066 8.78 -7.379 -8.014 9.533 -8.531 -8.294 9.068
3 16 -8.531 -8.294 9.068 -7.379 -8.014 9.533 -8.677 -8.337 10.074
3 16 -8.677 -8.337 10.074 -7.379 -8.014 9.533 -7.06 -7.857 10.566
3 16 -8.531 -8.294 9.068 -8.677 -8.337 10.074 -9.164 -8.327 9.228
3 16 -9.164 -8.327 9.228 -8.677 -8.337 10.074 -9.677 -8.076 9.325
3 16 -7.06 -7.857 10.566 -8.393 -8.383 11.213 -8.677 -8.337 10.074
3 16 -8.677 -8.337 10.074 -8.393 -8.383 11.213 -9.682 -8.323 11.195
3 16 -7.06 -7.857 10.566 -7.775 -7.834 11.781 -8.393 -8.383 11.213
3 16 -8.393 -8.383 11.213 -7.775 -7.834 11.781 -8.751 -8.197 11.881
3 16 -9.682 -8.323 11.195 -8.393 -8.383 11.213 -8.751 -8.197 11.881
3 16 -9.677 -8.076 9.325 -8.677 -8.337 10.074 -10.368 -7.971 10.776
3 16 -10.368 -7.971 10.776 -8.677 -8.337 10.074 -9.682 -8.323 11.195
3 16 -8.751 -8.197 11.881 -10.239 -7.158 12.47 -9.682 -8.323 11.195
3 16 -9.682 -8.323 11.195 -10.239 -7.158 12.47 -10.862 -6.848 11.977
3 16 -9.682 -8.323 11.195 -10.862 -6.848 11.977 -10.368 -7.971 10.776
3 16 -10.368 -7.971 10.776 -10.862 -6.848 11.977 -11.229 -6.589 11.446
3 16 -10.239 -7.158 12.47 -10.552 -6.041 12.725 -10.862 -6.848 11.977
3 16 -10.862 -6.848 11.977 -10.552 -6.041 12.725 -11.171 -5.656 12.261
3 16 -10.862 -6.848 11.977 -11.171 -5.656 12.261 -11.229 -6.589 11.446
3 16 -11.229 -6.589 11.446 -11.171 -5.656 12.261 -11.704 -5.344 11.381
3 16 11.476 9.347 11.83 11.424 7.654 12.713 11.847 8.7 11.444
3 16 10.823 8.437 13.638 11.424 7.654 12.713 11.476 9.347 11.83
3 16 11.166 7.574 13.048 11.424 7.654 12.713 10.823 8.437 13.638
3 16 11.476 9.347 11.83 10.232 9.822 14.065 10.823 8.437 13.638
3 16 11.476 9.347 11.83 10.76 10.577 12.328 10.232 9.822 14.065
3 16 10.823 8.437 13.638 10.232 9.822 14.065 10.248 8.897 14.446
3 16 10.232 9.822 14.065 10.76 10.577 12.328 10.062 11.046 13.551
3 16 10.232 9.822 14.065 9.477 8.48 15.113 10.248 8.897 14.446
3 16 8.438 9.299 15.286 9.477 8.48 15.113 10.232 9.822 14.065
3 16 8.438 9.299 15.286 9.102 7.485 15.249 9.477 8.48 15.113
3 16 9.102 7.485 15.249 8.438 9.299 15.286 8.175 7.195 15.763
3 16 8.175 7.195 15.763 8.438 9.299 15.286 7.447 8.957 15.595
3 16 10.232 9.822 14.065 10.062 11.046 13.551 9.404 11.105 13.858
3 16 8.438 9.299 15.286 10.232 9.822 14.065 8.47 11.195 14.174
3 16 8.47 11.195 14.174 10.232 9.822 14.065 9.404 11.105 13.858
3 16 8.47 11.195 14.174 6.953 9.949 15.27 8.438 9.299 15.286
3 16 8.438 9.299 15.286 6.953 9.949 15.27 7.447 8.957 15.595
3 16 -13.956 1.548 -7.879 -14.985 .765 -6.606 -14.543 3.206 -7.452
4 16 -14.543 3.206 -7.452 -14.985 .765 -6.606 -15.611 2.19 -5.796 -15.258 3.317 -6.424
3 16 -15.611 2.19 -5.796 -14.985 .765 -6.606 -15.567 1.182 -5.604
3 16 -12.024 -7.033 3.531 -11.756 -7.316 4.685 -13.182 -6.71 3.57
3 16 -13.182 -6.71 3.57 -11.756 -7.316 4.685 -13.052 -7.254 5.713
3 16 -11.756 -7.316 4.685 -11.601 -7.382 6.467 -13.052 -7.254 5.713
3 16 -11.123 -7.48 5.641 -11.601 -7.382 6.467 -11.756 -7.316 4.685
3 16 -13.052 -7.254 5.713 -14.348 -6.192 5.555 -13.182 -6.71 3.57
3 16 -13.182 -6.71 3.57 -14.348 -6.192 5.555 -14.083 -5.928 3.595
3 16 -13.052 -7.254 5.713 -11.601 -7.382 6.467 -13.199 -6.78 6.845
3 16 -13.199 -6.78 6.845 -11.601 -7.382 6.467 -11.822 -6.95 7.309
3 16 -14.083 -5.928 3.595 -14.348 -6.192 5.555 -14.352 -5.284 3.545
3 16 -14.352 -5.284 3.545 -14.348 -6.192 5.555 -15.015 -4.131 5.633
3 16 -13.199 -6.78 6.845 -11.822 -6.95 7.309 -12.67 -6.037 7.923
3 16 -12.67 -6.037 7.923 -11.822 -6.95 7.309 -11.782 -6.351 7.912
3 16 -13.199 -6.78 6.845 -13.894 -6.099 6.845 -13.052 -7.254 5.713
3 16 -13.052 -7.254 5.713 -13.894 -6.099 6.845 -14.348 -6.192 5.555
3 16 -13.199 -6.78 6.845 -12.67 -6.037 7.923 -13.894 -6.099 6.845
3 16 -14.348 -6.192 5.555 -13.894 -6.099 6.845 -15.015 -4.131 5.633
3 16 -13.894 -6.099 6.845 -12.67 -6.037 7.923 -14.016 -4.614 7.669
3 16 -15.015 -4.131 5.633 -13.894 -6.099 6.845 -14.016 -4.614 7.669
3 16 -10.409 6.416 -7.842 -12.897 5.982 -8.303 -10.872 8.028 -7.148
3 16 -10.872 8.028 -7.148 -12.897 5.982 -8.303 -13.307 7.629 -7.528
3 16 -13.695 9.122 -6.766 -10.872 8.028 -7.148 -13.307 7.629 -7.528
3 16 -11.422 10.146 -6.258 -10.872 8.028 -7.148 -13.695 9.122 -6.766
3 16 -13.866 9.986 -6.216 -11.422 10.146 -6.258 -13.695 9.122 -6.766
3 16 -11.827 11.047 -5.53 -11.422 10.146 -6.258 -13.866 9.986 -6.216
4 16 -16.68 -3.399 -2.061 -16.231 -3.552 -2.889 -15.801 -4.494 -2.812 -16.157 -4.652 -1.85
3 16 -16.363 -3.057 -3.393 -16.231 -3.552 -2.889 -16.68 -3.399 -2.061
3 16 -16.363 -3.057 -3.393 -16.68 -3.399 -2.061 -16.991 -2.68 -2.82
3 16 -16.991 -2.68 -2.82 -16.68 -3.399 -2.061 -16.958 -2.978 -1.927
3 16 -17.086 -2.173 -2.908 -16.363 -3.057 -3.393 -16.991 -2.68 -2.82
3 16 -16.461 -2.077 -3.863 -16.363 -3.057 -3.393 -17.086 -2.173 -2.908
3 16 -16.658 -4.027 -1.126 -16.68 -3.399 -2.061 -16.157 -4.652 -1.85
3 16 -16.157 -4.652 -1.85 -16.471 -4.735 -.998 -16.658 -4.027 -1.126
3 16 -16.815 -3.415 -1.486 -16.68 -3.399 -2.061 -16.658 -4.027 -1.126
3 16 -16.958 -2.978 -1.927 -16.68 -3.399 -2.061 -16.815 -3.415 -1.486
3 16 -17.174 -1.344 -2.835 -16.461 -2.077 -3.863 -17.086 -2.173 -2.908
3 16 -16.542 -.532 -3.327 -16.461 -2.077 -3.863 -17.174 -1.344 -2.835
3 16 -16.542 -.532 -3.327 -17.174 -1.344 -2.835 -17.176 -.893 -2.569
3 16 -17.233 -.748 -1.934 -16.542 -.532 -3.327 -17.176 -.893 -2.569
3 16 -16.324 .456 -2.74 -16.542 -.532 -3.327 -17.233 -.748 -1.934
3 16 -16.324 .456 -2.74 -17.233 -.748 -1.934 -16.476 .61 -1.793
3 16 -16.476 .61 -1.793 -17.233 -.748 -1.934 -17.302 -.645 -1.298
3 16 -17.302 -.645 -1.298 -17.411 -.274 -.475 -16.476 .61 -1.793
3 16 -16.476 .61 -1.793 -17.411 -.274 -.475 -16.707 1.152 -.709
3 16 -16.707 1.152 -.709 -17.411 -.274 -.475 -17.485 1.21 1.532
3 16 -17.485 1.21 1.532 -17.411 -.274 -.475 -17.925 .212 1.653
3 16 -17.925 .212 1.653 -17.411 -.274 -.475 -17.975 -1.09 1.544
3 16 -17.975 -1.09 1.544 -17.411 -.274 -.475 -17.42 -2.358 .381
3 16 -17.42 -2.358 .381 -17.435 -2.774 1.552 -17.975 -1.09 1.544
3 16 -17.975 -1.09 1.544 -17.435 -2.774 1.552 -17.319 -1.283 2.831
3 16 -17.975 -1.09 1.544 -17.319 -1.283 2.831 -17.925 .212 1.653
3 16 -16.707 1.152 -.709 -17.485 1.21 1.532 -16.941 2.087 .555
3 16 -17.925 .212 1.653 -17.319 -1.283 2.831 -17.336 .261 3.106
3 16 -17.925 .212 1.653 -17.336 .261 3.106 -17.485 1.21 1.532
3 16 -16.941 2.087 .555 -17.485 1.21 1.532 -17.109 2.166 1.208
3 16 -17.485 1.21 1.532 -17.336 .261 3.106 -16.686 2.158 2.61
3 16 -17.109 2.166 1.208 -17.485 1.21 1.532 -16.686 2.158 2.61
3 16 -7.06 -7.857 10.566 -5.398 -8.155 11.418 -6.802 -8.21 12.853
3 16 -6.802 -8.21 12.853 -5.398 -8.155 11.418 -5.406 -8.464 13.419
3 16 -7.775 -7.834 11.781 -7.06 -7.857 10.566 -6.802 -8.21 12.853
3 16 -6.802 -8.21 12.853 -5.406 -8.464 13.419 -7.073 -8.104 13.656
3 16 -7.073 -8.104 13.656 -5.406 -8.464 13.419 -5.858 -8.236 14.341
3 16 -7.775 -7.834 11.781 -6.802 -8.21 12.853 -8.261 -7.379 12.476
3 16 -8.261 -7.379 12.476 -6.802 -8.21 12.853 -7.073 -8.104 13.656
3 16 -7.073 -8.104 13.656 -5.858 -8.236 14.341 -7.323 -7.742 14.535
3 16 -7.323 -7.742 14.535 -8.261 -7.379 12.476 -7.073 -8.104 13.656
3 16 -7.323 -7.742 14.535 -5.858 -8.236 14.341 -5.981 -8.045 14.908
3 16 -7.323 -7.742 14.535 -5.981 -8.045 14.908 -6.097 -7.763 15.524
3 16 -7.323 -7.742 14.535 -6.097 -7.763 15.524 -7.248 -7.111 15.464
3 16 -7.248 -7.111 15.464 -6.097 -7.763 15.524 -5.643 -6.729 16.225
3 16 -5.643 -6.729 16.225 -6.097 -7.763 15.524 -5.609 -7.478 15.713
3 16 -5.609 -7.478 15.713 -4.981 -7.148 15.779 -5.643 -6.729 16.225
3 16 -5.643 -6.729 16.225 -4.981 -7.148 15.779 -4.308 -6.48 16.125
3 16 -4.308 -6.48 16.125 -4.981 -7.148 15.779 -4.155 -6.825 15.785
3 16 -8.673 -5.744 14.026 -8.261 -7.379 12.476 -7.323 -7.742 14.535
3 16 -7.323 -7.742 14.535 -7.248 -7.111 15.464 -8.673 -5.744 14.026
3 16 -8.874 -6.018 13.048 -8.261 -7.379 12.476 -8.673 -5.744 14.026
3 16 -5.643 -6.729 16.225 -4.308 -6.48 16.125 -4.523 -5.927 16.345
3 16 -8.673 -5.744 14.026 -7.248 -7.111 15.464 -8.574 -5.011 14.741
3 16 -5.643 -6.729 16.225 -4.523 -5.927 16.345 -6.327 -5.763 16.779
3 16 -6.327 -5.763 16.779 -4.523 -5.927 16.345 -4.7 -4.888 16.571
3 16 -7.248 -7.111 15.464 -5.643 -6.729 16.225 -7.206 -5.749 16.309
3 16 -7.206 -5.749 16.309 -5.643 -6.729 16.225 -6.327 -5.763 16.779
3 16 -7.248 -7.111 15.464 -7.206 -5.749 16.309 -8.574 -5.011 14.741
3 16 -9.164 -8.327 9.228 -9.677 -8.076 9.325 -10.056 -8.584 8.593
3 16 -10.056 -8.584 8.593 -9.677 -8.076 9.325 -10.652 -7.68 8.585
3 16 -9.677 -8.076 9.325 -10.697 -6.625 9.09 -10.652 -7.68 8.585
3 16 -10.056 -8.584 8.593 -10.652 -7.68 8.585 -11.301 -7.624 7.834
4 16 -10.697 -6.625 9.09 -11.782 -6.351 7.912 -11.301 -7.624 7.834 -10.652 -7.68 8.585
3 16 -11.782 -6.351 7.912 -11.822 -6.95 7.309 -11.301 -7.624 7.834
3 16 -15.467 -5.589 -.877 -16.063 -4.918 -.103 -16.471 -4.735 -.998
3 16 -16.471 -4.735 -.998 -16.063 -4.918 -.103 -16.484 -4.578 -.472
3 16 -12.923 4.476 -8.337 -13.452 4.979 -7.988 -12.897 5.982 -8.303
3 16 -12.897 5.982 -8.303 -13.452 4.979 -7.988 -13.787 5.947 -7.553
4 16 -14.076 7.322 -6.955 -13.307 7.629 -7.528 -12.897 5.982 -8.303 -13.787 5.947 -7.553
3 16 -13.452 4.979 -7.988 -14.285 5.475 -6.88 -13.787 5.947 -7.553
3 16 -13.452 4.979 -7.988 -14.347 5.157 -6.83 -14.285 5.475 -6.88
3 16 -13.917 3.929 -7.705 -14.347 5.157 -6.83 -13.452 4.979 -7.988
3 16 -13.917 3.929 -7.705 -14.516 4.868 -6.624 -14.347 5.157 -6.83
3 16 -14.543 3.206 -7.452 -14.516 4.868 -6.624 -13.917 3.929 -7.705
3 16 -13.787 5.947 -7.553 -14.285 5.475 -6.88 -14.27 5.952 -6.876
3 16 -13.787 5.947 -7.553 -14.27 5.952 -6.876 -14.076 7.322 -6.955
3 16 -14.543 3.206 -7.452 -15.258 3.317 -6.424 -14.516 4.868 -6.624
3 16 -14.516 4.868 -6.624 -15.258 3.317 -6.424 -15.151 4.536 -5.74
3 16 -14.076 7.322 -6.955 -14.27 5.952 -6.876 -14.426 7.104 -6.428
3 16 -15.151 4.536 -5.74 -15.258 3.317 -6.424 -15.289 4.471 -5.064
3 16 -15.289 4.471 -5.064 -15.258 3.317 -6.424 -15.779 2.844 -4.788
3 16 -15.779 2.844 -4.788 -15.258 3.317 -6.424 -15.611 2.19 -5.796
3 16 -15.611 2.19 -5.796 -15.777 1.284 -4.638 -15.779 2.844 -4.788
3 16 -15.567 1.182 -5.604 -15.777 1.284 -4.638 -15.611 2.19 -5.796
3 16 -15.779 2.844 -4.788 -15.777 1.284 -4.638 -15.981 2.8 -3.698
3 16 -15.981 2.8 -3.698 -15.777 1.284 -4.638 -15.893 1.336 -3.562
3 16 -15.289 4.471 -5.064 -15.779 2.844 -4.788 -15.458 4.399 -3.671
3 16 -15.458 4.399 -3.671 -15.779 2.844 -4.788 -15.981 2.8 -3.698
3 16 -14.076 7.322 -6.955 -14.426 7.104 -6.428 -14.145 8.498 -6.554
4 16 -13.695 9.122 -6.766 -13.307 7.629 -7.528 -14.076 7.322 -6.955 -14.145 8.498 -6.554
3 16 -13.695 9.122 -6.766 -14.145 8.498 -6.554 -14.43 9.215 -5.847
3 16 -14.145 8.498 -6.554 -14.426 7.104 -6.428 -14.609 8.013 -5.74
3 16 -14.145 8.498 -6.554 -14.609 8.013 -5.74 -14.43 9.215 -5.847
3 16 -14.43 9.215 -5.847 -14.609 8.013 -5.74 -14.794 8.474 -5.024
3 16 -13.695 9.122 -6.766 -14.43 9.215 -5.847 -13.866 9.986 -6.216
3 16 -13.866 9.986 -6.216 -14.43 9.215 -5.847 -13.978 10.243 -5.868
3 16 -14.43 9.215 -5.847 -14.754 9.771 -4.892 -13.978 10.243 -5.868
3 16 -14.43 9.215 -5.847 -14.794 8.474 -5.024 -14.754 9.771 -4.892
3 16 -13.978 10.243 -5.868 -14.754 9.771 -4.892 -14.578 10.379 -4.369
3 16 -14.754 9.771 -4.892 -14.794 8.474 -5.024 -15.105 8.773 -3.932
3 16 -14.754 9.771 -4.892 -15.105 8.773 -3.932 -14.866 10.364 -3.477
3 16 -14.578 10.379 -4.369 -14.754 9.771 -4.892 -14.866 10.364 -3.477
3 16 -14.866 10.364 -3.477 -15.105 8.773 -3.932 -15.257 8.883 -3.23
3 16 -14.866 10.364 -3.477 -15.257 8.883 -3.23 -15.078 10.232 -2.413
3 16 -15.257 8.883 -3.23 -15.334 9.021 -2.229 -15.078 10.232 -2.413
3 16 10.574 7.637 13.668 11.166 7.574 13.048 10.823 8.437 13.638
3 16 10.574 7.637 13.668 10.823 8.437 13.638 10.047 7.688 14.203
3 16 10.047 7.688 14.203 10.823 8.437 13.638 10.248 8.897 14.446
3 16 9.477 8.48 15.113 10.047 7.688 14.203 10.248 8.897 14.446
3 16 9.55 7.635 14.746 10.047 7.688 14.203 9.477 8.48 15.113
3 16 9.55 7.635 14.746 9.477 8.48 15.113 9.102 7.485 15.249
3 16 -16.658 -4.027 -1.126 -16.471 -4.735 -.998 -16.484 -4.578 -.472
3 16 -16.658 -4.027 -1.126 -16.484 -4.578 -.472 -16.836 -3.188 .382
3 16 -16.836 -3.188 .382 -16.484 -4.578 -.472 -16.536 -3.53 .887
3 16 -16.484 -4.578 -.472 -16.063 -4.918 -.103 -16.536 -3.53 .887
3 16 -16.536 -3.53 .887 -16.063 -4.918 -.103 -15.919 -3.995 1.207
3 16 -16.815 -3.415 -1.486 -16.658 -4.027 -1.126 -16.836 -3.188 .382
3 16 -17.178 -2.732 -.217 -16.815 -3.415 -1.486 -16.836 -3.188 .382
3 16 -17.178 -2.732 -.217 -17.188 -2.213 -1.409 -16.815 -3.415 -1.486
3 16 -17.188 -2.213 -1.409 -16.958 -2.978 -1.927 -16.815 -3.415 -1.486
3 16 -17.086 -2.173 -2.908 -16.958 -2.978 -1.927 -17.188 -2.213 -1.409
3 16 -17.086 -2.173 -2.908 -16.991 -2.68 -2.82 -16.958 -2.978 -1.927
3 16 -17.174 -1.344 -2.835 -17.086 -2.173 -2.908 -17.188 -2.213 -1.409
3 16 -17.176 -.893 -2.569 -17.174 -1.344 -2.835 -17.188 -2.213 -1.409
3 16 -17.233 -.748 -1.934 -17.176 -.893 -2.569 -17.188 -2.213 -1.409
3 16 -17.319 -1.966 -.65 -17.188 -2.213 -1.409 -17.178 -2.732 -.217
3 16 -17.319 -1.966 -.65 -17.178 -2.732 -.217 -17.42 -2.358 .381
3 16 -17.233 -.748 -1.934 -17.188 -2.213 -1.409 -17.302 -.645 -1.298
3 16 -17.302 -.645 -1.298 -17.188 -2.213 -1.409 -17.319 -1.966 -.65
3 16 -17.435 -2.774 1.552 -17.42 -2.358 .381 -16.836 -3.188 .382
4 16 -17.302 -.645 -1.298 -17.319 -1.966 -.65 -17.42 -2.358 .381 -17.411 -.274 -.475
3 16 8.294 2.933 16.797 8.709 3.002 16.627 8.298 3.211 16.649
3 16 8.294 2.933 16.797 8.298 3.211 16.649 7.405 2.607 17.458
3 16 7.405 2.607 17.458 8.298 3.211 16.649 7.483 4.056 16.583
3 16 7.405 2.607 17.458 7.483 4.056 16.583 7.141 2.959 17.475
3 16 7.035 2.429 17.795 7.405 2.607 17.458 7.141 2.959 17.475
3 16 7.141 2.959 17.475 7.483 4.056 16.583 7.086 3.977 16.871
3 16 7.483 4.056 16.583 7.019 5.143 16.647 7.086 3.977 16.871
3 16 7.086 3.977 16.871 7.019 5.143 16.647 6.681 5.055 17.003
3 16 6.681 5.055 17.003 7.019 5.143 16.647 6.953 6.092 17.079
3 16 6.953 6.092 17.079 7.019 5.143 16.647 7.567 6.07 16.577
3 16 7.567 6.07 16.577 7.916 6.609 16.293 6.953 6.092 17.079
3 16 6.953 6.092 17.079 7.916 6.609 16.293 7.339 7.437 17.333
3 16 7.339 7.437 17.333 7.916 6.609 16.293 8.175 7.195 15.763
3 16 6.384 6.925 17.913 6.953 6.092 17.079 7.339 7.437 17.333
3 16 6.198 5.727 17.678 6.953 6.092 17.079 6.384 6.925 17.913
3 16 6.198 5.727 17.678 6.681 5.055 17.003 6.953 6.092 17.079
3 16 5.28 6.479 18.009 6.198 5.727 17.678 6.384 6.925 17.913
3 16 5.28 6.479 18.009 6.384 6.925 17.913 5.872 7.19 18.016
3 16 5.28 6.479 18.009 5.872 7.19 18.016 4.429 8.066 16.996
3 16 4.429 8.066 16.996 5.872 7.19 18.016 6.055 8.257 17.514
3 16 4.411 7.028 17.558 5.28 6.479 18.009 4.429 8.066 16.996
3 16 5.972 9.3 16.619 4.429 8.066 16.996 6.055 8.257 17.514
3 16 5.053 9.526 16.184 4.429 8.066 16.996 5.972 9.3 16.619
3 16 5.972 9.3 16.619 5.707 9.897 16.148 5.053 9.526 16.184
3 16 4.429 8.066 16.996 5.053 9.526 16.184 4.287 9.027 16.389
3 16 8.175 7.195 15.763 7.447 8.957 15.595 7.339 7.437 17.333
3 16 7.339 7.437 17.333 7.447 8.957 15.595 6.711 8.667 16.959
3 16 6.711 8.667 16.959 7.447 8.957 15.595 6.224 9.484 16.345
3 16 6.224 9.484 16.345 7.447 8.957 15.595 6.953 9.949 15.27
3 16 6.953 9.949 15.27 6.024 9.966 15.953 6.224 9.484 16.345
3 16 -5.406 -8.464 13.419 -5.226 -8.166 14.178 -5.858 -8.236 14.341
3 16 -5.858 -8.236 14.341 -5.226 -8.166 14.178 -5.601 -8.034 14.606
3 16 -5.601 -8.034 14.606 -5.226 -8.166 14.178 -5.588 -7.843 15.02
3 16 -5.858 -8.236 14.341 -5.601 -8.034 14.606 -5.981 -8.045 14.908
3 16 -5.981 -8.045 14.908 -5.601 -8.034 14.606 -5.588 -7.843 15.02
4 16 -5.226 -8.166 14.178 -4.734 -7.53 15.034 -5.609 -7.478 15.713 -5.588 -7.843 15.02
3 16 -5.981 -8.045 14.908 -5.588 -7.843 15.02 -6.097 -7.763 15.524
3 16 -6.097 -7.763 15.524 -5.588 -7.843 15.02 -5.609 -7.478 15.713
3 16 -4.734 -7.53 15.034 -4.981 -7.148 15.779 -5.609 -7.478 15.713
3 16 -4.155 -6.825 15.785 -4.981 -7.148 15.779 -4.734 -7.53 15.034
3 16 -9.677 -8.076 9.325 -10.368 -7.971 10.776 -10.697 -6.625 9.09
3 16 -10.697 -6.625 9.09 -10.368 -7.971 10.776 -11.099 -6.339 9.884
3 16 -11.099 -6.339 9.884 -10.368 -7.971 10.776 -11.229 -6.589 11.446
3 16 -11.099 -6.339 9.884 -11.229 -6.589 11.446 -11.704 -5.344 11.381
3 16 2.17 -4.188 18.759 1.867 -4.705 18.305 2.501 -4.636 18.802
3 16 2.17 -4.188 18.759 2.501 -4.636 18.802 2.401 -3.735 19.108
3 16 2.401 -3.735 19.108 2.501 -4.636 18.802 2.899 -4.29 19.399
3 16 2.17 -4.188 18.759 1.241 -3.837 18.558 1.867 -4.705 18.305
3 16 2.17 -4.188 18.759 2.401 -3.735 19.108 1.241 -3.837 18.558
3 16 1.867 -4.705 18.305 1.241 -3.837 18.558 1.172 -4.385 18.204
3 16 2.899 -4.29 19.399 3.123 -3.153 19.834 2.401 -3.735 19.108
3 16 2.401 -3.735 19.108 3.123 -3.153 19.834 2.468 -2.808 19.326
3 16 1.241 -3.837 18.558 2.401 -3.735 19.108 1.582 -2.801 18.964
3 16 1.582 -2.801 18.964 2.401 -3.735 19.108 2.468 -2.808 19.326
3 16 1.172 -4.385 18.204 1.241 -3.837 18.558 .904 -4.174 18.306
3 16 2.468 -2.808 19.326 2.573 -2.165 19.463 1.582 -2.801 18.964
3 16 1.582 -2.801 18.964 2.573 -2.165 19.463 1.964 -1.513 19.103
3 16 3.123 -3.153 19.834 2.905 -1.882 19.654 2.468 -2.808 19.326
3 16 2.468 -2.808 19.326 2.905 -1.882 19.654 2.573 -2.165 19.463
3 16 2.573 -2.165 19.463 2.905 -1.882 19.654 1.964 -1.513 19.103
3 16 1.964 -1.513 19.103 2.905 -1.882 19.654 2.161 -1.041 19.181
3 16 -7.775 -7.834 11.781 -8.261 -7.379 12.476 -8.751 -8.197 11.881
3 16 -8.751 -8.197 11.881 -8.261 -7.379 12.476 -10.239 -7.158 12.47
3 16 -8.261 -7.379 12.476 -8.874 -6.018 13.048 -10.239 -7.158 12.47
3 16 -10.239 -7.158 12.47 -8.874 -6.018 13.048 -9.897 -6.212 12.988
3 16 -10.239 -7.158 12.47 -9.897 -6.212 12.988 -10.552 -6.041 12.725
3 16 9.55 7.635 14.746 9.102 7.485 15.249 9.948 6.763 15.41
3 16 9.948 6.763 15.41 9.102 7.485 15.249 9.55 6.755 15.739
3 16 9.55 6.755 15.739 9.102 7.485 15.249 9.08 6.515 16.12
3 16 9.08 6.515 16.12 9.102 7.485 15.249 8.175 7.195 15.763
3 16 7.916 6.609 16.293 9.08 6.515 16.12 8.175 7.195 15.763
3 16 8.744 6.156 16.4 9.08 6.515 16.12 7.916 6.609 16.293
3 16 7.893 5.775 16.583 8.744 6.156 16.4 7.916 6.609 16.293
3 16 8.546 5.731 16.587 8.744 6.156 16.4 7.893 5.775 16.583
3 16 7.567 6.07 16.577 7.893 5.775 16.583 7.916 6.609 16.293
3 16 -16.302 -4.285 2.682 -17.25 -3.525 2.288 -15.919 -3.995 1.207
3 16 -15.919 -3.995 1.207 -17.25 -3.525 2.288 -16.536 -3.53 .887
3 16 -17.435 -2.774 1.552 -16.536 -3.53 .887 -17.25 -3.525 2.288
3 16 -16.836 -3.188 .382 -16.536 -3.53 .887 -17.435 -2.774 1.552
3 16 -17.178 -2.732 -.217 -16.836 -3.188 .382 -17.42 -2.358 .381
4 16 -16.302 -4.285 2.682 -15.919 -3.995 1.207 -15.061 -4.447 1.344 -15.647 -4.584 2.629
3 16 -15.647 -4.584 2.629 -15.061 -4.447 1.344 -14.822 -4.839 2.106
3 16 -14.822 -4.839 2.106 -14.669 -5.062 2.686 -15.647 -4.584 2.629
3 16 -15.647 -4.584 2.629 -14.669 -5.062 2.686 -14.352 -5.284 3.545
3 16 -15.647 -4.584 2.629 -15.967 -4.467 4.181 -16.302 -4.285 2.682
3 16 -16.961 -3.531 4.287 -16.302 -4.285 2.682 -15.967 -4.467 4.181
3 16 -17.25 -3.525 2.288 -16.302 -4.285 2.682 -16.961 -3.531 4.287
3 16 .61 -4.689 17.669 .904 -4.174 18.306 .257 -4.715 17.755
3 16 .257 -4.715 17.755 .904 -4.174 18.306 .802 -3.918 18.591
3 16 .904 -4.174 18.306 1.241 -3.837 18.558 .802 -3.918 18.591
3 16 .257 -4.715 17.755 .802 -3.918 18.591 -1.92 -4.614 18.326
3 16 -1.92 -4.614 18.326 .802 -3.918 18.591 -1.779 -3.423 19.419
3 16 1.582 -2.801 18.964 .802 -3.918 18.591 1.241 -3.837 18.558
3 16 1.582 -2.801 18.964 -.314 -2.011 19.706 .802 -3.918 18.591
3 16 .802 -3.918 18.591 -.314 -2.011 19.706 -1.779 -3.423 19.419
3 16 1.582 -2.801 18.964 1.297 -1.575 19.091 -.314 -2.011 19.706
3 16 -.314 -2.011 19.706 1.297 -1.575 19.091 .683 -.91 19.239
3 16 -1.92 -4.614 18.326 -1.779 -3.423 19.419 -3.825 -3.336 17.592
3 16 -1.779 -3.423 19.419 -2.9 -2.378 19.394 -3.825 -3.336 17.592
3 16 -3.825 -3.336 17.592 -2.9 -2.378 19.394 -3.96 -2.789 18.173
3 16 -.314 -2.011 19.706 .683 -.91 19.239 -1.249 -1.256 19.649
3 16 -.314 -2.011 19.706 -1.249 -1.256 19.649 -1.779 -3.423 19.419
3 16 -1.779 -3.423 19.419 -1.249 -1.256 19.649 -2.9 -2.378 19.394
3 16 -1.249 -1.256 19.649 .683 -.91 19.239 -.806 .204 18.797
3 16 -1.249 -1.256 19.649 -.806 .204 18.797 -1.854 -.432 19.399
3 16 -2.547 -.783 19.435 -1.249 -1.256 19.649 -1.854 -.432 19.399
3 16 -1.249 -1.256 19.649 -2.547 -.783 19.435 -2.9 -2.378 19.394
3 16 -2.9 -2.378 19.394 -2.547 -.783 19.435 -3.166 -1.058 19.145
3 16 -2.9 -2.378 19.394 -3.166 -1.058 19.145 -3.646 -1.358 18.681
3 16 -2.9 -2.378 19.394 -3.646 -1.358 18.681 -4.019 -2.171 18.332
3 16 -3.96 -2.789 18.173 -2.9 -2.378 19.394 -4.019 -2.171 18.332
3 16 -4.019 -2.171 18.332 -3.646 -1.358 18.681 -4.01 -1.587 18.388
3 16 10.76 10.577 12.328 10.808 12.661 11.437 10.281 12.973 13.563
3 16 10.808 12.661 11.437 10.52 13.953 12.201 10.281 12.973 13.563
3 16 10.281 12.973 13.563 10.062 11.046 13.551 10.76 10.577 12.328
3 16 -14.285 5.475 -6.88 -14.347 5.157 -6.83 -15.04 5.65 -6.044
3 16 -14.347 5.157 -6.83 -14.516 4.868 -6.624 -15.04 5.65 -6.044
3 16 -14.27 5.952 -6.876 -14.285 5.475 -6.88 -15.04 5.65 -6.044
4 16 -15.145 6.783 -5.671 -14.426 7.104 -6.428 -14.27 5.952 -6.876 -15.04 5.65 -6.044
3 16 -14.426 7.104 -6.428 -15.145 6.783 -5.671 -14.609 8.013 -5.74
3 16 -15.145 6.783 -5.671 -15.338 7.32 -4.747 -14.609 8.013 -5.74
3 16 -14.609 8.013 -5.74 -15.338 7.32 -4.747 -14.794 8.474 -5.024
3 16 -14.794 8.474 -5.024 -15.338 7.32 -4.747 -15.105 8.773 -3.932
3 16 -15.105 8.773 -3.932 -15.338 7.32 -4.747 -15.468 7.646 -3.526
3 16 -15.468 7.646 -3.526 -15.257 8.883 -3.23 -15.105 8.773 -3.932
3 16 -15.703 7.124 -2.721 -15.257 8.883 -3.23 -15.468 7.646 -3.526
3 16 -15.257 8.883 -3.23 -15.703 7.124 -2.721 -15.964 6.911 -1.817
3 16 -15.257 8.883 -3.23 -15.964 6.911 -1.817 -15.627 8.028 -1.945
3 16 -15.627 8.028 -1.945 -15.964 6.911 -1.817 -15.923 7.063 -1.5
3 16 -15.334 9.021 -2.229 -15.257 8.883 -3.23 -15.627 8.028 -1.945
3 16 -14.352 -5.284 3.545 -15.967 -4.467 4.181 -15.647 -4.584 2.629
3 16 -15.967 -4.467 4.181 -14.352 -5.284 3.545 -15.015 -4.131 5.633
4 16 -16.961 -3.531 4.287 -15.967 -4.467 4.181 -15.015 -4.131 5.633 -16.19 -2.908 5.869
3 16 -16.19 -2.908 5.869 -16.993 -1.359 4.939 -16.961 -3.531 4.287
3 16 -16.548 -1.862 5.881 -16.993 -1.359 4.939 -16.19 -2.908 5.869
3 16 -16.993 -1.359 4.939 -16.548 -1.862 5.881 -16.895 .157 6.079
3 16 -16.895 .157 6.079 -16.548 -1.862 5.881 -15.726 .869 7.392
3 16 -16.895 .157 6.079 -15.726 .869 7.392 -16.025 2.075 6.424
3 16 -16.025 2.075 6.424 -15.726 .869 7.392 -15.522 1.658 7.302
3 16 5.082 -.622 18.301 4.979 .141 18.53 4.506 -.474 18.676
3 16 4.506 -.474 18.676 4.979 .141 18.53 4.594 .242 18.742
3 16 4.594 .242 18.742 4.979 .141 18.53 5.505 1.162 18.538
3 16 4.506 -.474 18.676 4.594 .242 18.742 3.482 -.653 19.103
4 16 2.467 .401 19.759 3.482 -.653 19.103 4.594 .242 18.742 2.67 .984 19.775
3 16 4.591 1.719 18.902 4.594 .242 18.742 5.505 1.162 18.538
3 16 2.467 .401 19.759 2.646 -.837 19.239 3.482 -.653 19.103
3 16 1.882 -.047 19.77 2.646 -.837 19.239 2.467 .401 19.759
3 16 1.882 -.047 19.77 2.161 -1.041 19.181 2.646 -.837 19.239
3 16 2.161 -1.041 19.181 1.882 -.047 19.77 .683 -.91 19.239
3 16 .683 -.91 19.239 1.882 -.047 19.77 1.182 .18 19.798
3 16 4.591 1.719 18.902 2.363 1.687 19.846 2.67 .984 19.775
3 16 2.67 .984 19.775 4.594 .242 18.742 4.591 1.719 18.902
3 16 2.363 1.687 19.846 4.591 1.719 18.902 3.578 2.917 19.179
3 16 .857 .746 19.838 .683 -.91 19.239 1.182 .18 19.798
3 16 -.806 .204 18.797 .683 -.91 19.239 .857 .746 19.838
3 16 2.363 1.687 19.846 3.578 2.917 19.179 1.657 2.269 19.853
3 16 1.657 2.269 19.853 3.578 2.917 19.179 2.695 3.793 19.366
3 16 -.806 .204 18.797 .857 .746 19.838 .753 1.139 19.847
3 16 1.657 2.269 19.853 2.695 3.793 19.366 1.093 3.215 19.419
3 16 1.093 3.215 19.419 2.695 3.793 19.366 2.173 4.095 19.075
3 16 -.806 .204 18.797 .753 1.139 19.847 -.718 2.357 18.886
3 16 -.718 2.357 18.886 .753 1.139 19.847 .734 1.685 19.851
3 16 1.657 2.269 19.853 1.093 3.215 19.419 1.059 2.017 19.859
3 16 1.059 2.017 19.859 1.093 3.215 19.419 .423 2.653 19.46
3 16 -.718 2.357 18.886 .734 1.685 19.851 .423 2.653 19.46
3 16 .423 2.653 19.46 .734 1.685 19.851 1.059 2.017 19.859
3 16 1.093 3.215 19.419 2.173 4.095 19.075 1.689 4.015 19.097
3 16 1.297 -1.575 19.091 2.161 -1.041 19.181 .683 -.91 19.239
3 16 1.964 -1.513 19.103 2.161 -1.041 19.181 1.297 -1.575 19.091
3 16 1.582 -2.801 18.964 1.964 -1.513 19.103 1.297 -1.575 19.091
3 16 -14.516 4.868 -6.624 -15.151 4.536 -5.74 -15.04 5.65 -6.044
3 16 -15.04 5.65 -6.044 -15.151 4.536 -5.74 -15.267 5.941 -5.526
3 16 -15.151 4.536 -5.74 -15.289 4.471 -5.064 -15.267 5.941 -5.526
3 16 -15.267 5.941 -5.526 -15.289 4.471 -5.064 -15.392 6.034 -4.803
3 16 -15.04 5.65 -6.044 -15.267 5.941 -5.526 -15.145 6.783 -5.671
3 16 -15.267 5.941 -5.526 -15.392 6.034 -4.803 -15.145 6.783 -5.671
4 16 -15.289 4.471 -5.064 -15.458 4.399 -3.671 -15.703 7.124 -2.721 -15.392 6.034 -4.803
3 16 -15.145 6.783 -5.671 -15.392 6.034 -4.803 -15.338 7.32 -4.747
3 16 -15.458 4.399 -3.671 -15.951 4.962 -1.726 -15.703 7.124 -2.721
3 16 -15.703 7.124 -2.721 -15.951 4.962 -1.726 -15.964 6.911 -1.817
3 16 -15.338 7.32 -4.747 -15.392 6.034 -4.803 -15.468 7.646 -3.526
3 16 -15.468 7.646 -3.526 -15.392 6.034 -4.803 -15.703 7.124 -2.721
3 16 -15.951 4.962 -1.726 -16.15 6.31 -.704 -15.964 6.911 -1.817
3 16 -15.951 4.962 -1.726 -16.286 4.427 -.556 -16.15 6.31 -.704
3 16 -16.15 6.31 -.704 -16.286 4.427 -.556 -16.408 5.744 .323
3 16 -16.286 4.427 -.556 -16.933 5.227 .946 -16.408 5.744 .323
3 16 -16.286 4.427 -.556 -17.109 2.166 1.208 -16.933 5.227 .946
3 16 -16.941 2.087 .555 -17.109 2.166 1.208 -16.286 4.427 -.556
3 16 -15.964 6.911 -1.817 -16.15 6.31 -.704 -15.923 7.063 -1.5
3 16 -11.782 -6.351 7.912 -10.697 -6.625 9.09 -12.168 -6.19 8.73
3 16 -12.168 -6.19 8.73 -10.697 -6.625 9.09 -11.099 -6.339 9.884
3 16 -12.67 -6.037 7.923 -11.782 -6.351 7.912 -12.168 -6.19 8.73
3 16 -12.168 -6.19 8.73 -11.099 -6.339 9.884 -12.748 -6.02 9.557
3 16 -12.67 -6.037 7.923 -12.168 -6.19 8.73 -13.267 -5.913 8.946
3 16 -13.267 -5.913 8.946 -12.168 -6.19 8.73 -12.748 -6.02 9.557
3 16 -12.748 -6.02 9.557 -11.099 -6.339 9.884 -12.558 -4.519 11.21
3 16 -13.267 -5.913 8.946 -12.748 -6.02 9.557 -14.032 -5.158 9.342
3 16 -12.558 -4.519 11.21 -11.099 -6.339 9.884 -11.704 -5.344 11.381
3 16 -12.748 -6.02 9.557 -12.558 -4.519 11.21 -13.419 -5.147 10.291
3 16 -13.419 -5.147 10.291 -14.032 -5.158 9.342 -12.748 -6.02 9.557
3 16 -13.419 -5.147 10.291 -12.558 -4.519 11.21 -13.027 -3.975 10.962
3 16 -14.172 -4.856 9.595 -14.032 -5.158 9.342 -13.419 -5.147 10.291
3 16 -13.027 -3.975 10.962 -12.558 -4.519 11.21 -12.883 -3.833 11.207
3 16 6.351 3.627 18.267 7.035 2.429 17.795 7.141 2.959 17.475
3 16 7.141 2.959 17.475 7.086 3.977 16.871 6.351 3.627 18.267
4 16 7.035 2.429 17.795 6.351 3.627 18.267 4.766 2.038 19.022 5.505 1.162 18.538
3 16 5.505 1.162 18.538 4.766 2.038 19.022 4.591 1.719 18.902
3 16 4.766 2.038 19.022 6.351 3.627 18.267 4.216 3.481 19.758
3 16 4.216 3.481 19.758 6.351 3.627 18.267 5.362 4.663 19.303
3 16 5.362 4.663 19.303 6.351 3.627 18.267 6.198 5.727 17.678
3 16 6.198 5.727 17.678 6.351 3.627 18.267 6.681 5.055 17.003
3 16 6.351 3.627 18.267 7.086 3.977 16.871 6.681 5.055 17.003
3 16 6.198 5.727 17.678 5.28 6.479 18.009 5.362 4.663 19.303
3 16 5.362 4.663 19.303 5.28 6.479 18.009 4.123 5.719 19.331
3 16 4.216 3.481 19.758 5.362 4.663 19.303 3.398 4.129 19.759
3 16 3.398 4.129 19.759 5.362 4.663 19.303 4.123 5.719 19.331
3 16 4.123 5.719 19.331 5.28 6.479 18.009 3.792 6.931 18.172
3 16 3.792 6.931 18.172 5.28 6.479 18.009 4.411 7.028 17.558
3 16 3.099 5.136 19.377 3.398 4.129 19.759 4.123 5.719 19.331
3 16 4.123 5.719 19.331 3.792 6.931 18.172 3.159 6.841 18.49
3 16 3.159 6.841 18.49 3.099 5.136 19.377 4.123 5.719 19.331
3 16 2.695 3.793 19.366 3.398 4.129 19.759 3.099 5.136 19.377
3 16 2.695 3.793 19.366 3.099 5.136 19.377 2.173 4.095 19.075
3 16 2.173 4.095 19.075 3.099 5.136 19.377 2.383 5.163 18.919
3 16 2.173 4.095 19.075 2.383 5.163 18.919 1.689 4.015 19.097
3 16 1.689 4.015 19.097 2.383 5.163 18.919 1.914 5.676 18.733
3 16 2.283 6.658 18.497 3.099 5.136 19.377 3.159 6.841 18.49
3 16 2.383 5.163 18.919 3.099 5.136 19.377 2.283 6.658 18.497
3 16 2.383 5.163 18.919 2.283 6.658 18.497 1.914 5.676 18.733
3 16 1.914 5.676 18.733 2.283 6.658 18.497 1.759 6.445 18.561
3 16 -15.893 1.336 -3.562 -16.324 .456 -2.74 -16.476 .61 -1.793
3 16 -16.379 3.082 -2.216 -15.893 1.336 -3.562 -16.476 .61 -1.793
3 16 -15.981 2.8 -3.698 -15.893 1.336 -3.562 -16.379 3.082 -2.216
3 16 -16.476 .61 -1.793 -16.707 1.152 -.709 -16.379 3.082 -2.216
3 16 -16.379 3.082 -2.216 -16.707 1.152 -.709 -16.467 3.193 -1.248
3 16 -16.379 3.082 -2.216 -15.458 4.399 -3.671 -15.981 2.8 -3.698
3 16 -15.951 4.962 -1.726 -15.458 4.399 -3.671 -16.379 3.082 -2.216
3 16 -16.379 3.082 -2.216 -16.467 3.193 -1.248 -15.951 4.962 -1.726
3 16 -16.707 1.152 -.709 -16.941 2.087 .555 -16.467 3.193 -1.248
3 16 -16.467 3.193 -1.248 -16.941 2.087 .555 -16.286 4.427 -.556
3 16 -15.951 4.962 -1.726 -16.467 3.193 -1.248 -16.286 4.427 -.556
3 16 -14.016 -4.614 7.669 -12.67 -6.037 7.923 -13.267 -5.913 8.946
3 16 -13.267 -5.913 8.946 -14.032 -5.158 9.342 -14.016 -4.614 7.669
3 16 -14.016 -4.614 7.669 -14.032 -5.158 9.342 -14.731 -3.797 8.722
3 16 -14.032 -5.158 9.342 -14.172 -4.856 9.595 -14.731 -3.797 8.722
3 16 -14.731 -3.797 8.722 -14.172 -4.856 9.595 -14.875 -3.296 9.197
3 16 10.062 11.046 13.551 10.281 12.973 13.563 9.404 11.105 13.858
3 16 9.404 11.105 13.858 10.281 12.973 13.563 9.019 13.595 13.818
3 16 9.019 13.595 13.818 10.281 12.973 13.563 9.767 14.131 13.452
3 16 8.034 13.087 14.149 9.404 11.105 13.858 9.019 13.595 13.818
3 16 8.47 11.195 14.174 9.404 11.105 13.858 8.034 13.087 14.149
3 16 8.034 13.087 14.149 9.019 13.595 13.818 7.469 14.175 14.091
3 16 9.767 14.131 13.452 8.418 15.346 13.508 9.019 13.595 13.818
3 16 9.019 13.595 13.818 8.418 15.346 13.508 7.469 14.175 14.091
3 16 10.281 12.973 13.563 10.52 13.953 12.201 9.767 14.131 13.452
3 16 9.767 14.131 13.452 10.52 13.953 12.201 9.965 14.958 12.365
3 16 9.22 15.809 12.42 8.418 15.346 13.508 9.767 14.131 13.452
3 16 9.767 14.131 13.452 9.965 14.958 12.365 9.22 15.809 12.42
4 16 -17.435 -2.774 1.552 -17.25 -3.525 2.288 -17.125 -1.303 3.864 -17.319 -1.283 2.831
3 16 -17.25 -3.525 2.288 -16.961 -3.531 4.287 -17.125 -1.303 3.864
3 16 -17.125 -1.303 3.864 -16.961 -3.531 4.287 -16.993 -1.359 4.939
3 16 -17.319 -1.283 2.831 -17.125 -1.303 3.864 -17.336 .261 3.106
3 16 -17.336 .261 3.106 -17.125 -1.303 3.864 -17.07 .419 4.918
3 16 -17.125 -1.303 3.864 -16.993 -1.359 4.939 -17.07 .419 4.918
3 16 -17.07 .419 4.918 -16.993 -1.359 4.939 -16.895 .157 6.079
3 16 -16.376 2.267 3.873 -17.336 .261 3.106 -17.07 .419 4.918
3 16 -16.686 2.158 2.61 -17.336 .261 3.106 -16.376 2.267 3.873
3 16 -16.895 .157 6.079 -16.025 2.075 6.424 -17.07 .419 4.918
3 16 -17.07 .419 4.918 -16.025 2.075 6.424 -16.376 2.267 3.873
3 16 -6.327 -5.763 16.779 -4.7 -4.888 16.571 -6.432 -5.334 17.732
3 16 -6.432 -5.334 17.732 -4.7 -4.888 16.571 -5.881 -4.399 18.455
3 16 -4.7 -4.888 16.571 -4.347 -4.234 17.009 -5.881 -4.399 18.455
3 16 -5.881 -4.399 18.455 -4.347 -4.234 17.009 -5.102 -3.214 18.559
3 16 -5.102 -3.214 18.559 -4.347 -4.234 17.009 -3.825 -3.336 17.592
3 16 -5.102 -3.214 18.559 -3.825 -3.336 17.592 -4.431 -2.532 18.32
3 16 -4.431 -2.532 18.32 -3.825 -3.336 17.592 -3.96 -2.789 18.173
3 16 4.216 3.481 19.758 3.578 2.917 19.179 4.766 2.038 19.022
3 16 4.766 2.038 19.022 3.578 2.917 19.179 4.591 1.719 18.902
3 16 3.398 4.129 19.759 3.578 2.917 19.179 4.216 3.481 19.758
3 16 2.695 3.793 19.366 3.578 2.917 19.179 3.398 4.129 19.759
3 16 -9.897 -6.212 12.988 -8.874 -6.018 13.048 -10.018 -6.036 13.888
3 16 -10.018 -6.036 13.888 -8.874 -6.018 13.048 -8.673 -5.744 14.026
3 16 -10.018 -6.036 13.888 -8.673 -5.744 14.026 -10.372 -6.002 14.348
3 16 -10.372 -6.002 14.348 -8.673 -5.744 14.026 -8.574 -5.011 14.741
3 16 -10.372 -6.002 14.348 -8.574 -5.011 14.741 -10.573 -4.937 15.365
3 16 -10.372 -6.002 14.348 -10.573 -4.937 15.365 -11.076 -5.871 14.288
3 16 -12.344 -4.266 13.852 -11.076 -5.871 14.288 -10.573 -4.937 15.365
3 16 -12.017 -5.372 13.303 -11.076 -5.871 14.288 -12.344 -4.266 13.852
3 16 -12.017 -5.372 13.303 -12.344 -4.266 13.852 -12.416 -4.704 11.955
3 16 -12.416 -4.704 11.955 -12.344 -4.266 13.852 -12.947 -3.506 12.045
3 16 -12.883 -3.833 11.207 -12.416 -4.704 11.955 -12.947 -3.506 12.045
3 16 -12.558 -4.519 11.21 -12.416 -4.704 11.955 -12.883 -3.833 11.207
3 16 -12.883 -3.833 11.207 -12.947 -3.506 12.045 -13.492 -2.251 11.329
3 16 -13.492 -2.251 11.329 -12.947 -3.506 12.045 -13.429 -2.121 12.042
3 16 -12.947 -3.506 12.045 -12.344 -4.266 13.852 -13.429 -2.121 12.042
3 16 -10.573 -4.937 15.365 -10.718 -3.634 15.783 -12.344 -4.266 13.852
3 16 -9.306 -3.914 15.688 -10.718 -3.634 15.783 -10.573 -4.937 15.365
3 16 -10.573 -4.937 15.365 -8.574 -5.011 14.741 -9.306 -3.914 15.688
3 16 -9.962 -2.761 16.157 -10.718 -3.634 15.783 -9.306 -3.914 15.688
3 16 -12.344 -4.266 13.852 -10.718 -3.634 15.783 -12.222 -3.046 14.566
3 16 -12.222 -3.046 14.566 -10.718 -3.634 15.783 -10.993 -2.551 15.879
3 16 -10.993 -2.551 15.879 -10.718 -3.634 15.783 -9.962 -2.761 16.157
3 16 -13.429 -2.121 12.042 -12.344 -4.266 13.852 -13.317 -1.984 12.536
3 16 -13.317 -1.984 12.536 -12.344 -4.266 13.852 -12.222 -3.046 14.566
3 16 -12.222 -3.046 14.566 -10.993 -2.551 15.879 -12.156 -2.16 14.935
3 16 -13.317 -1.984 12.536 -12.222 -3.046 14.566 -13.059 -1.512 13.133
3 16 -13.059 -1.512 13.133 -12.222 -3.046 14.566 -12.156 -2.16 14.935
3 16 -16.19 -2.908 5.869 -15.015 -4.131 5.633 -16.088 -2.789 7.114
3 16 -16.088 -2.789 7.114 -15.015 -4.131 5.633 -14.016 -4.614 7.669
3 16 -14.016 -4.614 7.669 -14.731 -3.797 8.722 -16.088 -2.789 7.114
3 16 -16.088 -2.789 7.114 -14.731 -3.797 8.722 -16.104 -2.495 7.912
3 16 -16.104 -2.495 7.912 -14.731 -3.797 8.722 -14.875 -3.296 9.197
3 16 -14.875 -3.296 9.197 -14.557 -1.741 10.059 -16.104 -2.495 7.912
3 16 -16.104 -2.495 7.912 -14.557 -1.741 10.059 -15.472 .412 9.379
3 16 -12.134 11.213 -4.699 -11.827 11.047 -5.53 -13.978 10.243 -5.868
3 16 -13.978 10.243 -5.868 -11.827 11.047 -5.53 -13.866 9.986 -6.216
3 16 -13.978 10.243 -5.868 -14.578 10.379 -4.369 -12.134 11.213 -4.699
3 16 -12.134 11.213 -4.699 -14.578 10.379 -4.369 -12.975 11.06 -3.605
3 16 -14.578 10.379 -4.369 -14.866 10.364 -3.477 -12.975 11.06 -3.605
3 16 -12.975 11.06 -3.605 -14.866 10.364 -3.477 -13.189 10.602 -2.108
3 16 -13.189 10.602 -2.108 -14.866 10.364 -3.477 -14.227 10.541 -2.115
3 16 -14.227 10.541 -2.115 -14.866 10.364 -3.477 -15.078 10.232 -2.413
3 16 -11.076 -5.871 14.288 -10.552 -6.041 12.725 -10.018 -6.036 13.888
3 16 -10.018 -6.036 13.888 -10.552 -6.041 12.725 -9.897 -6.212 12.988
3 16 -12.017 -5.372 13.303 -10.552 -6.041 12.725 -11.076 -5.871 14.288
3 16 -11.171 -5.656 12.261 -10.552 -6.041 12.725 -12.017 -5.372 13.303
3 16 -11.076 -5.871 14.288 -10.018 -6.036 13.888 -10.372 -6.002 14.348
3 16 -12.416 -4.704 11.955 -11.171 -5.656 12.261 -12.017 -5.372 13.303
3 16 -11.704 -5.344 11.381 -11.171 -5.656 12.261 -12.416 -4.704 11.955
3 16 -12.558 -4.519 11.21 -11.704 -5.344 11.381 -12.416 -4.704 11.955
4 16 2.363 1.687 19.846 1.63 1.193 19.88 2.467 .401 19.759 2.67 .984 19.775
3 16 2.467 .401 19.759 1.63 1.193 19.88 1.882 -.047 19.77
3 16 1.182 .18 19.798 1.882 -.047 19.77 1.63 1.193 19.88
3 16 1.182 .18 19.798 1.63 1.193 19.88 .857 .746 19.838
3 16 1.63 1.193 19.88 2.363 1.687 19.846 1.657 2.269 19.853
3 16 .857 .746 19.838 1.63 1.193 19.88 .753 1.139 19.847
3 16 1.63 1.193 19.88 1.657 2.269 19.853 1.059 2.017 19.859
3 16 .753 1.139 19.847 1.63 1.193 19.88 .734 1.685 19.851
3 16 1.63 1.193 19.88 1.059 2.017 19.859 .734 1.685 19.851
3 16 6.711 8.667 16.959 6.384 6.925 17.913 7.339 7.437 17.333
3 16 6.055 8.257 17.514 6.384 6.925 17.913 6.711 8.667 16.959
3 16 6.711 8.667 16.959 5.972 9.3 16.619 6.055 8.257 17.514
3 16 6.224 9.484 16.345 5.972 9.3 16.619 6.711 8.667 16.959
3 16 6.224 9.484 16.345 5.707 9.897 16.148 5.972 9.3 16.619
3 16 6.024 9.966 15.953 5.707 9.897 16.148 6.224 9.484 16.345
3 16 5.872 7.19 18.016 6.384 6.925 17.913 6.055 8.257 17.514
3 16 -6.327 -5.763 16.779 -6.432 -5.334 17.732 -7.206 -5.749 16.309
3 16 -7.206 -5.749 16.309 -6.432 -5.334 17.732 -7.765 -4.853 17.612
3 16 -9.306 -3.914 15.688 -7.206 -5.749 16.309 -7.765 -4.853 17.612
3 16 -8.574 -5.011 14.741 -7.206 -5.749 16.309 -9.306 -3.914 15.688
3 16 -7.765 -4.853 17.612 -6.432 -5.334 17.732 -7.277 -4.051 18.71
3 16 -7.277 -4.051 18.71 -6.432 -5.334 17.732 -5.881 -4.399 18.455
3 16 -7.277 -4.051 18.71 -5.881 -4.399 18.455 -6.336 -3 18.918
3 16 -5.881 -4.399 18.455 -5.102 -3.214 18.559 -6.336 -3 18.918
3 16 -5.102 -3.214 18.559 -5.574 -2.156 18.756 -6.336 -3 18.918
3 16 -4.431 -2.532 18.32 -5.574 -2.156 18.756 -5.102 -3.214 18.559
3 16 -4.391 -1.615 18.391 -5.574 -2.156 18.756 -4.431 -2.532 18.32
3 16 -5.193 -1.303 18.632 -5.574 -2.156 18.756 -4.391 -1.615 18.391
3 16 -7.765 -4.853 17.612 -8.872 -3.381 18.082 -9.306 -3.914 15.688
3 16 -7.765 -4.853 17.612 -7.277 -4.051 18.71 -8.872 -3.381 18.082
3 16 -9.306 -3.914 15.688 -8.872 -3.381 18.082 -9.494 -3.095 16.588
3 16 -9.306 -3.914 15.688 -9.494 -3.095 16.588 -9.962 -2.761 16.157
3 16 -5.802 -.951 18.649 -5.574 -2.156 18.756 -5.193 -1.303 18.632
3 16 -6.369 -1.683 18.864 -5.574 -2.156 18.756 -5.802 -.951 18.649
3 16 -5.574 -2.156 18.756 -6.369 -1.683 18.864 -6.336 -3 18.918
3 16 -6.336 -3 18.918 -6.369 -1.683 18.864 -7.735 -2.865 18.897
3 16 -8.872 -3.381 18.082 -7.277 -4.051 18.71 -7.735 -2.865 18.897
3 16 -7.277 -4.051 18.71 -6.336 -3 18.918 -7.735 -2.865 18.897
3 16 -4.431 -2.532 18.32 -4.019 -2.171 18.332 -4.391 -1.615 18.391
3 16 -4.431 -2.532 18.32 -3.96 -2.789 18.173 -4.019 -2.171 18.332
3 16 -4.391 -1.615 18.391 -4.019 -2.171 18.332 -4.01 -1.587 18.388
3 16 6.451 12.055 15.849 8.47 11.195 14.174 8.034 13.087 14.149
4 16 8.47 11.195 14.174 6.451 12.055 15.849 5.857 11.054 16.219 6.953 9.949 15.27
3 16 6.024 9.966 15.953 6.953 9.949 15.27 5.857 11.054 16.219
3 16 5.707 9.897 16.148 6.024 9.966 15.953 5.857 11.054 16.219
3 16 -14.875 -3.296 9.197 -14.172 -4.856 9.595 -13.027 -3.975 10.962
3 16 -13.027 -3.975 10.962 -14.172 -4.856 9.595 -13.419 -5.147 10.291
3 16 -14.875 -3.296 9.197 -13.027 -3.975 10.962 -14.557 -1.741 10.059
3 16 -14.557 -1.741 10.059 -13.027 -3.975 10.962 -12.883 -3.833 11.207
3 16 -14.557 -1.741 10.059 -12.883 -3.833 11.207 -13.492 -2.251 11.329
3 16 6.451 12.055 15.849 8.034 13.087 14.149 7.469 14.175 14.091
3 16 7.469 14.175 14.091 6.304 14.603 14.442 6.451 12.055 15.849
3 16 6.304 14.603 14.442 5.472 14.87 14.401 5.162 13.271 15.782
3 16 5.472 14.87 14.401 4.722 14.175 15.176 5.162 13.271 15.782
3 16 5.162 13.271 15.782 6.451 12.055 15.849 6.304 14.603 14.442
3 16 6.451 12.055 15.849 5.162 13.271 15.782 4.943 12.795 16.081
3 16 4.943 12.795 16.081 4.474 10.907 16.338 5.857 11.054 16.219
3 16 5.857 11.054 16.219 6.451 12.055 15.849 4.943 12.795 16.081
4 16 5.857 11.054 16.219 4.474 10.907 16.338 5.053 9.526 16.184 5.707 9.897 16.148
3 16 3.708 10.583 16.454 5.053 9.526 16.184 4.474 10.907 16.338
3 16 4.287 9.027 16.389 5.053 9.526 16.184 3.708 10.583 16.454
3 16 3.969 11.662 16.28 4.474 10.907 16.338 4.943 12.795 16.081
3 16 4.474 10.907 16.338 3.969 11.662 16.28 3.017 11.386 16.364
3 16 3.017 11.386 16.364 3.708 10.583 16.454 4.474 10.907 16.338
3 16 -16.548 -1.862 5.881 -16.19 -2.908 5.869 -16.088 -2.789 7.114
3 16 -16.548 -1.862 5.881 -16.088 -2.789 7.114 -16.104 -2.495 7.912
3 16 -16.548 -1.862 5.881 -16.104 -2.495 7.912 -15.726 .869 7.392
3 16 -15.726 .869 7.392 -16.104 -2.495 7.912 -15.472 .412 9.379
4 16 -15.522 1.658 7.302 -15.726 .869 7.392 -15.472 .412 9.379 -15.291 1.302 9.008
3 16 -15.522 1.658 7.302 -15.291 1.302 9.008 -15.097 2.355 8.367
3 16 -13.276 8.529 -1.184 -14.993 8.108 -1.327 -13.364 7.677 -.477
3 16 -13.364 7.677 -.477 -14.993 8.108 -1.327 -15.124 7.379 -.772
3 16 -13.364 7.677 -.477 -15.124 7.379 -.772 -13.318 7.166 .45
3 16 -13.318 7.166 .45 -15.124 7.379 -.772 -15.377 6.787 .015
3 16 -13.276 8.529 -1.184 -14.693 9.079 -1.643 -14.993 8.108 -1.327
3 16 -13.149 9.459 -1.649 -14.693 9.079 -1.643 -13.276 8.529 -1.184
3 16 -15.684 6.348 .932 -13.318 7.166 .45 -15.377 6.787 .015
3 16 -13.273 7.143 1.542 -13.318 7.166 .45 -15.684 6.348 .932
3 16 -13.149 9.459 -1.649 -14.227 10.541 -2.115 -14.693 9.079 -1.643
3 16 -13.189 10.602 -2.108 -14.227 10.541 -2.115 -13.149 9.459 -1.649
3 16 -15.124 7.379 -.772 -16.15 6.31 -.704 -15.377 6.787 .015
3 16 -15.923 7.063 -1.5 -16.15 6.31 -.704 -15.124 7.379 -.772
3 16 -14.993 8.108 -1.327 -15.923 7.063 -1.5 -15.124 7.379 -.772
3 16 -15.627 8.028 -1.945 -15.923 7.063 -1.5 -14.993 8.108 -1.327
3 16 -15.627 8.028 -1.945 -14.993 8.108 -1.327 -15.334 9.021 -2.229
3 16 -15.334 9.021 -2.229 -14.993 8.108 -1.327 -14.693 9.079 -1.643
3 16 -16.15 6.31 -.704 -16.408 5.744 .323 -15.377 6.787 .015
3 16 -15.377 6.787 .015 -16.408 5.744 .323 -15.684 6.348 .932
3 16 -15.334 9.021 -2.229 -14.693 9.079 -1.643 -15.078 10.232 -2.413
3 16 -15.078 10.232 -2.413 -14.693 9.079 -1.643 -14.227 10.541 -2.115
3 16 -15.684 6.348 .932 -15.848 6.137 1.816 -13.273 7.143 1.542
4 16 -15.684 6.348 .932 -16.408 5.744 .323 -16.933 5.227 .946 -15.848 6.137 1.816
4 16 -16.232 5.802 2.292 -15.848 6.137 1.816 -16.933 5.227 .946 -16.905 5.239 1.919
3 16 -15.647 6.168 3.252 -15.848 6.137 1.816 -16.232 5.802 2.292
3 16 -15.647 6.168 3.252 -13.273 7.143 1.542 -15.848 6.137 1.816
3 16 -13.273 7.143 1.542 -15.647 6.168 3.252 -13.045 7.696 2.949
3 16 -13.045 7.696 2.949 -15.647 6.168 3.252 -15.386 7.027 4.713
3 16 -15.386 7.027 4.713 -15.26 7.582 5.316 -13.045 7.696 2.949
3 16 -13.045 7.696 2.949 -15.26 7.582 5.316 -12.744 8.765 3.966
3 16 -12.744 8.765 3.966 -15.26 7.582 5.316 -14.713 9.318 5.781
3 16 -12.744 8.765 3.966 -14.713 9.318 5.781 -12.493 10.778 4.666
3 16 -12.493 10.778 4.666 -14.713 9.318 5.781 -14.346 10.906 6.311
3 16 -14.346 10.906 6.311 -11.962 13.414 5.947 -12.493 10.778 4.666
3 16 -13.242 13.3 7.337 -11.962 13.414 5.947 -14.346 10.906 6.311
3 16 -13.242 13.3 7.337 -11.152 15.629 7.352 -11.962 13.414 5.947
3 16 -12.575 15.034 8.629 -11.152 15.629 7.352 -13.242 13.3 7.337
3 16 -12.575 15.034 8.629 -10.566 16.73 8.092 -11.152 15.629 7.352
3 16 -11.858 16.419 9.88 -10.566 16.73 8.092 -12.575 15.034 8.629
3 16 -11.858 16.419 9.88 -9.657 17.624 9.203 -10.566 16.73 8.092
3 16 -11.081 17 10.656 -9.657 17.624 9.203 -11.858 16.419 9.88
3 16 -11.081 17 10.656 -9.654 17.776 11.955 -9.657 17.624 9.203
3 16 -9.657 17.624 9.203 -9.654 17.776 11.955 -8.575 18.258 10.216
3 16 -9.654 17.776 11.955 -7.591 18.603 10.94 -8.575 18.258 10.216
3 16 -7.295 18.37 13.354 -7.591 18.603 10.94 -9.654 17.776 11.955
3 16 -7.295 18.37 13.354 -5.893 18.821 11.915 -7.591 18.603 10.94
3 16 -5.845 18.624 14.016 -5.893 18.821 11.915 -7.295 18.37 13.354
3 16 -5.893 18.821 11.915 -5.845 18.624 14.016 -4.027 18.932 12.598
3 16 -4.027 18.932 12.598 -5.845 18.624 14.016 -4.601 18.739 14.423
4 16 -2.013 18.964 13.1 -4.027 18.932 12.598 -4.601 18.739 14.423 -2.507 18.788 14.916
4 16 -.071 19.026 13.239 -2.013 18.964 13.1 -2.507 18.788 14.916 -.644 18.827 15.204
3 16 3.792 6.931 18.172 4.411 7.028 17.558 3.664 7.372 18.169
3 16 4.411 7.028 17.558 4.429 8.066 16.996 3.664 7.372 18.169
3 16 3.664 7.372 18.169 4.429 8.066 16.996 3.688 8.907 17.759
3 16 4.429 8.066 16.996 4.287 9.027 16.389 3.688 8.907 17.759
3 16 3.688 8.907 17.759 4.287 9.027 16.389 3.452 9.963 17.539
3 16 3.452 9.963 17.539 4.287 9.027 16.389 3.708 10.583 16.454
3 16 3.664 7.372 18.169 3.688 8.907 17.759 3.123 8.213 18.839
3 16 3.123 8.213 18.839 3.688 8.907 17.759 3.399 9.182 18.288
3 16 3.688 8.907 17.759 3.452 9.963 17.539 3.399 9.182 18.288
3 16 -1.854 -.432 19.399 -.806 .204 18.797 -2.397 .11 19.735
4 16 -2.397 .11 19.735 -.806 .204 18.797 -.718 2.357 18.886 -2.291 1.337 19.766
3 16 -2.291 1.337 19.766 -.718 2.357 18.886 -1.605 2.954 19.514
3 16 -2.397 .11 19.735 -2.291 1.337 19.766 -3.107 .207 19.805
3 16 -3.107 .207 19.805 -2.291 1.337 19.766 -3.682 2.356 19.674
3 16 -4.361 1.881 19.512 -3.817 .133 19.661 -3.107 .207 19.805
4 16 -4.361 1.881 19.512 -4.878 1.458 19.296 -4.727 -.35 19.282 -3.817 .133 19.661
3 16 -3.682 2.356 19.674 -4.361 1.881 19.512 -3.107 .207 19.805
3 16 -2.291 1.337 19.766 -1.605 2.954 19.514 -3.682 2.356 19.674
3 16 -3.682 2.356 19.674 -1.605 2.954 19.514 -2.75 3.756 19.27
3 16 -5.453 .464 19.049 -4.727 -.35 19.282 -4.878 1.458 19.296
3 16 -5.453 .464 19.049 -5.802 -.951 18.649 -4.727 -.35 19.282
3 16 8.418 15.346 13.508 7.669 16.415 14.036 7.469 14.175 14.091
3 16 7.469 14.175 14.091 7.669 16.415 14.036 6.519 15.925 14.466
3 16 7.469 14.175 14.091 6.519 15.925 14.466 6.304 14.603 14.442
3 16 -4.01 -1.587 18.388 -3.646 -1.358 18.681 -4.391 -1.615 18.391
3 16 -4.391 -1.615 18.391 -3.646 -1.358 18.681 -3.937 -.785 19.087
3 16 -4.391 -1.615 18.391 -3.937 -.785 19.087 -5.193 -1.303 18.632
3 16 -5.193 -1.303 18.632 -3.937 -.785 19.087 -4.727 -.35 19.282
3 16 -3.646 -1.358 18.681 -3.166 -1.058 19.145 -3.937 -.785 19.087
3 16 -3.166 -1.058 19.145 -3.107 .207 19.805 -3.937 -.785 19.087
3 16 -2.547 -.783 19.435 -3.107 .207 19.805 -3.166 -1.058 19.145
3 16 -2.547 -.783 19.435 -2.397 .11 19.735 -3.107 .207 19.805
3 16 -1.854 -.432 19.399 -2.397 .11 19.735 -2.547 -.783 19.435
3 16 -3.107 .207 19.805 -3.817 .133 19.661 -3.937 -.785 19.087
3 16 -3.937 -.785 19.087 -3.817 .133 19.661 -4.727 -.35 19.282
3 16 -5.802 -.951 18.649 -5.193 -1.303 18.632 -4.727 -.35 19.282
3 16 3.159 6.841 18.49 3.792 6.931 18.172 3.664 7.372 18.169
3 16 3.664 7.372 18.169 3.123 8.213 18.839 3.159 6.841 18.49
3 16 3.159 6.841 18.49 3.123 8.213 18.839 2.424 8.092 18.996
3 16 3.159 6.841 18.49 2.424 8.092 18.996 2.283 6.658 18.497
3 16 2.283 6.658 18.497 2.424 8.092 18.996 1.75 7.608 18.819
3 16 1.271 7.188 18.728 2.283 6.658 18.497 1.75 7.608 18.819
3 16 1.759 6.445 18.561 2.283 6.658 18.497 1.271 7.188 18.728
3 16 .423 2.653 19.46 1.093 3.215 19.419 .221 3.256 19.79
3 16 .221 3.256 19.79 1.093 3.215 19.419 .634 3.755 19.84
3 16 1.093 3.215 19.419 1.689 4.015 19.097 .634 3.755 19.84
3 16 .634 3.755 19.84 1.689 4.015 19.097 .913 4.472 19.832
3 16 -.709 3.367 19.823 .423 2.653 19.46 .221 3.256 19.79
3 16 -.718 2.357 18.886 .423 2.653 19.46 -.709 3.367 19.823
3 16 .913 4.472 19.832 1.689 4.015 19.097 1.914 5.676 18.733
3 16 -1.605 2.954 19.514 -.718 2.357 18.886 -.709 3.367 19.823
3 16 1.914 5.676 18.733 .944 5.769 19.852 .913 4.472 19.832
3 16 1.759 6.445 18.561 .944 5.769 19.852 1.914 5.676 18.733
3 16 1.759 6.445 18.561 1.271 7.188 18.728 .944 5.769 19.852
3 16 .944 5.769 19.852 1.271 7.188 18.728 .208 6.441 19.809
3 16 -.709 3.367 19.823 -1.849 3.865 19.862 -1.605 2.954 19.514
3 16 -1.605 2.954 19.514 -1.849 3.865 19.862 -2.75 3.756 19.27
3 16 .208 6.441 19.809 1.271 7.188 18.728 .87 7.505 18.492
3 16 .87 7.505 18.492 -.902 6.841 19.76 .208 6.441 19.809
3 16 .482 8 17.826 -.902 6.841 19.76 .87 7.505 18.492
3 16 -2.75 3.756 19.27 -1.849 3.865 19.862 -2.825 4.61 19.157
3 16 -2.825 4.61 19.157 -1.849 3.865 19.862 -2.232 5.637 19.809
3 16 -.902 6.841 19.76 .482 8 17.826 -.132 8.113 17.959
3 16 -.132 8.113 17.959 -2.667 6.418 18.202 -.902 6.841 19.76
3 16 -.902 6.841 19.76 -2.667 6.418 18.202 -2.232 5.637 19.809
3 16 -2.825 4.61 19.157 -2.232 5.637 19.809 -2.901 5.437 18.953
3 16 -2.232 5.637 19.809 -2.667 6.418 18.202 -2.901 5.437 18.953
3 16 -16.933 5.227 .946 -17.109 2.166 1.208 -16.905 5.239 1.919
3 16 -17.109 2.166 1.208 -16.686 2.158 2.61 -16.905 5.239 1.919
3 16 -16.905 5.239 1.919 -16.686 2.158 2.61 -16.727 5.051 2.884
3 16 -16.686 2.158 2.61 -16.376 2.267 3.873 -16.727 5.051 2.884
3 16 -16.727 5.051 2.884 -16.376 2.267 3.873 -16.146 5.052 4.07
4 16 6.304 14.603 14.442 6.519 15.925 14.466 5.348 16.144 14.397 5.472 14.87 14.401
3 16 6.519 15.925 14.466 6.195 16.856 14.41 5.348 16.144 14.397
3 16 5.348 16.144 14.397 6.195 16.856 14.41 5.353 17.25 14.518
3 16 .221 3.256 19.79 .634 3.755 19.84 -.709 3.367 19.823
3 16 -.709 3.367 19.823 .634 3.755 19.84 -.564 4.934 19.877
3 16 .634 3.755 19.84 .913 4.472 19.832 -.564 4.934 19.877
3 16 .913 4.472 19.832 .944 5.769 19.852 -.564 4.934 19.877
3 16 -.564 4.934 19.877 .944 5.769 19.852 .208 6.441 19.809
3 16 -.709 3.367 19.823 -.564 4.934 19.877 -1.849 3.865 19.862
3 16 -1.849 3.865 19.862 -.564 4.934 19.877 -2.232 5.637 19.809
4 16 .208 6.441 19.809 -.902 6.841 19.76 -2.232 5.637 19.809 -.564 4.934 19.877
3 16 -8.872 -3.381 18.082 -9.248 -1.907 16.677 -9.494 -3.095 16.588
3 16 -9.494 -3.095 16.588 -9.248 -1.907 16.677 -9.962 -2.761 16.157
3 16 -9.248 -1.907 16.677 -8.872 -3.381 18.082 -8.519 -1.309 17.196
3 16 -8.519 -1.309 17.196 -8.872 -3.381 18.082 -7.735 -2.865 18.897
3 16 -7.701 -1.02 17.96 -8.519 -1.309 17.196 -7.735 -2.865 18.897
3 16 -7.735 -2.865 18.897 -6.369 -1.683 18.864 -7.701 -1.02 17.96
3 16 -7.701 -1.02 17.96 -6.369 -1.683 18.864 -6.364 -.472 18.209
3 16 -6.369 -1.683 18.864 -5.802 -.951 18.649 -6.364 -.472 18.209
3 16 -14.429 -1.45 11.761 -13.492 -2.251 11.329 -13.429 -2.121 12.042
3 16 -14.429 -1.45 11.761 -14.557 -1.741 10.059 -13.492 -2.251 11.329
3 16 -15.472 .412 9.379 -14.557 -1.741 10.059 -14.429 -1.45 11.761
3 16 -15.035 -.091 11.718 -15.472 .412 9.379 -14.429 -1.45 11.761
3 16 -15.002 1.645 11.485 -15.472 .412 9.379 -15.035 -.091 11.718
3 16 -15.291 1.302 9.008 -15.472 .412 9.379 -15.002 1.645 11.485
3 16 -14.393 2.462 11.441 -15.291 1.302 9.008 -15.002 1.645 11.485
3 16 -14.634 3.087 9.005 -15.291 1.302 9.008 -14.393 2.462 11.441
3 16 -15.097 2.355 8.367 -15.291 1.302 9.008 -14.634 3.087 9.005
3 16 4.943 12.795 16.081 5.162 13.271 15.782 3.605 12.981 15.469
3 16 3.605 12.981 15.469 5.162 13.271 15.782 4.722 14.175 15.176
3 16 3.605 12.981 15.469 3.969 11.662 16.28 4.943 12.795 16.081
3 16 3.017 11.386 16.364 3.969 11.662 16.28 3.605 12.981 15.469
3 16 -10.993 -2.551 15.879 -9.962 -2.761 16.157 -9.248 -1.907 16.677
3 16 -10.993 -2.551 15.879 -9.248 -1.907 16.677 -11.162 -1.853 16.783
3 16 -10.993 -2.551 15.879 -11.162 -1.853 16.783 -11.632 -1.934 16.488
3 16 -11.162 -1.853 16.783 -9.248 -1.907 16.677 -10.6 -1.18 17.207
3 16 -9.248 -1.907 16.677 -9.285 -.476 17.487 -10.6 -1.18 17.207
3 16 -8.519 -1.309 17.196 -9.285 -.476 17.487 -9.248 -1.907 16.677
3 16 -10.993 -2.551 15.879 -11.632 -1.934 16.488 -12.156 -2.16 14.935
3 16 -12.156 -2.16 14.935 -11.632 -1.934 16.488 -12.492 -1.525 15.537
3 16 -12.156 -2.16 14.935 -12.492 -1.525 15.537 -13.059 -1.512 13.133
3 16 -13.059 -1.512 13.133 -12.492 -1.525 15.537 -13.44 -.575 13.286
3 16 -6.364 -.472 18.209 -5.802 -.951 18.649 -6.224 .354 18.492
3 16 -6.224 .354 18.492 -5.802 -.951 18.649 -5.453 .464 19.049
3 16 -6.224 .354 18.492 -5.453 .464 19.049 -6.072 1.176 18.502
3 16 -5.453 .464 19.049 -4.878 1.458 19.296 -6.072 1.176 18.502
3 16 -6.072 1.176 18.502 -4.878 1.458 19.296 -5.608 2.379 17.99
3 16 -4.878 1.458 19.296 -4.318 3.028 18.736 -5.608 2.379 17.99
3 16 -4.361 1.881 19.512 -4.318 3.028 18.736 -4.878 1.458 19.296
3 16 -4.361 1.881 19.512 -3.682 2.356 19.674 -4.318 3.028 18.736
3 16 -3.682 2.356 19.674 -3.159 3.765 19.219 -4.318 3.028 18.736
3 16 -2.75 3.756 19.27 -3.159 3.765 19.219 -3.682 2.356 19.674
3 16 -5.931 2.323 17.892 -6.072 1.176 18.502 -5.608 2.379 17.99
3 16 -16.232 5.802 2.292 -16.905 5.239 1.919 -16.727 5.051 2.884
3 16 -16.232 5.802 2.292 -16.727 5.051 2.884 -15.647 6.168 3.252
3 16 -15.647 6.168 3.252 -16.727 5.051 2.884 -16.146 5.052 4.07
3 16 3.452 9.963 17.539 3.708 10.583 16.454 2.344 10.262 17.987
3 16 3.452 9.963 17.539 2.344 10.262 17.987 3.399 9.182 18.288
3 16 3.399 9.182 18.288 2.344 10.262 17.987 2.321 9.024 18.755
3 16 3.399 9.182 18.288 2.321 9.024 18.755 3.123 8.213 18.839
3 16 3.123 8.213 18.839 2.321 9.024 18.755 2.424 8.092 18.996
3 16 2.344 10.262 17.987 3.708 10.583 16.454 3.017 11.386 16.364
3 16 1.396 9.658 18.254 2.321 9.024 18.755 2.344 10.262 17.987
3 16 1.413 8.212 18.731 2.321 9.024 18.755 1.396 9.658 18.254
3 16 1.413 8.212 18.731 2.424 8.092 18.996 2.321 9.024 18.755
3 16 1.75 7.608 18.819 2.424 8.092 18.996 1.413 8.212 18.731
3 16 1.75 7.608 18.819 1.413 8.212 18.731 1.209 7.827 18.569
3 16 1.75 7.608 18.819 1.209 7.827 18.569 1.271 7.188 18.728
3 16 1.271 7.188 18.728 1.209 7.827 18.569 .87 7.505 18.492
3 16 3.017 11.386 16.364 1.147 10.625 17.422 2.344 10.262 17.987
3 16 2.344 10.262 17.987 1.147 10.625 17.422 1.396 9.658 18.254
3 16 -13.317 -1.984 12.536 -14.013 -1.396 12.65 -13.429 -2.121 12.042
3 16 -13.429 -2.121 12.042 -14.013 -1.396 12.65 -14.429 -1.45 11.761
3 16 -14.013 -1.396 12.65 -14.45 -.167 12.664 -14.429 -1.45 11.761
3 16 -14.429 -1.45 11.761 -14.45 -.167 12.664 -15.035 -.091 11.718
3 16 -14.45 -.167 12.664 -14.801 1.155 12.155 -15.035 -.091 11.718
3 16 -15.035 -.091 11.718 -14.801 1.155 12.155 -15.002 1.645 11.485
3 16 4.722 14.175 15.176 5.472 14.87 14.401 4.226 15.793 15.702
3 16 4.226 15.793 15.702 5.472 14.87 14.401 5.348 16.144 14.397
3 16 5.348 16.144 14.397 4.423 16.737 15.492 4.226 15.793 15.702
3 16 5.353 17.25 14.518 4.423 16.737 15.492 5.348 16.144 14.397
3 16 -13.317 -1.984 12.536 -13.059 -1.512 13.133 -14.013 -1.396 12.65
3 16 -13.059 -1.512 13.133 -13.44 -.575 13.286 -14.013 -1.396 12.65
3 16 -14.013 -1.396 12.65 -13.44 -.575 13.286 -14.45 -.167 12.664
3 16 -14.45 -.167 12.664 -13.44 -.575 13.286 -13.3 .342 13.347
3 16 -13.3 .342 13.347 -13.721 1.834 12.403 -14.801 1.155 12.155
3 16 -13.721 1.834 12.403 -13.3 .342 13.347 -12.704 1.318 13.279
3 16 -14.801 1.155 12.155 -14.45 -.167 12.664 -13.3 .342 13.347
3 16 -13.721 1.834 12.403 -14.393 2.462 11.441 -14.801 1.155 12.155
3 16 -14.801 1.155 12.155 -14.393 2.462 11.441 -15.002 1.645 11.485
3 16 -16.376 2.267 3.873 -16.025 2.075 6.424 -16.129 3.127 7.656
3 16 -16.376 2.267 3.873 -16.129 3.127 7.656 -15.902 4.533 7.683
3 16 -15.761 5.11 7.062 -16.376 2.267 3.873 -15.902 4.533 7.683
3 16 -16.146 5.052 4.07 -16.376 2.267 3.873 -15.761 5.11 7.062
3 16 3.605 12.981 15.469 4.722 14.175 15.176 4.226 15.793 15.702
3 16 4.226 15.793 15.702 3.71 16.992 15.729 3.605 12.981 15.469
3 16 4.423 16.737 15.492 3.71 16.992 15.729 4.226 15.793 15.702
3 16 3.605 12.981 15.469 3.71 16.992 15.729 2.731 17.08 15.965
3 16 2.731 17.08 15.965 2.135 16.59 16.115 3.605 12.981 15.469
3 16 3.605 12.981 15.469 2.135 16.59 16.115 2.094 15.637 16.164
3 16 1.885 14.806 16.23 3.605 12.981 15.469 2.094 15.637 16.164
3 16 .87 7.505 18.492 1.209 7.827 18.569 .482 8 17.826
3 16 .482 8 17.826 1.209 7.827 18.569 1.02 8.819 17.977
3 16 1.02 8.819 17.977 1.209 7.827 18.569 1.413 8.212 18.731
3 16 1.02 8.819 17.977 1.413 8.212 18.731 1.396 9.658 18.254
3 16 1.02 8.819 17.977 1.396 9.658 18.254 .682 10.239 17.276
3 16 .607 8.97 17.68 1.02 8.819 17.977 .682 10.239 17.276
3 16 .482 8 17.826 1.02 8.819 17.977 .607 8.97 17.68
3 16 .682 10.239 17.276 1.396 9.658 18.254 1.147 10.625 17.422
3 16 -15.097 2.355 8.367 -16.129 3.127 7.656 -15.522 1.658 7.302
3 16 -15.522 1.658 7.302 -16.129 3.127 7.656 -16.025 2.075 6.424
3 16 -14.634 3.087 9.005 -16.129 3.127 7.656 -15.097 2.355 8.367
3 16 -15.902 4.533 7.683 -16.129 3.127 7.656 -14.634 3.087 9.005
3 16 -14.634 3.087 9.005 -14.357 4.564 8.993 -15.902 4.533 7.683
3 16 -15.902 4.533 7.683 -14.357 4.564 8.993 -14.701 5.201 8.461
3 16 -14.701 5.201 8.461 -15.761 5.11 7.062 -15.902 4.533 7.683
3 16 -14.86 6.007 7.421 -15.761 5.11 7.062 -14.701 5.201 8.461
3 16 -14.86 6.007 7.421 -16.146 5.052 4.07 -15.761 5.11 7.062
3 16 -15.647 6.168 3.252 -16.146 5.052 4.07 -14.86 6.007 7.421
3 16 -8.519 -1.309 17.196 -7.701 -1.02 17.96 -9.285 -.476 17.487
3 16 -9.285 -.476 17.487 -7.701 -1.02 17.96 -8.672 .131 18.708
3 16 -8.672 .131 18.708 -7.701 -1.02 17.96 -8.153 .093 18.995
4 16 -8.153 .093 18.995 -7.701 -1.02 17.96 -6.364 -.472 18.209 -7.785 .332 19.146
4 16 -6.364 -.472 18.209 -6.224 .354 18.492 -7.524 .765 19.207 -7.785 .332 19.146
3 16 -6.224 .354 18.492 -6.072 1.176 18.502 -7.524 .765 19.207
3 16 -7.524 .765 19.207 -6.072 1.176 18.502 -7.55 1.49 19.18
3 16 -7.55 1.49 19.18 -6.072 1.176 18.502 -7.889 2.19 19.004
3 16 -7.889 2.19 19.004 -6.072 1.176 18.502 -5.931 2.323 17.892
3 16 -9.285 -.476 17.487 -8.672 .131 18.708 -9.862 .172 17.403
3 16 -9.862 .172 17.403 -8.672 .131 18.708 -8.951 1.131 18.901
3 16 -8.153 .093 18.995 -8.277 .835 19.2 -8.672 .131 18.708
3 16 -8.951 1.131 18.901 -8.672 .131 18.708 -8.277 .835 19.2
3 16 -7.785 .332 19.146 -8.277 .835 19.2 -8.153 .093 18.995
3 16 -7.785 .332 19.146 -7.524 .765 19.207 -8.277 .835 19.2
3 16 -8.277 .835 19.2 -7.524 .765 19.207 -7.55 1.49 19.18
3 16 -5.931 2.323 17.892 -6.836 3.404 17.791 -7.889 2.19 19.004
3 16 -7.889 2.19 19.004 -6.836 3.404 17.791 -7.407 4.286 17.538
3 16 -9.671 2.35 17.863 -9.862 .172 17.403 -8.951 1.131 18.901
3 16 -10.399 1.109 16.566 -9.862 .172 17.403 -9.671 2.35 17.863
3 16 -8.951 1.131 18.901 -8.277 .835 19.2 -7.889 2.19 19.004
3 16 -7.889 2.19 19.004 -8.277 .835 19.2 -7.55 1.49 19.18
3 16 -8.951 1.131 18.901 -7.889 2.19 19.004 -9.671 2.35 17.863
3 16 -10.25 3.275 15.908 -10.399 1.109 16.566 -9.671 2.35 17.863
3 16 -10.774 2.283 14.797 -10.399 1.109 16.566 -10.25 3.275 15.908
3 16 -7.407 4.286 17.538 -8.648 3.192 18.335 -7.889 2.19 19.004
3 16 -8.648 3.192 18.335 -7.407 4.286 17.538 -8.892 4.049 17.575
3 16 -9.671 2.35 17.863 -7.889 2.19 19.004 -8.648 3.192 18.335
3 16 -9.727 3.833 16.811 -10.25 3.275 15.908 -9.671 2.35 17.863
3 16 -9.727 3.833 16.811 -9.671 2.35 17.863 -8.892 4.049 17.575
3 16 -8.892 4.049 17.575 -9.671 2.35 17.863 -8.648 3.192 18.335
3 16 1.147 10.625 17.422 3.017 11.386 16.364 1.285 12.118 17.442
3 16 1.285 12.118 17.442 3.017 11.386 16.364 1.958 13.362 17
3 16 1.958 13.362 17 3.017 11.386 16.364 3.605 12.981 15.469
3 16 1.958 13.362 17 3.605 12.981 15.469 1.885 14.806 16.23
3 16 -.077 10.869 17.195 1.147 10.625 17.422 1.285 12.118 17.442
3 16 .682 10.239 17.276 1.147 10.625 17.422 -.077 10.869 17.195
3 16 -.077 10.869 17.195 1.285 12.118 17.442 -.849 11.602 16.864
3 16 -.849 11.602 16.864 1.285 12.118 17.442 -.849 12.99 16.637
3 16 1.958 13.362 17 1.885 14.806 16.23 -.201 14.267 16.756
3 16 -.849 12.99 16.637 1.285 12.118 17.442 -.201 14.267 16.756
3 16 -.201 14.267 16.756 1.285 12.118 17.442 1.958 13.362 17
3 16 -.201 14.267 16.756 1.885 14.806 16.23 1.174 15.115 15.884
3 16 -2.75 3.756 19.27 -2.825 4.61 19.157 -3.159 3.765 19.219
3 16 -3.159 3.765 19.219 -2.825 4.61 19.157 -6.698 5.26 18.958
3 16 -6.698 5.26 18.958 -2.825 4.61 19.157 -2.901 5.437 18.953
3 16 -2.901 5.437 18.953 -6.299 6.331 18.532 -6.698 5.26 18.958
3 16 -2.901 5.437 18.953 -2.667 6.418 18.202 -6.299 6.331 18.532
3 16 -2.667 6.418 18.202 -3.729 7.381 18.071 -6.299 6.331 18.532
3 16 -6.299 6.331 18.532 -3.729 7.381 18.071 -5.951 7.368 18.045
3 16 -11.632 -1.934 16.488 -11.162 -1.853 16.783 -11.755 -.983 16.853
3 16 -11.632 -1.934 16.488 -11.755 -.983 16.853 -12.492 -1.525 15.537
3 16 -12.492 -1.525 15.537 -11.755 -.983 16.853 -12.301 -.354 16.14
3 16 -11.755 -.983 16.853 -11.162 -1.853 16.783 -10.6 -1.18 17.207
3 16 -10.6 -1.18 17.207 -9.862 .172 17.403 -11.755 -.983 16.853
3 16 -9.285 -.476 17.487 -9.862 .172 17.403 -10.6 -1.18 17.207
3 16 -12.779 .462 14.745 -12.492 -1.525 15.537 -12.301 -.354 16.14
3 16 -13.44 -.575 13.286 -12.492 -1.525 15.537 -12.779 .462 14.745
3 16 -13.3 .342 13.347 -13.44 -.575 13.286 -12.779 .462 14.745
3 16 -12.704 1.318 13.279 -13.3 .342 13.347 -12.779 .462 14.745
3 16 -12.704 1.318 13.279 -12.779 .462 14.745 -11.814 1.877 14.1
3 16 -11.814 1.877 14.1 -12.779 .462 14.745 -11.948 1.204 15.204
3 16 -12.301 -.354 16.14 -11.948 1.204 15.204 -12.779 .462 14.745
3 16 -9.862 .172 17.403 -10.399 1.109 16.566 -11.755 -.983 16.853
3 16 -11.755 -.983 16.853 -10.399 1.109 16.566 -12.301 -.354 16.14
3 16 -10.399 1.109 16.566 -11.948 1.204 15.204 -12.301 -.354 16.14
3 16 -11.814 1.877 14.1 -11.948 1.204 15.204 -10.774 2.283 14.797
3 16 -10.774 2.283 14.797 -11.948 1.204 15.204 -10.399 1.109 16.566
3 16 -.132 8.113 17.959 -.578 9.683 18.126 -2.038 8.518 18.827
3 16 -2.667 6.418 18.202 -.132 8.113 17.959 -2.038 8.518 18.827
3 16 -.132 8.113 17.959 .607 8.97 17.68 -.578 9.683 18.126
3 16 .607 8.97 17.68 .682 10.239 17.276 -.578 9.683 18.126
3 16 -.578 9.683 18.126 .682 10.239 17.276 -.077 10.869 17.195
3 16 -.578 9.683 18.126 -.077 10.869 17.195 -1.342 11.546 16.878
3 16 -1.342 11.546 16.878 -.077 10.869 17.195 -.849 11.602 16.864
3 16 -1.342 11.546 16.878 -.849 11.602 16.864 -1.382 12.955 16.547
3 16 -1.382 12.955 16.547 -.849 11.602 16.864 -.849 12.99 16.637
3 16 -1.382 12.955 16.547 -.849 12.99 16.637 -1.703 13.661 16.441
3 16 -.849 12.99 16.637 -.201 14.267 16.756 -1.703 13.661 16.441
3 16 -1.703 13.661 16.441 -.201 14.267 16.756 -1.343 15.342 16.584
3 16 -1.343 15.342 16.584 -.201 14.267 16.756 -.379 15.35 16.854
3 16 -.379 15.35 16.854 .108 16.709 16.344 -1.343 15.342 16.584
3 16 -1.343 15.342 16.584 .108 16.709 16.344 -.967 17.298 16.028
3 16 -1.703 13.661 16.441 -1.343 15.342 16.584 -2.746 14.722 15.728
3 16 -2.746 14.722 15.728 -1.343 15.342 16.584 -2.728 16.21 15.724
3 16 -1.343 15.342 16.584 -.967 17.298 16.028 -2.728 16.21 15.724
3 16 -2.154 17.569 15.257 -2.728 16.21 15.724 -.967 17.298 16.028
3 16 -.967 17.298 16.028 -1.569 18.311 15.334 -2.154 17.569 15.257
3 16 -2.643 17.16 15.139 -2.728 16.21 15.724 -2.154 17.569 15.257
3 16 -1.569 18.311 15.334 -.967 17.298 16.028 -.629 18.518 15.458
3 16 .108 16.709 16.344 .509 17.857 15.552 -.967 17.298 16.028
3 16 -.967 17.298 16.028 .509 17.857 15.552 -.629 18.518 15.458
3 16 -5.931 2.323 17.892 -5.608 2.379 17.99 -6.836 3.404 17.791
3 16 -6.836 3.404 17.791 -5.608 2.379 17.99 -6.097 4.037 18.673
3 16 -5.608 2.379 17.99 -4.318 3.028 18.736 -6.097 4.037 18.673
3 16 -4.318 3.028 18.736 -3.159 3.765 19.219 -6.097 4.037 18.673
3 16 -6.097 4.037 18.673 -3.159 3.765 19.219 -6.698 5.26 18.958
3 16 -6.962 4.672 18.161 -6.836 3.404 17.791 -6.097 4.037 18.673
3 16 -6.962 4.672 18.161 -6.097 4.037 18.673 -6.698 5.26 18.958
3 16 -7.407 4.286 17.538 -6.836 3.404 17.791 -6.962 4.672 18.161
3 16 -14.86 6.007 7.421 -15.386 7.027 4.713 -15.647 6.168 3.252
3 16 -14.86 6.007 7.421 -15.26 7.582 5.316 -15.386 7.027 4.713
3 16 -15.26 7.582 5.316 -14.86 6.007 7.421 -14.276 8.971 7.494
3 16 -14.276 8.971 7.494 -14.86 6.007 7.421 -13.972 8.405 8.052
3 16 -15.26 7.582 5.316 -14.276 8.971 7.494 -14.713 9.318 5.781
3 16 3.825 18.102 14.977 4.423 16.737 15.492 5.207 17.796 14.461
3 16 5.207 17.796 14.461 4.423 16.737 15.492 5.353 17.25 14.518
3 16 3.71 16.992 15.729 4.423 16.737 15.492 3.825 18.102 14.977
3 16 2.657 18.206 15.203 3.71 16.992 15.729 3.825 18.102 14.977
3 16 2.731 17.08 15.965 3.71 16.992 15.729 2.657 18.206 15.203
3 16 1.664 17.844 15.272 2.731 17.08 15.965 2.657 18.206 15.203
3 16 1.664 17.844 15.272 2.135 16.59 16.115 2.731 17.08 15.965
3 16 1.086 17.393 15.381 2.135 16.59 16.115 1.664 17.844 15.272
3 16 1.174 15.115 15.884 2.135 16.59 16.115 1.086 17.393 15.381
3 16 2.094 15.637 16.164 2.135 16.59 16.115 1.174 15.115 15.884
3 16 1.174 15.115 15.884 1.885 14.806 16.23 2.094 15.637 16.164
3 16 -13.148 2.588 13.422 -12.704 1.318 13.279 -11.814 1.877 14.1
3 16 -13.721 1.834 12.403 -12.704 1.318 13.279 -13.148 2.588 13.422
3 16 -14.302 3.199 12.192 -13.721 1.834 12.403 -13.148 2.588 13.422
3 16 -14.393 2.462 11.441 -13.721 1.834 12.403 -14.302 3.199 12.192
3 16 -13.548 3.276 13.505 -14.302 3.199 12.192 -13.148 2.588 13.422
3 16 -13.148 2.588 13.422 -12.911 3.545 14.094 -13.548 3.276 13.505
3 16 -12.175 3.048 14.305 -12.911 3.545 14.094 -13.148 2.588 13.422
3 16 -13.148 2.588 13.422 -11.814 1.877 14.1 -12.175 3.048 14.305
3 16 -14.24 3.465 12.554 -14.302 3.199 12.192 -13.548 3.276 13.505
3 16 -13.548 3.276 13.505 -13.693 4.651 13.086 -14.24 3.465 12.554
3 16 -14.24 3.465 12.554 -13.693 4.651 13.086 -14.065 4.586 12.468
3 16 -12.911 3.545 14.094 -13.201 4.389 13.804 -13.548 3.276 13.505
3 16 -13.548 3.276 13.505 -13.201 4.389 13.804 -13.693 4.651 13.086
3 16 -13.161 6.054 12.036 -14.065 4.586 12.468 -13.693 4.651 13.086
3 16 -13.641 5.956 11.038 -14.065 4.586 12.468 -13.161 6.054 12.036
3 16 -13.051 5.026 13.427 -13.161 6.054 12.036 -13.693 4.651 13.086
3 16 -13.693 4.651 13.086 -13.201 4.389 13.804 -13.051 5.026 13.427
3 16 -12.505 5.895 12.86 -13.161 6.054 12.036 -13.051 5.026 13.427
3 16 -12.175 3.048 14.305 -11.814 1.877 14.1 -10.774 2.283 14.797
3 16 -14.634 3.087 9.005 -14.266 4.161 11.329 -14.357 4.564 8.993
3 16 -14.357 4.564 8.993 -14.266 4.161 11.329 -13.984 5.526 10.131
3 16 -14.266 4.161 11.329 -14.634 3.087 9.005 -14.393 2.462 11.441
3 16 -14.266 4.161 11.329 -14.393 2.462 11.441 -14.302 3.199 12.192
3 16 -14.302 3.199 12.192 -14.24 3.465 12.554 -14.266 4.161 11.329
3 16 -14.266 4.161 11.329 -14.24 3.465 12.554 -14.065 4.586 12.468
3 16 -13.984 5.526 10.131 -14.266 4.161 11.329 -13.641 5.956 11.038
3 16 -13.641 5.956 11.038 -14.266 4.161 11.329 -14.065 4.586 12.468
3 16 -14.494 6.049 9.212 -14.501 6.584 8.581 -14.701 5.201 8.461
3 16 -14.701 5.201 8.461 -14.501 6.584 8.581 -14.86 6.007 7.421
3 16 -14.501 6.584 8.581 -14.494 6.049 9.212 -14.317 6.788 9.685
3 16 -14.86 6.007 7.421 -14.501 6.584 8.581 -13.972 8.405 8.052
3 16 -13.972 8.405 8.052 -14.501 6.584 8.581 -14.175 7.597 8.711
4 16 -14.501 6.584 8.581 -14.317 6.788 9.685 -14.049 7.647 9.771 -14.175 7.597 8.711
3 16 -13.972 8.405 8.052 -14.175 7.597 8.711 -13.668 8.722 8.738
3 16 -13.668 8.722 8.738 -14.175 7.597 8.711 -14.049 7.647 9.771
4 16 -13.984 5.526 10.131 -14.494 6.049 9.212 -14.701 5.201 8.461 -14.357 4.564 8.993
3 16 -14.494 6.049 9.212 -13.984 5.526 10.131 -14.317 6.788 9.685
3 16 -14.317 6.788 9.685 -13.984 5.526 10.131 -13.907 7.315 10.283
3 16 -13.984 5.526 10.131 -13.641 5.956 11.038 -13.907 7.315 10.283
3 16 -13.907 7.315 10.283 -13.641 5.956 11.038 -13.27 7.477 11.543
3 16 -14.049 7.647 9.771 -14.317 6.788 9.685 -13.907 7.315 10.283
3 16 -13.088 8.884 9.466 -14.049 7.647 9.771 -13.907 7.315 10.283
3 16 -13.668 8.722 8.738 -14.049 7.647 9.771 -13.088 8.884 9.466
3 16 -13.27 7.477 11.543 -13.641 5.956 11.038 -13.161 6.054 12.036
3 16 -13.088 8.884 9.466 -13.907 7.315 10.283 -12.479 9.03 10.335
3 16 -12.479 9.03 10.335 -13.907 7.315 10.283 -13.27 7.477 11.543
4 16 -13.27 7.477 11.543 -13.161 6.054 12.036 -12.505 5.895 12.86 -11.95 6.305 13.413
3 16 -13.27 7.477 11.543 -11.95 6.305 13.413 -12.592 7.42 12.817
3 16 -12.592 7.42 12.817 -11.95 6.305 13.413 -11.994 6.734 13.494
3 16 -12.479 9.03 10.335 -13.27 7.477 11.543 -12.119 8.783 12.027
3 16 -12.119 8.783 12.027 -13.27 7.477 11.543 -12.55 7.942 12.458
3 16 -12.55 7.942 12.458 -13.27 7.477 11.543 -12.592 7.42 12.817
3 16 -12.505 5.895 12.86 -11.688 5.4 13.496 -11.95 6.305 13.413
3 16 -12.175 3.048 14.305 -10.774 2.283 14.797 -11.218 3.778 14.477
3 16 -12.175 3.048 14.305 -11.218 3.778 14.477 -12.911 3.545 14.094
3 16 -12.911 3.545 14.094 -11.218 3.778 14.477 -11.637 4.866 14.027
3 16 -11.637 4.866 14.027 -13.051 5.026 13.427 -13.201 4.389 13.804
3 16 -13.201 4.389 13.804 -12.911 3.545 14.094 -11.637 4.866 14.027
3 16 -11.637 4.866 14.027 -11.688 5.4 13.496 -13.051 5.026 13.427
3 16 -13.051 5.026 13.427 -11.688 5.4 13.496 -12.505 5.895 12.86
3 16 -10.774 2.283 14.797 -10.25 3.275 15.908 -11.218 3.778 14.477
3 16 -10.537 4.478 16.063 -10.25 3.275 15.908 -9.727 3.833 16.811
4 16 -10.25 3.275 15.908 -10.537 4.478 16.063 -10.989 5.444 15.795 -11.218 3.778 14.477
3 16 -11.218 3.778 14.477 -10.989 5.444 15.795 -11.637 4.866 14.027
3 16 -9.727 3.833 16.811 -9.622 5.026 17.433 -10.537 4.478 16.063
3 16 -8.892 4.049 17.575 -9.622 5.026 17.433 -9.727 3.833 16.811
3 16 -9.622 5.026 17.433 -10.384 5.324 16.87 -10.537 4.478 16.063
3 16 -10.537 4.478 16.063 -10.384 5.324 16.87 -10.989 5.444 15.795
3 16 -7.407 4.286 17.538 -6.962 4.672 18.161 -7.071 5.906 17.166
3 16 -7.071 5.906 17.166 -6.962 4.672 18.161 -6.698 5.26 18.958
3 16 -6.299 6.331 18.532 -6.828 6.577 16.84 -7.071 5.906 17.166
3 16 -6.259 7.095 17.033 -6.828 6.577 16.84 -6.299 6.331 18.532
3 16 -6.769 7.692 16.048 -6.828 6.577 16.84 -6.259 7.095 17.033
3 16 -7.07 7.445 15.952 -6.828 6.577 16.84 -6.769 7.692 16.048
3 16 -6.698 5.26 18.958 -6.299 6.331 18.532 -7.071 5.906 17.166
3 16 -6.259 7.095 17.033 -6.299 6.331 18.532 -5.951 7.368 18.045
3 16 -3.729 7.381 18.071 -2.038 8.518 18.827 -3.483 9.433 17.367
3 16 -2.038 8.518 18.827 -2.32 10.819 17.472 -3.483 9.433 17.367
3 16 -.578 9.683 18.126 -2.32 10.819 17.472 -2.038 8.518 18.827
3 16 -1.342 11.546 16.878 -2.32 10.819 17.472 -.578 9.683 18.126
3 16 -2.667 6.418 18.202 -2.038 8.518 18.827 -3.729 7.381 18.071
3 16 -2.32 10.819 17.472 -1.342 11.546 16.878 -2.733 12.244 17.41
3 16 -1.342 11.546 16.878 -1.382 12.955 16.547 -2.733 12.244 17.41
4 16 -1.703 13.661 16.441 -2.319 13.212 16.88 -2.733 12.244 17.41 -1.382 12.955 16.547
4 16 -3.483 9.433 17.367 -6.404 8.39 17.674 -5.951 7.368 18.045 -3.729 7.381 18.071
3 16 -3.483 9.433 17.367 -4.471 10.432 17.095 -6.404 8.39 17.674
3 16 -6.404 8.39 17.674 -4.471 10.432 17.095 -7.143 9.311 16.562
3 16 -7.143 9.311 16.562 -4.471 10.432 17.095 -5.113 11.116 16.347
3 16 -5.113 11.116 16.347 -6.482 10.865 15.479 -7.143 9.311 16.562
3 16 -5.552 11.573 15.339 -6.482 10.865 15.479 -5.113 11.116 16.347
3 16 -7.143 9.311 16.562 -6.482 10.865 15.479 -7.18 10.169 15.779
3 16 -7.441 9.291 16.254 -7.143 9.311 16.562 -7.18 10.169 15.779
3 16 -7.071 5.906 17.166 -8.322 5.886 17.365 -7.407 4.286 17.538
3 16 -7.407 4.286 17.538 -8.322 5.886 17.365 -8.892 4.049 17.575
3 16 -7.071 5.906 17.166 -8.039 6.8 17 -8.322 5.886 17.365
3 16 -6.828 6.577 16.84 -8.039 6.8 17 -7.071 5.906 17.166
3 16 -8.892 4.049 17.575 -8.322 5.886 17.365 -9.622 5.026 17.433
3 16 -9.622 5.026 17.433 -8.322 5.886 17.365 -9.552 6.109 17.184
3 16 -8.039 6.8 17 -9.314 6.844 16.931 -8.322 5.886 17.365
3 16 -8.322 5.886 17.365 -9.314 6.844 16.931 -9.552 6.109 17.184
3 16 -9.622 5.026 17.433 -9.552 6.109 17.184 -10.384 5.324 16.87
3 16 -10.677 6.122 16.175 -10.384 5.324 16.87 -9.552 6.109 17.184
3 16 -10.989 5.444 15.795 -10.384 5.324 16.87 -10.677 6.122 16.175
3 16 -10.677 6.122 16.175 -9.552 6.109 17.184 -10.317 6.723 16.235
3 16 -10.317 6.723 16.235 -9.552 6.109 17.184 -9.314 6.844 16.931
3 16 -3.483 9.433 17.367 -3.676 12.215 17.197 -4.471 10.432 17.095
3 16 -3.483 9.433 17.367 -2.32 10.819 17.472 -3.676 12.215 17.197
3 16 -3.676 12.215 17.197 -2.32 10.819 17.472 -2.733 12.244 17.41
3 16 -3.676 12.215 17.197 -5.113 11.116 16.347 -4.471 10.432 17.095
3 16 -4.572 12.442 16.524 -5.113 11.116 16.347 -3.676 12.215 17.197
3 16 -2.733 12.244 17.41 -2.319 13.212 16.88 -3.676 12.215 17.197
3 16 -3.676 12.215 17.197 -2.319 13.212 16.88 -3.866 14.279 15.749
3 16 -3.676 12.215 17.197 -3.866 14.279 15.749 -4.572 12.442 16.524
3 16 -3.866 14.279 15.749 -2.319 13.212 16.88 -2.746 14.722 15.728
3 16 -2.746 14.722 15.728 -2.319 13.212 16.88 -1.703 13.661 16.441
3 16 -4.572 12.442 16.524 -3.866 14.279 15.749 -4.632 13.893 15.441
3 16 -14.713 9.318 5.781 -14.276 8.971 7.494 -14.346 10.906 6.311
3 16 -14.346 10.906 6.311 -14.276 8.971 7.494 -13.93 10.206 8.265
3 16 -14.276 8.971 7.494 -13.668 8.722 8.738 -13.93 10.206 8.265
3 16 -13.972 8.405 8.052 -13.668 8.722 8.738 -14.276 8.971 7.494
3 16 -13.668 8.722 8.738 -13.088 8.884 9.466 -13.93 10.206 8.265
3 16 -13.93 10.206 8.265 -13.088 8.884 9.466 -13.317 11.26 8.796
3 16 -14.346 10.906 6.311 -13.93 10.206 8.265 -13.317 11.26 8.796
3 16 -13.317 11.26 8.796 -13.088 8.884 9.466 -12.533 10.259 10.215
3 16 -12.533 10.259 10.215 -13.088 8.884 9.466 -12.479 9.03 10.335
3 16 -14.346 10.906 6.311 -13.317 11.26 8.796 -13.242 13.3 7.337
3 16 -13.242 13.3 7.337 -13.317 11.26 8.796 -12.713 12.507 9.061
3 16 -12.533 10.259 10.215 -12.051 12.102 10.229 -13.317 11.26 8.796
3 16 -13.317 11.26 8.796 -12.051 12.102 10.229 -12.713 12.507 9.061
3 16 -7.07 7.445 15.952 -6.769 7.692 16.048 -8.352 7.398 16.179
3 16 -8.352 7.398 16.179 -6.769 7.692 16.048 -8.463 8.451 16.161
3 16 -6.769 7.692 16.048 -7.441 9.291 16.254 -8.463 8.451 16.161
3 16 -8.463 8.451 16.161 -7.441 9.291 16.254 -8.515 9.14 16.128
3 16 -8.352 7.398 16.179 -8.463 8.451 16.161 -9.245 7.357 16.3
3 16 -9.245 7.357 16.3 -8.463 8.451 16.161 -9.204 8.662 16.145
3 16 -9.204 8.662 16.145 -8.463 8.451 16.161 -8.515 9.14 16.128
3 16 -10.677 6.122 16.175 -11.688 5.4 13.496 -10.989 5.444 15.795
3 16 -10.989 5.444 15.795 -11.688 5.4 13.496 -11.637 4.866 14.027
3 16 -11.688 5.4 13.496 -10.677 6.122 16.175 -10.599 6.949 14.093
4 16 -10.677 6.122 16.175 -10.317 6.723 16.235 -10.132 7.237 15.663 -10.599 6.949 14.093
3 16 -10.132 7.237 15.663 -10.317 6.723 16.235 -9.245 7.357 16.3
3 16 -9.245 7.357 16.3 -10.317 6.723 16.235 -9.314 6.844 16.931
3 16 -9.314 6.844 16.931 -8.352 7.398 16.179 -9.245 7.357 16.3
3 16 -8.039 6.8 17 -8.352 7.398 16.179 -9.314 6.844 16.931
3 16 -8.039 6.8 17 -7.07 7.445 15.952 -8.352 7.398 16.179
3 16 -6.828 6.577 16.84 -7.07 7.445 15.952 -8.039 6.8 17
3 16 -6.769 7.692 16.048 -6.259 7.095 17.033 -6.404 8.39 17.674
3 16 -6.404 8.39 17.674 -6.259 7.095 17.033 -5.951 7.368 18.045
3 16 -6.404 8.39 17.674 -7.143 9.311 16.562 -6.769 7.692 16.048
3 16 -6.769 7.692 16.048 -7.143 9.311 16.562 -7.441 9.291 16.254
3 16 -11.688 5.4 13.496 -10.599 6.949 14.093 -11.95 6.305 13.413
3 16 -11.95 6.305 13.413 -10.599 6.949 14.093 -11.994 6.734 13.494
4 16 -10.599 6.949 14.093 -11.177 8.416 13.013 -12.592 7.42 12.817 -11.994 6.734 13.494
3 16 -12.592 7.42 12.817 -11.177 8.416 13.013 -12.55 7.942 12.458
3 16 -12.55 7.942 12.458 -11.177 8.416 13.013 -12.119 8.783 12.027
3 16 -.201 14.267 16.756 1.174 15.115 15.884 -.379 15.35 16.854
3 16 -.379 15.35 16.854 1.174 15.115 15.884 .108 16.709 16.344
3 16 1.174 15.115 15.884 1.086 17.393 15.381 .108 16.709 16.344
3 16 .108 16.709 16.344 1.086 17.393 15.381 .509 17.857 15.552
3 16 1.086 17.393 15.381 .725 18.069 15.414 .509 17.857 15.552
3 16 -5.552 11.573 15.339 -5.113 11.116 16.347 -5.21 12.462 15.322
3 16 -5.21 12.462 15.322 -5.113 11.116 16.347 -4.572 12.442 16.524
3 16 -4.632 13.893 15.441 -5.21 12.462 15.322 -4.572 12.442 16.524
3 16 -5.131 13.535 15.124 -5.21 12.462 15.322 -4.632 13.893 15.441
3 16 -.629 18.518 15.458 .89 18.79 15.127 -.644 18.827 15.204
3 16 -2.507 18.788 14.916 -.629 18.518 15.458 -.644 18.827 15.204
3 16 .89 18.79 15.127 -.629 18.518 15.458 .725 18.069 15.414
3 16 .509 17.857 15.552 .725 18.069 15.414 -.629 18.518 15.458
3 16 -2.507 18.788 14.916 -1.569 18.311 15.334 -.629 18.518 15.458
3 16 -2.556 18.201 14.997 -1.569 18.311 15.334 -2.507 18.788 14.916
3 16 -1.569 18.311 15.334 -2.556 18.201 14.997 -2.154 17.569 15.257
3 16 -2.154 17.569 15.257 -2.556 18.201 14.997 -2.643 17.16 15.139
3 16 -3.611 18.125 14.988 -2.643 17.16 15.139 -2.556 18.201 14.997
3 16 -2.556 18.201 14.997 -2.507 18.788 14.916 -3.611 18.125 14.988
4 16 -4.601 18.739 14.423 -4.594 18.419 14.596 -3.611 18.125 14.988 -2.507 18.788 14.916
3 16 -5.845 18.624 14.016 -4.594 18.419 14.596 -4.601 18.739 14.423
3 16 -5.142 17.879 14.625 -4.594 18.419 14.596 -5.845 18.624 14.016
3 16 -5.142 17.879 14.625 -5.845 18.624 14.016 -6.096 17.358 14.263
3 16 -6.096 17.358 14.263 -5.845 18.624 14.016 -6.61 17.469 13.957
3 16 -7.295 18.37 13.354 -6.61 17.469 13.957 -5.845 18.624 14.016
3 16 -7.49 16.964 13.704 -6.61 17.469 13.957 -7.295 18.37 13.354
4 16 -9.654 17.776 11.955 -9.6 16.765 12.358 -7.49 16.964 13.704 -7.295 18.37 13.354
3 16 -8.239 16.285 13.746 -7.49 16.964 13.704 -9.6 16.765 12.358
3 16 -8.239 16.285 13.746 -9.6 16.765 12.358 -8.985 15.503 13.841
3 16 -8.985 15.503 13.841 -9.6 16.765 12.358 -10.341 14.993 12.762
3 16 -10.341 14.993 12.762 -9.414 14.746 13.829 -8.985 15.503 13.841
3 16 -10.341 14.993 12.762 -9.554 13.909 13.74 -9.414 14.746 13.829
4 16 -10.341 14.993 12.762 -10.616 14.339 12.382 -10.338 12.853 12.708 -9.554 13.909 13.74
3 16 -10.338 12.853 12.708 -9.607 12.486 13.2 -9.554 13.909 13.74
3 16 -10.338 12.853 12.708 -9.827 12.233 12.997 -9.607 12.486 13.2
3 16 -9.554 13.909 13.74 -9.607 12.486 13.2 -9.388 13.513 13.826
3 16 -10.658 13.293 12.201 -10.338 12.853 12.708 -10.616 14.339 12.382
3 16 -10.979 13.977 11.279 -10.658 13.293 12.201 -10.616 14.339 12.382
3 16 -10.978 13.652 11.29 -10.658 13.293 12.201 -10.979 13.977 11.279
3 16 -9.6 16.765 12.358 -9.654 17.776 11.955 -10.595 15.839 11.334
3 16 -10.595 15.839 11.334 -9.654 17.776 11.955 -11.081 17 10.656
3 16 -7.18 10.169 15.779 -6.482 10.865 15.479 -7.505 10.914 15.306
3 16 -8.515 9.14 16.128 -7.18 10.169 15.779 -7.505 10.914 15.306
3 16 -7.441 9.291 16.254 -7.18 10.169 15.779 -8.515 9.14 16.128
3 16 -8.932 11.086 14.799 -8.515 9.14 16.128 -7.505 10.914 15.306
3 16 -9.204 8.662 16.145 -8.515 9.14 16.128 -8.932 11.086 14.799
3 16 -8.932 11.086 14.799 -10.471 8.609 15.228 -9.204 8.662 16.145
4 16 -9.245 7.357 16.3 -9.204 8.662 16.145 -10.471 8.609 15.228 -10.132 7.237 15.663
3 16 -8.932 11.086 14.799 -9.655 11.288 13.441 -11.029 9.58 13.677
3 16 -11.029 9.58 13.677 -10.471 8.609 15.228 -8.932 11.086 14.799
3 16 -12.479 9.03 10.335 -12.119 8.783 12.027 -12.533 10.259 10.215
3 16 -12.533 10.259 10.215 -12.119 8.783 12.027 -12.213 10.128 12.665
3 16 -12.213 10.128 12.665 -12.051 12.102 10.229 -12.533 10.259 10.215
3 16 -11.531 12.378 12.282 -12.051 12.102 10.229 -12.213 10.128 12.665
3 16 -11.676 12.821 10.807 -12.051 12.102 10.229 -11.531 12.378 12.282
3 16 -10.978 13.652 11.29 -11.676 12.821 10.807 -11.531 12.378 12.282
3 16 -6.482 10.865 15.479 -5.552 11.573 15.339 -6.665 12.472 15.301
3 16 -6.665 12.472 15.301 -5.552 11.573 15.339 -5.21 12.462 15.322
3 16 -7.7 11.772 15.254 -6.482 10.865 15.479 -6.665 12.472 15.301
3 16 -7.505 10.914 15.306 -6.482 10.865 15.479 -7.7 11.772 15.254
3 16 -5.21 12.462 15.322 -5.131 13.535 15.124 -6.665 12.472 15.301
3 16 -6.665 12.472 15.301 -5.131 13.535 15.124 -5.931 14.358 14.701
3 16 -8.112 13.127 14.88 -7.7 11.772 15.254 -6.665 12.472 15.301
3 16 -6.665 12.472 15.301 -5.931 14.358 14.701 -8.112 13.127 14.88
3 16 -7.505 10.914 15.306 -7.7 11.772 15.254 -8.932 11.086 14.799
3 16 -8.932 11.086 14.799 -7.7 11.772 15.254 -8.916 12.05 14.737
3 16 -8.112 13.127 14.88 -8.916 12.05 14.737 -7.7 11.772 15.254
3 16 -5.931 14.358 14.701 -7.942 15.261 13.855 -8.112 13.127 14.88
3 16 -6.565 15.64 14.029 -7.942 15.261 13.855 -5.931 14.358 14.701
3 16 -8.801 14.417 13.921 -8.112 13.127 14.88 -7.942 15.261 13.855
3 16 -9.014 12.844 14.546 -8.916 12.05 14.737 -8.112 13.127 14.88
3 16 -9.095 13.965 13.874 -9.014 12.844 14.546 -8.112 13.127 14.88
3 16 -9.095 13.965 13.874 -8.112 13.127 14.88 -8.801 14.417 13.921
3 16 -9.388 13.513 13.826 -9.014 12.844 14.546 -9.095 13.965 13.874
4 16 -11.177 8.416 13.013 -10.599 6.949 14.093 -10.132 7.237 15.663 -10.471 8.609 15.228
3 16 -11.177 8.416 13.013 -10.471 8.609 15.228 -11.029 9.58 13.677
3 16 -11.177 8.416 13.013 -11.029 9.58 13.677 -12.213 10.128 12.665
3 16 -12.213 10.128 12.665 -11.029 9.58 13.677 -11.652 10.328 13.401
3 16 -12.119 8.783 12.027 -11.177 8.416 13.013 -12.213 10.128 12.665
3 16 -13.242 13.3 7.337 -12.713 12.507 9.061 -12.575 15.034 8.629
3 16 -12.575 15.034 8.629 -12.713 12.507 9.061 -12.226 13.994 10.733
3 16 -12.713 12.507 9.061 -12.051 12.102 10.229 -12.226 13.994 10.733
3 16 -12.226 13.994 10.733 -12.051 12.102 10.229 -11.676 12.821 10.807
3 16 -11.676 12.821 10.807 -10.978 13.652 11.29 -12.226 13.994 10.733
3 16 -12.226 13.994 10.733 -10.978 13.652 11.29 -10.979 13.977 11.279
3 16 -10.979 13.977 11.279 -10.595 15.839 11.334 -12.226 13.994 10.733
3 16 -12.575 15.034 8.629 -12.226 13.994 10.733 -11.858 16.419 9.88
3 16 -12.226 13.994 10.733 -10.595 15.839 11.334 -11.081 17 10.656
3 16 -12.226 13.994 10.733 -11.081 17 10.656 -11.858 16.419 9.88
4 16 -5.131 13.535 15.124 -4.632 13.893 15.441 -4.524 15.773 15.592 -5.931 14.358 14.701
3 16 -4.632 13.893 15.441 -3.866 14.279 15.749 -4.524 15.773 15.592
3 16 -3.866 14.279 15.749 -2.746 14.722 15.728 -4.524 15.773 15.592
3 16 -4.524 15.773 15.592 -2.746 14.722 15.728 -2.728 16.21 15.724
3 16 -4.524 15.773 15.592 -2.728 16.21 15.724 -4.342 17.285 15.234
3 16 -2.728 16.21 15.724 -2.643 17.16 15.139 -4.342 17.285 15.234
3 16 -4.342 17.285 15.234 -2.643 17.16 15.139 -3.611 18.125 14.988
3 16 -6.418 16.469 13.977 -5.931 14.358 14.701 -4.524 15.773 15.592
3 16 -4.524 15.773 15.592 -4.342 17.285 15.234 -6.418 16.469 13.977
3 16 -6.565 15.64 14.029 -5.931 14.358 14.701 -6.418 16.469 13.977
3 16 -4.342 17.285 15.234 -3.611 18.125 14.988 -5.142 17.879 14.625
3 16 -5.142 17.879 14.625 -6.096 17.358 14.263 -4.342 17.285 15.234
3 16 -4.342 17.285 15.234 -6.096 17.358 14.263 -6.418 16.469 13.977
3 16 -5.142 17.879 14.625 -3.611 18.125 14.988 -4.594 18.419 14.596
3 16 -9.655 11.288 13.441 -9.607 12.486 13.2 -9.827 12.233 12.997
3 16 -9.655 11.288 13.441 -8.916 12.05 14.737 -9.607 12.486 13.2
3 16 -8.932 11.086 14.799 -8.916 12.05 14.737 -9.655 11.288 13.441
3 16 -8.916 12.05 14.737 -9.014 12.844 14.546 -9.607 12.486 13.2
3 16 -9.607 12.486 13.2 -9.014 12.844 14.546 -9.388 13.513 13.826
3 16 -9.655 11.288 13.441 -9.827 12.233 12.997 -10.955 12.29 12.882
3 16 -10.955 12.29 12.882 -9.827 12.233 12.997 -10.338 12.853 12.708
3 16 -11.652 10.328 13.401 -9.655 11.288 13.441 -10.955 12.29 12.882
3 16 -11.029 9.58 13.677 -9.655 11.288 13.441 -11.652 10.328 13.401
3 16 -12.213 10.128 12.665 -11.652 10.328 13.401 -11.531 12.378 12.282
3 16 -11.531 12.378 12.282 -11.652 10.328 13.401 -10.955 12.29 12.882
3 16 -10.955 12.29 12.882 -10.658 13.293 12.201 -11.531 12.378 12.282
3 16 -10.338 12.853 12.708 -10.658 13.293 12.201 -10.955 12.29 12.882
3 16 -10.978 13.652 11.29 -11.531 12.378 12.282 -10.658 13.293 12.201
3 16 -9.095 13.965 13.874 -9.554 13.909 13.74 -9.388 13.513 13.826
3 16 -9.554 13.909 13.74 -9.095 13.965 13.874 -9.414 14.746 13.829
3 16 -9.414 14.746 13.829 -9.095 13.965 13.874 -8.801 14.417 13.921
3 16 -8.801 14.417 13.921 -8.985 15.503 13.841 -9.414 14.746 13.829
3 16 -7.942 15.261 13.855 -8.985 15.503 13.841 -8.801 14.417 13.921
3 16 -7.942 15.261 13.855 -8.239 16.285 13.746 -8.985 15.503 13.841
3 16 -6.565 15.64 14.029 -8.239 16.285 13.746 -7.942 15.261 13.855
3 16 -6.565 15.64 14.029 -7.49 16.964 13.704 -8.239 16.285 13.746
3 16 -6.418 16.469 13.977 -7.49 16.964 13.704 -6.565 15.64 14.029
3 16 -6.418 16.469 13.977 -6.61 17.469 13.957 -7.49 16.964 13.704
3 16 -6.096 17.358 14.263 -6.61 17.469 13.957 -6.418 16.469 13.977
3 16 -9.6 16.765 12.358 -10.595 15.839 11.334 -10.341 14.993 12.762
3 16 -10.595 15.839 11.334 -10.616 14.339 12.382 -10.341 14.993 12.762
3 16 -10.979 13.977 11.279 -10.616 14.339 12.382 -10.595 15.839 11.334
3 16 .482 8 17.826 .607 8.97 17.68 -.132 8.113 17.959

5 24 -10.559 .273 -10.221 -10.678 -.144 -10.954 -9.933 .3 -10.304 -11.622 -.636 -9.851
2 24 -11.622 -.636 -9.851 -10.559 .273 -10.221
5 24 -10.678 -.144 -10.954 -10.536 -.779 -11.914 -9.675 -.048 -11.052 -11.622 -.636 -9.851
2 24 -11.869 -2.071 -10.673 -11.622 -.636 -9.851
5 24 -11.635 -1.952 -11.046 -11.869 -2.071 -10.673 -11.622 -.636 -9.851 -11.46 -3.493 -10.7
5 24 -11.204 -2.537 -12.064 -11.635 -1.952 -11.046 -10.536 -.779 -11.914 -11.156 -3.636 -11.361
5 24 -10.536 -.779 -11.914 -10.085 -1.426 -12.624 -9.367 -.659 -11.885 -11.204 -2.537 -12.064
5 24 -10.085 -1.426 -12.624 -11.204 -2.537 -12.064 -10.536 -.779 -11.914 -10.518 -3.74 -12.164
2 24 14.689 8.615 5.632 13.549 7.686 8.336
2 24 15.047 7.329 4.6 14.689 8.615 5.632
2 24 14.9 4.62 7.535 15.089 4.692 6.004
2 24 15.255 5.525 4.427 15.276 6.327 4.001
2 24 15.12 6.775 3.805 15.047 7.329 4.6
2 24 15.276 6.327 4.001 15.12 6.775 3.805
2 24 15.089 4.692 6.004 15.182 4.753 4.845
2 24 15.182 4.753 4.845 15.255 5.525 4.427
2 24 13.549 7.686 8.336 13.973 6.207 8.711
2 24 13.973 6.207 8.711 14.188 4.195 8.62
2 24 14.188 4.195 8.62 14.9 4.62 7.535
2 24 -12.523 -.883 -9.733 -11.622 -.636 -9.851
2 24 -11.869 -2.071 -10.673 -11.46 -3.493 -10.7
2 24 -11.46 -3.493 -10.7 -12.05 -4.139 -10.372
2 24 -12.05 -4.139 -10.372 -12.44 -4.549 -9.905
2 24 14.449 -1.665 11.095 14.342 -.415 10.944
2 24 14.342 -.415 10.944 14.054 -.246 11.538
2 24 14.363 -2.705 11.11 14.449 -1.665 11.095
2 24 -8.986 1.158 -10.801 -9.529 1.446 -9.812
2 24 -7.5367 2.4691 -9.8499 -6.8346 2.43 -10.2806
2 24 -9.164 2.207 -8.962 -7.5367 2.4691 -9.8499
2 24 -8.828 .665 -11.624 -8.986 1.158 -10.801
2 24 -6.8346 2.43 -10.2806 -5.5034 2.2242 -10.9674
2 24 -8.386 .418 -12.198 -8.828 .665 -11.624
2 24 -7.912 .269 -12.488 -8.386 .418 -12.198
2 24 -5.857 1.419 -11.662 -6.57 1.171 -11.8
2 24 -6.57 1.171 -11.8 -6.948 .671 -12.274
2 24 -7.426 .389 -12.494 -7.912 .269 -12.488
2 24 -6.948 .671 -12.274 -7.426 .389 -12.494
2 24 -9.529 1.446 -9.812 -9.538 .815 -10.187
2 24 -9.538 .815 -10.187 -9.933 .3 -10.304
2 24 -9.933 .3 -10.304 -10.559 .273 -10.221
2 24 -11.622 -.636 -9.851 -11.678 .344 -9.603
2 24 -11.678 .344 -9.603 -11.753 1.23 -8.841
2 24 -11.753 1.23 -8.841 -10.342 2.57 -7.922
2 24 -10.342 2.57 -7.922 -9.164 2.207 -8.962
2 24 -4.985 .916 -12.716 -5.857 1.419 -11.662
2 24 -5.5034 2.2242 -10.9674 -4.7343 2.1714 -11.4293
2 24 -4.7343 2.1714 -11.4293 -3.469 2.296 -11.813
2 24 -4.177 .471 -13.653 -4.985 .916 -12.716
2 24 -3.469 2.296 -11.813 -2.419 2.212 -12.028
2 24 -3.586 .241 -14.033 -4.177 .471 -13.653
2 24 -2.887 .273 -13.945 -3.586 .241 -14.033
2 24 -1.478 .795 -13.151 -2.887 .273 -13.945
2 24 -2.419 2.212 -12.028 0 2.0828 -12.2964
2 24 -.115 .164 -14.339 -.673 -.011 -14.292
2 24 -.673 -.011 -14.292 -1.478 .795 -13.151
2 24 1.362 1.372 -12.777 .965 .848 -13.409
2 24 0 2.0828 -12.2964 1.7147 2.1668 -12.0257
2 24 1.757 1.367 -12.712 1.362 1.372 -12.777
2 24 1.7147 2.1668 -12.0257 1.757 1.367 -12.712
2 24 .724 .013 -14.327 -.115 .164 -14.339
2 24 .965 .848 -13.409 .724 .013 -14.327
2 24 5.382 -7.92 12.919 5.947 -7.414 14.158
2 24 4.528 -8.625 12.251 5.28 -8.036 12.484
2 24 5.28 -8.036 12.484 5.382 -7.92 12.919
2 24 3.73 -9.172 11.97 4.528 -8.625 12.251
2 24 2.746 -9.469 11.573 3.73 -9.172 11.97
2 24 2.277 -9.676 12.698 2.746 -9.469 11.573
2 24 5.947 -7.414 14.158 6.537 -6.325 14.648
2 24 1.675 -9.094 13.568 2.277 -9.676 12.698
2 24 6.537 -6.325 14.648 5.917 -6.076 15.57
2 24 .964 -8.071 14.031 1.675 -9.094 13.568
2 24 1.212 -7.637 15.196 .964 -8.071 14.031
2 24 1.244 -7.183 15.988 1.212 -7.637 15.196
2 24 1.195 -6.606 16.288 1.244 -7.183 15.988
2 24 4.024 -5.563 16.608 2.929 -5.791 16.92
2 24 5.019 -5.148 16.24 4.024 -5.563 16.608
2 24 5.917 -6.076 15.57 5.019 -5.148 16.24
2 24 2.929 -5.791 16.92 2.052 -5.65 16.857
2 24 2.052 -5.65 16.857 1.072 -5.546 16.828
2 24 1.072 -5.546 16.828 1.195 -6.606 16.288
2 24 10.283 -3.467 14.994 9.548 -4.705 14.392
2 24 10.864 -3.75 14.553 10.283 -3.467 14.994
2 24 11.596 -4.11 14.076 10.864 -3.75 14.553
2 24 9.548 -4.705 14.392 9.921 -5.582 13.665
2 24 12.552 -4.019 12.927 11.596 -4.11 14.076
2 24 13.499 -3.552 10.923 12.552 -4.019 12.927
2 24 13.584 -4.265 10.064 13.499 -3.552 10.923
2 24 10.126 -6.49 10.271 10.952 -6.421 9.291
2 24 10.352 -6.571 11.166 10.126 -6.49 10.271
2 24 13.543 -4.337 9.296 13.584 -4.265 10.064
2 24 13.262 -4.755 8.204 13.543 -4.337 9.296
2 24 11.763 -6.086 7.834 13.262 -4.755 8.204
2 24 10.952 -6.421 9.291 11.763 -6.086 7.834
2 24 2.163 -9.989 10.884 2.746 -9.469 11.573
2 24 1.711 -10.135 10.2 2.163 -9.989 10.884
2 24 .371 -10.718 9.674 1.711 -10.135 10.2
2 24 -.606 -10.583 9.481 .371 -10.718 9.674
2 24 -1.964 -10.084 9.549 -.606 -10.583 9.481
2 24 -2.27 -9.834 9.943 -1.964 -10.084 9.549
2 24 -2.717 -9.234 10.706 -2.27 -9.834 9.943
2 24 -2.224 -9.523 11.726 -2.717 -9.234 10.706
2 24 -1.83 -9.153 12.929 -2.224 -9.523 11.726
2 24 .964 -8.071 14.031 -.246 -8.318 14.069
2 24 -.246 -8.318 14.069 -1.274 -8.412 14.047
2 24 -1.274 -8.412 14.047 -1.83 -9.153 12.929
2 24 -13.365 -5.974 -7.174 -12.901 -6.925 -7.237
2 24 -13.867 -5.737 -6.619 -13.365 -5.974 -7.174
2 24 -12.901 -6.925 -7.237 -12.225 -7.529 -7.482
2 24 -12.225 -7.529 -7.482 -11.47 -7.939 -7.621
2 24 14.03 3.833 10.291 13.093 2.966 12.147
2 24 14.188 4.195 8.62 14.03 3.833 10.291
2 24 14.825 3.603 8.531 14.188 4.195 8.62
2 24 13.093 2.966 12.147 13.215 1.253 12.517
2 24 13.215 1.253 12.517 13.181 .026 12.502
2 24 13.181 .026 12.502 14.054 -.246 11.538
2 24 -9.933 .3 -10.304 -9.675 -.048 -11.052
2 24 -9.675 -.048 -11.052 -9.367 -.659 -11.885
2 24 -9.367 -.659 -11.885 -8.913 -1.374 -12.403
5 24 -9.348 -2.064 -12.925 -10.085 -1.426 -12.624 -10.518 -3.74 -12.164 -8.913 -1.374 -12.403
2 24 -8.913 -1.374 -12.403 -8.366 -1.876 -12.661
2 24 -8.366 -1.876 -12.661 -8.036 -2.713 -13.483
5 24 -9.075 -3.47 -13.857 -9.348 -2.064 -12.925 -8.036 -2.713 -13.483 -9.779 -3.735 -13.429
2 24 -8.036 -2.713 -13.483 -7.66 -3.752 -13.863
5 24 -8.532 -4.65 -13.761 -9.075 -3.47 -13.857 -7.66 -3.752 -13.863 -9.779 -3.735 -13.429
5 24 -8.302 -4.759 -13.812 -8.532 -4.65 -13.761 -7.66 -3.752 -13.863 -8.472 -5.19 -13.472
2 24 -7.66 -3.752 -13.863 -8.302 -4.759 -13.812
2 24 -12.44 -4.549 -9.905 -12.791 -4.602 -9.466
2 24 -12.791 -4.602 -9.466 -13.137 -4.707 -8.901
2 24 -13.137 -4.707 -8.901 -14.054 -3.25 -8.651
2 24 13.549 7.686 8.336 13.32 8.078 8.706
2 24 13.32 8.078 8.706 12.753 8.625 10.04
2 24 12.753 8.625 10.04 12.364 8.701 10.782
2 24 12.364 8.701 10.782 11.847 8.7 11.444
2 24 11.847 8.7 11.444 11.424 7.654 12.713
2 24 11.424 7.654 12.713 11.389 6.002 13.16
2 24 11.266 5.1 13.298 12.72 3.72 12.589
2 24 11.389 6.002 13.16 11.266 5.1 13.298
2 24 12.414 -.561 14.034 13.181 .026 12.502
2 24 13.093 2.966 12.147 12.72 3.72 12.589
2 24 11.527 -1.038 15.195 12.414 -.561 14.034
2 24 11.063 -1.15 15.657 11.527 -1.038 15.195
2 24 11.012 .445 16.161 11.063 -1.15 15.657
2 24 11.266 5.1 13.298 10.825 4.954 14.34
2 24 10.825 4.954 14.34 10.501 4.599 15.024
2 24 10.501 4.599 15.024 10.171 4.29 15.429
2 24 10.171 4.29 15.429 9.814 3.945 15.738
2 24 9.814 3.945 15.738 9.238 3.079 16.242
2 24 -14.23 -5.246 -5.952 -13.867 -5.737 -6.619
2 24 -14.266 -5.738 -5.059 -14.23 -5.246 -5.952
2 24 -13.884 -6.072 -4.177 -14.266 -5.738 -5.059
2 24 10.398 -1.919 15.974 10.283 -3.467 14.994
2 24 10.577 -1.608 16.024 10.398 -1.919 15.974
2 24 10.777 -1.397 15.964 10.577 -1.608 16.024
2 24 -2.29 -10.28 6.945 -2.024 -10.446 7.996
2 24 -2.732 -9.972 5.978 -2.29 -10.28 6.945
2 24 -3.893 -10.159 6.94 -2.732 -9.972 5.978
2 24 -2.024 -10.446 7.996 -1.851 -10.265 9.054
2 24 -4.864 -10.116 7.437 -3.893 -10.159 6.94
2 24 -5.919 -9.315 7.561 -4.864 -10.116 7.437
2 24 -6.986 -8.335 7.456 -5.919 -9.315 7.561
2 24 -7.467 -8.066 8.78 -6.986 -8.335 7.456
2 24 -7.379 -8.014 9.533 -7.467 -8.066 8.78
2 24 -7.06 -7.857 10.566 -7.379 -8.014 9.533
2 24 -13.629 -1.213 -9.091 -12.523 -.883 -9.733
2 24 -10.643 -8.176 -.513 -10.547 -8.442 -1.88
2 24 -10.547 -8.442 -1.88 -10.187 -8.503 -2.831
2 24 -10.187 -8.503 -2.831 -9.698 -9.534 -2.941
2 24 -9.698 -9.534 -2.941 -8.867 -10.526 -2.927
2 24 -8.867 -10.526 -2.927 -7.17 -11.156 -2.74
2 24 -7.17 -11.156 -2.74 -6.944 -11.351 -2.022
2 24 -6.944 -11.351 -2.022 -6.682 -11.446 -1.449
2 24 -7.865 -9.873 1.326 -9.105 -9.529 1.041
2 24 -9.105 -9.529 1.041 -10.186 -8.475 .811
2 24 -10.186 -8.475 .811 -10.643 -8.176 -.513
2 24 10.208 -6.057 12.883 9.921 -5.582 13.665
2 24 8.379 -5.459 14.713 6.537 -6.325 14.648
2 24 9.548 -4.705 14.392 8.379 -5.459 14.713
2 24 10.384 -6.393 12.118 10.208 -6.057 12.883
2 24 10.352 -6.571 11.166 10.384 -6.393 12.118
2 24 9.749 -7.046 10.148 10.126 -6.49 10.271
2 24 -8.136 -9.926 4.857 -7.799 -10.069 4.241
2 24 -8.411 -9.067 5.627 -8.136 -9.926 4.857
2 24 -3.328 -10.413 5.471 -2.732 -9.972 5.978
2 24 -3.93 -10.675 4.857 -3.328 -10.413 5.471
2 24 -6.187 -10.626 3.77 -5.403 -10.769 3.889
2 24 -5.403 -10.769 3.889 -4.338 -10.336 3.913
2 24 -4.338 -10.336 3.913 -3.93 -10.675 4.857
2 24 -7.202 -9.719 3.619 -6.187 -10.626 3.77
2 24 -7.799 -10.069 4.241 -7.202 -9.719 3.619
2 24 -7.712 -8.893 6.78 -8.411 -9.067 5.627
2 24 -6.986 -8.335 7.456 -7.712 -8.893 6.78
2 24 -12.349 -7.827 -4.202 -11.442 -8.101 -4.436
2 24 -10.641 -8.382 -3.486 -10.187 -8.503 -2.831
2 24 -11.442 -8.101 -4.436 -11.071 -8.266 -4.48
2 24 -11.071 -8.266 -4.48 -10.641 -8.382 -3.486
2 24 -13.231 -7.06 -4.057 -12.349 -7.827 -4.202
2 24 -10.643 -8.176 -.513 -12.013 -8.161 -.575
2 24 -13.884 -6.072 -4.177 -13.231 -7.06 -4.057
2 24 -14.279 -5.752 -3.559 -13.884 -6.072 -4.177
2 24 -12.013 -8.161 -.575 -13.343 -7.022 -.407
2 24 -13.343 -7.022 -.407 -13.994 -6.035 -.263
2 24 -13.994 -6.035 -.263 -14.478 -6.108 -1.319
2 24 -14.647 -5.472 -3.077 -14.279 -5.752 -3.559
2 24 -14.478 -6.108 -1.319 -14.647 -5.472 -3.077
2 24 -1.964 -10.084 9.549 -1.851 -10.265 9.054
2 24 -2.732 -9.972 5.978 -1.315 -10.828 5.601
2 24 -7.202 -9.719 3.619 -7.478 -9.961 2.472
2 24 -7.478 -9.961 2.472 -7.865 -9.873 1.326
2 24 -7.865 -9.873 1.326 -7.36 -10.564 .667
2 24 -4.072 -10.675 2.708 -4.338 -10.336 3.913
2 24 -7.36 -10.564 .667 -6.967 -10.832 .158
2 24 -6.967 -10.832 .158 -6.202 -11.019 -.616
2 24 -3.759 -10.56 1.6 -4.072 -10.675 2.708
2 24 -6.202 -11.019 -.616 -5.268 -11.339 -.446
2 24 -3.605 -10.566 1.242 -3.759 -10.56 1.6
2 24 -3.846 -10.888 .785 -3.605 -10.566 1.242
2 24 -4.399 -11.189 -.075 -3.846 -10.888 .785
2 24 -5.268 -11.339 -.446 -4.399 -11.189 -.075
2 24 2.8211 2.2716 -11.8934 1.7147 2.1668 -12.0257
2 24 4.7492 2.2178 -11.4652 2.8211 2.2716 -11.8934
2 24 6.4612 2.4691 -10.5687 4.7492 2.2178 -11.4652
2 24 7.9977 2.4691 -9.5417 6.4612 2.4691 -10.5687
2 24 8.9232 2.4691 -8.9232 7.9977 2.4691 -9.5417
2 24 9.9681 3 -8.0315 8.9232 2.4691 -8.9232
2 24 9.9658 3 -8.0349 9.9681 3 -8.0315
2 24 10.1268 5.263 -7.7939 9.9658 3 -8.0349
2 24 15.34 2.57 8.419 14.825 3.603 8.531
2 24 15.381 2.071 8.264 15.34 2.57 8.419
2 24 -5.857 1.419 -11.662 -6.164 -.527 -12.486
2 24 -6.164 -.527 -12.486 -7.218 -1.157 -12.808
2 24 -7.218 -1.157 -12.808 -8.366 -1.876 -12.661
2 24 13.499 -3.552 10.923 14.363 -2.705 11.11
2 24 -13.365 -5.974 -7.174 -13.236 -5.136 -8.526
2 24 -13.236 -5.136 -8.526 -13.137 -4.707 -8.901
2 24 -6.682 -11.446 -1.449 -6.202 -11.019 -.616
2 24 5.28 -8.036 12.484 6.279 -8.551 11.742
2 24 6.279 -8.551 11.742 6.558 -8.647 11.111
2 24 6.558 -8.647 11.111 6.798 -8.49 10.557
2 24 -10.923 -8.635 -5.131 -11.071 -8.266 -4.48
2 24 -10.689 -8.938 -5.711 -10.923 -8.635 -5.131
2 24 12.872 7.944 3.506 13.134 7.401 2.511
2 24 13.134 7.401 2.511 13.385 7.419 .507
2 24 12.229 11.694 5.274 12.481 9.349 4.549
2 24 11.937 13.299 6.186 12.229 11.694 5.274
2 24 11.341 14.596 7.097 11.937 13.299 6.186
2 24 12.481 9.349 4.549 12.872 7.944 3.506
2 24 10.551 16.692 8.277 11.341 14.596 7.097
2 24 9.376 17.503 9.499 10.551 16.692 8.277
2 24 7.837 18.25 10.705 9.376 17.503 9.499
2 24 6.052 18.694 11.744 7.837 18.25 10.705
2 24 3.972 18.988 12.632 6.052 18.694 11.744
2 24 1.99 19.006 13.081 3.972 18.988 12.632
2 24 -.071 19.026 13.239 1.99 19.006 13.081
2 24 1.711 -10.135 10.2 1.955 -10.287 9.599
2 24 11.063 -1.15 15.657 10.777 -1.397 15.964
2 24 -11.156 -3.636 -11.361 -11.46 -3.493 -10.7
5 24 -11.204 -2.537 -12.064 -10.984 -3.694 -11.758 -11.156 -3.636 -11.361 -10.518 -3.74 -12.164
2 24 -10.984 -3.694 -11.758 -11.156 -3.636 -11.361
2 24 14.139 10.573 6.14 14.689 8.615 5.632
2 24 13.287 12.689 7.003 14.139 10.573 6.14
2 24 12.387 14.355 7.969 13.287 12.689 7.003
2 24 11.548 16.513 9.577 12.387 14.355 7.969
2 24 10.123 17.344 11.096 11.548 16.513 9.577
2 24 8.78 18 12.22 10.123 17.344 11.096
2 24 15.12 6.775 3.805 15.531 6.115 2.301
2 24 15.531 6.115 2.301 16.265 5.432 1.447
2 24 16.265 5.432 1.447 15.872 6.026 -.071
2 24 15.872 6.026 -.071 15.469 7.568 -1.961
2 24 13.355 8.344 -.927 13.385 7.419 .507
2 24 15.469 7.568 -1.961 14.911 10.547 -2.628
2 24 13.171 10.943 -2.129 13.355 8.344 -.927
2 24 14.911 10.547 -2.628 13.171 10.943 -2.129
2 24 6.99 18.449 13.381 8.78 18 12.22
2 24 5.421 18.591 14.058 6.99 18.449 13.381
2 24 3.869 18.756 14.518 5.421 18.591 14.058
2 24 2.584 18.788 14.793 3.869 18.756 14.518
2 24 .89 18.79 15.127 2.584 18.788 14.793
2 24 -.644 18.827 15.204 .89 18.79 15.127
2 24 -12.44 -4.549 -9.905 -12.355 -5.73 -9.887
2 24 -12.355 -5.73 -9.887 -11.696 -7.176 -9.714
2 24 -11.696 -7.176 -9.714 -11.633 -7.673 -8.997
2 24 -11.633 -7.673 -8.997 -11.207 -7.911 -8.3
2 24 -11.207 -7.911 -8.3 -10.676 -8.139 -7.671
2 24 -10.676 -8.139 -7.671 -11.47 -7.939 -7.621
2 24 -13.364 7.677 -.477 -13.318 7.166 .45
2 24 -13.276 8.529 -1.184 -13.364 7.677 -.477
2 24 -13.149 9.459 -1.649 -13.276 8.529 -1.184
2 24 -12.134 11.213 -4.699 -12.975 11.06 -3.605
2 24 -11.827 11.047 -5.53 -12.134 11.213 -4.699
2 24 -11.422 10.146 -6.258 -11.827 11.047 -5.53
2 24 -10.872 8.028 -7.148 -11.422 10.146 -6.258
2 24 -10.409 6.416 -7.842 -10.872 8.028 -7.148
2 24 -10.396 5.188 -7.85 -10.409 6.416 -7.842
2 24 -13.189 10.602 -2.108 -13.149 9.459 -1.649
2 24 -12.975 11.06 -3.605 -13.189 10.602 -2.108
2 24 -13.318 7.166 .45 -13.273 7.143 1.542
2 24 -13.273 7.143 1.542 -13.045 7.696 2.949
2 24 -13.045 7.696 2.949 -12.744 8.765 3.966
2 24 -12.744 8.765 3.966 -12.493 10.778 4.666
2 24 -12.493 10.778 4.666 -11.962 13.414 5.947
2 24 -11.962 13.414 5.947 -11.152 15.629 7.352
2 24 -11.152 15.629 7.352 -10.566 16.73 8.092
2 24 -10.566 16.73 8.092 -9.657 17.624 9.203
2 24 -9.657 17.624 9.203 -8.575 18.258 10.216
2 24 -8.575 18.258 10.216 -7.591 18.603 10.94
2 24 -7.591 18.603 10.94 -5.893 18.821 11.915
2 24 -5.893 18.821 11.915 -4.027 18.932 12.598
2 24 -4.027 18.932 12.598 -2.013 18.964 13.1
2 24 -2.013 18.964 13.1 -.071 19.026 13.239
2 24 -6.681 -11.579 -3.668 -7.17 -11.156 -2.74
2 24 -6.185 -11.534 -4.537 -6.681 -11.579 -3.668
2 24 -5.926 -11.418 -5.087 -6.185 -11.534 -4.537
2 24 -5.933 -11.238 -5.73 -5.926 -11.418 -5.087
2 24 -6.144 -10.862 -6.547 -5.933 -11.238 -5.73
2 24 -7.233 -11.089 -6.47 -6.144 -10.862 -6.547
2 24 -11.28 -7.534 -10.426 -11.696 -7.176 -9.714
2 24 -10.859 -7.835 -10.981 -11.28 -7.534 -10.426
2 24 -1.315 -10.828 5.601 -.855 -10.788 5.355
2 24 -.327 -10.589 4.898 .861 -10.352 5.287
2 24 -.855 -10.788 5.355 -.327 -10.589 4.898
2 24 2.1 -10.23 6.201 2.332 -10.293 6.808
2 24 .861 -10.352 5.287 1.898 -9.863 5.479
2 24 1.898 -9.863 5.479 2.1 -10.23 6.201
2 24 -.515 -11.133 4.166 -.327 -10.589 4.898
2 24 -3.605 -10.566 1.242 -2.781 -11.049 1.515
2 24 -.652 -11.404 3.403 -.515 -11.133 4.166
2 24 -.874 -10.856 2.271 -.652 -11.404 3.403
2 24 -1.81 -11.461 1.952 -.874 -10.856 2.271
2 24 -2.781 -11.049 1.515 -1.81 -11.461 1.952
2 24 2.188 -10.228 9.041 1.955 -10.287 9.599
2 24 2.798 -9.997 8.153 2.188 -10.228 9.041
2 24 2.484 -10.188 7.262 2.798 -9.997 8.153
2 24 2.332 -10.293 6.808 2.484 -10.188 7.262
2 24 -10.228 -8.696 -6.332 -10.689 -8.938 -5.711
2 24 -9.908 -8.575 -6.908 -10.228 -8.696 -6.332
2 24 -10.676 -8.139 -7.671 -9.908 -8.575 -6.908
2 24 14.342 -.415 10.944 14.618 .019 10.689
2 24 14.618 .019 10.689 14.924 .552 9.667
2 24 14.924 .552 9.667 15.195 1.039 8.15
2 24 15.195 1.039 8.15 15.381 2.071 8.264
2 24 7.156 -8.145 9.674 6.798 -8.49 10.557
2 24 2.798 -9.997 8.153 3.539 -10.204 8.126
2 24 6.361 -8.732 8.98 7.156 -8.145 9.674
2 24 3.539 -10.204 8.126 4.162 -10.093 8.202
2 24 5.556 -8.782 7.73 6.361 -8.732 8.98
2 24 4.162 -10.093 8.202 4.627 -9.722 8.115
2 24 4.627 -9.722 8.115 5.556 -8.782 7.73
2 24 -10.518 -3.74 -12.164 -10.984 -3.694 -11.758
2 24 -9.348 -2.064 -12.925 -10.518 -3.74 -12.164
2 24 9.141 -7.684 10.041 9.749 -7.046 10.148
2 24 8.343 -8.076 9.954 9.141 -7.684 10.041
2 24 7.156 -8.145 9.674 8.343 -8.076 9.954
2 24 -9.361 -7.724 -11.336 -10.859 -7.835 -10.981
2 24 -9.101 -7.296 -11.707 -9.361 -7.724 -11.336
2 24 -9.111 -6.687 -12.131 -9.101 -7.296 -11.707
2 24 -9.908 -8.575 -6.908 -9.223 -10.001 -6.384
2 24 -9.223 -10.001 -6.384 -8.293 -10.939 -6.34
2 24 -8.293 -10.939 -6.34 -7.233 -11.089 -6.47
2 24 13.262 -4.755 8.204 14.494 -3.904 7.743
2 24 15.926 -2.516 7.355 16.174 -1.379 7.732
2 24 15.421 .603 7.624 15.195 1.039 8.15
2 24 16.174 -1.379 7.732 15.421 .603 7.624
2 24 14.494 -3.904 7.743 15.518 -3.188 6.932
2 24 15.518 -3.188 6.932 15.926 -2.516 7.355
2 24 15.879 5.184 2.573 15.531 6.115 2.301
2 24 15.98 3.989 2.842 15.879 5.184 2.573
2 24 16.105 3.252 2.754 15.98 3.989 2.842
2 24 16.015 2.979 4.7 16.105 3.252 2.754
2 24 16.059 2.699 5.237 16.015 2.979 4.7
2 24 16.087 2.277 5.664 16.059 2.699 5.237
2 24 15.984 1.436 6.147 16.087 2.277 5.664
2 24 15.836 1.238 6.866 15.984 1.436 6.147
2 24 15.421 .603 7.624 15.836 1.238 6.866
2 24 13.987 10.614 -5.798 11.4794 11.073 -5.7701
2 24 11.4794 11.073 -5.7701 12.0107 11.448 -4.9751
2 24 14.911 10.547 -2.628 13.987 10.614 -5.798
2 24 12.0107 11.448 -4.9751 13.171 10.943 -2.129
2 24 -9.908 -9.332 -8.276 -9.908 -8.575 -6.908
2 24 -9.405 -9.87 -9.31 -9.908 -9.332 -8.276
2 24 -9.361 -7.724 -11.336 -9.084 -8.836 -11.246
2 24 -9.084 -8.836 -11.246 -9.102 -9.29 -11.096
2 24 -9.102 -9.29 -11.096 -8.966 -9.568 -10.685
2 24 -8.966 -9.568 -10.685 -8.381 -9.788 -9.493
2 24 -8.381 -9.788 -9.493 -9.405 -9.87 -9.31
2 24 7.139 -9.503 4.451 7.229 -9.251 4.974
2 24 7.068 -9.656 3.83 7.139 -9.503 4.451
2 24 5.616 -10.725 4.113 7.068 -9.656 3.83
2 24 11.4794 11.073 -5.7701 10.9695 9.522 -6.533
2 24 10.9695 9.522 -6.533 10.1725 6.952 -7.7257
2 24 10.1725 6.952 -7.7257 10.1268 5.263 -7.7939
2 24 -10.518 -3.74 -12.164 -10.485 -4.446 -12.375
2 24 -10.485 -4.446 -12.375 -9.835 -5.318 -12.279
2 24 -9.835 -5.318 -12.279 -9.227 -5.939 -12.156
2 24 -9.227 -5.939 -12.156 -9.111 -6.687 -12.131
2 24 -4.399 -11.189 -.075 -4.051 -11.55 -.435
2 24 -4.051 -11.55 -.435 -3.832 -12.024 -.592
2 24 .001 -11.587 1.589 -.874 -10.856 2.271
2 24 -3.832 -12.024 -.592 -3.391 -12.382 -1.069
2 24 .961 -11.37 .311 .001 -11.587 1.589
2 24 -3.391 -12.382 -1.069 -2.447 -12.019 -2.1
2 24 -2.447 -12.019 -2.1 -1.58 -12.778 -1.803
2 24 .666 -11.738 -.945 .961 -11.37 .311
2 24 -1.58 -12.778 -1.803 -.445 -12.701 -1.444
2 24 -.445 -12.701 -1.444 .666 -11.738 -.945
2 24 -5.366 -.766 -13.488 -6.164 -.527 -12.486
2 24 -4.511 -1.264 -14.167 -5.366 -.766 -13.488
2 24 -3.526 -1.35 -14.494 -4.511 -1.264 -14.167
2 24 -2.754 -1.312 -14.398 -3.526 -1.35 -14.494
2 24 -1.932 -1.388 -13.897 -2.754 -1.312 -14.398
2 24 -1.478 .795 -13.151 -1.932 -1.388 -13.897
2 24 2.695 -10.103 4.889 1.898 -9.863 5.479
2 24 3.134 -10.187 4.502 2.695 -10.103 4.889
2 24 6.177 -8.976 7.023 5.556 -8.782 7.73
2 24 6.567 -9.067 6.544 6.177 -8.976 7.023
2 24 7.452 -8.905 5.378 6.567 -9.067 6.544
2 24 7.229 -9.251 4.974 7.452 -8.905 5.378
2 24 7.452 -8.905 5.378 7.894 -8.711 5.626
2 24 7.894 -8.711 5.626 9.748 -8.489 5.832
2 24 11.835 -6.445 6.897 11.763 -6.086 7.834
2 24 11.672 -6.509 6.098 11.835 -6.445 6.897
2 24 10.732 -7.173 5.431 11.672 -6.509 6.098
2 24 9.748 -8.489 5.832 10.732 -7.173 5.431
2 24 -8.683 -5.548 -12.994 -9.227 -5.939 -12.156
2 24 -8.472 -5.19 -13.472 -8.683 -5.548 -12.994
2 24 -8.302 -4.759 -13.812 -8.472 -5.19 -13.472
2 24 -6.763 -3.657 -14.479 -7.66 -3.752 -13.863
2 24 -2.754 -1.312 -14.398 -3.215 -2.093 -15.747
2 24 -3.215 -2.093 -15.747 -4.115 -2.589 -16.077
2 24 -4.115 -2.589 -16.077 -4.855 -3.461 -16.042
2 24 -6.154 -11.382 -9.273 -5.233 -11.17 -8.507
2 24 -5.233 -11.17 -8.507 -5.729 -11.4 -7.362
2 24 -6.682 -10.886 -9.907 -6.154 -11.382 -9.273
2 24 3.134 -10.187 4.502 3.991 -10.014 3.822
2 24 3.991 -10.014 3.822 5.616 -10.725 4.113
2 24 -5.241 -12.323 -4.426 -4.42 -12.741 -4.19
2 24 -5.926 -11.418 -5.087 -5.241 -12.323 -4.426
2 24 -4.42 -12.741 -4.19 -3.192 -12.48 -4.089
2 24 -3.192 -12.48 -4.089 -2.626 -12.216 -3.8
2 24 -2.626 -12.216 -3.8 -2.447 -12.019 -2.1
5 24 16.678 -.748 7.082 16.626 -.205 6.931 15.421 .603 7.624 17.007 -.235 4.968
2 24 -5.729 -11.4 -7.362 -6.144 -10.862 -6.547
2 24 16.775 4.254 1.314 16.265 5.432 1.447
2 24 .961 -11.37 .311 2.16 -11.904 .68
2 24 13.987 10.614 -5.798 13.786 9.264 -6.692
2 24 13.786 9.264 -6.692 12.911 6.567 -8.137
5 24 12.911 6.567 -8.137 10.1725 6.952 -7.7257 10.9695 9.522 -6.533 10.1268 5.263 -7.7939
5 24 16.626 -.205 6.931 16.813 .466 5.3 17.007 -.235 4.968 15.984 1.436 6.147
5 24 16.813 .466 5.3 16.851 1.637 5.129 17.304 1.517 2.805 15.984 1.436 6.147
5 24 16.851 1.637 5.129 17.304 1.517 2.805 16.015 2.979 4.7 16.813 .466 5.3
2 24 16.746 2.679 1.245 16.105 3.252 2.754
5 24 17.289 1.973 1.211 16.746 2.679 1.245 16.604 2.504 .576 17.304 1.517 2.805
5 24 18.033 .503 1.155 17.289 1.973 1.211 17.304 1.517 2.805 17.261 1.678 .658
2 24 17.304 1.517 2.805 17.338 -.451 3.337
5 24 17.338 -.451 3.337 17.972 -.497 2.14 17.304 1.517 2.805 17.361 -1.417 2.621
5 24 17.972 -.497 2.14 18.121 -.144 1.408 18.033 .503 1.155 17.361 -1.417 2.621
5 24 18.121 -.144 1.408 18.033 .503 1.155 17.972 -.497 2.14 17.602 .607 .318
2 24 -6.763 -3.657 -14.479 -5.627 -4.044 -14.571
2 24 -5.627 -4.044 -14.571 -5.389 -4.757 -15.147
2 24 -5.389 -4.757 -15.147 -4.727 -5.635 -14.889
2 24 -4.727 -5.635 -14.889 -5.081 -6.094 -14.894
2 24 -5.081 -6.094 -14.894 -5.405 -6.646 -14.494
2 24 -5.292 -7.519 -14.56 -5.028 -8.402 -14.138
2 24 3.665 -10.691 2.474 3.991 -10.014 3.822
2 24 3.422 -10.918 1.498 3.665 -10.691 2.474
2 24 2.692 -11.749 .97 3.422 -10.918 1.498
2 24 2.16 -11.904 .68 2.692 -11.749 .97
2 24 -9.111 -6.687 -12.131 -8.723 -7.456 -12.071
2 24 -8.723 -7.456 -12.071 -8.288 -8.43 -12.187
2 24 -8.288 -8.43 -12.187 -7.221 -9.312 -12.599
2 24 -7.221 -9.312 -12.599 -6.341 -9.587 -12.379
2 24 -5.81 -10.344 -11.722 -6.626 -11.019 -11.088
2 24 -6.341 -9.587 -12.379 -6.004 -9.683 -12.33
2 24 -6.004 -9.683 -12.33 -5.81 -10.344 -11.722
2 24 15.396 6.585 -4.017 15.255 7.546 -4.578
2 24 15.255 7.546 -4.578 15.111 7.36 -5.581
2 24 15.111 7.36 -5.581 15.053 6.314 -6.269
2 24 15.053 6.314 -6.269 14.993 5.049 -6.353
2 24 14.993 5.049 -6.353 14.04 4.995 -7.406
2 24 14.04 4.995 -7.406 12.992 4.207 -8.285
2 24 12.992 4.207 -8.285 12.911 6.567 -8.137
2 24 16.09 3.451 -2.842 15.451 5.212 -3.775
2 24 16.471 3.768 -.361 16.09 3.451 -2.842
2 24 16.67 4.277 .522 16.471 3.768 -.361
2 24 16.775 4.254 1.314 16.67 4.277 .522
2 24 -8.381 -9.788 -9.493 -7.592 -10.351 -9.664
2 24 -7.592 -10.351 -9.664 -6.682 -10.886 -9.907
2 24 -4.812 -8.757 -13.907 -6.004 -9.683 -12.33
2 24 -5.028 -8.402 -14.138 -4.812 -8.757 -13.907
5 24 16.678 -.748 7.082 16.694 -1.418 6.953 16.896 -1.54 5.577 16.174 -1.379 7.732
5 24 16.694 -1.418 6.953 16.742 -1.762 6.667 16.896 -1.54 5.577 16.174 -1.379 7.732
5 24 16.742 -1.762 6.667 16.896 -1.54 5.577 15.884 -3.153 5.707 16.694 -1.418 6.953
5 24 16.896 -1.54 5.577 17.033 -1.449 4.241 15.95 -3.18 4.696 17.007 -.235 4.968
2 24 17.361 -1.417 2.621 17.338 -.451 3.337
5 24 17.033 -1.449 4.241 16.989 -2.637 3.645 15.95 -3.18 4.696 17.361 -1.417 2.621
2 24 17.103 -2.762 .404 17.361 -1.417 2.621
2 24 15.273 -5.117 2.727 15.041 -5.047 1.342
2 24 15.041 -5.047 1.342 17.103 -2.762 .404
5 24 16.989 -2.637 3.645 16.473 -3.926 3.486 15.95 -3.18 4.696 17.103 -2.762 .404
5 24 16.473 -3.926 3.486 15.848 -4.435 3.944 15.273 -5.117 2.727 15.95 -3.18 4.696
2 24 15.848 -4.435 3.944 15.273 -5.117 2.727
5 24 16.222 -2.597 6.655 16.742 -1.762 6.667 15.884 -3.153 5.707 16.174 -1.379 7.732
2 24 15.518 -3.188 6.932 15.816 -3.159 6.417
5 24 15.816 -3.159 6.417 16.222 -2.597 6.655 15.518 -3.188 6.932 15.884 -3.153 5.707
2 24 16.746 2.679 1.245 16.775 4.254 1.314
5 24 11.835 -6.445 6.897 13.291 -6.176 6.749 11.763 -6.086 7.834 12.271 -6.232 5.952
5 24 13.291 -6.176 6.749 14.919 -5.491 6.66 13.262 -4.755 8.204 14.091 -5.959 5.61
5 24 14.919 -5.491 6.66 15.574 -4.716 6.347 14.494 -3.904 7.743 15.597 -4.802 5.527
5 24 15.574 -4.716 6.347 15.816 -3.159 6.417 15.884 -3.153 5.707 15.518 -3.188 6.932
2 24 -5.233 -11.17 -8.507 -3.678 -12.042 -8.798
2 24 -3.678 -12.042 -8.798 -2.796 -12.679 -7.929
2 24 -2.796 -12.679 -7.929 -1.95 -12.943 -7.065
2 24 -1.95 -12.943 -7.065 -1.481 -12.604 -6.638
2 24 -1.481 -12.604 -6.638 -1.145 -12.323 -5.694
2 24 -1.145 -12.323 -5.694 -1.906 -12.893 -4.82
2 24 -6.626 -11.019 -11.088 -6.682 -10.886 -9.907
2 24 7.068 -9.656 3.83 7.998 -10.02 2.269
2 24 7.998 -10.02 2.269 9.365 -9.761 2.404
2 24 9.365 -9.761 2.404 10.754 -8.075 2.073
2 24 10.754 -8.075 2.073 10.902 -7.763 2.309
2 24 10.902 -7.763 2.309 11.212 -7.578 4.141
2 24 11.212 -7.578 4.141 10.732 -7.173 5.431
2 24 16.746 2.679 1.245 16.604 2.504 .576
2 24 16.604 2.504 .576 16.395 1.645 -.768
2 24 16.101 2.38 -3.156 16.09 3.451 -2.842
2 24 16.395 1.645 -.768 16.292 .907 -1.284
2 24 16.292 .907 -1.284 16.049 .515 -3.121
2 24 16.064 1.926 -3.655 16.101 2.38 -3.156
2 24 16.049 .515 -3.121 15.676 -.056 -4.303
2 24 15.947 1.761 -4.778 16.064 1.926 -3.655
2 24 15.676 -.056 -4.303 15.215 .552 -6.365
2 24 15.715 2.083 -5.875 15.947 1.761 -4.778
2 24 15.215 .552 -6.365 14.549 .822 -7.253
2 24 15.121 3.575 -7.236 15.715 2.083 -5.875
2 24 14.538 3.554 -7.914 15.121 3.575 -7.236
2 24 14.091 3.021 -8.171 14.538 3.554 -7.914
2 24 13.567 2.416 -8.285 14.091 3.021 -8.171
2 24 14.549 .822 -7.253 12.969 1.007 -8.253
2 24 12.561 1.924 -8.406 13.567 2.416 -8.285
2 24 12.969 1.007 -8.253 12.598 1.455 -8.476
2 24 12.361 1.657 -8.562 12.561 1.924 -8.406
2 24 12.598 1.455 -8.476 12.361 1.657 -8.562
2 24 -1.906 -12.893 -4.82 -2.626 -12.216 -3.8
2 24 3.422 -10.918 1.498 5.156 -11.765 .851
2 24 7.322 -10.729 1.175 7.998 -10.02 2.269
2 24 5.156 -11.765 .851 6.359 -11.072 -.036
2 24 6.359 -11.072 -.036 7.322 -10.729 1.175
2 24 11.672 -6.509 6.098 12.271 -6.232 5.952
2 24 12.271 -6.232 5.952 13.855 -6.099 5.076
5 24 15.597 -4.802 5.527 15.574 -4.716 6.347 15.884 -3.153 5.707 14.919 -5.491 6.66
2 24 13.855 -6.099 5.076 14.841 -5.777 4.214
5 24 15.848 -4.435 3.944 15.597 -4.802 5.527 14.841 -5.777 4.214 15.95 -3.18 4.696
2 24 14.841 -5.777 4.214 15.088 -5.532 3.709
2 24 15.088 -5.532 3.709 15.273 -5.117 2.727
2 24 -4.855 -3.461 -16.042 -5.05 -4.256 -15.615
2 24 -5.05 -4.256 -15.615 -5.389 -4.757 -15.147
2 24 2.167 -.201 -13.651 1.797 -.259 -13.626
2 24 1.797 -.259 -13.626 1.757 1.367 -12.712
2 24 3.268 -.355 -14.114 2.167 -.201 -13.651
2 24 4.7492 2.2178 -11.4652 5.311 -.705 -13.327
2 24 5.311 -.705 -13.327 3.268 -.355 -14.114
2 24 -1.321 -2.512 -14.811 -1.932 -1.388 -13.897
5 24 -.349 -2.55 -15.317 -1.321 -2.512 -14.811 -.706 -1.157 -14.713 -.556 -2.85 -15.441
2 24 15.451 5.212 -3.775 15.334 4.672 -4.383
2 24 15.334 4.672 -4.383 14.993 5.049 -6.353
2 24 -5.405 -6.646 -14.494 -5.288 -6.958 -14.475
2 24 -5.288 -6.958 -14.475 -5.292 -7.519 -14.56
2 24 1.735 -12.135 -1.97 .666 -11.738 -.945
2 24 -1.145 -12.323 -5.694 -.392 -12.757 -5.246
2 24 2.261 -11.952 -2.737 1.735 -12.135 -1.97
2 24 2.034 -12.052 -3.718 2.261 -11.952 -2.737
2 24 -.392 -12.757 -5.246 1.056 -12.651 -4.802
2 24 2.105 -11.783 -4.363 2.034 -12.052 -3.718
2 24 1.056 -12.651 -4.802 2.105 -11.783 -4.363
2 24 15.491 -2.202 -5.75 15.676 -.056 -4.303
2 24 15.353 -3.401 -6.151 15.491 -2.202 -5.75
2 24 13.942 -5.417 -5.807 15.353 -3.401 -6.151
2 24 13.733 -5.884 -4.838 13.942 -5.417 -5.807
2 24 14.333 -5.622 -2.94 13.733 -5.884 -4.838
2 24 10.902 -7.763 2.309 12.186 -7.472 2.121
2 24 12.186 -7.472 2.121 12.897 -7.202 1.854
2 24 14.659 -5.569 1.131 15.041 -5.047 1.342
2 24 12.897 -7.202 1.854 13.541 -6.534 1.087
2 24 13.541 -6.534 1.087 14.659 -5.569 1.131
2 24 12.992 4.207 -8.285 12.889 3.104 -8.291
2 24 12.889 3.104 -8.291 12.561 1.924 -8.406
2 24 12.361 1.657 -8.562 9.9681 3 -8.0315
2 24 -1.321 -2.512 -14.811 -1.986 -3.597 -15.853
2 24 -3.274 -5.907 -15.388 -4.727 -5.635 -14.889
2 24 1.797 -.259 -13.626 1.995 -2.472 -14.924
2 24 1.995 -2.472 -14.924 1.478 -2.839 -15.331
2 24 2.261 -11.952 -2.737 3.015 -12.351 -2.595
2 24 6.756 -10.992 -.697 6.359 -11.072 -.036
2 24 15.121 3.575 -7.236 14.993 5.049 -6.353
2 24 3.015 -12.351 -2.595 3.6 -12.46 -2.465
2 24 3.6 -12.46 -2.465 4.281 -12.337 -2.51
2 24 7.027 -10.678 -1.277 6.756 -10.992 -.697
2 24 4.281 -12.337 -2.51 5.353 -11.364 -3.084
2 24 5.353 -11.364 -3.084 6.382 -11.225 -2.668
2 24 7.235 -10.335 -1.886 7.027 -10.678 -1.277
2 24 6.382 -11.225 -2.668 7.235 -10.335 -1.886
2 24 -2.782 -12.968 -9.906 -3.678 -12.042 -8.798
2 24 -2.324 -12.93 -10.468 -2.782 -12.968 -9.906
2 24 -1.802 -12.13 -11.133 -2.324 -12.93 -10.468
2 24 -5.25 -10.983 -11.896 -4.545 -11.498 -12.228
2 24 -5.81 -10.344 -11.722 -5.25 -10.983 -11.896
2 24 -4.545 -11.498 -12.228 -3.475 -11.706 -12.46
2 24 -2.311 -11.513 -12.24 -1.802 -12.13 -11.133
2 24 -3.475 -11.706 -12.46 -2.311 -11.513 -12.24
2 24 17.103 -2.762 .404 16.903 -2.442 -.953
2 24 16.903 -2.442 -.953 16.158 -3.181 -2.633
2 24 12.361 1.657 -8.562 12.23 1.213 -9.703
2 24 7.953 1.148 -11.401 7.264 .677 -12.468
2 24 7.264 .677 -12.468 7.123 -.015 -13.079
2 24 8.187 -.164 -11.804 7.953 1.148 -11.401
2 24 5.442 -1.204 -13.509 5.311 -.705 -13.327
2 24 11.364 .837 -10.632 10.365 1.182 -10.231
2 24 12.23 1.213 -9.703 12.124 .97 -10.331
2 24 12.124 .97 -10.331 11.364 .837 -10.632
2 24 7.123 -.015 -13.079 7.411 -.758 -13.296
2 24 6.147 -2.069 -13.454 5.711 -2.395 -13.576
2 24 5.711 -2.395 -13.576 5.442 -1.204 -13.509
2 24 7.135 -1.731 -13.507 6.147 -2.069 -13.454
2 24 8.738 -1.417 -12.188 8.187 -.164 -11.804
2 24 7.411 -.758 -13.296 7.97 -1.515 -13.075
2 24 7.97 -1.515 -13.075 7.135 -1.731 -13.507
2 24 9.435 -2.418 -12.398 8.738 -1.417 -12.188
2 24 9.839 -3.425 -12.072 9.435 -2.418 -12.398
2 24 10.536 -3.662 -11.84 9.839 -3.425 -12.072
2 24 3.048 -3 -15.2 1.995 -2.472 -14.924
2 24 5.711 -2.395 -13.576 5.041 -2.834 -14.623
2 24 5.041 -2.834 -14.623 4.362 -3.517 -14.656
2 24 4.362 -3.517 -14.656 3.912 -3.832 -14.76
2 24 3.912 -3.832 -14.76 3.048 -3 -15.2
2 24 -4.089 -9.202 -14.341 -4.812 -8.757 -13.907
2 24 -2.954 -9.321 -14.613 -4.089 -9.202 -14.341
2 24 -1.628 -6.603 -15.506 -1.311 -6.994 -15.327
2 24 -1.311 -6.994 -15.327 -1.744 -8.423 -15.165
2 24 -1.744 -8.423 -15.165 -1.901 -9.059 -14.597
2 24 -1.901 -9.059 -14.597 -2.954 -9.321 -14.613
2 24 -2.318 -5.562 -14.958 -1.628 -6.603 -15.506
2 24 -3.274 -5.907 -15.388 -2.318 -5.562 -14.958
2 24 -1.622 -11.456 -12.861 -2.311 -11.513 -12.24
5 24 -.349 -2.55 -15.317 -.556 -2.85 -15.441 -1.321 -2.512 -14.811 .588 -3.619 -15.241
2 24 -2.318 -5.562 -14.958 -2.187 -4.706 -15.586
2 24 -.24 -7.007 -15.636 -1.311 -6.994 -15.327
2 24 .897 -5.554 -16.037 .847 -6.629 -15.465
2 24 .847 -6.629 -15.465 -.24 -7.007 -15.636
2 24 .868 -5.074 -16.073 .897 -5.554 -16.037
2 24 -2.187 -4.706 -15.586 -1.986 -3.597 -15.853
2 24 -1.901 -9.059 -14.597 -1.433 -9.921 -14.172
2 24 10.776 -8.705 1.29 10.754 -8.075 2.073
2 24 10.82 -9.071 .426 10.776 -8.705 1.29
5 24 7.027 -10.678 -1.277 8.739 -10.788 -.168 8.002 -9.716 -1.776 6.756 -10.992 -.697
2 24 10.668 -9.187 -.709 10.82 -9.071 .426
5 24 8.739 -10.788 -.168 10.668 -9.187 -.709 8.687 -9.093 -1.84 9.761 -10.198 .866
2 24 -1.802 -12.13 -11.133 -.971 -12.818 -11.189
2 24 -.971 -12.818 -11.189 -.495 -12.912 -11.112
2 24 -.495 -12.912 -11.112 .392 -12.774 -10.89
2 24 .392 -12.774 -10.89 .686 -13.051 -9.893
2 24 .686 -13.051 -9.893 .757 -13.073 -9.081
2 24 .757 -13.073 -9.081 .27 -13.4 -8.524
2 24 .27 -13.4 -8.524 -.368 -13.372 -7.781
2 24 -.368 -13.372 -7.781 -1.481 -12.604 -6.638
2 24 6.19 -11.325 -5.7 5.895 -11.986 -4.203
2 24 5.594 -11.884 -6.245 6.19 -11.325 -5.7
2 24 4.703 -12 -6.733 5.594 -11.884 -6.245
2 24 .588 -3.619 -15.241 -.556 -2.85 -15.441
2 24 1.101 -3.195 -15.308 .588 -3.619 -15.241
2 24 1.478 -2.839 -15.331 1.101 -3.195 -15.308
2 24 13.502 -6.911 -.311 13.541 -6.534 1.087
5 24 11.985 -8.881 -.108 12.368 -8.602 -.342 10.668 -9.187 -.709 11.943 -8.852 .658
2 24 13.068 -6.952 -1.542 13.502 -6.911 -.311
5 24 12.368 -8.602 -.342 12.134 -7.979 -1.915 13.068 -6.952 -1.542 10.668 -9.187 -.709
2 24 12.134 -7.979 -1.915 13.068 -6.952 -1.542
2 24 2.105 -11.783 -4.363 2.886 -12.119 -5.388
2 24 2.886 -12.119 -5.388 3.367 -11.994 -6.002
2 24 3.625 -11.789 -7.132 4.703 -12 -6.733
2 24 3.367 -11.994 -6.002 3.625 -11.789 -7.132
2 24 .588 -3.619 -15.241 .868 -5.074 -16.073
2 24 2.178 -13.437 -7.928 3.625 -11.789 -7.132
2 24 1.599 -13.525 -8.426 2.178 -13.437 -7.928
2 24 .757 -13.073 -9.081 1.599 -13.525 -8.426
2 24 8.738 -1.417 -12.188 7.97 -1.515 -13.075
5 24 10.668 -9.187 -.709 11.985 -8.881 -.108 10.82 -9.071 .426 12.134 -7.979 -1.915
2 24 7.235 -10.335 -1.886 8.002 -9.716 -1.776
2 24 8.002 -9.716 -1.776 8.687 -9.093 -1.84
2 24 8.687 -9.093 -1.84 9.374 -8.577 -2.483
2 24 9.374 -8.577 -2.483 12.134 -7.979 -1.915
2 24 5.895 -11.986 -4.203 5.353 -11.364 -3.084
2 24 9.491 -9.03 -3.545 9.374 -8.577 -2.483
2 24 9.567 -9.226 -4.5 9.491 -9.03 -3.545
2 24 8.679 -10.579 -5.325 9.567 -9.226 -4.5
2 24 8.249 -10.795 -5.665 8.679 -10.579 -5.325
2 24 6.19 -11.325 -5.7 7.455 -10.951 -6.354
2 24 7.455 -10.951 -6.354 8.249 -10.795 -5.665
2 24 10.365 1.182 -10.231 10.481 .421 -10.693
2 24 10.481 .421 -10.693 10.848 -.324 -11.029
2 24 10.848 -.324 -11.029 11.539 -.875 -11.198
2 24 14.333 -5.622 -2.94 15.05 -4.963 -2.81
2 24 13.068 -6.952 -1.542 14.333 -5.622 -2.94
2 24 15.05 -4.963 -2.81 16.158 -3.181 -2.633
2 24 12.969 1.007 -8.253 13.362 -.507 -9.116
2 24 12.186 -2.241 -10.133 11.539 -.875 -11.198
2 24 13.224 -1.708 -8.881 12.186 -2.241 -10.133
2 24 13.362 -.507 -9.116 13.224 -1.708 -8.881
2 24 3.142 -7.277 -14.611 2.133 -7.569 -14.291
2 24 3.832 -6.917 -14.658 3.142 -7.277 -14.611
2 24 -.732 -10.336 -13.291 -1.165 -11.033 -13.012
2 24 -1.433 -9.921 -14.172 -.732 -10.336 -13.291
2 24 -1.165 -11.033 -13.012 -1.622 -11.456 -12.861
2 24 3.912 -3.832 -14.76 4.181 -4.563 -15.152
2 24 4.181 -4.563 -15.152 4.57 -6.096 -14.2
2 24 4.57 -6.096 -14.2 3.832 -6.917 -14.658
5 24 15.105 -1.85 -6.879 15.055 -.938 -7.46 15.215 .552 -6.365 14.372 -1.864 -7.8
5 24 15.055 -.938 -7.46 15.215 .552 -6.365 15.105 -1.85 -6.879 14.549 .822 -7.253
5 24 14.372 -1.864 -7.8 15.105 -1.85 -6.879 15.055 -.938 -7.46 15.052 -3.597 -7.038
2 24 13.224 -1.708 -8.881 14.372 -1.864 -7.8
2 24 12.25 -3.145 -10.532 12.186 -2.241 -10.133
2 24 11.576 -4.03 -10.777 12.25 -3.145 -10.532
2 24 11.777 -4.627 -10.555 11.576 -4.03 -10.777
2 24 .847 -6.629 -15.465 1.33 -6.902 -15.399
2 24 6.177 -2.684 -13.85 5.711 -2.395 -13.576
2 24 6.868 -2.85 -14.135 6.177 -2.684 -13.85
2 24 8.095 -2.67 -14.146 6.868 -2.85 -14.135
2 24 8.88 -2.811 -13.82 8.095 -2.67 -14.146
2 24 9.298 -3.287 -13.334 8.88 -2.811 -13.82
2 24 9.839 -3.425 -12.072 9.59 -4.133 -12.504
2 24 9.59 -4.133 -12.504 9.298 -3.287 -13.334
2 24 1.33 -6.902 -15.399 1.574 -7.241 -15.026
2 24 1.574 -7.241 -15.026 2.133 -7.569 -14.291
2 24 2.133 -7.569 -14.291 2.075 -8.915 -14.3
2 24 2.075 -8.915 -14.3 2.111 -9.379 -13.882
2 24 1.465 -10.201 -13.956 .521 -10.456 -13.865
2 24 1.93 -10.042 -13.457 1.465 -10.201 -13.956
2 24 2.268 -9.725 -13.456 1.93 -10.042 -13.457
2 24 2.111 -9.379 -13.882 2.268 -9.725 -13.456
2 24 9.567 -9.226 -4.5 11.493 -8.172 -6.097
2 24 11.493 -8.172 -6.097 12.697 -7.446 -5.49
2 24 12.697 -7.446 -5.49 13.733 -5.884 -4.838
2 24 .996 -13.252 -11.522 .392 -12.774 -10.89
2 24 7.164 -3.292 -14.259 7.397 -3.824 -14.178
2 24 6.868 -2.85 -14.135 7.164 -3.292 -14.259
2 24 5.772 -6.15 -13.521 4.57 -6.096 -14.2
2 24 6.348 -5.704 -13.87 5.772 -6.15 -13.521
2 24 7.397 -3.824 -14.178 7.487 -4.624 -13.798
2 24 7.487 -4.624 -13.798 7.033 -5.21 -14.129
2 24 7.033 -5.21 -14.129 6.348 -5.704 -13.87
2 24 .521 -10.456 -13.865 -.732 -10.336 -13.291
2 24 3.625 -11.789 -7.132 4.331 -11.978 -7.62
2 24 4.331 -11.978 -7.62 5.559 -12.192 -10.132
2 24 8.255 -4.932 -13.347 7.487 -4.624 -13.798
2 24 9.59 -4.133 -12.504 8.974 -4.991 -12.487
2 24 8.974 -4.991 -12.487 8.255 -4.932 -13.347
2 24 12.008 -8.342 -7.694 11.493 -8.172 -6.097
2 24 2.032 -12.741 -12.041 .996 -13.252 -11.522
2 24 2.268 -9.725 -13.456 3.015 -10.211 -12.672
2 24 3.015 -10.211 -12.672 3.06 -10.699 -12.464
2 24 3.06 -10.699 -12.464 3.238 -11.106 -12.234
2 24 3.238 -11.106 -12.234 2.032 -12.741 -12.041
2 24 8.325 -11.011 -7.359 7.455 -10.951 -6.354
2 24 8.93 -10.382 -8.572 8.325 -11.011 -7.359
2 24 9.092 -9.857 -9.11 8.93 -10.382 -8.572
2 24 8.397 -10.321 -10.196 9.092 -9.857 -9.11
2 24 7.602 -10.112 -10.69 8.397 -10.321 -10.196
2 24 7 -10.884 -10.789 7.602 -10.112 -10.69
2 24 6.325 -11.187 -10.897 7 -10.884 -10.789
2 24 5.559 -12.192 -10.132 5.325 -11.544 -10.749
2 24 5.325 -11.544 -10.749 6.325 -11.187 -10.897
2 24 14.008 -5.037 -6.997 13.942 -5.417 -5.807
2 24 13.968 -4.746 -7.737 14.008 -5.037 -6.997
2 24 13.087 -5.44 -8.894 13.968 -4.746 -7.737
2 24 9.092 -9.857 -9.11 10.035 -9.638 -9.191
2 24 10.035 -9.638 -9.191 10.575 -9.157 -9.2
2 24 11.576 -4.03 -10.777 10.536 -3.662 -11.84
2 24 3.238 -11.106 -12.234 4.154 -11.932 -11.86
2 24 4.154 -11.932 -11.86 4.741 -12.122 -11.403
2 24 4.741 -12.122 -11.403 5.325 -11.544 -10.749
2 24 6.092 -6.866 -13.593 5.772 -6.15 -13.521
2 24 6.208 -7.483 -13.648 6.092 -6.866 -13.593
2 24 3.015 -10.211 -12.672 4.671 -9.905 -13.444
2 24 4.671 -9.905 -13.444 5.867 -9.03 -13.075
2 24 5.867 -9.03 -13.075 6.34 -8.366 -12.81
2 24 6.34 -8.366 -12.81 6.78 -8.564 -12.529
2 24 6.208 -7.483 -13.648 6.34 -8.366 -12.81
2 24 9.439 -6.026 -12.262 8.974 -4.991 -12.487
2 24 11.645 -6.072 -9.437 11.228 -6.524 -9.452
2 24 11.777 -4.627 -10.555 11.645 -6.072 -9.437
2 24 11.228 -6.524 -9.452 9.506 -6.928 -11.352
2 24 9.506 -6.928 -11.352 9.439 -6.026 -12.262
2 24 6.78 -8.564 -12.529 7.5 -8.726 -11.756
2 24 7.5 -8.726 -11.756 7.616 -9.951 -10.873
2 24 7.616 -9.951 -10.873 7.602 -10.112 -10.69
2 24 8.852 -8.038 -11.761 7.5 -8.726 -11.756
2 24 9.506 -6.928 -11.352 8.852 -8.038 -11.761
2 24 13.087 -5.44 -8.894 11.645 -6.072 -9.437
2 24 11.283 -7.83 -8.608 11.228 -6.524 -9.452
2 24 12.008 -8.342 -7.694 11.283 -7.83 -8.608
2 24 11.283 -7.83 -8.608 10.868 -8.536 -8.986
2 24 10.868 -8.536 -8.986 10.575 -9.157 -9.2
2 24 -14.064 -2.215 -7.964 -14.054 -3.25 -8.651
2 24 -14.473 -1.935 -7.534 -14.064 -2.215 -7.964
2 24 10.398 -1.919 15.974 10.008 -1.684 16.544
2 24 10.008 -1.684 16.544 9.599 -1.386 17.053
2 24 9.599 -1.386 17.053 9.123 -1.23 17.38
2 24 9.123 -1.23 17.38 8.194 -1.2 17.795
2 24 8.194 -1.2 17.795 7.136 -1.505 18.187
2 24 -14.827 -1.923 -6.999 -14.473 -1.935 -7.534
2 24 -15.401 -2.443 -6.289 -14.827 -1.923 -6.999
2 24 -15.67 -3.033 -5.652 -15.401 -2.443 -6.289
2 24 -10.865 -8.757 1.476 -10.186 -8.475 .811
2 24 -11.377 -8.778 2.105 -10.865 -8.757 1.476
2 24 -8.411 -9.067 5.627 -10.039 -8.802 5.832
2 24 -11.708 -8.408 2.581 -11.377 -8.778 2.105
2 24 -11.838 -7.875 2.923 -11.708 -8.408 2.581
2 24 -12.024 -7.033 3.531 -11.838 -7.875 2.923
2 24 -11.756 -7.316 4.685 -12.024 -7.033 3.531
2 24 -10.039 -8.802 5.832 -10.723 -8.049 5.683
2 24 -10.723 -8.049 5.683 -11.123 -7.48 5.641
2 24 -11.123 -7.48 5.641 -11.756 -7.316 4.685
2 24 -10.342 2.57 -7.922 -10.401 3.726 -7.785
2 24 -10.401 3.726 -7.785 -10.396 5.188 -7.85
5 24 12.954 12.294 8.516 13.645 10.117 8.7 13.287 12.689 7.003 12.51 11.452 9.096
5 24 12.151 13.4 9.445 12.954 12.294 8.516 12.387 14.355 7.969 12.51 11.452 9.096
5 24 11.892 14.303 10.655 12.151 13.4 9.445 12.387 14.355 7.969 11.618 12.323 10.176
5 24 11.323 15.757 11.189 11.892 14.303 10.655 10.52 13.953 12.201 11.548 16.513 9.577
5 24 10.23 16.909 11.641 11.323 15.757 11.189 9.965 14.958 12.365 10.123 17.344 11.096
5 24 8.825 17.594 12.593 10.23 16.909 11.641 9.22 15.809 12.42 8.78 18 12.22
5 24 7.901 16.941 13.626 8.825 17.594 12.593 8.573 16.542 13.02 8.78 18 12.22
5 24 6.195 16.856 14.41 6.519 15.925 14.466 5.348 16.144 14.397 7.669 16.415 14.036
5 24 5.353 17.25 14.518 6.195 16.856 14.41 5.348 16.144 14.397 5.207 17.796 14.461
2 24 -2.717 -9.234 10.706 -3.888 -9.395 10.998
2 24 -3.888 -9.395 10.998 -4.478 -9.248 11.234
2 24 -4.478 -9.248 11.234 -4.883 -8.838 11.295
2 24 -4.883 -8.838 11.295 -5.398 -8.155 11.418
2 24 -5.398 -8.155 11.418 -7.06 -7.857 10.566
2 24 -13.09 .489 -9.452 -11.678 .344 -9.603
2 24 -13.629 -1.213 -9.091 -13.815 -1.515 -8.581
2 24 -13.521 .882 -8.928 -13.09 .489 -9.452
2 24 -13.815 -1.515 -8.581 -14.064 -2.215 -7.964
2 24 -13.956 1.548 -7.879 -13.521 .882 -8.928
2 24 -14.827 -1.923 -6.999 -14.96 -1.144 -6.793
2 24 -14.96 -1.144 -6.793 -15.052 -.13 -6.642
2 24 -14.985 .765 -6.606 -13.956 1.548 -7.879
2 24 -15.052 -.13 -6.642 -14.985 .765 -6.606
2 24 -14.23 -5.246 -5.952 -14.952 -4.502 -5.899
2 24 -14.952 -4.502 -5.899 -15.505 -3.718 -5.581
2 24 -15.505 -3.718 -5.581 -15.639 -3.368 -5.54
2 24 -15.639 -3.368 -5.54 -15.67 -3.033 -5.652
2 24 -14.669 -5.062 2.686 -14.822 -4.839 2.106
2 24 -14.352 -5.284 3.545 -14.669 -5.062 2.686
2 24 -14.083 -5.928 3.595 -14.352 -5.284 3.545
2 24 -14.822 -4.839 2.106 -15.061 -4.447 1.344
2 24 -15.061 -4.447 1.344 -14.701 -5.507 .238
2 24 11.012 .445 16.161 10.838 1.252 16.052
2 24 10.838 1.252 16.052 10.216 2.223 16.034
2 24 9.238 3.079 16.242 9.05 2.997 16.43
2 24 10.216 2.223 16.034 9.238 3.079 16.242
2 24 8.294 2.933 16.797 7.405 2.607 17.458
2 24 8.709 3.002 16.627 8.294 2.933 16.797
2 24 9.05 2.997 16.43 8.709 3.002 16.627
2 24 5.505 1.162 18.538 4.979 .141 18.53
2 24 4.979 .141 18.53 5.082 -.622 18.301
2 24 5.369 -1.504 18.047 7.136 -1.505 18.187
2 24 5.082 -.622 18.301 5.369 -1.504 18.047
2 24 7.405 2.607 17.458 7.035 2.429 17.795
2 24 7.035 2.429 17.795 5.505 1.162 18.538
2 24 -14.647 -5.472 -3.077 -15.393 -4.908 -2.874
2 24 -15.393 -4.908 -2.874 -15.801 -4.494 -2.812
2 24 -15.801 -4.494 -2.812 -16.231 -3.552 -2.889
2 24 10.52 13.953 12.201 10.808 12.661 11.437
2 24 9.965 14.958 12.365 10.52 13.953 12.201
2 24 9.22 15.809 12.42 9.965 14.958 12.365
2 24 8.418 15.346 13.508 9.22 15.809 12.42
5 24 7.669 16.415 14.036 8.418 15.346 13.508 8.573 16.542 13.02 7.469 14.175 14.091
2 24 -12.182 1.672 -8.498 -10.342 2.57 -7.922
2 24 -13.956 1.548 -7.879 -12.182 1.672 -8.498
2 24 5.531 -4.348 17.281 5.019 -5.148 16.24
2 24 5.709 -3.327 17.852 5.531 -4.348 17.281
2 24 5.369 -1.504 18.047 5.709 -3.327 17.852
2 24 -14.701 -5.507 .238 -13.994 -6.035 -.263
2 24 -12.024 -7.033 3.531 -13.182 -6.71 3.57
2 24 -13.182 -6.71 3.57 -14.083 -5.928 3.595
2 24 -12.182 1.672 -8.498 -12.726 2.959 -8.331
2 24 -12.726 2.959 -8.331 -12.923 4.476 -8.337
2 24 -12.923 4.476 -8.337 -12.897 5.982 -8.303
2 24 -12.897 5.982 -8.303 -10.409 6.416 -7.842
2 24 -15.908 -2.812 -5.294 -15.67 -3.033 -5.652
2 24 -16.282 -2.338 -4.689 -15.908 -2.812 -5.294
2 24 -16.363 -3.057 -3.393 -16.461 -2.077 -3.863
2 24 -16.461 -2.077 -3.863 -16.282 -2.338 -4.689
2 24 -16.231 -3.552 -2.889 -16.363 -3.057 -3.393
2 24 -7.467 -8.066 8.78 -8.531 -8.294 9.068
2 24 -8.531 -8.294 9.068 -9.164 -8.327 9.228
2 24 -11.601 -7.382 6.467 -11.123 -7.48 5.641
2 24 -11.822 -6.95 7.309 -11.601 -7.382 6.467
2 24 -1.274 -8.412 14.047 -2.826 -7.574 15.379
2 24 -5.406 -8.464 13.419 -5.398 -8.155 11.418
2 24 -5.226 -8.166 14.178 -5.406 -8.464 13.419
2 24 -4.734 -7.53 15.034 -5.226 -8.166 14.178
2 24 -2.826 -7.574 15.379 -4.155 -6.825 15.785
2 24 -4.155 -6.825 15.785 -4.734 -7.53 15.034
2 24 .61 -4.689 17.669 1.072 -5.546 16.828
2 24 .904 -4.174 18.306 .61 -4.689 17.669
2 24 4.506 -.474 18.676 3.482 -.653 19.103
2 24 3.482 -.653 19.103 2.646 -.837 19.239
2 24 2.646 -.837 19.239 2.161 -1.041 19.181
5 24 -14.478 -6.108 -1.319 -15.467 -5.589 -.877 -13.994 -6.035 -.263 -15.393 -4.908 -2.874
5 24 -15.467 -5.589 -.877 -16.471 -4.735 -.998 -16.063 -4.918 -.103 -16.157 -4.652 -1.85
2 24 -13.956 1.548 -7.879 -14.543 3.206 -7.452
2 24 -14.543 3.206 -7.452 -13.917 3.929 -7.705
2 24 -13.917 3.929 -7.705 -13.452 4.979 -7.988
2 24 -15.777 1.284 -4.638 -15.567 1.182 -5.604
2 24 -16.461 -2.077 -3.863 -16.542 -.532 -3.327
2 24 -15.893 1.336 -3.562 -15.777 1.284 -4.638
2 24 -16.542 -.532 -3.327 -16.324 .456 -2.74
2 24 -16.324 .456 -2.74 -15.893 1.336 -3.562
2 24 -15.567 1.182 -5.604 -14.985 .765 -6.606
2 24 11.476 9.347 11.83 11.847 8.7 11.444
2 24 10.76 10.577 12.328 11.476 9.347 11.83
2 24 10.808 12.661 11.437 10.76 10.577 12.328
2 24 -4.308 -6.48 16.125 -4.155 -6.825 15.785
2 24 5.082 -.622 18.301 4.506 -.474 18.676
5 24 -16.063 -4.918 -.103 -15.467 -5.589 -.877 -16.471 -4.735 -.998 -14.701 -5.507 .238
5 24 -15.919 -3.995 1.207 -16.063 -4.918 -.103 -15.061 -4.447 1.344 -16.536 -3.53 .887
2 24 -15.061 -4.447 1.344 -15.919 -3.995 1.207
2 24 .61 -4.689 17.669 .257 -4.715 17.755
2 24 .257 -4.715 17.755 -1.92 -4.614 18.326
2 24 -4.523 -5.927 16.345 -4.308 -6.48 16.125
2 24 -4.7 -4.888 16.571 -4.523 -5.927 16.345
2 24 -1.92 -4.614 18.326 -3.825 -3.336 17.592
2 24 -4.347 -4.234 17.009 -4.7 -4.888 16.571
2 24 -3.825 -3.336 17.592 -4.347 -4.234 17.009
2 24 11.166 7.574 13.048 10.574 7.637 13.668
2 24 11.424 7.654 12.713 11.166 7.574 13.048
2 24 10.574 7.637 13.668 10.047 7.688 14.203
2 24 10.047 7.688 14.203 9.55 7.635 14.746
2 24 7.019 5.143 16.647 7.483 4.056 16.583
2 24 7.567 6.07 16.577 7.019 5.143 16.647
2 24 7.483 4.056 16.583 8.298 3.211 16.649
2 24 8.298 3.211 16.649 8.709 3.002 16.627
2 24 -9.677 -8.076 9.325 -9.164 -8.327 9.228
2 24 -7.06 -7.857 10.566 -7.775 -7.834 11.781
2 24 -10.552 -6.041 12.725 -11.171 -5.656 12.261
2 24 -11.171 -5.656 12.261 -11.704 -5.344 11.381
2 24 10.76 10.577 12.328 10.062 11.046 13.551
2 24 8.175 7.195 15.763 9.102 7.485 15.249
2 24 7.447 8.957 15.595 8.175 7.195 15.763
2 24 10.062 11.046 13.551 9.404 11.105 13.858
2 24 9.404 11.105 13.858 8.47 11.195 14.174
2 24 8.47 11.195 14.174 6.953 9.949 15.27
2 24 6.953 9.949 15.27 7.447 8.957 15.595
2 24 -15.258 3.317 -6.424 -14.543 3.206 -7.452
2 24 -15.611 2.19 -5.796 -15.258 3.317 -6.424
2 24 -15.567 1.182 -5.604 -15.611 2.19 -5.796
2 24 -15.015 -4.131 5.633 -14.352 -5.284 3.545
2 24 -11.822 -6.95 7.309 -11.782 -6.351 7.912
2 24 -11.782 -6.351 7.912 -12.67 -6.037 7.923
2 24 -12.67 -6.037 7.923 -14.016 -4.614 7.669
2 24 -14.016 -4.614 7.669 -15.015 -4.131 5.633
2 24 -12.897 5.982 -8.303 -13.307 7.629 -7.528
2 24 -13.307 7.629 -7.528 -13.695 9.122 -6.766
2 24 -13.695 9.122 -6.766 -13.866 9.986 -6.216
2 24 -13.866 9.986 -6.216 -11.827 11.047 -5.53
5 24 -16.958 -2.978 -1.927 -16.991 -2.68 -2.82 -16.68 -3.399 -2.061 -17.086 -2.173 -2.908
5 24 -16.991 -2.68 -2.82 -17.086 -2.173 -2.908 -16.363 -3.057 -3.393 -16.958 -2.978 -1.927
5 24 -16.471 -4.735 -.998 -16.658 -4.027 -1.126 -16.157 -4.652 -1.85 -16.484 -4.578 -.472
5 24 -16.658 -4.027 -1.126 -16.815 -3.415 -1.486 -16.68 -3.399 -2.061 -16.836 -3.188 .382
5 24 -16.815 -3.415 -1.486 -16.958 -2.978 -1.927 -16.68 -3.399 -2.061 -17.188 -2.213 -1.409
5 24 -17.086 -2.173 -2.908 -17.174 -1.344 -2.835 -17.188 -2.213 -1.409 -16.461 -2.077 -3.863
5 24 -17.174 -1.344 -2.835 -17.176 -.893 -2.569 -17.188 -2.213 -1.409 -16.542 -.532 -3.327
5 24 -17.176 -.893 -2.569 -17.233 -.748 -1.934 -17.188 -2.213 -1.409 -16.542 -.532 -3.327
2 24 -16.476 .61 -1.793 -16.324 .456 -2.74
5 24 -17.233 -.748 -1.934 -17.302 -.645 -1.298 -17.188 -2.213 -1.409 -16.476 .61 -1.793
5 24 -17.302 -.645 -1.298 -17.411 -.274 -.475 -17.42 -2.358 .381 -16.476 .61 -1.793
2 24 -16.707 1.152 -.709 -16.476 .61 -1.793
5 24 -17.411 -.274 -.475 -17.42 -2.358 .381 -17.319 -1.966 -.65 -17.975 -1.09 1.544
2 24 -17.435 -2.774 1.552 -17.319 -1.283 2.831
2 24 -16.941 2.087 .555 -16.707 1.152 -.709
2 24 -17.319 -1.283 2.831 -17.336 .261 3.106
2 24 -17.109 2.166 1.208 -16.941 2.087 .555
2 24 -17.336 .261 3.106 -16.686 2.158 2.61
2 24 -16.686 2.158 2.61 -17.109 2.166 1.208
2 24 -8.261 -7.379 12.476 -7.775 -7.834 11.781
2 24 -8.874 -6.018 13.048 -8.261 -7.379 12.476
2 24 -8.673 -5.744 14.026 -8.874 -6.018 13.048
2 24 -8.574 -5.011 14.741 -8.673 -5.744 14.026
2 24 -4.7 -4.888 16.571 -6.327 -5.763 16.779
2 24 -6.327 -5.763 16.779 -7.206 -5.749 16.309
2 24 -7.206 -5.749 16.309 -8.574 -5.011 14.741
2 24 -9.677 -8.076 9.325 -10.697 -6.625 9.09
2 24 -10.697 -6.625 9.09 -11.782 -6.351 7.912
2 24 -14.347 5.157 -6.83 -14.285 5.475 -6.88
2 24 -14.516 4.868 -6.624 -14.347 5.157 -6.83
2 24 -14.285 5.475 -6.88 -14.27 5.952 -6.876
2 24 -15.151 4.536 -5.74 -14.516 4.868 -6.624
2 24 -14.27 5.952 -6.876 -14.426 7.104 -6.428
2 24 -15.289 4.471 -5.064 -15.151 4.536 -5.74
2 24 -15.893 1.336 -3.562 -15.981 2.8 -3.698
2 24 -15.458 4.399 -3.671 -15.289 4.471 -5.064
2 24 -15.981 2.8 -3.698 -15.458 4.399 -3.671
2 24 -14.426 7.104 -6.428 -14.609 8.013 -5.74
2 24 -14.609 8.013 -5.74 -14.794 8.474 -5.024
2 24 -13.978 10.243 -5.868 -13.866 9.986 -6.216
2 24 -14.578 10.379 -4.369 -13.978 10.243 -5.868
2 24 -14.794 8.474 -5.024 -15.105 8.773 -3.932
2 24 -14.866 10.364 -3.477 -14.578 10.379 -4.369
2 24 -15.078 10.232 -2.413 -14.866 10.364 -3.477
2 24 -15.334 9.021 -2.229 -15.078 10.232 -2.413
2 24 9.102 7.485 15.249 9.55 7.635 14.746
2 24 7.141 2.959 17.475 7.035 2.429 17.795
2 24 7.086 3.977 16.871 7.141 2.959 17.475
2 24 6.681 5.055 17.003 7.086 3.977 16.871
2 24 7.567 6.07 16.577 7.916 6.609 16.293
2 24 7.916 6.609 16.293 8.175 7.195 15.763
2 24 6.198 5.727 17.678 6.681 5.055 17.003
2 24 5.28 6.479 18.009 6.198 5.727 17.678
2 24 4.411 7.028 17.558 5.28 6.479 18.009
2 24 4.429 8.066 16.996 4.411 7.028 17.558
2 24 5.707 9.897 16.148 5.053 9.526 16.184
2 24 5.053 9.526 16.184 4.287 9.027 16.389
2 24 4.287 9.027 16.389 4.429 8.066 16.996
2 24 6.953 9.949 15.27 6.024 9.966 15.953
2 24 -11.099 -6.339 9.884 -10.697 -6.625 9.09
2 24 -11.704 -5.344 11.381 -11.099 -6.339 9.884
2 24 1.582 -2.801 18.964 1.241 -3.837 18.558
2 24 1.241 -3.837 18.558 .904 -4.174 18.306
2 24 1.964 -1.513 19.103 1.582 -2.801 18.964
2 24 2.161 -1.041 19.181 1.964 -1.513 19.103
2 24 -8.874 -6.018 13.048 -9.897 -6.212 12.988
2 24 -9.897 -6.212 12.988 -10.552 -6.041 12.725
5 24 -14.352 -5.284 3.545 -15.647 -4.584 2.629 -15.967 -4.467 4.181 -14.669 -5.062 2.686
5 24 -15.967 -4.467 4.181 -16.961 -3.531 4.287 -16.302 -4.285 2.682 -16.19 -2.908 5.869
5 24 -16.961 -3.531 4.287 -17.25 -3.525 2.288 -16.302 -4.285 2.682 -17.125 -1.303 3.864
2 24 1.582 -2.801 18.964 1.297 -1.575 19.091
2 24 1.297 -1.575 19.091 .683 -.91 19.239
2 24 -3.96 -2.789 18.173 -3.825 -3.336 17.592
2 24 .683 -.91 19.239 -.806 .204 18.797
2 24 -.806 .204 18.797 -1.854 -.432 19.399
2 24 -1.854 -.432 19.399 -2.547 -.783 19.435
2 24 -2.547 -.783 19.435 -3.166 -1.058 19.145
2 24 -3.166 -1.058 19.145 -3.646 -1.358 18.681
2 24 -4.019 -2.171 18.332 -3.96 -2.789 18.173
2 24 -3.646 -1.358 18.681 -4.01 -1.587 18.388
2 24 -4.01 -1.587 18.388 -4.019 -2.171 18.332
2 24 -14.516 4.868 -6.624 -15.04 5.65 -6.044
2 24 -15.04 5.65 -6.044 -15.145 6.783 -5.671
2 24 -15.145 6.783 -5.671 -15.338 7.32 -4.747
2 24 -15.338 7.32 -4.747 -15.468 7.646 -3.526
2 24 -15.468 7.646 -3.526 -15.703 7.124 -2.721
2 24 -15.923 7.063 -1.5 -15.627 8.028 -1.945
2 24 -15.627 8.028 -1.945 -15.334 9.021 -2.229
2 24 -15.015 -4.131 5.633 -16.19 -2.908 5.869
5 24 -16.993 -1.359 4.939 -16.961 -3.531 4.287 -17.125 -1.303 3.864 -16.19 -2.908 5.869
2 24 -16.19 -2.908 5.869 -16.548 -1.862 5.881
5 24 -16.895 .157 6.079 -16.993 -1.359 4.939 -16.548 -1.862 5.881 -17.07 .419 4.918
2 24 -16.548 -1.862 5.881 -15.726 .869 7.392
5 24 -16.025 2.075 6.424 -16.895 .157 6.079 -17.07 .419 4.918 -15.726 .869 7.392
2 24 -15.726 .869 7.392 -15.522 1.658 7.302
2 24 -15.522 1.658 7.302 -16.025 2.075 6.424
2 24 5.505 1.162 18.538 4.591 1.719 18.902
2 24 4.591 1.719 18.902 3.578 2.917 19.179
2 24 3.578 2.917 19.179 2.695 3.793 19.366
2 24 2.695 3.793 19.366 2.173 4.095 19.075
2 24 -.718 2.357 18.886 -.806 .204 18.797
2 24 1.093 3.215 19.419 .423 2.653 19.46
2 24 .423 2.653 19.46 -.718 2.357 18.886
2 24 2.173 4.095 19.075 1.689 4.015 19.097
2 24 1.689 4.015 19.097 1.093 3.215 19.419
2 24 -15.458 4.399 -3.671 -15.951 4.962 -1.726
2 24 -15.951 4.962 -1.726 -16.286 4.427 -.556
2 24 -16.408 5.744 .323 -16.15 6.31 -.704
2 24 -16.933 5.227 .946 -16.408 5.744 .323
5 24 -17.109 2.166 1.208 -16.933 5.227 .946 -16.905 5.239 1.919 -16.286 4.427 -.556
2 24 -16.286 4.427 -.556 -16.941 2.087 .555
2 24 -16.15 6.31 -.704 -15.923 7.063 -1.5
2 24 -11.704 -5.344 11.381 -12.558 -4.519 11.21
2 24 -12.558 -4.519 11.21 -12.883 -3.833 11.207
2 24 4.411 7.028 17.558 3.792 6.931 18.172
2 24 3.792 6.931 18.172 3.159 6.841 18.49
2 24 1.914 5.676 18.733 1.689 4.015 19.097
2 24 3.159 6.841 18.49 2.283 6.658 18.497
2 24 2.283 6.658 18.497 1.759 6.445 18.561
2 24 1.759 6.445 18.561 1.914 5.676 18.733
2 24 -14.731 -3.797 8.722 -14.016 -4.614 7.669
2 24 -14.875 -3.296 9.197 -14.731 -3.797 8.722
2 24 8.034 13.087 14.149 8.47 11.195 14.174
2 24 7.469 14.175 14.091 8.034 13.087 14.149
2 24 8.418 15.346 13.508 7.469 14.175 14.091
2 24 -16.376 2.267 3.873 -16.686 2.158 2.61
2 24 -16.025 2.075 6.424 -16.376 2.267 3.873
2 24 -13.492 -2.251 11.329 -12.883 -3.833 11.207
2 24 -13.429 -2.121 12.042 -13.492 -2.251 11.329
2 24 -8.574 -5.011 14.741 -9.306 -3.914 15.688
2 24 -9.306 -3.914 15.688 -9.962 -2.761 16.157
2 24 -9.962 -2.761 16.157 -10.993 -2.551 15.879
2 24 -13.317 -1.984 12.536 -13.429 -2.121 12.042
2 24 -10.993 -2.551 15.879 -12.156 -2.16 14.935
2 24 -13.059 -1.512 13.133 -13.317 -1.984 12.536
2 24 -12.156 -2.16 14.935 -13.059 -1.512 13.133
2 24 -14.875 -3.296 9.197 -14.557 -1.741 10.059
2 24 -14.557 -1.741 10.059 -15.472 .412 9.379
2 24 -14.227 10.541 -2.115 -13.189 10.602 -2.108
2 24 -15.078 10.232 -2.413 -14.227 10.541 -2.115
2 24 6.024 9.966 15.953 5.707 9.897 16.148
2 24 -4.391 -1.615 18.391 -5.193 -1.303 18.632
5 24 -8.872 -3.381 18.082 -9.494 -3.095 16.588 -9.306 -3.914 15.688 -9.248 -1.907 16.677
5 24 -9.494 -3.095 16.588 -9.962 -2.761 16.157 -9.306 -3.914 15.688 -9.248 -1.907 16.677
2 24 -5.193 -1.303 18.632 -5.802 -.951 18.649
5 24 -5.802 -.951 18.649 -6.369 -1.683 18.864 -5.574 -2.156 18.756 -6.364 -.472 18.209
5 24 -6.369 -1.683 18.864 -7.735 -2.865 18.897 -6.336 -3 18.918 -7.701 -1.02 17.96
5 24 -7.735 -2.865 18.897 -8.872 -3.381 18.082 -7.277 -4.051 18.71 -8.519 -1.309 17.196
2 24 -4.01 -1.587 18.388 -4.391 -1.615 18.391
2 24 -13.492 -2.251 11.329 -14.557 -1.741 10.059
2 24 7.469 14.175 14.091 6.304 14.603 14.442
2 24 6.304 14.603 14.442 5.472 14.87 14.401
2 24 5.472 14.87 14.401 4.722 14.175 15.176
2 24 3.708 10.583 16.454 4.287 9.027 16.389
2 24 3.017 11.386 16.364 3.708 10.583 16.454
2 24 -15.472 .412 9.379 -15.291 1.302 9.008
2 24 -15.291 1.302 9.008 -15.097 2.355 8.367
2 24 -15.097 2.355 8.367 -15.522 1.658 7.302
2 24 -16.933 5.227 .946 -16.905 5.239 1.919
2 24 -16.905 5.239 1.919 -16.232 5.802 2.292
2 24 -16.232 5.802 2.292 -15.647 6.168 3.252
2 24 -15.647 6.168 3.252 -15.386 7.027 4.713
2 24 -15.386 7.027 4.713 -15.26 7.582 5.316
2 24 -15.26 7.582 5.316 -14.713 9.318 5.781
2 24 -14.713 9.318 5.781 -14.346 10.906 6.311
2 24 -14.346 10.906 6.311 -13.242 13.3 7.337
2 24 -13.242 13.3 7.337 -12.575 15.034 8.629
2 24 -12.575 15.034 8.629 -11.858 16.419 9.88
2 24 -11.858 16.419 9.88 -11.081 17 10.656
2 24 -11.081 17 10.656 -9.654 17.776 11.955
2 24 -9.654 17.776 11.955 -7.295 18.37 13.354
2 24 -7.295 18.37 13.354 -5.845 18.624 14.016
2 24 -5.845 18.624 14.016 -4.601 18.739 14.423
2 24 -4.601 18.739 14.423 -2.507 18.788 14.916
2 24 -2.507 18.788 14.916 -.644 18.827 15.204
2 24 -.718 2.357 18.886 -1.605 2.954 19.514
5 24 -4.361 1.881 19.512 -4.878 1.458 19.296 -4.727 -.35 19.282 -4.318 3.028 18.736
5 24 -3.682 2.356 19.674 -4.361 1.881 19.512 -4.318 3.028 18.736 -3.107 .207 19.805
2 24 -1.605 2.954 19.514 -2.75 3.756 19.27
5 24 -2.75 3.756 19.27 -3.682 2.356 19.674 -1.605 2.954 19.514 -3.159 3.765 19.219
5 24 -4.878 1.458 19.296 -5.453 .464 19.049 -6.072 1.176 18.502 -4.727 -.35 19.282
5 24 -5.453 .464 19.049 -5.802 -.951 18.649 -4.727 -.35 19.282 -6.224 .354 18.492
5 24 6.519 15.925 14.466 6.304 14.603 14.442 7.469 14.175 14.091 5.348 16.144 14.397
2 24 1.271 7.188 18.728 1.759 6.445 18.561
2 24 1.271 7.188 18.728 .87 7.505 18.492
2 24 .87 7.505 18.492 .482 8 17.826
2 24 -2.825 4.61 19.157 -2.75 3.756 19.27
2 24 .482 8 17.826 -.132 8.113 17.959
2 24 -.132 8.113 17.959 -2.667 6.418 18.202
2 24 -2.901 5.437 18.953 -2.825 4.61 19.157
2 24 -2.667 6.418 18.202 -2.901 5.437 18.953
2 24 -16.376 2.267 3.873 -16.146 5.052 4.07
2 24 -9.248 -1.907 16.677 -9.962 -2.761 16.157
2 24 -8.519 -1.309 17.196 -9.248 -1.907 16.677
2 24 -7.701 -1.02 17.96 -8.519 -1.309 17.196
2 24 -6.364 -.472 18.209 -7.701 -1.02 17.96
2 24 -5.802 -.951 18.649 -6.364 -.472 18.209
2 24 -14.393 2.462 11.441 -14.634 3.087 9.005
2 24 -14.634 3.087 9.005 -15.097 2.355 8.367
2 24 4.722 14.175 15.176 3.605 12.981 15.469
2 24 3.605 12.981 15.469 3.017 11.386 16.364
2 24 -8.519 -1.309 17.196 -9.285 -.476 17.487
2 24 -13.44 -.575 13.286 -13.059 -1.512 13.133
2 24 -6.224 .354 18.492 -6.364 -.472 18.209
2 24 -6.072 1.176 18.502 -6.224 .354 18.492
2 24 -4.318 3.028 18.736 -5.608 2.379 17.99
2 24 -3.159 3.765 19.219 -4.318 3.028 18.736
2 24 -2.75 3.756 19.27 -3.159 3.765 19.219
2 24 -5.931 2.323 17.892 -6.072 1.176 18.502
2 24 -5.608 2.379 17.99 -5.931 2.323 17.892
2 24 -16.146 5.052 4.07 -15.647 6.168 3.252
2 24 3.017 11.386 16.364 1.147 10.625 17.422
5 24 4.226 15.793 15.702 4.722 14.175 15.176 5.472 14.87 14.401 3.605 12.981 15.469
5 24 4.423 16.737 15.492 4.226 15.793 15.702 5.348 16.144 14.397 3.71 16.992 15.729
5 24 5.353 17.25 14.518 4.423 16.737 15.492 5.348 16.144 14.397 5.207 17.796 14.461
2 24 -13.44 -.575 13.286 -13.3 .342 13.347
2 24 -13.3 .342 13.347 -12.704 1.318 13.279
2 24 -12.704 1.318 13.279 -13.721 1.834 12.403
2 24 -13.721 1.834 12.403 -14.393 2.462 11.441
5 24 4.423 16.737 15.492 3.71 16.992 15.729 3.825 18.102 14.977 4.226 15.793 15.702
5 24 3.71 16.992 15.729 2.731 17.08 15.965 3.605 12.981 15.469 2.657 18.206 15.203
5 24 2.731 17.08 15.965 2.135 16.59 16.115 1.664 17.844 15.272 3.605 12.981 15.469
5 24 2.135 16.59 16.115 2.094 15.637 16.164 1.174 15.115 15.884 3.605 12.981 15.469
2 24 1.885 14.806 16.23 3.605 12.981 15.469
5 24 2.094 15.637 16.164 1.885 14.806 16.23 1.174 15.115 15.884 3.605 12.981 15.469
2 24 .682 10.239 17.276 .607 8.97 17.68
2 24 .607 8.97 17.68 .482 8 17.826
2 24 1.147 10.625 17.422 .682 10.239 17.276
2 24 -14.634 3.087 9.005 -14.357 4.564 8.993
2 24 -14.357 4.564 8.993 -14.701 5.201 8.461
2 24 -14.701 5.201 8.461 -14.86 6.007 7.421
2 24 -14.86 6.007 7.421 -15.647 6.168 3.252
5 24 -7.785 .332 19.146 -8.153 .093 18.995 -8.277 .835 19.2 -7.701 -1.02 17.96
5 24 -7.524 .765 19.207 -7.785 .332 19.146 -8.277 .835 19.2 -6.364 -.472 18.209
5 24 -7.55 1.49 19.18 -7.524 .765 19.207 -8.277 .835 19.2 -6.072 1.176 18.502
5 24 -7.889 2.19 19.004 -7.55 1.49 19.18 -6.072 1.176 18.502 -8.277 .835 19.2
2 24 -9.862 .172 17.403 -9.285 -.476 17.487
2 24 -5.931 2.323 17.892 -6.836 3.404 17.791
5 24 -8.648 3.192 18.335 -7.889 2.19 19.004 -9.671 2.35 17.863 -7.407 4.286 17.538
2 24 -10.399 1.109 16.566 -9.862 .172 17.403
2 24 -10.774 2.283 14.797 -10.399 1.109 16.566
2 24 -10.25 3.275 15.908 -10.774 2.283 14.797
2 24 -6.836 3.404 17.791 -7.407 4.286 17.538
2 24 -7.407 4.286 17.538 -8.892 4.049 17.575
5 24 -8.892 4.049 17.575 -8.648 3.192 18.335 -9.671 2.35 17.863 -7.407 4.286 17.538
2 24 -9.727 3.833 16.811 -10.25 3.275 15.908
2 24 -8.892 4.049 17.575 -9.727 3.833 16.811
2 24 -.077 10.869 17.195 .682 10.239 17.276
2 24 -.849 11.602 16.864 -.077 10.869 17.195
2 24 -.849 12.99 16.637 -.849 11.602 16.864
2 24 -.201 14.267 16.756 -.849 12.99 16.637
2 24 1.885 14.806 16.23 1.174 15.115 15.884
2 24 1.174 15.115 15.884 -.201 14.267 16.756
2 24 -2.667 6.418 18.202 -3.729 7.381 18.071
2 24 -3.729 7.381 18.071 -5.951 7.368 18.045
2 24 -11.814 1.877 14.1 -12.704 1.318 13.279
2 24 -10.774 2.283 14.797 -11.814 1.877 14.1
2 24 -1.382 12.955 16.547 -1.342 11.546 16.878
2 24 -1.703 13.661 16.441 -1.382 12.955 16.547
5 24 -.201 14.267 16.756 -.379 15.35 16.854 -1.343 15.342 16.584 1.174 15.115 15.884
5 24 -.379 15.35 16.854 .108 16.709 16.344 1.174 15.115 15.884 -1.343 15.342 16.584
2 24 -2.746 14.722 15.728 -1.703 13.661 16.441
2 24 -2.728 16.21 15.724 -2.746 14.722 15.728
2 24 -1.569 18.311 15.334 -2.154 17.569 15.257
2 24 -2.643 17.16 15.139 -2.728 16.21 15.724
2 24 -2.154 17.569 15.257 -2.643 17.16 15.139
2 24 -.629 18.518 15.458 -1.569 18.311 15.334
5 24 .108 16.709 16.344 .509 17.857 15.552 -.967 17.298 16.028 1.086 17.393 15.381
2 24 .509 17.857 15.552 -.629 18.518 15.458
5 24 -6.698 5.26 18.958 -6.962 4.672 18.161 -6.097 4.037 18.673 -7.071 5.906 17.166
5 24 -6.962 4.672 18.161 -7.407 4.286 17.538 -6.836 3.404 17.791 -7.071 5.906 17.166
2 24 -14.86 6.007 7.421 -13.972 8.405 8.052
2 24 -13.161 6.054 12.036 -13.641 5.956 11.038
2 24 -12.505 5.895 12.86 -13.161 6.054 12.036
2 24 -13.984 5.526 10.131 -14.357 4.564 8.993
2 24 -13.641 5.956 11.038 -13.984 5.526 10.131
2 24 -13.668 8.722 8.738 -13.972 8.405 8.052
2 24 -13.088 8.884 9.466 -13.668 8.722 8.738
2 24 -12.479 9.03 10.335 -13.088 8.884 9.466
2 24 -12.119 8.783 12.027 -12.479 9.03 10.335
2 24 -12.505 5.895 12.86 -11.688 5.4 13.496
2 24 -10.774 2.283 14.797 -11.218 3.778 14.477
2 24 -11.218 3.778 14.477 -11.637 4.866 14.027
2 24 -11.637 4.866 14.027 -11.688 5.4 13.496
2 24 -7.071 5.906 17.166 -7.407 4.286 17.538
2 24 -6.828 6.577 16.84 -7.071 5.906 17.166
2 24 -6.259 7.095 17.033 -6.769 7.692 16.048
2 24 -7.07 7.445 15.952 -6.828 6.577 16.84
2 24 -6.769 7.692 16.048 -7.07 7.445 15.952
2 24 -5.951 7.368 18.045 -6.259 7.095 17.033
2 24 -3.483 9.433 17.367 -3.729 7.381 18.071
2 24 -2.32 10.819 17.472 -3.483 9.433 17.367
2 24 -1.342 11.546 16.878 -2.32 10.819 17.472
2 24 -3.483 9.433 17.367 -4.471 10.432 17.095
2 24 -4.471 10.432 17.095 -5.113 11.116 16.347
2 24 -5.552 11.573 15.339 -6.482 10.865 15.479
2 24 -5.113 11.116 16.347 -5.552 11.573 15.339
2 24 -6.482 10.865 15.479 -7.18 10.169 15.779
2 24 -7.18 10.169 15.779 -7.441 9.291 16.254
2 24 -2.746 14.722 15.728 -3.866 14.279 15.749
2 24 -3.866 14.279 15.749 -4.632 13.893 15.441
2 24 -12.479 9.03 10.335 -12.533 10.259 10.215
2 24 -12.713 12.507 9.061 -13.242 13.3 7.337
2 24 -12.533 10.259 10.215 -12.051 12.102 10.229
2 24 -12.051 12.102 10.229 -12.713 12.507 9.061
2 24 -8.352 7.398 16.179 -7.07 7.445 15.952
2 24 -6.769 7.692 16.048 -7.441 9.291 16.254
2 24 -9.245 7.357 16.3 -8.352 7.398 16.179
2 24 -10.599 6.949 14.093 -11.688 5.4 13.496
2 24 -10.132 7.237 15.663 -10.599 6.949 14.093
2 24 -9.245 7.357 16.3 -10.132 7.237 15.663
2 24 -10.599 6.949 14.093 -11.177 8.416 13.013
2 24 -11.177 8.416 13.013 -12.119 8.783 12.027
2 24 -5.21 12.462 15.322 -5.552 11.573 15.339
2 24 -5.131 13.535 15.124 -5.21 12.462 15.322
2 24 -4.632 13.893 15.441 -5.131 13.535 15.124
2 24 -3.611 18.125 14.988 -2.643 17.16 15.139
2 24 -4.594 18.419 14.596 -3.611 18.125 14.988
2 24 -5.142 17.879 14.625 -4.594 18.419 14.596
2 24 -6.096 17.358 14.263 -5.142 17.879 14.625
2 24 -10.338 12.853 12.708 -9.827 12.233 12.997
2 24 -9.827 12.233 12.997 -9.607 12.486 13.2
2 24 -9.607 12.486 13.2 -9.388 13.513 13.826
2 24 -10.658 13.293 12.201 -10.338 12.853 12.708
2 24 -10.978 13.652 11.29 -10.658 13.293 12.201
2 24 -10.979 13.977 11.279 -10.978 13.652 11.29
2 24 -11.081 17 10.656 -10.595 15.839 11.334
2 24 -6.482 10.865 15.479 -7.505 10.914 15.306
2 24 -7.505 10.914 15.306 -8.932 11.086 14.799
2 24 -8.932 11.086 14.799 -9.655 11.288 13.441
2 24 -9.655 11.288 13.441 -11.029 9.58 13.677
2 24 -11.676 12.821 10.807 -12.051 12.102 10.229
2 24 -10.978 13.652 11.29 -11.676 12.821 10.807
2 24 -5.131 13.535 15.124 -5.931 14.358 14.701
2 24 -6.565 15.64 14.029 -7.942 15.261 13.855
2 24 -5.931 14.358 14.701 -6.565 15.64 14.029
2 24 -7.942 15.261 13.855 -8.801 14.417 13.921
2 24 -8.801 14.417 13.921 -9.095 13.965 13.874
2 24 -9.095 13.965 13.874 -9.388 13.513 13.826
2 24 -11.029 9.58 13.677 -11.177 8.416 13.013
2 24 -10.979 13.977 11.279 -10.595 15.839 11.334
2 24 -6.418 16.469 13.977 -6.565 15.64 14.029
2 24 -6.096 17.358 14.263 -6.418 16.469 13.977
2 24 -9.827 12.233 12.997 -9.655 11.288 13.441

5 24 -5.5034 2.2242 -10.9674 -4.985 .916 -12.716 -5.857 1.419 -11.662 -4.7343 2.1714 -11.4293
5 24 -10.559 .273 -10.221 -10.6 1.131 -9.501 -11.678 .344 -9.603 -9.538 .815 -10.187
5 24 -12.705 -2.827 -10.581 -11.46 -3.493 -10.7 -12.05 -4.139 -10.372 -11.869 -2.071 -10.673
5 24 .003 -13.243 -12.096 .97 -12.477 -12.999 .996 -13.252 -11.522 -.088 -12.326 -13.458
5 24 -4.478 -9.248 11.234 -4.81 -10.071 10.472 -3.888 -9.395 10.998 -4.883 -8.838 11.295
5 24 13.786 9.264 -6.692 10.9695 9.522 -6.533 12.911 6.567 -8.137 11.4794 11.073 -5.7701
5 24 -15.04 5.65 -6.044 -15.267 5.941 -5.526 -15.145 6.783 -5.671 -15.151 4.536 -5.74
5 24 -5.131 13.535 15.124 -6.665 12.472 15.301 -5.21 12.462 15.322 -5.931 14.358 14.701
5 24 -15.669 -5.203 -4.011 -14.647 -5.472 -3.077 -14.279 -5.752 -3.559 -15.393 -4.908 -2.874
5 24 15.676 -.056 -4.303 16.892 -.552 -2.865 16.459 -1.614 -3.95 16.049 .515 -3.121
5 24 -12.705 -2.827 -10.581 -12.523 -.883 -9.733 -12.889 -2.982 -10.475 -11.869 -2.071 -10.673
5 24 -.683 -9.488 13.478 -1.274 -8.412 14.047 -.246 -8.318 14.069 -1.83 -9.153 12.929
5 24 -1.873 -12.056 3.634 -1.478 -11.771 3.366 -1.77 -11.96 4.189 -2.324 -12.085 3.332
5 24 -7.821 -6.28 -14.026 -7.232 -4.564 -14.965 -6.78 -5.2 -15.174 -8.302 -4.759 -13.812
5 24 3.268 -.355 -14.114 4.7492 2.2178 -11.4652 5.311 -.705 -13.327 2.8211 2.2716 -11.8934
5 24 -8.352 7.398 16.179 -8.463 8.451 16.161 -6.769 7.692 16.048 -9.245 7.357 16.3
5 24 6.681 5.055 17.003 7.019 5.143 16.647 7.086 3.977 16.871 6.953 6.092 17.079
5 24 -2.75 3.756 19.27 -1.849 3.865 19.862 -2.825 4.61 19.157 -1.605 2.954 19.514
5 24 -16.104 -2.495 7.912 -14.875 -3.296 9.197 -14.731 -3.797 8.722 -14.557 -1.741 10.059
5 24 -8.265 -10.336 -11.194 -8.158 -9.83 -11.766 -9.102 -9.29 -11.096 -7.132 -10.559 -11.867
5 24 14.333 -5.622 -2.94 15.678 -4.947 -4.561 13.733 -5.884 -4.838 15.802 -4.871 -3.758
5 24 -17.07 .419 4.918 -16.376 2.267 3.873 -17.336 .261 3.106 -16.025 2.075 6.424
5 24 -2.95 -11.517 4.394 -2.057 -11.899 4.392 -2.517 -11.976 4.095 -2.213 -11.266 5.061
5 24 -12.225 -7.529 -7.482 -11.207 -7.911 -8.3 -11.47 -7.939 -7.621 -11.633 -7.673 -8.997
5 24 16.09 3.451 -2.842 15.872 6.026 -.071 16.471 3.768 -.361 15.451 5.212 -3.775
5 24 6.78 -8.564 -12.529 6.325 -9.433 -12.812 6.34 -8.366 -12.81 7.5 -8.726 -11.756
5 24 .89 18.79 15.127 .725 18.069 15.414 1.664 17.844 15.272 -.629 18.518 15.458
5 24 -10.018 -6.036 13.888 -8.874 -6.018 13.048 -9.897 -6.212 12.988 -8.673 -5.744 14.026
5 24 -13.182 -6.71 3.57 -11.756 -7.316 4.685 -13.052 -7.254 5.713 -12.024 -7.033 3.531
5 24 -14.047 -6.661 2.901 -14.669 -5.062 2.686 -14.119 -5.975 3.307 -14.366 -6.531 .756
5 24 -12.726 2.959 -8.331 -13.917 3.929 -7.705 -14.543 3.206 -7.452 -12.923 4.476 -8.337
5 24 3.238 -11.106 -12.234 3.55 -10.793 -12.605 3.961 -11.422 -12.245 3.06 -10.699 -12.464
5 24 1.933 -12.272 -.728 2.16 -11.904 .68 3.067 -12.61 -.046 .961 -11.37 .311
5 24 12.008 -8.342 -7.694 12.792 -8.016 -7.218 12.905 -6.91 -8.306 11.493 -8.172 -6.097
5 24 -16.467 3.193 -1.248 -16.707 1.152 -.709 -16.941 2.087 .555 -16.379 3.082 -2.216
5 24 4.474 10.907 16.338 3.708 10.583 16.454 3.017 11.386 16.364 5.053 9.526 16.184
5 24 .913 4.472 19.832 .944 5.769 19.852 1.914 5.676 18.733 -.564 4.934 19.877
5 24 -17.109 2.166 1.208 -17.485 1.21 1.532 -16.941 2.087 .555 -16.686 2.158 2.61
5 24 -14.175 7.597 8.711 -13.668 8.722 8.738 -14.049 7.647 9.771 -13.972 8.405 8.052
5 24 9.469 -.374 18.416 10.151 -.753 17.325 10.248 .896 17.009 9.123 -1.23 17.38
5 24 -15.393 -4.908 -2.874 -16.157 -4.652 -1.85 -15.467 -5.589 -.877 -15.801 -4.494 -2.812
5 24 12.792 -8.016 -7.218 12.697 -7.446 -5.49 11.493 -8.172 -6.097 13.364 -7.004 -7.357
5 24 -4.255 -12.802 -1.604 -4.538 -12.386 -1.016 -3.391 -12.382 -1.069 -5.127 -12.514 -1.27
5 24 -15.627 8.028 -1.945 -14.993 8.108 -1.327 -15.923 7.063 -1.5 -15.334 9.021 -2.229
5 24 -1.986 -3.597 -15.853 -1.221 -3.321 -15.73 -2.187 -4.706 -15.586 -1.321 -2.512 -14.811
5 24 15.491 -2.202 -5.75 15.105 -1.85 -6.879 15.676 -.056 -4.303 15.353 -3.401 -6.151
5 24 9.99 -9.662 -9.532 9.092 -9.857 -9.11 10.035 -9.638 -9.191 9.608 -9.952 -10.041
5 24 -5.651 -10.896 6.948 -5.919 -9.315 7.561 -6.669 -10.45 6.689 -4.864 -10.116 7.437
5 24 -1.249 -1.256 19.649 -1.854 -.432 19.399 -.806 .204 18.797 -2.547 -.783 19.435
5 24 -12.883 -3.833 11.207 -12.947 -3.506 12.045 -13.492 -2.251 11.329 -12.416 -4.704 11.955
5 24 -9.657 17.624 9.203 -11.858 16.419 9.88 -10.566 16.73 8.092 -11.081 17 10.656
5 24 -15.392 6.034 -4.803 -15.703 7.124 -2.721 -15.468 7.646 -3.526 -15.289 4.471 -5.064
5 24 -.24 -7.007 -15.636 .897 -5.554 -16.037 -1.084 -5.448 -16.026 .847 -6.629 -15.465
5 24 .802 -3.918 18.591 -1.779 -3.423 19.419 -.314 -2.011 19.706 -1.92 -4.614 18.326
5 24 12.905 -6.91 -8.306 12.792 -8.016 -7.218 13.364 -7.004 -7.357 12.008 -8.342 -7.694
5 24 6.177 -8.976 7.023 5.638 -10.214 6.773 6.567 -9.067 6.544 5.018 -10.188 7.337
5 24 -.732 -10.336 -13.291 -.01 -10.039 -14.823 .521 -10.456 -13.865 -1.433 -9.921 -14.172
5 24 10.171 4.29 15.429 10.543 5.385 15.501 9.949 4.844 16.133 10.501 4.599 15.024
5 24 10.1268 5.263 -7.7939 12.911 6.567 -8.137 12.992 4.207 -8.285 10.1725 6.952 -7.7257
5 24 12.25 -3.145 -10.532 12.46 -4.358 -10.26 11.576 -4.03 -10.777 12.954 -3.871 -10.28
5 24 7.669 16.415 14.036 6.195 16.856 14.41 6.519 15.925 14.466 7.901 16.941 13.626
5 24 -4.511 -1.264 -14.167 -3.586 .241 -14.033 -3.526 -1.35 -14.494 -4.177 .471 -13.653
5 24 -12.081 -4.833 -11.08 -12.247 -5.068 -10.773 -12.05 -4.139 -10.372 -11.842 -6.457 -10.788
5 24 5.503 -7.236 -14.18 4.57 -6.096 -14.2 5.772 -6.15 -13.521 5.215 -7.768 -14.621
5 24 .868 -5.074 -16.073 .565 -5.079 -16.192 .588 -3.619 -15.241 .897 -5.554 -16.037
5 24 -1.343 15.342 16.584 -.967 17.298 16.028 .108 16.709 16.344 -2.728 16.21 15.724
5 24 -11.531 12.378 12.282 -10.955 12.29 12.882 -10.658 13.293 12.201 -11.652 10.328 13.401
5 24 -2.224 -9.523 11.726 -3.196 -9.481 11.633 -3.224 -9.622 12.196 -2.717 -9.234 10.706
5 24 -13.052 -7.254 5.713 -13.182 -6.71 3.57 -14.348 -6.192 5.555 -11.756 -7.316 4.685
5 24 -4.909 -13.022 -3.089 -4.54 -13.073 -2.689 -4.42 -12.741 -4.19 -4.892 -13.018 -2.417
5 24 -15.647 6.168 3.252 -13.045 7.696 2.949 -15.386 7.027 4.713 -13.273 7.143 1.542
5 24 3.015 -12.351 -2.595 2.834 -12.544 -3.891 3.6 -12.46 -2.465 2.261 -11.952 -2.737
5 24 -6.851 -6.564 -14.384 -7.559 -6.801 -14.134 -7.821 -6.28 -14.026 -6.73 -7.371 -14.357
5 24 -10.697 -5.83 -12.472 -10.824 -4.729 -12.344 -12.081 -4.833 -11.08 -9.835 -5.318 -12.279
5 24 -7.447 -11.644 -4.751 -7.823 -11.4 -5.646 -6.937 -11.495 -4.988 -8.599 -11.262 -5.474
5 24 -.606 -10.583 9.481 -1.226 -10.785 10.968 -1.964 -10.084 9.549 .371 -10.718 9.674
5 24 -1.084 -5.448 -16.026 -2.187 -4.706 -15.586 -2.318 -5.562 -14.958 -1.221 -3.321 -15.73
5 24 -9.096 -10.381 .14 -10.09 -9.692 -.857 -9.84 -9.46 -.019 -9.149 -10.949 -.524
5 24 -8.411 -9.067 5.627 -6.669 -10.45 6.689 -7.01 -10.906 5.802 -7.712 -8.893 6.78
5 24 6.382 -11.225 -2.668 7.027 -10.678 -1.277 5.967 -11.744 -1.804 7.235 -10.335 -1.886
5 24 1.626 -10.755 7.138 2.798 -9.997 8.153 .98 -11.163 8.017 2.484 -10.188 7.262
5 24 -9.314 6.844 16.931 -9.552 6.109 17.184 -10.317 6.723 16.235 -8.322 5.886 17.365
5 24 -14.866 10.364 -3.477 -15.105 8.773 -3.932 -15.257 8.883 -3.23 -14.754 9.771 -4.892
5 24 -2.154 17.569 15.257 -.967 17.298 16.028 -1.569 18.311 15.334 -2.728 16.21 15.724
5 24 -14.227 10.541 -2.115 -13.149 9.459 -1.649 -14.693 9.079 -1.643 -13.189 10.602 -2.108
5 24 2.265 -5.033 -16.228 3.375 -4.794 -16.277 2.955 -6.608 -15.46 2.546 -3.708 -16.096
5 24 -13.815 -1.515 -8.581 -13.704 -2.89 -9.659 -14.054 -3.25 -8.651 -13.629 -1.213 -9.091
5 24 -7.523 -11.501 -.957 -8.111 -11.478 -.437 -7.694 -11.535 -1.47 -6.967 -10.832 .158
5 24 -12.705 -2.827 -10.581 -12.05 -4.139 -10.372 -11.46 -3.493 -10.7 -12.889 -2.982 -10.475
5 24 14.491 2.34 11.716 14.466 2.848 11.53 13.868 1.986 12.049 15.083 2.556 10.349
5 24 5.872 7.19 18.016 4.429 8.066 16.996 6.055 8.257 17.514 5.28 6.479 18.009
5 24 6.756 -10.992 -.697 7.322 -10.729 1.175 6.359 -11.072 -.036 8.168 -10.81 .97
5 24 17.261 1.678 .658 16.962 1.156 -.302 17.602 .607 .318 16.604 2.504 .576
5 24 -16.905 5.239 1.919 -17.109 2.166 1.208 -16.933 5.227 .946 -16.686 2.158 2.61
5 24 6.452 -11.089 2.72 6.062 -11.552 1.926 7.322 -10.729 1.175 3.665 -10.691 2.474
5 24 -5.019 -11.772 -.883 -6.202 -11.019 -.616 -6.682 -11.446 -1.449 -5.268 -11.339 -.446
5 24 12.889 3.104 -8.291 13.567 2.416 -8.285 14.091 3.021 -8.171 12.561 1.924 -8.406
5 24 1.689 4.015 19.097 2.383 5.163 18.919 1.914 5.676 18.733 2.173 4.095 19.075
5 24 -15.865 -3.397 -5.173 -15.639 -3.368 -5.54 -15.67 -3.033 -5.652 -15.725 -4.165 -5.141
5 24 1.182 .18 19.798 1.63 1.193 19.88 .857 .746 19.838 1.882 -.047 19.77
5 24 8.249 -10.795 -5.665 9.913 -10.735 -6.757 8.325 -11.011 -7.359 8.679 -10.579 -5.325
5 24 .97 -12.477 -12.999 2.032 -12.741 -12.041 .996 -13.252 -11.522 3.238 -11.106 -12.234
5 24 -13.937 -.365 -9.027 -13.09 .489 -9.452 -13.521 .882 -8.928 -12.523 -.883 -9.733
5 24 -14.827 -1.923 -6.999 -15.341 -3.018 -6.659 -14.59 -2.218 -7.553 -15.401 -2.443 -6.289
5 24 -4.545 -11.498 -12.228 -4.97 -12.653 -11.491 -5.48 -12.504 -11.246 -3.534 -12.492 -11.861
5 24 8.483 -11.327 -9.46 8.352 -11.299 -9.771 8.397 -10.321 -10.196 7.85 -11.635 -10.007
5 24 1.657 2.269 19.853 2.695 3.793 19.366 3.578 2.917 19.179 1.093 3.215 19.419
5 24 15.884 -3.153 5.707 15.574 -4.716 6.347 15.597 -4.802 5.527 15.816 -3.159 6.417
5 24 -11.363 -8.438 -10.125 -11.343 -8.315 -9.333 -10.651 -8.957 -8.805 -11.28 -7.534 -10.426
5 24 15.74 -3.334 -5.69 15.391 -4.917 -5.304 15.353 -3.401 -6.151 16.114 -3.627 -4.627
5 24 4.474 10.907 16.338 3.017 11.386 16.364 3.708 10.583 16.454 3.969 11.662 16.28
5 24 15.764 2.818 7.245 15.849 3.071 5.962 16.023 2.359 5.806 15.615 3.216 7.29
5 24 -3.605 -10.566 1.242 -4.34 -11.027 1.13 -3.846 -10.888 .785 -3.759 -10.56 1.6
5 24 11.47 -1.799 15.744 11.063 -1.15 15.657 11.527 -1.038 15.195 10.777 -1.397 15.964
5 24 4.022 -8.567 -14.954 3.832 -6.917 -14.658 5.215 -7.768 -14.621 3.142 -7.277 -14.611
5 24 11.892 14.303 10.655 12.387 14.355 7.969 11.548 16.513 9.577 12.151 13.4 9.445
5 24 -8.472 -5.19 -13.472 -8.532 -4.65 -13.761 -9.338 -4.404 -13.439 -8.302 -4.759 -13.812
5 24 -16.379 3.082 -2.216 -15.981 2.8 -3.698 -15.893 1.336 -3.562 -15.458 4.399 -3.671
5 24 -12.923 4.476 -8.337 -13.917 3.929 -7.705 -12.726 2.959 -8.331 -13.452 4.979 -7.988
5 24 -4.594 18.419 14.596 -4.601 18.739 14.423 -3.611 18.125 14.988 -5.845 18.624 14.016
5 24 10.283 -3.467 14.994 11.969 -3.692 15.054 10.864 -3.75 14.553 11.47 -1.799 15.744
5 24 1.164 -11.155 7.268 -.309 -11.34 7.095 1.211 -10.802 6.503 .98 -11.163 8.017
5 24 -17.319 -1.966 -.65 -17.302 -.645 -1.298 -17.42 -2.358 .381 -17.188 -2.213 -1.409
5 24 -2.9 -2.378 19.394 -4.019 -2.171 18.332 -3.646 -1.358 18.681 -3.96 -2.789 18.173
5 24 4.446 -10.434 11.413 4.795 -10.423 9.87 3.221 -10.552 10.698 6.063 -9.23 10.478
5 24 -5.163 -12.478 -4.669 -5.241 -12.323 -4.426 -4.42 -12.741 -4.19 -5.926 -11.418 -5.087
5 24 2.344 10.262 17.987 2.321 9.024 18.755 3.399 9.182 18.288 1.396 9.658 18.254
5 24 -1.382 12.955 16.547 -.849 12.99 16.637 -1.703 13.661 16.441 -.849 11.602 16.864
5 24 -6.682 -10.886 -9.907 -5.946 -12.167 -10.363 -6.626 -11.019 -11.088 -6.154 -11.382 -9.273
5 24 -5.193 -1.303 18.632 -3.937 -.785 19.087 -4.391 -1.615 18.391 -4.727 -.35 19.282
5 24 -9.014 12.844 14.546 -9.388 13.513 13.826 -9.095 13.965 13.874 -9.607 12.486 13.2
5 24 -14.032 -5.158 9.342 -13.419 -5.147 10.291 -12.748 -6.02 9.557 -14.172 -4.856 9.595
5 24 -8.381 -9.788 -9.493 -8.265 -10.336 -11.194 -7.592 -10.351 -9.664 -8.966 -9.568 -10.685
5 24 -1.249 -1.256 19.649 -2.9 -2.378 19.394 -1.779 -3.423 19.419 -2.547 -.783 19.435
5 24 -.132 8.113 17.959 .607 8.97 17.68 .482 8 17.826 -.578 9.683 18.126
5 24 -12.017 -5.372 13.303 -12.344 -4.266 13.852 -12.416 -4.704 11.955 -11.076 -5.871 14.288
5 24 -8.288 -8.43 -12.187 -8.158 -9.83 -11.766 -9.084 -8.836 -11.246 -7.221 -9.312 -12.599
5 24 -.309 -11.34 7.095 -2.024 -10.446 7.996 -2.29 -10.28 6.945 .101 -11.101 8.56
5 24 10.984 -6.424 11.378 10.384 -6.393 12.118 10.352 -6.571 11.166 11.271 -6.394 11.746
5 24 2.692 -11.749 .97 3.978 -12.447 .273 3.067 -12.61 -.046 3.422 -10.918 1.498
5 24 -.709 3.367 19.823 -.718 2.357 18.886 -1.605 2.954 19.514 .423 2.653 19.46
5 24 -5.601 -8.034 14.606 -5.226 -8.166 14.178 -5.858 -8.236 14.341 -5.588 -7.843 15.02
5 24 -16.961 -3.531 4.287 -16.19 -2.908 5.869 -15.967 -4.467 4.181 -16.993 -1.359 4.939
5 24 -12.213 10.128 12.665 -11.652 10.328 13.401 -11.531 12.378 12.282 -11.029 9.58 13.677
5 24 -9.554 13.909 13.74 -10.338 12.853 12.708 -9.607 12.486 13.2 -10.341 14.993 12.762
5 24 -.445 -12.701 -1.444 .563 -13.23 -2.441 .666 -11.738 -.945 -.493 -13.338 -2.337
5 24 -.629 18.518 15.458 -.644 18.827 15.204 .89 18.79 15.127 -2.507 18.788 14.916
5 24 2.026 -10.842 -13.171 .97 -12.477 -12.999 3.238 -11.106 -12.234 .862 -11.591 -13.751
5 24 10.195 -1.409 16.526 9.599 -1.386 17.053 10.008 -1.684 16.544 10.151 -.753 17.325
5 24 6.446 -.605 -13.427 5.442 -1.204 -13.509 6.147 -2.069 -13.454 5.311 -.705 -13.327
5 24 -1.41 -11.742 -12.788 -1.165 -11.033 -13.012 -1.622 -11.456 -12.861 -.825 -12.276 -13.13
5 24 13.042 10.019 9.067 12.421 11.141 10.149 12.51 11.452 9.096 12.63 9.67 10.283
5 24 -10.018 -6.036 13.888 -10.372 -6.002 14.348 -11.076 -5.871 14.288 -8.673 -5.744 14.026
5 24 -10.824 -4.729 -12.344 -9.835 -5.318 -12.279 -10.697 -5.83 -12.472 -10.485 -4.446 -12.375
5 24 -6.299 6.331 18.532 -6.259 7.095 17.033 -5.951 7.368 18.045 -6.828 6.577 16.84
5 24 -8.951 1.131 18.901 -9.862 .172 17.403 -9.671 2.35 17.863 -8.672 .131 18.708
5 24 -6.404 8.39 17.674 -3.483 9.433 17.367 -5.951 7.368 18.045 -4.471 10.432 17.095
5 24 1.101 -12.244 3.142 1.259 -11.394 4.286 -.186 -11.531 3.267 2.097 -11.856 3.74
5 24 -14.609 8.013 -5.74 -15.145 6.783 -5.671 -14.426 7.104 -6.428 -15.338 7.32 -4.747
5 24 -.345 -8.103 15.296 .142 -7.705 16.101 -1.294 -7.565 17.043 .889 -7.627 15.281
5 24 1.748 -14.038 -9.59 1.599 -13.525 -8.426 2.342 -14.155 -9.24 .757 -13.073 -9.081
5 24 6.813 -9.031 7.84 6.177 -8.976 7.023 6.567 -9.067 6.544 5.556 -8.782 7.73
5 24 15.083 2.556 10.349 14.491 2.34 11.716 14.466 2.848 11.53 14.786 1.668 11.537
5 24 13.93 -1.289 12.664 13.373 -1.723 14.231 13.995 -2.804 12.446 12.414 -.561 14.034
5 24 -2.311 -11.513 -12.24 -3.072 -11.399 -13.618 -1.91 -11.335 -13.014 -3.475 -11.706 -12.46
5 24 1.958 13.362 17 3.017 11.386 16.364 3.605 12.981 15.469 1.285 12.118 17.442
5 24 -.368 -13.372 -7.781 1.162 -13.898 -7.593 .403 -13.799 -6.842 .27 -13.4 -8.524
5 24 6.798 -8.49 10.557 6.063 -9.23 10.478 6.558 -8.647 11.111 7.156 -8.145 9.674
5 24 -16.15 6.31 -.704 -16.286 4.427 -.556 -15.951 4.962 -1.726 -16.408 5.744 .323
5 24 -11.531 12.378 12.282 -10.658 13.293 12.201 -10.955 12.29 12.882 -10.978 13.652 11.29
5 24 -17.086 -2.173 -2.908 -17.188 -2.213 -1.409 -17.174 -1.344 -2.835 -16.958 -2.978 -1.927
5 24 -12.168 -6.19 8.73 -11.099 -6.339 9.884 -12.748 -6.02 9.557 -10.697 -6.625 9.09
5 24 5.38 -4.411 -15.012 6.243 -3.21 -14.657 7.397 -3.824 -14.178 5.573 -3.105 -14.769
5 24 -11.601 -7.382 6.467 -13.052 -7.254 5.713 -13.199 -6.78 6.845 -11.756 -7.316 4.685
5 24 16.023 2.359 5.806 16.087 2.277 5.664 15.936 1.607 6.239 16.059 2.699 5.237
5 24 -6.78 -5.2 -15.174 -5.405 -6.646 -14.494 -6.851 -6.564 -14.384 -5.081 -6.094 -14.894
5 24 -4.615 -6.524 -15.297 -3.274 -5.907 -15.388 -2.996 -7.113 -16.061 -4.727 -5.635 -14.889
5 24 -15.627 8.028 -1.945 -15.964 6.911 -1.817 -15.923 7.063 -1.5 -15.257 8.883 -3.23
5 24 -6.769 7.692 16.048 -6.404 8.39 17.674 -6.259 7.095 17.033 -7.143 9.311 16.562
5 24 -16.536 -3.53 .887 -17.25 -3.525 2.288 -15.919 -3.995 1.207 -17.435 -2.774 1.552
5 24 8.325 -11.011 -7.359 8.249 -10.795 -5.665 9.913 -10.735 -6.757 7.455 -10.951 -6.354
5 24 -16.014 -.205 -5.596 -15.836 -1.516 -5.942 -15.806 -.201 -6.044 -15.908 -2.812 -5.294
5 24 -4.347 -13.018 -2.25 -2.447 -12.019 -2.1 -3.391 -12.382 -1.069 -4.54 -13.073 -2.689
5 24 -17.975 -1.09 1.544 -17.411 -.274 -.475 -17.42 -2.358 .381 -17.925 .212 1.653
5 24 10.047 7.688 14.203 9.477 8.48 15.113 9.55 7.635 14.746 10.248 8.897 14.446
5 24 10.281 12.973 13.563 10.76 10.577 12.328 10.062 11.046 13.551 10.808 12.661 11.437
5 24 -16.379 3.082 -2.216 -16.476 .61 -1.793 -15.893 1.336 -3.562 -16.707 1.152 -.709
5 24 9.913 -10.735 -6.757 8.679 -10.579 -5.325 8.249 -10.795 -5.665 9.567 -9.226 -4.5
5 24 -14.119 -5.975 3.307 -14.669 -5.062 2.686 -14.352 -5.284 3.545 -14.047 -6.661 2.901
5 24 2.1 -10.23 6.201 3.62 -11.064 5.954 2.695 -10.103 4.889 2.332 -10.293 6.808
5 24 1.212 -7.637 15.196 2.244 -7.915 15.667 1.244 -7.183 15.988 2.022 -8.859 14.168
5 24 -12.349 -7.827 -4.202 -12.505 -8.433 -2.993 -13.105 -8.032 -3.084 -11.693 -8.414 -3.26
5 24 -5.366 -.766 -13.488 -4.985 .916 -12.716 -6.164 -.527 -12.486 -4.177 .471 -13.653
5 24 -15.848 6.137 1.816 -15.647 6.168 3.252 -16.232 5.802 2.292 -13.273 7.143 1.542
5 24 -2.239 -13.033 -5.089 -1.145 -12.323 -5.694 -1.906 -12.893 -4.82 -1.95 -12.943 -7.065
5 24 -2.733 12.244 17.41 -2.319 13.212 16.88 -3.676 12.215 17.197 -1.382 12.955 16.547
5 24 11.348 -10.011 -7.832 11.685 -9.222 -7.765 11.493 -8.172 -6.097 10.575 -9.157 -9.2
5 24 -10.923 -8.635 -5.131 -11.442 -8.101 -4.436 -11.071 -8.266 -4.48 -11.967 -8.63 -5.675
5 24 -12.575 15.034 8.629 -12.713 12.507 9.061 -12.226 13.994 10.733 -13.242 13.3 7.337
5 24 -10.075 -8.996 7.132 -8.411 -9.067 5.627 -10.039 -8.802 5.832 -7.712 -8.893 6.78
5 24 6.953 6.092 17.079 6.384 6.925 17.913 6.198 5.727 17.678 7.339 7.437 17.333
5 24 -8.966 -9.568 -10.685 -8.265 -10.336 -11.194 -8.381 -9.788 -9.493 -9.102 -9.29 -11.096
5 24 13.502 -6.911 -.311 14.659 -5.569 1.131 16.65 -4.716 -.953 13.541 -6.534 1.087
5 24 -12.505 -8.433 -2.993 -11.693 -8.414 -3.26 -12.219 -8.619 -2.483 -12.349 -7.827 -4.202
5 24 -6.937 -11.495 -4.988 -5.933 -11.238 -5.73 -5.926 -11.418 -5.087 -7.374 -11.193 -5.999
5 24 .001 -11.587 1.589 .465 -12.159 2.551 1.949 -11.98 1.046 -.186 -11.531 3.267
5 24 -15.761 5.11 7.062 -16.376 2.267 3.873 -15.902 4.533 7.683 -16.146 5.052 4.07
5 24 .683 -.91 19.239 1.882 -.047 19.77 1.182 .18 19.798 2.161 -1.041 19.181
5 24 -6.565 15.64 14.029 -7.49 16.964 13.704 -6.418 16.469 13.977 -8.239 16.285 13.746
5 24 3.669 -6.657 -14.861 4.181 -4.563 -15.152 4.57 -6.096 -14.2 3.375 -4.794 -16.277
2 24 14.372 -1.864 -7.8 14.152 -3.072 -8.613
5 24 -16.542 -.532 -3.327 -17.176 -.893 -2.569 -17.174 -1.344 -2.835 -17.233 -.748 -1.934
5 24 -15.526 -3.425 -6.172 -15.639 -3.368 -5.54 -15.67 -3.033 -5.652 -15.505 -3.718 -5.581
5 24 11.424 7.654 12.713 10.823 8.437 13.638 11.166 7.574 13.048 11.476 9.347 11.83
5 24 13.224 -1.708 -8.881 14.579 -.838 -8.069 14.372 -1.864 -7.8 13.362 -.507 -9.116
5 24 8.93 -10.382 -8.572 10.931 -10.45 -7.585 10.035 -9.638 -9.191 8.325 -11.011 -7.359
5 24 9.439 -6.026 -12.262 8.255 -4.932 -13.347 8.974 -4.991 -12.487 8.947 -6.364 -13.46
5 24 8.974 -4.991 -12.487 10.321 -4.497 -12.336 9.59 -4.133 -12.504 10.849 -5.449 -11.975
5 24 9.049 -7.092 -13.308 8.852 -8.038 -11.761 8.842 -7.592 -13.284 9.439 -6.026 -12.262
5 24 -3.391 -12.382 -1.069 -2.907 -12.78 .113 -3.832 -12.024 -.592 -2.356 -13.138 -.798
5 24 -4.342 17.285 15.234 -4.524 15.773 15.592 -6.418 16.469 13.977 -2.728 16.21 15.724
5 24 6.567 -9.067 6.544 7.8 -9.396 7.131 7.894 -8.711 5.626 6.813 -9.031 7.84
5 24 4.943 12.795 16.081 6.451 12.055 15.849 5.857 11.054 16.219 5.162 13.271 15.782
5 24 -8.039 6.8 17 -8.352 7.398 16.179 -9.314 6.844 16.931 -7.07 7.445 15.952
5 24 11.685 -9.222 -7.765 10.868 -8.536 -8.986 10.575 -9.157 -9.2 11.283 -7.83 -8.608
5 24 -10.239 -7.158 12.47 -8.874 -6.018 13.048 -8.261 -7.379 12.476 -9.897 -6.212 12.988
5 24 6.382 -11.225 -2.668 5.967 -11.744 -1.804 5.353 -11.364 -3.084 7.027 -10.678 -1.277
5 24 16.114 -3.627 -4.627 15.678 -4.947 -4.561 16.248 -3.898 -3.634 15.391 -4.917 -5.304
5 24 -15.761 5.11 7.062 -14.701 5.201 8.461 -14.86 6.007 7.421 -15.902 4.533 7.683
5 24 -8.751 -8.197 11.881 -9.682 -8.323 11.195 -10.239 -7.158 12.47 -8.393 -8.383 11.213
5 24 -5.21 12.462 15.322 -4.632 13.893 15.441 -5.131 13.535 15.124 -4.572 12.442 16.524
5 24 5.965 -11.655 -11.939 6.743 -11.093 -11.668 6.325 -11.187 -10.897 6.626 -10.368 -12.363
5 24 12.421 11.141 10.149 12.325 9.931 10.981 12.63 9.67 10.283 11.63 11.473 11.022
5 24 -14.23 -5.246 -5.952 -15.301 -4.998 -5.302 -14.266 -5.738 -5.059 -14.952 -4.502 -5.899
5 24 .861 -10.352 5.287 1.259 -11.394 4.286 2.695 -10.103 4.889 -.327 -10.589 4.898
5 24 15.089 4.692 6.004 15.849 3.071 5.962 15.182 4.753 4.845 15.615 3.216 7.29
5 24 16.059 2.699 5.237 15.849 3.071 5.962 16.023 2.359 5.806 16.015 2.979 4.7
5 24 -13.573 -7.432 2.735 -13.182 -6.71 3.57 -14.047 -6.661 2.901 -12.024 -7.033 3.531
5 24 11.47 -1.799 15.744 11.969 -3.692 15.054 11.91 -1.959 15.619 10.283 -3.467 14.994
5 24 -3.35 -5.337 17.466 -2.436 -5.679 18.038 -2.362 -6.699 17.83 -1.92 -4.614 18.326
5 24 4.849 -12.464 .145 3.978 -12.447 .273 5.156 -11.765 .851 4.262 -12.815 -.789
5 24 -2.95 -11.517 4.394 -2.734 -12.033 3.658 -2.517 -11.976 4.095 -3.429 -11.218 3.043
5 24 -5.914 -12.352 -1.813 -5.863 -12.568 -2.329 -6.069 -12.182 -3.076 -4.963 -12.857 -1.8
5 24 -15.842 -4.309 -4.562 -15.669 -5.203 -4.011 -15.496 -5.291 -4.439 -16.002 -4.51 -3.541
5 24 -9.655 11.288 13.441 -11.652 10.328 13.401 -10.955 12.29 12.882 -11.029 9.58 13.677
5 24 8.88 -2.811 -13.82 7.97 -1.515 -13.075 9.435 -2.418 -12.398 8.095 -2.67 -14.146
5 24 -3.634 -8.701 14.449 -2.826 -7.574 15.379 -4.734 -7.53 15.034 -2.254 -8.918 14.099
5 24 9.316 -9.685 -10.842 7.616 -9.951 -10.873 7.5 -8.726 -11.756 8.62 -10.145 -10.411
5 24 -3.15 -4.19 -16.463 -4.115 -2.589 -16.077 -4.855 -3.461 -16.042 -2.7 -3.554 -16.269
5 24 1.101 -3.195 -15.308 2.265 -5.033 -16.228 2.546 -3.708 -16.096 .868 -5.074 -16.073
5 24 .936 -9.322 -15.13 2.075 -8.915 -14.3 1.574 -7.241 -15.026 1.465 -10.201 -13.956
5 24 -11.301 -7.624 7.834 -11.782 -6.351 7.912 -10.652 -7.68 8.585 -11.822 -6.95 7.309
5 24 -15.902 4.533 7.683 -14.634 3.087 9.005 -16.129 3.127 7.656 -14.357 4.564 8.993
5 24 11.576 -4.03 -10.777 10.849 -5.449 -11.975 11.777 -4.627 -10.555 10.321 -4.497 -12.336
5 24 5.095 -12.714 -4.083 4.425 -12.89 -3.413 5.353 -11.364 -3.084 3.538 -13.209 -4.205
5 24 -.996 -8.216 15.029 -.345 -8.103 15.296 -1.866 -7.782 16.534 -.246 -8.318 14.069
5 24 -10.335 -9.432 5.071 -8.136 -9.926 4.857 -8.411 -9.067 5.627 -9.76 -10.777 4.104
5 24 -10.872 8.028 -7.148 -12.897 5.982 -8.303 -10.409 6.416 -7.842 -13.307 7.629 -7.528
5 24 -5.158 -12.96 -10.444 -5.48 -12.504 -11.246 -5.946 -12.167 -10.363 -4.626 -13.197 -10.763
5 24 2.244 -7.915 15.667 1.244 -7.183 15.988 2.052 -5.65 16.857 1.212 -7.637 15.196
5 24 13.428 -3.26 13.787 12.585 -1.943 15.258 13.373 -1.723 14.231 12.507 -3.713 14.786
5 24 13.995 -2.804 12.446 14.017 -1.015 12.131 13.93 -1.289 12.664 14.449 -1.665 11.095
5 24 1.949 -11.98 1.046 .001 -11.587 1.589 .961 -11.37 .311 .465 -12.159 2.551
5 24 -16.408 5.744 .323 -15.684 6.348 .932 -16.933 5.227 .946 -15.377 6.787 .015
5 24 -4.318 3.028 18.736 -4.361 1.881 19.512 -4.878 1.458 19.296 -3.682 2.356 19.674
5 24 -4.478 -9.248 11.234 -4.358 -9.312 12.663 -4.883 -8.838 11.295 -3.888 -9.395 10.998
5 24 8.852 -8.038 -11.761 9.316 -9.685 -10.842 10.139 -8.74 -10.776 7.5 -8.726 -11.756
5 24 5.531 -4.348 17.281 7.368 -4.299 17.862 6.282 -5.825 15.789 5.709 -3.327 17.852
5 24 13.364 -7.004 -7.357 12.697 -7.446 -5.49 13.733 -5.884 -4.838 12.792 -8.016 -7.218
5 24 6.743 -11.093 -11.668 6.958 -10.856 -11.208 6.626 -10.368 -12.363 6.325 -11.187 -10.897
2 24 5.207 17.796 14.461 7.901 16.941 13.626
5 24 -16.476 .61 -1.793 -17.233 -.748 -1.934 -16.324 .456 -2.74 -17.302 -.645 -1.298
5 24 -7.01 -10.906 5.802 -5.445 -11.577 5.883 -5.47 -11.269 6.593 -6.812 -11.004 4.932
5 24 -14.346 10.906 6.311 -14.276 8.971 7.494 -14.713 9.318 5.781 -13.93 10.206 8.265
5 24 10.823 8.437 13.638 10.232 9.822 14.065 10.248 8.897 14.446 11.476 9.347 11.83
5 24 15.802 -4.871 -3.758 14.333 -5.622 -2.94 15.05 -4.963 -2.81 15.678 -4.947 -4.561
5 24 10.895 5.74 14.529 10.291 6.681 15.11 10.543 5.385 15.501 11.389 6.002 13.16
5 24 -3.634 -8.701 14.449 -4.734 -7.53 15.034 -5.226 -8.166 14.178 -2.826 -7.574 15.379
5 24 -10.993 -2.551 15.879 -10.718 -3.634 15.783 -9.962 -2.761 16.157 -12.222 -3.046 14.566
5 24 -3.825 -3.336 17.592 -5.102 -3.214 18.559 -4.431 -2.532 18.32 -4.347 -4.234 17.009
5 24 13.364 -7.004 -7.357 14.008 -5.037 -6.997 13.48 -6.452 -7.832 13.942 -5.417 -5.807
5 24 -5.651 -10.896 6.948 -4.864 -10.116 7.437 -5.919 -9.315 7.561 -5.47 -11.269 6.593
5 24 -5.47 -11.269 6.593 -4.864 -10.116 7.437 -5.651 -10.896 6.948 -3.893 -10.159 6.94
5 24 12.364 -8.339 -2.621 14.333 -5.622 -2.94 13.027 -7.855 -4.383 13.068 -6.952 -1.542
5 24 3.688 8.907 17.759 4.429 8.066 16.996 4.287 9.027 16.389 3.664 7.372 18.169
5 24 1.679 -6.161 -16.053 .897 -5.554 -16.037 .847 -6.629 -15.465 .868 -5.074 -16.073
5 24 -2.291 1.337 19.766 -.718 2.357 18.886 -1.605 2.954 19.514 -2.397 .11 19.735
5 24 -14.172 -4.856 9.595 -14.875 -3.296 9.197 -14.731 -3.797 8.722 -13.027 -3.975 10.962
5 24 6.956 -7.775 14.062 6.384 -8.19 12.73 8.736 -8.627 12.467 5.947 -7.414 14.158
5 24 -17.07 .419 4.918 -17.125 -1.303 3.864 -16.993 -1.359 4.939 -17.336 .261 3.106
5 24 1.162 -13.898 -7.593 1.599 -13.525 -8.426 2.178 -13.437 -7.928 .27 -13.4 -8.524
5 24 -10.818 -8.951 -10.998 -10.859 -7.835 -10.981 -9.361 -7.724 -11.336 -11.141 -8.689 -10.739
5 24 -13.608 -7.306 -6.392 -13.974 -6.405 -5.667 -13.462 -7.236 -4.759 -13.73 -6.709 -6.424
5 24 1.958 13.362 17 1.285 12.118 17.442 3.017 11.386 16.364 -.201 14.267 16.756
5 24 -7.889 2.19 19.004 -8.277 .835 19.2 -8.951 1.131 18.901 -7.55 1.49 19.18
5 24 .996 -13.252 -11.522 .97 -12.477 -12.999 2.032 -12.741 -12.041 .003 -13.243 -12.096
5 24 15.936 1.607 6.239 15.836 1.238 6.866 15.984 1.436 6.147 16.023 2.359 5.806
5 24 13.58 -7.373 3.063 12.655 -7.694 3.699 12.186 -7.472 2.121 13.696 -7.348 3.735
5 24 10.575 -9.157 -9.2 10.139 -8.74 -10.776 10.361 -7.932 -10.639 9.99 -9.662 -9.532
5 24 -12.704 1.318 13.279 -12.779 .462 14.745 -11.814 1.877 14.1 -13.3 .342 13.347
5 24 -2.507 18.788 14.916 -2.556 18.201 14.997 -3.611 18.125 14.988 -1.569 18.311 15.334
5 24 .271 -2.254 -15.417 -.115 .164 -14.339 .724 .013 -14.327 -.673 -.011 -14.292
5 24 5.917 -6.076 15.57 5.251 -7.475 14.99 6.537 -6.325 14.648 4.024 -5.563 16.608
5 24 2.929 -5.791 16.92 2.244 -7.915 15.667 3.582 -8.341 15.547 2.052 -5.65 16.857
5 24 -3.314 -10.386 7.679 -2.024 -10.446 7.996 -2.948 -10.516 8.409 -2.29 -10.28 6.945
5 24 -5.461 -12.125 1.989 -6.095 -12.207 1.793 -5.812 -11.92 2.574 -5.28 -12.157 1.422
5 24 10.887 -1.59 -12.063 10.664 -2.491 -12.263 10.177 -1.388 -12.086 11.558 -2.653 -11.746
5 24 9.05 2.997 16.43 10.216 2.223 16.034 10.248 .896 17.009 9.238 3.079 16.242
5 24 1.757 1.367 -12.712 .965 .848 -13.409 1.362 1.372 -12.777 1.797 -.259 -13.626
5 24 -11.28 -7.534 -10.426 -11.363 -8.438 -10.125 -11.343 -8.315 -9.333 -10.859 -7.835 -10.981
5 24 15.827 3.657 4.241 16.015 2.979 4.7 15.849 3.071 5.962 16.105 3.252 2.754
5 24 12.387 14.355 7.969 11.937 13.299 6.186 11.341 14.596 7.097 13.287 12.689 7.003
5 24 -9.111 -6.687 -12.131 -9.835 -6.604 -12.125 -9.101 -7.296 -11.707 -9.227 -5.939 -12.156
5 24 9.949 4.844 16.133 10.543 5.385 15.501 9.766 6.172 15.904 10.171 4.29 15.429
5 24 2.692 -11.749 .97 1.949 -11.98 1.046 2.16 -11.904 .68 1.932 -12.28 1.796
5 24 .423 2.653 19.46 -.709 3.367 19.823 -.718 2.357 18.886 .221 3.256 19.79
5 24 15.34 2.57 8.419 15.083 2.556 10.349 14.777 3.364 10.169 15.263 1.821 10.091
5 24 -.971 -12.818 -11.189 -2.324 -12.93 -10.468 -1.357 -13.372 -10.454 -1.802 -12.13 -11.133
5 24 6.092 -6.866 -13.593 5.503 -7.236 -14.18 5.772 -6.15 -13.521 6.208 -7.483 -13.648
5 24 -10.132 7.237 15.663 -10.471 8.609 15.228 -9.245 7.357 16.3 -11.177 8.416 13.013
5 24 11.63 11.473 11.022 10.76 10.577 12.328 10.808 12.661 11.437 12.325 9.931 10.981
5 24 8.736 -8.627 12.467 6.956 -7.775 14.062 8.788 -7.926 13.742 6.384 -8.19 12.73
5 24 -11.967 -8.63 -5.675 -12.68 -8.237 -6.676 -11.226 -8.813 -5.94 -12.829 -8.116 -5.116
5 24 -14.23 -5.246 -5.952 -13.974 -6.405 -5.667 -14.266 -5.738 -5.059 -13.867 -5.737 -6.619
5 24 -5.933 -11.238 -5.73 -7.374 -11.193 -5.999 -6.144 -10.862 -6.547 -6.937 -11.495 -4.988
5 24 -16.707 1.152 -.709 -16.379 3.082 -2.216 -16.467 3.193 -1.248 -16.476 .61 -1.793
5 24 4.766 2.038 19.022 3.578 2.917 19.179 4.591 1.719 18.902 4.216 3.481 19.758
5 24 1.147 10.625 17.422 -.077 10.869 17.195 .682 10.239 17.276 1.285 12.118 17.442
5 24 3.221 -10.552 10.698 4.446 -10.434 11.413 3.73 -9.172 11.97 4.795 -10.423 9.87
5 24 -6.299 6.331 18.532 -3.729 7.381 18.071 -5.951 7.368 18.045 -2.667 6.418 18.202
5 24 1.574 -7.241 -15.026 2.141 -6.933 -15.3 2.133 -7.569 -14.291 1.33 -6.902 -15.399
5 24 -8.111 -11.478 -.437 -8.205 -10.983 .252 -6.967 -10.832 .158 -9.149 -10.949 -.524
5 24 .392 -12.774 -10.89 -.507 -13.459 -10.124 -.495 -12.912 -11.112 .686 -13.051 -9.893
5 24 10.177 -1.388 -12.086 10.848 -.324 -11.029 9.285 -.336 -11.755 10.887 -1.59 -12.063
5 24 9.749 -7.046 10.148 10.308 -7.889 9.136 8.47 -8.797 9.096 10.952 -6.421 9.291
5 24 8.743 -9.822 4.95 7.139 -9.503 4.451 7.229 -9.251 4.974 8.873 -10.134 4.324
5 24 7.322 -10.729 1.175 8.168 -10.81 .97 7.998 -10.02 2.269 6.756 -10.992 -.697
5 24 -14.557 -1.741 10.059 -12.883 -3.833 11.207 -13.492 -2.251 11.329 -13.027 -3.975 10.962
5 24 .588 -3.619 -15.241 .271 -2.254 -15.417 -.349 -2.55 -15.317 .935 -2.395 -15.375
5 24 11.078 -8.938 -4.531 10.632 -9.095 -3.663 9.567 -9.226 -4.5 12.364 -8.339 -2.621
5 24 -10.335 -9.432 5.071 -9.76 -10.777 4.104 -10.893 -10.098 3.791 -8.136 -9.926 4.857
5 24 -2.948 -10.516 8.409 -4.163 -10.532 9.08 -2.783 -10.365 9.224 -3.314 -10.386 7.679
2 24 1.664 17.844 15.272 2.657 18.206 15.203
5 24 15.34 2.57 8.419 15.764 2.818 7.245 15.615 3.216 7.29 15.381 2.071 8.264
5 24 -1.81 -11.461 1.952 -1.111 -11.838 1.513 -1.669 -12.049 1.482 -.874 -10.856 2.271
5 24 -13.608 -7.306 -6.392 -13.462 -7.236 -4.759 -13.974 -6.405 -5.667 -12.829 -8.116 -5.116
5 24 -9.908 -9.651 -2.018 -10.187 -8.503 -2.831 -10.547 -8.442 -1.88 -9.698 -9.534 -2.941
5 24 14.924 .552 9.667 15.324 -1.908 10.816 15.7 -2.26 9.435 14.618 .019 10.689
5 24 .965 .848 -13.409 1.797 -.259 -13.626 1.757 1.367 -12.712 .724 .013 -14.327
5 24 8.873 -10.134 4.324 8.743 -9.822 4.95 7.139 -9.503 4.451 9.835 -9.797 4.437
5 24 3.978 -12.447 .273 4.262 -12.815 -.789 4.849 -12.464 .145 3.067 -12.61 -.046
5 24 -9.552 6.109 17.184 -9.622 5.026 17.433 -10.384 5.324 16.87 -8.322 5.886 17.365
5 24 -5.84 -1.979 -14.465 -6.79 -1.547 -13.687 -5.366 -.766 -13.488 -6.408 -2.358 -14.455
5 24 7.397 -3.824 -14.178 6.243 -3.21 -14.657 5.38 -4.411 -15.012 7.164 -3.292 -14.259
5 24 15.469 7.568 -1.961 15.396 6.585 -4.017 15.255 7.546 -4.578 15.451 5.212 -3.775
5 24 -4.42 -12.741 -4.19 -5.163 -12.478 -4.669 -5.241 -12.323 -4.426 -4.298 -13.446 -5.032
5 24 -14.728 -3.406 -8.324 -14.59 -2.218 -7.553 -15.341 -3.018 -6.659 -14.064 -2.215 -7.964
5 24 -5.863 -12.568 -2.329 -6.069 -12.182 -3.076 -5.564 -12.672 -3.11 -5.914 -12.352 -1.813
5 24 -11.442 -8.101 -4.436 -11.967 -8.63 -5.675 -12.829 -8.116 -5.116 -10.923 -8.635 -5.131
5 24 8.439 -10.263 -2.907 7.11 -11.389 -3.436 7.993 -11.181 -4.178 8.002 -9.716 -1.776
5 24 4.362 -3.517 -14.656 5.38 -4.411 -15.012 4.181 -4.563 -15.152 5.041 -2.834 -14.623
5 24 14.466 2.848 11.53 13.868 1.986 12.049 13.093 2.966 12.147 14.491 2.34 11.716
5 24 .61 -4.689 17.669 1.172 -4.385 18.204 .904 -4.174 18.306 2.148 -5.078 17.985
5 24 -7.323 -7.742 14.535 -5.981 -8.045 14.908 -6.097 -7.763 15.524 -5.858 -8.236 14.341
5 24 16.826 -4.46 -.415 17.103 -2.762 .404 15.041 -5.047 1.342 16.903 -2.442 -.953
2 24 -5.405 -6.646 -14.494 -6.851 -6.564 -14.384
5 24 10.151 -.753 17.325 10.195 -1.409 16.526 9.599 -1.386 17.053 11.012 .445 16.161
5 24 9.123 -1.23 17.38 10.151 -.753 17.325 9.469 -.374 18.416 9.599 -1.386 17.053
5 24 -5.433 -11.94 -6.953 -6.144 -10.862 -6.547 -5.933 -11.238 -5.73 -5.729 -11.4 -7.362
5 24 -5.574 -2.156 18.756 -5.802 -.951 18.649 -5.193 -1.303 18.632 -6.369 -1.683 18.864
5 24 -8.239 16.285 13.746 -6.565 15.64 14.029 -7.942 15.261 13.855 -7.49 16.964 13.704
5 24 -15.806 -.201 -6.044 -16.014 -.205 -5.596 -15.567 1.182 -5.604 -15.836 -1.516 -5.942
5 24 -16.471 -4.735 -.998 -16.157 -4.652 -1.85 -15.467 -5.589 -.877 -16.658 -4.027 -1.126
5 24 -7.799 -10.069 4.241 -9.297 -10.824 3.665 -8.136 -9.926 4.857 -9.231 -10.748 3.203
5 24 -.186 -11.531 3.267 -.874 -10.856 2.271 .001 -11.587 1.589 -.652 -11.404 3.403
5 24 3.859 -10.899 6.66 4.55 -10.632 7.267 5.599 -10.789 5.606 3.539 -10.204 8.126
5 24 12.368 -8.602 -.342 11.943 -8.852 .658 12.75 -7.801 1.212 11.985 -8.881 -.108
5 24 4.226 15.793 15.702 5.348 16.144 14.397 5.472 14.87 14.401 4.423 16.737 15.492
5 24 -.902 6.841 19.76 .208 6.441 19.809 -2.232 5.637 19.809 .87 7.505 18.492
5 24 -7.426 .389 -12.494 -7.651 1.369 -11.395 -7.912 .269 -12.488 -6.57 1.171 -11.8
5 24 -4.855 -3.461 -16.042 -4.737 -2.382 -15.276 -5.382 -3.322 -14.663 -4.115 -2.589 -16.077
5 24 3.197 -9.461 13.242 2.277 -9.676 12.698 3.73 -9.172 11.97 1.675 -9.094 13.568
5 24 1.675 -9.094 13.568 3.197 -9.461 13.242 2.022 -8.859 14.168 2.277 -9.676 12.698
5 24 9.36 -9.32 7.672 9.748 -8.489 5.832 7.8 -9.396 7.131 11.183 -7.602 7.859
5 24 -.6 -12.25 1.178 .001 -11.587 1.589 -1.111 -11.838 1.513 .115 -12.257 .201
5 24 1.174 15.115 15.884 2.135 16.59 16.115 1.086 17.393 15.381 2.094 15.637 16.164
5 24 14.149 1.124 11.82 14.054 -.246 11.538 14.542 .601 11.384 13.181 .026 12.502
5 24 -7.651 1.369 -11.395 -8.386 .418 -12.198 -8.828 .665 -11.624 -7.426 .389 -12.494
5 24 13.373 -1.723 14.231 12.585 -1.943 15.258 13.428 -3.26 13.787 12.414 -.561 14.034
5 24 .98 -11.163 8.017 1.626 -10.755 7.138 2.798 -9.997 8.153 1.164 -11.155 7.268
5 24 3.961 -11.422 -12.245 3.238 -11.106 -12.234 4.154 -11.932 -11.86 3.55 -10.793 -12.605
5 24 -13.937 -.365 -9.027 -13.629 -1.213 -9.091 -12.523 -.883 -9.733 -13.815 -1.515 -8.581
5 24 -10.955 12.29 12.882 -11.652 10.328 13.401 -11.531 12.378 12.282 -9.655 11.288 13.441
5 24 -5.969 -8.777 -13.9 -5.292 -7.519 -14.56 -5.028 -8.402 -14.138 -6.73 -7.371 -14.357
5 24 -4.177 -13.658 -6.37 -2.796 -12.679 -7.929 -1.95 -12.943 -7.065 -4.276 -12.471 -7.846
5 24 -12.301 -.354 16.14 -12.492 -1.525 15.537 -11.755 -.983 16.853 -12.779 .462 14.745
5 24 -4.805 -11.145 2.42 -5.28 -12.157 1.422 -4.34 -11.027 1.13 -5.461 -12.125 1.989
5 24 1.33 -6.902 -15.399 2.141 -6.933 -15.3 1.574 -7.241 -15.026 1.679 -6.161 -16.053
5 24 -.564 4.934 19.877 -1.849 3.865 19.862 -2.232 5.637 19.809 -.709 3.367 19.823
5 24 3.62 -11.064 5.954 3.134 -10.187 4.502 5.008 -11.123 5.213 2.695 -10.103 4.889
5 24 3.048 -3 -15.2 5.041 -2.834 -14.623 4.362 -3.517 -14.656 4.761 -1.267 -14.44
5 24 -6.222 -9.397 9.337 -7.379 -8.014 9.533 -7.467 -8.066 8.78 -5.869 -9.239 10.471
5 24 11.466 3.694 14.899 12.72 3.72 12.589 11.266 5.1 13.298 12.59 2.166 14.638
5 24 3.399 9.182 18.288 2.344 10.262 17.987 3.452 9.963 17.539 2.321 9.024 18.755
5 24 -13.224 -8.152 -1.577 -12.622 -8.523 -1.653 -12.013 -8.161 -.575 -12.809 -8.425 -2.358
5 24 10.23 16.909 11.641 9.965 14.958 12.365 9.22 15.809 12.42 11.323 15.757 11.189
5 24 9.431 4.337 16.411 9.949 4.844 16.133 9.188 5.701 16.396 9.814 3.945 15.738
5 24 11.031 2.632 15.806 12.59 2.166 14.638 11.466 3.694 14.899 11.73 1.523 15.819
5 24 8.358 -8.711 11.23 9.141 -7.684 10.041 8.343 -8.076 9.954 9.344 -8.199 12.365
5 24 -5.019 -11.772 -.883 -4.051 -11.55 -.435 -4.538 -12.386 -1.016 -4.399 -11.189 -.075
5 24 -.578 9.683 18.126 -2.038 8.518 18.827 -.132 8.113 17.959 -2.32 10.819 17.472
5 24 -5.028 -8.402 -14.138 -5.969 -8.777 -13.9 -4.812 -8.757 -13.907 -5.292 -7.519 -14.56
5 24 -1.336 -13.373 -3.227 -1.19 -13.363 -2.723 -2.447 -12.019 -2.1 -.308 -13.56 -3.224
5 24 -5.193 -1.303 18.632 -5.574 -2.156 18.756 -4.391 -1.615 18.391 -5.802 -.951 18.649
2 24 -7.49 16.964 13.704 -6.418 16.469 13.977
5 24 3.978 -12.447 .273 3.422 -10.918 1.498 5.156 -11.765 .851 2.692 -11.749 .97
5 24 -1.084 -5.448 -16.026 .897 -5.554 -16.037 .565 -5.079 -16.192 -.24 -7.007 -15.636
5 24 -9.231 -10.748 3.203 -9.912 -10.29 2.337 -10.515 -10.342 3.117 -9.235 -10.621 2.76
5 24 -13.088 8.884 9.466 -12.533 10.259 10.215 -13.317 11.26 8.796 -12.479 9.03 10.335
5 24 -.309 -11.34 7.095 -2.29 -10.28 6.945 -2.024 -10.446 7.996 -1.315 -10.828 5.601
5 24 -6.187 -10.626 3.77 -7.799 -10.069 4.241 -7.202 -9.719 3.619 -6.812 -11.004 4.932
5 24 -14.993 8.108 -1.327 -15.124 7.379 -.772 -13.364 7.677 -.477 -15.923 7.063 -1.5
5 24 -8.916 12.05 14.737 -7.7 11.772 15.254 -8.932 11.086 14.799 -8.112 13.127 14.88
5 24 .001 -11.587 1.589 .115 -12.257 .201 .961 -11.37 .311 -.6 -12.25 1.178
5 24 -11.152 15.629 7.352 -12.575 15.034 8.629 -13.242 13.3 7.337 -10.566 16.73 8.092
5 24 -5.21 12.462 15.322 -4.572 12.442 16.524 -5.113 11.116 16.347 -4.632 13.893 15.441
5 24 -6.596 -11.83 1.306 -6.095 -12.207 1.793 -6.751 -11.571 2.099 -5.851 -12.154 .907
5 24 2.022 -8.859 14.168 3.94 -8.961 13.869 3.582 -8.341 15.547 3.197 -9.461 13.242
5 24 -5.268 -11.339 -.446 -4.86 -11.366 .378 -5.851 -12.154 .907 -4.399 -11.189 -.075
5 24 -9.361 -7.724 -11.336 -10.818 -8.951 -10.998 -9.084 -8.836 -11.246 -10.859 -7.835 -10.981
5 24 6.626 -10.368 -12.363 7.616 -9.951 -10.873 7.5 -8.726 -11.756 6.958 -10.856 -11.208
5 24 -16.376 2.267 3.873 -17.336 .261 3.106 -17.07 .419 4.918 -16.686 2.158 2.61
5 24 -5.403 -10.769 3.889 -4.805 -11.145 2.42 -5.812 -11.92 2.574 -4.338 -10.336 3.913
5 24 -16.548 -1.862 5.881 -16.104 -2.495 7.912 -15.726 .869 7.392 -16.088 -2.789 7.114
5 24 -12.226 13.994 10.733 -11.676 12.821 10.807 -10.978 13.652 11.29 -12.051 12.102 10.229
5 24 7.397 -3.824 -14.178 6.318 -5.199 -14.355 7.033 -5.21 -14.129 5.38 -4.411 -15.012
5 24 1.574 -7.241 -15.026 .936 -9.322 -15.13 2.075 -8.915 -14.3 .93 -7.415 -15.677
5 24 -5.858 -8.236 14.341 -5.226 -8.166 14.178 -5.601 -8.034 14.606 -5.406 -8.464 13.419
5 24 -14.609 8.013 -5.74 -15.338 7.32 -4.747 -15.145 6.783 -5.671 -14.794 8.474 -5.024
5 24 -5.802 -.951 18.649 -4.727 -.35 19.282 -5.193 -1.303 18.632 -5.453 .464 19.049
5 24 3.123 -3.153 19.834 2.905 -1.882 19.654 4.787 -3.101 19.564 2.468 -2.808 19.326
5 24 -15.923 7.063 -1.5 -15.124 7.379 -.772 -16.15 6.31 -.704 -14.993 8.108 -1.327
5 24 -1.81 -11.461 1.952 -1.669 -12.049 1.482 -2.781 -11.049 1.515 -1.111 -11.838 1.513
5 24 4.425 -12.89 -3.413 3.538 -13.209 -4.205 5.095 -12.714 -4.083 3.6 -12.46 -2.465
5 24 10.952 -6.421 9.291 10.308 -7.889 9.136 9.749 -7.046 10.148 11.183 -7.602 7.859
5 24 6.372 -12.405 -8.622 7.85 -11.635 -10.007 7.024 -12.056 -10.087 8.061 -11.776 -8.124
5 24 4.235 -12.518 -2.871 4.281 -12.337 -2.51 3.6 -12.46 -2.465 5.353 -11.364 -3.084
5 24 -8.261 -7.379 12.476 -6.802 -8.21 12.853 -7.073 -8.104 13.656 -7.775 -7.834 11.781
5 24 -15.415 -4.762 -5.296 -15.301 -4.998 -5.302 -15.339 -5.194 -4.982 -14.952 -4.502 -5.899
5 24 -2.436 -5.679 18.038 -1.92 -4.614 18.326 -3.35 -5.337 17.466 -.745 -6.025 17.842
5 24 9.019 13.595 13.818 8.418 15.346 13.508 7.469 14.175 14.091 9.767 14.131 13.452
5 24 2.321 9.024 18.755 1.413 8.212 18.731 1.396 9.658 18.254 2.424 8.092 18.996
5 24 -6.097 -7.763 15.524 -5.609 -7.478 15.713 -5.588 -7.843 15.02 -5.643 -6.729 16.225
5 24 -2.356 -13.138 -.798 -3.391 -12.382 -1.069 -2.447 -12.019 -2.1 -2.907 -12.78 .113
5 24 -7.246 -.162 -12.584 -8.913 -1.374 -12.403 -7.218 -1.157 -12.808 -7.912 .269 -12.488
5 24 6.063 -9.23 10.478 6.361 -8.732 8.98 5.556 -8.782 7.73 7.156 -8.145 9.674
5 24 14.494 -3.904 7.743 15.574 -4.716 6.347 14.919 -5.491 6.66 15.518 -3.188 6.932
5 24 -5.946 -12.167 -10.363 -6.626 -11.019 -11.088 -6.022 -11.929 -11.098 -6.682 -10.886 -9.907
5 24 -11.696 -8.662 1.989 -12.761 -8.233 .192 -12.588 -8.288 2.325 -12.013 -8.161 -.575
5 24 3.605 12.981 15.469 2.731 17.08 15.965 2.135 16.59 16.115 3.71 16.992 15.729
5 24 -15.647 6.168 3.252 -16.727 5.051 2.884 -16.146 5.052 4.07 -16.232 5.802 2.292
5 24 9.491 -9.03 -3.545 8.439 -10.263 -2.907 8.784 -10.356 -4.144 8.687 -9.093 -1.84
5 24 -8.672 .131 18.708 -8.153 .093 18.995 -7.701 -1.02 17.96 -8.277 .835 19.2
5 24 16.989 -2.637 3.645 15.95 -3.18 4.696 17.033 -1.449 4.241 16.473 -3.926 3.486
5 24 -2.254 -8.918 14.099 -2.827 -9.426 13.345 -1.83 -9.153 12.929 -3.634 -8.701 14.449
5 24 -2.362 -6.699 17.83 -2.436 -5.679 18.038 -3.35 -5.337 17.466 -.745 -6.025 17.842
5 24 -.077 10.869 17.195 1.285 12.118 17.442 1.147 10.625 17.422 -.849 11.602 16.864
5 24 8.438 9.299 15.286 7.447 8.957 15.595 8.175 7.195 15.763 6.953 9.949 15.27
5 24 -1.81 -11.461 1.952 -2.953 -11.007 1.974 -2.781 -11.049 1.515 -1.889 -11.446 2.429
5 24 -7.323 -7.742 14.535 -8.261 -7.379 12.476 -7.073 -8.104 13.656 -8.673 -5.744 14.026
5 24 1.63 1.193 19.88 1.657 2.269 19.853 1.059 2.017 19.859 2.363 1.687 19.846
5 24 -14.579 -.481 -7.869 -13.815 -1.515 -8.581 -13.937 -.365 -9.027 -14.064 -2.215 -7.964
5 24 11.548 16.513 9.577 11.323 15.757 11.189 11.892 14.303 10.655 10.123 17.344 11.096
5 24 -1.41 -11.742 -12.788 -1.622 -11.456 -12.861 -1.165 -11.033 -13.012 -2.311 -11.513 -12.24
5 24 -12.533 10.259 10.215 -12.213 10.128 12.665 -12.051 12.102 10.229 -12.119 8.783 12.027
5 24 3.06 -10.699 -12.464 2.026 -10.842 -13.171 3.238 -11.106 -12.234 3.015 -10.211 -12.672
5 24 6.062 -11.552 1.926 7.322 -10.729 1.175 6.359 -11.072 -.036 6.452 -11.089 2.72
5 24 10.581 -9.43 3.785 10.754 -8.075 2.073 10.902 -7.763 2.309 10.058 -9.894 3.616
5 24 -5.812 -11.92 2.574 -4.805 -11.145 2.42 -5.461 -12.125 1.989 -5.403 -10.769 3.889
5 24 -8.277 .835 19.2 -8.153 .093 18.995 -7.785 .332 19.146 -8.672 .131 18.708
5 24 6.756 -10.992 -.697 6.578 -11.164 -.839 7.027 -10.678 -1.277 6.359 -11.072 -.036
5 24 11.389 6.002 13.16 10.895 5.74 14.529 10.574 7.637 13.668 11.266 5.1 13.298
5 24 12.134 -7.979 -1.915 12.364 -8.339 -2.621 9.374 -8.577 -2.483 13.068 -6.952 -1.542
5 24 -.515 -11.133 4.166 1.259 -11.394 4.286 -.186 -11.531 3.267 -.327 -10.589 4.898
5 24 16.265 5.432 1.447 16.616 4.036 2.054 16.775 4.254 1.314 15.879 5.184 2.573
5 24 -5.237 -12.796 -5.824 -5.163 -12.478 -4.669 -4.298 -13.446 -5.032 -5.926 -11.418 -5.087
5 24 -9.84 -9.46 -.019 -10.186 -8.475 .811 -9.105 -9.529 1.041 -10.643 -8.176 -.513
5 24 12.585 -1.943 15.258 11.91 -1.959 15.619 11.969 -3.692 15.054 11.527 -1.038 15.195
5 24 11.73 1.523 15.819 11.619 .744 15.839 10.838 1.252 16.052 12.59 2.166 14.638
5 24 14.919 -5.491 6.66 15.597 -4.802 5.527 14.091 -5.959 5.61 15.574 -4.716 6.347
5 24 3.26 -13.647 -8.619 4.382 -13.396 -10.657 2.342 -14.155 -9.24 5.559 -12.192 -10.132
5 24 -9.685 -10.438 -1.603 -9.506 -10.409 -2.143 -8.631 -11.057 -2.232 -9.908 -9.651 -2.018
5 24 -5.47 -11.269 6.593 -3.893 -10.159 6.94 -3.328 -10.413 5.471 -4.864 -10.116 7.437
5 24 -5.158 -12.96 -10.444 -5.231 -12.712 -9.58 -5.946 -12.167 -10.363 -4.615 -13.004 -9.518
5 24 -1.866 -7.782 16.534 -.345 -8.103 15.296 -1.294 -7.565 17.043 -.996 -8.216 15.029
5 24 -16.302 -4.285 2.682 -15.967 -4.467 4.181 -16.961 -3.531 4.287 -15.647 -4.584 2.629
5 24 6.243 -3.21 -14.657 6.177 -2.684 -13.85 5.573 -3.105 -14.769 6.868 -2.85 -14.135
5 24 6.446 -.605 -13.427 6.147 -2.069 -13.454 7.135 -1.731 -13.507 5.442 -1.204 -13.509
5 24 -4.318 3.028 18.736 -4.878 1.458 19.296 -4.361 1.881 19.512 -5.608 2.379 17.99
5 24 -1.478 -11.771 3.366 -1.889 -11.446 2.429 -.874 -10.856 2.271 -2.278 -11.787 2.75
5 24 5.772 -6.15 -13.521 6.318 -5.199 -14.355 6.348 -5.704 -13.87 4.57 -6.096 -14.2
5 24 15.678 -4.947 -4.561 13.733 -5.884 -4.838 14.333 -5.622 -2.94 15.391 -4.917 -5.304
5 24 -14.054 -3.25 -8.651 -14.094 -4.526 -8.382 -13.137 -4.707 -8.901 -14.728 -3.406 -8.324
5 24 2.467 .401 19.759 1.882 -.047 19.77 2.646 -.837 19.239 1.63 1.193 19.88
5 24 -8.265 -10.336 -11.194 -7.592 -10.351 -9.664 -7.266 -10.889 -11.256 -8.381 -9.788 -9.493
5 24 -11.967 -8.63 -5.675 -10.923 -8.635 -5.131 -11.226 -8.813 -5.94 -11.442 -8.101 -4.436
5 24 -12.836 -5.434 -9.361 -13.236 -5.136 -8.526 -13.02 -6.419 -8.443 -13.137 -4.707 -8.901
5 24 11.576 -4.03 -10.777 11.558 -2.653 -11.746 10.536 -3.662 -11.84 12.25 -3.145 -10.532
5 24 -10.573 -4.937 15.365 -8.574 -5.011 14.741 -9.306 -3.914 15.688 -10.372 -6.002 14.348
5 24 -.564 4.934 19.877 .913 4.472 19.832 .944 5.769 19.852 .634 3.755 19.84
5 24 -7.799 -10.069 4.241 -9.231 -10.748 3.203 -7.202 -9.719 3.619 -9.297 -10.824 3.665
5 24 -10.651 -8.957 -8.805 -10.676 -8.139 -7.671 -9.908 -9.332 -8.276 -11.207 -7.911 -8.3
5 24 -13.815 -1.515 -8.581 -13.937 -.365 -9.027 -14.579 -.481 -7.869 -13.629 -1.213 -9.091
5 24 -12.809 -8.425 -2.358 -13.681 -7.772 -1.827 -13.224 -8.152 -1.577 -13.612 -7.693 -2.669
5 24 4.216 3.481 19.758 3.578 2.917 19.179 4.766 2.038 19.022 3.398 4.129 19.759
5 24 4.287 9.027 16.389 3.688 8.907 17.759 3.452 9.963 17.539 4.429 8.066 16.996
5 24 -5.608 2.379 17.99 -6.097 4.037 18.673 -6.836 3.404 17.791 -4.318 3.028 18.736
5 24 8.168 -10.81 .97 6.756 -10.992 -.697 8.739 -10.788 -.168 7.322 -10.729 1.175
5 24 -10.075 -9.59 -1.364 -10.547 -8.442 -1.88 -10.643 -8.176 -.513 -9.908 -9.651 -2.018
5 24 2.484 -10.188 7.262 1.626 -10.755 7.138 2.798 -9.997 8.153 2.332 -10.293 6.808
5 24 -11.171 -5.656 12.261 -10.862 -6.848 11.977 -10.552 -6.041 12.725 -11.229 -6.589 11.446
5 24 -6.164 -.527 -12.486 -7.246 -.162 -12.584 -7.218 -1.157 -12.808 -6.948 .671 -12.274
5 24 -6.069 -12.182 -3.076 -5.564 -12.672 -3.11 -5.241 -12.323 -4.426 -5.863 -12.568 -2.329
5 24 -11.229 -6.589 11.446 -10.368 -7.971 10.776 -10.862 -6.848 11.977 -11.099 -6.339 9.884
5 24 -3.15 -4.19 -16.463 -2.187 -4.706 -15.586 -2.7 -3.554 -16.269 -3.248 -5.084 -15.959
5 24 2.321 9.024 18.755 1.396 9.658 18.254 1.413 8.212 18.731 2.344 10.262 17.987
5 24 -.186 -11.531 3.267 -.515 -11.133 4.166 -.652 -11.404 3.403 1.259 -11.394 4.286
5 24 12.151 13.4 9.445 12.387 14.355 7.969 11.892 14.303 10.655 12.954 12.294 8.516
5 24 11.466 3.694 14.899 11.266 5.1 13.298 10.825 4.954 14.34 12.72 3.72 12.589
5 24 3.469 -10.564 9.423 2.305 -10.328 9.667 3.221 -10.552 10.698 2.188 -10.228 9.041
5 24 -5.863 -12.568 -2.329 -5.56 -12.803 -2.701 -5.564 -12.672 -3.11 -4.892 -13.018 -2.417
5 24 -11.422 10.146 -6.258 -13.866 9.986 -6.216 -13.695 9.122 -6.766 -11.827 11.047 -5.53
5 24 12.753 8.625 10.04 12.63 9.67 10.283 12.364 8.701 10.782 13.366 8.629 8.469
5 24 4.382 -13.396 -10.657 5.559 -12.192 -10.132 3.26 -13.647 -8.619 4.741 -12.122 -11.403
5 24 8.025 1.129 18.635 7.439 -.705 18.943 5.505 1.162 18.538 8.326 -.342 19.019
5 24 16.896 -1.54 5.577 15.95 -3.18 4.696 17.033 -1.449 4.241 15.884 -3.153 5.707
5 24 -4.601 18.739 14.423 -4.027 18.932 12.598 -5.845 18.624 14.016 -2.507 18.788 14.916
5 24 -4.572 12.442 16.524 -3.866 14.279 15.749 -4.632 13.893 15.441 -3.676 12.215 17.197
5 24 13.068 -6.952 -1.542 12.368 -8.602 -.342 13.502 -6.911 -.311 12.134 -7.979 -1.915
5 24 5.018 -10.188 7.337 4.627 -9.722 8.115 4.162 -10.093 8.202 5.556 -8.782 7.73
5 24 13.696 -7.348 3.735 12.744 -7.456 4.424 12.655 -7.694 3.699 13.718 -7.101 4.358
5 24 2.305 -10.328 9.667 2.188 -10.228 9.041 1.955 -10.287 9.599 3.469 -10.564 9.423
5 24 5.215 -7.768 -14.621 4.57 -6.096 -14.2 5.503 -7.236 -14.18 3.832 -6.917 -14.658
5 24 4.784 -4.199 19.009 5.226 -2.974 18.371 4.787 -3.101 19.564 5.086 -4.43 17.644
5 24 -13.93 10.206 8.265 -14.346 10.906 6.311 -13.317 11.26 8.796 -14.276 8.971 7.494
5 24 6.681 5.055 17.003 6.351 3.627 18.267 7.086 3.977 16.871 6.198 5.727 17.678
5 24 1.02 8.819 17.977 .682 10.239 17.276 1.396 9.658 18.254 .607 8.97 17.68
5 24 9.814 3.945 15.738 9.949 4.844 16.133 9.431 4.337 16.411 10.171 4.29 15.429
5 24 -17.925 .212 1.653 -17.411 -.274 -.475 -17.975 -1.09 1.544 -17.485 1.21 1.532
5 24 -4.255 -12.802 -1.604 -3.391 -12.382 -1.069 -4.538 -12.386 -1.016 -4.347 -13.018 -2.25
5 24 -2.436 -5.679 18.038 -.745 -6.025 17.842 -2.362 -6.699 17.83 -1.92 -4.614 18.326
5 24 -10.824 -4.729 -12.344 -10.485 -4.446 -12.375 -9.835 -5.318 -12.279 -10.701 -4.031 -12.111
5 24 10.551 16.692 8.277 11.548 16.513 9.577 9.376 17.503 9.499 12.387 14.355 7.969
5 24 -4.771 -10.775 -13.455 -4.089 -9.202 -14.341 -4.812 -8.757 -13.907 -4.094 -10.929 -13.994
5 24 16.678 -.748 7.082 17.007 -.235 4.968 16.626 -.205 6.931 16.694 -1.418 6.953
5 24 -12.588 -8.288 2.325 -11.696 -8.662 1.989 -11.708 -8.408 2.581 -12.761 -8.233 .192
5 24 -12.213 10.128 12.665 -11.177 8.416 13.013 -12.119 8.783 12.027 -11.029 9.58 13.677
5 24 -.186 -11.531 3.267 1.101 -12.244 3.142 1.259 -11.394 4.286 .465 -12.159 2.551
5 24 -4.177 .471 -13.653 -4.511 -1.264 -14.167 -5.366 -.766 -13.488 -3.586 .241 -14.033
5 24 -8.519 -1.309 17.196 -8.872 -3.381 18.082 -9.248 -1.907 16.677 -7.735 -2.865 18.897
5 24 -10.399 1.109 16.566 -10.25 3.275 15.908 -10.774 2.283 14.797 -9.671 2.35 17.863
5 24 -11.838 -7.875 2.923 -11.409 -9.09 3.977 -11.471 -7.971 4.482 -11.708 -8.408 2.581
5 24 -8.916 12.05 14.737 -9.655 11.288 13.441 -9.607 12.486 13.2 -8.932 11.086 14.799
5 24 -4.027 18.932 12.598 -5.845 18.624 14.016 -5.893 18.821 11.915 -4.601 18.739 14.423
5 24 15.676 -.056 -4.303 15.105 -1.85 -6.879 15.491 -2.202 -5.75 15.215 .552 -6.365
5 24 14.659 -5.569 1.131 16.65 -4.716 -.953 13.502 -6.911 -.311 16.826 -4.46 -.415
5 24 -10.616 14.339 12.382 -10.595 15.839 11.334 -10.341 14.993 12.762 -10.979 13.977 11.279
5 24 -.36 -8.392 -16.011 .422 -8.061 -16.12 -.025 -9.195 -15.537 -.24 -7.007 -15.636
5 24 -14.985 .765 -6.606 -14.579 -.481 -7.869 -15.052 -.13 -6.642 -13.956 1.548 -7.879
5 24 .31 -7.195 16.817 .142 -7.705 16.101 -1.294 -7.565 17.043 1.244 -7.183 15.988
5 24 -8.277 .835 19.2 -8.951 1.131 18.901 -7.889 2.19 19.004 -8.672 .131 18.708
2 24 2.657 18.206 15.203 3.825 18.102 14.977
5 24 -12.024 -7.033 3.531 -11.471 -7.971 4.482 -11.838 -7.875 2.923 -11.756 -7.316 4.685
5 24 14.494 -3.904 7.743 15.7 -2.26 9.435 15.926 -2.516 7.355 14.964 -3.426 10.657
5 24 5.556 -8.782 7.73 5.018 -10.188 7.337 6.177 -8.976 7.023 4.627 -9.722 8.115
5 24 1.259 -11.394 4.286 2.695 -10.103 4.889 2.396 -11.255 4.086 .861 -10.352 5.287
5 24 -2.362 -6.699 17.83 -.745 -6.025 17.842 -2.436 -5.679 18.038 -1.101 -6.879 17.793
5 24 -12.051 12.102 10.229 -13.317 11.26 8.796 -12.533 10.259 10.215 -12.713 12.507 9.061
5 24 5.053 9.526 16.184 4.474 10.907 16.338 3.708 10.583 16.454 5.707 9.897 16.148
5 24 -14.579 -.481 -7.869 -14.96 -1.144 -6.793 -14.473 -1.935 -7.534 -15.052 -.13 -6.642
5 24 17.007 -.235 4.968 16.626 -.205 6.931 16.678 -.748 7.082 16.813 .466 5.3
5 24 -9.149 -10.949 -.524 -8.525 -11.368 -1.64 -8.111 -11.478 -.437 -9.685 -10.438 -1.603
5 24 1.675 -9.094 13.568 1.605 -10.621 12.516 2.277 -9.676 12.698 .519 -9.73 13.434
5 24 3.375 -4.794 -16.277 4.181 -4.563 -15.152 3.912 -3.832 -14.76 3.669 -6.657 -14.861
5 24 -12.013 -8.161 -.575 -11.696 -8.662 1.989 -12.761 -8.233 .192 -10.865 -8.757 1.476
5 24 -15.472 .412 9.379 -14.429 -1.45 11.761 -14.557 -1.741 10.059 -15.035 -.091 11.718
5 24 -4.338 -10.336 3.913 -2.95 -11.517 4.394 -4.072 -10.675 2.708 -3.93 -10.675 4.857
5 24 1.582 -2.801 18.964 2.401 -3.735 19.108 2.468 -2.808 19.326 1.241 -3.837 18.558
5 24 10.501 4.599 15.024 10.543 5.385 15.501 10.171 4.29 15.429 10.825 4.954 14.34
5 24 .257 -4.715 17.755 .904 -4.174 18.306 .61 -4.689 17.669 .802 -3.918 18.591
5 24 3.099 5.136 19.377 2.695 3.793 19.366 2.173 4.095 19.075 3.398 4.129 19.759
5 24 -13.978 10.243 -5.868 -14.754 9.771 -4.892 -14.578 10.379 -4.369 -14.43 9.215 -5.847
5 24 6.318 -5.199 -14.355 4.57 -6.096 -14.2 5.38 -4.411 -15.012 5.772 -6.15 -13.521
5 24 -3.224 -9.622 12.196 -1.83 -9.153 12.929 -2.224 -9.523 11.726 -2.827 -9.426 13.345
5 24 5.162 13.271 15.782 4.943 12.795 16.081 6.451 12.055 15.849 3.605 12.981 15.469
5 24 -16.104 -2.495 7.912 -16.088 -2.789 7.114 -14.731 -3.797 8.722 -16.548 -1.862 5.881
5 24 -14.875 -3.296 9.197 -13.027 -3.975 10.962 -14.172 -4.856 9.595 -14.557 -1.741 10.059
5 24 -9.414 14.746 13.829 -9.095 13.965 13.874 -8.801 14.417 13.921 -9.554 13.909 13.74
5 24 .757 -13.073 -9.081 -.321 -13.525 -9.775 .686 -13.051 -9.893 -.197 -13.64 -9.007
5 24 -14.478 -6.108 -1.319 -13.681 -7.772 -1.827 -13.343 -7.022 -.407 -13.612 -7.693 -2.669
5 24 -17.435 -2.774 1.552 -17.975 -1.09 1.544 -17.319 -1.283 2.831 -17.42 -2.358 .381
5 24 -7.374 -11.193 -5.999 -6.144 -10.862 -6.547 -5.933 -11.238 -5.73 -7.233 -11.089 -6.47
5 24 2.163 -9.989 10.884 2.277 -9.676 12.698 1.605 -10.621 12.516 2.746 -9.469 11.573
5 24 -1.83 -9.153 12.929 -.683 -9.488 13.478 -1.274 -8.412 14.047 -1.275 -10.07 12.633
5 24 -12.68 -8.237 -6.676 -12.225 -7.529 -7.482 -12.039 -8.178 -7.062 -13.217 -7.903 -6.528
5 24 12.872 7.944 3.506 15.12 6.775 3.805 15.047 7.329 4.6 13.134 7.401 2.511
5 24 -10.384 5.324 16.87 -10.677 6.122 16.175 -9.552 6.109 17.184 -10.989 5.444 15.795
5 24 8.47 -8.797 9.096 8.343 -8.076 9.954 9.141 -7.684 10.041 7.156 -8.145 9.674
5 24 -9.367 -.659 -11.885 -8.828 .665 -11.624 -8.386 .418 -12.198 -9.675 -.048 -11.052
5 24 -6.61 17.469 13.957 -6.096 17.358 14.263 -6.418 16.469 13.977 -5.845 18.624 14.016
5 24 -1.252 -13.431 -.195 -.6 -12.25 1.178 -1.576 -13.126 .871 .115 -12.257 .201
5 24 3.375 -4.794 -16.277 3.912 -3.832 -14.76 2.546 -3.708 -16.096 4.181 -4.563 -15.152
5 24 -13.984 5.526 10.131 -14.266 4.161 11.329 -13.641 5.956 11.038 -14.357 4.564 8.993
5 24 -16.014 -.205 -5.596 -15.567 1.182 -5.604 -16.204 .006 -4.723 -15.806 -.201 -6.044
5 24 -9.164 -8.327 9.228 -10.056 -8.584 8.593 -9.677 -8.076 9.325 -8.531 -8.294 9.068
5 24 -13.974 -6.405 -5.667 -13.73 -6.709 -6.424 -13.867 -5.737 -6.619 -13.608 -7.306 -6.392
5 24 -13.86 -6.53 -4.749 -13.974 -6.405 -5.667 -14.266 -5.738 -5.059 -13.462 -7.236 -4.759
5 24 -14.579 -.481 -7.869 -13.521 .882 -8.928 -13.937 -.365 -9.027 -14.985 .765 -6.606
5 24 5.524 -12.361 -1.215 4.262 -12.815 -.789 4.281 -12.337 -2.51 5.782 -12.171 -.467
5 24 -11.994 6.734 13.494 -12.592 7.42 12.817 -11.95 6.305 13.413 -10.599 6.949 14.093
5 24 3.71 16.992 15.729 2.657 18.206 15.203 2.731 17.08 15.965 3.825 18.102 14.977
5 24 -3.682 2.356 19.674 -1.605 2.954 19.514 -2.75 3.756 19.27 -2.291 1.337 19.766
5 24 -6.828 6.577 16.84 -6.769 7.692 16.048 -7.07 7.445 15.952 -6.259 7.095 17.033
5 24 -1.481 -12.604 -6.638 -.577 -13.006 -6.456 -1.145 -12.323 -5.694 -.368 -13.372 -7.781
5 24 -10.518 -3.74 -12.164 -10.085 -1.426 -12.624 -11.204 -2.537 -12.064 -9.348 -2.064 -12.925
5 24 -12.081 -4.833 -11.08 -10.824 -4.729 -12.344 -11.156 -3.636 -11.361 -10.697 -5.83 -12.472
5 24 -12.748 -6.02 9.557 -13.419 -5.147 10.291 -14.032 -5.158 9.342 -12.558 -4.519 11.21
5 24 16.616 4.036 2.054 15.879 5.184 2.573 15.98 3.989 2.842 16.265 5.432 1.447
5 24 -7.323 -7.742 14.535 -7.073 -8.104 13.656 -8.261 -7.379 12.476 -5.858 -8.236 14.341
5 24 -15.902 4.533 7.683 -14.701 5.201 8.461 -14.357 4.564 8.993 -15.761 5.11 7.062
5 24 9.86 1.022 -10.622 7.953 1.148 -11.401 9.231 .637 -11.236 7.9977 2.4691 -9.5417
5 24 -5.225 -10.426 -12.924 -4.771 -10.775 -13.455 -4.812 -8.757 -13.907 -4.545 -11.498 -12.228
5 24 -8.828 .665 -11.624 -9.675 -.048 -11.052 -8.986 1.158 -10.801 -9.367 -.659 -11.885
5 24 -8.677 -8.337 10.074 -8.393 -8.383 11.213 -9.682 -8.323 11.195 -7.06 -7.857 10.566
5 24 -12.704 1.318 13.279 -13.148 2.588 13.422 -11.814 1.877 14.1 -13.721 1.834 12.403
5 24 1.657 2.269 19.853 2.363 1.687 19.846 1.63 1.193 19.88 3.578 2.917 19.179
5 24 1.02 8.819 17.977 .607 8.97 17.68 .482 8 17.826 .682 10.239 17.276
5 24 11.685 -9.222 -7.765 11.493 -8.172 -6.097 11.348 -10.011 -7.832 12.008 -8.342 -7.694
5 24 2.401 -3.735 19.108 2.501 -4.636 18.802 2.899 -4.29 19.399 2.17 -4.188 18.759
5 24 -7.18 10.169 15.779 -8.515 9.14 16.128 -7.505 10.914 15.306 -7.441 9.291 16.254
5 24 -6.187 -10.626 3.77 -6.812 -11.004 4.932 -5.626 -11.519 5.072 -7.799 -10.069 4.241
5 24 -9.506 -10.409 -2.143 -9.908 -9.651 -2.018 -9.685 -10.438 -1.603 -9.698 -9.534 -2.941
5 24 -2.783 -10.365 9.224 -3.778 -10.269 9.926 -4.163 -10.532 9.08 -2.717 -9.234 10.706
5 24 11.618 12.323 10.176 11.63 11.473 11.022 10.808 12.661 11.437 12.421 11.141 10.149
5 24 9.766 6.172 15.904 9.08 6.515 16.12 9.188 5.701 16.396 9.55 6.755 15.739
5 24 6.19 -11.325 -5.7 8.249 -10.795 -5.665 7.993 -11.181 -4.178 7.455 -10.951 -6.354
5 24 .725 18.069 15.414 1.664 17.844 15.272 .89 18.79 15.127 1.086 17.393 15.381
5 24 -14.393 2.462 11.441 -14.801 1.155 12.155 -15.002 1.645 11.485 -13.721 1.834 12.403
5 24 -5.914 -12.352 -1.813 -6.944 -11.351 -2.022 -6.069 -12.182 -3.076 -6.682 -11.446 -1.449
5 24 16.616 4.036 2.054 16.746 2.679 1.245 16.775 4.254 1.314 16.105 3.252 2.754
5 24 -10.239 -7.158 12.47 -10.552 -6.041 12.725 -9.897 -6.212 12.988 -10.862 -6.848 11.977
5 24 15.182 4.753 4.845 15.849 3.071 5.962 15.827 3.657 4.241 15.089 4.692 6.004
5 24 -6.682 -11.446 -1.449 -5.656 -12.209 -1.359 -5.019 -11.772 -.883 -5.914 -12.352 -1.813
5 24 4.57 -6.096 -14.2 3.669 -6.657 -14.861 4.181 -4.563 -15.152 3.832 -6.917 -14.658
5 24 -12.68 -8.237 -6.676 -11.226 -8.813 -5.94 -12.039 -8.178 -7.062 -11.967 -8.63 -5.675
5 24 -12.349 -7.827 -4.202 -13.105 -8.032 -3.084 -13.231 -7.06 -4.057 -12.505 -8.433 -2.993
5 24 -16.707 1.152 -.709 -17.411 -.274 -.475 -16.476 .61 -1.793 -17.485 1.21 1.532
5 24 -3.646 -1.358 18.681 -3.937 -.785 19.087 -3.166 -1.058 19.145 -4.391 -1.615 18.391
5 24 -12.744 8.765 3.966 -15.26 7.582 5.316 -14.713 9.318 5.781 -13.045 7.696 2.949
5 24 2.094 15.637 16.164 1.174 15.115 15.884 1.885 14.806 16.23 2.135 16.59 16.115
5 24 9.376 17.503 9.499 10.123 17.344 11.096 7.837 18.25 10.705 11.548 16.513 9.577
5 24 -5.05 -4.256 -15.615 -5.382 -3.322 -14.663 -5.627 -4.044 -14.571 -4.855 -3.461 -16.042
5 24 -5.981 -8.045 14.908 -5.601 -8.034 14.606 -5.588 -7.843 15.02 -5.858 -8.236 14.341
5 24 15.947 1.761 -4.778 15.215 .552 -6.365 15.715 2.083 -5.875 15.676 -.056 -4.303
5 24 6.446 -.605 -13.427 7.123 -.015 -13.079 4.7492 2.2178 -11.4652 7.411 -.758 -13.296
5 24 -5.233 -11.17 -8.507 -4.615 -13.004 -9.518 -3.678 -12.042 -8.798 -5.231 -12.712 -9.58
5 24 13.362 -.507 -9.116 14.579 -.838 -8.069 14.549 .822 -7.253 13.224 -1.708 -8.881
5 24 1.02 8.819 17.977 1.209 7.827 18.569 1.413 8.212 18.731 .482 8 17.826
5 24 1.995 -2.472 -14.924 2.167 -.201 -13.651 3.048 -3 -15.2 1.797 -.259 -13.626
5 24 13.543 -4.337 9.296 12.613 -5.479 9.572 13.262 -4.755 8.204 13.584 -4.265 10.064
5 24 -12.748 -6.02 9.557 -12.168 -6.19 8.73 -13.267 -5.913 8.946 -11.099 -6.339 9.884
5 24 -13.704 -2.89 -9.659 -13.629 -1.213 -9.091 -13.815 -1.515 -8.581 -13.451 -2.89 -10.019
5 24 14.149 1.124 11.82 14.786 1.668 11.537 14.958 1.293 11.285 13.868 1.986 12.049
5 24 14.786 1.668 11.537 14.491 2.34 11.716 13.868 1.986 12.049 15.083 2.556 10.349
5 24 -13.343 -7.022 -.407 -13.224 -8.152 -1.577 -12.013 -8.161 -.575 -13.681 -7.772 -1.827
5 24 13.042 10.019 9.067 13.645 10.117 8.7 12.51 11.452 9.096 13.366 8.629 8.469
5 24 -13.027 -3.975 10.962 -14.172 -4.856 9.595 -14.875 -3.296 9.197 -13.419 -5.147 10.291
5 24 -9.129 -10.618 -7.824 -8.243 -11.292 -7.026 -9.223 -10.065 -6.73 -8.637 -11.162 -7.876
5 24 13.126 6.529 12.371 13.689 6.362 11.555 13.78 5.194 11.61 13.365 7.119 11.65
5 24 -16.991 -2.68 -2.82 -16.68 -3.399 -2.061 -16.363 -3.057 -3.393 -16.958 -2.978 -1.927
5 24 -12.558 -4.519 11.21 -13.027 -3.975 10.962 -13.419 -5.147 10.291 -12.883 -3.833 11.207
5 24 8.316 -7.991 -13.395 7.5 -8.726 -11.756 8.852 -8.038 -11.761 6.78 -8.564 -12.529
5 24 -10.338 12.853 12.708 -10.616 14.339 12.382 -9.554 13.909 13.74 -10.658 13.293 12.201
5 24 10.577 -1.608 16.024 10.008 -1.684 16.544 10.195 -1.409 16.526 10.398 -1.919 15.974
5 24 -12.748 -6.02 9.557 -14.032 -5.158 9.342 -13.419 -5.147 10.291 -13.267 -5.913 8.946
5 24 10.195 -1.409 16.526 10.008 -1.684 16.544 10.577 -1.608 16.024 9.599 -1.386 17.053
5 24 -5.605 -10.055 -12.384 -5.225 -10.426 -12.924 -4.812 -8.757 -13.907 -5.25 -10.983 -11.896
5 24 -12.219 -8.619 -2.483 -12.505 -8.433 -2.993 -11.693 -8.414 -3.26 -12.809 -8.425 -2.358
5 24 10.6 -9.149 4.452 10.581 -9.43 3.785 11.212 -7.578 4.141 9.835 -9.797 4.437
5 24 11.166 7.574 13.048 11.389 6.002 13.16 11.424 7.654 12.713 10.574 7.637 13.668
5 24 -15.035 -.091 11.718 -14.45 -.167 12.664 -14.429 -1.45 11.761 -14.801 1.155 12.155
5 24 5.707 9.897 16.148 6.224 9.484 16.345 6.024 9.966 15.953 5.972 9.3 16.619
5 24 2.695 -10.103 4.889 .861 -10.352 5.287 1.898 -9.863 5.479 1.259 -11.394 4.286
5 24 -4.347 -13.018 -2.25 -3.391 -12.382 -1.069 -4.255 -12.802 -1.604 -2.447 -12.019 -2.1
5 24 -3.35 -5.337 17.466 -4.7 -4.888 16.571 -4.523 -5.927 16.345 -4.347 -4.234 17.009
5 24 -1.569 18.311 15.334 -2.556 18.201 14.997 -2.154 17.569 15.257 -2.507 18.788 14.916
5 24 .857 .746 19.838 .753 1.139 19.847 -.806 .204 18.797 1.63 1.193 19.88
5 24 -13.161 6.054 12.036 -14.065 4.586 12.468 -13.693 4.651 13.086 -13.641 5.956 11.038
5 24 -14.083 -5.928 3.595 -14.119 -5.975 3.307 -14.352 -5.284 3.545 -13.182 -6.71 3.57
5 24 14.549 .822 -7.253 15.715 2.083 -5.875 14.853 2.409 -7.556 15.215 .552 -6.365
5 24 5.559 -12.192 -10.132 6.372 -12.405 -8.622 4.331 -11.978 -7.62 7.024 -12.056 -10.087
5 24 10.575 -9.157 -9.2 11.685 -9.222 -7.765 11.348 -10.011 -7.832 10.868 -8.536 -8.986
5 24 -2.397 .11 19.735 -2.291 1.337 19.766 -.806 .204 18.797 -3.107 .207 19.805
5 24 -9.084 -8.836 -11.246 -10.356 -9.261 -11.092 -9.102 -9.29 -11.096 -10.818 -8.951 -10.998
5 24 15.263 1.821 10.091 14.786 1.668 11.537 14.958 1.293 11.285 15.083 2.556 10.349
5 24 13.499 -3.552 10.923 14.964 -3.426 10.657 14.363 -2.705 11.11 13.584 -4.265 10.064
5 24 9.431 4.337 16.411 9.188 5.701 16.396 8.635 5.228 16.602 9.949 4.844 16.133
5 24 .003 -13.243 -12.096 -.971 -12.818 -11.189 -.955 -12.671 -12.674 -.495 -12.912 -11.112
5 24 -6.069 -12.182 -3.076 -6.944 -11.351 -2.022 -5.914 -12.352 -1.813 -7.17 -11.156 -2.74
5 24 -8.596 -11.023 -8.76 -8.049 -11.459 -8.053 -8.637 -11.162 -7.876 -7.76 -11.172 -9.065
5 24 2.026 -10.842 -13.171 1.93 -10.042 -13.457 3.015 -10.211 -12.672 1.465 -10.201 -13.956
5 24 -15.923 7.063 -1.5 -15.964 6.911 -1.817 -15.627 8.028 -1.945 -16.15 6.31 -.704
5 24 -10.132 -9.707 -4.474 -9.698 -9.534 -2.941 -9.025 -10.99 -4.338 -10.641 -8.382 -3.486
5 24 12.561 1.924 -8.406 12.598 1.455 -8.476 12.361 1.657 -8.562 12.969 1.007 -8.253
5 24 -.321 -13.525 -9.775 .686 -13.051 -9.893 -.507 -13.459 -10.124 .757 -13.073 -9.081
2 24 -.556 -2.85 -15.441 -1.321 -2.512 -14.811
5 24 12.552 -4.019 12.927 12.929 -5.457 11.431 13.499 -3.552 10.923 12.286 -5.41 12.722
5 24 2.929 -5.791 16.92 3.582 -8.341 15.547 2.244 -7.915 15.667 4.024 -5.563 16.608
5 24 9.567 -9.226 -4.5 10.931 -10.45 -7.585 9.913 -10.735 -6.757 11.493 -8.172 -6.097
5 24 -10.537 4.478 16.063 -10.25 3.275 15.908 -9.727 3.833 16.811 -10.989 5.444 15.795
5 24 3.221 -10.552 10.698 3.469 -10.564 9.423 2.305 -10.328 9.667 4.795 -10.423 9.87
5 24 5.599 -10.789 5.606 5.616 -10.725 4.113 5.008 -11.123 5.213 7.139 -9.503 4.451
5 24 15.804 2.744 -3.962 16.101 2.38 -3.156 16.064 1.926 -3.655 16.09 3.451 -2.842
5 24 1.093 3.215 19.419 1.657 2.269 19.853 1.059 2.017 19.859 2.695 3.793 19.366
5 24 7.341 -11.736 -6.836 6.19 -11.325 -5.7 7.455 -10.951 -6.354 5.594 -11.884 -6.245
5 24 -13.199 -6.78 6.845 -11.601 -7.382 6.467 -13.052 -7.254 5.713 -11.822 -6.95 7.309
5 24 -3.534 -12.492 -11.861 -3.252 -13.23 -11.232 -4.156 -13.084 -11.412 -1.802 -12.13 -11.133
5 24 9.285 -.336 -11.755 10.848 -.324 -11.029 10.177 -1.388 -12.086 10.481 .421 -10.693
5 24 4.474 10.907 16.338 5.857 11.054 16.219 4.943 12.795 16.081 5.053 9.526 16.184
5 24 5.253 -11.944 -11.892 5.965 -11.655 -11.939 6.325 -11.187 -10.897 5.128 -11.283 -12.726
5 24 -2.626 -12.216 -3.8 -1.336 -13.373 -3.227 -1.906 -12.893 -4.82 -2.447 -12.019 -2.1
5 24 -12.923 4.476 -8.337 -10.396 5.188 -7.85 -12.897 5.982 -8.303 -10.401 3.726 -7.785
5 24 13.942 -5.417 -5.807 15.391 -4.917 -5.304 15.353 -3.401 -6.151 13.733 -5.884 -4.838
5 24 -12.226 13.994 10.733 -10.978 13.652 11.29 -11.676 12.821 10.807 -10.979 13.977 11.279
5 24 12.954 -3.871 -10.28 12.25 -3.145 -10.532 12.46 -4.358 -10.26 12.186 -2.241 -10.133
5 24 -1.101 -6.879 17.793 -1.294 -7.565 17.043 -2.362 -6.699 17.83 .31 -7.195 16.817
5 24 12.38 .002 -10.637 10.481 .421 -10.693 10.848 -.324 -11.029 11.364 .837 -10.632
5 24 9.238 3.079 16.242 11.031 2.632 15.806 10.216 2.223 16.034 9.814 3.945 15.738
5 24 -12.365 -8.629 -1.969 -12.219 -8.619 -2.483 -12.809 -8.425 -2.358 -10.547 -8.442 -1.88
5 24 4.922 -10.58 -13.319 4.671 -9.905 -13.444 5.867 -9.03 -13.075 3.55 -10.793 -12.605
5 24 7.496 -7.963 -13.583 7.052 -7.496 -13.915 8.18 -7.126 -13.857 6.34 -8.366 -12.81
5 24 -17.336 .261 3.106 -17.925 .212 1.653 -17.485 1.21 1.532 -17.319 -1.283 2.831
5 24 12.905 -6.91 -8.306 11.645 -6.072 -9.437 13.087 -5.44 -8.894 11.228 -6.524 -9.452
5 24 5.008 -11.123 5.213 5.599 -10.789 5.606 5.616 -10.725 4.113 3.859 -10.899 6.66
5 24 -14.426 7.104 -6.428 -15.145 6.783 -5.671 -14.27 5.952 -6.876 -14.609 8.013 -5.74
5 24 -8.112 13.127 14.88 -7.7 11.772 15.254 -8.916 12.05 14.737 -6.665 12.472 15.301
5 24 6.224 9.484 16.345 7.447 8.957 15.595 6.711 8.667 16.959 6.953 9.949 15.27
5 24 -11.948 1.204 15.204 -11.814 1.877 14.1 -10.774 2.283 14.797 -12.779 .462 14.745
5 24 2.479 -12.677 -.676 2.703 -12.615 -1.822 4.262 -12.815 -.789 1.933 -12.272 -.728
5 24 -1.357 -13.372 -10.454 -2.324 -12.93 -10.468 -1.913 -13.444 -9.722 -.971 -12.818 -11.189
5 24 -14.032 -5.158 9.342 -13.267 -5.913 8.946 -14.016 -4.614 7.669 -12.748 -6.02 9.557
5 24 6.359 -11.072 -.036 6.578 -11.164 -.839 5.782 -12.171 -.467 6.756 -10.992 -.697
5 24 -.706 -1.157 -14.713 -.349 -2.55 -15.317 .271 -2.254 -15.417 -1.321 -2.512 -14.811
5 24 15.089 4.692 6.004 14.998 6.462 6.666 14.9 4.62 7.535 15.255 5.525 4.427
5 24 -11.688 5.4 13.496 -10.677 6.122 16.175 -10.599 6.949 14.093 -10.989 5.444 15.795
5 24 -14.426 7.104 -6.428 -14.145 8.498 -6.554 -14.609 8.013 -5.74 -14.076 7.322 -6.955
5 24 -8.985 15.503 13.841 -10.341 14.993 12.762 -9.414 14.746 13.829 -9.6 16.765 12.358
5 24 -9.835 -6.604 -12.125 -9.101 -7.296 -11.707 -11.478 -6.745 -11.533 -9.111 -6.687 -12.131
5 24 9.285 -.336 -11.755 8.738 -1.417 -12.188 8.187 -.164 -11.804 10.177 -1.388 -12.086
5 24 -3.866 14.279 15.749 -3.676 12.215 17.197 -2.319 13.212 16.88 -4.572 12.442 16.524
5 24 15.052 -3.597 -7.038 14.008 -5.037 -6.997 13.968 -4.746 -7.737 15.353 -3.401 -6.151
5 24 -11.301 -7.624 7.834 -11.601 -7.382 6.467 -11.822 -6.95 7.309 -11.021 -8.072 6.766
5 24 1.271 7.188 18.728 1.75 7.608 18.819 2.283 6.658 18.497 1.209 7.827 18.569
5 24 -8.913 -1.374 -12.403 -7.912 .269 -12.488 -7.246 -.162 -12.584 -9.367 -.659 -11.885
5 24 -2.9 -2.378 19.394 -3.166 -1.058 19.145 -3.646 -1.358 18.681 -2.547 -.783 19.435
5 24 -4.156 -13.084 -11.412 -4.626 -13.197 -10.763 -3.865 -13.425 -10.365 -4.97 -12.653 -11.491
5 24 -15.289 4.471 -5.064 -15.779 2.844 -4.788 -15.458 4.399 -3.671 -15.258 3.317 -6.424
5 24 15.936 1.607 6.239 15.984 1.436 6.147 16.087 2.277 5.664 15.836 1.238 6.866
5 24 1.748 -14.038 -9.59 1.777 -14.092 -10.356 2.342 -14.155 -9.24 .686 -13.051 -9.893
5 24 1.599 -13.525 -8.426 .27 -13.4 -8.524 .757 -13.073 -9.081 1.162 -13.898 -7.593
5 24 8.47 -8.797 9.096 6.813 -9.031 7.84 7.156 -8.145 9.674 7.8 -9.396 7.131
5 24 3.539 -10.204 8.126 3.859 -10.899 6.66 2.484 -10.188 7.262 4.55 -10.632 7.267
5 24 -10.651 -8.957 -8.805 -10.818 -8.951 -10.998 -11.141 -8.689 -10.739 -10.356 -9.261 -11.092
5 24 -6.482 10.865 15.479 -6.665 12.472 15.301 -5.552 11.573 15.339 -7.7 11.772 15.254
5 24 1.241 -3.837 18.558 .802 -3.918 18.591 .904 -4.174 18.306 1.582 -2.801 18.964
5 24 11.183 -7.602 7.859 10.308 -7.889 9.136 9.36 -9.32 7.672 10.952 -6.421 9.291
5 24 10.868 -8.536 -8.986 10.361 -7.932 -10.639 10.575 -9.157 -9.2 11.283 -7.83 -8.608
5 24 -6.751 -11.571 2.099 -6.999 -10.699 2.27 -6.596 -11.83 1.306 -6.393 -11.761 2.469
5 24 -14.054 -3.25 -8.651 -12.791 -4.602 -9.466 -13.704 -2.89 -9.659 -13.137 -4.707 -8.901
5 24 12.585 -1.943 15.258 11.527 -1.038 15.195 12.414 -.561 14.034 11.91 -1.959 15.619
5 24 9.875 -3.86 15.665 10.398 -1.919 15.974 9.83 -2.502 16.761 10.283 -3.467 14.994
5 24 -1.294 -7.565 17.043 -2.362 -6.699 17.83 -1.866 -7.782 16.534 -1.101 -6.879 17.793
5 24 4.591 1.719 18.902 4.594 .242 18.742 5.505 1.162 18.538 2.67 .984 19.775
5 24 -3.678 -12.042 -8.798 -4.615 -13.004 -9.518 -5.233 -11.17 -8.507 -2.782 -12.968 -9.906
5 24 -16.002 -4.51 -3.541 -15.842 -4.309 -4.562 -15.669 -5.203 -4.011 -16.186 -3.657 -3.128
5 24 1.626 -10.755 7.138 2.1 -10.23 6.201 2.332 -10.293 6.808 1.211 -10.802 6.503
5 24 1.757 1.367 -12.712 2.8211 2.2716 -11.8934 1.7147 2.1668 -12.0257 2.167 -.201 -13.651
5 24 .734 1.685 19.851 1.059 2.017 19.859 .423 2.653 19.46 1.63 1.193 19.88
5 24 8.025 1.129 18.635 7.405 2.607 17.458 9.337 1.159 18.069 7.035 2.429 17.795
5 24 5.972 9.3 16.619 5.707 9.897 16.148 6.224 9.484 16.345 5.053 9.526 16.184
5 24 15.263 1.821 10.091 15.083 2.556 10.349 15.34 2.57 8.419 14.786 1.668 11.537
5 24 11.466 3.694 14.899 11.031 2.632 15.806 12.59 2.166 14.638 9.814 3.945 15.738
5 24 13.126 6.529 12.371 11.424 7.654 12.713 13.365 7.119 11.65 11.389 6.002 13.16
5 24 -10.085 -1.426 -12.624 -9.367 -.659 -11.885 -8.913 -1.374 -12.403 -10.536 -.779 -11.914
5 24 -3.678 -12.042 -8.798 -4.276 -12.471 -7.846 -5.233 -11.17 -8.507 -2.796 -12.679 -7.929
5 24 -14.96 -1.144 -6.793 -15.806 -.201 -6.044 -15.052 -.13 -6.642 -15.836 -1.516 -5.942
5 24 -3.832 -12.024 -.592 -4.538 -12.386 -1.016 -4.051 -11.55 -.435 -3.391 -12.382 -1.069
5 24 -12.55 7.942 12.458 -11.177 8.416 13.013 -12.119 8.783 12.027 -12.592 7.42 12.817
5 24 -1.343 15.342 16.584 -.201 14.267 16.756 -.379 15.35 16.854 -1.703 13.661 16.441
5 24 -9.285 -.476 17.487 -7.701 -1.02 17.96 -8.672 .131 18.708 -8.519 -1.309 17.196
5 24 -6.948 .671 -12.274 -6.164 -.527 -12.486 -5.857 1.419 -11.662 -7.246 -.162 -12.584
5 24 -8.049 -11.459 -8.053 -8.637 -11.162 -7.876 -8.596 -11.023 -8.76 -8.243 -11.292 -7.026
5 24 -14.013 -1.396 12.65 -13.44 -.575 13.286 -14.45 -.167 12.664 -13.059 -1.512 13.133
5 24 3.151 -.794 -14.828 3.268 -.355 -14.114 4.761 -1.267 -14.44 2.167 -.201 -13.651
5 24 -6.828 6.577 16.84 -6.259 7.095 17.033 -6.769 7.692 16.048 -6.299 6.331 18.532
5 24 3.578 2.917 19.179 2.363 1.687 19.846 4.591 1.719 18.902 1.657 2.269 19.853
5 24 -7.701 -1.02 17.96 -7.735 -2.865 18.897 -8.519 -1.309 17.196 -6.369 -1.683 18.864
5 24 -7.889 2.19 19.004 -6.072 1.176 18.502 -5.931 2.323 17.892 -7.55 1.49 19.18
5 24 10.232 9.822 14.065 8.47 11.195 14.174 9.404 11.105 13.858 8.438 9.299 15.286
5 24 11.4794 11.073 -5.7701 13.786 9.264 -6.692 10.9695 9.522 -6.533 13.987 10.614 -5.798
5 24 12.325 9.931 10.981 10.76 10.577 12.328 11.63 11.473 11.022 11.476 9.347 11.83
5 24 -6.73 -7.371 -14.357 -7 -8.82 -13.759 -5.969 -8.777 -13.9 -8.108 -8.195 -13.366
5 24 1.675 -9.094 13.568 .519 -9.73 13.434 .964 -8.071 14.031 1.605 -10.621 12.516
5 24 11.969 -3.692 15.054 12.507 -3.713 14.786 11.596 -4.11 14.076 12.585 -1.943 15.258
5 24 15.255 5.525 4.427 15.089 4.692 6.004 15.182 4.753 4.845 15.16 6.951 5.273
5 24 -9.075 -3.47 -13.857 -8.036 -2.713 -13.483 -7.66 -3.752 -13.863 -9.348 -2.064 -12.925
5 24 -5.869 -9.239 10.471 -6.222 -9.397 9.337 -7.06 -7.857 10.566 -5.071 -10.378 9.28
5 24 -9.101 -7.296 -11.707 -8.723 -7.456 -12.071 -9.361 -7.724 -11.336 -9.111 -6.687 -12.131
5 24 -11.601 -7.382 6.467 -11.021 -8.072 6.766 -11.123 -7.48 5.641 -11.301 -7.624 7.834
5 24 8.647 -6.425 14.225 7.186 -6.868 14.434 8.379 -5.459 14.713 8.788 -7.926 13.742
5 24 -2.746 14.722 15.728 -1.343 15.342 16.584 -1.703 13.661 16.441 -2.728 16.21 15.724
5 24 -10.518 -3.74 -12.164 -11.204 -2.537 -12.064 -10.085 -1.426 -12.624 -10.984 -3.694 -11.758
5 24 13.987 10.614 -5.798 12.0107 11.448 -4.9751 11.4794 11.073 -5.7701 14.911 10.547 -2.628
5 24 -13.93 10.206 8.265 -13.088 8.884 9.466 -13.668 8.722 8.738 -13.317 11.26 8.796
5 24 16.989 -2.637 3.645 17.361 -1.417 2.621 17.033 -1.449 4.241 17.103 -2.762 .404
5 24 14.022 6.222 -7.225 14.04 4.995 -7.406 12.911 6.567 -8.137 14.993 5.049 -6.353
5 24 -5.453 .464 19.049 -6.072 1.176 18.502 -6.224 .354 18.492 -4.878 1.458 19.296
5 24 14.091 -5.959 5.61 14.841 -5.777 4.214 15.597 -4.802 5.527 13.855 -6.099 5.076
5 24 -15.496 -5.291 -4.439 -15.669 -5.203 -4.011 -14.279 -5.752 -3.559 -15.842 -4.309 -4.562
5 24 3.94 -8.961 13.869 3.582 -8.341 15.547 2.022 -8.859 14.168 5.251 -7.475 14.99
5 24 16.101 2.38 -3.156 16.049 .515 -3.121 16.064 1.926 -3.655 16.292 .907 -1.284
5 24 -9.677 -8.076 9.325 -8.677 -8.337 10.074 -10.368 -7.971 10.776 -9.164 -8.327 9.228
5 24 -11.688 5.4 13.496 -11.95 6.305 13.413 -10.599 6.949 14.093 -12.505 5.895 12.86
5 24 -1.95 -12.943 -7.065 -2.239 -13.033 -5.089 -1.481 -12.604 -6.638 -3.181 -13.5 -5.145
5 24 -14.266 4.161 11.329 -14.393 2.462 11.441 -14.634 3.087 9.005 -14.302 3.199 12.192
5 24 17.261 1.678 .658 16.604 2.504 .576 17.289 1.973 1.211 16.962 1.156 -.302
5 24 3.94 -8.961 13.869 3.197 -9.461 13.242 4.528 -8.625 12.251 2.022 -8.859 14.168
5 24 -11.622 -.636 -9.851 -11.635 -1.952 -11.046 -11.869 -2.071 -10.673 -10.536 -.779 -11.914
5 24 13.824 6.013 10.333 13.689 6.362 11.555 13.78 5.194 11.61 13.335 7.618 10.165
5 24 12.552 -4.019 12.927 11.401 -5.154 13.633 12.286 -5.41 12.722 11.596 -4.11 14.076
5 24 3.869 18.756 14.518 3.972 18.988 12.632 2.584 18.788 14.793 5.421 18.591 14.058
5 24 4.262 -12.815 -.789 2.703 -12.615 -1.822 2.479 -12.677 -.676 3.6 -12.46 -2.465
5 24 -15.002 1.645 11.485 -15.291 1.302 9.008 -14.393 2.462 11.441 -15.472 .412 9.379
5 24 15.764 2.818 7.245 15.381 2.071 8.264 15.34 2.57 8.419 15.836 1.238 6.866
5 24 -10.6 -1.18 17.207 -9.248 -1.907 16.677 -9.285 -.476 17.487 -11.162 -1.853 16.783
5 24 -9.622 5.026 17.433 -10.384 5.324 16.87 -9.552 6.109 17.184 -10.537 4.478 16.063
5 24 -5.574 -2.156 18.756 -4.391 -1.615 18.391 -5.193 -1.303 18.632 -4.431 -2.532 18.32
5 24 -8.618 -9.074 7.81 -10.075 -8.996 7.132 -7.712 -8.893 6.78 -10.056 -8.584 8.593
5 24 -9.607 12.486 13.2 -9.014 12.844 14.546 -9.388 13.513 13.826 -8.916 12.05 14.737
5 24 9.477 8.48 15.113 10.232 9.822 14.065 8.438 9.299 15.286 10.248 8.897 14.446
5 24 4.7492 2.2178 -11.4652 6.446 -.605 -13.427 7.123 -.015 -13.079 5.311 -.705 -13.327
5 24 -1.744 -8.423 -15.165 -.36 -8.392 -16.011 -1.311 -6.994 -15.327 -.025 -9.195 -15.537
5 24 8.739 -10.788 -.168 8.168 -10.81 .97 6.756 -10.992 -.697 9.761 -10.198 .866
5 24 -9.908 -9.651 -2.018 -9.698 -9.534 -2.941 -9.506 -10.409 -2.143 -10.187 -8.503 -2.831
5 24 -3.676 12.215 17.197 -4.471 10.432 17.095 -5.113 11.116 16.347 -3.483 9.433 17.367
5 24 16.248 -3.898 -3.634 16.431 -2.715 -3.258 16.158 -3.181 -2.633 16.114 -3.627 -4.627
5 24 -17.411 -.274 -.475 -16.476 .61 -1.793 -16.707 1.152 -.709 -17.302 -.645 -1.298
5 24 1.582 -2.801 18.964 -.314 -2.011 19.706 .802 -3.918 18.591 1.297 -1.575 19.091
5 24 -7.591 18.603 10.94 -7.295 18.37 13.354 -9.654 17.776 11.955 -5.893 18.821 11.915
5 24 .422 -8.061 -16.12 .936 -9.322 -15.13 -.025 -9.195 -15.537 .93 -7.415 -15.677
5 24 16.604 2.504 .576 17.289 1.973 1.211 16.746 2.679 1.245 17.261 1.678 .658
5 24 5.559 -12.192 -10.132 7.024 -12.056 -10.087 6.325 -11.187 -10.897 6.372 -12.405 -8.622
5 24 -2.224 -9.523 11.726 -1.823 -10.228 11.291 -2.717 -9.234 10.706 -1.275 -10.07 12.633
5 24 1.259 -11.394 4.286 -.186 -11.531 3.267 1.101 -12.244 3.142 -.515 -11.133 4.166
5 24 -2.311 -11.513 -12.24 -1.91 -11.335 -13.014 -3.072 -11.399 -13.618 -1.622 -11.456 -12.861
5 24 -2.953 -11.007 1.974 -3.605 -10.566 1.242 -2.781 -11.049 1.515 -3.759 -10.56 1.6
5 24 1.093 3.215 19.419 2.695 3.793 19.366 1.657 2.269 19.853 2.173 4.095 19.075
5 24 -14.054 -3.25 -8.651 -13.704 -2.89 -9.659 -12.791 -4.602 -9.466 -13.815 -1.515 -8.581
5 24 -14.064 -2.215 -7.964 -14.59 -2.218 -7.553 -14.473 -1.935 -7.534 -14.728 -3.406 -8.324
5 24 .868 -13.251 -2.922 .884 -13.245 -3.444 -.308 -13.56 -3.224 2.034 -12.052 -3.718
5 24 -11.47 -7.939 -7.621 -11.207 -7.911 -8.3 -10.676 -8.139 -7.671 -12.225 -7.529 -7.482
5 24 11.835 -6.445 6.897 12.271 -6.232 5.952 13.291 -6.176 6.749 11.672 -6.509 6.098
5 24 11.63 11.473 11.022 12.421 11.141 10.149 12.325 9.931 10.981 11.618 12.323 10.176
5 24 -16.324 .456 -2.74 -17.233 -.748 -1.934 -16.476 .61 -1.793 -16.542 -.532 -3.327
5 24 -6.665 12.472 15.301 -7.7 11.772 15.254 -8.112 13.127 14.88 -6.482 10.865 15.479
5 24 -8.049 -11.459 -8.053 -6.982 -11.595 -7.441 -8.243 -11.292 -7.026 -7.093 -11.474 -8.381
5 24 -14.065 4.586 12.468 -13.693 4.651 13.086 -13.161 6.054 12.036 -14.24 3.465 12.554
5 24 -16.961 -3.531 4.287 -16.302 -4.285 2.682 -15.967 -4.467 4.181 -17.25 -3.525 2.288
5 24 .208 6.441 19.809 .87 7.505 18.492 1.271 7.188 18.728 -.902 6.841 19.76
5 24 -9.835 -5.318 -12.279 -10.697 -5.83 -12.472 -9.835 -6.604 -12.125 -10.824 -4.729 -12.344
5 24 -10.547 -8.442 -1.88 -9.908 -9.651 -2.018 -10.075 -9.59 -1.364 -10.187 -8.503 -2.831
5 24 -1.913 -13.444 -9.722 -1.357 -13.372 -10.454 -2.782 -12.968 -9.906 -.943 -13.419 -10.4
5 24 -.186 -11.531 3.267 .001 -11.587 1.589 .465 -12.159 2.551 -.874 -10.856 2.271
5 24 -7.76 -11.172 -9.065 -6.855 -11.033 -9.49 -8.023 -10.673 -9.157 -7.093 -11.474 -8.381
5 24 -16.484 -4.578 -.472 -16.471 -4.735 -.998 -16.658 -4.027 -1.126 -16.063 -4.918 -.103
5 24 -9.657 17.624 9.203 -11.081 17 10.656 -11.858 16.419 9.88 -9.654 17.776 11.955
5 24 2.955 -6.608 -15.46 2.141 -6.933 -15.3 3.142 -7.277 -14.611 1.679 -6.161 -16.053
5 24 13.027 -7.855 -4.383 12.697 -7.446 -5.49 14.333 -5.622 -2.94 12.56 -8.121 -4.92
5 24 -15.301 -4.998 -5.302 -15.339 -5.194 -4.982 -15.415 -4.762 -5.296 -14.266 -5.738 -5.059
5 24 11.701 -2.057 -11.419 12.186 -2.241 -10.133 11.539 -.875 -11.198 12.25 -3.145 -10.532
5 24 4.216 3.481 19.758 6.351 3.627 18.267 5.362 4.663 19.303 4.766 2.038 19.022
5 24 -12.829 -8.116 -5.116 -13.462 -7.236 -4.759 -13.608 -7.306 -6.392 -12.349 -7.827 -4.202
5 24 -.6 -12.25 1.178 -1.576 -13.126 .871 -1.669 -12.049 1.482 -1.252 -13.431 -.195
5 24 6.351 3.627 18.267 7.141 2.959 17.475 7.035 2.429 17.795 7.086 3.977 16.871
5 24 -2.184 -12.076 3.858 -2.734 -12.033 3.658 -2.614 -12.074 3.391 -2.517 -11.976 4.095
5 24 -5.366 -.766 -13.488 -5.84 -1.979 -14.465 -4.511 -1.264 -14.167 -6.79 -1.547 -13.687
5 24 -.392 -12.757 -5.246 -1.141 -13.459 -4.043 -.455 -13.506 -4.213 -1.145 -12.323 -5.694
5 24 1.465 -10.201 -13.956 -.01 -10.039 -14.823 .936 -9.322 -15.13 .521 -10.456 -13.865
5 24 3.26 -13.647 -8.619 2.178 -13.437 -7.928 4.331 -11.978 -7.62 2.342 -14.155 -9.24
5 24 3.151 -.794 -14.828 4.761 -1.267 -14.44 3.268 -.355 -14.114 3.048 -3 -15.2
5 24 -16.363 -3.057 -3.393 -16.096 -3.307 -4.646 -16.186 -3.657 -3.128 -16.461 -2.077 -3.863
5 24 -13.161 6.054 12.036 -13.27 7.477 11.543 -12.505 5.895 12.86 -13.641 5.956 11.038
5 24 -2.239 -13.033 -5.089 -3.192 -12.48 -4.089 -1.906 -12.893 -4.82 -3.504 -13.112 -4.777
5 24 12.23 1.213 -9.703 12.652 .756 -9.647 12.124 .97 -10.331 12.598 1.455 -8.476
5 24 2.342 -14.155 -9.24 1.748 -14.038 -9.59 1.599 -13.525 -8.426 1.777 -14.092 -10.356
5 24 6.451 12.055 15.849 7.469 14.175 14.091 8.034 13.087 14.149 6.304 14.603 14.442
5 24 -7.143 9.311 16.562 -7.18 10.169 15.779 -6.482 10.865 15.479 -7.441 9.291 16.254
5 24 2.026 -10.842 -13.171 .862 -11.591 -13.751 1.465 -10.201 -13.956 .97 -12.477 -12.999
5 24 -.368 -13.372 -7.781 .403 -13.799 -6.842 1.162 -13.898 -7.593 -.577 -13.006 -6.456
5 24 5.442 -1.204 -13.509 4.761 -1.267 -14.44 5.311 -.705 -13.327 5.711 -2.395 -13.576
5 24 -4.615 -6.524 -15.297 -5.081 -6.094 -14.894 -4.727 -5.635 -14.889 -5.288 -6.958 -14.475
5 24 -4.909 -13.022 -3.089 -4.42 -12.741 -4.19 -5.564 -12.672 -3.11 -4.54 -13.073 -2.689
5 24 4.7492 2.2178 -11.4652 7.264 .677 -12.468 7.123 -.015 -13.079 6.4612 2.4691 -10.5687
5 24 16.746 2.679 1.245 16.67 4.277 .522 16.604 2.504 .576 16.775 4.254 1.314
5 24 2.321 9.024 18.755 2.424 8.092 18.996 3.123 8.213 18.839 1.413 8.212 18.731
5 24 .563 -13.23 -2.441 -.308 -13.56 -3.224 .868 -13.251 -2.922 -.493 -13.338 -2.337
5 24 -15.836 -1.516 -5.942 -15.908 -2.812 -5.294 -15.401 -2.443 -6.289 -16.014 -.205 -5.596
5 24 -4.358 -9.312 12.663 -4.883 -8.838 11.295 -4.478 -9.248 11.234 -5.398 -8.155 11.418
5 24 2.467 .401 19.759 1.63 1.193 19.88 2.67 .984 19.775 1.882 -.047 19.77
5 24 12.364 -8.339 -2.621 11.833 -8.517 -5.007 12.56 -8.121 -4.92 11.078 -8.938 -4.531
5 24 -14.145 8.498 -6.554 -14.609 8.013 -5.74 -14.43 9.215 -5.847 -14.426 7.104 -6.428
5 24 10.291 6.681 15.11 10.574 7.637 13.668 10.895 5.74 14.529 10.047 7.688 14.203
5 24 -.605 -3.172 -15.769 -1.084 -5.448 -16.026 -1.221 -3.321 -15.73 .565 -5.079 -16.192
5 24 14.275 -6.846 2.766 15.273 -5.117 2.727 15.088 -5.532 3.709 14.659 -5.569 1.131
5 24 -13.612 -7.693 -2.669 -13.231 -7.06 -4.057 -14.478 -6.108 -1.319 -13.105 -8.032 -3.084
5 24 -12.829 -8.116 -5.116 -13.217 -7.903 -6.528 -13.608 -7.306 -6.392 -12.68 -8.237 -6.676
5 24 -4.985 .916 -12.716 -4.7343 2.1714 -11.4293 -5.5034 2.2242 -10.9674 -3.469 2.296 -11.813
5 24 -3.586 .241 -14.033 -2.419 2.212 -12.028 -2.887 .273 -13.945 -4.177 .471 -13.653
5 24 13.968 -4.746 -7.737 13.48 -6.452 -7.832 13.087 -5.44 -8.894 14.008 -5.037 -6.997
5 24 -9.908 -9.332 -8.276 -10.651 -8.957 -8.805 -10.676 -8.139 -7.671 -9.405 -9.87 -9.31
5 24 -4.545 -11.498 -12.228 -5.225 -10.426 -12.924 -4.771 -10.775 -13.455 -5.25 -10.983 -11.896
5 24 7.339 7.437 17.333 7.916 6.609 16.293 6.953 6.092 17.079 8.175 7.195 15.763
5 24 -3.196 -9.481 11.633 -2.717 -9.234 10.706 -2.224 -9.523 11.726 -3.888 -9.395 10.998
5 24 -7.447 -11.644 -4.751 -8.599 -11.262 -5.474 -7.823 -11.4 -5.646 -9.025 -10.99 -4.338
5 24 -12.349 -7.827 -4.202 -12.829 -8.116 -5.116 -11.442 -8.101 -4.436 -13.462 -7.236 -4.759
5 24 2.584 18.788 14.793 3.825 18.102 14.977 2.657 18.206 15.203 3.869 18.756 14.518
5 24 2.283 6.658 18.497 1.75 7.608 18.819 2.424 8.092 18.996 1.271 7.188 18.728
5 24 14.549 .822 -7.253 14.853 2.409 -7.556 15.715 2.083 -5.875 12.969 1.007 -8.253
5 24 -10.056 -8.584 8.593 -8.531 -8.294 9.068 -9.164 -8.327 9.228 -8.618 -9.074 7.81
5 24 1.958 13.362 17 -.201 14.267 16.756 1.885 14.806 16.23 1.285 12.118 17.442
5 24 14.372 -1.864 -7.8 15.055 -.938 -7.46 15.105 -1.85 -6.879 14.579 -.838 -8.069
5 24 5.857 11.054 16.219 6.451 12.055 15.849 4.943 12.795 16.081 6.953 9.949 15.27
5 24 -.201 14.267 16.756 1.285 12.118 17.442 1.958 13.362 17 -.849 12.99 16.637
5 24 16.09 3.451 -2.842 16.395 1.645 -.768 16.101 2.38 -3.156 16.471 3.768 -.361
5 24 15.469 7.568 -1.961 13.385 7.419 .507 13.355 8.344 -.927 15.872 6.026 -.071
5 24 5.599 -10.789 5.606 5.914 -10.392 6.26 7.229 -9.251 4.974 4.55 -10.632 7.267
5 24 -12.55 7.942 12.458 -13.27 7.477 11.543 -12.119 8.783 12.027 -12.592 7.42 12.817
5 24 11.364 .837 -10.632 10.481 .421 -10.693 10.365 1.182 -10.231 12.38 .002 -10.637
5 24 10.23 16.909 11.641 8.78 18 12.22 10.123 17.344 11.096 8.825 17.594 12.593
5 24 14.825 3.603 8.531 15.615 3.216 7.29 14.9 4.62 7.535 15.34 2.57 8.419
5 24 13.855 -6.099 5.076 14.091 -5.959 5.61 12.271 -6.232 5.952 14.841 -5.777 4.214
5 24 16.248 -3.898 -3.634 16.158 -3.181 -2.633 16.431 -2.715 -3.258 15.05 -4.963 -2.81
5 24 8.175 7.195 15.763 8.438 9.299 15.286 9.102 7.485 15.249 7.447 8.957 15.595
5 24 -14.86 6.007 7.421 -15.761 5.11 7.062 -14.701 5.201 8.461 -16.146 5.052 4.07
5 24 6.711 8.667 16.959 5.972 9.3 16.619 6.055 8.257 17.514 6.224 9.484 16.345
5 24 8.379 -5.459 14.713 6.282 -5.825 15.789 6.537 -6.325 14.648 8.503 -5.166 15.95
5 24 3.605 12.981 15.469 1.958 13.362 17 1.885 14.806 16.23 3.017 11.386 16.364
5 24 10.376 -8.904 4.997 10.6 -9.149 4.452 9.601 -9.444 5.116 11.212 -7.578 4.141
5 24 -5.588 -7.843 15.02 -5.609 -7.478 15.713 -6.097 -7.763 15.524 -5.226 -8.166 14.178
5 24 6.519 15.925 14.466 7.469 14.175 14.091 7.669 16.415 14.036 6.304 14.603 14.442
5 24 -14.801 1.155 12.155 -13.721 1.834 12.403 -13.3 .342 13.347 -14.393 2.462 11.441
5 24 -13.894 -6.099 6.845 -13.199 -6.78 6.845 -12.67 -6.037 7.923 -13.052 -7.254 5.713
5 24 3.664 7.372 18.169 3.792 6.931 18.172 3.159 6.841 18.49 4.411 7.028 17.558
5 24 -8.487 -7.297 -13.137 -8.723 -7.456 -12.071 -8.774 -6.774 -12.493 -8.288 -8.43 -12.187
5 24 12.364 -8.339 -2.621 10.632 -9.095 -3.663 11.078 -8.938 -4.531 12.134 -7.979 -1.915
5 24 -2.728 16.21 15.724 -4.524 15.773 15.592 -2.746 14.722 15.728 -4.342 17.285 15.234
5 24 15.95 -3.18 4.696 16.473 -3.926 3.486 15.848 -4.435 3.944 16.989 -2.637 3.645
5 24 -15.377 6.787 .015 -16.15 6.31 -.704 -16.408 5.744 .323 -15.124 7.379 -.772
5 24 -9.095 13.965 13.874 -9.014 12.844 14.546 -8.112 13.127 14.88 -9.388 13.513 13.826
5 24 15.836 1.238 6.866 15.764 2.818 7.245 15.381 2.071 8.264 16.023 2.359 5.806
5 24 1.932 -12.28 1.796 .465 -12.159 2.551 1.949 -11.98 1.046 1.101 -12.244 3.142
5 24 -.071 19.026 13.239 -.644 18.827 15.204 .89 18.79 15.127 -2.013 18.964 13.1
5 24 .984 -11.097 11.678 -1.226 -10.785 10.968 -.382 -10.839 12.439 .371 -10.718 9.674
5 24 -7.202 -9.719 3.619 -6.999 -10.699 2.27 -6.187 -10.626 3.77 -7.478 -9.961 2.472
5 24 13.355 8.344 -.927 14.911 10.547 -2.628 15.469 7.568 -1.961 13.171 10.943 -2.129
5 24 6.384 -8.19 12.73 5.28 -8.036 12.484 6.279 -8.551 11.742 5.382 -7.92 12.919
5 24 -7.775 -7.834 11.781 -8.751 -8.197 11.881 -8.261 -7.379 12.476 -8.393 -8.383 11.213
5 24 16.851 1.637 5.129 16.087 2.277 5.664 15.984 1.436 6.147 16.059 2.699 5.237
5 24 3.422 -10.918 1.498 1.932 -12.28 1.796 2.692 -11.749 .97 3.665 -10.691 2.474
5 24 5.972 9.3 16.619 6.224 9.484 16.345 6.711 8.667 16.959 5.707 9.897 16.148
5 24 7 -10.884 -10.789 7.85 -11.635 -10.007 7.024 -12.056 -10.087 7.602 -10.112 -10.69
5 24 -7.248 -7.111 15.464 -8.574 -5.011 14.741 -7.206 -5.749 16.309 -8.673 -5.744 14.026
5 24 -2.556 18.201 14.997 -2.643 17.16 15.139 -2.154 17.569 15.257 -3.611 18.125 14.988
5 24 -11.076 -5.871 14.288 -12.344 -4.266 13.852 -10.573 -4.937 15.365 -12.017 -5.372 13.303
5 24 11.493 -8.172 -6.097 10.931 -10.45 -7.585 11.348 -10.011 -7.832 9.567 -9.226 -4.5
5 24 -3.15 -4.19 -16.463 -3.248 -5.084 -15.959 -5.05 -4.256 -15.615 -2.187 -4.706 -15.586
5 24 -13.201 4.389 13.804 -12.911 3.545 14.094 -13.548 3.276 13.505 -11.637 4.866 14.027
5 24 8.397 -10.321 -10.196 8.483 -11.327 -9.46 8.352 -11.299 -9.771 9.092 -9.857 -9.11
5 24 -3.729 7.381 18.071 -2.038 8.518 18.827 -3.483 9.433 17.367 -2.667 6.418 18.202
5 24 5.531 -4.348 17.281 6.282 -5.825 15.789 7.368 -4.299 17.862 5.019 -5.148 16.24
5 24 -1.913 -13.444 -9.722 -2.796 -12.679 -7.929 -1.95 -12.943 -7.065 -2.782 -12.968 -9.906
5 24 14.958 1.293 11.285 14.618 .019 10.689 14.924 .552 9.667 14.542 .601 11.384
5 24 8.784 -10.356 -4.144 8.679 -10.579 -5.325 9.567 -9.226 -4.5 7.993 -11.181 -4.178
5 24 3.398 4.129 19.759 5.362 4.663 19.303 4.216 3.481 19.758 4.123 5.719 19.331
5 24 -.197 -13.64 -9.007 .757 -13.073 -9.081 -.321 -13.525 -9.775 .27 -13.4 -8.524
5 24 4.425 -12.89 -3.413 5.353 -11.364 -3.084 5.095 -12.714 -4.083 4.235 -12.518 -2.871
2 24 -6.851 -6.564 -14.384 -7.821 -6.28 -14.026
5 24 2.798 -9.997 8.153 3.469 -10.564 9.423 3.539 -10.204 8.126 2.188 -10.228 9.041
5 24 6.063 -9.23 10.478 4.795 -10.423 9.87 4.446 -10.434 11.413 5.556 -8.782 7.73
5 24 -8.502 -10.22 -9.103 -8.596 -11.023 -8.76 -9.261 -10.199 -8.959 -8.023 -10.673 -9.157
5 24 -7.132 -10.559 -11.867 -6.626 -11.019 -11.088 -7.266 -10.889 -11.256 -5.81 -10.344 -11.722
5 24 -3.676 12.215 17.197 -3.483 9.433 17.367 -4.471 10.432 17.095 -2.32 10.819 17.472
5 24 6.567 -9.067 6.544 5.638 -10.214 6.773 5.914 -10.392 6.26 6.177 -8.976 7.023
5 24 -13.678 -7.607 .611 -13.343 -7.022 -.407 -14.366 -6.531 .756 -12.761 -8.233 .192
5 24 -13.317 -1.984 12.536 -12.344 -4.266 13.852 -13.429 -2.121 12.042 -12.222 -3.046 14.566
5 24 -13.267 -5.913 8.946 -14.016 -4.614 7.669 -14.032 -5.158 9.342 -12.67 -6.037 7.923
5 24 3.708 10.583 16.454 5.053 9.526 16.184 4.474 10.907 16.338 4.287 9.027 16.389
5 24 -4.626 -13.197 -10.763 -5.158 -12.96 -10.444 -4.615 -13.004 -9.518 -5.48 -12.504 -11.246
5 24 3.6 -12.46 -2.465 4.425 -12.89 -3.413 3.538 -13.209 -4.205 4.235 -12.518 -2.871
5 24 2.178 -13.437 -7.928 1.162 -13.898 -7.593 2.375 -13.282 -6.427 1.599 -13.525 -8.426
5 24 -3.475 -11.706 -12.46 -3.072 -11.399 -13.618 -4.144 -11.197 -13.668 -2.311 -11.513 -12.24
5 24 -13.86 -6.53 -4.749 -13.231 -7.06 -4.057 -13.884 -6.072 -4.177 -13.462 -7.236 -4.759
5 24 -9.223 -10.001 -6.384 -9.223 -10.065 -6.73 -8.293 -10.939 -6.34 -9.908 -8.575 -6.908
5 24 7.11 -11.389 -3.436 5.895 -11.986 -4.203 7.993 -11.181 -4.178 5.353 -11.364 -3.084
5 24 13.733 -5.884 -4.838 15.391 -4.917 -5.304 13.942 -5.417 -5.807 15.678 -4.947 -4.561
5 24 -7.821 -6.28 -14.026 -8.472 -5.19 -13.472 -8.683 -5.548 -12.994 -8.302 -4.759 -13.812
5 24 8.294 2.933 16.797 9.337 1.159 18.069 7.405 2.607 17.458 8.709 3.002 16.627
5 24 -6.144 -10.862 -6.547 -6.982 -11.595 -7.441 -7.233 -11.089 -6.47 -6.276 -11.368 -7.581
5 24 -12.344 -4.266 13.852 -12.222 -3.046 14.566 -13.317 -1.984 12.536 -10.718 -3.634 15.783
5 24 -9.607 12.486 13.2 -10.338 12.853 12.708 -9.554 13.909 13.74 -9.827 12.233 12.997
5 24 10.732 -7.173 5.431 12.744 -7.456 4.424 11.672 -6.509 6.098 11.212 -7.578 4.141
5 24 14.853 2.409 -7.556 14.091 3.021 -8.171 14.538 3.554 -7.914 13.567 2.416 -8.285
5 24 -8.599 -11.262 -5.474 -7.823 -11.4 -5.646 -7.447 -11.644 -4.751 -8.293 -10.939 -6.34
5 24 -14.049 7.647 9.771 -13.907 7.315 10.283 -14.317 6.788 9.685 -13.088 8.884 9.466
5 24 17.972 -.497 2.14 18.033 .503 1.155 18.121 -.144 1.408 17.304 1.517 2.805
5 24 -6.999 -10.699 2.27 -7.865 -9.873 1.326 -7.478 -9.961 2.472 -7.36 -10.564 .667
5 24 .101 -11.101 8.56 .98 -11.163 8.017 1.202 -10.767 9.021 -.309 -11.34 7.095
5 24 -5.863 -12.568 -2.329 -5.564 -12.672 -3.11 -5.56 -12.803 -2.701 -6.069 -12.182 -3.076
5 24 7.411 -.758 -13.296 8.738 -1.417 -12.188 8.187 -.164 -11.804 7.97 -1.515 -13.075
5 24 -5.81 -10.344 -11.722 -6.341 -9.587 -12.379 -6.004 -9.683 -12.33 -7.132 -10.559 -11.867
5 24 -.455 -13.506 -4.213 -1.141 -13.459 -4.043 -.308 -13.56 -3.224 -.392 -12.757 -5.246
5 24 -8.302 -4.759 -13.812 -7.821 -6.28 -14.026 -8.472 -5.19 -13.472 -7.232 -4.564 -14.965
5 24 10.365 1.182 -10.231 12.361 1.657 -8.562 12.23 1.213 -9.703 9.9681 3 -8.0315
5 24 -.745 -6.025 17.842 -1.92 -4.614 18.326 .257 -4.715 17.755 -2.436 -5.679 18.038
5 24 9.188 5.701 16.396 8.744 6.156 16.4 8.546 5.731 16.587 9.08 6.515 16.12
5 24 .802 -3.918 18.591 .904 -4.174 18.306 1.241 -3.837 18.558 .257 -4.715 17.755
5 24 -6.61 17.469 13.957 -6.418 16.469 13.977 -7.49 16.964 13.704 -6.096 17.358 14.263
5 24 13.968 -4.746 -7.737 13.703 -4.252 -9.4 13.087 -5.44 -8.894 14.152 -3.072 -8.613
5 24 -6.004 -9.683 -12.33 -5.605 -10.055 -12.384 -5.81 -10.344 -11.722 -4.812 -8.757 -13.907
5 24 8.034 13.087 14.149 9.404 11.105 13.858 9.019 13.595 13.818 8.47 11.195 14.174
2 24 16.158 -3.181 -2.633 16.431 -2.715 -3.258
5 24 -8.158 -9.83 -11.766 -9.102 -9.29 -11.096 -9.084 -8.836 -11.246 -8.265 -10.336 -11.194
5 24 -1.141 -13.459 -4.043 -1.336 -13.373 -3.227 -1.906 -12.893 -4.82 -.308 -13.56 -3.224
5 24 5.226 -2.974 18.371 4.991 -1.661 18.546 4.652 -1.818 19.37 5.369 -1.504 18.047
5 24 -4.358 -9.312 12.663 -5.398 -8.155 11.418 -4.883 -8.838 11.295 -5.406 -8.464 13.419
5 24 10.321 -4.497 -12.336 9.59 -4.133 -12.504 9.839 -3.425 -12.072 8.974 -4.991 -12.487
5 24 -15.105 8.773 -3.932 -15.338 7.32 -4.747 -14.794 8.474 -5.024 -15.468 7.646 -3.526
5 24 -15.761 5.11 7.062 -15.902 4.533 7.683 -14.701 5.201 8.461 -16.376 2.267 3.873
5 24 -15.865 -3.397 -5.173 -16.096 -3.307 -4.646 -15.908 -2.812 -5.294 -15.725 -4.165 -5.141
5 24 9.949 4.844 16.133 9.766 6.172 15.904 9.188 5.701 16.396 10.543 5.385 15.501
5 24 4.787 -3.101 19.564 3.123 -3.153 19.834 4.652 -1.818 19.37 4.784 -4.199 19.009
5 24 -4.051 -11.55 -.435 -2.855 -11.844 .833 -3.832 -12.024 -.592 -3.846 -10.888 .785
5 24 -14.094 -4.526 -8.382 -13.867 -5.737 -6.619 -13.365 -5.974 -7.174 -15.009 -4.664 -6.957
5 24 -8.393 -8.383 11.213 -7.775 -7.834 11.781 -8.751 -8.197 11.881 -7.06 -7.857 10.566
5 24 13.855 -6.099 5.076 13.058 -7.232 4.634 13.718 -7.101 4.358 12.271 -6.232 5.952
5 24 15.391 -4.917 -5.304 15.678 -4.947 -4.561 13.733 -5.884 -4.838 16.114 -3.627 -4.627
5 24 .257 -4.715 17.755 1.072 -5.546 16.828 -.745 -6.025 17.842 .61 -4.689 17.669
5 24 -7.889 2.19 19.004 -6.836 3.404 17.791 -5.931 2.323 17.892 -7.407 4.286 17.538
5 24 1.882 -.047 19.77 1.182 .18 19.798 .683 -.91 19.239 1.63 1.193 19.88
5 24 -1.321 -2.512 -14.811 -1.221 -3.321 -15.73 -.556 -2.85 -15.441 -1.986 -3.597 -15.853
5 24 -10.595 15.839 11.334 -9.654 17.776 11.955 -11.081 17 10.656 -9.6 16.765 12.358
5 24 -3.832 -12.024 -.592 -2.907 -12.78 .113 -2.855 -11.844 .833 -3.391 -12.382 -1.069
5 24 -3.504 -13.112 -4.777 -3.181 -13.5 -5.145 -2.239 -13.033 -5.089 -4.298 -13.446 -5.032
5 24 8.18 -7.126 -13.857 9.049 -7.092 -13.308 8.947 -6.364 -13.46 8.842 -7.592 -13.284
5 24 2.148 -5.078 17.985 .61 -4.689 17.669 1.072 -5.546 16.828 1.172 -4.385 18.204
5 24 -10.818 -8.951 -10.998 -11.141 -8.689 -10.739 -10.651 -8.957 -8.805 -10.859 -7.835 -10.981
5 24 -14.478 -6.108 -1.319 -13.343 -7.022 -.407 -13.994 -6.035 -.263 -13.681 -7.772 -1.827
5 24 -7.821 -6.28 -14.026 -7.559 -6.801 -14.134 -8.683 -5.548 -12.994 -6.851 -6.564 -14.384
5 24 13.942 -5.417 -5.807 13.364 -7.004 -7.357 13.733 -5.884 -4.838 14.008 -5.037 -6.997
5 24 -8.673 -5.744 14.026 -7.248 -7.111 15.464 -8.574 -5.011 14.741 -7.323 -7.742 14.535
5 24 -.706 -1.157 -14.713 .271 -2.254 -15.417 -.673 -.011 -14.292 -.349 -2.55 -15.317
5 24 5.503 -7.236 -14.18 6.208 -7.483 -13.648 6.092 -6.866 -13.593 5.215 -7.768 -14.621
5 24 -11.141 -8.689 -10.739 -10.859 -7.835 -10.981 -10.818 -8.951 -10.998 -11.363 -8.438 -10.125
5 24 -6.698 5.26 18.958 -6.097 4.037 18.673 -6.962 4.672 18.161 -3.159 3.765 19.219
5 24 13.215 1.253 12.517 12.59 2.166 14.638 13.093 2.966 12.147 12.414 -.561 14.034
5 24 13.689 6.362 11.555 13.78 5.194 11.61 13.126 6.529 12.371 13.824 6.013 10.333
5 24 10.657 -4.87 13.977 11.596 -4.11 14.076 11.401 -5.154 13.633 10.864 -3.75 14.553
5 24 -3.192 -12.48 -4.089 -1.906 -12.893 -4.82 -2.626 -12.216 -3.8 -2.239 -13.033 -5.089
5 24 9.86 1.022 -10.622 9.231 .637 -11.236 7.953 1.148 -11.401 10.365 1.182 -10.231
5 24 4.703 -12 -6.733 4.616 -12.423 -6.13 3.367 -11.994 -6.002 5.594 -11.884 -6.245
5 24 6.868 -2.85 -14.135 7.135 -1.731 -13.507 8.095 -2.67 -14.146 6.177 -2.684 -13.85
5 24 -11.652 10.328 13.401 -11.531 12.378 12.282 -12.213 10.128 12.665 -10.955 12.29 12.882
5 24 -4.981 -7.148 15.779 -4.155 -6.825 15.785 -4.734 -7.53 15.034 -4.308 -6.48 16.125
5 24 2.16 -11.904 .68 3.067 -12.61 -.046 2.692 -11.749 .97 1.933 -12.272 -.728
5 24 -15.703 7.124 -2.721 -15.951 4.962 -1.726 -15.458 4.399 -3.671 -15.964 6.911 -1.817
5 24 -7.765 -4.853 17.612 -9.306 -3.914 15.688 -8.872 -3.381 18.082 -7.206 -5.749 16.309
5 24 5.226 -2.974 18.371 5.709 -3.327 17.852 5.086 -4.43 17.644 5.369 -1.504 18.047
5 24 1.735 -12.135 -1.97 .868 -13.251 -2.922 2.261 -11.952 -2.737 .563 -13.23 -2.441
5 24 8.687 -9.093 -1.84 8.439 -10.263 -2.907 9.491 -9.03 -3.545 8.002 -9.716 -1.776
5 24 8.852 -8.038 -11.761 10.361 -7.932 -10.639 10.139 -8.74 -10.776 9.506 -6.928 -11.352
5 24 -6.682 -11.446 -1.449 -7.523 -11.501 -.957 -6.202 -11.019 -.616 -7.694 -11.535 -1.47
5 24 12.414 -.561 14.034 13.215 1.253 12.517 13.181 .026 12.502 12.59 2.166 14.638
5 24 -5.102 -3.214 18.559 -5.881 -4.399 18.455 -6.336 -3 18.918 -4.347 -4.234 17.009
5 24 9.08 6.515 16.12 8.175 7.195 15.763 9.102 7.485 15.249 7.916 6.609 16.293
5 24 1.882 -.047 19.77 1.63 1.193 19.88 2.467 .401 19.759 1.182 .18 19.798
5 24 -2.184 -12.076 3.858 -2.614 -12.074 3.391 -2.324 -12.085 3.332 -2.734 -12.033 3.658
5 24 -6.276 -11.368 -7.581 -5.729 -11.4 -7.362 -5.233 -11.17 -8.507 -6.144 -10.862 -6.547
5 24 12.889 3.104 -8.291 10.1268 5.263 -7.7939 12.992 4.207 -8.285 12.561 1.924 -8.406
5 24 -7.132 -10.559 -11.867 -8.158 -9.83 -11.766 -8.265 -10.336 -11.194 -7.221 -9.312 -12.599
5 24 -12.219 -8.619 -2.483 -10.547 -8.442 -1.88 -12.365 -8.629 -1.969 -11.693 -8.414 -3.26
5 24 -2.184 -12.076 3.858 -2.324 -12.085 3.332 -1.873 -12.056 3.634 -2.614 -12.074 3.391
5 24 11.283 -7.83 -8.608 10.361 -7.932 -10.639 10.868 -8.536 -8.986 11.228 -6.524 -9.452
5 24 9.188 5.701 16.396 9.08 6.515 16.12 8.744 6.156 16.4 9.766 6.172 15.904
5 24 -8.951 1.131 18.901 -8.672 .131 18.708 -8.277 .835 19.2 -9.862 .172 17.403
5 24 3.665 -10.691 2.474 2.396 -11.255 4.086 2.848 -10.542 4.116 2.097 -11.856 3.74
5 24 -13.149 9.459 -1.649 -14.693 9.079 -1.643 -13.276 8.529 -1.184 -14.227 10.541 -2.115
5 24 1.711 -10.135 10.2 .984 -11.097 11.678 2.163 -9.989 10.884 .371 -10.718 9.674
5 24 4.382 -13.396 -10.657 2.976 -13.585 -11.205 4.154 -11.932 -11.86 2.342 -14.155 -9.24
5 24 .221 3.256 19.79 .423 2.653 19.46 -.709 3.367 19.823 1.093 3.215 19.419
5 24 -15.267 5.941 -5.526 -15.392 6.034 -4.803 -15.289 4.471 -5.064 -15.145 6.783 -5.671
5 24 8.358 -8.711 11.23 6.558 -8.647 11.111 6.798 -8.49 10.557 6.384 -8.19 12.73
5 24 15.334 4.672 -4.383 15.121 3.575 -7.236 14.993 5.049 -6.353 15.715 2.083 -5.875
5 24 7.339 7.437 17.333 6.384 6.925 17.913 6.711 8.667 16.959 6.953 6.092 17.079
5 24 -9.248 -1.907 16.677 -9.285 -.476 17.487 -10.6 -1.18 17.207 -8.519 -1.309 17.196
5 24 10.952 -6.421 9.291 11.933 -6.197 11.231 12.523 -5.86 10.794 10.126 -6.49 10.271
5 24 15.531 6.115 2.301 13.134 7.401 2.511 15.12 6.775 3.805 13.385 7.419 .507
5 24 -10.989 5.444 15.795 -10.677 6.122 16.175 -10.384 5.324 16.87 -11.688 5.4 13.496
5 24 -4.347 -13.018 -2.25 -4.255 -12.802 -1.604 -3.391 -12.382 -1.069 -4.963 -12.857 -1.8
5 24 1.056 -12.651 -4.802 .668 -13.349 -3.875 2.034 -12.052 -3.718 -.392 -12.757 -5.246
5 24 14.04 4.995 -7.406 14.538 3.554 -7.914 12.992 4.207 -8.285 15.121 3.575 -7.236
5 24 .509 17.857 15.552 .725 18.069 15.414 1.086 17.393 15.381 -.629 18.518 15.458
5 24 2.111 -9.379 -13.882 4.671 -9.905 -13.444 4.022 -8.567 -14.954 2.268 -9.725 -13.456
5 24 -8.966 -9.568 -10.685 -9.925 -9.585 -10.654 -9.102 -9.29 -11.096 -9.405 -9.87 -9.31
5 24 -2.827 -9.426 13.345 -1.83 -9.153 12.929 -3.224 -9.622 12.196 -2.254 -8.918 14.099
5 24 16.851 1.637 5.129 15.984 1.436 6.147 16.813 .466 5.3 16.087 2.277 5.664
5 24 -16.231 -3.552 -2.889 -16.186 -3.657 -3.128 -16.363 -3.057 -3.393 -15.801 -4.494 -2.812
5 24 -.314 -2.011 19.706 1.297 -1.575 19.091 .683 -.91 19.239 1.582 -2.801 18.964
5 24 -11.755 -.983 16.853 -9.862 .172 17.403 -10.399 1.109 16.566 -10.6 -1.18 17.207
5 24 6.626 -10.368 -12.363 6.958 -10.856 -11.208 6.743 -11.093 -11.668 7.616 -9.951 -10.873
5 24 2.363 1.687 19.846 2.67 .984 19.775 1.63 1.193 19.88 4.591 1.719 18.902
5 24 .333 -13.577 -6.014 -.577 -13.006 -6.456 -.392 -12.757 -5.246 .403 -13.799 -6.842
5 24 5.215 -7.768 -14.621 4.671 -9.905 -13.444 5.867 -9.03 -13.075 4.022 -8.567 -14.954
5 24 -10.372 -6.002 14.348 -11.076 -5.871 14.288 -10.018 -6.036 13.888 -10.573 -4.937 15.365
5 24 2.976 -13.585 -11.205 2.032 -12.741 -12.041 4.154 -11.932 -11.86 .996 -13.252 -11.522
5 24 -7.379 -8.014 9.533 -8.677 -8.337 10.074 -7.06 -7.857 10.566 -8.531 -8.294 9.068
5 24 3.123 8.213 18.839 3.159 6.841 18.49 2.424 8.092 18.996 3.664 7.372 18.169
5 24 4.922 -10.58 -13.319 5.128 -11.283 -12.726 6.626 -10.368 -12.363 3.55 -10.793 -12.605
5 24 -2.254 -3.33 -15.884 -2.7 -3.554 -16.269 -1.986 -3.597 -15.853 -3.215 -2.093 -15.747
5 24 -1.111 -11.838 1.513 -.874 -10.856 2.271 .001 -11.587 1.589 -1.81 -11.461 1.952
5 24 -7.823 -11.4 -5.646 -7.374 -11.193 -5.999 -6.937 -11.495 -4.988 -8.293 -10.939 -6.34
5 24 9.814 3.945 15.738 9.431 4.337 16.411 9.949 4.844 16.133 9.238 3.079 16.242
5 24 -8.277 .835 19.2 -7.524 .765 19.207 -7.785 .332 19.146 -7.55 1.49 19.18
5 24 -16.286 4.427 -.556 -16.933 5.227 .946 -16.408 5.744 .323 -17.109 2.166 1.208
5 24 -9.414 14.746 13.829 -8.801 14.417 13.921 -9.095 13.965 13.874 -8.985 15.503 13.841
5 24 -10.039 -8.802 5.832 -11.021 -8.072 6.766 -10.723 -8.049 5.683 -10.075 -8.996 7.132
5 24 -3.759 -10.56 1.6 -4.805 -11.145 2.42 -4.34 -11.027 1.13 -4.072 -10.675 2.708
5 24 -.683 -9.488 13.478 .519 -9.73 13.434 -.246 -8.318 14.069 -.382 -10.839 12.439
5 24 -13.105 -3.112 -10.292 -12.889 -2.982 -10.475 -12.523 -.883 -9.733 -12.05 -4.139 -10.372
5 24 -11.635 -1.952 -11.046 -10.536 -.779 -11.914 -11.204 -2.537 -12.064 -11.622 -.636 -9.851
5 24 3.859 -10.899 6.66 3.62 -11.064 5.954 5.008 -11.123 5.213 2.484 -10.188 7.262
5 24 -16.993 -1.359 4.939 -16.548 -1.862 5.881 -16.19 -2.908 5.869 -16.895 .157 6.079
5 24 -7.01 -10.906 5.802 -6.669 -10.45 6.689 -8.411 -9.067 5.627 -5.47 -11.269 6.593
5 24 14.919 -5.491 6.66 14.091 -5.959 5.61 15.597 -4.802 5.527 13.291 -6.176 6.749
5 24 .936 -9.322 -15.13 -.025 -9.195 -15.537 .422 -8.061 -16.12 -.01 -10.039 -14.823
5 24 -11.756 -7.316 4.685 -13.052 -7.254 5.713 -13.182 -6.71 3.57 -11.601 -7.382 6.467
5 24 -1.779 -3.423 19.419 -2.9 -2.378 19.394 -1.249 -1.256 19.649 -3.825 -3.336 17.592
5 24 -5.102 -3.214 18.559 -4.347 -4.234 17.009 -3.825 -3.336 17.592 -5.881 -4.399 18.455
5 24 -14.266 -5.738 -5.059 -15.496 -5.291 -4.439 -14.279 -5.752 -3.559 -15.339 -5.194 -4.982
5 24 -1.221 -3.321 -15.73 -2.187 -4.706 -15.586 -1.986 -3.597 -15.853 -1.084 -5.448 -16.026
5 24 6.953 6.092 17.079 7.019 5.143 16.647 6.681 5.055 17.003 7.567 6.07 16.577
5 24 15.451 5.212 -3.775 15.872 6.026 -.071 16.09 3.451 -2.842 15.469 7.568 -1.961
5 24 -12.761 -8.233 .192 -13.678 -7.607 .611 -13.343 -7.022 -.407 -12.588 -8.288 2.325
5 24 8.679 -10.579 -5.325 7.993 -11.181 -4.178 8.784 -10.356 -4.144 8.249 -10.795 -5.665
5 24 3.605 12.981 15.469 4.226 15.793 15.702 4.722 14.175 15.176 3.71 16.992 15.729
5 24 -13.267 -5.913 8.946 -12.748 -6.02 9.557 -14.032 -5.158 9.342 -12.168 -6.19 8.73
5 24 5.008 -11.123 5.213 3.991 -10.014 3.822 3.134 -10.187 4.502 5.616 -10.725 4.113
5 24 -4.177 -13.658 -6.37 -5.433 -11.94 -6.953 -5.237 -12.796 -5.824 -4.276 -12.471 -7.846
5 24 -4.97 -12.653 -11.491 -5.48 -12.504 -11.246 -4.545 -11.498 -12.228 -4.626 -13.197 -10.763
5 24 -13.693 4.651 13.086 -13.161 6.054 12.036 -13.051 5.026 13.427 -14.065 4.586 12.468
5 24 -10.384 5.324 16.87 -9.552 6.109 17.184 -9.622 5.026 17.433 -10.677 6.122 16.175
5 24 -1.275 -10.07 12.633 -1.83 -9.153 12.929 -2.224 -9.523 11.726 -.683 -9.488 13.478
5 24 -9.698 -9.534 -2.941 -10.641 -8.382 -3.486 -10.132 -9.707 -4.474 -10.187 -8.503 -2.831
5 24 -14.754 9.771 -4.892 -15.105 8.773 -3.932 -14.866 10.364 -3.477 -14.794 8.474 -5.024
5 24 -1.91 -11.335 -13.014 -2.62 -10.674 -14.234 -3.072 -11.399 -13.618 -1.433 -9.921 -14.172
5 24 11.942 -5.752 12.786 11.434 -6.148 12.5 12.173 -5.908 12.045 11.31 -5.808 13.167
5 24 -14.352 -5.284 3.545 -14.119 -5.975 3.307 -14.083 -5.928 3.595 -14.669 -5.062 2.686
5 24 7.264 .677 -12.468 6.4612 2.4691 -10.5687 7.953 1.148 -11.401 4.7492 2.2178 -11.4652
5 24 16.059 2.699 5.237 16.023 2.359 5.806 16.087 2.277 5.664 15.849 3.071 5.962
5 24 -4.636 -7.687 -15.236 -2.996 -7.113 -16.061 -4.615 -6.524 -15.297 -3.011 -7.997 -15.747
5 24 2.344 10.262 17.987 3.452 9.963 17.539 3.399 9.182 18.288 3.708 10.583 16.454
5 24 -9.405 -9.87 -9.31 -8.966 -9.568 -10.685 -8.381 -9.788 -9.493 -9.925 -9.585 -10.654
5 24 -5.568 -12.186 1.065 -5.28 -12.157 1.422 -6.095 -12.207 1.793 -4.86 -11.366 .378
5 24 -4.361 1.881 19.512 -3.817 .133 19.661 -4.878 1.458 19.296 -3.107 .207 19.805
5 24 -4.81 -10.071 10.472 -3.888 -9.395 10.998 -3.778 -10.269 9.926 -4.478 -9.248 11.234
5 24 10.823 8.437 13.638 11.476 9.347 11.83 11.424 7.654 12.713 10.232 9.822 14.065
5 24 -8.112 13.127 14.88 -6.665 12.472 15.301 -5.931 14.358 14.701 -7.7 11.772 15.254
5 24 -3.611 18.125 14.988 -4.342 17.285 15.234 -5.142 17.879 14.625 -2.643 17.16 15.139
5 24 -10.228 -8.696 -6.332 -10.676 -8.139 -7.671 -11.47 -7.939 -7.621 -9.908 -8.575 -6.908
5 24 -15.893 1.336 -3.562 -16.379 3.082 -2.216 -15.981 2.8 -3.698 -16.476 .61 -1.793
5 24 -2.826 -7.574 15.379 -3.512 -6.706 16.938 -1.866 -7.782 16.534 -4.155 -6.825 15.785
5 24 14.04 4.995 -7.406 15.121 3.575 -7.236 14.538 3.554 -7.914 14.993 5.049 -6.353
5 24 -14.516 4.868 -6.624 -13.917 3.929 -7.705 -14.543 3.206 -7.452 -14.347 5.157 -6.83
5 24 .682 10.239 17.276 1.396 9.658 18.254 1.02 8.819 17.977 1.147 10.625 17.422
5 24 -13.09 .489 -9.452 -12.523 -.883 -9.733 -11.678 .344 -9.603 -13.937 -.365 -9.027
5 24 12.186 -7.472 2.121 13.58 -7.373 3.063 12.655 -7.694 3.699 12.897 -7.202 1.854
5 24 -11.156 -3.636 -11.361 -11.204 -2.537 -12.064 -10.984 -3.694 -11.758 -11.635 -1.952 -11.046
5 24 4.446 -10.434 11.413 5.64 -9.261 11.584 3.73 -9.172 11.97 6.063 -9.23 10.478
5 24 -2.057 -11.899 4.392 -2.213 -11.266 5.061 -2.95 -11.517 4.394 -1.417 -11.472 4.665
5 24 9.439 -6.026 -12.262 10.849 -5.449 -11.975 9.506 -6.928 -11.352 8.974 -4.991 -12.487
5 24 8.573 16.542 13.02 8.825 17.594 12.593 7.901 16.941 13.626 9.22 15.809 12.42
5 24 7.8 -9.396 7.131 9.36 -9.32 7.672 8.47 -8.797 9.096 9.748 -8.489 5.832
5 24 3.538 -13.209 -4.205 5.095 -12.714 -4.083 4.196 -13.032 -5.155 4.425 -12.89 -3.413
5 24 -13.956 1.548 -7.879 -12.726 2.959 -8.331 -12.182 1.672 -8.498 -14.543 3.206 -7.452
5 24 -1.141 -13.459 -4.043 -1.906 -12.893 -4.82 -1.145 -12.323 -5.694 -1.336 -13.373 -3.227
5 24 .861 -10.352 5.287 -.309 -11.34 7.095 -.855 -10.788 5.355 1.211 -10.802 6.503
5 24 -13.462 -7.236 -4.759 -13.86 -6.53 -4.749 -13.974 -6.405 -5.667 -13.231 -7.06 -4.057
5 24 -12.791 -4.602 -9.466 -13.451 -2.89 -10.019 -13.704 -2.89 -9.659 -13.105 -3.112 -10.292
5 24 .519 -9.73 13.434 -.246 -8.318 14.069 -.683 -9.488 13.478 .964 -8.071 14.031
5 24 9.839 -3.425 -12.072 10.664 -2.491 -12.263 10.896 -2.89 -12.101 9.435 -2.418 -12.398
5 24 -8.108 -8.195 -13.366 -6.73 -7.371 -14.357 -7 -8.82 -13.759 -7.559 -6.801 -14.134
5 24 11.31 -5.808 13.167 11.434 -6.148 12.5 10.208 -6.057 12.883 11.942 -5.752 12.786
5 24 16.105 3.252 2.754 15.827 3.657 4.241 15.98 3.989 2.842 16.015 2.979 4.7
5 24 5.972 9.3 16.619 5.053 9.526 16.184 5.707 9.897 16.148 4.429 8.066 16.996
5 24 -15.893 1.336 -3.562 -16.476 .61 -1.793 -16.324 .456 -2.74 -16.379 3.082 -2.216
5 24 -14.516 4.868 -6.624 -15.258 3.317 -6.424 -14.543 3.206 -7.452 -15.151 4.536 -5.74
5 24 -8.039 6.8 17 -9.314 6.844 16.931 -8.322 5.886 17.365 -8.352 7.398 16.179
5 24 -10.075 -9.59 -1.364 -10.09 -9.692 -.857 -9.685 -10.438 -1.603 -10.643 -8.176 -.513
5 24 -13.612 -7.693 -2.669 -13.681 -7.772 -1.827 -12.809 -8.425 -2.358 -14.478 -6.108 -1.319
5 24 7.397 -3.824 -14.178 8.393 -3.646 -14.028 7.164 -3.292 -14.259 7.487 -4.624 -13.798
5 24 7.156 -8.145 9.674 8.47 -8.797 9.096 6.813 -9.031 7.84 8.343 -8.076 9.954
5 24 12.652 .756 -9.647 12.38 .002 -10.637 13.362 -.507 -9.116 12.124 .97 -10.331
5 24 4.024 -5.563 16.608 3.561 -5.087 18.188 5.019 -5.148 16.24 2.929 -5.791 16.92
5 24 -.507 -13.459 -10.124 -.495 -12.912 -11.112 -.943 -13.419 -10.4 .392 -12.774 -10.89
5 24 1.202 -10.767 9.021 1.955 -10.287 9.599 2.188 -10.228 9.041 1.711 -10.135 10.2
5 24 2.834 -12.544 -3.891 2.105 -11.783 -4.363 2.034 -12.052 -3.718 2.886 -12.119 -5.388
5 24 -11.021 -8.072 6.766 -11.301 -7.624 7.834 -11.601 -7.382 6.467 -10.075 -8.996 7.132
5 24 -4.524 15.773 15.592 -6.418 16.469 13.977 -4.342 17.285 15.234 -5.931 14.358 14.701
5 24 17.261 1.678 .658 18.033 .503 1.155 17.602 .607 .318 17.289 1.973 1.211
5 24 10.931 -10.45 -7.585 10.035 -9.638 -9.191 8.93 -10.382 -8.572 11.348 -10.011 -7.832
5 24 -14.731 -3.797 8.722 -16.088 -2.789 7.114 -16.104 -2.495 7.912 -14.016 -4.614 7.669
5 24 -6.962 4.672 18.161 -6.836 3.404 17.791 -6.097 4.037 18.673 -7.407 4.286 17.538
5 24 -15.801 -4.494 -2.812 -16.002 -4.51 -3.541 -15.393 -4.908 -2.874 -16.186 -3.657 -3.128
5 24 6.813 -9.031 7.84 6.567 -9.067 6.544 7.8 -9.396 7.131 6.177 -8.976 7.023
5 24 -12.225 -7.529 -7.482 -13.217 -7.903 -6.528 -12.901 -6.925 -7.237 -12.68 -8.237 -6.676
5 24 1.955 -10.287 9.599 2.305 -10.328 9.667 2.188 -10.228 9.041 1.711 -10.135 10.2
5 24 5.64 -9.261 11.584 5.28 -8.036 12.484 4.528 -8.625 12.251 6.279 -8.551 11.742
5 24 -7.266 -10.889 -11.256 -6.626 -11.019 -11.088 -6.682 -10.886 -9.907 -7.132 -10.559 -11.867
5 24 -.673 -.011 -14.292 -.706 -1.157 -14.713 .271 -2.254 -15.417 -1.932 -1.388 -13.897
5 24 7.164 -3.292 -14.259 6.243 -3.21 -14.657 6.868 -2.85 -14.135 7.397 -3.824 -14.178
5 24 -16.467 3.193 -1.248 -16.941 2.087 .555 -16.707 1.152 -.709 -16.286 4.427 -.556
5 24 15.74 -3.334 -5.69 15.353 -3.401 -6.151 15.391 -4.917 -5.304 15.491 -2.202 -5.75
5 24 -10.818 -8.951 -10.998 -9.084 -8.836 -11.246 -9.361 -7.724 -11.336 -10.356 -9.261 -11.092
5 24 -12.67 -6.037 7.923 -12.168 -6.19 8.73 -13.267 -5.913 8.946 -11.782 -6.351 7.912
5 24 -13.02 -6.419 -8.443 -13.365 -5.974 -7.174 -13.236 -5.136 -8.526 -12.901 -6.925 -7.237
5 24 -9.306 -3.914 15.688 -10.573 -4.937 15.365 -8.574 -5.011 14.741 -10.718 -3.634 15.783
5 24 -4.019 -2.171 18.332 -4.431 -2.532 18.32 -4.391 -1.615 18.391 -3.96 -2.789 18.173
5 24 13.027 -7.855 -4.383 14.333 -5.622 -2.94 12.697 -7.446 -5.49 12.364 -8.339 -2.621
5 24 8.744 6.156 16.4 8.546 5.731 16.587 7.893 5.775 16.583 9.188 5.701 16.396
5 24 16.896 -1.54 5.577 15.884 -3.153 5.707 15.95 -3.18 4.696 16.742 -1.762 6.667
5 24 7.411 -.758 -13.296 8.187 -.164 -11.804 7.123 -.015 -13.079 8.738 -1.417 -12.188
5 24 -9.671 2.35 17.863 -7.889 2.19 19.004 -8.648 3.192 18.335 -8.951 1.131 18.901
5 24 5.559 -12.192 -10.132 4.741 -12.122 -11.403 5.325 -11.544 -10.749 4.382 -13.396 -10.657
5 24 -12.213 10.128 12.665 -12.051 12.102 10.229 -11.531 12.378 12.282 -12.533 10.259 10.215
5 24 -15.467 -5.589 -.877 -13.994 -6.035 -.263 -14.701 -5.507 .238 -14.478 -6.108 -1.319
5 24 -12.622 -8.523 -1.653 -12.365 -8.629 -1.969 -12.013 -8.161 -.575 -12.809 -8.425 -2.358
5 24 12.929 -5.457 11.431 13.584 -4.265 10.064 12.523 -5.86 10.794 13.499 -3.552 10.923
5 24 -9.597 -10.513 -5.331 -8.599 -11.262 -5.474 -9.223 -10.001 -6.384 -9.025 -10.99 -4.338
5 24 16.604 2.504 .576 16.962 1.156 -.302 16.395 1.645 -.768 17.261 1.678 .658
5 24 7.341 -11.736 -6.836 6.372 -12.405 -8.622 5.594 -11.884 -6.245 8.061 -11.776 -8.124
5 24 -16.548 -1.862 5.881 -16.088 -2.789 7.114 -16.104 -2.495 7.912 -16.19 -2.908 5.869
5 24 16.892 -.552 -2.865 17.119 .203 -.669 16.292 .907 -1.284 17.074 -2.108 -2.454
5 24 7.953 1.148 -11.401 6.4612 2.4691 -10.5687 7.264 .677 -12.468 7.9977 2.4691 -9.5417
5 24 -11.95 6.305 13.413 -12.505 5.895 12.86 -13.27 7.477 11.543 -11.688 5.4 13.496
5 24 8.194 -1.2 17.795 9.469 -.374 18.416 8.326 -.342 19.019 9.123 -1.23 17.38
5 24 -15.257 8.883 -3.23 -15.334 9.021 -2.229 -15.627 8.028 -1.945 -15.078 10.232 -2.413
5 24 -10.537 4.478 16.063 -10.384 5.324 16.87 -9.622 5.026 17.433 -10.989 5.444 15.795
5 24 1.174 15.115 15.884 -.379 15.35 16.854 -.201 14.267 16.756 .108 16.709 16.344
5 24 -7.559 -6.801 -14.134 -8.108 -8.195 -13.366 -6.73 -7.371 -14.357 -8.487 -7.297 -13.137
2 24 5.207 17.796 14.461 5.353 17.25 14.518
5 24 8.393 -3.646 -14.028 8.88 -2.811 -13.82 9.298 -3.287 -13.334 8.095 -2.67 -14.146
5 24 -1.343 15.342 16.584 -1.703 13.661 16.441 -2.746 14.722 15.728 -.201 14.267 16.756
5 24 -9.014 12.844 14.546 -8.916 12.05 14.737 -9.607 12.486 13.2 -8.112 13.127 14.88
5 24 -12.901 -6.925 -7.237 -13.02 -6.419 -8.443 -13.365 -5.974 -7.174 -12.225 -7.529 -7.482
5 24 9.608 -9.952 -10.041 9.316 -9.685 -10.842 8.62 -10.145 -10.411 9.99 -9.662 -9.532
5 24 -16.204 .006 -4.723 -15.777 1.284 -4.638 -15.567 1.182 -5.604 -16.542 -.532 -3.327
5 24 10.849 -5.449 -11.975 11.777 -4.627 -10.555 11.576 -4.03 -10.777 11.228 -6.524 -9.452
5 24 7.469 14.175 14.091 9.019 13.595 13.818 8.034 13.087 14.149 8.418 15.346 13.508
5 24 -2.728 16.21 15.724 -2.154 17.569 15.257 -.967 17.298 16.028 -2.643 17.16 15.139
5 24 -2.62 -10.674 -14.234 -4.094 -10.929 -13.994 -3.072 -11.399 -13.618 -2.954 -9.321 -14.613
5 24 -15.779 2.844 -4.788 -15.777 1.284 -4.638 -15.981 2.8 -3.698 -15.611 2.19 -5.796
5 24 2.188 -10.228 9.041 1.202 -10.767 9.021 1.955 -10.287 9.599 .98 -11.163 8.017
5 24 10.248 .896 17.009 9.05 2.997 16.43 8.709 3.002 16.627 10.216 2.223 16.034
5 24 -7.093 -11.474 -8.381 -6.154 -11.382 -9.273 -6.855 -11.033 -9.49 -5.233 -11.17 -8.507
5 24 -1.141 -13.459 -4.043 -.308 -13.56 -3.224 -1.336 -13.373 -3.227 -.455 -13.506 -4.213
5 24 -17.125 -1.303 3.864 -16.961 -3.531 4.287 -16.993 -1.359 4.939 -17.25 -3.525 2.288
5 24 2.976 -13.585 -11.205 .996 -13.252 -11.522 1.777 -14.092 -10.356 2.032 -12.741 -12.041
5 24 .889 -7.627 15.281 1.244 -7.183 15.988 .142 -7.705 16.101 1.212 -7.637 15.196
5 24 -15.289 4.471 -5.064 -15.392 6.034 -4.803 -15.458 4.399 -3.671 -15.267 5.941 -5.526
5 24 -3.586 .241 -14.033 -3.526 -1.35 -14.494 -4.511 -1.264 -14.167 -2.887 .273 -13.945
5 24 -1.576 -13.126 .871 -2.855 -11.844 .833 -1.669 -12.049 1.482 -2.907 -12.78 .113
5 24 4.022 -8.567 -14.954 2.133 -7.569 -14.291 3.142 -7.277 -14.611 2.075 -8.915 -14.3
5 24 10.777 -1.397 15.964 10.195 -1.409 16.526 10.577 -1.608 16.024 11.012 .445 16.161
5 24 -13.317 11.26 8.796 -13.088 8.884 9.466 -12.533 10.259 10.215 -13.93 10.206 8.265
5 24 7.494 -5.967 -14.295 7.052 -7.496 -13.915 6.348 -5.704 -13.87 8.18 -7.126 -13.857
5 24 2.261 -11.952 -2.737 .868 -13.251 -2.922 2.034 -12.052 -3.718 1.735 -12.135 -1.97
5 24 3.669 -6.657 -14.861 3.142 -7.277 -14.611 2.955 -6.608 -15.46 3.832 -6.917 -14.658
5 24 -12.081 -4.833 -11.08 -10.697 -5.83 -12.472 -11.478 -6.745 -11.533 -10.824 -4.729 -12.344
5 24 3.539 -10.204 8.126 3.469 -10.564 9.423 4.162 -10.093 8.202 2.798 -9.997 8.153
5 24 -5.268 -11.339 -.446 -5.851 -12.154 .907 -4.86 -11.366 .378 -6.202 -11.019 -.616
5 24 -2.754 -1.312 -14.398 -3.629 -1.883 -15.279 -3.526 -1.35 -14.494 -3.215 -2.093 -15.747
5 24 16.473 -3.926 3.486 15.273 -5.117 2.727 17.103 -2.762 .404 15.848 -4.435 3.944
5 24 -4.342 17.285 15.234 -2.643 17.16 15.139 -3.611 18.125 14.988 -2.728 16.21 15.724
5 24 2.075 -8.915 -14.3 1.465 -10.201 -13.956 .936 -9.322 -15.13 2.111 -9.379 -13.882
5 24 -3.634 -8.701 14.449 -2.827 -9.426 13.345 -4.358 -9.312 12.663 -2.254 -8.918 14.099
5 24 6.384 -8.19 12.73 8.358 -8.711 11.23 8.736 -8.627 12.467 6.558 -8.647 11.111
5 24 -14.302 3.199 12.192 -13.548 3.276 13.505 -14.24 3.465 12.554 -13.148 2.588 13.422
5 24 -7.277 -4.051 18.71 -6.336 -3 18.918 -5.881 -4.399 18.455 -7.735 -2.865 18.897
5 24 -11.755 -.983 16.853 -11.162 -1.853 16.783 -11.632 -1.934 16.488 -10.6 -1.18 17.207
5 24 3.159 6.841 18.49 2.424 8.092 18.996 2.283 6.658 18.497 3.123 8.213 18.839
5 24 9.716 -7.622 12.751 8.736 -8.627 12.467 9.344 -8.199 12.365 8.788 -7.926 13.742
5 24 -13.608 -7.306 -6.392 -13.73 -6.709 -6.424 -13.974 -6.405 -5.667 -12.901 -6.925 -7.237
5 24 -13.73 -6.709 -6.424 -13.867 -5.737 -6.619 -13.974 -6.405 -5.667 -13.365 -5.974 -7.174
5 24 -11.842 -6.457 -10.788 -12.247 -5.068 -10.773 -12.355 -5.73 -9.887 -12.081 -4.833 -11.08
5 24 6.813 -9.031 7.84 5.556 -8.782 7.73 6.361 -8.732 8.98 6.177 -8.976 7.023
5 24 8.743 -9.822 4.95 7.894 -8.711 5.626 7.452 -8.905 5.378 9.748 -8.489 5.832
5 24 11.672 -6.509 6.098 12.744 -7.456 4.424 13.058 -7.232 4.634 10.732 -7.173 5.431
5 24 -17.302 -.645 -1.298 -17.188 -2.213 -1.409 -17.319 -1.966 -.65 -17.233 -.748 -1.934
5 24 12.173 -5.908 12.045 11.933 -6.197 11.231 12.929 -5.457 11.431 11.434 -6.148 12.5
5 24 -6.665 12.472 15.301 -5.21 12.462 15.322 -5.552 11.573 15.339 -5.131 13.535 15.124
5 24 4.506 -.474 18.676 4.979 .141 18.53 4.594 .242 18.742 5.082 -.622 18.301
5 24 9.435 -2.418 -12.398 9.298 -3.287 -13.334 8.88 -2.811 -13.82 9.839 -3.425 -12.072
5 24 4.671 -9.905 -13.444 4.022 -8.567 -14.954 2.111 -9.379 -13.882 5.215 -7.768 -14.621
5 24 -15.341 -3.018 -6.659 -14.59 -2.218 -7.553 -14.827 -1.923 -6.999 -14.728 -3.406 -8.324
5 24 -9.835 -6.604 -12.125 -9.227 -5.939 -12.156 -9.835 -5.318 -12.279 -9.111 -6.687 -12.131
5 24 -5.969 -8.777 -13.9 -7 -8.82 -13.759 -6.341 -9.587 -12.379 -6.73 -7.371 -14.357
2 24 -16.836 -3.188 .382 -16.536 -3.53 .887
5 24 -2.782 -12.968 -9.906 -2.796 -12.679 -7.929 -3.678 -12.042 -8.798 -1.913 -13.444 -9.722
5 24 10.632 -9.095 -3.663 9.374 -8.577 -2.483 12.364 -8.339 -2.621 9.491 -9.03 -3.545
5 24 -14.86 6.007 7.421 -15.26 7.582 5.316 -15.386 7.027 4.713 -14.276 8.971 7.494
5 24 -2.278 -11.787 2.75 -2.614 -12.074 3.391 -2.324 -12.085 3.332 -3.429 -11.218 3.043
5 24 -4.805 -11.145 2.42 -5.461 -12.125 1.989 -5.812 -11.92 2.574 -5.28 -12.157 1.422
5 24 -15.052 -.13 -6.642 -15.806 -.201 -6.044 -14.96 -1.144 -6.793 -14.985 .765 -6.606
5 24 2.163 -9.989 10.884 .984 -11.097 11.678 1.605 -10.621 12.516 1.711 -10.135 10.2
5 24 9.921 -5.582 13.665 10.84 -5.611 13.46 10.657 -4.87 13.977 10.208 -6.057 12.883
5 24 -9.014 12.844 14.546 -8.112 13.127 14.88 -8.916 12.05 14.737 -9.095 13.965 13.874
5 24 .221 3.256 19.79 1.093 3.215 19.419 .634 3.755 19.84 .423 2.653 19.46
5 24 5.207 17.796 14.461 6.195 16.856 14.41 5.353 17.25 14.518 7.901 16.941 13.626
5 24 -6.327 -5.763 16.779 -6.432 -5.334 17.732 -4.7 -4.888 16.571 -7.206 -5.749 16.309
5 24 -8.463 8.451 16.161 -7.441 9.291 16.254 -8.515 9.14 16.128 -6.769 7.692 16.048
5 24 10.171 4.29 15.429 9.949 4.844 16.133 10.543 5.385 15.501 9.814 3.945 15.738
5 24 2.1 -10.23 6.201 .861 -10.352 5.287 1.898 -9.863 5.479 1.211 -10.802 6.503
5 24 -10.651 -8.957 -8.805 -9.925 -9.585 -10.654 -9.405 -9.87 -9.31 -10.356 -9.261 -11.092
5 24 -6.341 -9.587 -12.379 -7 -8.82 -13.759 -5.969 -8.777 -13.9 -7.221 -9.312 -12.599
5 24 -5.869 -9.239 10.471 -5.398 -8.155 11.418 -7.06 -7.857 10.566 -4.883 -8.838 11.295
5 24 12.271 -6.232 5.952 14.091 -5.959 5.61 13.855 -6.099 5.076 13.291 -6.176 6.749
5 24 2.17 -4.188 18.759 2.401 -3.735 19.108 2.501 -4.636 18.802 1.241 -3.837 18.558
5 24 1.198 -13.793 -5.95 1.056 -12.651 -4.802 1.893 -13.331 -5.763 .333 -13.577 -6.014
5 24 14.494 -3.904 7.743 14.919 -5.491 6.66 13.262 -4.755 8.204 15.574 -4.716 6.347
5 24 16.459 -1.614 -3.95 17.074 -2.108 -2.454 16.431 -2.715 -3.258 16.892 -.552 -2.865
5 24 -3.475 -11.706 -12.46 -3.534 -12.492 -11.861 -4.545 -11.498 -12.228 -2.311 -11.513 -12.24
5 24 6.092 -6.866 -13.593 6.348 -5.704 -13.87 5.772 -6.15 -13.521 7.052 -7.496 -13.915
5 24 2.022 -8.859 14.168 .964 -8.071 14.031 1.212 -7.637 15.196 1.675 -9.094 13.568
5 24 -8.867 -10.526 -2.927 -9.025 -10.99 -4.338 -9.698 -9.534 -2.941 -7.17 -11.156 -2.74
5 24 -2.855 -11.844 .833 -1.669 -12.049 1.482 -1.576 -13.126 .871 -2.781 -11.049 1.515
5 24 2.342 -14.155 -9.24 1.599 -13.525 -8.426 2.178 -13.437 -7.928 1.748 -14.038 -9.59
5 24 6.99 18.449 13.381 6.052 18.694 11.744 5.421 18.591 14.058 8.78 18 12.22
5 24 -4.771 -10.775 -13.455 -4.144 -11.197 -13.668 -4.094 -10.929 -13.994 -4.545 -11.498 -12.228
5 24 3.26 -13.647 -8.619 2.342 -14.155 -9.24 2.178 -13.437 -7.928 4.382 -13.396 -10.657
5 24 -8.463 8.451 16.161 -6.769 7.692 16.048 -8.352 7.398 16.179 -7.441 9.291 16.254
5 24 -7.221 -9.312 -12.599 -8.108 -8.195 -13.366 -7 -8.82 -13.759 -8.288 -8.43 -12.187
2 24 15.95 -3.18 4.696 15.884 -3.153 5.707
5 24 7.123 -.015 -13.079 4.7492 2.2178 -11.4652 6.446 -.605 -13.427 7.264 .677 -12.468
5 24 -15.842 -4.309 -4.562 -15.415 -4.762 -5.296 -15.725 -4.165 -5.141 -15.339 -5.194 -4.982
5 24 -7.248 -7.111 15.464 -5.643 -6.729 16.225 -6.097 -7.763 15.524 -7.206 -5.749 16.309
5 24 -14.693 9.079 -1.643 -15.334 9.021 -2.229 -15.078 10.232 -2.413 -14.993 8.108 -1.327
5 24 -16.727 5.051 2.884 -16.146 5.052 4.07 -15.647 6.168 3.252 -16.376 2.267 3.873
5 24 -5.445 -11.577 5.883 -5.626 -11.519 5.072 -3.93 -10.675 4.857 -7.01 -10.906 5.802
5 24 15.518 -3.188 6.932 15.574 -4.716 6.347 14.494 -3.904 7.743 15.816 -3.159 6.417
5 24 15.353 -3.401 -6.151 15.052 -3.597 -7.038 13.942 -5.417 -5.807 15.105 -1.85 -6.879
5 24 5.967 -11.744 -1.804 7.027 -10.678 -1.277 6.382 -11.225 -2.668 6.578 -11.164 -.839
5 24 12.697 -7.446 -5.49 11.833 -8.517 -5.007 12.56 -8.121 -4.92 11.493 -8.172 -6.097
5 24 4.787 -3.101 19.564 5.226 -2.974 18.371 4.652 -1.818 19.37 4.784 -4.199 19.009
5 24 -15.522 1.658 7.302 -15.291 1.302 9.008 -15.097 2.355 8.367 -15.726 .869 7.392
5 24 -10.599 6.949 14.093 -11.994 6.734 13.494 -11.95 6.305 13.413 -11.177 8.416 13.013
5 24 -6.364 -.472 18.209 -6.369 -1.683 18.864 -5.802 -.951 18.649 -7.701 -1.02 17.96
5 24 -1.932 -1.388 -13.897 -2.887 .273 -13.945 -2.754 -1.312 -14.398 -1.478 .795 -13.151
5 24 -15.257 8.883 -3.23 -15.703 7.124 -2.721 -15.468 7.646 -3.526 -15.964 6.911 -1.817
5 24 -11.948 1.204 15.204 -12.301 -.354 16.14 -10.399 1.109 16.566 -12.779 .462 14.745
5 24 10.581 -9.43 3.785 10.058 -9.894 3.616 10.754 -8.075 2.073 9.835 -9.797 4.437
5 24 1.664 17.844 15.272 2.584 18.788 14.793 2.657 18.206 15.203 .89 18.79 15.127
5 24 -15.472 .412 9.379 -15.726 .869 7.392 -15.291 1.302 9.008 -16.104 -2.495 7.912
5 24 5.156 -11.765 .851 3.978 -12.447 .273 3.422 -10.918 1.498 4.849 -12.464 .145
5 24 15.764 2.818 7.245 15.615 3.216 7.29 15.849 3.071 5.962 15.34 2.57 8.419
5 24 10.248 .896 17.009 10.838 1.252 16.052 10.216 2.223 16.034 11.012 .445 16.161
5 24 7.411 -.758 -13.296 6.446 -.605 -13.427 7.135 -1.731 -13.507 7.123 -.015 -13.079
5 24 -14.276 8.971 7.494 -14.713 9.318 5.781 -14.346 10.906 6.311 -15.26 7.582 5.316
5 24 -.577 -13.006 -6.456 -1.145 -12.323 -5.694 .333 -13.577 -6.014 -1.481 -12.604 -6.638
5 24 16.174 -1.379 7.732 15.195 1.039 8.15 15.7 -2.26 9.435 15.421 .603 7.624
5 24 13.385 7.419 .507 15.872 6.026 -.071 15.531 6.115 2.301 15.469 7.568 -1.961
5 24 -12.039 -8.178 -7.062 -11.226 -8.813 -5.94 -12.68 -8.237 -6.676 -11.47 -7.939 -7.621
5 24 8.635 5.228 16.602 8.298 3.211 16.649 7.483 4.056 16.583 9.431 4.337 16.411
5 24 9.55 6.755 15.739 9.08 6.515 16.12 9.102 7.485 15.249 9.766 6.172 15.904
5 24 10.52 13.953 12.201 10.281 12.973 13.563 10.808 12.661 11.437 9.767 14.131 13.452
5 24 -17.485 1.21 1.532 -17.411 -.274 -.475 -17.925 .212 1.653 -16.707 1.152 -.709
5 24 3.099 5.136 19.377 4.123 5.719 19.331 3.159 6.841 18.49 3.398 4.129 19.759
5 24 15.041 -5.047 1.342 16.826 -4.46 -.415 14.659 -5.569 1.131 17.103 -2.762 .404
5 24 -8.618 -9.074 7.81 -7.467 -8.066 8.78 -6.986 -8.335 7.456 -8.531 -8.294 9.068
5 24 -4.54 -13.073 -2.689 -4.347 -13.018 -2.25 -4.892 -13.018 -2.417 -2.447 -12.019 -2.1
5 24 -4.347 -13.018 -2.25 -4.963 -12.857 -1.8 -4.892 -13.018 -2.417 -4.255 -12.802 -1.604
5 24 -14.047 -6.661 2.901 -13.182 -6.71 3.57 -14.119 -5.975 3.307 -13.573 -7.432 2.735
5 24 -16.204 .006 -4.723 -15.567 1.182 -5.604 -15.777 1.284 -4.638 -16.014 -.205 -5.596
5 24 -.132 8.113 17.959 -.578 9.683 18.126 -2.038 8.518 18.827 .607 8.97 17.68
5 24 -7.093 -11.474 -8.381 -6.855 -11.033 -9.49 -6.154 -11.382 -9.273 -7.76 -11.172 -9.065
5 24 -8.519 -1.309 17.196 -7.735 -2.865 18.897 -8.872 -3.381 18.082 -7.701 -1.02 17.96
5 24 -8.986 1.158 -10.801 -9.538 .815 -10.187 -9.675 -.048 -11.052 -9.529 1.446 -9.812
5 24 15.276 6.327 4.001 15.047 7.329 4.6 15.12 6.775 3.805 15.16 6.951 5.273
5 24 15.7 -2.26 9.435 14.964 -3.426 10.657 14.494 -3.904 7.743 15.324 -1.908 10.816
5 24 8.842 -7.592 -13.284 8.852 -8.038 -11.761 8.316 -7.991 -13.395 9.049 -7.092 -13.308
5 24 -14.266 4.161 11.329 -14.634 3.087 9.005 -14.393 2.462 11.441 -14.357 4.564 8.993
5 24 10.139 -8.74 -10.776 9.316 -9.685 -10.842 8.852 -8.038 -11.761 10.575 -9.157 -9.2
5 24 8.947 -6.364 -13.46 8.301 -5.966 -13.84 8.255 -4.932 -13.347 8.18 -7.126 -13.857
5 24 -2.953 -11.007 1.974 -4.072 -10.675 2.708 -3.759 -10.56 1.6 -3.429 -11.218 3.043
5 24 8.947 -6.364 -13.46 9.049 -7.092 -13.308 8.18 -7.126 -13.857 9.439 -6.026 -12.262
5 24 -14.065 4.586 12.468 -14.266 4.161 11.329 -13.641 5.956 11.038 -14.24 3.465 12.554
5 24 1.75 7.608 18.819 1.413 8.212 18.731 1.209 7.827 18.569 2.424 8.092 18.996
5 24 7.139 -9.503 4.451 8.873 -10.134 4.324 7.068 -9.656 3.83 8.743 -9.822 4.95
5 24 2.105 -11.783 -4.363 1.893 -13.331 -5.763 2.886 -12.119 -5.388 1.056 -12.651 -4.802
5 24 8.709 3.002 16.627 10.248 .896 17.009 9.337 1.159 18.069 9.05 2.997 16.43
5 24 3.582 -8.341 15.547 5.251 -7.475 14.99 4.024 -5.563 16.608 3.94 -8.961 13.869
5 24 -15.467 -5.589 -.877 -15.393 -4.908 -2.874 -16.157 -4.652 -1.85 -14.478 -6.108 -1.319
5 24 -3.937 -.785 19.087 -4.727 -.35 19.282 -3.817 .133 19.661 -5.193 -1.303 18.632
5 24 -11.171 -5.656 12.261 -12.416 -4.704 11.955 -11.704 -5.344 11.381 -12.017 -5.372 13.303
5 24 -5.433 -11.94 -6.953 -5.237 -12.796 -5.824 -4.177 -13.658 -6.37 -5.933 -11.238 -5.73
5 24 15.255 7.546 -4.578 14.911 10.547 -2.628 13.786 9.264 -6.692 15.469 7.568 -1.961
5 24 -1.932 -1.388 -13.897 -.673 -.011 -14.292 -.706 -1.157 -14.713 -1.478 .795 -13.151
5 24 7.368 -4.299 17.862 8.503 -5.166 15.95 6.282 -5.825 15.789 8.835 -3.656 17.624
5 24 -15.472 .412 9.379 -15.002 1.645 11.485 -15.291 1.302 9.008 -15.035 -.091 11.718
5 24 -7.785 .332 19.146 -8.277 .835 19.2 -8.153 .093 18.995 -7.524 .765 19.207
5 24 -14.317 6.788 9.685 -14.501 6.584 8.581 -14.049 7.647 9.771 -14.494 6.049 9.212
5 24 9.548 -4.705 14.392 8.503 -5.166 15.95 8.379 -5.459 14.713 9.875 -3.86 15.665
5 24 -15.902 4.533 7.683 -14.357 4.564 8.993 -14.634 3.087 9.005 -14.701 5.201 8.461
5 24 8.62 -10.145 -10.411 9.608 -9.952 -10.041 8.397 -10.321 -10.196 9.316 -9.685 -10.842
5 24 -11.099 -6.339 9.884 -12.748 -6.02 9.557 -12.558 -4.519 11.21 -12.168 -6.19 8.73
5 24 2.034 -12.052 -3.718 1.056 -12.651 -4.802 2.105 -11.783 -4.363 .668 -13.349 -3.875
5 24 -10.515 -10.342 3.117 -9.912 -10.29 2.337 -9.231 -10.748 3.203 -11.377 -8.778 2.105
5 24 -8.648 3.192 18.335 -9.671 2.35 17.863 -8.892 4.049 17.575 -7.889 2.19 19.004
5 24 -5.574 -2.156 18.756 -6.336 -3 18.918 -5.102 -3.214 18.559 -6.369 -1.683 18.864
5 24 12.905 -6.91 -8.306 11.228 -6.524 -9.452 11.645 -6.072 -9.437 11.283 -7.83 -8.608
5 24 4.766 2.038 19.022 6.351 3.627 18.267 4.216 3.481 19.758 5.505 1.162 18.538
5 24 -15.684 6.348 .932 -15.848 6.137 1.816 -16.408 5.744 .323 -13.273 7.143 1.542
5 24 4.162 -10.093 8.202 4.795 -10.423 9.87 3.469 -10.564 9.423 4.627 -9.722 8.115
5 24 14.825 3.603 8.531 14.9 4.62 7.535 14.188 4.195 8.62 15.615 3.216 7.29
5 24 15.947 1.761 -4.778 15.676 -.056 -4.303 16.064 1.926 -3.655 15.215 .552 -6.365
5 24 4.425 -12.89 -3.413 4.235 -12.518 -2.871 3.6 -12.46 -2.465 5.353 -11.364 -3.084
5 24 -17.07 .419 4.918 -16.025 2.075 6.424 -16.376 2.267 3.873 -16.895 .157 6.079
5 24 -11.021 -8.072 6.766 -11.123 -7.48 5.641 -11.601 -7.382 6.467 -10.723 -8.049 5.683
5 24 3.605 12.981 15.469 2.094 15.637 16.164 2.135 16.59 16.115 1.885 14.806 16.23
5 24 6.195 16.856 14.41 7.901 16.941 13.626 7.669 16.415 14.036 5.207 17.796 14.461
5 24 -3.196 -9.481 11.633 -4.358 -9.312 12.663 -3.224 -9.622 12.196 -3.888 -9.395 10.998
5 24 -16.895 .157 6.079 -16.548 -1.862 5.881 -16.993 -1.359 4.939 -15.726 .869 7.392
5 24 -3.611 18.125 14.988 -5.142 17.879 14.625 -4.342 17.285 15.234 -4.594 18.419 14.596
5 24 16.903 -2.442 -.953 16.826 -4.46 -.415 17.103 -2.762 .404 16.65 -4.716 -.953
5 24 -4.523 -5.927 16.345 -3.35 -5.337 17.466 -4.7 -4.888 16.571 -3.512 -6.706 16.938
5 24 6.325 -9.433 -12.812 6.34 -8.366 -12.81 5.867 -9.03 -13.075 6.78 -8.564 -12.529
5 24 13.134 7.401 2.511 15.12 6.775 3.805 15.531 6.115 2.301 12.872 7.944 3.506
5 24 -9.675 -.048 -11.052 -10.536 -.779 -11.914 -10.678 -.144 -10.954 -9.367 -.659 -11.885
5 24 -.382 -10.839 12.439 -1.275 -10.07 12.633 -1.226 -10.785 10.968 -.683 -9.488 13.478
5 24 -2.024 -10.446 7.996 -2.948 -10.516 8.409 -1.851 -10.265 9.054 -3.314 -10.386 7.679
5 24 -2.996 -7.113 -16.061 -3.011 -7.997 -15.747 -4.636 -7.687 -15.236 -1.311 -6.994 -15.327
5 24 -3.35 -5.337 17.466 -3.825 -3.336 17.592 -4.347 -4.234 17.009 -1.92 -4.614 18.326
5 24 -7.206 -5.749 16.309 -5.643 -6.729 16.225 -7.248 -7.111 15.464 -6.327 -5.763 16.779
5 24 7.439 -.705 18.943 8.326 -.342 19.019 8.194 -1.2 17.795 8.025 1.129 18.635
5 24 -9.105 -9.529 1.041 -9.096 -10.381 .14 -9.84 -9.46 -.019 -8.167 -10.169 .687
5 24 -4.771 -10.775 -13.455 -4.812 -8.757 -13.907 -4.089 -9.202 -14.341 -5.225 -10.426 -12.924
5 24 1.63 1.193 19.88 .734 1.685 19.851 .753 1.139 19.847 1.059 2.017 19.859
5 24 -12.168 -6.19 8.73 -13.267 -5.913 8.946 -12.748 -6.02 9.557 -12.67 -6.037 7.923
5 24 -.025 -9.195 -15.537 -.01 -10.039 -14.823 .936 -9.322 -15.13 -1.433 -9.921 -14.172
5 24 -10.239 -7.158 12.47 -8.261 -7.379 12.476 -8.874 -6.018 13.048 -8.751 -8.197 11.881
5 24 8.294 2.933 16.797 8.298 3.211 16.649 7.405 2.607 17.458 8.709 3.002 16.627
5 24 -7 -8.82 -13.759 -8.108 -8.195 -13.366 -7.221 -9.312 -12.599 -6.73 -7.371 -14.357
5 24 -.025 -9.195 -15.537 -1.744 -8.423 -15.165 -.36 -8.392 -16.011 -1.901 -9.059 -14.597
5 24 -13.681 -7.772 -1.827 -13.224 -8.152 -1.577 -12.809 -8.425 -2.358 -13.343 -7.022 -.407
5 24 -10.923 -8.635 -5.131 -10.641 -8.382 -3.486 -11.071 -8.266 -4.48 -10.132 -9.707 -4.474
5 24 -.507 -13.459 -10.124 -.321 -13.525 -9.775 .392 -12.774 -10.89 -1.913 -13.444 -9.722
5 24 5.872 7.19 18.016 6.055 8.257 17.514 4.429 8.066 16.996 6.384 6.925 17.913
5 24 -10.979 13.977 11.279 -12.226 13.994 10.733 -10.978 13.652 11.29 -10.595 15.839 11.334
5 24 4.882 -12.021 -11.645 6.325 -11.187 -10.897 5.253 -11.944 -11.892 5.325 -11.544 -10.749
5 24 -10.341 14.993 12.762 -9.554 13.909 13.74 -9.414 14.746 13.829 -10.616 14.339 12.382
5 24 .271 -2.254 -15.417 -.673 -.011 -14.292 -.706 -1.157 -14.713 -.115 .164 -14.339
5 24 14.786 1.668 11.537 13.868 1.986 12.049 14.149 1.124 11.82 14.491 2.34 11.716
5 24 -7.651 1.369 -11.395 -8.986 1.158 -10.801 -8.828 .665 -11.624 -8.337 1.857 -10.341
5 24 -12.889 -2.982 -10.475 -12.705 -2.827 -10.581 -12.523 -.883 -9.733 -12.05 -4.139 -10.372
5 24 -7.66 -3.752 -13.863 -9.075 -3.47 -13.857 -8.532 -4.65 -13.761 -8.036 -2.713 -13.483
5 24 4.784 -4.199 19.009 4.787 -3.101 19.564 3.123 -3.153 19.834 5.226 -2.974 18.371
5 24 16.459 -1.614 -3.95 16.025 -2.428 -5.251 16.431 -2.715 -3.258 15.491 -2.202 -5.75
5 24 8.93 -10.382 -8.572 8.483 -11.327 -9.46 8.061 -11.776 -8.124 9.092 -9.857 -9.11
5 24 -14.076 7.322 -6.955 -13.787 5.947 -7.553 -14.27 5.952 -6.876 -13.307 7.629 -7.528
5 24 -10.676 -8.139 -7.671 -9.908 -9.332 -8.276 -9.908 -8.575 -6.908 -10.651 -8.957 -8.805
5 24 -15.401 -2.443 -6.289 -15.341 -3.018 -6.659 -15.526 -3.425 -6.172 -14.827 -1.923 -6.999
5 24 -6.072 1.176 18.502 -7.524 .765 19.207 -7.55 1.49 19.18 -6.224 .354 18.492
5 24 -1.92 -4.614 18.326 .802 -3.918 18.591 .257 -4.715 17.755 -1.779 -3.423 19.419
5 24 14.466 -6.809 3.372 14.841 -5.777 4.214 14.371 -6.846 3.827 15.088 -5.532 3.709
5 24 -11.693 -8.414 -3.26 -12.219 -8.619 -2.483 -12.505 -8.433 -2.993 -10.547 -8.442 -1.88
5 24 1.964 -1.513 19.103 1.297 -1.575 19.091 2.161 -1.041 19.181 1.582 -2.801 18.964
5 24 -7.132 -10.559 -11.867 -7.221 -9.312 -12.599 -6.341 -9.587 -12.379 -8.158 -9.83 -11.766
5 24 10.6 -9.149 4.452 11.212 -7.578 4.141 10.376 -8.904 4.997 10.581 -9.43 3.785
5 24 1.172 -4.385 18.204 .904 -4.174 18.306 1.241 -3.837 18.558 .61 -4.689 17.669
5 24 -15.078 10.232 -2.413 -15.257 8.883 -3.23 -15.334 9.021 -2.229 -14.866 10.364 -3.477
5 24 -9.204 8.662 16.145 -8.463 8.451 16.161 -8.515 9.14 16.128 -9.245 7.357 16.3
5 24 -.36 -8.392 -16.011 -1.311 -6.994 -15.327 -.24 -7.007 -15.636 -1.744 -8.423 -15.165
5 24 12.872 7.944 3.506 14.689 8.615 5.632 15.047 7.329 4.6 12.481 9.349 4.549
5 24 8.647 -6.425 14.225 10.208 -6.057 12.883 9.921 -5.582 13.665 9.716 -7.622 12.751
5 24 -5.851 -12.154 .907 -6.202 -11.019 -.616 -5.268 -11.339 -.446 -6.596 -11.83 1.306
5 24 -5.382 -3.322 -14.663 -6.408 -2.358 -14.455 -6.69 -2.875 -14.439 -5.84 -1.979 -14.465
5 24 -8.023 -10.673 -9.157 -8.502 -10.22 -9.103 -8.596 -11.023 -8.76 -8.381 -9.788 -9.493
5 24 -1.221 -3.321 -15.73 -.556 -2.85 -15.441 -.605 -3.172 -15.769 -1.321 -2.512 -14.811
5 24 -13.573 -7.432 2.735 -12.588 -8.288 2.325 -11.838 -7.875 2.923 -13.678 -7.607 .611
5 24 6.318 -5.199 -14.355 7.033 -5.21 -14.129 7.397 -3.824 -14.178 6.348 -5.704 -13.87
2 24 15.884 -3.153 5.707 15.816 -3.159 6.417
5 24 -16.157 -4.652 -1.85 -15.467 -5.589 -.877 -15.393 -4.908 -2.874 -16.471 -4.735 -.998
5 24 6.372 -12.405 -8.622 4.331 -11.978 -7.62 4.703 -12 -6.733 5.559 -12.192 -10.132
5 24 -14.317 6.788 9.685 -13.984 5.526 10.131 -13.907 7.315 10.283 -14.494 6.049 9.212
5 24 5.38 -4.411 -15.012 5.573 -3.105 -14.769 4.362 -3.517 -14.656 6.243 -3.21 -14.657
5 24 -9.084 -8.836 -11.246 -8.288 -8.43 -12.187 -8.158 -9.83 -11.766 -9.361 -7.724 -11.336
5 24 -1.669 -12.049 1.482 -1.111 -11.838 1.513 -.6 -12.25 1.178 -1.81 -11.461 1.952
5 24 17.361 -1.417 2.621 18.121 -.144 1.408 17.972 -.497 2.14 17.688 -1.539 .268
5 24 11.283 -7.83 -8.608 12.905 -6.91 -8.306 12.008 -8.342 -7.694 11.228 -6.524 -9.452
5 24 17.119 .203 -.669 17.074 -2.108 -2.454 17.688 -1.539 .268 16.892 -.552 -2.865
5 24 14.659 -5.569 1.131 14.275 -6.846 2.766 13.541 -6.534 1.087 15.273 -5.117 2.727
5 24 -8.411 -9.067 5.627 -7.01 -10.906 5.802 -6.669 -10.45 6.689 -8.136 -9.926 4.857
5 24 -1.417 -11.472 4.665 -1.478 -11.771 3.366 -1.77 -11.96 4.189 -.515 -11.133 4.166
5 24 2.657 18.206 15.203 2.584 18.788 14.793 3.825 18.102 14.977 1.664 17.844 15.272
5 24 -3.215 -2.093 -15.747 -2.7 -3.554 -16.269 -2.254 -3.33 -15.884 -4.115 -2.589 -16.077
5 24 9.316 -9.685 -10.842 9.99 -9.662 -9.532 9.608 -9.952 -10.041 10.139 -8.74 -10.776
5 24 14.017 -1.015 12.131 14.449 -1.665 11.095 13.995 -2.804 12.446 14.342 -.415 10.944
5 24 2.695 3.793 19.366 3.398 4.129 19.759 3.578 2.917 19.179 3.099 5.136 19.377
5 24 12.753 8.625 10.04 13.366 8.629 8.469 12.63 9.67 10.283 13.32 8.078 8.706
5 24 -15.258 3.317 -6.424 -15.151 4.536 -5.74 -14.516 4.868 -6.624 -15.289 4.471 -5.064
5 24 -3.96 -2.789 18.173 -2.9 -2.378 19.394 -3.825 -3.336 17.592 -4.019 -2.171 18.332
5 24 -2.954 -9.321 -14.613 -3.011 -7.997 -15.747 -1.744 -8.423 -15.165 -4.089 -9.202 -14.341
5 24 8.93 -10.382 -8.572 8.061 -11.776 -8.124 8.483 -11.327 -9.46 8.325 -11.011 -7.359
5 24 -7.884 -11.344 -1.974 -8.631 -11.057 -2.232 -8.525 -11.368 -1.64 -7.17 -11.156 -2.74
5 24 -5.403 -10.769 3.889 -5.812 -11.92 2.574 -4.805 -11.145 2.42 -6.187 -10.626 3.77
5 24 6.626 -10.368 -12.363 4.922 -10.58 -13.319 5.965 -11.655 -11.939 6.325 -9.433 -12.812
5 24 .001 -11.587 1.589 -1.111 -11.838 1.513 -.6 -12.25 1.178 -.874 -10.856 2.271
5 24 14.579 -.838 -8.069 14.549 .822 -7.253 15.055 -.938 -7.46 13.362 -.507 -9.116
5 24 -12.44 -4.549 -9.905 -13.105 -3.112 -10.292 -12.05 -4.139 -10.372 -12.791 -4.602 -9.466
5 24 -11.28 -7.534 -10.426 -11.842 -6.457 -10.788 -11.478 -6.745 -11.533 -11.696 -7.176 -9.714
5 24 4.123 5.719 19.331 3.159 6.841 18.49 3.792 6.931 18.172 3.099 5.136 19.377
5 24 -14.45 -.167 12.664 -14.801 1.155 12.155 -13.3 .342 13.347 -15.035 -.091 11.718
5 24 -9.677 -8.076 9.325 -10.056 -8.584 8.593 -10.652 -7.68 8.585 -9.164 -8.327 9.228
5 24 9.601 -9.444 5.116 10.376 -8.904 4.997 9.835 -9.797 4.437 9.748 -8.489 5.832
5 24 12.744 -7.456 4.424 13.058 -7.232 4.634 13.718 -7.101 4.358 11.672 -6.509 6.098
5 24 -11.478 -6.745 -11.533 -11.28 -7.534 -10.426 -10.859 -7.835 -10.981 -11.842 -6.457 -10.788
5 24 15.324 -1.908 10.816 14.449 -1.665 11.095 14.618 .019 10.689 14.363 -2.705 11.11
5 24 13.058 -7.232 4.634 11.672 -6.509 6.098 12.744 -7.456 4.424 13.855 -6.099 5.076
5 24 -10.678 -.144 -10.954 -9.933 .3 -10.304 -10.559 .273 -10.221 -9.675 -.048 -11.052
5 24 11.763 -6.086 7.834 12.613 -5.479 9.572 10.952 -6.421 9.291 13.262 -4.755 8.204
5 24 5.947 -7.414 14.158 6.956 -7.775 14.062 6.384 -8.19 12.73 7.186 -6.868 14.434
5 24 5.594 -11.884 -6.245 4.196 -13.032 -5.155 5.095 -12.714 -4.083 4.616 -12.423 -6.13
5 24 7.97 -1.515 -13.075 8.095 -2.67 -14.146 8.88 -2.811 -13.82 7.135 -1.731 -13.507
5 24 -15.415 -4.762 -5.296 -14.952 -4.502 -5.899 -15.725 -4.165 -5.141 -15.301 -4.998 -5.302
5 24 -2.507 18.788 14.916 -.629 18.518 15.458 -1.569 18.311 15.334 -.644 18.827 15.204
5 24 -15.267 5.941 -5.526 -15.151 4.536 -5.74 -15.04 5.65 -6.044 -15.289 4.471 -5.064
5 24 -11.076 -5.871 14.288 -12.017 -5.372 13.303 -10.552 -6.041 12.725 -12.344 -4.266 13.852
5 24 -11.95 6.305 13.413 -11.994 6.734 13.494 -12.592 7.42 12.817 -10.599 6.949 14.093
5 24 9.229 -10.243 3.449 7.998 -10.02 2.269 9.365 -9.761 2.404 8.873 -10.134 4.324
5 24 -8.672 .131 18.708 -8.277 .835 19.2 -8.153 .093 18.995 -8.951 1.131 18.901
5 24 9.08 6.515 16.12 8.744 6.156 16.4 7.916 6.609 16.293 9.188 5.701 16.396
5 24 5.362 4.663 19.303 4.216 3.481 19.758 3.398 4.129 19.759 6.351 3.627 18.267
5 24 -1.315 -10.828 5.601 -.309 -11.34 7.095 -2.29 -10.28 6.945 -.855 -10.788 5.355
5 24 -4.892 -13.018 -2.417 -4.54 -13.073 -2.689 -4.347 -13.018 -2.25 -4.909 -13.022 -3.089
5 24 -5.225 -10.426 -12.924 -4.812 -8.757 -13.907 -5.605 -10.055 -12.384 -4.771 -10.775 -13.455
5 24 1.63 1.193 19.88 2.363 1.687 19.846 1.657 2.269 19.853 2.467 .401 19.759
5 24 -5.113 11.116 16.347 -3.676 12.215 17.197 -4.471 10.432 17.095 -4.572 12.442 16.524
5 24 -14.348 -6.192 5.555 -13.894 -6.099 6.845 -15.015 -4.131 5.633 -13.052 -7.254 5.713
5 24 12.954 -3.871 -10.28 12.46 -4.358 -10.26 13.703 -4.252 -9.4 12.25 -3.145 -10.532
5 24 4.022 -8.567 -14.954 2.075 -8.915 -14.3 2.111 -9.379 -13.882 2.133 -7.569 -14.291
5 24 -6.79 -1.547 -13.687 -5.366 -.766 -13.488 -5.84 -1.979 -14.465 -6.164 -.527 -12.486
5 24 13.335 7.618 10.165 12.753 8.625 10.04 12.364 8.701 10.782 13.32 8.078 8.706
5 24 14.958 1.293 11.285 15.263 1.821 10.091 14.924 .552 9.667 14.786 1.668 11.537
5 24 2.375 -13.282 -6.427 2.886 -12.119 -5.388 3.367 -11.994 -6.002 1.893 -13.331 -5.763
5 24 3.482 -.653 19.103 2.905 -1.882 19.654 2.646 -.837 19.239 4.652 -1.818 19.37
5 24 9.965 14.958 12.365 11.323 15.757 11.189 10.23 16.909 11.641 10.52 13.953 12.201
5 24 -12.013 -8.161 -.575 -10.865 -8.757 1.476 -10.643 -8.176 -.513 -11.696 -8.662 1.989
5 24 5.053 9.526 16.184 4.429 8.066 16.996 5.972 9.3 16.619 4.287 9.027 16.389
5 24 1.664 17.844 15.272 .89 18.79 15.127 2.584 18.788 14.793 .725 18.069 15.414
5 24 14.494 -3.904 7.743 15.926 -2.516 7.355 15.518 -3.188 6.932 15.7 -2.26 9.435
5 24 .944 5.769 19.852 1.759 6.445 18.561 1.914 5.676 18.733 1.271 7.188 18.728
5 24 2.244 -7.915 15.667 2.022 -8.859 14.168 1.212 -7.637 15.196 3.582 -8.341 15.547
5 24 15.111 7.36 -5.581 13.786 9.264 -6.692 15.255 7.546 -4.578 15.053 6.314 -6.269
5 24 .857 .746 19.838 1.63 1.193 19.88 .753 1.139 19.847 1.182 .18 19.798
5 24 -3.072 -11.399 -13.618 -4.094 -10.929 -13.994 -4.144 -11.197 -13.668 -2.62 -10.674 -14.234
5 24 -8.515 9.14 16.128 -7.505 10.914 15.306 -8.932 11.086 14.799 -7.18 10.169 15.779
5 24 -9.685 -10.438 -1.603 -8.525 -11.368 -1.64 -9.149 -10.949 -.524 -8.631 -11.057 -2.232
5 24 14.466 -6.809 3.372 13.58 -7.373 3.063 13.696 -7.348 3.735 14.275 -6.846 2.766
5 24 -10.056 -8.584 8.593 -11.301 -7.624 7.834 -10.075 -8.996 7.132 -10.652 -7.68 8.585
5 24 -1.779 -3.423 19.419 -3.825 -3.336 17.592 -1.92 -4.614 18.326 -2.9 -2.378 19.394
5 24 -2.32 10.819 17.472 -2.038 8.518 18.827 -.578 9.683 18.126 -3.483 9.433 17.367
5 24 -.308 -13.56 -3.224 -.493 -13.338 -2.337 .563 -13.23 -2.441 -1.19 -13.363 -2.723
5 24 -9.285 -.476 17.487 -10.6 -1.18 17.207 -9.248 -1.907 16.677 -9.862 .172 17.403
5 24 -9.862 .172 17.403 -8.672 .131 18.708 -8.951 1.131 18.901 -9.285 -.476 17.487
5 24 -16.282 -2.338 -4.689 -16.014 -.205 -5.596 -16.204 .006 -4.723 -15.908 -2.812 -5.294
5 24 -1.95 -12.943 -7.065 -1.913 -13.444 -9.722 -2.796 -12.679 -7.929 -.321 -13.525 -9.775
2 24 10.808 12.661 11.437 11.618 12.323 10.176
5 24 -13.721 1.834 12.403 -14.302 3.199 12.192 -13.148 2.588 13.422 -14.393 2.462 11.441
5 24 12.585 -1.943 15.258 12.507 -3.713 14.786 13.428 -3.26 13.787 11.969 -3.692 15.054
5 24 15.273 -5.117 2.727 14.659 -5.569 1.131 15.041 -5.047 1.342 14.275 -6.846 2.766
5 24 -7.591 18.603 10.94 -9.654 17.776 11.955 -8.575 18.258 10.216 -7.295 18.37 13.354
5 24 6.198 5.727 17.678 6.384 6.925 17.913 6.953 6.092 17.079 5.28 6.479 18.009
5 24 16.67 4.277 .522 15.872 6.026 -.071 16.471 3.768 -.361 16.265 5.432 1.447
5 24 -13.224 -8.152 -1.577 -12.809 -8.425 -2.358 -13.681 -7.772 -1.827 -12.622 -8.523 -1.653
5 24 -.495 -12.912 -11.112 -.943 -13.419 -10.4 -.507 -13.459 -10.124 -.971 -12.818 -11.189
5 24 14.152 -3.072 -8.613 13.703 -4.252 -9.4 13.968 -4.746 -7.737 12.954 -3.871 -10.28
5 24 8.709 3.002 16.627 9.337 1.159 18.069 8.294 2.933 16.797 10.248 .896 17.009
5 24 .98 -11.163 8.017 1.164 -11.155 7.268 -.309 -11.34 7.095 1.626 -10.755 7.138
5 24 -9.925 -9.585 -10.654 -10.356 -9.261 -11.092 -10.651 -8.957 -8.805 -9.102 -9.29 -11.096
5 24 5.311 -.705 -13.327 6.446 -.605 -13.427 5.442 -1.204 -13.509 4.7492 2.2178 -11.4652
5 24 3.099 5.136 19.377 2.283 6.658 18.497 3.159 6.841 18.49 2.383 5.163 18.919
5 24 -11.531 12.378 12.282 -10.978 13.652 11.29 -10.658 13.293 12.201 -11.676 12.821 10.807
5 24 3.969 11.662 16.28 3.605 12.981 15.469 3.017 11.386 16.364 4.943 12.795 16.081
5 24 -13.429 -2.121 12.042 -12.344 -4.266 13.852 -12.947 -3.506 12.045 -13.317 -1.984 12.536
5 24 -9.095 13.965 13.874 -8.112 13.127 14.88 -9.014 12.844 14.546 -8.801 14.417 13.921
5 24 1.162 -13.898 -7.593 2.375 -13.282 -6.427 1.198 -13.793 -5.95 2.178 -13.437 -7.928
5 24 -14.302 3.199 12.192 -13.148 2.588 13.422 -13.548 3.276 13.505 -13.721 1.834 12.403
5 24 -15.967 -4.467 4.181 -14.352 -5.284 3.545 -15.015 -4.131 5.633 -15.647 -4.584 2.629
5 24 -8.049 -11.459 -8.053 -7.76 -11.172 -9.065 -7.093 -11.474 -8.381 -8.596 -11.023 -8.76
5 24 2.899 -4.29 19.399 4.784 -4.199 19.009 3.123 -3.153 19.834 3.561 -5.087 18.188
5 24 10.657 -4.87 13.977 9.921 -5.582 13.665 10.84 -5.611 13.46 9.548 -4.705 14.392
5 24 3.197 -9.461 13.242 4.528 -8.625 12.251 3.73 -9.172 11.97 3.94 -8.961 13.869
5 24 1.932 -12.28 1.796 1.883 -12.335 2.937 3.422 -10.918 1.498 1.101 -12.244 3.142
5 24 1.867 -4.705 18.305 2.17 -4.188 18.759 1.241 -3.837 18.558 2.501 -4.636 18.802
5 24 -.314 -2.011 19.706 -1.249 -1.256 19.649 -1.779 -3.423 19.419 .683 -.91 19.239
5 24 -8.112 13.127 14.88 -8.916 12.05 14.737 -7.7 11.772 15.254 -9.014 12.844 14.546
5 24 8.325 -11.011 -7.359 8.061 -11.776 -8.124 8.93 -10.382 -8.572 7.341 -11.736 -6.836
5 24 -4.358 -9.312 12.663 -5.406 -8.464 13.419 -3.634 -8.701 14.449 -5.398 -8.155 11.418
5 24 -7.093 -11.474 -8.381 -7.76 -11.172 -9.065 -6.855 -11.033 -9.49 -8.049 -11.459 -8.053
5 24 -9.727 3.833 16.811 -10.537 4.478 16.063 -10.25 3.275 15.908 -9.622 5.026 17.433
5 24 .422 -8.061 -16.12 .847 -6.629 -15.465 -.24 -7.007 -15.636 .93 -7.415 -15.677
5 24 5.253 -11.944 -11.892 4.154 -11.932 -11.86 4.882 -12.021 -11.645 5.128 -11.283 -12.726
5 24 -16.467 3.193 -1.248 -16.286 4.427 -.556 -16.941 2.087 .555 -15.951 4.962 -1.726
5 24 -3.107 .207 19.805 -2.397 .11 19.735 -2.547 -.783 19.435 -2.291 1.337 19.766
5 24 9.229 -10.243 3.449 8.873 -10.134 4.324 7.998 -10.02 2.269 9.835 -9.797 4.437
5 24 -3.865 -13.425 -10.365 -2.782 -12.968 -9.906 -4.615 -13.004 -9.518 -3.252 -13.23 -11.232
5 24 11.558 -2.653 -11.746 10.664 -2.491 -12.263 10.896 -2.89 -12.101 10.887 -1.59 -12.063
5 24 -7.277 -4.051 18.71 -5.881 -4.399 18.455 -6.336 -3 18.918 -6.432 -5.334 17.732
5 24 2.695 -10.103 4.889 3.62 -11.064 5.954 3.134 -10.187 4.502 2.1 -10.23 6.201
5 24 -8.683 -5.548 -12.994 -9.338 -4.404 -13.439 -9.835 -5.318 -12.279 -8.472 -5.19 -13.472
5 24 -15.669 -5.203 -4.011 -15.393 -4.908 -2.874 -16.002 -4.51 -3.541 -14.647 -5.472 -3.077
5 24 2.848 -10.542 4.116 3.134 -10.187 4.502 2.695 -10.103 4.889 3.991 -10.014 3.822
5 24 -8.596 -11.023 -8.76 -9.129 -10.618 -7.824 -8.637 -11.162 -7.876 -9.261 -10.199 -8.959
5 24 -9.204 8.662 16.145 -8.932 11.086 14.799 -10.471 8.609 15.228 -8.515 9.14 16.128
5 24 9.835 -9.797 4.437 8.743 -9.822 4.95 8.873 -10.134 4.324 9.601 -9.444 5.116
5 24 9.83 -2.502 16.761 8.835 -3.656 17.624 9.875 -3.86 15.665 8.194 -1.2 17.795
5 24 5.782 -12.171 -.467 6.578 -11.164 -.839 5.524 -12.361 -1.215 6.359 -11.072 -.036
5 24 1.995 -2.472 -14.924 .724 .013 -14.327 1.478 -2.839 -15.331 1.797 -.259 -13.626
5 24 6.208 -7.483 -13.648 5.215 -7.768 -14.621 5.867 -9.03 -13.075 5.503 -7.236 -14.18
5 24 -5.25 -10.983 -11.896 -5.605 -10.055 -12.384 -5.81 -10.344 -11.722 -5.225 -10.426 -12.924
5 24 11.619 .744 15.839 11.012 .445 16.161 10.838 1.252 16.052 11.063 -1.15 15.657
5 24 -5.28 -12.157 1.422 -5.461 -12.125 1.989 -4.805 -11.145 2.42 -6.095 -12.207 1.793
5 24 4.991 -1.661 18.546 5.369 -1.504 18.047 5.082 -.622 18.301 5.226 -2.974 18.371
5 24 -10.818 -8.951 -10.998 -10.356 -9.261 -11.092 -10.651 -8.957 -8.805 -9.084 -8.836 -11.246
5 24 .965 .848 -13.409 0 2.0828 -12.2964 -.115 .164 -14.339 1.362 1.372 -12.777
5 24 13.32 8.078 8.706 13.335 7.618 10.165 13.549 7.686 8.336 12.753 8.625 10.04
5 24 2.034 -12.052 -3.718 .884 -13.245 -3.444 .868 -13.251 -2.922 .668 -13.349 -3.875
5 24 1.949 -11.98 1.046 .961 -11.37 .311 2.16 -11.904 .68 .001 -11.587 1.589
5 24 5.251 -7.475 14.99 5.382 -7.92 12.919 3.94 -8.961 13.869 5.947 -7.414 14.158
5 24 9.716 -7.622 12.751 8.647 -6.425 14.225 10.208 -6.057 12.883 8.788 -7.926 13.742
5 24 -1.92 -4.614 18.326 -3.35 -5.337 17.466 -3.825 -3.336 17.592 -2.436 -5.679 18.038
5 24 -4.347 -4.234 17.009 -3.35 -5.337 17.466 -4.7 -4.888 16.571 -3.825 -3.336 17.592
5 24 -9.204 8.662 16.145 -9.245 7.357 16.3 -10.471 8.609 15.228 -8.463 8.451 16.161
5 24 -1.101 -6.879 17.793 -2.362 -6.699 17.83 -1.294 -7.565 17.043 -.745 -6.025 17.842
5 24 4.429 8.066 16.996 5.28 6.479 18.009 5.872 7.19 18.016 4.411 7.028 17.558
5 24 5.64 -9.261 11.584 6.279 -8.551 11.742 5.28 -8.036 12.484 6.558 -8.647 11.111
5 24 .588 -3.619 -15.241 .935 -2.395 -15.375 1.101 -3.195 -15.308 .271 -2.254 -15.417
5 24 -13.161 6.054 12.036 -13.051 5.026 13.427 -13.693 4.651 13.086 -12.505 5.895 12.86
5 24 1.883 -12.335 2.937 1.101 -12.244 3.142 1.932 -12.28 1.796 2.097 -11.856 3.74
5 24 -8.525 -11.368 -1.64 -7.884 -11.344 -1.974 -8.631 -11.057 -2.232 -7.694 -11.535 -1.47
5 24 -10.485 -4.446 -12.375 -9.779 -3.735 -13.429 -9.338 -4.404 -13.439 -10.518 -3.74 -12.164
5 24 -16.096 -3.307 -4.646 -15.908 -2.812 -5.294 -16.282 -2.338 -4.689 -15.865 -3.397 -5.173
5 24 16.292 .907 -1.284 16.892 -.552 -2.865 16.049 .515 -3.121 17.119 .203 -.669
5 24 -5.113 11.116 16.347 -7.143 9.311 16.562 -6.482 10.865 15.479 -4.471 10.432 17.095
5 24 -10.652 -7.68 8.585 -9.677 -8.076 9.325 -10.697 -6.625 9.09 -10.056 -8.584 8.593
5 24 2.573 -2.165 19.463 2.468 -2.808 19.326 1.582 -2.801 18.964 2.905 -1.882 19.654
5 24 16.742 -1.762 6.667 16.174 -1.379 7.732 16.222 -2.597 6.655 16.694 -1.418 6.953
5 24 -12.225 -7.529 -7.482 -13.02 -6.419 -8.443 -12.901 -6.925 -7.237 -11.633 -7.673 -8.997
5 24 13.549 7.686 8.336 14.998 6.462 6.666 14.689 8.615 5.632 13.973 6.207 8.711
5 24 16.114 -3.627 -4.627 16.248 -3.898 -3.634 15.678 -4.947 -4.561 16.431 -2.715 -3.258
5 24 -1.249 -1.256 19.649 -.806 .204 18.797 .683 -.91 19.239 -1.854 -.432 19.399
5 24 -13.695 9.122 -6.766 -14.145 8.498 -6.554 -14.43 9.215 -5.847 -13.307 7.629 -7.528
5 24 9.22 15.809 12.42 8.825 17.594 12.593 8.573 16.542 13.02 10.23 16.909 11.641
5 24 -9.685 -10.438 -1.603 -10.075 -9.59 -1.364 -10.09 -9.692 -.857 -9.908 -9.651 -2.018
5 24 -5.969 -8.777 -13.9 -4.812 -8.757 -13.907 -6.004 -9.683 -12.33 -5.028 -8.402 -14.138
5 24 4.262 -12.815 -.789 4.281 -12.337 -2.51 5.524 -12.361 -1.215 3.6 -12.46 -2.465
5 24 2.148 -5.078 17.985 2.501 -4.636 18.802 3.561 -5.087 18.188 1.867 -4.705 18.305
5 24 -7.06 -7.857 10.566 -6.802 -8.21 12.853 -7.775 -7.834 11.781 -5.398 -8.155 11.418
5 24 -9.622 5.026 17.433 -9.727 3.833 16.811 -10.537 4.478 16.063 -8.892 4.049 17.575
5 24 6.147 -2.069 -13.454 5.442 -1.204 -13.509 6.446 -.605 -13.427 5.711 -2.395 -13.576
5 24 -7.206 -5.749 16.309 -9.306 -3.914 15.688 -8.574 -5.011 14.741 -7.765 -4.853 17.612
5 24 5.348 16.144 14.397 6.195 16.856 14.41 6.519 15.925 14.466 5.353 17.25 14.518
5 24 -1.321 -2.512 -14.811 -.706 -1.157 -14.713 -1.932 -1.388 -13.897 -.349 -2.55 -15.317
5 24 -.36 -8.392 -16.011 -.24 -7.007 -15.636 -1.311 -6.994 -15.327 .422 -8.061 -16.12
5 24 -16.002 -4.51 -3.541 -15.393 -4.908 -2.874 -15.801 -4.494 -2.812 -15.669 -5.203 -4.011
5 24 -2.232 5.637 19.809 -2.825 4.61 19.157 -2.901 5.437 18.953 -1.849 3.865 19.862
5 24 -.683 -9.488 13.478 -.246 -8.318 14.069 -1.274 -8.412 14.047 .519 -9.73 13.434
5 24 5.947 -7.414 14.158 7.186 -6.868 14.434 6.537 -6.325 14.648 6.956 -7.775 14.062
5 24 -7.36 -10.564 .667 -6.596 -11.83 1.306 -6.967 -10.832 .158 -6.999 -10.699 2.27
5 24 -10.859 -7.835 -10.981 -9.101 -7.296 -11.707 -9.361 -7.724 -11.336 -11.478 -6.745 -11.533
5 24 -6.802 -8.21 12.853 -5.406 -8.464 13.419 -7.073 -8.104 13.656 -5.398 -8.155 11.418
5 24 -10.368 -7.971 10.776 -9.677 -8.076 9.325 -10.697 -6.625 9.09 -8.677 -8.337 10.074
5 24 -9.554 13.909 13.74 -9.095 13.965 13.874 -9.388 13.513 13.826 -9.414 14.746 13.829
5 24 -5.812 -11.92 2.574 -6.095 -12.207 1.793 -5.461 -12.125 1.989 -6.393 -11.761 2.469
2 24 8.573 16.542 13.02 7.901 16.941 13.626
5 24 13.995 -2.804 12.446 12.552 -4.019 12.927 13.499 -3.552 10.923 13.428 -3.26 13.787
5 24 -13.907 7.315 10.283 -13.641 5.956 11.038 -13.984 5.526 10.131 -13.27 7.477 11.543
5 24 6.567 -9.067 6.544 7.894 -8.711 5.626 7.8 -9.396 7.131 7.452 -8.905 5.378
5 24 8.397 -10.321 -10.196 8.62 -10.145 -10.411 9.608 -9.952 -10.041 7.602 -10.112 -10.69
5 24 -5.931 14.358 14.701 -8.112 13.127 14.88 -6.665 12.472 15.301 -7.942 15.261 13.855
5 24 -1.866 -7.782 16.534 -2.826 -7.574 15.379 -3.512 -6.706 16.938 -.996 -8.216 15.029
5 24 -7.5367 2.4691 -9.8499 -8.337 1.857 -10.341 -9.164 2.207 -8.962 -6.8346 2.43 -10.2806
5 24 3.991 -10.014 3.822 2.848 -10.542 4.116 3.134 -10.187 4.502 3.665 -10.691 2.474
5 24 7.993 -11.181 -4.178 8.439 -10.263 -2.907 8.784 -10.356 -4.144 7.11 -11.389 -3.436
2 24 17.119 .203 -.669 17.688 -1.539 .268
5 24 -8.618 -9.074 7.81 -7.712 -8.893 6.78 -6.986 -8.335 7.456 -10.075 -8.996 7.132
5 24 14.964 -3.426 10.657 14.363 -2.705 11.11 15.324 -1.908 10.816 13.499 -3.552 10.923
5 24 -12.226 13.994 10.733 -12.575 15.034 8.629 -12.713 12.507 9.061 -11.858 16.419 9.88
5 24 -15.964 6.911 -1.817 -15.703 7.124 -2.721 -15.951 4.962 -1.726 -15.257 8.883 -3.23
5 24 -9.925 -9.585 -10.654 -9.405 -9.87 -9.31 -10.651 -8.957 -8.805 -8.966 -9.568 -10.685
5 24 -6.154 -11.382 -9.273 -5.571 -12.303 -9.531 -5.946 -12.167 -10.363 -5.233 -11.17 -8.507
5 24 -.345 -8.103 15.296 -.246 -8.318 14.069 .889 -7.627 15.281 -.996 -8.216 15.029
5 24 -16.68 -3.399 -2.061 -16.658 -4.027 -1.126 -16.157 -4.652 -1.85 -16.815 -3.415 -1.486
5 24 -.902 6.841 19.76 -.132 8.113 17.959 -2.667 6.418 18.202 .482 8 17.826
5 24 -11.409 -9.09 3.977 -10.335 -9.432 5.071 -10.893 -10.098 3.791 -11.471 -7.971 4.482
5 24 12.364 -8.339 -2.621 13.068 -6.952 -1.542 14.333 -5.622 -2.94 12.134 -7.979 -1.915
5 24 -14.59 -2.218 -7.553 -14.827 -1.923 -6.999 -14.473 -1.935 -7.534 -15.341 -3.018 -6.659
5 24 -9.388 13.513 13.826 -9.554 13.909 13.74 -9.607 12.486 13.2 -9.095 13.965 13.874
5 24 2.344 10.262 17.987 1.147 10.625 17.422 3.017 11.386 16.364 1.396 9.658 18.254
5 24 2.173 4.095 19.075 1.093 3.215 19.419 1.689 4.015 19.097 2.695 3.793 19.366
5 24 8.194 -1.2 17.795 9.83 -2.502 16.761 9.123 -1.23 17.38 8.835 -3.656 17.624
5 24 1.101 -12.244 3.142 1.932 -12.28 1.796 .465 -12.159 2.551 1.883 -12.335 2.937
5 24 -15.951 4.962 -1.726 -16.467 3.193 -1.248 -16.379 3.082 -2.216 -16.286 4.427 -.556
5 24 8.503 -5.166 15.95 9.875 -3.86 15.665 8.835 -3.656 17.624 9.548 -4.705 14.392
5 24 10.895 5.74 14.529 11.266 5.1 13.298 10.825 4.954 14.34 11.389 6.002 13.16
5 24 -11.696 -7.176 -9.714 -11.343 -8.315 -9.333 -11.28 -7.534 -10.426 -11.633 -7.673 -8.997
5 24 -4.86 -11.366 .378 -5.851 -12.154 .907 -5.268 -11.339 -.446 -5.568 -12.186 1.065
5 24 8.025 1.129 18.635 8.326 -.342 19.019 7.439 -.705 18.943 9.337 1.159 18.069
5 24 -12.492 -1.525 15.537 -12.779 .462 14.745 -13.44 -.575 13.286 -12.301 -.354 16.14
5 24 15.089 4.692 6.004 15.615 3.216 7.29 15.849 3.071 5.962 14.9 4.62 7.535
5 24 -6.393 -11.761 2.469 -6.751 -11.571 2.099 -6.095 -12.207 1.793 -6.999 -10.699 2.27
5 24 11.969 -3.692 15.054 11.596 -4.11 14.076 12.507 -3.713 14.786 10.864 -3.75 14.553
5 24 -11.693 -8.414 -3.26 -12.349 -7.827 -4.202 -11.442 -8.101 -4.436 -12.505 -8.433 -2.993
5 24 -1.95 -12.943 -7.065 -.368 -13.372 -7.781 -1.481 -12.604 -6.638 -.197 -13.64 -9.007
5 24 -.606 -10.583 9.481 -1.851 -10.265 9.054 -1.964 -10.084 9.549 -2.024 -10.446 7.996
5 24 -7.073 -8.104 13.656 -5.406 -8.464 13.419 -5.858 -8.236 14.341 -6.802 -8.21 12.853
5 24 -2.232 5.637 19.809 -.902 6.841 19.76 -.564 4.934 19.877 -2.667 6.418 18.202
5 24 1.059 2.017 19.859 .423 2.653 19.46 1.093 3.215 19.419 .734 1.685 19.851
5 24 -6.072 1.176 18.502 -4.878 1.458 19.296 -5.453 .464 19.049 -5.608 2.379 17.99
5 24 -16.536 -3.53 .887 -16.484 -4.578 -.472 -16.063 -4.918 -.103 -16.836 -3.188 .382
5 24 -5.28 -12.157 1.422 -4.86 -11.366 .378 -5.568 -12.186 1.065 -4.34 -11.027 1.13
5 24 14.491 2.34 11.716 13.868 1.986 12.049 14.466 2.848 11.53 14.786 1.668 11.537
5 24 8.788 -7.926 13.742 9.716 -7.622 12.751 8.647 -6.425 14.225 8.736 -8.627 12.467
5 24 -8.631 -11.057 -2.232 -8.867 -10.526 -2.927 -9.506 -10.409 -2.143 -7.17 -11.156 -2.74
5 24 .944 5.769 19.852 1.914 5.676 18.733 1.759 6.445 18.561 .913 4.472 19.832
5 24 -8.916 12.05 14.737 -8.932 11.086 14.799 -7.7 11.772 15.254 -9.655 11.288 13.441
5 24 9.439 -6.026 -12.262 8.947 -6.364 -13.46 9.049 -7.092 -13.308 8.255 -4.932 -13.347
5 24 -14.013 -1.396 12.65 -14.45 -.167 12.664 -14.429 -1.45 11.761 -13.44 -.575 13.286
5 24 -13.548 3.276 13.505 -12.911 3.545 14.094 -13.201 4.389 13.804 -13.148 2.588 13.422
5 24 7.953 1.148 -11.401 9.231 .637 -11.236 8.187 -.164 -11.804 9.86 1.022 -10.622
5 24 -14.96 -1.144 -6.793 -15.836 -1.516 -5.942 -15.401 -2.443 -6.289 -15.806 -.201 -6.044
5 24 4.594 .242 18.742 4.979 .141 18.53 5.505 1.162 18.538 4.506 -.474 18.676
5 24 11.618 12.323 10.176 11.892 14.303 10.655 10.808 12.661 11.437 12.151 13.4 9.445
5 24 .588 -3.619 -15.241 -.349 -2.55 -15.317 .271 -2.254 -15.417 -.556 -2.85 -15.441
5 24 1.202 -10.767 9.021 .98 -11.163 8.017 2.188 -10.228 9.041 .101 -11.101 8.56
5 24 -10.824 -4.729 -12.344 -11.156 -3.636 -11.361 -10.984 -3.694 -11.758 -12.081 -4.833 -11.08
5 24 -5.382 -3.322 -14.663 -4.855 -3.461 -16.042 -4.737 -2.382 -15.276 -5.05 -4.256 -15.615
5 24 10.195 -1.409 16.526 10.577 -1.608 16.024 10.008 -1.684 16.544 10.777 -1.397 15.964
5 24 -2.319 13.212 16.88 -3.866 14.279 15.749 -3.676 12.215 17.197 -2.746 14.722 15.728
5 24 6.024 9.966 15.953 6.224 9.484 16.345 5.707 9.897 16.148 6.953 9.949 15.27
5 24 8.647 -6.425 14.225 9.921 -5.582 13.665 10.208 -6.057 12.883 8.379 -5.459 14.713
5 24 9.337 1.159 18.069 8.025 1.129 18.635 8.294 2.933 16.797 8.326 -.342 19.019
5 24 8.736 -8.627 12.467 8.788 -7.926 13.742 6.956 -7.775 14.062 9.716 -7.622 12.751
5 24 3.398 4.129 19.759 3.099 5.136 19.377 2.695 3.793 19.366 4.123 5.719 19.331
5 24 -9.338 -4.404 -13.439 -8.532 -4.65 -13.761 -8.472 -5.19 -13.472 -9.779 -3.735 -13.429
5 24 14.054 -.246 11.538 14.017 -1.015 12.131 14.342 -.415 10.944 13.181 .026 12.502
5 24 13.78 5.194 11.61 13.824 6.013 10.333 13.689 6.362 11.555 14.03 3.833 10.291
5 24 15.083 2.556 10.349 14.786 1.668 11.537 15.263 1.821 10.091 14.491 2.34 11.716
5 24 2.342 -14.155 -9.24 1.777 -14.092 -10.356 2.976 -13.585 -11.205 1.748 -14.038 -9.59
5 24 -.088 -12.326 -13.458 -.825 -12.276 -13.13 -1.165 -11.033 -13.012 -.955 -12.671 -12.674
5 24 15.678 -4.947 -4.561 16.248 -3.898 -3.634 15.802 -4.871 -3.758 16.114 -3.627 -4.627
5 24 1.657 2.269 19.853 3.578 2.917 19.179 2.695 3.793 19.366 2.363 1.687 19.846
5 24 5.128 -11.283 -12.726 3.961 -11.422 -12.245 3.55 -10.793 -12.605 4.154 -11.932 -11.86
5 24 -14.357 4.564 8.993 -14.266 4.161 11.329 -13.984 5.526 10.131 -14.634 3.087 9.005
5 24 -9.897 -6.212 12.988 -10.018 -6.036 13.888 -10.552 -6.041 12.725 -8.874 -6.018 13.048
5 24 -1.478 -11.771 3.366 -.874 -10.856 2.271 -1.889 -11.446 2.429 -.652 -11.404 3.403
5 24 15.597 -4.802 5.527 15.884 -3.153 5.707 15.95 -3.18 4.696 15.574 -4.716 6.347
5 24 5.28 6.479 18.009 4.123 5.719 19.331 5.362 4.663 19.303 3.792 6.931 18.172
5 24 -13.93 10.206 8.265 -14.276 8.971 7.494 -14.346 10.906 6.311 -13.668 8.722 8.738
5 24 -12.493 10.778 4.666 -14.346 10.906 6.311 -14.713 9.318 5.781 -11.962 13.414 5.947
5 24 1.162 -13.898 -7.593 .403 -13.799 -6.842 1.198 -13.793 -5.95 -.368 -13.372 -7.781
5 24 -3.778 -10.269 9.926 -5.071 -10.378 9.28 -4.81 -10.071 10.472 -4.163 -10.532 9.08
5 24 -14.952 -4.502 -5.899 -15.009 -4.664 -6.957 -14.23 -5.246 -5.952 -15.505 -3.718 -5.581
5 24 1.072 -5.546 16.828 2.148 -5.078 17.985 .61 -4.689 17.669 2.052 -5.65 16.857
5 24 -8.261 -7.379 12.476 -8.673 -5.744 14.026 -8.874 -6.018 13.048 -7.323 -7.742 14.535
5 24 11.434 -6.148 12.5 10.208 -6.057 12.883 10.384 -6.393 12.118 11.31 -5.808 13.167
5 24 -12.558 -4.519 11.21 -12.748 -6.02 9.557 -13.419 -5.147 10.291 -11.099 -6.339 9.884
5 24 6.198 5.727 17.678 5.362 4.663 19.303 5.28 6.479 18.009 6.351 3.627 18.267
5 24 -3.817 .133 19.661 -3.107 .207 19.805 -3.937 -.785 19.087 -4.361 1.881 19.512
5 24 -6.802 -8.21 12.853 -7.073 -8.104 13.656 -5.406 -8.464 13.419 -8.261 -7.379 12.476
5 24 2.573 -2.165 19.463 1.964 -1.513 19.103 1.582 -2.801 18.964 2.905 -1.882 19.654
5 24 12.75 -7.801 1.212 11.809 -8.677 1.116 11.943 -8.852 .658 12.086 -7.973 1.641
5 24 11.685 -9.222 -7.765 12.008 -8.342 -7.694 11.283 -7.83 -8.608 11.493 -8.172 -6.097
5 24 -2.667 6.418 18.202 -2.232 5.637 19.809 -2.901 5.437 18.953 -.902 6.841 19.76
5 24 -16.129 3.127 7.656 -14.634 3.087 9.005 -15.902 4.533 7.683 -15.097 2.355 8.367
5 24 -4.019 -2.171 18.332 -3.646 -1.358 18.681 -4.01 -1.587 18.388 -2.9 -2.378 19.394
5 24 -10.338 12.853 12.708 -10.955 12.29 12.882 -9.827 12.233 12.997 -10.658 13.293 12.201
5 24 -5.233 -11.17 -8.507 -5.571 -12.303 -9.531 -6.154 -11.382 -9.273 -5.231 -12.712 -9.58
5 24 -.382 -10.839 12.439 1.605 -10.621 12.516 .519 -9.73 13.434 .984 -11.097 11.678
5 24 .519 -9.73 13.434 -.382 -10.839 12.439 1.605 -10.621 12.516 -.683 -9.488 13.478
5 24 -5.231 -12.712 -9.58 -5.946 -12.167 -10.363 -5.571 -12.303 -9.531 -5.158 -12.96 -10.444
5 24 16.292 .907 -1.284 16.962 1.156 -.302 17.119 .203 -.669 16.395 1.645 -.768
5 24 -6.69 -2.875 -14.439 -6.79 -1.547 -13.687 -6.408 -2.358 -14.455 -8.036 -2.713 -13.483
5 24 -10.865 -8.757 1.476 -10.643 -8.176 -.513 -10.186 -8.475 .811 -12.013 -8.161 -.575
5 24 2.692 -11.749 .97 1.932 -12.28 1.796 1.949 -11.98 1.046 3.422 -10.918 1.498
5 24 -9.164 2.207 -8.962 -9.529 1.446 -9.812 -10.6 1.131 -9.501 -8.337 1.857 -10.341
5 24 11.91 -1.959 15.619 11.969 -3.692 15.054 11.47 -1.799 15.744 12.585 -1.943 15.258
5 24 5.018 -10.188 7.337 4.162 -10.093 8.202 4.627 -9.722 8.115 4.55 -10.632 7.267
5 24 1.893 -13.331 -5.763 2.375 -13.282 -6.427 2.886 -12.119 -5.388 1.198 -13.793 -5.95
5 24 -5.071 -10.378 9.28 -5.869 -9.239 10.471 -6.222 -9.397 9.337 -4.81 -10.071 10.472
5 24 10.308 -7.889 9.136 9.36 -9.32 7.672 11.183 -7.602 7.859 8.47 -8.797 9.096
5 24 6.325 -11.187 -10.897 5.559 -12.192 -10.132 7.024 -12.056 -10.087 5.325 -11.544 -10.749
5 24 13.093 2.966 12.147 14.466 2.848 11.53 13.868 1.986 12.049 14.03 3.833 10.291
5 24 11.933 -6.197 11.231 11.271 -6.394 11.746 12.173 -5.908 12.045 10.984 -6.424 11.378
5 24 2.022 -8.859 14.168 3.582 -8.341 15.547 3.94 -8.961 13.869 2.244 -7.915 15.667
5 24 6.208 -7.483 -13.648 5.867 -9.03 -13.075 6.34 -8.366 -12.81 5.215 -7.768 -14.621
5 24 11.558 -2.653 -11.746 12.25 -3.145 -10.532 11.701 -2.057 -11.419 11.576 -4.03 -10.777
5 24 10.281 12.973 13.563 10.062 11.046 13.551 9.404 11.105 13.858 10.76 10.577 12.328
5 24 5.505 1.162 18.538 4.766 2.038 19.022 4.591 1.719 18.902 7.035 2.429 17.795
5 24 -12.222 -3.046 14.566 -10.718 -3.634 15.783 -10.993 -2.551 15.879 -12.344 -4.266 13.852
5 24 -3.817 .133 19.661 -4.727 -.35 19.282 -3.937 -.785 19.087 -4.361 1.881 19.512
5 24 -10.641 -8.382 -3.486 -10.132 -9.707 -4.474 -9.698 -9.534 -2.941 -10.923 -8.635 -5.131
5 24 3.832 -6.917 -14.658 3.669 -6.657 -14.861 4.57 -6.096 -14.2 3.142 -7.277 -14.611
5 24 3.582 -8.341 15.547 2.244 -7.915 15.667 2.022 -8.859 14.168 2.929 -5.791 16.92
5 24 7.186 -6.868 14.434 6.537 -6.325 14.648 8.379 -5.459 14.713 5.947 -7.414 14.158
5 24 -11.226 -8.813 -5.94 -10.689 -8.938 -5.711 -10.923 -8.635 -5.131 -10.228 -8.696 -6.332
5 24 11.942 -5.752 12.786 11.31 -5.808 13.167 12.286 -5.41 12.722 11.434 -6.148 12.5
5 24 4.226 15.793 15.702 5.472 14.87 14.401 4.722 14.175 15.176 5.348 16.144 14.397
5 24 1.675 -9.094 13.568 2.022 -8.859 14.168 3.197 -9.461 13.242 .964 -8.071 14.031
5 24 10.035 -9.638 -9.191 8.93 -10.382 -8.572 10.931 -10.45 -7.585 9.092 -9.857 -9.11
5 24 -9.779 -3.735 -13.429 -9.348 -2.064 -12.925 -9.075 -3.47 -13.857 -10.518 -3.74 -12.164
5 24 -1.252 -13.431 -.195 -2.356 -13.138 -.798 -1.58 -12.778 -1.803 -1.576 -13.126 .871
5 24 -11.601 -7.382 6.467 -11.756 -7.316 4.685 -13.052 -7.254 5.713 -11.123 -7.48 5.641
5 24 -3.93 -10.675 4.857 -5.445 -11.577 5.883 -5.47 -11.269 6.593 -5.626 -11.519 5.072
5 24 9.431 4.337 16.411 8.298 3.211 16.649 8.709 3.002 16.627 8.635 5.228 16.602
5 24 -16.15 6.31 -.704 -15.124 7.379 -.772 -15.377 6.787 .015 -15.923 7.063 -1.5
5 24 1.212 -7.637 15.196 .889 -7.627 15.281 .964 -8.071 14.031 1.244 -7.183 15.988
5 24 -11.814 1.877 14.1 -12.175 3.048 14.305 -13.148 2.588 13.422 -10.774 2.283 14.797
5 24 -9.6 16.765 12.358 -8.985 15.503 13.841 -8.239 16.285 13.746 -10.341 14.993 12.762
5 24 2.283 6.658 18.497 1.271 7.188 18.728 1.759 6.445 18.561 1.75 7.608 18.819
5 24 -1.084 -5.448 -16.026 -1.221 -3.321 -15.73 -.605 -3.172 -15.769 -2.187 -4.706 -15.586
5 24 -8.872 -3.381 18.082 -7.277 -4.051 18.71 -7.765 -4.853 17.612 -7.735 -2.865 18.897
5 24 -13.3 .342 13.347 -12.779 .462 14.745 -13.44 -.575 13.286 -12.704 1.318 13.279
5 24 1.465 -10.201 -13.956 2.026 -10.842 -13.171 .862 -11.591 -13.751 1.93 -10.042 -13.457
5 24 -2.278 -11.787 2.75 -3.429 -11.218 3.043 -2.614 -12.074 3.391 -2.953 -11.007 1.974
5 24 -3.846 -10.888 .785 -4.86 -11.366 .378 -4.399 -11.189 -.075 -4.34 -11.027 1.13
5 24 -14.352 -5.284 3.545 -14.348 -6.192 5.555 -14.083 -5.928 3.595 -15.015 -4.131 5.633
5 24 5.207 17.796 14.461 4.423 16.737 15.492 5.353 17.25 14.518 3.825 18.102 14.977
5 24 3.708 10.583 16.454 3.452 9.963 17.539 4.287 9.027 16.389 2.344 10.262 17.987
5 24 4.154 -11.932 -11.86 4.382 -13.396 -10.657 2.976 -13.585 -11.205 4.741 -12.122 -11.403
5 24 8.255 -4.932 -13.347 8.301 -5.966 -13.84 8.947 -6.364 -13.46 7.033 -5.21 -14.129
5 24 5.156 -11.765 .851 5.782 -12.171 -.467 4.849 -12.464 .145 6.359 -11.072 -.036
5 24 .897 -5.554 -16.037 .565 -5.079 -16.192 -1.084 -5.448 -16.026 .868 -5.074 -16.073
5 24 -8.985 15.503 13.841 -8.801 14.417 13.921 -9.414 14.746 13.829 -7.942 15.261 13.855
5 24 13.042 10.019 9.067 12.63 9.67 10.283 13.366 8.629 8.469 12.421 11.141 10.149
5 24 16.023 2.359 5.806 15.836 1.238 6.866 15.936 1.607 6.239 15.764 2.818 7.245
5 24 9.748 -8.489 5.832 11.183 -7.602 7.859 9.36 -9.32 7.672 10.732 -7.173 5.431
5 24 16.813 .466 5.3 17.304 1.517 2.805 16.851 1.637 5.129 17.007 -.235 4.968
5 24 -1.357 -13.372 -10.454 -.971 -12.818 -11.189 -.943 -13.419 -10.4 -2.324 -12.93 -10.468
5 24 1.259 -11.394 4.286 2.097 -11.856 3.74 1.101 -12.244 3.142 2.396 -11.255 4.086
5 24 1.748 -14.038 -9.59 .686 -13.051 -9.893 .757 -13.073 -9.081 1.777 -14.092 -10.356
5 24 4.616 -12.423 -6.13 4.196 -13.032 -5.155 5.594 -11.884 -6.245 3.367 -11.994 -6.002
5 24 11.476 9.347 11.83 12.325 9.931 10.981 10.76 10.577 12.328 11.847 8.7 11.444
5 24 -6.812 -11.004 4.932 -7.01 -10.906 5.802 -8.136 -9.926 4.857 -5.626 -11.519 5.072
5 24 -4.163 -10.532 9.08 -3.314 -10.386 7.679 -4.864 -10.116 7.437 -2.948 -10.516 8.409
5 24 12.364 -8.339 -2.621 13.027 -7.855 -4.383 12.56 -8.121 -4.92 14.333 -5.622 -2.94
5 24 2.148 -5.078 17.985 1.172 -4.385 18.204 1.867 -4.705 18.305 .61 -4.689 17.669
5 24 7.998 -10.02 2.269 6.452 -11.089 2.72 7.322 -10.729 1.175 7.068 -9.656 3.83
5 24 -14.302 3.199 12.192 -14.24 3.465 12.554 -13.548 3.276 13.505 -14.266 4.161 11.329
5 24 2.097 -11.856 3.74 1.101 -12.244 3.142 1.883 -12.335 2.937 1.259 -11.394 4.286
5 24 -12.017 -5.372 13.303 -12.416 -4.704 11.955 -11.171 -5.656 12.261 -12.344 -4.266 13.852
5 24 -9.827 12.233 12.997 -10.955 12.29 12.882 -9.655 11.288 13.441 -10.338 12.853 12.708
5 24 4.722 14.175 15.176 5.162 13.271 15.782 5.472 14.87 14.401 3.605 12.981 15.469
5 24 -6.299 6.331 18.532 -2.667 6.418 18.202 -2.901 5.437 18.953 -3.729 7.381 18.071
5 24 10.574 7.637 13.668 10.823 8.437 13.638 10.047 7.688 14.203 11.166 7.574 13.048
5 24 12.655 -7.694 3.699 11.212 -7.578 4.141 10.902 -7.763 2.309 12.744 -7.456 4.424
5 24 12.387 14.355 7.969 12.954 12.294 8.516 12.151 13.4 9.445 13.287 12.689 7.003
5 24 .889 -7.627 15.281 -.345 -8.103 15.296 .142 -7.705 16.101 -.246 -8.318 14.069
5 24 -1.901 -9.059 -14.597 -.025 -9.195 -15.537 -1.744 -8.423 -15.165 -1.433 -9.921 -14.172
5 24 11.364 .837 -10.632 12.23 1.213 -9.703 12.124 .97 -10.331 10.365 1.182 -10.231
5 24 -6.73 -7.371 -14.357 -5.969 -8.777 -13.9 -7 -8.82 -13.759 -5.292 -7.519 -14.56
5 24 -8.111 -11.478 -.437 -9.149 -10.949 -.524 -8.525 -11.368 -1.64 -8.205 -10.983 .252
5 24 7.186 -6.868 14.434 6.956 -7.775 14.062 8.788 -7.926 13.742 5.947 -7.414 14.158
5 24 -9.096 -10.381 .14 -8.167 -10.169 .687 -9.105 -9.529 1.041 -8.205 -10.983 .252
5 24 -.967 17.298 16.028 -.629 18.518 15.458 -1.569 18.311 15.334 .509 17.857 15.552
5 24 .964 -8.071 14.031 .889 -7.627 15.281 1.212 -7.637 15.196 -.246 -8.318 14.069
5 24 -12.592 7.42 12.817 -12.55 7.942 12.458 -11.177 8.416 13.013 -13.27 7.477 11.543
5 24 -5.643 -6.729 16.225 -6.097 -7.763 15.524 -7.248 -7.111 15.464 -5.609 -7.478 15.713
5 24 -12.134 11.213 -4.699 -13.978 10.243 -5.868 -11.827 11.047 -5.53 -14.578 10.379 -4.369
5 24 9.477 8.48 15.113 10.248 8.897 14.446 10.047 7.688 14.203 10.232 9.822 14.065
5 24 -12.809 -8.425 -2.358 -12.622 -8.523 -1.653 -12.365 -8.629 -1.969 -13.224 -8.152 -1.577
5 24 -10.723 -8.049 5.683 -11.021 -8.072 6.766 -11.123 -7.48 5.641 -10.039 -8.802 5.832
5 24 -13.3 .342 13.347 -14.45 -.167 12.664 -14.801 1.155 12.155 -13.44 -.575 13.286
5 24 2.899 -4.29 19.399 3.561 -5.087 18.188 2.501 -4.636 18.802 4.784 -4.199 19.009
5 24 15.255 7.546 -4.578 15.469 7.568 -1.961 14.911 10.547 -2.628 15.396 6.585 -4.017
5 24 -8.648 3.192 18.335 -7.407 4.286 17.538 -8.892 4.049 17.575 -7.889 2.19 19.004
5 24 -3.534 -12.492 -11.861 -4.545 -11.498 -12.228 -3.475 -11.706 -12.46 -4.156 -13.084 -11.412
5 24 14.618 .019 10.689 14.054 -.246 11.538 14.342 -.415 10.944 14.542 .601 11.384
5 24 -13.452 4.979 -7.988 -12.923 4.476 -8.337 -13.917 3.929 -7.705 -12.897 5.982 -8.303
5 24 -9.245 7.357 16.3 -8.463 8.451 16.161 -9.204 8.662 16.145 -8.352 7.398 16.179
5 24 2.401 -3.735 19.108 2.468 -2.808 19.326 1.582 -2.801 18.964 3.123 -3.153 19.834
5 24 5.524 -12.361 -1.215 5.967 -11.744 -1.804 4.281 -12.337 -2.51 6.578 -11.164 -.839
5 24 2.899 -4.29 19.399 2.501 -4.636 18.802 2.401 -3.735 19.108 3.561 -5.087 18.188
5 24 -8.288 -8.43 -12.187 -8.108 -8.195 -13.366 -7.221 -9.312 -12.599 -8.487 -7.297 -13.137
5 24 -7.246 -.162 -12.584 -7.426 .389 -12.494 -7.912 .269 -12.488 -6.948 .671 -12.274
5 24 -6.937 -11.495 -4.988 -7.823 -11.4 -5.646 -7.374 -11.193 -5.999 -7.447 -11.644 -4.751
5 24 15.324 -1.908 10.816 14.363 -2.705 11.11 14.964 -3.426 10.657 14.449 -1.665 11.095
5 24 -1.294 -7.565 17.043 .31 -7.195 16.817 -1.101 -6.879 17.793 .142 -7.705 16.101
5 24 16.694 -1.418 6.953 16.174 -1.379 7.732 16.742 -1.762 6.667 16.678 -.748 7.082
5 24 1.777 -14.092 -10.356 2.976 -13.585 -11.205 2.342 -14.155 -9.24 .996 -13.252 -11.522
5 24 -6.185 -11.534 -4.537 -7.447 -11.644 -4.751 -6.937 -11.495 -4.988 -6.681 -11.579 -3.668
5 24 -.088 -12.326 -13.458 -1.165 -11.033 -13.012 -.825 -12.276 -13.13 -.732 -10.336 -13.291
5 24 -3.676 12.215 17.197 -2.319 13.212 16.88 -2.733 12.244 17.41 -3.866 14.279 15.749
5 24 13.365 7.119 11.65 13.689 6.362 11.555 13.126 6.529 12.371 13.335 7.618 10.165
5 24 -5.56 -12.803 -2.701 -4.909 -13.022 -3.089 -5.564 -12.672 -3.11 -4.892 -13.018 -2.417
5 24 -16.68 -3.399 -2.061 -16.157 -4.652 -1.85 -16.658 -4.027 -1.126 -16.231 -3.552 -2.889
5 24 -.943 -13.419 -10.4 -1.913 -13.444 -9.722 -.507 -13.459 -10.124 -1.357 -13.372 -10.454
5 24 2.501 -4.636 18.802 1.867 -4.705 18.305 2.17 -4.188 18.759 2.148 -5.078 17.985
5 24 16.105 3.252 2.754 16.616 4.036 2.054 16.746 2.679 1.245 15.98 3.989 2.842
5 24 -6.095 -12.207 1.793 -6.751 -11.571 2.099 -6.596 -11.83 1.306 -6.393 -11.761 2.469
5 24 -12.622 -8.523 -1.653 -12.013 -8.161 -.575 -13.224 -8.152 -1.577 -12.365 -8.629 -1.969
5 24 3.55 -10.793 -12.605 3.961 -11.422 -12.245 3.238 -11.106 -12.234 5.128 -11.283 -12.726
5 24 6.451 12.055 15.849 5.162 13.271 15.782 4.943 12.795 16.081 6.304 14.603 14.442
5 24 15.615 3.216 7.29 14.9 4.62 7.535 14.825 3.603 8.531 15.089 4.692 6.004
5 24 15.421 .603 7.624 16.626 -.205 6.931 15.836 1.238 6.866 16.174 -1.379 7.732
5 24 -6.336 -3 18.918 -7.735 -2.865 18.897 -6.369 -1.683 18.864 -7.277 -4.051 18.71
5 24 7.024 -12.056 -10.087 6.372 -12.405 -8.622 7.85 -11.635 -10.007 5.559 -12.192 -10.132
5 24 -10.08 -9.905 -5.315 -10.132 -9.707 -4.474 -9.597 -10.513 -5.331 -10.923 -8.635 -5.131
5 24 5.382 -7.92 12.919 6.384 -8.19 12.73 5.28 -8.036 12.484 5.947 -7.414 14.158
5 24 -2.507 18.788 14.916 -3.611 18.125 14.988 -4.601 18.739 14.423 -2.556 18.201 14.997
5 24 -5.946 -12.167 -10.363 -5.571 -12.303 -9.531 -5.231 -12.712 -9.58 -6.154 -11.382 -9.273
5 24 8.78 18 12.22 8.825 17.594 12.593 7.901 16.941 13.626 10.23 16.909 11.641
5 24 -7.889 2.19 19.004 -8.951 1.131 18.901 -8.277 .835 19.2 -9.671 2.35 17.863
5 24 -8.985 15.503 13.841 -8.239 16.285 13.746 -7.942 15.261 13.855 -9.6 16.765 12.358
5 24 -6.432 -5.334 17.732 -7.765 -4.853 17.612 -7.277 -4.051 18.71 -7.206 -5.749 16.309
5 24 8.194 -1.2 17.795 7.439 -.705 18.943 7.136 -1.505 18.187 8.326 -.342 19.019
5 24 11.63 11.473 11.022 10.808 12.661 11.437 11.618 12.323 10.176 10.76 10.577 12.328
5 24 4.766 2.038 19.022 4.591 1.719 18.902 3.578 2.917 19.179 5.505 1.162 18.538
5 24 -9.685 -10.438 -1.603 -9.908 -9.651 -2.018 -9.506 -10.409 -2.143 -10.075 -9.59 -1.364
5 24 -5.857 1.419 -11.662 -6.8346 2.43 -10.2806 -7.651 1.369 -11.395 -5.5034 2.2242 -10.9674
5 24 -12.975 11.06 -3.605 -13.149 9.459 -1.649 -12.0107 3 -4.9751 -13.189 10.602 -2.108
5 24 14.149 1.124 11.82 13.181 .026 12.502 13.868 1.986 12.049 14.054 -.246 11.538
5 24 -13.73 -6.709 -6.424 -13.365 -5.974 -7.174 -12.901 -6.925 -7.237 -13.867 -5.737 -6.619
5 24 -6.999 -10.699 2.27 -7.36 -10.564 .667 -6.596 -11.83 1.306 -7.865 -9.873 1.326
5 24 3.605 12.981 15.469 3.71 16.992 15.729 2.731 17.08 15.965 4.226 15.793 15.702
5 24 -14.794 8.474 -5.024 -14.43 9.215 -5.847 -14.609 8.013 -5.74 -14.754 9.771 -4.892
5 24 2.657 18.206 15.203 2.731 17.08 15.965 1.664 17.844 15.272 3.71 16.992 15.729
5 24 -12.55 7.942 12.458 -12.119 8.783 12.027 -11.177 8.416 13.013 -13.27 7.477 11.543
5 24 -1.569 18.311 15.334 -.967 17.298 16.028 -.629 18.518 15.458 -2.154 17.569 15.257
5 24 14.919 -5.491 6.66 13.262 -4.755 8.204 14.494 -3.904 7.743 13.291 -6.176 6.749
5 24 1.465 -10.201 -13.956 2.111 -9.379 -13.882 2.075 -8.915 -14.3 1.93 -10.042 -13.457
5 24 -2.783 -10.365 9.224 -2.27 -9.834 9.943 -2.717 -9.234 10.706 -1.964 -10.084 9.549
5 24 12.63 9.67 10.283 13.366 8.629 8.469 13.042 10.019 9.067 12.753 8.625 10.04
5 24 -.902 6.841 19.76 .87 7.505 18.492 .208 6.441 19.809 .482 8 17.826
5 24 10.139 -8.74 -10.776 10.361 -7.932 -10.639 10.575 -9.157 -9.2 8.852 -8.038 -11.761
5 24 -4.34 -11.027 1.13 -3.846 -10.888 .785 -3.605 -10.566 1.242 -4.86 -11.366 .378
5 24 15.052 -3.597 -7.038 13.968 -4.746 -7.737 14.008 -5.037 -6.997 14.152 -3.072 -8.613
5 24 -.564 4.934 19.877 -.709 3.367 19.823 -1.849 3.865 19.862 .634 3.755 19.84
5 24 -12.779 .462 14.745 -12.301 -.354 16.14 -11.948 1.204 15.204 -12.492 -1.525 15.537
5 24 -11.015 -8.304 -3.348 -11.442 -8.101 -4.436 -11.071 -8.266 -4.48 -11.693 -8.414 -3.26
5 24 -8.108 -8.195 -13.366 -8.487 -7.297 -13.137 -8.288 -8.43 -12.187 -7.559 -6.801 -14.134
5 24 -13.217 -7.903 -6.528 -12.901 -6.925 -7.237 -13.608 -7.306 -6.392 -12.225 -7.529 -7.482
5 24 -6.222 -9.397 9.337 -5.071 -10.378 9.28 -5.869 -9.239 10.471 -5.919 -9.315 7.561
5 24 -3.011 -7.997 -15.747 -1.311 -6.994 -15.327 -1.744 -8.423 -15.165 -2.996 -7.113 -16.061
5 24 .108 16.709 16.344 1.086 17.393 15.381 1.174 15.115 15.884 .509 17.857 15.552
5 24 -14.693 9.079 -1.643 -14.227 10.541 -2.115 -13.149 9.459 -1.649 -15.078 10.232 -2.413
5 24 10.575 -9.157 -9.2 11.348 -10.011 -7.832 11.685 -9.222 -7.765 10.035 -9.638 -9.191
5 24 13.087 -5.44 -8.894 12.46 -4.358 -10.26 12.954 -3.871 -10.28 11.645 -6.072 -9.437
5 24 3.123 -3.153 19.834 2.899 -4.29 19.399 2.401 -3.735 19.108 4.784 -4.199 19.009
5 24 -2.318 -5.562 -14.958 -3.248 -5.084 -15.959 -3.274 -5.907 -15.388 -2.187 -4.706 -15.586
5 24 8.358 -8.711 11.23 8.736 -8.627 12.467 9.344 -8.199 12.365 6.384 -8.19 12.73
5 24 -3.011 -7.997 -15.747 -1.744 -8.423 -15.165 -2.954 -9.321 -14.613 -1.311 -6.994 -15.327
5 24 -.578 9.683 18.126 -.077 10.869 17.195 -1.342 11.546 16.878 .682 10.239 17.276
5 24 -10.085 -1.426 -12.624 -8.913 -1.374 -12.403 -9.348 -2.064 -12.925 -9.367 -.659 -11.885
5 24 10.952 -6.421 9.291 12.523 -5.86 10.794 11.933 -6.197 11.231 12.613 -5.479 9.572
5 24 -13.612 -7.693 -2.669 -14.478 -6.108 -1.319 -13.231 -7.06 -4.057 -13.681 -7.772 -1.827
5 24 7.068 -9.656 3.83 6.452 -11.089 2.72 7.998 -10.02 2.269 5.616 -10.725 4.113
5 24 -17.485 1.21 1.532 -17.925 .212 1.653 -17.336 .261 3.106 -17.411 -.274 -.475
5 24 -14.701 5.201 8.461 -14.494 6.049 9.212 -14.501 6.584 8.581 -14.357 4.564 8.993
5 24 -9.494 -3.095 16.588 -9.248 -1.907 16.677 -8.872 -3.381 18.082 -9.962 -2.761 16.157
5 24 5.128 -11.283 -12.726 3.55 -10.793 -12.605 4.922 -10.58 -13.319 3.961 -11.422 -12.245
5 24 -.996 -8.216 15.029 -1.274 -8.412 14.047 -2.826 -7.574 15.379 -.246 -8.318 14.069
5 24 12.124 .97 -10.331 12.652 .756 -9.647 12.38 .002 -10.637 12.23 1.213 -9.703
5 24 1.626 -10.755 7.138 2.332 -10.293 6.808 2.1 -10.23 6.201 2.484 -10.188 7.262
5 24 -7.233 -11.089 -6.47 -6.982 -11.595 -7.441 -6.144 -10.862 -6.547 -8.293 -10.939 -6.34
5 24 -8.525 -11.368 -1.64 -7.694 -11.535 -1.47 -7.884 -11.344 -1.974 -8.111 -11.478 -.437
5 24 -5.881 -4.399 18.455 -4.7 -4.888 16.571 -4.347 -4.234 17.009 -6.432 -5.334 17.732
5 24 12.905 -6.91 -8.306 13.48 -6.452 -7.832 13.364 -7.004 -7.357 13.087 -5.44 -8.894
5 24 -5.893 18.821 11.915 -7.295 18.37 13.354 -5.845 18.624 14.016 -7.591 18.603 10.94
5 24 15.827 3.657 4.241 15.182 4.753 4.845 15.849 3.071 5.962 15.656 5.126 3.606
5 24 -2.232 5.637 19.809 -2.901 5.437 18.953 -2.825 4.61 19.157 -2.667 6.418 18.202
5 24 9.608 -9.952 -10.041 8.397 -10.321 -10.196 8.62 -10.145 -10.411 9.092 -9.857 -9.11
5 24 -10.018 -6.036 13.888 -10.552 -6.041 12.725 -11.076 -5.871 14.288 -9.897 -6.212 12.988
5 24 -13.492 -2.251 11.329 -12.947 -3.506 12.045 -13.429 -2.121 12.042 -12.883 -3.833 11.207
5 24 -17.178 -2.732 -.217 -17.188 -2.213 -1.409 -17.319 -1.966 -.65 -16.815 -3.415 -1.486
5 24 10.902 -7.763 2.309 12.086 -7.973 1.641 12.186 -7.472 2.121 10.754 -8.075 2.073
5 24 12.286 -5.41 12.722 12.552 -4.019 12.927 12.929 -5.457 11.431 11.401 -5.154 13.633
5 24 -10.651 -8.957 -8.805 -11.141 -8.689 -10.739 -11.363 -8.438 -10.125 -10.818 -8.951 -10.998
5 24 9.435 -2.418 -12.398 10.664 -2.491 -12.263 9.839 -3.425 -12.072 10.177 -1.388 -12.086
5 24 -13.052 -7.254 5.713 -14.348 -6.192 5.555 -13.182 -6.71 3.57 -13.894 -6.099 6.845
5 24 .422 -8.061 -16.12 -.24 -7.007 -15.636 -.36 -8.392 -16.011 .847 -6.629 -15.465
5 24 10.52 13.953 12.201 11.323 15.757 11.189 9.965 14.958 12.365 11.892 14.303 10.655
5 24 -14.501 6.584 8.581 -14.175 7.597 8.711 -13.972 8.405 8.052 -14.317 6.788 9.685
5 24 -12.592 7.42 12.817 -11.95 6.305 13.413 -13.27 7.477 11.543 -11.994 6.734 13.494
5 24 -4.399 -11.189 -.075 -5.019 -11.772 -.883 -4.051 -11.55 -.435 -5.268 -11.339 -.446
5 24 14.091 3.021 -8.171 12.992 4.207 -8.285 12.889 3.104 -8.291 14.538 3.554 -7.914
5 24 -10.552 -6.041 12.725 -11.076 -5.871 14.288 -10.018 -6.036 13.888 -12.017 -5.372 13.303
5 24 9.99 -9.662 -9.532 10.035 -9.638 -9.191 9.092 -9.857 -9.11 10.575 -9.157 -9.2
5 24 -12.081 -4.833 -11.08 -12.05 -4.139 -10.372 -12.247 -5.068 -10.773 -11.156 -3.636 -11.361
5 24 7.135 -1.731 -13.507 6.446 -.605 -13.427 7.411 -.758 -13.296 6.147 -2.069 -13.454
5 24 5.162 13.271 15.782 3.605 12.981 15.469 4.722 14.175 15.176 4.943 12.795 16.081
5 24 -5.019 -11.772 -.883 -5.656 -12.209 -1.359 -6.682 -11.446 -1.449 -5.127 -12.514 -1.27
5 24 4.882 -12.021 -11.645 5.253 -11.944 -11.892 6.325 -11.187 -10.897 4.154 -11.932 -11.86
5 24 .668 -13.349 -3.875 2.034 -12.052 -3.718 1.056 -12.651 -4.802 .884 -13.245 -3.444
5 24 -11.471 -7.971 4.482 -11.838 -7.875 2.923 -12.024 -7.033 3.531 -11.409 -9.09 3.977
5 24 7.322 -10.729 1.175 6.452 -11.089 2.72 7.998 -10.02 2.269 6.062 -11.552 1.926
5 24 -6.144 -10.862 -6.547 -6.276 -11.368 -7.581 -6.982 -11.595 -7.441 -5.729 -11.4 -7.362
5 24 -6.999 -10.699 2.27 -6.187 -10.626 3.77 -7.202 -9.719 3.619 -6.393 -11.761 2.469
5 24 -13.681 -7.772 -1.827 -13.343 -7.022 -.407 -14.478 -6.108 -1.319 -13.224 -8.152 -1.577
5 24 15.324 -1.908 10.816 14.964 -3.426 10.657 14.363 -2.705 11.11 15.7 -2.26 9.435
5 24 -6.069 -12.182 -3.076 -6.185 -11.534 -4.537 -5.241 -12.323 -4.426 -6.681 -11.579 -3.668
5 24 -16.186 -3.657 -3.128 -16.002 -4.51 -3.541 -15.842 -4.309 -4.562 -15.801 -4.494 -2.812
5 24 7.893 5.775 16.583 7.916 6.609 16.293 8.744 6.156 16.4 7.567 6.07 16.577
2 24 15.848 -4.435 3.944 15.95 -3.18 4.696
5 24 -5.225 -10.426 -12.924 -5.25 -10.983 -11.896 -5.605 -10.055 -12.384 -4.545 -11.498 -12.228
5 24 16.222 -2.597 6.655 16.174 -1.379 7.732 15.926 -2.516 7.355 16.742 -1.762 6.667
5 24 -.455 -13.506 -4.213 -.392 -12.757 -5.246 .668 -13.349 -3.875 -1.141 -13.459 -4.043
5 24 -1.913 -13.444 -9.722 -.507 -13.459 -10.124 -.321 -13.525 -9.775 -.943 -13.419 -10.4
5 24 1.883 -12.335 2.937 2.097 -11.856 3.74 3.665 -10.691 2.474 1.101 -12.244 3.142
5 24 -17.336 .261 3.106 -17.07 .419 4.918 -17.125 -1.303 3.864 -16.376 2.267 3.873
5 24 -9.261 -10.199 -8.959 -8.502 -10.22 -9.103 -9.405 -9.87 -9.31 -8.596 -11.023 -8.76
5 24 3.625 -11.789 -7.132 2.375 -13.282 -6.427 2.178 -13.437 -7.928 3.367 -11.994 -6.002
5 24 9.344 -8.199 12.365 10.003 -7.387 12.098 9.716 -7.622 12.751 9.141 -7.684 10.041
5 24 2.424 8.092 18.996 1.413 8.212 18.731 1.75 7.608 18.819 2.321 9.024 18.755
5 24 9.86 1.022 -10.622 7.9977 2.4691 -9.5417 8.9232 2.4691 -8.9232 7.953 1.148 -11.401
5 24 -13.02 -6.419 -8.443 -11.696 -7.176 -9.714 -12.355 -5.73 -9.887 -11.633 -7.673 -8.997
5 24 3.73 -9.172 11.97 4.446 -10.434 11.413 3.221 -10.552 10.698 5.64 -9.261 11.584
5 24 -5.25 -10.983 -11.896 -6.022 -11.929 -11.098 -4.545 -11.498 -12.228 -5.81 -10.344 -11.722
5 24 3.538 -13.209 -4.205 2.834 -12.544 -3.891 3.6 -12.46 -2.465 2.886 -12.119 -5.388
5 24 11.493 -8.172 -6.097 11.078 -8.938 -4.531 11.833 -8.517 -5.007 9.567 -9.226 -4.5
5 24 -15.009 -4.664 -6.957 -14.094 -4.526 -8.382 -14.728 -3.406 -8.324 -13.867 -5.737 -6.619
5 24 -8.023 -10.673 -9.157 -7.592 -10.351 -9.664 -6.855 -11.033 -9.49 -8.381 -9.788 -9.493
5 24 -16.471 -4.735 -.998 -16.063 -4.918 -.103 -16.484 -4.578 -.472 -15.467 -5.589 -.877
5 24 8.546 5.731 16.587 7.893 5.775 16.583 8.635 5.228 16.602 8.744 6.156 16.4
5 24 1.75 7.608 18.819 2.424 8.092 18.996 1.413 8.212 18.731 2.283 6.658 18.497
5 24 -14.731 -3.797 8.722 -14.032 -5.158 9.342 -14.016 -4.614 7.669 -14.172 -4.856 9.595
5 24 1.101 -12.244 3.142 .465 -12.159 2.551 1.932 -12.28 1.796 -.186 -11.531 3.267
5 24 -7.232 -4.564 -14.965 -6.763 -3.657 -14.479 -6.78 -5.2 -15.174 -7.66 -3.752 -13.863
5 24 11.892 14.303 10.655 11.548 16.513 9.577 11.323 15.757 11.189 12.387 14.355 7.969
5 24 -14.013 -1.396 12.65 -13.059 -1.512 13.133 -13.44 -.575 13.286 -13.317 -1.984 12.536
5 24 9.875 -3.86 15.665 8.835 -3.656 17.624 9.83 -2.502 16.761 8.503 -5.166 15.95
5 24 -12.222 -3.046 14.566 -13.059 -1.512 13.133 -12.156 -2.16 14.935 -13.317 -1.984 12.536
5 24 -14.366 -6.531 .756 -14.596 -5.682 .543 -14.822 -4.839 2.106 -13.994 -6.035 -.263
5 24 -8.599 -11.262 -5.474 -8.293 -10.939 -6.34 -9.223 -10.001 -6.384 -7.823 -11.4 -5.646
5 24 8.002 -9.716 -1.776 8.439 -10.263 -2.907 8.687 -9.093 -1.84 7.11 -11.389 -3.436
5 24 -14.45 -.167 12.664 -13.44 -.575 13.286 -13.3 .342 13.347 -14.013 -1.396 12.65
5 24 -15.386 7.027 4.713 -14.86 6.007 7.421 -15.647 6.168 3.252 -15.26 7.582 5.316
5 24 7.669 16.415 14.036 8.573 16.542 13.02 7.901 16.941 13.626 8.418 15.346 13.508
5 24 2.026 -10.842 -13.171 3.015 -10.211 -12.672 3.06 -10.699 -12.464 1.93 -10.042 -13.457
5 24 1.259 -11.394 4.286 -.327 -10.589 4.898 -.515 -11.133 4.166 .861 -10.352 5.287
5 24 3.73 -9.172 11.97 2.277 -9.676 12.698 3.197 -9.461 13.242 2.746 -9.469 11.573
5 24 -.806 .204 18.797 -2.397 .11 19.735 -.718 2.357 18.886 -1.854 -.432 19.399
5 24 .482 8 17.826 -.902 6.841 19.76 -.132 8.113 17.959 .87 7.505 18.492
5 24 10.849 -5.449 -11.975 8.974 -4.991 -12.487 10.321 -4.497 -12.336 9.439 -6.026 -12.262
5 24 -8.525 -11.368 -1.64 -8.111 -11.478 -.437 -7.694 -11.535 -1.47 -9.149 -10.949 -.524
5 24 13.78 5.194 11.61 14.03 3.833 10.291 13.093 2.966 12.147 13.824 6.013 10.333
5 24 -4.54 -13.073 -2.689 -3.192 -12.48 -4.089 -2.626 -12.216 -3.8 -4.42 -12.741 -4.19
5 24 -10.372 -6.002 14.348 -8.574 -5.011 14.741 -10.573 -4.937 15.365 -8.673 -5.744 14.026
5 24 12.75 -7.801 1.212 13.541 -6.534 1.087 13.502 -6.911 -.311 12.897 -7.202 1.854
5 24 3.55 -10.793 -12.605 4.671 -9.905 -13.444 4.922 -10.58 -13.319 3.06 -10.699 -12.464
5 24 7.893 5.775 16.583 7.567 6.07 16.577 7.019 5.143 16.647 7.916 6.609 16.293
5 24 16.114 -3.627 -4.627 16.025 -2.428 -5.251 16.431 -2.715 -3.258 15.74 -3.334 -5.69
5 24 -11.363 -8.438 -10.125 -10.859 -7.835 -10.981 -11.28 -7.534 -10.426 -11.141 -8.689 -10.739
5 24 -2.324 -12.085 3.332 -2.614 -12.074 3.391 -2.184 -12.076 3.858 -2.278 -11.787 2.75
5 24 -2.213 -11.266 5.061 -1.417 -11.472 4.665 -1.315 -10.828 5.601 -2.057 -11.899 4.392
5 24 2.905 -1.882 19.654 2.646 -.837 19.239 3.482 -.653 19.103 2.161 -1.041 19.181
5 24 -14.366 -6.531 .756 -14.822 -4.839 2.106 -14.596 -5.682 .543 -14.669 -5.062 2.686
5 24 -13.972 8.405 8.052 -14.175 7.597 8.711 -14.501 6.584 8.581 -13.668 8.722 8.738
5 24 2.848 -10.542 4.116 3.665 -10.691 2.474 3.991 -10.014 3.822 2.396 -11.255 4.086
5 24 -4.615 -13.004 -9.518 -5.158 -12.96 -10.444 -4.626 -13.197 -10.763 -5.231 -12.712 -9.58
5 24 2.265 -5.033 -16.228 .868 -5.074 -16.073 1.101 -3.195 -15.308 1.679 -6.161 -16.053
5 24 -10.039 -8.802 5.832 -10.075 -8.996 7.132 -8.411 -9.067 5.627 -11.021 -8.072 6.766
5 24 5.226 -2.974 18.371 5.369 -1.504 18.047 4.991 -1.661 18.546 5.709 -3.327 17.852
5 24 -13.02 -6.419 -8.443 -12.355 -5.73 -9.887 -12.836 -5.434 -9.361 -11.696 -7.176 -9.714
5 24 -6.202 -11.019 -.616 -7.523 -11.501 -.957 -6.967 -10.832 .158 -6.682 -11.446 -1.449
5 24 8.88 -2.811 -13.82 9.435 -2.418 -12.398 7.97 -1.515 -13.075 9.298 -3.287 -13.334
5 24 -11.676 12.821 10.807 -11.531 12.378 12.282 -12.051 12.102 10.229 -10.978 13.652 11.29
5 24 1.797 -.259 -13.626 .724 .013 -14.327 1.995 -2.472 -14.924 .965 .848 -13.409
5 24 8.18 -7.126 -13.857 8.947 -6.364 -13.46 9.049 -7.092 -13.308 7.494 -5.967 -14.295
5 24 -14.266 4.161 11.329 -14.302 3.199 12.192 -14.24 3.465 12.554 -14.393 2.462 11.441
5 24 -16.536 -3.53 .887 -17.435 -2.774 1.552 -17.25 -3.525 2.288 -16.836 -3.188 .382
5 24 12.655 -7.694 3.699 12.186 -7.472 2.121 10.902 -7.763 2.309 13.58 -7.373 3.063
5 24 -3.629 -1.883 -15.279 -3.215 -2.093 -15.747 -2.754 -1.312 -14.398 -4.115 -2.589 -16.077
5 24 16.459 -1.614 -3.95 16.892 -.552 -2.865 15.676 -.056 -4.303 17.074 -2.108 -2.454
5 24 -15.647 -4.584 2.629 -15.967 -4.467 4.181 -16.302 -4.285 2.682 -14.352 -5.284 3.545
5 24 -5.231 -12.712 -9.58 -4.615 -13.004 -9.518 -5.233 -11.17 -8.507 -5.158 -12.96 -10.444
5 24 -10.471 8.609 15.228 -8.932 11.086 14.799 -9.204 8.662 16.145 -11.029 9.58 13.677
5 24 3.015 -10.211 -12.672 1.93 -10.042 -13.457 2.026 -10.842 -13.171 2.268 -9.725 -13.456
5 24 7.186 -6.868 14.434 8.788 -7.926 13.742 6.956 -7.775 14.062 8.647 -6.425 14.225
5 24 -13.451 -2.89 -10.019 -12.523 -.883 -9.733 -13.629 -1.213 -9.091 -13.105 -3.112 -10.292
5 24 -10.652 -7.68 8.585 -11.301 -7.624 7.834 -10.056 -8.584 8.593 -10.697 -6.625 9.09
5 24 11.389 6.002 13.16 13.126 6.529 12.371 12.72 3.72 12.589 11.424 7.654 12.713
5 24 -10.6 1.131 -9.501 -11.753 1.23 -8.841 -10.342 2.57 -7.922 -10.559 .273 -10.221
5 24 13.543 -4.337 9.296 14.964 -3.426 10.657 13.584 -4.265 10.064 14.494 -3.904 7.743
5 24 -7.277 -4.051 18.71 -7.765 -4.853 17.612 -8.872 -3.381 18.082 -6.432 -5.334 17.732
5 24 14.371 -6.846 3.827 13.718 -7.101 4.358 13.696 -7.348 3.735 14.841 -5.777 4.214
5 24 14.579 -.838 -8.069 15.055 -.938 -7.46 14.549 .822 -7.253 14.372 -1.864 -7.8
5 24 -10.342 2.57 -7.922 -12.726 2.959 -8.331 -12.182 1.672 -8.498 -10.401 3.726 -7.785
5 24 -16.104 -2.495 7.912 -14.557 -1.741 10.059 -14.875 -3.296 9.197 -15.472 .412 9.379
5 24 7.494 -5.967 -14.295 8.18 -7.126 -13.857 7.052 -7.496 -13.915 8.301 -5.966 -13.84
5 24 8.736 -8.627 12.467 6.384 -8.19 12.73 6.956 -7.775 14.062 8.358 -8.711 11.23
5 24 -14.754 9.771 -4.892 -14.866 10.364 -3.477 -15.105 8.773 -3.932 -14.578 10.379 -4.369
5 24 2.363 1.687 19.846 4.591 1.719 18.902 3.578 2.917 19.179 2.67 .984 19.775
5 24 13.868 1.986 12.049 14.149 1.124 11.82 14.786 1.668 11.537 13.215 1.253 12.517
5 24 15.491 -2.202 -5.75 16.459 -1.614 -3.95 16.025 -2.428 -5.251 15.676 -.056 -4.303
5 24 10.376 -8.904 4.997 9.748 -8.489 5.832 9.601 -9.444 5.116 10.732 -7.173 5.431
5 24 -16.19 -2.908 5.869 -16.993 -1.359 4.939 -16.961 -3.531 4.287 -16.548 -1.862 5.881
5 24 6.567 -9.067 6.544 5.914 -10.392 6.26 7.229 -9.251 4.974 5.638 -10.214 6.773
5 24 17.289 1.973 1.211 17.304 1.517 2.805 18.033 .503 1.155 16.746 2.679 1.245
5 24 -14.054 -3.25 -8.651 -14.728 -3.406 -8.324 -14.064 -2.215 -7.964 -14.094 -4.526 -8.382
5 24 -2.796 -12.679 -7.929 -4.276 -12.471 -7.846 -3.678 -12.042 -8.798 -4.177 -13.658 -6.37
5 24 -16.063 -4.918 -.103 -15.061 -4.447 1.344 -14.701 -5.507 .238 -15.919 -3.995 1.207
5 24 -6.097 4.037 18.673 -4.318 3.028 18.736 -3.159 3.765 19.219 -5.608 2.379 17.99
5 24 -1.628 -6.603 -15.506 -1.084 -5.448 -16.026 -.24 -7.007 -15.636 -2.318 -5.562 -14.958
5 24 10.657 -4.87 13.977 9.548 -4.705 14.392 9.921 -5.582 13.665 10.864 -3.75 14.553
5 24 -13.451 -2.89 -10.019 -13.105 -3.112 -10.292 -12.791 -4.602 -9.466 -12.523 -.883 -9.733
5 24 -6.967 -10.832 .158 -7.523 -11.501 -.957 -6.202 -11.019 -.616 -8.111 -11.478 -.437
5 24 -9.235 -10.621 2.76 -7.865 -9.873 1.326 -7.478 -9.961 2.472 -9.912 -10.29 2.337
5 24 -15.415 -4.762 -5.296 -15.339 -5.194 -4.982 -15.842 -4.309 -4.562 -15.301 -4.998 -5.302
5 24 -13.521 .882 -8.928 -13.937 -.365 -9.027 -13.09 .489 -9.452 -14.579 -.481 -7.869
5 24 7.141 2.959 17.475 7.483 4.056 16.583 7.086 3.977 16.871 7.405 2.607 17.458
5 24 -10.616 14.339 12.382 -10.658 13.293 12.201 -10.338 12.853 12.708 -10.979 13.977 11.279
5 24 -.493 -13.338 -2.337 -1.58 -12.778 -1.803 -.445 -12.701 -1.444 -1.19 -13.363 -2.723
5 24 4.262 -12.815 -.789 2.479 -12.677 -.676 2.703 -12.615 -1.822 3.067 -12.61 -.046
5 24 -9.105 -9.529 1.041 -9.84 -9.46 -.019 -9.096 -10.381 .14 -10.186 -8.475 .811
5 24 17.602 .607 .318 18.121 -.144 1.408 18.033 .503 1.155 17.688 -1.539 .268
5 24 -9.682 -8.323 11.195 -8.393 -8.383 11.213 -8.751 -8.197 11.881 -8.677 -8.337 10.074
5 24 15.105 -1.85 -6.879 15.052 -3.597 -7.038 15.491 -2.202 -5.75 14.372 -1.864 -7.8
5 24 -9.223 -10.065 -6.73 -8.243 -11.292 -7.026 -8.293 -10.939 -6.34 -9.129 -10.618 -7.824
5 24 -11.177 8.416 13.013 -10.471 8.609 15.228 -11.029 9.58 13.677 -10.599 6.949 14.093
5 24 -17.485 1.21 1.532 -17.336 .261 3.106 -17.925 .212 1.653 -16.686 2.158 2.61
5 24 -10.989 5.444 15.795 -10.537 4.478 16.063 -11.218 3.778 14.477 -10.384 5.324 16.87
5 24 -2.224 -9.523 11.726 -1.275 -10.07 12.633 -1.823 -10.228 11.291 -1.83 -9.153 12.929
5 24 -14.579 -.481 -7.869 -14.473 -1.935 -7.534 -14.96 -1.144 -6.793 -14.064 -2.215 -7.964
5 24 -9.261 -10.199 -8.959 -8.596 -11.023 -8.76 -9.129 -10.618 -7.824 -8.502 -10.22 -9.103
5 24 -2.996 -7.113 -16.061 -3.274 -5.907 -15.388 -4.615 -6.524 -15.297 -1.628 -6.603 -15.506
5 24 -8.631 -11.057 -2.232 -7.17 -11.156 -2.74 -7.884 -11.344 -1.974 -8.867 -10.526 -2.927
5 24 -13.629 -1.213 -9.091 -13.451 -2.89 -10.019 -13.704 -2.89 -9.659 -12.523 -.883 -9.733
5 24 -3.832 -12.024 -.592 -2.855 -11.844 .833 -4.051 -11.55 -.435 -2.907 -12.78 .113
5 24 4.423 16.737 15.492 3.825 18.102 14.977 5.207 17.796 14.461 3.71 16.992 15.729
5 24 6.325 -11.187 -10.897 6.958 -10.856 -11.208 6.743 -11.093 -11.668 7 -10.884 -10.789
5 24 -9.306 -3.914 15.688 -8.872 -3.381 18.082 -7.765 -4.853 17.612 -9.494 -3.095 16.588
5 24 12.744 -7.456 4.424 12.655 -7.694 3.699 13.696 -7.348 3.735 10.732 -7.173 5.431
5 24 7.8 -9.396 7.131 8.47 -8.797 9.096 6.813 -9.031 7.84 9.36 -9.32 7.672
5 24 -8.463 8.451 16.161 -8.515 9.14 16.128 -9.204 8.662 16.145 -7.441 9.291 16.254
5 24 -4.42 -12.741 -4.19 -4.54 -13.073 -2.689 -3.192 -12.48 -4.089 -4.909 -13.022 -3.089
5 24 10.776 -8.705 1.29 9.365 -9.761 2.404 10.754 -8.075 2.073 9.48 -10.139 1.597
5 24 -15.902 4.533 7.683 -16.129 3.127 7.656 -16.376 2.267 3.873 -14.634 3.087 9.005
5 24 -13.678 -7.607 .611 -14.366 -6.531 .756 -13.994 -6.035 -.263 -13.573 -7.432 2.735
5 24 2.375 -13.282 -6.427 1.198 -13.793 -5.95 1.162 -13.898 -7.593 1.893 -13.331 -5.763
5 24 -16.707 1.152 -.709 -17.485 1.21 1.532 -17.411 -.274 -.475 -16.941 2.087 .555
5 24 -2.32 10.819 17.472 -.578 9.683 18.126 -2.038 8.518 18.827 -1.342 11.546 16.878
5 24 -2.154 17.569 15.257 -2.556 18.201 14.997 -2.643 17.16 15.139 -1.569 18.311 15.334
5 24 -5.127 -12.514 -1.27 -4.538 -12.386 -1.016 -5.019 -11.772 -.883 -4.255 -12.802 -1.604
5 24 -10.923 -8.635 -5.131 -11.226 -8.813 -5.94 -11.967 -8.63 -5.675 -10.689 -8.938 -5.711
5 24 9.285 -.336 -11.755 10.177 -1.388 -12.086 10.848 -.324 -11.029 8.738 -1.417 -12.188
5 24 -11.95 6.305 13.413 -10.599 6.949 14.093 -11.994 6.734 13.494 -11.688 5.4 13.496
5 24 8.873 -10.134 4.324 7.998 -10.02 2.269 9.229 -10.243 3.449 7.068 -9.656 3.83
5 24 -9.164 -8.327 9.228 -8.677 -8.337 10.074 -9.677 -8.076 9.325 -8.531 -8.294 9.068
5 24 -.515 -11.133 4.166 -.855 -10.788 5.355 -.327 -10.589 4.898 -1.417 -11.472 4.665
5 24 13.584 -4.265 10.064 12.613 -5.479 9.572 12.929 -5.457 11.431 13.543 -4.337 9.296
5 24 14.777 3.364 10.169 14.825 3.603 8.531 15.34 2.57 8.419 14.188 4.195 8.62
5 24 -4.399 -11.189 -.075 -4.86 -11.366 .378 -5.268 -11.339 -.446 -3.846 -10.888 .785
5 24 4.784 -4.199 19.009 3.561 -5.087 18.188 5.086 -4.43 17.644 2.899 -4.29 19.399
5 24 9.567 -9.226 -4.5 9.913 -10.735 -6.757 8.679 -10.579 -5.325 10.931 -10.45 -7.585
5 24 5.325 -11.544 -10.749 4.882 -12.021 -11.645 4.741 -12.122 -11.403 6.325 -11.187 -10.897
5 24 12.387 14.355 7.969 10.551 16.692 8.277 11.548 16.513 9.577 11.341 14.596 7.097
5 24 -11.226 -8.813 -5.94 -11.967 -8.63 -5.675 -10.923 -8.635 -5.131 -12.68 -8.237 -6.676
5 24 1.711 -10.135 10.2 2.305 -10.328 9.667 2.163 -9.989 10.884 1.955 -10.287 9.599
5 24 -4.308 -6.48 16.125 -3.512 -6.706 16.938 -4.523 -5.927 16.345 -4.155 -6.825 15.785
5 24 -10.25 3.275 15.908 -11.218 3.778 14.477 -10.537 4.478 16.063 -10.774 2.283 14.797
5 24 -10.677 6.122 16.175 -10.599 6.949 14.093 -10.317 6.723 16.235 -11.688 5.4 13.496
5 24 -6.596 -11.83 1.306 -6.751 -11.571 2.099 -6.095 -12.207 1.793 -6.999 -10.699 2.27
5 24 -4.347 -13.018 -2.25 -4.892 -13.018 -2.417 -4.54 -13.073 -2.689 -4.963 -12.857 -1.8
5 24 14.618 .019 10.689 15.324 -1.908 10.816 14.449 -1.665 11.095 14.924 .552 9.667
5 24 -.732 -10.336 -13.291 -.088 -12.326 -13.458 -1.165 -11.033 -13.012 .521 -10.456 -13.865
5 24 -7.7 11.772 15.254 -7.505 10.914 15.306 -6.482 10.865 15.479 -8.932 11.086 14.799
5 24 16.431 -2.715 -3.258 16.114 -3.627 -4.627 16.025 -2.428 -5.251 16.248 -3.898 -3.634
5 24 12.72 3.72 12.589 11.389 6.002 13.16 13.126 6.529 12.371 11.266 5.1 13.298
5 24 -1.275 -10.07 12.633 -1.823 -10.228 11.291 -2.224 -9.523 11.726 -1.226 -10.785 10.968
5 24 15.047 7.329 4.6 15.16 6.951 5.273 15.276 6.327 4.001 14.689 8.615 5.632
5 24 -1.275 -10.07 12.633 -.683 -9.488 13.478 -1.83 -9.153 12.929 -.382 -10.839 12.439
5 24 -1.226 -10.785 10.968 .371 -10.718 9.674 .984 -11.097 11.678 -.606 -10.583 9.481
5 24 -5.812 -11.92 2.574 -5.461 -12.125 1.989 -6.095 -12.207 1.793 -4.805 -11.145 2.42
5 24 3.972 18.988 12.632 2.584 18.788 14.793 3.869 18.756 14.518 1.99 19.006 13.081
5 24 13.93 -1.289 12.664 12.414 -.561 14.034 13.181 .026 12.502 13.373 -1.723 14.231
5 24 -5.241 -12.323 -4.426 -5.564 -12.672 -3.11 -4.42 -12.741 -4.19 -6.069 -12.182 -3.076
5 24 10.825 4.954 14.34 10.543 5.385 15.501 10.501 4.599 15.024 10.895 5.74 14.529
5 24 -5.102 -3.214 18.559 -6.336 -3 18.918 -5.881 -4.399 18.455 -5.574 -2.156 18.756
5 24 -1.311 -6.994 -15.327 -2.996 -7.113 -16.061 -1.628 -6.603 -15.506 -3.011 -7.997 -15.747
5 24 -4.144 -11.197 -13.668 -4.094 -10.929 -13.994 -4.771 -10.775 -13.455 -3.072 -11.399 -13.618
5 24 -8.774 -6.774 -12.493 -8.683 -5.548 -12.994 -9.227 -5.939 -12.156 -8.487 -7.297 -13.137
5 24 7.616 -9.951 -10.873 8.62 -10.145 -10.411 9.316 -9.685 -10.842 7.602 -10.112 -10.69
5 24 1.99 19.006 13.081 2.584 18.788 14.793 3.972 18.988 12.632 -.071 19.026 13.239
5 24 12.124 .97 -10.331 12.38 .002 -10.637 11.364 .837 -10.632 12.652 .756 -9.647
5 24 -11.377 -8.778 2.105 -10.515 -10.342 3.117 -11.708 -8.408 2.581 -10.865 -8.757 1.476
5 24 9.22 15.809 12.42 10.23 16.909 11.641 8.825 17.594 12.593 9.965 14.958 12.365
5 24 -1.294 -7.565 17.043 -1.866 -7.782 16.534 -.345 -8.103 15.296 -2.362 -6.699 17.83
5 24 -2.7 -3.554 -16.269 -1.986 -3.597 -15.853 -2.187 -4.706 -15.586 -2.254 -3.33 -15.884
5 24 -15.919 -3.995 1.207 -16.302 -4.285 2.682 -15.061 -4.447 1.344 -17.25 -3.525 2.288
5 24 -14.065 4.586 12.468 -13.641 5.956 11.038 -13.161 6.054 12.036 -14.266 4.161 11.329
5 24 7.405 2.607 17.458 7.141 2.959 17.475 7.483 4.056 16.583 7.035 2.429 17.795
5 24 9.344 -8.199 12.365 9.716 -7.622 12.751 10.003 -7.387 12.098 8.736 -8.627 12.467
5 24 -5.881 -4.399 18.455 -4.347 -4.234 17.009 -5.102 -3.214 18.559 -4.7 -4.888 16.571
5 24 6.958 -10.856 -11.208 7.616 -9.951 -10.873 6.626 -10.368 -12.363 7.602 -10.112 -10.69
5 24 2.67 .984 19.775 4.594 .242 18.742 2.467 .401 19.759 4.591 1.719 18.902
5 24 -.197 -13.64 -9.007 .27 -13.4 -8.524 .757 -13.073 -9.081 -.368 -13.372 -7.781
5 24 -5.406 -8.464 13.419 -5.858 -8.236 14.341 -7.073 -8.104 13.656 -5.226 -8.166 14.178
5 24 -6.432 -5.334 17.732 -4.7 -4.888 16.571 -5.881 -4.399 18.455 -6.327 -5.763 16.779
5 24 -10.018 -6.036 13.888 -11.076 -5.871 14.288 -10.372 -6.002 14.348 -10.552 -6.041 12.725
5 24 8.194 -1.2 17.795 8.835 -3.656 17.624 7.136 -1.505 18.187 9.83 -2.502 16.761
5 24 -5.627 -4.044 -14.571 -5.05 -4.256 -15.615 -5.382 -3.322 -14.663 -5.389 -4.757 -15.147
5 24 10.896 -2.89 -12.101 10.536 -3.662 -11.84 9.839 -3.425 -12.072 11.558 -2.653 -11.746
5 24 8.397 -10.321 -10.196 7.85 -11.635 -10.007 8.352 -11.299 -9.771 7.602 -10.112 -10.69
5 24 -16.958 -2.978 -1.927 -17.188 -2.213 -1.409 -16.815 -3.415 -1.486 -17.086 -2.173 -2.908
5 24 17.007 -.235 4.968 17.033 -1.449 4.241 17.338 -.451 3.337 16.896 -1.54 5.577
5 24 -6.187 -10.626 3.77 -6.393 -11.761 2.469 -6.999 -10.699 2.27 -5.812 -11.92 2.574
5 24 -1.19 -13.363 -2.723 -.493 -13.338 -2.337 -1.58 -12.778 -1.803 -.308 -13.56 -3.224
5 24 -16.933 5.227 .946 -15.848 6.137 1.816 -16.905 5.239 1.919 -15.684 6.348 .932
5 24 12.46 -4.358 -10.26 11.777 -4.627 -10.555 11.576 -4.03 -10.777 13.087 -5.44 -8.894
5 24 3.969 11.662 16.28 3.017 11.386 16.364 4.474 10.907 16.338 3.605 12.981 15.469
5 24 -6.855 -11.033 -9.49 -6.154 -11.382 -9.273 -6.682 -10.886 -9.907 -7.093 -11.474 -8.381
5 24 9.491 -9.03 -3.545 8.784 -10.356 -4.144 9.567 -9.226 -4.5 8.439 -10.263 -2.907
5 24 10.864 -3.75 14.553 11.969 -3.692 15.054 11.596 -4.11 14.076 10.283 -3.467 14.994
5 24 -8.265 -10.336 -11.194 -7.132 -10.559 -11.867 -7.266 -10.889 -11.256 -8.158 -9.83 -11.766
5 24 -15.291 1.302 9.008 -14.634 3.087 9.005 -15.097 2.355 8.367 -14.393 2.462 11.441
5 24 -.564 4.934 19.877 -2.232 5.637 19.809 -1.849 3.865 19.862 .208 6.441 19.809
5 24 -14.701 5.201 8.461 -14.501 6.584 8.581 -14.86 6.007 7.421 -14.494 6.049 9.212
5 24 -15.015 -4.131 5.633 -13.894 -6.099 6.845 -14.348 -6.192 5.555 -14.016 -4.614 7.669
5 24 14.449 -1.665 11.095 14.618 .019 10.689 14.342 -.415 10.944 15.324 -1.908 10.816
5 24 -16.096 -3.307 -4.646 -15.842 -4.309 -4.562 -16.186 -3.657 -3.128 -15.725 -4.165 -5.141
5 24 -1.249 -1.256 19.649 -1.779 -3.423 19.419 -2.9 -2.378 19.394 -.314 -2.011 19.706
5 24 2.283 6.658 18.497 2.424 8.092 18.996 1.75 7.608 18.819 3.159 6.841 18.49
5 24 8.326 -.342 19.019 9.469 -.374 18.416 8.194 -1.2 17.795 9.337 1.159 18.069
5 24 11.271 -6.394 11.746 10.984 -6.424 11.378 10.384 -6.393 12.118 11.933 -6.197 11.231
5 24 -5.142 17.879 14.625 -5.845 18.624 14.016 -4.594 18.419 14.596 -6.096 17.358 14.263
5 24 -14.693 9.079 -1.643 -13.276 8.529 -1.184 -13.149 9.459 -1.649 -14.993 8.108 -1.327
5 24 -1.95 -12.943 -7.065 -.197 -13.64 -9.007 -.368 -13.372 -7.781 -.321 -13.525 -9.775
5 24 -10.718 -3.634 15.783 -9.962 -2.761 16.157 -10.993 -2.551 15.879 -9.306 -3.914 15.688
5 24 7.5 -8.726 -11.756 6.325 -9.433 -12.812 6.626 -10.368 -12.363 6.78 -8.564 -12.529
5 24 10.003 -7.387 12.098 10.384 -6.393 12.118 9.716 -7.622 12.751 10.352 -6.571 11.166
5 24 -8.502 -10.22 -9.103 -9.405 -9.87 -9.31 -9.261 -10.199 -8.959 -8.381 -9.788 -9.493
5 24 -3.504 -13.112 -4.777 -4.298 -13.446 -5.032 -3.181 -13.5 -5.145 -3.192 -12.48 -4.089
5 24 -15.923 7.063 -1.5 -14.993 8.108 -1.327 -15.627 8.028 -1.945 -15.124 7.379 -.772
5 24 -12.039 -8.178 -7.062 -12.68 -8.237 -6.676 -12.225 -7.529 -7.482 -11.226 -8.813 -5.94
5 24 -9.835 -6.604 -12.125 -9.835 -5.318 -12.279 -9.227 -5.939 -12.156 -10.697 -5.83 -12.472
5 24 17.688 -1.539 .268 16.903 -2.442 -.953 17.074 -2.108 -2.454 17.103 -2.762 .404
5 24 5.008 -11.123 5.213 3.134 -10.187 4.502 3.991 -10.014 3.822 3.62 -11.064 5.954
5 24 -13.787 5.947 -7.553 -12.897 5.982 -8.303 -13.452 4.979 -7.988 -14.076 7.322 -6.955
5 24 4.474 10.907 16.338 3.969 11.662 16.28 4.943 12.795 16.081 3.017 11.386 16.364
5 24 6.626 -10.368 -12.363 7.5 -8.726 -11.756 7.616 -9.951 -10.873 6.325 -9.433 -12.812
5 24 -15.401 -2.443 -6.289 -14.96 -1.144 -6.793 -15.836 -1.516 -5.942 -14.827 -1.923 -6.999
5 24 -2.239 -13.033 -5.089 -3.181 -13.5 -5.145 -3.504 -13.112 -4.777 -1.95 -12.943 -7.065
5 24 17.972 -.497 2.14 17.304 1.517 2.805 18.033 .503 1.155 17.338 -.451 3.337
5 24 -7.01 -10.906 5.802 -8.136 -9.926 4.857 -6.812 -11.004 4.932 -8.411 -9.067 5.627
5 24 4.922 -10.58 -13.319 3.55 -10.793 -12.605 4.671 -9.905 -13.444 5.128 -11.283 -12.726
5 24 -5.951 7.368 18.045 -6.404 8.39 17.674 -3.729 7.381 18.071 -6.259 7.095 17.033
5 24 -4.318 3.028 18.736 -3.682 2.356 19.674 -3.159 3.765 19.219 -4.361 1.881 19.512
5 24 -7.735 -2.865 18.897 -7.277 -4.051 18.71 -6.336 -3 18.918 -8.872 -3.381 18.082
5 24 10.952 -6.421 9.291 11.183 -7.602 7.859 11.763 -6.086 7.834 10.308 -7.889 9.136
5 24 3.067 -12.61 -.046 1.933 -12.272 -.728 2.479 -12.677 -.676 2.16 -11.904 .68
5 24 -2.278 -11.787 2.75 -1.889 -11.446 2.429 -2.953 -11.007 1.974 -1.478 -11.771 3.366
5 24 13.373 -1.723 14.231 13.995 -2.804 12.446 13.428 -3.26 13.787 13.93 -1.289 12.664
5 24 -13.978 10.243 -5.868 -14.43 9.215 -5.847 -14.754 9.771 -4.892 -13.866 9.986 -6.216
5 24 -6.665 12.472 15.301 -5.552 11.573 15.339 -5.21 12.462 15.322 -6.482 10.865 15.479
5 24 -4.255 -12.802 -1.604 -4.963 -12.857 -1.8 -4.347 -13.018 -2.25 -5.127 -12.514 -1.27
5 24 16.678 -.748 7.082 16.174 -1.379 7.732 16.626 -.205 6.931 16.694 -1.418 6.953
5 24 -13.217 -7.903 -6.528 -13.608 -7.306 -6.392 -12.901 -6.925 -7.237 -12.829 -8.116 -5.116
5 24 -5.453 .464 19.049 -4.727 -.35 19.282 -4.878 1.458 19.296 -5.802 -.951 18.649
5 24 -2.232 5.637 19.809 -1.849 3.865 19.862 -.564 4.934 19.877 -2.825 4.61 19.157
5 24 3.6 -12.46 -2.465 2.703 -12.615 -1.822 4.262 -12.815 -.789 3.015 -12.351 -2.595
5 24 12.368 -8.602 -.342 12.75 -7.801 1.212 13.502 -6.911 -.311 11.943 -8.852 .658
5 24 2.67 .984 19.775 4.591 1.719 18.902 4.594 .242 18.742 2.363 1.687 19.846
5 24 -.745 -6.025 17.842 .257 -4.715 17.755 -1.92 -4.614 18.326 1.072 -5.546 16.828
5 24 2.261 -11.952 -2.737 2.703 -12.615 -1.822 3.015 -12.351 -2.595 1.735 -12.135 -1.97
5 24 -8.243 -11.292 -7.026 -8.293 -10.939 -6.34 -6.982 -11.595 -7.441 -9.223 -10.065 -6.73
5 24 12.186 -7.472 2.121 12.75 -7.801 1.212 12.086 -7.973 1.641 12.897 -7.202 1.854
5 24 -12.226 13.994 10.733 -11.081 17 10.656 -10.595 15.839 11.334 -11.858 16.419 9.88
5 24 -4.276 -12.471 -7.846 -5.233 -11.17 -8.507 -5.433 -11.94 -6.953 -3.678 -12.042 -8.798
5 24 1.626 -10.755 7.138 1.211 -10.802 6.503 1.164 -11.155 7.268 2.1 -10.23 6.201
5 24 13.428 -3.26 13.787 13.995 -2.804 12.446 13.373 -1.723 14.231 12.552 -4.019 12.927
5 24 -13.974 -6.405 -5.667 -14.266 -5.738 -5.059 -13.86 -6.53 -4.749 -14.23 -5.246 -5.952
5 24 10.232 9.822 14.065 8.438 9.299 15.286 9.477 8.48 15.113 8.47 11.195 14.174
5 24 -6.665 12.472 15.301 -5.931 14.358 14.701 -8.112 13.127 14.88 -5.131 13.535 15.124
5 24 -12.017 -5.372 13.303 -11.171 -5.656 12.261 -12.416 -4.704 11.955 -10.552 -6.041 12.725
5 24 2.692 -11.749 .97 3.067 -12.61 -.046 3.978 -12.447 .273 2.16 -11.904 .68
5 24 -12.416 -4.704 11.955 -12.344 -4.266 13.852 -12.947 -3.506 12.045 -12.017 -5.372 13.303
5 24 7.893 5.775 16.583 8.635 5.228 16.602 8.546 5.731 16.587 7.483 4.056 16.583
5 24 -4.545 -11.498 -12.228 -5.48 -12.504 -11.246 -4.97 -12.653 -11.491 -6.022 -11.929 -11.098
5 24 16.105 3.252 2.754 17.304 1.517 2.805 16.015 2.979 4.7 16.746 2.679 1.245
5 24 7.993 -11.181 -4.178 6.19 -11.325 -5.7 5.895 -11.986 -4.203 8.249 -10.795 -5.665
5 24 4.123 5.719 19.331 5.362 4.663 19.303 3.398 4.129 19.759 5.28 6.479 18.009
5 24 -8.239 16.285 13.746 -7.942 15.261 13.855 -8.985 15.503 13.841 -6.565 15.64 14.029
5 24 -8.677 -8.337 10.074 -8.531 -8.294 9.068 -7.379 -8.014 9.533 -9.164 -8.327 9.228
5 24 13.718 -7.101 4.358 13.855 -6.099 5.076 14.371 -6.846 3.827 13.058 -7.232 4.634
5 24 -.308 -13.56 -3.224 -1.336 -13.373 -3.227 -1.19 -13.363 -2.723 -1.141 -13.459 -4.043
5 24 -4.34 -11.027 1.13 -4.805 -11.145 2.42 -5.28 -12.157 1.422 -3.759 -10.56 1.6
5 24 -3.429 -11.218 3.043 -2.734 -12.033 3.658 -2.614 -12.074 3.391 -2.95 -11.517 4.394
5 24 -10.552 -6.041 12.725 -12.017 -5.372 13.303 -11.171 -5.656 12.261 -11.076 -5.871 14.288
5 24 10.664 -2.491 -12.263 10.177 -1.388 -12.086 10.887 -1.59 -12.063 9.435 -2.418 -12.398
5 24 -3.166 -1.058 19.145 -3.107 .207 19.805 -3.937 -.785 19.087 -2.547 -.783 19.435
5 24 -2.614 -12.074 3.391 -2.734 -12.033 3.658 -3.429 -11.218 3.043 -2.184 -12.076 3.858
5 24 -1.77 -11.96 4.189 -2.184 -12.076 3.858 -1.873 -12.056 3.634 -2.057 -11.899 4.392
5 24 -5.127 -12.514 -1.27 -4.255 -12.802 -1.604 -4.538 -12.386 -1.016 -4.963 -12.857 -1.8
5 24 -8.951 1.131 18.901 -9.671 2.35 17.863 -9.862 .172 17.403 -7.889 2.19 19.004
5 24 -5.382 -3.322 -14.663 -5.627 -4.044 -14.571 -5.05 -4.256 -15.615 -6.763 -3.657 -14.479
5 24 -16.958 -2.978 -1.927 -16.68 -3.399 -2.061 -16.815 -3.415 -1.486 -16.991 -2.68 -2.82
5 24 15.215 .552 -6.365 15.105 -1.85 -6.879 15.676 -.056 -4.303 15.055 -.938 -7.46
5 24 2.383 5.163 18.919 2.283 6.658 18.497 1.914 5.676 18.733 3.099 5.136 19.377
5 24 3.978 -12.447 .273 3.067 -12.61 -.046 2.692 -11.749 .97 4.262 -12.815 -.789
5 24 15.656 5.126 3.606 15.827 3.657 4.241 15.98 3.989 2.842 15.182 4.753 4.845
5 24 7.11 -11.389 -3.436 8.002 -9.716 -1.776 7.235 -10.335 -1.886 8.439 -10.263 -2.907
5 24 9.767 14.131 13.452 10.52 13.953 12.201 10.281 12.973 13.563 9.965 14.958 12.365
5 24 -14.59 -2.218 -7.553 -14.473 -1.935 -7.534 -14.827 -1.923 -6.999 -14.064 -2.215 -7.964
5 24 -9.657 17.624 9.203 -9.654 17.776 11.955 -11.081 17 10.656 -8.575 18.258 10.216
2 24 -16.836 -3.188 .382 -17.435 -2.774 1.552
5 24 -1.91 -11.335 -13.014 -1.622 -11.456 -12.861 -2.311 -11.513 -12.24 -1.165 -11.033 -13.012
5 24 10.232 9.822 14.065 10.248 8.897 14.446 10.823 8.437 13.638 9.477 8.48 15.113
5 24 6.055 8.257 17.514 6.711 8.667 16.959 6.384 6.925 17.913 5.972 9.3 16.619
5 24 -2.948 -10.516 8.409 -3.314 -10.386 7.679 -4.163 -10.532 9.08 -2.024 -10.446 7.996
5 24 9.22 15.809 12.42 9.767 14.131 13.452 8.418 15.346 13.508 9.965 14.958 12.365
5 24 10.384 -6.393 12.118 9.716 -7.622 12.751 10.208 -6.057 12.883 10.003 -7.387 12.098
5 24 .868 -13.251 -2.922 -.308 -13.56 -3.224 .563 -13.23 -2.441 .884 -13.245 -3.444
5 24 -16.836 -3.188 .382 -16.484 -4.578 -.472 -16.536 -3.53 .887 -16.658 -4.027 -1.126
5 24 -13.276 8.529 -1.184 -14.993 8.108 -1.327 -14.693 9.079 -1.643 -13.364 7.677 -.477
5 24 15.7 -2.26 9.435 15.324 -1.908 10.816 14.964 -3.426 10.657 14.924 .552 9.667
5 24 .31 -7.195 16.817 -1.101 -6.879 17.793 -.745 -6.025 17.842 -1.294 -7.565 17.043
5 24 13.995 -2.804 12.446 13.499 -3.552 10.923 12.552 -4.019 12.927 14.363 -2.705 11.11
5 24 -9.835 -5.318 -12.279 -8.683 -5.548 -12.994 -9.227 -5.939 -12.156 -9.338 -4.404 -13.439
5 24 13.262 -4.755 8.204 13.291 -6.176 6.749 11.763 -6.086 7.834 14.919 -5.491 6.66
5 24 12.561 1.924 -8.406 12.969 1.007 -8.253 13.567 2.416 -8.285 12.598 1.455 -8.476
5 24 15.802 -4.871 -3.758 15.05 -4.963 -2.81 14.333 -5.622 -2.94 16.248 -3.898 -3.634
5 24 2.546 -3.708 -16.096 3.048 -3 -15.2 3.912 -3.832 -14.76 1.478 -2.839 -15.331
5 24 1.072 -5.546 16.828 -.745 -6.025 17.842 1.195 -6.606 16.288 .257 -4.715 17.755
5 24 .422 -8.061 -16.12 .93 -7.415 -15.677 .936 -9.322 -15.13 .847 -6.629 -15.465
5 24 .668 -13.349 -3.875 -.392 -12.757 -5.246 1.056 -12.651 -4.802 -.455 -13.506 -4.213
5 24 -7.942 15.261 13.855 -5.931 14.358 14.701 -8.112 13.127 14.88 -6.565 15.64 14.029
5 24 13.58 -7.373 3.063 13.541 -6.534 1.087 12.897 -7.202 1.854 14.275 -6.846 2.766
5 24 9.141 -7.684 10.041 8.47 -8.797 9.096 9.749 -7.046 10.148 8.343 -8.076 9.954
5 24 -14.366 -6.531 .756 -14.047 -6.661 2.901 -13.678 -7.607 .611 -14.669 -5.062 2.686
5 24 1.777 -14.092 -10.356 .686 -13.051 -9.893 1.748 -14.038 -9.59 .996 -13.252 -11.522
5 24 -11.696 -8.662 1.989 -11.708 -8.408 2.581 -11.377 -8.778 2.105 -12.588 -8.288 2.325
5 24 -17.25 -3.525 2.288 -16.302 -4.285 2.682 -15.919 -3.995 1.207 -16.961 -3.531 4.287
5 24 -12.416 -4.704 11.955 -12.883 -3.833 11.207 -12.947 -3.506 12.045 -12.558 -4.519 11.21
5 24 -2.213 -11.266 5.061 -2.95 -11.517 4.394 -3.328 -10.413 5.471 -2.057 -11.899 4.392
5 24 -5.564 -12.672 -3.11 -4.909 -13.022 -3.089 -4.42 -12.741 -4.19 -5.56 -12.803 -2.701
5 24 13.78 5.194 11.61 13.093 2.966 12.147 13.126 6.529 12.371 14.03 3.833 10.291
5 24 -.445 -12.701 -1.444 -1.252 -13.431 -.195 -1.58 -12.778 -1.803 .666 -11.738 -.945
5 24 17.007 -.235 4.968 17.338 -.451 3.337 17.033 -1.449 4.241 17.304 1.517 2.805
5 24 14.333 -5.622 -2.94 16.65 -4.716 -.953 15.05 -4.963 -2.81 13.502 -6.911 -.311
5 24 .588 -3.619 -15.241 .565 -5.079 -16.192 .868 -5.074 -16.073 -.605 -3.172 -15.769
5 24 -9.84 -9.46 -.019 -10.643 -8.176 -.513 -10.09 -9.692 -.857 -10.186 -8.475 .811
5 24 14.03 3.833 10.291 14.777 3.364 10.169 14.466 2.848 11.53 14.188 4.195 8.62
5 24 -16.658 -4.027 -1.126 -16.157 -4.652 -1.85 -16.471 -4.735 -.998 -16.68 -3.399 -2.061
5 24 -15.393 -4.908 -2.874 -14.478 -6.108 -1.319 -15.467 -5.589 -.877 -14.647 -5.472 -3.077
5 24 -5.643 -6.729 16.225 -4.523 -5.927 16.345 -6.327 -5.763 16.779 -4.308 -6.48 16.125
5 24 -7.143 9.311 16.562 -6.482 10.865 15.479 -7.18 10.169 15.779 -5.113 11.116 16.347
5 24 5.421 18.591 14.058 6.052 18.694 11.744 3.972 18.988 12.632 6.99 18.449 13.381
5 24 -10.08 -9.905 -5.315 -9.223 -10.001 -6.384 -9.597 -10.513 -5.331 -10.228 -8.696 -6.332
5 24 9.049 -7.092 -13.308 9.439 -6.026 -12.262 8.852 -8.038 -11.761 8.947 -6.364 -13.46
5 24 -8.618 -9.074 7.81 -10.056 -8.584 8.593 -8.531 -8.294 9.068 -10.075 -8.996 7.132
5 24 5.086 -4.43 17.644 5.019 -5.148 16.24 3.561 -5.087 18.188 5.531 -4.348 17.281
5 24 8.187 -.164 -11.804 9.231 .637 -11.236 9.285 -.336 -11.755 7.953 1.148 -11.401
5 24 3.482 -.653 19.103 2.467 .401 19.759 2.646 -.837 19.239 4.594 .242 18.742
5 24 8.316 -7.991 -13.395 8.18 -7.126 -13.857 7.496 -7.963 -13.583 8.842 -7.592 -13.284
5 24 -10.718 -3.634 15.783 -10.573 -4.937 15.365 -9.306 -3.914 15.688 -12.344 -4.266 13.852
5 24 -11.962 13.414 5.947 -14.346 10.906 6.311 -13.242 13.3 7.337 -12.493 10.778 4.666
5 24 -10.566 16.73 8.092 -12.575 15.034 8.629 -11.858 16.419 9.88 -11.152 15.629 7.352
5 24 7.483 4.056 16.583 7.893 5.775 16.583 8.635 5.228 16.602 7.019 5.143 16.647
5 24 10.361 -7.932 -10.639 10.575 -9.157 -9.2 10.868 -8.536 -8.986 10.139 -8.74 -10.776
5 24 5.095 -12.714 -4.083 4.196 -13.032 -5.155 5.594 -11.884 -6.245 3.538 -13.209 -4.205
5 24 12.552 -4.019 12.927 13.428 -3.26 13.787 12.507 -3.713 14.786 13.995 -2.804 12.446
5 24 -6.999 -10.699 2.27 -7.478 -9.961 2.472 -7.865 -9.873 1.326 -7.202 -9.719 3.619
5 24 15.849 3.071 5.962 15.827 3.657 4.241 15.182 4.753 4.845 16.059 2.699 5.237
5 24 -15.725 -4.165 -5.141 -15.865 -3.397 -5.173 -15.639 -3.368 -5.54 -16.096 -3.307 -4.646
5 24 9.835 -9.797 4.437 9.601 -9.444 5.116 8.743 -9.822 4.95 10.6 -9.149 4.452
5 24 -3.778 -10.269 9.926 -4.81 -10.071 10.472 -5.071 -10.378 9.28 -3.888 -9.395 10.998
5 24 13.335 7.618 10.165 13.365 7.119 11.65 12.364 8.701 10.782 13.689 6.362 11.555
5 24 4.262 -12.815 -.789 4.849 -12.464 .145 5.524 -12.361 -1.215 3.978 -12.447 .273
5 24 2.305 -10.328 9.667 2.163 -9.989 10.884 1.711 -10.135 10.2 3.221 -10.552 10.698
5 24 -5.931 14.358 14.701 -4.524 15.773 15.592 -5.131 13.535 15.124 -6.418 16.469 13.977
5 24 -7.073 -8.104 13.656 -8.261 -7.379 12.476 -7.323 -7.742 14.535 -6.802 -8.21 12.853
5 24 7.837 18.25 10.705 8.78 18 12.22 10.123 17.344 11.096 6.052 18.694 11.744
5 24 12.364 -8.339 -2.621 12.56 -8.121 -4.92 11.833 -8.517 -5.007 13.027 -7.855 -4.383
2 24 11.618 12.323 10.176 12.51 11.452 9.096
5 24 -10.701 -4.031 -12.111 -10.984 -3.694 -11.758 -10.518 -3.74 -12.164 -10.824 -4.729 -12.344
5 24 6.318 -5.199 -14.355 6.348 -5.704 -13.87 7.033 -5.21 -14.129 5.772 -6.15 -13.521
5 24 10.139 -8.74 -10.776 8.852 -8.038 -11.761 9.316 -9.685 -10.842 10.361 -7.932 -10.639
5 24 2.703 -12.615 -1.822 3.015 -12.351 -2.595 2.261 -11.952 -2.737 3.6 -12.46 -2.465
5 24 -2.278 -11.787 2.75 -2.953 -11.007 1.974 -1.889 -11.446 2.429 -3.429 -11.218 3.043
5 24 -12.175 3.048 14.305 -13.148 2.588 13.422 -11.814 1.877 14.1 -12.911 3.545 14.094
5 24 -14.754 9.771 -4.892 -14.578 10.379 -4.369 -13.978 10.243 -5.868 -14.866 10.364 -3.477
5 24 9.839 -3.425 -12.072 10.321 -4.497 -12.336 9.59 -4.133 -12.504 10.536 -3.662 -11.84
5 24 -10.075 -8.996 7.132 -10.056 -8.584 8.593 -11.301 -7.624 7.834 -8.618 -9.074 7.81
5 24 3.539 -10.204 8.126 4.55 -10.632 7.267 4.162 -10.093 8.202 3.859 -10.899 6.66
5 24 8.736 -8.627 12.467 9.344 -8.199 12.365 9.716 -7.622 12.751 8.358 -8.711 11.23
5 24 8.379 -5.459 14.713 7.186 -6.868 14.434 8.647 -6.425 14.225 6.537 -6.325 14.648
5 24 -9.506 -10.409 -2.143 -9.698 -9.534 -2.941 -8.867 -10.526 -2.927 -9.908 -9.651 -2.018
5 24 1.605 -10.621 12.516 2.163 -9.989 10.884 .984 -11.097 11.678 2.277 -9.676 12.698
5 24 -12.705 -2.827 -10.581 -11.869 -2.071 -10.673 -11.46 -3.493 -10.7 -12.523 -.883 -9.733
5 24 14.03 3.833 10.291 13.824 6.013 10.333 14.188 4.195 8.62 13.78 5.194 11.61
5 24 4.594 .242 18.742 5.505 1.162 18.538 4.979 .141 18.53 4.591 1.719 18.902
5 24 10.062 11.046 13.551 10.232 9.822 14.065 9.404 11.105 13.858 10.76 10.577 12.328
5 24 -17.975 -1.09 1.544 -17.42 -2.358 .381 -17.435 -2.774 1.552 -17.411 -.274 -.475
5 24 .271 -2.254 -15.417 .724 .013 -14.327 -.115 .164 -14.339 .935 -2.395 -15.375
5 24 -2.7 -3.554 -16.269 -3.15 -4.19 -16.463 -4.115 -2.589 -16.077 -2.187 -4.706 -15.586
5 24 -7.206 -5.749 16.309 -6.432 -5.334 17.732 -6.327 -5.763 16.779 -7.765 -4.853 17.612
5 24 -1.802 -12.13 -11.133 -.955 -12.671 -12.674 -2.311 -11.513 -12.24 -.971 -12.818 -11.189
5 24 -7.07 7.445 15.952 -8.039 6.8 17 -8.352 7.398 16.179 -6.828 6.577 16.84
5 24 10.776 -8.705 1.29 9.761 -10.198 .866 10.82 -9.071 .426 9.48 -10.139 1.597
5 24 1.679 -6.161 -16.053 2.955 -6.608 -15.46 2.141 -6.933 -15.3 2.265 -5.033 -16.228
5 24 10.52 13.953 12.201 11.892 14.303 10.655 10.808 12.661 11.437 11.323 15.757 11.189
5 24 14.924 .552 9.667 14.958 1.293 11.285 15.263 1.821 10.091 14.618 .019 10.689
5 24 9.08 6.515 16.12 9.102 7.485 15.249 8.175 7.195 15.763 9.55 6.755 15.739
5 24 -12.301 -.354 16.14 -11.755 -.983 16.853 -12.492 -1.525 15.537 -10.399 1.109 16.566
5 24 -14.728 -3.406 -8.324 -15.341 -3.018 -6.659 -14.59 -2.218 -7.553 -15.009 -4.664 -6.957
5 24 10.291 6.681 15.11 9.948 6.763 15.41 9.766 6.172 15.904 9.55 7.635 14.746
5 24 -8.239 16.285 13.746 -7.49 16.964 13.704 -9.6 16.765 12.358 -6.565 15.64 14.029
5 24 -13.492 -2.251 11.329 -14.429 -1.45 11.761 -13.429 -2.121 12.042 -14.557 -1.741 10.059
5 24 -13.052 -7.254 5.713 -13.894 -6.099 6.845 -14.348 -6.192 5.555 -13.199 -6.78 6.845
5 24 -15.339 -5.194 -4.982 -15.842 -4.309 -4.562 -15.415 -4.762 -5.296 -15.496 -5.291 -4.439
5 24 15.088 -5.532 3.709 14.466 -6.809 3.372 14.275 -6.846 2.766 14.841 -5.777 4.214
5 24 5.895 -11.986 -4.203 5.095 -12.714 -4.083 5.353 -11.364 -3.084 5.594 -11.884 -6.245
5 24 -4.538 -12.386 -1.016 -5.019 -11.772 -.883 -5.127 -12.514 -1.27 -3.832 -12.024 -.592
5 24 15.083 2.556 10.349 14.466 2.848 11.53 14.491 2.34 11.716 14.777 3.364 10.169
5 24 -13.978 10.243 -5.868 -11.827 11.047 -5.53 -12.134 11.213 -4.699 -13.866 9.986 -6.216
5 24 4.943 12.795 16.081 5.857 11.054 16.219 6.451 12.055 15.849 4.474 10.907 16.338
5 24 -.652 -11.404 3.403 -1.478 -11.771 3.366 -.515 -11.133 4.166 -.874 -10.856 2.271
5 24 -10.356 -9.261 -11.092 -10.651 -8.957 -8.805 -10.818 -8.951 -10.998 -9.925 -9.585 -10.654
5 24 -4.177 -13.658 -6.37 -4.298 -13.446 -5.032 -5.237 -12.796 -5.824 -3.181 -13.5 -5.145
5 24 9.766 6.172 15.904 9.55 6.755 15.739 9.08 6.515 16.12 9.948 6.763 15.41
5 24 11.078 -8.938 -4.531 12.364 -8.339 -2.621 11.833 -8.517 -5.007 10.632 -9.095 -3.663
5 24 -4.54 -13.073 -2.689 -2.626 -12.216 -3.8 -3.192 -12.48 -4.089 -2.447 -12.019 -2.1
5 24 -16.063 -4.918 -.103 -16.484 -4.578 -.472 -16.536 -3.53 .887 -16.471 -4.735 -.998
5 24 -12.222 -3.046 14.566 -10.993 -2.551 15.879 -12.156 -2.16 14.935 -10.718 -3.634 15.783
5 24 11.943 -8.852 .658 10.82 -9.071 .426 11.985 -8.881 -.108 11.809 -8.677 1.116
5 24 5.362 4.663 19.303 5.28 6.479 18.009 4.123 5.719 19.331 6.198 5.727 17.678
5 24 12.414 -.561 14.034 13.373 -1.723 14.231 13.93 -1.289 12.664 12.585 -1.943 15.258
5 24 -7.467 -8.066 8.78 -6.222 -9.397 9.337 -6.986 -8.335 7.456 -7.379 -8.014 9.533
5 24 12.954 12.294 8.516 12.51 11.452 9.096 12.151 13.4 9.445 13.645 10.117 8.7
5 24 -11.753 1.23 -8.841 -12.182 1.672 -8.498 -13.521 .882 -8.928 -10.342 2.57 -7.922
5 24 -4.342 17.285 15.234 -6.418 16.469 13.977 -4.524 15.773 15.592 -6.096 17.358 14.263
5 24 -9.306 -3.914 15.688 -10.718 -3.634 15.783 -10.573 -4.937 15.365 -9.962 -2.761 16.157
5 24 -14.076 7.322 -6.955 -14.27 5.952 -6.876 -13.787 5.947 -7.553 -14.426 7.104 -6.428
5 24 8.744 6.156 16.4 7.893 5.775 16.583 8.546 5.731 16.587 7.916 6.609 16.293
5 24 10.849 -5.449 -11.975 9.506 -6.928 -11.352 11.228 -6.524 -9.452 9.439 -6.026 -12.262
5 24 10.543 5.385 15.501 9.766 6.172 15.904 10.291 6.681 15.11 9.949 4.844 16.133
5 24 -13.994 -6.035 -.263 -14.366 -6.531 .756 -13.343 -7.022 -.407 -14.596 -5.682 .543
5 24 -9.235 -10.621 2.76 -7.478 -9.961 2.472 -7.865 -9.873 1.326 -9.231 -10.748 3.203
5 24 -2.95 -11.517 4.394 -3.429 -11.218 3.043 -4.338 -10.336 3.913 -2.734 -12.033 3.658
2 24 -10.595 15.839 11.334 -9.6 16.765 12.358
5 24 -.849 12.99 16.637 1.285 12.118 17.442 -.201 14.267 16.756 -.849 11.602 16.864
5 24 -9.338 -4.404 -13.439 -10.485 -4.446 -12.375 -9.779 -3.735 -13.429 -9.835 -5.318 -12.279
5 24 12.364 8.701 10.782 13.335 7.618 10.165 13.365 7.119 11.65 12.753 8.625 10.04
5 24 11.91 -1.959 15.619 11.527 -1.038 15.195 11.47 -1.799 15.744 12.585 -1.943 15.258
5 24 6.743 -11.093 -11.668 6.626 -10.368 -12.363 5.965 -11.655 -11.939 6.958 -10.856 -11.208
5 24 -6.299 6.331 18.532 -2.901 5.437 18.953 -2.667 6.418 18.202 -6.698 5.26 18.958
5 24 6.372 -12.405 -8.622 5.594 -11.884 -6.245 4.703 -12 -6.733 7.341 -11.736 -6.836
5 24 -11.152 15.629 7.352 -13.242 13.3 7.337 -11.962 13.414 5.947 -12.575 15.034 8.629
5 24 9.749 -7.046 10.148 10.952 -6.421 9.291 10.308 -7.889 9.136 10.126 -6.49 10.271
5 24 -8.596 -11.023 -8.76 -7.76 -11.172 -9.065 -8.023 -10.673 -9.157 -8.049 -11.459 -8.053
5 24 -2.782 -12.968 -9.906 -4.615 -13.004 -9.518 -3.678 -12.042 -8.798 -3.865 -13.425 -10.365
5 24 -5.564 -12.672 -3.11 -4.42 -12.741 -4.19 -5.241 -12.323 -4.426 -4.909 -13.022 -3.089
5 24 13.181 .026 12.502 13.93 -1.289 12.664 12.414 -.561 14.034 14.017 -1.015 12.131
5 24 -11.696 -7.176 -9.714 -11.842 -6.457 -10.788 -11.28 -7.534 -10.426 -12.355 -5.73 -9.887
5 24 -14.543 3.206 -7.452 -14.516 4.868 -6.624 -13.917 3.929 -7.705 -15.258 3.317 -6.424
5 24 14.372 -1.864 -7.8 15.052 -3.597 -7.038 15.105 -1.85 -6.879 14.152 -3.072 -8.613
5 24 -10.658 13.293 12.201 -10.979 13.977 11.279 -10.616 14.339 12.382 -10.978 13.652 11.29
5 24 -8.243 -11.292 -7.026 -8.049 -11.459 -8.053 -8.637 -11.162 -7.876 -6.982 -11.595 -7.441
5 24 -2.324 -12.93 -10.468 -3.252 -13.23 -11.232 -1.802 -12.13 -11.133 -2.782 -12.968 -9.906
5 24 -1.906 -12.893 -4.82 -2.239 -13.033 -5.089 -3.192 -12.48 -4.089 -1.145 -12.323 -5.694
5 24 -5.071 -10.378 9.28 -4.163 -10.532 9.08 -3.778 -10.269 9.926 -4.864 -10.116 7.437
5 24 14.542 .601 11.384 14.149 1.124 11.82 14.958 1.293 11.285 14.054 -.246 11.538
5 24 14.993 5.049 -6.353 15.298 6.398 -5.155 15.053 6.314 -6.269 15.334 4.672 -4.383
5 24 15.182 4.753 4.845 15.656 5.126 3.606 15.255 5.525 4.427 15.827 3.657 4.241
5 24 6.384 6.925 17.913 5.872 7.19 18.016 5.28 6.479 18.009 6.055 8.257 17.514
5 24 1.777 -14.092 -10.356 .996 -13.252 -11.522 2.976 -13.585 -11.205 .686 -13.051 -9.893
5 24 -5.858 -8.236 14.341 -5.601 -8.034 14.606 -5.981 -8.045 14.908 -5.226 -8.166 14.178
5 24 -11.099 -6.339 9.884 -10.368 -7.971 10.776 -10.697 -6.625 9.09 -11.229 -6.589 11.446
5 24 3.6 -12.46 -2.465 4.262 -12.815 -.789 2.703 -12.615 -1.822 4.281 -12.337 -2.51
5 24 -6.022 -11.929 -11.098 -4.545 -11.498 -12.228 -5.48 -12.504 -11.246 -5.25 -10.983 -11.896
5 24 12.954 -3.871 -10.28 14.152 -3.072 -8.613 12.186 -2.241 -10.133 13.703 -4.252 -9.4
5 24 6.451 12.055 15.849 6.304 14.603 14.442 5.162 13.271 15.782 7.469 14.175 14.091
5 24 -15.015 -4.131 5.633 -14.348 -6.192 5.555 -14.352 -5.284 3.545 -13.894 -6.099 6.845
5 24 1.101 -3.195 -15.308 .935 -2.395 -15.375 1.478 -2.839 -15.331 .588 -3.619 -15.241
5 24 10.864 -3.75 14.553 10.657 -4.87 13.977 9.548 -4.705 14.392 11.596 -4.11 14.076
2 24 .509 17.857 15.552 1.086 17.393 15.381
5 24 2.834 -12.544 -3.891 2.886 -12.119 -5.388 3.538 -13.209 -4.205 2.105 -11.783 -4.363
5 24 -1.433 -9.921 -14.172 -2.62 -10.674 -14.234 -2.954 -9.321 -14.613 -1.91 -11.335 -13.014
5 24 15.263 1.821 10.091 14.924 .552 9.667 14.958 1.293 11.285 15.195 1.039 8.15
5 24 12.51 11.452 9.096 12.421 11.141 10.149 11.618 12.323 10.176 13.042 10.019 9.067
5 24 4.123 5.719 19.331 3.398 4.129 19.759 5.362 4.663 19.303 3.099 5.136 19.377
5 24 5.156 -11.765 .851 3.665 -10.691 2.474 3.422 -10.918 1.498 6.062 -11.552 1.926
5 24 12.286 -5.41 12.722 11.942 -5.752 12.786 11.31 -5.808 13.167 12.173 -5.908 12.045
5 24 -14.276 8.971 7.494 -14.86 6.007 7.421 -15.26 7.582 5.316 -13.972 8.405 8.052
5 24 .465 -12.159 2.551 1.949 -11.98 1.046 .001 -11.587 1.589 1.932 -12.28 1.796
5 24 5.086 -4.43 17.644 5.226 -2.974 18.371 4.784 -4.199 19.009 5.709 -3.327 17.852
5 24 11.558 -2.653 -11.746 10.896 -2.89 -12.101 10.664 -2.491 -12.263 11.576 -4.03 -10.777
5 24 3.469 -10.564 9.423 2.188 -10.228 9.041 2.798 -9.997 8.153 2.305 -10.328 9.667
5 24 -5.403 -10.769 3.889 -5.626 -11.519 5.072 -4.338 -10.336 3.913 -6.187 -10.626 3.77
5 24 7.894 -8.711 5.626 7.8 -9.396 7.131 9.748 -8.489 5.832 6.567 -9.067 6.544
5 24 16.616 4.036 2.054 16.775 4.254 1.314 16.746 2.679 1.245 16.265 5.432 1.447
5 24 11.943 -8.852 .658 12.75 -7.801 1.212 12.368 -8.602 -.342 11.809 -8.677 1.116
5 24 3.452 9.963 17.539 3.399 9.182 18.288 2.344 10.262 17.987 3.688 8.907 17.759
5 24 .108 16.709 16.344 1.174 15.115 15.884 -.379 15.35 16.854 1.086 17.393 15.381
5 24 7.602 -10.112 -10.69 7.85 -11.635 -10.007 7 -10.884 -10.789 8.397 -10.321 -10.196
5 24 -7.407 4.286 17.538 -8.322 5.886 17.365 -7.071 5.906 17.166 -8.892 4.049 17.575
5 24 -8.136 -9.926 4.857 -9.297 -10.824 3.665 -9.76 -10.777 4.104 -7.799 -10.069 4.241
5 24 -.605 -3.172 -15.769 .588 -3.619 -15.241 .565 -5.079 -16.192 -.556 -2.85 -15.441
5 24 10.82 -9.071 .426 11.809 -8.677 1.116 11.943 -8.852 .658 10.776 -8.705 1.29
5 24 .857 .746 19.838 .683 -.91 19.239 1.182 .18 19.798 -.806 .204 18.797
5 24 4.57 -6.096 -14.2 5.38 -4.411 -15.012 4.181 -4.563 -15.152 6.318 -5.199 -14.355
5 24 .666 -11.738 -.945 1.933 -12.272 -.728 .961 -11.37 .311 1.735 -12.135 -1.97
5 24 7.901 16.941 13.626 8.78 18 12.22 8.825 17.594 12.593 6.99 18.449 13.381
5 24 -.825 -12.276 -13.13 -.955 -12.671 -12.674 -1.41 -11.742 -12.788 -.088 -12.326 -13.458
5 24 -11.471 -7.971 4.482 -11.123 -7.48 5.641 -10.723 -8.049 5.683 -11.756 -7.316 4.685
5 24 -13.972 8.405 8.052 -14.276 8.971 7.494 -13.668 8.722 8.738 -14.86 6.007 7.421
5 24 -4.615 -13.004 -9.518 -4.626 -13.197 -10.763 -3.865 -13.425 -10.365 -5.158 -12.96 -10.444
5 24 16.015 2.979 4.7 17.304 1.517 2.805 16.851 1.637 5.129 16.105 3.252 2.754
5 24 -11.814 1.877 14.1 -12.779 .462 14.745 -11.948 1.204 15.204 -12.704 1.318 13.279
5 24 -7.701 -1.02 17.96 -8.153 .093 18.995 -8.672 .131 18.708 -6.364 -.472 18.209
5 24 9.835 -9.797 4.437 10.058 -9.894 3.616 9.229 -10.243 3.449 10.581 -9.43 3.785
5 24 -13.894 -6.099 6.845 -14.016 -4.614 7.669 -12.67 -6.037 7.923 -15.015 -4.131 5.633
5 24 -1.336 -13.373 -3.227 -1.906 -12.893 -4.82 -1.141 -13.459 -4.043 -2.626 -12.216 -3.8
5 24 -1.932 -1.388 -13.897 -.706 -1.157 -14.713 -.673 -.011 -14.292 -1.321 -2.512 -14.811
5 24 -7.55 1.49 19.18 -6.072 1.176 18.502 -7.524 .765 19.207 -7.889 2.19 19.004
5 24 10.248 8.897 14.446 10.823 8.437 13.638 10.047 7.688 14.203 10.232 9.822 14.065
5 24 -3.825 -3.336 17.592 -2.9 -2.378 19.394 -1.779 -3.423 19.419 -3.96 -2.789 18.173
5 24 -11.858 16.419 9.88 -10.566 16.73 8.092 -12.575 15.034 8.629 -9.657 17.624 9.203
5 24 15.255 5.525 4.427 15.656 5.126 3.606 15.276 6.327 4.001 15.182 4.753 4.845
5 24 -13.612 -7.693 -2.669 -12.809 -8.425 -2.358 -13.681 -7.772 -1.827 -13.105 -8.032 -3.084
5 24 -9.245 7.357 16.3 -10.317 6.723 16.235 -10.132 7.237 15.663 -9.314 6.844 16.931
5 24 -8.158 -9.83 -11.766 -7.221 -9.312 -12.599 -7.132 -10.559 -11.867 -8.288 -8.43 -12.187
5 24 7.033 -5.21 -14.129 7.494 -5.967 -14.295 8.301 -5.966 -13.84 6.348 -5.704 -13.87
5 24 11.271 -6.394 11.746 11.434 -6.148 12.5 11.933 -6.197 11.231 10.384 -6.393 12.118
5 24 15.836 1.238 6.866 15.195 1.039 8.15 15.421 .603 7.624 15.381 2.071 8.264
5 24 4.991 -1.661 18.546 4.506 -.474 18.676 5.082 -.622 18.301 4.652 -1.818 19.37
5 24 -8.352 7.398 16.179 -6.769 7.692 16.048 -8.463 8.451 16.161 -7.07 7.445 15.952
5 24 11.619 .744 15.839 10.838 1.252 16.052 11.012 .445 16.161 11.73 1.523 15.819
5 24 4.154 -11.932 -11.86 5.128 -11.283 -12.726 3.961 -11.422 -12.245 5.253 -11.944 -11.892
5 24 -14.96 -1.144 -6.793 -14.473 -1.935 -7.534 -14.827 -1.923 -6.999 -14.579 -.481 -7.869
5 24 -1.91 -11.335 -13.014 -1.433 -9.921 -14.172 -2.62 -10.674 -14.234 -1.165 -11.033 -13.012
5 24 7.602 -10.112 -10.69 8.62 -10.145 -10.411 8.397 -10.321 -10.196 7.616 -9.951 -10.873
5 24 -3.937 -.785 19.087 -4.391 -1.615 18.391 -5.193 -1.303 18.632 -3.646 -1.358 18.681
5 24 2.052 -5.65 16.857 2.148 -5.078 17.985 1.072 -5.546 16.828 2.929 -5.791 16.92
5 24 -14.822 -4.839 2.106 -15.647 -4.584 2.629 -14.669 -5.062 2.686 -15.061 -4.447 1.344
5 24 -17.125 -1.303 3.864 -17.25 -3.525 2.288 -16.961 -3.531 4.287 -17.319 -1.283 2.831
5 24 1.396 9.658 18.254 1.413 8.212 18.731 1.02 8.819 17.977 2.321 9.024 18.755
5 24 -8.599 -11.262 -5.474 -9.223 -10.001 -6.384 -9.597 -10.513 -5.331 -8.293 -10.939 -6.34
5 24 -7.266 -10.889 -11.256 -8.265 -10.336 -11.194 -6.682 -10.886 -9.907 -7.132 -10.559 -11.867
2 24 -16.815 -3.415 -1.486 -16.836 -3.188 .382
5 24 -3.35 -5.337 17.466 -2.362 -6.699 17.83 -2.436 -5.679 18.038 -3.512 -6.706 16.938
5 24 -11.704 -5.344 11.381 -12.416 -4.704 11.955 -11.171 -5.656 12.261 -12.558 -4.519 11.21
5 24 -15.848 6.137 1.816 -16.232 5.802 2.292 -16.933 5.227 .946 -15.647 6.168 3.252
5 24 -1.19 -13.363 -2.723 -2.447 -12.019 -2.1 -1.336 -13.373 -3.227 -1.58 -12.778 -1.803
5 24 17.074 -2.108 -2.454 16.431 -2.715 -3.258 16.158 -3.181 -2.633 16.459 -1.614 -3.95
5 24 -12.836 -5.434 -9.361 -12.44 -4.549 -9.905 -12.355 -5.73 -9.887 -12.791 -4.602 -9.466
5 24 -12.013 -8.161 -.575 -13.224 -8.152 -1.577 -12.622 -8.523 -1.653 -13.343 -7.022 -.407
5 24 -1.823 -10.228 11.291 -2.717 -9.234 10.706 -2.27 -9.834 9.943 -2.224 -9.523 11.726
5 24 -4.177 .471 -13.653 -3.469 2.296 -11.813 -2.419 2.212 -12.028 -4.985 .916 -12.716
5 24 6.756 -10.992 -.697 8.739 -10.788 -.168 8.168 -10.81 .97 7.027 -10.678 -1.277
5 24 2.173 4.095 19.075 3.099 5.136 19.377 2.695 3.793 19.366 2.383 5.163 18.919
5 24 4.331 -11.978 -7.62 3.26 -13.647 -8.619 3.625 -11.789 -7.132 5.559 -12.192 -10.132
5 24 -14.952 -4.502 -5.899 -15.301 -4.998 -5.302 -14.23 -5.246 -5.952 -15.415 -4.762 -5.296
5 24 -8.023 -10.673 -9.157 -8.381 -9.788 -9.493 -7.592 -10.351 -9.664 -8.502 -10.22 -9.103
5 24 13.224 -1.708 -8.881 14.152 -3.072 -8.613 14.372 -1.864 -7.8 12.186 -2.241 -10.133
5 24 -15.919 -3.995 1.207 -17.25 -3.525 2.288 -16.302 -4.285 2.682 -16.536 -3.53 .887
5 24 -13.088 8.884 9.466 -14.049 7.647 9.771 -13.907 7.315 10.283 -13.668 8.722 8.738
5 24 12.59 2.166 14.638 11.466 3.694 14.899 11.031 2.632 15.806 12.72 3.72 12.589
5 24 -.6 -12.25 1.178 -1.111 -11.838 1.513 .001 -11.587 1.589 -1.669 -12.049 1.482
5 24 -12.523 -.883 -9.733 -13.105 -3.112 -10.292 -13.451 -2.89 -10.019 -12.889 -2.982 -10.475
5 24 -10.547 -8.442 -1.88 -11.693 -8.414 -3.26 -11.015 -8.304 -3.348 -12.219 -8.619 -2.483
5 24 12.286 -5.41 12.722 11.31 -5.808 13.167 11.942 -5.752 12.786 11.401 -5.154 13.633
5 24 14.538 3.554 -7.914 14.853 2.409 -7.556 15.121 3.575 -7.236 14.091 3.021 -8.171
5 24 14.466 -6.809 3.372 14.275 -6.846 2.766 15.088 -5.532 3.709 13.58 -7.373 3.063
5 24 -3.224 -9.622 12.196 -2.224 -9.523 11.726 -1.83 -9.153 12.929 -3.196 -9.481 11.633
5 24 -2.013 18.964 13.1 -2.507 18.788 14.916 -4.027 18.932 12.598 -.644 18.827 15.204
5 24 6.34 -8.366 -12.81 7.496 -7.963 -13.583 6.78 -8.564 -12.529 6.208 -7.483 -13.648
5 24 -16.232 5.802 2.292 -16.727 5.051 2.884 -15.647 6.168 3.252 -16.905 5.239 1.919
5 24 -16.15 6.31 -.704 -15.964 6.911 -1.817 -15.951 4.962 -1.726 -15.923 7.063 -1.5
5 24 -1.382 12.955 16.547 -2.733 12.244 17.41 -1.342 11.546 16.878 -1.703 13.661 16.441
5 24 12.325 9.931 10.981 12.63 9.67 10.283 12.421 11.141 10.149 12.364 8.701 10.782
5 24 -12.156 -2.16 14.935 -11.632 -1.934 16.488 -12.492 -1.525 15.537 -10.993 -2.551 15.879
5 24 10.543 5.385 15.501 10.291 6.681 15.11 9.766 6.172 15.904 10.895 5.74 14.529
5 24 4.761 -1.267 -14.44 3.268 -.355 -14.114 5.311 -.705 -13.327 3.151 -.794 -14.828
5 24 3.375 -4.794 -16.277 2.955 -6.608 -15.46 3.669 -6.657 -14.861 2.265 -5.033 -16.228
5 24 -2.996 -7.113 -16.061 -4.615 -6.524 -15.297 -4.636 -7.687 -15.236 -3.274 -5.907 -15.388
5 24 -8.723 -7.456 -12.071 -8.774 -6.774 -12.493 -9.101 -7.296 -11.707 -8.487 -7.297 -13.137
5 24 6.743 -11.093 -11.668 6.325 -11.187 -10.897 5.965 -11.655 -11.939 6.958 -10.856 -11.208
5 24 3.048 -3 -15.2 4.761 -1.267 -14.44 5.041 -2.834 -14.623 3.151 -.794 -14.828
5 24 .93 -7.415 -15.677 .847 -6.629 -15.465 1.33 -6.902 -15.399 .422 -8.061 -16.12
5 24 3.73 -9.172 11.97 3.221 -10.552 10.698 4.446 -10.434 11.413 2.746 -9.469 11.573
5 24 -6.681 -11.579 -3.668 -6.069 -12.182 -3.076 -6.185 -11.534 -4.537 -7.17 -11.156 -2.74
5 24 1.914 5.676 18.733 .913 4.472 19.832 .944 5.769 19.852 1.689 4.015 19.097
5 24 -2.996 -7.113 -16.061 -1.628 -6.603 -15.506 -1.311 -6.994 -15.327 -3.274 -5.907 -15.388
5 24 -5.564 -12.672 -3.11 -5.56 -12.803 -2.701 -4.909 -13.022 -3.089 -5.863 -12.568 -2.329
5 24 2.468 -2.808 19.326 1.582 -2.801 18.964 2.573 -2.165 19.463 2.401 -3.735 19.108
5 24 -7.246 -.162 -12.584 -7.912 .269 -12.488 -7.426 .389 -12.494 -8.913 -1.374 -12.403
2 24 -7.821 -6.28 -14.026 -8.683 -5.548 -12.994
5 24 -14.794 8.474 -5.024 -14.754 9.771 -4.892 -15.105 8.773 -3.932 -14.43 9.215 -5.847
5 24 -13.148 2.588 13.422 -13.721 1.834 12.403 -12.704 1.318 13.279 -14.302 3.199 12.192
5 24 -4.358 -9.312 12.663 -3.634 -8.701 14.449 -5.406 -8.464 13.419 -2.827 -9.426 13.345
5 24 -12.301 -.354 16.14 -10.399 1.109 16.566 -11.948 1.204 15.204 -11.755 -.983 16.853
5 24 10.9695 9.522 -6.533 12.911 6.567 -8.137 13.786 9.264 -6.692 10.1725 6.952 -7.7257
5 24 -10.239 -7.158 12.47 -10.862 -6.848 11.977 -9.682 -8.323 11.195 -10.552 -6.041 12.725
5 24 8.784 -10.356 -4.144 8.439 -10.263 -2.907 9.491 -9.03 -3.545 7.993 -11.181 -4.178
5 24 1.914 5.676 18.733 2.283 6.658 18.497 1.759 6.445 18.561 2.383 5.163 18.919
5 24 -14.501 6.584 8.581 -14.86 6.007 7.421 -13.972 8.405 8.052 -14.701 5.201 8.461
5 24 -9.405 -9.87 -9.31 -9.261 -10.199 -8.959 -8.502 -10.22 -9.103 -9.908 -9.332 -8.276
5 24 12.481 9.349 4.549 14.689 8.615 5.632 12.872 7.944 3.506 14.139 10.573 6.14
5 24 7.439 -.705 18.943 5.505 1.162 18.538 4.979 .141 18.53 8.025 1.129 18.635
5 24 -14.227 10.541 -2.115 -14.866 10.364 -3.477 -15.078 10.232 -2.413 -13.189 10.602 -2.108
5 24 7.086 3.977 16.871 7.483 4.056 16.583 7.019 5.143 16.647 7.141 2.959 17.475
5 24 8.025 1.129 18.635 5.505 1.162 18.538 7.439 -.705 18.943 7.035 2.429 17.795
5 24 10.825 4.954 14.34 10.895 5.74 14.529 10.543 5.385 15.501 11.266 5.1 13.298
5 24 -5.858 -8.236 14.341 -5.981 -8.045 14.908 -5.601 -8.034 14.606 -7.323 -7.742 14.535
5 24 2.731 17.08 15.965 1.664 17.844 15.272 2.657 18.206 15.203 2.135 16.59 16.115
5 24 18.033 .503 1.155 17.602 .607 .318 17.261 1.678 .658 18.121 -.144 1.408
5 24 -10.075 -9.59 -1.364 -10.643 -8.176 -.513 -10.547 -8.442 -1.88 -10.09 -9.692 -.857
5 24 -4.985 .916 -12.716 -3.469 2.296 -11.813 -4.177 .471 -13.653 -4.7343 2.1714 -11.4293
5 24 -5.857 1.419 -11.662 -5.5034 2.2242 -10.9674 -6.8346 2.43 -10.2806 -4.985 .916 -12.716
5 24 -4.81 -10.071 10.472 -5.869 -9.239 10.471 -4.478 -9.248 11.234 -5.071 -10.378 9.28
5 24 9.567 -9.226 -4.5 10.632 -9.095 -3.663 9.491 -9.03 -3.545 11.078 -8.938 -4.531
5 24 -7.55 1.49 19.18 -8.277 .835 19.2 -7.889 2.19 19.004 -7.524 .765 19.207
5 24 -4.431 -2.532 18.32 -3.825 -3.336 17.592 -5.102 -3.214 18.559 -3.96 -2.789 18.173
5 24 -5.288 -6.958 -14.475 -5.081 -6.094 -14.894 -4.615 -6.524 -15.297 -5.405 -6.646 -14.494
5 24 -5.127 -12.514 -1.27 -5.914 -12.352 -1.813 -5.656 -12.209 -1.359 -4.963 -12.857 -1.8
5 24 6.359 -11.072 -.036 6.062 -11.552 1.926 5.156 -11.765 .851 7.322 -10.729 1.175
5 24 9.99 -9.662 -9.532 10.575 -9.157 -9.2 10.035 -9.638 -9.191 9.316 -9.685 -10.842
2 24 13.549 7.686 8.336 13.366 8.629 8.469
5 24 7.496 -7.963 -13.583 8.316 -7.991 -13.395 7.052 -7.496 -13.915 6.78 -8.564 -12.529
5 24 -9.245 7.357 16.3 -9.314 6.844 16.931 -8.352 7.398 16.179 -10.317 6.723 16.235
5 24 7.447 8.957 15.595 6.711 8.667 16.959 6.224 9.484 16.345 7.339 7.437 17.333
5 24 1.75 7.608 18.819 1.209 7.827 18.569 1.271 7.188 18.728 1.413 8.212 18.731
5 24 -3.159 3.765 19.219 -3.682 2.356 19.674 -2.75 3.756 19.27 -4.318 3.028 18.736
5 24 -12.809 -8.425 -2.358 -12.365 -8.629 -1.969 -12.622 -8.523 -1.653 -12.219 -8.619 -2.483
2 24 15.491 -2.202 -5.75 16.025 -2.428 -5.251
5 24 -15.291 1.302 9.008 -14.393 2.462 11.441 -15.002 1.645 11.485 -14.634 3.087 9.005
5 24 -14.175 7.597 8.711 -14.049 7.647 9.771 -14.501 6.584 8.581 -13.668 8.722 8.738
5 24 8.647 -6.425 14.225 8.788 -7.926 13.742 7.186 -6.868 14.434 9.716 -7.622 12.751
5 24 -8.774 -6.774 -12.493 -9.227 -5.939 -12.156 -8.683 -5.548 -12.994 -9.111 -6.687 -12.131
5 24 -.955 -12.671 -12.674 .003 -13.243 -12.096 -.971 -12.818 -11.189 -.088 -12.326 -13.458
5 24 -9.261 -10.199 -8.959 -9.908 -9.332 -8.276 -9.405 -9.87 -9.31 -9.129 -10.618 -7.824
5 24 -4.545 -11.498 -12.228 -4.771 -10.775 -13.455 -4.144 -11.197 -13.668 -5.225 -10.426 -12.924
5 24 15.05 -4.963 -2.81 16.248 -3.898 -3.634 15.802 -4.871 -3.758 16.158 -3.181 -2.633
5 24 -.246 -8.318 14.069 -.996 -8.216 15.029 -1.274 -8.412 14.047 -.345 -8.103 15.296
5 24 11.31 -5.808 13.167 10.208 -6.057 12.883 11.434 -6.148 12.5 10.84 -5.611 13.46
5 24 -5.851 -12.154 .907 -6.596 -11.83 1.306 -6.095 -12.207 1.793 -6.202 -11.019 -.616
5 24 11.434 -6.148 12.5 10.384 -6.393 12.118 10.208 -6.057 12.883 11.271 -6.394 11.746
5 24 .935 -2.395 -15.375 1.478 -2.839 -15.331 .724 .013 -14.327 1.101 -3.195 -15.308
5 24 4.943 12.795 16.081 3.969 11.662 16.28 4.474 10.907 16.338 3.605 12.981 15.469
5 24 -13.668 8.722 8.738 -14.049 7.647 9.771 -13.088 8.884 9.466 -14.175 7.597 8.711
5 24 -.01 -10.039 -14.823 .521 -10.456 -13.865 -.732 -10.336 -13.291 1.465 -10.201 -13.956
5 24 11.493 -8.172 -6.097 11.348 -10.011 -7.832 11.685 -9.222 -7.765 10.931 -10.45 -7.585
5 24 -6.004 -9.683 -12.33 -5.969 -8.777 -13.9 -6.341 -9.587 -12.379 -4.812 -8.757 -13.907
5 24 -13.199 -6.78 6.845 -12.67 -6.037 7.923 -13.894 -6.099 6.845 -11.822 -6.95 7.309
5 24 7.916 6.609 16.293 9.08 6.515 16.12 8.175 7.195 15.763 8.744 6.156 16.4
5 24 -3.512 -6.706 16.938 -1.866 -7.782 16.534 -2.362 -6.699 17.83 -2.826 -7.574 15.379
5 24 1.582 -2.801 18.964 2.573 -2.165 19.463 2.468 -2.808 19.326 1.964 -1.513 19.103
2 24 3.825 18.102 14.977 5.207 17.796 14.461
5 24 -15.669 -5.203 -4.011 -16.002 -4.51 -3.541 -15.393 -4.908 -2.874 -15.842 -4.309 -4.562
5 24 -11.478 -6.745 -11.533 -9.835 -6.604 -12.125 -10.697 -5.83 -12.472 -9.101 -7.296 -11.707
5 24 7.229 -9.251 4.974 6.567 -9.067 6.544 7.452 -8.905 5.378 5.914 -10.392 6.26
5 24 11.943 -8.852 .658 11.985 -8.881 -.108 10.82 -9.071 .426 12.368 -8.602 -.342
5 24 -16.088 -2.789 7.114 -16.19 -2.908 5.869 -15.015 -4.131 5.633 -16.548 -1.862 5.881
5 24 -15.267 5.941 -5.526 -15.289 4.471 -5.064 -15.392 6.034 -4.803 -15.151 4.536 -5.74
5 24 11.969 -3.692 15.054 12.585 -1.943 15.258 11.91 -1.959 15.619 12.507 -3.713 14.786
5 24 12.59 2.166 14.638 12.414 -.561 14.034 13.215 1.253 12.517 11.619 .744 15.839
5 24 -5.926 -11.418 -5.087 -6.937 -11.495 -4.988 -6.185 -11.534 -4.537 -5.933 -11.238 -5.73
5 24 -3.248 -5.084 -15.959 -2.187 -4.706 -15.586 -3.15 -4.19 -16.463 -2.318 -5.562 -14.958
5 24 -13.695 9.122 -6.766 -11.422 10.146 -6.258 -13.866 9.986 -6.216 -10.872 8.028 -7.148
5 24 -7.374 -11.193 -5.999 -7.233 -11.089 -6.47 -6.144 -10.862 -6.547 -8.293 -10.939 -6.34
5 24 -4.968 -1.877 -14.58 -3.629 -1.883 -15.279 -3.526 -1.35 -14.494 -4.737 -2.382 -15.276
5 24 -10.515 -10.342 3.117 -9.76 -10.777 4.104 -9.231 -10.748 3.203 -10.893 -10.098 3.791
5 24 -7.889 2.19 19.004 -5.931 2.323 17.892 -6.072 1.176 18.502 -6.836 3.404 17.791
5 24 17.304 1.517 2.805 17.007 -.235 4.968 17.338 -.451 3.337 16.813 .466 5.3
5 24 -13.051 5.026 13.427 -13.201 4.389 13.804 -13.693 4.651 13.086 -11.637 4.866 14.027
5 24 -15.526 -3.425 -6.172 -15.341 -3.018 -6.659 -15.009 -4.664 -6.957 -15.401 -2.443 -6.289
5 24 -6.187 -10.626 3.77 -5.626 -11.519 5.072 -6.812 -11.004 4.932 -5.403 -10.769 3.889
5 24 -1.343 15.342 16.584 -.379 15.35 16.854 -.201 14.267 16.756 .108 16.709 16.344
5 24 .847 -6.629 -15.465 1.679 -6.161 -16.053 .897 -5.554 -16.037 1.33 -6.902 -15.399
5 24 -2.057 -11.899 4.392 -2.184 -12.076 3.858 -1.77 -11.96 4.189 -2.517 -11.976 4.095
5 24 -12.947 -3.506 12.045 -13.429 -2.121 12.042 -13.492 -2.251 11.329 -12.344 -4.266 13.852
5 24 -12.492 -1.525 15.537 -13.44 -.575 13.286 -13.059 -1.512 13.133 -12.779 .462 14.745
5 24 7.439 -.705 18.943 5.082 -.622 18.301 4.979 .141 18.53 7.136 -1.505 18.187
5 24 10.632 -9.095 -3.663 9.491 -9.03 -3.545 9.567 -9.226 -4.5 9.374 -8.577 -2.483
5 24 10.361 -7.932 -10.639 11.228 -6.524 -9.452 11.283 -7.83 -8.608 9.506 -6.928 -11.352
5 24 -10.401 3.726 -7.785 -12.726 2.959 -8.331 -12.923 4.476 -8.337 -10.342 2.57 -7.922
5 24 9.608 -9.952 -10.041 9.99 -9.662 -9.532 9.316 -9.685 -10.842 9.092 -9.857 -9.11
5 24 -3.192 -12.48 -4.089 -3.504 -13.112 -4.777 -2.239 -13.033 -5.089 -4.42 -12.741 -4.19
5 24 -8.631 -11.057 -2.232 -8.525 -11.368 -1.64 -7.884 -11.344 -1.974 -9.685 -10.438 -1.603
5 24 -2.95 -11.517 4.394 -3.93 -10.675 4.857 -4.338 -10.336 3.913 -2.213 -11.266 5.061
5 24 16.101 2.38 -3.156 16.292 .907 -1.284 16.395 1.645 -.768 16.049 .515 -3.121
5 24 11.596 -4.11 14.076 11.401 -5.154 13.633 12.552 -4.019 12.927 10.657 -4.87 13.977
5 24 5.251 -7.475 14.99 3.94 -8.961 13.869 3.582 -8.341 15.547 5.382 -7.92 12.919
5 24 -2.783 -10.365 9.224 -1.851 -10.265 9.054 -2.948 -10.516 8.409 -1.964 -10.084 9.549
2 24 -7.49 16.964 13.704 -9.6 16.765 12.358
2 24 17.338 -.451 3.337 17.033 -1.449 4.241
5 24 -8.288 -8.43 -12.187 -8.487 -7.297 -13.137 -8.108 -8.195 -13.366 -8.723 -7.456 -12.071
5 24 1.271 7.188 18.728 1.209 7.827 18.569 1.75 7.608 18.819 .87 7.505 18.492
5 24 10.376 -8.904 4.997 11.212 -7.578 4.141 10.732 -7.173 5.431 10.6 -9.149 4.452
5 24 -15.726 .869 7.392 -16.104 -2.495 7.912 -15.472 .412 9.379 -16.548 -1.862 5.881
5 24 15.615 3.216 7.29 15.34 2.57 8.419 15.764 2.818 7.245 14.825 3.603 8.531
5 24 -4.511 -1.264 -14.167 -4.968 -1.877 -14.58 -3.526 -1.35 -14.494 -5.84 -1.979 -14.465
5 24 14.017 -1.015 12.131 13.93 -1.289 12.664 13.181 .026 12.502 13.995 -2.804 12.446
5 24 -1.478 .795 -13.151 -.115 .164 -14.339 -.673 -.011 -14.292 0 2.0828 -12.2964
5 24 12.613 -5.479 9.572 10.952 -6.421 9.291 11.763 -6.086 7.834 12.523 -5.86 10.794
5 24 9.921 -5.582 13.665 8.379 -5.459 14.713 8.647 -6.425 14.225 9.548 -4.705 14.392
5 24 -12.365 -8.629 -1.969 -10.547 -8.442 -1.88 -10.643 -8.176 -.513 -12.219 -8.619 -2.483
5 24 -7 -8.82 -13.759 -7.221 -9.312 -12.599 -6.341 -9.587 -12.379 -8.108 -8.195 -13.366
5 24 -8.111 -11.478 -.437 -7.694 -11.535 -1.47 -7.523 -11.501 -.957 -8.525 -11.368 -1.64
5 24 8.343 -8.076 9.954 8.358 -8.711 11.23 6.798 -8.49 10.557 9.141 -7.684 10.041
5 24 -5.237 -12.796 -5.824 -5.926 -11.418 -5.087 -5.933 -11.238 -5.73 -5.163 -12.478 -4.669
5 24 2.1 -10.23 6.201 1.211 -10.802 6.503 1.626 -10.755 7.138 .861 -10.352 5.287
5 24 .861 -10.352 5.287 -.855 -10.788 5.355 -.327 -10.589 4.898 -.309 -11.34 7.095
5 24 2.375 -13.282 -6.427 2.178 -13.437 -7.928 1.162 -13.898 -7.593 3.625 -11.789 -7.132
5 24 9.102 7.485 15.249 9.477 8.48 15.113 9.55 7.635 14.746 8.438 9.299 15.286
5 24 -13.787 5.947 -7.553 -13.452 4.979 -7.988 -12.897 5.982 -8.303 -14.285 5.475 -6.88
5 24 -5.226 -8.166 14.178 -5.588 -7.843 15.02 -4.734 -7.53 15.034 -5.601 -8.034 14.606
5 24 -13.045 7.696 2.949 -15.386 7.027 4.713 -15.26 7.582 5.316 -15.647 6.168 3.252
5 24 .884 -13.245 -3.444 .668 -13.349 -3.875 -.308 -13.56 -3.224 2.034 -12.052 -3.718
5 24 13.291 -6.176 6.749 12.271 -6.232 5.952 11.835 -6.445 6.897 14.091 -5.959 5.61
5 24 11.401 -5.154 13.633 12.286 -5.41 12.722 12.552 -4.019 12.927 11.31 -5.808 13.167
5 24 12.368 -8.602 -.342 13.502 -6.911 -.311 12.75 -7.801 1.212 13.068 -6.952 -1.542
5 24 4.741 -12.122 -11.403 4.382 -13.396 -10.657 5.559 -12.192 -10.132 4.154 -11.932 -11.86
5 24 -6.069 -12.182 -3.076 -7.17 -11.156 -2.74 -6.681 -11.579 -3.668 -6.944 -11.351 -2.022
5 24 -14.366 -6.531 .756 -14.669 -5.062 2.686 -14.822 -4.839 2.106 -14.047 -6.661 2.901
5 24 15.298 6.398 -5.155 15.396 6.585 -4.017 15.451 5.212 -3.775 15.255 7.546 -4.578
5 24 15.879 5.184 2.573 15.656 5.126 3.606 15.98 3.989 2.842 15.531 6.115 2.301
5 24 16.813 .466 5.3 15.984 1.436 6.147 16.851 1.637 5.129 16.626 -.205 6.931
5 24 2.342 -14.155 -9.24 2.178 -13.437 -7.928 3.26 -13.647 -8.619 1.599 -13.525 -8.426
5 24 -15.981 2.8 -3.698 -15.779 2.844 -4.788 -15.458 4.399 -3.671 -15.777 1.284 -4.638
5 24 2.167 -.201 -13.651 1.757 1.367 -12.712 2.8211 2.2716 -11.8934 1.797 -.259 -13.626
5 24 -10.658 13.293 12.201 -10.955 12.29 12.882 -11.531 12.378 12.282 -10.338 12.853 12.708
5 24 11.424 7.654 12.713 11.476 9.347 11.83 10.823 8.437 13.638 11.847 8.7 11.444
5 24 -10.641 -8.382 -3.486 -11.015 -8.304 -3.348 -10.187 -8.503 -2.831 -11.071 -8.266 -4.48
5 24 11.348 -10.011 -7.832 10.931 -10.45 -7.585 10.035 -9.638 -9.191 11.493 -8.172 -6.097
5 24 -11.442 -8.101 -4.436 -12.829 -8.116 -5.116 -11.967 -8.63 -5.675 -12.349 -7.827 -4.202
5 24 -13.462 -7.236 -4.759 -13.231 -7.06 -4.057 -12.349 -7.827 -4.202 -13.86 -6.53 -4.749
5 24 13.703 -4.252 -9.4 12.954 -3.871 -10.28 13.087 -5.44 -8.894 14.152 -3.072 -8.613
5 24 8.739 -10.788 -.168 8.002 -9.716 -1.776 7.027 -10.678 -1.277 8.687 -9.093 -1.84
5 24 -15.035 -.091 11.718 -14.801 1.155 12.155 -14.45 -.167 12.664 -15.002 1.645 11.485
5 24 8.738 -1.417 -12.188 10.177 -1.388 -12.086 9.435 -2.418 -12.398 9.285 -.336 -11.755
5 24 -4.094 -10.929 -13.994 -4.771 -10.775 -13.455 -4.144 -11.197 -13.668 -4.089 -9.202 -14.341
5 24 -.745 -6.025 17.842 1.195 -6.606 16.288 .31 -7.195 16.817 1.072 -5.546 16.828
5 24 -17.319 -1.966 -.65 -17.178 -2.732 -.217 -17.42 -2.358 .381 -17.188 -2.213 -1.409
5 24 -5.627 -4.044 -14.571 -6.78 -5.2 -15.174 -5.389 -4.757 -15.147 -6.763 -3.657 -14.479
5 24 8.743 -9.822 4.95 9.601 -9.444 5.116 9.748 -8.489 5.832 9.835 -9.797 4.437
5 24 -3.252 -13.23 -11.232 -4.156 -13.084 -11.412 -3.865 -13.425 -10.365 -3.534 -12.492 -11.861
5 24 1.867 -4.705 18.305 2.148 -5.078 17.985 2.501 -4.636 18.802 1.172 -4.385 18.204
5 24 -8.677 -8.337 10.074 -7.06 -7.857 10.566 -8.393 -8.383 11.213 -7.379 -8.014 9.533
5 24 -9.554 13.909 13.74 -9.607 12.486 13.2 -10.338 12.853 12.708 -9.388 13.513 13.826
5 24 -5.946 -12.167 -10.363 -5.48 -12.504 -11.246 -5.158 -12.96 -10.444 -6.022 -11.929 -11.098
5 24 -3.93 -10.675 4.857 -5.47 -11.269 6.593 -5.445 -11.577 5.883 -3.328 -10.413 5.471
5 24 9.814 3.945 15.738 11.031 2.632 15.806 11.466 3.694 14.899 9.238 3.079 16.242
5 24 -9.675 -.048 -11.052 -9.538 .815 -10.187 -8.986 1.158 -10.801 -9.933 .3 -10.304
5 24 -12.975 11.06 -3.605 -14.578 10.379 -4.369 -14.866 10.364 -3.477 -12.134 11.213 -4.699
5 24 -6.408 -2.358 -14.455 -6.69 -2.875 -14.439 -5.382 -3.322 -14.663 -6.79 -1.547 -13.687
5 24 4.196 -13.032 -5.155 2.886 -12.119 -5.388 3.367 -11.994 -6.002 3.538 -13.209 -4.205
5 24 -6.187 -10.626 3.77 -5.812 -11.92 2.574 -5.403 -10.769 3.889 -6.393 -11.761 2.469
5 24 7.027 -10.678 -1.277 6.578 -11.164 -.839 6.756 -10.992 -.697 5.967 -11.744 -1.804
5 24 -4.981 -7.148 15.779 -4.308 -6.48 16.125 -4.155 -6.825 15.785 -5.643 -6.729 16.225
5 24 .944 5.769 19.852 .208 6.441 19.809 -.564 4.934 19.877 1.271 7.188 18.728
5 24 4.594 .242 18.742 3.482 -.653 19.103 4.506 -.474 18.676 2.67 .984 19.775
5 24 -9.025 -10.99 -4.338 -8.599 -11.262 -5.474 -7.447 -11.644 -4.751 -9.597 -10.513 -5.331
5 24 10.352 -6.571 11.166 10.003 -7.387 12.098 9.749 -7.046 10.148 10.384 -6.393 12.118
5 24 -10.862 -6.848 11.977 -11.229 -6.589 11.446 -10.368 -7.971 10.776 -11.171 -5.656 12.261
5 24 5.082 -.622 18.301 4.991 -1.661 18.546 5.369 -1.504 18.047 4.506 -.474 18.676
5 24 16.025 -2.428 -5.251 15.74 -3.334 -5.69 15.491 -2.202 -5.75 16.114 -3.627 -4.627
5 24 -15.725 -4.165 -5.141 -15.415 -4.762 -5.296 -15.842 -4.309 -4.562 -14.952 -4.502 -5.899
5 24 7.339 7.437 17.333 7.447 8.957 15.595 8.175 7.195 15.763 6.711 8.667 16.959
5 24 -10.774 2.283 14.797 -11.948 1.204 15.204 -11.814 1.877 14.1 -10.399 1.109 16.566
5 24 -11.753 1.23 -8.841 -13.521 .882 -8.928 -12.182 1.672 -8.498 -13.09 .489 -9.452
5 24 -14.24 3.465 12.554 -13.548 3.276 13.505 -14.302 3.199 12.192 -13.693 4.651 13.086
5 24 -13.668 8.722 8.738 -14.276 8.971 7.494 -13.93 10.206 8.265 -13.972 8.405 8.052
5 24 -3.634 -8.701 14.449 -5.406 -8.464 13.419 -5.226 -8.166 14.178 -4.358 -9.312 12.663
5 24 14.777 3.364 10.169 15.34 2.57 8.419 14.825 3.603 8.531 15.083 2.556 10.349
5 24 10.1268 5.263 -7.7939 12.992 4.207 -8.285 12.911 6.567 -8.137 12.889 3.104 -8.291
5 24 -13.462 -7.236 -4.759 -13.974 -6.405 -5.667 -13.608 -7.306 -6.392 -13.86 -6.53 -4.749
2 24 -9.348 -2.064 -12.925 -8.366 -1.876 -12.661
5 24 8.739 -10.788 -.168 8.687 -9.093 -1.84 10.668 -9.187 -.709 8.002 -9.716 -1.776
5 24 10.047 7.688 14.203 10.248 8.897 14.446 10.823 8.437 13.638 9.477 8.48 15.113
5 24 11.619 .744 15.839 12.59 2.166 14.638 11.73 1.523 15.819 12.414 -.561 14.034
5 24 15.451 5.212 -3.775 15.469 7.568 -1.961 15.872 6.026 -.071 15.396 6.585 -4.017
5 24 -6.096 17.358 14.263 -4.342 17.285 15.234 -5.142 17.879 14.625 -6.418 16.469 13.977
5 24 -6.828 6.577 16.84 -6.299 6.331 18.532 -7.071 5.906 17.166 -6.259 7.095 17.033
5 24 -15.67 -3.033 -5.652 -15.865 -3.397 -5.173 -15.639 -3.368 -5.54 -15.908 -2.812 -5.294
5 24 3.159 6.841 18.49 3.664 7.372 18.169 3.123 8.213 18.839 3.792 6.931 18.172
5 24 -7.701 -1.02 17.96 -6.369 -1.683 18.864 -6.364 -.472 18.209 -7.735 -2.865 18.897
5 24 -.493 -13.338 -2.337 .563 -13.23 -2.441 -.445 -12.701 -1.444 -.308 -13.56 -3.224
5 24 5.156 -11.765 .851 4.849 -12.464 .145 3.978 -12.447 .273 5.782 -12.171 -.467
5 24 1.605 -10.621 12.516 .984 -11.097 11.678 2.163 -9.989 10.884 -.382 -10.839 12.439
5 24 -11.967 -8.63 -5.675 -12.829 -8.116 -5.116 -12.68 -8.237 -6.676 -11.442 -8.101 -4.436
5 24 11.434 -6.148 12.5 12.173 -5.908 12.045 11.942 -5.752 12.786 11.271 -6.394 11.746
5 24 -4.298 -13.446 -5.032 -5.163 -12.478 -4.669 -5.237 -12.796 -5.824 -4.42 -12.741 -4.19
5 24 -13.267 -5.913 8.946 -12.67 -6.037 7.923 -12.168 -6.19 8.73 -14.016 -4.614 7.669
5 24 5.162 13.271 15.782 5.472 14.87 14.401 4.722 14.175 15.176 6.304 14.603 14.442
5 24 3.452 9.963 17.539 4.287 9.027 16.389 3.688 8.907 17.759 3.708 10.583 16.454
5 24 -3.865 -13.425 -10.365 -4.156 -13.084 -11.412 -3.252 -13.23 -11.232 -4.626 -13.197 -10.763
5 24 4.795 -10.423 9.87 5.556 -8.782 7.73 4.627 -9.722 8.115 6.063 -9.23 10.478
5 24 11.031 2.632 15.806 11.73 1.523 15.819 10.216 2.223 16.034 12.59 2.166 14.638
5 24 6.953 6.092 17.079 6.198 5.727 17.678 6.384 6.925 17.913 6.681 5.055 17.003
5 24 8.635 5.228 16.602 7.483 4.056 16.583 7.893 5.775 16.583 8.298 3.211 16.649
5 24 -15.145 6.783 -5.671 -15.392 6.034 -4.803 -15.267 5.941 -5.526 -15.338 7.32 -4.747
5 24 4.429 8.066 16.996 6.055 8.257 17.514 5.972 9.3 16.619 5.872 7.19 18.016
5 24 5.967 -11.744 -1.804 5.353 -11.364 -3.084 5.524 -12.361 -1.215 6.382 -11.225 -2.668
5 24 13.32 8.078 8.706 13.366 8.629 8.469 12.753 8.625 10.04 13.549 7.686 8.336
5 24 -11.696 -8.662 1.989 -10.865 -8.757 1.476 -12.013 -8.161 -.575 -11.377 -8.778 2.105
5 24 -12.156 -2.16 14.935 -12.492 -1.525 15.537 -13.059 -1.512 13.133 -11.632 -1.934 16.488
5 24 17.688 -1.539 .268 17.074 -2.108 -2.454 16.903 -2.442 -.953 17.119 .203 -.669
5 24 -8.828 .665 -11.624 -7.651 1.369 -11.395 -8.386 .418 -12.198 -8.986 1.158 -10.801
5 24 -9.164 2.207 -8.962 -10.6 1.131 -9.501 -9.529 1.446 -9.812 -10.342 2.57 -7.922
5 24 -.115 .164 -14.339 0 2.0828 -12.2964 .965 .848 -13.409 -1.478 .795 -13.151
5 24 -7.651 1.369 -11.395 -6.8346 2.43 -10.2806 -8.337 1.857 -10.341 -5.857 1.419 -11.662
5 24 -3.893 -10.159 6.94 -3.328 -10.413 5.471 -2.732 -9.972 5.978 -5.47 -11.269 6.593
5 24 -.368 -13.372 -7.781 -.577 -13.006 -6.456 .403 -13.799 -6.842 -1.481 -12.604 -6.638
5 24 13.995 -2.804 12.446 14.363 -2.705 11.11 14.449 -1.665 11.095 13.499 -3.552 10.923
5 24 -12.365 -8.629 -1.969 -12.013 -8.161 -.575 -12.622 -8.523 -1.653 -10.643 -8.176 -.513
5 24 -10.573 -4.937 15.365 -12.344 -4.266 13.852 -10.718 -3.634 15.783 -11.076 -5.871 14.288
5 24 -16.905 5.239 1.919 -16.686 2.158 2.61 -17.109 2.166 1.208 -16.727 5.051 2.884
5 24 6.325 -11.187 -10.897 5.253 -11.944 -11.892 4.882 -12.021 -11.645 5.965 -11.655 -11.939
5 24 -6.482 10.865 15.479 -5.113 11.116 16.347 -7.143 9.311 16.562 -5.552 11.573 15.339
5 24 -8.487 -7.297 -13.137 -7.559 -6.801 -14.134 -8.683 -5.548 -12.994 -8.108 -8.195 -13.366
5 24 1.867 -4.705 18.305 1.241 -3.837 18.558 1.172 -4.385 18.204 2.17 -4.188 18.759
5 24 9.83 -2.502 16.761 9.875 -3.86 15.665 8.835 -3.656 17.624 10.398 -1.919 15.974
5 24 15.263 1.821 10.091 15.195 1.039 8.15 14.924 .552 9.667 15.381 2.071 8.264
5 24 5.599 -10.789 5.606 3.859 -10.899 6.66 5.008 -11.123 5.213 4.55 -10.632 7.267
5 24 -8.337 1.857 -10.341 -7.651 1.369 -11.395 -8.986 1.158 -10.801 -7.5367 2.4691 -9.8499
5 24 12.507 -3.713 14.786 13.428 -3.26 13.787 12.585 -1.943 15.258 12.552 -4.019 12.927
5 24 1.195 -6.606 16.288 2.052 -5.65 16.857 1.244 -7.183 15.988 1.072 -5.546 16.828
5 24 -9.223 -10.001 -6.384 -9.597 -10.513 -5.331 -8.599 -11.262 -5.474 -10.08 -9.905 -5.315
5 24 5.421 18.591 14.058 3.972 18.988 12.632 3.869 18.756 14.518 6.052 18.694 11.744
5 24 -13.429 -2.121 12.042 -14.013 -1.396 12.65 -14.429 -1.45 11.761 -13.317 -1.984 12.536
5 24 2.342 -14.155 -9.24 4.382 -13.396 -10.657 2.976 -13.585 -11.205 3.26 -13.647 -8.619
5 24 -12.156 -2.16 14.935 -12.222 -3.046 14.566 -13.059 -1.512 13.133 -10.993 -2.551 15.879
5 24 -4.737 -2.382 -15.276 -4.968 -1.877 -14.58 -5.382 -3.322 -14.663 -3.629 -1.883 -15.279
5 24 -5.588 -7.843 15.02 -5.981 -8.045 14.908 -6.097 -7.763 15.524 -5.601 -8.034 14.606
5 24 -15.078 10.232 -2.413 -14.693 9.079 -1.643 -15.334 9.021 -2.229 -14.227 10.541 -2.115
5 24 -11.471 -7.971 4.482 -11.756 -7.316 4.685 -12.024 -7.033 3.531 -11.123 -7.48 5.641
5 24 8.635 5.228 16.602 8.546 5.731 16.587 9.188 5.701 16.396 7.893 5.775 16.583
5 24 -7.18 10.169 15.779 -7.505 10.914 15.306 -6.482 10.865 15.479 -8.515 9.14 16.128
5 24 -16.68 -3.399 -2.061 -16.363 -3.057 -3.393 -16.231 -3.552 -2.889 -16.991 -2.68 -2.82
5 24 -16.815 -3.415 -1.486 -17.178 -2.732 -.217 -16.836 -3.188 .382 -17.188 -2.213 -1.409
5 24 -9.727 3.833 16.811 -9.671 2.35 17.863 -8.892 4.049 17.575 -10.25 3.275 15.908
5 24 3.71 16.992 15.729 3.825 18.102 14.977 4.423 16.737 15.492 2.657 18.206 15.203
5 24 -13.242 13.3 7.337 -13.317 11.26 8.796 -14.346 10.906 6.311 -12.713 12.507 9.061
5 24 -2.907 -12.78 .113 -2.855 -11.844 .833 -1.576 -13.126 .871 -3.832 -12.024 -.592
5 24 -4.163 -10.532 9.08 -2.783 -10.365 9.224 -2.948 -10.516 8.409 -3.778 -10.269 9.926
5 24 -7.694 -11.535 -1.47 -6.682 -11.446 -1.449 -7.523 -11.501 -.957 -6.944 -11.351 -2.022
5 24 -9.096 -10.381 .14 -8.205 -10.983 .252 -9.149 -10.949 -.524 -8.167 -10.169 .687
5 24 13.335 7.618 10.165 13.689 6.362 11.555 13.365 7.119 11.65 13.824 6.013 10.333
5 24 -5.233 -11.17 -8.507 -6.276 -11.368 -7.581 -7.093 -11.474 -8.381 -5.729 -11.4 -7.362
5 24 2.396 -11.255 4.086 1.259 -11.394 4.286 2.695 -10.103 4.889 2.097 -11.856 3.74
5 24 4.652 -1.818 19.37 4.787 -3.101 19.564 2.905 -1.882 19.654 5.226 -2.974 18.371
5 24 7.019 5.143 16.647 7.086 3.977 16.871 6.681 5.055 17.003 7.483 4.056 16.583
5 24 10.365 1.182 -10.231 8.9232 2.4691 -8.9232 9.9681 3 -8.0315 9.86 1.022 -10.622
5 24 15.74 -3.334 -5.69 16.114 -3.627 -4.627 15.391 -4.917 -5.304 16.025 -2.428 -5.251
5 24 2.468 -2.808 19.326 2.905 -1.882 19.654 3.123 -3.153 19.834 2.573 -2.165 19.463
5 24 -8.205 -10.983 .252 -9.149 -10.949 -.524 -8.111 -11.478 -.437 -9.096 -10.381 .14
5 24 9.231 .637 -11.236 10.481 .421 -10.693 9.285 -.336 -11.755 9.86 1.022 -10.622
5 24 12.325 9.931 10.981 12.364 8.701 10.782 12.63 9.67 10.283 11.847 8.7 11.444
5 24 -1.294 -7.565 17.043 .142 -7.705 16.101 -.345 -8.103 15.296 .31 -7.195 16.817
5 24 9.102 7.485 15.249 9.948 6.763 15.41 9.55 6.755 15.739 9.55 7.635 14.746
5 24 -8.723 -7.456 -12.071 -9.361 -7.724 -11.336 -8.288 -8.43 -12.187 -9.101 -7.296 -11.707
5 24 2.161 -1.041 19.181 2.905 -1.882 19.654 2.646 -.837 19.239 1.964 -1.513 19.103
5 24 -9.552 6.109 17.184 -8.322 5.886 17.365 -9.622 5.026 17.433 -9.314 6.844 16.931
5 24 2.484 -10.188 7.262 3.859 -10.899 6.66 2.332 -10.293 6.808 3.539 -10.204 8.126
5 24 -6.224 .354 18.492 -5.453 .464 19.049 -6.072 1.176 18.502 -5.802 -.951 18.649
5 24 5.772 -6.15 -13.521 5.503 -7.236 -14.18 6.092 -6.866 -13.593 4.57 -6.096 -14.2
5 24 -2.827 -9.426 13.345 -3.224 -9.622 12.196 -1.83 -9.153 12.929 -4.358 -9.312 12.663
5 24 -11.755 -.983 16.853 -10.399 1.109 16.566 -12.301 -.354 16.14 -9.862 .172 17.403
5 24 -7.071 5.906 17.166 -6.698 5.26 18.958 -6.962 4.672 18.161 -6.299 6.331 18.532
5 24 -7.775 -7.834 11.781 -6.802 -8.21 12.853 -7.06 -7.857 10.566 -8.261 -7.379 12.476
5 24 -16.895 .157 6.079 -15.726 .869 7.392 -16.025 2.075 6.424 -16.548 -1.862 5.881
5 24 7.339 7.437 17.333 8.175 7.195 15.763 7.447 8.957 15.595 7.916 6.609 16.293
5 24 2.695 -10.103 4.889 2.848 -10.542 4.116 2.396 -11.255 4.086 3.134 -10.187 4.502
5 24 11.401 -5.154 13.633 10.657 -4.87 13.977 10.84 -5.611 13.46 11.596 -4.11 14.076
5 24 -9.912 -10.29 2.337 -7.865 -9.873 1.326 -9.235 -10.621 2.76 -9.105 -9.529 1.041
5 24 -5.237 -12.796 -5.824 -4.177 -13.658 -6.37 -5.433 -11.94 -6.953 -4.298 -13.446 -5.032
5 24 2.955 -6.608 -15.46 2.265 -5.033 -16.228 1.679 -6.161 -16.053 3.375 -4.794 -16.277
5 24 -6.986 -8.335 7.456 -8.618 -9.074 7.81 -7.712 -8.893 6.78 -7.467 -8.066 8.78
5 24 10.398 -1.919 15.974 9.83 -2.502 16.761 9.875 -3.86 15.665 10.008 -1.684 16.544
5 24 -15.04 5.65 -6.044 -14.347 5.157 -6.83 -14.285 5.475 -6.88 -14.516 4.868 -6.624
5 24 -11.343 -8.315 -9.333 -10.651 -8.957 -8.805 -11.207 -7.911 -8.3 -11.363 -8.438 -10.125
5 24 8.503 -5.166 15.95 8.379 -5.459 14.713 6.282 -5.825 15.789 9.548 -4.705 14.392
5 24 5.638 -10.214 6.773 5.018 -10.188 7.337 6.177 -8.976 7.023 4.55 -10.632 7.267
5 24 -13.867 -5.737 -6.619 -13.974 -6.405 -5.667 -14.23 -5.246 -5.952 -13.73 -6.709 -6.424
5 24 13.365 7.119 11.65 12.364 8.701 10.782 11.847 8.7 11.444 13.335 7.618 10.165
5 24 7.496 -7.963 -13.583 6.78 -8.564 -12.529 6.34 -8.366 -12.81 8.316 -7.991 -13.395
5 24 8.744 6.156 16.4 7.916 6.609 16.293 9.08 6.515 16.12 7.893 5.775 16.583
5 24 11.183 -7.602 7.859 11.763 -6.086 7.834 10.952 -6.421 9.291 11.835 -6.445 6.897
5 24 3.123 -3.153 19.834 2.401 -3.735 19.108 2.468 -2.808 19.326 2.899 -4.29 19.399
5 24 7.019 5.143 16.647 7.893 5.775 16.583 7.567 6.07 16.577 7.483 4.056 16.583
5 24 -14.076 7.322 -6.955 -14.426 7.104 -6.428 -14.145 8.498 -6.554 -14.27 5.952 -6.876
5 24 1.059 2.017 19.859 1.63 1.193 19.88 .734 1.685 19.851 1.657 2.269 19.853
5 24 15.34 2.57 8.419 15.263 1.821 10.091 15.381 2.071 8.264 15.083 2.556 10.349
5 24 -11.015 -8.304 -3.348 -10.547 -8.442 -1.88 -11.693 -8.414 -3.26 -10.641 -8.382 -3.486
5 24 -16.186 -3.657 -3.128 -15.801 -4.494 -2.812 -16.002 -4.51 -3.541 -16.231 -3.552 -2.889
5 24 -9.862 .172 17.403 -9.671 2.35 17.863 -8.951 1.131 18.901 -10.399 1.109 16.566
5 24 5.382 -7.92 12.919 3.94 -8.961 13.869 5.251 -7.475 14.99 4.528 -8.625 12.251
5 24 -5.946 -12.167 -10.363 -5.158 -12.96 -10.444 -5.48 -12.504 -11.246 -5.231 -12.712 -9.58
5 24 6.711 8.667 16.959 7.339 7.437 17.333 7.447 8.957 15.595 6.384 6.925 17.913
5 24 -9.101 -7.296 -11.707 -11.478 -6.745 -11.533 -10.859 -7.835 -10.981 -9.835 -6.604 -12.125
5 24 16.265 5.432 1.447 16.67 4.277 .522 15.872 6.026 -.071 16.775 4.254 1.314
5 24 -15.951 4.962 -1.726 -15.964 6.911 -1.817 -16.15 6.31 -.704 -15.703 7.124 -2.721
2 24 17.119 .203 -.669 16.292 .907 -1.284
5 24 -5.919 -9.315 7.561 -6.669 -10.45 6.689 -7.712 -8.893 6.78 -5.651 -10.896 6.948
5 24 5.638 -10.214 6.773 4.55 -10.632 7.267 5.914 -10.392 6.26 5.018 -10.188 7.337
5 24 -2.782 -12.968 -9.906 -1.913 -13.444 -9.722 -2.796 -12.679 -7.929 -2.324 -12.93 -10.468
5 24 15.055 -.938 -7.46 14.549 .822 -7.253 15.215 .552 -6.365 14.579 -.838 -8.069
5 24 5.095 -12.714 -4.083 5.594 -11.884 -6.245 4.196 -13.032 -5.155 5.895 -11.986 -4.203
5 24 -.24 -7.007 -15.636 -1.628 -6.603 -15.506 -1.311 -6.994 -15.327 -1.084 -5.448 -16.026
5 24 -2.356 -13.138 -.798 -2.447 -12.019 -2.1 -1.58 -12.778 -1.803 -3.391 -12.382 -1.069
5 24 12.697 -7.446 -5.49 12.56 -8.121 -4.92 11.833 -8.517 -5.007 13.027 -7.855 -4.383
5 24 8.18 -7.126 -13.857 8.842 -7.592 -13.284 8.316 -7.991 -13.395 9.049 -7.092 -13.308
5 24 -13.937 -.365 -9.027 -12.523 -.883 -9.733 -13.629 -1.213 -9.091 -13.09 .489 -9.452
5 24 12.51 11.452 9.096 13.645 10.117 8.7 12.954 12.294 8.516 13.042 10.019 9.067
5 24 8.034 13.087 14.149 6.451 12.055 15.849 8.47 11.195 14.174 7.469 14.175 14.091
5 24 -2.291 1.337 19.766 -1.605 2.954 19.514 -3.682 2.356 19.674 -.718 2.357 18.886
5 24 14.466 -6.809 3.372 13.696 -7.348 3.735 13.58 -7.373 3.063 14.371 -6.846 3.827
5 24 16.023 2.359 5.806 15.849 3.071 5.962 16.059 2.699 5.237 15.764 2.818 7.245
5 24 3.912 -3.832 -14.76 2.546 -3.708 -16.096 3.375 -4.794 -16.277 3.048 -3 -15.2
5 24 8.852 -8.038 -11.761 9.439 -6.026 -12.262 9.049 -7.092 -13.308 9.506 -6.928 -11.352
5 24 -12.592 7.42 12.817 -13.27 7.477 11.543 -11.95 6.305 13.413 -12.55 7.942 12.458
5 24 -15.526 -3.425 -6.172 -15.401 -2.443 -6.289 -15.67 -3.033 -5.652 -15.341 -3.018 -6.659
5 24 -9.552 6.109 17.184 -10.317 6.723 16.235 -10.677 6.122 16.175 -9.314 6.844 16.931
5 24 -12.713 12.507 9.061 -12.226 13.994 10.733 -12.575 15.034 8.629 -12.051 12.102 10.229
5 24 9.766 6.172 15.904 10.291 6.681 15.11 9.948 6.763 15.41 10.543 5.385 15.501
5 24 10.902 -7.763 2.309 12.655 -7.694 3.699 12.186 -7.472 2.121 11.212 -7.578 4.141
5 24 3.6 -12.46 -2.465 4.235 -12.518 -2.871 4.281 -12.337 -2.51 4.425 -12.89 -3.413
5 24 -10.723 -8.049 5.683 -11.471 -7.971 4.482 -10.335 -9.432 5.071 -11.123 -7.48 5.641
5 24 -12.836 -5.434 -9.361 -13.137 -4.707 -8.901 -12.791 -4.602 -9.466 -13.236 -5.136 -8.526
5 24 -8.205 -10.983 .252 -8.167 -10.169 .687 -7.36 -10.564 .667 -9.096 -10.381 .14
5 24 -12.05 -4.139 -10.372 -13.105 -3.112 -10.292 -12.44 -4.549 -9.905 -12.889 -2.982 -10.475
5 24 -5.919 -9.315 7.561 -6.222 -9.397 9.337 -6.986 -8.335 7.456 -5.071 -10.378 9.28
5 24 -1.95 -12.943 -7.065 -.321 -13.525 -9.775 -1.913 -13.444 -9.722 -.197 -13.64 -9.007
5 24 -5.609 -7.478 15.713 -4.981 -7.148 15.779 -4.734 -7.53 15.034 -5.643 -6.729 16.225
5 24 -6.69 -2.875 -14.439 -5.382 -3.322 -14.663 -6.408 -2.358 -14.455 -6.763 -3.657 -14.479
5 24 -10.993 -2.551 15.879 -11.162 -1.853 16.783 -11.632 -1.934 16.488 -9.248 -1.907 16.677
5 24 16.049 .515 -3.121 16.892 -.552 -2.865 15.676 -.056 -4.303 16.292 .907 -1.284
5 24 -2.754 -1.312 -14.398 -2.887 .273 -13.945 -3.526 -1.35 -14.494 -1.932 -1.388 -13.897
5 24 -4.963 -12.857 -1.8 -4.892 -13.018 -2.417 -4.347 -13.018 -2.25 -5.863 -12.568 -2.329
5 24 -10.08 -9.905 -5.315 -10.228 -8.696 -6.332 -9.223 -10.001 -6.384 -10.689 -8.938 -5.711
5 24 12.38 .002 -10.637 12.186 -2.241 -10.133 11.539 -.875 -11.198 13.362 -.507 -9.116
5 24 -.718 2.357 18.886 .753 1.139 19.847 .734 1.685 19.851 -.806 .204 18.797
5 24 -14.728 -3.406 -8.324 -14.064 -2.215 -7.964 -14.59 -2.218 -7.553 -14.054 -3.25 -8.651
5 24 14.371 -6.846 3.827 14.466 -6.809 3.372 13.696 -7.348 3.735 14.841 -5.777 4.214
5 24 8.393 -3.646 -14.028 8.974 -4.991 -12.487 9.59 -4.133 -12.504 8.255 -4.932 -13.347
5 24 9.55 7.635 14.746 9.477 8.48 15.113 9.102 7.485 15.249 10.047 7.688 14.203
5 24 7.052 -7.496 -13.915 6.348 -5.704 -13.87 6.092 -6.866 -13.593 7.494 -5.967 -14.295
5 24 -4.115 -2.589 -16.077 -3.629 -1.883 -15.279 -3.215 -2.093 -15.747 -4.737 -2.382 -15.276
5 24 9.141 -7.684 10.041 9.344 -8.199 12.365 8.358 -8.711 11.23 9.749 -7.046 10.148
5 24 -1.889 -11.446 2.429 -.874 -10.856 2.271 -1.81 -11.461 1.952 -1.478 -11.771 3.366
5 24 -9.306 -3.914 15.688 -9.494 -3.095 16.588 -9.962 -2.761 16.157 -8.872 -3.381 18.082
5 24 -16.905 5.239 1.919 -16.727 5.051 2.884 -16.232 5.802 2.292 -16.686 2.158 2.61
5 24 -1.569 18.311 15.334 -2.507 18.788 14.916 -.629 18.518 15.458 -2.556 18.201 14.997
5 24 2.834 -12.544 -3.891 2.034 -12.052 -3.718 3.015 -12.351 -2.595 2.105 -11.783 -4.363
5 24 15.836 1.238 6.866 16.626 -.205 6.931 15.984 1.436 6.147 15.421 .603 7.624
5 24 -4.358 -9.312 12.663 -3.888 -9.395 10.998 -4.478 -9.248 11.234 -3.196 -9.481 11.633
5 24 6.681 5.055 17.003 6.953 6.092 17.079 7.019 5.143 16.647 6.198 5.727 17.678
5 24 15.053 6.314 -6.269 15.298 6.398 -5.155 15.111 7.36 -5.581 14.993 5.049 -6.353
5 24 11.47 -1.799 15.744 10.777 -1.397 15.964 11.063 -1.15 15.657 10.577 -1.608 16.024
5 24 -12.533 10.259 10.215 -13.317 11.26 8.796 -13.088 8.884 9.466 -12.051 12.102 10.229
5 24 -13.573 -7.432 2.735 -13.678 -7.607 .611 -12.588 -8.288 2.325 -14.047 -6.661 2.901
5 24 -14.993 8.108 -1.327 -14.693 9.079 -1.643 -13.276 8.529 -1.184 -15.334 9.021 -2.229
5 24 6.092 -6.866 -13.593 7.052 -7.496 -13.915 6.348 -5.704 -13.87 6.208 -7.483 -13.648
5 24 13.58 -7.373 3.063 13.696 -7.348 3.735 14.466 -6.809 3.372 12.655 -7.694 3.699
5 24 .565 -5.079 -16.192 -.605 -3.172 -15.769 -1.084 -5.448 -16.026 .588 -3.619 -15.241
5 24 -4.54 -13.073 -2.689 -2.447 -12.019 -2.1 -4.347 -13.018 -2.25 -2.626 -12.216 -3.8
5 24 -9.149 -10.949 -.524 -9.685 -10.438 -1.603 -8.525 -11.368 -1.64 -10.09 -9.692 -.857
5 24 9.716 -7.622 12.751 10.208 -6.057 12.883 10.384 -6.393 12.118 8.647 -6.425 14.225
5 24 -4.97 -12.653 -11.491 -4.156 -13.084 -11.412 -4.626 -13.197 -10.763 -4.545 -11.498 -12.228
2 24 1.086 17.393 15.381 1.174 15.115 15.884
5 24 11.401 -5.154 13.633 11.31 -5.808 13.167 12.286 -5.41 12.722 10.84 -5.611 13.46
5 24 -14.43 9.215 -5.847 -13.695 9.122 -6.766 -14.145 8.498 -6.554 -13.866 9.986 -6.216
5 24 -.943 -13.419 -10.4 -.971 -12.818 -11.189 -.495 -12.912 -11.112 -1.357 -13.372 -10.454
5 24 5.215 -7.768 -14.621 5.867 -9.03 -13.075 4.671 -9.905 -13.444 6.208 -7.483 -13.648
5 24 -10.872 8.028 -7.148 -13.307 7.629 -7.528 -12.897 5.982 -8.303 -13.695 9.122 -6.766
5 24 -12.493 10.778 4.666 -14.713 9.318 5.781 -12.744 8.765 3.966 -14.346 10.906 6.311
5 24 -2.29 -10.28 6.945 -3.314 -10.386 7.679 -3.893 -10.159 6.94 -2.024 -10.446 7.996
5 24 -9.675 -.048 -11.052 -8.986 1.158 -10.801 -9.538 .815 -10.187 -8.828 .665 -11.624
5 24 15.804 2.744 -3.962 15.715 2.083 -5.875 15.947 1.761 -4.778 15.334 4.672 -4.383
5 24 12.086 -7.973 1.641 10.754 -8.075 2.073 10.776 -8.705 1.29 10.902 -7.763 2.309
5 24 -2.254 -3.33 -15.884 -1.321 -2.512 -14.811 -3.215 -2.093 -15.747 -1.986 -3.597 -15.853
5 24 -6.404 8.39 17.674 -6.259 7.095 17.033 -5.951 7.368 18.045 -6.769 7.692 16.048
5 24 6.384 6.925 17.913 6.711 8.667 16.959 6.055 8.257 17.514 7.339 7.437 17.333
5 24 -.495 -12.912 -11.112 .003 -13.243 -12.096 -.971 -12.818 -11.189 .996 -13.252 -11.522
5 24 -16.186 -3.657 -3.128 -16.363 -3.057 -3.393 -16.231 -3.552 -2.889 -16.096 -3.307 -4.646
5 24 14.275 -6.846 2.766 13.541 -6.534 1.087 14.659 -5.569 1.131 13.58 -7.373 3.063
5 24 3.221 -10.552 10.698 2.746 -9.469 11.573 2.163 -9.989 10.884 3.73 -9.172 11.97
5 24 -7.701 -1.02 17.96 -8.672 .131 18.708 -8.153 .093 18.995 -9.285 -.476 17.487
5 24 16.09 3.451 -2.842 15.334 4.672 -4.383 15.451 5.212 -3.775 15.804 2.744 -3.962
5 24 7.052 -7.496 -13.915 6.208 -7.483 -13.648 6.092 -6.866 -13.593 7.496 -7.963 -13.583
5 24 .519 -9.73 13.434 .964 -8.071 14.031 -.246 -8.318 14.069 1.675 -9.094 13.568
5 24 10.825 4.954 14.34 11.466 3.694 14.899 10.501 4.599 15.024 11.266 5.1 13.298
5 24 -6.681 -11.579 -3.668 -7.447 -11.644 -4.751 -6.185 -11.534 -4.537 -7.17 -11.156 -2.74
5 24 7.156 -8.145 9.674 6.813 -9.031 7.84 8.47 -8.797 9.096 6.361 -8.732 8.98
5 24 11.576 -4.03 -10.777 12.46 -4.358 -10.26 11.777 -4.627 -10.555 12.25 -3.145 -10.532
5 24 -2.733 12.244 17.41 -2.32 10.819 17.472 -3.676 12.215 17.197 -1.342 11.546 16.878
5 24 .936 -9.322 -15.13 .93 -7.415 -15.677 .422 -8.061 -16.12 1.574 -7.241 -15.026
5 24 16.015 2.979 4.7 16.851 1.637 5.129 16.059 2.699 5.237 17.304 1.517 2.805
5 24 .27 -13.4 -8.524 1.162 -13.898 -7.593 -.368 -13.372 -7.781 1.599 -13.525 -8.426
5 24 -14.731 -3.797 8.722 -14.172 -4.856 9.595 -14.875 -3.296 9.197 -14.032 -5.158 9.342
5 24 8.168 -10.81 .97 9.48 -10.139 1.597 7.998 -10.02 2.269 9.761 -10.198 .866
5 24 15.7 -2.26 9.435 16.174 -1.379 7.732 15.926 -2.516 7.355 15.195 1.039 8.15
5 24 -5.851 -12.154 .907 -5.568 -12.186 1.065 -4.86 -11.366 .378 -6.095 -12.207 1.793
5 24 -12.761 -8.233 .192 -12.013 -8.161 -.575 -13.343 -7.022 -.407 -11.696 -8.662 1.989
5 24 15.053 6.314 -6.269 13.786 9.264 -6.692 15.111 7.36 -5.581 14.022 6.222 -7.225
5 24 13.502 -6.911 -.311 14.333 -5.622 -2.94 13.068 -6.952 -1.542 16.65 -4.716 -.953
5 24 -12.213 10.128 12.665 -11.531 12.378 12.282 -11.652 10.328 13.401 -12.051 12.102 10.229
5 24 10.84 -5.611 13.46 11.401 -5.154 13.633 10.657 -4.87 13.977 11.31 -5.808 13.167
5 24 -9.622 5.026 17.433 -10.537 4.478 16.063 -9.727 3.833 16.811 -10.384 5.324 16.87
5 24 -16.129 3.127 7.656 -15.097 2.355 8.367 -15.522 1.658 7.302 -14.634 3.087 9.005
5 24 7.8 -9.396 7.131 9.748 -8.489 5.832 7.894 -8.711 5.626 9.36 -9.32 7.672
5 24 -15.002 1.645 11.485 -14.393 2.462 11.441 -15.291 1.302 9.008 -14.801 1.155 12.155
5 24 6.451 12.055 15.849 8.47 11.195 14.174 8.034 13.087 14.149 5.857 11.054 16.219
5 24 -10.862 -6.848 11.977 -9.682 -8.323 11.195 -10.368 -7.971 10.776 -10.239 -7.158 12.47
5 24 .371 -10.718 9.674 .984 -11.097 11.678 1.711 -10.135 10.2 -1.226 -10.785 10.968
5 24 13.93 -1.289 12.664 13.995 -2.804 12.446 13.373 -1.723 14.231 14.017 -1.015 12.131
5 24 -8.532 -4.65 -13.761 -7.66 -3.752 -13.863 -8.302 -4.759 -13.812 -9.075 -3.47 -13.857
5 24 -13.105 -8.032 -3.084 -13.231 -7.06 -4.057 -13.612 -7.693 -2.669 -12.349 -7.827 -4.202
5 24 12.421 11.141 10.149 12.63 9.67 10.283 12.325 9.931 10.981 13.042 10.019 9.067
5 24 -15.893 1.336 -3.562 -16.542 -.532 -3.327 -15.777 1.284 -4.638 -16.324 .456 -2.74
5 24 -3.96 -2.789 18.173 -4.431 -2.532 18.32 -3.825 -3.336 17.592 -4.019 -2.171 18.332
5 24 -9.6 16.765 12.358 -9.654 17.776 11.955 -7.49 16.964 13.704 -10.595 15.839 11.334
5 24 8.316 -7.991 -13.395 8.852 -8.038 -11.761 7.5 -8.726 -11.756 8.842 -7.592 -13.284
5 24 -10.132 -9.707 -4.474 -10.923 -8.635 -5.131 -10.08 -9.905 -5.315 -10.641 -8.382 -3.486
5 24 17.361 -1.417 2.621 17.033 -1.449 4.241 17.338 -.451 3.337 16.989 -2.637 3.645
5 24 13.973 6.207 8.711 13.824 6.013 10.333 14.03 3.833 10.291 13.549 7.686 8.336
5 24 -16.686 2.158 2.61 -16.727 5.051 2.884 -16.905 5.239 1.919 -16.376 2.267 3.873
5 24 15.273 -5.117 2.727 17.103 -2.762 .404 15.041 -5.047 1.342 16.473 -3.926 3.486
5 24 -4.342 17.285 15.234 -5.142 17.879 14.625 -6.096 17.358 14.263 -3.611 18.125 14.988
5 24 -2.9 -2.378 19.394 -2.547 -.783 19.435 -1.249 -1.256 19.649 -3.166 -1.058 19.145
5 24 2.905 -1.882 19.654 2.573 -2.165 19.463 1.964 -1.513 19.103 2.468 -2.808 19.326
5 24 7.405 2.607 17.458 8.298 3.211 16.649 7.483 4.056 16.583 8.294 2.933 16.797
5 24 -17.176 -.893 -2.569 -17.188 -2.213 -1.409 -17.174 -1.344 -2.835 -17.233 -.748 -1.934
5 24 12.51 11.452 9.096 12.151 13.4 9.445 12.954 12.294 8.516 11.618 12.323 10.176
5 24 10.352 -6.571 11.166 9.749 -7.046 10.148 10.126 -6.49 10.271 10.003 -7.387 12.098
5 24 3.669 -6.657 -14.861 3.375 -4.794 -16.277 4.181 -4.563 -15.152 2.955 -6.608 -15.46
5 24 9.83 -2.502 16.761 10.008 -1.684 16.544 9.599 -1.386 17.053 10.398 -1.919 15.974
5 24 -12.355 -5.73 -9.887 -12.836 -5.434 -9.361 -13.02 -6.419 -8.443 -12.44 -4.549 -9.905
5 24 14.371 -6.846 3.827 13.696 -7.348 3.735 14.466 -6.809 3.372 13.718 -7.101 4.358
5 24 -1.433 -9.921 -14.172 -.025 -9.195 -15.537 -1.901 -9.059 -14.597 -.01 -10.039 -14.823
5 24 15.7 -2.26 9.435 15.926 -2.516 7.355 16.174 -1.379 7.732 14.494 -3.904 7.743
5 24 -12.039 -8.178 -7.062 -12.225 -7.529 -7.482 -12.68 -8.237 -6.676 -11.47 -7.939 -7.621
5 24 -11.47 -7.939 -7.621 -12.039 -8.178 -7.062 -12.225 -7.529 -7.482 -10.228 -8.696 -6.332
5 24 -11.46 -3.493 -10.7 -11.635 -1.952 -11.046 -11.156 -3.636 -11.361 -11.869 -2.071 -10.673
5 24 4.446 -10.434 11.413 6.063 -9.23 10.478 4.795 -10.423 9.87 5.64 -9.261 11.584
5 24 12.652 .756 -9.647 12.598 1.455 -8.476 12.23 1.213 -9.703 12.969 1.007 -8.253
5 24 -6.327 -5.763 16.779 -4.523 -5.927 16.345 -4.7 -4.888 16.571 -5.643 -6.729 16.225
5 24 -4.892 -13.018 -2.417 -5.863 -12.568 -2.329 -5.56 -12.803 -2.701 -4.963 -12.857 -1.8
5 24 -5.626 -11.519 5.072 -6.812 -11.004 4.932 -5.445 -11.577 5.883 -6.187 -10.626 3.77
5 24 2.695 -10.103 4.889 2.396 -11.255 4.086 2.848 -10.542 4.116 1.259 -11.394 4.286
5 24 -12.344 -4.266 13.852 -12.947 -3.506 12.045 -13.429 -2.121 12.042 -12.416 -4.704 11.955
5 24 -16.376 2.267 3.873 -15.902 4.533 7.683 -16.129 3.127 7.656 -15.761 5.11 7.062
5 24 -14.266 4.161 11.329 -14.24 3.465 12.554 -14.302 3.199 12.192 -14.065 4.586 12.468
5 24 -15.779 2.844 -4.788 -15.258 3.317 -6.424 -15.611 2.19 -5.796 -15.289 4.471 -5.064
5 24 5.573 -3.105 -14.769 6.177 -2.684 -13.85 6.243 -3.21 -14.657 5.041 -2.834 -14.623
5 24 6.325 -9.433 -12.812 6.626 -10.368 -12.363 4.922 -10.58 -13.319 7.5 -8.726 -11.756
5 24 -6.022 -11.929 -11.098 -6.626 -11.019 -11.088 -5.946 -12.167 -10.363 -5.81 -10.344 -11.722
5 24 14.958 1.293 11.285 14.786 1.668 11.537 14.149 1.124 11.82 15.263 1.821 10.091
5 24 -4.524 15.773 15.592 -3.866 14.279 15.749 -4.632 13.893 15.441 -2.746 14.722 15.728
5 24 10.291 6.681 15.11 10.047 7.688 14.203 9.55 7.635 14.746 10.574 7.637 13.668
5 24 -16.15 6.31 -.704 -15.951 4.962 -1.726 -15.964 6.911 -1.817 -16.286 4.427 -.556
5 24 -8.036 -2.713 -13.483 -6.79 -1.547 -13.687 -6.69 -2.875 -14.439 -7.218 -1.157 -12.808
5 24 7.341 -11.736 -6.836 5.594 -11.884 -6.245 6.372 -12.405 -8.622 6.19 -11.325 -5.7
5 24 .724 .013 -14.327 .935 -2.395 -15.375 1.995 -2.472 -14.924 .271 -2.254 -15.417
5 24 -7.799 -10.069 4.241 -6.812 -11.004 4.932 -6.187 -10.626 3.77 -8.136 -9.926 4.857
5 24 -1.478 -11.771 3.366 -1.77 -11.96 4.189 -1.417 -11.472 4.665 -1.873 -12.056 3.634
5 24 -16.096 -3.307 -4.646 -16.461 -2.077 -3.863 -16.282 -2.338 -4.689 -16.363 -3.057 -3.393
5 24 .271 -2.254 -15.417 -.349 -2.55 -15.317 -.706 -1.157 -14.713 .588 -3.619 -15.241
5 24 8.025 1.129 18.635 7.035 2.429 17.795 7.405 2.607 17.458 5.505 1.162 18.538
5 24 -11.363 -8.438 -10.125 -11.141 -8.689 -10.739 -10.651 -8.957 -8.805 -10.859 -7.835 -10.981
5 24 9.767 14.131 13.452 9.965 14.958 12.365 9.22 15.809 12.42 10.52 13.953 12.201
5 24 6.062 -11.552 1.926 5.156 -11.765 .851 6.359 -11.072 -.036 3.665 -10.691 2.474
5 24 -10.678 -.144 -10.954 -9.675 -.048 -11.052 -9.933 .3 -10.304 -10.536 -.779 -11.914
5 24 6.348 -5.704 -13.87 7.494 -5.967 -14.295 7.052 -7.496 -13.915 7.033 -5.21 -14.129
5 24 7.85 -11.635 -10.007 8.061 -11.776 -8.124 8.483 -11.327 -9.46 6.372 -12.405 -8.622
5 24 13.364 -7.004 -7.357 13.733 -5.884 -4.838 13.942 -5.417 -5.807 12.697 -7.446 -5.49
5 24 10.776 -8.705 1.29 9.48 -10.139 1.597 9.761 -10.198 .866 9.365 -9.761 2.404
5 24 -7.49 16.964 13.704 -6.61 17.469 13.957 -7.295 18.37 13.354 -6.418 16.469 13.977
5 24 10.849 -5.449 -11.975 10.321 -4.497 -12.336 11.576 -4.03 -10.777 8.974 -4.991 -12.487
5 24 -9.204 8.662 16.145 -8.515 9.14 16.128 -8.463 8.451 16.161 -8.932 11.086 14.799
5 24 7.264 .677 -12.468 8.187 -.164 -11.804 7.123 -.015 -13.079 7.953 1.148 -11.401
5 24 -1.669 -12.049 1.482 -2.781 -11.049 1.515 -1.81 -11.461 1.952 -2.855 -11.844 .833
5 24 -9.338 -4.404 -13.439 -8.472 -5.19 -13.472 -8.532 -4.65 -13.761 -8.683 -5.548 -12.994
5 24 7.11 -11.389 -3.436 5.353 -11.364 -3.084 5.895 -11.986 -4.203 6.382 -11.225 -2.668
5 24 -6.79 -1.547 -13.687 -7.218 -1.157 -12.808 -6.164 -.527 -12.486 -8.036 -2.713 -13.483
5 24 5.086 -4.43 17.644 4.784 -4.199 19.009 3.561 -5.087 18.188 5.226 -2.974 18.371
5 24 -4.734 -7.53 15.034 -2.826 -7.574 15.379 -3.634 -8.701 14.449 -4.155 -6.825 15.785
5 24 -6.669 -10.45 6.689 -7.712 -8.893 6.78 -5.919 -9.315 7.561 -8.411 -9.067 5.627
5 24 7.156 -8.145 9.674 6.063 -9.23 10.478 6.361 -8.732 8.98 6.798 -8.49 10.557
5 24 -15.105 8.773 -3.932 -15.257 8.883 -3.23 -14.866 10.364 -3.477 -15.468 7.646 -3.526
5 24 -16.895 .157 6.079 -17.07 .419 4.918 -16.993 -1.359 4.939 -16.025 2.075 6.424
5 24 -7.266 -10.889 -11.256 -7.132 -10.559 -11.867 -6.626 -11.019 -11.088 -8.265 -10.336 -11.194
5 24 -.314 -2.011 19.706 -1.779 -3.423 19.419 -1.249 -1.256 19.649 .802 -3.918 18.591
5 24 5.041 -2.834 -14.623 6.177 -2.684 -13.85 5.573 -3.105 -14.769 5.711 -2.395 -13.576
5 24 8.061 -11.776 -8.124 8.483 -11.327 -9.46 8.93 -10.382 -8.572 7.85 -11.635 -10.007
5 24 12.75 -7.801 1.212 12.897 -7.202 1.854 13.541 -6.534 1.087 12.186 -7.472 2.121
5 24 -16.836 -3.188 .382 -17.42 -2.358 .381 -17.178 -2.732 -.217 -17.435 -2.774 1.552
5 24 7.027 -10.678 -1.277 8.002 -9.716 -1.776 8.739 -10.788 -.168 7.235 -10.335 -1.886
5 24 17.688 -1.539 .268 17.602 .607 .318 17.119 .203 -.669 18.121 -.144 1.408
5 24 15.16 6.951 5.273 14.689 8.615 5.632 14.998 6.462 6.666 15.047 7.329 4.6
5 24 2.022 -8.859 14.168 3.197 -9.461 13.242 1.675 -9.094 13.568 3.94 -8.961 13.869
5 24 -.321 -13.525 -9.775 -1.913 -13.444 -9.722 -1.95 -12.943 -7.065 -.507 -13.459 -10.124
5 24 -3.512 -6.706 16.938 -4.523 -5.927 16.345 -4.308 -6.48 16.125 -3.35 -5.337 17.466
2 24 9.374 -8.577 -2.483 10.668 -9.187 -.709
5 24 -9.671 2.35 17.863 -10.399 1.109 16.566 -9.862 .172 17.403 -10.25 3.275 15.908
5 24 -9.414 14.746 13.829 -10.341 14.993 12.762 -8.985 15.503 13.841 -9.554 13.909 13.74
5 24 -1.274 -8.412 14.047 -2.254 -8.918 14.099 -1.83 -9.153 12.929 -2.826 -7.574 15.379
5 24 -12.588 -8.288 2.325 -11.838 -7.875 2.923 -11.708 -8.408 2.581 -13.573 -7.432 2.735
5 24 -1.342 11.546 16.878 -.578 9.683 18.126 -2.32 10.819 17.472 -.077 10.869 17.195
5 24 -10.132 7.237 15.663 -10.317 6.723 16.235 -9.245 7.357 16.3 -10.599 6.949 14.093
5 24 8.418 15.346 13.508 9.767 14.131 13.452 9.22 15.809 12.42 9.019 13.595 13.818
5 24 13.355 8.344 -.927 15.469 7.568 -1.961 13.385 7.419 .507 14.911 10.547 -2.628
5 24 -1.417 -11.472 4.665 -2.057 -11.899 4.392 -1.77 -11.96 4.189 -2.213 -11.266 5.061
5 24 11.558 -2.653 -11.746 11.701 -2.057 -11.419 12.25 -3.145 -10.532 10.887 -1.59 -12.063
5 24 -7.323 -7.742 14.535 -6.097 -7.763 15.524 -7.248 -7.111 15.464 -5.981 -8.045 14.908
5 24 -16.146 5.052 4.07 -14.86 6.007 7.421 -15.761 5.11 7.062 -15.647 6.168 3.252
5 24 8.316 -7.991 -13.395 6.78 -8.564 -12.529 7.5 -8.726 -11.756 7.496 -7.963 -13.583
5 24 -2.9 -2.378 19.394 -3.646 -1.358 18.681 -4.019 -2.171 18.332 -3.166 -1.058 19.145
5 24 -1.141 -13.459 -4.043 -1.145 -12.323 -5.694 -1.906 -12.893 -4.82 -.392 -12.757 -5.246
5 24 3.123 8.213 18.839 3.688 8.907 17.759 3.664 7.372 18.169 3.399 9.182 18.288
5 24 -2.319 13.212 16.88 -1.703 13.661 16.441 -2.733 12.244 17.41 -2.746 14.722 15.728
5 24 -11.637 4.866 14.027 -13.051 5.026 13.427 -11.688 5.4 13.496 -13.201 4.389 13.804
5 24 16.059 2.699 5.237 16.851 1.637 5.129 16.015 2.979 4.7 16.087 2.277 5.664
5 24 -9.102 -9.29 -11.096 -8.265 -10.336 -11.194 -8.966 -9.568 -10.685 -8.158 -9.83 -11.766
5 24 -9.506 -10.409 -2.143 -8.867 -10.526 -2.927 -9.698 -9.534 -2.941 -8.631 -11.057 -2.232
5 24 -9.096 -10.381 .14 -9.149 -10.949 -.524 -8.205 -10.983 .252 -10.09 -9.692 -.857
5 24 -4.115 -2.589 -16.077 -2.7 -3.554 -16.269 -3.215 -2.093 -15.747 -3.15 -4.19 -16.463
5 24 -13.972 8.405 8.052 -14.501 6.584 8.581 -14.86 6.007 7.421 -14.175 7.597 8.711
5 24 -16.379 3.082 -2.216 -16.467 3.193 -1.248 -15.951 4.962 -1.726 -16.707 1.152 -.709
5 24 10.216 2.223 16.034 11.031 2.632 15.806 10.838 1.252 16.052 9.238 3.079 16.242
5 24 -3.629 -1.883 -15.279 -4.737 -2.382 -15.276 -4.968 -1.877 -14.58 -4.115 -2.589 -16.077
5 24 -6.069 -12.182 -3.076 -5.241 -12.323 -4.426 -5.564 -12.672 -3.11 -6.185 -11.534 -4.537
5 24 -12.779 .462 14.745 -11.948 1.204 15.204 -11.814 1.877 14.1 -12.301 -.354 16.14
5 24 -.186 -11.531 3.267 .465 -12.159 2.551 .001 -11.587 1.589 1.101 -12.244 3.142
5 24 -5.857 1.419 -11.662 -6.948 .671 -12.274 -6.57 1.171 -11.8 -6.164 -.527 -12.486
5 24 12.507 -3.713 14.786 11.596 -4.11 14.076 12.552 -4.019 12.927 11.969 -3.692 15.054
5 24 -3.429 -11.218 3.043 -4.072 -10.675 2.708 -2.95 -11.517 4.394 -2.953 -11.007 1.974
5 24 -10.368 -7.971 10.776 -10.862 -6.848 11.977 -9.682 -8.323 11.195 -11.229 -6.589 11.446
5 24 -.902 6.841 19.76 -2.667 6.418 18.202 -2.232 5.637 19.809 -.132 8.113 17.959
5 24 8.061 -11.776 -8.124 6.372 -12.405 -8.622 7.85 -11.635 -10.007 7.341 -11.736 -6.836
5 24 -15.67 -3.033 -5.652 -15.526 -3.425 -6.172 -15.401 -2.443 -6.289 -15.639 -3.368 -5.54
5 24 6.351 3.627 18.267 6.198 5.727 17.678 6.681 5.055 17.003 5.362 4.663 19.303
5 24 1.164 -11.155 7.268 1.211 -10.802 6.503 -.309 -11.34 7.095 1.626 -10.755 7.138
5 24 13.543 -4.337 9.296 14.494 -3.904 7.743 13.262 -4.755 8.204 14.964 -3.426 10.657
5 24 -6.855 -11.033 -9.49 -6.682 -10.886 -9.907 -6.154 -11.382 -9.273 -7.592 -10.351 -9.664
5 24 -12.247 -5.068 -10.773 -12.44 -4.549 -9.905 -12.05 -4.139 -10.372 -12.355 -5.73 -9.887
5 24 3.539 -10.204 8.126 2.484 -10.188 7.262 3.859 -10.899 6.66 2.798 -9.997 8.153
5 24 10.543 5.385 15.501 10.895 5.74 14.529 10.825 4.954 14.34 10.291 6.681 15.11
5 24 16.65 -4.716 -.953 16.903 -2.442 -.953 16.826 -4.46 -.415 16.158 -3.181 -2.633
5 24 -8.393 -8.383 11.213 -8.751 -8.197 11.881 -7.775 -7.834 11.781 -9.682 -8.323 11.195
5 24 8.743 -9.822 4.95 9.748 -8.489 5.832 9.601 -9.444 5.116 7.894 -8.711 5.626
5 24 12.889 3.104 -8.291 14.091 3.021 -8.171 12.992 4.207 -8.285 13.567 2.416 -8.285
5 24 -13.317 -1.984 12.536 -12.222 -3.046 14.566 -12.344 -4.266 13.852 -13.059 -1.512 13.133
5 24 -.495 -12.912 -11.112 .996 -13.252 -11.522 .003 -13.243 -12.096 .392 -12.774 -10.89
5 24 -11.218 3.778 14.477 -10.989 5.444 15.795 -11.637 4.866 14.027 -10.25 3.275 15.908
5 24 2.17 -4.188 18.759 2.501 -4.636 18.802 2.401 -3.735 19.108 1.867 -4.705 18.305
5 24 2.67 .984 19.775 2.467 .401 19.759 2.363 1.687 19.846 3.482 -.653 19.103
5 24 -3.778 -10.269 9.926 -2.717 -9.234 10.706 -2.783 -10.365 9.224 -3.888 -9.395 10.998
5 24 .98 -11.163 8.017 -.309 -11.34 7.095 .101 -11.101 8.56 1.164 -11.155 7.268
5 24 2.546 -3.708 -16.096 1.478 -2.839 -15.331 3.048 -3 -15.2 1.101 -3.195 -15.308
5 24 2.905 -1.882 19.654 4.652 -1.818 19.37 3.482 -.653 19.103 3.123 -3.153 19.834
5 24 -.955 -12.671 -12.674 -2.311 -11.513 -12.24 -1.802 -12.13 -11.133 -1.41 -11.742 -12.788
5 24 -15.522 1.658 7.302 -16.129 3.127 7.656 -15.097 2.355 8.367 -16.025 2.075 6.424
5 24 15.334 4.672 -4.383 15.298 6.398 -5.155 14.993 5.049 -6.353 15.451 5.212 -3.775
5 24 -9.414 14.746 13.829 -8.985 15.503 13.841 -10.341 14.993 12.762 -8.801 14.417 13.921
5 24 -6.769 7.692 16.048 -7.143 9.311 16.562 -6.404 8.39 17.674 -7.441 9.291 16.254
5 24 .683 -.91 19.239 -.314 -2.011 19.706 -1.249 -1.256 19.649 1.297 -1.575 19.091
5 24 -5.445 -11.577 5.883 -5.47 -11.269 6.593 -7.01 -10.906 5.802 -3.93 -10.675 4.857
5 24 -5.626 -11.519 5.072 -3.93 -10.675 4.857 -5.445 -11.577 5.883 -5.403 -10.769 3.889
5 24 -2.278 -11.787 2.75 -2.324 -12.085 3.332 -1.478 -11.771 3.366 -2.614 -12.074 3.391
5 24 -.709 3.367 19.823 .634 3.755 19.84 -.564 4.934 19.877 .221 3.256 19.79
5 24 -7.374 -11.193 -5.999 -8.293 -10.939 -6.34 -7.233 -11.089 -6.47 -7.823 -11.4 -5.646
5 24 14.275 -6.846 2.766 13.58 -7.373 3.063 14.466 -6.809 3.372 13.541 -6.534 1.087
5 24 7.024 -12.056 -10.087 7 -10.884 -10.789 6.325 -11.187 -10.897 7.85 -11.635 -10.007
5 24 4.761 -1.267 -14.44 5.041 -2.834 -14.623 5.442 -1.204 -13.509 3.048 -3 -15.2
5 24 -9.671 2.35 17.863 -8.892 4.049 17.575 -8.648 3.192 18.335 -9.727 3.833 16.811
5 24 7.998 -10.02 2.269 9.48 -10.139 1.597 8.168 -10.81 .97 9.365 -9.761 2.404
5 24 11.942 -5.752 12.786 12.173 -5.908 12.045 11.434 -6.148 12.5 12.286 -5.41 12.722
5 24 14.964 -3.426 10.657 14.494 -3.904 7.743 13.543 -4.337 9.296 15.7 -2.26 9.435
5 24 -1.315 -10.828 5.601 -2.213 -11.266 5.061 -2.732 -9.972 5.978 -1.417 -11.472 4.665
5 24 -6.096 17.358 14.263 -5.845 18.624 14.016 -6.61 17.469 13.957 -5.142 17.879 14.625
5 24 -10.335 -9.432 5.071 -11.471 -7.971 4.482 -11.409 -9.09 3.977 -10.723 -8.049 5.683
5 24 11.466 3.694 14.899 9.814 3.945 15.738 10.171 4.29 15.429 11.031 2.632 15.806
5 24 -4.298 -13.446 -5.032 -4.42 -12.741 -4.19 -3.504 -13.112 -4.777 -5.163 -12.478 -4.669
5 24 -8.751 -8.197 11.881 -8.261 -7.379 12.476 -10.239 -7.158 12.47 -7.775 -7.834 11.781
5 24 -3.817 .133 19.661 -3.937 -.785 19.087 -4.727 -.35 19.282 -3.107 .207 19.805
5 24 -2.826 -7.574 15.379 -2.254 -8.918 14.099 -3.634 -8.701 14.449 -1.274 -8.412 14.047
5 24 -6.61 17.469 13.957 -7.295 18.37 13.354 -5.845 18.624 14.016 -7.49 16.964 13.704
5 24 -1.77 -11.96 4.189 -1.873 -12.056 3.634 -1.478 -11.771 3.366 -2.184 -12.076 3.858
5 24 -10.989 5.444 15.795 -11.688 5.4 13.496 -10.677 6.122 16.175 -11.637 4.866 14.027
5 24 .97 -12.477 -12.999 3.238 -11.106 -12.234 2.026 -10.842 -13.171 2.032 -12.741 -12.041
5 24 -15.458 4.399 -3.671 -16.379 3.082 -2.216 -15.951 4.962 -1.726 -15.981 2.8 -3.698
5 24 -14.501 6.584 8.581 -14.494 6.049 9.212 -14.317 6.788 9.685 -14.701 5.201 8.461
5 24 2.703 -12.615 -1.822 1.735 -12.135 -1.97 1.933 -12.272 -.728 2.261 -11.952 -2.737
5 24 -14.047 -6.661 2.901 -13.573 -7.432 2.735 -14.366 -6.531 .756 -13.182 -6.71 3.57
5 24 -1.41 -11.742 -12.788 -.955 -12.671 -12.674 -2.311 -11.513 -12.24 -.825 -12.276 -13.13
5 24 10.577 -1.608 16.024 11.47 -1.799 15.744 10.777 -1.397 15.964 10.398 -1.919 15.974
5 24 14.188 4.195 8.62 14.777 3.364 10.169 14.825 3.603 8.531 14.03 3.833 10.291
5 24 -10.643 -8.176 -.513 -12.365 -8.629 -1.969 -12.013 -8.161 -.575 -10.547 -8.442 -1.88
5 24 -.971 -12.818 -11.189 -.955 -12.671 -12.674 .003 -13.243 -12.096 -1.802 -12.13 -11.133
5 24 -14.145 8.498 -6.554 -14.076 7.322 -6.955 -14.426 7.104 -6.428 -13.695 9.122 -6.766
5 24 -.806 .204 18.797 .857 .746 19.838 .753 1.139 19.847 .683 -.91 19.239
5 24 -15.684 6.348 .932 -15.377 6.787 .015 -13.318 7.166 .45 -16.408 5.744 .323
5 24 -.132 8.113 17.959 -2.038 8.518 18.827 -.578 9.683 18.126 -2.667 6.418 18.202
5 24 -2.953 -11.007 1.974 -3.759 -10.56 1.6 -3.605 -10.566 1.242 -4.072 -10.675 2.708
5 24 1.883 -12.335 2.937 3.665 -10.691 2.474 1.932 -12.28 1.796 2.097 -11.856 3.74
5 24 10.823 8.437 13.638 11.166 7.574 13.048 10.574 7.637 13.668 11.424 7.654 12.713
5 24 -14.348 -6.192 5.555 -14.083 -5.928 3.595 -13.182 -6.71 3.57 -14.352 -5.284 3.545
5 24 -4.089 -9.202 -14.341 -5.028 -8.402 -14.138 -4.636 -7.687 -15.236 -4.812 -8.757 -13.907
5 24 -.025 -9.195 -15.537 -.36 -8.392 -16.011 -1.744 -8.423 -15.165 .422 -8.061 -16.12
5 24 10.664 -2.491 -12.263 10.896 -2.89 -12.101 9.839 -3.425 -12.072 11.558 -2.653 -11.746
5 24 14.017 -1.015 12.131 13.181 .026 12.502 13.93 -1.289 12.664 14.054 -.246 11.538
5 24 -17.925 .212 1.653 -17.975 -1.09 1.544 -17.319 -1.283 2.831 -17.411 -.274 -.475
5 24 -12.744 8.765 3.966 -14.713 9.318 5.781 -15.26 7.582 5.316 -12.493 10.778 4.666
5 24 -3.181 -13.5 -5.145 -4.177 -13.658 -6.37 -1.95 -12.943 -7.065 -4.298 -13.446 -5.032
5 24 .93 -7.415 -15.677 1.33 -6.902 -15.399 1.574 -7.241 -15.026 .847 -6.629 -15.465
5 24 -.564 4.934 19.877 .944 5.769 19.852 .208 6.441 19.809 .913 4.472 19.832
5 24 12.173 -5.908 12.045 12.286 -5.41 12.722 11.942 -5.752 12.786 12.929 -5.457 11.431
5 24 -5.651 -10.896 6.948 -5.47 -11.269 6.593 -6.669 -10.45 6.689 -4.864 -10.116 7.437
5 24 -12.225 -7.529 -7.482 -11.633 -7.673 -8.997 -11.207 -7.911 -8.3 -13.02 -6.419 -8.443
5 24 -6.982 -11.595 -7.441 -7.093 -11.474 -8.381 -6.276 -11.368 -7.581 -8.049 -11.459 -8.053
5 24 5.556 -8.782 7.73 6.063 -9.23 10.478 6.361 -8.732 8.98 4.795 -10.423 9.87
5 24 -2.517 -11.976 4.095 -2.95 -11.517 4.394 -2.734 -12.033 3.658 -2.057 -11.899 4.392
5 24 5.616 -10.725 4.113 6.452 -11.089 2.72 3.991 -10.014 3.822 7.068 -9.656 3.83
5 24 9.9658 3 -8.0349 12.561 1.924 -8.406 12.361 1.657 -8.562 10.1268 5.263 -7.7939
5 24 -15.341 -3.018 -6.659 -15.009 -4.664 -6.957 -15.526 -3.425 -6.172 -14.728 -3.406 -8.324
5 24 -2.213 -11.266 5.061 -2.732 -9.972 5.978 -1.315 -10.828 5.601 -3.328 -10.413 5.471
5 24 18.033 .503 1.155 17.304 1.517 2.805 17.972 -.497 2.14 17.289 1.973 1.211
5 24 6.304 14.603 14.442 5.162 13.271 15.782 5.472 14.87 14.401 6.451 12.055 15.849
5 24 8.393 -3.646 -14.028 9.59 -4.133 -12.504 8.974 -4.991 -12.487 9.298 -3.287 -13.334
5 24 3.688 8.907 17.759 3.399 9.182 18.288 3.123 8.213 18.839 3.452 9.963 17.539
5 24 -7.277 -4.051 18.71 -6.432 -5.334 17.732 -7.765 -4.853 17.612 -5.881 -4.399 18.455
5 24 -11.156 -3.636 -11.361 -11.635 -1.952 -11.046 -11.204 -2.537 -12.064 -11.46 -3.493 -10.7
5 24 1.93 -10.042 -13.457 2.111 -9.379 -13.882 2.268 -9.725 -13.456 1.465 -10.201 -13.956
5 24 15.597 -4.802 5.527 14.841 -5.777 4.214 15.848 -4.435 3.944 14.091 -5.959 5.61
5 24 -5.48 -12.504 -11.246 -6.022 -11.929 -11.098 -4.545 -11.498 -12.228 -5.946 -12.167 -10.363
5 24 1.867 -4.705 18.305 1.172 -4.385 18.204 1.241 -3.837 18.558 2.148 -5.078 17.985
5 24 2.268 -9.725 -13.456 4.671 -9.905 -13.444 3.015 -10.211 -12.672 2.111 -9.379 -13.882
5 24 10.361 -7.932 -10.639 9.506 -6.928 -11.352 8.852 -8.038 -11.761 11.228 -6.524 -9.452
5 24 16.064 1.926 -3.655 16.049 .515 -3.121 15.676 -.056 -4.303 16.101 2.38 -3.156
5 24 9.36 -9.32 7.672 11.183 -7.602 7.859 10.308 -7.889 9.136 9.748 -8.489 5.832
5 24 -17.188 -2.213 -1.409 -16.815 -3.415 -1.486 -17.178 -2.732 -.217 -16.958 -2.978 -1.927
5 24 -.943 -13.419 -10.4 -1.357 -13.372 -10.454 -1.913 -13.444 -9.722 -.971 -12.818 -11.189
5 24 3.067 -12.61 -.046 2.479 -12.677 -.676 4.262 -12.815 -.789 1.933 -12.272 -.728
5 24 -3.248 -5.084 -15.959 -3.274 -5.907 -15.388 -4.727 -5.635 -14.889 -2.318 -5.562 -14.958
5 24 12.954 12.294 8.516 13.287 12.689 7.003 12.387 14.355 7.969 13.645 10.117 8.7
5 24 -15.04 5.65 -6.044 -15.151 4.536 -5.74 -14.516 4.868 -6.624 -15.267 5.941 -5.526
5 24 -12.505 -8.433 -2.993 -12.809 -8.425 -2.358 -13.105 -8.032 -3.084 -12.219 -8.619 -2.483
5 24 -4.572 12.442 16.524 -4.632 13.893 15.441 -3.866 14.279 15.749 -5.21 12.462 15.322
5 24 -1.669 -12.049 1.482 -.6 -12.25 1.178 -1.111 -11.838 1.513 -1.576 -13.126 .871
5 24 9.344 -8.199 12.365 8.358 -8.711 11.23 9.141 -7.684 10.041 8.736 -8.627 12.467
5 24 12.59 2.166 14.638 11.73 1.523 15.819 11.619 .744 15.839 11.031 2.632 15.806
5 24 -5.656 -12.209 -1.359 -5.914 -12.352 -1.813 -5.127 -12.514 -1.27 -6.682 -11.446 -1.449
5 24 -16.146 5.052 4.07 -15.761 5.11 7.062 -14.86 6.007 7.421 -16.376 2.267 3.873
5 24 16.813 .466 5.3 17.007 -.235 4.968 17.304 1.517 2.805 16.626 -.205 6.931
5 24 -6.937 -11.495 -4.988 -7.447 -11.644 -4.751 -7.823 -11.4 -5.646 -6.185 -11.534 -4.537
5 24 -5.571 -12.303 -9.531 -5.231 -12.712 -9.58 -5.233 -11.17 -8.507 -5.946 -12.167 -10.363
5 24 -12.592 7.42 12.817 -11.177 8.416 13.013 -11.994 6.734 13.494 -12.55 7.942 12.458
5 24 9.716 -7.622 12.751 10.003 -7.387 12.098 9.344 -8.199 12.365 10.384 -6.393 12.118
5 24 -7.694 -11.535 -1.47 -7.884 -11.344 -1.974 -6.944 -11.351 -2.022 -8.525 -11.368 -1.64
5 24 2.396 -11.255 4.086 2.848 -10.542 4.116 2.695 -10.103 4.889 3.665 -10.691 2.474
5 24 .668 -13.349 -3.875 -.455 -13.506 -4.213 -.308 -13.56 -3.224 -.392 -12.757 -5.246
5 24 -3.629 -1.883 -15.279 -3.526 -1.35 -14.494 -2.754 -1.312 -14.398 -4.968 -1.877 -14.58
5 24 -15.496 -5.291 -4.439 -14.279 -5.752 -3.559 -15.669 -5.203 -4.011 -14.266 -5.738 -5.059
2 24 -16.68 -3.399 -2.061 -16.815 -3.415 -1.486
5 24 -2.954 -9.321 -14.613 -1.744 -8.423 -15.165 -3.011 -7.997 -15.747 -1.901 -9.059 -14.597
5 24 -13.189 10.602 -2.108 -14.866 10.364 -3.477 -14.227 10.541 -2.115 -12.975 11.06 -3.605
5 24 -10.697 -6.625 9.09 -10.652 -7.68 8.585 -9.677 -8.076 9.325 -11.782 -6.351 7.912
5 24 -8.872 -3.381 18.082 -9.248 -1.907 16.677 -8.519 -1.309 17.196 -9.494 -3.095 16.588
5 24 -15.725 -4.165 -5.141 -14.952 -4.502 -5.899 -15.415 -4.762 -5.296 -15.505 -3.718 -5.581
5 24 5.709 -3.327 17.852 5.086 -4.43 17.644 5.226 -2.974 18.371 5.531 -4.348 17.281
5 24 12.523 -5.86 10.794 11.933 -6.197 11.231 12.929 -5.457 11.431 10.952 -6.421 9.291
5 24 -6.57 1.171 -11.8 -7.651 1.369 -11.395 -6.948 .671 -12.274 -5.857 1.419 -11.662
5 24 14.449 -1.665 11.095 13.995 -2.804 12.446 14.363 -2.705 11.11 14.017 -1.015 12.131
5 24 -2.27 -9.834 9.943 -1.823 -10.228 11.291 -2.717 -9.234 10.706 -1.226 -10.785 10.968
5 24 -6.682 -11.446 -1.449 -5.914 -12.352 -1.813 -5.656 -12.209 -1.359 -6.944 -11.351 -2.022
5 24 -4.089 -9.202 -14.341 -4.094 -10.929 -13.994 -2.954 -9.321 -14.613 -4.771 -10.775 -13.455
5 24 6.958 -10.856 -11.208 7 -10.884 -10.789 7.602 -10.112 -10.69 6.325 -11.187 -10.897
5 24 -11.071 -8.266 -4.48 -11.015 -8.304 -3.348 -11.442 -8.101 -4.436 -10.641 -8.382 -3.486
5 24 -9.223 -10.065 -6.73 -9.908 -9.332 -8.276 -9.129 -10.618 -7.824 -9.908 -8.575 -6.908
2 24 13.968 -4.746 -7.737 14.152 -3.072 -8.613
5 24 -11.229 -6.589 11.446 -11.099 -6.339 9.884 -10.368 -7.971 10.776 -11.704 -5.344 11.381
5 24 4.154 -11.932 -11.86 2.032 -12.741 -12.041 3.238 -11.106 -12.234 2.976 -13.585 -11.205
5 24 -2.717 -9.234 10.706 -2.783 -10.365 9.224 -3.778 -10.269 9.926 -2.27 -9.834 9.943
5 24 -.308 -13.56 -3.224 -1.19 -13.363 -2.723 -1.336 -13.373 -3.227 -.493 -13.338 -2.337
5 24 -4.545 -11.498 -12.228 -4.144 -11.197 -13.668 -3.475 -11.706 -12.46 -4.771 -10.775 -13.455
5 24 3.048 -3 -15.2 4.362 -3.517 -14.656 5.041 -2.834 -14.623 3.912 -3.832 -14.76
5 24 -10.677 6.122 16.175 -9.552 6.109 17.184 -10.317 6.723 16.235 -10.384 5.324 16.87
5 24 -7.76 -11.172 -9.065 -8.023 -10.673 -9.157 -6.855 -11.033 -9.49 -8.596 -11.023 -8.76
5 24 -7.523 -11.501 -.957 -7.694 -11.535 -1.47 -8.111 -11.478 -.437 -6.682 -11.446 -1.449
5 24 -5.071 -10.378 9.28 -4.81 -10.071 10.472 -3.778 -10.269 9.926 -5.869 -9.239 10.471
5 24 15.615 3.216 7.29 15.849 3.071 5.962 15.089 4.692 6.004 15.764 2.818 7.245
5 24 12.38 .002 -10.637 11.539 -.875 -11.198 12.186 -2.241 -10.133 10.848 -.324 -11.029
5 24 -17.485 1.21 1.532 -16.941 2.087 .555 -17.109 2.166 1.208 -16.707 1.152 -.709
5 24 1.202 -10.767 9.021 .371 -10.718 9.674 .101 -11.101 8.56 1.711 -10.135 10.2
5 24 .757 -13.073 -9.081 1.748 -14.038 -9.59 1.599 -13.525 -8.426 .686 -13.051 -9.893
5 24 -15.611 2.19 -5.796 -14.985 .765 -6.606 -15.258 3.317 -6.424 -15.567 1.182 -5.604
5 24 11.847 8.7 11.444 13.365 7.119 11.65 11.424 7.654 12.713 12.364 8.701 10.782
5 24 3.792 6.931 18.172 5.28 6.479 18.009 4.123 5.719 19.331 4.411 7.028 17.558
5 24 -9.231 -10.748 3.203 -7.478 -9.961 2.472 -9.235 -10.621 2.76 -7.202 -9.719 3.619
5 24 16.471 3.768 -.361 15.872 6.026 -.071 16.67 4.277 .522 16.09 3.451 -2.842
5 24 9.229 -10.243 3.449 9.835 -9.797 4.437 8.873 -10.134 4.324 10.058 -9.894 3.616
5 24 -13.236 -5.136 -8.526 -14.094 -4.526 -8.382 -13.137 -4.707 -8.901 -13.365 -5.974 -7.174
5 24 11.348 -10.011 -7.832 10.035 -9.638 -9.191 10.575 -9.157 -9.2 10.931 -10.45 -7.585
5 24 .108 16.709 16.344 -.967 17.298 16.028 -1.343 15.342 16.584 .509 17.857 15.552
5 24 -13.09 .489 -9.452 -11.753 1.23 -8.841 -13.521 .882 -8.928 -11.678 .344 -9.603
5 24 -11.343 -8.315 -9.333 -11.28 -7.534 -10.426 -11.696 -7.176 -9.714 -11.363 -8.438 -10.125
5 24 11.672 -6.509 6.098 11.183 -7.602 7.859 10.732 -7.173 5.431 11.835 -6.445 6.897
5 24 -11.632 -1.934 16.488 -10.993 -2.551 15.879 -12.156 -2.16 14.935 -11.162 -1.853 16.783
5 24 -.683 -9.488 13.478 -.382 -10.839 12.439 .519 -9.73 13.434 -1.275 -10.07 12.633
5 24 5.947 -7.414 14.158 5.251 -7.475 14.99 5.382 -7.92 12.919 6.537 -6.325 14.648
5 24 9.469 -.374 18.416 10.248 .896 17.009 9.337 1.159 18.069 10.151 -.753 17.325
5 24 14.924 .552 9.667 15.7 -2.26 9.435 15.195 1.039 8.15 15.324 -1.908 10.816
5 24 .634 3.755 19.84 1.093 3.215 19.419 1.689 4.015 19.097 .221 3.256 19.79
5 24 -9.862 .172 17.403 -10.6 -1.18 17.207 -11.755 -.983 16.853 -9.285 -.476 17.487
5 24 -4.391 -1.615 18.391 -4.431 -2.532 18.32 -5.574 -2.156 18.756 -4.019 -2.171 18.332
5 24 14.054 -.246 11.538 14.542 .601 11.384 14.618 .019 10.689 14.149 1.124 11.82
5 24 -6.202 -11.019 -.616 -6.596 -11.83 1.306 -6.967 -10.832 .158 -5.851 -12.154 .907
5 24 -2.362 -6.699 17.83 -1.866 -7.782 16.534 -1.294 -7.565 17.043 -3.512 -6.706 16.938
5 24 -9.682 -8.323 11.195 -10.239 -7.158 12.47 -10.862 -6.848 11.977 -8.751 -8.197 11.881
5 24 5.965 -11.655 -11.939 6.626 -10.368 -12.363 6.743 -11.093 -11.668 5.128 -11.283 -12.726
5 24 14.841 -5.777 4.214 14.371 -6.846 3.827 14.466 -6.809 3.372 13.855 -6.099 5.076
5 24 11.618 12.323 10.176 12.151 13.4 9.445 11.892 14.303 10.655 12.51 11.452 9.096
5 24 -10.317 6.723 16.235 -9.314 6.844 16.931 -9.245 7.357 16.3 -9.552 6.109 17.184
5 24 5.28 6.479 18.009 6.384 6.925 17.913 6.198 5.727 17.678 5.872 7.19 18.016
5 24 -12.947 -3.506 12.045 -12.416 -4.704 11.955 -12.883 -3.833 11.207 -12.344 -4.266 13.852
5 24 9.599 -1.386 17.053 9.83 -2.502 16.761 10.008 -1.684 16.544 9.123 -1.23 17.38
5 24 -7.071 5.906 17.166 -6.962 4.672 18.161 -7.407 4.286 17.538 -6.698 5.26 18.958
5 24 14.008 -5.037 -6.997 13.48 -6.452 -7.832 13.968 -4.746 -7.737 13.364 -7.004 -7.357
5 24 6.578 -11.164 -.839 5.967 -11.744 -1.804 7.027 -10.678 -1.277 5.782 -12.171 -.467
5 24 15.947 1.761 -4.778 15.804 2.744 -3.962 16.064 1.926 -3.655 15.715 2.083 -5.875
5 24 .003 -13.243 -12.096 -.088 -12.326 -13.458 -.955 -12.671 -12.674 .97 -12.477 -12.999
5 24 15.848 -4.435 3.944 15.088 -5.532 3.709 15.273 -5.117 2.727 14.841 -5.777 4.214
5 24 13.365 7.119 11.65 13.126 6.529 12.371 11.847 8.7 11.444 13.689 6.362 11.555
5 24 -12.226 13.994 10.733 -12.051 12.102 10.229 -12.713 12.507 9.061 -11.676 12.821 10.807
5 24 9.092 -9.857 -9.11 8.483 -11.327 -9.46 8.397 -10.321 -10.196 8.93 -10.382 -8.572
5 24 -12.911 3.545 14.094 -11.637 4.866 14.027 -11.218 3.778 14.477 -13.201 4.389 13.804
5 24 -1.703 13.661 16.441 -.201 14.267 16.756 -.849 12.99 16.637 -1.343 15.342 16.584
5 24 -11.708 -8.408 2.581 -10.515 -10.342 3.117 -11.377 -8.778 2.105 -11.409 -9.09 3.977
5 24 -14.822 -4.839 2.106 -14.596 -5.682 .543 -15.061 -4.447 1.344 -14.366 -6.531 .756
5 24 -10.25 3.275 15.908 -9.671 2.35 17.863 -9.727 3.833 16.811 -10.399 1.109 16.566
5 24 15.715 2.083 -5.875 15.215 .552 -6.365 14.549 .822 -7.253 15.947 1.761 -4.778
5 24 12.414 -.561 14.034 11.619 .744 15.839 12.59 2.166 14.638 11.527 -1.038 15.195
5 24 5.895 -11.986 -4.203 7.993 -11.181 -4.178 6.19 -11.325 -5.7 7.11 -11.389 -3.436
5 24 11.323 15.757 11.189 10.123 17.344 11.096 11.548 16.513 9.577 10.23 16.909 11.641
5 24 3.123 -3.153 19.834 4.784 -4.199 19.009 4.787 -3.101 19.564 2.899 -4.29 19.399
5 24 -12.533 10.259 10.215 -12.119 8.783 12.027 -12.479 9.03 10.335 -12.213 10.128 12.665
5 24 -14.728 -3.406 -8.324 -15.009 -4.664 -6.957 -14.094 -4.526 -8.382 -15.341 -3.018 -6.659
5 24 4.196 -13.032 -5.155 3.538 -13.209 -4.205 5.095 -12.714 -4.083 2.886 -12.119 -5.388
5 24 -9.779 -3.735 -13.429 -9.338 -4.404 -13.439 -9.075 -3.47 -13.857 -10.485 -4.446 -12.375
5 24 -6.73 -7.371 -14.357 -5.288 -6.958 -14.475 -5.405 -6.646 -14.494 -5.292 -7.519 -14.56
5 24 -15.015 -4.131 5.633 -15.967 -4.467 4.181 -14.352 -5.284 3.545 -16.19 -2.908 5.869
5 24 .208 6.441 19.809 -.564 4.934 19.877 -.902 6.841 19.76 .944 5.769 19.852
5 24 3.048 -3 -15.2 3.151 -.794 -14.828 2.167 -.201 -13.651 4.761 -1.267 -14.44
5 24 1.059 2.017 19.859 1.093 3.215 19.419 1.657 2.269 19.853 .423 2.653 19.46
5 24 -12.355 -5.73 -9.887 -12.247 -5.068 -10.773 -11.842 -6.457 -10.788 -12.44 -4.549 -9.905
5 24 12.523 -5.86 10.794 12.929 -5.457 11.431 11.933 -6.197 11.231 12.613 -5.479 9.572
5 24 -10.368 -7.971 10.776 -8.677 -8.337 10.074 -9.677 -8.076 9.325 -9.682 -8.323 11.195
5 24 0 2.0828 -12.2964 1.362 1.372 -12.777 1.7147 2.1668 -12.0257 .965 .848 -13.409
5 24 13.973 6.207 8.711 14.998 6.462 6.666 13.549 7.686 8.336 14.9 4.62 7.535
5 24 8.546 5.731 16.587 9.188 5.701 16.396 8.744 6.156 16.4 8.635 5.228 16.602
5 24 -8.039 6.8 17 -7.071 5.906 17.166 -8.322 5.886 17.365 -6.828 6.577 16.84
5 24 -2.826 -7.574 15.379 -.996 -8.216 15.029 -1.866 -7.782 16.534 -1.274 -8.412 14.047
5 24 4.795 -10.423 9.87 3.469 -10.564 9.423 4.162 -10.093 8.202 3.221 -10.552 10.698
5 24 -5.574 -2.156 18.756 -6.369 -1.683 18.864 -6.336 -3 18.918 -5.802 -.951 18.649
5 24 8.301 -5.966 -13.84 7.494 -5.967 -14.295 7.033 -5.21 -14.129 8.947 -6.364 -13.46
5 24 4.882 -12.021 -11.645 4.154 -11.932 -11.86 4.741 -12.122 -11.403 5.253 -11.944 -11.892
5 24 6.224 9.484 16.345 6.711 8.667 16.959 5.972 9.3 16.619 7.447 8.957 15.595
5 24 -13.307 7.629 -7.528 -14.076 7.322 -6.955 -14.145 8.498 -6.554 -12.897 5.982 -8.303
5 24 -11.704 -5.344 11.381 -11.229 -6.589 11.446 -11.171 -5.656 12.261 -11.099 -6.339 9.884
5 24 12.186 -2.241 -10.133 12.954 -3.871 -10.28 12.25 -3.145 -10.532 14.152 -3.072 -8.613
5 24 -1.226 -10.785 10.968 -2.27 -9.834 9.943 -1.964 -10.084 9.549 -1.823 -10.228 11.291
5 24 12.652 .756 -9.647 13.362 -.507 -9.116 12.969 1.007 -8.253 12.38 .002 -10.637
5 24 -.201 14.267 16.756 1.885 14.806 16.23 1.174 15.115 15.884 1.958 13.362 17
5 24 -11.632 -1.934 16.488 -12.492 -1.525 15.537 -11.755 -.983 16.853 -12.156 -2.16 14.935
5 24 -2.782 -12.968 -9.906 -3.252 -13.23 -11.232 -2.324 -12.93 -10.468 -3.865 -13.425 -10.365
5 24 5.559 -12.192 -10.132 3.26 -13.647 -8.619 4.382 -13.396 -10.657 4.331 -11.978 -7.62
5 24 3.665 -10.691 2.474 6.062 -11.552 1.926 5.156 -11.765 .851 6.452 -11.089 2.72
5 24 -2.311 -11.513 -12.24 -3.534 -12.492 -11.861 -3.475 -11.706 -12.46 -1.802 -12.13 -11.133
5 24 12.086 -7.973 1.641 10.776 -8.705 1.29 11.809 -8.677 1.116 10.754 -8.075 2.073
5 24 -16.302 -4.285 2.682 -15.647 -4.584 2.629 -15.919 -3.995 1.207 -15.967 -4.467 4.181
5 24 -3.107 .207 19.805 -3.937 -.785 19.087 -3.817 .133 19.661 -3.166 -1.058 19.145
5 24 17.007 -.235 4.968 16.896 -1.54 5.577 17.033 -1.449 4.241 16.678 -.748 7.082
5 24 14.022 6.222 -7.225 14.993 5.049 -6.353 14.04 4.995 -7.406 15.053 6.314 -6.269
5 24 -6.836 3.404 17.791 -5.608 2.379 17.99 -6.097 4.037 18.673 -5.931 2.323 17.892
5 24 8.635 5.228 16.602 9.188 5.701 16.396 9.431 4.337 16.411 8.546 5.731 16.587
5 24 -.197 -13.64 -9.007 -.321 -13.525 -9.775 -1.95 -12.943 -7.065 .757 -13.073 -9.081
5 24 -2.187 -4.706 -15.586 -2.7 -3.554 -16.269 -3.15 -4.19 -16.463 -1.986 -3.597 -15.853
5 24 -17.42 -2.358 .381 -17.319 -1.966 -.65 -17.178 -2.732 -.217 -17.411 -.274 -.475
5 24 10.931 -10.45 -7.585 9.913 -10.735 -6.757 8.325 -11.011 -7.359 9.567 -9.226 -4.5
5 24 13.645 10.117 8.7 14.139 10.573 6.14 13.287 12.689 7.003 13.366 8.629 8.469
5 24 3.62 -11.064 5.954 5.008 -11.123 5.213 3.134 -10.187 4.502 3.859 -10.899 6.66
5 24 -6.164 -.527 -12.486 -4.985 .916 -12.716 -5.857 1.419 -11.662 -5.366 -.766 -13.488
5 24 9.231 .637 -11.236 9.285 -.336 -11.755 8.187 -.164 -11.804 10.481 .421 -10.693
5 24 -13.318 7.166 .45 -15.684 6.348 .932 -15.377 6.787 .015 -13.273 7.143 1.542
5 24 6.063 -9.23 10.478 6.558 -8.647 11.111 6.798 -8.49 10.557 5.64 -9.261 11.584
5 24 -10.701 -4.031 -12.111 -10.518 -3.74 -12.164 -10.984 -3.694 -11.758 -10.485 -4.446 -12.375
5 24 3.792 6.931 18.172 4.123 5.719 19.331 5.28 6.479 18.009 3.159 6.841 18.49
5 24 -12.523 -.883 -9.733 -11.678 .344 -9.603 -11.622 -.636 -9.851 -13.09 .489 -9.452
5 24 -15.777 1.284 -4.638 -15.611 2.19 -5.796 -15.567 1.182 -5.604 -15.779 2.844 -4.788
5 24 -4.909 -13.022 -3.089 -4.892 -13.018 -2.417 -4.54 -13.073 -2.689 -5.56 -12.803 -2.701
5 24 -2.62 -10.674 -14.234 -3.072 -11.399 -13.618 -4.094 -10.929 -13.994 -1.91 -11.335 -13.014
5 24 12.613 -5.479 9.572 12.523 -5.86 10.794 13.584 -4.265 10.064 10.952 -6.421 9.291
5 24 -9.84 -9.46 -.019 -9.096 -10.381 .14 -9.105 -9.529 1.041 -10.09 -9.692 -.857
5 24 -1.779 -3.423 19.419 -1.92 -4.614 18.326 -3.825 -3.336 17.592 .802 -3.918 18.591
5 24 -13.548 3.276 13.505 -13.693 4.651 13.086 -13.201 4.389 13.804 -14.24 3.465 12.554
5 24 6.325 -11.187 -10.897 5.965 -11.655 -11.939 5.253 -11.944 -11.892 6.743 -11.093 -11.668
5 24 4.652 -1.818 19.37 4.506 -.474 18.676 3.482 -.653 19.103 4.991 -1.661 18.546
5 24 15.678 -4.947 -4.561 15.802 -4.871 -3.758 14.333 -5.622 -2.94 16.248 -3.898 -3.634
5 24 4.362 -3.517 -14.656 4.181 -4.563 -15.152 5.38 -4.411 -15.012 3.912 -3.832 -14.76
5 24 -14.279 -5.752 -3.559 -14.478 -6.108 -1.319 -13.231 -7.06 -4.057 -14.647 -5.472 -3.077
5 24 -13.231 -7.06 -4.057 -14.279 -5.752 -3.559 -14.478 -6.108 -1.319 -13.884 -6.072 -4.177
5 24 -3.634 -8.701 14.449 -2.254 -8.918 14.099 -2.827 -9.426 13.345 -2.826 -7.574 15.379
5 24 3.398 4.129 19.759 4.216 3.481 19.758 5.362 4.663 19.303 3.578 2.917 19.179
5 24 -12.588 -8.288 2.325 -11.708 -8.408 2.581 -11.696 -8.662 1.989 -11.838 -7.875 2.923
5 24 9.767 14.131 13.452 9.019 13.595 13.818 10.281 12.973 13.563 8.418 15.346 13.508
5 24 4.022 -8.567 -14.954 2.111 -9.379 -13.882 4.671 -9.905 -13.444 2.075 -8.915 -14.3
5 24 -6.336 -3 18.918 -5.881 -4.399 18.455 -5.102 -3.214 18.559 -7.277 -4.051 18.71
5 24 -10.039 -8.802 5.832 -10.335 -9.432 5.071 -8.411 -9.067 5.627 -10.723 -8.049 5.683
5 24 13.567 2.416 -8.285 12.969 1.007 -8.253 14.853 2.409 -7.556 12.561 1.924 -8.406
5 24 -5.288 -6.958 -14.475 -4.636 -7.687 -15.236 -5.292 -7.519 -14.56 -4.615 -6.524 -15.297
5 24 5.226 -2.974 18.371 4.652 -1.818 19.37 4.991 -1.661 18.546 4.787 -3.101 19.564
5 24 15.802 -4.871 -3.758 16.248 -3.898 -3.634 15.05 -4.963 -2.81 15.678 -4.947 -4.561
5 24 -9.622 5.026 17.433 -8.322 5.886 17.365 -8.892 4.049 17.575 -9.552 6.109 17.184
5 24 -6.327 -5.763 16.779 -5.643 -6.729 16.225 -4.523 -5.927 16.345 -7.206 -5.749 16.309
5 24 2.929 -5.791 16.92 3.561 -5.087 18.188 4.024 -5.563 16.608 2.148 -5.078 17.985
5 24 14.911 10.547 -2.628 13.786 9.264 -6.692 15.255 7.546 -4.578 13.987 10.614 -5.798
5 24 10.365 1.182 -10.231 9.9681 3 -8.0315 8.9232 2.4691 -8.9232 12.361 1.657 -8.562
5 24 9.365 -9.761 2.404 9.48 -10.139 1.597 7.998 -10.02 2.269 10.776 -8.705 1.29
5 24 15.676 -.056 -4.303 16.064 1.926 -3.655 15.947 1.761 -4.778 16.049 .515 -3.121
5 24 5.857 11.054 16.219 6.024 9.966 15.953 5.707 9.897 16.148 6.953 9.949 15.27
5 24 -1.165 -11.033 -13.012 -1.433 -9.921 -14.172 -.732 -10.336 -13.291 -1.91 -11.335 -13.014
5 24 -16.376 2.267 3.873 -16.129 3.127 7.656 -16.025 2.075 6.424 -15.902 4.533 7.683
5 24 -4.727 -.35 19.282 -4.878 1.458 19.296 -5.453 .464 19.049 -3.817 .133 19.661
5 24 2.886 -12.119 -5.388 1.893 -13.331 -5.763 2.375 -13.282 -6.427 2.105 -11.783 -4.363
5 24 -9.084 -8.836 -11.246 -8.158 -9.83 -11.766 -8.288 -8.43 -12.187 -9.102 -9.29 -11.096
5 24 -2.057 -11.899 4.392 -1.77 -11.96 4.189 -2.184 -12.076 3.858 -1.417 -11.472 4.665
5 24 -5.366 -.766 -13.488 -4.177 .471 -13.653 -4.985 .916 -12.716 -4.511 -1.264 -14.167
5 24 -5.933 -11.238 -5.73 -5.433 -11.94 -6.953 -5.237 -12.796 -5.824 -6.144 -10.862 -6.547
5 24 -5.81 -10.344 -11.722 -7.132 -10.559 -11.867 -6.626 -11.019 -11.088 -6.341 -9.587 -12.379
5 24 16.616 4.036 2.054 15.98 3.989 2.842 16.105 3.252 2.754 15.879 5.184 2.573
5 24 -.025 -9.195 -15.537 .422 -8.061 -16.12 .936 -9.322 -15.13 -.36 -8.392 -16.011
5 24 -16.536 -3.53 .887 -16.063 -4.918 -.103 -15.919 -3.995 1.207 -16.484 -4.578 -.472
5 24 -13.273 7.143 1.542 -15.684 6.348 .932 -15.848 6.137 1.816 -13.318 7.166 .45
5 24 1.059 2.017 19.859 1.657 2.269 19.853 1.093 3.215 19.419 1.63 1.193 19.88
5 24 -4.298 -13.446 -5.032 -5.237 -12.796 -5.824 -4.177 -13.658 -6.37 -5.163 -12.478 -4.669
5 24 -10.616 14.339 12.382 -10.979 13.977 11.279 -10.595 15.839 11.334 -10.658 13.293 12.201
5 24 7.11 -11.389 -3.436 7.235 -10.335 -1.886 8.002 -9.716 -1.776 6.382 -11.225 -2.668
5 24 12.613 -5.479 9.572 13.262 -4.755 8.204 13.543 -4.337 9.296 11.763 -6.086 7.834
5 24 14.9 4.62 7.535 13.973 6.207 8.711 14.188 4.195 8.62 14.998 6.462 6.666
5 24 -1.964 -10.084 9.549 -1.226 -10.785 10.968 -2.27 -9.834 9.943 -.606 -10.583 9.481
5 24 -12.836 -5.434 -9.361 -12.791 -4.602 -9.466 -12.44 -4.549 -9.905 -13.137 -4.707 -8.901
5 24 15.656 5.126 3.606 15.276 6.327 4.001 15.255 5.525 4.427 15.531 6.115 2.301
5 24 12.911 6.567 -8.137 14.04 4.995 -7.406 12.992 4.207 -8.285 14.022 6.222 -7.225
5 24 -4.391 -1.615 18.391 -3.646 -1.358 18.681 -3.937 -.785 19.087 -4.01 -1.587 18.388
5 24 1.147 10.625 17.422 1.396 9.658 18.254 .682 10.239 17.276 2.344 10.262 17.987
5 24 2.383 5.163 18.919 1.914 5.676 18.733 2.283 6.658 18.497 1.689 4.015 19.097
5 24 -11.029 9.58 13.677 -10.471 8.609 15.228 -11.177 8.416 13.013 -8.932 11.086 14.799
5 24 7.5 -8.726 -11.756 9.316 -9.685 -10.842 8.852 -8.038 -11.761 7.616 -9.951 -10.873
5 24 -10.515 -10.342 3.117 -11.409 -9.09 3.977 -11.708 -8.408 2.581 -10.893 -10.098 3.791
5 24 -4.524 15.773 15.592 -4.632 13.893 15.441 -5.931 14.358 14.701 -3.866 14.279 15.749
5 24 -4.727 -5.635 -14.889 -3.248 -5.084 -15.959 -5.05 -4.256 -15.615 -3.274 -5.907 -15.388
5 24 -4.636 -7.687 -15.236 -4.089 -9.202 -14.341 -5.028 -8.402 -14.138 -3.011 -7.997 -15.747
5 24 -15.806 -.201 -6.044 -15.836 -1.516 -5.942 -16.014 -.205 -5.596 -14.96 -1.144 -6.793
5 24 -5.845 18.624 14.016 -4.594 18.419 14.596 -5.142 17.879 14.625 -4.601 18.739 14.423
5 24 13.364 -7.004 -7.357 13.48 -6.452 -7.832 14.008 -5.037 -6.997 12.905 -6.91 -8.306
5 24 -5.233 -11.17 -8.507 -7.093 -11.474 -8.381 -6.154 -11.382 -9.273 -6.276 -11.368 -7.581
5 24 -6.072 1.176 18.502 -5.608 2.379 17.99 -5.931 2.323 17.892 -4.878 1.458 19.296
5 24 6.243 -3.21 -14.657 5.573 -3.105 -14.769 6.177 -2.684 -13.85 5.38 -4.411 -15.012
5 24 8.835 -3.656 17.624 8.503 -5.166 15.95 9.875 -3.86 15.665 7.368 -4.299 17.862
5 24 -10.356 -9.261 -11.092 -9.102 -9.29 -11.096 -9.084 -8.836 -11.246 -9.925 -9.585 -10.654
5 24 -15.257 8.883 -3.23 -14.866 10.364 -3.477 -15.078 10.232 -2.413 -15.105 8.773 -3.932
5 24 13.48 -6.452 -7.832 13.087 -5.44 -8.894 12.905 -6.91 -8.306 13.968 -4.746 -7.737
5 24 -.709 3.367 19.823 -1.605 2.954 19.514 -.718 2.357 18.886 -1.849 3.865 19.862
5 24 6.953 6.092 17.079 7.339 7.437 17.333 6.384 6.925 17.913 7.916 6.609 16.293
2 24 15.95 -3.18 4.696 17.033 -1.449 4.241
5 24 9.298 -3.287 -13.334 8.393 -3.646 -14.028 8.88 -2.811 -13.82 9.59 -4.133 -12.504
5 24 -6.022 -11.929 -11.098 -5.946 -12.167 -10.363 -6.626 -11.019 -11.088 -5.48 -12.504 -11.246
5 24 -5.84 -1.979 -14.465 -4.511 -1.264 -14.167 -4.968 -1.877 -14.58 -5.366 -.766 -13.488
5 24 3.665 -10.691 2.474 2.097 -11.856 3.74 2.396 -11.255 4.086 1.883 -12.335 2.937
5 24 -13.317 -1.984 12.536 -14.013 -1.396 12.65 -13.429 -2.121 12.042 -13.059 -1.512 13.133
5 24 5.251 -7.475 14.99 6.537 -6.325 14.648 5.917 -6.076 15.57 5.947 -7.414 14.158
5 24 -1.252 -13.431 -.195 .115 -12.257 .201 -.445 -12.701 -1.444 -.6 -12.25 1.178
5 24 .003 -13.243 -12.096 .996 -13.252 -11.522 -.495 -12.912 -11.112 .97 -12.477 -12.999
5 24 9.285 -.336 -11.755 8.187 -.164 -11.804 8.738 -1.417 -12.188 9.231 .637 -11.236
5 24 -5.48 -12.504 -11.246 -4.626 -13.197 -10.763 -4.97 -12.653 -11.491 -5.158 -12.96 -10.444
5 24 -1.866 -7.782 16.534 -.996 -8.216 15.029 -2.826 -7.574 15.379 -.345 -8.103 15.296
5 24 8.18 -7.126 -13.857 7.052 -7.496 -13.915 7.494 -5.967 -14.295 8.316 -7.991 -13.395
5 24 8.438 9.299 15.286 9.102 7.485 15.249 9.477 8.48 15.113 8.175 7.195 15.763
5 24 .403 -13.799 -6.842 1.198 -13.793 -5.95 1.162 -13.898 -7.593 .333 -13.577 -6.014
5 24 -7.06 -7.857 10.566 -5.869 -9.239 10.471 -7.379 -8.014 9.533 -5.398 -8.155 11.418
5 24 14.549 .822 -7.253 13.362 -.507 -9.116 14.579 -.838 -8.069 12.969 1.007 -8.253
5 24 -4.968 -1.877 -14.58 -5.84 -1.979 -14.465 -5.382 -3.322 -14.663 -4.511 -1.264 -14.167
5 24 -1.849 3.865 19.862 -.709 3.367 19.823 -.564 4.934 19.877 -1.605 2.954 19.514
5 24 -4.431 -2.532 18.32 -5.102 -3.214 18.559 -3.825 -3.336 17.592 -5.574 -2.156 18.756
5 24 7.993 -11.181 -4.178 7.11 -11.389 -3.436 8.439 -10.263 -2.907 5.895 -11.986 -4.203
5 24 7.85 -11.635 -10.007 7.024 -12.056 -10.087 7 -10.884 -10.789 6.372 -12.405 -8.622
5 24 -15.124 7.379 -.772 -13.364 7.677 -.477 -13.318 7.166 .45 -14.993 8.108 -1.327
5 24 -5.857 1.419 -11.662 -7.651 1.369 -11.395 -6.57 1.171 -11.8 -6.8346 2.43 -10.2806
5 24 .936 -9.322 -15.13 1.465 -10.201 -13.956 -.01 -10.039 -14.823 2.075 -8.915 -14.3
5 24 8.095 -2.67 -14.146 7.164 -3.292 -14.259 8.393 -3.646 -14.028 6.868 -2.85 -14.135
5 24 -10.239 -7.158 12.47 -9.897 -6.212 12.988 -10.552 -6.041 12.725 -8.874 -6.018 13.048
5 24 1.198 -13.793 -5.95 1.162 -13.898 -7.593 .403 -13.799 -6.842 2.375 -13.282 -6.427
5 24 -1.382 12.955 16.547 -.849 11.602 16.864 -.849 12.99 16.637 -1.342 11.546 16.878
5 24 -7.143 9.311 16.562 -6.404 8.39 17.674 -6.769 7.692 16.048 -4.471 10.432 17.095
5 24 10.058 -9.894 3.616 9.229 -10.243 3.449 9.365 -9.761 2.404 9.835 -9.797 4.437
5 24 -14.43 9.215 -5.847 -13.866 9.986 -6.216 -13.978 10.243 -5.868 -13.695 9.122 -6.766
5 24 16.09 3.451 -2.842 15.804 2.744 -3.962 16.101 2.38 -3.156 15.334 4.672 -4.383
5 24 6.813 -9.031 7.84 7.8 -9.396 7.131 6.567 -9.067 6.544 8.47 -8.797 9.096
5 24 -6.73 -7.371 -14.357 -5.405 -6.646 -14.494 -5.288 -6.958 -14.475 -6.851 -6.564 -14.384
5 24 -.455 -13.506 -4.213 -.308 -13.56 -3.224 .668 -13.349 -3.875 -1.141 -13.459 -4.043
5 24 -12.911 3.545 14.094 -13.148 2.588 13.422 -12.175 3.048 14.305 -13.548 3.276 13.505
5 24 .996 -13.252 -11.522 .686 -13.051 -9.893 .392 -12.774 -10.89 1.777 -14.092 -10.356
5 24 -.967 17.298 16.028 -2.728 16.21 15.724 -1.343 15.342 16.584 -2.154 17.569 15.257
5 24 -1.252 -13.431 -.195 -1.58 -12.778 -1.803 -.445 -12.701 -1.444 -2.356 -13.138 -.798
5 24 14.149 1.124 11.82 14.958 1.293 11.285 14.786 1.668 11.537 14.542 .601 11.384
5 24 -12.901 -6.925 -7.237 -13.73 -6.709 -6.424 -13.608 -7.306 -6.392 -13.365 -5.974 -7.174
5 24 5.524 -12.361 -1.215 5.782 -12.171 -.467 5.967 -11.744 -1.804 4.849 -12.464 .145
5 24 6.452 -11.089 2.72 3.991 -10.014 3.822 3.665 -10.691 2.474 5.616 -10.725 4.113
5 24 8.301 -5.966 -13.84 7.033 -5.21 -14.129 8.255 -4.932 -13.347 7.494 -5.967 -14.295
5 24 -5.881 -4.399 18.455 -6.432 -5.334 17.732 -4.7 -4.888 16.571 -7.277 -4.051 18.71
5 24 -14.317 6.788 9.685 -13.907 7.315 10.283 -13.984 5.526 10.131 -14.049 7.647 9.771
5 24 -7.785 .332 19.146 -6.364 -.472 18.209 -6.224 .354 18.492 -8.153 .093 18.995
5 24 -14.285 5.475 -6.88 -15.04 5.65 -6.044 -14.27 5.952 -6.876 -14.347 5.157 -6.83
5 24 11.466 3.694 14.899 10.171 4.29 15.429 10.501 4.599 15.024 9.814 3.945 15.738
5 24 11.548 16.513 9.577 9.376 17.503 9.499 10.123 17.344 11.096 10.551 16.692 8.277
5 24 15.088 -5.532 3.709 14.275 -6.846 2.766 14.466 -6.809 3.372 15.273 -5.117 2.727
5 24 2.703 -12.615 -1.822 1.933 -12.272 -.728 1.735 -12.135 -1.97 2.479 -12.677 -.676
2 24 5.348 16.144 14.397 5.353 17.25 14.518
5 24 -16.476 .61 -1.793 -17.302 -.645 -1.298 -17.411 -.274 -.475 -17.233 -.748 -1.934
5 24 -8.683 -5.548 -12.994 -8.487 -7.297 -13.137 -8.774 -6.774 -12.493 -7.559 -6.801 -14.134
5 24 9.435 -2.418 -12.398 7.97 -1.515 -13.075 8.88 -2.811 -13.82 8.738 -1.417 -12.188
5 24 -14.279 -5.752 -3.559 -14.266 -5.738 -5.059 -15.496 -5.291 -4.439 -13.884 -6.072 -4.177
5 24 -11.822 -6.95 7.309 -13.199 -6.78 6.845 -11.601 -7.382 6.467 -12.67 -6.037 7.923
5 24 4.216 3.481 19.758 4.766 2.038 19.022 3.578 2.917 19.179 6.351 3.627 18.267
5 24 -10.862 -6.848 11.977 -10.552 -6.041 12.725 -10.239 -7.158 12.47 -11.171 -5.656 12.261
5 24 -5.028 -8.402 -14.138 -4.636 -7.687 -15.236 -5.292 -7.519 -14.56 -4.089 -9.202 -14.341
5 24 5.082 -.622 18.301 7.136 -1.505 18.187 7.439 -.705 18.943 5.369 -1.504 18.047
5 24 -10.471 8.609 15.228 -9.204 8.662 16.145 -8.932 11.086 14.799 -10.132 7.237 15.663
5 24 -.088 -12.326 -13.458 -.955 -12.671 -12.674 -.825 -12.276 -13.13 .003 -13.243 -12.096
5 24 -15.526 -3.425 -6.172 -15.505 -3.718 -5.581 -15.639 -3.368 -5.54 -15.009 -4.664 -6.957
5 24 -10.317 6.723 16.235 -10.677 6.122 16.175 -10.132 7.237 15.663 -9.552 6.109 17.184
5 24 -14.119 -5.975 3.307 -13.182 -6.71 3.57 -14.083 -5.928 3.595 -14.047 -6.661 2.901
5 24 -5.601 -8.034 14.606 -5.588 -7.843 15.02 -5.981 -8.045 14.908 -5.226 -8.166 14.178
5 24 15.95 -3.18 4.696 15.597 -4.802 5.527 15.848 -4.435 3.944 15.884 -3.153 5.707
5 24 5.353 -11.364 -3.084 5.095 -12.714 -4.083 4.425 -12.89 -3.413 5.895 -11.986 -4.203
5 24 8.418 15.346 13.508 8.573 16.542 13.02 9.22 15.809 12.42 7.669 16.415 14.036
5 24 -15.703 7.124 -2.721 -15.458 4.399 -3.671 -15.951 4.962 -1.726 -15.392 6.034 -4.803
5 24 10.058 -9.894 3.616 9.365 -9.761 2.404 9.229 -10.243 3.449 10.754 -8.075 2.073
5 24 -6.185 -11.534 -4.537 -5.241 -12.323 -4.426 -6.069 -12.182 -3.076 -5.926 -11.418 -5.087
5 24 3.221 -10.552 10.698 4.795 -10.423 9.87 3.469 -10.564 9.423 4.446 -10.434 11.413
5 24 15.764 2.818 7.245 16.023 2.359 5.806 15.849 3.071 5.962 15.836 1.238 6.866
5 24 11.847 8.7 11.444 12.325 9.931 10.981 11.476 9.347 11.83 12.364 8.701 10.782
5 24 2.161 -1.041 19.181 1.882 -.047 19.77 .683 -.91 19.239 2.646 -.837 19.239
5 24 6.282 -5.825 15.789 5.917 -6.076 15.57 6.537 -6.325 14.648 5.019 -5.148 16.24
5 24 2.161 -1.041 19.181 1.297 -1.575 19.091 1.964 -1.513 19.103 .683 -.91 19.239
5 24 .97 -12.477 -12.999 -.088 -12.326 -13.458 .862 -11.591 -13.751 .003 -13.243 -12.096
5 24 -3.429 -11.218 3.043 -2.953 -11.007 1.974 -2.278 -11.787 2.75 -4.072 -10.675 2.708
5 24 7.998 -10.02 2.269 8.168 -10.81 .97 9.48 -10.139 1.597 7.322 -10.729 1.175
5 24 -5.382 -3.322 -14.663 -6.763 -3.657 -14.479 -5.627 -4.044 -14.571 -6.69 -2.875 -14.439
5 24 17.103 -2.762 .404 16.989 -2.637 3.645 16.473 -3.926 3.486 17.361 -1.417 2.621
5 24 3.099 5.136 19.377 2.383 5.163 18.919 2.283 6.658 18.497 2.173 4.095 19.075
5 24 1.396 9.658 18.254 2.344 10.262 17.987 2.321 9.024 18.755 1.147 10.625 17.422
5 24 -10.6 -1.18 17.207 -11.755 -.983 16.853 -11.162 -1.853 16.783 -9.862 .172 17.403
5 24 -16.363 -3.057 -3.393 -16.991 -2.68 -2.82 -17.086 -2.173 -2.908 -16.68 -3.399 -2.061
5 24 11.833 -8.517 -5.007 11.493 -8.172 -6.097 12.697 -7.446 -5.49 11.078 -8.938 -4.531
5 24 -14.494 6.049 9.212 -13.984 5.526 10.131 -14.317 6.788 9.685 -14.701 5.201 8.461
5 24 -17.925 .212 1.653 -17.319 -1.283 2.831 -17.336 .261 3.106 -17.975 -1.09 1.544
5 24 -1.986 -3.597 -15.853 -2.254 -3.33 -15.884 -1.321 -2.512 -14.811 -2.7 -3.554 -16.269
5 24 -.825 -12.276 -13.13 -1.165 -11.033 -13.012 -1.41 -11.742 -12.788 -.088 -12.326 -13.458
5 24 -16.408 5.744 .323 -16.286 4.427 -.556 -16.933 5.227 .946 -16.15 6.31 -.704
5 24 .753 1.139 19.847 .734 1.685 19.851 1.63 1.193 19.88 -.718 2.357 18.886
5 24 -.314 -2.011 19.706 .802 -3.918 18.591 -1.779 -3.423 19.419 1.582 -2.801 18.964
5 24 9.55 6.755 15.739 9.102 7.485 15.249 9.948 6.763 15.41 9.08 6.515 16.12
5 24 -9.908 -9.332 -8.276 -9.129 -10.618 -7.824 -9.261 -10.199 -8.959 -9.223 -10.065 -6.73
5 24 -9.129 -10.618 -7.824 -9.261 -10.199 -8.959 -8.596 -11.023 -8.76 -9.908 -9.332 -8.276
5 24 .563 -13.23 -2.441 1.735 -12.135 -1.97 .666 -11.738 -.945 .868 -13.251 -2.922
5 24 9.404 11.105 13.858 10.281 12.973 13.563 10.062 11.046 13.551 9.019 13.595 13.818
5 24 7.229 -9.251 4.974 5.599 -10.789 5.606 5.914 -10.392 6.26 7.139 -9.503 4.451
5 24 -.515 -11.133 4.166 -1.478 -11.771 3.366 -1.417 -11.472 4.665 -.652 -11.404 3.403
5 24 -6.937 -11.495 -4.988 -6.185 -11.534 -4.537 -7.447 -11.644 -4.751 -5.926 -11.418 -5.087
5 24 -9.685 -10.438 -1.603 -10.09 -9.692 -.857 -10.075 -9.59 -1.364 -9.149 -10.949 -.524
5 24 .965 .848 -13.409 -.115 .164 -14.339 .724 .013 -14.327 0 2.0828 -12.2964
5 24 -2.887 .273 -13.945 -2.419 2.212 -12.028 -1.478 .795 -13.151 -3.586 .241 -14.033
5 24 2.022 -8.859 14.168 1.212 -7.637 15.196 .964 -8.071 14.031 2.244 -7.915 15.667
5 24 -2.239 -13.033 -5.089 -3.504 -13.112 -4.777 -3.181 -13.5 -5.145 -3.192 -12.48 -4.089
5 24 6.452 -11.089 2.72 3.665 -10.691 2.474 3.991 -10.014 3.822 6.062 -11.552 1.926
5 24 -13.317 11.26 8.796 -12.713 12.507 9.061 -13.242 13.3 7.337 -12.051 12.102 10.229
5 24 -12.175 3.048 14.305 -10.774 2.283 14.797 -11.218 3.778 14.477 -11.814 1.877 14.1
5 24 -6.982 -11.595 -7.441 -8.243 -11.292 -7.026 -8.049 -11.459 -8.053 -7.233 -11.089 -6.47
5 24 16.962 1.156 -.302 17.119 .203 -.669 16.292 .907 -1.284 17.602 .607 .318
5 24 -.578 9.683 18.126 .682 10.239 17.276 -.077 10.869 17.195 .607 8.97 17.68
5 24 -14.24 3.465 12.554 -14.065 4.586 12.468 -13.693 4.651 13.086 -14.266 4.161 11.329
5 24 15.298 6.398 -5.155 15.451 5.212 -3.775 15.334 4.672 -4.383 15.396 6.585 -4.017
5 24 -6.73 -7.371 -14.357 -6.851 -6.564 -14.384 -7.559 -6.801 -14.134 -5.405 -6.646 -14.494
5 24 13.058 -7.232 4.634 13.718 -7.101 4.358 12.744 -7.456 4.424 13.855 -6.099 5.076
5 24 10.216 2.223 16.034 10.248 .896 17.009 10.838 1.252 16.052 9.05 2.997 16.43
5 24 -9.367 -.659 -11.885 -7.912 .269 -12.488 -8.913 -1.374 -12.403 -8.386 .418 -12.198
5 24 12.911 6.567 -8.137 14.022 6.222 -7.225 14.04 4.995 -7.406 13.786 9.264 -6.692
5 24 8.095 -2.67 -14.146 7.135 -1.731 -13.507 7.97 -1.515 -13.075 6.868 -2.85 -14.135
5 24 -10.6 -1.18 17.207 -11.162 -1.853 16.783 -11.755 -.983 16.853 -9.248 -1.907 16.677
5 24 -.806 .204 18.797 .753 1.139 19.847 -.718 2.357 18.886 .857 .746 19.838
5 24 -16.363 -3.057 -3.393 -17.086 -2.173 -2.908 -16.461 -2.077 -3.863 -16.991 -2.68 -2.82
5 24 .802 -3.918 18.591 .257 -4.715 17.755 .904 -4.174 18.306 -1.92 -4.614 18.326
5 24 11.078 -8.938 -4.531 9.567 -9.226 -4.5 11.493 -8.172 -6.097 10.632 -9.095 -3.663
5 24 8.393 -3.646 -14.028 8.095 -2.67 -14.146 7.397 -3.824 -14.178 8.88 -2.811 -13.82
5 24 .97 -12.477 -12.999 .862 -11.591 -13.751 -.088 -12.326 -13.458 2.026 -10.842 -13.171
5 24 5.64 -9.261 11.584 6.063 -9.23 10.478 4.446 -10.434 11.413 6.558 -8.647 11.111
5 24 11.618 12.323 10.176 12.421 11.141 10.149 12.51 11.452 9.096 11.63 11.473 11.022
5 24 5.857 11.054 16.219 5.707 9.897 16.148 6.024 9.966 15.953 4.474 10.907 16.338
5 24 -15.567 1.182 -5.604 -15.806 -.201 -6.044 -16.014 -.205 -5.596 -14.985 .765 -6.606
5 24 -12.081 -4.833 -11.08 -11.842 -6.457 -10.788 -12.247 -5.068 -10.773 -11.478 -6.745 -11.533
5 24 10.384 -6.393 12.118 11.271 -6.394 11.746 11.434 -6.148 12.5 10.984 -6.424 11.378
5 24 -9.405 -9.87 -9.31 -10.651 -8.957 -8.805 -9.925 -9.585 -10.654 -9.908 -9.332 -8.276
5 24 .208 6.441 19.809 1.271 7.188 18.728 .87 7.505 18.492 .944 5.769 19.852
5 24 15.872 6.026 -.071 15.531 6.115 2.301 13.385 7.419 .507 16.265 5.432 1.447
5 24 -11.442 -8.101 -4.436 -11.693 -8.414 -3.26 -12.349 -7.827 -4.202 -11.015 -8.304 -3.348
5 24 -9.908 -9.651 -2.018 -10.075 -9.59 -1.364 -9.685 -10.438 -1.603 -10.547 -8.442 -1.88
5 24 9.601 -9.444 5.116 9.748 -8.489 5.832 8.743 -9.822 4.95 10.376 -8.904 4.997
5 24 4.616 -12.423 -6.13 5.594 -11.884 -6.245 4.196 -13.032 -5.155 4.703 -12 -6.733
5 24 15.05 -4.963 -2.81 16.65 -4.716 -.953 16.158 -3.181 -2.633 14.333 -5.622 -2.94
5 24 -10.132 -9.707 -4.474 -9.597 -10.513 -5.331 -10.08 -9.905 -5.315 -9.025 -10.99 -4.338
5 24 -8.322 5.886 17.365 -8.892 4.049 17.575 -7.407 4.286 17.538 -9.622 5.026 17.433
5 24 -8.672 .131 18.708 -9.285 -.476 17.487 -7.701 -1.02 17.96 -9.862 .172 17.403
5 24 -7.071 5.906 17.166 -6.299 6.331 18.532 -6.828 6.577 16.84 -6.698 5.26 18.958
5 24 -7.246 -.162 -12.584 -6.948 .671 -12.274 -6.164 -.527 -12.486 -7.426 .389 -12.494
5 24 14.466 2.848 11.53 14.777 3.364 10.169 15.083 2.556 10.349 14.03 3.833 10.291
5 24 9.948 6.763 15.41 9.766 6.172 15.904 10.291 6.681 15.11 9.55 6.755 15.739
5 24 -6.095 -12.207 1.793 -5.28 -12.157 1.422 -5.461 -12.125 1.989 -5.568 -12.186 1.065
5 24 10.581 -9.43 3.785 11.212 -7.578 4.141 10.6 -9.149 4.452 10.902 -7.763 2.309
5 24 12.992 4.207 -8.285 14.538 3.554 -7.914 14.04 4.995 -7.406 14.091 3.021 -8.171
5 24 -13.907 7.315 10.283 -13.984 5.526 10.131 -13.641 5.956 11.038 -14.317 6.788 9.685
5 24 2.141 -6.933 -15.3 3.142 -7.277 -14.611 2.955 -6.608 -15.46 2.133 -7.569 -14.291
5 24 -15.009 -4.664 -6.957 -14.23 -5.246 -5.952 -13.867 -5.737 -6.619 -14.952 -4.502 -5.899
5 24 -13.105 -8.032 -3.084 -12.809 -8.425 -2.358 -13.612 -7.693 -2.669 -12.505 -8.433 -2.993
5 24 -3.252 -13.23 -11.232 -3.865 -13.425 -10.365 -4.156 -13.084 -11.412 -2.782 -12.968 -9.906
5 24 14.542 .601 11.384 14.958 1.293 11.285 14.149 1.124 11.82 14.618 .019 10.689
5 24 -10.536 -.779 -11.914 -9.367 -.659 -11.885 -9.675 -.048 -11.052 -10.085 -1.426 -12.624
5 24 .961 -11.37 .311 .115 -12.257 .201 .001 -11.587 1.589 .666 -11.738 -.945
5 24 11.63 11.473 11.022 12.325 9.931 10.981 12.421 11.141 10.149 10.76 10.577 12.328
5 24 16.023 2.359 5.806 15.936 1.607 6.239 16.087 2.277 5.664 15.836 1.238 6.866
5 24 -8.985 15.503 13.841 -7.942 15.261 13.855 -8.801 14.417 13.921 -8.239 16.285 13.746
5 24 9.835 -9.797 4.437 8.873 -10.134 4.324 8.743 -9.822 4.95 9.229 -10.243 3.449
5 24 -4.727 -.35 19.282 -5.193 -1.303 18.632 -5.802 -.951 18.649 -3.937 -.785 19.087
5 24 2.161 -1.041 19.181 .683 -.91 19.239 1.297 -1.575 19.091 1.882 -.047 19.77
5 24 -3.759 -10.56 1.6 -4.34 -11.027 1.13 -4.805 -11.145 2.42 -3.605 -10.566 1.242
5 24 10.776 -8.705 1.29 11.809 -8.677 1.116 12.086 -7.973 1.641 10.82 -9.071 .426
5 24 -10.993 -2.551 15.879 -9.248 -1.907 16.677 -9.962 -2.761 16.157 -11.162 -1.853 16.783
5 24 -15.301 -4.998 -5.302 -14.266 -5.738 -5.059 -15.339 -5.194 -4.982 -14.23 -5.246 -5.952
5 24 2.148 -5.078 17.985 2.929 -5.791 16.92 3.561 -5.087 18.188 2.052 -5.65 16.857
5 24 7.455 -10.951 -6.354 7.341 -11.736 -6.836 6.19 -11.325 -5.7 8.325 -11.011 -7.359
5 24 -3.846 -10.888 .785 -2.781 -11.049 1.515 -3.605 -10.566 1.242 -2.855 -11.844 .833
5 24 .519 -9.73 13.434 1.605 -10.621 12.516 1.675 -9.094 13.568 -.382 -10.839 12.439
5 24 1.362 1.372 -12.777 1.7147 2.1668 -12.0257 1.757 1.367 -12.712 0 2.0828 -12.2964
5 24 2.8211 2.2716 -11.8934 2.167 -.201 -13.651 3.268 -.355 -14.114 1.757 1.367 -12.712
5 24 -9.607 12.486 13.2 -9.655 11.288 13.441 -9.827 12.233 12.997 -8.916 12.05 14.737
5 24 -6.097 -7.763 15.524 -5.588 -7.843 15.02 -5.609 -7.478 15.713 -5.981 -8.045 14.908
5 24 12.75 -7.801 1.212 12.086 -7.973 1.641 12.186 -7.472 2.121 11.809 -8.677 1.116
5 24 5.215 -7.768 -14.621 5.503 -7.236 -14.18 4.57 -6.096 -14.2 6.208 -7.483 -13.648
5 24 9.019 13.595 13.818 10.281 12.973 13.563 9.404 11.105 13.858 9.767 14.131 13.452
5 24 -8.293 -10.939 -6.34 -9.223 -10.065 -6.73 -8.243 -11.292 -7.026 -9.223 -10.001 -6.384
5 24 -13.907 7.315 10.283 -13.088 8.884 9.466 -12.479 9.03 10.335 -14.049 7.647 9.771
5 24 -10.056 -8.584 8.593 -10.652 -7.68 8.585 -9.677 -8.076 9.325 -11.301 -7.624 7.834
5 24 -13.273 7.143 1.542 -15.647 6.168 3.252 -15.848 6.137 1.816 -13.045 7.696 2.949
5 24 10.848 -.324 -11.029 12.38 .002 -10.637 10.481 .421 -10.693 11.539 -.875 -11.198
5 24 9.875 -3.86 15.665 10.283 -3.467 14.994 10.398 -1.919 15.974 9.548 -4.705 14.392
5 24 14.139 10.573 6.14 12.229 11.694 5.274 13.287 12.689 7.003 12.481 9.349 4.549
2 24 17.304 1.517 2.805 16.746 2.679 1.245
5 24 16.962 1.156 -.302 17.602 .607 .318 17.261 1.678 .658 17.119 .203 -.669
5 24 .802 -3.918 18.591 1.582 -2.801 18.964 1.241 -3.837 18.558 -.314 -2.011 19.706
5 24 -14.049 7.647 9.771 -14.317 6.788 9.685 -13.907 7.315 10.283 -14.175 7.597 8.711
5 24 15.298 6.398 -5.155 15.111 7.36 -5.581 15.053 6.314 -6.269 15.255 7.546 -4.578
5 24 -2.547 -.783 19.435 -1.249 -1.256 19.649 -1.854 -.432 19.399 -2.9 -2.378 19.394
5 24 -6.828 6.577 16.84 -8.039 6.8 17 -7.07 7.445 15.952 -7.071 5.906 17.166
5 24 9.913 -10.735 -6.757 8.325 -11.011 -7.359 8.249 -10.795 -5.665 10.931 -10.45 -7.585
5 24 7.487 -4.624 -13.798 8.393 -3.646 -14.028 7.397 -3.824 -14.178 8.255 -4.932 -13.347
5 24 .634 3.755 19.84 -.564 4.934 19.877 -.709 3.367 19.823 .913 4.472 19.832
5 24 -14.094 -4.526 -8.382 -13.365 -5.974 -7.174 -13.867 -5.737 -6.619 -13.236 -5.136 -8.526
5 24 7.483 4.056 16.583 7.405 2.607 17.458 7.141 2.959 17.475 8.298 3.211 16.649
5 24 15.263 1.821 10.091 15.381 2.071 8.264 15.34 2.57 8.419 15.195 1.039 8.15
5 24 -2.184 -12.076 3.858 -2.517 -11.976 4.095 -2.057 -11.899 4.392 -2.734 -12.033 3.658
5 24 -6.855 -11.033 -9.49 -8.023 -10.673 -9.157 -7.76 -11.172 -9.065 -7.592 -10.351 -9.664
5 24 -11.301 -7.624 7.834 -10.075 -8.996 7.132 -10.056 -8.584 8.593 -11.021 -8.072 6.766
5 24 3.123 -3.153 19.834 2.468 -2.808 19.326 2.401 -3.735 19.108 2.905 -1.882 19.654
5 24 -9.912 -10.29 2.337 -9.235 -10.621 2.76 -9.231 -10.748 3.203 -7.865 -9.873 1.326
5 24 7.136 -1.505 18.187 7.439 -.705 18.943 8.194 -1.2 17.795 5.082 -.622 18.301
5 24 -1.321 -2.512 -14.811 -3.215 -2.093 -15.747 -2.754 -1.312 -14.398 -2.254 -3.33 -15.884
5 24 10.849 -5.449 -11.975 11.228 -6.524 -9.452 9.506 -6.928 -11.352 11.777 -4.627 -10.555
5 24 .725 18.069 15.414 -.629 18.518 15.458 .509 17.857 15.552 .89 18.79 15.127
5 24 -1.084 -5.448 -16.026 -.24 -7.007 -15.636 .897 -5.554 -16.037 -1.628 -6.603 -15.506
5 24 2.16 -11.904 .68 1.949 -11.98 1.046 .961 -11.37 .311 2.692 -11.749 .97
5 24 2.955 -6.608 -15.46 3.669 -6.657 -14.861 3.375 -4.794 -16.277 3.142 -7.277 -14.611
5 24 10.058 -9.894 3.616 10.754 -8.075 2.073 10.581 -9.43 3.785 9.365 -9.761 2.404
5 24 -14.27 5.952 -6.876 -13.787 5.947 -7.553 -14.076 7.322 -6.955 -14.285 5.475 -6.88
5 24 -14.279 -5.752 -3.559 -15.669 -5.203 -4.011 -14.647 -5.472 -3.077 -15.496 -5.291 -4.439
5 24 -11.229 -6.589 11.446 -11.171 -5.656 12.261 -10.862 -6.848 11.977 -11.704 -5.344 11.381
5 24 -.309 -11.34 7.095 1.211 -10.802 6.503 1.164 -11.155 7.268 .861 -10.352 5.287
5 24 -8.673 -5.744 14.026 -10.018 -6.036 13.888 -8.874 -6.018 13.048 -10.372 -6.002 14.348
5 24 -14.429 -1.45 11.761 -13.429 -2.121 12.042 -13.492 -2.251 11.329 -14.013 -1.396 12.65
5 24 -6.79 -1.547 -13.687 -6.408 -2.358 -14.455 -6.69 -2.875 -14.439 -5.84 -1.979 -14.465
5 24 -3.072 -11.399 -13.618 -1.91 -11.335 -13.014 -2.62 -10.674 -14.234 -2.311 -11.513 -12.24
5 24 -1.084 -5.448 -16.026 .565 -5.079 -16.192 -.605 -3.172 -15.769 .897 -5.554 -16.037
5 24 -2.362 -6.699 17.83 -3.512 -6.706 16.938 -1.866 -7.782 16.534 -3.35 -5.337 17.466
5 24 -5.568 -12.186 1.065 -4.86 -11.366 .378 -5.851 -12.154 .907 -5.28 -12.157 1.422
5 24 -13.704 -2.89 -9.659 -13.451 -2.89 -10.019 -12.791 -4.602 -9.466 -13.629 -1.213 -9.091
5 24 13.868 1.986 12.049 13.093 2.966 12.147 13.215 1.253 12.517 14.466 2.848 11.53
5 24 -10.075 -8.996 7.132 -11.021 -8.072 6.766 -11.301 -7.624 7.834 -10.039 -8.802 5.832
5 24 4.55 -10.632 7.267 5.018 -10.188 7.337 4.162 -10.093 8.202 5.638 -10.214 6.773
5 24 -7.232 -4.564 -14.965 -8.302 -4.759 -13.812 -7.821 -6.28 -14.026 -7.66 -3.752 -13.863
5 24 .142 -7.705 16.101 1.244 -7.183 15.988 .889 -7.627 15.281 .31 -7.195 16.817
5 24 -15.377 6.787 .015 -13.318 7.166 .45 -15.684 6.348 .932 -15.124 7.379 -.772
5 24 9.049 -7.092 -13.308 8.842 -7.592 -13.284 8.18 -7.126 -13.857 8.852 -8.038 -11.761
5 24 1.02 8.819 17.977 .482 8 17.826 .607 8.97 17.68 1.209 7.827 18.569
5 24 -9.105 -9.529 1.041 -9.912 -10.29 2.337 -7.865 -9.873 1.326 -10.865 -8.757 1.476
5 24 13.718 -7.101 4.358 12.744 -7.456 4.424 13.696 -7.348 3.735 13.058 -7.232 4.634
5 24 8.194 -1.2 17.795 8.326 -.342 19.019 9.469 -.374 18.416 7.439 -.705 18.943
5 24 .862 -11.591 -13.751 -.088 -12.326 -13.458 .97 -12.477 -12.999 .521 -10.456 -13.865
5 24 -5.981 -8.045 14.908 -6.097 -7.763 15.524 -7.323 -7.742 14.535 -5.588 -7.843 15.02
5 24 16.114 -3.627 -4.627 15.391 -4.917 -5.304 15.678 -4.947 -4.561 15.74 -3.334 -5.69
5 24 16.064 1.926 -3.655 15.804 2.744 -3.962 15.947 1.761 -4.778 16.101 2.38 -3.156
5 24 -13.3 .342 13.347 -14.801 1.155 12.155 -13.721 1.834 12.403 -14.45 -.167 12.664
5 24 -4.144 -11.197 -13.668 -3.072 -11.399 -13.618 -3.475 -11.706 -12.46 -4.094 -10.929 -13.994
5 24 -12.558 -4.519 11.21 -11.099 -6.339 9.884 -11.704 -5.344 11.381 -12.748 -6.02 9.557
5 24 .961 -11.37 .311 1.933 -12.272 -.728 2.16 -11.904 .68 .666 -11.738 -.945
5 24 12.59 2.166 14.638 13.093 2.966 12.147 13.215 1.253 12.517 12.72 3.72 12.589
5 24 4.991 -1.661 18.546 4.652 -1.818 19.37 4.506 -.474 18.676 5.226 -2.974 18.371
5 24 -15.26 7.582 5.316 -14.276 8.971 7.494 -14.713 9.318 5.781 -14.86 6.007 7.421
5 24 15.715 2.083 -5.875 15.334 4.672 -4.383 15.121 3.575 -7.236 15.804 2.744 -3.962
5 24 -9.925 -9.585 -10.654 -9.102 -9.29 -11.096 -10.356 -9.261 -11.092 -8.966 -9.568 -10.685
5 24 8.343 -8.076 9.954 6.798 -8.49 10.557 7.156 -8.145 9.674 8.358 -8.711 11.23
5 24 17.074 -2.108 -2.454 16.903 -2.442 -.953 16.158 -3.181 -2.633 17.688 -1.539 .268
5 24 7.916 6.609 16.293 6.953 6.092 17.079 7.339 7.437 17.333 7.567 6.07 16.577
5 24 10.23 16.909 11.641 10.123 17.344 11.096 11.323 15.757 11.189 8.78 18 12.22
5 24 -4.089 -9.202 -14.341 -3.011 -7.997 -15.747 -2.954 -9.321 -14.613 -4.636 -7.687 -15.236
5 24 -6.097 4.037 18.673 -3.159 3.765 19.219 -6.698 5.26 18.958 -4.318 3.028 18.736
5 24 -9.105 -9.529 1.041 -10.865 -8.757 1.476 -10.186 -8.475 .811 -9.912 -10.29 2.337
5 24 -4.094 -10.929 -13.994 -2.954 -9.321 -14.613 -2.62 -10.674 -14.234 -4.089 -9.202 -14.341
5 24 5.867 -9.03 -13.075 4.922 -10.58 -13.319 4.671 -9.905 -13.444 6.325 -9.433 -12.812
5 24 -14.701 -5.507 .238 -15.467 -5.589 -.877 -16.063 -4.918 -.103 -13.994 -6.035 -.263
5 24 3.62 -11.064 5.954 2.332 -10.293 6.808 3.859 -10.899 6.66 2.1 -10.23 6.201
5 24 0 2.0828 -12.2964 -1.478 .795 -13.151 -.115 .164 -14.339 -2.419 2.212 -12.028
5 24 14.998 6.462 6.666 14.9 4.62 7.535 15.089 4.692 6.004 13.973 6.207 8.711
5 24 -4.968 -1.877 -14.58 -3.526 -1.35 -14.494 -3.629 -1.883 -15.279 -4.511 -1.264 -14.167
5 24 -5.919 -9.315 7.561 -5.071 -10.378 9.28 -6.222 -9.397 9.337 -4.864 -10.116 7.437
5 24 -6.095 -12.207 1.793 -6.393 -11.761 2.469 -5.812 -11.92 2.574 -6.751 -11.571 2.099
5 24 -10.984 -3.694 -11.758 -10.824 -4.729 -12.344 -10.701 -4.031 -12.111 -11.156 -3.636 -11.361
5 24 -10.872 8.028 -7.148 -13.695 9.122 -6.766 -11.422 10.146 -6.258 -13.307 7.629 -7.528
5 24 1.271 7.188 18.728 .944 5.769 19.852 .208 6.441 19.809 1.759 6.445 18.561
5 24 8.352 -11.299 -9.771 8.397 -10.321 -10.196 7.85 -11.635 -10.007 8.483 -11.327 -9.46
5 24 -15.392 6.034 -4.803 -15.338 7.32 -4.747 -15.145 6.783 -5.671 -15.468 7.646 -3.526
5 24 -14.285 5.475 -6.88 -13.787 5.947 -7.553 -14.27 5.952 -6.876 -13.452 4.979 -7.988
5 24 10.321 -4.497 -12.336 11.576 -4.03 -10.777 10.536 -3.662 -11.84 10.849 -5.449 -11.975
5 24 14.911 10.547 -2.628 12.0107 11.448 -4.9751 13.171 10.943 -2.129 13.987 10.614 -5.798
5 24 -12.975 11.06 -3.605 -14.866 10.364 -3.477 -14.578 10.379 -4.369 -13.189 10.602 -2.108
5 24 -12.505 5.895 12.86 -13.051 5.026 13.427 -11.688 5.4 13.496 -13.161 6.054 12.036
5 24 9.365 -9.761 2.404 9.229 -10.243 3.449 10.058 -9.894 3.616 7.998 -10.02 2.269
5 24 11.833 -8.517 -5.007 11.078 -8.938 -4.531 11.493 -8.172 -6.097 12.364 -8.339 -2.621
5 24 3.708 10.583 16.454 2.344 10.262 17.987 3.452 9.963 17.539 3.017 11.386 16.364
5 24 10.365 1.182 -10.231 9.86 1.022 -10.622 8.9232 2.4691 -8.9232 10.481 .421 -10.693
5 24 -6.682 -11.446 -1.449 -5.019 -11.772 -.883 -6.202 -11.019 -.616 -5.656 -12.209 -1.359
5 24 -6.78 -5.2 -15.174 -5.081 -6.094 -14.894 -4.727 -5.635 -14.889 -5.405 -6.646 -14.494
5 24 7.368 -4.299 17.862 6.282 -5.825 15.789 8.503 -5.166 15.95 5.531 -4.348 17.281
5 24 .666 -11.738 -.945 .563 -13.23 -2.441 1.735 -12.135 -1.97 -.445 -12.701 -1.444
5 24 7.411 -.758 -13.296 7.135 -1.731 -13.507 6.446 -.605 -13.427 7.97 -1.515 -13.075
5 24 -6.097 4.037 18.673 -6.836 3.404 17.791 -6.962 4.672 18.161 -5.608 2.379 17.99
5 24 12.585 -1.943 15.258 12.414 -.561 14.034 11.527 -1.038 15.195 13.373 -1.723 14.231
5 24 -1.315 -10.828 5.601 -1.417 -11.472 4.665 -2.213 -11.266 5.061 -.855 -10.788 5.355
5 24 -12.051 12.102 10.229 -11.531 12.378 12.282 -12.213 10.128 12.665 -11.676 12.821 10.807
5 24 -13.693 4.651 13.086 -14.24 3.465 12.554 -14.065 4.586 12.468 -13.548 3.276 13.505
5 24 10.232 9.822 14.065 11.476 9.347 11.83 10.823 8.437 13.638 10.76 10.577 12.328
5 24 9.766 6.172 15.904 9.188 5.701 16.396 9.08 6.515 16.12 9.949 4.844 16.133
5 24 4.022 -8.567 -14.954 5.215 -7.768 -14.621 3.832 -6.917 -14.658 4.671 -9.905 -13.444
5 24 12.008 -8.342 -7.694 12.905 -6.91 -8.306 12.792 -8.016 -7.218 11.283 -7.83 -8.608
5 24 -9.223 -10.065 -6.73 -9.129 -10.618 -7.824 -9.908 -9.332 -8.276 -8.243 -11.292 -7.026
5 24 16.431 -2.715 -3.258 16.459 -1.614 -3.95 17.074 -2.108 -2.454 16.025 -2.428 -5.251
5 24 -7.143 9.311 16.562 -4.471 10.432 17.095 -6.404 8.39 17.674 -5.113 11.116 16.347
5 24 .753 1.139 19.847 1.63 1.193 19.88 .734 1.685 19.851 .857 .746 19.838
5 24 -10.515 -10.342 3.117 -10.893 -10.098 3.791 -11.409 -9.09 3.977 -9.76 -10.777 4.104
5 24 -14.429 -1.45 11.761 -14.45 -.167 12.664 -14.013 -1.396 12.65 -15.035 -.091 11.718
5 24 3.605 12.981 15.469 4.943 12.795 16.081 5.162 13.271 15.782 3.969 11.662 16.28
5 24 -1.823 -10.228 11.291 -1.226 -10.785 10.968 -1.275 -10.07 12.633 -2.27 -9.834 9.943
5 24 10.283 -3.467 14.994 11.47 -1.799 15.744 11.969 -3.692 15.054 10.398 -1.919 15.974
5 24 -4.538 -12.386 -1.016 -3.391 -12.382 -1.069 -3.832 -12.024 -.592 -4.255 -12.802 -1.604
5 24 3.048 -3 -15.2 2.167 -.201 -13.651 3.151 -.794 -14.828 1.995 -2.472 -14.924
5 24 .734 1.685 19.851 -.718 2.357 18.886 .423 2.653 19.46 .753 1.139 19.847
5 24 -13.93 10.206 8.265 -13.317 11.26 8.796 -13.088 8.884 9.466 -14.346 10.906 6.311
5 24 4.703 -12 -6.733 6.372 -12.405 -8.622 4.331 -11.978 -7.62 5.594 -11.884 -6.245
5 24 2.344 10.262 17.987 3.017 11.386 16.364 3.708 10.583 16.454 1.147 10.625 17.422
5 24 -16.461 -2.077 -3.863 -17.174 -1.344 -2.835 -17.086 -2.173 -2.908 -16.542 -.532 -3.327
5 24 8.325 -11.011 -7.359 10.931 -10.45 -7.585 8.93 -10.382 -8.572 9.913 -10.735 -6.757
5 24 -10.518 -3.74 -12.164 -9.779 -3.735 -13.429 -10.485 -4.446 -12.375 -9.348 -2.064 -12.925
5 24 -7.232 -4.564 -14.965 -7.66 -3.752 -13.863 -6.763 -3.657 -14.479 -8.302 -4.759 -13.812
5 24 -1.576 -13.126 .871 -1.669 -12.049 1.482 -.6 -12.25 1.178 -2.855 -11.844 .833
5 24 -7.17 -11.156 -2.74 -7.884 -11.344 -1.974 -6.944 -11.351 -2.022 -8.631 -11.057 -2.232
5 24 4.528 -8.625 12.251 5.64 -9.261 11.584 3.73 -9.172 11.97 5.28 -8.036 12.484
5 24 .936 -9.322 -15.13 -.01 -10.039 -14.823 1.465 -10.201 -13.956 -.025 -9.195 -15.537
5 24 -.345 -8.103 15.296 -1.294 -7.565 17.043 -1.866 -7.782 16.534 .142 -7.705 16.101
5 24 -6.596 -11.83 1.306 -6.967 -10.832 .158 -7.36 -10.564 .667 -6.202 -11.019 -.616
5 24 -2.324 -12.085 3.332 -1.873 -12.056 3.634 -2.278 -11.787 2.75 -2.184 -12.076 3.858
5 24 -8.751 -8.197 11.881 -10.239 -7.158 12.47 -9.682 -8.323 11.195 -8.261 -7.379 12.476
5 24 6.384 -8.19 12.73 5.947 -7.414 14.158 5.382 -7.92 12.919 6.956 -7.775 14.062
5 24 -13.419 -5.147 10.291 -14.172 -4.856 9.595 -14.032 -5.158 9.342 -13.027 -3.975 10.962
5 24 3.688 8.907 17.759 3.664 7.372 18.169 3.123 8.213 18.839 4.429 8.066 16.996
5 24 -13.27 7.477 11.543 -12.479 9.03 10.335 -13.907 7.315 10.283 -12.119 8.783 12.027
5 24 -5.382 -3.322 -14.663 -5.84 -1.979 -14.465 -4.968 -1.877 -14.58 -6.408 -2.358 -14.455
5 24 -5.609 -7.478 15.713 -4.734 -7.53 15.034 -5.588 -7.843 15.02 -4.981 -7.148 15.779
5 24 -15.725 -4.165 -5.141 -15.639 -3.368 -5.54 -15.505 -3.718 -5.581 -15.865 -3.397 -5.173
5 24 -9.682 -8.323 11.195 -10.368 -7.971 10.776 -10.862 -6.848 11.977 -8.677 -8.337 10.074
5 24 9.404 11.105 13.858 10.232 9.822 14.065 10.062 11.046 13.551 8.47 11.195 14.174
5 24 14.333 -5.622 -2.94 12.697 -7.446 -5.49 13.027 -7.855 -4.383 13.733 -5.884 -4.838
5 24 4.024 -5.563 16.608 5.251 -7.475 14.99 5.917 -6.076 15.57 3.582 -8.341 15.547
5 24 -12.889 -2.982 -10.475 -12.05 -4.139 -10.372 -12.705 -2.827 -10.581 -13.105 -3.112 -10.292
5 24 12.507 -3.713 14.786 12.552 -4.019 12.927 11.596 -4.11 14.076 13.428 -3.26 13.787
5 24 -1.417 -11.472 4.665 -.515 -11.133 4.166 -1.478 -11.771 3.366 -.855 -10.788 5.355
5 24 -9.235 -10.621 2.76 -9.231 -10.748 3.203 -9.912 -10.29 2.337 -7.478 -9.961 2.472
5 24 -4.276 -12.471 -7.846 -4.177 -13.658 -6.37 -5.433 -11.94 -6.953 -2.796 -12.679 -7.929
5 24 .868 -5.074 -16.073 1.679 -6.161 -16.053 .897 -5.554 -16.037 2.265 -5.033 -16.228
5 24 8.325 -11.011 -7.359 7.341 -11.736 -6.836 8.061 -11.776 -8.124 7.455 -10.951 -6.354
5 24 -15.647 -4.584 2.629 -14.669 -5.062 2.686 -14.822 -4.839 2.106 -14.352 -5.284 3.545
5 24 5.362 4.663 19.303 6.351 3.627 18.267 4.216 3.481 19.758 6.198 5.727 17.678
5 24 15.052 -3.597 -7.038 14.152 -3.072 -8.613 13.968 -4.746 -7.737 14.372 -1.864 -7.8
5 24 -2.517 -11.976 4.095 -2.057 -11.899 4.392 -2.184 -12.076 3.858 -2.95 -11.517 4.394
5 24 -12.911 3.545 14.094 -12.175 3.048 14.305 -11.218 3.778 14.477 -13.148 2.588 13.422
5 24 -16.993 -1.359 4.939 -17.125 -1.303 3.864 -17.07 .419 4.918 -16.961 -3.531 4.287
5 24 -6.482 10.865 15.479 -7.7 11.772 15.254 -6.665 12.472 15.301 -7.505 10.914 15.306
5 24 -16.204 .006 -4.723 -16.542 -.532 -3.327 -15.893 1.336 -3.562 -16.282 -2.338 -4.689
5 24 -6.682 -10.886 -9.907 -7.266 -10.889 -11.256 -6.626 -11.019 -11.088 -7.592 -10.351 -9.664
5 24 -6.999 -10.699 2.27 -6.596 -11.83 1.306 -6.751 -11.571 2.099 -7.36 -10.564 .667
5 24 -11.076 -5.871 14.288 -10.573 -4.937 15.365 -12.344 -4.266 13.852 -10.372 -6.002 14.348
5 24 -6.61 17.469 13.957 -5.845 18.624 14.016 -7.295 18.37 13.354 -6.096 17.358 14.263
5 24 6.224 9.484 16.345 6.953 9.949 15.27 7.447 8.957 15.595 6.024 9.966 15.953
5 24 1.285 12.118 17.442 1.147 10.625 17.422 -.077 10.869 17.195 3.017 11.386 16.364
5 24 -9.231 -10.748 3.203 -7.202 -9.719 3.619 -7.478 -9.961 2.472 -7.799 -10.069 4.241
5 24 -9.231 -10.748 3.203 -10.515 -10.342 3.117 -9.297 -10.824 3.665 -9.912 -10.29 2.337
5 24 1.285 12.118 17.442 -.849 11.602 16.864 -.849 12.99 16.637 -.077 10.869 17.195
5 24 -11.858 16.419 9.88 -12.226 13.994 10.733 -12.575 15.034 8.629 -11.081 17 10.656
5 24 -.709 3.367 19.823 .221 3.256 19.79 .634 3.755 19.84 .423 2.653 19.46
5 24 -10.09 -9.692 -.857 -9.84 -9.46 -.019 -10.643 -8.176 -.513 -9.096 -10.381 .14
5 24 -10.701 -4.031 -12.111 -10.485 -4.446 -12.375 -10.824 -4.729 -12.344 -10.518 -3.74 -12.164
5 24 -5.729 -11.4 -7.362 -5.433 -11.94 -6.953 -5.233 -11.17 -8.507 -6.144 -10.862 -6.547
5 24 1.478 -2.839 -15.331 3.048 -3 -15.2 2.546 -3.708 -16.096 1.995 -2.472 -14.924
5 24 17.688 -1.539 .268 17.361 -1.417 2.621 18.121 -.144 1.408 17.103 -2.762 .404
5 24 15.98 3.989 2.842 15.656 5.126 3.606 15.827 3.657 4.241 15.879 5.184 2.573
5 24 11.73 1.523 15.819 10.838 1.252 16.052 11.619 .744 15.839 11.031 2.632 15.806
5 24 .913 4.472 19.832 1.689 4.015 19.097 1.914 5.676 18.733 .634 3.755 19.84
5 24 -3.429 -11.218 3.043 -2.614 -12.074 3.391 -2.734 -12.033 3.658 -2.278 -11.787 2.75
5 24 -8.381 -9.788 -9.493 -8.502 -10.22 -9.103 -9.405 -9.87 -9.31 -8.023 -10.673 -9.157
5 24 -5.812 -11.92 2.574 -6.393 -11.761 2.469 -6.095 -12.207 1.793 -6.187 -10.626 3.77
5 24 8.835 -3.656 17.624 7.368 -4.299 17.862 8.503 -5.166 15.95 7.136 -1.505 18.187
5 24 -14.801 1.155 12.155 -15.002 1.645 11.485 -14.393 2.462 11.441 -15.035 -.091 11.718
5 24 3.825 18.102 14.977 3.869 18.756 14.518 5.207 17.796 14.461 2.584 18.788 14.793
5 24 -5.643 -6.729 16.225 -5.609 -7.478 15.713 -6.097 -7.763 15.524 -4.981 -7.148 15.779
5 24 -17.178 -2.732 -.217 -16.836 -3.188 .382 -16.815 -3.415 -1.486 -17.42 -2.358 .381
5 24 -15.04 5.65 -6.044 -14.27 5.952 -6.876 -14.285 5.475 -6.88 -15.145 6.783 -5.671
5 24 6.537 -6.325 14.648 6.282 -5.825 15.789 5.917 -6.076 15.57 8.379 -5.459 14.713
5 24 1.241 -3.837 18.558 2.17 -4.188 18.759 1.867 -4.705 18.305 2.401 -3.735 19.108
5 24 -14.119 -5.975 3.307 -14.047 -6.661 2.901 -13.182 -6.71 3.57 -14.669 -5.062 2.686
5 24 1.885 14.806 16.23 1.958 13.362 17 3.605 12.981 15.469 -.201 14.267 16.756
5 24 11.364 .837 -10.632 12.38 .002 -10.637 10.481 .421 -10.693 12.124 .97 -10.331
5 24 12.23 1.213 -9.703 12.598 1.455 -8.476 12.361 1.657 -8.562 12.652 .756 -9.647
5 24 -14.754 9.771 -4.892 -14.43 9.215 -5.847 -13.978 10.243 -5.868 -14.794 8.474 -5.024
5 24 -17.188 -2.213 -1.409 -17.174 -1.344 -2.835 -17.176 -.893 -2.569 -17.086 -2.173 -2.908
5 24 -15.951 4.962 -1.726 -16.379 3.082 -2.216 -15.458 4.399 -3.671 -16.467 3.193 -1.248
5 24 1.209 7.827 18.569 .87 7.505 18.492 .482 8 17.826 1.271 7.188 18.728
5 24 1.164 -11.155 7.268 1.626 -10.755 7.138 1.211 -10.802 6.503 .98 -11.163 8.017
5 24 5.638 -10.214 6.773 5.914 -10.392 6.26 6.567 -9.067 6.544 4.55 -10.632 7.267
5 24 -10.689 -8.938 -5.711 -10.08 -9.905 -5.315 -10.923 -8.635 -5.131 -10.228 -8.696 -6.332
5 24 -12.523 -.883 -9.733 -11.869 -2.071 -10.673 -11.622 -.636 -9.851 -12.705 -2.827 -10.581
5 24 10.126 -6.49 10.271 11.933 -6.197 11.231 10.952 -6.421 9.291 10.984 -6.424 11.378
5 24 -.507 -13.459 -10.124 -.943 -13.419 -10.4 -.495 -12.912 -11.112 -1.913 -13.444 -9.722
5 24 -14.579 -.481 -7.869 -15.052 -.13 -6.642 -14.985 .765 -6.606 -14.96 -1.144 -6.793
5 24 2.424 8.092 18.996 3.123 8.213 18.839 2.321 9.024 18.755 3.159 6.841 18.49
5 24 1.933 -12.272 -.728 1.735 -12.135 -1.97 .666 -11.738 -.945 2.703 -12.615 -1.822
5 24 -13.27 7.477 11.543 -13.907 7.315 10.283 -12.479 9.03 10.335 -13.641 5.956 11.038
5 24 .482 8 17.826 1.209 7.827 18.569 .87 7.505 18.492 1.02 8.819 17.977
5 24 3.71 16.992 15.729 4.226 15.793 15.702 4.423 16.737 15.492 3.605 12.981 15.469
5 24 4.154 -11.932 -11.86 2.976 -13.585 -11.205 4.382 -13.396 -10.657 2.032 -12.741 -12.041
5 24 16.087 2.277 5.664 15.936 1.607 6.239 15.984 1.436 6.147 16.023 2.359 5.806
5 24 -4.892 -13.018 -2.417 -5.56 -12.803 -2.701 -4.909 -13.022 -3.089 -5.863 -12.568 -2.329
5 24 -3.107 .207 19.805 -2.547 -.783 19.435 -3.166 -1.058 19.145 -2.397 .11 19.735
5 24 8.739 -10.788 -.168 9.761 -10.198 .866 8.168 -10.81 .97 10.668 -9.187 -.709
5 24 -11.838 -7.875 2.923 -13.573 -7.432 2.735 -12.588 -8.288 2.325 -12.024 -7.033 3.531
5 24 3.268 -.355 -14.114 2.8211 2.2716 -11.8934 2.167 -.201 -13.651 4.7492 2.2178 -11.4652
5 24 9.761 -10.198 .866 10.82 -9.071 .426 10.668 -9.187 -.709 10.776 -8.705 1.29
5 24 -7.694 -11.535 -1.47 -6.944 -11.351 -2.022 -7.884 -11.344 -1.974 -6.682 -11.446 -1.449
5 24 9.548 -4.705 14.392 9.875 -3.86 15.665 10.283 -3.467 14.994 8.503 -5.166 15.95
5 24 -15.401 -2.443 -6.289 -15.836 -1.516 -5.942 -15.908 -2.812 -5.294 -14.96 -1.144 -6.793
5 24 3.482 -.653 19.103 4.652 -1.818 19.37 4.506 -.474 18.676 2.905 -1.882 19.654
5 24 -12.247 -5.068 -10.773 -12.05 -4.139 -10.372 -12.44 -4.549 -9.905 -12.081 -4.833 -11.08
5 24 8.647 -6.425 14.225 8.379 -5.459 14.713 7.186 -6.868 14.434 9.921 -5.582 13.665
5 24 14.139 10.573 6.14 12.481 9.349 4.549 12.229 11.694 5.274 14.689 8.615 5.632
5 24 -6.802 -8.21 12.853 -5.398 -8.155 11.418 -7.06 -7.857 10.566 -5.406 -8.464 13.419
5 24 2.097 -11.856 3.74 2.396 -11.255 4.086 1.259 -11.394 4.286 3.665 -10.691 2.474
5 24 -13.236 -5.136 -8.526 -13.02 -6.419 -8.443 -12.836 -5.434 -9.361 -13.365 -5.974 -7.174
5 24 13.502 -6.911 -.311 12.75 -7.801 1.212 13.541 -6.534 1.087 12.368 -8.602 -.342
5 24 10.668 -9.187 -.709 9.761 -10.198 .866 8.739 -10.788 -.168 10.82 -9.071 .426
5 24 .115 -12.257 .201 -.6 -12.25 1.178 -1.252 -13.431 -.195 .001 -11.587 1.589
5 24 -1.342 11.546 16.878 -.849 11.602 16.864 -1.382 12.955 16.547 -.077 10.869 17.195
5 24 10.536 -3.662 -11.84 10.321 -4.497 -12.336 9.839 -3.425 -12.072 11.576 -4.03 -10.777
5 24 -10.372 -6.002 14.348 -10.573 -4.937 15.365 -11.076 -5.871 14.288 -8.574 -5.011 14.741
5 24 -8.136 -9.926 4.857 -9.76 -10.777 4.104 -9.297 -10.824 3.665 -10.335 -9.432 5.071
5 24 13.366 8.629 8.469 14.139 10.573 6.14 13.645 10.117 8.7 14.689 8.615 5.632
5 24 -11.842 -6.457 -10.788 -12.355 -5.73 -9.887 -11.696 -7.176 -9.714 -12.247 -5.068 -10.773
5 24 -7.524 .765 19.207 -6.224 .354 18.492 -6.072 1.176 18.502 -7.785 .332 19.146
5 24 15.334 4.672 -4.383 15.804 2.744 -3.962 15.715 2.083 -5.875 16.09 3.451 -2.842
5 24 18.121 -.144 1.408 17.688 -1.539 .268 17.361 -1.417 2.621 17.602 .607 .318
5 24 7.993 -11.181 -4.178 8.249 -10.795 -5.665 8.679 -10.579 -5.325 6.19 -11.325 -5.7
5 24 -7.295 18.37 13.354 -7.49 16.964 13.704 -6.61 17.469 13.957 -9.654 17.776 11.955
5 24 16.892 -.552 -2.865 17.074 -2.108 -2.454 17.119 .203 -.669 16.459 -1.614 -3.95
5 24 -1.58 -12.778 -1.803 -2.356 -13.138 -.798 -2.447 -12.019 -2.1 -1.252 -13.431 -.195
5 24 -1.336 -13.373 -3.227 -2.447 -12.019 -2.1 -2.626 -12.216 -3.8 -1.19 -13.363 -2.723
5 24 17.289 1.973 1.211 17.261 1.678 .658 18.033 .503 1.155 16.604 2.504 .576
5 24 -8.111 -11.478 -.437 -6.967 -10.832 .158 -7.523 -11.501 -.957 -8.205 -10.983 .252
5 24 -1.315 -10.828 5.601 -2.29 -10.28 6.945 -2.732 -9.972 5.978 -.309 -11.34 7.095
5 24 -8.631 -11.057 -2.232 -9.506 -10.409 -2.143 -9.685 -10.438 -1.603 -8.867 -10.526 -2.927
5 24 2.052 -5.65 16.857 2.244 -7.915 15.667 1.195 -6.606 16.288 2.929 -5.791 16.92
5 24 5.382 -7.92 12.919 4.528 -8.625 12.251 5.28 -8.036 12.484 3.94 -8.961 13.869
5 24 3.469 -10.564 9.423 4.162 -10.093 8.202 3.539 -10.204 8.126 4.795 -10.423 9.87
5 24 -1.81 -11.461 1.952 -1.889 -11.446 2.429 -.874 -10.856 2.271 -2.953 -11.007 1.974
5 24 -10.335 -9.432 5.071 -10.723 -8.049 5.683 -10.039 -8.802 5.832 -11.471 -7.971 4.482
5 24 10.365 1.182 -10.231 12.23 1.213 -9.703 11.364 .837 -10.632 12.361 1.657 -8.562
5 24 7.953 1.148 -11.401 7.9977 2.4691 -9.5417 6.4612 2.4691 -10.5687 9.86 1.022 -10.622
5 24 12.186 -7.472 2.121 12.086 -7.973 1.641 12.75 -7.801 1.212 10.902 -7.763 2.309
5 24 3.538 -13.209 -4.205 3.6 -12.46 -2.465 2.834 -12.544 -3.891 4.425 -12.89 -3.413
5 24 3.399 9.182 18.288 2.321 9.024 18.755 2.344 10.262 17.987 3.123 8.213 18.839
5 24 -10.893 -10.098 3.791 -9.76 -10.777 4.104 -10.515 -10.342 3.117 -10.335 -9.432 5.071
5 24 -17.188 -2.213 -1.409 -17.233 -.748 -1.934 -17.176 -.893 -2.569 -17.302 -.645 -1.298
5 24 -8.515 9.14 16.128 -7.441 9.291 16.254 -8.463 8.451 16.161 -7.18 10.169 15.779
5 24 -10.955 12.29 12.882 -9.655 11.288 13.441 -11.652 10.328 13.401 -9.827 12.233 12.997
5 24 -13.027 -3.975 10.962 -13.419 -5.147 10.291 -12.558 -4.519 11.21 -14.172 -4.856 9.595
5 24 -3.682 2.356 19.674 -3.107 .207 19.805 -4.361 1.881 19.512 -2.291 1.337 19.766
5 24 4.022 -8.567 -14.954 3.142 -7.277 -14.611 2.133 -7.569 -14.291 3.832 -6.917 -14.658
5 24 9.83 -2.502 16.761 9.123 -1.23 17.38 9.599 -1.386 17.053 8.194 -1.2 17.795
5 24 -8.618 -9.074 7.81 -8.531 -8.294 9.068 -10.056 -8.584 8.593 -7.467 -8.066 8.78
5 24 -15.468 7.646 -3.526 -15.392 6.034 -4.803 -15.703 7.124 -2.721 -15.338 7.32 -4.747
5 24 -11.029 9.58 13.677 -12.213 10.128 12.665 -11.177 8.416 13.013 -11.652 10.328 13.401
5 24 9.767 14.131 13.452 10.281 12.973 13.563 9.019 13.595 13.818 10.52 13.953 12.201
5 24 -8.673 -5.744 14.026 -7.323 -7.742 14.535 -8.261 -7.379 12.476 -7.248 -7.111 15.464
5 24 10.84 -5.611 13.46 11.31 -5.808 13.167 10.208 -6.057 12.883 11.401 -5.154 13.633
5 24 -13.045 7.696 2.949 -15.26 7.582 5.316 -12.744 8.765 3.966 -15.386 7.027 4.713
5 24 6.953 9.949 15.27 5.857 11.054 16.219 6.024 9.966 15.953 8.47 11.195 14.174
5 24 13.027 -7.855 -4.383 12.56 -8.121 -4.92 12.364 -8.339 -2.621 12.697 -7.446 -5.49
5 24 15.195 1.039 8.15 15.7 -2.26 9.435 16.174 -1.379 7.732 14.924 .552 9.667
5 24 -13.641 5.956 11.038 -13.27 7.477 11.543 -13.161 6.054 12.036 -13.907 7.315 10.283
5 24 -6.336 -3 18.918 -6.369 -1.683 18.864 -7.735 -2.865 18.897 -5.574 -2.156 18.756
5 24 8.47 -8.797 9.096 9.749 -7.046 10.148 9.141 -7.684 10.041 10.308 -7.889 9.136
5 24 -12.05 -4.139 -10.372 -11.156 -3.636 -11.361 -11.46 -3.493 -10.7 -12.081 -4.833 -11.08
5 24 -11.301 -7.624 7.834 -11.822 -6.95 7.309 -11.601 -7.382 6.467 -11.782 -6.351 7.912
5 24 -6.698 5.26 18.958 -3.159 3.765 19.219 -6.097 4.037 18.673 -2.825 4.61 19.157
5 24 8.47 -8.797 9.096 9.36 -9.32 7.672 7.8 -9.396 7.131 10.308 -7.889 9.136
5 24 -16.096 -3.307 -4.646 -16.282 -2.338 -4.689 -16.461 -2.077 -3.863 -15.908 -2.812 -5.294
5 24 -10.643 -8.176 -.513 -10.09 -9.692 -.857 -9.84 -9.46 -.019 -10.075 -9.59 -1.364
5 24 .862 -11.591 -13.751 .521 -10.456 -13.865 1.465 -10.201 -13.956 -.088 -12.326 -13.458
5 24 6.384 -8.19 12.73 6.558 -8.647 11.111 8.358 -8.711 11.23 6.279 -8.551 11.742
5 24 8.326 -.342 19.019 9.337 1.159 18.069 9.469 -.374 18.416 8.025 1.129 18.635
5 24 -4.805 -11.145 2.42 -4.338 -10.336 3.913 -4.072 -10.675 2.708 -5.403 -10.769 3.889
5 24 -4.805 -11.145 2.42 -4.072 -10.675 2.708 -4.338 -10.336 3.913 -3.759 -10.56 1.6
5 24 14.964 -3.426 10.657 13.584 -4.265 10.064 13.499 -3.552 10.923 13.543 -4.337 9.296
5 24 10.902 -7.763 2.309 10.581 -9.43 3.785 11.212 -7.578 4.141 10.754 -8.075 2.073
5 24 16.826 -4.46 -.415 14.659 -5.569 1.131 16.65 -4.716 -.953 15.041 -5.047 1.342
5 24 -16.096 -3.307 -4.646 -16.186 -3.657 -3.128 -16.363 -3.057 -3.393 -15.842 -4.309 -4.562
5 24 -8.036 -2.713 -13.483 -7.218 -1.157 -12.808 -6.79 -1.547 -13.687 -8.366 -1.876 -12.661
5 24 -8.322 5.886 17.365 -7.071 5.906 17.166 -7.407 4.286 17.538 -8.039 6.8 17
5 24 12.364 8.701 10.782 12.63 9.67 10.283 12.325 9.931 10.981 12.753 8.625 10.04
5 24 -16.461 -2.077 -3.863 -17.086 -2.173 -2.908 -17.174 -1.344 -2.835 -16.363 -3.057 -3.393
5 24 4.506 -.474 18.676 4.594 .242 18.742 4.979 .141 18.53 3.482 -.653 19.103
2 24 5.472 14.87 14.401 5.348 16.144 14.397
5 24 -2.855 -11.844 .833 -3.846 -10.888 .785 -4.051 -11.55 -.435 -2.781 -11.049 1.515
2 24 16.431 -2.715 -3.258 16.025 -2.428 -5.251
5 24 1.679 -6.161 -16.053 1.33 -6.902 -15.399 .847 -6.629 -15.465 2.141 -6.933 -15.3
5 24 -10.372 -6.002 14.348 -8.673 -5.744 14.026 -10.018 -6.036 13.888 -8.574 -5.011 14.741
5 24 10.248 .896 17.009 11.012 .445 16.161 10.838 1.252 16.052 10.151 -.753 17.325
5 24 -3.676 12.215 17.197 -2.32 10.819 17.472 -2.733 12.244 17.41 -3.483 9.433 17.367
5 24 -17.109 2.166 1.208 -16.286 4.427 -.556 -16.933 5.227 .946 -16.941 2.087 .555
5 24 -5.47 -11.269 6.593 -3.328 -10.413 5.471 -3.93 -10.675 4.857 -3.893 -10.159 6.94
5 24 -8.487 -7.297 -13.137 -8.774 -6.774 -12.493 -8.683 -5.548 -12.994 -8.723 -7.456 -12.071
5 24 17.103 -2.762 .404 16.473 -3.926 3.486 16.989 -2.637 3.645 15.273 -5.117 2.727
5 24 3.561 -5.087 18.188 5.086 -4.43 17.644 4.024 -5.563 16.608 4.784 -4.199 19.009
5 24 -7.36 -10.564 .667 -8.205 -10.983 .252 -6.967 -10.832 .158 -8.167 -10.169 .687
5 24 -7.218 -1.157 -12.808 -7.246 -.162 -12.584 -6.164 -.527 -12.486 -8.366 -1.876 -12.661
5 24 -8.337 1.857 -10.341 -9.164 2.207 -8.962 -7.5367 2.4691 -9.8499 -8.986 1.158 -10.801
5 24 -11.622 -.636 -9.851 -10.678 -.144 -10.954 -10.559 .273 -10.221 -10.536 -.779 -11.914
5 24 6.384 -8.19 12.73 6.279 -8.551 11.742 5.28 -8.036 12.484 6.558 -8.647 11.111
5 24 -16.014 -.205 -5.596 -15.908 -2.812 -5.294 -16.282 -2.338 -4.689 -15.836 -1.516 -5.942
5 24 9.608 -9.952 -10.041 9.092 -9.857 -9.11 9.99 -9.662 -9.532 8.397 -10.321 -10.196
5 24 -15.779 2.844 -4.788 -15.458 4.399 -3.671 -15.981 2.8 -3.698 -15.289 4.471 -5.064
5 24 -3.682 2.356 19.674 -2.291 1.337 19.766 -1.605 2.954 19.514 -3.107 .207 19.805
5 24 -4.615 -6.524 -15.297 -4.636 -7.687 -15.236 -2.996 -7.113 -16.061 -5.288 -6.958 -14.475
5 24 -10.893 -10.098 3.791 -10.335 -9.432 5.071 -11.409 -9.09 3.977 -9.76 -10.777 4.104
5 24 8.061 -11.776 -8.124 7.341 -11.736 -6.836 6.372 -12.405 -8.622 8.325 -11.011 -7.359
5 24 -8.293 -10.939 -6.34 -7.823 -11.4 -5.646 -8.599 -11.262 -5.474 -7.374 -11.193 -5.999
5 24 -6.79 -1.547 -13.687 -6.164 -.527 -12.486 -7.218 -1.157 -12.808 -5.366 -.766 -13.488
5 24 -13.44 -.575 13.286 -12.779 .462 14.745 -12.492 -1.525 15.537 -13.3 .342 13.347
5 24 .89 18.79 15.127 -.071 19.026 13.239 -.644 18.827 15.204 2.584 18.788 14.793
5 24 -4.626 -13.197 -10.763 -4.97 -12.653 -11.491 -4.156 -13.084 -11.412 -5.48 -12.504 -11.246
5 24 -15.339 -5.194 -4.982 -15.496 -5.291 -4.439 -15.842 -4.309 -4.562 -14.266 -5.738 -5.059
5 24 16.158 -3.181 -2.633 16.65 -4.716 -.953 15.05 -4.963 -2.81 16.903 -2.442 -.953
5 24 10.291 6.681 15.11 9.55 7.635 14.746 10.047 7.688 14.203 9.948 6.763 15.41
5 24 4.423 16.737 15.492 5.348 16.144 14.397 5.353 17.25 14.518 4.226 15.793 15.702
5 24 -2.746 14.722 15.728 -2.319 13.212 16.88 -1.703 13.661 16.441 -3.866 14.279 15.749
5 24 -17.485 1.21 1.532 -16.686 2.158 2.61 -17.336 .261 3.106 -17.109 2.166 1.208
5 24 -.855 -10.788 5.355 -1.417 -11.472 4.665 -.515 -11.133 4.166 -1.315 -10.828 5.601
5 24 -.197 -13.64 -9.007 -.368 -13.372 -7.781 -1.95 -12.943 -7.065 .27 -13.4 -8.524
5 24 10.864 -3.75 14.553 9.548 -4.705 14.392 10.657 -4.87 13.977 10.283 -3.467 14.994
5 24 -6.986 -8.335 7.456 -6.222 -9.397 9.337 -5.919 -9.315 7.561 -7.467 -8.066 8.78
5 24 3.06 -10.699 -12.464 3.55 -10.793 -12.605 3.238 -11.106 -12.234 3.015 -10.211 -12.672
5 24 13.287 12.689 7.003 11.937 13.299 6.186 12.387 14.355 7.969 12.229 11.694 5.274
5 24 11.985 -8.881 -.108 10.82 -9.071 .426 10.668 -9.187 -.709 11.943 -8.852 .658
5 24 -3.512 -6.706 16.938 -3.35 -5.337 17.466 -2.362 -6.699 17.83 -4.523 -5.927 16.345
5 24 8.393 -3.646 -14.028 8.255 -4.932 -13.347 7.487 -4.624 -13.798 8.974 -4.991 -12.487
2 24 13.042 10.019 9.067 13.366 8.629 8.469
5 24 -15.334 9.021 -2.229 -14.993 8.108 -1.327 -15.627 8.028 -1.945 -14.693 9.079 -1.643
5 24 2.546 -3.708 -16.096 1.101 -3.195 -15.308 2.265 -5.033 -16.228 1.478 -2.839 -15.331
5 24 -12.897 5.982 -8.303 -13.452 4.979 -7.988 -13.787 5.947 -7.553 -12.923 4.476 -8.337
5 24 -14.016 -4.614 7.669 -14.032 -5.158 9.342 -13.267 -5.913 8.946 -14.731 -3.797 8.722
5 24 -.849 12.99 16.637 -1.703 13.661 16.441 -1.382 12.955 16.547 -.201 14.267 16.756
5 24 -14.985 .765 -6.606 -14.543 3.206 -7.452 -15.611 2.19 -5.796 -13.956 1.548 -7.879
5 24 14.618 .019 10.689 14.542 .601 11.384 14.958 1.293 11.285 14.054 -.246 11.538
5 24 -11.782 -6.351 7.912 -12.168 -6.19 8.73 -10.697 -6.625 9.09 -12.67 -6.037 7.923
5 24 -5.574 -2.156 18.756 -4.431 -2.532 18.32 -4.391 -1.615 18.391 -5.102 -3.214 18.559
5 24 6.243 -3.21 -14.657 6.868 -2.85 -14.135 7.164 -3.292 -14.259 6.177 -2.684 -13.85
5 24 -14.094 -4.526 -8.382 -14.728 -3.406 -8.324 -14.054 -3.25 -8.651 -15.009 -4.664 -6.957
5 24 1.02 8.819 17.977 1.413 8.212 18.731 1.396 9.658 18.254 1.209 7.827 18.569
5 24 5.008 -11.123 5.213 3.859 -10.899 6.66 3.62 -11.064 5.954 5.599 -10.789 5.606
5 24 -7.073 -8.104 13.656 -5.858 -8.236 14.341 -7.323 -7.742 14.535 -5.406 -8.464 13.419
5 24 -3.107 .207 19.805 -4.361 1.881 19.512 -3.817 .133 19.661 -3.682 2.356 19.674
5 24 -.825 -12.276 -13.13 -1.41 -11.742 -12.788 -1.165 -11.033 -13.012 -.955 -12.671 -12.674
5 24 -7.248 -7.111 15.464 -7.323 -7.742 14.535 -6.097 -7.763 15.524 -8.673 -5.744 14.026
5 24 -15.726 .869 7.392 -16.025 2.075 6.424 -15.522 1.658 7.302 -16.895 .157 6.079
5 24 -5.127 -12.514 -1.27 -5.019 -11.772 -.883 -5.656 -12.209 -1.359 -4.538 -12.386 -1.016
5 24 .101 -11.101 8.56 -.309 -11.34 7.095 .98 -11.163 8.017 -.606 -10.583 9.481
5 24 2.305 -10.328 9.667 3.221 -10.552 10.698 2.163 -9.989 10.884 3.469 -10.564 9.423
5 24 -12.791 -4.602 -9.466 -13.105 -3.112 -10.292 -12.44 -4.549 -9.905 -13.451 -2.89 -10.019
5 24 10.984 -6.424 11.378 10.352 -6.571 11.166 10.384 -6.393 12.118 10.126 -6.49 10.271
5 24 -2.754 -1.312 -14.398 -1.321 -2.512 -14.811 -3.215 -2.093 -15.747 -1.932 -1.388 -13.897
5 24 -8.986 1.158 -10.801 -8.337 1.857 -10.341 -7.651 1.369 -11.395 -9.529 1.446 -9.812
5 24 -13.02 -6.419 -8.443 -12.836 -5.434 -9.361 -12.355 -5.73 -9.887 -13.236 -5.136 -8.526
5 24 -6.982 -11.595 -7.441 -6.276 -11.368 -7.581 -7.093 -11.474 -8.381 -6.144 -10.862 -6.547
5 24 1.198 -13.793 -5.95 .333 -13.577 -6.014 1.056 -12.651 -4.802 .403 -13.799 -6.842
5 24 6.382 -11.225 -2.668 7.11 -11.389 -3.436 7.235 -10.335 -1.886 5.353 -11.364 -3.084
5 24 1.574 -7.241 -15.026 .93 -7.415 -15.677 .936 -9.322 -15.13 1.33 -6.902 -15.399
5 24 2.188 -10.228 9.041 .98 -11.163 8.017 1.202 -10.767 9.021 2.798 -9.997 8.153
5 24 3.399 9.182 18.288 3.123 8.213 18.839 3.688 8.907 17.759 2.321 9.024 18.755
2 24 -16.536 -3.53 .887 -15.919 -3.995 1.207
5 24 -5.81 -10.344 -11.722 -6.022 -11.929 -11.098 -5.25 -10.983 -11.896 -6.626 -11.019 -11.088
5 24 -6.224 .354 18.492 -5.802 -.951 18.649 -6.364 -.472 18.209 -5.453 .464 19.049
5 24 -12.761 -8.233 .192 -13.343 -7.022 -.407 -13.678 -7.607 .611 -12.013 -8.161 -.575
5 24 5.253 -11.944 -11.892 5.128 -11.283 -12.726 5.965 -11.655 -11.939 4.154 -11.932 -11.86
5 24 -7.374 -11.193 -5.999 -6.937 -11.495 -4.988 -7.823 -11.4 -5.646 -5.933 -11.238 -5.73
5 24 -12.492 -1.525 15.537 -13.059 -1.512 13.133 -13.44 -.575 13.286 -12.156 -2.16 14.935
5 24 -13.182 -6.71 3.57 -14.348 -6.192 5.555 -14.083 -5.928 3.595 -13.052 -7.254 5.713
5 24 12.792 -8.016 -7.218 13.364 -7.004 -7.357 12.697 -7.446 -5.49 12.905 -6.91 -8.306
5 24 -16.129 3.127 7.656 -16.025 2.075 6.424 -16.376 2.267 3.873 -15.522 1.658 7.302
5 24 1.964 -1.513 19.103 2.905 -1.882 19.654 2.573 -2.165 19.463 2.161 -1.041 19.181
5 24 -14.172 -4.856 9.595 -14.032 -5.158 9.342 -13.419 -5.147 10.291 -14.731 -3.797 8.722
5 24 -7.248 -7.111 15.464 -7.206 -5.749 16.309 -8.574 -5.011 14.741 -5.643 -6.729 16.225
5 24 -6.097 -7.763 15.524 -7.248 -7.111 15.464 -5.643 -6.729 16.225 -7.323 -7.742 14.535
5 24 8.947 -6.364 -13.46 8.255 -4.932 -13.347 9.439 -6.026 -12.262 8.301 -5.966 -13.84
5 24 11.466 3.694 14.899 10.501 4.599 15.024 10.171 4.29 15.429 10.825 4.954 14.34
5 24 -12.505 -8.433 -2.993 -13.105 -8.032 -3.084 -12.349 -7.827 -4.202 -12.809 -8.425 -2.358
5 24 -12.081 -4.833 -11.08 -11.478 -6.745 -11.533 -10.697 -5.83 -12.472 -11.842 -6.457 -10.788
5 24 -6.78 -5.2 -15.174 -7.232 -4.564 -14.965 -6.763 -3.657 -14.479 -7.821 -6.28 -14.026
5 24 -2.356 -13.138 -.798 -2.907 -12.78 .113 -1.252 -13.431 -.195 -3.391 -12.382 -1.069
5 24 10.668 -9.187 -.709 8.687 -9.093 -1.84 9.374 -8.577 -2.483 8.739 -10.788 -.168
5 24 8.835 -3.656 17.624 7.136 -1.505 18.187 8.194 -1.2 17.795 7.368 -4.299 17.862
5 24 -3.483 9.433 17.367 -2.038 8.518 18.827 -2.32 10.819 17.472 -3.729 7.381 18.071
5 24 -7.093 -11.474 -8.381 -8.049 -11.459 -8.053 -7.76 -11.172 -9.065 -6.982 -11.595 -7.441
5 24 4.196 -13.032 -5.155 3.367 -11.994 -6.002 4.616 -12.423 -6.13 2.886 -12.119 -5.388
5 24 -13.573 -7.432 2.735 -12.024 -7.033 3.531 -11.838 -7.875 2.923 -13.182 -6.71 3.57
5 24 -3.676 12.215 17.197 -4.572 12.442 16.524 -5.113 11.116 16.347 -3.866 14.279 15.749
5 24 -12.226 13.994 10.733 -10.595 15.839 11.334 -11.081 17 10.656 -10.979 13.977 11.279
5 24 5.128 -11.283 -12.726 5.965 -11.655 -11.939 5.253 -11.944 -11.892 4.922 -10.58 -13.319
5 24 -15.338 7.32 -4.747 -14.794 8.474 -5.024 -15.105 8.773 -3.932 -14.609 8.013 -5.74
5 24 -1.342 11.546 16.878 -.077 10.869 17.195 -.849 11.602 16.864 -.578 9.683 18.126
5 24 9.477 8.48 15.113 8.438 9.299 15.286 10.232 9.822 14.065 9.102 7.485 15.249
5 24 -6.097 4.037 18.673 -6.962 4.672 18.161 -6.698 5.26 18.958 -6.836 3.404 17.791
5 24 -7.36 -10.564 .667 -8.167 -10.169 .687 -8.205 -10.983 .252 -7.865 -9.873 1.326
5 24 -14.43 9.215 -5.847 -14.609 8.013 -5.74 -14.145 8.498 -6.554 -14.794 8.474 -5.024
5 24 -.578 9.683 18.126 .607 8.97 17.68 .682 10.239 17.276 -.132 8.113 17.959
5 24 -4.524 15.773 15.592 -2.746 14.722 15.728 -3.866 14.279 15.749 -2.728 16.21 15.724
5 24 -14.596 -5.682 .543 -14.701 -5.507 .238 -14.822 -4.839 2.106 -13.994 -6.035 -.263
5 24 -16.542 -.532 -3.327 -17.174 -1.344 -2.835 -17.176 -.893 -2.569 -16.461 -2.077 -3.863
5 24 15.884 -3.153 5.707 16.222 -2.597 6.655 16.896 -1.54 5.577 15.816 -3.159 6.417
5 24 -11.409 -9.09 3.977 -11.708 -8.408 2.581 -10.515 -10.342 3.117 -11.838 -7.875 2.923
5 24 10.003 -7.387 12.098 9.749 -7.046 10.148 10.352 -6.571 11.166 9.344 -8.199 12.365
5 24 -9.105 -9.529 1.041 -8.167 -10.169 .687 -9.096 -10.381 .14 -7.865 -9.873 1.326
5 24 -15.009 -4.664 -6.957 -15.505 -3.718 -5.581 -14.952 -4.502 -5.899 -15.526 -3.425 -6.172
5 24 -15.779 2.844 -4.788 -15.611 2.19 -5.796 -15.258 3.317 -6.424 -15.777 1.284 -4.638
5 24 7.452 -8.905 5.378 8.743 -9.822 4.95 7.229 -9.251 4.974 7.894 -8.711 5.626
5 24 1.396 9.658 18.254 1.02 8.819 17.977 .682 10.239 17.276 1.413 8.212 18.731
5 24 10.281 12.973 13.563 10.808 12.661 11.437 10.52 13.953 12.201 10.76 10.577 12.328
5 24 2.141 -6.933 -15.3 1.679 -6.161 -16.053 2.955 -6.608 -15.46 1.33 -6.902 -15.399
5 24 7.229 -9.251 4.974 5.914 -10.392 6.26 5.599 -10.789 5.606 6.567 -9.067 6.544
5 24 -9.075 -3.47 -13.857 -9.779 -3.735 -13.429 -8.532 -4.65 -13.761 -9.348 -2.064 -12.925
5 24 -16.104 -2.495 7.912 -14.731 -3.797 8.722 -16.088 -2.789 7.114 -14.875 -3.296 9.197
5 24 -3.181 -13.5 -5.145 -4.298 -13.446 -5.032 -3.504 -13.112 -4.777 -4.177 -13.658 -6.37
5 24 4.849 -12.464 .145 5.782 -12.171 -.467 5.156 -11.765 .851 4.262 -12.815 -.789
5 24 -11.478 -6.745 -11.533 -10.859 -7.835 -10.981 -11.28 -7.534 -10.426 -9.101 -7.296 -11.707
5 24 14.372 -1.864 -7.8 14.579 -.838 -8.069 15.055 -.938 -7.46 13.224 -1.708 -8.881
5 24 -4.734 -7.53 15.034 -4.981 -7.148 15.779 -5.609 -7.478 15.713 -4.155 -6.825 15.785
5 24 -17.319 -1.966 -.65 -17.188 -2.213 -1.409 -17.178 -2.732 -.217 -17.302 -.645 -1.298
5 24 5.594 -11.884 -6.245 5.895 -11.986 -4.203 5.095 -12.714 -4.083 6.19 -11.325 -5.7
5 24 -11.343 -8.315 -9.333 -11.633 -7.673 -8.997 -11.696 -7.176 -9.714 -11.207 -7.911 -8.3
5 24 15.984 1.436 6.147 16.626 -.205 6.931 16.813 .466 5.3 15.836 1.238 6.866
5 24 7.139 -9.503 4.451 5.599 -10.789 5.606 7.229 -9.251 4.974 5.616 -10.725 4.113
5 24 -2.419 2.212 -12.028 -4.177 .471 -13.653 -3.586 .241 -14.033 -3.469 2.296 -11.813
5 24 -11.622 -.636 -9.851 -10.536 -.779 -11.914 -11.635 -1.952 -11.046 -10.678 -.144 -10.954
5 24 -16.958 -2.978 -1.927 -17.086 -2.173 -2.908 -17.188 -2.213 -1.409 -16.991 -2.68 -2.82
5 24 -8.596 -11.023 -8.76 -8.023 -10.673 -9.157 -7.76 -11.172 -9.065 -8.502 -10.22 -9.103
5 24 -6.698 5.26 18.958 -2.825 4.61 19.157 -3.159 3.765 19.219 -2.901 5.437 18.953
5 24 -8.039 6.8 17 -8.322 5.886 17.365 -7.071 5.906 17.166 -9.314 6.844 16.931
5 24 13.567 2.416 -8.285 14.853 2.409 -7.556 12.969 1.007 -8.253 14.091 3.021 -8.171
5 24 15.531 6.115 2.301 15.656 5.126 3.606 15.879 5.184 2.573 15.276 6.327 4.001
5 24 -15.472 .412 9.379 -15.035 -.091 11.718 -15.002 1.645 11.485 -14.429 -1.45 11.761
5 24 -8.637 -11.162 -7.876 -8.596 -11.023 -8.76 -9.129 -10.618 -7.824 -8.049 -11.459 -8.053
5 24 6.351 3.627 18.267 7.035 2.429 17.795 4.766 2.038 19.022 7.141 2.959 17.475
5 24 -9.129 -10.618 -7.824 -8.637 -11.162 -7.876 -8.596 -11.023 -8.76 -8.243 -11.292 -7.026
5 24 -7.447 -11.644 -4.751 -9.025 -10.99 -4.338 -6.681 -11.579 -3.668 -8.599 -11.262 -5.474
5 24 15.451 5.212 -3.775 15.396 6.585 -4.017 15.298 6.398 -5.155 15.469 7.568 -1.961
5 24 .868 -5.074 -16.073 1.101 -3.195 -15.308 .588 -3.619 -15.241 2.265 -5.033 -16.228
5 24 -9.835 -6.604 -12.125 -10.697 -5.83 -12.472 -11.478 -6.745 -11.533 -9.835 -5.318 -12.279
5 24 -.967 17.298 16.028 .509 17.857 15.552 .108 16.709 16.344 -.629 18.518 15.458
5 24 9.019 13.595 13.818 8.034 13.087 14.149 9.404 11.105 13.858 7.469 14.175 14.091
5 24 2.798 -9.997 8.153 .98 -11.163 8.017 2.188 -10.228 9.041 1.626 -10.755 7.138
5 24 -2.948 -10.516 8.409 -2.783 -10.365 9.224 -4.163 -10.532 9.08 -2.024 -10.446 7.996
5 24 11.527 -1.038 15.195 11.619 .744 15.839 12.414 -.561 14.034 11.063 -1.15 15.657
5 24 1.211 -10.802 6.503 .861 -10.352 5.287 2.1 -10.23 6.201 -.309 -11.34 7.095
5 24 14.152 -3.072 -8.613 12.186 -2.241 -10.133 12.954 -3.871 -10.28 13.224 -1.708 -8.881
5 24 -9.367 -.659 -11.885 -8.386 .418 -12.198 -7.912 .269 -12.488 -8.828 .665 -11.624
5 24 -1.275 -10.07 12.633 -1.226 -10.785 10.968 -.382 -10.839 12.439 -1.823 -10.228 11.291
5 24 12.59 2.166 14.638 12.72 3.72 12.589 11.466 3.694 14.899 13.093 2.966 12.147
5 24 12.929 -5.457 11.431 11.933 -6.197 11.231 12.523 -5.86 10.794 12.173 -5.908 12.045
5 24 6.177 -8.976 7.023 5.018 -10.188 7.337 5.638 -10.214 6.773 5.556 -8.782 7.73
5 24 8.438 9.299 15.286 6.953 9.949 15.27 7.447 8.957 15.595 8.47 11.195 14.174
5 24 5.019 -5.148 16.24 6.282 -5.825 15.789 5.531 -4.348 17.281 5.917 -6.076 15.57
5 24 -17.125 -1.303 3.864 -17.336 .261 3.106 -17.07 .419 4.918 -17.319 -1.283 2.831
5 24 -5.113 11.116 16.347 -4.572 12.442 16.524 -3.676 12.215 17.197 -5.21 12.462 15.322
5 24 -2.901 5.437 18.953 -6.698 5.26 18.958 -6.299 6.331 18.532 -2.825 4.61 19.157
5 24 4.761 -1.267 -14.44 5.311 -.705 -13.327 3.268 -.355 -14.114 5.442 -1.204 -13.509
5 24 -6.095 -12.207 1.793 -5.851 -12.154 .907 -5.568 -12.186 1.065 -6.596 -11.83 1.306
5 24 1.949 -11.98 1.046 1.932 -12.28 1.796 2.692 -11.749 .97 .465 -12.159 2.551
5 24 -5.05 -4.256 -15.615 -3.15 -4.19 -16.463 -4.855 -3.461 -16.042 -3.248 -5.084 -15.959
5 24 -15.002 1.645 11.485 -15.035 -.091 11.718 -15.472 .412 9.379 -14.801 1.155 12.155
5 24 -12.182 1.672 -8.498 -13.521 .882 -8.928 -13.956 1.548 -7.879 -11.753 1.23 -8.841
5 24 2.173 4.095 19.075 2.383 5.163 18.919 1.689 4.015 19.097 3.099 5.136 19.377
5 24 -6.341 -9.587 -12.379 -7.132 -10.559 -11.867 -7.221 -9.312 -12.599 -5.81 -10.344 -11.722
5 24 9.599 -1.386 17.053 10.151 -.753 17.325 9.123 -1.23 17.38 10.195 -1.409 16.526
5 24 1.202 -10.767 9.021 .101 -11.101 8.56 .371 -10.718 9.674 .98 -11.163 8.017
5 24 12.652 .756 -9.647 12.969 1.007 -8.253 12.598 1.455 -8.476 13.362 -.507 -9.116
5 24 -2.311 -11.513 -12.24 -1.41 -11.742 -12.788 -.955 -12.671 -12.674 -1.622 -11.456 -12.861
5 24 13.645 10.117 8.7 13.287 12.689 7.003 14.139 10.573 6.14 12.954 12.294 8.516
5 24 -3.181 -13.5 -5.145 -1.95 -12.943 -7.065 -4.177 -13.658 -6.37 -2.239 -13.033 -5.089
5 24 -7.884 -11.344 -1.974 -6.944 -11.351 -2.022 -7.694 -11.535 -1.47 -7.17 -11.156 -2.74
5 24 3.73 -9.172 11.97 5.64 -9.261 11.584 4.446 -10.434 11.413 4.528 -8.625 12.251
5 24 5.207 17.796 14.461 3.869 18.756 14.518 3.825 18.102 14.977 5.421 18.591 14.058
5 24 -2.254 -8.918 14.099 -1.83 -9.153 12.929 -2.827 -9.426 13.345 -1.274 -8.412 14.047
5 24 -.855 -10.788 5.355 -.309 -11.34 7.095 -1.315 -10.828 5.601 .861 -10.352 5.287
5 24 .563 -13.23 -2.441 .868 -13.251 -2.922 -.308 -13.56 -3.224 1.735 -12.135 -1.97
5 24 -15.105 8.773 -3.932 -15.468 7.646 -3.526 -15.338 7.32 -4.747 -15.257 8.883 -3.23
5 24 -2.781 -11.049 1.515 -2.855 -11.844 .833 -1.669 -12.049 1.482 -3.846 -10.888 .785
5 24 -13.105 -8.032 -3.084 -13.612 -7.693 -2.669 -13.231 -7.06 -4.057 -12.809 -8.425 -2.358
5 24 -6.341 -9.587 -12.379 -5.969 -8.777 -13.9 -7 -8.82 -13.759 -6.004 -9.683 -12.33
5 24 -11.652 10.328 13.401 -11.029 9.58 13.677 -12.213 10.128 12.665 -9.655 11.288 13.441
5 24 8.503 -5.166 15.95 6.282 -5.825 15.789 7.368 -4.299 17.862 8.379 -5.459 14.713
5 24 10.732 -7.173 5.431 11.183 -7.602 7.859 9.748 -8.489 5.832 11.672 -6.509 6.098
5 24 8.62 -10.145 -10.411 9.316 -9.685 -10.842 9.608 -9.952 -10.041 7.616 -9.951 -10.873
5 24 2.401 -3.735 19.108 1.241 -3.837 18.558 2.17 -4.188 18.759 1.582 -2.801 18.964
5 24 12.969 1.007 -8.253 14.853 2.409 -7.556 13.567 2.416 -8.285 14.549 .822 -7.253
5 24 6.325 -11.187 -10.897 7.024 -12.056 -10.087 7 -10.884 -10.789 5.559 -12.192 -10.132
5 24 -17.233 -.748 -1.934 -16.542 -.532 -3.327 -17.176 -.893 -2.569 -16.324 .456 -2.74
5 24 3.452 9.963 17.539 3.688 8.907 17.759 4.287 9.027 16.389 3.399 9.182 18.288
5 24 -8.112 13.127 14.88 -8.801 14.417 13.921 -9.095 13.965 13.874 -7.942 15.261 13.855
5 24 -6.855 -11.033 -9.49 -7.592 -10.351 -9.664 -8.023 -10.673 -9.157 -6.682 -10.886 -9.907
5 24 -2.953 -11.007 1.974 -1.889 -11.446 2.429 -2.278 -11.787 2.75 -1.81 -11.461 1.952
5 24 -11.207 -7.911 -8.3 -11.343 -8.315 -9.333 -11.633 -7.673 -8.997 -10.651 -8.957 -8.805
5 24 14.091 -5.959 5.61 15.597 -4.802 5.527 14.919 -5.491 6.66 14.841 -5.777 4.214
5 24 -12.175 3.048 14.305 -11.218 3.778 14.477 -10.774 2.283 14.797 -12.911 3.545 14.094
5 24 -5.84 -1.979 -14.465 -6.408 -2.358 -14.455 -5.382 -3.322 -14.663 -6.79 -1.547 -13.687
5 24 -8.774 -6.774 -12.493 -9.111 -6.687 -12.131 -8.723 -7.456 -12.071 -9.227 -5.939 -12.156
5 24 10.76 10.577 12.328 10.232 9.822 14.065 11.476 9.347 11.83 10.062 11.046 13.551
5 24 9.55 7.635 14.746 9.948 6.763 15.41 9.102 7.485 15.249 10.291 6.681 15.11
5 24 -1.802 -12.13 -11.133 -3.252 -13.23 -11.232 -3.534 -12.492 -11.861 -2.324 -12.93 -10.468
5 24 9.285 -.336 -11.755 10.481 .421 -10.693 10.848 -.324 -11.029 9.231 .637 -11.236
5 24 -5.643 -6.729 16.225 -4.308 -6.48 16.125 -4.523 -5.927 16.345 -4.981 -7.148 15.779
5 24 13.824 6.013 10.333 13.335 7.618 10.165 13.973 6.207 8.711 13.689 6.362 11.555
5 24 -5.21 12.462 15.322 -5.113 11.116 16.347 -5.552 11.573 15.339 -4.572 12.442 16.524
5 24 -3.215 -2.093 -15.747 -2.254 -3.33 -15.884 -1.321 -2.512 -14.811 -2.7 -3.554 -16.269
5 24 -6.154 -11.382 -9.273 -5.946 -12.167 -10.363 -5.571 -12.303 -9.531 -6.682 -10.886 -9.907
5 24 -6.69 -2.875 -14.439 -8.036 -2.713 -13.483 -6.763 -3.657 -14.479 -6.79 -1.547 -13.687
5 24 16.265 5.432 1.447 15.879 5.184 2.573 16.616 4.036 2.054 15.531 6.115 2.301
5 24 -.606 -10.583 9.481 .101 -11.101 8.56 -2.024 -10.446 7.996 .371 -10.718 9.674
5 24 3.73 -9.172 11.97 3.197 -9.461 13.242 4.528 -8.625 12.251 2.277 -9.676 12.698
5 24 -13.608 -7.306 -6.392 -12.901 -6.925 -7.237 -13.217 -7.903 -6.528 -13.73 -6.709 -6.424
5 24 14.466 2.848 11.53 14.03 3.833 10.291 13.093 2.966 12.147 14.777 3.364 10.169
5 24 -5.382 -3.322 -14.663 -4.737 -2.382 -15.276 -4.855 -3.461 -16.042 -4.968 -1.877 -14.58
5 24 -13.27 7.477 11.543 -11.95 6.305 13.413 -12.592 7.42 12.817 -13.161 6.054 12.036
5 24 6.325 -9.433 -12.812 4.922 -10.58 -13.319 5.867 -9.03 -13.075 6.626 -10.368 -12.363
5 24 -5.608 2.379 17.99 -4.878 1.458 19.296 -6.072 1.176 18.502 -4.318 3.028 18.736
5 24 16.459 -1.614 -3.95 15.676 -.056 -4.303 15.491 -2.202 -5.75 16.892 -.552 -2.865
5 24 -16.658 -4.027 -1.126 -16.484 -4.578 -.472 -16.836 -3.188 .382 -16.471 -4.735 -.998
5 24 3.142 -7.277 -14.611 2.955 -6.608 -15.46 3.669 -6.657 -14.861 2.141 -6.933 -15.3
5 24 -12.809 -8.425 -2.358 -12.219 -8.619 -2.483 -12.365 -8.629 -1.969 -12.505 -8.433 -2.993
5 24 3.538 -13.209 -4.205 2.886 -12.119 -5.388 2.834 -12.544 -3.891 4.196 -13.032 -5.155
5 24 13.291 -6.176 6.749 11.763 -6.086 7.834 13.262 -4.755 8.204 11.835 -6.445 6.897
5 24 -10.228 -8.696 -6.332 -11.47 -7.939 -7.621 -10.676 -8.139 -7.671 -11.226 -8.813 -5.94
5 24 5.616 -10.725 4.113 7.139 -9.503 4.451 7.068 -9.656 3.83 5.599 -10.789 5.606
5 24 16.101 2.38 -3.156 16.395 1.645 -.768 16.292 .907 -1.284 16.09 3.451 -2.842
5 24 -15.526 -3.425 -6.172 -15.009 -4.664 -6.957 -15.341 -3.018 -6.659 -15.505 -3.718 -5.581
5 24 -13.242 13.3 7.337 -11.962 13.414 5.947 -14.346 10.906 6.311 -11.152 15.629 7.352
5 24 -14.013 -1.396 12.65 -14.429 -1.45 11.761 -13.429 -2.121 12.042 -14.45 -.167 12.664
5 24 11.012 .445 16.161 10.777 -1.397 15.964 10.248 .896 17.009 11.063 -1.15 15.657
5 24 -9.223 -10.065 -6.73 -9.908 -8.575 -6.908 -9.908 -9.332 -8.276 -9.223 -10.001 -6.384
5 24 13.786 9.264 -6.692 15.255 7.546 -4.578 14.911 10.547 -2.628 15.111 7.36 -5.581
5 24 9.567 -9.226 -4.5 8.784 -10.356 -4.144 8.679 -10.579 -5.325 9.491 -9.03 -3.545
5 24 -10.595 15.839 11.334 -10.341 14.993 12.762 -9.6 16.765 12.358 -10.616 14.339 12.382
5 24 -14.266 4.161 11.329 -13.641 5.956 11.038 -14.065 4.586 12.468 -13.984 5.526 10.131
5 24 -17.975 -1.09 1.544 -17.319 -1.283 2.831 -17.925 .212 1.653 -17.435 -2.774 1.552
5 24 -2.397 .11 19.735 -1.854 -.432 19.399 -2.547 -.783 19.435 -.806 .204 18.797
5 24 15.121 3.575 -7.236 14.853 2.409 -7.556 15.715 2.083 -5.875 14.538 3.554 -7.914
5 24 4.429 8.066 16.996 5.972 9.3 16.619 5.053 9.526 16.184 6.055 8.257 17.514
5 24 4.528 -8.625 12.251 3.94 -8.961 13.869 3.197 -9.461 13.242 5.382 -7.92 12.919
5 24 -10.09 -9.692 -.857 -9.149 -10.949 -.524 -9.685 -10.438 -1.603 -9.096 -10.381 .14
5 24 11.283 -7.83 -8.608 11.685 -9.222 -7.765 12.008 -8.342 -7.694 10.868 -8.536 -8.986
5 24 -12.761 -8.233 .192 -12.588 -8.288 2.325 -13.678 -7.607 .611 -11.696 -8.662 1.989
5 24 -7.7 11.772 15.254 -8.932 11.086 14.799 -7.505 10.914 15.306 -8.916 12.05 14.737
5 24 12.905 -6.91 -8.306 13.364 -7.004 -7.357 12.792 -8.016 -7.218 13.48 -6.452 -7.832
2 24 1.086 17.393 15.381 1.664 17.844 15.272
5 24 -13.027 -3.975 10.962 -14.557 -1.741 10.059 -12.883 -3.833 11.207 -14.875 -3.296 9.197
5 24 -10.824 -4.729 -12.344 -10.701 -4.031 -12.111 -10.984 -3.694 -11.758 -10.485 -4.446 -12.375
5 24 -8.531 -8.294 9.068 -7.379 -8.014 9.533 -7.467 -8.066 8.78 -8.677 -8.337 10.074
5 24 -9.348 -2.064 -12.925 -8.036 -2.713 -13.483 -8.366 -1.876 -12.661 -9.075 -3.47 -13.857
5 24 6.958 -10.856 -11.208 7.602 -10.112 -10.69 7.616 -9.951 -10.873 7 -10.884 -10.789
5 24 12.72 3.72 12.589 13.126 6.529 12.371 11.389 6.002 13.16 13.093 2.966 12.147
5 24 5.914 -10.392 6.26 4.55 -10.632 7.267 5.599 -10.789 5.606 5.638 -10.214 6.773
5 24 -.652 -11.404 3.403 -.186 -11.531 3.267 -.515 -11.133 4.166 -.874 -10.856 2.271
5 24 -8.167 -10.169 .687 -7.865 -9.873 1.326 -9.105 -9.529 1.041 -7.36 -10.564 .667
5 24 -12.523 -.883 -9.733 -12.889 -2.982 -10.475 -13.105 -3.112 -10.292 -12.705 -2.827 -10.581
5 24 -15.124 7.379 -.772 -15.377 6.787 .015 -13.318 7.166 .45 -16.15 6.31 -.704
5 24 -2.038 8.518 18.827 -2.667 6.418 18.202 -.132 8.113 17.959 -3.729 7.381 18.071
5 24 -3.274 -5.907 -15.388 -1.628 -6.603 -15.506 -2.318 -5.562 -14.958 -2.996 -7.113 -16.061
5 24 9.123 -1.23 17.38 9.469 -.374 18.416 8.194 -1.2 17.795 10.151 -.753 17.325
5 24 -13.199 -6.78 6.845 -13.052 -7.254 5.713 -11.601 -7.382 6.467 -13.894 -6.099 6.845
5 24 -14.266 -5.738 -5.059 -13.86 -6.53 -4.749 -13.884 -6.072 -4.177 -13.974 -6.405 -5.667
5 24 16.896 -1.54 5.577 16.694 -1.418 6.953 16.742 -1.762 6.667 17.007 -.235 4.968
5 24 -5.858 -8.236 14.341 -7.323 -7.742 14.535 -7.073 -8.104 13.656 -5.981 -8.045 14.908
5 24 4.262 -12.815 -.789 3.067 -12.61 -.046 2.479 -12.677 -.676 3.978 -12.447 .273
5 24 -10.616 14.339 12.382 -10.341 14.993 12.762 -10.338 12.853 12.708 -10.595 15.839 11.334
5 24 -9.348 -2.064 -12.925 -8.913 -1.374 -12.403 -8.366 -1.876 -12.661 -10.085 -1.426 -12.624
5 24 -10.6 1.131 -9.501 -9.538 .815 -10.187 -10.559 .273 -10.221 -9.529 1.446 -9.812
5 24 10.887 -1.59 -12.063 11.558 -2.653 -11.746 10.664 -2.491 -12.263 11.539 -.875 -11.198
5 24 -12.923 4.476 -8.337 -10.401 3.726 -7.785 -12.726 2.959 -8.331 -10.396 5.188 -7.85
5 24 .142 -7.705 16.101 .889 -7.627 15.281 -.345 -8.103 15.296 1.244 -7.183 15.988
5 24 12.387 14.355 7.969 11.341 14.596 7.097 11.937 13.299 6.186 10.551 16.692 8.277
5 24 -11.226 -8.813 -5.94 -10.228 -8.696 -6.332 -10.689 -8.938 -5.711 -12.039 -8.178 -7.062
5 24 -4.86 -11.366 .378 -4.34 -11.027 1.13 -5.28 -12.157 1.422 -3.846 -10.888 .785
5 24 -15.009 -4.664 -6.957 -13.867 -5.737 -6.619 -14.094 -4.526 -8.382 -14.23 -5.246 -5.952
5 24 17.602 .607 .318 17.261 1.678 .658 16.962 1.156 -.302 18.033 .503 1.155
5 24 -13.721 1.834 12.403 -13.3 .342 13.347 -14.801 1.155 12.155 -12.704 1.318 13.279
5 24 -15.472 .412 9.379 -16.104 -2.495 7.912 -15.726 .869 7.392 -14.557 -1.741 10.059
5 24 -2.728 16.21 15.724 -1.343 15.342 16.584 -.967 17.298 16.028 -2.746 14.722 15.728
5 24 .333 -13.577 -6.014 .403 -13.799 -6.842 1.198 -13.793 -5.95 -.577 -13.006 -6.456
5 24 -4.968 -1.877 -14.58 -5.382 -3.322 -14.663 -5.84 -1.979 -14.465 -4.737 -2.382 -15.276
5 24 2.401 -3.735 19.108 2.899 -4.29 19.399 2.501 -4.636 18.802 3.123 -3.153 19.834
5 24 14.022 6.222 -7.225 15.053 6.314 -6.269 14.993 5.049 -6.353 12.911 6.567 -8.137
5 24 4.55 -10.632 7.267 5.599 -10.789 5.606 5.914 -10.392 6.26 3.859 -10.899 6.66
5 24 -9.835 -5.318 -12.279 -9.338 -4.404 -13.439 -10.485 -4.446 -12.375 -8.683 -5.548 -12.994
5 24 10.6 -9.149 4.452 9.835 -9.797 4.437 10.581 -9.43 3.785 10.376 -8.904 4.997
5 24 8.47 11.195 14.174 8.438 9.299 15.286 10.232 9.822 14.065 6.953 9.949 15.27
5 24 5.531 -4.348 17.281 5.086 -4.43 17.644 5.019 -5.148 16.24 5.709 -3.327 17.852
5 24 13.696 -7.348 3.735 12.655 -7.694 3.699 13.58 -7.373 3.063 12.744 -7.456 4.424
5 24 13.126 6.529 12.371 13.78 5.194 11.61 12.72 3.72 12.589 13.689 6.362 11.555
5 24 -2.827 -9.426 13.345 -4.358 -9.312 12.663 -3.634 -8.701 14.449 -3.224 -9.622 12.196
5 24 7.439 -.705 18.943 4.979 .141 18.53 5.505 1.162 18.538 5.082 -.622 18.301
5 24 -6.276 -11.368 -7.581 -7.093 -11.474 -8.381 -5.233 -11.17 -8.507 -6.982 -11.595 -7.441
5 24 9.298 -3.287 -13.334 9.839 -3.425 -12.072 9.435 -2.418 -12.398 9.59 -4.133 -12.504
5 24 9.948 6.763 15.41 9.55 6.755 15.739 9.102 7.485 15.249 9.766 6.172 15.904
5 24 -9.597 -10.513 -5.331 -9.025 -10.99 -4.338 -10.132 -9.707 -4.474 -8.599 -11.262 -5.474
5 24 12.286 -5.41 12.722 12.929 -5.457 11.431 12.552 -4.019 12.927 12.173 -5.908 12.045
5 24 10.581 -9.43 3.785 9.835 -9.797 4.437 10.058 -9.894 3.616 10.6 -9.149 4.452
5 24 14.689 8.615 5.632 13.366 8.629 8.469 13.549 7.686 8.336 14.139 10.573 6.14
5 24 5.782 -12.171 -.467 6.359 -11.072 -.036 5.156 -11.765 .851 6.578 -11.164 -.839
5 24 -1.084 -5.448 -16.026 -2.318 -5.562 -14.958 -2.187 -4.706 -15.586 -1.628 -6.603 -15.506
5 24 9.05 2.997 16.43 9.431 4.337 16.411 9.238 3.079 16.242 8.709 3.002 16.627
5 24 -5.231 -12.712 -9.58 -5.233 -11.17 -8.507 -4.615 -13.004 -9.518 -5.571 -12.303 -9.531
5 24 -12.726 2.959 -8.331 -14.543 3.206 -7.452 -13.956 1.548 -7.879 -13.917 3.929 -7.705
5 24 -13.452 4.979 -7.988 -14.347 5.157 -6.83 -14.285 5.475 -6.88 -13.917 3.929 -7.705
5 24 -13.318 7.166 .45 -15.124 7.379 -.772 -13.364 7.677 -.477 -15.377 6.787 .015
5 24 7.993 -11.181 -4.178 8.784 -10.356 -4.144 8.679 -10.579 -5.325 8.439 -10.263 -2.907
5 24 -15.035 -.091 11.718 -14.429 -1.45 11.761 -15.472 .412 9.379 -14.45 -.167 12.664
5 24 -5.81 -10.344 -11.722 -5.605 -10.055 -12.384 -6.004 -9.683 -12.33 -5.25 -10.983 -11.896
5 24 -12.492 -1.525 15.537 -11.755 -.983 16.853 -11.632 -1.934 16.488 -12.301 -.354 16.14
5 24 13.696 -7.348 3.735 13.718 -7.101 4.358 14.371 -6.846 3.827 12.744 -7.456 4.424
5 24 -12.829 -8.116 -5.116 -13.608 -7.306 -6.392 -13.217 -7.903 -6.528 -13.462 -7.236 -4.759
2 24 17.688 -1.539 .268 17.103 -2.762 .404
5 24 1.465 -10.201 -13.956 .862 -11.591 -13.751 .521 -10.456 -13.865 2.026 -10.842 -13.171
5 24 3.578 2.917 19.179 3.398 4.129 19.759 4.216 3.481 19.758 2.695 3.793 19.366
5 24 6.147 -2.069 -13.454 6.177 -2.684 -13.85 5.711 -2.395 -13.576 7.135 -1.731 -13.507
5 24 -13.678 -7.607 .611 -12.588 -8.288 2.325 -13.573 -7.432 2.735 -12.761 -8.233 .192
5 24 -10.989 5.444 15.795 -11.637 4.866 14.027 -11.688 5.4 13.496 -11.218 3.778 14.477
5 24 11.539 -.875 -11.198 10.887 -1.59 -12.063 11.701 -2.057 -11.419 10.848 -.324 -11.029
5 24 -5.433 -11.94 -6.953 -4.276 -12.471 -7.846 -5.729 -11.4 -7.362 -4.177 -13.658 -6.37
5 24 -5.226 -8.166 14.178 -3.634 -8.701 14.449 -4.734 -7.53 15.034 -5.406 -8.464 13.419
5 24 -5.643 -6.729 16.225 -4.981 -7.148 15.779 -5.609 -7.478 15.713 -4.308 -6.48 16.125
5 24 9.404 11.105 13.858 9.019 13.595 13.818 10.281 12.973 13.563 8.034 13.087 14.149
5 24 8.743 -9.822 4.95 7.229 -9.251 4.974 7.139 -9.503 4.451 7.452 -8.905 5.378
5 24 -10.6 1.131 -9.501 -10.342 2.57 -7.922 -11.753 1.23 -8.841 -9.164 2.207 -8.962
5 24 -10.559 .273 -10.221 -9.538 .815 -10.187 -9.933 .3 -10.304 -10.6 1.131 -9.501
5 24 -4.864 -10.116 7.437 -4.163 -10.532 9.08 -5.071 -10.378 9.28 -3.893 -10.159 6.94
5 24 13.362 -.507 -9.116 12.38 .002 -10.637 13.224 -1.708 -8.881 12.652 .756 -9.647
5 24 -3.778 -10.269 9.926 -3.888 -9.395 10.998 -2.717 -9.234 10.706 -4.81 -10.071 10.472
5 24 -13.668 8.722 8.738 -13.93 10.206 8.265 -14.276 8.971 7.494 -13.088 8.884 9.466
5 24 -5.47 -11.269 6.593 -7.01 -10.906 5.802 -5.445 -11.577 5.883 -5.651 -10.896 6.948
5 24 13.087 -5.44 -8.894 13.703 -4.252 -9.4 13.968 -4.746 -7.737 12.46 -4.358 -10.26
5 24 -13.364 7.677 -.477 -14.993 8.108 -1.327 -13.276 8.529 -1.184 -15.124 7.379 -.772
5 24 -13.27 7.477 11.543 -12.119 8.783 12.027 -12.55 7.942 12.458 -12.479 9.03 10.335
5 24 .221 3.256 19.79 .634 3.755 19.84 1.093 3.215 19.419 -.709 3.367 19.823
5 24 -14.347 5.157 -6.83 -13.917 3.929 -7.705 -13.452 4.979 -7.988 -14.516 4.868 -6.624
5 24 6.351 3.627 18.267 7.086 3.977 16.871 7.141 2.959 17.475 6.681 5.055 17.003
5 24 -9.76 -10.777 4.104 -9.297 -10.824 3.665 -8.136 -9.926 4.857 -10.515 -10.342 3.117
5 24 -8.631 -11.057 -2.232 -9.685 -10.438 -1.603 -9.506 -10.409 -2.143 -8.525 -11.368 -1.64
5 24 -4.342 17.285 15.234 -2.728 16.21 15.724 -4.524 15.773 15.592 -2.643 17.16 15.139
5 24 12.086 -7.973 1.641 11.809 -8.677 1.116 12.75 -7.801 1.212 10.776 -8.705 1.29
5 24 13.087 -5.44 -8.894 12.905 -6.91 -8.306 13.48 -6.452 -7.832 11.645 -6.072 -9.437
5 24 -10.228 -8.696 -6.332 -9.223 -10.001 -6.384 -9.908 -8.575 -6.908 -10.08 -9.905 -5.315
5 24 -1.576 -13.126 .871 -1.252 -13.431 -.195 -2.907 -12.78 .113 -.6 -12.25 1.178
5 24 1.244 -7.183 15.988 .31 -7.195 16.817 1.195 -6.606 16.288 .142 -7.705 16.101
5 24 -7.206 -5.749 16.309 -7.765 -4.853 17.612 -6.432 -5.334 17.732 -9.306 -3.914 15.688
5 24 -13.051 5.026 13.427 -11.688 5.4 13.496 -11.637 4.866 14.027 -12.505 5.895 12.86
5 24 8.687 -9.093 -1.84 9.491 -9.03 -3.545 8.439 -10.263 -2.907 9.374 -8.577 -2.483
5 24 -8.932 11.086 14.799 -11.029 9.58 13.677 -9.655 11.288 13.441 -10.471 8.609 15.228
5 24 -5.28 -12.157 1.422 -4.34 -11.027 1.13 -4.805 -11.145 2.42 -4.86 -11.366 .378
5 24 6.956 -7.775 14.062 8.788 -7.926 13.742 7.186 -6.868 14.434 8.736 -8.627 12.467
5 24 -11.162 -1.853 16.783 -11.632 -1.934 16.488 -11.755 -.983 16.853 -10.993 -2.551 15.879
5 24 -11.633 -7.673 -8.997 -13.02 -6.419 -8.443 -12.225 -7.529 -7.482 -11.696 -7.176 -9.714
5 24 -10.651 -8.957 -8.805 -11.363 -8.438 -10.125 -11.343 -8.315 -9.333 -11.141 -8.689 -10.739
5 24 -7.559 -6.801 -14.134 -6.73 -7.371 -14.357 -8.108 -8.195 -13.366 -6.851 -6.564 -14.384
5 24 2.646 -.837 19.239 1.882 -.047 19.77 2.467 .401 19.759 2.161 -1.041 19.181
5 24 -15.647 -4.584 2.629 -15.061 -4.447 1.344 -14.822 -4.839 2.106 -16.302 -4.285 2.682
5 24 -13.937 -.365 -9.027 -14.579 -.481 -7.869 -13.815 -1.515 -8.581 -13.521 .882 -8.928
5 24 10.984 -6.424 11.378 11.933 -6.197 11.231 10.126 -6.49 10.271 11.271 -6.394 11.746
5 24 -9.025 -10.99 -4.338 -7.17 -11.156 -2.74 -7.447 -11.644 -4.751 -8.867 -10.526 -2.927
5 24 -6.967 -10.832 .158 -8.205 -10.983 .252 -8.111 -11.478 -.437 -7.36 -10.564 .667
5 24 6.325 -9.433 -12.812 5.867 -9.03 -13.075 4.922 -10.58 -13.319 6.34 -8.366 -12.81
5 24 2.167 -.201 -13.651 3.151 -.794 -14.828 3.268 -.355 -14.114 3.048 -3 -15.2
5 24 -9.297 -10.824 3.665 -9.231 -10.748 3.203 -9.76 -10.777 4.104 -7.799 -10.069 4.241
5 24 -13.137 -4.707 -8.901 -14.094 -4.526 -8.382 -13.236 -5.136 -8.526 -14.054 -3.25 -8.651
5 24 -12.168 -6.19 8.73 -10.697 -6.625 9.09 -11.099 -6.339 9.884 -11.782 -6.351 7.912
5 24 -5.574 -2.156 18.756 -5.102 -3.214 18.559 -6.336 -3 18.918 -4.431 -2.532 18.32
5 24 -2.734 -12.033 3.658 -2.517 -11.976 4.095 -2.184 -12.076 3.858 -2.95 -11.517 4.394
5 24 -6.78 -5.2 -15.174 -6.851 -6.564 -14.384 -7.821 -6.28 -14.026 -5.405 -6.646 -14.494
5 24 -15.981 2.8 -3.698 -15.777 1.284 -4.638 -15.779 2.844 -4.788 -15.893 1.336 -3.562
5 24 -17.07 .419 4.918 -16.993 -1.359 4.939 -17.125 -1.303 3.864 -16.895 .157 6.079
5 24 .333 -13.577 -6.014 1.056 -12.651 -4.802 1.198 -13.793 -5.95 -.392 -12.757 -5.246
5 24 -9.025 -10.99 -4.338 -10.132 -9.707 -4.474 -9.597 -10.513 -5.331 -8.867 -10.526 -2.927
5 24 2.479 -12.677 -.676 1.933 -12.272 -.728 2.703 -12.615 -1.822 3.067 -12.61 -.046
5 24 2.135 16.59 16.115 1.664 17.844 15.272 1.086 17.393 15.381 2.731 17.08 15.965
5 24 -11.162 -1.853 16.783 -9.248 -1.907 16.677 -10.993 -2.551 15.879 -10.6 -1.18 17.207
5 24 -7.407 4.286 17.538 -7.889 2.19 19.004 -8.648 3.192 18.335 -6.836 3.404 17.791
5 24 7.033 -5.21 -14.129 7.397 -3.824 -14.178 6.318 -5.199 -14.355 7.487 -4.624 -13.798
5 24 3.123 8.213 18.839 3.664 7.372 18.169 3.688 8.907 17.759 3.159 6.841 18.49
5 24 .31 -7.195 16.817 1.195 -6.606 16.288 1.244 -7.183 15.988 -.745 -6.025 17.842
5 24 1.711 -10.135 10.2 1.202 -10.767 9.021 .371 -10.718 9.674 1.955 -10.287 9.599
5 24 8.483 -11.327 -9.46 7.85 -11.635 -10.007 8.061 -11.776 -8.124 8.352 -11.299 -9.771
5 24 -1.433 -9.921 -14.172 -.01 -10.039 -14.823 -.732 -10.336 -13.291 -.025 -9.195 -15.537
5 24 3.832 -6.917 -14.658 5.215 -7.768 -14.621 4.57 -6.096 -14.2 4.022 -8.567 -14.954
5 24 3.664 7.372 18.169 4.411 7.028 17.558 4.429 8.066 16.996 3.792 6.931 18.172
5 24 3.561 -5.087 18.188 2.148 -5.078 17.985 2.929 -5.791 16.92 2.501 -4.636 18.802
5 24 -8.352 7.398 16.179 -9.314 6.844 16.931 -9.245 7.357 16.3 -8.039 6.8 17
5 24 -13.231 -7.06 -4.057 -14.478 -6.108 -1.319 -14.279 -5.752 -3.559 -13.612 -7.693 -2.669
5 24 -16.063 -4.918 -.103 -14.701 -5.507 .238 -15.467 -5.589 -.877 -15.061 -4.447 1.344
5 24 -13.317 11.26 8.796 -14.346 10.906 6.311 -13.242 13.3 7.337 -13.93 10.206 8.265
5 24 4.281 -12.337 -2.51 5.524 -12.361 -1.215 5.353 -11.364 -3.084 4.262 -12.815 -.789
5 24 10.208 -6.057 12.883 10.84 -5.611 13.46 9.921 -5.582 13.665 11.31 -5.808 13.167
5 24 1.182 .18 19.798 .683 -.91 19.239 .857 .746 19.838 1.882 -.047 19.77
5 24 -5.893 18.821 11.915 -5.845 18.624 14.016 -7.295 18.37 13.354 -4.027 18.932 12.598
5 24 -9.912 -10.29 2.337 -10.865 -8.757 1.476 -9.105 -9.529 1.041 -10.515 -10.342 3.117
5 24 7.397 -3.824 -14.178 5.38 -4.411 -15.012 6.243 -3.21 -14.657 6.318 -5.199 -14.355
5 24 8.352 -11.299 -9.771 7.85 -11.635 -10.007 8.483 -11.327 -9.46 8.397 -10.321 -10.196
5 24 -6.763 -3.657 -14.479 -6.69 -2.875 -14.439 -7.66 -3.752 -13.863 -5.382 -3.322 -14.663
5 24 -13.86 -6.53 -4.749 -13.884 -6.072 -4.177 -14.266 -5.738 -5.059 -13.231 -7.06 -4.057
5 24 15.276 6.327 4.001 15.531 6.115 2.301 15.656 5.126 3.606 15.12 6.775 3.805
5 24 13.385 7.419 .507 15.531 6.115 2.301 13.134 7.401 2.511 15.872 6.026 -.071
5 24 8.873 -10.134 4.324 7.068 -9.656 3.83 7.139 -9.503 4.451 7.998 -10.02 2.269
5 24 -.088 -12.326 -13.458 .521 -10.456 -13.865 -.732 -10.336 -13.291 .862 -11.591 -13.751
5 24 1.241 -3.837 18.558 1.172 -4.385 18.204 1.867 -4.705 18.305 .904 -4.174 18.306
5 24 -4.963 -12.857 -1.8 -5.914 -12.352 -1.813 -5.127 -12.514 -1.27 -5.863 -12.568 -2.329
5 24 15.353 -3.401 -6.151 15.391 -4.917 -5.304 15.74 -3.334 -5.69 13.942 -5.417 -5.807
5 24 -4.636 -7.687 -15.236 -5.292 -7.519 -14.56 -5.028 -8.402 -14.138 -5.288 -6.958 -14.475
5 24 9.761 -10.198 .866 8.168 -10.81 .97 8.739 -10.788 -.168 9.48 -10.139 1.597
5 24 -1.433 -9.921 -14.172 -2.954 -9.321 -14.613 -1.901 -9.059 -14.597 -2.62 -10.674 -14.234
5 24 -17.319 -1.283 2.831 -17.125 -1.303 3.864 -17.336 .261 3.106 -17.435 -2.774 1.552
5 24 5.28 6.479 18.009 5.872 7.19 18.016 4.429 8.066 16.996 6.384 6.925 17.913
5 24 -12.883 -3.833 11.207 -13.027 -3.975 10.962 -12.558 -4.519 11.21 -14.557 -1.741 10.059
5 24 -3.328 -10.413 5.471 -2.213 -11.266 5.061 -3.93 -10.675 4.857 -2.732 -9.972 5.978
5 24 4.55 -10.632 7.267 4.162 -10.093 8.202 5.018 -10.188 7.337 3.539 -10.204 8.126
5 24 -5.163 -12.478 -4.669 -5.926 -11.418 -5.087 -5.237 -12.796 -5.824 -5.241 -12.323 -4.426
5 24 2.034 -12.052 -3.718 .868 -13.251 -2.922 .884 -13.245 -3.444 2.261 -11.952 -2.737
5 24 -10.718 -3.634 15.783 -12.344 -4.266 13.852 -10.573 -4.937 15.365 -12.222 -3.046 14.566
5 24 -14.429 -1.45 11.761 -14.557 -1.741 10.059 -13.492 -2.251 11.329 -15.472 .412 9.379
5 24 -3.224 -9.622 12.196 -3.196 -9.481 11.633 -4.358 -9.312 12.663 -2.224 -9.523 11.726
5 24 3.664 7.372 18.169 4.429 8.066 16.996 3.688 8.907 17.759 4.411 7.028 17.558
5 24 -10.399 1.109 16.566 -11.948 1.204 15.204 -12.301 -.354 16.14 -10.774 2.283 14.797
5 24 -14.285 5.475 -6.88 -13.452 4.979 -7.988 -13.787 5.947 -7.553 -14.347 5.157 -6.83
5 24 16.65 -4.716 -.953 16.826 -4.46 -.415 14.659 -5.569 1.131 16.903 -2.442 -.953
5 24 7.901 16.941 13.626 6.99 18.449 13.381 8.78 18 12.22 5.207 17.796 14.461
5 24 -13.148 2.588 13.422 -11.814 1.877 14.1 -12.175 3.048 14.305 -12.704 1.318 13.279
5 24 -5.05 -4.256 -15.615 -4.727 -5.635 -14.889 -3.248 -5.084 -15.959 -5.389 -4.757 -15.147
5 24 9.435 -2.418 -12.398 10.177 -1.388 -12.086 10.664 -2.491 -12.263 8.738 -1.417 -12.188
5 24 -2.733 12.244 17.41 -1.342 11.546 16.878 -2.32 10.819 17.472 -1.382 12.955 16.547
5 24 .683 -.91 19.239 -1.249 -1.256 19.649 -.806 .204 18.797 -.314 -2.011 19.706
5 24 -6.78 -5.2 -15.174 -6.763 -3.657 -14.479 -5.627 -4.044 -14.571 -7.232 -4.564 -14.965
5 24 -7.559 -6.801 -14.134 -8.683 -5.548 -12.994 -7.821 -6.28 -14.026 -8.487 -7.297 -13.137
5 24 3.367 -11.994 -6.002 4.616 -12.423 -6.13 4.196 -13.032 -5.155 4.703 -12 -6.733
5 24 -1.91 -11.335 -13.014 -1.165 -11.033 -13.012 -1.622 -11.456 -12.861 -1.433 -9.921 -14.172
5 24 .31 -7.195 16.817 -.745 -6.025 17.842 1.195 -6.606 16.288 -1.101 -6.879 17.793
5 24 12.929 -5.457 11.431 12.173 -5.908 12.045 11.933 -6.197 11.231 12.286 -5.41 12.722
5 24 -5.568 -12.186 1.065 -6.095 -12.207 1.793 -5.28 -12.157 1.422 -5.851 -12.154 .907
5 24 10.84 -5.611 13.46 10.657 -4.87 13.977 11.401 -5.154 13.633 9.921 -5.582 13.665
5 24 13.215 1.253 12.517 13.868 1.986 12.049 13.093 2.966 12.147 13.181 .026 12.502
5 24 1.689 4.015 19.097 .634 3.755 19.84 .913 4.472 19.832 1.093 3.215 19.419
5 24 -16.014 -.205 -5.596 -16.204 .006 -4.723 -15.567 1.182 -5.604 -16.282 -2.338 -4.689
2 24 -16.231 -3.552 -2.889 -16.68 -3.399 -2.061
5 24 -4.963 -12.857 -1.8 -5.127 -12.514 -1.27 -5.914 -12.352 -1.813 -4.255 -12.802 -1.604
5 24 -13.994 -6.035 -.263 -14.596 -5.682 .543 -14.701 -5.507 .238 -14.366 -6.531 .756
5 24 1.605 -10.621 12.516 2.277 -9.676 12.698 2.163 -9.989 10.884 1.675 -9.094 13.568
5 24 -9.529 1.446 -9.812 -10.6 1.131 -9.501 -9.538 .815 -10.187 -9.164 2.207 -8.962
5 24 -11.156 -3.636 -11.361 -12.081 -4.833 -11.08 -10.824 -4.729 -12.344 -12.05 -4.139 -10.372
5 24 10.308 -7.889 9.136 8.47 -8.797 9.096 9.749 -7.046 10.148 9.36 -9.32 7.672
5 24 3.605 12.981 15.469 2.135 16.59 16.115 2.094 15.637 16.164 2.731 17.08 15.965
5 24 3.221 -10.552 10.698 2.163 -9.989 10.884 2.746 -9.469 11.573 2.305 -10.328 9.667
5 24 .115 -12.257 .201 .666 -11.738 -.945 -1.252 -13.431 -.195 .961 -11.37 .311
5 24 -5.605 -10.055 -12.384 -4.812 -8.757 -13.907 -6.004 -9.683 -12.33 -5.225 -10.426 -12.924
5 24 6.99 18.449 13.381 5.207 17.796 14.461 5.421 18.591 14.058 7.901 16.941 13.626
5 24 -6.812 -11.004 4.932 -8.136 -9.926 4.857 -7.799 -10.069 4.241 -7.01 -10.906 5.802
5 24 10.177 -1.388 -12.086 10.887 -1.59 -12.063 10.664 -2.491 -12.263 10.848 -.324 -11.029
5 24 3.6 -12.46 -2.465 2.834 -12.544 -3.891 3.015 -12.351 -2.595 3.538 -13.209 -4.205
5 24 2.265 -5.033 -16.228 2.546 -3.708 -16.096 3.375 -4.794 -16.277 1.101 -3.195 -15.308
5 24 -9.682 -8.323 11.195 -8.677 -8.337 10.074 -10.368 -7.971 10.776 -8.393 -8.383 11.213
5 24 -1.802 -12.13 -11.133 -3.534 -12.492 -11.861 -2.311 -11.513 -12.24 -3.252 -13.23 -11.232
5 24 8.187 -.164 -11.804 7.123 -.015 -13.079 7.411 -.758 -13.296 7.264 .677 -12.468
5 24 -5.019 -11.772 -.883 -5.268 -11.339 -.446 -6.202 -11.019 -.616 -4.399 -11.189 -.075
5 24 4.181 -4.563 -15.152 5.38 -4.411 -15.012 4.57 -6.096 -14.2 4.362 -3.517 -14.656
5 24 -5.869 -9.239 10.471 -4.883 -8.838 11.295 -4.81 -10.071 10.472 -5.398 -8.155 11.418
5 24 8.9232 2.4691 -8.9232 9.86 1.022 -10.622 10.365 1.182 -10.231 7.9977 2.4691 -9.5417
5 24 6.055 8.257 17.514 6.384 6.925 17.913 6.711 8.667 16.959 5.872 7.19 18.016
5 24 -8.239 16.285 13.746 -9.6 16.765 12.358 -7.49 16.964 13.704 -8.985 15.503 13.841
5 24 10.126 -6.49 10.271 10.984 -6.424 11.378 10.352 -6.571 11.166 11.933 -6.197 11.231
5 24 -12.349 -7.827 -4.202 -13.462 -7.236 -4.759 -12.829 -8.116 -5.116 -13.231 -7.06 -4.057
5 24 11.835 -6.445 6.897 11.183 -7.602 7.859 11.763 -6.086 7.834 11.672 -6.509 6.098
5 24 17.972 -.497 2.14 17.361 -1.417 2.621 17.338 -.451 3.337 18.121 -.144 1.408
5 24 2.976 -13.585 -11.205 2.342 -14.155 -9.24 4.382 -13.396 -10.657 1.777 -14.092 -10.356
5 24 5.38 -4.411 -15.012 6.318 -5.199 -14.355 4.57 -6.096 -14.2 7.397 -3.824 -14.178
5 24 -15.289 4.471 -5.064 -15.258 3.317 -6.424 -15.151 4.536 -5.74 -15.779 2.844 -4.788
5 24 -7.441 9.291 16.254 -7.143 9.311 16.562 -6.769 7.692 16.048 -7.18 10.169 15.779
5 24 -12.416 -4.704 11.955 -12.558 -4.519 11.21 -11.704 -5.344 11.381 -12.883 -3.833 11.207
5 24 15.255 7.546 -4.578 15.298 6.398 -5.155 15.111 7.36 -5.581 15.396 6.585 -4.017
5 24 -16.727 5.051 2.884 -16.376 2.267 3.873 -16.686 2.158 2.61 -16.146 5.052 4.07
5 24 -11.632 -1.934 16.488 -11.755 -.983 16.853 -12.492 -1.525 15.537 -11.162 -1.853 16.783
5 24 -10.335 -9.432 5.071 -8.411 -9.067 5.627 -10.039 -8.802 5.832 -8.136 -9.926 4.857
5 24 1.182 .18 19.798 .857 .746 19.838 .683 -.91 19.239 1.63 1.193 19.88
5 24 12.134 -7.979 -1.915 10.668 -9.187 -.709 12.368 -8.602 -.342 9.374 -8.577 -2.483
5 24 -13.815 -1.515 -8.581 -14.054 -3.25 -8.651 -13.704 -2.89 -9.659 -14.064 -2.215 -7.964
5 24 1.679 -6.161 -16.053 2.265 -5.033 -16.228 .868 -5.074 -16.073 2.955 -6.608 -15.46
5 24 -9.622 5.026 17.433 -8.892 4.049 17.575 -9.727 3.833 16.811 -8.322 5.886 17.365
5 24 5.353 -11.364 -3.084 4.235 -12.518 -2.871 4.425 -12.89 -3.413 4.281 -12.337 -2.51
5 24 -11.842 -6.457 -10.788 -11.478 -6.745 -11.533 -12.081 -4.833 -11.08 -11.28 -7.534 -10.426
5 24 -15.257 8.883 -3.23 -15.627 8.028 -1.945 -15.334 9.021 -2.229 -15.964 6.911 -1.817
5 24 -2.024 -10.446 7.996 -.606 -10.583 9.481 -.309 -11.34 7.095 -1.851 -10.265 9.054
5 24 -2.62 -10.674 -14.234 -2.954 -9.321 -14.613 -1.433 -9.921 -14.172 -4.094 -10.929 -13.994
5 24 -.246 -8.318 14.069 .889 -7.627 15.281 .964 -8.071 14.031 -.345 -8.103 15.296
5 24 10.151 -.753 17.325 10.248 .896 17.009 9.469 -.374 18.416 11.012 .445 16.161
5 24 -3.159 3.765 19.219 -2.825 4.61 19.157 -2.75 3.756 19.27 -6.698 5.26 18.958
5 24 .935 -2.395 -15.375 .271 -2.254 -15.417 .724 .013 -14.327 .588 -3.619 -15.241
5 24 -4.019 -2.171 18.332 -4.391 -1.615 18.391 -4.431 -2.532 18.32 -4.01 -1.587 18.388
5 24 -6.404 8.39 17.674 -4.471 10.432 17.095 -3.483 9.433 17.367 -7.143 9.311 16.562
5 24 -3.893 -10.159 6.94 -2.29 -10.28 6.945 -2.732 -9.972 5.978 -3.314 -10.386 7.679
5 24 -13.548 3.276 13.505 -13.148 2.588 13.422 -14.302 3.199 12.192 -12.911 3.545 14.094
5 24 -14.985 .765 -6.606 -15.806 -.201 -6.044 -15.052 -.13 -6.642 -15.567 1.182 -5.604
5 24 1.413 8.212 18.731 1.209 7.827 18.569 1.75 7.608 18.819 1.02 8.819 17.977
5 24 -.745 -6.025 17.842 -1.101 -6.879 17.793 .31 -7.195 16.817 -2.362 -6.699 17.83
5 24 -.308 -13.56 -3.224 .884 -13.245 -3.444 .668 -13.349 -3.875 .868 -13.251 -2.922
5 24 .725 18.069 15.414 1.086 17.393 15.381 .509 17.857 15.552 1.664 17.844 15.272
5 24 -4.855 -3.461 -16.042 -3.15 -4.19 -16.463 -4.115 -2.589 -16.077 -5.05 -4.256 -15.615
5 24 -10.384 5.324 16.87 -10.989 5.444 15.795 -10.677 6.122 16.175 -10.537 4.478 16.063
5 24 -13.548 3.276 13.505 -13.201 4.389 13.804 -13.693 4.651 13.086 -12.911 3.545 14.094
5 24 1.285 12.118 17.442 3.017 11.386 16.364 1.958 13.362 17 1.147 10.625 17.422
5 24 -14.393 2.462 11.441 -14.302 3.199 12.192 -14.266 4.161 11.329 -13.721 1.834 12.403
5 24 -8.932 11.086 14.799 -8.515 9.14 16.128 -9.204 8.662 16.145 -7.505 10.914 15.306
5 24 -11.377 -8.778 2.105 -11.696 -8.662 1.989 -11.708 -8.408 2.581 -10.865 -8.757 1.476
2 24 9.22 15.809 12.42 8.573 16.542 13.02
5 24 11.809 -8.677 1.116 11.943 -8.852 .658 12.75 -7.801 1.212 10.82 -9.071 .426
5 24 5.573 -3.105 -14.769 5.041 -2.834 -14.623 6.177 -2.684 -13.85 5.38 -4.411 -15.012
5 24 -4.144 -11.197 -13.668 -3.475 -11.706 -12.46 -4.545 -11.498 -12.228 -3.072 -11.399 -13.618
5 24 14.777 3.364 10.169 15.083 2.556 10.349 15.34 2.57 8.419 14.466 2.848 11.53
5 24 3.582 -8.341 15.547 4.024 -5.563 16.608 2.929 -5.791 16.92 5.251 -7.475 14.99
5 24 -13.704 -2.89 -9.659 -12.791 -4.602 -9.466 -13.451 -2.89 -10.019 -14.054 -3.25 -8.651
5 24 -2.907 -12.78 .113 -1.576 -13.126 .871 -2.855 -11.844 .833 -2.356 -13.138 -.798
5 24 -3.865 -13.425 -10.365 -4.615 -13.004 -9.518 -4.626 -13.197 -10.763 -2.782 -12.968 -9.906
5 24 6.953 6.092 17.079 7.567 6.07 16.577 7.916 6.609 16.293 7.019 5.143 16.647
5 24 2.467 .401 19.759 2.646 -.837 19.239 3.482 -.653 19.103 1.882 -.047 19.77
5 24 -15.257 8.883 -3.23 -15.964 6.911 -1.817 -15.627 8.028 -1.945 -15.703 7.124 -2.721
5 24 -9.607 12.486 13.2 -8.916 12.05 14.737 -9.014 12.844 14.546 -9.655 11.288 13.441
5 24 -10.075 -8.996 7.132 -7.712 -8.893 6.78 -8.411 -9.067 5.627 -8.618 -9.074 7.81
5 24 10.887 -1.59 -12.063 10.848 -.324 -11.029 11.539 -.875 -11.198 10.177 -1.388 -12.086
5 24 -15.339 -5.194 -4.982 -14.266 -5.738 -5.059 -15.301 -4.998 -5.302 -15.496 -5.291 -4.439
5 24 -1.58 -12.778 -1.803 -1.19 -13.363 -2.723 -.493 -13.338 -2.337 -2.447 -12.019 -2.1
5 24 7.368 -4.299 17.862 5.709 -3.327 17.852 7.136 -1.505 18.187 5.531 -4.348 17.281
5 24 12.792 -8.016 -7.218 11.493 -8.172 -6.097 12.008 -8.342 -7.694 12.697 -7.446 -5.49
5 24 6.361 -8.732 8.98 6.813 -9.031 7.84 5.556 -8.782 7.73 7.156 -8.145 9.674
5 24 -12.911 3.545 14.094 -11.218 3.778 14.477 -12.175 3.048 14.305 -11.637 4.866 14.027
5 24 -1.95 -12.943 -7.065 -4.177 -13.658 -6.37 -3.181 -13.5 -5.145 -2.796 -12.679 -7.929
5 24 5.917 -6.076 15.57 4.024 -5.563 16.608 5.019 -5.148 16.24 5.251 -7.475 14.99
5 24 -6.669 -10.45 6.689 -5.651 -10.896 6.948 -5.919 -9.315 7.561 -7.01 -10.906 5.802
5 24 -12.68 -8.237 -6.676 -13.217 -7.903 -6.528 -12.829 -8.116 -5.116 -12.225 -7.529 -7.482
5 24 14.998 6.462 6.666 14.689 8.615 5.632 13.549 7.686 8.336 15.16 6.951 5.273
5 24 14.998 6.462 6.666 15.16 6.951 5.273 15.089 4.692 6.004 14.689 8.615 5.632
5 24 -10.08 -9.905 -5.315 -9.597 -10.513 -5.331 -10.132 -9.707 -4.474 -9.223 -10.001 -6.384
5 24 -7.942 15.261 13.855 -8.112 13.127 14.88 -5.931 14.358 14.701 -8.801 14.417 13.921
5 24 6.798 -8.49 10.557 8.358 -8.711 11.23 8.343 -8.076 9.954 6.558 -8.647 11.111
5 24 11.012 .445 16.161 10.151 -.753 17.325 10.248 .896 17.009 10.195 -1.409 16.526
5 24 -9.6 16.765 12.358 -10.341 14.993 12.762 -10.595 15.839 11.334 -8.985 15.503 13.841
5 24 -4.615 -6.524 -15.297 -4.727 -5.635 -14.889 -3.274 -5.907 -15.388 -5.081 -6.094 -14.894
5 24 -6.393 -11.761 2.469 -6.999 -10.699 2.27 -6.751 -11.571 2.099 -6.187 -10.626 3.77
5 24 4.741 -12.122 -11.403 4.882 -12.021 -11.645 5.325 -11.544 -10.749 4.154 -11.932 -11.86
5 24 2.135 16.59 16.115 1.086 17.393 15.381 1.174 15.115 15.884 1.664 17.844 15.272
5 24 -5.237 -12.796 -5.824 -5.933 -11.238 -5.73 -5.433 -11.94 -6.953 -5.926 -11.418 -5.087
5 24 11.701 -2.057 -11.419 11.539 -.875 -11.198 12.186 -2.241 -10.133 11.558 -2.653 -11.746
5 24 10.574 7.637 13.668 11.389 6.002 13.16 10.291 6.681 15.11 11.166 7.574 13.048
5 24 -11.204 -2.537 -12.064 -10.536 -.779 -11.914 -10.085 -1.426 -12.624 -11.635 -1.952 -11.046
5 24 -3.314 -10.386 7.679 -3.893 -10.159 6.94 -4.163 -10.532 9.08 -2.29 -10.28 6.945
5 24 9.48 -10.139 1.597 9.761 -10.198 .866 10.776 -8.705 1.29 8.168 -10.81 .97
5 24 -8.393 -8.383 11.213 -7.06 -7.857 10.566 -7.775 -7.834 11.781 -8.677 -8.337 10.074
5 24 -4.737 -2.382 -15.276 -4.115 -2.589 -16.077 -4.855 -3.461 -16.042 -3.629 -1.883 -15.279
5 24 -9.554 13.909 13.74 -9.414 14.746 13.829 -9.095 13.965 13.874 -10.341 14.993 12.762
5 24 -4.163 -10.532 9.08 -3.778 -10.269 9.926 -2.783 -10.365 9.224 -5.071 -10.378 9.28
5 24 -4.156 -13.084 -11.412 -3.534 -12.492 -11.861 -3.252 -13.23 -11.232 -4.97 -12.653 -11.491
5 24 9.188 5.701 16.396 9.949 4.844 16.133 9.431 4.337 16.411 9.766 6.172 15.904
5 24 15.848 -4.435 3.944 14.841 -5.777 4.214 15.088 -5.532 3.709 15.597 -4.802 5.527
5 24 12.56 -8.121 -4.92 11.833 -8.517 -5.007 12.364 -8.339 -2.621 12.697 -7.446 -5.49
5 24 -2.397 .11 19.735 -2.547 -.783 19.435 -1.854 -.432 19.399 -3.107 .207 19.805
5 24 -4.155 -6.825 15.785 -3.512 -6.706 16.938 -2.826 -7.574 15.379 -4.308 -6.48 16.125
5 24 16.471 3.768 -.361 16.604 2.504 .576 16.67 4.277 .522 16.395 1.645 -.768
5 24 8.842 -7.592 -13.284 8.316 -7.991 -13.395 8.18 -7.126 -13.857 8.852 -8.038 -11.761
5 24 5.207 17.796 14.461 5.421 18.591 14.058 6.99 18.449 13.381 3.869 18.756 14.518
5 24 4.943 12.795 16.081 4.474 10.907 16.338 3.969 11.662 16.28 5.857 11.054 16.219
5 24 -.392 -12.757 -5.246 .333 -13.577 -6.014 -1.145 -12.323 -5.694 1.056 -12.651 -4.802
5 24 -16.088 -2.789 7.114 -14.016 -4.614 7.669 -15.015 -4.131 5.633 -14.731 -3.797 8.722
5 24 -16.157 -4.652 -1.85 -15.801 -4.494 -2.812 -15.393 -4.908 -2.874 -16.68 -3.399 -2.061
5 24 -5.914 -12.352 -1.813 -6.069 -12.182 -3.076 -5.863 -12.568 -2.329 -6.944 -11.351 -2.022
5 24 -8.637 -11.162 -7.876 -8.243 -11.292 -7.026 -8.049 -11.459 -8.053 -9.129 -10.618 -7.824
5 24 -8.872 -3.381 18.082 -7.765 -4.853 17.612 -9.306 -3.914 15.688 -7.277 -4.051 18.71
5 24 -16.088 -2.789 7.114 -15.015 -4.131 5.633 -14.016 -4.614 7.669 -16.19 -2.908 5.869
5 24 -15.842 -4.309 -4.562 -16.186 -3.657 -3.128 -16.002 -4.51 -3.541 -16.096 -3.307 -4.646
5 24 -14.145 8.498 -6.554 -14.43 9.215 -5.847 -13.695 9.122 -6.766 -14.609 8.013 -5.74
2 24 12.51 11.452 9.096 13.042 10.019 9.067
5 24 10.248 .896 17.009 9.337 1.159 18.069 8.709 3.002 16.627 9.469 -.374 18.416
5 24 .423 2.653 19.46 .734 1.685 19.851 1.059 2.017 19.859 -.718 2.357 18.886
5 24 -5.05 -4.256 -15.615 -3.248 -5.084 -15.959 -4.727 -5.635 -14.889 -3.15 -4.19 -16.463
5 24 -2.825 4.61 19.157 -1.849 3.865 19.862 -2.232 5.637 19.809 -2.75 3.756 19.27
5 24 -15.377 6.787 .015 -16.408 5.744 .323 -15.684 6.348 .932 -16.15 6.31 -.704
5 24 .634 3.755 19.84 .913 4.472 19.832 1.689 4.015 19.097 -.564 4.934 19.877
5 24 -14.064 -2.215 -7.964 -14.579 -.481 -7.869 -14.473 -1.935 -7.534 -13.815 -1.515 -8.581
5 24 -1.873 -12.056 3.634 -2.184 -12.076 3.858 -2.324 -12.085 3.332 -1.77 -11.96 4.189
5 24 -5.863 -12.568 -2.329 -4.963 -12.857 -1.8 -5.914 -12.352 -1.813 -4.892 -13.018 -2.417
5 24 -1.221 -3.321 -15.73 -.605 -3.172 -15.769 -1.084 -5.448 -16.026 -.556 -2.85 -15.441
5 24 -15.145 6.783 -5.671 -15.267 5.941 -5.526 -15.392 6.034 -4.803 -15.04 5.65 -6.044
5 24 .108 16.709 16.344 -1.343 15.342 16.584 -.967 17.298 16.028 -.379 15.35 16.854
5 24 7.136 -1.505 18.187 7.368 -4.299 17.862 5.369 -1.504 18.047 8.835 -3.656 17.624
5 24 -11.693 -8.414 -3.26 -11.015 -8.304 -3.348 -11.442 -8.101 -4.436 -10.547 -8.442 -1.88
5 24 13.499 -3.552 10.923 12.929 -5.457 11.431 12.552 -4.019 12.927 13.584 -4.265 10.064
5 24 11.91 -1.959 15.619 11.47 -1.799 15.744 11.969 -3.692 15.054 11.527 -1.038 15.195
5 24 12.872 7.944 3.506 15.047 7.329 4.6 15.12 6.775 3.805 14.689 8.615 5.632
5 24 -5.288 -6.958 -14.475 -4.615 -6.524 -15.297 -5.081 -6.094 -14.894 -4.636 -7.687 -15.236
5 24 -10.697 -6.625 9.09 -10.368 -7.971 10.776 -9.677 -8.076 9.325 -11.099 -6.339 9.884
5 24 3.367 -11.994 -6.002 2.375 -13.282 -6.427 2.886 -12.119 -5.388 3.625 -11.789 -7.132
5 24 -3.937 -.785 19.087 -3.166 -1.058 19.145 -3.107 .207 19.805 -3.646 -1.358 18.681
5 24 -5.656 -12.209 -1.359 -5.127 -12.514 -1.27 -5.914 -12.352 -1.813 -5.019 -11.772 -.883
5 24 -1.605 2.954 19.514 -1.849 3.865 19.862 -2.75 3.756 19.27 -.709 3.367 19.823
5 24 9.839 -3.425 -12.072 10.896 -2.89 -12.101 10.664 -2.491 -12.263 10.536 -3.662 -11.84
5 24 -3.888 -9.395 10.998 -3.196 -9.481 11.633 -2.717 -9.234 10.706 -4.358 -9.312 12.663
5 24 -13.051 5.026 13.427 -13.693 4.651 13.086 -13.161 6.054 12.036 -13.201 4.389 13.804
5 24 -11.409 -9.09 3.977 -11.471 -7.971 4.482 -11.838 -7.875 2.923 -10.335 -9.432 5.071
5 24 10.823 8.437 13.638 10.047 7.688 14.203 10.248 8.897 14.446 10.574 7.637 13.668
5 24 12.25 -3.145 -10.532 11.701 -2.057 -11.419 11.558 -2.653 -11.746 12.186 -2.241 -10.133
5 24 -7.712 -8.893 6.78 -5.919 -9.315 7.561 -6.986 -8.335 7.456 -6.669 -10.45 6.689
5 24 3.561 -5.087 18.188 2.501 -4.636 18.802 2.148 -5.078 17.985 2.899 -4.29 19.399
5 24 -12.829 -8.116 -5.116 -12.68 -8.237 -6.676 -11.967 -8.63 -5.675 -13.217 -7.903 -6.528
5 24 -12.67 -6.037 7.923 -11.822 -6.95 7.309 -13.199 -6.78 6.845 -11.782 -6.351 7.912
5 24 -1.226 -10.785 10.968 -.382 -10.839 12.439 -1.275 -10.07 12.633 .984 -11.097 11.678
5 24 -.382 -10.839 12.439 .984 -11.097 11.678 -1.226 -10.785 10.968 1.605 -10.621 12.516
5 24 -10.923 -8.635 -5.131 -10.08 -9.905 -5.315 -10.132 -9.707 -4.474 -10.689 -8.938 -5.711
5 24 -10.893 -10.098 3.791 -11.409 -9.09 3.977 -10.515 -10.342 3.117 -10.335 -9.432 5.071
5 24 -3.107 .207 19.805 -2.291 1.337 19.766 -2.397 .11 19.735 -3.682 2.356 19.674
5 24 -15.842 -4.309 -4.562 -15.496 -5.291 -4.439 -15.339 -5.194 -4.982 -15.669 -5.203 -4.011
5 24 -14.494 6.049 9.212 -14.317 6.788 9.685 -14.501 6.584 8.581 -13.984 5.526 10.131
5 24 -.605 -3.172 -15.769 -.556 -2.85 -15.441 -1.221 -3.321 -15.73 .588 -3.619 -15.241
5 24 -12.134 11.213 -4.699 -14.578 10.379 -4.369 -12.975 11.06 -3.605 -13.978 10.243 -5.868
5 24 15.715 2.083 -5.875 14.853 2.409 -7.556 14.549 .822 -7.253 15.121 3.575 -7.236
5 24 -.308 -13.56 -3.224 .668 -13.349 -3.875 -.455 -13.506 -4.213 .884 -13.245 -3.444
5 24 16.65 -4.716 -.953 13.502 -6.911 -.311 14.659 -5.569 1.131 14.333 -5.622 -2.94
5 24 4.703 -12 -6.733 4.331 -11.978 -7.62 6.372 -12.405 -8.622 3.625 -11.789 -7.132
5 24 .89 18.79 15.127 -.629 18.518 15.458 .725 18.069 15.414 -.644 18.827 15.204
5 24 3.123 8.213 18.839 2.321 9.024 18.755 3.399 9.182 18.288 2.424 8.092 18.996
5 24 -11.207 -7.911 -8.3 -10.651 -8.957 -8.805 -10.676 -8.139 -7.671 -11.343 -8.315 -9.333
5 24 16.395 1.645 -.768 16.962 1.156 -.302 16.292 .907 -1.284 16.604 2.504 .576
5 24 12.897 -7.202 1.854 13.58 -7.373 3.063 12.186 -7.472 2.121 13.541 -6.534 1.087
5 24 .101 -11.101 8.56 .371 -10.718 9.674 1.202 -10.767 9.021 -.606 -10.583 9.481
5 24 17.602 .607 .318 17.119 .203 -.669 16.962 1.156 -.302 17.688 -1.539 .268
5 24 -2.783 -10.365 9.224 -1.964 -10.084 9.549 -1.851 -10.265 9.054 -2.27 -9.834 9.943
5 24 -12.119 8.783 12.027 -12.213 10.128 12.665 -12.533 10.259 10.215 -11.177 8.416 13.013
5 24 17.074 -2.108 -2.454 16.158 -3.181 -2.633 16.903 -2.442 -.953 16.431 -2.715 -3.258
5 24 -.445 -12.701 -1.444 -.493 -13.338 -2.337 -1.58 -12.778 -1.803 .563 -13.23 -2.441
5 24 -2.953 -11.007 1.974 -2.781 -11.049 1.515 -3.605 -10.566 1.242 -1.81 -11.461 1.952
5 24 -6.73 -7.371 -14.357 -5.292 -7.519 -14.56 -5.288 -6.958 -14.475 -5.969 -8.777 -13.9
5 24 -4.626 -13.197 -10.763 -3.865 -13.425 -10.365 -4.615 -13.004 -9.518 -4.156 -13.084 -11.412
5 24 3.159 6.841 18.49 3.099 5.136 19.377 2.283 6.658 18.497 4.123 5.719 19.331
5 24 5.64 -9.261 11.584 6.558 -8.647 11.111 6.063 -9.23 10.478 6.279 -8.551 11.742
5 24 4.795 -10.423 9.87 4.627 -9.722 8.115 4.162 -10.093 8.202 5.556 -8.782 7.73
5 24 13.335 7.618 10.165 13.549 7.686 8.336 13.824 6.013 10.333 13.32 8.078 8.706
5 24 13.373 -1.723 14.231 13.428 -3.26 13.787 12.585 -1.943 15.258 13.995 -2.804 12.446
5 24 14.017 -1.015 12.131 14.342 -.415 10.944 14.449 -1.665 11.095 14.054 -.246 11.538
5 24 13.287 12.689 7.003 12.229 11.694 5.274 11.937 13.299 6.186 14.139 10.573 6.14
5 24 11.892 14.303 10.655 10.808 12.661 11.437 10.52 13.953 12.201 11.618 12.323 10.176
5 24 14.091 -5.959 5.61 13.291 -6.176 6.749 12.271 -6.232 5.952 14.919 -5.491 6.66
5 24 11.228 -6.524 -9.452 11.777 -4.627 -10.555 11.645 -6.072 -9.437 10.849 -5.449 -11.975
5 24 -12.479 9.03 10.335 -13.907 7.315 10.283 -13.27 7.477 11.543 -13.088 8.884 9.466
5 24 -1.478 -11.771 3.366 -2.278 -11.787 2.75 -1.889 -11.446 2.429 -1.873 -12.056 3.634
5 24 15.926 -2.516 7.355 16.222 -2.597 6.655 16.174 -1.379 7.732 15.518 -3.188 6.932
5 24 -.577 -13.006 -6.456 .403 -13.799 -6.842 -.368 -13.372 -7.781 .333 -13.577 -6.014
5 24 5.008 -11.123 5.213 5.616 -10.725 4.113 5.599 -10.789 5.606 3.991 -10.014 3.822
5 24 4.703 -12 -6.733 3.367 -11.994 -6.002 4.616 -12.423 -6.13 3.625 -11.789 -7.132
5 24 -13.894 -6.099 6.845 -12.67 -6.037 7.923 -13.199 -6.78 6.845 -14.016 -4.614 7.669
5 24 -3.011 -7.997 -15.747 -4.636 -7.687 -15.236 -2.996 -7.113 -16.061 -4.089 -9.202 -14.341
5 24 -4.051 -11.55 -.435 -3.846 -10.888 .785 -4.399 -11.189 -.075 -2.855 -11.844 .833
5 24 15.16 6.951 5.273 15.255 5.525 4.427 15.276 6.327 4.001 14.998 6.462 6.666
5 24 -10.697 -5.83 -12.472 -11.478 -6.745 -11.533 -9.835 -6.604 -12.125 -12.081 -4.833 -11.08
5 24 15.491 -2.202 -5.75 15.74 -3.334 -5.69 15.353 -3.401 -6.151 16.025 -2.428 -5.251
5 24 -2.733 12.244 17.41 -3.676 12.215 17.197 -2.32 10.819 17.472 -2.319 13.212 16.88
5 24 -9.654 17.776 11.955 -8.575 18.258 10.216 -9.657 17.624 9.203 -7.591 18.603 10.94
5 24 -15.848 6.137 1.816 -13.273 7.143 1.542 -15.647 6.168 3.252 -15.684 6.348 .932
5 24 -11.678 .344 -9.603 -10.559 .273 -10.221 -11.622 -.636 -9.851 -11.753 1.23 -8.841
5 24 2.075 -8.915 -14.3 1.574 -7.241 -15.026 .936 -9.322 -15.13 2.133 -7.569 -14.291
5 24 -4.358 -9.312 12.663 -3.224 -9.622 12.196 -2.827 -9.426 13.345 -3.196 -9.481 11.633
5 24 -5.389 -4.757 -15.147 -6.78 -5.2 -15.174 -4.727 -5.635 -14.889 -5.627 -4.044 -14.571
5 24 2.133 -7.569 -14.291 2.141 -6.933 -15.3 3.142 -7.277 -14.611 1.574 -7.241 -15.026
5 24 11.619 .744 15.839 11.063 -1.15 15.657 11.527 -1.038 15.195 11.012 .445 16.161
5 24 -16.658 -4.027 -1.126 -16.836 -3.188 .382 -16.815 -3.415 -1.486 -16.484 -4.578 -.472
5 24 -11.637 4.866 14.027 -13.201 4.389 13.804 -13.051 5.026 13.427 -12.911 3.545 14.094
5 24 -15.257 8.883 -3.23 -15.468 7.646 -3.526 -15.703 7.124 -2.721 -15.105 8.773 -3.932
5 24 6.055 8.257 17.514 5.972 9.3 16.619 6.711 8.667 16.959 4.429 8.066 16.996
5 24 -6.78 -5.2 -15.174 -4.727 -5.635 -14.889 -5.389 -4.757 -15.147 -5.081 -6.094 -14.894
5 24 10.732 -7.173 5.431 10.376 -8.904 4.997 9.748 -8.489 5.832 11.212 -7.578 4.141
5 24 -8.322 5.886 17.365 -9.314 6.844 16.931 -9.552 6.109 17.184 -8.039 6.8 17
5 24 9.469 -.374 18.416 9.337 1.159 18.069 10.248 .896 17.009 8.326 -.342 19.019
5 24 -6.418 16.469 13.977 -5.931 14.358 14.701 -4.524 15.773 15.592 -6.565 15.64 14.029
5 24 1.893 -13.331 -5.763 1.198 -13.793 -5.95 2.375 -13.282 -6.427 2.105 -11.783 -4.363
5 24 2.1 -10.23 6.201 2.695 -10.103 4.889 3.62 -11.064 5.954 1.898 -9.863 5.479
5 24 15.381 2.071 8.264 15.836 1.238 6.866 15.195 1.039 8.15 15.764 2.818 7.245
5 24 15.16 6.951 5.273 15.276 6.327 4.001 15.255 5.525 4.427 15.047 7.329 4.6
5 24 -7.821 -6.28 -14.026 -6.78 -5.2 -15.174 -7.232 -4.564 -14.965 -6.851 -6.564 -14.384
5 24 -13.201 4.389 13.804 -13.693 4.651 13.086 -13.051 5.026 13.427 -13.548 3.276 13.505
5 24 -1.77 -11.96 4.189 -1.417 -11.472 4.665 -1.478 -11.771 3.366 -2.057 -11.899 4.392
5 24 2.026 -10.842 -13.171 3.238 -11.106 -12.234 3.06 -10.699 -12.464 .97 -12.477 -12.999
5 24 3.375 -4.794 -16.277 2.546 -3.708 -16.096 3.912 -3.832 -14.76 2.265 -5.033 -16.228
5 24 -13.419 -5.147 10.291 -12.558 -4.519 11.21 -12.748 -6.02 9.557 -13.027 -3.975 10.962
5 24 7.033 -5.21 -14.129 8.255 -4.932 -13.347 8.301 -5.966 -13.84 7.487 -4.624 -13.798
5 24 4.154 -11.932 -11.86 3.961 -11.422 -12.245 3.238 -11.106 -12.234 5.128 -11.283 -12.726
5 24 15.98 3.989 2.842 15.827 3.657 4.241 15.656 5.126 3.606 16.105 3.252 2.754
5 24 -17.435 -2.774 1.552 -17.25 -3.525 2.288 -16.536 -3.53 .887 -17.125 -1.303 3.864
5 24 -17.42 -2.358 .381 -17.435 -2.774 1.552 -16.836 -3.188 .382 -17.975 -1.09 1.544
5 24 6.304 14.603 14.442 5.348 16.144 14.397 6.519 15.925 14.466 5.472 14.87 14.401
5 24 5.348 16.144 14.397 6.519 15.925 14.466 6.195 16.856 14.41 5.472 14.87 14.401
5 24 7.669 16.415 14.036 7.469 14.175 14.091 8.418 15.346 13.508 6.519 15.925 14.466
5 24 7.669 16.415 14.036 6.519 15.925 14.466 7.469 14.175 14.091 6.195 16.856 14.41
5 24 13.645 10.117 8.7 13.366 8.629 8.469 13.042 10.019 9.067 14.139 10.573 6.14
5 24 -6.698 5.26 18.958 -6.299 6.331 18.532 -7.071 5.906 17.166 -2.901 5.437 18.953
5 24 -6.299 6.331 18.532 -5.951 7.368 18.045 -6.259 7.095 17.033 -3.729 7.381 18.071
5 24 -5.071 -10.378 9.28 -4.864 -10.116 7.437 -4.163 -10.532 9.08 -5.919 -9.315 7.561
5 24 -1.478 .795 -13.151 -2.419 2.212 -12.028 -2.887 .273 -13.945 0 2.0828 -12.2964
5 24 -15.908 -2.812 -5.294 -15.401 -2.443 -6.289 -15.836 -1.516 -5.942 -15.67 -3.033 -5.652
5 24 11.47 -1.799 15.744 10.398 -1.919 15.974 10.283 -3.467 14.994 10.577 -1.608 16.024
5 24 11.527 -1.038 15.195 11.47 -1.799 15.744 11.91 -1.959 15.619 11.063 -1.15 15.657
5 24 -17.178 -2.732 -.217 -17.42 -2.358 .381 -16.836 -3.188 .382 -17.319 -1.966 -.65
5 24 7.669 16.415 14.036 7.901 16.941 13.626 8.573 16.542 13.02 6.195 16.856 14.41
5 24 -15.725 -4.165 -5.141 -15.505 -3.718 -5.581 -14.952 -4.502 -5.899 -15.639 -3.368 -5.54
5 24 -15.725 -4.165 -5.141 -15.842 -4.309 -4.562 -15.415 -4.762 -5.296 -16.096 -3.307 -4.646
5 24 9.431 4.337 16.411 8.709 3.002 16.627 8.298 3.211 16.649 9.05 2.997 16.43
5 24 -15.908 -2.812 -5.294 -15.865 -3.397 -5.173 -15.67 -3.033 -5.652 -16.096 -3.307 -4.646
5 24 9.238 3.079 16.242 9.431 4.337 16.411 9.05 2.997 16.43 9.814 3.945 15.738
5 24 8.635 5.228 16.602 9.431 4.337 16.411 9.188 5.701 16.396 8.298 3.211 16.649
5 24 10.195 -1.409 16.526 11.012 .445 16.161 10.777 -1.397 15.964 10.151 -.753 17.325