0 Tile  4 x  8 Inverted with Gold 'Concorde' Details and Border, Black 'Model nr. 10318' and Background Pattern
0 Name: 83496p01.dat
0 Author: Willy Tschager [Holly-Wood]
0 !LDRAW_ORG Unofficial_Part
0 !LICENSE Licensed under CC BY 4.0 : see CAreadme.txt

0 BFC CERTIFY CCW

0 !CATEGORY Tile
0 !KEYWORDS Aérospatiale-BAC, Air France, Bricklink 83496pb04
0 !KEYWORDS Rebrickable 83496pr0001, Set 10318, Supersonic

0 !PREVIEW 16 0 0 0 1 0 0 0 -1 0 0 0 -1

0 // Subfile
1 16 0 0 0 1 0 0 0 1 0 0 0 1 s\83496s01.dat

0 // Concorde
1 0 0 8 28 -.86 0 0 0 -1 0 0 0 .86 logo-concorde-box.dat
1 82 0 8 28 -.86 0 0 0 -1 0 0 0 .86 logo-concorde-text.dat
4 82 19.333 8 19 19.333 8 20 38.667 8 20 38.667 8 19
4 82 58 8 20 58 8 19 38.667 8 19 38.667 8 20
4 82 19.333 8 19 0 8 19 0 8 20 19.333 8 20
4 82 -19.333 8 20 0 8 20 0 8 19 -19.333 8 19
4 82 -38.667 8 20 -19.333 8 20 -19.333 8 19 -38.667 8 19
4 82 -38.667 8 19 -58 8 19 -58 8 20 -38.667 8 20

0 // First row
0 // DESIGNED
1 82 60.4 8 12.3 -.35 0 0 0 -1 0 0 0 .35 s\83496p01sud.dat
1 82 57.3 8 12.3 -.35 0 0 0 -1 0 0 0 .35 s\83496p01sue.dat
1 82 54.7 8 12.3 -.35 0 0 0 -1 0 0 0 .35 s\83496p01sus.dat
1 82 52.1 8 12.3 -.35 0 0 0 -1 0 0 0 .35 s\83496p01sui.dat
1 82 50.9 8 12.3 -.35 0 0 0 -1 0 0 0 .35 s\83496p01sug.dat
1 82 47.4 8 12.3 -.35 0 0 0 -1 0 0 0 .35 s\83496p01sun.dat
1 82 44.2 8 12.3 -.35 0 0 0 -1 0 0 0 .35 s\83496p01sue.dat
1 82 41.6 8 12.3 -.35 0 0 0 -1 0 0 0 .35 s\83496p01sud.dat

0 // AND
1 82 37.8 8 12.3 -.35 0 0 0 -1 0 0 0 .35 s\83496p01sua.dat
1 82 34.4 8 12.3 -.35 0 0 0 -1 0 0 0 .35 s\83496p01sun.dat
1 82 31 8 12.3 -.35 0 0 0 -1 0 0 0 .35 s\83496p01sud.dat

0 // BUILT
1 82 26.7 8 12.3 -.35 0 0 0 -1 0 0 0 .35 s\83496p01sub.dat
1 82 23.9 8 12.3 -.35 0 0 0 -1 0 0 0 .35 s\83496p01suu.dat
1 82 20.7 8 12.3 -.35 0 0 0 -1 0 0 0 .35 s\83496p01sui.dat
1 82 19.4 8 12.3 -.35 0 0 0 -1 0 0 0 .35 s\83496p01sul.dat
1 82 18 8 12.3 -.35 0 0 0 -1 0 0 0 .35 s\83496p01sut.dat

0 // IN
1 82 13.9 8 12.3 -.35 0 0 0 -1 0 0 0 .35 s\83496p01sui.dat
1 82 12.6 8 12.3 -.35 0 0 0 -1 0 0 0 .35 s\83496p01sun.dat

0 // FRANCE
1 82 8.1 8 12.3 -.35 0 0 0 -1 0 0 0 .35 s\83496p01suf.dat
1 82 5.65 8 12.3 -.35 0 0 0 -1 0 0 0 .35 s\83496p01sur.dat
1 82 2.9 8 12.3 -.35 0 0 0 -1 0 0 0 .35 s\83496p01sua.dat
1 82 -.3 8 12.3 -.35 0 0 0 -1 0 0 0 .35 s\83496p01sun.dat
1 82 -3.4 8 12.3 -.35 0 0 0 -1 0 0 0 .35 s\83496p01suc.dat
1 82 -6.7 8 12.3 -.35 0 0 0 -1 0 0 0 .35 s\83496p01sue.dat

0 // AND
1 82 -10.1 8 12.3 -.35 0 0 0 -1 0 0 0 .35 s\83496p01sua.dat
1 82 -13.5 8 12.3 -.35 0 0 0 -1 0 0 0 .35 s\83496p01sun.dat
1 82 -16.9 8 12.3 -.35 0 0 0 -1 0 0 0 .35 s\83496p01sud.dat

0 // GREAT
1 82 -20.9 8 12.3 -.35 0 0 0 -1 0 0 0 .35 s\83496p01sug.dat
1 82 -24.45 8 12.3 -.35 0 0 0 -1 0 0 0 .35 s\83496p01sur.dat
1 82 -27.4 8 12.3 -.35 0 0 0 -1 0 0 0 .35 s\83496p01sue.dat
1 82 -29.7 8 12.3 -.35 0 0 0 -1 0 0 0 .35 s\83496p01sua.dat
1 82 -32.3 8 12.3 -.35 0 0 0 -1 0 0 0 .35 s\83496p01sut.dat

0 // BRITAIN
1 82 -36.4 8 12.3 -.35 0 0 0 -1 0 0 0 .35 s\83496p01sub.dat
1 82 -39.2 8 12.3 -.35 0 0 0 -1 0 0 0 .35 s\83496p01sur.dat
1 82 -42.2 8 12.3 -.35 0 0 0 -1 0 0 0 .35 s\83496p01sui.dat
1 82 -43.1 8 12.3 -.35 0 0 0 -1 0 0 0 .35 s\83496p01sut.dat
1 82 -45.4 8 12.3 -.35 0 0 0 -1 0 0 0 .35 s\83496p01sua.dat
1 82 -48.8 8 12.3 -.35 0 0 0 -1 0 0 0 .35 s\83496p01sui.dat
1 82 -50.1 8 12.3 -.35 0 0 0 -1 0 0 0 .35 s\83496p01sun.dat

0 // BY:
1 82 -54.6 8 12.3 -.35 0 0 0 -1 0 0 0 .35 s\83496p01sub.dat
1 82 -56.8 8 12.3 -.35 0 0 0 -1 0 0 0 .35 s\83496p01suy.dat
1 82 -59.7 8 12.3 -.35 0 0 0 -1 0 0 0 .35 s\83496p01scolon.dat
1 0 -60.05 8 12.755 -.35 0 0 0 -1 0 0 0 .35 8\4-4ndis.dat
1 0 -60.05 8 10.865 -.35 0 0 0 -1 0 0 0 .35 8\4-4ndis.dat

0 // Second row
0 // SUD
1 82 56.3 8 6.9 -.35 0 0 0 -1 0 0 0 .35 s\83496p01sus.dat
1 82 53.6 8 6.9 -.35 0 0 0 -1 0 0 0 .35 s\83496p01suu.dat
1 82 50.5 8 6.9 -.35 0 0 0 -1 0 0 0 .35 s\83496p01sud.dat

0 // AVIATION
1 82 46.6 8 6.9 -.35 0 0 0 -1 0 0 0 .35 s\83496p01sua.dat
1 82 43.9 8 6.9 -.35 0 0 0 -1 0 0 0 .35 s\83496p01suv.dat
1 82 40.5 8 6.9 -.35 0 0 0 -1 0 0 0 .35 s\83496p01sui.dat
1 82 39.6 8 6.9 -.35 0 0 0 -1 0 0 0 .35 s\83496p01sua.dat
1 82 37 8 6.9 -.35 0 0 0 -1 0 0 0 .35 s\83496p01sut.dat
1 82 33.9 8 6.9 -.35 0 0 0 -1 0 0 0 .35 s\83496p01sui.dat
1 82 32.8 8 6.9 -.35 0 0 0 -1 0 0 0 .35 s\83496p01suo.dat
1 82 29.2 8 6.9 -.35 0 0 0 -1 0 0 0 .35 s\83496p01sun.dat

0 // and
1 82 24.9 8 6.9 -.35 0 0 0 -1 0 0 0 .35 s\83496p01sla.dat
1 82 22.3 8 6.9 -.35 0 0 0 -1 0 0 0 .35 s\83496p01sln.dat
1 82 19.7 8 6.9 -.35 0 0 0 -1 0 0 0 .35 s\83496p01sld.dat

0 // BRITISH
1 82 15.4 8 6.9 -.35 0 0 0 -1 0 0 0 .35 s\83496p01sub.dat
1 82 12.6 8 6.9 -.35 0 0 0 -1 0 0 0 .35 s\83496p01sur.dat
1 82 9.6 8 6.9 -.35 0 0 0 -1 0 0 0 .35 s\83496p01sui.dat
1 82 8.7 8 6.9 -.35 0 0 0 -1 0 0 0 .35 s\83496p01sut.dat
1 82 5.7 8 6.9 -.35 0 0 0 -1 0 0 0 .35 s\83496p01sui.dat
1 82 4.4 8 6.9 -.35 0 0 0 -1 0 0 0 .35 s\83496p01sus.dat
1 82 1.8 8 6.9 -.35 0 0 0 -1 0 0 0 .35 s\83496p01suh.dat

0 // AIRCRAFT
1 82 -2.2 8 6.9 -.35 0 0 0 -1 0 0 0 .35 s\83496p01sua.dat
1 82 -5.5 8 6.9 -.35 0 0 0 -1 0 0 0 .35 s\83496p01sui.dat
1 82 -6.8 8 6.9 -.35 0 0 0 -1 0 0 0 .35 s\83496p01sur.dat
1 82 -9.5 8 6.9 -.35 0 0 0 -1 0 0 0 .35 s\83496p01suc.dat
1 82 -12.8 8 6.9 -.35 0 0 0 -1 0 0 0 .35 s\83496p01sur.dat
1 82 -15.45 8 6.9 -.35 0 0 0 -1 0 0 0 .35 s\83496p01sua.dat
1 82 -18.67 8 6.9 -.35 0 0 0 -1 0 0 0 .35 s\83496p01suf.dat
1 82 -21.04 8 6.9 -.35 0 0 0 -1 0 0 0 .35 s\83496p01sut.dat

0 // CORPORATION
1 82 -24.8 8 6.9 -.35 0 0 0 -1 0 0 0 .35 s\83496p01suc.dat
1 82 -28 8 6.9 -.35 0 0 0 -1 0 0 0 .35 s\83496p01suo.dat
1 82 -31.5 8 6.9 -.35 0 0 0 -1 0 0 0 .35 s\83496p01sur.dat
1 82 -34.4 8 6.9 -.35 0 0 0 -1 0 0 0 .35 s\83496p01sup.dat
1 82 -37 8 6.9 -.35 0 0 0 -1 0 0 0 .35 s\83496p01suo.dat
1 82 -40.65 8 6.9 -.35 0 0 0 -1 0 0 0 .35 s\83496p01sur.dat
1 82 -43.3 8 6.9 -.35 0 0 0 -1 0 0 0 .35 s\83496p01sua.dat
1 82 -45.84 8 6.9 -.35 0 0 0 -1 0 0 0 .35 s\83496p01sut.dat
1 82 -49 8 6.9 -.35 0 0 0 -1 0 0 0 .35 s\83496p01sui.dat
1 82 -50.1 8 6.9 -.35 0 0 0 -1 0 0 0 .35 s\83496p01suo.dat
1 82 -53.7 8 6.9 -.35 0 0 0 -1 0 0 0 .35 s\83496p01sun.dat

0 // Third row
0 // FIRST
1 82 33.5 8 1.4 -.35 0 0 0 -1 0 0 0 .35 s\83496p01suf.dat
1 82 30.95 8 1.4 -.35 0 0 0 -1 0 0 0 .35 s\83496p01sui.dat
1 82 29.8 8 1.4 -.35 0 0 0 -1 0 0 0 .35 s\83496p01sur.dat
1 82 26.9 8 1.4 -.35 0 0 0 -1 0 0 0 .35 s\83496p01sus.dat
1 82 24.6 8 1.4 -.35 0 0 0 -1 0 0 0 .35 s\83496p01sut.dat

0 // FLIGHT:
1 82 20.6 8 1.4 -.35 0 0 0 -1 0 0 0 .35 s\83496p01suf.dat
1 82 18.05 8 1.4 -.35 0 0 0 -1 0 0 0 .35 s\83496p01sul.dat
1 82 15.6 8 1.4 -.35 0 0 0 -1 0 0 0 .35 s\83496p01sui.dat
1 82 14.7 8 1.4 -.35 0 0 0 -1 0 0 0 .35 s\83496p01sug.dat
1 82 11.2 8 1.4 -.35 0 0 0 -1 0 0 0 .35 s\83496p01suh.dat
1 82 8.4 8 1.4 -.35 0 0 0 -1 0 0 0 .35 s\83496p01sut.dat
1 82 5.5 8 1.4 -.35 0 0 0 -1 0 0 0 .35 s\83496p01scolon.dat
1 0 5.15 8 1.855 -.35 0 0 0 -1 0 0 0 .35 8\4-4ndis.dat
1 0 5.15 8 -.035 -.35 0 0 0 -1 0 0 0 .35 8\4-4ndis.dat

0 // MARCH
1 82 2.7 8 1.4 -.35 0 0 0 -1 0 0 0 .35 s\83496p01sum.dat
1 82 -.45 8 1.4 -.35 0 0 0 -1 0 0 0 .35 s\83496p01sua.dat
1 82 -4 8 1.4 -.35 0 0 0 -1 0 0 0 .35 s\83496p01sur.dat
1 82 -6.7 8 1.4 -.35 0 0 0 -1 0 0 0 .35 s\83496p01suc.dat
1 82 -9.9 8 1.4 -.35 0 0 0 -1 0 0 0 .35 s\83496p01suh.dat

0 // 2ND
1 82 -14.4 8 1.4 -.35 0 0 0 -1 0 0 0 .35 s\83496p01snr2.dat
1 82 -17.1 8 1.4 -.35 0 0 0 -1 0 0 0 .35 s\83496p01sun.dat
1 82 -20.3 8 1.4 -.35 0 0 0 -1 0 0 0 .35 s\83496p01sud.dat

0 // 1969
1 82 -24.5 8 1.4 -.35 0 0 0 -1 0 0 0 .35 s\83496p01snr1.dat
1 82 -26.3 8 1.4 -.35 0 0 0 -1 0 0 0 .35 s\83496p01snr9.dat
1 82 -29 8 1.4 -.35 0 0 0 -1 0 0 0 .35 s\83496p01snr6.dat
1 82 -31.6 8 1.4 -.35 0 0 0 -1 0 0 0 .35 s\83496p01snr9.dat

0 // Forth row
0 // CRUISE
1 82 41.3 8 -4 -.35 0 0 0 -1 0 0 0 .35 s\83496p01suc.dat
1 82 38 8 -4 -.35 0 0 0 -1 0 0 0 .35 s\83496p01sur.dat
1 82 35.2 8 -4 -.35 0 0 0 -1 0 0 0 .35 s\83496p01suu.dat
1 82 32 8 -4 -.35 0 0 0 -1 0 0 0 .35 s\83496p01sui.dat
1 82 30.7 8 -4 -.35 0 0 0 -1 0 0 0 .35 s\83496p01sus.dat
1 82 28.1 8 -4 -.35 0 0 0 -1 0 0 0 .35 s\83496p01sue.dat

0 // SPEED:
1 82 24.2 8 -4 -.35 0 0 0 -1 0 0 0 .35 s\83496p01sus.dat
1 82 21.6 8 -4 -.35 0 0 0 -1 0 0 0 .35 s\83496p01sup.dat
1 82 18.9 8 -4 -.35 0 0 0 -1 0 0 0 .35 s\83496p01sue.dat
1 82 16.3 8 -4 -.35 0 0 0 -1 0 0 0 .35 s\83496p01sue.dat
1 82 13.7 8 -4 -.35 0 0 0 -1 0 0 0 .35 s\83496p01sud.dat
1 82 10.6 8 -4 -.35 0 0 0 -1 0 0 0 .35 s\83496p01scolon.dat
1 0 10.25 8 -3.545 -.35 0 0 0 -1 0 0 0 .35 8\4-4ndis.dat
1 0 10.25 8 -5.435 -.35 0 0 0 -1 0 0 0 .35 8\4-4ndis.dat

0 // MARCH
1 82 7.8 8 -4 -.35 0 0 0 -1 0 0 0 .35 s\83496p01sum.dat
1 82 4.65 8 -4 -.35 0 0 0 -1 0 0 0 .35 s\83496p01sua.dat
1 82 1.4 8 -4 -.35 0 0 0 -1 0 0 0 .35 s\83496p01suc.dat
1 82 -1.8 8 -4 -.35 0 0 0 -1 0 0 0 .35 s\83496p01suh.dat

0 // 2.02
1 82 -6.3 8 -4 -.35 0 0 0 -1 0 0 0 .35 s\83496p01snr2.dat
1 82 -9.3 8 -5.435 -.35 0 0 0 -1 0 0 0 .35 8\4-4disc.dat
1 0 -9.3 8 -5.435 -.35 0 0 0 -1 0 0 0 .35 8\4-4ndis.dat
1 82 -10.2 8 -4 -.35 0 0 0 -1 0 0 0 .35 s\83496p01snr0.dat
1 82 -13.1 8 -4 -.35 0 0 0 -1 0 0 0 .35 s\83496p01snr2.dat

0 // (1.338 mph)
1 82 -17 8 -4 -.35 0 0 0 -1 0 0 0 .35 s\83496p01sbracket.dat
1 82 -18.4 8 -4 -.35 0 0 0 -1 0 0 0 .35 s\83496p01snr1.dat
1 82 -20.7 8 -5.435 -.35 0 0 0 -1 0 0 0 .35 8\4-4disc.dat
1 0 -20.7 8 -5.435 -.35 0 0 0 -1 0 0 0 .35 8\4-4ndis.dat
1 82 -21.6 8 -4 -.35 0 0 0 -1 0 0 0 .35 s\83496p01snr3.dat
1 82 -24.1 8 -4 -.35 0 0 0 -1 0 0 0 .35 s\83496p01snr3.dat
1 82 -26.6 8 -4 -.35 0 0 0 -1 0 0 0 .35 s\83496p01snr8.dat
1 82 -30.6 8 -4 -.35 0 0 0 -1 0 0 0 .35 s\83496p01slm.dat
1 82 -34.7 8 -4 -.35 0 0 0 -1 0 0 0 .35 s\83496p01slp.dat
1 82 -37.5 8 -4 -.35 0 0 0 -1 0 0 0 .35 s\83496p01slh.dat
1 82 -41.2 8 -4 .35 0 0 0 -1 0 0 0 .35 s\83496p01sbracket.dat

0 // Fifth row
0 // CRUISE
1 82 32.2 8 -9.3 -.35 0 0 0 -1 0 0 0 .35 s\83496p01suc.dat
1 82 28.9 8 -9.3 -.35 0 0 0 -1 0 0 0 .35 s\83496p01sur.dat
1 82 26.1 8 -9.3 -.35 0 0 0 -1 0 0 0 .35 s\83496p01suu.dat
1 82 22.9 8 -9.3 -.35 0 0 0 -1 0 0 0 .35 s\83496p01sui.dat
1 82 21.6 8 -9.3 -.35 0 0 0 -1 0 0 0 .35 s\83496p01sus.dat
1 82 19 8 -9.3 -.35 0 0 0 -1 0 0 0 .35 s\83496p01sue.dat

0 // ALTITUDE:
1 82 15.6 8 -9.3 -.35 0 0 0 -1 0 0 0 .35 s\83496p01sua.dat
1 82 12.3 8 -9.3 -.35 0 0 0 -1 0 0 0 .35 s\83496p01sul.dat
1 82 10.9 8 -9.3 -.35 0 0 0 -1 0 0 0 .35 s\83496p01sut.dat
1 82 7.8 8 -9.3 -.35 0 0 0 -1 0 0 0 .35 s\83496p01sui.dat
1 82 6.9 8 -9.3 -.35 0 0 0 -1 0 0 0 .35 s\83496p01sut.dat
1 82 3.9 8 -9.3 -.35 0 0 0 -1 0 0 0 .35 s\83496p01suu.dat
1 82 .7 8 -9.3 -.35 0 0 0 -1 0 0 0 .35 s\83496p01sud.dat
1 82 -2.4 8 -9.3 -.35 0 0 0 -1 0 0 0 .35 s\83496p01sue.dat
1 82 -5 8 -9.3 -.35 0 0 0 -1 0 0 0 .35 s\83496p01scolon.dat
1 0 -5.35 8 -8.845 -.35 0 0 0 -1 0 0 0 .35 8\4-4ndis.dat
1 0 -5.35 8 -10.735 -.35 0 0 0 -1 0 0 0 .35 8\4-4ndis.dat

0 // 60.000
1 82 -7.5 8 -9.3 -.35 0 0 0 -1 0 0 0 .35 s\83496p01snr6.dat
1 82 -10.1 8 -9.3 -.35 0 0 0 -1 0 0 0 .35 s\83496p01snr0.dat
1 82 -13.35 8 -10.735 -.35 0 0 0 -1 0 0 0 .35 8\4-4disc.dat
1 0 -13.35 8 -10.735 -.35 0 0 0 -1 0 0 0 .35 8\4-4ndis.dat
1 82 -14.2 8 -9.3 -.35 0 0 0 -1 0 0 0 .35 s\83496p01snr0.dat
1 82 -17.1 8 -9.3 -.35 0 0 0 -1 0 0 0 .35 s\83496p01snr0.dat
1 82 -20 8 -9.3 -.35 0 0 0 -1 0 0 0 .35 s\83496p01snr0.dat

0 // feet
1 82 -23.9 8 -9.3 -.35 0 0 0 -1 0 0 0 .35 s\83496p01slf.dat
1 82 -25.4 8 -9.3 -.35 0 0 0 -1 0 0 0 .35 s\83496p01sle.dat
1 82 -28.1 8 -9.3 -.35 0 0 0 -1 0 0 0 .35 s\83496p01sle.dat
1 82 -30.6 8 -9.3 -.35 0 0 0 -1 0 0 0 .35 s\83496p01slt.dat

0 // Sixth row
0 // TOTAL
1 82 40.4 8 -14.8 -.35 0 0 0 -1 0 0 0 .35 s\83496p01sut.dat
1 82 37.6 8 -14.8 -.35 0 0 0 -1 0 0 0 .35 s\83496p01suo.dat
1 82 34.4 8 -14.8 -.35 0 0 0 -1 0 0 0 .35 s\83496p01sut.dat
1 82 32.1 8 -14.8 -.35 0 0 0 -1 0 0 0 .35 s\83496p01sua.dat
1 82 28.7 8 -14.8 -.35 0 0 0 -1 0 0 0 .35 s\83496p01sul.dat

0 // MAXIMUM
1 82 25.3 8 -14.8 -.35 0 0 0 -1 0 0 0 .35 s\83496p01sum.dat
1 82 22 8 -14.8 -.35 0 0 0 -1 0 0 0 .35 s\83496p01sua.dat
1 82 18.955 8 -14.8 -.35 0 0 0 -1 0 0 0 .35 s\83496p01sux.dat
1 82 15.9 8 -14.8 -.35 0 0 0 -1 0 0 0 .35 s\83496p01sui.dat
1 82 14.5 8 -14.8 -.35 0 0 0 -1 0 0 0 .35 s\83496p01sum.dat
1 82 11 8 -14.8 -.35 0 0 0 -1 0 0 0 .35 s\83496p01suu.dat
1 82 7.7 8 -14.8 -.35 0 0 0 -1 0 0 0 .35 s\83496p01sum.dat

0 // THRUST:
1 82 3.4 8 -14.8 -.35 0 0 0 -1 0 0 0 .35 s\83496p01sut.dat
1 82 .4 8 -14.8 -.35 0 0 0 -1 0 0 0 .35 s\83496p01suh.dat
1 82 -2.8 8 -14.8 -.35 0 0 0 -1 0 0 0 .35 s\83496p01sur.dat
1 82 -5.7 8 -14.8 -.35 0 0 0 -1 0 0 0 .35 s\83496p01suu.dat
1 82 -9 8 -14.8 -.35 0 0 0 -1 0 0 0 .35 s\83496p01sus.dat
1 82 -11.1 8 -14.8 -.35 0 0 0 -1 0 0 0 .35 s\83496p01sut.dat
1 82 -14 8 -14.8 -.35 0 0 0 -1 0 0 0 .35 s\83496p01scolon.dat
1 0 -14.35 8 -14.345 -.35 0 0 0 -1 0 0 0 .35 8\4-4ndis.dat
1 0 -14.35 8 -16.235 -.35 0 0 0 -1 0 0 0 .35 8\4-4ndis.dat

0 // 152.200
1 82 -16.5 8 -14.8 -.35 0 0 0 -1 0 0 0 .35 s\83496p01snr1.dat
1 82 -18.5 8 -14.8 -.35 0 0 0 -1 0 0 0 .35 s\83496p01snr5.dat
1 82 -20.9 8 -14.8 -.35 0 0 0 -1 0 0 0 .35 s\83496p01snr2.dat
1 82 -23.85 8 -16.235 -.35 0 0 0 -1 0 0 0 .35 8\4-4disc.dat
1 0 -23.85 8 -16.235 -.35 0 0 0 -1 0 0 0 .35 8\4-4ndis.dat
1 82 -24.8 8 -14.8 -.35 0 0 0 -1 0 0 0 .35 s\83496p01snr2.dat
1 82 -27.5 8 -14.8 -.35 0 0 0 -1 0 0 0 .35 s\83496p01snr0.dat
1 82 -30.4 8 -14.8 -.35 0 0 0 -1 0 0 0 .35 s\83496p01snr0.dat

0 // lbs
1 82 -34.6 8 -14.8 -.35 0 0 0 -1 0 0 0 .35 s\83496p01sll.dat
1 82 -35.7 8 -14.8 -.35 0 0 0 -1 0 0 0 .35 s\83496p01slb.dat
1 82 -38.5 8 -14.8 -.35 0 0 0 -1 0 0 0 .35 s\83496p01sls.dat

0 // Seventh row
0 // THE
1 82 58.1 8 -22.9 -.35 0 0 0 -1 0 0 0 .35 s\83496p01sut.dat
1 82 55.1 8 -22.9 -.35 0 0 0 -1 0 0 0 .35 s\83496p01suh.dat
1 82 51.9 8 -22.9 -.35 0 0 0 -1 0 0 0 .35 s\83496p01sue.dat

0 // LEGO
1 82 47.9 8 -22.9 -.35 0 0 0 -1 0 0 0 .35 s\83496p01sul.dat
1 82 45.4 8 -22.9 -.35 0 0 0 -1 0 0 0 .35 s\83496p01sue.dat
1 82 43.1 8 -22.9 -.35 0 0 0 -1 0 0 0 .35 s\83496p01sug.dat
1 82 39.7 8 -22.9 -.35 0 0 0 -1 0 0 0 .35 s\83496p01suo.dat

0 // GROUP
1 82 35.1 8 -22.9 -.35 0 0 0 -1 0 0 0 .35 s\83496p01sug.dat
1 82 31.6 8 -22.9 -.35 0 0 0 -1 0 0 0 .35 s\83496p01sur.dat
1 82 28.9 8 -22.9 -.35 0 0 0 -1 0 0 0 .35 s\83496p01suo.dat
1 82 25.3 8 -22.9 -.35 0 0 0 -1 0 0 0 .35 s\83496p01suu.dat
1 82 22.1 8 -22.9 -.35 0 0 0 -1 0 0 0 .35 s\83496p01sup.dat

0 // BILLUND
1 82 18.2 8 -22.9 -.35 0 0 0 -1 0 0 0 .35 s\83496p01sub.dat
1 82 15.3 8 -22.9 -.35 0 0 0 -1 0 0 0 .35 s\83496p01sui.dat
1 82 14.1 8 -22.9 -.35 0 0 0 -1 0 0 0 .35 s\83496p01sul.dat
1 82 11.8 8 -22.9 -.35 0 0 0 -1 0 0 0 .35 s\83496p01sul.dat
1 82 9.5 8 -22.9 -.35 0 0 0 -1 0 0 0 .35 s\83496p01suu.dat
1 82 6.2 8 -22.9 -.35 0 0 0 -1 0 0 0 .35 s\83496p01sun.dat
1 82 2.9 8 -22.9 -.35 0 0 0 -1 0 0 0 .35 s\83496p01sud.dat
1 82 .2 8 -22.9 -.35 0 0 0 -1 0 0 0 .35 s\83496p01scomma.dat

0 // DK:
1 82 -2.6 8 -22.9 -.35 0 0 0 -1 0 0 0 .35 s\83496p01sud.dat
1 82 -5.7 8 -22.9 -.35 0 0 0 -1 0 0 0 .35 s\83496p01suk.dat
1 82 -8.6 8 -22.9 -.35 0 0 0 -1 0 0 0 .35 s\83496p01scolon.dat

1 0 -8.95 8 -22.445 -.35 0 0 0 -1 0 0 0 .35 8\4-4ndis.dat
1 0 -8.95 8 -24.335 -.35 0 0 0 -1 0 0 0 .35 8\4-4ndis.dat

0 // AIRBUS,
1 82 -10.8 8 -22.9 -.35 0 0 0 -1 0 0 0 .35 s\83496p01sua.dat
1 82 -14.1 8 -22.9 -.35 0 0 0 -1 0 0 0 .35 s\83496p01sui.dat
1 82 -15.4 8 -22.9 -.35 0 0 0 -1 0 0 0 .35 s\83496p01sur.dat
1 82 -18.3 8 -22.9 -.35 0 0 0 -1 0 0 0 .35 s\83496p01sub.dat
1 82 -21.1 8 -22.9 -.35 0 0 0 -1 0 0 0 .35 s\83496p01suu.dat
1 82 -24.3 8 -22.9 -.35 0 0 0 -1 0 0 0 .35 s\83496p01sus.dat
1 82 -26.7 8 -22.9 -.35 0 0 0 -1 0 0 0 .35 s\83496p01scomma.dat

0 // BLAGNAC,
1 82 -29.6 8 -22.9 -.35 0 0 0 -1 0 0 0 .35 s\83496p01sub.dat
1 82 -32.2 8 -22.9 -.35 0 0 0 -1 0 0 0 .35 s\83496p01sul.dat
1 82 -34.5 8 -22.9 -.35 0 0 0 -1 0 0 0 .35 s\83496p01sua.dat
1 82 -37.4 8 -22.9 -.35 0 0 0 -1 0 0 0 .35 s\83496p01sug.dat
1 82 -41 8 -22.9 -.35 0 0 0 -1 0 0 0 .35 s\83496p01sun.dat
1 82 -43.9 8 -22.9 -.35 0 0 0 -1 0 0 0 .35 s\83496p01sua.dat
1 82 -47.1 8 -22.9 -.35 0 0 0 -1 0 0 0 .35 s\83496p01suc.dat
1 82 -50.1 8 -22.9 -.35 0 0 0 -1 0 0 0 .35 s\83496p01scomma.dat

0 // FR,
1 82 -52.9 8 -22.9 -.35 0 0 0 -1 0 0 0 .35 s\83496p01suf.dat
1 82 -55.4 8 -22.9 -.35 0 0 0 -1 0 0 0 .35 s\83496p01sur.dat

0 // Eight row
0 // Model
1 0 23.127 8 -34.568 -.5 0 0 0 -1 0 0 0 .5 s\83496p01sum.dat
1 0 18.207 8 -34.568 -.5 0 0 0 -1 0 0 0 .5 s\83496p01slo.dat
1 0 14.121 8 -34.568 -.5 0 0 0 -1 0 0 0 .5 s\83496p01sld.dat
1 0 10.178 8 -34.568 -.5 0 0 0 -1 0 0 0 .5 s\83496p01sle.dat
1 0 6.085 8 -34.568 -.5 0 0 0 -1 0 0 0 .5 s\83496p01sll.dat

0 // nr.
1 0 2.587 8 -34.568 -.5 0 0 0 -1 0 0 0 .5 s\83496p01sln.dat
1 0 -1.388 8 -34.568 -.5 0 0 0 -1 0 0 0 .5 s\83496p01slr.dat
1 0 -4.001 8 -36.618 -.5 0 0 0 -1 0 0 0 .5 8\4-4disc.dat
1 82 -4.001 8 -36.618 -.5 0 0 0 -1 0 0 0 .5 8\4-4ndis.dat

0 // 10318
1 0 -6.982 8 -34.714 -.5 0 0 0 -1 0 0 0 .5 s\83496p01snr1.dat
1 0 -9.937 8 -34.714 -.5 0 0 0 -1 0 0 0 .5 s\83496p01snr0.dat
1 0 -13.937 8 -34.714 -.5 0 0 0 -1 0 0 0 .5 s\83496p01snr3.dat
1 0 -17.437 8 -34.714 -.5 0 0 0 -1 0 0 0 .5 s\83496p01snr1.dat
1 0 -20.137 8 -34.714 -.5 0 0 0 -1 0 0 0 .5 s\83496p01snr8.dat

0 // Border
1 0 -41.2 8 -32.2 5 0 0 0 -1 0 0 0 -5 1-4chrd.dat
1 0 41.2 8 -32.2 -5 0 0 0 -1 0 0 0 -5 1-4chrd.dat
1 0 -33.2 8 -32.2 -3 0 0 0 -1 0 0 0 3 1-4ndis.dat
1 0 33.2 8 -32.2 3 0 0 0 -1 0 0 0 3 1-4ndis.dat

0 // Filling
0 // Black
4 0 65.36 8 21.98 58 8 20 38.667 8 20 43.574 8 21.98
4 0 21.786 8 21.98 43.574 8 21.98 38.667 8 20 19.333 8 20
4 0 0 8 21.98 21.786 8 21.98 19.333 8 20 0 8 20
4 0 0 8 21.98 0 8 20 -19.333 8 20 -21.786 8 21.98
4 0 -21.786 8 21.98 -19.333 8 20 -38.667 8 20 -43.574 8 21.98
4 0 -43.574 8 21.98 -38.667 8 20 -58 8 20 -65.36 8 21.98

4 0 58 8 19 59.485 8 14.05 58.808 8 13.923 57.3 8 14.05
3 0 57.3 8 14.05 58.808 8 13.923 58.287 8 13.597
3 0 57.3 8 14.05 58.287 8 13.597 57.954 8 13.085
4 0 57.954 8 13.085 57.845 8 12.418 57.3 8 10.55 57.3 8 14.05
3 0 57.3 8 10.55 57.845 8 12.418 57.955 8 11.601
3 0 57.3 8 10.55 57.955 8 11.601 58.291 8 11.017
3 0 57.3 8 10.55 58.291 8 11.017 58.852 8 10.667
4 0 56.223 8 8.124 57.3 8 10.55 58.852 8 10.667 59.636 8 10.55
4 0 59.466 8 11.097 59.513 8 13.484 59.787 8 13.465 59.787 8 11.107
4 0 59.018 8 11.196 59.059 8 13.415 59.513 8 13.484 59.466 8 11.097
4 0 58.692 8 11.493 58.735 8 13.208 59.059 8 13.415 59.018 8 11.196
4 0 58.53 8 11.885 58.54 8 12.863 58.735 8 13.208 58.692 8 11.493
3 0 58.54 8 12.863 58.53 8 11.885 58.475 8 12.38
4 0 55.545 8 12.654 55.104 8 13.511 56.687 8 13.511 56.687 8 12.654
4 0 55.104 8 13.511 55.545 8 12.654 54.604 8 12.696 54.7 8 13.135
4 0 54.314 8 12.361 54.604 8 12.696 55.545 8 12.654 55.545 8 12.135
4 0 55.104 8 11.097 54.484 8 11.295 54.314 8 12.361 55.545 8 12.135
3 0 54.314 8 12.361 54.484 8 11.295 53.88 8 12.116
4 0 55.104 8 11.097 55.545 8 12.135 56.687 8 12.135 56.687 8 11.097
4 0 55.104 8 10.55 54.7 8 10.739 54.484 8 11.295 55.104 8 11.097
4 0 54.738 8 8.612 54.298 8 10.59 54.7 8 10.739 55.104 8 10.55
4 0 53.446 8 11.843 53.88 8 12.116 54.484 8 11.295 53.767 8 11.041
4 0 53.364 8 11.135 53.23 8 11.418 53.446 8 11.843 53.767 8 11.041
4 0 55.104 8 14.05 55.104 8 13.511 54.7 8 13.135 54.623 8 13.524
3 0 55.104 8 14.05 54.623 8 13.524 54.39 8 13.824
4 0 58 8 19 55.104 8 14.05 54.39 8 13.824 54.06 8 14.008
4 0 58 8 19 53.138 8 14.012 52.777 8 13.842 52.1 8 14.05
4 0 52.958 8 12.22 52.1 8 14.05 52.777 8 13.842 52.965 8 13.314
3 0 52.1 8 14.05 52.958 8 12.22 52.701 8 11.88
4 0 52.1 8 10.55 52.1 8 14.05 52.701 8 11.88 52.618 8 11.456
3 0 52.1 8 10.55 52.618 8 11.456 52.713 8 11.036
3 0 52.1 8 10.55 52.713 8 11.036 53.003 8 10.72
4 0 52.987 8 8.65 52.1 8 10.55 53.003 8 10.72 53.381 8 10.585
3 0 52.958 8 12.22 52.965 8 13.314 53.428 8 12.522
4 0 53.644 8 13.54 53.923 8 12.838 53.428 8 12.522 52.965 8 13.314
4 0 54.088 8 13.144 53.923 8 12.838 53.644 8 13.54 53.965 8 13.446
3 0 50.431 8 13.569 51.47 8 14.05 50.785 8 12.998
4 0 50.785 8 12.998 51.47 8 14.05 51.47 8 10.55 50.9 8 12.267
3 0 50.9 8 12.267 51.47 8 10.55 50.802 8 11.559
3 0 50.802 8 11.559 51.47 8 10.55 50.498 8 11.003
4 0 49.186 8 11.041 48.648 8 11.22 48.648 8 11.899 49.13 8 11.899
4 0 49.997 8 11.39 49.653 8 11.128 49.186 8 11.041 49.13 8 11.899
4 0 50.262 8 12.248 50.195 8 11.769 49.997 8 11.39 49.13 8 11.899
4 0 49.13 8 11.899 49.13 8 12.418 50.195 8 12.75 50.262 8 12.248
4 0 49.644 8 13.427 49.997 8 13.144 50.195 8 12.75 49.13 8 12.418
4 0 48.78 8 13.427 49.167 8 13.522 49.644 8 13.427 49.13 8 12.418
4 0 48.034 8 12.418 48.441 8 13.229 48.78 8 13.427 49.13 8 12.418
4 0 47.4 8 14.05 48.034 8 13.729 48.441 8 13.229 48.034 8 12.418
4 0 48.034 8 10.871 47.4 8 10.55 47.4 8 14.05 48.034 8 12.418
3 0 45.476 8 14.05 47.108 8 14.05 45.476 8 11.918
4 0 45.213 8 8.65 45.137 8 10.55 46.816 8 12.692 46.816 8 10.55
4 0 44.891 8 14.05 44.891 8 10.55 44.2 8 10.55 44.2 8 14.05
4 0 43.587 8 13.511 43.587 8 12.654 42.445 8 12.654 42.004 8 13.511
4 0 42.445 8 12.654 42.445 8 12.135 42.004 8 11.097 42.004 8 13.511
3 0 42.004 8 13.511 42.004 8 11.097 41.6 8 10.55
3 0 41.6 8 10.55 42.004 8 11.097 42.004 8 10.55
4 0 41.6 8 10.55 41.6 8 14.05 42.004 8 14.05 42.004 8 13.511
4 0 42.004 8 11.097 42.445 8 12.135 43.587 8 12.135 43.587 8 11.097
4 0 40.713 8 13.484 40.987 8 13.465 40.987 8 11.107 40.666 8 11.097
4 0 40.218 8 11.196 40.259 8 13.415 40.713 8 13.484 40.666 8 11.097
4 0 39.935 8 13.208 40.259 8 13.415 40.218 8 11.196 39.892 8 11.493
4 0 39.74 8 12.863 39.935 8 13.208 39.892 8 11.493 39.73 8 11.885
3 0 39.675 8 12.38 39.74 8 12.863 39.73 8 11.885
3 0 37.8 8 10.55 39.045 8 12.418 39.155 8 11.601
3 0 37.8 8 10.55 39.155 8 11.601 39.491 8 11.017
4 0 38.213 8 8.65 37.8 8 10.55 39.491 8 11.017 40.052 8 10.667
4 0 37.8 8 10.55 36.413 8 14.05 39.154 8 13.085 39.045 8 12.418
3 0 39.154 8 13.085 36.413 8 14.05 39.487 8 13.597
3 0 39.487 8 13.597 36.413 8 14.05 40.008 8 13.923
4 0 38.667 8 19 40.685 8 14.05 40.008 8 13.923 36.413 8 14.05
3 0 36.272 8 12.993 36.687 8 11.72 35.856 8 11.72
4 0 35.677 8 11.248 36.866 8 11.248 37.102 8 10.55 35.432 8 10.55
4 0 34.4 8 10.55 34.4 8 14.05 36.14 8 14.05 34.755 8 10.55
3 0 34.108 8 14.05 32.476 8 11.918 32.476 8 14.05
4 0 31 8 10.55 31 8 14.05 31.891 8 14.05 31.891 8 10.55
4 0 30.113 8 13.484 30.387 8 13.465 30.387 8 11.107 30.066 8 11.097
4 0 29.618 8 11.196 29.659 8 13.415 30.113 8 13.484 30.066 8 11.097
4 0 29.335 8 13.208 29.659 8 13.415 29.618 8 11.196 29.292 8 11.493
4 0 29.14 8 12.863 29.335 8 13.208 29.292 8 11.493 29.13 8 11.885
3 0 29.075 8 12.38 29.14 8 12.863 29.13 8 11.885
4 0 28.554 8 13.085 28.445 8 12.418 26.7 8 10.55 26.7 8 14.05
3 0 26.7 8 10.55 28.445 8 12.418 28.555 8 11.601
3 0 26.7 8 10.55 28.555 8 11.601 28.891 8 11.017
4 0 28.908 8 8.65 26.7 8 10.55 28.891 8 11.017 29.452 8 10.667
3 0 28.554 8 13.085 26.7 8 14.05 28.887 8 13.597
3 0 28.887 8 13.597 26.7 8 14.05 29.408 8 13.923
4 0 25.738 8 13.522 26.087 8 13.512 26.087 8 12.682 25.795 8 12.673
4 0 25.328 8 13.423 25.738 8 13.522 25.795 8 12.673 25.342 8 12.786
3 0 25.328 8 13.423 25.342 8 12.786 25.191 8 13.125
4 0 25.785 8 12.21 26.087 8 12.21 26.087 8 11.069 25.785 8 11.05
4 0 25.238 8 12.116 25.785 8 12.21 25.785 8 11.05 25.238 8 11.163
4 0 25.068 8 11.935 25.238 8 12.116 25.238 8 11.163 25.068 8 11.352
3 0 25.012 8 11.654 25.068 8 11.935 25.068 8 11.352
3 0 23.9 8 14.05 24.667 8 13.557 24.578 8 13.154
4 0 23.9 8 11.635 23.9 8 14.05 24.578 8 13.154 24.53 8 12.159
4 0 23.813 8 11.13 23.9 8 11.635 24.53 8 12.159 24.37 8 11.578
4 0 23.551 8 10.767 23.813 8 11.13 24.37 8 11.578 24.469 8 11.128
4 0 23.164 8 10.597 23.551 8 10.767 24.469 8 11.128 24.766 8 10.795
3 0 24.578 8 13.154 24.686 8 12.783 24.53 8 12.159
3 0 24.53 8 12.159 24.686 8 12.783 25.012 8 12.503
3 0 24.667 8 13.557 23.9 8 14.05 24.936 8 13.842
3 0 23.117 8 11.201 22.655 8 11.041 22.145 8 11.192
4 0 23.287 8 11.663 23.117 8 11.201 22.145 8 11.192 21.947 8 11.673
4 0 23.287 8 14.05 23.287 8 11.663 21.947 8 11.673 21.947 8 14.05
4 0 20.7 8 14.05 21.334 8 14.05 21.334 8 11.626 20.7 8 10.55
3 0 20.7 8 10.55 21.334 8 11.626 21.43 8 11.132
3 0 20.7 8 10.55 21.43 8 11.132 21.721 8 10.767
4 0 21.469 8 7.655 20.7 8 10.55 21.721 8 10.767 22.131 8 10.597
4 0 19.4 8 10.55 19.4 8 14.05 20.07 8 14.05 20.07 8 10.55
4 0 18.788 8 11.097 18 8 13.511 18 8 14.05 18.788 8 14.05
4 0 16.898 8 13.511 18 8 13.511 18.788 8 11.097 17.206 8 11.097
4 0 17.206 8 10.55 16.898 8 10.55 16.898 8 13.511 17.206 8 11.097
4 0 13.9 8 10.55 13.9 8 14.05 15.144 8 14.05 15.144 8 13.511
4 0 13.9 8 10.55 15.144 8 13.511 16.285 8 13.511 16.285 8 10.55
4 0 12.6 8 14.05 13.27 8 14.05 13.27 8 10.55 12.6 8 10.55
3 0 10.676 8 14.05 12.308 8 14.05 10.676 8 11.918
4 0 8.1 8 14.05 10.091 8 14.05 10.091 8 10.55 8.1 8 10.55
4 0 7.487 8 13.511 7.487 8 12.654 6.279 8 12.654 5.825 8 13.511
4 0 6.279 8 12.135 7.487 8 12.135 7.487 8 10.55 5.65 8 10.55
4 0 6.279 8 12.654 6.279 8 12.135 5.65 8 10.55 5.825 8 13.511
4 0 5.65 8 10.55 5.65 8 14.05 5.825 8 14.05 5.825 8 13.511
4 0 4.63 8 13.482 5.018 8 13.475 5.018 8 12.512 4.612 8 12.507
4 0 4.292 8 13.427 4.63 8 13.482 4.612 8 12.507 4.331 8 12.572
4 0 4.087 8 13.277 4.292 8 13.427 4.331 8 12.572 4.072 8 12.755
3 0 4.087 8 13.277 4.072 8 12.755 4.018 8 13.031
4 0 4.631 8 11.975 5.018 8 11.993 5.018 8 10.55 3.707 8 10.55
4 0 2.9 8 10.55 3.556 8 12.465 4.018 8 12.106 3.001 8 10.55
4 0 2.9 8 10.55 1.513 8 14.05 3.377 8 13.022 3.556 8 12.465
3 0 3.377 8 13.022 1.513 8 14.05 3.459 8 13.468
3 0 3.459 8 13.468 1.513 8 14.05 3.707 8 13.786
3 0 3.707 8 13.786 1.513 8 14.05 4.154 8 13.984
3 0 1.372 8 12.993 1.787 8 11.72 .956 8 11.72
4 0 1.966 8 11.248 2.202 8 10.55 .532 8 10.55 .777 8 11.248
4 0 -.182 8 8.65 -.3 8 10.55 -.3 8 14.05 -.145 8 10.55
3 0 -.885 8 12.692 -.885 8 10.55 -2.563 8 10.55
3 0 -3.4 8 12.267 -2.809 8 10.55 -3.49 8 11.562
3 0 -3.49 8 11.562 -2.809 8 10.55 -3.758 8 11.012
4 0 -3.86 8 8.65 -4.254 8 10.623 -3.758 8 11.012 -2.809 8 10.55
4 0 -2.809 8 10.55 -3.4 8 12.267 -3.504 8 12.949 -2.809 8 14.05
3 0 -2.809 8 14.05 -3.504 8 12.949 -3.815 8 13.522
4 0 0 8 19 -2.809 8 14.05 -3.815 8 13.522 -4.329 8 13.932
4 0 -5.412 8 11.128 -5.739 8 11.39 -5.683 8 13.314 -5.414 8 13.47
4 0 -4.975 8 11.041 -5.412 8 11.128 -5.414 8 13.47 -5.023 8 13.522
4 0 -4.558 8 11.135 -4.975 8 11.041 -5.023 8 13.522 -4.596 8 13.418
4 0 -4.249 8 11.418 -4.558 8 11.135 -4.596 8 13.418 -4.277 8 13.107
4 0 -4.042 8 12.239 -4.249 8 11.418 -4.277 8 13.107 -4.1 8 12.706
4 0 -5.683 8 13.314 -5.739 8 11.39 -6.022 8 10.89 -5.938 8 13.824
4 0 -6.7 8 14.05 -5.938 8 13.824 -6.022 8 10.89 -6.7 8 10.55
4 0 -7.313 8 13.511 -7.313 8 12.654 -8.455 8 12.654 -8.896 8 13.511
4 0 -8.455 8 12.135 -7.313 8 12.135 -7.313 8 11.097 -8.896 8 11.097
4 0 -8.896 8 13.511 -8.455 8 12.654 -8.455 8 12.135 -8.896 8 11.097
4 0 -8.896 8 13.511 -8.896 8 11.097 -10.1 8 10.55 -11.487 8 14.05
3 0 -8.896 8 13.511 -11.487 8 14.05 -8.896 8 14.05
3 0 -10.1 8 10.55 -8.896 8 11.097 -8.896 8 10.55
3 0 -11.628 8 12.993 -11.213 8 11.72 -12.044 8 11.72
4 0 -12.468 8 10.55 -12.223 8 11.248 -11.034 8 11.248 -10.798 8 10.55
4 0 -13.5 8 10.55 -13.5 8 14.05 -11.76 8 14.05 -13.145 8 10.55
3 0 -15.424 8 14.05 -13.792 8 14.05 -15.424 8 11.918
4 0 -16.9 8 10.55 -16.9 8 14.05 -16.009 8 14.05 -16.009 8 10.55
4 0 -17.834 8 11.097 -17.787 8 13.484 -17.513 8 13.465 -17.513 8 11.107
4 0 -18.282 8 11.196 -18.241 8 13.415 -17.787 8 13.484 -17.834 8 11.097
4 0 -18.608 8 11.493 -18.565 8 13.208 -18.241 8 13.415 -18.282 8 11.196
4 0 -18.77 8 11.885 -18.76 8 12.863 -18.565 8 13.208 -18.608 8 11.493
3 0 -18.76 8 12.863 -18.77 8 11.885 -18.825 8 12.38
4 0 -20.9 8 12.267 -19.455 8 12.418 -19.345 8 11.601 -20.998 8 11.559
4 0 -19.009 8 11.017 -21.303 8 11.003 -20.998 8 11.559 -19.345 8 11.601
4 0 -21.303 8 11.003 -19.009 8 11.017 -18.448 8 10.667 -21.826 8 10.621
4 0 -19.346 8 13.085 -19.455 8 12.418 -20.9 8 12.267 -21.015 8 12.998
4 0 -19.013 8 13.597 -19.346 8 13.085 -21.015 8 12.998 -21.369 8 13.569
4 0 -18.492 8 13.923 -19.013 8 13.597 -21.369 8 13.569 -21.925 8 13.944
4 0 -24.45 8 14.05 -23.767 8 13.729 -23.359 8 13.229 -23.767 8 12.418
4 0 -23.02 8 13.427 -22.67 8 12.418 -23.767 8 12.418 -23.359 8 13.229
3 0 -22.67 8 12.418 -23.02 8 13.427 -22.633 8 13.522
4 0 -21.803 8 13.144 -22.67 8 12.418 -22.633 8 13.522 -22.156 8 13.427
4 0 -21.538 8 12.248 -22.67 8 12.418 -21.803 8 13.144 -21.605 8 12.75
4 0 -22.67 8 11.899 -22.67 8 12.418 -21.538 8 12.248 -21.605 8 11.769
4 0 -22.147 8 11.128 -22.67 8 11.899 -21.605 8 11.769 -21.803 8 11.39
4 0 -23.152 8 11.22 -22.67 8 11.899 -22.147 8 11.128 -22.614 8 11.041
3 0 -22.67 8 11.899 -23.152 8 11.22 -23.152 8 11.899
4 0 -19.333 8 19 -23.175 8 13.984 -23.767 8 13.729 -24.45 8 14.05
4 0 -23.767 8 10.871 -24.45 8 10.55 -24.45 8 14.05 -23.767 8 12.418
4 0 -23.896 8 8.65 -24.45 8 10.55 -23.767 8 10.871 -23.17 8 10.588
4 0 -25.082 8 13.475 -25.082 8 12.512 -25.488 8 12.507 -25.47 8 13.482
4 0 -25.769 8 12.572 -25.808 8 13.427 -25.47 8 13.482 -25.488 8 12.507
4 0 -25.808 8 13.427 -25.769 8 12.572 -26.028 8 12.755 -26.013 8 13.277
3 0 -26.013 8 13.277 -26.028 8 12.755 -26.082 8 13.031
4 0 -25.082 8 11.993 -25.082 8 10.55 -26.393 8 10.55 -25.469 8 11.975
4 0 -27.4 8 10.55 -26.544 8 12.465 -26.082 8 12.106 -27.1 8 10.55
4 0 -27.4 8 14.05 -26.723 8 13.022 -26.544 8 12.465 -27.4 8 10.55
3 0 -26.723 8 13.022 -27.4 8 14.05 -26.641 8 13.468
3 0 -26.641 8 13.468 -27.4 8 14.05 -26.393 8 13.786
4 0 -19.333 8 19 -25.946 8 13.984 -26.393 8 13.786 -27.4 8 14.05
4 0 -29.155 8 12.654 -29.596 8 13.511 -28.013 8 13.511 -28.013 8 12.654
4 0 -29.596 8 11.097 -29.155 8 12.135 -28.013 8 12.135 -28.013 8 11.097
4 0 -29.155 8 12.135 -29.596 8 11.097 -29.596 8 13.511 -29.155 8 12.654
4 0 -29.7 8 10.55 -31.087 8 14.05 -29.596 8 13.511 -29.596 8 11.097
3 0 -29.7 8 10.55 -29.596 8 11.097 -29.596 8 10.55
3 0 -29.596 8 14.05 -29.596 8 13.511 -31.087 8 14.05
3 0 -31.228 8 12.993 -30.813 8 11.72 -31.644 8 11.72
4 0 -32.068 8 10.55 -31.823 8 11.248 -30.634 8 11.248 -30.398 8 10.55
3 0 -32.3 8 13.511 -32.3 8 14.05 -31.36 8 14.05
3 0 -32.3 8 13.511 -31.36 8 14.05 -32.745 8 10.55
4 0 -33.402 8 10.55 -33.402 8 13.511 -32.3 8 13.511 -32.745 8 10.55
4 0 -36.4 8 10.55 -35.156 8 13.511 -34.015 8 13.511 -34.015 8 10.55
4 0 -36.4 8 10.55 -36.4 8 14.05 -35.156 8 14.05 -35.156 8 13.511
4 0 -37.305 8 12.673 -37.362 8 13.522 -37.013 8 13.512 -37.013 8 12.682
4 0 -37.758 8 12.786 -37.772 8 13.423 -37.362 8 13.522 -37.305 8 12.673
3 0 -37.772 8 13.423 -37.758 8 12.786 -37.909 8 13.125
4 0 -37.013 8 12.21 -37.013 8 11.069 -37.315 8 11.05 -37.315 8 12.21
4 0 -37.315 8 12.21 -37.315 8 11.05 -37.862 8 11.163 -37.862 8 12.116
3 0 -37.862 8 12.116 -37.862 8 11.163 -38.032 8 11.935
4 0 -37.862 8 11.163 -38.032 8 11.352 -38.088 8 11.654 -38.032 8 11.935
3 0 -38.088 8 12.503 -38.57 8 12.159 -38.414 8 12.783
4 0 -39.2 8 14.05 -38.522 8 13.154 -38.414 8 12.783 -38.57 8 12.159
4 0 -39.2 8 10.55 -39.2 8 14.05 -38.57 8 12.159 -38.73 8 11.578
3 0 -39.2 8 10.55 -38.73 8 11.578 -38.631 8 11.128
3 0 -39.2 8 10.55 -38.631 8 11.128 -38.334 8 10.795
4 0 -38.49 8 8.65 -39.2 8 10.55 -38.334 8 10.795 -37.94 8 10.611
3 0 -38.522 8 13.154 -39.2 8 14.05 -38.433 8 13.557
3 0 -38.433 8 13.557 -39.2 8 14.05 -38.164 8 13.842
4 0 -39.832 8 13.475 -39.832 8 12.512 -40.238 8 12.507 -40.22 8 13.482
4 0 -40.519 8 12.572 -40.558 8 13.427 -40.22 8 13.482 -40.238 8 12.507
4 0 -40.558 8 13.427 -40.519 8 12.572 -40.778 8 12.755 -40.763 8 13.277
3 0 -40.763 8 13.277 -40.778 8 12.755 -40.832 8 13.031
4 0 -39.832 8 11.993 -39.832 8 10.55 -41.143 8 10.55 -40.219 8 11.975
4 0 -42.2 8 10.55 -41.294 8 12.465 -40.832 8 12.106 -41.85 8 10.55
4 0 -42.2 8 14.05 -41.473 8 13.022 -41.294 8 12.465 -42.2 8 10.55
3 0 -41.473 8 13.022 -42.2 8 14.05 -41.391 8 13.468
3 0 -41.391 8 13.468 -42.2 8 14.05 -41.143 8 13.786
4 0 -38.667 8 19 -40.696 8 13.984 -41.143 8 13.786 -42.2 8 14.05
4 0 -43.1 8 14.05 -42.83 8 14.05 -42.83 8 10.55 -43.1 8 13.511
4 0 -44.202 8 10.55 -44.202 8 13.511 -43.1 8 13.511 -42.83 8 10.55
4 0 -44.815 8 10.55 -45.4 8 10.55 -45.956 8 13.511 -44.815 8 13.511
3 0 -45.956 8 13.511 -45.4 8 10.55 -46.787 8 14.05
3 0 -45.956 8 13.511 -46.787 8 14.05 -45.956 8 14.05
3 0 -46.928 8 12.993 -46.513 8 11.72 -47.344 8 11.72
4 0 -47.768 8 10.55 -47.523 8 11.248 -46.334 8 11.248 -46.098 8 10.55
4 0 -48.8 8 10.55 -48.8 8 14.05 -47.06 8 14.05 -48.445 8 10.55
4 0 -49.43 8 14.05 -49.43 8 10.55 -50.1 8 10.55 -50.1 8 14.05
3 0 -52.024 8 14.05 -50.392 8 14.05 -52.024 8 11.918
4 0 -51.59 8 8.65 -52.363 8 10.55 -50.685 8 12.692 -50.685 8 10.55
4 0 -54.6 8 10.55 -54.6 8 14.05 -52.609 8 14.05 -52.609 8 10.55
4 0 -55.505 8 12.673 -55.562 8 13.522 -55.213 8 13.512 -55.213 8 12.682
4 0 -55.958 8 12.786 -55.972 8 13.423 -55.562 8 13.522 -55.505 8 12.673
3 0 -55.972 8 13.423 -55.958 8 12.786 -56.109 8 13.125
4 0 -55.213 8 12.21 -55.213 8 11.069 -55.515 8 11.05 -55.515 8 12.21
4 0 -56.062 8 11.163 -56.062 8 12.116 -55.515 8 12.21 -55.515 8 11.05
4 0 -56.062 8 12.116 -56.062 8 11.163 -56.232 8 11.352 -56.232 8 11.935
3 0 -56.232 8 11.935 -56.232 8 11.352 -56.288 8 11.654
3 0 -56.8 8 14.05 -56.364 8 13.842 -56.633 8 13.557
4 0 -58 8 19 -55.572 8 14.05 -56.364 8 13.842 -56.8 8 14.05
4 0 -57.962 8 11.968 -56.8 8 14.05 -56.633 8 13.557 -56.722 8 13.154
3 0 -57.962 8 11.968 -56.722 8 13.154 -56.614 8 12.783
4 0 -56.93 8 11.578 -57.962 8 11.968 -56.614 8 12.783 -56.77 8 12.159
3 0 -56.77 8 12.159 -56.614 8 12.783 -56.288 8 12.503
4 0 -57.962 8 11.968 -56.93 8 11.578 -56.831 8 11.128 -57.962 8 10.55
3 0 -57.962 8 10.55 -56.831 8 11.128 -56.534 8 10.795
3 0 -60.05 8 13.105 -59.734 8 14.05 -59.7 8 13.105
4 0 -58.573 8 10.55 -59.7 8 10.865 -59.7 8 11.215 -58.573 8 11.968
3 0 -58.573 8 11.968 -59.7 8 11.215 -59.7 8 12.405
3 0 -58.573 8 11.968 -59.7 8 12.405 -59.7 8 12.755
3 0 -58.573 8 11.968 -59.7 8 12.755 -59.7 8 13.105
3 0 -58.573 8 11.968 -59.7 8 13.105 -59.7344 8 14.05
4 0 -56.209 8 8.65 -59.7 8 10.515 -59.7 8 10.865 -58.573 8 10.55
4 0 -60.05 8 12.405 -59.7 8 12.405 -59.7 8 11.215 -60.05 8 11.215
4 0 -60.4 8 11.215 -60.4 8 12.405 -60.05 8 12.405 -60.05 8 11.215
3 0 58 8 19 57.3 8 14.05 55.104 8 14.05
3 0 58 8 19 54.06 8 14.008 53.654 8 14.05
3 0 58 8 19 53.654 8 14.05 53.138 8 14.012
3 0 58 8 19 52.1 8 14.05 51.47 8 14.05
4 0 50.431 8 13.569 49.875 8 13.944 58 8 19 51.47 8 14.05
3 0 58 8 19 49.875 8 13.944 49.148 8 14.05
3 0 58 8 19 49.148 8 14.05 48.625 8 13.984
4 0 48.034 8 13.729 47.4 8 14.05 58 8 19 48.625 8 13.984
4 0 38.667 8 19 58 8 19 47.4 8 14.05 47.108 8 14.05
3 0 38.667 8 19 47.108 8 14.05 45.476 8 14.05
3 0 38.667 8 19 45.476 8 14.05 44.891 8 14.05
3 0 38.667 8 19 44.891 8 14.05 44.2 8 14.05
3 0 38.667 8 19 44.2 8 14.05 42.004 8 14.05
3 0 38.667 8 19 42.004 8 14.05 41.6 8 14.05
3 0 38.667 8 19 41.6 8 14.05 40.685 8 14.05
3 0 38.667 8 19 36.413 8 14.05 36.14 8 14.05
3 0 38.667 8 19 36.14 8 14.05 34.4 8 14.05
3 0 38.667 8 19 34.4 8 14.05 34.108 8 14.05
3 0 38.667 8 19 34.108 8 14.05 32.476 8 14.05
3 0 38.667 8 19 32.476 8 14.05 31.891 8 14.05
3 0 38.667 8 19 31.891 8 14.05 31 8 14.05
3 0 38.667 8 19 31 8 14.05 30.085 8 14.05
4 0 26.7 8 14.05 38.667 8 19 30.085 8 14.05 29.408 8 13.923
4 0 25.728 8 14.05 19.333 8 19 38.667 8 19 26.7 8 14.05
4 0 24.936 8 13.842 23.9 8 14.05 19.333 8 19 25.728 8 14.05
3 0 19.333 8 19 23.9 8 14.05 23.287 8 14.05
3 0 19.333 8 19 23.287 8 14.05 21.947 8 14.05
3 0 19.333 8 19 21.947 8 14.05 21.334 8 14.05
3 0 19.333 8 19 21.334 8 14.05 20.7 8 14.05
3 0 19.333 8 19 20.7 8 14.05 20.07 8 14.05
3 0 19.333 8 19 20.07 8 14.05 19.4 8 14.05
3 0 19.333 8 19 19.4 8 14.05 18.788 8 14.05
3 0 19.333 8 19 18.788 8 14.05 18 8 14.05
3 0 19.333 8 19 18 8 14.05 15.144 8 14.05
3 0 19.333 8 19 15.144 8 14.05 13.9 8 14.05
3 0 19.333 8 19 13.9 8 14.05 13.27 8 14.05
3 0 19.333 8 19 13.27 8 14.05 12.6 8 14.05
3 0 19.333 8 19 12.6 8 14.05 12.308 8 14.05
3 0 19.333 8 19 12.308 8 14.05 10.676 8 14.05
3 0 19.333 8 19 10.676 8 14.05 10.091 8 14.05
4 0 0 8 19 19.333 8 19 10.091 8 14.05 8.1 8 14.05
3 0 0 8 19 8.1 8 14.05 5.825 8 14.05
3 0 0 8 19 5.825 8 14.05 5.65 8 14.05
3 0 0 8 19 5.65 8 14.05 4.697 8 14.05
4 0 1.513 8 14.05 0 8 19 4.697 8 14.05 4.154 8 13.984
3 0 0 8 19 1.513 8 14.05 1.24 8 14.05
4 0 -.145 8 10.55 -.3 8 14.05 0 8 19 1.24 8 14.05
3 0 0 8 19 -.3 8 14.05 -.592 8 14.05
4 0 -2.224 8 11.918 -2.224 8 14.05 0 8 19 -.592 8 14.05
3 0 0 8 19 -2.224 8 14.05 -2.809 8 14.05
3 0 0 8 19 -4.329 8 13.932 -4.985 8 14.069
3 0 0 8 19 -4.985 8 14.069 -5.52 8 14.008
4 0 -5.938 8 13.824 -6.7 8 14.05 0 8 19 -5.52 8 14.008
3 0 0 8 19 -6.7 8 14.05 -8.896 8 14.05
3 0 0 8 19 -8.896 8 14.05 -11.487 8 14.05
4 0 -19.333 8 19 0 8 19 -11.487 8 14.05 -11.76 8 14.05
3 0 -19.333 8 19 -11.76 8 14.05 -13.5 8 14.05
3 0 -19.333 8 19 -13.5 8 14.05 -13.792 8 14.05
3 0 -19.333 8 19 -13.792 8 14.05 -15.424 8 14.05
3 0 -19.333 8 19 -15.424 8 14.05 -16.009 8 14.05
3 0 -19.333 8 19 -16.009 8 14.05 -16.9 8 14.05
3 0 -19.333 8 19 -16.9 8 14.05 -17.815 8 14.05
3 0 -19.333 8 19 -17.815 8 14.05 -18.492 8 13.923
4 0 -18.492 8 13.923 -21.925 8 13.944 -22.652 8 14.05 -19.333 8 19
3 0 -19.333 8 19 -22.652 8 14.05 -23.175 8 13.984
3 0 -19.333 8 19 -24.45 8 14.05 -25.403 8 14.05
3 0 -19.333 8 19 -25.403 8 14.05 -25.946 8 13.984
3 0 -19.333 8 19 -27.4 8 14.05 -29.596 8 14.05
3 0 -19.333 8 19 -29.596 8 14.05 -31.087 8 14.05
4 0 -38.667 8 19 -19.333 8 19 -31.087 8 14.05 -31.36 8 14.05
3 0 -38.667 8 19 -31.36 8 14.05 -32.3 8 14.05
3 0 -38.667 8 19 -32.3 8 14.05 -35.156 8 14.05
3 0 -38.667 8 19 -35.156 8 14.05 -36.4 8 14.05
3 0 -38.667 8 19 -36.4 8 14.05 -37.372 8 14.05
4 0 -38.164 8 13.842 -39.2 8 14.05 -38.667 8 19 -37.372 8 14.05
3 0 -38.667 8 19 -39.2 8 14.05 -40.153 8 14.05
3 0 -38.667 8 19 -40.153 8 14.05 -40.696 8 13.984
3 0 -38.667 8 19 -42.2 8 14.05 -42.83 8 14.05
3 0 -38.667 8 19 -42.83 8 14.05 -43.1 8 14.05
3 0 -38.667 8 19 -43.1 8 14.05 -45.956 8 14.05
3 0 -38.667 8 19 -45.956 8 14.05 -46.787 8 14.05
3 0 -38.667 8 19 -46.787 8 14.05 -47.06 8 14.05
3 0 -38.667 8 19 -47.06 8 14.05 -48.8 8 14.05
3 0 -38.667 8 19 -48.8 8 14.05 -49.43 8 14.05
3 0 -38.667 8 19 -49.43 8 14.05 -50.1 8 14.05
3 0 -38.667 8 19 -50.1 8 14.05 -50.392 8 14.05
3 0 -38.667 8 19 -50.392 8 14.05 -52.024 8 14.05
4 0 -52.024 8 14.05 -52.609 8 14.05 -58 8 19 -38.667 8 19
3 0 -58 8 19 -52.609 8 14.05 -54.6 8 14.05
3 0 -58 8 19 -54.6 8 14.05 -55.572 8 14.05
3 0 -58 8 19 -56.8 8 14.05 -57.449 8 14.05
4 0 -58.263 8 12.534 -59.086 8 14.05 -58 8 19 -57.449 8 14.05
4 0 53.833 8 10.55 54.298 8 10.59 54.738 8 8.612 54.377 8 8.442
4 0 53.381 8 10.585 53.833 8 10.55 54.377 8 8.442 53.6 8 8.65
3 0 53.381 8 10.585 53.6 8 8.65 52.987 8 8.65
4 0 51.47 8 10.55 52.1 8 10.55 52.987 8 8.65 51.647 8 8.65
3 0 51.47 8 10.55 51.647 8 8.65 51.034 8 8.65
4 0 50.498 8 11.003 51.47 8 10.55 51.034 8 8.65 49.974 8 10.621
4 0 49.29 8 10.494 49.974 8 10.621 51.034 8 8.65 50.5 8 8.65
4 0 48.63 8 10.588 49.29 8 10.494 50.5 8 8.65 49.585 8 8.65
3 0 48.63 8 10.588 49.585 8 8.65 48.908 8 8.523
4 0 48.034 8 10.871 48.63 8 10.588 48.908 8 8.523 47.4 8 10.55
4 0 47.4 8 10.55 48.908 8 8.523 45.213 8 8.65 46.816 8 10.55
4 0 45.213 8 8.65 44.94 8 8.65 44.891 8 10.55 45.137 8 10.55
4 0 43.9 8 8.65 44.2 8 10.55 44.891 8 10.55 44.94 8 8.65
4 0 43.9 8 8.65 43.221 8 8.65 42.004 8 10.55 44.2 8 10.55
4 0 41.58 8 8.65 41.6 8 10.55 42.004 8 10.55 43.221 8 8.65
4 0 40.919 8 8.65 40.836 8 10.55 41.6 8 10.55 41.58 8 8.65
4 0 40.052 8 10.667 40.836 8 10.55 40.919 8 8.65 40.5 8 8.65
3 0 40.052 8 10.667 40.5 8 8.65 39.87 8 8.65
3 0 40.052 8 10.667 39.87 8 8.65 38.213 8 8.65
4 0 37.102 8 10.55 37.8 8 10.55 38.213 8 8.65 37.94 8 8.65
4 0 35.432 8 10.55 37.102 8 10.55 37.94 8 8.65 37 8 8.65
4 0 35.432 8 10.55 37 8 8.65 34.144 8 8.65 34.755 8 10.55
3 0 34.755 8 10.55 34.144 8 8.65 34.4 8 10.55
4 0 33.9 8 8.65 33.816 8 10.55 34.4 8 10.55 34.144 8 8.65
3 0 33.816 8 10.55 33.9 8 8.65 33.27 8 8.65
4 0 33.816 8 12.692 33.816 8 10.55 33.27 8 8.65 32.137 8 10.55
4 0 31.891 8 10.55 32.137 8 10.55 33.27 8 8.65 31.937 8 8.532
4 0 31.937 8 8.532 31.31 8 8.65 31 8 10.55 31.891 8 10.55
4 0 30.236 8 10.55 31 8 10.55 31.31 8 8.65 30.631 8 8.544
4 0 30.631 8 8.544 29.2 8 8.65 29.452 8 10.667 30.236 8 10.55
3 0 29.452 8 10.667 29.2 8 8.65 28.908 8 8.65
3 0 26.7 8 10.55 28.908 8 8.65 27.276 8 8.65
4 0 25.644 8 10.55 26.7 8 10.55 27.276 8 8.65 26.691 8 8.65
4 0 23.911 8 7.726 25.16 8 10.611 25.644 8 10.55 26.691 8 8.65
4 0 24.766 8 10.795 25.16 8 10.611 23.911 8 7.726 23.164 8 10.597
4 0 22.645 8 10.55 23.164 8 10.597 23.911 8 7.726 23.369 8 7.645
4 0 23.369 8 7.645 22.3 8 7.726 22.131 8 10.597 22.645 8 10.55
3 0 22.131 8 10.597 22.3 8 7.726 21.875 8 7.726
3 0 20.7 8 10.55 21.469 8 7.655 21.054 8 7.726
4 0 21.054 8 7.726 20.644 8 7.655 20.07 8 10.55 20.7 8 10.55
4 0 17.963 8 8.65 19.4 8 10.55 20.07 8 10.55 20.644 8 7.655
4 0 17.369 8 8.65 17.206 8 10.55 19.4 8 10.55 17.963 8 8.65
3 0 17.206 8 10.55 17.369 8 8.65 16.898 8 10.55
4 0 16.898 8 10.55 17.369 8 8.65 15.4 8 8.65 16.285 8 10.55
4 0 14.428 8 8.65 13.9 8 10.55 16.285 8 10.55 15.4 8 8.65
4 0 13.27 8 10.55 13.9 8 10.55 14.428 8 8.65 13.636 8 8.442
4 0 12.6 8 10.55 13.27 8 10.55 13.636 8 8.442 12.6 8 8.65
4 0 12.6 8 10.55 12.6 8 8.65 11.647 8 8.65 12.016 8 10.55
3 0 12.016 8 10.55 11.647 8 8.65 11.104 8 8.584
4 0 12.016 8 12.692 12.016 8 10.55 11.104 8 8.584 10.337 8 10.55
4 0 10.337 8 10.55 11.104 8 8.584 9.6 8 8.65 10.091 8 10.55
3 0 10.091 8 10.55 9.6 8 8.65 8.97 8 8.65
4 0 8.7 8 8.65 8.1 8 10.55 10.091 8 10.55 8.97 8 8.65
4 0 5.844 8 8.65 7.487 8 10.55 8.1 8 10.55 8.7 8 8.65
4 0 5.7 8 8.65 5.65 8 10.55 7.487 8 10.55 5.844 8 8.65
4 0 5.07 8 8.65 5.018 8 10.55 5.65 8 10.55 5.7 8 8.65
4 0 3.76 8 8.608 3.707 8 10.55 5.018 8 10.55 5.07 8 8.65
4 0 3.76 8 8.608 3.354 8 8.65 3.001 8 10.55 3.707 8 10.55
4 0 2.9 8 10.55 3.001 8 10.55 3.354 8 8.65 2.838 8 8.612
4 0 2.9 8 10.55 2.838 8 8.612 1.8 8 8.65 2.202 8 10.55
4 0 1.8 8 8.65 1.186 8 8.65 .532 8 10.55 2.202 8 10.55
4 0 .532 8 10.55 1.186 8 8.65 -.182 8 8.65 -.145 8 10.55
4 0 -.182 8 8.65 -.795 8 8.65 -.885 8 10.55 -.3 8 10.55
4 0 -3.587 8 8.65 -2.563 8 10.55 -.885 8 10.55 -.795 8 8.65
4 0 -3.86 8 8.65 -2.809 8 10.55 -2.563 8 10.55 -3.587 8 8.65
4 0 -4.254 8 10.623 -3.86 8 8.65 -5.5 8 8.65 -4.928 8 10.494
4 0 -4.928 8 10.494 -5.5 8 8.65 -6.13 8 8.65 -5.565 8 10.592
4 0 -6.022 8 10.89 -5.565 8 10.592 -6.13 8 8.65 -6.7 8 10.55
4 0 -8.896 8 10.55 -6.7 8 10.55 -6.8 8 8.65 -7.753 8 8.65
4 0 -10.1 8 10.55 -8.896 8 10.55 -7.753 8 8.65 -8.296 8 8.584
4 0 -10.429 8 8.532 -11.085 8 8.669 -10.1 8 10.55 -8.296 8 8.584
3 0 -10.1 8 10.55 -11.085 8 8.669 -10.798 8 10.55
4 0 -11.62 8 8.608 -12.468 8 10.55 -10.798 8 10.55 -11.085 8 8.669
4 0 -13.145 8 10.55 -12.468 8 10.55 -11.62 8 8.608 -12.8 8 8.65
4 0 -13.145 8 10.55 -12.8 8 8.65 -13.753 8 8.65 -13.5 8 10.55
4 0 -13.5 8 10.55 -13.753 8 8.65 -14.296 8 8.584 -14.085 8 10.55
4 0 -14.085 8 12.692 -14.085 8 10.55 -14.296 8 8.584 -15.763 8 10.55
4 0 -16.837 8 8.65 -16.009 8 10.55 -15.763 8 10.55 -14.296 8 8.584
4 0 -17.11 8 8.65 -16.9 8 10.55 -16.009 8 10.55 -16.837 8 8.65
3 0 -16.9 8 10.55 -17.11 8 8.65 -17.664 8 10.55
4 0 -17.664 8 10.55 -17.11 8 8.65 -18.67 8 8.65 -18.448 8 10.667
4 0 -20.945 8 8.111 -21.04 8 8.111 -21.04 8 8.65 -20.945 8 8.65
4 0 -20.945 8 8.65 -21.04 8 8.65 -21.826 8 10.621 -18.448 8 10.667
3 0 -20.945 8 8.65 -18.448 8 10.667 -18.67 8 8.65
3 0 -21.826 8 10.621 -21.04 8 8.65 -22.51 8 10.494
4 0 -23.896 8 8.65 -23.17 8 10.588 -22.51 8 10.494 -21.04 8 8.65
3 0 -24.45 8 10.55 -23.896 8 8.65 -25.082 8 10.55
4 0 -26.385 8 8.669 -26.393 8 10.55 -25.082 8 10.55 -25.729 8 8.532
4 0 -26.393 8 10.55 -26.385 8 8.669 -26.92 8 8.608 -27.1 8 10.55
4 0 -28.863 8 8.532 -27.4 8 10.55 -27.1 8 10.55 -26.92 8 8.608
4 0 -27.4 8 10.55 -28.863 8 8.532 -29.49 8 8.65 -29.596 8 10.55
4 0 -30.169 8 8.544 -29.7 8 10.55 -29.596 8 10.55 -29.49 8 8.65
4 0 -29.7 8 10.55 -30.169 8 8.544 -31.5 8 8.65 -30.398 8 10.55
4 0 -30.398 8 10.55 -31.5 8 8.65 -32.453 8 8.65 -32.068 8 10.55
4 0 -32.068 8 10.55 -32.453 8 8.65 -32.996 8 8.584 -32.745 8 10.55
3 0 -32.745 8 10.55 -32.996 8 8.584 -33.402 8 10.55
4 0 -34.4 8 8.65 -34.015 8 10.55 -33.402 8 10.55 -32.996 8 8.584
4 0 -36.4 8 10.55 -34.015 8 10.55 -34.4 8 8.65 -35.119 8 8.65
3 0 -36.4 8 10.55 -35.119 8 8.65 -35.679 8 8.6
4 0 -37.456 8 10.55 -36.4 8 10.55 -35.679 8 8.6 -36.175 8 8.452
4 0 -37.94 8 10.611 -37.456 8 10.55 -36.175 8 8.452 -37.863 8 8.532
3 0 -37.94 8 10.611 -37.863 8 8.532 -38.49 8 8.65
4 0 -39.832 8 10.55 -39.2 8 10.55 -38.49 8 8.65 -39.169 8 8.544
4 0 -41.143 8 10.55 -39.832 8 10.55 -39.169 8 8.544 -40.65 8 8.65
4 0 -41.85 8 10.55 -41.143 8 10.55 -40.65 8 8.65 -41.603 8 8.65
4 0 -42.2 8 10.55 -41.85 8 10.55 -41.603 8 8.65 -42.146 8 8.584
3 0 -42.2 8 10.55 -42.146 8 8.584 -42.83 8 10.55
4 0 -44.687 8 8.65 -44.202 8 10.55 -42.83 8 10.55 -42.146 8 8.584
4 0 -44.96 8 8.65 -44.815 8 10.55 -44.202 8 10.55 -44.687 8 8.65
4 0 -45.84 8 8.65 -45.4 8 10.55 -44.815 8 10.55 -44.96 8 8.65
3 0 -45.4 8 10.55 -45.84 8 8.65 -46.098 8 10.55
4 0 -46.098 8 10.55 -45.84 8 8.65 -48.696 8 8.65 -47.768 8 10.55
3 0 -47.768 8 10.55 -48.696 8 8.65 -48.445 8 10.55
4 0 -49 8 8.65 -48.8 8 10.55 -48.445 8 10.55 -48.696 8 8.65
4 0 -49.63 8 8.65 -49.43 8 10.55 -48.8 8 10.55 -49 8 8.65
3 0 -49.43 8 10.55 -49.63 8 8.65 -50.1 8 10.55
4 0 -50.963 8 8.532 -50.685 8 10.55 -50.1 8 10.55 -49.63 8 8.65
3 0 -50.685 8 10.55 -50.963 8 8.532 -51.59 8 8.65
4 0 -52.609 8 10.55 -52.363 8 10.55 -51.59 8 8.65 -52.269 8 8.544
4 0 -54.6 8 10.55 -52.609 8 10.55 -52.269 8 8.544 -53.7 8 8.65
4 0 -55.656 8 10.55 -54.6 8 10.55 -53.7 8 8.65 -53.992 8 8.65
4 0 -56.14 8 10.611 -55.656 8 10.55 -53.992 8 8.65 -55.624 8 8.65
3 0 -56.14 8 10.611 -55.624 8 8.65 -56.209 8 8.65
4 0 -56.534 8 10.795 -56.14 8 10.611 -56.209 8 8.65 -57.962 8 10.55
3 0 -57.962 8 10.55 -56.209 8 8.65 -58.573 8 10.55
4 0 31.225 8 2.611 32.887 8 2.611 32.887 8 1.754 31.679 8 1.754
4 0 30.95 8 -.35 31.679 8 1.235 32.887 8 1.235 32.887 8 -.35
4 0 31.225 8 2.611 31.679 8 1.754 31.679 8 1.235 30.95 8 -.35
4 0 30.95 8 -.35 30.95 8 3.15 31.225 8 3.15 31.225 8 2.611
4 0 29.8 8 -.35 29.8 8 3.15 30.32 8 3.15 30.32 8 -.35
4 0 28.762 8 1.607 28.78 8 2.582 29.168 8 2.575 29.168 8 1.612
4 0 28.481 8 1.672 28.442 8 2.527 28.78 8 2.582 28.762 8 1.607
4 0 28.222 8 1.855 28.237 8 2.377 28.442 8 2.527 28.481 8 1.672
3 0 28.237 8 2.377 28.222 8 1.855 28.168 8 2.131
4 0 27.857 8 -.35 28.781 8 1.075 29.168 8 1.093 29.168 8 -.35
4 0 28.168 8 1.206 27.151 8 -.35 26.9 8 -.161 27.706 8 1.565
4 0 26.514 8 1.461 27.706 8 1.565 26.9 8 -.161 26.684 8 .395
4 0 27.527 8 2.122 27.706 8 1.565 26.514 8 1.461 26.804 8 1.796
4 0 27.609 8 2.568 27.527 8 2.122 26.804 8 1.796 26.9 8 2.235
4 0 27.857 8 2.886 27.609 8 2.568 26.9 8 2.235 26.823 8 2.624
3 0 27.857 8 2.886 26.823 8 2.624 26.59 8 2.924
4 0 26.26 8 3.108 28.304 8 3.084 27.857 8 2.886 26.59 8 2.924
4 0 25.967 8 .141 26.08 8 1.216 26.514 8 1.461 26.684 8 .395
4 0 25.43 8 .518 25.646 8 .943 26.08 8 1.216 25.967 8 .141
3 0 25.43 8 .518 25.967 8 .141 25.564 8 .235
4 0 26.123 8 1.938 25.844 8 2.64 26.165 8 2.546 26.288 8 2.244
4 0 25.844 8 2.64 26.123 8 1.938 25.628 8 1.622 25.165 8 2.414
4 0 24.6 8 2.611 25.165 8 2.414 25.628 8 1.622 25.158 8 1.32
4 0 25.165 8 2.414 24.6 8 2.611 24.6 8 3.15 24.977 8 2.942
4 0 24.6 8 2.611 25.158 8 1.32 24.901 8 .98 23.498 8 2.611
4 0 23.498 8 -.35 23.498 8 2.611 24.901 8 .98 24.818 8 .556
3 0 23.498 8 -.35 24.818 8 .556 24.913 8 .136
3 0 23.498 8 -.35 24.913 8 .136 25.203 8 -.18
4 0 20.6 8 -.35 21.744 8 2.611 22.885 8 2.611 22.885 8 -.35
4 0 20.6 8 -.35 20.6 8 3.15 21.744 8 3.15 21.744 8 2.611
4 0 19.987 8 1.754 18.779 8 1.754 18.325 8 2.611 19.987 8 2.611
3 0 18.325 8 2.611 18.779 8 1.754 18.779 8 1.235
4 0 19.987 8 1.235 19.987 8 -.35 18.05 8 -.35 18.779 8 1.235
4 0 18.779 8 1.235 18.05 8 -.35 18.05 8 3.15 18.325 8 2.611
4 0 17.438 8 .197 15.856 8 .197 15.6 8 3.15 17.438 8 3.15
4 0 15.856 8 -.35 15.6 8 -.35 15.6 8 3.15 15.856 8 .197
3 0 14.97 8 3.15 14.7 8 1.367 14.585 8 2.098
3 0 14.97 8 3.15 14.585 8 2.098 14.231 8 2.669
3 0 14.97 8 3.15 14.231 8 2.669 13.675 8 3.044
4 0 13.86 8 5.211 14.97 8 3.15 13.675 8 3.044 12.948 8 3.15
4 0 14.97 8 3.15 14.97 8 -.35 14.602 8 .659 14.7 8 1.367
3 0 14.602 8 .659 14.97 8 -.35 14.298 8 .103
3 0 14.298 8 .103 14.97 8 -.35 13.774 8 -.279
4 0 13.7 8 -2.25 13.09 8 -.406 13.774 8 -.279 14.97 8 -.35
4 0 12.58 8 2.527 12.93 8 1.518 11.834 8 1.518 12.241 8 2.329
4 0 12.58 8 2.527 12.967 8 2.622 13.444 8 2.527 12.93 8 1.518
4 0 13.995 8 1.85 12.93 8 1.518 13.444 8 2.527 13.797 8 2.244
4 0 13.995 8 1.85 14.062 8 1.348 13.995 8 .869 12.93 8 1.518
4 0 13.995 8 .869 13.797 8 .49 12.93 8 .999 12.93 8 1.518
4 0 13.797 8 .49 13.453 8 .228 12.986 8 .141 12.93 8 .999
4 0 12.448 8 .999 12.93 8 .999 12.986 8 .141 12.448 8 .32
4 0 12.241 8 2.329 11.834 8 1.518 11.2 8 3.15 11.834 8 2.829
4 0 11.2 8 3.15 11.834 8 1.518 11.834 8 -.029 11.2 8 -.35
4 0 11.968 8 5.15 12.425 8 3.084 11.834 8 2.829 11.2 8 3.15
4 0 10.586 8 3.15 10.586 8 1.754 9.218 8 1.754 9.218 8 3.15
4 0 9.218 8 -.35 9.218 8 1.206 10.586 8 1.206 10.586 8 -.35
3 0 8.4 8 2.611 8.605 8 3.15 8.605 8 -.35
4 0 8.4 8 2.611 8.605 8 -.35 7.298 8 -.35 7.298 8 2.611
4 0 5.5 8 .315 5.5 8 1.855 6.685 8 2.611 6.685 8 -.35
4 0 5.544 8 2.611 6.685 8 2.611 5.5 8 1.855 5.5 8 2.205
4 0 5.5 8 2.205 5.15 8 2.205 5.544 8 3.15 5.544 8 2.611
3 0 5.5 8 .315 6.685 8 -.35 5.5 8 -.035
4 0 5.15 8 .315 5.15 8 1.505 5.5 8 1.505 5.5 8 .315
4 0 4.8 8 .315 4.8 8 1.505 5.15 8 1.505 5.15 8 .315
4 0 5.544 8 3.15 5.15 8 2.205 4.8 8 2.205 2.7 8 3.15
3 0 2.7 8 3.15 4.8 8 2.205 4.8 8 1.855
4 0 2.7 8 -.35 2.7 8 3.15 4.8 8 1.855 4.8 8 1.505
4 0 3.263 8 -2.25 2.7 8 -.35 4.8 8 -.035 4.8 8 -.385
3 0 4.8 8 -.035 2.7 8 -.35 4.8 8 .315
3 0 4.8 8 .315 2.7 8 -.35 4.8 8 1.505
4 0 1.186 8 5.15 2.116 8 3.15 1.277 8 1.412 .461 8 3.15
3 0 1.39 8 .595 2.116 8 2.01 2.116 8 -.35
4 0 .461 8 -.35 1.173 8 .595 1.39 8 .595 2.116 8 -.35
3 0 1.173 8 .595 .461 8 -.35 .461 8 1.998
4 0 -.124 8 -.35 -.45 8 -.35 -1.837 8 3.15 -.124 8 3.15
3 0 -1.978 8 2.093 -1.563 8 .82 -2.394 8 .82
4 0 -1.384 8 .348 -1.148 8 -.35 -2.818 8 -.35 -2.573 8 .348
4 0 -2.11 8 3.15 -3.495 8 -.35 -4 8 -.35 -4 8 3.15
4 0 -5.038 8 1.607 -5.02 8 2.582 -4.632 8 2.575 -4.632 8 1.612
4 0 -5.319 8 1.672 -5.358 8 2.527 -5.02 8 2.582 -5.038 8 1.607
4 0 -5.578 8 1.855 -5.563 8 2.377 -5.358 8 2.527 -5.319 8 1.672
3 0 -5.563 8 2.377 -5.578 8 1.855 -5.632 8 2.131
4 0 -5.943 8 -.35 -5.019 8 1.075 -4.632 8 1.093 -4.632 8 -.35
4 0 -6.7 8 1.367 -6.094 8 1.565 -5.632 8 1.206 -6.65 8 -.35
3 0 -6.7 8 1.367 -6.65 8 -.35 -6.79 8 .662
3 0 -6.79 8 .662 -6.65 8 -.35 -7.058 8 .112
4 0 -6.804 8 2.049 -6.273 8 2.122 -6.094 8 1.565 -6.7 8 1.367
4 0 -7.115 8 2.622 -6.191 8 2.568 -6.273 8 2.122 -6.804 8 2.049
3 0 -6.191 8 2.568 -7.115 8 2.622 -5.943 8 2.886
4 0 -5.496 8 3.084 -5.943 8 2.886 -7.115 8 2.622 -7.629 8 3.032
4 0 -8.983 8 2.414 -9.039 8 .49 -9.322 8 -.011 -9.238 8 2.924
4 0 -8.714 8 2.57 -8.712 8 .228 -9.039 8 .49 -8.983 8 2.414
4 0 -8.323 8 2.622 -8.275 8 .141 -8.712 8 .228 -8.714 8 2.57
4 0 -7.896 8 2.518 -7.858 8 .235 -8.275 8 .141 -8.323 8 2.622
4 0 -7.577 8 2.207 -7.549 8 .518 -7.858 8 .235 -7.896 8 2.518
4 0 -7.4 8 1.806 -7.342 8 1.339 -7.549 8 .518 -7.577 8 2.207
4 0 -9.238 8 2.924 -9.322 8 -.011 -9.9 8 -.35 -9.9 8 3.15
4 0 -9.45 8 5.15 -8.82 8 3.108 -9.238 8 2.924 -9.9 8 3.15
4 0 -11.882 8 1.754 -11.882 8 3.15 -10.514 8 3.15 -10.514 8 1.754
4 0 -11.882 8 -.35 -11.882 8 1.206 -10.514 8 1.206 -10.514 8 -.35
4 0 -12.495 8 -.35 -14.4 8 2.142 -14.516 8 2.659 -12.495 8 3.15
4 0 -13.566 8 -2.345 -14.4 8 -.35 -14.4 8 -.256 -12.495 8 -.35
4 0 -12.495 8 -.35 -14.4 8 -.256 -14.828 8 2.142 -14.4 8 2.142
4 0 -15.74 8 1.886 -14.828 8 2.142 -14.4 8 -.256 -15.485 8 1.405
4 0 -15.825 8 2.291 -14.878 8 2.431 -14.828 8 2.142 -15.74 8 1.886
4 0 -14.878 8 2.431 -15.825 8 2.291 -15.728 8 2.645 -15.085 8 2.669
3 0 -15.085 8 2.669 -15.728 8 2.645 -15.363 8 2.763
3 0 -15.174 8 .075 -16.521 8 .075 -15.947 8 1.31
4 0 -17.1 8 -.35 -16.231 8 1.848 -15.947 8 1.31 -16.521 8 .075
4 0 -17.1 8 -.35 -17.1 8 3.15 -16.325 8 2.291 -16.231 8 1.848
3 0 -16.325 8 2.291 -17.1 8 3.15 -16.245 8 2.681
3 0 -16.245 8 2.681 -17.1 8 3.15 -16.004 8 2.961
4 0 -16.148 8 5.15 -15.719 8 3.117 -16.004 8 2.961 -17.1 8 3.15
4 0 -17.79 8 -1.883 -17.1 8 -.35 -16.521 8 .075 -16.521 8 -.35
4 0 -18.67 8 5.15 -17.392 8 3.15 -19.024 8 1.018 -19.024 8 3.15
4 0 -17.79 8 -1.883 -19.363 8 -.35 -17.685 8 1.792 -17.685 8 -.35
4 0 -19.609 8 -.35 -20.3 8 -.35 -20.3 8 3.15 -19.609 8 3.15
4 0 -21.234 8 .197 -21.187 8 2.584 -20.913 8 2.565 -20.913 8 .207
4 0 -21.682 8 .296 -21.641 8 2.515 -21.187 8 2.584 -21.234 8 .197
4 0 -22.008 8 .593 -21.965 8 2.308 -21.641 8 2.515 -21.682 8 .296
4 0 -22.17 8 .985 -22.16 8 1.963 -21.965 8 2.308 -22.008 8 .593
3 0 -22.16 8 1.963 -22.17 8 .985 -22.225 8 1.48
4 0 -22.746 8 2.185 -22.855 8 1.518 -25.218 8 -.35 -24.5 8 1.794
3 0 -24.5 8 1.794 -25.218 8 -.35 -25.218 8 2.373
3 0 -25.218 8 -.35 -22.855 8 1.518 -22.745 8 .701
3 0 -25.218 8 -.35 -22.745 8 .701 -22.409 8 .117
4 0 -24.1 8 -2.25 -25.218 8 -.35 -22.409 8 .117 -21.848 8 -.233
4 0 -24.5 8 1.794 -24.5 8 2.301 -22.413 8 2.697 -22.746 8 2.185
4 0 -21.892 8 3.023 -22.413 8 2.697 -24.5 8 2.301 -25.548 8 3.15
4 0 -26.362 8 1.603 -26.3 8 2.046 -25.69 8 3.15 -25.69 8 -.35
3 0 -26.362 8 1.603 -25.69 8 -.35 -26.553 8 1.254
4 0 -26.817 8 -.117 -26.874 8 1.02 -26.553 8 1.254 -25.69 8 -.35
4 0 -27.431 8 .414 -27.308 8 .943 -26.874 8 1.02 -26.817 8 -.117
3 0 -27.308 8 .943 -27.431 8 .414 -27.846 8 1.131
3 0 -25.69 8 3.15 -26.3 8 2.046 -26.362 8 2.478
3 0 -25.69 8 3.15 -26.362 8 2.478 -26.553 8 2.829
4 0 -26.328 8 5.094 -25.69 8 3.15 -26.553 8 2.829 -26.874 8 3.084
4 0 -27.093 8 1.405 -27.119 8 2.709 -26.902 8 2.546 -26.912 8 1.575
3 0 -26.912 8 1.575 -26.902 8 2.546 -26.78 8 2.065
4 0 -27.476 8 1.383 -27.467 8 2.728 -27.119 8 2.709 -27.093 8 1.405
4 0 -27.887 8 1.553 -27.78 8 2.579 -27.467 8 2.728 -27.476 8 1.383
3 0 -27.78 8 2.579 -27.887 8 1.553 -27.966 8 2.027
4 0 -29.104 8 1.704 -28.435 8 1.659 -28.327 8 1.058 -29 8 1.103
4 0 -29 8 1.103 -28.327 8 1.058 -28.016 8 .424 -29.071 8 .442
4 0 -29.071 8 .442 -28.016 8 .424 -27.556 8 -.093 -29.285 8 -.029
4 0 -27.044 8 -.35 -29.642 8 -.277 -29.285 8 -.029 -27.556 8 -.093
4 0 -28.435 8 1.659 -29.104 8 1.704 -29.415 8 2.339 -28.359 8 2.32
4 0 -29.875 8 2.891 -28.145 8 2.792 -28.359 8 2.32 -29.415 8 2.339
4 0 -28.145 8 2.792 -29.875 8 2.891 -30.387 8 3.15 -27.789 8 3.074
4 0 -30.613 8 2.914 -30 8 2.348 -31.6 8 2.046 -31.662 8 2.478
3 0 -30.556 8 1.733 -30 8 2.348 -30.122 8 1.811
3 0 -30.122 8 1.811 -30 8 2.348 -29.585 8 1.622
4 0 -30 8 2.348 -30.556 8 1.733 -30.877 8 1.499 -31.6 8 2.046
4 0 -31.068 8 1.157 -31.662 8 1.603 -31.6 8 2.046 -30.877 8 1.499
4 0 -31.132 8 .716 -31.853 8 1.254 -31.662 8 1.603 -31.068 8 1.157
4 0 -31.068 8 .285 -32.174 8 1.02 -31.853 8 1.254 -31.132 8 .716
4 0 -31.068 8 .285 -32.117 8 -.117 -32.608 8 .943 -32.174 8 1.02
4 0 -33.146 8 1.131 -32.608 8 .943 -32.117 8 -.117 -32.731 8 .414
4 0 -31.068 8 .285 -30.877 8 -.067 -32.344 8 -.35 -32.117 8 -.117
4 0 -31.662 8 2.478 -31.853 8 2.829 -30.387 8 3.15 -30.613 8 2.914
4 0 -32.393 8 1.405 -32.419 8 2.709 -32.202 8 2.546 -32.212 8 1.575
3 0 -32.212 8 1.575 -32.202 8 2.546 -32.08 8 2.065
4 0 -32.776 8 1.383 -32.767 8 2.728 -32.419 8 2.709 -32.393 8 1.405
4 0 -33.187 8 1.553 -33.08 8 2.579 -32.767 8 2.728 -32.776 8 1.383
3 0 -33.08 8 2.579 -33.187 8 1.553 -33.266 8 2.027
4 0 -29.651 8 .176 -30.104 8 -.011 -29.989 8 1.414 -29.648 8 1.244
3 0 -29.651 8 .176 -29.648 8 1.244 -29.5 8 .735
4 0 -29.989 8 1.414 -30.104 8 -.011 -30.346 8 .046 -30.337 8 1.355
4 0 -30.528 8 .216 -30.519 8 1.178 -30.337 8 1.355 -30.346 8 .046
3 0 -30.519 8 1.178 -30.528 8 .216 -30.651 8 .697
3 0 33.9 8 5.15 33.5 8 3.15 33.27 8 5.15
4 0 31.225 8 3.15 32.01 8 5.233 33.27 8 5.15 33.5 8 3.15
4 0 30.95 8 3.15 31.357 8 5.115 32.01 8 5.233 31.225 8 3.15
4 0 30.32 8 3.15 30.666 8 5.226 31.357 8 5.115 30.95 8 3.15
4 0 30.32 8 3.15 29.8 8 3.15 29.2 8 5.15 30.666 8 5.226
4 0 28.616 8 5.15 29.2 8 5.15 29.8 8 3.15 28.847 8 3.15
4 0 28.847 8 3.15 28.304 8 3.084 26.937 8 5.15 28.616 8 5.15
4 0 26.26 8 3.108 26.691 8 5.15 26.937 8 5.15 28.304 8 3.084
4 0 26.26 8 3.108 25.854 8 3.15 24.647 8 5.291 26.691 8 5.15
3 0 24.647 8 5.291 25.854 8 3.15 25.338 8 3.112
4 0 24.977 8 2.942 24.6 8 3.15 24.647 8 5.291 25.338 8 3.112
3 0 24.647 8 5.291 24.6 8 3.15 24.024 8 5.101
4 0 24.024 8 5.101 24.6 8 3.15 23.194 8 5.197 23.638 8 5.178
4 0 23.194 8 5.197 24.6 8 3.15 21.744 8 3.15 22.958 8 5.101
4 0 22.59 8 5.291 22.958 8 5.101 21.744 8 3.15 22.3 8 5.15
3 0 22.3 8 5.15 21.744 8 3.15 21.715 8 5.15
4 0 20.6 8 3.15 20.677 8 5.15 21.715 8 5.15 21.744 8 3.15
3 0 20.677 8 5.15 20.6 8 3.15 20.095 8 5.15
4 0 20.095 8 5.15 20.6 8 3.15 18.325 8 3.15 19.065 8 5.195
3 0 19.065 8 5.195 18.325 8 3.15 18.567 8 5.15
3 0 18.567 8 5.15 18.325 8 3.15 18.246 8 5.15
4 0 18.325 8 2.611 18.05 8 3.15 17.963 8 5.15 18.325 8 3.15
4 0 17.963 8 5.15 18.05 8 3.15 17.438 8 3.15 17.369 8 5.15
4 0 15.6 8 3.15 15.4 8 5.15 17.369 8 5.15 17.438 8 3.15
4 0 14.344 8 5.15 15.4 8 5.15 15.6 8 3.15 14.97 8 3.15
3 0 14.344 8 5.15 14.97 8 3.15 13.86 8 5.211
4 0 13.86 8 5.211 12.948 8 3.15 12.425 8 3.084 12.6 8 5.15
3 0 12.6 8 5.15 12.425 8 3.084 11.968 8 5.15
4 0 11.968 8 5.15 11.2 8 3.15 10.586 8 3.15 10.657 8 5.15
3 0 10.657 8 5.15 10.586 8 3.15 9.951 8 5.15
4 0 9.218 8 3.15 9.6 8 5.15 9.951 8 5.15 10.586 8 3.15
4 0 8.605 8 3.15 8.97 8 5.15 9.6 8 5.15 9.218 8 3.15
4 0 8.4 8 2.611 8.4 8 3.15 8.97 8 5.15 8.605 8 3.15
4 0 5.544 8 3.15 6.985 8 5.15 7.598 8 5.15 8.4 8 3.15
3 0 6.985 8 5.15 5.544 8 3.15 5.7 8 5.15
3 0 5.7 8 5.15 5.544 8 3.15 5.07 8 5.15
4 0 3.533 8 5.15 3.998 8 5.19 5.07 8 5.15 5.544 8 3.15
4 0 5.544 8 3.15 2.7 8 3.15 3.081 8 5.185 3.533 8 5.15
4 0 2.116 8 3.15 1.8 8 5.15 3.081 8 5.185 2.7 8 3.15
3 0 1.8 8 5.15 2.116 8 3.15 1.186 8 5.15
4 0 -.124 8 3.15 -.182 8 5.15 1.186 8 5.15 .461 8 3.15
4 0 -1.837 8 3.15 -.795 8 5.15 -.182 8 5.15 -.124 8 3.15
4 0 -2.11 8 3.15 -2.2 8 5.15 -.795 8 5.15 -1.837 8 3.15
4 0 -4 8 3.15 -2.898 8 5.15 -2.2 8 5.15 -2.11 8 3.15
4 0 -4.953 8 3.15 -4.568 8 5.15 -2.898 8 5.15 -4 8 3.15
3 0 -4.568 8 5.15 -4.953 8 3.15 -5.245 8 5.15
4 0 -5.245 8 5.15 -4.953 8 3.15 -5.496 8 3.084 -5.5 8 5.15
3 0 -5.5 8 5.15 -5.496 8 3.084 -6.13 8 5.15
3 0 -6.13 8 5.15 -5.496 8 3.084 -6.8 8 5.15
3 0 -6.8 8 5.15 -5.496 8 3.084 -7.432 8 5.15
4 0 -7.629 8 3.032 -8.285 8 3.169 -7.432 8 5.15 -5.496 8 3.084
4 0 -8.82 8 3.108 -8.743 8 5.15 -7.432 8 5.15 -8.285 8 3.169
3 0 -8.743 8 5.15 -8.82 8 3.108 -9.45 8 5.15
4 0 -11.028 8 5.094 -10.354 8 5.223 -9.45 8 5.15 -9.9 8 3.15
3 0 -11.028 8 5.094 -9.9 8 3.15 -10.514 8 3.15
4 0 -10.514 8 3.15 -11.882 8 3.15 -11.665 8 5.192 -11.028 8 5.094
4 0 -12.495 8 3.15 -12.8 8 5.15 -11.665 8 5.192 -11.882 8 3.15
3 0 -12.8 8 5.15 -12.495 8 3.15 -13.432 8 5.15
4 0 -14.516 8 2.659 -14.866 8 3.056 -13.432 8 5.15 -12.495 8 3.15
4 0 -14.743 8 5.15 -14.866 8 3.056 -15.335 8 3.15 -15.45 8 5.15
4 0 -15.719 8 3.117 -16.148 8 5.15 -15.45 8 5.15 -15.335 8 3.15
4 0 -17.392 8 3.15 -17.818 8 5.15 -16.148 8 5.15 -17.1 8 3.15
3 0 -17.818 8 5.15 -17.392 8 3.15 -18.495 8 5.15
3 0 -18.495 8 5.15 -17.392 8 3.15 -18.67 8 5.15
4 0 -18.67 8 5.15 -19.024 8 3.15 -19.609 8 3.15 -19.283 8 5.15
4 0 -22.142 8 5.15 -19.283 8 5.15 -19.609 8 3.15 -20.3 8 3.15
3 0 -22.142 8 5.15 -20.3 8 3.15 -21.215 8 3.15
4 0 -22.755 8 5.15 -22.142 8 5.15 -21.215 8 3.15 -21.892 8 3.023
4 0 -21.892 8 3.023 -25.548 8 3.15 -25.654 8 5.223 -22.755 8 5.15
4 0 -25.548 8 3.15 -25.69 8 3.15 -26.328 8 5.094 -25.654 8 5.223
4 0 -27.289 8 3.15 -26.965 8 5.192 -26.328 8 5.094 -26.874 8 3.084
4 0 -26.965 8 5.192 -27.289 8 3.15 -27.789 8 3.074 -28.79 8 5.233
4 0 -29.443 8 5.115 -28.79 8 5.233 -27.789 8 3.074 -30.387 8 3.15
4 0 -29.443 8 5.115 -30.387 8 3.15 -31.5 8 5.15 -30.134 8 5.226
4 0 -31.853 8 2.829 -32.174 8 3.084 -31.5 8 5.15 -30.387 8 3.15
4 0 -32.589 8 3.15 -32.132 8 5.15 -31.5 8 5.15 -32.174 8 3.084
4 0 -33.089 8 3.074 -33.443 8 5.15 -32.132 8 5.15 -32.589 8 3.15
4 0 -33.445 8 2.792 -34.15 8 5.15 -33.443 8 5.15 -33.089 8 3.074
4 0 -34.4 8 5.15 -34.15 8 5.15 -33.445 8 2.792 -33.659 8 2.32
4 0 -33.735 8 1.659 -35.015 8 5.15 -34.4 8 5.15 -33.659 8 2.32
4 0 -33.627 8 1.058 -37.5 8 -2.25 -38.095 8 -2.25 -33.735 8 1.659
4 0 -35.015 8 5.15 -33.735 8 1.659 -38.095 8 -2.25 -37.79 8 5.233
4 0 -37.79 8 5.233 -38.095 8 -2.25 -40.41 8 -1.883 -38.443 8 5.115
4 0 -40.65 8 5.15 -39.134 8 5.226 -38.443 8 5.115 -40.41 8 -1.883
3 0 -40.65 8 5.15 -40.41 8 -1.883 -41.282 8 5.15
3 0 -42.593 8 5.15 -40.41 8 -1.883 -43.3 8 5.15
4 0 -40.735 8 -2.239 -43.998 8 5.15 -43.3 8 5.15 -40.41 8 -1.883
4 0 -40.994 8 -2.801 -45.668 8 5.15 -43.998 8 5.15 -40.735 8 -2.239
4 0 -41.149 8 -3.381 -46.345 8 5.15 -45.668 8 5.15 -40.994 8 -2.801
4 0 -41.2 8 -4 -46.942 8 5.15 -46.345 8 5.15 -41.149 8 -3.381
4 0 -52 8 -7 -47.555 8 5.15 -46.942 8 5.15 -41.2 8 -4
3 0 33.5 8 3.15 33.9 8 5.15 35.285 8 5.15
3 0 33.5 8 3.15 35.285 8 5.15 35.898 8 5.15
4 0 33.5 8 -.35 33.5 8 3.15 35.898 8 5.15 36.555 8 5.15
4 0 33.5 8 -.35 36.555 8 5.15 36.504 8 -2.316 35.2 8 -2.25
4 0 37.232 8 5.15 37.047 8 -2.25 36.504 8 -2.316 36.555 8 5.15
4 0 37.047 8 -2.25 37.232 8 5.15 38.902 8 5.15 38 8 -2.25
4 0 39.18 8 -2.292 38.763 8 -2.476 38 8 -2.25 38.902 8 5.15
4 0 39.18 8 -2.292 38.902 8 5.15 39.6 8 5.15 39.715 8 -2.231
4 0 40.371 8 -2.368 39.715 8 -2.231 39.6 8 5.15 39.87 8 5.15
4 0 40.885 8 -2.778 40.371 8 -2.368 39.87 8 5.15 40.5 8 5.15
4 0 40.5 8 8.65 42.268 8 5.15 40.885 8 -2.778 40.5 8 5.15
4 0 42.608 8 5.15 41.196 8 -3.351 40.885 8 -2.778 42.268 8 5.15
4 0 41.3 8 -4.033 41.196 8 -3.351 42.608 8 5.15 43.555 8 5.15
3 0 41.3 8 -4.033 43.555 8 5.15 44.232 8 5.15
4 0 38.961 8 -4.91 39.017 8 -2.986 39.286 8 -2.83 39.288 8 -5.172
4 0 39.677 8 -2.778 39.725 8 -5.259 39.288 8 -5.172 39.286 8 -2.83
4 0 39.725 8 -5.259 39.677 8 -2.778 40.104 8 -2.882 40.142 8 -5.165
4 0 40.142 8 -5.165 40.104 8 -2.882 40.423 8 -3.193 40.451 8 -4.882
4 0 40.423 8 -3.193 40.6 8 -3.594 40.658 8 -4.061 40.451 8 -4.882
4 0 38.679 8 -5.411 38.763 8 -2.476 39.017 8 -2.986 38.961 8 -4.91
4 0 38.763 8 -2.476 38.679 8 -5.411 38 8 -5.75 38 8 -2.25
4 0 36.057 8 -5.75 36.981 8 -4.326 37.368 8 -4.307 37.368 8 -5.75
4 0 37.368 8 -2.825 37.368 8 -3.788 36.962 8 -3.793 36.98 8 -2.818
4 0 36.681 8 -3.728 36.642 8 -2.873 36.98 8 -2.818 36.962 8 -3.793
4 0 36.642 8 -2.873 36.681 8 -3.728 36.422 8 -3.545 36.437 8 -3.024
3 0 36.437 8 -3.024 36.422 8 -3.545 36.368 8 -3.269
3 0 36.504 8 -2.316 36.057 8 -2.514 35.2 8 -2.25
3 0 35.2 8 -2.25 36.057 8 -2.514 35.809 8 -2.832
4 0 35.2 8 -4.665 35.2 8 -2.25 35.809 8 -2.832 35.727 8 -3.278
3 0 35.2 8 -4.665 35.727 8 -3.278 35.906 8 -3.835
4 0 35.113 8 -5.17 35.2 8 -4.665 35.906 8 -3.835 36.368 8 -4.194
4 0 34.851 8 -5.533 35.113 8 -5.17 36.368 8 -4.194 35.351 8 -5.75
4 0 33.247 8 -4.627 33.247 8 -2.25 34.587 8 -2.25 34.587 8 -4.637
4 0 34.587 8 -4.637 34.417 8 -5.099 33.445 8 -5.108 33.247 8 -4.627
3 0 33.445 8 -5.108 34.417 8 -5.099 33.955 8 -5.259
4 0 32 8 -5.75 32 8 -2.25 32.634 8 -2.25 32.634 8 -4.674
3 0 32 8 -5.75 32.634 8 -4.674 32.73 8 -5.168
3 0 32 8 -5.75 32.73 8 -5.168 33.021 8 -5.533
3 0 30.623 8 -2.776 31.37 8 -2.25 30.7 8 -3.165
4 0 30.7 8 -3.165 31.37 8 -2.25 31.37 8 -5.75 30.604 8 -3.604
4 0 30.484 8 -5.005 30.604 8 -3.604 31.37 8 -5.75 30.7 8 -5.561
3 0 30.604 8 -3.604 30.484 8 -5.005 30.314 8 -3.939
4 0 29.767 8 -5.259 29.88 8 -4.184 30.314 8 -3.939 30.484 8 -5.005
4 0 29.364 8 -5.165 29.446 8 -4.457 29.88 8 -4.184 29.767 8 -5.259
3 0 29.446 8 -4.457 29.364 8 -5.165 29.23 8 -4.882
3 0 31.37 8 -2.25 30.623 8 -2.776 30.39 8 -2.476
4 0 30.32 8 -.35 31.37 8 -2.25 30.39 8 -2.476 30.06 8 -2.292
4 0 28.958 8 -4.08 28.1 8 -2.25 28.777 8 -2.458 28.965 8 -2.986
3 0 28.1 8 -2.25 28.958 8 -4.08 28.701 8 -4.42
4 0 28.1 8 -5.75 28.1 8 -2.25 28.701 8 -4.42 28.618 8 -4.844
3 0 28.1 8 -5.75 28.618 8 -4.844 28.713 8 -5.264
3 0 28.1 8 -5.75 28.713 8 -5.264 29.003 8 -5.58
4 0 28.9 8 -7.55 28.1 8 -5.75 29.003 8 -5.58 29.381 8 -5.715
4 0 29.644 8 -2.76 29.428 8 -3.778 28.958 8 -4.08 28.965 8 -2.986
4 0 29.965 8 -2.854 29.923 8 -3.462 29.428 8 -3.778 29.644 8 -2.76
3 0 29.923 8 -3.462 29.965 8 -2.854 30.088 8 -3.156
4 0 27.487 8 -2.789 27.487 8 -3.646 26.345 8 -3.646 25.904 8 -2.789
4 0 24.104 8 -3.604 24.2 8 -3.165 25.904 8 -2.789 26.345 8 -3.646
4 0 26.345 8 -3.646 26.345 8 -4.165 23.814 8 -3.939 24.104 8 -3.604
4 0 23.984 8 -5.005 23.814 8 -3.939 26.345 8 -4.165 25.904 8 -5.203
4 0 25.904 8 -5.75 24.2 8 -5.561 23.984 8 -5.005 25.904 8 -5.203
4 0 25.904 8 -5.203 26.345 8 -4.165 27.487 8 -4.165 27.487 8 -5.203
4 0 25.904 8 -2.789 24.2 8 -3.165 24.123 8 -2.776 25.904 8 -2.25
3 0 25.904 8 -2.25 24.123 8 -2.776 23.89 8 -2.476
4 0 25.581 8 -.315 25.904 8 -2.25 23.89 8 -2.476 23.56 8 -2.292
4 0 22.885 8 -.35 22.638 8 -2.288 22.277 8 -2.458 21.6 8 -2.25
4 0 22.458 8 -4.08 21.6 8 -2.25 22.277 8 -2.458 22.465 8 -2.986
3 0 21.6 8 -2.25 22.458 8 -4.08 22.201 8 -4.42
4 0 22.201 8 -4.42 22.118 8 -4.844 21.6 8 -5.75 21.6 8 -2.25
3 0 21.6 8 -5.75 22.118 8 -4.844 22.213 8 -5.264
3 0 21.6 8 -5.75 22.213 8 -5.264 22.503 8 -5.58
4 0 23.814 8 -3.939 23.984 8 -5.005 23.267 8 -5.259 23.38 8 -4.184
4 0 22.864 8 -5.165 22.946 8 -4.457 23.38 8 -4.184 23.267 8 -5.259
3 0 22.946 8 -4.457 22.864 8 -5.165 22.73 8 -4.882
4 0 23.144 8 -2.76 22.928 8 -3.778 22.458 8 -4.08 22.465 8 -2.986
4 0 23.465 8 -2.854 23.423 8 -3.462 22.928 8 -3.778 23.144 8 -2.76
3 0 23.423 8 -3.462 23.465 8 -2.854 23.588 8 -3.156
4 0 20.626 8 -3.948 20.618 8 -2.838 20.985 8 -2.825 20.985 8 -3.929
4 0 20.618 8 -2.838 20.626 8 -3.948 20.269 8 -3.869 20.276 8 -2.925
4 0 19.999 8 -3.651 19.992 8 -3.118 20.276 8 -2.925 20.269 8 -3.869
3 0 19.992 8 -3.118 19.999 8 -3.651 19.938 8 -3.395
3 0 20.985 8 -4.476 20.985 8 -5.75 20.595 8 -4.495
3 0 20.595 8 -4.495 20.985 8 -5.75 20.097 8 -4.421
4 0 18.9 8 -5.75 19.658 8 -4.198 20.097 8 -4.421 20.985 8 -5.75
3 0 19.658 8 -4.198 18.9 8 -5.75 19.394 8 -3.827
4 0 19.308 8 -3.307 19.394 8 -3.827 18.9 8 -5.75 18.9 8 -2.25
3 0 19.308 8 -3.307 18.9 8 -2.25 19.436 8 -2.786
3 0 19.436 8 -2.786 18.9 8 -2.25 19.825 8 -2.448
4 0 19.987 8 -.35 20.321 8 -2.3 19.825 8 -2.448 18.9 8 -2.25
4 0 16.3 8 -5.75 16.3 8 -2.25 16.704 8 -2.789 16.704 8 -5.203
3 0 16.3 8 -5.75 16.704 8 -5.203 16.704 8 -5.75
4 0 18.287 8 -2.789 18.287 8 -3.646 17.145 8 -3.646 16.704 8 -2.789
4 0 16.704 8 -5.203 16.704 8 -2.789 17.145 8 -3.646 17.145 8 -4.165
4 0 18.287 8 -4.165 18.287 8 -5.203 16.704 8 -5.203 17.145 8 -4.165
3 0 13.7 8 -2.25 14.104 8 -2.25 14.104 8 -2.789
4 0 13.7 8 -5.75 13.7 8 -2.25 14.104 8 -2.789 14.104 8 -5.203
3 0 13.7 8 -5.75 14.104 8 -5.203 14.104 8 -5.75
4 0 15.687 8 -2.789 15.687 8 -3.646 14.545 8 -3.646 14.104 8 -2.789
4 0 14.545 8 -3.646 14.545 8 -4.165 14.104 8 -5.203 14.104 8 -2.789
4 0 15.687 8 -4.165 15.687 8 -5.203 14.104 8 -5.203 14.545 8 -4.165
4 0 13.087 8 -2.835 13.087 8 -5.194 12.766 8 -5.203 12.813 8 -2.816
4 0 12.318 8 -5.104 12.359 8 -2.885 12.813 8 -2.816 12.766 8 -5.203
4 0 11.992 8 -4.807 12.035 8 -3.092 12.359 8 -2.885 12.318 8 -5.104
4 0 11.83 8 -4.415 11.84 8 -3.437 12.035 8 -3.092 11.992 8 -4.807
3 0 11.84 8 -3.437 11.83 8 -4.415 11.775 8 -3.92
4 0 10.6 8 -3.195 11.254 8 -3.215 11.145 8 -3.882 10.6 8 -3.545
4 0 11.255 8 -4.699 10.6 8 -3.895 10.6 8 -3.545 11.145 8 -3.882
3 0 10.6 8 -3.895 11.255 8 -4.699 10.6 8 -5.085
4 0 10.25 8 -3.895 10.6 8 -3.895 10.6 8 -5.085 10.25 8 -5.085
4 0 10.6 8 -5.435 10.6 8 -5.085 11.255 8 -4.699 11.591 8 -5.283
4 0 12.152 8 -5.633 10.6 8 -5.785 10.6 8 -5.435 11.591 8 -5.283
4 0 10.25 8 -3.895 10.25 8 -5.085 9.9 8 -5.085 9.9 8 -3.895
3 0 11.254 8 -3.215 10.6 8 -3.195 11.5867 8 -2.7029
3 0 12.10785 8 -2.3774 11.5867 8 -2.7029 7.8 8 -2.25
4 0 10.6 8 -3.195 10.25 8 -3.195 7.8 8 -2.25 11.5867 8 -2.7029
3 0 9.9 8 -3.195 7.8 8 -2.25 10.25 8 -3.195
3 0 7.8 8 -2.25 9.9 8 -3.195 9.9 8 -3.545
4 0 9.9 8 -3.545 9.9 8 -3.895 7.8 8 -5.75 7.8 8 -2.25
3 0 9.9 8 -5.435 7.8 8 -5.75 9.9 8 -5.085
3 0 9.9 8 -5.085 7.8 8 -5.75 9.9 8 -3.895
3 0 10.9 8 -7.55 10.25 8 -5.785 10.6 8 -5.785
3 0 10.9 8 -7.55 10.6 8 -5.785 12.1516 8 -5.6331
4 0 8.044 8 -7.55 7.8 8 -5.75 9.9 8 -5.435 9.9 8 -5.785
3 0 6.49 8 -4.805 7.216 8 -3.39 7.216 8 -5.75
4 0 6.49 8 -4.805 7.216 8 -5.75 5.561 8 -5.75 6.273 8 -4.805
3 0 5.561 8 -3.402 6.273 8 -4.805 5.561 8 -5.75
4 0 3.263 8 -2.25 4.976 8 -2.25 4.976 8 -5.75 4.65 8 -5.75
3 0 3.122 8 -3.307 3.537 8 -4.58 2.706 8 -4.58
4 0 3.716 8 -5.052 3.952 8 -5.75 2.282 8 -5.75 2.527 8 -5.052
3 0 1.4 8 -4.033 1.296 8 -3.351 2.99 8 -2.25
4 0 1.605 8 -5.75 1.31 8 -4.738 1.4 8 -4.033 2.99 8 -2.25
3 0 1.31 8 -4.738 1.605 8 -5.75 1.042 8 -5.288
4 0 1.334 8 -7.55 .546 8 -5.677 1.042 8 -5.288 1.605 8 -5.75
3 0 2.99 8 -2.25 1.296 8 -3.351 .985 8 -2.778
4 0 -.883 8 -2.986 -.939 8 -4.91 -1.222 8 -5.411 -1.138 8 -2.476
4 0 -.939 8 -4.91 -.883 8 -2.986 -.614 8 -2.83 -.612 8 -5.172
4 0 -.612 8 -5.172 -.614 8 -2.83 -.223 8 -2.778 -.175 8 -5.259
4 0 -.175 8 -5.259 -.223 8 -2.778 .204 8 -2.882 .242 8 -5.165
4 0 .242 8 -5.165 .204 8 -2.882 .523 8 -3.193 .551 8 -4.882
4 0 .523 8 -3.193 .7 8 -3.594 .758 8 -4.061 .551 8 -4.882
4 0 -1.138 8 -2.476 -1.222 8 -5.411 -1.8 8 -5.75 -1.8 8 -2.25
4 0 -2.414 8 -2.25 -2.414 8 -3.646 -3.782 8 -3.646 -3.782 8 -2.25
4 0 -2.414 8 -4.194 -2.414 8 -5.75 -3.782 8 -5.75 -3.782 8 -4.194
4 0 -6.416 8 -2.741 -4.395 8 -2.25 -4.395 8 -5.75 -6.3 8 -3.258
4 0 -4.596 8 -7.55 -6.3 8 -5.75 -6.3 8 -5.656 -4.395 8 -5.75
4 0 -4.395 8 -5.75 -6.3 8 -5.656 -7.385 8 -3.995 -6.3 8 -3.258
4 0 -7.64 8 -3.514 -6.728 8 -3.258 -6.3 8 -3.258 -7.385 8 -3.995
4 0 -6.728 8 -3.258 -7.64 8 -3.514 -7.725 8 -3.109 -6.778 8 -2.969
4 0 -7.628 8 -2.755 -6.985 8 -2.731 -6.778 8 -2.969 -7.725 8 -3.109
3 0 -6.985 8 -2.731 -7.628 8 -2.755 -7.263 8 -2.637
4 0 -8.95 8 -5.785 -8.95 8 -5.435 -8.421 8 -5.325 -8.421 8 -5.75
4 0 -8.95 8 -5.435 -8.95 8 -5.085 -7.847 8 -4.09 -8.421 8 -5.325
3 0 -8.421 8 -5.325 -7.847 8 -4.09 -7.074 8 -5.325
4 0 -8.95 8 -5.085 -9.3 8 -5.085 -8.131 8 -3.552 -7.847 8 -4.09
4 0 -10.268 8 -3.313 -8.131 8 -3.552 -9.3 8 -5.085 -10.2 8 -4
4 0 -8.131 8 -3.552 -10.268 8 -3.313 -10.446 8 -2.816 -8.225 8 -3.109
4 0 -8.225 8 -3.109 -10.446 8 -2.816 -10.818 8 -2.398 -8.145 8 -2.719
4 0 -9.3 8 -5.085 -9.65 8 -5.085 -10.247 8 -4.634 -10.2 8 -4
4 0 -9.65 8 -5.435 -10.364 8 -5.136 -10.247 8 -4.634 -9.65 8 -5.085
4 0 -10.364 8 -5.136 -9.65 8 -5.435 -9.65 8 -5.785 -10.722 8 -5.604
4 0 -11.328 8 -2.653 -11.042 8 -2.734 -10.826 8 -5.014 -11.013 8 -5.279
4 0 -10.713 8 -4.574 -10.826 8 -5.014 -11.042 8 -2.734 -10.839 8 -2.979
4 0 -10.839 8 -2.979 -10.716 8 -3.386 -10.675 8 -4 -10.713 8 -4.574
4 0 -11.013 8 -5.279 -11.276 8 -5.366 -11.548 8 -2.696 -11.328 8 -2.653
4 0 -11.276 8 -5.366 -11.641 8 -5.235 -11.719 8 -2.825 -11.548 8 -2.696
4 0 -11.719 8 -2.825 -11.641 8 -5.235 -11.862 8 -4.84 -11.914 8 -3.342
3 0 -11.914 8 -3.342 -11.862 8 -4.84 -11.943 8 -4
4 0 -12.24 8 -2.838 -12.368 8 -3.318 -13.1 8 -3.258 -13.216 8 -2.741
4 0 -12.368 8 -3.318 -12.411 8 -4 -13.1 8 -5.656 -13.1 8 -3.258
3 0 -13.1 8 -5.656 -12.411 8 -4 -12.359 8 -4.629
3 0 -13.1 8 -5.656 -12.359 8 -4.629 -12.203 8 -5.144
4 0 -13.1 8 -5.75 -13.1 8 -5.656 -12.203 8 -5.144 -11.842 8 -5.605
4 0 -13.1 8 -3.258 -13.1 8 -5.656 -14.185 8 -3.995 -13.528 8 -3.258
4 0 -13.578 8 -2.969 -13.528 8 -3.258 -14.185 8 -3.995 -14.44 8 -3.514
4 0 -14.44 8 -3.514 -14.525 8 -3.109 -13.785 8 -2.731 -13.578 8 -2.969
4 0 -14.063 8 -2.637 -13.785 8 -2.731 -14.525 8 -3.109 -14.428 8 -2.755
4 0 -12.24 8 -2.838 -13.216 8 -2.741 -13.566 8 -2.345 -11.893 8 -2.404
3 0 -14.647 8 -4.09 -13.874 8 -5.325 -15.221 8 -5.325
4 0 -14.647 8 -4.09 -15.221 8 -5.325 -17 8 -4 -14.931 8 -3.552
3 0 -17 8 -4 -15.221 8 -5.325 -17.046 8 -4.576
4 0 -17.046 8 -4.576 -15.221 8 -5.325 -15.221 8 -5.75 -17.182 8 -5.157
3 0 -17.182 8 -5.157 -15.221 8 -5.75 -17.435 8 -5.727
4 0 -15.343 8 -7.55 -17.783 8 -6.118 -17.435 8 -5.727 -15.221 8 -5.75
4 0 -15.025 8 -3.109 -14.931 8 -3.552 -17 8 -4 -17.051 8 -3.381
4 0 -17.051 8 -3.381 -17.206 8 -2.801 -14.945 8 -2.719 -15.025 8 -3.109
4 0 -14.704 8 -2.439 -14.945 8 -2.719 -17.206 8 -2.801 -17.465 8 -2.239
4 0 -17.465 8 -2.239 -17.79 8 -1.883 -14.419 8 -2.283 -14.704 8 -2.439
4 0 -18.4 8 -3.099 -17.509 8 -2.871 -17.418 8 -4 -18.4 8 -3.606
4 0 -17.418 8 -4 -17.509 8 -5.163 -19.118 8 -5.75 -18.4 8 -3.606
3 0 -18.4 8 -3.606 -19.118 8 -5.75 -19.118 8 -3.027
4 0 -19.448 8 -2.25 -17.783 8 -2.09 -17.509 8 -2.871 -18.4 8 -3.099
4 0 -17.509 8 -5.163 -17.623 8 -5.593 -17.783 8 -5.904 -19.118 8 -5.75
4 0 -19.59 8 -2.25 -19.59 8 -5.75 -20.35 8 -5.435 -20.35 8 -5.085
4 0 -20.35 8 -5.085 -20.7 8 -5.085 -21.6 8 -2.705 -19.59 8 -2.25
3 0 -22.773 8 -2.705 -21.6 8 -2.705 -22.23 8 -3.657
4 0 -22.23 8 -3.657 -21.6 8 -2.705 -21.83 8 -5.079 -22.23 8 -4.099
4 0 -21.6 8 -5.447 -21.83 8 -5.079 -21.05 8 -5.085 -21.05 8 -5.435
4 0 -20.7 8 -5.085 -21.05 8 -5.085 -21.8303 8 -5.0794 -21.6 8 -2.705
3 0 -20.35 8 -5.435 -19.59 8 -5.75 -20.35 8 -5.785
3 0 -20.35 8 -5.785 -19.59 8 -5.75 -21.143 8 -7.55
3 0 -20.702 8 -5.785 -21.143 8 -7.55 -21.05 8 -5.785
3 0 -21.05 8 -5.785 -21.143 8 -7.55 -21.96715 8 -5.6667
4 0 -21.967 8 -5.667 -21.6 8 -5.447 -21.05 8 -5.435 -21.05 8 -5.785
4 0 -21.83 8 -5.079 -22.094 8 -5.271 -22.377 8 -4.099 -22.23 8 -4.099
4 0 -22.878 8 -4.269 -22.377 8 -4.099 -22.094 8 -5.271 -22.415 8 -5.334
4 0 -22.415 8 -5.334 -22.91 8 -5.174 -23.076 8 -4.75 -22.878 8 -4.269
4 0 -24.1 8 -2.25 -23.56 8 -2.25 -22.715 8 -3.721 -24.1 8 -2.705
3 0 -24.1 8 -2.705 -22.715 8 -3.721 -23.064 8 -3.846
4 0 -23.064 8 -3.846 -23.396 8 -4.231 -24.73 8 -3.657 -24.1 8 -2.705
4 0 -23.56 8 -4.788 -24.73 8 -4.099 -24.73 8 -3.657 -23.396 8 -4.231
3 0 -25.273 8 -2.705 -24.1 8 -2.705 -24.73 8 -3.657
4 0 -24.877 8 -4.099 -24.73 8 -4.099 -23.56 8 -4.788 -24.33 8 -5.079
4 0 -23.56 8 -4.788 -23.483 8 -5.178 -24.1 8 -5.447 -24.33 8 -5.079
4 0 -23.483 8 -5.178 -23.236 8 -5.504 -24.467 8 -5.667 -24.1 8 -5.447
4 0 -24.33 8 -5.079 -24.594 8 -5.271 -24.915 8 -5.334 -24.877 8 -4.099
4 0 -24.915 8 -5.334 -25.41 8 -5.174 -25.378 8 -4.269 -24.877 8 -4.099
3 0 -25.378 8 -4.269 -25.41 8 -5.174 -25.576 8 -4.75
3 0 -26.998 8 -2.439 -26.06 8 -2.25 -26.792 8 -2.707
3 0 -26.792 8 -2.707 -26.06 8 -2.25 -26.724 8 -3.061
4 0 -26.724 8 -3.061 -26.06 8 -2.25 -25.215 8 -3.721 -25.564 8 -3.846
4 0 -26.724 8 -3.061 -25.564 8 -3.846 -25.896 8 -4.231 -26.865 8 -3.514
3 0 -26.865 8 -3.514 -26.771 8 -4.222 -27.215 8 -3.825
4 0 -26.865 8 -3.514 -25.896 8 -4.231 -26.06 8 -4.788 -26.771 8 -4.222
4 0 -26.771 8 -4.222 -26.06 8 -4.788 -25.983 8 -5.178 -26.6 8 -4.788
4 0 -26.6 8 -4.788 -25.983 8 -5.178 -25.736 8 -5.504 -26.657 8 -5.229
4 0 -26.657 8 -5.229 -25.736 8 -5.504 -25.38 8 -5.681 -26.854 8 -5.545
4 0 -25.72 8 -7.63 -27.181 8 -5.699 -26.854 8 -5.545 -25.38 8 -5.681
4 0 -27.311 8 -2.743 -27.347 8 -3.373 -27.799 8 -3.684 -27.658 8 -2.637
3 0 -27.347 8 -3.373 -27.311 8 -2.743 -27.196 8 -3.061
4 0 -27.979 8 -2.741 -27.658 8 -2.637 -27.799 8 -3.684 -28.04 8 -3.375
3 0 -27.979 8 -2.741 -28.04 8 -3.375 -28.12 8 -3.052
4 0 -27.582 8 -4.033 -27.193 8 -4.363 -27.063 8 -4.788 -28.035 8 -4.326
4 0 -27.224 8 -5.222 -28.252 8 -4.788 -28.035 8 -4.326 -27.063 8 -4.788
4 0 -28.252 8 -4.788 -27.224 8 -5.222 -27.639 8 -5.392 -28.082 8 -5.231
4 0 -28.101 8 -3.873 -28.568 8 -4.276 -30.6 8 -3.174 -28.441 8 -3.533
3 0 -28.441 8 -3.533 -30.6 8 -3.174 -28.592 8 -3.071
3 0 -28.592 8 -3.071 -30.6 8 -3.174 -28.523 8 -2.705
3 0 -30.6 8 -3.174 -28.568 8 -4.276 -28.735 8 -4.788
4 0 -28.649 8 -5.222 -30.6 8 -5.75 -30.6 8 -3.174 -28.735 8 -4.788
3 0 -30.6 8 -5.75 -28.649 8 -5.222 -28.422 8 -5.542
4 0 -29.325 8 -8.474 -30.6 8 -5.75 -28.422 8 -5.542 -28.085 8 -5.699
4 0 -31.186 8 -3.929 -31.952 8 -3.767 -31.62 8 -3.665 -31.374 8 -3.75
4 0 -31.952 8 -3.767 -31.186 8 -3.929 -31.186 8 -5.75 -32.063 8 -4.071
4 0 -33.082 8 -3.665 -32.827 8 -3.741 -32.648 8 -3.929 -33.414 8 -3.79
4 0 -33.414 8 -3.79 -32.648 8 -3.929 -32.648 8 -5.75 -33.525 8 -4.165
4 0 -32.17 8 -8.522 -33.525 8 -5.75 -33.525 8 -4.165 -32.648 8 -5.75
3 0 -34.051 8 -3.703 -34.7 8 -3.174 -33.874 8 -3.42
4 0 -34.051 8 -3.703 -34.11 8 -4.08 -34.7 8 -6.73 -34.7 8 -3.174
3 0 -34.7 8 -6.73 -34.11 8 -4.08 -34.11 8 -5.75
4 0 -35.282 8 -3.844 -35.282 8 -5.165 -35.66 8 -5.297 -35.66 8 -3.675
4 0 -35.66 8 -3.675 -35.66 8 -5.297 -36.016 8 -5.248 -36.023 8 -3.724
4 0 -36.023 8 -3.724 -36.016 8 -5.248 -36.254 8 -5.099 -36.263 8 -3.873
3 0 -36.263 8 -3.873 -36.254 8 -5.099 -36.424 8 -4.486
3 0 -35.282 8 -3.174 -35.282 8 -3.338 -35.829 8 -3.174
3 0 -35.282 8 -5.684 -35.282 8 -6.73 -35.792 8 -5.797
4 0 -36.309 8 -13.05 -37.5 8 -5.75 -36.716 8 -5.448 -36.32 8 -5.71
3 0 -36.716 8 -5.448 -37.5 8 -5.75 -36.957 8 -5.042
3 0 -36.957 8 -5.042 -37.5 8 -5.75 -37.038 8 -4.505
4 0 -37.5 8 -2.25 -36.961 8 -3.923 -37.038 8 -4.505 -37.5 8 -5.75
3 0 -36.961 8 -3.923 -37.5 8 -2.25 -36.735 8 -3.507
3 0 -36.735 8 -3.507 -37.5 8 -2.25 -36.358 8 -3.258
3 0 -38.095 8 -2.25 -38.095 8 -3.382 -38.371 8 -3.227
3 0 -38.095 8 -2.25 -38.371 8 -3.227 -38.727 8 -3.175
4 0 -38.727 8 -3.175 -39.152 8 -3.243 -40.41 8 -1.883 -38.095 8 -2.25
3 0 -40.41 8 -1.883 -39.152 8 -3.243 -40.417 8 -2.09
4 0 -40.417 8 -2.09 -39.152 8 -3.243 -39.463 8 -3.448 -40.691 8 -2.871
4 0 -39.463 8 -3.448 -39.661 8 -3.767 -40.782 8 -4 -40.691 8 -2.871
4 0 -39.661 8 -3.767 -39.723 8 -4.194 -40.691 8 -5.163 -40.782 8 -4
4 0 -39.723 8 -5.75 -40.577 8 -5.593 -40.691 8 -5.163 -39.723 8 -4.194
3 0 -40.577 8 -5.593 -39.723 8 -5.75 -40.417 8 -5.904
4 0 -38.095 8 -3.939 -38.982 8 -3.816 -38.605 8 -3.675 -38.321 8 -3.75
4 0 -38.982 8 -3.816 -38.095 8 -3.939 -38.095 8 -5.75 -39.133 8 -4.194
3 0 35.2 8 -2.25 34.587 8 -2.25 33.5 8 -.35
4 0 34.587 8 -2.25 33.247 8 -2.25 32.887 8 -.35 33.5 8 -.35
3 0 32.887 8 -.35 33.247 8 -2.25 32.634 8 -2.25
3 0 32.887 8 -.35 32.634 8 -2.25 32 8 -2.25
4 0 32.887 8 -.35 32 8 -2.25 31.37 8 -2.25 30.95 8 -.35
3 0 30.95 8 -.35 31.37 8 -2.25 30.32 8 -.35
4 0 30.32 8 -.35 30.06 8 -2.292 29.654 8 -2.25 29.8 8 -.35
4 0 29.138 8 -2.288 29.168 8 -.35 29.8 8 -.35 29.654 8 -2.25
3 0 29.168 8 -.35 29.138 8 -2.288 27.857 8 -.35
4 0 28.777 8 -2.458 28.1 8 -2.25 27.857 8 -.35 29.138 8 -2.288
4 0 27.857 8 -.35 28.1 8 -2.25 25.904 8 -2.25 27.151 8 -.35
4 0 26.9 8 -.161 27.151 8 -.35 25.904 8 -2.25 26.498 8 -.31
3 0 26.498 8 -.31 25.904 8 -2.25 26.033 8 -.35
3 0 26.033 8 -.35 25.904 8 -2.25 25.581 8 -.315
4 0 25.203 8 -.18 25.581 8 -.315 23.56 8 -2.292 23.498 8 -.35
4 0 23.498 8 -.35 23.56 8 -2.292 23.154 8 -2.25 22.885 8 -.35
3 0 22.885 8 -.35 23.154 8 -2.25 22.638 8 -2.288
4 0 22.885 8 -.35 21.6 8 -2.25 20.881 8 -2.25 20.6 8 -.35
4 0 20.881 8 -2.25 20.321 8 -2.3 19.987 8 -.35 20.6 8 -.35
4 0 19.987 8 -.35 18.9 8 -2.25 16.704 8 -2.25 18.05 8 -.35
3 0 18.05 8 -.35 16.704 8 -2.25 15.856 8 -.35
4 0 16.704 8 -2.789 16.3 8 -2.25 15.856 8 -.35 16.704 8 -2.25
3 0 15.856 8 -.35 16.3 8 -2.25 15.6 8 -.35
4 0 14.104 8 -2.25 14.97 8 -.35 15.6 8 -.35 16.3 8 -2.25
3 0 14.97 8 -.35 14.104 8 -2.25 13.7 8 -2.25
4 0 13.7 8 -2.25 12.785 8 -2.25 12.43 8 -.312 13.09 8 -.406
3 0 12.43 8 -.312 12.785 8 -2.25 12.108 8 -2.377
4 0 11.834 8 -.029 12.43 8 -.312 12.108 8 -2.377 11.2 8 -.35
3 0 11.2 8 -.35 12.108 8 -2.377 10.586 8 -.35
4 0 10.586 8 -.35 12.108 8 -2.377 7.8 8 -2.25 9.218 8 -.35
3 0 9.218 8 -.35 7.8 8 -2.25 8.605 8 -.35
4 0 8.605 8 -.35 7.8 8 -2.25 7.216 8 -2.25 7.298 8 -.35
3 0 7.298 8 -.35 7.216 8 -2.25 6.685 8 -.35
4 0 5.5 8 -.035 6.685 8 -.35 7.216 8 -2.25 5.5 8 -.385
4 0 6.377 8 -3.988 5.561 8 -2.25 5.5 8 -.385 7.216 8 -2.25
4 0 5.5 8 -.385 5.561 8 -2.25 4.976 8 -2.25 5.15 8 -.385
4 0 3.263 8 -2.25 4.8 8 -.385 5.15 8 -.385 4.976 8 -2.25
3 0 2.7 8 -.35 3.263 8 -2.25 2.99 8 -2.25
4 0 .985 8 -2.778 .471 8 -2.368 2.7 8 -.35 2.99 8 -2.25
3 0 2.7 8 -.35 .471 8 -2.368 2.116 8 -.35
3 0 2.116 8 -.35 .471 8 -2.368 .461 8 -.35
4 0 .461 8 -.35 .471 8 -2.368 -.185 8 -2.231 -.124 8 -.35
4 0 -.124 8 -.35 -.185 8 -2.231 -.72 8 -2.292 -.45 8 -.35
3 0 -.45 8 -.35 -.72 8 -2.292 -1.148 8 -.35
4 0 -1.138 8 -2.476 -1.8 8 -2.25 -1.148 8 -.35 -.72 8 -2.292
4 0 -2.414 8 -2.25 -2.818 8 -.35 -1.148 8 -.35 -1.8 8 -2.25
4 0 -3.495 8 -.35 -2.818 8 -.35 -2.414 8 -2.25 -3.782 8 -2.25
4 0 -3.495 8 -.35 -3.782 8 -2.25 -4.395 8 -2.25 -4 8 -.35
3 0 -4 8 -.35 -4.395 8 -2.25 -4.632 8 -.35
4 0 -6.416 8 -2.741 -6.766 8 -2.345 -4.632 8 -.35 -4.395 8 -2.25
3 0 -4.632 8 -.35 -6.766 8 -2.345 -5.943 8 -.35
3 0 -5.943 8 -.35 -6.766 8 -2.345 -6.65 8 -.35
4 0 -7.058 8 .112 -6.65 8 -.35 -6.766 8 -2.345 -7.554 8 -.277
4 0 -6.766 8 -2.345 -7.235 8 -2.25 -8.228 8 -.406 -7.554 8 -.277
3 0 -8.228 8 -.406 -7.235 8 -2.25 -7.619 8 -2.283
4 0 -8.865 8 -.308 -8.228 8 -.406 -7.619 8 -2.283 -7.904 8 -2.439
4 0 -9.322 8 -.011 -8.865 8 -.308 -7.904 8 -2.439 -9.9 8 -.35
3 0 -9.9 8 -.35 -7.904 8 -2.439 -10.514 8 -.35
4 0 -8.145 8 -2.719 -10.818 8 -2.398 -10.514 8 -.35 -7.904 8 -2.439
4 0 -10.818 8 -2.398 -11.343 8 -2.25 -11.882 8 -.35 -10.514 8 -.35
4 0 -11.343 8 -2.25 -11.893 8 -2.404 -12.495 8 -.35 -11.882 8 -.35
3 0 -12.495 8 -.35 -11.893 8 -2.404 -13.566 8 -2.345
3 0 -14.4 8 -.35 -13.566 8 -2.345 -14.035 8 -2.25
4 0 -14.035 8 -2.25 -14.419 8 -2.283 -16.521 8 -.35 -14.4 8 -.35
3 0 -16.521 8 -.35 -14.419 8 -2.283 -17.79 8 -1.883
3 0 -17.1 8 -.35 -17.79 8 -1.883 -17.685 8 -.35
4 0 -17.783 8 -2.09 -19.448 8 -2.25 -19.363 8 -.35 -17.79 8 -1.883
4 0 -19.363 8 -.35 -19.448 8 -2.25 -19.59 8 -2.25 -19.609 8 -.35
3 0 -19.609 8 -.35 -19.59 8 -2.25 -20.3 8 -.35
4 0 -21.6 8 -2.705 -21.6 8 -2.25 -20.3 8 -.35 -19.59 8 -2.25
3 0 -20.3 8 -.35 -21.6 8 -2.25 -21.064 8 -.35
4 0 -21.064 8 -.35 -21.6 8 -2.25 -23.56 8 -2.25 -21.848 8 -.233
3 0 -21.848 8 -.233 -23.56 8 -2.25 -24.1 8 -2.25
4 0 -25.218 8 -.35 -24.1 8 -2.25 -26.06 8 -2.25 -25.69 8 -.35
4 0 -26.817 8 -.117 -25.69 8 -.35 -26.06 8 -2.25 -27.044 8 -.35
4 0 -26.998 8 -2.439 -27.285 8 -2.283 -27.044 8 -.35 -26.06 8 -2.25
3 0 -27.044 8 -.35 -27.285 8 -2.283 -27.658 8 -2.25
4 0 -27.658 8 -2.25 -28.03 8 -2.283 -29.642 8 -.277 -27.044 8 -.35
4 0 -28.03 8 -2.283 -28.318 8 -2.439 -30.141 8 -.35 -29.642 8 -.277
4 0 -28.523 8 -2.705 -30.6 8 -3.174 -30.141 8 -.35 -28.318 8 -2.439
4 0 -30.141 8 -.35 -30.6 8 -3.174 -31.186 8 -3.174 -30.556 8 -.287
4 0 -30.877 8 -.067 -30.556 8 -.287 -31.186 8 -3.174 -32.344 8 -.35
4 0 -31.186 8 -3.407 -31.41 8 -3.243 -32.344 8 -.35 -31.186 8 -3.174
3 0 -32.344 8 -.35 -31.41 8 -3.243 -31.761 8 -3.174
4 0 -31.761 8 -3.174 -32.2 8 -3.243 -32.856 8 -.093 -32.344 8 -.35
4 0 -36.358 8 -3.258 -37.5 8 -2.25 -33.627 8 1.058 -35.829 8 -3.174
4 0 -33.627 8 1.058 -33.316 8 .424 -35.282 8 -3.174 -35.829 8 -3.174
4 0 -32.856 8 -.093 -34.7 8 -3.174 -35.282 8 -3.174 -33.316 8 .424
4 0 -33.874 8 -3.42 -34.7 8 -3.174 -32.856 8 -.093 -33.598 8 -3.236
3 0 -33.598 8 -3.236 -32.856 8 -.093 -33.223 8 -3.174
3 0 -33.223 8 -3.174 -32.856 8 -.093 -32.815 8 -3.243
4 0 -32.516 8 -3.448 -32.815 8 -3.243 -32.856 8 -.093 -32.2 8 -3.243
4 0 29.917 8 -8.286 30.186 8 -8.13 30.188 8 -10.472 29.861 8 -10.21
4 0 30.186 8 -8.13 30.577 8 -8.078 30.625 8 -10.559 30.188 8 -10.472
4 0 30.577 8 -8.078 31.004 8 -8.182 31.042 8 -10.465 30.625 8 -10.559
4 0 31.004 8 -8.182 31.323 8 -8.493 31.351 8 -10.182 31.042 8 -10.465
4 0 31.323 8 -8.493 31.5 8 -8.894 31.558 8 -9.361 31.351 8 -10.182
4 0 29.579 8 -10.711 29.663 8 -7.776 29.917 8 -8.286 29.861 8 -10.21
4 0 29.663 8 -7.776 29.579 8 -10.711 28.9 8 -11.05 28.9 8 -7.55
4 0 27.862 8 -9.093 27.88 8 -8.118 28.268 8 -8.125 28.268 8 -9.088
4 0 27.88 8 -8.118 27.862 8 -9.093 27.581 8 -9.028 27.542 8 -8.173
4 0 27.322 8 -8.845 27.337 8 -8.324 27.542 8 -8.173 27.581 8 -9.028
3 0 27.337 8 -8.324 27.322 8 -8.845 27.268 8 -8.569
4 0 28.268 8 -9.607 28.268 8 -11.05 26.957 8 -11.05 27.881 8 -9.626
3 0 26.251 8 -11.05 25.751 8 -10.833 26.013 8 -10.47
4 0 26.013 8 -10.47 26.1 8 -9.965 27.268 8 -9.494 26.251 8 -11.05
3 0 27.268 8 -9.494 26.1 8 -9.965 26.806 8 -9.135
4 0 26.1 8 -7.55 26.627 8 -8.578 26.806 8 -9.135 26.1 8 -9.965
3 0 26.627 8 -8.578 26.1 8 -7.55 26.709 8 -8.132
3 0 26.709 8 -8.132 26.1 8 -7.55 26.957 8 -7.814
4 0 25.904 8 -5.75 27.404 8 -7.616 26.957 8 -7.814 26.1 8 -7.55
4 0 25.487 8 -7.55 25.487 8 -9.937 24.147 8 -9.927 24.147 8 -7.55
4 0 25.487 8 -9.937 25.317 8 -10.399 24.345 8 -10.408 24.147 8 -9.927
3 0 24.345 8 -10.408 25.317 8 -10.399 24.855 8 -10.559
4 0 23.534 8 -7.55 23.534 8 -9.974 22.9 8 -11.05 22.9 8 -7.55
3 0 22.9 8 -11.05 23.534 8 -9.974 23.63 8 -10.468
3 0 22.9 8 -11.05 23.63 8 -10.468 23.921 8 -10.833
4 0 23.061 8 -13.05 22.9 8 -11.05 23.921 8 -10.833 24.331 8 -11.003
4 0 25.3 8 -13.05 25.364 8 -11.003 25.751 8 -10.833 26.251 8 -11.05
4 0 20.13 8 -10.182 20.346 8 -9.757 20.667 8 -10.559 20.264 8 -10.465
4 0 21.384 8 -10.305 20.667 8 -10.559 20.346 8 -9.757 20.78 8 -9.484
3 0 21.384 8 -10.305 20.78 8 -9.484 21.214 8 -9.239
4 0 21.214 8 -9.239 21.504 8 -8.904 21.6 8 -10.861 21.384 8 -10.305
4 0 22.27 8 -7.55 22.27 8 -11.05 21.6 8 -10.861 21.504 8 -8.904
3 0 22.27 8 -7.55 21.504 8 -8.904 21.6 8 -8.465
3 0 22.27 8 -7.55 21.6 8 -8.465 21.523 8 -8.076
3 0 22.27 8 -7.55 21.523 8 -8.076 21.29 8 -7.776
4 0 21.6 8 -5.75 22.27 8 -7.55 21.29 8 -7.776 20.96 8 -7.592
3 0 19 8 -7.55 19.677 8 -7.758 19.865 8 -8.286
4 0 19.858 8 -9.38 19.601 8 -9.72 19 8 -7.55 19.865 8 -8.286
4 0 19.518 8 -10.144 19 8 -11.05 19 8 -7.55 19.601 8 -9.72
3 0 19 8 -11.05 19.518 8 -10.144 19.613 8 -10.564
3 0 19 8 -11.05 19.613 8 -10.564 19.903 8 -10.88
3 0 19.858 8 -9.38 19.865 8 -8.286 20.328 8 -9.078
4 0 20.544 8 -8.06 20.823 8 -8.762 20.328 8 -9.078 19.865 8 -8.286
4 0 20.544 8 -8.06 20.865 8 -8.154 20.988 8 -8.456 20.823 8 -8.762
4 0 18.387 8 -8.089 18.387 8 -8.946 17.245 8 -8.946 16.804 8 -8.089
4 0 16.3 8 -5.75 16.804 8 -7.55 16.804 8 -8.089 14.213 8 -7.55
4 0 16.804 8 -8.089 17.245 8 -8.946 17.245 8 -9.465 14.213 8 -7.55
4 0 16.804 8 -10.503 15.6 8 -11.05 14.213 8 -7.55 17.245 8 -9.465
3 0 14.072 8 -8.607 14.487 8 -9.88 13.656 8 -9.88
4 0 13.232 8 -11.05 13.477 8 -10.352 14.666 8 -10.352 14.902 8 -11.05
4 0 13.94 8 -7.55 12.555 8 -11.05 12.3 8 -11.05 12.3 8 -7.55
4 0 11.688 8 -7.55 11.688 8 -10.503 10.106 8 -10.503 10.9 8 -8.089
4 0 10.9 8 -8.089 10.106 8 -10.503 9.798 8 -11.05 9.798 8 -8.089
3 0 9.798 8 -11.05 10.106 8 -10.503 10.106 8 -11.05
4 0 9.185 8 -8.089 9.185 8 -11.05 7.8 8 -11.05 8.044 8 -8.089
4 0 7.8 8 -5.75 8.044 8 -7.55 8.044 8 -8.089 7.8 8 -7.55
3 0 7.8 8 -7.55 8.044 8 -8.089 7.8 8 -11.05
3 0 6.9 8 -8.089 7.17 8 -7.55 7.17 8 -11.05
4 0 5.798 8 -11.05 5.798 8 -8.089 6.9 8 -8.089 7.17 8 -11.05
4 0 5.185 8 -8.089 5.185 8 -11.05 3.9 8 -9.965 4.044 8 -8.089
3 0 3.9 8 -9.965 5.185 8 -11.05 3.813 8 -10.47
3 0 3.813 8 -10.47 5.185 8 -11.05 3.551 8 -10.833
4 0 3.9 8 -9.965 3.9 8 -7.55 4.044 8 -7.55 4.044 8 -8.089
4 0 3.287 8 -7.55 3.287 8 -9.937 1.947 8 -9.927 1.947 8 -7.55
4 0 3.287 8 -9.937 3.117 8 -10.399 2.145 8 -10.408 1.947 8 -9.927
3 0 2.145 8 -10.408 3.117 8 -10.399 2.655 8 -10.559
4 0 1.334 8 -7.55 1.334 8 -9.974 .7 8 -11.05 .7 8 -7.55
3 0 .7 8 -11.05 1.334 8 -9.974 1.43 8 -10.468
3 0 .7 8 -11.05 1.43 8 -10.468 1.721 8 -10.833
4 0 .544 8 -13.05 .7 8 -11.05 1.721 8 -10.833 2.131 8 -11.003
4 0 .087 8 -8.135 .087 8 -10.494 -.234 8 -10.503 -.187 8 -8.116
4 0 -.682 8 -10.404 -.641 8 -8.185 -.187 8 -8.116 -.234 8 -10.503
4 0 -.641 8 -8.185 -.682 8 -10.404 -1.008 8 -10.107 -.965 8 -8.392
4 0 -.965 8 -8.392 -1.008 8 -10.107 -1.17 8 -9.715 -1.16 8 -8.737
3 0 -1.16 8 -8.737 -1.17 8 -9.715 -1.225 8 -9.22
4 0 -1.746 8 -8.515 -1.855 8 -9.182 -2.4 8 -11.05 -2.4 8 -7.55
3 0 -2.4 8 -11.05 -1.855 8 -9.182 -1.745 8 -9.999
3 0 -2.4 8 -11.05 -1.745 8 -9.999 -1.409 8 -10.583
4 0 -1.582 8 -13.05 -2.4 8 -11.05 -1.409 8 -10.583 -.848 8 -10.933
3 0 -1.746 8 -8.515 -2.4 8 -7.55 -1.413 8 -8.003
4 0 -3.013 8 -8.089 -3.013 8 -8.946 -4.155 8 -8.946 -4.596 8 -8.089
4 0 -4.155 8 -8.946 -5 8 -8.845 -5 8 -8.495 -4.596 8 -8.089
4 0 -5 8 -8.495 -5.35 8 -8.495 -4.596 8 -7.55 -4.596 8 -8.089
4 0 -4.155 8 -8.946 -4.155 8 -9.465 -5 8 -9.195 -5 8 -8.845
3 0 -5 8 -9.195 -4.155 8 -9.465 -5 8 -10.385
4 0 -5 8 -9.195 -5 8 -10.385 -5.35 8 -10.385 -5.35 8 -9.195
4 0 -5.7 8 -10.385 -5.7 8 -9.195 -5.35 8 -9.195 -5.35 8 -10.385
4 0 -5 8 -10.385 -4.155 8 -9.465 -3.013 8 -10.503 -4.596 8 -10.503
3 0 -3.013 8 -10.503 -4.155 8 -9.465 -3.013 8 -9.465
4 0 -4.596 8 -11.05 -5 8 -10.735 -5 8 -10.385 -4.596 8 -10.503
3 0 -5 8 -11.085 -5 8 -10.735 -4.596 8 -11.05
3 0 -4.596 8 -11.05 -5.7 8 -13.05 -5 8 -11.085
3 0 -5.7 8 -10.385 -7.5 8 -9.597 -5.7 8 -9.195
4 0 -7.5 8 -9.597 -5.7 8 -10.385 -5.7 8 -10.735 -7.571 8 -10.258
4 0 -7.571 8 -10.258 -5.7 8 -10.735 -5.7 8 -11.085 -7.785 8 -10.729
4 0 -6.313 8 -13.05 -8.142 8 -10.977 -7.785 8 -10.729 -5.7 8 -11.085
4 0 -5.7 8 -9.195 -7.5 8 -9.597 -7.604 8 -8.996 -5.7 8 -8.845
4 0 -7.915 8 -8.361 -5.7 8 -8.495 -5.7 8 -8.845 -7.604 8 -8.996
3 0 -5.7 8 -8.495 -7.915 8 -8.361 -8.375 8 -7.809
3 0 -8.085 8 -9.078 -8.622 8 -8.889 -8.5 8 -8.352
4 0 -9.113 8 -7.786 -8.5 8 -8.352 -8.622 8 -8.889 -9.056 8 -8.968
4 0 -9.056 8 -8.968 -9.377 8 -9.201 -10.1 8 -9.3 -10.168 8 -8.613
4 0 -9.377 8 -9.201 -9.568 8 -9.543 -10.147 8 -9.934 -10.1 8 -9.3
4 0 -9.568 8 -9.543 -9.632 8 -9.984 -10.264 8 -10.436 -10.147 8 -9.934
4 0 -9.632 8 -9.984 -9.568 8 -10.415 -10.622 8 -10.904 -10.264 8 -10.436
4 0 -9.056 8 -8.968 -10.168 8 -8.613 -10.346 8 -8.116 -9.113 8 -7.786
4 0 -10.346 8 -8.116 -10.718 8 -7.698 -8.887 8 -7.55 -9.113 8 -7.786
4 0 -8.604 8 -10.711 -8.489 8 -9.286 -8.148 8 -9.456 -8.151 8 -10.524
3 0 -8.151 8 -10.524 -8.148 8 -9.456 -8 8 -9.965
4 0 -8.489 8 -9.286 -8.604 8 -10.711 -8.846 8 -10.654 -8.837 8 -9.345
4 0 -8.837 8 -9.345 -8.846 8 -10.654 -9.028 8 -10.484 -9.019 8 -9.522
3 0 -9.019 8 -9.522 -9.028 8 -10.484 -9.151 8 -10.003
4 0 -11.448 8 -7.996 -11.228 8 -7.953 -10.913 8 -10.579 -11.176 8 -10.666
4 0 -10.726 8 -10.314 -10.913 8 -10.579 -11.228 8 -7.953 -10.942 8 -8.034
3 0 -10.726 8 -10.314 -10.942 8 -8.034 -10.739 8 -8.279
4 0 -10.726 8 -10.314 -10.739 8 -8.279 -10.616 8 -8.686 -10.613 8 -9.874
3 0 -10.613 8 -9.874 -10.616 8 -8.686 -10.575 8 -9.3
4 0 -11.176 8 -10.666 -11.541 8 -10.535 -11.619 8 -8.125 -11.448 8 -7.996
4 0 -11.541 8 -10.535 -11.762 8 -10.14 -11.814 8 -8.642 -11.619 8 -8.125
3 0 -11.814 8 -8.642 -11.762 8 -10.14 -11.843 8 -9.3
4 0 -12.259 8 -9.929 -12.103 8 -10.444 -13 8 -10.735 -13 8 -10.385
4 0 -12.103 8 -10.444 -11.742 8 -10.905 -13 8 -11.085 -13 8 -10.735
4 0 -12.311 8 -9.3 -12.259 8 -9.929 -13 8 -10.385 -13.35 8 -10.385
4 0 -14.268 8 -8.613 -12.311 8 -9.3 -13.35 8 -10.385 -14.2 8 -9.3
4 0 -14.2 8 -9.3 -13.35 8 -10.385 -13.7 8 -10.385 -14.247 8 -9.934
4 0 -13.7 8 -10.735 -14.364 8 -10.436 -14.247 8 -9.934 -13.7 8 -10.385
4 0 -14.364 8 -10.436 -13.7 8 -10.735 -13.7 8 -11.085 -14.722 8 -10.904
3 0 -13.956 8 -13.05 -13.7 8 -11.085 -13.35 8 -11.085
4 0 -11.1 8 -13.05 -13.956 8 -13.05 -13.35 8 -11.085 -13 8 -11.085
4 0 -11.206 8 -11.05 -11.1 8 -13.05 -13 8 -11.085 -11.742 8 -10.905
3 0 -10.5624 8 -13.0878 -11.1 8 -13.05 -11.206 8 -11.05
4 0 -15.306 8 -11.05 -14.722 8 -10.904 -13.7 8 -11.085 -13.956 8 -13.05
4 0 -12.311 8 -9.3 -14.268 8 -8.613 -14.446 8 -8.116 -12.268 8 -8.618
4 0 -12.268 8 -8.618 -14.446 8 -8.116 -14.818 8 -7.698 -12.14 8 -8.138
4 0 -15.343 8 -7.55 -11.793 8 -7.704 -12.14 8 -8.138 -14.818 8 -7.698
4 0 -15.548 8 -7.996 -15.328 8 -7.953 -15.013 8 -10.579 -15.276 8 -10.666
4 0 -14.826 8 -10.314 -15.013 8 -10.579 -15.328 8 -7.953 -15.042 8 -8.034
3 0 -14.826 8 -10.314 -15.042 8 -8.034 -14.839 8 -8.279
4 0 -14.826 8 -10.314 -14.839 8 -8.279 -14.716 8 -8.686 -14.713 8 -9.874
3 0 -14.713 8 -9.874 -14.716 8 -8.686 -14.675 8 -9.3
4 0 -15.276 8 -10.666 -15.641 8 -10.535 -15.719 8 -8.125 -15.548 8 -7.996
4 0 -15.641 8 -10.535 -15.862 8 -10.14 -15.914 8 -8.642 -15.719 8 -8.125
3 0 -15.914 8 -8.642 -15.862 8 -10.14 -15.943 8 -9.3
4 0 -18.176 8 -10.666 -18.228 8 -7.953 -17.942 8 -8.034 -17.913 8 -10.579
4 0 -17.913 8 -10.579 -17.942 8 -8.034 -17.739 8 -8.279 -17.726 8 -10.314
4 0 -17.726 8 -10.314 -17.739 8 -8.279 -17.616 8 -8.686 -17.613 8 -9.874
3 0 -17.613 8 -9.874 -17.616 8 -8.686 -17.575 8 -9.3
4 0 -18.228 8 -7.953 -18.176 8 -10.666 -18.541 8 -10.535 -18.448 8 -7.996
4 0 -18.762 8 -10.14 -18.619 8 -8.125 -18.448 8 -7.996 -18.541 8 -10.535
4 0 -18.619 8 -8.125 -18.762 8 -10.14 -18.843 8 -9.3 -18.814 8 -8.642
4 0 16.804 8 -10.503 17.245 8 -9.465 18.387 8 -9.465 18.387 8 -10.503
4 0 -21.128 8 -7.953 -20.842 8 -8.034 -20.626 8 -10.314 -20.813 8 -10.579
4 0 -20.513 8 -9.874 -20.626 8 -10.314 -20.842 8 -8.034 -20.639 8 -8.279
4 0 -20.639 8 -8.279 -20.516 8 -8.686 -20.475 8 -9.3 -20.513 8 -9.874
4 0 -20.813 8 -10.579 -21.076 8 -10.666 -21.348 8 -7.996 -21.128 8 -7.953
4 0 -21.076 8 -10.666 -21.441 8 -10.535 -21.519 8 -8.125 -21.348 8 -7.996
4 0 -21.441 8 -10.535 -21.662 8 -10.14 -21.714 8 -8.642 -21.519 8 -8.125
3 0 -21.714 8 -8.642 -21.662 8 -10.14 -21.743 8 -9.3
4 0 -16.368 8 -8.618 -16.411 8 -9.3 -17.1 8 -9.3 -17.168 8 -8.613
4 0 -16.24 8 -8.138 -16.368 8 -8.618 -17.168 8 -8.613 -17.346 8 -8.116
4 0 -15.893 8 -7.704 -16.24 8 -8.138 -17.346 8 -8.116 -17.718 8 -7.698
4 0 -17.1 8 -9.3 -16.411 8 -9.3 -16.359 8 -9.929 -17.147 8 -9.934
4 0 -17.147 8 -9.934 -16.359 8 -9.929 -16.203 8 -10.444 -17.264 8 -10.436
4 0 -17.264 8 -10.436 -16.203 8 -10.444 -15.842 8 -10.905 -17.622 8 -10.904
4 0 -20 8 -9.3 -19.311 8 -9.3 -19.259 8 -9.929 -20.047 8 -9.934
4 0 -20.047 8 -9.934 -19.259 8 -9.929 -19.103 8 -10.444 -20.164 8 -10.436
4 0 -20.164 8 -10.436 -19.103 8 -10.444 -18.742 8 -10.905 -20.522 8 -10.904
4 0 -19.268 8 -8.618 -19.311 8 -9.3 -20 8 -9.3 -20.068 8 -8.613
4 0 -19.14 8 -8.138 -19.268 8 -8.618 -20.068 8 -8.613 -20.246 8 -8.116
4 0 -18.793 8 -7.704 -19.14 8 -8.138 -20.246 8 -8.116 -20.618 8 -7.698
4 0 -23.9 8 -8.522 -22.168 8 -8.618 -22.211 8 -9.3 -23.9 8 -9.012
4 0 -23.9 8 -9.012 -22.211 8 -9.3 -24.269 8 -11.05 -24.269 8 -9.012
3 0 -24.269 8 -11.05 -22.211 8 -9.3 -22.159 8 -9.929
3 0 -24.269 8 -11.05 -22.159 8 -9.929 -22.003 8 -10.444
3 0 -24.269 8 -11.05 -22.003 8 -10.444 -21.642 8 -10.905
3 0 -24.269 8 -8.522 -24.342 8 -8.118 -23.9 8 -8.522
4 0 -23.9 8 -8.522 -24.342 8 -8.118 -22.04 8 -8.138 -22.168 8 -8.618
4 0 -24.342 8 -8.118 -24.524 8 -7.795 -21.693 8 -7.704 -22.04 8 -8.138
4 0 -21.143 8 -7.55 -21.693 8 -7.704 -24.524 8 -7.795 -24.821 8 -7.614
4 0 -21.143 8 -7.55 -18.243 8 -7.55 -18.793 8 -7.704 -20.618 8 -7.698
4 0 -15.893 8 -7.704 -17.718 8 -7.698 -18.243 8 -7.55 -15.343 8 -7.55
4 0 -15.842 8 -10.905 -15.306 8 -11.05 -18.206 8 -11.05 -17.622 8 -10.904
4 0 -18.742 8 -10.905 -18.206 8 -11.05 -21.106 8 -11.05 -20.522 8 -10.904
4 0 -22.219 8 -13.083 -24.269 8 -11.05 -21.642 8 -10.905 -21.106 8 -11.05
4 0 -24.845 8 -8.522 -25.373 8 -8.522 -24.949 8 -8.125 -24.845 8 -8.465
4 0 -24.949 8 -8.125 -25.373 8 -8.522 -25.543 8 -8.031 -25.25 8 -7.965
4 0 -25.543 8 -8.031 -25.373 8 -8.522 -25.738 8 -8.871 -26.139 8 -8.574
4 0 -25.476 8 -9.295 -25.738 8 -8.871 -25.373 8 -8.522 -25.373 8 -9.012
4 0 -25.476 8 -9.295 -25.373 8 -9.012 -24.854 8 -9.012 -25.4 8 -9.814
4 0 -24.854 8 -9.012 -24.854 8 -11.05 -25.471 8 -10.345 -25.4 8 -9.814
3 0 -25.471 8 -10.345 -24.854 8 -11.05 -25.719 8 -10.748
4 0 -25.266 8 -13.145 -26.115 8 -10.975 -25.719 8 -10.748 -24.854 8 -11.05
4 0 -25.543 8 -8.031 -26.139 8 -8.574 -26.625 8 -8.474 -25.72 8 -7.63
4 0 -26.03 8 -9.522 -27.085 8 -9.104 -26.653 8 -8.965 -26.247 8 -9.104
3 0 -27.085 8 -9.104 -26.03 8 -9.522 -27.266 8 -9.522
4 0 -26.228 8 -10.446 -26.728 8 -10.607 -27.085 8 -10.552 -26.011 8 -9.965
4 0 -27.085 8 -10.552 -27.341 8 -10.39 -27.813 8 -9.965 -26.011 8 -9.965
4 0 -27.568 8 -10.842 -28.171 8 -10.345 -27.813 8 -9.965 -27.341 8 -10.39
4 0 -28.171 8 -10.345 -28.1 8 -9.814 -27.85 8 -9.635 -27.813 8 -9.965
4 0 -28.1 8 -9.814 -28.176 8 -9.295 -27.775 8 -9.159 -27.85 8 -9.635
4 0 -28.176 8 -9.295 -28.438 8 -8.871 -27.521 8 -8.786 -27.775 8 -9.159
4 0 -28.438 8 -8.871 -28.839 8 -8.574 -27.131 8 -8.552 -27.521 8 -8.786
3 0 -28.171 8 -10.345 -27.568 8 -10.842 -28.419 8 -10.748
4 0 -27.181 8 -10.999 -28.815 8 -10.975 -28.419 8 -10.748 -27.568 8 -10.842
4 0 -29.353 8 -8.965 -28.947 8 -9.104 -28.73 8 -9.522 -29.785 8 -9.104
3 0 -29.785 8 -9.104 -28.73 8 -9.522 -29.966 8 -9.522
4 0 -28.928 8 -10.446 -29.428 8 -10.607 -29.785 8 -10.552 -28.711 8 -9.965
4 0 -29.785 8 -10.552 -30.041 8 -10.39 -30.513 8 -9.965 -28.711 8 -9.965
4 0 -30.513 8 -9.965 -30.041 8 -10.39 -30.268 8 -10.842 -30.887 8 -10.277
3 0 -30.887 8 -10.277 -30.268 8 -10.842 -31.085 8 -10.88
4 0 -31.335 8 -11.008 -31.085 8 -10.88 -30.268 8 -10.842 -29.881 8 -10.999
4 0 -30.887 8 -8.993 -30.55 8 -9.635 -30.513 8 -9.965 -30.887 8 -10.277
4 0 -30.55 8 -9.635 -30.887 8 -8.993 -30.6 8 -8.993 -30.475 8 -9.159
4 0 -30.475 8 -9.159 -30.6 8 -8.993 -30.6 8 -8.522 -30.221 8 -8.786
3 0 -30.887 8 -8.522 -30.887 8 -7.795 -30.6 8 -8.522
4 0 -31.482 8 -8.993 -31.482 8 -10.107 -32.245 8 -10.484 -32.17 8 -8.993
4 0 -31.482 8 -10.107 -31.548 8 -10.456 -31.859 8 -10.597 -32.245 8 -10.484
4 0 31.785 8 -8.078 31.271 8 -7.668 31.37 8 -5.75 32 8 -5.75
3 0 31.37 8 -5.75 31.271 8 -7.668 30.615 8 -7.531
4 0 30.7 8 -5.561 31.37 8 -5.75 30.615 8 -7.531 30.298 8 -5.71
4 0 30.615 8 -7.531 30.08 8 -7.592 29.833 8 -5.75 30.298 8 -5.71
4 0 29.381 8 -5.715 29.833 8 -5.75 30.08 8 -7.592 29.663 8 -7.776
3 0 29.381 8 -5.715 29.663 8 -7.776 28.9 8 -7.55
3 0 28.1 8 -5.75 28.9 8 -7.55 27.947 8 -7.55
4 0 27.947 8 -7.55 27.404 8 -7.616 25.904 8 -5.75 28.1 8 -5.75
4 0 26.1 8 -7.55 25.487 8 -7.55 24.2 8 -5.561 25.904 8 -5.75
4 0 25.487 8 -7.55 24.147 8 -7.55 23.798 8 -5.71 24.2 8 -5.561
4 0 23.333 8 -5.75 23.798 8 -5.71 24.147 8 -7.55 23.534 8 -7.55
4 0 23.534 8 -7.55 22.9 8 -7.55 22.881 8 -5.715 23.333 8 -5.75
3 0 22.881 8 -5.715 22.9 8 -7.55 22.27 8 -7.55
4 0 22.503 8 -5.58 22.881 8 -5.715 22.27 8 -7.55 21.6 8 -5.75
4 0 21.6 8 -5.75 20.96 8 -7.592 20.554 8 -7.55 20.985 8 -5.75
4 0 20.554 8 -7.55 20.038 8 -7.588 18.9 8 -5.75 20.985 8 -5.75
4 0 19.677 8 -7.758 19 8 -7.55 18.9 8 -5.75 20.038 8 -7.588
4 0 18.9 8 -5.75 19 8 -7.55 16.804 8 -7.55 16.704 8 -5.75
3 0 16.704 8 -5.75 16.804 8 -7.55 16.3 8 -5.75
3 0 16.3 8 -5.75 14.213 8 -7.55 14.104 8 -5.75
4 0 13.94 8 -7.55 13.7 8 -5.75 14.104 8 -5.75 14.213 8 -7.55
4 0 13.94 8 -7.55 12.3 8 -7.55 12.936 8 -5.75 13.7 8 -5.75
4 0 11.688 8 -7.55 12.152 8 -5.633 12.936 8 -5.75 12.3 8 -7.55
4 0 10.9 8 -8.089 10.9 8 -7.55 12.152 8 -5.633 11.688 8 -7.55
4 0 10.9 8 -7.55 8.044 8 -7.55 9.9 8 -5.785 10.25 8 -5.785
4 0 7.8 8 -7.55 7.17 8 -7.55 7.216 8 -5.75 7.8 8 -5.75
4 0 6.9 8 -8.089 6.9 8 -7.55 7.216 8 -5.75 7.17 8 -7.55
3 0 7.216 8 -5.75 6.9 8 -7.55 5.561 8 -5.75
4 0 4.044 8 -7.55 4.976 8 -5.75 5.561 8 -5.75 6.9 8 -7.55
3 0 4.976 8 -5.75 4.044 8 -7.55 4.65 8 -5.75
4 0 3.9 8 -7.55 3.952 8 -5.75 4.65 8 -5.75 4.044 8 -7.55
4 0 3.9 8 -7.55 3.287 8 -7.55 2.282 8 -5.75 3.952 8 -5.75
4 0 3.287 8 -7.55 1.947 8 -7.55 1.605 8 -5.75 2.282 8 -5.75
3 0 1.605 8 -5.75 1.947 8 -7.55 1.334 8 -7.55
4 0 1.334 8 -7.55 .7 8 -7.55 -.128 8 -5.806 .546 8 -5.677
4 0 .7 8 -7.55 -.215 8 -7.55 -.765 8 -5.708 -.128 8 -5.806
3 0 -.765 8 -5.708 -.215 8 -7.55 -.892 8 -7.677
4 0 -1.222 8 -5.411 -.765 8 -5.708 -.892 8 -7.677 -1.8 8 -5.75
4 0 -1.413 8 -8.003 -2.4 8 -7.55 -1.8 8 -5.75 -.892 8 -7.677
3 0 -1.8 8 -5.75 -2.4 8 -7.55 -2.414 8 -5.75
4 0 -4.596 8 -7.55 -3.782 8 -5.75 -2.414 8 -5.75 -2.4 8 -7.55
3 0 -3.782 8 -5.75 -4.596 8 -7.55 -4.395 8 -5.75
4 0 -5.7 8 -8.495 -8.375 8 -7.809 -6.3 8 -5.75 -5.35 8 -8.495
3 0 -6.3 8 -5.75 -4.596 8 -7.55 -5.35 8 -8.495
4 0 -6.3 8 -5.75 -8.375 8 -7.809 -8.887 8 -7.55 -8.421 8 -5.75
3 0 -9.3 8 -5.785 -8.887 8 -7.55 -9.65 8 -5.785
3 0 -8.887 8 -7.55 -9.3 8 -5.785 -8.95 8 -5.785
3 0 -8.887 8 -7.55 -8.95 8 -5.785 -8.421 8 -5.75
4 0 -10.718 8 -7.698 -11.243 8 -7.55 -9.65 8 -5.785 -8.887 8 -7.55
4 0 -9.65 8 -5.785 -11.243 8 -7.55 -11.306 8 -5.75 -10.722 8 -5.604
4 0 -13.1 8 -5.75 -11.842 8 -5.605 -11.306 8 -5.75 -11.243 8 -7.55
4 0 -11.793 8 -7.704 -15.343 8 -7.55 -13.1 8 -5.75 -11.243 8 -7.55
3 0 -13.1 8 -5.75 -15.343 8 -7.55 -15.221 8 -5.75
3 0 -17.783 8 -6.118 -15.343 8 -7.55 -18.243 8 -7.55
4 0 -17.783 8 -5.904 -17.783 8 -6.118 -18.243 8 -7.55 -19.118 8 -5.75
4 0 -21.143 8 -7.55 -19.59 8 -5.75 -19.118 8 -5.75 -18.243 8 -7.55
3 0 -20.35 8 -5.785 -21.143 8 -7.55 -20.702 8 -5.785
4 0 -21.967 8 -5.667 -21.143 8 -7.55 -24.821 8 -7.614 -22.415 8 -5.75
3 0 -22.415 8 -5.75 -24.821 8 -7.614 -22.88 8 -5.681
4 0 -23.236 8 -5.504 -22.88 8 -5.681 -24.821 8 -7.614 -24.467 8 -5.667
3 0 -24.467 8 -5.667 -24.821 8 -7.614 -24.915 8 -5.75
4 0 -24.915 8 -5.75 -24.821 8 -7.614 -25.203 8 -7.55 -25.38 8 -5.681
3 0 -25.38 8 -5.681 -25.203 8 -7.55 -25.72 8 -7.63
4 0 -27.639 8 -5.75 -27.181 8 -5.699 -25.72 8 -7.63 -26.625 8 -8.474
4 0 -26.625 8 -8.474 -27.131 8 -8.552 -28.085 8 -5.699 -27.639 8 -5.75
4 0 -27.131 8 -8.552 -28.839 8 -8.574 -29.325 8 -8.474 -28.085 8 -5.699
4 0 -29.325 8 -8.474 -29.831 8 -8.552 -30.887 8 -7.795 -30.6 8 -5.75
4 0 -30.221 8 -8.786 -30.6 8 -8.522 -30.887 8 -7.795 -29.831 8 -8.552
4 0 -31.482 8 -7.795 -31.186 8 -5.75 -30.6 8 -5.75 -30.887 8 -7.795
4 0 -32.063 8 -4.071 -31.186 8 -5.75 -31.482 8 -7.795 -32.063 8 -5.75
3 0 -32.063 8 -5.75 -31.482 8 -7.795 -32.648 8 -5.75
4 0 -31.482 8 -8.522 -32.17 8 -8.522 -32.648 8 -5.75 -31.482 8 -7.795
4 0 -32.17 8 -8.993 -34.7 8 -6.73 -33.525 8 -5.75 -32.17 8 -8.522
3 0 -33.525 8 -5.75 -34.7 8 -6.73 -34.11 8 -5.75
4 0 -34.7 8 -6.73 -32.17 8 -8.993 -32.245 8 -10.484 -35.282 8 -6.73
4 0 33.021 8 -5.533 33.431 8 -5.703 31.785 8 -8.078 32 8 -5.75
4 0 31.785 8 -8.078 33.431 8 -5.703 33.945 8 -5.75 32.096 8 -8.651
4 0 33.945 8 -5.75 34.464 8 -5.703 32.2 8 -9.333 32.096 8 -8.651
4 0 34.851 8 -5.533 35.351 8 -5.75 32.2 8 -9.333 34.464 8 -5.703
4 0 32.11 8 -10.038 32.2 8 -9.333 35.351 8 -5.75 34.4 8 -13.05
4 0 32.11 8 -10.038 34.4 8 -13.05 31.544 8 -13.05 31.842 8 -10.588
4 0 31.842 8 -10.588 31.544 8 -13.05 30.713 8 -13.05 31.346 8 -10.977
4 0 31.346 8 -10.977 30.713 8 -13.05 30.44 8 -13.05 30.672 8 -11.106
3 0 29.579 8 -10.711 30.035 8 -11.008 28.9 8 -11.05
4 0 30.672 8 -11.106 30.44 8 -13.05 28.9 8 -11.05 30.035 8 -11.008
4 0 30.44 8 -13.05 28.7 8 -13.05 28.268 8 -11.05 28.9 8 -11.05
4 0 28.7 8 -13.05 28.088 8 -13.05 26.957 8 -11.05 28.268 8 -11.05
4 0 28.088 8 -13.05 25.3 8 -13.05 26.251 8 -11.05 26.957 8 -11.05
4 0 25.364 8 -11.003 25.3 8 -13.05 24.716 8 -13.05 24.845 8 -11.05
4 0 24.845 8 -11.05 24.716 8 -13.05 23.061 8 -13.05 24.331 8 -11.003
4 0 22.9 8 -11.05 23.061 8 -13.05 22.476 8 -13.05 22.27 8 -11.05
4 0 21.6 8 -10.861 22.27 8 -11.05 22.476 8 -13.05 21.198 8 -11.01
4 0 22.476 8 -13.05 20.613 8 -13.05 20.733 8 -11.05 21.198 8 -11.01
4 0 20.733 8 -11.05 20.613 8 -13.05 20.34 8 -13.05 20.281 8 -11.015
4 0 19.903 8 -10.88 20.281 8 -11.015 20.34 8 -13.05 19 8 -11.05
3 0 19 8 -11.05 20.34 8 -13.05 18.871 8 -13.05
4 0 16.804 8 -11.05 19 8 -11.05 18.871 8 -13.05 18.237 8 -13.05
3 0 16.804 8 -11.05 16.747 8 -13.05 16.097 8 -13.05
4 0 16.804 8 -10.503 16.804 8 -11.05 16.097 8 -13.05 15.6 8 -11.05
3 0 15.6 8 -11.05 16.097 8 -13.05 15.9 8 -13.05
4 0 15.9 8 -13.05 15.27 8 -13.05 14.902 8 -11.05 15.6 8 -11.05
4 0 15.27 8 -13.05 14.5 8 -13.05 13.232 8 -11.05 14.902 8 -11.05
3 0 13.232 8 -11.05 14.5 8 -13.05 13.916 8 -13.05
4 0 13.916 8 -13.05 12.261 8 -13.05 12.555 8 -11.05 13.232 8 -11.05
4 0 11.676 8 -13.05 12.3 8 -11.05 12.555 8 -11.05 12.261 8 -13.05
4 0 11.676 8 -13.05 11 8 -13.05 10.106 8 -11.05 12.3 8 -11.05
4 0 11 8 -13.05 10.387 8 -13.05 9.798 8 -11.05 10.106 8 -11.05
4 0 10.387 8 -13.05 9.047 8 -13.05 9.185 8 -11.05 9.798 8 -11.05
4 0 9.047 8 -13.05 8.434 8 -13.05 7.8 8 -11.05 9.185 8 -11.05
4 0 8.434 8 -13.05 7.7 8 -13.05 7.17 8 -11.05 7.8 8 -11.05
4 0 7.7 8 -13.05 7.116 8 -13.05 5.798 8 -11.05 7.17 8 -11.05
4 0 7.116 8 -13.05 5.461 8 -13.05 5.185 8 -11.05 5.798 8 -11.05
3 0 5.185 8 -11.05 5.461 8 -13.05 4.876 8 -13.05
4 0 3.551 8 -10.833 5.185 8 -11.05 4.876 8 -13.05 3.164 8 -11.003
4 0 4.876 8 -13.05 3.4 8 -13.05 2.645 8 -11.05 3.164 8 -11.003
4 0 .544 8 -13.05 2.131 8 -11.003 2.645 8 -11.05 3.4 8 -13.05
4 0 .7 8 -11.05 .544 8 -13.05 .4 8 -13.05 -.064 8 -11.05
4 0 .4 8 -13.05 -.214 8 -13.05 -.848 8 -10.933 -.064 8 -11.05
3 0 -2.4 8 -11.05 -1.582 8 -13.05 -2.195 8 -13.05
4 0 -2.195 8 -13.05 -2.8 8 -13.05 -4.596 8 -11.05 -2.4 8 -11.05
3 0 -4.596 8 -11.05 -2.8 8 -13.05 -3.753 8 -13.05
3 0 -4.596 8 -11.05 -3.753 8 -13.05 -4.296 8 -13.116
4 0 -4.296 8 -13.116 -4.743 8 -13.314 -5.7 8 -13.05 -4.596 8 -11.05
3 0 -5 8 -11.085 -5.7 8 -13.05 -5.35 8 -11.085
4 0 -5.35 8 -11.085 -5.7 8 -13.05 -6.313 8 -13.05 -5.7 8 -11.085
4 0 -7.653 8 -13.05 -8.266 8 -13.05 -8.641 8 -11.05 -8.142 8 -10.977
4 0 -8.266 8 -13.05 -9.31 8 -13.276 -9.641 8 -13.092 -8.641 8 -11.05
3 0 -8.641 8 -11.05 -9.641 8 -13.092 -9.056 8 -10.987
3 0 -9.056 8 -10.987 -9.641 8 -13.092 -9.377 8 -10.767
4 0 -9.568 8 -10.415 -9.377 8 -10.767 -9.641 8 -13.092 -10.622 8 -10.904
3 0 -10.622 8 -10.904 -9.641 8 -13.092 -10.046 8 -13.05
4 0 -10.046 8 -13.05 -10.562 8 -13.088 -11.206 8 -11.05 -10.622 8 -10.904
3 0 -11.1 8 -13.05 -10.562 8 -13.088 -10.923 8 -13.258
4 0 -16.5 8 -13.899 -17.548 8 -13.05 -18.206 8 -11.05 -15.306 8 -11.05
3 0 -18.206 8 -11.05 -17.548 8 -13.05 -17.69 8 -13.05
4 0 -18.575 8 -14.718 -18.575 8 -13.05 -18.206 8 -11.05 -17.69 8 -13.05
4 0 -18.575 8 -13.05 -20.287 8 -13.05 -21.106 8 -11.05 -18.206 8 -11.05
4 0 -20.287 8 -13.05 -21.366 8 -13.145 -21.835 8 -13.05 -21.106 8 -11.05
3 0 -21.106 8 -11.05 -21.835 8 -13.05 -22.219 8 -13.083
4 0 -22.219 8 -13.083 -22.504 8 -13.239 -25.266 8 -13.145 -24.269 8 -11.05
3 0 -24.269 8 -11.05 -25.266 8 -13.145 -24.854 8 -11.05
3 0 -26.115 8 -10.975 -25.266 8 -13.145 -25.735 8 -13.05
4 0 -25.735 8 -13.05 -26.119 8 -13.083 -26.644 8 -11.05 -26.115 8 -10.975
4 0 -26.119 8 -13.083 -26.404 8 -13.239 -27.181 8 -10.999 -26.644 8 -11.05
4 0 -26.404 8 -13.239 -28.118 8 -13.198 -28.815 8 -10.975 -27.181 8 -10.999
4 0 -29.344 8 -11.05 -28.815 8 -10.975 -28.118 8 -13.198 -28.643 8 -13.05
4 0 -28.643 8 -13.05 -29.193 8 -13.204 -29.881 8 -10.999 -29.344 8 -11.05
4 0 -31.335 8 -11.008 -29.881 8 -10.999 -29.193 8 -13.204 -31.018 8 -13.198
4 0 -31.018 8 -13.198 -31.543 8 -13.05 -31.67 8 -11.05 -31.335 8 -11.008
4 0 -31.67 8 -11.05 -31.543 8 -13.05 -32.093 8 -13.204 -32.245 8 -11.022
4 0 -32.245 8 -11.022 -34.6 8 -13.05 -35.282 8 -6.73 -32.245 8 -10.484
3 0 -35.282 8 -6.73 -34.6 8 -13.05 -35.125 8 -13.05
4 0 -35.125 8 -16.55 -35.7 8 -13.05 -35.282 8 -6.73 -35.125 8 -13.05
3 0 -35.282 8 -6.73 -35.7 8 -13.05 -36.309 8 -13.05
4 0 -35.792 8 -5.797 -35.282 8 -6.73 -36.309 8 -13.05 -36.32 8 -5.71
4 0 -36.309 8 -14.116 -36.828 8 -13.975 -37.5 8 -5.75 -36.309 8 -13.05
4 0 -36.828 8 -13.975 -37.33 8 -14.062 -38.095 8 -5.75 -37.5 8 -5.75
4 0 -39.133 8 -4.194 -38.095 8 -5.75 -38.784 8 -14.102 -39.133 8 -5.75
3 0 -39.133 8 -5.75 -38.784 8 -14.102 -39.723 8 -5.75
4 0 -40.417 8 -5.904 -39.723 8 -5.75 -38.784 8 -14.102 -40.417 8 -6.118
3 0 -40.417 8 -6.118 -38.784 8 -14.102 -39.385 8 -13.944
4 0 34.4 8 -13.05 35.351 8 -5.75 36.11 8 -13.05 35.431 8 -13.156
4 0 35.351 8 -5.75 36.057 8 -5.75 36.737 8 -13.168 36.11 8 -13.05
4 0 37.544 8 -13.05 36.737 8 -13.168 36.057 8 -5.75 37.368 8 -5.75
4 0 37.368 8 -5.75 38 8 -5.75 40.4 8 -13.05 37.544 8 -13.05
4 0 39.772 8 -5.806 40.4 8 -13.05 38 8 -5.75 39.135 8 -5.708
3 0 39.135 8 -5.708 38 8 -5.75 38.679 8 -5.411
3 0 40.4 8 -13.05 39.772 8 -5.806 40.446 8 -5.677
4 0 52 8 -7 40.4 8 -13.05 40.446 8 -5.677 40.942 8 -5.288
4 0 43.204 8 -21.15 39.298 8 -16.55 39.298 8 -13.589 40.4 8 -13.589
4 0 37.6 8 -14.795 37.506 8 -14.128 37.544 8 -13.589 38.685 8 -13.589
4 0 37.506 8 -14.128 37.223 8 -13.578 37.544 8 -13.05 37.544 8 -13.589
3 0 37.544 8 -13.05 37.223 8 -13.578 36.737 8 -13.168
4 0 34.4 8 -13.589 34.4 8 -13.05 35.431 8 -13.156 34.94 8 -13.531
3 0 34.4 8 -13.589 34.94 8 -13.531 34.671 8 -14.078
4 0 34.4 8 -13.589 34.671 8 -14.078 34.583 8 -14.795 33.298 8 -13.589
4 0 34.676 8 -15.517 33.298 8 -16.55 33.298 8 -13.589 34.583 8 -14.795
3 0 33.298 8 -16.55 34.676 8 -15.517 34.959 8 -16.078
4 0 38.685 8 -13.589 38.685 8 -16.55 37.52 8 -15.5 37.6 8 -14.795
3 0 37.52 8 -15.5 38.685 8 -16.55 37.28 8 -16.05
4 0 36.11 8 -13.578 36.511 8 -13.677 36.549 8 -15.951 36.157 8 -16.059
4 0 36.511 8 -13.677 36.789 8 -13.975 36.817 8 -15.625 36.549 8 -15.951
3 0 36.817 8 -15.625 36.789 8 -13.975 36.959 8 -14.795
4 0 35.744 8 -15.981 35.718 8 -13.654 36.11 8 -13.578 36.157 8 -16.059
4 0 35.718 8 -13.654 35.744 8 -15.981 35.45 8 -15.743 35.438 8 -13.883
4 0 35.273 8 -15.348 35.27 8 -14.263 35.438 8 -13.883 35.45 8 -15.743
3 0 35.27 8 -14.263 35.273 8 -15.348 35.214 8 -14.795
4 0 32.685 8 -16.55 32.1 8 -16.55 31.544 8 -13.589 32.685 8 -13.589
3 0 30.713 8 -13.05 31.544 8 -13.05 31.544 8 -13.589
3 0 30.713 8 -13.05 31.544 8 -13.589 32.1 8 -16.55
3 0 30.572 8 -14.107 30.987 8 -15.38 30.156 8 -15.38
4 0 31.166 8 -15.852 31.402 8 -16.55 29.732 8 -16.55 29.977 8 -15.852
4 0 30.44 8 -13.05 29.055 8 -16.55 28.7 8 -16.55 28.7 8 -13.05
3 0 28.088 8 -13.05 28.088 8 -16.003 26.506 8 -16.003
4 0 25.3 8 -16.55 25.3 8 -13.05 28.088 8 -13.05 26.506 8 -16.003
3 0 25.3 8 -16.55 26.506 8 -16.003 26.506 8 -16.55
3 0 23.061 8 -13.05 24.716 8 -13.05 23.877 8 -14.788
3 0 23.99 8 -15.605 24.716 8 -14.19 24.716 8 -16.55
3 0 23.773 8 -15.605 23.061 8 -16.55 23.061 8 -14.202
4 0 24.716 8 -16.55 23.061 8 -16.55 23.773 8 -15.605 23.99 8 -15.605
4 0 22.476 8 -16.55 22 8 -16.55 20.613 8 -13.05 22.476 8 -13.05
3 0 20.472 8 -14.107 20.887 8 -15.38 20.056 8 -15.38
4 0 21.066 8 -15.852 21.302 8 -16.55 19.632 8 -16.55 19.877 8 -15.852
4 0 18.871 8 -13.05 20.34 8 -13.05 18.955 8 -16.55 17.908 8 -14.739
4 0 16.804 8 -11.05 18.237 8 -13.05 17.534 8 -14.234 16.747 8 -13.05
4 0 15.9 8 -13.05 16.097 8 -13.05 16.044 8 -16.55 15.9 8 -16.55
3 0 16.044 8 -16.55 16.097 8 -13.05 17.205 8 -14.746
4 0 15.27 8 -13.05 15.27 8 -16.55 14.5 8 -16.55 14.5 8 -13.05
3 0 13.916 8 -13.05 13.077 8 -14.788 12.261 8 -13.05
3 0 13.19 8 -15.605 13.916 8 -14.19 13.916 8 -16.55
4 0 13.19 8 -15.605 13.916 8 -16.55 12.261 8 -16.55 12.973 8 -15.605
3 0 12.973 8 -15.605 12.261 8 -16.55 12.261 8 -14.202
4 0 11 8 -13.05 11.676 8 -13.05 11.676 8 -16.55 11 8 -15.465
3 0 11 8 -15.465 11.676 8 -16.55 10.913 8 -15.97
3 0 10.913 8 -15.97 11.676 8 -16.55 10.651 8 -16.333
4 0 11.188 8 -21.15 10.264 8 -16.503 10.651 8 -16.333 11.676 8 -16.55
4 0 10.387 8 -13.05 10.387 8 -15.437 9.047 8 -15.427 9.047 8 -13.05
4 0 9.245 8 -15.908 9.047 8 -15.427 10.387 8 -15.437 10.217 8 -15.899
3 0 9.245 8 -15.908 10.217 8 -15.899 9.755 8 -16.059
4 0 8.434 8 -13.05 8.434 8 -15.474 7.7 8 -16.55 7.7 8 -13.05
3 0 7.7 8 -16.55 8.434 8 -15.474 8.53 8 -15.968
3 0 7.7 8 -16.55 8.53 8 -15.968 8.821 8 -16.333
3 0 5.461 8 -13.05 7.116 8 -13.05 6.277 8 -14.788
3 0 6.39 8 -15.605 7.116 8 -14.19 7.116 8 -16.55
4 0 6.39 8 -15.605 7.116 8 -16.55 5.461 8 -16.55 6.173 8 -15.605
3 0 6.173 8 -15.605 5.461 8 -16.55 5.461 8 -14.202
4 0 3.4 8 -13.05 4.876 8 -13.05 4.876 8 -16.55 3.4 8 -13.589
4 0 4.876 8 -16.55 2.298 8 -16.55 2.298 8 -13.589 3.4 8 -13.589
4 0 .544 8 -13.05 .544 8 -13.589 .4 8 -16.55 .4 8 -13.05
4 0 .4 8 -16.55 .544 8 -13.589 1.685 8 -13.589 1.685 8 -16.55
4 0 -.848 8 -10.933 -.214 8 -13.05 -.214 8 -14.446 -1.582 8 -13.05
3 0 -1.582 8 -13.05 -.214 8 -14.446 -1.582 8 -14.446
4 0 -.214 8 -14.994 -.214 8 -16.55 -1.582 8 -16.55 -1.582 8 -14.994
4 0 -2.195 8 -13.05 -2.195 8 -16.55 -2.8 8 -16.55 -2.8 8 -13.05
4 0 -3.432 8 -13.625 -3.432 8 -14.588 -3.838 8 -14.593 -3.82 8 -13.618
4 0 -4.119 8 -14.528 -4.158 8 -13.673 -3.82 8 -13.618 -3.838 8 -14.593
4 0 -4.158 8 -13.673 -4.119 8 -14.528 -4.378 8 -14.345 -4.363 8 -13.824
3 0 -4.363 8 -13.824 -4.378 8 -14.345 -4.432 8 -14.069
4 0 -3.432 8 -15.107 -3.432 8 -16.55 -4.743 8 -16.55 -3.819 8 -15.126
4 0 -4.894 8 -14.635 -4.432 8 -14.994 -5.45 8 -16.55 -5.7 8 -15.465
3 0 -5.7 8 -15.465 -5.45 8 -16.55 -5.788 8 -15.97
3 0 -5.788 8 -15.97 -5.45 8 -16.55 -6.049 8 -16.333
4 0 -4.894 8 -14.635 -5.7 8 -15.465 -5.7 8 -13.05 -5.073 8 -14.078
3 0 -5.073 8 -14.078 -5.7 8 -13.05 -4.991 8 -13.632
3 0 -4.991 8 -13.632 -5.7 8 -13.05 -4.743 8 -13.314
4 0 -8.142 8 -10.977 -6.313 8 -13.05 -6.313 8 -15.437 -7.653 8 -13.05
4 0 -7.653 8 -13.05 -6.313 8 -15.437 -6.483 8 -15.899 -7.653 8 -15.427
4 0 -7.653 8 -15.427 -6.483 8 -15.899 -6.945 8 -16.059 -7.455 8 -15.908
3 0 -9.077 8 -13.576 -9.31 8 -13.276 -8.266 8 -13.05
3 0 -9.077 8 -13.576 -8.266 8 -13.05 -9 8 -13.965
4 0 -9 8 -13.965 -8.266 8 -13.05 -8.266 8 -15.474 -9.096 8 -14.404
4 0 -9.096 8 -14.404 -8.266 8 -15.474 -9.216 8 -15.805 -9.386 8 -14.739
4 0 -9.386 8 -14.739 -9.216 8 -15.805 -9.933 8 -16.059 -9.82 8 -14.984
4 0 -9.82 8 -14.984 -9.933 8 -16.059 -10.336 8 -15.965 -10.254 8 -15.257
3 0 -10.254 8 -15.257 -10.336 8 -15.965 -10.47 8 -15.682
3 0 -9.216 8 -15.805 -8.266 8 -15.474 -8.17 8 -15.968
4 0 -7.879 8 -16.333 -9 8 -16.361 -9.216 8 -15.805 -8.17 8 -15.968
4 0 -9 8 -16.361 -7.879 8 -16.333 -7.469 8 -16.503 -9.402 8 -16.51
4 0 -11.1 8 -13.05 -10.923 8 -13.258 -10.735 8 -13.786 -11.1 8 -13.589
4 0 -10.999 8 -15.22 -11.1 8 -13.589 -10.735 8 -13.786 -10.742 8 -14.88
4 0 -11.1 8 -13.589 -10.999 8 -15.22 -11.083 8 -15.644 -12.202 8 -13.589
4 0 -12.202 8 -13.589 -11.083 8 -15.644 -10.987 8 -16.064 -12.202 8 -16.55
3 0 -12.202 8 -16.55 -10.987 8 -16.064 -10.697 8 -16.38
4 0 -12.187 8 -21.15 -12.202 8 -16.55 -10.697 8 -16.38 -10.32 8 -16.515
4 0 -10.742 8 -14.88 -10.735 8 -13.786 -10.056 8 -13.56 -10.272 8 -14.578
4 0 -10.272 8 -14.578 -10.056 8 -13.56 -9.735 8 -13.654 -9.777 8 -14.262
3 0 -9.777 8 -14.262 -9.735 8 -13.654 -9.612 8 -13.956
4 0 -14.35 8 -13.995 -13.956 8 -13.589 -12.815 8 -13.589 -14 8 -13.995
3 0 -14 8 -13.995 -12.815 8 -13.589 -14 8 -14.345
4 0 -14 8 -14.345 -12.815 8 -13.589 -12.815 8 -16.55 -14 8 -14.695
4 0 -14 8 -14.695 -14 8 -15.885 -14.35 8 -15.885 -14.35 8 -14.695
4 0 -14.35 8 -14.695 -14.35 8 -15.885 -14.7 8 -15.885 -14.7 8 -14.695
4 0 -16.5 8 -14.406 -16.5 8 -13.899 -14.7 8 -13.995 -14.7 8 -14.345
4 0 -15.306 8 -11.05 -13.956 8 -13.05 -14.7 8 -13.995 -16.5 8 -13.899
4 0 -14.7 8 -13.995 -13.956 8 -13.05 -13.956 8 -13.589 -14.35 8 -13.995
4 0 -17.218 8 -13.827 -16.5 8 -14.406 -14.7 8 -15.885 -17.218 8 -16.55
3 0 -17.218 8 -16.55 -14.7 8 -15.885 -14.7 8 -16.235
4 0 -17.69 8 -13.05 -17.69 8 -16.55 -18.68 8 -15.889 -18.575 8 -14.718
3 0 -18.68 8 -15.889 -17.69 8 -16.55 -18.5 8 -16.288
3 0 -18.74 8 -14.83 -18.575 8 -14.718 -18.68 8 -15.889
4 0 -18.992 8 -16.087 -19.005 8 -14.627 -18.74 8 -14.83 -18.68 8 -15.889
4 0 -19.005 8 -14.627 -18.992 8 -16.087 -19.296 8 -16.152 -19.304 8 -14.56
4 0 -19.585 8 -16.101 -19.59 8 -14.608 -19.304 8 -14.56 -19.296 8 -16.152
4 0 -19.59 8 -14.608 -19.585 8 -16.101 -19.792 8 -15.946 -19.794 8 -14.751
4 0 -19.916 8 -15.688 -19.916 8 -14.991 -19.794 8 -14.751 -19.792 8 -15.946
3 0 -19.916 8 -14.991 -19.916 8 -15.688 -19.957 8 -15.326
3 0 -19.026 8 -13.448 -19.026 8 -14.29 -19.461 8 -14.154
4 0 -19.461 8 -14.154 -19.901 8 -14.231 -20.287 8 -13.448 -19.026 8 -13.448
4 0 -21.016 8 -13.541 -20.287 8 -13.448 -19.901 8 -14.231 -20.9 8 -14.058
3 0 -20.9 8 -14.058 -19.901 8 -14.231 -20.213 8 -14.462
4 0 -20.213 8 -14.462 -20.387 8 -14.804 -21.328 8 -14.058 -20.9 8 -14.058
4 0 -21.328 8 -14.058 -20.387 8 -14.804 -20.445 8 -15.259 -21.985 8 -14.795
4 0 -20.445 8 -15.259 -20.374 8 -15.824 -20.9 8 -16.456 -21.985 8 -14.795
4 0 -20.374 8 -15.824 -20.158 8 -16.227 -20.9 8 -16.55 -20.9 8 -16.456
4 0 -20.287 8 -13.448 -21.016 8 -13.541 -21.366 8 -13.145 -20.287 8 -13.05
4 0 -21.985 8 -14.795 -22.24 8 -14.314 -21.378 8 -13.769 -21.328 8 -14.058
4 0 -22.24 8 -14.314 -22.325 8 -13.909 -21.585 8 -13.531 -21.378 8 -13.769
4 0 -22.325 8 -13.909 -22.228 8 -13.555 -21.863 8 -13.437 -21.585 8 -13.531
4 0 -22.504 8 -13.239 -22.745 8 -13.519 -24.916 8 -13.541 -25.266 8 -13.145
4 0 -22.745 8 -13.519 -22.825 8 -13.909 -24.8 8 -14.058 -24.916 8 -13.541
4 0 -22.825 8 -13.909 -22.731 8 -14.352 -23.85 8 -15.885 -24.8 8 -14.058
4 0 -23.85 8 -15.885 -24.2 8 -15.885 -25.228 8 -14.058 -24.8 8 -14.058
4 0 -25.228 8 -14.058 -24.2 8 -15.885 -24.8 8 -16.456 -25.885 8 -14.795
4 0 -24.2 8 -15.885 -24.2 8 -16.235 -24.8 8 -16.55 -24.8 8 -16.456
4 0 -24.941 8 -21.192 -24.8 8 -16.55 -24.2 8 -16.235 -24.2 8 -16.585
4 0 -22.731 8 -14.352 -22.447 8 -14.89 -23.5 8 -15.885 -23.85 8 -15.885
4 0 -21.674 8 -16.125 -23.021 8 -16.125 -23.5 8 -15.885 -22.447 8 -14.89
4 0 -23.5 8 -15.885 -23.021 8 -16.125 -23.021 8 -16.55 -23.5 8 -16.235
4 0 -25.885 8 -14.795 -26.14 8 -14.314 -25.278 8 -13.769 -25.228 8 -14.058
4 0 -26.14 8 -14.314 -26.225 8 -13.909 -25.485 8 -13.531 -25.278 8 -13.769
4 0 -26.225 8 -13.909 -26.128 8 -13.555 -25.763 8 -13.437 -25.485 8 -13.531
4 0 -25.574 8 -16.125 -26.921 8 -16.125 -27.547 8 -15.434 -26.347 8 -14.89
4 0 -27.547 8 -15.434 -27.5 8 -14.8 -26.631 8 -14.352 -26.347 8 -14.89
4 0 -27.5 8 -14.8 -27.568 8 -14.113 -26.725 8 -13.909 -26.631 8 -14.352
4 0 -27.568 8 -14.113 -27.746 8 -13.616 -26.645 8 -13.519 -26.725 8 -13.909
4 0 -27.746 8 -13.616 -28.118 8 -13.198 -26.404 8 -13.239 -26.645 8 -13.519
4 0 -27.547 8 -15.434 -26.921 8 -16.125 -26.921 8 -16.55 -27.664 8 -15.936
4 0 -25.862 8 -21.188 -28.022 8 -16.404 -27.664 8 -15.936 -26.921 8 -16.55
4 0 -28.628 8 -13.453 -28.342 8 -13.534 -28.313 8 -16.079 -28.576 8 -16.166
4 0 -28.342 8 -13.534 -28.139 8 -13.779 -28.126 8 -15.814 -28.313 8 -16.079
4 0 -28.139 8 -13.779 -28.016 8 -14.186 -28.013 8 -15.374 -28.126 8 -15.814
3 0 -28.013 8 -15.374 -28.016 8 -14.186 -27.975 8 -14.8
3 0 -28.848 8 -13.496 -28.628 8 -13.453 -28.576 8 -16.166
4 0 -28.576 8 -16.166 -28.941 8 -16.035 -29.019 8 -13.625 -28.848 8 -13.496
4 0 -29.214 8 -14.142 -29.019 8 -13.625 -28.941 8 -16.035 -29.162 8 -15.64
3 0 -29.214 8 -14.142 -29.162 8 -15.64 -29.243 8 -14.8
4 0 -31.528 8 -13.453 -31.242 8 -13.534 -31.213 8 -16.079 -31.476 8 -16.166
4 0 -31.242 8 -13.534 -31.039 8 -13.779 -31.026 8 -15.814 -31.213 8 -16.079
4 0 -31.039 8 -13.779 -30.916 8 -14.186 -30.913 8 -15.374 -31.026 8 -15.814
3 0 -30.913 8 -15.374 -30.916 8 -14.186 -30.875 8 -14.8
4 0 -31.528 8 -13.453 -31.476 8 -16.166 -31.841 8 -16.035 -31.748 8 -13.496
4 0 -31.748 8 -13.496 -31.841 8 -16.035 -32.062 8 -15.64 -31.919 8 -13.625
4 0 -31.919 8 -13.625 -32.062 8 -15.64 -32.143 8 -14.8 -32.114 8 -14.142
4 0 -31.018 8 -13.198 -29.193 8 -13.204 -29.54 8 -13.638 -30.646 8 -13.616
4 0 -30.646 8 -13.616 -29.54 8 -13.638 -29.668 8 -14.118 -30.468 8 -14.113
4 0 -30.468 8 -14.113 -29.668 8 -14.118 -29.711 8 -14.8 -30.4 8 -14.8
4 0 -30.4 8 -14.8 -29.711 8 -14.8 -29.659 8 -15.429 -30.447 8 -15.434
4 0 -30.447 8 -15.434 -29.659 8 -15.429 -29.503 8 -15.944 -30.564 8 -15.936
4 0 -30.564 8 -15.936 -29.503 8 -15.944 -29.142 8 -16.405 -30.922 8 -16.404
4 0 -32.245 8 -11.022 -32.093 8 -13.204 -32.44 8 -13.638 -34.6 8 -13.05
3 0 -34.6 8 -13.05 -32.44 8 -13.638 -32.568 8 -14.118
3 0 -34.6 8 -13.05 -32.568 8 -14.118 -32.611 8 -14.8
4 0 -34.6 8 -13.05 -32.611 8 -14.8 -32.559 8 -15.429 -34.6 8 -16.55
3 0 -34.6 8 -16.55 -32.559 8 -15.429 -32.403 8 -15.944
3 0 -35.7 8 -13.05 -35.125 8 -16.55 -35.7 8 -16.55
4 0 -36.309 8 -14.625 -36.309 8 -15.946 -36.667 8 -16.097 -36.715 8 -14.475
4 0 -36.715 8 -14.475 -36.667 8 -16.097 -37.033 8 -16.043 -37.037 8 -14.523
4 0 -37.037 8 -14.523 -37.033 8 -16.043 -37.281 8 -15.88 -37.267 8 -14.668
3 0 -37.267 8 -14.668 -37.281 8 -15.88 -37.45 8 -15.248
4 0 -38.095 8 -5.75 -37.33 8 -14.062 -37.724 8 -14.324 -38.784 8 -14.102
4 0 -38.784 8 -14.102 -37.724 8 -14.324 -37.979 8 -14.717 -38.57 8 -14.329
4 0 -38.57 8 -14.329 -37.979 8 -14.717 -38.045 8 -15.22 -38.5 8 -14.74
4 0 -38.5 8 -14.74 -38.045 8 -15.22 -38.716 8 -15.874 -38.662 8 -15.069
4 0 -38.662 8 -15.069 -38.716 8 -15.874 -38.996 8 -16.032 -39.152 8 -15.394
4 0 -39.152 8 -15.394 -38.996 8 -16.032 -39.31 8 -16.085 -39.482 8 -15.544
4 0 -39.482 8 -15.544 -39.31 8 -16.085 -39.569 8 -16.025 -39.655 8 -15.844
4 0 -38.045 8 -15.22 -37.981 8 -15.779 -38.514 8 -16.34 -38.716 8 -15.874
3 0 -38.514 8 -16.34 -37.981 8 -15.779 -37.734 8 -16.211
4 0 -37.734 8 -16.211 -37.328 8 -16.5 -38.889 8 -16.505 -38.514 8 -16.34
4 0 -39.192 8 -14.472 -39.115 8 -14.658 -39.325 8 -14.905 -39.423 8 -14.41
4 0 -39.423 8 -14.41 -39.325 8 -14.905 -39.648 8 -15.033 -39.725 8 -14.451
4 0 -39.725 8 -14.451 -39.648 8 -15.033 -40.11 8 -15.348 -39.956 8 -14.575
4 0 56.385 8 -21.689 56.385 8 -24.65 55.1 8 -24.65 55.244 8 -21.689
4 0 55.1 8 -24.65 55.1 8 -21.15 55.244 8 -21.15 55.244 8 -21.689
4 0 53.118 8 -22.546 53.118 8 -21.15 54.486 8 -21.15 54.486 8 -22.546
4 0 54.486 8 -23.094 54.486 8 -24.65 53.118 8 -24.65 53.118 8 -23.094
4 0 51.9 8 -24.65 51.9 8 -21.15 52.505 8 -21.15 52.505 8 -24.65
4 0 51.287 8 -21.689 51.287 8 -22.546 50.145 8 -22.546 49.704 8 -21.689
4 0 49.704 8 -24.103 49.704 8 -21.689 50.145 8 -22.546 50.145 8 -23.065
4 0 49.704 8 -21.689 49.704 8 -24.103 47.9 8 -24.65 47.9 8 -21.15
3 0 47.9 8 -24.65 49.704 8 -24.103 49.704 8 -24.65
4 0 49.704 8 -24.103 50.145 8 -23.065 51.287 8 -23.065 51.287 8 -24.103
3 0 49.704 8 -21.689 47.9 8 -21.15 49.704 8 -21.15
4 0 45.706 8 -24.103 45.4 8 -21.15 47.288 8 -21.15 47.288 8 -24.103
4 0 45.706 8 -24.65 45.4 8 -24.65 45.4 8 -21.15 45.706 8 -24.103
4 0 43.204 8 -21.689 44.787 8 -21.689 44.787 8 -22.546 43.645 8 -22.546
4 0 43.204 8 -21.689 43.645 8 -22.546 43.1 8 -22.933 42.985 8 -22.202
4 0 43.002 8 -23.641 43.1 8 -22.933 43.645 8 -22.546 43.645 8 -23.065
4 0 43.002 8 -23.641 43.645 8 -23.065 44.787 8 -24.103 43.204 8 -24.103
3 0 44.787 8 -24.103 43.645 8 -23.065 44.787 8 -23.065
4 0 42.985 8 -22.202 42.631 8 -21.631 43.204 8 -21.15 43.204 8 -21.689
4 0 39.298 8 -16.55 43.204 8 -21.15 42.631 8 -21.631 42.075 8 -21.256
4 0 43.002 8 -23.641 43.204 8 -24.103 43.204 8 -24.65 42.698 8 -24.197
4 0 41.2 8 -37.2 42.174 8 -24.579 42.698 8 -24.197 43.204 8 -24.65
3 0 40.234 8 -21.471 40.641 8 -21.971 40.234 8 -22.782
4 0 40.234 8 -22.782 40.641 8 -21.971 40.98 8 -21.773 41.33 8 -22.782
4 0 40.98 8 -21.773 41.367 8 -21.678 41.844 8 -21.773 41.33 8 -22.782
4 0 42.395 8 -22.45 41.33 8 -22.782 41.844 8 -21.773 42.197 8 -22.056
4 0 42.395 8 -22.45 42.462 8 -22.952 41.33 8 -23.301 41.33 8 -22.782
4 0 42.462 8 -22.952 42.395 8 -23.431 42.197 8 -23.81 41.33 8 -23.301
4 0 42.197 8 -23.81 41.853 8 -24.072 41.386 8 -24.159 41.33 8 -23.301
4 0 40.848 8 -23.301 41.33 8 -23.301 41.386 8 -24.159 40.848 8 -23.98
4 0 39.323 8 -21.678 38.837 8 -21.268 40.825 8 -21.216 40.234 8 -21.471
4 0 39.323 8 -21.678 40.234 8 -21.471 40.234 8 -22.782 39.606 8 -22.228
3 0 39.606 8 -22.228 40.234 8 -22.782 39.7 8 -22.895
4 0 39.7 8 -22.895 40.234 8 -22.782 40.234 8 -24.329 39.62 8 -23.6
3 0 39.62 8 -23.6 40.234 8 -24.329 39.38 8 -24.15
4 0 40.234 8 -24.329 40.83 8 -24.612 38.91 8 -24.567 39.38 8 -24.15
4 0 38.21 8 -21.678 38.611 8 -21.777 38.649 8 -24.051 38.257 8 -24.159
4 0 38.611 8 -21.777 38.889 8 -22.075 38.917 8 -23.725 38.649 8 -24.051
3 0 38.917 8 -23.725 38.889 8 -22.075 39.059 8 -22.895
4 0 38.21 8 -21.678 38.257 8 -24.159 37.844 8 -24.081 37.818 8 -21.754
4 0 37.818 8 -21.754 37.844 8 -24.081 37.55 8 -23.843 37.538 8 -21.983
4 0 37.373 8 -23.448 37.37 8 -22.363 37.538 8 -21.983 37.55 8 -23.843
3 0 37.37 8 -22.363 37.373 8 -23.448 37.314 8 -22.895
4 0 35.1 8 -22.933 34.985 8 -22.202 36.771 8 -22.178 36.683 8 -22.895
4 0 36.683 8 -22.895 36.776 8 -23.617 35.002 8 -23.641 35.1 8 -22.933
4 0 36.776 8 -23.617 37.059 8 -24.178 34.698 8 -24.197 35.002 8 -23.641
4 0 37.059 8 -24.178 37.566 8 -24.574 34.174 8 -24.579 34.698 8 -24.197
4 0 36.771 8 -22.178 34.985 8 -22.202 34.631 8 -21.631 37.04 8 -21.631
4 0 34.075 8 -21.256 37.531 8 -21.256 37.04 8 -21.631 34.631 8 -21.631
4 0 31.6 8 -21.15 32.234 8 -21.471 32.641 8 -21.971 32.234 8 -22.782
4 0 32.98 8 -21.773 33.33 8 -22.782 32.234 8 -22.782 32.641 8 -21.971
4 0 32.98 8 -21.773 33.367 8 -21.678 33.844 8 -21.773 33.33 8 -22.782
4 0 33.844 8 -21.773 34.197 8 -22.056 34.395 8 -22.45 33.33 8 -22.782
4 0 34.395 8 -22.45 34.462 8 -22.952 33.33 8 -23.301 33.33 8 -22.782
4 0 34.462 8 -22.952 34.395 8 -23.431 34.197 8 -23.81 33.33 8 -23.301
4 0 34.197 8 -23.81 33.853 8 -24.072 33.386 8 -24.159 33.33 8 -23.301
4 0 33.386 8 -24.159 32.848 8 -23.98 32.848 8 -23.301 33.33 8 -23.301
4 0 31.6 8 -21.15 32.234 8 -22.782 32.234 8 -24.329 31.6 8 -24.65
4 0 30.968 8 -21.725 30.968 8 -22.688 30.562 8 -22.693 30.58 8 -21.718
4 0 30.58 8 -21.718 30.562 8 -22.693 30.281 8 -22.628 30.242 8 -21.773
4 0 30.242 8 -21.773 30.281 8 -22.628 30.022 8 -22.445 30.037 8 -21.924
3 0 30.037 8 -21.924 30.022 8 -22.445 29.968 8 -22.169
4 0 30.968 8 -23.207 30.968 8 -24.65 29.657 8 -24.65 30.581 8 -23.226
3 0 28.9 8 -22.895 29.506 8 -22.735 29.968 8 -23.094
4 0 28.951 8 -24.65 28.82 8 -23.6 28.9 8 -22.895 29.968 8 -23.094
3 0 28.82 8 -23.6 28.951 8 -24.65 28.58 8 -24.15
3 0 28.58 8 -24.15 28.951 8 -24.65 28.11 8 -24.567
4 0 28.9 8 -22.895 28.806 8 -22.228 29.327 8 -22.178 29.506 8 -22.735
4 0 29.409 8 -21.732 29.327 8 -22.178 28.806 8 -22.228 28.523 8 -21.678
4 0 28.523 8 -21.678 28.037 8 -21.268 29.657 8 -21.414 29.409 8 -21.732
4 0 27.41 8 -21.678 27.811 8 -21.777 27.849 8 -24.051 27.457 8 -24.159
4 0 27.811 8 -21.777 28.089 8 -22.075 28.117 8 -23.725 27.849 8 -24.051
3 0 28.117 8 -23.725 28.089 8 -22.075 28.259 8 -22.895
4 0 27.41 8 -21.678 27.457 8 -24.159 27.044 8 -24.081 27.018 8 -21.754
4 0 27.018 8 -21.754 27.044 8 -24.081 26.75 8 -23.843 26.738 8 -21.983
4 0 26.738 8 -21.983 26.75 8 -23.843 26.573 8 -23.448 26.57 8 -22.363
3 0 26.57 8 -22.363 26.573 8 -23.448 26.514 8 -22.895
3 0 25.3 8 -21.15 26.24 8 -21.631 25.971 8 -22.178
4 0 25.971 8 -22.178 25.883 8 -22.895 25.3 8 -23.565 25.3 8 -21.15
4 0 25.883 8 -22.895 25.976 8 -23.617 25.213 8 -24.07 25.3 8 -23.565
4 0 25.976 8 -23.617 26.259 8 -24.178 24.951 8 -24.433 25.213 8 -24.07
4 0 26.259 8 -24.178 26.766 8 -24.574 24.564 8 -24.603 24.951 8 -24.433
4 0 24.687 8 -21.15 24.687 8 -23.537 23.347 8 -23.527 23.347 8 -21.15
4 0 24.687 8 -23.537 24.517 8 -23.999 23.545 8 -24.008 23.347 8 -23.527
3 0 23.545 8 -24.008 24.517 8 -23.999 24.055 8 -24.159
4 0 22.1 8 -24.65 22.1 8 -21.15 22.734 8 -21.15 22.734 8 -23.574
3 0 22.1 8 -24.65 22.734 8 -23.574 22.83 8 -24.068
3 0 22.1 8 -24.65 22.83 8 -24.068 23.121 8 -24.433
4 0 21.485 8 -21.725 21.485 8 -22.829 21.126 8 -22.848 21.118 8 -21.738
4 0 21.118 8 -21.738 21.126 8 -22.848 20.769 8 -22.769 20.776 8 -21.825
4 0 20.499 8 -22.551 20.492 8 -22.018 20.776 8 -21.825 20.769 8 -22.769
3 0 20.492 8 -22.018 20.499 8 -22.551 20.438 8 -22.295
3 0 21.485 8 -23.376 21.485 8 -24.65 21.095 8 -23.395
3 0 21.095 8 -23.395 21.485 8 -24.65 20.597 8 -23.321
4 0 20.597 8 -23.321 21.485 8 -24.65 18.2 8 -24.65 20.158 8 -23.098
3 0 20.158 8 -23.098 18.2 8 -24.65 19.894 8 -22.727
4 0 18.2 8 -21.15 19.808 8 -22.207 19.894 8 -22.727 18.2 8 -24.65
3 0 19.808 8 -22.207 18.2 8 -21.15 19.936 8 -21.686
3 0 19.936 8 -21.686 18.2 8 -21.15 20.325 8 -21.348
4 0 17.587 8 -21.688 17.587 8 -22.518 17.295 8 -22.527 17.238 8 -21.678
4 0 17.238 8 -21.678 17.295 8 -22.527 16.842 8 -22.414 16.828 8 -21.777
3 0 16.828 8 -21.777 16.842 8 -22.414 16.691 8 -22.075
4 0 17.587 8 -22.99 17.587 8 -24.131 17.285 8 -24.15 17.285 8 -22.99
4 0 16.738 8 -24.037 16.738 8 -23.084 17.285 8 -22.99 17.285 8 -24.15
4 0 16.738 8 -23.084 16.738 8 -24.037 16.568 8 -23.848 16.568 8 -23.265
3 0 16.568 8 -23.265 16.568 8 -23.848 16.512 8 -23.546
3 0 16.186 8 -22.417 16.512 8 -22.697 16.03 8 -23.041
4 0 16.186 8 -22.417 16.03 8 -23.041 15.3 8 -21.15 16.078 8 -22.046
4 0 16.03 8 -23.041 15.87 8 -23.622 15.3 8 -24.65 15.3 8 -21.15
3 0 15.3 8 -24.65 15.87 8 -23.622 15.969 8 -24.072
3 0 15.3 8 -24.65 15.969 8 -24.072 16.266 8 -24.405
3 0 16.078 8 -22.046 15.3 8 -21.15 16.167 8 -21.643
3 0 16.167 8 -21.643 15.3 8 -21.15 16.436 8 -21.358
4 0 15.9 8 -16.55 17.228 8 -21.15 16.436 8 -21.358 15.3 8 -21.15
4 0 14.67 8 -21.15 14.67 8 -24.65 14.1 8 -24.65 14.1 8 -21.15
4 0 13.488 8 -24.103 11.906 8 -24.103 11.8 8 -21.15 13.488 8 -21.15
4 0 11.8 8 -21.15 11.906 8 -24.103 11.906 8 -24.65 11.8 8 -24.65
4 0 11.188 8 -21.15 11.188 8 -24.103 9.5 8 -23.565 9.5 8 -21.15
4 0 11.188 8 -24.103 9.606 8 -24.103 9.413 8 -24.07 9.5 8 -23.565
4 0 9.606 8 -24.103 9.606 8 -24.65 9.151 8 -24.433 9.413 8 -24.07
4 0 8.3 8 -29.2 8.764 8 -24.603 9.151 8 -24.433 9.606 8 -24.65
4 0 8.887 8 -21.15 8.887 8 -23.537 7.547 8 -23.527 7.547 8 -21.15
4 0 7.745 8 -24.008 7.547 8 -23.527 8.887 8 -23.537 8.717 8 -23.999
3 0 7.745 8 -24.008 8.717 8 -23.999 8.255 8 -24.159
4 0 6.934 8 -21.15 6.934 8 -23.574 6.2 8 -24.65 6.2 8 -21.15
3 0 6.2 8 -24.65 6.934 8 -23.574 7.03 8 -24.068
3 0 6.2 8 -24.65 7.03 8 -24.068 7.321 8 -24.433
3 0 5.616 8 -22.508 5.616 8 -24.65 3.937 8 -24.65
4 0 3.691 8 -21.15 3.691 8 -24.65 2.9 8 -24.65 2.9 8 -21.15
4 0 1.966 8 -24.103 2.013 8 -21.716 2.287 8 -21.735 2.287 8 -24.094
4 0 2.013 8 -21.716 1.966 8 -24.103 1.518 8 -24.004 1.559 8 -21.785
4 0 1.559 8 -21.785 1.518 8 -24.004 1.192 8 -23.707 1.235 8 -21.992
4 0 1.235 8 -21.992 1.192 8 -23.707 1.03 8 -23.315 1.04 8 -22.337
3 0 1.04 8 -22.337 1.03 8 -23.315 .975 8 -22.82
4 0 .455 8 -23.599 .791 8 -24.183 -.006 8 -25.525 -.1 8 -23.999
3 0 -.006 8 -25.525 .791 8 -24.183 1.352 8 -24.533
4 0 0 8 -29.2 -2.6 8 -24.65 -.656 8 -23.999 -.325 8 -25.525
3 0 -.656 8 -23.999 -2.6 8 -24.65 -2.6 8 -21.15
4 0 -.656 8 -23.999 -2.6 8 -21.15 .455 8 -23.599 -.1 8 -23.999
3 0 .455 8 -23.599 -2.6 8 -21.15 .345 8 -22.782
3 0 .345 8 -22.782 -2.6 8 -21.15 .454 8 -22.115
3 0 .454 8 -22.115 -2.6 8 -21.15 .787 8 -21.603
3 0 .787 8 -21.603 -2.6 8 -21.15 1.308 8 -21.277
4 0 -3.213 8 -21.735 -3.213 8 -24.094 -3.534 8 -24.103 -3.487 8 -21.716
4 0 -3.487 8 -21.716 -3.534 8 -24.103 -3.982 8 -24.004 -3.941 8 -21.785
4 0 -3.941 8 -21.785 -3.982 8 -24.004 -4.308 8 -23.707 -4.265 8 -21.992
4 0 -4.265 8 -21.992 -4.308 8 -23.707 -4.47 8 -23.315 -4.46 8 -22.337
3 0 -4.46 8 -22.337 -4.47 8 -23.315 -4.525 8 -22.82
4 0 -5.7 8 -21.15 -5.155 8 -22.782 -5.045 8 -23.599 -5.7 8 -24.65
3 0 -5.7 8 -24.65 -5.045 8 -23.599 -4.709 8 -24.183
3 0 -5.7 8 -24.65 -4.709 8 -24.183 -4.148 8 -24.533
4 0 0 8 -29.2 -5.7 8 -24.65 -4.148 8 -24.533 -3.364 8 -24.65
3 0 -5.155 8 -22.782 -5.7 8 -21.15 -5.046 8 -22.115
3 0 -5.046 8 -22.115 -5.7 8 -21.15 -4.713 8 -21.603
3 0 -4.713 8 -21.603 -5.7 8 -21.15 -4.192 8 -21.277
4 0 -7.654 8 -24.65 -6.692 8 -23.178 -6.314 8 -23.707 -6.314 8 -24.65
3 0 -8.95 8 -22.095 -8.182 8 -21.15 -8.6 8 -22.095
4 0 -8.6 8 -22.095 -8.182 8 -21.15 -7.097 8 -22.706 -8.6 8 -22.445
4 0 -8.6 8 -23.985 -7.097 8 -22.706 -8.395 8 -24.65 -8.6 8 -24.335
3 0 -8.6 8 -22.445 -7.0972 8 -22.70645 -8.6 8 -22.795
3 0 -8.6 8 -22.795 -7.0972 8 -22.70645 -8.6 8 -23.985
3 0 -9.3 8 -23.985 -10.8 8 -24.65 -9.3 8 -22.795
3 0 -9.3 8 -22.795 -10.8 8 -24.65 -9.3 8 -22.445
4 0 -8.6 8 -22.795 -8.6 8 -23.985 -8.95 8 -23.985 -8.95 8 -22.795
4 0 -9.3 8 -23.985 -9.3 8 -22.795 -8.95 8 -22.795 -8.95 8 -23.985
4 0 -9.3 8 -22.095 -9.3 8 -22.445 -10.8 8 -24.65 -12.187 8 -21.15
3 0 -10.8 8 -24.65 -9.3 8 -23.985 -9.3 8 -24.335
4 0 -9.3 8 -22.095 -12.187 8 -21.15 -8.182 8 -21.15 -8.95 8 -22.095
3 0 -12.328 8 -22.207 -11.913 8 -23.48 -12.744 8 -23.48
4 0 -11.734 8 -23.952 -11.498 8 -24.65 -13.168 8 -24.65 -12.923 8 -23.952
4 0 -14.1 8 -21.15 -12.46 8 -21.15 -13.845 8 -24.65 -14.1 8 -24.65
4 0 -15.4 8 -21.15 -14.73 8 -21.15 -14.73 8 -24.65 -15.4 8 -24.65
4 0 -16.032 8 -21.725 -16.032 8 -22.688 -16.438 8 -22.693 -16.42 8 -21.718
4 0 -16.42 8 -21.718 -16.438 8 -22.693 -16.719 8 -22.628 -16.758 8 -21.773
4 0 -16.758 8 -21.773 -16.719 8 -22.628 -16.978 8 -22.445 -16.963 8 -21.924
3 0 -16.963 8 -21.924 -16.978 8 -22.445 -17.032 8 -22.169
4 0 -16.032 8 -23.207 -16.032 8 -24.65 -17.343 8 -24.65 -16.419 8 -23.226
4 0 -18.3 8 -24.65 -18.3 8 -21.15 -17.673 8 -22.178 -18.05 8 -24.65
3 0 -18.05 8 -24.65 -17.673 8 -22.178 -17.494 8 -22.735
3 0 -18.05 8 -24.65 -17.494 8 -22.735 -17.032 8 -23.094
3 0 -17.673 8 -22.178 -18.3 8 -21.15 -17.591 8 -21.732
3 0 -17.591 8 -21.732 -18.3 8 -21.15 -17.343 8 -21.414
3 0 -17.343 8 -21.414 -18.3 8 -21.15 -16.896 8 -21.216
4 0 -18.913 8 -21.688 -18.913 8 -22.518 -19.205 8 -22.527 -19.262 8 -21.678
4 0 -19.658 8 -22.414 -19.672 8 -21.777 -19.262 8 -21.678 -19.205 8 -22.527
3 0 -19.672 8 -21.777 -19.658 8 -22.414 -19.809 8 -22.075
4 0 -18.913 8 -22.99 -18.913 8 -24.131 -19.215 8 -24.15 -19.215 8 -22.99
4 0 -19.215 8 -22.99 -19.215 8 -24.15 -19.762 8 -24.037 -19.762 8 -23.084
4 0 -19.762 8 -23.084 -19.762 8 -24.037 -19.932 8 -23.848 -19.932 8 -23.265
3 0 -19.932 8 -23.265 -19.932 8 -23.848 -19.988 8 -23.546
3 0 -20.314 8 -22.417 -19.988 8 -22.697 -20.47 8 -23.041
4 0 -20.314 8 -22.417 -20.47 8 -23.041 -21.1 8 -21.15 -20.422 8 -22.046
4 0 -21.1 8 -21.15 -20.47 8 -23.041 -20.63 8 -23.622 -21.1 8 -23.565
4 0 -21.1 8 -23.565 -20.63 8 -23.622 -20.531 8 -24.072 -21.188 8 -24.07
4 0 -21.188 8 -24.07 -20.531 8 -24.072 -20.234 8 -24.405 -21.449 8 -24.433
4 0 -21.449 8 -24.433 -20.234 8 -24.405 -19.84 8 -24.589 -21.836 8 -24.603
3 0 -20.422 8 -22.046 -21.1 8 -21.15 -20.333 8 -21.643
3 0 -20.333 8 -21.643 -21.1 8 -21.15 -20.064 8 -21.358
4 0 -19.799 8 -16.47 -19.272 8 -21.15 -20.064 8 -21.358 -21.1 8 -21.15
4 0 -21.713 8 -21.15 -21.713 8 -23.537 -23.053 8 -23.527 -23.053 8 -21.15
4 0 -21.713 8 -23.537 -21.883 8 -23.999 -22.855 8 -24.008 -23.053 8 -23.527
3 0 -22.855 8 -24.008 -21.883 8 -23.999 -22.345 8 -24.159
3 0 -24.61 8 -21.376 -23.666 8 -21.15 -24.377 8 -21.676
3 0 -24.377 8 -21.676 -23.666 8 -21.15 -24.3 8 -22.065
4 0 -23.666 8 -23.574 -24.396 8 -22.504 -24.3 8 -22.065 -23.666 8 -21.15
4 0 -24.396 8 -22.504 -23.666 8 -23.574 -24.516 8 -23.905 -24.686 8 -22.839
4 0 -23.666 8 -23.574 -23.57 8 -24.068 -24.3 8 -24.461 -24.516 8 -23.905
3 0 -24.3 8 -24.461 -23.57 8 -24.068 -23.279 8 -24.433
4 0 -24.702 8 -24.61 -24.3 8 -24.461 -23.279 8 -24.433 -22.869 8 -24.603
4 0 -24.686 8 -22.839 -24.516 8 -23.905 -25.233 8 -24.159 -25.12 8 -23.084
4 0 -25.12 8 -23.084 -25.233 8 -24.159 -25.636 8 -24.065 -25.554 8 -23.357
3 0 -25.554 8 -23.357 -25.636 8 -24.065 -25.77 8 -23.782
4 0 -25.035 8 -21.754 -24.912 8 -22.056 -25.077 8 -22.362 -25.356 8 -21.66
4 0 -25.572 8 -22.678 -26.035 8 -21.886 -25.356 8 -21.66 -25.077 8 -22.362
3 0 -26.035 8 -21.886 -25.572 8 -22.678 -26.042 8 -22.98
4 0 -26.042 8 -22.98 -26.299 8 -23.32 -27 8 -23.999 -26.035 8 -21.886
4 0 -27 8 -23.999 -27.556 8 -23.999 -26.223 8 -21.358 -26.035 8 -21.886
3 0 -27 8 -23.999 -26.299 8 -23.32 -26.383 8 -23.744
3 0 -27 8 -23.999 -26.383 8 -23.744 -26.287 8 -24.164
4 0 -25.997 8 -24.48 -26.906 8 -25.525 -27 8 -23.999 -26.287 8 -24.164
4 0 -26.223 8 -21.358 -27.556 8 -23.999 -29.6 8 -24.65 -29.6 8 -21.15
4 0 -33.2 8 -29.2 -29.6 8 -24.65 -27.556 8 -23.999 -27.225 8 -25.525
4 0 -28.606 8 -16.55 -25.862 8 -21.188 -26.223 8 -21.358 -29.6 8 -21.15
4 0 -30.505 8 -22.527 -30.562 8 -21.678 -30.213 8 -21.688 -30.213 8 -22.518
4 0 -30.562 8 -21.678 -30.505 8 -22.527 -30.958 8 -22.414 -30.972 8 -21.777
3 0 -30.972 8 -21.777 -30.958 8 -22.414 -31.109 8 -22.075
3 0 -31.288 8 -22.697 -31.77 8 -23.041 -31.614 8 -22.417
4 0 -31.614 8 -22.417 -31.77 8 -23.041 -32.2 8 -21.15 -31.722 8 -22.046
3 0 -32.2 8 -21.15 -31.77 8 -23.041 -31.93 8 -23.622
3 0 -32.2 8 -21.15 -31.93 8 -23.622 -32.2 8 -24.65
3 0 -32.2 8 -24.65 -31.93 8 -23.622 -31.831 8 -24.072
3 0 -32.2 8 -24.65 -31.831 8 -24.072 -31.534 8 -24.405
4 0 -30.213 8 -22.99 -30.213 8 -24.131 -30.515 8 -24.15 -30.515 8 -22.99
4 0 -30.515 8 -22.99 -30.515 8 -24.15 -31.062 8 -24.037 -31.062 8 -23.084
4 0 -31.062 8 -23.084 -31.062 8 -24.037 -31.232 8 -23.848 -31.232 8 -23.265
3 0 -31.232 8 -23.265 -31.232 8 -23.848 -31.288 8 -23.546
3 0 -31.722 8 -22.046 -32.2 8 -21.15 -31.633 8 -21.643
3 0 -31.633 8 -21.643 -32.2 8 -21.15 -31.364 8 -21.358
4 0 -32.042 8 -16.405 -30.572 8 -21.15 -31.364 8 -21.358 -32.2 8 -21.15
4 0 -32.813 8 -24.103 -34.395 8 -24.103 -35.887 8 -21.15 -32.813 8 -21.15
4 0 -35.887 8 -21.15 -34.395 8 -24.103 -34.395 8 -24.65 -34.5 8 -24.65
3 0 -36.028 8 -22.207 -35.613 8 -23.48 -36.444 8 -23.48
3 0 -36.623 8 -23.952 -35.434 8 -23.952 -35.198 8 -24.65
4 0 -33.2 8 -29.2 -36.868 8 -24.65 -36.623 8 -23.952 -35.198 8 -24.65
3 0 -37.515 8 -22.202 -36.16 8 -21.15 -37.4 8 -22.933
4 0 -37.545 8 -24.65 -37.498 8 -23.641 -37.4 8 -22.933 -36.16 8 -21.15
3 0 -37.498 8 -23.641 -37.545 8 -24.65 -37.803 8 -24.197
3 0 -37.803 8 -24.197 -37.545 8 -24.65 -38.326 8 -24.579
3 0 -36.16 8 -21.15 -37.515 8 -22.202 -37.869 8 -21.631
3 0 -36.16 8 -21.15 -37.869 8 -21.631 -38.425 8 -21.256
4 0 -41 8 -21.15 -40.267 8 -21.471 -39.859 8 -21.971 -40.267 8 -22.782
4 0 -40.267 8 -22.782 -39.859 8 -21.971 -39.52 8 -21.773 -39.17 8 -22.782
4 0 -38.656 8 -21.773 -39.17 8 -22.782 -39.52 8 -21.773 -39.133 8 -21.678
4 0 -38.656 8 -21.773 -38.303 8 -22.056 -38.105 8 -22.45 -39.17 8 -22.782
4 0 -39.17 8 -23.301 -39.17 8 -22.782 -38.105 8 -22.45 -38.038 8 -22.952
4 0 -38.038 8 -22.952 -38.105 8 -23.431 -38.303 8 -23.81 -39.17 8 -23.301
4 0 -39.114 8 -24.159 -39.17 8 -23.301 -38.303 8 -23.81 -38.647 8 -24.072
4 0 -39.114 8 -24.159 -39.652 8 -23.98 -39.652 8 -23.301 -39.17 8 -23.301
4 0 -40.267 8 -22.782 -40.267 8 -24.329 -41 8 -24.65 -41 8 -21.15
4 0 -36.2 8 -29.2 -41 8 -24.65 -40.267 8 -24.329 -39.67 8 -24.612
4 0 -39.963 8 -16.385 -39.675 8 -21.216 -40.267 8 -21.471 -41 8 -21.15
4 0 -40.264 8 -15.799 -41.292 8 -21.15 -42.924 8 -23.282 -42.924 8 -21.15
3 0 -41.585 8 -22.508 -41.585 8 -24.65 -43.263 8 -24.65
4 0 -45.287 8 -21.15 -43.509 8 -21.15 -43.509 8 -24.65 -43.9 8 -24.65
3 0 -45.428 8 -22.207 -45.013 8 -23.48 -45.844 8 -23.48
4 0 -44.834 8 -23.952 -44.598 8 -24.65 -46.268 8 -24.65 -46.023 8 -23.952
3 0 -47.204 8 -22.251 -45.56 8 -21.15 -47.1 8 -22.933
4 0 -45.56 8 -21.15 -46.945 8 -24.65 -47.19 8 -23.638 -47.1 8 -22.933
3 0 -47.19 8 -23.638 -46.945 8 -24.65 -47.458 8 -24.188
3 0 -47.458 8 -24.188 -46.945 8 -24.65 -47.954 8 -24.577
3 0 -45.56 8 -21.15 -47.204 8 -22.251 -47.515 8 -21.678
4 0 -52 8 -7 -45.56 8 -21.15 -47.515 8 -21.678 -48.029 8 -21.268
4 0 -49.112 8 -24.072 -49.439 8 -23.81 -49.383 8 -21.886 -49.114 8 -21.73
4 0 -49.114 8 -21.73 -48.723 8 -21.678 -48.675 8 -24.159 -49.112 8 -24.072
4 0 -48.258 8 -24.065 -48.675 8 -24.159 -48.723 8 -21.678 -48.296 8 -21.782
4 0 -48.296 8 -21.782 -47.977 8 -22.093 -47.949 8 -23.782 -48.258 8 -24.065
4 0 -47.742 8 -22.961 -47.949 8 -23.782 -47.977 8 -22.093 -47.8 8 -22.494
4 0 -49.383 8 -21.886 -49.439 8 -23.81 -49.722 8 -24.311 -49.638 8 -21.376
4 0 -49.638 8 -21.376 -49.722 8 -24.311 -50.306 8 -25.525 -50.4 8 -23.999
4 0 -50.4 8 -23.999 -50.956 8 -23.999 -52.9 8 -21.15 -49.638 8 -21.376
4 0 -52.9 8 -21.15 -50.956 8 -23.999 -50.625 8 -25.525 -52.9 8 -24.65
3 0 -50.306 8 -25.525 -49.722 8 -24.311 -49.265 8 -24.608
4 0 -41.2 8 -37.2 -50.306 8 -25.525 -49.265 8 -24.608 -48.628 8 -24.706
4 0 -53.513 8 -21.689 -53.513 8 -22.546 -54.721 8 -22.546 -55.175 8 -21.689
4 0 -55.175 8 -21.689 -54.721 8 -22.546 -54.721 8 -23.065 -55.4 8 -24.65
4 0 -55.4 8 -24.65 -54.721 8 -23.065 -53.513 8 -23.065 -53.513 8 -24.65
4 0 -55.175 8 -21.15 -55.175 8 -21.689 -55.4 8 -24.65 -55.4 8 -21.15
4 0 -56.032 8 -21.725 -56.032 8 -22.688 -56.438 8 -22.693 -56.42 8 -21.718
4 0 -56.42 8 -21.718 -56.438 8 -22.693 -56.719 8 -22.628 -56.758 8 -21.773
4 0 -56.758 8 -21.773 -56.719 8 -22.628 -56.978 8 -22.445 -56.963 8 -21.924
3 0 -56.963 8 -21.924 -56.978 8 -22.445 -57.032 8 -22.169
4 0 -56.032 8 -23.207 -56.032 8 -24.65 -57.343 8 -24.65 -56.419 8 -23.226
3 0 -57.032 8 -23.094 -58.05 8 -24.65 -57.494 8 -22.735
3 0 39.298 8 -16.55 42.075 8 -21.256 41.348 8 -21.15
4 0 41.348 8 -21.15 40.825 8 -21.216 38.837 8 -21.268 39.298 8 -16.55
4 0 39.298 8 -16.55 38.837 8 -21.268 38.21 8 -21.15 38.685 8 -16.55
4 0 37.28 8 -16.05 38.685 8 -16.55 38.21 8 -21.15 36.81 8 -16.467
4 0 38.21 8 -21.15 37.531 8 -21.256 36.157 8 -16.585 36.81 8 -16.467
4 0 37.531 8 -21.256 34.075 8 -21.256 35.466 8 -16.474 36.157 8 -16.585
4 0 34.959 8 -16.078 35.466 8 -16.474 34.075 8 -21.256 33.298 8 -16.55
4 0 32.685 8 -16.55 33.298 8 -16.55 34.075 8 -21.256 33.348 8 -21.15
4 0 33.348 8 -21.15 32.825 8 -21.216 32.1 8 -16.55 32.685 8 -16.55
4 0 32.234 8 -21.471 31.6 8 -21.15 32.1 8 -16.55 32.825 8 -21.216
4 0 30.647 8 -21.15 31.402 8 -16.55 32.1 8 -16.55 31.6 8 -21.15
4 0 31.402 8 -16.55 30.647 8 -21.15 30.104 8 -21.216 29.732 8 -16.55
3 0 29.732 8 -16.55 30.104 8 -21.216 29.055 8 -16.55
4 0 29.657 8 -21.414 28.037 8 -21.268 29.055 8 -16.55 30.104 8 -21.216
4 0 29.055 8 -16.55 28.037 8 -21.268 27.41 8 -21.15 28.7 8 -16.55
4 0 26.731 8 -21.256 26.506 8 -16.55 28.7 8 -16.55 27.41 8 -21.15
3 0 26.506 8 -16.55 26.731 8 -21.256 25.3 8 -16.55
4 0 26.24 8 -21.631 25.3 8 -21.15 25.3 8 -16.55 26.731 8 -21.256
4 0 24.687 8 -21.15 24.716 8 -16.55 25.3 8 -16.55 25.3 8 -21.15
4 0 24.716 8 -16.55 24.687 8 -21.15 23.347 8 -21.15 23.061 8 -16.55
4 0 22.734 8 -21.15 22.476 8 -16.55 23.061 8 -16.55 23.347 8 -21.15
4 0 22.476 8 -16.55 22.734 8 -21.15 22.1 8 -21.15 22 8 -16.55
4 0 22 8 -16.55 22.1 8 -21.15 21.381 8 -21.15 21.302 8 -16.55
4 0 21.381 8 -21.15 20.821 8 -21.2 19.632 8 -16.55 21.302 8 -16.55
4 0 20.325 8 -21.348 18.2 8 -21.15 19.632 8 -16.55 20.821 8 -21.2
3 0 19.632 8 -16.55 18.2 8 -21.15 18.955 8 -16.55
3 0 18.955 8 -16.55 18.2 8 -21.15 18.313 8 -16.55
4 0 17.549 8 -15.289 18.313 8 -16.55 18.2 8 -21.15 16.724 8 -16.55
4 0 18.2 8 -21.15 17.228 8 -21.15 16.044 8 -16.55 16.724 8 -16.55
3 0 16.044 8 -16.55 17.228 8 -21.15 15.9 8 -16.55
3 0 15.9 8 -16.55 15.3 8 -21.15 15.27 8 -16.55
4 0 15.27 8 -16.55 15.3 8 -21.15 14.67 8 -21.15 14.5 8 -16.55
4 0 14.5 8 -16.55 14.67 8 -21.15 14.1 8 -21.15 13.916 8 -16.55
4 0 14.1 8 -21.15 13.488 8 -21.15 12.261 8 -16.55 13.916 8 -16.55
4 0 11.676 8 -16.55 12.261 8 -16.55 13.488 8 -21.15 11.8 8 -21.15
3 0 11.676 8 -16.55 11.8 8 -21.15 11.188 8 -21.15
4 0 9.745 8 -16.55 10.264 8 -16.503 11.188 8 -21.15 9.5 8 -21.15
4 0 9.745 8 -16.55 9.5 8 -21.15 8.887 8 -21.15 9.231 8 -16.503
4 0 8.821 8 -16.333 9.231 8 -16.503 8.887 8 -21.15 7.7 8 -16.55
4 0 8.887 8 -21.15 7.547 8 -21.15 7.116 8 -16.55 7.7 8 -16.55
3 0 7.116 8 -16.55 7.547 8 -21.15 6.934 8 -21.15
4 0 6.934 8 -21.15 6.2 8 -21.15 5.461 8 -16.55 7.116 8 -16.55
4 0 6.2 8 -21.15 5.908 8 -21.15 4.876 8 -16.55 5.461 8 -16.55
4 0 4.276 8 -23.282 4.276 8 -21.15 4.876 8 -16.55 5.908 8 -21.15
3 0 4.876 8 -16.55 4.276 8 -21.15 3.691 8 -21.15
4 0 2.9 8 -21.15 2.298 8 -16.55 4.876 8 -16.55 3.691 8 -21.15
4 0 1.685 8 -16.55 2.298 8 -16.55 2.9 8 -21.15 1.985 8 -21.15
3 0 1.685 8 -16.55 1.985 8 -21.15 .4 8 -16.55
3 0 .4 8 -16.55 1.985 8 -21.15 -.214 8 -16.55
4 0 1.308 8 -21.277 -2.6 8 -21.15 -.214 8 -16.55 1.985 8 -21.15
3 0 -.214 8 -16.55 -2.6 8 -21.15 -1.582 8 -16.55
3 0 -1.582 8 -16.55 -2.6 8 -21.15 -2.195 8 -16.55
3 0 -2.195 8 -16.55 -2.6 8 -21.15 -2.8 8 -16.55
4 0 -2.8 8 -16.55 -2.6 8 -21.15 -3.515 8 -21.15 -3.432 8 -16.55
3 0 -3.432 8 -16.55 -3.515 8 -21.15 -4.743 8 -16.55
4 0 -4.192 8 -21.277 -5.7 8 -21.15 -4.743 8 -16.55 -3.515 8 -21.15
3 0 -4.743 8 -16.55 -5.7 8 -21.15 -5.45 8 -16.55
4 0 -6.049 8 -16.333 -5.45 8 -16.55 -5.7 8 -21.15 -6.436 8 -16.503
4 0 -5.7 8 -21.15 -6.314 8 -21.15 -6.955 8 -16.55 -6.436 8 -16.503
4 0 -6.314 8 -22.848 -7.484 8 -21.15 -6.955 8 -16.55 -6.314 8 -21.15
4 0 -8.182 8 -21.15 -7.469 8 -16.503 -6.955 8 -16.55 -7.484 8 -21.15
4 0 -7.469 8 -16.503 -8.182 8 -21.15 -9.867 8 -16.55 -9.402 8 -16.51
4 0 -12.187 8 -21.15 -10.32 8 -16.515 -9.867 8 -16.55 -8.182 8 -21.15
4 0 -12.202 8 -16.55 -12.187 8 -21.15 -12.46 8 -21.15 -12.815 8 -16.55
3 0 -12.815 8 -16.55 -12.46 8 -21.15 -14.1 8 -21.15
3 0 -14.1 8 -21.15 -14 8 -16.585 -12.81535 8 -16.55
3 0 -12.81535 8 -16.55 -14 8 -16.585 -14 8 -16.235
3 0 -12.81535 8 -16.55 -14 8 -16.235 -14 8 -15.885
3 0 -12.81535 8 -16.55 -14 8 -15.885 -14 8 -14.695
3 0 -16.5 8 -14.406 -14.7 8 -14.345 -14.7 8 -14.695
3 0 -16.5 8 -14.406 -14.7 8 -14.695 -14.7 8 -15.885
4 0 -14 8 -16.585 -14.1 8 -21.15 -14.73 8 -21.15 -14.35 8 -16.585
4 0 -15.4 8 -21.15 -14.7 8 -16.585 -14.35 8 -16.585 -14.73 8 -21.15
3 0 -14.7 8 -16.585 -15.4 8 -21.15 -16.353 8 -21.15
4 0 -14.7 8 -16.235 -14.7 8 -16.585 -16.353 8 -21.15 -17.218 8 -16.55
3 0 -17.218 8 -16.55 -16.353 8 -21.15 -17.69 8 -16.55
4 0 -16.896 8 -21.216 -18.3 8 -21.15 -17.69 8 -16.55 -16.353 8 -21.15
4 0 -19.272 8 -21.15 -18.857 8 -16.485 -17.69 8 -16.55 -18.3 8 -21.15
3 0 -17.69 8 -16.55 -18.857 8 -16.485 -18.5 8 -16.288
3 0 -18.857 8 -16.485 -19.272 8 -21.15 -19.296 8 -16.55
3 0 -19.296 8 -16.55 -19.272 8 -21.15 -19.799 8 -16.47
4 0 -20.158 8 -16.227 -19.799 8 -16.47 -21.1 8 -21.15 -20.9 8 -16.55
4 0 -21.1 8 -21.15 -21.713 8 -21.15 -23.021 8 -16.55 -20.9 8 -16.55
3 0 -23.021 8 -16.55 -21.713 8 -21.15 -23.053 8 -21.15
4 0 -23.5 8 -16.235 -23.021 8 -16.55 -23.053 8 -21.15 -23.5 8 -16.585
4 0 -23.5 8 -16.585 -23.053 8 -21.15 -23.666 8 -21.15 -23.85 8 -16.585
3 0 -23.85 8 -16.585 -23.666 8 -21.15 -24.2 8 -16.585
4 0 -24.61 8 -21.376 -24.941 8 -21.192 -24.2 8 -16.585 -23.666 8 -21.15
4 0 -26.921 8 -16.55 -24.8 8 -16.55 -24.941 8 -21.192 -25.346 8 -21.15
3 0 -26.921 8 -16.55 -25.346 8 -21.15 -25.862 8 -21.188
3 0 -28.022 8 -16.404 -25.862 8 -21.188 -28.606 8 -16.55
4 0 -28.606 8 -16.55 -29.6 8 -21.15 -30.572 8 -21.15 -29.142 8 -16.405
4 0 -29.142 8 -16.405 -30.572 8 -21.15 -31.506 8 -16.55 -30.922 8 -16.404
3 0 -31.506 8 -16.55 -30.572 8 -21.15 -32.042 8 -16.405
3 0 -32.042 8 -16.405 -32.2 8 -21.15 -32.813 8 -21.15
4 0 -32.403 8 -15.944 -32.042 8 -16.405 -32.813 8 -21.15 -34.6 8 -16.55
4 0 -34.6 8 -16.55 -32.813 8 -21.15 -35.887 8 -21.15 -35.125 8 -16.55
3 0 -35.125 8 -16.55 -35.887 8 -21.15 -35.7 8 -16.55
4 0 -35.7 8 -16.55 -35.887 8 -21.15 -36.16 8 -21.15 -36.054 8 -16.55
4 0 -36.187 8 -16.409 -36.054 8 -16.55 -36.16 8 -21.15 -36.79 8 -16.55
4 0 -36.16 8 -21.15 -38.425 8 -21.256 -37.328 8 -16.5 -36.79 8 -16.55
4 0 -37.328 8 -16.5 -38.425 8 -21.256 -39.302 8 -16.55 -38.889 8 -16.505
4 0 -39.302 8 -16.55 -38.425 8 -21.256 -39.152 8 -21.15 -39.67 8 -16.509
4 0 -39.152 8 -21.15 -39.675 8 -21.216 -39.963 8 -16.385 -39.67 8 -16.509
4 0 -41.292 8 -21.15 -40.188 8 -16.137 -39.963 8 -16.385 -41 8 -21.15
3 0 -40.188 8 -16.137 -41.292 8 -21.15 -40.264 8 -15.799
3 0 -40.264 8 -15.799 -42.924 8 -21.15 -43.509 8 -21.15
3 0 -40.264 8 -15.799 -43.509 8 -21.15 -45.287 8 -21.15
3 0 54.738 8 8.612 55.104 8 10.55 55.254 8 8.65
4 0 55.254 8 8.65 55.104 8 10.55 57.3 8 10.55 55.66 8 8.608
3 0 55.66 8 8.608 57.3 8 10.55 55.99 8 8.424
3 0 55.99 8 8.424 57.3 8 10.55 56.223 8 8.124
4 0 59.636 8 10.55 60.4 8 10.55 56.3 8 7.735 56.223 8 8.124
4 0 56.204 8 7.296 56.3 8 7.735 60.4 8 10.55 56.3 8 5.339
4 0 55.688 8 7.744 55.523 8 7.438 55.244 8 8.14 55.565 8 8.046
4 0 54.565 8 7.914 55.244 8 8.14 55.523 8 7.438 55.028 8 7.122
4 0 55.028 8 7.122 54.558 8 6.82 53.6 8 8.65 54.565 8 7.914
3 0 54.565 8 7.914 53.6 8 8.65 54.377 8 8.442
4 0 54.558 8 6.82 54.301 8 6.48 53.6 8 6.235 53.6 8 8.65
4 0 54.301 8 6.48 54.218 8 6.056 53.513 8 5.73 53.6 8 6.235
4 0 54.218 8 6.056 54.313 8 5.636 53.251 8 5.367 53.513 8 5.73
3 0 53.251 8 5.367 54.313 8 5.636 54.603 8 5.32
4 0 54.603 8 5.32 54.981 8 5.185 52.864 8 5.197 53.251 8 5.367
4 0 52.987 8 8.65 52.987 8 6.263 51.647 8 6.273 51.647 8 8.65
4 0 51.845 8 5.792 51.647 8 6.273 52.987 8 6.263 52.817 8 5.801
3 0 51.845 8 5.792 52.817 8 5.801 52.355 8 5.641
4 0 51.034 8 8.65 51.034 8 6.226 50.5 8 5.15 50.5 8 8.65
3 0 50.5 8 5.15 51.034 8 6.226 51.13 8 5.732
3 0 50.5 8 5.15 51.13 8 5.732 51.421 8 5.367
4 0 52 8 -7 50.5 8 5.15 51.421 8 5.367 51.831 8 5.197
4 0 49.887 8 8.065 49.887 8 5.707 49.566 8 5.697 49.613 8 8.084
4 0 49.118 8 5.796 49.159 8 8.015 49.613 8 8.084 49.566 8 5.697
4 0 49.159 8 8.015 49.118 8 5.796 48.792 8 6.093 48.835 8 7.808
4 0 48.835 8 7.808 48.792 8 6.093 48.63 8 6.485 48.64 8 7.463
3 0 48.64 8 7.463 48.63 8 6.485 48.575 8 6.98
3 0 46.6 8 5.15 47.945 8 7.018 48.055 8 6.201
3 0 46.6 8 5.15 48.055 8 6.201 48.391 8 5.617
4 0 46.6 8 5.15 45.213 8 8.65 48.054 8 7.685 47.945 8 7.018
3 0 48.054 8 7.685 45.213 8 8.65 48.387 8 8.197
3 0 48.387 8 8.197 45.213 8 8.65 48.908 8 8.523
3 0 45.072 8 7.593 45.487 8 6.32 44.656 8 6.32
4 0 44.232 8 5.15 44.477 8 5.848 45.666 8 5.848 45.902 8 5.15
4 0 42.608 8 5.15 43.9 8 8.65 44.94 8 8.65 43.555 8 5.15
3 0 41.58 8 8.65 43.221 8 8.65 42.42 8 6.273
3 0 40.5 8 8.65 40.919 8 8.65 42.268 8 5.15
4 0 39.87 8 5.15 39.6 8 5.15 38.213 8 8.65 39.87 8 8.65
3 0 37 8 8.65 37.94 8 8.65 37 8 8.111
3 0 37 8 8.111 37.94 8 8.65 36.555 8 5.15
4 0 35.898 8 5.15 35.898 8 8.111 37 8 8.111 36.555 8 5.15
3 0 38.072 8 7.593 38.487 8 6.32 37.656 8 6.32
4 0 37.232 8 5.15 37.477 8 5.848 38.666 8 5.848 38.902 8 5.15
4 0 33.9 8 5.15 33.9 8 8.65 34.144 8 8.65 34.144 8 8.111
4 0 35.285 8 8.111 35.285 8 5.15 33.9 8 5.15 34.144 8 8.111
4 0 32.706 8 7.572 33.27 8 8.65 33.27 8 5.15 32.8 8 6.905
3 0 32.8 8 6.905 33.27 8 5.15 32.72 8 6.2
3 0 32.72 8 6.2 33.27 8 5.15 32.48 8 5.65
3 0 32.48 8 5.65 33.27 8 5.15 32.01 8 5.233
3 0 33.27 8 8.65 32.706 8 7.572 32.423 8 8.122
3 0 33.27 8 8.65 32.423 8 8.122 31.937 8 8.532
4 0 31.31 8 8.122 31.711 8 8.023 31.749 8 5.749 31.357 8 5.641
4 0 32.017 8 6.075 31.749 8 5.749 31.711 8 8.023 31.989 8 7.725
3 0 32.017 8 6.075 31.989 8 7.725 32.159 8 6.905
4 0 31.31 8 8.122 31.357 8 5.641 30.944 8 5.719 30.918 8 8.046
4 0 30.65 8 5.957 30.638 8 7.817 30.918 8 8.046 30.944 8 5.719
4 0 30.473 8 6.352 30.47 8 7.437 30.638 8 7.817 30.65 8 5.957
3 0 30.47 8 7.437 30.473 8 6.352 30.414 8 6.905
4 0 29.876 8 6.183 29.2 8 5.15 29.2 8 8.65 29.783 8 6.905
3 0 29.2 8 5.15 29.876 8 6.183 30.159 8 5.622
3 0 29.2 8 5.15 30.159 8 5.622 30.666 8 5.226
3 0 29.783 8 6.905 29.2 8 8.65 29.871 8 7.622
3 0 29.871 8 7.622 29.2 8 8.65 30.14 8 8.169
3 0 30.14 8 8.169 29.2 8 8.65 30.631 8 8.544
3 0 27.276 8 8.65 28.908 8 8.65 27.276 8 6.518
3 0 28.616 8 7.292 28.616 8 5.15 26.937 8 5.15
4 0 23.949 8 7.235 23.638 8 6.82 23.392 8 6.782 23.532 8 7.122
4 0 24.506 8 7.122 24.496 8 6.622 23.638 8 6.82 23.949 8 7.235
4 0 24.8 8 6.32 24.496 8 6.622 24.506 8 7.122 24.638 8 7.574
4 0 26.691 8 5.15 24.8 8 6.32 24.638 8 7.574 26.691 8 8.65
3 0 24.8 8 6.32 26.691 8 5.15 24.9 8 5.886
3 0 24.9 8 5.886 26.691 8 5.15 24.838 8 5.544
3 0 24.838 8 5.544 26.691 8 5.15 24.647 8 5.291
3 0 26.691 8 8.65 24.638 8 7.574 23.911 8 7.726
3 0 22.3 8 7.726 23.369 8 7.645 23.024 8 7.405
3 0 22.3 8 7.726 23.024 8 7.405 22.855 8 7.032
3 0 22.3 8 7.726 22.855 8 7.032 22.798 8 6.461
4 0 22.798 8 6.461 22.798 8 5.924 22.746 8 5.515 22.3 8 7.726
4 0 22.3 8 5.15 22.3 8 7.726 22.746 8 5.515 22.59 8 5.291
4 0 22.131 8 10.597 21.875 8 7.726 21.772 8 7.443 21.469 8 7.655
4 0 20.781 8 7.065 21.205 8 7.235 21.488 8 7.159 21.715 8 6.98
4 0 21.715 8 5.15 20.677 8 6.612 20.781 8 7.065 21.715 8 6.98
3 0 20.677 8 6.612 21.715 8 5.15 20.677 8 5.15
4 0 20.146 8 7.124 20.095 8 6.697 19.7 8 6.376 19.628 8 6.895
4 0 19.628 8 6.895 19.388 8 7.32 20.338 8 7.443 20.146 8 7.124
4 0 20.644 8 7.655 20.338 8 7.443 19.388 8 7.32 18.992 8 7.624
4 0 20.095 8 5.15 19.638 8 5.862 19.7 8 6.376 20.095 8 6.697
3 0 19.638 8 5.862 20.095 8 5.15 19.426 8 5.471
3 0 19.426 8 5.471 20.095 8 5.15 19.065 8 5.195
4 0 18.325 8 3.15 17.963 8 5.15 17.963 8 5.301 18.246 8 5.15
3 0 18.482 8 7.725 17.963 8 7.603 17.963 8 8.65
4 0 15.4 8 5.15 15.4 8 8.65 17.369 8 8.65 17.369 8 5.15
4 0 14.787 8 8.112 14.787 8 7.282 14.495 8 7.273 14.438 8 8.122
4 0 14.042 8 7.386 14.028 8 8.023 14.438 8 8.122 14.495 8 7.273
3 0 14.028 8 8.023 14.042 8 7.386 13.891 8 7.725
4 0 14.485 8 5.65 14.485 8 6.81 14.787 8 6.81 14.787 8 5.669
4 0 13.938 8 5.763 13.938 8 6.716 14.485 8 6.81 14.485 8 5.65
4 0 13.768 8 5.952 13.768 8 6.535 13.938 8 6.716 13.938 8 5.763
3 0 13.768 8 6.535 13.768 8 5.952 13.712 8 6.254
3 0 13.386 8 7.383 13.712 8 7.103 13.23 8 6.759
4 0 13.278 8 7.754 13.386 8 7.383 13.23 8 6.759 12.6 8 8.65
3 0 13.278 8 7.754 12.6 8 8.65 13.367 8 8.157
3 0 13.367 8 8.157 12.6 8 8.65 13.636 8 8.442
4 0 12.6 8 5.15 12.6 8 8.65 13.23 8 6.759 13.07 8 6.178
3 0 12.6 8 5.15 13.07 8 6.178 13.169 8 5.728
3 0 12.6 8 5.15 13.169 8 5.728 13.466 8 5.395
3 0 12.6 8 5.15 13.466 8 5.395 13.86 8 5.211
4 0 11.562 8 7.107 11.58 8 8.082 11.968 8 8.075 11.968 8 7.112
4 0 11.58 8 8.082 11.562 8 7.107 11.281 8 7.172 11.242 8 8.027
4 0 11.022 8 7.355 11.037 8 7.877 11.242 8 8.027 11.281 8 7.172
3 0 11.037 8 7.877 11.022 8 7.355 10.968 8 7.631
4 0 10.657 8 5.15 11.581 8 6.575 11.968 8 6.593 11.968 8 5.15
4 0 10.968 8 6.706 9.951 8 5.15 9.6 8 5.15 10.506 8 7.065
4 0 9.6 8 8.65 10.327 8 7.622 10.506 8 7.065 9.6 8 5.15
3 0 10.327 8 7.622 9.6 8 8.65 10.409 8 8.068
3 0 10.409 8 8.068 9.6 8 8.65 10.657 8 8.386
3 0 10.657 8 8.386 9.6 8 8.65 11.104 8 8.584
4 0 8.97 8 5.15 8.7 8 8.111 8.7 8 8.65 8.97 8 8.65
3 0 8.7 8 8.111 8.97 8 5.15 7.598 8 8.111
4 0 8.4 8 3.15 7.598 8 5.15 7.598 8 8.111 8.97 8 5.15
4 0 5.7 8 5.15 5.844 8 8.111 6.985 8 8.111 6.985 8 5.15
4 0 5.844 8 8.65 5.844 8 8.111 5.7 8 5.15 5.7 8 8.65
3 0 4.323 8 8.124 5.07 8 8.65 4.4 8 7.735
4 0 5.07 8 5.15 4.304 8 7.296 4.4 8 7.735 5.07 8 8.65
4 0 4.184 8 5.895 4.304 8 7.296 5.07 8 5.15 4.4 8 5.339
3 0 4.304 8 7.296 4.184 8 5.895 4.014 8 6.961
4 0 4.014 8 6.961 4.184 8 5.895 3.467 8 5.641 3.58 8 6.716
4 0 3.064 8 5.735 3.146 8 6.443 3.58 8 6.716 3.467 8 5.641
3 0 3.146 8 6.443 3.064 8 5.735 2.93 8 6.018
3 0 5.07 8 8.65 4.323 8 8.124 4.09 8 8.424
3 0 5.07 8 8.65 4.09 8 8.424 3.76 8 8.608
3 0 4.4 8 5.339 5.07 8 5.15 3.998 8 5.19
4 0 3.623 8 7.438 3.344 8 8.14 3.665 8 8.046 3.788 8 7.744
4 0 3.128 8 7.122 2.665 8 7.914 3.344 8 8.14 3.623 8 7.438
3 0 2.665 8 7.914 3.128 8 7.122 2.658 8 6.82
4 0 1.8 8 8.65 2.665 8 7.914 2.658 8 6.82 2.401 8 6.48
3 0 2.665 8 7.914 1.8 8 8.65 2.477 8 8.442
3 0 2.477 8 8.442 1.8 8 8.65 2.838 8 8.612
4 0 1.8 8 5.15 1.8 8 8.65 2.401 8 6.48 2.318 8 6.056
3 0 1.8 8 5.15 2.318 8 6.056 2.413 8 5.636
3 0 1.8 8 5.15 2.413 8 5.636 2.703 8 5.32
3 0 1.8 8 5.15 2.703 8 5.32 3.081 8 5.185
4 0 -.182 8 8.65 1.186 8 8.65 1.186 8 7.254 -.182 8 7.254
4 0 -.182 8 5.15 -.182 8 6.706 1.186 8 6.706 1.186 8 5.15
4 0 -3.587 8 8.65 -.795 8 8.65 -.795 8 5.15 -2.2 8 5.15
3 0 -3.728 8 7.593 -3.313 8 6.32 -4.144 8 6.32
4 0 -4.568 8 5.15 -4.323 8 5.848 -3.134 8 5.848 -2.898 8 5.15
4 0 -5.5 8 5.15 -5.5 8 8.65 -3.86 8 8.65 -5.245 8 5.15
4 0 -6.7 8 10.55 -6.13 8 8.65 -6.13 8 5.15 -6.8 8 8.65
3 0 -6.8 8 8.65 -6.13 8 5.15 -6.8 8 5.15
4 0 -7.838 8 7.107 -7.82 8 8.082 -7.432 8 8.075 -7.432 8 7.112
4 0 -7.82 8 8.082 -7.838 8 7.107 -8.119 8 7.172 -8.158 8 8.027
4 0 -8.378 8 7.355 -8.363 8 7.877 -8.158 8 8.027 -8.119 8 7.172
3 0 -8.363 8 7.877 -8.378 8 7.355 -8.432 8 7.631
4 0 -8.743 8 5.15 -7.819 8 6.575 -7.432 8 6.593 -7.432 8 5.15
4 0 -8.894 8 7.065 -8.432 8 6.706 -9.59 8 6.162 -9.5 8 6.867
4 0 -9.858 8 5.612 -9.59 8 6.162 -8.432 8 6.706 -9.45 8 5.15
3 0 -9.858 8 5.612 -9.45 8 5.15 -10.354 8 5.223
4 0 -9.604 8 7.549 -9.073 8 7.622 -8.894 8 7.065 -9.5 8 6.867
4 0 -9.915 8 8.122 -8.991 8 8.068 -9.073 8 7.622 -9.604 8 7.549
4 0 -10.429 8 8.532 -8.743 8 8.386 -8.991 8 8.068 -9.915 8 8.122
3 0 -8.743 8 8.386 -10.429 8 8.532 -8.296 8 8.584
4 0 -11.512 8 5.728 -11.839 8 5.99 -11.783 8 7.914 -11.514 8 8.07
4 0 -11.514 8 8.07 -11.123 8 8.122 -11.075 8 5.641 -11.512 8 5.728
4 0 -10.658 8 5.735 -11.075 8 5.641 -11.123 8 8.122 -10.696 8 8.018
4 0 -10.696 8 8.018 -10.377 8 7.707 -10.349 8 6.018 -10.658 8 5.735
4 0 -10.142 8 6.839 -10.349 8 6.018 -10.377 8 7.707 -10.2 8 7.306
4 0 -12.122 8 5.49 -12.038 8 8.424 -11.783 8 7.914 -11.839 8 5.99
4 0 -12.038 8 8.424 -12.122 8 5.49 -12.8 8 5.15 -12.8 8 8.65
3 0 -12.8 8 5.15 -12.122 8 5.49 -11.665 8 5.192
3 0 -12.038 8 8.424 -12.8 8 8.65 -11.62 8 8.608
4 0 -13.838 8 7.107 -13.82 8 8.082 -13.432 8 8.075 -13.432 8 7.112
4 0 -14.119 8 7.172 -14.158 8 8.027 -13.82 8 8.082 -13.838 8 7.107
4 0 -14.378 8 7.355 -14.363 8 7.877 -14.158 8 8.027 -14.119 8 7.172
3 0 -14.363 8 7.877 -14.378 8 7.355 -14.432 8 7.631
3 0 -13.819 8 6.575 -13.432 8 6.593 -13.432 8 5.15
4 0 -14.866 8 3.056 -14.743 8 5.15 -13.819 8 6.575 -13.432 8 5.15
3 0 -14.894 8 7.065 -14.432 8 6.706 -15.45 8 5.15
4 0 -15.45 8 5.15 -16.837 8 8.65 -15.073 8 7.622 -14.894 8 7.065
3 0 -15.073 8 7.622 -16.837 8 8.65 -14.991 8 8.068
3 0 -14.991 8 8.068 -16.837 8 8.65 -14.743 8 8.386
3 0 -14.743 8 8.386 -16.837 8 8.65 -14.296 8 8.584
3 0 -16.978 8 7.593 -16.563 8 6.32 -17.394 8 6.32
4 0 -17.818 8 5.15 -17.573 8 5.848 -16.384 8 5.848 -16.148 8 5.15
4 0 -17.11 8 8.65 -18.495 8 5.15 -18.67 8 5.15 -18.67 8 8.65
4 0 -20.945 8 8.111 -19.283 8 8.111 -19.283 8 7.254 -20.491 8 7.254
3 0 -21.04 8 8.111 -20.945 8 8.111 -20.491 8 7.254
4 0 -20.491 8 6.735 -22.142 8 8.111 -21.04 8 8.111 -20.491 8 7.254
3 0 -22.142 8 8.111 -20.491 8 6.735 -22.142 8 5.15
4 0 -19.283 8 6.735 -19.283 8 5.15 -22.142 8 5.15 -20.491 8 6.735
3 0 -22.755 8 8.111 -22.755 8 5.15 -23.896 8 8.111
4 0 -24.8 8 6.867 -24.904 8 7.549 -23.896 8 8.111 -22.755 8 5.15
3 0 -24.8 8 6.867 -22.755 8 5.15 -24.89 8 6.162
3 0 -24.89 8 6.162 -22.755 8 5.15 -25.158 8 5.612
3 0 -25.158 8 5.612 -22.755 8 5.15 -25.654 8 5.223
4 0 -25.215 8 8.122 -23.896 8 8.65 -23.896 8 8.111 -24.904 8 7.549
4 0 -25.082 8 10.55 -23.896 8 8.65 -25.215 8 8.122 -25.729 8 8.532
4 0 -26.812 8 5.728 -27.139 8 5.99 -27.083 8 7.914 -26.814 8 8.07
4 0 -26.814 8 8.07 -26.423 8 8.122 -26.375 8 5.641 -26.812 8 5.728
4 0 -25.958 8 5.735 -26.375 8 5.641 -26.423 8 8.122 -25.996 8 8.018
4 0 -25.996 8 8.018 -25.677 8 7.707 -25.649 8 6.018 -25.958 8 5.735
4 0 -25.442 8 6.839 -25.649 8 6.018 -25.677 8 7.707 -25.5 8 7.306
4 0 -27.422 8 5.49 -27.338 8 8.424 -27.083 8 7.914 -27.139 8 5.99
4 0 -28.094 8 7.572 -27.338 8 8.424 -27.422 8 5.49 -28 8 6.905
3 0 -27.338 8 8.424 -28.094 8 7.572 -28.377 8 8.122
4 0 -26.92 8 8.608 -27.338 8 8.424 -28.377 8 8.122 -28.863 8 8.532
3 0 -28 8 6.905 -27.422 8 5.49 -28.08 8 6.2
3 0 -28.08 8 6.2 -27.422 8 5.49 -28.32 8 5.65
4 0 -28.32 8 5.65 -27.422 8 5.49 -26.965 8 5.192 -28.79 8 5.233
4 0 -29.051 8 5.749 -29.443 8 5.641 -29.49 8 8.122 -29.089 8 8.023
3 0 -29.051 8 5.749 -29.089 8 8.023 -28.811 8 7.725
4 0 -29.051 8 5.749 -28.811 8 7.725 -28.641 8 6.905 -28.783 8 6.075
4 0 -29.856 8 5.719 -29.882 8 8.046 -29.49 8 8.122 -29.443 8 5.641
4 0 -30.15 8 5.957 -30.162 8 7.817 -29.882 8 8.046 -29.856 8 5.719
4 0 -30.328 8 6.352 -30.33 8 7.437 -30.162 8 7.817 -30.15 8 5.957
3 0 -30.33 8 7.437 -30.328 8 6.352 -30.386 8 6.905
4 0 -30.924 8 6.183 -31.5 8 5.15 -31.5 8 8.65 -31.017 8 6.905
3 0 -31.5 8 5.15 -30.924 8 6.183 -30.641 8 5.622
3 0 -31.5 8 5.15 -30.641 8 5.622 -30.134 8 5.226
3 0 -31.017 8 6.905 -31.5 8 8.65 -30.929 8 7.622
3 0 -30.929 8 7.622 -31.5 8 8.65 -30.66 8 8.169
3 0 -30.66 8 8.169 -31.5 8 8.65 -30.169 8 8.544
4 0 -32.538 8 7.107 -32.52 8 8.082 -32.132 8 8.075 -32.132 8 7.112
4 0 -32.819 8 7.172 -32.858 8 8.027 -32.52 8 8.082 -32.538 8 7.107
4 0 -33.078 8 7.355 -33.063 8 7.877 -32.858 8 8.027 -32.819 8 7.172
3 0 -33.063 8 7.877 -33.078 8 7.355 -33.132 8 7.631
4 0 -32.132 8 6.593 -32.132 8 5.15 -33.443 8 5.15 -32.519 8 6.575
4 0 -33.132 8 6.706 -34.15 8 5.15 -34.4 8 5.15 -33.594 8 7.065
4 0 -33.594 8 7.065 -34.4 8 5.15 -34.4 8 8.65 -33.773 8 7.622
3 0 -33.773 8 7.622 -34.4 8 8.65 -33.691 8 8.068
3 0 -33.691 8 8.068 -34.4 8 8.65 -33.443 8 8.386
3 0 -33.443 8 8.386 -34.4 8 8.65 -32.996 8 8.584
4 0 -35.015 8 8.075 -35.015 8 6.971 -35.374 8 6.952 -35.382 8 8.062
4 0 -35.731 8 7.031 -35.724 8 7.975 -35.382 8 8.062 -35.374 8 6.952
4 0 -36.001 8 7.249 -36.008 8 7.782 -35.724 8 7.975 -35.731 8 7.031
3 0 -36.008 8 7.782 -36.001 8 7.249 -36.062 8 7.505
3 0 -35.015 8 6.424 -35.015 8 5.15 -35.405 8 6.405
4 0 -37.08 8 6.2 -35.903 8 6.479 -35.405 8 6.405 -35.015 8 5.15
3 0 -37.08 8 6.2 -35.015 8 5.15 -37.32 8 5.65
3 0 -37.32 8 5.65 -35.015 8 5.15 -37.79 8 5.233
4 0 -37 8 6.905 -36.343 8 6.702 -35.903 8 6.479 -37.08 8 6.2
4 0 -37.094 8 7.572 -36.606 8 7.073 -36.343 8 6.702 -37 8 6.905
4 0 -37.377 8 8.122 -36.693 8 7.593 -36.606 8 7.073 -37.094 8 7.572
4 0 -37.863 8 8.532 -36.564 8 8.115 -36.693 8 7.593 -37.377 8 8.122
3 0 -36.564 8 8.115 -37.863 8 8.532 -36.175 8 8.452
4 0 -38.051 8 5.749 -38.443 8 5.641 -38.49 8 8.122 -38.089 8 8.023
4 0 -37.783 8 6.075 -38.051 8 5.749 -38.089 8 8.023 -37.811 8 7.725
3 0 -37.783 8 6.075 -37.811 8 7.725 -37.641 8 6.905
4 0 -38.49 8 8.122 -38.443 8 5.641 -38.856 8 5.719 -38.882 8 8.046
4 0 -39.15 8 5.957 -39.162 8 7.817 -38.882 8 8.046 -38.856 8 5.719
4 0 -39.328 8 6.352 -39.33 8 7.437 -39.162 8 7.817 -39.15 8 5.957
3 0 -39.33 8 7.437 -39.328 8 6.352 -39.386 8 6.905
4 0 -39.924 8 6.183 -40.65 8 5.15 -40.65 8 8.65 -40.017 8 6.905
3 0 -40.65 8 5.15 -39.924 8 6.183 -39.641 8 5.622
3 0 -40.65 8 5.15 -39.641 8 5.622 -39.134 8 5.226
3 0 -40.017 8 6.905 -40.65 8 8.65 -39.929 8 7.622
3 0 -39.929 8 7.622 -40.65 8 8.65 -39.66 8 8.169
3 0 -39.66 8 8.169 -40.65 8 8.65 -39.169 8 8.544
4 0 -41.688 8 7.107 -41.67 8 8.082 -41.282 8 8.075 -41.282 8 7.112
4 0 -41.969 8 7.172 -42.008 8 8.027 -41.67 8 8.082 -41.688 8 7.107
4 0 -42.228 8 7.355 -42.213 8 7.877 -42.008 8 8.027 -41.969 8 7.172
3 0 -42.213 8 7.877 -42.228 8 7.355 -42.282 8 7.631
3 0 -41.282 8 6.593 -41.282 8 5.15 -41.669 8 6.575
4 0 -40.41 8 -1.883 -42.593 8 5.15 -41.669 8 6.575 -41.282 8 5.15
3 0 -42.282 8 6.706 -43.3 8 5.15 -42.744 8 7.065
4 0 -44.687 8 8.65 -42.923 8 7.622 -42.744 8 7.065 -43.3 8 5.15
3 0 -42.923 8 7.622 -44.687 8 8.65 -42.841 8 8.068
3 0 -42.841 8 8.068 -44.687 8 8.65 -42.593 8 8.386
3 0 -42.593 8 8.386 -44.687 8 8.65 -42.146 8 8.584
3 0 -44.828 8 7.593 -44.413 8 6.32 -45.244 8 6.32
4 0 -45.668 8 5.15 -45.423 8 5.848 -44.234 8 5.848 -43.998 8 5.15
3 0 -45.84 8 8.65 -44.96 8 8.65 -45.84 8 8.111
3 0 -45.84 8 8.111 -44.96 8 8.65 -46.345 8 5.15
4 0 -46.942 8 5.15 -46.942 8 8.111 -45.84 8 8.111 -46.345 8 5.15
4 0 -49 8 5.15 -48.696 8 8.111 -47.555 8 8.111 -47.555 8 5.15
4 0 -48.696 8 8.65 -48.696 8 8.111 -49 8 5.15 -49 8 8.65
4 0 -50.194 8 7.572 -49.63 8 8.65 -49.63 8 5.15 -50.1 8 6.905
3 0 -50.1 8 6.905 -49.63 8 5.15 -50.18 8 6.2
3 0 -50.18 8 6.2 -49.63 8 5.15 -50.42 8 5.65
3 0 -49.63 8 8.65 -50.194 8 7.572 -50.477 8 8.122
3 0 -49.63 8 8.65 -50.477 8 8.122 -50.963 8 8.532
4 0 -51.151 8 5.749 -51.543 8 5.641 -51.59 8 8.122 -51.189 8 8.023
4 0 -50.883 8 6.075 -51.151 8 5.749 -51.189 8 8.023 -50.911 8 7.725
3 0 -50.883 8 6.075 -50.911 8 7.725 -50.741 8 6.905
4 0 -51.956 8 5.719 -51.982 8 8.046 -51.59 8 8.122 -51.543 8 5.641
4 0 -52.25 8 5.957 -52.262 8 7.817 -51.982 8 8.046 -51.956 8 5.719
4 0 -52.428 8 6.352 -52.43 8 7.437 -52.262 8 7.817 -52.25 8 5.957
3 0 -52.43 8 7.437 -52.428 8 6.352 -52.486 8 6.905
4 0 -53.024 8 6.183 -53.7 8 5.15 -53.7 8 8.65 -53.117 8 6.905
3 0 -53.7 8 5.15 -53.024 8 6.183 -52.741 8 5.622
3 0 -53.117 8 6.905 -53.7 8 8.65 -53.029 8 7.622
3 0 -53.029 8 7.622 -53.7 8 8.65 -52.76 8 8.169
3 0 -52.76 8 8.169 -53.7 8 8.65 -52.269 8 8.544
3 0 -55.624 8 8.65 -53.992 8 8.65 -55.624 8 6.518
3 0 -54.285 8 7.292 -54.285 8 5.15 -55.963 8 5.15
4 0 23.383 8 6.339 23.609 8 6.367 23.515 8 5.707 23.383 8 6.103
4 0 23.911 8 5.575 23.515 8 5.707 23.609 8 6.367 24.133 8 6.254
4 0 24.208 8 5.66 23.911 8 5.575 24.133 8 6.254 24.307 8 5.914
3 0 23.326 8 5.405 23.638 8 5.178 23.194 8 5.197
4 0 18.482 8 7.725 17.963 8 8.65 20.644 8 7.655 18.992 8 7.624
4 0 17.963 8 7.075 18.36 8 7.226 18.133 8 5.65 17.963 8 5.754
4 0 18.665 8 5.652 18.331 8 5.603 18.133 8 5.65 18.36 8 7.226
4 0 18.36 8 7.226 18.682 8 7.173 18.904 8 5.799 18.665 8 5.652
4 0 19.048 8 6.043 18.904 8 5.799 18.682 8 7.173 18.911 8 7.016
3 0 19.048 8 6.043 18.911 8 7.016 19.095 8 6.386
4 0 55.367 8 5.641 54.964 8 5.735 54.83 8 6.018 55.046 8 6.443
4 0 56.084 8 5.895 55.367 8 5.641 55.046 8 6.443 55.48 8 6.716
3 0 56.084 8 5.895 55.48 8 6.716 55.914 8 6.961
4 0 56.3 8 5.339 56.084 8 5.895 55.914 8 6.961 56.204 8 7.296
3 0 41.3 8 -4.033 44.232 8 5.15 45.902 8 5.15
3 0 41.3 8 -4.033 45.902 8 5.15 46.6 8 5.15
4 0 48.391 8 5.617 48.952 8 5.267 41.3 8 -4.033 46.6 8 5.15
4 0 41.21 8 -4.738 41.3 8 -4.033 48.952 8 5.267 52 8 -7
3 0 52 8 -7 48.952 8 5.267 49.736 8 5.15
3 0 52 8 -7 49.736 8 5.15 50.5 8 5.15
3 0 52 8 -7 51.831 8 5.197 52.345 8 5.15
3 0 52 8 -7 52.345 8 5.15 52.864 8 5.197
4 0 52.864 8 5.197 54.981 8 5.185 55.433 8 5.15 52 8 -7
3 0 52 8 -7 55.433 8 5.15 55.898 8 5.19
4 0 77.322 8 0 52 8 -7 55.898 8 5.19 56.3 8 5.339
3 0 41.21 8 -4.738 52 8 -7 40.942 8 -5.288
4 0 43.204 8 -21.15 40.4 8 -13.589 40.4 8 -13.05 52 8 -7
3 0 43.204 8 -21.15 52 8 -7 45.4 8 -21.15
3 0 45.4 8 -21.15 52 8 -7 47.288 8 -21.15
3 0 47.288 8 -21.15 52 8 -7 47.9 8 -21.15
3 0 47.9 8 -21.15 52 8 -7 49.704 8 -21.15
3 0 49.704 8 -21.15 52 8 -7 51.9 8 -21.15
3 0 51.9 8 -21.15 52 8 -7 52.505 8 -21.15
3 0 52.505 8 -21.15 52 8 -7 53.118 8 -21.15
3 0 53.118 8 -21.15 52 8 -7 54.486 8 -21.15
3 0 54.486 8 -21.15 52 8 -7 55.1 8 -21.15
3 0 55.1 8 -21.15 52 8 -7 55.244 8 -21.15
4 0 77.322 8 -15.671 58.1 8 -21.15 55.244 8 -21.15 52 8 -7
4 0 65.36 8 21.98 65.36 8 34.02 70.225 8 36.718 71.443 8 33.778
4 0 71.443 8 33.778 73.165 8 29.62 77.322 8 15.671 65.36 8 21.98
3 0 77.322 8 15.671 73.165 8 29.62 77.322 8 31.343
4 0 58 8 19 58 8 20 65.36 8 21.98 77.322 8 15.671
4 0 59.485 8 14.05 58 8 19 77.322 8 15.671 60.4 8 14.05
3 0 60.4 8 14.05 77.322 8 15.671 60.4 8 10.55
4 0 77.322 8 15.671 77.322 8 0 56.3 8 5.339 60.4 8 10.55
3 0 52 8 -7 77.322 8 0 77.322 8 -15.671
3 0 58.1 8 -21.15 77.322 8 -15.671 58.1 8 -21.689
4 0 58.1 8 -21.689 77.322 8 -15.671 77.322 8 -31.343 73.165 8 -29.62
4 0 56.998 8 -21.689 58.1 8 -21.689 73.165 8 -29.62 56.998 8 -24.65
3 0 56.998 8 -24.65 73.165 8 -29.62 71.443 8 -33.778
4 0 56.385 8 -24.65 56.998 8 -24.65 71.443 8 -33.778 70.225 8 -36.718
3 0 56.385 8 -24.65 70.225 8 -36.718 55.1 8 -24.65
3 0 55.1 8 -24.65 70.225 8 -36.718 54.486 8 -24.65
3 0 54.486 8 -24.65 70.225 8 -36.718 53.118 8 -24.65
3 0 53.118 8 -24.65 70.225 8 -36.718 52.505 8 -24.65
3 0 52.505 8 -24.65 70.225 8 -36.718 51.9 8 -24.65
3 0 51.9 8 -24.65 70.225 8 -36.718 49.704 8 -24.65
4 0 41.2 8 -37.2 47.9 8 -24.65 49.704 8 -24.65 70.225 8 -36.718
4 0 34.174 8 -24.579 37.566 8 -24.574 38.257 8 -24.685 36.2 8 -29.2
4 0 36.2 8 -32.2 36.2 8 -29.2 38.257 8 -24.685 38.91 8 -24.567
4 0 41.49 8 -24.706 36.2 8 -32.2 38.91 8 -24.567 40.83 8 -24.612
4 0 41.2 8 -37.2 36.2 8 -32.2 41.49 8 -24.706 42.174 8 -24.579
3 0 41.2 8 -37.2 43.204 8 -24.65 45.4 8 -24.65
3 0 41.2 8 -37.2 45.4 8 -24.65 45.706 8 -24.65
3 0 41.2 8 -37.2 45.706 8 -24.65 47.9 8 -24.65
3 0 70.225 8 -36.718 71.443 8 -37.222 41.2 8 -37.2
3 0 34.174 8 -24.579 36.2 8 -29.2 33.49 8 -24.706
4 0 33.49 8 -24.706 36.2 8 -29.2 33.2 8 -29.2 32.83 8 -24.612
4 0 32.234 8 -24.329 32.83 8 -24.612 33.2 8 -29.2 31.6 8 -24.65
3 0 31.6 8 -24.65 33.2 8 -29.2 30.968 8 -24.65
3 0 30.968 8 -24.65 33.2 8 -29.2 29.657 8 -24.65
3 0 29.657 8 -24.65 33.2 8 -29.2 28.951 8 -24.65
4 0 24.9 8 -29.2 28.11 8 -24.567 28.951 8 -24.65 33.2 8 -29.2
3 0 28.11 8 -24.567 24.9 8 -29.2 27.457 8 -24.685
4 0 24.564 8 -24.603 26.766 8 -24.574 27.457 8 -24.685 24.9 8 -29.2
3 0 24.564 8 -24.603 24.9 8 -29.2 24.045 8 -24.65
3 0 24.045 8 -24.65 24.9 8 -29.2 23.531 8 -24.603
4 0 23.121 8 -24.433 23.531 8 -24.603 24.9 8 -29.2 22.1 8 -24.65
3 0 22.1 8 -24.65 24.9 8 -29.2 21.485 8 -24.65
4 0 16.6 8 -29.2 18.2 8 -24.65 21.485 8 -24.65 24.9 8 -29.2
3 0 18.2 8 -24.65 16.6 8 -29.2 17.144 8 -24.65
3 0 17.144 8 -24.65 16.6 8 -29.2 16.66 8 -24.589
4 0 16.266 8 -24.405 16.66 8 -24.589 16.6 8 -29.2 15.3 8 -24.65
3 0 15.3 8 -24.65 16.6 8 -29.2 14.67 8 -24.65
3 0 14.67 8 -24.65 16.6 8 -29.2 14.1 8 -24.65
3 0 14.1 8 -24.65 16.6 8 -29.2 11.906 8 -24.65
3 0 11.906 8 -24.65 16.6 8 -29.2 11.8 8 -24.65
4 0 11.8 8 -24.65 16.6 8 -29.2 8.3 8 -29.2 9.606 8 -24.65
3 0 8.764 8 -24.603 8.3 8 -29.2 8.245 8 -24.65
3 0 8.245 8 -24.65 8.3 8 -29.2 7.731 8 -24.603
4 0 7.321 8 -24.433 7.731 8 -24.603 8.3 8 -29.2 6.2 8 -24.65
3 0 6.2 8 -24.65 8.3 8 -29.2 5.616 8 -24.65
3 0 5.616 8 -24.65 8.3 8 -29.2 3.937 8 -24.65
3 0 3.937 8 -24.65 8.3 8 -29.2 3.691 8 -24.65
4 0 2.9 8 -24.65 3.691 8 -24.65 8.3 8 -29.2 0 8 -29.2
3 0 2.9 8 -24.65 0 8 -29.2 2.136 8 -24.65
4 0 1.352 8 -24.533 2.136 8 -24.65 0 8 -29.2 -.006 8 -25.525
3 0 -.006 8 -25.525 0 8 -29.2 -.325 8 -25.525
3 0 -2.6 8 -24.65 0 8 -29.2 -3.364 8 -24.65
4 0 -6.314 8 -24.65 -5.7 8 -24.65 0 8 -29.2 -8.3 8 -29.2
3 0 -6.314 8 -24.65 -8.3 8 -29.2 -7.654 8 -24.65
3 0 -7.654 8 -24.65 -8.3 8 -29.2 -8.395 8 -24.65
4 0 -8.6 8 -24.335 -8.395 8 -24.65 -8.3 8 -29.2 -8.6 8 -24.685
3 0 -8.6 8 -24.685 -8.3 8 -29.2 -8.95 8 -24.685
3 0 -8.95 8 -24.685 -8.3 8 -29.2 -9.3 8 -24.685
4 0 -11.498 8 -24.65 -10.8 8 -24.65 -9.3 8 -24.685 -8.3 8 -29.2
3 0 -10.8 8 -24.65 -9.3 8 -24.335 -9.3 8 -24.685
3 0 -11.498 8 -24.65 -8.3 8 -29.2 -13.168 8 -24.65
3 0 -13.168 8 -24.65 -8.3 8 -29.2 -13.845 8 -24.65
4 0 -16.6 8 -29.2 -14.1 8 -24.65 -13.845 8 -24.65 -8.3 8 -29.2
3 0 -14.1 8 -24.65 -16.6 8 -29.2 -14.73 8 -24.65
3 0 -14.73 8 -24.65 -16.6 8 -29.2 -15.4 8 -24.65
3 0 -15.4 8 -24.65 -16.6 8 -29.2 -16.032 8 -24.65
3 0 -16.032 8 -24.65 -16.6 8 -29.2 -17.343 8 -24.65
3 0 -17.343 8 -24.65 -16.6 8 -29.2 -18.05 8 -24.65
3 0 -18.05 8 -24.65 -16.6 8 -29.2 -18.3 8 -24.65
3 0 -18.3 8 -24.65 -16.6 8 -29.2 -19.356 8 -24.65
4 0 -21.836 8 -24.603 -19.84 8 -24.589 -19.356 8 -24.65 -16.6 8 -29.2
4 0 -22.355 8 -24.65 -21.836 8 -24.603 -16.6 8 -29.2 -24.9 8 -29.2
3 0 -22.355 8 -24.65 -24.9 8 -29.2 -22.869 8 -24.603
4 0 -25.167 8 -24.65 -24.702 8 -24.61 -22.869 8 -24.603 -24.9 8 -29.2
3 0 -25.167 8 -24.65 -24.9 8 -29.2 -25.62 8 -24.615
4 0 -25.997 8 -24.48 -25.62 8 -24.615 -24.9 8 -29.2 -26.906 8 -25.525
4 0 -33.2 8 -29.2 -27.225 8 -25.525 -26.906 8 -25.525 -24.9 8 -29.2
3 0 -29.6 8 -24.65 -33.2 8 -29.2 -30.656 8 -24.65
3 0 -30.656 8 -24.65 -33.2 8 -29.2 -31.14 8 -24.589
4 0 -31.534 8 -24.405 -31.14 8 -24.589 -33.2 8 -29.2 -32.2 8 -24.65
3 0 -32.2 8 -24.65 -33.2 8 -29.2 -34.395 8 -24.65
3 0 -34.5 8 -24.65 -34.395 8 -24.65 -33.2 8 -29.2
3 0 -35.198 8 -24.65 -34.5 8 -24.65 -33.2 8 -29.2
4 0 -33.2 8 -29.2 -36.2 8 -29.2 -37.545 8 -24.65 -36.868 8 -24.65
4 0 -39.01 8 -24.706 -38.326 8 -24.579 -37.545 8 -24.65 -36.2 8 -29.2
3 0 -39.01 8 -24.706 -36.2 8 -29.2 -39.67 8 -24.612
3 0 -41 8 -24.65 -36.2 8 -29.2 -41.585 8 -24.65
4 0 -36.2 8 -32.2 -43.263 8 -24.65 -41.585 8 -24.65 -36.2 8 -29.2
4 0 -43.263 8 -24.65 -36.2 8 -32.2 -41.2 8 -37.2 -43.509 8 -24.65
3 0 -43.509 8 -24.65 -41.2 8 -37.2 -43.9 8 -24.65
3 0 -43.9 8 -24.65 -41.2 8 -37.2 -44.598 8 -24.65
3 0 -44.598 8 -24.65 -41.2 8 -37.2 -46.268 8 -24.65
3 0 -46.268 8 -24.65 -41.2 8 -37.2 -46.945 8 -24.65
3 0 -56.321 8 -37.211 -71.443 8 -37.222 -70.225 8 -36.718
4 0 -47.954 8 -24.577 -46.945 8 -24.65 -41.2 8 -37.2 -48.628 8 -24.706
4 0 -50.625 8 -25.525 -50.306 8 -25.525 -41.2 8 -37.2 -56.321 8 -37.211
4 0 -53.513 8 -24.65 -52.9 8 -24.65 -50.625 8 -25.525 -56.321 8 -37.211
3 0 -53.513 8 -24.65 -56.321 8 -37.211 -55.4 8 -24.65
3 0 -55.4 8 -24.65 -56.321 8 -37.211 -56.032 8 -24.65
3 0 -56.032 8 -24.65 -56.321 8 -37.211 -57.343 8 -24.65
4 0 -57.343 8 -24.65 -56.321 8 -37.211 -70.225 8 -36.718 -58.05 8 -24.65
3 0 -58.05 8 -24.65 -70.225 8 -36.718 -71.443 8 -33.778
3 0 -58.05 8 -24.65 -71.443 8 -33.778 -73.165 8 -29.62
4 0 -57.494 8 -22.735 -58.05 8 -24.65 -73.165 8 -29.62 -57.673 8 -22.178
3 0 -47.555 8 5.15 -52 8 -7 -49 8 5.15
3 0 -49 8 5.15 -52 8 -7 -49.63 8 5.15
4 0 -50.42 8 5.65 -49.63 8 5.15 -52 8 -7 -50.89 8 5.233
3 0 -50.89 8 5.233 -52 8 -7 -51.543 8 5.115
3 0 -51.543 8 5.115 -52 8 -7 -52.234 8 5.226
4 0 -52.741 8 5.622 -52.234 8 5.226 -52 8 -7 -53.7 8 5.15
3 0 -53.7 8 5.15 -52 8 -7 -54.285 8 5.15
3 0 -54.285 8 5.15 -52 8 -7 -55.963 8 5.15
4 0 -77.322 8 0 -56.209 8 5.15 -55.963 8 5.15 -52 8 -7
3 0 -52 8 -7 -41.2 8 -4 -41.154 8 -4.576
3 0 -52 8 -7 -41.154 8 -4.576 -41.018 8 -5.157
3 0 -52 8 -7 -41.018 8 -5.157 -40.765 8 -5.727
3 0 -52 8 -7 -40.765 8 -5.727 -40.417 8 -6.118
4 0 -39.385 8 -13.944 -40.121 8 -14.117 -52 8 -7 -40.417 8 -6.118
4 0 -39.956 8 -14.575 -40.11 8 -15.348 -52 8 -7 -40.121 8 -14.117
3 0 -52 8 -7 -40.11 8 -15.348 -40.264 8 -15.799
4 0 -45.287 8 -21.15 -45.56 8 -21.15 -52 8 -7 -40.264 8 -15.799
3 0 -52 8 -7 -48.029 8 -21.268 -48.685 8 -21.131
3 0 -52 8 -7 -48.685 8 -21.131 -49.22 8 -21.192
4 0 -52.9 8 -21.15 -52 8 -7 -49.22 8 -21.192 -49.638 8 -21.376
3 0 -52 8 -7 -52.9 8 -21.15 -55.175 8 -21.15
3 0 -52 8 -7 -55.175 8 -21.15 -55.4 8 -21.15
3 0 -52 8 -7 -55.4 8 -21.15 -56.353 8 -21.15
3 0 -52 8 -7 -56.353 8 -21.15 -56.896 8 -21.216
4 0 -77.322 8 -15.672 -52 8 -7 -56.896 8 -21.216 -57.343 8 -21.414
4 0 -65.36 8 21.98 -71.443 8 33.778 -70.225 8 36.718 -65.36 8 34.02
4 0 -77.322 8 15.672 -73.165 8 29.62 -71.443 8 33.778 -65.36 8 21.98
3 0 -73.165 8 29.62 -77.322 8 15.672 -77.322 8 31.343
3 0 -60.4 8 12.755 -77.322 8 15.672 -60.4 8 13.105
3 0 -60.4 8 12.755 -60.4 8 12.405 -77.322 8 15.672
3 0 -60.4 8 12.405 -60.4 8 11.215 -77.322 8 15.672
3 0 -60.4 8 11.215 -60.4 8 10.865 -77.322 8 15.672
4 0 -59.734 8 14.05 -60.05 8 13.105 -60.4 8 13.105 -77.322 8 15.672
4 0 -59.086 8 14.05 -59.734 8 14.05 -77.322 8 15.672 -58 8 19
4 0 -65.36 8 21.98 -58 8 20 -58 8 19 -77.322 8 15.672
4 0 -60.4 8 10.865 -60.4 8 10.515 -77.322 8 0 -77.322 8 15.672
4 0 -56.209 8 5.15 -77.322 8 0 -60.4 8 10.515 -60.05 8 10.515
4 0 -56.209 8 5.15 -60.05 8 10.515 -59.7 8 10.515 -56.209 8 8.65
3 0 -77.322 8 0 -52 8 -7 -77.322 8 -15.672
3 0 -77.322 8 -15.672 -57.343 8 -21.414 -57.591 8 -21.732
4 0 -73.165 8 -29.62 -77.322 8 -15.672 -57.591 8 -21.732 -57.673 8 -22.178
3 0 -77.322 8 -15.672 -73.165 8 -29.62 -77.322 8 -31.343
4 0 30 8 36.718 70.225 8 36.718 65.36 8 34.02 43.574 8 34.02
3 0 30 8 36.718 43.574 8 34.02 21.786 8 34.02
4 0 -30 8 36.718 30 8 36.718 21.786 8 34.02 0 8 34.02
3 0 -30 8 36.718 0 8 34.02 -21.786 8 34.02
3 0 -65.36 8 34.02 -70.225 8 36.718 -43.574 8 34.02
4 0 -21.786 8 34.02 -43.574 8 34.02 -70.225 8 36.718 -30 8 36.718
4 0 0 8 37.222 71.443 8 37.222 70.225 8 36.718 30 8 36.718
4 0 -71.443 8 37.222 0 8 37.222 30 8 36.718 -30 8 36.718
3 0 -71.443 8 37.222 -30 8 36.718 -70.225 8 36.718

0 // Gold
1 16 0 8 0 -1 0 0 0 -1 0 0 0 1 s\83496p01s01.dat
1 16 0 8 0 -1 0 0 0 -1 0 0 0 -1 s\83496p01s01.dat
1 16 0 8 0 1 0 0 0 -1 0 0 0 -1 s\83496p01s01.dat
1 16 0 8 0 1 0 0 0 -1 0 0 0 1 s\83496p01s01.dat

1 82 -33.2 8 -32.2 -3 0 0 0 -1 0 0 0 3 1-4chrd.dat
1 82 33.2 8 -32.2 3 0 0 0 -1 0 0 0 3 1-4chrd.dat
1 82 -41.2 8 -32.2 5 0 0 0 -1 0 0 0 -5 1-4ndis.dat
1 82 41.2 8 -32.2 -5 0 0 0 -1 0 0 0 -5 1-4ndis.dat

3 82 22.292 8 -32.068 21.094 8 -34.551 19.929 8 -32.068
3 82 19.093 8 -32.068 17.737 8 -33.891 17.175 8 -33.482
3 82 17.737 8 -33.891 19.093 8 -32.068 18.089 8 -34.484
4 82 19.093 8 -37.068 18.207 8 -35.234 18.089 8 -34.484 19.093 8 -32.068
3 82 18.207 8 -35.234 19.093 8 -37.068 18.095 8 -36.007
3 82 18.095 8 -36.007 19.093 8 -37.068 17.759 8 -36.599
4 82 20 8 -40 17.202 8 -36.944 17.759 8 -36.599 19.093 8 -37.068
4 82 14.801 8 -34.462 14.691 8 -35.234 14.121 8 -35.316 14.019 8 -34.575
4 82 15.128 8 -33.87 14.801 8 -34.462 14.019 8 -34.575 13.675 8 -33.969
4 82 13.675 8 -33.969 13.109 8 -33.534 15.693 8 -33.477 15.128 8 -33.87
4 82 14.032 8 -36.051 14.121 8 -35.316 14.691 8 -35.234 14.803 8 -36.001
4 82 14.803 8 -36.001 15.139 8 -36.599 13.729 8 -36.61 14.032 8 -36.051
4 82 13.214 8 -37.004 13.729 8 -36.61 15.139 8 -36.599 15.701 8 -36.944
3 82 11.64 8 -33.564 11.64 8 -32.068 12.381 8 -33.389
4 82 15.693 8 -33.477 13.109 8 -33.534 12.381 8 -33.389 11.64 8 -32.068
3 82 9.123 8 -33.531 10.791 8 -32.068 9.696 8 -33.955
3 82 9.696 8 -33.955 10.791 8 -32.068 10.07 8 -34.562
4 82 10.791 8 -37.068 10.178 8 -35.303 10.07 8 -34.562 10.791 8 -32.068
3 82 10.178 8 -35.303 10.791 8 -37.068 10.076 8 -36.061
3 82 10.076 8 -36.061 10.791 8 -37.068 9.723 8 -36.637
3 82 9.723 8 -36.637 10.791 8 -37.068 9.157 8 -36.961
4 82 8.995 8 -36.206 7.405 8 -36.125 6.731 8 -35.518 9.305 8 -35.518
4 82 8.281 8 -36.435 7.772 8 -36.357 7.405 8 -36.125 8.995 8 -36.206
4 82 6.085 8 -37.068 6.731 8 -35.518 7.405 8 -36.125 7.081 8 -36.772
4 82 0 8 -40 6.085 8 -37.068 7.081 8 -36.772 7.634 8 -36.995
4 82 6.085 8 -32.068 6.678 8 -35.047 6.731 8 -35.518 6.085 8 -37.068
3 82 6.678 8 -35.047 6.085 8 -32.068 6.785 8 -34.366
3 82 6.785 8 -34.366 6.085 8 -32.068 7.149 8 -33.834
3 82 7.149 8 -33.834 6.085 8 -32.068 7.705 8 -33.5
4 82 10.791 8 -32.068 8.428 8 -33.388 7.705 8 -33.5 6.085 8 -32.068
3 82 8.428 8 -33.388 10.791 8 -32.068 9.123 8 -33.531
4 82 15.693 8 -33.477 11.64 8 -32.068 19.093 8 -32.068 16.449 8 -33.346
3 82 16.449 8 -33.346 19.093 8 -32.068 17.175 8 -33.482
4 82 5.335 8 -32.068 5.335 8 -37.068 2.587 8 -37.068 2.587 8 -33.388
4 82 -1.388 8 -33.411 -.563 8 -34.858 -.563 8 -37.068 -1.388 8 -37.068
3 82 -.563 8 -34.858 -1.388 8 -33.411 -.49 8 -34.248
3 82 -.49 8 -34.248 -1.388 8 -33.411 -.217 8 -33.793
4 82 0 8 -29.2 .222 8 -33.49 -.217 8 -33.793 -1.388 8 -33.411
3 82 -2.233 8 -33.411 -2.233 8 -33.749 -2.653 8 -33.447
4 82 -2.352 8 -34.482 -2.233 8 -34.983 -3.501 8 -36.618 -3.501 8 -36.118
4 82 -3.501 8 -37.118 -3.501 8 -36.618 -2.233 8 -34.983 -2.233 8 -37.068
4 82 -3.499 8 -34.208 -2.352 8 -34.482 -3.501 8 -36.118 -4.001 8 -36.118
4 82 -2.997 8 -34.055 -2.686 8 -34.132 -2.352 8 -34.482 -3.499 8 -34.208
4 82 -3.499 8 -34.208 -4.001 8 -36.118 -4.501 8 -36.118 -3.767 8 -33.547
4 82 -6.982 8 -33.427 -3.767 8 -33.547 -4.501 8 -36.118 -6.982 8 -34.151
3 82 -8.008 8 -33.324 -6.982 8 -34.151 -8.008 8 -37.214
4 82 -4.501 8 -36.618 -8.008 8 -37.214 -6.982 8 -34.151 -4.501 8 -36.118
3 82 -8.008 8 -37.214 -4.501 8 -36.618 -4.501 8 -37.118
3 82 -15.613 8 -32.864 -13.937 8 -32.864 -14.837 8 -34.224
4 82 -14.266 8 -36.256 -14.837 8 -34.856 -14.837 8 -34.224 -13.095 8 -34.714
3 82 -14.266 8 -36.256 -13.095 8 -34.714 -13.021 8 -35.612
4 82 -13.937 8 -36.782 -14.266 8 -36.256 -13.021 8 -35.612 -12.799 8 -36.349
4 82 -12.799 8 -36.349 -12.282 8 -37.008 -14.462 8 -37.095 -13.937 8 -36.782
4 82 -15.048 8 -34.856 -14.837 8 -34.856 -14.266 8 -36.256 -14.643 8 -36.529
4 82 -15.102 8 -36.62 -15.762 8 -35.098 -15.048 8 -34.856 -14.643 8 -36.529
4 82 -16.045 8 -35.786 -15.762 8 -35.098 -15.102 8 -36.62 -15.809 8 -36.391
4 82 -14.837 8 -34.224 -13.937 8 -32.864 -13.034 8 -33.74 -13.095 8 -34.714
4 82 -13.937 8 -32.214 -12.852 8 -33.054 -13.034 8 -33.74 -13.937 8 -32.864
3 82 -12.852 8 -33.054 -13.937 8 -32.214 -12.356 8 -32.434
4 82 -8.3 8 -29.2 -8.682 8 -32.214 -10.82 8 -32.426 -11.57 8 -32.214
3 82 -10.82 8 -32.426 -8.682 8 -32.214 -10.288 8 -33.022
3 82 -10.288 8 -33.022 -8.682 8 -32.214 -10.034 8 -33.732
4 82 -8.682 8 -37.214 -9.937 8 -34.714 -10.034 8 -33.732 -8.682 8 -32.214
3 82 -9.937 8 -34.714 -8.682 8 -37.214 -10.005 8 -35.62
3 82 -10.005 8 -35.62 -8.682 8 -37.214 -10.172 8 -36.338
3 82 -10.172 8 -36.338 -8.682 8 -37.214 -10.683 8 -37.005
4 82 -6.982 8 -33.427 -8.48 8 -32.214 -3.193 8 -33.346 -3.767 8 -33.547
4 82 -15.53 8 -34.315 -16.029 8 -34.494 -17.437 8 -33.427 -16.737 8 -32.214
4 82 -16.503 8 -35.044 -17.437 8 -34.151 -17.437 8 -33.427 -16.029 8 -34.494
4 82 -16.503 8 -35.044 -16.737 8 -35.84 -18.463 8 -37.214 -17.437 8 -34.151
3 82 -17.437 8 -34.151 -18.463 8 -37.214 -18.463 8 -33.324
3 82 -18.463 8 -37.214 -16.737 8 -35.84 -16.628 8 -36.398
3 82 -18.463 8 -37.214 -16.628 8 -36.398 -16.274 8 -36.863
4 82 -20 8 -40 -18.463 8 -37.214 -16.274 8 -36.863 -15.765 8 -37.115
3 82 -20.705 8 -32.484 -19.137 8 -32.214 -20.412 8 -32.868
3 82 -20.412 8 -32.868 -19.137 8 -32.214 -20.314 8 -33.373
4 82 -20.314 8 -33.373 -19.137 8 -32.214 -20.382 8 -35.031 -20.516 8 -34.02
3 82 -20.516 8 -34.02 -20.382 8 -35.031 -21.015 8 -34.465
4 82 -19.137 8 -37.214 -20.137 8 -35.84 -20.382 8 -35.031 -19.137 8 -32.214
3 82 -20.137 8 -35.84 -19.137 8 -37.214 -20.219 8 -36.47
3 82 -20.219 8 -36.47 -19.137 8 -37.214 -20.5 8 -36.921
4 82 23.127 8 -37.068 23.127 8 -32.068 33.2 8 -29.2 36.2 8 -32.2
4 82 20 8 -40 23.127 8 -37.068 36.2 8 -32.2 36.2 8 -37.2
4 82 -22.983 8 -33.387 -36.2 8 -32.2 -33.2 8 -29.2 -22.885 8 -32.865
4 82 -22.949 8 -35.108 -36.2 8 -32.2 -22.983 8 -33.387 -22.767 8 -34.047
3 82 -22.949 8 -35.108 -22.767 8 -34.047 -22.282 8 -34.532
4 82 -36.2 8 -37.2 -36.2 8 -32.2 -22.949 8 -35.108 -23.187 8 -35.84
3 82 -36.2 8 -37.2 -23.187 8 -35.84 -23.064 8 -36.46
3 82 -22.885 8 -32.865 -33.2 8 -29.2 -22.592 8 -32.484
4 82 33.2 8 -29.2 23.127 8 -32.068 22.292 8 -32.068 24.9 8 -29.2
4 82 16.6 8 -29.2 24.9 8 -29.2 22.292 8 -32.068 19.929 8 -32.068
3 82 16.6 8 -29.2 19.929 8 -32.068 19.093 8 -32.068
3 82 16.6 8 -29.2 19.093 8 -32.068 11.64 8 -32.068
4 82 8.3 8 -29.2 16.6 8 -29.2 11.64 8 -32.068 10.791 8 -32.068
3 82 8.3 8 -29.2 10.791 8 -32.068 6.085 8 -32.068
4 82 0 8 -29.2 8.3 8 -29.2 6.085 8 -32.068 5.335 8 -32.068
4 82 2.587 8 -33.388 1.98 8 -33.388 0 8 -29.2 5.335 8 -32.068
4 82 1.832 8 -33.793 1.401 8 -33.49 0 8 -29.2 1.98 8 -33.388
3 82 0 8 -29.2 1.401 8 -33.49 .807 8 -33.388
3 82 0 8 -29.2 .807 8 -33.388 .222 8 -33.49
3 82 0 8 -29.2 -1.388 8 -33.411 -2.233 8 -33.411
4 82 -3.193 8 -33.346 0 8 -29.2 -2.233 8 -33.411 -2.653 8 -33.447
4 82 -8.48 8 -32.214 -8.3 8 -29.2 0 8 -29.2 -3.193 8 -33.346
3 82 -8.3 8 -29.2 -8.48 8 -32.214 -8.682 8 -32.214
4 82 -12.356 8 -32.434 -13.937 8 -32.214 -8.3 8 -29.2 -11.57 8 -32.214
4 82 -16.737 8 -32.214 -16.6 8 -29.2 -8.3 8 -29.2 -13.937 8 -32.214
4 82 -17.437 8 -33.427 -18.935 8 -32.214 -16.6 8 -29.2 -16.737 8 -32.214
3 82 -16.6 8 -29.2 -18.935 8 -32.214 -19.137 8 -32.214
4 82 -20.705 8 -32.484 -21.116 8 -32.261 -16.6 8 -29.2 -19.137 8 -32.214
4 82 -24.9 8 -29.2 -16.6 8 -29.2 -21.116 8 -32.261 -21.648 8 -32.214
3 82 -24.9 8 -29.2 -21.648 8 -32.214 -22.181 8 -32.261
4 82 -22.592 8 -32.484 -33.2 8 -29.2 -24.9 8 -29.2 -22.181 8 -32.261
3 82 21.256 8 -35.718 22.292 8 -33.697 22.292 8 -37.068
3 82 19.929 8 -33.714 20.946 8 -35.718 19.929 8 -37.068
4 82 22.292 8 -37.068 19.929 8 -37.068 20.946 8 -35.718 21.256 8 -35.718
4 82 16.826 8 -36.36 16.449 8 -36.435 16.449 8 -34.044 16.85 8 -34.14
4 82 17.096 8 -36.135 16.826 8 -36.36 16.85 8 -34.14 17.137 8 -34.426
4 82 17.096 8 -36.135 17.137 8 -34.426 17.312 8 -35.234 17.258 8 -35.76
4 82 16.042 8 -36.34 16.067 8 -34.119 16.449 8 -34.044 16.449 8 -36.435
4 82 15.761 8 -36.053 15.794 8 -34.342 16.067 8 -34.119 16.042 8 -36.34
4 82 15.576 8 -35.234 15.63 8 -34.714 15.794 8 -34.342 15.761 8 -36.053
4 82 12.166 8 -36.421 12.206 8 -34.103 12.666 8 -34.178 12.643 8 -36.351
4 82 12.995 8 -34.403 12.984 8 -36.142 12.643 8 -36.351 12.666 8 -34.178
4 82 12.984 8 -36.142 12.995 8 -34.403 13.257 8 -35.303 13.189 8 -35.792
4 82 11.883 8 -36.354 11.64 8 -34.319 12.206 8 -34.103 12.166 8 -36.421
3 82 11.64 8 -34.319 11.883 8 -36.354 11.64 8 -36.206
4 82 9.278 8 -34.885 7.772 8 -34.289 8.388 8 -34.09 8.968 8 -34.289
3 82 7.772 8 -34.289 9.278 8 -34.885 7.512 8 -34.885
4 82 .417 8 -34.332 1.428 8 -34.198 1.751 8 -34.454 .269 8 -34.979
3 82 1.428 8 -34.198 .417 8 -34.332 1.023 8 -34.09
4 82 1.751 8 -34.454 1.751 8 -37.068 .269 8 -37.068 .269 8 -34.979
4 82 -11.141 8 -32.906 -11.099 8 -36.541 -11.475 8 -36.666 -11.549 8 -32.789
4 82 -10.85 8 -33.255 -10.831 8 -36.163 -11.099 8 -36.541 -11.141 8 -32.906
4 82 -10.675 8 -33.838 -10.67 8 -35.534 -10.831 8 -36.163 -10.85 8 -33.255
3 82 -10.67 8 -35.534 -10.675 8 -33.838 -10.616 8 -34.714
3 82 -11.863 8 -32.851 -11.549 8 -32.789 -11.475 8 -36.666
4 82 -12.107 8 -33.036 -11.863 8 -32.851 -11.475 8 -36.666 -11.996 8 -36.478
4 82 -12.311 8 -35.914 -12.386 8 -33.774 -12.107 8 -33.036 -11.996 8 -36.478
3 82 -12.386 8 -33.774 -12.311 8 -35.914 -12.428 8 -34.714
3 82 11.64 8 -37.068 11.64 8 -36.853 12.044 8 -37.068
4 82 -20.988 8 -33.373 -21.204 8 -33.818 -21.648 8 -32.767 -21.153 8 -32.918
4 82 -21.204 8 -33.818 -21.851 8 -34.263 -22.107 8 -32.915 -21.648 8 -32.767
4 82 -21.851 8 -34.263 -22.194 8 -33.821 -22.309 8 -33.36 -22.107 8 -32.915
4 82 -20.799 8 -35.84 -22.188 8 -35.179 -21.541 8 -34.761 -20.985 8 -35.233
4 82 -21.028 8 -36.46 -22.497 8 -35.84 -22.188 8 -35.179 -20.799 8 -35.84
4 82 -21.621 8 -36.702 -22.255 8 -36.473 -22.497 8 -35.84 -21.028 8 -36.46
4 82 80 8 40 71.443 8 37.222 0 8 37.222 0 8 40
4 82 -80 8 40 0 8 40 0 8 37.222 -71.443 8 37.222
4 82 80 8 -40 40 8 -40 41.2 8 -37.2 71.443 8 -37.222
4 82 20 8 -40 36.2 8 -37.2 41.2 8 -37.2 40 8 -40
3 82 23.127 8 -37.068 20 8 -40 22.292 8 -37.068
3 82 22.292 8 -37.068 20 8 -40 19.929 8 -37.068
3 82 19.929 8 -37.068 20 8 -40 19.093 8 -37.068
3 82 17.202 8 -36.944 20 8 -40 16.449 8 -37.068
4 82 13.214 8 -37.004 15.701 8 -36.944 16.449 8 -37.068 20 8 -40
3 82 13.214 8 -37.004 20 8 -40 12.503 8 -37.068
3 82 12.503 8 -37.068 20 8 -40 12.044 8 -37.068
3 82 12.044 8 -37.068 20 8 -40 11.64 8 -37.068
3 82 11.64 8 -37.068 20 8 -40 10.791 8 -37.068
4 82 8.402 8 -37.068 9.157 8 -36.961 10.791 8 -37.068 20 8 -40
4 82 20 8 -40 0 8 -40 7.634 8 -36.995 8.402 8 -37.068
3 82 6.085 8 -37.068 0 8 -40 5.335 8 -37.068
3 82 5.335 8 -37.068 0 8 -40 2.587 8 -37.068
3 82 2.587 8 -37.068 0 8 -40 1.751 8 -37.068
3 82 1.751 8 -37.068 0 8 -40 .269 8 -37.068
3 82 .269 8 -37.068 0 8 -40 -.563 8 -37.068
3 82 -.563 8 -37.068 0 8 -40 -1.388 8 -37.068
4 82 -3.501 8 -37.118 -2.233 8 -37.068 -1.388 8 -37.068 0 8 -40
3 82 0 8 -40 -4.001 8 -37.118 -3.501 8 -37.118
4 82 -8.008 8 -37.214 -4.501 8 -37.118 -4.001 8 -37.118 0 8 -40
3 82 -8.008 8 -37.214 0 8 -40 -8.682 8 -37.214
4 82 -11.517 8 -37.214 -10.683 8 -37.005 -8.682 8 -37.214 0 8 -40
3 82 -11.517 8 -37.214 0 8 -40 -20 8 -40
4 82 -14.462 8 -37.095 -12.282 8 -37.008 -11.517 8 -37.214 -20 8 -40
3 82 -14.462 8 -37.095 -20 8 -40 -15.102 8 -37.214
3 82 -15.102 8 -37.214 -20 8 -40 -15.765 8 -37.115
3 82 -18.463 8 -37.214 -20 8 -40 -19.137 8 -37.214
4 82 -20.5 8 -36.921 -19.137 8 -37.214 -20 8 -40 -20.967 8 -37.142
3 82 -20.967 8 -37.142 -20 8 -40 -21.621 8 -37.214
3 82 -21.621 8 -37.214 -20 8 -40 -22.258 8 -37.141
3 82 -40 8 -40 -41.2 8 -37.2 -36.2 8 -37.2
4 82 -23.064 8 -36.46 -22.74 8 -36.918 -40 8 -40 -36.2 8 -37.2
4 82 -20 8 -40 -40 8 -40 -22.74 8 -36.918 -22.258 8 -37.141
4 82 -80 8 0 -80 8 40 -77.322 8 31.343 -77.322 8 15.672
3 82 -80 8 0 -77.322 8 15.672 -77.322 8 0
4 82 -80 8 -40 -80 8 0 -77.322 8 0 -77.322 8 -15.672
3 82 -80 8 -40 -77.322 8 -15.672 -77.322 8 -31.343
4 82 77.322 8 31.343 80 8 40 80 8 0 77.322 8 15.671
3 82 77.322 8 15.671 80 8 0 77.322 8 0
3 82 77.322 8 0 80 8 0 77.322 8 -15.671
4 82 77.322 8 -31.343 77.322 8 -15.671 80 8 0 80 8 -40
4 82 -71.443 8 -37.222 -56.321 8 -37.211 -40 8 -40 -80 8 -40
3 82 -40 8 -40 -56.321 8 -37.211 -41.2 8 -37.2
