0 Minifig Desert Head Wrap
0 Name: 88287.dat
0 Author: Philippe Hurbain [Philo]
0 !LDRAW_ORG Unofficial_Part
0 !LICENSE Licensed under CC BY 4.0 : see CAreadme.txt

0 BFC CERTIFY CCW

0 !CATEGORY Minifig Headwear
0 !KEYWORDS Brickowl 379267, Ghutrah, Keffiyeh, Litham, Prince of Persia, scarf
0 !KEYWORDS Shemagh, Tagelmust

0 !HISTORY 2013-08-14 {LEGO Digital Designer} Original part shape
0 !HISTORY 2026-01-20 [Philo] File preparation for LDraw Parts Tracker

1 16 0 -5 0 1 0 0 0 -1.25 0 0 0 1 stud4.dat
1 16 0 -5 0 6 0 0 0 -1 0 0 0 6 4-4disc.dat
3 16 9.57 .45 9.64 5.31 .45 12.36 5.53 20.14 12.04
3 16 5.53 20.14 12.04 10.05 19 9.11 9.57 .45 9.64
3 16 .61 21.27 13.17 5.53 20.14 12.04 5.31 .45 12.36
3 16 5.31 .45 12.36 .2 .45 13.37 .61 21.27 13.17
3 16 -8.38 20.48 10.32 -4.09 20.88 12.85 -4.87 .45 12.38
3 16 -4.87 .45 12.38 -9.14 .45 9.65 -8.38 20.48 10.32
3 16 -4.09 20.88 12.85 .61 21.27 13.17 .2 .45 13.37
3 16 .2 .45 13.37 -4.87 .45 12.38 -4.09 20.88 12.85
3 16 -8.38 20.48 10.32 -9.14 .45 9.65 -12.94 17.32 3.77
3 16 -9.14 .45 9.65 -12.12 .44 5.27 -12.94 17.32 3.77
3 16 -12.94 17.32 3.77 -12.12 .44 5.27 -13.64 15.17 -.48
3 16 -13.01 .44 .1 -13.64 15.17 -.48 -12.12 .44 5.27
3 16 12.69 18.48 -3.85 12.37 .5 -4.6 13.36 .45 .28
3 16 13.36 .45 .28 13.25 18.27 1.37 12.69 18.48 -3.85
3 16 12.53 .45 5.03 12.82 18.47 4.38 13.36 .45 .28
3 16 12.82 18.47 4.38 13.25 18.27 1.37 13.36 .45 .28
3 16 -4.9751 4.4 -12.0107 -4.9 .44 -11.78 0 4 -13
3 16 .24 .4 -12.79 0 4 -13 -4.9 .44 -11.78
3 16 0 4 -13 .24 .4 -12.79 4.9751 4 -12.0107
3 16 .24 .4 -12.79 5.31 .42 -11.82 4.9751 4 -12.0107
3 16 8.83 5.44 -9.46 4.9751 4 -12.0107 9.74 .52 -8.76
3 16 4.9751 4 -12.0107 5.31 .42 -11.82 9.74 .52 -8.76
3 16 6.78 25.26 -11.58 6.21 22.17 -11.9 9.1 22.27 -9.97
3 16 6.21 22.17 -11.9 7.95 19 -10.8 9.1 22.27 -9.97
3 16 -7.31 19.39 -11.27 -4.46 21.98 -12.64 -7.59 23.38 -11.16
3 16 -7.59 23.38 -11.16 -4.46 21.98 -12.64 -4.85 25.61 -12.25
3 16 3.95 27.16 -12.61 3.46 23.48 -12.99 6.78 25.26 -11.58
3 16 3.46 23.48 -12.99 6.21 22.17 -11.9 6.78 25.26 -11.58
3 16 -4.46 21.98 -12.64 -.7 23.4 -13.4 -4.85 25.61 -12.25
3 16 -4.85 25.61 -12.25 -.7 23.4 -13.4 -1.12 27.04 -12.98
3 16 1.38 27.42 -12.95 1.35 23.58 -13.34 3.95 27.16 -12.61
3 16 3.46 23.48 -12.99 3.95 27.16 -12.61 1.35 23.58 -13.34
3 16 1.38 27.42 -12.95 -1.12 27.04 -12.98 1.35 23.58 -13.34
3 16 1.35 23.58 -13.34 -1.12 27.04 -12.98 -.7 23.4 -13.4
3 16 14.51 30.54 -11.89 11.1 28.3 -11.63 16.54 24.02 -11.19
3 16 11.1 28.3 -11.63 13.28 23.36 -10.5 16.54 24.02 -11.19
3 16 9.47 39.41 -11.91 7.02 34.13 -12.08 12.46 34.74 -11.87
3 16 7.02 34.13 -12.08 11.1 28.3 -11.63 12.46 34.74 -11.87
3 16 11.1 28.3 -11.63 14.51 30.54 -11.89 12.46 34.74 -11.87
3 16 2.63 41.74 -12.34 2.06 35.53 -12.46 6.33 41.32 -12.17
3 16 2.06 35.53 -12.46 7.02 34.13 -12.08 6.33 41.32 -12.17
3 16 7.02 34.13 -12.08 9.47 39.41 -11.91 6.33 41.32 -12.17
3 16 2.63 41.74 -12.34 -1.08 41.79 -12.64 2.06 35.53 -12.46
3 16 2.06 35.53 -12.46 -1.08 41.79 -12.64 -3.65 34.62 -12.38
3 16 -3.65 34.62 -12.38 -1.08 41.79 -12.64 -5.58 40.4 -12.18
3 16 -5.58 40.4 -12.18 -9.25 36.26 -12.1 -3.65 34.62 -12.38
3 16 -3.65 34.62 -12.38 -9.25 36.26 -12.1 -8.54 29.76 -11.94
3 16 -8.54 29.76 -11.94 -9.25 36.26 -12.1 -11.43 32.85 -11.97
3 16 -11.43 32.85 -11.97 -14.79 25.98 -11.69 -8.54 29.76 -11.94
3 16 -11.62 24.94 -11.34 -8.54 29.76 -11.94 -14.79 25.98 -11.69
3 16 16.54 24.02 -11.19 13.28 23.36 -10.5 17.65 19.19 -2.99
3 16 13.28 23.36 -10.5 15.39 19.13 -3.14 17.65 19.19 -2.99
3 16 -17.62 19.27 -8.06 -18.59 14.48 -1.33 -14.75 18.97 -7.74
3 16 -16.3 15.02 -1.67 -14.75 18.97 -7.74 -18.59 14.48 -1.33
3 16 -17.62 19.27 -8.06 -14.75 18.97 -7.74 -14.79 25.98 -11.69
3 16 -14.75 18.97 -7.74 -11.62 24.94 -11.34 -14.79 25.98 -11.69
3 16 .6 22.08 15.57 .63 22.09 14.49 -4.37 21.7 13.98
3 16 -4.37 21.7 13.98 -4.64 21.71 14.94 .6 22.08 15.57
3 16 -4.64 21.71 14.94 -4.37 21.7 13.98 -8.98 21.3 11.27
3 16 -8.98 21.3 11.27 -9.48 21.34 12.1 -4.64 21.71 14.94
3 16 -14.9 18.19 5.73 -9.48 21.34 12.1 -14.02 18.1 4.79
3 16 -9.48 21.34 12.1 -8.98 21.3 11.27 -14.02 18.1 4.79
3 16 15.82 18.04 5.13 14.5 18.59 4.75 11.81 18.8 10.89
3 16 11.81 18.8 10.89 14.5 18.59 4.75 11.09 19.23 10.05
3 16 -17.03 14.21 .48 -14.9 18.19 5.73 -15.5 14.92 .01
3 16 -14.02 18.1 4.79 -15.5 14.92 .01 -14.9 18.19 5.73
3 16 11.81 18.8 10.89 11.09 19.23 10.05 6.06 20.66 13.17
3 16 6.06 20.66 13.17 6.41 20.44 14.13 11.81 18.8 10.89
3 16 6.41 20.44 14.13 6.06 20.66 13.17 .63 22.09 14.49
3 16 .63 22.09 14.49 .6 22.08 15.57 6.41 20.44 14.13
3 16 -18.59 14.48 -1.33 -17.03 14.21 .48 -16.3 15.02 -1.67
3 16 -16.3 15.02 -1.67 -17.03 14.21 .48 -15.5 14.92 .01
3 16 17.51 17.67 2.47 17.65 19.19 -2.99 15.53 18.32 2.02
3 16 17.65 19.19 -2.99 15.39 19.13 -3.14 15.53 18.32 2.02
3 16 17.51 17.67 2.47 15.53 18.32 2.02 15.82 18.04 5.13
3 16 14.5 18.59 4.75 15.82 18.04 5.13 15.53 18.32 2.02
3 16 -7.59 23.38 -11.16 -11.01 18.23 -7.6 -7.31 19.39 -11.27
3 16 -7.31 19.39 -11.27 -11.01 18.23 -7.6 -9.44 14.18 -9.46
3 16 9.4 13.96 -9.23 12.69 18.48 -3.85 7.95 19 -10.8
3 16 9.1 22.27 -9.97 7.95 19 -10.8 12.69 18.48 -3.85
3 16 12.37 .5 -4.6 12.69 18.48 -3.85 9.81 8.76 -8.77
3 16 12.69 18.48 -3.85 9.4 13.96 -9.23 9.81 8.76 -8.77
3 16 9.81 8.76 -8.77 8.83 5.44 -9.46 9.74 .52 -8.76
3 16 9.74 .52 -8.76 12.37 .5 -4.6 9.81 8.76 -8.77
3 16 -9.47 9.03 -9.16 -9.31 .44 -8.67 -8.55 6.65 -10.13
3 16 10.05 19 9.11 12.82 18.47 4.38 12.53 .45 5.03
3 16 12.53 .45 5.03 9.57 .45 9.64 10.05 19 9.11
3 16 -11.98 .44 -4.62 -13.53 15.14 -2.13 -13.01 .44 .1
3 16 -13.53 15.14 -2.13 -13.64 15.17 -.48 -13.01 .44 .1
3 16 -11.98 .44 -4.62 -9.31 .44 -8.67 -11.01 18.23 -7.6
3 16 -9.31 .44 -8.67 -9.47 9.03 -9.16 -11.01 18.23 -7.6
3 16 -9.44 14.18 -9.46 -11.01 18.23 -7.6 -9.47 9.03 -9.16
3 16 -13.53 15.14 -2.13 -11.98 .44 -4.62 -11.01 18.23 -7.6
3 16 -8.55 6.65 -10.13 -9.31 .44 -8.67 -7.14 5.55 -11.03
3 16 -7.14 5.55 -11.03 -9.31 .44 -8.67 -4.9751 4.4 -12.0107
3 16 -9.31 .44 -8.67 -4.9 .44 -11.78 -4.9751 4.4 -12.0107
3 16 .2 .45 13.37 0 -5 8 -4.87 .45 12.38
3 16 -4.87 .45 12.38 0 -5 8 -3.0616 -5 7.3912
3 16 .2 .45 13.37 5.31 .45 12.36 0 -5 8
3 16 5.31 .45 12.36 3.0616 -5 7.3912 0 -5 8
3 16 9.57 .45 9.64 3.0616 -5 7.3912 5.31 .45 12.36
3 16 12.53 .45 5.03 7.3912 -5 3.0616 9.57 .45 9.64
3 16 13.36 .45 .28 8 -5 0 12.53 .45 5.03
3 16 8 -5 0 7.3912 -5 3.0616 12.53 .45 5.03
3 16 13.36 .45 .28 12.37 .5 -4.6 8 -5 0
3 16 12.37 .5 -4.6 7.3912 -5 -3.0616 8 -5 0
3 16 9.74 .52 -8.76 7.3912 -5 -3.0616 12.37 .5 -4.6
3 16 9.74 .52 -8.76 5.31 .42 -11.82 3.0616 -5 -7.3912
3 16 .24 .4 -12.79 0 -5 -8 5.31 .42 -11.82
3 16 5.31 .42 -11.82 0 -5 -8 3.0616 -5 -7.3912
3 16 .24 .4 -12.79 -4.9 .44 -11.78 0 -5 -8
3 16 0 -5 -8 -4.9 .44 -11.78 -3.0616 -5 -7.3912
3 16 -4.9 .44 -11.78 -9.31 .44 -8.67 -3.0616 -5 -7.3912
3 16 -11.98 .44 -4.62 -7.3912 -5 -3.0616 -9.31 .44 -8.67
3 16 -13.01 .44 .1 -8 -5 0 -11.98 .44 -4.62
3 16 -8 -5 0 -7.3912 -5 -3.0616 -11.98 .44 -4.62
3 16 -13.01 .44 .1 -12.12 .44 5.27 -8 -5 0
3 16 -8 -5 0 -12.12 .44 5.27 -7.3912 -5 3.0616
3 16 -12.12 .44 5.27 -9.14 .45 9.65 -7.3912 -5 3.0616
3 16 -9.14 .45 9.65 -4.87 .45 12.38 -3.0616 -5 7.3912
3 16 2.06 35.53 -12.46 1.38 27.42 -12.95 7.02 34.13 -12.08
3 16 1.38 27.42 -12.95 3.95 27.16 -12.61 7.02 34.13 -12.08
3 16 7.02 34.13 -12.08 3.95 27.16 -12.61 11.1 28.3 -11.63
3 16 3.95 27.16 -12.61 6.78 25.26 -11.58 11.1 28.3 -11.63
3 16 13.28 23.36 -10.5 11.1 28.3 -11.63 9.1 22.27 -9.97
3 16 6.78 25.26 -11.58 9.1 22.27 -9.97 11.1 28.3 -11.63
3 16 13.28 23.36 -10.5 9.1 22.27 -9.97 15.39 19.13 -3.14
3 16 9.1 22.27 -9.97 12.69 18.48 -3.85 15.39 19.13 -3.14
3 16 12.69 18.48 -3.85 13.25 18.27 1.37 15.39 19.13 -3.14
3 16 15.53 18.32 2.02 15.39 19.13 -3.14 13.25 18.27 1.37
3 16 13.25 18.27 1.37 12.82 18.47 4.38 15.53 18.32 2.02
3 16 12.82 18.47 4.38 14.5 18.59 4.75 15.53 18.32 2.02
3 16 14.5 18.59 4.75 12.82 18.47 4.38 11.09 19.23 10.05
3 16 10.05 19 9.11 11.09 19.23 10.05 12.82 18.47 4.38
3 16 11.09 19.23 10.05 10.05 19 9.11 5.53 20.14 12.04
3 16 5.53 20.14 12.04 6.06 20.66 13.17 11.09 19.23 10.05
3 16 6.06 20.66 13.17 5.53 20.14 12.04 .61 21.27 13.17
3 16 .61 21.27 13.17 .63 22.09 14.49 6.06 20.66 13.17
3 16 .63 22.09 14.49 .61 21.27 13.17 -4.09 20.88 12.85
3 16 -4.09 20.88 12.85 -4.37 21.7 13.98 .63 22.09 14.49
3 16 -4.37 21.7 13.98 -4.09 20.88 12.85 -8.38 20.48 10.32
3 16 -8.38 20.48 10.32 -8.98 21.3 11.27 -4.37 21.7 13.98
3 16 -14.02 18.1 4.79 -8.98 21.3 11.27 -12.94 17.32 3.77
3 16 -8.98 21.3 11.27 -8.38 20.48 10.32 -12.94 17.32 3.77
3 16 -15.5 14.92 .01 -14.02 18.1 4.79 -13.64 15.17 -.48
3 16 -12.94 17.32 3.77 -13.64 15.17 -.48 -14.02 18.1 4.79
3 16 -16.3 15.02 -1.67 -15.5 14.92 .01 -13.53 15.14 -2.13
3 16 -13.53 15.14 -2.13 -15.5 14.92 .01 -13.64 15.17 -.48
3 16 -14.75 18.97 -7.74 -16.3 15.02 -1.67 -11.01 18.23 -7.6
3 16 -13.53 15.14 -2.13 -11.01 18.23 -7.6 -16.3 15.02 -1.67
3 16 -14.75 18.97 -7.74 -11.01 18.23 -7.6 -11.62 24.94 -11.34
3 16 -11.01 18.23 -7.6 -7.59 23.38 -11.16 -11.62 24.94 -11.34
3 16 -8.54 29.76 -11.94 -11.62 24.94 -11.34 -4.85 25.61 -12.25
3 16 -7.59 23.38 -11.16 -4.85 25.61 -12.25 -11.62 24.94 -11.34
3 16 -3.65 34.62 -12.38 -8.54 29.76 -11.94 -1.12 27.04 -12.98
3 16 -4.85 25.61 -12.25 -1.12 27.04 -12.98 -8.54 29.76 -11.94
3 16 2.06 35.53 -12.46 -3.65 34.62 -12.38 1.38 27.42 -12.95
3 16 -1.12 27.04 -12.98 1.38 27.42 -12.95 -3.65 34.62 -12.38
2 24 5.53 20.14 12.04 10.05 19 9.11
2 24 .61 21.27 13.17 5.53 20.14 12.04
2 24 -4.09 20.88 12.85 .61 21.27 13.17
2 24 -8.38 20.48 10.32 -4.09 20.88 12.85
2 24 -12.94 17.32 3.77 -8.38 20.48 10.32
2 24 -13.64 15.17 -.48 -12.94 17.32 3.77
2 24 13.25 18.27 1.37 12.69 18.48 -3.85
2 24 12.82 18.47 4.38 13.25 18.27 1.37
2 24 0 4 -13 -4.9751 4.4 -12.0107
2 24 4.9751 4 -12.0107 0 4 -13
2 24 8.83 5.44 -9.46 4.9751 4 -12.0107
2 24 6.41 20.44 14.13 .6 22.08 15.57
2 24 11.81 18.8 10.89 6.41 20.44 14.13
2 24 -4.64 21.71 14.94 -9.48 21.34 12.1
2 24 .6 22.08 15.57 -4.64 21.71 14.94
2 24 -9.48 21.34 12.1 -14.9 18.19 5.73
2 24 -14.9 18.19 5.73 -17.03 14.21 .48
2 24 15.82 18.04 5.13 11.81 18.8 10.89
2 24 17.51 17.67 2.47 15.82 18.04 5.13
2 24 -18.59 14.48 -1.33 -17.62 19.27 -8.06
2 24 17.65 19.19 -2.99 17.51 17.67 2.47
2 24 16.54 24.02 -11.19 17.65 19.19 -2.99
2 24 -17.62 19.27 -8.06 -14.79 25.98 -11.69
2 24 14.51 30.54 -11.89 16.54 24.02 -11.19
2 24 -14.79 25.98 -11.69 -11.43 32.85 -11.97
2 24 12.46 34.74 -11.87 14.51 30.54 -11.89
2 24 9.47 39.41 -11.91 12.46 34.74 -11.87
2 24 -11.43 32.85 -11.97 -9.25 36.26 -12.1
2 24 -9.25 36.26 -12.1 -5.58 40.4 -12.18
2 24 2.63 41.74 -12.34 6.33 41.32 -12.17
2 24 6.33 41.32 -12.17 9.47 39.41 -11.91
2 24 -5.58 40.4 -12.18 -1.08 41.79 -12.64
2 24 -1.08 41.79 -12.64 2.63 41.74 -12.34
2 24 9.1 22.27 -9.97 6.78 25.26 -11.58
2 24 6.21 22.17 -11.9 7.95 19 -10.8
2 24 -7.31 19.39 -11.27 -4.46 21.98 -12.64
2 24 3.46 23.48 -12.99 6.21 22.17 -11.9
2 24 -4.46 21.98 -12.64 -.7 23.4 -13.4
2 24 1.35 23.58 -13.34 3.46 23.48 -12.99
2 24 -.7 23.4 -13.4 1.35 23.58 -13.34
2 24 -15.5 14.92 .01 -17.03 14.21 .48
2 24 -18.59 14.48 -1.33 -17.03 14.21 .48
2 24 15.53 18.32 2.02 17.51 17.67 2.47
2 24 -7.59 23.38 -11.16 -11.01 18.23 -7.6
2 24 -9.44 14.18 -9.46 -7.31 19.39 -11.27
2 24 7.95 19 -10.8 9.4 13.96 -9.23
2 24 12.69 18.48 -3.85 9.1 22.27 -9.97
2 24 9.4 13.96 -9.23 9.81 8.76 -8.77
2 24 9.81 8.76 -8.77 8.83 5.44 -9.46
2 24 -8.55 6.65 -10.13 -9.47 9.03 -9.16
2 24 10.05 19 9.11 12.82 18.47 4.38
2 24 -13.53 15.14 -2.13 -13.64 15.17 -.48
2 24 -9.47 9.03 -9.16 -9.44 14.18 -9.46
2 24 -11.01 18.23 -7.6 -13.53 15.14 -2.13
2 24 -7.14 5.55 -11.03 -8.55 6.65 -10.13
2 24 -4.9751 4.4 -12.0107 -7.14 5.55 -11.03
2 24 13.25 18.27 1.37 15.53 18.32 2.02
2 24 -13.64 15.17 -.48 -15.5 14.92 .01
3 16 18.9 4.58 -.44 18.9 5.54 -.1 18.87 3.56 3.12
3 16 18.87 6.36 .18 18.66 6.2 4.93 18.9 5.54 -.1
3 16 18.9 5.54 -.1 18.66 6.2 4.93 18.87 3.56 3.12
3 16 16.31 4.15 -11.69 16.32 2.65 -11.48 6.22 1.93 -17.48
3 16 6.22 1.93 -17.48 16.32 2.65 -11.48 6.56 .14 -17.17
3 16 1.02 -.5 -18.34 .93 1.55 -18.27 6.56 .14 -17.17
3 16 6.56 .14 -17.17 .93 1.55 -18.27 6.22 1.93 -17.48
3 16 18.9 5.54 -.1 18.9 4.58 -.44 16.31 4.15 -11.69
3 16 16.31 4.15 -11.69 18.9 4.58 -.44 16.32 2.65 -11.48
3 16 1.02 -.5 -18.34 6.56 .14 -17.17 3.06 -1.99 -18.82
3 16 3.06 -1.99 -18.82 6.56 .14 -17.17 7.17 -.99 -17.66
3 16 18.9 4.58 -.44 19.32 3.67 -.72 16.32 2.65 -11.48
3 16 16.72 1.52 -11.6 16.32 2.65 -11.48 19.32 3.67 -.72
3 16 16.72 1.52 -11.6 7.17 -.99 -17.66 16.32 2.65 -11.48
3 16 7.17 -.99 -17.66 6.56 .14 -17.17 16.32 2.65 -11.48
3 16 3.06 -1.99 -18.82 7.17 -.99 -17.66 6.16 -3.96 -17.18
3 16 6.16 -3.96 -17.18 7.17 -.99 -17.66 8.51 -2.95 -15.98
3 16 16.72 1.52 -11.6 19.32 3.67 -.72 16.26 -.36 -10.65
3 16 16.26 -.36 -10.65 19.32 3.67 -.72 19.1 2.5 -.93
3 16 7.17 -.99 -17.66 16.72 1.52 -11.6 8.51 -2.95 -15.98
3 16 16.26 -.36 -10.65 8.51 -2.95 -15.98 16.72 1.52 -11.6
3 16 19.1 2.5 -.93 19.32 3.67 -.72 18.87 3.56 3.12
3 16 18.87 3.56 3.12 19.32 3.67 -.72 18.9 4.58 -.44
3 16 6.16 -3.96 -17.18 8.51 -2.95 -15.98 8.11 -5.09 -16.43
3 16 8.11 -5.09 -16.43 8.51 -2.95 -15.98 10.11 -4.22 -15.45
3 16 8.51 -2.95 -15.98 16.26 -.36 -10.65 10.11 -4.22 -15.45
3 16 16.59 -1.44 -10.27 10.11 -4.22 -15.45 16.26 -.36 -10.65
3 16 19.1 2.5 -.93 19.18 1.56 -1.27 16.26 -.36 -10.65
3 16 16.59 -1.44 -10.27 16.26 -.36 -10.65 19.18 1.56 -1.27
3 16 8.11 -5.09 -16.43 10.11 -4.22 -15.45 11.13 -6.41 -11.82
3 16 10.11 -4.22 -15.45 11.96 -5.79 -11.21 11.13 -6.41 -11.82
3 16 19.18 1.56 -1.27 16.49 -3.18 -7.55 16.59 -1.44 -10.27
3 16 16.59 -1.44 -10.27 16.49 -3.18 -7.55 10.11 -4.22 -15.45
3 16 16.49 -3.18 -7.55 11.96 -5.79 -11.21 10.11 -4.22 -15.45
3 16 11.13 -6.41 -11.82 11.96 -5.79 -11.21 11.79 -7.01 -10.61
3 16 12.55 -6.47 -10.12 11.79 -7.01 -10.61 11.96 -5.79 -11.21
3 16 16.49 -3.18 -7.55 19.18 1.56 -1.27 16.95 -4.08 -6.64
3 16 16.95 -4.08 -6.64 19.18 1.56 -1.27 19.05 .35 -.25
3 16 11.96 -5.79 -11.21 16.49 -3.18 -7.55 12.55 -6.47 -10.12
3 16 16.95 -4.08 -6.64 12.55 -6.47 -10.12 16.49 -3.18 -7.55
3 16 19.18 1.56 -1.27 19.1 2.5 -.93 18.87 3.56 3.12
3 16 18.87 3.56 3.12 19.05 .35 -.25 19.18 1.56 -1.27
3 16 16.95 -4.08 -6.64 19.05 .35 -.25 16.23 -5.18 -5.05
3 16 16.23 -5.18 -5.05 19.05 .35 -.25 18.04 -.74 1.1
3 16 19.05 .35 -.25 18.87 3.56 3.12 18.04 -.74 1.1
3 16 18.04 -.74 1.1 18.87 3.56 3.12 15.98 5.29 8.9
3 16 18.87 3.56 3.12 18.66 6.2 4.93 15.98 5.29 8.9
3 16 17.52 -1.93 2.38 15.95 -6.72 -3.84 18.04 -.74 1.1
3 16 15.95 -6.72 -3.84 16.23 -5.18 -5.05 18.04 -.74 1.1
3 16 14.69 3.63 10.5 17.52 -1.93 2.38 15.98 5.29 8.9
3 16 17.52 -1.93 2.38 18.04 -.74 1.1 15.98 5.29 8.9
3 16 14.69 3.63 10.5 12.29 .93 11.73 17.52 -1.93 2.38
3 16 14.89 -4.06 4.36 17.52 -1.93 2.38 12.29 .93 11.73
3 16 17.52 -1.93 2.38 14.89 -4.06 4.36 15.95 -6.72 -3.84
3 16 14.22 -7.52 -2.54 15.95 -6.72 -3.84 14.89 -4.06 4.36
3 16 8.11 -5.09 -16.43 6.89 -6.12 -17.4 6.16 -3.96 -17.18
3 16 6.89 -6.12 -17.4 1.42 -2.61 -19.89 6.16 -3.96 -17.18
3 16 1.42 -2.61 -19.89 3.06 -1.99 -18.82 6.16 -3.96 -17.18
3 16 6.89 -6.12 -17.4 8.11 -5.09 -16.43 10.44 -7.7 -12.95
3 16 8.11 -5.09 -16.43 11.13 -6.41 -11.82 10.44 -7.7 -12.95
3 16 11.13 -6.41 -11.82 11.79 -7.01 -10.61 10.44 -7.7 -12.95
3 16 11.19 -7.93 -11.36 10.44 -7.7 -12.95 11.79 -7.01 -10.61
3 16 10.52 -8.75 -8.63 16.23 -5.18 -5.05 10.55 -8.96 -7.94
3 16 15.95 -6.72 -3.84 10.55 -8.96 -7.94 16.23 -5.18 -5.05
3 16 1.42 -2.61 -19.89 6.89 -6.12 -17.4 -1.02 -4.37 -19.49
3 16 -1.02 -4.37 -19.49 6.89 -6.12 -17.4 4.35 -7.48 -17.1
3 16 6.89 -6.12 -17.4 10.44 -7.7 -12.95 4.35 -7.48 -17.1
3 16 4.35 -7.48 -17.1 10.44 -7.7 -12.95 8.31 -8.58 -13.14
3 16 9.46 -8.72 -11.17 8.31 -8.58 -13.14 11.19 -7.93 -11.36
3 16 11.19 -7.93 -11.36 8.31 -8.58 -13.14 10.44 -7.7 -12.95
3 16 9.46 -8.72 -11.17 11.19 -7.93 -11.36 10.52 -8.75 -8.63
3 16 10.52 -8.75 -8.63 11.19 -7.93 -11.36 16.23 -5.18 -5.05
3 16 11.19 -7.93 -11.36 11.79 -7.01 -10.61 16.23 -5.18 -5.05
3 16 11.79 -7.01 -10.61 12.55 -6.47 -10.12 16.23 -5.18 -5.05
3 16 12.55 -6.47 -10.12 16.95 -4.08 -6.64 16.23 -5.18 -5.05
3 16 -16.75 12.09 9.7 -16.62 10.25 9.9 -10.82 16.27 15.98
3 16 -16.62 10.25 9.9 -11.28 12.71 15.78 -10.82 16.27 15.98
3 16 -11.42 10.52 15.6 -11.28 12.71 15.78 -16.62 10.25 9.9
3 16 4.56 10 18.02 8.11 4.48 15.63 9.4 7.72 15.38
3 16 9.4 7.72 15.38 5.93 13.36 17.73 4.56 10 18.02
3 16 4.56 10 18.02 3.39 6.94 18.14 8.11 4.48 15.63
3 16 -.68 12.28 18.86 3.39 6.94 18.14 4.56 10 18.02
3 16 4.56 10 18.02 .34 15.9 18.78 -.68 12.28 18.86
3 16 -.68 12.28 18.86 -1.73 9.4 18.86 3.39 6.94 18.14
3 16 9.4 7.72 15.38 11.12 10.81 14.87 5.93 13.36 17.73
3 16 4.56 10 18.02 5.93 13.36 17.73 .34 15.9 18.78
3 16 14.69 3.63 10.5 9.4 7.72 15.38 12.29 .93 11.73
3 16 9.4 7.72 15.38 8.11 4.48 15.63 12.29 .93 11.73
3 16 -11.28 12.71 15.78 -11.42 10.52 15.6 -6.77 9.96 18.33
3 16 -6.77 9.96 18.33 -6.18 12.5 18.42 -11.28 12.71 15.78
3 16 -6.18 12.5 18.42 -6.77 9.96 18.33 -1.73 9.4 18.86
3 16 -1.73 9.4 18.86 -.68 12.28 18.86 -6.18 12.5 18.42
3 16 -10.82 16.27 15.98 -11.28 12.71 15.78 -6.18 12.5 18.42
3 16 -6.18 12.5 18.42 -5.44 16.08 18.48 -10.82 16.27 15.98
3 16 -5.44 16.08 18.48 -6.18 12.5 18.42 -.68 12.28 18.86
3 16 -.68 12.28 18.86 .34 15.9 18.78 -5.44 16.08 18.48
3 16 .46 18.12 16.58 .34 15.9 18.78 5.93 13.36 17.73
3 16 5.93 13.36 17.73 5.97 15.9 15.5 .46 18.12 16.58
3 16 5.97 15.9 15.5 5.93 13.36 17.73 11.12 10.81 14.87
3 16 11.12 10.81 14.87 11.08 13.67 12.61 5.97 15.9 15.5
3 16 -9.89 17.82 14.07 -10.82 16.27 15.98 -5.44 16.08 18.48
3 16 -5.44 16.08 18.48 -4.92 17.97 16.42 -9.89 17.82 14.07
3 16 -4.92 17.97 16.42 -5.44 16.08 18.48 .34 15.9 18.78
3 16 .34 15.9 18.78 .46 18.12 16.58 -4.92 17.97 16.42
3 16 -10.82 16.27 15.98 -9.89 17.82 14.07 -16.75 12.09 9.7
3 16 -16.75 12.09 9.7 -9.89 17.82 14.07 -15.44 14.25 8.36
3 16 .6 22.08 15.57 .46 18.12 16.58 5.97 15.9 15.5
3 16 5.97 15.9 15.5 6.41 20.44 14.13 .6 22.08 15.57
3 16 5.97 15.9 15.5 11.08 13.67 12.61 11.81 18.8 10.89
3 16 11.81 18.8 10.89 6.41 20.44 14.13 5.97 15.9 15.5
3 16 -9.48 21.34 12.1 -9.89 17.82 14.07 -4.92 17.97 16.42
3 16 -4.92 17.97 16.42 -4.64 21.71 14.94 -9.48 21.34 12.1
3 16 -4.64 21.71 14.94 -4.92 17.97 16.42 .46 18.12 16.58
3 16 .46 18.12 16.58 .6 22.08 15.57 -4.64 21.71 14.94
3 16 -15.44 14.25 8.36 -9.89 17.82 14.07 -14.9 18.19 5.73
3 16 -9.89 17.82 14.07 -9.48 21.34 12.1 -14.9 18.19 5.73
3 16 18.66 6.2 4.93 18.05 7.22 5.67 15.98 5.29 8.9
3 16 15.98 5.29 8.9 18.05 7.22 5.67 16.77 7.41 8.43
3 16 12.29 .93 11.73 10.45 -.4 12.06 14.89 -4.06 4.36
3 16 12.86 -4.89 4.81 14.89 -4.06 4.36 10.45 -.4 12.06
3 16 14.22 -7.52 -2.54 14.89 -4.06 4.36 12.47 -7.81 -2.08
3 16 12.47 -7.81 -2.08 14.89 -4.06 4.36 12.86 -4.89 4.81
3 16 -11.42 10.52 15.6 -11.19 9.2 15.12 -6.99 8.38 17.74
3 16 -6.99 8.38 17.74 -6.77 9.96 18.33 -11.42 10.52 15.6
3 16 -6.77 9.96 18.33 -6.99 8.38 17.74 -2.39 7.56 18.15
3 16 -2.39 7.56 18.15 -1.73 9.4 18.86 -6.77 9.96 18.33
3 16 -1.73 9.4 18.86 -2.39 7.56 18.15 2.42 5.2 17.62
3 16 2.42 5.2 17.62 3.39 6.94 18.14 -1.73 9.4 18.86
3 16 3.39 6.94 18.14 2.42 5.2 17.62 6.82 2.84 15.28
3 16 6.82 2.84 15.28 8.11 4.48 15.63 3.39 6.94 18.14
3 16 -16.63 9.17 9.4 -11.19 9.2 15.12 -16.62 10.25 9.9
3 16 -11.19 9.2 15.12 -11.42 10.52 15.6 -16.62 10.25 9.9
3 16 -3.72 .29 -19.81 -5.62 -1.55 -19.56 -10.86 4.1 -17.15
3 16 -11.87 2.21 -16.62 -10.86 4.1 -17.15 -5.62 -1.55 -19.56
3 16 -10.86 4.1 -17.15 -11.87 2.21 -16.62 -15.47 6.93 -12.51
3 16 -16.01 4.93 -11.94 -15.47 6.93 -12.51 -11.87 2.21 -16.62
3 16 -6.17 2.88 -18.06 -10.86 4.1 -17.15 -6.37 3.79 -16.98
3 16 -10.86 4.1 -17.15 -9.37 5.07 -15.34 -6.37 3.79 -16.98
3 16 -15.47 6.93 -12.51 -16.01 4.93 -11.94 -17.37 8.27 -8.38
3 16 -17.68 6.25 -7.96 -17.37 8.27 -8.38 -16.01 4.93 -11.94
3 16 3.18 -8.91 -17.31 -2.36 -5.8 -20.08 4.35 -7.48 -17.1
3 16 -2.36 -5.8 -20.08 -1.02 -4.37 -19.49 4.35 -7.48 -17.1
3 16 7.25 -9.7 -13.04 3.18 -8.91 -17.31 8.31 -8.58 -13.14
3 16 3.18 -8.91 -17.31 4.35 -7.48 -17.1 8.31 -8.58 -13.14
3 16 8.31 -8.58 -13.14 9.46 -8.72 -11.17 7.25 -9.7 -13.04
3 16 9.46 -8.72 -11.17 8.66 -9.55 -10.97 7.25 -9.7 -13.04
3 16 10.13 -9.3 -7.46 8.66 -9.55 -10.97 10.55 -8.96 -7.94
3 16 10.55 -8.96 -7.94 8.66 -9.55 -10.97 10.52 -8.75 -8.63
3 16 8.66 -9.55 -10.97 9.46 -8.72 -11.17 10.52 -8.75 -8.63
3 16 -5.62 -1.55 -19.56 -6.9 -2.93 -19.94 -11.87 2.21 -16.62
3 16 -12.99 .9 -16.83 -11.87 2.21 -16.62 -6.9 -2.93 -19.94
3 16 -16.9 3.58 -11.91 -16.01 4.93 -11.94 -12.99 .9 -16.83
3 16 -16.01 4.93 -11.94 -11.87 2.21 -16.62 -12.99 .9 -16.83
3 16 -16.01 4.93 -11.94 -16.9 3.58 -11.91 -17.68 6.25 -7.96
3 16 -18.46 4.85 -7.89 -17.68 6.25 -7.96 -16.9 3.58 -11.91
3 16 -2.36 -5.8 -20.08 3.18 -8.91 -17.31 -3.67 -6.86 -18.7
3 16 1.3 -9.19 -16.42 -3.67 -6.86 -18.7 3.18 -8.91 -17.31
3 16 -12.99 .9 -16.83 -6.9 -2.93 -19.94 -13.63 -.57 -15.61
3 16 -8.12 -4.33 -18.51 -13.63 -.57 -15.61 -6.9 -2.93 -19.94
3 16 -12.99 .9 -16.83 -13.63 -.57 -15.61 -16.9 3.58 -11.91
3 16 -13.63 -.57 -15.61 -17.18 2.3 -10.93 -16.9 3.58 -11.91
3 16 -16.9 3.58 -11.91 -17.18 2.3 -10.93 -18.46 4.85 -7.89
3 16 -17.18 2.3 -10.93 -18.65 3.84 -6.99 -18.46 4.85 -7.89
3 16 -15.44 14.25 8.36 -17.68 11.11 4.6 -16.75 12.09 9.7
3 16 -17.68 11.11 4.6 -18.39 9.23 6.78 -16.75 12.09 9.7
3 16 -17.03 14.21 .48 -17.68 11.11 4.6 -14.9 18.19 5.73
3 16 -17.68 11.11 4.6 -15.44 14.25 8.36 -14.9 18.19 5.73
3 16 -16.63 9.17 9.4 -18.39 9.23 6.78 -16.85 7.94 8.41
3 16 -17.37 8.27 -8.38 -17.68 6.25 -7.96 -19.11 6.68 -.31
3 16 -17.03 14.21 .48 -18.7 13.21 .1 -17.68 11.11 4.6
3 16 -18.44 9.9 3.57 -17.68 11.11 4.6 -18.7 13.21 .1
3 16 -18.44 9.9 3.57 -18.7 13.21 .1 -18.46 9.03 1.52
3 16 -18.7 13.21 .1 -17.96 11.34 -2.23 -18.46 9.03 1.52
3 16 10.45 -.4 12.06 7.64 -4.36 12.92 12.86 -4.89 4.81
3 16 10.47 -7.68 5.79 12.86 -4.89 4.81 7.64 -4.36 12.92
3 16 12.86 -4.89 4.81 10.47 -7.68 5.79 12.47 -7.81 -2.08
3 16 10.07 -9.83 -.79 12.47 -7.81 -2.08 10.47 -7.68 5.79
3 16 -11.19 9.2 15.12 -11.63 6.28 14.34 -7.88 4.89 17.09
3 16 -7.88 4.89 17.09 -6.99 8.38 17.74 -11.19 9.2 15.12
3 16 -6.99 8.38 17.74 -7.88 4.89 17.09 -3.73 3.49 17.65
3 16 -3.73 3.49 17.65 -2.39 7.56 18.15 -6.99 8.38 17.74
3 16 4.2 -1.51 15.9 6.82 2.84 15.28 2.42 5.2 17.62
3 16 2.42 5.2 17.62 .44 .99 17.67 4.2 -1.51 15.9
3 16 .44 .99 17.67 2.42 5.2 17.62 -2.39 7.56 18.15
3 16 -2.39 7.56 18.15 -3.73 3.49 17.65 .44 .99 17.67
3 16 -16.85 7.94 8.41 -11.63 6.28 14.34 -16.63 9.17 9.4
3 16 -16.63 9.17 9.4 -11.63 6.28 14.34 -11.19 9.2 15.12
3 16 12.47 -7.81 -2.08 10.07 -9.83 -.79 10.35 -9.36 -6.66
3 16 8.34 -11.12 -5.06 10.35 -9.36 -6.66 10.07 -9.83 -.79
3 16 -17.68 6.25 -7.96 -18.46 4.85 -7.89 -19.11 6.68 -.31
3 16 -18.65 3.84 -6.99 -19.11 6.68 -.31 -18.46 4.85 -7.89
3 16 -4.74 -7.47 -17.01 -.58 -9.23 -15.36 -6.33 -9.04 -16.27
3 16 -6.33 -9.04 -16.27 -.58 -9.23 -15.36 -1.46 -9.86 -14.54
3 16 -13.99 -1.72 -14.31 -8.92 -5.21 -16.83 -15.58 -4.02 -13.42
3 16 -10.7 -7.16 -15.99 -15.58 -4.02 -13.42 -8.92 -5.21 -16.83
3 16 -13.99 -1.72 -14.31 -15.58 -4.02 -13.42 -17.35 1.19 -9.93
3 16 -18.69 -1.03 -9.32 -17.35 1.19 -9.93 -15.58 -4.02 -13.42
3 16 -17.35 1.19 -9.93 -18.69 -1.03 -9.32 -18.82 2.9 -6.15
3 16 -18.69 -1.03 -9.32 -19.76 1.14 -5.52 -18.82 2.9 -6.15
3 16 10.35 -9.36 -6.66 6.99 -10.15 -9.58 10.13 -9.3 -7.46
3 16 6.99 -10.15 -9.58 8.66 -9.55 -10.97 10.13 -9.3 -7.46
3 16 3.18 -8.91 -17.31 7.25 -9.7 -13.04 1.3 -9.19 -16.42
3 16 1.3 -9.19 -16.42 7.25 -9.7 -13.04 3.61 -9.92 -13.6
3 16 8.66 -9.55 -10.97 6.99 -10.15 -9.58 7.25 -9.7 -13.04
3 16 6.99 -10.15 -9.58 2.82 -10.42 -11.63 7.25 -9.7 -13.04
3 16 2.82 -10.42 -11.63 3.61 -9.92 -13.6 7.25 -9.7 -13.04
3 16 -19.01 7.88 5.29 -18.44 9.9 3.57 -20.06 4.83 .76
3 16 -18.44 9.9 3.57 -18.46 9.03 1.52 -20.06 4.83 .76
3 16 -20.06 4.83 .76 -18.46 9.03 1.52 -19.11 6.68 -.31
3 16 -20.06 4.83 .76 -19.11 6.68 -.31 -19.76 1.14 -5.52
3 16 -19.76 1.14 -5.52 -19.11 6.68 -.31 -18.82 2.9 -6.15
3 16 -18.39 9.23 6.78 -17.68 11.11 4.6 -19.01 7.88 5.29
3 16 -17.68 11.11 4.6 -18.44 9.9 3.57 -19.01 7.88 5.29
3 16 6.99 -10.15 -9.58 10.35 -9.36 -6.66 5.8 -11.72 -7.49
3 16 5.8 -11.72 -7.49 10.35 -9.36 -6.66 8.34 -11.12 -5.06
3 16 -19.01 7.88 5.29 -17.24 6.64 6.93 -18.39 9.23 6.78
3 16 -16.85 7.94 8.41 -18.39 9.23 6.78 -17.24 6.64 6.93
3 16 -15.58 -4.02 -13.42 -10.7 -7.16 -15.99 -15.05 -5.67 -11.47
3 16 -10.53 -8.21 -14.07 -15.05 -5.67 -11.47 -10.7 -7.16 -15.99
3 16 -18.69 -1.03 -9.32 -15.58 -4.02 -13.42 -17.8 -3.18 -7.48
3 16 -15.05 -5.67 -11.47 -17.8 -3.18 -7.48 -15.58 -4.02 -13.42
3 16 -18.69 -1.03 -9.32 -17.8 -3.18 -7.48 -19.76 1.14 -5.52
3 16 -18.81 -1.5 -4.06 -19.76 1.14 -5.52 -17.8 -3.18 -7.48
3 16 -18.61 2.01 2.65 -20.06 4.83 .76 -18.81 -1.5 -4.06
3 16 -18.81 -1.5 -4.06 -20.06 4.83 .76 -19.76 1.14 -5.52
3 16 -17.24 6.64 6.93 -19.01 7.88 5.29 -18.61 2.01 2.65
3 16 -18.61 2.01 2.65 -19.01 7.88 5.29 -20.06 4.83 .76
3 16 -5.24 -9.65 -12.21 -6.13 -9.8 -14.18 -1.41 -10.26 -12.4
3 16 -1.41 -10.26 -12.4 -6.13 -9.8 -14.18 -1.46 -9.86 -14.54
3 16 -10.7 -7.16 -15.99 -6.33 -9.04 -16.27 -10.53 -8.21 -14.07
3 16 -10.53 -8.21 -14.07 -6.33 -9.04 -16.27 -6.13 -9.8 -14.18
3 16 -6.13 -9.8 -14.18 -6.33 -9.04 -16.27 -1.46 -9.86 -14.54
3 16 -10.17 -8.75 -12.95 -6.13 -9.8 -14.18 -8.76 -8.76 -10.93
3 16 -5.24 -9.65 -12.21 -8.76 -8.76 -10.93 -6.13 -9.8 -14.18
3 16 -14.43 -7.17 -10.17 -10.17 -8.75 -12.95 -12.39 -7.62 -7.99
3 16 -12.39 -7.62 -7.99 -10.17 -8.75 -12.95 -8.76 -8.76 -10.93
3 16 -17.28 -5.77 -6.14 -14.43 -7.17 -10.17 -14.78 -6.75 -4.26
3 16 -14.78 -6.75 -4.26 -14.43 -7.17 -10.17 -12.39 -7.62 -7.99
3 16 -18.5 -4.5 -2.55 -17.28 -5.77 -6.14 -15.74 -6.01 -1.18
3 16 -15.74 -6.01 -1.18 -17.28 -5.77 -6.14 -14.78 -6.75 -4.26
3 16 -17.55 -1.59 4.58 -18.5 -4.5 -2.55 -15.3 -3.52 5.32
3 16 -15.3 -3.52 5.32 -18.5 -4.5 -2.55 -15.74 -6.01 -1.18
3 16 2.82 -10.42 -11.63 6.99 -10.15 -9.58 2.23 -12 -8.88
3 16 2.23 -12 -8.88 6.99 -10.15 -9.58 5.8 -11.72 -7.49
3 16 -8.76 -8.76 -10.93 -5.24 -9.65 -12.21 -7.24 -11.14 -7.55
3 16 -7.24 -11.14 -7.55 -5.24 -9.65 -12.21 -3.82 -11.69 -8.79
3 16 -8.76 -8.76 -10.93 -7.24 -11.14 -7.55 -12.39 -7.62 -7.99
3 16 -10.67 -10.17 -4.99 -12.39 -7.62 -7.99 -7.24 -11.14 -7.55
3 16 -12.39 -7.62 -7.99 -10.67 -10.17 -4.99 -14.78 -6.75 -4.26
3 16 -12.91 -9.21 -1.92 -14.78 -6.75 -4.26 -10.67 -10.17 -4.99
3 16 -15.74 -6.01 -1.18 -14.78 -6.75 -4.26 -13.82 -8.39 .54
3 16 -13.82 -8.39 .54 -14.78 -6.75 -4.26 -12.91 -9.21 -1.92
3 16 -15.3 -3.52 5.32 -15.74 -6.01 -1.18 -13.68 -6.04 6.46
3 16 -13.68 -6.04 6.46 -15.74 -6.01 -1.18 -13.82 -8.39 .54
3 16 -5.24 -9.65 -12.21 -1.41 -10.26 -12.4 -3.82 -11.69 -8.79
3 16 -3.82 -11.69 -8.79 -1.41 -10.26 -12.4 -.98 -11.93 -9.32
3 16 -7.88 4.89 17.09 -11.63 6.28 14.34 -4.61 2.28 16.54
3 16 -3.73 3.49 17.65 -7.88 4.89 17.09 -4.61 2.28 16.54
3 16 -11.84 5.5 13.71 -4.61 2.28 16.54 -11.63 6.28 14.34
3 16 .44 .99 17.67 -3.73 3.49 17.65 2.91 -2.58 15.17
3 16 4.2 -1.51 15.9 .44 .99 17.67 2.91 -2.58 15.17
3 16 2.91 -2.58 15.17 -3.73 3.49 17.65 -4.61 2.28 16.54
3 16 -17.24 6.64 6.93 -11.84 5.5 13.71 -16.85 7.94 8.41
3 16 -11.84 5.5 13.71 -11.63 6.28 14.34 -16.85 7.94 8.41
3 16 -4.61 2.28 16.54 -11.84 5.5 13.71 -6.06 .73 15.89
3 16 -12.49 4.33 13.04 -6.06 .73 15.89 -11.84 5.5 13.71
3 16 2.91 -2.58 15.17 -4.61 2.28 16.54 1.17 -4.3 14.56
3 16 1.17 -4.3 14.56 -4.61 2.28 16.54 -6.06 .73 15.89
3 16 -13.35 3.1 12.06 -12.49 4.33 13.04 -17.24 6.64 6.93
3 16 -6.06 .73 15.89 -12.49 4.33 13.04 -8.94 -1.56 14.33
3 16 -13.35 3.1 12.06 -8.94 -1.56 14.33 -12.49 4.33 13.04
3 16 -13.91 2.32 10.26 -12.13 .28 11.46 -13.35 3.1 12.06
3 16 -13.35 3.1 12.06 -12.13 .28 11.46 -8.94 -1.56 14.33
3 16 -12.13 .28 11.46 -10.16 -2.16 12.81 -8.94 -1.56 14.33
3 16 -13.91 2.32 10.26 -13.35 3.1 12.06 -17.24 6.64 6.93
3 16 -12.13 .28 11.46 -13.91 2.32 10.26 -15.3 -3.52 5.32
3 16 -13.91 2.32 10.26 -17.55 -1.59 4.58 -15.3 -3.52 5.32
3 16 -13.68 -6.04 6.46 -10.16 -2.16 12.81 -15.3 -3.52 5.32
3 16 -10.16 -2.16 12.81 -12.13 .28 11.46 -15.3 -3.52 5.32
3 16 -2.46 -6.94 12.71 1.17 -4.3 14.56 -8.94 -1.56 14.33
3 16 -8.94 -1.56 14.33 1.17 -4.3 14.56 -6.06 .73 15.89
3 16 -3.54 -7.07 11.42 -2.46 -6.94 12.71 -6.69 -4.98 12.53
3 16 -2.46 -6.94 12.71 -8.94 -1.56 14.33 -6.69 -4.98 12.53
3 16 -6.69 -4.98 12.53 -8.94 -1.56 14.33 -10.16 -2.16 12.81
3 16 7.64 -4.36 12.92 5.95 -5.03 12.54 10.47 -7.68 5.79
3 16 8.34 -7.91 6.31 10.47 -7.68 5.79 5.95 -5.03 12.54
3 16 10.47 -7.68 5.79 8.34 -7.91 6.31 10.07 -9.83 -.79
3 16 7.89 -9.78 .43 10.07 -9.83 -.79 8.34 -7.91 6.31
3 16 8.34 -11.12 -5.06 10.07 -9.83 -.79 6.78 -10.69 -2.85
3 16 7.89 -9.78 .43 6.78 -10.69 -2.85 10.07 -9.83 -.79
3 16 5.8 -11.72 -7.49 8.34 -11.12 -5.06 4.76 -11.28 -4.83
3 16 6.78 -10.69 -2.85 4.76 -11.28 -4.83 8.34 -11.12 -5.06
3 16 2.23 -12 -8.88 5.8 -11.72 -7.49 1.91 -11.63 -5.95
3 16 4.76 -11.28 -4.83 1.91 -11.63 -5.95 5.8 -11.72 -7.49
3 16 -7.24 -11.14 -7.55 -3.82 -11.69 -8.79 -6.06 -11.31 -5.15
3 16 -3.33 -11.59 -6.19 -6.06 -11.31 -5.15 -3.82 -11.69 -8.79
3 16 -10.67 -10.17 -4.99 -7.24 -11.14 -7.55 -8.73 -10.7 -3.1
3 16 -6.06 -11.31 -5.15 -8.73 -10.7 -3.1 -7.24 -11.14 -7.55
3 16 -12.91 -9.21 -1.92 -10.67 -10.17 -4.99 -10.62 -9.94 -.8
3 16 -8.73 -10.7 -3.1 -10.62 -9.94 -.8 -10.67 -10.17 -4.99
3 16 -13.82 -8.39 .54 -12.91 -9.21 -1.92 -11.53 -9.19 1.32
3 16 -10.62 -9.94 -.8 -11.53 -9.19 1.32 -12.91 -9.21 -1.92
3 16 -13.68 -6.04 6.46 -13.82 -8.39 .54 -11.66 -6.88 6.82
3 16 -11.53 -9.19 1.32 -11.66 -6.88 6.82 -13.82 -8.39 .54
3 16 -3.82 -11.69 -8.79 -.98 -11.93 -9.32 -3.33 -11.59 -6.19
3 16 -3.33 -11.59 -6.19 -.98 -11.93 -9.32 -.93 -11.69 -6.25
3 16 -11.66 -6.88 6.82 -10.16 -2.16 12.81 -13.68 -6.04 6.46
3 16 8.34 -7.91 6.31 5.95 -5.03 12.54 6.47 -8.74 6.8
3 16 6.47 -8.74 6.8 5.95 -5.03 12.54 3.93 -6.36 12.09
3 16 7.89 -9.78 .43 8.34 -7.91 6.31 6.28 -10.43 2.01
3 16 6.28 -10.43 2.01 8.34 -7.91 6.31 6.47 -8.74 6.8
3 16 6.78 -10.69 -2.85 7.89 -9.78 .43 4.96 -11.36 -.45
3 16 6.28 -10.43 2.01 4.96 -11.36 -.45 7.89 -9.78 .43
3 16 4.76 -11.28 -4.83 6.78 -10.69 -2.85 3.42 -11.97 -2.1
3 16 3.42 -11.97 -2.1 6.78 -10.69 -2.85 4.96 -11.36 -.45
3 16 1.91 -11.63 -5.95 4.76 -11.28 -4.83 1.34 -12.42 -3.02
3 16 1.34 -12.42 -3.02 4.76 -11.28 -4.83 3.42 -11.97 -2.1
3 16 -3.33 -11.59 -6.19 -2.91 -12.51 -3.19 -6.06 -11.31 -5.15
3 16 -2.91 -12.51 -3.19 -4.9 -12.3 -2.64 -6.06 -11.31 -5.15
3 16 -8.73 -10.7 -3.1 -6.06 -11.31 -5.15 -6.81 -11.95 -1.24
3 16 -6.81 -11.95 -1.24 -6.06 -11.31 -5.15 -4.9 -12.3 -2.64
3 16 -10.62 -9.94 -.8 -8.73 -10.7 -3.1 -8.36 -11.39 .78
3 16 -8.36 -11.39 .78 -8.73 -10.7 -3.1 -6.81 -11.95 -1.24
3 16 -8.36 -11.39 .78 -9.33 -10.65 2.68 -10.62 -9.94 -.8
3 16 -9.33 -10.65 2.68 -11.53 -9.19 1.32 -10.62 -9.94 -.8
3 16 -11.53 -9.19 1.32 -9.33 -10.65 2.68 -11.66 -6.88 6.82
3 16 -9.76 -8.41 7.42 -11.66 -6.88 6.82 -9.33 -10.65 2.68
3 16 -3.33 -11.59 -6.19 -.93 -11.69 -6.25 -2.91 -12.51 -3.19
3 16 -2.91 -12.51 -3.19 -.93 -11.69 -6.25 -.88 -12.54 -3.37
3 16 -10.16 -2.16 12.81 -11.66 -6.88 6.82 -6.69 -4.98 12.53
3 16 -6.69 -4.98 12.53 -11.66 -6.88 6.82 -9.76 -8.41 7.42
3 16 6.47 -8.74 6.8 3.93 -6.36 12.09 2.87 -9.54 7.16
3 16 .76 -8.35 10.48 2.87 -9.54 7.16 3.93 -6.36 12.09
3 16 6.28 -10.43 2.01 6.47 -8.74 6.8 3.35 -10.43 4.34
3 16 3.35 -10.43 4.34 6.47 -8.74 6.8 2.87 -9.54 7.16
3 16 1.37 -11.52 1.6 4.96 -11.36 -.45 3.35 -10.43 4.34
3 16 3.35 -10.43 4.34 4.96 -11.36 -.45 6.28 -10.43 2.01
3 16 1.37 -11.52 1.6 3.42 -11.97 -2.1 4.96 -11.36 -.45
3 16 1.37 -11.52 1.6 1.34 -12.42 -3.02 3.42 -11.97 -2.1
3 16 -3.09 -11.73 1.42 -4.9 -12.3 -2.64 -2.91 -12.51 -3.19
3 16 -3.09 -11.73 1.42 -6.81 -11.95 -1.24 -4.9 -12.3 -2.64
3 16 -5.88 -10.75 4.37 -8.36 -11.39 .78 -3.09 -11.73 1.42
3 16 -8.36 -11.39 .78 -6.81 -11.95 -1.24 -3.09 -11.73 1.42
3 16 -5.88 -10.75 4.37 -9.33 -10.65 2.68 -8.36 -11.39 .78
3 16 -9.76 -8.41 7.42 -9.33 -10.65 2.68 -6.44 -9.17 7.12
3 16 -6.44 -9.17 7.12 -9.33 -10.65 2.68 -5.88 -10.75 4.37
3 16 -3.09 -11.73 1.42 -2.91 -12.51 -3.19 -1.04 -11.79 .57
3 16 -2.91 -12.51 -3.19 -.88 -12.54 -3.37 -1.04 -11.79 .57
3 16 -9.76 -8.41 7.42 -6.44 -9.17 7.12 -6.69 -4.98 12.53
3 16 -3.54 -7.07 11.42 -6.69 -4.98 12.53 -6.44 -9.17 7.12
3 16 -4.4 -11.31 5.06 -5.88 -10.75 4.37 -3.09 -11.73 1.42
3 16 -6.44 -9.17 7.12 -5.88 -10.75 4.37 -5.11 -9.85 7.35
3 16 -4.4 -11.31 5.06 -5.11 -9.85 7.35 -5.88 -10.75 4.37
3 16 -3.54 -7.07 11.42 -6.44 -9.17 7.12 -5.11 -9.85 7.35
3 16 -2.46 -6.94 12.71 .76 -8.35 10.48 1.17 -4.3 14.56
3 16 .76 -8.35 10.48 3.93 -6.36 12.09 1.17 -4.3 14.56
3 16 2.91 -2.58 15.17 1.17 -4.3 14.56 5.95 -5.03 12.54
3 16 3.93 -6.36 12.09 5.95 -5.03 12.54 1.17 -4.3 14.56
3 16 7.64 -4.36 12.92 4.2 -1.51 15.9 5.95 -5.03 12.54
3 16 5.95 -5.03 12.54 4.2 -1.51 15.9 2.91 -2.58 15.17
3 16 10.45 -.4 12.06 6.82 2.84 15.28 7.64 -4.36 12.92
3 16 4.2 -1.51 15.9 7.64 -4.36 12.92 6.82 2.84 15.28
3 16 12.29 .93 11.73 8.11 4.48 15.63 10.45 -.4 12.06
3 16 10.45 -.4 12.06 8.11 4.48 15.63 6.82 2.84 15.28
3 16 11.12 10.81 14.87 9.4 7.72 15.38 15.98 5.29 8.9
3 16 15.98 5.29 8.9 16.77 7.41 8.43 11.12 10.81 14.87
3 16 9.4 7.72 15.38 14.69 3.63 10.5 15.98 5.29 8.9
3 16 16.77 7.41 8.43 16 11.56 7.2 11.12 10.81 14.87
3 16 11.12 10.81 14.87 16 11.56 7.2 11.08 13.67 12.61
3 16 15.82 18.04 5.13 11.81 18.8 10.89 16 11.56 7.2
3 16 16 11.56 7.2 11.81 18.8 10.89 11.08 13.67 12.61
3 16 2.87 -9.54 7.16 .76 -8.35 10.48 1.09 -10.26 7.33
3 16 1.09 -10.26 7.33 .76 -8.35 10.48 -.3 -8.92 10.05
3 16 3.35 -10.43 4.34 2.87 -9.54 7.16 1.36 -11.06 5.41
3 16 1.36 -11.06 5.41 2.87 -9.54 7.16 1.09 -10.26 7.33
3 16 1.37 -11.52 1.6 3.35 -10.43 4.34 .83 -11.8 4.28
3 16 .83 -11.8 4.28 3.35 -10.43 4.34 1.36 -11.06 5.41
3 16 -1.27 -12.54 3.18 1.37 -11.52 1.6 .83 -11.8 4.28
3 16 -2.51 -12.28 3.61 -3.09 -11.73 1.42 -1.27 -12.54 3.18
3 16 -1.27 -12.54 3.18 -3.09 -11.73 1.42 -1.04 -11.79 .57
3 16 -4.4 -11.31 5.06 -3.09 -11.73 1.42 -2.51 -12.28 3.61
3 16 -4.4 -11.31 5.06 -3.53 -11.51 5.25 -5.11 -9.85 7.35
3 16 -3.82 -10.07 7.36 -5.11 -9.85 7.35 -3.53 -11.51 5.25
3 16 -3.54 -7.07 11.42 -5.11 -9.85 7.35 -3.82 -10.07 7.36
3 16 -1.74 -12.01 4.92 -1.3 -10.38 7.28 -2.99 -11.58 5.23
3 16 -1.3 -10.38 7.28 -2.87 -10.07 7.28 -2.99 -11.58 5.23
3 16 -.3 -8.92 10.05 .21 -10.6 7.32 1.09 -10.26 7.33
3 16 1.36 -11.06 5.41 1.09 -10.26 7.33 .29 -11.26 6.14
3 16 .29 -11.26 6.14 1.09 -10.26 7.33 .21 -10.6 7.32
3 16 .29 -11.26 6.14 -.48 -12.1 4.82 1.36 -11.06 5.41
3 16 .83 -11.8 4.28 1.36 -11.06 5.41 -.48 -12.1 4.82
3 16 17.51 17.67 2.47 15.82 18.04 5.13 17.7 11.09 5.86
3 16 16 11.56 7.2 17.7 11.09 5.86 15.82 18.04 5.13
3 16 16.92 16.51 -4.65 17.51 17.67 2.47 17.6 10.69 .9
3 16 17.51 17.67 2.47 17.7 11.09 5.86 17.6 10.69 .9
3 16 17.6 10.69 .9 17.01 9.98 -5.57 16.92 16.51 -4.65
3 16 17.01 9.98 -5.57 16.75 15.06 -8.1 16.92 16.51 -4.65
3 16 17.01 9.98 -5.57 14.5 9.43 -10.3 16.75 15.06 -8.1
3 16 16.75 15.06 -8.1 14.5 9.43 -10.3 13.87 14.75 -11.54
3 16 5.74 4.22 -16.42 11.94 5.5 -14.1 5.96 3.48 -17.61
3 16 5.96 3.48 -17.61 11.94 5.5 -14.1 16.25 5.41 -11.77
3 16 11.94 5.5 -14.1 15.11 6.47 -10.81 16.25 5.41 -11.77
3 16 17.98 7.36 .57 18.87 6.36 .18 17.49 7.46 -5.64
3 16 18.87 6.36 .18 16.25 5.41 -11.77 17.49 7.46 -5.64
3 16 17.49 7.46 -5.64 16.25 5.41 -11.77 15.11 6.47 -10.81
3 16 17.7 11.09 5.86 18.05 7.22 5.67 17.6 10.69 .9
3 16 18.05 7.22 5.67 17.98 7.36 .57 17.6 10.69 .9
3 16 17.98 7.36 .57 17.49 7.46 -5.64 17.6 10.69 .9
3 16 17.49 7.46 -5.64 17.01 9.98 -5.57 17.6 10.69 .9
3 16 11.94 5.5 -14.1 12.68 8.89 -13.33 15.11 6.47 -10.81
3 16 15.11 6.47 -10.81 12.68 8.89 -13.33 14.5 9.43 -10.3
3 16 17.98 7.36 .57 18.05 7.22 5.67 18.87 6.36 .18
3 16 18.05 7.22 5.67 18.66 6.2 4.93 18.87 6.36 .18
3 16 16 11.56 7.2 16.77 7.41 8.43 17.7 11.09 5.86
3 16 17.7 11.09 5.86 16.77 7.41 8.43 18.05 7.22 5.67
3 16 -17.96 11.34 -2.23 -16.15 11.46 -9.08 -16.41 9.92 -8.52
3 16 -13.91 8.28 -12.03 -16.41 9.92 -8.52 -14.57 11.06 -10.48
3 16 -16.15 11.46 -9.08 -14.57 11.06 -10.48 -16.41 9.92 -8.52
3 16 -16.15 11.46 -9.08 -15.04 16.68 -12 -14.57 11.06 -10.48
3 16 -13.33 15.77 -12.84 -14.57 11.06 -10.48 -15.04 16.68 -12
3 16 -18.59 14.48 -1.33 -17.62 19.27 -8.06 -17.74 12.85 -4.42
3 16 -17.62 19.27 -8.06 -16.49 17.87 -9.81 -17.74 12.85 -4.42
3 16 -17.74 12.85 -4.42 -16.49 17.87 -9.81 -16.15 11.46 -9.08
3 16 -16.49 17.87 -9.81 -15.04 16.68 -12 -16.15 11.46 -9.08
3 16 -18.46 9.03 1.52 -17.96 11.34 -2.23 -17.37 8.27 -8.38
3 16 -17.96 11.34 -2.23 -16.41 9.92 -8.52 -17.37 8.27 -8.38
3 16 17.65 19.19 -2.99 17.51 17.67 2.47 16.92 16.51 -4.65
3 16 15.3 22.73 -13.53 16.54 24.02 -11.19 16.92 16.51 -4.65
3 16 16.92 16.51 -4.65 16.54 24.02 -11.19 17.65 19.19 -2.99
3 16 14.47 21.92 -14.18 15.3 22.73 -13.53 16.75 15.06 -8.1
3 16 15.3 22.73 -13.53 16.92 16.51 -4.65 16.75 15.06 -8.1
3 16 16.75 15.06 -8.1 13.87 14.75 -11.54 14.47 21.92 -14.18
3 16 12.13 21.19 -15 14.47 21.92 -14.18 13.87 14.75 -11.54
3 16 -15.04 16.68 -12 -12.29 23.41 -15.4 -13.33 15.77 -12.84
3 16 -10 21.53 -15.79 -13.33 15.77 -12.84 -12.29 23.41 -15.4
3 16 -13.49 24.74 -14.06 -16.49 17.87 -9.81 -14.79 25.98 -11.69
3 16 -16.49 17.87 -9.81 -17.62 19.27 -8.06 -14.79 25.98 -11.69
3 16 -16.49 17.87 -9.81 -13.49 24.74 -14.06 -15.04 16.68 -12
3 16 -15.04 16.68 -12 -13.49 24.74 -14.06 -12.29 23.41 -15.4
3 16 15.3 22.73 -13.53 12.86 29.69 -15.14 16.54 24.02 -11.19
3 16 12.86 29.69 -15.14 14.51 30.54 -11.89 16.54 24.02 -11.19
3 16 15.3 22.73 -13.53 14.47 21.92 -14.18 12.86 29.69 -15.14
3 16 12.28 27.97 -16.16 12.86 29.69 -15.14 14.47 21.92 -14.18
3 16 14.47 21.92 -14.18 12.13 21.19 -15 12.28 27.97 -16.16
3 16 9.83 26.41 -16.74 12.28 27.97 -16.16 12.13 21.19 -15
3 16 -5.66 27.32 -17.1 -10 21.53 -15.79 -8.42 29.82 -17.21
3 16 -10 21.53 -15.79 -12.29 23.41 -15.4 -8.42 29.82 -17.21
3 16 -11.43 32.85 -11.97 -9.42 30.95 -15.8 -14.79 25.98 -11.69
3 16 -13.49 24.74 -14.06 -14.79 25.98 -11.69 -9.42 30.95 -15.8
3 16 -12.29 23.41 -15.4 -13.49 24.74 -14.06 -8.42 29.82 -17.21
3 16 -13.49 24.74 -14.06 -9.42 30.95 -15.8 -8.42 29.82 -17.21
3 16 14.51 30.54 -11.89 12.86 29.69 -15.14 12.46 34.74 -11.87
3 16 12.86 29.69 -15.14 8.72 36.31 -15.99 12.46 34.74 -11.87
3 16 8.72 36.31 -15.99 9.47 39.41 -11.91 12.46 34.74 -11.87
3 16 8.72 36.31 -15.99 12.86 29.69 -15.14 8.45 34.63 -17.69
3 16 8.45 34.63 -17.69 12.86 29.69 -15.14 12.28 27.97 -16.16
3 16 12.28 27.97 -16.16 9.83 26.41 -16.74 8.45 34.63 -17.69
3 16 6.71 30.68 -17.4 8.45 34.63 -17.69 9.83 26.41 -16.74
3 16 -8.42 29.82 -17.21 -2.93 36.02 -18.41 -5.66 27.32 -17.1
3 16 -1.17 31.34 -17.93 -5.66 27.32 -17.1 -2.93 36.02 -18.41
3 16 -11.43 32.85 -11.97 -9.25 36.26 -12.1 -9.42 30.95 -15.8
3 16 -9.42 30.95 -15.8 -9.25 36.26 -12.1 -3.52 37.52 -16.56
3 16 -9.25 36.26 -12.1 -5.58 40.4 -12.18 -3.52 37.52 -16.56
3 16 -3.52 37.52 -16.56 -2.93 36.02 -18.41 -9.42 30.95 -15.8
3 16 -8.42 29.82 -17.21 -9.42 30.95 -15.8 -2.93 36.02 -18.41
3 16 2.63 41.74 -12.34 6.33 41.32 -12.17 2.96 39.05 -16.4
3 16 2.96 39.05 -16.4 6.33 41.32 -12.17 8.72 36.31 -15.99
3 16 9.47 39.41 -11.91 8.72 36.31 -15.99 6.33 41.32 -12.17
3 16 2.96 39.05 -16.4 8.72 36.31 -15.99 2.85 37.26 -18.48
3 16 8.72 36.31 -15.99 8.45 34.63 -17.69 2.85 37.26 -18.48
3 16 2.85 37.26 -18.48 8.45 34.63 -17.69 2.57 32.34 -17.78
3 16 8.45 34.63 -17.69 6.71 30.68 -17.4 2.57 32.34 -17.78
3 16 -2.93 36.02 -18.41 2.85 37.26 -18.48 -1.17 31.34 -17.93
3 16 2.85 37.26 -18.48 2.57 32.34 -17.78 -1.17 31.34 -17.93
3 16 2.96 39.05 -16.4 2.85 37.26 -18.48 -3.52 37.52 -16.56
3 16 2.85 37.26 -18.48 -2.93 36.02 -18.41 -3.52 37.52 -16.56
3 16 -5.58 40.4 -12.18 -1.08 41.79 -12.64 -3.52 37.52 -16.56
3 16 -3.52 37.52 -16.56 -1.08 41.79 -12.64 2.96 39.05 -16.4
3 16 2.63 41.74 -12.34 2.96 39.05 -16.4 -1.08 41.79 -12.64
3 16 7.12 23.48 -18.09 10.41 19.96 -16.26 6.31 22.41 -15.17
3 16 8.86 19.23 -13.85 6.31 22.41 -15.17 10.41 19.96 -16.26
3 16 -4.74 23.06 -19.33 -4.44 22.06 -16.23 -8.74 19.17 -17.68
3 16 -4.44 22.06 -16.23 -7.79 18.91 -14.71 -8.74 19.17 -17.68
3 16 4.32 24.82 -19.03 7.12 23.48 -18.09 3.72 23.48 -16.31
3 16 6.31 22.41 -15.17 3.72 23.48 -16.31 7.12 23.48 -18.09
3 16 -.19 24.87 -19.79 -.39 23.45 -16.92 -4.74 23.06 -19.33
3 16 -.39 23.45 -16.92 -4.44 22.06 -16.23 -4.74 23.06 -19.33
3 16 2.16 25.18 -19.49 4.32 24.82 -19.03 1.62 23.58 -16.81
3 16 4.32 24.82 -19.03 3.72 23.48 -16.31 1.62 23.58 -16.81
3 16 2.16 25.18 -19.49 1.62 23.58 -16.81 -.19 24.87 -19.79
3 16 -.19 24.87 -19.79 1.62 23.58 -16.81 -.39 23.45 -16.92
3 16 12.68 8.89 -13.33 10.91 8.9 -11.53 12.37 14 -14.29
3 16 10.91 8.9 -11.53 10.57 13.88 -12.22 12.37 14 -14.29
3 16 -10 13.86 -12.63 -10.43 9.23 -11.95 -11.24 13.95 -15.21
3 16 -10.43 9.23 -11.95 -12.11 9.42 -13.81 -11.24 13.95 -15.21
3 16 -11.24 13.95 -15.21 -8.74 19.17 -17.68 -10 13.86 -12.63
3 16 -7.79 18.91 -14.71 -10 13.86 -12.63 -8.74 19.17 -17.68
3 16 12.37 14 -14.29 10.57 13.88 -12.22 10.41 19.96 -16.26
3 16 10.57 13.88 -12.22 8.86 19.23 -13.85 10.41 19.96 -16.26
3 16 12.68 8.89 -13.33 11.94 5.5 -14.1 10.91 8.9 -11.53
3 16 11.94 5.5 -14.1 10.08 5.86 -12.21 10.91 8.9 -11.53
3 16 -12.11 9.42 -13.81 -10.43 9.23 -11.95 -11.85 6.89 -14.02
3 16 -11.85 6.89 -14.02 -10.43 9.23 -11.95 -9.91 7.04 -12.41
3 16 5.74 4.22 -16.42 .51 4.01 -16.85 5.22 4.44 -14.28
3 16 .51 4.01 -16.85 .17 4.37 -14.96 5.22 4.44 -14.28
3 16 11.94 5.5 -14.1 5.74 4.22 -16.42 10.08 5.86 -12.21
3 16 5.74 4.22 -16.42 5.22 4.44 -14.28 10.08 5.86 -12.21
3 16 -9.37 5.07 -15.34 -8.25 5.31 -13.31 -6.37 3.79 -16.98
3 16 -5.77 4.5 -14.61 -6.37 3.79 -16.98 -8.25 5.31 -13.31
3 16 5.96 3.48 -17.61 .69 3.27 -18.08 5.74 4.22 -16.42
3 16 .69 3.27 -18.08 .51 4.01 -16.85 5.74 4.22 -16.42
3 16 -10.86 4.1 -17.15 -6.17 2.88 -18.06 -3.72 .29 -19.81
3 16 -3.72 .29 -19.81 -6.17 2.88 -18.06 -2.3 .99 -18.33
3 16 -18.46 9.03 1.52 -17.37 8.27 -8.38 -19.11 6.68 -.31
3 16 -18.7 13.21 .1 -17.03 14.21 .48 -18.59 14.48 -1.33
3 16 -6.17 2.88 -18.06 .69 3.27 -18.08 -2.3 .99 -18.33
3 16 -2.3 .99 -18.33 .69 3.27 -18.08 .93 1.55 -18.27
3 16 -6.37 3.79 -16.98 .51 4.01 -16.85 -6.17 2.88 -18.06
3 16 -6.17 2.88 -18.06 .51 4.01 -16.85 .69 3.27 -18.08
3 16 -6.37 3.79 -16.98 -5.77 4.5 -14.61 .51 4.01 -16.85
3 16 -5.77 4.5 -14.61 .17 4.37 -14.96 .51 4.01 -16.85
3 16 13.87 14.75 -11.54 12.37 14 -14.29 12.13 21.19 -15
3 16 12.37 14 -14.29 10.41 19.96 -16.26 12.13 21.19 -15
3 16 7.12 23.48 -18.09 9.83 26.41 -16.74 10.41 19.96 -16.26
3 16 10.41 19.96 -16.26 9.83 26.41 -16.74 12.13 21.19 -15
3 16 6.71 30.68 -17.4 9.83 26.41 -16.74 4.32 24.82 -19.03
3 16 7.12 23.48 -18.09 4.32 24.82 -19.03 9.83 26.41 -16.74
3 16 2.57 32.34 -17.78 6.71 30.68 -17.4 2.16 25.18 -19.49
3 16 6.71 30.68 -17.4 4.32 24.82 -19.03 2.16 25.18 -19.49
3 16 -1.17 31.34 -17.93 2.57 32.34 -17.78 -.19 24.87 -19.79
3 16 2.57 32.34 -17.78 2.16 25.18 -19.49 -.19 24.87 -19.79
3 16 -.19 24.87 -19.79 -4.74 23.06 -19.33 -1.17 31.34 -17.93
3 16 -1.17 31.34 -17.93 -4.74 23.06 -19.33 -5.66 27.32 -17.1
3 16 -10 21.53 -15.79 -5.66 27.32 -17.1 -8.74 19.17 -17.68
3 16 -5.66 27.32 -17.1 -4.74 23.06 -19.33 -8.74 19.17 -17.68
3 16 -13.33 15.77 -12.84 -10 21.53 -15.79 -11.24 13.95 -15.21
3 16 -10 21.53 -15.79 -8.74 19.17 -17.68 -11.24 13.95 -15.21
3 16 -14.57 11.06 -10.48 -13.33 15.77 -12.84 -12.11 9.42 -13.81
3 16 -13.33 15.77 -12.84 -11.24 13.95 -15.21 -12.11 9.42 -13.81
3 16 -14.57 11.06 -10.48 -12.11 9.42 -13.81 -13.91 8.28 -12.03
3 16 -12.11 9.42 -13.81 -11.85 6.89 -14.02 -13.91 8.28 -12.03
3 16 15.11 6.47 -10.81 14.5 9.43 -10.3 17.49 7.46 -5.64
3 16 17.01 9.98 -5.57 17.49 7.46 -5.64 14.5 9.43 -10.3
3 16 -18.39 9.23 6.78 -16.62 10.25 9.9 -16.75 12.09 9.7
3 16 -16.62 10.25 9.9 -18.39 9.23 6.78 -16.63 9.17 9.4
3 16 -13.91 8.28 -12.03 -15.47 6.93 -12.51 -16.41 9.92 -8.52
3 16 -15.47 6.93 -12.51 -17.37 8.27 -8.38 -16.41 9.92 -8.52
3 16 14.5 9.43 -10.3 12.68 8.89 -13.33 13.87 14.75 -11.54
3 16 12.68 8.89 -13.33 12.37 14 -14.29 13.87 14.75 -11.54
3 16 -9.37 5.07 -15.34 -10.86 4.1 -17.15 -11.85 6.89 -14.02
3 16 -15.47 6.93 -12.51 -13.91 8.28 -12.03 -10.86 4.1 -17.15
3 16 -11.85 6.89 -14.02 -10.86 4.1 -17.15 -13.91 8.28 -12.03
3 16 -11.85 6.89 -14.02 -9.91 7.04 -12.41 -9.37 5.07 -15.34
3 16 -9.91 7.04 -12.41 -8.25 5.31 -13.31 -9.37 5.07 -15.34
3 16 -2.3 .99 -18.33 1.02 -.5 -18.34 -3.72 .29 -19.81
3 16 -3.72 .29 -19.81 1.02 -.5 -18.34 1.42 -2.61 -19.89
3 16 1.42 -2.61 -19.89 1.02 -.5 -18.34 3.06 -1.99 -18.82
3 16 -3.72 .29 -19.81 1.42 -2.61 -19.89 -5.62 -1.55 -19.56
3 16 -1.02 -4.37 -19.49 -5.62 -1.55 -19.56 1.42 -2.61 -19.89
3 16 -2.36 -5.8 -20.08 -6.9 -2.93 -19.94 -1.02 -4.37 -19.49
3 16 -6.9 -2.93 -19.94 -5.62 -1.55 -19.56 -1.02 -4.37 -19.49
3 16 -6.9 -2.93 -19.94 -2.36 -5.8 -20.08 -8.12 -4.33 -18.51
3 16 -3.67 -6.86 -18.7 -8.12 -4.33 -18.51 -2.36 -5.8 -20.08
3 16 -8.92 -5.21 -16.83 -4.74 -7.47 -17.01 -10.7 -7.16 -15.99
3 16 -6.33 -9.04 -16.27 -10.7 -7.16 -15.99 -4.74 -7.47 -17.01
3 16 -2.3 .99 -18.33 .93 1.55 -18.27 1.02 -.5 -18.34
3 16 3.61 -9.92 -13.6 1.14 -9.85 -13.57 1.3 -9.19 -16.42
3 16 -.58 -9.23 -15.36 1.3 -9.19 -16.42 1.14 -9.85 -13.57
3 16 1.3 -9.19 -16.42 -.58 -9.23 -15.36 -3.67 -6.86 -18.7
3 16 -.58 -9.23 -15.36 -4.74 -7.47 -17.01 -3.67 -6.86 -18.7
3 16 -3.67 -6.86 -18.7 -4.74 -7.47 -17.01 -8.12 -4.33 -18.51
3 16 -8.92 -5.21 -16.83 -8.12 -4.33 -18.51 -4.74 -7.47 -17.01
3 16 -8.12 -4.33 -18.51 -8.92 -5.21 -16.83 -13.63 -.57 -15.61
3 16 -13.99 -1.72 -14.31 -13.63 -.57 -15.61 -8.92 -5.21 -16.83
3 16 -13.63 -.57 -15.61 -13.99 -1.72 -14.31 -17.18 2.3 -10.93
3 16 -17.35 1.19 -9.93 -17.18 2.3 -10.93 -13.99 -1.72 -14.31
3 16 -17.18 2.3 -10.93 -17.35 1.19 -9.93 -18.65 3.84 -6.99
3 16 -18.82 2.9 -6.15 -18.65 3.84 -6.99 -17.35 1.19 -9.93
3 16 -19.11 6.68 -.31 -18.65 3.84 -6.99 -18.82 2.9 -6.15
3 16 10.08 5.86 -12.21 5.22 4.44 -14.28 8.83 5.44 -9.46
3 16 5.22 4.44 -14.28 4.9751 4 -12.0107 8.83 5.44 -9.46
3 16 8.83 5.44 -9.46 9.81 8.76 -8.77 10.08 5.86 -12.21
3 16 10.08 5.86 -12.21 9.81 8.76 -8.77 10.91 8.9 -11.53
3 16 9.81 8.76 -8.77 9.4 13.96 -9.23 10.91 8.9 -11.53
3 16 9.4 13.96 -9.23 10.57 13.88 -12.22 10.91 8.9 -11.53
3 16 8.86 19.23 -13.85 10.57 13.88 -12.22 7.95 19 -10.8
3 16 9.4 13.96 -9.23 7.95 19 -10.8 10.57 13.88 -12.22
3 16 6.31 22.41 -15.17 8.86 19.23 -13.85 6.21 22.17 -11.9
3 16 7.95 19 -10.8 6.21 22.17 -11.9 8.86 19.23 -13.85
3 16 6.21 22.17 -11.9 3.46 23.48 -12.99 6.31 22.41 -15.17
3 16 3.46 23.48 -12.99 3.72 23.48 -16.31 6.31 22.41 -15.17
3 16 1.62 23.58 -16.81 3.72 23.48 -16.31 1.35 23.58 -13.34
3 16 3.72 23.48 -16.31 3.46 23.48 -12.99 1.35 23.58 -13.34
3 16 -.7 23.4 -13.4 -.39 23.45 -16.92 1.35 23.58 -13.34
3 16 1.62 23.58 -16.81 1.35 23.58 -13.34 -.39 23.45 -16.92
3 16 -.39 23.45 -16.92 -.7 23.4 -13.4 -4.44 22.06 -16.23
3 16 -.7 23.4 -13.4 -4.46 21.98 -12.64 -4.44 22.06 -16.23
3 16 -4.44 22.06 -16.23 -4.46 21.98 -12.64 -7.79 18.91 -14.71
3 16 -4.46 21.98 -12.64 -7.31 19.39 -11.27 -7.79 18.91 -14.71
3 16 -7.79 18.91 -14.71 -7.31 19.39 -11.27 -10 13.86 -12.63
3 16 -7.31 19.39 -11.27 -9.44 14.18 -9.46 -10 13.86 -12.63
3 16 -9.47 9.03 -9.16 -10.43 9.23 -11.95 -9.44 14.18 -9.46
3 16 -9.44 14.18 -9.46 -10.43 9.23 -11.95 -10 13.86 -12.63
3 16 -8.55 6.65 -10.13 -9.91 7.04 -12.41 -9.47 9.03 -9.16
3 16 -9.91 7.04 -12.41 -10.43 9.23 -11.95 -9.47 9.03 -9.16
3 16 -9.91 7.04 -12.41 -8.55 6.65 -10.13 -8.25 5.31 -13.31
3 16 -8.25 5.31 -13.31 -8.55 6.65 -10.13 -7.14 5.55 -11.03
3 16 -8.25 5.31 -13.31 -7.14 5.55 -11.03 -5.77 4.5 -14.61
3 16 -4.9751 4.4 -12.0107 -5.77 4.5 -14.61 -7.14 5.55 -11.03
3 16 -5.77 4.5 -14.61 -4.9751 4.4 -12.0107 .17 4.37 -14.96
3 16 -4.9751 4.4 -12.0107 0 4 -13 .17 4.37 -14.96
3 16 5.22 4.44 -14.28 .17 4.37 -14.96 4.9751 4 -12.0107
3 16 .17 4.37 -14.96 0 4 -13 4.9751 4 -12.0107
3 16 6.22 1.93 -17.48 .93 1.55 -18.27 5.96 3.48 -17.61
3 16 .93 1.55 -18.27 .69 3.27 -18.08 5.96 3.48 -17.61
3 16 5.96 3.48 -17.61 16.25 5.41 -11.77 6.22 1.93 -17.48
3 16 16.25 5.41 -11.77 16.31 4.15 -11.69 6.22 1.93 -17.48
3 16 18.87 6.36 .18 18.9 5.54 -.1 16.25 5.41 -11.77
3 16 16.25 5.41 -11.77 18.9 5.54 -.1 16.31 4.15 -11.69
3 16 -17.24 6.64 6.93 -12.49 4.33 13.04 -11.84 5.5 13.71
3 16 -6.13 -9.8 -14.18 -10.17 -8.75 -12.95 -10.53 -8.21 -14.07
3 16 -15.05 -5.67 -11.47 -10.53 -8.21 -14.07 -14.43 -7.17 -10.17
3 16 -10.17 -8.75 -12.95 -14.43 -7.17 -10.17 -10.53 -8.21 -14.07
3 16 -17.8 -3.18 -7.48 -15.05 -5.67 -11.47 -17.28 -5.77 -6.14
3 16 -14.43 -7.17 -10.17 -17.28 -5.77 -6.14 -15.05 -5.67 -11.47
3 16 -18.81 -1.5 -4.06 -17.8 -3.18 -7.48 -18.5 -4.5 -2.55
3 16 -18.5 -4.5 -2.55 -17.8 -3.18 -7.48 -17.28 -5.77 -6.14
3 16 -17.55 -1.59 4.58 -18.61 2.01 2.65 -18.5 -4.5 -2.55
3 16 -18.5 -4.5 -2.55 -18.61 2.01 2.65 -18.81 -1.5 -4.06
3 16 -13.91 2.32 10.26 -17.24 6.64 6.93 -17.55 -1.59 4.58
3 16 -17.55 -1.59 4.58 -17.24 6.64 6.93 -18.61 2.01 2.65
3 16 -17.74 12.85 -4.42 -17.96 11.34 -2.23 -18.59 14.48 -1.33
3 16 -18.59 14.48 -1.33 -17.96 11.34 -2.23 -18.7 13.21 .1
3 16 -17.74 12.85 -4.42 -16.15 11.46 -9.08 -17.96 11.34 -2.23
3 16 -2.51 -12.28 3.61 -2.3 -12.22 4.41 -4.4 -11.31 5.06
3 16 -3.53 -11.51 5.25 -4.4 -11.31 5.06 -2.3 -12.22 4.41
3 16 -1.3 -10.38 7.28 -1.74 -12.01 4.92 .21 -10.6 7.32
3 16 .21 -10.6 7.32 -1.74 -12.01 4.92 .29 -11.26 6.14
3 16 .21 -10.6 7.32 -.3 -8.92 10.05 -1.3 -10.38 7.28
3 16 -.3 -8.92 10.05 -1.63 -8.63 9.85 -1.3 -10.38 7.28
3 16 -.3 -8.92 10.05 -2.46 -6.94 12.71 -1.63 -8.63 9.85
3 16 -3.54 -7.07 11.42 -1.63 -8.63 9.85 -2.46 -6.94 12.71
3 16 .29 -11.26 6.14 -1.74 -12.01 4.92 -.48 -12.1 4.82
3 16 -3.82 -10.07 7.36 -3.53 -11.51 5.25 -2.87 -10.07 7.28
3 16 -2.99 -11.58 5.23 -2.87 -10.07 7.28 -3.53 -11.51 5.25
3 16 -3.82 -10.07 7.36 -2.87 -10.07 7.28 -3.54 -7.07 11.42
3 16 -3.54 -7.07 11.42 -2.87 -10.07 7.28 -1.63 -8.63 9.85
3 16 -1.27 -12.54 3.18 -1.59 -12.45 4.02 -2.51 -12.28 3.61
3 16 -1.59 -12.45 4.02 -2.3 -12.22 4.41 -2.51 -12.28 3.61
3 16 -2.99 -11.58 5.23 -3.53 -11.51 5.25 -2.3 -12.22 4.41
3 16 -1.27 -12.54 3.18 .83 -11.8 4.28 -1.59 -12.45 4.02
3 16 -1.59 -12.45 4.02 .83 -11.8 4.28 -.48 -12.1 4.82
3 16 -1.74 -12.01 4.92 -1.59 -12.45 4.02 -.48 -12.1 4.82
3 16 -2.46 -6.94 12.71 -.3 -8.92 10.05 .76 -8.35 10.48
3 16 10.55 -8.96 -7.94 15.95 -6.72 -3.84 10.13 -9.3 -7.46
3 16 10.13 -9.3 -7.46 15.95 -6.72 -3.84 14.22 -7.52 -2.54
3 16 10.13 -9.3 -7.46 14.22 -7.52 -2.54 10.35 -9.36 -6.66
3 16 10.35 -9.36 -6.66 14.22 -7.52 -2.54 12.47 -7.81 -2.08
3 16 -1.46 -9.86 -14.54 1.14 -9.85 -13.57 -1.41 -10.26 -12.4
3 16 -1.41 -10.26 -12.4 1.14 -9.85 -13.57 2.82 -10.42 -11.63
3 16 2.82 -10.42 -11.63 1.14 -9.85 -13.57 3.61 -9.92 -13.6
3 16 -1.41 -10.26 -12.4 2.82 -10.42 -11.63 -.98 -11.93 -9.32
3 16 2.23 -12 -8.88 -.98 -11.93 -9.32 2.82 -10.42 -11.63
3 16 -.98 -11.93 -9.32 2.23 -12 -8.88 -.93 -11.69 -6.25
3 16 1.91 -11.63 -5.95 -.93 -11.69 -6.25 2.23 -12 -8.88
3 16 -.93 -11.69 -6.25 1.91 -11.63 -5.95 -.88 -12.54 -3.37
3 16 1.34 -12.42 -3.02 -.88 -12.54 -3.37 1.91 -11.63 -5.95
3 16 1.37 -11.52 1.6 -1.04 -11.79 .57 1.34 -12.42 -3.02
3 16 -1.04 -11.79 .57 -.88 -12.54 -3.37 1.34 -12.42 -3.02
3 16 -1.27 -12.54 3.18 -1.04 -11.79 .57 1.37 -11.52 1.6
3 16 -1.74 -12.01 4.92 -2.99 -11.58 5.23 -2.3 -12.22 4.41
3 16 -1.63 -8.63 9.85 -2.87 -10.07 7.28 -1.3 -10.38 7.28
3 16 -1.74 -12.01 4.92 -2.3 -12.22 4.41 -1.59 -12.45 4.02
3 16 -.58 -9.23 -15.36 1.14 -9.85 -13.57 -1.46 -9.86 -14.54
2 24 18.87 3.56 3.12 18.9 4.58 -.44
2 24 16.32 2.65 -11.48 6.56 .14 -17.17
2 24 6.56 .14 -17.17 1.02 -.5 -18.34
2 24 18.9 4.58 -.44 16.32 2.65 -11.48
2 24 3.06 -1.99 -18.82 1.02 -.5 -18.34
2 24 6.16 -3.96 -17.18 3.06 -1.99 -18.82
2 24 8.51 -2.95 -15.98 6.16 -3.96 -17.18
2 24 19.1 2.5 -.93 16.26 -.36 -10.65
2 24 16.26 -.36 -10.65 8.51 -2.95 -15.98
2 24 18.87 3.56 3.12 19.1 2.5 -.93
2 24 8.11 -5.09 -16.43 6.16 -3.96 -17.18
2 24 11.13 -6.41 -11.82 8.11 -5.09 -16.43
2 24 11.96 -5.79 -11.21 11.13 -6.41 -11.82
2 24 19.18 1.56 -1.27 16.49 -3.18 -7.55
2 24 16.49 -3.18 -7.55 11.96 -5.79 -11.21
2 24 11.79 -7.01 -10.61 11.13 -6.41 -11.82
2 24 18.04 -.74 1.1 16.23 -5.18 -5.05
2 24 15.98 5.29 8.9 18.04 -.74 1.1
2 24 16.23 -5.18 -5.05 10.55 -8.96 -7.94
2 24 4.35 -7.48 -17.1 -1.02 -4.37 -19.49
2 24 8.31 -8.58 -13.14 4.35 -7.48 -17.1
2 24 11.79 -7.01 -10.61 16.23 -5.18 -5.05
2 24 5.97 15.9 15.5 .46 18.12 16.58
2 24 11.08 13.67 12.61 5.97 15.9 15.5
2 24 -4.92 17.97 16.42 -9.89 17.82 14.07
2 24 .46 18.12 16.58 -4.92 17.97 16.42
2 24 -9.89 17.82 14.07 -15.44 14.25 8.36
2 24 18.05 7.22 5.67 15.98 5.29 8.9
2 24 10.45 -.4 12.06 12.86 -4.89 4.81
2 24 12.86 -4.89 4.81 12.47 -7.81 -2.08
2 24 -6.99 8.38 17.74 -2.39 7.56 18.15
2 24 -11.19 9.2 15.12 -6.99 8.38 17.74
2 24 2.42 5.2 17.62 6.82 2.84 15.28
2 24 -2.39 7.56 18.15 2.42 5.2 17.62
2 24 -16.63 9.17 9.4 -11.19 9.2 15.12
2 24 -5.62 -1.55 -19.56 -11.87 2.21 -16.62
2 24 -11.87 2.21 -16.62 -16.01 4.93 -11.94
2 24 -16.01 4.93 -11.94 -17.68 6.25 -7.96
2 24 -15.44 14.25 8.36 -17.68 11.11 4.6
2 24 -17.68 6.25 -7.96 -19.11 6.68 -.31
2 24 10.35 -9.36 -6.66 12.47 -7.81 -2.08
2 24 -4.74 -7.47 -17.01 -.58 -9.23 -15.36
2 24 -13.99 -1.72 -14.31 -8.92 -5.21 -16.83
2 24 -17.35 1.19 -9.93 -13.99 -1.72 -14.31
2 24 -18.82 2.9 -6.15 -17.35 1.19 -9.93
2 24 10.35 -9.36 -6.66 6.99 -10.15 -9.58
2 24 6.99 -10.15 -9.58 2.82 -10.42 -11.63
2 24 -19.11 6.68 -.31 -18.82 2.9 -6.15
2 24 -1.41 -10.26 -12.4 -5.24 -9.65 -12.21
2 24 -5.24 -9.65 -12.21 -8.76 -8.76 -10.93
2 24 -8.76 -8.76 -10.93 -12.39 -7.62 -7.99
2 24 -12.39 -7.62 -7.99 -14.78 -6.75 -4.26
2 24 -14.78 -6.75 -4.26 -15.74 -6.01 -1.18
2 24 -15.74 -6.01 -1.18 -15.3 -3.52 5.32
2 24 -11.84 5.5 13.71 -4.61 2.28 16.54
2 24 -4.61 2.28 16.54 2.91 -2.58 15.17
2 24 -17.24 6.64 6.93 -11.84 5.5 13.71
2 24 5.95 -5.03 12.54 8.34 -7.91 6.31
2 24 8.34 -7.91 6.31 7.89 -9.78 .43
2 24 7.89 -9.78 .43 6.78 -10.69 -2.85
2 24 6.78 -10.69 -2.85 4.76 -11.28 -4.83
2 24 4.76 -11.28 -4.83 1.91 -11.63 -5.95
2 24 -3.33 -11.59 -6.19 -6.06 -11.31 -5.15
2 24 -6.06 -11.31 -5.15 -8.73 -10.7 -3.1
2 24 -8.73 -10.7 -3.1 -10.62 -9.94 -.8
2 24 -10.62 -9.94 -.8 -11.53 -9.19 1.32
2 24 -11.53 -9.19 1.32 -11.66 -6.88 6.82
2 24 -.93 -11.69 -6.25 -3.33 -11.59 -6.19
2 24 .76 -8.35 10.48 2.87 -9.54 7.16
2 24 2.87 -9.54 7.16 3.35 -10.43 4.34
2 24 3.35 -10.43 4.34 1.37 -11.52 1.6
2 24 -3.09 -11.73 1.42 -5.88 -10.75 4.37
2 24 -5.88 -10.75 4.37 -6.44 -9.17 7.12
2 24 -1.04 -11.79 .57 -3.09 -11.73 1.42
2 24 -6.44 -9.17 7.12 -3.54 -7.07 11.42
2 24 5.95 -5.03 12.54 2.91 -2.58 15.17
2 24 10.45 -.4 12.06 6.82 2.84 15.28
2 24 9.4 7.72 15.38 15.98 5.29 8.9
2 24 16 11.56 7.2 11.08 13.67 12.61
2 24 -2.87 -10.07 7.28 -2.99 -11.58 5.23
2 24 11.94 5.5 -14.1 15.11 6.47 -10.81
2 24 17.49 7.46 -5.64 17.98 7.36 .57
2 24 15.11 6.47 -10.81 17.49 7.46 -5.64
2 24 18.05 7.22 5.67 17.98 7.36 .57
2 24 11.94 5.5 -14.1 12.68 8.89 -13.33
2 24 -13.91 8.28 -12.03 -16.41 9.92 -8.52
2 24 -16.41 9.92 -8.52 -14.57 11.06 -10.48
2 24 -13.33 15.77 -12.84 -14.57 11.06 -10.48
2 24 13.87 14.75 -11.54 12.13 21.19 -15
2 24 -10 21.53 -15.79 -13.33 15.77 -12.84
2 24 12.13 21.19 -15 9.83 26.41 -16.74
2 24 -5.66 27.32 -17.1 -10 21.53 -15.79
2 24 9.83 26.41 -16.74 6.71 30.68 -17.4
2 24 -1.17 31.34 -17.93 -5.66 27.32 -17.1
2 24 6.71 30.68 -17.4 2.57 32.34 -17.78
2 24 2.57 32.34 -17.78 -1.17 31.34 -17.93
2 24 7.12 23.48 -18.09 10.41 19.96 -16.26
2 24 -8.74 19.17 -17.68 -4.74 23.06 -19.33
2 24 4.32 24.82 -19.03 7.12 23.48 -18.09
2 24 -4.74 23.06 -19.33 -.19 24.87 -19.79
2 24 2.16 25.18 -19.49 4.32 24.82 -19.03
2 24 -.19 24.87 -19.79 2.16 25.18 -19.49
2 24 12.37 14 -14.29 12.68 8.89 -13.33
2 24 -12.11 9.42 -13.81 -11.24 13.95 -15.21
2 24 -11.24 13.95 -15.21 -8.74 19.17 -17.68
2 24 10.41 19.96 -16.26 12.37 14 -14.29
2 24 -11.85 6.89 -14.02 -12.11 9.42 -13.81
2 24 -6.17 2.88 -18.06 -2.3 .99 -18.33
2 24 -11.85 6.89 -14.02 -13.91 8.28 -12.03
2 24 -2.3 .99 -18.33 1.02 -.5 -18.34
2 24 -1.02 -4.37 -19.49 -5.62 -1.55 -19.56
2 24 -8.92 -5.21 -16.83 -4.74 -7.47 -17.01
2 24 -2.87 -10.07 7.28 -3.54 -7.07 11.42
2 24 2.82 -10.42 -11.63 -1.41 -10.26 -12.4
2 24 1.91 -11.63 -5.95 -.93 -11.69 -6.25
2 24 1.37 -11.52 1.6 -1.04 -11.79 .57
3 16 7.3912 -5 3.0616 5.6568 -5 5.6568 9.57 .45 9.64
3 16 9.57 .45 9.64 5.6568 -5 5.6568 3.0616 -5 7.3912
3 16 -3.0616 -5 7.3912 -5.6568 -5 5.6568 -9.14 .45 9.65
3 16 -9.14 .45 9.65 -5.6568 -5 5.6568 -7.3912 -5 3.0616
3 16 -7.3912 -5 -3.0616 -5.6568 -5 -5.6568 -9.31 .44 -8.67
3 16 -9.31 .44 -8.67 -5.6568 -5 -5.6568 -3.0616 -5 -7.3912
3 16 3.0616 -5 -7.3912 5.6568 -5 -5.6568 9.74 .52 -8.76
3 16 9.74 .52 -8.76 5.6568 -5 -5.6568 7.3912 -5 -3.0616
5 24 -11.01 18.23 -7.6 -11.98 .44 -4.62 -9.31 .44 -8.67 -13.53 15.14 -2.13
5 24 -15.5 14.92 .01 -13.53 15.14 -2.13 -16.3 15.02 -1.67 -13.64 15.17 -.48
5 24 10.13 -9.3 -7.46 10.35 -9.36 -6.66 6.99 -10.15 -9.58 14.22 -7.52 -2.54
5 24 7.25 -9.7 -13.04 1.3 -9.19 -16.42 3.18 -8.91 -17.31 3.61 -9.92 -13.6
5 24 -10.43 9.23 -11.95 -11.85 6.89 -14.02 -12.11 9.42 -13.81 -9.91 7.04 -12.41
5 24 -13.63 -.57 -15.61 -16.9 3.58 -11.91 -17.18 2.3 -10.93 -12.99 .9 -16.83
5 24 -15.74 -6.01 -1.18 -13.68 -6.04 6.46 -13.82 -8.39 .54 -15.3 -3.52 5.32
5 24 -15.05 -5.67 -11.47 -17.8 -3.18 -7.48 -15.58 -4.02 -13.42 -17.28 -5.77 -6.14
5 24 -18.82 2.9 -6.15 -18.65 3.84 -6.99 -19.11 6.68 -.31 -17.35 1.19 -9.93
5 24 -1.27 -12.54 3.18 -1.59 -12.45 4.02 -2.51 -12.28 3.61 .83 -11.8 4.28
5 24 5.31 .45 12.36 .2 .45 13.37 0 -5 8 .61 21.27 13.17
5 24 -8.98 21.3 11.27 -4.64 21.71 14.94 -9.48 21.34 12.1 -4.37 21.7 13.98
5 24 1.34 -12.42 -3.02 -.88 -12.54 -3.37 1.91 -11.63 -5.95 -1.04 -11.79 .57
5 24 9.4 13.96 -9.23 10.91 8.9 -11.53 9.81 8.76 -8.77 10.57 13.88 -12.22
5 24 -.3 -8.92 10.05 -1.3 -10.38 7.28 .21 -10.6 7.32 -1.63 -8.63 9.85
5 24 -12.39 -7.62 -7.99 -14.43 -7.17 -10.17 -10.17 -8.75 -12.95 -14.78 -6.75 -4.26
5 24 -5.77 4.5 -14.61 .17 4.37 -14.96 -4.9751 4.4 -12.0107 .51 4.01 -16.85
5 24 5.93 13.36 17.73 .34 15.9 18.78 4.56 10 18.02 .46 18.12 16.58
5 24 -8.76 -8.76 -10.93 -10.17 -8.75 -12.95 -6.13 -9.8 -14.18 -12.39 -7.62 -7.99
5 24 -17.03 14.21 .48 -16.3 15.02 -1.67 -18.59 14.48 -1.33 -15.5 14.92 .01
5 24 8 -5 0 12.37 .5 -4.6 7.3912 -5 -3.0616 13.36 .45 .28
5 24 -9.89 17.82 14.07 -10.82 16.27 15.98 -5.44 16.08 18.48 -16.75 12.09 9.7
5 24 12.86 -4.89 4.81 7.64 -4.36 12.92 10.47 -7.68 5.79 10.45 -.4 12.06
5 24 -17.68 11.11 4.6 -18.39 9.23 6.78 -16.75 12.09 9.7 -19.01 7.88 5.29
5 24 -2.39 7.56 18.15 .44 .99 17.67 2.42 5.2 17.62 -3.73 3.49 17.65
5 24 -5.88 -10.75 4.37 -9.33 -10.65 2.68 -8.36 -11.39 .78 -6.44 -9.17 7.12
5 24 -4.44 22.06 -16.23 -7.79 18.91 -14.71 -4.46 21.98 -12.64 -8.74 19.17 -17.68
5 24 16 11.56 7.2 11.12 10.81 14.87 16.77 7.41 8.43 11.08 13.67 12.61
5 24 -15.05 -5.67 -11.47 -17.28 -5.77 -6.14 -17.8 -3.18 -7.48 -14.43 -7.17 -10.17
5 24 16 11.56 7.2 17.7 11.09 5.86 16.77 7.41 8.43 15.82 18.04 5.13
5 24 -8.25 5.31 -13.31 -5.77 4.5 -14.61 -7.14 5.55 -11.03 -6.37 3.79 -16.98
5 24 3.61 -9.92 -13.6 1.14 -9.85 -13.57 1.3 -9.19 -16.42 2.82 -10.42 -11.63
5 24 -15.05 -5.67 -11.47 -15.58 -4.02 -13.42 -10.7 -7.16 -15.99 -17.8 -3.18 -7.48
5 24 19.05 .35 -.25 18.04 -.74 1.1 16.23 -5.18 -5.05 18.87 3.56 3.12
5 24 -.88 -12.54 -3.37 -1.04 -11.79 .57 -2.91 -12.51 -3.19 1.34 -12.42 -3.02
5 24 12.68 8.89 -13.33 15.11 6.47 -10.81 11.94 5.5 -14.1 14.5 9.43 -10.3
5 24 -3.52 37.52 -16.56 -2.93 36.02 -18.41 -9.42 30.95 -15.8 2.85 37.26 -18.48
5 24 9.81 8.76 -8.77 10.08 5.86 -12.21 8.83 5.44 -9.46 10.91 8.9 -11.53
5 24 -18.46 4.85 -7.89 -16.9 3.58 -11.91 -17.18 2.3 -10.93 -17.68 6.25 -7.96
5 24 -18.59 14.48 -1.33 -16.3 15.02 -1.67 -14.75 18.97 -7.74 -17.03 14.21 .48
5 24 12.69 18.48 -3.85 9.81 8.76 -8.77 12.37 .5 -4.6 9.4 13.96 -9.23
5 24 -7.14 5.55 -11.03 -5.77 4.5 -14.61 -8.25 5.31 -13.31 -4.9751 4.4 -12.0107
5 24 10.07 -9.83 -.79 6.78 -10.69 -2.85 8.34 -11.12 -5.06 7.89 -9.78 .43
5 24 .2 .45 13.37 0 -5 8 -4.87 .45 12.38 5.31 .45 12.36
5 24 9.46 -8.72 -11.17 8.31 -8.58 -13.14 11.19 -7.93 -11.36 7.25 -9.7 -13.04
5 24 10.47 -7.68 5.79 12.47 -7.81 -2.08 12.86 -4.89 4.81 10.07 -9.83 -.79
5 24 -7.24 -11.14 -7.55 -12.39 -7.62 -7.99 -8.76 -8.76 -10.93 -10.67 -10.17 -4.99
5 24 2.87 -9.54 7.16 1.36 -11.06 5.41 3.35 -10.43 4.34 1.09 -10.26 7.33
5 24 -9.91 7.04 -12.41 -9.47 9.03 -9.16 -10.43 9.23 -11.95 -8.55 6.65 -10.13
5 24 11.19 -7.93 -11.36 9.46 -8.72 -11.17 10.52 -8.75 -8.63 8.31 -8.58 -13.14
5 24 8.11 -5.09 -16.43 10.44 -7.7 -12.95 6.89 -6.12 -17.4 11.13 -6.41 -11.82
5 24 -11.84 5.5 13.71 -12.49 4.33 13.04 -6.06 .73 15.89 -17.24 6.64 6.93
5 24 -15.3 -3.52 5.32 -17.55 -1.59 4.58 -13.91 2.32 10.26 -18.5 -4.5 -2.55
5 24 -18.46 9.03 1.52 -20.06 4.83 .76 -18.44 9.9 3.57 -19.11 6.68 -.31
5 24 5.8 -11.72 -7.49 2.23 -12 -8.88 6.99 -10.15 -9.58 1.91 -11.63 -5.95
5 24 2.16 25.18 -19.49 2.57 32.34 -17.78 -.19 24.87 -19.79 6.71 30.68 -17.4
5 24 2.23 -12 -8.88 -.98 -11.93 -9.32 2.82 -10.42 -11.63 -.93 -11.69 -6.25
5 24 -6.33 -9.04 -16.27 -10.53 -8.21 -14.07 -10.7 -7.16 -15.99 -6.13 -9.8 -14.18
5 24 14.89 -4.06 4.36 12.47 -7.81 -2.08 14.22 -7.52 -2.54 12.86 -4.89 4.81
5 24 -16.85 7.94 8.41 -16.63 9.17 9.4 -18.39 9.23 6.78 -11.63 6.28 14.34
5 24 6.31 22.41 -15.17 3.72 23.48 -16.31 7.12 23.48 -18.09 3.46 23.48 -12.99
5 24 -4.9 .44 -11.78 0 4 -13 -4.9751 4.4 -12.0107 .24 .4 -12.79
5 24 -12.49 4.33 13.04 -13.35 3.1 12.06 -8.94 -1.56 14.33 -17.24 6.64 6.93
5 24 5.22 4.44 -14.28 5.74 4.22 -16.42 .51 4.01 -16.85 10.08 5.86 -12.21
5 24 -10.67 -10.17 -4.99 -12.91 -9.21 -1.92 -14.78 -6.75 -4.26 -10.62 -9.94 -.8
5 24 -13.91 2.32 10.26 -12.13 .28 11.46 -15.3 -3.52 5.32 -13.35 3.1 12.06
5 24 -15.47 6.93 -12.51 -10.86 4.1 -17.15 -11.87 2.21 -16.62 -13.91 8.28 -12.03
5 24 -18.61 2.01 2.65 -20.06 4.83 .76 -19.01 7.88 5.29 -18.81 -1.5 -4.06
5 24 -17.62 19.27 -8.06 -17.74 12.85 -4.42 -16.49 17.87 -9.81 -18.59 14.48 -1.33
5 24 -4.09 20.88 12.85 .63 22.09 14.49 -4.37 21.7 13.98 .61 21.27 13.17
5 24 16.26 -.36 -10.65 16.59 -1.44 -10.27 10.11 -4.22 -15.45 19.18 1.56 -1.27
5 24 -6.9 -2.93 -19.94 -12.99 .9 -16.83 -11.87 2.21 -16.62 -13.63 -.57 -15.61
5 24 .2 .45 13.37 .61 21.27 13.17 5.31 .45 12.36 -4.09 20.88 12.85
5 24 -4.87 .45 12.38 -8.38 20.48 10.32 -4.09 20.88 12.85 -9.14 .45 9.65
5 24 -15.5 14.92 .01 -16.3 15.02 -1.67 -13.53 15.14 -2.13 -17.03 14.21 .48
5 24 -13.53 15.14 -2.13 -16.3 15.02 -1.67 -15.5 14.92 .01 -11.01 18.23 -7.6
5 24 -9.31 .44 -8.67 -4.9 .44 -11.78 -3.0616 -5 -7.3912 -4.9751 4.4 -12.0107
5 24 18.66 6.2 4.93 18.87 3.56 3.12 18.9 5.54 -.1 15.98 5.29 8.9
5 24 -6.77 9.96 18.33 -1.73 9.4 18.86 -6.18 12.5 18.42 -2.39 7.56 18.15
5 24 4.2 -1.51 15.9 6.82 2.84 15.28 2.42 5.2 17.62 7.64 -4.36 12.92
5 24 12.68 8.89 -13.33 13.87 14.75 -11.54 12.37 14 -14.29 14.5 9.43 -10.3
5 24 15.98 5.29 8.9 14.69 3.63 10.5 9.4 7.72 15.38 17.52 -1.93 2.38
5 24 16.77 7.41 8.43 16 11.56 7.2 17.7 11.09 5.86 11.12 10.81 14.87
5 24 -16.15 11.46 -9.08 -14.57 11.06 -10.48 -16.41 9.92 -8.52 -15.04 16.68 -12
5 24 6.28 -10.43 2.01 3.35 -10.43 4.34 6.47 -8.74 6.8 4.96 -11.36 -.45
5 24 -1.46 -9.86 -14.54 -1.41 -10.26 -12.4 1.14 -9.85 -13.57 -6.13 -9.8 -14.18
5 24 -10.16 -2.16 12.81 -6.69 -4.98 12.53 -11.66 -6.88 6.82 -8.94 -1.56 14.33
5 24 5.53 20.14 12.04 6.06 20.66 13.17 11.09 19.23 10.05 .61 21.27 13.17
5 24 .17 4.37 -14.96 4.9751 4 -12.0107 0 4 -13 5.22 4.44 -14.28
5 24 -3.82 -11.69 -8.79 -7.24 -11.14 -7.55 -6.06 -11.31 -5.15 -5.24 -9.65 -12.21
5 24 -13.68 -6.04 6.46 -10.16 -2.16 12.81 -15.3 -3.52 5.32 -11.66 -6.88 6.82
5 24 1.36 -11.06 5.41 .83 -11.8 4.28 -.48 -12.1 4.82 3.35 -10.43 4.34
5 24 -9.42 30.95 -15.8 -3.52 37.52 -16.56 -9.25 36.26 -12.1 -2.93 36.02 -18.41
5 24 -6.17 2.88 -18.06 -3.72 .29 -19.81 -10.86 4.1 -17.15 -2.3 .99 -18.33
5 24 -9.33 -10.65 2.68 -11.53 -9.19 1.32 -10.62 -9.94 -.8 -11.66 -6.88 6.82
5 24 .69 3.27 -18.08 .51 4.01 -16.85 -6.17 2.88 -18.06 5.74 4.22 -16.42
5 24 18.04 -.74 1.1 17.52 -1.93 2.38 15.98 5.29 8.9 15.95 -6.72 -3.84
5 24 16.92 16.51 -4.65 17.51 17.67 2.47 17.65 19.19 -2.99 17.6 10.69 .9
5 24 -.58 -9.23 -15.36 1.3 -9.19 -16.42 1.14 -9.85 -13.57 -3.67 -6.86 -18.7
5 24 -4.4 -11.31 5.06 -3.53 -11.51 5.25 -5.11 -9.85 7.35 -2.3 -12.22 4.41
5 24 11.81 18.8 10.89 5.97 15.9 15.5 6.41 20.44 14.13 11.08 13.67 12.61
5 24 -14.75 18.97 -7.74 -17.62 19.27 -8.06 -18.59 14.48 -1.33 -14.79 25.98 -11.69
5 24 19.05 .35 -.25 16.95 -4.08 -6.64 19.18 1.56 -1.27 16.23 -5.18 -5.05
5 24 5.97 15.9 15.5 .6 22.08 15.57 .46 18.12 16.58 6.41 20.44 14.13
5 24 -11.62 24.94 -11.34 -7.59 23.38 -11.16 -4.85 25.61 -12.25 -11.01 18.23 -7.6
5 24 -11.66 -6.88 6.82 -13.68 -6.04 6.46 -10.16 -2.16 12.81 -13.82 -8.39 .54
5 24 -15.04 16.68 -12 -16.49 17.87 -9.81 -16.15 11.46 -9.08 -13.49 24.74 -14.06
5 24 1.17 -4.3 14.56 2.91 -2.58 15.17 5.95 -5.03 12.54 -4.61 2.28 16.54
5 24 .51 4.01 -16.85 5.22 4.44 -14.28 5.74 4.22 -16.42 .17 4.37 -14.96
5 24 18.05 7.22 5.67 17.6 10.69 .9 17.7 11.09 5.86 17.98 7.36 .57
5 24 12.86 29.69 -15.14 16.54 24.02 -11.19 15.3 22.73 -13.53 14.51 30.54 -11.89
5 24 -8.73 -10.7 -3.1 -10.67 -10.17 -4.99 -7.24 -11.14 -7.55 -10.62 -9.94 -.8
5 24 -10.62 -9.94 -.8 -12.91 -9.21 -1.92 -11.53 -9.19 1.32 -10.67 -10.17 -4.99
5 24 10.57 13.88 -12.22 8.86 19.23 -13.85 10.41 19.96 -16.26 7.95 19 -10.8
5 24 -2.91 -12.51 -3.19 -4.9 -12.3 -2.64 -3.09 -11.73 1.42 -6.06 -11.31 -5.15
5 24 -8.36 -11.39 .78 -9.33 -10.65 2.68 -5.88 -10.75 4.37 -10.62 -9.94 -.8
5 24 17.7 11.09 5.86 17.51 17.67 2.47 15.82 18.04 5.13 17.6 10.69 .9
5 24 -16.41 9.92 -8.52 -17.37 8.27 -8.38 -15.47 6.93 -12.51 -17.96 11.34 -2.23
5 24 3.42 -11.97 -2.1 1.34 -12.42 -3.02 1.37 -11.52 1.6 4.76 -11.28 -4.83
5 24 -2.87 -10.07 7.28 -3.82 -10.07 7.36 -3.54 -7.07 11.42 -3.53 -11.51 5.25
5 24 -10.43 9.23 -11.95 -12.11 9.42 -13.81 -11.85 6.89 -14.02 -11.24 13.95 -15.21
5 24 -2.39 7.56 18.15 -6.77 9.96 18.33 -1.73 9.4 18.86 -6.99 8.38 17.74
5 24 -18.82 2.9 -6.15 -19.76 1.14 -5.52 -18.69 -1.03 -9.32 -19.11 6.68 -.31
5 24 10.47 -7.68 5.79 8.34 -7.91 6.31 5.95 -5.03 12.54 10.07 -9.83 -.79
5 24 5.93 13.36 17.73 5.97 15.9 15.5 .46 18.12 16.58 11.12 10.81 14.87
5 24 3.93 -6.36 12.09 1.17 -4.3 14.56 5.95 -5.03 12.54 .76 -8.35 10.48
5 24 -18.7 13.21 .1 -18.46 9.03 1.52 -17.96 11.34 -2.23 -18.44 9.9 3.57
5 24 -15.58 -4.02 -13.42 -17.35 1.19 -9.93 -13.99 -1.72 -14.31 -18.69 -1.03 -9.32
5 24 -17.96 11.34 -2.23 -17.37 8.27 -8.38 -18.46 9.03 1.52 -16.41 9.92 -8.52
5 24 -15.04 16.68 -12 -13.33 15.77 -12.84 -12.29 23.41 -15.4 -14.57 11.06 -10.48
5 24 -8.94 -1.56 14.33 -12.49 4.33 13.04 -13.35 3.1 12.06 -6.06 .73 15.89
5 24 1.37 -11.52 1.6 1.34 -12.42 -3.02 3.42 -11.97 -2.1 -1.04 -11.79 .57
5 24 -16.62 10.25 9.9 -16.63 9.17 9.4 -11.19 9.2 15.12 -18.39 9.23 6.78
5 24 9.74 .52 -8.76 3.0616 -5 -7.3912 5.6568 -5 -5.6568 5.31 .42 -11.82
5 24 -14.9 18.19 5.73 -15.5 14.92 .01 -17.03 14.21 .48 -14.02 18.1 4.79
5 24 14.22 -7.52 -2.54 15.95 -6.72 -3.84 14.89 -4.06 4.36 10.13 -9.3 -7.46
5 24 10.57 13.88 -12.22 10.41 19.96 -16.26 12.37 14 -14.29 8.86 19.23 -13.85
5 24 -20.06 4.83 .76 -18.81 -1.5 -4.06 -18.61 2.01 2.65 -19.76 1.14 -5.52
5 24 -8.94 -1.56 14.33 -6.69 -4.98 12.53 -2.46 -6.94 12.71 -10.16 -2.16 12.81
5 24 -13.91 2.32 10.26 -17.55 -1.59 4.58 -15.3 -3.52 5.32 -17.24 6.64 6.93
5 24 9.4 7.72 15.38 11.12 10.81 14.87 5.93 13.36 17.73 15.98 5.29 8.9
5 24 -4.9 -12.3 -2.64 -6.81 -11.95 -1.24 -3.09 -11.73 1.42 -6.06 -11.31 -5.15
5 24 -19.76 1.14 -5.52 -17.8 -3.18 -7.48 -18.81 -1.5 -4.06 -18.69 -1.03 -9.32
5 24 -16.3 15.02 -1.67 -11.01 18.23 -7.6 -14.75 18.97 -7.74 -13.53 15.14 -2.13
5 24 5.22 4.44 -14.28 8.83 5.44 -9.46 4.9751 4 -12.0107 10.08 5.86 -12.21
5 24 -17.24 6.64 6.93 -19.01 7.88 5.29 -18.39 9.23 6.78 -18.61 2.01 2.65
5 24 3.39 6.94 18.14 8.11 4.48 15.63 4.56 10 18.02 6.82 2.84 15.28
5 24 10.91 8.9 -11.53 10.57 13.88 -12.22 9.4 13.96 -9.23 12.37 14 -14.29
5 24 -7.88 4.89 17.09 -3.73 3.49 17.65 -4.61 2.28 16.54 -6.99 8.38 17.74
5 24 -10.67 -10.17 -4.99 -12.39 -7.62 -7.99 -7.24 -11.14 -7.55 -14.78 -6.75 -4.26
5 24 -18.7 13.21 .1 -17.68 11.11 4.6 -17.03 14.21 .48 -18.44 9.9 3.57
5 24 10.13 -9.3 -7.46 8.66 -9.55 -10.97 6.99 -10.15 -9.58 10.55 -8.96 -7.94
5 24 .2 .45 13.37 -4.09 20.88 12.85 -4.87 .45 12.38 .61 21.27 13.17
5 24 3.46 23.48 -12.99 6.78 25.26 -11.58 6.21 22.17 -11.9 3.95 27.16 -12.61
5 24 12.53 .45 5.03 9.57 .45 9.64 7.3912 -5 3.0616 10.05 19 9.11
5 24 1.42 -2.61 -19.89 6.16 -3.96 -17.18 6.89 -6.12 -17.4 3.06 -1.99 -18.82
5 24 -1.59 -12.45 4.02 -2.51 -12.28 3.61 -1.27 -12.54 3.18 -2.3 -12.22 4.41
5 24 14.51 30.54 -11.89 11.1 28.3 -11.63 16.54 24.02 -11.19 12.46 34.74 -11.87
5 24 11.96 -5.79 -11.21 12.55 -6.47 -10.12 16.49 -3.18 -7.55 11.79 -7.01 -10.61
5 24 5.74 4.22 -16.42 10.08 5.86 -12.21 11.94 5.5 -14.1 5.22 4.44 -14.28
5 24 -17.18 2.3 -10.93 -18.65 3.84 -6.99 -17.35 1.19 -9.93 -18.46 4.85 -7.89
5 24 12.68 8.89 -13.33 14.5 9.43 -10.3 13.87 14.75 -11.54 15.11 6.47 -10.81
5 24 13.25 18.27 1.37 15.39 19.13 -3.14 12.69 18.48 -3.85 15.53 18.32 2.02
5 24 -9.76 -8.41 7.42 -6.69 -4.98 12.53 -6.44 -9.17 7.12 -11.66 -6.88 6.82
5 24 1.36 -11.06 5.41 3.35 -10.43 4.34 .83 -11.8 4.28 2.87 -9.54 7.16
5 24 8.34 -11.12 -5.06 4.76 -11.28 -4.83 5.8 -11.72 -7.49 6.78 -10.69 -2.85
5 24 .83 -11.8 4.28 -1.27 -12.54 3.18 1.37 -11.52 1.6 -1.59 -12.45 4.02
5 24 -10.82 16.27 15.98 -5.44 16.08 18.48 -9.89 17.82 14.07 -6.18 12.5 18.42
5 24 -10.53 -8.21 -14.07 -15.05 -5.67 -11.47 -14.43 -7.17 -10.17 -10.7 -7.16 -15.99
5 24 -.39 23.45 -16.92 1.35 23.58 -13.34 -.7 23.4 -13.4 1.62 23.58 -16.81
5 24 -1.12 27.04 -12.98 1.35 23.58 -13.34 1.38 27.42 -12.95 -.7 23.4 -13.4
5 24 16.31 4.15 -11.69 18.9 5.54 -.1 18.9 4.58 -.44 16.25 5.41 -11.77
5 24 3.93 -6.36 12.09 6.47 -8.74 6.8 5.95 -5.03 12.54 2.87 -9.54 7.16
5 24 -8.54 29.76 -11.94 -3.65 34.62 -12.38 -9.25 36.26 -12.1 -1.12 27.04 -12.98
5 24 12.82 18.47 4.38 13.36 .45 .28 13.25 18.27 1.37 12.53 .45 5.03
5 24 -5.44 16.08 18.48 -9.89 17.82 14.07 -4.92 17.97 16.42 -10.82 16.27 15.98
5 24 -6.18 12.5 18.42 -11.28 12.71 15.78 -6.77 9.96 18.33 -10.82 16.27 15.98
5 24 -4.87 .45 12.38 -9.14 .45 9.65 -8.38 20.48 10.32 -3.0616 -5 7.3912
5 24 -3.09 -11.73 1.42 -1.27 -12.54 3.18 -2.51 -12.28 3.61 -1.04 -11.79 .57
5 24 2.57 32.34 -17.78 2.85 37.26 -18.48 8.45 34.63 -17.69 -1.17 31.34 -17.93
5 24 .83 -11.8 4.28 -1.59 -12.45 4.02 -1.27 -12.54 3.18 -.48 -12.1 4.82
5 24 9.74 .52 -8.76 9.81 8.76 -8.77 8.83 5.44 -9.46 12.37 .5 -4.6
5 24 3.72 23.48 -16.31 4.32 24.82 -19.03 1.62 23.58 -16.81 7.12 23.48 -18.09
5 24 -18.81 -1.5 -4.06 -18.61 2.01 2.65 -18.5 -4.5 -2.55 -20.06 4.83 .76
5 24 .24 .4 -12.79 0 -5 -8 5.31 .42 -11.82 -4.9 .44 -11.78
5 24 .2 .45 13.37 -4.87 .45 12.38 0 -5 8 -4.09 20.88 12.85
5 24 -2.93 36.02 -18.41 2.85 37.26 -18.48 -1.17 31.34 -17.93 -3.52 37.52 -16.56
5 24 -6.13 -9.8 -14.18 -1.46 -9.86 -14.54 -6.33 -9.04 -16.27 -1.41 -10.26 -12.4
5 24 15.98 5.29 8.9 11.12 10.81 14.87 16.77 7.41 8.43 9.4 7.72 15.38
5 24 -5.88 -10.75 4.37 -8.36 -11.39 .78 -3.09 -11.73 1.42 -9.33 -10.65 2.68
5 24 -4.09 20.88 12.85 -4.37 21.7 13.98 .63 22.09 14.49 -8.38 20.48 10.32
5 24 14.47 21.92 -14.18 12.28 27.97 -16.16 12.86 29.69 -15.14 12.13 21.19 -15
5 24 .44 .99 17.67 4.2 -1.51 15.9 2.42 5.2 17.62 2.91 -2.58 15.17
5 24 12.28 27.97 -16.16 12.86 29.69 -15.14 8.45 34.63 -17.69 14.47 21.92 -14.18
5 24 -9.89 17.82 14.07 -14.9 18.19 5.73 -15.44 14.25 8.36 -9.48 21.34 12.1
5 24 5.6568 -5 5.6568 9.57 .45 9.64 3.0616 -5 7.3912 7.3912 -5 3.0616
5 24 -9.14 .45 9.65 -8.38 20.48 10.32 -12.94 17.32 3.77 -4.87 .45 12.38
5 24 13.36 .45 .28 13.25 18.27 1.37 12.69 18.48 -3.85 12.82 18.47 4.38
5 24 -5.6568 -5 -5.6568 -9.31 .44 -8.67 -3.0616 -5 -7.3912 -7.3912 -5 -3.0616
5 24 -10.86 4.1 -17.15 -3.72 .29 -19.81 -5.62 -1.55 -19.56 -6.17 2.88 -18.06
5 24 -.39 23.45 -16.92 -4.44 22.06 -16.23 -4.74 23.06 -19.33 -.7 23.4 -13.4
5 24 8.51 -2.95 -15.98 10.11 -4.22 -15.45 8.11 -5.09 -16.43 16.26 -.36 -10.65
5 24 -11.19 9.2 15.12 -16.62 10.25 9.9 -16.63 9.17 9.4 -11.42 10.52 15.6
5 24 -6.13 -9.8 -14.18 -10.53 -8.21 -14.07 -6.33 -9.04 -16.27 -10.17 -8.75 -12.95
5 24 12.86 29.69 -15.14 12.46 34.74 -11.87 8.72 36.31 -15.99 14.51 30.54 -11.89
5 24 -6.13 -9.8 -14.18 -1.41 -10.26 -12.4 -5.24 -9.65 -12.21 -1.46 -9.86 -14.54
5 24 -2.36 -5.8 -20.08 -6.9 -2.93 -19.94 -8.12 -4.33 -18.51 -1.02 -4.37 -19.49
5 24 16.49 -3.18 -7.55 16.59 -1.44 -10.27 19.18 1.56 -1.27 10.11 -4.22 -15.45
5 24 -15.47 6.93 -12.51 -16.41 9.92 -8.52 -13.91 8.28 -12.03 -17.37 8.27 -8.38
5 24 -7.88 4.89 17.09 -6.99 8.38 17.74 -11.19 9.2 15.12 -3.73 3.49 17.65
5 24 -.7 23.4 -13.4 -4.44 22.06 -16.23 -4.46 21.98 -12.64 -.39 23.45 -16.92
5 24 16.49 -3.18 -7.55 10.11 -4.22 -15.45 11.96 -5.79 -11.21 16.59 -1.44 -10.27
5 24 -14.79 25.98 -11.69 -8.54 29.76 -11.94 -11.43 32.85 -11.97 -11.62 24.94 -11.34
5 24 -9.31 .44 -8.67 -4.9751 4.4 -12.0107 -4.9 .44 -11.78 -7.14 5.55 -11.03
5 24 18.87 3.56 3.12 19.18 1.56 -1.27 19.05 .35 -.25 19.1 2.5 -.93
5 24 14.47 21.92 -14.18 15.3 22.73 -13.53 16.75 15.06 -8.1 12.86 29.69 -15.14
5 24 -10.17 -8.75 -12.95 -6.13 -9.8 -14.18 -8.76 -8.76 -10.93 -10.53 -8.21 -14.07
5 24 -10.86 4.1 -17.15 -6.37 3.79 -16.98 -6.17 2.88 -18.06 -9.37 5.07 -15.34
5 24 -8.55 6.65 -10.13 -9.91 7.04 -12.41 -8.25 5.31 -13.31 -9.47 9.03 -9.16
5 24 -19.11 6.68 -.31 -19.76 1.14 -5.52 -20.06 4.83 .76 -18.82 2.9 -6.15
5 24 -8.38 20.48 10.32 -8.98 21.3 11.27 -4.37 21.7 13.98 -12.94 17.32 3.77
5 24 11.13 -6.41 -11.82 10.44 -7.7 -12.95 8.11 -5.09 -16.43 11.79 -7.01 -10.61
5 24 4.56 10 18.02 .34 15.9 18.78 5.93 13.36 17.73 -.68 12.28 18.86
5 24 -.3 -8.92 10.05 1.09 -10.26 7.33 .76 -8.35 10.48 .21 -10.6 7.32
5 24 18.87 3.56 3.12 18.04 -.74 1.1 19.05 .35 -.25 15.98 5.29 8.9
5 24 8.11 4.48 15.63 10.45 -.4 12.06 12.29 .93 11.73 6.82 2.84 15.28
5 24 -19.11 6.68 -.31 -17.37 8.27 -8.38 -17.68 6.25 -7.96 -18.46 9.03 1.52
5 24 .51 4.01 -16.85 -6.17 2.88 -18.06 -6.37 3.79 -16.98 .69 3.27 -18.08
5 24 -9.91 7.04 -12.41 -11.85 6.89 -14.02 -10.43 9.23 -11.95 -9.37 5.07 -15.34
5 24 -9.47 9.03 -9.16 -11.01 18.23 -7.6 -9.31 .44 -8.67 -9.44 14.18 -9.46
5 24 -13.01 .44 .1 -11.98 .44 -4.62 -8 -5 0 -13.53 15.14 -2.13
5 24 9.4 7.72 15.38 12.29 .93 11.73 14.69 3.63 10.5 8.11 4.48 15.63
5 24 -3.33 -11.59 -6.19 -2.91 -12.51 -3.19 -.93 -11.69 -6.25 -6.06 -11.31 -5.15
5 24 -1.46 -9.86 -14.54 1.14 -9.85 -13.57 -1.41 -10.26 -12.4 -.58 -9.23 -15.36
5 24 2.23 -12 -8.88 -.93 -11.69 -6.25 -.98 -11.93 -9.32 1.91 -11.63 -5.95
5 24 -9.33 -10.65 2.68 -10.62 -9.94 -.8 -11.53 -9.19 1.32 -8.36 -11.39 .78
5 24 12.37 14 -14.29 10.57 13.88 -12.22 10.41 19.96 -16.26 10.91 8.9 -11.53
5 24 -4.9 .44 -11.78 0 -5 -8 .24 .4 -12.79 -3.0616 -5 -7.3912
5 24 12.53 .45 5.03 10.05 19 9.11 12.82 18.47 4.38 9.57 .45 9.64
5 24 13.28 23.36 -10.5 17.65 19.19 -2.99 16.54 24.02 -11.19 15.39 19.13 -3.14
5 24 7.02 34.13 -12.08 9.47 39.41 -11.91 6.33 41.32 -12.17 12.46 34.74 -11.87
5 24 -9.25 36.26 -12.1 -8.54 29.76 -11.94 -3.65 34.62 -12.38 -11.43 32.85 -11.97
5 24 -9.31 .44 -8.67 -11.01 18.23 -7.6 -11.98 .44 -4.62 -9.47 9.03 -9.16
5 24 11.96 -5.79 -11.21 11.79 -7.01 -10.61 11.13 -6.41 -11.82 12.55 -6.47 -10.12
5 24 11.79 -7.01 -10.61 11.19 -7.93 -11.36 16.23 -5.18 -5.05 10.44 -7.7 -12.95
5 24 -.68 12.28 18.86 -1.73 9.4 18.86 3.39 6.94 18.14 -6.18 12.5 18.42
5 24 -6.18 12.5 18.42 -10.82 16.27 15.98 -5.44 16.08 18.48 -11.28 12.71 15.78
5 24 13.87 14.75 -11.54 14.47 21.92 -14.18 16.75 15.06 -8.1 12.13 21.19 -15
5 24 -4.74 23.06 -19.33 -1.17 31.34 -17.93 -.19 24.87 -19.79 -5.66 27.32 -17.1
5 24 -6.33 -9.04 -16.27 -4.74 -7.47 -17.01 -10.7 -7.16 -15.99 -.58 -9.23 -15.36
5 24 10.07 -9.83 -.79 10.35 -9.36 -6.66 12.47 -7.81 -2.08 8.34 -11.12 -5.06
5 24 -17.28 -5.77 -6.14 -14.78 -6.75 -4.26 -14.43 -7.17 -10.17 -15.74 -6.01 -1.18
5 24 8.86 19.23 -13.85 6.21 22.17 -11.9 6.31 22.41 -15.17 7.95 19 -10.8
5 24 16.54 24.02 -11.19 16.92 16.51 -4.65 15.3 22.73 -13.53 17.65 19.19 -2.99
5 24 -11.28 12.71 15.78 -10.82 16.27 15.98 -16.62 10.25 9.9 -6.18 12.5 18.42
5 24 -10 21.53 -15.79 -11.24 13.95 -15.21 -13.33 15.77 -12.84 -8.74 19.17 -17.68
5 24 15.3 22.73 -13.53 16.92 16.51 -4.65 16.75 15.06 -8.1 16.54 24.02 -11.19
5 24 -7.88 4.89 17.09 -11.19 9.2 15.12 -6.99 8.38 17.74 -11.63 6.28 14.34
5 24 -15.58 -4.02 -13.42 -13.99 -1.72 -14.31 -17.35 1.19 -9.93 -8.92 -5.21 -16.83
5 24 15.95 -6.72 -3.84 10.13 -9.3 -7.46 10.55 -8.96 -7.94 14.22 -7.52 -2.54
5 24 -2.99 -11.58 5.23 -1.74 -12.01 4.92 -2.3 -12.22 4.41 -1.3 -10.38 7.28
5 24 17.49 7.46 -5.64 17.6 10.69 .9 17.98 7.36 .57 17.01 9.98 -5.57
5 24 1.09 -10.26 7.33 .29 -11.26 6.14 1.36 -11.06 5.41 .21 -10.6 7.32
5 24 -4.85 25.61 -12.25 -7.59 23.38 -11.16 -4.46 21.98 -12.64 -11.62 24.94 -11.34
5 24 17.52 -1.93 2.38 15.95 -6.72 -3.84 14.89 -4.06 4.36 18.04 -.74 1.1
5 24 .34 15.9 18.78 -.68 12.28 18.86 4.56 10 18.02 -5.44 16.08 18.48
5 24 6.89 -6.12 -17.4 6.16 -3.96 -17.18 8.11 -5.09 -16.43 1.42 -2.61 -19.89
5 24 1.37 -11.52 1.6 3.42 -11.97 -2.1 4.96 -11.36 -.45 1.34 -12.42 -3.02
5 24 -3.53 -11.51 5.25 -2.99 -11.58 5.23 -2.87 -10.07 7.28 -2.3 -12.22 4.41
5 24 -17.62 19.27 -8.06 -16.49 17.87 -9.81 -17.74 12.85 -4.42 -14.79 25.98 -11.69
5 24 -5.62 -1.55 -19.56 1.42 -2.61 -19.89 -1.02 -4.37 -19.49 -3.72 .29 -19.81
5 24 1.14 -9.85 -13.57 -1.41 -10.26 -12.4 -1.46 -9.86 -14.54 2.82 -10.42 -11.63
5 24 -17.55 -1.59 4.58 -18.5 -4.5 -2.55 -15.3 -3.52 5.32 -18.61 2.01 2.65
5 24 17.6 10.69 .9 16.92 16.51 -4.65 17.51 17.67 2.47 17.01 9.98 -5.57
5 24 18.66 6.2 4.93 18.9 5.54 -.1 18.87 3.56 3.12 18.87 6.36 .18
5 24 14.22 -7.52 -2.54 10.13 -9.3 -7.46 15.95 -6.72 -3.84 10.35 -9.36 -6.66
5 24 11.1 28.3 -11.63 9.1 22.27 -9.97 13.28 23.36 -10.5 6.78 25.26 -11.58
5 24 17.98 7.36 .57 18.87 6.36 .18 17.49 7.46 -5.64 18.05 7.22 5.67
5 24 10.91 8.9 -11.53 12.68 8.89 -13.33 11.94 5.5 -14.1 12.37 14 -14.29
5 24 -6.06 -11.31 -5.15 -7.24 -11.14 -7.55 -8.73 -10.7 -3.1 -3.82 -11.69 -8.79
5 24 -11.98 .44 -4.62 -7.3912 -5 -3.0616 -9.31 .44 -8.67 -8 -5 0
5 24 7.3912 -5 -3.0616 9.74 .52 -8.76 5.6568 -5 -5.6568 12.37 .5 -4.6
5 24 6.99 -10.15 -9.58 8.66 -9.55 -10.97 10.13 -9.3 -7.46 7.25 -9.7 -13.04
5 24 -8.25 5.31 -13.31 -6.37 3.79 -16.98 -9.37 5.07 -15.34 -5.77 4.5 -14.61
5 24 7.12 23.48 -18.09 3.72 23.48 -16.31 4.32 24.82 -19.03 6.31 22.41 -15.17
5 24 16.75 15.06 -8.1 16.92 16.51 -4.65 15.3 22.73 -13.53 17.01 9.98 -5.57
5 24 9.81 8.76 -8.77 12.37 .5 -4.6 9.74 .52 -8.76 12.69 18.48 -3.85
5 24 8.11 4.48 15.63 9.4 7.72 15.38 12.29 .93 11.73 4.56 10 18.02
5 24 7.02 34.13 -12.08 11.1 28.3 -11.63 3.95 27.16 -12.61 12.46 34.74 -11.87
5 24 14.5 18.59 4.75 11.81 18.8 10.89 15.82 18.04 5.13 11.09 19.23 10.05
5 24 -11.19 9.2 15.12 -11.42 10.52 15.6 -16.62 10.25 9.9 -6.99 8.38 17.74
5 24 -6.06 -11.31 -5.15 -6.81 -11.95 -1.24 -8.73 -10.7 -3.1 -4.9 -12.3 -2.64
5 24 10.47 -7.68 5.79 12.86 -4.89 4.81 7.64 -4.36 12.92 12.47 -7.81 -2.08
5 24 16.25 5.41 -11.77 6.22 1.93 -17.48 5.96 3.48 -17.61 16.31 4.15 -11.69
5 24 7.17 -.99 -17.66 8.51 -2.95 -15.98 16.72 1.52 -11.6 6.16 -3.96 -17.18
5 24 -1.63 -8.63 9.85 -1.3 -10.38 7.28 -.3 -8.92 10.05 -2.87 -10.07 7.28
5 24 -13.35 3.1 12.06 -17.24 6.64 6.93 -13.91 2.32 10.26 -12.49 4.33 13.04
5 24 13.28 23.36 -10.5 16.54 24.02 -11.19 17.65 19.19 -2.99 11.1 28.3 -11.63
5 24 5.6568 -5 -5.6568 9.74 .52 -8.76 7.3912 -5 -3.0616 3.0616 -5 -7.3912
5 24 -11.43 32.85 -11.97 -8.54 29.76 -11.94 -14.79 25.98 -11.69 -9.25 36.26 -12.1
5 24 -6.13 -9.8 -14.18 -8.76 -8.76 -10.93 -10.17 -8.75 -12.95 -5.24 -9.65 -12.21
5 24 5.22 4.44 -14.28 4.9751 4 -12.0107 8.83 5.44 -9.46 .17 4.37 -14.96
5 24 .69 3.27 -18.08 -2.3 .99 -18.33 -6.17 2.88 -18.06 .93 1.55 -18.27
5 24 -17.35 1.19 -9.93 -18.65 3.84 -6.99 -17.18 2.3 -10.93 -18.82 2.9 -6.15
5 24 -13.91 8.28 -12.03 -10.86 4.1 -17.15 -15.47 6.93 -12.51 -11.85 6.89 -14.02
5 24 -3.73 3.49 17.65 2.91 -2.58 15.17 -4.61 2.28 16.54 .44 .99 17.67
5 24 -2.46 -6.94 12.71 .76 -8.35 10.48 1.17 -4.3 14.56 -.3 -8.92 10.05
5 24 4.76 -11.28 -4.83 1.34 -12.42 -3.02 1.91 -11.63 -5.95 3.42 -11.97 -2.1
5 24 11.12 10.81 14.87 5.97 15.9 15.5 5.93 13.36 17.73 11.08 13.67 12.61
5 24 -17.24 6.64 6.93 -13.91 2.32 10.26 -17.55 -1.59 4.58 -13.35 3.1 12.06
5 24 6.78 -10.69 -2.85 8.34 -11.12 -5.06 4.76 -11.28 -4.83 10.07 -9.83 -.79
5 24 1.02 -.5 -18.34 -3.72 .29 -19.81 -2.3 .99 -18.33 1.42 -2.61 -19.89
5 24 -8.92 -5.21 -16.83 -13.63 -.57 -15.61 -8.12 -4.33 -18.51 -13.99 -1.72 -14.31
5 24 10.55 -8.96 -7.94 10.52 -8.75 -8.63 8.66 -9.55 -10.97 16.23 -5.18 -5.05
5 24 -10.82 16.27 15.98 -16.75 12.09 9.7 -16.62 10.25 9.9 -9.89 17.82 14.07
5 24 -16.01 4.93 -11.94 -17.37 8.27 -8.38 -15.47 6.93 -12.51 -17.68 6.25 -7.96
5 24 1.37 -11.52 1.6 4.96 -11.36 -.45 3.42 -11.97 -2.1 3.35 -10.43 4.34
5 24 5.96 3.48 -17.61 5.74 4.22 -16.42 11.94 5.5 -14.1 .69 3.27 -18.08
5 24 -2.3 -12.22 4.41 -1.74 -12.01 4.92 -2.99 -11.58 5.23 -1.59 -12.45 4.02
5 24 -13.82 -8.39 .54 -13.68 -6.04 6.46 -11.66 -6.88 6.82 -15.74 -6.01 -1.18
5 24 -4.61 2.28 16.54 1.17 -4.3 14.56 2.91 -2.58 15.17 -6.06 .73 15.89
5 24 -15.04 16.68 -12 -12.29 23.41 -15.4 -13.49 24.74 -14.06 -13.33 15.77 -12.84
5 24 -.98 -11.93 -9.32 -.93 -11.69 -6.25 2.23 -12 -8.88 -3.33 -11.59 -6.19
5 24 -11.66 -6.88 6.82 -6.69 -4.98 12.53 -10.16 -2.16 12.81 -9.76 -8.41 7.42
5 24 -5.24 -9.65 -12.21 -7.24 -11.14 -7.55 -3.82 -11.69 -8.79 -8.76 -8.76 -10.93
5 24 6.71 30.68 -17.4 8.45 34.63 -17.69 2.57 32.34 -17.78 9.83 26.41 -16.74
5 24 -.98 -11.93 -9.32 -3.82 -11.69 -8.79 -1.41 -10.26 -12.4 -3.33 -11.59 -6.19
5 24 10.55 -8.96 -7.94 10.13 -9.3 -7.46 8.66 -9.55 -10.97 15.95 -6.72 -3.84
5 24 -12.91 -9.21 -1.92 -14.78 -6.75 -4.26 -10.67 -10.17 -4.99 -13.82 -8.39 .54
5 24 .6 22.08 15.57 -4.37 21.7 13.98 -4.64 21.71 14.94 .63 22.09 14.49
5 24 6.31 22.41 -15.17 7.12 23.48 -18.09 3.72 23.48 -16.31 10.41 19.96 -16.26
5 24 17.6 10.69 .9 17.01 9.98 -5.57 17.49 7.46 -5.64 16.92 16.51 -4.65
5 24 -3.67 -6.86 -18.7 -8.12 -4.33 -18.51 -2.36 -5.8 -20.08 -4.74 -7.47 -17.01
5 24 -17.28 -5.77 -6.14 -14.43 -7.17 -10.17 -14.78 -6.75 -4.26 -15.05 -5.67 -11.47
5 24 3.93 -6.36 12.09 .76 -8.35 10.48 1.17 -4.3 14.56 2.87 -9.54 7.16
5 24 6.06 20.66 13.17 .61 21.27 13.17 .63 22.09 14.49 5.53 20.14 12.04
5 24 -12.12 .44 5.27 -13.64 15.17 -.48 -12.94 17.32 3.77 -13.01 .44 .1
5 24 -7.59 23.38 -11.16 -4.46 21.98 -12.64 -4.85 25.61 -12.25 -7.31 19.39 -11.27
5 24 9.83 26.41 -16.74 12.28 27.97 -16.16 8.45 34.63 -17.69 12.13 21.19 -15
5 24 -2.3 -12.22 4.41 -3.53 -11.51 5.25 -2.99 -11.58 5.23 -4.4 -11.31 5.06
5 24 -9.91 7.04 -12.41 -8.25 5.31 -13.31 -8.55 6.65 -10.13 -9.37 5.07 -15.34
5 24 -4.46 21.98 -12.64 -4.85 25.61 -12.25 -.7 23.4 -13.4 -7.59 23.38 -11.16
5 24 -.48 -12.1 4.82 .83 -11.8 4.28 1.36 -11.06 5.41 -1.59 -12.45 4.02
5 24 -9.33 -10.65 2.68 -11.66 -6.88 6.82 -11.53 -9.19 1.32 -9.76 -8.41 7.42
5 24 -17.68 6.25 -7.96 -17.37 8.27 -8.38 -19.11 6.68 -.31 -16.01 4.93 -11.94
5 24 10.41 19.96 -16.26 6.31 22.41 -15.17 7.12 23.48 -18.09 8.86 19.23 -13.85
5 24 -10.43 9.23 -11.95 -9.91 7.04 -12.41 -11.85 6.89 -14.02 -9.47 9.03 -9.16
5 24 -2.3 -12.22 4.41 -2.99 -11.58 5.23 -3.53 -11.51 5.25 -1.74 -12.01 4.92
5 24 6.47 -8.74 6.8 8.34 -7.91 6.31 6.28 -10.43 2.01 5.95 -5.03 12.54
5 24 14.69 3.63 10.5 9.4 7.72 15.38 12.29 .93 11.73 15.98 5.29 8.9
5 24 12.37 .5 -4.6 13.36 .45 .28 12.69 18.48 -3.85 8 -5 0
5 24 -1.74 -12.01 4.92 .21 -10.6 7.32 .29 -11.26 6.14 -1.3 -10.38 7.28
5 24 -11.01 18.23 -7.6 -9.44 14.18 -9.46 -7.31 19.39 -11.27 -9.47 9.03 -9.16
5 24 -8.54 29.76 -11.94 -4.85 25.61 -12.25 -11.62 24.94 -11.34 -1.12 27.04 -12.98
5 24 1.42 -2.61 -19.89 6.89 -6.12 -17.4 6.16 -3.96 -17.18 -1.02 -4.37 -19.49
5 24 -19.11 6.68 -.31 -18.46 4.85 -7.89 -18.65 3.84 -6.99 -17.68 6.25 -7.96
5 24 -3.0616 -5 -7.3912 -9.31 .44 -8.67 -5.6568 -5 -5.6568 -4.9 .44 -11.78
5 24 -9.25 36.26 -12.1 -3.65 34.62 -12.38 -5.58 40.4 -12.18 -8.54 29.76 -11.94
5 24 -.7 23.4 -13.4 -.39 23.45 -16.92 1.35 23.58 -13.34 -4.44 22.06 -16.23
5 24 -1.02 -4.37 -19.49 1.42 -2.61 -19.89 6.89 -6.12 -17.4 -5.62 -1.55 -19.56
5 24 0 -5 -8 5.31 .42 -11.82 .24 .4 -12.79 3.0616 -5 -7.3912
5 24 -3.73 3.49 17.65 -2.39 7.56 18.15 -6.99 8.38 17.74 .44 .99 17.67
5 24 .93 1.55 -18.27 6.22 1.93 -17.48 6.56 .14 -17.17 5.96 3.48 -17.61
5 24 15.53 18.32 2.02 17.65 19.19 -2.99 15.39 19.13 -3.14 17.51 17.67 2.47
5 24 -6.44 -9.17 7.12 -9.76 -8.41 7.42 -9.33 -10.65 2.68 -6.69 -4.98 12.53
5 24 2.42 5.2 17.62 4.2 -1.51 15.9 .44 .99 17.67 6.82 2.84 15.28
5 24 16.25 5.41 -11.77 16.31 4.15 -11.69 6.22 1.93 -17.48 18.9 5.54 -.1
5 24 10.05 19 9.11 11.09 19.23 10.05 12.82 18.47 4.38 5.53 20.14 12.04
5 24 14.69 3.63 10.5 17.52 -1.93 2.38 15.98 5.29 8.9 12.29 .93 11.73
5 24 -18.46 9.03 1.52 -19.11 6.68 -.31 -17.37 8.27 -8.38 -20.06 4.83 .76
5 24 -14.02 18.1 4.79 -15.5 14.92 .01 -13.64 15.17 -.48 -14.9 18.19 5.73
5 24 -11.62 24.94 -11.34 -8.54 29.76 -11.94 -14.79 25.98 -11.69 -4.85 25.61 -12.25
5 24 -17.68 11.11 4.6 -19.01 7.88 5.29 -18.44 9.9 3.57 -18.39 9.23 6.78
5 24 .29 -11.26 6.14 1.36 -11.06 5.41 -.48 -12.1 4.82 1.09 -10.26 7.33
5 24 6.33 41.32 -12.17 2.96 39.05 -16.4 2.63 41.74 -12.34 8.72 36.31 -15.99
5 24 -18.59 14.48 -1.33 -18.7 13.21 .1 -17.03 14.21 .48 -17.96 11.34 -2.23
5 24 -16.49 17.87 -9.81 -14.79 25.98 -11.69 -17.62 19.27 -8.06 -13.49 24.74 -14.06
5 24 15.39 19.13 -3.14 17.65 19.19 -2.99 13.28 23.36 -10.5 15.53 18.32 2.02
5 24 -1.12 27.04 -12.98 -4.85 25.61 -12.25 -.7 23.4 -13.4 -8.54 29.76 -11.94
5 24 -5.44 16.08 18.48 -4.92 17.97 16.42 -9.89 17.82 14.07 .34 15.9 18.78
5 24 -4.46 21.98 -12.64 -4.44 22.06 -16.23 -7.79 18.91 -14.71 -.7 23.4 -13.4
5 24 -10.86 4.1 -17.15 -11.85 6.89 -14.02 -9.37 5.07 -15.34 -13.91 8.28 -12.03
5 24 16.26 -.36 -10.65 10.11 -4.22 -15.45 8.51 -2.95 -15.98 16.59 -1.44 -10.27
5 24 14.89 -4.06 4.36 17.52 -1.93 2.38 12.29 .93 11.73 15.95 -6.72 -3.84
5 24 2.42 5.2 17.62 3.39 6.94 18.14 -1.73 9.4 18.86 6.82 2.84 15.28
5 24 -18.5 -4.5 -2.55 -17.28 -5.77 -6.14 -17.8 -3.18 -7.48 -15.74 -6.01 -1.18
5 24 -12.13 .28 11.46 -10.16 -2.16 12.81 -15.3 -3.52 5.32 -8.94 -1.56 14.33
5 24 -2.93 36.02 -18.41 -9.42 30.95 -15.8 -3.52 37.52 -16.56 -8.42 29.82 -17.21
5 24 7.64 -4.36 12.92 10.47 -7.68 5.79 12.86 -4.89 4.81 5.95 -5.03 12.54
5 24 -4.61 2.28 16.54 -7.88 4.89 17.09 -11.63 6.28 14.34 -3.73 3.49 17.65
5 24 7.17 -.99 -17.66 16.32 2.65 -11.48 6.56 .14 -17.17 16.72 1.52 -11.6
5 24 4.9751 4 -12.0107 9.74 .52 -8.76 8.83 5.44 -9.46 5.31 .42 -11.82
5 24 17.6 10.69 .9 17.7 11.09 5.86 18.05 7.22 5.67 17.51 17.67 2.47
5 24 -1.46 -9.86 -14.54 -6.33 -9.04 -16.27 -6.13 -9.8 -14.18 -.58 -9.23 -15.36
5 24 -5.11 -9.85 7.35 -3.54 -7.07 11.42 -3.82 -10.07 7.36 -6.44 -9.17 7.12
5 24 18.05 7.22 5.67 16.77 7.41 8.43 15.98 5.29 8.9 17.7 11.09 5.86
5 24 4.96 -11.36 -.45 6.78 -10.69 -2.85 7.89 -9.78 .43 3.42 -11.97 -2.1
5 24 -6.37 3.79 -16.98 -6.17 2.88 -18.06 .51 4.01 -16.85 -10.86 4.1 -17.15
5 24 11.1 28.3 -11.63 13.28 23.36 -10.5 9.1 22.27 -9.97 16.54 24.02 -11.19
5 24 1.35 23.58 -13.34 3.95 27.16 -12.61 1.38 27.42 -12.95 3.46 23.48 -12.99
5 24 5.53 20.14 12.04 9.57 .45 9.64 10.05 19 9.11 5.31 .45 12.36
5 24 -8.98 21.3 11.27 -9.48 21.34 12.1 -4.64 21.71 14.94 -14.02 18.1 4.79
5 24 0 -5 8 -4.87 .45 12.38 .2 .45 13.37 -3.0616 -5 7.3912
5 24 8.34 -11.12 -5.06 5.8 -11.72 -7.49 10.35 -9.36 -6.66 4.76 -11.28 -4.83
5 24 4.32 24.82 -19.03 9.83 26.41 -16.74 7.12 23.48 -18.09 6.71 30.68 -17.4
5 24 9.4 13.96 -9.23 10.57 13.88 -12.22 10.91 8.9 -11.53 7.95 19 -10.8
5 24 -16.9 3.58 -11.91 -12.99 .9 -16.83 -16.01 4.93 -11.94 -13.63 -.57 -15.61
5 24 6.47 -8.74 6.8 2.87 -9.54 7.16 3.35 -10.43 4.34 3.93 -6.36 12.09
5 24 -8.38 20.48 10.32 -4.37 21.7 13.98 -8.98 21.3 11.27 -4.09 20.88 12.85
5 24 -16.62 10.25 9.9 -11.42 10.52 15.6 -11.19 9.2 15.12 -11.28 12.71 15.78
5 24 -3.52 37.52 -16.56 -9.25 36.26 -12.1 -5.58 40.4 -12.18 -9.42 30.95 -15.8
5 24 15.39 19.13 -3.14 15.53 18.32 2.02 13.25 18.27 1.37 17.65 19.19 -2.99
5 24 -9.42 30.95 -15.8 -13.49 24.74 -14.06 -8.42 29.82 -17.21 -14.79 25.98 -11.69
5 24 12.86 29.69 -15.14 8.45 34.63 -17.69 8.72 36.31 -15.99 12.28 27.97 -16.16
5 24 -1.08 41.79 -12.64 2.06 35.53 -12.46 2.63 41.74 -12.34 -3.65 34.62 -12.38
5 24 -4.74 -7.47 -17.01 -8.12 -4.33 -18.51 -3.67 -6.86 -18.7 -8.92 -5.21 -16.83
5 24 -5.44 16.08 18.48 -6.18 12.5 18.42 -10.82 16.27 15.98 -.68 12.28 18.86
5 24 5.93 13.36 17.73 .46 18.12 16.58 5.97 15.9 15.5 .34 15.9 18.78
5 24 -9.31 .44 -8.67 -7.3912 -5 -3.0616 -11.98 .44 -4.62 -5.6568 -5 -5.6568
5 24 -5.62 -1.55 -19.56 -6.9 -2.93 -19.94 -11.87 2.21 -16.62 -1.02 -4.37 -19.49
5 24 6.99 -10.15 -9.58 10.13 -9.3 -7.46 8.66 -9.55 -10.97 10.35 -9.36 -6.66
5 24 .76 -8.35 10.48 -.3 -8.92 10.05 1.09 -10.26 7.33 -2.46 -6.94 12.71
5 24 7.64 -4.36 12.92 4.2 -1.51 15.9 5.95 -5.03 12.54 6.82 2.84 15.28
5 24 16.72 1.52 -11.6 16.32 2.65 -11.48 7.17 -.99 -17.66 19.32 3.67 -.72
5 24 -.68 12.28 18.86 -5.44 16.08 18.48 -6.18 12.5 18.42 .34 15.9 18.78
5 24 -.39 23.45 -16.92 -4.74 23.06 -19.33 -.19 24.87 -19.79 -4.44 22.06 -16.23
5 24 -17.96 11.34 -2.23 -18.59 14.48 -1.33 -17.74 12.85 -4.42 -18.7 13.21 .1
5 24 9.83 26.41 -16.74 7.12 23.48 -18.09 4.32 24.82 -19.03 10.41 19.96 -16.26
5 24 -4.9751 4.4 -12.0107 .17 4.37 -14.96 -5.77 4.5 -14.61 0 4 -13
5 24 17.7 11.09 5.86 18.05 7.22 5.67 17.6 10.69 .9 16.77 7.41 8.43
5 24 1.38 27.42 -12.95 -1.12 27.04 -12.98 1.35 23.58 -13.34 -3.65 34.62 -12.38
5 24 6.21 22.17 -11.9 6.78 25.26 -11.58 3.46 23.48 -12.99 9.1 22.27 -9.97
5 24 -7.3912 -5 3.0616 -9.14 .45 9.65 -5.6568 -5 5.6568 -12.12 .44 5.27
5 24 8 -5 0 12.53 .45 5.03 7.3912 -5 3.0616 13.36 .45 .28
5 24 6.21 22.17 -11.9 6.31 22.41 -15.17 3.46 23.48 -12.99 8.86 19.23 -13.85
5 24 15.95 -6.72 -3.84 18.04 -.74 1.1 17.52 -1.93 2.38 16.23 -5.18 -5.05
5 24 -13.63 -.57 -15.61 -17.18 2.3 -10.93 -16.9 3.58 -11.91 -13.99 -1.72 -14.31
5 24 3.18 -8.91 -17.31 -3.67 -6.86 -18.7 -2.36 -5.8 -20.08 1.3 -9.19 -16.42
5 24 -13.82 -8.39 .54 -11.53 -9.19 1.32 -12.91 -9.21 -1.92 -11.66 -6.88 6.82
5 24 -11.84 5.5 13.71 -16.85 7.94 8.41 -17.24 6.64 6.93 -11.63 6.28 14.34
5 24 16.75 15.06 -8.1 15.3 22.73 -13.53 16.92 16.51 -4.65 14.47 21.92 -14.18
5 24 8.34 -7.91 6.31 10.07 -9.83 -.79 10.47 -7.68 5.79 7.89 -9.78 .43
5 24 -15.58 -4.02 -13.42 -18.69 -1.03 -9.32 -17.35 1.19 -9.93 -17.8 -3.18 -7.48
5 24 3.95 27.16 -12.61 11.1 28.3 -11.63 6.78 25.26 -11.58 7.02 34.13 -12.08
5 24 6.56 .14 -17.17 6.22 1.93 -17.48 .93 1.55 -18.27 16.32 2.65 -11.48
5 24 -18.44 9.9 3.57 -20.06 4.83 .76 -19.01 7.88 5.29 -18.46 9.03 1.52
5 24 2.91 -2.58 15.17 4.2 -1.51 15.9 5.95 -5.03 12.54 .44 .99 17.67
5 24 -9.91 7.04 -12.41 -9.37 5.07 -15.34 -11.85 6.89 -14.02 -8.25 5.31 -13.31
5 24 .24 .4 -12.79 4.9751 4 -12.0107 0 4 -13 5.31 .42 -11.82
5 24 2.82 -10.42 -11.63 3.61 -9.92 -13.6 1.14 -9.85 -13.57 7.25 -9.7 -13.04
5 24 -6.9 -2.93 -19.94 -1.02 -4.37 -19.49 -5.62 -1.55 -19.56 -2.36 -5.8 -20.08
5 24 9.4 7.72 15.38 5.93 13.36 17.73 11.12 10.81 14.87 4.56 10 18.02
5 24 -.58 -9.23 -15.36 -1.46 -9.86 -14.54 1.14 -9.85 -13.57 -6.33 -9.04 -16.27
5 24 -4.9 -12.3 -2.64 -6.06 -11.31 -5.15 -2.91 -12.51 -3.19 -6.81 -11.95 -1.24
5 24 12.53 .45 5.03 7.3912 -5 3.0616 9.57 .45 9.64 8 -5 0
5 24 -6.77 9.96 18.33 -6.18 12.5 18.42 -11.28 12.71 15.78 -1.73 9.4 18.86
5 24 -14.78 -6.75 -4.26 -13.82 -8.39 .54 -15.74 -6.01 -1.18 -12.91 -9.21 -1.92
5 24 -5.58 40.4 -12.18 -3.52 37.52 -16.56 -1.08 41.79 -12.64 -9.25 36.26 -12.1
5 24 3.35 -10.43 4.34 .83 -11.8 4.28 1.37 -11.52 1.6 1.36 -11.06 5.41
5 24 -6.44 -9.17 7.12 -6.69 -4.98 12.53 -9.76 -8.41 7.42 -3.54 -7.07 11.42
5 24 12.69 18.48 -3.85 15.39 19.13 -3.14 13.25 18.27 1.37 9.1 22.27 -9.97
5 24 -8.12 -4.33 -18.51 -13.63 -.57 -15.61 -8.92 -5.21 -16.83 -6.9 -2.93 -19.94
5 24 -9.31 .44 -8.67 -9.47 9.03 -9.16 -11.01 18.23 -7.6 -8.55 6.65 -10.13
5 24 .46 18.12 16.58 .34 15.9 18.78 -4.92 17.97 16.42 5.93 13.36 17.73
5 24 -6.9 -2.93 -19.94 -8.12 -4.33 -18.51 -2.36 -5.8 -20.08 -13.63 -.57 -15.61
5 24 -8.92 -5.21 -16.83 -15.58 -4.02 -13.42 -13.99 -1.72 -14.31 -10.7 -7.16 -15.99
5 24 -.93 -11.69 -6.25 -2.91 -12.51 -3.19 -3.33 -11.59 -6.19 -.88 -12.54 -3.37
5 24 -1.73 9.4 18.86 -2.39 7.56 18.15 -6.77 9.96 18.33 2.42 5.2 17.62
5 24 6.89 -6.12 -17.4 10.44 -7.7 -12.95 4.35 -7.48 -17.1 8.11 -5.09 -16.43
5 24 -5.77 4.5 -14.61 -6.37 3.79 -16.98 .51 4.01 -16.85 -8.25 5.31 -13.31
5 24 -16.63 9.17 9.4 -18.39 9.23 6.78 -16.85 7.94 8.41 -16.62 10.25 9.9
5 24 -1.04 -11.79 .57 1.34 -12.42 -3.02 -.88 -12.54 -3.37 1.37 -11.52 1.6
5 24 8.45 34.63 -17.69 2.85 37.26 -18.48 8.72 36.31 -15.99 2.57 32.34 -17.78
5 24 -2.3 .99 -18.33 -3.72 .29 -19.81 -6.17 2.88 -18.06 1.02 -.5 -18.34
5 24 -10.7 -7.16 -15.99 -6.33 -9.04 -16.27 -10.53 -8.21 -14.07 -4.74 -7.47 -17.01
5 24 -4.85 25.61 -12.25 -11.62 24.94 -11.34 -7.59 23.38 -11.16 -8.54 29.76 -11.94
5 24 .93 1.55 -18.27 6.56 .14 -17.17 6.22 1.93 -17.48 1.02 -.5 -18.34
5 24 -9.37 5.07 -15.34 -8.25 5.31 -13.31 -9.91 7.04 -12.41 -6.37 3.79 -16.98
5 24 -4.74 -7.47 -17.01 -3.67 -6.86 -18.7 -.58 -9.23 -15.36 -8.12 -4.33 -18.51
5 24 -3.67 -6.86 -18.7 -2.36 -5.8 -20.08 -8.12 -4.33 -18.51 3.18 -8.91 -17.31
5 24 -3.33 -11.59 -6.19 -3.82 -11.69 -8.79 -6.06 -11.31 -5.15 -.98 -11.93 -9.32
5 24 -15.05 -5.67 -11.47 -14.43 -7.17 -10.17 -10.53 -8.21 -14.07 -17.28 -5.77 -6.14
5 24 6.21 22.17 -11.9 9.1 22.27 -9.97 7.95 19 -10.8 6.78 25.26 -11.58
5 24 -10.53 -8.21 -14.07 -10.17 -8.75 -12.95 -14.43 -7.17 -10.17 -6.13 -9.8 -14.18
5 24 10.52 -8.75 -8.63 16.23 -5.18 -5.05 11.19 -7.93 -11.36 10.55 -8.96 -7.94
5 24 -2.51 -12.28 3.61 -2.3 -12.22 4.41 -1.59 -12.45 4.02 -4.4 -11.31 5.06
5 24 14.5 9.43 -10.3 15.11 6.47 -10.81 17.49 7.46 -5.64 12.68 8.89 -13.33
5 24 -13.53 15.14 -2.13 -13.01 .44 .1 -13.64 15.17 -.48 -11.98 .44 -4.62
5 24 16.26 -.36 -10.65 16.72 1.52 -11.6 8.51 -2.95 -15.98 19.32 3.67 -.72
5 24 -12.99 .9 -16.83 -11.87 2.21 -16.62 -6.9 -2.93 -19.94 -16.01 4.93 -11.94
5 24 18.9 4.58 -.44 18.9 5.54 -.1 16.31 4.15 -11.69 18.87 3.56 3.12
5 24 6.33 41.32 -12.17 7.02 34.13 -12.08 9.47 39.41 -11.91 2.06 35.53 -12.46
5 24 -4.09 20.88 12.85 -4.87 .45 12.38 -8.38 20.48 10.32 .2 .45 13.37
5 24 -16.9 3.58 -11.91 -16.01 4.93 -11.94 -12.99 .9 -16.83 -17.68 6.25 -7.96
5 24 -16.75 12.09 9.7 -16.62 10.25 9.9 -18.39 9.23 6.78 -10.82 16.27 15.98
5 24 -.7 23.4 -13.4 -4.85 25.61 -12.25 -4.46 21.98 -12.64 -1.12 27.04 -12.98
5 24 10.05 19 9.11 9.57 .45 9.64 5.53 20.14 12.04 12.53 .45 5.03
5 24 -9.14 .45 9.65 -12.12 .44 5.27 -12.94 17.32 3.77 -7.3912 -5 3.0616
5 24 10.35 -9.36 -6.66 5.8 -11.72 -7.49 6.99 -10.15 -9.58 8.34 -11.12 -5.06
5 24 15.11 6.47 -10.81 16.25 5.41 -11.77 11.94 5.5 -14.1 17.49 7.46 -5.64
5 24 -16.01 4.93 -11.94 -12.99 .9 -16.83 -16.9 3.58 -11.91 -11.87 2.21 -16.62
5 24 .76 -8.35 10.48 1.17 -4.3 14.56 -2.46 -6.94 12.71 3.93 -6.36 12.09
5 24 -14.43 -7.17 -10.17 -10.53 -8.21 -14.07 -10.17 -8.75 -12.95 -15.05 -5.67 -11.47
5 24 2.82 -10.42 -11.63 7.25 -9.7 -13.04 3.61 -9.92 -13.6 6.99 -10.15 -9.58
5 24 -1.12 27.04 -12.98 -3.65 34.62 -12.38 1.38 27.42 -12.95 -8.54 29.76 -11.94
5 24 -1.73 9.4 18.86 3.39 6.94 18.14 -.68 12.28 18.86 2.42 5.2 17.62
5 24 -17.24 6.64 6.93 -16.85 7.94 8.41 -18.39 9.23 6.78 -11.84 5.5 13.71
5 24 11.94 5.5 -14.1 10.08 5.86 -12.21 10.91 8.9 -11.53 5.74 4.22 -16.42
5 24 -13.63 -.57 -15.61 -6.9 -2.93 -19.94 -8.12 -4.33 -18.51 -12.99 .9 -16.83
5 24 -18.7 13.21 .1 -17.96 11.34 -2.23 -18.59 14.48 -1.33 -18.46 9.03 1.52
5 24 5.96 3.48 -17.61 .69 3.27 -18.08 .93 1.55 -18.27 5.74 4.22 -16.42
5 24 -17.74 12.85 -4.42 -18.59 14.48 -1.33 -17.96 11.34 -2.23 -17.62 19.27 -8.06
5 24 8.72 36.31 -15.99 2.96 39.05 -16.4 6.33 41.32 -12.17 2.85 37.26 -18.48
5 24 -1.41 -10.26 -12.4 -.98 -11.93 -9.32 2.82 -10.42 -11.63 -3.82 -11.69 -8.79
5 24 5.8 -11.72 -7.49 1.91 -11.63 -5.95 2.23 -12 -8.88 4.76 -11.28 -4.83
5 24 10.44 -7.7 -12.95 11.19 -7.93 -11.36 8.31 -8.58 -13.14 11.79 -7.01 -10.61
5 24 -16.62 10.25 9.9 -11.28 12.71 15.78 -11.42 10.52 15.6 -10.82 16.27 15.98
5 24 -18.5 -4.5 -2.55 -18.81 -1.5 -4.06 -18.61 2.01 2.65 -17.8 -3.18 -7.48
5 24 3.46 23.48 -12.99 3.72 23.48 -16.31 6.31 22.41 -15.17 1.35 23.58 -13.34
5 24 -17.24 6.64 6.93 -17.55 -1.59 4.58 -13.91 2.32 10.26 -18.61 2.01 2.65
5 24 -3.82 -10.07 7.36 -3.54 -7.07 11.42 -2.87 -10.07 7.28 -5.11 -9.85 7.35
5 24 12.29 .93 11.73 14.89 -4.06 4.36 10.45 -.4 12.06 17.52 -1.93 2.38
5 24 11.1 28.3 -11.63 16.54 24.02 -11.19 13.28 23.36 -10.5 14.51 30.54 -11.89
5 24 18.9 5.54 -.1 18.87 3.56 3.12 18.66 6.2 4.93 18.9 4.58 -.44
5 24 15.82 18.04 5.13 17.7 11.09 5.86 17.51 17.67 2.47 16 11.56 7.2
5 24 10.41 19.96 -16.26 12.13 21.19 -15 9.83 26.41 -16.74 12.37 14 -14.29
5 24 -15.74 -6.01 -1.18 -18.5 -4.5 -2.55 -17.28 -5.77 -6.14 -15.3 -3.52 5.32
5 24 -2.3 -12.22 4.41 -4.4 -11.31 5.06 -2.51 -12.28 3.61 -3.53 -11.51 5.25
5 24 16.95 -4.08 -6.64 12.55 -6.47 -10.12 16.49 -3.18 -7.55 16.23 -5.18 -5.05
5 24 -6.77 9.96 18.33 -11.28 12.71 15.78 -11.42 10.52 15.6 -6.18 12.5 18.42
5 24 -14.43 -7.17 -10.17 -14.78 -6.75 -4.26 -12.39 -7.62 -7.99 -17.28 -5.77 -6.14
5 24 8.72 36.31 -15.99 2.85 37.26 -18.48 8.45 34.63 -17.69 2.96 39.05 -16.4
5 24 -18.65 3.84 -6.99 -18.46 4.85 -7.89 -17.18 2.3 -10.93 -19.11 6.68 -.31
5 24 6.56 .14 -17.17 7.17 -.99 -17.66 16.32 2.65 -11.48 3.06 -1.99 -18.82
5 24 19.1 2.5 -.93 19.18 1.56 -1.27 18.87 3.56 3.12 16.26 -.36 -10.65
5 24 .34 15.9 18.78 -5.44 16.08 18.48 -4.92 17.97 16.42 -.68 12.28 18.86
5 24 1.14 -9.85 -13.57 2.82 -10.42 -11.63 -1.41 -10.26 -12.4 3.61 -9.92 -13.6
5 24 .6 22.08 15.57 .63 22.09 14.49 -4.37 21.7 13.98 6.41 20.44 14.13
5 24 8.11 4.48 15.63 12.29 .93 11.73 9.4 7.72 15.38 10.45 -.4 12.06
5 24 -1.74 -12.01 4.92 -1.59 -12.45 4.02 -2.3 -12.22 4.41 -.48 -12.1 4.82
5 24 6.78 -10.69 -2.85 3.42 -11.97 -2.1 4.76 -11.28 -4.83 4.96 -11.36 -.45
5 24 -9.33 -10.65 2.68 -9.76 -8.41 7.42 -6.44 -9.17 7.12 -11.66 -6.88 6.82
5 24 -14.79 25.98 -11.69 -13.49 24.74 -14.06 -16.49 17.87 -9.81 -9.42 30.95 -15.8
5 24 8.72 36.31 -15.99 12.46 34.74 -11.87 9.47 39.41 -11.91 12.86 29.69 -15.14
5 24 15.95 -6.72 -3.84 16.23 -5.18 -5.05 18.04 -.74 1.1 10.55 -8.96 -7.94
5 24 -17.8 -3.18 -7.48 -18.69 -1.03 -9.32 -19.76 1.14 -5.52 -15.58 -4.02 -13.42
5 24 2.57 32.34 -17.78 -.19 24.87 -19.79 -1.17 31.34 -17.93 2.16 25.18 -19.49
5 24 -9.42 30.95 -15.8 -14.79 25.98 -11.69 -11.43 32.85 -11.97 -13.49 24.74 -14.06
5 24 7.25 -9.7 -13.04 3.61 -9.92 -13.6 1.3 -9.19 -16.42 2.82 -10.42 -11.63
5 24 11.1 28.3 -11.63 12.46 34.74 -11.87 7.02 34.13 -12.08 14.51 30.54 -11.89
5 24 1.38 27.42 -12.95 1.35 23.58 -13.34 -1.12 27.04 -12.98 3.95 27.16 -12.61
5 24 -13.53 15.14 -2.13 -11.98 .44 -4.62 -11.01 18.23 -7.6 -13.01 .44 .1
5 24 -18.44 9.9 3.57 -17.68 11.11 4.6 -19.01 7.88 5.29 -18.7 13.21 .1
5 24 8.34 -7.91 6.31 6.28 -10.43 2.01 7.89 -9.78 .43 6.47 -8.74 6.8
5 24 12.28 27.97 -16.16 8.45 34.63 -17.69 12.86 29.69 -15.14 9.83 26.41 -16.74
5 24 -3.54 -7.07 11.42 -1.63 -8.63 9.85 -2.87 -10.07 7.28 -2.46 -6.94 12.71
5 24 5.53 20.14 12.04 11.09 19.23 10.05 6.06 20.66 13.17 10.05 19 9.11
5 24 -11.42 10.52 15.6 -11.28 12.71 15.78 -6.77 9.96 18.33 -16.62 10.25 9.9
5 24 -17.37 8.27 -8.38 -18.46 9.03 1.52 -17.96 11.34 -2.23 -19.11 6.68 -.31
5 24 -4.92 17.97 16.42 -4.64 21.71 14.94 -9.48 21.34 12.1 .46 18.12 16.58
5 24 -4.74 -7.47 -17.01 -10.7 -7.16 -15.99 -8.92 -5.21 -16.83 -6.33 -9.04 -16.27
5 24 -10.53 -8.21 -14.07 -10.7 -7.16 -15.99 -6.33 -9.04 -16.27 -15.05 -5.67 -11.47
5 24 11.96 -5.79 -11.21 10.11 -4.22 -15.45 11.13 -6.41 -11.82 16.49 -3.18 -7.55
5 24 18.05 7.22 5.67 18.87 6.36 .18 18.66 6.2 4.93 17.98 7.36 .57
5 24 -12.29 23.41 -15.4 -8.42 29.82 -17.21 -13.49 24.74 -14.06 -10 21.53 -15.79
5 24 4.96 -11.36 -.45 3.35 -10.43 4.34 1.37 -11.52 1.6 6.28 -10.43 2.01
5 24 6.82 2.84 15.28 3.39 6.94 18.14 8.11 4.48 15.63 2.42 5.2 17.62
5 24 5.95 -5.03 12.54 3.93 -6.36 12.09 6.47 -8.74 6.8 1.17 -4.3 14.56
5 24 -7.24 -11.14 -7.55 -8.73 -10.7 -3.1 -10.67 -10.17 -4.99 -6.06 -11.31 -5.15
5 24 7.17 -.99 -17.66 16.72 1.52 -11.6 8.51 -2.95 -15.98 16.32 2.65 -11.48
5 24 .63 22.09 14.49 6.41 20.44 14.13 6.06 20.66 13.17 .6 22.08 15.57
5 24 -10.17 -8.75 -12.95 -12.39 -7.62 -7.99 -14.43 -7.17 -10.17 -8.76 -8.76 -10.93
5 24 -12.13 .28 11.46 -13.35 3.1 12.06 -13.91 2.32 10.26 -8.94 -1.56 14.33
5 24 -2.46 -6.94 12.71 -6.69 -4.98 12.53 -3.54 -7.07 11.42 -8.94 -1.56 14.33
5 24 2.06 35.53 -12.46 1.38 27.42 -12.95 -3.65 34.62 -12.38 7.02 34.13 -12.08
5 24 2.06 35.53 -12.46 2.63 41.74 -12.34 -1.08 41.79 -12.64 6.33 41.32 -12.17
5 24 -13.68 -6.04 6.46 -15.3 -3.52 5.32 -10.16 -2.16 12.81 -15.74 -6.01 -1.18
5 24 .21 -10.6 7.32 1.09 -10.26 7.33 -.3 -8.92 10.05 .29 -11.26 6.14
5 24 -13.49 24.74 -14.06 -8.42 29.82 -17.21 -12.29 23.41 -15.4 -9.42 30.95 -15.8
5 24 -5.24 -9.65 -12.21 -3.82 -11.69 -8.79 -7.24 -11.14 -7.55 -1.41 -10.26 -12.4
5 24 15.53 18.32 2.02 14.5 18.59 4.75 15.82 18.04 5.13 12.82 18.47 4.38
5 24 -11.63 6.28 14.34 -16.63 9.17 9.4 -16.85 7.94 8.41 -11.19 9.2 15.12
5 24 8.83 5.44 -9.46 10.08 5.86 -12.21 9.81 8.76 -8.77 5.22 4.44 -14.28
5 24 14.5 18.59 4.75 11.09 19.23 10.05 11.81 18.8 10.89 12.82 18.47 4.38
5 24 9.74 .52 -8.76 8.83 5.44 -9.46 9.81 8.76 -8.77 4.9751 4 -12.0107
5 24 5.31 .42 -11.82 9.74 .52 -8.76 3.0616 -5 -7.3912 4.9751 4 -12.0107
5 24 10.52 -8.75 -8.63 9.46 -8.72 -11.17 8.66 -9.55 -10.97 11.19 -7.93 -11.36
5 24 15.3 22.73 -13.53 12.86 29.69 -15.14 16.54 24.02 -11.19 14.47 21.92 -14.18
5 24 -.19 24.87 -19.79 -.39 23.45 -16.92 -4.74 23.06 -19.33 1.62 23.58 -16.81
5 24 -18.65 3.84 -6.99 -19.11 6.68 -.31 -18.82 2.9 -6.15 -18.46 4.85 -7.89
5 24 -.48 -12.1 4.82 -1.59 -12.45 4.02 .83 -11.8 4.28 -1.74 -12.01 4.92
5 24 11.79 -7.01 -10.61 10.44 -7.7 -12.95 11.13 -6.41 -11.82 11.19 -7.93 -11.36
5 24 .34 15.9 18.78 -4.92 17.97 16.42 -5.44 16.08 18.48 .46 18.12 16.58
5 24 -17.28 -5.77 -6.14 -17.8 -3.18 -7.48 -18.5 -4.5 -2.55 -15.05 -5.67 -11.47
5 24 -17.68 11.11 4.6 -16.75 12.09 9.7 -18.39 9.23 6.78 -15.44 14.25 8.36
5 24 18.87 3.56 3.12 19.05 .35 -.25 19.18 1.56 -1.27 18.04 -.74 1.1
5 24 6.99 -10.15 -9.58 2.23 -12 -8.88 2.82 -10.42 -11.63 5.8 -11.72 -7.49
5 24 -13.49 24.74 -14.06 -16.49 17.87 -9.81 -15.04 16.68 -12 -14.79 25.98 -11.69
5 24 -6.99 8.38 17.74 -6.77 9.96 18.33 -11.42 10.52 15.6 -2.39 7.56 18.15
5 24 10.07 -9.83 -.79 8.34 -11.12 -5.06 6.78 -10.69 -2.85 10.35 -9.36 -6.66
5 24 3.95 27.16 -12.61 1.38 27.42 -12.95 1.35 23.58 -13.34 7.02 34.13 -12.08
5 24 -8.98 21.3 11.27 -14.02 18.1 4.79 -9.48 21.34 12.1 -12.94 17.32 3.77
5 24 15.53 18.32 2.02 15.82 18.04 5.13 17.51 17.67 2.47 14.5 18.59 4.75
5 24 13.36 .45 .28 8 -5 0 12.37 .5 -4.6 12.53 .45 5.03
5 24 -17.28 -5.77 -6.14 -15.74 -6.01 -1.18 -18.5 -4.5 -2.55 -14.78 -6.75 -4.26
5 24 -7.31 19.39 -11.27 -7.79 18.91 -14.71 -4.46 21.98 -12.64 -10 13.86 -12.63
5 24 -4.74 23.06 -19.33 -5.66 27.32 -17.1 -8.74 19.17 -17.68 -1.17 31.34 -17.93
5 24 12.82 18.47 4.38 14.5 18.59 4.75 15.53 18.32 2.02 11.09 19.23 10.05
5 24 -8.54 29.76 -11.94 -1.12 27.04 -12.98 -3.65 34.62 -12.38 -4.85 25.61 -12.25
5 24 6.28 -10.43 2.01 7.89 -9.78 .43 8.34 -7.91 6.31 4.96 -11.36 -.45
5 24 14.22 -7.52 -2.54 10.35 -9.36 -6.66 12.47 -7.81 -2.08 10.13 -9.3 -7.46
5 24 .46 18.12 16.58 .6 22.08 15.57 -4.64 21.71 14.94 5.97 15.9 15.5
5 24 -11.85 6.89 -14.02 -9.37 5.07 -15.34 -9.91 7.04 -12.41 -10.86 4.1 -17.15
5 24 -4.9 .44 -11.78 -3.0616 -5 -7.3912 -9.31 .44 -8.67 0 -5 -8
5 24 -6.81 -11.95 -1.24 -8.73 -10.7 -3.1 -8.36 -11.39 .78 -6.06 -11.31 -5.15
5 24 7.17 -.99 -17.66 6.16 -3.96 -17.18 3.06 -1.99 -18.82 8.51 -2.95 -15.98
5 24 -18.61 2.01 2.65 -18.5 -4.5 -2.55 -17.55 -1.59 4.58 -18.81 -1.5 -4.06
5 24 -10 13.86 -12.63 -11.24 13.95 -15.21 -10.43 9.23 -11.95 -8.74 19.17 -17.68
5 24 .17 4.37 -14.96 5.22 4.44 -14.28 .51 4.01 -16.85 4.9751 4 -12.0107
5 24 -13.91 2.32 10.26 -15.3 -3.52 5.32 -17.55 -1.59 4.58 -12.13 .28 11.46
5 24 -18.59 14.48 -1.33 -14.75 18.97 -7.74 -17.62 19.27 -8.06 -16.3 15.02 -1.67
5 24 -1.41 -10.26 -12.4 -3.82 -11.69 -8.79 -5.24 -9.65 -12.21 -.98 -11.93 -9.32
5 24 -5.58 40.4 -12.18 -3.65 34.62 -12.38 -9.25 36.26 -12.1 -1.08 41.79 -12.64
5 24 18.9 5.54 -.1 18.87 6.36 .18 18.66 6.2 4.93 16.25 5.41 -11.77
5 24 .24 .4 -12.79 5.31 .42 -11.82 0 -5 -8 4.9751 4 -12.0107
5 24 13.36 .45 .28 12.53 .45 5.03 12.82 18.47 4.38 8 -5 0
5 24 12.82 18.47 4.38 15.53 18.32 2.02 14.5 18.59 4.75 13.25 18.27 1.37
5 24 19.32 3.67 -.72 19.1 2.5 -.93 16.26 -.36 -10.65 18.87 3.56 3.12
5 24 -16.62 10.25 9.9 -10.82 16.27 15.98 -16.75 12.09 9.7 -11.28 12.71 15.78
5 24 -16.15 11.46 -9.08 -15.04 16.68 -12 -16.49 17.87 -9.81 -14.57 11.06 -10.48
5 24 8.86 19.23 -13.85 6.31 22.41 -15.17 10.41 19.96 -16.26 6.21 22.17 -11.9
5 24 1.91 -11.63 -5.95 2.23 -12 -8.88 5.8 -11.72 -7.49 -.93 -11.69 -6.25
5 24 -.48 -12.1 4.82 1.36 -11.06 5.41 .29 -11.26 6.14 .83 -11.8 4.28
5 24 -16.15 11.46 -9.08 -17.74 12.85 -4.42 -16.49 17.87 -9.81 -17.96 11.34 -2.23
5 24 -20.06 4.83 .76 -19.01 7.88 5.29 -18.44 9.9 3.57 -18.61 2.01 2.65
5 24 .93 1.55 -18.27 -2.3 .99 -18.33 1.02 -.5 -18.34 .69 3.27 -18.08
5 24 2.85 37.26 -18.48 -1.17 31.34 -17.93 -2.93 36.02 -18.41 2.57 32.34 -17.78
5 24 -11.63 6.28 14.34 -4.61 2.28 16.54 -11.84 5.5 13.71 -7.88 4.89 17.09
5 24 -6.81 -11.95 -1.24 -8.36 -11.39 .78 -3.09 -11.73 1.42 -8.73 -10.7 -3.1
5 24 -18.61 2.01 2.65 -17.24 6.64 6.93 -17.55 -1.59 4.58 -19.01 7.88 5.29
5 24 -8.92 -5.21 -16.83 -10.7 -7.16 -15.99 -4.74 -7.47 -17.01 -15.58 -4.02 -13.42
5 24 14.89 -4.06 4.36 15.95 -6.72 -3.84 17.52 -1.93 2.38 14.22 -7.52 -2.54
5 24 18.66 6.2 4.93 15.98 5.29 8.9 18.05 7.22 5.67 18.87 3.56 3.12
5 24 -9.48 21.34 12.1 -9.89 17.82 14.07 -14.9 18.19 5.73 -4.92 17.97 16.42
5 24 16.77 7.41 8.43 15.98 5.29 8.9 18.05 7.22 5.67 11.12 10.81 14.87
5 24 -5.24 -9.65 -12.21 -6.13 -9.8 -14.18 -8.76 -8.76 -10.93 -1.41 -10.26 -12.4
5 24 -8.92 -5.21 -16.83 -8.12 -4.33 -18.51 -4.74 -7.47 -17.01 -13.63 -.57 -15.61
5 24 4.56 10 18.02 3.39 6.94 18.14 -.68 12.28 18.86 8.11 4.48 15.63
5 24 -6.18 12.5 18.42 -.68 12.28 18.86 -5.44 16.08 18.48 -1.73 9.4 18.86
5 24 18.87 6.36 .18 18.66 6.2 4.93 18.9 5.54 -.1 18.05 7.22 5.67
5 24 -19.01 7.88 5.29 -18.44 9.9 3.57 -17.68 11.11 4.6 -20.06 4.83 .76
5 24 2.91 -2.58 15.17 .44 .99 17.67 -3.73 3.49 17.65 4.2 -1.51 15.9
5 24 -1.08 41.79 -12.64 -3.52 37.52 -16.56 2.96 39.05 -16.4 -5.58 40.4 -12.18
5 24 -10 13.86 -12.63 -10.43 9.23 -11.95 -11.24 13.95 -15.21 -9.44 14.18 -9.46
5 24 -7.31 19.39 -11.27 -10 13.86 -12.63 -7.79 18.91 -14.71 -9.44 14.18 -9.46
5 24 16.23 -5.18 -5.05 16.95 -4.08 -6.64 19.05 .35 -.25 12.55 -6.47 -10.12
5 24 -12.12 .44 5.27 -8 -5 0 -13.01 .44 .1 -7.3912 -5 3.0616
5 24 6.99 -10.15 -9.58 7.25 -9.7 -13.04 2.82 -10.42 -11.63 8.66 -9.55 -10.97
5 24 4.32 24.82 -19.03 1.62 23.58 -16.81 2.16 25.18 -19.49 3.72 23.48 -16.31
5 24 6.89 -6.12 -17.4 -1.02 -4.37 -19.49 1.42 -2.61 -19.89 4.35 -7.48 -17.1
5 24 6.89 -6.12 -17.4 4.35 -7.48 -17.1 10.44 -7.7 -12.95 -1.02 -4.37 -19.49
5 24 8.66 -9.55 -10.97 7.25 -9.7 -13.04 9.46 -8.72 -11.17 6.99 -10.15 -9.58
5 24 -17.8 -3.18 -7.48 -18.81 -1.5 -4.06 -18.5 -4.5 -2.55 -19.76 1.14 -5.52
5 24 -5.62 -1.55 -19.56 -10.86 4.1 -17.15 -3.72 .29 -19.81 -11.87 2.21 -16.62
5 24 17.49 7.46 -5.64 14.5 9.43 -10.3 17.01 9.98 -5.57 15.11 6.47 -10.81
5 24 3.18 -8.91 -17.31 1.3 -9.19 -16.42 7.25 -9.7 -13.04 -3.67 -6.86 -18.7
5 24 -6.06 .73 15.89 -4.61 2.28 16.54 -11.84 5.5 13.71 1.17 -4.3 14.56
5 24 10.91 8.9 -11.53 12.37 14 -14.29 10.57 13.88 -12.22 12.68 8.89 -13.33
5 24 -13.01 .44 .1 -13.64 15.17 -.48 -12.12 .44 5.27 -13.53 15.14 -2.13
5 24 -9.14 .45 9.65 -3.0616 -5 7.3912 -4.87 .45 12.38 -5.6568 -5 5.6568
5 24 8.31 -8.58 -13.14 11.19 -7.93 -11.36 9.46 -8.72 -11.17 10.44 -7.7 -12.95
5 24 -11.66 -6.88 6.82 -10.16 -2.16 12.81 -13.68 -6.04 6.46 -6.69 -4.98 12.53
5 24 -11.01 18.23 -7.6 -14.75 18.97 -7.74 -16.3 15.02 -1.67 -11.62 24.94 -11.34
5 24 .69 3.27 -18.08 .93 1.55 -18.27 5.96 3.48 -17.61 -2.3 .99 -18.33
5 24 3.18 -8.91 -17.31 4.35 -7.48 -17.1 -2.36 -5.8 -20.08 8.31 -8.58 -13.14
5 24 7.02 34.13 -12.08 1.38 27.42 -12.95 3.95 27.16 -12.61 2.06 35.53 -12.46
5 24 -3.65 34.62 -12.38 1.38 27.42 -12.95 2.06 35.53 -12.46 -1.12 27.04 -12.98
5 24 -2.46 -6.94 12.71 -1.63 -8.63 9.85 -.3 -8.92 10.05 -3.54 -7.07 11.42
5 24 -8.74 19.17 -17.68 -10 13.86 -12.63 -11.24 13.95 -15.21 -7.79 18.91 -14.71
5 24 5.8 -11.72 -7.49 6.99 -10.15 -9.58 2.23 -12 -8.88 10.35 -9.36 -6.66
5 24 17.7 11.09 5.86 16.77 7.41 8.43 18.05 7.22 5.67 16 11.56 7.2
5 24 18.9 5.54 -.1 16.25 5.41 -11.77 18.87 6.36 .18 16.31 4.15 -11.69
5 24 12.55 -6.47 -10.12 11.79 -7.01 -10.61 16.23 -5.18 -5.05 11.96 -5.79 -11.21
5 24 19.18 1.56 -1.27 16.26 -.36 -10.65 19.1 2.5 -.93 16.59 -1.44 -10.27
5 24 1.36 -11.06 5.41 1.09 -10.26 7.33 2.87 -9.54 7.16 .29 -11.26 6.14
5 24 -8.25 5.31 -13.31 -8.55 6.65 -10.13 -7.14 5.55 -11.03 -9.91 7.04 -12.41
5 24 10.41 19.96 -16.26 8.86 19.23 -13.85 10.57 13.88 -12.22 6.31 22.41 -15.17
5 24 -13.63 -.57 -15.61 -13.99 -1.72 -14.31 -8.92 -5.21 -16.83 -17.18 2.3 -10.93
5 24 1.34 -12.42 -3.02 1.91 -11.63 -5.95 4.76 -11.28 -4.83 -.88 -12.54 -3.37
5 24 6.31 22.41 -15.17 3.46 23.48 -12.99 3.72 23.48 -16.31 6.21 22.17 -11.9
5 24 -11.01 18.23 -7.6 -11.62 24.94 -11.34 -7.59 23.38 -11.16 -14.75 18.97 -7.74
5 24 -9.37 5.07 -15.34 -6.37 3.79 -16.98 -10.86 4.1 -17.15 -8.25 5.31 -13.31
5 24 -4.92 17.97 16.42 -9.48 21.34 12.1 -9.89 17.82 14.07 -4.64 21.71 14.94
5 24 18.66 6.2 4.93 18.05 7.22 5.67 15.98 5.29 8.9 18.87 6.36 .18
5 24 9.83 26.41 -16.74 8.45 34.63 -17.69 12.28 27.97 -16.16 6.71 30.68 -17.4
5 24 -7.24 -11.14 -7.55 -8.76 -8.76 -10.93 -12.39 -7.62 -7.99 -5.24 -9.65 -12.21
5 24 -.88 -12.54 -3.37 -2.91 -12.51 -3.19 -.93 -11.69 -6.25 -1.04 -11.79 .57
5 24 12.13 21.19 -15 14.47 21.92 -14.18 13.87 14.75 -11.54 12.28 27.97 -16.16
5 24 1.02 -.5 -18.34 .93 1.55 -18.27 -2.3 .99 -18.33 6.56 .14 -17.17
5 24 19.18 1.56 -1.27 16.95 -4.08 -6.64 16.49 -3.18 -7.55 19.05 .35 -.25
5 24 18.87 6.36 .18 17.49 7.46 -5.64 17.98 7.36 .57 16.25 5.41 -11.77
5 24 -10.67 -10.17 -4.99 -10.62 -9.94 -.8 -12.91 -9.21 -1.92 -8.73 -10.7 -3.1
5 24 -.3 -8.92 10.05 -2.46 -6.94 12.71 .76 -8.35 10.48 -1.63 -8.63 9.85
5 24 19.18 1.56 -1.27 19.05 .35 -.25 18.87 3.56 3.12 16.95 -4.08 -6.64
5 24 -11.24 13.95 -15.21 -10.43 9.23 -11.95 -12.11 9.42 -13.81 -10 13.86 -12.63
5 24 8.72 36.31 -15.99 9.47 39.41 -11.91 6.33 41.32 -12.17 12.46 34.74 -11.87
5 24 10.47 -7.68 5.79 10.07 -9.83 -.79 12.47 -7.81 -2.08 8.34 -7.91 6.31
5 24 16.31 4.15 -11.69 16.32 2.65 -11.48 18.9 4.58 -.44 6.22 1.93 -17.48
5 24 -5.6568 -5 5.6568 -9.14 .45 9.65 -7.3912 -5 3.0616 -3.0616 -5 7.3912
5 24 16 11.56 7.2 15.82 18.04 5.13 11.81 18.8 10.89 17.7 11.09 5.86
5 24 13.87 14.75 -11.54 12.37 14 -14.29 12.68 8.89 -13.33 12.13 21.19 -15
5 24 -12.91 -9.21 -1.92 -13.82 -8.39 .54 -14.78 -6.75 -4.26 -11.53 -9.19 1.32
5 24 -12.13 .28 11.46 -8.94 -1.56 14.33 -10.16 -2.16 12.81 -13.35 3.1 12.06
5 24 12.37 .5 -4.6 7.3912 -5 -3.0616 9.74 .52 -8.76 8 -5 0
5 24 12.13 21.19 -15 12.28 27.97 -16.16 14.47 21.92 -14.18 9.83 26.41 -16.74
5 24 -17.68 11.11 4.6 -14.9 18.19 5.73 -17.03 14.21 .48 -15.44 14.25 8.36
5 24 13.36 .45 .28 12.69 18.48 -3.85 13.25 18.27 1.37 12.37 .5 -4.6
5 24 12.53 .45 5.03 12.82 18.47 4.38 13.36 .45 .28 10.05 19 9.11
5 24 -12.94 17.32 3.77 -14.02 18.1 4.79 -13.64 15.17 -.48 -8.98 21.3 11.27
5 24 11.94 5.5 -14.1 16.25 5.41 -11.77 15.11 6.47 -10.81 5.96 3.48 -17.61
5 24 -14.02 18.1 4.79 -13.64 15.17 -.48 -15.5 14.92 .01 -12.94 17.32 3.77
5 24 19.32 3.67 -.72 18.87 3.56 3.12 18.9 4.58 -.44 19.1 2.5 -.93
5 24 -11.87 2.21 -16.62 -10.86 4.1 -17.15 -5.62 -1.55 -19.56 -15.47 6.93 -12.51
5 24 1.14 -9.85 -13.57 -.58 -9.23 -15.36 1.3 -9.19 -16.42 -1.46 -9.86 -14.54
5 24 -3.0616 -5 7.3912 -4.87 .45 12.38 0 -5 8 -9.14 .45 9.65
5 24 15.95 -6.72 -3.84 10.55 -8.96 -7.94 10.13 -9.3 -7.46 16.23 -5.18 -5.05
5 24 -4.74 23.06 -19.33 -4.44 22.06 -16.23 -.39 23.45 -16.92 -8.74 19.17 -17.68
5 24 1.62 23.58 -16.81 2.16 25.18 -19.49 4.32 24.82 -19.03 -.19 24.87 -19.79
5 24 -4.61 2.28 16.54 -3.73 3.49 17.65 2.91 -2.58 15.17 -7.88 4.89 17.09
5 24 -15.04 16.68 -12 -14.57 11.06 -10.48 -16.15 11.46 -9.08 -13.33 15.77 -12.84
5 24 -2.93 36.02 -18.41 -8.42 29.82 -17.21 -9.42 30.95 -15.8 -5.66 27.32 -17.1
5 24 -17.35 1.19 -9.93 -17.18 2.3 -10.93 -13.99 -1.72 -14.31 -18.65 3.84 -6.99
5 24 10.57 13.88 -12.22 7.95 19 -10.8 8.86 19.23 -13.85 9.4 13.96 -9.23
5 24 -2.51 -12.28 3.61 -3.09 -11.73 1.42 -1.27 -12.54 3.18 -4.4 -11.31 5.06
5 24 -18.46 9.03 1.52 -18.44 9.9 3.57 -20.06 4.83 .76 -18.7 13.21 .1
5 24 -2.93 36.02 -18.41 -1.17 31.34 -17.93 2.85 37.26 -18.48 -5.66 27.32 -17.1
5 24 10.45 -.4 12.06 7.64 -4.36 12.92 12.86 -4.89 4.81 6.82 2.84 15.28
5 24 16.59 -1.44 -10.27 19.18 1.56 -1.27 16.49 -3.18 -7.55 16.26 -.36 -10.65
5 24 5.93 13.36 17.73 4.56 10 18.02 .34 15.9 18.78 9.4 7.72 15.38
5 24 8.34 -11.12 -5.06 10.35 -9.36 -6.66 5.8 -11.72 -7.49 10.07 -9.83 -.79
5 24 -12.49 4.33 13.04 -6.06 .73 15.89 -8.94 -1.56 14.33 -11.84 5.5 13.71
5 24 -2.51 -12.28 3.61 -4.4 -11.31 5.06 -3.09 -11.73 1.42 -2.3 -12.22 4.41
5 24 -18.69 -1.03 -9.32 -17.35 1.19 -9.93 -15.58 -4.02 -13.42 -18.82 2.9 -6.15
5 24 -17.74 12.85 -4.42 -17.96 11.34 -2.23 -18.59 14.48 -1.33 -16.15 11.46 -9.08
5 24 -12.29 23.41 -15.4 -13.33 15.77 -12.84 -15.04 16.68 -12 -10 21.53 -15.79
5 24 -.19 24.87 -19.79 -1.17 31.34 -17.93 -4.74 23.06 -19.33 2.57 32.34 -17.78
5 24 10.45 -.4 12.06 14.89 -4.06 4.36 12.29 .93 11.73 12.86 -4.89 4.81
5 24 11.09 19.23 10.05 6.06 20.66 13.17 11.81 18.8 10.89 5.53 20.14 12.04
5 24 -9.31 .44 -8.67 -7.14 5.55 -11.03 -8.55 6.65 -10.13 -4.9751 4.4 -12.0107
5 24 -16.9 3.58 -11.91 -17.68 6.25 -7.96 -16.01 4.93 -11.94 -18.46 4.85 -7.89
5 24 9.74 .52 -8.76 12.37 .5 -4.6 7.3912 -5 -3.0616 9.81 8.76 -8.77
5 24 18.9 4.58 -.44 16.31 4.15 -11.69 18.9 5.54 -.1 16.32 2.65 -11.48
5 24 10.11 -4.22 -15.45 8.11 -5.09 -16.43 8.51 -2.95 -15.98 11.13 -6.41 -11.82
5 24 -11.43 32.85 -11.97 -9.42 30.95 -15.8 -9.25 36.26 -12.1 -14.79 25.98 -11.69
5 24 12.86 -4.89 4.81 14.89 -4.06 4.36 10.45 -.4 12.06 12.47 -7.81 -2.08
5 24 8.51 -2.95 -15.98 8.11 -5.09 -16.43 6.16 -3.96 -17.18 10.11 -4.22 -15.45
5 24 -6.06 -11.31 -5.15 -2.91 -12.51 -3.19 -4.9 -12.3 -2.64 -3.33 -11.59 -6.19
5 24 -.58 -9.23 -15.36 -6.33 -9.04 -16.27 -4.74 -7.47 -17.01 -1.46 -9.86 -14.54
5 24 -3.82 -11.69 -8.79 -6.06 -11.31 -5.15 -7.24 -11.14 -7.55 -3.33 -11.59 -6.19
5 24 11.09 19.23 10.05 11.81 18.8 10.89 6.06 20.66 13.17 14.5 18.59 4.75
5 24 12.69 18.48 -3.85 7.95 19 -10.8 9.4 13.96 -9.23 9.1 22.27 -9.97
5 24 -15.44 14.25 8.36 -16.75 12.09 9.7 -9.89 17.82 14.07 -17.68 11.11 4.6
5 24 7.25 -9.7 -13.04 3.18 -8.91 -17.31 8.31 -8.58 -13.14 1.3 -9.19 -16.42
5 24 3.72 23.48 -16.31 1.62 23.58 -16.81 1.35 23.58 -13.34 4.32 24.82 -19.03
5 24 -12.12 .44 5.27 -13.01 .44 .1 -13.64 15.17 -.48 -8 -5 0
5 24 9.57 .45 9.64 5.31 .45 12.36 3.0616 -5 7.3912 5.53 20.14 12.04
5 24 -18.46 4.85 -7.89 -17.68 6.25 -7.96 -19.11 6.68 -.31 -16.9 3.58 -11.91
5 24 -19.01 7.88 5.29 -18.61 2.01 2.65 -17.24 6.64 6.93 -20.06 4.83 .76
5 24 -18.69 -1.03 -9.32 -19.76 1.14 -5.52 -18.82 2.9 -6.15 -17.8 -3.18 -7.48
5 24 -13.35 3.1 12.06 -8.94 -1.56 14.33 -12.13 .28 11.46 -12.49 4.33 13.04
5 24 -.68 12.28 18.86 3.39 6.94 18.14 4.56 10 18.02 -1.73 9.4 18.86
5 24 2.42 5.2 17.62 .44 .99 17.67 4.2 -1.51 15.9 -2.39 7.56 18.15
5 24 -9.48 21.34 12.1 -14.02 18.1 4.79 -14.9 18.19 5.73 -8.98 21.3 11.27
5 24 16.95 -4.08 -6.64 16.49 -3.18 -7.55 12.55 -6.47 -10.12 19.18 1.56 -1.27
5 24 -12.49 4.33 13.04 -17.24 6.64 6.93 -11.84 5.5 13.71 -13.35 3.1 12.06
5 24 -17.37 8.27 -8.38 -15.47 6.93 -12.51 -16.01 4.93 -11.94 -16.41 9.92 -8.52
5 24 -16.3 15.02 -1.67 -14.75 18.97 -7.74 -11.01 18.23 -7.6 -18.59 14.48 -1.33
5 24 -10.7 -7.16 -15.99 -15.58 -4.02 -13.42 -8.92 -5.21 -16.83 -15.05 -5.67 -11.47
5 24 -8.94 -1.56 14.33 -2.46 -6.94 12.71 1.17 -4.3 14.56 -6.69 -4.98 12.53
5 24 -11.42 10.52 15.6 -6.77 9.96 18.33 -11.28 12.71 15.78 -6.99 8.38 17.74
5 24 -4.4 -11.31 5.06 -5.88 -10.75 4.37 -5.11 -9.85 7.35 -3.09 -11.73 1.42
5 24 8.45 34.63 -17.69 2.57 32.34 -17.78 2.85 37.26 -18.48 6.71 30.68 -17.4
5 24 .51 4.01 -16.85 5.74 4.22 -16.42 5.22 4.44 -14.28 .69 3.27 -18.08
5 24 7.64 -4.36 12.92 5.95 -5.03 12.54 4.2 -1.51 15.9 10.47 -7.68 5.79
5 24 16.25 5.41 -11.77 17.49 7.46 -5.64 18.87 6.36 .18 15.11 6.47 -10.81
5 24 6.06 20.66 13.17 11.81 18.8 10.89 11.09 19.23 10.05 6.41 20.44 14.13
5 24 -10.86 4.1 -17.15 -9.37 5.07 -15.34 -6.37 3.79 -16.98 -11.85 6.89 -14.02
5 24 19.05 .35 -.25 16.23 -5.18 -5.05 16.95 -4.08 -6.64 18.04 -.74 1.1
5 24 14.89 -4.06 4.36 14.22 -7.52 -2.54 12.47 -7.81 -2.08 15.95 -6.72 -3.84
5 24 2.06 35.53 -12.46 7.02 34.13 -12.08 6.33 41.32 -12.17 1.38 27.42 -12.95
5 24 11.81 18.8 10.89 16 11.56 7.2 15.82 18.04 5.13 11.08 13.67 12.61
5 24 5.74 4.22 -16.42 11.94 5.5 -14.1 5.96 3.48 -17.61 10.08 5.86 -12.21
5 24 .46 18.12 16.58 -4.64 21.71 14.94 .6 22.08 15.57 -4.92 17.97 16.42
5 24 -7.24 -11.14 -7.55 -10.67 -10.17 -4.99 -12.39 -7.62 -7.99 -8.73 -10.7 -3.1
5 24 -18.5 -4.5 -2.55 -15.3 -3.52 5.32 -15.74 -6.01 -1.18 -17.55 -1.59 4.58
5 24 5.31 .45 12.36 .61 21.27 13.17 5.53 20.14 12.04 .2 .45 13.37
5 24 5.31 .45 12.36 5.53 20.14 12.04 .61 21.27 13.17 9.57 .45 9.64
5 24 -12.94 17.32 3.77 -9.14 .45 9.65 -12.12 .44 5.27 -8.38 20.48 10.32
5 24 17.01 9.98 -5.57 16.92 16.51 -4.65 16.75 15.06 -8.1 17.6 10.69 .9
5 24 -7.79 18.91 -14.71 -8.74 19.17 -17.68 -10 13.86 -12.63 -4.44 22.06 -16.23
5 24 -.58 -9.23 -15.36 -3.67 -6.86 -18.7 1.3 -9.19 -16.42 -4.74 -7.47 -17.01
5 24 5.31 .42 -11.82 4.9751 4 -12.0107 .24 .4 -12.79 9.74 .52 -8.76
5 24 -14.43 -7.17 -10.17 -10.17 -8.75 -12.95 -10.53 -8.21 -14.07 -12.39 -7.62 -7.99
5 24 -3.09 -11.73 1.42 -6.81 -11.95 -1.24 -4.9 -12.3 -2.64 -8.36 -11.39 .78
5 24 5.95 -5.03 12.54 10.47 -7.68 5.79 7.64 -4.36 12.92 8.34 -7.91 6.31
5 24 -1.27 -12.54 3.18 1.37 -11.52 1.6 -1.04 -11.79 .57 .83 -11.8 4.28
5 24 6.78 25.26 -11.58 3.95 27.16 -12.61 3.46 23.48 -12.99 11.1 28.3 -11.63
5 24 -3.73 3.49 17.65 -6.99 8.38 17.74 -2.39 7.56 18.15 -7.88 4.89 17.09
5 24 6.82 2.84 15.28 7.64 -4.36 12.92 10.45 -.4 12.06 4.2 -1.51 15.9
5 24 16.75 15.06 -8.1 14.5 9.43 -10.3 13.87 14.75 -11.54 17.01 9.98 -5.57
5 24 -1.74 -12.01 4.92 -.48 -12.1 4.82 -1.59 -12.45 4.02 .29 -11.26 6.14
5 24 -8.42 29.82 -17.21 -5.66 27.32 -17.1 -2.93 36.02 -18.41 -10 21.53 -15.79
5 24 -9.25 36.26 -12.1 -9.42 30.95 -15.8 -3.52 37.52 -16.56 -11.43 32.85 -11.97
5 24 -5.66 27.32 -17.1 -8.74 19.17 -17.68 -10 21.53 -15.79 -4.74 23.06 -19.33
5 24 -4.46 21.98 -12.64 -7.79 18.91 -14.71 -4.44 22.06 -16.23 -7.31 19.39 -11.27
5 24 -17.03 14.21 .48 -17.68 11.11 4.6 -18.7 13.21 .1 -14.9 18.19 5.73
5 24 -6.69 -4.98 12.53 -3.54 -7.07 11.42 -2.46 -6.94 12.71 -6.44 -9.17 7.12
5 24 13.87 14.75 -11.54 16.75 15.06 -8.1 14.5 9.43 -10.3 14.47 21.92 -14.18
5 24 3.18 -8.91 -17.31 8.31 -8.58 -13.14 7.25 -9.7 -13.04 4.35 -7.48 -17.1
5 24 13.28 23.36 -10.5 15.39 19.13 -3.14 9.1 22.27 -9.97 17.65 19.19 -2.99
5 24 -9.33 -10.65 2.68 -6.44 -9.17 7.12 -9.76 -8.41 7.42 -5.88 -10.75 4.37
5 24 -17.8 -3.18 -7.48 -18.5 -4.5 -2.55 -18.81 -1.5 -4.06 -17.28 -5.77 -6.14
5 24 -13.01 .44 .1 -8 -5 0 -11.98 .44 -4.62 -12.12 .44 5.27
5 24 -12.12 .44 5.27 -7.3912 -5 3.0616 -8 -5 0 -9.14 .45 9.65
5 24 5.31 .42 -11.82 3.0616 -5 -7.3912 0 -5 -8 9.74 .52 -8.76
5 24 -3.65 34.62 -12.38 2.06 35.53 -12.46 -1.08 41.79 -12.64 1.38 27.42 -12.95
5 24 -8.36 -11.39 .78 -3.09 -11.73 1.42 -5.88 -10.75 4.37 -6.81 -11.95 -1.24
5 24 -7.79 18.91 -14.71 -10 13.86 -12.63 -7.31 19.39 -11.27 -8.74 19.17 -17.68
5 24 2.42 5.2 17.62 -1.73 9.4 18.86 -2.39 7.56 18.15 3.39 6.94 18.14
5 24 9.46 -8.72 -11.17 7.25 -9.7 -13.04 8.66 -9.55 -10.97 8.31 -8.58 -13.14
5 24 10.08 5.86 -12.21 10.91 8.9 -11.53 11.94 5.5 -14.1 9.81 8.76 -8.77
5 24 .61 21.27 13.17 .63 22.09 14.49 6.06 20.66 13.17 -4.09 20.88 12.85
5 24 -9.44 14.18 -9.46 -10 13.86 -12.63 -7.31 19.39 -11.27 -10.43 9.23 -11.95
5 24 -9.89 17.82 14.07 -16.75 12.09 9.7 -15.44 14.25 8.36 -10.82 16.27 15.98
5 24 -.98 -11.93 -9.32 -3.33 -11.59 -6.19 -.93 -11.69 -6.25 -3.82 -11.69 -8.79
5 24 -12.29 23.41 -15.4 -13.49 24.74 -14.06 -15.04 16.68 -12 -8.42 29.82 -17.21
5 24 -15.3 -3.52 5.32 -12.13 .28 11.46 -10.16 -2.16 12.81 -13.91 2.32 10.26
5 24 1.02 -.5 -18.34 1.42 -2.61 -19.89 -3.72 .29 -19.81 3.06 -1.99 -18.82
5 24 -6.99 8.38 17.74 -11.42 10.52 15.6 -11.19 9.2 15.12 -6.77 9.96 18.33
5 24 10.44 -7.7 -12.95 4.35 -7.48 -17.1 6.89 -6.12 -17.4 8.31 -8.58 -13.14
5 24 -4.37 21.7 13.98 -8.98 21.3 11.27 -8.38 20.48 10.32 -4.64 21.71 14.94
5 24 6.06 20.66 13.17 .63 22.09 14.49 .61 21.27 13.17 6.41 20.44 14.13
5 24 -13.82 -8.39 .54 -15.74 -6.01 -1.18 -14.78 -6.75 -4.26 -13.68 -6.04 6.46
5 24 16.32 2.65 -11.48 6.22 1.93 -17.48 16.31 4.15 -11.69 6.56 .14 -17.17
5 24 -17.18 2.3 -10.93 -18.46 4.85 -7.89 -16.9 3.58 -11.91 -18.65 3.84 -6.99
5 24 -17.24 6.64 6.93 -18.39 9.23 6.78 -19.01 7.88 5.29 -16.85 7.94 8.41
5 24 -6.06 .73 15.89 1.17 -4.3 14.56 -8.94 -1.56 14.33 -4.61 2.28 16.54
5 24 11.12 10.81 14.87 16.77 7.41 8.43 16 11.56 7.2 15.98 5.29 8.9
5 24 -16.15 11.46 -9.08 -16.41 9.92 -8.52 -14.57 11.06 -10.48 -17.96 11.34 -2.23
5 24 -.3 -8.92 10.05 -1.63 -8.63 9.85 -2.46 -6.94 12.71 -1.3 -10.38 7.28
5 24 -3.73 3.49 17.65 .44 .99 17.67 -2.39 7.56 18.15 2.91 -2.58 15.17
5 24 -9.76 -8.41 7.42 -11.66 -6.88 6.82 -9.33 -10.65 2.68 -6.69 -4.98 12.53
5 24 1.91 -11.63 -5.95 -.88 -12.54 -3.37 -.93 -11.69 -6.25 1.34 -12.42 -3.02
5 24 17.51 17.67 2.47 17.6 10.69 .9 16.92 16.51 -4.65 17.7 11.09 5.86
5 24 -11.63 6.28 14.34 -11.84 5.5 13.71 -16.85 7.94 8.41 -4.61 2.28 16.54
5 24 -2.46 -6.94 12.71 1.17 -4.3 14.56 -8.94 -1.56 14.33 .76 -8.35 10.48
5 24 -18.39 9.23 6.78 -16.75 12.09 9.7 -17.68 11.11 4.6 -16.62 10.25 9.9
5 24 -1.3 -10.38 7.28 .21 -10.6 7.32 -1.74 -12.01 4.92 -.3 -8.92 10.05
5 24 3.61 -9.92 -13.6 1.3 -9.19 -16.42 1.14 -9.85 -13.57 7.25 -9.7 -13.04
5 24 -10.16 -2.16 12.81 -8.94 -1.56 14.33 -12.13 .28 11.46 -6.69 -4.98 12.53
5 24 10.07 -9.83 -.79 12.47 -7.81 -2.08 10.47 -7.68 5.79 10.35 -9.36 -6.66
5 24 17.52 -1.93 2.38 15.98 5.29 8.9 18.04 -.74 1.1 14.69 3.63 10.5
5 24 3.06 -1.99 -18.82 7.17 -.99 -17.66 6.16 -3.96 -17.18 6.56 .14 -17.17
5 24 5.31 .45 12.36 3.0616 -5 7.3912 0 -5 8 9.57 .45 9.64
5 24 9.1 22.27 -9.97 13.28 23.36 -10.5 15.39 19.13 -3.14 11.1 28.3 -11.63
5 24 11.19 -7.93 -11.36 16.23 -5.18 -5.05 10.52 -8.75 -8.63 11.79 -7.01 -10.61
5 24 -8.42 29.82 -17.21 -10 21.53 -15.79 -12.29 23.41 -15.4 -5.66 27.32 -17.1
5 24 -12.91 -9.21 -1.92 -11.53 -9.19 1.32 -13.82 -8.39 .54 -10.62 -9.94 -.8
5 24 15.3 22.73 -13.53 16.54 24.02 -11.19 12.86 29.69 -15.14 16.92 16.51 -4.65
5 24 .29 -11.26 6.14 -.48 -12.1 4.82 1.36 -11.06 5.41 -1.74 -12.01 4.92
5 24 1.17 -4.3 14.56 5.95 -5.03 12.54 2.91 -2.58 15.17 3.93 -6.36 12.09
5 24 -16.85 7.94 8.41 -11.63 6.28 14.34 -11.84 5.5 13.71 -16.63 9.17 9.4
5 24 -11.84 5.5 13.71 -6.06 .73 15.89 -4.61 2.28 16.54 -12.49 4.33 13.04
5 24 16.72 1.52 -11.6 19.32 3.67 -.72 16.26 -.36 -10.65 16.32 2.65 -11.48
5 24 -16.01 4.93 -11.94 -15.47 6.93 -12.51 -17.37 8.27 -8.38 -11.87 2.21 -16.62
5 24 7.02 34.13 -12.08 12.46 34.74 -11.87 9.47 39.41 -11.91 11.1 28.3 -11.63
5 24 9.57 .45 9.64 7.3912 -5 3.0616 12.53 .45 5.03 5.6568 -5 5.6568
5 24 -1.73 9.4 18.86 -6.18 12.5 18.42 -6.77 9.96 18.33 -.68 12.28 18.86
5 24 3.35 -10.43 4.34 6.47 -8.74 6.8 2.87 -9.54 7.16 6.28 -10.43 2.01
5 24 -5.11 -9.85 7.35 -6.44 -9.17 7.12 -5.88 -10.75 4.37 -3.54 -7.07 11.42
5 24 14.47 21.92 -14.18 12.86 29.69 -15.14 15.3 22.73 -13.53 12.28 27.97 -16.16
5 24 -12.11 9.42 -13.81 -14.57 11.06 -10.48 -13.33 15.77 -12.84 -13.91 8.28 -12.03
5 24 3.42 -11.97 -2.1 4.76 -11.28 -4.83 6.78 -10.69 -2.85 1.34 -12.42 -3.02
5 24 .93 1.55 -18.27 5.96 3.48 -17.61 6.22 1.93 -17.48 .69 3.27 -18.08
5 24 -18.39 9.23 6.78 -16.62 10.25 9.9 -16.75 12.09 9.7 -16.63 9.17 9.4
5 24 -1.27 -12.54 3.18 -2.51 -12.28 3.61 -1.59 -12.45 4.02 -3.09 -11.73 1.42
5 24 -1.04 -11.79 .57 -1.27 -12.54 3.18 1.37 -11.52 1.6 -3.09 -11.73 1.42
5 24 1.42 -2.61 -19.89 -3.72 .29 -19.81 -5.62 -1.55 -19.56 1.02 -.5 -18.34
5 24 16.25 5.41 -11.77 5.96 3.48 -17.61 11.94 5.5 -14.1 6.22 1.93 -17.48
5 24 -2.87 -10.07 7.28 -1.63 -8.63 9.85 -3.54 -7.07 11.42 -1.3 -10.38 7.28
5 24 -17.03 14.21 .48 -18.7 13.21 .1 -17.68 11.11 4.6 -18.59 14.48 -1.33
5 24 -17.96 11.34 -2.23 -18.46 9.03 1.52 -18.7 13.21 .1 -17.37 8.27 -8.38
5 24 -14.9 18.19 5.73 -15.44 14.25 8.36 -9.89 17.82 14.07 -17.68 11.11 4.6
5 24 8.66 -9.55 -10.97 10.55 -8.96 -7.94 10.13 -9.3 -7.46 10.52 -8.75 -8.63
5 24 -19.01 7.88 5.29 -18.39 9.23 6.78 -17.24 6.64 6.93 -17.68 11.11 4.6
5 24 -6.33 -9.04 -16.27 -6.13 -9.8 -14.18 -10.53 -8.21 -14.07 -1.46 -9.86 -14.54
5 24 -17.96 11.34 -2.23 -16.15 11.46 -9.08 -17.74 12.85 -4.42 -16.41 9.92 -8.52
5 24 2.85 37.26 -18.48 2.96 39.05 -16.4 8.72 36.31 -15.99 -3.52 37.52 -16.56
5 24 18.87 6.36 .18 16.25 5.41 -11.77 17.49 7.46 -5.64 18.9 5.54 -.1
5 24 -9.42 30.95 -15.8 -8.42 29.82 -17.21 -2.93 36.02 -18.41 -13.49 24.74 -14.06
5 24 -12.99 .9 -16.83 -13.63 -.57 -15.61 -6.9 -2.93 -19.94 -16.9 3.58 -11.91
5 24 1.3 -9.19 -16.42 -3.67 -6.86 -18.7 3.18 -8.91 -17.31 -.58 -9.23 -15.36
5 24 2.96 39.05 -16.4 2.63 41.74 -12.34 -1.08 41.79 -12.64 6.33 41.32 -12.17
5 24 -.93 -11.69 -6.25 -.88 -12.54 -3.37 -2.91 -12.51 -3.19 1.91 -11.63 -5.95
5 24 -1.59 -12.45 4.02 -2.3 -12.22 4.41 -2.51 -12.28 3.61 -1.74 -12.01 4.92
5 24 3.93 -6.36 12.09 2.87 -9.54 7.16 6.47 -8.74 6.8 .76 -8.35 10.48
5 24 11.12 10.81 14.87 5.93 13.36 17.73 9.4 7.72 15.38 5.97 15.9 15.5
5 24 6.33 41.32 -12.17 8.72 36.31 -15.99 2.96 39.05 -16.4 9.47 39.41 -11.91
5 24 5.22 4.44 -14.28 10.08 5.86 -12.21 8.83 5.44 -9.46 5.74 4.22 -16.42
5 24 14.5 9.43 -10.3 13.87 14.75 -11.54 16.75 15.06 -8.1 12.68 8.89 -13.33
5 24 11.94 5.5 -14.1 5.96 3.48 -17.61 5.74 4.22 -16.42 16.25 5.41 -11.77
5 24 -11.63 6.28 14.34 -7.88 4.89 17.09 -11.19 9.2 15.12 -4.61 2.28 16.54
5 24 2.23 -12 -8.88 2.82 -10.42 -11.63 -.98 -11.93 -9.32 6.99 -10.15 -9.58
5 24 -8.55 6.65 -10.13 -9.31 .44 -8.67 -9.47 9.03 -9.16 -7.14 5.55 -11.03
5 24 -3.53 -11.51 5.25 -3.82 -10.07 7.36 -2.87 -10.07 7.28 -5.11 -9.85 7.35
5 24 1.62 23.58 -16.81 -.19 24.87 -19.79 2.16 25.18 -19.49 -.39 23.45 -16.92
5 24 .29 -11.26 6.14 -1.74 -12.01 4.92 -.48 -12.1 4.82 .21 -10.6 7.32
5 24 -5.77 4.5 -14.61 .51 4.01 -16.85 -6.37 3.79 -16.98 .17 4.37 -14.96
5 24 -8.36 -11.39 .78 -10.62 -9.94 -.8 -9.33 -10.65 2.68 -8.73 -10.7 -3.1
5 24 -2.36 -5.8 -20.08 -8.12 -4.33 -18.51 -6.9 -2.93 -19.94 -3.67 -6.86 -18.7
5 24 11.19 -7.93 -11.36 10.52 -8.75 -8.63 9.46 -8.72 -11.17 16.23 -5.18 -5.05
5 24 -2.36 -5.8 -20.08 4.35 -7.48 -17.1 -1.02 -4.37 -19.49 3.18 -8.91 -17.31
5 24 9.1 22.27 -9.97 15.39 19.13 -3.14 12.69 18.48 -3.85 13.28 23.36 -10.5
5 24 -4.9751 4.4 -12.0107 -4.9 .44 -11.78 0 4 -13 -9.31 .44 -8.67
5 24 -4.9 .44 -11.78 .24 .4 -12.79 0 4 -13 0 -5 -8
5 24 10.44 -7.7 -12.95 8.31 -8.58 -13.14 4.35 -7.48 -17.1 11.19 -7.93 -11.36
5 24 .76 -8.35 10.48 1.09 -10.26 7.33 2.87 -9.54 7.16 -.3 -8.92 10.05
5 24 -12.11 9.42 -13.81 -13.91 8.28 -12.03 -11.85 6.89 -14.02 -14.57 11.06 -10.48
5 24 -6.9 -2.93 -19.94 -11.87 2.21 -16.62 -5.62 -1.55 -19.56 -12.99 .9 -16.83
5 24 -3.54 -7.07 11.42 -2.46 -6.94 12.71 -1.63 -8.63 9.85 -6.69 -4.98 12.53
5 24 2.96 39.05 -16.4 -1.08 41.79 -12.64 2.63 41.74 -12.34 -3.52 37.52 -16.56
5 24 -3.09 -11.73 1.42 -4.4 -11.31 5.06 -5.88 -10.75 4.37 -2.51 -12.28 3.61
5 24 1.09 -10.26 7.33 2.87 -9.54 7.16 1.36 -11.06 5.41 .76 -8.35 10.48
5 24 2.06 35.53 -12.46 6.33 41.32 -12.17 7.02 34.13 -12.08 2.63 41.74 -12.34
5 24 -2.36 -5.8 -20.08 -1.02 -4.37 -19.49 4.35 -7.48 -17.1 -6.9 -2.93 -19.94
5 24 4.56 10 18.02 9.4 7.72 15.38 5.93 13.36 17.73 8.11 4.48 15.63
5 24 8.72 36.31 -15.99 8.45 34.63 -17.69 2.85 37.26 -18.48 12.86 29.69 -15.14
5 24 -7.59 23.38 -11.16 -7.31 19.39 -11.27 -11.01 18.23 -7.6 -4.46 21.98 -12.64
5 24 -1.08 41.79 -12.64 -3.65 34.62 -12.38 -5.58 40.4 -12.18 2.06 35.53 -12.46
5 24 11.94 5.5 -14.1 10.91 8.9 -11.53 10.08 5.86 -12.21 12.68 8.89 -13.33
5 24 5.95 -5.03 12.54 6.47 -8.74 6.8 8.34 -7.91 6.31 3.93 -6.36 12.09
5 24 2.82 -10.42 -11.63 -.98 -11.93 -9.32 -1.41 -10.26 -12.4 2.23 -12 -8.88
5 24 -12.29 23.41 -15.4 -10 21.53 -15.79 -13.33 15.77 -12.84 -8.42 29.82 -17.21
5 24 -1.3 -10.38 7.28 -2.87 -10.07 7.28 -2.99 -11.58 5.23 -1.63 -8.63 9.85
5 24 -13.35 3.1 12.06 -13.91 2.32 10.26 -17.24 6.64 6.93 -12.13 .28 11.46
5 24 7.89 -9.78 .43 10.07 -9.83 -.79 6.78 -10.69 -2.85 8.34 -7.91 6.31
5 24 -14.02 18.1 4.79 -14.9 18.19 5.73 -15.5 14.92 .01 -9.48 21.34 12.1
5 24 19.32 3.67 -.72 16.26 -.36 -10.65 19.1 2.5 -.93 16.72 1.52 -11.6
5 24 -1.3 -10.38 7.28 -2.99 -11.58 5.23 -2.87 -10.07 7.28 -1.74 -12.01 4.92
5 24 16.72 1.52 -11.6 8.51 -2.95 -15.98 7.17 -.99 -17.66 16.26 -.36 -10.65
5 24 17.01 9.98 -5.57 16.75 15.06 -8.1 16.92 16.51 -4.65 14.5 9.43 -10.3
5 24 -18.7 13.21 .1 -18.44 9.9 3.57 -17.68 11.11 4.6 -18.46 9.03 1.52
5 24 -18.81 -1.5 -4.06 -19.76 1.14 -5.52 -20.06 4.83 .76 -17.8 -3.18 -7.48
5 24 7.95 19 -10.8 8.86 19.23 -13.85 6.21 22.17 -11.9 10.57 13.88 -12.22
5 24 -9.47 9.03 -9.16 -10.43 9.23 -11.95 -9.44 14.18 -9.46 -9.91 7.04 -12.41
5 24 0 4 -13 .17 4.37 -14.96 -4.9751 4.4 -12.0107 4.9751 4 -12.0107
5 24 12.47 -7.81 -2.08 14.22 -7.52 -2.54 14.89 -4.06 4.36 10.35 -9.36 -6.66
5 24 5.74 4.22 -16.42 .69 3.27 -18.08 .51 4.01 -16.85 5.96 3.48 -17.61
5 24 -10.43 9.23 -11.95 -9.44 14.18 -9.46 -9.47 9.03 -9.16 -10 13.86 -12.63
5 24 -13.91 8.28 -12.03 -15.47 6.93 -12.51 -10.86 4.1 -17.15 -16.41 9.92 -8.52
5 24 8.11 -5.09 -16.43 6.89 -6.12 -17.4 6.16 -3.96 -17.18 10.44 -7.7 -12.95
5 24 4.56 10 18.02 -.68 12.28 18.86 .34 15.9 18.78 3.39 6.94 18.14
5 24 17.49 7.46 -5.64 17.01 9.98 -5.57 14.5 9.43 -10.3 17.6 10.69 .9
5 24 -6.17 2.88 -18.06 .69 3.27 -18.08 .51 4.01 -16.85 -2.3 .99 -18.33
5 24 12.37 14 -14.29 12.13 21.19 -15 13.87 14.75 -11.54 10.41 19.96 -16.26
5 24 -.7 23.4 -13.4 -1.12 27.04 -12.98 1.35 23.58 -13.34 -4.85 25.61 -12.25
5 24 15.82 18.04 5.13 14.5 18.59 4.75 15.53 18.32 2.02 11.81 18.8 10.89
5 24 -17.18 2.3 -10.93 -16.9 3.58 -11.91 -18.46 4.85 -7.89 -13.63 -.57 -15.61
5 24 -10.7 -7.16 -15.99 -15.05 -5.67 -11.47 -15.58 -4.02 -13.42 -10.53 -8.21 -14.07
5 24 -11.24 13.95 -15.21 -13.33 15.77 -12.84 -10 21.53 -15.79 -12.11 9.42 -13.81
5 24 -4.4 -11.31 5.06 -5.11 -9.85 7.35 -5.88 -10.75 4.37 -3.53 -11.51 5.25
5 24 -13.33 15.77 -12.84 -12.11 9.42 -13.81 -14.57 11.06 -10.48 -11.24 13.95 -15.21
5 24 -18.69 -1.03 -9.32 -18.82 2.9 -6.15 -17.35 1.19 -9.93 -19.76 1.14 -5.52
5 24 5.96 3.48 -17.61 6.22 1.93 -17.48 16.25 5.41 -11.77 .93 1.55 -18.27
5 24 1.62 23.58 -16.81 -.39 23.45 -16.92 1.35 23.58 -13.34 -.19 24.87 -19.79
5 24 10.11 -4.22 -15.45 16.59 -1.44 -10.27 16.49 -3.18 -7.55 16.26 -.36 -10.65
5 24 -2.91 -12.51 -3.19 -3.09 -11.73 1.42 -4.9 -12.3 -2.64 -1.04 -11.79 .57
5 24 9.4 13.96 -9.23 12.69 18.48 -3.85 9.81 8.76 -8.77 7.95 19 -10.8
5 24 -11.98 .44 -4.62 -9.31 .44 -8.67 -7.3912 -5 -3.0616 -11.01 18.23 -7.6
5 24 6.47 -8.74 6.8 6.28 -10.43 2.01 8.34 -7.91 6.31 3.35 -10.43 4.34
5 24 17.01 9.98 -5.57 14.5 9.43 -10.3 16.75 15.06 -8.1 17.49 7.46 -5.64
5 24 -7.14 5.55 -11.03 -8.25 5.31 -13.31 -8.55 6.65 -10.13 -5.77 4.5 -14.61
5 24 9.83 26.41 -16.74 10.41 19.96 -16.26 7.12 23.48 -18.09 12.13 21.19 -15
5 24 11.08 13.67 12.61 11.81 18.8 10.89 16 11.56 7.2 5.97 15.9 15.5
5 24 -3.53 -11.51 5.25 -2.87 -10.07 7.28 -3.82 -10.07 7.36 -2.99 -11.58 5.23
5 24 -12.12 .44 5.27 -12.94 17.32 3.77 -9.14 .45 9.65 -13.64 15.17 -.48
5 24 6.22 1.93 -17.48 16.31 4.15 -11.69 16.25 5.41 -11.77 16.32 2.65 -11.48
5 24 -14.57 11.06 -10.48 -13.91 8.28 -12.03 -16.41 9.92 -8.52 -12.11 9.42 -13.81
5 24 18.87 3.56 3.12 15.98 5.29 8.9 18.66 6.2 4.93 18.04 -.74 1.1
5 24 6.71 30.68 -17.4 2.16 25.18 -19.49 4.32 24.82 -19.03 2.57 32.34 -17.78
5 24 6.78 25.26 -11.58 11.1 28.3 -11.63 9.1 22.27 -9.97 3.95 27.16 -12.61
5 24 19.32 3.67 -.72 16.32 2.65 -11.48 18.9 4.58 -.44 16.72 1.52 -11.6
5 24 -18.39 9.23 6.78 -16.85 7.94 8.41 -17.24 6.64 6.93 -16.63 9.17 9.4
5 24 -4.37 21.7 13.98 -4.64 21.71 14.94 .6 22.08 15.57 -8.98 21.3 11.27
5 24 6.06 20.66 13.17 6.41 20.44 14.13 11.81 18.8 10.89 .63 22.09 14.49
5 24 12.55 -6.47 -10.12 16.23 -5.18 -5.05 11.79 -7.01 -10.61 16.95 -4.08 -6.64
5 24 4.76 -11.28 -4.83 5.8 -11.72 -7.49 1.91 -11.63 -5.95 8.34 -11.12 -5.06
5 24 -8.73 -10.7 -3.1 -8.36 -11.39 .78 -10.62 -9.94 -.8 -6.81 -11.95 -1.24
5 24 -2.91 -12.51 -3.19 -1.04 -11.79 .57 -3.09 -11.73 1.42 -.88 -12.54 -3.37
5 24 -3.82 -10.07 7.36 -5.11 -9.85 7.35 -3.54 -7.07 11.42 -3.53 -11.51 5.25
5 24 -19.11 6.68 -.31 -20.06 4.83 .76 -19.76 1.14 -5.52 -18.46 9.03 1.52
5 24 -3.52 37.52 -16.56 2.96 39.05 -16.4 -1.08 41.79 -12.64 2.85 37.26 -18.48
5 24 9.46 -8.72 -11.17 8.66 -9.55 -10.97 7.25 -9.7 -13.04 10.52 -8.75 -8.63
5 24 -13.49 24.74 -14.06 -15.04 16.68 -12 -16.49 17.87 -9.81 -12.29 23.41 -15.4
5 24 4.2 -1.51 15.9 5.95 -5.03 12.54 7.64 -4.36 12.92 2.91 -2.58 15.17
5 24 16.92 16.51 -4.65 17.65 19.19 -2.99 16.54 24.02 -11.19 17.51 17.67 2.47
5 24 -6.37 3.79 -16.98 .51 4.01 -16.85 -6.17 2.88 -18.06 -5.77 4.5 -14.61
5 24 .83 -11.8 4.28 1.37 -11.52 1.6 3.35 -10.43 4.34 -1.27 -12.54 3.18
5 24 -8 -5 0 -11.98 .44 -4.62 -13.01 .44 .1 -7.3912 -5 -3.0616
5 24 -3.72 .29 -19.81 -5.62 -1.55 -19.56 1.42 -2.61 -19.89 -10.86 4.1 -17.15
5 24 -.3 -8.92 10.05 .21 -10.6 7.32 1.09 -10.26 7.33 -1.3 -10.38 7.28
5 24 10.11 -4.22 -15.45 11.13 -6.41 -11.82 11.96 -5.79 -11.21 8.11 -5.09 -16.43
5 24 6.71 30.68 -17.4 4.32 24.82 -19.03 2.16 25.18 -19.49 9.83 26.41 -16.74
5 24 -4.9751 4.4 -12.0107 -5.77 4.5 -14.61 -7.14 5.55 -11.03 .17 4.37 -14.96
5 24 -8.98 21.3 11.27 -12.94 17.32 3.77 -8.38 20.48 10.32 -14.02 18.1 4.79
5 24 3.95 27.16 -12.61 3.46 23.48 -12.99 1.35 23.58 -13.34 6.78 25.26 -11.58
5 24 7.95 19 -10.8 9.1 22.27 -9.97 12.69 18.48 -3.85 6.21 22.17 -11.9
5 24 .63 22.09 14.49 -4.37 21.7 13.98 -4.09 20.88 12.85 .6 22.08 15.57
5 24 12.82 18.47 4.38 11.09 19.23 10.05 14.5 18.59 4.75 10.05 19 9.11
5 24 14.69 3.63 10.5 12.29 .93 11.73 9.4 7.72 15.38 17.52 -1.93 2.38
5 24 6.28 -10.43 2.01 4.96 -11.36 -.45 3.35 -10.43 4.34 7.89 -9.78 .43
5 24 16.49 -3.18 -7.55 12.55 -6.47 -10.12 11.96 -5.79 -11.21 16.95 -4.08 -6.64
5 24 14.51 30.54 -11.89 12.86 29.69 -15.14 16.54 24.02 -11.19 12.46 34.74 -11.87
5 24 1.35 23.58 -13.34 1.62 23.58 -16.81 -.39 23.45 -16.92 3.72 23.48 -16.31
5 24 8.31 -8.58 -13.14 7.25 -9.7 -13.04 9.46 -8.72 -11.17 3.18 -8.91 -17.31
5 24 -16.41 9.92 -8.52 -17.96 11.34 -2.23 -17.37 8.27 -8.38 -16.15 11.46 -9.08
5 24 -11.01 18.23 -7.6 -7.31 19.39 -11.27 -9.44 14.18 -9.46 -7.59 23.38 -11.16
5 24 -19.76 1.14 -5.52 -20.06 4.83 .76 -19.11 6.68 -.31 -18.81 -1.5 -4.06
5 24 -8.94 -1.56 14.33 -6.06 .73 15.89 -12.49 4.33 13.04 1.17 -4.3 14.56
5 24 1.42 -2.61 -19.89 3.06 -1.99 -18.82 1.02 -.5 -18.34 6.16 -3.96 -17.18
5 24 5.97 15.9 15.5 6.41 20.44 14.13 .6 22.08 15.57 11.81 18.8 10.89
5 24 -6.17 2.88 -18.06 -10.86 4.1 -17.15 -6.37 3.79 -16.98 -3.72 .29 -19.81
5 24 -8.74 19.17 -17.68 -10 21.53 -15.79 -11.24 13.95 -15.21 -5.66 27.32 -17.1
5 24 17.98 7.36 .57 17.6 10.69 .9 18.05 7.22 5.67 17.49 7.46 -5.64
5 24 -14.75 18.97 -7.74 -14.79 25.98 -11.69 -11.62 24.94 -11.34 -17.62 19.27 -8.06
5 24 6.56 .14 -17.17 3.06 -1.99 -18.82 7.17 -.99 -17.66 1.02 -.5 -18.34
5 24 8.66 -9.55 -10.97 10.52 -8.75 -8.63 9.46 -8.72 -11.17 10.55 -8.96 -7.94
5 24 -2.93 36.02 -18.41 -5.66 27.32 -17.1 -8.42 29.82 -17.21 -1.17 31.34 -17.93
5 24 12.29 .93 11.73 10.45 -.4 12.06 14.89 -4.06 4.36 8.11 4.48 15.63
5 24 19.32 3.67 -.72 18.9 4.58 -.44 18.87 3.56 3.12 16.32 2.65 -11.48
5 24 6.82 2.84 15.28 8.11 4.48 15.63 10.45 -.4 12.06 3.39 6.94 18.14
5 24 1.14 -9.85 -13.57 1.3 -9.19 -16.42 3.61 -9.92 -13.6 -.58 -9.23 -15.36
5 24 -16.49 17.87 -9.81 -16.15 11.46 -9.08 -17.74 12.85 -4.42 -15.04 16.68 -12
5 24 12.86 29.69 -15.14 8.72 36.31 -15.99 12.46 34.74 -11.87 8.45 34.63 -17.69
5 24 3.18 -8.91 -17.31 -2.36 -5.8 -20.08 4.35 -7.48 -17.1 -3.67 -6.86 -18.7
5 24 -16.49 17.87 -9.81 -17.74 12.85 -4.42 -17.62 19.27 -8.06 -16.15 11.46 -9.08
5 24 2.85 37.26 -18.48 -3.52 37.52 -16.56 2.96 39.05 -16.4 -2.93 36.02 -18.41
5 24 -5.11 -9.85 7.35 -3.53 -11.51 5.25 -3.82 -10.07 7.36 -4.4 -11.31 5.06
5 24 9.81 8.76 -8.77 10.91 8.9 -11.53 10.08 5.86 -12.21 9.4 13.96 -9.23
5 24 .21 -10.6 7.32 .29 -11.26 6.14 1.09 -10.26 7.33 -1.74 -12.01 4.92
5 24 -10.16 -2.16 12.81 -15.3 -3.52 5.32 -13.68 -6.04 6.46 -12.13 .28 11.46
5 24 11.12 10.81 14.87 11.08 13.67 12.61 16 11.56 7.2 5.97 15.9 15.5
5 24 .24 .4 -12.79 0 4 -13 -4.9 .44 -11.78 4.9751 4 -12.0107
5 24 -4.44 22.06 -16.23 -8.74 19.17 -17.68 -4.74 23.06 -19.33 -7.79 18.91 -14.71
5 24 -13.99 -1.72 -14.31 -17.18 2.3 -10.93 -13.63 -.57 -15.61 -17.35 1.19 -9.93
5 24 -11.19 9.2 15.12 -11.63 6.28 14.34 -7.88 4.89 17.09 -16.63 9.17 9.4
5 24 4.96 -11.36 -.45 3.42 -11.97 -2.1 1.37 -11.52 1.6 6.78 -10.69 -2.85
5 24 -14.79 25.98 -11.69 -11.62 24.94 -11.34 -8.54 29.76 -11.94 -14.75 18.97 -7.74
5 24 8.11 4.48 15.63 4.56 10 18.02 9.4 7.72 15.38 3.39 6.94 18.14
5 24 -11.87 2.21 -16.62 -15.47 6.93 -12.51 -10.86 4.1 -17.15 -16.01 4.93 -11.94
5 24 -17.55 -1.59 4.58 -18.61 2.01 2.65 -17.24 6.64 6.93 -18.5 -4.5 -2.55
5 24 3.0616 -5 7.3912 9.57 .45 9.64 5.31 .45 12.36 5.6568 -5 5.6568
5 24 12.69 18.48 -3.85 12.37 .5 -4.6 9.81 8.76 -8.77 13.36 .45 .28