0 Plate  3 x  4 with 4 Studs in Centre with Blue Team GB and Olympic Rings Pattern
0 Name: 88646p01.dat
0 Author: Gerald Lasser [GeraldLasser]
0 !LDRAW_ORG Unofficial_Part
0 !LICENSE Licensed under CC BY 4.0 : see CAreadme.txt

0 BFC CERTIFY CCW

0 !CATEGORY Plate
0 !KEYWORDS Arial Font, Bricklink 88646pb001, CMF, Collectible Minifigures
0 !KEYWORDS London 2012, Olympic Games, Rebrickable 88646pr0001, Set 8909
0 !KEYWORDS Sports, Summer Games

1 16 0 0 0 1 0 0 0 1 0 0 0 1 s\88646s01.dat

4 16 -9.05 0 -23.95 -9.19 0 -23.45 -13.19 0 -18.98 -40 0 -30
3 16 -13.19 0 -18.98 -13.95 0 -18.98 -40 0 -30
4 16 3.25 0 14.53 2.73 0 14.61 2.4 0 13.89 -1.28 0 -13.81
4 16 2.4 0 13.89 2.73 0 14.61 2.25 0 14.76 1.79 0 14.01
4 16 1.4 0 14.15 1.79 0 14.01 2.25 0 14.76 1.81 0 14.97
4 16 .77 0 14.51 1.4 0 14.15 1.81 0 14.97 1.42 0 15.25
4 16 .77 0 14.51 1.42 0 15.25 1.07 0 15.57 .17 0 15.07
4 16 .17 0 15.07 1.07 0 15.57 .78 0 15.94 -.16 0 15.6
4 16 -.16 0 15.6 .78 0 15.94 .56 0 16.35 -.38 0 16.26
3 16 .4 0 16.79 -.38 0 16.26 .56 0 16.35
4 16 -.38 0 16.26 .4 0 16.79 .3 0 17.38 -.47 0 17.07
4 16 -.47 0 17.07 .3 0 17.38 .22 0 17.99 -.5 0 17.84
4 16 -.5 0 17.84 .22 0 17.99 .09 0 18.73 -.57 0 18.51
4 16 -.68 0 19.09 -.57 0 18.51 .09 0 18.73 -.07 0 19.35
4 16 -.88 0 19.8 -.68 0 19.09 -.07 0 19.35 -.21 0 19.77
4 16 -.88 0 19.8 -.21 0 19.77 -.39 0 20.19 -1.1 0 20.37
4 16 -1.1 0 20.37 -.39 0 20.19 -.6 0 20.61 -1.34 0 20.78
4 16 -1.34 0 20.78 -.6 0 20.61 -.85 0 21.02 -1.55 0 21.1
4 16 -1.55 0 21.1 -.85 0 21.02 -1.15 0 21.41 -1.77 0 21.36
4 16 -1.77 0 21.36 -1.15 0 21.41 -1.49 0 21.77 -1.88 0 22.1
4 16 3.93 0 17.24 2.94 0 16.78 3.46 0 16.4 4.3 0 17.03
4 16 4.3 0 17.03 3.46 0 16.4 3.97 0 16.13 4.46 0 15.94
4 16 5 0 16.74 4.3 0 17.03 4.46 0 15.94 4.92 0 15.83
4 16 5.62 0 16.6 5 0 16.74 4.92 0 15.83 5.35 0 15.78
4 16 6.14 0 16.56 5.62 0 16.6 5.35 0 15.78 5.73 0 15.78
4 16 6.14 0 16.56 5.73 0 15.78 6.33 0 15.87 6.72 0 16.61
4 16 6.72 0 16.61 6.33 0 15.87 6.71 0 15.98 7.22 0 16.74
4 16 7.63 0 16.95 7.22 0 16.74 6.71 0 15.98 12.13 0 -13.81
3 16 3.54 0 17.51 2.94 0 16.78 3.93 0 17.24
4 16 2.94 0 16.78 3.54 0 17.51 3.14 0 17.84 2.42 0 17.28
4 16 1.89 0 17.92 2.42 0 17.28 3.14 0 17.84 2.33 0 18.7
4 16 1.38 0 18.7 1.89 0 17.92 2.33 0 18.7 1.64 0 19.63
4 16 .88 0 19.51 1.38 0 18.7 1.64 0 19.63 1.37 0 19.99
4 16 .88 0 19.51 1.37 0 19.99 1.11 0 20.33 .4 0 20.19
4 16 .4 0 20.19 1.11 0 20.33 .85 0 20.65 .58 0 20.95
4 16 -.04 0 20.73 .4 0 20.19 .58 0 20.95 .31 0 21.24
4 16 -.44 0 21.16 -.04 0 20.73 .31 0 21.24 .02 0 21.52
4 16 -.8 0 21.49 -.44 0 21.16 .02 0 21.52 -.3 0 21.8
4 16 -1.12 0 21.74 -.8 0 21.49 -.3 0 21.8 -.63 0 22.07
4 16 -1.38 0 21.9 -1.12 0 21.74 -.63 0 22.07 -.92 0 22.6
4 16 -.63 0 22.07 -.28 0 21.98 -.4 0 22.53 -.92 0 22.6
4 16 .17 0 21.81 .16 0 22.41 -.4 0 22.53 -.28 0 21.98
4 16 .16 0 22.41 .17 0 21.81 .75 0 21.52 .75 0 22.2
4 16 .75 0 22.2 .75 0 21.52 1.23 0 21.24 1.35 0 21.91
4 16 1.97 0 21.52 1.35 0 21.91 1.23 0 21.24 1.78 0 20.88
3 16 1.97 0 21.52 1.78 0 20.88 2.22 0 21.33
4 16 2.51 0 21.12 2.22 0 21.33 1.78 0 20.88 2.39 0 20.42
3 16 2.51 0 21.12 2.39 0 20.42 2.85 0 20.89
4 16 3.21 0 20.65 2.85 0 20.89 2.39 0 20.42 3.06 0 19.87
4 16 3.6 0 20.42 3.21 0 20.65 3.06 0 19.87 3.61 0 19.44
4 16 4.01 0 20.2 3.6 0 20.42 3.61 0 19.44 4.18 0 19.1
3 16 4.01 0 20.2 4.18 0 19.1 4.43 0 20
4 16 4.88 0 19.83 4.43 0 20 4.18 0 19.1 4.75 0 18.85
4 16 5.32 0 19.71 4.88 0 19.83 4.75 0 18.85 5.31 0 18.67
4 16 5.78 0 19.64 5.32 0 19.71 5.31 0 18.67 5.86 0 18.57
4 16 6.23 0 19.64 5.78 0 19.64 5.86 0 18.57 6.37 0 18.54
4 16 6.67 0 19.72 6.23 0 19.64 6.37 0 18.54 6.85 0 18.58
4 16 7.07 0 19.91 6.67 0 19.72 6.85 0 18.58 7.27 0 18.68
4 16 7.07 0 19.91 7.27 0 18.68 7.63 0 18.84 7.42 0 20.19
4 16 7.42 0 20.19 7.63 0 18.84 7.91 0 19.06 8.11 0 19.34
4 16 7.42 0 20.19 8.11 0 19.34 8.21 0 19.66 7.69 0 20.55
3 16 7.85 0 20.98 7.69 0 20.55 8.21 0 19.66
4 16 7.89 0 21.47 7.85 0 20.98 8.21 0 19.66 17.03 0 26.2
4 16 6.13 0 23.32 6.81 0 22.59 7.06 0 23.11 6.41 0 23.69
3 16 6.6 0 24.05 6.41 0 23.69 7.06 0 23.11
4 16 6.81 0 22.59 6.13 0 23.32 5.74 0 22.99 6.48 0 22.22
4 16 6.08 0 21.99 6.48 0 22.22 5.74 0 22.99 5.64 0 21.89
4 16 5.64 0 21.89 5.74 0 22.99 5.23 0 22.79 5.16 0 21.88
4 16 4.67 0 21.96 5.16 0 21.88 5.23 0 22.79 4.61 0 22.79
4 16 3.95 0 22.18 4.67 0 21.96 4.61 0 22.79 3.85 0 23.06
4 16 3.19 0 22.5 3.95 0 22.18 3.85 0 23.06 3.18 0 23.38
3 16 3.18 0 23.38 2.86 0 22.66 3.19 0 22.5
4 16 2.41 0 22.87 2.86 0 22.66 3.18 0 23.38 2.59 0 23.61
4 16 1.67 0 23.16 2.41 0 22.87 2.59 0 23.61 2.07 0 23.76
4 16 1.67 0 23.16 2.07 0 23.76 1.64 0 23.85 1.17 0 23.9
4 16 1.03 0 23.37 1.67 0 23.16 1.17 0 23.9 .84 0 23.91
3 16 .84 0 23.91 .57 0 23.48 1.03 0 23.37
4 16 .84 0 23.91 .44 0 24.31 .08 0 23.56 .57 0 23.48
3 16 .44 0 24.31 .05 0 24.18 .08 0 23.56
4 16 .08 0 23.56 .05 0 24.18 -.35 0 24.1 -.42 0 23.6
4 16 -.42 0 23.6 -.35 0 24.1 -.76 0 24.06 -.93 0 23.6
4 16 -.93 0 23.6 -.76 0 24.06 -1.19 0 24.03 -1.46 0 23.55
4 16 -1.63 0 24.02 -1.36 0 24.12 -1.06 0 24.3 -1.84 0 24.41
4 16 -1.46 0 23.55 -1.19 0 24.03 -1.63 0 24.02 -2.08 0 23.42
4 16 .84 0 24.51 .44 0 24.31 .84 0 23.91 1.27 0 24.1
4 16 1.23 0 24.8 .84 0 24.51 1.27 0 24.1 1.7 0 24.34
4 16 1.64 0 25.19 1.23 0 24.8 1.7 0 24.34 2.16 0 24.66
4 16 1.64 0 25.19 2.16 0 24.66 2.6 0 24.97 2.18 0 25.65
4 16 2.18 0 25.65 2.6 0 24.97 3.02 0 25.18 2.74 0 25.94
4 16 2.74 0 25.94 3.02 0 25.18 3.44 0 25.3 3.28 0 26.07
4 16 3.83 0 25.34 3.76 0 26.11 3.28 0 26.07 3.44 0 25.3
4 16 4.14 0 26.09 3.76 0 26.11 3.83 0 25.34 4.19 0 25.31
4 16 4.49 0 26.02 4.14 0 26.09 4.19 0 25.31 4.51 0 25.22
3 16 4.49 0 26.02 4.51 0 25.22 4.8 0 25.07
4 16 3.09 0 27.07 2.73 0 27.76 2.36 0 27.78 2.64 0 27.19
4 16 2.19 0 27.2 2.64 0 27.19 2.36 0 27.78 1.97 0 27.74
4 16 1.76 0 27.1 2.19 0 27.2 1.97 0 27.74 1.49 0 27.64
4 16 1.35 0 26.9 1.76 0 27.1 1.49 0 27.64 .96 0 27.43
4 16 .96 0 26.6 1.35 0 26.9 .96 0 27.43 .43 0 27.08
4 16 .6 0 26.21 .96 0 26.6 .43 0 27.08 -.06 0 26.57
4 16 .26 0 25.73 .6 0 26.21 -.06 0 26.57 -.31 0 26.22
3 16 -.31 0 26.22 -.54 0 25.87 .26 0 25.73
4 16 .26 0 25.73 -.54 0 25.87 -.88 0 25.37 -.23 0 25.07
4 16 -.67 0 24.61 -.23 0 25.07 -.88 0 25.37 -1.24 0 24.91
4 16 -.67 0 24.61 -1.24 0 24.91 -1.52 0 24.65 -1.06 0 24.3
3 16 -1.52 0 24.65 -1.84 0 24.41 -1.06 0 24.3
4 16 -1.63 0 24.02 -1.84 0 24.41 -2.22 0 24.22 -2.08 0 23.42
4 16 -2.08 0 23.42 -2.22 0 24.22 -2.64 0 24.4 -2.6 0 23.26
3 16 -2.64 0 24.4 -3.01 0 23.96 -2.6 0 23.26
4 16 -2.6 0 23.26 -3.01 0 23.96 -3.39 0 23.59 -2.98 0 23.1
4 16 -3.31 0 22.93 -2.98 0 23.1 -3.39 0 23.59 -3.74 0 23.3
4 16 -3.31 0 22.93 -3.74 0 23.3 -4.08 0 23.04 -3.89 0 22.71
4 16 -2.35 0 24.88 -2.64 0 24.4 -2.22 0 24.22 -1.81 0 24.76
4 16 -2.19 0 25.38 -2.35 0 24.88 -1.81 0 24.76 -1.61 0 25.27
4 16 -1.57 0 25.74 -2.22 0 25.89 -2.19 0 25.38 -1.61 0 25.27
4 16 -2.22 0 25.89 -1.57 0 25.74 -1.65 0 26.15 -1.78 0 26.49
4 16 -2.49 0 26.38 -2.22 0 25.89 -1.78 0 26.49 -2 0 26.84
4 16 -2.49 0 26.38 -2 0 26.84 -2.53 0 27.23 -2.98 0 26.74
4 16 -2.98 0 26.74 -2.53 0 27.23 -3.01 0 27.26 -3.36 0 27.12
4 16 -3.38 0 26.72 -2.98 0 26.74 -3.36 0 27.12 -3.49 0 27.03
4 16 -3.77 0 26.49 -3.38 0 26.72 -3.49 0 27.03 -5.03 0 26.31
4 16 -3.31 0 22.93 -3.89 0 22.71 -3.78 0 22.31 -3.16 0 22.32
4 16 -3.16 0 22.32 -3.78 0 22.31 -3.71 0 21.86 -3.06 0 21.79
4 16 -3.06 0 21.79 -3.71 0 21.86 -3.69 0 21.26 -3 0 21.31
4 16 -3 0 20.89 -3 0 21.31 -3.69 0 21.26 -3.78 0 20.69
4 16 -3.08 0 20.34 -3 0 20.89 -3.78 0 20.69 -3.95 0 20.19
4 16 -3.26 0 19.85 -3.08 0 20.34 -3.95 0 20.19 -3.45 0 19.54
4 16 -3.45 0 19.54 -3.95 0 20.19 -4.13 0 19.79 -3.78 0 19.12
4 16 -3.78 0 19.12 -4.13 0 19.79 -4.33 0 19.43 -4.1 0 18.71
3 16 -4.33 0 19.43 -4.32 0 18.38 -4.1 0 18.71
4 16 -2.18 0 20.12 -2.25 0 19.36 -1.66 0 19.37 -1.63 0 19.92
4 16 -1.66 0 19.37 -2.25 0 19.36 -2.43 0 18.66 -1.75 0 18.76
4 16 -2.18 0 20.12 -1.63 0 19.92 -1.63 0 20.4 -1.67 0 20.8
4 16 -2.22 0 20.77 -2.18 0 20.12 -1.67 0 20.8 -1.71 0 21.1
4 16 -2.22 0 20.77 -1.71 0 21.1 -1.77 0 21.36 -2.28 0 21.28
4 16 -2.4 0 21.8 -2.28 0 21.28 -1.77 0 21.36 -1.88 0 22.1
4 16 -2.55 0 22.27 -2.4 0 21.8 -1.88 0 22.1 -2.14 0 22.57
3 16 -2.14 0 22.57 -2.62 0 22.48 -2.55 0 22.27
4 16 -2.14 0 22.57 -1.88 0 22.1 -1.6 0 22.01 -1.81 0 22.61
4 16 -1.39 0 22.62 -1.81 0 22.61 -1.6 0 22.01 -1.38 0 21.9
3 16 -1.39 0 22.62 -1.38 0 21.9 -.92 0 22.6
4 16 -1.92 0 18.12 -1.75 0 18.76 -2.43 0 18.66 -2.64 0 18.13
4 16 -2.18 0 17.45 -1.92 0 18.12 -2.64 0 18.13 -2.82 0 17.74
4 16 -2.35 0 16.98 -2.18 0 17.45 -2.82 0 17.74 -3.09 0 17.09
4 16 -2.48 0 16.5 -2.35 0 16.98 -3.09 0 17.09 -3.27 0 16.48
4 16 -2.56 0 16.02 -2.48 0 16.5 -3.27 0 16.48 -3.37 0 15.92
4 16 -2.58 0 15.54 -2.56 0 16.02 -3.37 0 15.92 -3.4 0 15.43
4 16 -2.52 0 15.09 -2.58 0 15.54 -3.4 0 15.43 -3.4 0 15
4 16 -2.52 0 15.09 -3.4 0 15 -3.36 0 14.66 -2.39 0 14.67
4 16 -2.39 0 14.67 -3.36 0 14.66 -3.26 0 14.19 -2.18 0 14.3
3 16 -2.18 0 14.3 -3.26 0 14.19 -1.87 0 13.98
4 16 -1.46 0 13.73 -1.87 0 13.98 -3.26 0 14.19 -5.14 0 -13.8
4 16 -4.52 0 18 -4.32 0 18.38 -4.33 0 19.43 -6.31 0 19.66
4 16 -6.49 0 21.03 -6.26 0 20.83 -5.96 0 20.78 -5.61 0 20.86
4 16 -6.6 0 21.47 -6.49 0 21.03 -5.61 0 20.86 -6.28 0 21.62
4 16 -5.94 0 21.63 -6.28 0 21.62 -5.61 0 20.86 -5.53 0 21.41
4 16 -5.53 0 21.41 -5.61 0 20.86 -5.28 0 21.14 -5.17 0 21.52
3 16 -5.61 0 21.52 -5.53 0 21.41 -5.17 0 21.52
4 16 -5.85 0 21.76 -5.61 0 21.52 -5.17 0 21.52 -5.21 0 21.95
4 16 -5.85 0 21.76 -5.21 0 21.95 -5.36 0 22.36 -6.23 0 21.98
4 16 -6.23 0 21.98 -5.36 0 22.36 -5.61 0 22.65 -5.93 0 22.81
4 16 -6.74 0 22.01 -6.23 0 21.98 -5.93 0 22.81 -6.28 0 22.82
4 16 -6.74 0 22.01 -6.28 0 22.82 -6.77 0 22.55 -6.89 0 22.32
3 16 -6.89 0 22.32 -7.08 0 21.89 -6.74 0 22.01
4 16 -7.47 0 21.75 -7.08 0 21.89 -6.89 0 22.32 -7.4 0 22.73
4 16 -7.89 0 21.73 -7.47 0 21.75 -7.4 0 22.73 -8.32 0 21.99
4 16 -6.31 0 19.66 -7.41 0 21.1 -8.11 0 21.23 -4.85 0 16.69
3 16 -5.48 0 25.34 -6.14 0 25.13 -5.61 0 25.05
4 16 -5.29 0 25.44 -5.48 0 25.34 -5.61 0 25.05 -5.25 0 24.83
4 16 -5.25 0 24.83 -5.05 0 24.6 -4.67 0 24.98 -5.29 0 25.44
4 16 -4.83 0 25.58 -5.29 0 25.44 -4.67 0 24.98 -4.38 0 25.39
3 16 -4.67 0 24.98 -5.05 0 24.6 -4.99 0 24.5
3 16 -4.83 0 25.58 -4.38 0 25.39 -4.25 0 25.56
4 16 4.49 0 26.02 4.8 0 25.07 5.25 0 24.76 5.59 0 24.53
4 16 5.59 0 24.53 5.91 0 24.39 6.27 0 24.35 6.75 0 24.43
4 16 6.75 0 24.43 6.71 0 24.32 7.06 0 23.11 7.52 0 22.54
3 16 6.71 0 24.32 6.6 0 24.05 7.06 0 23.11
3 16 -6.31 0 19.66 -4.69 0 17.59 -4.52 0 18
3 16 -6.31 0 19.66 -4.81 0 17.15 -4.69 0 17.59
4 16 -5.14 0 -25.07 -5.27 0 -24.38 -5.46 0 -24.79 -5.56 0 -25.24
4 16 -5.27 0 -24.38 -5.14 0 -25.07 -4.77 0 -24.82 -4.45 0 -24.51
4 16 -5.02 0 -24.02 -5.27 0 -24.38 -4.45 0 -24.51 -4.7 0 -23.71
4 16 -4.7 0 -23.71 -4.45 0 -24.51 -4.2 0 -24.15 -4.33 0 -23.47
4 16 -4.33 0 -23.47 -4.2 0 -24.15 -4.01 0 -23.75 -3.91 0 -23.3
4 16 -1.99 0 -23.47 -2.4 0 -23.3 -2.3 0 -23.73 -2.11 0 -24.14
4 16 -1.62 0 -23.72 -1.99 0 -23.47 -2.11 0 -24.14 -1.86 0 -24.5
4 16 -1.31 0 -24.03 -1.62 0 -23.72 -1.86 0 -24.5 -1.54 0 -24.81
4 16 -1.05 0 -24.39 -1.31 0 -24.03 -1.54 0 -24.81 -1.17 0 -25.06
4 16 -.86 0 -24.8 -1.05 0 -24.39 -1.17 0 -25.06 -.76 0 -25.24
4 16 .86 0 -24.79 .76 0 -25.24 1.19 0 -25.06 1.05 0 -24.38
4 16 1.05 0 -24.38 1.19 0 -25.06 1.55 0 -24.81 1.31 0 -24.02
4 16 1.62 0 -23.71 1.31 0 -24.02 1.87 0 -24.51 2.13 0 -24.14
4 16 1.62 0 -23.71 2.13 0 -24.14 2.31 0 -23.74 1.99 0 -23.47
3 16 2.42 0 -23.3 1.99 0 -23.47 2.31 0 -23.74
4 16 4.33 0 -23.47 3.93 0 -23.3 4.03 0 -23.72 4.69 0 -23.72
4 16 4.69 0 -23.72 4.03 0 -23.72 4.22 0 -24.13 5.01 0 -24.03
4 16 5.01 0 -24.03 4.22 0 -24.13 4.47 0 -24.49 5.27 0 -24.39
4 16 5.27 0 -24.39 4.47 0 -24.49 4.79 0 -24.8 5.16 0 -25.05
4 16 5.45 0 -24.8 5.27 0 -24.39 5.16 0 -25.05 5.56 0 -25.24
4 16 3.64 0 -24.05 3.49 0 -23.63 2.85 0 -23.65 2.71 0 -24.07
4 16 3.64 0 -24.05 2.71 0 -24.07 2.5 0 -24.47 3.84 0 -24.45
4 16 2.83 0 -22.21 3.42 0 -22.69 3.5 0 -22.21 2.68 0 -21.75
3 16 3.65 0 -21.75 2.68 0 -21.75 3.5 0 -22.21
3 16 2.83 0 -22.21 3.16 0 -22.68 3.42 0 -22.69
4 16 3.88 0 -21.33 2.45 0 -21.33 2.68 0 -21.75 3.65 0 -21.75
3 16 2.37 0 -22.31 2 0 -22.92 2.44 0 -22.78
4 16 1.6 0 -23.13 2 0 -22.92 2.37 0 -22.31 2.21 0 -21.88
3 16 1.31 0 -24.02 1.55 0 -24.81 1.87 0 -24.51
4 16 -.33 0 -24.9 0 0 -25.36 .33 0 -24.88 .47 0 -24.46
3 16 .47 0 -24.46 -.47 0 -24.47 -.33 0 -24.9
4 16 -.68 0 -24.07 -.47 0 -24.47 .47 0 -24.46 .68 0 -24.06
4 16 -.68 0 -24.07 .68 0 -24.06 .94 0 -23.7 -.94 0 -23.71
3 16 -2.34 0 -22.31 -2 0 -22.92 -1.6 0 -23.13
4 16 -2.34 0 -22.31 -1.6 0 -23.13 -1.25 0 -23.4 -1.31 0 -20.88
3 16 -2.34 0 -22.31 -2.42 0 -22.78 -2 0 -22.92
4 16 -1.96 0 -21.5 -2.19 0 -21.89 -2.34 0 -22.31 -1.66 0 -21.16
3 16 -1.31 0 -20.88 -1.66 0 -21.16 -2.34 0 -22.31
4 16 -1.25 0 -23.4 -.94 0 -23.71 .94 0 -23.7 1.25 0 -23.39
4 16 -1.25 0 -23.4 1.25 0 -23.39 1.6 0 -23.13 -.46 0 -20.54
4 16 -.9 0 -20.67 -1.31 0 -20.88 -1.25 0 -23.4 -.46 0 -20.54
4 16 .49 0 -20.54 .01 0 -20.49 -.46 0 -20.54 .93 0 -20.67
4 16 1.33 0 -20.88 .93 0 -20.67 -.46 0 -20.54 1.68 0 -21.16
4 16 1.6 0 -23.13 1.98 0 -21.49 1.68 0 -21.16 -.46 0 -20.54
3 16 -2.69 0 -24.06 -3.82 0 -24.48 -2.49 0 -24.46
4 16 -3.82 0 -24.48 -2.69 0 -24.06 -2.84 0 -23.63 -3.62 0 -24.08
4 16 -2.84 0 -23.63 -2.91 0 -23.18 -3.4 0 -23.19 -3.47 0 -23.65
3 16 -2.84 0 -23.63 -3.47 0 -23.65 -3.62 0 -24.08
4 16 -2.23 0 -24.81 -2.49 0 -24.46 -3.82 0 -24.48 -4.08 0 -24.83
4 16 -3.41 0 -22.69 -3.16 0 -22.68 -2.82 0 -22.21 -3.49 0 -22.21
4 16 -5.52 0 -26.22 -5.36 0 -26.65 -4.4 0 -25.15 -4.75 0 -25.41
3 16 -5.14 0 -25.62 -5.58 0 -25.76 -5.52 0 -26.22
3 16 -4.75 0 -25.41 -5.14 0 -25.62 -5.52 0 -26.22
4 16 -4.4 0 -25.15 -5.36 0 -26.65 -5.13 0 -27.04 -4.08 0 -24.83
4 16 -5.13 0 -27.04 -4.83 0 -27.37 -4.48 0 -27.65 -4.07 0 -27.86
4 16 -4.07 0 -27.86 -3.63 0 -27.99 -3.16 0 -28.04 -4.08 0 -24.83
4 16 -3.16 0 -28.04 -2.69 0 -27.99 -2.25 0 -27.86 -4.08 0 -24.83
4 16 -2.25 0 -27.86 -1.84 0 -27.65 -1.49 0 -27.37 -1.19 0 -27.03
4 16 -2.25 0 -27.86 -1.19 0 -27.03 -.96 0 -26.65 -1.92 0 -25.13
4 16 -.96 0 -26.65 -.81 0 -26.21 -1.17 0 -25.6 -1.56 0 -25.39
3 16 -1.92 0 -25.13 -.96 0 -26.65 -1.56 0 -25.39
4 16 -6.31 0 -25.36 -6 0 -24.88 -5.85 0 -24.46 -6.8 0 -25.31
4 16 -6.8 0 -25.31 -5.85 0 -24.46 -5.65 0 -24.06 -7.26 0 -25.17
4 16 -4.72 0 -23.13 -4.33 0 -22.92 -3.95 0 -22.32 -4.11 0 -21.89
3 16 -3.95 0 -22.32 -4.33 0 -22.92 -3.9 0 -22.77
4 16 -5.07 0 -23.39 -4.72 0 -23.13 -4.11 0 -21.89 -4.34 0 -21.5
4 16 -5.07 0 -23.39 -4.34 0 -21.5 -4.64 0 -21.16 -5 0 -20.89
4 16 -5.07 0 -23.39 -5 0 -20.89 -5.4 0 -20.68 -5.39 0 -23.7
4 16 -5.4 0 -20.68 -5.84 0 -20.55 -6.31 0 -20.5 -6.8 0 -20.55
4 16 -7.26 0 -25.17 -5.65 0 -24.06 -5.39 0 -23.7 -7.67 0 -24.94
4 16 -8.03 0 -24.65 -7.67 0 -24.94 -5.39 0 -23.7 -8.32 0 -24.29
4 16 -8.55 0 -23.87 -8.32 0 -24.29 -5.39 0 -23.7 -8.69 0 -23.42
4 16 -8.74 0 -22.93 -8.69 0 -23.42 -5.39 0 -23.7 -8.69 0 -22.44
4 16 -8.55 0 -21.98 -8.69 0 -22.44 -5.39 0 -23.7 -8.32 0 -21.57
4 16 -8.03 0 -21.21 -8.32 0 -21.57 -5.39 0 -23.7 -7.67 0 -20.91
4 16 -6.8 0 -20.55 -7.25 0 -20.69 -7.67 0 -20.91 -5.39 0 -23.7
3 16 -6.8 0 -20.55 -5.39 0 -23.7 -5.4 0 -20.68
3 16 -4.08 0 -24.83 -5.13 0 -27.04 -4.07 0 -27.86
4 16 -4.08 0 -24.83 -2.25 0 -27.86 -1.92 0 -25.13 -2.23 0 -24.81
3 16 1.93 0 -25.14 1.57 0 -25.4 .96 0 -26.65
4 16 .96 0 -26.65 1.18 0 -25.61 .75 0 -25.76 .81 0 -26.22
4 16 1.2 0 -27.04 1.49 0 -27.37 2.24 0 -24.83 .96 0 -26.65
3 16 1.57 0 -25.4 1.18 0 -25.61 .96 0 -26.65
4 16 2.5 0 -24.47 2.24 0 -24.83 1.49 0 -27.37 1.85 0 -27.65
3 16 2.24 0 -24.83 1.93 0 -25.14 .96 0 -26.65
4 16 2.5 0 -24.47 1.85 0 -27.65 2.25 0 -27.86 2.69 0 -27.99
4 16 4.1 0 -24.81 2.5 0 -24.47 2.69 0 -27.99 4.41 0 -25.12
4 16 4.41 0 -25.12 2.69 0 -27.99 3.16 0 -28.04 3.64 0 -27.99
4 16 4.41 0 -25.12 3.64 0 -27.99 4.08 0 -27.86 4.48 0 -27.65
4 16 4.77 0 -25.38 4.41 0 -25.12 4.48 0 -27.65 4.83 0 -27.37
4 16 4.77 0 -25.38 4.83 0 -27.37 5.13 0 -27.03 5.16 0 -25.59
4 16 5.16 0 -25.59 5.13 0 -27.03 5.36 0 -26.65 5.52 0 -26.21
3 16 5.16 0 -25.59 5.52 0 -26.21 5.59 0 -25.75
3 16 3.84 0 -24.45 2.5 0 -24.47 4.1 0 -24.81
3 16 3.97 0 -22.31 3.9 0 -22.78 4.33 0 -22.92
3 16 3.97 0 -22.31 4.33 0 -22.92 4.72 0 -23.13
4 16 3.97 0 -22.31 4.72 0 -23.13 5.07 0 -23.4 5.01 0 -20.88
4 16 5.41 0 -20.67 5.01 0 -20.88 5.07 0 -23.4 5.86 0 -20.54
4 16 4.36 0 -21.5 4.13 0 -21.89 3.97 0 -22.31 4.66 0 -21.16
3 16 5.01 0 -20.88 4.66 0 -21.16 3.97 0 -22.31
4 16 6.33 0 -20.49 5.86 0 -20.54 5.07 0 -23.4 6.82 0 -20.54
4 16 6.82 0 -20.54 5.07 0 -23.4 5.38 0 -23.71 8.57 0 -21.98
4 16 7.69 0 -20.91 7.28 0 -20.68 6.82 0 -20.54 8.05 0 -21.21
4 16 8.34 0 -21.57 8.05 0 -21.21 6.82 0 -20.54 8.57 0 -21.98
4 16 8.57 0 -21.98 5.38 0 -23.71 5.65 0 -24.07 8.71 0 -22.43
4 16 8.71 0 -23.41 8.71 0 -22.43 5.65 0 -24.07 5.85 0 -24.47
4 16 8.57 0 -23.87 8.71 0 -23.41 5.85 0 -24.47 8.34 0 -24.28
4 16 8.05 0 -24.64 8.34 0 -24.28 5.85 0 -24.47 7.69 0 -24.94
4 16 7.27 0 -25.16 7.69 0 -24.94 5.85 0 -24.47 5.99 0 -24.9
4 16 6.82 0 -25.3 7.27 0 -25.16 5.99 0 -24.9 6.33 0 -25.35
3 16 8.71 0 -22.43 8.71 0 -23.41 8.76 0 -22.92
4 16 2.45 0 -21.33 3.88 0 -21.33 4.17 0 -20.96 2.16 0 -20.96
4 16 2.16 0 -20.96 4.17 0 -20.96 4.52 0 -20.63 1.81 0 -20.63
4 16 1.42 0 -20.37 1.81 0 -20.63 4.52 0 -20.63 3.03 0 -18.98
4 16 .98 0 -20.18 1.42 0 -20.37 3.03 0 -18.98 2.27 0 -18.98
3 16 3.03 0 -18.98 4.52 0 -20.63 4.91 0 -20.37
4 16 3.03 0 -18.98 4.91 0 -20.37 5.35 0 -20.18 6.22 0 -17.57
4 16 .51 0 -20.05 .98 0 -20.18 2.27 0 -18.98 .51 0 -18.98
4 16 .01 0 -20.01 .51 0 -20.05 .51 0 -18.98 .05 0 -18.98
3 16 .05 0 -18.98 -.49 0 -20.05 .01 0 -20.01
4 16 -.96 0 -20.18 -.49 0 -20.05 .05 0 -18.98 -1.72 0 -18.98
3 16 -1.72 0 -18.98 -1.4 0 -20.37 -.96 0 -20.18
4 16 -1.8 0 -20.63 -1.4 0 -20.37 -1.72 0 -18.98 -2.47 0 -18.98
4 16 -2.14 0 -20.96 -1.8 0 -20.63 -2.47 0 -18.98 -3.18 0 -18.97
3 16 -3.18 0 -18.97 -2.43 0 -21.33 -2.14 0 -20.96
4 16 -2.66 0 -21.75 -2.43 0 -21.33 -3.18 0 -18.97 -3.88 0 -21.33
4 16 -2.82 0 -22.21 -2.66 0 -21.75 -3.88 0 -21.33 -3.65 0 -21.75
3 16 -3.18 0 -18.97 -4.17 0 -20.96 -3.88 0 -21.33
3 16 -3.65 0 -21.75 -3.49 0 -22.21 -2.82 0 -22.21
4 16 -4.91 0 -20.37 -4.51 0 -20.63 -3.18 0 -18.97 -3.98 0 -18.97
3 16 -3.18 0 -18.97 -4.51 0 -20.63 -4.17 0 -20.96
3 16 -3.98 0 -18.97 -5.82 0 -20.05 -5.34 0 -20.18
4 16 -6.32 0 -20.01 -5.82 0 -20.05 -3.98 0 -18.97 -4.55 0 -17.45
3 16 -3.98 0 -18.97 -5.34 0 -20.18 -4.91 0 -20.37
4 16 -6.32 0 -20.01 -4.55 0 -17.45 -6.98 0 -18.97 -6.84 0 -20.06
3 16 -4.55 0 -17.45 -6.41 0 -17.45 -6.98 0 -18.97
3 16 -6.98 0 -18.97 -7.78 0 -18.97 -6.84 0 -20.06
4 16 -6.84 0 -20.06 -8.51 0 -18.28 -8.51 0 -18.98 -7.33 0 -20.19
3 16 -8.51 0 -18.98 -7.79 0 -20.41 -7.33 0 -20.19
3 16 -8.51 0 -18.98 -8.2 0 -20.7 -7.79 0 -20.41
3 16 -8.51 0 -18.98 -8.55 0 -21.05 -8.2 0 -20.7
3 16 -8.51 0 -18.98 -8.84 0 -21.45 -8.55 0 -21.05
4 16 -9.05 0 -21.91 -8.84 0 -21.45 -8.51 0 -18.98 -11.31 0 -18.98
3 16 -6.07 0 -25.84 -6.32 0 -25.85 -6 0 -26.32
4 16 -6.84 0 -25.8 -5.84 0 -26.77 -6 0 -26.32 -6.32 0 -25.85
4 16 -5.84 0 -26.77 -6.84 0 -25.8 -7.34 0 -25.67 -5.62 0 -27.19
4 16 -7.79 0 -25.45 -5.33 0 -27.57 -5.62 0 -27.19 -7.34 0 -25.67
3 16 9.69 0 -18.85 9.16 0 -19.01 8.56 0 -21.04
4 16 8.56 0 -21.04 9.16 0 -19.01 8.61 0 -19.07 8.21 0 -20.69
4 16 8.56 0 -21.04 8.85 0 -21.45 10.18 0 -18.57 9.69 0 -18.85
4 16 7.8 0 -20.41 8.21 0 -20.69 8.61 0 -19.07 7.99 0 -19
4 16 7.34 0 -20.19 7.8 0 -20.41 7.99 0 -19 7.42 0 -18.8
4 16 8.05 0 -18.29 8.63 0 -18.39 8.9 0 -18.36 7.53 0 -18.02
4 16 6.85 0 -20.06 7.34 0 -20.19 7.42 0 -18.8 6.93 0 -18.48
4 16 6.32 0 -20.01 6.85 0 -20.06 6.93 0 -18.48 6.53 0 -18.06
3 16 6.53 0 -18.06 5.82 0 -20.05 6.32 0 -20.01
4 16 5.35 0 -20.18 5.82 0 -20.05 6.53 0 -18.06 6.22 0 -17.57
4 16 6.8 0 -15.78 6.71 0 -16.4 6.81 0 -17.05 7.07 0 -15.23
4 16 7.48 0 -14.79 7.07 0 -15.23 6.81 0 -17.05 8.01 0 -16.4
4 16 8.01 0 -17.1 8.01 0 -16.4 6.81 0 -17.05 7.1 0 -17.6
4 16 8.01 0 -17.1 7.1 0 -17.6 7.53 0 -18.02 8.9 0 -18.36
4 16 8.01 0 -17.1 8.9 0 -18.36 9.39 0 -18.22 9.95 0 -17.83
3 16 10.42 0 -17.1 8.01 0 -17.1 9.95 0 -17.83
4 16 8.01 0 -16.4 10.03 0 -15.1 9.74 0 -14.81 9.28 0 -14.52
4 16 8.01 0 -16.4 9.28 0 -14.52 8.62 0 -14.39 8.01 0 -14.5
3 16 8.01 0 -14.5 7.48 0 -14.79 8.01 0 -16.4
4 16 8.01 0 -16.4 11.28 0 -16.4 10.92 0 -15.1 10.03 0 -15.1
3 16 11.19 0 -17.1 10.96 0 -17.69 12.13 0 -18.98
4 16 11.28 0 -16.4 11.19 0 -17.1 12.13 0 -18.98 12.13 0 -13.81
3 16 10.96 0 -17.69 10.62 0 -18.18 12.13 0 -18.98
4 16 12.13 0 -18.98 10.62 0 -18.18 10.18 0 -18.57 8.85 0 -21.45
3 16 12.13 0 -13.81 10.14 0 -14.21 10.57 0 -14.6
3 16 12.13 0 -13.81 10.57 0 -14.6 10.92 0 -15.1
3 16 12.13 0 -13.81 9.65 0 -13.93 10.14 0 -14.21
4 16 9.13 0 -13.76 9.65 0 -13.93 12.13 0 -13.81 6.71 0 15.98
4 16 -8.51 0 -16.71 -8.51 0 -18.28 -7.78 0 -18.97 -5.82 0 -13.8
4 16 -8.51 0 -18.28 -8.51 0 -16.71 -10.55 0 -16.71 -10.55 0 -18.28
4 16 -10.55 0 -14.5 -10.55 0 -16.01 -8.51 0 -16.01 -8.51 0 -14.5
3 16 -5.82 0 -13.8 -8.51 0 -13.81 -8.51 0 -14.5
3 16 -11.31 0 -13.81 -12.21 0 -13.81 -12.21 0 -14.5
3 16 -.33 0 -24.9 -.25 0 -25.35 0 0 -25.36
3 16 -8.11 0 21.23 -4.79 0 16.21 -4.85 0 16.69
3 16 -6.31 0 19.66 -4.85 0 16.69 -4.81 0 17.15
4 16 -4.63 0 15.71 -4.79 0 16.21 -8.11 0 21.23 -40 0 30
4 16 -7.59 0 23.2 -8.04 0 24.03 -8.32 0 21.99 -7.4 0 22.73
4 16 -7.78 0 24.07 -8.04 0 24.03 -7.59 0 23.2 -7.59 0 23.59
3 16 -7.78 0 24.07 -7.59 0 23.59 -7.56 0 23.75
3 16 2.73 0 27.76 3.09 0 27.07 3.56 0 26.84
3 16 4.49 0 26.02 5.59 0 24.53 6.75 0 24.43
4 16 2.73 0 27.76 3.56 0 26.84 4.02 0 26.49 5.2 0 27.17
4 16 14.93 0 -15.89 14.93 0 -16.43 15.25 0 -16.83 15.1 0 -15.25
3 16 14.93 0 -15.89 14.63 0 -16.23 14.93 0 -16.43
3 16 3.03 0 -13.8 6.03 0 -15.79 6.22 0 -15.22
3 16 3.03 0 -13.8 5.96 0 -16.4 6.03 0 -15.79
3 16 3.03 0 -13.8 6.22 0 -15.22 6.53 0 -14.72
4 16 6.22 0 -17.57 6.03 0 -17.01 3.03 0 -13.8 3.03 0 -18.98
4 16 3.03 0 -13.8 6.53 0 -14.72 6.94 0 -14.3 3.79 0 14.53
3 16 3.03 0 -13.8 6.03 0 -17.01 5.96 0 -16.4
3 16 2.27 0 -14.61 .51 0 -18.98 2.27 0 -18.98
3 16 -1.72 0 -14.61 -1.72 0 -18.98 .05 0 -18.98
4 16 -3.18 0 -18.97 -2.47 0 -18.98 -2.47 0 -13.81 -5.14 0 -13.8
4 16 -1.28 0 -13.81 .28 0 -17.76 1.83 0 -13.8 3.79 0 14.53
3 16 -5.82 0 -13.8 -8.51 0 -14.5 -8.51 0 -16.01
3 16 -5.82 0 -13.8 -8.51 0 -16.01 -8.51 0 -16.71
3 16 -12.21 0 -14.5 -13.19 0 -14.5 -13.19 0 -18.98
4 16 -11.31 0 -13.81 -12.21 0 -14.5 -13.19 0 -18.98 -11.31 0 -18.98
4 16 -9.05 0 -21.91 -11.31 0 -18.98 -13.19 0 -18.98 -9.19 0 -22.4
3 16 -13.19 0 -18.98 -9.24 0 -22.93 -9.19 0 -22.4
4 16 -13.95 0 -18.98 -13.95 0 -14.5 -14.95 0 -14.5 -40 0 -30
3 16 -8.84 0 -24.4 -40 0 -30 -8.55 0 -24.81
3 16 -9.05 0 -23.95 -40 0 -30 -8.84 0 -24.4
3 16 -8.55 0 -24.81 -40 0 -30 -8.2 0 -25.16
4 16 -7.79 0 -25.45 -8.2 0 -25.16 -40 0 -30 -5.33 0 -27.57
3 16 -5.33 0 -27.57 -40 0 -30 -4.98 0 -27.89
3 16 -4.98 0 -27.89 -40 0 -30 -4.58 0 -28.15
3 16 -4.58 0 -28.15 -40 0 -30 -4.15 0 -28.35
3 16 -4.15 0 -28.35 -40 0 -30 -3.67 0 -28.47
4 16 -3.18 0 -28.51 -3.67 0 -28.47 -40 0 -30 0 0 -30
4 16 6.85 0 -25.79 6.33 0 -25.84 5.97 0 -26.32 5.82 0 -26.77
3 16 6.07 0 -25.82 5.97 0 -26.32 6.33 0 -25.84
3 16 12.13 0 -13.81 10.92 0 -15.1 11.28 0 -16.4
3 16 -40 0 30 -8.04 0 24.03 -7.6 0 24.41
3 16 -40 0 30 -7.6 0 24.41 -7.23 0 24.7
3 16 -40 0 30 -8.32 0 21.99 -8.04 0 24.03
3 16 -40 0 30 -7.23 0 24.7 -6.92 0 24.89
3 16 -40 0 30 -6.92 0 24.89 -6.64 0 25.02
4 16 -40 0 30 -6.64 0 25.02 -6.38 0 25.09 -5.03 0 26.31
3 16 -40 0 30 -5.03 0 26.31 -3.9 0 27
4 16 -3.39 0 27.17 -40 0 30 -3.9 0 27 -3.49 0 27.03
3 16 -3.49 0 27.03 -3.9 0 27 -5.03 0 26.31
3 16 -40 0 30 -3.39 0 27.17 -3.1 0 27.52
3 16 -40 0 30 -3.1 0 27.52 -2.59 0 27.94
4 16 -40 0 30 -2.59 0 27.94 -2.24 0 28.15 0 0 30
3 16 6.71 0 15.98 6.11 0 15.48 9.13 0 -13.76
3 16 6.11 0 15.48 5.52 0 15.09 9.13 0 -13.76
3 16 5.52 0 15.09 4.93 0 14.81 9.13 0 -13.76
3 16 4.93 0 14.81 4.35 0 14.62 9.13 0 -13.76
4 16 9.13 0 -13.76 4.35 0 14.62 3.79 0 14.53 8.6 0 -13.71
3 16 3.79 0 14.53 3.25 0 14.53 -1.28 0 -13.81
3 16 2.4 0 13.89 1.36 0 13.63 -1.28 0 -13.81
3 16 1.36 0 13.63 .46 0 13.49 -1.28 0 -13.81
3 16 .46 0 13.49 -.3 0 13.47 -1.28 0 -13.81
4 16 -1.28 0 -13.81 -.3 0 13.47 -.94 0 13.55 -2.47 0 -13.81
4 16 -.94 0 13.55 -1.46 0 13.73 -5.14 0 -13.8 -2.47 0 -13.81
4 16 -40 0 30 -5.14 0 -13.8 -3.26 0 14.19 -3.88 0 14.7
3 16 -40 0 30 -3.88 0 14.7 -4.33 0 15.2
3 16 -40 0 30 -4.33 0 15.2 -4.63 0 15.71
3 16 -40 0 30 -8.11 0 21.23 -8.32 0 21.71
3 16 -40 0 30 -8.32 0 21.71 -8.32 0 21.99
4 16 4.02 0 26.49 4.49 0 26.02 6.75 0 24.43 5.54 0 26.36
4 16 -40 0 -30 -14.95 0 -14.5 -14.95 0 -13.81 -40 0 30
3 16 -40 0 30 -14.95 0 -13.81 -12.21 0 -13.81
3 16 -40 0 30 -12.21 0 -13.81 -11.31 0 -13.81
4 16 -40 0 30 -11.31 0 -13.81 -8.51 0 -13.81 -5.82 0 -13.8
3 16 3.79 0 14.53 1.83 0 -13.8 3.03 0 -13.8
3 16 3.79 0 14.53 6.94 0 -14.3 7.43 0 -13.98
3 16 3.79 0 14.53 7.43 0 -13.98 7.99 0 -13.78
3 16 3.79 0 14.53 7.99 0 -13.78 8.6 0 -13.71
3 1 8.21 0 19.66 8.11 0 19.34 8.35 0 19.07
4 1 8.35 0 19.07 8.11 0 19.34 7.91 0 19.06 8.39 0 18.53
4 1 8.39 0 18.53 7.91 0 19.06 7.63 0 18.84 8.34 0 18.04
4 1 8.34 0 18.04 7.63 0 18.84 7.27 0 18.68 8.2 0 17.61
4 1 7.96 0 17.25 8.2 0 17.61 7.27 0 18.68 6.85 0 18.58
4 1 7.63 0 16.95 7.96 0 17.25 6.85 0 18.58 6.37 0 18.54
4 1 7.22 0 16.74 7.63 0 16.95 6.37 0 18.54 5.86 0 18.57
4 1 6.72 0 16.61 7.22 0 16.74 5.86 0 18.57 6.14 0 16.56
4 1 6.14 0 16.56 5.86 0 18.57 5.31 0 18.67 5.62 0 16.6
4 1 5 0 16.74 5.62 0 16.6 5.31 0 18.67 4.75 0 18.85
4 1 4.3 0 17.03 5 0 16.74 4.75 0 18.85 3.93 0 17.24
4 1 3.93 0 17.24 4.75 0 18.85 4.18 0 19.1 3.54 0 17.51
4 1 3.14 0 17.84 3.54 0 17.51 4.18 0 19.1 3.61 0 19.44
4 1 2.33 0 18.7 3.14 0 17.84 3.61 0 19.44 3.06 0 19.87
4 1 1.64 0 19.63 2.33 0 18.7 3.06 0 19.87 2.39 0 20.42
4 1 1.37 0 19.99 1.64 0 19.63 2.39 0 20.42 1.78 0 20.88
3 1 1.78 0 20.88 1.11 0 20.33 1.37 0 19.99
4 1 .85 0 20.65 1.11 0 20.33 1.78 0 20.88 1.23 0 21.24
4 1 .58 0 20.95 .85 0 20.65 1.23 0 21.24 .75 0 21.52
4 1 .31 0 21.24 .58 0 20.95 .75 0 21.52 .17 0 21.81
3 1 .17 0 21.81 .02 0 21.52 .31 0 21.24
4 1 -.3 0 21.8 .02 0 21.52 .17 0 21.81 -.28 0 21.98
3 1 -.63 0 22.07 -.3 0 21.8 -.28 0 21.98
4 1 -1.6 0 22.01 -1.88 0 22.1 -1.49 0 21.77 -1.38 0 21.9
4 1 -1.12 0 21.74 -1.38 0 21.9 -1.49 0 21.77 -1.15 0 21.41
4 1 -.8 0 21.49 -1.12 0 21.74 -1.15 0 21.41 -.85 0 21.02
4 1 -.44 0 21.16 -.8 0 21.49 -.85 0 21.02 -.6 0 20.61
4 1 -.04 0 20.73 -.44 0 21.16 -.6 0 20.61 -.39 0 20.19
4 1 .4 0 20.19 -.04 0 20.73 -.39 0 20.19 -.21 0 19.77
4 1 .4 0 20.19 -.21 0 19.77 -.07 0 19.35 .88 0 19.51
3 1 .88 0 19.51 -.07 0 19.35 .09 0 18.73
4 1 .88 0 19.51 .09 0 18.73 .22 0 17.99 1.38 0 18.7
4 1 1.38 0 18.7 .22 0 17.99 .3 0 17.38 1.89 0 17.92
4 1 1.89 0 17.92 .3 0 17.38 .4 0 16.79 .56 0 16.35
4 1 2.42 0 17.28 1.89 0 17.92 .56 0 16.35 .78 0 15.94
4 1 2.42 0 17.28 .78 0 15.94 1.07 0 15.57 1.42 0 15.25
4 1 2.94 0 16.78 2.42 0 17.28 1.42 0 15.25 1.81 0 14.97
4 1 2.94 0 16.78 1.81 0 14.97 2.25 0 14.76 2.73 0 14.61
4 1 3.46 0 16.4 2.94 0 16.78 2.73 0 14.61 3.25 0 14.53
4 1 3.97 0 16.13 3.46 0 16.4 3.25 0 14.53 3.79 0 14.53
4 1 3.97 0 16.13 3.79 0 14.53 4.35 0 14.62 4.46 0 15.94
4 1 4.92 0 15.83 4.46 0 15.94 4.35 0 14.62 4.93 0 14.81
4 1 5.35 0 15.78 4.92 0 15.83 4.93 0 14.81 5.52 0 15.09
4 1 5.73 0 15.78 5.35 0 15.78 5.52 0 15.09 6.11 0 15.48
3 1 6.33 0 15.87 5.73 0 15.78 6.11 0 15.48
3 1 6.71 0 15.98 6.33 0 15.87 6.11 0 15.48
3 1 1.4 0 14.15 1.36 0 13.63 1.79 0 14.01
3 1 1.79 0 14.01 1.36 0 13.63 2.4 0 13.89
4 1 1.36 0 13.63 1.4 0 14.15 .77 0 14.51 .46 0 13.49
4 1 -.3 0 13.47 .46 0 13.49 .77 0 14.51 .17 0 15.07
4 1 -.94 0 13.55 -.3 0 13.47 .17 0 15.07 -1.46 0 13.73
4 1 -1.46 0 13.73 .17 0 15.07 -.16 0 15.6 -1.87 0 13.98
4 1 -2.18 0 14.3 -1.87 0 13.98 -.16 0 15.6 -2.39 0 14.67
4 1 -2.52 0 15.09 -2.39 0 14.67 -.16 0 15.6 -.38 0 16.26
4 1 -2.58 0 15.54 -2.52 0 15.09 -.38 0 16.26 -2.56 0 16.02
4 1 -2.48 0 16.5 -2.56 0 16.02 -.38 0 16.26 -2.35 0 16.98
4 1 -2.35 0 16.98 -.38 0 16.26 -.47 0 17.07 -2.18 0 17.45
4 1 -2.18 0 17.45 -.47 0 17.07 -.5 0 17.84 -1.92 0 18.12
4 1 -1.92 0 18.12 -.5 0 17.84 -.57 0 18.51 -1.75 0 18.76
4 1 -1.75 0 18.76 -.57 0 18.51 -.68 0 19.09 -1.66 0 19.37
4 1 -1.66 0 19.37 -.68 0 19.09 -.88 0 19.8 -1.63 0 19.92
4 1 -1.63 0 19.92 -.88 0 19.8 -1.1 0 20.37 -1.63 0 20.4
4 1 -1.34 0 20.78 -1.67 0 20.8 -1.63 0 20.4 -1.1 0 20.37
4 1 -1.67 0 20.8 -1.34 0 20.78 -1.55 0 21.1 -1.71 0 21.1
3 1 -1.77 0 21.36 -1.71 0 21.1 -1.55 0 21.1
3 1 -3.88 0 14.7 -3.26 0 14.19 -3.36 0 14.66
4 1 -3.88 0 14.7 -3.36 0 14.66 -3.4 0 15 -4.33 0 15.2
4 1 -4.33 0 15.2 -3.4 0 15 -3.4 0 15.43 -4.63 0 15.71
4 1 -4.63 0 15.71 -3.4 0 15.43 -3.37 0 15.92 -4.79 0 16.21
4 1 -4.79 0 16.21 -3.37 0 15.92 -3.27 0 16.48 -4.85 0 16.69
4 1 -4.81 0 17.15 -4.85 0 16.69 -3.27 0 16.48 -3.09 0 17.09
4 1 -4.69 0 17.59 -4.81 0 17.15 -3.09 0 17.09 -4.52 0 18
4 1 -4.52 0 18 -3.09 0 17.09 -2.82 0 17.74 -4.32 0 18.38
4 1 -2.64 0 18.13 -4.1 0 18.71 -4.32 0 18.38 -2.82 0 17.74
4 1 -3.78 0 19.12 -4.1 0 18.71 -2.64 0 18.13 -2.43 0 18.66
4 1 -3.45 0 19.54 -3.78 0 19.12 -2.43 0 18.66 -2.25 0 19.36
3 1 -3.26 0 19.85 -3.45 0 19.54 -2.25 0 19.36
4 1 -3.08 0 20.34 -3.26 0 19.85 -2.25 0 19.36 -2.18 0 20.12
4 1 -3 0 20.89 -3.08 0 20.34 -2.18 0 20.12 -2.22 0 20.77
4 1 -3 0 20.89 -2.22 0 20.77 -2.28 0 21.28 -3 0 21.31
4 1 -3 0 21.31 -2.28 0 21.28 -2.4 0 21.8 -3.06 0 21.79
4 1 -2.55 0 22.27 -3.16 0 22.32 -3.06 0 21.79 -2.4 0 21.8
4 1 -3.16 0 22.32 -2.55 0 22.27 -2.62 0 22.48 -3.31 0 22.93
4 1 -2.98 0 23.1 -3.31 0 22.93 -2.62 0 22.48 -2.6 0 23.26
3 1 -2.6 0 23.26 -2.62 0 22.48 -2.14 0 22.57
4 1 -2.6 0 23.26 -2.14 0 22.57 -1.81 0 22.61 -2.08 0 23.42
4 1 -2.08 0 23.42 -1.81 0 22.61 -1.39 0 22.62 -1.46 0 23.55
4 1 -1.46 0 23.55 -1.39 0 22.62 -.92 0 22.6 -.93 0 23.6
4 1 -.42 0 23.6 -.93 0 23.6 -.92 0 22.6 -.4 0 22.53
4 1 .08 0 23.56 -.42 0 23.6 -.4 0 22.53 .57 0 23.48
4 1 .57 0 23.48 -.4 0 22.53 .16 0 22.41 1.03 0 23.37
4 1 1.03 0 23.37 .16 0 22.41 .75 0 22.2 1.67 0 23.16
4 1 1.67 0 23.16 .75 0 22.2 1.35 0 21.91 2.41 0 22.87
3 1 2.41 0 22.87 1.35 0 21.91 1.97 0 21.52
4 1 2.41 0 22.87 1.97 0 21.52 2.22 0 21.33 2.86 0 22.66
4 1 3.19 0 22.5 2.86 0 22.66 2.22 0 21.33 2.51 0 21.12
4 1 3.19 0 22.5 2.51 0 21.12 2.85 0 20.89 3.21 0 20.65
4 1 3.95 0 22.18 3.19 0 22.5 3.21 0 20.65 3.6 0 20.42
4 1 4.67 0 21.96 3.95 0 22.18 3.6 0 20.42 4.01 0 20.2
4 1 5.16 0 21.88 4.67 0 21.96 4.01 0 20.2 4.43 0 20
4 1 5.64 0 21.89 5.16 0 21.88 4.43 0 20 4.88 0 19.83
4 1 5.64 0 21.89 4.88 0 19.83 5.32 0 19.71 5.78 0 19.64
4 1 5.64 0 21.89 5.78 0 19.64 6.23 0 19.64 6.67 0 19.72
4 1 6.08 0 21.99 5.64 0 21.89 6.67 0 19.72 7.07 0 19.91
4 1 6.08 0 21.99 7.07 0 19.91 7.42 0 20.19 7.69 0 20.55
4 1 6.48 0 22.22 6.08 0 21.99 7.69 0 20.55 7.85 0 20.98
4 1 6.48 0 22.22 7.85 0 20.98 7.89 0 21.47 7.79 0 21.99
4 1 6.81 0 22.59 6.48 0 22.22 7.79 0 21.99 7.52 0 22.54
3 1 7.06 0 23.11 6.81 0 22.59 7.52 0 22.54
4 1 6.71 0 24.32 6.75 0 24.43 6.27 0 24.35 6.6 0 24.05
4 1 6.41 0 23.69 6.6 0 24.05 6.27 0 24.35 6.13 0 23.32
4 1 6.13 0 23.32 6.27 0 24.35 5.91 0 24.39 5.74 0 22.99
4 1 5.74 0 22.99 5.91 0 24.39 5.59 0 24.53 5.23 0 22.79
4 1 5.23 0 22.79 5.59 0 24.53 5.25 0 24.76 4.61 0 22.79
4 1 4.61 0 22.79 5.25 0 24.76 4.8 0 25.07 3.85 0 23.06
4 1 3.85 0 23.06 4.8 0 25.07 4.51 0 25.22 4.19 0 25.31
4 1 3.18 0 23.38 3.85 0 23.06 4.19 0 25.31 3.83 0 25.34
4 1 3.18 0 23.38 3.83 0 25.34 3.44 0 25.3 3.02 0 25.18
4 1 2.59 0 23.61 3.18 0 23.38 3.02 0 25.18 2.6 0 24.97
4 1 2.59 0 23.61 2.6 0 24.97 2.16 0 24.66 2.07 0 23.76
4 1 2.07 0 23.76 2.16 0 24.66 1.7 0 24.34 1.64 0 23.85
4 1 1.64 0 23.85 1.7 0 24.34 1.27 0 24.1 1.17 0 23.9
3 1 1.27 0 24.1 .84 0 23.91 1.17 0 23.9
4 1 3.76 0 26.11 4.14 0 26.09 4.02 0 26.49 3.56 0 26.84
3 1 4.02 0 26.49 4.14 0 26.09 4.49 0 26.02
4 1 3.28 0 26.07 3.76 0 26.11 3.56 0 26.84 3.09 0 27.07
4 1 3.28 0 26.07 3.09 0 27.07 2.64 0 27.19 2.74 0 25.94
4 1 2.74 0 25.94 2.64 0 27.19 2.19 0 27.2 1.76 0 27.1
4 1 2.18 0 25.65 2.74 0 25.94 1.76 0 27.1 1.35 0 26.9
4 1 2.18 0 25.65 1.35 0 26.9 .96 0 26.6 1.64 0 25.19
4 1 1.64 0 25.19 .96 0 26.6 .6 0 26.21 1.23 0 24.8
4 1 1.23 0 24.8 .6 0 26.21 .26 0 25.73 .84 0 24.51
4 1 .44 0 24.31 .84 0 24.51 .26 0 25.73 -.23 0 25.07
4 1 .05 0 24.18 .44 0 24.31 -.23 0 25.07 -.35 0 24.1
4 1 -.35 0 24.1 -.23 0 25.07 -.67 0 24.61 -.76 0 24.06
4 1 -.76 0 24.06 -.67 0 24.61 -1.06 0 24.3 -1.19 0 24.03
3 1 -1.06 0 24.3 -1.36 0 24.12 -1.19 0 24.03
3 1 -1.36 0 24.12 -1.63 0 24.02 -1.19 0 24.03
4 1 -2.22 0 24.22 -1.84 0 24.41 -1.52 0 24.65 -1.81 0 24.76
4 1 -1.81 0 24.76 -1.52 0 24.65 -1.24 0 24.91 -1.61 0 25.27
4 1 -1.61 0 25.27 -1.24 0 24.91 -.88 0 25.37 -1.57 0 25.74
4 1 -1.57 0 25.74 -.88 0 25.37 -.54 0 25.87 -1.65 0 26.15
4 1 -1.65 0 26.15 -.54 0 25.87 -.31 0 26.22 -1.78 0 26.49
4 1 -2 0 26.84 -1.78 0 26.49 -.31 0 26.22 -1.39 0 28.49
3 1 1.87 0 28.15 2.36 0 27.78 2.73 0 27.76
3 1 1.87 0 28.15 1.97 0 27.74 2.36 0 27.78
4 1 1.49 0 27.64 1.97 0 27.74 1.87 0 28.15 1.09 0 28.41
4 1 .96 0 27.43 1.49 0 27.64 1.09 0 28.41 .37 0 28.56
4 1 .43 0 27.08 .96 0 27.43 .37 0 28.56 -.28 0 28.61
4 1 .43 0 27.08 -.28 0 28.61 -.87 0 28.58 -.06 0 26.57
4 1 -.06 0 26.57 -.87 0 28.58 -1.39 0 28.49 -.31 0 26.22
4 1 -2 0 26.84 -1.39 0 28.49 -1.85 0 28.34 -2.24 0 28.15
4 1 -2.53 0 27.23 -2 0 26.84 -2.24 0 28.15 -2.59 0 27.94
4 1 -2.53 0 27.23 -2.59 0 27.94 -3.1 0 27.52 -3.01 0 27.26
4 1 -3.39 0 27.17 -3.36 0 27.12 -3.01 0 27.26 -3.1 0 27.52
3 1 -3.39 0 27.17 -3.49 0 27.03 -3.36 0 27.12
3 1 -14.95 0 -13.81 -14.95 0 -14.5 -13.95 0 -14.5
4 1 -14.95 0 -13.81 -13.95 0 -14.5 -13.19 0 -14.5 -12.21 0 -13.81
3 1 -12.21 0 -13.81 -13.19 0 -14.5 -12.21 0 -14.5
4 1 -13.19 0 -14.5 -13.95 0 -14.5 -13.95 0 -18.98 -13.19 0 -18.98
4 1 -8.51 0 -13.81 -11.31 0 -13.81 -10.55 0 -14.5 -8.51 0 -14.5
3 1 -11.31 0 -13.81 -10.55 0 -16.01 -10.55 0 -14.5
4 1 -10.55 0 -16.71 -10.55 0 -16.01 -11.31 0 -13.81 -11.31 0 -18.98
4 1 -8.51 0 -16.01 -10.55 0 -16.01 -10.55 0 -16.71 -8.51 0 -16.71
3 1 -10.55 0 -16.71 -11.31 0 -18.98 -10.55 0 -18.28
4 1 -8.51 0 -18.28 -10.55 0 -18.28 -11.31 0 -18.98 -8.51 0 -18.98
4 1 -7.78 0 -18.97 -6.98 0 -18.97 -6.41 0 -17.45 -5.82 0 -13.8
4 1 -4.55 0 -17.45 -3.98 0 -18.97 -3.18 0 -18.97 -5.14 0 -13.8
4 1 .05 0 -18.98 .51 0 -18.98 .28 0 -17.76 -1.72 0 -14.61
3 1 3.03 0 -13.8 1.83 0 -13.8 2.27 0 -14.61
3 1 -1.28 0 -13.81 -2.47 0 -13.81 -1.72 0 -14.61
4 1 7.99 0 -13.78 7.43 0 -13.98 6.94 0 -14.3 7.48 0 -14.79
4 1 8.62 0 -14.39 9.13 0 -13.76 8.6 0 -13.71 7.99 0 -13.78
4 1 9.65 0 -13.93 9.13 0 -13.76 8.62 0 -14.39 9.28 0 -14.52
4 1 10.14 0 -14.21 9.65 0 -13.93 9.28 0 -14.52 9.74 0 -14.81
4 1 10.14 0 -14.21 9.74 0 -14.81 10.03 0 -15.1 10.57 0 -14.6
3 1 10.57 0 -14.6 10.03 0 -15.1 10.92 0 -15.1
3 1 7.99 0 -13.78 8.01 0 -14.5 8.62 0 -14.39
3 1 7.99 0 -13.78 7.48 0 -14.79 8.01 0 -14.5
4 1 7.07 0 -15.23 7.48 0 -14.79 6.94 0 -14.3 6.53 0 -14.72
4 1 6.8 0 -15.78 7.07 0 -15.23 6.53 0 -14.72 6.22 0 -15.22
4 1 6.03 0 -15.79 6.71 0 -16.4 6.8 0 -15.78 6.22 0 -15.22
4 1 6.71 0 -16.4 6.03 0 -15.79 5.96 0 -16.4 6.81 0 -17.05
4 1 6.81 0 -17.05 5.96 0 -16.4 6.03 0 -17.01 6.22 0 -17.57
4 1 7.1 0 -17.6 6.81 0 -17.05 6.22 0 -17.57 6.53 0 -18.06
4 1 7.53 0 -18.02 7.1 0 -17.6 6.53 0 -18.06 6.93 0 -18.48
4 1 7.53 0 -18.02 6.93 0 -18.48 7.42 0 -18.8 8.05 0 -18.29
4 1 8.05 0 -18.29 7.42 0 -18.8 7.99 0 -19 8.63 0 -18.39
4 1 8.9 0 -18.36 8.63 0 -18.39 7.99 0 -19 8.61 0 -19.07
4 1 8.9 0 -18.36 8.61 0 -19.07 9.16 0 -19.01 9.39 0 -18.22
4 1 9.39 0 -18.22 9.16 0 -19.01 9.69 0 -18.85 9.95 0 -17.83
4 1 9.95 0 -17.83 9.69 0 -18.85 10.18 0 -18.57 10.62 0 -18.18
4 1 9.95 0 -17.83 10.62 0 -18.18 10.96 0 -17.69 10.42 0 -17.1
4 1 10.42 0 -17.1 10.96 0 -17.69 11.19 0 -17.1 11.28 0 -16.4
4 1 8.01 0 -16.4 8.01 0 -17.1 10.42 0 -17.1 11.28 0 -16.4
4 1 8.57 0 -21.98 9.06 0 -21.9 8.85 0 -21.45 8.34 0 -21.57
4 1 9.06 0 -21.9 8.57 0 -21.98 8.71 0 -22.43 9.2 0 -22.39
4 1 9.2 0 -22.39 8.71 0 -22.43 8.76 0 -22.92 9.25 0 -22.92
4 1 9.25 0 -22.92 8.76 0 -22.92 8.71 0 -23.41 9.2 0 -23.44
4 1 9.07 0 -23.94 9.2 0 -23.44 8.71 0 -23.41 8.57 0 -23.87
4 1 8.85 0 -24.39 9.07 0 -23.94 8.57 0 -23.87 8.34 0 -24.28
4 1 8.56 0 -24.8 8.85 0 -24.39 8.34 0 -24.28 8.05 0 -24.64
4 1 8.21 0 -25.15 8.56 0 -24.8 8.05 0 -24.64 7.69 0 -24.94
4 1 7.8 0 -25.44 8.21 0 -25.15 7.69 0 -24.94 7.27 0 -25.16
4 1 7.35 0 -25.65 7.27 0 -25.16 6.82 0 -25.3 6.85 0 -25.79
4 1 6.85 0 -25.79 6.82 0 -25.3 6.33 0 -25.35 6.33 0 -25.84
3 1 7.27 0 -25.16 7.35 0 -25.65 7.8 0 -25.44
4 1 6.33 0 -25.84 6.33 0 -25.35 6.07 0 -25.34 6.07 0 -25.82
4 1 6.07 0 -25.34 5.99 0 -24.9 5.56 0 -25.24 6.07 0 -25.82
4 1 5.59 0 -25.75 6.07 0 -25.82 5.56 0 -25.24 5.16 0 -25.59
3 1 5.16 0 -25.05 5.16 0 -25.59 5.56 0 -25.24
4 1 5.16 0 -25.59 5.16 0 -25.05 4.79 0 -24.8 4.77 0 -25.38
4 1 4.41 0 -25.12 4.77 0 -25.38 4.79 0 -24.8 4.47 0 -24.49
4 1 4.1 0 -24.81 4.41 0 -25.12 4.47 0 -24.49 3.84 0 -24.45
4 1 3.84 0 -24.45 4.47 0 -24.49 4.22 0 -24.13 3.64 0 -24.05
4 1 3.64 0 -24.05 4.22 0 -24.13 4.03 0 -23.72 3.49 0 -23.63
4 1 3.49 0 -23.63 4.03 0 -23.72 3.93 0 -23.3 3.41 0 -23.18
4 1 3.42 0 -22.69 3.15 0 -23.17 3.41 0 -23.18 3.9 0 -22.78
4 1 3.9 0 -22.78 3.41 0 -23.18 3.93 0 -23.3 4.33 0 -22.92
4 1 3.15 0 -23.17 3.42 0 -22.69 3.16 0 -22.68 2.91 0 -22.69
4 1 3.5 0 -22.21 3.42 0 -22.69 3.9 0 -22.78 3.97 0 -22.31
4 1 3.65 0 -21.75 3.5 0 -22.21 3.97 0 -22.31 4.13 0 -21.89
4 1 3.88 0 -21.33 3.65 0 -21.75 4.13 0 -21.89 4.36 0 -21.5
4 1 4.17 0 -20.96 3.88 0 -21.33 4.36 0 -21.5 4.66 0 -21.16
4 1 4.52 0 -20.63 4.17 0 -20.96 4.66 0 -21.16 5.01 0 -20.88
4 1 4.91 0 -20.37 4.52 0 -20.63 5.01 0 -20.88 5.41 0 -20.67
4 1 5.35 0 -20.18 4.91 0 -20.37 5.41 0 -20.67 5.86 0 -20.54
4 1 5.82 0 -20.05 5.35 0 -20.18 5.86 0 -20.54 6.33 0 -20.49
4 1 6.32 0 -20.01 5.82 0 -20.05 6.33 0 -20.49 6.85 0 -20.06
4 1 6.85 0 -20.06 6.33 0 -20.49 6.82 0 -20.54 7.34 0 -20.19
4 1 7.34 0 -20.19 6.82 0 -20.54 7.28 0 -20.68 7.8 0 -20.41
4 1 7.8 0 -20.41 7.28 0 -20.68 7.69 0 -20.91 8.21 0 -20.69
4 1 8.21 0 -20.69 7.69 0 -20.91 8.05 0 -21.21 8.56 0 -21.04
4 1 8.56 0 -21.04 8.05 0 -21.21 8.34 0 -21.57 8.85 0 -21.45
4 1 5.45 0 -24.8 5.56 0 -25.24 5.99 0 -24.9 5.85 0 -24.47
4 1 5.27 0 -24.39 5.45 0 -24.8 5.85 0 -24.47 5.65 0 -24.07
4 1 5.01 0 -24.03 5.27 0 -24.39 5.65 0 -24.07 5.38 0 -23.71
4 1 5.01 0 -24.03 5.38 0 -23.71 5.07 0 -23.4 4.69 0 -23.72
4 1 4.69 0 -23.72 5.07 0 -23.4 4.72 0 -23.13 4.33 0 -23.47
4 1 4.33 0 -23.47 4.72 0 -23.13 4.33 0 -22.92 3.93 0 -23.3
4 1 2.93 0 -23.19 3.15 0 -23.17 2.91 0 -22.69 2.44 0 -22.78
4 1 2.42 0 -23.3 2.93 0 -23.19 2.44 0 -22.78 2 0 -22.92
4 1 1.99 0 -23.47 2.42 0 -23.3 2 0 -22.92 1.6 0 -23.13
4 1 1.62 0 -23.71 1.99 0 -23.47 1.6 0 -23.13 1.25 0 -23.39
4 1 1.31 0 -24.02 1.62 0 -23.71 1.25 0 -23.39 .94 0 -23.7
4 1 1.31 0 -24.02 .94 0 -23.7 .68 0 -24.06 1.05 0 -24.38
4 1 1.05 0 -24.38 .68 0 -24.06 .47 0 -24.46 .86 0 -24.79
4 1 .86 0 -24.79 .47 0 -24.46 .33 0 -24.88 .76 0 -25.24
4 1 .76 0 -25.24 .33 0 -24.88 .25 0 -25.34 .75 0 -25.76
4 1 .25 0 -25.34 0 0 -25.36 .24 0 -25.83 .75 0 -25.76
4 1 .81 0 -26.22 .24 0 -25.83 .32 0 -26.32 .96 0 -26.65
4 1 .96 0 -26.65 .32 0 -26.32 .48 0 -26.77 .71 0 -27.19
4 1 1.2 0 -27.04 .96 0 -26.65 .71 0 -27.19 1 0 -27.57
4 1 1.49 0 -27.37 1.2 0 -27.04 1 0 -27.57 1.34 0 -27.89
4 1 1.85 0 -27.65 1.49 0 -27.37 1.34 0 -27.89 1.74 0 -28.15
4 1 2.25 0 -27.86 1.85 0 -27.65 1.74 0 -28.15 2.18 0 -28.35
4 1 2.69 0 -27.99 2.25 0 -27.86 2.18 0 -28.35 2.65 0 -28.47
4 1 3.16 0 -28.04 2.69 0 -27.99 2.65 0 -28.47 3.15 0 -28.51
4 1 3.16 0 -28.04 3.15 0 -28.51 3.65 0 -28.47 3.64 0 -27.99
4 1 3.64 0 -27.99 3.65 0 -28.47 4.12 0 -28.35 4.08 0 -27.86
4 1 4.08 0 -27.86 4.12 0 -28.35 4.56 0 -28.15 4.48 0 -27.65
4 1 4.48 0 -27.65 4.56 0 -28.15 4.95 0 -27.89 4.83 0 -27.37
4 1 4.83 0 -27.37 4.95 0 -27.89 5.3 0 -27.57 5.13 0 -27.03
4 1 5.13 0 -27.03 5.3 0 -27.57 5.59 0 -27.19 5.36 0 -26.65
4 1 5.36 0 -26.65 5.59 0 -27.19 5.82 0 -26.77 5.52 0 -26.21
4 1 5.52 0 -26.21 5.82 0 -26.77 5.97 0 -26.32 6.07 0 -25.82
3 1 5.59 0 -25.75 5.52 0 -26.21 6.07 0 -25.82
4 1 2.71 0 -24.07 2.85 0 -23.65 2.93 0 -23.19 2.31 0 -23.74
3 1 2.93 0 -23.19 2.42 0 -23.3 2.31 0 -23.74
4 1 2.71 0 -24.07 2.31 0 -23.74 2.13 0 -24.14 2.5 0 -24.47
4 1 2.5 0 -24.47 2.13 0 -24.14 1.87 0 -24.51 2.24 0 -24.83
4 1 2.24 0 -24.83 1.87 0 -24.51 1.55 0 -24.81 1.93 0 -25.14
4 1 1.57 0 -25.4 1.93 0 -25.14 1.55 0 -24.81 1.19 0 -25.06
4 1 1.18 0 -25.61 1.57 0 -25.4 1.19 0 -25.06 .76 0 -25.24
3 1 .76 0 -25.24 .75 0 -25.76 1.18 0 -25.61
4 1 -.26 0 -25.83 0 0 -25.84 0 0 -25.36 -.25 0 -25.35
4 1 -.26 0 -25.83 -.25 0 -25.35 -.76 0 -25.24 -.73 0 -25.75
4 1 -1.17 0 -25.6 -.76 0 -25.24 -1.17 0 -25.06 -1.56 0 -25.39
4 1 -1.56 0 -25.39 -1.17 0 -25.06 -1.54 0 -24.81 -1.92 0 -25.13
4 1 -1.92 0 -25.13 -1.54 0 -24.81 -1.86 0 -24.5 -2.23 0 -24.81
4 1 -2.49 0 -24.46 -2.23 0 -24.81 -1.86 0 -24.5 -2.11 0 -24.14
4 1 -2.69 0 -24.06 -2.49 0 -24.46 -2.11 0 -24.14 -2.3 0 -23.73
4 1 -2.84 0 -23.63 -2.69 0 -24.06 -2.3 0 -23.73 -2.4 0 -23.3
4 1 -2.91 0 -23.18 -2.84 0 -23.63 -2.4 0 -23.3 -2.42 0 -22.78
4 1 -2.82 0 -22.21 -2.9 0 -22.69 -2.42 0 -22.78 -2.34 0 -22.31
4 1 -2.82 0 -22.21 -2.34 0 -22.31 -2.19 0 -21.89 -2.66 0 -21.75
4 1 -2.43 0 -21.33 -2.66 0 -21.75 -2.19 0 -21.89 -1.96 0 -21.5
4 1 -2.14 0 -20.96 -2.43 0 -21.33 -1.96 0 -21.5 -1.66 0 -21.16
4 1 -1.8 0 -20.63 -2.14 0 -20.96 -1.66 0 -21.16 -1.31 0 -20.88
4 1 -1.4 0 -20.37 -1.8 0 -20.63 -1.31 0 -20.88 -.9 0 -20.67
4 1 -.96 0 -20.18 -1.4 0 -20.37 -.9 0 -20.67 -.46 0 -20.54
4 1 -.49 0 -20.05 -.96 0 -20.18 -.46 0 -20.54 .01 0 -20.49
4 1 .01 0 -20.01 -.49 0 -20.05 .01 0 -20.49 .49 0 -20.54
4 1 .51 0 -20.05 .01 0 -20.01 .49 0 -20.54 .98 0 -20.18
4 1 .98 0 -20.18 .49 0 -20.54 .93 0 -20.67 1.42 0 -20.37
4 1 1.42 0 -20.37 .93 0 -20.67 1.33 0 -20.88 1.81 0 -20.63
4 1 1.81 0 -20.63 1.33 0 -20.88 1.68 0 -21.16 2.16 0 -20.96
4 1 2.16 0 -20.96 1.68 0 -21.16 1.98 0 -21.49 2.45 0 -21.33
4 1 2.45 0 -21.33 1.98 0 -21.49 2.21 0 -21.88 2.68 0 -21.75
4 1 2.83 0 -22.21 2.68 0 -21.75 2.21 0 -21.88 2.37 0 -22.31
4 1 2.91 0 -22.69 2.83 0 -22.21 2.37 0 -22.31 2.44 0 -22.78
4 1 -.86 0 -24.8 -.25 0 -25.35 -.33 0 -24.9 -.47 0 -24.47
4 1 -.47 0 -24.47 -.68 0 -24.07 -1.05 0 -24.39 -.86 0 -24.8
4 1 -1.05 0 -24.39 -.68 0 -24.07 -.94 0 -23.71 -1.31 0 -24.03
4 1 -1.31 0 -24.03 -.94 0 -23.71 -1.25 0 -23.4 -1.62 0 -23.72
4 1 -1.62 0 -23.72 -1.25 0 -23.4 -1.6 0 -23.13 -1.99 0 -23.47
4 1 -1.99 0 -23.47 -1.6 0 -23.13 -2 0 -22.92 -2.4 0 -23.3
4 1 -2.91 0 -23.18 -2.9 0 -22.69 -3.16 0 -22.68 -3.4 0 -22.93
4 1 -3.4 0 -22.93 -3.16 0 -22.68 -3.41 0 -22.69 -3.9 0 -22.77
4 1 -.51 0 -26.77 -.96 0 -26.65 -1.19 0 -27.03 -.73 0 -27.19
4 1 -.81 0 -26.21 -.96 0 -26.65 -.51 0 -26.77 -.35 0 -26.32
4 1 -.81 0 -26.21 -.35 0 -26.32 -.26 0 -25.83 -.73 0 -25.75
4 1 -1.03 0 -27.57 -.73 0 -27.19 -1.19 0 -27.03 -1.49 0 -27.37
4 1 -1.37 0 -27.89 -1.03 0 -27.57 -1.49 0 -27.37 -1.84 0 -27.65
4 1 -1.77 0 -28.15 -1.37 0 -27.89 -1.84 0 -27.65 -2.25 0 -27.86
4 1 -2.2 0 -28.35 -1.77 0 -28.15 -2.25 0 -27.86 -2.69 0 -27.99
4 1 -2.68 0 -28.47 -2.2 0 -28.35 -2.69 0 -27.99 -3.16 0 -28.04
4 1 -3.18 0 -28.51 -2.68 0 -28.47 -3.16 0 -28.04 -3.63 0 -27.99
4 1 -3.67 0 -28.47 -3.18 0 -28.51 -3.63 0 -27.99 -4.07 0 -27.86
4 1 -4.15 0 -28.35 -3.67 0 -28.47 -4.07 0 -27.86 -4.58 0 -28.15
4 1 -4.58 0 -28.15 -4.07 0 -27.86 -4.48 0 -27.65 -4.98 0 -27.89
3 1 -4.83 0 -27.37 -4.98 0 -27.89 -4.48 0 -27.65
4 1 -4.98 0 -27.89 -4.83 0 -27.37 -5.13 0 -27.04 -5.33 0 -27.57
4 1 -5.62 0 -27.19 -5.33 0 -27.57 -5.13 0 -27.04 -5.36 0 -26.65
4 1 -5.84 0 -26.77 -5.62 0 -27.19 -5.36 0 -26.65 -5.52 0 -26.22
4 1 -6 0 -26.32 -5.84 0 -26.77 -5.52 0 -26.22 -5.58 0 -25.76
4 1 -6.07 0 -25.84 -6 0 -26.32 -5.58 0 -25.76 -6.07 0 -25.34
4 1 -6.32 0 -25.85 -6.07 0 -25.84 -6.07 0 -25.34 -6.31 0 -25.36
4 1 -6.07 0 -25.34 -5.58 0 -25.76 -5.56 0 -25.24 -6 0 -24.88
4 1 -6 0 -24.88 -5.56 0 -25.24 -5.46 0 -24.79 -5.85 0 -24.46
4 1 -5.85 0 -24.46 -5.46 0 -24.79 -5.27 0 -24.38 -5.65 0 -24.06
4 1 -5.65 0 -24.06 -5.27 0 -24.38 -5.02 0 -24.02 -5.39 0 -23.7
4 1 -5.07 0 -23.39 -5.39 0 -23.7 -5.02 0 -24.02 -4.7 0 -23.71
4 1 -4.72 0 -23.13 -5.07 0 -23.39 -4.7 0 -23.71 -4.33 0 -23.47
4 1 -4.33 0 -22.92 -4.72 0 -23.13 -4.33 0 -23.47 -3.91 0 -23.3
4 1 -3.9 0 -22.77 -4.33 0 -22.92 -3.91 0 -23.3 -3.4 0 -23.19
4 1 -3.4 0 -22.93 -3.9 0 -22.77 -3.4 0 -23.19 -2.91 0 -23.18
4 1 -3.47 0 -23.65 -3.4 0 -23.19 -3.91 0 -23.3 -4.01 0 -23.75
4 1 -3.62 0 -24.08 -3.47 0 -23.65 -4.01 0 -23.75 -4.2 0 -24.15
4 1 -3.82 0 -24.48 -3.62 0 -24.08 -4.2 0 -24.15 -4.45 0 -24.51
4 1 -4.08 0 -24.83 -3.82 0 -24.48 -4.45 0 -24.51 -4.4 0 -25.15
4 1 -4.4 0 -25.15 -4.45 0 -24.51 -4.77 0 -24.82 -4.75 0 -25.41
4 1 -4.75 0 -25.41 -4.77 0 -24.82 -5.14 0 -25.07 -5.14 0 -25.62
4 1 -5.14 0 -25.62 -5.14 0 -25.07 -5.56 0 -25.24 -5.58 0 -25.76
4 1 -6.84 0 -25.8 -6.32 0 -25.85 -6.31 0 -25.36 -6.8 0 -25.31
4 1 -7.34 0 -25.67 -6.84 0 -25.8 -6.8 0 -25.31 -7.26 0 -25.17
4 1 -7.79 0 -25.45 -7.34 0 -25.67 -7.26 0 -25.17 -7.67 0 -24.94
4 1 -8.2 0 -25.16 -7.79 0 -25.45 -7.67 0 -24.94 -8.03 0 -24.65
4 1 -8.55 0 -24.81 -8.2 0 -25.16 -8.03 0 -24.65 -8.32 0 -24.29
4 1 -8.84 0 -24.4 -8.55 0 -24.81 -8.32 0 -24.29 -8.55 0 -23.87
4 1 -9.05 0 -23.95 -8.84 0 -24.4 -8.55 0 -23.87 -8.69 0 -23.42
4 1 -9.19 0 -23.45 -9.05 0 -23.95 -8.69 0 -23.42 -8.74 0 -22.93
4 1 -9.24 0 -22.93 -9.19 0 -23.45 -8.74 0 -22.93 -9.19 0 -22.4
4 1 -9.19 0 -22.4 -8.74 0 -22.93 -8.69 0 -22.44 -9.05 0 -21.91
4 1 -9.05 0 -21.91 -8.69 0 -22.44 -8.55 0 -21.98 -8.84 0 -21.45
4 1 -8.84 0 -21.45 -8.55 0 -21.98 -8.32 0 -21.57 -8.55 0 -21.05
3 1 -8.55 0 -21.05 -8.32 0 -21.57 -8.03 0 -21.21
4 1 -8.55 0 -21.05 -8.03 0 -21.21 -7.67 0 -20.91 -8.2 0 -20.7
4 1 -7.79 0 -20.41 -8.2 0 -20.7 -7.67 0 -20.91 -7.25 0 -20.69
4 1 -7.33 0 -20.19 -7.79 0 -20.41 -7.25 0 -20.69 -6.8 0 -20.55
4 1 -6.84 0 -20.06 -7.33 0 -20.19 -6.8 0 -20.55 -6.31 0 -20.5
4 1 -6.32 0 -20.01 -6.84 0 -20.06 -6.31 0 -20.5 -5.82 0 -20.05
4 1 -5.82 0 -20.05 -6.31 0 -20.5 -5.84 0 -20.55 -5.34 0 -20.18
4 1 -5.34 0 -20.18 -5.84 0 -20.55 -5.4 0 -20.68 -4.91 0 -20.37
4 1 -4.91 0 -20.37 -5.4 0 -20.68 -5 0 -20.89 -4.51 0 -20.63
4 1 -4.51 0 -20.63 -5 0 -20.89 -4.64 0 -21.16 -4.17 0 -20.96
4 1 -4.17 0 -20.96 -4.64 0 -21.16 -4.34 0 -21.5 -3.88 0 -21.33
4 1 -3.88 0 -21.33 -4.34 0 -21.5 -4.11 0 -21.89 -3.65 0 -21.75
4 1 -3.65 0 -21.75 -4.11 0 -21.89 -3.95 0 -22.32 -3.49 0 -22.21
4 1 -3.49 0 -22.21 -3.95 0 -22.32 -3.9 0 -22.77 -3.41 0 -22.69
3 1 -.76 0 -25.24 -1.17 0 -25.6 -.73 0 -25.75
3 1 -.86 0 -24.8 -.76 0 -25.24 -.25 0 -25.35
3 1 -2.82 0 -22.21 -3.16 0 -22.68 -2.9 0 -22.69
3 1 -2.9 0 -22.69 -2.91 0 -23.18 -2.42 0 -22.78
3 1 -2.42 0 -22.78 -2.4 0 -23.3 -2 0 -22.92
3 16 5.99 0 -24.9 6.07 0 -25.34 6.33 0 -25.35
3 1 0 0 -25.36 0 0 -25.84 .24 0 -25.83
3 1 .75 0 -25.76 .24 0 -25.83 .81 0 -26.22
3 16 .33 0 -24.88 0 0 -25.36 .25 0 -25.34
3 16 -1.17 0 -25.6 -.81 0 -26.21 -.73 0 -25.75
3 16 -.26 0 -25.83 -.35 0 -26.32 0 0 -25.84
4 16 .24 0 -25.83 0 0 -25.84 -.35 0 -26.32 .32 0 -26.32
4 16 -.35 0 -26.32 -.51 0 -26.77 .48 0 -26.77 .32 0 -26.32
4 16 -.51 0 -26.77 -.73 0 -27.19 .71 0 -27.19 .48 0 -26.77
4 16 1 0 -27.57 .71 0 -27.19 -.73 0 -27.19 -1.03 0 -27.57
4 16 1.34 0 -27.89 1 0 -27.57 -1.03 0 -27.57 -1.37 0 -27.89
4 1 -8.32 0 21.71 -8.11 0 21.23 -7.89 0 21.73 -8.32 0 21.99
4 1 -7.89 0 21.73 -8.11 0 21.23 -7.41 0 21.1 -7.47 0 21.75
4 1 -7.47 0 21.75 -7.41 0 21.1 -6.96 0 21.26 -7.08 0 21.89
4 1 -5.61 0 25.05 -6.14 0 25.13 -7.56 0 23.75 -7.59 0 23.2
4 1 -7.56 0 23.75 -6.14 0 25.13 -6.38 0 25.09 -6.64 0 25.02
3 1 -7.56 0 23.75 -7.59 0 23.59 -7.59 0 23.2
4 1 -7.59 0 23.2 -7.4 0 22.73 -6.89 0 22.32 -6.77 0 22.55
3 1 -7.59 0 23.2 -6.77 0 22.55 -6.28 0 22.82
4 1 -7.59 0 23.2 -6.28 0 22.82 -5.93 0 22.81 -5.61 0 25.05
4 1 -5.05 0 24.6 -5.25 0 24.83 -5.61 0 25.05 -4.99 0 24.5
3 1 -5.03 0 26.31 -5.29 0 25.44 -4.83 0 25.58
3 1 -5.03 0 26.31 -5.48 0 25.34 -5.29 0 25.44
4 1 -5.03 0 26.31 -4.83 0 25.58 -4.25 0 25.56 -3.77 0 26.49
4 1 -3.38 0 26.72 -3.77 0 26.49 -4.25 0 25.56 -2.98 0 26.74
4 1 -4.38 0 25.39 -4.67 0 24.98 -2.98 0 26.74 -4.25 0 25.56
4 1 -2.22 0 25.89 -2.49 0 26.38 -2.98 0 26.74 -2.19 0 25.38
4 1 -2.35 0 24.88 -2.19 0 25.38 -2.98 0 26.74 -2.64 0 24.4
4 1 -2.64 0 24.4 -2.98 0 26.74 -4.67 0 24.98 -3.01 0 23.96
4 1 -3.01 0 23.96 -4.67 0 24.98 -4.99 0 24.5 -3.39 0 23.59
4 1 -3.74 0 23.3 -3.39 0 23.59 -4.99 0 24.5 -4.08 0 23.04
4 1 -5.61 0 22.65 -4.08 0 23.04 -4.99 0 24.5 -5.93 0 22.81
3 1 -4.08 0 23.04 -5.61 0 22.65 -5.36 0 22.36
3 1 -5.61 0 25.05 -5.93 0 22.81 -4.99 0 24.5
3 1 -4.08 0 23.04 -5.36 0 22.36 -5.21 0 21.95
4 1 -4.08 0 23.04 -5.21 0 21.95 -5.17 0 21.52 -3.89 0 22.71
4 1 -5.61 0 21.52 -5.85 0 21.76 -6.23 0 21.98 -5.94 0 21.63
4 1 -3.78 0 22.31 -3.89 0 22.71 -5.17 0 21.52 -3.71 0 21.86
3 1 -5.94 0 21.63 -5.53 0 21.41 -5.61 0 21.52
4 1 -3.71 0 21.86 -5.17 0 21.52 -5.28 0 21.14 -3.69 0 21.26
4 1 -3.69 0 21.26 -5.28 0 21.14 -5.61 0 20.86 -3.78 0 20.69
4 1 -3.95 0 20.19 -3.78 0 20.69 -5.61 0 20.86 -5.96 0 20.78
4 1 -4.13 0 19.79 -3.95 0 20.19 -5.96 0 20.78 -4.33 0 19.43
4 1 -4.33 0 19.43 -5.96 0 20.78 -6.26 0 20.83 -6.31 0 19.66
3 1 -6.49 0 21.03 -6.31 0 19.66 -6.26 0 20.83
4 16 -6.96 0 21.26 -7.41 0 21.1 -6.31 0 19.66 -6.49 0 21.03
3 1 -7.08 0 21.89 -6.96 0 21.26 -6.6 0 21.47
3 1 -7.08 0 21.89 -6.6 0 21.47 -6.28 0 21.62
4 1 -7.08 0 21.89 -6.28 0 21.62 -5.94 0 21.63 -6.74 0 22.01
3 1 -6.74 0 22.01 -5.94 0 21.63 -6.23 0 21.98
3 16 -6.6 0 21.47 -6.96 0 21.26 -6.49 0 21.03
4 16 -5.03 0 26.31 -6.38 0 25.09 -6.14 0 25.13 -5.48 0 25.34
3 1 -7.6 0 24.41 -8.04 0 24.03 -7.78 0 24.07
4 1 -7.6 0 24.41 -7.78 0 24.07 -7.56 0 23.75 -7.23 0 24.7
4 1 -6.92 0 24.89 -7.23 0 24.7 -7.56 0 23.75 -6.64 0 25.02
3 16 -40 0 30 -5.82 0 -13.8 -5.14 0 -13.8
3 1 -1.28 0 -13.81 -1.72 0 -14.61 .28 0 -17.76
4 1 .28 0 -17.76 .51 0 -18.98 2.27 0 -14.61 1.83 0 -13.8
4 1 3.03 0 -13.8 2.27 0 -14.61 2.27 0 -18.98 3.03 0 -18.98
4 1 -1.72 0 -18.98 -1.72 0 -14.61 -2.47 0 -13.81 -2.47 0 -18.98
4 1 24.79 0 26.55 24.92 0 26.39 25.09 0 26.63 24.96 0 26.9
4 1 24.97 0 27.61 24.79 0 27.89 24.7 0 27.69 24.92 0 27.23
4 1 25.3 0 26.45 24.92 0 26.39 25.22 0 26.21 25.56 0 26.14
4 1 24.79 0 27.89 24.97 0 27.61 25.12 0 27.89 24.92 0 28.06
4 1 25.06 0 28.19 24.92 0 28.06 25.12 0 27.89 25.34 0 28.05
3 1 25.09 0 26.63 24.92 0 26.39 25.3 0 26.45
4 1 25.23 0 28.28 25.06 0 28.19 25.34 0 28.05 25.62 0 28.35
3 1 25.62 0 28.35 25.34 0 28.05 25.61 0 28.11
4 1 25.62 0 26.39 25.3 0 26.45 25.56 0 26.14 25.83 0 26.17
4 1 25.88 0 26.43 25.62 0 26.39 25.83 0 26.17 26.04 0 26.25
4 1 25.62 0 28.35 25.61 0 28.11 25.84 0 28.08 25.9 0 28.33
4 1 26.09 0 26.55 25.88 0 26.43 26.04 0 26.25 26.29 0 26.47
4 1 25.84 0 28.08 26.02 0 28 26.13 0 28.24 25.9 0 28.33
4 1 26.55 0 27.33 25.62 0 27.33 25.62 0 27.09 26.29 0 27.09
3 1 26.23 0 26.77 26.09 0 26.55 26.29 0 26.47
4 1 26.02 0 28 26.15 0 27.86 26.27 0 28.14 26.13 0 28.24
4 1 26.38 0 28.01 26.27 0 28.14 26.15 0 27.86 26.23 0 27.67
3 1 26.38 0 28.01 26.23 0 27.67 26.51 0 27.67
4 1 26.55 0 27.33 26.29 0 27.09 26.23 0 26.77 26.29 0 26.47
4 1 26.55 0 26.2 26.55 0 27.33 26.29 0 26.47 26.36 0 26.2
4 1 27.2 0 27.22 26.9 0 27.24 26.97 0 26.81 27.24 0 26.9
4 1 26.96 0 27.63 26.9 0 27.24 27.2 0 27.22 27.25 0 27.6
4 1 27.12 0 27.97 26.96 0 27.63 27.25 0 27.6 27.4 0 27.88
4 1 27.27 0 28.14 27.12 0 27.97 27.4 0 27.88 27.45 0 28.26
4 1 27.15 0 26.46 27.3 0 26.32 27.37 0 26.63 26.97 0 26.81
3 1 27.24 0 26.9 26.97 0 26.81 27.37 0 26.63
4 1 27.3 0 26.32 27.48 0 26.22 27.61 0 26.45 27.37 0 26.63
4 1 27.61 0 26.45 27.48 0 26.22 27.68 0 26.16 27.95 0 26.39
4 1 27.45 0 28.26 27.4 0 27.88 27.64 0 28.05 27.67 0 28.33
4 1 27.67 0 28.33 27.64 0 28.05 27.94 0 28.11 27.92 0 28.36
4 1 27.95 0 26.39 27.68 0 26.16 27.91 0 26.14 28.16 0 26.16
4 1 5.29 0 26.73 5.44 0 26.79 5.37 0 27.17 5.2 0 27.17
4 1 27.94 0 28.11 28.24 0 28.05 28.18 0 28.34 27.92 0 28.36
4 1 5.29 0 27.62 5.2 0 27.17 5.37 0 27.17 5.44 0 27.56
4 1 28.4 0 28.27 28.18 0 28.34 28.24 0 28.05 28.59 0 28.16
4 1 5.44 0 26.79 5.29 0 26.73 5.54 0 26.36 5.65 0 26.47
4 1 28.27 0 26.46 27.95 0 26.39 28.16 0 26.16 28.37 0 26.23
4 1 5.54 0 27.99 5.29 0 27.62 5.44 0 27.56 5.66 0 27.88
4 1 28.56 0 26.34 28.39 0 26.54 28.27 0 26.46 28.37 0 26.23
4 1 28.59 0 28.16 28.24 0 28.05 28.47 0 27.88 28.74 0 28
4 1 28.49 0 26.66 28.39 0 26.54 28.71 0 26.5 28.89 0 26.86
4 1 5.91 0 28.24 5.54 0 27.99 5.66 0 27.88 5.98 0 28.1
4 1 5.65 0 26.47 5.54 0 26.36 5.91 0 26.1 5.98 0 26.25
4 1 28.61 0 27.62 28.9 0 27.68 28.74 0 28 28.47 0 27.88
4 1 28.62 0 26.95 28.49 0 26.66 28.89 0 26.86 28.95 0 27.29
3 1 28.39 0 26.54 28.56 0 26.34 28.71 0 26.5
4 1 28.66 0 27.28 28.95 0 27.29 28.9 0 27.68 28.61 0 27.62
4 1 6.01 0 26.99 5.99 0 27.19 5.76 0 27.18 5.8 0 26.91
4 1 6.05 0 27.48 5.92 0 27.66 5.8 0 27.45 5.99 0 27.19
3 1 5.8 0 27.45 5.76 0 27.18 5.99 0 27.19
3 1 28.95 0 27.29 28.66 0 27.28 28.62 0 26.95
4 1 5.8 0 26.91 5.94 0 26.69 6.09 0 26.83 6.01 0 26.99
4 1 6.22 0 26.72 6.09 0 26.83 5.94 0 26.69 6.15 0 26.55
4 1 30.36 0 27.23 30.14 0 27.69 30.07 0 27.22 30.4 0 26.9
4 1 5.92 0 27.66 6.05 0 27.48 6.19 0 27.63 6.12 0 27.81
4 1 30.4 0 26.9 30.07 0 27.22 30.14 0 26.75 30.23 0 26.55
4 1 30.14 0 27.69 30.36 0 27.23 30.41 0 27.61 30.23 0 27.89
4 1 6.36 0 28.33 5.91 0 28.24 5.98 0 28.1 6.36 0 28.17
4 1 30.53 0 26.63 30.4 0 26.9 30.23 0 26.55 30.36 0 26.39
4 1 30.56 0 27.89 30.5 0 28.19 30.36 0 28.06 30.23 0 27.89
4 1 6.19 0 27.63 6.38 0 27.68 6.36 0 27.86 6.12 0 27.81
4 1 6.36 0 26.02 6.36 0 26.17 5.98 0 26.25 5.91 0 26.1
4 1 6.39 0 26.5 6.4 0 26.68 6.22 0 26.72 6.15 0 26.55
3 1 30.23 0 27.89 30.41 0 27.61 30.56 0 27.89
4 1 6.58 0 26.53 6.61 0 26.75 6.4 0 26.68 6.39 0 26.5
4 1 30.66 0 26.21 31 0 26.14 30.74 0 26.45 30.36 0 26.39
4 1 30.78 0 28.05 30.67 0 28.28 30.5 0 28.19 30.56 0 27.89
3 1 30.53 0 26.63 30.36 0 26.39 30.74 0 26.45
4 1 6.36 0 27.86 6.38 0 27.68 6.52 0 27.66 6.66 0 27.79
4 1 31.06 0 28.35 30.67 0 28.28 30.78 0 28.05 31.05 0 28.11
4 1 6.66 0 27.79 6.52 0 27.66 6.63 0 27.59 6.84 0 27.63
4 1 6.36 0 28.33 6.36 0 28.17 6.74 0 28.1 6.8 0 28.24
4 1 6.74 0 26.25 6.36 0 26.17 6.36 0 26.02 6.8 0 26.1
4 1 31.06 0 26.39 30.74 0 26.45 31 0 26.14 31.27 0 26.17
4 1 6.61 0 26.75 6.58 0 26.53 6.74 0 26.62 6.86 0 26.76
4 1 6.84 0 27.63 6.63 0 27.59 6.73 0 27.39 6.92 0 27.39
4 1 31.28 0 28.08 31.34 0 28.33 31.06 0 28.35 31.05 0 28.11
4 1 31.32 0 26.43 31.06 0 26.39 31.27 0 26.17 31.48 0 26.25
4 1 6.73 0 26.95 6.61 0 26.75 6.86 0 26.76 6.92 0 26.95
4 1 31.99 0 27.33 31.06 0 27.33 31.06 0 27.09 31.73 0 27.09
4 1 31.57 0 28.24 31.34 0 28.33 31.28 0 28.08 31.46 0 28
4 1 7.06 0 27.88 7.18 0 27.99 6.8 0 28.24 6.74 0 28.1
4 1 31.53 0 26.55 31.32 0 26.43 31.48 0 26.25 31.74 0 26.47
4 1 7.06 0 26.47 6.74 0 26.25 6.8 0 26.1 7.18 0 26.36
4 1 7.18 0 27.99 7.06 0 27.88 7.27 0 27.56 7.43 0 27.62
4 1 7.27 0 26.79 7.06 0 26.47 7.18 0 26.36 7.43 0 26.73
4 1 31.71 0 28.14 31.57 0 28.24 31.46 0 28 31.59 0 27.86
4 1 7.43 0 27.62 7.27 0 27.56 7.35 0 27.17 7.51 0 27.17
3 1 31.67 0 26.77 31.53 0 26.55 31.74 0 26.47
4 1 31.67 0 27.67 31.95 0 27.67 31.82 0 28.01 31.59 0 27.86
4 1 7.43 0 26.73 7.51 0 27.17 7.35 0 27.17 7.27 0 26.79
3 1 31.71 0 28.14 31.59 0 27.86 31.82 0 28.01
4 1 31.73 0 27.09 31.67 0 26.77 31.99 0 26.2 31.99 0 27.33
3 1 31.74 0 26.47 31.8 0 26.2 31.99 0 26.2
3 1 31.99 0 26.2 31.67 0 26.77 31.74 0 26.47
4 1 8.36 0 26.44 8.18 0 26.66 8.1 0 26.45 8.07 0 26.2
4 1 8.15 0 27.76 8.38 0 27.52 8.44 0 27.82 8.22 0 27.96
4 1 8.32 0 28.09 8.22 0 27.96 8.44 0 27.82 8.59 0 27.97
3 1 8.15 0 27.76 8.12 0 27.52 8.38 0 27.52
3 1 32.42 0 27.73 32.67 0 27.47 32.67 0 27.73
4 1 8.18 0 26.66 8.36 0 26.44 8.42 0 26.59 8.32 0 26.85
4 1 32.68 0 27.08 32.42 0 27.73 32.42 0 26.2 32.68 0 26.2
3 1 32.67 0 27.47 32.71 0 27.23 32.79 0 27.37
4 1 8.54 0 26.72 8.55 0 27.02 8.32 0 26.85 8.42 0 26.59
4 1 32.71 0 27.23 32.67 0 27.47 32.42 0 27.73 32.68 0 27.08
4 1 8.59 0 27.97 8.62 0 28.24 8.45 0 28.18 8.32 0 28.09
4 1 32.91 0 27.46 33.09 0 27.5 32.94 0 27.74 32.82 0 27.66
4 1 8.55 0 27.02 8.54 0 26.72 8.76 0 26.87 8.83 0 27.17
4 1 32.91 0 27.46 32.82 0 27.66 32.67 0 27.47 32.79 0 27.37
4 1 8.62 0 28.24 8.59 0 27.97 8.81 0 28.02 8.81 0 28.26
4 1 33.09 0 27.5 33.17 0 27.76 33.09 0 27.77 32.94 0 27.74
3 1 33.17 0 27.76 33.09 0 27.5 33.17 0 27.49
4 1 9.48 0 26.44 8.36 0 26.44 8.07 0 26.2 9.48 0 26.2
4 1 8.95 0 26.98 9.08 0 27.36 8.83 0 27.17 8.76 0 26.87
4 1 8.81 0 28.26 8.81 0 28.02 8.97 0 27.99 9.12 0 28.21
4 1 9.12 0 28.21 8.97 0 27.99 9.09 0 27.91 9.32 0 28.06
4 1 9.08 0 27.36 8.95 0 26.98 9.31 0 27.22 9.17 0 27.49
4 1 33.65 0 27.17 33.41 0 27.28 33.36 0 26.93 33.62 0 26.94
4 1 33.65 0 26.71 33.62 0 26.94 33.36 0 26.93 33.41 0 26.61
4 1 9.17 0 27.49 9.31 0 27.22 9.44 0 27.41 9.2 0 27.63
4 1 33.41 0 26.61 33.55 0 26.36 33.73 0 26.53 33.65 0 26.71
4 1 9.18 0 27.79 9.45 0 27.86 9.32 0 28.06 9.09 0 27.91
4 1 33.73 0 27.37 33.56 0 27.55 33.41 0 27.28 33.65 0 27.17
4 1 33.87 0 26.41 33.73 0 26.53 33.55 0 26.36 33.76 0 26.2
4 1 33.87 0 27.51 33.79 0 27.72 33.56 0 27.55 33.73 0 27.37
4 1 9.45 0 27.86 9.18 0 27.79 9.2 0 27.63 9.49 0 27.64
4 1 34.05 0 26.14 34.07 0 26.37 33.87 0 26.41 33.76 0 26.2
4 1 33.79 0 27.72 33.87 0 27.51 34.08 0 27.55 34.08 0 27.78
3 1 9.49 0 27.64 9.2 0 27.63 9.44 0 27.41
4 1 34.38 0 26.21 34.29 0 26.42 34.07 0 26.37 34.05 0 26.14
4 1 34.35 0 27.73 34.08 0 27.78 34.08 0 27.55 34.3 0 27.5
4 1 9.75 0 27.18 10.04 0 26.89 10.02 0 27.17 9.77 0 27.51
4 1 9.77 0 27.51 10.02 0 27.17 10.05 0 27.54 9.84 0 27.78
4 1 10.04 0 26.89 9.75 0 27.18 9.78 0 26.78 10.09 0 26.67
4 1 34.58 0 27.58 34.35 0 27.73 34.3 0 27.5 34.45 0 27.34
4 1 10.09 0 26.67 9.78 0 26.78 9.9 0 26.47 10.23 0 26.45
4 1 10.13 0 27.8 9.94 0 27.99 9.84 0 27.78 10.05 0 27.54
4 1 34.42 0 26.56 34.29 0 26.42 34.61 0 26.39 34.74 0 26.66
4 1 10 0 26.33 10.12 0 26.23 10.23 0 26.45 9.9 0 26.47
4 1 34.49 0 26.76 34.42 0 26.56 34.74 0 26.66 34.79 0 27
4 1 34.52 0 26.99 34.49 0 26.76 34.79 0 27 34.73 0 27.33
3 1 34.29 0 26.42 34.38 0 26.21 34.61 0 26.39
4 1 34.45 0 27.34 34.52 0 26.99 34.73 0 27.33 34.58 0 27.58
4 1 10.23 0 26.45 10.12 0 26.23 10.27 0 26.16 10.44 0 26.38
4 1 10.27 0 27.96 10.07 0 28.13 9.94 0 27.99 10.13 0 27.8
4 1 10.24 0 28.22 10.07 0 28.13 10.27 0 27.96 10.46 0 28.02
4 1 10.44 0 26.38 10.27 0 26.16 10.44 0 26.14 10.63 0 26.17
4 1 10.44 0 28.25 10.24 0 28.22 10.46 0 28.02 10.63 0 28.23
4 1 35.43 0 26.52 35.13 0 26.69 35.2 0 26.38 35.37 0 26.21
4 1 10.63 0 28.23 10.46 0 28.02 10.67 0 27.96 10.79 0 28.17
4 1 35.13 0 26.69 35.43 0 26.52 35.4 0 26.72 35.13 0 27.73
4 1 35.53 0 26.42 35.43 0 26.52 35.37 0 26.21 35.64 0 26.16
4 1 10.62 0 26.42 10.44 0 26.38 10.63 0 26.17 10.8 0 26.24
3 1 35.13 0 27.73 35.4 0 26.72 35.4 0 27.73
4 1 35.64 0 26.16 35.84 0 26.19 35.69 0 26.39 35.53 0 26.42
4 1 35.91 0 26.45 35.69 0 26.39 35.84 0 26.19 36 0 26.28
4 1 10.67 0 27.96 10.79 0 27.79 10.92 0 28.06 10.79 0 28.17
4 1 10.76 0 26.56 10.62 0 26.42 10.93 0 26.37 11.03 0 26.54
3 1 36.36 0 27.73 36.11 0 27.73 36.11 0 26.98
4 1 10.79 0 27.79 10.86 0 27.54 11.12 0 27.62 11.02 0 27.92
3 1 10.92 0 28.06 10.79 0 27.79 11.02 0 27.92
3 1 10.62 0 26.42 10.8 0 26.24 10.93 0 26.37
4 1 36.13 0 26.43 36.05 0 26.63 35.91 0 26.45 36 0 26.28
4 1 10.85 0 26.81 10.76 0 26.56 11.03 0 26.54 11.13 0 26.85
4 1 10.88 0 27.22 11.13 0 26.85 11.16 0 27.23 10.86 0 27.54
3 1 11.12 0 27.62 10.86 0 27.54 11.16 0 27.23
3 1 36.13 0 26.43 36.12 0 26.2 36.36 0 26.2
4 1 36.05 0 26.63 36.36 0 26.2 36.36 0 27.73 36.11 0 26.98
3 1 36.05 0 26.63 36.13 0 26.43 36.36 0 26.2
3 1 10.88 0 27.22 10.85 0 26.81 11.13 0 26.85
4 1 11.84 0 27.94 11.46 0 27.85 11.46 0 27.65 11.94 0 27.65
4 1 36.79 0 27.72 36.79 0 25.59 37.04 0 26.91 37.09 0 27.28
4 1 12.21 0 27.73 12.21 0 28.24 11.94 0 28.05 11.84 0 27.94
3 1 11.84 0 27.94 11.94 0 27.65 12.21 0 27.73
3 1 12.21 0 28.24 12.01 0 28.24 11.94 0 28.05
3 1 37.04 0 27.72 36.79 0 27.72 37.04 0 27.52
3 1 36.79 0 27.72 37.09 0 27.28 37.04 0 27.52
3 1 37.05 0 26.37 36.79 0 25.59 37.05 0 25.59
4 1 11.94 0 27.65 11.94 0 26.2 12.21 0 26.2 12.21 0 27.73
4 1 37.09 0 26.61 37.04 0 26.91 36.79 0 25.59 37.05 0 26.37
4 1 37.23 0 26.43 37.09 0 26.61 37.05 0 26.37 37.2 0 26.22
4 1 37.23 0 26.43 37.2 0 26.22 37.33 0 26.17 37.46 0 26.37
4 1 37.23 0 27.48 37.21 0 27.68 37.04 0 27.52 37.09 0 27.28
4 1 37.21 0 27.68 37.23 0 27.48 37.46 0 27.54 37.35 0 27.75
4 1 12.93 0 26.45 12.89 0 26.2 13.18 0 26.44 13 0 26.66
4 1 13.27 0 27.82 13.14 0 28.09 13.04 0 27.96 12.97 0 27.76
4 1 37.52 0 27.77 37.35 0 27.75 37.46 0 27.54 37.68 0 27.48
4 1 13.2 0 27.52 13.27 0 27.82 12.97 0 27.76 12.94 0 27.52
4 1 13 0 26.66 13.18 0 26.44 13.24 0 26.59 13.14 0 26.85
4 1 37.46 0 26.37 37.33 0 26.17 37.49 0 26.15 37.62 0 26.41
4 1 37.62 0 26.41 37.49 0 26.15 37.7 0 26.18 37.88 0 26.29
4 1 13.36 0 26.72 13.37 0 27.02 13.14 0 26.85 13.24 0 26.59
4 1 13.41 0 27.97 13.44 0 28.24 13.27 0 28.18 13.14 0 28.09
4 1 13.37 0 27.02 13.36 0 26.72 13.58 0 26.87 13.65 0 27.17
4 1 37.76 0 27.72 37.52 0 27.77 37.68 0 27.48 37.96 0 27.57
3 1 13.14 0 28.09 13.27 0 27.82 13.41 0 27.97
4 1 13.44 0 28.24 13.41 0 27.97 13.63 0 28.02 13.63 0 28.26
4 1 37.76 0 26.52 37.62 0 26.41 37.88 0 26.29 37.99 0 26.41
4 1 38.07 0 26.57 37.85 0 26.71 37.76 0 26.52 37.99 0 26.41
4 1 13.65 0 27.17 13.58 0 26.87 13.78 0 26.98 13.91 0 27.36
4 1 37.83 0 27.29 38.09 0 27.33 37.96 0 27.57 37.68 0 27.48
4 1 14.3 0 26.44 13.18 0 26.44 12.89 0 26.2 14.3 0 26.2
4 1 37.88 0 26.98 38.14 0 27 38.09 0 27.33 37.83 0 27.29
4 1 13.63 0 28.26 13.63 0 28.02 13.79 0 27.99 13.94 0 28.21
4 1 38.14 0 27 37.88 0 26.98 37.85 0 26.71 38.07 0 26.57
4 1 13.94 0 28.21 13.79 0 27.99 13.92 0 27.91 14.15 0 28.06
4 1 13.91 0 27.36 13.78 0 26.98 14.14 0 27.22 13.99 0 27.49
4 1 14 0 27.79 14.02 0 27.63 14.27 0 27.86 14.15 0 28.06
3 1 14.15 0 28.06 13.92 0 27.91 14 0 27.79
4 1 14.27 0 27.41 14.02 0 27.63 13.99 0 27.49 14.14 0 27.22
4 1 14.31 0 27.64 14.27 0 27.86 14.02 0 27.63 14.27 0 27.41
4 1 16.01 0 28.05 15.72 0 28.05 15.72 0 26.2 16.01 0 26.2
3 1 15.01 0 28.3 15.01 0 28.05 15.72 0 28.05
4 1 16.01 0 28.05 16.71 0 28.05 16.71 0 28.3 15.01 0 28.3
3 1 15.01 0 28.3 15.72 0 28.05 16.01 0 28.05
4 1 17.29 0 27.52 17.29 0 28.31 17.03 0 28.31 17.03 0 26.2
3 1 17.29 0 27.01 17.03 0 26.2 17.29 0 26.2
4 1 17.03 0 26.2 17.29 0 27.01 17.33 0 27.27 17.29 0 27.52
4 1 17.42 0 27.43 17.56 0 27.51 17.46 0 27.69 17.29 0 27.52
3 1 17.29 0 27.52 17.33 0 27.27 17.42 0 27.43
4 1 17.71 0 27.54 17.77 0 27.77 17.6 0 27.75 17.56 0 27.51
3 1 17.6 0 27.75 17.46 0 27.69 17.56 0 27.51
4 1 17.77 0 27.77 17.71 0 27.54 17.87 0 27.51 18.05 0 27.71
4 1 17.98 0 27.41 18.28 0 27.18 18.22 0 27.54 18.05 0 27.71
4 1 18.28 0 27.18 17.98 0 27.41 18.02 0 27.16 18.28 0 26.2
3 1 18.05 0 27.71 17.87 0 27.51 17.98 0 27.41
3 1 18.02 0 27.16 18.02 0 26.2 18.28 0 26.2
4 1 18.62 0 26.94 18.67 0 26.6 18.9 0 26.88 18.91 0 27.09
4 1 18.67 0 27.27 18.91 0 27.09 18.94 0 27.27 18.82 0 27.53
3 1 18.67 0 27.27 18.62 0 26.94 18.91 0 27.09
4 1 18.67 0 26.6 18.82 0 26.35 18.93 0 26.67 18.9 0 26.88
4 1 18.82 0 26.35 19.04 0 26.2 19.01 0 26.51 18.93 0 26.67
4 1 18.82 0 27.53 18.94 0 27.27 19.03 0 27.41 19.05 0 27.71
4 1 19.05 0 27.71 19.03 0 27.41 19.17 0 27.51 19.35 0 27.77
4 1 19.14 0 26.41 19.01 0 26.51 19.04 0 26.2 19.31 0 26.14
4 1 19.33 0 26.37 19.14 0 26.41 19.31 0 26.14 19.52 0 26.17
3 1 19.35 0 27.77 19.17 0 27.51 19.33 0 27.54
4 1 19.51 0 26.4 19.33 0 26.37 19.52 0 26.17 19.68 0 26.23
4 1 19.54 0 27.5 19.66 0 27.69 19.35 0 27.77 19.33 0 27.54
4 1 19.65 0 26.5 19.51 0 26.4 19.68 0 26.23 19.81 0 26.32
4 1 19.66 0 27.69 19.54 0 27.5 19.68 0 27.36 19.9 0 27.49
4 1 19.76 0 27.09 18.91 0 27.09 18.9 0 26.88 20.02 0 26.88
4 1 19.93 0 26.49 20 0 26.68 19.75 0 26.68 19.65 0 26.5
4 1 20 0 27.22 19.9 0 27.49 19.68 0 27.36 19.76 0 27.09
3 1 19.65 0 26.5 19.81 0 26.32 19.93 0 26.49
3 1 20 0 27.22 19.76 0 27.09 20.02 0 26.88
4 1 24.96 0 26.9 24.92 0 27.23 24.63 0 27.22 24.7 0 26.75
3 1 24.96 0 26.9 24.7 0 26.75 24.79 0 26.55
3 1 24.7 0 27.69 24.63 0 27.22 24.92 0 27.23
4 1 31.71 0 -25.27 31.53 0 -25.54 31.69 0 -25.65 31.98 0 -25.45
4 1 19.33 0 -27.35 19.19 0 -27.49 19.65 0 -27.81 19.73 0 -27.63
4 1 31.97 0 -26.53 31.79 0 -26.19 31.68 0 -26.35 31.51 0 -26.84
4 1 31.98 0 -25.45 31.69 0 -25.65 31.79 0 -25.8 32.14 0 -25.71
4 1 19.65 0 -25.17 19.19 0 -25.48 19.34 0 -25.62 19.73 0 -25.35
4 1 32.13 0 -26.28 31.83 0 -26 31.79 0 -26.19 31.97 0 -26.53
4 1 32.14 0 -25.71 31.79 0 -25.8 31.83 0 -26 32.19 0 -25.99
4 1 19.74 0 -26.47 19.51 0 -26.15 19.46 0 -26.47 19.77 0 -26.71
3 1 32.19 0 -25.99 31.83 0 -26 32.13 0 -26.28
4 1 19.77 0 -26.71 19.46 0 -26.47 19.52 0 -26.82 19.87 0 -26.91
4 1 30.38 0 -27.83 32.18 0 -27.83 32.18 0 -27.52 30.75 0 -27.52
4 1 19.87 0 -26.91 19.52 0 -26.82 19.69 0 -27.08 20.03 0 -27.04
4 1 19.82 0 -26.12 19.66 0 -25.89 19.51 0 -26.15 19.74 0 -26.47
4 1 19.66 0 -25.89 19.82 0 -26.12 19.98 0 -25.93 19.9 0 -25.71
4 1 32.87 0 -26.59 32.55 0 -26.16 32.52 0 -26.58 32.89 0 -26.95
4 1 20.19 0 -25.07 19.65 0 -25.17 19.73 0 -25.35 20.19 0 -25.26
4 1 32.89 0 -26.95 32.52 0 -26.58 32.57 0 -27.09 32.96 0 -27.23
4 1 20.03 0 -27.04 19.69 0 -27.08 19.94 0 -27.25 20.23 0 -27.31
4 1 32.91 0 -26.12 32.63 0 -25.81 32.55 0 -26.16 32.87 0 -26.59
4 1 19.73 0 -27.63 19.65 0 -27.81 20.19 0 -27.91 20.19 0 -27.72
4 1 33.01 0 -25.79 32.76 0 -25.55 32.63 0 -25.81 32.91 0 -26.12
4 1 20.2 0 -25.65 19.9 0 -25.71 19.98 0 -25.93 20.23 0 -25.87
4 1 32.96 0 -27.23 32.57 0 -27.09 32.71 0 -27.49 33.14 0 -27.51
4 1 20.2 0 -25.65 20.23 0 -25.87 20.4 0 -25.9 20.57 0 -25.73
4 1 20.23 0 -27.31 20.47 0 -27.27 20.25 0 -27.09 20.03 0 -27.04
4 1 33.18 0 -25.58 32.93 0 -25.37 32.76 0 -25.55 33.01 0 -25.79
4 1 33.14 0 -27.51 32.71 0 -27.49 32.84 0 -27.67 33 0 -27.8
4 1 33.19 0 -27.88 33.41 0 -27.6 33.14 0 -27.51 33 0 -27.8
4 1 20.57 0 -25.73 20.4 0 -25.9 20.53 0 -25.97 20.79 0 -25.93
4 1 20.51 0 -27 20.25 0 -27.09 20.47 0 -27.27 20.67 0 -27.17
4 1 33.15 0 -25.25 32.93 0 -25.37 33.18 0 -25.58 33.43 0 -25.51
4 1 33.41 0 -25.22 33.15 0 -25.25 33.43 0 -25.51 33.65 0 -25.24
4 1 33.41 0 -27.6 33.19 0 -27.88 33.41 0 -27.9 33.65 0 -27.87
4 1 20.67 0 -27.63 20.19 0 -27.72 20.19 0 -27.91 20.74 0 -27.81
4 1 20.19 0 -25.07 20.19 0 -25.26 20.66 0 -25.35 20.74 0 -25.17
4 1 20.79 0 -25.93 20.53 0 -25.97 20.65 0 -26.22 20.88 0 -26.22
4 1 33.64 0 -27.54 33.41 0 -27.6 33.65 0 -27.87 33.86 0 -27.78
4 1 33.65 0 -25.24 33.43 0 -25.51 33.7 0 -25.58 33.85 0 -25.32
4 1 20.51 0 -27 20.67 0 -27.17 20.81 0 -26.99 20.66 0 -26.76
4 1 21.06 0 -27.35 20.67 0 -27.63 20.74 0 -27.81 21.2 0 -27.49
3 1 20.89 0 -26.76 20.66 0 -26.76 20.81 0 -26.99
4 1 20.74 0 -25.17 20.66 0 -25.35 21.06 0 -25.62 21.2 0 -25.48
4 1 21.2 0 -25.48 21.06 0 -25.62 21.32 0 -26.02 21.51 0 -25.94
4 1 33.64 0 -27.54 33.86 0 -27.78 34.03 0 -27.62 33.81 0 -27.38
4 1 33.7 0 -25.58 33.86 0 -25.8 34.01 0 -25.45 33.85 0 -25.32
4 1 33.81 0 -27.38 34.03 0 -27.62 34.16 0 -27.4 33.93 0 -27.05
4 1 21.51 0 -25.94 21.32 0 -26.02 21.41 0 -26.49 21.62 0 -26.49
4 1 33.86 0 -25.8 33.94 0 -26.13 34.28 0 -26.02 34.14 0 -25.64
4 1 21.32 0 -26.96 21.06 0 -27.35 21.2 0 -27.49 21.51 0 -27.03
3 1 34.01 0 -25.45 33.86 0 -25.8 34.14 0 -25.64
4 1 21.51 0 -27.03 21.62 0 -26.49 21.41 0 -26.49 21.32 0 -26.96
4 1 34.32 0 -26.52 34.28 0 -26.02 33.94 0 -26.13 33.96 0 -26.53
4 1 34.28 0 -27.01 34.32 0 -26.52 33.96 0 -26.53 33.93 0 -27.05
3 1 34.28 0 -27.01 33.93 0 -27.05 34.16 0 -27.4
4 1 22.58 0 -26.49 22.94 0 -26.28 22.94 0 -25.45 22.58 0 -25.15
4 1 22.94 0 -26.28 22.58 0 -26.49 22.94 0 -26.58 23.6 0 -26.28
4 1 34.65 0 -26.58 34.7 0 -27.09 35.03 0 -26.95 35.01 0 -26.59
4 1 34.68 0 -26.16 34.65 0 -26.58 35.01 0 -26.59 35.04 0 -26.12
4 1 22.58 0 -26.49 22.58 0 -27.83 22.94 0 -27.52 22.94 0 -26.58
4 1 34.7 0 -27.09 34.84 0 -27.49 35.09 0 -27.23 35.03 0 -26.95
4 1 22.94 0 -27.52 22.58 0 -27.83 23.72 0 -27.83 23.72 0 -27.52
4 1 34.77 0 -25.81 34.68 0 -26.16 35.04 0 -26.12 35.14 0 -25.79
4 1 23.6 0 -26.28 22.94 0 -26.58 23.66 0 -26.58 23.96 0 -26.22
4 1 22.94 0 -25.45 23.59 0 -25.45 23.73 0 -25.15 22.58 0 -25.15
4 1 35.27 0 -27.51 35.09 0 -27.23 34.84 0 -27.49 34.97 0 -27.67
4 1 34.9 0 -25.55 34.77 0 -25.81 35.14 0 -25.79 35.32 0 -25.58
4 1 35.32 0 -25.58 35.29 0 -25.25 35.07 0 -25.37 34.9 0 -25.55
4 1 23.73 0 -25.15 23.59 0 -25.45 23.94 0 -25.5 24.14 0 -25.22
4 1 35.27 0 -27.51 34.97 0 -27.67 35.13 0 -27.8 35.32 0 -27.88
4 1 24.01 0 -27.47 23.72 0 -27.52 23.72 0 -27.83 24.18 0 -27.75
4 1 23.96 0 -26.22 23.66 0 -26.58 24.03 0 -26.63 24.16 0 -26.39
4 1 35.29 0 -25.25 35.32 0 -25.58 35.57 0 -25.51 35.54 0 -25.22
4 1 24.14 0 -25.22 23.94 0 -25.5 24.11 0 -25.64 24.41 0 -25.43
4 1 35.54 0 -27.6 35.27 0 -27.51 35.32 0 -27.88 35.54 0 -27.9
4 1 35.79 0 -27.87 35.77 0 -27.54 35.54 0 -27.6 35.54 0 -27.9
4 1 24.11 0 -26.08 23.96 0 -26.22 24.16 0 -26.39 24.38 0 -26.23
4 1 35.78 0 -25.24 35.54 0 -25.22 35.57 0 -25.51 35.83 0 -25.58
4 1 24.16 0 -26.39 24.03 0 -26.63 24.22 0 -26.78 24.47 0 -26.56
4 1 24.2 0 -27.33 24.01 0 -27.47 24.18 0 -27.75 24.49 0 -27.52
4 1 35.77 0 -27.54 35.79 0 -27.87 35.99 0 -27.78 36.16 0 -27.62
4 1 24.11 0 -26.08 24.38 0 -26.23 24.49 0 -26.04 24.16 0 -25.86
4 1 35.98 0 -25.32 35.78 0 -25.24 35.83 0 -25.58 36.15 0 -25.45
4 1 24.11 0 -25.64 24.16 0 -25.86 24.49 0 -25.61 24.41 0 -25.43
4 1 24.16 0 -25.86 24.49 0 -26.04 24.52 0 -25.82 24.49 0 -25.61
4 1 24.2 0 -27.33 24.49 0 -27.52 24.61 0 -27.29 24.29 0 -27.03
4 1 24.29 0 -27.03 24.61 0 -27.29 24.65 0 -27.05 24.61 0 -26.77
4 1 35.99 0 -25.8 36.28 0 -25.64 36.15 0 -25.45 35.83 0 -25.58
4 1 24.22 0 -26.78 24.29 0 -27.03 24.61 0 -26.77 24.47 0 -26.56
4 1 35.95 0 -27.38 35.77 0 -27.54 36.16 0 -27.62 36.3 0 -27.4
4 1 35.99 0 -25.8 36.07 0 -26.13 36.41 0 -26.02 36.28 0 -25.64
4 1 36.3 0 -27.4 36.41 0 -27.01 36.06 0 -27.05 35.95 0 -27.38
4 1 36.41 0 -27.01 36.45 0 -26.52 36.1 0 -26.53 36.06 0 -27.05
4 1 36.45 0 -26.52 36.41 0 -26.02 36.07 0 -26.13 36.1 0 -26.53
4 1 24.94 0 -27.05 25.29 0 -26.94 25.23 0 -26.53 24.86 0 -26.5
4 1 24.92 0 -26 24.86 0 -26.5 25.23 0 -26.53 25.3 0 -26.04
4 1 25.13 0 -25.57 24.92 0 -26 25.3 0 -26.04 25.49 0 -25.69
4 1 25.32 0 -25.36 25.13 0 -25.57 25.49 0 -25.69 25.56 0 -25.2
4 1 37.15 0 -26.11 36.86 0 -25.78 36.8 0 -26.11 37.18 0 -26.34
4 1 25.46 0 -27.28 25.29 0 -26.94 24.94 0 -27.05 25.17 0 -27.5
4 1 25.46 0 -27.28 25.17 0 -27.5 25.37 0 -27.68 25.75 0 -27.51
4 1 25.75 0 -27.51 25.37 0 -27.68 25.59 0 -27.81 25.85 0 -27.88
4 1 37.18 0 -26.34 36.8 0 -26.11 36.86 0 -26.45 37.27 0 -26.51
4 1 25.56 0 -25.2 25.49 0 -25.69 25.8 0 -25.47 25.83 0 -25.11
4 1 36.86 0 -25.78 37.15 0 -26.11 37.18 0 -25.86 37.02 0 -25.49
4 1 37.17 0 -27.2 36.83 0 -27.2 36.88 0 -27.48 37.23 0 -27.43
4 1 37.27 0 -26.51 36.86 0 -26.45 37.02 0 -26.72 37.28 0 -26.89
4 1 37.23 0 -27.43 36.88 0 -27.48 37.03 0 -27.71 37.38 0 -27.58
4 1 37.02 0 -25.49 37.18 0 -25.86 37.29 0 -25.67 37.29 0 -25.28
4 1 37.43 0 -26.63 37.27 0 -26.51 37.28 0 -26.89 37.62 0 -26.95
4 1 37.29 0 -25.28 37.29 0 -25.67 37.45 0 -25.55 37.66 0 -25.22
4 1 26.19 0 -27.58 25.75 0 -27.51 25.85 0 -27.88 26.15 0 -27.91
4 1 25.83 0 -25.11 25.8 0 -25.47 26.17 0 -25.4 26.15 0 -25.08
4 1 37.38 0 -27.58 37.03 0 -27.71 37.28 0 -27.86 37.6 0 -27.63
4 1 26.48 0 -25.11 26.15 0 -25.08 26.17 0 -25.4 26.56 0 -25.47
4 1 37.6 0 -27.63 37.28 0 -27.86 37.62 0 -27.91 37.88 0 -27.87
4 1 26.19 0 -27.58 26.15 0 -27.91 26.46 0 -27.88 26.6 0 -27.5
4 1 26.6 0 -27.5 26.46 0 -27.88 26.73 0 -27.79 26.97 0 -27.65
4 1 37.66 0 -25.22 37.45 0 -25.55 37.67 0 -25.51 37.93 0 -25.25
4 1 37.66 0 -26.66 37.43 0 -26.63 37.62 0 -26.95 37.97 0 -26.88
4 1 26.77 0 -25.19 26.48 0 -25.11 26.56 0 -25.47 27.01 0 -25.33
4 1 37.82 0 -27.58 37.6 0 -27.63 37.88 0 -27.87 38.11 0 -27.75
4 1 26.76 0 -27.39 26.6 0 -27.5 26.97 0 -27.65 27.16 0 -27.44
4 1 27.01 0 -25.33 26.56 0 -25.47 26.85 0 -25.69 27.2 0 -25.53
4 1 37.85 0 -26.63 37.66 0 -26.66 37.97 0 -26.88 38.12 0 -26.78
3 1 12.61 0 -25.15 12.61 0 -25.47 13.51 0 -25.47
4 1 26.88 0 -27.24 26.76 0 -27.39 27.16 0 -27.44 27.39 0 -26.99
4 1 37.93 0 -25.25 37.67 0 -25.51 37.87 0 -25.55 38.15 0 -25.34
4 1 27.04 0 -26.87 26.88 0 -27.24 27.39 0 -26.99 27.47 0 -26.44
4 1 13.51 0 -27.83 13.88 0 -27.83 13.88 0 -25.47 13.51 0 -25.47
4 1 38.01 0 -27.43 37.82 0 -27.58 38.11 0 -27.75 38.29 0 -27.56
4 1 13.88 0 -25.47 14.79 0 -25.15 12.61 0 -25.15 13.51 0 -25.47
4 1 27.2 0 -25.53 26.85 0 -25.69 27.03 0 -26.02 27.4 0 -25.94
4 1 38.15 0 -25.34 37.87 0 -25.55 38.04 0 -25.65 38.32 0 -25.5
4 1 27.1 0 -26.45 27.04 0 -26.87 27.47 0 -26.44 27.4 0 -25.94
3 1 14.79 0 -25.15 13.88 0 -25.47 14.79 0 -25.47
4 1 38.02 0 -26.53 37.85 0 -26.63 38.12 0 -26.78 38.24 0 -26.64
3 1 27.4 0 -25.94 27.03 0 -26.02 27.1 0 -26.45
4 1 27.5 0 -27.83 27.87 0 -27.83 28.16 0 -27.03 28.51 0 -25.15
4 1 38.14 0 -26.36 38.02 0 -26.53 38.24 0 -26.64 38.57 0 -26.44
4 1 15.57 0 -25.57 15.23 0 -25.15 15.23 0 -27.83 15.57 0 -27.83
3 1 28.51 0 -25.15 28.27 0 -26.73 28.7 0 -25.55
4 1 38.32 0 -25.5 38.04 0 -25.65 38.15 0 -25.83 38.45 0 -25.73
4 1 38.29 0 -27.56 38.43 0 -27.29 38.15 0 -27.14 38.01 0 -27.43
3 1 28.51 0 -25.15 28.16 0 -27.03 28.27 0 -26.73
3 1 15.75 0 -25.15 15.23 0 -25.15 15.57 0 -25.57
4 1 38.54 0 -26.05 38.45 0 -25.73 38.15 0 -25.83 38.18 0 -26.08
4 1 38.53 0 -26.89 38.57 0 -26.44 38.24 0 -26.64 38.19 0 -26.89
4 1 38.54 0 -26.05 38.18 0 -26.08 38.14 0 -26.36 38.57 0 -26.44
4 1 38.15 0 -27.14 38.43 0 -27.29 38.53 0 -26.89 38.19 0 -26.89
4 1 29.11 0 -26.73 28.27 0 -26.73 28.16 0 -27.03 29.22 0 -27.03
4 1 16.52 0 -27.42 15.75 0 -25.15 15.57 0 -25.57 16.34 0 -27.83
3 1 28.92 0 -25.15 28.51 0 -25.15 28.7 0 -25.55
4 1 28.92 0 -25.15 28.7 0 -25.55 29.11 0 -26.73 29.22 0 -27.03
4 1 29.89 0 -27.83 28.92 0 -25.15 29.22 0 -27.03 29.49 0 -27.83
4 1 16.52 0 -27.42 16.34 0 -27.83 16.7 0 -27.83 17.46 0 -25.57
4 1 30.83 0 -27.34 30.7 0 -27 30.52 0 -27.24 30.75 0 -27.52
4 1 30.48 0 -25.84 30.44 0 -26.15 30.78 0 -26.15 30.86 0 -25.77
4 1 30.43 0 -27.51 30.38 0 -27.83 30.75 0 -27.52 30.52 0 -27.24
3 1 17.28 0 -25.15 16.52 0 -27.42 17.46 0 -25.57
4 1 30.57 0 -25.59 30.48 0 -25.84 30.86 0 -25.77 30.7 0 -25.42
4 1 31.04 0 -25.57 30.87 0 -25.3 30.7 0 -25.42 30.86 0 -25.77
4 1 17.46 0 -25.57 17.45 0 -27.83 17.8 0 -27.83 17.8 0 -25.15
4 1 30.7 0 -27 30.83 0 -27.34 30.98 0 -27.17 31 0 -26.79
3 1 17.8 0 -25.15 17.28 0 -25.15 17.46 0 -25.57
4 1 31.08 0 -25.23 30.87 0 -25.3 31.04 0 -25.57 31.32 0 -25.51
4 1 31 0 -26.79 30.98 0 -27.17 31.26 0 -26.98 31.35 0 -26.59
4 1 18.98 0 -26.49 18.88 0 -25.94 18.78 0 -26.49 18.88 0 -27.03
4 1 31.32 0 -25.21 31.08 0 -25.23 31.32 0 -25.51 31.53 0 -25.54
4 1 31.35 0 -26.59 31.26 0 -26.98 31.51 0 -26.84 31.68 0 -26.35
3 1 18.88 0 -25.94 18.98 0 -26.49 19.07 0 -26.02
4 1 19.19 0 -25.48 18.88 0 -25.94 19.07 0 -26.02 19.34 0 -25.62
3 1 18.98 0 -26.49 18.88 0 -27.03 19.07 0 -26.96
3 1 31.32 0 -25.21 31.53 0 -25.54 31.71 0 -25.27
4 1 19.07 0 -26.96 18.88 0 -27.03 19.19 0 -27.49 19.33 0 -27.35
4 16 9.09 0 27.91 8.81 0 28.02 9.08 0 27.36 9.17 0 27.49
4 16 9.17 0 27.49 9.2 0 27.63 9.18 0 27.79 9.09 0 27.91
4 16 9.49 0 27.64 9.44 0 27.41 9.75 0 27.18 9.77 0 27.51
4 16 9.32 0 28.06 9.45 0 27.86 9.77 0 27.51 9.84 0 27.78
4 16 9.08 0 27.36 8.81 0 28.02 8.59 0 27.97 8.38 0 27.52
3 16 9.45 0 27.86 9.49 0 27.64 9.77 0 27.51
3 16 8.81 0 28.02 9.09 0 27.91 8.97 0 27.99
3 16 8.59 0 27.97 8.44 0 27.82 8.38 0 27.52
4 16 9.32 0 28.06 9.84 0 27.78 9.94 0 27.99 9.12 0 28.21
4 16 9.12 0 28.21 10.07 0 28.13 10.24 0 28.22 8.81 0 28.26
3 16 9.12 0 28.21 9.94 0 27.99 10.07 0 28.13
4 16 10.46 0 28.02 10.27 0 27.96 10.13 0 27.8 10.67 0 27.96
4 16 8.81 0 28.26 10.24 0 28.22 10.44 0 28.25 0 0 30
4 16 11.46 0 27.65 11.46 0 27.85 11.02 0 27.92 11.12 0 27.62
4 16 13.79 0 27.99 13.63 0 28.02 13.41 0 27.97 13.27 0 27.82
4 16 13.92 0 27.91 13.79 0 27.99 13.27 0 27.82 14 0 27.79
4 16 14 0 27.79 13.27 0 27.82 13.99 0 27.49 14.02 0 27.63
4 16 13.91 0 27.36 13.99 0 27.49 13.2 0 27.52 13.65 0 27.17
4 16 12.21 0 28.24 13.27 0 28.18 13.44 0 28.24 0 0 30
4 16 12.94 0 27.52 12.97 0 27.76 12.21 0 28.24 12.21 0 27.73
4 16 13.2 0 27.52 12.94 0 27.52 12.21 0 26.2 13 0 26.66
3 16 12.21 0 28.24 12.97 0 27.76 13.04 0 27.96
3 16 12.21 0 28.24 13.14 0 28.09 13.27 0 28.18
3 16 12.21 0 28.24 13.04 0 27.96 13.14 0 28.09
4 16 11.84 0 27.94 11.94 0 28.05 12.01 0 28.24 10.92 0 28.06
4 16 11.84 0 27.94 10.92 0 28.06 11.02 0 27.92 11.46 0 27.85
3 16 12.01 0 28.24 10.79 0 28.17 10.92 0 28.06
3 16 12.01 0 28.24 10.63 0 28.23 10.79 0 28.17
4 16 10.67 0 27.96 10.13 0 27.8 10.05 0 27.54 10.04 0 26.89
4 16 6.12 0 27.81 6.36 0 27.86 6.36 0 28.17 5.98 0 28.1
4 16 5.92 0 27.66 6.12 0 27.81 5.98 0 28.1 5.66 0 27.88
4 16 5.8 0 27.45 5.92 0 27.66 5.66 0 27.88 5.44 0 27.56
4 16 5.76 0 27.18 5.8 0 27.45 5.44 0 27.56 5.37 0 27.17
4 16 5.44 0 26.79 5.8 0 26.91 5.76 0 27.18 5.37 0 27.17
4 16 5.94 0 26.69 5.8 0 26.91 5.44 0 26.79 5.65 0 26.47
4 16 6.15 0 26.55 5.94 0 26.69 5.65 0 26.47 5.98 0 26.25
4 16 6.39 0 26.5 6.15 0 26.55 5.98 0 26.25 6.36 0 26.17
4 16 6.58 0 26.53 6.39 0 26.5 6.36 0 26.17 6.74 0 26.25
4 16 6.74 0 26.62 6.58 0 26.53 6.74 0 26.25 7.06 0 26.47
4 16 6.86 0 26.76 6.74 0 26.62 7.06 0 26.47 7.27 0 26.79
4 16 6.92 0 26.95 6.86 0 26.76 7.27 0 26.79 7.35 0 27.17
4 16 6.92 0 27.39 6.92 0 26.95 7.35 0 27.17 7.27 0 27.56
4 16 6.84 0 27.63 6.92 0 27.39 7.27 0 27.56 7.06 0 27.88
4 16 6.66 0 27.79 6.84 0 27.63 7.06 0 27.88 6.74 0 28.1
4 16 6.36 0 27.86 6.66 0 27.79 6.74 0 28.1 6.36 0 28.17
4 16 6.73 0 26.95 6.92 0 26.95 6.92 0 27.39 6.73 0 27.39
4 16 9.75 0 27.18 9.44 0 27.41 9.31 0 27.22 9.48 0 26.44
4 16 9.48 0 26.44 8.95 0 26.98 8.76 0 26.87 8.54 0 26.72
4 16 9.48 0 26.44 8.54 0 26.72 8.42 0 26.59 8.36 0 26.44
4 16 9.9 0 26.47 9.48 0 26.44 9.48 0 26.2 10 0 26.33
3 16 12.21 0 27.73 12.21 0 26.2 12.94 0 27.52
3 16 13.2 0 27.52 13.37 0 27.02 13.65 0 27.17
3 16 13.27 0 27.82 13.2 0 27.52 13.99 0 27.49
3 16 13.2 0 27.52 13.14 0 26.85 13.37 0 27.02
3 16 13.2 0 27.52 13 0 26.66 13.14 0 26.85
3 16 13 0 26.66 12.21 0 26.2 12.93 0 26.45
4 16 13.36 0 26.72 13.24 0 26.59 13.18 0 26.44 14.3 0 26.44
4 16 12.89 0 26.2 12.93 0 26.45 12.21 0 26.2 7.89 0 21.47
4 16 13.58 0 26.87 13.36 0 26.72 14.3 0 26.44 13.78 0 26.98
3 16 14.14 0 27.22 13.78 0 26.98 14.3 0 26.44
4 16 14.27 0 27.41 14.14 0 27.22 14.3 0 26.44 15.01 0 28.05
4 16 19.33 0 27.54 19.17 0 27.51 19.03 0 27.41 19.54 0 27.5
4 16 18.02 0 26.2 18.02 0 27.16 17.87 0 27.51 17.71 0 27.54
4 16 17.71 0 27.54 17.42 0 27.43 17.33 0 27.27 17.29 0 27.01
3 16 17.87 0 27.51 18.02 0 27.16 17.98 0 27.41
3 16 17.29 0 28.31 17.6 0 27.75 17.77 0 27.77
3 16 17.71 0 27.54 17.56 0 27.51 17.42 0 27.43
3 16 17.29 0 28.31 17.46 0 27.69 17.6 0 27.75
3 16 17.29 0 28.31 17.29 0 27.52 17.46 0 27.69
4 1 21.59 0 26.45 21.59 0 28.3 21.3 0 28.3 21.3 0 26.2
4 1 22.65 0 26.2 22.65 0 26.45 21.59 0 26.45 21.3 0 26.2
3 1 22.91 0 28.3 23.18 0 27.41 23.18 0 28.04
4 1 22.91 0 28.3 22.91 0 26.2 23.18 0 27.16 23.18 0 27.41
3 1 23.18 0 27.16 22.91 0 26.2 23.18 0 26.45
4 1 24.44 0 28.3 22.91 0 28.3 23.18 0 28.04 24.44 0 28.04
4 1 23.18 0 27.41 23.18 0 27.16 24.34 0 27.16 24.34 0 27.41
4 1 23.18 0 26.45 22.91 0 26.2 24.46 0 26.2 24.46 0 26.45
4 16 25.62 0 27.33 26.15 0 27.86 26.02 0 28 25.61 0 28.11
4 16 25.62 0 27.33 25.61 0 28.11 25.34 0 28.05 25.12 0 27.89
4 16 24.92 0 27.23 25.62 0 27.33 25.12 0 27.89 24.97 0 27.61
3 16 25.61 0 28.11 26.02 0 28 25.84 0 28.08
4 16 24.79 0 27.89 23.18 0 28.04 23.18 0 27.41 24.7 0 27.69
3 16 24.44 0 28.3 25.06 0 28.19 25.23 0 28.28
4 16 24.44 0 28.3 24.44 0 28.04 24.92 0 28.06 25.06 0 28.19
3 16 25.62 0 28.35 24.44 0 28.3 25.23 0 28.28
3 16 24.7 0 27.69 23.18 0 27.41 24.34 0 27.41
3 16 24.44 0 28.04 23.18 0 28.04 24.79 0 27.89
3 16 24.92 0 28.06 24.44 0 28.04 24.79 0 27.89
4 16 28.24 0 28.05 27.94 0 28.11 27.64 0 28.05 27.4 0 27.88
4 16 27.25 0 27.6 28.47 0 27.88 28.24 0 28.05 27.4 0 27.88
4 16 28.61 0 27.62 28.47 0 27.88 27.25 0 27.6 28.66 0 27.28
4 16 28.66 0 27.28 27.25 0 27.6 27.2 0 27.22 27.24 0 26.9
4 16 28.62 0 26.95 28.66 0 27.28 27.37 0 26.63 28.49 0 26.66
4 16 28.49 0 26.66 27.61 0 26.45 27.95 0 26.39 28.39 0 26.54
3 16 28.39 0 26.54 27.95 0 26.39 28.27 0 26.46
3 16 28.49 0 26.66 27.37 0 26.63 27.61 0 26.45
3 16 28.66 0 27.28 27.24 0 26.9 27.37 0 26.63
3 16 31.48 0 26.25 31.27 0 26.17 31.8 0 26.2
3 16 31.74 0 26.47 31.48 0 26.25 31.8 0 26.2
4 16 30.74 0 26.45 31.06 0 26.39 31.32 0 26.43 31.53 0 26.55
4 16 30.74 0 26.45 31.53 0 26.55 31.67 0 26.77 31.73 0 27.09
4 16 30.74 0 26.45 31.06 0 27.09 31.06 0 27.33 30.53 0 26.63
3 16 31.06 0 27.09 30.74 0 26.45 31.73 0 27.09
4 16 31.67 0 27.67 31.06 0 27.33 31.99 0 27.33 31.95 0 27.67
4 16 31.28 0 28.08 30.78 0 28.05 30.56 0 27.89 31.46 0 28
4 16 31.46 0 28 30.56 0 27.89 30.41 0 27.61 31.06 0 27.33
4 16 30.53 0 26.63 31.06 0 27.33 30.41 0 27.61 30.4 0 26.9
4 16 31.59 0 27.86 31.46 0 28 31.06 0 27.33 31.67 0 27.67
3 16 31.05 0 28.11 30.78 0 28.05 31.28 0 28.08
3 16 30.41 0 27.61 30.36 0 27.23 30.4 0 26.9
4 16 31.99 0 26.2 32.42 0 26.2 32.42 0 27.73 31.99 0 27.33
4 16 31.82 0 28.01 32.42 0 27.73 32.67 0 27.73 33.09 0 27.77
4 16 32.91 0 27.46 32.71 0 27.23 32.68 0 27.08 33.41 0 26.61
4 16 33.17 0 27.76 33.17 0 27.49 33.41 0 27.28 33.56 0 27.55
4 16 33.73 0 26.53 33.65 0 27.17 33.62 0 26.94 33.65 0 26.71
4 16 34.29 0 26.42 34.08 0 27.55 33.73 0 27.37 34.07 0 26.37
4 16 34.45 0 27.34 34.3 0 27.5 34.29 0 26.42 34.49 0 26.76
4 16 33.87 0 26.41 34.07 0 26.37 33.73 0 27.37 33.73 0 26.53
4 16 33.09 0 27.5 33.36 0 26.93 33.41 0 27.28 33.17 0 27.49
4 16 32.91 0 27.46 33.41 0 26.61 33.36 0 26.93 33.09 0 27.5
3 16 32.94 0 27.74 32.67 0 27.73 32.82 0 27.66
3 16 32.67 0 27.73 32.67 0 27.47 32.82 0 27.66
3 16 32.91 0 27.46 32.79 0 27.37 32.71 0 27.23
4 16 33.55 0 26.36 33.41 0 26.61 32.68 0 27.08 32.68 0 26.2
3 16 34.05 0 26.14 33.76 0 26.2 32.68 0 26.2
3 16 32.68 0 26.2 36.79 0 25.59 34.05 0 26.14
3 16 33.55 0 26.36 32.68 0 26.2 33.76 0 26.2
3 16 34.49 0 26.76 34.29 0 26.42 34.42 0 26.56
4 16 35.2 0 26.38 34.74 0 26.66 34.61 0 26.39 35.37 0 26.21
4 16 34.74 0 26.66 35.2 0 26.38 35.13 0 26.69 34.79 0 27
4 16 35.4 0 26.72 35.43 0 26.52 35.53 0 26.42 35.4 0 27.73
4 16 34.79 0 27 35.13 0 26.69 35.13 0 27.73 34.73 0 27.33
4 16 35.4 0 27.73 35.53 0 26.42 35.69 0 26.39 35.91 0 26.45
4 16 36.11 0 26.98 36.11 0 27.73 35.91 0 26.45 36.05 0 26.63
3 16 35.13 0 27.73 34.58 0 27.58 34.73 0 27.33
3 16 35.13 0 27.73 34.35 0 27.73 34.58 0 27.58
3 16 34.45 0 27.34 34.49 0 26.76 34.52 0 26.99
4 16 34.08 0 27.78 34.35 0 27.73 35.13 0 27.73 40 0 30
3 16 36.11 0 27.73 35.4 0 27.73 35.91 0 26.45
3 16 34.08 0 27.55 33.87 0 27.51 33.73 0 27.37
3 16 34.08 0 27.55 34.29 0 26.42 34.3 0 27.5
3 16 33.73 0 27.37 33.65 0 27.17 33.73 0 26.53
4 16 35.64 0 26.16 35.37 0 26.21 34.38 0 26.21 36.79 0 25.59
4 16 36.79 0 25.59 36.79 0 27.72 36.36 0 27.73 36.36 0 26.2
4 16 37.09 0 27.28 37.09 0 26.61 37.23 0 26.43 37.23 0 27.48
4 16 37.23 0 27.48 37.23 0 26.43 37.46 0 26.37 37.68 0 27.48
3 16 37.46 0 27.54 37.23 0 27.48 37.68 0 27.48
4 16 37.68 0 27.48 37.46 0 26.37 37.62 0 26.41 37.76 0 26.52
4 16 37.49 0 26.15 37.33 0 26.17 37.05 0 25.59 40 0 0
3 16 37.2 0 26.22 37.05 0 25.59 37.33 0 26.17
4 16 37.04 0 27.72 37.21 0 27.68 37.35 0 27.75 40 0 30
3 16 37.68 0 27.48 37.76 0 26.52 37.85 0 26.71
3 16 37.04 0 27.72 37.04 0 27.52 37.21 0 27.68
3 16 37.09 0 27.28 37.04 0 26.91 37.09 0 26.61
3 16 32.42 0 27.73 31.95 0 27.67 31.99 0 27.33
3 16 31.82 0 28.01 31.95 0 27.67 32.42 0 27.73
3 16 33.09 0 27.77 32.67 0 27.73 32.94 0 27.74
3 16 33.17 0 27.76 33.56 0 27.55 33.79 0 27.72
4 16 33.17 0 27.76 33.79 0 27.72 34.08 0 27.78 40 0 30
4 16 36.79 0 25.59 36.36 0 26.2 36.12 0 26.2 35.84 0 26.19
3 16 36.13 0 26.43 36 0 26.28 36.12 0 26.2
3 16 36 0 26.28 35.84 0 26.19 36.12 0 26.2
3 16 34.61 0 26.39 34.38 0 26.21 35.37 0 26.21
4 16 28.95 0 27.29 30.07 0 27.22 30.14 0 27.69 28.9 0 27.68
4 16 30.07 0 27.22 28.95 0 27.29 28.89 0 26.86 30.14 0 26.75
4 16 28.74 0 28 28.9 0 27.68 30.14 0 27.69 30.23 0 27.89
4 16 28.74 0 28 30.23 0 27.89 30.36 0 28.06 28.59 0 28.16
3 16 30.5 0 28.19 28.59 0 28.16 30.36 0 28.06
4 16 28.59 0 28.16 30.5 0 28.19 30.67 0 28.28 28.4 0 28.27
4 16 30.23 0 26.55 30.14 0 26.75 28.89 0 26.86 28.71 0 26.5
4 16 30.36 0 26.39 30.23 0 26.55 28.71 0 26.5 28.56 0 26.34
4 16 30.36 0 26.39 28.56 0 26.34 28.37 0 26.23 30.66 0 26.21
4 16 27.68 0 26.16 27.48 0 26.22 26.55 0 26.2 8.34 0 18.04
3 16 27.3 0 26.32 26.55 0 26.2 27.48 0 26.22
3 16 27.15 0 26.46 26.55 0 26.2 27.3 0 26.32
4 16 26.55 0 26.2 27.15 0 26.46 26.97 0 26.81 26.55 0 27.33
3 16 26.29 0 26.47 26.04 0 26.25 26.36 0 26.2
4 16 26.36 0 26.2 26.04 0 26.25 25.83 0 26.17 8.34 0 18.04
3 16 26.55 0 27.33 26.97 0 26.81 26.9 0 27.24
4 16 26.23 0 26.77 26.29 0 27.09 25.88 0 26.43 26.09 0 26.55
4 16 26.55 0 27.33 26.9 0 27.24 26.96 0 27.63 26.51 0 27.67
4 16 26.38 0 28.01 26.96 0 27.63 27.12 0 27.97 26.27 0 28.14
4 16 26.55 0 27.33 26.51 0 27.67 26.23 0 27.67 25.62 0 27.33
4 16 26.27 0 28.14 27.27 0 28.14 27.45 0 28.26 26.13 0 28.24
3 16 26.27 0 28.14 27.12 0 27.97 27.27 0 28.14
3 16 26.15 0 27.86 25.62 0 27.33 26.23 0 27.67
3 16 26.38 0 28.01 26.51 0 27.67 26.96 0 27.63
4 16 25.88 0 26.43 26.29 0 27.09 25.62 0 27.09 25.62 0 26.39
4 16 25.62 0 26.39 25.62 0 27.09 24.92 0 27.23 25.3 0 26.45
4 16 24.46 0 26.45 24.63 0 27.22 24.34 0 27.41 24.34 0 27.16
3 16 25.62 0 27.33 24.92 0 27.23 25.62 0 27.09
4 16 25.3 0 26.45 24.92 0 27.23 24.96 0 26.9 25.09 0 26.63
4 16 25.22 0 26.21 24.92 0 26.39 24.46 0 26.45 24.46 0 26.2
3 16 24.7 0 27.69 24.34 0 27.41 24.63 0 27.22
3 16 24.63 0 27.22 24.46 0 26.45 24.7 0 26.75
4 16 25.56 0 26.14 25.22 0 26.21 24.46 0 26.2 8.34 0 18.04
3 16 24.7 0 26.75 24.46 0 26.45 24.79 0 26.55
3 16 24.79 0 26.55 24.46 0 26.45 24.92 0 26.39
4 16 24.46 0 26.45 24.34 0 27.16 23.18 0 27.16 23.18 0 26.45
4 16 22.91 0 26.2 22.91 0 28.3 22.65 0 26.45 22.65 0 26.2
4 16 21.59 0 26.45 22.65 0 26.45 22.91 0 28.3 21.59 0 28.3
4 16 20 0 26.68 21.3 0 26.2 21.3 0 28.3 20.02 0 26.88
3 16 21.3 0 28.3 20 0 27.22 20.02 0 26.88
3 16 19.93 0 26.49 19.81 0 26.32 21.3 0 26.2
4 16 19.68 0 27.36 19.54 0 27.5 19.03 0 27.41 19.76 0 27.09
4 16 18.28 0 26.2 18.62 0 26.94 18.67 0 27.27 18.28 0 27.18
4 16 19.33 0 26.37 19.65 0 26.5 19.75 0 26.68 18.9 0 26.88
4 16 18.91 0 27.09 19.76 0 27.09 19.03 0 27.41 18.94 0 27.27
4 16 19.14 0 26.41 19.33 0 26.37 18.9 0 26.88 19.01 0 26.51
4 16 18.9 0 26.88 19.75 0 26.68 20 0 26.68 20.02 0 26.88
3 16 19.65 0 26.5 19.33 0 26.37 19.51 0 26.4
3 16 18.9 0 26.88 18.93 0 26.67 19.01 0 26.51
3 16 19.81 0 26.32 19.68 0 26.23 21.3 0 26.2
3 16 20 0 26.68 19.93 0 26.49 21.3 0 26.2
4 16 21.3 0 26.2 19.68 0 26.23 19.52 0 26.17 8.34 0 18.04
3 16 18.67 0 26.6 18.28 0 26.2 18.82 0 26.35
3 16 18.62 0 26.94 18.28 0 26.2 18.67 0 26.6
4 16 19.31 0 26.14 19.04 0 26.2 18.28 0 26.2 8.39 0 18.53
3 16 18.82 0 26.35 18.28 0 26.2 19.04 0 26.2
4 16 17.29 0 27.01 17.29 0 26.2 18.02 0 26.2 17.71 0 27.54
4 16 18.22 0 27.54 18.67 0 27.27 18.82 0 27.53 18.05 0 27.71
3 16 18.22 0 27.54 18.28 0 27.18 18.67 0 27.27
3 16 18.05 0 27.71 18.82 0 27.53 19.05 0 27.71
4 16 17.77 0 27.77 18.05 0 27.71 19.05 0 27.71 19.35 0 27.77
4 16 17.29 0 28.31 17.77 0 27.77 19.35 0 27.77 21.3 0 28.3
4 16 16.71 0 28.05 17.03 0 26.2 17.03 0 28.31 16.71 0 28.3
4 16 17.03 0 26.2 16.71 0 28.05 16.01 0 28.05 16.01 0 26.2
4 16 15.72 0 26.2 15.72 0 28.05 15.01 0 28.05 14.3 0 26.2
4 16 15.01 0 28.05 15.01 0 28.3 14.31 0 27.64 14.27 0 27.41
3 16 15.01 0 28.3 14.27 0 27.86 14.31 0 27.64
3 16 15.01 0 28.3 14.15 0 28.06 14.27 0 27.86
3 16 15.01 0 28.3 13.94 0 28.21 14.15 0 28.06
3 16 15.01 0 28.05 14.3 0 26.44 14.3 0 26.2
4 16 11.94 0 26.2 11.94 0 27.65 11.46 0 27.65 11.13 0 26.85
3 16 11.13 0 26.85 11.03 0 26.54 11.94 0 26.2
3 16 11.46 0 27.65 11.12 0 27.62 11.16 0 27.23
4 16 10.62 0 26.42 10.85 0 26.81 10.86 0 27.54 10.79 0 27.79
4 16 10.62 0 26.42 10.79 0 27.79 10.67 0 27.96 10.09 0 26.67
4 16 10.44 0 26.38 10.62 0 26.42 10.09 0 26.67 10.23 0 26.45
3 16 10.85 0 26.81 10.62 0 26.42 10.76 0 26.56
3 16 10.67 0 27.96 10.04 0 26.89 10.09 0 26.67
3 16 11.46 0 27.65 11.16 0 27.23 11.13 0 26.85
3 16 11.03 0 26.54 10.93 0 26.37 11.94 0 26.2
3 16 10.93 0 26.37 10.8 0 26.24 11.94 0 26.2
4 16 11.94 0 26.2 10.8 0 26.24 10.63 0 26.17 7.52 0 22.54
3 16 9.78 0 26.78 9.48 0 26.44 9.9 0 26.47
3 16 9.75 0 27.18 9.48 0 26.44 9.78 0 26.78
3 16 9.31 0 27.22 8.95 0 26.98 9.48 0 26.44
4 16 10.27 0 26.16 10.12 0 26.23 9.48 0 26.2 6.75 0 24.43
3 16 10 0 26.33 9.48 0 26.2 10.12 0 26.23
4 16 7.43 0 26.73 8.55 0 27.02 8.83 0 27.17 8.12 0 27.52
3 16 8.32 0 26.85 7.43 0 26.73 8.18 0 26.66
3 16 8.55 0 27.02 7.43 0 26.73 8.32 0 26.85
4 16 8.07 0 26.2 8.1 0 26.45 7.43 0 26.73 7.18 0 26.36
3 16 7.43 0 26.73 8.1 0 26.45 8.18 0 26.66
4 16 8.38 0 27.52 8.12 0 27.52 8.83 0 27.17 9.08 0 27.36
3 16 8.12 0 27.52 7.51 0 27.17 7.43 0 26.73
4 16 7.43 0 27.62 7.51 0 27.17 8.12 0 27.52 8.15 0 27.76
4 16 7.18 0 27.99 7.43 0 27.62 8.15 0 27.76 8.22 0 27.96
4 16 6.61 0 26.75 6.73 0 26.95 6.73 0 27.39 6.4 0 26.68
4 16 6.22 0 26.72 6.4 0 26.68 6.73 0 27.39 5.99 0 27.19
4 16 8.07 0 26.2 7.18 0 26.36 6.8 0 26.1 6.75 0 24.43
3 16 8.45 0 28.18 7.18 0 27.99 8.32 0 28.09
4 16 7.18 0 27.99 8.45 0 28.18 8.62 0 28.24 6.8 0 28.24
3 16 8.32 0 28.09 7.18 0 27.99 8.22 0 27.96
4 16 6.73 0 27.39 6.63 0 27.59 6.52 0 27.66 6.38 0 27.68
4 16 6.73 0 27.39 6.38 0 27.68 6.19 0 27.63 6.05 0 27.48
3 16 6.05 0 27.48 5.99 0 27.19 6.73 0 27.39
4 16 6.09 0 26.83 6.22 0 26.72 5.99 0 27.19 6.01 0 26.99
3 16 5.29 0 26.73 4.02 0 26.49 5.54 0 26.36
4 16 5.29 0 27.62 5.54 0 27.99 1.87 0 28.15 2.73 0 27.76
3 16 5.2 0 27.17 4.02 0 26.49 5.29 0 26.73
3 16 2.73 0 27.76 5.2 0 27.17 5.29 0 27.62
4 16 1.87 0 28.15 5.54 0 27.99 5.91 0 28.24 0 0 30
3 16 5.54 0 26.36 6.75 0 24.43 5.91 0 26.1
3 16 5.91 0 26.1 6.75 0 24.43 6.36 0 26.02
3 16 6.8 0 26.1 6.36 0 26.02 6.75 0 24.43
3 16 9.48 0 26.2 8.07 0 26.2 6.75 0 24.43
4 16 10.27 0 26.16 6.75 0 24.43 7.52 0 22.54 10.44 0 26.14
3 16 15.01 0 28.3 13.63 0 28.26 13.94 0 28.21
4 16 35.27 0 -27.51 35.54 0 -27.6 35.77 0 -27.54 35.95 0 -27.38
4 16 35.09 0 -27.23 35.27 0 -27.51 35.95 0 -27.38 36.06 0 -27.05
4 16 35.03 0 -26.95 35.09 0 -27.23 36.06 0 -27.05 35.01 0 -26.59
4 16 36.41 0 -27.01 36.3 0 -27.4 36.88 0 -27.48 36.83 0 -27.2
4 16 34.97 0 -27.67 34.84 0 -27.49 34.28 0 -27.01 34.16 0 -27.4
4 16 35.14 0 -25.79 35.04 0 -26.12 35.01 0 -26.59 35.32 0 -25.58
4 16 35.99 0 -25.8 35.01 0 -26.59 36.06 0 -27.05 36.1 0 -26.53
4 16 35.32 0 -25.58 35.01 0 -26.59 35.83 0 -25.58 35.57 0 -25.51
4 16 36.86 0 -25.78 36.28 0 -25.64 36.41 0 -26.02 36.8 0 -26.11
4 16 34.14 0 -25.64 35.07 0 -25.37 35.29 0 -25.25 34.01 0 -25.45
4 16 34.28 0 -27.01 34.65 0 -26.58 34.68 0 -26.16 34.32 0 -26.52
4 16 38.04 0 -25.65 37.66 0 -26.66 37.85 0 -26.63 38.02 0 -26.53
4 16 37.62 0 -26.95 37.6 0 -27.63 38.01 0 -27.43 37.97 0 -26.88
4 16 37.29 0 -25.67 37.66 0 -26.66 37.87 0 -25.55 37.45 0 -25.55
4 16 37.43 0 -26.63 37.66 0 -26.66 37.29 0 -25.67 37.27 0 -26.51
4 16 36.45 0 -26.52 37.02 0 -26.72 36.86 0 -26.45 36.41 0 -26.02
4 16 37.23 0 -27.43 37.38 0 -27.58 37.62 0 -26.95 37.28 0 -26.89
4 16 38.12 0 -26.78 38.01 0 -27.43 38.15 0 -27.14 38.19 0 -26.89
4 16 38.15 0 -25.83 38.04 0 -25.65 38.02 0 -26.53 38.14 0 -26.36
3 16 38.12 0 -26.78 37.97 0 -26.88 38.01 0 -27.43
3 16 37.87 0 -25.55 37.66 0 -26.66 38.04 0 -25.65
3 16 36.41 0 -26.02 36.86 0 -26.45 36.8 0 -26.11
4 16 37.18 0 -25.86 37.15 0 -26.11 37.18 0 -26.34 37.27 0 -26.51
3 16 37.29 0 -25.67 37.18 0 -25.86 37.27 0 -26.51
3 16 37.67 0 -25.51 37.45 0 -25.55 37.87 0 -25.55
4 16 37.17 0 -27.2 37.28 0 -26.89 37.02 0 -26.72 36.45 0 -26.52
3 16 37.28 0 -26.89 37.17 0 -27.2 37.23 0 -27.43
3 16 38.01 0 -27.43 37.6 0 -27.63 37.82 0 -27.58
3 16 37.62 0 -26.95 37.38 0 -27.58 37.6 0 -27.63
4 16 36.41 0 -27.01 36.83 0 -27.2 37.17 0 -27.2 36.45 0 -26.52
4 16 37.03 0 -27.71 36.88 0 -27.48 36.3 0 -27.4 36.16 0 -27.62
4 16 35.99 0 -27.78 37.28 0 -27.86 37.03 0 -27.71 36.16 0 -27.62
4 16 37.62 0 -27.91 35.99 0 -27.78 35.79 0 -27.87 40 0 -30
3 16 35.99 0 -25.8 36.1 0 -26.53 36.07 0 -26.13
3 16 35.83 0 -25.58 35.01 0 -26.59 35.99 0 -25.8
3 16 36.15 0 -25.45 36.28 0 -25.64 36.86 0 -25.78
4 16 35.98 0 -25.32 36.15 0 -25.45 36.86 0 -25.78 37.02 0 -25.49
3 16 34.9 0 -25.55 34.14 0 -25.64 34.77 0 -25.81
4 16 34.68 0 -26.16 34.77 0 -25.81 34.14 0 -25.64 34.28 0 -26.02
3 16 34.28 0 -26.02 34.32 0 -26.52 34.68 0 -26.16
3 16 34.65 0 -26.58 34.28 0 -27.01 34.7 0 -27.09
4 16 33.43 0 -25.51 33.18 0 -25.58 33.81 0 -27.38 33.7 0 -25.58
4 16 33.7 0 -25.58 33.81 0 -27.38 33.93 0 -27.05 33.96 0 -26.53
4 16 33.86 0 -25.8 33.7 0 -25.58 33.96 0 -26.53 33.94 0 -26.13
4 16 33.01 0 -25.79 32.91 0 -26.12 32.89 0 -26.95 32.96 0 -27.23
4 16 32.96 0 -27.23 33.14 0 -27.51 33.18 0 -25.58 33.01 0 -25.79
4 16 32.13 0 -26.28 32.57 0 -27.09 32.52 0 -26.58 32.19 0 -25.99
4 16 33 0 -27.8 32.84 0 -27.67 32.18 0 -27.52 32.18 0 -27.83
4 16 33.14 0 -27.51 33.41 0 -27.6 33.64 0 -27.54 33.81 0 -27.38
3 16 32.71 0 -27.49 32.18 0 -27.52 32.84 0 -27.67
4 16 32.18 0 -27.52 32.71 0 -27.49 32.57 0 -27.09 31.51 0 -26.84
3 16 33 0 -27.8 32.18 0 -27.83 33.19 0 -27.88
4 16 32.19 0 -25.99 32.76 0 -25.55 32.93 0 -25.37 32.14 0 -25.71
3 16 32.76 0 -25.55 32.19 0 -25.99 32.63 0 -25.81
3 16 32.63 0 -25.81 32.19 0 -25.99 32.55 0 -26.16
3 16 33.18 0 -25.58 33.14 0 -27.51 33.81 0 -27.38
3 16 34.28 0 -27.01 34.84 0 -27.49 34.7 0 -27.09
3 16 32.19 0 -25.99 32.52 0 -26.58 32.55 0 -26.16
4 16 35.13 0 -27.8 34.97 0 -27.67 34.16 0 -27.4 34.03 0 -27.62
4 16 35.32 0 -27.88 35.13 0 -27.8 34.03 0 -27.62 33.86 0 -27.78
4 16 35.32 0 -27.88 33.86 0 -27.78 33.65 0 -27.87 40 0 -30
3 16 35.07 0 -25.37 34.14 0 -25.64 34.9 0 -25.55
3 16 35.29 0 -25.25 33.85 0 -25.32 34.01 0 -25.45
4 16 33.65 0 -25.24 33.85 0 -25.32 35.29 0 -25.25 40 0 0
4 16 32.93 0 -25.37 33.15 0 -25.25 31.98 0 -25.45 32.14 0 -25.71
3 16 33.15 0 -25.25 31.71 0 -25.27 31.98 0 -25.45
4 16 33.15 0 -25.25 33.41 0 -25.22 31.32 0 -25.21 31.71 0 -25.27
4 16 31.83 0 -26 31.79 0 -25.8 31.53 0 -25.54 31.32 0 -25.51
3 16 31.53 0 -25.54 31.79 0 -25.8 31.69 0 -25.65
4 16 31.79 0 -26.19 31.83 0 -26 31.32 0 -25.51 31.68 0 -26.35
3 16 32.13 0 -26.28 31.97 0 -26.53 32.57 0 -27.09
3 16 31.97 0 -26.53 31.51 0 -26.84 32.57 0 -27.09
4 16 32.18 0 -27.52 31.51 0 -26.84 31.26 0 -26.98 30.98 0 -27.17
4 16 30.75 0 -27.52 32.18 0 -27.52 30.98 0 -27.17 30.83 0 -27.34
4 16 30.78 0 -26.15 31 0 -26.79 31.35 0 -26.59 31.68 0 -26.35
3 16 30.78 0 -26.15 30.7 0 -27 31 0 -26.79
3 16 30.78 0 -26.15 30.52 0 -27.24 30.7 0 -27
4 16 30.86 0 -25.77 30.78 0 -26.15 31.68 0 -26.35 31.04 0 -25.57
3 16 31.32 0 -25.51 31.04 0 -25.57 31.68 0 -26.35
3 16 28.92 0 -25.15 30.57 0 -25.59 30.7 0 -25.42
3 16 28.92 0 -25.15 30.48 0 -25.84 30.57 0 -25.59
4 16 30.43 0 -27.51 30.44 0 -26.15 28.92 0 -25.15 29.89 0 -27.83
3 16 28.92 0 -25.15 30.44 0 -26.15 30.48 0 -25.84
3 16 30.43 0 -27.51 29.89 0 -27.83 30.38 0 -27.83
3 16 28.7 0 -25.55 28.27 0 -26.73 29.11 0 -26.73
3 16 28.51 0 -25.15 27.4 0 -25.94 27.47 0 -26.44
4 16 27.5 0 -27.83 28.51 0 -25.15 27.47 0 -26.44 27.39 0 -26.99
4 16 29.22 0 -27.03 28.16 0 -27.03 27.87 0 -27.83 29.49 0 -27.83
3 16 27.39 0 -26.99 27.16 0 -27.44 27.5 0 -27.83
4 16 26.76 0 -27.39 26.88 0 -27.24 27.04 0 -26.87 26.6 0 -27.5
3 16 27.16 0 -27.44 26.97 0 -27.65 27.5 0 -27.83
3 16 26.97 0 -27.65 26.73 0 -27.79 27.5 0 -27.83
4 16 26.6 0 -27.5 27.04 0 -26.87 27.1 0 -26.45 26.19 0 -27.58
4 16 27.5 0 -27.83 26.73 0 -27.79 26.46 0 -27.88 40 0 -30
4 16 25.75 0 -27.51 26.19 0 -27.58 27.1 0 -26.45 25.46 0 -27.28
4 16 27.1 0 -26.45 27.03 0 -26.02 26.85 0 -25.69 26.56 0 -25.47
4 16 27.1 0 -26.45 26.56 0 -25.47 26.17 0 -25.4 25.8 0 -25.47
4 16 27.1 0 -26.45 25.8 0 -25.47 25.49 0 -25.69 25.46 0 -27.28
4 16 25.49 0 -25.69 25.3 0 -26.04 25.23 0 -26.53 25.29 0 -26.94
3 16 25.49 0 -25.69 25.29 0 -26.94 25.46 0 -27.28
4 16 24.49 0 -26.04 24.92 0 -26 25.13 0 -25.57 24.52 0 -25.82
3 16 25.32 0 -25.36 24.52 0 -25.82 25.13 0 -25.57
4 16 24.86 0 -26.5 24.92 0 -26 24.38 0 -26.23 24.61 0 -26.77
3 16 28.51 0 -25.15 27.2 0 -25.53 27.4 0 -25.94
3 16 28.51 0 -25.15 27.01 0 -25.33 27.2 0 -25.53
3 16 28.51 0 -25.15 26.77 0 -25.19 27.01 0 -25.33
4 16 26.48 0 -25.11 26.77 0 -25.19 28.51 0 -25.15 40 0 0
4 16 28.92 0 -25.15 30.7 0 -25.42 30.87 0 -25.3 40 0 0
3 16 38.15 0 -25.83 38.14 0 -26.36 38.18 0 -26.08
4 16 35.98 0 -25.32 37.02 0 -25.49 37.29 0 -25.28 35.78 0 -25.24
4 16 35.78 0 -25.24 37.29 0 -25.28 37.66 0 -25.22 40 0 0
4 16 24.94 0 -27.05 24.86 0 -26.5 24.61 0 -26.77 24.65 0 -27.05
3 16 25.56 0 -25.2 24.41 0 -25.43 24.49 0 -25.61
3 16 24.92 0 -26 24.49 0 -26.04 24.38 0 -26.23
3 16 24.38 0 -26.23 24.47 0 -26.56 24.61 0 -26.77
4 16 24.11 0 -26.08 24.16 0 -25.86 24.11 0 -25.64 23.96 0 -26.22
3 16 24.38 0 -26.23 24.16 0 -26.39 24.47 0 -26.56
4 16 23.59 0 -25.45 23.96 0 -26.22 24.11 0 -25.64 23.94 0 -25.5
4 16 23.6 0 -26.28 23.96 0 -26.22 23.59 0 -25.45 22.94 0 -26.28
4 16 24.22 0 -26.78 24.03 0 -26.63 23.66 0 -26.58 22.94 0 -26.58
3 16 23.59 0 -25.45 22.94 0 -25.45 22.94 0 -26.28
3 16 25.56 0 -25.2 24.14 0 -25.22 24.41 0 -25.43
4 16 23.73 0 -25.15 24.14 0 -25.22 25.56 0 -25.2 25.83 0 -25.11
4 16 24.2 0 -27.33 24.22 0 -26.78 22.94 0 -27.52 24.01 0 -27.47
3 16 24.22 0 -26.78 24.2 0 -27.33 24.29 0 -27.03
3 16 24.01 0 -27.47 22.94 0 -27.52 23.72 0 -27.52
3 16 22.94 0 -26.58 22.94 0 -27.52 24.22 0 -26.78
3 16 24.65 0 -27.05 24.61 0 -27.29 24.94 0 -27.05
4 16 24.94 0 -27.05 24.61 0 -27.29 24.49 0 -27.52 25.17 0 -27.5
4 16 25.17 0 -27.5 24.49 0 -27.52 24.18 0 -27.75 25.37 0 -27.68
3 16 25.37 0 -27.68 24.18 0 -27.75 25.59 0 -27.81
4 16 25.85 0 -27.88 25.59 0 -27.81 24.18 0 -27.75 23.72 0 -27.83
4 16 21.51 0 -27.03 22.58 0 -27.83 22.58 0 -26.49 21.62 0 -26.49
3 16 21.51 0 -27.03 21.2 0 -27.49 22.58 0 -27.83
4 16 21.06 0 -27.35 21.32 0 -26.96 21.41 0 -26.49 20.89 0 -26.76
3 16 20.89 0 -26.76 20.81 0 -26.99 21.06 0 -27.35
4 16 21.32 0 -26.02 20.66 0 -26.76 20.89 0 -26.76 21.41 0 -26.49
4 16 21.06 0 -27.35 20.81 0 -26.99 20.67 0 -27.17 20.67 0 -27.63
4 16 20.53 0 -25.97 20.4 0 -25.9 19.98 0 -25.93 20.65 0 -26.22
4 16 20.51 0 -27 20.66 0 -26.76 20.03 0 -27.04 20.25 0 -27.09
4 16 20.19 0 -25.26 20.57 0 -25.73 20.79 0 -25.93 21.06 0 -25.62
4 16 20.65 0 -26.22 19.98 0 -25.93 19.82 0 -26.12 20.03 0 -27.04
4 16 20.57 0 -25.73 20.19 0 -25.26 19.73 0 -25.35 20.2 0 -25.65
4 16 19.66 0 -25.89 19.73 0 -25.35 18.98 0 -26.49 19.51 0 -26.15
3 16 19.73 0 -25.35 19.9 0 -25.71 20.2 0 -25.65
4 16 19.87 0 -26.91 20.03 0 -27.04 19.82 0 -26.12 19.74 0 -26.47
4 16 19.73 0 -27.63 20.19 0 -27.72 20.47 0 -27.27 20.23 0 -27.31
4 16 20.67 0 -27.63 20.67 0 -27.17 20.47 0 -27.27 20.19 0 -27.72
3 16 19.94 0 -27.25 19.73 0 -27.63 20.23 0 -27.31
4 16 19.73 0 -27.63 19.94 0 -27.25 19.69 0 -27.08 19.33 0 -27.35
3 16 19.52 0 -26.82 19.33 0 -27.35 19.69 0 -27.08
3 16 19.74 0 -26.47 19.77 0 -26.71 19.87 0 -26.91
4 16 19.33 0 -27.35 19.52 0 -26.82 19.46 0 -26.47 18.98 0 -26.49
3 16 19.51 0 -26.15 18.98 0 -26.49 19.46 0 -26.47
3 16 18.98 0 -26.49 19.07 0 -26.96 19.33 0 -27.35
3 16 20.23 0 -25.87 19.98 0 -25.93 20.4 0 -25.9
3 16 19.73 0 -25.35 19.66 0 -25.89 19.9 0 -25.71
3 16 20.19 0 -25.26 21.06 0 -25.62 20.66 0 -25.35
4 16 20.88 0 -26.22 21.32 0 -26.02 21.06 0 -25.62 20.79 0 -25.93
3 16 21.32 0 -26.02 20.88 0 -26.22 20.66 0 -26.76
4 16 20.66 0 -26.76 20.88 0 -26.22 20.65 0 -26.22 20.03 0 -27.04
3 16 21.2 0 -27.49 20.74 0 -27.81 22.58 0 -27.83
3 16 21.51 0 -25.94 21.62 0 -26.49 22.58 0 -26.49
4 16 21.2 0 -25.48 21.51 0 -25.94 22.58 0 -26.49 22.58 0 -25.15
4 16 20.74 0 -25.17 21.2 0 -25.48 22.58 0 -25.15 40 0 0
3 16 19.73 0 -25.35 19.34 0 -25.62 19.07 0 -26.02
3 16 17.8 0 -25.15 18.88 0 -25.94 19.19 0 -25.48
3 16 17.8 0 -25.15 19.19 0 -25.48 19.65 0 -25.17
4 16 18.78 0 -26.49 18.88 0 -25.94 17.8 0 -25.15 17.8 0 -27.83
3 16 18.78 0 -26.49 17.8 0 -27.83 18.88 0 -27.03
3 16 18.88 0 -27.03 17.8 0 -27.83 19.19 0 -27.49
3 16 19.19 0 -27.49 17.8 0 -27.83 19.65 0 -27.81
3 16 17.46 0 -25.57 16.7 0 -27.83 17.45 0 -27.83
4 16 15.75 0 -25.15 16.52 0 -27.42 17.28 0 -25.15 15.33 0 -17.94
3 16 15.57 0 -25.57 15.57 0 -27.83 16.34 0 -27.83
4 16 14.79 0 -25.47 15.23 0 -27.83 15.23 0 -25.15 14.79 0 -25.15
4 16 15.23 0 -27.83 14.79 0 -25.47 13.88 0 -25.47 13.88 0 -27.83
3 16 13.51 0 -25.47 12.61 0 -25.47 13.51 0 -27.83
4 16 9.07 0 -23.94 12.61 0 -25.47 12.61 0 -25.15 9.2 0 -23.44
3 16 9.07 0 -23.94 8.85 0 -24.39 12.61 0 -25.47
3 16 9.25 0 -22.92 9.2 0 -23.44 12.61 0 -25.15
4 16 12.61 0 -25.47 8.85 0 -24.39 8.56 0 -24.8 13.51 0 -27.83
3 16 9.2 0 -22.39 9.25 0 -22.92 12.61 0 -25.15
4 16 9.06 0 -21.9 9.2 0 -22.39 12.61 0 -25.15 14.79 0 -25.15
4 16 12.13 0 -18.98 8.85 0 -21.45 9.06 0 -21.9 13.68 0 -18.98
4 1 12.13 0 -18.98 13.68 0 -18.98 14.55 0 -18.82 13.76 0 -18.28
4 16 14.79 0 -25.15 15.23 0 -25.15 14.55 0 -18.82 13.68 0 -18.98
4 16 17.8 0 -25.15 19.65 0 -25.17 20.19 0 -25.07 15.1 0 -15.25
4 16 14.55 0 -18.82 15.23 0 -25.15 15.75 0 -25.15 15.07 0 -18.43
4 16 5.59 0 -27.19 7.8 0 -25.44 7.35 0 -25.65 5.82 0 -26.77
3 16 7.35 0 -25.65 6.85 0 -25.79 5.82 0 -26.77
4 16 7.8 0 -25.44 5.59 0 -27.19 5.3 0 -27.57 13.51 0 -27.83
3 16 8.56 0 -24.8 8.21 0 -25.15 13.51 0 -27.83
3 16 8.21 0 -25.15 7.8 0 -25.44 13.51 0 -27.83
3 16 5.3 0 -27.57 4.95 0 -27.89 13.51 0 -27.83
3 16 13.51 0 -27.83 4.95 0 -27.89 4.56 0 -28.15
3 16 13.51 0 -27.83 4.56 0 -28.15 4.12 0 -28.35
3 16 20.74 0 -27.81 20.19 0 -27.91 22.58 0 -27.83
3 16 37.88 0 -27.87 37.62 0 -27.91 40 0 -30
3 16 38.29 0 -27.56 38.11 0 -27.75 40 0 -30
3 16 38.11 0 -27.75 37.88 0 -27.87 40 0 -30
3 16 38.53 0 -26.89 38.43 0 -27.29 40 0 -30
3 16 38.43 0 -27.29 38.29 0 -27.56 40 0 -30
3 16 38.57 0 -26.44 38.53 0 -26.89 40 0 -30
3 16 35.79 0 -27.87 35.54 0 -27.9 40 0 -30
3 16 35.32 0 -27.88 40 0 -30 35.54 0 -27.9
3 16 38.24 0 -26.64 38.12 0 -26.78 38.19 0 -26.89
3 16 38.54 0 -26.05 38.57 0 -26.44 40 0 -30
4 1 15.33 0 -17.94 15.4 0 -17.48 15.25 0 -16.83 14.6 0 -17.41
4 1 14.63 0 -16.23 14.93 0 -15.89 15.1 0 -15.25 13.95 0 -15.85
4 16 15.33 0 -17.94 17.28 0 -25.15 17.8 0 -25.15 15.4 0 -17.48
3 16 15.33 0 -17.94 15.07 0 -18.43 15.75 0 -25.15
3 16 15.1 0 -15.25 15.25 0 -16.83 17.8 0 -25.15
3 16 10.63 0 26.17 10.44 0 26.14 7.52 0 22.54
4 16 12.21 0 26.2 11.94 0 26.2 7.52 0 22.54 7.79 0 21.99
3 16 12.21 0 26.2 7.79 0 21.99 7.89 0 21.47
3 16 14.3 0 26.2 12.89 0 26.2 7.89 0 21.47
3 16 15.72 0 26.2 14.3 0 26.2 7.89 0 21.47
3 16 16.01 0 26.2 15.72 0 26.2 7.89 0 21.47
3 16 17.03 0 26.2 16.01 0 26.2 7.89 0 21.47
3 1 -5.14 0 -13.8 -5.82 0 -13.8 -5.48 0 -14.77
3 16 33.65 0 -27.87 33.41 0 -27.9 40 0 -30
4 16 40 0 -30 33.41 0 -27.9 33.19 0 -27.88 32.18 0 -27.83
3 16 32.18 0 -27.83 30.38 0 -27.83 40 0 -30
3 16 30.38 0 -27.83 29.89 0 -27.83 40 0 -30
3 16 29.89 0 -27.83 29.49 0 -27.83 40 0 -30
3 16 29.49 0 -27.83 27.87 0 -27.83 40 0 -30
3 16 27.87 0 -27.83 27.5 0 -27.83 40 0 -30
3 16 26.46 0 -27.88 26.15 0 -27.91 40 0 -30
3 16 3.65 0 -28.47 3.15 0 -28.51 0 0 -30
4 16 4.12 0 -28.35 3.65 0 -28.47 0 0 -30 13.51 0 -27.83
3 16 13.88 0 -27.83 13.51 0 -27.83 0 0 -30
3 16 15.23 0 -27.83 13.88 0 -27.83 0 0 -30
3 16 15.57 0 -27.83 15.23 0 -27.83 0 0 -30
3 16 16.34 0 -27.83 15.57 0 -27.83 0 0 -30
3 16 16.7 0 -27.83 16.34 0 -27.83 0 0 -30
3 16 17.45 0 -27.83 16.7 0 -27.83 0 0 -30
3 16 17.45 0 -27.83 0 0 -30 17.8 0 -27.83
4 16 19.65 0 -27.81 17.8 0 -27.83 0 0 -30 20.19 0 -27.91
4 16 22.58 0 -27.83 20.19 0 -27.91 0 0 -30 23.72 0 -27.83
4 16 25.85 0 -27.88 23.72 0 -27.83 0 0 -30 26.15 0 -27.91
3 16 26.15 0 -27.91 0 0 -30 40 0 -30
3 16 2.65 0 -28.47 0 0 -30 3.15 0 -28.51
3 16 2.18 0 -28.35 0 0 -30 2.65 0 -28.47
3 16 1.74 0 -28.15 0 0 -30 2.18 0 -28.35
4 16 0 0 -30 1.74 0 -28.15 1.34 0 -27.89 -1.37 0 -27.89
3 16 -1.37 0 -27.89 -1.77 0 -28.15 0 0 -30
3 16 -1.77 0 -28.15 -2.2 0 -28.35 0 0 -30
3 16 -2.2 0 -28.35 -2.68 0 -28.47 0 0 -30
3 16 -2.68 0 -28.47 -3.18 0 -28.51 0 0 -30
3 16 13.68 0 -18.98 9.06 0 -21.9 14.79 0 -25.15
3 16 7.96 0 17.25 7.63 0 16.95 12.13 0 -13.81
3 16 8.2 0 17.61 7.96 0 17.25 12.13 0 -13.81
4 16 8.34 0 18.04 8.2 0 17.61 12.13 0 -13.81 36.79 0 25.59
4 16 17.29 0 26.2 17.03 0 26.2 8.21 0 19.66 8.35 0 19.07
3 16 40 0 30 38.09 0 27.33 38.14 0 27
3 16 40 0 30 37.96 0 27.57 38.09 0 27.33
3 16 40 0 30 37.76 0 27.72 37.96 0 27.57
3 16 40 0 30 37.52 0 27.77 37.76 0 27.72
3 16 40 0 30 37.35 0 27.75 37.52 0 27.77
4 16 36.79 0 27.72 37.04 0 27.72 40 0 30 36.36 0 27.73
3 16 40 0 30 36.11 0 27.73 36.36 0 27.73
3 16 40 0 30 35.4 0 27.73 36.11 0 27.73
3 16 40 0 30 35.13 0 27.73 35.4 0 27.73
4 16 33.09 0 27.77 33.17 0 27.76 40 0 30 31.57 0 28.24
3 16 31.71 0 28.14 31.82 0 28.01 33.09 0 27.77
3 16 31.57 0 28.24 31.71 0 28.14 33.09 0 27.77
3 16 40 0 30 31.34 0 28.33 31.57 0 28.24
3 16 40 0 30 31.06 0 28.35 31.34 0 28.33
3 16 0 0 30 -.28 0 28.61 .37 0 28.56
3 16 0 0 30 .37 0 28.56 1.09 0 28.41
3 16 0 0 30 1.09 0 28.41 1.87 0 28.15
3 16 0 0 30 5.91 0 28.24 6.36 0 28.33
4 16 8.62 0 28.24 0 0 30 6.36 0 28.33 6.8 0 28.24
3 16 0 0 30 8.62 0 28.24 8.81 0 28.26
4 16 12.01 0 28.24 0 0 30 10.44 0 28.25 10.63 0 28.23
3 16 0 0 30 12.01 0 28.24 12.21 0 28.24
3 16 0 0 30 13.44 0 28.24 13.63 0 28.26
3 16 0 0 30 13.63 0 28.26 15.01 0 28.3
4 16 0 0 30 15.01 0 28.3 16.71 0 28.3 17.03 0 28.31
3 16 0 0 30 17.03 0 28.31 17.29 0 28.31
3 16 0 0 30 17.29 0 28.31 21.3 0 28.3
4 16 0 0 30 21.3 0 28.3 21.59 0 28.3 40 0 30
3 16 40 0 30 21.59 0 28.3 22.91 0 28.3
4 16 40 0 30 22.91 0 28.3 24.44 0 28.3 25.62 0 28.35
3 16 21.3 0 28.3 19.9 0 27.49 20 0 27.22
3 16 21.3 0 28.3 19.66 0 27.69 19.9 0 27.49
3 16 21.3 0 28.3 19.35 0 27.77 19.66 0 27.69
4 16 25.9 0 28.33 26.13 0 28.24 27.45 0 28.26 27.67 0 28.33
4 16 25.62 0 28.35 25.9 0 28.33 27.67 0 28.33 27.92 0 28.36
4 16 28.18 0 28.34 28.4 0 28.27 30.67 0 28.28 31.06 0 28.35
4 16 27.92 0 28.36 28.18 0 28.34 31.06 0 28.35 40 0 30
3 16 40 0 30 25.62 0 28.35 27.92 0 28.36
3 16 0 0 30 -.87 0 28.58 -.28 0 28.61
3 16 0 0 30 -1.39 0 28.49 -.87 0 28.58
3 16 0 0 30 -1.85 0 28.34 -1.39 0 28.49
3 16 0 0 30 -2.24 0 28.15 -1.85 0 28.34
3 16 18.02 0 26.2 17.29 0 26.2 8.35 0 19.07
4 16 18.28 0 26.2 18.02 0 26.2 8.35 0 19.07 8.39 0 18.53
4 16 19.52 0 26.17 19.31 0 26.14 8.39 0 18.53 8.34 0 18.04
3 16 22.65 0 26.2 21.3 0 26.2 8.34 0 18.04
3 16 22.91 0 26.2 22.65 0 26.2 8.34 0 18.04
3 16 24.46 0 26.2 22.91 0 26.2 8.34 0 18.04
3 16 25.83 0 26.17 25.56 0 26.14 8.34 0 18.04
3 16 26.55 0 26.2 26.36 0 26.2 8.34 0 18.04
3 16 27.68 0 26.16 8.34 0 18.04 27.91 0 26.14
4 16 28.16 0 26.16 27.91 0 26.14 8.34 0 18.04 31 0 26.14
4 16 28.16 0 26.16 31 0 26.14 30.66 0 26.21 28.37 0 26.23
3 16 35.84 0 26.19 35.64 0 26.16 36.79 0 25.59
3 16 34.38 0 26.21 34.05 0 26.14 36.79 0 25.59
3 16 32.68 0 26.2 32.42 0 26.2 36.79 0 25.59
3 16 32.42 0 26.2 31.99 0 26.2 36.79 0 25.59
4 16 36.79 0 25.59 31.99 0 26.2 31.8 0 26.2 31.27 0 26.17
4 16 36.79 0 25.59 31.27 0 26.17 31 0 26.14 8.34 0 18.04
4 16 37.05 0 25.59 36.79 0 25.59 12.13 0 -13.81 40 0 0
3 16 37.05 0 26.37 37.05 0 25.59 37.2 0 26.22
3 16 40 0 0 38.45 0 -25.73 38.54 0 -26.05
3 16 40 0 0 38.32 0 -25.5 38.45 0 -25.73
3 16 40 0 0 38.15 0 -25.34 38.32 0 -25.5
3 16 40 0 0 37.93 0 -25.25 38.15 0 -25.34
3 16 40 0 0 37.66 0 -25.22 37.93 0 -25.25
3 16 40 0 0 35.54 0 -25.22 35.78 0 -25.24
3 16 40 0 0 35.29 0 -25.25 35.54 0 -25.22
3 16 40 0 0 33.41 0 -25.22 33.65 0 -25.24
3 16 40 0 0 31.32 0 -25.21 33.41 0 -25.22
3 16 40 0 0 31.08 0 -25.23 31.32 0 -25.21
3 16 40 0 0 30.87 0 -25.3 31.08 0 -25.23
3 16 40 0 0 28.51 0 -25.15 28.92 0 -25.15
3 16 40 0 0 26.15 0 -25.08 26.48 0 -25.11
4 16 25.83 0 -25.11 26.15 0 -25.08 40 0 0 23.73 0 -25.15
3 16 40 0 0 22.58 0 -25.15 23.73 0 -25.15
3 16 37.7 0 26.18 37.49 0 26.15 40 0 0
3 16 37.88 0 26.29 37.7 0 26.18 40 0 0
3 16 37.99 0 26.41 37.88 0 26.29 40 0 0
3 16 38.07 0 26.57 37.99 0 26.41 40 0 0
4 16 38.14 0 27 38.07 0 26.57 40 0 0 40 0 30
4 16 15.1 0 -15.25 20.19 0 -25.07 20.74 0 -25.17 40 0 0
3 16 40 0 0 15.05 0 -14.87 15.1 0 -15.25
4 1 -4.79 0 -16.76 -6.17 0 -16.76 -6.41 0 -17.45 -4.55 0 -17.45
3 1 -5.82 0 -13.8 -6.17 0 -16.76 -5.48 0 -14.77
3 1 -5.82 0 -13.8 -6.41 0 -17.45 -6.17 0 -16.76
3 1 -5.14 0 -13.8 -4.79 0 -16.76 -4.55 0 -17.45
3 1 -5.14 0 -13.8 -5.48 0 -14.77 -4.79 0 -16.76
3 16 -5.48 0 -14.77 -6.17 0 -16.76 -4.79 0 -16.76
3 16 -6 0 -24.88 -6.31 0 -25.36 -6.07 0 -25.34
4 1 12.13 0 -13.81 12.13 0 -18.98 12.88 0 -18.29 12.89 0 -16.65
4 1 12.89 0 -14.51 13.57 0 -14.51 13.48 0 -13.81 12.13 0 -13.81
3 1 13.76 0 -18.28 12.88 0 -18.29 12.13 0 -18.98
4 16 14.57 0 -17.77 14.6 0 -17.41 14.53 0 -17.09 14.19 0 -18.2
3 1 14.19 0 -18.2 13.76 0 -18.28 14.55 0 -18.82
4 1 14.44 0 -18.01 14.19 0 -18.2 14.55 0 -18.82 15.07 0 -18.43
4 1 14.57 0 -17.77 14.44 0 -18.01 15.07 0 -18.43 15.33 0 -17.94
3 1 14.6 0 -17.41 14.57 0 -17.77 15.33 0 -17.94
4 1 14.53 0 -17.09 14.6 0 -17.41 15.25 0 -16.83 14.93 0 -16.43
4 1 14.37 0 -16.9 14.53 0 -17.09 14.93 0 -16.43 14.63 0 -16.23
4 1 14.14 0 -16.74 14.37 0 -16.9 14.63 0 -16.23 13.48 0 -15.95
4 16 14.14 0 -16.74 12.88 0 -18.29 13.76 0 -18.28 14.37 0 -16.9
4 16 14.53 0 -17.09 14.37 0 -16.9 13.76 0 -18.28 14.19 0 -18.2
3 16 14.57 0 -17.77 14.19 0 -18.2 14.44 0 -18.01
3 16 40 0 0 14.84 0 -14.4 15.05 0 -14.87
3 16 40 0 0 14.47 0 -14.06 14.84 0 -14.4
3 16 40 0 0 12.13 0 -13.81 13.48 0 -13.81
4 1 12.89 0 -15.95 12.89 0 -16.65 13.77 0 -16.65 13.48 0 -15.95
3 16 40 0 0 13.48 0 -13.81 14 0 -13.87
3 16 40 0 0 14 0 -13.87 14.47 0 -14.06
3 1 12.13 0 -13.81 12.89 0 -15.95 12.89 0 -14.51
3 1 12.13 0 -13.81 12.89 0 -16.65 12.89 0 -15.95
3 1 13.48 0 -15.95 13.77 0 -16.65 14.14 0 -16.74
3 1 13.95 0 -15.85 13.48 0 -15.95 14.63 0 -16.23
4 1 14.24 0 -15.55 13.95 0 -15.85 15.1 0 -15.25 15.05 0 -14.87
4 1 14.31 0 -15.19 14.24 0 -15.55 15.05 0 -14.87 14.84 0 -14.4
4 1 14.22 0 -14.82 14.31 0 -15.19 14.84 0 -14.4 14.47 0 -14.06
4 1 13.9 0 -14.55 14.22 0 -14.82 14.47 0 -14.06 14 0 -13.87
4 1 13.9 0 -14.55 14 0 -13.87 13.48 0 -13.81 13.57 0 -14.51
4 16 14.22 0 -14.82 13.9 0 -14.55 13.57 0 -14.51 14.31 0 -15.19
4 16 14.24 0 -15.55 14.31 0 -15.19 13.57 0 -14.51 13.95 0 -15.85
4 16 13.48 0 -15.95 13.95 0 -15.85 13.57 0 -14.51 12.89 0 -15.95
3 16 13.57 0 -14.51 12.89 0 -14.51 12.89 0 -15.95
4 16 13.77 0 -16.65 12.89 0 -16.65 12.88 0 -18.29 14.14 0 -16.74
3 16 38.54 0 -26.05 40 0 -30 40 0 0
3 16 2.21 0 -21.88 1.98 0 -21.49 1.6 0 -23.13
3 16 2.83 0 -22.21 2.91 0 -22.69 3.16 0 -22.68
3 16 -9.24 0 -22.93 -13.19 0 -18.98 -9.19 0 -23.45
4 16 37.83 0 27.29 37.68 0 27.48 37.85 0 26.71 37.88 0 26.98
3 16 10.86 0 27.54 10.85 0 26.81 10.88 0 27.22
3 16 10.02 0 27.17 10.04 0 26.89 10.05 0 27.54
3 16 -7.78 0 -18.97 -8.51 0 -18.28 -6.84 0 -20.06
3 16 2.93 0 -23.19 2.85 0 -23.65 3.15 0 -23.17
3 16 3.15 0 -23.17 2.85 0 -23.65 3.49 0 -23.63
3 16 3.41 0 -23.18 3.15 0 -23.17 3.49 0 -23.63
3 16 19.07 0 -26.02 18.98 0 -26.49 19.73 0 -25.35
3 16 24.49 0 -25.61 25.32 0 -25.36 25.56 0 -25.2
3 16 25.32 0 -25.36 24.49 0 -25.61 24.52 0 -25.82
3 16 30.44 0 -26.15 30.43 0 -27.51 30.52 0 -27.24
3 16 30.44 0 -26.15 30.52 0 -27.24 30.78 0 -26.15
3 16 32.87 0 -26.59 32.89 0 -26.95 32.91 0 -26.12
3 16 37.28 0 -27.86 35.99 0 -27.78 37.62 0 -27.91
3 16 15.25 0 -16.83 15.4 0 -17.48 17.8 0 -25.15
