0 Minifig Torso with Leather Straps, Belt and Ornate Buckle Pattern
0 Name: 973pme.dat
0 Author: Evert-Jan Boer [ejboer]
0 !LDRAW_ORG Unofficial_Part
0 !LICENSE Licensed under CC BY 4.0 : see CAreadme.txt

0 BFC CERTIFY CCW

0 !CATEGORY Minifig
0 !KEYWORDS Bricklink 973pb1149, Gimli, Set 71220, Set 79006, set 79008
0 !KEYWORDS Set 9473, set 9474

1 16 0 0 0 1 0 0 0 1 0 0 0 1 s\973s01.dat
1 15 0 -4 0 4.243 0 -4.243 0 -8 0 -4.243 0 -4.243 1-4cyli.dat

4 0 -14.75 21.8 -10 -15.6 21.6 -10 -15.4 22.3 -10 -14.45 21.95 -10
4 0 -14.45 21.95 -10 -15.4 22.3 -10 -14.8 22.5 -10 -14.2 22.15 -10
4 0 -14.2 22.15 -10 -14.8 22.5 -10 -14.4 22.75 -10 -14.1 22.85 -10
4 0 -13.95 22.25 -10 -14.2 22.15 -10 -14.1 22.85 -10 -13.8 22.85 -10
4 0 -13.7 22.2 -10 -13.95 22.25 -10 -13.8 22.85 -10 -13.4 22.75 -10
4 0 -13.35 22.1 -10 -13.7 22.2 -10 -13.4 22.75 -10 -13.05 22.7 -10
4 0 -13 22.1 -10 -13.35 22.1 -10 -13.05 22.7 -10 -12.1 22.25 -10
4 0 -12.1 22.25 -10 -13.05 22.7 -10 -12.1 22.85 -10 -10.45 22.55 -10
4 0 -10.45 22.55 -10 -12.1 22.85 -10 -10.55 23.1 -10 -9.75 22.5 -10
4 0 -9.75 22.5 -10 -10.55 23.1 -10 -8.9 23.35 -10 -8.8 22.55 -10
4 0 -8.8 22.55 -10 -8.9 23.35 -10 -8.3 23.4 -10 -7.85 22.7 -10
4 0 -7.85 22.7 -10 -8.3 23.4 -10 -8.15 23.55 -10 -7.65 22.85 -10
4 0 -7.5 23.15 -10 -7.65 22.85 -10 -8.15 23.55 -10 -8.1 23.7 -10
4 0 -12.4 23.55 -10 -14.75 23.1 -10 -14.85 23.65 -10 -12.5 24.1 -10
4 0 -9.65 23.9 -10 -12.4 23.55 -10 -12.5 24.1 -10 -9.7 24.45 -10
4 0 -8.3 24 -10 -9.65 23.9 -10 -9.7 24.45 -10 -8.8 24.55 -10
4 0 -7.5 24.35 -10 -8.15 23.9 -10 -8.3 24 -10 -8.7 24.65 -10
4 0 -8.1 23.7 -10 -8.15 23.9 -10 -7.5 24.35 -10 -7.5 23.15 -10
3 0 -8.3 24 -10 -8.8 24.55 -10 -8.7 24.65 -10
4 0 -7.5 24.35 -10 -8.7 24.65 -10 -8.65 24.8 -10 -7.5 25.45 -10
4 0 -6.55 22.1 -10 -6.55 29.55 -10 -5.9 28.75 -10 -5.9 22.4 -10
4 0 -5.05 23.1 -10 -4.4 23.7 -10 -.7 22.6 -10 -.6 21.95 -10
4 0 -.6 21.95 -10 -.7 22.6 -10 0 22.55 -10 0 21.9 -10
4 0 -4.4 23.7 -10 -5.05 23.1 -10 -5.05 28.05 -10 -4.4 27.6 -10
4 0 -4.4 27.6 -10 -5.05 28.05 -10 -.6 29.8 -10 -.55 29.15 -10
4 0 -.55 29.15 -10 -.6 29.8 -10 0 29.85 -10 0 29.2 -10
4 0 -12.45 24.6 -10 -15.1 24.1 -10 -15 24.7 -10 -12.35 25.15 -10
4 0 -10 24.95 -10 -12.45 24.6 -10 -12.35 25.15 -10 -9.8 25.55 -10
4 0 -8.9 25.05 -10 -10 24.95 -10 -9.8 25.55 -10 -8.5 25.75 -10
4 0 -8.7 24.95 -10 -8.9 25.05 -10 -8.5 25.75 -10 -7.5 25.45 -10
3 0 -8.65 24.8 -10 -8.7 24.95 -10 -7.5 25.45 -10
3 0 -7.5 25.45 -10 -8.5 25.75 -10 -8.3 25.8 -10
3 0 -7.5 25.45 -10 -8.3 25.8 -10 -8.2 25.9 -10
4 0 -7.5 25.45 -10 -8.2 25.9 -10 -8.25 26.1 -10 -7.5 26.7 -10
4 0 -12.95 25.75 -10 -15.5 25.3 -10 -15.65 25.9 -10 -13 26.35 -10
4 0 -10.4 26.1 -10 -12.95 25.75 -10 -13 26.35 -10 -10.3 26.65 -10
4 0 -8.6 26.25 -10 -10.4 26.1 -10 -10.3 26.65 -10 -8.75 26.8 -10
4 0 -8.4 26.2 -10 -8.6 26.25 -10 -8.75 26.8 -10 -8.6 26.9 -10
4 0 -8.4 26.2 -10 -8.6 26.9 -10 -7.5 26.7 -10 -8.25 26.1 -10
4 0 -12.45 27 -10 -15.05 26.6 -10 -15.2 27.15 -10 -12.5 27.5 -10
4 0 -10.15 27.2 -10 -12.45 27 -10 -12.5 27.5 -10 -10.15 27.7 -10
4 0 -8.75 27.2 -10 -10.15 27.2 -10 -10.15 27.7 -10 -8.6 27.75 -10
4 0 -8.6 27.1 -10 -8.75 27.2 -10 -8.6 27.75 -10 -7.5 26.7 -10
3 0 -7.5 26.7 -10 -8.6 26.9 -10 -8.6 27.1 -10
4 0 -17.25 28.75 -10 -17.4 29.5 -10 -16.7 29.35 -10 -16.7 28.6 -10
4 0 -16.7 28.6 -10 -16.7 29.35 -10 -15.65 28.95 -10 -16.1 28.3 -10
4 0 -16.1 28.3 -10 -15.65 28.95 -10 -15.15 28.65 -10 -14.55 27.8 -10
4 0 -16.3 27.6 -10 -16.6 28.25 -10 -16.1 28.3 -10 -14.55 27.8 -10
3 0 -14.55 27.8 -10 -15.15 28.65 -10 -14.85 28.6 -10
4 0 -14.55 27.8 -10 -14.85 28.6 -10 -14.6 28.75 -10 -13.8 28.8 -10
4 0 -13.6 27.85 -10 -14.55 27.8 -10 -13.8 28.8 -10 -13.5 28.55 -10
4 0 -12.9 27.8 -10 -13.6 27.85 -10 -13.5 28.55 -10 -13 28.45 -10
4 0 -12.35 27.85 -10 -12.9 27.8 -10 -13 28.45 -10 -12.25 28.55 -10
4 0 -11.35 28 -10 -12.35 27.85 -10 -12.25 28.55 -10 -11.4 28.75 -10
4 0 -10.55 28.25 -10 -11.35 28 -10 -11.4 28.75 -10 -10.85 29 -10
4 0 -10.55 28.25 -10 -10.85 29 -10 -9.8 28.8 -10 -9.2 28.3 -10
4 0 -9.2 28.3 -10 -9.8 28.8 -10 -8.85 28.9 -10 -8.4 28.3 -10
4 0 -8.4 28.3 -10 -8.85 28.9 -10 -7.95 28.9 -10 -8.25 28.2 -10
4 0 -8.25 28.2 -10 -7.95 28.9 -10 -7.65 28.8 -10 -7.5 28.5 -10
4 0 -8.2 28 -10 -8.25 28.2 -10 -7.5 28.5 -10 -7.5 26.7 -10
3 0 -7.5 26.7 -10 -8.6 27.75 -10 -8.25 27.85 -10
3 0 -7.5 26.7 -10 -8.25 27.85 -10 -8.2 28 -10
4 0 -13.8 29 -10 -13.8 28.8 -10 -14.6 28.75 -10 -13.9 29.85 -10
4 0 -13.55 29.4 -10 -13.8 29 -10 -13.9 29.85 -10 -13.05 30.25 -10
4 0 -13.05 30.25 -10 -13.9 29.85 -10 -13.35 31 -10 -12.8 31 -10
4 0 -10.85 29 -10 -10.55 29.45 -10 -9.9 29.4 -10 -9.8 28.8 -10
4 0 -9.9 29.4 -10 -10.55 29.45 -10 -10.25 30.15 -10 -9.6 29.55 -10
4 0 -9.3 30.4 -10 -9.6 29.55 -10 -10.25 30.15 -10 -10.25 30.4 -10
4 0 -9.35 30.65 -10 -9.3 30.4 -10 -10.25 30.4 -10 -10 31 -10
4 0 -11.75 30.75 -10 -12.2 31 -10 -10 31 -10 -11.1 30.55 -10
3 0 -10.4 30.45 -10 -11.1 30.55 -10 -10 31 -10
3 0 -10.25 30.4 -10 -10.4 30.45 -10 -10 31 -10
4 0 -8.95 30.65 -10 -9.35 30.65 -10 -10 31 -10 -7.2 30.7 -10
4 0 -9.6 29.55 -10 -9.3 30.4 -10 -9 30.45 -10 -8.5 29.7 -10
4 0 -8.5 29.7 -10 -9 30.45 -10 -8.55 30.45 -10 -7.4 29.75 -10
4 0 -7.4 29.75 -10 -8.55 30.45 -10 -7.2 30.45 -10 -6.9 29.7 -10
4 0 -6.9 29.7 -10 -7.2 30.45 -10 -6.65 30.4 -10 -6.55 29.55 -10
4 0 -6.55 29.55 -10 -6.65 30.4 -10 -6.15 30.25 -10 -5.8 30 -10
4 0 -5.9 28.75 -10 -6.55 29.55 -10 -5.8 30 -10 -5.4 29.7 -10
4 0 -5.9 28.75 -10 -5.4 29.7 -10 -5.05 29.85 -10 -4.05 30.1 -10
4 0 -.55 30.7 -10 -5.9 28.75 -10 -4.05 30.1 -10 -2.65 30.65 -10
4 0 -.55 30.7 -10 -2.65 30.65 -10 -1.4 31.05 -10 -.75 31.15 -10
4 0 0 30.75 -10 -.55 30.7 -10 -.75 31.15 -10 0 31.2 -10
4 0 -7.2 30.7 -10 -7.2 30.45 -10 -8.55 30.45 -10 -8.95 30.65 -10
4 0 -7.2 30.7 -10 -10 31 -10 -6 31 -10 -6.35 30.65 -10
4 0 -6.35 30.65 -10 -6 31 -10 -5.45 30.85 -10 -5.9 30.55 -10
4 0 -5.9 30.55 -10 -5.45 30.85 -10 -4.75 30.55 -10 -5.35 30.25 -10
4 0 -5.35 30.25 -10 -4.75 30.55 -10 -4.05 30.1 -10 -5.05 29.85 -10
4 0 15.4 22.3 -10 15.6 21.6 -10 14.75 21.8 -10 14.45 21.95 -10
4 0 14.8 22.5 -10 15.4 22.3 -10 14.45 21.95 -10 14.2 22.15 -10
4 0 14.4 22.75 -10 14.8 22.5 -10 14.2 22.15 -10 14.1 22.85 -10
4 0 14.1 22.85 -10 14.2 22.15 -10 13.95 22.25 -10 13.8 22.85 -10
4 0 13.8 22.85 -10 13.95 22.25 -10 13.7 22.2 -10 13.4 22.75 -10
4 0 13.4 22.75 -10 13.7 22.2 -10 13.35 22.1 -10 13.05 22.7 -10
4 0 13.05 22.7 -10 13.35 22.1 -10 13 22.1 -10 12.1 22.25 -10
4 0 12.1 22.85 -10 13.05 22.7 -10 12.1 22.25 -10 10.2 22.45 -10
4 0 10.55 23.1 -10 12.1 22.85 -10 10.2 22.45 -10 9.75 22.5 -10
4 0 8.9 23.35 -10 10.55 23.1 -10 9.75 22.5 -10 8.8 22.55 -10
4 0 8.3 23.4 -10 8.9 23.35 -10 8.8 22.55 -10 7.85 22.7 -10
4 0 8.15 23.55 -10 8.3 23.4 -10 7.85 22.7 -10 7.65 22.85 -10
4 0 8.15 23.55 -10 7.65 22.85 -10 7.5 23.15 -10 8.1 23.7 -10
4 0 14.85 23.65 -10 14.75 23.1 -10 12.4 23.55 -10 12.5 24.1 -10
4 0 12.5 24.1 -10 12.4 23.55 -10 9.65 23.9 -10 9.7 24.45 -10
4 0 9.7 24.45 -10 9.65 23.9 -10 8.3 24 -10 8.8 24.55 -10
4 0 8.3 24 -10 8.15 23.9 -10 7.5 24.35 -10 8.7 24.65 -10
4 0 7.5 24.35 -10 8.15 23.9 -10 8.1 23.7 -10 7.5 23.15 -10
3 0 8.3 24 -10 8.7 24.65 -10 8.8 24.55 -10
4 0 8.65 24.8 -10 8.7 24.65 -10 7.5 24.35 -10 7.5 25.45 -10
4 0 5.9 28.75 -10 6.55 29.55 -10 6.55 22.1 -10 5.9 22.4 -10
4 0 .7 22.6 -10 4.4 23.7 -10 5.05 23.1 -10 .6 21.95 -10
4 0 0 22.55 -10 .7 22.6 -10 .6 21.95 -10 0 21.9 -10
4 0 5.05 28.05 -10 5.05 23.1 -10 4.4 23.7 -10 4.4 27.6 -10
4 0 .6 29.8 -10 5.05 28.05 -10 4.4 27.6 -10 .55 29.15 -10
4 0 0 29.85 -10 .6 29.8 -10 .55 29.15 -10 0 29.2 -10
4 0 15 24.7 -10 15.1 24.1 -10 12.45 24.6 -10 12.35 25.15 -10
4 0 12.35 25.15 -10 12.45 24.6 -10 10 24.95 -10 9.8 25.55 -10
4 0 9.8 25.55 -10 10 24.95 -10 8.9 25.05 -10 8.5 25.75 -10
4 0 8.5 25.75 -10 8.9 25.05 -10 8.7 24.95 -10 7.5 25.45 -10
3 0 8.65 24.8 -10 7.5 25.45 -10 8.7 24.95 -10
3 0 7.5 25.45 -10 8.3 25.8 -10 8.5 25.75 -10
3 0 7.5 25.45 -10 8.2 25.9 -10 8.3 25.8 -10
4 0 8.25 26.1 -10 8.2 25.9 -10 7.5 25.45 -10 7.5 26.7 -10
4 0 15.65 25.9 -10 15.5 25.3 -10 12.95 25.75 -10 13 26.35 -10
4 0 13 26.35 -10 12.95 25.75 -10 10.4 26.1 -10 10.3 26.65 -10
4 0 10.3 26.65 -10 10.4 26.1 -10 8.6 26.25 -10 8.75 26.8 -10
4 0 8.75 26.8 -10 8.6 26.25 -10 8.4 26.2 -10 8.6 26.9 -10
4 0 7.5 26.7 -10 8.6 26.9 -10 8.4 26.2 -10 8.25 26.1 -10
4 0 15.2 27.15 -10 15.05 26.6 -10 12.45 27 -10 12.5 27.5 -10
4 0 12.5 27.5 -10 12.45 27 -10 10.15 27.2 -10 10.15 27.7 -10
4 0 10.15 27.7 -10 10.15 27.2 -10 8.75 27.2 -10 8.6 27.75 -10
4 0 8.6 27.75 -10 8.75 27.2 -10 8.6 27.1 -10 7.5 26.7 -10
3 0 7.5 26.7 -10 8.6 27.1 -10 8.6 26.9 -10
4 0 16.7 29.35 -10 17.4 29.5 -10 17.25 28.75 -10 16.7 28.6 -10
4 0 15.65 28.95 -10 16.7 29.35 -10 16.7 28.6 -10 16.1 28.3 -10
4 0 15.15 28.65 -10 15.65 28.95 -10 16.1 28.3 -10 14.55 27.8 -10
4 0 16.1 28.3 -10 16.6 28.25 -10 16.3 27.6 -10 14.55 27.8 -10
3 0 14.55 27.8 -10 14.85 28.6 -10 15.15 28.65 -10
4 0 14.6 28.75 -10 14.85 28.6 -10 14.55 27.8 -10 13.8 28.8 -10
4 0 13.8 28.8 -10 14.55 27.8 -10 13.6 27.85 -10 13.5 28.55 -10
4 0 13.5 28.55 -10 13.6 27.85 -10 12.9 27.8 -10 13 28.45 -10
4 0 13 28.45 -10 12.9 27.8 -10 12.35 27.85 -10 12.25 28.55 -10
4 0 12.25 28.55 -10 12.35 27.85 -10 11.35 28 -10 11.4 28.75 -10
4 0 11.4 28.75 -10 11.35 28 -10 10.55 28.25 -10 10.85 29 -10
4 0 9.8 28.8 -10 10.85 29 -10 10.55 28.25 -10 9.2 28.3 -10
4 0 8.85 28.9 -10 9.8 28.8 -10 9.2 28.3 -10 8.4 28.3 -10
4 0 7.95 28.9 -10 8.85 28.9 -10 8.4 28.3 -10 8.25 28.2 -10
4 0 7.65 28.8 -10 7.95 28.9 -10 8.25 28.2 -10 7.5 28.5 -10
4 0 7.5 28.5 -10 8.25 28.2 -10 8.2 28 -10 7.5 26.7 -10
3 0 7.5 26.7 -10 8.25 27.85 -10 8.6 27.75 -10
3 0 7.5 26.7 -10 8.2 28 -10 8.25 27.85 -10
4 0 14.6 28.75 -10 13.8 28.8 -10 13.8 29 -10 13.9 29.85 -10
4 0 13.9 29.85 -10 13.8 29 -10 13.55 29.4 -10 13.05 30.25 -10
4 0 13.35 31 -10 13.9 29.85 -10 13.05 30.25 -10 12.8 31 -10
4 0 9.9 29.4 -10 10.55 29.45 -10 10.85 29 -10 9.8 28.8 -10
4 0 10.25 30.15 -10 10.55 29.45 -10 9.9 29.4 -10 9.6 29.55 -10
4 0 10.25 30.15 -10 9.6 29.55 -10 9.3 30.4 -10 10.25 30.4 -10
4 0 10.25 30.4 -10 9.3 30.4 -10 9.35 30.65 -10 10 31 -10
4 0 10 31 -10 12.2 31 -10 11.75 30.75 -10 11.1 30.55 -10
3 0 10.4 30.45 -10 10 31 -10 11.1 30.55 -10
3 0 10.25 30.4 -10 10 31 -10 10.4 30.45 -10
4 0 10 31 -10 9.35 30.65 -10 8.95 30.65 -10 7.2 30.7 -10
4 0 9 30.45 -10 9.3 30.4 -10 9.6 29.55 -10 8.5 29.7 -10
4 0 8.55 30.45 -10 9 30.45 -10 8.5 29.7 -10 7.4 29.75 -10
4 0 7.2 30.45 -10 8.55 30.45 -10 7.4 29.75 -10 6.9 29.7 -10
4 0 6.65 30.4 -10 7.2 30.45 -10 6.9 29.7 -10 6.55 29.55 -10
4 0 6.15 30.25 -10 6.65 30.4 -10 6.55 29.55 -10 5.8 30 -10
4 0 5.8 30 -10 6.55 29.55 -10 5.9 28.75 -10 5.4 29.7 -10
4 0 5.05 29.85 -10 5.4 29.7 -10 5.9 28.75 -10 4.05 30.1 -10
4 0 4.05 30.1 -10 5.9 28.75 -10 .55 30.7 -10 2.65 30.65 -10
4 0 1.4 31.05 -10 2.65 30.65 -10 .55 30.7 -10 .75 31.15 -10
4 0 .75 31.15 -10 .55 30.7 -10 0 30.75 -10 0 31.2 -10
4 0 8.55 30.45 -10 7.2 30.45 -10 7.2 30.7 -10 8.95 30.65 -10
4 0 6 31 -10 10 31 -10 7.2 30.7 -10 6.35 30.65 -10
4 0 5.45 30.85 -10 6 31 -10 6.35 30.65 -10 5.9 30.55 -10
4 0 4.75 30.55 -10 5.45 30.85 -10 5.9 30.55 -10 5.35 30.25 -10
4 0 4.05 30.1 -10 4.75 30.55 -10 5.35 30.25 -10 5.05 29.85 -10
4 0 -10.45 22.55 -10 -9.75 22.5 -10 -9.65 22.1 -10 -10.3 21.9 -10
4 0 -9.9 21.4 -10 -10.3 21.9 -10 -9.65 22.1 -10 -9.3 21.85 -10
4 0 -9.3 21.2 -10 -9.9 21.4 -10 -9.3 21.85 -10 -8.75 21.7 -10
4 0 -8.4 21.1 -10 -9.3 21.2 -10 -8.75 21.7 -10 -7.05 21.2 -10
4 0 -7.05 21.2 -10 -8.75 21.7 -10 -7.25 21.75 -10 -6.3 21.2 -10
4 0 -6.3 21.2 -10 -7.25 21.75 -10 -6.85 21.85 -10 -5.85 21.5 -10
4 0 -5.85 21.5 -10 -6.85 21.85 -10 -6.55 22.1 -10 -5.9 22.4 -10
4 0 -5.85 21.5 -10 -5.9 22.4 -10 -3.8 20.8 -10 -4.85 20.6 -10
4 0 -3.7 19.8 -10 -4.85 20.6 -10 -3.8 20.8 -10 -3.25 20.4 -10
4 0 -3 19.5 -10 -3.7 19.8 -10 -3.25 20.4 -10 -2.75 20.2 -10
4 0 -2.3 19.35 -10 -3 19.5 -10 -2.75 20.2 -10 -2.3 20.2 -10
4 0 -3.05 20.8 -10 -3.8 20.8 -10 -5.9 22.4 -10 -.55 21.05 -10
3 0 -2.5 20.6 -10 -3.05 20.8 -10 -.55 21.05 -10
4 0 -1.65 20.25 -10 -2.3 20.2 -10 -2.5 20.6 -10 -.55 21.05 -10
4 0 -.75 20.25 -10 -1.65 20.25 -10 -.55 21.05 -10 .25 20.3 -10
4 0 .25 20.3 -10 -.55 21.05 -10 0 21 -10 .8 20.4 -10
4 0 .8 20.4 -10 0 21 -10 .55 21.05 -10 1.35 20.5 -10
4 0 1.9 20.55 -10 1.35 20.5 -10 .55 21.05 -10 2.25 20.65 -10
4 0 -2.3 19.35 -10 -2.3 20.2 -10 -1.65 20.25 -10 -1.75 19.1 -10
4 0 -2.25 18.15 -10 -2.3 19.35 -10 -1.75 19.1 -10 -1.7 18.35 -10
4 0 -2.1 17.75 -10 -2.25 18.15 -10 -1.7 18.35 -10 -1.55 18 -10
4 0 -1.8 17.4 -10 -2.1 17.75 -10 -1.55 18 -10 -.55 17.2 -10
4 0 -1.8 17.4 -10 -.55 17.2 -10 .05 16.8 -10 .1 16.4 -10
4 0 .6 17.85 -10 .05 16.8 -10 -.55 17.2 -10 .4 18.55 -10
4 0 .9 18.4 -10 .6 17.85 -10 .4 18.55 -10 .9 19.4 -10
4 0 1.5 19.55 -10 .9 18.4 -10 .9 19.4 -10 1.2 20 -10
4 0 1.75 20.1 -10 1.5 19.55 -10 1.2 20 -10 1.35 20.5 -10
3 0 1.75 20.1 -10 1.35 20.5 -10 1.9 20.55 -10
4 0 -.05 15.5 -10 -1.8 17.4 -10 .1 16.4 -10 .5 15.85 -10
4 0 1.2 14.05 -10 -.05 15.5 -10 .5 15.85 -10 1.35 14.8 -10
4 0 1.2 14.05 -10 1.35 14.8 -10 1.95 14 -10 2.05 12.95 -10
4 0 3.5 20.85 -10 2.25 20.65 -10 .55 21.05 -10 4.8 21.1 -10
4 0 5.55 21.3 -10 4.8 21.1 -10 .55 21.05 -10 5.9 22.4 -10
4 0 5.95 21.4 -10 5.55 21.3 -10 5.9 22.4 -10 6.55 22.1 -10
4 0 5.95 21.4 -10 6.55 22.1 -10 6.85 21.85 -10 6.55 20.8 -10
4 0 7.35 20.75 -10 6.55 20.8 -10 6.85 21.85 -10 7.25 21.75 -10
4 0 8.05 20.75 -10 7.35 20.75 -10 7.25 21.75 -10 9.05 21.05 -10
4 0 9.05 21.05 -10 7.25 21.75 -10 8.75 21.7 -10 9.25 21.25 -10
4 0 9.25 21.25 -10 8.75 21.7 -10 9.3 21.85 -10 9.6 21.35 -10
4 0 9.6 21.35 -10 9.3 21.85 -10 9.65 22.1 -10 10.05 21.8 -10
4 0 10.05 21.8 -10 9.65 22.1 -10 9.75 22.5 -10 10.15 22.15 -10
3 0 10.15 22.15 -10 9.75 22.5 -10 10.2 22.45 -10
4 0 10.35 20.85 -10 9.6 21.35 -10 10.05 21.8 -10 10.8 21 -10
3 0 11.3 20.25 -10 10.35 20.85 -10 10.8 21 -10
4 0 9.25 19.65 -10 8.05 20.75 -10 9.05 21.05 -10 10.05 19.8 -10
4 0 10.35 18.45 -10 9.25 19.65 -10 10.05 19.8 -10 10.95 18.5 -10
4 0 11.3 17.2 -10 10.35 18.45 -10 10.95 18.5 -10 11.75 17.1 -10
3 0 12.65 15.25 -10 11.3 17.2 -10 11.75 17.1 -10
4 0 .6 17.85 -10 .9 18.4 -10 1.2 18 -10 1 17.5 -10
4 0 1 17.5 -10 1.2 18 -10 1.8 17.6 -10 2.1 17 -10
4 0 2.1 17 -10 1.8 17.6 -10 2.6 17.3 -10 3.3 16.7 -10
4 0 3.3 16.7 -10 2.6 17.3 -10 3.6 17.15 -10 4.2 16.8 -10
4 0 3.05 20.2 -10 2.25 20.65 -10 3.5 20.85 -10 3.8 20.6 -10
4 0 3.9 19.9 -10 3.05 20.2 -10 3.8 20.6 -10 4.3 20.4 -10
4 0 4.9 19.75 -10 3.9 19.9 -10 4.3 20.4 -10 4.95 20.3 -10
4 0 5.65 19.9 -10 4.9 19.75 -10 4.95 20.3 -10 5.35 20.4 -10
4 0 4.8 21.1 -10 5.55 21.3 -10 6.05 20.7 -10 5.35 20.4 -10
4 0 5.65 19.9 -10 5.35 20.4 -10 6.05 20.7 -10 6.2 19.5 -10
4 0 6.2 19.5 -10 6.05 20.7 -10 7.05 19.4 -10 7.15 18.3 -10
4 0 7.15 18.3 -10 7.05 19.4 -10 7.9 18.2 -10 8 17 -10
4 0 8 17 -10 7.9 18.2 -10 8.8 16.9 -10 8.35 16.5 -10
4 0 7.8 19.15 -10 6.55 20.8 -10 7.35 20.75 -10 8.75 18.85 -10
4 0 9.4 16.85 -10 7.8 19.15 -10 8.75 18.85 -10 10.2 16.7 -10
4 0 10.8 14.55 -10 9.4 16.85 -10 10.2 16.7 -10 11.65 14.4 -10
4 0 12.35 11.95 -10 10.8 14.55 -10 11.65 14.4 -10 13 12 -10
4 0 2.4 13.6 -10 2.05 12.95 -10 1.95 14 -10 2.5 13.85 -10
4 0 2.5 13.85 -10 1.95 14 -10 2.3 14.35 -10 2.9 14.4 -10
4 0 2.9 14.4 -10 2.3 14.35 -10 2.7 15.1 -10 3.25 15.1 -10
4 0 3.25 15.1 -10 2.7 15.1 -10 3 15.85 -10 3.5 15.75 -10
4 0 3.5 15.75 -10 3 15.85 -10 3.3 16.7 -10 3.8 16.25 -10
3 0 3.8 16.25 -10 3.3 16.7 -10 4.2 16.8 -10
4 0 4.8 17.7 -10 4.2 16.8 -10 3.6 17.15 -10 4.2 18.4 -10
4 0 5.25 18.65 -10 4.8 17.7 -10 4.2 18.4 -10 4.6 19.2 -10
4 0 5.45 19.3 -10 5.25 18.65 -10 4.6 19.2 -10 4.9 19.75 -10
3 0 5.45 19.3 -10 4.9 19.75 -10 5.65 19.9 -10
4 0 4.15 15.35 -10 3.5 15.75 -10 3.8 16.25 -10 4.55 15.75 -10
4 0 5.1 14.95 -10 4.15 15.35 -10 4.55 15.75 -10 5.55 15.35 -10
4 0 5.8 14.8 -10 5.1 14.95 -10 5.55 15.35 -10 6.15 15.25 -10
4 0 6.5 14.7 -10 5.8 14.8 -10 6.15 15.25 -10 6.75 15.2 -10
4 0 7.25 15.2 -10 6.5 14.7 -10 6.75 15.2 -10 7.6 15.5 -10
4 0 7.6 15.5 -10 6.75 15.2 -10 7.4 16 -10 8 16.1 -10
4 0 8 16.1 -10 7.4 16 -10 8 17 -10 8.35 16.5 -10
4 0 8.9 15.7 -10 8.35 16.5 -10 8.8 16.9 -10 9.8 15.4 -10
4 0 9.65 14.5 -10 8.9 15.7 -10 9.8 15.4 -10 10.5 14.25 -10
4 0 9.65 14.5 -10 10.5 14.25 -10 10 14.05 -10 9.6 14.05 -10
4 0 8 14.7 -10 7.25 15.2 -10 7.6 15.5 -10 8.2 15 -10
4 0 8.6 14.35 -10 8 14.7 -10 8.2 15 -10 8.75 14.7 -10
4 0 9.25 14.1 -10 8.6 14.35 -10 8.75 14.7 -10 9.3 14.55 -10
4 0 9.6 14.05 -10 9.25 14.1 -10 9.3 14.55 -10 9.65 14.5 -10
4 0 2.05 12.95 -10 2.4 13.6 -10 2.9 12.9 -10 3 11.8 -10
4 0 3.6 11.8 -10 3 11.8 -10 2.9 12.9 -10 3.65 12.4 -10
4 0 4.25 11.75 -10 3.6 11.8 -10 3.65 12.4 -10 4.5 12.2 -10
4 0 5 11.7 -10 4.25 11.75 -10 4.5 12.2 -10 5.1 12.25 -10
4 0 5.5 11.65 -10 5 11.7 -10 5.1 12.25 -10 6 12.2 -10
4 0 6 12.2 -10 5.1 12.25 -10 5.4 12.5 -10 6.4 12.9 -10
4 0 6.4 12.9 -10 5.4 12.5 -10 5.85 13.25 -10 6.8 13.8 -10
4 0 6.8 13.8 -10 5.85 13.25 -10 6.3 14.15 -10 7.05 14.45 -10
4 0 7.05 14.45 -10 6.3 14.15 -10 6.5 14.7 -10 7.25 15.2 -10
4 0 3 11.8 -10 3.6 11.8 -10 4.15 11.2 -10 3.9 10.5 -10
4 0 3.9 10.5 -10 4.15 11.2 -10 4.55 10.7 -10 4.6 9.45 -10
4 0 4.9 10.05 -10 4.6 9.45 -10 4.55 10.7 -10 5.1 10.5 -10
4 0 5.1 10.5 -10 4.55 10.7 -10 4.8 11 -10 5.25 10.95 -10
4 0 5.25 10.95 -10 4.8 11 -10 5 11.7 -10 5.6 11.2 -10
3 0 5.6 11.2 -10 5 11.7 -10 5.5 11.65 -10
4 0 5.85 10.55 -10 5.25 10.95 -10 5.6 11.2 -10 6.2 10.95 -10
4 0 7 10.1 -10 5.85 10.55 -10 6.2 10.95 -10 7.2 10.5 -10
4 0 7.7 10 -10 7 10.1 -10 7.2 10.5 -10 7.85 10.4 -10
4 0 8.3 10 -10 7.7 10 -10 7.85 10.4 -10 8.35 10.4 -10
4 0 8.9 10.3 -10 8.3 10 -10 8.35 10.4 -10 8.75 10.7 -10
4 0 9.25 10.6 -10 8.9 10.3 -10 8.75 10.7 -10 9.25 10.9 -10
4 0 9.25 10.9 -10 8.75 10.7 -10 9.2 11.4 -10 9.7 11.6 -10
4 0 9.7 11.6 -10 9.2 11.4 -10 9.55 12.25 -10 10.1 12.55 -10
4 0 10.1 12.55 -10 9.55 12.25 -10 9.8 13.2 -10 10.35 13.3 -10
4 0 10.35 13.3 -10 9.8 13.2 -10 10 14.05 -10 10.5 14.25 -10
4 0 10.35 13.3 -10 10.5 14.25 -10 11.45 12.65 -10 11.3 11.65 -10
4 0 11.3 11.65 -10 11.45 12.65 -10 12.35 11 -10 12.3 9.8 -10
4 0 12.3 9.8 -10 12.35 11 -10 13.05 9.75 -10 12.6 9.35 -10
4 0 9.6 9.8 -10 8.9 10.3 -10 9.25 10.6 -10 9.9 10.1 -10
4 0 10.4 9.45 -10 9.6 9.8 -10 9.9 10.1 -10 10.65 9.75 -10
4 0 11.2 9.3 -10 10.4 9.45 -10 10.65 9.75 -10 11.35 9.6 -10
4 0 12 9.2 -10 11.2 9.3 -10 11.35 9.6 -10 12 9.6 -10
4 0 12.6 9.35 -10 12 9.2 -10 12 9.6 -10 12.3 9.8 -10
4 0 4.6 9.45 -10 4.9 10.05 -10 5.7 8.85 -10 5.7 7.7 -10
4 0 5.7 7.7 -10 5.7 8.85 -10 6.7 7.3 -10 6.55 6.15 -10
4 0 7.2 6.45 -10 6.55 6.15 -10 6.7 7.3 -10 7.75 7.15 -10
4 0 7.75 7.15 -10 6.7 7.3 -10 7.15 7.7 -10 8.15 7.9 -10
4 0 8.15 7.9 -10 7.15 7.7 -10 7.75 8.85 -10 8.6 9.15 -10
4 0 8.6 9.15 -10 7.75 8.85 -10 8.3 10 -10 8.8 9.85 -10
3 0 8.8 9.85 -10 8.3 10 -10 8.9 10.3 -10
4 0 6.55 6.15 -10 7.2 6.45 -10 7.55 6.05 -10 7.6 5.4 -10
4 0 8.1 5.2 -10 7.6 5.4 -10 7.55 6.05 -10 8.1 5.7 -10
4 0 8.7 5.05 -10 8.1 5.2 -10 8.1 5.7 -10 8.9 5.45 -10
4 0 9.35 4.95 -10 8.7 5.05 -10 8.9 5.45 -10 9.5 5.4 -10
4 0 9.9 4.95 -10 9.35 4.95 -10 9.5 5.4 -10 10.15 5.45 -10
4 0 7.25 4.8 -10 6.55 6.15 -10 7.6 5.4 -10 8.1 4.35 -10
4 0 7.9 3.4 -10 7.25 4.8 -10 8.1 4.35 -10 8.5 3.55 -10
4 0 7.9 3.4 -10 8.5 3.55 -10 8.85 2.8 -10 8.55 2 -10
4 0 8.55 2 -10 8.85 2.8 -10 9.15 2.15 -10 9 1 -10
3 0 9.7 1 -10 9 1 -10 9.15 2.15 -10
4 0 9.6 2.75 -10 9.15 2.15 -10 8.85 2.8 -10 9.3 3.45 -10
4 0 10.1 3.7 -10 9.6 2.75 -10 9.3 3.45 -10 9.65 4.2 -10
4 0 10.4 4.4 -10 10.1 3.7 -10 9.65 4.2 -10 9.9 4.95 -10
4 0 10.6 5.15 -10 10.4 4.4 -10 9.9 4.95 -10 10.15 5.45 -10
4 0 10.8 5.55 -10 10.6 5.15 -10 10.15 5.45 -10 10.8 6.3 -10
4 0 11.2 4.7 -10 10.6 5.15 -10 10.8 5.55 -10 11.4 5.1 -10
4 0 11.9 4.3 -10 11.2 4.7 -10 11.4 5.1 -10 12.1 4.7 -10
4 0 12.55 4.1 -10 11.9 4.3 -10 12.1 4.7 -10 12.65 4.5 -10
4 0 11.3 6.25 -10 10.8 5.55 -10 10.8 6.3 -10 11.2 6.95 -10
4 0 11.7 7 -10 11.3 6.25 -10 11.2 6.95 -10 11.45 7.65 -10
4 0 12 7.95 -10 11.7 7 -10 11.45 7.65 -10 11.7 8.55 -10
4 0 12.1 8.5 -10 12 7.95 -10 11.7 8.55 -10 12 9.2 -10
3 0 12.1 8.5 -10 12 9.2 -10 12.6 9.35 -10
4 0 12 7.95 -10 12.1 8.5 -10 12.75 8.1 -10 12.95 7.5 -10
4 0 12.95 7.5 -10 12.75 8.1 -10 13.15 7.95 -10 13.3 7.4 -10
4 0 13.6 7.45 -10 13.3 7.4 -10 13.15 7.95 -10 13.3 8.05 -10
4 0 13.85 7.65 -10 13.6 7.45 -10 13.3 8.05 -10 13.9 8 -10
4 0 13.8 8.4 -10 13.9 8 -10 13.3 8.05 -10 13.3 8.25 -10
4 0 13.05 9.75 -10 13.8 8.4 -10 13.3 8.25 -10 12.6 9.35 -10
4 0 -13.75 11.65 -10 -13.7 9.95 -10 -14.5 11.55 -10 -13.85 11.95 -10
4 0 -13.85 11.95 -10 -14.5 11.55 -10 -14.2 13 -10 -13.8 12.45 -10
4 0 -13.8 12.45 -10 -14.2 13 -10 -13.75 14.65 -10 -13.2 15.05 -10
4 0 -13.2 15.05 -10 -13.75 14.65 -10 -13.2 16.3 -10 -12.6 17.8 -10
3 0 -13.7 9.95 -10 -13.75 11.65 -10 -13.5 11.65 -10
4 0 -12.5 12.05 -10 -13.7 9.95 -10 -13.5 11.65 -10 -13.1 12.1 -10
4 0 -11.15 14.55 -10 -12.5 12.05 -10 -13.1 12.1 -10 -11.55 14.95 -10
4 0 -9.8 16.7 -10 -11.15 14.55 -10 -11.55 14.95 -10 -10.1 17.2 -10
4 0 -8.15 18.95 -10 -9.8 16.7 -10 -10.1 17.2 -10 -8.3 19.65 -10
4 0 -6.9 20.5 -10 -8.15 18.95 -10 -8.3 19.65 -10 -7.05 21.2 -10
4 0 -6.9 20.5 -10 -7.05 21.2 -10 -6.3 21.2 -10 -6.6 20.3 -10
4 0 -6.05 20 -10 -6.6 20.3 -10 -6.3 21.2 -10 -5.4 20.35 -10
4 0 -5.7 19.35 -10 -6.05 20 -10 -5.4 20.35 -10 -4.2 19.2 -10
4 0 -4.2 18.05 -10 -5.7 19.35 -10 -4.2 19.2 -10 -3.95 18.05 -10
4 0 -5.2 18.05 -10 -5.7 19.35 -10 -4.2 18.05 -10 -4.1 17.6 -10
4 0 -4.7 17.15 -10 -5.2 18.05 -10 -4.1 17.6 -10 -3.8 17.15 -10
4 0 -4 16.15 -10 -4.7 17.15 -10 -3.8 17.15 -10 -3.4 16.55 -10
4 0 -3.15 16.75 -10 -3.4 16.55 -10 -3.8 17.15 -10 -3.45 17.25 -10
4 0 -2.75 16.85 -10 -3.15 16.75 -10 -3.45 17.25 -10 -3.1 17.45 -10
4 0 -3.6 17.9 -10 -3.95 18.05 -10 -4.2 19.2 -10 -3.1 18.1 -10
4 0 -3.1 17.45 -10 -3.6 17.9 -10 -3.1 18.1 -10 -1.9 16.85 -10
4 0 -2.75 16.85 -10 -3.1 17.45 -10 -1.9 16.85 -10 -1.75 15.85 -10
4 0 -1.75 15.85 -10 -1.9 16.85 -10 -.8 15.7 -10 -1.1 15.15 -10
4 0 -1.1 15.15 -10 -.8 15.7 -10 .2 14.5 -10 -.7 14.7 -10
3 0 -.4 14.4 -10 -.7 14.7 -10 .2 14.5 -10
4 0 -.4 14.4 -10 .2 14.5 -10 -.1 14 -10 -1.8 11.9 -10
4 0 -13.7 7.4 -10 -14.05 8.4 -10 -13.45 8.1 -10 -12.85 7.65 -10
4 0 -12.85 7.65 -10 -13.45 8.1 -10 -12.85 8.2 -10 -12.15 8 -10
4 0 -12.15 8 -10 -12.85 8.2 -10 -12.35 8.5 -10 -11.75 8.4 -10
4 0 -11.75 8.4 -10 -12.35 8.5 -10 -12.25 8.75 -10 -11.9 9.2 -10
4 0 -13.25 8.7 -10 -13.45 8.1 -10 -14.05 8.4 -10 -13.55 9.4 -10
4 0 -12.9 9.2 -10 -13.25 8.7 -10 -13.55 9.4 -10 -13 10.25 -10
4 0 -12.9 9.2 -10 -13 10.25 -10 -12.5 9.85 -10 -12.3 9.65 -10
4 0 -12.5 9.05 -10 -12.9 9.2 -10 -12.3 9.65 -10 -12.05 9.55 -10
4 0 -12.25 8.75 -10 -12.5 9.05 -10 -12.05 9.55 -10 -11.9 9.2 -10
4 0 -12.5 4.15 -10 -13.1 4.05 -10 -13.1 4.55 -10 -12.35 4.7 -10
4 0 -11.8 4.45 -10 -12.5 4.15 -10 -12.35 4.7 -10 -11.8 5.05 -10
4 0 -11.35 4.8 -10 -11.8 4.45 -10 -11.8 5.05 -10 -11.15 5.6 -10
3 0 -11.35 4.8 -10 -11.15 5.6 -10 -10.95 5.2 -10
4 0 -12.15 8 -10 -11.75 8.4 -10 -11.55 7.6 -10 -11.9 7.2 -10
4 0 -11.9 7.2 -10 -11.55 7.6 -10 -11.25 6.8 -10 -11.55 6.35 -10
4 0 -11.55 6.35 -10 -11.25 6.8 -10 -11 6.2 -10 -11.15 5.6 -10
4 0 -11.15 5.6 -10 -11 6.2 -10 -10.5 5.45 -10 -10.95 5.2 -10
4 0 -10.95 5.2 -10 -10.5 5.45 -10 -10.2 5.05 -10 -9.9 4.35 -10
4 0 -8.95 1.75 -10 -9.4 1 -10 -10.25 1 -10 -9.5 2.15 -10
4 0 -8.95 1.75 -10 -9.5 2.15 -10 -9.15 2.75 -10 -8.15 3.4 -10
4 0 -8.15 3.4 -10 -9.15 2.75 -10 -8.45 4.25 -10 -7.4 5.05 -10
3 0 -8.45 4.25 -10 -7.9 5.4 -10 -7.4 5.05 -10
4 0 -10.65 4.5 -10 -10.95 5.2 -10 -9.9 4.35 -10 -9.55 3.4 -10
4 0 -10.4 3.75 -10 -10.65 4.5 -10 -9.55 3.4 -10 -10.1 3 -10
4 0 -10.1 3 -10 -9.55 3.4 -10 -9.15 2.75 -10 -9.8 2.5 -10
3 0 -9.5 2.15 -10 -9.8 2.5 -10 -9.15 2.75 -10
4 0 -12.5 9.85 -10 -13 10.25 -10 -12.1 11.8 -10 -11.55 11.7 -10
4 0 -11.55 11.7 -10 -12.1 11.8 -10 -11.15 13.55 -10 -10.6 13.4 -10
4 0 -10.6 13.4 -10 -11.15 13.55 -10 -10.65 14.45 -10 -10.2 13.95 -10
4 0 -10.6 13.4 -10 -10.2 13.95 -10 -10.1 13.3 -10 -10.4 12.75 -10
4 0 -10.4 12.75 -10 -10.1 13.3 -10 -9.85 12.45 -10 -10 11.85 -10
4 0 -10 11.85 -10 -9.85 12.45 -10 -9.45 11.65 -10 -9.65 11.15 -10
4 0 -9.65 11.15 -10 -9.45 11.65 -10 -8.9 10.9 -10 -9.45 10.7 -10
4 0 -9.45 10.7 -10 -8.9 10.9 -10 -9.1 10.4 -10 -9.8 9.85 -10
4 0 -11.15 9.3 -10 -11.9 9.2 -10 -12.05 9.55 -10 -11.15 9.7 -10
4 0 -10.55 9.45 -10 -11.15 9.3 -10 -11.15 9.7 -10 -10.35 10 -10
4 0 -9.8 9.85 -10 -10.55 9.45 -10 -10.35 10 -10 -9.45 10.7 -10
4 0 -10.2 13.95 -10 -10.65 14.45 -10 -9.9 14.5 -10 -9.45 14.1 -10
4 0 -9.45 14.1 -10 -9.9 14.5 -10 -9.2 14.65 -10 -8.7 14.35 -10
4 0 -8.7 14.35 -10 -9.2 14.65 -10 -8.55 14.85 -10 -8 14.75 -10
4 0 -8 14.75 -10 -8.55 14.85 -10 -7.75 15.4 -10 -7.35 15.05 -10
4 0 -9.1 15.65 -10 -9.9 14.5 -10 -10.65 14.45 -10 -9.4 16.3 -10
4 0 -8.5 16.5 -10 -9.1 15.65 -10 -9.4 16.3 -10 -8.35 17.8 -10
4 0 -8.5 16.5 -10 -8.35 17.8 -10 -8.1 17 -10 -8.1 16.2 -10
4 0 -8.1 16.2 -10 -8.1 17 -10 -7.75 16.3 -10 -7.85 15.75 -10
4 0 -7.85 15.75 -10 -7.75 16.3 -10 -7.35 15.7 -10 -7.75 15.4 -10
4 0 -7.35 15.05 -10 -7.75 15.4 -10 -7.35 15.7 -10 -6.95 15.25 -10
4 0 -7.45 18.05 -10 -8.1 17 -10 -8.35 17.8 -10 -7.45 19 -10
4 0 -6.6 19.3 -10 -7.45 18.05 -10 -7.45 19 -10 -6.6 20.3 -10
3 0 -6.6 19.3 -10 -6.6 20.3 -10 -6.05 20 -10
4 0 -9.55 5.05 -10 -10.2 5.05 -10 -10.5 5.45 -10 -9.5 5.45 -10
4 0 -8.8 5.15 -10 -9.55 5.05 -10 -9.5 5.45 -10 -8.65 5.6 -10
4 0 -7.9 5.4 -10 -8.8 5.15 -10 -8.65 5.6 -10 -7.75 6 -10
4 0 -7.4 5.05 -10 -7.9 5.4 -10 -7.75 6 -10 -6.9 6.05 -10
4 0 -6.9 6.05 -10 -7.75 6 -10 -7.35 6.6 -10 -6.3 7.1 -10
4 0 -6.3 7.1 -10 -7.35 6.6 -10 -6.95 7.3 -10 -6.1 8.75 -10
4 0 -9.1 10.4 -10 -8.9 10.9 -10 -8.45 10.55 -10 -8.45 9.9 -10
4 0 -9 9.85 -10 -9.1 10.4 -10 -8.45 9.9 -10 -8.3 9.3 -10
4 0 -8.9 9.15 -10 -9 9.85 -10 -8.3 9.3 -10 -8.6 8.4 -10
4 0 -8.6 8.4 -10 -8.3 9.3 -10 -7.95 8.4 -10 -8.05 7.4 -10
4 0 -8.05 7.4 -10 -7.95 8.4 -10 -7.5 7.7 -10 -7.7 6.95 -10
4 0 -7.7 6.95 -10 -7.5 7.7 -10 -7.25 7.45 -10 -7.35 6.6 -10
3 0 -7.35 6.6 -10 -7.25 7.45 -10 -6.95 7.3 -10
4 0 -7.55 10 -10 -8.45 9.9 -10 -8.45 10.55 -10 -7.45 10.6 -10
4 0 -6.55 10.25 -10 -7.55 10 -10 -7.45 10.6 -10 -6.45 10.9 -10
4 0 -5.95 10.6 -10 -6.55 10.25 -10 -6.45 10.9 -10 -5.55 10.95 -10
3 0 -6.45 10.9 -10 -5.9 11.15 -10 -5.55 10.95 -10
4 0 -5.55 10.95 -10 -5.9 11.15 -10 -5.6 11.55 -10 -5.1 11.6 -10
4 0 -5.55 10.95 -10 -5.1 11.6 -10 -5.1 11.05 -10 -5.3 10.55 -10
4 0 -5.3 10.55 -10 -5.1 11.05 -10 -5 10.75 -10 -5.1 10.2 -10
3 0 -5.1 10.2 -10 -5 10.75 -10 -4.75 10.6 -10
4 0 -5.35 8.75 -10 -6.3 7.1 -10 -6.1 8.75 -10 -5.1 10.2 -10
4 0 -4.25 10.3 -10 -5.35 8.75 -10 -5.1 10.2 -10 -4.75 10.6 -10
4 0 -4.25 10.3 -10 -4.75 10.6 -10 -3.8 11.85 -10 -2.95 12 -10
4 0 -7.35 15.05 -10 -6.95 15.25 -10 -6.65 14.8 -10 -7.1 14.25 -10
4 0 -7.1 14.25 -10 -6.65 14.8 -10 -6.4 13.9 -10 -6.65 13.15 -10
4 0 -6.65 13.15 -10 -6.4 13.9 -10 -5.9 12.95 -10 -6.2 12.3 -10
4 0 -6.2 12.3 -10 -5.9 12.95 -10 -5.55 12.4 -10 -5.6 11.55 -10
4 0 -5.6 11.55 -10 -5.55 12.4 -10 -5.25 12.1 -10 -5.1 11.6 -10
4 0 -4.5 11.75 -10 -5.1 11.6 -10 -5.25 12.1 -10 -4.4 12.25 -10
4 0 -3.8 11.85 -10 -4.5 11.75 -10 -4.4 12.25 -10 -3.45 12.6 -10
4 0 -2.95 12 -10 -3.8 11.85 -10 -3.45 12.6 -10 -2 13.2 -10
3 0 -3.45 12.6 -10 -2.6 13.45 -10 -2 13.2 -10
4 0 -2 13.2 -10 -2.6 13.45 -10 -2.3 13.85 -10 -.7 14.7 -10
3 0 -2.3 13.85 -10 -1.1 15.15 -10 -.7 14.7 -10
4 0 -6.65 14.8 -10 -6.95 15.25 -10 -6.4 15.25 -10 -6.1 14.8 -10
4 0 -6.1 14.8 -10 -6.4 15.25 -10 -5.65 15.4 -10 -5.25 14.95 -10
4 0 -5.25 14.95 -10 -5.65 15.4 -10 -4.85 15.65 -10 -4.4 15.3 -10
4 0 -4.4 15.3 -10 -4.85 15.65 -10 -4 16.15 -10 -3.65 15.8 -10
4 0 -3.65 15.8 -10 -4 16.15 -10 -3.4 16.55 -10 -3.25 15.95 -10
4 0 -3.45 15.2 -10 -3.65 15.8 -10 -3.25 15.95 -10 -3.05 15.35 -10
4 0 -3.15 14.45 -10 -3.45 15.2 -10 -3.05 15.35 -10 -2.75 14.6 -10
4 0 -2.6 13.45 -10 -3.15 14.45 -10 -2.75 14.6 -10 -2.3 13.85 -10
4 0 -13.615 4.077 -10 -13.705 4.584 -10 -13.1 4.55 -10 -13.1 4.05 -10
4 0 -13.7 7.4 -10 -14.157 7.158 -10 -14.274 7.823 -10 -14.05 8.4 -10
4 0 -13.7 9.95 -10 -14.44 8.766 -10 -14.732 10.421 -10 -14.5 11.55 -10
4 0 -16.654 21.347 -10 -16.754 21.919 -10 -15.4 22.3 -10 -15.6 21.6 -10
4 0 -14.75 23.1 -10 -16.873 22.592 -10 -16.971 23.153 -10 -14.85 23.65 -10
4 0 -15.1 24.1 -10 -17.061 23.664 -10 -17.16 24.225 -10 -15 24.7 -10
4 0 -15.5 25.3 -10 -17.28 24.909 -10 -17.38 25.478 -10 -15.65 25.9 -10
4 0 -15.05 26.6 -10 -17.49 26.103 -10 -17.596 26.706 -10 -15.2 27.15 -10
4 0 -16.3 27.6 -10 -17.722 27.419 -10 -17.2 28.25 -10 -16.6 28.25 -10
4 0 -17.25 28.75 -10 -17.2 28.25 -10 -17.722 27.419 -10 -18 29 -10
4 0 -17.4 29.5 -10 -17.25 28.75 -10 -18 29 -10 -18 29.538 -10
4 0 -17.15 30.4 -10 -17.4 29.95 -10 -18 30.07 -10 -18 31 -10
3 0 -17.15 30.4 -10 -18 31 -10 -16.75 31 -10
4 0 16.3 27.6 -10 16.6 28.25 -10 17.2 28.25 -10 17.722 27.419 -10
4 0 18 29 -10 17.722 27.419 -10 17.2 28.25 -10 17.25 28.75 -10
4 0 18 29 -10 17.25 28.75 -10 17.4 29.5 -10 18 29.538 -10
4 0 18 30.07 -10 17.4 29.95 -10 17.15 30.4 -10 18 31 -10
3 0 17.15 30.4 -10 16.75 31 -10 18 31 -10
4 0 15.05 26.6 -10 15.2 27.15 -10 17.596 26.706 -10 17.49 26.103 -10
4 0 15.5 25.3 -10 15.65 25.9 -10 17.38 25.478 -10 17.28 24.909 -10
4 0 15.1 24.1 -10 15 24.7 -10 17.16 24.225 -10 17.061 23.664 -10
4 0 14.75 23.1 -10 14.85 23.65 -10 16.971 23.153 -10 16.873 22.592 -10
4 0 15.6 21.6 -10 15.4 22.3 -10 16.754 21.919 -10 16.654 21.347 -10
4 0 12.35 11.95 -10 13 12 -10 14.532 9.285 -10 14.369 8.361 -10
4 0 12.55 4.1 -10 12.65 4.5 -10 13.656 4.308 -10 13.594 3.958 -10
4 0 -7.65 1.45 -10 -8.15 1 -10 -8.85 1 -10 -8.25 2.15 -10
4 0 -7.65 1.45 -10 -8.25 2.15 -10 -7.35 2.5 -10 -7.1 1.85 -10
4 0 -7.1 1.85 -10 -7.35 2.5 -10 -7.05 2.6 -10 -6 2.65 -10
4 0 -6 2.65 -10 -7.05 2.6 -10 -6.55 3 -10 -5.1 3.3 -10
4 0 -5.1 3.3 -10 -6.55 3 -10 -5.25 3.9 -10 -3.65 4.25 -10
4 0 -3.65 4.25 -10 -5.25 3.9 -10 -3.8 4.8 -10 -2.7 4.9 -10
4 0 -2.7 4.9 -10 -3.8 4.8 -10 -3.05 5.3 -10 -2.3 5.3 -10
4 0 -2.3 5.3 -10 -3.05 5.3 -10 -2.8 5.6 -10 -2.1 5.7 -10
4 0 -2.1 5.7 -10 -2.8 5.6 -10 -2.6 5.95 -10 -1.95 6.45 -10
4 0 -1.95 6.45 -10 -2.6 5.95 -10 -2.55 6.45 -10 -2.35 6.968 -10
4 0 -7.35 2.7 -10 -7.35 2.5 -10 -8.25 2.15 -10 -7.55 3.6 -10
4 0 -7 3.5 -10 -7.35 2.7 -10 -7.55 3.6 -10 -6.8 5.2 -10
4 0 -6.15 5.2 -10 -7 3.5 -10 -6.8 5.2 -10 -6 6.75 -10
4 0 -5.5 6.45 -10 -6.15 5.2 -10 -6 6.75 -10 -5.25 7.95 -10
4 0 -4.9 7.25 -10 -5.5 6.45 -10 -5.25 7.95 -10 -4.3 8.4 -10
4 0 -4.9 7.25 -10 -4.3 8.4 -10 -4.35 7.35 -10 -4.75 6.8 -10
4 0 -4.75 6.8 -10 -4.35 7.35 -10 -4.35 6.75 -10 -4.45 6.2 -10
4 0 -4.3 8.4 -10 -5.25 7.95 -10 -3.7 10.25 -10 -3.25 10 -10
4 0 -3.25 10 -10 -3.7 10.25 -10 -2.3 12.2 -10 -1.8 11.9 -10
3 0 -1.8 11.9 -10 -2.3 12.2 -10 -.4 14.4 -10
4 0 .8 12.95 -10 -.1 14 -10 .2 14.5 -10 1.4 13.05 -10
4 0 1.95 11.5 -10 .8 12.95 -10 1.4 13.05 -10 2.55 11.6 -10
4 0 3.15 9.85 -10 1.95 11.5 -10 2.55 11.6 -10 3.75 9.95 -10
4 0 4.15 8.35 -10 3.15 9.85 -10 3.75 9.95 -10 4.65 8.5 -10
4 0 5.15 6.65 -10 4.15 8.35 -10 4.65 8.5 -10 5.65 6.8 -10
4 0 6.1 4.95 -10 5.15 6.65 -10 5.65 6.8 -10 6.7 4.85 -10
4 0 6.85 3.4 -10 6.1 4.95 -10 6.7 4.85 -10 7.5 3.2 -10
4 0 7.35 2.1 -10 6.85 3.4 -10 7.5 3.2 -10 8.15 1.75 -10
4 0 7.35 1.85 -10 7.35 2.1 -10 8.15 1.75 -10 8.45 1 -10
4 0 7.35 1.85 -10 8.45 1 -10 7.15 1 -10 7.1 1.85 -10
4 0 -5.9 1.7 -10 -4.8 2.45 -10 -5.3 1.35 -10 -5.69 1.14 -10
4 0 -3.05 1.75 -10 -3.25 1.55 -10 -3.45 1.6 -10 -3.2 2 -10
4 0 -2.7 2 -10 -3.05 1.75 -10 -3.2 2 -10 -2.964 2.206 -10
4 0 -1 6.45 -10 -.35 6.45 -10 -.2 5.95 -10 -.707 5.529 -10
4 0 1.8 3.05 -10 1.5 4.05 -10 2.7 3.15 -10 2.05 2.55 -10
4 0 5.1 1.5 -10 5.8 1 -10 4.8 1 -10 4.669 1.119 -10
4 0 .7 5.95 -10 .4 6.45 -10 1.05 6.45 -10 1.4 5.9 -10
4 0 1.25 5.3 -10 .7 5.95 -10 1.4 5.9 -10 1.8 5.5 -10
4 0 2 4.55 -10 1.25 5.3 -10 1.8 5.5 -10 2.55 4.8 -10
4 0 3 3.8 -10 2 4.55 -10 2.55 4.8 -10 3.3 4.25 -10
4 0 3.9 3.2 -10 3 3.8 -10 3.3 4.25 -10 4.15 3.85 -10
4 0 4.65 2.75 -10 3.9 3.2 -10 4.15 3.85 -10 5.25 3.3 -10
4 0 4.65 2.75 -10 5.25 3.3 -10 5.6 2.9 -10 5.5 2.2 -10
4 0 5.5 2.2 -10 5.6 2.9 -10 6.15 2.4 -10 6.2 1.7 -10
4 0 6.2 1.7 -10 6.15 2.4 -10 6.8 1.95 -10 6.8 1.3 -10
4 0 6.8 1.3 -10 6.8 1.95 -10 7.1 1.85 -10 7.15 1 -10
4 0 4.9 3.9 -10 5.25 3.3 -10 4.15 3.85 -10 4.05 4.3 -10
4 0 4.5 4.8 -10 4.9 3.9 -10 4.05 4.3 -10 3.8 5.1 -10
4 0 4.15 5.6 -10 4.5 4.8 -10 3.8 5.1 -10 3.25 6.85 -10
3 0 4.15 5.6 -10 3.25 6.85 -10 3.55 7 -10
3 0 3.25 6.85 -10 3 8.3 -10 3.55 7 -10
4 0 -2.282 9.5 -10 -2.264 9.411 -10 -2.737 9.215 -10 -2.794 9.5 -10
4 0 -2.264 9.589 -10 -2.282 9.5 -10 -2.794 9.5 -10 -2.737 9.785 -10
4 0 -2.214 9.664 -10 -2.264 9.589 -10 -2.737 9.785 -10 -2.576 10.026 -10
4 0 -2.139 9.714 -10 -2.214 9.664 -10 -2.576 10.026 -10 -2.335 10.187 -10
4 0 -2.05 9.732 -10 -2.139 9.714 -10 -2.335 10.187 -10 -2.05 10.244 -10
4 0 -2.139 9.286 -10 -2.05 9.268 -10 -2.05 8.756 -10 -2.335 8.813 -10
4 0 -2.214 9.336 -10 -2.139 9.286 -10 -2.335 8.813 -10 -2.576 8.974 -10
4 0 -2.264 9.411 -10 -2.214 9.336 -10 -2.576 8.974 -10 -2.737 9.215 -10
4 0 .889 9.714 -10 .8 9.732 -10 .8 10.244 -10 1.085 10.187 -10
4 0 .964 9.664 -10 .889 9.714 -10 1.085 10.187 -10 1.326 10.026 -10
4 0 1.014 9.589 -10 .964 9.664 -10 1.326 10.026 -10 1.487 9.785 -10
4 0 1.032 9.5 -10 1.014 9.589 -10 1.487 9.785 -10 1.544 9.5 -10
4 0 1.014 9.411 -10 1.032 9.5 -10 1.544 9.5 -10 1.487 9.215 -10
4 0 .964 9.336 -10 1.014 9.411 -10 1.487 9.215 -10 1.326 8.974 -10
4 0 .889 9.286 -10 .964 9.336 -10 1.326 8.974 -10 1.085 8.813 -10
4 0 .8 9.268 -10 .889 9.286 -10 1.085 8.813 -10 .8 8.756 -10
4 0 .8 9.732 -10 -2.05 9.732 -10 -2.05 10.244 -10 .8 10.244 -10
4 0 -2.582 7.2 -10 -2.564 7.111 -10 -3.037 6.915 -10 -3.094 7.2 -10
4 0 -2.564 7.289 -10 -2.582 7.2 -10 -3.094 7.2 -10 -3.037 7.485 -10
4 0 -2.514 7.364 -10 -2.564 7.289 -10 -3.037 7.485 -10 -2.876 7.726 -10
4 0 -2.439 7.414 -10 -2.514 7.364 -10 -2.876 7.726 -10 -2.635 7.887 -10
4 0 -2.35 7.432 -10 -2.439 7.414 -10 -2.635 7.887 -10 -2.35 7.944 -10
4 0 -2.514 7.036 -10 -2.439 6.986 -10 -2.635 6.513 -10 -2.876 6.674 -10
4 0 -2.564 7.111 -10 -2.514 7.036 -10 -2.876 6.674 -10 -3.037 6.915 -10
4 0 1.139 7.414 -10 1.05 7.432 -10 1.05 7.944 -10 1.335 7.887 -10
4 0 1.214 7.364 -10 1.139 7.414 -10 1.335 7.887 -10 1.576 7.726 -10
4 0 1.264 7.289 -10 1.214 7.364 -10 1.576 7.726 -10 1.737 7.485 -10
4 0 1.282 7.2 -10 1.264 7.289 -10 1.737 7.485 -10 1.794 7.2 -10
4 0 1.264 7.111 -10 1.282 7.2 -10 1.794 7.2 -10 1.737 6.915 -10
4 0 1.214 7.036 -10 1.264 7.111 -10 1.737 6.915 -10 1.576 6.674 -10
4 0 1.139 6.986 -10 1.214 7.036 -10 1.576 6.674 -10 1.335 6.513 -10
4 0 1.05 6.968 -10 1.139 6.986 -10 1.335 6.513 -10 1.05 6.45 -10
4 0 -2.55 6.45 -10 -2.635 6.513 -10 -2.439 6.986 -10 -2.35 6.968 -10
3 0 -1 6.45 -10 -1.95 6.45 -10 -2.35 6.968 -10
4 0 -.35 6.45 -10 -1 6.45 -10 -2.35 6.968 -10 1.05 6.968 -10
3 0 .4 6.45 -10 -.35 6.45 -10 1.05 6.968 -10
3 0 1.05 6.45 -10 .4 6.45 -10 1.05 6.968 -10
4 0 -1.15 7.95 -10 -1.85 7.95 -10 -1.8 8.75 -10 -1.15 8.75 -10
4 0 .4 7.95 -10 -.25 7.95 -10 -.25 8.75 -10 .3 8.75 -10
4 0 -2.35 7.432 -10 -2.35 7.944 -10 -1.85 7.95 -10 -1.15 7.95 -10
4 0 -2.35 7.432 -10 -1.15 7.95 -10 -.25 7.95 -10 1.05 7.432 -10
4 0 1.05 7.432 -10 -.25 7.95 -10 .4 7.95 -10 1.05 7.944 -10
4 0 -1.8 8.75 -10 -2.05 8.756 -10 -2.05 9.268 -10 -1.15 8.75 -10
4 0 -.25 8.75 -10 -1.15 8.75 -10 -2.05 9.268 -10 .8 9.268 -10
4 0 .3 8.75 -10 -.25 8.75 -10 .8 9.268 -10 .8 8.756 -10
4 0 -5.95 1 -10 -6.9 1 -10 -5.9 1.7 -10 -5.69 1.14 -10
3 0 -5.3 1.35 -10 -4.8 2.45 -10 -4.648 1.866 -10
3 0 -4.648 1.866 -10 -4.8 2.45 -10 -4.1 2.3 -10
4 0 -3.884 2.447 -10 -4.1 2.3 -10 -4.8 2.45 -10 -3.65 3.25 -10
4 0 -3 3.05 -10 -3.884 2.447 -10 -3.65 3.25 -10 -2.75 3.255 -10
4 0 -2.75 3.255 -10 -3.65 3.25 -10 -2.55 4 -10 -2.45 3.5 -10
4 0 -2.04 3.807 -10 -2.45 3.5 -10 -2.55 4 -10 -1.9 4.5 -10
3 0 -2.04 3.807 -10 -1.9 4.5 -10 -1.85 3.95 -10
4 0 -2.7 2 -10 -2.964 2.206 -10 -2.795 2.355 -10 -2.25 2.3 -10
4 0 -2.193 2.357 -10 -2.25 2.3 -10 -2.795 2.355 -10 -2.378 2.73 -10
4 0 -2.193 2.357 -10 -2.378 2.73 -10 -2.3 2.8 -10 -1.8 2.75 -10
4 0 -1.8 2.75 -10 -2.3 2.8 -10 -2.15 3.05 -10 -1.633 3.083 -10
4 0 -1.633 3.083 -10 -2.15 3.05 -10 -1.95 3.35 -10 -1.5 3.35 -10
4 0 -1.5 3.35 -10 -1.95 3.35 -10 -1.9 3.65 -10 -1.45 3.45 -10
4 0 -1.375 3.65 -10 -1.45 3.45 -10 -1.9 3.65 -10 -1.88 3.771 -10
4 0 -.9 4.95 -10 -1.171 4.193 -10 -1.9 4.5 -10 -1.55 4.95 -10
4 0 -.707 5.529 -10 -.9 4.95 -10 -1.55 4.95 -10 -1.2 5.7 -10
3 0 -.707 5.529 -10 -1.2 5.7 -10 -1 6.45 -10
4 0 -.707 5.529 -10 -.2 5.95 -10 .05 5.45 -10 -.421 5.147 -10
4 0 -.291 4.959 -10 -.421 5.147 -10 .05 5.45 -10 -.026 4.646 -10
4 0 -.026 4.646 -10 .05 5.45 -10 .7 4.75 -10 .172 4.421 -10
3 0 .427 4.132 -10 .172 4.421 -10 .7 4.75 -10
4 0 .5 4.05 -10 .427 4.132 -10 .7 4.75 -10 .718 3.882 -10
4 0 .718 3.882 -10 .7 4.75 -10 1.5 4.05 -10 .915 3.731 -10
3 0 1.15 3.55 -10 .915 3.731 -10 1.5 4.05 -10
3 0 1.487 3.291 -10 1.15 3.55 -10 1.5 4.05 -10
3 0 1.699 3.128 -10 1.487 3.291 -10 1.5 4.05 -10
3 0 1.8 3.05 -10 1.699 3.128 -10 1.5 4.05 -10
3 0 -.35 2.75 -10 -.6 2.75 -10 -.094 2.929 -10
4 0 .15 2.75 -10 -.35 2.75 -10 -.094 2.929 -10 .25 3.05 -10
4 0 .238 2.741 -10 .15 2.75 -10 .25 3.05 -10 .459 3.063 -10
4 0 .541 2.709 -10 .238 2.741 -10 .459 3.063 -10 .689 3.077 -10
4 0 .898 2.671 -10 .541 2.709 -10 .689 3.077 -10 1.05 3.1 -10
4 0 1.1 2.65 -10 .898 2.671 -10 1.05 3.1 -10 1.205 3.09 -10
4 0 1.1 2.65 -10 1.205 3.09 -10 1.65 3.06 -10 1.691 2.588 -10
4 0 1.691 2.588 -10 1.65 3.06 -10 1.8 3.05 -10 2.05 2.55 -10
3 0 2.172 2.517 -10 2.05 2.55 -10 2.7 3.15 -10
4 0 2.5 2.427 -10 2.172 2.517 -10 2.7 3.15 -10 3.4 2.65 -10
3 0 2.7 2.35 -10 2.5 2.427 -10 3.4 2.65 -10
3 0 2.873 2.272 -10 2.7 2.35 -10 3.4 2.65 -10
3 0 3.079 2.175 -10 2.873 2.272 -10 3.4 2.65 -10
3 0 3.29 2.075 -10 3.079 2.175 -10 3.4 2.65 -10
4 0 3.45 2 -10 3.29 2.075 -10 3.4 2.65 -10 4.25 2.05 -10
3 0 3.605 1.903 -10 3.45 2 -10 4.25 2.05 -10
3 0 3.815 1.772 -10 3.605 1.903 -10 4.25 2.05 -10
3 0 4.136 1.571 -10 3.815 1.772 -10 4.25 2.05 -10
3 0 4.25 1.5 -10 4.136 1.571 -10 4.25 2.05 -10
4 0 4.364 1.396 -10 4.25 1.5 -10 4.25 2.05 -10 5.1 1.5 -10
3 0 4.669 1.119 -10 4.364 1.396 -10 5.1 1.5 -10
4 0 -1.85 3.95 -10 -1.9 4.5 -10 -1.171 4.193 -10 -1.375 3.65 -10
3 0 -1.375 3.65 -10 -1.88 3.771 -10 -1.85 3.95 -10
4 16 -14.345 2 -10 -13.25 2 -10 -12.85 1.5 -10 -12 0 -10
3 16 -12 0 -10 -12.85 1.5 -10 -12.1 1.15 -10
3 16 -12 0 -10 -12.1 1.15 -10 -11.25 1 -10
4 16 12.85 1.5 -10 13.25 2 -10 14.345 2 -10 12 0 -10
3 16 12 0 -10 12.1 1.15 -10 12.85 1.5 -10
3 16 12 0 -10 11.25 1 -10 12.1 1.15 -10
4 16 8.75 18.85 -10 7.35 20.75 -10 8.05 20.75 -10 9.25 19.65 -10
4 16 8.75 18.85 -10 9.25 19.65 -10 10.35 18.45 -10 10.2 16.7 -10
4 16 10.2 16.7 -10 10.35 18.45 -10 11.3 17.2 -10 12.65 15.25 -10
3 16 11.65 14.4 -10 10.2 16.7 -10 12.65 15.25 -10
3 16 13 12 -10 11.65 14.4 -10 12.65 15.25 -10
4 16 9.25 21.25 -10 9.6 21.35 -10 10.35 20.85 -10 10.05 19.8 -10
3 16 10.05 19.8 -10 9.05 21.05 -10 9.25 21.25 -10
4 16 10.05 19.8 -10 10.35 20.85 -10 11.3 20.25 -10 10.95 18.5 -10
4 16 11.75 17.1 -10 10.95 18.5 -10 11.3 20.25 -10 13 22.1 -10
4 16 12.1 22.25 -10 13 22.1 -10 11.3 20.25 -10 10.8 21 -10
4 16 10.15 22.15 -10 12.1 22.25 -10 10.8 21 -10 10.05 21.8 -10
3 16 10.15 22.15 -10 10.2 22.45 -10 12.1 22.25 -10
4 16 11.75 17.1 -10 13 22.1 -10 13.35 22.1 -10 12.65 15.25 -10
4 16 12.65 15.25 -10 13.35 22.1 -10 13.7 22.2 -10 13.95 22.25 -10
4 16 12.65 15.25 -10 13.95 22.25 -10 14.2 22.15 -10 14.45 21.95 -10
3 16 12.65 15.25 -10 14.45 21.95 -10 14.75 21.8 -10
4 16 12.65 15.25 -10 14.75 21.8 -10 15.6 21.6 -10 16.654 21.347 -10
4 16 13 12 -10 12.65 15.25 -10 16.654 21.347 -10 14.532 9.285 -10
3 16 -14.732 10.421 -10 -16.654 21.347 -10 -14.5 11.55 -10
3 16 -14.5 11.55 -10 -16.654 21.347 -10 -14.2 13 -10
4 16 -13.75 14.65 -10 -14.2 13 -10 -16.654 21.347 -10 -15.6 21.6 -10
4 16 -13.2 16.3 -10 -13.75 14.65 -10 -15.6 21.6 -10 -14.75 21.8 -10
4 16 -12.6 17.8 -10 -13.2 16.3 -10 -14.75 21.8 -10 -14.45 21.95 -10
4 16 -12.6 17.8 -10 -14.45 21.95 -10 -14.2 22.15 -10 -13.95 22.25 -10
4 16 -12.6 17.8 -10 -13.95 22.25 -10 -13.7 22.2 -10 -13.35 22.1 -10
3 16 -12.6 17.8 -10 -13.35 22.1 -10 -13 22.1 -10
4 16 -12.6 17.8 -10 -13 22.1 -10 -12.1 22.25 -10 -10.3 21.9 -10
3 16 -10.3 21.9 -10 -12.1 22.25 -10 -10.45 22.55 -10
4 16 -13.5 11.65 -10 -13.75 11.65 -10 -13.85 11.95 -10 -13.1 12.1 -10
4 16 -13.1 12.1 -10 -13.85 11.95 -10 -13.8 12.45 -10 -13.2 15.05 -10
4 16 -11.55 14.95 -10 -13.1 12.1 -10 -13.2 15.05 -10 -12.6 17.8 -10
4 16 -10.1 17.2 -10 -11.55 14.95 -10 -12.6 17.8 -10 -10.3 21.9 -10
3 16 -10.1 17.2 -10 -10.3 21.9 -10 -9.9 21.4 -10
4 16 -10.1 17.2 -10 -9.9 21.4 -10 -9.3 21.2 -10 -8.3 19.65 -10
3 16 -8.3 19.65 -10 -9.3 21.2 -10 -8.4 21.1 -10
3 16 -8.3 19.65 -10 -8.4 21.1 -10 -7.05 21.2 -10
3 16 -12 0 -10 -11.25 1 -10 -10.25 1 -10
3 16 -12 0 -10 -10.25 1 -10 -9.4 1 -10
3 16 12 0 -10 9.7 1 -10 11.25 1 -10
3 16 12 0 -10 9 1 -10 9.7 1 -10
3 16 -13.25 2 -10 -14.345 2 -10 -13.615 4.077 -10
3 16 -14.345 2 -10 -13.705 4.584 -10 -13.615 4.077 -10
3 16 -14.345 2 -10 -14.157 7.158 -10 -13.705 4.584 -10
3 16 -14.345 2 -10 -14.274 7.823 -10 -14.157 7.158 -10
3 16 -14.345 2 -10 -14.44 8.766 -10 -14.274 7.823 -10
3 16 -14.345 2 -10 -14.732 10.421 -10 -14.44 8.766 -10
4 16 -16.654 21.347 -10 -14.732 10.421 -10 -14.345 2 -10 -17 20 -10
3 16 -17 20 -10 -16.754 21.919 -10 -16.654 21.347 -10
3 16 -17 20 -10 -16.873 22.592 -10 -16.754 21.919 -10
3 16 -17 20 -10 -16.971 23.153 -10 -16.873 22.592 -10
3 16 -17 20 -10 -17.061 23.664 -10 -16.971 23.153 -10
3 16 -17 20 -10 -17.16 24.225 -10 -17.061 23.664 -10
4 16 -17.28 24.909 -10 -17.16 24.225 -10 -17 20 -10 -19 29 -10
3 16 -17.28 24.909 -10 -19 29 -10 -17.38 25.478 -10
3 16 -17.38 25.478 -10 -19 29 -10 -17.49 26.103 -10
3 16 -17.49 26.103 -10 -19 29 -10 -17.596 26.706 -10
3 16 -17.596 26.706 -10 -19 29 -10 -17.722 27.419 -10
3 16 -17.722 27.419 -10 -19 29 -10 -18 29 -10
3 16 -18 29 -10 -19 29 -10 -18 29.538 -10
3 16 -19 29 -10 -18 30.07 -10 -18 29.538 -10
4 16 -18 31 -10 -18 30.07 -10 -19 29 -10 -19 32 -10
3 16 -16.75 31 -10 -18 31 -10 -19 32 -10
3 16 -13.35 31 -10 -16.75 31 -10 -19 32 -10
4 16 -12.8 31 -10 -13.35 31 -10 -19 32 -10 -10 32 -10
3 16 -12.2 31 -10 -12.8 31 -10 -10 32 -10
3 16 -10 31 -10 -12.2 31 -10 -10 32 -10
4 16 -6 31 -10 -10 31 -10 -10 32 -10 0 32 -10
4 16 -1.4 31.05 -10 -6 31 -10 0 32 -10 -.75 31.15 -10
3 16 -.75 31.15 -10 0 32 -10 0 31.2 -10
3 16 -4.05 30.1 -10 -4.75 30.55 -10 -2.65 30.65 -10
4 16 -2.65 30.65 -10 -4.75 30.55 -10 -5.45 30.85 -10 -1.4 31.05 -10
3 16 -5.45 30.85 -10 -6 31 -10 -1.4 31.05 -10
3 16 .75 31.15 -10 0 31.2 -10 0 32 -10
4 16 1.4 31.05 -10 .75 31.15 -10 0 32 -10 6 31 -10
4 16 1.4 31.05 -10 6 31 -10 5.45 30.85 -10 2.65 30.65 -10
3 16 4.75 30.55 -10 2.65 30.65 -10 5.45 30.85 -10
3 16 4.05 30.1 -10 2.65 30.65 -10 4.75 30.55 -10
3 16 10 31 -10 6 31 -10 0 32 -10
4 16 12.2 31 -10 10 31 -10 0 32 -10 10 32 -10
3 16 12.8 31 -10 12.2 31 -10 10 32 -10
4 16 13.35 31 -10 12.8 31 -10 10 32 -10 19 32 -10
3 16 16.75 31 -10 13.35 31 -10 19 32 -10
3 16 18 31 -10 16.75 31 -10 19 32 -10
4 16 18 30.07 -10 18 31 -10 19 32 -10 19 29 -10
3 16 19 29 -10 18 29.538 -10 18 30.07 -10
3 16 19 29 -10 18 29 -10 18 29.538 -10
3 16 17.722 27.419 -10 18 29 -10 19 29 -10
3 16 17.596 26.706 -10 17.722 27.419 -10 19 29 -10
3 16 17.49 26.103 -10 17.596 26.706 -10 19 29 -10
3 16 17.38 25.478 -10 17.49 26.103 -10 19 29 -10
3 16 17.28 24.909 -10 17.38 25.478 -10 19 29 -10
3 16 17.16 24.225 -10 17.28 24.909 -10 19 29 -10
3 16 17.061 23.664 -10 17.16 24.225 -10 19 29 -10
3 16 16.971 23.153 -10 17.061 23.664 -10 19 29 -10
3 16 16.873 22.592 -10 16.971 23.153 -10 19 29 -10
3 16 16.754 21.919 -10 16.873 22.592 -10 19 29 -10
4 16 16.654 21.347 -10 16.754 21.919 -10 19 29 -10 17 20 -10
4 16 14.532 9.285 -10 16.654 21.347 -10 17 20 -10 14.345 2 -10
3 16 14.345 2 -10 13.25 2 -10 13.594 3.958 -10
3 16 14.345 2 -10 13.594 3.958 -10 13.656 4.308 -10
3 16 14.345 2 -10 13.656 4.308 -10 14.369 8.361 -10
3 16 14.345 2 -10 14.369 8.361 -10 14.532 9.285 -10
3 16 14.345 2 -10 17 20 -10 19 29 -10
3 16 -14.345 2 -10 -19 29 -10 -17 20 -10
3 16 -12 0 -10 -9.4 1 -10 -8.85 1 -10
3 16 -12 0 -10 -8.85 1 -10 -8.15 1 -10
3 16 -12 0 -10 -8.15 1 -10 -6.9 1 -10
4 16 -12 0 -10 -6.9 1 -10 -5.95 1 -10 -6 0 -10
4 16 8.45 1 -10 9 1 -10 12 0 -10 6 0 -10
4 16 -7.05 2.6 -10 -7.35 2.5 -10 -7.35 2.7 -10 -7 3.5 -10
4 16 -6.55 3 -10 -7.05 2.6 -10 -7 3.5 -10 -6.15 5.2 -10
4 16 -5.25 3.9 -10 -6.55 3 -10 -6.15 5.2 -10 -5.5 6.45 -10
4 16 -5.25 3.9 -10 -5.5 6.45 -10 -4.45 6.2 -10 -3.8 4.8 -10
4 16 -3.05 5.3 -10 -3.8 4.8 -10 -4.45 6.2 -10 -2.8 5.6 -10
4 16 -2.6 5.95 -10 -2.8 5.6 -10 -4.45 6.2 -10 -2.876 6.674 -10
3 16 -4.45 6.2 -10 -5.5 6.45 -10 -4.75 6.8 -10
3 16 -5.5 6.45 -10 -4.9 7.25 -10 -4.75 6.8 -10
4 16 4.05 4.3 -10 4.15 3.85 -10 3.3 4.25 -10 3.8 5.1 -10
4 16 3.8 5.1 -10 3.3 4.25 -10 2.55 4.8 -10 3.25 6.85 -10
4 16 3.25 6.85 -10 2.55 4.8 -10 1.8 5.5 -10 1.737 6.915 -10
4 16 3.55 7 -10 3 8.3 -10 4.15 8.35 -10 5.15 6.65 -10
4 16 4.15 5.6 -10 3.55 7 -10 5.15 6.65 -10 4.5 4.8 -10
4 16 4.5 4.8 -10 5.15 6.65 -10 6.1 4.95 -10 4.9 3.9 -10
4 16 5.25 3.3 -10 4.9 3.9 -10 6.1 4.95 -10 6.85 3.4 -10
4 16 5.6 2.9 -10 5.25 3.3 -10 6.85 3.4 -10 6.15 2.4 -10
4 16 6.8 1.95 -10 6.15 2.4 -10 6.85 3.4 -10 7.35 2.1 -10
4 16 7.1 1.85 -10 6.8 1.95 -10 7.35 2.1 -10 7.35 1.85 -10
4 16 3.15 9.85 -10 4.15 8.35 -10 3 8.3 -10 1.544 9.5 -10
4 16 -2.635 6.513 -10 -2.55 6.45 -10 -2.6 5.95 -10 -2.876 6.674 -10
4 16 -3.037 6.915 -10 -2.876 6.674 -10 -4.45 6.2 -10 -4.35 6.75 -10
4 16 -3.094 7.2 -10 -3.037 6.915 -10 -4.35 6.75 -10 -4.35 7.35 -10
4 16 -3.037 7.485 -10 -3.094 7.2 -10 -4.35 7.35 -10 -4.3 8.4 -10
4 16 -2.876 7.726 -10 -3.037 7.485 -10 -4.3 8.4 -10 -2.576 8.974 -10
4 16 -2.635 7.887 -10 -2.876 7.726 -10 -2.576 8.974 -10 -2.335 8.813 -10
4 16 -2.35 7.944 -10 -2.635 7.887 -10 -2.335 8.813 -10 -2.05 8.756 -10
4 16 -1.85 7.95 -10 -2.35 7.944 -10 -2.05 8.756 -10 -1.8 8.75 -10
3 16 -4.3 8.4 -10 -2.737 9.215 -10 -2.576 8.974 -10
4 16 -2.794 9.5 -10 -2.737 9.215 -10 -4.3 8.4 -10 -3.25 10 -10
3 16 -2.794 9.5 -10 -3.25 10 -10 -2.737 9.785 -10
3 16 -2.737 9.785 -10 -3.25 10 -10 -2.576 10.026 -10
4 16 -2.335 10.187 -10 -2.576 10.026 -10 -3.25 10 -10 -1.8 11.9 -10
4 16 -2.05 10.244 -10 -2.335 10.187 -10 -1.8 11.9 -10 .8 12.95 -10
3 16 .8 10.244 -10 -2.05 10.244 -10 .8 12.95 -10
4 16 1.085 10.187 -10 .8 10.244 -10 .8 12.95 -10 1.95 11.5 -10
3 16 1.326 10.026 -10 1.085 10.187 -10 1.95 11.5 -10
4 16 1.487 9.785 -10 1.326 10.026 -10 1.95 11.5 -10 3.15 9.85 -10
3 16 1.544 9.5 -10 1.487 9.785 -10 3.15 9.85 -10
3 16 -1.8 11.9 -10 -.1 14 -10 .8 12.95 -10
4 16 .4 7.95 -10 .3 8.75 -10 .8 8.756 -10 1.05 7.944 -10
4 16 1.05 7.944 -10 .8 8.756 -10 1.085 8.813 -10 1.335 7.887 -10
4 16 1.335 7.887 -10 1.085 8.813 -10 1.326 8.974 -10 1.576 7.726 -10
4 16 1.576 7.726 -10 1.326 8.974 -10 1.487 9.215 -10 3 8.3 -10
3 16 3 8.3 -10 1.487 9.215 -10 1.544 9.5 -10
4 16 1.737 7.485 -10 1.576 7.726 -10 3 8.3 -10 3.25 6.85 -10
3 16 3.25 6.85 -10 1.794 7.2 -10 1.737 7.485 -10
3 16 3.25 6.85 -10 1.737 6.915 -10 1.794 7.2 -10
4 16 1.4 5.9 -10 1.05 6.45 -10 1.335 6.513 -10 1.8 5.5 -10
3 16 1.8 5.5 -10 1.335 6.513 -10 1.576 6.674 -10
3 16 1.8 5.5 -10 1.576 6.674 -10 1.737 6.915 -10
3 16 -6 0 -10 -5.95 1 -10 -5.75 1 -10
3 16 -6 0 -10 -5.75 1 -10 -5.35 1 -10
3 16 -6 0 -10 -5.35 1 -10 -4.75 1 -10
3 16 -6 0 -10 -4.75 1 -10 -4.35 1 -10
3 16 -6 0 -10 -4.35 1 -10 -4.1 1 -10
3 16 -6 0 -10 -4.1 1 -10 -3.7 1 -10
3 16 -6 0 -10 -3.7 1 -10 -3.1 1 -10
3 16 -6 0 -10 -3.1 1 -10 -2.7 1 -10
3 16 -6 0 -10 -2.7 1 -10 -2.45 1 -10
4 16 -6 0 -10 -2.45 1 -10 -2.05 1 -10 0 0 -10
3 16 0 0 -10 -2.05 1 -10 -1.45 1 -10
3 16 0 0 -10 -1.45 1 -10 -1.05 1 -10
3 16 0 0 -10 -1.05 1 -10 -.8 1 -10
3 16 0 0 -10 -.8 1 -10 -.4 1 -10
3 16 0 0 -10 -.4 1 -10 .2 1 -10
3 16 0 0 -10 .2 1 -10 .6 1 -10
3 16 0 0 -10 .6 1 -10 .85 1 -10
3 16 0 0 -10 .85 1 -10 1.25 1 -10
3 16 0 0 -10 1.25 1 -10 1.85 1 -10
3 16 0 0 -10 1.85 1 -10 2.25 1 -10
3 16 0 0 -10 2.25 1 -10 2.5 1 -10
4 16 0 0 -10 2.5 1 -10 2.9 1 -10 6 0 -10
3 16 6 0 -10 2.9 1 -10 3.5 1 -10
3 16 6 0 -10 3.5 1 -10 3.9 1 -10
3 16 6 0 -10 3.9 1 -10 4.15 1 -10
3 16 6 0 -10 4.15 1 -10 4.55 1 -10
3 16 6 0 -10 4.55 1 -10 4.8 1 -10
3 16 6 0 -10 4.8 1 -10 5.8 1 -10
3 16 6 0 -10 5.8 1 -10 7.15 1 -10
3 16 6 0 -10 7.15 1 -10 8.45 1 -10
4 70 -14.85 23.65 -10 -15.1 24.1 -10 -12.45 24.6 -10 -12.5 24.1 -10
4 70 -9.7 24.45 -10 -12.5 24.1 -10 -12.45 24.6 -10 -10 24.95 -10
4 70 -9.7 24.45 -10 -10 24.95 -10 -8.9 25.05 -10 -8.8 24.55 -10
4 70 -8.8 24.55 -10 -8.7 24.95 -10 -8.65 24.8 -10 -8.7 24.65 -10
3 70 -8.8 24.55 -10 -8.9 25.05 -10 -8.7 24.95 -10
4 70 -13 26.35 -10 -15.65 25.9 -10 -15.05 26.6 -10 -12.45 27 -10
4 70 -10.3 26.65 -10 -13 26.35 -10 -12.45 27 -10 -10.15 27.2 -10
4 70 -8.75 26.8 -10 -10.3 26.65 -10 -10.15 27.2 -10 -8.75 27.2 -10
4 70 -8.75 26.8 -10 -8.75 27.2 -10 -8.6 27.1 -10 -8.6 26.9 -10
3 70 -.692 24.949 -10 -.734 25.467 -10 -.288 25.183 -10
4 70 -.526 24.133 -10 -.64 24.616 -10 0 25 -10 -.413 23.839 -10
4 70 -.285 23.621 -10 -.413 23.839 -10 0 25 -10 -.145 23.487 -10
4 70 0 23.442 -10 -.145 23.487 -10 0 25 -10 .145 23.487 -10
4 70 0 25.35 -10 -.467 25.65 -10 0 25.95 -10 .467 25.65 -10
3 70 -.743 25.827 -10 -.719 26.367 -10 -.288 26.117 -10
4 70 -2.8 25.45 -10 -2.8 25.85 -10 -2.65 26.15 -10 -2.65 25.15 -10
4 70 -2.65 25.15 -10 -2.65 26.15 -10 -2.35 26.4 -10 -2.35 24.9 -10
4 70 -2.2 24.9 -10 -2.35 24.9 -10 -2.35 26.4 -10 -2.2 26.4 -10
3 70 -2.2 24.9 -10 -2.2 26.4 -10 -1.021 25.65 -10
3 70 -4.4 23.7 -10 -3.6 24.6 -10 -3.2 23.95 -10
3 70 -2.85 23.65 -10 -4.4 23.7 -10 -3.2 23.95 -10
4 70 -4.4 23.7 -10 -2.85 23.65 -10 -2.65 23.6 -10 -.7 22.6 -10
4 70 -.7 22.6 -10 -.206 23.105 -10 0 23.052 -10 0 22.55 -10
3 70 -.7 22.6 -10 -.405 23.261 -10 -.206 23.105 -10
4 70 -.588 23.515 -10 -.405 23.261 -10 -.7 22.6 -10 -2.25 23.65 -10
3 70 -.588 23.515 -10 -2.25 23.65 -10 -.748 23.857 -10
3 70 -2.25 23.65 -10 -.916 24.45 -10 -.748 23.857 -10
3 70 -.7 22.6 -10 -2.45 23.6 -10 -2.25 23.65 -10
3 70 -.7 22.6 -10 -2.65 23.6 -10 -2.45 23.6 -10
3 70 -4.4 23.7 -10 -3.8 25.25 -10 -3.6 24.6 -10
4 70 -3.85 25.65 -10 -3.8 25.25 -10 -4.4 23.7 -10 -4.4 27.6 -10
3 70 -3.85 25.65 -10 -4.4 27.6 -10 -3.8 26.05 -10
3 70 -3.8 26.05 -10 -4.4 27.6 -10 -3.6 26.7 -10
3 70 -3.6 26.7 -10 -4.4 27.6 -10 -3.2 27.35 -10
3 70 -3.2 27.35 -10 -4.4 27.6 -10 -2.85 27.65 -10
4 70 -.206 28.495 -10 -.55 29.15 -10 0 29.2 -10 0 28.548 -10
3 70 -.405 28.339 -10 -.55 29.15 -10 -.206 28.495 -10
4 70 -.55 29.15 -10 -.405 28.339 -10 -.588 28.085 -10 -2.25 27.65 -10
3 70 -2.25 27.65 -10 -.588 28.085 -10 -.748 27.743 -10
3 70 -.88 27.327 -10 -2.25 27.65 -10 -.748 27.743 -10
3 70 -.971 26.883 -10 -2.25 27.65 -10 -.88 27.327 -10
4 70 0 26.3 -10 -.686 26.712 -10 -.619 27.11 -10 -.526 27.467 -10
4 70 0 26.3 -10 -.526 27.467 -10 -.413 27.761 -10 -.285 27.979 -10
4 70 0 26.3 -10 -.285 27.979 -10 -.145 28.113 -10 0 28.158 -10
4 70 -1.014 26.538 -10 -1.049 26.025 -10 -2.1 26.7 -10 -2.5 27.4 -10
4 70 -2.5 27.4 -10 -2.1 26.7 -10 -2.25 26.75 -10 -2.7 27.35 -10
4 70 -2.7 27.35 -10 -2.25 26.75 -10 -2.45 26.7 -10 -2.95 27.15 -10
4 70 -2.95 27.15 -10 -2.45 26.7 -10 -2.75 26.45 -10 -3.25 26.65 -10
4 70 -3.25 26.65 -10 -2.75 26.45 -10 -3 26.15 -10 -3.45 26.05 -10
4 70 -3.45 26.05 -10 -3 26.15 -10 -3.1 25.85 -10 -3.5 25.65 -10
4 70 -3.5 25.65 -10 -3.1 25.85 -10 -3.1 25.45 -10 -3.45 25.25 -10
4 70 -3.45 25.25 -10 -3.1 25.45 -10 -3 25.15 -10 -3.25 24.65 -10
4 70 -3.25 24.65 -10 -3 25.15 -10 -2.75 24.85 -10 -2.95 24.15 -10
4 70 -2.95 24.15 -10 -2.75 24.85 -10 -2.45 24.6 -10 -2.7 23.95 -10
4 70 -2.5 23.9 -10 -2.7 23.95 -10 -2.45 24.6 -10 -2.25 24.55 -10
4 70 -2.5 23.9 -10 -2.25 24.55 -10 -2.1 24.6 -10 -.981 24.781 -10
3 70 -2.1 24.6 -10 -1.038 25.282 -10 -.981 24.781 -10
3 70 -2.25 27.65 -10 -2.45 27.7 -10 -.55 29.15 -10
3 70 -2.45 27.7 -10 -2.65 27.7 -10 -.55 29.15 -10
4 70 -.55 29.15 -10 -2.65 27.7 -10 -2.85 27.65 -10 -4.4 27.6 -10
4 70 -17.2 28.25 -10 -17.25 28.75 -10 -16.7 28.6 -10 -16.6 28.25 -10
3 70 -16.6 28.25 -10 -16.7 28.6 -10 -16.1 28.3 -10
4 70 -16.7 29.35 -10 -17.4 29.5 -10 -17.4 29.95 -10 -17.15 30.4 -10
4 70 -15.65 28.95 -10 -16.7 29.35 -10 -17.15 30.4 -10 -16.75 31 -10
4 70 -15.15 28.65 -10 -15.65 28.95 -10 -16.75 31 -10 -14.85 28.6 -10
4 70 -14.6 28.75 -10 -14.85 28.6 -10 -16.75 31 -10 -13.9 29.85 -10
3 70 -13.9 29.85 -10 -16.75 31 -10 -13.35 31 -10
4 70 -12.8 31 -10 -12.2 31 -10 -11.75 30.75 -10 -13.05 30.25 -10
4 70 -13.05 30.25 -10 -11.75 30.75 -10 -11.1 30.55 -10 -13.55 29.4 -10
4 70 -13.55 29.4 -10 -11.1 30.55 -10 -12.25 28.55 -10 -13 28.45 -10
4 70 -13.55 29.4 -10 -13 28.45 -10 -13.5 28.55 -10 -13.8 29 -10
3 70 -13.5 28.55 -10 -13.8 28.8 -10 -13.8 29 -10
4 70 -11.4 28.75 -10 -12.25 28.55 -10 -11.1 30.55 -10 -10.85 29 -10
4 70 -10.55 29.45 -10 -10.85 29 -10 -11.1 30.55 -10 -10.4 30.45 -10
4 70 -10.25 30.15 -10 -10.55 29.45 -10 -10.4 30.45 -10 -10.25 30.4 -10
4 70 -9 30.45 -10 -9.3 30.4 -10 -9.35 30.65 -10 -8.95 30.65 -10
3 70 -8.55 30.45 -10 -9 30.45 -10 -8.95 30.65 -10
4 70 -6.65 30.4 -10 -7.2 30.45 -10 -7.2 30.7 -10 -6.35 30.65 -10
4 70 -6.15 30.25 -10 -6.65 30.4 -10 -6.35 30.65 -10 -5.9 30.55 -10
4 70 -5.4 29.7 -10 -5.8 30 -10 -5.35 30.25 -10 -5.05 29.85 -10
4 70 12.45 24.6 -10 15.1 24.1 -10 14.85 23.65 -10 12.5 24.1 -10
4 70 12.45 24.6 -10 12.5 24.1 -10 9.7 24.45 -10 10 24.95 -10
4 70 8.9 25.05 -10 10 24.95 -10 9.7 24.45 -10 8.8 24.55 -10
4 70 8.65 24.8 -10 8.7 24.95 -10 8.8 24.55 -10 8.7 24.65 -10
3 70 8.8 24.55 -10 8.7 24.95 -10 8.9 25.05 -10
4 70 15.05 26.6 -10 15.65 25.9 -10 13 26.35 -10 12.45 27 -10
4 70 12.45 27 -10 13 26.35 -10 10.3 26.65 -10 10.15 27.2 -10
4 70 10.15 27.2 -10 10.3 26.65 -10 8.75 26.8 -10 8.75 27.2 -10
4 70 8.6 27.1 -10 8.75 27.2 -10 8.75 26.8 -10 8.6 26.9 -10
3 70 .692 24.949 -10 .288 25.183 -10 .734 25.467 -10
4 70 0 25 -10 .64 24.616 -10 .526 24.133 -10 .413 23.839 -10
4 70 0 25 -10 .413 23.839 -10 .285 23.621 -10 .145 23.487 -10
3 70 .743 25.827 -10 .288 26.117 -10 .719 26.367 -10
4 70 2.65 26.15 -10 2.8 25.85 -10 2.8 25.45 -10 2.65 25.15 -10
4 70 2.35 26.4 -10 2.65 26.15 -10 2.65 25.15 -10 2.35 24.9 -10
4 70 2.35 26.4 -10 2.35 24.9 -10 2.2 24.9 -10 2.2 26.4 -10
3 70 2.2 24.9 -10 1.021 25.65 -10 2.2 26.4 -10
3 70 4.4 23.7 -10 3.2 23.95 -10 3.6 24.6 -10
3 70 2.85 23.65 -10 3.2 23.95 -10 4.4 23.7 -10
4 70 2.65 23.6 -10 2.85 23.65 -10 4.4 23.7 -10 .7 22.6 -10
4 70 0 23.052 -10 .206 23.105 -10 .7 22.6 -10 0 22.55 -10
3 70 .7 22.6 -10 .206 23.105 -10 .405 23.261 -10
4 70 .7 22.6 -10 .405 23.261 -10 .588 23.515 -10 2.25 23.65 -10
3 70 .588 23.515 -10 .748 23.857 -10 2.25 23.65 -10
3 70 2.25 23.65 -10 .748 23.857 -10 .916 24.45 -10
3 70 .7 22.6 -10 2.25 23.65 -10 2.45 23.6 -10
3 70 .7 22.6 -10 2.45 23.6 -10 2.65 23.6 -10
3 70 4.4 23.7 -10 3.6 24.6 -10 3.8 25.25 -10
4 70 4.4 23.7 -10 3.8 25.25 -10 3.85 25.65 -10 4.4 27.6 -10
3 70 3.85 25.65 -10 3.8 26.05 -10 4.4 27.6 -10
3 70 3.8 26.05 -10 3.6 26.7 -10 4.4 27.6 -10
3 70 3.6 26.7 -10 3.2 27.35 -10 4.4 27.6 -10
3 70 3.2 27.35 -10 2.85 27.65 -10 4.4 27.6 -10
4 70 0 29.2 -10 .55 29.15 -10 .206 28.495 -10 0 28.548 -10
3 70 .405 28.339 -10 .206 28.495 -10 .55 29.15 -10
4 70 .588 28.085 -10 .405 28.339 -10 .55 29.15 -10 2.25 27.65 -10
3 70 2.25 27.65 -10 .748 27.743 -10 .588 28.085 -10
3 70 .88 27.327 -10 .748 27.743 -10 2.25 27.65 -10
3 70 .971 26.883 -10 .88 27.327 -10 2.25 27.65 -10
4 70 .619 27.11 -10 .686 26.712 -10 0 26.3 -10 .526 27.467 -10
4 70 .413 27.761 -10 .526 27.467 -10 0 26.3 -10 .285 27.979 -10
4 70 .145 28.113 -10 .285 27.979 -10 0 26.3 -10 0 28.158 -10
4 70 2.1 26.7 -10 1.049 26.025 -10 1.014 26.538 -10 2.5 27.4 -10
4 70 2.25 26.75 -10 2.1 26.7 -10 2.5 27.4 -10 2.7 27.35 -10
4 70 2.45 26.7 -10 2.25 26.75 -10 2.7 27.35 -10 2.95 27.15 -10
4 70 2.75 26.45 -10 2.45 26.7 -10 2.95 27.15 -10 3.25 26.65 -10
4 70 3 26.15 -10 2.75 26.45 -10 3.25 26.65 -10 3.45 26.05 -10
4 70 3.1 25.85 -10 3 26.15 -10 3.45 26.05 -10 3.5 25.65 -10
4 70 3.1 25.45 -10 3.1 25.85 -10 3.5 25.65 -10 3.45 25.25 -10
4 70 3 25.15 -10 3.1 25.45 -10 3.45 25.25 -10 3.25 24.65 -10
4 70 2.75 24.85 -10 3 25.15 -10 3.25 24.65 -10 2.95 24.15 -10
4 70 2.45 24.6 -10 2.75 24.85 -10 2.95 24.15 -10 2.7 23.95 -10
4 70 2.45 24.6 -10 2.7 23.95 -10 2.5 23.9 -10 2.25 24.55 -10
4 70 2.1 24.6 -10 2.25 24.55 -10 2.5 23.9 -10 .981 24.781 -10
3 70 2.1 24.6 -10 .981 24.781 -10 1.038 25.282 -10
3 70 2.25 27.65 -10 .55 29.15 -10 2.45 27.7 -10
3 70 2.65 27.7 -10 2.45 27.7 -10 .55 29.15 -10
4 70 2.85 27.65 -10 2.65 27.7 -10 .55 29.15 -10 4.4 27.6 -10
4 70 16.7 28.6 -10 17.25 28.75 -10 17.2 28.25 -10 16.6 28.25 -10
3 70 16.6 28.25 -10 16.1 28.3 -10 16.7 28.6 -10
4 70 17.4 29.95 -10 17.4 29.5 -10 16.7 29.35 -10 17.15 30.4 -10
4 70 17.15 30.4 -10 16.7 29.35 -10 15.65 28.95 -10 16.75 31 -10
4 70 16.75 31 -10 15.65 28.95 -10 15.15 28.65 -10 14.85 28.6 -10
4 70 16.75 31 -10 14.85 28.6 -10 14.6 28.75 -10 13.9 29.85 -10
3 70 13.9 29.85 -10 13.35 31 -10 16.75 31 -10
4 70 11.75 30.75 -10 12.2 31 -10 12.8 31 -10 13.05 30.25 -10
4 70 11.1 30.55 -10 11.75 30.75 -10 13.05 30.25 -10 13.55 29.4 -10
4 70 12.25 28.55 -10 11.1 30.55 -10 13.55 29.4 -10 13 28.45 -10
4 70 13.5 28.55 -10 13 28.45 -10 13.55 29.4 -10 13.8 29 -10
3 70 13.5 28.55 -10 13.8 29 -10 13.8 28.8 -10
4 70 11.1 30.55 -10 12.25 28.55 -10 11.4 28.75 -10 10.85 29 -10
4 70 11.1 30.55 -10 10.85 29 -10 10.55 29.45 -10 10.4 30.45 -10
4 70 10.4 30.45 -10 10.55 29.45 -10 10.25 30.15 -10 10.25 30.4 -10
4 70 9.35 30.65 -10 9.3 30.4 -10 9 30.45 -10 8.95 30.65 -10
3 70 9 30.45 -10 8.55 30.45 -10 8.95 30.65 -10
4 70 7.2 30.7 -10 7.2 30.45 -10 6.65 30.4 -10 6.35 30.65 -10
4 70 6.35 30.65 -10 6.65 30.4 -10 6.15 30.25 -10 5.9 30.55 -10
4 70 5.35 30.25 -10 5.8 30 -10 5.4 29.7 -10 5.05 29.85 -10
4 70 6.05 20.7 -10 5.55 21.3 -10 5.95 21.4 -10 6.55 20.8 -10
4 70 7.05 19.4 -10 6.05 20.7 -10 6.55 20.8 -10 7.8 19.15 -10
4 70 7.9 18.2 -10 7.05 19.4 -10 7.8 19.15 -10 9.4 16.85 -10
3 70 9.4 16.85 -10 8.8 16.9 -10 7.9 18.2 -10
4 70 9.8 15.4 -10 8.8 16.9 -10 9.4 16.85 -10 10.8 14.55 -10
3 70 10.5 14.25 -10 9.8 15.4 -10 10.8 14.55 -10
4 70 11.45 12.65 -10 10.5 14.25 -10 10.8 14.55 -10 12.35 11.95 -10
4 70 12.35 11 -10 11.45 12.65 -10 12.35 11.95 -10 13.05 9.75 -10
4 70 13.05 9.75 -10 12.35 11.95 -10 14.369 8.361 -10 13.8 8.4 -10
3 70 -14.274 7.823 -10 -14.44 8.766 -10 -14.05 8.4 -10
4 70 -13.55 9.4 -10 -14.05 8.4 -10 -14.44 8.766 -10 -13.7 9.95 -10
4 70 -13 10.25 -10 -13.55 9.4 -10 -13.7 9.95 -10 -12.5 12.05 -10
4 70 -12.1 11.8 -10 -13 10.25 -10 -12.5 12.05 -10 -11.15 13.55 -10
4 70 -11.15 13.55 -10 -12.5 12.05 -10 -11.15 14.55 -10 -10.65 14.45 -10
4 70 -10.65 14.45 -10 -11.15 14.55 -10 -9.8 16.7 -10 -9.4 16.3 -10
4 70 -8.35 17.8 -10 -9.4 16.3 -10 -9.8 16.7 -10 -8.15 18.95 -10
4 70 -7.45 19 -10 -8.35 17.8 -10 -8.15 18.95 -10 -6.9 20.5 -10
3 70 -7.45 19 -10 -6.9 20.5 -10 -6.6 20.3 -10
4 70 -5.4 20.35 -10 -6.3 21.2 -10 -5.85 21.5 -10 -4.85 20.6 -10
4 70 -4.2 19.2 -10 -5.4 20.35 -10 -4.85 20.6 -10 -3.7 19.8 -10
4 70 -4.2 19.2 -10 -3.7 19.8 -10 -3 19.5 -10 -3.1 18.1 -10
4 70 -3.1 18.1 -10 -3 19.5 -10 -2.3 19.35 -10 -2.25 18.15 -10
4 70 -3.1 18.1 -10 -2.25 18.15 -10 -2.1 17.75 -10 -1.9 16.85 -10
4 70 -1.9 16.85 -10 -2.1 17.75 -10 -1.8 17.4 -10 -.8 15.7 -10
4 70 -.8 15.7 -10 -1.8 17.4 -10 -.05 15.5 -10 .2 14.5 -10
4 70 14.85 23.65 -10 15.1 24.1 -10 17.061 23.664 -10 16.971 23.153 -10
4 70 15.65 25.9 -10 15.05 26.6 -10 17.49 26.103 -10 17.38 25.478 -10
4 70 18 29.538 -10 17.4 29.5 -10 17.4 29.95 -10 18 30.07 -10
4 70 -16.971 23.153 -10 -17.061 23.664 -10 -15.1 24.1 -10 -14.85 23.65 -10
4 70 -15.65 25.9 -10 -17.38 25.478 -10 -17.49 26.103 -10 -15.05 26.6 -10
4 70 -18 29.538 -10 -18 30.07 -10 -17.4 29.95 -10 -17.4 29.5 -10
4 70 5.8 30 -10 5.35 30.25 -10 5.9 30.55 -10 6.15 30.25 -10
4 70 -5.8 30 -10 -6.15 30.25 -10 -5.9 30.55 -10 -5.35 30.25 -10
4 70 -8.85 1 -10 -9.4 1 -10 -8.95 1.75 -10 -8.25 2.15 -10
4 70 -8.25 2.15 -10 -8.95 1.75 -10 -8.15 3.4 -10 -7.55 3.6 -10
4 70 -7.55 3.6 -10 -8.15 3.4 -10 -7.4 5.05 -10 -6.8 5.2 -10
4 70 -6.8 5.2 -10 -7.4 5.05 -10 -6.9 6.05 -10 -6 6.75 -10
4 70 -6 6.75 -10 -6.9 6.05 -10 -6.3 7.1 -10 -5.25 7.95 -10
4 70 -5.25 7.95 -10 -6.3 7.1 -10 -5.35 8.75 -10 -3.7 10.25 -10
4 70 -3.7 10.25 -10 -5.35 8.75 -10 -4.25 10.3 -10 -2.95 12 -10
4 70 -2.3 12.2 -10 -3.7 10.25 -10 -2.95 12 -10 -2 13.2 -10
4 70 -.4 14.4 -10 -2.3 12.2 -10 -2 13.2 -10 -.7 14.7 -10
4 70 .2 14.5 -10 -.05 15.5 -10 1.2 14.05 -10 1.4 13.05 -10
4 70 1.4 13.05 -10 1.2 14.05 -10 2.05 12.95 -10 2.55 11.6 -10
4 70 2.55 11.6 -10 2.05 12.95 -10 3 11.8 -10 3.9 10.5 -10
4 70 3.75 9.95 -10 2.55 11.6 -10 3.9 10.5 -10 4.6 9.45 -10
4 70 4.65 8.5 -10 3.75 9.95 -10 4.6 9.45 -10 5.7 7.7 -10
4 70 5.65 6.8 -10 4.65 8.5 -10 5.7 7.7 -10 6.55 6.15 -10
4 70 6.7 4.85 -10 5.65 6.8 -10 6.55 6.15 -10 7.25 4.8 -10
4 70 7.5 3.2 -10 6.7 4.85 -10 7.25 4.8 -10 7.9 3.4 -10
4 70 8.15 1.75 -10 7.5 3.2 -10 7.9 3.4 -10 8.55 2 -10
4 70 8.45 1 -10 8.15 1.75 -10 8.55 2 -10 9 1 -10
4 70 -2.264 9.411 -10 -2.282 9.5 -10 -2.264 9.589 -10 -2.214 9.664 -10
4 70 -2.214 9.336 -10 -2.264 9.411 -10 -2.214 9.664 -10 -2.139 9.286 -10
4 70 -2.139 9.286 -10 -2.214 9.664 -10 -2.139 9.714 -10 -2.05 9.732 -10
4 70 -2.05 9.268 -10 -2.139 9.286 -10 -2.05 9.732 -10 .8 9.268 -10
4 70 .8 9.268 -10 -2.05 9.732 -10 .8 9.732 -10 .889 9.714 -10
4 70 .889 9.286 -10 .8 9.268 -10 .889 9.714 -10 .964 9.336 -10
4 70 .964 9.336 -10 .889 9.714 -10 .964 9.664 -10 1.014 9.589 -10
4 70 1.014 9.411 -10 .964 9.336 -10 1.014 9.589 -10 1.032 9.5 -10
4 70 -2.564 7.111 -10 -2.582 7.2 -10 -2.564 7.289 -10 -2.514 7.364 -10
4 70 -2.514 7.036 -10 -2.564 7.111 -10 -2.514 7.364 -10 -2.439 6.986 -10
4 70 -2.439 6.986 -10 -2.514 7.364 -10 -2.439 7.414 -10 -2.35 7.432 -10
4 70 -2.35 6.968 -10 -2.439 6.986 -10 -2.35 7.432 -10 1.05 6.968 -10
4 70 1.05 6.968 -10 -2.35 7.432 -10 1.05 7.432 -10 1.139 7.414 -10
4 70 1.139 6.986 -10 1.05 6.968 -10 1.139 7.414 -10 1.214 7.036 -10
4 70 1.214 7.036 -10 1.139 7.414 -10 1.214 7.364 -10 1.264 7.289 -10
4 70 1.264 7.111 -10 1.214 7.036 -10 1.264 7.289 -10 1.282 7.2 -10
4 80 -1.05 1 -10 -1.45 1 -10 -1.35 1.45 -10 -.9 1.45 -10
4 80 -.9 1.45 -10 -1.35 1.45 -10 -1.05 1.9 -10 -.65 1.8 -10
4 80 -.65 1.8 -10 -1.05 1.9 -10 -.6 2.25 -10 -.25 2 -10
3 80 -.25 2 -10 -.6 2.25 -10 -.2 2.3 -10
4 80 -.4 1 -10 -.8 1 -10 -.65 1.35 -10 -.25 1.15 -10
4 80 -.25 1.15 -10 -.65 1.35 -10 -.3 1.6 -10 .1 1.45 -10
4 80 .1 1.45 -10 -.3 1.6 -10 -.1 1.85 -10 .3 1.85 -10
4 80 .3 1.85 -10 -.1 1.85 -10 0 2.1 -10 .35 2.35 -10
3 80 0 2.1 -10 0 2.3 -10 .35 2.35 -10
4 80 .6 1 -10 .2 1 -10 .3 1.45 -10 .75 1.45 -10
4 80 .75 1.45 -10 .3 1.45 -10 .6 1.9 -10 1 1.8 -10
4 80 1 1.8 -10 .6 1.9 -10 1.05 2.25 -10 1.4 2 -10
3 80 1.4 2 -10 1.05 2.25 -10 1.45 2.3 -10
4 80 1.25 1 -10 .85 1 -10 1 1.35 -10 1.4 1.15 -10
4 80 1.4 1.15 -10 1 1.35 -10 1.35 1.6 -10 1.75 1.45 -10
4 80 1.75 1.45 -10 1.35 1.6 -10 1.55 1.85 -10 1.95 1.85 -10
4 80 1.95 1.85 -10 1.55 1.85 -10 1.65 2.1 -10 2 2.35 -10
3 80 1.65 2.1 -10 1.65 2.3 -10 2 2.35 -10
4 80 2.25 1 -10 1.85 1 -10 1.95 1.45 -10 2.4 1.45 -10
4 80 2.4 1.45 -10 1.95 1.45 -10 2.25 1.9 -10 2.65 1.8 -10
4 80 2.65 1.8 -10 2.25 1.9 -10 2.7 2.25 -10 3.05 2 -10
4 80 2.9 1 -10 2.5 1 -10 2.65 1.35 -10 3.05 1.15 -10
4 80 3.05 1.15 -10 2.65 1.35 -10 3 1.6 -10 3.4 1.45 -10
4 80 3.4 1.45 -10 3 1.6 -10 3.2 1.85 -10 3.6 1.85 -10
4 80 3.9 1 -10 3.5 1 -10 3.6 1.45 -10 4.05 1.45 -10
4 80 4.55 1 -10 4.15 1 -10 4.3 1.35 -10 4.364 1.396 -10
4 80 -2.7 1 -10 -3.1 1 -10 -3 1.45 -10 -2.55 1.45 -10
4 80 -2.55 1.45 -10 -3 1.45 -10 -2.7 1.9 -10 -2.3 1.8 -10
4 80 -2.3 1.8 -10 -2.7 1.9 -10 -2.25 2.25 -10 -1.9 2 -10
3 80 -1.9 2 -10 -2.25 2.25 -10 -1.85 2.3 -10
4 80 -2.05 1 -10 -2.45 1 -10 -2.3 1.35 -10 -1.9 1.15 -10
4 80 -1.9 1.15 -10 -2.3 1.35 -10 -1.95 1.6 -10 -1.55 1.45 -10
4 80 -1.55 1.45 -10 -1.95 1.6 -10 -1.75 1.85 -10 -1.35 1.85 -10
4 80 -1.35 1.85 -10 -1.75 1.85 -10 -1.65 2.1 -10 -1.3 2.35 -10
3 80 -1.65 2.1 -10 -1.65 2.3 -10 -1.3 2.35 -10
4 80 -4.35 1 -10 -4.75 1 -10 -4.65 1.45 -10 -4.2 1.45 -10
4 80 -4.2 1.45 -10 -4.65 1.45 -10 -4.35 1.9 -10 -3.95 1.8 -10
4 80 -3.95 1.8 -10 -4.35 1.9 -10 -3.9 2.25 -10 -3.55 2 -10
3 80 -3.55 2 -10 -3.9 2.25 -10 -3.5 2.3 -10
4 80 -3.7 1 -10 -4.1 1 -10 -3.95 1.35 -10 -3.55 1.15 -10
4 80 -3.55 1.15 -10 -3.95 1.35 -10 -3.6 1.6 -10 -3.45 1.6 -10
4 80 -3.3 2.1 -10 -3.3 2.3 -10 -2.95 2.35 -10 -3.2 2 -10
4 80 .25 3.65 -10 .55 3.65 -10 .55 3.2 -10 .1 3.2 -10
4 80 -.2 2.4 -10 -.6 2.35 -10 -.55 2.65 -10 -.35 2.75 -10
4 80 -.4 3.65 -10 0 3.65 -10 -.15 3.3 -10 -.55 3.5 -10
4 80 -.55 3.5 -10 -.15 3.3 -10 -.5 3.05 -10 -.9 3.2 -10
4 80 -.9 3.2 -10 -.5 3.05 -10 -.7 2.8 -10 -1.1 2.8 -10
4 80 -1.1 2.8 -10 -.7 2.8 -10 -.8 2.55 -10 -1.15 2.3 -10
3 80 -1.15 2.3 -10 -.8 2.55 -10 -.8 2.35 -10
4 80 .85 2.55 -10 .85 2.35 -10 .5 2.3 -10 .541 2.709 -10
4 80 -2.55 3.2 -10 -2.2 3.5 -10 -2.15 3.05 -10 -2.35 2.8 -10
4 80 -2.75 2.8 -10 -2.55 3.2 -10 -2.35 2.8 -10 -2.378 2.73 -10
4 80 -.35 4.05 -10 .05 4.25 -10 0 3.8 -10 -.4 3.75 -10
4 80 -.7 4.6 -10 -.35 4.9 -10 -.3 4.45 -10 -.5 4.2 -10
4 80 -.9 4.2 -10 -.7 4.6 -10 -.5 4.2 -10 -.6 3.95 -10
4 80 -.95 3.7 -10 -.9 4.2 -10 -.6 3.95 -10 -.6 3.75 -10
4 80 -.2 2.4 -10 -.35 2.75 -10 .15 2.75 -10 .238 2.741 -10
4 80 .25 3.05 -10 -.094 2.929 -10 .1 3.2 -10 .55 3.2 -10
3 80 .25 3.05 -10 .55 3.2 -10 .459 3.063 -10
3 80 .85 2.55 -10 .541 2.709 -10 .898 2.671 -10
4 80 1.05 3.1 -10 .689 3.077 -10 .75 3.2 -10 1.1 3.5 -10
4 80 1.205 3.09 -10 1.05 3.1 -10 1.1 3.5 -10 1.487 3.291 -10
3 80 1.487 3.291 -10 1.1 3.5 -10 1.15 3.55 -10
4 80 1.45 2.4 -10 1.05 2.35 -10 1.1 2.65 -10 1.691 2.588 -10
4 80 2.15 2.3 -10 2.172 2.517 -10 2.5 2.427 -10 2.5 2.35 -10
4 80 3.05 2 -10 2.7 2.25 -10 2.873 2.272 -10 3.079 2.175 -10
4 80 4.05 1.45 -10 3.6 1.45 -10 3.815 1.772 -10 4.136 1.571 -10
3 80 4.55 1 -10 4.364 1.396 -10 4.669 1.119 -10
4 80 3.2 1.85 -10 3.29 2.075 -10 3.45 2 -10 3.6 1.85 -10
3 80 3.6 1.85 -10 3.45 2 -10 3.605 1.903 -10
3 80 1.8 3.05 -10 1.65 3.06 -10 1.699 3.128 -10
3 80 .7 3.7 -10 .718 3.882 -10 .915 3.731 -10
4 80 .427 4.132 -10 0 3.8 -10 .05 4.25 -10 .172 4.421 -10
4 80 -.3 4.45 -10 -.35 4.9 -10 -.291 4.959 -10 -.026 4.646 -10
4 80 -5.35 1 -10 -5.75 1 -10 -5.69 1.14 -10 -5.2 1.15 -10
4 80 -5.2 1.15 -10 -5.69 1.14 -10 -5.3 1.35 -10 -4.85 1.45 -10
3 80 -5.3 1.35 -10 -4.648 1.866 -10 -4.85 1.45 -10
4 80 -3.5 2.4 -10 -3.9 2.35 -10 -3.884 2.447 -10 -3.05 2.75 -10
4 80 -3 3.05 -10 -2.75 3.255 -10 -2.75 3.2 -10 -3.05 2.75 -10
3 80 -3.884 2.447 -10 -3 3.05 -10 -3.05 2.75 -10
4 80 -1.88 3.771 -10 -2.05 3.75 -10 -2.04 3.807 -10 -1.85 3.95 -10
4 80 -2.05 3.65 -10 -1.9 3.65 -10 -1.95 3.35 -10 -2.2 3.5 -10
3 80 -2.15 3.05 -10 -2.2 3.5 -10 -1.95 3.35 -10
4 80 -1.4 2.75 -10 -1.55 3.2 -10 -1.5 3.35 -10 -1.1 3.2 -10
4 80 -1.633 3.083 -10 -1.55 3.2 -10 -1.4 2.75 -10 -1.8 2.75 -10
4 80 -1.8 2.75 -10 -1.4 2.75 -10 -1.85 2.4 -10 -2.193 2.357 -10
4 80 -3.55 1.15 -10 -3.45 1.6 -10 -3.25 1.55 -10 -3.2 1.45 -10
3 80 -3.2 1.45 -10 -3.25 1.55 -10 -3.05 1.75 -10
4 80 -3.45 1.6 -10 -3.6 1.6 -10 -3.4 1.85 -10 -3.2 2 -10
3 80 -3.4 1.85 -10 -3.3 2.1 -10 -3.2 2 -10
3 80 -3.2 2 -10 -2.95 2.35 -10 -2.964 2.206 -10
3 80 -2.795 2.355 -10 -2.75 2.8 -10 -2.378 2.73 -10
3 80 -1.171 4.193 -10 -.9 4.95 -10 -.9 4.6 -10
3 80 -.75 5.1 -10 -.707 5.529 -10 -.421 5.147 -10
4 80 -1.1 3.2 -10 -1.5 3.35 -10 -1.45 3.45 -10 -1.1 3.65 -10
3 80 -1.45 3.45 -10 -1.375 3.65 -10 -1.1 3.65 -10
4 82 -5.9 22.4 -10 -5.05 23.1 -10 -.6 21.95 -10 -.55 21.05 -10
4 82 0 21 -10 -.55 21.05 -10 -.6 21.95 -10 0 21.9 -10
4 82 -.6 29.8 -10 -5.05 28.05 -10 -5.9 28.75 -10 -.55 30.7 -10
4 82 -.6 29.8 -10 -.55 30.7 -10 0 30.75 -10 0 29.85 -10
4 82 -5.9 22.4 -10 -5.9 28.75 -10 -5.05 28.05 -10 -5.05 23.1 -10
4 82 -9.65 22.1 -10 -9.75 22.5 -10 -8.8 22.55 -10 -9.3 21.85 -10
4 82 -8.75 21.7 -10 -9.3 21.85 -10 -8.8 22.55 -10 -7.85 22.7 -10
4 82 -7.25 21.75 -10 -8.75 21.7 -10 -7.85 22.7 -10 -6.85 21.85 -10
4 82 -6.55 22.1 -10 -6.85 21.85 -10 -7.85 22.7 -10 -7.65 22.85 -10
3 82 -6.55 22.1 -10 -7.65 22.85 -10 -7.5 23.15 -10
4 82 -9.8 28.8 -10 -9.9 29.4 -10 -9.6 29.55 -10 -8.85 28.9 -10
4 82 -8.85 28.9 -10 -9.6 29.55 -10 -8.5 29.7 -10 -7.95 28.9 -10
4 82 -7.95 28.9 -10 -8.5 29.7 -10 -7.4 29.75 -10 -7.65 28.8 -10
4 82 -7.65 28.8 -10 -7.4 29.75 -10 -6.9 29.7 -10 -7.5 28.5 -10
4 82 -7.5 28.5 -10 -6.9 29.7 -10 -6.55 29.55 -10 -7.5 26.7 -10
4 82 -.748 23.857 -10 -.526 24.133 -10 -.413 23.839 -10 -.588 23.515 -10
4 82 -.588 23.515 -10 -.413 23.839 -10 -.285 23.621 -10 -.405 23.261 -10
4 82 -.405 23.261 -10 -.285 23.621 -10 -.145 23.487 -10 -.206 23.105 -10
4 82 -.206 23.105 -10 -.145 23.487 -10 0 23.442 -10 0 23.052 -10
4 82 -.88 27.327 -10 -.748 27.743 -10 -.526 27.467 -10 -.619 27.11 -10
4 82 -.413 27.761 -10 -.526 27.467 -10 -.748 27.743 -10 -.588 28.085 -10
4 82 -.285 27.979 -10 -.413 27.761 -10 -.588 28.085 -10 -.405 28.339 -10
4 82 -.145 28.113 -10 -.285 27.979 -10 -.405 28.339 -10 -.206 28.495 -10
4 82 0 28.158 -10 -.145 28.113 -10 -.206 28.495 -10 0 28.548 -10
4 82 -3 25.15 -10 -3.1 25.45 -10 -2.8 25.45 -10 -2.65 25.15 -10
4 82 -2.75 24.85 -10 -3 25.15 -10 -2.65 25.15 -10 -2.45 24.6 -10
4 82 -2.25 24.55 -10 -2.45 24.6 -10 -2.35 24.9 -10 -2.2 24.9 -10
4 82 -2.1 24.6 -10 -2.25 24.55 -10 -2.2 24.9 -10 -1.021 25.65 -10
4 82 -2.8 25.85 -10 -3.1 25.85 -10 -3 26.15 -10 -2.65 26.15 -10
4 82 -2.65 26.15 -10 -3 26.15 -10 -2.75 26.45 -10 -2.35 26.4 -10
4 82 -2.35 26.4 -10 -2.45 26.7 -10 -2.25 26.75 -10 -2.2 26.4 -10
4 82 -2.2 26.4 -10 -2.25 26.75 -10 -2.1 26.7 -10 -1.021 25.65 -10
4 82 -2.8 25.45 -10 -3.1 25.45 -10 -3.1 25.85 -10 -2.8 25.85 -10
3 82 -2.45 24.6 -10 -2.65 25.15 -10 -2.35 24.9 -10
3 82 -2.35 26.4 -10 -2.75 26.45 -10 -2.45 26.7 -10
4 82 -3.8 25.25 -10 -3.85 25.65 -10 -3.5 25.65 -10 -3.45 25.25 -10
4 82 -3.6 24.6 -10 -3.8 25.25 -10 -3.45 25.25 -10 -3.25 24.65 -10
4 82 -3.2 23.95 -10 -3.6 24.6 -10 -3.25 24.65 -10 -2.95 24.15 -10
4 82 -2.85 23.65 -10 -3.2 23.95 -10 -2.95 24.15 -10 -2.7 23.95 -10
4 82 -2.65 23.6 -10 -2.85 23.65 -10 -2.7 23.95 -10 -2.5 23.9 -10
4 82 -2.45 23.6 -10 -2.65 23.6 -10 -2.5 23.9 -10 -2.25 23.65 -10
4 82 -3.5 25.65 -10 -3.85 25.65 -10 -3.8 26.05 -10 -3.45 26.05 -10
4 82 -3.45 26.05 -10 -3.8 26.05 -10 -3.6 26.7 -10 -3.25 26.65 -10
4 82 -3.25 26.65 -10 -3.6 26.7 -10 -3.2 27.35 -10 -2.95 27.15 -10
4 82 -2.95 27.15 -10 -3.2 27.35 -10 -2.85 27.65 -10 -2.7 27.35 -10
4 82 -2.7 27.35 -10 -2.85 27.65 -10 -2.65 27.7 -10 -2.5 27.4 -10
4 82 -2.5 27.4 -10 -2.65 27.7 -10 -2.45 27.7 -10 -2.25 27.65 -10
4 82 -2.25 23.65 -10 -2.5 23.9 -10 -.981 24.781 -10 -.916 24.45 -10
4 82 -.748 23.857 -10 -.916 24.45 -10 -.64 24.616 -10 -.526 24.133 -10
4 82 -.64 24.616 -10 -.916 24.45 -10 -.981 24.781 -10 -.692 24.949 -10
4 82 -.692 24.949 -10 -.288 25.183 -10 0 25 -10 -.64 24.616 -10
4 82 0 25 -10 -.288 25.183 -10 0 25.35 -10 .288 25.183 -10
4 82 0 25.35 -10 -.288 25.183 -10 -.734 25.467 -10 -.467 25.65 -10
4 82 -.734 25.467 -10 -1.021 25.65 -10 -.743 25.827 -10 -.467 25.65 -10
4 82 -.467 25.65 -10 -.743 25.827 -10 -.288 26.117 -10 0 25.95 -10
4 82 0 26.3 -10 0 25.95 -10 -.288 26.117 -10 -.686 26.712 -10
4 82 -.692 24.949 -10 -.981 24.781 -10 -1.038 25.282 -10 -.734 25.467 -10
3 82 -1.038 25.282 -10 -1.021 25.65 -10 -.734 25.467 -10
3 82 -2.1 24.6 -10 -1.021 25.65 -10 -1.038 25.282 -10
3 82 -1.021 25.65 -10 -2.1 26.7 -10 -1.049 26.025 -10
4 82 -.743 25.827 -10 -1.021 25.65 -10 -1.049 26.025 -10 -.719 26.367 -10
4 82 -.719 26.367 -10 -1.049 26.025 -10 -1.014 26.538 -10 -.686 26.712 -10
4 82 -.686 26.712 -10 -1.014 26.538 -10 -.971 26.883 -10 -.619 27.11 -10
3 82 -.971 26.883 -10 -.88 27.327 -10 -.619 27.11 -10
3 82 -.288 26.117 -10 -.719 26.367 -10 -.686 26.712 -10
4 82 -1.014 26.538 -10 -2.5 27.4 -10 -2.25 27.65 -10 -.971 26.883 -10
4 82 .6 21.95 -10 5.05 23.1 -10 5.9 22.4 -10 .55 21.05 -10
4 82 .6 21.95 -10 .55 21.05 -10 0 21 -10 0 21.9 -10
4 82 5.9 28.75 -10 5.05 28.05 -10 .6 29.8 -10 .55 30.7 -10
4 82 0 30.75 -10 .55 30.7 -10 .6 29.8 -10 0 29.85 -10
4 82 5.05 28.05 -10 5.9 28.75 -10 5.9 22.4 -10 5.05 23.1 -10
4 82 8.8 22.55 -10 9.75 22.5 -10 9.65 22.1 -10 9.3 21.85 -10
4 82 8.8 22.55 -10 9.3 21.85 -10 8.75 21.7 -10 7.85 22.7 -10
4 82 7.85 22.7 -10 8.75 21.7 -10 7.25 21.75 -10 6.85 21.85 -10
4 82 7.85 22.7 -10 6.85 21.85 -10 6.55 22.1 -10 7.65 22.85 -10
3 82 6.55 22.1 -10 7.5 23.15 -10 7.65 22.85 -10
4 82 9.6 29.55 -10 9.9 29.4 -10 9.8 28.8 -10 8.85 28.9 -10
4 82 8.5 29.7 -10 9.6 29.55 -10 8.85 28.9 -10 7.95 28.9 -10
4 82 7.4 29.75 -10 8.5 29.7 -10 7.95 28.9 -10 7.65 28.8 -10
4 82 6.9 29.7 -10 7.4 29.75 -10 7.65 28.8 -10 7.5 28.5 -10
4 82 6.55 29.55 -10 6.9 29.7 -10 7.5 28.5 -10 7.5 26.7 -10
4 82 .413 23.839 -10 .526 24.133 -10 .748 23.857 -10 .588 23.515 -10
4 82 .285 23.621 -10 .413 23.839 -10 .588 23.515 -10 .405 23.261 -10
4 82 .145 23.487 -10 .285 23.621 -10 .405 23.261 -10 .206 23.105 -10
4 82 0 23.442 -10 .145 23.487 -10 .206 23.105 -10 0 23.052 -10
4 82 .526 27.467 -10 .748 27.743 -10 .88 27.327 -10 .619 27.11 -10
4 82 .748 27.743 -10 .526 27.467 -10 .413 27.761 -10 .588 28.085 -10
4 82 .588 28.085 -10 .413 27.761 -10 .285 27.979 -10 .405 28.339 -10
4 82 .405 28.339 -10 .285 27.979 -10 .145 28.113 -10 .206 28.495 -10
4 82 .206 28.495 -10 .145 28.113 -10 0 28.158 -10 0 28.548 -10
4 82 2.8 25.45 -10 3.1 25.45 -10 3 25.15 -10 2.65 25.15 -10
4 82 2.65 25.15 -10 3 25.15 -10 2.75 24.85 -10 2.45 24.6 -10
4 82 2.35 24.9 -10 2.45 24.6 -10 2.25 24.55 -10 2.2 24.9 -10
4 82 2.2 24.9 -10 2.25 24.55 -10 2.1 24.6 -10 1.021 25.65 -10
4 82 3 26.15 -10 3.1 25.85 -10 2.8 25.85 -10 2.65 26.15 -10
4 82 2.75 26.45 -10 3 26.15 -10 2.65 26.15 -10 2.35 26.4 -10
4 82 2.25 26.75 -10 2.45 26.7 -10 2.35 26.4 -10 2.2 26.4 -10
4 82 2.1 26.7 -10 2.25 26.75 -10 2.2 26.4 -10 1.021 25.65 -10
4 82 3.1 25.85 -10 3.1 25.45 -10 2.8 25.45 -10 2.8 25.85 -10
3 82 2.45 24.6 -10 2.35 24.9 -10 2.65 25.15 -10
3 82 2.35 26.4 -10 2.45 26.7 -10 2.75 26.45 -10
4 82 3.5 25.65 -10 3.85 25.65 -10 3.8 25.25 -10 3.45 25.25 -10
4 82 3.45 25.25 -10 3.8 25.25 -10 3.6 24.6 -10 3.25 24.65 -10
4 82 3.25 24.65 -10 3.6 24.6 -10 3.2 23.95 -10 2.95 24.15 -10
4 82 2.95 24.15 -10 3.2 23.95 -10 2.85 23.65 -10 2.7 23.95 -10
4 82 2.7 23.95 -10 2.85 23.65 -10 2.65 23.6 -10 2.5 23.9 -10
4 82 2.5 23.9 -10 2.65 23.6 -10 2.45 23.6 -10 2.25 23.65 -10
4 82 3.8 26.05 -10 3.85 25.65 -10 3.5 25.65 -10 3.45 26.05 -10
4 82 3.6 26.7 -10 3.8 26.05 -10 3.45 26.05 -10 3.25 26.65 -10
4 82 3.2 27.35 -10 3.6 26.7 -10 3.25 26.65 -10 2.95 27.15 -10
4 82 2.85 27.65 -10 3.2 27.35 -10 2.95 27.15 -10 2.7 27.35 -10
4 82 2.65 27.7 -10 2.85 27.65 -10 2.7 27.35 -10 2.5 27.4 -10
4 82 2.45 27.7 -10 2.65 27.7 -10 2.5 27.4 -10 2.25 27.65 -10
4 82 .981 24.781 -10 2.5 23.9 -10 2.25 23.65 -10 .916 24.45 -10
4 82 .64 24.616 -10 .916 24.45 -10 .748 23.857 -10 .526 24.133 -10
4 82 .981 24.781 -10 .916 24.45 -10 .64 24.616 -10 .692 24.949 -10
4 82 0 25 -10 .288 25.183 -10 .692 24.949 -10 .64 24.616 -10
4 82 .734 25.467 -10 .288 25.183 -10 0 25.35 -10 .467 25.65 -10
4 82 .743 25.827 -10 1.021 25.65 -10 .734 25.467 -10 .467 25.65 -10
4 82 .288 26.117 -10 .743 25.827 -10 .467 25.65 -10 0 25.95 -10
4 82 .288 26.117 -10 0 25.95 -10 0 26.3 -10 .686 26.712 -10
4 82 1.038 25.282 -10 .981 24.781 -10 .692 24.949 -10 .734 25.467 -10
3 82 1.038 25.282 -10 .734 25.467 -10 1.021 25.65 -10
3 82 2.1 24.6 -10 1.038 25.282 -10 1.021 25.65 -10
3 82 1.021 25.65 -10 1.049 26.025 -10 2.1 26.7 -10
4 82 1.049 26.025 -10 1.021 25.65 -10 .743 25.827 -10 .719 26.367 -10
4 82 1.014 26.538 -10 1.049 26.025 -10 .719 26.367 -10 .686 26.712 -10
4 82 .971 26.883 -10 1.014 26.538 -10 .686 26.712 -10 .619 27.11 -10
3 82 .971 26.883 -10 .619 27.11 -10 .88 27.327 -10
3 82 .288 26.117 -10 .686 26.712 -10 .719 26.367 -10
4 82 2.25 27.65 -10 2.5 27.4 -10 1.014 26.538 -10 .971 26.883 -10
3 82 -6.55 22.1 -10 -7.5 23.15 -10 -7.5 24.35 -10
4 82 -6.55 22.1 -10 -7.5 24.35 -10 -7.5 25.45 -10 -6.55 29.55 -10
3 82 -7.5 25.45 -10 -7.5 26.7 -10 -6.55 29.55 -10
3 82 6.55 22.1 -10 7.5 24.35 -10 7.5 23.15 -10
3 82 6.55 22.1 -10 7.5 25.45 -10 7.5 24.35 -10
4 82 7.5 26.7 -10 7.5 25.45 -10 6.55 22.1 -10 6.55 29.55 -10
4 308 -14.8 22.5 -10 -15.4 22.3 -10 -14.75 23.1 -10 -14.4 22.75 -10
4 308 -14.1 22.85 -10 -14.4 22.75 -10 -14.75 23.1 -10 -12.4 23.55 -10
4 308 -12.1 22.85 -10 -13.05 22.7 -10 -12.4 23.55 -10 -10.55 23.1 -10
4 308 -13.4 22.75 -10 -13.8 22.85 -10 -12.4 23.55 -10 -13.05 22.7 -10
3 308 -13.8 22.85 -10 -14.1 22.85 -10 -12.4 23.55 -10
4 308 -10.55 23.1 -10 -12.4 23.55 -10 -9.65 23.9 -10 -8.9 23.35 -10
4 308 -8.9 23.35 -10 -9.65 23.9 -10 -8.3 24 -10 -8.3 23.4 -10
4 308 -8.3 23.4 -10 -8.15 23.9 -10 -8.1 23.7 -10 -8.15 23.55 -10
3 308 -8.3 23.4 -10 -8.3 24 -10 -8.15 23.9 -10
4 308 -15 24.7 -10 -15.5 25.3 -10 -12.95 25.75 -10 -12.35 25.15 -10
4 308 -12.35 25.15 -10 -12.95 25.75 -10 -10.4 26.1 -10 -9.8 25.55 -10
4 308 -9.8 25.55 -10 -10.4 26.1 -10 -8.6 26.25 -10 -8.5 25.75 -10
4 308 -8.5 25.75 -10 -8.6 26.25 -10 -8.4 26.2 -10 -8.3 25.8 -10
4 308 -8.3 25.8 -10 -8.4 26.2 -10 -8.25 26.1 -10 -8.2 25.9 -10
4 308 -15.2 27.15 -10 -16.3 27.6 -10 -14.55 27.8 -10 -13.6 27.85 -10
4 308 -15.2 27.15 -10 -13.6 27.85 -10 -12.9 27.8 -10 -12.5 27.5 -10
4 308 -12.5 27.5 -10 -12.9 27.8 -10 -12.35 27.85 -10 -10.15 27.7 -10
3 308 -10.15 27.7 -10 -12.35 27.85 -10 -11.35 28 -10
4 308 -10.15 27.7 -10 -11.35 28 -10 -10.55 28.25 -10 -9.2 28.3 -10
4 308 -8.6 27.75 -10 -10.15 27.7 -10 -9.2 28.3 -10 -8.4 28.3 -10
4 308 -8.25 27.85 -10 -8.6 27.75 -10 -8.4 28.3 -10 -8.2 28 -10
3 308 -8.2 28 -10 -8.4 28.3 -10 -8.25 28.2 -10
4 308 14.75 23.1 -10 15.4 22.3 -10 14.8 22.5 -10 14.4 22.75 -10
4 308 14.75 23.1 -10 14.4 22.75 -10 14.1 22.85 -10 12.4 23.55 -10
4 308 12.4 23.55 -10 13.05 22.7 -10 12.1 22.85 -10 10.55 23.1 -10
4 308 12.4 23.55 -10 13.8 22.85 -10 13.4 22.75 -10 13.05 22.7 -10
3 308 14.1 22.85 -10 13.8 22.85 -10 12.4 23.55 -10
4 308 9.65 23.9 -10 12.4 23.55 -10 10.55 23.1 -10 8.9 23.35 -10
4 308 8.3 24 -10 9.65 23.9 -10 8.9 23.35 -10 8.3 23.4 -10
4 308 8.1 23.7 -10 8.15 23.9 -10 8.3 23.4 -10 8.15 23.55 -10
3 308 8.3 23.4 -10 8.15 23.9 -10 8.3 24 -10
4 308 12.95 25.75 -10 15.5 25.3 -10 15 24.7 -10 12.35 25.15 -10
4 308 10.4 26.1 -10 12.95 25.75 -10 12.35 25.15 -10 9.8 25.55 -10
4 308 8.6 26.25 -10 10.4 26.1 -10 9.8 25.55 -10 8.5 25.75 -10
4 308 8.4 26.2 -10 8.6 26.25 -10 8.5 25.75 -10 8.3 25.8 -10
4 308 8.25 26.1 -10 8.4 26.2 -10 8.3 25.8 -10 8.2 25.9 -10
4 308 14.55 27.8 -10 16.3 27.6 -10 15.2 27.15 -10 13.6 27.85 -10
4 308 12.9 27.8 -10 13.6 27.85 -10 15.2 27.15 -10 12.5 27.5 -10
4 308 12.35 27.85 -10 12.9 27.8 -10 12.5 27.5 -10 10.15 27.7 -10
3 308 10.15 27.7 -10 11.35 28 -10 12.35 27.85 -10
4 308 10.55 28.25 -10 11.35 28 -10 10.15 27.7 -10 9.2 28.3 -10
4 308 9.2 28.3 -10 10.15 27.7 -10 8.6 27.75 -10 8.4 28.3 -10
4 308 8.4 28.3 -10 8.6 27.75 -10 8.25 27.85 -10 8.2 28 -10
3 308 8.2 28 -10 8.25 28.2 -10 8.4 28.3 -10
4 308 -3.25 20.4 -10 -3.8 20.8 -10 -3.05 20.8 -10 -2.75 20.2 -10
4 308 -2.75 20.2 -10 -3.05 20.8 -10 -2.5 20.6 -10 -2.3 20.2 -10
4 308 -1.75 19.1 -10 -1.65 20.25 -10 -.75 20.25 -10 .4 18.55 -10
4 308 -1.7 18.35 -10 -1.75 19.1 -10 .4 18.55 -10 -1.55 18 -10
3 308 -.55 17.2 -10 -1.55 18 -10 .4 18.55 -10
4 308 .4 18.55 -10 -.75 20.25 -10 .25 20.3 -10 .9 19.4 -10
4 308 .9 19.4 -10 .25 20.3 -10 .8 20.4 -10 1.2 20 -10
3 308 1.2 20 -10 .8 20.4 -10 1.35 20.5 -10
4 308 3.8 20.6 -10 3.5 20.85 -10 4.8 21.1 -10 4.3 20.4 -10
4 308 4.95 20.3 -10 4.3 20.4 -10 4.8 21.1 -10 5.35 20.4 -10
4 308 .05 16.8 -10 .6 17.85 -10 1 17.5 -10 .1 16.4 -10
4 308 .5 15.85 -10 .1 16.4 -10 1 17.5 -10 2.1 17 -10
4 308 1.35 14.8 -10 .5 15.85 -10 2.1 17 -10 2.3 14.35 -10
3 308 1.95 14 -10 1.35 14.8 -10 2.3 14.35 -10
4 308 2.7 15.1 -10 2.3 14.35 -10 2.1 17 -10 3 15.85 -10
3 308 3 15.85 -10 2.1 17 -10 3.3 16.7 -10
4 308 1.75 20.1 -10 1.9 20.55 -10 2.25 20.65 -10 3.05 20.2 -10
4 308 1.5 19.55 -10 1.75 20.1 -10 3.05 20.2 -10 3.9 19.9 -10
4 308 4.2 18.4 -10 1.5 19.55 -10 3.9 19.9 -10 4.6 19.2 -10
3 308 4.6 19.2 -10 3.9 19.9 -10 4.9 19.75 -10
4 308 1.2 18 -10 1.5 19.55 -10 4.2 18.4 -10 1.8 17.6 -10
4 308 2.6 17.3 -10 1.8 17.6 -10 4.2 18.4 -10 3.6 17.15 -10
3 308 1.2 18 -10 .9 18.4 -10 1.5 19.55 -10
3 308 4.55 15.75 -10 3.8 16.25 -10 4.2 16.8 -10
4 308 4.55 15.75 -10 4.2 16.8 -10 4.8 17.7 -10 5.55 15.35 -10
4 308 6.15 15.25 -10 5.55 15.35 -10 4.8 17.7 -10 6.75 15.2 -10
4 308 7.4 16 -10 6.75 15.2 -10 4.8 17.7 -10 5.25 18.65 -10
4 308 8 17 -10 7.4 16 -10 5.25 18.65 -10 7.15 18.3 -10
4 308 6.2 19.5 -10 7.15 18.3 -10 5.25 18.65 -10 5.45 19.3 -10
3 308 5.45 19.3 -10 5.65 19.9 -10 6.2 19.5 -10
4 308 8.2 15 -10 7.6 15.5 -10 8 16.1 -10 8.9 15.7 -10
3 308 8.9 15.7 -10 8 16.1 -10 8.35 16.5 -10
4 308 8.75 14.7 -10 8.2 15 -10 8.9 15.7 -10 9.3 14.55 -10
3 308 9.65 14.5 -10 9.3 14.55 -10 8.9 15.7 -10
4 308 2.9 12.9 -10 2.4 13.6 -10 2.5 13.85 -10 2.9 14.4 -10
4 308 3.65 12.4 -10 2.9 12.9 -10 2.9 14.4 -10 3.25 15.1 -10
4 308 4.5 12.2 -10 3.65 12.4 -10 3.25 15.1 -10 5.1 12.25 -10
4 308 5.4 12.5 -10 5.1 12.25 -10 3.25 15.1 -10 5.85 13.25 -10
4 308 5.85 13.25 -10 3.25 15.1 -10 4.15 15.35 -10 5.1 14.95 -10
4 308 5.85 13.25 -10 5.1 14.95 -10 5.8 14.8 -10 6.3 14.15 -10
3 308 6.3 14.15 -10 5.8 14.8 -10 6.5 14.7 -10
3 308 3.25 15.1 -10 3.5 15.75 -10 4.15 15.35 -10
4 308 4.15 11.2 -10 3.6 11.8 -10 4.25 11.75 -10 4.8 11 -10
3 308 4.8 11 -10 4.25 11.75 -10 5 11.7 -10
3 308 4.55 10.7 -10 4.15 11.2 -10 4.8 11 -10
3 308 13.9 8 -10 13.8 8.4 -10 14.369 8.361 -10
4 308 12.75 8.1 -10 12.1 8.5 -10 12.6 9.35 -10 13.3 8.25 -10
4 308 13.15 7.95 -10 12.75 8.1 -10 13.3 8.25 -10 13.3 8.05 -10
4 308 11.4 5.1 -10 10.8 5.55 -10 11.3 6.25 -10 12.1 4.7 -10
4 308 12.1 4.7 -10 11.3 6.25 -10 11.7 7 -10 12.65 4.5 -10
4 308 12.95 7.5 -10 12.65 4.5 -10 11.7 7 -10 12 7.95 -10
4 308 12.65 4.5 -10 12.95 7.5 -10 13.3 7.4 -10 13.656 4.308 -10
3 308 13.656 4.308 -10 13.3 7.4 -10 13.6 7.45 -10
3 308 13.656 4.308 -10 13.6 7.45 -10 13.85 7.65 -10
4 308 13.85 7.65 -10 13.9 8 -10 14.369 8.361 -10 13.656 4.308 -10
4 308 11.25 1 -10 9.7 1 -10 9.15 2.15 -10 12.1 1.15 -10
4 308 12.1 1.15 -10 9.15 2.15 -10 9.6 2.75 -10 12.85 1.5 -10
4 308 13.25 2 -10 12.85 1.5 -10 9.6 2.75 -10 10.1 3.7 -10
4 308 13.25 2 -10 10.1 3.7 -10 12.55 4.1 -10 13.594 3.958 -10
3 308 10.4 4.4 -10 10.6 5.15 -10 11.2 4.7 -10
4 308 10.4 4.4 -10 11.2 4.7 -10 11.9 4.3 -10 10.1 3.7 -10
3 308 8.1 4.35 -10 7.6 5.4 -10 8.1 5.2 -10
4 308 8.1 4.35 -10 8.1 5.2 -10 8.7 5.05 -10 8.5 3.55 -10
4 308 8.5 3.55 -10 8.7 5.05 -10 9.35 4.95 -10 9.65 4.2 -10
4 308 8.5 3.55 -10 9.65 4.2 -10 9.3 3.45 -10 8.85 2.8 -10
3 308 9.65 4.2 -10 9.35 4.95 -10 9.9 4.95 -10
4 308 5.1 10.5 -10 5.25 10.95 -10 5.85 10.55 -10 5.7 8.85 -10
3 308 5.7 8.85 -10 4.9 10.05 -10 5.1 10.5 -10
4 308 5.7 8.85 -10 5.85 10.55 -10 7 10.1 -10 7.75 8.85 -10
4 308 5.7 8.85 -10 7.75 8.85 -10 7.15 7.7 -10 6.7 7.3 -10
3 308 7.75 8.85 -10 7 10.1 -10 7.7 10 -10
3 308 7.75 8.85 -10 7.7 10 -10 8.3 10 -10
4 308 6.2 10.95 -10 5.6 11.2 -10 5.5 11.65 -10 6 12.2 -10
4 308 7.2 10.5 -10 6.2 10.95 -10 6 12.2 -10 6.4 12.9 -10
4 308 7.85 10.4 -10 7.2 10.5 -10 6.4 12.9 -10 8.35 10.4 -10
4 308 8.75 10.7 -10 8.35 10.4 -10 6.4 12.9 -10 9.2 11.4 -10
4 308 9.2 11.4 -10 6.4 12.9 -10 6.8 13.8 -10 9.55 12.25 -10
4 308 9.55 12.25 -10 6.8 13.8 -10 8.6 14.35 -10 9.25 14.1 -10
4 308 9.8 13.2 -10 9.55 12.25 -10 9.25 14.1 -10 9.6 14.05 -10
3 308 9.8 13.2 -10 9.6 14.05 -10 10 14.05 -10
4 308 6.8 13.8 -10 7.05 14.45 -10 8 14.7 -10 8.6 14.35 -10
3 308 7.05 14.45 -10 7.25 15.2 -10 8 14.7 -10
3 308 11.3 11.65 -10 10.1 12.55 -10 10.35 13.3 -10
4 308 9.7 11.6 -10 10.1 12.55 -10 11.3 11.65 -10 9.9 10.1 -10
4 308 10.65 9.75 -10 9.9 10.1 -10 11.3 11.65 -10 11.35 9.6 -10
4 308 12 9.6 -10 11.35 9.6 -10 11.3 11.65 -10 12.3 9.8 -10
4 308 9.9 10.1 -10 9.25 10.6 -10 9.25 10.9 -10 9.7 11.6 -10
3 308 9.6 9.8 -10 8.8 9.85 -10 8.9 10.3 -10
4 308 8.6 9.15 -10 8.8 9.85 -10 9.6 9.8 -10 10.4 9.45 -10
4 308 8.15 7.9 -10 8.6 9.15 -10 10.4 9.45 -10 11.7 8.55 -10
3 308 11.7 8.55 -10 10.4 9.45 -10 11.2 9.3 -10
3 308 11.7 8.55 -10 11.2 9.3 -10 12 9.2 -10
4 308 8.15 7.9 -10 11.7 8.55 -10 11.45 7.65 -10 11.2 6.95 -10
4 308 8.15 7.9 -10 11.2 6.95 -10 10.8 6.3 -10 7.75 7.15 -10
4 308 7.55 6.05 -10 7.2 6.45 -10 7.75 7.15 -10 8.1 5.7 -10
4 308 8.9 5.45 -10 8.1 5.7 -10 7.75 7.15 -10 9.5 5.4 -10
4 308 10.15 5.45 -10 9.5 5.4 -10 7.75 7.15 -10 10.8 6.3 -10
4 308 -13.25 2 -10 -13.615 4.077 -10 -13.1 4.05 -10 -12.85 1.5 -10
4 308 -12.85 1.5 -10 -13.1 4.05 -10 -12.5 4.15 -10 -12.1 1.15 -10
4 308 -12.1 1.15 -10 -12.5 4.15 -10 -11.8 4.45 -10 -11.25 1 -10
4 308 -11.25 1 -10 -11.8 4.45 -10 -10.1 3 -10 -9.8 2.5 -10
4 308 -10.25 1 -10 -11.25 1 -10 -9.8 2.5 -10 -9.5 2.15 -10
4 308 -10.4 3.75 -10 -10.1 3 -10 -11.8 4.45 -10 -11.35 4.8 -10
4 308 -10.65 4.5 -10 -10.4 3.75 -10 -11.35 4.8 -10 -10.95 5.2 -10
4 308 -13.1 4.55 -10 -13.705 4.584 -10 -14.157 7.158 -10 -13.7 7.4 -10
4 308 -13.1 4.55 -10 -13.7 7.4 -10 -12.85 7.65 -10 -11.9 7.2 -10
4 308 -13.1 4.55 -10 -11.9 7.2 -10 -11.55 6.35 -10 -12.35 4.7 -10
4 308 -11.8 5.05 -10 -12.35 4.7 -10 -11.55 6.35 -10 -11.15 5.6 -10
3 308 -11.9 7.2 -10 -12.85 7.65 -10 -12.15 8 -10
4 308 -12.85 8.2 -10 -13.45 8.1 -10 -13.25 8.7 -10 -12.9 9.2 -10
4 308 -12.85 8.2 -10 -12.9 9.2 -10 -12.5 9.05 -10 -12.35 8.5 -10
3 308 -12.35 8.5 -10 -12.5 9.05 -10 -12.25 8.75 -10
4 308 -4.1 17.6 -10 -4.2 18.05 -10 -3.95 18.05 -10 -3.6 17.9 -10
4 308 -3.8 17.15 -10 -4.1 17.6 -10 -3.6 17.9 -10 -3.45 17.25 -10
3 308 -3.45 17.25 -10 -3.6 17.9 -10 -3.1 17.45 -10
4 308 -9.2 14.65 -10 -9.9 14.5 -10 -9.1 15.65 -10 -8.55 14.85 -10
4 308 -7.75 15.4 -10 -8.55 14.85 -10 -9.1 15.65 -10 -7.85 15.75 -10
4 308 -8.1 16.2 -10 -7.85 15.75 -10 -9.1 15.65 -10 -8.5 16.5 -10
4 308 -7.75 16.3 -10 -8.1 17 -10 -7.45 18.05 -10 -5.2 18.05 -10
4 308 -7.75 16.3 -10 -5.2 18.05 -10 -4.7 17.15 -10 -7.35 15.7 -10
4 308 -7.35 15.7 -10 -4.7 17.15 -10 -6.4 15.25 -10 -6.95 15.25 -10
4 308 -5.65 15.4 -10 -6.4 15.25 -10 -4.7 17.15 -10 -4.85 15.65 -10
3 308 -4.85 15.65 -10 -4.7 17.15 -10 -4 16.15 -10
4 308 -5.2 18.05 -10 -7.45 18.05 -10 -6.6 19.3 -10 -5.7 19.35 -10
3 308 -6.6 19.3 -10 -6.05 20 -10 -5.7 19.35 -10
4 308 -3.25 15.95 -10 -3.4 16.55 -10 -3.15 16.75 -10 -2.75 16.85 -10
4 308 -3.25 15.95 -10 -2.75 16.85 -10 -1.75 15.85 -10 -3.05 15.35 -10
4 308 -3.05 15.35 -10 -1.75 15.85 -10 -1.1 15.15 -10 -2.75 14.6 -10
3 308 -2.3 13.85 -10 -2.75 14.6 -10 -1.1 15.15 -10
4 308 -5.1 11.05 -10 -5.1 11.6 -10 -4.5 11.75 -10 -3.8 11.85 -10
4 308 -5 10.75 -10 -5.1 11.05 -10 -3.8 11.85 -10 -4.75 10.6 -10
4 308 -6.4 13.9 -10 -6.65 14.8 -10 -6.1 14.8 -10 -5.9 12.95 -10
4 308 -5.9 12.95 -10 -6.1 14.8 -10 -5.25 14.95 -10 -5.55 12.4 -10
4 308 -5.25 12.1 -10 -5.55 12.4 -10 -5.25 14.95 -10 -4.4 12.25 -10
4 308 -4.4 12.25 -10 -5.25 14.95 -10 -4.4 15.3 -10 -3.45 12.6 -10
4 308 -3.45 12.6 -10 -4.4 15.3 -10 -3.15 14.45 -10 -2.6 13.45 -10
3 308 -3.45 15.2 -10 -4.4 15.3 -10 -3.65 15.8 -10
3 308 -3.15 14.45 -10 -4.4 15.3 -10 -3.45 15.2 -10
4 308 -12.3 9.65 -10 -12.5 9.85 -10 -11.55 11.7 -10 -12.05 9.55 -10
4 308 -11.15 9.7 -10 -12.05 9.55 -10 -11.55 11.7 -10 -10.35 10 -10
4 308 -9.45 10.7 -10 -10.35 10 -10 -11.55 11.7 -10 -9.65 11.15 -10
3 308 -9.65 11.15 -10 -11.55 11.7 -10 -10 11.85 -10
3 308 -11.55 11.7 -10 -10.4 12.75 -10 -10 11.85 -10
3 308 -11.55 11.7 -10 -10.6 13.4 -10 -10.4 12.75 -10
4 308 -10.1 13.3 -10 -10.2 13.95 -10 -9.45 14.1 -10 -9.85 12.45 -10
4 308 -9.85 12.45 -10 -9.45 14.1 -10 -8.7 14.35 -10 -9.45 11.65 -10
4 308 -9.45 11.65 -10 -8.7 14.35 -10 -8 14.75 -10 -7.1 14.25 -10
3 308 -7.1 14.25 -10 -8 14.75 -10 -7.35 15.05 -10
4 308 -9.45 11.65 -10 -7.1 14.25 -10 -6.65 13.15 -10 -8.9 10.9 -10
4 308 -8.45 10.55 -10 -8.9 10.9 -10 -6.65 13.15 -10 -7.45 10.6 -10
4 308 -7.45 10.6 -10 -6.65 13.15 -10 -6.2 12.3 -10 -6.45 10.9 -10
4 308 -5.9 11.15 -10 -6.45 10.9 -10 -6.2 12.3 -10 -5.6 11.55 -10
4 308 -8.3 9.3 -10 -8.45 9.9 -10 -7.55 10 -10 -7.95 8.4 -10
4 308 -7.95 8.4 -10 -7.55 10 -10 -6.1 8.75 -10 -7.5 7.7 -10
4 308 -7.25 7.45 -10 -7.5 7.7 -10 -6.1 8.75 -10 -6.95 7.3 -10
3 308 -6.1 8.75 -10 -7.55 10 -10 -6.55 10.25 -10
4 308 -6.1 8.75 -10 -6.55 10.25 -10 -5.95 10.6 -10 -5.1 10.2 -10
4 308 -5.3 10.55 -10 -5.1 10.2 -10 -5.95 10.6 -10 -5.55 10.95 -10
4 308 -11.75 8.4 -10 -11.9 9.2 -10 -11.15 9.3 -10 -11.55 7.6 -10
4 308 -11.55 7.6 -10 -11.15 9.3 -10 -10.55 9.45 -10 -11.25 6.8 -10
4 308 -8.9 9.15 -10 -11.25 6.8 -10 -10.55 9.45 -10 -9.8 9.85 -10
4 308 -9 9.85 -10 -8.9 9.15 -10 -9.8 9.85 -10 -9.1 10.4 -10
4 308 -11.25 6.8 -10 -8.9 9.15 -10 -8.6 8.4 -10 -11 6.2 -10
4 308 -11 6.2 -10 -8.6 8.4 -10 -9.5 5.45 -10 -10.5 5.45 -10
4 308 -8.65 5.6 -10 -9.5 5.45 -10 -8.6 8.4 -10 -8.05 7.4 -10
4 308 -8.65 5.6 -10 -8.05 7.4 -10 -7.7 6.95 -10 -7.75 6 -10
3 308 -7.75 6 -10 -7.7 6.95 -10 -7.35 6.6 -10
4 308 -9.9 4.35 -10 -10.2 5.05 -10 -9.55 5.05 -10 -8.45 4.25 -10
3 308 -8.45 4.25 -10 -9.55 5.05 -10 -8.8 5.15 -10
3 308 -8.45 4.25 -10 -8.8 5.15 -10 -7.9 5.4 -10
4 308 -9.55 3.4 -10 -9.9 4.35 -10 -8.45 4.25 -10 -9.15 2.75 -10
3 308 10.1 3.7 -10 11.9 4.3 -10 12.55 4.1 -10
4 308 16.873 22.592 -10 16.754 21.919 -10 15.4 22.3 -10 14.75 23.1 -10
4 308 15 24.7 -10 15.5 25.3 -10 17.28 24.909 -10 17.16 24.225 -10
4 308 17.596 26.706 -10 15.2 27.15 -10 16.3 27.6 -10 17.722 27.419 -10
4 308 -15.4 22.3 -10 -16.754 21.919 -10 -16.873 22.592 -10 -14.75 23.1 -10
4 308 -17.16 24.225 -10 -17.28 24.909 -10 -15.5 25.3 -10 -15 24.7 -10
4 308 -17.596 26.706 -10 -17.722 27.419 -10 -16.3 27.6 -10 -15.2 27.15 -10
4 308 -6.9 1 -10 -8.15 1 -10 -7.65 1.45 -10 -7.1 1.85 -10
4 308 -5.9 1.7 -10 -6.9 1 -10 -7.1 1.85 -10 -6 2.65 -10
4 308 -4.8 2.45 -10 -5.9 1.7 -10 -6 2.65 -10 -5.1 3.3 -10
4 308 -3.65 3.25 -10 -4.8 2.45 -10 -5.1 3.3 -10 -3.65 4.25 -10
4 308 -2.55 4 -10 -3.65 3.25 -10 -3.65 4.25 -10 -2.7 4.9 -10
4 308 -1.9 4.5 -10 -2.55 4 -10 -2.7 4.9 -10 -2.3 5.3 -10
4 308 -1.55 4.95 -10 -1.9 4.5 -10 -2.3 5.3 -10 -1.2 5.7 -10
4 308 -1.2 5.7 -10 -2.3 5.3 -10 -2.1 5.7 -10 -1 6.45 -10
3 308 -2.1 5.7 -10 -1.95 6.45 -10 -1 6.45 -10
4 308 -.2 5.95 -10 -.35 6.45 -10 .4 6.45 -10 .7 5.95 -10
4 308 .05 5.45 -10 -.2 5.95 -10 .7 5.95 -10 1.25 5.3 -10
4 308 .7 4.75 -10 .05 5.45 -10 1.25 5.3 -10 2 4.55 -10
4 308 1.5 4.05 -10 .7 4.75 -10 2 4.55 -10 3 3.8 -10
4 308 2.7 3.15 -10 1.5 4.05 -10 3 3.8 -10 3.9 3.2 -10
4 308 3.4 2.65 -10 2.7 3.15 -10 3.9 3.2 -10 4.65 2.75 -10
4 308 4.25 2.05 -10 3.4 2.65 -10 4.65 2.75 -10 5.5 2.2 -10
4 308 5.1 1.5 -10 4.25 2.05 -10 5.5 2.2 -10 6.2 1.7 -10
4 308 5.8 1 -10 5.1 1.5 -10 6.2 1.7 -10 6.8 1.3 -10
3 308 7.15 1 -10 5.8 1 -10 6.8 1.3 -10
4 308 -.25 7.95 -10 -1.15 7.95 -10 -1.15 8.75 -10 -.25 8.75 -10
4 308 -.8 1 -10 -1.05 1 -10 -.9 1.45 -10 -.65 1.35 -10
4 308 -.65 1.35 -10 -.9 1.45 -10 -.65 1.8 -10 -.3 1.6 -10
4 308 -.3 1.6 -10 -.65 1.8 -10 -.25 2 -10 -.1 1.85 -10
4 308 0 2.1 -10 -.1 1.85 -10 -.25 2 -10 -.2 2.3 -10
4 308 0 2.3 -10 0 2.1 -10 -.2 2.3 -10 -.2 2.4 -10
4 308 .85 1 -10 .6 1 -10 .75 1.45 -10 1 1.35 -10
4 308 1 1.35 -10 .75 1.45 -10 1 1.8 -10 1.35 1.6 -10
4 308 1.35 1.6 -10 1 1.8 -10 1.4 2 -10 1.55 1.85 -10
4 308 1.65 2.1 -10 1.55 1.85 -10 1.4 2 -10 1.45 2.3 -10
4 308 1.65 2.3 -10 1.65 2.1 -10 1.45 2.3 -10 1.45 2.4 -10
4 308 2.5 1 -10 2.25 1 -10 2.4 1.45 -10 2.65 1.35 -10
4 308 2.65 1.35 -10 2.4 1.45 -10 2.65 1.8 -10 3 1.6 -10
4 308 3 1.6 -10 2.65 1.8 -10 3.05 2 -10 3.2 1.85 -10
4 308 4.15 1 -10 3.9 1 -10 4.05 1.45 -10 4.3 1.35 -10
4 308 -2.45 1 -10 -2.7 1 -10 -2.55 1.45 -10 -2.3 1.35 -10
4 308 -2.3 1.35 -10 -2.55 1.45 -10 -2.3 1.8 -10 -1.95 1.6 -10
4 308 -1.95 1.6 -10 -2.3 1.8 -10 -1.9 2 -10 -1.75 1.85 -10
4 308 -1.65 2.1 -10 -1.75 1.85 -10 -1.9 2 -10 -1.85 2.3 -10
4 308 -1.65 2.3 -10 -1.65 2.1 -10 -1.85 2.3 -10 -1.85 2.4 -10
4 308 -4.1 1 -10 -4.35 1 -10 -4.2 1.45 -10 -3.95 1.35 -10
4 308 -3.95 1.35 -10 -4.2 1.45 -10 -3.95 1.8 -10 -3.6 1.6 -10
4 308 -3.6 1.6 -10 -3.95 1.8 -10 -3.55 2 -10 -3.4 1.85 -10
4 308 -3.3 2.1 -10 -3.4 1.85 -10 -3.55 2 -10 -3.5 2.3 -10
4 308 -3.3 2.3 -10 -3.3 2.1 -10 -3.5 2.3 -10 -3.5 2.4 -10
4 308 0 3.65 -10 .25 3.65 -10 .1 3.2 -10 -.15 3.3 -10
4 308 -.8 2.55 -10 -.55 2.65 -10 -.6 2.35 -10 -.8 2.35 -10
4 308 .85 2.55 -10 1.1 2.65 -10 1.05 2.35 -10 .85 2.35 -10
4 308 -.3 4.45 -10 .05 4.25 -10 -.35 4.05 -10 -.5 4.2 -10
4 308 -.6 3.95 -10 -.5 4.2 -10 -.35 4.05 -10 -.4 3.75 -10
4 308 -.6 3.75 -10 -.6 3.95 -10 -.4 3.75 -10 -.4 3.65 -10
4 308 -4.75 1 -10 -5.35 1 -10 -5.2 1.15 -10 -4.65 1.45 -10
3 308 -5.2 1.15 -10 -4.85 1.45 -10 -4.65 1.45 -10
4 308 -4.65 1.45 -10 -4.85 1.45 -10 -4.648 1.866 -10 -4.35 1.9 -10
4 308 -4.35 1.9 -10 -4.648 1.866 -10 -4.1 2.3 -10 -3.9 2.25 -10
4 308 -3.9 2.25 -10 -4.1 2.3 -10 -3.9 2.35 -10 -3.5 2.3 -10
3 308 -3.5 2.3 -10 -3.9 2.35 -10 -3.5 2.4 -10
4 308 -2.95 2.35 -10 -3.3 2.3 -10 -3.5 2.4 -10 -3.05 2.75 -10
4 308 -2.95 2.35 -10 -3.05 2.75 -10 -2.75 2.8 -10 -2.795 2.355 -10
3 308 -2.964 2.206 -10 -2.95 2.35 -10 -2.795 2.355 -10
4 308 -3.1 1 -10 -3.7 1 -10 -3.55 1.15 -10 -3.2 1.45 -10
4 308 -3 1.45 -10 -3.1 1 -10 -3.2 1.45 -10 -3.05 1.75 -10
4 308 -2.7 1.9 -10 -3 1.45 -10 -3.05 1.75 -10 -2.7 2 -10
4 308 -2.25 2.25 -10 -2.7 1.9 -10 -2.7 2 -10 -2.25 2.3 -10
4 308 -1.85 2.3 -10 -2.25 2.25 -10 -2.25 2.3 -10 -1.85 2.4 -10
4 308 -1.65 2.3 -10 -1.85 2.4 -10 -1.4 2.75 -10 -1.3 2.35 -10
4 308 -1.3 2.35 -10 -1.4 2.75 -10 -1.1 2.8 -10 -1.15 2.3 -10
4 308 -1.35 1.85 -10 -1.3 2.35 -10 -1.15 2.3 -10 -1.05 1.9 -10
4 308 -1.35 1.85 -10 -1.05 1.9 -10 -1.35 1.45 -10 -1.55 1.45 -10
4 308 -1.45 1 -10 -2.05 1 -10 -1.9 1.15 -10 -1.35 1.45 -10
3 308 -1.9 1.15 -10 -1.55 1.45 -10 -1.35 1.45 -10
4 308 .2 1 -10 -.4 1 -10 -.25 1.15 -10 .1 1.45 -10
4 308 .3 1.45 -10 .2 1 -10 .1 1.45 -10 .3 1.85 -10
4 308 .6 1.9 -10 .3 1.45 -10 .3 1.85 -10 .35 2.35 -10
3 308 .6 1.9 -10 .35 2.35 -10 .5 2.3 -10
4 308 .6 1.9 -10 .5 2.3 -10 .85 2.35 -10 1.05 2.25 -10
4 308 1.05 2.25 -10 .85 2.35 -10 1.05 2.35 -10 1.45 2.3 -10
3 308 1.45 2.3 -10 1.05 2.35 -10 1.45 2.4 -10
4 308 1.65 2.3 -10 1.45 2.4 -10 1.691 2.588 -10 2 2.35 -10
4 308 2 2.35 -10 1.691 2.588 -10 2.05 2.55 -10 2.172 2.517 -10
4 308 1.85 1 -10 1.25 1 -10 1.4 1.15 -10 1.75 1.45 -10
4 308 1.95 1.45 -10 1.85 1 -10 1.75 1.45 -10 1.95 1.85 -10
4 308 2.25 1.9 -10 1.95 1.45 -10 1.95 1.85 -10 2.15 2.3 -10
4 308 2.15 2.3 -10 1.95 1.85 -10 2 2.35 -10 2.172 2.517 -10
4 308 2.25 1.9 -10 2.15 2.3 -10 2.5 2.35 -10 2.7 2.25 -10
4 308 3.5 1 -10 2.9 1 -10 3.05 1.15 -10 3.4 1.45 -10
4 308 3.6 1.45 -10 3.5 1 -10 3.4 1.45 -10 3.6 1.85 -10
4 308 3.815 1.772 -10 3.6 1.45 -10 3.6 1.85 -10 3.605 1.903 -10
3 308 4.8 1 -10 4.55 1 -10 4.669 1.119 -10
4 308 -1.1 2.8 -10 -1.4 2.75 -10 -1.1 3.2 -10 -.9 3.2 -10
4 308 -.9 3.2 -10 -1.1 3.2 -10 -1.1 3.65 -10 -.95 3.7 -10
4 308 -.55 3.5 -10 -.9 3.2 -10 -.95 3.7 -10 -.6 3.75 -10
3 308 -.55 3.5 -10 -.6 3.75 -10 -.4 3.65 -10
4 308 0 3.65 -10 -.4 3.65 -10 -.4 3.75 -10 0 3.8 -10
4 308 .25 3.65 -10 0 3.65 -10 0 3.8 -10 .5 4.05 -10
4 308 .55 3.65 -10 .25 3.65 -10 .5 4.05 -10 .718 3.882 -10
4 308 .55 3.65 -10 .718 3.882 -10 .7 3.7 -10 .55 3.2 -10
4 308 .75 3.2 -10 .55 3.2 -10 .7 3.7 -10 .915 3.731 -10
4 308 .459 3.063 -10 .55 3.2 -10 .75 3.2 -10 .689 3.077 -10
4 308 1.1 3.5 -10 .75 3.2 -10 .915 3.731 -10 1.15 3.55 -10
4 308 -1.1 3.65 -10 -1.375 3.65 -10 -1.171 4.193 -10 -.95 3.7 -10
4 308 -.9 4.2 -10 -.95 3.7 -10 -1.171 4.193 -10 -.9 4.6 -10
3 308 -.9 4.2 -10 -.9 4.6 -10 -.7 4.6 -10
4 308 -.7 4.6 -10 -.9 4.6 -10 -.9 4.95 -10 -.75 5.1 -10
4 308 -.35 4.9 -10 -.7 4.6 -10 -.75 5.1 -10 -.421 5.147 -10
3 308 -.35 4.9 -10 -.421 5.147 -10 -.291 4.959 -10
3 308 -.9 4.95 -10 -.707 5.529 -10 -.75 5.1 -10
4 308 -1.05 1.9 -10 -1.15 2.3 -10 -.8 2.35 -10 -.6 2.25 -10
4 308 -.6 2.25 -10 -.8 2.35 -10 -.6 2.35 -10 -.2 2.3 -10
3 308 -.2 2.3 -10 -.6 2.35 -10 -.2 2.4 -10
4 308 0 2.3 -10 -.2 2.4 -10 .238 2.741 -10 .35 2.35 -10
4 308 .35 2.35 -10 .238 2.741 -10 .541 2.709 -10 .5 2.3 -10
4 308 2.7 2.35 -10 2.7 2.25 -10 2.5 2.35 -10 2.5 2.427 -10
4 308 -.8 2.55 -10 -.7 2.8 -10 -.6 2.75 -10 -.55 2.65 -10
3 308 -.55 2.65 -10 -.6 2.75 -10 -.35 2.75 -10
4 308 -.6 2.75 -10 -.7 2.8 -10 -.5 3.05 -10 -.094 2.929 -10
4 308 -.094 2.929 -10 -.5 3.05 -10 -.15 3.3 -10 .1 3.2 -10
3 308 -5.75 1 -10 -5.95 1 -10 -5.69 1.14 -10
3 308 -4.1 2.3 -10 -3.884 2.447 -10 -3.9 2.35 -10
4 308 -2.75 2.8 -10 -3.05 2.75 -10 -2.75 3.2 -10 -2.55 3.2 -10
4 308 -2.55 3.2 -10 -2.75 3.2 -10 -2.75 3.255 -10 -2.45 3.5 -10
4 308 -2.2 3.5 -10 -2.55 3.2 -10 -2.45 3.5 -10 -2.05 3.65 -10
4 308 -2.3 2.8 -10 -2.378 2.73 -10 -2.35 2.8 -10 -2.15 3.05 -10
3 308 -1.633 3.083 -10 -1.5 3.35 -10 -1.55 3.2 -10
3 308 -2.25 2.3 -10 -2.193 2.357 -10 -1.85 2.4 -10
4 308 1.65 3.06 -10 1.205 3.09 -10 1.487 3.291 -10 1.699 3.128 -10
3 308 2.7 2.25 -10 2.7 2.35 -10 2.873 2.272 -10
4 308 3.05 2 -10 3.079 2.175 -10 3.29 2.075 -10 3.2 1.85 -10
4 308 4.05 1.45 -10 4.136 1.571 -10 4.25 1.5 -10 4.3 1.35 -10
3 308 4.3 1.35 -10 4.25 1.5 -10 4.364 1.396 -10
4 308 .05 4.25 -10 -.3 4.45 -10 -.026 4.646 -10 .172 4.421 -10
3 308 0 3.8 -10 .427 4.132 -10 .5 4.05 -10
4 308 -1.9 3.65 -10 -2.05 3.65 -10 -2.05 3.75 -10 -1.88 3.771 -10
3 308 -2.45 3.5 -10 -2.05 3.75 -10 -2.05 3.65 -10
3 308 -2.45 3.5 -10 -2.04 3.807 -10 -2.05 3.75 -10
3 308 .85 2.55 -10 .898 2.671 -10 1.1 2.65 -10

4 0 11.4 26.65 10 11.05 26.75 10 10.75 25.9 10 11.3 25.9 10
4 0 11.4 26.65 10 11.3 25.9 10 11.8 25.95 10 12.15 26.2 10
4 0 11.75 26.8 10 11.4 26.65 10 12.15 26.2 10 12.4 26.5 10
4 0 11.85 27.15 10 11.75 26.8 10 12.4 26.5 10 12.5 27.2 10
4 0 11.85 27.15 10 12.5 27.2 10 12.4 27.65 10 11.65 27.6 10
4 0 11.65 27.6 10 12.4 27.65 10 12 28.2 10 11.05 28 10
4 0 11.05 28 10 12 28.2 10 11.45 28.5 10 11.05 28.65 10
4 0 11.05 28 10 11.05 28.65 10 10.6 28.75 10 10.35 28.1 10
4 0 10.35 28.1 10 10.6 28.75 10 9.85 28.8 10 9.7 28 10
4 0 9.7 28 10 9.85 28.8 10 9.3 28.6 10 9.2 27.25 10
4 0 9.2 27.25 10 9.3 28.6 10 8.6 28.45 10 8.75 27.15 10
4 0 8.75 27.15 10 8.6 28.45 10 7.8 27.8 10 7.85 27.2 10
4 0 8.45 26.9 10 8.75 27.15 10 7.85 27.2 10 7.85 26.7 10
4 0 8.35 26.6 10 8.45 26.9 10 7.85 26.7 10 7.75 26.4 10
4 0 8.45 26.3 10 8.35 26.6 10 7.75 26.4 10 7.975 25.566 10
4 0 7.975 25.566 10 7.75 26.4 10 7.55 26.15 10 7.76 25.466 10
4 0 7.76 25.466 10 7.55 26.15 10 7.2 25.9 10 7.05 25.5 10
4 0 7.624 25.158 10 7.76 25.466 10 7.05 25.5 10 7 25 10
4 0 7.646 24.822 10 7.624 25.158 10 7 25 10 7 24.5 10
4 0 7.646 24.822 10 7 24.5 10 7.2 24.1 10 7.814 24.655 10
4 0 7.814 24.655 10 7.2 24.1 10 7.5 23.85 10 8.25 23.8 10
4 0 10.05 24.291 10 7.814 24.655 10 8.25 23.8 10 9.7 23.6 10
4 0 8.25 23.8 10 7.5 23.85 10 7.6 23.55 10 8.05 23.05 10
4 0 8.05 23.05 10 7.6 23.55 10 7.55 23.15 10 8.05 22.65 10
4 0 8.05 22.65 10 7.55 23.15 10 7.3 22.85 10 8.15 22.35 10
4 0 8.15 22.35 10 7.3 22.85 10 6.85 22.65 10 6.95 21.95 10
4 0 7.8 27.8 10 8.6 28.45 10 8.6 29.05 10 7.65 28.5 10
4 0 7.65 28.5 10 8.6 29.05 10 8.4 29.65 10 7.35 29.2 10
4 0 7.35 29.2 10 8.4 29.65 10 8.1 30.15 10 7 29.8 10
4 0 7 29.8 10 8.1 30.15 10 7.8 30.5 10 6.6 30.25 10
4 0 6.6 30.25 10 7.8 30.5 10 7.05 30.95 10 6.15 30.4 10
4 0 6.15 30.4 10 7.05 30.95 10 6.3 31.05 10 5.65 30.4 10
4 0 5.65 30.4 10 6.3 31.05 10 5.45 31 10 4.95 30.35 10
4 0 5.65 30.4 10 4.95 30.35 10 5.2 29.8 10 5.85 29.7 10
4 0 5.85 29.7 10 5.2 29.8 10 5.45 28.95 10 6.1 28.65 10
4 0 6.1 28.65 10 5.45 28.95 10 5.55 28.25 10 6.15 27.55 10
4 0 6.15 27.55 10 5.55 28.25 10 4.95 27.1 10 6.15 26.4 10
4 0 6.15 26.4 10 4.95 27.1 10 5.05 26.1 10 6 25.8 10
4 0 6 25.8 10 5.05 26.1 10 5 25.75 10 6 25.4 10
4 0 5.275 24.909 10 6 25.4 10 5 25.75 10 4.8 25.55 10
4 0 6 25.4 10 5.275 24.909 10 5.47 24.774 10 6.2 25 10
4 0 6.2 25 10 5.47 24.774 10 5.55 24.447 10 6.3 24.55 10
4 0 6.3 24.1 10 6.3 24.55 10 5.55 24.447 10 5.47 24.12 10
4 0 6.15 23.7 10 6.3 24.1 10 5.47 24.12 10 5.275 23.984 10
4 0 5.95 23.4 10 6.15 23.7 10 5.275 23.984 10 5.1 23.35 10
4 0 5.9 23.1 10 5.95 23.4 10 5.1 23.35 10 5.15 22.9 10
4 0 6.05 22.8 10 5.9 23.1 10 5.15 22.9 10 5.05 22.65 10
4 0 10.75 25.9 10 10.21 25.201 10 10.378 25.034 10 11 25.45 10
4 0 11.1 24.9 10 11 25.45 10 10.378 25.034 10 10.401 24.698 10
4 0 11.05 24.4 10 11.1 24.9 10 10.401 24.698 10 10.8 23.9 10
4 0 10.8 23.9 10 10.401 24.698 10 10.265 24.39 10 10.4 23.6 10
4 0 10.4 23.6 10 10.265 24.39 10 10.05 24.291 10 9.7 23.6 10
4 0 10.35 22.9 10 10.4 23.6 10 9.7 23.6 10 9.65 22.7 10
4 0 10.3 22.3 10 10.35 22.9 10 9.65 22.7 10 9.5 22.4 10
4 0 10.25 26.5 10 10.15 26.2 10 10.75 25.9 10 11.05 26.75 10
4 0 10.25 26.5 10 11.05 26.75 10 10.8 27 10 10.1 26.9 10
4 0 10.1 26.9 10 10.8 27 10 10.5 27.4 10 10.2 27.7 10
4 0 9.7 27.15 10 10.1 26.9 10 10.2 27.7 10 9.7 28 10
3 0 9.7 27.15 10 9.7 28 10 9.2 27.25 10
4 0 10.75 25.9 10 10.15 26.2 10 9.9 26.05 10 10.21 25.201 10
3 0 10.21 25.201 10 9.9 26.05 10 9.45 26 10
4 0 10.21 25.201 10 9.45 26 10 8.8 26.1 10 7.975 25.566 10
3 0 7.975 25.566 10 8.8 26.1 10 8.45 26.3 10
4 0 9.85 28.8 10 10.6 28.75 10 10.6 29.25 10 9.9 29.4 10
4 0 9.9 29.4 10 10.6 29.25 10 10.5 30.15 10 9.85 29.95 10
4 0 9.85 29.95 10 10.5 30.15 10 10.4 30.75 10 9.65 30.45 10
4 0 9.65 30.45 10 10.4 30.75 10 9.95 31.1 10 9.25 30.7 10
4 0 9.25 30.7 10 9.95 31.1 10 9.25 31.35 10 8.7 30.8 10
4 0 8.7 30.8 10 9.25 31.35 10 8.5 31.4 10 8.15 30.7 10
4 0 8.15 30.7 10 8.5 31.4 10 7.7 31.25 10 7.8 30.5 10
3 0 7.8 30.5 10 7.7 31.25 10 7.05 30.95 10
4 0 3.7 23.25 10 5.1 23.35 10 5.275 23.984 10 3.225 23.891 10
4 0 2.85 23.15 10 3.7 23.25 10 3.225 23.891 10 2.5 23.45 10
4 0 2.5 23.45 10 3.225 23.891 10 3.03 24.027 10 2.3 23.8 10
4 0 2.2 24.25 10 2.3 23.8 10 3.03 24.027 10 2.95 24.353 10
4 0 2.25 24.65 10 2.2 24.25 10 2.95 24.353 10 2.35 25 10
4 0 2.35 25 10 2.95 24.353 10 3.03 24.68 10 2.55 25.35 10
4 0 2.95 25.65 10 2.55 25.35 10 3.03 24.68 10 3.225 24.816 10
4 0 3.4 25.7 10 2.95 25.65 10 3.225 24.816 10 3.5 25.55 10
4 0 5.275 24.909 10 4.8 25.55 10 4.4 25.5 10 3.225 24.816 10
3 0 3.225 24.816 10 4.4 25.5 10 3.5 25.55 10
4 0 2.95 25.65 10 3.4 25.7 10 3.45 25.9 10 2.95 25.85 10
4 0 2.95 25.85 10 3.45 25.9 10 3.35 26.7 10 2.6 26.05 10
4 0 2.6 26.05 10 3.35 26.7 10 2.9 26.8 10 2.3 26.45 10
4 0 2.3 26.45 10 2.9 26.8 10 2.7 27 10 2.2 26.95 10
4 0 2.25 27.4 10 2.2 26.95 10 2.7 27 10 2.7 27.35 10
4 0 2.4 27.95 10 2.25 27.4 10 2.7 27.35 10 2.95 27.8 10
4 0 2.6 28.35 10 2.4 27.95 10 2.95 27.8 10 2.85 28.6 10
4 0 2.85 28.6 10 2.95 27.8 10 3.3 28.1 10 3.25 28.85 10
4 0 5.55 28.25 10 5 28.6 10 4.5 27.95 10 4.95 27.1 10
4 0 4.95 27.1 10 4.5 27.95 10 4.35 27.45 10 4.65 26.5 10
4 0 4.65 26.5 10 4.35 27.45 10 4.1 27 10 4.35 26.2 10
4 0 4.35 26.2 10 4.1 27 10 3.75 26.7 10 3.85 25.95 10
4 0 3.45 25.9 10 3.85 25.95 10 3.75 26.7 10 3.35 26.7 10
4 0 4.25 28.15 10 4.5 27.95 10 5 28.6 10 4.4 28.85 10
4 0 4.25 28.15 10 4.4 28.85 10 3.75 29.05 10 3.8 28.2 10
4 0 3.8 28.2 10 3.75 29.05 10 3.25 28.85 10 3.3 28.1 10
4 0 3.25 28.85 10 3.75 29.05 10 3.6 29.7 10 2.9 29.35 10
4 0 2.9 29.35 10 3.6 29.7 10 3.35 30.35 10 2.4 29.8 10
4 0 2.4 29.8 10 3.35 30.35 10 3.15 30.7 10 2.05 30.05 10
4 0 1.7 30.15 10 2.05 30.05 10 3.15 30.7 10 1.8 30.85 10
4 0 4.7 30.65 10 4.95 30.35 10 5.45 31 10 4.95 31.3 10
4 0 4.25 30.8 10 4.7 30.65 10 4.95 31.3 10 4.15 31.45 10
4 0 3.75 30.8 10 4.25 30.8 10 4.15 31.45 10 3.45 31.4 10
4 0 3.15 30.7 10 3.75 30.8 10 3.45 31.4 10 2.75 31.25 10
3 0 3.15 30.7 10 2.75 31.25 10 2.3 31 10
3 0 3.15 30.7 10 2.3 31 10 1.8 30.85 10
4 0 1.7 30.15 10 1.8 30.85 10 1.15 30.8 10 .55 30.7 10
4 0 1.7 30.15 10 .55 30.7 10 .1 30.5 10 .75 29.8 10
4 0 1.7 30.15 10 .75 29.8 10 1.05 29.65 10 1.75 29.75 10
4 0 1.75 29.75 10 1.05 29.65 10 1.2 29.4 10 1.8 29.3 10
4 0 1.75 28.9 10 1.8 29.3 10 1.2 29.4 10 1.25 29 10
4 0 1.65 28.5 10 1.75 28.9 10 1.25 29 10 1.1 28.35 10
4 0 1.35 27.75 10 1.65 28.5 10 1.1 28.35 10 .85 27.75 10
4 0 1.05 26.9 10 1.35 27.75 10 .85 27.75 10 .65 26.8 10
4 0 .85 25.95 10 1.05 26.9 10 .65 26.8 10 .5 25.85 10
4 0 .7 25 10 .85 25.95 10 .5 25.85 10 .4 25 10
4 0 .6 24.45 10 .7 25 10 .4 25 10 .45 24.45 10
4 0 .35 29.7 10 .75 29.8 10 .1 30.5 10 -.45 30.4 10
4 0 .35 29.7 10 -.45 30.4 10 -.95 29.55 10 .05 29.35 10
4 0 .05 29.35 10 -.95 29.55 10 -.95 29.2 10 -.25 28.65 10
4 0 -.25 28.65 10 -.95 29.2 10 -1.15 28.4 10 -.35 27.9 10
4 0 -.35 27.9 10 -1.15 28.4 10 -1.25 27.25 10 -.5 26.5 10
4 0 -.5 26.5 10 -1.25 27.25 10 -1.25 25.85 10 -.5 24.9 10
4 0 -.5 24.9 10 -1.25 25.85 10 -1.2 24.5 10 -.45 23.55 10
4 0 -.45 23.55 10 -1.2 24.5 10 -1 22.8 10 -.35 22.15 10
4 0 -1.2 29.75 10 -.95 29.55 10 -.45 30.4 10 -1.2 30.35 10
4 0 -1.7 29.8 10 -1.2 29.75 10 -1.2 30.35 10 -1.65 30.5 10
4 0 -2.05 29.7 10 -1.7 29.8 10 -1.65 30.5 10 -2.6 30.1 10
4 0 -2.6 30.4 10 -2.6 30.1 10 -1.65 30.5 10 -1.9 30.8 10
4 0 -2.85 30.6 10 -2.6 30.4 10 -1.9 30.8 10 -2.35 31.1 10
4 0 -2.85 30.6 10 -2.35 31.1 10 -3.1 31.2 10 -3.4 30.65 10
4 0 -3.4 30.65 10 -3.1 31.2 10 -3.75 31.2 10 -3.8 30.5 10
4 0 -3.8 30.5 10 -3.75 31.2 10 -4.25 31.05 10 -4.6 30.8 10
4 0 -4.15 30.2 10 -3.8 30.5 10 -4.6 30.8 10 -5 30.65 10
4 0 -4.35 29.75 10 -4.15 30.2 10 -5 30.65 10 -5.35 29.85 10
4 0 -2.05 29.7 10 -2.6 30.1 10 -2.95 29.5 10 -2.35 29.1 10
4 0 -2.35 29.1 10 -2.95 29.5 10 -3.35 28.55 10 -2.8 27.65 10
4 0 -2.8 27.65 10 -3.35 28.55 10 -3.6 27.55 10 -2.95 26.85 10
4 0 -3.8 26.4 10 -2.95 26.85 10 -3.6 27.55 10 -4.1 26.65 10
4 0 -4.1 26.65 10 -3.6 27.55 10 -4.15 27.95 10 -4.5 26.75 10
4 0 -5.1 27.45 10 -4.5 26.75 10 -4.15 27.95 10 -4.7 28.15 10
3 0 -5.1 27.45 10 -4.7 28.15 10 -5.15 27.7 10
4 0 -2.95 26.85 10 -3.8 26.4 10 -3.6 26.1 10 -2.95 26.25 10
4 0 -2.95 26.25 10 -3.6 26.1 10 -3.45 25.6 10 -2.8 25.7 10
4 0 -2.8 25.7 10 -3.45 25.6 10 -3.175 24.909 10 -2.98 24.774 10
4 0 -2.45 25.2 10 -2.8 25.7 10 -2.98 24.774 10 -2.25 24.75 10
4 0 -2.15 24.35 10 -2.25 24.75 10 -2.98 24.774 10 -2.9 24.447 10
4 0 -2.25 23.95 10 -2.15 24.35 10 -2.9 24.447 10 -2.98 24.12 10
4 0 -2.4 23.55 10 -2.25 23.95 10 -2.98 24.12 10 -3.175 23.984 10
4 0 -2.4 23.55 10 -3.175 23.984 10 -3.15 23.4 10 -2.4 23.15 10
4 0 -2.4 23.15 10 -3.15 23.4 10 -3.15 22.85 10 -2.25 22.8 10
4 0 -2.25 22.8 10 -3.15 22.85 10 -3.35 22.55 10 -3.15 21.8 10
4 0 -5 23.25 10 -3.15 23.4 10 -3.175 23.984 10 -5.375 23.891 10
4 0 -3.175 24.909 10 -3.45 25.6 10 -5.1 25.55 10 -5.375 24.816 10
4 0 -5.375 24.816 10 -5.1 25.55 10 -5.35 25.75 10 -5.57 24.68 10
4 0 -5.57 24.68 10 -5.35 25.75 10 -5.5 26.1 10 -6.65 25.75 10
4 0 -6.2 26.6 10 -6.65 25.75 10 -5.5 26.1 10 -5.35 26.5 10
4 0 -5.8 27.05 10 -6.2 26.6 10 -5.35 26.5 10 -5.05 26.7 10
4 0 -5.4 27.3 10 -5.8 27.05 10 -5.05 26.7 10 -5.1 27.45 10
3 0 -5.05 26.7 10 -4.5 26.75 10 -5.1 27.45 10
4 0 10.53 20.15 10 10.49 19.947 10 11.04 19.719 10 11.126 20.15 10
4 0 10.49 20.353 10 10.53 20.15 10 11.126 20.15 10 11.04 20.581 10
4 0 10.375 20.525 10 10.49 20.353 10 11.04 20.581 10 10.796 20.946 10
4 0 10.203 20.64 10 10.375 20.525 10 10.796 20.946 10 10.431 21.19 10
4 0 10 20.68 10 10.203 20.64 10 10.431 21.19 10 10 21.276 10
4 0 9.797 20.64 10 10 20.68 10 10 21.276 10 9.569 21.19 10
4 0 9.625 20.525 10 9.797 20.64 10 9.569 21.19 10 9.204 20.946 10
4 0 9.51 20.353 10 9.625 20.525 10 9.204 20.946 10 8.96 20.581 10
4 0 9.47 20.15 10 9.51 20.353 10 8.96 20.581 10 8.874 20.15 10
4 0 9.51 19.947 10 9.47 20.15 10 8.874 20.15 10 8.96 19.719 10
4 0 9.625 19.775 10 9.51 19.947 10 8.96 19.719 10 9.204 19.354 10
4 0 9.797 19.66 10 9.625 19.775 10 9.204 19.354 10 9.569 19.11 10
4 0 10 19.62 10 9.797 19.66 10 9.569 19.11 10 10 19.024 10
4 0 10.203 19.66 10 10 19.62 10 10 19.024 10 10.431 19.11 10
4 0 10.375 19.775 10 10.203 19.66 10 10.431 19.11 10 10.796 19.354 10
4 0 10.49 19.947 10 10.375 19.775 10 10.796 19.354 10 11.04 19.719 10
4 0 -9.07 19.9 10 -9.11 19.697 10 -8.56 19.469 10 -8.474 19.9 10
4 0 -9.11 20.103 10 -9.07 19.9 10 -8.474 19.9 10 -8.56 20.331 10
4 0 -9.225 20.275 10 -9.11 20.103 10 -8.56 20.331 10 -8.804 20.696 10
4 0 -9.397 20.39 10 -9.225 20.275 10 -8.804 20.696 10 -9.169 20.94 10
4 0 -9.6 20.43 10 -9.397 20.39 10 -9.169 20.94 10 -9.6 21.026 10
4 0 -9.803 20.39 10 -9.6 20.43 10 -9.6 21.026 10 -10.031 20.94 10
4 0 -9.975 20.275 10 -9.803 20.39 10 -10.031 20.94 10 -10.396 20.696 10
4 0 -10.09 20.103 10 -9.975 20.275 10 -10.396 20.696 10 -10.64 20.331 10
4 0 -10.13 19.9 10 -10.09 20.103 10 -10.64 20.331 10 -10.726 19.9 10
4 0 -10.09 19.697 10 -10.13 19.9 10 -10.726 19.9 10 -10.64 19.469 10
4 0 -9.975 19.525 10 -10.09 19.697 10 -10.64 19.469 10 -10.396 19.104 10
4 0 -9.803 19.41 10 -9.975 19.525 10 -10.396 19.104 10 -10.031 18.86 10
4 0 -9.6 19.37 10 -9.803 19.41 10 -10.031 18.86 10 -9.6 18.774 10
4 0 -9.397 19.41 10 -9.6 19.37 10 -9.6 18.774 10 -9.169 18.86 10
4 0 -9.225 19.525 10 -9.397 19.41 10 -9.169 18.86 10 -8.804 19.104 10
4 0 -9.11 19.697 10 -9.225 19.525 10 -8.804 19.104 10 -8.56 19.469 10
4 0 10.2 21.6 10 10.3 22.3 10 9.5 22.4 10 9.15 22.25 10
4 0 8.75 21.75 10 10.2 21.6 10 9.15 22.25 10 8.65 22.25 10
4 0 8.75 21.75 10 8.65 22.25 10 8.15 22.35 10 6.95 21.95 10
4 0 6.95 21.95 10 6.85 22.65 10 6.4 22.65 10 5.15 22.05 10
4 0 5.15 22.05 10 6.4 22.65 10 6.05 22.8 10 5.05 22.65 10
4 0 5.15 22.05 10 5.05 22.65 10 4.6 22.5 10 3.65 22.15 10
4 0 3.65 22.15 10 4.6 22.5 10 3.95 22.55 10 2.55 22.2 10
4 0 2.55 22.2 10 3.95 22.55 10 3.75 22.8 10 2.85 23.15 10
3 0 3.75 22.8 10 3.7 23.25 10 2.85 23.15 10
4 0 1.75 22.15 10 2.55 22.2 10 2.85 23.15 10 1.5 23.05 10
4 0 1.5 22 10 1.75 22.15 10 1.5 23.05 10 .9 22.9 10
4 0 1.5 22 10 .9 22.9 10 .6 22.7 10 .5 22.35 10
4 0 1.5 22 10 .5 22.35 10 .5 22 10 1.35 21.7 10
4 0 1.35 21.7 10 .5 22 10 .45 21.55 10 1.4 21.4 10
4 0 1.4 21.4 10 .45 21.55 10 .3 21.4 10 1.099 20.414 10
4 0 -5.7 27.85 10 -5.15 27.7 10 -4.7 28.15 10 -5.5 28.35 10
4 0 -6.3 27.8 10 -5.7 27.85 10 -5.5 28.35 10 -6 28.4 10
4 0 -6.3 27.8 10 -6 28.4 10 -6.55 28.3 10 -7.1 28.05 10
4 0 -6.85 27.55 10 -6.3 27.8 10 -7.1 28.05 10 -7.6 27.75 10
4 0 -7.35 27.15 10 -6.85 27.55 10 -7.6 27.75 10 -7.95 27.4 10
4 0 -7.75 26.35 10 -7.35 27.15 10 -7.95 27.4 10 -8.5 27.1 10
3 0 -7.75 26.35 10 -8.5 27.1 10 -8.5 26.65 10
4 0 -8.65 27.55 10 -8.5 27.1 10 -7.95 27.4 10 -8 27.75 10
4 0 -8.95 27.75 10 -8.65 27.55 10 -8 27.75 10 -8.4 28.45 10
4 0 -8.4 28.45 10 -8 27.75 10 -7.9 28.15 10 -8 29.35 10
4 0 -8 29.35 10 -7.9 28.15 10 -7.4 29.2 10 -7.6 30 10
4 0 -7.6 30 10 -7.4 29.2 10 -7 29.8 10 -7.45 30.4 10
4 0 -7.45 30.4 10 -7 29.8 10 -6.8 30 10 -7.45 30.6 10
4 0 -5.5 28.35 10 -4.7 28.15 10 -4.6 28.95 10 -5.2 28.85 10
4 0 -5.1 29.3 10 -5.2 28.85 10 -4.6 28.95 10 -4.35 29.75 10
3 0 -5.1 29.3 10 -4.35 29.75 10 -5.15 29.65 10
3 0 -5.15 29.65 10 -4.35 29.75 10 -5.35 29.85 10
4 0 -5.35 29.85 10 -5 30.65 10 -5.6 30.55 10 -5.9 30.05 10
4 0 -5.9 30.05 10 -5.6 30.55 10 -6.2 30.65 10 -6.5 30.1 10
4 0 -6.5 30.1 10 -6.2 30.65 10 -6.65 30.8 10 -6.8 30 10
4 0 -7.45 30.6 10 -6.8 30 10 -6.65 30.8 10 -7.15 31.1 10
4 0 -7.45 30.6 10 -7.15 31.1 10 -7.75 31.2 10 -8.1 30.65 10
4 0 -8.1 30.65 10 -7.75 31.2 10 -8.5 31.15 10 -8.8 30.55 10
4 0 -8.8 30.55 10 -8.5 31.15 10 -9.05 31 10 -9.4 30.75 10
4 0 -9.15 30.15 10 -8.8 30.55 10 -9.4 30.75 10 -9.8 30.55 10
4 0 -9.15 30.15 10 -9.8 30.55 10 -10.55 29.65 10 -10.35 29.45 10
4 0 -9.5 29.25 10 -9.15 30.15 10 -10.35 29.45 10 -10.3 29.15 10
4 0 -9.8 28.45 10 -9.5 29.25 10 -10.3 29.15 10 -10.35 28.7 10
4 0 -9.8 28.45 10 -10.35 28.7 10 -10.5 28.05 10 -9.8 27.6 10
4 0 -9.8 28.45 10 -9.8 27.6 10 -9.4 27.75 10 -8.4 28.45 10
3 0 -9.4 27.75 10 -8.95 27.75 10 -8.4 28.45 10
4 0 -11 29.8 10 -10.55 29.65 10 -9.8 30.55 10 -10.7 30.5 10
4 0 -11.6 29.9 10 -11 29.8 10 -10.7 30.5 10 -11.85 30.4 10
4 0 -12.1 29.8 10 -11.6 29.9 10 -11.85 30.4 10 -12.45 30.25 10
4 0 -12.1 29.8 10 -12.45 30.25 10 -12.8 30.05 10 -12.35 29.6 10
4 0 -12.35 29.6 10 -12.8 30.05 10 -13.05 29.75 10 -12.55 29.2 10
4 0 -6.45 24.4 10 -5.65 24.353 10 -5.57 24.68 10 -7 24.8 10
3 0 -5.57 24.68 10 -6.65 25.75 10 -7 24.8 10
4 0 -6.45 24.4 10 -7 24.8 10 -7.2 24.45 10 -6.7 24.05 10
4 0 -7.1 23.75 10 -6.7 24.05 10 -7.2 24.45 10 -7.55 24.3 10
4 0 -7.5 23.65 10 -7.1 23.75 10 -7.55 24.3 10 -7.85 23.65 10
4 0 -7.85 23.65 10 -7.55 24.3 10 -7.85 24.3 10 -8.25 23.7 10
4 0 -8.25 23.7 10 -7.85 24.3 10 -8.05 24.4 10 -8.73 24.47 10
4 0 -8.73 24.47 10 -8.05 24.4 10 -8.15 24.7 10 -8.65 24.797 10
4 0 -8.65 24.797 10 -8.15 24.7 10 -8.1 25.35 10 -8.73 25.124 10
4 0 -8.65 26.2 10 -8.73 25.124 10 -8.1 25.35 10 -7.75 26.35 10
3 0 -8.65 26.2 10 -7.75 26.35 10 -8.5 26.65 10
4 0 -8.73 25.124 10 -8.65 26.2 10 -8.9 26 10 -8.925 25.259 10
4 0 -8.925 25.259 10 -8.9 26 10 -10 26 10 -10.575 25.266 10
4 0 -10.575 25.266 10 -10 26 10 -10.25 26.2 10 -11.1 25.7 10
4 0 -.35 22.15 10 -1 22.8 10 -1.5 22.7 10 -2.1 21.7 10
4 0 -2.45 21.8 10 -2.1 21.7 10 -1.5 22.7 10 -1.9 22.7 10
4 0 -2.45 21.8 10 -1.9 22.7 10 -2.25 22.8 10 -3.15 21.8 10
4 0 -3.15 21.8 10 -3.35 22.55 10 -3.7 22.4 10 -4.55 21.7 10
3 0 -4.55 21.7 10 -3.7 22.4 10 -4.3 22.35 10
4 0 -4.55 21.7 10 -4.3 22.35 10 -4.75 22.5 10 -6.4 21.55 10
4 0 -6.4 21.55 10 -4.75 22.5 10 -5.65 22.6 10 -6.05 22.4 10
4 0 -5.65 22.6 10 -4.75 22.5 10 -4.9 22.75 10 -5.6 22.8 10
4 0 -5.6 22.8 10 -4.9 22.75 10 -5 23.25 10 -5.7 23 10
4 0 -5.7 23 10 -5 23.25 10 -5.375 23.891 10 -5.57 24.027 10
4 0 -6.15 23.55 10 -5.7 23 10 -5.57 24.027 10 -6.35 24 10
4 0 -6.35 24 10 -5.57 24.027 10 -5.65 24.353 10 -6.45 24.4 10
4 0 -6.4 21.55 10 -6.05 22.4 10 -7.1 22.25 10 -8 21.5 10
4 0 -8 21.5 10 -7.1 22.25 10 -7.9 22.3 10 -8.8 22.2 10
4 0 -8.8 22.2 10 -7.9 22.3 10 -8.15 22.5 10 -8.7 22.5 10
4 0 -8.7 22.5 10 -8.15 22.5 10 -8.25 23 10 -8.85 23.05 10
4 0 -8.85 23.05 10 -8.25 23 10 -8.25 23.7 10 -9 23.7 10
4 0 -8.925 24.334 10 -9 23.7 10 -8.25 23.7 10 -8.73 24.47 10
4 0 -9 23.7 10 -8.925 24.334 10 -10.575 24.341 10 -10.45 23.7 10
3 0 -8 21.5 10 -8.8 22.2 10 -8.95 22 10
4 0 -8 21.5 10 -8.95 22 10 -9.65 21.95 10 -10.25 21.4 10
4 0 -10.25 21.4 10 -9.65 21.95 10 -9.95 22.05 10 -11.05 21.95 10
4 0 -11.05 21.95 10 -9.95 22.05 10 -10.1 22.3 10 -10.95 22.25 10
4 0 -10.95 22.25 10 -10.1 22.3 10 -10.35 23 10 -10.95 22.7 10
4 0 -10.95 22.7 10 -10.35 23 10 -10.45 23.7 10 -11.1 23.8 10
4 0 -11.1 23.8 10 -10.45 23.7 10 -10.575 24.341 10 -10.77 24.477 10
4 0 -11.3 24.2 10 -11.1 23.8 10 -10.77 24.477 10 -11.35 24.65 10
4 0 -11.35 24.65 10 -10.77 24.477 10 -10.85 24.803 10 -11.35 25 10
4 0 -11.25 25.4 10 -11.35 25 10 -10.85 24.803 10 -10.77 25.13 10
4 0 -11.1 25.7 10 -11.25 25.4 10 -10.77 25.13 10 -10.575 25.266 10
4 0 -10.95 26.15 10 -11.1 25.7 10 -10.25 26.2 10 -10.25 26.5 10
4 0 -10.7 27.15 10 -10.95 26.15 10 -10.25 26.5 10 -10.05 27.25 10
4 0 -10.5 28.05 10 -10.7 27.15 10 -10.05 27.25 10 -9.8 27.6 10
4 0 -10.75 21.25 10 -10.25 21.4 10 -11.05 21.95 10 -11.4 21.85 10
4 0 -11.1 20.95 10 -10.75 21.25 10 -11.4 21.85 10 -11.85 21.9 10
4 0 -12.4 20.85 10 -11.1 20.95 10 -11.85 21.9 10 -12.6 21.5 10
4 0 -12.6 21.5 10 -11.85 21.9 10 -12.05 22.15 10 -12.8 21.95 10
4 0 -12.8 21.95 10 -12.05 22.15 10 -12.2 22.65 10 -13.2 21.85 10
4 0 -11.3 20.45 10 -11.1 20.95 10 -12.4 20.85 10 -12.3 20.3 10
4 0 -11.45 19.65 10 -11.3 20.45 10 -12.3 20.3 10 -12.4 19.95 10
4 0 -12.2 18.95 10 -11.45 19.65 10 -12.4 19.95 10 -12.55 19.1 10
4 0 -12.55 19.1 10 -12.4 19.95 10 -12.85 19.85 10 -13.6 19.4 10
4 0 -13.6 19.4 10 -12.85 19.85 10 -13.65 20.05 10 -14.1 19.65 10
4 0 -14.1 19.65 10 -13.65 20.05 10 -13.85 20.25 10 -14.3 20 10
4 0 -14.4 20.45 10 -14.3 20 10 -13.85 20.25 10 -13.9 20.65 10
4 0 -14.3 20.95 10 -14.4 20.45 10 -13.9 20.65 10 -13.8 21.15 10
4 0 -14.1 21.5 10 -14.3 20.95 10 -13.8 21.15 10 -13.5 21.65 10
4 0 -13.95 22.05 10 -14.1 21.5 10 -13.5 21.65 10 -13.2 21.85 10
4 0 -11.45 19.65 10 -12.2 18.95 10 -12.05 18.7 10 -11.4 18.4 10
4 0 -11.4 18.4 10 -12.05 18.7 10 -12.1 18.4 10 -11.2 17.35 10
4 0 -11.2 17.35 10 -12.1 18.4 10 -12.25 18.3 10 -12.35 17.5 10
4 0 -12.65 17.75 10 -12.35 17.5 10 -12.25 18.3 10 -12.5 18.35 10
4 0 -13.55 18.1 10 -12.65 17.75 10 -12.5 18.35 10 -13.65 18.85 10
4 0 -14.05 18.45 10 -13.55 18.1 10 -13.65 18.85 10 -14.15 18.65 10
4 0 -14.2 19 10 -14.15 18.65 10 -13.65 18.85 10 -13.6 19.4 10
3 0 -14.2 19 10 -13.6 19.4 10 -14.1 19.65 10
4 0 14.9 20.1 10 14.95 21.15 10 14.4 20.75 10 14.4 20.05 10
4 0 14.85 19.8 10 14.9 20.1 10 14.4 20.05 10 14.7 19.55 10
4 0 13.4 18.9 10 14.7 19.55 10 14.4 20.05 10 12.95 19.35 10
4 0 13.15 18.65 10 13.4 18.9 10 12.95 19.35 10 12.55 19.2 10
4 0 12.7 18.3 10 13.15 18.65 10 12.55 19.2 10 12.35 18.3 10
4 0 12.35 18.3 10 12.55 19.2 10 12.35 19.25 10 12 18.2 10
4 0 11.4 18.85 10 12 18.2 10 12.35 19.25 10 12.25 19.5 10
3 0 11.4 18.85 10 12.25 19.5 10 11.65 19.45 10
4 0 11.8 20 10 11.65 19.45 10 12.25 19.5 10 12.4 19.75 10
4 0 11.8 20.45 10 11.8 20 10 12.4 19.75 10 12.4 20.6 10
4 0 12.4 20.6 10 12.4 19.75 10 12.75 20 10 13.45 20.95 10
4 0 14.95 21.15 10 14.85 21.65 10 14.3 21.35 10 14.4 20.75 10
4 0 14.4 20.75 10 14.3 21.35 10 13.45 20.95 10 12.75 20 10
4 0 11.65 20.85 10 11.8 20.45 10 12.4 20.6 10 12.35 21 10
4 0 11.25 21.2 10 11.65 20.85 10 12.35 21 10 12.45 21.7 10
4 0 11.25 21.2 10 12.45 21.7 10 11.55 22.6 10 11 22.4 10
4 0 10.75 21.45 10 11.25 21.2 10 11 22.4 10 10.3 22.3 10
3 0 10.75 21.45 10 10.3 22.3 10 10.2 21.6 10
4 0 14.85 21.65 10 14.95 21.15 10 15.25 21.35 10 15.55 21.7 10
4 0 15 21.9 10 14.85 21.65 10 15.55 21.7 10 15.4 22.35 10
4 0 14 17.2 10 15.2 16.25 10 14.35 17.25 10 13.65 18 10
4 0 13.2 17.95 10 14 17.2 10 13.65 18 10 13.15 18.65 10
3 0 13.2 17.95 10 13.15 18.65 10 12.7 18.3 10
4 0 13.6 14.3 10 14.45 13.05 10 14 14.15 10 13.3 15.45 10
4 0 12.65 15.75 10 13.6 14.3 10 13.3 15.45 10 12.45 16.7 10
4 0 11.7 17 10 12.65 15.75 10 12.45 16.7 10 11.85 17.5 10
4 0 11.3 17.35 10 11.7 17 10 11.85 17.5 10 11.7 17.85 10
4 0 11.05 17.4 10 11.3 17.35 10 11.7 17.85 10 10.85 18.15 10
4 0 10.85 18.15 10 11.7 17.85 10 11.8 18.05 10 11.15 18.5 10
4 0 11.15 18.5 10 11.8 18.05 10 12 18.2 10 11.4 18.85 10
4 0 10.7 17.3 10 11.05 17.4 10 10.85 18.15 10 10.35 17.8 10
4 0 9.95 16.85 10 10.7 17.3 10 10.35 17.8 10 9.75 17.55 10
4 0 9.15 16.35 10 9.95 16.85 10 9.75 17.55 10 9.15 17.45 10
4 0 14.75 28 10 16.2 27.8 10 16.05 28.35 10 14.45 28.55 10
4 0 13.45 28.3 10 14.75 28 10 14.45 28.55 10 13.5 28.85 10
4 0 13.45 28.3 10 13.5 28.85 10 12.75 28.55 10 13.3 28.2 10
4 0 12.75 28.55 10 13.5 28.85 10 13.25 29.1 10 12.7 29.05 10
4 0 12.7 29.05 10 13.25 29.1 10 13.1 29.55 10 12.5 29.65 10
4 0 12.5 29.65 10 13.1 29.55 10 13 30.05 10 12.75 30.4 10
4 0 12.2 29.95 10 12.5 29.65 10 12.75 30.4 10 12.05 30.65 10
4 0 11.4 30.2 10 12.2 29.95 10 12.05 30.65 10 11.2 30.8 10
4 0 10.95 30.25 10 11.4 30.2 10 11.2 30.8 10 10.4 30.75 10
3 0 10.5 30.15 10 10.95 30.25 10 10.4 30.75 10
4 0 14.25 27.1 10 15.9 26.65 10 15.7 27.25 10 14.15 27.65 10
4 0 13.6 27.2 10 14.25 27.1 10 14.15 27.65 10 13.6 27.8 10
4 0 13.35 27.15 10 13.6 27.2 10 13.6 27.8 10 13.35 27.95 10
4 0 12.75 27.4 10 13.35 27.15 10 13.35 27.95 10 13.3 28.2 10
3 0 12.75 27.4 10 13.3 28.2 10 12.75 28.55 10
4 0 13.2 26.9 10 13.35 27.15 10 12.75 27.4 10 12.65 26.3 10
4 0 13.25 26.65 10 13.2 26.9 10 12.65 26.3 10 13.25 25.75 10
4 0 14.2 25.75 10 15.85 25.4 10 15.95 25.9 10 14.05 26.3 10
4 0 13.45 25.8 10 14.2 25.75 10 14.05 26.3 10 13.45 26.5 10
4 0 13.25 25.75 10 13.45 25.8 10 13.45 26.5 10 13.25 26.65 10
4 0 13.25 25.75 10 12.65 26.3 10 12.55 25.3 10 13.15 25.55 10
4 0 13.95 24.55 10 15.5 24.2 10 15.4 24.75 10 13.75 25.1 10
4 0 13.2 24.65 10 13.95 24.55 10 13.75 25.1 10 13.2 25.35 10
4 0 12.55 25.3 10 13.2 24.65 10 13.2 25.35 10 13.15 25.55 10
4 0 13.05 24.55 10 13.2 24.65 10 12.55 25.3 10 12.4 24.25 10
3 0 12.4 24.25 10 13 24.35 10 13.05 24.55 10
4 0 13.8 23.5 10 15.1 23.2 10 15.05 23.8 10 13.65 24.05 10
4 0 13.1 23.6 10 13.8 23.5 10 13.65 24.05 10 13.1 24.2 10
4 0 12.9 23.5 10 13.1 23.6 10 13.1 24.2 10 12.4 24.25 10
3 0 13.1 24.2 10 13 24.35 10 12.4 24.25 10
4 0 14.55 22.15 10 15 21.9 10 15.4 22.35 10 14.85 22.6 10
4 0 14.3 22.35 10 14.55 22.15 10 14.85 22.6 10 14.55 22.85 10
4 0 14.3 22.35 10 14.55 22.85 10 14.25 22.9 10 14.05 22.35 10
4 0 14.05 22.35 10 14.25 22.9 10 13.85 22.8 10 13.7 22.25 10
4 0 13.7 22.25 10 13.85 22.8 10 13.4 22.8 10 13.25 22.25 10
4 0 12.6 22.4 10 13.25 22.25 10 13.4 22.8 10 12.75 22.95 10
4 0 12.6 22.4 10 12.75 22.95 10 12.1 23.05 10 11.85 22.75 10
4 0 12.45 21.7 10 12.6 22.4 10 11.85 22.75 10 11.55 22.6 10
4 0 12.9 23.5 10 12.25 23.55 10 12.1 23.05 10 12.75 22.95 10
3 0 12.9 23.5 10 12.4 24.25 10 12.25 23.55 10
4 0 -13.2 21.85 10 -12.2 22.65 10 -12.95 22.95 10 -13.15 22.8 10
4 0 -13.95 22.05 10 -13.2 21.85 10 -13.15 22.8 10 -13.8 22.65 10
4 0 -14.6 22.05 10 -13.95 22.05 10 -13.8 22.65 10 -14.9 22.5 10
4 0 -15.5 21.95 10 -14.6 22.05 10 -14.9 22.5 10 -15.8 22.35 10
4 0 -12.95 22.95 10 -12.2 22.65 10 -12.25 23.4 10 -13 23.1 10
4 0 -13.2 23.2 10 -13 23.1 10 -12.25 23.4 10 -13.25 23.85 10
4 0 -13.85 23.15 10 -13.2 23.2 10 -13.25 23.85 10 -14.3 23.7 10
4 0 -15.2 23 10 -13.85 23.15 10 -14.3 23.7 10 -15.5 23.5 10
3 0 -12.25 23.4 10 -13.1 24 10 -13.25 23.85 10
4 0 -13.1 24 10 -12.25 23.4 10 -12.4 24.7 10 -13.05 24.2 10
4 0 -13.15 24.4 10 -13.05 24.2 10 -12.4 24.7 10 -13.15 25.2 10
4 0 -13.15 24.4 10 -13.15 25.2 10 -13.35 25.1 10 -13.4 24.45 10
4 0 -13.4 24.45 10 -13.35 25.1 10 -14.3 24.9 10 -14.8 24.25 10
4 0 -14.8 24.25 10 -14.3 24.9 10 -15.75 24.6 10 -15.8 24.05 10
4 0 -13.1 25.4 10 -13.15 25.2 10 -12.4 24.7 10 -12.5 25.7 10
4 0 -13.15 25.65 10 -13.1 25.4 10 -12.5 25.7 10 -12.55 26.6 10
4 0 -13.15 25.65 10 -12.55 26.6 10 -13.3 26.55 10 -13.4 25.75 10
3 0 -13.4 25.75 10 -13.3 26.55 10 -13.5 26.4 10
4 0 -14.75 25.5 10 -13.4 25.75 10 -13.5 26.4 10 -14.95 26 10
4 0 -15.95 25.25 10 -14.75 25.5 10 -14.95 26 10 -16.2 25.7 10
4 0 -13.3 26.8 10 -13.3 26.55 10 -12.55 26.6 10 -12.6 27.4 10
4 0 -13.4 27 10 -13.3 26.8 10 -12.6 27.4 10 -13.3 27.8 10
4 0 -13.4 27 10 -13.3 27.8 10 -13.5 27.6 10 -13.65 27.05 10
4 0 -13.65 27.05 10 -13.5 27.6 10 -13.75 27.5 10 -14.9 26.7 10
4 0 -14.9 26.7 10 -13.75 27.5 10 -15.35 27.15 10 -16.3 26.4 10
4 0 -16.3 26.4 10 -15.35 27.15 10 -16.5 26.9 10 -17.357 26.208 10
4 0 -13.25 28.05 10 -13.3 27.8 10 -12.6 27.4 10 -12.65 28.45 10
4 0 -13.4 28.25 10 -13.25 28.05 10 -12.65 28.45 10 -13.25 28.95 10
4 0 -13.7 28.25 10 -13.4 28.25 10 -13.25 28.95 10 -13.65 28.8 10
4 0 -14.6 28.05 10 -13.7 28.25 10 -13.65 28.8 10 -14.75 28.5 10
4 0 -15.85 27.7 10 -14.6 28.05 10 -14.75 28.5 10 -16.1 28.15 10
4 0 -13.25 28.95 10 -12.65 28.45 10 -12.55 29.2 10 -13.15 29.4 10
3 0 -12.55 29.2 10 -13.05 29.75 10 -13.15 29.4 10
4 0 10.45 1.1 10 11.05 1.15 10 11.45 1.35 10 10.6 1.5 10
4 0 9.85 1.3 10 10.45 1.1 10 10.6 1.5 10 9.85 1.8 10
4 0 9.1 1.7 10 9.85 1.3 10 9.85 1.8 10 9.25 2.15 10
4 0 8.6 2.05 10 9.1 1.7 10 9.25 2.15 10 8.95 2.65 10
4 0 8.45 2.6 10 8.6 2.05 10 8.95 2.65 10 8.65 3.1 10
4 0 8.75 1.35 10 9.1 1.7 10 8.6 2.05 10 8.45 1.75 10
4 0 8.4 1 10 8.75 1.35 10 8.45 1.75 10 8.15 1.65 10
4 0 8 1 10 8.4 1 10 8.15 1.65 10 7.75 1.25 10
4 0 7.75 1.25 10 8.15 1.65 10 7.9 1.75 10 7.3 1.7 10
4 0 7.3 1.7 10 7.9 1.75 10 7.1 2.9 10 6.4 3.1 10
4 0 10.5 5.35 10 10.45 5.75 10 9.75 5.6 10 9.75 5.2 10
4 0 10.45 4.85 10 10.5 5.35 10 9.75 5.2 10 10.2 4.4 10
4 0 10.2 4.4 10 9.75 5.2 10 9.6 4.6 10 9.8 3.85 10
4 0 9.8 3.85 10 9.6 4.6 10 9.25 3.85 10 9.35 3.15 10
4 0 9.35 3.15 10 9.25 3.85 10 8.95 3.4 10 8.95 2.65 10
3 0 8.95 2.65 10 8.95 3.4 10 8.65 3.1 10
4 0 8.45 2.6 10 8.65 3.1 10 8.25 3.1 10 7.85 2.7 10
4 0 7.85 2.7 10 8.25 3.1 10 7.55 3.25 10 7.1 2.9 10
4 0 7.1 2.9 10 7.55 3.25 10 6.85 3.5 10 6.4 3.1 10
4 0 6.4 3.1 10 6.85 3.5 10 6.35 3.85 10 5.65 4.1 10
4 0 5.65 4.1 10 6.35 3.85 10 5.9 4.55 10 5.5 5 10
4 0 12.45 5.15 10 12.95 5.15 10 13.05 5.6 10 12.45 5.65 10
4 0 12 5.3 10 12.45 5.15 10 12.45 5.65 10 11.9 5.8 10
4 0 11.45 5.6 10 12 5.3 10 11.9 5.8 10 11.55 6.15 10
4 0 11 6.1 10 11.45 5.6 10 11.55 6.15 10 11.25 6.55 10
4 0 11 6.1 10 11.25 6.55 10 10.6 6.5 10 10.8 5.9 10
4 0 10.45 5.75 10 10.8 5.9 10 10.6 6.5 10 10.25 6.2 10
4 0 10.45 5.75 10 10.25 6.2 10 9.95 6.1 10 9.75 5.6 10
4 0 9.15 5.75 10 9.75 5.6 10 9.95 6.1 10 9.35 6.25 10
4 0 8.5 5.95 10 9.15 5.75 10 9.35 6.25 10 8.5 6.5 10
4 0 7.8 6.25 10 8.5 5.95 10 8.5 6.5 10 7.9 6.75 10
4 0 7.15 6.65 10 7.8 6.25 10 7.9 6.75 10 7.35 7.1 10
4 0 12.95 6 10 13.05 5.6 10 13.45 5.95 10 13.1 6.55 10
4 0 12.5 6.8 10 12.95 6 10 13.1 6.55 10 12.35 7.75 10
4 0 12.05 7.55 10 12.5 6.8 10 12.35 7.75 10 11.7 8.7 10
4 0 12.05 7.55 10 11.7 8.7 10 11.5 8.05 10 11.75 7.35 10
4 0 11.75 7.35 10 11.5 8.05 10 11.25 7.5 10 11.45 7 10
4 0 11.45 7 10 11.25 7.5 10 10.95 6.95 10 11.25 6.55 10
3 0 10.6 6.5 10 11.25 6.55 10 10.95 6.95 10
4 0 11.15 8.7 10 11.5 8.05 10 11.7 8.7 10 10.95 9.85 10
4 0 10.4 9.85 10 11.15 8.7 10 10.95 9.85 10 10.2 10.85 10
4 0 9.25 11.2 10 10.4 9.85 10 10.2 10.85 10 9.2 11.95 10
4 0 9.25 11.2 10 9.2 11.95 10 8.75 11.7 10 8.65 11.25 10
4 0 9.15 10.55 10 9.25 11.2 10 8.65 11.25 10 8.5 10.75 10
4 0 8.9 9.8 10 9.15 10.55 10 8.5 10.75 10 8.1 9.8 10
4 0 8.45 8.9 10 8.9 9.8 10 8.1 9.8 10 7.65 8.9 10
4 0 7.85 8.05 10 8.45 8.9 10 7.65 8.9 10 7.2 8.2 10
4 0 7.5 7.5 10 7.85 8.05 10 7.2 8.2 10 6.95 7.65 10
4 0 7.35 7.1 10 7.5 7.5 10 6.95 7.65 10 7.15 6.65 10
4 0 7.15 6.65 10 6.95 7.65 10 6.65 6.75 10 6.85 6.1 10
4 0 6.85 6.1 10 6.65 6.75 10 6.2 5.85 10 6.35 5.25 10
4 0 6.35 5.25 10 6.2 5.85 10 5.85 5.35 10 5.9 4.55 10
3 0 5.9 4.55 10 5.85 5.35 10 5.5 5 10
4 0 4.15 5.75 10 5.65 4.1 10 5.5 5 10 4.4 6.25 10
4 0 3 7.1 10 4.15 5.75 10 4.4 6.25 10 3.65 7.05 10
4 0 6.4 7.75 10 6.95 7.65 10 7.2 8.2 10 6.45 8.2 10
4 0 5.7 7.95 10 6.4 7.75 10 6.45 8.2 10 5.6 8.45 10
4 0 4.85 8.35 10 5.7 7.95 10 5.6 8.45 10 4.8 8.85 10
4 0 4.1 8.85 10 4.85 8.35 10 4.8 8.85 10 4.35 9.25 10
4 0 7.75 10.8 10 8.5 10.75 10 8.65 11.25 10 7.65 11.3 10
4 0 6.9 10.95 10 7.75 10.8 10 7.65 11.3 10 6.75 11.55 10
4 0 6.2 11.25 10 6.9 10.95 10 6.75 11.55 10 6.05 11.85 10
4 0 5.4 11.7 10 6.2 11.25 10 6.05 11.85 10 5.45 12.35 10
4 0 5.4 11.7 10 5.45 12.35 10 4.8 11.55 10 4.85 11.1 10
4 0 5.35 11 10 5.4 11.7 10 4.85 11.1 10 5.2 10.5 10
4 0 5.2 10.5 10 4.85 11.1 10 4.7 10.65 10 4.85 9.95 10
4 0 4.85 9.95 10 4.7 10.65 10 4.25 9.95 10 4.35 9.25 10
4 0 4.35 9.25 10 4.25 9.95 10 3.75 9.25 10 4.1 8.85 10
4 0 3.65 8.5 10 4.1 8.85 10 3.75 9.25 10 3.35 8.8 10
4 0 3.25 8.2 10 3.65 8.5 10 3.35 8.8 10 2.9 8.55 10
4 0 3 7.1 10 3.65 7.05 10 2.9 7.95 10 2 8.3 10
4 0 2.9 7.95 10 3.25 8.2 10 2.9 8.55 10 2.6 8.5 10
4 0 2 8.3 10 2.9 7.95 10 2.6 8.5 10 2.05 9.05 10
4 0 1.7 8.65 10 2 8.3 10 2.05 9.05 10 1.85 9.9 10
4 0 4.8 11.55 10 5.45 12.35 10 4.5 12.6 10 4.3 12.1 10
4 0 3.55 10.3 10 4.8 11.55 10 4.3 12.1 10 2.25 10.15 10
4 0 2.65 9.5 10 3.55 10.3 10 2.25 10.15 10 2.05 9.05 10
3 0 2.05 9.05 10 2.25 10.15 10 1.85 9.9 10
4 0 1.5 8.7 10 1.7 8.65 10 1.85 9.9 10 1.4 9.85 10
4 0 8.75 11.7 10 9.2 11.95 10 8.45 12.65 10 7.9 12.45 10
4 0 7.9 12.45 10 8.45 12.65 10 7.7 13.3 10 6.85 13.2 10
4 0 12.45 8.8 10 13.25 7.55 10 13.75 8.45 10 12.8 9.5 10
3 0 12.45 8.8 10 12.8 9.5 10 12.55 9.55 10
4 0 12.45 8.8 10 12.55 9.55 10 12.35 9.75 10 11.3 10.35 10
4 0 11.3 10.35 10 12.35 9.75 10 11 11.5 10 10.1 11.85 10
4 0 10.1 11.85 10 11 11.5 10 9.85 12.75 10 8.55 13.4 10
4 0 8.55 13.4 10 9.85 12.75 10 9.2 13.5 10 8.5 13.95 10
4 0 12.8 9.5 10 13.75 8.45 10 13.4 9.65 10 12.9 9.65 10
4 0 12.9 9.65 10 13.4 9.65 10 13.15 10.9 10 12.85 10.25 10
4 0 12.7 11.05 10 12.85 10.25 10 13.15 10.9 10 12.4 12.8 10
4 0 8.75 14.05 10 8.5 13.95 10 9.2 13.5 10 9.3 13.7 10
4 0 8.75 14.05 10 9.3 13.7 10 9.4 14.1 10 8.85 14.3 10
4 0 8.85 14.3 10 9.4 14.1 10 9.4 14.45 10 8.8 14.55 10
4 0 8.8 14.55 10 9.4 14.45 10 9.25 14.85 10 8.85 15.1 10
4 0 8.5 14.65 10 8.8 14.55 10 8.85 15.1 10 8.35 15.15 10
4 0 8.5 14.65 10 8.35 15.15 10 7.5 15.1 10 7.2 14.55 10
4 0 7.2 14.55 10 7.5 15.1 10 6.75 15.3 10 6 15.05 10
4 0 5.8 14.25 10 7.2 14.55 10 6 15.05 10 4.5 15.2 10
3 0 5.35 14.05 10 5.8 14.25 10 4.5 15.2 10
4 0 5.2 13.8 10 5.35 14.05 10 4.5 15.2 10 4.55 13 10
4 0 5.25 13.55 10 5.2 13.8 10 4.55 13 10 5.45 12.35 10
4 0 7.7 13.3 10 8.55 13.4 10 8.5 13.95 10 7.5 13.8 10
4 0 6.85 13.2 10 7.7 13.3 10 7.5 13.8 10 6.3 13.6 10
4 0 6.3 13.05 10 6.85 13.2 10 6.3 13.6 10 5.75 13.4 10
4 0 5.8 12.75 10 6.3 13.05 10 5.75 13.4 10 5.45 13.4 10
4 0 5.45 12.35 10 5.8 12.75 10 5.45 13.4 10 5.25 13.55 10
3 0 5.45 12.35 10 4.55 13 10 4.5 12.6 10
4 0 7.75 16.3 10 7.95 16.1 10 9.15 16.35 10 7.7 17 10
4 0 8.15 15.7 10 9.15 16.35 10 7.95 16.1 10 7.3 15.6 10
4 0 7.5 15.1 10 8.15 15.7 10 7.3 15.6 10 6.75 15.3 10
4 0 7.7 17 10 9.15 16.35 10 9.15 17.45 10 8.3 17.6 10
4 0 7.75 16.3 10 7.7 17 10 6.95 16.75 10 6.95 16 10
4 0 6.95 16 10 6.95 16.75 10 5.9 16.35 10 6.25 15.6 10
4 0 6.25 15.6 10 5.9 16.35 10 5.1 16.05 10 6.05 15.35 10
4 0 4.5 15.2 10 6 15.05 10 6.05 15.35 10 5.1 16.05 10
4 0 7.3 17.2 10 7.7 17 10 8.3 17.6 10 7.25 17.65 10
4 0 6.85 17.25 10 7.3 17.2 10 7.25 17.65 10 6.6 17.55 10
3 0 5.75 17.15 10 6.85 17.25 10 6.6 17.55 10
4 0 6.15 1.5 10 6.4 1 10 7.1 1 10 6.5 1.95 10
4 0 5.75 2.15 10 6.15 1.5 10 6.5 1.95 10 5.8 3 10
4 0 4.3 3.85 10 4.35 3.65 10 5.1 3.85 10 4.4 4.7 10
4 0 4.1 4.05 10 4.3 3.85 10 4.4 4.7 10 3.85 5.3 10
4 0 4.1 4.05 10 3.85 5.3 10 3.25 5.1 10 3.5 4.3 10
4 0 3.5 4.3 10 3.25 5.1 10 2.65 5.05 10 2.3 4.5 10
4 0 2.3 4.5 10 2.65 5.05 10 1.5 5.1 10 .75 4.55 10
4 0 .75 4.55 10 1.5 5.1 10 .15 5.05 10 -.65 4.4 10
4 0 -.65 4.4 10 .15 5.05 10 -1 4.9 10 -1.9 4.25 10
3 0 -1.9 4.25 10 -1 4.9 10 -2.2 4.7 10
4 0 2.95 5.45 10 3.25 5.1 10 3.85 5.3 10 3.05 6.2 10
4 0 2.15 6.4 10 2.95 5.45 10 3.05 6.2 10 2.1 7.25 10
4 0 1.25 7.3 10 2.15 6.4 10 2.1 7.25 10 .75 7.85 10
4 0 .75 7.85 10 2.1 7.25 10 1.45 7.95 10 .85 8.1 10
4 0 .85 8.1 10 1.45 7.95 10 1.3 8.25 10 .9 8.55 10
4 0 .9 8.55 10 1.3 8.25 10 1.3 8.5 10 .8 9 10
4 0 .8 9 10 1.3 8.5 10 1.5 8.7 10 1.4 9.85 10
4 0 .55 9.1 10 .8 9 10 1.4 9.85 10 -.75 9.8 10
4 0 .1 9 10 .55 9.1 10 -.75 9.8 10 -1.25 9 10
4 0 .1 9 10 -.45 8.6 10 -.35 8.35 10 .05 8.3 10
4 0 .05 8.3 10 -.35 8.35 10 -.45 8.1 10 .15 7.9 10
4 0 .55 7.3 10 1.25 7.3 10 .75 7.85 10 .45 7.8 10
4 0 -.4 7.35 10 .55 7.3 10 .45 7.8 10 .15 7.9 10
4 0 -.4 7.35 10 .15 7.9 10 -.45 8.1 10 -1.2 7.35 10
4 0 -1.3 6.5 10 -.4 7.35 10 -1.2 7.35 10 -2.4 6 10
4 0 -2.25 5.35 10 -1.3 6.5 10 -2.4 6 10 -3.3 4.9 10
3 0 -2.8 4.65 10 -2.25 5.35 10 -3.3 4.9 10
4 0 -1.9 4.25 10 -2.2 4.7 10 -2.8 4.65 10 -3 3.95 10
4 0 -3 3.95 10 -2.8 4.65 10 -3.3 4.9 10 -3.85 4.2 10
4 0 -3.7 3.6 10 -3 3.95 10 -3.85 4.2 10 -4.35 3.5 10
4 0 -3.8 3.3 10 -3.7 3.6 10 -4.35 3.5 10 -4.2 2.55 10
4 0 -.8 8.65 10 -.45 8.6 10 .1 9 10 -1.25 9 10
4 0 -1.7 9.35 10 -.75 9.8 10 -1.25 9.9 10 -2.15 9.55 10
4 0 -2.15 9.55 10 -1.25 9.9 10 -1.75 10.2 10 -2.95 10.25 10
4 0 -.8 8.65 10 -1.25 9 10 -1.75 8.6 10 -1.15 8.35 10
4 0 -1.15 8.35 10 -1.75 8.6 10 -2.3 7.95 10 -2.15 7.15 10
4 0 -2.15 7.15 10 -2.3 7.95 10 -3.25 6.65 10 -3.55 5.45 10
3 0 -4.35 5.2 10 -3.55 5.45 10 -3.25 6.65 10
4 0 -3.55 5.45 10 -4.35 5.2 10 -4.7 4.8 10 -4.7 3.7 10
4 0 -4.7 3.7 10 -4.7 4.8 10 -5.05 4.1 10 -4.75 3.5 10
4 0 -4.75 3.5 10 -5.05 4.1 10 -5.55 3.7 10 -5.4 3.1 10
4 0 -4.6 3.4 10 -4.75 3.5 10 -5.4 3.1 10 -4.85 2.45 10
4 0 -7.1 1 10 -6.4 1 10 -6.65 1.7 10 -7.4 1.6 10
4 0 -7.4 1.6 10 -6.65 1.7 10 -7 2.2 10 -7.7 2.25 10
4 0 -7.7 2.25 10 -7 2.2 10 -7.25 2.65 10 -8.05 2.95 10
4 0 -7.5 3.15 10 -8.05 2.95 10 -7.25 2.65 10 -6.9 3.2 10
4 0 -6 3.05 10 -5.4 3.1 10 -5.55 3.7 10 -6.2 3.4 10
4 0 -6.7 2.85 10 -6 3.05 10 -6.2 3.4 10 -6.9 3.2 10
3 0 -7.25 2.65 10 -6.7 2.85 10 -6.9 3.2 10
4 0 -5.1 5.4 10 -4.7 4.8 10 -4.35 5.2 10 -4.8 5.7 10
4 0 -5.4 5.9 10 -5.1 5.4 10 -4.8 5.7 10 -5.1 6.25 10
4 0 -5.7 6.65 10 -5.4 5.9 10 -5.1 6.25 10 -5.35 6.95 10
4 0 -5.7 6.65 10 -5.35 6.95 10 -5.6 7.35 10 -6.05 7.35 10
4 0 -6 6.65 10 -5.7 6.65 10 -6.05 7.35 10 -6.7 6.95 10
4 0 -6.7 6.25 10 -6 6.65 10 -6.7 6.95 10 -7.4 6.6 10
4 0 -7.65 5.9 10 -6.7 6.25 10 -7.4 6.6 10 -8 6.35 10
4 0 -8.85 5.6 10 -7.65 5.9 10 -8 6.35 10 -9 6.05 10
4 0 -8.05 2.95 10 -7.5 3.15 10 -7.8 3.7 10 -8.45 3.65 10
4 0 -8.45 3.65 10 -7.8 3.7 10 -8.15 4.4 10 -9 4.7 10
4 0 -9 4.7 10 -8.15 4.4 10 -8.5 5.05 10 -9.25 5.25 10
4 0 -9.25 5.25 10 -8.5 5.05 10 -8.85 5.6 10 -9.45 5.7 10
4 0 -9.45 5.7 10 -8.85 5.6 10 -9 6.05 10 -9.75 6.05 10
4 0 -9.75 6.05 10 -9 6.05 10 -9.45 6.55 10 -10.05 6.4 10
4 0 -7.95 1.65 10 -7.4 1.6 10 -7.7 2.25 10 -8.45 2.05 10
4 0 -8.45 1.4 10 -7.95 1.65 10 -8.45 2.05 10 -8.95 1.75 10
4 0 -9 1.15 10 -8.45 1.4 10 -8.95 1.75 10 -9.45 1.5 10
4 0 -9.65 1 10 -9 1.15 10 -9.45 1.5 10 -9.95 1.45 10
4 0 -10.4 1 10 -9.65 1 10 -9.95 1.45 10 -10.8 1.15 10
4 0 -10.8 1.15 10 -9.95 1.45 10 -10.55 1.55 10 -11.1 1.35 10
4 0 -11.1 1.35 10 -10.55 1.55 10 -10.9 1.75 10 -11.6 1.9 10
4 0 -11.6 1.9 10 -10.9 1.75 10 -11.4 2.55 10 -12 2.7 10
4 0 -12 2.7 10 -11.4 2.55 10 -11.8 3.35 10 -12.35 3.65 10
4 0 -12.35 3.65 10 -11.8 3.35 10 -12.1 4.25 10 -12.5 4.2 10
4 0 -12.5 4.2 10 -12.1 4.25 10 -12.2 4.75 10 -12.7 4.9 10
4 0 -2.5 8.45 10 -2.3 7.95 10 -1.75 8.6 10 -2.2 8.95 10
4 0 -2.9 9.05 10 -2.5 8.45 10 -2.2 8.95 10 -2.75 9.55 10
4 0 -3.3 9.5 10 -2.9 9.05 10 -2.75 9.55 10 -3 9.9 10
4 0 -3.7 10.1 10 -3.3 9.5 10 -3 9.9 10 -2.95 10.25 10
4 0 -4.1 10.85 10 -3.7 10.1 10 -2.95 10.25 10 -3 11.3 10
3 0 -1.25 9 10 -.75 9.8 10 -1.7 9.35 10
3 0 -1.75 10.2 10 -3 11.3 10 -2.95 10.25 10
4 0 -4.35 11.4 10 -4.1 10.85 10 -3 11.3 10 -3.75 12.25 10
4 0 -4.5 11.95 10 -4.35 11.4 10 -3.75 12.25 10 -3.8 12.85 10
4 0 -2.9 9.05 10 -3.3 9.5 10 -3.9 9.05 10 -3.9 8.5 10
4 0 -3.9 8.5 10 -3.9 9.05 10 -4.65 8.6 10 -4.95 8.05 10
4 0 -4.95 8.05 10 -4.65 8.6 10 -5.4 8.4 10 -5.7 7.9 10
4 0 -5.7 7.9 10 -5.4 8.4 10 -6.1 8.3 10 -6.45 7.8 10
4 0 -5.7 7.9 10 -6.45 7.8 10 -6.05 7.35 10 -5.6 7.35 10
4 0 -7.05 8.45 10 -6.45 7.8 10 -6.1 8.3 10 -6.55 8.95 10
4 0 -7.6 9.25 10 -7.05 8.45 10 -6.55 8.95 10 -7 9.85 10
4 0 -7.9 10.05 10 -7.6 9.25 10 -7 9.85 10 -7.35 10.75 10
4 0 -8 10.6 10 -7.9 10.05 10 -7.35 10.75 10 -8 11 10
4 0 -4.5 11.95 10 -3.8 12.85 10 -4.75 12.55 10 -5.05 11.55 10
4 0 -5.05 11.55 10 -4.75 12.55 10 -5.35 12.05 10 -5.85 11.15 10
4 0 -5.85 11.15 10 -5.35 12.05 10 -6.1 11.65 10 -6.65 10.95 10
4 0 -6.65 10.95 10 -6.1 11.65 10 -6.95 11.35 10 -7.35 10.75 10
4 0 -7.35 10.75 10 -6.95 11.35 10 -7.55 11.25 10 -8 11 10
4 0 -8 11 10 -7.55 11.25 10 -7.9 11.3 10 -8.35 11.15 10
3 0 -8.35 11.15 10 -7.9 11.3 10 -8.15 11.45 10
4 0 -10.2 6.8 10 -10.05 6.4 10 -9.45 6.55 10 -10 7.2 10
4 0 -10.65 7.5 10 -10.2 6.8 10 -10 7.2 10 -10.4 7.9 10
4 0 -10.25 5.6 10 -9.75 6.05 10 -10.05 6.4 10 -10.5 5.95 10
4 0 -10.85 5.25 10 -10.25 5.6 10 -10.5 5.95 10 -11.05 5.55 10
4 0 -11.5 5 10 -10.85 5.25 10 -11.05 5.55 10 -11.65 5.35 10
4 0 -12.2 4.75 10 -11.5 5 10 -11.65 5.35 10 -11.95 5.25 10
4 0 -4.75 12.55 10 -3.8 12.85 10 -4.55 13.8 10 -4.85 13.65 10
4 0 -5.15 12.85 10 -4.75 12.55 10 -4.85 13.65 10 -5.25 13.6 10
4 0 -5.7 13.05 10 -5.15 12.85 10 -5.25 13.6 10 -5.85 13.7 10
3 0 -5.7 13.05 10 -5.85 13.7 10 -6.3 13.15 10
4 0 -7.25 13.25 10 -6.3 13.15 10 -5.85 13.7 10 -6.95 13.85 10
4 0 -7.95 13.25 10 -7.25 13.25 10 -6.95 13.85 10 -7.75 14.05 10
4 0 -7 12.65 10 -6.3 13.15 10 -7.25 13.25 10 -7.95 12.55 10
4 0 -7.65 12.05 10 -7 12.65 10 -7.95 12.55 10 -8.45 12 10
3 0 -8.15 11.45 10 -7.65 12.05 10 -8.45 12 10
4 0 -8.35 11.15 10 -8.15 11.45 10 -8.45 12 10 -9.2 10.9 10
4 0 -9.25 9.9 10 -8.35 11.15 10 -9.2 10.9 10 -10.05 9.65 10
4 0 -10 8.65 10 -9.25 9.9 10 -10.05 9.65 10 -10.8 8.3 10
4 0 -10.4 7.9 10 -10 8.65 10 -10.8 8.3 10 -10.65 7.5 10
4 0 -10.65 7.5 10 -10.8 8.3 10 -11.65 6.75 10 -11.45 6.15 10
4 0 -11.45 6.15 10 -11.65 6.75 10 -12.3 5.6 10 -11.95 5.25 10
4 0 -11.95 5.25 10 -12.3 5.6 10 -12.7 4.9 10 -12.2 4.75 10
4 0 -7.95 13.25 10 -7.75 14.05 10 -8 14.25 10 -8.5 13.7 10
4 0 -8.75 12.3 10 -7.95 13.25 10 -8.5 13.7 10 -9.35 12.35 10
4 0 -9.65 11.05 10 -8.75 12.3 10 -9.35 12.35 10 -10.4 10.8 10
4 0 -11.15 8.75 10 -9.65 11.05 10 -10.4 10.8 10 -11.7 8.8 10
4 0 -12.3 6.9 10 -11.15 8.75 10 -11.7 8.8 10 -12.8 6.9 10
4 0 -3.8 12.85 10 -2.2 12.85 10 -2.35 13.55 10 -3.25 14.05 10
4 0 -4.55 13.8 10 -3.8 12.85 10 -3.25 14.05 10 -4.55 14 10
4 0 -4.55 14 10 -3.25 14.05 10 -4.15 14.65 10 -4.8 14.2 10
4 0 -4.8 14.2 10 -4.15 14.65 10 -5.1 15.25 10 -5.9 14.45 10
4 0 -5.9 14.45 10 -5.1 15.25 10 -6.45 15.9 10 -7.75 14.6 10
4 0 -7.75 14.6 10 -6.45 15.9 10 -8.25 15.1 10 -7.95 14.5 10
4 0 -7.95 14.5 10 -8.25 15.1 10 -8.5 14.6 10 -8.55 14.25 10
4 0 -8 14.25 10 -7.95 14.5 10 -8.55 14.25 10 -8.5 13.7 10
4 0 -8.25 15.1 10 -6.45 15.9 10 -7.8 16.55 10 -9.15 15.75 10
3 0 -4.95 16.4 10 -6.2 16.9 10 -6 16.6 10
4 0 -7.15 16.7 10 -6 16.6 10 -6.2 16.9 10 -7.7 17.1 10
4 0 -7.8 16.55 10 -7.15 16.7 10 -7.7 17.1 10 -9.1 17 10
4 0 -9.15 15.75 10 -7.8 16.55 10 -9.1 17 10 -10.05 16.25 10
4 0 -10.05 16.25 10 -9.1 17 10 -10.3 16.8 10 -10.4 16.25 10
4 0 -10.4 16.25 10 -10.3 16.8 10 -10.6 16.8 10 -10.6 16.1 10
4 0 -11 16.1 10 -10.6 16.1 10 -10.6 16.8 10 -11.2 16.35 10
4 0 -11.2 16.35 10 -10.6 16.8 10 -10.9 16.9 10 -11.5 16.5 10
4 0 -11.5 16.5 10 -10.9 16.9 10 -11.2 17.35 10 -11.8 16.4 10
4 0 -10.75 14.95 10 -10.6 16.1 10 -11 16.1 10 -11 14.95 10
3 0 -11.1 13.05 10 -10.75 14.95 10 -11 14.95 10
4 0 -11.8 16.4 10 -11.2 17.35 10 -12.35 17.5 10 -12.25 16.85 10
4 0 -11.8 16.4 10 -12.25 16.85 10 -12.3 16.2 10 -11.95 16.1 10
4 0 -11.95 16.1 10 -12.3 16.2 10 -12.7 14.2 10 -12.55 13.95 10
3 0 -13.1 12.4 10 -12.55 13.95 10 -12.7 14.2 10
4 0 -13.473 3.312 10 -13.333 2.488 10 -12.5 4.2 10 -12.7 4.9 10
4 0 -13.782 5.138 10 -13.683 4.553 10 -12.3 6.9 10 -12.8 6.9 10
4 0 -16.602 21.758 10 -15.5 21.95 10 -15.8 22.35 10 -16.667 22.144 10
4 0 -16.773 22.77 10 -15.2 23 10 -15.5 23.5 10 -16.85 23.223 10
4 0 -16.941 23.756 10 -15.8 24.05 10 -15.75 24.6 10 -17.025 24.252 10
4 0 -17.15 24.988 10 -15.95 25.25 10 -16.2 25.7 10 -17.223 25.418 10
3 0 -17.357 26.208 10 -16.5 26.9 10 -17.441 26.705 10
4 0 -17.531 27.238 10 -15.85 27.7 10 -16.1 28.15 10 -17.612 27.712 10
4 0 15.95 25.9 10 15.85 25.4 10 17.166 25.081 10 17.248 25.566 10
4 0 15.7 27.25 10 15.9 26.65 10 17.358 26.216 10 17.454 26.782 10
4 0 16.05 28.35 10 16.2 27.8 10 17.608 27.692 10 17.701 28.237 10
4 0 15.4 24.75 10 15.5 24.2 10 16.95 23.808 10 17.04 24.34 10
4 0 15.05 23.8 10 15.1 23.2 10 16.755 22.663 10 16.856 23.254 10
4 0 15.4 22.35 10 15.55 21.7 10 16.546 21.428 10 16.63 21.924 10
4 0 13.75 8.45 10 13.25 7.55 10 14.001 6.424 10 14.153 7.322 10
4 0 13.792 5.197 10 13.833 5.439 10 13.45 5.95 10 13.05 5.6 10
3 0 12.95 5.15 10 13.792 5.197 10 13.05 5.6 10
3 0 5.75 2.15 10 5.8 3 10 5.464 2.4 10
3 0 5.464 2.4 10 5.8 3 10 5.35 2.5 10
4 0 5.09 2.656 10 5.35 2.5 10 5.8 3 10 5.1 3.85 10
4 0 4.85 2.8 10 5.09 2.656 10 5.1 3.85 10 4.35 3.65 10
4 0 4.254 2.942 10 4.85 2.8 10 4.35 3.65 10 4.1 3.55 10
3 0 4.254 2.942 10 4.1 3.55 10 4.058 2.989 10
4 0 3.8 3.05 10 4.058 2.989 10 4.1 3.55 10 3.7 3.55 10
3 0 3.8 3.05 10 3.7 3.55 10 3.528 3.09 10
4 0 2.961 3.174 10 3.528 3.09 10 3.7 3.55 10 2.25 3.75 10
3 0 2.961 3.174 10 2.25 3.75 10 2.504 3.242 10
3 0 2.504 3.242 10 2.25 3.75 10 2.45 3.25 10
3 0 2.283 3.25 10 2.45 3.25 10 2.25 3.75 10
3 0 1.75 3.25 10 2.283 3.25 10 2.25 3.75 10
4 0 1.3 3.25 10 1.75 3.25 10 2.25 3.75 10 .9 3.8 10
3 0 1.2 3.25 10 1.3 3.25 10 .9 3.8 10
3 0 .905 3.239 10 1.2 3.25 10 .9 3.8 10
3 0 .696 3.231 10 .905 3.239 10 .9 3.8 10
4 0 .222 3.214 10 .696 3.231 10 .9 3.8 10 -.7 3.65 10
3 0 -.15 3.2 10 .222 3.214 10 -.7 3.65 10
3 0 -.249 3.186 10 -.15 3.2 10 -.7 3.65 10
3 0 -.641 3.132 10 -.249 3.186 10 -.7 3.65 10
3 0 -.822 3.107 10 -.641 3.132 10 -.7 3.65 10
4 0 -1.242 3.049 10 -.822 3.107 10 -.7 3.65 10 -1.95 3.35 10
3 0 -1.663 2.974 10 -1.242 3.049 10 -1.95 3.35 10
3 0 -2.054 2.811 10 -1.663 2.974 10 -1.95 3.35 10
4 0 -2.225 2.739 10 -2.054 2.811 10 -1.95 3.35 10 -3.05 3 10
3 0 -2.61 2.579 10 -2.225 2.739 10 -3.05 3 10
4 0 -2.8 2.5 10 -2.61 2.579 10 -3.05 3 10 -2.844 2.504 10
4 0 -3.345 2.545 10 -2.844 2.504 10 -3.05 3 10 -3.65 3.05 10
3 0 -3.345 2.545 10 -3.65 3.05 10 -3.783 2.55 10
4 0 -4.2 2.55 10 -3.783 2.55 10 -3.65 3.05 10 -3.8 3.3 10
4 0 -4.448 2.512 10 -4.2 2.55 10 -4.35 3.5 10 -4.6 3.4 10
3 0 -4.85 2.45 10 -4.448 2.512 10 -4.6 3.4 10
3 0 -5.131 2.333 10 -4.85 2.45 10 -5.4 3.1 10
4 0 -5.244 2.286 10 -5.131 2.333 10 -5.4 3.1 10 -5.9 2.7 10
4 0 -5.45 2.2 10 -5.244 2.286 10 -5.9 2.7 10 -6.3 2.25 10
3 0 -5.653 2.058 10 -5.45 2.2 10 -6.3 2.25 10
4 0 -5.95 1.85 10 -5.653 2.058 10 -6.3 2.25 10 -6.65 1.7 10
3 0 -6.144 1.56 10 -5.95 1.85 10 -6.65 1.7 10
3 0 -6.25 1.4 10 -6.144 1.56 10 -6.65 1.7 10
3 0 -6.321 1.211 10 -6.25 1.4 10 -6.65 1.7 10
3 0 -6.4 1 10 -6.321 1.211 10 -6.65 1.7 10
4 0 3.778 17.15 10 3.714 16.501 10 4.311 16.382 10 4.387 17.15 10
4 0 3.714 17.799 10 3.778 17.15 10 4.387 17.15 10 4.311 17.918 10
4 0 3.524 18.423 10 3.714 17.799 10 4.311 17.918 10 4.087 18.657 10
4 0 3.217 18.999 10 3.524 18.423 10 4.087 18.657 10 3.724 19.337 10
4 0 2.803 19.503 10 3.217 18.999 10 3.724 19.337 10 3.484 19.629 10
4 0 1.723 20.224 10 2.299 19.917 10 2.637 20.424 10 2.433 20.533 10
4 0 -1.903 19.503 10 -1.399 19.917 10 -1.737 20.424 10 -1.833 20.345 10
4 0 -2.814 17.799 10 -2.624 18.423 10 -3.187 18.657 10 -3.411 17.918 10
4 0 -2.878 17.15 10 -2.814 17.799 10 -3.411 17.918 10 -3.487 17.15 10
4 0 -2.814 16.501 10 -2.878 17.15 10 -3.487 17.15 10 -3.411 16.382 10
4 0 -2.624 15.877 10 -2.814 16.501 10 -3.411 16.382 10 -3.187 15.643 10
4 0 -2.317 15.301 10 -2.624 15.877 10 -3.187 15.643 10 -2.824 14.963 10
4 0 -1.903 14.797 10 -2.317 15.301 10 -2.824 14.963 10 -2.334 14.366 10
4 0 -1.399 14.383 10 -1.903 14.797 10 -2.334 14.366 10 -1.737 13.877 10
4 0 -.823 14.076 10 -1.399 14.383 10 -1.737 13.877 10 -1.057 13.513 10
4 0 2.299 14.383 10 1.723 14.076 10 1.957 13.463 10 2.95 13.6 10
4 0 3.714 16.501 10 3.524 15.877 10 4.087 15.643 10 4.311 16.382 10
4 0 3.48 20.6 10 3.44 20.397 10 3.99 20.169 10 4.076 20.6 10
4 0 3.44 20.803 10 3.48 20.6 10 4.076 20.6 10 3.99 21.031 10
4 0 3.325 20.975 10 3.44 20.803 10 3.99 21.031 10 3.746 21.396 10
4 0 3.153 21.09 10 3.325 20.975 10 3.746 21.396 10 3.381 21.64 10
4 0 2.95 21.13 10 3.153 21.09 10 3.381 21.64 10 2.95 21.726 10
4 0 2.747 21.09 10 2.95 21.13 10 2.95 21.726 10 2.519 21.64 10
4 0 2.575 20.975 10 2.747 21.09 10 2.519 21.64 10 2.154 21.396 10
4 0 2.46 20.803 10 2.575 20.975 10 2.154 21.396 10 1.91 21.031 10
4 0 2.42 20.6 10 2.46 20.803 10 1.91 21.031 10 1.099 20.414 10
4 0 3.44 20.397 10 3.325 20.225 10 3.746 19.804 10 3.99 20.169 10
4 0 -2.575 20.675 10 -2.46 20.503 10 -1.91 20.731 10 -2.154 21.096 10
4 0 -2.747 20.79 10 -2.575 20.675 10 -2.154 21.096 10 -2.519 21.34 10
4 0 -2.95 20.83 10 -2.747 20.79 10 -2.519 21.34 10 -2.95 21.426 10
4 0 -3.153 20.79 10 -2.95 20.83 10 -2.95 21.426 10 -3.381 21.34 10
4 0 -3.325 20.675 10 -3.153 20.79 10 -3.381 21.34 10 -3.746 21.096 10
4 0 -3.44 20.503 10 -3.325 20.675 10 -3.746 21.096 10 -3.99 20.731 10
4 0 -3.48 20.3 10 -3.44 20.503 10 -3.99 20.731 10 -4.076 20.3 10
4 0 -3.44 20.097 10 -3.48 20.3 10 -4.076 20.3 10 -3.99 19.869 10
4 0 -3.325 19.925 10 -3.44 20.097 10 -3.99 19.869 10 -3.746 19.504 10
4 0 -3.153 19.81 10 -3.325 19.925 10 -3.746 19.504 10 -3.381 19.26 10
3 0 1.099 20.414 10 1.91 21.031 10 1.4 21.4 10
4 0 1.099 20.414 10 .3 21.4 10 0 21.35 10 .45 20.478 10
4 0 -.199 20.414 10 .45 20.478 10 0 21.35 10 -.2 21.45 10
4 0 -.823 20.224 10 -.199 20.414 10 -.2 21.45 10 -1.35 20.8 10
4 0 -.823 20.224 10 -1.35 20.8 10 -1.737 20.424 10 -1.399 19.917 10
4 0 -1.35 20.8 10 -.2 21.45 10 -.3 21.75 10 -1.6 21.25 10
4 0 -1.6 21.25 10 -.3 21.75 10 -.35 22.15 10 -1.8 21.5 10
3 0 -1.8 21.5 10 -.35 22.15 10 -2.1 21.7 10
3 0 4.5 15.2 10 5.1 16.05 10 4.087 15.643 10
4 0 4.5 15.2 10 4.087 15.643 10 3.217 15.301 10 2.803 14.797 10
4 0 2.95 13.6 10 4.5 15.2 10 2.803 14.797 10 2.299 14.383 10
4 0 2.95 13.6 10 1.957 13.463 10 2.05 13.15 10 2.85 12.7 10
4 0 2.85 12.7 10 2.05 13.15 10 2 12.85 10 2.2 11.9 10
3 0 2.2 11.9 10 2 12.85 10 1.8 12.65 10
3 0 2.2 11.9 10 1.8 12.65 10 1.45 12.6 10
4 0 2.2 11.9 10 1.45 12.6 10 -.05 12.45 10 -1.3 11.65 10
3 0 -1.3 11.65 10 -.05 12.45 10 -.95 12.35 10
4 0 -1.3 11.65 10 -.95 12.35 10 -1.3 12.4 10 -1.8 11.75 10
4 0 -1.8 11.75 10 -1.3 12.4 10 -1.45 12.5 10 -2.1 12 10
4 0 -2.2 12.85 10 -2.1 12 10 -1.45 12.5 10 -1.45 12.7 10
4 0 -2.2 12.85 10 -1.45 12.7 10 -2 13.45 10 -2.35 13.55 10
4 0 -1.65 13.45 10 -2 13.45 10 -1.45 12.7 10 -1.2 12.8 10
4 0 -1.057 13.513 10 -1.65 13.45 10 -1.2 12.8 10 -.15 12.85 10
4 0 -.05 12.45 10 1.45 12.6 10 1.3 12.8 10 -.15 12.85 10
4 0 -.15 12.85 10 1.3 12.8 10 1.3 13.05 10 .35 13.25 10
4 0 1.55 13.3 10 1.957 13.463 10 1.723 14.076 10 1.4 14.05 10
4 0 1.3 13.05 10 1.55 13.3 10 1.4 14.05 10 .85 13.65 10
3 0 1.3 13.05 10 .85 13.65 10 .8 13.45 10
3 0 1.3 13.05 10 .8 13.45 10 .6 13.3 10
3 0 1.3 13.05 10 .6 13.3 10 .35 13.25 10
3 0 -.15 12.85 10 .35 13.25 10 .15 13.35 10
4 0 -.15 12.85 10 .15 13.35 10 .05 13.55 10 -1.057 13.513 10
4 0 -.823 14.076 10 -1.057 13.513 10 .05 13.55 10 -.5 14.1 10
4 0 -.45 15 10 -.5 14.1 10 .05 13.55 10 .05 14.95 10
4 0 .85 14.9 10 .85 13.65 10 1.4 14.05 10 1.35 14.95 10
3 0 3.217 15.301 10 4.087 15.643 10 3.524 15.877 10
4 0 2.179 17.25 10 2.094 16.719 10 2.65 16.289 10 2.831 17.2 10
4 0 2.094 17.881 10 2.179 17.25 10 2.831 17.2 10 2.65 18.111 10
4 0 1.708 18.458 10 2.094 17.881 10 2.65 18.111 10 2.134 18.884 10
4 0 .45 18.979 10 1.361 19.4 10 .45 19.581 10 -.461 19.4 10
4 0 2.094 16.719 10 1.708 16.142 10 2.134 15.516 10 2.65 16.289 10
4 0 .75 15.1 10 .85 14.9 10 1.35 14.95 10 1.131 15.756 10
4 0 .75 15.1 10 1.131 15.756 10 .5 15.7 10 .4 15.2 10
4 0 .4 15.2 10 .5 15.7 10 -.231 15.756 10 .15 15.1 10
4 0 -.45 15 10 .05 14.95 10 .15 15.1 10 -.231 15.756 10
4 0 -1.234 15.516 10 -.45 15 10 -.231 15.756 10 -.35 16.4 10
4 0 1.35 14.95 10 2.134 15.516 10 1.708 16.142 10 1.131 15.756 10
4 0 .5 17.55 10 .6 16.9 10 .85 17.2 10 1.15 17.8 10
4 0 .55 18.3 10 .5 17.55 10 1.15 17.8 10 1.419 18.651 10
4 0 -1.75 16.289 10 -1.234 15.516 10 -.35 16.4 10 -.4 17.1 10
4 0 -1.931 17.2 10 -1.75 16.289 10 -.4 17.1 10 -.4 17.85 10
4 0 -1.75 18.111 10 -1.931 17.2 10 -.4 17.85 10 -.3 18.3 10
4 0 -1.234 18.884 10 -1.75 18.111 10 -.3 18.3 10 -.1 18.65 10
4 0 -.461 19.4 10 -1.234 18.884 10 -.1 18.65 10 .45 18.979 10
4 0 1.708 18.458 10 2.134 18.884 10 1.361 19.4 10 1.419 18.651 10
4 0 1.419 18.651 10 1.361 19.4 10 .669 18.935 10 .55 18.3 10
3 0 .669 18.935 10 1.361 19.4 10 .45 18.979 10
4 0 -1.903 19.503 10 -1.833 20.345 10 -2.46 20.097 10 -2.575 19.925 10
4 0 -2.317 18.999 10 -1.903 19.503 10 -2.575 19.925 10 -2.747 19.81 10
4 0 -2.906 19.183 10 -2.317 18.999 10 -2.747 19.81 10 -2.95 19.77 10
4 0 -3.381 19.26 10 -2.906 19.183 10 -2.95 19.77 10 -3.153 19.81 10
4 0 -2.624 18.423 10 -2.317 18.999 10 -2.906 19.183 10 -3.187 18.657 10
4 0 -2.42 20.3 10 -2.46 20.097 10 -1.833 20.345 10 -1.91 20.731 10
3 0 -2.42 20.3 10 -1.91 20.731 10 -2.46 20.503 10
4 0 1.099 20.414 10 1.723 20.224 10 2.433 20.533 10 2.42 20.6 10
4 0 3.484 19.629 10 3.746 19.804 10 3.325 20.225 10 3.153 20.11 10
4 0 2.803 19.503 10 3.484 19.629 10 3.153 20.11 10 3.045 20.089 10
4 0 2.299 19.917 10 2.803 19.503 10 3.045 20.089 10 2.637 20.424 10
4 16 14.345 2 10 13.25 2 10 12.85 1.5 10 12 0 10
3 16 12 0 10 12.85 1.5 10 12.1 1.15 10
3 16 12 0 10 12.1 1.15 10 11.25 1 10
3 16 2.65 5.05 10 3.25 5.1 10 2.95 5.45 10
4 16 2.65 5.05 10 2.95 5.45 10 2.15 6.4 10 1.5 5.1 10
4 16 1.5 5.1 10 2.15 6.4 10 1.25 7.3 10 .55 7.3 10
4 16 .15 5.05 10 1.5 5.1 10 .55 7.3 10 -.4 7.35 10
4 16 .15 5.05 10 -.4 7.35 10 -1.3 6.5 10 -1 4.9 10
4 16 -1 4.9 10 -1.3 6.5 10 -2.25 5.35 10 -2.2 4.7 10
3 16 -2.8 4.65 10 -2.2 4.7 10 -2.25 5.35 10
4 16 -12.85 1.5 10 -13.25 2 10 -14.345 2 10 -12 0 10
3 16 -12 0 10 -12.1 1.15 10 -12.85 1.5 10
3 16 -12 0 10 -11.25 1 10 -12.1 1.15 10
3 16 -14.345 2 10 -13.25 2 10 -13.333 2.488 10
3 16 -14.345 2 10 -13.333 2.488 10 -13.473 3.312 10
3 16 -14.345 2 10 -13.473 3.312 10 -13.683 4.553 10
4 16 -14.345 2 10 -13.683 4.553 10 -13.782 5.138 10 -17.05 19.95 10
3 16 13.25 2 10 14.345 2 10 13.792 5.197 10
3 16 14.345 2 10 13.833 5.439 10 13.792 5.197 10
3 16 14.345 2 10 14.001 6.424 10 13.833 5.439 10
4 16 14.153 7.322 10 14.001 6.424 10 14.345 2 10 17 20 10
4 16 13.75 8.45 10 14.153 7.322 10 14.45 13.05 10 13.4 9.65 10
4 16 13.15 10.9 10 13.4 9.65 10 14.45 13.05 10 13.6 14.3 10
4 16 12.4 12.8 10 13.15 10.9 10 13.6 14.3 10 12.65 15.75 10
4 16 12.4 12.8 10 12.65 15.75 10 9.4 14.1 10 9.3 13.7 10
4 16 9.85 12.75 10 12.4 12.8 10 9.3 13.7 10 9.2 13.5 10
4 16 12.55 9.55 10 12.8 9.5 10 12.9 9.65 10 12.35 9.75 10
4 16 12.35 9.75 10 12.9 9.65 10 12.85 10.25 10 12.7 11.05 10
4 16 11 11.5 10 12.35 9.75 10 12.7 11.05 10 12.4 12.8 10
3 16 11 11.5 10 12.4 12.8 10 9.85 12.75 10
4 16 9.4 14.45 10 9.4 14.1 10 12.65 15.75 10 11.7 17 10
4 16 9.25 14.85 10 9.4 14.45 10 11.7 17 10 11.3 17.35 10
4 16 9.25 14.85 10 11.3 17.35 10 11.05 17.4 10 10.7 17.3 10
4 16 9.25 14.85 10 10.7 17.3 10 9.95 16.85 10 9.15 16.35 10
4 16 8.85 15.1 10 9.25 14.85 10 9.15 16.35 10 8.15 15.7 10
3 16 8.85 15.1 10 8.15 15.7 10 8.35 15.15 10
3 16 7.5 15.1 10 8.35 15.15 10 8.15 15.7 10
4 16 14 14.15 10 14.45 13.05 10 15.2 16.25 10 14 17.2 10
4 16 13.3 15.45 10 14 14.15 10 14 17.2 10 13.2 17.95 10
4 16 12.45 16.7 10 13.3 15.45 10 13.2 17.95 10 12.7 18.3 10
4 16 12.45 16.7 10 12.7 18.3 10 12.35 18.3 10 11.85 17.5 10
4 16 11.85 17.5 10 12.35 18.3 10 12 18.2 10 11.8 18.05 10
3 16 11.85 17.5 10 11.8 18.05 10 11.7 17.85 10
4 16 13.4 18.9 10 13.15 18.65 10 13.65 18 10 14.7 19.55 10
3 16 14.35 17.25 10 14.7 19.55 10 13.65 18 10
4 16 14.85 19.8 10 14.7 19.55 10 14.35 17.25 10 15.2 16.25 10
4 16 14.85 19.8 10 15.2 16.25 10 16.546 21.428 10 14.9 20.1 10
4 16 14.9 20.1 10 16.546 21.428 10 15.25 21.35 10 14.95 21.15 10
3 16 15.25 21.35 10 16.546 21.428 10 15.55 21.7 10
4 16 17.701 28.237 10 19 29 10 19 32 10 16.05 28.35 10
4 16 14.45 28.55 10 16.05 28.35 10 19 32 10 13.5 28.85 10
4 16 13.25 29.1 10 13.5 28.85 10 19 32 10 13.1 29.55 10
3 16 13.1 29.55 10 19 32 10 13 30.05 10
3 16 17.608 27.692 10 19 29 10 17.701 28.237 10
3 16 17.454 26.782 10 19 29 10 17.608 27.692 10
3 16 17.358 26.216 10 19 29 10 17.454 26.782 10
3 16 17.248 25.566 10 19 29 10 17.358 26.216 10
3 16 17.166 25.081 10 19 29 10 17.248 25.566 10
3 16 17.04 24.34 10 19 29 10 17.166 25.081 10
3 16 16.95 23.808 10 19 29 10 17.04 24.34 10
3 16 16.856 23.254 10 19 29 10 16.95 23.808 10
3 16 16.755 22.663 10 19 29 10 16.856 23.254 10
4 16 19 29 10 16.755 22.663 10 16.63 21.924 10 17 20 10
3 16 17 20 10 16.63 21.924 10 16.546 21.428 10
4 16 17 20 10 16.546 21.428 10 15.2 16.25 10 14.45 13.05 10
3 16 14.153 7.322 10 17 20 10 14.45 13.05 10
3 16 14.345 2 10 19 29 10 17 20 10
3 16 13 30.05 10 19 32 10 12.75 30.4 10
4 16 12.05 30.65 10 12.75 30.4 10 19 32 10 10 32 10
4 16 11.2 30.8 10 12.05 30.65 10 10 32 10 9.95 31.1 10
3 16 10.4 30.75 10 11.2 30.8 10 9.95 31.1 10
3 16 9.95 31.1 10 10 32 10 9.25 31.35 10
4 16 8.5 31.4 10 9.25 31.35 10 10 32 10 6 32 10
4 16 7.7 31.25 10 8.5 31.4 10 6 32 10 6.3 31.05 10
3 16 7.05 30.95 10 7.7 31.25 10 6.3 31.05 10
4 16 5.45 31 10 6.3 31.05 10 6 32 10 4.95 31.3 10
3 16 4.95 31.3 10 6 32 10 4.15 31.45 10
4 16 3.45 31.4 10 4.15 31.45 10 6 32 10 0 32 10
3 16 2.75 31.25 10 3.45 31.4 10 0 32 10
4 16 2.3 31 10 2.75 31.25 10 0 32 10 1.8 30.85 10
3 16 1.15 30.8 10 1.8 30.85 10 0 32 10
3 16 .55 30.7 10 1.15 30.8 10 0 32 10
4 16 .1 30.5 10 .55 30.7 10 0 32 10 -.45 30.4 10
4 16 -1.2 30.35 10 -.45 30.4 10 0 32 10 -1.65 30.5 10
3 16 -1.65 30.5 10 0 32 10 -1.9 30.8 10
3 16 -1.9 30.8 10 0 32 10 -2.35 31.1 10
3 16 -2.35 31.1 10 0 32 10 -3.1 31.2 10
4 16 -3.75 31.2 10 -3.1 31.2 10 0 32 10 -6 32 10
3 16 -4.25 31.05 10 -3.75 31.2 10 -6 32 10
4 16 -4.6 30.8 10 -4.25 31.05 10 -6 32 10 -5 30.65 10
4 16 -5.6 30.55 10 -5 30.65 10 -6 32 10 -6.2 30.65 10
4 16 -6.65 30.8 10 -6.2 30.65 10 -6 32 10 -7.15 31.1 10
3 16 -7.15 31.1 10 -6 32 10 -7.75 31.2 10
4 16 -8.5 31.15 10 -7.75 31.2 10 -6 32 10 -10 32 10
3 16 -9.05 31 10 -8.5 31.15 10 -10 32 10
4 16 -9.4 30.75 10 -9.05 31 10 -10 32 10 -9.8 30.55 10
3 16 -10.7 30.5 10 -9.8 30.55 10 -10 32 10
4 16 -11.85 30.4 10 -10.7 30.5 10 -10 32 10 -19 32 10
3 16 -12.45 30.25 10 -11.85 30.4 10 -19 32 10
3 16 -12.8 30.05 10 -12.45 30.25 10 -19 32 10
4 16 -13.05 29.75 10 -12.8 30.05 10 -19 32 10 -19 29 10
4 16 -13.15 29.4 10 -13.05 29.75 10 -19 29 10 -13.65 28.8 10
3 16 -13.65 28.8 10 -13.25 28.95 10 -13.15 29.4 10
4 16 -14.75 28.5 10 -13.65 28.8 10 -19 29 10 -16.1 28.15 10
3 16 -17.612 27.712 10 -16.1 28.15 10 -19 29 10
3 16 -17.531 27.238 10 -17.612 27.712 10 -19 29 10
3 16 -17.441 26.705 10 -17.531 27.238 10 -19 29 10
3 16 -17.357 26.208 10 -17.441 26.705 10 -19 29 10
3 16 -17.223 25.418 10 -17.357 26.208 10 -19 29 10
3 16 -17.15 24.988 10 -17.223 25.418 10 -19 29 10
3 16 -17.025 24.252 10 -17.15 24.988 10 -19 29 10
3 16 -16.941 23.756 10 -17.025 24.252 10 -19 29 10
3 16 -16.85 23.223 10 -16.941 23.756 10 -19 29 10
3 16 -16.773 22.77 10 -16.85 23.223 10 -19 29 10
3 16 -16.667 22.144 10 -16.773 22.77 10 -19 29 10
4 16 -16.602 21.758 10 -16.667 22.144 10 -19 29 10 -17.05 19.95 10
4 16 -16.602 21.758 10 -17.05 19.95 10 -14.4 20.45 10 -14.3 20.95 10
4 16 -15.5 21.95 10 -16.602 21.758 10 -14.3 20.95 10 -14.6 22.05 10
4 16 -14.6 22.05 10 -14.3 20.95 10 -14.1 21.5 10 -13.95 22.05 10
3 16 -17.05 19.95 10 -14.3 20 10 -14.4 20.45 10
4 16 -14.1 19.65 10 -14.3 20 10 -17.05 19.95 10 -14.2 19 10
3 16 -14.15 18.65 10 -14.2 19 10 -17.05 19.95 10
4 16 -12.25 16.85 10 -12.35 17.5 10 -12.65 17.75 10 -13.55 18.1 10
4 16 -12.3 16.2 10 -12.25 16.85 10 -13.55 18.1 10 -12.7 14.2 10
4 16 -12.7 14.2 10 -13.55 18.1 10 -14.05 18.45 10 -13.1 12.4 10
4 16 -14.05 18.45 10 -14.15 18.65 10 -17.05 19.95 10 -13.1 12.4 10
4 16 -8.5 14.6 10 -8.25 15.1 10 -9.15 15.75 10 -10.75 14.95 10
4 16 -10.75 14.95 10 -9.15 15.75 10 -10.05 16.25 10 -10.6 16.1 10
3 16 -10.6 16.1 10 -10.05 16.25 10 -10.4 16.25 10
4 16 -11.95 16.1 10 -11 16.1 10 -11.2 16.35 10 -11.8 16.4 10
3 16 -11.2 16.35 10 -11.5 16.5 10 -11.8 16.4 10
4 16 -11 14.95 10 -11 16.1 10 -11.95 16.1 10 -12.55 13.95 10
4 16 -11.1 13.05 10 -11 14.95 10 -12.55 13.95 10 -13.1 12.4 10
4 16 -8.55 14.25 10 -8.5 14.6 10 -10.75 14.95 10 -11.1 13.05 10
4 16 -8.5 13.7 10 -8.55 14.25 10 -11.1 13.05 10 -9.35 12.35 10
4 16 -10.4 10.8 10 -9.35 12.35 10 -11.1 13.05 10 -13.1 12.4 10
3 16 -11.7 8.8 10 -10.4 10.8 10 -13.1 12.4 10
3 16 -12.8 6.9 10 -11.7 8.8 10 -13.1 12.4 10
4 16 -13.782 5.138 10 -12.8 6.9 10 -13.1 12.4 10 -17.05 19.95 10
3 16 -14.345 2 10 -17.05 19.95 10 -19 29 10
4 16 -7.1 1 10 -9.65 1 10 -12 0 10 -5 0 10
3 16 -12 0 10 -9.65 1 10 -10.4 1 10
3 16 -12 0 10 -10.4 1 10 -11.25 1 10
3 16 12 0 10 11.25 1 10 8.4 1 10
3 16 12 0 10 8.4 1 10 8 1 10
3 16 12 0 10 8 1 10 7.1 1 10
4 16 12 0 10 7.1 1 10 6.4 1 10 6 0 10
3 16 6 0 10 6.4 1 10 6.15 1 10
3 16 6 0 10 6.15 1 10 5.75 1 10
3 16 6 0 10 5.75 1 10 5.5 1 10
3 16 6 0 10 5.5 1 10 5.1 1 10
3 16 6 0 10 5.1 1 10 4.55 1 10
3 16 6 0 10 4.55 1 10 4.15 1 10
3 16 6 0 10 4.15 1 10 3.9 1 10
3 16 6 0 10 3.9 1 10 3.5 1 10
3 16 6 0 10 3.5 1 10 2.95 1 10
3 16 6 0 10 2.95 1 10 2.55 1 10
3 16 6 0 10 2.55 1 10 2.3 1 10
4 16 6 0 10 2.3 1 10 1.9 1 10 0 0 10
3 16 0 0 10 1.9 1 10 1.35 1 10
3 16 0 0 10 1.35 1 10 .95 1 10
3 16 0 0 10 .95 1 10 .7 1 10
3 16 0 0 10 .7 1 10 .3 1 10
3 16 0 0 10 .3 1 10 -.25 1 10
3 16 0 0 10 -.25 1 10 -.65 1 10
3 16 0 0 10 -.65 1 10 -.9 1 10
3 16 0 0 10 -.9 1 10 -1.3 1 10
3 16 0 0 10 -1.3 1 10 -1.85 1 10
3 16 0 0 10 -1.85 1 10 -2.25 1 10
3 16 0 0 10 -2.25 1 10 -2.5 1 10
4 16 0 0 10 -2.5 1 10 -2.9 1 10 -5 0 10
3 16 -5 0 10 -2.9 1 10 -3.45 1 10
3 16 -5 0 10 -3.45 1 10 -3.85 1 10
3 16 -5 0 10 -3.85 1 10 -4.1 1 10
3 16 -5 0 10 -4.1 1 10 -4.5 1 10
3 16 -5 0 10 -4.5 1 10 -5.05 1 10
3 16 -5 0 10 -5.05 1 10 -5.45 1 10
3 16 -5 0 10 -5.45 1 10 -5.7 1 10
3 16 -5 0 10 -5.7 1 10 -6.1 1 10
3 16 -5 0 10 -6.1 1 10 -6.4 1 10
3 16 -5 0 10 -6.4 1 10 -7.1 1 10
4 70 4.5 15.2 10 2.95 13.6 10 2.85 12.7 10 4.55 13 10
4 70 4.5 12.6 10 4.55 13 10 2.85 12.7 10 4.3 12.1 10
4 70 4.3 12.1 10 2.85 12.7 10 2.2 11.9 10 2.25 10.15 10
4 70 1.85 9.9 10 2.25 10.15 10 2.2 11.9 10 1.4 9.85 10
4 70 1.4 9.85 10 2.2 11.9 10 -1.3 11.65 10 -.75 9.8 10
4 70 -1.25 9.9 10 -.75 9.8 10 -1.3 11.65 10 -1.75 10.2 10
4 70 -1.75 10.2 10 -1.3 11.65 10 -1.8 11.75 10 -3 11.3 10
4 70 -3 11.3 10 -1.8 11.75 10 -2.1 12 10 -3.75 12.25 10
4 70 -3.75 12.25 10 -2.1 12 10 -2.2 12.85 10 -3.8 12.85 10
4 70 14.4 20.05 10 14.4 20.75 10 12.75 20 10 12.95 19.35 10
4 70 12.95 19.35 10 12.75 20 10 12.4 19.75 10 12.55 19.2 10
4 70 12.35 19.25 10 12.55 19.2 10 12.4 19.75 10 12.25 19.5 10
4 70 -12.25 18.3 10 -12.1 18.4 10 -12.05 18.7 10 -12.2 18.95 10
4 70 -12.5 18.35 10 -12.25 18.3 10 -12.2 18.95 10 -13.65 18.85 10
4 70 -13.65 18.85 10 -12.2 18.95 10 -12.55 19.1 10 -13.6 19.4 10
4 70 9.65 22.7 10 9.7 23.6 10 8.25 23.8 10 9.5 22.4 10
4 70 9.5 22.4 10 8.25 23.8 10 8.05 23.05 10 8.05 22.65 10
4 70 9.15 22.25 10 9.5 22.4 10 8.05 22.65 10 8.15 22.35 10
3 70 8.65 22.25 10 9.15 22.25 10 8.15 22.35 10
4 70 5.15 22.9 10 5.1 23.35 10 3.7 23.25 10 5.05 22.65 10
4 70 5.05 22.65 10 3.7 23.25 10 3.75 22.8 10 3.95 22.55 10
3 70 4.6 22.5 10 5.05 22.65 10 3.95 22.55 10
4 70 -3.15 23.4 10 -5 23.25 10 -4.9 22.75 10 -3.15 22.85 10
4 70 -3.35 22.55 10 -3.15 22.85 10 -4.9 22.75 10 -4.75 22.5 10
4 70 -3.7 22.4 10 -3.35 22.55 10 -4.75 22.5 10 -4.3 22.35 10
4 70 -9 23.7 10 -10.45 23.7 10 -10.35 23 10 -8.85 23.05 10
4 70 -8.85 23.05 10 -10.35 23 10 -10.1 22.3 10 -8.7 22.5 10
4 70 -8.8 22.2 10 -8.7 22.5 10 -10.1 22.3 10 -9.95 22.05 10
4 70 -8.95 22 10 -8.8 22.2 10 -9.95 22.05 10 -9.65 21.95 10
4 70 -5.1 25.55 10 -3.45 25.6 10 -3.6 26.1 10 -3.8 26.4 10
4 70 -5.35 25.75 10 -5.1 25.55 10 -3.8 26.4 10 -5.5 26.1 10
4 70 -5.5 26.1 10 -3.8 26.4 10 -4.1 26.65 10 -5.35 26.5 10
4 70 -5.35 26.5 10 -4.1 26.65 10 -4.5 26.75 10 -5.05 26.7 10
4 70 -10 26 10 -8.9 26 10 -8.65 26.2 10 -10.25 26.2 10
4 70 -10.25 26.5 10 -10.25 26.2 10 -8.65 26.2 10 -8.5 26.65 10
4 70 -10.25 26.5 10 -8.5 26.65 10 -8.5 27.1 10 -10.05 27.25 10
4 70 -9.8 27.6 10 -10.05 27.25 10 -8.5 27.1 10 -8.65 27.55 10
4 70 -9.8 27.6 10 -8.65 27.55 10 -8.95 27.75 10 -9.4 27.75 10
4 70 -9.5 29.25 10 -9.8 28.45 10 -8.4 28.45 10 -8 29.35 10
4 70 -9.15 30.15 10 -9.5 29.25 10 -8 29.35 10 -8.8 30.55 10
4 70 -8.8 30.55 10 -8 29.35 10 -7.6 30 10 -8.1 30.65 10
4 70 -8.1 30.65 10 -7.6 30 10 -7.45 30.4 10 -7.45 30.6 10
4 70 -5.4 27.3 10 -5.1 27.45 10 -5.15 27.7 10 -5.7 27.85 10
4 70 -5.8 27.05 10 -5.4 27.3 10 -5.7 27.85 10 -6.3 27.8 10
4 70 -5.8 27.05 10 -6.3 27.8 10 -6.85 27.55 10 -6.2 26.6 10
4 70 -6.2 26.6 10 -6.85 27.55 10 -7.35 27.15 10 -7.75 26.35 10
4 70 -6.65 25.75 10 -6.2 26.6 10 -7.75 26.35 10 -8.1 25.35 10
4 70 -7 24.8 10 -6.65 25.75 10 -8.1 25.35 10 -7.2 24.45 10
4 70 -7.2 24.45 10 -8.1 25.35 10 -8.15 24.7 10 -8.05 24.4 10
4 70 -7.55 24.3 10 -7.2 24.45 10 -8.05 24.4 10 -7.85 24.3 10
3 70 -3.6 27.55 10 -3.35 28.55 10 -4.15 27.95 10
4 70 -4.7 28.15 10 -4.15 27.95 10 -3.35 28.55 10 -4.6 28.95 10
4 70 -4.6 28.95 10 -3.35 28.55 10 -2.95 29.5 10 -4.35 29.75 10
4 70 -4.15 30.2 10 -4.35 29.75 10 -2.95 29.5 10 -3.8 30.5 10
4 70 -3.8 30.5 10 -2.95 29.5 10 -2.6 30.1 10 -3.4 30.65 10
4 70 -2.85 30.6 10 -3.4 30.65 10 -2.6 30.1 10 -2.6 30.4 10
3 70 5.05 26.1 10 4.95 27.1 10 4.65 26.5 10
4 70 5.05 26.1 10 4.65 26.5 10 4.35 26.2 10 5 25.75 10
4 70 4.8 25.55 10 5 25.75 10 4.35 26.2 10 4.4 25.5 10
4 70 4.4 25.5 10 4.35 26.2 10 3.85 25.95 10 3.5 25.55 10
4 70 3.4 25.7 10 3.5 25.55 10 3.85 25.95 10 3.45 25.9 10
4 70 4.35 27.45 10 4.5 27.95 10 4.25 28.15 10 3.8 28.2 10
4 70 4.1 27 10 4.35 27.45 10 3.8 28.2 10 3.75 26.7 10
4 70 3.35 26.7 10 3.75 26.7 10 3.8 28.2 10 3.3 28.1 10
4 70 3.35 26.7 10 3.3 28.1 10 2.95 27.8 10 2.7 27.35 10
4 70 2.9 26.8 10 3.35 26.7 10 2.7 27.35 10 2.7 27 10
4 70 5 28.6 10 5.55 28.25 10 5.45 28.95 10 5.2 29.8 10
4 70 4.4 28.85 10 5 28.6 10 5.2 29.8 10 4.95 30.35 10
4 70 3.75 29.05 10 4.4 28.85 10 4.95 30.35 10 3.6 29.7 10
4 70 3.6 29.7 10 4.95 30.35 10 4.7 30.65 10 4.25 30.8 10
4 70 3.6 29.7 10 4.25 30.8 10 3.75 30.8 10 3.35 30.35 10
3 70 3.35 30.35 10 3.75 30.8 10 3.15 30.7 10
4 70 10.15 26.2 10 10.25 26.5 10 10.1 26.9 10 9.9 26.05 10
4 70 9.45 26 10 9.9 26.05 10 10.1 26.9 10 9.7 27.15 10
4 70 9.45 26 10 9.7 27.15 10 9.2 27.25 10 8.8 26.1 10
4 70 8.8 26.1 10 9.2 27.25 10 8.75 27.15 10 8.45 26.3 10
4 70 8.45 26.3 10 8.75 27.15 10 8.45 26.9 10 8.35 26.6 10
4 70 10.35 28.1 10 9.7 28 10 10.2 27.7 10 11.05 28 10
4 70 11.05 28 10 10.2 27.7 10 10.5 27.4 10 11.65 27.6 10
4 70 11.65 27.6 10 10.5 27.4 10 10.8 27 10 11.85 27.15 10
4 70 11.75 26.8 10 11.85 27.15 10 10.8 27 10 11.05 26.75 10
3 70 11.4 26.65 10 11.75 26.8 10 11.05 26.75 10
4 70 9.3 28.6 10 9.85 28.8 10 9.9 29.4 10 9.85 29.95 10
4 70 8.6 28.45 10 9.3 28.6 10 9.85 29.95 10 8.6 29.05 10
4 70 8.6 29.05 10 9.85 29.95 10 9.65 30.45 10 8.4 29.65 10
4 70 8.4 29.65 10 9.65 30.45 10 9.25 30.7 10 8.1 30.15 10
4 70 8.1 30.15 10 9.25 30.7 10 8.7 30.8 10 8.15 30.7 10
3 70 8.1 30.15 10 8.15 30.7 10 7.8 30.5 10
4 70 13.45 5.95 10 13.833 5.439 10 14.001 6.424 10 13.1 6.55 10
4 70 13.1 6.55 10 14.001 6.424 10 13.25 7.55 10 12.35 7.75 10
4 70 12.35 7.75 10 13.25 7.55 10 12.45 8.8 10 11.7 8.7 10
4 70 11.7 8.7 10 12.45 8.8 10 11.3 10.35 10 10.95 9.85 10
4 70 10.2 10.85 10 10.95 9.85 10 11.3 10.35 10 10.1 11.85 10
3 70 10.2 10.85 10 10.1 11.85 10 9.2 11.95 10
4 70 8.45 12.65 10 9.2 11.95 10 10.1 11.85 10 8.55 13.4 10
3 70 8.45 12.65 10 8.55 13.4 10 7.7 13.3 10
3 70 7.1 1 10 8 1 10 7.75 1.25 10
4 70 7.1 1 10 7.75 1.25 10 7.3 1.7 10 6.5 1.95 10
4 70 6.5 1.95 10 7.3 1.7 10 6.4 3.1 10 5.8 3 10
4 70 5.8 3 10 6.4 3.1 10 5.65 4.1 10 5.1 3.85 10
4 70 4.4 4.7 10 5.1 3.85 10 5.65 4.1 10 4.15 5.75 10
4 70 3.85 5.3 10 4.4 4.7 10 4.15 5.75 10 3.05 6.2 10
4 70 3.05 6.2 10 4.15 5.75 10 3 7.1 10 2.1 7.25 10
4 70 2.1 7.25 10 3 7.1 10 2 8.3 10 1.45 7.95 10
4 70 1.3 8.25 10 1.45 7.95 10 2 8.3 10 1.7 8.65 10
4 70 1.3 8.5 10 1.3 8.25 10 1.7 8.65 10 1.5 8.7 10
4 70 -.45 8.1 10 -.35 8.35 10 -.45 8.6 10 -.8 8.65 10
4 70 -.45 8.1 10 -.8 8.65 10 -1.15 8.35 10 -1.2 7.35 10
4 70 -1.2 7.35 10 -1.15 8.35 10 -2.15 7.15 10 -2.4 6 10
4 70 -2.4 6 10 -2.15 7.15 10 -3.55 5.45 10 -3.3 4.9 10
4 70 -3.85 4.2 10 -3.3 4.9 10 -3.55 5.45 10 -4.7 3.7 10
4 70 -4.35 3.5 10 -3.85 4.2 10 -4.7 3.7 10 -4.6 3.4 10
3 70 -4.6 3.4 10 -4.7 3.7 10 -4.75 3.5 10
4 70 -7.95 12.55 10 -7.25 13.25 10 -7.95 13.25 10 -8.75 12.3 10
4 70 -8.45 12 10 -7.95 12.55 10 -8.75 12.3 10 -9.65 11.05 10
3 70 -9.2 10.9 10 -8.45 12 10 -9.65 11.05 10
4 70 -10.05 9.65 10 -9.2 10.9 10 -9.65 11.05 10 -11.15 8.75 10
4 70 -10.8 8.3 10 -10.05 9.65 10 -11.15 8.75 10 -12.3 6.9 10
4 70 -11.65 6.75 10 -10.8 8.3 10 -12.3 6.9 10 -12.3 5.6 10
4 70 -12.7 4.9 10 -12.3 5.6 10 -12.3 6.9 10 -13.683 4.553 10
3 70 -13.473 3.312 10 -12.7 4.9 10 -13.683 4.553 10
4 70 15.95 25.9 10 17.248 25.566 10 17.358 26.216 10 15.9 26.65 10
4 70 14.05 26.3 10 15.95 25.9 10 15.9 26.65 10 14.25 27.1 10
4 70 13.45 26.5 10 14.05 26.3 10 14.25 27.1 10 13.6 27.2 10
4 70 13.2 26.9 10 13.25 26.65 10 13.45 26.5 10 13.35 27.15 10
3 70 13.45 26.5 10 13.6 27.2 10 13.35 27.15 10
4 70 16.856 23.254 10 16.95 23.808 10 15.5 24.2 10 15.05 23.8 10
4 70 15.05 23.8 10 15.5 24.2 10 13.95 24.55 10 13.65 24.05 10
4 70 13.65 24.05 10 13.95 24.55 10 13.2 24.65 10 13.1 24.2 10
4 70 13.1 24.2 10 13.2 24.65 10 13.05 24.55 10 13 24.35 10
4 70 -13.25 23.85 10 -13.1 24 10 -13.05 24.2 10 -13.15 24.4 10
4 70 -13.25 23.85 10 -13.15 24.4 10 -13.4 24.45 10 -14.3 23.7 10
4 70 -14.3 23.7 10 -13.4 24.45 10 -14.8 24.25 10 -15.5 23.5 10
4 70 -15.5 23.5 10 -14.8 24.25 10 -15.8 24.05 10 -16.85 23.223 10
3 70 -16.85 23.223 10 -15.8 24.05 10 -16.941 23.756 10
4 70 -13.5 26.4 10 -13.3 26.55 10 -13.3 26.8 10 -13.4 27 10
4 70 -13.5 26.4 10 -13.4 27 10 -13.65 27.05 10 -14.9 26.7 10
4 70 -14.95 26 10 -13.5 26.4 10 -14.9 26.7 10 -16.3 26.4 10
4 70 -16.2 25.7 10 -14.95 26 10 -16.3 26.4 10 -17.357 26.208 10
3 70 -17.223 25.418 10 -16.2 25.7 10 -17.357 26.208 10
4 70 4.1 3.55 10 4.35 3.65 10 4.3 3.85 10 4.1 4.05 10
4 70 3.7 3.55 10 4.1 3.55 10 4.1 4.05 10 3.5 4.3 10
4 70 2.25 3.75 10 3.7 3.55 10 3.5 4.3 10 2.3 4.5 10
4 70 .9 3.8 10 2.25 3.75 10 2.3 4.5 10 .75 4.55 10
4 70 -.7 3.65 10 .9 3.8 10 .75 4.55 10 -.65 4.4 10
4 70 -.7 3.65 10 -.65 4.4 10 -1.9 4.25 10 -1.95 3.35 10
4 70 -1.95 3.35 10 -1.9 4.25 10 -3 3.95 10 -3.05 3 10
4 70 -3.05 3 10 -3 3.95 10 -3.7 3.6 10 -3.65 3.05 10
3 70 -3.65 3.05 10 -3.7 3.6 10 -3.8 3.3 10
4 70 7.3 15.6 10 7.95 16.1 10 7.75 16.3 10 6.95 16 10
4 70 6.75 15.3 10 7.3 15.6 10 6.95 16 10 6.25 15.6 10
4 70 6.75 15.3 10 6.25 15.6 10 6.05 15.35 10 6 15.05 10
4 80 5.75 1 10 6.15 1 10 6.05 1.45 10 5.6 1.45 10
4 80 5.6 1.45 10 6.05 1.45 10 5.75 1.9 10 5.35 1.8 10
4 80 5.35 1.8 10 5.75 1.9 10 5.3 2.25 10 4.95 2 10
3 80 4.95 2 10 5.3 2.25 10 4.9 2.3 10
4 80 5.1 1 10 5.5 1 10 5.35 1.35 10 4.95 1.15 10
4 80 4.95 1.15 10 5.35 1.35 10 5 1.6 10 4.6 1.45 10
4 80 4.6 1.45 10 5 1.6 10 4.8 1.85 10 4.4 1.85 10
4 80 4.4 1.85 10 4.8 1.85 10 4.7 2.1 10 4.35 2.35 10
3 80 4.7 2.1 10 4.7 2.3 10 4.35 2.35 10
4 80 4.15 1 10 4.55 1 10 4.45 1.45 10 4 1.45 10
4 80 4 1.45 10 4.45 1.45 10 4.15 1.9 10 3.75 1.8 10
4 80 3.75 1.8 10 4.15 1.9 10 3.7 2.25 10 3.35 2 10
3 80 3.35 2 10 3.7 2.25 10 3.3 2.3 10
4 80 3.5 1 10 3.9 1 10 3.75 1.35 10 3.35 1.15 10
4 80 3.35 1.15 10 3.75 1.35 10 3.4 1.6 10 3 1.45 10
4 80 3 1.45 10 3.4 1.6 10 3.2 1.85 10 2.8 1.85 10
4 80 2.8 1.85 10 3.2 1.85 10 3.1 2.1 10 2.75 2.35 10
3 80 3.1 2.1 10 3.1 2.3 10 2.75 2.35 10
4 80 2.55 1 10 2.95 1 10 2.85 1.45 10 2.4 1.45 10
4 80 2.4 1.45 10 2.85 1.45 10 2.55 1.9 10 2.15 1.8 10
4 80 2.15 1.8 10 2.55 1.9 10 2.1 2.25 10 1.75 2 10
3 80 1.75 2 10 2.1 2.25 10 1.7 2.3 10
4 80 1.9 1 10 2.3 1 10 2.15 1.35 10 1.75 1.15 10
4 80 1.75 1.15 10 2.15 1.35 10 1.8 1.6 10 1.4 1.45 10
4 80 1.4 1.45 10 1.8 1.6 10 1.6 1.85 10 1.2 1.85 10
4 80 1.2 1.85 10 1.6 1.85 10 1.5 2.1 10 1.15 2.35 10
3 80 1.5 2.1 10 1.5 2.3 10 1.15 2.35 10
4 80 .95 1 10 1.35 1 10 1.25 1.45 10 .8 1.45 10
4 80 .8 1.45 10 1.25 1.45 10 .95 1.9 10 .55 1.8 10
4 80 .55 1.8 10 .95 1.9 10 .5 2.25 10 .15 2 10
3 80 .15 2 10 .5 2.25 10 .1 2.3 10
4 80 .3 1 10 .7 1 10 .55 1.35 10 .15 1.15 10
4 80 .15 1.15 10 .55 1.35 10 .2 1.6 10 -.2 1.45 10
4 80 -.2 1.45 10 .2 1.6 10 0 1.85 10 -.4 1.85 10
4 80 -.4 1.85 10 0 1.85 10 -.1 2.1 10 -.45 2.35 10
3 80 -.1 2.1 10 -.1 2.3 10 -.45 2.35 10
4 80 -.65 1 10 -.25 1 10 -.35 1.45 10 -.8 1.45 10
4 80 -.8 1.45 10 -.35 1.45 10 -.65 1.9 10 -1.05 1.8 10
4 80 -1.05 1.8 10 -.65 1.9 10 -1.1 2.25 10 -1.45 2 10
3 80 -1.45 2 10 -1.1 2.25 10 -1.5 2.3 10
4 80 -1.3 1 10 -.9 1 10 -1.05 1.35 10 -1.45 1.15 10
4 80 -1.45 1.15 10 -1.05 1.35 10 -1.4 1.6 10 -1.8 1.45 10
4 80 -1.8 1.45 10 -1.4 1.6 10 -1.6 1.85 10 -2 1.85 10
4 80 -2 1.85 10 -1.6 1.85 10 -1.7 2.1 10 -2.05 2.35 10
3 80 -1.7 2.1 10 -1.7 2.3 10 -2.05 2.35 10
4 80 -2.25 1 10 -1.85 1 10 -1.95 1.45 10 -2.4 1.45 10
4 80 -2.4 1.45 10 -1.95 1.45 10 -2.25 1.9 10 -2.65 1.8 10
4 80 -2.65 1.8 10 -2.25 1.9 10 -2.7 2.25 10 -3.05 2 10
3 80 -3.05 2 10 -2.7 2.25 10 -3.1 2.3 10
4 80 -2.9 1 10 -2.5 1 10 -2.65 1.35 10 -3.05 1.15 10
4 80 -3.05 1.15 10 -2.65 1.35 10 -3 1.6 10 -3.4 1.45 10
4 80 -3.4 1.45 10 -3 1.6 10 -3.2 1.85 10 -3.6 1.85 10
4 80 -3.6 1.85 10 -3.2 1.85 10 -3.3 2.1 10 -3.65 2.35 10
3 80 -3.3 2.1 10 -3.3 2.3 10 -3.65 2.35 10
4 80 -3.85 1 10 -3.45 1 10 -3.55 1.45 10 -4 1.45 10
4 80 -4 1.45 10 -3.55 1.45 10 -3.85 1.9 10 -4.25 1.8 10
4 80 -4.25 1.8 10 -3.85 1.9 10 -4.3 2.25 10 -4.65 2 10
3 80 -4.65 2 10 -4.3 2.25 10 -4.7 2.3 10
4 80 -4.5 1 10 -4.1 1 10 -4.25 1.35 10 -4.65 1.15 10
4 80 -4.65 1.15 10 -4.25 1.35 10 -4.6 1.6 10 -5 1.45 10
4 80 -5 1.45 10 -4.6 1.6 10 -4.8 1.85 10 -5.2 1.85 10
4 80 -5.2 1.85 10 -4.8 1.85 10 -4.9 2.1 10 -5.244 2.286 10
4 80 -5.45 1 10 -5.05 1 10 -5.15 1.45 10 -5.6 1.45 10
4 80 -5.6 1.45 10 -5.15 1.45 10 -5.45 1.9 10 -5.85 1.8 10
4 80 -6.1 1 10 -5.7 1 10 -5.85 1.35 10 -6.25 1.15 10
4 80 .65 2.4 10 1.05 2.4 10 .95 2.85 10 .5 2.85 10
4 80 0 2.4 10 .4 2.4 10 .25 2.75 10 -.15 2.55 10
4 80 -.15 2.55 10 .25 2.75 10 -.1 3 10 -.5 2.85 10
4 80 -.95 2.4 10 -.55 2.4 10 -.65 2.85 10 -1.1 2.85 10
4 80 -1.6 2.4 10 -1.2 2.4 10 -1.35 2.75 10 -1.75 2.55 10
4 80 2.25 2.4 10 2.65 2.4 10 2.55 2.85 10 2.1 2.85 10
4 80 1.6 2.4 10 2 2.4 10 1.85 2.75 10 1.45 2.55 10
4 80 1.45 2.55 10 1.85 2.75 10 1.5 3 10 1.1 2.85 10
4 80 3.2 2.4 10 3.6 2.4 10 3.45 2.75 10 3.05 2.55 10
4 80 3.05 2.55 10 3.45 2.75 10 3.1 3 10 2.7 2.85 10
4 80 -5.85 1.35 10 -6.144 1.56 10 -6.25 1.4 10 -6.321 1.211 10
3 80 -6.25 1.15 10 -5.85 1.35 10 -6.321 1.211 10
4 80 -5.85 1.8 10 -5.45 1.9 10 -5.653 2.058 10 -5.95 1.85 10
4 80 -4.9 2.1 10 -4.9 2.3 10 -5.131 2.333 10 -5.244 2.286 10
4 80 -4.8 2.4 10 -4.4 2.4 10 -4.448 2.512 10 -4.85 2.45 10
4 80 -4.15 2.4 10 -3.75 2.4 10 -3.783 2.55 10 -4.2 2.55 10
4 80 -3.2 2.4 10 -2.8 2.4 10 -2.844 2.504 10 -3.345 2.545 10
4 80 -2.55 2.4 10 -2.15 2.4 10 -2.225 2.739 10 -2.61 2.579 10
4 80 -1.75 2.55 10 -1.35 2.75 10 -1.663 2.974 10 -2.054 2.811 10
4 80 -1.1 2.85 10 -.65 2.85 10 -.822 3.107 10 -1.242 3.049 10
4 80 -.5 2.85 10 -.1 3 10 -.249 3.186 10 -.641 3.132 10
4 80 .5 2.85 10 .95 2.85 10 .696 3.231 10 .25 3.2 10
3 80 .25 3.2 10 .696 3.231 10 .222 3.214 10
4 80 1.5 3 10 1.3 3.25 10 1.2 3.25 10 1.1 2.85 10
3 80 1.1 2.85 10 1.2 3.25 10 .905 3.239 10
4 80 2.1 2.85 10 2.55 2.85 10 2.283 3.25 10 1.85 3.2 10
3 80 1.85 3.2 10 2.283 3.25 10 1.75 3.25 10
4 80 2.7 2.85 10 3.1 3 10 2.961 3.174 10 2.504 3.242 10
4 80 4.15 2.85 10 4.058 2.989 10 3.8 3.05 10 3.7 2.85 10
3 80 3.7 2.85 10 3.8 3.05 10 3.528 3.09 10
4 80 4.8 2.4 10 5.2 2.4 10 5.09 2.656 10 4.65 2.55 10
4 80 4.65 2.55 10 5.09 2.656 10 4.85 2.8 10 4.3 2.85 10
3 80 4.85 2.8 10 4.254 2.942 10 4.3 2.85 10
4 80 3.85 2.4 10 4.25 2.4 10 4.15 2.85 10 3.7 2.85 10
4 82 5.47 24.12 10 5.55 24.447 10 5.47 24.774 10 5.275 24.909 10
4 82 5.275 23.984 10 5.47 24.12 10 5.275 24.909 10 3.225 23.891 10
4 82 3.225 23.891 10 5.275 24.909 10 3.225 24.816 10 3.03 24.68 10
4 82 3.03 24.027 10 3.225 23.891 10 3.03 24.68 10 2.95 24.353 10
4 82 10.265 24.39 10 10.401 24.698 10 10.378 25.034 10 10.21 25.201 10
4 82 10.05 24.291 10 10.265 24.39 10 10.21 25.201 10 7.814 24.655 10
4 82 7.814 24.655 10 10.21 25.201 10 7.975 25.566 10 7.76 25.466 10
4 82 7.646 24.822 10 7.814 24.655 10 7.76 25.466 10 7.624 25.158 10
4 82 -2.98 24.12 10 -2.9 24.447 10 -2.98 24.774 10 -3.175 24.909 10
4 82 -3.175 23.984 10 -2.98 24.12 10 -3.175 24.909 10 -5.375 23.891 10
4 82 -5.375 23.891 10 -3.175 24.909 10 -5.375 24.816 10 -5.57 24.68 10
4 82 -5.57 24.027 10 -5.375 23.891 10 -5.57 24.68 10 -5.65 24.353 10
4 82 -8.73 24.47 10 -8.65 24.797 10 -8.73 25.124 10 -8.925 25.259 10
4 82 -8.925 24.334 10 -8.73 24.47 10 -8.925 25.259 10 -10.575 24.341 10
4 82 -10.575 24.341 10 -8.925 25.259 10 -10.575 25.266 10 -10.77 25.13 10
4 82 -10.77 24.477 10 -10.575 24.341 10 -10.77 25.13 10 -10.85 24.803 10
4 82 .6 13.3 10 .8 13.45 10 .85 13.65 10 .35 13.25 10
4 82 .15 13.35 10 .35 13.25 10 .85 13.65 10 .05 13.55 10
4 82 .05 14.95 10 .05 13.55 10 .85 13.65 10 .85 14.9 10
4 82 .05 14.95 10 .85 14.9 10 .75 15.1 10 .15 15.1 10
3 82 .15 15.1 10 .75 15.1 10 .4 15.2 10
4 82 -.823 14.076 10 -.5 14.1 10 -.45 15 10 -1.399 14.383 10
4 82 -1.399 14.383 10 -.45 15 10 -1.234 15.516 10 -1.903 14.797 10
4 82 -2.317 15.301 10 -1.903 14.797 10 -1.234 15.516 10 -1.75 16.289 10
4 82 -2.624 15.877 10 -2.317 15.301 10 -1.75 16.289 10 -2.814 16.501 10
4 82 -2.814 16.501 10 -1.75 16.289 10 -1.931 17.2 10 -2.878 17.15 10
4 82 -2.814 17.799 10 -2.878 17.15 10 -1.931 17.2 10 -1.75 18.111 10
4 82 -2.624 18.423 10 -2.814 17.799 10 -1.75 18.111 10 -2.317 18.999 10
4 82 -2.317 18.999 10 -1.75 18.111 10 -1.234 18.884 10 -1.903 19.503 10
4 82 -1.399 19.917 10 -1.903 19.503 10 -1.234 18.884 10 -.461 19.4 10
4 82 -.823 20.224 10 -1.399 19.917 10 -.461 19.4 10 -.199 20.414 10
4 82 -.199 20.414 10 -.461 19.4 10 .45 19.581 10 .45 20.478 10
4 82 1.099 20.414 10 .45 20.478 10 .45 19.581 10 1.723 20.224 10
4 82 1.723 20.224 10 .45 19.581 10 1.361 19.4 10 2.299 19.917 10
4 82 2.803 19.503 10 2.299 19.917 10 1.361 19.4 10 2.134 18.884 10
4 82 3.217 18.999 10 2.803 19.503 10 2.134 18.884 10 2.65 18.111 10
4 82 3.524 18.423 10 3.217 18.999 10 2.65 18.111 10 3.714 17.799 10
4 82 3.714 17.799 10 2.65 18.111 10 2.831 17.2 10 3.778 17.15 10
4 82 3.714 16.501 10 3.778 17.15 10 2.831 17.2 10 2.65 16.289 10
4 82 3.524 15.877 10 3.714 16.501 10 2.65 16.289 10 3.217 15.301 10
4 82 3.217 15.301 10 2.65 16.289 10 2.134 15.516 10 2.803 14.797 10
4 82 2.299 14.383 10 2.803 14.797 10 2.134 15.516 10 1.35 14.95 10
4 82 1.723 14.076 10 2.299 14.383 10 1.35 14.95 10 1.4 14.05 10
4 308 5.5 1 10 5.75 1 10 5.6 1.45 10 5.35 1.35 10
4 308 5.35 1.35 10 5.6 1.45 10 5.35 1.8 10 5 1.6 10
4 308 5 1.6 10 5.35 1.8 10 4.95 2 10 4.8 1.85 10
4 308 4.7 2.1 10 4.8 1.85 10 4.95 2 10 4.9 2.3 10
4 308 4.7 2.3 10 4.7 2.1 10 4.9 2.3 10 4.8 2.4 10
4 308 10.35 22.9 10 10.3 22.3 10 11 22.4 10 11.55 22.6 10
4 308 10.4 23.6 10 10.35 22.9 10 11.55 22.6 10 10.8 23.9 10
4 308 10.8 23.9 10 11.55 22.6 10 11.85 22.75 10 12.1 23.05 10
4 308 10.8 23.9 10 12.1 23.05 10 12.25 23.55 10 11.05 24.4 10
4 308 11.05 24.4 10 12.25 23.55 10 12.4 24.25 10 11.1 24.9 10
4 308 11.1 24.9 10 12.4 24.25 10 12.55 25.3 10 11.8 25.95 10
4 308 11.1 24.9 10 11.8 25.95 10 11.3 25.9 10 11 25.45 10
3 308 11 25.45 10 11.3 25.9 10 10.75 25.9 10
4 308 12.15 26.2 10 11.8 25.95 10 12.55 25.3 10 12.65 26.3 10
3 308 12.15 26.2 10 12.65 26.3 10 12.4 26.5 10
4 308 12.5 27.2 10 12.4 26.5 10 12.65 26.3 10 12.75 27.4 10
4 308 12.4 27.65 10 12.5 27.2 10 12.75 27.4 10 12.75 28.55 10
4 308 12 28.2 10 12.4 27.65 10 12.75 28.55 10 12.7 29.05 10
4 308 12 28.2 10 12.7 29.05 10 12.5 29.65 10 11.45 28.5 10
4 308 11.45 28.5 10 12.5 29.65 10 12.2 29.95 10 11.4 30.2 10
4 308 11.05 28.65 10 11.45 28.5 10 11.4 30.2 10 10.6 29.25 10
3 308 11.05 28.65 10 10.6 29.25 10 10.6 28.75 10
4 308 10.95 30.25 10 10.5 30.15 10 10.6 29.25 10 11.4 30.2 10
4 308 6.3 24.1 10 7.2 24.1 10 7 24.5 10 6.3 24.55 10
4 308 7.5 23.85 10 7.2 24.1 10 6.3 24.1 10 6.15 23.7 10
4 308 7.6 23.55 10 7.5 23.85 10 6.15 23.7 10 5.95 23.4 10
4 308 7.55 23.15 10 7.6 23.55 10 5.95 23.4 10 7.3 22.85 10
4 308 7.3 22.85 10 5.95 23.4 10 5.9 23.1 10 6.05 22.8 10
4 308 7.3 22.85 10 6.05 22.8 10 6.4 22.65 10 6.85 22.65 10
4 308 6.3 24.55 10 7 24.5 10 7 25 10 6.2 25 10
4 308 7 25 10 7.05 25.5 10 6 25.4 10 6.2 25 10
4 308 7.05 25.5 10 7.2 25.9 10 6 25.8 10 6 25.4 10
4 308 6.15 26.4 10 6 25.8 10 7.2 25.9 10 7.55 26.15 10
4 308 6.15 26.4 10 7.55 26.15 10 7.75 26.4 10 7.85 26.7 10
4 308 6.15 26.4 10 7.85 26.7 10 7.85 27.2 10 7.8 27.8 10
4 308 6.15 27.55 10 6.15 26.4 10 7.8 27.8 10 7.65 28.5 10
4 308 6.15 27.55 10 7.65 28.5 10 7.35 29.2 10 6.1 28.65 10
4 308 6.1 28.65 10 7.35 29.2 10 7 29.8 10 6.6 30.25 10
4 308 5.85 29.7 10 6.1 28.65 10 6.6 30.25 10 6.15 30.4 10
3 308 5.85 29.7 10 6.15 30.4 10 5.65 30.4 10
4 308 -2.4 23.15 10 -2.25 22.8 10 -1.9 22.7 10 -2.4 23.55 10
4 308 -2.25 23.95 10 -2.4 23.55 10 -1.9 22.7 10 -1.5 22.7 10
4 308 -2.25 23.95 10 -1.5 22.7 10 -1 22.8 10 -2.15 24.35 10
4 308 -2.15 24.35 10 -1 22.8 10 -1.2 24.5 10 -2.25 24.75 10
4 308 -2.25 24.75 10 -1.2 24.5 10 -1.25 25.85 10 -2.45 25.2 10
4 308 -2.8 25.7 10 -2.45 25.2 10 -1.25 25.85 10 -2.95 26.25 10
4 308 -2.95 26.25 10 -1.25 25.85 10 -1.25 27.25 10 -2.95 26.85 10
4 308 -2.8 27.65 10 -2.95 26.85 10 -1.25 27.25 10 -1.15 28.4 10
4 308 -2.35 29.1 10 -2.8 27.65 10 -1.15 28.4 10 -.95 29.2 10
4 308 -2.05 29.7 10 -2.35 29.1 10 -.95 29.2 10 -1.7 29.8 10
4 308 -1.7 29.8 10 -.95 29.2 10 -.95 29.55 10 -1.2 29.75 10
4 308 -6 28.4 10 -5.5 28.35 10 -5.2 28.85 10 -5.1 29.3 10
4 308 -6 28.4 10 -5.1 29.3 10 -5.15 29.65 10 -5.35 29.85 10
4 308 -6 28.4 10 -5.35 29.85 10 -5.9 30.05 10 -6.55 28.3 10
4 308 -6.55 28.3 10 -5.9 30.05 10 -6.5 30.1 10 -6.8 30 10
4 308 -6.55 28.3 10 -6.8 30 10 -7 29.8 10 -7.4 29.2 10
4 308 -7.1 28.05 10 -6.55 28.3 10 -7.4 29.2 10 -7.9 28.15 10
4 308 -7.6 27.75 10 -7.1 28.05 10 -7.9 28.15 10 -8 27.75 10
3 308 -7.95 27.4 10 -7.6 27.75 10 -8 27.75 10
4 308 -5.65 22.6 10 -5.6 22.8 10 -5.7 23 10 -6.05 22.4 10
4 308 -6.05 22.4 10 -5.7 23 10 -6.15 23.55 10 -7.1 22.25 10
4 308 -7.1 23.75 10 -7.1 22.25 10 -6.15 23.55 10 -6.7 24.05 10
3 308 -6.15 23.55 10 -6.35 24 10 -6.7 24.05 10
3 308 -6.35 24 10 -6.45 24.4 10 -6.7 24.05 10
4 308 -7.1 22.25 10 -7.1 23.75 10 -7.5 23.65 10 -7.9 22.3 10
4 308 -8.15 22.5 10 -7.9 22.3 10 -7.5 23.65 10 -8.25 23 10
3 308 -8.25 23 10 -7.5 23.65 10 -7.85 23.65 10
3 308 -8.25 23 10 -7.85 23.65 10 -8.25 23.7 10
4 308 -11.4 21.85 10 -11.05 21.95 10 -10.95 22.25 10 -11.85 21.9 10
4 308 -12.05 22.15 10 -11.85 21.9 10 -10.95 22.25 10 -10.95 22.7 10
4 308 -12.2 22.65 10 -12.05 22.15 10 -10.95 22.7 10 -11.1 23.8 10
4 308 -12.25 23.4 10 -12.2 22.65 10 -11.1 23.8 10 -11.3 24.2 10
4 308 -11.3 24.2 10 -11.35 24.65 10 -12.4 24.7 10 -12.25 23.4 10
4 308 -12.4 24.7 10 -11.35 24.65 10 -11.35 25 10 -12.5 25.7 10
3 308 -11.35 25 10 -11.25 25.4 10 -12.5 25.7 10
4 308 -12.5 25.7 10 -11.25 25.4 10 -11.1 25.7 10 -10.95 26.15 10
4 308 -12.55 26.6 10 -12.5 25.7 10 -10.95 26.15 10 -10.7 27.15 10
4 308 -12.6 27.4 10 -12.55 26.6 10 -10.7 27.15 10 -10.5 28.05 10
4 308 -12.65 28.45 10 -12.6 27.4 10 -10.5 28.05 10 -10.35 28.7 10
4 308 -12.65 28.45 10 -10.35 28.7 10 -10.3 29.15 10 -10.35 29.45 10
4 308 -12.55 29.2 10 -12.65 28.45 10 -10.35 29.45 10 -10.55 29.65 10
4 308 -12.55 29.2 10 -10.55 29.65 10 -11 29.8 10 -12.35 29.6 10
4 308 -12.1 29.8 10 -12.35 29.6 10 -11 29.8 10 -11.6 29.9 10
4 308 .5 22 10 .5 22.35 10 -.35 22.15 10 -.3 21.75 10
4 308 -.35 22.15 10 .5 22.35 10 .6 22.7 10 -.45 23.55 10
4 308 -.45 23.55 10 .6 22.7 10 .9 22.9 10 .45 24.45 10
4 308 .6 24.45 10 .45 24.45 10 .9 22.9 10 1.5 23.05 10
4 308 2.3 23.8 10 .6 24.45 10 1.5 23.05 10 2.5 23.45 10
3 308 1.5 23.05 10 2.85 23.15 10 2.5 23.45 10
3 308 2.3 23.8 10 2.2 24.25 10 .6 24.45 10
4 308 .6 24.45 10 2.2 24.25 10 2.25 24.65 10 .7 25 10
4 308 .7 25 10 2.25 24.65 10 2.35 25 10 .85 25.95 10
4 308 .85 25.95 10 2.35 25 10 2.55 25.35 10 2.6 26.05 10
4 308 2.6 26.05 10 2.55 25.35 10 2.95 25.65 10 2.95 25.85 10
4 308 .85 25.95 10 2.6 26.05 10 2.3 26.45 10 1.05 26.9 10
3 308 2.3 26.45 10 2.2 26.95 10 1.05 26.9 10
4 308 1.05 26.9 10 2.2 26.95 10 2.25 27.4 10 1.35 27.75 10
4 308 1.35 27.75 10 2.25 27.4 10 2.4 27.95 10 1.65 28.5 10
4 308 1.65 28.5 10 2.4 27.95 10 2.6 28.35 10 1.75 28.9 10
4 308 1.75 28.9 10 2.6 28.35 10 2.85 28.6 10 1.8 29.3 10
4 308 2.85 28.6 10 3.25 28.85 10 2.9 29.35 10 1.8 29.3 10
4 308 2.9 29.35 10 2.4 29.8 10 1.75 29.75 10 1.8 29.3 10
4 308 1.75 29.75 10 2.4 29.8 10 2.05 30.05 10 1.7 30.15 10
4 308 -.5 24.9 10 -.45 23.55 10 .45 24.45 10 .4 25 10
4 308 -.5 24.9 10 .4 25 10 .5 25.85 10 -.5 26.5 10
4 308 -.5 26.5 10 .5 25.85 10 .65 26.8 10 -.35 27.9 10
4 308 -.35 27.9 10 .65 26.8 10 .85 27.75 10 -.25 28.65 10
4 308 -.25 28.65 10 .85 27.75 10 1.1 28.35 10 1.25 29 10
4 308 .05 29.35 10 -.25 28.65 10 1.25 29 10 1.2 29.4 10
4 308 .05 29.35 10 1.2 29.4 10 1.05 29.65 10 .35 29.7 10
3 308 1.05 29.65 10 .75 29.8 10 .35 29.7 10
4 308 13.25 2 10 13.792 5.197 10 12.95 5.15 10 12.85 1.5 10
4 308 12.1 1.15 10 12.85 1.5 10 12.95 5.15 10 11.45 1.35 10
4 308 11.25 1 10 12.1 1.15 10 11.45 1.35 10 11.05 1.15 10
3 308 11.25 1 10 11.05 1.15 10 10.45 1.1 10
3 308 9.85 1.3 10 9.1 1.7 10 8.75 1.35 10
4 308 10.45 1.1 10 9.85 1.3 10 8.75 1.35 10 8.4 1 10
3 308 8.4 1 10 11.25 1 10 10.45 1.1 10
4 308 8.15 1.65 10 8.45 1.75 10 8.6 2.05 10 7.9 1.75 10
4 308 7.9 1.75 10 8.6 2.05 10 8.45 2.6 10 7.85 2.7 10
3 308 7.9 1.75 10 7.85 2.7 10 7.1 2.9 10
4 308 11.45 1.35 10 12.95 5.15 10 12.45 5.15 10 10.6 1.5 10
4 308 10.6 1.5 10 12.45 5.15 10 10.45 4.85 10 10.2 4.4 10
4 308 10.6 1.5 10 10.2 4.4 10 9.8 3.85 10 9.85 1.8 10
4 308 9.85 1.8 10 9.8 3.85 10 9.35 3.15 10 9.25 2.15 10
3 308 9.25 2.15 10 9.35 3.15 10 8.95 2.65 10
4 308 10.45 4.85 10 12.45 5.15 10 12 5.3 10 10.5 5.35 10
4 308 10.5 5.35 10 12 5.3 10 11.45 5.6 10 10.8 5.9 10
3 308 10.5 5.35 10 10.8 5.9 10 10.45 5.75 10
3 308 11.45 5.6 10 11 6.1 10 10.8 5.9 10
4 308 12.45 5.65 10 13.05 5.6 10 12.95 6 10 11.9 5.8 10
4 308 11.9 5.8 10 12.95 6 10 12.5 6.8 10 11.55 6.15 10
4 308 11.55 6.15 10 12.5 6.8 10 11.45 7 10 11.25 6.55 10
4 308 11.75 7.35 10 11.45 7 10 12.5 6.8 10 12.05 7.55 10
4 308 11.25 7.5 10 11.5 8.05 10 11.15 8.7 10 10.95 6.95 10
4 308 10.95 6.95 10 11.15 8.7 10 10.4 9.85 10 10.6 6.5 10
4 308 10.25 6.2 10 10.6 6.5 10 10.4 9.85 10 9.95 6.1 10
4 308 9.35 6.25 10 9.95 6.1 10 10.4 9.85 10 8.5 6.5 10
4 308 8.5 6.5 10 10.4 9.85 10 8.45 8.9 10 7.85 8.05 10
4 308 7.9 6.75 10 8.5 6.5 10 7.85 8.05 10 7.5 7.5 10
3 308 7.9 6.75 10 7.5 7.5 10 7.35 7.1 10
3 308 8.45 8.9 10 10.4 9.85 10 8.9 9.8 10
3 308 8.9 9.8 10 10.4 9.85 10 9.15 10.55 10
3 308 10.4 9.85 10 9.25 11.2 10 9.15 10.55 10
4 308 7.65 11.3 10 8.65 11.25 10 8.75 11.7 10 7.9 12.45 10
4 308 6.75 11.55 10 7.65 11.3 10 7.9 12.45 10 6.85 13.2 10
4 308 6.75 11.55 10 6.85 13.2 10 6.3 13.05 10 6.05 11.85 10
4 308 6.05 11.85 10 6.3 13.05 10 5.8 12.75 10 5.45 12.35 10
4 308 8.1 9.8 10 8.5 10.75 10 7.75 10.8 10 7.65 8.9 10
4 308 7.65 8.9 10 7.75 10.8 10 6.9 10.95 10 7.2 8.2 10
4 308 6.45 8.2 10 7.2 8.2 10 6.9 10.95 10 5.6 8.45 10
4 308 5.6 8.45 10 6.9 10.95 10 5.2 10.5 10 4.85 9.95 10
4 308 4.8 8.85 10 5.6 8.45 10 4.85 9.95 10 4.35 9.25 10
4 308 6.9 10.95 10 6.2 11.25 10 5.35 11 10 5.2 10.5 10
3 308 5.35 11 10 6.2 11.25 10 5.4 11.7 10
4 308 6.65 6.75 10 6.95 7.65 10 6.4 7.75 10 6.2 5.85 10
4 308 6.2 5.85 10 6.4 7.75 10 5.7 7.95 10 4.4 6.25 10
4 308 5.85 5.35 10 6.2 5.85 10 4.4 6.25 10 5.5 5 10
4 308 4.4 6.25 10 5.7 7.95 10 4.85 8.35 10 3.65 7.05 10
4 308 3.65 7.05 10 4.85 8.35 10 3.65 8.5 10 3.25 8.2 10
3 308 3.65 7.05 10 3.25 8.2 10 2.9 7.95 10
3 308 4.85 8.35 10 4.1 8.85 10 3.65 8.5 10
4 308 4.7 10.65 10 4.85 11.1 10 4.8 11.55 10 3.55 10.3 10
4 308 4.25 9.95 10 4.7 10.65 10 3.55 10.3 10 3.75 9.25 10
4 308 3.75 9.25 10 3.55 10.3 10 2.65 9.5 10 3.35 8.8 10
4 308 2.9 8.55 10 3.35 8.8 10 2.65 9.5 10 2.6 8.5 10
3 308 2.6 8.5 10 2.65 9.5 10 2.05 9.05 10
4 308 9.75 5.2 10 9.75 5.6 10 9.15 5.75 10 9.6 4.6 10
4 308 9.6 4.6 10 9.15 5.75 10 8.5 5.95 10 9.25 3.85 10
4 308 8.95 3.4 10 9.25 3.85 10 8.5 5.95 10 8.65 3.1 10
4 308 8.25 3.1 10 8.65 3.1 10 8.5 5.95 10 7.8 6.25 10
4 308 7.55 3.25 10 8.25 3.1 10 7.8 6.25 10 6.85 3.5 10
4 308 6.85 3.5 10 7.8 6.25 10 6.85 6.1 10 6.35 5.25 10
4 308 6.35 3.85 10 6.85 3.5 10 6.35 5.25 10 5.9 4.55 10
3 308 6.85 6.1 10 7.8 6.25 10 7.15 6.65 10
3 308 -11.25 1 10 -10.4 1 10 -10.8 1.15 10
4 308 -11.25 1 10 -10.8 1.15 10 -11.1 1.35 10 -12.1 1.15 10
4 308 -12.1 1.15 10 -11.1 1.35 10 -11.6 1.9 10 -12.85 1.5 10
4 308 -13.25 2 10 -12.85 1.5 10 -11.6 1.9 10 -12 2.7 10
4 308 -13.333 2.488 10 -13.25 2 10 -12 2.7 10 -12.35 3.65 10
3 308 -13.333 2.488 10 -12.35 3.65 10 -12.5 4.2 10
4 308 -10.5 5.95 10 -10.05 6.4 10 -10.2 6.8 10 -11.45 6.15 10
4 308 -11.05 5.55 10 -10.5 5.95 10 -11.45 6.15 10 -11.65 5.35 10
3 308 -11.95 5.25 10 -11.65 5.35 10 -11.45 6.15 10
3 308 -11.45 6.15 10 -10.2 6.8 10 -10.65 7.5 10
4 308 -8.45 2.05 10 -7.7 2.25 10 -8.05 2.95 10 -8.45 3.65 10
4 308 -8.95 1.75 10 -8.45 2.05 10 -8.45 3.65 10 -9 4.7 10
4 308 -9.45 1.5 10 -8.95 1.75 10 -9 4.7 10 -9.95 1.45 10
4 308 -10.55 1.55 10 -9.95 1.45 10 -9 4.7 10 -10.9 1.75 10
4 308 -11.4 2.55 10 -10.9 1.75 10 -9 4.7 10 -11.8 3.35 10
4 308 -11.8 3.35 10 -9 4.7 10 -10.85 5.25 10 -11.5 5 10
4 308 -12.1 4.25 10 -11.8 3.35 10 -11.5 5 10 -12.2 4.75 10
4 308 -10.85 5.25 10 -9 4.7 10 -9.25 5.25 10 -10.25 5.6 10
4 308 -10.25 5.6 10 -9.25 5.25 10 -9.45 5.7 10 -9.75 6.05 10
4 308 -5.9 2.7 10 -5.4 3.1 10 -6 3.05 10 -6.7 2.85 10
4 308 -6.3 2.25 10 -5.9 2.7 10 -6.7 2.85 10 -7 2.2 10
3 308 -6.65 1.7 10 -6.3 2.25 10 -7 2.2 10
3 308 -7 2.2 10 -6.7 2.85 10 -7.25 2.65 10
4 308 -7.1 1 10 -7.4 1.6 10 -7.95 1.65 10 -8.45 1.4 10
3 308 -7.1 1 10 -8.45 1.4 10 -9 1.15 10
4 308 -5.05 4.1 10 -4.7 4.8 10 -5.1 5.4 10 -5.55 3.7 10
4 308 -5.55 3.7 10 -5.1 5.4 10 -5.4 5.9 10 -6.2 3.4 10
4 308 -6.9 3.2 10 -6.2 3.4 10 -5.4 5.9 10 -7.5 3.15 10
4 308 -7.8 3.7 10 -7.5 3.15 10 -5.4 5.9 10 -6.7 6.25 10
4 308 -7.8 3.7 10 -6.7 6.25 10 -7.65 5.9 10 -8.15 4.4 10
3 308 -8.15 4.4 10 -7.65 5.9 10 -8.5 5.05 10
3 308 -8.5 5.05 10 -7.65 5.9 10 -8.85 5.6 10
4 308 -5.4 5.9 10 -5.7 6.65 10 -6 6.65 10 -6.7 6.25 10
4 308 -6.7 6.95 10 -6.05 7.35 10 -6.45 7.8 10 -7.05 8.45 10
4 308 -7.4 6.6 10 -6.7 6.95 10 -7.05 8.45 10 -7.6 9.25 10
4 308 -8 6.35 10 -7.4 6.6 10 -7.6 9.25 10 -9 6.05 10
4 308 -9.45 6.55 10 -9 6.05 10 -7.6 9.25 10 -10 7.2 10
4 308 -10 7.2 10 -7.6 9.25 10 -10 8.65 10 -10.4 7.9 10
4 308 -9.25 9.9 10 -10 8.65 10 -7.6 9.25 10 -7.9 10.05 10
4 308 -9.25 9.9 10 -7.9 10.05 10 -8 10.6 10 -8.35 11.15 10
3 308 -8 10.6 10 -8 11 10 -8.35 11.15 10
4 308 -3.25 6.65 10 -2.3 7.95 10 -2.5 8.45 10 -3.9 8.5 10
3 308 -2.5 8.45 10 -2.9 9.05 10 -3.9 8.5 10
4 308 -3.25 6.65 10 -3.9 8.5 10 -4.95 8.05 10 -5.35 6.95 10
4 308 -5.6 7.35 10 -5.35 6.95 10 -4.95 8.05 10 -5.7 7.9 10
4 308 -3.25 6.65 10 -5.35 6.95 10 -5.1 6.25 10 -4.8 5.7 10
3 308 -4.35 5.2 10 -3.25 6.65 10 -4.8 5.7 10
4 308 -1.75 8.6 10 -1.25 9 10 -1.7 9.35 10 -2.2 8.95 10
4 308 -2.2 8.95 10 -1.7 9.35 10 -2.15 9.55 10 -2.75 9.55 10
4 308 -3 9.9 10 -2.75 9.55 10 -2.15 9.55 10 -2.95 10.25 10
4 308 -3.9 9.05 10 -3.3 9.5 10 -3.7 10.1 10 -4.65 8.6 10
4 308 -4.65 8.6 10 -3.7 10.1 10 -4.1 10.85 10 -5.4 8.4 10
4 308 -6.1 8.3 10 -5.4 8.4 10 -4.1 10.85 10 -6.55 8.95 10
4 308 -6.55 8.95 10 -4.1 10.85 10 -5.85 11.15 10 -6.65 10.95 10
4 308 -7 9.85 10 -6.55 8.95 10 -6.65 10.95 10 -7.35 10.75 10
3 308 -4.35 11.4 10 -4.5 11.95 10 -5.05 11.55 10
4 308 -4.1 10.85 10 -4.35 11.4 10 -5.05 11.55 10 -5.85 11.15 10
4 308 -5.35 12.05 10 -4.75 12.55 10 -5.15 12.85 10 -5.7 13.05 10
4 308 -6.1 11.65 10 -5.35 12.05 10 -5.7 13.05 10 -6.3 13.15 10
4 308 -6.1 11.65 10 -6.3 13.15 10 -7 12.65 10 -6.95 11.35 10
4 308 -6.95 11.35 10 -7 12.65 10 -7.65 12.05 10 -7.55 11.25 10
4 308 -7.9 11.3 10 -7.55 11.25 10 -7.65 12.05 10 -8.15 11.45 10
4 308 10.49 19.947 10 10.53 20.15 10 10.49 20.353 10 10.375 20.525 10
4 308 10.375 19.775 10 10.49 19.947 10 10.375 20.525 10 10.203 19.66 10
4 308 10.203 19.66 10 10.375 20.525 10 10.203 20.64 10 10 20.68 10
4 308 10 19.62 10 10.203 19.66 10 10 20.68 10 9.797 19.66 10
4 308 9.797 19.66 10 10 20.68 10 9.797 20.64 10 9.625 20.525 10
4 308 9.625 19.775 10 9.797 19.66 10 9.625 20.525 10 9.51 19.947 10
4 308 9.51 19.947 10 9.625 20.525 10 9.51 20.353 10 9.47 20.15 10
4 308 -9.11 19.697 10 -9.07 19.9 10 -9.11 20.103 10 -9.225 20.275 10
4 308 -9.225 19.525 10 -9.11 19.697 10 -9.225 20.275 10 -9.397 19.41 10
4 308 -9.397 19.41 10 -9.225 20.275 10 -9.397 20.39 10 -9.6 20.43 10
4 308 -9.6 19.37 10 -9.397 19.41 10 -9.6 20.43 10 -9.803 19.41 10
4 308 -9.803 19.41 10 -9.6 20.43 10 -9.803 20.39 10 -9.975 20.275 10
4 308 -9.975 19.525 10 -9.803 19.41 10 -9.975 20.275 10 -10.09 19.697 10
4 308 -10.09 19.697 10 -9.975 20.275 10 -10.09 20.103 10 -10.13 19.9 10
4 308 -13.35 25.1 10 -13.15 25.2 10 -13.1 25.4 10 -13.15 25.65 10
4 308 -13.35 25.1 10 -13.15 25.65 10 -13.4 25.75 10 -14.3 24.9 10
4 308 -14.3 24.9 10 -13.4 25.75 10 -14.75 25.5 10 -15.75 24.6 10
4 308 -15.75 24.6 10 -14.75 25.5 10 -15.95 25.25 10 -17.025 24.252 10
3 308 -17.025 24.252 10 -15.95 25.25 10 -17.15 24.988 10
4 308 -13.15 22.8 10 -12.95 22.95 10 -13 23.1 10 -13.2 23.2 10
4 308 -13.8 22.65 10 -13.15 22.8 10 -13.2 23.2 10 -13.85 23.15 10
4 308 -14.9 22.5 10 -13.8 22.65 10 -13.85 23.15 10 -15.2 23 10
4 308 -15.8 22.35 10 -14.9 22.5 10 -15.2 23 10 -16.773 22.77 10
3 308 -16.667 22.144 10 -15.8 22.35 10 -16.773 22.77 10
4 308 -13.5 27.6 10 -13.3 27.8 10 -13.25 28.05 10 -13.4 28.25 10
4 308 -13.5 27.6 10 -13.4 28.25 10 -13.7 28.25 10 -13.75 27.5 10
4 308 -13.75 27.5 10 -13.7 28.25 10 -14.6 28.05 10 -15.35 27.15 10
4 308 -15.35 27.15 10 -14.6 28.05 10 -15.85 27.7 10 -16.5 26.9 10
4 308 -16.5 26.9 10 -15.85 27.7 10 -17.531 27.238 10 -17.441 26.705 10
4 308 -12.85 19.85 10 -12.4 19.95 10 -12.3 20.3 10 -13.65 20.05 10
4 308 -13.85 20.25 10 -13.65 20.05 10 -12.3 20.3 10 -12.4 20.85 10
4 308 -13.9 20.65 10 -13.85 20.25 10 -12.4 20.85 10 -13.8 21.15 10
4 308 -13.8 21.15 10 -12.4 20.85 10 -12.6 21.5 10 -13.5 21.65 10
4 308 -13.2 21.85 10 -13.5 21.65 10 -12.6 21.5 10 -12.8 21.95 10
4 308 17.454 26.782 10 17.608 27.692 10 16.2 27.8 10 15.7 27.25 10
4 308 15.7 27.25 10 16.2 27.8 10 14.75 28 10 14.15 27.65 10
4 308 13.6 27.8 10 14.15 27.65 10 14.75 28 10 13.45 28.3 10
4 308 13.6 27.8 10 13.45 28.3 10 13.3 28.2 10 13.35 27.95 10
4 308 17.04 24.34 10 17.166 25.081 10 15.85 25.4 10 15.4 24.75 10
4 308 15.4 24.75 10 15.85 25.4 10 14.2 25.75 10 13.75 25.1 10
4 308 13.75 25.1 10 14.2 25.75 10 13.45 25.8 10 13.2 25.35 10
4 308 13.15 25.55 10 13.2 25.35 10 13.45 25.8 10 13.25 25.75 10
4 308 15.4 22.35 10 16.63 21.924 10 16.755 22.663 10 15.1 23.2 10
4 308 14.85 22.6 10 15.4 22.35 10 15.1 23.2 10 14.55 22.85 10
4 308 14.25 22.9 10 14.55 22.85 10 15.1 23.2 10 13.8 23.5 10
4 308 13.85 22.8 10 14.25 22.9 10 13.8 23.5 10 13.4 22.8 10
4 308 13.4 22.8 10 13.8 23.5 10 13.1 23.6 10 12.9 23.5 10
3 308 13.4 22.8 10 12.9 23.5 10 12.75 22.95 10
4 308 14.85 21.65 10 15 21.9 10 14.55 22.15 10 14.3 21.35 10
4 308 14.3 21.35 10 14.55 22.15 10 14.3 22.35 10 14.05 22.35 10
4 308 14.3 21.35 10 14.05 22.35 10 13.7 22.25 10 13.45 20.95 10
4 308 13.45 20.95 10 13.7 22.25 10 13.25 22.25 10 12.45 21.7 10
4 308 13.45 20.95 10 12.45 21.7 10 12.35 21 10 12.4 20.6 10
3 308 12.45 21.7 10 13.25 22.25 10 12.6 22.4 10
4 308 .45 7.8 10 .75 7.85 10 .85 8.1 10 .15 7.9 10
4 308 .05 8.3 10 .15 7.9 10 .85 8.1 10 .9 8.55 10
4 308 .1 9 10 .05 8.3 10 .9 8.55 10 .55 9.1 10
3 308 .9 8.55 10 .8 9 10 .55 9.1 10
4 308 8.5 13.95 10 8.75 14.05 10 8.85 14.3 10 8.8 14.55 10
4 308 8.5 13.95 10 8.8 14.55 10 8.5 14.65 10 7.5 13.8 10
4 308 7.5 13.8 10 8.5 14.65 10 7.2 14.55 10 6.3 13.6 10
4 308 6.3 13.6 10 7.2 14.55 10 5.8 14.25 10 5.75 13.4 10
4 308 5.75 13.4 10 5.8 14.25 10 5.35 14.05 10 5.45 13.4 10
4 308 5.25 13.55 10 5.45 13.4 10 5.35 14.05 10 5.2 13.8 10
4 308 -4.85 13.65 10 -4.55 13.8 10 -4.55 14 10 -4.8 14.2 10
4 308 -5.25 13.6 10 -4.85 13.65 10 -4.8 14.2 10 -5.9 14.45 10
3 308 -5.25 13.6 10 -5.9 14.45 10 -5.85 13.7 10
4 308 -6.95 13.85 10 -5.85 13.7 10 -5.9 14.45 10 -7.75 14.6 10
4 308 -7.75 14.05 10 -6.95 13.85 10 -7.75 14.6 10 -7.95 14.5 10
3 308 -7.75 14.05 10 -7.95 14.5 10 -8 14.25 10
4 308 10.431 19.11 10 10 19.024 10 10.35 17.8 10 10.85 18.15 10
4 308 10.431 19.11 10 10.85 18.15 10 11.15 18.5 10 10.796 19.354 10
4 308 10.796 19.354 10 11.15 18.5 10 11.4 18.85 10 11.65 19.45 10
4 308 11.04 19.719 10 10.796 19.354 10 11.65 19.45 10 11.8 20 10
4 308 11.126 20.15 10 11.04 19.719 10 11.8 20 10 11.8 20.45 10
4 308 11.04 20.581 10 11.126 20.15 10 11.8 20.45 10 11.65 20.85 10
4 308 11.04 20.581 10 11.65 20.85 10 11.25 21.2 10 10.796 20.946 10
4 308 10.796 20.946 10 11.25 21.2 10 10.75 21.45 10 10.431 21.19 10
4 308 10.431 21.19 10 10.75 21.45 10 10.2 21.6 10 10 21.276 10
4 308 9.569 21.19 10 10 21.276 10 10.2 21.6 10 8.75 21.75 10
3 308 9.204 20.946 10 9.569 21.19 10 8.75 21.75 10
3 308 8.96 20.581 10 9.204 20.946 10 8.75 21.75 10
4 308 9.75 17.55 10 10.35 17.8 10 10 19.024 10 9.569 19.11 10
4 308 9.15 17.45 10 9.75 17.55 10 9.569 19.11 10 8.3 17.6 10
4 308 8.3 17.6 10 9.569 19.11 10 9.204 19.354 10 7.25 17.65 10
4 308 7.25 17.65 10 9.204 19.354 10 8.96 19.719 10 6.95 21.95 10
4 308 8.874 20.15 10 8.96 20.581 10 8.75 21.75 10 6.95 21.95 10
3 308 8.96 19.719 10 8.874 20.15 10 6.95 21.95 10
4 308 6.6 17.55 10 7.25 17.65 10 6.95 21.95 10 4.076 20.6 10
4 308 7.7 17 10 7.3 17.2 10 6.85 17.25 10 6.95 16.75 10
4 308 6.95 16.75 10 6.85 17.25 10 5.75 17.15 10 5.9 16.35 10
4 308 -5.1 15.25 10 -4.95 16.4 10 -6 16.6 10 -6.45 15.9 10
4 308 -6.45 15.9 10 -6 16.6 10 -7.15 16.7 10 -7.8 16.55 10
4 308 -7.7 17.1 10 -8.56 19.469 10 -8.804 19.104 10 -9.1 17 10
3 308 -9.1 17 10 -8.804 19.104 10 -9.169 18.86 10
4 308 -9.1 17 10 -9.169 18.86 10 -9.6 18.774 10 -10.3 16.8 10
4 308 -10.3 16.8 10 -9.6 18.774 10 -10.031 18.86 10 -10.6 16.8 10
4 308 -10.9 16.9 10 -10.6 16.8 10 -10.031 18.86 10 -11.2 17.35 10
4 308 -11.2 17.35 10 -10.031 18.86 10 -10.396 19.104 10 -11.4 18.4 10
4 308 -11.4 18.4 10 -10.396 19.104 10 -10.64 19.469 10 -11.45 19.65 10
4 308 -11.45 19.65 10 -10.64 19.469 10 -10.726 19.9 10 -11.3 20.45 10
4 308 -11.3 20.45 10 -10.726 19.9 10 -10.64 20.331 10 -11.1 20.95 10
4 308 -11.1 20.95 10 -10.64 20.331 10 -10.396 20.696 10 -10.75 21.25 10
4 308 -10.25 21.4 10 -10.75 21.25 10 -10.396 20.696 10 -10.031 20.94 10
4 308 -10.25 21.4 10 -10.031 20.94 10 -9.6 21.026 10 -8 21.5 10
3 308 -9.169 20.94 10 -8 21.5 10 -9.6 21.026 10
3 308 -8.804 20.696 10 -8 21.5 10 -9.169 20.94 10
4 308 -8 21.5 10 -8.804 20.696 10 -8.56 20.331 10 -6.4 21.55 10
4 308 -6.4 21.55 10 -8.56 20.331 10 -8.474 19.9 10 -7.7 17.1 10
3 308 -7.7 17.1 10 -8.474 19.9 10 -8.56 19.469 10
4 308 -6.4 21.55 10 -7.7 17.1 10 -6.2 16.9 10 -3.99 19.869 10
4 308 3.9 1 10 4.15 1 10 4 1.45 10 3.75 1.35 10
4 308 3.75 1.35 10 4 1.45 10 3.75 1.8 10 3.4 1.6 10
4 308 3.4 1.6 10 3.75 1.8 10 3.35 2 10 3.2 1.85 10
4 308 3.1 2.1 10 3.2 1.85 10 3.35 2 10 3.3 2.3 10
4 308 3.1 2.3 10 3.1 2.1 10 3.3 2.3 10 3.2 2.4 10
4 308 2.3 1 10 2.55 1 10 2.4 1.45 10 2.15 1.35 10
4 308 2.15 1.35 10 2.4 1.45 10 2.15 1.8 10 1.8 1.6 10
4 308 1.8 1.6 10 2.15 1.8 10 1.75 2 10 1.6 1.85 10
4 308 1.5 2.1 10 1.6 1.85 10 1.75 2 10 1.7 2.3 10
4 308 1.5 2.3 10 1.5 2.1 10 1.7 2.3 10 1.6 2.4 10
4 308 .7 1 10 .95 1 10 .8 1.45 10 .55 1.35 10
4 308 .55 1.35 10 .8 1.45 10 .55 1.8 10 .2 1.6 10
4 308 .2 1.6 10 .55 1.8 10 .15 2 10 0 1.85 10
4 308 -.1 2.1 10 0 1.85 10 .15 2 10 .1 2.3 10
4 308 -.1 2.3 10 -.1 2.1 10 .1 2.3 10 0 2.4 10
4 308 -.9 1 10 -.65 1 10 -.8 1.45 10 -1.05 1.35 10
4 308 -1.05 1.35 10 -.8 1.45 10 -1.05 1.8 10 -1.4 1.6 10
4 308 -1.4 1.6 10 -1.05 1.8 10 -1.45 2 10 -1.6 1.85 10
4 308 -1.7 2.1 10 -1.6 1.85 10 -1.45 2 10 -1.5 2.3 10
4 308 -1.7 2.3 10 -1.7 2.1 10 -1.5 2.3 10 -1.6 2.4 10
4 308 -2.5 1 10 -2.25 1 10 -2.4 1.45 10 -2.65 1.35 10
4 308 -2.65 1.35 10 -2.4 1.45 10 -2.65 1.8 10 -3 1.6 10
4 308 -3 1.6 10 -2.65 1.8 10 -3.05 2 10 -3.2 1.85 10
4 308 -3.3 2.1 10 -3.2 1.85 10 -3.05 2 10 -3.1 2.3 10
4 308 -3.3 2.3 10 -3.3 2.1 10 -3.1 2.3 10 -3.2 2.4 10
4 308 -4.1 1 10 -3.85 1 10 -4 1.45 10 -4.25 1.35 10
4 308 -4.25 1.35 10 -4 1.45 10 -4.25 1.8 10 -4.6 1.6 10
4 308 -4.6 1.6 10 -4.25 1.8 10 -4.65 2 10 -4.8 1.85 10
4 308 -4.9 2.1 10 -4.8 1.85 10 -4.65 2 10 -4.7 2.3 10
4 308 -4.9 2.3 10 -4.9 2.1 10 -4.7 2.3 10 -4.8 2.4 10
4 308 -5.7 1 10 -5.45 1 10 -5.6 1.45 10 -5.85 1.35 10
4 308 -5.85 1.35 10 -5.6 1.45 10 -5.85 1.8 10 -5.95 1.85 10
4 308 .4 2.4 10 .65 2.4 10 .5 2.85 10 .25 2.75 10
4 308 .25 2.75 10 .5 2.85 10 .25 3.2 10 -.1 3 10
4 308 -1.2 2.4 10 -.95 2.4 10 -1.1 2.85 10 -1.35 2.75 10
4 308 2 2.4 10 2.25 2.4 10 2.1 2.85 10 1.85 2.75 10
4 308 1.85 2.75 10 2.1 2.85 10 1.85 3.2 10 1.5 3 10
4 308 3.6 2.4 10 3.85 2.4 10 3.7 2.85 10 3.45 2.75 10
4 308 6.4 1 10 6.15 1.5 10 6.05 1.45 10 6.15 1 10
4 308 5.75 1.9 10 6.05 1.45 10 6.15 1.5 10 5.75 2.15 10
4 308 5.3 2.25 10 5.75 1.9 10 5.75 2.15 10 5.464 2.4 10
4 308 5.3 2.25 10 5.464 2.4 10 5.2 2.4 10 4.9 2.3 10
3 308 4.9 2.3 10 5.2 2.4 10 4.8 2.4 10
4 308 4.7 2.3 10 4.8 2.4 10 4.65 2.55 10 4.35 2.35 10
4 308 4.25 2.4 10 4.35 2.35 10 4.65 2.55 10 4.3 2.85 10
4 308 4.55 1 10 5.1 1 10 4.95 1.15 10 4.6 1.45 10
4 308 4.45 1.45 10 4.55 1 10 4.6 1.45 10 4.4 1.85 10
3 308 4.45 1.45 10 4.4 1.85 10 4.15 1.9 10
4 308 4.15 1.9 10 4.4 1.85 10 4.35 2.35 10 4.25 2.4 10
4 308 4.15 1.9 10 4.25 2.4 10 3.85 2.4 10 3.7 2.25 10
4 308 3.7 2.25 10 3.85 2.4 10 3.6 2.4 10 3.3 2.3 10
3 308 3.3 2.3 10 3.6 2.4 10 3.2 2.4 10
4 308 3.1 2.3 10 3.2 2.4 10 3.05 2.55 10 2.75 2.35 10
4 308 2.65 2.4 10 2.75 2.35 10 3.05 2.55 10 2.7 2.85 10
4 308 2.55 2.85 10 2.65 2.4 10 2.7 2.85 10 2.504 3.242 10
4 308 2.95 1 10 3.5 1 10 3.35 1.15 10 3 1.45 10
3 308 2.95 1 10 3 1.45 10 2.85 1.45 10
4 308 3 1.45 10 2.8 1.85 10 2.55 1.9 10 2.85 1.45 10
4 308 2.8 1.85 10 2.75 2.35 10 2.65 2.4 10 2.55 1.9 10
4 308 2.55 1.9 10 2.65 2.4 10 2.25 2.4 10 2.1 2.25 10
4 308 2.1 2.25 10 2.25 2.4 10 2 2.4 10 1.7 2.3 10
3 308 1.7 2.3 10 2 2.4 10 1.6 2.4 10
4 308 1.5 2.3 10 1.6 2.4 10 1.45 2.55 10 1.15 2.35 10
4 308 1.35 1 10 1.9 1 10 1.75 1.15 10 1.4 1.45 10
4 308 1.25 1.45 10 1.35 1 10 1.4 1.45 10 1.2 1.85 10
3 308 1.25 1.45 10 1.2 1.85 10 .95 1.9 10
4 308 .95 1.9 10 1.2 1.85 10 1.15 2.35 10 1.05 2.4 10
4 308 .95 1.9 10 1.05 2.4 10 .65 2.4 10 .5 2.25 10
4 308 .5 2.25 10 .65 2.4 10 .4 2.4 10 .1 2.3 10
3 308 .1 2.3 10 .4 2.4 10 0 2.4 10
4 308 -.1 2.3 10 0 2.4 10 -.15 2.55 10 -.45 2.35 10
4 308 -.55 2.4 10 -.45 2.35 10 -.15 2.55 10 -.5 2.85 10
4 308 -.65 2.85 10 -.55 2.4 10 -.5 2.85 10 -.641 3.132 10
4 308 -.25 1 10 .3 1 10 .15 1.15 10 -.2 1.45 10
4 308 -.35 1.45 10 -.25 1 10 -.2 1.45 10 -.4 1.85 10
3 308 -.35 1.45 10 -.4 1.85 10 -.65 1.9 10
4 308 -.65 1.9 10 -.4 1.85 10 -.45 2.35 10 -.55 2.4 10
4 308 -.65 1.9 10 -.55 2.4 10 -.95 2.4 10 -1.1 2.25 10
4 308 -1.1 2.25 10 -.95 2.4 10 -1.2 2.4 10 -1.5 2.3 10
3 308 -1.5 2.3 10 -1.2 2.4 10 -1.6 2.4 10
4 308 -1.7 2.3 10 -1.6 2.4 10 -1.75 2.55 10 -2.05 2.35 10
4 308 -2.15 2.4 10 -2.05 2.35 10 -1.75 2.55 10 -2.054 2.811 10
3 308 -2.15 2.4 10 -2.054 2.811 10 -2.225 2.739 10
4 308 -1.85 1 10 -1.3 1 10 -1.45 1.15 10 -1.8 1.45 10
4 308 -1.95 1.45 10 -1.85 1 10 -1.8 1.45 10 -2 1.85 10
3 308 -1.95 1.45 10 -2 1.85 10 -2.25 1.9 10
4 308 -2.25 1.9 10 -2 1.85 10 -2.05 2.35 10 -2.15 2.4 10
4 308 -2.7 2.25 10 -2.25 1.9 10 -2.15 2.4 10 -2.55 2.4 10
4 308 -2.7 2.25 10 -2.55 2.4 10 -2.8 2.4 10 -3.1 2.3 10
3 308 -3.1 2.3 10 -2.8 2.4 10 -3.2 2.4 10
4 308 -3.3 2.3 10 -3.2 2.4 10 -3.345 2.545 10 -3.65 2.35 10
4 308 -3.75 2.4 10 -3.65 2.35 10 -3.345 2.545 10 -3.783 2.55 10
4 308 -3.45 1 10 -2.9 1 10 -3.05 1.15 10 -3.4 1.45 10
4 308 -3.55 1.45 10 -3.45 1 10 -3.4 1.45 10 -3.6 1.85 10
4 308 -3.85 1.9 10 -3.55 1.45 10 -3.6 1.85 10 -3.75 2.4 10
3 308 -3.6 1.85 10 -3.65 2.35 10 -3.75 2.4 10
4 308 -3.85 1.9 10 -3.75 2.4 10 -4.15 2.4 10 -4.3 2.25 10
4 308 -4.3 2.25 10 -4.15 2.4 10 -4.4 2.4 10 -4.7 2.3 10
3 308 -4.7 2.3 10 -4.4 2.4 10 -4.8 2.4 10
4 308 -4.9 2.3 10 -4.8 2.4 10 -4.85 2.45 10 -5.131 2.333 10
4 308 -5.05 1 10 -4.5 1 10 -4.65 1.15 10 -5 1.45 10
4 308 -5.15 1.45 10 -5.05 1 10 -5 1.45 10 -5.2 1.85 10
3 308 -5.15 1.45 10 -5.2 1.85 10 -5.45 1.9 10
4 308 -5.45 1.9 10 -5.2 1.85 10 -5.244 2.286 10 -5.45 2.2 10
3 308 -5.45 1.9 10 -5.45 2.2 10 -5.653 2.058 10
4 308 -6.4 1 10 -6.1 1 10 -6.25 1.15 10 -6.321 1.211 10
3 308 -9.65 1 10 -7.1 1 10 -9 1.15 10
4 308 1.05 2.4 10 1.15 2.35 10 1.45 2.55 10 1.1 2.85 10
3 308 1.05 2.4 10 1.1 2.85 10 .95 2.85 10
4 308 1.1 2.85 10 .905 3.239 10 .696 3.231 10 .95 2.85 10
4 308 2.55 2.85 10 2.504 3.242 10 2.45 3.25 10 2.283 3.25 10
3 308 -.65 2.85 10 -.641 3.132 10 -.822 3.107 10
4 308 5.2 2.4 10 5.464 2.4 10 5.35 2.5 10 5.09 2.656 10
4 308 3.45 2.75 10 3.7 2.85 10 3.528 3.09 10 3.1 3 10
3 308 3.1 3 10 3.528 3.09 10 2.961 3.174 10
4 308 1.5 3 10 1.85 3.2 10 1.75 3.25 10 1.3 3.25 10
4 308 .25 3.2 10 .222 3.214 10 -.15 3.2 10 -.1 3 10
3 308 -.1 3 10 -.15 3.2 10 -.249 3.186 10
4 308 -1.35 2.75 10 -1.1 2.85 10 -1.242 3.049 10 -1.663 2.974 10
4 308 -2.55 2.4 10 -2.61 2.579 10 -2.8 2.5 10 -2.8 2.4 10
3 308 -2.8 2.4 10 -2.8 2.5 10 -2.844 2.504 10
4 308 -4.4 2.4 10 -4.15 2.4 10 -4.2 2.55 10 -4.448 2.512 10
3 308 -5.85 1.35 10 -5.95 1.85 10 -6.144 1.56 10
4 308 4.15 2.85 10 4.25 2.4 10 4.3 2.85 10 4.254 2.942 10
3 308 4.15 2.85 10 4.254 2.942 10 4.058 2.989 10
4 308 3.44 20.397 10 3.48 20.6 10 3.44 20.803 10 3.325 20.975 10
4 308 3.325 20.225 10 3.44 20.397 10 3.325 20.975 10 3.153 20.11 10
4 308 3.153 20.11 10 3.325 20.975 10 3.153 21.09 10 2.95 21.13 10
4 308 -2.46 20.097 10 -2.42 20.3 10 -2.46 20.503 10 -2.575 20.675 10
4 308 -2.575 19.925 10 -2.46 20.097 10 -2.575 20.675 10 -2.747 19.81 10
4 308 -2.747 19.81 10 -2.575 20.675 10 -2.747 20.79 10 -2.95 20.83 10
4 308 -2.95 19.77 10 -2.747 19.81 10 -2.95 20.83 10 -3.153 19.81 10
4 308 -3.153 19.81 10 -2.95 20.83 10 -3.153 20.79 10 -3.325 20.675 10
4 308 -3.325 19.925 10 -3.153 19.81 10 -3.325 20.675 10 -3.44 20.097 10
4 308 -3.44 20.097 10 -3.325 20.675 10 -3.44 20.503 10 -3.48 20.3 10
4 308 5.1 16.05 10 5.9 16.35 10 5.75 17.15 10 4.311 16.382 10
3 308 4.311 16.382 10 5.75 17.15 10 4.387 17.15 10
4 308 4.311 17.918 10 4.387 17.15 10 5.75 17.15 10 6.6 17.55 10
4 308 4.087 18.657 10 4.311 17.918 10 6.6 17.55 10 3.99 20.169 10
4 308 4.087 18.657 10 3.99 20.169 10 3.746 19.804 10 3.724 19.337 10
3 308 3.724 19.337 10 3.746 19.804 10 3.484 19.629 10
3 308 6.6 17.55 10 4.076 20.6 10 3.99 20.169 10
4 308 4.076 20.6 10 6.95 21.95 10 5.15 22.05 10 3.99 21.031 10
4 308 3.746 21.396 10 3.99 21.031 10 5.15 22.05 10 3.65 22.15 10
3 308 3.746 21.396 10 3.65 22.15 10 3.381 21.64 10
4 308 2.95 21.726 10 3.381 21.64 10 3.65 22.15 10 2.55 22.2 10
4 308 2.519 21.64 10 2.95 21.726 10 2.55 22.2 10 1.75 22.15 10
4 308 2.154 21.396 10 2.519 21.64 10 1.75 22.15 10 1.5 22 10
4 308 2.154 21.396 10 1.5 22 10 1.35 21.7 10 1.4 21.4 10
3 308 1.91 21.031 10 2.154 21.396 10 1.4 21.4 10
4 308 .45 21.55 10 .5 22 10 -.3 21.75 10 -.2 21.45 10
4 308 .3 21.4 10 .45 21.55 10 -.2 21.45 10 0 21.35 10
4 308 -1.737 20.424 10 -1.35 20.8 10 -1.91 20.731 10 -1.833 20.345 10
4 308 -1.91 20.731 10 -1.35 20.8 10 -1.6 21.25 10 -2.154 21.096 10
4 308 -2.154 21.096 10 -1.6 21.25 10 -1.8 21.5 10 -2.1 21.7 10
4 308 -2.519 21.34 10 -2.154 21.096 10 -2.1 21.7 10 -2.45 21.8 10
4 308 -2.95 21.426 10 -2.519 21.34 10 -2.45 21.8 10 -3.15 21.8 10
4 308 -3.381 21.34 10 -2.95 21.426 10 -3.15 21.8 10 -4.55 21.7 10
3 308 -3.746 21.096 10 -3.381 21.34 10 -4.55 21.7 10
4 308 -3.99 20.731 10 -3.746 21.096 10 -4.55 21.7 10 -6.4 21.55 10
3 308 -4.076 20.3 10 -3.99 20.731 10 -6.4 21.55 10
3 308 -3.99 19.869 10 -4.076 20.3 10 -6.4 21.55 10
4 308 -3.746 19.504 10 -3.99 19.869 10 -6.2 16.9 10 -4.95 16.4 10
4 308 -3.381 19.26 10 -3.746 19.504 10 -4.95 16.4 10 -3.187 18.657 10
3 308 -4.95 16.4 10 -3.411 17.918 10 -3.187 18.657 10
3 308 -3.187 18.657 10 -2.906 19.183 10 -3.381 19.26 10
4 308 -3.25 14.05 10 -2.35 13.55 10 -2.334 14.366 10 -2.824 14.963 10
4 308 -4.15 14.65 10 -3.25 14.05 10 -2.824 14.963 10 -3.187 15.643 10
4 308 -5.1 15.25 10 -4.15 14.65 10 -3.187 15.643 10 -3.411 16.382 10
4 308 -4.95 16.4 10 -5.1 15.25 10 -3.411 16.382 10 -3.487 17.15 10
3 308 -4.95 16.4 10 -3.487 17.15 10 -3.411 17.918 10
4 308 -1.65 13.45 10 -1.057 13.513 10 -1.737 13.877 10 -2 13.45 10
4 308 -2.35 13.55 10 -2 13.45 10 -1.737 13.877 10 -2.334 14.366 10
3 308 4.087 15.643 10 5.1 16.05 10 4.311 16.382 10
4 308 2.05 13.15 10 1.957 13.463 10 1.55 13.3 10 1.3 13.05 10
4 308 2 12.85 10 2.05 13.15 10 1.3 13.05 10 1.8 12.65 10
4 308 1.8 12.65 10 1.3 13.05 10 1.3 12.8 10 1.45 12.6 10
4 308 -.95 12.35 10 -.05 12.45 10 -.15 12.85 10 -1.2 12.8 10
4 308 -1.3 12.4 10 -.95 12.35 10 -1.2 12.8 10 -1.45 12.5 10
3 308 -1.45 12.5 10 -1.2 12.8 10 -1.45 12.7 10
4 308 1.708 18.458 10 1.419 18.651 10 1.15 17.8 10 2.094 17.881 10
4 308 2.179 17.25 10 2.094 17.881 10 1.15 17.8 10 .85 17.2 10
4 308 2.094 16.719 10 2.179 17.25 10 .85 17.2 10 1.708 16.142 10
4 308 1.708 16.142 10 .85 17.2 10 .6 16.9 10 1.131 15.756 10
4 308 .5 15.7 10 1.131 15.756 10 .6 16.9 10 -.231 15.756 10
4 308 -.35 16.4 10 -.231 15.756 10 .6 16.9 10 -.4 17.1 10
4 308 -.4 17.1 10 .6 16.9 10 .5 17.55 10 -.4 17.85 10
4 308 -.4 17.85 10 .5 17.55 10 .55 18.3 10 -.3 18.3 10
4 308 -.1 18.65 10 -.3 18.3 10 .55 18.3 10 .45 18.979 10
3 308 .55 18.3 10 .669 18.935 10 .45 18.979 10
4 308 3.045 20.089 10 3.153 20.11 10 2.95 21.13 10 2.747 21.09 10
4 308 2.637 20.424 10 3.045 20.089 10 2.747 21.09 10 2.575 20.975 10
4 308 2.42 20.6 10 2.433 20.533 10 2.637 20.424 10 2.46 20.803 10
3 308 2.637 20.424 10 2.575 20.975 10 2.46 20.803 10
