0 ~Rock Jewel Holder
0 Name: s\105311s01.dat
0 Author: Philippe Hurbain [Philo]
0 !LDRAW_ORG Unofficial_Subpart
0 !LICENSE Licensed under CC BY 4.0 : see CAreadme.txt

0 BFC CERTIFY CCW

4 16 2.517 -8.286 2.036 1.369 -8.286 2.3 1.414 -9.668 2.355 2.614 -9.682 2.076
4 16 1.414 -9.668 2.355 1.369 -8.286 2.3 -0.107 -8.286 2.411 -0.206 -9.714 2.492
3 16 2.614 -9.682 2.076 1.414 -9.668 2.355 1.626 -10.115 2.782
3 16 1.626 -10.115 2.782 1.414 -9.668 2.355 -0.206 -9.714 2.492
3 16 2.614 -9.682 2.076 1.626 -10.115 2.782 2.802 -10.072 2.389
3 16 1.626 -10.115 2.782 -0.206 -9.714 2.492 -0.379 -10.141 3.022
4 16 3.788 -8.286 1.542 2.517 -8.286 2.036 2.614 -9.682 2.076 3.84 -9.669 1.588
3 16 2.614 -9.682 2.076 2.802 -10.072 2.389 3.84 -9.669 1.588
3 16 2.802 -10.072 2.389 3.926 -10.012 1.838 3.84 -9.669 1.588
3 16 6.008 -8.286 0.057 3.788 -8.286 1.542 3.84 -9.669 1.588
3 16 6.238 -9.97 0.218 6.008 -8.286 0.057 3.84 -9.669 1.588
3 16 6.238 -9.97 0.218 3.84 -9.669 1.588 3.926 -10.012 1.838
3 16 6.72 -8.286 -0.519 6.008 -8.286 0.057 6.238 -9.97 0.218
3 16 6.887 -9.926 -0.367 6.72 -8.286 -0.519 6.238 -9.97 0.218
4 16 6.72 -8.286 -0.519 6.887 -9.926 -0.367 7.665 -9.936 -0.985 7.605 -8.286 -1.237
3 16 7.665 -9.936 -0.985 8.475 -9.852 -1.727 7.605 -8.286 -1.237
3 16 7.605 -8.286 -1.237 8.475 -9.852 -1.727 8.59 -8.286 -2.035
3 16 8.967 -9.251 -2.227 8.59 -8.286 -2.035 8.475 -9.852 -1.727
3 16 9.011 -8.286 -2.371 8.59 -8.286 -2.035 8.967 -9.251 -2.227
3 16 8.475 -9.852 -1.727 8.82 -9.657 -2.031 8.967 -9.251 -2.227
3 16 -1.661 -10.124 2.846 -0.379 -10.141 3.022 -1.469 -9.608 2.346
3 16 -2.798 -9.561 2.014 -1.661 -10.124 2.846 -1.469 -9.608 2.346
3 16 -1.469 -9.608 2.346 -2.708 -8.286 2.038 -2.798 -9.561 2.014
3 16 -1.489 -8.286 2.313 -2.708 -8.286 2.038 -1.469 -9.608 2.346
3 16 -1.469 -9.608 2.346 -0.107 -8.286 2.411 -1.489 -8.286 2.313
3 16 -0.206 -9.714 2.492 -0.107 -8.286 2.411 -1.469 -9.608 2.346
3 16 -1.469 -9.608 2.346 -0.379 -10.141 3.022 -0.206 -9.714 2.492
3 16 -2.951 -10.057 2.373 -1.661 -10.124 2.846 -2.798 -9.561 2.014
4 16 -2.798 -9.561 2.014 -2.708 -8.286 2.038 -4.025 -8.286 1.525 -4.08 -9.557 1.531
3 16 -2.798 -9.561 2.014 -4.142 -9.962 1.762 -2.951 -10.057 2.373
3 16 -2.798 -9.561 2.014 -4.08 -9.557 1.531 -4.142 -9.962 1.762
3 16 -4.08 -9.557 1.531 -6.175 -9.801 0.176 -4.142 -9.962 1.762
3 16 -6.161 -8.286 0.093 -4.08 -9.557 1.531 -4.025 -8.286 1.525
3 16 -6.161 -8.286 0.093 -6.175 -9.801 0.176 -4.08 -9.557 1.531
4 16 -8.829 -9.633 -1.962 -6.175 -9.801 0.176 -6.161 -8.286 0.093 -9.05 -8.286 -2.223
3 16 -9.65 -9.196 -2.207 -8.829 -9.633 -1.962 -9.05 -8.286 -2.223
3 16 -9.661 -8.286 -2.511 -9.65 -9.196 -2.207 -9.05 -8.286 -2.223
3 16 1.626 -10.115 2.782 -0.379 -10.141 3.022 -0.113 -10.156 4.16
3 16 1.744 -10.156 4.005 1.626 -10.115 2.782 -0.113 -10.156 4.16
3 16 1.626 -10.115 2.782 1.744 -10.156 4.005 3.314 -10.156 3.493
3 16 2.802 -10.072 2.389 1.626 -10.115 2.782 3.314 -10.156 3.493
3 16 3.926 -10.012 1.838 2.802 -10.072 2.389 3.314 -10.156 3.493
3 16 4.763 -10.156 2.689 3.926 -10.012 1.838 3.314 -10.156 3.493
4 16 3.926 -10.012 1.838 4.763 -10.156 2.689 6.588 -10.088 1.196 6.238 -9.97 0.218
3 16 6.588 -10.088 1.196 7.555 -10.052 0.327 6.238 -9.97 0.218
3 16 6.238 -9.97 0.218 7.555 -10.052 0.327 6.887 -9.926 -0.367
3 16 7.555 -10.052 0.327 7.665 -9.936 -0.985 6.887 -9.926 -0.367
3 16 8.316 -10.069 -0.446 7.665 -9.936 -0.985 7.555 -10.052 0.327
3 16 8.316 -10.069 -0.446 8.475 -9.852 -1.727 7.665 -9.936 -0.985
3 16 9.279 -9.972 -1.053 8.475 -9.852 -1.727 8.316 -10.069 -0.446
3 16 6.588 -10.088 1.196 8.178 -9.237 1.185 7.555 -10.052 0.327
3 16 7.555 -10.052 0.327 8.178 -9.237 1.185 8.316 -10.069 -0.446
3 16 6.956 -9.44 2.317 8.178 -9.237 1.185 6.588 -10.088 1.196
3 16 5.641 -9.921 3.729 6.588 -10.088 1.196 4.763 -10.156 2.689
3 16 8.316 -10.069 -0.446 8.178 -9.237 1.185 9.131 -9.081 0.31
3 16 8.316 -10.069 -0.446 9.131 -9.081 0.31 9.279 -9.972 -1.053
4 16 3.939 -10.14 4.796 4.763 -10.156 2.689 3.314 -10.156 3.493 1.989 -10.156 5.37
3 16 3.939 -10.14 4.796 5.641 -9.921 3.729 4.763 -10.156 2.689
3 16 6.956 -9.44 2.317 6.588 -10.088 1.196 5.641 -9.921 3.729
3 16 9.817 -9.074 -0.388 9.279 -9.972 -1.053 9.131 -9.081 0.31
3 16 9.279 -9.972 -1.053 9.817 -9.074 -0.388 10.034 -9.09 -1.006
3 16 9.614 -9.735 -1.523 9.279 -9.972 -1.053 10.034 -9.09 -1.006
3 16 10.034 -9.09 -1.006 9.92 -9.155 -1.611 9.614 -9.735 -1.523
3 16 9.558 -9.101 -2.177 9.614 -9.735 -1.523 9.92 -9.155 -1.611
3 16 9.279 -9.972 -1.053 9.614 -9.735 -1.523 8.82 -9.657 -2.031
3 16 8.475 -9.852 -1.727 9.279 -9.972 -1.053 8.82 -9.657 -2.031
3 16 9.614 -9.735 -1.523 9.558 -9.101 -2.177 8.82 -9.657 -2.031
4 16 1.989 -10.156 5.37 3.314 -10.156 3.493 1.744 -10.156 4.005 -0.027 -10.156 5.557
4 16 -0.027 -10.156 5.557 1.744 -10.156 4.005 -0.113 -10.156 4.16 -1.99 -10.156 5.287
4 16 -1.99 -10.156 5.287 -0.113 -10.156 4.16 -1.809 -10.156 3.976 -3.808 -10.156 4.648
3 16 -1.809 -10.156 3.976 -0.113 -10.156 4.16 -0.379 -10.141 3.022
3 16 -1.661 -10.124 2.846 -1.809 -10.156 3.976 -0.379 -10.141 3.022
3 16 -1.809 -10.156 3.976 -1.661 -10.124 2.846 -3.384 -10.156 3.448
3 16 -1.661 -10.124 2.846 -2.951 -10.057 2.373 -3.384 -10.156 3.448
3 16 -1.809 -10.156 3.976 -3.384 -10.156 3.448 -3.808 -10.156 4.648
3 16 -4.142 -9.962 1.762 -3.384 -10.156 3.448 -2.951 -10.057 2.373
3 16 -4.142 -9.962 1.762 -4.845 -10.156 2.577 -3.384 -10.156 3.448
3 16 -5.48 -10.079 3.724 -3.384 -10.156 3.448 -4.845 -10.156 2.577
3 16 -5.48 -10.079 3.724 -3.808 -10.156 4.648 -3.384 -10.156 3.448
3 16 -4.142 -9.962 1.762 -6.314 -10.13 1.423 -4.845 -10.156 2.577
3 16 -4.142 -9.962 1.762 -6.175 -9.801 0.176 -6.314 -10.13 1.423
3 16 -6.175 -9.801 0.176 -7.43 -10.103 0.476 -6.314 -10.13 1.423
3 16 -6.175 -9.801 0.176 -8.352 -10.109 -0.403 -7.43 -10.103 0.476
3 16 -6.175 -9.801 0.176 -8.829 -9.633 -1.962 -8.352 -10.109 -0.403
3 16 -8.352 -10.109 -0.403 -8.829 -9.633 -1.962 -9.119 -10.073 -0.883
3 16 -9.119 -10.073 -0.883 -9.072 -9.257 0.506 -8.352 -10.109 -0.403
3 16 -7.43 -10.103 0.476 -8.352 -10.109 -0.403 -9.072 -9.257 0.506
3 16 -9.119 -10.073 -0.883 -9.838 -9.208 -0.217 -9.072 -9.257 0.506
3 16 -9.652 -9.782 -1.615 -9.838 -9.208 -0.217 -9.119 -10.073 -0.883
3 16 -8.829 -9.633 -1.962 -9.652 -9.782 -1.615 -9.119 -10.073 -0.883
3 16 -9.652 -9.782 -1.615 -10.146 -8.983 -1.464 -9.838 -9.208 -0.217
3 16 -7.43 -10.103 0.476 -9.072 -9.257 0.506 -7.998 -9.425 1.454
3 16 -6.314 -10.13 1.423 -7.43 -10.103 0.476 -7.998 -9.425 1.454
3 16 -6.314 -10.13 1.423 -7.998 -9.425 1.454 -6.798 -9.674 2.55
3 16 -6.314 -10.13 1.423 -6.798 -9.674 2.55 -5.48 -10.079 3.724
3 16 -5.48 -10.079 3.724 -4.845 -10.156 2.577 -6.314 -10.13 1.423
3 16 -9.65 -9.196 -2.207 -10.146 -8.983 -1.464 -9.652 -9.782 -1.615
3 16 -9.65 -9.196 -2.207 -9.652 -9.782 -1.615 -8.829 -9.633 -1.962
4 16 9.011 -8.286 -2.371 8.671 -8.281 -4.078 8.006 -8.281 -3.546 8.59 -8.286 -2.035
3 16 8.671 -8.281 -4.078 9.011 -8.286 -2.371 9.528 -8.132 -2.95
3 16 9.07 -8.338 -4.207 8.671 -8.281 -4.078 9.528 -8.132 -2.95
4 16 8.59 -8.286 -2.035 8.006 -8.281 -3.546 6.687 -8.281 -2.465 7.605 -8.286 -1.237
4 16 7.605 -8.286 -1.237 6.687 -8.281 -2.465 5.842 -8.281 -1.779 6.72 -8.286 -0.519
4 16 6.72 -8.286 -0.519 5.842 -8.281 -1.779 5.111 -8.281 -1.188 6.008 -8.286 0.057
4 16 3.788 -8.286 1.542 6.008 -8.286 0.057 5.111 -8.281 -1.188 3.064 -8.281 0.19
4 16 2.517 -8.286 2.036 3.788 -8.286 1.542 3.064 -8.281 0.19 2.298 -8.281 0.456
4 16 1.369 -8.286 2.3 2.517 -8.286 2.036 2.298 -8.281 0.456 1.798 -8.281 0.313
4 16 -0.107 -8.286 2.411 1.369 -8.286 2.3 1.798 -8.281 0.313 -2.032 -8.281 0.341
4 16 -1.489 -8.286 2.313 -0.107 -8.286 2.411 -2.032 -8.281 0.341 -2.496 -8.281 0.452
4 16 -2.708 -8.286 2.038 -1.489 -8.286 2.313 -2.496 -8.281 0.452 -3.276 -8.281 0.183
4 16 -4.025 -8.286 1.525 -2.708 -8.286 2.038 -3.276 -8.281 0.183 -5.296 -8.281 -1.177
4 16 -6.161 -8.286 0.093 -4.025 -8.286 1.525 -5.296 -8.281 -1.177 -5.973 -8.281 -1.723
4 16 -9.05 -8.286 -2.223 -6.161 -8.286 0.093 -5.973 -8.281 -1.723 -6.932 -8.281 -2.502
3 16 -8.22 -8.281 -3.546 -9.05 -8.286 -2.223 -6.932 -8.281 -2.502
3 16 -8.86 -8.281 -4.065 -9.05 -8.286 -2.223 -8.22 -8.281 -3.546
3 16 -9.645 -8.185 -2.978 -9.05 -8.286 -2.223 -8.86 -8.281 -4.065
3 16 -9.285 -8.338 -4.207 -9.645 -8.185 -2.978 -8.86 -8.281 -4.065
3 16 2.168 -10.123 -2.149 2.481 -10.551 -1.948 2.031 -10.252 -2.822
3 16 2.481 -10.551 -1.948 2.168 -10.123 -2.149 2.159 -9.98 -1.057
3 16 3.203 -10.017 -0.188 2.159 -9.98 -1.057 2.04 -9.987 -0.646
3 16 1.999 -10.015 -0.305 3.203 -10.017 -0.188 2.04 -9.987 -0.646
3 16 1.999 -10.015 -0.305 2.164 -10.011 -0.014 3.203 -10.017 -0.188
3 16 2.552 -10.022 0.041 3.203 -10.017 -0.188 2.164 -10.011 -0.014
3 16 4.621 -10.246 -0.917 3.668 -10.548 -1.044 3.203 -10.017 -0.188
3 16 3.668 -10.548 -1.044 4.621 -10.246 -0.917 4.809 -11.026 -1.467
3 16 4.621 -10.246 -0.917 5.185 -10.52 -1.377 4.809 -11.026 -1.467
3 16 4.809 -11.026 -1.467 5.185 -10.52 -1.377 5.826 -10.839 -2.455
3 16 5.185 -10.52 -1.377 6.202 -10.304 -2.183 5.826 -10.839 -2.455
3 16 5.826 -10.839 -2.455 6.202 -10.304 -2.183 7.405 -10.518 -3.844
3 16 6.202 -10.304 -2.183 7.637 -10.102 -3.416 7.405 -10.518 -3.844
3 16 7.405 -10.518 -3.844 7.637 -10.102 -3.416 8.051 -10.255 -4.451
3 16 7.637 -10.102 -3.416 8.309 -9.837 -3.936 8.051 -10.255 -4.451
3 16 3.713 -10.967 -1.304 3.668 -10.548 -1.044 4.809 -11.026 -1.467
4 16 2.813 -10.578 -1.429 3.668 -10.548 -1.044 3.713 -10.967 -1.304 2.937 -10.93 -1.614
3 16 3.668 -10.548 -1.044 2.813 -10.578 -1.429 2.159 -9.98 -1.057
3 16 2.937 -10.93 -1.614 2.481 -10.551 -1.948 2.813 -10.578 -1.429
3 16 2.642 -10.82 -2.126 2.481 -10.551 -1.948 2.937 -10.93 -1.614
3 16 2.481 -10.551 -1.948 2.642 -10.82 -2.126 2.031 -10.252 -2.822
3 16 2.031 -10.252 -2.822 2.642 -10.82 -2.126 2.346 -10.702 -3.113
3 16 2.031 -10.252 -2.822 2.346 -10.702 -3.113 1.518 -10.448 -3.565
3 16 1.518 -10.448 -3.565 2.346 -10.702 -3.113 1.739 -10.713 -3.932
4 16 1.004 -10.315 -3.932 1.518 -10.448 -3.565 1.739 -10.713 -3.932 1.072 -10.679 -4.776
3 16 1.072 -10.679 -4.776 -0.114 -9.982 -4.288 1.004 -10.315 -3.932
3 16 1.072 -10.679 -4.776 -0.098 -10.595 -5.909 -0.114 -9.982 -4.288
3 16 2.481 -10.551 -1.948 2.159 -9.98 -1.057 2.813 -10.578 -1.429
3 16 2.159 -9.98 -1.057 3.203 -10.017 -0.188 3.668 -10.548 -1.044
3 16 8.671 -8.281 -4.078 8.729 -9.461 -4.331 8.309 -9.837 -3.936
3 16 8.671 -8.281 -4.078 9.07 -8.338 -4.207 8.729 -9.461 -4.331
4 16 8.006 -8.281 -3.546 8.671 -8.281 -4.078 8.309 -9.837 -3.936 7.637 -10.102 -3.416
3 16 8.006 -8.281 -3.546 7.637 -10.102 -3.416 6.687 -8.281 -2.465
3 16 7.637 -10.102 -3.416 6.202 -10.304 -2.183 6.687 -8.281 -2.465
4 16 5.842 -8.281 -1.779 6.687 -8.281 -2.465 6.202 -10.304 -2.183 5.185 -10.52 -1.377
4 16 5.111 -8.281 -1.188 5.842 -8.281 -1.779 5.185 -10.52 -1.377 4.621 -10.246 -0.917
3 16 3.064 -8.281 0.19 5.111 -8.281 -1.188 4.621 -10.246 -0.917
3 16 3.064 -8.281 0.19 4.621 -10.246 -0.917 3.203 -10.017 -0.188
4 16 3.064 -8.281 0.19 3.203 -10.017 -0.188 2.552 -10.022 0.041 2.298 -8.281 0.456
3 16 2.552 -10.022 0.041 2.164 -10.011 -0.014 2.298 -8.281 0.456
3 16 2.164 -10.011 -0.014 1.798 -8.281 0.313 2.298 -8.281 0.456
3 16 2.164 -10.011 -0.014 1.999 -10.015 -0.305 1.798 -8.281 0.313
3 16 1.999 -10.015 -0.305 1.527 -8.281 -0.215 1.798 -8.281 0.313
3 16 1.999 -10.015 -0.305 2.04 -9.987 -0.646 1.527 -8.281 -0.215
3 16 1.527 -8.281 -0.215 2.04 -9.987 -0.646 1.783 -8.281 -0.977
3 16 2.04 -9.987 -0.646 2.159 -9.98 -1.057 1.783 -8.281 -0.977
3 16 1.783 -8.281 -0.977 2.159 -9.98 -1.057 1.974 -8.281 -1.724
3 16 2.159 -9.98 -1.057 2.168 -10.123 -2.149 1.974 -8.281 -1.724
3 16 1.974 -8.281 -1.724 2.168 -10.123 -2.149 1.905 -8.281 -2.49
3 16 2.168 -10.123 -2.149 2.031 -10.252 -2.822 1.905 -8.281 -2.49
3 16 1.905 -8.281 -2.49 2.031 -10.252 -2.822 1.631 -8.281 -3.065
3 16 2.031 -10.252 -2.822 1.518 -10.448 -3.565 1.631 -8.281 -3.065
3 16 1.631 -8.281 -3.065 1.518 -10.448 -3.565 1.154 -8.281 -3.568
3 16 1.518 -10.448 -3.565 1.004 -10.315 -3.932 1.154 -8.281 -3.568
3 16 0.523 -8.281 -3.885 1.154 -8.281 -3.568 1.004 -10.315 -3.932
3 16 -0.114 -9.982 -4.288 0.523 -8.281 -3.885 1.004 -10.315 -3.932
3 16 -0.107 -8.281 -3.98 0.523 -8.281 -3.885 -0.114 -9.982 -4.288
4 16 -0.081 -8.281 -0.358 1.527 -8.281 -0.215 1.783 -8.281 -0.977 -0.108 -8.282 -2.117
4 16 -0.108 -8.282 -2.117 1.783 -8.281 -0.977 1.974 -8.281 -1.724 1.905 -8.281 -2.49
4 16 -0.108 -8.282 -2.117 1.905 -8.281 -2.49 1.631 -8.281 -3.065 1.154 -8.281 -3.568
4 16 -0.108 -8.282 -2.117 1.154 -8.281 -3.568 0.523 -8.281 -3.885 -0.107 -8.281 -3.98
4 16 1.798 -8.281 0.313 1.527 -8.281 -0.215 -0.081 -8.281 -0.358 -1.74 -8.281 -0.015
3 16 -1.74 -8.281 -0.015 -0.081 -8.281 -0.358 -1.729 -8.281 -0.438
3 16 1.798 -8.281 0.313 -1.74 -8.281 -0.015 -2.032 -8.281 0.341
4 16 -0.081 -8.281 -0.358 -0.108 -8.282 -2.117 -1.957 -8.281 -0.914 -1.729 -8.281 -0.438
4 16 -2.185 -8.281 -1.714 -1.957 -8.281 -0.914 -0.108 -8.282 -2.117 -2.11 -8.281 -2.51
4 16 -1.846 -8.281 -3.065 -2.11 -8.281 -2.51 -0.108 -8.282 -2.117 -1.368 -8.281 -3.56
4 16 -0.737 -8.281 -3.882 -1.368 -8.281 -3.56 -0.108 -8.282 -2.117 -0.107 -8.281 -3.98
3 16 9.528 -8.132 -2.95 9.011 -8.286 -2.371 9.616 -8.42 -2.515
3 16 9.011 -8.286 -2.371 8.967 -9.251 -2.227 9.558 -9.101 -2.177
3 16 9.616 -8.42 -2.515 9.011 -8.286 -2.371 9.558 -9.101 -2.177
3 16 4.401 -13.132 -2.241 4.523 -12.101 -1.552 5.733 -12.065 -2.834
3 16 5.725 -13.124 -3.615 4.401 -13.132 -2.241 5.733 -12.065 -2.834
3 16 5.725 -13.124 -3.615 5.733 -12.065 -2.834 7.445 -11.763 -4.605
3 16 7.331 -13.103 -5.261 5.725 -13.124 -3.615 7.445 -11.763 -4.605
3 16 4.523 -12.101 -1.552 4.401 -13.132 -2.241 4.084 -13.132 -2.113
3 16 3.607 -12.075 -1.431 4.523 -12.101 -1.552 4.084 -13.132 -2.113
3 16 3.607 -12.075 -1.431 4.084 -13.132 -2.113 3.778 -13.138 -2.172
3 16 3.607 -12.075 -1.431 3.778 -13.138 -2.172 3.576 -13.141 -2.433
3 16 3.607 -12.075 -1.431 3.576 -13.141 -2.433 2.967 -12.058 -1.811
3 16 3.576 -13.141 -2.433 3.566 -13.161 -2.88 2.967 -12.058 -1.811
3 16 2.967 -12.058 -1.811 3.566 -13.161 -2.88 2.818 -11.906 -2.461
3 16 3.566 -13.161 -2.88 3.059 -13.228 -3.906 2.818 -11.906 -2.461
3 16 2.818 -11.906 -2.461 3.059 -13.228 -3.906 2.366 -11.882 -3.499
3 16 1.712 -11.888 -4.362 2.366 -11.882 -3.499 3.059 -13.228 -3.906
3 16 2.003 -13.369 -5.26 1.712 -11.888 -4.362 3.059 -13.228 -3.906
3 16 1.065 -11.861 -5.211 1.712 -11.888 -4.362 2.003 -13.369 -5.26
3 16 1.121 -13.489 -6.389 1.065 -11.861 -5.211 2.003 -13.369 -5.26
3 16 -0.094 -11.822 -6.388 1.065 -11.861 -5.211 1.121 -13.489 -6.389
3 16 0.2 -13.591 -7.525 -0.094 -11.822 -6.388 1.121 -13.489 -6.389
3 16 -0.301 -13.641 -7.744 -0.094 -11.822 -6.388 0.2 -13.591 -7.525
3 16 8.181 -11.27 -5.499 9.027 -10.574 -6.466 9.464 -11.126 -7.617
3 16 7.331 -13.103 -5.261 8.181 -11.27 -5.499 9.464 -11.126 -7.617
4 16 9.464 -11.126 -7.617 9.027 -10.574 -6.466 10.309 -9.374 -7.827 11.121 -9.43 -9.297
3 16 9.027 -10.574 -6.466 8.181 -11.27 -5.499 8.551 -9.739 -5.097
3 16 8.551 -9.739 -5.097 8.181 -11.27 -5.499 8.051 -10.255 -4.451
3 16 10.309 -9.374 -7.827 9.027 -10.574 -6.466 8.881 -8.632 -5.65
3 16 8.881 -8.632 -5.65 9.027 -10.574 -6.466 8.551 -9.739 -5.097
4 16 10.503 -5.2 -7.511 10.309 -9.374 -7.827 8.881 -8.632 -5.65 9.477 -5.2 -5.982
3 16 10.976 -5.2 -8.584 10.309 -9.374 -7.827 10.503 -5.2 -7.511
3 16 10.976 -5.2 -8.584 11.121 -9.43 -9.297 10.309 -9.374 -7.827
3 16 11.03 -5.2 -8.801 11.121 -9.43 -9.297 10.976 -5.2 -8.584
3 16 11.03 -5.2 -8.801 11.199 -5.823 -9.401 11.121 -9.43 -9.297
3 16 -10.684 -8.708 -7.473 -9.246 -9.816 -5.578 -9.681 -10.642 -6.563
3 16 -10.684 -8.708 -7.473 -10.285 -8.226 -6.584 -9.246 -9.816 -5.578
3 16 -10.861 -9.402 -8.394 -10.684 -8.708 -7.473 -9.681 -10.642 -6.563
3 16 -10.861 -9.402 -8.394 -9.681 -10.642 -6.563 -9.724 -11.127 -7.248
3 16 -9.246 -9.816 -5.578 -10.285 -8.226 -6.584 -9.4235 -8.11 -5.534
3 16 -10.032 -5.2 -6.115 -9.4235 -8.11 -5.534 -10.285 -8.226 -6.584
3 16 -10.032 -5.2 -6.115 -10.285 -8.226 -6.584 -10.456 -5.2 -6.648
3 16 -10.874 -5.2 -8.045 -10.285 -8.226 -6.584 -10.684 -8.708 -7.473
3 16 -10.874 -5.2 -8.045 -10.456 -5.2 -6.648 -10.285 -8.226 -6.584
3 16 -9.4235 -8.11 -5.534 -9.016 -9.62 -5.094 -9.246 -9.816 -5.578
3 16 -9.285 -8.338 -4.207 -9.016 -9.62 -5.094 -9.4235 -8.11 -5.534
3 16 -9.681 -5.2 -5.228 -9.285 -8.338 -4.207 -9.4235 -8.11 -5.534
3 16 -9.956 -5.2 -4.37 -9.285 -8.338 -4.207 -9.681 -5.2 -5.228
3 16 -9.956 -5.2 -4.37 -9.645 -8.185 -2.978 -9.285 -8.338 -4.207
3 16 -10.331 -5.2 -3.198 -9.645 -8.185 -2.978 -9.956 -5.2 -4.37
3 16 -9.681 -5.2 -5.228 -9.4235 -8.11 -5.534 -9.743 -5.2 -5.739
3 16 -9.743 -5.2 -5.739 -9.4235 -8.11 -5.534 -10.032 -5.2 -6.115
3 16 -9.285 -8.338 -4.207 -8.959 -9.501 -4.336 -9.016 -9.62 -5.094
3 16 -10.452 -6.575 -2.056 -9.645 -8.185 -2.978 -10.331 -5.2 -3.198
3 16 -10.331 -5.2 -3.198 -10.746 -5.2 -1.921 -10.452 -6.575 -2.056
3 16 -10.712 -5.2 -1.264 -10.452 -6.575 -2.056 -10.746 -5.2 -1.921
3 16 -10.712 -5.2 -1.264 -10.319 -8.349 -0.976 -10.452 -6.575 -2.056
3 16 -10.319 -8.349 -0.976 -10.294 -7.676 -1.918 -10.452 -6.575 -2.056
3 16 -10.452 -6.575 -2.056 -10.294 -7.676 -1.918 -9.645 -8.185 -2.978
3 16 -9.661 -8.286 -2.511 -9.645 -8.185 -2.978 -10.294 -7.676 -1.918
3 16 -9.661 -8.286 -2.511 -10.294 -7.676 -1.918 -10.271 -8.17 -1.713
3 16 -10.271 -8.17 -1.713 -10.294 -7.676 -1.918 -10.319 -8.349 -0.976
3 16 -10.146 -8.983 -1.464 -9.661 -8.286 -2.511 -10.271 -8.17 -1.713
3 16 -9.661 -8.286 -2.511 -10.146 -8.983 -1.464 -9.65 -9.196 -2.207
3 16 -0.301 -13.641 -7.744 -0.685 -13.651 -7.466 -0.094 -11.822 -6.388
3 16 -0.685 -13.651 -7.466 -1.133 -13.607 -6.474 -0.87 -11.872 -5.401
3 16 -0.87 -11.872 -5.401 -0.094 -11.822 -6.388 -0.685 -13.651 -7.466
3 16 -1.483 -13.561 -5.538 -0.87 -11.872 -5.401 -1.133 -13.607 -6.474
3 16 -1.483 -13.561 -5.538 -1.327 -11.897 -4.634 -0.87 -11.872 -5.401
3 16 -1.483 -13.561 -5.538 -2.188 -11.917 -3.695 -1.327 -11.897 -4.634
3 16 -2.188 -11.917 -3.695 -1.483 -13.561 -5.538 -4.185 -13.536 -2.775
4 16 -2.975 -11.931 -2.958 -2.188 -11.917 -3.695 -4.185 -13.536 -2.775 -4.272 -12.711 -2.186
3 16 -4.272 -12.711 -2.186 -4.207 -11.984 -1.857 -2.975 -11.931 -2.958
3 16 -4.272 -12.711 -2.186 -4.185 -13.536 -2.775 -4.777 -13.53 -2.325
3 16 -4.814 -12.638 -1.875 -4.272 -12.711 -2.186 -4.777 -13.53 -2.325
3 16 -4.207 -11.984 -1.857 -4.272 -12.711 -2.186 -4.814 -12.638 -1.875
4 16 -4.207 -11.984 -1.857 -4.814 -12.638 -1.875 -5.04 -12.152 -1.676 -4.576 -10.834 -1.42
3 16 -2.209 -10.022 -0.304 -1.729 -8.281 -0.438 -2.261 -9.99 -0.676
3 16 -2.209 -10.022 -0.304 -1.74 -8.281 -0.015 -1.729 -8.281 -0.438
3 16 -2.369 -10.011 -0.009 -1.74 -8.281 -0.015 -2.209 -10.022 -0.304
3 16 -2.369 -10.011 -0.009 -2.032 -8.281 0.341 -1.74 -8.281 -0.015
3 16 -2.369 -10.011 -0.009 -2.496 -8.281 0.452 -2.032 -8.281 0.341
3 16 -2.369 -10.011 -0.009 -2.67 -10.008 0.075 -2.496 -8.281 0.452
3 16 -2.67 -10.008 0.075 -3.276 -8.281 0.183 -2.496 -8.281 0.452
3 16 -2.67 -10.008 0.075 -3.371 -9.987 -0.185 -3.276 -8.281 0.183
3 16 -4.812 -10.182 -0.958 -3.276 -8.281 0.183 -3.371 -9.987 -0.185
4 16 -5.296 -8.281 -1.177 -3.276 -8.281 0.183 -4.812 -10.182 -0.958 -5.4 -10.52 -1.377
3 16 -1.957 -8.281 -0.914 -2.261 -9.99 -0.676 -1.729 -8.281 -0.438
3 16 -2.423 -9.959 -1.146 -2.261 -9.99 -0.676 -1.957 -8.281 -0.914
3 16 -2.185 -8.281 -1.714 -2.423 -9.959 -1.146 -1.957 -8.281 -0.914
3 16 -2.455 -10.064 -2.187 -2.423 -9.959 -1.146 -2.185 -8.281 -1.714
3 16 -2.11 -8.281 -2.51 -2.455 -10.064 -2.187 -2.185 -8.281 -1.714
3 16 -2.246 -10.252 -2.822 -2.455 -10.064 -2.187 -2.11 -8.281 -2.51
4 16 -5.973 -8.281 -1.723 -5.296 -8.281 -1.177 -5.4 -10.52 -1.377 -6.416 -10.304 -2.183
3 16 -5.973 -8.281 -1.723 -6.416 -10.304 -2.183 -6.932 -8.281 -2.502
3 16 -6.416 -10.304 -2.183 -8.181 -10.128 -3.653 -6.932 -8.281 -2.502
3 16 -6.932 -8.281 -2.502 -8.181 -10.128 -3.653 -8.22 -8.281 -3.546
3 16 -8.181 -10.128 -3.653 -8.607 -9.933 -4.025 -8.22 -8.281 -3.546
3 16 -8.22 -8.281 -3.546 -8.607 -9.933 -4.025 -8.86 -8.281 -4.065
3 16 -8.607 -9.933 -4.025 -8.959 -9.501 -4.336 -8.86 -8.281 -4.065
3 16 -8.86 -8.281 -4.065 -8.959 -9.501 -4.336 -9.285 -8.338 -4.207
3 16 -1.846 -8.281 -3.065 -2.246 -10.252 -2.822 -2.11 -8.281 -2.51
3 16 -1.732 -10.448 -3.565 -2.246 -10.252 -2.822 -1.846 -8.281 -3.065
3 16 -1.368 -8.281 -3.56 -1.732 -10.448 -3.565 -1.846 -8.281 -3.065
3 16 -1.219 -10.315 -3.932 -1.732 -10.448 -3.565 -1.368 -8.281 -3.56
3 16 -0.737 -8.281 -3.882 -1.219 -10.315 -3.932 -1.368 -8.281 -3.56
3 16 -0.114 -9.982 -4.288 -1.219 -10.315 -3.932 -0.737 -8.281 -3.882
3 16 -0.107 -8.281 -3.98 -0.114 -9.982 -4.288 -0.737 -8.281 -3.882
3 16 9.817 -9.074 -0.388 10.654 -5.2 -1.403 10.034 -9.09 -1.006
3 16 10.294 -5.2 -0.713 10.654 -5.2 -1.403 9.817 -9.074 -0.388
3 16 5.84 -8.734 4.428 6.956 -9.44 2.317 5.641 -9.921 3.729
3 16 4.264 -9.038 5.845 5.641 -9.921 3.729 3.939 -10.14 4.796
3 16 5.641 -9.921 3.729 4.264 -9.038 5.845 5.84 -8.734 4.428
3 16 2.235 -9.251 6.772 3.939 -10.14 4.796 1.989 -10.156 5.37
3 16 3.939 -10.14 4.796 2.235 -9.251 6.772 4.264 -9.038 5.845
3 16 -0.03 -9.329 7.091 1.989 -10.156 5.37 -0.027 -10.156 5.557
3 16 1.989 -10.156 5.37 -0.03 -9.329 7.091 2.235 -9.251 6.772
3 16 -0.027 -10.156 5.557 -2.275 -9.257 6.797 -0.03 -9.329 7.091
3 16 -1.99 -10.156 5.287 -2.275 -9.257 6.797 -0.027 -10.156 5.557
3 16 -1.99 -10.156 5.287 -4.266 -9.063 5.939 -2.275 -9.257 6.797
3 16 -3.808 -10.156 4.648 -4.266 -9.063 5.939 -1.99 -10.156 5.287
3 16 -3.808 -10.156 4.648 -5.857 -8.792 4.628 -4.266 -9.063 5.939
3 16 -5.48 -10.079 3.724 -5.857 -8.792 4.628 -3.808 -10.156 4.648
3 16 -5.857 -8.792 4.628 -5.48 -10.079 3.724 -6.93 -8.47 3.066
3 16 -6.93 -8.47 3.066 -5.48 -10.079 3.724 -6.798 -9.674 2.55
3 16 -6.93 -8.47 3.066 -6.798 -9.674 2.55 -7.998 -9.425 1.454
3 16 -10.146 -8.983 -1.464 -10.319 -8.349 -0.976 -9.838 -9.208 -0.217
3 16 -10.712 -5.2 -1.264 -9.838 -9.208 -0.217 -10.319 -8.349 -0.976
3 16 -10.712 -5.2 -1.264 -10.329 -5.2 -0.697 -9.838 -9.208 -0.217
4 16 -9.838 -9.208 -0.217 -10.329 -5.2 -0.697 -9.194 -5.2 0.4 -9.072 -9.257 0.506
3 16 -8.411 -5.2 1.303 -9.072 -9.257 0.506 -9.194 -5.2 0.4
3 16 -9.072 -9.257 0.506 -8.411 -5.2 1.303 -6.93 -8.47 3.066
3 16 -8.411 -5.2 1.303 -7.3912 -5.2 3.0616 -6.93 -8.47 3.066
3 16 -6.93 -8.47 3.066 -7.998 -9.425 1.454 -9.072 -9.257 0.506
4 16 -6.93 -8.47 3.066 -7.3912 -5.2 3.0616 -5.6568 -5.2 5.6568 -5.857 -8.792 4.628
3 16 -3.0616 -5.2 7.3912 -4.266 -9.063 5.939 -5.6568 -5.2 5.6568
3 16 -5.857 -8.792 4.628 -5.6568 -5.2 5.6568 -4.266 -9.063 5.939
3 16 -2.275 -9.257 6.797 -4.266 -9.063 5.939 -3.0616 -5.2 7.3912
3 16 -2.275 -9.257 6.797 -3.0616 -5.2 7.3912 0 -5.2 8
3 16 -0.03 -9.329 7.091 -2.275 -9.257 6.797 0 -5.2 8
3 16 3.0616 -5.2 7.3912 2.235 -9.251 6.772 0 -5.2 8
3 16 -0.03 -9.329 7.091 0 -5.2 8 2.235 -9.251 6.772
3 16 5.6568 -5.2 5.6568 4.264 -9.038 5.845 3.0616 -5.2 7.3912
3 16 2.235 -9.251 6.772 3.0616 -5.2 7.3912 4.264 -9.038 5.845
3 16 5.84 -8.734 4.428 4.264 -9.038 5.845 5.6568 -5.2 5.6568
3 16 5.6568 -5.2 5.6568 7.3912 -5.2 3.0616 5.84 -8.734 4.428
4 16 6.956 -9.44 2.317 5.84 -8.734 4.428 7.3912 -5.2 3.0616 8.559 -5.2 1.065
3 16 9.299 -5.2 0.245 6.956 -9.44 2.317 8.559 -5.2 1.065
3 16 6.956 -9.44 2.317 9.299 -5.2 0.245 8.178 -9.237 1.185
3 16 8.178 -9.237 1.185 9.299 -5.2 0.245 9.131 -9.081 0.31
3 16 9.131 -9.081 0.31 9.299 -5.2 0.245 9.817 -9.074 -0.388
3 16 9.817 -9.074 -0.388 9.299 -5.2 0.245 10.294 -5.2 -0.713
3 16 9.92 -9.155 -1.611 10.034 -9.09 -1.006 10.577 -5.2 -2.121
3 16 10.577 -5.2 -2.121 10.034 -9.09 -1.006 10.654 -5.2 -1.403
3 16 9.92 -9.155 -1.611 10.577 -5.2 -2.121 9.616 -8.42 -2.515
3 16 9.528 -8.132 -2.95 9.616 -8.42 -2.515 10.577 -5.2 -2.121
3 16 10.577 -5.2 -2.121 10.259 -5.2 -3.066 9.528 -8.132 -2.95
4 16 9.528 -8.132 -2.95 10.259 -5.2 -3.066 9.702 -5.2 -4.714 9.07 -8.338 -4.207
3 16 9.477 -5.2 -5.982 9.07 -8.338 -4.207 9.702 -5.2 -4.714
3 16 9.477 -5.2 -5.982 8.881 -8.632 -5.65 9.07 -8.338 -4.207
3 16 9.558 -9.101 -2.177 9.92 -9.155 -1.611 9.616 -8.42 -2.515
3 16 8.729 -9.461 -4.331 9.07 -8.338 -4.207 8.881 -8.632 -5.65
3 16 8.729 -9.461 -4.331 8.881 -8.632 -5.65 8.551 -9.739 -5.097
3 16 8.729 -9.461 -4.331 8.551 -9.739 -5.097 8.051 -10.255 -4.451
3 16 8.729 -9.461 -4.331 8.051 -10.255 -4.451 8.309 -9.837 -3.936
3 16 -2.209 -10.022 -0.304 -2.261 -9.99 -0.676 -2.423 -9.959 -1.146
3 16 -2.209 -10.022 -0.304 -2.423 -9.959 -1.146 -2.67 -10.008 0.075
3 16 -2.209 -10.022 -0.304 -2.67 -10.008 0.075 -2.369 -10.011 -0.009
3 16 -3.371 -9.987 -0.185 -2.67 -10.008 0.075 -2.423 -9.959 -1.146
3 16 -3.371 -9.987 -0.185 -4.52 -10.473 -1.143 -4.812 -10.182 -0.958
4 16 -5.259 -10.688 -1.386 -4.812 -10.182 -0.958 -4.52 -10.473 -1.143 -4.576 -10.834 -1.42
3 16 -5.4 -10.52 -1.377 -4.812 -10.182 -0.958 -5.259 -10.688 -1.386
3 16 -4.576 -10.834 -1.42 -5.12 -11.012 -1.522 -5.259 -10.688 -1.386
3 16 -3.371 -9.987 -0.185 -3.934 -10.476 -1.453 -4.52 -10.473 -1.143
3 16 -4.1 -10.781 -1.639 -4.576 -10.834 -1.42 -4.52 -10.473 -1.143
3 16 -3.934 -10.476 -1.453 -4.1 -10.781 -1.639 -4.52 -10.473 -1.143
3 16 -2.423 -9.959 -1.146 -2.455 -10.064 -2.187 -3.371 -9.987 -0.185
3 16 -3.934 -10.476 -1.453 -3.371 -9.987 -0.185 -2.455 -10.064 -2.187
3 16 -3.023 -10.761 -2.633 -4.1 -10.781 -1.639 -3.934 -10.476 -1.453
3 16 -2.455 -10.064 -2.187 -2.246 -10.252 -2.822 -3.934 -10.476 -1.453
3 16 -3.023 -10.761 -2.633 -3.934 -10.476 -1.453 -2.246 -10.252 -2.822
3 16 -2.546 -10.821 -3.128 -3.023 -10.761 -2.633 -2.246 -10.252 -2.822
3 16 -2.546 -10.821 -3.128 -2.246 -10.252 -2.822 -1.732 -10.448 -3.565
4 16 -1.634 -10.848 -4.017 -2.546 -10.821 -3.128 -1.732 -10.448 -3.565 -1.219 -10.315 -3.932
3 16 -1.147 -10.803 -4.576 -1.634 -10.848 -4.017 -1.219 -10.315 -3.932
3 16 -0.098 -10.595 -5.909 -1.219 -10.315 -3.932 -0.114 -9.982 -4.288
3 16 -1.219 -10.315 -3.932 -0.098 -10.595 -5.909 -1.147 -10.803 -4.576
3 16 2.642 -10.82 -2.126 2.937 -10.93 -1.614 2.818 -11.906 -2.461
3 16 2.818 -11.906 -2.461 2.937 -10.93 -1.614 2.967 -12.058 -1.811
3 16 2.642 -10.82 -2.126 2.818 -11.906 -2.461 2.346 -10.702 -3.113
3 16 2.346 -10.702 -3.113 2.818 -11.906 -2.461 2.366 -11.882 -3.499
4 16 1.739 -10.713 -3.932 2.346 -10.702 -3.113 2.366 -11.882 -3.499 1.712 -11.888 -4.362
3 16 1.712 -11.888 -4.362 1.072 -10.679 -4.776 1.739 -10.713 -3.932
3 16 1.712 -11.888 -4.362 1.065 -11.861 -5.211 1.072 -10.679 -4.776
3 16 1.065 -11.861 -5.211 -0.098 -10.595 -5.909 1.072 -10.679 -4.776
3 16 1.065 -11.861 -5.211 -0.094 -11.822 -6.388 -0.098 -10.595 -5.909
3 16 2.937 -10.93 -1.614 3.607 -12.075 -1.431 2.967 -12.058 -1.811
3 16 2.937 -10.93 -1.614 3.713 -10.967 -1.304 3.607 -12.075 -1.431
3 16 4.523 -12.101 -1.552 3.607 -12.075 -1.431 3.713 -10.967 -1.304
3 16 4.523 -12.101 -1.552 3.713 -10.967 -1.304 4.809 -11.026 -1.467
3 16 5.733 -12.065 -2.834 4.523 -12.101 -1.552 4.809 -11.026 -1.467
3 16 5.733 -12.065 -2.834 4.809 -11.026 -1.467 5.826 -10.839 -2.455
3 16 7.405 -10.518 -3.844 5.733 -12.065 -2.834 5.826 -10.839 -2.455
3 16 7.405 -10.518 -3.844 7.445 -11.763 -4.605 5.733 -12.065 -2.834
3 16 8.051 -10.255 -4.451 7.445 -11.763 -4.605 7.405 -10.518 -3.844
3 16 8.051 -10.255 -4.451 8.181 -11.27 -5.499 7.445 -11.763 -4.605
4 16 -7.971 -10.714 -4.17 -8.532 -10.534 -4.795 -8.607 -9.933 -4.025 -8.181 -10.128 -3.653
3 16 -8.181 -10.128 -3.653 -6.416 -10.304 -2.183 -7.971 -10.714 -4.17
3 16 -6.416 -10.304 -2.183 -6.031 -10.871 -2.382 -7.971 -10.714 -4.17
3 16 -7.971 -10.714 -4.17 -6.031 -10.871 -2.382 -5.964 -11.349 -2.519
3 16 -5.964 -11.349 -2.519 -6.031 -10.871 -2.382 -5.269 -11.341 -1.659
3 16 -6.031 -10.871 -2.382 -5.12 -11.012 -1.522 -5.269 -11.341 -1.659
3 16 -5.259 -10.688 -1.386 -5.12 -11.012 -1.522 -6.031 -10.871 -2.382
3 16 -6.416 -10.304 -2.183 -5.259 -10.688 -1.386 -6.031 -10.871 -2.382
3 16 -8.532 -10.534 -4.795 -7.971 -10.714 -4.17 -8.092 -11.898 -5.092
3 16 -8.6 -11.84 -5.469 -8.532 -10.534 -4.795 -8.092 -11.898 -5.092
4 16 -7.971 -10.714 -4.17 -5.964 -11.349 -2.519 -5.914 -11.979 -2.891 -8.092 -11.898 -5.092
3 16 -8.6 -11.84 -5.469 -8.092 -11.898 -5.092 -8.54 -12.335 -6.12
3 16 -5.914 -11.979 -2.891 -6.043 -12.421 -3.559 -8.092 -11.898 -5.092
3 16 -8.092 -11.898 -5.092 -6.043 -12.421 -3.559 -8.54 -12.335 -6.12
3 16 -9.246 -9.816 -5.578 -8.822 -10.161 -5.0125 -9.681 -10.642 -6.563
3 16 -9.681 -10.642 -6.563 -8.822 -10.161 -5.0125 -8.901 -11.592 -5.803
3 16 -8.54 -12.335 -6.12 -8.901 -11.592 -5.803 -8.6 -11.84 -5.469
3 16 -9.681 -10.642 -6.563 -8.901 -11.592 -5.803 -9.724 -11.127 -7.248
3 16 -9.724 -11.127 -7.248 -8.901 -11.592 -5.803 -8.54 -12.335 -6.12
3 16 -8.822 -10.161 -5.0125 -8.532 -10.534 -4.795 -8.901 -11.592 -5.803
3 16 -8.901 -11.592 -5.803 -8.532 -10.534 -4.795 -8.6 -11.84 -5.469
3 16 -9.016 -9.62 -5.094 -8.822 -10.161 -5.0125 -9.246 -9.816 -5.578
3 16 -9.016 -9.62 -5.094 -8.959 -9.501 -4.336 -8.822 -10.161 -5.0125
4 16 -8.822 -10.161 -5.0125 -8.959 -9.501 -4.336 -8.607 -9.933 -4.025 -8.532 -10.534 -4.795
3 16 -5.4 -10.52 -1.377 -5.259 -10.688 -1.386 -6.416 -10.304 -2.183
3 16 -5.629 -12.14 -2.081 -5.269 -11.341 -1.659 -5.04 -12.152 -1.676
3 16 -5.629 -12.14 -2.081 -5.964 -11.349 -2.519 -5.269 -11.341 -1.659
4 16 -5.914 -11.979 -2.891 -5.964 -11.349 -2.519 -5.629 -12.14 -2.081 -5.663 -12.554 -2.534
3 16 -5.914 -11.979 -2.891 -5.663 -12.554 -2.534 -6.043 -12.421 -3.559
3 16 -5.663 -12.554 -2.534 -5.374 -13.505 -2.884 -6.043 -12.421 -3.559
3 16 -5.374 -13.505 -2.884 -5.663 -12.554 -2.534 -4.777 -13.53 -2.325
3 16 -5.663 -12.554 -2.534 -4.814 -12.638 -1.875 -4.777 -13.53 -2.325
3 16 -5.04 -12.152 -1.676 -4.814 -12.638 -1.875 -5.629 -12.14 -2.081
3 16 -5.663 -12.554 -2.534 -5.629 -12.14 -2.081 -4.814 -12.638 -1.875
3 16 -3.023 -10.761 -2.633 -2.975 -11.931 -2.958 -4.207 -11.984 -1.857
3 16 -4.1 -10.781 -1.639 -3.023 -10.761 -2.633 -4.207 -11.984 -1.857
3 16 -3.023 -10.761 -2.633 -2.546 -10.821 -3.128 -2.975 -11.931 -2.958
3 16 -2.546 -10.821 -3.128 -2.188 -11.917 -3.695 -2.975 -11.931 -2.958
3 16 -2.546 -10.821 -3.128 -1.634 -10.848 -4.017 -2.188 -11.917 -3.695
3 16 -1.634 -10.848 -4.017 -1.327 -11.897 -4.634 -2.188 -11.917 -3.695
3 16 -1.634 -10.848 -4.017 -1.147 -10.803 -4.576 -1.327 -11.897 -4.634
3 16 -1.147 -10.803 -4.576 -0.87 -11.872 -5.401 -1.327 -11.897 -4.634
3 16 -1.147 -10.803 -4.576 -0.098 -10.595 -5.909 -0.87 -11.872 -5.401
3 16 -0.098 -10.595 -5.909 -0.094 -11.822 -6.388 -0.87 -11.872 -5.401
3 16 -4.576 -10.834 -1.42 -4.1 -10.781 -1.639 -4.207 -11.984 -1.857
3 16 -5.269 -11.341 -1.659 -4.576 -10.834 -1.42 -5.04 -12.152 -1.676
3 16 -5.269 -11.341 -1.659 -5.12 -11.012 -1.522 -4.576 -10.834 -1.42
3 16 -8.533 -10.965 6.291 -7.827 -13.194 5.64 -8.325 -12.01 6.343
3 16 -8.533 -10.965 6.291 -7.183 -13.695 4.615 -7.827 -13.194 5.64
3 16 -7.145 -14.519 4.792 -7.827 -13.194 5.64 -7.183 -13.695 4.615
3 16 -8.889 -15.04 2.275 -8.286 -14.299 3.495 -9.336 -14.3 2.263
3 16 -8.889 -15.04 2.275 -7.145 -14.519 4.792 -8.286 -14.299 3.495
3 16 -8.889 -15.04 2.275 -6.596 -15.145 4.637 -7.145 -14.519 4.792
3 16 -6.596 -15.145 4.637 -5.376 -15.149 5.776 -7.145 -14.519 4.792
3 16 -5.376 -15.149 5.776 -5.955 -13.373 7.366 -7.827 -13.194 5.64
3 16 -7.827 -13.194 5.64 -7.145 -14.519 4.792 -5.376 -15.149 5.776
3 16 -5.955 -13.373 7.366 -8.325 -12.01 6.343 -7.827 -13.194 5.64
3 16 -5.955 -13.373 7.366 -6.651 -11.848 8.109 -8.325 -12.01 6.343
3 16 -5.955 -13.373 7.366 -3.988 -13.469 8.913 -4.317 -11.805 10.314
3 16 -4.317 -11.805 10.314 -6.651 -11.848 8.109 -5.955 -13.373 7.366
3 16 -3.688 -15.088 7.394 -5.955 -13.373 7.366 -5.376 -15.149 5.776
3 16 -3.688 -15.088 7.394 -3.988 -13.469 8.913 -5.955 -13.373 7.366
3 16 -1.932 -13.428 10.864 -4.317 -11.805 10.314 -3.988 -13.469 8.913
3 16 -1.932 -13.428 10.864 -1.95 -11.771 12.499 -4.317 -11.805 10.314
3 16 -1.798 -15.122 9.204 -3.988 -13.469 8.913 -3.688 -15.088 7.394
3 16 -1.798 -15.122 9.204 -1.932 -13.428 10.864 -3.988 -13.469 8.913
3 16 -0.155 -15.065 10.703 -1.932 -13.428 10.864 -1.798 -15.122 9.204
3 16 -0.155 -15.065 10.703 0.035 -11.649 13.929 -1.932 -13.428 10.864
3 16 0.035 -11.649 13.929 -1.95 -11.771 12.499 -1.932 -13.428 10.864
3 16 -6.459 -14.499 -0.568 -8.889 -15.04 2.275 -9.336 -14.3 2.263
3 16 -6.459 -14.499 -0.568 -6.065 -14.853 -0.193 -8.889 -15.04 2.275
3 16 -8.889 -15.04 2.275 -6.065 -14.853 -0.193 -4.625 -14.886 1.247
3 16 -4.625 -14.886 1.247 -6.596 -15.145 4.637 -8.889 -15.04 2.275
3 16 -3.798 -15.041 2.061 -5.376 -15.149 5.776 -6.596 -15.145 4.637
3 16 -6.596 -15.145 4.637 -4.625 -14.886 1.247 -3.798 -15.041 2.061
3 16 -3.798 -15.041 2.061 -2.358 -15.19 3.488 -5.376 -15.149 5.776
3 16 -3.688 -15.088 7.394 -5.376 -15.149 5.776 -2.358 -15.19 3.488
3 16 -2.358 -15.19 3.488 -0.587 -15.029 5.158 -1.798 -15.122 9.204
3 16 -1.798 -15.122 9.204 -3.688 -15.088 7.394 -2.358 -15.19 3.488
3 16 -0.587 -15.029 5.158 3.005 -15.291 1.696 -0.155 -15.065 10.703
3 16 -0.155 -15.065 10.703 -1.798 -15.122 9.204 -0.587 -15.029 5.158
3 16 3.005 -15.291 1.696 6.023 -15.164 4.685 -0.155 -15.065 10.703
3 16 -4.596 -14.8 -1.607 -6.459 -14.499 -0.568 -4.783 -14.43 -2.156
3 16 -4.596 -14.8 -1.607 -6.065 -14.853 -0.193 -6.459 -14.499 -0.568
3 16 -1.834 -14.774 -4.279 -4.596 -14.8 -1.607 -4.783 -14.43 -2.156
3 16 -1.834 -14.774 -4.279 -4.783 -14.43 -2.156 -2.177 -14.386 -4.611
3 16 -1.124 -14.781 -5.19 -1.834 -14.774 -4.279 -2.177 -14.386 -4.611
3 16 -0.141 -14.768 -5.29 -1.834 -14.774 -4.279 -1.124 -14.781 -5.19
3 16 -0.141 -14.768 -5.29 -0.39 -14.658 -2.083 -1.834 -14.774 -4.279
3 16 -4.596 -14.8 -1.607 -1.834 -14.774 -4.279 -0.39 -14.658 -2.083
3 16 -1.124 -14.781 -5.19 -2.177 -14.386 -4.611 -1.472 -14.343 -5.448
3 16 -0.805 -14.826 -5.785 -0.141 -14.768 -5.29 -1.124 -14.781 -5.19
3 16 -1.472 -14.343 -5.448 -0.805 -14.826 -5.785 -1.124 -14.781 -5.19
3 16 -1.472 -14.343 -5.448 -1.079 -14.41 -6.369 -0.805 -14.826 -5.785
3 16 -4.596 -14.8 -1.607 -0.39 -14.658 -2.083 -3.601 -14.722 1.318
3 16 -3.601 -14.722 1.318 -6.065 -14.853 -0.193 -4.596 -14.8 -1.607
3 16 -3.601 -14.722 1.318 -4.625 -14.886 1.247 -6.065 -14.853 -0.193
3 16 -3.601 -14.722 1.318 -3.798 -15.041 2.061 -4.625 -14.886 1.247
3 16 -0.39 -14.658 -2.083 -0.141 -14.768 -5.29 1.617 -14.572 -4.336
4 16 0.207 -14.765 -6.315 1.617 -14.572 -4.336 -0.141 -14.768 -5.29 -0.477 -14.831 -6.376
3 16 1.115 -14.328 -6.208 1.617 -14.572 -4.336 0.207 -14.765 -6.315
4 16 0.182 -14.452 -7.389 1.115 -14.328 -6.208 0.207 -14.765 -6.315 -0.246 -14.796 -7.007
3 16 1.115 -14.328 -6.208 1.982 -14.219 -5.071 1.617 -14.572 -4.336
3 16 1.617 -14.572 -4.336 1.982 -14.219 -5.071 2.991 -14.067 -3.717
3 16 2.499 -14.405 -2.824 1.617 -14.572 -4.336 2.991 -14.067 -3.717
3 16 2.499 -14.405 -2.824 2.991 -14.067 -3.717 3.502 -13.877 -2.692
3 16 3.164 -14.157 -1.888 2.499 -14.405 -2.824 3.502 -13.877 -2.692
3 16 0.207 -14.765 -6.315 -0.477 -14.831 -6.376 -0.246 -14.796 -7.007
3 16 -0.477 -14.831 -6.376 -0.805 -14.826 -5.785 -1.079 -14.41 -6.369
3 16 -0.312 -14.488 -7.668 0.182 -14.452 -7.389 -0.246 -14.796 -7.007
3 16 -0.312 -14.488 -7.668 -0.246 -14.796 -7.007 -0.682 -14.477 -7.289
3 16 -0.682 -14.477 -7.289 -0.246 -14.796 -7.007 -0.477 -14.831 -6.376
3 16 2.499 -14.405 -2.824 3.164 -14.157 -1.888 1.287 -14.669 -0.685
3 16 2.499 -14.405 -2.824 1.287 -14.669 -0.685 1.617 -14.572 -4.336
3 16 1.287 -14.669 -0.685 3.164 -14.157 -1.888 2.52 -14.485 0.538
3 16 1.287 -14.669 -0.685 -0.39 -14.658 -2.083 1.617 -14.572 -4.336
3 16 -0.682 -14.477 -7.289 -0.477 -14.831 -6.376 -1.079 -14.41 -6.369
3 16 -0.141 -14.768 -5.29 -0.805 -14.826 -5.785 -0.477 -14.831 -6.376
3 16 -14.75 -9.097 0.092 -12.953 -11.63 0.148 -13.183 -10.175 1.735
3 16 -11.096 -13.917 0.304 -13.183 -10.175 1.735 -12.953 -11.63 0.148
3 16 -11.956 -10.604 2.953 -11.096 -13.917 0.304 -9.435 -13.926 2.293
3 16 -11.096 -13.917 0.304 -11.956 -10.604 2.953 -13.183 -10.175 1.735
3 16 -9.435 -13.926 2.293 -10.171 -10.901 4.677 -11.956 -10.604 2.953
3 16 -8.367 -13.797 3.46 -10.171 -10.901 4.677 -9.435 -13.926 2.293
3 16 -10.171 -10.901 4.677 -8.367 -13.797 3.46 -8.533 -10.965 6.291
3 16 -8.533 -10.965 6.291 -8.367 -13.797 3.46 -7.183 -13.695 4.615
3 16 -0.301 -13.641 -7.744 -0.312 -14.488 -7.668 -0.685 -13.651 -7.466
3 16 -0.685 -13.651 -7.466 -0.312 -14.488 -7.668 -0.682 -14.477 -7.289
3 16 -0.685 -13.651 -7.466 -0.682 -14.477 -7.289 -1.133 -13.607 -6.474
3 16 -1.133 -13.607 -6.474 -0.682 -14.477 -7.289 -1.079 -14.41 -6.369
3 16 -1.133 -13.607 -6.474 -1.079 -14.41 -6.369 -1.483 -13.561 -5.538
3 16 -1.483 -13.561 -5.538 -1.079 -14.41 -6.369 -1.472 -14.343 -5.448
3 16 -1.472 -14.343 -5.448 -2.177 -14.386 -4.611 -1.483 -13.561 -5.538
3 16 -1.483 -13.561 -5.538 -2.177 -14.386 -4.611 -4.185 -13.536 -2.775
3 16 -2.177 -14.386 -4.611 -4.832 -13.954 -2.236 -4.185 -13.536 -2.775
3 16 -4.185 -13.536 -2.775 -4.832 -13.954 -2.236 -4.777 -13.53 -2.325
3 16 -2.177 -14.386 -4.611 -4.783 -14.43 -2.156 -4.832 -13.954 -2.236
3 16 -4.832 -13.954 -2.236 -4.783 -14.43 -2.156 -6.53 -14.159 -0.608
3 16 -6.53 -14.159 -0.608 -4.783 -14.43 -2.156 -6.459 -14.499 -0.568
3 16 -6.459 -14.499 -0.568 -9.336 -14.3 2.263 -6.53 -14.159 -0.608
3 16 -6.53 -14.159 -0.608 -9.336 -14.3 2.263 -9.435 -13.926 2.293
3 16 -8.697 -13.891 -5.818 -10.214 -11.561 -7.422 -9.724 -11.127 -7.248
3 16 -10.214 -11.561 -7.422 -10.861 -9.402 -8.394 -9.724 -11.127 -7.248
3 16 -11.631 -9.159 -8.761 -10.861 -9.402 -8.394 -10.214 -11.561 -7.422
3 16 -10.861 -9.402 -8.394 -11.631 -9.159 -8.761 -10.922 -5.833 -8.616
3 16 -10.922 -5.833 -8.616 -11.631 -9.159 -8.761 -11.622 -5.822 -8.954
3 16 -9.724 -11.127 -7.248 -8.54 -12.335 -6.12 -8.697 -13.891 -5.818
3 16 -6.043 -12.421 -3.559 -8.697 -13.891 -5.818 -8.54 -12.335 -6.12
3 16 -5.374 -13.505 -2.884 -8.697 -13.891 -5.818 -6.043 -12.421 -3.559
3 16 -8.697 -13.891 -5.818 -5.374 -13.505 -2.884 -5.585 -13.9 -2.862
3 16 -5.374 -13.505 -2.884 -4.832 -13.954 -2.236 -5.585 -13.9 -2.862
3 16 -4.777 -13.53 -2.325 -4.832 -13.954 -2.236 -5.374 -13.505 -2.884
3 16 -9.435 -13.926 2.293 -11.096 -13.917 0.304 -6.53 -14.159 -0.608
3 16 -6.53 -14.159 -0.608 -11.096 -13.917 0.304 -9.946 -13.878 -3.024
3 16 -8.697 -13.891 -5.818 -6.53 -14.159 -0.608 -9.946 -13.878 -3.024
3 16 -6.53 -14.159 -0.608 -5.585 -13.9 -2.862 -4.832 -13.954 -2.236
3 16 -6.53 -14.159 -0.608 -8.697 -13.891 -5.818 -5.585 -13.9 -2.862
3 16 3.502 -13.877 -2.692 3.492 -13.562 -2.216 3.164 -14.157 -1.888
3 16 3.164 -14.157 -1.888 3.492 -13.562 -2.216 3.331 -13.863 -1.569
4 16 2.52 -14.485 0.538 3.164 -14.157 -1.888 3.331 -13.863 -1.569 2.924 -13.943 0.529
3 16 4.134 -13.544 -1.966 3.331 -13.863 -1.569 3.77 -13.533 -1.954
3 16 4.134 -13.544 -1.966 4.874 -13.729 -1.707 3.331 -13.863 -1.569
3 16 3.77 -13.533 -1.954 3.331 -13.863 -1.569 3.492 -13.562 -2.216
3 16 4.134 -13.544 -1.966 4.538 -13.54 -2.186 4.874 -13.729 -1.707
3 16 4.538 -13.54 -2.186 5.87 -13.499 -3.49 4.874 -13.729 -1.707
3 16 4.874 -13.729 -1.707 5.87 -13.499 -3.49 7.458 -13.408 -5.154
3 16 9.939 -13.637 -1.377 4.874 -13.729 -1.707 7.458 -13.408 -5.154
3 16 9.939 -13.637 -1.377 7.167 -13.82 1.072 4.874 -13.729 -1.707
4 16 7.167 -13.82 1.072 9.939 -13.637 -1.377 10.999 -13.647 0.214 8.612 -13.838 2.667
3 16 5.304 -14.014 3.271 7.167 -13.82 1.072 8.612 -13.838 2.667
4 16 4.874 -13.729 -1.707 7.167 -13.82 1.072 5.304 -14.014 3.271 2.924 -13.943 0.529
3 16 8.612 -13.838 2.667 6.699 -13.94 4.646 5.304 -14.014 3.271
3 16 4.874 -13.729 -1.707 2.924 -13.943 0.529 3.331 -13.863 -1.569
3 16 -11.666 -11.589 -3.762 -12.953 -11.63 0.148 -13.38 -9.1 -4.516
3 16 -13.38 -9.1 -4.516 -12.953 -11.63 0.148 -14.75 -9.097 0.092
3 16 -12.953 -11.63 0.148 -11.666 -11.589 -3.762 -11.096 -13.917 0.304
3 16 -11.096 -13.917 0.304 -11.666 -11.589 -3.762 -9.946 -13.878 -3.024
3 16 -11.666 -11.589 -3.762 -8.697 -13.891 -5.818 -9.946 -13.878 -3.024
3 16 -10.214 -11.561 -7.422 -8.697 -13.891 -5.818 -11.666 -11.589 -3.762
4 16 -10.214 -11.561 -7.422 -11.666 -11.589 -3.762 -13.38 -9.1 -4.516 -11.631 -9.159 -8.761
3 16 6.023 -15.164 4.685 6.699 -13.94 4.646 8.325 -11.168 6.162
3 16 0.035 -11.649 13.929 -0.155 -15.065 10.703 6.023 -15.164 4.685
3 16 8.062 -11.174 6.449 0.035 -11.649 13.929 6.023 -15.164 4.685
3 16 8.062 -11.174 6.449 4.669 -5.823 9.866 0.035 -11.649 13.929
3 16 8.062 -11.174 6.449 8.031 -5.823 6.655 4.669 -5.823 9.866
3 16 0.035 -11.649 13.929 4.669 -5.823 9.866 0.002 -5.823 14.097
3 16 8.325 -11.168 6.162 8.031 -5.823 6.655 8.062 -11.174 6.449
4 16 8.031 -5.823 6.655 8.325 -11.168 6.162 10.814 -10.809 3.68 11.067 -5.823 3.679
4 16 11.067 -5.823 3.679 10.814 -10.809 3.68 14.477 -9.725 -0.162 14.766 -5.823 -0.25
3 16 -0.312 -14.488 -7.668 0.2 -13.591 -7.525 0.182 -14.452 -7.389
3 16 0.2 -13.591 -7.525 -0.312 -14.488 -7.668 -0.301 -13.641 -7.744
3 16 1.121 -13.489 -6.389 0.182 -14.452 -7.389 0.2 -13.591 -7.525
3 16 1.115 -14.328 -6.208 0.182 -14.452 -7.389 1.121 -13.489 -6.389
3 16 2.003 -13.369 -5.26 1.115 -14.328 -6.208 1.121 -13.489 -6.389
3 16 1.982 -14.219 -5.071 1.115 -14.328 -6.208 2.003 -13.369 -5.26
3 16 3.059 -13.228 -3.906 1.982 -14.219 -5.071 2.003 -13.369 -5.26
3 16 2.991 -14.067 -3.717 1.982 -14.219 -5.071 3.059 -13.228 -3.906
3 16 3.566 -13.161 -2.88 2.991 -14.067 -3.717 3.059 -13.228 -3.906
3 16 3.502 -13.877 -2.692 2.991 -14.067 -3.717 3.566 -13.161 -2.88
3 16 3.566 -13.161 -2.88 3.492 -13.562 -2.216 3.502 -13.877 -2.692
3 16 3.576 -13.141 -2.433 3.492 -13.562 -2.216 3.566 -13.161 -2.88
3 16 4.134 -13.544 -1.966 3.77 -13.533 -1.954 4.084 -13.132 -2.113
3 16 4.084 -13.132 -2.113 3.77 -13.533 -1.954 3.778 -13.138 -2.172
3 16 4.401 -13.132 -2.241 4.134 -13.544 -1.966 4.084 -13.132 -2.113
3 16 4.538 -13.54 -2.186 4.134 -13.544 -1.966 4.401 -13.132 -2.241
3 16 5.725 -13.124 -3.615 4.538 -13.54 -2.186 4.401 -13.132 -2.241
3 16 5.87 -13.499 -3.49 4.538 -13.54 -2.186 5.725 -13.124 -3.615
3 16 7.331 -13.103 -5.261 5.87 -13.499 -3.49 5.725 -13.124 -3.615
3 16 7.458 -13.408 -5.154 5.87 -13.499 -3.49 7.331 -13.103 -5.261
3 16 3.77 -13.533 -1.954 3.492 -13.562 -2.216 3.778 -13.138 -2.172
3 16 3.778 -13.138 -2.172 3.492 -13.562 -2.216 3.576 -13.141 -2.433
3 16 7.458 -13.408 -5.154 7.331 -13.103 -5.261 9.718 -11.413 -7.515
3 16 9.718 -11.413 -7.515 7.331 -13.103 -5.261 9.464 -11.126 -7.617
3 16 11.121 -9.43 -9.297 9.718 -11.413 -7.515 9.464 -11.126 -7.617
3 16 11.552 -9.408 -9.234 9.718 -11.413 -7.515 11.121 -9.43 -9.297
3 16 11.67 -5.823 -9.346 11.552 -9.408 -9.234 11.199 -5.823 -9.401
3 16 11.199 -5.823 -9.401 11.552 -9.408 -9.234 11.121 -9.43 -9.297
3 16 11.03 -5.2 -8.801 11.67 -5.823 -9.346 11.199 -5.823 -9.401
3 16 11.67 -5.823 -9.346 11.03 -5.2 -8.801 11.316 -5.2 -8.685
3 16 -8.286 -14.299 3.495 -8.367 -13.797 3.46 -9.336 -14.3 2.263
3 16 -9.336 -14.3 2.263 -8.367 -13.797 3.46 -9.435 -13.926 2.293
3 16 -7.145 -14.519 4.792 -8.367 -13.797 3.46 -8.286 -14.299 3.495
3 16 -8.367 -13.797 3.46 -7.145 -14.519 4.792 -7.183 -13.695 4.615
4 16 0 -5.2 8 -0.073 -5.2 13.445 4.201 -5.2 9.458 3.0616 -5.2 7.3912
4 16 -1.451 -5.2 12.312 -0.073 -5.2 13.445 0 -5.2 8 -3.933 -5.2 9.955
3 16 -3.0616 -5.2 7.3912 -3.933 -5.2 9.955 0 -5.2 8
4 16 -3.933 -5.2 9.955 -3.0616 -5.2 7.3912 -5.6568 -5.2 5.6568 -6.372 -5.2 7.64
4 16 -8.413 -5.2 5.733 -6.372 -5.2 7.64 -5.6568 -5.2 5.6568 -7.3912 -5.2 3.0616
4 16 5.6568 -5.2 5.6568 3.0616 -5.2 7.3912 4.201 -5.2 9.458 7.528 -5.2 6.249
4 16 7.3912 -5.2 3.0616 5.6568 -5.2 5.6568 7.528 -5.2 6.249 10.288 -5.2 3.538
4 16 8.559 -5.2 1.065 7.3912 -5.2 3.0616 10.288 -5.2 3.538 9.299 -5.2 0.245
4 16 10.294 -5.2 -0.713 9.299 -5.2 0.245 10.288 -5.2 3.538 14.139 -5.2 -0.392
3 16 14.139 -5.2 -0.392 10.654 -5.2 -1.403 10.294 -5.2 -0.713
4 16 10.577 -5.2 -2.121 10.654 -5.2 -1.403 14.139 -5.2 -0.392 13.383 -5.2 -3.152
4 16 10.259 -5.2 -3.066 10.577 -5.2 -2.121 13.383 -5.2 -3.152 12.743 -5.2 -5.111
4 16 -10.325 -5.2 3.892 -8.413 -5.2 5.733 -7.3912 -5.2 3.0616 -8.411 -5.2 1.303
4 16 -11.485 -5.2 2.762 -10.325 -5.2 3.892 -8.411 -5.2 1.303 -9.194 -5.2 0.4
4 16 -12.616 -5.2 1.589 -11.485 -5.2 2.762 -9.194 -5.2 0.4 -10.329 -5.2 -0.697
4 16 -14.123 -5.2 -0.064 -12.616 -5.2 1.589 -10.329 -5.2 -0.697 -10.712 -5.2 -1.264
4 16 9.702 -5.2 -4.714 10.259 -5.2 -3.066 12.743 -5.2 -5.111 9.477 -5.2 -5.982
4 16 10.503 -5.2 -7.511 9.477 -5.2 -5.982 12.743 -5.2 -5.111 11.669 -5.2 -8.242
4 16 10.976 -5.2 -8.584 10.503 -5.2 -7.511 11.669 -5.2 -8.242 11.316 -5.2 -8.685
3 16 10.976 -5.2 -8.584 11.316 -5.2 -8.685 11.03 -5.2 -8.801
4 16 -14.123 -5.2 -0.064 -10.712 -5.2 -1.264 -10.746 -5.2 -1.921 -12.778 -5.2 -4.329
4 16 -12.778 -5.2 -4.329 -10.746 -5.2 -1.921 -10.331 -5.2 -3.198 -9.956 -5.2 -4.37
4 16 -12.778 -5.2 -4.329 -9.956 -5.2 -4.37 -9.681 -5.2 -5.228 -9.743 -5.2 -5.739
4 16 -12.778 -5.2 -4.329 -9.743 -5.2 -5.739 -10.032 -5.2 -6.115 -10.456 -5.2 -6.648
4 16 -11.396 -5.2 -7.965 -12.778 -5.2 -4.329 -10.456 -5.2 -6.648 -10.874 -5.2 -8.045
3 16 4.669 -5.823 9.866 7.528 -5.2 6.249 4.201 -5.2 9.458
3 16 4.669 -5.823 9.866 8.031 -5.823 6.655 7.528 -5.2 6.249
3 16 -0.073 -5.2 13.445 4.669 -5.823 9.866 4.201 -5.2 9.458
3 16 -0.073 -5.2 13.445 0.002 -5.823 14.097 4.669 -5.823 9.866
4 16 10.288 -5.2 3.538 7.528 -5.2 6.249 8.031 -5.823 6.655 11.067 -5.823 3.679
3 16 14.139 -5.2 -0.392 10.288 -5.2 3.538 11.067 -5.823 3.679
3 16 14.766 -5.823 -0.25 14.139 -5.2 -0.392 11.067 -5.823 3.679
3 16 11.669 -5.2 -8.242 11.67 -5.823 -9.346 11.316 -5.2 -8.685
3 16 14.042 -5.823 -3.175 11.67 -5.823 -9.346 11.669 -5.2 -8.242
3 16 14.042 -5.823 -3.175 11.669 -5.2 -8.242 12.743 -5.2 -5.111
3 16 14.042 -5.823 -3.175 12.743 -5.2 -5.111 13.383 -5.2 -3.152
3 16 14.042 -5.823 -3.175 13.383 -5.2 -3.152 14.139 -5.2 -0.392
3 16 14.766 -5.823 -0.25 14.042 -5.823 -3.175 14.139 -5.2 -0.392
3 16 3.005 -15.291 1.696 -0.587 -15.029 5.158 -0.621 -14.851 4.364
3 16 -0.621 -14.851 4.364 -1.928 -14.831 2.991 3.005 -15.291 1.696
3 16 -1.928 -14.831 2.991 1.212 -15.302 -0.09 3.005 -15.291 1.696
3 16 1.212 -15.302 -0.09 -1.928 -14.831 2.991 -0.257 -15.279 -1.312
3 16 -1.928 -14.831 2.991 -3.334 -14.788 1.576 -0.257 -15.279 -1.312
3 16 -3.798 -15.041 2.061 -3.334 -14.788 1.576 -1.928 -14.831 2.991
3 16 -2.358 -15.19 3.488 -3.798 -15.041 2.061 -1.928 -14.831 2.991
3 16 -2.358 -15.19 3.488 -1.928 -14.831 2.991 -0.621 -14.851 4.364
3 16 -0.587 -15.029 5.158 -2.358 -15.19 3.488 -0.621 -14.851 4.364
3 16 -3.334 -14.788 1.576 -3.798 -15.041 2.061 -3.601 -14.722 1.318
3 16 -13.118 -5.823 2.027 -12.616 -5.2 1.589 -14.123 -5.2 -0.064
3 16 -14.828 -5.823 0.094 -13.118 -5.823 2.027 -14.123 -5.2 -0.064
3 16 -11.485 -5.2 2.762 -12.616 -5.2 1.589 -13.118 -5.823 2.027
3 16 -11.887 -5.823 3.262 -11.485 -5.2 2.762 -13.118 -5.823 2.027
4 16 -10.325 -5.2 3.892 -11.485 -5.2 2.762 -11.887 -5.823 3.262 -10.78 -5.823 4.363
4 16 -8.413 -5.2 5.733 -10.325 -5.2 3.892 -10.78 -5.823 4.363 -8.855 -5.823 6.213
3 16 -8.855 -5.823 6.213 -6.372 -5.2 7.64 -8.413 -5.2 5.733
3 16 -8.855 -5.823 6.213 -6.815 -5.823 8.159 -6.372 -5.2 7.64
4 16 -6.372 -5.2 7.64 -6.815 -5.823 8.159 -4.429 -5.823 10.427 -3.933 -5.2 9.955
3 16 -4.429 -5.823 10.427 -1.882 -5.823 12.803 -3.933 -5.2 9.955
3 16 -1.882 -5.823 12.803 -1.451 -5.2 12.312 -3.933 -5.2 9.955
3 16 -0.073 -5.2 13.445 -1.451 -5.2 12.312 -1.882 -5.823 12.803
3 16 0.002 -5.823 14.097 -0.073 -5.2 13.445 -1.882 -5.823 12.803
3 16 8.325 -11.168 6.162 6.699 -13.94 4.646 8.612 -13.838 2.667
3 16 10.999 -13.647 0.214 10.814 -10.809 3.68 8.612 -13.838 2.667
3 16 12.88 -11.643 -0.065 10.814 -10.809 3.68 10.999 -13.647 0.214
3 16 10.814 -10.809 3.68 8.325 -11.168 6.162 8.612 -13.838 2.667
3 16 14.477 -9.725 -0.162 10.814 -10.809 3.68 12.88 -11.643 -0.065
3 16 -1.882 -5.823 12.803 -1.95 -11.771 12.499 0.035 -11.649 13.929
3 16 0.002 -5.823 14.097 -1.882 -5.823 12.803 0.035 -11.649 13.929
4 16 -1.95 -11.771 12.499 -1.882 -5.823 12.803 -4.429 -5.823 10.427 -4.317 -11.805 10.314
4 16 -6.651 -11.848 8.109 -4.317 -11.805 10.314 -4.429 -5.823 10.427 -6.815 -5.823 8.159
3 16 -6.651 -11.848 8.109 -6.815 -5.823 8.159 -8.533 -10.965 6.291
3 16 -8.533 -10.965 6.291 -8.325 -12.01 6.343 -6.651 -11.848 8.109
3 16 -6.815 -5.823 8.159 -8.855 -5.823 6.213 -8.533 -10.965 6.291
4 16 -10.171 -10.901 4.677 -8.533 -10.965 6.291 -8.855 -5.823 6.213 -10.78 -5.823 4.363
4 16 -11.956 -10.604 2.953 -10.171 -10.901 4.677 -10.78 -5.823 4.363 -11.887 -5.823 3.262
4 16 -13.183 -10.175 1.735 -11.956 -10.604 2.953 -11.887 -5.823 3.262 -13.118 -5.823 2.027
3 16 -13.118 -5.823 2.027 -14.75 -9.097 0.092 -13.183 -10.175 1.735
3 16 -13.118 -5.823 2.027 -14.828 -5.823 0.094 -14.75 -9.097 0.092
4 16 6.023 -15.164 4.685 3.005 -15.291 1.696 5.304 -14.014 3.271 6.699 -13.94 4.646
3 16 3.005 -15.291 1.696 2.924 -13.943 0.529 5.304 -14.014 3.271
3 16 2.52 -14.485 0.538 2.924 -13.943 0.529 3.005 -15.291 1.696
3 16 3.005 -15.291 1.696 1.212 -15.302 -0.09 2.52 -14.485 0.538
3 16 2.52 -14.485 0.538 1.212 -15.302 -0.09 1.287 -14.669 -0.685
4 16 1.287 -14.669 -0.685 1.212 -15.302 -0.09 -0.257 -15.279 -1.312 -0.39 -14.658 -2.083
3 16 -0.39 -14.658 -2.083 -0.257 -15.279 -1.312 -3.601 -14.722 1.318
3 16 -3.601 -14.722 1.318 -0.257 -15.279 -1.312 -3.334 -14.788 1.576
4 16 -13.488 -5.823 -4.518 -13.38 -9.1 -4.516 -14.75 -9.097 0.092 -14.828 -5.823 0.094
4 16 -11.631 -9.159 -8.761 -13.38 -9.1 -4.516 -13.488 -5.823 -4.518 -11.622 -5.822 -8.954
3 16 14.477 -9.725 -0.162 12.88 -11.643 -0.065 13.956 -9.596 -3.056
3 16 9.939 -13.637 -1.377 9.718 -11.413 -7.515 10.999 -13.647 0.214
3 16 11.552 -9.408 -9.234 13.956 -9.596 -3.056 10.999 -13.647 0.214
3 16 12.88 -11.643 -0.065 10.999 -13.647 0.214 13.956 -9.596 -3.056
3 16 11.552 -9.408 -9.234 10.999 -13.647 0.214 9.718 -11.413 -7.515
3 16 7.458 -13.408 -5.154 9.718 -11.413 -7.515 9.939 -13.637 -1.377
3 16 -13.488 -5.823 -4.518 -12.778 -5.2 -4.329 -11.396 -5.2 -7.965
3 16 -11.622 -5.822 -8.954 -13.488 -5.823 -4.518 -11.396 -5.2 -7.965
3 16 -14.123 -5.2 -0.064 -12.778 -5.2 -4.329 -13.488 -5.823 -4.518
3 16 -14.828 -5.823 0.094 -14.123 -5.2 -0.064 -13.488 -5.823 -4.518
3 16 8.062 -11.174 6.449 6.023 -15.164 4.685 8.325 -11.168 6.162
3 16 14.766 -5.823 -0.25 14.477 -9.725 -0.162 13.956 -9.596 -3.056
3 16 14.042 -5.823 -3.175 14.766 -5.823 -0.25 13.956 -9.596 -3.056
4 16 14.042 -5.823 -3.175 13.956 -9.596 -3.056 11.552 -9.408 -9.234 11.67 -5.823 -9.346
3 16 -11.622 -5.822 -8.954 -11.396 -5.2 -7.965 -10.922 -5.833 -8.616
3 16 -10.922 -5.833 -8.616 -11.396 -5.2 -7.965 -10.874 -5.2 -8.045
3 16 7.445 -11.763 -4.605 8.181 -11.27 -5.499 7.331 -13.103 -5.261
3 16 -9.05 -8.286 -2.223 -9.645 -8.185 -2.978 -9.661 -8.286 -2.511
3 16 8.967 -9.251 -2.227 8.82 -9.657 -2.031 9.558 -9.101 -2.177
3 16 -10.146 -8.983 -1.464 -10.271 -8.17 -1.713 -10.319 -8.349 -0.976
3 16 -10.861 -9.402 -8.394 -10.922 -5.833 -8.616 -10.684 -8.708 -7.473
3 16 -10.684 -8.708 -7.473 -10.922 -5.833 -8.616 -10.874 -5.2 -8.045
2 24 2.517 -8.286 2.036 1.369 -8.286 2.3
2 24 1.369 -8.286 2.3 -0.107 -8.286 2.411
2 24 1.626 -10.115 2.782 2.802 -10.072 2.389
2 24 -0.379 -10.141 3.022 1.626 -10.115 2.782
2 24 3.788 -8.286 1.542 2.517 -8.286 2.036
2 24 2.802 -10.072 2.389 3.926 -10.012 1.838
2 24 6.008 -8.286 0.057 3.788 -8.286 1.542
2 24 3.926 -10.012 1.838 6.238 -9.97 0.218
2 24 6.72 -8.286 -0.519 6.008 -8.286 0.057
2 24 6.238 -9.97 0.218 6.887 -9.926 -0.367
2 24 6.887 -9.926 -0.367 7.665 -9.936 -0.985
2 24 7.605 -8.286 -1.237 6.72 -8.286 -0.519
2 24 7.665 -9.936 -0.985 8.475 -9.852 -1.727
2 24 8.59 -8.286 -2.035 7.605 -8.286 -1.237
2 24 8.967 -9.251 -2.227 9.011 -8.286 -2.371
2 24 9.011 -8.286 -2.371 8.59 -8.286 -2.035
2 24 8.82 -9.657 -2.031 8.967 -9.251 -2.227
2 24 8.475 -9.852 -1.727 8.82 -9.657 -2.031
2 24 -1.661 -10.124 2.846 -0.379 -10.141 3.022
2 24 -1.489 -8.286 2.313 -2.708 -8.286 2.038
2 24 -0.107 -8.286 2.411 -1.489 -8.286 2.313
2 24 -2.951 -10.057 2.373 -1.661 -10.124 2.846
2 24 -2.708 -8.286 2.038 -4.025 -8.286 1.525
2 24 -4.142 -9.962 1.762 -2.951 -10.057 2.373
2 24 -6.175 -9.801 0.176 -4.142 -9.962 1.762
2 24 -4.025 -8.286 1.525 -6.161 -8.286 0.093
2 24 -8.829 -9.633 -1.962 -6.175 -9.801 0.176
2 24 -6.161 -8.286 0.093 -9.05 -8.286 -2.223
2 24 -9.65 -9.196 -2.207 -8.829 -9.633 -1.962
2 24 -9.05 -8.286 -2.223 -9.661 -8.286 -2.511
2 24 -9.661 -8.286 -2.511 -9.65 -9.196 -2.207
2 24 6.956 -9.44 2.317 8.178 -9.237 1.185
2 24 8.178 -9.237 1.185 9.131 -9.081 0.31
2 24 3.939 -10.14 4.796 5.641 -9.921 3.729
2 24 5.641 -9.921 3.729 6.956 -9.44 2.317
2 24 9.131 -9.081 0.31 9.817 -9.074 -0.388
2 24 9.817 -9.074 -0.388 10.034 -9.09 -1.006
2 24 10.034 -9.09 -1.006 9.92 -9.155 -1.611
2 24 9.92 -9.155 -1.611 9.558 -9.101 -2.177
2 24 9.558 -9.101 -2.177 8.82 -9.657 -2.031
2 24 1.989 -10.156 5.37 3.939 -10.14 4.796
2 24 -0.027 -10.156 5.557 1.989 -10.156 5.37
2 24 -1.99 -10.156 5.287 -0.027 -10.156 5.557
2 24 -3.808 -10.156 4.648 -1.99 -10.156 5.287
2 24 -5.48 -10.079 3.724 -3.808 -10.156 4.648
2 24 -9.838 -9.208 -0.217 -9.072 -9.257 0.506
2 24 -10.146 -8.983 -1.464 -9.838 -9.208 -0.217
2 24 -9.072 -9.257 0.506 -7.998 -9.425 1.454
2 24 -7.998 -9.425 1.454 -6.798 -9.674 2.55
2 24 -6.798 -9.674 2.55 -5.48 -10.079 3.724
2 24 -9.65 -9.196 -2.207 -10.146 -8.983 -1.464
2 24 8.671 -8.281 -4.078 8.006 -8.281 -3.546
2 24 9.011 -8.286 -2.371 9.528 -8.132 -2.95
2 24 9.528 -8.132 -2.95 9.07 -8.338 -4.207
2 24 9.07 -8.338 -4.207 8.671 -8.281 -4.078
2 24 8.006 -8.281 -3.546 6.687 -8.281 -2.465
2 24 6.687 -8.281 -2.465 5.842 -8.281 -1.779
2 24 5.842 -8.281 -1.779 5.111 -8.281 -1.188
2 24 5.111 -8.281 -1.188 3.064 -8.281 0.19
2 24 3.064 -8.281 0.19 2.298 -8.281 0.456
2 24 2.298 -8.281 0.456 1.798 -8.281 0.313
2 24 -2.032 -8.281 0.341 -2.496 -8.281 0.452
2 24 -2.496 -8.281 0.452 -3.276 -8.281 0.183
2 24 -3.276 -8.281 0.183 -5.296 -8.281 -1.177
2 24 -5.296 -8.281 -1.177 -5.973 -8.281 -1.723
2 24 -5.973 -8.281 -1.723 -6.932 -8.281 -2.502
2 24 -6.932 -8.281 -2.502 -8.22 -8.281 -3.546
2 24 -8.22 -8.281 -3.546 -8.86 -8.281 -4.065
2 24 -8.86 -8.281 -4.065 -9.285 -8.338 -4.207
2 24 -9.285 -8.338 -4.207 -9.645 -8.185 -2.978
2 24 -0.114 -9.982 -4.288 1.004 -10.315 -3.932
2 24 1.004 -10.315 -3.932 1.518 -10.448 -3.565
2 24 1.518 -10.448 -3.565 2.031 -10.252 -2.822
2 24 2.031 -10.252 -2.822 2.168 -10.123 -2.149
2 24 2.168 -10.123 -2.149 2.159 -9.98 -1.057
2 24 2.159 -9.98 -1.057 2.04 -9.987 -0.646
2 24 2.04 -9.987 -0.646 1.999 -10.015 -0.305
2 24 1.999 -10.015 -0.305 2.164 -10.011 -0.014
2 24 2.164 -10.011 -0.014 2.552 -10.022 0.041
2 24 2.552 -10.022 0.041 3.203 -10.017 -0.188
2 24 3.203 -10.017 -0.188 4.621 -10.246 -0.917
2 24 4.621 -10.246 -0.917 5.185 -10.52 -1.377
2 24 5.826 -10.839 -2.455 4.809 -11.026 -1.467
2 24 5.185 -10.52 -1.377 6.202 -10.304 -2.183
2 24 7.405 -10.518 -3.844 5.826 -10.839 -2.455
2 24 6.202 -10.304 -2.183 7.637 -10.102 -3.416
2 24 8.051 -10.255 -4.451 7.405 -10.518 -3.844
2 24 7.637 -10.102 -3.416 8.309 -9.837 -3.936
2 24 4.809 -11.026 -1.467 3.713 -10.967 -1.304
2 24 3.713 -10.967 -1.304 2.937 -10.93 -1.614
2 24 2.937 -10.93 -1.614 2.642 -10.82 -2.126
2 24 2.642 -10.82 -2.126 2.346 -10.702 -3.113
2 24 2.346 -10.702 -3.113 1.739 -10.713 -3.932
2 24 1.739 -10.713 -3.932 1.072 -10.679 -4.776
2 24 1.072 -10.679 -4.776 -0.098 -10.595 -5.909
2 24 -0.098 -10.595 -5.909 -0.114 -9.982 -4.288
2 24 8.729 -9.461 -4.331 8.309 -9.837 -3.936
2 24 9.07 -8.338 -4.207 8.729 -9.461 -4.331
2 24 1.527 -8.281 -0.215 1.798 -8.281 0.313
2 24 1.783 -8.281 -0.977 1.527 -8.281 -0.215
2 24 1.974 -8.281 -1.724 1.783 -8.281 -0.977
2 24 1.905 -8.281 -2.49 1.974 -8.281 -1.724
2 24 1.631 -8.281 -3.065 1.905 -8.281 -2.49
2 24 1.154 -8.281 -3.568 1.631 -8.281 -3.065
2 24 0.523 -8.281 -3.885 1.154 -8.281 -3.568
2 24 -0.107 -8.281 -3.98 0.523 -8.281 -3.885
2 24 -1.729 -8.281 -0.438 -1.74 -8.281 -0.015
2 24 -1.74 -8.281 -0.015 -2.032 -8.281 0.341
2 24 -1.957 -8.281 -0.914 -1.729 -8.281 -0.438
2 24 -2.185 -8.281 -1.714 -1.957 -8.281 -0.914
2 24 -2.11 -8.281 -2.51 -2.185 -8.281 -1.714
2 24 -1.846 -8.281 -3.065 -2.11 -8.281 -2.51
2 24 -1.368 -8.281 -3.56 -1.846 -8.281 -3.065
2 24 -0.737 -8.281 -3.882 -1.368 -8.281 -3.56
2 24 -0.107 -8.281 -3.98 -0.737 -8.281 -3.882
2 24 9.616 -8.42 -2.515 9.528 -8.132 -2.95
2 24 9.011 -8.286 -2.371 9.616 -8.42 -2.515
2 24 9.558 -9.101 -2.177 9.616 -8.42 -2.515
2 24 5.725 -13.124 -3.615 4.401 -13.132 -2.241
2 24 7.331 -13.103 -5.261 5.725 -13.124 -3.615
2 24 4.401 -13.132 -2.241 4.084 -13.132 -2.113
2 24 3.607 -12.075 -1.431 4.523 -12.101 -1.552
2 24 4.084 -13.132 -2.113 3.778 -13.138 -2.172
2 24 3.778 -13.138 -2.172 3.576 -13.141 -2.433
2 24 2.967 -12.058 -1.811 3.607 -12.075 -1.431
2 24 3.576 -13.141 -2.433 3.566 -13.161 -2.88
2 24 2.818 -11.906 -2.461 2.967 -12.058 -1.811
2 24 3.566 -13.161 -2.88 3.059 -13.228 -3.906
2 24 2.366 -11.882 -3.499 2.818 -11.906 -2.461
2 24 1.712 -11.888 -4.362 2.366 -11.882 -3.499
2 24 3.059 -13.228 -3.906 2.003 -13.369 -5.26
2 24 1.065 -11.861 -5.211 1.712 -11.888 -4.362
2 24 2.003 -13.369 -5.26 1.121 -13.489 -6.389
2 24 -0.094 -11.822 -6.388 1.065 -11.861 -5.211
2 24 1.121 -13.489 -6.389 0.2 -13.591 -7.525
2 24 0.2 -13.591 -7.525 -0.301 -13.641 -7.744
2 24 -0.301 -13.641 -7.744 -0.094 -11.822 -6.388
2 24 9.464 -11.126 -7.617 7.331 -13.103 -5.261
2 24 11.121 -9.43 -9.297 9.464 -11.126 -7.617
2 24 8.051 -10.255 -4.451 8.551 -9.739 -5.097
2 24 8.551 -9.739 -5.097 8.881 -8.632 -5.65
2 24 8.881 -8.632 -5.65 9.477 -5.2 -5.982
2 24 9.477 -5.2 -5.982 10.503 -5.2 -7.511
2 24 10.503 -5.2 -7.511 10.976 -5.2 -8.584
2 24 10.976 -5.2 -8.584 11.03 -5.2 -8.801
2 24 11.03 -5.2 -8.801 11.199 -5.823 -9.401
2 24 11.199 -5.823 -9.401 11.121 -9.43 -9.297
2 24 -9.724 -11.127 -7.248 -10.861 -9.402 -8.394
2 24 -10.456 -5.2 -6.648 -10.032 -5.2 -6.115
2 24 -10.874 -5.2 -8.045 -10.456 -5.2 -6.648
2 24 -9.681 -5.2 -5.228 -9.956 -5.2 -4.37
2 24 -9.956 -5.2 -4.37 -10.331 -5.2 -3.198
2 24 -9.743 -5.2 -5.739 -9.681 -5.2 -5.228
2 24 -10.032 -5.2 -6.115 -9.743 -5.2 -5.739
2 24 -10.331 -5.2 -3.198 -10.746 -5.2 -1.921
2 24 -10.746 -5.2 -1.921 -10.712 -5.2 -1.264
2 24 -10.712 -5.2 -1.264 -10.319 -8.349 -0.976
2 24 -9.661 -8.286 -2.511 -9.645 -8.185 -2.978
2 24 -0.301 -13.641 -7.744 -0.685 -13.651 -7.466
2 24 -0.685 -13.651 -7.466 -1.133 -13.607 -6.474
2 24 -0.87 -11.872 -5.401 -0.094 -11.822 -6.388
2 24 -1.133 -13.607 -6.474 -1.483 -13.561 -5.538
2 24 -1.327 -11.897 -4.634 -0.87 -11.872 -5.401
2 24 -2.188 -11.917 -3.695 -1.327 -11.897 -4.634
2 24 -1.483 -13.561 -5.538 -4.185 -13.536 -2.775
2 24 -2.975 -11.931 -2.958 -2.188 -11.917 -3.695
2 24 -4.207 -11.984 -1.857 -2.975 -11.931 -2.958
2 24 -4.185 -13.536 -2.775 -4.777 -13.53 -2.325
2 24 -4.777 -13.53 -2.325 -4.814 -12.638 -1.875
2 24 -4.814 -12.638 -1.875 -5.04 -12.152 -1.676
2 24 -5.04 -12.152 -1.676 -4.207 -11.984 -1.857
2 24 -2.261 -9.99 -0.676 -2.209 -10.022 -0.304
2 24 -2.209 -10.022 -0.304 -2.369 -10.011 -0.009
2 24 -2.369 -10.011 -0.009 -2.67 -10.008 0.075
2 24 -2.67 -10.008 0.075 -3.371 -9.987 -0.185
2 24 -3.371 -9.987 -0.185 -4.812 -10.182 -0.958
2 24 -2.423 -9.959 -1.146 -2.261 -9.99 -0.676
2 24 -2.455 -10.064 -2.187 -2.423 -9.959 -1.146
2 24 -2.246 -10.252 -2.822 -2.455 -10.064 -2.187
2 24 -4.812 -10.182 -0.958 -5.4 -10.52 -1.377
2 24 -5.4 -10.52 -1.377 -6.416 -10.304 -2.183
2 24 -6.416 -10.304 -2.183 -8.181 -10.128 -3.653
2 24 -8.181 -10.128 -3.653 -8.607 -9.933 -4.025
2 24 -8.607 -9.933 -4.025 -8.959 -9.501 -4.336
2 24 -8.959 -9.501 -4.336 -9.285 -8.338 -4.207
2 24 -1.732 -10.448 -3.565 -2.246 -10.252 -2.822
2 24 -1.219 -10.315 -3.932 -1.732 -10.448 -3.565
2 24 -0.114 -9.982 -4.288 -1.219 -10.315 -3.932
2 24 10.654 -5.2 -1.403 10.034 -9.09 -1.006
2 24 10.294 -5.2 -0.713 10.654 -5.2 -1.403
2 24 -10.146 -8.983 -1.464 -10.319 -8.349 -0.976
2 24 -10.712 -5.2 -1.264 -10.329 -5.2 -0.697
2 24 -10.329 -5.2 -0.697 -9.194 -5.2 0.4
2 24 -9.194 -5.2 0.4 -8.411 -5.2 1.303
2 24 -8.411 -5.2 1.303 -7.3912 -5.2 3.0616
2 24 -5.6568 -5.2 5.6568 -3.0616 -5.2 7.3912
2 24 -3.0616 -5.2 7.3912 0 -5.2 8
2 24 0 -5.2 8 3.0616 -5.2 7.3912
2 24 3.0616 -5.2 7.3912 5.6568 -5.2 5.6568
2 24 5.6568 -5.2 5.6568 7.3912 -5.2 3.0616
2 24 7.3912 -5.2 3.0616 8.559 -5.2 1.065
2 24 8.559 -5.2 1.065 9.299 -5.2 0.245
2 24 9.299 -5.2 0.245 10.294 -5.2 -0.713
2 24 10.654 -5.2 -1.403 10.577 -5.2 -2.121
2 24 10.577 -5.2 -2.121 10.259 -5.2 -3.066
2 24 10.259 -5.2 -3.066 9.702 -5.2 -4.714
2 24 9.702 -5.2 -4.714 9.477 -5.2 -5.982
2 24 -5.259 -10.688 -1.386 -5.4 -10.52 -1.377
2 24 -4.576 -10.834 -1.42 -5.12 -11.012 -1.522
2 24 -5.12 -11.012 -1.522 -5.259 -10.688 -1.386
2 24 -4.1 -10.781 -1.639 -4.576 -10.834 -1.42
2 24 -3.023 -10.761 -2.633 -4.1 -10.781 -1.639
2 24 -2.546 -10.821 -3.128 -3.023 -10.761 -2.633
2 24 -1.634 -10.848 -4.017 -2.546 -10.821 -3.128
2 24 -1.147 -10.803 -4.576 -1.634 -10.848 -4.017
2 24 -0.098 -10.595 -5.909 -1.147 -10.803 -4.576
2 24 -0.094 -11.822 -6.388 -0.098 -10.595 -5.909
2 24 -5.269 -11.341 -1.659 -5.964 -11.349 -2.519
2 24 -5.12 -11.012 -1.522 -5.269 -11.341 -1.659
2 24 -5.964 -11.349 -2.519 -5.914 -11.979 -2.891
2 24 -5.914 -11.979 -2.891 -6.043 -12.421 -3.559
2 24 -6.043 -12.421 -3.559 -8.54 -12.335 -6.12
2 24 -8.54 -12.335 -6.12 -9.724 -11.127 -7.248
2 24 -5.269 -11.341 -1.659 -5.04 -12.152 -1.676
2 24 -5.374 -13.505 -2.884 -6.043 -12.421 -3.559
2 24 -4.777 -13.53 -2.325 -5.374 -13.505 -2.884
2 24 -7.827 -13.194 5.64 -8.325 -12.01 6.343
2 24 -8.325 -12.01 6.343 -8.533 -10.965 6.291
2 24 -8.533 -10.965 6.291 -7.183 -13.695 4.615
2 24 -7.145 -14.519 4.792 -7.827 -13.194 5.64
2 24 -7.183 -13.695 4.615 -7.145 -14.519 4.792
2 24 -8.286 -14.299 3.495 -9.336 -14.3 2.263
2 24 -9.336 -14.3 2.263 -8.889 -15.04 2.275
2 24 -7.145 -14.519 4.792 -8.286 -14.299 3.495
2 24 -8.889 -15.04 2.275 -6.596 -15.145 4.637
2 24 -6.596 -15.145 4.637 -5.376 -15.149 5.776
2 24 -6.651 -11.848 8.109 -8.325 -12.01 6.343
2 24 -4.317 -11.805 10.314 -6.651 -11.848 8.109
2 24 -5.376 -15.149 5.776 -3.688 -15.088 7.394
2 24 -1.95 -11.771 12.499 -4.317 -11.805 10.314
2 24 -3.688 -15.088 7.394 -1.798 -15.122 9.204
2 24 -1.798 -15.122 9.204 -0.155 -15.065 10.703
2 24 -0.155 -15.065 10.703 0.035 -11.649 13.929
2 24 0.035 -11.649 13.929 -1.95 -11.771 12.499
2 24 -9.336 -14.3 2.263 -6.459 -14.499 -0.568
2 24 -4.625 -14.886 1.247 -3.798 -15.041 2.061
2 24 -3.798 -15.041 2.061 -2.358 -15.19 3.488
2 24 -2.358 -15.19 3.488 -0.587 -15.029 5.158
2 24 -0.587 -15.029 5.158 3.005 -15.291 1.696
2 24 6.023 -15.164 4.685 -0.155 -15.065 10.703
2 24 3.005 -15.291 1.696 6.023 -15.164 4.685
2 24 -6.459 -14.499 -0.568 -4.783 -14.43 -2.156
2 24 -4.783 -14.43 -2.156 -2.177 -14.386 -4.611
2 24 -2.177 -14.386 -4.611 -1.472 -14.343 -5.448
2 24 -1.472 -14.343 -5.448 -1.079 -14.41 -6.369
2 24 -0.39 -14.658 -2.083 -3.601 -14.722 1.318
2 24 0.182 -14.452 -7.389 1.115 -14.328 -6.208
2 24 1.115 -14.328 -6.208 1.982 -14.219 -5.071
2 24 1.982 -14.219 -5.071 2.991 -14.067 -3.717
2 24 2.991 -14.067 -3.717 3.502 -13.877 -2.692
2 24 3.502 -13.877 -2.692 3.164 -14.157 -1.888
2 24 -0.312 -14.488 -7.668 0.182 -14.452 -7.389
2 24 -0.682 -14.477 -7.289 -0.312 -14.488 -7.668
2 24 3.164 -14.157 -1.888 2.52 -14.485 0.538
2 24 2.52 -14.485 0.538 1.287 -14.669 -0.685
2 24 1.287 -14.669 -0.685 -0.39 -14.658 -2.083
2 24 -1.079 -14.41 -6.369 -0.682 -14.477 -7.289
2 24 -13.183 -10.175 1.735 -14.75 -9.097 0.092
2 24 -14.75 -9.097 0.092 -12.953 -11.63 0.148
2 24 -12.953 -11.63 0.148 -11.096 -13.917 0.304
2 24 -11.096 -13.917 0.304 -9.435 -13.926 2.293
2 24 -11.956 -10.604 2.953 -13.183 -10.175 1.735
2 24 -10.171 -10.901 4.677 -11.956 -10.604 2.953
2 24 -9.435 -13.926 2.293 -8.367 -13.797 3.46
2 24 -8.533 -10.965 6.291 -10.171 -10.901 4.677
2 24 -8.367 -13.797 3.46 -7.183 -13.695 4.615
2 24 -0.301 -13.641 -7.744 -0.312 -14.488 -7.668
2 24 -4.832 -13.954 -2.236 -4.777 -13.53 -2.325
2 24 -6.53 -14.159 -0.608 -4.832 -13.954 -2.236
2 24 -9.336 -14.3 2.263 -9.435 -13.926 2.293
2 24 -9.435 -13.926 2.293 -6.53 -14.159 -0.608
2 24 -8.697 -13.891 -5.818 -10.214 -11.561 -7.422
2 24 -10.214 -11.561 -7.422 -11.631 -9.159 -8.761
2 24 -10.922 -5.833 -8.616 -10.861 -9.402 -8.394
2 24 -11.631 -9.159 -8.761 -11.622 -5.822 -8.954
2 24 -11.622 -5.822 -8.954 -10.922 -5.833 -8.616
2 24 -5.585 -13.9 -2.862 -8.697 -13.891 -5.818
2 24 -4.832 -13.954 -2.236 -5.585 -13.9 -2.862
2 24 -11.096 -13.917 0.304 -9.946 -13.878 -3.024
2 24 -9.946 -13.878 -3.024 -8.697 -13.891 -5.818
2 24 3.502 -13.877 -2.692 3.492 -13.562 -2.216
2 24 3.492 -13.562 -2.216 3.331 -13.863 -1.569
2 24 3.331 -13.863 -1.569 2.924 -13.943 0.529
2 24 2.924 -13.943 0.529 2.52 -14.485 0.538
2 24 3.77 -13.533 -1.954 4.134 -13.544 -1.966
2 24 3.492 -13.562 -2.216 3.77 -13.533 -1.954
2 24 4.134 -13.544 -1.966 4.538 -13.54 -2.186
2 24 4.538 -13.54 -2.186 5.87 -13.499 -3.49
2 24 5.87 -13.499 -3.49 7.458 -13.408 -5.154
2 24 7.458 -13.408 -5.154 9.939 -13.637 -1.377
2 24 9.939 -13.637 -1.377 10.999 -13.647 0.214
2 24 10.999 -13.647 0.214 8.612 -13.838 2.667
2 24 8.612 -13.838 2.667 6.699 -13.94 4.646
2 24 6.699 -13.94 4.646 5.304 -14.014 3.271
2 24 5.304 -14.014 3.271 2.924 -13.943 0.529
2 24 -14.75 -9.097 0.092 -13.38 -9.1 -4.516
2 24 -13.38 -9.1 -4.516 -11.631 -9.159 -8.761
2 24 8.062 -11.174 6.449 0.035 -11.649 13.929
2 24 8.031 -5.823 6.655 4.669 -5.823 9.866
2 24 4.669 -5.823 9.866 0.002 -5.823 14.097
2 24 0.002 -5.823 14.097 0.035 -11.649 13.929
2 24 8.062 -11.174 6.449 8.325 -11.168 6.162
2 24 8.325 -11.168 6.162 10.814 -10.809 3.68
2 24 11.067 -5.823 3.679 8.031 -5.823 6.655
2 24 10.814 -10.809 3.68 14.477 -9.725 -0.162
2 24 14.477 -9.725 -0.162 14.766 -5.823 -0.25
2 24 14.766 -5.823 -0.25 11.067 -5.823 3.679
2 24 3.576 -13.141 -2.433 3.492 -13.562 -2.216
2 24 7.331 -13.103 -5.261 7.458 -13.408 -5.154
2 24 9.718 -11.413 -7.515 7.458 -13.408 -5.154
2 24 11.121 -9.43 -9.297 11.552 -9.408 -9.234
2 24 11.552 -9.408 -9.234 9.718 -11.413 -7.515
2 24 11.199 -5.823 -9.401 11.67 -5.823 -9.346
2 24 11.67 -5.823 -9.346 11.552 -9.408 -9.234
2 24 11.316 -5.2 -8.685 11.67 -5.823 -9.346
2 24 11.03 -5.2 -8.801 11.316 -5.2 -8.685
2 24 -0.073 -5.2 13.445 4.201 -5.2 9.458
2 24 -1.451 -5.2 12.312 -0.073 -5.2 13.445
2 24 -3.933 -5.2 9.955 -1.451 -5.2 12.312
2 24 -6.372 -5.2 7.64 -3.933 -5.2 9.955
2 24 -8.413 -5.2 5.733 -6.372 -5.2 7.64
2 24 4.201 -5.2 9.458 7.528 -5.2 6.249
2 24 7.528 -5.2 6.249 10.288 -5.2 3.538
2 24 10.288 -5.2 3.538 14.139 -5.2 -0.392
2 24 14.139 -5.2 -0.392 13.383 -5.2 -3.152
2 24 -5.6568 -5.2 5.6568 -7.3912 -5.2 3.0616
2 24 -10.325 -5.2 3.892 -8.413 -5.2 5.733
2 24 -11.485 -5.2 2.762 -10.325 -5.2 3.892
2 24 -12.616 -5.2 1.589 -11.485 -5.2 2.762
2 24 -14.123 -5.2 -0.064 -12.616 -5.2 1.589
2 24 13.383 -5.2 -3.152 12.743 -5.2 -5.111
2 24 12.743 -5.2 -5.111 11.669 -5.2 -8.242
2 24 11.669 -5.2 -8.242 11.316 -5.2 -8.685
2 24 -12.778 -5.2 -4.329 -14.123 -5.2 -0.064
2 24 -11.396 -5.2 -7.965 -12.778 -5.2 -4.329
2 24 -10.874 -5.2 -8.045 -11.396 -5.2 -7.965
2 24 -0.073 -5.2 13.445 0.002 -5.823 14.097
2 24 14.766 -5.823 -0.25 14.139 -5.2 -0.392
2 24 14.042 -5.823 -3.175 11.67 -5.823 -9.346
2 24 14.766 -5.823 -0.25 14.042 -5.823 -3.175
2 24 -0.587 -15.029 5.158 -0.621 -14.851 4.364
2 24 -0.621 -14.851 4.364 -1.928 -14.831 2.991
2 24 -0.257 -15.279 -1.312 1.212 -15.302 -0.09
2 24 -1.928 -14.831 2.991 -3.334 -14.788 1.576
2 24 -3.334 -14.788 1.576 -0.257 -15.279 -1.312
2 24 1.212 -15.302 -0.09 3.005 -15.291 1.696
2 24 -14.123 -5.2 -0.064 -14.828 -5.823 0.094
2 24 -14.828 -5.823 0.094 -13.118 -5.823 2.027
2 24 -13.118 -5.823 2.027 -11.887 -5.823 3.262
2 24 -11.887 -5.823 3.262 -10.78 -5.823 4.363
2 24 -10.78 -5.823 4.363 -8.855 -5.823 6.213
2 24 -8.855 -5.823 6.213 -6.815 -5.823 8.159
2 24 -6.815 -5.823 8.159 -4.429 -5.823 10.427
2 24 -4.429 -5.823 10.427 -1.882 -5.823 12.803
2 24 -1.882 -5.823 12.803 0.002 -5.823 14.097
2 24 8.325 -11.168 6.162 6.699 -13.94 4.646
2 24 10.999 -13.647 0.214 12.88 -11.643 -0.065
2 24 12.88 -11.643 -0.065 14.477 -9.725 -0.162
2 24 -14.828 -5.823 0.094 -14.75 -9.097 0.092
2 24 -0.257 -15.279 -1.312 -0.39 -14.658 -2.083
2 24 -14.828 -5.823 0.094 -13.488 -5.823 -4.518
2 24 -13.488 -5.823 -4.518 -11.622 -5.822 -8.954
2 24 13.956 -9.596 -3.056 14.477 -9.725 -0.162
2 24 11.552 -9.408 -9.234 13.956 -9.596 -3.056
2 24 -11.396 -5.2 -7.965 -11.622 -5.822 -8.954
2 24 -10.874 -5.2 -8.045 -10.922 -5.833 -8.616
2 24 6.023 -15.164 4.685 8.062 -11.174 6.449
2 24 -6.065 -14.853 -0.193 -4.625 -14.886 1.247
2 24 -6.065 -14.853 -0.193 -3.601 -14.722 1.318
2 24 -3.601 -14.722 1.318 -3.334 -14.788 1.576
2 24 -0.621 -14.851 4.364 3.005 -15.291 1.696
5 24 1.369 -8.286 2.3 1.414 -9.668 2.355 -0.107 -8.286 2.411 2.517 -8.286 2.036
5 24 3.84 -9.669 1.588 2.802 -10.072 2.389 3.926 -10.012 1.838 2.614 -9.682 2.076
5 24 2.802 -10.072 2.389 2.614 -9.682 2.076 3.84 -9.669 1.588 1.626 -10.115 2.782
5 24 -2.275 -9.257 6.797 -0.03 -9.329 7.091 0 -5.2 8 -0.027 -10.156 5.557
5 24 -11.096 -13.917 0.304 -6.53 -14.159 -0.608 -9.946 -13.878 -3.024 -9.435 -13.926 2.293
5 24 -4.814 -12.638 -1.875 -5.663 -12.554 -2.534 -5.629 -12.14 -2.081 -4.777 -13.53 -2.325
5 24 11.03 -5.2 -8.801 11.67 -5.823 -9.346 11.316 -5.2 -8.685 11.199 -5.823 -9.401
5 24 -10.032 -5.2 -6.115 -10.285 -8.226 -6.584 -10.456 -5.2 -6.648 -9.4235 -8.11 -5.534
5 24 -5.585 -13.9 -2.862 -5.374 -13.505 -2.884 -4.832 -13.954 -2.236 -8.697 -13.891 -5.818
5 24 -10.319 -8.349 -0.976 -9.838 -9.208 -0.217 -10.146 -8.983 -1.464 -10.712 -5.2 -1.264
5 24 -11.666 -11.589 -3.762 -9.946 -13.878 -3.024 -11.096 -13.917 0.304 -8.697 -13.891 -5.818
5 24 -0.141 -14.768 -5.29 -0.477 -14.831 -6.376 0.207 -14.765 -6.315 -0.805 -14.826 -5.785
5 24 2.937 -10.93 -1.614 3.607 -12.075 -1.431 3.713 -10.967 -1.304 2.967 -12.058 -1.811
5 24 -0.39 -14.658 -2.083 -1.834 -14.774 -4.279 -0.141 -14.768 -5.29 -4.596 -14.8 -1.607
5 24 -2.246 -10.252 -2.822 -2.546 -10.821 -3.128 -3.023 -10.761 -2.633 -1.732 -10.448 -3.565
5 24 -1.469 -9.608 2.346 -1.661 -10.124 2.846 -2.798 -9.561 2.014 -0.379 -10.141 3.022
5 24 8.181 -11.27 -5.499 8.051 -10.255 -4.451 8.551 -9.739 -5.097 7.445 -11.763 -4.605
5 24 -9.435 -13.926 2.293 -10.171 -10.901 4.677 -8.367 -13.797 3.46 -11.956 -10.604 2.953
5 24 4.809 -11.026 -1.467 5.733 -12.065 -2.834 4.523 -12.101 -1.552 5.826 -10.839 -2.455
5 24 -8.092 -11.898 -5.092 -8.54 -12.335 -6.12 -8.6 -11.84 -5.469 -6.043 -12.421 -3.559
5 24 5.733 -12.065 -2.834 7.405 -10.518 -3.844 5.826 -10.839 -2.455 7.445 -11.763 -4.605
5 24 -5.04 -12.152 -1.676 -4.576 -10.834 -1.42 -4.207 -11.984 -1.857 -5.269 -11.341 -1.659
5 24 -1.133 -13.607 -6.474 -0.87 -11.872 -5.401 -0.685 -13.651 -7.466 -1.483 -13.561 -5.538
5 24 9.817 -9.074 -0.388 10.654 -5.2 -1.403 10.294 -5.2 -0.713 10.034 -9.09 -1.006
5 24 -5.663 -12.554 -2.534 -4.777 -13.53 -2.325 -4.814 -12.638 -1.875 -5.374 -13.505 -2.884
5 24 -0.113 -10.156 4.16 1.626 -10.115 2.782 1.744 -10.156 4.005 -0.379 -10.141 3.022
5 24 3.059 -13.228 -3.906 2.366 -11.882 -3.499 1.712 -11.888 -4.362 2.818 -11.906 -2.461
5 24 -1.079 -14.41 -6.369 -0.805 -14.826 -5.785 -1.472 -14.343 -5.448 -0.477 -14.831 -6.376
5 24 3.566 -13.161 -2.88 2.967 -12.058 -1.811 2.818 -11.906 -2.461 3.576 -13.141 -2.433
5 24 -2.246 -10.252 -2.822 -1.846 -8.281 -3.065 -1.732 -10.448 -3.565 -2.11 -8.281 -2.51
5 24 -3.0616 -5.2 7.3912 -2.275 -9.257 6.797 -4.266 -9.063 5.939 0 -5.2 8
5 24 -10.712 -5.2 -1.264 -10.452 -6.575 -2.056 -10.319 -8.349 -0.976 -10.746 -5.2 -1.921
5 24 9.939 -13.637 -1.377 7.167 -13.82 1.072 4.874 -13.729 -1.707 10.999 -13.647 0.214
5 24 -1.882 -5.823 12.803 0.035 -11.649 13.929 -1.95 -11.771 12.499 0.002 -5.823 14.097
5 24 7.405 -10.518 -3.844 7.445 -11.763 -4.605 5.733 -12.065 -2.834 8.051 -10.255 -4.451
5 24 -10.712 -5.2 -1.264 -9.838 -9.208 -0.217 -10.319 -8.349 -0.976 -10.329 -5.2 -0.697
5 24 -1.932 -13.428 10.864 -1.95 -11.771 12.499 0.035 -11.649 13.929 -4.317 -11.805 10.314
5 24 -3.371 -9.987 -0.185 -4.52 -10.473 -1.143 -4.812 -10.182 -0.958 -3.934 -10.476 -1.453
5 24 -12.616 -5.2 1.589 -13.118 -5.823 2.027 -11.485 -5.2 2.762 -14.123 -5.2 -0.064
5 24 1.065 -11.861 -5.211 1.072 -10.679 -4.776 -0.098 -10.595 -5.909 1.712 -11.888 -4.362
5 24 -0.03 -9.329 7.091 0 -5.2 8 -2.275 -9.257 6.797 2.235 -9.251 6.772
5 24 -5.48 -10.079 3.724 -3.384 -10.156 3.448 -3.808 -10.156 4.648 -4.845 -10.156 2.577
5 24 -1.469 -9.608 2.346 -0.206 -9.714 2.492 -0.107 -8.286 2.411 -0.379 -10.141 3.022
5 24 -0.107 -8.286 2.411 -0.206 -9.714 2.492 1.414 -9.668 2.355 -1.469 -9.608 2.346
5 24 -7.998 -9.425 1.454 -6.314 -10.13 1.423 -6.798 -9.674 2.55 -7.43 -10.103 0.476
5 24 -3.371 -9.987 -0.185 -3.934 -10.476 -1.453 -2.455 -10.064 -2.187 -4.52 -10.473 -1.143
5 24 2.818 -11.906 -2.461 2.937 -10.93 -1.614 2.642 -10.82 -2.126 2.967 -12.058 -1.811
5 24 -3.601 -14.722 1.318 -3.798 -15.041 2.061 -4.625 -14.886 1.247 -3.334 -14.788 1.576
5 24 -5.973 -8.281 -1.723 -6.416 -10.304 -2.183 -5.4 -10.52 -1.377 -6.932 -8.281 -2.502
5 24 -10.294 -7.676 -1.918 -10.452 -6.575 -2.056 -9.645 -8.185 -2.978 -10.319 -8.349 -0.976
5 24 2.818 -11.906 -2.461 2.346 -10.702 -3.113 2.366 -11.882 -3.499 2.642 -10.82 -2.126
5 24 -3.798 -15.041 2.061 -5.376 -15.149 5.776 -2.358 -15.19 3.488 -6.596 -15.145 4.637
5 24 -4.266 -9.063 5.939 -3.0616 -5.2 7.3912 -2.275 -9.257 6.797 -5.6568 -5.2 5.6568
5 24 -4.185 -13.536 -2.775 -2.188 -11.917 -3.695 -2.975 -11.931 -2.958 -1.483 -13.561 -5.538
5 24 -2.177 -14.386 -4.611 -1.483 -13.561 -5.538 -4.185 -13.536 -2.775 -1.472 -14.343 -5.448
5 24 -0.027 -10.156 5.557 -0.03 -9.329 7.091 -2.275 -9.257 6.797 1.989 -10.156 5.37
5 24 -10.285 -8.226 -6.584 -9.246 -9.816 -5.578 -9.4235 -8.11 -5.534 -10.684 -8.708 -7.473
5 24 2.52 -14.485 0.538 1.212 -15.302 -0.09 3.005 -15.291 1.696 1.287 -14.669 -0.685
5 24 11.669 -5.2 -8.242 11.67 -5.823 -9.346 14.042 -5.823 -3.175 11.316 -5.2 -8.685
5 24 -11.666 -11.589 -3.762 -11.096 -13.917 0.304 -9.946 -13.878 -3.024 -12.953 -11.63 0.148
5 24 8.325 -11.168 6.162 6.023 -15.164 4.685 8.062 -11.174 6.449 6.699 -13.94 4.646
5 24 4.401 -13.132 -2.241 4.523 -12.101 -1.552 5.733 -12.065 -2.834 4.084 -13.132 -2.113
5 24 -1.928 -14.831 2.991 -3.798 -15.041 2.061 -2.358 -15.19 3.488 -3.334 -14.788 1.576
5 24 -8.532 -10.534 -4.795 -8.901 -11.592 -5.803 -8.6 -11.84 -5.469 -8.822 -10.161 -5.0125
5 24 2.481 -10.551 -1.948 2.031 -10.252 -2.822 2.642 -10.82 -2.126 2.168 -10.123 -2.149
5 24 8.967 -9.251 -2.227 8.475 -9.852 -1.727 8.82 -9.657 -2.031 8.59 -8.286 -2.035
5 24 4.809 -11.026 -1.467 4.523 -12.101 -1.552 5.733 -12.065 -2.834 3.713 -10.967 -1.304
5 24 2.003 -13.369 -5.26 1.982 -14.219 -5.071 3.059 -13.228 -3.906 1.115 -14.328 -6.208
5 24 -1.928 -14.831 2.991 -2.358 -15.19 3.488 -3.798 -15.041 2.061 -0.621 -14.851 4.364
5 24 -7.827 -13.194 5.64 -5.376 -15.149 5.776 -7.145 -14.519 4.792 -5.955 -13.373 7.366
5 24 4.669 -5.823 9.866 0.035 -11.649 13.929 0.002 -5.823 14.097 8.062 -11.174 6.449
5 24 -3.934 -10.476 -1.453 -3.023 -10.761 -2.633 -4.1 -10.781 -1.639 -2.246 -10.252 -2.822
5 24 -1.798 -15.122 9.204 -2.358 -15.19 3.488 -3.688 -15.088 7.394 -0.587 -15.029 5.158
5 24 -8.352 -10.109 -0.403 -8.829 -9.633 -1.962 -9.119 -10.073 -0.883 -6.175 -9.801 0.176
5 24 2.366 -11.882 -3.499 2.346 -10.702 -3.113 1.739 -10.713 -3.932 2.818 -11.906 -2.461
5 24 1.617 -14.572 -4.336 1.287 -14.669 -0.685 2.499 -14.405 -2.824 -0.39 -14.658 -2.083
5 24 1.989 -10.156 5.37 2.235 -9.251 6.772 -0.03 -9.329 7.091 3.939 -10.14 4.796
5 24 -9.072 -9.257 0.506 -6.93 -8.47 3.066 -8.411 -5.2 1.303 -7.998 -9.425 1.454
5 24 -5.374 -13.505 -2.884 -4.832 -13.954 -2.236 -4.777 -13.53 -2.325 -5.585 -13.9 -2.862
5 24 13.956 -9.596 -3.056 10.999 -13.647 0.214 11.552 -9.408 -9.234 12.88 -11.643 -0.065
5 24 6.956 -9.44 2.317 8.559 -5.2 1.065 9.299 -5.2 0.245 7.3912 -5.2 3.0616
5 24 3.566 -13.161 -2.88 2.991 -14.067 -3.717 3.502 -13.877 -2.692 3.059 -13.228 -3.906
5 24 3.713 -10.967 -1.304 3.668 -10.548 -1.044 4.809 -11.026 -1.467 2.813 -10.578 -1.429
5 24 -4.783 -14.43 -2.156 -4.832 -13.954 -2.236 -6.53 -14.159 -0.608 -2.177 -14.386 -4.611
5 24 7.331 -13.103 -5.261 8.181 -11.27 -5.499 7.445 -11.763 -4.605 9.464 -11.126 -7.617
5 24 -10.684 -8.708 -7.473 -9.681 -10.642 -6.563 -10.861 -9.402 -8.394 -9.246 -9.816 -5.578
5 24 -10.325 -5.2 3.892 -10.78 -5.823 4.363 -8.413 -5.2 5.733 -11.887 -5.823 3.262
5 24 10.503 -5.2 -7.511 10.309 -9.374 -7.827 10.976 -5.2 -8.584 8.881 -8.632 -5.65
5 24 7.445 -11.763 -4.605 5.725 -13.124 -3.615 7.331 -13.103 -5.261 5.733 -12.065 -2.834
5 24 10.814 -10.809 3.68 10.999 -13.647 0.214 12.88 -11.643 -0.065 8.612 -13.838 2.667
5 24 -10.861 -9.402 -8.394 -10.684 -8.708 -7.473 -9.681 -10.642 -6.563 -10.922 -5.833 -8.616
5 24 -0.257 -15.279 -1.312 -1.928 -14.831 2.991 -3.334 -14.788 1.576 1.212 -15.302 -0.09
5 24 3.576 -13.141 -2.433 2.967 -12.058 -1.811 3.566 -13.161 -2.88 3.607 -12.075 -1.431
5 24 -6.175 -9.801 0.176 -6.161 -8.286 0.093 -4.08 -9.557 1.531 -8.829 -9.633 -1.962
5 24 7.555 -10.052 0.327 8.316 -10.069 -0.446 8.178 -9.237 1.185 7.665 -9.936 -0.985
5 24 -11.396 -5.2 -7.965 -10.922 -5.833 -8.616 -10.874 -5.2 -8.045 -11.622 -5.822 -8.954
5 24 -0.098 -10.595 -5.909 1.065 -11.861 -5.211 1.072 -10.679 -4.776 -0.094 -11.822 -6.388
5 24 -4.025 -8.286 1.525 -4.08 -9.557 1.531 -2.798 -9.561 2.014 -6.161 -8.286 0.093
5 24 3.84 -9.669 1.588 6.008 -8.286 0.057 6.238 -9.97 0.218 3.788 -8.286 1.542
5 24 6.008 -8.286 0.057 6.238 -9.97 0.218 6.72 -8.286 -0.519 3.84 -9.669 1.588
5 24 -1.469 -9.608 2.346 -2.798 -9.561 2.014 -1.661 -10.124 2.846 -2.708 -8.286 2.038
5 24 -2.185 -8.281 -1.714 -2.423 -9.959 -1.146 -2.455 -10.064 -2.187 -1.957 -8.281 -0.914
5 24 -1.147 -10.803 -4.576 -0.87 -11.872 -5.401 -0.098 -10.595 -5.909 -1.327 -11.897 -4.634
5 24 -6.065 -14.853 -0.193 -8.889 -15.04 2.275 -4.625 -14.886 1.247 -6.459 -14.499 -0.568
5 24 -11.396 -5.2 -7.965 -13.488 -5.823 -4.518 -11.622 -5.822 -8.954 -12.778 -5.2 -4.329
5 24 -1.957 -8.281 -0.914 -2.423 -9.959 -1.146 -2.185 -8.281 -1.714 -2.261 -9.99 -0.676
5 24 -5.376 -15.149 5.776 -5.955 -13.373 7.366 -3.688 -15.088 7.394 -7.827 -13.194 5.64
5 24 2.04 -9.987 -0.646 3.203 -10.017 -0.188 1.999 -10.015 -0.305 2.159 -9.98 -1.057
5 24 -6.175 -9.801 0.176 -6.314 -10.13 1.423 -7.43 -10.103 0.476 -4.142 -9.962 1.762
5 24 -4.317 -11.805 10.314 -5.955 -13.373 7.366 -6.651 -11.848 8.109 -3.988 -13.469 8.913
5 24 8.967 -9.251 -2.227 8.59 -8.286 -2.035 9.011 -8.286 -2.371 8.475 -9.852 -1.727
5 24 -10.032 -5.2 -6.115 -9.4235 -8.11 -5.534 -10.285 -8.226 -6.584 -9.743 -5.2 -5.739
5 24 13.383 -5.2 -3.152 14.042 -5.823 -3.175 12.743 -5.2 -5.111 14.139 -5.2 -0.392
5 24 -1.368 -8.281 -3.56 -1.219 -10.315 -3.932 -0.737 -8.281 -3.882 -1.732 -10.448 -3.565
5 24 -8.901 -11.592 -5.803 -8.6 -11.84 -5.469 -8.532 -10.534 -4.795 -8.54 -12.335 -6.12
5 24 2.924 -13.943 0.529 4.874 -13.729 -1.707 3.331 -13.863 -1.569 5.304 -14.014 3.271
5 24 8.051 -10.255 -4.451 7.445 -11.763 -4.605 8.181 -11.27 -5.499 7.405 -10.518 -3.844
5 24 9.614 -9.735 -1.523 9.279 -9.972 -1.053 8.82 -9.657 -2.031 10.034 -9.09 -1.006
5 24 -9.119 -10.073 -0.883 -8.352 -10.109 -0.403 -9.072 -9.257 0.506 -8.829 -9.633 -1.962
5 24 -0.03 -9.329 7.091 2.235 -9.251 6.772 1.989 -10.156 5.37 0 -5.2 8
5 24 1.287 -14.669 -0.685 3.164 -14.157 -1.888 2.52 -14.485 0.538 2.499 -14.405 -2.824
5 24 -0.477 -14.831 -6.376 -0.682 -14.477 -7.289 -0.246 -14.796 -7.007 -1.079 -14.41 -6.369
5 24 -0.206 -9.714 2.492 1.414 -9.668 2.355 -0.107 -8.286 2.411 1.626 -10.115 2.782
5 24 2.614 -9.682 2.076 1.414 -9.668 2.355 2.517 -8.286 2.036 1.626 -10.115 2.782
5 24 3.84 -9.669 1.588 6.238 -9.97 0.218 6.008 -8.286 0.057 3.926 -10.012 1.838
5 24 0.207 -14.765 -6.315 -0.477 -14.831 -6.376 -0.141 -14.768 -5.29 -0.246 -14.796 -7.007
5 24 -10.452 -6.575 -2.056 -10.319 -8.349 -0.976 -10.294 -7.676 -1.918 -10.712 -5.2 -1.264
5 24 -1.472 -14.343 -5.448 -0.805 -14.826 -5.785 -1.079 -14.41 -6.369 -1.124 -14.781 -5.19
5 24 -3.384 -10.156 3.448 -4.142 -9.962 1.762 -2.951 -10.057 2.373 -4.845 -10.156 2.577
5 24 9.027 -10.574 -6.466 10.309 -9.374 -7.827 8.881 -8.632 -5.65 9.464 -11.126 -7.617
5 24 4.523 -12.101 -1.552 3.713 -10.967 -1.304 3.607 -12.075 -1.431 4.809 -11.026 -1.467
5 24 -8.54 -12.335 -6.12 -8.6 -11.84 -5.469 -8.901 -11.592 -5.803 -8.092 -11.898 -5.092
5 24 -3.371 -9.987 -0.185 -2.455 -10.064 -2.187 -2.423 -9.959 -1.146 -3.934 -10.476 -1.453
5 24 -9.724 -11.127 -7.248 -8.697 -13.891 -5.818 -8.54 -12.335 -6.12 -10.214 -11.561 -7.422
5 24 -3.023 -10.761 -2.633 -2.975 -11.931 -2.958 -2.546 -10.821 -3.128 -4.207 -11.984 -1.857
5 24 2.235 -9.251 6.772 4.264 -9.038 5.845 3.939 -10.14 4.796 3.0616 -5.2 7.3912
5 24 0.523 -8.281 -3.885 -0.114 -9.982 -4.288 -0.107 -8.281 -3.98 1.004 -10.315 -3.932
5 24 1.414 -9.668 2.355 1.626 -10.115 2.782 -0.206 -9.714 2.492 2.614 -9.682 2.076
5 24 1.626 -10.115 2.782 2.614 -9.682 2.076 1.414 -9.668 2.355 2.802 -10.072 2.389
5 24 -1.932 -13.428 10.864 0.035 -11.649 13.929 -1.95 -11.771 12.499 -0.155 -15.065 10.703
5 24 2.04 -9.987 -0.646 1.783 -8.281 -0.977 2.159 -9.98 -1.057 1.527 -8.281 -0.215
5 24 2.031 -10.252 -2.822 1.905 -8.281 -2.49 2.168 -10.123 -2.149 1.631 -8.281 -3.065
5 24 -6.459 -14.499 -0.568 -6.53 -14.159 -0.608 -4.783 -14.43 -2.156 -9.336 -14.3 2.263
5 24 -11.096 -13.917 0.304 -13.183 -10.175 1.735 -11.956 -10.604 2.953 -12.953 -11.63 0.148
5 24 -7.145 -14.519 4.792 -8.367 -13.797 3.46 -8.286 -14.299 3.495 -7.183 -13.695 4.615
5 24 -11.956 -10.604 2.953 -11.096 -13.917 0.304 -13.183 -10.175 1.735 -9.435 -13.926 2.293
5 24 2.937 -10.93 -1.614 2.967 -12.058 -1.811 3.607 -12.075 -1.431 2.818 -11.906 -2.461
5 24 -6.031 -10.871 -2.382 -7.971 -10.714 -4.17 -5.964 -11.349 -2.519 -6.416 -10.304 -2.183
5 24 -9.246 -9.816 -5.578 -8.822 -10.161 -5.0125 -9.016 -9.62 -5.094 -9.681 -10.642 -6.563
5 24 -6.53 -14.159 -0.608 -5.585 -13.9 -2.862 -8.697 -13.891 -5.818 -4.832 -13.954 -2.236
5 24 -1.729 -8.281 -0.438 -2.261 -9.99 -0.676 -2.209 -10.022 -0.304 -1.957 -8.281 -0.914
5 24 -8.411 -5.2 1.303 -9.072 -9.257 0.506 -9.194 -5.2 0.4 -6.93 -8.47 3.066
5 24 -0.379 -10.141 3.022 -0.113 -10.156 4.16 -1.809 -10.156 3.976 1.626 -10.115 2.782
5 24 -6.031 -10.871 -2.382 -5.259 -10.688 -1.386 -6.416 -10.304 -2.183 -5.12 -11.012 -1.522
5 24 -1.882 -5.823 12.803 -0.073 -5.2 13.445 0.002 -5.823 14.097 -1.451 -5.2 12.312
5 24 6.202 -10.304 -2.183 6.687 -8.281 -2.465 5.842 -8.281 -1.779 7.637 -10.102 -3.416
5 24 -0.094 -11.822 -6.388 -0.685 -13.651 -7.466 -0.301 -13.641 -7.744 -0.87 -11.872 -5.401
5 24 -13.38 -9.1 -4.516 -13.488 -5.823 -4.518 -11.631 -9.159 -8.761 -14.75 -9.097 0.092
5 24 -12.953 -11.63 0.148 -13.183 -10.175 1.735 -14.75 -9.097 0.092 -11.096 -13.917 0.304
5 24 -8.092 -11.898 -5.092 -5.914 -11.979 -2.891 -6.043 -12.421 -3.559 -7.971 -10.714 -4.17
5 24 -4.576 -10.834 -1.42 -4.207 -11.984 -1.857 -5.04 -12.152 -1.676 -4.1 -10.781 -1.639
5 24 -8.959 -9.501 -4.336 -8.86 -8.281 -4.065 -9.285 -8.338 -4.207 -8.607 -9.933 -4.025
5 24 3.0616 -5.2 7.3912 2.235 -9.251 6.772 0 -5.2 8 4.264 -9.038 5.845
5 24 -3.601 -14.722 1.318 -4.596 -14.8 -1.607 -6.065 -14.853 -0.193 -0.39 -14.658 -2.083
5 24 -10.271 -8.17 -1.713 -10.146 -8.983 -1.464 -9.661 -8.286 -2.511 -10.319 -8.349 -0.976
5 24 -8.54 -12.335 -6.12 -8.901 -11.592 -5.803 -9.724 -11.127 -7.248 -8.6 -11.84 -5.469
5 24 5.304 -14.014 3.271 7.167 -13.82 1.072 4.874 -13.729 -1.707 8.612 -13.838 2.667
5 24 -1.846 -8.281 -3.065 -1.732 -10.448 -3.565 -1.368 -8.281 -3.56 -2.246 -10.252 -2.822
5 24 -1.928 -14.831 2.991 3.005 -15.291 1.696 -0.621 -14.851 4.364 1.212 -15.302 -0.09
5 24 -13.488 -5.823 -4.518 -12.778 -5.2 -4.329 -14.123 -5.2 -0.064 -11.396 -5.2 -7.965
5 24 -10.271 -8.17 -1.713 -10.294 -7.676 -1.918 -10.319 -8.349 -0.976 -9.661 -8.286 -2.511
5 24 1.798 -8.281 0.313 -2.032 -8.281 0.341 -0.107 -8.286 2.411 -1.74 -8.281 -0.015
5 24 -9.05 -8.286 -2.223 -8.86 -8.281 -4.065 -9.645 -8.185 -2.978 -8.22 -8.281 -3.546
5 24 0.2 -13.591 -7.525 -0.094 -11.822 -6.388 -0.301 -13.641 -7.744 1.121 -13.489 -6.389
5 24 3.005 -15.291 1.696 5.304 -14.014 3.271 6.023 -15.164 4.685 2.924 -13.943 0.529
5 24 7.555 -10.052 0.327 7.665 -9.936 -0.985 8.316 -10.069 -0.446 6.887 -9.926 -0.367
5 24 5.641 -9.921 3.729 6.588 -10.088 1.196 6.956 -9.44 2.317 4.763 -10.156 2.689
5 24 -2.975 -11.931 -2.958 -4.272 -12.711 -2.186 -4.207 -11.984 -1.857 -4.185 -13.536 -2.775
5 24 9.131 -9.081 0.31 9.279 -9.972 -1.053 9.817 -9.074 -0.388 8.316 -10.069 -0.446
5 24 -6.815 -5.823 8.159 -8.533 -10.965 6.291 -8.855 -5.823 6.213 -6.651 -11.848 8.109
5 24 -5.663 -12.554 -2.534 -5.914 -11.979 -2.891 -6.043 -12.421 -3.559 -5.629 -12.14 -2.081
5 24 -1.133 -13.607 -6.474 -1.079 -14.41 -6.369 -1.483 -13.561 -5.538 -0.682 -14.477 -7.289
5 24 -9.285 -8.338 -4.207 -9.016 -9.62 -5.094 -9.4235 -8.11 -5.534 -8.959 -9.501 -4.336
5 24 8.031 -5.823 6.655 8.062 -11.174 6.449 8.325 -11.168 6.162 4.669 -5.823 9.866
5 24 1.974 -8.281 -1.724 2.168 -10.123 -2.149 2.159 -9.98 -1.057 1.905 -8.281 -2.49
5 24 1.744 -10.156 4.005 3.314 -10.156 3.493 1.626 -10.115 2.782 1.989 -10.156 5.37
5 24 -0.379 -10.141 3.022 -1.469 -9.608 2.346 -0.206 -9.714 2.492 -1.661 -10.124 2.846
5 24 -8.889 -15.04 2.275 -4.625 -14.886 1.247 -6.065 -14.853 -0.193 -6.596 -15.145 4.637
5 24 -8.822 -10.161 -5.0125 -8.532 -10.534 -4.795 -8.901 -11.592 -5.803 -8.607 -9.933 -4.025
5 24 14.139 -5.2 -0.392 14.042 -5.823 -3.175 14.766 -5.823 -0.25 13.383 -5.2 -3.152
5 24 9.279 -9.972 -1.053 9.817 -9.074 -0.388 10.034 -9.09 -1.006 9.131 -9.081 0.31
5 24 -0.098 -10.595 -5.909 -0.87 -11.872 -5.401 -0.094 -11.822 -6.388 -1.147 -10.803 -4.576
5 24 -1.219 -10.315 -3.932 -0.737 -8.281 -3.882 -0.114 -9.982 -4.288 -1.368 -8.281 -3.56
5 24 0.182 -14.452 -7.389 1.121 -13.489 -6.389 1.115 -14.328 -6.208 0.2 -13.591 -7.525
5 24 5.84 -8.734 4.428 6.956 -9.44 2.317 5.641 -9.921 3.729 7.3912 -5.2 3.0616
5 24 5.733 -12.065 -2.834 4.401 -13.132 -2.241 5.725 -13.124 -3.615 4.523 -12.101 -1.552
5 24 -6.161 -8.286 0.093 -4.08 -9.557 1.531 -6.175 -9.801 0.176 -4.025 -8.286 1.525
5 24 2.235 -9.251 6.772 0 -5.2 8 3.0616 -5.2 7.3912 -0.03 -9.329 7.091
5 24 4.084 -13.132 -2.113 3.607 -12.075 -1.431 4.523 -12.101 -1.552 3.778 -13.138 -2.172
5 24 -1.634 -10.848 -4.017 -1.219 -10.315 -3.932 -1.732 -10.448 -3.565 -1.147 -10.803 -4.576
5 24 -1.079 -14.41 -6.369 -0.477 -14.831 -6.376 -0.805 -14.826 -5.785 -0.682 -14.477 -7.289
5 24 -5.48 -10.079 3.724 -6.93 -8.47 3.066 -6.798 -9.674 2.55 -5.857 -8.792 4.628
5 24 8.178 -9.237 1.185 6.588 -10.088 1.196 6.956 -9.44 2.317 7.555 -10.052 0.327
5 24 2.614 -9.682 2.076 2.517 -8.286 2.036 1.414 -9.668 2.355 3.788 -8.286 1.542
5 24 3.926 -10.012 1.838 3.84 -9.669 1.588 6.238 -9.97 0.218 2.802 -10.072 2.389
5 24 7.605 -8.286 -1.237 7.665 -9.936 -0.985 8.475 -9.852 -1.727 6.72 -8.286 -0.519
5 24 9.279 -9.972 -1.053 8.475 -9.852 -1.727 8.316 -10.069 -0.446 8.82 -9.657 -2.031
5 24 -3.688 -15.088 7.394 -5.955 -13.373 7.366 -3.988 -13.469 8.913 -5.376 -15.149 5.776
5 24 -2.358 -15.19 3.488 -3.688 -15.088 7.394 -1.798 -15.122 9.204 -5.376 -15.149 5.776
5 24 -4.783 -14.43 -2.156 -1.834 -14.774 -4.279 -4.596 -14.8 -1.607 -2.177 -14.386 -4.611
5 24 -0.312 -14.488 -7.668 0.2 -13.591 -7.525 0.182 -14.452 -7.389 -0.301 -13.641 -7.744
5 24 -6.043 -12.421 -3.559 -8.092 -11.898 -5.092 -8.54 -12.335 -6.12 -5.914 -11.979 -2.891
5 24 1.518 -10.448 -3.565 1.154 -8.281 -3.568 1.004 -10.315 -3.932 1.631 -8.281 -3.065
5 24 -4.576 -10.834 -1.42 -5.259 -10.688 -1.386 -5.12 -11.012 -1.522 -4.52 -10.473 -1.143
5 24 -6.043 -12.421 -3.559 -8.697 -13.891 -5.818 -5.374 -13.505 -2.884 -8.54 -12.335 -6.12
5 24 2.003 -13.369 -5.26 1.712 -11.888 -4.362 1.065 -11.861 -5.211 3.059 -13.228 -3.906
5 24 -6.031 -10.871 -2.382 -5.12 -11.012 -1.522 -5.259 -10.688 -1.386 -5.269 -11.341 -1.659
5 24 -6.416 -10.304 -2.183 -6.031 -10.871 -2.382 -5.259 -10.688 -1.386 -7.971 -10.714 -4.17
5 24 8.178 -9.237 1.185 7.555 -10.052 0.327 8.316 -10.069 -0.446 6.588 -10.088 1.196
5 24 2.481 -10.551 -1.948 2.813 -10.578 -1.429 2.937 -10.93 -1.614 2.159 -9.98 -1.057
5 24 -9.645 -8.185 -2.978 -9.05 -8.286 -2.223 -8.86 -8.281 -4.065 -9.661 -8.286 -2.511
5 24 1.999 -10.015 -0.305 3.203 -10.017 -0.188 2.164 -10.011 -0.014 2.04 -9.987 -0.646
5 24 -4.1 -10.781 -1.639 -3.934 -10.476 -1.453 -3.023 -10.761 -2.633 -4.52 -10.473 -1.143
5 24 -1.732 -10.448 -3.565 -2.546 -10.821 -3.128 -1.634 -10.848 -4.017 -2.246 -10.252 -2.822
5 24 7.637 -10.102 -3.416 7.405 -10.518 -3.844 8.051 -10.255 -4.451 6.202 -10.304 -2.183
5 24 -9.4235 -8.11 -5.534 -9.246 -9.816 -5.578 -9.016 -9.62 -5.094 -10.285 -8.226 -6.584
5 24 -3.601 -14.722 1.318 -4.625 -14.886 1.247 -3.798 -15.041 2.061 -6.065 -14.853 -0.193
5 24 -5.374 -13.505 -2.884 -8.697 -13.891 -5.818 -5.585 -13.9 -2.862 -6.043 -12.421 -3.559
5 24 -12.953 -11.63 0.148 -11.666 -11.589 -3.762 -13.38 -9.1 -4.516 -11.096 -13.917 0.304
5 24 -9.681 -5.2 -5.228 -9.285 -8.338 -4.207 -9.4235 -8.11 -5.534 -9.956 -5.2 -4.37
5 24 5.641 -9.921 3.729 5.84 -8.734 4.428 6.956 -9.44 2.317 4.264 -9.038 5.845
5 24 3.77 -13.533 -1.954 4.084 -13.132 -2.113 3.778 -13.138 -2.172 4.134 -13.544 -1.966
5 24 -8.822 -10.161 -5.0125 -8.959 -9.501 -4.336 -9.016 -9.62 -5.094 -8.607 -9.933 -4.025
5 24 5.725 -13.124 -3.615 4.538 -13.54 -2.186 4.401 -13.132 -2.241 5.87 -13.499 -3.49
5 24 -8.533 -10.965 6.291 -6.651 -11.848 8.109 -8.325 -12.01 6.343 -6.815 -5.823 8.159
5 24 2.164 -10.011 -0.014 3.203 -10.017 -0.188 2.552 -10.022 0.041 1.999 -10.015 -0.305
5 24 1.004 -10.315 -3.932 1.154 -8.281 -3.568 0.523 -8.281 -3.885 1.518 -10.448 -3.565
5 24 -1.928 -14.831 2.991 1.212 -15.302 -0.09 3.005 -15.291 1.696 -0.257 -15.279 -1.312
5 24 -7.971 -10.714 -4.17 -8.532 -10.534 -4.795 -8.092 -11.898 -5.092 -8.607 -9.933 -4.025
5 24 -7.183 -13.695 4.615 -7.827 -13.194 5.64 -8.533 -10.965 6.291 -7.145 -14.519 4.792
5 24 -10.684 -8.708 -7.473 -10.285 -8.226 -6.584 -10.874 -5.2 -8.045 -9.246 -9.816 -5.578
5 24 4.621 -10.246 -0.917 4.809 -11.026 -1.467 3.668 -10.548 -1.044 5.185 -10.52 -1.377
5 24 -8.6 -11.84 -5.469 -8.532 -10.534 -4.795 -8.901 -11.592 -5.803 -8.092 -11.898 -5.092
5 24 -10.874 -5.2 -8.045 -10.285 -8.226 -6.584 -10.456 -5.2 -6.648 -10.684 -8.708 -7.473
5 24 3.005 -15.291 1.696 2.52 -14.485 0.538 2.924 -13.943 0.529 1.212 -15.302 -0.09
5 24 -9.336 -14.3 2.263 -8.367 -13.797 3.46 -8.286 -14.299 3.495 -9.435 -13.926 2.293
5 24 -14.123 -5.2 -0.064 -13.118 -5.823 2.027 -14.828 -5.823 0.094 -12.616 -5.2 1.589
5 24 8.181 -11.27 -5.499 7.445 -11.763 -4.605 7.331 -13.103 -5.261 8.051 -10.255 -4.451
5 24 -4.207 -11.984 -1.857 -4.1 -10.781 -1.639 -3.023 -10.761 -2.633 -4.576 -10.834 -1.42
5 24 -2.177 -14.386 -4.611 -1.124 -14.781 -5.19 -1.472 -14.343 -5.448 -1.834 -14.774 -4.279
5 24 9.464 -11.126 -7.617 8.181 -11.27 -5.499 7.331 -13.103 -5.261 9.027 -10.574 -6.466
5 24 -6.416 -10.304 -2.183 -5.259 -10.688 -1.386 -6.031 -10.871 -2.382 -5.4 -10.52 -1.377
5 24 -5.259 -10.688 -1.386 -4.812 -10.182 -0.958 -5.4 -10.52 -1.377 -4.52 -10.473 -1.143
5 24 -11.631 -9.159 -8.761 -10.922 -5.833 -8.616 -11.622 -5.822 -8.954 -10.861 -9.402 -8.394
5 24 -6.596 -15.145 4.637 -3.798 -15.041 2.061 -4.625 -14.886 1.247 -5.376 -15.149 5.776
5 24 6.887 -9.926 -0.367 6.72 -8.286 -0.519 7.665 -9.936 -0.985 6.238 -9.97 0.218
5 24 1.739 -10.713 -3.932 1.518 -10.448 -3.565 2.346 -10.702 -3.113 1.004 -10.315 -3.932
5 24 8.181 -11.27 -5.499 8.551 -9.739 -5.097 8.051 -10.255 -4.451 9.027 -10.574 -6.466
5 24 -6.53 -14.159 -0.608 -9.946 -13.878 -3.024 -8.697 -13.891 -5.818 -11.096 -13.917 0.304
5 24 9.477 -5.2 -5.982 9.07 -8.338 -4.207 8.881 -8.632 -5.65 9.702 -5.2 -4.714
5 24 -7.971 -10.714 -4.17 -8.092 -11.898 -5.092 -8.532 -10.534 -4.795 -5.914 -11.979 -2.891
5 24 -8.829 -9.633 -1.962 -9.119 -10.073 -0.883 -8.352 -10.109 -0.403 -9.652 -9.782 -1.615
5 24 -6.798 -9.674 2.55 -6.314 -10.13 1.423 -5.48 -10.079 3.724 -7.998 -9.425 1.454
5 24 3.331 -13.863 -1.569 4.134 -13.544 -1.966 3.77 -13.533 -1.954 4.874 -13.729 -1.707
5 24 -4.142 -9.962 1.762 -2.798 -9.561 2.014 -2.951 -10.057 2.373 -4.08 -9.557 1.531
5 24 8.82 -9.657 -2.031 9.279 -9.972 -1.053 8.475 -9.852 -1.727 9.614 -9.735 -1.523
5 24 -10.329 -5.2 -0.697 -9.838 -9.208 -0.217 -10.712 -5.2 -1.264 -9.194 -5.2 0.4
5 24 -8.855 -5.823 6.213 -6.372 -5.2 7.64 -6.815 -5.823 8.159 -8.413 -5.2 5.733
5 24 -8.352 -10.109 -0.403 -7.43 -10.103 0.476 -9.072 -9.257 0.506 -6.175 -9.801 0.176
5 24 -0.737 -8.281 -3.882 -0.114 -9.982 -4.288 -0.107 -8.281 -3.98 -1.219 -10.315 -3.932
5 24 8.031 -5.823 6.655 7.528 -5.2 6.249 10.288 -5.2 3.538 4.669 -5.823 9.866
5 24 8.551 -9.739 -5.097 8.729 -9.461 -4.331 8.051 -10.255 -4.451 8.881 -8.632 -5.65
5 24 -9.016 -9.62 -5.094 -9.4235 -8.11 -5.534 -9.285 -8.338 -4.207 -9.246 -9.816 -5.578
5 24 -10.331 -5.2 -3.198 -10.452 -6.575 -2.056 -10.746 -5.2 -1.921 -9.645 -8.185 -2.978
5 24 1.287 -14.669 -0.685 2.499 -14.405 -2.824 1.617 -14.572 -4.336 3.164 -14.157 -1.888
5 24 -10.319 -8.349 -0.976 -10.271 -8.17 -1.713 -10.294 -7.676 -1.918 -10.146 -8.983 -1.464
5 24 1.712 -11.888 -4.362 1.739 -10.713 -3.932 1.072 -10.679 -4.776 2.366 -11.882 -3.499
5 24 9.614 -9.735 -1.523 8.82 -9.657 -2.031 9.558 -9.101 -2.177 9.279 -9.972 -1.053
5 24 -3.384 -10.156 3.448 -3.808 -10.156 4.648 -5.48 -10.079 3.724 -1.809 -10.156 3.976
5 24 2.164 -10.011 -0.014 1.798 -8.281 0.313 1.999 -10.015 -0.305 2.298 -8.281 0.456
5 24 -1.634 -10.848 -4.017 -1.327 -11.897 -4.634 -1.147 -10.803 -4.576 -2.188 -11.917 -3.695
5 24 8.612 -13.838 2.667 7.167 -13.82 1.072 5.304 -14.014 3.271 10.999 -13.647 0.214
5 24 -1.368 -8.281 -3.56 -1.732 -10.448 -3.565 -1.219 -10.315 -3.932 -1.846 -8.281 -3.065
5 24 -10.319 -8.349 -0.976 -10.294 -7.676 -1.918 -10.271 -8.17 -1.713 -10.452 -6.575 -2.056
5 24 3.314 -10.156 3.493 3.926 -10.012 1.838 4.763 -10.156 2.689 2.802 -10.072 2.389
5 24 -1.124 -14.781 -5.19 -1.834 -14.774 -4.279 -2.177 -14.386 -4.611 -0.141 -14.768 -5.29
5 24 8.967 -9.251 -2.227 9.558 -9.101 -2.177 8.82 -9.657 -2.031 9.011 -8.286 -2.371
5 24 -13.118 -5.823 2.027 -14.75 -9.097 0.092 -14.828 -5.823 0.094 -13.183 -10.175 1.735
5 24 -1.661 -10.124 2.846 -1.809 -10.156 3.976 -0.379 -10.141 3.022 -3.384 -10.156 3.448
5 24 5.6568 -5.2 5.6568 5.84 -8.734 4.428 4.264 -9.038 5.845 7.3912 -5.2 3.0616
5 24 4.134 -13.544 -1.966 4.874 -13.729 -1.707 4.538 -13.54 -2.186 3.331 -13.863 -1.569
5 24 7.458 -13.408 -5.154 4.874 -13.729 -1.707 9.939 -13.637 -1.377 5.87 -13.499 -3.49
5 24 -0.587 -15.029 5.158 -0.155 -15.065 10.703 3.005 -15.291 1.696 -1.798 -15.122 9.204
5 24 -8.181 -10.128 -3.653 -6.932 -8.281 -2.502 -8.22 -8.281 -3.546 -6.416 -10.304 -2.183
5 24 -8.411 -5.2 1.303 -6.93 -8.47 3.066 -7.3912 -5.2 3.0616 -9.072 -9.257 0.506
5 24 -4.814 -12.638 -1.875 -4.272 -12.711 -2.186 -4.207 -11.984 -1.857 -4.777 -13.53 -2.325
5 24 1.982 -14.219 -5.071 1.617 -14.572 -4.336 2.991 -14.067 -3.717 1.115 -14.328 -6.208
5 24 -10.214 -11.561 -7.422 -10.861 -9.402 -8.394 -11.631 -9.159 -8.761 -9.724 -11.127 -7.248
5 24 3.059 -13.228 -3.906 2.991 -14.067 -3.717 3.566 -13.161 -2.88 1.982 -14.219 -5.071
5 24 3.939 -10.14 4.796 4.264 -9.038 5.845 2.235 -9.251 6.772 5.641 -9.921 3.729
5 24 -0.155 -15.065 10.703 -1.932 -13.428 10.864 0.035 -11.649 13.929 -1.798 -15.122 9.204
5 24 -4.596 -14.8 -1.607 -4.783 -14.43 -2.156 -1.834 -14.774 -4.279 -6.459 -14.499 -0.568
5 24 3.713 -10.967 -1.304 3.607 -12.075 -1.431 2.937 -10.93 -1.614 4.523 -12.101 -1.552
5 24 -5.629 -12.14 -2.081 -5.964 -11.349 -2.519 -5.269 -11.341 -1.659 -5.914 -11.979 -2.891
5 24 -10.331 -5.2 -3.198 -9.645 -8.185 -2.978 -10.452 -6.575 -2.056 -9.956 -5.2 -4.37
5 24 1.072 -10.679 -4.776 1.004 -10.315 -3.932 -0.114 -9.982 -4.288 1.739 -10.713 -3.932
5 24 -6.175 -9.801 0.176 -7.43 -10.103 0.476 -8.352 -10.109 -0.403 -6.314 -10.13 1.423
5 24 -2.798 -9.561 2.014 -1.661 -10.124 2.846 -2.951 -10.057 2.373 -1.469 -9.608 2.346
5 24 -2.798 -9.561 2.014 -4.08 -9.557 1.531 -4.025 -8.286 1.525 -4.142 -9.962 1.762
5 24 1.617 -14.572 -4.336 0.207 -14.765 -6.315 -0.141 -14.768 -5.29 1.115 -14.328 -6.208
5 24 -13.38 -9.1 -4.516 -11.666 -11.589 -3.762 -12.953 -11.63 0.148 -10.214 -11.561 -7.422
5 24 -4.272 -12.711 -2.186 -4.185 -13.536 -2.775 -4.777 -13.53 -2.325 -2.975 -11.931 -2.958
5 24 -4.185 -13.536 -2.775 -2.177 -14.386 -4.611 -4.832 -13.954 -2.236 -1.483 -13.561 -5.538
5 24 -8.367 -13.797 3.46 -8.286 -14.299 3.495 -9.336 -14.3 2.263 -7.145 -14.519 4.792
5 24 4.621 -10.246 -0.917 5.111 -8.281 -1.188 3.064 -8.281 0.19 5.185 -10.52 -1.377
5 24 -7.827 -13.194 5.64 -8.533 -10.965 6.291 -8.325 -12.01 6.343 -7.183 -13.695 4.615
5 24 4.134 -13.544 -1.966 4.401 -13.132 -2.241 4.084 -13.132 -2.113 4.538 -13.54 -2.186
5 24 4.084 -13.132 -2.113 4.523 -12.101 -1.552 3.607 -12.075 -1.431 4.401 -13.132 -2.241
5 24 8.316 -10.069 -0.446 9.279 -9.972 -1.053 9.131 -9.081 0.31 8.475 -9.852 -1.727
5 24 10.999 -13.647 0.214 11.552 -9.408 -9.234 13.956 -9.596 -3.056 9.718 -11.413 -7.515
5 24 0.035 -11.649 13.929 6.023 -15.164 4.685 -0.155 -15.065 10.703 8.062 -11.174 6.449
5 24 -9.956 -5.2 -4.37 -9.285 -8.338 -4.207 -9.645 -8.185 -2.978 -9.681 -5.2 -5.228
5 24 -5.857 -8.792 4.628 -4.266 -9.063 5.939 -3.808 -10.156 4.648 -5.6568 -5.2 5.6568
5 24 -4.207 -11.984 -1.857 -3.023 -10.761 -2.633 -4.1 -10.781 -1.639 -2.975 -11.931 -2.958
5 24 1.999 -10.015 -0.305 1.798 -8.281 0.313 1.527 -8.281 -0.215 2.164 -10.011 -0.014
5 24 9.558 -9.101 -2.177 9.011 -8.286 -2.371 9.616 -8.42 -2.515 8.967 -9.251 -2.227
5 24 -3.988 -13.469 8.913 -4.317 -11.805 10.314 -1.932 -13.428 10.864 -5.955 -13.373 7.366
5 24 -9.016 -9.62 -5.094 -9.246 -9.816 -5.578 -8.822 -10.161 -5.0125 -9.4235 -8.11 -5.534
5 24 -4.777 -13.53 -2.325 -4.272 -12.711 -2.186 -4.814 -12.638 -1.875 -4.185 -13.536 -2.775
5 24 -4.845 -10.156 2.577 -5.48 -10.079 3.724 -6.314 -10.13 1.423 -3.384 -10.156 3.448
5 24 8.309 -9.837 -3.936 8.671 -8.281 -4.078 8.006 -8.281 -3.546 8.729 -9.461 -4.331
5 24 3.939 -10.14 4.796 4.763 -10.156 2.689 5.641 -9.921 3.729 3.314 -10.156 3.493
5 24 6.238 -9.97 0.218 6.72 -8.286 -0.519 6.887 -9.926 -0.367 6.008 -8.286 0.057
5 24 1.115 -14.328 -6.208 1.617 -14.572 -4.336 0.207 -14.765 -6.315 1.982 -14.219 -5.071
5 24 8.316 -10.069 -0.446 8.475 -9.852 -1.727 9.279 -9.972 -1.053 7.665 -9.936 -0.985
5 24 6.588 -10.088 1.196 6.956 -9.44 2.317 5.641 -9.921 3.729 8.178 -9.237 1.185
5 24 -2.209 -10.022 -0.304 -1.74 -8.281 -0.015 -1.729 -8.281 -0.438 -2.369 -10.011 -0.009
5 24 -10.746 -5.2 -1.921 -10.452 -6.575 -2.056 -10.331 -5.2 -3.198 -10.712 -5.2 -1.264
5 24 -0.113 -10.156 4.16 1.744 -10.156 4.005 1.626 -10.115 2.782 -0.027 -10.156 5.557
5 24 -9.05 -8.286 -2.223 -9.65 -9.196 -2.207 -9.661 -8.286 -2.511 -8.829 -9.633 -1.962
5 24 -5.48 -10.079 3.724 -6.314 -10.13 1.423 -4.845 -10.156 2.577 -6.798 -9.674 2.55
5 24 -9.652 -9.782 -1.615 -9.838 -9.208 -0.217 -10.146 -8.983 -1.464 -9.119 -10.073 -0.883
5 24 -4.207 -11.984 -1.857 -4.814 -12.638 -1.875 -4.272 -12.711 -2.186 -5.04 -12.152 -1.676
5 24 0.207 -14.765 -6.315 1.115 -14.328 -6.208 1.617 -14.572 -4.336 0.182 -14.452 -7.389
5 24 10.309 -9.374 -7.827 8.881 -8.632 -5.65 10.503 -5.2 -7.511 9.027 -10.574 -6.466
5 24 -0.477 -14.831 -6.376 -0.246 -14.796 -7.007 -0.682 -14.477 -7.289 0.207 -14.765 -6.315
5 24 12.88 -11.643 -0.065 10.814 -10.809 3.68 14.477 -9.725 -0.162 10.999 -13.647 0.214
5 24 -8.367 -13.797 3.46 -8.533 -10.965 6.291 -7.183 -13.695 4.615 -10.171 -10.901 4.677
5 24 4.874 -13.729 -1.707 5.87 -13.499 -3.49 7.458 -13.408 -5.154 4.538 -13.54 -2.186
5 24 -4.625 -14.886 1.247 -6.596 -15.145 4.637 -3.798 -15.041 2.061 -8.889 -15.04 2.275
5 24 -1.327 -11.897 -4.634 -1.483 -13.561 -5.538 -0.87 -11.872 -5.401 -2.188 -11.917 -3.695
5 24 5.185 -10.52 -1.377 4.809 -11.026 -1.467 5.826 -10.839 -2.455 4.621 -10.246 -0.917
5 24 1.121 -13.489 -6.389 -0.094 -11.822 -6.388 0.2 -13.591 -7.525 1.065 -11.861 -5.211
5 24 -2.246 -10.252 -2.822 -3.934 -10.476 -1.453 -3.023 -10.761 -2.633 -2.455 -10.064 -2.187
5 24 -10.684 -8.708 -7.473 -9.246 -9.816 -5.578 -10.285 -8.226 -6.584 -9.681 -10.642 -6.563
5 24 -4.812 -10.182 -0.958 -3.276 -8.281 0.183 -5.296 -8.281 -1.177 -3.371 -9.987 -0.185
5 24 -7.145 -14.519 4.792 -8.889 -15.04 2.275 -8.286 -14.299 3.495 -6.596 -15.145 4.637
5 24 -3.988 -13.469 8.913 -5.955 -13.373 7.366 -3.688 -15.088 7.394 -4.317 -11.805 10.314
5 24 11.199 -5.823 -9.401 11.552 -9.408 -9.234 11.67 -5.823 -9.346 11.121 -9.43 -9.297
5 24 -8.855 -5.823 6.213 -8.413 -5.2 5.733 -6.372 -5.2 7.64 -10.78 -5.823 4.363
5 24 10.309 -9.374 -7.827 11.121 -9.43 -9.297 10.976 -5.2 -8.584 9.464 -11.126 -7.617
5 24 -2.177 -14.386 -4.611 -1.834 -14.774 -4.279 -1.124 -14.781 -5.19 -4.783 -14.43 -2.156
5 24 -3.688 -15.088 7.394 -3.988 -13.469 8.913 -1.798 -15.122 9.204 -5.955 -13.373 7.366
5 24 6.588 -10.088 1.196 7.555 -10.052 0.327 6.238 -9.97 0.218 8.178 -9.237 1.185
5 24 -0.114 -9.982 -4.288 -0.107 -8.281 -3.98 -0.737 -8.281 -3.882 0.523 -8.281 -3.885
5 24 -1.99 -10.156 5.287 -2.275 -9.257 6.797 -4.266 -9.063 5.939 -0.027 -10.156 5.557
5 24 -5.857 -8.792 4.628 -5.6568 -5.2 5.6568 -4.266 -9.063 5.939 -6.93 -8.47 3.066
5 24 8.671 -8.281 -4.078 9.011 -8.286 -2.371 9.528 -8.132 -2.95 8.006 -8.281 -3.546
5 24 -2.67 -10.008 0.075 -2.209 -10.022 -0.304 -2.369 -10.011 -0.009 -2.423 -9.959 -1.146
5 24 -9.645 -8.185 -2.978 -9.956 -5.2 -4.37 -10.331 -5.2 -3.198 -9.285 -8.338 -4.207
5 24 11.067 -5.823 3.679 14.139 -5.2 -0.392 14.766 -5.823 -0.25 10.288 -5.2 3.538
5 24 -0.257 -15.279 -1.312 -3.601 -14.722 1.318 -3.334 -14.788 1.576 -0.39 -14.658 -2.083
5 24 4.669 -5.823 9.866 7.528 -5.2 6.249 8.031 -5.823 6.655 4.201 -5.2 9.458
5 24 7.637 -10.102 -3.416 8.006 -8.281 -3.546 8.309 -9.837 -3.936 6.687 -8.281 -2.465
5 24 10.034 -9.09 -1.006 9.279 -9.972 -1.053 9.614 -9.735 -1.523 9.817 -9.074 -0.388
5 24 -2.369 -10.011 -0.009 -2.032 -8.281 0.341 -2.496 -8.281 0.452 -1.74 -8.281 -0.015
5 24 -3.023 -10.761 -2.633 -2.246 -10.252 -2.822 -3.934 -10.476 -1.453 -2.546 -10.821 -3.128
5 24 -0.246 -14.796 -7.007 0.207 -14.765 -6.315 -0.477 -14.831 -6.376 0.182 -14.452 -7.389
5 24 7.445 -11.763 -4.605 7.331 -13.103 -5.261 8.181 -11.27 -5.499 5.725 -13.124 -3.615
5 24 10.034 -9.09 -1.006 9.614 -9.735 -1.523 9.279 -9.972 -1.053 9.92 -9.155 -1.611
5 24 9.131 -9.081 0.31 8.316 -10.069 -0.446 9.279 -9.972 -1.053 8.178 -9.237 1.185
5 24 2.614 -9.682 2.076 3.84 -9.669 1.588 2.802 -10.072 2.389 3.788 -8.286 1.542
5 24 -3.798 -15.041 2.061 -3.334 -14.788 1.576 -3.601 -14.722 1.318 -1.928 -14.831 2.991
5 24 8.612 -13.838 2.667 10.814 -10.809 3.68 8.325 -11.168 6.162 10.999 -13.647 0.214
5 24 1.631 -8.281 -3.065 1.518 -10.448 -3.565 2.031 -10.252 -2.822 1.154 -8.281 -3.568
5 24 5.87 -13.499 -3.49 7.331 -13.103 -5.261 7.458 -13.408 -5.154 5.725 -13.124 -3.615
5 24 -2.177 -14.386 -4.611 -4.832 -13.954 -2.236 -4.783 -14.43 -2.156 -4.185 -13.536 -2.775
5 24 -2.11 -8.281 -2.51 -2.246 -10.252 -2.822 -2.455 -10.064 -2.187 -1.846 -8.281 -3.065
5 24 4.763 -10.156 2.689 3.926 -10.012 1.838 3.314 -10.156 3.493 6.588 -10.088 1.196
5 24 1.121 -13.489 -6.389 1.065 -11.861 -5.211 2.003 -13.369 -5.26 -0.094 -11.822 -6.388
5 24 3.164 -14.157 -1.888 3.492 -13.562 -2.216 3.502 -13.877 -2.692 3.331 -13.863 -1.569
5 24 -1.079 -14.41 -6.369 -1.483 -13.561 -5.538 -1.472 -14.343 -5.448 -1.133 -13.607 -6.474
5 24 -8.533 -10.965 6.291 -8.855 -5.823 6.213 -10.171 -10.901 4.677 -6.815 -5.823 8.159
5 24 -6.416 -10.304 -2.183 -6.932 -8.281 -2.502 -8.181 -10.128 -3.653 -5.973 -8.281 -1.723
5 24 -1.834 -14.774 -4.279 -0.141 -14.768 -5.29 -1.124 -14.781 -5.19 -0.39 -14.658 -2.083
5 24 3.064 -8.281 0.19 4.621 -10.246 -0.917 3.203 -10.017 -0.188 5.111 -8.281 -1.188
5 24 4.084 -13.132 -2.113 4.134 -13.544 -1.966 4.401 -13.132 -2.241 3.77 -13.533 -1.954
5 24 -9.838 -9.208 -0.217 -9.119 -10.073 -0.883 -9.652 -9.782 -1.615 -9.072 -9.257 0.506
5 24 8.612 -13.838 2.667 5.304 -14.014 3.271 6.699 -13.94 4.646 7.167 -13.82 1.072
5 24 -1.451 -5.2 12.312 -1.882 -5.823 12.803 -0.073 -5.2 13.445 -3.933 -5.2 9.955
5 24 -11.956 -10.604 2.953 -11.887 -5.823 3.262 -13.183 -10.175 1.735 -10.78 -5.823 4.363
5 24 4.763 -10.156 2.689 5.641 -9.921 3.729 3.939 -10.14 4.796 6.588 -10.088 1.196
5 24 -2.951 -10.057 2.373 -3.384 -10.156 3.448 -1.661 -10.124 2.846 -4.142 -9.962 1.762
5 24 -1.219 -10.315 -3.932 -1.147 -10.803 -4.576 -1.634 -10.848 -4.017 -0.098 -10.595 -5.909
5 24 -1.932 -13.428 10.864 -4.317 -11.805 10.314 -1.95 -11.771 12.499 -3.988 -13.469 8.913
5 24 -10.285 -8.226 -6.584 -10.456 -5.2 -6.648 -10.874 -5.2 -8.045 -10.032 -5.2 -6.115
5 24 -8.181 -10.128 -3.653 -7.971 -10.714 -4.17 -6.416 -10.304 -2.183 -8.607 -9.933 -4.025
5 24 -2.546 -10.821 -3.128 -2.188 -11.917 -3.695 -2.975 -11.931 -2.958 -1.634 -10.848 -4.017
5 24 -1.932 -13.428 10.864 -3.988 -13.469 8.913 -1.798 -15.122 9.204 -4.317 -11.805 10.314
5 24 -2.423 -9.959 -1.146 -2.67 -10.008 0.075 -3.371 -9.987 -0.185 -2.209 -10.022 -0.304
5 24 2.802 -10.072 2.389 3.314 -10.156 3.493 1.626 -10.115 2.782 3.926 -10.012 1.838
5 24 -10.452 -6.575 -2.056 -9.645 -8.185 -2.978 -10.294 -7.676 -1.918 -10.331 -5.2 -3.198
5 24 1.212 -15.302 -0.09 1.287 -14.669 -0.685 2.52 -14.485 0.538 -0.257 -15.279 -1.312
5 24 -6.031 -10.871 -2.382 -5.269 -11.341 -1.659 -5.12 -11.012 -1.522 -5.964 -11.349 -2.519
5 24 -5.964 -11.349 -2.519 -7.971 -10.714 -4.17 -6.031 -10.871 -2.382 -5.914 -11.979 -2.891
5 24 10.034 -9.09 -1.006 10.577 -5.2 -2.121 10.654 -5.2 -1.403 9.92 -9.155 -1.611
5 24 1.072 -10.679 -4.776 -0.114 -9.982 -4.288 -0.098 -10.595 -5.909 1.004 -10.315 -3.932
5 24 9.718 -11.413 -7.515 10.999 -13.647 0.214 9.939 -13.637 -1.377 11.552 -9.408 -9.234
5 24 -11.956 -10.604 2.953 -9.435 -13.926 2.293 -10.171 -10.901 4.677 -11.096 -13.917 0.304
5 24 -0.682 -14.477 -7.289 -1.133 -13.607 -6.474 -1.079 -14.41 -6.369 -0.685 -13.651 -7.466
5 24 6.202 -10.304 -2.183 5.826 -10.839 -2.455 7.405 -10.518 -3.844 5.185 -10.52 -1.377
5 24 4.264 -9.038 5.845 5.84 -8.734 4.428 5.641 -9.921 3.729 5.6568 -5.2 5.6568
5 24 -5.857 -8.792 4.628 -3.808 -10.156 4.648 -5.48 -10.079 3.724 -4.266 -9.063 5.939
5 24 -9.4235 -8.11 -5.534 -9.743 -5.2 -5.739 -10.032 -5.2 -6.115 -9.681 -5.2 -5.228
5 24 -6.416 -10.304 -2.183 -7.971 -10.714 -4.17 -6.031 -10.871 -2.382 -8.181 -10.128 -3.653
5 24 2.168 -10.123 -2.149 1.905 -8.281 -2.49 1.974 -8.281 -1.724 2.031 -10.252 -2.822
5 24 -0.141 -14.768 -5.29 1.617 -14.572 -4.336 0.207 -14.765 -6.315 -0.39 -14.658 -2.083
5 24 -5.6568 -5.2 5.6568 -4.266 -9.063 5.939 -3.0616 -5.2 7.3912 -5.857 -8.792 4.628
5 24 -4.596 -14.8 -1.607 -6.459 -14.499 -0.568 -6.065 -14.853 -0.193 -4.783 -14.43 -2.156
5 24 8.181 -11.27 -5.499 9.027 -10.574 -6.466 8.551 -9.739 -5.097 9.464 -11.126 -7.617
5 24 -9.661 -8.286 -2.511 -10.271 -8.17 -1.713 -10.146 -8.983 -1.464 -10.294 -7.676 -1.918
5 24 1.617 -14.572 -4.336 -0.39 -14.658 -2.083 -0.141 -14.768 -5.29 1.287 -14.669 -0.685
5 24 9.299 -5.2 0.245 6.956 -9.44 2.317 8.178 -9.237 1.185 8.559 -5.2 1.065
5 24 -8.901 -11.592 -5.803 -9.681 -10.642 -6.563 -9.724 -11.127 -7.248 -8.822 -10.161 -5.0125
5 24 -4.429 -5.823 10.427 -4.317 -11.805 10.314 -1.95 -11.771 12.499 -6.651 -11.848 8.109
5 24 1.626 -10.115 2.782 -0.206 -9.714 2.492 -0.379 -10.141 3.022 1.414 -9.668 2.355
5 24 -2.708 -8.286 2.038 -2.798 -9.561 2.014 -4.025 -8.286 1.525 -1.469 -9.608 2.346
5 24 -4.845 -10.156 2.577 -3.384 -10.156 3.448 -4.142 -9.962 1.762 -5.48 -10.079 3.724
5 24 1.004 -10.315 -3.932 0.523 -8.281 -3.885 -0.114 -9.982 -4.288 1.154 -8.281 -3.568
5 24 2.937 -10.93 -1.614 2.481 -10.551 -1.948 2.642 -10.82 -2.126 2.813 -10.578 -1.429
5 24 4.669 -5.823 9.866 4.201 -5.2 9.458 -0.073 -5.2 13.445 7.528 -5.2 6.249
5 24 -0.03 -9.329 7.091 1.989 -10.156 5.37 2.235 -9.251 6.772 -0.027 -10.156 5.557
5 24 -4.52 -10.473 -1.143 -4.1 -10.781 -1.639 -3.934 -10.476 -1.453 -4.576 -10.834 -1.42
5 24 -7.43 -10.103 0.476 -6.314 -10.13 1.423 -6.175 -9.801 0.176 -7.998 -9.425 1.454
5 24 2.168 -10.123 -2.149 2.481 -10.551 -1.948 2.031 -10.252 -2.822 2.159 -9.98 -1.057
5 24 10.577 -5.2 -2.121 9.92 -9.155 -1.611 9.616 -8.42 -2.515 10.034 -9.09 -1.006
5 24 11.121 -9.43 -9.297 9.718 -11.413 -7.515 11.552 -9.408 -9.234 9.464 -11.126 -7.617
5 24 -3.371 -9.987 -0.185 -3.276 -8.281 0.183 -2.67 -10.008 0.075 -4.812 -10.182 -0.958
5 24 9.299 -5.2 0.245 9.131 -9.081 0.31 9.817 -9.074 -0.388 8.178 -9.237 1.185
5 24 -8.22 -8.281 -3.546 -8.607 -9.933 -4.025 -8.181 -10.128 -3.653 -8.86 -8.281 -4.065
5 24 2.298 -8.281 0.456 2.164 -10.011 -0.014 1.798 -8.281 0.313 2.552 -10.022 0.041
5 24 -0.098 -10.595 -5.909 -1.219 -10.315 -3.932 -0.114 -9.982 -4.288 -1.147 -10.803 -4.576
5 24 9.027 -10.574 -6.466 8.881 -8.632 -5.65 8.551 -9.739 -5.097 10.309 -9.374 -7.827
5 24 10.976 -5.2 -8.584 10.309 -9.374 -7.827 11.121 -9.43 -9.297 10.503 -5.2 -7.511
5 24 9.718 -11.413 -7.515 7.331 -13.103 -5.261 7.458 -13.408 -5.154 9.464 -11.126 -7.617
5 24 5.725 -13.124 -3.615 5.87 -13.499 -3.49 7.331 -13.103 -5.261 4.538 -13.54 -2.186
5 24 -5.955 -13.373 7.366 -8.325 -12.01 6.343 -6.651 -11.848 8.109 -7.827 -13.194 5.64
5 24 -0.587 -15.029 5.158 -1.798 -15.122 9.204 -0.155 -15.065 10.703 -2.358 -15.19 3.488
5 24 5.826 -10.839 -2.455 5.185 -10.52 -1.377 6.202 -10.304 -2.183 4.809 -11.026 -1.467
5 24 -0.805 -14.826 -5.785 -0.141 -14.768 -5.29 -1.124 -14.781 -5.19 -0.477 -14.831 -6.376
5 24 9.299 -5.2 0.245 8.178 -9.237 1.185 9.131 -9.081 0.31 6.956 -9.44 2.317
5 24 -10.78 -5.823 4.363 -10.171 -10.901 4.677 -11.956 -10.604 2.953 -8.855 -5.823 6.213
5 24 0.2 -13.591 -7.525 0.182 -14.452 -7.389 1.121 -13.489 -6.389 -0.312 -14.488 -7.668
5 24 -6.459 -14.499 -0.568 -8.889 -15.04 2.275 -6.065 -14.853 -0.193 -9.336 -14.3 2.263
5 24 3.331 -13.863 -1.569 3.164 -14.157 -1.888 3.492 -13.562 -2.216 2.52 -14.485 0.538
5 24 3.566 -13.161 -2.88 3.502 -13.877 -2.692 2.991 -14.067 -3.717 3.492 -13.562 -2.216
5 24 3.77 -13.533 -1.954 3.778 -13.138 -2.172 4.084 -13.132 -2.113 3.492 -13.562 -2.216
5 24 8.051 -10.255 -4.451 8.729 -9.461 -4.331 8.309 -9.837 -3.936 8.551 -9.739 -5.097
5 24 -3.384 -10.156 3.448 -1.661 -10.124 2.846 -2.951 -10.057 2.373 -1.809 -10.156 3.976
5 24 12.743 -5.2 -5.111 14.042 -5.823 -3.175 11.669 -5.2 -8.242 13.383 -5.2 -3.152
5 24 -1.99 -10.156 5.287 -4.266 -9.063 5.939 -3.808 -10.156 4.648 -2.275 -9.257 6.797
5 24 -8.889 -15.04 2.275 -8.286 -14.299 3.495 -7.145 -14.519 4.792 -9.336 -14.3 2.263
5 24 8.051 -10.255 -4.451 7.637 -10.102 -3.416 8.309 -9.837 -3.936 7.405 -10.518 -3.844
5 24 -9.4235 -8.11 -5.534 -9.285 -8.338 -4.207 -9.681 -5.2 -5.228 -9.016 -9.62 -5.094
5 24 -6.314 -10.13 1.423 -4.845 -10.156 2.577 -4.142 -9.962 1.762 -5.48 -10.079 3.724
5 24 3.668 -10.548 -1.044 3.203 -10.017 -0.188 4.621 -10.246 -0.917 2.159 -9.98 -1.057
5 24 -3.934 -10.476 -1.453 -4.52 -10.473 -1.143 -4.1 -10.781 -1.639 -3.371 -9.987 -0.185
5 24 -0.073 -5.2 13.445 4.669 -5.823 9.866 0.002 -5.823 14.097 4.201 -5.2 9.458
5 24 4.763 -10.156 2.689 6.588 -10.088 1.196 3.926 -10.012 1.838 5.641 -9.921 3.729
5 24 -0.113 -10.156 4.16 -1.809 -10.156 3.976 -1.99 -10.156 5.287 -0.379 -10.141 3.022
5 24 8.309 -9.837 -3.936 8.051 -10.255 -4.451 8.729 -9.461 -4.331 7.637 -10.102 -3.416
5 24 -6.798 -9.674 2.55 -6.93 -8.47 3.066 -7.998 -9.425 1.454 -5.48 -10.079 3.724
5 24 13.956 -9.596 -3.056 14.042 -5.823 -3.175 14.766 -5.823 -0.25 11.552 -9.408 -9.234
5 24 8.881 -8.632 -5.65 9.07 -8.338 -4.207 8.729 -9.461 -4.331 9.477 -5.2 -5.982
5 24 -5.04 -12.152 -1.676 -5.629 -12.14 -2.081 -4.814 -12.638 -1.875 -5.269 -11.341 -1.659
5 24 4.264 -9.038 5.845 3.0616 -5.2 7.3912 2.235 -9.251 6.772 5.6568 -5.2 5.6568
5 24 4.538 -13.54 -2.186 4.874 -13.729 -1.707 5.87 -13.499 -3.49 4.134 -13.544 -1.966
5 24 -0.477 -14.831 -6.376 -0.805 -14.826 -5.785 -0.141 -14.768 -5.29 -1.079 -14.41 -6.369
5 24 -10.214 -11.561 -7.422 -11.666 -11.589 -3.762 -13.38 -9.1 -4.516 -8.697 -13.891 -5.818
5 24 3.314 -10.156 3.493 4.763 -10.156 2.689 3.926 -10.012 1.838 3.939 -10.14 4.796
5 24 8.551 -9.739 -5.097 9.027 -10.574 -6.466 8.881 -8.632 -5.65 8.181 -11.27 -5.499
5 24 3.492 -13.562 -2.216 3.566 -13.161 -2.88 3.576 -13.141 -2.433 3.502 -13.877 -2.692
5 24 -9.4235 -8.11 -5.534 -9.681 -5.2 -5.228 -9.743 -5.2 -5.739 -9.285 -8.338 -4.207
5 24 -6.93 -8.47 3.066 -5.857 -8.792 4.628 -5.48 -10.079 3.724 -5.6568 -5.2 5.6568
5 24 3.164 -14.157 -1.888 2.499 -14.405 -2.824 1.287 -14.669 -0.685 3.502 -13.877 -2.692
5 24 -6.596 -15.145 4.637 -7.145 -14.519 4.792 -8.889 -15.04 2.275 -5.376 -15.149 5.776
5 24 9.817 -9.074 -0.388 10.294 -5.2 -0.713 9.299 -5.2 0.245 10.654 -5.2 -1.403
5 24 -6.815 -5.823 8.159 -6.651 -11.848 8.109 -8.533 -10.965 6.291 -4.429 -5.823 10.427
5 24 -2.455 -10.064 -2.187 -3.934 -10.476 -1.453 -2.246 -10.252 -2.822 -3.371 -9.987 -0.185
5 24 9.464 -11.126 -7.617 9.718 -11.413 -7.515 11.121 -9.43 -9.297 7.331 -13.103 -5.261
5 24 -7.827 -13.194 5.64 -5.955 -13.373 7.366 -8.325 -12.01 6.343 -5.376 -15.149 5.776
5 24 -9.072 -9.257 0.506 -8.352 -10.109 -0.403 -9.119 -10.073 -0.883 -7.43 -10.103 0.476
5 24 -9.652 -9.782 -1.615 -9.65 -9.196 -2.207 -8.829 -9.633 -1.962 -10.146 -8.983 -1.464
5 24 8.178 -9.237 1.185 8.316 -10.069 -0.446 9.131 -9.081 0.31 7.555 -10.052 0.327
5 24 -8.092 -11.898 -5.092 -8.6 -11.84 -5.469 -8.54 -12.335 -6.12 -8.532 -10.534 -4.795
5 24 11.03 -5.2 -8.801 11.121 -9.43 -9.297 11.199 -5.823 -9.401 10.976 -5.2 -8.584
5 24 -0.682 -14.477 -7.289 -0.685 -13.651 -7.466 -1.133 -13.607 -6.474 -0.312 -14.488 -7.668
5 24 -8.697 -13.891 -5.818 -6.53 -14.159 -0.608 -5.585 -13.9 -2.862 -9.946 -13.878 -3.024
5 24 8.062 -11.174 6.449 4.669 -5.823 9.866 8.031 -5.823 6.655 0.035 -11.649 13.929
5 24 -1.798 -15.122 9.204 -1.932 -13.428 10.864 -3.988 -13.469 8.913 -0.155 -15.065 10.703
5 24 7.555 -10.052 0.327 6.887 -9.926 -0.367 6.238 -9.97 0.218 7.665 -9.936 -0.985
5 24 -4.08 -9.557 1.531 -6.175 -9.801 0.176 -4.142 -9.962 1.762 -6.161 -8.286 0.093
5 24 2.031 -10.252 -2.822 1.631 -8.281 -3.065 1.518 -10.448 -3.565 1.905 -8.281 -2.49
5 24 3.203 -10.017 -0.188 2.159 -9.98 -1.057 2.04 -9.987 -0.646 3.668 -10.548 -1.044
5 24 8.325 -11.168 6.162 8.031 -5.823 6.655 8.062 -11.174 6.449 10.814 -10.809 3.68
5 24 -2.369 -10.011 -0.009 -2.496 -8.281 0.452 -2.67 -10.008 0.075 -2.032 -8.281 0.341
5 24 4.874 -13.729 -1.707 3.331 -13.863 -1.569 4.134 -13.544 -1.966 2.924 -13.943 0.529
5 24 -10.146 -8.983 -1.464 -9.661 -8.286 -2.511 -10.271 -8.17 -1.713 -9.65 -9.196 -2.207
5 24 -0.141 -14.768 -5.29 -0.39 -14.658 -2.083 1.617 -14.572 -4.336 -1.834 -14.774 -4.279
5 24 -9.05 -8.286 -2.223 -8.829 -9.633 -1.962 -9.65 -9.196 -2.207 -6.161 -8.286 0.093
5 24 -1.469 -9.608 2.346 -1.489 -8.286 2.313 -2.708 -8.286 2.038 -0.107 -8.286 2.411
5 24 -4.142 -9.962 1.762 -4.845 -10.156 2.577 -6.314 -10.13 1.423 -3.384 -10.156 3.448
5 24 3.502 -13.877 -2.692 2.499 -14.405 -2.824 3.164 -14.157 -1.888 2.991 -14.067 -3.717
5 24 -12.953 -11.63 0.148 -13.38 -9.1 -4.516 -14.75 -9.097 0.092 -11.666 -11.589 -3.762
5 24 -5.629 -12.14 -2.081 -4.814 -12.638 -1.875 -5.04 -12.152 -1.676 -5.663 -12.554 -2.534
5 24 7.637 -10.102 -3.416 6.687 -8.281 -2.465 6.202 -10.304 -2.183 8.006 -8.281 -3.546
5 24 -3.276 -8.281 0.183 -2.67 -10.008 0.075 -2.496 -8.281 0.452 -3.371 -9.987 -0.185
5 24 4.264 -9.038 5.845 5.6568 -5.2 5.6568 5.84 -8.734 4.428 3.0616 -5.2 7.3912
5 24 -13.488 -5.823 -4.518 -14.123 -5.2 -0.064 -14.828 -5.823 0.094 -12.778 -5.2 -4.329
5 24 -4.596 -14.8 -1.607 -6.065 -14.853 -0.193 -6.459 -14.499 -0.568 -3.601 -14.722 1.318
5 24 -8.607 -9.933 -4.025 -8.86 -8.281 -4.065 -8.22 -8.281 -3.546 -8.959 -9.501 -4.336
5 24 8.475 -9.852 -1.727 7.605 -8.286 -1.237 8.59 -8.286 -2.035 7.665 -9.936 -0.985
5 24 8.475 -9.852 -1.727 8.59 -8.286 -2.035 7.605 -8.286 -1.237 8.967 -9.251 -2.227
5 24 3.005 -15.291 1.696 2.924 -13.943 0.529 2.52 -14.485 0.538 5.304 -14.014 3.271
5 24 -8.532 -10.534 -4.795 -8.607 -9.933 -4.025 -7.971 -10.714 -4.17 -8.822 -10.161 -5.0125
5 24 -1.834 -14.774 -4.279 -4.596 -14.8 -1.607 -0.39 -14.658 -2.083 -4.783 -14.43 -2.156
5 24 2.937 -10.93 -1.614 2.813 -10.578 -1.429 2.481 -10.551 -1.948 3.713 -10.967 -1.304
5 24 -10.294 -7.676 -1.918 -9.645 -8.185 -2.978 -10.452 -6.575 -2.056 -9.661 -8.286 -2.511
5 24 -6.459 -14.499 -0.568 -6.065 -14.853 -0.193 -4.596 -14.8 -1.607 -8.889 -15.04 2.275
5 24 -6.93 -8.47 3.066 -7.3912 -5.2 3.0616 -5.6568 -5.2 5.6568 -8.411 -5.2 1.303
5 24 -7.43 -10.103 0.476 -7.998 -9.425 1.454 -9.072 -9.257 0.506 -6.314 -10.13 1.423
5 24 -9.016 -9.62 -5.094 -8.822 -10.161 -5.0125 -8.959 -9.501 -4.336 -9.246 -9.816 -5.578
5 24 -1.327 -11.897 -4.634 -1.147 -10.803 -4.576 -0.87 -11.872 -5.401 -1.634 -10.848 -4.017
5 24 9.616 -8.42 -2.515 9.92 -9.155 -1.611 10.577 -5.2 -2.121 9.558 -9.101 -2.177
5 24 1.527 -8.281 -0.215 2.04 -9.987 -0.646 1.999 -10.015 -0.305 1.783 -8.281 -0.977
5 24 11.121 -9.43 -9.297 10.976 -5.2 -8.584 11.03 -5.2 -8.801 10.309 -9.374 -7.827
5 24 -8.822 -10.161 -5.0125 -8.901 -11.592 -5.803 -8.532 -10.534 -4.795 -9.681 -10.642 -6.563
5 24 -2.798 -9.561 2.014 -2.951 -10.057 2.373 -4.142 -9.962 1.762 -1.661 -10.124 2.846
5 24 3.314 -10.156 3.493 1.626 -10.115 2.782 2.802 -10.072 2.389 1.744 -10.156 4.005
5 24 5.733 -12.065 -2.834 5.725 -13.124 -3.615 4.401 -13.132 -2.241 7.445 -11.763 -4.605
5 24 -9.246 -9.816 -5.578 -9.681 -10.642 -6.563 -8.822 -10.161 -5.0125 -10.684 -8.708 -7.473
5 24 -5.269 -11.341 -1.659 -4.576 -10.834 -1.42 -5.12 -11.012 -1.522 -5.04 -12.152 -1.676
5 24 -8.367 -13.797 3.46 -10.171 -10.901 4.677 -8.533 -10.965 6.291 -9.435 -13.926 2.293
5 24 8.671 -8.281 -4.078 8.729 -9.461 -4.331 9.07 -8.338 -4.207 8.309 -9.837 -3.936
5 24 2.159 -9.98 -1.057 1.974 -8.281 -1.724 2.168 -10.123 -2.149 1.783 -8.281 -0.977
5 24 -8.86 -8.281 -4.065 -9.645 -8.185 -2.978 -9.285 -8.338 -4.207 -9.05 -8.286 -2.223
5 24 6.202 -10.304 -2.183 7.405 -10.518 -3.844 7.637 -10.102 -3.416 5.826 -10.839 -2.455
5 24 -5.964 -11.349 -2.519 -6.031 -10.871 -2.382 -7.971 -10.714 -4.17 -5.269 -11.341 -1.659
5 24 2.346 -10.702 -3.113 1.518 -10.448 -3.565 1.739 -10.713 -3.932 2.031 -10.252 -2.822
5 24 5.826 -10.839 -2.455 5.733 -12.065 -2.834 7.405 -10.518 -3.844 4.809 -11.026 -1.467
5 24 6.023 -15.164 4.685 6.699 -13.94 4.646 5.304 -14.014 3.271 8.325 -11.168 6.162
5 24 -1.483 -13.561 -5.538 -2.188 -11.917 -3.695 -1.327 -11.897 -4.634 -4.185 -13.536 -2.775
5 24 -2.185 -8.281 -1.714 -2.455 -10.064 -2.187 -2.11 -8.281 -2.51 -2.423 -9.959 -1.146
5 24 7.3912 -5.2 3.0616 5.84 -8.734 4.428 6.956 -9.44 2.317 5.6568 -5.2 5.6568
5 24 2.159 -9.98 -1.057 3.668 -10.548 -1.044 2.813 -10.578 -1.429 3.203 -10.017 -0.188
5 24 -2.261 -9.99 -0.676 -1.957 -8.281 -0.914 -2.423 -9.959 -1.146 -1.729 -8.281 -0.438
5 24 8.729 -9.461 -4.331 8.881 -8.632 -5.65 8.551 -9.739 -5.097 9.07 -8.338 -4.207
5 24 -4.832 -13.954 -2.236 -4.185 -13.536 -2.775 -4.777 -13.53 -2.325 -2.177 -14.386 -4.611
5 24 2.813 -10.578 -1.429 3.668 -10.548 -1.044 3.713 -10.967 -1.304 2.159 -9.98 -1.057
5 24 -2.708 -8.286 2.038 -1.469 -9.608 2.346 -1.489 -8.286 2.313 -2.798 -9.561 2.014
5 24 7.555 -10.052 0.327 6.238 -9.97 0.218 6.887 -9.926 -0.367 6.588 -10.088 1.196
5 24 2.159 -9.98 -1.057 1.783 -8.281 -0.977 1.974 -8.281 -1.724 2.04 -9.987 -0.646
5 24 -2.275 -9.257 6.797 -0.027 -10.156 5.557 -1.99 -10.156 5.287 -0.03 -9.329 7.091
5 24 4.523 -12.101 -1.552 5.733 -12.065 -2.834 4.401 -13.132 -2.241 4.809 -11.026 -1.467
5 24 -6.175 -9.801 0.176 -8.352 -10.109 -0.403 -8.829 -9.633 -1.962 -7.43 -10.103 0.476
5 24 3.566 -13.161 -2.88 2.818 -11.906 -2.461 3.059 -13.228 -3.906 2.967 -12.058 -1.811
5 24 -8.092 -11.898 -5.092 -8.532 -10.534 -4.795 -8.6 -11.84 -5.469 -7.971 -10.714 -4.17
5 24 2.552 -10.022 0.041 2.298 -8.281 0.456 2.164 -10.011 -0.014 3.064 -8.281 0.19
5 24 1.121 -13.489 -6.389 1.115 -14.328 -6.208 2.003 -13.369 -5.26 0.182 -14.452 -7.389
5 24 1.712 -11.888 -4.362 1.072 -10.679 -4.776 1.065 -11.861 -5.211 1.739 -10.713 -3.932
5 24 -0.87 -11.872 -5.401 -0.685 -13.651 -7.466 -1.133 -13.607 -6.474 -0.094 -11.822 -6.388
5 24 -10.684 -8.708 -7.473 -10.874 -5.2 -8.045 -10.922 -5.833 -8.616 -10.285 -8.226 -6.584
5 24 2.031 -10.252 -2.822 2.642 -10.82 -2.126 2.481 -10.551 -1.948 2.346 -10.702 -3.113
5 24 9.817 -9.074 -0.388 9.299 -5.2 0.245 9.131 -9.081 0.31 10.294 -5.2 -0.713
5 24 2.346 -10.702 -3.113 2.031 -10.252 -2.822 2.642 -10.82 -2.126 1.518 -10.448 -3.565
5 24 -5.376 -15.149 5.776 -7.145 -14.519 4.792 -7.827 -13.194 5.64 -6.596 -15.145 4.637
5 24 -9.072 -9.257 0.506 -7.43 -10.103 0.476 -8.352 -10.109 -0.403 -7.998 -9.425 1.454
5 24 9.92 -9.155 -1.611 9.614 -9.735 -1.523 9.558 -9.101 -2.177 10.034 -9.09 -1.006
5 24 -9.119 -10.073 -0.883 -9.652 -9.782 -1.615 -8.829 -9.633 -1.962 -9.838 -9.208 -0.217
5 24 -1.483 -13.561 -5.538 -0.87 -11.872 -5.401 -1.327 -11.897 -4.634 -1.133 -13.607 -6.474
5 24 1.982 -14.219 -5.071 3.059 -13.228 -3.906 2.991 -14.067 -3.717 2.003 -13.369 -5.26
5 24 13.956 -9.596 -3.056 14.766 -5.823 -0.25 14.042 -5.823 -3.175 14.477 -9.725 -0.162
5 24 4.401 -13.132 -2.241 4.538 -13.54 -2.186 5.725 -13.124 -3.615 4.134 -13.544 -1.966
5 24 -5.269 -11.341 -1.659 -5.629 -12.14 -2.081 -5.04 -12.152 -1.676 -5.964 -11.349 -2.519
5 24 -9.336 -14.3 2.263 -6.53 -14.159 -0.608 -9.435 -13.926 2.293 -6.459 -14.499 -0.568
5 24 -6.314 -10.13 1.423 -4.142 -9.962 1.762 -4.845 -10.156 2.577 -6.175 -9.801 0.176
5 24 10.577 -5.2 -2.121 9.528 -8.132 -2.95 9.616 -8.42 -2.515 10.259 -5.2 -3.066
5 24 -1.472 -14.343 -5.448 -1.483 -13.561 -5.538 -1.079 -14.41 -6.369 -2.177 -14.386 -4.611
5 24 -1.882 -5.823 12.803 -3.933 -5.2 9.955 -1.451 -5.2 12.312 -4.429 -5.823 10.427
5 24 -7.998 -9.425 1.454 -6.93 -8.47 3.066 -6.798 -9.674 2.55 -9.072 -9.257 0.506
5 24 -1.634 -10.848 -4.017 -2.188 -11.917 -3.695 -2.546 -10.821 -3.128 -1.327 -11.897 -4.634
5 24 -0.39 -14.658 -2.083 -4.596 -14.8 -1.607 -3.601 -14.722 1.318 -1.834 -14.774 -4.279
5 24 2.642 -10.82 -2.126 2.481 -10.551 -1.948 2.031 -10.252 -2.822 2.937 -10.93 -1.614
5 24 4.264 -9.038 5.845 5.641 -9.921 3.729 5.84 -8.734 4.428 3.939 -10.14 4.796
5 24 -0.379 -10.141 3.022 -1.809 -10.156 3.976 -1.661 -10.124 2.846 -0.113 -10.156 4.16
5 24 -4.08 -9.557 1.531 -4.142 -9.962 1.762 -2.798 -9.561 2.014 -6.175 -9.801 0.176
5 24 -11.631 -9.159 -8.761 -10.861 -9.402 -8.394 -10.922 -5.833 -8.616 -10.214 -11.561 -7.422
5 24 8.325 -11.168 6.162 8.612 -13.838 2.667 10.814 -10.809 3.68 6.699 -13.94 4.646
5 24 3.492 -13.562 -2.216 3.778 -13.138 -2.172 3.576 -13.141 -2.433 3.77 -13.533 -1.954
5 24 5.733 -12.065 -2.834 7.445 -11.763 -4.605 7.405 -10.518 -3.844 5.725 -13.124 -3.615
5 24 7.665 -9.936 -0.985 8.316 -10.069 -0.446 7.555 -10.052 0.327 8.475 -9.852 -1.727
5 24 2.003 -13.369 -5.26 1.115 -14.328 -6.208 1.982 -14.219 -5.071 1.121 -13.489 -6.389
5 24 3.939 -10.14 4.796 2.235 -9.251 6.772 1.989 -10.156 5.37 4.264 -9.038 5.845
5 24 -2.975 -11.931 -2.958 -2.546 -10.821 -3.128 -3.023 -10.761 -2.633 -2.188 -11.917 -3.695
5 24 -8.54 -12.335 -6.12 -8.697 -13.891 -5.818 -9.724 -11.127 -7.248 -6.043 -12.421 -3.559
5 24 -6.043 -12.421 -3.559 -5.663 -12.554 -2.534 -5.374 -13.505 -2.884 -5.914 -11.979 -2.891
5 24 3.778 -13.138 -2.172 3.607 -12.075 -1.431 4.084 -13.132 -2.113 3.576 -13.141 -2.433
5 24 -8.959 -9.501 -4.336 -9.016 -9.62 -5.094 -9.285 -8.338 -4.207 -8.822 -10.161 -5.0125
5 24 -2.209 -10.022 -0.304 -1.729 -8.281 -0.438 -1.74 -8.281 -0.015 -2.261 -9.99 -0.676
5 24 -11.887 -5.823 3.262 -11.485 -5.2 2.762 -10.325 -5.2 3.892 -13.118 -5.823 2.027
5 24 2.499 -14.405 -2.824 1.617 -14.572 -4.336 1.287 -14.669 -0.685 2.991 -14.067 -3.717
5 24 9.939 -13.637 -1.377 4.874 -13.729 -1.707 7.167 -13.82 1.072 7.458 -13.408 -5.154
5 24 -1.124 -14.781 -5.19 -1.472 -14.343 -5.448 -2.177 -14.386 -4.611 -0.805 -14.826 -5.785
5 24 -9.119 -10.073 -0.883 -9.072 -9.257 0.506 -9.838 -9.208 -0.217 -8.352 -10.109 -0.403
5 24 2.818 -11.906 -2.461 3.059 -13.228 -3.906 3.566 -13.161 -2.88 2.366 -11.882 -3.499
5 24 0 -5.2 8 -2.275 -9.257 6.797 -0.03 -9.329 7.091 -3.0616 -5.2 7.3912
5 24 2.813 -10.578 -1.429 2.159 -9.98 -1.057 3.668 -10.548 -1.044 2.481 -10.551 -1.948
5 24 -9.194 -5.2 0.4 -9.072 -9.257 0.506 -8.411 -5.2 1.303 -9.838 -9.208 -0.217
5 24 -8.829 -9.633 -1.962 -9.652 -9.782 -1.615 -9.65 -9.196 -2.207 -9.119 -10.073 -0.883
5 24 4.621 -10.246 -0.917 3.668 -10.548 -1.044 3.203 -10.017 -0.188 4.809 -11.026 -1.467
5 24 9.07 -8.338 -4.207 9.702 -5.2 -4.714 9.477 -5.2 -5.982 9.528 -8.132 -2.95
5 24 -9.681 -10.642 -6.563 -8.822 -10.161 -5.0125 -9.246 -9.816 -5.578 -8.901 -11.592 -5.803
5 24 -4.576 -10.834 -1.42 -4.52 -10.473 -1.143 -4.1 -10.781 -1.639 -5.259 -10.688 -1.386
5 24 9.616 -8.42 -2.515 10.577 -5.2 -2.121 9.92 -9.155 -1.611 9.528 -8.132 -2.95
5 24 9.558 -9.101 -2.177 9.614 -9.735 -1.523 8.82 -9.657 -2.031 9.92 -9.155 -1.611
5 24 -1.469 -9.608 2.346 -0.107 -8.286 2.411 -0.206 -9.714 2.492 -1.489 -8.286 2.313
5 24 -0.206 -9.714 2.492 -0.379 -10.141 3.022 -1.469 -9.608 2.346 1.626 -10.115 2.782
5 24 10.288 -5.2 3.538 11.067 -5.823 3.679 14.139 -5.2 -0.392 8.031 -5.823 6.655
5 24 -2.209 -10.022 -0.304 -2.423 -9.959 -1.146 -2.67 -10.008 0.075 -2.261 -9.99 -0.676
5 24 -1.124 -14.781 -5.19 -0.141 -14.768 -5.29 -0.805 -14.826 -5.785 -1.834 -14.774 -4.279
5 24 7.167 -13.82 1.072 4.874 -13.729 -1.707 5.304 -14.014 3.271 9.939 -13.637 -1.377
5 24 -5.955 -13.373 7.366 -6.651 -11.848 8.109 -8.325 -12.01 6.343 -4.317 -11.805 10.314
5 24 1.989 -10.156 5.37 3.314 -10.156 3.493 3.939 -10.14 4.796 1.744 -10.156 4.005
5 24 9.528 -8.132 -2.95 8.671 -8.281 -4.078 9.07 -8.338 -4.207 9.011 -8.286 -2.371
5 24 3.607 -12.075 -1.431 3.576 -13.141 -2.433 2.967 -12.058 -1.811 3.778 -13.138 -2.172
5 24 9.939 -13.637 -1.377 9.718 -11.413 -7.515 10.999 -13.647 0.214 7.458 -13.408 -5.154
5 24 -10.294 -7.676 -1.918 -9.661 -8.286 -2.511 -10.271 -8.17 -1.713 -9.645 -8.185 -2.978
5 24 -4.266 -9.063 5.939 -2.275 -9.257 6.797 -1.99 -10.156 5.287 -3.0616 -5.2 7.3912
5 24 10.814 -10.809 3.68 11.067 -5.823 3.679 8.031 -5.823 6.655 14.477 -9.725 -0.162
5 24 -0.155 -15.065 10.703 3.005 -15.291 1.696 6.023 -15.164 4.685 -0.587 -15.029 5.158
5 24 2.991 -14.067 -3.717 2.499 -14.405 -2.824 1.617 -14.572 -4.336 3.502 -13.877 -2.692
5 24 -2.67 -10.008 0.075 -2.496 -8.281 0.452 -3.276 -8.281 0.183 -2.369 -10.011 -0.009
5 24 13.956 -9.596 -3.056 12.88 -11.643 -0.065 14.477 -9.725 -0.162 10.999 -13.647 0.214
5 24 -3.384 -10.156 3.448 -1.809 -10.156 3.976 -3.808 -10.156 4.648 -1.661 -10.124 2.846
5 24 3.788 -8.286 1.542 3.84 -9.669 1.588 6.008 -8.286 0.057 2.614 -9.682 2.076
5 24 2.642 -10.82 -2.126 2.818 -11.906 -2.461 2.346 -10.702 -3.113 2.937 -10.93 -1.614
5 24 -0.312 -14.488 -7.668 -0.246 -14.796 -7.007 -0.682 -14.477 -7.289 0.182 -14.452 -7.389
5 24 2.159 -9.98 -1.057 2.481 -10.551 -1.948 2.168 -10.123 -2.149 2.813 -10.578 -1.429
5 24 -1.798 -15.122 9.204 -3.988 -13.469 8.913 -1.932 -13.428 10.864 -3.688 -15.088 7.394
5 24 14.042 -5.823 -3.175 11.669 -5.2 -8.242 12.743 -5.2 -5.111 11.67 -5.823 -9.346
5 24 -1.95 -11.771 12.499 -1.882 -5.823 12.803 0.035 -11.649 13.929 -4.429 -5.823 10.427
5 24 -9.681 -10.642 -6.563 -9.724 -11.127 -7.248 -8.901 -11.592 -5.803 -10.861 -9.402 -8.394
5 24 -2.455 -10.064 -2.187 -2.11 -8.281 -2.51 -2.246 -10.252 -2.822 -2.185 -8.281 -1.714
5 24 -4.429 -5.823 10.427 -3.933 -5.2 9.955 -1.882 -5.823 12.803 -6.372 -5.2 7.64
5 24 -5.4 -10.52 -1.377 -5.296 -8.281 -1.177 -5.973 -8.281 -1.723 -4.812 -10.182 -0.958
5 24 -8.901 -11.592 -5.803 -9.724 -11.127 -7.248 -8.54 -12.335 -6.12 -9.681 -10.642 -6.563
5 24 3.203 -10.017 -0.188 3.064 -8.281 0.19 2.552 -10.022 0.041 4.621 -10.246 -0.917
5 24 -0.246 -14.796 -7.007 0.182 -14.452 -7.389 -0.312 -14.488 -7.668 0.207 -14.765 -6.315
5 24 -5.629 -12.14 -2.081 -5.663 -12.554 -2.534 -4.814 -12.638 -1.875 -5.914 -11.979 -2.891
5 24 -5.48 -10.079 3.724 -5.857 -8.792 4.628 -6.93 -8.47 3.066 -3.808 -10.156 4.648
5 24 -0.805 -14.826 -5.785 -1.124 -14.781 -5.19 -0.141 -14.768 -5.29 -1.472 -14.343 -5.448
5 24 -9.652 -9.782 -1.615 -10.146 -8.983 -1.464 -9.65 -9.196 -2.207 -9.838 -9.208 -0.217
5 24 -9.724 -11.127 -7.248 -10.214 -11.561 -7.422 -10.861 -9.402 -8.394 -8.697 -13.891 -5.818
5 24 -11.666 -11.589 -3.762 -8.697 -13.891 -5.818 -10.214 -11.561 -7.422 -9.946 -13.878 -3.024
5 24 -8.181 -10.128 -3.653 -8.22 -8.281 -3.546 -6.932 -8.281 -2.502 -8.607 -9.933 -4.025
5 24 -0.246 -14.796 -7.007 -0.682 -14.477 -7.289 -0.477 -14.831 -6.376 -0.312 -14.488 -7.668
5 24 -4.812 -10.182 -0.958 -4.52 -10.473 -1.143 -5.259 -10.688 -1.386 -3.371 -9.987 -0.185
5 24 -9.681 -10.642 -6.563 -10.861 -9.402 -8.394 -9.724 -11.127 -7.248 -10.684 -8.708 -7.473
5 24 -1.74 -8.281 -0.015 -2.369 -10.011 -0.009 -2.209 -10.022 -0.304 -2.032 -8.281 0.341
5 24 1.999 -10.015 -0.305 1.527 -8.281 -0.215 2.04 -9.987 -0.646 1.798 -8.281 0.313
5 24 3.059 -13.228 -3.906 1.712 -11.888 -4.362 2.003 -13.369 -5.26 2.366 -11.882 -3.499
5 24 -13.118 -5.823 2.027 -11.485 -5.2 2.762 -11.887 -5.823 3.262 -12.616 -5.2 1.589
5 24 -2.358 -15.19 3.488 -0.621 -14.851 4.364 -1.928 -14.831 2.991 -0.587 -15.029 5.158
5 24 4.809 -11.026 -1.467 3.668 -10.548 -1.044 3.713 -10.967 -1.304 4.621 -10.246 -0.917
5 24 5.185 -10.52 -1.377 5.842 -8.281 -1.779 5.111 -8.281 -1.188 6.202 -10.304 -2.183
5 24 -10.285 -8.226 -6.584 -9.4235 -8.11 -5.534 -9.246 -9.816 -5.578 -10.032 -5.2 -6.115
5 24 -3.808 -10.156 4.648 -4.266 -9.063 5.939 -5.857 -8.792 4.628 -1.99 -10.156 5.287
5 24 -6.53 -14.159 -0.608 -4.783 -14.43 -2.156 -4.832 -13.954 -2.236 -6.459 -14.499 -0.568
5 24 3.77 -13.533 -1.954 3.331 -13.863 -1.569 4.134 -13.544 -1.966 3.492 -13.562 -2.216
5 24 1.617 -14.572 -4.336 2.991 -14.067 -3.717 1.982 -14.219 -5.071 2.499 -14.405 -2.824
5 24 1.065 -11.861 -5.211 2.003 -13.369 -5.26 1.712 -11.888 -4.362 1.121 -13.489 -6.389
5 24 -2.423 -9.959 -1.146 -3.371 -9.987 -0.185 -2.455 -10.064 -2.187 -2.67 -10.008 0.075
5 24 -5.376 -15.149 5.776 -2.358 -15.19 3.488 -3.688 -15.088 7.394 -3.798 -15.041 2.061
5 24 -10.684 -8.708 -7.473 -10.922 -5.833 -8.616 -10.861 -9.402 -8.394 -10.874 -5.2 -8.045
5 24 -13.118 -5.823 2.027 -13.183 -10.175 1.735 -14.75 -9.097 0.092 -11.887 -5.823 3.262
5 24 -4.272 -12.711 -2.186 -4.207 -11.984 -1.857 -4.814 -12.638 -1.875 -2.975 -11.931 -2.958
5 24 -0.312 -14.488 -7.668 -0.685 -13.651 -7.466 -0.682 -14.477 -7.289 -0.301 -13.641 -7.744
5 24 -5.663 -12.554 -2.534 -5.374 -13.505 -2.884 -6.043 -12.421 -3.559 -4.777 -13.53 -2.325
5 24 1.744 -10.156 4.005 1.626 -10.115 2.782 -0.113 -10.156 4.16 3.314 -10.156 3.493
