0 ~Minifig Hair Female Wavy Ponytail with Long Bangs - Hair
0 Name: s\25405s01.dat
0 Author: Lisa Winter [LisaWinter]
0 !LDRAW_ORG Unofficial_Subpart
0 !LICENSE Licensed under CC BY 4.0 : see CAreadme.txt

0 BFC CERTIFY CCW

0 // Inside
1 16 0 -3 0 1 0 0 0 -.75 0 0 0 1 stud4a.dat
0 BFC INVERTNEXT
1 16 0 -5.5 0 6 0 0 0 2.5 0 0 0 6 4-4cyli.dat
1 16 0 -5.5 0 6 0 0 0 -1 0 0 0 6 4-4disc.dat
1 16 0 -5.5 0 6 0 0 0 1 0 0 0 6 4-4edge.dat

1 16 0 -3 0 2 0 0 0 -1 0 0 0 -2 2-4ring4.dat
1 16 0 -3 0 2 0 0 0 -1 0 0 0 2 3-16ring4.dat
1 16 0 -3 0 -2 0 0 0 -1 0 0 0 2 3-16ring4.dat

1 16 0 -3 0 8 0 0 0 -1 0 0 0 -8 2-4edge.dat
1 16 0 -3 0 8 0 0 0 -1 0 0 0 8 3-16edge.dat
1 16 0 -3 0 -8 0 0 0 -1 0 0 0 8 3-16edge.dat

1 16 0 -8.3 0 3.06147 0 -7.39104 0 -1 0 7.39104 0 3.06147 1-8edge.dat
1 16 0 -10 0 4.97488 0 -12.01043 0 -1 0 12.01043 0 4.97488 1-8edge.dat
2 24 4.784 0 11.549 4.975 4 12.011
2 24 -4.975 4 12.011 -4.784 0 11.549
2 24 -3.827 -3 9.239 -4.784 0 11.549
2 24 3.827 -3 9.239 4.784 0 11.549
2 24 3.062 -3 7.391 3.827 -3 9.239
2 24 -3.062 -3 7.391 -3.827 -3 9.239
2 24 -3.061 -8.3 7.391 -3.062 -3 7.391
2 24 3.061 -8.3 7.391 3.062 -3 7.391
2 24 3.061 -8.3 7.391 4.975 -10 12.01
2 24 -3.061 -8.3 7.391 -4.975 -10 12.01
2 24 4.975 -10 12.01 4.975 4 12.011
2 24 -4.975 -10 12.01 -4.975 4 12.011

4 16 0 -8.3 8 3.061 -8.3 7.391 3.062 -3 7.391 0 -3 8
4 16 0 -8.3 8 0 -3 8 -3.062 -3 7.391 -3.061 -8.3 7.391
4 16 4.975 -10 12.01 3.061 -8.3 7.391 0 -8.3 8 0 -10 13
4 16 0 -10 13 0 -8.3 8 -3.061 -8.3 7.391 -4.975 -10 12.01
3 16 3.827 -3 9.239 4.975 -10 12.01 4.784 0 11.549
3 16 4.784 0 11.549 4.975 -10 12.01 4.975 4 12.011
4 16 4.975 -10 12.01 3.827 -3 9.239 3.062 -3 7.391 3.061 -8.3 7.391
3 16 -3.061 -8.3 7.391 -3.062 -3 7.391 -3.827 -3 9.239
4 16 -4.784 0 11.549 -4.975 -10 12.01 -3.061 -8.3 7.391 -3.827 -3 9.239
3 16 -4.975 -10 12.01 -4.784 0 11.549 -4.975 4 12.011
4 16 0 17.276 13 0 -10 13 -4.975 -10 12.01 -4.975 4 12.011

4 16 8.839 0 -8.839 11.549 0 -4.784 12.011 4 -4.975 9.192 4 -9.192
4 16 11.549 0 -4.784 12.5 0 0 13 4 0 12.011 4 -4.975
4 16 12.5 0 0 11.549 0 4.784 12.011 4 4.975 13 4 0
4 16 11.549 0 4.784 8.839 0 8.839 9.192 4 9.192 12.011 4 4.975
4 16 8.839 0 8.839 4.784 0 11.549 4.975 4 12.011 9.192 4 9.192
4 16 -4.784 0 11.549 -8.839 0 8.839 -9.192 4 9.192 -4.975 4 12.011
4 16 -8.839 0 8.839 -11.549 0 4.784 -12.011 4 4.975 -9.192 4 9.192
4 16 -11.549 0 4.784 -12.5 0 0 -13 4 0 -12.011 4 4.975
4 16 -12.5 0 0 -11.549 0 -4.784 -12.011 4 -4.975 -13 4 0
4 16 -11.549 0 -4.784 -8.839 0 -8.839 -9.192 4 -9.192 -12.011 4 -4.975
4 16 7.071 -3 -7.071 9.239 -3 -3.827 11.549 0 -4.784 8.839 0 -8.839
4 16 9.239 -3 -3.827 10 -3 0 12.5 0 0 11.549 0 -4.784
4 16 10 -3 0 9.239 -3 3.827 11.549 0 4.784 12.5 0 0
4 16 9.239 -3 3.827 7.071 -3 7.071 8.839 0 8.839 11.549 0 4.784
4 16 7.071 -3 7.071 3.827 -3 9.239 4.784 0 11.549 8.839 0 8.839
4 16 -3.827 -3 9.239 -7.071 -3 7.071 -8.839 0 8.839 -4.784 0 11.549
4 16 -7.071 -3 7.071 -9.239 -3 3.827 -11.549 0 4.784 -8.839 0 8.839
4 16 -9.239 -3 3.827 -10 -3 0 -12.5 0 0 -11.549 0 4.784
4 16 -10 -3 0 -9.239 -3 -3.827 -11.549 0 -4.784 -12.5 0 0
4 16 -9.239 -3 -3.827 -7.071 -3 -7.071 -8.839 0 -8.839 -11.549 0 -4.784
4 16 4.975 4 -12.011 4.784 0 -11.549 8.839 0 -8.839 9.192 4 -9.192
4 16 -4.975 4 -12.011 -4.784 0 -11.549 0 0 -12.5 0 4 -13
4 16 -9.192 4 -9.192 -8.839 0 -8.839 -4.784 0 -11.549 -4.975 4 -12.011
4 16 4.784 0 -11.549 3.827 -3 -9.239 7.071 -3 -7.071 8.839 0 -8.839
4 16 0 0 -12.5 0 -3 -10 3.827 -3 -9.239 4.784 0 -11.549
4 16 -4.784 0 -11.549 -3.827 -3 -9.239 0 -3 -10 0 0 -12.5
4 16 -8.839 0 -8.839 -7.071 -3 -7.071 -3.827 -3 -9.239 -4.784 0 -11.549

3 16 4.975 5.171 -12.011 4.975 4 -12.011 5.927 5.03 -11.375
4 16 5.927 5.03 -11.375 4.975 4 -12.011 9.192 4 -9.192 7.019 5.155 -10.644
3 16 8.106 7.062 -9.918 7.019 5.155 -10.644 9.192 4 -9.192
3 16 9.192 8.968 -9.192 8.106 7.062 -9.918 9.192 4 -9.192
3 16 12.011 4 -4.975 12.011 18.188 -4.975 11.017 16.985 -6.461
4 16 9.829 10.097 -8.24 12.011 4 -4.975 11.017 16.985 -6.461 10.225 14.056 -7.647
4 16 9.192 8.968 -9.192 9.192 4 -9.192 12.011 4 -4.975 9.829 10.097 -8.24
4 16 12.794 15.707 -1.034 12.011 4 -4.975 13 4 0 13 11.52 0
3 16 12.794 15.707 -1.034 13 11.52 0 12.934 14.682 -.334
3 16 12.533 18.275 -2.349 12.011 18.188 -4.975 12.729 16.877 -1.365
4 16 12.011 4 -4.975 12.794 15.707 -1.034 12.729 16.877 -1.365 12.011 18.188 -4.975
3 16 13 11.52 0 13 4 0 12.868 10.225 .663
4 16 12.686 10.347 1.579 12.868 10.225 .663 13 4 0 12.011 4 4.975
3 16 12.686 10.347 1.579 12.011 4 4.975 12.241 11.878 3.817
3 16 12.241 11.878 3.817 12.011 4 4.975 12.011 12.895 4.975
4 16 12.011 4 4.975 9.192 4 9.192 10.404 14.4 7.379 12.011 12.895 4.975
3 16 10.404 14.4 7.379 9.192 4 9.192 9.192 15.848 9.192
4 16 4.975 16.681 12.011 6.595 16.548 10.928 9.192 4 9.192 4.975 4 12.011
3 16 6.595 16.548 10.928 9.192 15.848 9.192 9.192 4 9.192
4 16 -7.089 16.706 10.598 -6.122 16.901 11.244 -4.975 4 12.011 -9.192 4 9.192
3 16 -7.089 16.706 10.598 -9.192 4 9.192 -9.192 16.005 9.192
3 16 -9.192 16.005 9.192 -9.192 4 9.192 -10.713 14.555 6.916
4 16 -9.192 4 9.192 -12.011 4 4.975 -12.011 12.17 4.975 -10.713 14.555 6.916
4 16 -13 4 0 -12.432 10.676 2.854 -12.011 12.17 4.975 -12.011 4 4.975
3 16 -12.432 10.676 2.854 -13 4 0 -13 13.682 0
4 16 -12.011 4 -4.975 -12.511 15.379 -2.459 -13 13.682 0 -13 4 0
3 16 -12.511 15.379 -2.459 -12.011 4 -4.975 -12.011 14.224 -4.975
3 16 -12.011 14.224 -4.975 -12.011 4 -4.975 -10.939 11.016 -6.579
4 16 -9.192 4 -9.192 -10.236 9.803 -7.63 -10.939 11.016 -6.579 -12.011 4 -4.975
3 16 -10.236 9.803 -7.63 -9.192 4 -9.192 -9.71 9.098 -8.417
3 16 -9.71 9.098 -8.417 -9.192 4 -9.192 -8.712 6.809 -9.513
4 16 -4.975 4 -12.011 -6.428 5.533 -11.04 -8.712 6.809 -9.513 -9.192 4 -9.192
3 16 -6.428 5.533 -11.04 -4.975 4 -12.011 -4.975 6.16 -12.011
4 16 0 4 -13 -4.311 6.408 -12.143 -4.975 6.16 -12.011 -4.975 4 -12.011
4 16 4.784 0 -11.549 1.56 3.202 -12.59 0 4 -13 0 0 -12.5
4 16 4.975 4 -12.011 2.441 4 -12.515 1.56 3.202 -12.59 4.784 0 -11.549
4 16 4.975 4 -12.011 4.975 5.171 -12.011 4.254 5.687 -12.154 2.441 4 -12.515
4 16 4.975 -10 12.01 0 -10 13 0 17.276 13 4.975 4 12.011
3 16 -6.122 16.901 11.244 -4.975 17.17 12.011 -4.975 4 12.011
3 16 0 17.276 13 -4.975 4 12.011 -2.229 17.261 12.557
4 16 -4.975 17.17 12.011 -3.213 17.472 12.361 -2.229 17.261 12.557 -4.975 4 12.011
3 16 4.975 16.681 12.011 4.975 4 12.011 3.531 16.99 12.298
4 16 3.531 16.99 12.298 4.975 4 12.011 0 17.276 13 1.268 17.202 12.748

5 24 -4.975 4 12.011 -4.975 17.17 12.011 -3.213 17.472 12.361 -6.122 16.901 11.244
5 24 12.5 0 0 10 -3 0 11.549 0 -4.784 9.239 -3 3.827
5 24 -12.011 4 4.975 -12.011 12.17 4.975 -12.432 10.676 2.854 -10.713 14.555 6.916
5 24 0 -8.3 8 0 -10 13 4.975 -10 12.01 -3.061 -8.3 7.391
5 24 -11.549 0 -4.784 -8.839 0 -8.839 -9.192 4 -9.192 -9.239 -3 -3.827
5 24 0 -8.3 8 0 -3 8 3.061 -8.3 7.391 -3.062 -3 7.391
5 24 12.5 0 0 13 4 0 12.011 4 -4.975 11.549 0 4.784
5 24 -8.839 0 8.839 -11.549 0 4.784 -7.071 -3 7.071 -12.011 4 4.975
5 24 0 -10 13 0 17.276 13 -4.975 4 12.011 4.975 4 12.011
5 24 9.239 -3 3.827 7.071 -3 7.071 8.839 0 8.839 5.657 -3 5.657
5 24 7.071 -3 7.071 3.827 -3 9.239 4.784 0 11.549 3.062 -3 7.391
5 24 -8.839 0 8.839 -7.071 -3 7.071 -4.784 0 11.549 -9.239 -3 3.827
5 24 9.192 4 9.192 9.192 15.848 9.192 10.404 14.4 7.379 6.595 16.548 10.928
5 24 12.011 4 4.975 9.192 4 9.192 12.011 12.895 4.975 11.549 0 4.784
5 24 -11.549 0 4.784 -12.5 0 0 -9.239 -3 3.827 -13 4 0
5 24 9.239 -3 3.827 11.549 0 4.784 12.5 0 0 7.071 -3 7.071
5 24 -9.239 -3 3.827 -7.071 -3 7.071 -11.549 0 4.784 -5.657 -3 5.657
5 24 11.549 0 -4.784 12.011 4 -4.975 9.192 4 -9.192 12.5 0 0
5 24 9.192 4 -9.192 12.011 4 -4.975 8.839 0 -8.839 9.829 10.097 -8.24
5 24 9.239 -3 -3.827 10 -3 0 12.5 0 0 7.391 -3 -3.062
5 24 -4.784 0 -11.549 -3.827 -3 -9.239 -8.839 0 -8.839 0 -3 -10
5 24 -13 4 0 -12.5 0 0 -12.011 4 4.975 -11.549 0 -4.784
5 24 12.011 12.895 4.975 12.011 4 4.975 9.192 4 9.192 12.241 11.878 3.817
5 24 0 4 -13 0 0 -12.5 -4.975 4 -12.011 1.56 3.202 -12.59
5 24 9.192 4 9.192 4.975 4 12.011 8.839 0 8.839 6.595 16.548 10.928
5 24 7.071 -3 -7.071 9.239 -3 -3.827 5.657 -3 -5.657 11.549 0 -4.784
5 24 11.549 0 -4.784 8.839 0 -8.839 7.071 -3 -7.071 12.011 4 -4.975
5 24 -7.071 -3 7.071 -3.827 -3 9.239 -8.839 0 8.839 -3.062 -3 7.391
5 24 9.192 4 -9.192 9.192 8.968 -9.192 7.019 5.155 -10.644 9.829 10.097 -8.24
5 24 -10 -3 0 -9.239 -3 -3.827 -8 -3 0 -11.549 0 -4.784
5 24 -3.827 -3 -9.239 0 -3 -10 0 0 -12.5 -3.062 -3 -7.391
5 24 11.549 0 4.784 12.5 0 0 10 -3 0 12.011 4 4.975
5 24 -8.839 0 -8.839 -9.192 4 -9.192 -12.011 4 -4.975 -4.784 0 -11.549
5 24 12.011 4 -4.975 13 4 0 13 11.52 0 11.549 0 -4.784
5 24 4.784 0 -11.549 3.827 -3 -9.239 7.071 -3 -7.071 0 0 -12.5
5 24 13 4 0 12.011 4 4.975 12.5 0 0 12.868 10.225 .663
5 24 4.975 4 -12.011 4.975 5.171 -12.011 2.441 4 -12.515 5.927 5.03 -11.375
5 24 4.975 4 -12.011 2.441 4 -12.515 4.975 5.171 -12.011 4.784 0 -11.549
5 24 -4.975 4 -12.011 -4.975 6.16 -12.011 -4.311 6.408 -12.143 -6.428 5.533 -11.04
5 24 -4.975 4 -12.011 -4.784 0 -11.549 -9.192 4 -9.192 0 0 -12.5
5 24 -4.975 4 12.011 -9.192 4 9.192 -4.784 0 11.549 -6.122 16.901 11.244
5 24 7.071 -3 7.071 8.839 0 8.839 11.549 0 4.784 3.827 -3 9.239
5 24 8.839 0 -8.839 7.071 -3 -7.071 4.784 0 -11.549 9.239 -3 -3.827
5 24 -9.239 -3 -3.827 -7.071 -3 -7.071 -7.391 -3 -3.062 -8.839 0 -8.839
5 24 4.975 4 -12.011 9.192 4 -9.192 4.784 0 -11.549 7.019 5.155 -10.644
5 24 -12.5 0 0 -11.549 0 -4.784 -12.011 4 -4.975 -10 -3 0
5 24 -9.192 4 9.192 -12.011 4 4.975 -8.839 0 8.839 -10.713 14.555 6.916
5 24 -13 13.682 0 -13 4 0 -12.432 10.676 2.854 -12.511 15.379 -2.459
5 24 10 -3 0 9.239 -3 3.827 11.549 0 4.784 7.391 -3 3.062
5 24 -4.784 0 -11.549 0 0 -12.5 -3.827 -3 -9.239 0 4 -13
5 24 9.192 4 9.192 8.839 0 8.839 12.011 4 4.975 4.784 0 11.549
5 24 -9.239 -3 -3.827 -11.549 0 -4.784 -12.5 0 0 -7.071 -3 -7.071
5 24 12.5 0 0 11.549 0 -4.784 9.239 -3 -3.827 13 4 0
5 24 3.827 -3 -9.239 7.071 -3 -7.071 3.062 -3 -7.391 8.839 0 -8.839
5 24 4.784 0 -11.549 4.975 4 -12.011 2.441 4 -12.515 8.839 0 -8.839
5 24 -11.549 0 -4.784 -12.011 4 -4.975 -8.839 0 -8.839 -13 4 0
5 24 -12.011 4 4.975 -13 4 0 -12.432 10.676 2.854 -11.549 0 4.784
5 24 9.239 -3 -3.827 11.549 0 -4.784 8.839 0 -8.839 10 -3 0
5 24 -9.192 16.005 9.192 -9.192 4 9.192 -7.089 16.706 10.598 -10.713 14.555 6.916
5 24 -13 4 0 -12.011 4 -4.975 -12.511 15.379 -2.459 -12.5 0 0
5 24 -9.239 -3 3.827 -11.549 0 4.784 -8.839 0 8.839 -10 -3 0
5 24 -9.192 4 9.192 -8.839 0 8.839 -4.975 4 12.011 -11.549 0 4.784
5 24 4.975 16.681 12.011 4.975 4 12.011 3.531 16.99 12.298 6.595 16.548 10.928
5 24 -10 -3 0 -9.239 -3 3.827 -12.5 0 0 -7.391 -3 3.062
5 24 0 0 -12.5 0 -3 -10 3.827 -3 -9.239 -4.784 0 -11.549
5 24 -4.975 4 -12.011 0 4 -13 -4.311 6.408 -12.143 -4.784 0 -11.549
5 24 0 0 -12.5 4.784 0 -11.549 0 -3 -10 1.56 3.202 -12.59
5 24 -10 -3 0 -12.5 0 0 -11.549 0 4.784 -9.239 -3 -3.827
5 24 8.839 0 8.839 4.784 0 11.549 7.071 -3 7.071 4.975 4 12.011
5 24 -7.071 -3 -7.071 -3.827 -3 -9.239 -4.784 0 -11.549 -5.657 -3 -5.657
5 24 -4.784 0 11.549 -8.839 0 8.839 -3.827 -3 9.239 -9.192 4 9.192
5 24 8.839 0 8.839 11.549 0 4.784 9.239 -3 3.827 9.192 4 9.192
5 24 -8.839 0 -8.839 -7.071 -3 -7.071 -3.827 -3 -9.239 -11.549 0 -4.784
5 24 12.011 4 -4.975 12.011 18.188 -4.975 11.017 16.985 -6.461 12.794 15.707 -1.034
5 24 -8.839 0 -8.839 -4.784 0 -11.549 -7.071 -3 -7.071 -4.975 4 -12.011
5 24 -12.011 4 -4.975 -9.192 4 -9.192 -10.236 9.803 -7.63 -11.549 0 -4.784
5 24 -11.549 0 4.784 -12.011 4 4.975 -9.192 4 9.192 -12.5 0 0
5 24 9.192 4 -9.192 8.839 0 -8.839 11.549 0 -4.784 4.975 4 -12.011
5 24 11.549 0 4.784 12.011 4 4.975 13 4 0 8.839 0 8.839
5 24 -9.192 4 -9.192 -4.975 4 -12.011 -6.428 5.533 -11.04 -8.839 0 -8.839
5 24 8.839 0 -8.839 4.784 0 -11.549 9.192 4 -9.192 3.827 -3 -9.239
5 24 0 -3 -10 3.827 -3 -9.239 4.784 0 -11.549 0 -3 -8

0 // Outside
3 16 -.927 -10.493 -.982 -3.133 -10.205 -.419 -1.988 -9.565 -2.375
3 16 -1.988 -9.565 -2.375 -3.133 -10.205 -.419 -3.693 -8.919 -2.709
3 16 1.282 -10.678 -.824 2.45 -10.36 -.093 1.392 -11.11 1.041
3 16 1.392 -11.11 1.041 2.45 -10.36 -.093 2.261 -10.995 2.205
3 16 -4.328 -9.102 .564 -4.65 -8.602 -1.684 -3.133 -10.205 -.419
3 16 -3.133 -10.205 -.419 -4.65 -8.602 -1.684 -3.693 -8.919 -2.709
3 16 -3.508 -9.795 4.591 -4.328 -9.102 .564 -1.849 -10.933 3.843
3 16 -1.849 -10.933 3.843 -4.328 -9.102 .564 -3.133 -10.205 -.419
3 16 1.282 -10.678 -.824 1.392 -11.11 1.041 -.927 -10.493 -.982
3 16 -.927 -10.493 -.982 1.392 -11.11 1.041 1.044 -11.211 3.86
3 16 1.044 -11.211 3.86 -1.849 -10.933 3.843 -.927 -10.493 -.982
3 16 -.927 -10.493 -.982 -1.849 -10.933 3.843 -3.133 -10.205 -.419
3 16 1.044 -11.211 3.86 1.392 -11.11 1.041 2.261 -10.995 2.205
3 16 -1.429 -10.657 6.328 -1.849 -10.933 3.843 .731 -11.097 6.23
3 16 .731 -11.097 6.23 -1.849 -10.933 3.843 1.044 -11.211 3.86
3 16 -2.998 -9.95 6.795 -3.508 -9.795 4.591 -1.429 -10.657 6.328
3 16 -1.429 -10.657 6.328 -3.508 -9.795 4.591 -1.849 -10.933 3.843
3 16 -4.65 -8.602 -1.684 -4.328 -9.102 .564 -5.344 -8.572 -1.785
3 16 -5.344 -8.572 -1.785 -4.328 -9.102 .564 -5.258 -9.37 .765
3 16 -4.182 -10.028 4.771 -5.258 -9.37 .765 -3.508 -9.795 4.591
3 16 -3.508 -9.795 4.591 -5.258 -9.37 .765 -4.328 -9.102 .564
3 16 -3.411 -10.008 7.077 -4.182 -10.028 4.771 -2.998 -9.95 6.795
3 16 -2.998 -9.95 6.795 -4.182 -10.028 4.771 -3.508 -9.795 4.591
3 16 -5.258 -9.37 .765 -6.931 -9.314 .916 -5.344 -8.572 -1.785
3 16 -5.344 -8.572 -1.785 -6.931 -9.314 .916 -6.849 -8.23 -1.832
3 16 -4.182 -10.028 4.771 -5.646 -9.895 5.452 -5.258 -9.37 .765
3 16 -5.258 -9.37 .765 -5.646 -9.895 5.452 -6.931 -9.314 .916
4 16 -4.182 -10.028 4.771 -3.411 -10.008 7.077 -4.457 -9.891 8.077 -5.646 -9.895 5.452
3 16 -5.646 -9.895 5.452 -8.186 -8.449 6.849 -6.931 -9.314 .916
3 16 -6.931 -9.314 .916 -8.186 -8.449 6.849 -10.73 -7.3 1.874
4 16 -11.221 -5.601 -1.572 -6.849 -8.23 -1.832 -6.931 -9.314 .916 -10.73 -7.3 1.874
3 16 -5.646 -9.895 5.452 -4.457 -9.891 8.077 -8.186 -8.449 6.849
3 16 -8.186 -8.449 6.849 -4.457 -9.891 8.077 -5.973 -8.707 9.489
3 16 -10.73 -7.3 1.874 -11.022 -6.336 2.298 -11.221 -5.601 -1.572
3 16 -11.221 -5.601 -1.572 -11.022 -6.336 2.298 -12.35 -4.233 -1.485
4 16 -10.73 -7.3 1.874 -8.186 -8.449 6.849 -8.441 -7.586 7.262 -11.022 -6.336 2.298
3 16 -6.328 -7.958 9.824 -8.441 -7.586 7.262 -5.973 -8.707 9.489
3 16 -5.973 -8.707 9.489 -8.441 -7.586 7.262 -8.186 -8.449 6.849
3 16 -12.35 -4.233 -1.485 -11.022 -6.336 2.298 -13.051 -4.412 -.465
3 16 -13.051 -4.412 -.465 -11.022 -6.336 2.298 -11.785 -6.102 2.857
3 16 -13.051 -4.412 -.465 -14.235 -3.08 -.18 -12.35 -4.233 -1.485
3 16 -12.35 -4.233 -1.485 -14.235 -3.08 -.18 -14.236 -1.765 -1.061
3 16 -14.235 -3.08 -.18 -13.051 -4.412 -.465 -13.583 -4.213 3.124
3 16 -13.583 -4.213 3.124 -13.051 -4.412 -.465 -11.785 -6.102 2.857
3 16 -13.583 -4.213 3.124 -14.139 -2.926 2.75 -14.235 -3.08 -.18
3 16 -14.235 -3.08 -.18 -14.139 -2.926 2.75 -14.236 -1.765 -1.061
3 16 -8.441 -7.586 7.262 -6.328 -7.958 9.824 -9.169 -7.284 7.975
3 16 -9.169 -7.284 7.975 -6.328 -7.958 9.824 -6.926 -7.581 10.683
3 16 -11.022 -6.336 2.298 -8.441 -7.586 7.262 -11.785 -6.102 2.857
3 16 -11.785 -6.102 2.857 -8.441 -7.586 7.262 -9.169 -7.284 7.975
3 16 -13.583 -4.213 3.124 -13.321 -3.066 6.316 -14.139 -2.926 2.75
3 16 -13.583 -4.213 3.124 -11.542 -5.033 8.514 -13.321 -3.066 6.316
3 16 -13.321 -3.066 6.316 -11.542 -5.033 8.514 -11.907 -3.943 8.608
3 16 -13.583 -4.213 3.124 -11.785 -6.102 2.857 -11.542 -5.033 8.514
3 16 -11.542 -5.033 8.514 -11.785 -6.102 2.857 -9.169 -7.284 7.975
3 16 -9.777 -5.28 10.921 -11.907 -3.943 8.608 -11.542 -5.033 8.514
3 16 -9.169 -7.284 7.975 -9.777 -5.28 10.921 -11.542 -5.033 8.514
3 16 -9.169 -7.284 7.975 -6.926 -7.581 10.683 -9.777 -5.28 10.921
3 16 -9.777 -5.28 10.921 -6.926 -7.581 10.683 -7.38 -5.937 12.814
3 16 -9.777 -5.28 10.921 -7.38 -5.937 12.814 -9.688 -4.361 11.487
3 16 -9.688 -4.361 11.487 -7.38 -5.937 12.814 -7.34 -5.466 13.037
3 16 -9.688 -4.361 11.487 -11.581 -2.693 9.455 -9.777 -5.28 10.921
3 16 -9.777 -5.28 10.921 -11.581 -2.693 9.455 -11.907 -3.943 8.608
3 16 -13.321 -3.066 6.316 -11.907 -3.943 8.608 -13.153 -1.765 6.658
3 16 -13.153 -1.765 6.658 -11.907 -3.943 8.608 -11.581 -2.693 9.455
3 16 -14.661 .056 2.989 -14.94 -1.247 2.79 -13.153 -1.765 6.658
3 16 -13.153 -1.765 6.658 -14.94 -1.247 2.79 -13.321 -3.066 6.316
3 16 -15.132 .3 -.221 -14.236 -1.765 -1.061 -14.94 -1.247 2.79
3 16 -14.94 -1.247 2.79 -14.236 -1.765 -1.061 -14.139 -2.926 2.75
3 16 -15.242 1.801 .328 -15.132 .3 -.221 -14.661 .056 2.989
3 16 -14.661 .056 2.989 -15.132 .3 -.221 -14.94 -1.247 2.79
3 16 -13.321 -3.066 6.316 -14.94 -1.247 2.79 -14.139 -2.926 2.75
3 16 -15.496 .739 3.911 -16.091 2.124 1.839 -14.661 .056 2.989
3 16 -14.661 .056 2.989 -16.091 2.124 1.839 -15.242 1.801 .328
3 16 -16.091 2.124 1.839 -16.244 4.087 2.503 -15.242 1.801 .328
3 16 -15.242 1.801 .328 -16.244 4.087 2.503 -15.692 6.251 1.819
3 16 -16.244 4.087 2.503 -16.091 2.124 1.839 -15.646 1.667 4.91
3 16 -15.646 1.667 4.91 -16.091 2.124 1.839 -15.496 .739 3.911
3 16 -15.496 .739 3.911 -13.701 -1.071 6.622 -15.646 1.667 4.91
4 16 -13.397 -.584 8.108 -15.646 1.667 4.91 -13.701 -1.071 6.622 -13.326 -1.12 7.598
3 16 -11.581 -2.693 9.455 -13.397 -.584 8.108 -13.326 -1.12 7.598
3 16 -7.34 -5.466 13.037 -9.917 -3.774 12.287 -9.688 -4.361 11.487
3 16 -11.581 -2.693 9.455 -9.688 -4.361 11.487 -12.036 -2.342 10.706
3 16 -12.036 -2.342 10.706 -9.688 -4.361 11.487 -9.917 -3.774 12.287
4 16 -12.036 -2.342 10.706 -13.828 -.216 9.183 -13.397 -.584 8.108 -11.581 -2.693 9.455
3 16 -15.646 1.667 4.91 -13.397 -.584 8.108 -15.291 2.644 5.404
3 16 -15.646 1.667 4.91 -15.291 2.644 5.404 -16.244 4.087 2.503
3 16 -16.244 4.087 2.503 -15.291 2.644 5.404 -15.692 6.251 1.819
3 16 -15.291 2.644 5.404 -13.397 -.584 8.108 -15.673 3.337 6.234
3 16 -15.673 3.337 6.234 -13.397 -.584 8.108 -13.828 -.216 9.183
3 16 -16.241 6.878 3.195 -16.228 7.808 4.733 -15.569 8.207 2.552
3 16 -15.569 8.207 2.552 -16.228 7.808 4.733 -14.752 10.023 3.206
3 16 -15.692 6.251 1.819 -15.291 2.644 5.404 -16.241 6.878 3.195
3 16 -16.241 6.878 3.195 -15.291 2.644 5.404 -15.673 3.337 6.234
3 16 -16.241 6.878 3.195 -15.569 8.207 2.552 -15.692 6.251 1.819
3 16 -16.241 6.878 3.195 -15.673 3.337 6.234 -16.228 7.808 4.733
3 16 -16.228 7.808 4.733 -15.673 3.337 6.234 -15.327 2.882 8.473
3 16 -15.327 2.882 8.473 -15.673 3.337 6.234 -13.828 -.216 9.183
3 16 -13.828 -.216 9.183 -12.036 -2.342 10.706 -13.815 1.791 11.778
3 16 -13.815 1.791 11.778 -12.036 -2.342 10.706 -10.681 -1.211 13.731
3 16 -12.036 -2.342 10.706 -9.917 -3.774 12.287 -10.681 -1.211 13.731
3 16 -7.34 -5.466 13.037 -6.594 -3.809 15.073 -9.917 -3.774 12.287
3 16 -9.917 -3.774 12.287 -6.594 -3.809 15.073 -10.681 -1.211 13.731
3 16 -10.681 -1.211 13.731 -6.594 -3.809 15.073 -10.216 -.567 14.277
3 16 -10.681 -1.211 13.731 -10.216 -.567 14.277 -13.815 1.791 11.778
3 16 -13.815 1.791 11.778 -10.216 -.567 14.277 -13.114 3.156 12.265
3 16 -13.815 1.791 11.778 -13.114 3.156 12.265 -15.417 4.949 9.598
3 16 -15.417 4.949 9.598 -13.114 3.156 12.265 -14.602 6.407 10.14
3 16 -15.581 8.318 5.152 -16.228 7.808 4.733 -15.327 2.882 8.473
3 16 -15.327 2.882 8.473 -15.417 4.949 9.598 -15.581 8.318 5.152
3 16 -15.581 8.318 5.152 -15.417 4.949 9.598 -15.777 9.368 6.397
3 16 -16.228 7.808 4.733 -15.581 8.318 5.152 -14.752 10.023 3.206
3 16 -14.752 10.023 3.206 -15.581 8.318 5.152 -14.309 10.308 3.813
3 16 -15.223 10.301 7.115 -15.777 9.368 6.397 -14.602 6.407 10.14
3 16 -14.602 6.407 10.14 -15.777 9.368 6.397 -15.417 4.949 9.598
3 16 -15.581 8.318 5.152 -15.777 9.368 6.397 -14.309 10.308 3.813
3 16 -14.309 10.308 3.813 -15.777 9.368 6.397 -14.392 11.46 4.688
3 16 -13.937 12.105 5.7 -14.392 11.46 4.688 -15.223 10.301 7.115
3 16 -15.223 10.301 7.115 -14.392 11.46 4.688 -15.777 9.368 6.397
3 16 -14.752 10.023 3.206 -14.309 10.308 3.813 -12.432 10.676 2.854
3 16 -14.309 10.308 3.813 -14.392 11.46 4.688 -12.432 10.676 2.854
3 16 -12.432 10.676 2.854 -14.392 11.46 4.688 -12.011 12.17 4.975
3 16 -14.392 11.46 4.688 -13.937 12.105 5.7 -12.011 12.17 4.975
3 16 -12.011 12.17 4.975 -13.937 12.105 5.7 -13.27 13.284 6.33
3 16 -13.27 13.284 6.33 -13.937 12.105 5.7 -14.443 12.528 6.606
3 16 -14.443 12.528 6.606 -14.036 13.551 7.514 -13.27 13.284 6.33
3 16 -13.27 13.284 6.33 -14.036 13.551 7.514 -12.807 14.1 6.788
3 16 -15.525 11.137 8.281 -14.443 12.528 6.606 -15.223 10.301 7.115
3 16 -15.223 10.301 7.115 -14.443 12.528 6.606 -13.937 12.105 5.7
3 16 -15.223 10.301 7.115 -14.602 6.407 10.14 -15.525 11.137 8.281
3 16 -15.525 11.137 8.281 -14.602 6.407 10.14 -14.697 7.195 11.474
3 16 -14.602 6.407 10.14 -13.114 3.156 12.265 -14.697 7.195 11.474
3 16 -14.697 7.195 11.474 -13.114 3.156 12.265 -13.003 3.793 13.615
3 16 -10.011 .028 15.439 -13.003 3.793 13.615 -10.216 -.567 14.277
3 16 -10.216 -.567 14.277 -13.003 3.793 13.615 -13.114 3.156 12.265
3 16 -10.216 -.567 14.277 -6.594 -3.809 15.073 -10.011 .028 15.439
3 16 -10.011 .028 15.439 -6.594 -3.809 15.073 -9.388 .937 16.338
3 16 -9.388 .937 16.338 -6.594 -3.809 15.073 -5.56 -3.557 16.13
3 16 -4.615 -3.324 16.8 -8.462 2.059 16.65 -5.56 -3.557 16.13
3 16 -5.56 -3.557 16.13 -8.462 2.059 16.65 -9.388 .937 16.338
3 16 -10.011 .028 15.439 -9.388 .937 16.338 -13.003 3.793 13.615
3 16 -13.003 3.793 13.615 -9.388 .937 16.338 -11.95 5.236 14.986
3 16 -10.545 6.172 15.243 -11.95 5.236 14.986 -8.462 2.059 16.65
3 16 -8.462 2.059 16.65 -11.95 5.236 14.986 -9.388 .937 16.338
3 16 -13.003 3.793 13.615 -11.95 5.236 14.986 -14.697 7.195 11.474
3 16 -14.697 7.195 11.474 -11.95 5.236 14.986 -13.562 8.84 12.654
3 16 -11.674 9.904 12.995 -13.562 8.84 12.654 -10.545 6.172 15.243
3 16 -10.545 6.172 15.243 -13.562 8.84 12.654 -11.95 5.236 14.986
4 16 -14.792 12.252 9.043 -15.525 11.137 8.281 -14.697 7.195 11.474 -13.562 8.84 12.654
3 16 -14.036 13.551 7.514 -14.443 12.528 6.606 -15.525 11.137 8.281
3 16 -15.525 11.137 8.281 -14.792 12.252 9.043 -14.036 13.551 7.514
3 16 -12.097 15.146 8.14 -12.807 14.1 6.788 -12.706 13.995 9.595
3 16 -12.706 13.995 9.595 -12.807 14.1 6.788 -13.782 13.051 9.074
3 16 -14.792 12.252 9.043 -13.782 13.051 9.074 -14.036 13.551 7.514
3 16 -14.036 13.551 7.514 -13.782 13.051 9.074 -12.807 14.1 6.788
3 16 -13.562 8.84 12.654 -13.431 11.581 11.029 -14.792 12.252 9.043
3 16 -14.792 12.252 9.043 -13.431 11.581 11.029 -13.782 13.051 9.074
3 16 -13.562 8.84 12.654 -11.674 9.904 12.995 -13.431 11.581 11.029
3 16 -13.782 13.051 9.074 -13.431 11.581 11.029 -12.706 13.995 9.595
3 16 -12.807 14.1 6.788 -12.097 15.146 8.14 -10.713 14.555 6.916
3 16 -10.713 14.555 6.916 -12.097 15.146 8.14 -10.996 15.212 8.817
3 16 -12.807 14.1 6.788 -10.713 14.555 6.916 -13.27 13.284 6.33
3 16 -13.27 13.284 6.33 -10.713 14.555 6.916 -12.011 12.17 4.975
4 16 -11.674 9.904 12.995 -11.538 13.484 10.483 -12.706 13.995 9.595 -13.431 11.581 11.029
3 16 -12.097 15.146 8.14 -12.706 13.995 9.595 -10.996 15.212 8.817
3 16 -10.996 15.212 8.817 -12.706 13.995 9.595 -11.538 13.484 10.483
3 16 -8.462 2.059 16.65 -4.615 -3.324 16.8 -7.716 3.035 17.563
3 16 -9.838 7.344 16.615 -10.545 6.172 15.243 -7.716 3.035 17.563
3 16 -7.716 3.035 17.563 -10.545 6.172 15.243 -8.462 2.059 16.65
3 16 -10.705 11.717 13.98 -11.674 9.904 12.995 -9.838 7.344 16.615
3 16 -9.838 7.344 16.615 -11.674 9.904 12.995 -10.545 6.172 15.243
3 16 -11.538 13.484 10.483 -11.674 9.904 12.995 -10.705 11.717 13.98
3 16 -10.705 11.717 13.98 -9.958 16.012 10.261 -11.538 13.484 10.483
3 16 -11.538 13.484 10.483 -9.958 16.012 10.261 -10.996 15.212 8.817
3 16 -9.958 16.012 10.261 -9.192 16.005 9.192 -10.996 15.212 8.817
3 16 -10.996 15.212 8.817 -9.192 16.005 9.192 -10.713 14.555 6.916
3 16 -6.122 16.901 11.244 -7.089 16.706 10.598 -6.773 16.581 12.438
3 16 -6.773 16.581 12.438 -7.089 16.706 10.598 -8.046 16.487 11.867
3 16 -9.192 16.005 9.192 -9.958 16.012 10.261 -7.089 16.706 10.598
3 16 -7.089 16.706 10.598 -9.958 16.012 10.261 -8.046 16.487 11.867
3 16 -9.958 16.012 10.261 -10.705 11.717 13.98 -8.046 16.487 11.867
3 16 -8.046 16.487 11.867 -10.705 11.717 13.98 -8.36 12.339 15.44
3 16 -6.993 12.623 15.604 -6.773 16.581 12.438 -8.36 12.339 15.44
3 16 -8.36 12.339 15.44 -6.773 16.581 12.438 -8.046 16.487 11.867
3 16 -7.716 3.035 17.563 -6.028 4.56 18.071 -9.838 7.344 16.615
3 16 -9.838 7.344 16.615 -6.028 4.56 18.071 -7.321 8.643 17.356
3 16 -7.716 3.035 17.563 -4.615 -3.324 16.8 -3.959 1.059 18.199
3 16 -7.716 3.035 17.563 -3.959 1.059 18.199 -6.028 4.56 18.071
3 16 -10.705 11.717 13.98 -9.838 7.344 16.615 -8.36 12.339 15.44
3 16 -8.36 12.339 15.44 -9.838 7.344 16.615 -7.321 8.643 17.356
3 16 -8.36 12.339 15.44 -7.321 8.643 17.356 -6.993 12.623 15.604
3 16 -6.993 12.623 15.604 -7.321 8.643 17.356 -6.408 9.026 17.631
3 16 -5.504 5.329 18.357 -5.171 6.963 18.208 -7.321 8.643 17.356
3 16 -7.321 8.643 17.356 -5.171 6.963 18.208 -6.408 9.026 17.631
3 16 -5.504 5.329 18.357 -7.321 8.643 17.356 -6.028 4.56 18.071
3 16 -3.959 1.059 18.199 -4.033 3.316 18.762 -6.028 4.56 18.071
3 16 -6.028 4.56 18.071 -4.033 3.316 18.762 -5.504 5.329 18.357
3 16 -4.033 3.316 18.762 -3.664 5.156 18.793 -5.504 5.329 18.357
3 16 -5.504 5.329 18.357 -3.664 5.156 18.793 -5.171 6.963 18.208
3 16 -6.408 9.026 17.631 -5.171 6.963 18.208 -5.467 9.078 18.169
4 16 -3.664 5.156 18.793 -3.232 6.723 19.067 -5.467 9.078 18.169 -5.171 6.963 18.208
3 16 -6.993 12.623 15.604 -6.408 9.026 17.631 -6.203 13.41 16.238
3 16 -6.203 13.41 16.238 -6.408 9.026 17.631 -5.467 9.078 18.169
3 16 -5.577 17.206 13.203 -6.773 16.581 12.438 -6.203 13.41 16.238
3 16 -6.203 13.41 16.238 -6.773 16.581 12.438 -6.993 12.623 15.604
3 16 -5.577 17.206 13.203 -4.975 17.17 12.011 -6.122 16.901 11.244
3 16 -6.122 16.901 11.244 -6.773 16.581 12.438 -5.577 17.206 13.203
3 16 -3.213 17.472 12.361 -4.975 17.17 12.011 -3.831 17.387 13.664
3 16 -3.831 17.387 13.664 -4.975 17.17 12.011 -5.577 17.206 13.203
3 16 -6.203 13.41 16.238 -4.072 13.993 16.759 -5.577 17.206 13.203
3 16 -5.577 17.206 13.203 -4.072 13.993 16.759 -3.831 17.387 13.664
3 16 -4.072 13.993 16.759 -6.203 13.41 16.238 -3.873 9.822 18.386
3 16 -3.873 9.822 18.386 -6.203 13.41 16.238 -5.467 9.078 18.169
3 16 -5.467 9.078 18.169 -3.232 6.723 19.067 -3.873 9.822 18.386
3 16 -2.865 10.217 18.376 -3.873 9.822 18.386 -2.673 7.632 19.082
3 16 -2.673 7.632 19.082 -3.873 9.822 18.386 -3.232 6.723 19.067
3 16 -2.891 14.162 16.69 -4.072 13.993 16.759 -2.865 10.217 18.376
3 16 -2.865 10.217 18.376 -4.072 13.993 16.759 -3.873 9.822 18.386
3 16 -2.515 17.176 13.794 -3.831 17.387 13.664 -2.891 14.162 16.69
3 16 -2.891 14.162 16.69 -3.831 17.387 13.664 -4.072 13.993 16.759
3 16 -3.831 17.387 13.664 -2.515 17.176 13.794 -3.213 17.472 12.361
3 16 -3.213 17.472 12.361 -2.515 17.176 13.794 -2.229 17.261 12.557
3 16 -2.891 14.162 16.69 -2.022 14.473 17.081 -2.515 17.176 13.794
3 16 -2.515 17.176 13.794 -2.022 14.473 17.081 -1.587 17.391 14.007
3 16 -2.022 14.473 17.081 -2.891 14.162 16.69 -1.951 10.776 18.664
3 16 -1.951 10.776 18.664 -2.891 14.162 16.69 -2.865 10.217 18.376
3 16 -1.951 10.776 18.664 -2.865 10.217 18.376 -1.55 9.361 19.458
3 16 -1.55 9.361 19.458 -2.865 10.217 18.376 -2.673 7.632 19.082
3 16 -2.515 17.176 13.794 -1.587 17.391 14.007 -2.229 17.261 12.557
3 16 -2.229 17.261 12.557 -1.587 17.391 14.007 0 17.276 13
3 16 -1.587 17.391 14.007 1.406 17.208 13.951 0 17.276 13
3 16 0 17.276 13 1.406 17.208 13.951 1.268 17.202 12.748
3 16 -2.022 14.473 17.081 1.439 14.611 16.925 -1.587 17.391 14.007
3 16 -1.587 17.391 14.007 1.439 14.611 16.925 1.406 17.208 13.951
3 16 -1.951 10.776 18.664 1.419 10.974 18.728 -2.022 14.473 17.081
3 16 -2.022 14.473 17.081 1.419 10.974 18.728 1.439 14.611 16.925
3 16 -1.951 10.776 18.664 -1.55 9.361 19.458 -.454 9.734 19.535
3 16 .992 9.002 19.454 1.419 10.974 18.728 -.454 9.734 19.535
3 16 -.454 9.734 19.535 1.419 10.974 18.728 -1.951 10.776 18.664
3 16 -14.705 -1.464 -2.171 -12.35 -4.233 -1.485 -14.749 -1.45 -1.654
3 16 -14.236 -1.765 -1.061 -15.132 .3 -.221 -14.749 -1.45 -1.654
3 16 -14.749 -1.45 -1.654 -15.132 .3 -.221 -16.74 2.32 -1.021
3 16 -14.749 -1.45 -1.654 -16.74 2.32 -1.021 -14.705 -1.464 -2.171
3 16 -14.705 -1.464 -2.171 -16.74 2.32 -1.021 -16.365 2.867 -2.148
3 16 -15.242 1.801 .328 -16.74 2.32 -1.021 -15.132 .3 -.221
3 16 -15.242 1.801 .328 -15.692 6.251 1.819 -16.74 2.32 -1.021
3 16 -16.74 2.32 -1.021 -15.692 6.251 1.819 -17.416 8.628 1.296
3 16 -16.365 2.867 -2.148 -16.74 2.32 -1.021 -17.078 8.053 -.982
3 16 -17.078 8.053 -.982 -16.74 2.32 -1.021 -17.416 8.628 1.296
3 16 -15.569 8.207 2.552 -17.416 8.628 1.296 -15.692 6.251 1.819
3 16 -17.274 11.258 .12 -17.078 8.053 -.982 -17.416 8.628 1.296
3 16 -16.54 12.193 1.501 -17.274 11.258 .12 -16.185 11.022 2.255
3 16 -16.185 11.022 2.255 -17.274 11.258 .12 -17.416 8.628 1.296
3 16 -12.432 10.676 2.854 -14.036 13.018 1.857 -14.752 10.023 3.206
3 16 -14.752 10.023 3.206 -14.036 13.018 1.857 -16.185 11.022 2.255
3 16 -16.54 12.193 1.501 -18.178 14.026 1.352 -17.274 11.258 .12
3 16 -17.274 11.258 .12 -18.178 14.026 1.352 -19.448 13.782 -1.154
3 16 -16.54 12.193 1.501 -16.185 11.022 2.255 -14.036 13.018 1.857
3 16 -14.036 13.018 1.857 -17.104 15.573 1.628 -16.54 12.193 1.501
3 16 -16.54 12.193 1.501 -17.104 15.573 1.628 -18.178 14.026 1.352
3 16 -17.274 11.258 .12 -19.448 13.782 -1.154 -18.281 10.801 -2.957
3 16 -18.281 10.801 -2.957 -19.448 13.782 -1.154 -19.068 12.664 -4.139
3 16 -19.068 12.664 -4.139 -17.672 10.039 -5.635 -18.281 10.801 -2.957
3 16 -17.274 11.258 .12 -18.863 9.323 -2.014 -17.078 8.053 -.982
3 16 -17.078 8.053 -.982 -18.863 9.323 -2.014 -18.401 7.458 -2.907
3 16 -18.863 9.323 -2.014 -17.274 11.258 .12 -18.281 10.801 -2.957
3 16 -18.401 7.458 -2.907 -18.863 9.323 -2.014 -17.255 8.224 -4.537
3 16 -17.255 8.224 -4.537 -18.863 9.323 -2.014 -18.281 10.801 -2.957
3 16 -18.401 7.458 -2.907 -17.255 8.224 -4.537 -17.371 2.991 -3.811
3 16 -17.371 2.991 -3.811 -17.255 8.224 -4.537 -16.154 2.842 -5.759
3 16 -17.371 2.991 -3.811 -16.365 2.867 -2.148 -18.401 7.458 -2.907
3 16 -18.401 7.458 -2.907 -16.365 2.867 -2.148 -17.078 8.053 -.982
3 16 -16.154 2.842 -5.759 -14.335 .371 -8.904 -15.597 -1.767 -3.66
3 16 -15.597 -1.767 -3.66 -14.335 .371 -8.904 -13.377 -2.623 -8.096
3 16 -14.705 -1.464 -2.171 -16.365 2.867 -2.148 -15.597 -1.767 -3.66
3 16 -15.597 -1.767 -3.66 -16.365 2.867 -2.148 -17.371 2.991 -3.811
3 16 -12.35 -4.233 -1.485 -14.705 -1.464 -2.171 -13.38 -4.832 -3.103
3 16 -13.38 -4.832 -3.103 -14.705 -1.464 -2.171 -15.597 -1.767 -3.66
3 16 -13.38 -4.832 -3.103 -11.417 -6.009 -2.372 -12.35 -4.233 -1.485
3 16 -12.35 -4.233 -1.485 -11.417 -6.009 -2.372 -11.221 -5.601 -1.572
3 16 -6.849 -8.23 -1.832 -11.221 -5.601 -1.572 -11.417 -6.009 -2.372
3 16 -11.417 -6.009 -2.372 -8.101 -8.175 -3.318 -6.849 -8.23 -1.832
4 16 -12.178 -4.624 -6.995 -13.38 -4.832 -3.103 -15.597 -1.767 -3.66 -13.377 -2.623 -8.096
3 16 -11.417 -6.009 -2.372 -13.38 -4.832 -3.103 -9.795 -7.081 -5.591
3 16 -8.101 -8.175 -3.318 -11.417 -6.009 -2.372 -9.795 -7.081 -5.591
3 16 -4.65 -8.602 -1.684 -5.344 -8.572 -1.785 -5.733 -9.914 -4.275
3 16 -5.733 -9.914 -4.275 -5.344 -8.572 -1.785 -7.421 -9.011 -3.34
3 16 -5.344 -8.572 -1.785 -6.849 -8.23 -1.832 -7.421 -9.011 -3.34
3 16 -4.65 -8.602 -1.684 -5.733 -9.914 -4.275 -3.693 -8.919 -2.709
3 16 -3.693 -8.919 -2.709 -5.733 -9.914 -4.275 -4.659 -9.601 -4.755
3 16 -8.101 -8.175 -3.318 -7.421 -9.011 -3.34 -6.849 -8.23 -1.832
3 16 -9.795 -7.081 -5.591 -9.619 -8.068 -6.112 -8.101 -8.175 -3.318
3 16 -8.101 -8.175 -3.318 -9.619 -8.068 -6.112 -7.421 -9.011 -3.34
3 16 -7.421 -9.011 -3.34 -9.619 -8.068 -6.112 -5.733 -9.914 -4.275
3 16 -5.733 -9.914 -4.275 -9.619 -8.068 -6.112 -7.629 -9.258 -8.065
3 16 -7.629 -9.258 -8.065 -6.382 -8.695 -8.333 -5.733 -9.914 -4.275
3 16 -5.733 -9.914 -4.275 -6.382 -8.695 -8.333 -4.659 -9.601 -4.755
3 16 -9.795 -7.081 -5.591 -12.178 -4.624 -6.995 -11.319 -5.131 -7.267
3 16 -13.377 -2.623 -8.096 -12.513 -2.831 -8.388 -12.178 -4.624 -6.995
3 16 -12.178 -4.624 -6.995 -12.513 -2.831 -8.388 -11.319 -5.131 -7.267
4 16 -12.513 -2.831 -8.388 -13.377 -2.623 -8.096 -14.335 .371 -8.904 -13.298 .416 -9.368
3 16 -16.154 2.842 -5.759 -15.597 -1.767 -3.66 -17.371 2.991 -3.811
3 16 -18.281 10.801 -2.957 -17.672 10.039 -5.635 -17.255 8.224 -4.537
3 16 -17.672 10.039 -5.635 -16.253 5.803 -6.636 -17.255 8.224 -4.537
3 16 -17.255 8.224 -4.537 -16.253 5.803 -6.636 -16.154 2.842 -5.759
3 16 -16.154 2.842 -5.759 -16.253 5.803 -6.636 -15.548 6.048 -7.543
3 16 -15.548 6.048 -7.543 -14.815 4.915 -9.161 -16.154 2.842 -5.759
3 16 -16.154 2.842 -5.759 -14.815 4.915 -9.161 -14.335 .371 -8.904
3 16 -14.815 4.915 -9.161 -13.546 4.892 -9.771 -14.335 .371 -8.904
3 16 -14.335 .371 -8.904 -13.546 4.892 -9.771 -13.298 .416 -9.368
3 16 -16.253 5.803 -6.636 -17.672 10.039 -5.635 -15.548 6.048 -7.543
3 16 -15.548 6.048 -7.543 -17.672 10.039 -5.635 -15.889 10.987 -6.595
3 16 -17.672 10.039 -5.635 -19.068 12.664 -4.139 -15.889 10.987 -6.595
3 16 -15.889 10.987 -6.595 -19.068 12.664 -4.139 -16.994 15.129 -4.536
3 16 -17.841 16.058 -1.244 -16.994 15.129 -4.536 -19.448 13.782 -1.154
3 16 -19.448 13.782 -1.154 -16.994 15.129 -4.536 -19.068 12.664 -4.139
3 16 -19.448 13.782 -1.154 -18.178 14.026 1.352 -17.841 16.058 -1.244
3 16 -17.841 16.058 -1.244 -18.178 14.026 1.352 -17.104 15.573 1.628
3 16 -17.794 17.589 2.357 -17.104 15.573 1.628 -16.644 17.864 2.452
3 16 -16.644 17.864 2.452 -17.104 15.573 1.628 -15.609 15.807 1.876
3 16 -17.794 17.589 2.357 -16.644 17.864 2.452 -17.827 20.397 1.207
3 16 -17.827 20.397 1.207 -19.048 18.426 .757 -17.794 17.589 2.357
3 16 -17.841 16.058 -1.244 -17.104 15.573 1.628 -19.048 18.426 .757
3 16 -19.048 18.426 .757 -17.104 15.573 1.628 -17.794 17.589 2.357
3 16 -19.048 18.426 .757 -17.827 20.397 1.207 -19.245 18.655 -1.604
3 16 -19.245 18.655 -1.604 -17.827 20.397 1.207 -17.491 21.035 -1.788
3 16 -19.245 18.655 -1.604 -17.491 21.035 -1.788 -17.943 17.665 -3.54
3 16 -17.943 17.665 -3.54 -17.491 21.035 -1.788 -16.292 19.675 -4.186
3 16 -17.943 17.665 -3.54 -16.292 19.675 -4.186 -16.724 16.375 -5.106
3 16 -16.724 16.375 -5.106 -16.292 19.675 -4.186 -14.564 17.791 -5.738
3 16 -19.048 18.426 .757 -19.245 18.655 -1.604 -17.841 16.058 -1.244
3 16 -17.841 16.058 -1.244 -19.245 18.655 -1.604 -17.943 17.665 -3.54
3 16 -16.724 16.375 -5.106 -16.994 15.129 -4.536 -17.943 17.665 -3.54
3 16 -17.943 17.665 -3.54 -16.994 15.129 -4.536 -17.841 16.058 -1.244
3 16 -15.889 10.987 -6.595 -16.994 15.129 -4.536 -15.31 13.974 -7.52
3 16 -15.31 13.974 -7.52 -16.994 15.129 -4.536 -16.724 16.375 -5.106
3 16 -16.724 16.375 -5.106 -14.564 17.791 -5.738 -15.31 13.974 -7.52
3 16 -15.31 13.974 -7.52 -14.564 17.791 -5.738 -12.441 14.767 -7.07
3 16 -14.036 13.018 1.857 -12.432 10.676 2.854 -13 13.682 0
3 16 -14.036 13.018 1.857 -14.428 16.202 .724 -15.609 15.807 1.876
3 16 -14.428 16.202 .724 -15.618 17.9 1.337 -15.609 15.807 1.876
3 16 -15.609 15.807 1.876 -15.618 17.9 1.337 -16.644 17.864 2.452
3 16 -15.618 17.9 1.337 -16.003 19.598 .148 -16.644 17.864 2.452
3 16 -16.644 17.864 2.452 -16.003 19.598 .148 -17.827 20.397 1.207
3 16 -17.827 20.397 1.207 -16.003 19.598 .148 -17.491 21.035 -1.788
3 16 -17.491 21.035 -1.788 -16.003 19.598 .148 -15.87 20.223 -1.462
3 16 -14.678 19.142 -2.793 -16.292 19.675 -4.186 -15.87 20.223 -1.462
3 16 -15.87 20.223 -1.462 -16.292 19.675 -4.186 -17.491 21.035 -1.788
3 16 -16.292 19.675 -4.186 -14.678 19.142 -2.793 -14.564 17.791 -5.738
3 16 -14.564 17.791 -5.738 -14.678 19.142 -2.793 -13.489 17.844 -4.397
3 16 -15.889 10.987 -6.595 -15.31 13.974 -7.52 -14.955 10.072 -8.698
4 16 -14.815 4.915 -9.161 -15.548 6.048 -7.543 -15.889 10.987 -6.595 -14.955 10.072 -8.698
3 16 -13.546 4.892 -9.771 -14.815 4.915 -9.161 -13.153 8.198 -9.602
3 16 -13.153 8.198 -9.602 -14.815 4.915 -9.161 -14.955 10.072 -8.698
3 16 -13.153 8.198 -9.602 -14.955 10.072 -8.698 -11.981 9.672 -9.022
3 16 -11.981 9.672 -9.022 -14.955 10.072 -8.698 -11.966 11.909 -7.914
4 16 -14.955 10.072 -8.698 -15.31 13.974 -7.52 -12.441 14.767 -7.07 -11.966 11.909 -7.914
3 16 -12.011 14.224 -4.975 -12.441 14.767 -7.07 -13.489 17.844 -4.397
3 16 -13.489 17.844 -4.397 -12.441 14.767 -7.07 -14.564 17.791 -5.738
3 16 -11.981 9.672 -9.022 -11.966 11.909 -7.914 -10.236 9.803 -7.63
3 16 -10.236 9.803 -7.63 -11.966 11.909 -7.914 -10.939 11.016 -6.579
3 16 -12.441 14.767 -7.07 -12.011 14.224 -4.975 -11.966 11.909 -7.914
3 16 -11.966 11.909 -7.914 -12.011 14.224 -4.975 -10.939 11.016 -6.579
3 16 -14.154 17.874 -.661 -14.428 16.202 .724 -12.511 15.379 -2.459
3 16 -12.511 15.379 -2.459 -14.428 16.202 .724 -13 13.682 0
3 16 -12.511 15.379 -2.459 -12.011 14.224 -4.975 -13.489 17.844 -4.397
3 16 -12.511 15.379 -2.459 -13.489 17.844 -4.397 -14.154 17.874 -.661
3 16 -14.154 17.874 -.661 -13.489 17.844 -4.397 -14.678 19.142 -2.793
3 16 -16.003 19.598 .148 -15.618 17.9 1.337 -14.154 17.874 -.661
3 16 -14.154 17.874 -.661 -15.618 17.9 1.337 -14.428 16.202 .724
3 16 -16.003 19.598 .148 -14.154 17.874 -.661 -15.87 20.223 -1.462
3 16 -15.87 20.223 -1.462 -14.154 17.874 -.661 -14.678 19.142 -2.793
3 16 -13.153 8.198 -9.602 -12.762 7.99 -10.615 -13.546 4.892 -9.771
3 16 -13.546 4.892 -9.771 -12.762 7.99 -10.615 -13.608 4.911 -10.892
3 16 -12.762 7.99 -10.615 -12.519 7.299 -11.216 -13.608 4.911 -10.892
3 16 -13.608 4.911 -10.892 -12.519 7.299 -11.216 -13.208 4.853 -11.754
3 16 -12.513 -2.831 -8.388 -12.266 -3.248 -9.069 -11.319 -5.131 -7.267
3 16 -11.319 -5.131 -7.267 -12.266 -3.248 -9.069 -11.085 -5.759 -7.992
3 16 -11.319 -5.131 -7.267 -11.085 -5.759 -7.992 -9.795 -7.081 -5.591
3 16 -9.795 -7.081 -5.591 -11.085 -5.759 -7.992 -9.619 -8.068 -6.112
3 16 -13.298 .416 -9.368 -13.344 .207 -10.406 -12.513 -2.831 -8.388
3 16 -12.513 -2.831 -8.388 -13.344 .207 -10.406 -12.266 -3.248 -9.069
4 16 -13.298 .416 -9.368 -13.546 4.892 -9.771 -13.608 4.911 -10.892 -13.344 .207 -10.406
4 16 -7.629 -9.258 -8.065 -9.619 -8.068 -6.112 -11.085 -5.759 -7.992 -9.288 -6.612 -10.278
3 16 -9.288 -6.612 -10.278 -11.085 -5.759 -7.992 -11.074 -4.072 -11.211
3 16 -11.074 -4.072 -11.211 -11.085 -5.759 -7.992 -12.266 -3.248 -9.069
3 16 -13.608 4.911 -10.892 -13.208 4.853 -11.754 -13.344 .207 -10.406
3 16 -13.344 .207 -10.406 -13.208 4.853 -11.754 -12.374 -.638 -11.917
4 16 -11.074 -4.072 -11.211 -12.266 -3.248 -9.069 -13.344 .207 -10.406 -12.374 -.638 -11.917
3 16 -11.981 9.672 -9.022 -11.349 9.199 -9.681 -13.153 8.198 -9.602
3 16 -13.153 8.198 -9.602 -11.349 9.199 -9.681 -12.762 7.99 -10.615
3 16 -9.71 9.098 -8.417 -11.349 9.199 -9.681 -10.236 9.803 -7.63
3 16 -10.236 9.803 -7.63 -11.349 9.199 -9.681 -11.981 9.672 -9.022
3 16 -11.349 9.199 -9.681 -10.941 7.572 -10.777 -12.519 7.299 -11.216
3 16 -12.519 7.299 -11.216 -12.762 7.99 -10.615 -11.349 9.199 -9.681
3 16 -13.208 4.853 -11.754 -12.519 7.299 -11.216 -11.279 4.734 -12.279
3 16 -11.279 4.734 -12.279 -12.519 7.299 -11.216 -10.941 7.572 -10.777
3 16 -8.712 6.809 -9.513 -10.941 7.572 -10.777 -9.71 9.098 -8.417
3 16 -9.71 9.098 -8.417 -10.941 7.572 -10.777 -11.349 9.199 -9.681
3 16 -8.712 6.809 -9.513 -10.056 4.414 -12.042 -10.941 7.572 -10.777
3 16 -10.941 7.572 -10.777 -10.056 4.414 -12.042 -11.279 4.734 -12.279
3 16 -13.208 4.853 -11.754 -11.279 4.734 -12.279 -10.562 -1.19 -12.828
3 16 -10.562 -1.19 -12.828 -12.374 -.638 -11.917 -13.208 4.853 -11.754
3 16 -11.279 4.734 -12.279 -10.056 4.414 -12.042 -9.442 -1.097 -13.106
3 16 -9.442 -1.097 -13.106 -10.562 -1.19 -12.828 -11.279 4.734 -12.279
3 16 -6.382 -8.695 -8.333 -7.629 -9.258 -8.065 -7.603 -6.226 -10.561
3 16 -7.603 -6.226 -10.561 -7.629 -9.258 -8.065 -9.288 -6.612 -10.278
3 16 -9.288 -6.612 -10.278 -11.074 -4.072 -11.211 -9.845 -3.77 -11.979
3 16 -9.845 -3.77 -11.979 -11.074 -4.072 -11.211 -10.562 -1.19 -12.828
3 16 -10.562 -1.19 -12.828 -11.074 -4.072 -11.211 -12.374 -.638 -11.917
3 16 -7.603 -6.226 -10.561 -9.288 -6.612 -10.278 -8.531 -4.002 -12.008
3 16 -8.531 -4.002 -12.008 -9.288 -6.612 -10.278 -9.845 -3.77 -11.979
3 16 -10.562 -1.19 -12.828 -9.442 -1.097 -13.106 -9.845 -3.77 -11.979
3 16 -9.845 -3.77 -11.979 -9.442 -1.097 -13.106 -8.531 -4.002 -12.008
3 16 -9.331 3.406 -13.885 -10.056 4.414 -12.042 -8.712 6.809 -9.513
4 16 -7.603 -6.226 -10.561 -8.531 -4.002 -12.008 -6.303 -4.441 -14.22 -5.454 -6.747 -12.631
3 16 -6.303 -4.441 -14.22 -8.531 -4.002 -12.008 -8.34 -.945 -15.104
3 16 -8.34 -.945 -15.104 -8.531 -4.002 -12.008 -9.442 -1.097 -13.106
3 16 -8.34 -.945 -15.104 -9.442 -1.097 -13.106 -9.331 3.406 -13.885
3 16 -9.331 3.406 -13.885 -9.442 -1.097 -13.106 -10.056 4.414 -12.042
3 16 -6.382 -8.695 -8.333 -7.603 -6.226 -10.561 -4.317 -9.382 -9.796
3 16 -4.317 -9.382 -9.796 -7.603 -6.226 -10.561 -5.454 -6.747 -12.631
3 16 -1.988 -9.565 -2.375 -3.693 -8.919 -2.709 -2.886 -10.531 -5.034
3 16 -2.886 -10.531 -5.034 -3.693 -8.919 -2.709 -4.659 -9.601 -4.755
3 16 -6.382 -8.695 -8.333 -4.317 -9.382 -9.796 -4.659 -9.601 -4.755
3 16 -4.659 -9.601 -4.755 -4.317 -9.382 -9.796 -2.886 -10.531 -5.034
3 16 -1.488 -9.562 -5.903 -.745 -9.569 -3.266 -2.886 -10.531 -5.034
3 16 -2.886 -10.531 -5.034 -.745 -9.569 -3.266 -1.988 -9.565 -2.375
3 16 -2.891 -8.072 -9.768 -1.488 -9.562 -5.903 -4.317 -9.382 -9.796
3 16 -4.317 -9.382 -9.796 -1.488 -9.562 -5.903 -2.886 -10.531 -5.034
3 16 -4.127 -6.082 -12.618 -2.891 -8.072 -9.768 -4.317 -9.382 -9.796
3 16 -4.317 -9.382 -9.796 -5.454 -6.747 -12.631 -4.127 -6.082 -12.618
3 16 -5.075 -4.084 -14.336 -4.127 -6.082 -12.618 -5.454 -6.747 -12.631
3 16 -5.454 -6.747 -12.631 -6.303 -4.441 -14.22 -5.075 -4.084 -14.336
3 16 -8.34 -.945 -15.104 -6.616 -.662 -15.309 -6.303 -4.441 -14.22
3 16 -6.303 -4.441 -14.22 -6.616 -.662 -15.309 -5.075 -4.084 -14.336
3 16 -8.34 -.945 -15.104 -9.331 3.406 -13.885 -6.616 -.662 -15.309
3 16 -6.616 -.662 -15.309 -9.331 3.406 -13.885 -7.477 4.113 -13.882
3 16 -7.477 4.113 -13.882 -9.331 3.406 -13.885 -8.712 6.809 -9.513
3 16 -8.712 6.809 -9.513 -6.428 5.533 -11.04 -7.477 4.113 -13.882
3 16 -1.488 -9.562 -5.903 -1.546 -8.901 -10.441 -.228 -10.145 -7.635
3 16 -.228 -10.145 -7.635 -1.546 -8.901 -10.441 .01 -9.4 -10.994
3 16 -1.488 -9.562 -5.903 -.202 -10.139 -4.712 -.745 -9.569 -3.266
3 16 -.745 -9.569 -3.266 -.202 -10.139 -4.712 -.111 -9.716 -3.219
3 16 -1.488 -9.562 -5.903 -.228 -10.145 -7.635 -.202 -10.139 -4.712
3 16 -1.488 -9.562 -5.903 -2.891 -8.072 -9.768 -1.546 -8.901 -10.441
3 16 .253 -7.441 -13.937 .01 -9.4 -10.994 -2.134 -7.075 -13.318
3 16 -2.134 -7.075 -13.318 .01 -9.4 -10.994 -1.546 -8.901 -10.441
3 16 -4.127 -6.082 -12.618 -2.134 -7.075 -13.318 -2.891 -8.072 -9.768
3 16 -2.891 -8.072 -9.768 -2.134 -7.075 -13.318 -1.546 -8.901 -10.441
4 16 -2.134 -7.075 -13.318 -4.127 -6.082 -12.618 -5.075 -4.084 -14.336 -2.94 -4.708 -15.722
3 16 -2.134 -7.075 -13.318 -2.94 -4.708 -15.722 .253 -7.441 -13.937
3 16 .253 -7.441 -13.937 -2.94 -4.708 -15.722 -.009 -4.375 -16.587
3 16 -.009 -4.375 -16.587 -2.94 -4.708 -15.722 -.843 -1.306 -18.21
3 16 -.843 -1.306 -18.21 -2.94 -4.708 -15.722 -4.013 -.094 -17.392
3 16 -6.616 -.662 -15.309 -4.013 -.094 -17.392 -5.075 -4.084 -14.336
3 16 -5.075 -4.084 -14.336 -4.013 -.094 -17.392 -2.94 -4.708 -15.722
3 16 -.843 -1.306 -18.21 -4.013 -.094 -17.392 -2.053 1.605 -18.372
3 16 -7.477 4.113 -13.882 -6.617 4.578 -15.53 -6.616 -.662 -15.309
3 16 -6.616 -.662 -15.309 -6.617 4.578 -15.53 -4.013 -.094 -17.392
3 16 -4.203 4.306 -17.097 -4.013 -.094 -17.392 -6.617 4.578 -15.53
3 16 -4.013 -.094 -17.392 -4.203 4.306 -17.097 -2.053 1.605 -18.372
3 16 -6.617 4.578 -15.53 -7.477 4.113 -13.882 -4.975 6.16 -12.011
3 16 -4.975 6.16 -12.011 -4.311 6.408 -12.143 -6.617 4.578 -15.53
3 16 -6.428 5.533 -11.04 -4.975 6.16 -12.011 -7.477 4.113 -13.882
3 16 -4.311 6.408 -12.143 -2.622 4.727 -16.384 -4.203 4.306 -17.097
3 16 -4.203 4.306 -17.097 -6.617 4.578 -15.53 -4.311 6.408 -12.143
3 16 -4.203 4.306 -17.097 -2.622 4.727 -16.384 -.339 2.243 -17.161
3 16 -.339 2.243 -17.161 -2.053 1.605 -18.372 -4.203 4.306 -17.097
4 16 -.339 2.243 -17.161 .982 -.457 -16.854 -.843 -1.306 -18.21 -2.053 1.605 -18.372
3 16 -.843 -1.306 -18.21 .982 -.457 -16.854 1.185 -3.851 -15.77
3 16 1.185 -3.851 -15.77 -.009 -4.375 -16.587 -.843 -1.306 -18.21
3 16 1.975 -3.795 -14.913 1.185 -3.851 -15.77 1.831 -.635 -15.79
3 16 1.831 -.635 -15.79 1.185 -3.851 -15.77 .982 -.457 -16.854
3 16 1.517 -9.459 -6.544 .706 -9.965 -7.12 1.065 -9.155 -10.235
3 16 1.065 -9.155 -10.235 1.931 -8.402 -9.634 1.517 -9.459 -6.544
3 16 .706 -9.965 -7.12 1.517 -9.459 -6.544 .807 -9.878 -4.496
3 16 .807 -9.878 -4.496 -.202 -10.139 -4.712 .706 -9.965 -7.12
3 16 -.111 -9.716 -3.219 -.202 -10.139 -4.712 .807 -9.878 -4.496
3 16 -.202 -10.139 -4.712 -.228 -10.145 -7.635 .706 -9.965 -7.12
3 16 .706 -9.965 -7.12 -.228 -10.145 -7.635 1.065 -9.155 -10.235
3 16 1.065 -9.155 -10.235 -.228 -10.145 -7.635 .01 -9.4 -10.994
3 16 1.931 -8.402 -9.634 1.065 -9.155 -10.235 1.978 -6.466 -13.056
3 16 1.978 -6.466 -13.056 1.065 -9.155 -10.235 1.134 -7.025 -13.453
3 16 1.065 -9.155 -10.235 .01 -9.4 -10.994 .253 -7.441 -13.937
3 16 .253 -7.441 -13.937 1.134 -7.025 -13.453 1.065 -9.155 -10.235
3 16 -.009 -4.375 -16.587 1.185 -3.851 -15.77 1.134 -7.025 -13.453
3 16 1.134 -7.025 -13.453 .253 -7.441 -13.937 -.009 -4.375 -16.587
3 16 1.978 -6.466 -13.056 1.134 -7.025 -13.453 1.975 -3.795 -14.913
3 16 1.975 -3.795 -14.913 1.134 -7.025 -13.453 1.185 -3.851 -15.77
3 16 -.339 2.243 -17.161 1.669 .948 -14.949 .982 -.457 -16.854
3 16 .982 -.457 -16.854 1.669 .948 -14.949 1.831 -.635 -15.79
3 16 -2.622 4.727 -16.384 -4.311 6.408 -12.143 0 4 -13
3 16 -2.622 4.727 -16.384 0 4 -13 -.339 2.243 -17.161
3 16 0 4 -13 1.56 3.202 -12.59 -.339 2.243 -17.161
3 16 -.339 2.243 -17.161 1.56 3.202 -12.59 1.669 .948 -14.949
3 16 -11.581 -2.693 9.455 -13.326 -1.12 7.598 -13.153 -1.765 6.658
3 16 -13.153 -1.765 6.658 -13.326 -1.12 7.598 -13.701 -1.071 6.622
3 16 -15.496 .739 3.911 -14.661 .056 2.989 -13.701 -1.071 6.622
3 16 -13.701 -1.071 6.622 -14.661 .056 2.989 -13.153 -1.765 6.658
3 16 2.501 -9.189 -2.202 -.111 -9.716 -3.219 2.188 -10.05 -3.971
3 16 2.188 -10.05 -3.971 -.111 -9.716 -3.219 .807 -9.878 -4.496
3 16 3.98 -3.62 -15.41 3.208 -6.558 -13.018 1.975 -3.795 -14.913
3 16 1.975 -3.795 -14.913 3.208 -6.558 -13.018 1.978 -6.466 -13.056
3 16 4.553 -.413 -16.793 3.98 -3.62 -15.41 1.831 -.635 -15.79
3 16 1.831 -.635 -15.79 3.98 -3.62 -15.41 1.975 -3.795 -14.913
3 16 4.837 3.063 -15.771 4.553 -.413 -16.793 1.669 .948 -14.949
3 16 1.669 .948 -14.949 4.553 -.413 -16.793 1.831 -.635 -15.79
3 16 4.837 3.063 -15.771 1.669 .948 -14.949 1.56 3.202 -12.59
3 16 2.441 4 -12.515 4.254 5.687 -12.154 4.837 3.063 -15.771
3 16 1.56 3.202 -12.59 2.441 4 -12.515 4.837 3.063 -15.771
3 16 1.931 -8.402 -9.634 1.978 -6.466 -13.056 3.208 -6.558 -13.018
4 16 4.837 3.063 -15.771 4.254 5.687 -12.154 4.975 5.171 -12.011 5.872 3.024 -14.363
3 16 5.872 3.024 -14.363 5.871 -.62 -15.173 4.837 3.063 -15.771
3 16 4.837 3.063 -15.771 5.871 -.62 -15.173 4.553 -.413 -16.793
3 16 5.238 -3.353 -14.028 3.98 -3.62 -15.41 5.871 -.62 -15.173
3 16 5.871 -.62 -15.173 3.98 -3.62 -15.41 4.553 -.413 -16.793
3 16 4.035 -6.323 -12.05 3.208 -6.558 -13.018 5.238 -3.353 -14.028
3 16 5.238 -3.353 -14.028 3.208 -6.558 -13.018 3.98 -3.62 -15.41
3 16 1.517 -9.459 -6.544 1.931 -8.402 -9.634 4.035 -6.323 -12.05
3 16 4.035 -6.323 -12.05 1.931 -8.402 -9.634 3.208 -6.558 -13.018
3 16 3.309 -10.075 -6.425 2.188 -10.05 -3.971 .807 -9.878 -4.496
3 16 .807 -9.878 -4.496 1.517 -9.459 -6.544 3.309 -10.075 -6.425
3 16 3.309 -10.075 -6.425 1.517 -9.459 -6.544 6.009 -7.95 -10.974
3 16 6.009 -7.95 -10.974 1.517 -9.459 -6.544 4.035 -6.323 -12.05
3 16 6.009 -7.95 -10.974 4.035 -6.323 -12.05 7.679 -4.298 -13.524
3 16 7.679 -4.298 -13.524 4.035 -6.323 -12.05 5.238 -3.353 -14.028
3 16 5.871 -.62 -15.173 7.939 -.78 -14.946 5.238 -3.353 -14.028
3 16 5.238 -3.353 -14.028 7.939 -.78 -14.946 7.679 -4.298 -13.524
3 16 7.939 -.78 -14.946 5.871 -.62 -15.173 7.223 3.114 -14.455
3 16 7.223 3.114 -14.455 5.871 -.62 -15.173 5.872 3.024 -14.363
3 16 4.975 5.171 -12.011 5.927 5.03 -11.375 5.872 3.024 -14.363
3 16 5.872 3.024 -14.363 5.927 5.03 -11.375 7.223 3.114 -14.455
3 16 7.223 3.114 -14.455 5.927 5.03 -11.375 8.295 3.083 -13.581
3 16 8.295 3.083 -13.581 5.927 5.03 -11.375 7.019 5.155 -10.644
3 16 8.929 -.594 -13.587 7.939 -.78 -14.946 8.295 3.083 -13.581
3 16 8.295 3.083 -13.581 7.939 -.78 -14.946 7.223 3.114 -14.455
3 16 8.191 -3.837 -11.541 7.679 -4.298 -13.524 8.929 -.594 -13.587
3 16 8.929 -.594 -13.587 7.679 -4.298 -13.524 7.939 -.78 -14.946
3 16 6.891 -6.458 -9.118 6.009 -7.95 -10.974 8.191 -3.837 -11.541
3 16 8.191 -3.837 -11.541 6.009 -7.95 -10.974 7.679 -4.298 -13.524
3 16 6.891 -6.458 -9.118 5.356 -8.393 -6.009 6.009 -7.95 -10.974
3 16 6.009 -7.95 -10.974 5.356 -8.393 -6.009 3.309 -10.075 -6.425
3 16 5.356 -8.393 -6.009 3.673 -8.72 -2.999 3.309 -10.075 -6.425
3 16 2.501 -9.189 -2.202 2.188 -10.05 -3.971 3.673 -8.72 -2.999
3 16 3.673 -8.72 -2.999 2.188 -10.05 -3.971 3.309 -10.075 -6.425
3 16 3.684 -10.934 4.784 5.118 -9.913 5.402 3.396 -10.91 6.398
3 16 3.396 -10.91 6.398 5.118 -9.913 5.402 4.746 -10.002 6.742
3 16 1.044 -11.211 3.86 2.261 -10.995 2.205 3.684 -10.934 4.784
3 16 3.684 -10.934 4.784 2.261 -10.995 2.205 3.981 -10.527 1.014
3 16 2.261 -10.995 2.205 2.45 -10.36 -.093 3.981 -10.527 1.014
3 16 1.282 -10.678 -.824 -.927 -10.493 -.982 -.111 -9.716 -3.219
3 16 -.111 -9.716 -3.219 -.927 -10.493 -.982 -.745 -9.569 -3.266
3 16 1.282 -10.678 -.824 -.111 -9.716 -3.219 2.501 -9.189 -2.202
3 16 2.45 -10.36 -.093 1.282 -10.678 -.824 2.501 -9.189 -2.202
3 16 3.981 -10.527 1.014 2.45 -10.36 -.093 3.673 -8.72 -2.999
3 16 3.673 -8.72 -2.999 2.45 -10.36 -.093 2.501 -9.189 -2.202
3 16 5.929 -9.361 1.355 3.981 -10.527 1.014 6.051 -8.274 -2.345
3 16 6.051 -8.274 -2.345 3.981 -10.527 1.014 3.673 -8.72 -2.999
3 16 5.356 -8.393 -6.009 6.779 -8.843 -3.905 3.673 -8.72 -2.999
3 16 3.673 -8.72 -2.999 6.779 -8.843 -3.905 6.051 -8.274 -2.345
3 16 6.891 -6.458 -9.118 8.801 -7.401 -8.486 5.356 -8.393 -6.009
3 16 5.356 -8.393 -6.009 8.801 -7.401 -8.486 6.779 -8.843 -3.905
3 16 6.051 -8.274 -2.345 6.779 -8.843 -3.905 8.703 -7.224 -3.105
3 16 8.703 -7.224 -3.105 6.779 -8.843 -3.905 8.114 -8.289 -4.431
4 16 10.14 -6.472 -7.626 10.424 -5.827 -6.419 8.703 -7.224 -3.105 8.114 -8.289 -4.431
3 16 10.14 -6.472 -7.626 8.114 -8.289 -4.431 8.801 -7.401 -8.486
3 16 8.801 -7.401 -8.486 8.114 -8.289 -4.431 6.779 -8.843 -3.905
3 16 8.295 3.083 -13.581 9.766 2.545 -14.314 8.929 -.594 -13.587
3 16 8.929 -.594 -13.587 9.766 2.545 -14.314 10.376 -.79 -13.699
3 16 10.095 -4.469 -11.641 8.191 -3.837 -11.541 10.376 -.79 -13.699
3 16 10.376 -.79 -13.699 8.191 -3.837 -11.541 8.929 -.594 -13.587
3 16 8.191 -3.837 -11.541 10.095 -4.469 -11.641 6.891 -6.458 -9.118
3 16 6.891 -6.458 -9.118 10.095 -4.469 -11.641 8.801 -7.401 -8.486
3 16 9.839 5.577 -13.611 9.766 2.545 -14.314 8.295 3.083 -13.581
3 16 8.295 3.083 -13.581 7.019 5.155 -10.644 9.839 5.577 -13.611
3 16 9.839 5.577 -13.611 7.019 5.155 -10.644 8.106 7.062 -9.918
3 16 8.106 7.062 -9.918 11.201 8.407 -11.452 9.839 5.577 -13.611
3 16 9.839 5.577 -13.611 11.201 8.407 -11.452 11.793 6.764 -12.989
3 16 8.106 7.062 -9.918 9.192 8.968 -9.192 11.201 8.407 -11.452
3 16 9.829 10.097 -8.24 11.693 8.681 -10.338 9.192 8.968 -9.192
3 16 9.192 8.968 -9.192 11.693 8.681 -10.338 11.201 8.407 -11.452
3 16 11.201 8.407 -11.452 11.693 8.681 -10.338 12.47 6.513 -11.666
3 16 12.47 6.513 -11.666 11.793 6.764 -12.989 11.201 8.407 -11.452
3 16 11.383 -4.107 -9.946 12.445 -.348 -12.091 11.622 -3.112 -9.039
3 16 11.622 -3.112 -9.039 12.445 -.348 -12.091 12.407 .18 -10.724
3 16 12.779 3.639 -11.799 12.407 .18 -10.724 12.505 3.065 -13.081
3 16 12.505 3.065 -13.081 12.407 .18 -10.724 12.445 -.348 -12.091
3 16 12.47 6.513 -11.666 12.779 3.639 -11.799 11.793 6.764 -12.989
3 16 11.793 6.764 -12.989 12.779 3.639 -11.799 12.505 3.065 -13.081
3 16 9.766 2.545 -14.314 9.839 5.577 -13.611 11.793 6.764 -12.989
3 16 11.793 6.764 -12.989 12.505 3.065 -13.081 9.766 2.545 -14.314
3 16 9.766 2.545 -14.314 12.505 3.065 -13.081 10.376 -.79 -13.699
3 16 10.376 -.79 -13.699 12.505 3.065 -13.081 12.445 -.348 -12.091
3 16 11.383 -4.107 -9.946 10.095 -4.469 -11.641 12.445 -.348 -12.091
3 16 12.445 -.348 -12.091 10.095 -4.469 -11.641 10.376 -.79 -13.699
3 16 10.424 -5.827 -6.419 10.14 -6.472 -7.626 11.622 -3.112 -9.039
3 16 11.622 -3.112 -9.039 10.14 -6.472 -7.626 11.383 -4.107 -9.946
3 16 10.095 -4.469 -11.641 11.383 -4.107 -9.946 8.801 -7.401 -8.486
3 16 8.801 -7.401 -8.486 11.383 -4.107 -9.946 10.14 -6.472 -7.626
3 16 10.922 -6.474 -3.047 10.339 -6.03 -2.432 10.554 -7.197 -3.902
3 16 10.554 -7.197 -3.902 10.339 -6.03 -2.432 8.703 -7.224 -3.105
3 16 8.703 -7.224 -3.105 10.424 -5.827 -6.419 10.554 -7.197 -3.902
3 16 10.554 -7.197 -3.902 10.424 -5.827 -6.419 12.402 -6.085 -5.364
3 16 12.402 -6.085 -5.364 10.424 -5.827 -6.419 12.976 -3.83 -7.438
3 16 12.976 -3.83 -7.438 10.424 -5.827 -6.419 11.622 -3.112 -9.039
3 16 12.976 -3.83 -7.438 11.622 -3.112 -9.039 14.198 .206 -9.731
3 16 14.198 .206 -9.731 11.622 -3.112 -9.039 12.407 .18 -10.724
3 16 12.407 .18 -10.724 12.779 3.639 -11.799 14.198 .206 -9.731
3 16 14.198 .206 -9.731 12.779 3.639 -11.799 14.649 3.9 -10.753
3 16 14.676 8.326 -10.801 14.649 3.9 -10.753 12.47 6.513 -11.666
3 16 12.47 6.513 -11.666 14.649 3.9 -10.753 12.779 3.639 -11.799
3 16 14.676 8.326 -10.801 12.47 6.513 -11.666 12.331 10.364 -10.162
3 16 12.331 10.364 -10.162 12.47 6.513 -11.666 11.693 8.681 -10.338
3 16 11.693 8.681 -10.338 9.829 10.097 -8.24 12.331 10.364 -10.162
3 16 14.676 8.326 -10.801 12.331 10.364 -10.162 14.648 13.552 -10.066
3 16 14.648 13.552 -10.066 12.331 10.364 -10.162 12.633 13.969 -9.508
3 16 17.176 16.811 -3.309 17.703 18.562 -4.452 15.886 18.212 -2.572
3 16 15.886 18.212 -2.572 17.703 18.562 -4.452 16.517 19.864 -3.473
3 16 17.404 19.11 -5.905 16.175 20.378 -5.316 17.703 18.562 -4.452
3 16 17.703 18.562 -4.452 16.175 20.378 -5.316 16.517 19.864 -3.473
3 16 17.404 19.11 -5.905 16.617 18.596 -7.613 16.175 20.378 -5.316
3 16 16.175 20.378 -5.316 16.617 18.596 -7.613 14.484 19.394 -6.685
3 16 15.649 17.197 -9 13.496 17.552 -8.186 16.617 18.596 -7.613
3 16 16.617 18.596 -7.613 13.496 17.552 -8.186 14.484 19.394 -6.685
3 16 14.648 13.552 -10.066 12.633 13.969 -9.508 15.649 17.197 -9
3 16 15.649 17.197 -9 12.633 13.969 -9.508 13.496 17.552 -8.186
3 16 16.517 19.864 -3.473 15.019 19.835 -2.999 15.886 18.212 -2.572
3 16 15.886 18.212 -2.572 15.019 19.835 -2.999 14.656 18.879 -2.381
3 16 15.019 19.835 -2.999 12.533 18.275 -2.349 14.656 18.879 -2.381
3 16 14.656 18.879 -2.381 12.533 18.275 -2.349 13.323 18.253 -1.767
3 16 15.019 19.835 -2.999 16.517 19.864 -3.473 14.56 20.178 -4.294
3 16 14.56 20.178 -4.294 16.517 19.864 -3.473 16.175 20.378 -5.316
3 16 16.175 20.378 -5.316 14.484 19.394 -6.685 14.56 20.178 -4.294
3 16 9.829 10.097 -8.24 10.225 14.056 -7.647 12.331 10.364 -10.162
3 16 12.331 10.364 -10.162 10.225 14.056 -7.647 12.633 13.969 -9.508
3 16 12.011 18.188 -4.975 14.484 19.394 -6.685 11.017 16.985 -6.461
3 16 11.017 16.985 -6.461 14.484 19.394 -6.685 13.496 17.552 -8.186
3 16 10.225 14.056 -7.647 11.017 16.985 -6.461 12.633 13.969 -9.508
3 16 12.633 13.969 -9.508 11.017 16.985 -6.461 13.496 17.552 -8.186
3 16 14.484 19.394 -6.685 12.011 18.188 -4.975 14.56 20.178 -4.294
3 16 12.011 18.188 -4.975 12.533 18.275 -2.349 14.56 20.178 -4.294
3 16 14.56 20.178 -4.294 12.533 18.275 -2.349 15.019 19.835 -2.999
3 16 16.417 15.189 -5.79 16.832 17.272 -6.221 17.176 16.811 -3.309
3 16 17.176 16.811 -3.309 16.832 17.272 -6.221 17.703 18.562 -4.452
3 16 16.617 18.596 -7.613 17.404 19.11 -5.905 16.832 17.272 -6.221
3 16 16.832 17.272 -6.221 17.404 19.11 -5.905 17.703 18.562 -4.452
4 16 16.617 18.596 -7.613 16.832 17.272 -6.221 16.417 15.189 -5.79 15.649 17.197 -9
4 16 15.37 11.834 -7.207 14.648 13.552 -10.066 15.649 17.197 -9 16.417 15.189 -5.79
4 16 14.648 13.552 -10.066 15.37 11.834 -7.207 15.279 8.6 -8.03 14.676 8.326 -10.801
3 16 15.428 6.144 -8.412 15.344 2.287 -7.735 14.649 3.9 -10.753
3 16 15.344 2.287 -7.735 14.198 .206 -9.731 14.649 3.9 -10.753
3 16 12.976 -3.83 -7.438 14.198 .206 -9.731 15.344 2.287 -7.735
3 16 12.967 -5.336 -3.952 10.922 -6.474 -3.047 12.402 -6.085 -5.364
3 16 12.402 -6.085 -5.364 10.922 -6.474 -3.047 10.554 -7.197 -3.902
3 16 12.967 -5.336 -3.952 12.444 -4.145 -2.296 10.922 -6.474 -3.047
3 16 10.922 -6.474 -3.047 12.444 -4.145 -2.296 10.339 -6.03 -2.432
3 16 17.073 1.819 -7.097 17.363 .955 -6.19 15.071 -2.513 -6.936
3 16 15.071 -2.513 -6.936 17.363 .955 -6.19 14.525 -3.967 -6.246
3 16 12.976 -3.83 -7.438 15.344 2.287 -7.735 15.071 -2.513 -6.936
3 16 15.071 -2.513 -6.936 15.344 2.287 -7.735 17.073 1.819 -7.097
3 16 12.402 -6.085 -5.364 12.976 -3.83 -7.438 14.525 -3.967 -6.246
3 16 14.525 -3.967 -6.246 12.976 -3.83 -7.438 15.071 -2.513 -6.936
3 16 15.779 7.162 -7.68 16.505 7.181 -6.489 15.428 6.144 -8.412
3 16 15.428 6.144 -8.412 16.505 7.181 -6.489 15.344 2.287 -7.735
3 16 15.779 7.162 -7.68 15.428 6.144 -8.412 15.279 8.6 -8.03
3 16 15.779 7.162 -7.68 15.279 8.6 -8.03 17.014 11.253 -6.473
3 16 17.014 11.253 -6.473 15.279 8.6 -8.03 15.37 11.834 -7.207
3 16 15.37 11.834 -7.207 16.417 15.189 -5.79 17.014 11.253 -6.473
3 16 17.014 11.253 -6.473 16.417 15.189 -5.79 18.39 13.788 -5.146
3 16 17.176 16.811 -3.309 18.976 14.436 -3.645 16.417 15.189 -5.79
3 16 16.417 15.189 -5.79 18.976 14.436 -3.645 18.39 13.788 -5.146
3 16 16.55 15.065 -.438 18.9 14.066 -1.734 17.176 16.811 -3.309
3 16 17.176 16.811 -3.309 18.9 14.066 -1.734 18.976 14.436 -3.645
3 16 15.779 7.162 -7.68 17.014 11.253 -6.473 17.396 11.134 -4.211
3 16 17.396 11.134 -4.211 16.505 7.181 -6.489 15.779 7.162 -7.68
3 16 17.464 12.133 -2.321 18.9 14.066 -1.734 16.103 11.931 -1.574
3 16 16.103 11.931 -1.574 18.9 14.066 -1.734 16.55 15.065 -.438
3 16 18.39 13.788 -5.146 18.976 14.436 -3.645 17.464 12.133 -2.321
3 16 17.396 11.134 -4.211 17.014 11.253 -6.473 18.39 13.788 -5.146
3 16 18.9 14.066 -1.734 17.464 12.133 -2.321 18.976 14.436 -3.645
3 16 17.464 12.133 -2.321 17.396 11.134 -4.211 18.39 13.788 -5.146
3 16 17.464 12.133 -2.321 17.565 10.728 -1.898 17.396 11.134 -4.211
3 16 17.396 11.134 -4.211 17.565 10.728 -1.898 18.196 10.17 -3.672
3 16 17.396 11.134 -4.211 18.196 10.17 -3.672 16.505 7.181 -6.489
3 16 16.505 7.181 -6.489 18.196 10.17 -3.672 18.157 6.193 -5.971
4 16 16.505 7.181 -6.489 18.157 6.193 -5.971 17.073 1.819 -7.097 15.344 2.287 -7.735
3 16 18.508 6.328 -3.976 17.363 .955 -6.19 18.157 6.193 -5.971
3 16 18.157 6.193 -5.971 17.363 .955 -6.19 17.073 1.819 -7.097
3 16 16.013 9.783 -1.435 17.867 8.979 -1.811 17.565 10.728 -1.898
3 16 16.013 9.783 -1.435 17.565 10.728 -1.898 16.103 11.931 -1.574
3 16 16.103 11.931 -1.574 17.565 10.728 -1.898 17.464 12.133 -2.321
3 16 18.508 6.328 -3.976 18.157 6.193 -5.971 18.196 10.17 -3.672
3 16 18.196 10.17 -3.672 17.565 10.728 -1.898 17.867 8.979 -1.811
3 16 18.196 10.17 -3.672 17.867 8.979 -1.811 18.508 6.328 -3.976
3 16 15.194 7.492 -.521 17.16 6.891 -1.552 16.013 9.783 -1.435
3 16 16.013 9.783 -1.435 17.16 6.891 -1.552 17.867 8.979 -1.811
3 16 17.867 8.979 -1.811 17.16 6.891 -1.552 18.508 6.328 -3.976
3 16 18.508 6.328 -3.976 17.16 6.891 -1.552 17.064 4.738 -2.249
3 16 16.138 -.207 -3.722 17.363 .955 -6.19 17.064 4.738 -2.249
3 16 17.064 4.738 -2.249 17.363 .955 -6.19 18.508 6.328 -3.976
3 16 14.43 -3.546 -4.259 14.525 -3.967 -6.246 16.138 -.207 -3.722
3 16 16.138 -.207 -3.722 14.525 -3.967 -6.246 17.363 .955 -6.19
3 16 12.402 -6.085 -5.364 14.525 -3.967 -6.246 12.967 -5.336 -3.952
3 16 12.967 -5.336 -3.952 14.525 -3.967 -6.246 14.43 -3.546 -4.259
3 16 14.016 -.803 -1.694 13.544 -2.252 -2.102 16.138 -.207 -3.722
3 16 16.138 -.207 -3.722 13.544 -2.252 -2.102 14.43 -3.546 -4.259
4 16 13.544 -2.252 -2.102 12.444 -4.145 -2.296 12.967 -5.336 -3.952 14.43 -3.546 -4.259
3 16 16.138 -.207 -3.722 14.885 .915 -1.772 14.016 -.803 -1.694
3 16 15.194 7.492 -.521 15.154 5.6 -1.031 17.16 6.891 -1.552
3 16 17.16 6.891 -1.552 15.154 5.6 -1.031 17.064 4.738 -2.249
3 16 16.013 9.783 -1.435 15.318 10.048 -.301 15.194 7.492 -.521
3 16 15.501 11.663 .134 15.318 10.048 -.301 16.103 11.931 -1.574
3 16 16.103 11.931 -1.574 15.318 10.048 -.301 16.013 9.783 -1.435
3 16 15.501 11.663 .134 16.103 11.931 -1.574 16.008 14.466 .889
3 16 16.008 14.466 .889 16.103 11.931 -1.574 16.55 15.065 -.438
3 16 17.176 16.811 -3.309 16.318 17.122 -.639 16.55 15.065 -.438
3 16 16.55 15.065 -.438 16.318 17.122 -.639 16.008 14.466 .889
3 16 15.794 17.974 -.717 16.318 17.122 -.639 15.886 18.212 -2.572
3 16 15.886 18.212 -2.572 16.318 17.122 -.639 17.176 16.811 -3.309
3 16 14.656 18.879 -2.381 14.99 18.438 -.575 15.886 18.212 -2.572
3 16 15.886 18.212 -2.572 14.99 18.438 -.575 15.794 17.974 -.717
3 16 14.656 18.879 -2.381 13.323 18.253 -1.767 14.99 18.438 -.575
3 16 14.99 18.438 -.575 13.323 18.253 -1.767 14.195 18.052 -.118
3 16 14.99 18.438 -.575 14.195 18.052 -.118 15.42 17.191 .561
3 16 15.42 17.191 .561 14.195 18.052 -.118 14.652 17.069 .89
3 16 16.318 17.122 -.639 15.794 17.974 -.717 15.42 17.191 .561
3 16 15.42 17.191 .561 15.794 17.974 -.717 14.99 18.438 -.575
3 16 15.42 17.191 .561 14.652 17.069 .89 15.302 14.512 1.286
3 16 15.302 14.512 1.286 14.652 17.069 .89 14.491 14.384 1.398
3 16 15.302 14.512 1.286 16.008 14.466 .889 15.42 17.191 .561
3 16 15.42 17.191 .561 16.008 14.466 .889 16.318 17.122 -.639
3 16 13.973 11.711 .797 14.731 11.652 .554 14.491 14.384 1.398
3 16 14.491 14.384 1.398 14.731 11.652 .554 15.302 14.512 1.286
4 16 16.008 14.466 .889 15.302 14.512 1.286 14.731 11.652 .554 15.501 11.663 .134
3 16 15.949 3.538 1.948 15.154 5.6 -1.031 15.159 4.498 2.772
3 16 15.159 4.498 2.772 15.154 5.6 -1.031 14.458 7.316 .478
3 16 15.159 4.498 2.772 14.569 -.063 6.38 15.949 3.538 1.948
3 16 15.949 3.538 1.948 14.569 -.063 6.38 14.944 -.9 5.65
3 16 14.769 -1.891 2.518 15.949 3.538 1.948 14.944 -.9 5.65
3 16 15.154 5.6 -1.031 15.949 3.538 1.948 14.885 .915 -1.772
3 16 14.885 .915 -1.772 15.949 3.538 1.948 14.769 -1.891 2.518
3 16 13.651 -3.041 2.257 14.016 -.803 -1.694 14.769 -1.891 2.518
3 16 14.769 -1.891 2.518 14.016 -.803 -1.694 14.885 .915 -1.772
3 16 14.016 -.803 -1.694 13.651 -3.041 2.257 13.544 -2.252 -2.102
3 16 13.544 -2.252 -2.102 13.651 -3.041 2.257 13.493 -4.334 1.965
3 16 13.544 -2.252 -2.102 13.493 -4.334 1.965 12.444 -4.145 -2.296
3 16 12.444 -4.145 -2.296 13.493 -4.334 1.965 12.027 -6.232 1.464
3 16 9.996 -7.498 1.3 10.339 -6.03 -2.432 12.027 -6.232 1.464
3 16 12.027 -6.232 1.464 10.339 -6.03 -2.432 12.444 -4.145 -2.296
3 16 8.703 -7.224 -3.105 10.339 -6.03 -2.432 9.532 -8.27 1.147
3 16 9.532 -8.27 1.147 10.339 -6.03 -2.432 9.996 -7.498 1.3
3 16 6.051 -8.274 -2.345 8.703 -7.224 -3.105 7.77 -9.395 1.138
3 16 7.77 -9.395 1.138 8.703 -7.224 -3.105 9.532 -8.27 1.147
3 16 6.051 -8.274 -2.345 7.77 -9.395 1.138 5.929 -9.361 1.355
3 16 15.3 .578 7.309 14.569 -.063 6.38 16.059 3.79 4.843
3 16 16.059 3.79 4.843 14.569 -.063 6.38 15.159 4.498 2.772
3 16 15.598 6.515 3.191 16.059 3.79 4.843 15.159 4.498 2.772
3 16 13.72 10.601 .811 13.906 10.524 1.677 14.418 9.199 .639
3 16 13.906 10.524 1.677 15.217 8.533 4.685 15.598 6.515 3.191
3 16 15.598 6.515 3.191 14.418 9.199 .639 13.906 10.524 1.677
3 16 16.059 3.79 4.843 15.598 6.515 3.191 16.155 3.605 6.87
3 16 15.3 .578 7.309 16.059 3.79 4.843 16.155 3.605 6.87
3 16 16.155 3.605 6.87 15.598 6.515 3.191 15.217 8.533 4.685
3 16 15.217 8.533 4.685 15.526 5.604 7.616 16.155 3.605 6.87
3 16 15.217 8.533 4.685 13.763 9.272 6.565 15.526 5.604 7.616
3 16 15.526 5.604 7.616 13.763 9.272 6.565 13.925 6.522 8.685
3 16 13.869 10.127 8.633 13.925 6.522 8.685 13.763 9.272 6.565
3 16 13.869 10.127 8.633 13.763 9.272 6.565 13.033 13.008 5.581
3 16 13.033 13.008 5.581 13.763 9.272 6.565 13.161 11.756 4.315
3 16 13.033 13.008 5.581 12.277 13.763 6.829 13.398 11.22 9.861
3 16 13.398 11.22 9.861 13.869 10.127 8.633 13.033 13.008 5.581
3 16 12.277 13.763 6.829 11.253 14.441 8.205 13.398 11.22 9.861
3 16 13.398 11.22 9.861 11.253 14.441 8.205 11.681 11.794 11.297
3 16 11.681 11.794 11.297 13.125 9.751 12.125 13.398 11.22 9.861
3 16 11.253 14.441 8.205 10.811 15.199 8.897 11.374 12.747 12.366
3 16 11.374 12.747 12.366 11.681 11.794 11.297 11.253 14.441 8.205
3 16 10.317 13.637 13.446 11.374 12.747 12.366 9.751 16.086 10.348
3 16 9.751 16.086 10.348 11.374 12.747 12.366 10.811 15.199 8.897
3 16 9.032 13.91 14.079 10.317 13.637 13.446 8.502 16.232 11.046
3 16 8.502 16.232 11.046 10.317 13.637 13.446 9.751 16.086 10.348
3 16 8.502 16.232 11.046 7.307 16.786 12.321 9.032 13.91 14.079
3 16 9.032 13.91 14.079 7.307 16.786 12.321 7.996 14.362 14.854
3 16 6.822 14.122 15.169 7.996 14.362 14.854 6.152 16.763 12.756
3 16 6.152 16.763 12.756 7.996 14.362 14.854 7.307 16.786 12.321
3 16 7.307 16.786 12.321 6.595 16.548 10.928 6.152 16.763 12.756
3 16 6.152 16.763 12.756 6.595 16.548 10.928 4.975 16.681 12.011
3 16 9.192 15.848 9.192 6.595 16.548 10.928 8.502 16.232 11.046
3 16 8.502 16.232 11.046 6.595 16.548 10.928 7.307 16.786 12.321
3 16 8.502 16.232 11.046 9.751 16.086 10.348 9.192 15.848 9.192
3 16 10.404 14.4 7.379 9.192 15.848 9.192 10.811 15.199 8.897
3 16 10.811 15.199 8.897 9.192 15.848 9.192 9.751 16.086 10.348
3 16 10.811 15.199 8.897 11.253 14.441 8.205 10.404 14.4 7.379
3 16 12.277 13.763 6.829 10.404 14.4 7.379 11.253 14.441 8.205
4 16 10.404 14.4 7.379 12.277 13.763 6.829 13.033 13.008 5.581 12.011 12.895 4.975
3 16 13.033 13.008 5.581 13.161 11.756 4.315 12.011 12.895 4.975
3 16 12.011 12.895 4.975 13.161 11.756 4.315 12.241 11.878 3.817
3 16 13.161 11.756 4.315 13.906 10.524 1.677 12.241 11.878 3.817
3 16 12.241 11.878 3.817 13.906 10.524 1.677 12.686 10.347 1.579
3 16 13.906 10.524 1.677 13.72 10.601 .811 12.686 10.347 1.579
3 16 12.686 10.347 1.579 13.72 10.601 .811 12.868 10.225 .663
3 16 13 11.52 0 12.868 10.225 .663 13.973 11.711 .797
3 16 13.973 11.711 .797 12.868 10.225 .663 13.72 10.601 .811
3 16 13 11.52 0 13.973 11.711 .797 14.491 14.384 1.398
3 16 13 11.52 0 14.491 14.384 1.398 12.934 14.682 -.334
3 16 12.794 15.707 -1.034 12.934 14.682 -.334 14.652 17.069 .89
3 16 14.652 17.069 .89 12.934 14.682 -.334 14.491 14.384 1.398
3 16 12.729 16.877 -1.365 12.794 15.707 -1.034 14.195 18.052 -.118
3 16 14.195 18.052 -.118 12.794 15.707 -1.034 14.652 17.069 .89
3 16 14.195 18.052 -.118 13.323 18.253 -1.767 12.729 16.877 -1.365
3 16 12.729 16.877 -1.365 13.323 18.253 -1.767 12.533 18.275 -2.349
3 16 3.531 16.99 12.298 4.04 17.176 13.763 4.975 16.681 12.011
3 16 4.975 16.681 12.011 4.04 17.176 13.763 6.152 16.763 12.756
3 16 1.268 17.202 12.748 1.406 17.208 13.951 3.531 16.99 12.298
3 16 3.531 16.99 12.298 1.406 17.208 13.951 4.04 17.176 13.763
3 16 6.822 14.122 15.169 6.152 16.763 12.756 4.714 14.997 16.476
3 16 4.714 14.997 16.476 6.152 16.763 12.756 4.04 17.176 13.763
3 16 1.439 14.611 16.925 4.714 14.997 16.476 1.406 17.208 13.951
3 16 1.406 17.208 13.951 4.714 14.997 16.476 4.04 17.176 13.763
3 16 4.714 14.997 16.476 4.47 10.5 18.423 6.822 14.122 15.169
3 16 6.822 14.122 15.169 4.47 10.5 18.423 5.995 8.582 18.12
3 16 1.419 10.974 18.728 4.47 10.5 18.423 1.439 14.611 16.925
3 16 1.439 14.611 16.925 4.47 10.5 18.423 4.714 14.997 16.476
3 16 2.461 6.996 19.321 4.47 10.5 18.423 .992 9.002 19.454
3 16 .992 9.002 19.454 4.47 10.5 18.423 1.419 10.974 18.728
3 16 4.278 5.707 18.766 2.461 6.996 19.321 3.421 4.607 19.083
3 16 7.996 14.362 14.854 7.224 8.365 17.615 9.032 13.91 14.079
3 16 9.032 13.91 14.079 7.224 8.365 17.615 8.165 7.612 17.256
3 16 7.996 14.362 14.854 6.822 14.122 15.169 7.224 8.365 17.615
3 16 7.224 8.365 17.615 6.822 14.122 15.169 5.995 8.582 18.12
3 16 10.211 6.56 15.851 11.374 12.747 12.366 9.429 7.248 16.595
3 16 9.429 7.248 16.595 11.374 12.747 12.366 10.317 13.637 13.446
3 16 8.165 7.612 17.256 9.429 7.248 16.595 9.032 13.91 14.079
3 16 9.032 13.91 14.079 9.429 7.248 16.595 10.317 13.637 13.446
3 16 10.631 5.722 15.073 11.681 11.794 11.297 10.211 6.56 15.851
3 16 10.211 6.56 15.851 11.681 11.794 11.297 11.374 12.747 12.366
3 16 6.824 4.253 17.594 8.165 7.612 17.256 5.774 4.865 18.411
3 16 4.699 -.828 17.285 6.824 4.253 17.594 4.466 1.724 18.572
3 16 4.466 1.724 18.572 6.824 4.253 17.594 5.774 4.865 18.411
3 16 11.994 5.385 14.49 13.125 9.751 12.125 10.631 5.722 15.073
3 16 10.631 5.722 15.073 13.125 9.751 12.125 11.681 11.794 11.297
3 16 13.358 2.734 11.007 13.925 6.522 8.685 13.381 4.246 12.163
3 16 13.381 4.246 12.163 13.925 6.522 8.685 13.869 10.127 8.633
3 16 13.381 4.246 12.163 13.869 10.127 8.633 13.224 4.798 13.29
3 16 13.224 4.798 13.29 13.869 10.127 8.633 13.398 11.22 9.861
3 16 11.629 -.276 13.153 13.381 4.246 12.163 11.384 .179 14.091
3 16 11.384 .179 14.091 13.381 4.246 12.163 13.224 4.798 13.29
3 16 11.643 -.839 12.407 13.358 2.734 11.007 11.629 -.276 13.153
3 16 11.629 -.276 13.153 13.358 2.734 11.007 13.381 4.246 12.163
3 16 11.994 5.385 14.49 10.631 5.722 15.073 10.05 1.416 15.531
3 16 10.05 1.416 15.531 10.631 5.722 15.073 9.221 1.97 15.812
3 16 9.221 1.97 15.812 10.631 5.722 15.073 8.7 2.889 16.512
3 16 8.7 2.889 16.512 10.631 5.722 15.073 10.211 6.56 15.851
3 16 8.7 2.889 16.512 10.211 6.56 15.851 7.989 3.479 17.011
3 16 7.989 3.479 17.011 10.211 6.56 15.851 9.429 7.248 16.595
3 16 8.165 7.612 17.256 6.824 4.253 17.594 9.429 7.248 16.595
3 16 9.429 7.248 16.595 6.824 4.253 17.594 7.989 3.479 17.011
4 16 5.02 -2.469 16.83 7.989 3.479 17.011 6.824 4.253 17.594 4.699 -.828 17.285
3 16 6.945 -2.995 15.571 9.221 1.97 15.812 6.157 -2.862 16.228
3 16 6.157 -2.862 16.228 9.221 1.97 15.812 8.7 2.889 16.512
3 16 7.989 3.479 17.011 5.02 -2.469 16.83 8.7 2.889 16.512
3 16 8.7 2.889 16.512 5.02 -2.469 16.83 6.157 -2.862 16.228
4 16 11.994 5.385 14.49 10.05 1.416 15.531 11.384 .179 14.091 13.224 4.798 13.29
3 16 13.398 11.22 9.861 13.125 9.751 12.125 13.224 4.798 13.29
3 16 13.224 4.798 13.29 13.125 9.751 12.125 11.994 5.385 14.49
3 16 9.221 1.97 15.812 6.945 -2.995 15.571 10.05 1.416 15.531
3 16 10.05 1.416 15.531 6.945 -2.995 15.571 7.495 -3.398 15.103
3 16 8.442 -4.308 13.282 11.643 -.839 12.407 8.301 -4.117 13.908
3 16 8.301 -4.117 13.908 11.643 -.839 12.407 11.629 -.276 13.153
3 16 11.384 .179 14.091 8.063 -3.78 14.465 11.629 -.276 13.153
3 16 11.629 -.276 13.153 8.063 -3.78 14.465 8.301 -4.117 13.908
3 16 10.05 1.416 15.531 7.495 -3.398 15.103 11.384 .179 14.091
3 16 11.384 .179 14.091 7.495 -3.398 15.103 8.063 -3.78 14.465
3 16 14.588 1.441 10.295 15.526 5.604 7.616 13.358 2.734 11.007
3 16 13.358 2.734 11.007 15.526 5.604 7.616 13.925 6.522 8.685
3 16 13.358 2.734 11.007 11.643 -.839 12.407 14.588 1.441 10.295
3 16 14.588 1.441 10.295 11.643 -.839 12.407 12.354 -1.782 11.754
3 16 11.643 -.839 12.407 8.442 -4.308 13.282 12.354 -1.782 11.754
3 16 12.354 -1.782 11.754 8.442 -4.308 13.282 8.574 -4.995 12.927
3 16 8.648 -5.772 11.852 11.376 -3.962 10.561 8.574 -4.995 12.927
3 16 8.574 -4.995 12.927 11.376 -3.962 10.561 12.354 -1.782 11.754
3 16 16.155 3.605 6.87 15.158 .715 9.182 15.3 .578 7.309
3 16 15.158 .715 9.182 16.155 3.605 6.87 14.588 1.441 10.295
3 16 14.588 1.441 10.295 16.155 3.605 6.87 15.526 5.604 7.616
3 16 15.3 .578 7.309 15.158 .715 9.182 11.376 -3.962 10.561
3 16 14.588 1.441 10.295 12.354 -1.782 11.754 15.158 .715 9.182
3 16 15.158 .715 9.182 12.354 -1.782 11.754 11.376 -3.962 10.561
3 16 15.3 .578 7.309 11.376 -3.962 10.561 14.569 -.063 6.38
3 16 14.569 -.063 6.38 11.376 -3.962 10.561 10.767 -4.442 9.782
3 16 8.434 -6.199 11.096 10.767 -4.442 9.782 8.648 -5.772 11.852
3 16 8.648 -5.772 11.852 10.767 -4.442 9.782 11.376 -3.962 10.561
3 16 14.569 -.063 6.38 10.767 -4.442 9.782 14.944 -.9 5.65
3 16 14.944 -.9 5.65 10.767 -4.442 9.782 10.837 -5.051 9.41
3 16 14.769 -1.891 2.518 14.944 -.9 5.65 11.073 -5.536 8.476
3 16 11.073 -5.536 8.476 14.944 -.9 5.65 10.837 -5.051 9.41
3 16 14.769 -1.891 2.518 11.073 -5.536 8.476 13.651 -3.041 2.257
3 16 13.651 -3.041 2.257 11.073 -5.536 8.476 9.894 -6.416 8.099
3 16 10.767 -4.442 9.782 8.434 -6.199 11.096 10.837 -5.051 9.41
3 16 10.837 -5.051 9.41 8.434 -6.199 11.096 8.414 -6.599 10.731
3 16 8.414 -6.599 10.731 8.29 -6.956 10.38 10.837 -5.051 9.41
3 16 10.837 -5.051 9.41 8.29 -6.956 10.38 11.073 -5.536 8.476
4 16 11.073 -5.536 8.476 8.29 -6.956 10.38 7.871 -7.422 9.571 9.894 -6.416 8.099
3 16 6.399 -9.857 5.598 5.593 -9.807 7.222 5.118 -9.913 5.402
3 16 5.118 -9.913 5.402 5.593 -9.807 7.222 4.746 -10.002 6.742
3 16 6.726 -8.909 8.232 8.04 -8.596 6.48 7.225 -8.435 8.72
3 16 7.225 -8.435 8.72 8.04 -8.596 6.48 9.817 -7.871 6.759
3 16 12.027 -6.232 1.464 9.817 -7.871 6.759 9.996 -7.498 1.3
3 16 9.996 -7.498 1.3 9.817 -7.871 6.759 8.04 -8.596 6.48
3 16 9.532 -8.27 1.147 9.996 -7.498 1.3 7.702 -9.298 5.906
3 16 7.702 -9.298 5.906 9.996 -7.498 1.3 8.04 -8.596 6.48
3 16 6.726 -8.909 8.232 6.237 -9.4 7.826 8.04 -8.596 6.48
3 16 8.04 -8.596 6.48 6.237 -9.4 7.826 7.702 -9.298 5.906
3 16 9.894 -6.416 8.099 7.871 -7.422 9.571 9.967 -7.044 7.627
3 16 9.967 -7.044 7.627 7.871 -7.422 9.571 7.674 -7.944 9.215
3 16 9.967 -7.044 7.627 7.674 -7.944 9.215 9.817 -7.871 6.759
3 16 9.817 -7.871 6.759 7.674 -7.944 9.215 7.225 -8.435 8.72
3 16 13.651 -3.041 2.257 9.894 -6.416 8.099 13.493 -4.334 1.965
3 16 13.493 -4.334 1.965 9.894 -6.416 8.099 9.967 -7.044 7.627
3 16 13.493 -4.334 1.965 9.967 -7.044 7.627 12.027 -6.232 1.464
3 16 12.027 -6.232 1.464 9.967 -7.044 7.627 9.817 -7.871 6.759
3 16 5.118 -9.913 5.402 3.684 -10.934 4.784 5.929 -9.361 1.355
3 16 5.929 -9.361 1.355 3.684 -10.934 4.784 3.981 -10.527 1.014
3 16 7.77 -9.395 1.138 6.399 -9.857 5.598 5.929 -9.361 1.355
3 16 5.929 -9.361 1.355 6.399 -9.857 5.598 5.118 -9.913 5.402
3 16 6.399 -9.857 5.598 7.77 -9.395 1.138 7.702 -9.298 5.906
3 16 7.702 -9.298 5.906 7.77 -9.395 1.138 9.532 -8.27 1.147
3 16 5.593 -9.807 7.222 6.399 -9.857 5.598 6.237 -9.4 7.826
3 16 6.237 -9.4 7.826 6.399 -9.857 5.598 7.702 -9.298 5.906
3 16 13.973 11.711 .797 13.72 10.601 .811 14.731 11.652 .554
3 16 14.731 11.652 .554 13.72 10.601 .811 14.418 9.199 .639
3 16 14.418 9.199 .639 15.318 10.048 -.301 14.731 11.652 .554
3 16 14.731 11.652 .554 15.318 10.048 -.301 15.501 11.663 .134
3 16 15.194 7.492 -.521 14.458 7.316 .478 15.154 5.6 -1.031
3 16 14.458 7.316 .478 14.418 9.199 .639 15.598 6.515 3.191
4 16 -17.416 8.628 1.296 -15.569 8.207 2.552 -14.752 10.023 3.206 -16.185 11.022 2.255
3 16 -7.046 -7.765 16.934 -7.324 -7.485 18.82 -6.842 -6.391 18.383
3 16 -6.842 -6.391 18.383 -7.324 -7.485 18.82 -7.495 -6.194 20.96
3 16 -6.385 -9.292 16.838 -6.629 -9.47 18.857 -7.046 -7.765 16.934
3 16 -7.046 -7.765 16.934 -6.629 -9.47 18.857 -7.324 -7.485 18.82
3 16 -7.495 -6.194 20.96 -7.324 -7.485 18.82 -6.883 -8.344 21.339
3 16 -6.883 -8.344 21.339 -7.324 -7.485 18.82 -6.629 -9.47 18.857
3 16 -7.495 -6.194 20.96 -6.883 -8.344 21.339 -6.916 -4.93 23.588
3 16 -6.842 -6.391 18.383 -7.495 -6.194 20.96 -6.262 -5.372 17.934
3 16 -4.615 -3.324 16.8 -5.599 -4.516 17.442 -3.959 1.059 18.199
3 16 -3.959 1.059 18.199 -5.599 -4.516 17.442 -7.174 -2.201 22.311
3 16 -6.916 -4.93 23.588 -7.174 -2.201 22.311 -7.495 -6.194 20.96
3 16 -7.174 -2.201 22.311 -5.599 -4.516 17.442 -7.495 -6.194 20.96
3 16 -7.495 -6.194 20.96 -5.599 -4.516 17.442 -6.262 -5.372 17.934
4 16 -7.174 -2.201 22.311 -5.809 3.058 21.356 -4.033 3.316 18.762 -3.959 1.059 18.199
3 16 -6.916 -4.93 23.588 -5.398 -2.797 25.643 -7.174 -2.201 22.311
3 16 -7.174 -2.201 22.311 -5.398 -2.797 25.643 -4.896 -.497 25.472
3 16 -7.174 -2.201 22.311 -4.896 -.497 25.472 -5.809 3.058 21.356
3 16 -5.809 3.058 21.356 -4.896 -.497 25.472 -3.896 2.715 24.497
3 16 -3.896 2.715 24.497 -2.419 6.306 23.888 -5.809 3.058 21.356
3 16 -5.809 3.058 21.356 -2.419 6.306 23.888 -4.315 7.011 21.22
3 16 -4.315 7.011 21.22 -2.554 10.087 22.089 -2.673 7.632 19.082
3 16 -2.673 7.632 19.082 -2.554 10.087 22.089 -1.55 9.361 19.458
3 16 -4.315 7.011 21.22 -2.673 7.632 19.082 -3.232 6.723 19.067
4 16 -5.809 3.058 21.356 -4.315 7.011 21.22 -3.232 6.723 19.067 -3.664 5.156 18.793
3 16 -5.809 3.058 21.356 -3.664 5.156 18.793 -4.033 3.316 18.762
3 16 -4.315 7.011 21.22 -2.419 6.306 23.888 -2.554 10.087 22.089
3 16 -1.55 9.361 19.458 -2.554 10.087 22.089 -.454 9.734 19.535
3 16 -.454 9.734 19.535 -2.554 10.087 22.089 -.362 10.276 23.3
4 16 -.454 9.734 19.535 -.362 10.276 23.3 1.321 10.068 23.429 2.333 9.688 21.91
3 16 -.454 9.734 19.535 2.333 9.688 21.91 .992 9.002 19.454
3 16 2.461 6.996 19.321 .992 9.002 19.454 3.061 7.462 20.721
3 16 3.061 7.462 20.721 .992 9.002 19.454 2.333 9.688 21.91
3 16 3.421 4.607 19.083 2.461 6.996 19.321 4.124 4.906 20.227
3 16 4.124 4.906 20.227 2.461 6.996 19.321 3.061 7.462 20.721
3 16 5.91 1.123 20.82 4.466 1.724 18.572 4.124 4.906 20.227
3 16 4.124 4.906 20.227 4.466 1.724 18.572 3.421 4.607 19.083
3 16 4.699 -.828 17.285 4.466 1.724 18.572 5.91 1.123 20.82
3 16 5.91 1.123 20.82 6.902 -2.478 20.733 4.699 -.828 17.285
3 16 6.902 -2.478 20.733 7.315 -4.787 19.821 4.699 -.828 17.285
3 16 7.199 -5.45 18.53 5.02 -2.469 16.83 7.315 -4.787 19.821
3 16 7.315 -4.787 19.821 5.02 -2.469 16.83 4.699 -.828 17.285
3 16 7.688 -7.512 18.232 7.551 -7.432 16.69 7.199 -5.45 18.53
3 16 7.315 -4.787 19.821 7.856 -6.568 19.758 7.199 -5.45 18.53
3 16 7.199 -5.45 18.53 7.856 -6.568 19.758 7.688 -7.512 18.232
3 16 7.367 -4.558 20.719 7.856 -6.568 19.758 7.315 -4.787 19.821
3 16 7.315 -4.787 19.821 6.902 -2.478 20.733 7.367 -4.558 20.719
3 16 7.367 -4.558 20.719 6.902 -2.478 20.733 6.843 -2.579 21.601
3 16 6.902 -2.478 20.733 5.91 1.123 20.82 4.414 .26 23.171
3 16 6.843 -2.579 21.601 6.902 -2.478 20.733 5.453 -1.936 23.212
3 16 5.453 -1.936 23.212 6.902 -2.478 20.733 4.414 .26 23.171
3 16 2.333 9.688 21.91 1.321 10.068 23.429 1.467 6.437 24.269
3 16 1.467 6.437 24.269 1.321 10.068 23.429 .915 7.138 24.45
3 16 2.333 9.688 21.91 1.467 6.437 24.269 3.061 7.462 20.721
3 16 3.061 7.462 20.721 1.467 6.437 24.269 2.525 5.586 23.094
3 16 4.414 .26 23.171 5.91 1.123 20.82 3.283 4.224 22.654
3 16 3.283 4.224 22.654 5.91 1.123 20.82 4.124 4.906 20.227
3 16 3.061 7.462 20.721 2.525 5.586 23.094 4.124 4.906 20.227
3 16 4.124 4.906 20.227 2.525 5.586 23.094 3.283 4.224 22.654
3 16 -2.554 10.087 22.089 -2.419 6.306 23.888 -.362 10.276 23.3
3 16 -.362 10.276 23.3 -2.419 6.306 23.888 .915 7.138 24.45
3 16 -.362 10.276 23.3 .915 7.138 24.45 1.321 10.068 23.429
3 16 8.16 -3.095 22.949 7.225 -2.713 21.978 5.453 -1.936 23.212
3 16 8.16 -3.095 22.949 5.453 -1.936 23.212 5.5 -2.196 23.575
3 16 6.843 -2.579 21.601 5.453 -1.936 23.212 7.225 -2.713 21.978
3 16 5.5 -2.196 23.575 5.44 -3.033 24.37 8.16 -3.095 22.949
3 16 7.816 -4.5 20.949 7.367 -4.558 20.719 7.225 -2.713 21.978
3 16 7.225 -2.713 21.978 7.367 -4.558 20.719 6.843 -2.579 21.601
3 16 7.367 -4.558 20.719 7.816 -4.5 20.949 7.856 -6.568 19.758
3 16 7.856 -6.568 19.758 7.816 -4.5 20.949 8.49 -6.704 19.89
3 16 8.686 -7.903 17.98 7.688 -7.512 18.232 8.49 -6.704 19.89
3 16 8.49 -6.704 19.89 7.688 -7.512 18.232 7.856 -6.568 19.758
3 16 7.688 -7.512 18.232 8.686 -7.903 17.98 7.551 -7.432 16.69
3 16 7.551 -7.432 16.69 8.686 -7.903 17.98 8.374 -7.635 16.089
3 16 9.139 -9.519 13.449 8.374 -7.635 16.089 10.037 -11.076 15.239
3 16 10.037 -11.076 15.239 8.374 -7.635 16.089 8.686 -7.903 17.98
3 16 10.532 -11.246 17.617 10.037 -11.076 15.239 8.686 -7.903 17.98
4 16 10.037 -11.076 15.239 10.532 -11.246 17.617 9.086 -12.846 17.755 8.581 -12.533 14.788
3 16 9.086 -12.846 17.755 10.532 -11.246 17.617 10.524 -9.967 19.875
3 16 10.524 -9.967 19.875 8.38 -11.299 20.674 9.086 -12.846 17.755
3 16 8.62 -4.759 22.1 7.816 -4.5 20.949 8.16 -3.095 22.949
3 16 8.16 -3.095 22.949 7.816 -4.5 20.949 7.225 -2.713 21.978
3 16 9.887 -7.518 21.309 8.49 -6.704 19.89 8.62 -4.759 22.1
3 16 8.62 -4.759 22.1 8.49 -6.704 19.89 7.816 -4.5 20.949
3 16 10.524 -9.967 19.875 8.686 -7.903 17.98 9.887 -7.518 21.309
3 16 9.887 -7.518 21.309 8.686 -7.903 17.98 8.49 -6.704 19.89
3 16 6.909 -8.623 22.505 8.38 -11.299 20.674 9.887 -7.518 21.309
3 16 9.887 -7.518 21.309 8.38 -11.299 20.674 10.524 -9.967 19.875
3 16 5.179 -6.417 23.493 6.909 -8.623 22.505 8.62 -4.759 22.1
3 16 8.62 -4.759 22.1 6.909 -8.623 22.505 9.887 -7.518 21.309
3 16 7.548 -10.55 12.685 9.139 -9.519 13.449 10.037 -11.076 15.239
3 16 10.037 -11.076 15.239 8.581 -12.533 14.788 7.548 -10.55 12.685
3 16 5.179 -6.417 23.493 8.62 -4.759 22.1 5.44 -3.033 24.37
3 16 5.44 -3.033 24.37 8.62 -4.759 22.1 8.16 -3.095 22.949
3 16 4.414 .26 23.171 4.727 .329 24.03 5.453 -1.936 23.212
3 16 5.453 -1.936 23.212 4.727 .329 24.03 5.5 -2.196 23.575
3 16 3.283 4.224 22.654 4.066 4.202 23.506 4.414 .26 23.171
3 16 4.414 .26 23.171 4.066 4.202 23.506 4.727 .329 24.03
3 16 2.525 5.586 23.094 3.548 5.324 23.861 3.283 4.224 22.654
3 16 3.283 4.224 22.654 3.548 5.324 23.861 4.066 4.202 23.506
4 16 3.548 5.324 23.861 2.525 5.586 23.094 1.467 6.437 24.269 2.833 5.838 24.469
3 16 2.249 5.597 25.517 3.244 4.541 25.331 2.833 5.838 24.469
3 16 2.833 5.838 24.469 3.244 4.541 25.331 3.548 5.324 23.861
3 16 2.833 5.838 24.469 1.467 6.437 24.269 2.249 5.597 25.517
3 16 2.249 5.597 25.517 1.467 6.437 24.269 1.487 5.474 25.816
3 16 1.487 5.474 25.816 1.544 4.09 25.759 2.249 5.597 25.517
3 16 2.249 5.597 25.517 1.544 4.09 25.759 3.244 4.541 25.331
4 16 1.544 4.09 25.759 1.533 1.806 26.489 3.874 1.545 26.172 3.244 4.541 25.331
4 16 1.533 1.806 26.489 1.904 -1.503 26.987 4.333 -1.497 26.611 3.874 1.545 26.172
3 16 3.548 5.324 23.861 3.244 4.541 25.331 4.066 4.202 23.506
3 16 3.244 4.541 25.331 3.874 1.545 26.172 4.066 4.202 23.506
3 16 4.066 4.202 23.506 3.874 1.545 26.172 4.727 .329 24.03
3 16 4.727 .329 24.03 3.874 1.545 26.172 4.333 -1.497 26.611
3 16 1.904 -1.503 26.987 2.533 -4.116 26.383 4.333 -1.497 26.611
3 16 4.333 -1.497 26.611 2.533 -4.116 26.383 4.714 -4.043 25.82
4 16 4.727 .329 24.03 4.333 -1.497 26.611 5.44 -3.033 24.37 5.5 -2.196 23.575
3 16 4.333 -1.497 26.611 4.714 -4.043 25.82 5.44 -3.033 24.37
3 16 4.714 -4.043 25.82 4.946 -5.95 24.595 5.44 -3.033 24.37
3 16 5.44 -3.033 24.37 4.946 -5.95 24.595 5.179 -6.417 23.493
3 16 4.946 -5.95 24.595 4.714 -4.043 25.82 2.371 -5.386 26.098
3 16 2.371 -5.386 26.098 4.714 -4.043 25.82 2.533 -4.116 26.383
3 16 6.909 -8.623 22.505 5.179 -6.417 23.493 5.263 -6.541 25.814
3 16 5.263 -6.541 25.814 5.179 -6.417 23.493 4.946 -5.95 24.595
3 16 4.946 -5.95 24.595 2.371 -5.386 26.098 5.263 -6.541 25.814
3 16 5.263 -6.541 25.814 2.371 -5.386 26.098 4.629 -6.742 28.64
3 16 4.629 -6.742 28.64 2.371 -5.386 26.098 1.813 -5.961 28.13
3 16 4.629 -6.742 28.64 1.813 -5.961 28.13 4.292 -7.584 29.843
3 16 4.292 -7.584 29.843 1.813 -5.961 28.13 1.236 -6.68 29.49
3 16 4.292 -7.584 29.843 3.068 -9.875 29.67 4.513 -9.207 29.826
3 16 4.292 -7.584 29.843 1.236 -6.68 29.49 1.166 -9.961 29.582
3 16 1.166 -9.961 29.582 3.068 -9.875 29.67 4.292 -7.584 29.843
3 16 8.712 -14.226 14.353 7.58 -12.808 12.559 8.581 -12.533 14.788
4 16 9.343 -14.802 17.463 9.086 -12.846 17.755 8.38 -11.299 20.674 8.446 -13.167 21.366
3 16 6.909 -8.623 22.505 6.899 -10.237 24.252 8.38 -11.299 20.674
3 16 8.38 -11.299 20.674 6.899 -10.237 24.252 8.446 -13.167 21.366
3 16 8.581 -12.533 14.788 7.58 -12.808 12.559 7.548 -10.55 12.685
3 16 7.548 -10.55 12.685 7.58 -12.808 12.559 6.946 -11.358 11.566
3 16 9.086 -12.846 17.755 9.343 -14.802 17.463 8.581 -12.533 14.788
3 16 8.581 -12.533 14.788 9.343 -14.802 17.463 8.712 -14.226 14.353
3 16 .07 6.829 29.365 -.013 3.904 28.967 .461 7.517 27.247
3 16 .461 7.517 27.247 -.013 3.904 28.967 1.487 5.474 25.816
3 16 1.467 6.437 24.269 .915 7.138 24.45 1.487 5.474 25.816
3 16 1.487 5.474 25.816 .915 7.138 24.45 .461 7.517 27.247
3 16 -3.587 3.213 28.048 -2.165 6.692 29.148 -2.203 7.285 26.706
3 16 -2.203 7.285 26.706 -2.419 6.306 23.888 -3.587 3.213 28.048
3 16 -3.587 3.213 28.048 -2.419 6.306 23.888 -3.896 2.715 24.497
3 16 1.544 4.09 25.759 1.487 5.474 25.816 -.013 3.904 28.967
3 16 1.544 4.09 25.759 -.013 3.904 28.967 1.533 1.806 26.489
3 16 1.533 1.806 26.489 -.013 3.904 28.967 -.043 1.081 29.354
3 16 1.533 1.806 26.489 .841 .344 28.24 1.904 -1.503 26.987
3 16 .841 .344 28.24 1.533 1.806 26.489 -.043 1.081 29.354
3 16 .461 7.517 27.247 .915 7.138 24.45 -2.203 7.285 26.706
3 16 -2.203 7.285 26.706 .915 7.138 24.45 -2.419 6.306 23.888
3 16 -3.587 3.213 28.048 -.013 3.904 28.967 -2.165 6.692 29.148
3 16 -2.165 6.692 29.148 -.013 3.904 28.967 .07 6.829 29.365
3 16 -2.203 7.285 26.706 -2.165 6.692 29.148 .461 7.517 27.247
3 16 .461 7.517 27.247 -2.165 6.692 29.148 .07 6.829 29.365
3 16 -3.896 2.715 24.497 -4.896 -.497 25.472 -3.587 3.213 28.048
3 16 -3.587 3.213 28.048 -4.896 -.497 25.472 -4.879 -.528 28.174
3 16 -.043 1.081 29.354 -.013 3.904 28.967 -1.893 .966 29.255
3 16 -3.587 3.213 28.048 -4.879 -.528 28.174 -3.433 .123 29.008
3 16 -4.896 -.497 25.472 -5.398 -2.797 25.643 -4.879 -.528 28.174
3 16 -4.879 -.528 28.174 -5.398 -2.797 25.643 -5.407 -4.086 27.234
3 16 -3.433 .123 29.008 -4.879 -.528 28.174 -5.275 -3.996 28.709
3 16 -5.275 -3.996 28.709 -3.197 -2.989 29.76 -3.433 .123 29.008
3 16 -.043 1.081 29.354 .433 .696 31.399 .841 .344 28.24
3 16 1.669 -3.079 28.745 .841 .344 28.24 .433 .696 31.399
3 16 .841 .344 28.24 1.669 -3.079 28.745 1.904 -1.503 26.987
3 16 1.669 -3.079 28.745 2.533 -4.116 26.383 1.904 -1.503 26.987
3 16 1.669 -3.079 28.745 1.813 -5.961 28.13 2.533 -4.116 26.383
3 16 2.533 -4.116 26.383 1.813 -5.961 28.13 2.371 -5.386 26.098
3 16 1.236 -6.68 29.49 1.813 -5.961 28.13 1.019 -3.806 30.864
3 16 1.019 -3.806 30.864 1.813 -5.961 28.13 1.669 -3.079 28.745
3 16 1.669 -3.079 28.745 .433 .696 31.399 1.019 -3.806 30.864
3 16 1.019 -3.806 30.864 .433 .696 31.399 .312 -.632 33.155
3 16 4.292 -7.584 29.843 4.513 -9.207 29.826 4.629 -6.742 28.64
3 16 4.629 -6.742 28.64 4.513 -9.207 29.826 5.506 -9.066 26.61
3 16 4.629 -6.742 28.64 5.506 -9.066 26.61 5.263 -6.541 25.814
3 16 5.506 -9.066 26.61 6.899 -10.237 24.252 5.263 -6.541 25.814
3 16 5.263 -6.541 25.814 6.899 -10.237 24.252 6.909 -8.623 22.505
3 16 1.166 -9.961 29.582 1.2 -10.305 28.626 3.068 -9.875 29.67
3 16 3.068 -9.875 29.67 1.2 -10.305 28.626 3.354 -10.69 26.699
3 16 5.506 -9.066 26.61 4.513 -9.207 29.826 3.354 -10.69 26.699
3 16 3.354 -10.69 26.699 4.513 -9.207 29.826 3.068 -9.875 29.67
3 16 3.354 -10.69 26.699 1.2 -10.305 28.626 1.707 -10.831 27.426
3 16 1.2 -10.305 28.626 1.068 -12.307 28.422 1.707 -10.831 27.426
3 16 1.707 -10.831 27.426 1.068 -12.307 28.422 1.392 -12.865 28.105
3 16 1.166 -9.961 29.582 .061 -9.202 28.578 1.2 -10.305 28.626
3 16 1.236 -6.68 29.49 .321 -7.95 29.13 1.166 -9.961 29.582
3 16 1.166 -9.961 29.582 .321 -7.95 29.13 .061 -9.202 28.578
3 16 6.225 -13.991 11.679 7.58 -12.808 12.559 8.712 -14.226 14.353
3 16 8.712 -14.226 14.353 6.996 -16.106 13.979 6.225 -13.991 11.679
3 16 6.225 -13.991 11.679 6.032 -12.025 10.881 7.58 -12.808 12.559
3 16 7.58 -12.808 12.559 6.032 -12.025 10.881 6.946 -11.358 11.566
3 16 5.258 -18.948 13.188 4.396 -16.189 9.767 6.996 -16.106 13.979
3 16 6.996 -16.106 13.979 4.396 -16.189 9.767 6.225 -13.991 11.679
4 16 5.508 -19.166 18.121 5.258 -18.948 13.188 6.996 -16.106 13.979 6.998 -16.581 17.485
3 16 6.996 -16.106 13.979 8.712 -14.226 14.353 9.343 -14.802 17.463
3 16 9.343 -14.802 17.463 6.998 -16.581 17.485 6.996 -16.106 13.979
3 16 5.508 -19.166 18.121 6.998 -16.581 17.485 4.517 -16.664 22.345
3 16 4.517 -16.664 22.345 6.998 -16.581 17.485 5.782 -14.738 21.683
3 16 5.782 -14.738 21.683 6.998 -16.581 17.485 8.446 -13.167 21.366
3 16 8.446 -13.167 21.366 6.998 -16.581 17.485 9.343 -14.802 17.463
3 16 -.707 -12.839 27.842 .161 -15.066 27.161 1.392 -12.865 28.105
3 16 1.392 -12.865 28.105 .161 -15.066 27.161 1.808 -15.094 27.994
3 16 1.808 -15.094 27.994 2.968 -14.784 27.727 1.392 -12.865 28.105
3 16 1.392 -12.865 28.105 2.968 -14.784 27.727 3.13 -12.756 27.321
3 16 3.354 -10.69 26.699 1.707 -10.831 27.426 3.13 -12.756 27.321
3 16 3.13 -12.756 27.321 1.707 -10.831 27.426 1.392 -12.865 28.105
3 16 4.059 -11.789 25.534 3.738 -14.763 25.578 5.782 -14.738 21.683
3 16 5.782 -14.738 21.683 3.738 -14.763 25.578 4.517 -16.664 22.345
3 16 6.899 -10.237 24.252 4.059 -11.789 25.534 5.782 -14.738 21.683
3 16 6.899 -10.237 24.252 5.782 -14.738 21.683 8.446 -13.167 21.366
3 16 3.354 -10.69 26.699 3.13 -12.756 27.321 4.059 -11.789 25.534
3 16 4.059 -11.789 25.534 3.13 -12.756 27.321 3.738 -14.763 25.578
3 16 3.738 -14.763 25.578 3.13 -12.756 27.321 2.968 -14.784 27.727
3 16 3.354 -10.69 26.699 4.059 -11.789 25.534 5.506 -9.066 26.61
3 16 5.506 -9.066 26.61 4.059 -11.789 25.534 6.899 -10.237 24.252
3 16 1.392 -12.865 28.105 1.068 -12.307 28.422 -.707 -12.839 27.842
3 16 -.707 -12.839 27.842 1.068 -12.307 28.422 -.862 -12.266 28.304
3 16 1.068 -12.307 28.422 1.2 -10.305 28.626 -.862 -12.266 28.304
3 16 -.862 -12.266 28.304 1.2 -10.305 28.626 .061 -9.202 28.578
3 16 -2.966 -12.175 27.829 -.862 -12.266 28.304 -3.095 -9.275 28.011
3 16 -3.095 -9.275 28.011 -.862 -12.266 28.304 .061 -9.202 28.578
3 16 -.862 -12.266 28.304 -2.966 -12.175 27.829 -.707 -12.839 27.842
3 16 -.707 -12.839 27.842 -2.966 -12.175 27.829 -3.417 -12.647 26.723
3 16 .321 -7.95 29.13 -2.316 -6.63 29.312 .061 -9.202 28.578
3 16 .061 -9.202 28.578 -2.316 -6.63 29.312 -3.095 -9.275 28.011
3 16 -3.138 -7.657 28.572 -3.095 -9.275 28.011 -2.316 -6.63 29.312
3 16 1.019 -3.806 30.864 -2.316 -6.63 29.312 1.236 -6.68 29.49
3 16 1.236 -6.68 29.49 -2.316 -6.63 29.312 .321 -7.95 29.13
3 16 -2.316 -6.63 29.312 1.019 -3.806 30.864 -2.066 -3.539 30.885
3 16 -2.066 -3.539 30.885 -3.197 -2.989 29.76 -2.316 -6.63 29.312
3 16 -2.316 -6.63 29.312 -3.197 -2.989 29.76 -3.138 -7.657 28.572
3 16 .433 .696 31.399 -.043 1.081 29.354 -1.709 .611 31.494
3 16 -1.709 .611 31.494 -.043 1.081 29.354 -1.893 .966 29.255
4 16 -1.959 -.625 33.054 -2.066 -3.539 30.885 1.019 -3.806 30.864 .312 -.632 33.155
3 16 -3.197 -2.989 29.76 -2.066 -3.539 30.885 -2.967 .324 31.087
3 16 -2.967 .324 31.087 -2.066 -3.539 30.885 -1.959 -.625 33.054
3 16 -3.197 -2.989 29.76 -2.967 .324 31.087 -3.433 .123 29.008
3 16 -1.709 .611 31.494 -1.893 .966 29.255 -2.967 .324 31.087
3 16 -2.967 .324 31.087 -1.893 .966 29.255 -3.433 .123 29.008
3 16 -1.959 -.625 33.054 -1.709 .611 31.494 -2.967 .324 31.087
3 16 .433 .696 31.399 -1.709 .611 31.494 .312 -.632 33.155
3 16 .312 -.632 33.155 -1.709 .611 31.494 -1.959 -.625 33.054
3 16 -5.922 -8.064 27.119 -3.138 -7.657 28.572 -5.275 -3.996 28.709
3 16 -5.275 -3.996 28.709 -3.138 -7.657 28.572 -3.197 -2.989 29.76
3 16 -3.095 -9.275 28.011 -3.881 -10.769 26.391 -2.966 -12.175 27.829
3 16 -2.966 -12.175 27.829 -3.881 -10.769 26.391 -3.417 -12.647 26.723
3 16 -3.138 -7.657 28.572 -3.881 -10.769 26.391 -3.095 -9.275 28.011
3 16 -3.138 -7.657 28.572 -5.922 -8.064 27.119 -3.881 -10.769 26.391
3 16 -3.881 -10.769 26.391 -5.922 -8.064 27.119 -6.773 -10.626 24.743
3 16 -.013 3.904 28.967 -3.587 3.213 28.048 -1.893 .966 29.255
3 16 -1.893 .966 29.255 -3.587 3.213 28.048 -3.433 .123 29.008
3 16 -6.138 -7.368 26.065 -5.922 -8.064 27.119 -5.407 -4.086 27.234
4 16 -4.879 -.528 28.174 -5.407 -4.086 27.234 -5.922 -8.064 27.119 -5.275 -3.996 28.709
3 16 -5.922 -8.064 27.119 -6.138 -7.368 26.065 -6.773 -10.626 24.743
3 16 -6.385 -9.292 16.838 -7.046 -7.765 16.934 -6.364 -8.576 15.947
3 16 -7.132 -9.636 16.585 -6.364 -8.576 15.947 -6.892 -8.885 15.329
3 16 -6.385 -9.292 16.838 -6.364 -8.576 15.947 -7.132 -9.636 16.585
4 16 -7.594 -9.932 18.861 -6.629 -9.47 18.857 -6.385 -9.292 16.838 -7.132 -9.636 16.585
3 16 -6.629 -9.47 18.857 -7.594 -9.932 18.861 -6.883 -8.344 21.339
3 16 -6.883 -8.344 21.339 -7.594 -9.932 18.861 -7.828 -8.556 21.669
3 16 -6.883 -8.344 21.339 -7.828 -8.556 21.669 -6.916 -4.93 23.588
3 16 -6.916 -4.93 23.588 -7.828 -8.556 21.669 -7.797 -5.183 23.985
3 16 -5.398 -2.797 25.643 -6.916 -4.93 23.588 -7.334 -3.172 25.4
3 16 -7.334 -3.172 25.4 -6.916 -4.93 23.588 -7.797 -5.183 23.985
3 16 -5.398 -2.797 25.643 -7.334 -3.172 25.4 -5.407 -4.086 27.234
3 16 -5.407 -4.086 27.234 -7.334 -3.172 25.4 -7.899 -3.934 26.627
3 16 -5.407 -4.086 27.234 -7.899 -3.934 26.627 -6.138 -7.368 26.065
3 16 -6.138 -7.368 26.065 -7.899 -3.934 26.627 -8.593 -7.398 24.854
3 16 -9.234 -11.677 21.965 -6.773 -10.626 24.743 -8.593 -7.398 24.854
3 16 -8.593 -7.398 24.854 -6.773 -10.626 24.743 -6.138 -7.368 26.065
3 16 -5.783 -13.042 22.783 -3.881 -10.769 26.391 -6.773 -10.626 24.743
4 16 -5.358 -14.54 23.173 -3.417 -12.647 26.723 -3.881 -10.769 26.391 -5.783 -13.042 22.783
3 16 -7.828 -8.556 21.669 -8.593 -7.398 24.854 -7.797 -5.183 23.985
3 16 -8.593 -7.398 24.854 -7.828 -8.556 21.669 -9.234 -11.677 21.965
3 16 -8.593 -7.398 24.854 -7.899 -3.934 26.627 -7.797 -5.183 23.985
3 16 -7.797 -5.183 23.985 -7.899 -3.934 26.627 -7.334 -3.172 25.4
3 16 -7.66 -12.692 22.183 -6.773 -10.626 24.743 -9.234 -11.677 21.965
3 16 -5.783 -13.042 22.783 -6.773 -10.626 24.743 -7.66 -12.692 22.183
3 16 -5.783 -13.042 22.783 -6.506 -14.311 18.564 -5.358 -14.54 23.173
3 16 -5.358 -14.54 23.173 -6.506 -14.311 18.564 -6.546 -16.324 18.762
3 16 -8.184 -13.798 18.723 -6.506 -14.311 18.564 -5.783 -13.042 22.783
3 16 -5.783 -13.042 22.783 -7.66 -12.692 22.183 -8.184 -13.798 18.723
3 16 -7.594 -9.932 18.861 -9.234 -11.677 21.965 -7.828 -8.556 21.669
3 16 -9.234 -11.677 21.965 -7.594 -9.932 18.861 -9.123 -12.862 18.645
3 16 -8.184 -13.798 18.723 -7.66 -12.692 22.183 -9.234 -11.677 21.965
3 16 -9.234 -11.677 21.965 -9.123 -12.862 18.645 -8.184 -13.798 18.723
3 16 -8.184 -13.798 18.723 -7.398 -13.254 15.701 -6.506 -14.311 18.564
3 16 -6.506 -14.311 18.564 -7.398 -13.254 15.701 -6.188 -13.722 15.7
3 16 -7.398 -13.254 15.701 -8.184 -13.798 18.723 -9.123 -12.862 18.645
3 16 -9.123 -12.862 18.645 -8.405 -12.339 15.645 -7.398 -13.254 15.701
3 16 -6.188 -13.722 15.7 -6.354 -15.691 15.492 -6.506 -14.311 18.564
3 16 -6.506 -14.311 18.564 -6.354 -15.691 15.492 -6.546 -16.324 18.762
4 16 -9.123 -12.862 18.645 -7.594 -9.932 18.861 -7.132 -9.636 16.585 -8.405 -12.339 15.645
3 16 -8.405 -12.339 15.645 -7.132 -9.636 16.585 -7.074 -10.185 13.434
3 16 -7.074 -10.185 13.434 -7.132 -9.636 16.585 -6.892 -8.885 15.329
3 16 -7.074 -10.185 13.434 -4.779 -10.966 12.742 -6.561 -11.95 14.119
3 16 -6.561 -11.95 14.119 -4.779 -10.966 12.742 -5.492 -12.553 14.042
3 16 -7.074 -10.185 13.434 -6.561 -11.95 14.119 -8.405 -12.339 15.645
3 16 -8.405 -12.339 15.645 -6.561 -11.95 14.119 -7.398 -13.254 15.701
3 16 -5.492 -12.553 14.042 -6.188 -13.722 15.7 -6.561 -11.95 14.119
3 16 -6.561 -11.95 14.119 -6.188 -13.722 15.7 -7.398 -13.254 15.701
3 16 -5.58 -13.888 12.977 -5.492 -12.553 14.042 -5.003 -11.915 11.488
3 16 -5.003 -11.915 11.488 -5.492 -12.553 14.042 -4.779 -10.966 12.742
3 16 -5.492 -12.553 14.042 -5.58 -13.888 12.977 -6.188 -13.722 15.7
3 16 -6.188 -13.722 15.7 -5.58 -13.888 12.977 -6.354 -15.691 15.492
3 16 -1.316 -17.107 10.011 -2.536 -15.667 11.119 -.627 -14.124 8.612
3 16 -.627 -14.124 8.612 -2.536 -15.667 11.119 -2.062 -13.457 9.657
4 16 -6.354 -15.691 15.492 -5.58 -13.888 12.977 -2.536 -15.667 11.119 -3.025 -18.067 13.79
3 16 -6.354 -15.691 15.492 -3.125 -18.925 16.899 -6.546 -16.324 18.762
3 16 -6.546 -16.324 18.762 -3.125 -18.925 16.899 -2.969 -17.594 20.557
3 16 -2.969 -17.594 20.557 -3.125 -18.925 16.899 -2.141 -18.259 20.912
3 16 -2.141 -18.259 20.912 -3.125 -18.925 16.899 -2.115 -20.181 17.056
3 16 -3.125 -18.925 16.899 -6.354 -15.691 15.492 -3.025 -18.067 13.79
3 16 -2.115 -20.181 17.056 -3.125 -18.925 16.899 -1.89 -19.821 13.338
3 16 -1.89 -19.821 13.338 -3.125 -18.925 16.899 -3.025 -18.067 13.79
3 16 -1.89 -19.821 13.338 -3.025 -18.067 13.79 -1.316 -17.107 10.011
3 16 -1.316 -17.107 10.011 -3.025 -18.067 13.79 -2.536 -15.667 11.119
3 16 -2.062 -13.457 9.657 -2.536 -15.667 11.119 -5.003 -11.915 11.488
3 16 -5.003 -11.915 11.488 -2.536 -15.667 11.119 -5.58 -13.888 12.977
3 16 -2.969 -17.594 20.557 -5.358 -14.54 23.173 -6.546 -16.324 18.762
3 16 -1.24 -15.778 24.607 -2.096 -15.277 24.183 -2.141 -18.259 20.912
3 16 -2.141 -18.259 20.912 -2.096 -15.277 24.183 -2.969 -17.594 20.557
3 16 -5.358 -14.54 23.173 -2.969 -17.594 20.557 -2.096 -15.277 24.183
3 16 -5.358 -14.54 23.173 -2.096 -15.277 24.183 -3.417 -12.647 26.723
3 16 -3.417 -12.647 26.723 -2.096 -15.277 24.183 -.707 -12.839 27.842
3 16 -.707 -12.839 27.842 -2.096 -15.277 24.183 .161 -15.066 27.161
3 16 .161 -15.066 27.161 -2.096 -15.277 24.183 -1.24 -15.778 24.607
3 16 1.395 -15.71 25.201 3.738 -14.763 25.578 1.808 -15.094 27.994
3 16 1.808 -15.094 27.994 3.738 -14.763 25.578 2.968 -14.784 27.727
3 16 -1.24 -15.778 24.607 1.395 -15.71 25.201 .161 -15.066 27.161
3 16 .161 -15.066 27.161 1.395 -15.71 25.201 1.808 -15.094 27.994
3 16 1.511 -17.998 21.849 4.517 -16.664 22.345 1.395 -15.71 25.201
3 16 1.395 -15.71 25.201 4.517 -16.664 22.345 3.738 -14.763 25.578
3 16 1.395 -15.71 25.201 -1.24 -15.778 24.607 1.511 -17.998 21.849
3 16 1.511 -17.998 21.849 -1.24 -15.778 24.607 -2.141 -18.259 20.912
3 16 4.517 -16.664 22.345 1.511 -17.998 21.849 5.508 -19.166 18.121
3 16 5.508 -19.166 18.121 1.511 -17.998 21.849 1.673 -20.437 17.677
3 16 -2.115 -20.181 17.056 1.673 -20.437 17.677 -2.141 -18.259 20.912
3 16 -2.141 -18.259 20.912 1.673 -20.437 17.677 1.511 -17.998 21.849
4 16 1.673 -20.437 17.677 -2.115 -20.181 17.056 -1.89 -19.821 13.338 1.658 -19.992 13.201
3 16 1.658 -19.992 13.201 5.258 -18.948 13.188 1.673 -20.437 17.677
3 16 1.673 -20.437 17.677 5.258 -18.948 13.188 5.508 -19.166 18.121
3 16 1.709 -16.741 9.533 1.658 -19.992 13.201 -1.316 -17.107 10.011
3 16 -1.316 -17.107 10.011 1.658 -19.992 13.201 -1.89 -19.821 13.338
4 16 4.396 -16.189 9.767 5.258 -18.948 13.188 1.658 -19.992 13.201 1.709 -16.741 9.533
3 16 1.709 -16.741 9.533 1.832 -14.211 8.517 4.396 -16.189 9.767
3 16 4.396 -16.189 9.767 1.832 -14.211 8.517 3.92 -13.85 8.545
3 16 -1.316 -17.107 10.011 -.627 -14.124 8.612 1.709 -16.741 9.533
3 16 1.709 -16.741 9.533 -.627 -14.124 8.612 1.832 -14.211 8.517
3 16 4.396 -16.189 9.767 3.92 -13.85 8.545 6.225 -13.991 11.679
3 16 6.225 -13.991 11.679 3.92 -13.85 8.545 6.032 -12.025 10.881
3 16 14.458 7.316 .478 15.598 6.515 3.191 15.159 4.498 2.772
3 16 4.278 5.707 18.766 3.421 4.607 19.083 5.774 4.865 18.411
3 16 5.774 4.865 18.411 3.421 4.607 19.083 4.466 1.724 18.572
4 16 8.165 7.612 17.256 7.224 8.365 17.615 5.995 8.582 18.12 5.774 4.865 18.411
3 16 5.774 4.865 18.411 5.995 8.582 18.12 4.278 5.707 18.766
3 16 4.47 10.5 18.423 2.461 6.996 19.321 5.995 8.582 18.12
3 16 5.995 8.582 18.12 2.461 6.996 19.321 4.278 5.707 18.766
3 16 13.906 10.524 1.677 13.161 11.756 4.315 15.217 8.533 4.685
3 16 15.217 8.533 4.685 13.161 11.756 4.315 13.763 9.272 6.565
3 16 1.044 -11.211 3.86 3.684 -10.934 4.784 .731 -11.097 6.23
3 16 .731 -11.097 6.23 3.684 -10.934 4.784 3.396 -10.91 6.398
3 16 -.927 -10.493 -.982 -1.988 -9.565 -2.375 -.745 -9.569 -3.266
3 16 -14.749 -1.45 -1.654 -12.35 -4.233 -1.485 -14.236 -1.765 -1.061
3 16 -13.828 -.216 9.183 -13.815 1.791 11.778 -15.327 2.882 8.473
3 16 -15.327 2.882 8.473 -13.815 1.791 11.778 -15.417 4.949 9.598
3 16 15.318 10.048 -.301 14.418 9.199 .639 15.194 7.492 -.521
3 16 15.194 7.492 -.521 14.418 9.199 .639 14.458 7.316 .478
3 16 -17.104 15.573 1.628 -14.036 13.018 1.857 -15.609 15.807 1.876
3 16 -14.428 16.202 .724 -14.036 13.018 1.857 -13 13.682 0
3 16 16.138 -.207 -3.722 17.064 4.738 -2.249 14.885 .915 -1.772
3 16 14.885 .915 -1.772 17.064 4.738 -2.249 15.154 5.6 -1.031
3 16 14.649 3.9 -10.753 14.676 8.326 -10.801 15.428 6.144 -8.412
3 16 15.428 6.144 -8.412 14.676 8.326 -10.801 15.279 8.6 -8.03
3 16 10.532 -11.246 17.617 8.686 -7.903 17.98 10.524 -9.967 19.875
3 16 -9.795 -7.081 -5.591 -13.38 -4.832 -3.103 -12.178 -4.624 -6.995

2 24 -3.133 -10.205 -.419 -3.693 -8.919 -2.709
2 24 -3.693 -8.919 -2.709 -1.988 -9.565 -2.375
2 24 1.392 -11.11 1.041 1.282 -10.678 -.824
2 24 2.45 -10.36 -.093 2.261 -10.995 2.205
2 24 2.261 -10.995 2.205 1.392 -11.11 1.041
2 24 -4.328 -9.102 .564 -4.65 -8.602 -1.684
2 24 -4.65 -8.602 -1.684 -3.693 -8.919 -2.709
2 24 -3.508 -9.795 4.591 -4.328 -9.102 .564
2 24 -3.133 -10.205 -.419 -1.849 -10.933 3.843
2 24 -1.429 -10.657 6.328 -1.849 -10.933 3.843
2 24 .731 -11.097 6.23 -1.429 -10.657 6.328
2 24 -2.998 -9.95 6.795 -3.508 -9.795 4.591
2 24 -1.429 -10.657 6.328 -2.998 -9.95 6.795
2 24 -5.344 -8.572 -1.785 -4.65 -8.602 -1.684
2 24 -5.258 -9.37 .765 -5.344 -8.572 -1.785
2 24 -4.182 -10.028 4.771 -5.258 -9.37 .765
2 24 -3.411 -10.008 7.077 -4.182 -10.028 4.771
2 24 -2.998 -9.95 6.795 -3.411 -10.008 7.077
2 24 -6.931 -9.314 .916 -6.849 -8.23 -1.832
2 24 -6.849 -8.23 -1.832 -5.344 -8.572 -1.785
2 24 -5.646 -9.895 5.452 -6.931 -9.314 .916
2 24 -4.457 -9.891 8.077 -5.646 -9.895 5.452
2 24 -3.411 -10.008 7.077 -4.457 -9.891 8.077
2 24 -8.186 -8.449 6.849 -10.73 -7.3 1.874
2 24 -10.73 -7.3 1.874 -11.221 -5.601 -1.572
2 24 -11.221 -5.601 -1.572 -6.849 -8.23 -1.832
2 24 -4.457 -9.891 8.077 -5.973 -8.707 9.489
2 24 -5.973 -8.707 9.489 -8.186 -8.449 6.849
2 24 -11.022 -6.336 2.298 -12.35 -4.233 -1.485
2 24 -12.35 -4.233 -1.485 -11.221 -5.601 -1.572
2 24 -8.441 -7.586 7.262 -11.022 -6.336 2.298
2 24 -6.328 -7.958 9.824 -8.441 -7.586 7.262
2 24 -5.973 -8.707 9.489 -6.328 -7.958 9.824
2 24 -13.051 -4.412 -.465 -12.35 -4.233 -1.485
2 24 -11.785 -6.102 2.857 -13.051 -4.412 -.465
2 24 -13.051 -4.412 -.465 -14.235 -3.08 -.18
2 24 -14.235 -3.08 -.18 -14.236 -1.765 -1.061
2 24 -14.236 -1.765 -1.061 -12.35 -4.233 -1.485
2 24 -13.583 -4.213 3.124 -14.235 -3.08 -.18
2 24 -14.139 -2.926 2.75 -14.236 -1.765 -1.061
2 24 -6.328 -7.958 9.824 -6.926 -7.581 10.683
2 24 -6.926 -7.581 10.683 -9.169 -7.284 7.975
2 24 -9.169 -7.284 7.975 -11.785 -6.102 2.857
2 24 -13.321 -3.066 6.316 -14.139 -2.926 2.75
2 24 -13.583 -4.213 3.124 -11.542 -5.033 8.514
2 24 -11.907 -3.943 8.608 -13.321 -3.066 6.316
2 24 -9.777 -5.28 10.921 -11.907 -3.943 8.608
2 24 -11.542 -5.033 8.514 -9.777 -5.28 10.921
2 24 -6.926 -7.581 10.683 -7.38 -5.937 12.814
2 24 -7.38 -5.937 12.814 -9.777 -5.28 10.921
2 24 -7.38 -5.937 12.814 -7.34 -5.466 13.037
2 24 -7.34 -5.466 13.037 -9.688 -4.361 11.487
2 24 -9.688 -4.361 11.487 -11.581 -2.693 9.455
2 24 -11.581 -2.693 9.455 -13.153 -1.765 6.658
2 24 -13.153 -1.765 6.658 -14.661 .056 2.989
2 24 -14.94 -1.247 2.79 -13.321 -3.066 6.316
2 24 -15.132 .3 -.221 -14.236 -1.765 -1.061
2 24 -14.94 -1.247 2.79 -15.132 .3 -.221
2 24 -15.242 1.801 .328 -15.132 .3 -.221
2 24 -14.661 .056 2.989 -15.242 1.801 .328
2 24 -15.496 .739 3.911 -16.091 2.124 1.839
2 24 -16.091 2.124 1.839 -15.242 1.801 .328
2 24 -16.091 2.124 1.839 -16.244 4.087 2.503
2 24 -16.244 4.087 2.503 -15.692 6.251 1.819
2 24 -15.692 6.251 1.819 -15.242 1.801 .328
2 24 -15.646 1.667 4.91 -16.244 4.087 2.503
2 24 -15.496 .739 3.911 -13.701 -1.071 6.622
2 24 -13.326 -1.12 7.598 -15.646 1.667 4.91
2 24 -11.581 -2.693 9.455 -13.397 -.584 8.108
2 24 -13.326 -1.12 7.598 -11.581 -2.693 9.455
2 24 -7.34 -5.466 13.037 -9.917 -3.774 12.287
2 24 -9.917 -3.774 12.287 -12.036 -2.342 10.706
2 24 -12.036 -2.342 10.706 -13.828 -.216 9.183
2 24 -13.397 -.584 8.108 -15.291 2.644 5.404
2 24 -15.291 2.644 5.404 -15.692 6.251 1.819
2 24 -13.828 -.216 9.183 -15.673 3.337 6.234
2 24 -15.569 8.207 2.552 -16.241 6.878 3.195
2 24 -16.228 7.808 4.733 -14.752 10.023 3.206
2 24 -14.752 10.023 3.206 -15.569 8.207 2.552
2 24 -15.673 3.337 6.234 -16.241 6.878 3.195
2 24 -15.569 8.207 2.552 -15.692 6.251 1.819
2 24 -15.327 2.882 8.473 -16.228 7.808 4.733
2 24 -10.681 -1.211 13.731 -13.815 1.791 11.778
2 24 -7.34 -5.466 13.037 -6.594 -3.809 15.073
2 24 -6.594 -3.809 15.073 -10.681 -1.211 13.731
2 24 -6.594 -3.809 15.073 -10.216 -.567 14.277
2 24 -10.216 -.567 14.277 -13.114 3.156 12.265
2 24 -15.417 4.949 9.598 -13.815 1.791 11.778
2 24 -13.114 3.156 12.265 -14.602 6.407 10.14
2 24 -15.327 2.882 8.473 -15.581 8.318 5.152
2 24 -15.417 4.949 9.598 -15.777 9.368 6.397
2 24 -15.581 8.318 5.152 -14.309 10.308 3.813
2 24 -14.602 6.407 10.14 -15.223 10.301 7.115
2 24 -15.777 9.368 6.397 -14.392 11.46 4.688
2 24 -14.392 11.46 4.688 -14.309 10.308 3.813
2 24 -13.937 12.105 5.7 -14.392 11.46 4.688
2 24 -15.223 10.301 7.115 -13.937 12.105 5.7
2 24 -14.309 10.308 3.813 -12.432 10.676 2.854
2 24 -12.432 10.676 2.854 -14.752 10.023 3.206
2 24 -12.011 12.17 4.975 -12.432 10.676 2.854
2 24 -13.937 12.105 5.7 -12.011 12.17 4.975
2 24 -13.937 12.105 5.7 -14.443 12.528 6.606
2 24 -14.443 12.528 6.606 -13.27 13.284 6.33
2 24 -14.036 13.551 7.514 -12.807 14.1 6.788
2 24 -12.807 14.1 6.788 -13.27 13.284 6.33
2 24 -15.525 11.137 8.281 -14.443 12.528 6.606
2 24 -14.697 7.195 11.474 -15.525 11.137 8.281
2 24 -13.003 3.793 13.615 -14.697 7.195 11.474
2 24 -10.011 .028 15.439 -13.003 3.793 13.615
2 24 -6.594 -3.809 15.073 -10.011 .028 15.439
2 24 -6.594 -3.809 15.073 -5.56 -3.557 16.13
2 24 -5.56 -3.557 16.13 -9.388 .937 16.338
2 24 -4.615 -3.324 16.8 -8.462 2.059 16.65
2 24 -5.56 -3.557 16.13 -4.615 -3.324 16.8
2 24 -9.388 .937 16.338 -11.95 5.236 14.986
2 24 -8.462 2.059 16.65 -10.545 6.172 15.243
2 24 -11.95 5.236 14.986 -13.562 8.84 12.654
2 24 -10.545 6.172 15.243 -11.674 9.904 12.995
2 24 -13.562 8.84 12.654 -14.792 12.252 9.043
2 24 -14.792 12.252 9.043 -14.036 13.551 7.514
2 24 -12.097 15.146 8.14 -12.807 14.1 6.788
2 24 -12.706 13.995 9.595 -12.097 15.146 8.14
2 24 -13.431 11.581 11.029 -12.706 13.995 9.595
2 24 -12.097 15.146 8.14 -10.996 15.212 8.817
2 24 -10.713 14.555 6.916 -12.011 12.17 4.975
2 24 -11.674 9.904 12.995 -11.538 13.484 10.483
2 24 -11.538 13.484 10.483 -10.996 15.212 8.817
2 24 -4.615 -3.324 16.8 -7.716 3.035 17.563
2 24 -7.716 3.035 17.563 -9.838 7.344 16.615
2 24 -9.838 7.344 16.615 -10.705 11.717 13.98
2 24 -10.705 11.717 13.98 -9.958 16.012 10.261
2 24 -9.958 16.012 10.261 -10.996 15.212 8.817
2 24 -9.192 16.005 9.192 -10.713 14.555 6.916
2 24 -6.122 16.901 11.244 -7.089 16.706 10.598
2 24 -8.046 16.487 11.867 -6.773 16.581 12.438
2 24 -7.089 16.706 10.598 -9.192 16.005 9.192
2 24 -9.958 16.012 10.261 -8.046 16.487 11.867
2 24 -8.36 12.339 15.44 -8.046 16.487 11.867
2 24 -6.993 12.623 15.604 -6.773 16.581 12.438
2 24 -6.028 4.56 18.071 -7.321 8.643 17.356
2 24 -4.615 -3.324 16.8 -3.959 1.059 18.199
2 24 -3.959 1.059 18.199 -6.028 4.56 18.071
2 24 -7.321 8.643 17.356 -8.36 12.339 15.44
2 24 -6.408 9.026 17.631 -6.993 12.623 15.604
2 24 -7.321 8.643 17.356 -5.504 5.329 18.357
2 24 -5.171 6.963 18.208 -6.408 9.026 17.631
2 24 -3.959 1.059 18.199 -4.033 3.316 18.762
2 24 -4.033 3.316 18.762 -5.504 5.329 18.357
2 24 -4.033 3.316 18.762 -3.664 5.156 18.793
2 24 -3.664 5.156 18.793 -5.171 6.963 18.208
2 24 -3.232 6.723 19.067 -5.467 9.078 18.169
2 24 -3.664 5.156 18.793 -3.232 6.723 19.067
2 24 -5.467 9.078 18.169 -6.203 13.41 16.238
2 24 -5.577 17.206 13.203 -6.773 16.581 12.438
2 24 -6.203 13.41 16.238 -5.577 17.206 13.203
2 24 -4.975 17.17 12.011 -6.122 16.901 11.244
2 24 -3.213 17.472 12.361 -4.975 17.17 12.011
2 24 -5.577 17.206 13.203 -3.831 17.387 13.664
2 24 -4.072 13.993 16.759 -3.831 17.387 13.664
2 24 -3.873 9.822 18.386 -4.072 13.993 16.759
2 24 -3.232 6.723 19.067 -3.873 9.822 18.386
2 24 -2.673 7.632 19.082 -2.865 10.217 18.376
2 24 -3.232 6.723 19.067 -2.673 7.632 19.082
2 24 -2.865 10.217 18.376 -2.891 14.162 16.69
2 24 -2.515 17.176 13.794 -3.831 17.387 13.664
2 24 -2.891 14.162 16.69 -2.515 17.176 13.794
2 24 -2.229 17.261 12.557 -3.213 17.472 12.361
2 24 -2.022 14.473 17.081 -1.587 17.391 14.007
2 24 -1.587 17.391 14.007 -2.515 17.176 13.794
2 24 -1.951 10.776 18.664 -2.022 14.473 17.081
2 24 -1.55 9.361 19.458 -1.951 10.776 18.664
2 24 -2.673 7.632 19.082 -1.55 9.361 19.458
2 24 0 17.276 13 -2.229 17.261 12.557
2 24 -1.587 17.391 14.007 1.406 17.208 13.951
2 24 1.268 17.202 12.748 0 17.276 13
2 24 1.439 14.611 16.925 1.406 17.208 13.951
2 24 1.419 10.974 18.728 1.439 14.611 16.925
2 24 -1.55 9.361 19.458 -.454 9.734 19.535
2 24 .992 9.002 19.454 1.419 10.974 18.728
2 24 -.454 9.734 19.535 .992 9.002 19.454
2 24 -14.705 -1.464 -2.171 -12.35 -4.233 -1.485
2 24 -12.35 -4.233 -1.485 -14.749 -1.45 -1.654
2 24 -16.74 2.32 -1.021 -14.749 -1.45 -1.654
2 24 -16.365 2.867 -2.148 -14.705 -1.464 -2.171
2 24 -17.416 8.628 1.296 -16.74 2.32 -1.021
2 24 -17.078 8.053 -.982 -16.365 2.867 -2.148
2 24 -17.274 11.258 .12 -17.078 8.053 -.982
2 24 -16.54 12.193 1.501 -17.274 11.258 .12
2 24 -16.185 11.022 2.255 -16.54 12.193 1.501
2 24 -17.416 8.628 1.296 -16.185 11.022 2.255
2 24 -12.432 10.676 2.854 -14.036 13.018 1.857
2 24 -16.185 11.022 2.255 -14.752 10.023 3.206
2 24 -16.54 12.193 1.501 -18.178 14.026 1.352
2 24 -18.178 14.026 1.352 -19.448 13.782 -1.154
2 24 -17.104 15.573 1.628 -18.178 14.026 1.352
2 24 -18.281 10.801 -2.957 -17.274 11.258 .12
2 24 -19.448 13.782 -1.154 -19.068 12.664 -4.139
2 24 -19.068 12.664 -4.139 -17.672 10.039 -5.635
2 24 -17.274 11.258 .12 -18.863 9.323 -2.014
2 24 -18.863 9.323 -2.014 -18.401 7.458 -2.907
2 24 -18.281 10.801 -2.957 -17.255 8.224 -4.537
2 24 -17.371 2.991 -3.811 -18.401 7.458 -2.907
2 24 -17.255 8.224 -4.537 -16.154 2.842 -5.759
2 24 -14.335 .371 -8.904 -13.377 -2.623 -8.096
2 24 -17.371 2.991 -3.811 -15.597 -1.767 -3.66
2 24 -15.597 -1.767 -3.66 -13.38 -4.832 -3.103
2 24 -13.38 -4.832 -3.103 -11.417 -6.009 -2.372
2 24 -8.101 -8.175 -3.318 -6.849 -8.23 -1.832
2 24 -13.377 -2.623 -8.096 -12.178 -4.624 -6.995
2 24 -9.795 -7.081 -5.591 -8.101 -8.175 -3.318
2 24 -5.733 -9.914 -4.275 -4.65 -8.602 -1.684
2 24 -6.849 -8.23 -1.832 -7.421 -9.011 -3.34
2 24 -4.659 -9.601 -4.755 -3.693 -8.919 -2.709
2 24 -9.619 -8.068 -6.112 -7.421 -9.011 -3.34
2 24 -7.629 -9.258 -8.065 -5.733 -9.914 -4.275
2 24 -6.382 -8.695 -8.333 -4.659 -9.601 -4.755
2 24 -9.795 -7.081 -5.591 -12.178 -4.624 -6.995
2 24 -11.319 -5.131 -7.267 -9.795 -7.081 -5.591
2 24 -12.513 -2.831 -8.388 -11.319 -5.131 -7.267
2 24 -13.298 .416 -9.368 -12.513 -2.831 -8.388
2 24 -17.672 10.039 -5.635 -16.253 5.803 -6.636
2 24 -14.815 4.915 -9.161 -14.335 .371 -8.904
2 24 -13.546 4.892 -9.771 -13.298 .416 -9.368
2 24 -15.889 10.987 -6.595 -15.548 6.048 -7.543
2 24 -16.994 15.129 -4.536 -15.889 10.987 -6.595
2 24 -17.841 16.058 -1.244 -16.994 15.129 -4.536
2 24 -17.104 15.573 1.628 -17.841 16.058 -1.244
2 24 -17.794 17.589 2.357 -17.104 15.573 1.628
2 24 -15.609 15.807 1.876 -16.644 17.864 2.452
2 24 -19.048 18.426 .757 -17.794 17.589 2.357
2 24 -16.644 17.864 2.452 -17.827 20.397 1.207
2 24 -19.245 18.655 -1.604 -19.048 18.426 .757
2 24 -17.827 20.397 1.207 -17.491 21.035 -1.788
2 24 -17.943 17.665 -3.54 -19.245 18.655 -1.604
2 24 -17.491 21.035 -1.788 -16.292 19.675 -4.186
2 24 -16.724 16.375 -5.106 -17.943 17.665 -3.54
2 24 -16.292 19.675 -4.186 -14.564 17.791 -5.738
2 24 -16.724 16.375 -5.106 -15.31 13.974 -7.52
2 24 -14.564 17.791 -5.738 -12.441 14.767 -7.07
2 24 -12.432 10.676 2.854 -13 13.682 0
2 24 -15.609 15.807 1.876 -14.036 13.018 1.857
2 24 -15.31 13.974 -7.52 -14.955 10.072 -8.698
2 24 -14.955 10.072 -8.698 -14.815 4.915 -9.161
2 24 -13.153 8.198 -9.602 -13.546 4.892 -9.771
2 24 -11.981 9.672 -9.022 -13.153 8.198 -9.602
2 24 -11.966 11.909 -7.914 -11.981 9.672 -9.022
2 24 -12.441 14.767 -7.07 -11.966 11.909 -7.914
2 24 -10.236 9.803 -7.63 -11.981 9.672 -9.022
2 24 -10.939 11.016 -6.579 -10.236 9.803 -7.63
2 24 -12.011 14.224 -4.975 -10.939 11.016 -6.579
2 24 -13 13.682 0 -12.511 15.379 -2.459
2 24 -12.511 15.379 -2.459 -12.011 14.224 -4.975
2 24 -12.762 7.99 -10.615 -13.608 4.911 -10.892
2 24 -12.266 -3.248 -9.069 -11.085 -5.759 -7.992
2 24 -11.085 -5.759 -7.992 -9.619 -8.068 -6.112
2 24 -13.344 .207 -10.406 -12.266 -3.248 -9.069
2 24 -13.608 4.911 -10.892 -13.344 .207 -10.406
2 24 -9.288 -6.612 -10.278 -7.629 -9.258 -8.065
2 24 -11.074 -4.072 -11.211 -9.288 -6.612 -10.278
2 24 -13.208 4.853 -11.754 -12.374 -.638 -11.917
2 24 -12.374 -.638 -11.917 -11.074 -4.072 -11.211
2 24 -11.349 9.199 -9.681 -12.762 7.99 -10.615
2 24 -9.71 9.098 -8.417 -11.349 9.199 -9.681
2 24 -10.236 9.803 -7.63 -9.71 9.098 -8.417
2 24 -11.349 9.199 -9.681 -10.941 7.572 -10.777
2 24 -10.941 7.572 -10.777 -11.279 4.734 -12.279
2 24 -9.71 9.098 -8.417 -8.712 6.809 -9.513
2 24 -8.712 6.809 -9.513 -10.056 4.414 -12.042
2 24 -11.279 4.734 -12.279 -10.562 -1.19 -12.828
2 24 -10.056 4.414 -12.042 -9.442 -1.097 -13.106
2 24 -7.603 -6.226 -10.561 -6.382 -8.695 -8.333
2 24 -9.845 -3.77 -11.979 -9.288 -6.612 -10.278
2 24 -10.562 -1.19 -12.828 -9.845 -3.77 -11.979
2 24 -8.531 -4.002 -12.008 -7.603 -6.226 -10.561
2 24 -9.442 -1.097 -13.106 -8.531 -4.002 -12.008
2 24 -8.712 6.809 -9.513 -9.331 3.406 -13.885
2 24 -6.303 -4.441 -14.22 -5.454 -6.747 -12.631
2 24 -8.34 -.945 -15.104 -6.303 -4.441 -14.22
2 24 -9.331 3.406 -13.885 -8.34 -.945 -15.104
2 24 -5.454 -6.747 -12.631 -4.317 -9.382 -9.796
2 24 -2.886 -10.531 -5.034 -1.988 -9.565 -2.375
2 24 -4.317 -9.382 -9.796 -2.886 -10.531 -5.034
2 24 -1.488 -9.562 -5.903 -.745 -9.569 -3.266
2 24 -.745 -9.569 -3.266 -1.988 -9.565 -2.375
2 24 -2.891 -8.072 -9.768 -1.488 -9.562 -5.903
2 24 -4.127 -6.082 -12.618 -2.891 -8.072 -9.768
2 24 -5.075 -4.084 -14.336 -4.127 -6.082 -12.618
2 24 -6.616 -.662 -15.309 -5.075 -4.084 -14.336
2 24 -7.477 4.113 -13.882 -6.616 -.662 -15.309
2 24 -6.428 5.533 -11.04 -7.477 4.113 -13.882
2 24 -8.712 6.809 -9.513 -6.428 5.533 -11.04
2 24 .01 -9.4 -10.994 -.228 -10.145 -7.635
2 24 -.202 -10.139 -4.712 -.111 -9.716 -3.219
2 24 -.111 -9.716 -3.219 -.745 -9.569 -3.266
2 24 -.228 -10.145 -7.635 -.202 -10.139 -4.712
2 24 .253 -7.441 -13.937 .01 -9.4 -10.994
2 24 -.009 -4.375 -16.587 .253 -7.441 -13.937
2 24 -.843 -1.306 -18.21 -.009 -4.375 -16.587
2 24 -2.053 1.605 -18.372 -.843 -1.306 -18.21
2 24 -7.477 4.113 -13.882 -6.617 4.578 -15.53
2 24 -6.617 4.578 -15.53 -4.203 4.306 -17.097
2 24 -4.203 4.306 -17.097 -2.053 1.605 -18.372
2 24 -4.975 6.16 -12.011 -4.311 6.408 -12.143
2 24 -6.428 5.533 -11.04 -4.975 6.16 -12.011
2 24 -4.311 6.408 -12.143 -2.622 4.727 -16.384
2 24 -2.622 4.727 -16.384 -.339 2.243 -17.161
2 24 -.339 2.243 -17.161 .982 -.457 -16.854
2 24 .982 -.457 -16.854 1.185 -3.851 -15.77
2 24 1.831 -.635 -15.79 1.975 -3.795 -14.913
2 24 1.931 -8.402 -9.634 1.517 -9.459 -6.544
2 24 .706 -9.965 -7.12 1.065 -9.155 -10.235
2 24 -.202 -10.139 -4.712 .706 -9.965 -7.12
2 24 1.517 -9.459 -6.544 .807 -9.878 -4.496
2 24 .807 -9.878 -4.496 -.111 -9.716 -3.219
2 24 1.978 -6.466 -13.056 1.931 -8.402 -9.634
2 24 1.065 -9.155 -10.235 1.134 -7.025 -13.453
2 24 1.185 -3.851 -15.77 1.134 -7.025 -13.453
2 24 1.975 -3.795 -14.913 1.978 -6.466 -13.056
2 24 1.669 .948 -14.949 1.831 -.635 -15.79
2 24 -4.311 6.408 -12.143 0 4 -13
2 24 0 4 -13 1.56 3.202 -12.59
2 24 1.56 3.202 -12.59 1.669 .948 -14.949
2 24 2.501 -9.189 -2.202 -.111 -9.716 -3.219
2 24 2.188 -10.05 -3.971 2.501 -9.189 -2.202
2 24 3.98 -3.62 -15.41 3.208 -6.558 -13.018
2 24 4.553 -.413 -16.793 3.98 -3.62 -15.41
2 24 4.837 3.063 -15.771 4.553 -.413 -16.793
2 24 4.254 5.687 -12.154 4.837 3.063 -15.771
2 24 2.441 4 -12.515 4.254 5.687 -12.154
2 24 3.208 -6.558 -13.018 1.931 -8.402 -9.634
2 24 4.975 5.171 -12.011 5.872 3.024 -14.363
2 24 4.254 5.687 -12.154 4.975 5.171 -12.011
2 24 5.872 3.024 -14.363 5.871 -.62 -15.173
2 24 5.871 -.62 -15.173 5.238 -3.353 -14.028
2 24 5.238 -3.353 -14.028 4.035 -6.323 -12.05
2 24 4.035 -6.323 -12.05 1.517 -9.459 -6.544
2 24 3.309 -10.075 -6.425 2.188 -10.05 -3.971
2 24 6.009 -7.95 -10.974 3.309 -10.075 -6.425
2 24 7.679 -4.298 -13.524 6.009 -7.95 -10.974
2 24 7.939 -.78 -14.946 7.679 -4.298 -13.524
2 24 7.223 3.114 -14.455 7.939 -.78 -14.946
2 24 4.975 5.171 -12.011 5.927 5.03 -11.375
2 24 5.927 5.03 -11.375 7.223 3.114 -14.455
2 24 5.927 5.03 -11.375 7.019 5.155 -10.644
2 24 7.019 5.155 -10.644 8.295 3.083 -13.581
2 24 8.295 3.083 -13.581 8.929 -.594 -13.587
2 24 8.929 -.594 -13.587 8.191 -3.837 -11.541
2 24 8.191 -3.837 -11.541 6.891 -6.458 -9.118
2 24 6.891 -6.458 -9.118 5.356 -8.393 -6.009
2 24 5.356 -8.393 -6.009 3.673 -8.72 -2.999
2 24 3.673 -8.72 -2.999 2.501 -9.189 -2.202
2 24 3.396 -10.91 6.398 3.684 -10.934 4.784
2 24 5.118 -9.913 5.402 4.746 -10.002 6.742
2 24 4.746 -10.002 6.742 3.396 -10.91 6.398
2 24 3.981 -10.527 1.014 3.684 -10.934 4.784
2 24 -.111 -9.716 -3.219 1.282 -10.678 -.824
2 24 2.501 -9.189 -2.202 2.45 -10.36 -.093
2 24 3.673 -8.72 -2.999 3.981 -10.527 1.014
2 24 6.051 -8.274 -2.345 5.929 -9.361 1.355
2 24 3.673 -8.72 -2.999 6.051 -8.274 -2.345
2 24 6.779 -8.843 -3.905 6.051 -8.274 -2.345
2 24 8.801 -7.401 -8.486 6.779 -8.843 -3.905
2 24 8.703 -7.224 -3.105 6.051 -8.274 -2.345
2 24 8.114 -8.289 -4.431 8.703 -7.224 -3.105
2 24 8.114 -8.289 -4.431 10.14 -6.472 -7.626
2 24 10.424 -5.827 -6.419 8.703 -7.224 -3.105
2 24 9.766 2.545 -14.314 10.376 -.79 -13.699
2 24 10.376 -.79 -13.699 10.095 -4.469 -11.641
2 24 10.095 -4.469 -11.641 8.801 -7.401 -8.486
2 24 9.839 5.577 -13.611 9.766 2.545 -14.314
2 24 7.019 5.155 -10.644 8.106 7.062 -9.918
2 24 8.106 7.062 -9.918 9.839 5.577 -13.611
2 24 11.201 8.407 -11.452 11.793 6.764 -12.989
2 24 8.106 7.062 -9.918 9.192 8.968 -9.192
2 24 9.192 8.968 -9.192 11.201 8.407 -11.452
2 24 9.829 10.097 -8.24 11.693 8.681 -10.338
2 24 9.192 8.968 -9.192 9.829 10.097 -8.24
2 24 11.693 8.681 -10.338 12.47 6.513 -11.666
2 24 11.383 -4.107 -9.946 12.445 -.348 -12.091
2 24 12.407 .18 -10.724 11.622 -3.112 -9.039
2 24 12.779 3.639 -11.799 12.407 .18 -10.724
2 24 12.445 -.348 -12.091 12.505 3.065 -13.081
2 24 12.47 6.513 -11.666 12.779 3.639 -11.799
2 24 12.505 3.065 -13.081 11.793 6.764 -12.989
2 24 11.622 -3.112 -9.039 10.424 -5.827 -6.419
2 24 10.14 -6.472 -7.626 11.383 -4.107 -9.946
2 24 10.922 -6.474 -3.047 10.339 -6.03 -2.432
2 24 10.554 -7.197 -3.902 10.922 -6.474 -3.047
2 24 10.339 -6.03 -2.432 8.703 -7.224 -3.105
2 24 8.703 -7.224 -3.105 10.554 -7.197 -3.902
2 24 12.402 -6.085 -5.364 10.554 -7.197 -3.902
2 24 14.198 .206 -9.731 12.976 -3.83 -7.438
2 24 14.649 3.9 -10.753 14.198 .206 -9.731
2 24 14.676 8.326 -10.801 14.649 3.9 -10.753
2 24 14.648 13.552 -10.066 14.676 8.326 -10.801
2 24 17.176 16.811 -3.309 17.703 18.562 -4.452
2 24 15.886 18.212 -2.572 17.176 16.811 -3.309
2 24 17.404 19.11 -5.905 16.175 20.378 -5.316
2 24 17.703 18.562 -4.452 17.404 19.11 -5.905
2 24 17.404 19.11 -5.905 16.617 18.596 -7.613
2 24 16.617 18.596 -7.613 15.649 17.197 -9
2 24 15.649 17.197 -9 14.648 13.552 -10.066
2 24 14.656 18.879 -2.381 15.886 18.212 -2.572
2 24 12.533 18.275 -2.349 13.323 18.253 -1.767
2 24 13.323 18.253 -1.767 14.656 18.879 -2.381
2 24 16.175 20.378 -5.316 14.56 20.178 -4.294
2 24 9.829 10.097 -8.24 10.225 14.056 -7.647
2 24 11.017 16.985 -6.461 12.011 18.188 -4.975
2 24 10.225 14.056 -7.647 11.017 16.985 -6.461
2 24 12.011 18.188 -4.975 14.56 20.178 -4.294
2 24 12.011 18.188 -4.975 12.533 18.275 -2.349
2 24 17.176 16.811 -3.309 16.417 15.189 -5.79
2 24 16.417 15.189 -5.79 15.37 11.834 -7.207
2 24 15.37 11.834 -7.207 15.279 8.6 -8.03
2 24 15.344 2.287 -7.735 12.976 -3.83 -7.438
2 24 12.967 -5.336 -3.952 10.922 -6.474 -3.047
2 24 12.444 -4.145 -2.296 10.339 -6.03 -2.432
2 24 15.071 -2.513 -6.936 17.073 1.819 -7.097
2 24 17.363 .955 -6.19 14.525 -3.967 -6.246
2 24 14.525 -3.967 -6.246 15.071 -2.513 -6.936
2 24 14.525 -3.967 -6.246 12.402 -6.085 -5.364
2 24 15.428 6.144 -8.412 15.779 7.162 -7.68
2 24 16.505 7.181 -6.489 15.344 2.287 -7.735
2 24 15.428 6.144 -8.412 15.279 8.6 -8.03
2 24 17.014 11.253 -6.473 15.779 7.162 -7.68
2 24 18.39 13.788 -5.146 17.014 11.253 -6.473
2 24 18.976 14.436 -3.645 18.39 13.788 -5.146
2 24 16.55 15.065 -.438 18.9 14.066 -1.734
2 24 17.176 16.811 -3.309 16.55 15.065 -.438
2 24 18.9 14.066 -1.734 18.976 14.436 -3.645
2 24 17.396 11.134 -4.211 16.505 7.181 -6.489
2 24 17.464 12.133 -2.321 18.9 14.066 -1.734
2 24 16.103 11.931 -1.574 17.464 12.133 -2.321
2 24 16.55 15.065 -.438 16.103 11.931 -1.574
2 24 17.464 12.133 -2.321 17.396 11.134 -4.211
2 24 17.464 12.133 -2.321 17.565 10.728 -1.898
2 24 17.565 10.728 -1.898 18.196 10.17 -3.672
2 24 18.196 10.17 -3.672 18.157 6.193 -5.971
2 24 18.157 6.193 -5.971 17.073 1.819 -7.097
2 24 18.508 6.328 -3.976 17.363 .955 -6.19
2 24 17.867 8.979 -1.811 17.565 10.728 -1.898
2 24 16.103 11.931 -1.574 16.013 9.783 -1.435
2 24 17.867 8.979 -1.811 18.508 6.328 -3.976
2 24 15.194 7.492 -.521 17.16 6.891 -1.552
2 24 16.013 9.783 -1.435 15.194 7.492 -.521
2 24 17.16 6.891 -1.552 17.867 8.979 -1.811
2 24 17.16 6.891 -1.552 17.064 4.738 -2.249
2 24 17.064 4.738 -2.249 16.138 -.207 -3.722
2 24 16.138 -.207 -3.722 14.43 -3.546 -4.259
2 24 14.43 -3.546 -4.259 12.967 -5.336 -3.952
2 24 14.016 -.803 -1.694 13.544 -2.252 -2.102
2 24 13.544 -2.252 -2.102 12.444 -4.145 -2.296
2 24 14.885 .915 -1.772 14.016 -.803 -1.694
2 24 15.194 7.492 -.521 15.154 5.6 -1.031
2 24 15.318 10.048 -.301 15.194 7.492 -.521
2 24 15.501 11.663 .134 15.318 10.048 -.301
2 24 16.008 14.466 .889 15.501 11.663 .134
2 24 16.318 17.122 -.639 16.008 14.466 .889
2 24 15.794 17.974 -.717 16.318 17.122 -.639
2 24 14.99 18.438 -.575 15.794 17.974 -.717
2 24 13.323 18.253 -1.767 14.195 18.052 -.118
2 24 14.195 18.052 -.118 14.99 18.438 -.575
2 24 14.195 18.052 -.118 14.652 17.069 .89
2 24 14.652 17.069 .89 14.491 14.384 1.398
2 24 14.491 14.384 1.398 13.973 11.711 .797
2 24 15.949 3.538 1.948 15.154 5.6 -1.031
2 24 15.154 5.6 -1.031 14.458 7.316 .478
2 24 14.458 7.316 .478 15.159 4.498 2.772
2 24 15.159 4.498 2.772 14.569 -.063 6.38
2 24 14.944 -.9 5.65 15.949 3.538 1.948
2 24 14.885 .915 -1.772 15.154 5.6 -1.031
2 24 14.769 -1.891 2.518 14.885 .915 -1.772
2 24 13.651 -3.041 2.257 14.016 -.803 -1.694
2 24 13.493 -4.334 1.965 13.544 -2.252 -2.102
2 24 9.996 -7.498 1.3 10.339 -6.03 -2.432
2 24 9.532 -8.27 1.147 8.703 -7.224 -3.105
2 24 7.77 -9.395 1.138 6.051 -8.274 -2.345
2 24 16.059 3.79 4.843 15.3 .578 7.309
2 24 15.598 6.515 3.191 16.059 3.79 4.843
2 24 13.72 10.601 .811 13.906 10.524 1.677
2 24 14.418 9.199 .639 13.72 10.601 .811
2 24 13.906 10.524 1.677 15.217 8.533 4.685
2 24 15.598 6.515 3.191 14.418 9.199 .639
2 24 15.598 6.515 3.191 16.155 3.605 6.87
2 24 15.217 8.533 4.685 15.526 5.604 7.616
2 24 13.763 9.272 6.565 13.925 6.522 8.685
2 24 13.033 13.008 5.581 13.869 10.127 8.633
2 24 13.763 9.272 6.565 13.161 11.756 4.315
2 24 13.161 11.756 4.315 13.033 13.008 5.581
2 24 13.033 13.008 5.581 12.277 13.763 6.829
2 24 12.277 13.763 6.829 13.398 11.22 9.861
2 24 12.277 13.763 6.829 11.253 14.441 8.205
2 24 11.253 14.441 8.205 11.681 11.794 11.297
2 24 11.253 14.441 8.205 10.811 15.199 8.897
2 24 10.811 15.199 8.897 11.374 12.747 12.366
2 24 9.751 16.086 10.348 10.317 13.637 13.446
2 24 10.811 15.199 8.897 9.751 16.086 10.348
2 24 8.502 16.232 11.046 9.032 13.91 14.079
2 24 9.751 16.086 10.348 8.502 16.232 11.046
2 24 8.502 16.232 11.046 7.307 16.786 12.321
2 24 7.307 16.786 12.321 7.996 14.362 14.854
2 24 6.152 16.763 12.756 6.822 14.122 15.169
2 24 7.307 16.786 12.321 6.152 16.763 12.756
2 24 6.595 16.548 10.928 4.975 16.681 12.011
2 24 9.192 15.848 9.192 6.595 16.548 10.928
2 24 10.404 14.4 7.379 9.192 15.848 9.192
2 24 12.011 12.895 4.975 10.404 14.4 7.379
2 24 12.241 11.878 3.817 12.011 12.895 4.975
2 24 13.161 11.756 4.315 13.906 10.524 1.677
2 24 12.686 10.347 1.579 12.241 11.878 3.817
2 24 13.72 10.601 .811 12.868 10.225 .663
2 24 12.868 10.225 .663 12.686 10.347 1.579
2 24 13 11.52 0 12.868 10.225 .663
2 24 13.72 10.601 .811 13.973 11.711 .797
2 24 12.934 14.682 -.334 13 11.52 0
2 24 12.794 15.707 -1.034 12.934 14.682 -.334
2 24 12.729 16.877 -1.365 12.794 15.707 -1.034
2 24 12.533 18.275 -2.349 12.729 16.877 -1.365
2 24 4.975 16.681 12.011 3.531 16.99 12.298
2 24 4.04 17.176 13.763 6.152 16.763 12.756
2 24 3.531 16.99 12.298 1.268 17.202 12.748
2 24 1.406 17.208 13.951 4.04 17.176 13.763
2 24 4.04 17.176 13.763 4.714 14.997 16.476
2 24 4.714 14.997 16.476 4.47 10.5 18.423
2 24 5.995 8.582 18.12 6.822 14.122 15.169
2 24 2.461 6.996 19.321 4.47 10.5 18.423
2 24 .992 9.002 19.454 2.461 6.996 19.321
2 24 2.461 6.996 19.321 3.421 4.607 19.083
2 24 3.421 4.607 19.083 4.278 5.707 18.766
2 24 7.996 14.362 14.854 7.224 8.365 17.615
2 24 8.165 7.612 17.256 9.032 13.91 14.079
2 24 10.211 6.56 15.851 11.374 12.747 12.366
2 24 10.317 13.637 13.446 9.429 7.248 16.595
2 24 10.631 5.722 15.073 11.681 11.794 11.297
2 24 6.824 4.253 17.594 8.165 7.612 17.256
2 24 7.224 8.365 17.615 5.774 4.865 18.411
2 24 4.699 -.828 17.285 6.824 4.253 17.594
2 24 4.466 1.724 18.572 4.699 -.828 17.285
2 24 5.774 4.865 18.411 4.466 1.724 18.572
2 24 11.994 5.385 14.49 13.125 9.751 12.125
2 24 13.358 2.734 11.007 13.925 6.522 8.685
2 24 13.869 10.127 8.633 13.381 4.246 12.163
2 24 13.398 11.22 9.861 13.224 4.798 13.29
2 24 11.629 -.276 13.153 13.381 4.246 12.163
2 24 13.224 4.798 13.29 11.384 .179 14.091
2 24 11.643 -.839 12.407 13.358 2.734 11.007
2 24 10.05 1.416 15.531 11.994 5.385 14.49
2 24 10.631 5.722 15.073 9.221 1.97 15.812
2 24 10.211 6.56 15.851 8.7 2.889 16.512
2 24 9.429 7.248 16.595 7.989 3.479 17.011
2 24 4.699 -.828 17.285 5.02 -2.469 16.83
2 24 5.02 -2.469 16.83 7.989 3.479 17.011
2 24 6.945 -2.995 15.571 9.221 1.97 15.812
2 24 6.157 -2.862 16.228 6.945 -2.995 15.571
2 24 8.7 2.889 16.512 6.157 -2.862 16.228
2 24 5.02 -2.469 16.83 6.157 -2.862 16.228
2 24 6.945 -2.995 15.571 7.495 -3.398 15.103
2 24 7.495 -3.398 15.103 10.05 1.416 15.531
2 24 8.442 -4.308 13.282 11.643 -.839 12.407
2 24 8.301 -4.117 13.908 8.442 -4.308 13.282
2 24 11.629 -.276 13.153 8.301 -4.117 13.908
2 24 11.384 .179 14.091 8.063 -3.78 14.465
2 24 8.063 -3.78 14.465 8.301 -4.117 13.908
2 24 7.495 -3.398 15.103 8.063 -3.78 14.465
2 24 14.588 1.441 10.295 15.526 5.604 7.616
2 24 12.354 -1.782 11.754 14.588 1.441 10.295
2 24 8.442 -4.308 13.282 8.574 -4.995 12.927
2 24 8.574 -4.995 12.927 12.354 -1.782 11.754
2 24 8.648 -5.772 11.852 11.376 -3.962 10.561
2 24 8.574 -4.995 12.927 8.648 -5.772 11.852
2 24 16.155 3.605 6.87 15.158 .715 9.182
2 24 11.376 -3.962 10.561 15.3 .578 7.309
2 24 10.767 -4.442 9.782 14.569 -.063 6.38
2 24 8.434 -6.199 11.096 10.767 -4.442 9.782
2 24 8.648 -5.772 11.852 8.434 -6.199 11.096
2 24 10.837 -5.051 9.41 14.944 -.9 5.65
2 24 11.073 -5.536 8.476 14.769 -1.891 2.518
2 24 9.894 -6.416 8.099 13.651 -3.041 2.257
2 24 8.434 -6.199 11.096 8.414 -6.599 10.731
2 24 8.414 -6.599 10.731 10.837 -5.051 9.41
2 24 8.414 -6.599 10.731 8.29 -6.956 10.38
2 24 8.29 -6.956 10.38 11.073 -5.536 8.476
2 24 7.871 -7.422 9.571 9.894 -6.416 8.099
2 24 8.29 -6.956 10.38 7.871 -7.422 9.571
2 24 6.399 -9.857 5.598 5.593 -9.807 7.222
2 24 5.593 -9.807 7.222 4.746 -10.002 6.742
2 24 6.726 -8.909 8.232 8.04 -8.596 6.48
2 24 7.225 -8.435 8.72 6.726 -8.909 8.232
2 24 8.04 -8.596 6.48 9.996 -7.498 1.3
2 24 7.702 -9.298 5.906 9.532 -8.27 1.147
2 24 6.726 -8.909 8.232 6.237 -9.4 7.826
2 24 6.237 -9.4 7.826 7.702 -9.298 5.906
2 24 7.871 -7.422 9.571 7.674 -7.944 9.215
2 24 7.674 -7.944 9.215 9.967 -7.044 7.627
2 24 7.674 -7.944 9.215 7.225 -8.435 8.72
2 24 9.967 -7.044 7.627 13.493 -4.334 1.965
2 24 5.929 -9.361 1.355 5.118 -9.913 5.402
2 24 7.77 -9.395 1.138 6.399 -9.857 5.598
2 24 6.237 -9.4 7.826 5.593 -9.807 7.222
2 24 14.458 7.316 .478 14.418 9.199 .639
2 24 -7.046 -7.765 16.934 -7.324 -7.485 18.82
2 24 -6.842 -6.391 18.383 -7.046 -7.765 16.934
2 24 -7.324 -7.485 18.82 -7.495 -6.194 20.96
2 24 -6.385 -9.292 16.838 -6.629 -9.47 18.857
2 24 -6.629 -9.47 18.857 -6.883 -8.344 21.339
2 24 -6.883 -8.344 21.339 -6.916 -4.93 23.588
2 24 -6.262 -5.372 17.934 -6.842 -6.391 18.383
2 24 -4.615 -3.324 16.8 -5.599 -4.516 17.442
2 24 -7.174 -2.201 22.311 -7.495 -6.194 20.96
2 24 -5.599 -4.516 17.442 -6.262 -5.372 17.934
2 24 -7.174 -2.201 22.311 -5.809 3.058 21.356
2 24 -6.916 -4.93 23.588 -5.398 -2.797 25.643
2 24 -5.398 -2.797 25.643 -4.896 -.497 25.472
2 24 -4.896 -.497 25.472 -3.896 2.715 24.497
2 24 -3.896 2.715 24.497 -2.419 6.306 23.888
2 24 -4.315 7.011 21.22 -5.809 3.058 21.356
2 24 -4.315 7.011 21.22 -2.554 10.087 22.089
2 24 -2.554 10.087 22.089 -1.55 9.361 19.458
2 24 -2.554 10.087 22.089 -.362 10.276 23.3
2 24 1.321 10.068 23.429 2.333 9.688 21.91
2 24 -.362 10.276 23.3 1.321 10.068 23.429
2 24 2.333 9.688 21.91 .992 9.002 19.454
2 24 2.333 9.688 21.91 3.061 7.462 20.721
2 24 3.061 7.462 20.721 4.124 4.906 20.227
2 24 4.124 4.906 20.227 5.91 1.123 20.82
2 24 4.466 1.724 18.572 3.421 4.607 19.083
2 24 5.91 1.123 20.82 6.902 -2.478 20.733
2 24 6.902 -2.478 20.733 7.315 -4.787 19.821
2 24 7.199 -5.45 18.53 5.02 -2.469 16.83
2 24 7.315 -4.787 19.821 7.199 -5.45 18.53
2 24 7.688 -7.512 18.232 7.551 -7.432 16.69
2 24 7.551 -7.432 16.69 7.199 -5.45 18.53
2 24 7.856 -6.568 19.758 7.688 -7.512 18.232
2 24 7.367 -4.558 20.719 7.856 -6.568 19.758
2 24 6.843 -2.579 21.601 7.367 -4.558 20.719
2 24 5.453 -1.936 23.212 6.843 -2.579 21.601
2 24 4.414 .26 23.171 5.453 -1.936 23.212
2 24 1.321 10.068 23.429 .915 7.138 24.45
2 24 .915 7.138 24.45 1.467 6.437 24.269
2 24 1.467 6.437 24.269 2.525 5.586 23.094
2 24 3.283 4.224 22.654 4.414 .26 23.171
2 24 2.525 5.586 23.094 3.283 4.224 22.654
2 24 -2.419 6.306 23.888 .915 7.138 24.45
2 24 8.16 -3.095 22.949 7.225 -2.713 21.978
2 24 5.5 -2.196 23.575 5.44 -3.033 24.37
2 24 5.44 -3.033 24.37 8.16 -3.095 22.949
2 24 7.225 -2.713 21.978 6.843 -2.579 21.601
2 24 5.453 -1.936 23.212 5.5 -2.196 23.575
2 24 7.225 -2.713 21.978 7.816 -4.5 20.949
2 24 7.816 -4.5 20.949 8.49 -6.704 19.89
2 24 8.49 -6.704 19.89 8.686 -7.903 17.98
2 24 8.686 -7.903 17.98 8.374 -7.635 16.089
2 24 8.374 -7.635 16.089 7.551 -7.432 16.69
2 24 9.139 -9.519 13.449 8.374 -7.635 16.089
2 24 10.037 -11.076 15.239 9.139 -9.519 13.449
2 24 10.532 -11.246 17.617 10.037 -11.076 15.239
2 24 9.086 -12.846 17.755 8.581 -12.533 14.788
2 24 8.38 -11.299 20.674 9.086 -12.846 17.755
2 24 10.532 -11.246 17.617 10.524 -9.967 19.875
2 24 8.16 -3.095 22.949 8.62 -4.759 22.1
2 24 8.62 -4.759 22.1 9.887 -7.518 21.309
2 24 9.887 -7.518 21.309 10.524 -9.967 19.875
2 24 6.909 -8.623 22.505 8.38 -11.299 20.674
2 24 5.179 -6.417 23.493 6.909 -8.623 22.505
2 24 7.548 -10.55 12.685 9.139 -9.519 13.449
2 24 8.581 -12.533 14.788 7.548 -10.55 12.685
2 24 5.44 -3.033 24.37 5.179 -6.417 23.493
2 24 4.727 .329 24.03 5.5 -2.196 23.575
2 24 4.066 4.202 23.506 4.727 .329 24.03
2 24 3.548 5.324 23.861 4.066 4.202 23.506
2 24 2.833 5.838 24.469 3.548 5.324 23.861
2 24 2.249 5.597 25.517 3.244 4.541 25.331
2 24 2.833 5.838 24.469 2.249 5.597 25.517
2 24 1.467 6.437 24.269 1.487 5.474 25.816
2 24 1.487 5.474 25.816 2.249 5.597 25.517
2 24 1.487 5.474 25.816 1.544 4.09 25.759
2 24 3.874 1.545 26.172 3.244 4.541 25.331
2 24 1.544 4.09 25.759 1.533 1.806 26.489
2 24 1.533 1.806 26.489 1.904 -1.503 26.987
2 24 4.333 -1.497 26.611 3.874 1.545 26.172
2 24 1.904 -1.503 26.987 2.533 -4.116 26.383
2 24 4.714 -4.043 25.82 4.333 -1.497 26.611
2 24 4.714 -4.043 25.82 4.946 -5.95 24.595
2 24 4.946 -5.95 24.595 5.179 -6.417 23.493
2 24 2.371 -5.386 26.098 4.946 -5.95 24.595
2 24 2.533 -4.116 26.383 2.371 -5.386 26.098
2 24 5.263 -6.541 25.814 6.909 -8.623 22.505
2 24 4.629 -6.742 28.64 5.263 -6.541 25.814
2 24 2.371 -5.386 26.098 1.813 -5.961 28.13
2 24 4.292 -7.584 29.843 4.629 -6.742 28.64
2 24 1.813 -5.961 28.13 1.236 -6.68 29.49
2 24 1.236 -6.68 29.49 4.292 -7.584 29.843
2 24 3.068 -9.875 29.67 4.513 -9.207 29.826
2 24 4.513 -9.207 29.826 4.292 -7.584 29.843
2 24 1.236 -6.68 29.49 1.166 -9.961 29.582
2 24 1.166 -9.961 29.582 3.068 -9.875 29.67
2 24 8.712 -14.226 14.353 7.58 -12.808 12.559
2 24 8.446 -13.167 21.366 9.343 -14.802 17.463
2 24 6.899 -10.237 24.252 8.446 -13.167 21.366
2 24 7.58 -12.808 12.559 6.946 -11.358 11.566
2 24 6.946 -11.358 11.566 7.548 -10.55 12.685
2 24 9.343 -14.802 17.463 8.712 -14.226 14.353
2 24 .07 6.829 29.365 -.013 3.904 28.967
2 24 .461 7.517 27.247 .07 6.829 29.365
2 24 .915 7.138 24.45 .461 7.517 27.247
2 24 -3.587 3.213 28.048 -2.165 6.692 29.148
2 24 -2.165 6.692 29.148 -2.203 7.285 26.706
2 24 -2.203 7.285 26.706 -2.419 6.306 23.888
2 24 -.013 3.904 28.967 -.043 1.081 29.354
2 24 .841 .344 28.24 1.904 -1.503 26.987
2 24 -.043 1.081 29.354 .841 .344 28.24
2 24 .07 6.829 29.365 -2.165 6.692 29.148
2 24 -4.879 -.528 28.174 -3.587 3.213 28.048
2 24 -1.893 .966 29.255 -.043 1.081 29.354
2 24 -5.398 -2.797 25.643 -5.407 -4.086 27.234
2 24 -5.275 -3.996 28.709 -4.879 -.528 28.174
2 24 -3.197 -2.989 29.76 -3.433 .123 29.008
2 24 .433 .696 31.399 .841 .344 28.24
2 24 1.019 -3.806 30.864 1.236 -6.68 29.49
2 24 .433 .696 31.399 .312 -.632 33.155
2 24 .312 -.632 33.155 1.019 -3.806 30.864
2 24 4.513 -9.207 29.826 5.506 -9.066 26.61
2 24 5.506 -9.066 26.61 6.899 -10.237 24.252
2 24 1.166 -9.961 29.582 1.2 -10.305 28.626
2 24 1.2 -10.305 28.626 1.707 -10.831 27.426
2 24 1.707 -10.831 27.426 3.354 -10.69 26.699
2 24 1.2 -10.305 28.626 1.068 -12.307 28.422
2 24 1.068 -12.307 28.422 1.392 -12.865 28.105
2 24 1.392 -12.865 28.105 1.707 -10.831 27.426
2 24 .061 -9.202 28.578 1.2 -10.305 28.626
2 24 1.236 -6.68 29.49 .321 -7.95 29.13
2 24 .321 -7.95 29.13 .061 -9.202 28.578
2 24 6.996 -16.106 13.979 6.225 -13.991 11.679
2 24 6.225 -13.991 11.679 6.032 -12.025 10.881
2 24 6.032 -12.025 10.881 6.946 -11.358 11.566
2 24 5.258 -18.948 13.188 4.396 -16.189 9.767
2 24 5.508 -19.166 18.121 5.258 -18.948 13.188
2 24 6.996 -16.106 13.979 6.998 -16.581 17.485
2 24 4.517 -16.664 22.345 5.508 -19.166 18.121
2 24 6.998 -16.581 17.485 5.782 -14.738 21.683
2 24 -.707 -12.839 27.842 .161 -15.066 27.161
2 24 1.392 -12.865 28.105 -.707 -12.839 27.842
2 24 .161 -15.066 27.161 1.808 -15.094 27.994
2 24 1.808 -15.094 27.994 2.968 -14.784 27.727
2 24 2.968 -14.784 27.727 3.13 -12.756 27.321
2 24 3.13 -12.756 27.321 3.354 -10.69 26.699
2 24 5.782 -14.738 21.683 4.059 -11.789 25.534
2 24 3.738 -14.763 25.578 4.517 -16.664 22.345
2 24 4.059 -11.789 25.534 3.354 -10.69 26.699
2 24 2.968 -14.784 27.727 3.738 -14.763 25.578
2 24 1.068 -12.307 28.422 -.862 -12.266 28.304
2 24 -2.966 -12.175 27.829 -.862 -12.266 28.304
2 24 -3.095 -9.275 28.011 -2.966 -12.175 27.829
2 24 .061 -9.202 28.578 -3.095 -9.275 28.011
2 24 -2.966 -12.175 27.829 -3.417 -12.647 26.723
2 24 -2.316 -6.63 29.312 -3.095 -9.275 28.011
2 24 -2.066 -3.539 30.885 -2.316 -6.63 29.312
2 24 -3.197 -2.989 29.76 -3.138 -7.657 28.572
2 24 .312 -.632 33.155 -1.959 -.625 33.054
2 24 -1.959 -.625 33.054 -2.066 -3.539 30.885
2 24 -1.959 -.625 33.054 -2.967 .324 31.087
2 24 -2.967 .324 31.087 -3.433 .123 29.008
2 24 -1.893 .966 29.255 -3.433 .123 29.008
2 24 -5.275 -3.996 28.709 -5.922 -8.064 27.119
2 24 -3.095 -9.275 28.011 -3.881 -10.769 26.391
2 24 -3.138 -7.657 28.572 -3.881 -10.769 26.391
2 24 -5.922 -8.064 27.119 -6.773 -10.626 24.743
2 24 -5.407 -4.086 27.234 -6.138 -7.368 26.065
2 24 -6.138 -7.368 26.065 -6.773 -10.626 24.743
2 24 -7.046 -7.765 16.934 -6.364 -8.576 15.947
2 24 -6.364 -8.576 15.947 -6.385 -9.292 16.838
2 24 -6.364 -8.576 15.947 -6.892 -8.885 15.329
2 24 -6.892 -8.885 15.329 -7.132 -9.636 16.585
2 24 -7.132 -9.636 16.585 -7.594 -9.932 18.861
2 24 -7.594 -9.932 18.861 -7.828 -8.556 21.669
2 24 -7.828 -8.556 21.669 -7.797 -5.183 23.985
2 24 -7.334 -3.172 25.4 -5.398 -2.797 25.643
2 24 -7.797 -5.183 23.985 -7.334 -3.172 25.4
2 24 -7.334 -3.172 25.4 -7.899 -3.934 26.627
2 24 -7.899 -3.934 26.627 -5.407 -4.086 27.234
2 24 -7.899 -3.934 26.627 -8.593 -7.398 24.854
2 24 -8.593 -7.398 24.854 -9.234 -11.677 21.965
2 24 -5.783 -13.042 22.783 -3.881 -10.769 26.391
2 24 -5.358 -14.54 23.173 -3.417 -12.647 26.723
2 24 -5.783 -13.042 22.783 -6.506 -14.311 18.564
2 24 -6.546 -16.324 18.762 -5.358 -14.54 23.173
2 24 -9.123 -12.862 18.645 -9.234 -11.677 21.965
2 24 -6.188 -13.722 15.7 -6.506 -14.311 18.564
2 24 -9.123 -12.862 18.645 -8.405 -12.339 15.645
2 24 -6.354 -15.691 15.492 -6.546 -16.324 18.762
2 24 -7.074 -10.185 13.434 -8.405 -12.339 15.645
2 24 -6.892 -8.885 15.329 -7.074 -10.185 13.434
2 24 -7.074 -10.185 13.434 -4.779 -10.966 12.742
2 24 -4.779 -10.966 12.742 -5.492 -12.553 14.042
2 24 -5.492 -12.553 14.042 -6.188 -13.722 15.7
2 24 -5.003 -11.915 11.488 -5.58 -13.888 12.977
2 24 -4.779 -10.966 12.742 -5.003 -11.915 11.488
2 24 -5.58 -13.888 12.977 -6.354 -15.691 15.492
2 24 -.627 -14.124 8.612 -1.316 -17.107 10.011
2 24 -2.536 -15.667 11.119 -2.062 -13.457 9.657
2 24 -2.062 -13.457 9.657 -.627 -14.124 8.612
2 24 -2.536 -15.667 11.119 -3.025 -18.067 13.79
2 24 -3.125 -18.925 16.899 -2.969 -17.594 20.557
2 24 -2.115 -20.181 17.056 -2.141 -18.259 20.912
2 24 -3.025 -18.067 13.79 -3.125 -18.925 16.899
2 24 -1.89 -19.821 13.338 -2.115 -20.181 17.056
2 24 -1.316 -17.107 10.011 -1.89 -19.821 13.338
2 24 -5.003 -11.915 11.488 -2.062 -13.457 9.657
2 24 -2.141 -18.259 20.912 -1.24 -15.778 24.607
2 24 -2.096 -15.277 24.183 -2.969 -17.594 20.557
2 24 -2.096 -15.277 24.183 -.707 -12.839 27.842
2 24 -1.24 -15.778 24.607 .161 -15.066 27.161
2 24 1.832 -14.211 8.517 3.92 -13.85 8.545
2 24 3.92 -13.85 8.545 4.396 -16.189 9.767
2 24 -.627 -14.124 8.612 1.832 -14.211 8.517
2 24 3.92 -13.85 8.545 6.032 -12.025 10.881
2 24 5.995 8.582 18.12 4.278 5.707 18.766
2 24 3.396 -10.91 6.398 .731 -11.097 6.23
2 24 1.56 3.202 -12.59 2.441 4 -12.515

5 24 17.073 1.819 -7.097 15.344 2.287 -7.735 18.157 6.193 -5.971 15.071 -2.513 -6.936
5 24 17.396 11.134 -4.211 18.196 10.17 -3.672 16.505 7.181 -6.489 17.565 10.728 -1.898
5 24 16.008 14.466 .889 15.42 17.191 .561 16.318 17.122 -.639 15.302 14.512 1.286
5 24 13.033 13.008 5.581 12.011 12.895 4.975 12.277 13.763 6.829 13.161 11.756 4.315
5 24 3.13 -12.756 27.321 3.738 -14.763 25.578 2.968 -14.784 27.727 4.059 -11.789 25.534
5 24 -10.562 -1.19 -12.828 -12.374 -.638 -11.917 -13.208 4.853 -11.754 -11.074 -4.072 -11.211
5 24 -15.581 8.318 5.152 -15.417 4.949 9.598 -15.327 2.882 8.473 -15.777 9.368 6.397
5 24 -14.309 10.308 3.813 -14.752 10.023 3.206 -15.581 8.318 5.152 -12.432 10.676 2.854
5 24 -6.354 -15.691 15.492 -6.506 -14.311 18.564 -6.188 -13.722 15.7 -6.546 -16.324 18.762
5 24 -3.873 9.822 18.386 -5.467 9.078 18.169 -6.203 13.41 16.238 -3.232 6.723 19.067
5 24 -2.229 17.261 12.557 -1.587 17.391 14.007 0 17.276 13 -2.515 17.176 13.794
5 24 -13.153 8.198 -9.602 -14.955 10.072 -8.698 -11.981 9.672 -9.022 -14.815 4.915 -9.161
5 24 -7.174 -2.201 22.311 -5.398 -2.797 25.643 -6.916 -4.93 23.588 -4.896 -.497 25.472
5 24 6.009 -7.95 -10.974 5.356 -8.393 -6.009 6.891 -6.458 -9.118 3.309 -10.075 -6.425
5 24 -3.138 -7.657 28.572 -3.095 -9.275 28.011 -2.316 -6.63 29.312 -3.881 -10.769 26.391
5 24 6.824 4.253 17.594 9.429 7.248 16.595 7.989 3.479 17.011 8.165 7.612 17.256
5 24 9.967 -7.044 7.627 12.027 -6.232 1.464 9.817 -7.871 6.759 13.493 -4.334 1.965
5 24 -5.492 -12.553 14.042 -5.003 -11.915 11.488 -5.58 -13.888 12.977 -4.779 -10.966 12.742
5 24 -2.419 6.306 23.888 -3.587 3.213 28.048 -3.896 2.715 24.497 -2.203 7.285 26.706
5 24 -6.931 -9.314 .916 -5.344 -8.572 -1.785 -6.849 -8.23 -1.832 -5.258 -9.37 .765
5 24 1.669 .948 -14.949 4.837 3.063 -15.771 1.56 3.202 -12.59 4.553 -.413 -16.793
5 24 -13.701 -1.071 6.622 -15.646 1.667 4.91 -13.326 -1.12 7.598 -15.496 .739 3.911
5 24 10.811 15.199 8.897 9.192 15.848 9.192 10.404 14.4 7.379 9.751 16.086 10.348
5 24 13.973 11.711 .797 13 11.52 0 14.491 14.384 1.398 12.868 10.225 .663
5 24 6.822 14.122 15.169 4.47 10.5 18.423 4.714 14.997 16.476 5.995 8.582 18.12
5 24 -5.407 -4.086 27.234 -5.922 -8.064 27.119 -6.138 -7.368 26.065 -5.275 -3.996 28.709
5 24 5.356 -8.393 -6.009 6.779 -8.843 -3.905 3.673 -8.72 -2.999 8.801 -7.401 -8.486
5 24 -7.828 -8.556 21.669 -6.883 -8.344 21.339 -7.594 -9.932 18.861 -6.916 -4.93 23.588
5 24 1.709 -16.741 9.533 -.627 -14.124 8.612 -1.316 -17.107 10.011 1.832 -14.211 8.517
5 24 -3.587 3.213 28.048 -2.203 7.285 26.706 -2.419 6.306 23.888 -2.165 6.692 29.148
5 24 -8.405 -12.339 15.645 -7.398 -13.254 15.701 -6.561 -11.95 14.119 -9.123 -12.862 18.645
5 24 -14.705 -1.464 -2.171 -16.74 2.32 -1.021 -14.749 -1.45 -1.654 -16.365 2.867 -2.148
5 24 6.009 -7.95 -10.974 1.517 -9.459 -6.544 3.309 -10.075 -6.425 4.035 -6.323 -12.05
5 24 -2.622 4.727 -16.384 -4.203 4.306 -17.097 -4.311 6.408 -12.143 -.339 2.243 -17.161
5 24 -3.959 1.059 18.199 -7.716 3.035 17.563 -4.615 -3.324 16.8 -6.028 4.56 18.071
5 24 -6.506 -14.311 18.564 -6.546 -16.324 18.762 -5.358 -14.54 23.173 -6.354 -15.691 15.492
5 24 14.731 11.652 .554 15.501 11.663 .134 15.318 10.048 -.301 15.302 14.512 1.286
5 24 -2.673 7.632 19.082 -2.554 10.087 22.089 -1.55 9.361 19.458 -4.315 7.011 21.22
5 24 -5.58 -13.888 12.977 -6.188 -13.722 15.7 -5.492 -12.553 14.042 -6.354 -15.691 15.492
5 24 -.043 1.081 29.354 .433 .696 31.399 .841 .344 28.24 -1.709 .611 31.494
5 24 -9.838 7.344 16.615 -8.36 12.339 15.44 -7.321 8.643 17.356 -10.705 11.717 13.98
5 24 -18.401 7.458 -2.907 -17.078 8.053 -.982 -18.863 9.323 -2.014 -16.365 2.867 -2.148
5 24 -4.311 6.408 -12.143 -6.617 4.578 -15.53 -4.975 6.16 -12.011 -4.203 4.306 -17.097
5 24 4.035 -6.323 -12.05 3.208 -6.558 -13.018 5.238 -3.353 -14.028 1.931 -8.402 -9.634
5 24 -5.58 -13.888 12.977 -5.492 -12.553 14.042 -5.003 -11.915 11.488 -6.188 -13.722 15.7
5 24 11.073 -5.536 8.476 13.651 -3.041 2.257 9.894 -6.416 8.099 14.769 -1.891 2.518
5 24 -15.525 11.137 8.281 -14.036 13.551 7.514 -14.792 12.252 9.043 -14.443 12.528 6.606
5 24 -11.349 9.199 -9.681 -12.519 7.299 -11.216 -12.762 7.99 -10.615 -10.941 7.572 -10.777
5 24 -16.154 2.842 -5.759 -14.815 4.915 -9.161 -14.335 .371 -8.904 -15.548 6.048 -7.543
5 24 -5.58 -13.888 12.977 -2.536 -15.667 11.119 -5.003 -11.915 11.488 -3.025 -18.067 13.79
5 24 4.333 -1.497 26.611 4.727 .329 24.03 5.5 -2.196 23.575 3.874 1.545 26.172
5 24 -16.253 5.803 -6.636 -17.255 8.224 -4.537 -16.154 2.842 -5.759 -17.672 10.039 -5.635
5 24 14.198 .206 -9.731 15.344 2.287 -7.735 14.649 3.9 -10.753 12.976 -3.83 -7.438
5 24 6.891 -6.458 -9.118 10.095 -4.469 -11.641 8.191 -3.837 -11.541 8.801 -7.401 -8.486
5 24 1.019 -3.806 30.864 1.669 -3.079 28.745 1.813 -5.961 28.13 .433 .696 31.399
5 24 6.595 16.548 10.928 8.502 16.232 11.046 7.307 16.786 12.321 9.192 15.848 9.192
5 24 -2.134 -7.075 -13.318 .01 -9.4 -10.994 .253 -7.441 -13.937 -1.546 -8.901 -10.441
5 24 -3.433 .123 29.008 -3.587 3.213 28.048 -4.879 -.528 28.174 -1.893 .966 29.255
5 24 -11.674 9.904 12.995 -13.562 8.84 12.654 -13.431 11.581 11.029 -10.545 6.172 15.243
5 24 -6.916 -4.93 23.588 -7.495 -6.194 20.96 -7.174 -2.201 22.311 -6.883 -8.344 21.339
5 24 -11.966 11.909 -7.914 -10.236 9.803 -7.63 -10.939 11.016 -6.579 -11.981 9.672 -9.022
5 24 -14.678 19.142 -2.793 -16.292 19.675 -4.186 -14.564 17.791 -5.738 -15.87 20.223 -1.462
5 24 -5.075 -4.084 -14.336 -2.94 -4.708 -15.722 -4.127 -6.082 -12.618 -4.013 -.094 -17.392
5 24 6.902 -2.478 20.733 4.699 -.828 17.285 5.91 1.123 20.82 7.315 -4.787 19.821
5 24 10.317 13.637 13.446 11.374 12.747 12.366 9.751 16.086 10.348 9.429 7.248 16.595
5 24 -.339 2.243 -17.161 1.669 .948 -14.949 .982 -.457 -16.854 1.56 3.202 -12.59
5 24 10.05 1.416 15.531 11.384 .179 14.091 7.495 -3.398 15.103 13.224 4.798 13.29
5 24 17.16 6.891 -1.552 16.013 9.783 -1.435 17.867 8.979 -1.811 15.194 7.492 -.521
5 24 17.064 4.738 -2.249 18.508 6.328 -3.976 17.16 6.891 -1.552 17.363 .955 -6.19
5 24 16.138 -.207 -3.722 14.885 .915 -1.772 14.016 -.803 -1.694 17.064 4.738 -2.249
5 24 -7.324 -7.485 18.82 -6.842 -6.391 18.383 -7.495 -6.194 20.96 -7.046 -7.765 16.934
5 24 10.14 -6.472 -7.626 10.424 -5.827 -6.419 11.622 -3.112 -9.039 8.114 -8.289 -4.431
5 24 7.816 -4.5 20.949 7.367 -4.558 20.719 7.856 -6.568 19.758 7.225 -2.713 21.978
5 24 -14.697 7.195 11.474 -13.114 3.156 12.265 -14.602 6.407 10.14 -13.003 3.793 13.615
5 24 -13.782 13.051 9.074 -12.706 13.995 9.595 -12.807 14.1 6.788 -13.431 11.581 11.029
5 24 -19.048 18.426 .757 -17.104 15.573 1.628 -17.794 17.589 2.357 -17.841 16.058 -1.244
5 24 -13.298 .416 -9.368 -13.344 .207 -10.406 -12.513 -2.831 -8.388 -13.546 4.892 -9.771
5 24 1.975 -3.795 -14.913 3.98 -3.62 -15.41 3.208 -6.558 -13.018 1.831 -.635 -15.79
5 24 .01 -9.4 -10.994 1.065 -9.155 -10.235 -.228 -10.145 -7.635 .253 -7.441 -13.937
5 24 17.396 11.134 -4.211 15.779 7.162 -7.68 17.014 11.253 -6.473 16.505 7.181 -6.489
5 24 11.793 6.764 -12.989 9.839 5.577 -13.611 9.766 2.545 -14.314 11.201 8.407 -11.452
5 24 -15.597 -1.767 -3.66 -14.705 -1.464 -2.171 -16.365 2.867 -2.148 -13.38 -4.832 -3.103
5 24 1.831 -.635 -15.79 1.185 -3.851 -15.77 1.975 -3.795 -14.913 .982 -.457 -16.854
5 24 3.061 7.462 20.721 1.467 6.437 24.269 2.333 9.688 21.91 2.525 5.586 23.094
5 24 .915 7.138 24.45 -.362 10.276 23.3 -2.419 6.306 23.888 1.321 10.068 23.429
5 24 -10.941 7.572 -10.777 -10.056 4.414 -12.042 -8.712 6.809 -9.513 -11.279 4.734 -12.279
5 24 6.595 16.548 10.928 6.152 16.763 12.756 4.975 16.681 12.011 7.307 16.786 12.321
5 24 -15.673 3.337 6.234 -15.327 2.882 8.473 -13.828 -.216 9.183 -16.228 7.808 4.733
5 24 -15.548 6.048 -7.543 -14.815 4.915 -9.161 -16.154 2.842 -5.759 -14.955 10.072 -8.698
5 24 6.051 -8.274 -2.345 3.981 -10.527 1.014 5.929 -9.361 1.355 3.673 -8.72 -2.999
5 24 -15.646 1.667 4.91 -15.496 .739 3.911 -13.701 -1.071 6.622 -16.091 2.124 1.839
5 24 9.766 2.545 -14.314 11.793 6.764 -12.989 12.505 3.065 -13.081 9.839 5.577 -13.611
5 24 -2.865 10.217 18.376 -1.951 10.776 18.664 -2.891 14.162 16.69 -1.55 9.361 19.458
5 24 -15.548 6.048 -7.543 -17.672 10.039 -5.635 -16.253 5.803 -6.636 -15.889 10.987 -6.595
5 24 -4.013 -.094 -17.392 -.843 -1.306 -18.21 -2.94 -4.708 -15.722 -2.053 1.605 -18.372
5 24 8.686 -7.903 17.98 10.532 -11.246 17.617 10.524 -9.967 19.875 10.037 -11.076 15.239
5 24 -17.274 11.258 .12 -16.185 11.022 2.255 -17.416 8.628 1.296 -16.54 12.193 1.501
5 24 -9.169 -7.284 7.975 -11.542 -5.033 8.514 -11.785 -6.102 2.857 -9.777 -5.28 10.921
5 24 -2.022 14.473 17.081 1.419 10.974 18.728 -1.951 10.776 18.664 1.439 14.611 16.925
5 24 14.569 -.063 6.38 16.059 3.79 4.843 15.159 4.498 2.772 15.3 .578 7.309
5 24 -1.849 -10.933 3.843 -3.508 -9.795 4.591 -1.429 -10.657 6.328 -4.328 -9.102 .564
5 24 -13.114 3.156 12.265 -13.003 3.793 13.615 -10.216 -.567 14.277 -14.697 7.195 11.474
5 24 -13.828 -.216 9.183 -13.397 -.584 8.108 -15.673 3.337 6.234 -11.581 -2.693 9.455
5 24 -5.454 -6.747 -12.631 -7.603 -6.226 -10.561 -8.531 -4.002 -12.008 -4.317 -9.382 -9.796
5 24 10.095 -4.469 -11.641 8.191 -3.837 -11.541 6.891 -6.458 -9.118 10.376 -.79 -13.699
5 24 18.9 14.066 -1.734 17.176 16.811 -3.309 18.976 14.436 -3.645 16.55 15.065 -.438
5 24 9.817 -7.871 6.759 9.967 -7.044 7.627 7.674 -7.944 9.215 12.027 -6.232 1.464
5 24 12.533 18.275 -2.349 14.56 20.178 -4.294 15.019 19.835 -2.999 12.011 18.188 -4.975
5 24 -6.773 -10.626 24.743 -5.783 -13.042 22.783 -3.881 -10.769 26.391 -7.66 -12.692 22.183
5 24 5.238 -3.353 -14.028 3.208 -6.558 -13.018 4.035 -6.323 -12.05 3.98 -3.62 -15.41
5 24 7.548 -10.55 12.685 7.58 -12.808 12.559 8.581 -12.533 14.788 6.946 -11.358 11.566
5 24 8.29 -6.956 10.38 10.837 -5.051 9.41 11.073 -5.536 8.476 8.414 -6.599 10.731
5 24 8.04 -8.596 6.48 7.702 -9.298 5.906 6.237 -9.4 7.826 9.996 -7.498 1.3
5 24 -3.417 -12.647 26.723 -.707 -12.839 27.842 -2.096 -15.277 24.183 -2.966 -12.175 27.829
5 24 -9.123 -12.862 18.645 -8.184 -13.798 18.723 -9.234 -11.677 21.965 -7.398 -13.254 15.701
5 24 7.315 -4.787 19.821 4.699 -.828 17.285 6.902 -2.478 20.733 5.02 -2.469 16.83
5 24 -14.94 -1.247 2.79 -14.236 -1.765 -1.061 -15.132 .3 -.221 -14.139 -2.926 2.75
5 24 -8.441 -7.586 7.262 -5.973 -8.707 9.489 -8.186 -8.449 6.849 -6.328 -7.958 9.824
5 24 -13.701 -1.071 6.622 -13.326 -1.12 7.598 -13.153 -1.765 6.658 -15.646 1.667 4.91
5 24 -11.417 -6.009 -2.372 -8.101 -8.175 -3.318 -6.849 -8.23 -1.832 -9.795 -7.081 -5.591
5 24 -1.959 -.625 33.054 -1.709 .611 31.494 -2.967 .324 31.087 .312 -.632 33.155
5 24 1.533 1.806 26.489 3.874 1.545 26.172 3.244 4.541 25.331 1.904 -1.503 26.987
5 24 11.681 11.794 11.297 10.211 6.56 15.851 11.374 12.747 12.366 10.631 5.722 15.073
5 24 8.165 7.612 17.256 5.774 4.865 18.411 7.224 8.365 17.615 6.824 4.253 17.594
5 24 -6.616 -.662 -15.309 -9.331 3.406 -13.885 -8.34 -.945 -15.104 -7.477 4.113 -13.882
5 24 -15.223 10.301 7.115 -15.777 9.368 6.397 -14.602 6.407 10.14 -14.392 11.46 4.688
5 24 -13.344 .207 -10.406 -13.208 4.853 -11.754 -13.608 4.911 -10.892 -12.374 -.638 -11.917
5 24 12.407 .18 -10.724 14.198 .206 -9.731 11.622 -3.112 -9.039 12.779 3.639 -11.799
5 24 -7.66 -12.692 22.183 -8.184 -13.798 18.723 -5.783 -13.042 22.783 -9.234 -11.677 21.965
5 24 16.617 18.596 -7.613 14.484 19.394 -6.685 16.175 20.378 -5.316 13.496 17.552 -8.186
5 24 1.831 -.635 -15.79 4.553 -.413 -16.793 3.98 -3.62 -15.41 1.669 .948 -14.949
5 24 -10.705 11.717 13.98 -11.674 9.904 12.995 -9.838 7.344 16.615 -11.538 13.484 10.483
5 24 -2.886 -10.531 -5.034 -1.488 -9.562 -5.903 -.745 -9.569 -3.266 -4.317 -9.382 -9.796
5 24 14.198 .206 -9.731 11.622 -3.112 -9.039 12.976 -3.83 -7.438 12.407 .18 -10.724
5 24 -2.419 6.306 23.888 -4.315 7.011 21.22 -2.554 10.087 22.089 -5.809 3.058 21.356
5 24 -1.546 -8.901 -10.441 .01 -9.4 -10.994 -2.134 -7.075 -13.318 -.228 -10.145 -7.635
5 24 -17.371 2.991 -3.811 -16.365 2.867 -2.148 -18.401 7.458 -2.907 -15.597 -1.767 -3.66
5 24 9.887 -7.518 21.309 8.49 -6.704 19.89 8.62 -4.759 22.1 8.686 -7.903 17.98
5 24 11.681 11.794 11.297 13.398 11.22 9.861 11.253 14.441 8.205 13.125 9.751 12.125
5 24 12.729 16.877 -1.365 13.323 18.253 -1.767 14.195 18.052 -.118 12.533 18.275 -2.349
5 24 -4.203 4.306 -17.097 -4.013 -.094 -17.392 -6.617 4.578 -15.53 -2.053 1.605 -18.372
5 24 8.801 -7.401 -8.486 11.383 -4.107 -9.946 10.095 -4.469 -11.641 10.14 -6.472 -7.626
5 24 6.891 -6.458 -9.118 6.009 -7.95 -10.974 8.191 -3.837 -11.541 5.356 -8.393 -6.009
5 24 3.354 -10.69 26.699 3.068 -9.875 29.67 1.2 -10.305 28.626 4.513 -9.207 29.826
5 24 5.356 -8.393 -6.009 3.309 -10.075 -6.425 6.009 -7.95 -10.974 3.673 -8.72 -2.999
5 24 -13.608 4.911 -10.892 -12.519 7.299 -11.216 -12.762 7.99 -10.615 -13.208 4.853 -11.754
5 24 16.155 3.605 6.87 16.059 3.79 4.843 15.598 6.515 3.191 15.3 .578 7.309
5 24 14.525 -3.967 -6.246 12.967 -5.336 -3.952 14.43 -3.546 -4.259 12.402 -6.085 -5.364
5 24 7.58 -12.808 12.559 6.032 -12.025 10.881 6.225 -13.991 11.679 6.946 -11.358 11.566
5 24 -6.561 -11.95 14.119 -7.398 -13.254 15.701 -8.405 -12.339 15.645 -6.188 -13.722 15.7
5 24 -9.234 -11.677 21.965 -7.66 -12.692 22.183 -8.184 -13.798 18.723 -6.773 -10.626 24.743
5 24 4.035 -6.323 -12.05 1.931 -8.402 -9.634 1.517 -9.459 -6.544 3.208 -6.558 -13.018
5 24 -.228 -10.145 -7.635 .706 -9.965 -7.12 1.065 -9.155 -10.235 -.202 -10.139 -4.712
5 24 -.228 -10.145 -7.635 -1.546 -8.901 -10.441 -1.488 -9.562 -5.903 .01 -9.4 -10.994
5 24 14.418 9.199 .639 15.318 10.048 -.301 14.731 11.652 .554 15.194 7.492 -.521
5 24 12.976 -3.83 -7.438 12.402 -6.085 -5.364 10.424 -5.827 -6.419 14.525 -3.967 -6.246
5 24 -8.34 -.945 -15.104 -8.531 -4.002 -12.008 -6.303 -4.441 -14.22 -9.442 -1.097 -13.106
5 24 12.011 12.895 4.975 13.161 11.756 4.315 13.033 13.008 5.581 12.241 11.878 3.817
5 24 10.631 5.722 15.073 11.994 5.385 14.49 10.05 1.416 15.531 13.125 9.751 12.125
5 24 3.874 1.545 26.172 4.066 4.202 23.506 4.727 .329 24.03 3.244 4.541 25.331
5 24 -2.891 14.162 16.69 -2.022 14.473 17.081 -1.951 10.776 18.664 -2.515 17.176 13.794
5 24 1.2 -10.305 28.626 -.862 -12.266 28.304 .061 -9.202 28.578 1.068 -12.307 28.422
5 24 -4.072 13.993 16.759 -5.577 17.206 13.203 -3.831 17.387 13.664 -6.203 13.41 16.238
5 24 2.525 5.586 23.094 3.548 5.324 23.861 3.283 4.224 22.654 2.833 5.838 24.469
5 24 -5.733 -9.914 -4.275 -9.619 -8.068 -6.112 -7.421 -9.011 -3.34 -7.629 -9.258 -8.065
5 24 -12.011 14.224 -4.975 -11.966 11.909 -7.914 -10.939 11.016 -6.579 -12.441 14.767 -7.07
5 24 6.945 -2.995 15.571 10.05 1.416 15.531 7.495 -3.398 15.103 9.221 1.97 15.812
5 24 -9.192 4 -9.192 -9.71 9.098 -8.417 -8.712 6.809 -9.513 -10.236 9.803 -7.63
5 24 -17.827 20.397 1.207 -19.048 18.426 .757 -19.245 18.655 -1.604 -17.794 17.589 2.357
5 24 -9.192 16.005 9.192 -10.996 15.212 8.817 -10.713 14.555 6.916 -9.958 16.012 10.261
5 24 -4.182 -10.028 4.771 -2.998 -9.95 6.795 -3.508 -9.795 4.591 -3.411 -10.008 7.077
5 24 -1.316 -17.107 10.011 1.709 -16.741 9.533 1.658 -19.992 13.201 -.627 -14.124 8.612
5 24 1.134 -7.025 -13.453 1.978 -6.466 -13.056 1.065 -9.155 -10.235 1.975 -3.795 -14.913
5 24 -13.397 -.584 8.108 -13.326 -1.12 7.598 -11.581 -2.693 9.455 -15.646 1.667 4.91
5 24 -13.377 -2.623 -8.096 -12.513 -2.831 -8.388 -12.178 -4.624 -6.995 -13.298 .416 -9.368
5 24 9.887 -7.518 21.309 8.686 -7.903 17.98 10.524 -9.967 19.875 8.49 -6.704 19.89
5 24 5.238 -3.353 -14.028 7.679 -4.298 -13.524 4.035 -6.323 -12.05 7.939 -.78 -14.946
5 24 -7.594 -9.932 18.861 -9.123 -12.862 18.645 -9.234 -11.677 21.965 -8.405 -12.339 15.645
5 24 7.871 -7.422 9.571 9.967 -7.044 7.627 7.674 -7.944 9.215 9.894 -6.416 8.099
5 24 7.199 -5.45 18.53 7.856 -6.568 19.758 7.315 -4.787 19.821 7.688 -7.512 18.232
5 24 -9.331 3.406 -13.885 -7.477 4.113 -13.882 -8.712 6.809 -9.513 -6.616 -.662 -15.309
5 24 -14.036 13.018 1.857 -13 13.682 0 -12.432 10.676 2.854 -14.428 16.202 .724
5 24 -12.441 14.767 -7.07 -13.489 17.844 -4.397 -14.564 17.791 -5.738 -12.011 14.224 -4.975
5 24 1.068 -12.307 28.422 1.707 -10.831 27.426 1.392 -12.865 28.105 1.2 -10.305 28.626
5 24 -1.24 -15.778 24.607 -2.096 -15.277 24.183 .161 -15.066 27.161 -2.141 -18.259 20.912
5 24 11.376 -3.962 10.561 8.574 -4.995 12.927 12.354 -1.782 11.754 8.648 -5.772 11.852
5 24 16.103 11.931 -1.574 16.008 14.466 .889 16.55 15.065 -.438 15.501 11.663 .134
5 24 15.194 7.492 -.521 14.458 7.316 .478 15.154 5.6 -1.031 14.418 9.199 .639
5 24 -3.133 -10.205 -.419 -4.328 -9.102 .564 -4.65 -8.602 -1.684 -1.849 -10.933 3.843
5 24 -13.153 -1.765 6.658 -13.321 -3.066 6.316 -11.907 -3.943 8.608 -14.94 -1.247 2.79
5 24 -14.154 17.874 -.661 -14.428 16.202 .724 -15.618 17.9 1.337 -12.511 15.379 -2.459
5 24 1.975 -3.795 -14.913 1.134 -7.025 -13.453 1.978 -6.466 -13.056 1.185 -3.851 -15.77
5 24 3.13 -12.756 27.321 1.392 -12.865 28.105 2.968 -14.784 27.727 1.707 -10.831 27.426
5 24 13.161 11.756 4.315 15.217 8.533 4.685 13.906 10.524 1.677 13.763 9.272 6.565
5 24 -12.807 14.1 6.788 -12.706 13.995 9.595 -13.782 13.051 9.074 -12.097 15.146 8.14
5 24 -6.849 -8.23 -1.832 -11.417 -6.009 -2.372 -8.101 -8.175 -3.318 -11.221 -5.601 -1.572
5 24 -19.245 18.655 -1.604 -17.827 20.397 1.207 -19.048 18.426 .757 -17.491 21.035 -1.788
5 24 -14.036 13.018 1.857 -16.185 11.022 2.255 -14.752 10.023 3.206 -16.54 12.193 1.501
5 24 12.331 10.364 -10.162 14.676 8.326 -10.801 12.47 6.513 -11.666 14.648 13.552 -10.066
5 24 16.832 17.272 -6.221 16.617 18.596 -7.613 15.649 17.197 -9 17.404 19.11 -5.905
5 24 -17.672 10.039 -5.635 -15.889 10.987 -6.595 -15.548 6.048 -7.543 -19.068 12.664 -4.139
5 24 .706 -9.965 -7.12 .807 -9.878 -4.496 -.202 -10.139 -4.712 1.517 -9.459 -6.544
5 24 8.801 -7.401 -8.486 8.114 -8.289 -4.431 10.14 -6.472 -7.626 6.779 -8.843 -3.905
5 24 12.445 -.348 -12.091 10.095 -4.469 -11.641 11.383 -4.107 -9.946 10.376 -.79 -13.699
5 24 -13.321 -3.066 6.316 -11.542 -5.033 8.514 -13.583 -4.213 3.124 -11.907 -3.943 8.608
5 24 -6.617 4.578 -15.53 -6.616 -.662 -15.309 -4.013 -.094 -17.392 -7.477 4.113 -13.882
5 24 13.125 9.751 12.125 13.224 4.798 13.29 11.994 5.385 14.49 13.398 11.22 9.861
5 24 3.283 4.224 22.654 4.066 4.202 23.506 3.548 5.324 23.861 4.414 .26 23.171
5 24 -14.752 10.023 3.206 -15.581 8.318 5.152 -14.309 10.308 3.813 -16.228 7.808 4.733
5 24 -13.562 8.84 12.654 -13.431 11.581 11.029 -14.792 12.252 9.043 -11.674 9.904 12.995
5 24 -5.504 5.329 18.357 -3.664 5.156 18.793 -5.171 6.963 18.208 -4.033 3.316 18.762
5 24 2.188 -10.05 -3.971 -.111 -9.716 -3.219 2.501 -9.189 -2.202 .807 -9.878 -4.496
5 24 -17.416 8.628 1.296 -15.569 8.207 2.552 -15.692 6.251 1.819 -16.185 11.022 2.255
5 24 -7.132 -9.636 16.585 -6.364 -8.576 15.947 -6.385 -9.292 16.838 -6.892 -8.885 15.329
5 24 -6.328 -7.958 9.824 -9.169 -7.284 7.975 -6.926 -7.581 10.683 -8.441 -7.586 7.262
5 24 3.981 -10.527 1.014 2.261 -10.995 2.205 2.45 -10.36 -.093 3.684 -10.934 4.784
5 24 -14.564 17.791 -5.738 -14.678 19.142 -2.793 -16.292 19.675 -4.186 -13.489 17.844 -4.397
5 24 4.946 -5.95 24.595 5.44 -3.033 24.37 5.179 -6.417 23.493 4.714 -4.043 25.82
5 24 -14.036 13.018 1.857 -14.752 10.023 3.206 -16.185 11.022 2.255 -12.432 10.676 2.854
5 24 -11.074 -4.072 -11.211 -10.562 -1.19 -12.828 -12.374 -.638 -11.917 -9.845 -3.77 -11.979
5 24 17.703 18.562 -4.452 15.886 18.212 -2.572 16.517 19.864 -3.473 17.176 16.811 -3.309
5 24 -2.141 -18.259 20.912 1.511 -17.998 21.849 -1.24 -15.778 24.607 1.673 -20.437 17.677
5 24 5.995 8.582 18.12 5.774 4.865 18.411 7.224 8.365 17.615 4.278 5.707 18.766
5 24 9.996 -7.498 1.3 9.532 -8.27 1.147 10.339 -6.03 -2.432 7.702 -9.298 5.906
5 24 18.196 10.17 -3.672 16.505 7.181 -6.489 18.157 6.193 -5.971 17.396 11.134 -4.211
5 24 13.973 11.711 .797 12.868 10.225 .663 13.72 10.601 .811 13 11.52 0
5 24 5.506 -9.066 26.61 5.263 -6.541 25.814 4.629 -6.742 28.64 6.899 -10.237 24.252
5 24 -9.169 -7.284 7.975 -8.441 -7.586 7.262 -6.328 -7.958 9.824 -11.785 -6.102 2.857
5 24 13.925 6.522 8.685 13.381 4.246 12.163 13.869 10.127 8.633 13.358 2.734 11.007
5 24 10.211 6.56 15.851 7.989 3.479 17.011 9.429 7.248 16.595 8.7 2.889 16.512
5 24 -14.955 10.072 -8.698 -11.966 11.909 -7.914 -11.981 9.672 -9.022 -15.31 13.974 -7.52
5 24 8.49 -6.704 19.89 7.856 -6.568 19.758 7.816 -4.5 20.949 7.688 -7.512 18.232
5 24 -4.975 6.16 -12.011 -6.617 4.578 -15.53 -7.477 4.113 -13.882 -4.311 6.408 -12.143
5 24 -9.795 -7.081 -5.591 -11.085 -5.759 -7.992 -11.319 -5.131 -7.267 -9.619 -8.068 -6.112
5 24 1.395 -15.71 25.201 1.511 -17.998 21.849 4.517 -16.664 22.345 -1.24 -15.778 24.607
5 24 -5.809 3.058 21.356 -2.419 6.306 23.888 -3.896 2.715 24.497 -4.315 7.011 21.22
5 24 10.424 -5.827 -6.419 12.402 -6.085 -5.364 12.976 -3.83 -7.438 10.554 -7.197 -3.902
5 24 15.071 -2.513 -6.936 12.976 -3.83 -7.438 15.344 2.287 -7.735 14.525 -3.967 -6.246
5 24 -8.593 -7.398 24.854 -7.797 -5.183 23.985 -7.828 -8.556 21.669 -7.899 -3.934 26.627
5 24 -16.241 6.878 3.195 -16.228 7.808 4.733 -15.569 8.207 2.552 -15.673 3.337 6.234
5 24 13.906 10.524 1.677 14.418 9.199 .639 13.72 10.601 .811 15.598 6.515 3.191
5 24 -4.659 -9.601 -4.755 -2.886 -10.531 -5.034 -3.693 -8.919 -2.709 -4.317 -9.382 -9.796
5 24 -1.893 .966 29.255 -1.709 .611 31.494 -2.967 .324 31.087 -.043 1.081 29.354
5 24 -14.139 -2.926 2.75 -14.235 -3.08 -.18 -14.236 -1.765 -1.061 -13.583 -4.213 3.124
5 24 11.622 -3.112 -9.039 10.14 -6.472 -7.626 10.424 -5.827 -6.419 11.383 -4.107 -9.946
5 24 5.118 -9.913 5.402 3.684 -10.934 4.784 3.396 -10.91 6.398 5.929 -9.361 1.355
5 24 -16.154 2.842 -5.759 -17.371 2.991 -3.811 -17.255 8.224 -4.537 -15.597 -1.767 -3.66
5 24 10.922 -6.474 -3.047 12.444 -4.145 -2.296 12.967 -5.336 -3.952 10.339 -6.03 -2.432
5 24 12.331 10.364 -10.162 12.47 6.513 -11.666 14.676 8.326 -10.801 11.693 8.681 -10.338
5 24 -5.407 -4.086 27.234 -7.334 -3.172 25.4 -5.398 -2.797 25.643 -7.899 -3.934 26.627
5 24 -2.203 7.285 26.706 .915 7.138 24.45 .461 7.517 27.247 -2.419 6.306 23.888
5 24 14.569 -.063 6.38 14.944 -.9 5.65 10.767 -4.442 9.782 15.949 3.538 1.948
5 24 8.7 2.889 16.512 9.221 1.97 15.812 10.631 5.722 15.073 6.157 -2.862 16.228
5 24 -14.428 16.202 .724 -15.609 15.807 1.876 -14.036 13.018 1.857 -15.618 17.9 1.337
5 24 4.714 14.997 16.476 6.152 16.763 12.756 6.822 14.122 15.169 4.04 17.176 13.763
5 24 12.47 6.513 -11.666 14.649 3.9 -10.753 14.676 8.326 -10.801 12.779 3.639 -11.799
5 24 -13.431 11.581 11.029 -13.782 13.051 9.074 -14.792 12.252 9.043 -12.706 13.995 9.595
5 24 1.065 -9.155 -10.235 .253 -7.441 -13.937 1.134 -7.025 -13.453 .01 -9.4 -10.994
5 24 1.669 -3.079 28.745 1.813 -5.961 28.13 2.533 -4.116 26.383 1.019 -3.806 30.864
5 24 -17.672 10.039 -5.635 -18.281 10.801 -2.957 -19.068 12.664 -4.139 -17.255 8.224 -4.537
5 24 8.063 -3.78 14.465 11.629 -.276 13.153 8.301 -4.117 13.908 11.384 .179 14.091
5 24 16.617 18.596 -7.613 16.175 20.378 -5.316 14.484 19.394 -6.685 17.404 19.11 -5.905
5 24 .807 -9.878 -4.496 2.188 -10.05 -3.971 -.111 -9.716 -3.219 3.309 -10.075 -6.425
5 24 6.998 -16.581 17.485 5.508 -19.166 18.121 5.258 -18.948 13.188 4.517 -16.664 22.345
5 24 -13.208 4.853 -11.754 -13.608 4.911 -10.892 -13.344 .207 -10.406 -12.519 7.299 -11.216
5 24 10.524 -9.967 19.875 8.38 -11.299 20.674 9.887 -7.518 21.309 9.086 -12.846 17.755
5 24 7.996 14.362 14.854 9.032 13.91 14.079 7.224 8.365 17.615 7.307 16.786 12.321
5 24 14.652 17.069 .89 12.934 14.682 -.334 12.794 15.707 -1.034 14.491 14.384 1.398
5 24 -10.705 11.717 13.98 -8.046 16.487 11.867 -8.36 12.339 15.44 -9.958 16.012 10.261
5 24 11.383 -4.107 -9.946 10.095 -4.469 -11.641 12.445 -.348 -12.091 8.801 -7.401 -8.486
5 24 17.703 18.562 -4.452 16.517 19.864 -3.473 15.886 18.212 -2.572 16.175 20.378 -5.316
5 24 -13.153 8.198 -9.602 -11.349 9.199 -9.681 -11.981 9.672 -9.022 -12.762 7.99 -10.615
5 24 4.059 -11.789 25.534 5.506 -9.066 26.61 6.899 -10.237 24.252 3.354 -10.69 26.699
5 24 4.124 4.906 20.227 2.461 6.996 19.321 3.421 4.607 19.083 3.061 7.462 20.721
5 24 1.813 -5.961 28.13 4.629 -6.742 28.64 2.371 -5.386 26.098 4.292 -7.584 29.843
5 24 -13.489 17.844 -4.397 -14.564 17.791 -5.738 -12.441 14.767 -7.07 -14.678 19.142 -2.793
5 24 17.464 12.133 -2.321 18.39 13.788 -5.146 17.396 11.134 -4.211 18.976 14.436 -3.645
5 24 -7.321 8.643 17.356 -9.838 7.344 16.615 -6.028 4.56 18.071 -8.36 12.339 15.44
5 24 -.454 9.734 19.535 -1.951 10.776 18.664 -1.55 9.361 19.458 1.419 10.974 18.728
5 24 -2.94 -4.708 -15.722 -.009 -4.375 -16.587 -.843 -1.306 -18.21 .253 -7.441 -13.937
5 24 11.201 8.407 -11.452 9.839 5.577 -13.611 11.793 6.764 -12.989 8.106 7.062 -9.918
5 24 4.629 -6.742 28.64 2.371 -5.386 26.098 5.263 -6.541 25.814 1.813 -5.961 28.13
5 24 14.676 8.326 -10.801 15.279 8.6 -8.03 15.37 11.834 -7.207 15.428 6.144 -8.412
5 24 -10.73 -7.3 1.874 -11.022 -6.336 2.298 -11.221 -5.601 -1.572 -8.186 -8.449 6.849
5 24 -5.783 -13.042 22.783 -5.358 -14.54 23.173 -6.506 -14.311 18.564 -3.417 -12.647 26.723
5 24 -5.646 -9.895 5.452 -5.258 -9.37 .765 -6.931 -9.314 .916 -4.182 -10.028 4.771
5 24 -5.733 -9.914 -4.275 -5.344 -8.572 -1.785 -4.65 -8.602 -1.684 -7.421 -9.011 -3.34
5 24 -1.546 -8.901 -10.441 -2.134 -7.075 -13.318 .01 -9.4 -10.994 -2.891 -8.072 -9.768
5 24 -11.319 -5.131 -7.267 -12.266 -3.248 -9.069 -12.513 -2.831 -8.388 -11.085 -5.759 -7.992
5 24 -1.488 -9.562 -5.903 -.202 -10.139 -4.712 -.228 -10.145 -7.635 -.745 -9.569 -3.266
5 24 -5.599 -4.516 17.442 -3.959 1.059 18.199 -7.174 -2.201 22.311 -4.615 -3.324 16.8
5 24 -15.618 17.9 1.337 -16.003 19.598 .148 -16.644 17.864 2.452 -14.154 17.874 -.661
5 24 9.343 -14.802 17.463 9.086 -12.846 17.755 8.446 -13.167 21.366 8.581 -12.533 14.788
5 24 -15.525 11.137 8.281 -14.602 6.407 10.14 -15.223 10.301 7.115 -14.697 7.195 11.474
5 24 -12.513 -2.831 -8.388 -13.344 .207 -10.406 -13.298 .416 -9.368 -12.266 -3.248 -9.069
5 24 -16.228 7.808 4.733 -15.673 3.337 6.234 -16.241 6.878 3.195 -15.327 2.882 8.473
5 24 -4.779 -10.966 12.742 -6.561 -11.95 14.119 -7.074 -10.185 13.434 -5.492 -12.553 14.042
5 24 -14.602 6.407 10.14 -14.697 7.195 11.474 -15.525 11.137 8.281 -13.114 3.156 12.265
5 24 -16.091 2.124 1.839 -14.661 .056 2.989 -15.242 1.801 .328 -15.496 .739 3.911
5 24 -5.504 5.329 18.357 -5.171 6.963 18.208 -3.664 5.156 18.793 -7.321 8.643 17.356
5 24 -6.028 4.56 18.071 -4.033 3.316 18.762 -3.959 1.059 18.199 -5.504 5.329 18.357
5 24 7.223 3.114 -14.455 5.871 -.62 -15.173 7.939 -.78 -14.946 5.872 3.024 -14.363
5 24 8.38 -11.299 20.674 6.899 -10.237 24.252 6.909 -8.623 22.505 8.446 -13.167 21.366
5 24 6.902 -2.478 20.733 7.367 -4.558 20.719 6.843 -2.579 21.601 7.315 -4.787 19.821
5 24 -2.673 7.632 19.082 -4.315 7.011 21.22 -3.232 6.723 19.067 -2.554 10.087 22.089
5 24 15.886 18.212 -2.572 15.794 17.974 -.717 16.318 17.122 -.639 14.99 18.438 -.575
5 24 -8.36 12.339 15.44 -6.993 12.623 15.604 -7.321 8.643 17.356 -6.773 16.581 12.438
5 24 -14.602 6.407 10.14 -15.777 9.368 6.397 -15.223 10.301 7.115 -15.417 4.949 9.598
5 24 -2.886 -10.531 -5.034 -3.693 -8.919 -2.709 -1.988 -9.565 -2.375 -4.659 -9.601 -4.755
5 24 .982 -.457 -16.854 1.669 .948 -14.949 1.831 -.635 -15.79 -.339 2.243 -17.161
5 24 -12.513 -2.831 -8.388 -12.266 -3.248 -9.069 -11.319 -5.131 -7.267 -13.344 .207 -10.406
5 24 9.887 -7.518 21.309 6.909 -8.623 22.505 8.38 -11.299 20.674 8.62 -4.759 22.1
5 24 6.996 -16.106 13.979 5.258 -18.948 13.188 4.396 -16.189 9.767 6.998 -16.581 17.485
5 24 15.428 6.144 -8.412 16.505 7.181 -6.489 15.779 7.162 -7.68 15.344 2.287 -7.735
5 24 12.633 13.969 -9.508 14.648 13.552 -10.066 15.649 17.197 -9 12.331 10.364 -10.162
5 24 12.633 13.969 -9.508 11.017 16.985 -6.461 10.225 14.056 -7.647 13.496 17.552 -8.186
5 24 -17.943 17.665 -3.54 -16.994 15.129 -4.536 -16.724 16.375 -5.106 -17.841 16.058 -1.244
5 24 -12.441 14.767 -7.07 -15.31 13.974 -7.52 -11.966 11.909 -7.914 -14.564 17.791 -5.738
5 24 -4.659 -9.601 -4.755 -4.317 -9.382 -9.796 -6.382 -8.695 -8.333 -2.886 -10.531 -5.034
5 24 10.554 -7.197 -3.902 10.339 -6.03 -2.432 8.703 -7.224 -3.105 10.922 -6.474 -3.047
5 24 -14.154 17.874 -.661 -15.618 17.9 1.337 -14.428 16.202 .724 -16.003 19.598 .148
5 24 -1.488 -9.562 -5.903 -1.546 -8.901 -10.441 -2.891 -8.072 -9.768 -.228 -10.145 -7.635
5 24 12.505 3.065 -13.081 12.779 3.639 -11.799 12.407 .18 -10.724 11.793 6.764 -12.989
5 24 1.185 -3.851 -15.77 -.009 -4.375 -16.587 1.134 -7.025 -13.453 -.843 -1.306 -18.21
5 24 -5.258 -9.37 .765 -3.508 -9.795 4.591 -4.328 -9.102 .564 -4.182 -10.028 4.771
5 24 -17.943 17.665 -3.54 -17.841 16.058 -1.244 -19.245 18.655 -1.604 -16.994 15.129 -4.536
5 24 7.495 -3.398 15.103 11.384 .179 14.091 8.063 -3.78 14.465 10.05 1.416 15.531
5 24 -2.419 6.306 23.888 -2.554 10.087 22.089 -4.315 7.011 21.22 -.362 10.276 23.3
5 24 -3.587 3.213 28.048 -.013 3.904 28.967 -1.893 .966 29.255 -2.165 6.692 29.148
5 24 3.061 7.462 20.721 2.461 6.996 19.321 .992 9.002 19.454 4.124 4.906 20.227
5 24 1.658 -19.992 13.201 1.673 -20.437 17.677 5.258 -18.948 13.188 -2.115 -20.181 17.056
5 24 14.656 18.879 -2.381 14.99 18.438 -.575 15.886 18.212 -2.572 13.323 18.253 -1.767
5 24 16.138 -.207 -3.722 14.016 -.803 -1.694 14.885 .915 -1.772 13.544 -2.252 -2.102
5 24 13.544 -2.252 -2.102 14.43 -3.546 -4.259 16.138 -.207 -3.722 12.444 -4.145 -2.296
5 24 8.703 -7.224 -3.105 6.779 -8.843 -3.905 6.051 -8.274 -2.345 8.114 -8.289 -4.431
5 24 -5.577 17.206 13.203 -4.975 17.17 12.011 -6.122 16.901 11.244 -3.831 17.387 13.664
5 24 16.517 19.864 -3.473 15.886 18.212 -2.572 17.703 18.562 -4.452 15.019 19.835 -2.999
5 24 13 4 0 13 11.52 0 12.011 4 -4.975 12.868 10.225 .663
5 24 .253 -7.441 -13.937 1.134 -7.025 -13.453 1.065 -9.155 -10.235 -.009 -4.375 -16.587
5 24 5.91 1.123 20.82 4.466 1.724 18.572 4.124 4.906 20.227 4.699 -.828 17.285
5 24 2.833 5.838 24.469 3.244 4.541 25.331 2.249 5.597 25.517 3.548 5.324 23.861
5 24 -9.388 .937 16.338 -10.011 .028 15.439 -13.003 3.793 13.615 -6.594 -3.809 15.073
5 24 .321 -7.95 29.13 -2.316 -6.63 29.312 .061 -9.202 28.578 1.236 -6.68 29.49
5 24 4.975 16.681 12.011 6.152 16.763 12.756 4.04 17.176 13.763 6.595 16.548 10.928
5 24 13.125 9.751 12.125 10.631 5.722 15.073 11.681 11.794 11.297 11.994 5.385 14.49
5 24 -3.896 2.715 24.497 -5.809 3.058 21.356 -4.896 -.497 25.472 -2.419 6.306 23.888
5 24 12.505 3.065 -13.081 12.407 .18 -10.724 12.779 3.639 -11.799 12.445 -.348 -12.091
5 24 -3.831 17.387 13.664 -3.213 17.472 12.361 -4.975 17.17 12.011 -2.515 17.176 13.794
5 24 -13.815 1.791 11.778 -15.327 2.882 8.473 -13.828 -.216 9.183 -15.417 4.949 9.598
5 24 -13 13.682 0 -14.428 16.202 .724 -12.511 15.379 -2.459 -14.036 13.018 1.857
5 24 -17.255 8.224 -4.537 -18.401 7.458 -2.907 -18.863 9.323 -2.014 -17.371 2.991 -3.811
5 24 -14.335 .371 -8.904 -13.546 4.892 -9.771 -14.815 4.915 -9.161 -13.298 .416 -9.368
5 24 2.45 -10.36 -.093 3.981 -10.527 1.014 3.673 -8.72 -2.999 2.261 -10.995 2.205
5 24 5.5 -2.196 23.575 8.16 -3.095 22.949 5.453 -1.936 23.212 5.44 -3.033 24.37
5 24 .461 7.517 27.247 -2.165 6.692 29.148 -2.203 7.285 26.706 .07 6.829 29.365
5 24 -9.442 -1.097 -13.106 -8.34 -.945 -15.104 -8.531 -4.002 -12.008 -9.331 3.406 -13.885
5 24 1.395 -15.71 25.201 3.738 -14.763 25.578 1.808 -15.094 27.994 4.517 -16.664 22.345
5 24 -15.548 6.048 -7.543 -16.154 2.842 -5.759 -14.815 4.915 -9.161 -16.253 5.803 -6.636
5 24 14.731 11.652 .554 14.418 9.199 .639 15.318 10.048 -.301 13.72 10.601 .811
5 24 4.333 -1.497 26.611 2.533 -4.116 26.383 1.904 -1.503 26.987 4.714 -4.043 25.82
5 24 7.307 16.786 12.321 9.032 13.91 14.079 7.996 14.362 14.854 8.502 16.232 11.046
5 24 7.996 14.362 14.854 6.152 16.763 12.756 7.307 16.786 12.321 6.822 14.122 15.169
5 24 16.175 20.378 -5.316 16.517 19.864 -3.473 17.703 18.562 -4.452 14.56 20.178 -4.294
5 24 -14.661 .056 2.989 -14.94 -1.247 2.79 -13.153 -1.765 6.658 -15.132 .3 -.221
5 24 -13.562 8.84 12.654 -14.697 7.195 11.474 -11.95 5.236 14.986 -15.525 11.137 8.281
5 24 10.225 14.056 -7.647 12.633 13.969 -9.508 12.331 10.364 -10.162 11.017 16.985 -6.461
5 24 -11.538 13.484 10.483 -12.706 13.995 9.595 -13.431 11.581 11.029 -10.996 15.212 8.817
5 24 -15.31 13.974 -7.52 -14.564 17.791 -5.738 -16.724 16.375 -5.106 -12.441 14.767 -7.07
5 24 -19.048 18.426 .757 -17.841 16.058 -1.244 -19.245 18.655 -1.604 -17.104 15.573 1.628
5 24 15.794 17.974 -.717 15.42 17.191 .561 14.99 18.438 -.575 16.318 17.122 -.639
5 24 15.159 4.498 2.772 15.949 3.538 1.948 15.154 5.6 -1.031 14.569 -.063 6.38
5 24 8.62 -4.759 22.1 8.49 -6.704 19.89 7.816 -4.5 20.949 9.887 -7.518 21.309
5 24 1.467 6.437 24.269 1.321 10.068 23.429 .915 7.138 24.45 2.333 9.688 21.91
5 24 6.237 -9.4 7.826 8.04 -8.596 6.48 7.702 -9.298 5.906 6.726 -8.909 8.232
5 24 7.702 -9.298 5.906 6.399 -9.857 5.598 6.237 -9.4 7.826 7.77 -9.395 1.138
5 24 17.867 8.979 -1.811 18.196 10.17 -3.672 18.508 6.328 -3.976 17.565 10.728 -1.898
5 24 18.196 10.17 -3.672 18.508 6.328 -3.976 17.867 8.979 -1.811 18.157 6.193 -5.971
5 24 15.3 .578 7.309 14.569 -.063 6.38 16.059 3.79 4.843 11.376 -3.962 10.561
5 24 -1.849 -10.933 3.843 .731 -11.097 6.23 1.044 -11.211 3.86 -1.429 -10.657 6.328
5 24 8.106 7.062 -9.918 11.201 8.407 -11.452 9.839 5.577 -13.611 9.192 8.968 -9.192
5 24 -12.011 12.17 4.975 -14.392 11.46 4.688 -13.937 12.105 5.7 -12.432 10.676 2.854
5 24 -11.279 4.734 -12.279 -13.208 4.853 -11.754 -10.562 -1.19 -12.828 -12.519 7.299 -11.216
5 24 1.166 -9.961 29.582 .321 -7.95 29.13 .061 -9.202 28.578 1.236 -6.68 29.49
5 24 -4.457 -9.891 8.077 -8.186 -8.449 6.849 -5.973 -8.707 9.489 -5.646 -9.895 5.452
5 24 6.824 4.253 17.594 4.466 1.724 18.572 5.774 4.865 18.411 4.699 -.828 17.285
5 24 13.72 10.601 .811 14.731 11.652 .554 14.418 9.199 .639 13.973 11.711 .797
5 24 -12.519 7.299 -11.216 -13.208 4.853 -11.754 -13.608 4.911 -10.892 -11.279 4.734 -12.279
5 24 11.374 12.747 12.366 11.681 11.794 11.297 10.211 6.56 15.851 11.253 14.441 8.205
5 24 -.339 2.243 -17.161 -2.053 1.605 -18.372 -4.203 4.306 -17.097 .982 -.457 -16.854
5 24 -6.303 -4.441 -14.22 -6.616 -.662 -15.309 -8.34 -.945 -15.104 -5.075 -4.084 -14.336
5 24 4.059 -11.789 25.534 3.738 -14.763 25.578 5.782 -14.738 21.683 3.13 -12.756 27.321
5 24 -17.943 17.665 -3.54 -17.491 21.035 -1.788 -19.245 18.655 -1.604 -16.292 19.675 -4.186
5 24 -4.311 6.408 -12.143 -4.203 4.306 -17.097 -6.617 4.578 -15.53 -2.622 4.727 -16.384
5 24 2.249 5.597 25.517 1.467 6.437 24.269 2.833 5.838 24.469 1.487 5.474 25.816
5 24 -1.89 -19.821 13.338 -3.125 -18.925 16.899 -2.115 -20.181 17.056 -3.025 -18.067 13.79
5 24 5.782 -14.738 21.683 4.517 -16.664 22.345 3.738 -14.763 25.578 6.998 -16.581 17.485
5 24 .982 -.457 -16.854 1.831 -.635 -15.79 1.669 .948 -14.949 1.185 -3.851 -15.77
5 24 1.068 -12.307 28.422 -.707 -12.839 27.842 -.862 -12.266 28.304 1.392 -12.865 28.105
5 24 7.58 -12.808 12.559 8.581 -12.533 14.788 8.712 -14.226 14.353 7.548 -10.55 12.685
5 24 10.317 13.637 13.446 8.502 16.232 11.046 9.751 16.086 10.348 9.032 13.91 14.079
5 24 15.42 17.191 .561 16.318 17.122 -.639 15.794 17.974 -.717 16.008 14.466 .889
5 24 -5.809 3.058 21.356 -4.896 -.497 25.472 -7.174 -2.201 22.311 -3.896 2.715 24.497
5 24 6.902 -2.478 20.733 6.843 -2.579 21.601 7.367 -4.558 20.719 5.453 -1.936 23.212
5 24 15.779 7.162 -7.68 16.505 7.181 -6.489 15.428 6.144 -8.412 17.396 11.134 -4.211
5 24 2.261 -10.995 2.205 3.684 -10.934 4.784 3.981 -10.527 1.014 1.044 -11.211 3.86
5 24 4.699 -.828 17.285 5.91 1.123 20.82 6.902 -2.478 20.733 4.466 1.724 18.572
5 24 -2.966 -12.175 27.829 -.707 -12.839 27.842 -3.417 -12.647 26.723 -.862 -12.266 28.304
5 24 -3.025 -18.067 13.79 -1.89 -19.821 13.338 -3.125 -18.925 16.899 -1.316 -17.107 10.011
5 24 4.396 -16.189 9.767 6.225 -13.991 11.679 6.996 -16.106 13.979 3.92 -13.85 8.545
5 24 -13.208 4.853 -11.754 -10.562 -1.19 -12.828 -12.374 -.638 -11.917 -11.279 4.734 -12.279
5 24 -6.506 -14.311 18.564 -5.358 -14.54 23.173 -5.783 -13.042 22.783 -6.546 -16.324 18.762
5 24 -18.863 9.323 -2.014 -17.078 8.053 -.982 -18.401 7.458 -2.907 -17.274 11.258 .12
5 24 -13.546 4.892 -9.771 -12.762 7.99 -10.615 -13.153 8.198 -9.602 -13.608 4.911 -10.892
5 24 4.837 3.063 -15.771 2.441 4 -12.515 4.254 5.687 -12.154 1.56 3.202 -12.59
5 24 1.831 -.635 -15.79 3.98 -3.62 -15.41 4.553 -.413 -16.793 1.975 -3.795 -14.913
5 24 -1.951 10.776 18.664 -2.891 14.162 16.69 -2.022 14.473 17.081 -2.865 10.217 18.376
5 24 -15.132 .3 -.221 -16.74 2.32 -1.021 -14.749 -1.45 -1.654 -15.242 1.801 .328
5 24 -8.712 6.809 -9.513 -10.941 7.572 -10.777 -9.71 9.098 -8.417 -10.056 4.414 -12.042
5 24 7.77 -9.395 1.138 5.929 -9.361 1.355 6.399 -9.857 5.598 6.051 -8.274 -2.345
5 24 17.16 6.891 -1.552 18.508 6.328 -3.976 17.064 4.738 -2.249 17.867 8.979 -1.811
5 24 14.769 -1.891 2.518 14.016 -.803 -1.694 13.651 -3.041 2.257 14.885 .915 -1.772
5 24 13.925 6.522 8.685 15.526 5.604 7.616 13.763 9.272 6.565 13.358 2.734 11.007
5 24 -4.317 -9.382 -9.796 -7.603 -6.226 -10.561 -5.454 -6.747 -12.631 -6.382 -8.695 -8.333
5 24 -5.809 3.058 21.356 -4.033 3.316 18.762 -3.664 5.156 18.793 -3.959 1.059 18.199
5 24 -7.594 -9.932 18.861 -6.629 -9.47 18.857 -7.132 -9.636 16.585 -6.883 -8.344 21.339
5 24 6.225 -13.991 11.679 3.92 -13.85 8.545 4.396 -16.189 9.767 6.032 -12.025 10.881
5 24 -1.316 -17.107 10.011 1.658 -19.992 13.201 1.709 -16.741 9.533 -1.89 -19.821 13.338
5 24 -10.216 -.567 14.277 -13.815 1.791 11.778 -13.114 3.156 12.265 -10.681 -1.211 13.731
5 24 13.496 17.552 -8.186 14.484 19.394 -6.685 11.017 16.985 -6.461 16.617 18.596 -7.613
5 24 -13.608 4.911 -10.892 -13.546 4.892 -9.771 -12.762 7.99 -10.615 -13.344 .207 -10.406
5 24 15.649 17.197 -9 13.496 17.552 -8.186 16.617 18.596 -7.613 12.633 13.969 -9.508
5 24 -9.288 -6.612 -10.278 -8.531 -4.002 -12.008 -9.845 -3.77 -11.979 -7.603 -6.226 -10.561
5 24 1.709 -16.741 9.533 1.658 -19.992 13.201 -1.316 -17.107 10.011 5.258 -18.948 13.188
5 24 -.013 3.904 28.967 -1.893 .966 29.255 -.043 1.081 29.354 -3.587 3.213 28.048
5 24 14.484 19.394 -6.685 14.56 20.178 -4.294 16.175 20.378 -5.316 12.011 18.188 -4.975
5 24 -5.003 -11.915 11.488 -2.536 -15.667 11.119 -2.062 -13.457 9.657 -5.58 -13.888 12.977
5 24 -3.213 17.472 12.361 -2.515 17.176 13.794 -3.831 17.387 13.664 -2.229 17.261 12.557
5 24 9.086 -12.846 17.755 10.524 -9.967 19.875 8.38 -11.299 20.674 10.532 -11.246 17.617
5 24 12.027 -6.232 1.464 9.996 -7.498 1.3 10.339 -6.03 -2.432 9.817 -7.871 6.759
5 24 13.869 10.127 8.633 13.224 4.798 13.29 13.398 11.22 9.861 13.381 4.246 12.163
5 24 -11.417 -6.009 -2.372 -11.221 -5.601 -1.572 -12.35 -4.233 -1.485 -6.849 -8.23 -1.832
5 24 .253 -7.441 -13.937 -2.94 -4.708 -15.722 -.009 -4.375 -16.587 -2.134 -7.075 -13.318
5 24 -15.417 4.949 9.598 -15.327 2.882 8.473 -15.581 8.318 5.152 -13.815 1.791 11.778
5 24 4.47 10.5 18.423 5.995 8.582 18.12 2.461 6.996 19.321 6.822 14.122 15.169
5 24 -13.153 8.198 -9.602 -12.762 7.99 -10.615 -13.546 4.892 -9.771 -11.349 9.199 -9.681
5 24 10.767 -4.442 9.782 14.944 -.9 5.65 10.837 -5.051 9.41 14.569 -.063 6.38
5 24 -10.713 14.555 6.916 -13.27 13.284 6.33 -12.011 12.17 4.975 -12.807 14.1 6.788
5 24 -10.681 -1.211 13.731 -10.216 -.567 14.277 -13.815 1.791 11.778 -6.594 -3.809 15.073
5 24 16.417 15.189 -5.79 16.832 17.272 -6.221 17.176 16.811 -3.309 15.649 17.197 -9
5 24 6.822 14.122 15.169 7.996 14.362 14.854 7.224 8.365 17.615 6.152 16.763 12.756
5 24 1.268 17.202 12.748 1.406 17.208 13.951 0 17.276 13 3.531 16.99 12.298
5 24 3.354 -10.69 26.699 5.506 -9.066 26.61 4.513 -9.207 29.826 4.059 -11.789 25.534
5 24 -7.828 -8.556 21.669 -8.593 -7.398 24.854 -7.797 -5.183 23.985 -9.234 -11.677 21.965
5 24 -10.056 4.414 -12.042 -11.279 4.734 -12.279 -10.941 7.572 -10.777 -9.442 -1.097 -13.106
5 24 17.064 4.738 -2.249 14.885 .915 -1.772 16.138 -.207 -3.722 15.154 5.6 -1.031
5 24 -2.165 6.692 29.148 -.013 3.904 28.967 -3.587 3.213 28.048 .07 6.829 29.365
5 24 1.975 -3.795 -14.913 3.208 -6.558 -13.018 3.98 -3.62 -15.41 1.978 -6.466 -13.056
5 24 -3.417 -12.647 26.723 -2.096 -15.277 24.183 -.707 -12.839 27.842 -5.358 -14.54 23.173
5 24 -11.95 5.236 14.986 -14.697 7.195 11.474 -13.562 8.84 12.654 -13.003 3.793 13.615
5 24 2.533 -4.116 26.383 1.669 -3.079 28.745 1.904 -1.503 26.987 1.813 -5.961 28.13
5 24 -6.203 13.41 16.238 -4.072 13.993 16.759 -5.577 17.206 13.203 -3.873 9.822 18.386
5 24 9.829 10.097 -8.24 12.331 10.364 -10.162 10.225 14.056 -7.647 11.693 8.681 -10.338
5 24 1.487 5.474 25.816 .915 7.138 24.45 .461 7.517 27.247 1.467 6.437 24.269
5 24 -9.958 16.012 10.261 -9.192 16.005 9.192 -10.996 15.212 8.817 -7.089 16.706 10.598
5 24 8.16 -3.095 22.949 7.816 -4.5 20.949 8.62 -4.759 22.1 7.225 -2.713 21.978
5 24 15.302 14.512 1.286 16.008 14.466 .889 15.42 17.191 .561 15.501 11.663 .134
5 24 -15.597 -1.767 -3.66 -16.365 2.867 -2.148 -14.705 -1.464 -2.171 -17.371 2.991 -3.811
5 24 9.887 -7.518 21.309 8.38 -11.299 20.674 6.909 -8.623 22.505 10.524 -9.967 19.875
5 24 -7.132 -9.636 16.585 -7.074 -10.185 13.434 -8.405 -12.339 15.645 -6.892 -8.885 15.329
5 24 -10.713 14.555 6.916 -12.807 14.1 6.788 -12.097 15.146 8.14 -13.27 13.284 6.33
5 24 -.362 10.276 23.3 -.454 9.734 19.535 -2.554 10.087 22.089 2.333 9.688 21.91
5 24 4.414 .26 23.171 6.902 -2.478 20.733 5.91 1.123 20.82 5.453 -1.936 23.212
5 24 -14.564 17.791 -5.738 -16.724 16.375 -5.106 -15.31 13.974 -7.52 -16.292 19.675 -4.186
5 24 15.159 4.498 2.772 15.598 6.515 3.191 16.059 3.79 4.843 14.458 7.316 .478
5 24 11.622 -3.112 -9.039 12.976 -3.83 -7.438 10.424 -5.827 -6.419 14.198 .206 -9.731
5 24 -17.794 17.589 2.357 -17.827 20.397 1.207 -19.048 18.426 .757 -16.644 17.864 2.452
5 24 1.808 -15.094 27.994 3.738 -14.763 25.578 1.395 -15.71 25.201 2.968 -14.784 27.727
5 24 -12.097 15.146 8.14 -10.713 14.555 6.916 -10.996 15.212 8.817 -12.807 14.1 6.788
5 24 -6.028 4.56 18.071 -9.838 7.344 16.615 -7.321 8.643 17.356 -7.716 3.035 17.563
5 24 -6.203 13.41 16.238 -6.993 12.623 15.604 -6.408 9.026 17.631 -6.773 16.581 12.438
5 24 -9.331 3.406 -13.885 -9.442 -1.097 -13.106 -8.34 -.945 -15.104 -10.056 4.414 -12.042
5 24 -16.644 17.864 2.452 -17.104 15.573 1.628 -17.794 17.589 2.357 -15.609 15.807 1.876
5 24 -15.291 2.644 5.404 -16.241 6.878 3.195 -15.673 3.337 6.234 -15.692 6.251 1.819
5 24 -4.013 -.094 -17.392 -6.617 4.578 -15.53 -4.203 4.306 -17.097 -6.616 -.662 -15.309
5 24 -2.891 -8.072 -9.768 -2.134 -7.075 -13.318 -4.127 -6.082 -12.618 -1.546 -8.901 -10.441
5 24 -17.104 15.573 1.628 -14.036 13.018 1.857 -16.54 12.193 1.501 -15.609 15.807 1.876
5 24 5.774 4.865 18.411 6.824 4.253 17.594 8.165 7.612 17.256 4.466 1.724 18.572
5 24 16.318 17.122 -.639 15.886 18.212 -2.572 17.176 16.811 -3.309 15.794 17.974 -.717
5 24 17.396 11.134 -4.211 17.565 10.728 -1.898 17.464 12.133 -2.321 18.196 10.17 -3.672
5 24 14.99 18.438 -.575 15.886 18.212 -2.572 15.794 17.974 -.717 14.656 18.879 -2.381
5 24 15.37 11.834 -7.207 14.648 13.552 -10.066 16.417 15.189 -5.79 14.676 8.326 -10.801
5 24 -12.511 15.379 -2.459 -14.154 17.874 -.661 -14.428 16.202 .724 -13.489 17.844 -4.397
5 24 15.598 6.515 3.191 14.458 7.316 .478 14.418 9.199 .639 15.159 4.498 2.772
5 24 5.02 -2.469 16.83 8.7 2.889 16.512 6.157 -2.862 16.228 7.989 3.479 17.011
5 24 14.676 8.326 -10.801 15.428 6.144 -8.412 14.649 3.9 -10.753 15.279 8.6 -8.03
5 24 -11.279 4.734 -12.279 -12.519 7.299 -11.216 -13.208 4.853 -11.754 -10.941 7.572 -10.777
5 24 -6.203 13.41 16.238 -3.873 9.822 18.386 -5.467 9.078 18.169 -4.072 13.993 16.759
5 24 -1.587 17.391 14.007 0 17.276 13 -2.229 17.261 12.557 1.406 17.208 13.951
5 24 -9.958 16.012 10.261 -7.089 16.706 10.598 -8.046 16.487 11.867 -9.192 16.005 9.192
5 24 -2.865 10.217 18.376 -3.873 9.822 18.386 -2.673 7.632 19.082 -4.072 13.993 16.759
5 24 -3.125 -18.925 16.899 -2.141 -18.259 20.912 -2.969 -17.594 20.557 -2.115 -20.181 17.056
5 24 5.774 4.865 18.411 4.278 5.707 18.766 5.995 8.582 18.12 3.421 4.607 19.083
5 24 6.399 -9.857 5.598 6.237 -9.4 7.826 7.702 -9.298 5.906 5.593 -9.807 7.222
5 24 15.598 6.515 3.191 13.906 10.524 1.677 15.217 8.533 4.685 14.418 9.199 .639
5 24 9.894 -6.416 8.099 13.493 -4.334 1.965 9.967 -7.044 7.627 13.651 -3.041 2.257
5 24 -6.883 -8.344 21.339 -7.495 -6.194 20.96 -6.916 -4.93 23.588 -7.324 -7.485 18.82
5 24 -1.951 10.776 18.664 1.419 10.974 18.728 -.454 9.734 19.535 -2.022 14.473 17.081
5 24 -7.324 -7.485 18.82 -6.883 -8.344 21.339 -6.629 -9.47 18.857 -7.495 -6.194 20.96
5 24 -1.893 .966 29.255 -3.587 3.213 28.048 -.013 3.904 28.967 -3.433 .123 29.008
5 24 3.673 -8.72 -2.999 2.45 -10.36 -.093 3.981 -10.527 1.014 2.501 -9.189 -2.202
5 24 -16.253 5.803 -6.636 -15.548 6.048 -7.543 -17.672 10.039 -5.635 -16.154 2.842 -5.759
5 24 -7.334 -3.172 25.4 -6.916 -4.93 23.588 -7.797 -5.183 23.985 -5.398 -2.797 25.643
5 24 -1.316 -17.107 10.011 -3.025 -18.067 13.79 -2.536 -15.667 11.119 -1.89 -19.821 13.338
5 24 12.533 18.275 -2.349 14.656 18.879 -2.381 13.323 18.253 -1.767 15.019 19.835 -2.999
5 24 4.517 -16.664 22.345 6.998 -16.581 17.485 5.508 -19.166 18.121 5.782 -14.738 21.683
5 24 -17.255 8.224 -4.537 -18.863 9.323 -2.014 -18.401 7.458 -2.907 -18.281 10.801 -2.957
5 24 10.532 -11.246 17.617 9.086 -12.846 17.755 8.581 -12.533 14.788 10.524 -9.967 19.875
5 24 6.909 -8.623 22.505 6.899 -10.237 24.252 5.263 -6.541 25.814 8.38 -11.299 20.674
5 24 -9.845 -3.77 -11.979 -11.074 -4.072 -11.211 -9.288 -6.612 -10.278 -10.562 -1.19 -12.828
5 24 -3.197 -2.989 29.76 -2.316 -6.63 29.312 -2.066 -3.539 30.885 -3.138 -7.657 28.572
5 24 13.381 4.246 12.163 13.358 2.734 11.007 13.925 6.522 8.685 11.629 -.276 13.153
5 24 -2.94 -4.708 -15.722 -4.013 -.094 -17.392 -5.075 -4.084 -14.336 -.843 -1.306 -18.21
5 24 -14.661 .056 2.989 -15.496 .739 3.911 -13.701 -1.071 6.622 -16.091 2.124 1.839
5 24 -13.397 -.584 8.108 -15.673 3.337 6.234 -13.828 -.216 9.183 -15.291 2.644 5.404
5 24 4.714 14.997 16.476 6.822 14.122 15.169 4.47 10.5 18.423 6.152 16.763 12.756
5 24 .992 9.002 19.454 4.47 10.5 18.423 2.461 6.996 19.321 1.419 10.974 18.728
5 24 10.554 -7.197 -3.902 10.424 -5.827 -6.419 8.703 -7.224 -3.105 12.402 -6.085 -5.364
5 24 -4.879 -.528 28.174 -5.398 -2.797 25.643 -4.896 -.497 25.472 -5.407 -4.086 27.234
5 24 15.158 .715 9.182 15.3 .578 7.309 16.155 3.605 6.87 11.376 -3.962 10.561
5 24 2.525 5.586 23.094 3.061 7.462 20.721 1.467 6.437 24.269 4.124 4.906 20.227
5 24 3.283 4.224 22.654 3.548 5.324 23.861 4.066 4.202 23.506 2.525 5.586 23.094
5 24 -1.709 .611 31.494 .312 -.632 33.155 .433 .696 31.399 -1.959 -.625 33.054
5 24 -2.969 -17.594 20.557 -5.358 -14.54 23.173 -6.546 -16.324 18.762 -2.096 -15.277 24.183
5 24 -.013 3.904 28.967 1.544 4.09 25.759 1.487 5.474 25.816 1.533 1.806 26.489
5 24 -10.681 -1.211 13.731 -12.036 -2.342 10.706 -9.917 -3.774 12.287 -13.815 1.791 11.778
5 24 18.9 14.066 -1.734 16.103 11.931 -1.574 16.55 15.065 -.438 17.464 12.133 -2.321
5 24 -14.428 16.202 .724 -15.618 17.9 1.337 -15.609 15.807 1.876 -14.154 17.874 -.661
5 24 -2.865 10.217 18.376 -4.072 13.993 16.759 -2.891 14.162 16.69 -3.873 9.822 18.386
5 24 3.531 16.99 12.298 4.04 17.176 13.763 4.975 16.681 12.011 1.406 17.208 13.951
5 24 14.769 -1.891 2.518 15.949 3.538 1.948 14.944 -.9 5.65 14.885 .915 -1.772
5 24 -7.629 -9.258 -8.065 -6.382 -8.695 -8.333 -5.733 -9.914 -4.275 -7.603 -6.226 -10.561
5 24 5.508 -19.166 18.121 1.511 -17.998 21.849 4.517 -16.664 22.345 1.673 -20.437 17.677
5 24 -13.153 -1.765 6.658 -14.94 -1.247 2.79 -14.661 .056 2.989 -13.321 -3.066 6.316
5 24 8.801 -7.401 -8.486 10.14 -6.472 -7.626 8.114 -8.289 -4.431 11.383 -4.107 -9.946
5 24 11.643 -.839 12.407 14.588 1.441 10.295 12.354 -1.782 11.754 13.358 2.734 11.007
5 24 5.872 3.024 -14.363 5.927 5.03 -11.375 4.975 5.171 -12.011 7.223 3.114 -14.455
5 24 16.832 17.272 -6.221 17.176 16.811 -3.309 17.703 18.562 -4.452 16.417 15.189 -5.79
5 24 13.496 17.552 -8.186 11.017 16.985 -6.461 14.484 19.394 -6.685 12.633 13.969 -9.508
5 24 8.446 -13.167 21.366 5.782 -14.738 21.683 6.899 -10.237 24.252 6.998 -16.581 17.485
5 24 13.493 -4.334 1.965 12.027 -6.232 1.464 9.967 -7.044 7.627 12.444 -4.145 -2.296
5 24 -2.891 14.162 16.69 -4.072 13.993 16.759 -2.865 10.217 18.376 -3.831 17.387 13.664
5 24 -14.678 19.142 -2.793 -14.154 17.874 -.661 -15.87 20.223 -1.462 -13.489 17.844 -4.397
5 24 -15.223 10.301 7.115 -14.443 12.528 6.606 -15.525 11.137 8.281 -13.937 12.105 5.7
5 24 7.367 -4.558 20.719 7.225 -2.713 21.978 6.843 -2.579 21.601 7.816 -4.5 20.949
5 24 -15.609 15.807 1.876 -17.104 15.573 1.628 -16.644 17.864 2.452 -14.036 13.018 1.857
5 24 8.04 -8.596 6.48 9.817 -7.871 6.759 7.225 -8.435 8.72 9.996 -7.498 1.3
5 24 3.283 4.224 22.654 5.91 1.123 20.82 4.414 .26 23.171 4.124 4.906 20.227
5 24 13.869 10.127 8.633 13.925 6.522 8.685 13.381 4.246 12.163 13.763 9.272 6.565
5 24 13.763 9.272 6.565 13.869 10.127 8.633 13.925 6.522 8.685 13.033 13.008 5.581
5 24 -3.025 -18.067 13.79 -6.354 -15.691 15.492 -3.125 -18.925 16.899 -5.58 -13.888 12.977
5 24 -12.807 14.1 6.788 -13.782 13.051 9.074 -12.706 13.995 9.595 -14.036 13.551 7.514
5 24 -.927 -10.493 -.982 -1.988 -9.565 -2.375 -3.133 -10.205 -.419 -.745 -9.569 -3.266
5 24 16.417 15.189 -5.79 17.014 11.253 -6.473 18.39 13.788 -5.146 15.37 11.834 -7.207
5 24 -8.34 -.945 -15.104 -6.616 -.662 -15.309 -6.303 -4.441 -14.22 -9.331 3.406 -13.885
5 24 1.517 -9.459 -6.544 .706 -9.965 -7.12 .807 -9.878 -4.496 1.065 -9.155 -10.235
5 24 -14.392 11.46 4.688 -12.432 10.676 2.854 -12.011 12.17 4.975 -14.309 10.308 3.813
5 24 -15.223 10.301 7.115 -15.525 11.137 8.281 -14.443 12.528 6.606 -14.602 6.407 10.14
5 24 -15.87 20.223 -1.462 -14.154 17.874 -.661 -16.003 19.598 .148 -14.678 19.142 -2.793
5 24 16.175 20.378 -5.316 17.703 18.562 -4.452 16.517 19.864 -3.473 17.404 19.11 -5.905
5 24 9.817 -7.871 6.759 9.996 -7.498 1.3 8.04 -8.596 6.48 12.027 -6.232 1.464
5 24 -7.603 -6.226 -10.561 -7.629 -9.258 -8.065 -6.382 -8.695 -8.333 -9.288 -6.612 -10.278
5 24 13.763 9.272 6.565 15.526 5.604 7.616 13.925 6.522 8.685 15.217 8.533 4.685
5 24 5.118 -9.913 5.402 3.396 -10.91 6.398 4.746 -10.002 6.742 3.684 -10.934 4.784
5 24 17.014 11.253 -6.473 15.37 11.834 -7.207 16.417 15.189 -5.79 15.279 8.6 -8.03
5 24 -17.416 8.628 1.296 -17.078 8.053 -.982 -16.74 2.32 -1.021 -17.274 11.258 .12
5 24 -6.931 -9.314 .916 -10.73 -7.3 1.874 -6.849 -8.23 -1.832 -8.186 -8.449 6.849
5 24 13.161 11.756 4.315 12.241 11.878 3.817 12.011 12.895 4.975 13.906 10.524 1.677
5 24 -7.321 8.643 17.356 -6.408 9.026 17.631 -6.993 12.623 15.604 -5.171 6.963 18.208
5 24 7.688 -7.512 18.232 8.49 -6.704 19.89 7.856 -6.568 19.758 8.686 -7.903 17.98
5 24 8.502 16.232 11.046 9.192 15.848 9.192 9.751 16.086 10.348 6.595 16.548 10.928
5 24 11.253 14.441 8.205 10.404 14.4 7.379 10.811 15.199 8.897 12.277 13.763 6.829
5 24 4.714 -4.043 25.82 2.371 -5.386 26.098 2.533 -4.116 26.383 4.946 -5.95 24.595
5 24 -8.531 -4.002 -12.008 -6.303 -4.441 -14.22 -5.454 -6.747 -12.631 -8.34 -.945 -15.104
5 24 4.124 4.906 20.227 3.283 4.224 22.654 5.91 1.123 20.82 2.525 5.586 23.094
5 24 12.47 6.513 -11.666 14.676 8.326 -10.801 14.649 3.9 -10.753 12.331 10.364 -10.162
5 24 12.686 10.347 1.579 13.72 10.601 .811 13.906 10.524 1.677 12.868 10.225 .663
5 24 15.428 6.144 -8.412 14.649 3.9 -10.753 14.676 8.326 -10.801 15.344 2.287 -7.735
5 24 -5.407 -4.086 27.234 -4.879 -.528 28.174 -5.398 -2.797 25.643 -5.275 -3.996 28.709
5 24 -6.773 16.581 12.438 -6.122 16.901 11.244 -7.089 16.706 10.598 -5.577 17.206 13.203
5 24 -5.733 -9.914 -4.275 -4.659 -9.601 -4.755 -6.382 -8.695 -8.333 -3.693 -8.919 -2.709
5 24 -12.011 14.224 -4.975 -12.441 14.767 -7.07 -13.489 17.844 -4.397 -11.966 11.909 -7.914
5 24 8.62 -4.759 22.1 7.816 -4.5 20.949 8.49 -6.704 19.89 8.16 -3.095 22.949
5 24 7.548 -10.55 12.685 10.037 -11.076 15.239 8.581 -12.533 14.788 9.139 -9.519 13.449
5 24 -16.241 6.878 3.195 -15.692 6.251 1.819 -15.291 2.644 5.404 -15.569 8.207 2.552
5 24 10.211 6.56 15.851 10.631 5.722 15.073 8.7 2.889 16.512 11.681 11.794 11.297
5 24 7.199 -5.45 18.53 7.688 -7.512 18.232 7.551 -7.432 16.69 7.856 -6.568 19.758
5 24 1.487 5.474 25.816 .461 7.517 27.247 .915 7.138 24.45 -.013 3.904 28.967
5 24 -4.315 7.011 21.22 -3.232 6.723 19.067 -3.664 5.156 18.793 -2.673 7.632 19.082
5 24 -.228 -10.145 -7.635 -1.488 -9.562 -5.903 -1.546 -8.901 -10.441 -.202 -10.139 -4.712
5 24 -5.733 -9.914 -4.275 -3.693 -8.919 -2.709 -4.659 -9.601 -4.755 -4.65 -8.602 -1.684
5 24 8.295 3.083 -13.581 5.927 5.03 -11.375 7.223 3.114 -14.455 7.019 5.155 -10.644
5 24 -6.916 -4.93 23.588 -7.828 -8.556 21.669 -6.883 -8.344 21.339 -7.797 -5.183 23.985
5 24 -13.489 17.844 -4.397 -12.511 15.379 -2.459 -12.011 14.224 -4.975 -14.154 17.874 -.661
5 24 7.367 -4.558 20.719 7.315 -4.787 19.821 6.902 -2.478 20.733 7.856 -6.568 19.758
5 24 7.225 -2.713 21.978 5.453 -1.936 23.212 6.843 -2.579 21.601 8.16 -3.095 22.949
5 24 -4.127 -6.082 -12.618 -2.134 -7.075 -13.318 -2.891 -8.072 -9.768 -2.94 -4.708 -15.722
5 24 1.511 -17.998 21.849 -1.24 -15.778 24.607 1.395 -15.71 25.201 -2.141 -18.259 20.912
5 24 1.282 -10.678 -.824 2.501 -9.189 -2.202 -.111 -9.716 -3.219 2.45 -10.36 -.093
5 24 -6.773 -10.626 24.743 -3.881 -10.769 26.391 -5.783 -13.042 22.783 -5.922 -8.064 27.119
5 24 -9.777 -5.28 10.921 -6.926 -7.581 10.683 -7.38 -5.937 12.814 -9.169 -7.284 7.975
5 24 -12.762 7.99 -10.615 -12.519 7.299 -11.216 -13.608 4.911 -10.892 -11.349 9.199 -9.681
5 24 -15.692 6.251 1.819 -17.416 8.628 1.296 -16.74 2.32 -1.021 -15.569 8.207 2.552
5 24 -16.724 16.375 -5.106 -16.994 15.129 -4.536 -15.31 13.974 -7.52 -17.943 17.665 -3.54
5 24 -2.141 -18.259 20.912 1.673 -20.437 17.677 -2.115 -20.181 17.056 1.511 -17.998 21.849
5 24 -2.969 -17.594 20.557 -6.546 -16.324 18.762 -3.125 -18.925 16.899 -5.358 -14.54 23.173
5 24 14.588 1.441 10.295 16.155 3.605 6.87 15.158 .715 9.182 15.526 5.604 7.616
5 24 1.419 10.974 18.728 4.47 10.5 18.423 .992 9.002 19.454 1.439 14.611 16.925
5 24 15.526 5.604 7.616 16.155 3.605 6.87 14.588 1.441 10.295 15.217 8.533 4.685
5 24 9.532 -8.27 1.147 10.339 -6.03 -2.432 8.703 -7.224 -3.105 9.996 -7.498 1.3
5 24 13.651 -3.041 2.257 13.493 -4.334 1.965 9.894 -6.416 8.099 13.544 -2.252 -2.102
5 24 14.652 17.069 .89 15.302 14.512 1.286 14.491 14.384 1.398 15.42 17.191 .561
5 24 -6.122 16.901 11.244 -5.577 17.206 13.203 -4.975 17.17 12.011 -6.773 16.581 12.438
5 24 17.176 16.811 -3.309 18.976 14.436 -3.645 16.417 15.189 -5.79 18.9 14.066 -1.734
5 24 -2.316 -6.63 29.312 -3.138 -7.657 28.572 -3.197 -2.989 29.76 -3.095 -9.275 28.011
5 24 3.684 -10.934 4.784 .731 -11.097 6.23 1.044 -11.211 3.86 3.396 -10.91 6.398
5 24 -13.38 -4.832 -3.103 -12.178 -4.624 -6.995 -9.795 -7.081 -5.591 -13.377 -2.623 -8.096
5 24 15.302 14.512 1.286 15.42 17.191 .561 14.652 17.069 .89 16.008 14.466 .889
5 24 15.154 5.6 -1.031 17.064 4.738 -2.249 17.16 6.891 -1.552 14.885 .915 -1.772
5 24 13.358 2.734 11.007 14.588 1.441 10.295 15.526 5.604 7.616 11.643 -.839 12.407
5 24 1.044 -11.211 3.86 -1.849 -10.933 3.843 .731 -11.097 6.23 -.927 -10.493 -.982
5 24 1.978 -6.466 -13.056 1.065 -9.155 -10.235 1.931 -8.402 -9.634 1.134 -7.025 -13.453
5 24 -11.538 13.484 10.483 -10.705 11.717 13.98 -9.958 16.012 10.261 -11.674 9.904 12.995
5 24 5.872 3.024 -14.363 7.223 3.114 -14.455 5.871 -.62 -15.173 5.927 5.03 -11.375
5 24 -4.013 -.094 -17.392 -2.053 1.605 -18.372 -4.203 4.306 -17.097 -.843 -1.306 -18.21
5 24 11.073 -5.536 8.476 9.894 -6.416 8.099 13.651 -3.041 2.257 8.29 -6.956 10.38
5 24 3.981 -10.527 1.014 5.929 -9.361 1.355 6.051 -8.274 -2.345 3.684 -10.934 4.784
5 24 -1.709 .611 31.494 .433 .696 31.399 .312 -.632 33.155 -.043 1.081 29.354
5 24 1.533 1.806 26.489 -.013 3.904 28.967 1.544 4.09 25.759 -.043 1.081 29.354
5 24 -5.809 3.058 21.356 -3.664 5.156 18.793 -4.315 7.011 21.22 -4.033 3.316 18.762
5 24 .433 .696 31.399 1.019 -3.806 30.864 .312 -.632 33.155 1.669 -3.079 28.745
5 24 -7.828 -8.556 21.669 -9.234 -11.677 21.965 -7.594 -9.932 18.861 -8.593 -7.398 24.854
5 24 -13.153 -1.765 6.658 -13.326 -1.12 7.598 -11.581 -2.693 9.455 -13.701 -1.071 6.622
5 24 -14.602 6.407 10.14 -15.417 4.949 9.598 -15.777 9.368 6.397 -13.114 3.156 12.265
5 24 1.467 6.437 24.269 2.833 5.838 24.469 2.525 5.586 23.094 2.249 5.597 25.517
5 24 3.531 16.99 12.298 1.406 17.208 13.951 1.268 17.202 12.748 4.04 17.176 13.763
5 24 -12.35 -4.233 -1.485 -11.417 -6.009 -2.372 -13.38 -4.832 -3.103 -11.221 -5.601 -1.572
5 24 3.421 4.607 19.083 5.774 4.865 18.411 4.278 5.707 18.766 4.466 1.724 18.572
5 24 12.011 18.188 -4.975 14.484 19.394 -6.685 11.017 16.985 -6.461 14.56 20.178 -4.294
5 24 -5.258 -9.37 .765 -6.931 -9.314 .916 -5.344 -8.572 -1.785 -5.646 -9.895 5.452
5 24 -15.31 13.974 -7.52 -16.994 15.129 -4.536 -15.889 10.987 -6.595 -16.724 16.375 -5.106
5 24 4.333 -1.497 26.611 5.44 -3.033 24.37 5.5 -2.196 23.575 4.714 -4.043 25.82
5 24 -.745 -9.569 -3.266 -.202 -10.139 -4.712 -1.488 -9.562 -5.903 -.111 -9.716 -3.219
5 24 -12.036 -2.342 10.706 -13.815 1.791 11.778 -10.681 -1.211 13.731 -13.828 -.216 9.183
5 24 -12.178 -4.624 -6.995 -11.319 -5.131 -7.267 -9.795 -7.081 -5.591 -12.513 -2.831 -8.388
5 24 15.279 8.6 -8.03 17.014 11.253 -6.473 15.37 11.834 -7.207 15.779 7.162 -7.68
5 24 -6.883 -8.344 21.339 -7.594 -9.932 18.861 -6.629 -9.47 18.857 -7.828 -8.556 21.669
5 24 -7.089 16.706 10.598 -8.046 16.487 11.867 -6.773 16.581 12.438 -9.958 16.012 10.261
5 24 .433 .696 31.399 1.669 -3.079 28.745 1.019 -3.806 30.864 .841 .344 28.24
5 24 15.302 14.512 1.286 14.731 11.652 .554 15.501 11.663 .134 14.491 14.384 1.398
5 24 9.532 -8.27 1.147 7.77 -9.395 1.138 8.703 -7.224 -3.105 7.702 -9.298 5.906
5 24 -2.967 .324 31.087 -3.197 -2.989 29.76 -2.066 -3.539 30.885 -3.433 .123 29.008
5 24 12.967 -5.336 -3.952 12.402 -6.085 -5.364 14.525 -3.967 -6.246 10.922 -6.474 -3.047
5 24 12.444 -4.145 -2.296 12.967 -5.336 -3.952 14.43 -3.546 -4.259 10.922 -6.474 -3.047
5 24 .161 -15.066 27.161 -2.096 -15.277 24.183 -.707 -12.839 27.842 -1.24 -15.778 24.607
5 24 1.904 -1.503 26.987 4.333 -1.497 26.611 2.533 -4.116 26.383 3.874 1.545 26.172
5 24 12.505 3.065 -13.081 9.766 2.545 -14.314 10.376 -.79 -13.699 11.793 6.764 -12.989
5 24 -9.917 -3.774 12.287 -6.594 -3.809 15.073 -7.34 -5.466 13.037 -10.681 -1.211 13.731
5 24 14.198 .206 -9.731 12.779 3.639 -11.799 12.407 .18 -10.724 14.649 3.9 -10.753
5 24 9.429 7.248 16.595 9.032 13.91 14.079 10.317 13.637 13.446 8.165 7.612 17.256
5 24 -12.011 4 -4.975 -12.011 14.224 -4.975 -10.939 11.016 -6.579 -12.511 15.379 -2.459
5 24 -9.234 -11.677 21.965 -6.773 -10.626 24.743 -8.593 -7.398 24.854 -7.66 -12.692 22.183
5 24 1.406 17.208 13.951 4.714 14.997 16.476 4.04 17.176 13.763 1.439 14.611 16.925
5 24 0 4 -13 -.339 2.243 -17.161 -2.622 4.727 -16.384 1.56 3.202 -12.59
5 24 0 17.276 13 1.406 17.208 13.951 -1.587 17.391 14.007 1.268 17.202 12.748
5 24 -7.594 -9.932 18.861 -9.234 -11.677 21.965 -7.828 -8.556 21.669 -9.123 -12.862 18.645
5 24 -9.795 -7.081 -5.591 -13.38 -4.832 -3.103 -11.417 -6.009 -2.372 -12.178 -4.624 -6.995
5 24 -.843 -1.306 -18.21 1.185 -3.851 -15.77 -.009 -4.375 -16.587 .982 -.457 -16.854
5 24 8.295 3.083 -13.581 7.939 -.78 -14.946 8.929 -.594 -13.587 7.223 3.114 -14.455
5 24 14.944 -.9 5.65 11.073 -5.536 8.476 10.837 -5.051 9.41 14.769 -1.891 2.518
5 24 12.331 10.364 -10.162 10.225 14.056 -7.647 9.829 10.097 -8.24 12.633 13.969 -9.508
5 24 12.633 13.969 -9.508 15.649 17.197 -9 13.496 17.552 -8.186 14.648 13.552 -10.066
5 24 12.402 -6.085 -5.364 10.922 -6.474 -3.047 12.967 -5.336 -3.952 10.554 -7.197 -3.902
5 24 -18.178 14.026 1.352 -17.274 11.258 .12 -19.448 13.782 -1.154 -16.54 12.193 1.501
5 24 -14.678 19.142 -2.793 -13.489 17.844 -4.397 -14.564 17.791 -5.738 -14.154 17.874 -.661
5 24 3.061 7.462 20.721 .992 9.002 19.454 2.461 6.996 19.321 2.333 9.688 21.91
5 24 8.374 -7.635 16.089 10.037 -11.076 15.239 8.686 -7.903 17.98 9.139 -9.519 13.449
5 24 -1.988 -9.565 -2.375 -3.133 -10.205 -.419 -.927 -10.493 -.982 -3.693 -8.919 -2.709
5 24 14.525 -3.967 -6.246 12.976 -3.83 -7.438 15.071 -2.513 -6.936 12.402 -6.085 -5.364
5 24 -.013 3.904 28.967 1.487 5.474 25.816 1.544 4.09 25.759 .461 7.517 27.247
5 24 1.813 -5.961 28.13 1.019 -3.806 30.864 1.669 -3.079 28.745 1.236 -6.68 29.49
5 24 -7.495 -6.194 20.96 -6.842 -6.391 18.383 -6.262 -5.372 17.934 -7.324 -7.485 18.82
5 24 6.822 14.122 15.169 7.224 8.365 17.615 5.995 8.582 18.12 7.996 14.362 14.854
5 24 16.103 11.931 -1.574 17.565 10.728 -1.898 16.013 9.783 -1.435 17.464 12.133 -2.321
5 24 13 11.52 0 14.491 14.384 1.398 12.934 14.682 -.334 13.973 11.711 .797
5 24 5.179 -6.417 23.493 5.263 -6.541 25.814 4.946 -5.95 24.595 6.909 -8.623 22.505
5 24 -2.022 14.473 17.081 1.439 14.611 16.925 -1.587 17.391 14.007 1.419 10.974 18.728
5 24 -5.646 -9.895 5.452 -8.186 -8.449 6.849 -6.931 -9.314 .916 -4.457 -9.891 8.077
5 24 7.679 -4.298 -13.524 4.035 -6.323 -12.05 6.009 -7.95 -10.974 5.238 -3.353 -14.028
5 24 -2.967 .324 31.087 -1.893 .966 29.255 -1.709 .611 31.494 -3.433 .123 29.008
5 24 -9.288 -6.612 -10.278 -7.603 -6.226 -10.561 -7.629 -9.258 -8.065 -8.531 -4.002 -12.008
5 24 -14.036 13.018 1.857 -16.54 12.193 1.501 -16.185 11.022 2.255 -17.104 15.573 1.628
5 24 -15.597 -1.767 -3.66 -16.154 2.842 -5.759 -14.335 .371 -8.904 -17.371 2.991 -3.811
5 24 -14.428 16.202 .724 -14.036 13.018 1.857 -15.609 15.807 1.876 -13 13.682 0
5 24 7.224 8.365 17.615 8.165 7.612 17.256 5.774 4.865 18.411 9.032 13.91 14.079
5 24 -14.955 10.072 -8.698 -11.981 9.672 -9.022 -11.966 11.909 -7.914 -13.153 8.198 -9.602
5 24 17.404 19.11 -5.905 16.832 17.272 -6.221 17.703 18.562 -4.452 16.617 18.596 -7.613
5 24 1.065 -9.155 -10.235 -.228 -10.145 -7.635 .706 -9.965 -7.12 .01 -9.4 -10.994
5 24 -18.401 7.458 -2.907 -16.365 2.867 -2.148 -17.371 2.991 -3.811 -17.078 8.053 -.982
5 24 10.811 15.199 8.897 10.404 14.4 7.379 9.192 15.848 9.192 11.253 14.441 8.205
5 24 -4.328 -9.102 .564 -5.344 -8.572 -1.785 -5.258 -9.37 .765 -4.65 -8.602 -1.684
5 24 14.418 9.199 .639 15.194 7.492 -.521 15.318 10.048 -.301 14.458 7.316 .478
5 24 2.261 -10.995 2.205 1.044 -11.211 3.86 3.684 -10.934 4.784 1.392 -11.11 1.041
5 24 5.453 -1.936 23.212 8.16 -3.095 22.949 7.225 -2.713 21.978 5.5 -2.196 23.575
5 24 8.62 -4.759 22.1 5.179 -6.417 23.493 6.909 -8.623 22.505 5.44 -3.033 24.37
5 24 18.39 13.788 -5.146 17.396 11.134 -4.211 17.014 11.253 -6.473 17.464 12.133 -2.321
5 24 13.398 11.22 9.861 13.869 10.127 8.633 13.033 13.008 5.581 13.224 4.798 13.29
5 24 9.032 13.91 14.079 10.317 13.637 13.446 9.429 7.248 16.595 8.502 16.232 11.046
5 24 -3.881 -10.769 26.391 -2.966 -12.175 27.829 -3.095 -9.275 28.011 -3.417 -12.647 26.723
5 24 -2.891 14.162 16.69 -3.831 17.387 13.664 -2.515 17.176 13.794 -4.072 13.993 16.759
5 24 2.371 -5.386 26.098 5.263 -6.541 25.814 4.629 -6.742 28.64 4.946 -5.95 24.595
5 24 .841 .344 28.24 1.669 -3.079 28.745 .433 .696 31.399 1.904 -1.503 26.987
5 24 6.996 -16.106 13.979 4.396 -16.189 9.767 5.258 -18.948 13.188 6.225 -13.991 11.679
5 24 -14.428 16.202 .724 -12.511 15.379 -2.459 -13 13.682 0 -14.154 17.874 -.661
5 24 -15.87 20.223 -1.462 -14.678 19.142 -2.793 -14.154 17.874 -.661 -16.292 19.675 -4.186
5 24 3.068 -9.875 29.67 1.2 -10.305 28.626 1.166 -9.961 29.582 3.354 -10.69 26.699
5 24 -14.955 10.072 -8.698 -15.889 10.987 -6.595 -15.31 13.974 -7.52 -15.548 6.048 -7.543
5 24 -15.31 13.974 -7.52 -15.889 10.987 -6.595 -16.994 15.129 -4.536 -14.955 10.072 -8.698
5 24 -.111 -9.716 -3.219 -.927 -10.493 -.982 1.282 -10.678 -.824 -.745 -9.569 -3.266
5 24 -11.279 4.734 -12.279 -9.442 -1.097 -13.106 -10.562 -1.19 -12.828 -10.056 4.414 -12.042
5 24 5.593 -9.807 7.222 5.118 -9.913 5.402 4.746 -10.002 6.742 6.399 -9.857 5.598
5 24 1.392 -12.865 28.105 .161 -15.066 27.161 1.808 -15.094 27.994 -.707 -12.839 27.842
5 24 -6.028 4.56 18.071 -5.504 5.329 18.357 -7.321 8.643 17.356 -4.033 3.316 18.762
5 24 -16.003 19.598 .148 -15.87 20.223 -1.462 -14.154 17.874 -.661 -17.491 21.035 -1.788
5 24 -9.777 -5.28 10.921 -11.581 -2.693 9.455 -9.688 -4.361 11.487 -11.907 -3.943 8.608
5 24 -2.554 10.087 22.089 -.454 9.734 19.535 -.362 10.276 23.3 -1.55 9.361 19.458
5 24 14.652 17.069 .89 12.794 15.707 -1.034 12.934 14.682 -.334 14.195 18.052 -.118
5 24 4.124 4.906 20.227 4.466 1.724 18.572 3.421 4.607 19.083 5.91 1.123 20.82
5 24 15.071 -2.513 -6.936 15.344 2.287 -7.735 12.976 -3.83 -7.438 17.073 1.819 -7.097
5 24 -.927 -10.493 -.982 -3.133 -10.205 -.419 -1.988 -9.565 -2.375 -1.849 -10.933 3.843
5 24 11.629 -.276 13.153 11.643 -.839 12.407 8.301 -4.117 13.908 13.358 2.734 11.007
5 24 14.195 18.052 -.118 15.42 17.191 .561 14.652 17.069 .89 14.99 18.438 -.575
5 24 11.376 -3.962 10.561 10.767 -4.442 9.782 14.569 -.063 6.38 8.648 -5.772 11.852
5 24 4.124 4.906 20.227 3.421 4.607 19.083 4.466 1.724 18.572 2.461 6.996 19.321
5 24 9.839 5.577 -13.611 8.295 3.083 -13.581 7.019 5.155 -10.644 9.766 2.545 -14.314
5 24 -19.448 13.782 -1.154 -17.841 16.058 -1.244 -16.994 15.129 -4.536 -18.178 14.026 1.352
5 24 15.217 8.533 4.685 13.763 9.272 6.565 13.161 11.756 4.315 15.526 5.604 7.616
5 24 -6.629 -9.47 18.857 -7.046 -7.765 16.934 -7.324 -7.485 18.82 -6.385 -9.292 16.838
5 24 -6.354 -15.691 15.492 -3.125 -18.925 16.899 -6.546 -16.324 18.762 -3.025 -18.067 13.79
5 24 -11.966 11.909 -7.914 -10.939 11.016 -6.579 -12.011 14.224 -4.975 -10.236 9.803 -7.63
5 24 -6.773 16.581 12.438 -8.36 12.339 15.44 -8.046 16.487 11.867 -6.993 12.623 15.604
5 24 -9.619 -8.068 -6.112 -7.629 -9.258 -8.065 -5.733 -9.914 -4.275 -9.288 -6.612 -10.278
5 24 -5.783 -13.042 22.783 -8.184 -13.798 18.723 -6.506 -14.311 18.564 -7.66 -12.692 22.183
5 24 -.009 -4.375 -16.587 1.134 -7.025 -13.453 .253 -7.441 -13.937 1.185 -3.851 -15.77
5 24 -14.236 -1.765 -1.061 -14.749 -1.45 -1.654 -12.35 -4.233 -1.485 -15.132 .3 -.221
5 24 -14.309 10.308 3.813 -15.777 9.368 6.397 -15.581 8.318 5.152 -14.392 11.46 4.688
5 24 5.871 -.62 -15.173 4.553 -.413 -16.793 4.837 3.063 -15.771 3.98 -3.62 -15.41
5 24 1.166 -9.961 29.582 4.292 -7.584 29.843 1.236 -6.68 29.49 3.068 -9.875 29.67
5 24 -3.881 -10.769 26.391 -5.922 -8.064 27.119 -6.773 -10.626 24.743 -3.138 -7.657 28.572
5 24 12.027 -6.232 1.464 9.817 -7.871 6.759 9.967 -7.044 7.627 9.996 -7.498 1.3
5 24 15.779 7.162 -7.68 15.279 8.6 -8.03 17.014 11.253 -6.473 15.428 6.144 -8.412
5 24 1.236 -6.68 29.49 -2.316 -6.63 29.312 1.019 -3.806 30.864 .321 -7.95 29.13
5 24 -2.066 -3.539 30.885 -2.967 .324 31.087 -3.197 -2.989 29.76 -1.959 -.625 33.054
5 24 1.658 -19.992 13.201 5.258 -18.948 13.188 1.673 -20.437 17.677 1.709 -16.741 9.533
5 24 8.191 -3.837 -11.541 6.009 -7.95 -10.974 6.891 -6.458 -9.118 7.679 -4.298 -13.524
5 24 16.517 19.864 -3.473 14.56 20.178 -4.294 16.175 20.378 -5.316 15.019 19.835 -2.999
5 24 -7.174 -2.201 22.311 -3.959 1.059 18.199 -5.809 3.058 21.356 -5.599 -4.516 17.442
5 24 4.414 .26 23.171 4.066 4.202 23.506 3.283 4.224 22.654 4.727 .329 24.03
5 24 -9.169 -7.284 7.975 -9.777 -5.28 10.921 -6.926 -7.581 10.683 -11.542 -5.033 8.514
5 24 -15.646 1.667 4.91 -15.291 2.644 5.404 -16.244 4.087 2.503 -13.397 -.584 8.108
5 24 -12.706 13.995 9.595 -10.996 15.212 8.817 -11.538 13.484 10.483 -12.097 15.146 8.14
5 24 -11.417 -6.009 -2.372 -9.795 -7.081 -5.591 -13.38 -4.832 -3.103 -8.101 -8.175 -3.318
5 24 12.331 10.364 -10.162 14.648 13.552 -10.066 12.633 13.969 -9.508 14.676 8.326 -10.801
5 24 -7.66 -12.692 22.183 -5.783 -13.042 22.783 -8.184 -13.798 18.723 -6.773 -10.626 24.743
5 24 6.225 -13.991 11.679 7.58 -12.808 12.559 8.712 -14.226 14.353 6.032 -12.025 10.881
5 24 6.996 -16.106 13.979 9.343 -14.802 17.463 6.998 -16.581 17.485 8.712 -14.226 14.353
5 24 -19.448 13.782 -1.154 -16.994 15.129 -4.536 -17.841 16.058 -1.244 -19.068 12.664 -4.139
5 24 -17.841 16.058 -1.244 -18.178 14.026 1.352 -19.448 13.782 -1.154 -17.104 15.573 1.628
5 24 -11.085 -5.759 -7.992 -9.288 -6.612 -10.278 -11.074 -4.072 -11.211 -9.619 -8.068 -6.112
5 24 -6.594 -3.809 15.073 -9.388 .937 16.338 -5.56 -3.557 16.13 -10.011 .028 15.439
5 24 -4.896 -.497 25.472 -4.879 -.528 28.174 -3.587 3.213 28.048 -5.398 -2.797 25.643
5 24 1.2 -10.305 28.626 3.354 -10.69 26.699 3.068 -9.875 29.67 1.707 -10.831 27.426
5 24 -12.513 -2.831 -8.388 -12.178 -4.624 -6.995 -11.319 -5.131 -7.267 -13.377 -2.623 -8.096
5 24 10.376 -.79 -13.699 12.505 3.065 -13.081 9.766 2.545 -14.314 12.445 -.348 -12.091
5 24 -15.87 20.223 -1.462 -17.491 21.035 -1.788 -16.003 19.598 .148 -16.292 19.675 -4.186
5 24 10.037 -11.076 15.239 8.686 -7.903 17.98 8.374 -7.635 16.089 10.532 -11.246 17.617
5 24 -2.536 -15.667 11.119 -.627 -14.124 8.612 -1.316 -17.107 10.011 -2.062 -13.457 9.657
5 24 -14.335 .371 -8.904 -13.298 .416 -9.368 -13.546 4.892 -9.771 -13.377 -2.623 -8.096
5 24 -17.841 16.058 -1.244 -19.245 18.655 -1.604 -17.943 17.665 -3.54 -19.048 18.426 .757
5 24 11.681 11.794 11.297 13.125 9.751 12.125 13.398 11.22 9.861 10.631 5.722 15.073
5 24 14.569 -.063 6.38 15.949 3.538 1.948 14.944 -.9 5.65 15.159 4.498 2.772
5 24 16.013 9.783 -1.435 15.318 10.048 -.301 15.194 7.492 -.521 16.103 11.931 -1.574
5 24 13.323 18.253 -1.767 14.99 18.438 -.575 14.195 18.052 -.118 14.656 18.879 -2.381
5 24 16.517 19.864 -3.473 15.019 19.835 -2.999 15.886 18.212 -2.572 14.56 20.178 -4.294
5 24 8.191 -3.837 -11.541 7.679 -4.298 -13.524 8.929 -.594 -13.587 6.009 -7.95 -10.974
5 24 15.019 19.835 -2.999 15.886 18.212 -2.572 14.656 18.879 -2.381 16.517 19.864 -3.473
5 24 7.019 5.155 -10.644 9.839 5.577 -13.611 8.106 7.062 -9.918 8.295 3.083 -13.581
5 24 7.77 -9.395 1.138 7.702 -9.298 5.906 9.532 -8.27 1.147 6.399 -9.857 5.598
5 24 2.533 -4.116 26.383 4.714 -4.043 25.82 4.333 -1.497 26.611 2.371 -5.386 26.098
5 24 -14.036 13.551 7.514 -14.443 12.528 6.606 -13.27 13.284 6.33 -15.525 11.137 8.281
5 24 -7.477 4.113 -13.882 -8.712 6.809 -9.513 -6.428 5.533 -11.04 -9.331 3.406 -13.885
5 24 3.673 -8.72 -2.999 6.779 -8.843 -3.905 5.356 -8.393 -6.009 6.051 -8.274 -2.345
5 24 -16.091 2.124 1.839 -15.646 1.667 4.91 -15.496 .739 3.911 -16.244 4.087 2.503
5 24 -5.275 -3.996 28.709 -3.433 .123 29.008 -4.879 -.528 28.174 -3.197 -2.989 29.76
5 24 1.813 -5.961 28.13 2.533 -4.116 26.383 2.371 -5.386 26.098 1.669 -3.079 28.745
5 24 -8.184 -13.798 18.723 -7.398 -13.254 15.701 -6.506 -14.311 18.564 -9.123 -12.862 18.645
5 24 -18.281 10.801 -2.957 -19.448 13.782 -1.154 -19.068 12.664 -4.139 -17.274 11.258 .12
5 24 -2.141 -18.259 20.912 -2.969 -17.594 20.557 -2.096 -15.277 24.183 -3.125 -18.925 16.899
5 24 -9.917 -3.774 12.287 -9.688 -4.361 11.487 -7.34 -5.466 13.037 -12.036 -2.342 10.706
5 24 -16.154 2.842 -5.759 -16.253 5.803 -6.636 -17.255 8.224 -4.537 -15.548 6.048 -7.543
5 24 -15.223 10.301 7.115 -14.392 11.46 4.688 -13.937 12.105 5.7 -15.777 9.368 6.397
5 24 -2.673 7.632 19.082 -3.873 9.822 18.386 -2.865 10.217 18.376 -3.232 6.723 19.067
5 24 -4.127 -6.082 -12.618 -4.317 -9.382 -9.796 -5.454 -6.747 -12.631 -2.891 -8.072 -9.768
5 24 .982 -.457 -16.854 -.843 -1.306 -18.21 -2.053 1.605 -18.372 1.185 -3.851 -15.77
5 24 9.343 -14.802 17.463 6.998 -16.581 17.485 6.996 -16.106 13.979 8.446 -13.167 21.366
5 24 -15.291 2.644 5.404 -16.244 4.087 2.503 -15.692 6.251 1.819 -15.646 1.667 4.91
5 24 8.929 -.594 -13.587 9.766 2.545 -14.314 10.376 -.79 -13.699 8.295 3.083 -13.581
5 24 -8.101 -8.175 -3.318 -9.619 -8.068 -6.112 -7.421 -9.011 -3.34 -9.795 -7.081 -5.591
5 24 -12.374 -.638 -11.917 -13.344 .207 -10.406 -13.208 4.853 -11.754 -12.266 -3.248 -9.069
5 24 14.731 11.652 .554 14.491 14.384 1.398 15.302 14.512 1.286 13.973 11.711 .797
5 24 1.166 -9.961 29.582 .061 -9.202 28.578 .321 -7.95 29.13 1.2 -10.305 28.626
5 24 -11.542 -5.033 8.514 -11.907 -3.943 8.608 -13.321 -3.066 6.316 -9.777 -5.28 10.921
5 24 -9.688 -4.361 11.487 -9.777 -5.28 10.921 -7.38 -5.937 12.814 -11.581 -2.693 9.455
5 24 -13.27 13.284 6.33 -14.036 13.551 7.514 -14.443 12.528 6.606 -12.807 14.1 6.788
5 24 -9.688 -4.361 11.487 -12.036 -2.342 10.706 -9.917 -3.774 12.287 -11.581 -2.693 9.455
5 24 5.782 -14.738 21.683 3.738 -14.763 25.578 4.059 -11.789 25.534 4.517 -16.664 22.345
5 24 -7.899 -3.934 26.627 -7.797 -5.183 23.985 -8.593 -7.398 24.854 -7.334 -3.172 25.4
5 24 8.581 -12.533 14.788 9.343 -14.802 17.463 9.086 -12.846 17.755 8.712 -14.226 14.353
5 24 -10.705 11.717 13.98 -8.36 12.339 15.44 -9.838 7.344 16.615 -8.046 16.487 11.867
5 24 -10.236 9.803 -7.63 -11.349 9.199 -9.681 -9.71 9.098 -8.417 -11.981 9.672 -9.022
5 24 -5.075 -4.084 -14.336 -4.013 -.094 -17.392 -6.616 -.662 -15.309 -2.94 -4.708 -15.722
5 24 -17.491 21.035 -1.788 -19.245 18.655 -1.604 -17.827 20.397 1.207 -17.943 17.665 -3.54
5 24 -3.881 -10.769 26.391 -3.417 -12.647 26.723 -5.783 -13.042 22.783 -2.966 -12.175 27.829
5 24 -.843 -1.306 -18.21 -2.94 -4.708 -15.722 -.009 -4.375 -16.587 -4.013 -.094 -17.392
5 24 7.315 -4.787 19.821 7.856 -6.568 19.758 7.199 -5.45 18.53 7.367 -4.558 20.719
5 24 11.374 12.747 12.366 9.429 7.248 16.595 10.317 13.637 13.446 10.211 6.56 15.851
5 24 16.155 3.605 6.87 15.3 .578 7.309 15.158 .715 9.182 16.059 3.79 4.843
5 24 5.44 -3.033 24.37 4.714 -4.043 25.82 4.946 -5.95 24.595 4.333 -1.497 26.611
5 24 -11.542 -5.033 8.514 -11.785 -6.102 2.857 -13.583 -4.213 3.124 -9.169 -7.284 7.975
5 24 1.511 -17.998 21.849 4.517 -16.664 22.345 1.395 -15.71 25.201 5.508 -19.166 18.121
5 24 2.249 5.597 25.517 1.544 4.09 25.759 1.487 5.474 25.816 3.244 4.541 25.331
5 24 -.043 1.081 29.354 -1.709 .611 31.494 .433 .696 31.399 -1.893 .966 29.255
5 24 -8.186 -8.449 6.849 -6.931 -9.314 .916 -10.73 -7.3 1.874 -5.646 -9.895 5.452
5 24 -13.489 17.844 -4.397 -12.011 14.224 -4.975 -12.511 15.379 -2.459 -12.441 14.767 -7.07
5 24 1.673 -20.437 17.677 5.258 -18.948 13.188 1.658 -19.992 13.201 5.508 -19.166 18.121
5 24 -.862 -12.266 28.304 -3.095 -9.275 28.011 .061 -9.202 28.578 -2.966 -12.175 27.829
5 24 -2.515 17.176 13.794 -2.229 17.261 12.557 -1.587 17.391 14.007 -3.213 17.472 12.361
5 24 11.017 16.985 -6.461 14.484 19.394 -6.685 12.011 18.188 -4.975 13.496 17.552 -8.186
5 24 2.461 6.996 19.321 5.995 8.582 18.12 4.47 10.5 18.423 4.278 5.707 18.766
5 24 -12.036 -2.342 10.706 -11.581 -2.693 9.455 -13.828 -.216 9.183 -9.688 -4.361 11.487
5 24 -10.545 6.172 15.243 -11.95 5.236 14.986 -8.462 2.059 16.65 -13.562 8.84 12.654
5 24 -9.838 7.344 16.615 -11.674 9.904 12.995 -10.705 11.717 13.98 -10.545 6.172 15.243
5 24 -.927 -10.493 -.982 -1.849 -10.933 3.843 1.044 -11.211 3.86 -3.133 -10.205 -.419
5 24 -7.421 -9.011 -3.34 -5.733 -9.914 -4.275 -9.619 -8.068 -6.112 -5.344 -8.572 -1.785
5 24 -19.068 12.664 -4.139 -18.281 10.801 -2.957 -17.672 10.039 -5.635 -19.448 13.782 -1.154
5 24 12.445 -.348 -12.091 10.376 -.79 -13.699 12.505 3.065 -13.081 10.095 -4.469 -11.641
5 24 -14.154 17.874 -.661 -16.003 19.598 .148 -15.87 20.223 -1.462 -15.618 17.9 1.337
5 24 -3.133 -10.205 -.419 -4.65 -8.602 -1.684 -4.328 -9.102 .564 -3.693 -8.919 -2.709
5 24 3.684 -10.934 4.784 5.929 -9.361 1.355 3.981 -10.527 1.014 5.118 -9.913 5.402
5 24 -7.495 -6.194 20.96 -6.262 -5.372 17.934 -6.842 -6.391 18.383 -5.599 -4.516 17.442
5 24 11.374 12.747 12.366 11.253 14.441 8.205 10.811 15.199 8.897 11.681 11.794 11.297
5 24 12.444 -4.145 -2.296 13.493 -4.334 1.965 13.544 -2.252 -2.102 12.027 -6.232 1.464
5 24 14.525 -3.967 -6.246 16.138 -.207 -3.722 17.363 .955 -6.19 14.43 -3.546 -4.259
5 24 18.157 6.193 -5.971 16.505 7.181 -6.489 18.196 10.17 -3.672 15.344 2.287 -7.735
5 24 17.363 .955 -6.19 18.157 6.193 -5.971 17.073 1.819 -7.097 18.508 6.328 -3.976
5 24 14.885 .915 -1.772 15.949 3.538 1.948 15.154 5.6 -1.031 14.769 -1.891 2.518
5 24 5.453 -1.936 23.212 6.902 -2.478 20.733 6.843 -2.579 21.601 4.414 .26 23.171
5 24 -13.562 8.84 12.654 -10.545 6.172 15.243 -11.95 5.236 14.986 -11.674 9.904 12.995
5 24 -4.975 17.17 12.011 -3.831 17.387 13.664 -5.577 17.206 13.203 -3.213 17.472 12.361
5 24 -10.996 15.212 8.817 -10.713 14.555 6.916 -9.192 16.005 9.192 -12.097 15.146 8.14
5 24 3.244 4.541 25.331 3.548 5.324 23.861 4.066 4.202 23.506 2.833 5.838 24.469
5 24 -3.125 -18.925 16.899 -2.115 -20.181 17.056 -2.141 -18.259 20.912 -1.89 -19.821 13.338
5 24 3.673 -8.72 -2.999 3.309 -10.075 -6.425 2.188 -10.05 -3.971 5.356 -8.393 -6.009
5 24 -3.508 -9.795 4.591 -4.182 -10.028 4.771 -5.258 -9.37 .765 -2.998 -9.95 6.795
5 24 -5.467 9.078 18.169 -5.171 6.963 18.208 -6.408 9.026 17.631 -3.232 6.723 19.067
5 24 -15.581 8.318 5.152 -16.228 7.808 4.733 -15.327 2.882 8.473 -14.752 10.023 3.206
5 24 -6.629 -9.47 18.857 -7.324 -7.485 18.82 -7.046 -7.765 16.934 -6.883 -8.344 21.339
5 24 12.354 -1.782 11.754 11.643 -.839 12.407 8.442 -4.308 13.282 14.588 1.441 10.295
5 24 7.224 8.365 17.615 9.032 13.91 14.079 8.165 7.612 17.256 7.996 14.362 14.854
5 24 9.429 7.248 16.595 10.211 6.56 15.851 11.374 12.747 12.366 7.989 3.479 17.011
5 24 .061 -9.202 28.578 -.862 -12.266 28.304 1.2 -10.305 28.626 -3.095 -9.275 28.011
5 24 5.871 -.62 -15.173 7.939 -.78 -14.946 7.223 3.114 -14.455 5.238 -3.353 -14.028
5 24 -8.593 -7.398 24.854 -6.773 -10.626 24.743 -9.234 -11.677 21.965 -6.138 -7.368 26.065
5 24 -7.716 3.035 17.563 -8.462 2.059 16.65 -10.545 6.172 15.243 -4.615 -3.324 16.8
5 24 5.263 -6.541 25.814 6.899 -10.237 24.252 5.506 -9.066 26.61 6.909 -8.623 22.505
5 24 -13.701 -1.071 6.622 -14.661 .056 2.989 -15.496 .739 3.911 -13.153 -1.765 6.658
5 24 -6.138 -7.368 26.065 -5.922 -8.064 27.119 -5.407 -4.086 27.234 -6.773 -10.626 24.743
5 24 -8.462 2.059 16.65 -5.56 -3.557 16.13 -9.388 .937 16.338 -4.615 -3.324 16.8
5 24 -6.303 -4.441 -14.22 -5.075 -4.084 -14.336 -5.454 -6.747 -12.631 -6.616 -.662 -15.309
5 24 13.973 11.711 .797 14.731 11.652 .554 13.72 10.601 .811 14.491 14.384 1.398
5 24 -15.673 3.337 6.234 -15.291 2.644 5.404 -16.241 6.878 3.195 -13.397 -.584 8.108
5 24 1.517 -9.459 -6.544 1.065 -9.155 -10.235 .706 -9.965 -7.12 1.931 -8.402 -9.634
5 24 -17.491 21.035 -1.788 -16.003 19.598 .148 -17.827 20.397 1.207 -15.87 20.223 -1.462
5 24 -16.644 17.864 2.452 -16.003 19.598 .148 -15.618 17.9 1.337 -17.827 20.397 1.207
5 24 -15.692 6.251 1.819 -16.74 2.32 -1.021 -17.416 8.628 1.296 -15.242 1.801 .328
5 24 13.544 -2.252 -2.102 13.651 -3.041 2.257 14.016 -.803 -1.694 13.493 -4.334 1.965
5 24 7.77 -9.395 1.138 8.703 -7.224 -3.105 6.051 -8.274 -2.345 9.532 -8.27 1.147
5 24 7.307 16.786 12.321 6.595 16.548 10.928 8.502 16.232 11.046 6.152 16.763 12.756
5 24 .731 -11.097 6.23 1.044 -11.211 3.86 -1.849 -10.933 3.843 3.684 -10.934 4.784
5 24 -11.581 -2.693 9.455 -11.907 -3.943 8.608 -13.153 -1.765 6.658 -9.777 -5.28 10.921
5 24 5.02 -2.469 16.83 7.315 -4.787 19.821 4.699 -.828 17.285 7.199 -5.45 18.53
5 24 -1.55 9.361 19.458 -2.865 10.217 18.376 -1.951 10.776 18.664 -2.673 7.632 19.082
5 24 -.339 2.243 -17.161 1.56 3.202 -12.59 0 4 -13 1.669 .948 -14.949
5 24 -14.815 4.915 -9.161 -13.153 8.198 -9.602 -14.955 10.072 -8.698 -13.546 4.892 -9.771
5 24 -13.114 3.156 12.265 -15.417 4.949 9.598 -14.602 6.407 10.14 -13.815 1.791 11.778
5 24 -16.54 12.193 1.501 -17.104 15.573 1.628 -14.036 13.018 1.857 -18.178 14.026 1.352
5 24 8.434 -6.199 11.096 10.837 -5.051 9.41 8.414 -6.599 10.731 10.767 -4.442 9.782
5 24 -7.495 -6.194 20.96 -5.599 -4.516 17.442 -7.174 -2.201 22.311 -6.262 -5.372 17.934
5 24 1.669 -3.079 28.745 1.904 -1.503 26.987 .841 .344 28.24 2.533 -4.116 26.383
5 24 13.398 11.22 9.861 11.253 14.441 8.205 12.277 13.763 6.829 11.681 11.794 11.297
5 24 8.295 3.083 -13.581 7.223 3.114 -14.455 5.927 5.03 -11.375 7.939 -.78 -14.946
5 24 -14.815 4.915 -9.161 -13.546 4.892 -9.771 -14.335 .371 -8.904 -13.153 8.198 -9.602
5 24 -4.317 -9.382 -9.796 -6.382 -8.695 -8.333 -4.659 -9.601 -4.755 -7.603 -6.226 -10.561
5 24 3.13 -12.756 27.321 1.707 -10.831 27.426 3.354 -10.69 26.699 1.392 -12.865 28.105
5 24 -1.587 17.391 14.007 1.439 14.611 16.925 -2.022 14.473 17.081 1.406 17.208 13.951
5 24 14.195 18.052 -.118 12.794 15.707 -1.034 12.729 16.877 -1.365 14.652 17.069 .89
5 24 .807 -9.878 -4.496 -.202 -10.139 -4.712 .706 -9.965 -7.12 -.111 -9.716 -3.219
5 24 4.414 .26 23.171 4.727 .329 24.03 5.453 -1.936 23.212 4.066 4.202 23.506
5 24 -14.749 -1.45 -1.654 -14.705 -1.464 -2.171 -12.35 -4.233 -1.485 -16.74 2.32 -1.021
5 24 -8.712 6.809 -9.513 -9.192 4 -9.192 -6.428 5.533 -11.04 -9.71 9.098 -8.417
5 24 10.837 -5.051 9.41 11.073 -5.536 8.476 8.29 -6.956 10.38 14.944 -.9 5.65
5 24 8.686 -7.903 17.98 7.688 -7.512 18.232 8.49 -6.704 19.89 7.551 -7.432 16.69
5 24 -6.188 -13.722 15.7 -6.354 -15.691 15.492 -5.58 -13.888 12.977 -6.506 -14.311 18.564
5 24 -13.583 -4.213 3.124 -14.139 -2.926 2.75 -14.235 -3.08 -.18 -13.321 -3.066 6.316
5 24 -14.139 -2.926 2.75 -14.94 -1.247 2.79 -14.236 -1.765 -1.061 -13.321 -3.066 6.316
5 24 11.643 -.839 12.407 8.301 -4.117 13.908 11.629 -.276 13.153 8.442 -4.308 13.282
5 24 15.318 10.048 -.301 16.103 11.931 -1.574 16.013 9.783 -1.435 15.501 11.663 .134
5 24 15.42 17.191 .561 14.99 18.438 -.575 15.794 17.974 -.717 14.195 18.052 -.118
5 24 8.929 -.594 -13.587 7.939 -.78 -14.946 7.679 -4.298 -13.524 8.295 3.083 -13.581
5 24 -16.724 16.375 -5.106 -16.292 19.675 -4.186 -17.943 17.665 -3.54 -14.564 17.791 -5.738
5 24 -5.075 -4.084 -14.336 -5.454 -6.747 -12.631 -6.303 -4.441 -14.22 -4.127 -6.082 -12.618
5 24 11.622 -3.112 -9.039 11.383 -4.107 -9.946 12.445 -.348 -12.091 10.14 -6.472 -7.626
5 24 10.631 5.722 15.073 10.05 1.416 15.531 9.221 1.97 15.812 11.994 5.385 14.49
5 24 8.581 -12.533 14.788 10.037 -11.076 15.239 10.532 -11.246 17.617 7.548 -10.55 12.685
5 24 .461 7.517 27.247 -.013 3.904 28.967 .07 6.829 29.365 1.487 5.474 25.816
5 24 -13.38 -4.832 -3.103 -12.35 -4.233 -1.485 -11.417 -6.009 -2.372 -14.705 -1.464 -2.171
5 24 15.217 8.533 4.685 16.155 3.605 6.87 15.526 5.604 7.616 15.598 6.515 3.191
5 24 13.906 10.524 1.677 12.686 10.347 1.579 12.241 11.878 3.817 13.72 10.601 .811
5 24 10.767 -4.442 9.782 10.837 -5.051 9.41 8.434 -6.199 11.096 14.944 -.9 5.65
5 24 13.381 4.246 12.163 11.384 .179 14.091 13.224 4.798 13.29 11.629 -.276 13.153
5 24 4.066 4.202 23.506 3.244 4.541 25.331 3.874 1.545 26.172 3.548 5.324 23.861
5 24 16.138 -.207 -3.722 17.363 .955 -6.19 14.525 -3.967 -6.246 17.064 4.738 -2.249
5 24 -4.317 -9.382 -9.796 -2.891 -8.072 -9.768 -4.127 -6.082 -12.618 -1.488 -9.562 -5.903
5 24 16.417 15.189 -5.79 18.39 13.788 -5.146 18.976 14.436 -3.645 17.014 11.253 -6.473
5 24 -6.616 -.662 -15.309 -4.013 -.094 -17.392 -6.617 4.578 -15.53 -5.075 -4.084 -14.336
5 24 15.071 -2.513 -6.936 17.363 .955 -6.19 17.073 1.819 -7.097 14.525 -3.967 -6.246
5 24 12.779 3.639 -11.799 14.649 3.9 -10.753 12.47 6.513 -11.666 14.198 .206 -9.731
5 24 1.517 -9.459 -6.544 3.309 -10.075 -6.425 6.009 -7.95 -10.974 .807 -9.878 -4.496
5 24 11.793 6.764 -12.989 12.779 3.639 -11.799 12.47 6.513 -11.666 12.505 3.065 -13.081
5 24 8.686 -7.903 17.98 7.551 -7.432 16.69 8.374 -7.635 16.089 7.688 -7.512 18.232
5 24 4.727 .329 24.03 3.874 1.545 26.172 4.333 -1.497 26.611 4.066 4.202 23.506
5 24 -14.661 .056 2.989 -15.132 .3 -.221 -15.242 1.801 .328 -14.94 -1.247 2.79
5 24 5.356 -8.393 -6.009 8.801 -7.401 -8.486 6.891 -6.458 -9.118 6.779 -8.843 -3.905
5 24 -2.622 4.727 -16.384 0 4 -13 -.339 2.243 -17.161 -4.311 6.408 -12.143
5 24 18.976 14.436 -3.645 16.417 15.189 -5.79 18.39 13.788 -5.146 17.176 16.811 -3.309
5 24 -15.87 20.223 -1.462 -16.292 19.675 -4.186 -14.678 19.142 -2.793 -17.491 21.035 -1.788
5 24 -3.587 3.213 28.048 -4.896 -.497 25.472 -4.879 -.528 28.174 -3.896 2.715 24.497
5 24 -16.154 2.842 -5.759 -14.335 .371 -8.904 -14.815 4.915 -9.161 -15.597 -1.767 -3.66
5 24 1.511 -17.998 21.849 1.673 -20.437 17.677 5.508 -19.166 18.121 -2.141 -18.259 20.912
5 24 13.033 13.008 5.581 13.398 11.22 9.861 12.277 13.763 6.829 13.869 10.127 8.633
5 24 -8.593 -7.398 24.854 -6.138 -7.368 26.065 -7.899 -3.934 26.627 -6.773 -10.626 24.743
5 24 -11.95 5.236 14.986 -8.462 2.059 16.65 -9.388 .937 16.338 -10.545 6.172 15.243
5 24 -16.292 19.675 -4.186 -17.943 17.665 -3.54 -17.491 21.035 -1.788 -16.724 16.375 -5.106
5 24 -10.216 -.567 14.277 -10.011 .028 15.439 -6.594 -3.809 15.073 -13.003 3.793 13.615
5 24 -15.777 9.368 6.397 -15.581 8.318 5.152 -14.309 10.308 3.813 -15.417 4.949 9.598
5 24 -9.795 -7.081 -5.591 -9.619 -8.068 -6.112 -8.101 -8.175 -3.318 -11.085 -5.759 -7.992
5 24 -2.891 -8.072 -9.768 -1.546 -8.901 -10.441 -1.488 -9.562 -5.903 -2.134 -7.075 -13.318
5 24 -7.132 -9.636 16.585 -6.385 -9.292 16.838 -6.629 -9.47 18.857 -6.364 -8.576 15.947
5 24 -9.442 -1.097 -13.106 -9.845 -3.77 -11.979 -8.531 -4.002 -12.008 -10.562 -1.19 -12.828
5 24 9.817 -7.871 6.759 7.225 -8.435 8.72 7.674 -7.944 9.215 8.04 -8.596 6.48
5 24 -14.235 -3.08 -.18 -12.35 -4.233 -1.485 -14.236 -1.765 -1.061 -13.051 -4.412 -.465
5 24 15.428 6.144 -8.412 15.344 2.287 -7.735 14.649 3.9 -10.753 16.505 7.181 -6.489
5 24 10.524 -9.967 19.875 8.686 -7.903 17.98 9.887 -7.518 21.309 10.532 -11.246 17.617
5 24 13.224 4.798 13.29 13.381 4.246 12.163 13.869 10.127 8.633 11.384 .179 14.091
5 24 14.944 -.9 5.65 14.769 -1.891 2.518 15.949 3.538 1.948 11.073 -5.536 8.476
5 24 -15.525 11.137 8.281 -14.792 12.252 9.043 -13.562 8.84 12.654 -14.036 13.551 7.514
5 24 -13.27 13.284 6.33 -13.937 12.105 5.7 -12.011 12.17 4.975 -14.443 12.528 6.606
5 24 -5.454 -6.747 -12.631 -4.127 -6.082 -12.618 -4.317 -9.382 -9.796 -5.075 -4.084 -14.336
5 24 -16.74 2.32 -1.021 -17.078 8.053 -.982 -17.416 8.628 1.296 -16.365 2.867 -2.148
5 24 7.989 3.479 17.011 8.7 2.889 16.512 5.02 -2.469 16.83 10.211 6.56 15.851
5 24 -6.138 -7.368 26.065 -7.899 -3.934 26.627 -5.407 -4.086 27.234 -8.593 -7.398 24.854
5 24 -5.733 -9.914 -4.275 -6.382 -8.695 -8.333 -7.629 -9.258 -8.065 -4.659 -9.601 -4.755
5 24 7.674 -7.944 9.215 9.817 -7.871 6.759 7.225 -8.435 8.72 9.967 -7.044 7.627
5 24 1.808 -15.094 27.994 1.392 -12.865 28.105 2.968 -14.784 27.727 .161 -15.066 27.161
5 24 -.862 -12.266 28.304 -.707 -12.839 27.842 -2.966 -12.175 27.829 1.068 -12.307 28.422
5 24 -13.828 -.216 9.183 -13.815 1.791 11.778 -12.036 -2.342 10.706 -15.327 2.882 8.473
5 24 -8.462 2.059 16.65 -9.388 .937 16.338 -5.56 -3.557 16.13 -11.95 5.236 14.986
5 24 -16.644 17.864 2.452 -17.794 17.589 2.357 -17.104 15.573 1.628 -17.827 20.397 1.207
5 24 -11.785 -6.102 2.857 -13.583 -4.213 3.124 -13.051 -4.412 -.465 -11.542 -5.033 8.514
5 24 3.309 -10.075 -6.425 .807 -9.878 -4.496 2.188 -10.05 -3.971 1.517 -9.459 -6.544
5 24 -9.838 7.344 16.615 -10.545 6.172 15.243 -7.716 3.035 17.563 -11.674 9.904 12.995
5 24 -13.701 -1.071 6.622 -13.153 -1.765 6.658 -13.326 -1.12 7.598 -14.661 .056 2.989
5 24 -9.331 3.406 -13.885 -10.056 4.414 -12.042 -9.442 -1.097 -13.106 -8.712 6.809 -9.513
5 24 -11.074 -4.072 -11.211 -11.085 -5.759 -7.992 -9.288 -6.612 -10.278 -12.266 -3.248 -9.069
5 24 -9.845 -3.77 -11.979 -8.531 -4.002 -12.008 -9.442 -1.097 -13.106 -9.288 -6.612 -10.278
5 24 -8.186 -8.449 6.849 -8.441 -7.586 7.262 -11.022 -6.336 2.298 -5.973 -8.707 9.489
5 24 -8.441 -7.586 7.262 -11.785 -6.102 2.857 -9.169 -7.284 7.975 -11.022 -6.336 2.298
5 24 -11.022 -6.336 2.298 -13.051 -4.412 -.465 -11.785 -6.102 2.857 -12.35 -4.233 -1.485
5 24 -5.275 -3.996 28.709 -3.197 -2.989 29.76 -3.433 .123 29.008 -3.138 -7.657 28.572
5 24 -15.889 10.987 -6.595 -19.068 12.664 -4.139 -17.672 10.039 -5.635 -16.994 15.129 -4.536
5 24 -9.234 -11.677 21.965 -8.184 -13.798 18.723 -9.123 -12.862 18.645 -7.66 -12.692 22.183
5 24 -15.609 15.807 1.876 -15.618 17.9 1.337 -14.428 16.202 .724 -16.644 17.864 2.452
5 24 1.044 -11.211 3.86 -.927 -10.493 -.982 1.392 -11.11 1.041 -1.849 -10.933 3.843
5 24 -13.38 -4.832 -3.103 -14.705 -1.464 -2.171 -15.597 -1.767 -3.66 -12.35 -4.233 -1.485
5 24 -6.408 9.026 17.631 -6.203 13.41 16.238 -5.467 9.078 18.169 -6.993 12.623 15.604
5 24 -6.561 -11.95 14.119 -8.405 -12.339 15.645 -7.074 -10.185 13.434 -7.398 -13.254 15.701
5 24 8.581 -12.533 14.788 8.712 -14.226 14.353 9.343 -14.802 17.463 7.58 -12.808 12.559
5 24 10.767 -4.442 9.782 8.648 -5.772 11.852 11.376 -3.962 10.561 8.434 -6.199 11.096
5 24 12.027 -6.232 1.464 10.339 -6.03 -2.432 9.996 -7.498 1.3 12.444 -4.145 -2.296
5 24 -9.388 .937 16.338 -13.003 3.793 13.615 -11.95 5.236 14.986 -10.011 .028 15.439
5 24 -4.317 -9.382 -9.796 -1.488 -9.562 -5.903 -2.886 -10.531 -5.034 -2.891 -8.072 -9.768
5 24 6.225 -13.991 11.679 8.712 -14.226 14.353 6.996 -16.106 13.979 7.58 -12.808 12.559
5 24 -7.398 -13.254 15.701 -6.188 -13.722 15.7 -6.561 -11.95 14.119 -6.506 -14.311 18.564
5 24 4.837 3.063 -15.771 5.871 -.62 -15.173 5.872 3.024 -14.363 4.553 -.413 -16.793
5 24 -11.085 -5.759 -7.992 -11.319 -5.131 -7.267 -12.266 -3.248 -9.069 -9.795 -7.081 -5.591
5 24 -5.492 -12.553 14.042 -6.561 -11.95 14.119 -4.779 -10.966 12.742 -6.188 -13.722 15.7
5 24 -13.051 -4.412 -.465 -13.583 -4.213 3.124 -11.785 -6.102 2.857 -14.235 -3.08 -.18
5 24 -2.096 -15.277 24.183 -5.358 -14.54 23.173 -2.969 -17.594 20.557 -3.417 -12.647 26.723
5 24 -15.327 2.882 8.473 -13.828 -.216 9.183 -13.815 1.791 11.778 -15.673 3.337 6.234
5 24 -13.431 11.581 11.029 -14.792 12.252 9.043 -13.782 13.051 9.074 -13.562 8.84 12.654
5 24 -13.782 13.051 9.074 -14.036 13.551 7.514 -12.807 14.1 6.788 -14.792 12.252 9.043
5 24 5.238 -3.353 -14.028 7.939 -.78 -14.946 5.871 -.62 -15.173 7.679 -4.298 -13.524
5 24 -5.467 9.078 18.169 -6.408 9.026 17.631 -5.171 6.963 18.208 -6.203 13.41 16.238
5 24 -1.89 -19.821 13.338 1.658 -19.992 13.201 -1.316 -17.107 10.011 -2.115 -20.181 17.056
5 24 -6.188 -13.722 15.7 -6.561 -11.95 14.119 -5.492 -12.553 14.042 -7.398 -13.254 15.701
5 24 4.278 5.707 18.766 2.461 6.996 19.321 5.995 8.582 18.12 3.421 4.607 19.083
5 24 12.027 -6.232 1.464 12.444 -4.145 -2.296 13.493 -4.334 1.965 10.339 -6.03 -2.432
5 24 17.176 16.811 -3.309 16.318 17.122 -.639 16.55 15.065 -.438 15.886 18.212 -2.572
5 24 1.439 14.611 16.925 4.47 10.5 18.423 1.419 10.974 18.728 4.714 14.997 16.476
5 24 -10.941 7.572 -10.777 -12.519 7.299 -11.216 -11.349 9.199 -9.681 -11.279 4.734 -12.279
5 24 -11.95 5.236 14.986 -13.003 3.793 13.615 -14.697 7.195 11.474 -9.388 .937 16.338
5 24 8.442 -4.308 13.282 12.354 -1.782 11.754 8.574 -4.995 12.927 11.643 -.839 12.407
5 24 11.376 -3.962 10.561 12.354 -1.782 11.754 8.574 -4.995 12.927 15.158 .715 9.182
5 24 5.453 -1.936 23.212 4.727 .329 24.03 4.414 .26 23.171 5.5 -2.196 23.575
5 24 -13.153 -1.765 6.658 -11.907 -3.943 8.608 -13.321 -3.066 6.316 -11.581 -2.693 9.455
5 24 1.544 4.09 25.759 3.244 4.541 25.331 1.533 1.806 26.489 2.249 5.597 25.517
5 24 -5.599 -4.516 17.442 -7.174 -2.201 22.311 -3.959 1.059 18.199 -7.495 -6.194 20.96
5 24 -4.896 -.497 25.472 -7.174 -2.201 22.311 -5.398 -2.797 25.643 -5.809 3.058 21.356
5 24 6.899 -10.237 24.252 5.782 -14.738 21.683 8.446 -13.167 21.366 4.059 -11.789 25.534
5 24 -7.797 -5.183 23.985 -6.916 -4.93 23.588 -7.828 -8.556 21.669 -7.334 -3.172 25.4
5 24 -12.266 -3.248 -9.069 -11.074 -4.072 -11.211 -11.085 -5.759 -7.992 -12.374 -.638 -11.917
5 24 13.125 9.751 12.125 13.398 11.22 9.861 13.224 4.798 13.29 11.681 11.794 11.297
5 24 11.384 .179 14.091 11.629 -.276 13.153 8.063 -3.78 14.465 13.381 4.246 12.163
5 24 4.629 -6.742 28.64 5.506 -9.066 26.61 5.263 -6.541 25.814 4.513 -9.207 29.826
5 24 1.019 -3.806 30.864 -2.316 -6.63 29.312 1.236 -6.68 29.49 -2.066 -3.539 30.885
5 24 1.975 -3.795 -14.913 1.185 -3.851 -15.77 1.134 -7.025 -13.453 1.831 -.635 -15.79
5 24 12.331 10.364 -10.162 12.633 13.969 -9.508 14.648 13.552 -10.066 10.225 14.056 -7.647
5 24 15.318 10.048 -.301 14.731 11.652 .554 15.501 11.663 .134 14.418 9.199 .639
5 24 -10.216 -.567 14.277 -13.003 3.793 13.615 -10.011 .028 15.439 -13.114 3.156 12.265
5 24 .841 .344 28.24 1.533 1.806 26.489 1.904 -1.503 26.987 -.043 1.081 29.354
5 24 3.354 -10.69 26.699 4.513 -9.207 29.826 5.506 -9.066 26.61 3.068 -9.875 29.67
5 24 -3.125 -18.925 16.899 -6.546 -16.324 18.762 -6.354 -15.691 15.492 -2.969 -17.594 20.557
5 24 -6.916 -4.93 23.588 -7.174 -2.201 22.311 -5.398 -2.797 25.643 -7.495 -6.194 20.96
5 24 8.165 7.612 17.256 9.429 7.248 16.595 9.032 13.91 14.079 6.824 4.253 17.594
5 24 1.392 -11.11 1.041 1.044 -11.211 3.86 -.927 -10.493 -.982 2.261 -10.995 2.205
5 24 1.282 -10.678 -.824 2.45 -10.36 -.093 2.501 -9.189 -2.202 1.392 -11.11 1.041
5 24 8.295 3.083 -13.581 9.766 2.545 -14.314 8.929 -.594 -13.587 9.839 5.577 -13.611
5 24 14.491 14.384 1.398 15.302 14.512 1.286 14.731 11.652 .554 14.652 17.069 .89
5 24 15.217 8.533 4.685 15.598 6.515 3.191 13.906 10.524 1.677 16.155 3.605 6.87
5 24 12.354 -1.782 11.754 15.158 .715 9.182 11.376 -3.962 10.561 14.588 1.441 10.295
5 24 8.04 -8.596 6.48 7.225 -8.435 8.72 9.817 -7.871 6.759 6.726 -8.909 8.232
5 24 -2.066 -3.539 30.885 -3.197 -2.989 29.76 -2.967 .324 31.087 -2.316 -6.63 29.312
5 24 -9.917 -3.774 12.287 -10.681 -1.211 13.731 -12.036 -2.342 10.706 -6.594 -3.809 15.073
5 24 1.419 10.974 18.728 -.454 9.734 19.535 -1.951 10.776 18.664 .992 9.002 19.454
5 24 12.976 -3.83 -7.438 10.424 -5.827 -6.419 12.402 -6.085 -5.364 11.622 -3.112 -9.039
5 24 1.709 -16.741 9.533 1.832 -14.211 8.517 4.396 -16.189 9.767 -.627 -14.124 8.612
5 24 -19.068 12.664 -4.139 -16.994 15.129 -4.536 -19.448 13.782 -1.154 -15.889 10.987 -6.595
5 24 8.446 -13.167 21.366 6.998 -16.581 17.485 5.782 -14.738 21.683 9.343 -14.802 17.463
5 24 -16.003 19.598 .148 -17.827 20.397 1.207 -17.491 21.035 -1.788 -16.644 17.864 2.452
5 24 -2.94 -4.708 -15.722 -2.134 -7.075 -13.318 .253 -7.441 -13.937 -4.127 -6.082 -12.618
5 24 11.376 -3.962 10.561 14.569 -.063 6.38 10.767 -4.442 9.782 15.3 .578 7.309
5 24 -18.281 10.801 -2.957 -18.863 9.323 -2.014 -17.274 11.258 .12 -17.255 8.224 -4.537
5 24 3.208 -6.558 -13.018 1.978 -6.466 -13.056 1.931 -8.402 -9.634 1.975 -3.795 -14.913
5 24 5.263 -6.541 25.814 4.946 -5.95 24.595 2.371 -5.386 26.098 5.179 -6.417 23.493
5 24 1.392 -12.865 28.105 2.968 -14.784 27.727 1.808 -15.094 27.994 3.13 -12.756 27.321
5 24 -14.749 -1.45 -1.654 -15.132 .3 -.221 -14.236 -1.765 -1.061 -16.74 2.32 -1.021
5 24 -13.377 -2.623 -8.096 -15.597 -1.767 -3.66 -13.38 -4.832 -3.103 -14.335 .371 -8.904
5 24 1.709 -16.741 9.533 4.396 -16.189 9.767 1.832 -14.211 8.517 5.258 -18.948 13.188
5 24 -2.515 17.176 13.794 -2.022 14.473 17.081 -2.891 14.162 16.69 -1.587 17.391 14.007
5 24 -2.134 -7.075 -13.318 .253 -7.441 -13.937 -2.94 -4.708 -15.722 .01 -9.4 -10.994
5 24 15.344 2.287 -7.735 14.649 3.9 -10.753 15.428 6.144 -8.412 14.198 .206 -9.731
5 24 9.221 1.97 15.812 6.157 -2.862 16.228 8.7 2.889 16.512 6.945 -2.995 15.571
5 24 -11.674 9.904 12.995 -13.431 11.581 11.029 -13.562 8.84 12.654 -11.538 13.484 10.483
5 24 -9.442 -1.097 -13.106 -10.562 -1.19 -12.828 -11.279 4.734 -12.279 -9.845 -3.77 -11.979
5 24 8.929 -.594 -13.587 7.679 -4.298 -13.524 7.939 -.78 -14.946 8.191 -3.837 -11.541
5 24 -.362 10.276 23.3 -2.419 6.306 23.888 -2.554 10.087 22.089 .915 7.138 24.45
5 24 4.059 -11.789 25.534 3.13 -12.756 27.321 3.354 -10.69 26.699 3.738 -14.763 25.578
5 24 -7.089 16.706 10.598 -6.773 16.581 12.438 -8.046 16.487 11.867 -6.122 16.901 11.244
5 24 16.318 17.122 -.639 16.55 15.065 -.438 16.008 14.466 .889 17.176 16.811 -3.309
5 24 17.363 .955 -6.19 17.064 4.738 -2.249 18.508 6.328 -3.976 16.138 -.207 -3.722
5 24 18.157 6.193 -5.971 18.508 6.328 -3.976 17.363 .955 -6.19 18.196 10.17 -3.672
5 24 16.013 9.783 -1.435 17.867 8.979 -1.811 17.16 6.891 -1.552 17.565 10.728 -1.898
5 24 15.526 5.604 7.616 13.358 2.734 11.007 13.925 6.522 8.685 14.588 1.441 10.295
5 24 -17.371 2.991 -3.811 -17.255 8.224 -4.537 -16.154 2.842 -5.759 -18.401 7.458 -2.907
5 24 7.989 3.479 17.011 6.824 4.253 17.594 4.699 -.828 17.285 9.429 7.248 16.595
5 24 1.467 6.437 24.269 2.333 9.688 21.91 3.061 7.462 20.721 1.321 10.068 23.429
5 24 17.014 11.253 -6.473 17.396 11.134 -4.211 18.39 13.788 -5.146 15.779 7.162 -7.68
5 24 -7.046 -7.765 16.934 -6.385 -9.292 16.838 -6.364 -8.576 15.947 -6.629 -9.47 18.857
5 24 14.652 17.069 .89 15.42 17.191 .561 14.195 18.052 -.118 15.302 14.512 1.286
5 24 10.404 14.4 7.379 12.277 13.763 6.829 11.253 14.441 8.205 12.011 12.895 4.975
5 24 -4.182 -10.028 4.771 -5.646 -9.895 5.452 -5.258 -9.37 .765 -3.411 -10.008 7.077
5 24 9.967 -7.044 7.627 9.894 -6.416 8.099 7.871 -7.422 9.571 13.493 -4.334 1.965
5 24 1.439 14.611 16.925 4.714 14.997 16.476 1.406 17.208 13.951 4.47 10.5 18.423
5 24 13.358 2.734 11.007 11.629 -.276 13.153 13.381 4.246 12.163 11.643 -.839 12.407
5 24 -.927 -10.493 -.982 1.282 -10.678 -.824 -.111 -9.716 -3.219 1.392 -11.11 1.041
5 24 14.484 19.394 -6.685 16.175 20.378 -5.316 16.617 18.596 -7.613 14.56 20.178 -4.294
5 24 11.693 8.681 -10.338 12.331 10.364 -10.162 12.47 6.513 -11.666 9.829 10.097 -8.24
5 24 -8.405 -12.339 15.645 -7.132 -9.636 16.585 -7.594 -9.932 18.861 -7.074 -10.185 13.434
5 24 8.62 -4.759 22.1 6.909 -8.623 22.505 5.179 -6.417 23.493 9.887 -7.518 21.309
5 24 -7.398 -13.254 15.701 -6.506 -14.311 18.564 -8.184 -13.798 18.723 -6.188 -13.722 15.7
5 24 15.019 19.835 -2.999 12.533 18.275 -2.349 14.56 20.178 -4.294 14.656 18.879 -2.381
5 24 .161 -15.066 27.161 1.395 -15.71 25.201 -1.24 -15.778 24.607 1.808 -15.094 27.994
5 24 -1.24 -15.778 24.607 1.395 -15.71 25.201 .161 -15.066 27.161 1.511 -17.998 21.849
5 24 6.891 -6.458 -9.118 8.801 -7.401 -8.486 10.095 -4.469 -11.641 5.356 -8.393 -6.009
5 24 -7.716 3.035 17.563 -6.028 4.56 18.071 -9.838 7.344 16.615 -3.959 1.059 18.199
5 24 10.631 5.722 15.073 8.7 2.889 16.512 10.211 6.56 15.851 9.221 1.97 15.812
5 24 10.376 -.79 -13.699 8.929 -.594 -13.587 8.191 -3.837 -11.541 9.766 2.545 -14.314
5 24 9.996 -7.498 1.3 7.702 -9.298 5.906 8.04 -8.596 6.48 9.532 -8.27 1.147
5 24 16.103 11.931 -1.574 15.501 11.663 .134 15.318 10.048 -.301 16.008 14.466 .889
5 24 -4.203 4.306 -17.097 -.339 2.243 -17.161 -2.053 1.605 -18.372 -2.622 4.727 -16.384
5 24 -11.022 -6.336 2.298 -11.221 -5.601 -1.572 -12.35 -4.233 -1.485 -10.73 -7.3 1.874
5 24 -7.716 3.035 17.563 -10.545 6.172 15.243 -9.838 7.344 16.615 -8.462 2.059 16.65
5 24 18.976 14.436 -3.645 17.464 12.133 -2.321 18.9 14.066 -1.734 18.39 13.788 -5.146
5 24 -5.171 6.963 18.208 -7.321 8.643 17.356 -6.408 9.026 17.631 -5.504 5.329 18.357
5 24 1.56 3.202 -12.59 4.837 3.063 -15.771 1.669 .948 -14.949 2.441 4 -12.515
5 24 -9.958 16.012 10.261 -11.538 13.484 10.483 -10.996 15.212 8.817 -10.705 11.717 13.98
5 24 -4.879 -.528 28.174 -3.433 .123 29.008 -3.587 3.213 28.048 -5.275 -3.996 28.709
5 24 -13.27 13.284 6.33 -12.011 12.17 4.975 -13.937 12.105 5.7 -10.713 14.555 6.916
5 24 -2.316 -6.63 29.312 .061 -9.202 28.578 .321 -7.95 29.13 -3.095 -9.275 28.011
5 24 11.374 12.747 12.366 9.751 16.086 10.348 10.811 15.199 8.897 10.317 13.637 13.446
5 24 15.158 .715 9.182 11.376 -3.962 10.561 15.3 .578 7.309 12.354 -1.782 11.754
5 24 14.56 20.178 -4.294 15.019 19.835 -2.999 12.533 18.275 -2.349 16.517 19.864 -3.473
5 24 15.154 5.6 -1.031 15.159 4.498 2.772 14.458 7.316 .478 15.949 3.538 1.948
5 24 14.769 -1.891 2.518 13.651 -3.041 2.257 11.073 -5.536 8.476 14.016 -.803 -1.694
5 24 -5.922 -8.064 27.119 -3.138 -7.657 28.572 -5.275 -3.996 28.709 -3.881 -10.769 26.391
5 24 2.188 -10.05 -3.971 3.673 -8.72 -2.999 3.309 -10.075 -6.425 2.501 -9.189 -2.202
5 24 4.396 -16.189 9.767 1.832 -14.211 8.517 3.92 -13.85 8.545 1.709 -16.741 9.533
5 24 1.044 -11.211 3.86 3.684 -10.934 4.784 .731 -11.097 6.23 2.261 -10.995 2.205
5 24 -3.138 -7.657 28.572 -5.275 -3.996 28.709 -5.922 -8.064 27.119 -3.197 -2.989 29.76
5 24 -7.321 8.643 17.356 -6.993 12.623 15.604 -6.408 9.026 17.631 -8.36 12.339 15.44
5 24 -1.316 -17.107 10.011 -2.536 -15.667 11.119 -3.025 -18.067 13.79 -.627 -14.124 8.612
5 24 7.816 -4.5 20.949 7.856 -6.568 19.758 8.49 -6.704 19.89 7.367 -4.558 20.719
5 24 16.55 15.065 -.438 16.008 14.466 .889 16.103 11.931 -1.574 16.318 17.122 -.639
5 24 17.565 10.728 -1.898 16.013 9.783 -1.435 17.867 8.979 -1.811 16.103 11.931 -1.574
5 24 17.363 .955 -6.19 17.073 1.819 -7.097 15.071 -2.513 -6.936 18.157 6.193 -5.971
5 24 13.544 -2.252 -2.102 16.138 -.207 -3.722 14.43 -3.546 -4.259 14.016 -.803 -1.694
5 24 -5.344 -8.572 -1.785 -7.421 -9.011 -3.34 -5.733 -9.914 -4.275 -6.849 -8.23 -1.832
5 24 -.745 -9.569 -3.266 -.927 -10.493 -.982 -1.988 -9.565 -2.375 -.111 -9.716 -3.219
5 24 -15.597 -1.767 -3.66 -14.335 .371 -8.904 -16.154 2.842 -5.759 -13.377 -2.623 -8.096
5 24 -2.886 -10.531 -5.034 -.745 -9.569 -3.266 -1.488 -9.562 -5.903 -1.988 -9.565 -2.375
5 24 13.496 17.552 -8.186 16.617 18.596 -7.613 14.484 19.394 -6.685 15.649 17.197 -9
5 24 -19.448 13.782 -1.154 -17.274 11.258 .12 -18.178 14.026 1.352 -18.281 10.801 -2.957
5 24 6.779 -8.843 -3.905 8.114 -8.289 -4.431 8.703 -7.224 -3.105 8.801 -7.401 -8.486
5 24 -8.101 -8.175 -3.318 -7.421 -9.011 -3.34 -9.619 -8.068 -6.112 -6.849 -8.23 -1.832
5 24 -17.416 8.628 1.296 -17.274 11.258 .12 -17.078 8.053 -.982 -16.185 11.022 2.255
5 24 12.241 11.878 3.817 13.906 10.524 1.677 13.161 11.756 4.315 12.686 10.347 1.579
5 24 6.899 -10.237 24.252 4.059 -11.789 25.534 5.782 -14.738 21.683 5.506 -9.066 26.61
5 24 5.872 3.024 -14.363 4.837 3.063 -15.771 5.871 -.62 -15.173 4.254 5.687 -12.154
5 24 5.871 -.62 -15.173 3.98 -3.62 -15.41 5.238 -3.353 -14.028 4.553 -.413 -16.793
5 24 -9.123 -12.862 18.645 -7.398 -13.254 15.701 -8.184 -13.798 18.723 -8.405 -12.339 15.645
5 24 1.673 -20.437 17.677 5.508 -19.166 18.121 5.258 -18.948 13.188 1.511 -17.998 21.849
5 24 -13.583 -4.213 3.124 -13.321 -3.066 6.316 -14.139 -2.926 2.75 -11.542 -5.033 8.514
5 24 5.44 -3.033 24.37 8.62 -4.759 22.1 5.179 -6.417 23.493 8.16 -3.095 22.949
5 24 -16.74 2.32 -1.021 -16.365 2.867 -2.148 -17.078 8.053 -.982 -14.705 -1.464 -2.171
5 24 9.192 8.968 -9.192 11.693 8.681 -10.338 9.829 10.097 -8.24 11.201 8.407 -11.452
5 24 -6.561 -11.95 14.119 -7.074 -10.185 13.434 -4.779 -10.966 12.742 -8.405 -12.339 15.645
5 24 -9.71 9.098 -8.417 -10.941 7.572 -10.777 -11.349 9.199 -9.681 -8.712 6.809 -9.513
5 24 -3.508 -9.795 4.591 -1.429 -10.657 6.328 -1.849 -10.933 3.843 -2.998 -9.95 6.795
5 24 1.065 -9.155 -10.235 1.931 -8.402 -9.634 1.517 -9.459 -6.544 1.978 -6.466 -13.056
5 24 4.035 -6.323 -12.05 6.009 -7.95 -10.974 1.517 -9.459 -6.544 7.679 -4.298 -13.524
5 24 9.221 1.97 15.812 10.05 1.416 15.531 10.631 5.722 15.073 6.945 -2.995 15.571
5 24 17.16 6.891 -1.552 15.154 5.6 -1.031 15.194 7.492 -.521 17.064 4.738 -2.249
5 24 -2.203 7.285 26.706 .461 7.517 27.247 .915 7.138 24.45 -2.165 6.692 29.148
5 24 13.224 4.798 13.29 11.994 5.385 14.49 13.125 9.751 12.125 10.05 1.416 15.531
5 24 -2.967 .324 31.087 -1.709 .611 31.494 -1.893 .966 29.255 -1.959 -.625 33.054
5 24 -2.096 -15.277 24.183 -2.141 -18.259 20.912 -1.24 -15.778 24.607 -2.969 -17.594 20.557
5 24 -15.618 17.9 1.337 -16.644 17.864 2.452 -15.609 15.807 1.876 -16.003 19.598 .148
5 24 5.238 -3.353 -14.028 3.98 -3.62 -15.41 5.871 -.62 -15.173 3.208 -6.558 -13.018
5 24 8.712 -14.226 14.353 6.996 -16.106 13.979 9.343 -14.802 17.463 6.225 -13.991 11.679
5 24 12.445 -.348 -12.091 12.407 .18 -10.724 12.505 3.065 -13.081 11.622 -3.112 -9.039
5 24 6.399 -9.857 5.598 5.929 -9.361 1.355 5.118 -9.913 5.402 7.77 -9.395 1.138
5 24 -7.66 -12.692 22.183 -6.773 -10.626 24.743 -5.783 -13.042 22.783 -9.234 -11.677 21.965
5 24 -17.255 8.224 -4.537 -17.672 10.039 -5.635 -16.253 5.803 -6.636 -18.281 10.801 -2.957
5 24 -7.477 4.113 -13.882 -4.975 6.16 -12.011 -6.428 5.533 -11.04 -6.617 4.578 -15.53
5 24 12.47 6.513 -11.666 11.793 6.764 -12.989 12.779 3.639 -11.799 11.201 8.407 -11.452
5 24 -11.022 -6.336 2.298 -11.785 -6.102 2.857 -8.441 -7.586 7.262 -13.051 -4.412 -.465
5 24 1.669 .948 -14.949 4.553 -.413 -16.793 1.831 -.635 -15.79 4.837 3.063 -15.771
5 24 -14.154 17.874 -.661 -13.489 17.844 -4.397 -12.511 15.379 -2.459 -14.678 19.142 -2.793
5 24 10.376 -.79 -13.699 8.191 -3.837 -11.541 10.095 -4.469 -11.641 8.929 -.594 -13.587
5 24 16.417 15.189 -5.79 15.649 17.197 -9 14.648 13.552 -10.066 16.832 17.272 -6.221
5 24 -4.328 -9.102 .564 -5.258 -9.37 .765 -5.344 -8.572 -1.785 -3.508 -9.795 4.591
5 24 -8.184 -13.798 18.723 -6.506 -14.311 18.564 -7.398 -13.254 15.701 -5.783 -13.042 22.783
5 24 4.513 -9.207 29.826 4.629 -6.742 28.64 5.506 -9.066 26.61 4.292 -7.584 29.843
5 24 1.019 -3.806 30.864 -2.066 -3.539 30.885 .312 -.632 33.155 -2.316 -6.63 29.312
5 24 -.927 -10.493 -.982 1.392 -11.11 1.041 1.282 -10.678 -.824 1.044 -11.211 3.86
5 24 -11.981 9.672 -9.022 -11.349 9.199 -9.681 -10.236 9.803 -7.63 -13.153 8.198 -9.602
5 24 12.633 13.969 -9.508 13.496 17.552 -8.186 11.017 16.985 -6.461 15.649 17.197 -9
5 24 4.292 -7.584 29.843 1.813 -5.961 28.13 1.236 -6.68 29.49 4.629 -6.742 28.64
5 24 5.118 -9.913 5.402 6.399 -9.857 5.598 5.593 -9.807 7.222 5.929 -9.361 1.355
5 24 9.751 16.086 10.348 9.192 15.848 9.192 10.811 15.199 8.897 8.502 16.232 11.046
5 24 14.43 -3.546 -4.259 14.525 -3.967 -6.246 16.138 -.207 -3.722 12.967 -5.336 -3.952
5 24 -13.397 -.584 8.108 -15.646 1.667 4.91 -15.291 2.644 5.404 -13.326 -1.12 7.598
5 24 11.693 8.681 -10.338 11.201 8.407 -11.452 12.47 6.513 -11.666 9.192 8.968 -9.192
5 24 -9.688 -4.361 11.487 -7.38 -5.937 12.814 -9.777 -5.28 10.921 -7.34 -5.466 13.037
5 24 14.656 18.879 -2.381 15.019 19.835 -2.999 12.533 18.275 -2.349 15.886 18.212 -2.572
5 24 1.392 -11.11 1.041 2.45 -10.36 -.093 1.282 -10.678 -.824 2.261 -10.995 2.205
5 24 -3.896 2.715 24.497 -3.587 3.213 28.048 -4.896 -.497 25.472 -2.419 6.306 23.888
5 24 4.975 16.681 12.011 4.04 17.176 13.763 3.531 16.99 12.298 6.152 16.763 12.756
5 24 4.124 4.906 20.227 2.525 5.586 23.094 3.061 7.462 20.721 3.283 4.224 22.654
5 24 -16.228 7.808 4.733 -15.569 8.207 2.552 -14.752 10.023 3.206 -16.241 6.878 3.195
5 24 11.201 8.407 -11.452 12.47 6.513 -11.666 11.793 6.764 -12.989 11.693 8.681 -10.338
5 24 -14.792 12.252 9.043 -13.782 13.051 9.074 -14.036 13.551 7.514 -13.431 11.581 11.029
5 24 11.622 -3.112 -9.039 12.445 -.348 -12.091 12.407 .18 -10.724 11.383 -4.107 -9.946
5 24 -6.773 16.581 12.438 -6.203 13.41 16.238 -6.993 12.623 15.604 -5.577 17.206 13.203
5 24 -.043 1.081 29.354 1.533 1.806 26.489 -.013 3.904 28.967 .841 .344 28.24
5 24 -1.849 -10.933 3.843 -4.328 -9.102 .564 -3.508 -9.795 4.591 -3.133 -10.205 -.419
5 24 16.059 3.79 4.843 15.159 4.498 2.772 14.569 -.063 6.38 15.598 6.515 3.191
5 24 13.033 13.008 5.581 13.763 9.272 6.565 13.869 10.127 8.633 13.161 11.756 4.315
5 24 14.588 1.441 10.295 15.158 .715 9.182 16.155 3.605 6.87 12.354 -1.782 11.754
5 24 5.91 1.123 20.82 4.414 .26 23.171 3.283 4.224 22.654 6.902 -2.478 20.733
5 24 -2.115 -20.181 17.056 1.673 -20.437 17.677 -2.141 -18.259 20.912 1.658 -19.992 13.201
5 24 16.832 17.272 -6.221 17.703 18.562 -4.452 17.176 16.811 -3.309 17.404 19.11 -5.905
5 24 -.454 9.734 19.535 2.333 9.688 21.91 -.362 10.276 23.3 .992 9.002 19.454
5 24 -16.244 4.087 2.503 -15.242 1.801 .328 -15.692 6.251 1.819 -16.091 2.124 1.839
5 24 4.292 -7.584 29.843 3.068 -9.875 29.67 4.513 -9.207 29.826 1.166 -9.961 29.582
5 24 -13.815 1.791 11.778 -13.114 3.156 12.265 -15.417 4.949 9.598 -10.216 -.567 14.277
5 24 8.38 -11.299 20.674 8.446 -13.167 21.366 6.899 -10.237 24.252 9.086 -12.846 17.755
5 24 5.995 8.582 18.12 7.224 8.365 17.615 5.774 4.865 18.411 6.822 14.122 15.169
5 24 1.808 -15.094 27.994 1.395 -15.71 25.201 3.738 -14.763 25.578 .161 -15.066 27.161
5 24 14.491 14.384 1.398 12.934 14.682 -.334 14.652 17.069 .89 13 11.52 0
5 24 1.395 -15.71 25.201 4.517 -16.664 22.345 1.511 -17.998 21.849 3.738 -14.763 25.578
5 24 14.195 18.052 -.118 12.729 16.877 -1.365 12.794 15.707 -1.034 13.323 18.253 -1.767
5 24 7.019 5.155 -10.644 9.192 4 -9.192 5.927 5.03 -11.375 8.106 7.062 -9.918