0 ~Slope Brick 10  6 x  8 U.S.S. Enterprise Name Plate and Blueprint Pattern
0 Name: s\4515p04s01.dat
0 Author: Philippe Hurbain [Philo]
0 !LDRAW_ORG Unofficial_Subpart
0 !LICENSE Licensed under CC BY 4.0 : see CAreadme.txt

0 BFC CERTIFY CCW

4 1 20.32 0 -17.92 17.7 0 -17.88 16.68 0 -18.71 20.44 0 -18.71
4 1 16.54 0 -32.52 20.25 0 -32.56 20.43 0 -31.92 16.69 0 -31.85
4 1 20.67 0 -22.73 24.7 0 -22.77 25.16 0 -22.22 20.53 0 -22.2
4 1 43.07 0 -24.4 42.81 0 -24.74 42.91 0 -25.16 43.32 0 -25.23
4 1 20.07 0 -25.5 19.94 0 -25.95 20.13 0 -26.88 20.56 0 -26.85
4 1 49.25 0 -5.67 49.62 0 -4 49.51 0 -2.48 48.9 0 -2.12
4 1 41.97 0 -9.07 42.48 0 -9.55 42.94 0 -8.98 42.23 0 -8.73
4 1 45.03 0 -10.16 41.38 0 -10.15 42.52 0 -10.7 43.12 0 -10.77
3 1 35.16 0 -8.91 35.17 0 -9.49 36.23 0 -9.47
4 1 30.1 0 -10.24 30.11 0 -11.02 30.9 0 -11.25 31.17 0 -10.65
4 1 19.2 0 7.54 26.88 0 5.55 27.76 0 5.7 19.84 0 7.81
4 1 35.55 0 8.29 36.06 0 7.8 36.52 0 8.38 35.81 0 8.63
4 1 40.74 0 6.2 37.77 0 6.18 37.41 0 5.71 40.83 0 5.65
4 1 13.99 0 -5.2 14.5 0 -5.68 14.96 0 -5.11 14.25 0 -4.86
4 1 28.62 0 -5.24 29.13 0 -5.72 29.6 0 -5.15 28.89 0 -4.9
4 1 18.61 0 -5.2 19.12 0 -5.68 19.58 0 -5.11 18.87 0 -4.86
4 1 17 0 -5.2 17.51 0 -5.68 17.97 0 -5.11 17.26 0 -4.86
4 1 15.6 0 -5.2 16.11 0 -5.68 16.57 0 -5.11 15.86 0 -4.86
4 1 26.58 0 -7.37 22.08 0 -8.83 22.79 0 -9.09 25.51 0 -8.24
4 1 40.74 0 -.67 40.83 0 -.15 37.44 0 -.2 38.38 0 -.64
4 1 -12.43 0 6.42 -10.96 0 7.68 -10.27 0 8.29 -10.67 0 8.75
4 1 -10.2 0 -3.26 -5.58 0 -3.11 -5.61 0 -2.63 -6.23 0 -2.68
4 1 -42.71 0 -44.89 -42.5 0 -44.47 -42.68 0 -43.97 -43.19 0 -44.7
4 1 -43.82 0 -40.63 -44.71 0 -40.46 -44.54 0 -40.87 -44.13 0 -40.92
4 1 -43.81 0 -43.76 -44.7 0 -43.59 -44.53 0 -44 -44.12 0 -44.05
4 1 -58.1 0 -35.1 -57.99 0 -34.68 -58.15 0 -34.3 -58.4 0 -34.46
4 1 -68.3 0 -18.43 -67.6 0 -18.55 -67.54 0 -17.81 -68.27 0 -18
4 1 -61.21 0 -14.65 -62.38 0 -14.56 -69.45 0 -16.82 -69.58 0 -17.33
4 1 -66.03 0 -8.03 -65.53 0 -8.52 -65.06 0 -7.95 -65.77 0 -7.7
4 1 -64.42 0 -8.03 -63.91 0 -8.52 -63.45 0 -7.95 -64.16 0 -7.7
4 1 -42.48 0 -7.17 -42.72 0 -7.67 -39.4 0 -7.71 -40.09 0 -7.13
4 1 -47.86 0 -5.95 -47.35 0 -6.44 -46.89 0 -5.87 -47.6 0 -5.62
4 1 -46.25 0 -5.95 -45.74 0 -6.44 -45.27 0 -5.87 -45.99 0 -5.62
3 1 -40.83 0 1.06 -39.69 0 .9 -39.7 0 1.37
4 1 -38.49 0 6.54 -37.94 0 6.18 -37.07 0 6.88 -37.85 0 6.76
4 1 -40.73 0 5.86 -40.31 0 5.93 -40.05 0 6.26 -40.56 0 6.69
4 1 -19.61 0 -2.73 -19.1 0 -3.21 -18.63 0 -2.64 -19.34 0 -2.39
4 1 -18.09 0 -2.73 -17.58 0 -3.21 -17.11 0 -2.64 -17.82 0 -2.39
4 1 -19.61 0 8.43 -19.1 0 7.94 -18.63 0 8.51 -19.34 0 8.76
4 1 -18.09 0 8.43 -17.58 0 7.94 -17.11 0 8.51 -17.82 0 8.76
4 1 -16.48 0 8.43 -15.97 0 7.94 -15.5 0 8.51 -16.21 0 8.76
4 1 -5.74 0 -13.73 -5.23 0 -14.22 -4.76 0 -13.65 -5.47 0 -13.4
4 1 -4.12 0 -13.73 -3.61 0 -14.22 -3.15 0 -13.65 -3.86 0 -13.4
4 1 -53.69 0 -16.36 -54.09 0 -15.71 -55.98 0 -12.9 -56.46 0 -13.21
4 1 -50.18 0 -10.6 -56.07 0 -12.31 -55.98 0 -12.9 -50.09 0 -11.13
4 1 -46.43 0 -10.98 -45.92 0 -11.47 -45.46 0 -10.89 -46.17 0 -10.64
4 1 -44.82 0 -10.98 -44.31 0 -11.47 -43.84 0 -10.89 -44.55 0 -10.64
4 1 -25.94 0 -13.52 -25.94 0 -7.66 -26.49 0 -10.43 -26.42 0 -11.5
4 1 -23.51 0 -16.38 -22.53 0 -15.79 -22.07 0 -15.41 -23.16 0 -15.93
3 1 -39.63 0 -24.36 -40.33 0 -24.62 -37.44 0 -24.39
4 1 -26.91 0 -26.76 -26.91 0 -27.47 -26.14 0 -26.99 -26.48 0 -26.72
4 1 -28.59 0 -30.02 -29.47 0 -29.85 -29.3 0 -30.26 -28.9 0 -30.31
4 1 -36.68 0 -33.09 -36.07 0 -31.52 -36.65 0 -30.93 -36.7 0 -31.32
4 1 -44.24 0 -28.16 -43.48 0 -28.64 -43.48 0 -27.94 -43.91 0 -27.9
4 1 -42.14 0 -27.12 -42.38 0 -26.76 -42.8 0 -26.72 -42.37 0 -27.47
4 1 -30.48 0 -17.98 -30.96 0 -18.49 -30.07 0 -18.67 -30.14 0 -18.24
4 1 -30.48 0 -16.46 -30.97 0 -16.98 -30.08 0 -17.15 -30.14 0 -16.73
4 1 -30.49 0 -14.85 -30.97 0 -15.36 -30.09 0 -15.54 -30.15 0 -15.11
4 1 -38.58 0 -16.46 -39.06 0 -16.98 -38.17 0 -17.15 -38.24 0 -16.73
4 1 -38.59 0 -14.85 -39.07 0 -15.36 -38.18 0 -15.54 -38.25 0 -15.11
4 1 -25.39 0 -5.95 -24.88 0 -6.43 -24.42 0 -5.86 -25.13 0 -5.61
4 1 -30.84 0 -6.48 -31.1 0 -6.15 -31.82 0 -6.4 -31.35 0 -6.97
4 1 -37.46 0 -6.42 -37.72 0 -6.08 -38.43 0 -6.33 -37.97 0 -6.9
4 1 -41.66 0 -.67 -41.92 0 -.33 -42.63 0 -.58 -42.17 0 -1.16
4 1 -40.05 0 -.67 -40.31 0 -.33 -40.73 0 -.27 -40.56 0 -1.1
4 1 -31.54 0 5.87 -31.57 0 6.43 -34.46 0 6.42 -34.47 0 5.92
4 1 -36.53 0 -.24 -34.97 0 -.92 -35.01 0 -.29 -36.01 0 -.03
4 1 -6.67 0 -24.91 -7.08 0 -25.02 -7.26 0 -25.4 -6.98 0 -25.71
4 1 -8.35 0 -24.02 -8.25 0 -24.72 -7.56 0 -24.13 -7.94 0 -23.92
4 1 -13.02 0 -34.32 -13.43 0 -34.42 -13.61 0 -34.81 -13.33 0 -35.12
4 1 -54.34 0 -33.6 -55.04 0 -33.52 -55.06 0 -34.26 -54.34 0 -34.02
4 1 -51.86 0 -31.68 -52.56 0 -31.61 -52.58 0 -32.35 -51.87 0 -32.11
4 1 -61.71 0 -24.64 -61.02 0 -24.75 -60.95 0 -24.02 -61.68 0 -24.21
4 1 -63.05 0 -25.54 -62.35 0 -25.66 -62.29 0 -24.92 -63.02 0 -25.11
4 1 -64.93 0 -23.02 -64.24 0 -23.13 -64.17 0 -22.4 -64.9 0 -22.59
4 1 -59.09 0 -22.45 -59.12 0 -22.88 -58.8 0 -23.17 -58.42 0 -23
4 1 -50.59 0 -30.69 -51.29 0 -30.62 -51.31 0 -31.36 -50.59 0 -31.12
4 1 -51.75 0 -40.53 -51.78 0 -40.95 -51.46 0 -41.24 -51.08 0 -41.07
4 1 -65.95 0 -18.49 -65.98 0 -18.92 -65.66 0 -19.21 -65.28 0 -19.04
4 1 -67.28 0 -19.4 -67.31 0 -19.82 -67 0 -20.11 -66.62 0 -19.94
4 1 -45.38 0 -43.34 -45.72 0 -43.08 -46.14 0 -43.18 -46.21 0 -43.59
4 1 -45.4 0 -40.21 -45.74 0 -39.95 -46.15 0 -40.05 -46.22 0 -40.46
4 1 -21.09 0 -37.08 -20.72 0 -37.29 -20.3 0 -37.19 -20.4 0 -36.49
4 1 -17.47 0 -41.07 -17.57 0 -40.37 -18.25 0 -40.96 -17.88 0 -41.17
4 1 -20.83 0 -39.25 -20.14 0 -38.67 -20.57 0 -38.54 -20.86 0 -38.83
4 1 -24.4 0 -40.45 -25.29 0 -40.28 -25.12 0 -40.69 -24.71 0 -40.74
4 1 57.74 0 -20.53 57.13 0 -20.93 57.69 0 -22.35 58.26 0 -21.72
4 1 57.13 0 -20.93 57.74 0 -20.53 56.27 0 -19.05 56.4 0 -20.01
4 1 56.4 0 -20.01 56.27 0 -19.05 53.7 0 -18.43 54.78 0 -19.25
4 1 54.78 0 -19.25 53.7 0 -18.43 50.61 0 -18.31 53.22 0 -19.02
4 1 53.22 0 -19.02 50.61 0 -18.31 26.42 0 -18.34 26.57 0 -19
4 1 24.23 0 -18.7 25.82 0 -19.03 26.57 0 -19 26.42 0 -18.34
4 1 58.26 0 -21.72 57.69 0 -22.35 57.8 0 -26.57 58.43 0 -26.25
4 1 20.32 0 -17.92 20.44 0 -18.71 21.53 0 -18.72 20.81 0 -18.04
4 1 15.86 0 -19.16 16.68 0 -18.71 17.7 0 -17.88 16.11 0 -18.07
4 1 14.8 0 -20.01 14.38 0 -19.37 12.85 0 -19.88 13.6 0 -20.33
4 1 13.6 0 -20.33 12.85 0 -19.88 11.77 0 -20.35 12.06 0 -21.07
4 1 11.87 0 -21.66 12.06 0 -21.07 11.77 0 -20.35 10.94 0 -21.06
4 1 11.87 0 -21.66 10.94 0 -21.06 8.79 0 -21.06 9.23 0 -21.78
4 1 8.03 0 -21.2 7.99 0 -22.08 9.23 0 -21.78 8.79 0 -21.06
3 1 8.03 0 -21.2 7.47 0 -21.55 7.99 0 -22.08
4 1 7.08 0 -22.06 7.68 0 -22.39 7.99 0 -22.08 7.47 0 -21.55
4 1 7.46 0 -23.44 7.68 0 -22.39 7.08 0 -22.06 6.7 0 -23.41
4 1 7.46 0 -23.44 6.7 0 -23.41 6.7 0 -26.99 7.44 0 -26.69
4 1 14.38 0 -19.37 14.8 0 -20.01 16.68 0 -19.95 15.86 0 -19.16
3 1 16.68 0 -19.95 16.68 0 -18.71 15.86 0 -19.16
4 1 21.7 0 -19.43 21.53 0 -18.72 20.44 0 -18.71 20.44 0 -19.32
4 1 24.23 0 -18.7 22.67 0 -18.73 21.7 0 -19.43 24.45 0 -19.38
3 1 24.45 0 -19.38 25.82 0 -19.03 24.23 0 -18.7
3 1 21.7 0 -19.43 22.67 0 -18.73 21.53 0 -18.72
3 1 25.93 0 -31.3 22.71 0 -31.06 26.57 0 -32.15
4 1 26.57 0 -32.15 22.71 0 -31.06 20.49 0 -31.1 21.53 0 -31.86
4 1 16.69 0 -31.85 16.66 0 -30.56 14.91 0 -30.49 15.73 0 -31.25
3 1 12.13 0 -29.52 11.87 0 -28.88 10.59 0 -29.54
4 1 8.98 0 -29.53 10.59 0 -29.54 11.87 0 -28.88 8.43 0 -28.76
4 1 58.13 0 -28.85 58.43 0 -26.25 57.8 0 -26.57 57.64 0 -28.26
4 1 56.98 0 -29.79 57.67 0 -29.94 58.13 0 -28.85 57.39 0 -29.06
4 1 25.93 0 -31.3 26.57 0 -32.15 52.1 0 -32.11 30.62 0 -31.36
3 1 20.25 0 -32.56 20.84 0 -32.39 20.43 0 -31.92
4 1 20.49 0 -31.1 20.43 0 -31.92 20.84 0 -32.39 21.53 0 -31.86
4 1 12.75 0 -29.86 13.19 0 -30.82 14.43 0 -31.12 14.91 0 -30.49
3 1 14.43 0 -31.12 15.73 0 -31.25 14.91 0 -30.49
4 1 54.2 0 -31.96 54.33 0 -31.19 50.96 0 -31.38 52.1 0 -32.11
3 1 58.13 0 -28.85 57.64 0 -28.26 57.39 0 -29.06
4 1 12.75 0 -29.86 12.13 0 -29.52 10.59 0 -29.54 13.19 0 -30.82
3 1 8.11 0 -29.33 8.98 0 -29.53 8.43 0 -28.76
4 1 7.35 0 -28.85 8.11 0 -29.33 8.43 0 -28.76 7.86 0 -28.32
4 1 7.58 0 -27.72 6.95 0 -28.3 7.35 0 -28.85 7.86 0 -28.32
4 1 6.95 0 -28.3 7.58 0 -27.72 7.44 0 -26.69 6.7 0 -26.99
4 1 57.67 0 -29.94 56.98 0 -29.79 56.35 0 -30.41 56.91 0 -30.84
4 1 56.91 0 -30.84 56.35 0 -30.41 55.49 0 -30.89 55.78 0 -31.52
4 1 54.2 0 -31.96 55.78 0 -31.52 55.49 0 -30.89 54.33 0 -31.19
4 1 16.54 0 -32.52 16.69 0 -31.85 15.73 0 -31.25 16.12 0 -32.25
3 1 52.1 0 -32.11 50.96 0 -31.38 30.62 0 -31.36
4 1 9.29 0 -24.09 8.71 0 -24.4 8.68 0 -25.44 9.15 0 -25.14
3 1 8.68 0 -25.44 8.84 0 -26.11 9.15 0 -25.14
4 1 9.15 0 -25.14 8.84 0 -26.11 9.51 0 -27.44 9.59 0 -26.66
4 1 10.45 0 -27.71 9.59 0 -26.66 9.51 0 -27.44 9.89 0 -27.68
3 1 8.99 0 -23.45 8.71 0 -24.4 9.29 0 -24.09
4 1 8.99 0 -23.45 9.29 0 -24.09 9.72 0 -22.86 9.26 0 -22.99
4 1 54.91 0 -23.22 56.1 0 -23.7 56.47 0 -23.65 56.55 0 -23.41
4 1 49.96 0 -23.28 50.46 0 -23.23 50.46 0 -20.16 49.93 0 -20.35
4 1 41.81 0 -23.28 45.03 0 -23.73 56.1 0 -23.7 49.96 0 -23.28
4 1 54.91 0 -23.22 50.46 0 -23.23 49.96 0 -23.28 56.1 0 -23.7
3 1 44.58 0 -23.81 44.73 0 -24.14 45.03 0 -23.73
3 1 44.19 0 -23.69 44.58 0 -23.81 45.03 0 -23.73
4 1 41.52 0 -20.24 41.48 0 -20.58 41.81 0 -23.28 41.81 0 -20.18
4 1 41.48 0 -23.28 44.19 0 -23.69 45.03 0 -23.73 41.81 0 -23.28
4 1 37.31 0 -23.72 36.55 0 -23.75 36.73 0 -24.36 37.17 0 -24.35
3 1 41.81 0 -23.28 41.48 0 -20.58 41.48 0 -23.28
4 1 25.49 0 -23.71 25.2 0 -23.27 24.7 0 -22.77 25.19 0 -23.94
4 1 37.23 0 -23.28 29.07 0 -23.28 25.49 0 -23.71 36.55 0 -23.75
4 1 44.19 0 -23.69 41.48 0 -23.28 37.55 0 -23.27 37.31 0 -23.72
4 1 36.55 0 -23.75 37.31 0 -23.72 37.55 0 -23.27 37.23 0 -23.28
4 1 37.23 0 -20.24 37.23 0 -23.28 37.55 0 -23.27 37.56 0 -20.33
4 1 20.56 0 -26.85 20.56 0 -23.25 20.06 0 -24.05 20.07 0 -25.5
3 1 20.06 0 -24.05 20.56 0 -23.25 20 0 -23.47
3 1 16.8 0 -21.11 16.6 0 -21.45 16.97 0 -21.55
4 1 16.93 0 -24.04 16.98 0 -23.52 16.97 0 -21.55 16.6 0 -21.45
4 1 20.53 0 -20.59 20.12 0 -20.59 20 0 -23.47 20.53 0 -22.2
4 1 16.93 0 -24.04 20.06 0 -24.05 20 0 -23.47 16.98 0 -23.52
3 1 29.07 0 -23.28 29.08 0 -20.82 28.6 0 -23.28
4 1 28.6 0 -23.28 29.08 0 -20.82 28.88 0 -20.27 28.7 0 -20.16
3 1 25.49 0 -23.71 29.07 0 -23.28 28.6 0 -23.28
3 1 25.49 0 -23.71 28.6 0 -23.28 25.2 0 -23.27
4 1 20.56 0 -23.25 20.67 0 -22.73 20.53 0 -22.2 20 0 -23.47
3 1 24.7 0 -22.77 25.2 0 -23.27 25.16 0 -22.22
3 1 43.73 0 -25.06 43.78 0 -24.65 43.32 0 -25.23
4 1 43.49 0 -24.34 43.07 0 -24.4 43.32 0 -25.23 43.78 0 -24.65
4 1 36.7 0 -25.85 37.2 0 -25.86 37.17 0 -24.35 36.73 0 -24.36
4 1 44.68 0 -25.86 45.03 0 -25.86 45.03 0 -23.73 44.73 0 -24.14
4 1 37.56 0 -26.42 37.2 0 -25.86 36.7 0 -25.85 37.18 0 -26.39
4 1 29.09 0 -26.43 37.18 0 -26.39 36.7 0 -25.85 29.92 0 -25.96
4 1 41.82 0 -26.43 44.68 0 -25.86 37.2 0 -25.86 41.42 0 -26.39
4 1 24.7 0 -22.77 24.71 0 -26.82 25.21 0 -25.8 25.19 0 -23.94
4 1 49.89 0 -26.39 45.03 0 -25.86 44.68 0 -25.86 41.82 0 -26.43
3 1 56.37 0 -25.96 45.03 0 -25.86 49.89 0 -26.39
3 1 37.2 0 -25.86 37.56 0 -26.42 41.42 0 -26.39
4 1 29.92 0 -25.96 25.21 0 -25.8 25.21 0 -26.45 28.58 0 -26.38
4 1 55.95 0 -26.39 56.35 0 -26.34 56.51 0 -26.12 56.37 0 -25.96
4 1 28.62 0 -30.15 29.11 0 -29.91 29.09 0 -26.43 28.58 0 -26.38
3 1 37.18 0 -26.39 37.17 0 -29.13 37.56 0 -26.42
4 1 37.56 0 -26.42 37.17 0 -29.13 37.34 0 -30.14 37.6 0 -29.16
3 1 28.58 0 -26.38 29.09 0 -26.43 29.92 0 -25.96
4 1 49.89 0 -26.39 49.92 0 -29.83 50.23 0 -30.19 50.48 0 -29.28
3 1 50.48 0 -29.28 50.49 0 -26.45 49.89 0 -26.39
4 1 49.89 0 -26.39 50.49 0 -26.45 55.95 0 -26.39 56.37 0 -25.96
3 1 41.44 0 -29.53 41.58 0 -30.16 41.85 0 -29.15
4 1 41.44 0 -29.53 41.85 0 -29.15 41.82 0 -26.43 41.42 0 -26.39
4 1 16.6 0 -21.45 16.55 0 -27.58 16.93 0 -25.48 16.93 0 -24.04
4 1 16.8 0 -29.38 16.97 0 -28.82 16.92 0 -26.65 16.55 0 -27.58
4 1 17.04 0 -25.96 16.93 0 -25.48 16.55 0 -27.58 16.92 0 -26.65
4 1 25.21 0 -25.8 24.71 0 -26.82 25.19 0 -27.4 25.21 0 -26.45
4 1 24.71 0 -26.82 22.94 0 -26.95 20.62 0 -27.43 25.19 0 -27.4
3 1 20.07 0 -29.08 20.6 0 -28.92 20.51 0 -28.16
4 1 20.13 0 -26.88 20.62 0 -27.43 22.94 0 -26.95 20.56 0 -26.85
4 1 20.62 0 -27.43 20.13 0 -26.88 20.07 0 -29.08 20.51 0 -28.16
4 1 17.04 0 -25.96 19.94 0 -25.95 20.07 0 -25.5 16.93 0 -25.48
3 1 37.95 0 -24.74 38.05 0 -25.16 38.46 0 -25.23
3 1 38.46 0 -25.23 38.87 0 -25.06 38.93 0 -24.65
3 1 38.93 0 -24.65 38.64 0 -24.34 38.21 0 -24.4
4 1 38.93 0 -24.65 38.21 0 -24.4 37.95 0 -24.74 38.46 0 -25.23
4 1 14.83 0 -21.29 14.76 0 -27.38 15.35 0 -28.83 15.35 0 -21.32
3 1 15.35 0 -21.32 15.17 0 -21.08 14.83 0 -21.29
4 1 15.35 0 -29.28 15.35 0 -28.83 14.76 0 -27.38 15 0 -29.4
4 1 11.73 0 -23.85 12.32 0 -23.29 12.19 0 -22.98 11.9 0 -22.86
4 1 11.76 0 -27.24 12.31 0 -27.34 12.32 0 -23.29 11.73 0 -23.85
4 1 12.31 0 -27.34 11.76 0 -27.24 11.8 0 -27.65 12.07 0 -27.73
4 1 -2.24 0 -24.91 -1.32 0 -24.76 -.87 0 -23.51 -1.64 0 -23.47
4 1 -.81 0 -21.65 -1.61 0 -21.69 -1.64 0 -23.47 -.87 0 -23.51
4 1 -8.03 0 -36.5 -9.54 0 -37.3 -12.87 0 -40.75 -11 0 -39.9
3 1 -22.24 0 -47.19 -18.14 0 -45.36 -20.88 0 -45.93
4 1 -25.43 0 -47.37 -30.15 0 -48.1 -31.04 0 -48.86 -26.58 0 -48.32
4 1 -48.94 0 -45.81 -48.71 0 -46.65 -44.44 0 -48.04 -44.39 0 -47.25
4 1 -39.69 0 -48.07 -44.39 0 -47.25 -44.44 0 -48.04 -40.01 0 -48.8
4 1 -56.76 0 -40.35 -56.23 0 -41.77 -52.67 0 -44.53 -53.08 0 -43.41
4 1 -48.71 0 -46.65 -48.94 0 -45.81 -53.08 0 -43.41 -52.67 0 -44.53
4 1 -62.88 0 -32.98 -62.27 0 -35.09 -59.44 0 -38.61 -60.07 0 -36.87
4 1 -60.07 0 -36.87 -59.44 0 -38.61 -56.23 0 -41.77 -56.76 0 -40.35
4 1 -62.27 0 -35.09 -62.88 0 -32.98 -65.33 0 -28.85 -64.7 0 -31.29
3 1 -72.24 0 -14.88 -70.78 0 -19.17 -71.21 0 -15.69
4 1 -74.09 0 -1.45 -73.77 0 -5.97 -73.03 0 -6.24 -73.47 0 -1.45
4 1 -73.3 0 8.72 -74.11 0 8.43 -74.24 0 3.08 -73.63 0 3.37
4 1 -73.63 0 3.37 -74.24 0 3.08 -74.09 0 -1.45 -73.47 0 -1.45
3 1 -73.3 0 8.72 -73.71 0 8.78 -74.11 0 8.43
4 1 -66.88 0 -27.32 -67.56 0 -24.59 -69.57 0 -20.22 -68.92 0 -23.29
4 1 4.44 0 8.66 4.37 0 -9.99 5.09 0 -11.27 5.12 0 8.71
3 1 5.09 0 -11.27 4.37 0 -9.99 4.26 0 -11.01
4 1 5.09 0 -11.27 3.71 0 -12.34 -1.16 0 -20.33 -.24 0 -20.19
4 1 -1.61 0 -21.69 -.81 0 -21.65 -.24 0 -20.19 -1.16 0 -20.33
3 1 5.09 0 -11.27 4.26 0 -11.01 3.71 0 -12.34
4 1 -1.32 0 -24.76 -2.24 0 -24.91 -4.33 0 -29.25 -3.28 0 -28.84
4 1 -73.77 0 -5.97 -73.19 0 -10.46 -72.31 0 -11.01 -73.03 0 -6.24
4 1 -73.19 0 -10.46 -72.24 0 -14.88 -71.21 0 -15.69 -72.31 0 -11.01
4 1 -3.28 0 -28.84 -4.33 0 -29.25 -6.69 0 -33.43 -5.46 0 -32.79
4 1 -68.92 0 -23.29 -69.57 0 -20.22 -71.21 0 -15.69 -70.78 0 -19.17
4 1 -5.46 0 -32.79 -6.69 0 -33.43 -9.54 0 -37.3 -8.03 0 -36.5
4 1 -64.7 0 -31.29 -65.33 0 -28.85 -67.56 0 -24.59 -66.88 0 -27.32
4 1 -11 0 -39.9 -12.87 0 -40.75 -16.69 0 -43.64 -14.39 0 -42.87
4 1 -14.39 0 -42.87 -16.69 0 -43.64 -20.88 0 -45.93 -18.14 0 -45.36
4 1 -26.58 0 -48.32 -22.24 0 -47.19 -20.88 0 -45.93 -25.43 0 -47.37
4 1 -35.53 0 -48.95 -31.04 0 -48.86 -30.15 0 -48.1 -34.92 0 -48.33
4 1 -40.01 0 -48.8 -35.53 0 -48.95 -34.92 0 -48.33 -39.69 0 -48.07
3 1 49.51 0 -2.48 49.61 0 8.57 48.9 0 -2.12
4 1 49.25 0 8.77 48.93 0 8.43 48.9 0 -2.12 49.61 0 8.57
4 1 50.74 0 -13.61 51.62 0 -13.95 49.62 0 -4 49.25 0 -5.67
4 1 51.42 0 -16.17 51.62 0 -13.95 50.74 0 -13.61 50.7 0 -16.14
3 1 49.63 0 -14.42 49.46 0 -13.87 48.97 0 -14.42
4 1 46.82 0 -14.42 48.97 0 -14.42 49.46 0 -13.87 46.9 0 -13.85
4 1 47.54 0 -3.26 46.87 0 -3.34 46.84 0 -3.95 47.43 0 -3.84
4 1 46.82 0 -.13 46.33 0 -.61 46.84 0 -3.95 46.87 0 -3.34
3 1 46.82 0 -14.42 46.9 0 -13.85 46.19 0 -16.04
3 1 46.19 0 -16.04 46.84 0 -16.02 46.82 0 -14.42
4 1 46.9 0 -13.85 46.84 0 -3.95 46.33 0 -.61 46.19 0 -16.04
4 1 43.87 0 1.59 43.79 0 1.1 43.64 0 -.51 44.31 0 -.1
4 1 46.82 0 -.13 44.31 0 -.1 44.19 0 -.65 46.33 0 -.61
3 1 44.31 0 -.1 43.64 0 -.51 44.19 0 -.65
4 1 43.34 0 -1.51 43.81 0 -1.19 44.19 0 -.65 43.64 0 -.51
4 1 42.87 0 -2.42 43.32 0 -2.61 43.81 0 -1.19 43.34 0 -1.51
3 1 43.1 0 -4.3 43.32 0 -2.61 42.56 0 -3.6
4 1 42.24 0 -3.21 42.56 0 -3.6 43.32 0 -2.61 42.87 0 -2.42
4 1 45.4 0 -10.65 45.49 0 -7.69 44.99 0 -8.05 45.03 0 -10.16
4 1 41.41 0 -8 44.99 0 -8.05 45.49 0 -7.69 43.14 0 -7.6
4 1 41.41 0 -8 40.89 0 -7.64 40.89 0 -10.65 41.38 0 -10.15
4 1 37.74 0 -3.31 37.87 0 -3.95 39.47 0 -3.43 38.9 0 -3.22
4 1 38.9 0 -3.22 39.47 0 -3.43 40.18 0 -3.03 39.81 0 -2.74
4 1 39.81 0 -2.74 40.18 0 -3.03 40.89 0 -2.12 40.44 0 -2
4 1 40.74 0 -.67 40.44 0 -2 40.89 0 -2.12 41.22 0 -1
4 1 41.32 0 1.08 40.83 0 -.15 40.74 0 -.67 41.22 0 -1
3 1 42.6 0 -7.61 40.89 0 -7.64 41.41 0 -8
4 1 37.44 0 -.2 37.43 0 -3.31 37.74 0 -3.31 37.7 0 -1.08
4 1 37.42 0 -5.34 37.88 0 -5.25 37.87 0 -3.95 37.36 0 -4.1
3 1 37.87 0 -3.95 37.74 0 -3.31 37.43 0 -3.31
4 1 37.07 0 -3.66 37.36 0 -4.1 37.87 0 -3.95 37.43 0 -3.31
3 1 42.6 0 -7.61 41.41 0 -8 43.14 0 -7.6
4 1 39.07 0 -5.1 38.87 0 -5.6 40.73 0 -4.93 40.15 0 -4.72
4 1 43.14 0 -7.6 43.1 0 -4.3 42.56 0 -3.6 42.6 0 -7.61
4 1 14.31 0 -2.15 14.39 0 -2.51 19.64 0 -2.34 18.67 0 -2.11
4 1 13.4 0 -3.07 14.39 0 -2.51 14.31 0 -2.15 13.76 0 -2.46
3 1 13.42 0 -3.75 14.39 0 -2.51 13.4 0 -3.07
4 1 11.17 0 -4.06 12.42 0 -4.05 13.01 0 -3.37 11.11 0 -3.53
4 1 9.63 0 -4.48 9.9 0 -3.85 7.94 0 -3.86 9.17 0 -4.39
4 1 9.17 0 -4.39 7.94 0 -3.86 7.5 0 -4.07 7.64 0 -4.33
4 1 11.11 0 -3.53 10.46 0 -3.62 9.9 0 -3.85 11.17 0 -4.06
4 1 13.4 0 -3.07 13.01 0 -3.37 12.82 0 -4.12 13.42 0 -3.75
4 1 9.63 0 -4.48 9.17 0 -4.39 8.12 0 -5.92 8.53 0 -6.19
4 1 8.08 0 -7.37 8.53 0 -6.19 8.12 0 -5.92 7.7 0 -7.25
3 1 13.01 0 -3.37 12.42 0 -4.05 12.82 0 -4.12
3 1 7.7 0 -7.25 7.66 0 -8 8.08 0 -7.37
3 1 40.73 0 -4.93 41.09 0 -4.18 40.15 0 -4.72
4 1 40.73 0 -4.93 42.56 0 -3.6 42.24 0 -3.21 41.09 0 -4.18
4 1 35.15 0 -6.72 36.79 0 -5.92 37.42 0 -5.34 34.77 0 -6.26
4 1 36.71 0 -3.74 13.42 0 -3.75 13.43 0 -4.26 35.28 0 -4.32
4 1 37.07 0 -3.66 36.71 0 -3.74 35.28 0 -4.32 37.36 0 -4.1
4 1 37.88 0 -5.25 37.42 0 -5.34 36.79 0 -5.92 38.45 0 -5.7
4 1 13.42 0 -3.75 12.82 0 -4.12 13.26 0 -4.98 13.43 0 -4.26
4 1 38.87 0 -5.6 39.07 0 -5.1 37.88 0 -5.25 38.45 0 -5.7
3 1 9.9 0 -3.85 9.63 0 -4.48 11.17 0 -4.06
3 1 41.97 0 -9.07 42.07 0 -9.48 42.48 0 -9.55
3 1 42.48 0 -9.55 42.89 0 -9.39 42.94 0 -8.98
3 1 42.23 0 -8.73 42.94 0 -8.98 42.65 0 -8.67
3 1 44.55 0 -8.98 44.27 0 -8.67 43.84 0 -8.73
4 1 44.55 0 -8.98 43.84 0 -8.73 43.58 0 -9.07 44.09 0 -9.55
3 1 43.58 0 -9.07 43.68 0 -9.48 44.09 0 -9.55
3 1 44.09 0 -9.55 44.5 0 -9.39 44.55 0 -8.98
3 1 45.4 0 -10.65 45.03 0 -10.16 43.12 0 -10.77
3 1 41.38 0 -10.15 40.89 0 -10.65 42.52 0 -10.7
4 1 43.14 0 -15.63 43.12 0 -10.77 42.52 0 -10.7 42.62 0 -15.59
3 1 42.62 0 -15.59 42.89 0 -16.27 43.14 0 -15.63
4 1 34.77 0 -6.26 34.65 0 -6.86 35.16 0 -8.91 35.15 0 -6.72
4 1 29.42 0 -8.93 31.53 0 -8.14 34.77 0 -6.26 28.09 0 -8.97
4 1 31.53 0 -8.14 31.54 0 -9.32 31.8 0 -9.75 32 0 -9.21
3 1 31.53 0 -8.14 32 0 -9.21 31.98 0 -8.01
4 1 38.43 0 -9.48 38.87 0 -5.6 38.45 0 -5.7 38.41 0 -8.97
3 1 38.65 0 -16.24 38.88 0 -15.9 38.37 0 -14.51
4 1 38.87 0 -5.6 38.43 0 -9.48 38.37 0 -14.51 38.88 0 -15.9
4 1 36.37 0 -16.24 36.55 0 -16.17 36.8 0 -15.7 36.21 0 -15.3
3 1 38.43 0 -9.48 38.41 0 -8.97 36.73 0 -9.52
4 1 31.98 0 -8.01 33.03 0 -7.45 34.77 0 -6.26 31.53 0 -8.14
3 1 34.77 0 -6.26 33.03 0 -7.45 34.65 0 -6.86
4 1 34.12 0 -12.72 34.13 0 -10.9 33.65 0 -10.4 33.6 0 -12.5
4 1 35.14 0 -10.8 34.65 0 -10.28 33.65 0 -10.4 34.13 0 -10.9
4 1 36.8 0 -15.7 36.73 0 -9.52 36.23 0 -9.47 36.21 0 -15.3
3 1 34.65 0 -10.28 35.14 0 -10.8 35.17 0 -9.49
4 1 38.41 0 -8.97 35.16 0 -8.91 36.23 0 -9.47 36.73 0 -9.52
4 1 34.65 0 -6.86 34.65 0 -10.28 35.17 0 -9.49 35.16 0 -8.91
3 1 32.72 0 -13.59 32.16 0 -11.86 31.68 0 -12.58
4 1 31.17 0 -10.65 30.9 0 -11.25 31.35 0 -11.69 31.62 0 -11.03
4 1 26.91 0 -10.97 26.09 0 -10.19 25.76 0 -10.32 25.7 0 -11.01
4 1 26.09 0 -10.19 26.91 0 -10.97 30.11 0 -11.02 30.1 0 -10.24
4 1 33.07 0 -15.52 32.72 0 -13.59 31.68 0 -12.58 32.42 0 -15.79
4 1 31.62 0 -11.03 31.35 0 -11.69 31.68 0 -12.58 32.16 0 -11.86
3 1 32.42 0 -15.79 32.94 0 -16.24 33.07 0 -15.52
4 1 13.36 0 -13.32 14.3 0 -12.61 6.68 0 -12.69 7.57 0 -13.33
3 1 6.68 0 -12.69 6.51 0 -13.14 7.57 0 -13.33
4 1 20.23 0 -11.97 14.3 0 -12.61 13.36 0 -13.32 16.63 0 -13.16
4 1 25.7 0 -11.01 20.23 0 -11.97 16.63 0 -13.16 24.43 0 -11.92
4 1 26.91 0 -10.97 25.7 0 -11.01 24.43 0 -11.92 25.89 0 -11.55
3 1 10.88 0 8.75 11.41 0 7.71 11.53 0 8.42
4 1 12.37 0 6.53 12.98 0 6.54 11.53 0 8.42 11.41 0 7.71
4 1 12.46 0 5.95 12.37 0 6.53 8.28 0 6.52 8.87 0 5.93
4 1 7.53 0 6.15 8.87 0 5.93 8.28 0 6.52 7.8 0 6.42
4 1 13.14 0 5.97 12.46 0 5.95 12.54 0 3.22 12.99 0 3.29
4 1 15.62 0 5.94 15.13 0 5.97 15.17 0 -.47 15.57 0 -.42
4 1 13.14 0 5.97 12.98 0 6.54 12.37 0 6.53 12.46 0 5.95
4 1 12.98 0 6.54 13.14 0 5.97 15.13 0 5.97 14.07 0 6.38
3 1 15.13 0 5.97 15.62 0 5.94 14.07 0 6.38
4 1 18.6 0 5.94 19.15 0 4.48 19.2 0 7.54 18.67 0 6.49
4 1 18.6 0 5.94 18.67 0 6.49 14.07 0 6.38 15.62 0 5.94
3 1 18.65 0 7.62 18.67 0 6.49 19.2 0 7.54
4 1 13.31 0 8.78 14.11 0 7.69 14.33 0 8.03 13.86 0 8.67
4 1 19.84 0 7.81 14.33 0 8.03 14.11 0 7.69 18.65 0 7.62
3 1 27.31 0 4.43 27.77 0 4.44 27.3 0 5.04
4 1 27.19 0 5.42 27.3 0 5.04 27.77 0 4.44 27.76 0 5.7
3 1 19.84 0 7.81 18.65 0 7.62 19.2 0 7.54
3 1 26.88 0 5.55 27.19 0 5.42 27.76 0 5.7
3 1 35.55 0 8.29 35.65 0 7.87 36.06 0 7.8
3 1 36.06 0 7.8 36.47 0 7.97 36.52 0 8.38
3 1 36.52 0 8.38 36.24 0 8.69 35.81 0 8.63
4 1 19.17 0 3.87 43.89 0 3.91 40.83 0 4.43 27.77 0 4.44
3 1 27.77 0 4.44 27.31 0 4.43 19.17 0 3.87
4 1 19.15 0 1.65 19.17 0 3.87 19.15 0 4.48 18.6 0 5.94
3 1 27.31 0 4.43 19.15 0 4.48 19.17 0 3.87
4 1 46.3 0 8.44 46.31 0 6.16 46.84 0 5.63 46.89 0 7.85
3 1 46.89 0 7.85 46.64 0 8.76 46.3 0 8.44
4 1 42.36 0 8.76 43.24 0 7.14 44.19 0 6.13 43.07 0 8.77
4 1 44.19 0 6.13 44.31 0 5.57 46.84 0 5.63 46.31 0 6.16
4 1 44.31 0 5.57 44.19 0 6.13 43.24 0 7.14 43.82 0 4.43
4 1 40.83 0 4.43 41.32 0 4.45 41.3 0 5.84 40.83 0 5.65
4 1 40.83 0 5.65 41.3 0 5.84 41.09 0 7.03 40.74 0 6.2
4 1 39.84 0 8.77 40.47 0 7.44 41.09 0 7.03 40.24 0 8.53
3 1 40.74 0 6.2 41.09 0 7.03 40.47 0 7.44
3 1 43.89 0 3.91 44.31 0 5.57 43.82 0 4.43
4 1 43.82 0 4.43 41.32 0 4.45 40.83 0 4.43 43.89 0 3.91
3 1 39.84 0 8.77 39.12 0 8.75 40.47 0 7.44
4 1 37.77 0 6.18 37.74 0 8.79 37.44 0 8.73 37.41 0 8.39
3 1 37.41 0 8.39 37.41 0 5.71 37.77 0 6.18
3 1 42.14 0 5.54 42.23 0 5.12 42.64 0 5.05
3 1 42.64 0 5.05 43.06 0 5.22 43.11 0 5.62
3 1 43.11 0 5.62 42.82 0 5.94 42.4 0 5.87
4 1 43.11 0 5.62 42.4 0 5.87 42.14 0 5.54 42.64 0 5.05
4 1 18.6 0 5.94 18.63 0 -.46 19.16 0 1.09 19.15 0 1.65
4 1 27.77 0 -.01 27.77 0 1.07 27.3 0 1.1 27.3 0 .24
4 1 43.87 0 1.59 19.15 0 1.65 19.16 0 1.09 27.3 0 1.1
4 1 43.87 0 1.59 44.31 0 -.1 44.31 0 5.57 43.89 0 3.91
3 1 40.83 0 1.1 40.83 0 -.15 41.32 0 1.08
4 1 40.83 0 1.1 43.87 0 1.59 27.3 0 1.1 27.77 0 1.07
4 1 43.79 0 1.1 43.87 0 1.59 40.83 0 1.1 41.32 0 1.08
4 1 43.14 0 .21 42.43 0 .46 42.17 0 .13 42.68 0 -.36
3 1 42.17 0 .13 42.27 0 -.29 42.68 0 -.36
3 1 42.68 0 -.36 43.09 0 -.19 43.14 0 .21
3 1 42.43 0 .46 43.14 0 .21 42.85 0 .53
3 1 36.48 0 -2.85 36.53 0 -2.45 36.07 0 -3.02
4 1 36.24 0 -2.13 35.82 0 -2.2 36.07 0 -3.02 36.53 0 -2.45
4 1 35.66 0 -2.95 36.07 0 -3.02 35.82 0 -2.2 35.56 0 -2.54
4 1 19.17 0 -2.04 19.64 0 -2.34 26.51 0 -.61 25.07 0 -.54
4 1 27.77 0 -.01 27.3 0 .24 25.07 0 -.54 26.51 0 -.61
4 1 18.67 0 -.97 19.17 0 -2.04 19.16 0 1.09 18.63 0 -.46
4 1 10.46 0 -3.62 11.11 0 -3.53 12.66 0 -1.24 12.39 0 -1
4 1 12.53 0 -.43 7.92 0 -.44 7.5 0 -.75 8.36 0 -.99
4 1 13.1 0 -.44 12.53 0 -.43 8.36 0 -.99 12.39 0 -1
4 1 13.29 0 -.96 13.1 0 -.44 12.39 0 -1 12.66 0 -1.24
4 1 12.54 0 3.22 7.57 0 3.16 7.53 0 2.38 12.51 0 2.32
4 1 18.67 0 -.97 15.17 0 -.47 13.1 0 -.44 13.29 0 -.96
4 1 15.17 0 -.47 18.67 0 -.97 18.63 0 -.46 15.57 0 -.42
4 1 12.54 0 3.22 12.51 0 2.32 13.1 0 -.44 12.99 0 3.29
3 1 18.67 0 -2.11 19.64 0 -2.34 19.17 0 -2.04
3 1 18.67 0 -.97 18.67 0 -2.11 19.17 0 -2.04
3 1 13.1 0 -.44 12.51 0 2.32 12.53 0 -.43
4 1 8.96 0 -9.28 13.31 0 -8.85 12.81 0 -8.78 8.39 0 -8.8
3 1 12.81 0 -8.78 13.31 0 -8.85 13.35 0 -6.92
3 1 13.26 0 -4.98 12.82 0 -4.12 13.3 0 -6.53
4 1 13.35 0 -6.92 13.3 0 -6.53 12.82 0 -4.12 12.81 0 -8.78
3 1 37.36 0 -4.1 35.28 0 -4.32 28.85 0 -6.52
4 1 13.35 0 -6.92 27.4 0 -6.94 28.85 0 -6.52 13.3 0 -6.53
3 1 13.99 0 -5.2 14.09 0 -5.61 14.5 0 -5.68
3 1 14.5 0 -5.68 14.91 0 -5.51 14.96 0 -5.11
3 1 14.25 0 -4.86 14.96 0 -5.11 14.67 0 -4.79
3 1 29.6 0 -5.15 29.31 0 -4.83 28.89 0 -4.9
3 1 28.62 0 -5.24 28.72 0 -5.65 29.13 0 -5.72
3 1 29.13 0 -5.72 29.54 0 -5.56 29.6 0 -5.15
3 1 19.58 0 -5.11 19.3 0 -4.79 18.87 0 -4.86
3 1 18.61 0 -5.2 18.71 0 -5.61 19.12 0 -5.68
3 1 19.12 0 -5.68 19.53 0 -5.51 19.58 0 -5.11
3 1 17.97 0 -5.11 17.68 0 -4.79 17.26 0 -4.86
3 1 17 0 -5.2 17.1 0 -5.61 17.51 0 -5.68
3 1 17.51 0 -5.68 17.92 0 -5.51 17.97 0 -5.11
3 1 16.57 0 -5.11 16.29 0 -4.79 15.86 0 -4.86
3 1 15.6 0 -5.2 15.7 0 -5.61 16.11 0 -5.68
3 1 16.11 0 -5.68 16.52 0 -5.51 16.57 0 -5.11
4 1 7.5 0 -9 8.02 0 -9.2 8.96 0 -9.28 8.39 0 -8.8
4 1 15.89 0 -9.3 13.31 0 -8.85 8.96 0 -9.28 15.42 0 -9.3
4 1 28.85 0 -6.52 27.4 0 -6.94 26.1 0 -7.94 37.36 0 -4.1
4 1 25.51 0 -8.24 26.1 0 -7.94 27.4 0 -6.94 26.58 0 -7.37
3 1 16.94 0 -9.21 13.31 0 -8.85 15.89 0 -9.3
3 1 10.14 0 -10.78 9.16 0 -10.97 10.92 0 -11.21
4 1 10.14 0 -10.78 10.92 0 -11.21 15.89 0 -11.15 15.41 0 -10.76
4 1 25.87 0 -8.18 25.51 0 -8.24 25.55 0 -8.99 25.78 0 -8.72
4 1 15.89 0 -11.15 15.89 0 -9.3 15.42 0 -9.3 15.41 0 -10.76
4 1 22.79 0 -9.09 22.38 0 -9.24 22.43 0 -10.4 22.81 0 -10.29
4 1 13.31 0 -8.85 16.94 0 -9.21 22.38 0 -9.24 22.08 0 -8.83
3 1 25.51 0 -8.24 25.87 0 -8.18 26.1 0 -7.94
3 1 22.08 0 -8.83 22.38 0 -9.24 22.79 0 -9.09
3 1 37.44 0 -.2 37.7 0 -1.08 37.81 0 -.77
3 1 37.44 0 -.2 37.81 0 -.77 38.38 0 -.64
4 1 -10.27 0 8.29 -6.14 0 8.27 2.22 0 8.7 -10.67 0 8.75
4 1 -12.55 0 5.48 -12.05 0 5.52 -11.77 0 6.59 -12.43 0 6.42
3 1 -12.43 0 6.42 -11.77 0 6.59 -10.96 0 7.68
4 1 -12.55 0 5.48 -12.47 0 -.43 -11.99 0 -.51 -12.05 0 5.52
4 1 -12.01 0 -1.59 -11.76 0 -1.09 -11.99 0 -.51 -12.47 0 -.43
4 1 -10.2 0 -3.26 -10.47 0 -2.51 -11 0 -2.7 -10.68 0 -3.36
4 1 -11.76 0 -1.09 -12.01 0 -1.59 -11 0 -2.7 -10.47 0 -2.51
4 1 1.83 0 -2.68 -5.61 0 -2.63 -5.58 0 -3.11 .73 0 -3.25
4 1 2.2 0 -3.11 1.83 0 -2.68 .73 0 -3.25 1.21 0 -3.26
3 1 -9.37 0 -2.67 -10.47 0 -2.51 -10.2 0 -3.26
4 1 -5.61 0 -2.63 -5.62 0 8.2 -6.14 0 8.27 -6.23 0 -2.68
3 1 -6.23 0 -2.68 -9.37 0 -2.67 -10.2 0 -3.26
4 1 2.22 0 8.7 1.89 0 8.21 1.83 0 -2.68 2.2 0 -3.11
4 1 -6.14 0 8.27 -5.62 0 8.2 1.89 0 8.21 2.22 0 8.7
4 1 -2.43 0 -16.5 -1.06 0 -16.89 -.49 0 -16.88 -.92 0 -16.51
4 1 -7.76 0 -14.72 -2.43 0 -16.5 -.92 0 -16.51 -6.38 0 -14.66
4 1 -8.02 0 -14.42 -7.76 0 -14.72 -6.38 0 -14.66 -7.31 0 -14.41
4 1 -3.31 0 -20.35 -3.49 0 -20.85 -2.69 0 -21.26 -2.88 0 -20.76
4 1 -8.26 0 -16.61 -7.92 0 -17.51 -3.49 0 -20.85 -3.31 0 -20.35
4 1 -7.92 0 -17.51 -8.26 0 -16.61 -8.88 0 -16.46 -8.63 0 -16.87
3 1 -2.98 0 -23.22 -2.7 0 -22.25 -3.57 0 -23.17
4 1 -12.54 0 -22.82 -12.4 0 -23.13 -11.33 0 -24.12 -11.55 0 -23.33
4 1 -11.55 0 -23.33 -11.33 0 -24.12 -6.82 0 -27.6 -8 0 -26.13
4 1 -14.12 0 -25.41 -13.73 0 -25.9 -8.15 0 -29.37 -14.13 0 -25.07
3 1 -6.52 0 -27.01 -8 0 -26.13 -6.82 0 -27.6
4 1 -3.57 0 -23.17 -6.52 0 -27.01 -6.82 0 -27.6 -2.98 0 -23.22
4 1 -7.91 0 -29.73 -8.15 0 -29.37 -13.73 0 -25.9 -7.8 0 -30.43
4 1 -8.15 0 -29.37 -7.91 0 -29.73 -2.98 0 -23.22 -6.82 0 -27.6
4 1 -11.45 0 -35.82 -12.18 0 -36.58 -12.23 0 -37.41 -11.55 0 -36.78
4 1 -8.3 0 -31.37 -10.11 0 -33.82 -11.55 0 -36.78 -7.13 0 -30.31
3 1 -7.13 0 -30.31 -7.91 0 -29.73 -7.8 0 -30.43
3 1 -7.13 0 -30.31 -7.8 0 -30.43 -8.3 0 -31.37
3 1 -18.04 0 -43.07 -17.01 0 -42.37 -15.44 0 -39.43
4 1 -21.51 0 -34.27 -22.08 0 -33.96 -22.39 0 -33.98 -22.25 0 -34.3
4 1 -15.12 0 -38.94 -21.51 0 -34.27 -22.25 0 -34.3 -15.44 0 -39.43
4 1 -17.01 0 -42.37 -13.12 0 -36.91 -15.12 0 -38.94 -15.44 0 -39.43
3 1 -13.47 0 -36.59 -15.12 0 -38.94 -13.12 0 -36.91
4 1 -12.64 0 -37.04 -12.44 0 -36.72 -13.47 0 -36.59 -13.12 0 -36.91
4 1 -14.33 0 -35.79 -18.37 0 -32.17 -18.71 0 -32.47 -16.56 0 -34.22
3 1 -14.33 0 -35.79 -13.47 0 -36.59 -12.44 0 -36.72
4 1 -15.83 0 -30.24 -10.45 0 -34.25 -10.11 0 -33.82 -15.58 0 -29.92
4 1 -15.83 0 -30.24 -15.58 0 -29.92 -17.13 0 -29.05 -16.83 0 -29.68
4 1 -10.11 0 -33.82 -10.45 0 -34.25 -11.45 0 -35.82 -11.55 0 -36.78
4 1 -18.71 0 -32.47 -18.37 0 -32.17 -19.51 0 -31.59 -19.45 0 -32.04
3 1 -12.44 0 -36.72 -18.37 0 -32.17 -14.33 0 -35.79
4 1 -12.64 0 -37.04 -12.23 0 -37.41 -12.18 0 -36.58 -12.44 0 -36.72
4 1 -20.07 0 -42.52 -20.43 0 -43.01 -19.73 0 -44.07 -19.53 0 -43.81
4 1 -23.95 0 -36.04 -20.43 0 -43.01 -20.07 0 -42.52 -23.26 0 -36.14
3 1 -23.26 0 -36.14 -24.18 0 -34.98 -23.95 0 -36.04
4 1 -26.34 0 -36.08 -26.52 0 -36.62 -26.5 0 -43.95 -25.95 0 -35.89
3 1 -29.44 0 -36.77 -29.83 0 -36.85 -29.99 0 -37.03
4 1 -29.43 0 -44.03 -29.44 0 -36.77 -29.99 0 -37.03 -29.93 0 -43
4 1 -21.14 0 -44.73 -25.93 0 -44.71 -26.38 0 -44.78 -21.47 0 -44.99
3 1 -26.79 0 -44.43 -26.38 0 -44.78 -26.5 0 -43.95
4 1 -25.95 0 -35.89 -26.5 0 -43.95 -26.38 0 -44.78 -25.93 0 -44.71
4 1 -29.43 0 -44.03 -29.93 0 -43 -30.06 0 -45.77 -29.52 0 -44.73
3 1 -29.52 0 -44.73 -29.27 0 -44.47 -29.43 0 -44.03
4 1 -26.5 0 -43.95 -29.43 0 -44.03 -29.27 0 -44.47 -26.79 0 -44.43
4 1 -21.47 0 -44.99 -26.38 0 -44.78 -25.88 0 -45.28 -22.42 0 -45.26
4 1 -25.88 0 -45.28 -26.54 0 -45.79 -26.41 0 -46.28 -26 0 -46.13
3 1 -42.73 0 -46.28 -26.41 0 -46.28 -30.06 0 -45.77
4 1 -43.19 0 -44.7 -47.04 0 -45.21 -43.21 0 -45.25 -42.71 0 -44.89
3 1 -25.88 0 -45.28 -26.38 0 -44.78 -26.54 0 -45.79
3 1 -42.71 0 -44.89 -43.21 0 -45.25 -42.64 0 -45.75
4 1 -42.73 0 -46.28 -42.64 0 -45.75 -43.21 0 -45.25 -43.13 0 -46.14
3 1 -42.73 0 -46.28 -40.3 0 -45.8 -42.64 0 -45.75
4 1 -30.06 0 -45.77 -26.41 0 -46.28 -26.54 0 -45.79 -29.38 0 -45.73
4 1 -40.3 0 -45.8 -42.73 0 -46.28 -30.06 0 -45.77 -39.58 0 -45.78
3 1 -29.38 0 -45.73 -29.52 0 -44.73 -30.06 0 -45.77
4 1 -40.3 0 -45.8 -39.58 0 -45.78 -39.71 0 -44.27 -40.19 0 -45.02
3 1 -43.19 0 -44.7 -48.28 0 -44.74 -47.04 0 -45.21
3 1 -39.71 0 -44.27 -39.66 0 -37.9 -40.21 0 -44.01
4 1 -39.95 0 -36.68 -40.26 0 -37.11 -40.21 0 -44.01 -39.66 0 -37.9
3 1 -42.61 0 -36.75 -42.78 0 -36.1 -43.19 0 -35.89
4 1 -42.68 0 -43.97 -42.61 0 -36.75 -43.19 0 -35.89 -43.19 0 -44.7
4 1 -40.19 0 -45.02 -39.71 0 -44.27 -40.21 0 -44.01 -40.32 0 -44.42
4 1 -40.32 0 -44.42 -40.21 0 -44.01 -42.68 0 -43.97 -41.95 0 -44.35
3 1 -42.5 0 -44.47 -41.95 0 -44.35 -42.68 0 -43.97
4 1 -44.23 0 -39.95 -44.71 0 -40.46 -43.82 0 -40.63 -43.89 0 -40.21
3 1 -44.23 0 -39.95 -44.64 0 -40.05 -44.71 0 -40.46
4 1 -44.21 0 -43.08 -44.7 0 -43.59 -43.81 0 -43.76 -43.87 0 -43.34
3 1 -44.21 0 -43.08 -44.63 0 -43.18 -44.7 0 -43.59
3 1 -67.26 0 -21.59 -68.12 0 -20.62 -67.9 0 -21.3
4 1 -66.72 0 -22.1 -67.26 0 -21.59 -67.9 0 -21.3 -67.06 0 -22.58
4 1 -66.45 0 -22.66 -67.06 0 -22.58 -61.58 0 -29.43 -63.26 0 -26.6
4 1 -61.99 0 -30.52 -61.4 0 -30.43 -61.36 0 -29.82 -62.11 0 -30.29
4 1 -60.95 0 -17.35 -60.33 0 -16.78 -60.04 0 -16.26 -60.83 0 -16.55
4 1 -66.43 0 -21.54 -60.95 0 -17.35 -60.83 0 -16.55 -67.02 0 -21.47
4 1 -67.26 0 -21.59 -66.72 0 -22.1 -66.43 0 -21.54 -67.02 0 -21.47
4 1 -56.26 0 -36.9 -56.91 0 -36.71 -57.11 0 -37.44 -56.7 0 -37.29
3 1 -57.9 0 -35.63 -57.11 0 -37.44 -56.91 0 -36.71
3 1 -66.45 0 -22.66 -66.72 0 -22.1 -67.06 0 -22.58
4 1 -61.58 0 -29.43 -62.34 0 -27.6 -62.62 0 -27.16 -63.26 0 -26.6
4 1 -56.58 0 -23.07 -57.09 0 -23.04 -57.72 0 -23.43 -57.15 0 -23.65
4 1 -62.62 0 -27.16 -62.34 0 -27.6 -57.15 0 -23.65 -57.72 0 -23.43
4 1 -61.63 0 -28.65 -61.58 0 -29.43 -61.36 0 -29.82 -60.78 0 -29.33
3 1 -62.34 0 -27.6 -61.58 0 -29.43 -61.63 0 -28.65
4 1 -54.83 0 -38.01 -56 0 -37.13 -51.65 0 -43.06 -53.26 0 -40.15
3 1 -51.65 0 -43.06 -51.08 0 -43.23 -53.26 0 -40.15
3 1 -53.26 0 -40.15 -53.51 0 -39.43 -53.98 0 -38.95
4 1 -47.16 0 -33.9 -47.46 0 -34.03 -49.58 0 -36.38 -46.66 0 -34
4 1 -53.4 0 -39.15 -49.58 0 -36.38 -47.46 0 -34.03 -53.98 0 -38.95
4 1 -56.07 0 -26.4 -55.33 0 -25.73 -55.01 0 -25.18 -56.04 0 -25.74
4 1 -61.4 0 -30.43 -56.07 0 -26.4 -56.04 0 -25.74 -60.78 0 -29.33
3 1 -53.51 0 -39.43 -53.4 0 -39.15 -53.98 0 -38.95
3 1 -53.26 0 -40.15 -53.98 0 -38.95 -54.83 0 -38.01
4 1 -49.63 0 -31.71 -50.22 0 -31.76 -55.7 0 -36.59 -49.78 0 -32.09
4 1 -54.83 0 -38.01 -55.7 0 -36.59 -56.26 0 -36.9 -56 0 -37.13
4 1 -50.22 0 -31.76 -56.91 0 -36.71 -56.26 0 -36.9 -55.7 0 -36.59
3 1 -60.78 0 -29.33 -61.36 0 -29.82 -61.4 0 -30.43
4 1 -61.99 0 -30.52 -57.11 0 -37.44 -57.9 0 -35.63 -59.2 0 -33.77
3 1 -59.2 0 -33.77 -61.4 0 -30.43 -61.99 0 -30.52
4 1 -58.1 0 -35.1 -58.64 0 -34.35 -59.2 0 -33.77 -57.9 0 -35.63
4 1 -51.55 0 -29.82 -52.69 0 -30.29 -57.99 0 -34.68 -52.22 0 -30.63
3 1 -58.64 0 -34.35 -58.1 0 -35.1 -58.4 0 -34.46
3 1 -57.99 0 -34.68 -52.69 0 -30.29 -58.15 0 -34.3
3 1 -68.3 0 -18.43 -67.98 0 -18.72 -67.6 0 -18.55
3 1 -67.6 0 -18.55 -67.36 0 -18.18 -67.54 0 -17.81
3 1 -67.54 0 -17.81 -67.96 0 -17.71 -68.27 0 -18
3 1 -69.45 0 -16.82 -69.61 0 -16.98 -69.58 0 -17.33
4 1 -60.85 0 -14.3 -60.99 0 -14.2 -62.38 0 -14.56 -61.21 0 -14.65
4 1 -71.56 0 -3.54 -71.71 0 -1.51 -72.24 0 1.13 -72.13 0 -3.34
4 1 -70.4 0 -4.04 -71.56 0 -3.54 -72.13 0 -3.34 -72.02 0 -4.01
4 1 -69.9 0 -9.32 -70.4 0 -4.04 -70.37 0 -14.41 -69.91 0 -9.94
4 1 -70.25 0 -15.07 -69.94 0 -15.54 -69.91 0 -12.53 -70.37 0 -14.41
4 1 -71.71 0 -1.51 -71.55 0 7.38 -72.12 0 8.77 -72.24 0 1.13
3 1 -71.55 0 7.38 -71.63 0 8.71 -72.12 0 8.77
4 1 -61.27 0 -12.33 -62.37 0 -12.04 -69.91 0 -12.53 -61.75 0 -12.46
4 1 -63.79 0 -4.12 -62.63 0 -3.95 -62.79 0 -3.64 -63.32 0 -3.5
4 1 -71.56 0 -3.54 -69.9 0 -4.13 -63.79 0 -4.12 -63.32 0 -3.5
3 1 -69.9 0 -4.13 -71.56 0 -3.54 -70.4 0 -4.04
3 1 -69.96 0 -6.13 -69.9 0 -4.13 -70.4 0 -4.04
3 1 -69.91 0 -12.53 -62.37 0 -12.04 -69.9 0 -12.02
4 1 -69.59 0 -6.88 -63.22 0 -6.86 -62.33 0 -6.66 -63.79 0 -6.46
3 1 -63.79 0 -6.46 -69.58 0 -6.42 -69.59 0 -6.88
4 1 -69.58 0 -6.42 -69.96 0 -6.13 -69.95 0 -7.31 -69.59 0 -6.88
4 1 -69.91 0 -12.53 -69.9 0 -12.02 -69.91 0 -9.94 -70.37 0 -14.41
4 1 -62.33 0 -9.4 -69.9 0 -9.32 -69.91 0 -9.94 -62.85 0 -9.9
4 1 -62.05 0 -9.45 -62.33 0 -9.4 -62.85 0 -9.9 -61.92 0 -9.74
3 1 -69.95 0 -7.31 -69.96 0 -6.13 -70.4 0 -4.04
3 1 -69.9 0 -9.32 -69.95 0 -7.31 -70.4 0 -4.04
3 1 -69.17 0 -8.03 -69.07 0 -8.45 -68.66 0 -8.52
3 1 -68.66 0 -8.52 -68.24 0 -8.35 -68.19 0 -7.95
3 1 -68.19 0 -7.95 -68.48 0 -7.63 -68.9 0 -7.7
4 1 -68.19 0 -7.95 -68.9 0 -7.7 -69.17 0 -8.03 -68.66 0 -8.52
3 1 -67.55 0 -8.03 -67.45 0 -8.45 -67.04 0 -8.52
3 1 -67.04 0 -8.52 -66.63 0 -8.35 -66.58 0 -7.95
3 1 -66.58 0 -7.95 -66.87 0 -7.63 -67.29 0 -7.7
4 1 -66.58 0 -7.95 -67.29 0 -7.7 -67.55 0 -8.03 -67.04 0 -8.52
3 1 -66.03 0 -8.03 -65.94 0 -8.45 -65.53 0 -8.52
3 1 -65.53 0 -8.52 -65.11 0 -8.35 -65.06 0 -7.95
3 1 -65.06 0 -7.95 -65.35 0 -7.63 -65.77 0 -7.7
3 1 -64.42 0 -8.03 -64.32 0 -8.45 -63.91 0 -8.52
3 1 -63.91 0 -8.52 -63.5 0 -8.35 -63.45 0 -7.95
3 1 -63.45 0 -7.95 -63.74 0 -7.63 -64.16 0 -7.7
4 1 -58.82 0 -13.69 -59.77 0 -9.92 -60.79 0 -8.57 -60.11 0 -11.7
3 1 -60.11 0 -11.7 -59.19 0 -14.78 -58.82 0 -13.69
4 1 -58.82 0 -13.69 -59.19 0 -14.78 -58.05 0 -17.77 -57.54 0 -17.34
4 1 -55.67 0 -20.73 -57.54 0 -17.34 -58.05 0 -17.77 -56.56 0 -20.61
3 1 -54.81 0 -23.29 -52.95 0 -25.89 -53.53 0 -23.95
4 1 -48.78 0 -30.73 -48.66 0 -29.94 -51.22 0 -27.05 -50.99 0 -28.43
4 1 -38.42 0 -34.88 -42.16 0 -34.02 -43.48 0 -34.24 -40.46 0 -35.26
3 1 -37.32 0 -35.7 -34.13 0 -35.78 -34.59 0 -35.14
4 1 -30.96 0 -35.63 -30.76 0 -34.89 -34.59 0 -35.14 -34.13 0 -35.78
4 1 -27.02 0 -34.02 -30.76 0 -34.89 -30.96 0 -35.63 -27.83 0 -35.1
3 1 -27.83 0 -35.1 -24.89 0 -33.86 -27.02 0 -34.02
4 1 -19.8 0 -30.06 -20.61 0 -29.83 -23.63 0 -32.24 -22.18 0 -32.2
4 1 -15.77 0 -25.1 -18.08 0 -26.92 -19.8 0 -30.06 -17.68 0 -27.67
4 1 -18.08 0 -26.92 -15.77 0 -25.1 -13.96 0 -22.47 -15.79 0 -23.81
4 1 -12.21 0 -19.79 -13.59 0 -20.62 -15.79 0 -23.81 -13.96 0 -22.47
4 1 -13.59 0 -20.62 -12.21 0 -19.79 -10.61 0 -17.01 -11.59 0 -17.31
4 1 -8.82 0 -10.63 -9.97 0 -13.8 -9.25 0 -14.11 -8.1 0 -11.11
3 1 -8 0 -10.41 -8.15 0 -9.87 -8.53 0 -10.13
4 1 -8.1 0 -11.11 -8 0 -10.41 -8.53 0 -10.13 -8.82 0 -10.63
4 1 -9.25 0 -14.11 -9.97 0 -13.8 -11.59 0 -17.31 -10.61 0 -17.01
4 1 -56.56 0 -20.61 -54.81 0 -23.29 -53.53 0 -23.95 -55.67 0 -20.73
4 1 -50.99 0 -28.43 -51.22 0 -27.05 -53.53 0 -23.95 -52.95 0 -25.89
4 1 -60.4 0 -6.1 -60.7 0 -2.24 -61.31 0 -2.17 -61.15 0 -5.38
4 1 -59.77 0 -9.92 -60.4 0 -6.1 -61.15 0 -5.38 -60.79 0 -8.57
3 1 -60.99 0 8.79 -61.35 0 8.49 -60.66 0 8.61
4 1 -60.66 0 8.61 -61.35 0 8.49 -61.31 0 -2.17 -60.7 0 -2.24
3 1 -19.8 0 -30.06 -18.08 0 -26.92 -20.61 0 -29.83
4 1 -22.18 0 -32.2 -23.63 0 -32.24 -27.02 0 -34.02 -24.89 0 -33.86
4 1 -46.27 0 -32.7 -45.61 0 -32.31 -48.66 0 -29.94 -48.78 0 -30.73
4 1 -46.27 0 -32.7 -43.48 0 -34.24 -42.16 0 -34.02 -45.61 0 -32.31
4 1 -40.46 0 -35.26 -37.32 0 -35.7 -34.59 0 -35.14 -38.42 0 -34.88
3 1 -56.43 0 -7.16 -56.33 0 -7.58 -55.92 0 -7.65
3 1 -55.92 0 -7.65 -55.51 0 -7.48 -55.45 0 -7.07
3 1 -55.45 0 -7.07 -55.74 0 -6.76 -56.17 0 -6.82
4 1 -55.45 0 -7.07 -56.17 0 -6.82 -56.43 0 -7.16 -55.92 0 -7.65
3 1 -54.82 0 -7.16 -54.72 0 -7.58 -54.31 0 -7.65
3 1 -54.31 0 -7.65 -53.9 0 -7.48 -53.84 0 -7.07
3 1 -53.84 0 -7.07 -54.13 0 -6.76 -54.55 0 -6.82
4 1 -53.84 0 -7.07 -54.55 0 -6.82 -54.82 0 -7.16 -54.31 0 -7.65
3 1 -53.3 0 -7.16 -53.2 0 -7.58 -52.79 0 -7.65
3 1 -52.79 0 -7.65 -52.38 0 -7.48 -52.32 0 -7.07
3 1 -52.32 0 -7.07 -52.61 0 -6.76 -53.03 0 -6.82
4 1 -52.32 0 -7.07 -53.03 0 -6.82 -53.3 0 -7.16 -52.79 0 -7.65
3 1 -51.69 0 -7.16 -51.59 0 -7.58 -51.18 0 -7.65
3 1 -51.18 0 -7.65 -50.76 0 -7.48 -50.71 0 -7.07
3 1 -50.71 0 -7.07 -51 0 -6.76 -51.42 0 -6.82
4 1 -50.71 0 -7.07 -51.42 0 -6.82 -51.69 0 -7.16 -51.18 0 -7.65
4 1 -56.07 0 -12.31 -56.01 0 -8.79 -56.45 0 -8.27 -56.54 0 -12.33
4 1 -50.16 0 -8.84 -50.17 0 -8.25 -56.45 0 -8.27 -56.01 0 -8.79
3 1 -49.65 0 -7.69 -43.25 0 -7.67 -48.68 0 -7.16
4 1 -50.67 0 -5.45 -58.4 0 -5.42 -59.17 0 -5.67 -58.54 0 -5.85
3 1 -58.54 0 -5.85 -50.24 0 -5.84 -50.67 0 -5.45
4 1 -49.65 0 -7.69 -49.59 0 -7 -50.24 0 -5.84 -50.17 0 -8.25
3 1 -50.17 0 -5.36 -50.67 0 -5.45 -50.24 0 -5.84
4 1 -39.2 0 -7.22 -38 0 -8.32 -36.68 0 -9.06 -36.53 0 -8.59
4 1 -36.53 0 -8.59 -36.68 0 -9.06 -35.17 0 -9.3 -36.02 0 -8.83
4 1 -36.02 0 -8.83 -35.17 0 -9.3 -33.64 0 -9.32 -33.06 0 -8.87
3 1 -33.64 0 -9.32 -32.17 0 -8.96 -33.06 0 -8.87
4 1 -36.5 0 -2.35 -36.53 0 -8.59 -36.02 0 -8.83 -35.98 0 -2.3
4 1 -40.09 0 -7.13 -39.4 0 -7.71 -38 0 -8.32 -39.2 0 -7.22
4 1 -39.2 0 -7.22 -39.45 0 -6.68 -39.99 0 -6.41 -40.09 0 -7.13
4 1 -42.19 0 -4.44 -42.6 0 -4.77 -40.09 0 -7.13 -39.99 0 -6.41
4 1 -44.87 0 1.59 -44.2 0 -1.81 -43.71 0 -1.94 -44.41 0 1
4 1 -50.23 0 8.24 -50.17 0 -3.6 -49.59 0 -7 -49.65 0 8.17
4 1 -50.23 0 8.24 -49.65 0 8.17 -49.84 0 8.71 -50.04 0 8.68
3 1 -50.17 0 -3.6 -57.62 0 -3.53 -50.3 0 -4.19
4 1 -50.3 0 -4.19 -57.62 0 -3.53 -58.71 0 -3.59 -58.54 0 -4.17
4 1 -59.32 0 -3.83 -59.03 0 -4.08 -58.54 0 -4.17 -58.71 0 -3.59
4 1 -42.19 0 -4.44 -43.71 0 -1.94 -44.2 0 -1.81 -42.6 0 -4.77
3 1 -50.17 0 -3.6 -50.3 0 -4.19 -50.12 0 -4.39
3 1 -49.59 0 -7 -50.17 0 -3.6 -50.12 0 -4.39
3 1 -50.17 0 -5.36 -50.24 0 -5.84 -49.59 0 -7
3 1 -49.59 0 -7 -50.12 0 -4.39 -50.17 0 -5.36
3 1 -48.68 0 -7.16 -49.59 0 -7 -49.65 0 -7.69
4 1 -42.72 0 -7.67 -42.48 0 -7.17 -48.68 0 -7.16 -43.25 0 -7.67
3 1 -47.86 0 -5.95 -47.76 0 -6.37 -47.35 0 -6.44
3 1 -47.35 0 -6.44 -46.94 0 -6.27 -46.89 0 -5.87
3 1 -46.89 0 -5.87 -47.18 0 -5.55 -47.6 0 -5.62
3 1 -46.25 0 -5.95 -46.15 0 -6.37 -45.74 0 -6.44
3 1 -45.74 0 -6.44 -45.33 0 -6.27 -45.27 0 -5.87
3 1 -45.27 0 -5.87 -45.56 0 -5.55 -45.99 0 -5.62
3 1 -44.73 0 -5.95 -44.63 0 -6.37 -44.22 0 -6.44
3 1 -44.22 0 -6.44 -43.81 0 -6.27 -43.76 0 -5.87
3 1 -43.76 0 -5.87 -44.04 0 -5.55 -44.47 0 -5.62
4 1 -43.76 0 -5.87 -44.47 0 -5.62 -44.73 0 -5.95 -44.22 0 -6.44
3 1 -43.12 0 -5.95 -43.02 0 -6.37 -42.61 0 -6.44
3 1 -42.61 0 -6.44 -42.2 0 -6.27 -42.14 0 -5.87
3 1 -42.14 0 -5.87 -42.43 0 -5.55 -42.85 0 -5.62
4 1 -42.14 0 -5.87 -42.85 0 -5.62 -43.12 0 -5.95 -42.61 0 -6.44
4 1 -39.7 0 1.37 -39.69 0 .9 -39.23 0 .1 -38.93 0 .7
4 1 -37.73 0 -.86 -38.93 0 .7 -39.23 0 .1 -38.74 0 -.6
4 1 -39.86 0 2.7 -39.7 0 1.37 -38.93 0 .7 -39.31 0 1.87
3 1 -39.31 0 1.87 -39.36 0 3.06 -39.86 0 2.7
4 1 -39.12 0 4.21 -39.7 0 4.12 -39.86 0 2.7 -39.36 0 3.06
3 1 -44.57 0 1.37 -44.87 0 1.59 -44.41 0 1
4 1 -44.41 0 1 -40.83 0 1.06 -39.7 0 1.37 -44.57 0 1.37
4 1 -39.63 0 4.55 -44.43 0 4.52 -44.52 0 4.15 -39.7 0 4.12
4 1 -39.05 0 5.37 -39.63 0 4.55 -39.7 0 4.12 -39.12 0 4.21
4 1 -44.75 0 5 -44.87 0 1.59 -44.57 0 1.37 -44.52 0 4.15
4 1 -43.43 0 7.35 -43.07 0 8.73 -43.26 0 8.67 -43.64 0 8.24
4 1 -44.43 0 4.52 -43.43 0 7.35 -43.64 0 8.24 -44.75 0 5
4 1 -33.1 0 7.93 -35.96 0 7.84 -34.96 0 7.45 -34.47 0 7.55
3 1 -44.43 0 4.52 -44.75 0 5 -44.52 0 4.15
4 1 -26.36 0 2.78 -26.53 0 4.34 -27.24 0 4.92 -26.84 0 3.47
3 1 -26.53 0 4.34 -27.19 0 5.76 -27.24 0 4.92
4 1 -27.24 0 4.92 -27.19 0 5.76 -28.29 0 6.87 -28.1 0 6.17
4 1 -29.58 0 7.75 -29.4 0 7.07 -28.1 0 6.17 -28.29 0 6.87
4 1 -30.07 0 7.81 -29.58 0 7.75 -29.44 0 8.75 -29.95 0 8.57
4 1 -31.17 0 7.48 -29.4 0 7.07 -29.58 0 7.75 -30.07 0 7.81
4 1 -33.1 0 7.93 -32.61 0 7.93 -32.66 0 8.71 -33.02 0 8.72
4 1 -31.54 0 7.47 -31.17 0 7.48 -30.07 0 7.81 -32.61 0 7.93
4 1 -34.47 0 7.55 -31.54 0 7.47 -32.61 0 7.93 -33.1 0 7.93
4 1 -36.37 0 8.76 -36.61 0 7.74 -35.96 0 7.84 -36.04 0 8.66
4 1 -34.96 0 7.45 -35.96 0 7.84 -36.61 0 7.74 -36.06 0 7.32
4 1 -36.06 0 7.32 -36.61 0 7.74 -37.85 0 6.76 -37.07 0 6.88
4 1 -39.52 0 8.32 -38.97 0 6.82 -38.49 0 6.54 -38.94 0 8.18
3 1 -38.94 0 8.18 -39.46 0 8.76 -39.52 0 8.32
3 1 -38.49 0 6.54 -38.97 0 6.82 -38.88 0 6.15
4 1 -38.64 0 5.27 -37.94 0 6.18 -38.49 0 6.54 -38.88 0 6.15
4 1 -39.12 0 4.21 -38.64 0 5.27 -38.88 0 6.15 -39.05 0 5.37
4 1 -41.92 0 5.93 -42.17 0 6.75 -42.58 0 6.58 -42.63 0 6.18
3 1 -42.63 0 6.18 -42.35 0 5.86 -41.92 0 5.93
4 1 -41.76 0 6.68 -42.17 0 6.75 -41.92 0 5.93 -41.66 0 6.26
3 1 -42.63 0 7.55 -42.35 0 7.24 -41.92 0 7.3
4 1 -42.63 0 7.55 -41.92 0 7.3 -41.66 0 7.64 -42.17 0 8.13
3 1 -41.66 0 7.64 -41.76 0 8.06 -42.17 0 8.13
3 1 -42.17 0 8.13 -42.58 0 7.96 -42.63 0 7.55
3 1 -40.05 0 6.26 -40.23 0 6.64 -40.56 0 6.69
4 1 -41.02 0 6.18 -40.73 0 5.86 -40.56 0 6.69 -40.88 0 6.58
3 1 -31.54 0 -.4 -34.47 0 -.4 -34.42 0 -.89
4 1 -31.54 0 -1.96 -31.18 0 -1.96 -31.11 0 -.94 -31.56 0 -.95
4 1 -34.42 0 -.89 -31.56 0 -.95 -31.11 0 -.94 -31.54 0 -.4
4 1 -38.74 0 -.6 -38.45 0 -1.05 -37.84 0 -1.27 -37.73 0 -.86
4 1 -38.45 0 -1.05 -38.74 0 -.6 -39.92 0 -4.02 -39.11 0 -2.92
4 1 -39.45 0 -6.68 -39.5 0 -5.55 -39.92 0 -4.02 -39.99 0 -6.41
3 1 -39.11 0 -2.92 -39.92 0 -4.02 -39.5 0 -5.55
4 1 -28.2 0 -.72 -29.49 0 -1.59 -29.57 0 -2.22 -28.26 0 -1.37
4 1 -26.86 0 1.95 -27.32 0 .51 -27.2 0 -.23 -26.61 0 1.23
4 1 -26.84 0 3.47 -26.86 0 1.95 -26.61 0 1.23 -26.36 0 2.78
4 1 -37.73 0 -.86 -37.84 0 -1.27 -36.5 0 -2.35 -36.74 0 -1.53
3 1 -35.45 0 -1.92 -36.74 0 -1.53 -36.5 0 -2.35
4 1 -28.26 0 -1.37 -27.2 0 -.23 -27.32 0 .51 -28.2 0 -.72
4 1 -34.47 0 -2.02 -34.96 0 -1.93 -35.45 0 -1.92 -36.5 0 -2.35
4 1 -34.47 0 -2.02 -34.42 0 -.89 -34.97 0 -.92 -34.96 0 -1.93
3 1 -29.57 0 -2.22 -29.49 0 -1.59 -31.18 0 -1.96
3 1 -31.54 0 -1.96 -29.57 0 -2.22 -31.18 0 -1.96
4 1 -32.64 0 -2.53 -30.05 0 -2.27 -29.57 0 -2.22 -31.54 0 -1.96
3 1 -34.47 0 -2.02 -36.5 0 -2.35 -35.98 0 -2.3
3 1 -33.14 0 -2.41 -32.78 0 -3.16 -32.64 0 -2.53
3 1 -34.47 0 -2.02 -35.98 0 -2.3 -33.14 0 -2.41
4 1 -29.57 0 -2.22 -30.05 0 -2.27 -29.72 0 -5.67 -29.27 0 -3.94
4 1 -34.47 0 -2.02 -33.14 0 -2.41 -32.64 0 -2.53 -31.54 0 -1.96
4 1 -33.14 0 -2.41 -33.06 0 -8.87 -32.71 0 -8.56 -32.78 0 -3.16
4 1 -32.16 0 -8.42 -32.71 0 -8.56 -33.06 0 -8.87 -32.17 0 -8.96
4 1 -29.97 0 -7.12 -32.16 0 -8.42 -32.17 0 -8.96 -30.89 0 -8.13
4 1 -25.94 0 -7.66 -29.15 0 -7.1 -29.34 0 -7.67 -26.46 0 -7.68
4 1 -19.05 0 -5.19 -19.51 0 -7.64 -19.49 0 -10.14 -19.05 0 -10.47
4 1 -19.51 0 -7.64 -19.05 0 -5.19 -19.53 0 -5.18 -19.53 0 -7.15
4 1 -29.15 0 -7.1 -25.94 0 -7.66 -19.51 0 -7.64 -19.53 0 -7.15
4 1 -29.15 0 -7.1 -29.97 0 -7.12 -30.89 0 -8.13 -29.34 0 -7.67
4 1 -26.03 0 -5.86 -26.74 0 -5.61 -27 0 -5.95 -26.5 0 -6.43
3 1 -27 0 -5.95 -26.91 0 -6.36 -26.5 0 -6.43
3 1 -26.5 0 -6.43 -26.08 0 -6.27 -26.03 0 -5.86
3 1 -26.74 0 -5.61 -26.03 0 -5.86 -26.32 0 -5.55
3 1 -20.44 0 -4.81 -19.53 0 -5.18 -19.05 0 -5.19
4 1 -12.27 0 -12.82 -12.28 0 -5.82 -12.62 0 -5.87 -12.61 0 -12.52
4 1 -14.18 0 -5.45 -14.69 0 -5.31 -20.44 0 -4.81 -19.05 0 -5.19
3 1 -9.23 0 -7.94 -9.08 0 -8.77 -8.81 0 -8.16
4 1 -19.05 0 -5.19 -12.62 0 -5.87 -12.28 0 -5.82 -14.18 0 -5.45
4 1 -8.75 0 -5.82 -9.23 0 -7.94 -8.81 0 -8.16 -8.43 0 -6.5
4 1 -29.27 0 -3.94 -29.72 0 -5.67 -29.74 0 -6.54 -29.23 0 -6.42
4 1 -29.97 0 -7.12 -29.15 0 -7.1 -29.23 0 -6.42 -29.74 0 -6.54
4 1 -26.7 0 -4.62 -27.78 0 -5.16 -29.23 0 -6.42 -29.15 0 -7.1
4 1 -26.7 0 -4.62 -25.96 0 -4.23 -26.17 0 -3.82 -26.84 0 -4.11
3 1 -26.84 0 -4.11 -27.78 0 -5.16 -26.7 0 -4.62
4 1 -24.64 0 -4.21 -24.84 0 -3.64 -26.17 0 -3.82 -25.96 0 -4.23
4 1 -24.64 0 -4.21 -24.26 0 -3.67 -24.26 0 -1.76 -24.84 0 -3.64
4 1 -22.07 0 -4.5 -20.44 0 -4.81 -14.69 0 -5.31 -24.26 0 -3.67
4 1 -10.71 0 -5.44 -10.2 0 -5.37 -10.2 0 -3.26 -10.68 0 -3.36
3 1 -22.07 0 -4.5 -24.26 0 -3.67 -24.64 0 -4.21
4 1 -8.12 0 -5.96 -5.59 0 -5.5 -10.2 0 -5.37 -8.75 0 -5.82
4 1 -12.28 0 -5.82 -8.75 0 -5.82 -10.2 0 -5.37 -10.71 0 -5.44
3 1 1.21 0 -3.26 .73 0 -3.25 .73 0 -5.38
3 1 -10.71 0 -5.44 -14.18 0 -5.45 -12.28 0 -5.82
4 1 .73 0 -12.02 1.27 0 -11.59 1.21 0 -3.26 .72 0 -5.87
3 1 1.21 0 -3.26 .73 0 -5.38 .72 0 -5.87
4 1 .7 0 -13.89 .98 0 -14.45 1.27 0 -11.59 .72 0 -12.52
3 1 -5.97 0 -12.53 .72 0 -12.52 .73 0 -12.02
4 1 -7.16 0 -12.33 -5.97 0 -12.53 .73 0 -12.02 -6.13 0 -12.1
3 1 -8.75 0 -5.82 -8.43 0 -6.5 -8.12 0 -5.96
3 1 -8.12 0 -5.96 -4.56 0 -5.76 -5.59 0 -5.5
3 1 .73 0 -12.02 .72 0 -12.52 1.27 0 -11.59
4 1 .72 0 -5.87 .73 0 -5.38 -5.59 0 -5.5 -4.56 0 -5.76
3 1 -21.22 0 -2.73 -21.12 0 -3.14 -20.71 0 -3.21
3 1 -20.71 0 -3.21 -20.3 0 -3.05 -20.24 0 -2.64
3 1 -20.24 0 -2.64 -20.53 0 -2.33 -20.96 0 -2.39
4 1 -20.24 0 -2.64 -20.96 0 -2.39 -21.22 0 -2.73 -20.71 0 -3.21
3 1 -19.61 0 -2.73 -19.51 0 -3.14 -19.1 0 -3.21
3 1 -19.1 0 -3.21 -18.69 0 -3.05 -18.63 0 -2.64
3 1 -18.63 0 -2.64 -18.92 0 -2.33 -19.34 0 -2.39
3 1 -18.09 0 -2.73 -17.99 0 -3.14 -17.58 0 -3.21
3 1 -17.58 0 -3.21 -17.17 0 -3.05 -17.11 0 -2.64
3 1 -17.11 0 -2.64 -17.4 0 -2.33 -17.82 0 -2.39
3 1 -16.48 0 -2.73 -16.38 0 -3.14 -15.97 0 -3.21
3 1 -15.97 0 -3.21 -15.55 0 -3.05 -15.5 0 -2.64
3 1 -15.5 0 -2.64 -15.79 0 -2.33 -16.21 0 -2.39
4 1 -15.5 0 -2.64 -16.21 0 -2.39 -16.48 0 -2.73 -15.97 0 -3.21
4 1 -14.21 0 -1.27 -14.69 0 -1.76 -14.69 0 -5.31 -14.18 0 -5.45
4 1 -14.69 0 8.74 -14.69 0 7.28 -14.2 0 6.74 -14.18 0 8.77
4 1 -24.24 0 7.31 -24.26 0 6.69 -14.2 0 6.74 -14.69 0 7.28
4 1 -24.26 0 6.69 -24.24 0 7.31 -24.29 0 8.41 -24.81 0 8.33
4 1 -24.45 0 8.74 -24.61 0 8.69 -24.81 0 8.33 -24.29 0 8.41
4 1 -24.26 0 -1.76 -24.21 0 -1.21 -24.81 0 8.33 -24.84 0 -3.64
3 1 -24.21 0 -1.21 -24.26 0 6.69 -24.81 0 8.33
4 1 -24.26 0 -1.76 -14.69 0 -1.76 -14.21 0 -1.27 -24.21 0 -1.21
3 1 -21.22 0 8.43 -21.12 0 8.01 -20.71 0 7.94
3 1 -20.71 0 7.94 -20.3 0 8.11 -20.24 0 8.51
3 1 -20.24 0 8.51 -20.53 0 8.83 -20.96 0 8.76
4 1 -20.24 0 8.51 -20.96 0 8.76 -21.22 0 8.43 -20.71 0 7.94
3 1 -19.61 0 8.43 -19.51 0 8.01 -19.1 0 7.94
3 1 -19.1 0 7.94 -18.69 0 8.11 -18.63 0 8.51
3 1 -18.63 0 8.51 -18.92 0 8.83 -19.34 0 8.76
3 1 -18.09 0 8.43 -17.99 0 8.01 -17.58 0 7.94
3 1 -17.58 0 7.94 -17.17 0 8.11 -17.11 0 8.51
3 1 -17.11 0 8.51 -17.4 0 8.83 -17.82 0 8.76
3 1 -16.48 0 8.43 -16.38 0 8.01 -15.97 0 7.94
3 1 -15.97 0 7.94 -15.55 0 8.11 -15.5 0 8.51
3 1 -15.5 0 8.51 -15.79 0 8.83 -16.21 0 8.76
4 1 -.73 0 -13.4 -.48 0 -14.22 -.07 0 -14.05 -.02 0 -13.65
3 1 -.02 0 -13.65 -.31 0 -13.33 -.73 0 -13.4
4 1 -.89 0 -14.15 -.48 0 -14.22 -.73 0 -13.4 -.99 0 -13.73
3 1 -.02 0 -15.02 -.31 0 -14.71 -.73 0 -14.77
4 1 -.02 0 -15.02 -.73 0 -14.77 -.99 0 -15.11 -.48 0 -15.6
3 1 -.99 0 -15.11 -.89 0 -15.53 -.48 0 -15.6
3 1 -.48 0 -15.6 -.07 0 -15.43 -.02 0 -15.02
3 1 -5.74 0 -13.73 -5.64 0 -14.15 -5.23 0 -14.22
3 1 -5.23 0 -14.22 -4.82 0 -14.05 -4.76 0 -13.65
3 1 -4.76 0 -13.65 -5.05 0 -13.33 -5.47 0 -13.4
3 1 -4.12 0 -13.73 -4.02 0 -14.15 -3.61 0 -14.22
3 1 -3.61 0 -14.22 -3.2 0 -14.05 -3.15 0 -13.65
3 1 -3.15 0 -13.65 -3.44 0 -13.33 -3.86 0 -13.4
3 1 -2.61 0 -13.73 -2.51 0 -14.15 -2.1 0 -14.22
3 1 -2.1 0 -14.22 -1.69 0 -14.05 -1.63 0 -13.65
3 1 -1.63 0 -13.65 -1.92 0 -13.33 -2.34 0 -13.4
4 1 -1.63 0 -13.65 -2.34 0 -13.4 -2.61 0 -13.73 -2.1 0 -14.22
4 1 -53.94 0 -18.76 -54.3 0 -18.96 -54.38 0 -19.37 -53.56 0 -18.99
3 1 -54.38 0 -19.37 -54.08 0 -19.68 -53.56 0 -18.99
4 1 -53.38 0 -19.36 -53.56 0 -18.99 -54.08 0 -19.68 -53.65 0 -19.69
4 1 -54.61 0 -18.39 -54.52 0 -17.69 -55.34 0 -18.08 -55.04 0 -18.38
3 1 -54.61 0 -18.39 -54.33 0 -18.06 -54.52 0 -17.69
4 1 -55.34 0 -18.08 -54.52 0 -17.69 -54.9 0 -17.46 -55.26 0 -17.66
3 1 -53.68 0 -20.39 -54.02 0 -20.54 -53.83 0 -20.96
4 1 -53.68 0 -20.39 -53.83 0 -20.96 -51.21 0 -18.58 -52.27 0 -19.31
4 1 -52.27 0 -19.31 -53.3 0 -17.1 -53.69 0 -16.36 -56.46 0 -13.21
4 1 -39.63 0 -24.36 -42.55 0 -14.34 -43.09 0 -14.46 -40.54 0 -22.98
3 1 -51.86 0 -18.9 -53.3 0 -17.1 -52.27 0 -19.31
3 1 -51.21 0 -18.58 -51.86 0 -18.9 -52.27 0 -19.31
4 1 -37.09 0 -17.52 -37.03 0 -17.91 -35.39 0 -17.86 -35.87 0 -17.51
4 1 -37.09 0 -17.52 -37.44 0 -14.34 -37.44 0 -24.39 -37.09 0 -21.29
3 1 -37.44 0 -24.39 -37.09 0 -24.39 -37.09 0 -21.29
4 1 -53.83 0 -20.96 -46.8 0 -15.83 -47.12 0 -15.41 -51.21 0 -18.58
4 1 -12.39 0 -13.35 -11.49 0 -12.98 -12.27 0 -12.82 -12.73 0 -13.09
4 1 -17.31 0 -11.54 -12.73 0 -13.09 -12.27 0 -12.82 -12.61 0 -12.52
4 1 -19.08 0 -11.13 -17.31 0 -11.54 -12.61 0 -12.52 -19.05 0 -10.47
4 1 -19.08 0 -11.13 -19.05 0 -10.47 -19.49 0 -10.14 -19.76 0 -10.79
3 1 -25.94 0 -13.52 -26.42 0 -11.5 -26.49 0 -13.76
3 1 -19.82 0 -11.41 -19.08 0 -11.13 -19.76 0 -10.79
4 1 -25.94 0 -13.52 -23.95 0 -13.17 -19.82 0 -11.41 -19.76 0 -10.79
4 1 -31.58 0 -14.33 -26.66 0 -14.36 -26.49 0 -13.76 -31.43 0 -13.79
3 1 -31.43 0 -13.79 -32.09 0 -13.93 -31.58 0 -14.33
3 1 -23.95 0 -13.17 -25.94 0 -13.52 -25.66 0 -14.05
4 1 -26.66 0 -14.36 -25.66 0 -14.05 -25.94 0 -13.52 -26.49 0 -13.76
4 1 -47.12 0 -15.41 -46.8 0 -15.83 -45.68 0 -16.39 -45.99 0 -15.93
4 1 -37.02 0 -20.9 -37.03 0 -17.91 -37.09 0 -17.52 -37.09 0 -21.29
4 1 -45.99 0 -15.93 -45.68 0 -16.39 -43.09 0 -14.46 -43.47 0 -14.05
4 1 -33.86 0 -17.86 -32.2 0 -17.93 -32.12 0 -17.51 -33.34 0 -17.53
4 1 -32.14 0 -21.32 -32.12 0 -17.51 -32.2 0 -17.93 -32.18 0 -20.85
3 1 -43.47 0 -14.05 -43.09 0 -14.46 -42.55 0 -14.34
4 1 -37.44 0 -14.34 -37.13 0 -13.84 -43.47 0 -14.05 -42.55 0 -14.34
3 1 -37.09 0 -17.52 -37.13 0 -13.84 -37.44 0 -14.34
4 1 -31.66 0 -24.38 -31.58 0 -14.33 -32.12 0 -17.51 -32.14 0 -21.32
3 1 -31.58 0 -14.33 -32.09 0 -13.93 -32.12 0 -17.51
4 1 -37.09 0 -21.29 -32.14 0 -21.32 -32.18 0 -20.85 -37.02 0 -20.9
4 1 -49.09 0 -12.69 -47.12 0 -15.41 -45.99 0 -15.93 -49.12 0 -11.48
3 1 -49.12 0 -11.48 -49.33 0 -12.2 -49.09 0 -12.69
4 1 -54.09 0 -15.71 -53.51 0 -15.92 -49.09 0 -12.69 -49.33 0 -12.2
4 1 -55.98 0 -12.9 -57.38 0 -12.77 -57.31 0 -13.44 -56.46 0 -13.21
3 1 -53.69 0 -16.36 -53.51 0 -15.92 -54.09 0 -15.71
3 1 -43.47 0 -14.05 -37.13 0 -13.84 -42.76 0 -13.81
4 1 -42.76 0 -13.81 -43.25 0 -13.44 -49.12 0 -11.48 -43.47 0 -14.05
3 1 -42.77 0 -10.5 -42.72 0 -7.67 -43.25 0 -7.67
4 1 -35.87 0 -17.51 -35.39 0 -17.86 -35.47 0 -10.53 -35.91 0 -11.03
4 1 -35.47 0 -10.53 -42.77 0 -10.5 -42.66 0 -11.03 -35.91 0 -11.03
4 1 -50.17 0 -8.25 -50.16 0 -8.84 -49.59 0 -10.65 -49.65 0 -7.69
4 1 -50.09 0 -11.13 -49.59 0 -10.65 -50.16 0 -8.84 -50.18 0 -10.6
3 1 -43.25 0 -13.44 -49.59 0 -10.65 -49.12 0 -11.48
4 1 -49.33 0 -12.2 -49.12 0 -11.48 -49.59 0 -10.65 -50.09 0 -11.13
4 1 -56.71 0 -12.73 -55.98 0 -12.9 -56.07 0 -12.31 -56.54 0 -12.33
3 1 -42.8 0 -11.88 -42.66 0 -11.03 -42.77 0 -10.5
4 1 -43.25 0 -7.67 -43.25 0 -13.44 -42.8 0 -11.88 -42.77 0 -10.5
3 1 -56.71 0 -12.73 -57.38 0 -12.77 -55.98 0 -12.9
3 1 -42.76 0 -13.81 -42.8 0 -11.88 -43.25 0 -13.44
3 1 -46.43 0 -10.98 -46.33 0 -11.4 -45.92 0 -11.47
3 1 -45.92 0 -11.47 -45.51 0 -11.3 -45.46 0 -10.89
3 1 -46.17 0 -10.64 -45.46 0 -10.89 -45.74 0 -10.58
3 1 -43.84 0 -10.89 -44.13 0 -10.58 -44.55 0 -10.64
3 1 -44.82 0 -10.98 -44.72 0 -11.4 -44.31 0 -11.47
3 1 -44.31 0 -11.47 -43.9 0 -11.3 -43.84 0 -10.89
4 1 -33.79 0 -10.66 -33.23 0 -11.02 -28.32 0 -10.56 -33.04 0 -10.5
4 1 -33.23 0 -11.02 -33.79 0 -10.66 -33.86 0 -17.86 -33.34 0 -17.53
4 1 -26.49 0 -10.43 -28.32 0 -10.56 -33.23 0 -11.02 -26.72 0 -11.04
3 1 -25.94 0 -7.66 -26.46 0 -7.68 -26.49 0 -10.43
3 1 -26.49 0 -10.43 -26.72 0 -11.04 -26.42 0 -11.5
3 1 -25.09 0 -10.56 -25.38 0 -10.87 -24.66 0 -10.62
4 1 -25.32 0 -11.28 -24.91 0 -11.45 -24.66 0 -10.62 -25.38 0 -10.87
4 1 -24.66 0 -10.62 -24.91 0 -11.45 -24.5 0 -11.38 -24.4 0 -10.96
4 1 -19.08 0 -11.13 -19.82 0 -11.41 -23.16 0 -15.93 -22.07 0 -15.41
4 1 -29.15 0 -24.65 -28.63 0 -22.87 -28.36 0 -21.43 -29.73 0 -24.38
4 1 -29.73 0 -24.38 -28.36 0 -21.43 -27.27 0 -18.3 -27.28 0 -16.77
4 1 -26.66 0 -14.36 -27.28 0 -16.77 -27.27 0 -18.3 -26.14 0 -14.43
3 1 -11.12 0 -13.31 -11.49 0 -12.98 -12.39 0 -13.35
4 1 -16.86 0 -19.35 -12.39 0 -13.35 -12.73 0 -13.09 -17.22 0 -19.09
3 1 -15.42 0 -20.89 -15.61 0 -20.26 -16.47 0 -20.27
3 1 -25.66 0 -14.05 -26.66 0 -14.36 -26.14 0 -14.43
3 1 -25.66 0 -14.05 -26.14 0 -14.43 -25.68 0 -14.56
4 1 -23.51 0 -16.38 -24.12 0 -15.33 -25.66 0 -14.05 -25.68 0 -14.56
4 1 -22.07 0 -15.41 -22.53 0 -15.79 -16.47 0 -20.27 -17.22 0 -19.09
4 1 -15.61 0 -20.26 -16.86 0 -19.35 -17.22 0 -19.09 -16.47 0 -20.27
3 1 -23.16 0 -15.93 -24.12 0 -15.33 -23.51 0 -16.38
4 1 -29.15 0 -24.65 -27.28 0 -22.19 -27.93 0 -22.29 -28.63 0 -22.87
3 1 -31.66 0 -24.38 -32.14 0 -21.32 -32.15 0 -24.39
4 1 -32.15 0 -24.39 -29.15 0 -24.65 -29.73 0 -24.38 -31.66 0 -24.38
4 1 -40.33 0 -24.62 -29.15 0 -24.65 -32.15 0 -24.39 -37.09 0 -24.39
3 1 -37.09 0 -24.39 -37.44 0 -24.39 -40.33 0 -24.62
4 1 -40.33 0 -24.62 -39.63 0 -24.36 -40.54 0 -22.98 -40.49 0 -24.01
4 1 -40.49 0 -24.01 -40.54 0 -22.98 -41.49 0 -22.07 -41.91 0 -22.21
4 1 -46.8 0 -15.83 -42.34 0 -21.69 -41.49 0 -22.07 -45.68 0 -16.39
4 1 -47.19 0 -26 -43.66 0 -23.25 -42.34 0 -21.69 -49.13 0 -26.75
3 1 -41.49 0 -22.07 -42.34 0 -21.69 -41.91 0 -22.21
3 1 -42.34 0 -21.69 -43.66 0 -23.25 -41.91 0 -22.21
4 1 -20.43 0 -26.3 -26.93 0 -21.69 -26.5 0 -22.48 -22.01 0 -25.75
3 1 -27.28 0 -22.19 -26.5 0 -22.48 -26.93 0 -21.69
4 1 -23.51 0 -16.38 -27.93 0 -22.29 -27.28 0 -22.19 -26.93 0 -21.69
4 1 -16.87 0 -23.22 -16.72 0 -22.77 -23.76 0 -17.62 -23.95 0 -18
4 1 -23.76 0 -17.62 -23.51 0 -16.38 -26.93 0 -21.69 -23.95 0 -18
3 1 -23.76 0 -17.62 -22.53 0 -15.79 -23.51 0 -16.38
4 1 -25.4 0 -28.83 -25.07 0 -28.59 -25.04 0 -28.16 -25.81 0 -28.64
4 1 -25.8 0 -27.94 -25.81 0 -28.64 -25.04 0 -28.16 -25.38 0 -27.9
3 1 -25.8 0 -27.94 -26.04 0 -28.3 -25.81 0 -28.64
3 1 -27.14 0 -27.12 -26.91 0 -27.47 -26.91 0 -26.76
4 1 -26.51 0 -27.65 -26.18 0 -27.41 -26.14 0 -26.99 -26.91 0 -27.47
3 1 -49.13 0 -26.75 -49.26 0 -27.02 -49.24 0 -27.33
4 1 -47.19 0 -26 -49.13 0 -26.75 -49.24 0 -27.33 -47.61 0 -26.41
4 1 -47.19 0 -26 -47.3 0 -26.65 -43.53 0 -30.97 -44 0 -29.73
4 1 -42.78 0 -30.93 -43.21 0 -30.43 -44 0 -29.73 -43.53 0 -30.97
3 1 -47.19 0 -26 -47.61 0 -26.41 -47.3 0 -26.65
4 1 -36.07 0 -31.52 -36.11 0 -24.97 -36.65 0 -24.93 -36.65 0 -30.93
4 1 -40.33 0 -24.62 -36.65 0 -24.93 -36.11 0 -24.97 -33.26 0 -24.91
4 1 -33.2 0 -33.51 -32.85 0 -30.93 -32.83 0 -24.91 -33.26 0 -24.91
3 1 -39.28 0 -24.9 -36.65 0 -24.93 -40.33 0 -24.62
4 1 -32.83 0 -24.91 -29.15 0 -24.65 -40.33 0 -24.62 -33.26 0 -24.91
3 1 -43.21 0 -30.43 -42.78 0 -30.93 -42.2 0 -28.77
4 1 -42.78 0 -30.93 -39.92 0 -25.08 -40.65 0 -25.58 -42.2 0 -28.77
3 1 -19.8 0 -27.08 -20.43 0 -26.3 -20.47 0 -26.97
4 1 -20.47 0 -26.97 -20.43 0 -26.3 -22.01 0 -25.75 -21.53 0 -26.2
3 1 -40.33 0 -24.62 -40.65 0 -25.58 -39.92 0 -25.08
3 1 -40.33 0 -24.62 -39.92 0 -25.08 -39.28 0 -24.9
4 1 -26.03 0 -30.76 -25.39 0 -30.72 -21.53 0 -26.2 -22.01 0 -25.75
3 1 -32.83 0 -24.91 -29.51 0 -24.93 -29.15 0 -24.65
4 1 -26.25 0 -31.32 -25.39 0 -30.72 -26.03 0 -30.76 -26.54 0 -30.94
4 1 -29.15 0 -24.65 -29.51 0 -24.93 -26.54 0 -30.94 -26.03 0 -30.76
4 1 -29.31 0 -28.65 -28.9 0 -28.7 -28.59 0 -28.41 -29.48 0 -28.24
3 1 -28.59 0 -28.41 -28.66 0 -27.99 -29.48 0 -28.24
4 1 -28.66 0 -27.99 -29 0 -27.73 -29.41 0 -27.83 -29.48 0 -28.24
3 1 -28.59 0 -30.02 -28.65 0 -29.6 -29.47 0 -29.85
4 1 -29.41 0 -29.44 -29.47 0 -29.85 -28.65 0 -29.6 -28.99 0 -29.34
4 1 -32.86 0 -33.6 -32.84 0 -31.32 -32.85 0 -30.93 -33.2 0 -33.51
4 1 -26.25 0 -31.32 -25.96 0 -31.84 -25.67 0 -31.99 -25.39 0 -30.72
4 1 -26.25 0 -31.32 -26.54 0 -30.94 -32.85 0 -30.93 -32.84 0 -31.32
4 1 -40.69 0 -28.41 -40.38 0 -28.7 -39.97 0 -28.65 -39.8 0 -28.24
3 1 -39.8 0 -28.24 -39.87 0 -27.83 -40.29 0 -27.73
4 1 -40.69 0 -28.41 -39.8 0 -28.24 -40.29 0 -27.73 -40.62 0 -27.99
3 1 -39.81 0 -29.85 -39.88 0 -29.44 -40.29 0 -29.34
4 1 -39.98 0 -30.26 -39.81 0 -29.85 -40.7 0 -30.02 -40.39 0 -30.31
4 1 -40.7 0 -30.02 -39.81 0 -29.85 -40.29 0 -29.34 -40.63 0 -29.6
4 1 -43.02 0 -31.34 -36.7 0 -31.32 -36.65 0 -30.93 -42.78 0 -30.93
4 1 -43.61 0 -31.97 -43.02 0 -31.34 -42.78 0 -30.93 -43.53 0 -30.97
4 1 -36.07 0 -31.52 -36.68 0 -33.09 -36.37 0 -33.71 -36.2 0 -33.33
4 1 -43.88 0 -28.83 -43.48 0 -28.64 -44.24 0 -28.16 -44.21 0 -28.59
3 1 -43.48 0 -28.64 -43.25 0 -28.3 -43.48 0 -27.94
3 1 -42.8 0 -26.72 -43.14 0 -26.99 -42.37 0 -27.47
4 1 -43.14 0 -26.99 -43.11 0 -27.41 -42.77 0 -27.65 -42.37 0 -27.47
4 1 -30.78 0 -20.52 -30.38 0 -20.57 -30.06 0 -20.28 -30.95 0 -20.11
3 1 -30.06 0 -20.28 -30.13 0 -19.86 -30.95 0 -20.11
4 1 -30.88 0 -19.7 -30.95 0 -20.11 -30.13 0 -19.86 -30.47 0 -19.59
3 1 -30.89 0 -18.08 -30.96 0 -18.49 -30.48 0 -17.98
4 1 -30.07 0 -18.67 -30.96 0 -18.49 -30.79 0 -18.9 -30.38 0 -18.96
3 1 -30.9 0 -16.56 -30.97 0 -16.98 -30.48 0 -16.46
4 1 -30.08 0 -17.15 -30.97 0 -16.98 -30.8 0 -17.39 -30.39 0 -17.44
3 1 -30.91 0 -14.95 -30.97 0 -15.36 -30.49 0 -14.85
4 1 -30.8 0 -15.77 -30.4 0 -15.83 -30.09 0 -15.54 -30.97 0 -15.36
4 1 -38.88 0 -20.52 -38.47 0 -20.57 -38.16 0 -20.28 -39.05 0 -20.11
3 1 -38.16 0 -20.28 -38.22 0 -19.86 -39.05 0 -20.11
4 1 -38.98 0 -19.7 -39.05 0 -20.11 -38.22 0 -19.86 -38.56 0 -19.59
3 1 -38.99 0 -18.08 -39.05 0 -18.49 -38.57 0 -17.98
4 1 -38.17 0 -18.67 -39.05 0 -18.49 -38.89 0 -18.9 -38.48 0 -18.96
4 1 -38.17 0 -18.67 -38.23 0 -18.24 -38.57 0 -17.98 -39.05 0 -18.49
3 1 -38.99 0 -16.56 -39.06 0 -16.98 -38.58 0 -16.46
4 1 -38.17 0 -17.15 -39.06 0 -16.98 -38.89 0 -17.39 -38.49 0 -17.44
3 1 -39 0 -14.95 -39.07 0 -15.36 -38.59 0 -14.85
4 1 -38.9 0 -15.77 -38.49 0 -15.83 -38.18 0 -15.54 -39.07 0 -15.36
4 1 -10.36 0 -8.18 -10.77 0 -8.11 -11.1 0 -8.38 -10.22 0 -8.6
3 1 -11.1 0 -8.38 -11.05 0 -8.8 -10.22 0 -8.6
4 1 -10.31 0 -9.01 -10.22 0 -8.6 -11.05 0 -8.8 -10.73 0 -9.08
4 1 -10.28 0 -6.57 -10.68 0 -6.5 -11.01 0 -6.77 -10.13 0 -6.99
3 1 -11.01 0 -6.77 -10.97 0 -7.19 -10.13 0 -6.99
4 1 -10.22 0 -7.4 -10.13 0 -6.99 -10.97 0 -7.19 -10.65 0 -7.47
3 1 -14.14 0 -10.03 -14.09 0 -9.63 -14.55 0 -10.2
4 1 -14.38 0 -9.31 -14.8 0 -9.38 -14.55 0 -10.2 -14.09 0 -9.63
4 1 -14.96 0 -10.13 -14.55 0 -10.2 -14.8 0 -9.38 -15.06 0 -9.72
3 1 -18.19 0 -9.72 -18.1 0 -10.13 -17.69 0 -10.2
3 1 -17.69 0 -10.2 -17.27 0 -10.03 -17.22 0 -9.63
3 1 -17.22 0 -9.63 -17.51 0 -9.31 -17.93 0 -9.38
4 1 -17.22 0 -9.63 -17.93 0 -9.38 -18.19 0 -9.72 -17.69 0 -10.2
3 1 -16.58 0 -9.72 -16.48 0 -10.13 -16.07 0 -10.2
3 1 -16.07 0 -10.2 -15.66 0 -10.03 -15.61 0 -9.63
3 1 -15.61 0 -9.63 -15.9 0 -9.31 -16.32 0 -9.38
4 1 -15.61 0 -9.63 -16.32 0 -9.38 -16.58 0 -9.72 -16.07 0 -10.2
3 1 -24.42 0 -5.86 -24.71 0 -5.55 -25.13 0 -5.61
3 1 -25.39 0 -5.95 -25.29 0 -6.36 -24.88 0 -6.43
3 1 -24.88 0 -6.43 -24.47 0 -6.27 -24.42 0 -5.86
3 1 -31.82 0 -6.4 -31.76 0 -6.8 -31.35 0 -6.97
3 1 -31.35 0 -6.97 -30.94 0 -6.9 -30.84 0 -6.48
3 1 -31.1 0 -6.15 -31.53 0 -6.08 -31.82 0 -6.4
3 1 -37.56 0 -6.83 -37.46 0 -6.42 -37.97 0 -6.9
3 1 -37.72 0 -6.08 -38.15 0 -6.01 -38.43 0 -6.33
3 1 -38.43 0 -6.33 -38.38 0 -6.73 -37.97 0 -6.9
3 1 -41.76 0 -2.46 -41.66 0 -2.05 -42.17 0 -2.53
4 1 -42.63 0 -1.96 -42.17 0 -2.53 -41.66 0 -2.05 -41.92 0 -1.71
3 1 -41.92 0 -1.71 -42.35 0 -1.65 -42.63 0 -1.96
3 1 -42.63 0 -1.96 -42.58 0 -2.37 -42.17 0 -2.53
3 1 -42.63 0 -.58 -42.58 0 -.99 -42.17 0 -1.16
3 1 -42.17 0 -1.16 -41.76 0 -1.09 -41.66 0 -.67
3 1 -41.92 0 -.33 -42.35 0 -.27 -42.63 0 -.58
4 1 -40.56 0 -1.1 -40.73 0 -.27 -41.02 0 -.58 -40.88 0 -.99
3 1 -40.56 0 -1.1 -40.23 0 -1.05 -40.05 0 -.67
4 1 -36.37 0 5.91 -35.98 0 5.55 -34.97 0 5.82 -34.96 0 6.43
4 1 -37.49 0 3.9 -36.89 0 4.87 -37.17 0 5.25 -37.74 0 4.37
4 1 -37.72 0 2.78 -37.49 0 3.9 -37.74 0 4.37 -38.1 0 3.39
4 1 -37.49 0 1.65 -37.72 0 2.78 -38.1 0 3.39 -38.15 0 2.34
4 1 -34.96 0 6.43 -34.46 0 6.42 -34.47 0 7.55 -34.96 0 7.45
4 1 -34.97 0 5.82 -34.47 0 5.92 -34.46 0 6.42 -34.96 0 6.43
4 1 -31.18 0 6.38 -31.17 0 7.48 -31.54 0 7.47 -31.57 0 6.43
4 1 -37.17 0 5.25 -36.89 0 4.87 -35.98 0 5.55 -36.37 0 5.91
4 1 -34 0 3.65 -33.27 0 4 -32.98 0 4.46 -33.76 0 4.35
3 1 -34.47 0 4 -34.47 0 5.92 -34.97 0 5.82
4 1 -31.54 0 1.67 -31.55 0 3.86 -31.94 0 3.37 -31.8 0 2.59
3 1 -31.54 0 1.67 -31.54 0 -.4 -31.17 0 -.28
4 1 -31.55 0 3.86 -31.54 0 1.67 -31.17 0 -.28 -31.17 0 5.8
4 1 -27.96 0 2.6 -28.16 0 3.85 -28.71 0 4.08 -28.43 0 2.96
4 1 -30.37 0 5.62 -29.39 0 5 -28.71 0 4.98 -29.67 0 5.79
4 1 -31.57 0 6.43 -31.54 0 5.87 -31.17 0 5.8 -31.18 0 6.38
3 1 -31.54 0 5.87 -31.55 0 3.86 -31.17 0 5.8
4 1 -33.76 0 4.35 -34.47 0 4 -34.35 0 2.95 -34 0 3.65
4 1 -28.16 0 3.85 -28.71 0 4.98 -29.39 0 5 -28.71 0 4.08
4 1 -32.21 0 4.32 -32.98 0 4.46 -33.27 0 4 -32.49 0 3.92
4 1 -32.21 0 4.32 -32.49 0 3.92 -31.94 0 3.37 -31.55 0 3.86
4 1 -29.67 0 5.79 -31.18 0 6.38 -31.17 0 5.8 -30.37 0 5.62
3 1 -30.01 0 .02 -31.17 0 -.28 -29.95 0 -.42
4 1 -31.11 0 -.94 -29.95 0 -.42 -31.17 0 -.28 -31.54 0 -.4
4 1 -29.15 0 .79 -30.01 0 .02 -29.95 0 -.42 -28.95 0 .35
4 1 -28.59 0 1.8 -29.15 0 .79 -28.95 0 .35 -28.24 0 1.38
4 1 -28.43 0 2.96 -28.59 0 1.8 -28.24 0 1.38 -27.96 0 2.6
4 1 -31.8 0 2.59 -32.15 0 1.88 -32.2 0 1.23 -31.54 0 1.67
4 1 -32.15 0 1.88 -32.86 0 1.53 -32.97 0 1.08 -32.2 0 1.23
4 1 -33.75 0 1.16 -32.97 0 1.08 -32.86 0 1.53 -33.64 0 1.62
4 1 -34.42 0 -.89 -34.47 0 -.4 -35.01 0 -.29 -34.97 0 -.92
3 1 -34.47 0 -.4 -34.44 0 1.52 -35.01 0 -.29
4 1 -34.2 0 2.17 -34.44 0 1.52 -33.75 0 1.16 -33.64 0 1.62
3 1 -34.2 0 2.17 -34.35 0 2.95 -34.44 0 1.52
4 1 -34.47 0 4 -34.97 0 5.82 -35.01 0 -.29 -34.35 0 2.95
3 1 -34.44 0 1.52 -34.35 0 2.95 -35.01 0 -.29
4 1 -36.01 0 -.03 -36.9 0 .67 -37.32 0 .44 -36.53 0 -.24
4 1 -36.9 0 .67 -37.49 0 1.65 -38.15 0 2.34 -37.86 0 1.34
3 1 -37.86 0 1.34 -37.32 0 .44 -36.9 0 .67
3 1 -11.11 0 -22.7 -10.83 0 -23.01 -10.93 0 -22.31
4 1 -10.14 0 -22.42 -10.83 0 -23.01 -10.4 0 -23.13 -10.11 0 -22.84
4 1 -10.14 0 -22.42 -10.51 0 -22.21 -10.93 0 -22.31 -10.83 0 -23.01
3 1 -5.28 0 -22.77 -5 0 -23.08 -5.1 0 -22.38
4 1 -4.31 0 -22.49 -5 0 -23.08 -4.57 0 -23.2 -4.28 0 -22.92
4 1 -4.31 0 -22.49 -4.68 0 -22.28 -5.1 0 -22.38 -5 0 -23.08
3 1 -6.56 0 -25.84 -6.26 0 -25.55 -6.98 0 -25.71
4 1 -6.67 0 -24.91 -6.98 0 -25.71 -6.26 0 -25.55 -6.3 0 -25.12
3 1 -8.53 0 -24.41 -8.25 0 -24.72 -8.35 0 -24.02
4 1 -7.82 0 -24.84 -7.53 0 -24.55 -7.56 0 -24.13 -8.25 0 -24.72
3 1 -16.75 0 -32.54 -16.46 0 -32.25 -17.18 0 -32.42
4 1 -16.86 0 -31.62 -17.18 0 -32.42 -16.46 0 -32.25 -16.49 0 -31.83
4 1 -17.46 0 -32.11 -17.18 0 -32.42 -16.86 0 -31.62 -17.28 0 -31.72
3 1 -14.17 0 -34.25 -13.88 0 -33.96 -14.6 0 -34.12
4 1 -14.29 0 -33.32 -14.6 0 -34.12 -13.88 0 -33.96 -13.91 0 -33.54
4 1 -14.88 0 -33.82 -14.6 0 -34.12 -14.29 0 -33.32 -14.7 0 -33.43
3 1 -12.91 0 -35.24 -12.61 0 -34.96 -13.33 0 -35.12
4 1 -13.02 0 -34.32 -13.33 0 -35.12 -12.61 0 -34.96 -12.65 0 -34.53
3 1 -54.34 0 -33.6 -54.67 0 -33.33 -55.04 0 -33.52
3 1 -55.04 0 -33.52 -55.26 0 -33.91 -55.06 0 -34.26
3 1 -54.34 0 -34.02 -55.06 0 -34.26 -54.64 0 -34.33
3 1 -52.56 0 -31.61 -52.79 0 -31.99 -52.58 0 -32.35
3 1 -52.58 0 -32.35 -52.16 0 -32.42 -51.87 0 -32.11
3 1 -51.86 0 -31.68 -52.2 0 -31.41 -52.56 0 -31.61
3 1 -61.02 0 -24.75 -60.77 0 -24.38 -60.95 0 -24.02
3 1 -60.95 0 -24.02 -61.37 0 -23.92 -61.68 0 -24.21
3 1 -61.71 0 -24.64 -61.4 0 -24.92 -61.02 0 -24.75
3 1 -62.35 0 -25.66 -62.11 0 -25.29 -62.29 0 -24.92
3 1 -62.29 0 -24.92 -62.7 0 -24.82 -63.02 0 -25.11
3 1 -63.05 0 -25.54 -62.73 0 -25.83 -62.35 0 -25.66
3 1 -64.93 0 -23.02 -64.62 0 -23.3 -64.24 0 -23.13
3 1 -64.24 0 -23.13 -63.99 0 -22.76 -64.17 0 -22.4
3 1 -64.9 0 -22.59 -64.17 0 -22.4 -64.59 0 -22.3
3 1 -62.44 0 -16.91 -62.63 0 -16.55 -62.69 0 -17.28
4 1 -63.04 0 -16.45 -63.36 0 -16.74 -62.69 0 -17.28 -62.63 0 -16.55
4 1 -63.07 0 -17.45 -62.69 0 -17.28 -63.36 0 -16.74 -63.38 0 -17.16
3 1 -58.18 0 -22.63 -58.36 0 -22.26 -58.42 0 -23
4 1 -58.78 0 -22.16 -59.09 0 -22.45 -58.42 0 -23 -58.36 0 -22.26
3 1 -50.59 0 -30.69 -50.92 0 -30.42 -51.29 0 -30.62
3 1 -51.29 0 -30.62 -51.51 0 -31 -51.31 0 -31.36
3 1 -51.31 0 -31.36 -50.89 0 -31.43 -50.59 0 -31.12
4 1 -45.46 0 -35.17 -44.96 0 -35.39 -44.88 0 -35.1 -45.01 0 -34.96
4 1 -46.48 0 -37.45 -47.5 0 -39.22 -49.64 0 -43.69 -48.9 0 -43.14
4 1 -48.9 0 -43.14 -44.96 0 -35.39 -45.46 0 -35.17 -46.48 0 -37.45
4 1 -48.9 0 -43.14 -49.64 0 -43.69 -49.57 0 -44.21 -49.14 0 -43.84
3 1 -49.48 0 -38.07 -49.23 0 -37.7 -49.41 0 -37.34
3 1 -49.41 0 -37.34 -49.83 0 -37.24 -50.14 0 -37.53
4 1 -49.41 0 -37.34 -50.14 0 -37.53 -50.17 0 -37.95 -49.48 0 -38.07
3 1 -50.17 0 -37.95 -49.86 0 -38.24 -49.48 0 -38.07
3 1 -48.49 0 -39.31 -48.24 0 -38.95 -48.43 0 -38.58
3 1 -48.43 0 -38.58 -48.84 0 -38.48 -49.16 0 -38.77
4 1 -48.43 0 -38.58 -49.16 0 -38.77 -49.18 0 -39.2 -48.49 0 -39.31
3 1 -49.18 0 -39.2 -48.87 0 -39.49 -48.49 0 -39.31
4 1 -51.75 0 -40.53 -51.08 0 -41.07 -50.84 0 -40.7 -51.02 0 -40.33
3 1 -51.02 0 -40.33 -51.43 0 -40.24 -51.75 0 -40.53
3 1 -51.43 0 -38.81 -51.11 0 -39.1 -50.73 0 -38.92
3 1 -50.73 0 -38.92 -50.49 0 -38.55 -50.67 0 -38.19
3 1 -50.67 0 -38.19 -51.09 0 -38.09 -51.4 0 -38.38
4 1 -50.67 0 -38.19 -51.4 0 -38.38 -51.43 0 -38.81 -50.73 0 -38.92
3 1 -48.84 0 -37.05 -48.52 0 -37.34 -48.14 0 -37.17
3 1 -48.14 0 -37.17 -47.9 0 -36.8 -48.08 0 -36.43
3 1 -48.08 0 -36.43 -48.49 0 -36.33 -48.81 0 -36.62
4 1 -48.08 0 -36.43 -48.81 0 -36.62 -48.84 0 -37.05 -48.14 0 -37.17
4 1 -64.69 0 -17.64 -64.02 0 -18.19 -63.78 0 -17.82 -63.96 0 -17.45
3 1 -63.96 0 -17.45 -64.38 0 -17.35 -64.69 0 -17.64
4 1 -64.4 0 -18.36 -64.02 0 -18.19 -64.69 0 -17.64 -64.72 0 -18.07
4 1 -65.95 0 -18.49 -65.28 0 -19.04 -65.04 0 -18.67 -65.22 0 -18.3
3 1 -65.22 0 -18.3 -65.63 0 -18.2 -65.95 0 -18.49
4 1 -67.28 0 -19.4 -66.62 0 -19.94 -66.37 0 -19.57 -66.55 0 -19.21
3 1 -66.55 0 -19.21 -66.97 0 -19.11 -67.28 0 -19.4
4 1 -45.32 0 -43.76 -46.21 0 -43.59 -46.04 0 -44 -45.63 0 -44.05
3 1 -45.32 0 -43.76 -45.38 0 -43.34 -46.21 0 -43.59
4 1 -45.33 0 -40.63 -46.22 0 -40.46 -46.05 0 -40.87 -45.65 0 -40.92
3 1 -45.33 0 -40.63 -45.4 0 -40.21 -46.22 0 -40.46
3 1 -20.3 0 -37.19 -20.12 0 -36.8 -20.4 0 -36.49
4 1 -21.09 0 -37.08 -20.4 0 -36.49 -20.83 0 -36.37 -21.12 0 -36.66
3 1 -19.03 0 -38.19 -18.85 0 -37.8 -19.13 0 -37.49
4 1 -19.82 0 -38.08 -19.13 0 -37.49 -19.56 0 -37.37 -19.85 0 -37.65
4 1 -19.03 0 -38.19 -19.13 0 -37.49 -19.82 0 -38.08 -19.45 0 -38.29
4 1 -16.87 0 -40 -16.46 0 -39.89 -16.28 0 -39.51 -16.56 0 -39.2
3 1 -16.56 0 -39.2 -16.98 0 -39.07 -17.28 0 -39.36
4 1 -16.87 0 -40 -16.56 0 -39.2 -17.28 0 -39.36 -17.24 0 -39.79
3 1 -17.29 0 -40.68 -17.57 0 -40.37 -17.47 0 -41.07
4 1 -18.25 0 -40.96 -17.57 0 -40.37 -17.99 0 -40.25 -18.29 0 -40.54
3 1 -20.83 0 -39.25 -20.46 0 -39.47 -20.14 0 -38.67
4 1 -20.46 0 -39.47 -20.04 0 -39.36 -19.86 0 -38.97 -20.14 0 -38.67
3 1 -24.4 0 -40.45 -24.46 0 -40.03 -25.29 0 -40.28
4 1 -25.22 0 -39.87 -25.29 0 -40.28 -24.46 0 -40.03 -24.8 0 -39.77
4 1 -23.54 0 -42.4 -23.13 0 -42.45 -22.82 0 -42.16 -23.71 0 -41.99
3 1 -22.82 0 -42.16 -22.89 0 -41.74 -23.71 0 -41.99
4 1 -23.64 0 -41.58 -23.71 0 -41.99 -22.89 0 -41.74 -23.22 0 -41.48
4 1 -23.22 0 -43.09 -23.7 0 -43.6 -22.81 0 -43.78 -22.88 0 -43.35
3 1 -23.22 0 -43.09 -23.63 0 -43.19 -23.7 0 -43.6
4 1 -22.81 0 -43.78 -23.7 0 -43.6 -23.53 0 -44.01 -23.13 0 -44.07
4 1 -25.11 0 -42.3 -24.7 0 -42.35 -24.39 0 -42.06 -25.28 0 -41.89
3 1 -24.39 0 -42.06 -24.46 0 -41.64 -25.28 0 -41.89
4 1 -24.46 0 -41.64 -24.8 0 -41.38 -25.21 0 -41.48 -25.28 0 -41.89
4 71 79.08 0 22.82 -78.97 0 22.82 -78.98 0 22.17 79.09 0 22.17
4 15 -69.35 0 20.23 -71.75 0 15.35 -71.77 0 13.98 -69.36 0 12.23
4 15 11.71 0 20.12 11.71 0 14.25 14.05 0 12.18 14.06 0 20.18
4 15 -4.48 0 14 -7.98 0 12.23 1.47 0 12.23 -2.14 0 14
4 15 -9.26 0 20.23 -11.66 0 15.35 -11.68 0 13.98 -9.27 0 12.23
4 15 -26.95 0 20.23 -29.31 0 20.18 -29.22 0 17.35 -26.86 0 17.85
4 15 -49.65 0 20.23 -52.01 0 20.18 -51.91 0 17.35 -49.56 0 17.85
4 15 -56.07 0 12.23 -53.73 0 12.23 -53.72 0 20.23 -56.07 0 20.18
4 15 65.15 0 18.34 65.15 0 20.08 62.78 0 20.08 62.78 0 18.34
4 15 52.08 0 20.02 53.91 0 18.23 54.34 0 18.52 53.07 0 20.19
4 15 49.69 0 18.34 49.69 0 20.08 47.32 0 20.08 47.32 0 18.34
4 15 -78.13 0 18.45 -71.75 0 18.45 -69.35 0 20.23 -78.13 0 20.18
4 15 -69.36 0 12.23 -71.77 0 13.98 -78.13 0 14 -78.13 0 12.23
3 15 -69.35 0 20.23 -71.75 0 18.45 -71.75 0 17.16
4 15 -78.13 0 15.35 -71.75 0 15.35 -71.75 0 17.16 -78.13 0 17.11
3 15 -69.35 0 20.23 -71.75 0 17.16 -71.75 0 15.35
4 15 11.71 0 14.25 7.69 0 20.14 3.4 0 20.14 5.74 0 18.07
4 15 5.74 0 12.2 5.74 0 18.07 3.4 0 20.14 3.39 0 12.14
4 15 14.05 0 12.18 11.71 0 14.25 5.74 0 18.07 9.75 0 12.18
4 15 -4.48 0 14 -2.14 0 14 -2.13 0 20.23 -4.48 0 20.18
3 15 -4.48 0 14 -7.98 0 14 -7.98 0 12.23
3 15 1.47 0 12.23 1.47 0 14 -2.14 0 14
4 15 -18.03 0 18.45 -11.66 0 18.45 -9.26 0 20.23 -18.03 0 20.18
4 15 -9.27 0 12.23 -11.68 0 13.98 -18.03 0 14 -18.03 0 12.23
3 15 -9.26 0 20.23 -11.66 0 18.45 -11.66 0 17.16
4 15 -11.66 0 17.16 -18.03 0 17.11 -18.03 0 15.35 -11.66 0 15.35
3 15 -9.26 0 20.23 -11.66 0 17.16 -11.66 0 15.35
4 15 -22.08 0 17.16 -22.08 0 15.35 -19.69 0 12.23 -19.69 0 20.23
3 15 -19.69 0 20.23 -22.06 0 20.18 -22.08 0 17.16
4 15 -26.62 0 15.35 -22.08 0 15.35 -22.08 0 17.16 -26.57 0 17.13
4 15 -26.8 0 14.41 -26.81 0 14.91 -28.45 0 16.03 -28.95 0 15.32
4 15 -26.57 0 17.13 -28.45 0 16.03 -26.81 0 14.91 -26.62 0 15.35
4 15 -26.86 0 17.85 -28.93 0 16.64 -28.45 0 16.03 -26.57 0 17.13
3 15 -29.22 0 17.35 -28.93 0 16.64 -26.86 0 17.85
4 15 -28.95 0 15.32 -29.24 0 14.54 -29.24 0 13.67 -26.8 0 14.41
4 15 -26.58 0 13.98 -26.8 0 14.41 -29.24 0 13.67 -28.99 0 12.86
3 15 -28.99 0 12.86 -28.42 0 12.22 -26.58 0 13.98
3 15 -19.69 0 12.23 -22.08 0 15.35 -22.1 0 13.98
4 15 -26.58 0 13.98 -28.42 0 12.22 -19.69 0 12.23 -22.1 0 13.98
4 15 -33.59 0 13.98 -31.18 0 12.23 -31.18 0 20.23 -33.57 0 15.35
4 15 -33.57 0 15.35 -31.18 0 20.23 -33.55 0 20.18 -33.57 0 17.16
4 15 -33.57 0 15.35 -33.57 0 17.16 -39.72 0 17.13 -38.11 0 15.35
3 15 -39.72 0 17.13 -40.44 0 16.42 -38.11 0 15.35
4 15 -40.73 0 15.64 -38.3 0 14.91 -38.11 0 15.35 -40.44 0 16.42
4 15 -40.73 0 15.64 -40.73 0 13.67 -38.29 0 14.41 -38.3 0 14.91
4 15 -40.73 0 13.67 -40.48 0 12.86 -38.07 0 13.98 -38.29 0 14.41
3 15 -40.48 0 12.86 -39.91 0 12.22 -38.07 0 13.98
4 15 -31.18 0 12.23 -33.59 0 13.98 -38.07 0 13.98 -39.91 0 12.22
4 15 -44.78 0 17.16 -44.78 0 15.35 -42.38 0 12.23 -42.39 0 20.23
3 15 -42.39 0 20.23 -44.75 0 20.18 -44.78 0 17.16
4 15 -49.31 0 15.35 -44.78 0 15.35 -44.78 0 17.16 -49.26 0 17.13
4 15 -49.5 0 14.41 -49.5 0 14.91 -51.14 0 16.03 -51.65 0 15.32
4 15 -49.26 0 17.13 -51.14 0 16.03 -49.5 0 14.91 -49.31 0 15.35
4 15 -51.91 0 17.35 -51.63 0 16.64 -49.26 0 17.13 -49.56 0 17.85
3 15 -51.14 0 16.03 -49.26 0 17.13 -51.63 0 16.64
3 15 -51.65 0 15.32 -51.94 0 14.54 -49.5 0 14.41
4 15 -51.68 0 12.86 -49.5 0 14.41 -51.94 0 14.54 -51.94 0 13.67
3 15 -42.38 0 12.23 -44.78 0 15.35 -44.8 0 13.98
4 15 -51.11 0 12.22 -49.28 0 13.98 -49.5 0 14.41 -51.68 0 12.86
4 15 -49.28 0 13.98 -51.11 0 12.22 -42.38 0 12.23 -44.8 0 13.98
4 15 -58.95 0 20.15 -59.95 0 17.88 -57.85 0 18.61 -57.98 0 19.36
3 15 -57.98 0 19.36 -58.44 0 19.95 -58.95 0 20.15
4 15 -64.35 0 18.52 -60.56 0 18.47 -58.95 0 20.15 -65.62 0 20.19
4 15 -64.35 0 18.52 -65.62 0 20.19 -66.61 0 20.02 -64.79 0 18.23
4 15 -67.33 0 18.31 -64.79 0 18.23 -66.61 0 20.02 -67.23 0 19.31
4 15 -64.79 0 18.23 -67.33 0 18.31 -67.33 0 16.59 -64.8 0 17.48
4 15 -64.8 0 17.48 -67.33 0 16.59 -67.04 0 15.83 -66.34 0 15.45
4 15 -64.4 0 17.11 -64.8 0 17.48 -66.34 0 15.45 -65.54 0 15.36
4 15 -60.25 0 18.01 -59.95 0 17.88 -58.95 0 20.15 -60.56 0 18.47
3 15 -59.95 0 17.88 -58.05 0 17.87 -57.85 0 18.61
3 15 -65.16 0 14.43 -67.33 0 14.43 -67.23 0 13.17
3 15 -60.02 0 12.14 -59.14 0 12.19 -60.64 0 13.94
4 15 -58.35 0 12.52 -57.95 0 13.27 -57.86 0 15.15 -60.23 0 14.3
4 15 -60.23 0 14.3 -57.86 0 15.15 -58.07 0 16.29 -60.25 0 15.05
3 15 -58.07 0 16.29 -58.33 0 16.65 -58.72 0 16.89
4 15 -65.54 0 15.36 -60.68 0 15.35 -59.92 0 17.11 -64.4 0 17.11
4 15 -59.92 0 17.11 -60.25 0 15.05 -58.07 0 16.29 -58.72 0 16.89
3 15 -59.92 0 17.11 -60.68 0 15.35 -60.25 0 15.05
4 15 -66.76 0 12.4 -65.82 0 12.19 -65.16 0 14.43 -67.23 0 13.17
4 15 -65.82 0 12.19 -60.02 0 12.14 -60.64 0 13.94 -64.48 0 13.95
4 15 -64.83 0 14.32 -65.16 0 14.43 -65.82 0 12.19 -64.48 0 13.95
4 15 -58.35 0 12.52 -60.23 0 14.3 -60.64 0 13.94 -59.14 0 12.19
4 15 24.21 0 20.23 15.43 0 20.18 15.43 0 18.45 21.81 0 18.45
4 15 24.2 0 12.23 21.79 0 13.98 15.43 0 14 15.43 0 12.23
4 15 21.79 0 13.98 24.2 0 12.23 24.21 0 20.23 21.81 0 15.35
3 15 24.21 0 20.23 21.81 0 18.45 21.81 0 17.16
4 15 15.43 0 15.35 21.81 0 15.35 21.81 0 17.16 15.43 0 17.11
3 15 24.21 0 20.23 21.81 0 17.16 21.81 0 15.35
3 15 77.1 0 18.82 76.89 0 19.66 76.19 0 20.11
4 15 68.6 0 20.23 70.06 0 18.43 74.09 0 18.42 75.35 0 20.23
4 15 70.06 0 18.43 68.6 0 20.23 67.76 0 20.11 69.61 0 18.28
4 15 69.34 0 17.89 67.76 0 20.11 67.06 0 19.66 66.85 0 18.82
3 15 69.61 0 18.28 67.76 0 20.11 69.34 0 17.89
4 15 66.85 0 18.82 66.89 0 12.22 69.31 0 12.19 69.34 0 17.89
3 15 75.35 0 20.23 74.09 0 18.42 74.58 0 18.2
4 15 74.79 0 12.29 77.05 0 12.26 77.1 0 18.82 74.77 0 17.68
4 15 75.35 0 20.23 74.58 0 18.2 77.1 0 18.82 76.19 0 20.11
3 15 74.58 0 18.2 74.77 0 17.68 77.1 0 18.82
4 15 60.25 0 19.95 59.74 0 20.15 58.75 0 17.88 60.72 0 19.36
4 15 51.37 0 18.31 53.91 0 18.23 52.08 0 20.02 51.46 0 19.31
4 15 53.89 0 17.48 51.37 0 16.59 51.65 0 15.83 52.35 0 15.45
4 15 54.3 0 17.11 53.89 0 17.48 52.35 0 15.45 53.15 0 15.36
4 15 58.77 0 17.11 54.3 0 17.11 53.15 0 15.36 58.01 0 15.35
4 15 51.37 0 16.59 53.89 0 17.48 53.91 0 18.23 51.37 0 18.31
4 15 58.44 0 18.01 58.75 0 17.88 59.74 0 20.15 58.13 0 18.47
4 15 60.72 0 19.36 58.75 0 17.88 60.64 0 17.87 60.84 0 18.61
4 15 52.88 0 12.19 54.21 0 13.95 53.86 0 14.32 53.53 0 14.43
3 15 53.53 0 14.43 51.36 0 14.43 51.46 0 13.17
3 15 59.55 0 12.19 60.34 0 12.52 58.46 0 14.3
4 15 60.34 0 12.52 60.75 0 13.27 60.83 0 15.15 58.46 0 14.3
4 15 58.46 0 14.3 60.83 0 15.15 60.62 0 16.29 58.45 0 15.05
3 15 60.62 0 16.29 60.36 0 16.65 59.98 0 16.89
4 15 60.62 0 16.29 59.98 0 16.89 58.77 0 17.11 58.45 0 15.05
3 15 58.77 0 17.11 58.01 0 15.35 58.45 0 15.05
4 15 51.93 0 12.4 52.88 0 12.19 53.53 0 14.43 51.46 0 13.17
4 15 52.88 0 12.19 58.67 0 12.14 58.06 0 13.94 54.21 0 13.95
4 15 59.74 0 20.15 53.07 0 20.19 54.34 0 18.52 58.13 0 18.47
4 15 58.67 0 12.14 59.55 0 12.19 58.46 0 14.3 58.06 0 13.94
3 15 45.31 0 19.36 44.85 0 19.95 44.34 0 20.15
4 15 42.73 0 18.47 43.34 0 17.88 45.31 0 19.36 44.34 0 20.15
4 15 38.94 0 18.52 42.73 0 18.47 44.34 0 20.15 37.67 0 20.19
4 15 38.94 0 18.52 37.67 0 20.19 36.68 0 20.02 38.5 0 18.23
3 15 36.68 0 20.02 36.06 0 19.31 38.5 0 18.23
4 15 38.48 0 17.48 38.5 0 18.23 36.06 0 19.31 35.96 0 18.31
4 15 36.95 0 15.45 38.48 0 17.48 35.96 0 18.31 35.96 0 16.59
3 15 35.96 0 16.59 36.25 0 15.83 36.95 0 15.45
4 15 38.89 0 17.11 38.48 0 17.48 36.95 0 15.45 37.75 0 15.36
4 15 43.37 0 17.11 38.89 0 17.11 37.75 0 15.36 42.61 0 15.35
4 15 45.31 0 19.36 43.34 0 17.88 45.24 0 17.87 45.44 0 18.61
3 15 42.73 0 18.47 43.04 0 18.01 43.34 0 17.88
3 15 38.13 0 14.43 35.96 0 14.43 36.06 0 13.17
4 15 38.13 0 14.43 36.06 0 13.17 36.53 0 12.4 37.47 0 12.19
3 15 37.47 0 12.19 43.27 0 12.14 38.81 0 13.95
4 15 38.81 0 13.95 43.27 0 12.14 44.15 0 12.19 42.65 0 13.94
4 15 45.43 0 15.15 43.06 0 14.3 44.94 0 12.52 45.34 0 13.27
4 15 43.06 0 14.3 45.43 0 15.15 45.22 0 16.29 43.04 0 15.05
3 15 45.22 0 16.29 44.96 0 16.65 44.57 0 16.89
4 15 45.22 0 16.29 44.57 0 16.89 43.37 0 17.11 43.04 0 15.05
3 15 43.37 0 17.11 42.61 0 15.35 43.04 0 15.05
4 15 38.46 0 14.32 38.13 0 14.43 37.47 0 12.19 38.81 0 13.95
4 15 44.94 0 12.52 43.06 0 14.3 42.65 0 13.94 44.15 0 12.19
4 15 34.29 0 20.08 31.92 0 20.08 31.92 0 18.34 34.29 0 18.34
3 16 80 0 -60 34.22 0 -58.53 17.01 0 -58.53
3 16 -14.39 0 -42.87 -18.14 0 -45.36 15.22 0 -53.79
3 16 .51 0 53.8 .28 0 54.34 -.27 0 53.31
3 16 -34.85 0 57.26 -32.32 0 57.26 -80 0 60
4 16 67.59 0 54.15 67.91 0 54.71 67.28 0 55.15 67.04 0 54.52
4 16 38.32 0 53.74 38.32 0 54.3 37.69 0 54.6 37.72 0 53.83
4 16 50.71 0 54.19 51.24 0 54.64 51.28 0 55.09 50.56 0 55.14
4 16 55.83 0 53.81 54.83 0 54.4 54.15 0 54.4 53.18 0 53.81
4 16 56.29 0 55.4 56.79 0 55.89 56.72 0 56.22 56 0 56.15
4 16 60.99 0 56.98 60.97 0 54.87 61.65 0 53.81 61.65 0 56.98
4 16 63.72 0 53.74 63.72 0 54.3 63.09 0 54.6 63.12 0 53.83
3 16 7.18 0 55.62 6.23 0 55.62 6.71 0 54.11
3 16 -4.32 0 55.62 -5.26 0 55.62 -4.78 0 54.11
3 16 -18.94 0 55.62 -19.88 0 55.62 -19.41 0 54.11
3 16 -44.35 0 55.62 -45.3 0 55.62 -44.82 0 54.11
4 16 -52.85 0 54.44 -51.46 0 54.32 -51.72 0 56.51 -53.03 0 55.59
3 16 -66.22 0 55.62 -67.17 0 55.62 -66.69 0 54.11
4 16 1.13 0 54.42 1.46 0 54.05 2.18 0 54 1.84 0 55.24
4 16 11.26 0 54.42 11.59 0 54.05 12.31 0 54 11.97 0 55.24
4 16 63.27 0 -12.42 63.27 0 -14.39 77.9 0 -14.42 77.9 0 -12.42
4 16 57.74 0 -20.53 58.26 0 -21.72 63.27 0 -22.09 63.27 0 -20.2
4 16 25.93 0 -31.3 25.19 0 -27.4 20.6 0 -28.92 22.71 0 -31.06
4 16 7.68 0 -22.39 7.46 0 -23.44 8.71 0 -24.4 8.99 0 -23.45
4 16 42.81 0 -24.74 43.07 0 -24.4 38.64 0 -24.34 38.93 0 -24.65
3 16 38.46 0 -25.23 38.05 0 -25.16 37.2 0 -25.86
4 16 26.42 0 -18.34 50.61 0 -18.31 42.89 0 -16.27 38.65 0 -16.24
3 16 -69.35 0 20.23 -78.98 0 22.17 -78.13 0 20.18
4 16 -38.11 0 15.35 -38.3 0 14.91 -38.29 0 14.41 -38.07 0 13.98
4 16 -49.31 0 15.35 -49.5 0 14.91 -49.5 0 14.41 -49.28 0 13.98
3 16 53.07 0 20.19 59.74 0 20.15 79.09 0 22.17
4 16 45.03 0 -10.16 43.68 0 -9.48 42.89 0 -9.39 42.48 0 -9.55
4 16 43.84 0 -8.73 44.99 0 -8.05 41.41 0 -8 42.65 0 -8.67
4 16 35.15 0 -6.72 35.16 0 -8.91 38.41 0 -8.97 36.79 0 -5.92
4 16 7.5 0 -9 8.39 0 -8.8 8.08 0 -7.37 7.66 0 -8
4 16 27.77 0 4.44 37.41 0 5.71 36.06 0 7.8 35.65 0 7.87
4 16 43.82 0 4.43 42.64 0 5.05 42.23 0 5.12 41.32 0 4.45
4 16 19.17 0 -2.04 25.07 0 -.54 27.3 0 1.1 19.16 0 1.09
4 16 15.62 0 5.94 15.57 0 -.42 18.63 0 -.46 18.6 0 5.94
4 16 27.31 0 4.43 26.88 0 5.55 19.2 0 7.54 19.15 0 4.48
4 16 17.1 0 -5.61 16.11 0 -5.68 13.3 0 -6.53 17.51 0 -5.68
4 16 39.81 0 -2.74 38.38 0 -.64 37.7 0 -1.08 38.9 0 -3.22
4 16 -12.05 0 5.52 -11.99 0 -.51 -9.37 0 -2.67 -6.23 0 -2.68
4 16 -.92 0 -16.51 -.49 0 -16.88 -.07 0 -15.43 -.48 0 -15.6
4 16 -3.31 0 -20.35 -1.16 0 -20.33 -.49 0 -16.88 -1.06 0 -16.89
4 16 -2.7 0 -22.25 -3.49 0 -20.85 -4.68 0 -22.28 -4.31 0 -22.49
4 16 -21.14 0 -44.73 -23.13 0 -44.07 -23.53 0 -44.01 -25.93 0 -44.71
4 16 -45.32 0 -43.76 -44.7 0 -43.59 -44.63 0 -43.18 -45.38 0 -43.34
4 16 -57.11 0 -37.44 -56.76 0 -40.35 -56 0 -37.13 -56.7 0 -37.29
4 16 -68.12 0 -20.62 -67.02 0 -21.47 -66.62 0 -19.94 -67 0 -20.11
4 16 -66.97 0 -19.11 -65.95 0 -18.49 -65.63 0 -18.2 -67.36 0 -18.18
3 16 -64.38 0 -17.35 -63.96 0 -17.45 -63.38 0 -17.16
4 16 -72.31 0 -11.01 -71.21 0 -15.69 -70.25 0 -15.07 -70.37 0 -14.41
3 16 -56.45 0 -8.27 -55.92 0 -7.65 -56.33 0 -7.58
4 16 -44.22 0 -6.44 -44.63 0 -6.37 -45.33 0 -6.27 -45.74 0 -6.44
4 16 -39.69 0 .9 -40.31 0 -.33 -40.05 0 -.67 -39.23 0 .1
4 16 -38.88 0 6.15 -38.97 0 6.82 -40.23 0 6.64 -40.05 0 6.26
4 16 -24.88 0 -6.43 -25.29 0 -6.36 -26.08 0 -6.27 -26.5 0 -6.43
4 16 -24.26 0 -1.76 -18.92 0 -2.33 -17.4 0 -2.33 -14.69 0 -1.76
4 16 -17.58 0 -3.21 -17.99 0 -3.14 -18.69 0 -3.05 -19.1 0 -3.21
4 16 -18.69 0 8.11 -19.1 0 7.94 -17.58 0 7.94 -17.99 0 8.01
4 16 -10.2 0 -5.37 -5.59 0 -5.5 -5.58 0 -3.11 -10.2 0 -3.26
3 16 -7.16 0 -12.33 -8.1 0 -11.11 -9.25 0 -14.11
4 16 -4.76 0 -13.65 -4.82 0 -14.05 -4.02 0 -14.15 -4.12 0 -13.73
4 16 -30.76 0 -34.89 -32.86 0 -33.6 -33.2 0 -33.51 -34.59 0 -35.14
4 16 -51.86 0 -18.9 -51.21 0 -18.58 -53.51 0 -15.92 -53.3 0 -17.1
4 16 -44.31 0 -11.47 -44.72 0 -11.4 -45.92 0 -11.47 -43.25 0 -13.44
3 16 -44.13 0 -10.58 -43.84 0 -10.89 -43.25 0 -7.67
4 16 -26.72 0 -11.04 -33.23 0 -11.02 -32.09 0 -13.93 -31.43 0 -13.79
4 16 -37.09 0 -17.52 -35.87 0 -17.51 -35.91 0 -11.03 -37.13 0 -13.84
3 16 -49.12 0 -11.48 -45.99 0 -15.93 -43.47 0 -14.05
3 16 -25.94 0 -13.52 -24.91 0 -11.45 -25.32 0 -11.28
3 16 -25.94 0 -7.66 -25.38 0 -10.87 -25.09 0 -10.56
4 16 -12.73 0 -13.09 -17.31 0 -11.54 -22.07 0 -15.41 -17.22 0 -19.09
4 16 -27.27 0 -18.3 -28.36 0 -21.43 -28.63 0 -22.87 -27.93 0 -22.29
3 16 -25.4 0 -28.83 -25.81 0 -28.64 -26.03 0 -30.76
4 16 -29.15 0 -24.65 -26.03 0 -30.76 -26.91 0 -27.47 -27.14 0 -27.12
3 16 -29.51 0 -24.93 -29 0 -27.73 -28.66 0 -27.99
4 16 -43.21 0 -30.43 -43.48 0 -28.64 -43.88 0 -28.83 -44 0 -29.73
4 16 -40.49 0 -24.01 -43.66 0 -23.25 -42.8 0 -26.72 -40.65 0 -25.58
4 16 -40.54 0 -22.98 -43.09 0 -14.46 -45.68 0 -16.39 -41.49 0 -22.07
4 16 -37.09 0 -21.29 -37.09 0 -24.39 -32.15 0 -24.39 -32.14 0 -21.32
4 16 -30.96 0 -18.49 -30.89 0 -18.08 -30.8 0 -17.39 -30.97 0 -16.98
3 16 -30.49 0 -14.85 -26.66 0 -14.36 -31.58 0 -14.33
4 16 -24.12 0 -15.33 -23.16 0 -15.93 -19.82 0 -11.41 -23.95 0 -13.17
3 16 -38.89 0 -17.39 -39.06 0 -16.98 -38.99 0 -18.08
4 16 -39.06 0 -16.98 -38.99 0 -16.56 -39.07 0 -15.36 -42.55 0 -14.34
4 16 -42.55 0 -14.34 -39 0 -14.95 -38.59 0 -14.85 -37.44 0 -14.34
4 16 -11.1 0 -8.38 -10.77 0 -8.11 -10.65 0 -7.47 -10.97 0 -7.19
4 16 -12.28 0 -5.82 -10.68 0 -6.5 -10.28 0 -6.57 -8.75 0 -5.82
4 16 -35.98 0 -2.3 -36.02 0 -8.83 -33.06 0 -8.87 -33.14 0 -2.41
4 16 -39.11 0 -2.92 -37.72 0 -6.08 -37.46 0 -6.42 -36.5 0 -2.35
4 16 -39.92 0 -4.02 -41.76 0 -2.46 -42.17 0 -2.53 -42.19 0 -4.44
4 16 -31.94 0 3.37 -33.27 0 4 -32.86 0 1.53 -31.8 0 2.59
4 16 -11.33 0 -24.12 -12.4 0 -23.13 -13.96 0 -22.47 -14.13 0 -25.07
4 16 -6.56 0 -25.84 -6.98 0 -25.71 -8 0 -26.13 -6.52 0 -27.01
4 16 -13.02 0 -34.32 -10.45 0 -34.25 -13.91 0 -33.54 -13.88 0 -33.96
3 16 -13.02 0 -34.32 -12.65 0 -34.53 -10.45 0 -34.25
3 16 -54.34 0 -33.6 -52.16 0 -32.42 -52.58 0 -32.35
4 16 -54.34 0 -34.02 -54.64 0 -34.33 -56.91 0 -36.71 -50.22 0 -31.76
4 16 -61.63 0 -28.65 -56.04 0 -25.74 -57.15 0 -23.65 -62.34 0 -27.6
4 16 -49.83 0 -37.24 -49.58 0 -36.38 -51.09 0 -38.09 -50.14 0 -37.53
4 16 -19.86 0 -38.97 -19.45 0 -38.29 -19.82 0 -38.08 -20.14 0 -38.67
3 16 -20.46 0 -39.47 -20.83 0 -39.25 -20.07 0 -42.52
4 16 -20.43 0 -43.01 -23.95 0 -36.04 -23.22 0 -41.48 -22.89 0 -41.74
4 16 -22.82 0 -42.16 -23.13 0 -42.45 -23.22 0 -43.09 -22.88 0 -43.35
4 16 -42.64 0 -45.75 -40.3 0 -45.8 -40.19 0 -45.02 -41.95 0 -44.35
4 16 -26.54 0 -45.79 -26.79 0 -44.43 -29.27 0 -44.47 -29.38 0 -45.73
3 16 7.84 0 44.46 7.34 0 44.88 5.06 0 44.54
4 16 31.68 0 26.03 2.1 0 26.75 .03 0 26.76 -53.49 0 24.29
4 16 -64.78 0 41.28 -60.62 0 43.61 -62.86 0 44.36 -64 0 42.94
4 16 -41.99 0 40.92 -46.6 0 42.08 -42.23 0 37.83 -41.85 0 39.34
3 16 9.43 0 29.33 10.01 0 27.65 10.58 0 29.33
3 16 17.72 0 29.33 18.3 0 27.65 18.86 0 29.33
4 16 35.76 0 28.32 35.02 0 28.23 34.99 0 27.98 35.72 0 27.85
4 16 38.64 0 28.32 37.9 0 28.23 37.87 0 27.98 38.6 0 27.85
3 16 40.1 0 27.34 41 0 27.34 40.57 0 27.99
4 16 40.98 0 29.2 41.17 0 29.75 39.95 0 29.75 40.14 0 29.2
4 16 43.82 0 27.34 44.54 0 27.34 44.54 0 30.51 43.82 0 29.91
4 16 47.22 0 27.68 47.56 0 28.25 46.89 0 28.69 46.63 0 28.06
4 16 5.06 0 44.54 -5.32 0 39.98 1.79 0 39.96 13.24 0 39.96
4 16 10.19 0 37.75 9.4 0 37.18 14.81 0 36.56 12.27 0 37.75
4 16 75.23 0 37.79 74.13 0 38.37 73.71 0 37.83 74.91 0 37.16
4 16 46.28 0 39.31 45.83 0 38.83 46.21 0 38.17 46.68 0 38.85
4 16 48.57 0 37.54 49.21 0 36.27 49.21 0 39.44 48.57 0 38.1
4 16 57.95 0 39.44 57.32 0 38.1 57.32 0 37.54 57.95 0 36.27
4 16 62.12 0 36.27 62.76 0 36.27 62.76 0 39.44 62.12 0 38.84
4 16 65.13 0 39.44 64.5 0 37.62 64.5 0 36.83 65.13 0 36.27
4 16 67.82 0 36.27 67.15 0 36.82 66.66 0 36.85 66.53 0 36.29
3 16 70.03 0 36.27 69.65 0 36.91 69.24 0 36.27
4 16 55.74 0 36.27 54.82 0 36.86 54.18 0 36.86 53.28 0 36.27
4 16 19.97 0 47.82 19.49 0 48.13 19.18 0 48.05 18.98 0 47.72
4 16 35.54 0 48.31 34.86 0 46.97 34.86 0 46.41 35.54 0 45.14
4 16 63.81 0 48.31 61.72 0 48.31 61.72 0 47.71 63.13 0 47.71
3 16 59.63 0 45.14 60.48 0 45.14 60.06 0 45.78
4 16 51.54 0 47.48 50.87 0 47.22 50.93 0 46.49 51.65 0 46.75
3 16 39.82 0 45.78 39.39 0 45.14 40.24 0 45.14
4 16 36.91 0 45.73 35.94 0 45.14 38.58 0 45.14 37.59 0 45.73
4 16 44.18 0 45.14 43.46 0 45.73 43.01 0 45.74 43.15 0 45.14
3 16 80 0 -60 77.9 0 -36.88 77.75 0 -52.37
3 16 80 0 -60 77.75 0 -52.37 77.42 0 -54.16
3 16 -77.19 0 -57.04 -77.32 0 -56.16 -80 0 -60
3 16 -76.75 0 -57.81 -77.19 0 -57.04 -80 0 -60
3 16 80 0 -60 77.42 0 -54.16 76.74 0 -55.84
3 16 80 0 -60 76.74 0 -55.84 75.48 0 -57.14
3 16 -76.03 0 -58.32 -76.75 0 -57.81 -80 0 -60
3 16 -75.17 0 -58.55 -76.03 0 -58.32 -80 0 -60
3 16 80 0 -60 75.48 0 -57.14 73.89 0 -57.99
3 16 80 0 -60 73.89 0 -57.99 72.14 0 -58.41
4 16 -69.65 0 -58.53 -71.53 0 -58.53 -75.17 0 -58.55 -80 0 -60
4 16 -52.6 0 -58.53 -80 0 -60 80 0 -60 15.22 0 -58.53
4 16 -69.65 0 -58.53 -69.65 0 -53.79 -71.53 0 -53.79 -71.53 0 -58.53
3 16 -69.65 0 -58.53 -80 0 -60 -54.56 0 -58.53
3 16 80 0 -60 72.14 0 -58.41 70.33 0 -58.54
3 16 80 0 -60 70.33 0 -58.54 35.95 0 -58.53
3 16 -52.6 0 -58.53 -54.56 0 -58.53 -80 0 -60
4 16 35.95 0 -53.79 34.22 0 -53.79 34.22 0 -58.53 35.95 0 -58.53
3 16 17.01 0 -58.53 15.22 0 -58.53 80 0 -60
3 16 80 0 -60 35.95 0 -58.53 34.22 0 -58.53
4 16 -59.44 0 -38.61 -62.27 0 -35.09 -71.53 0 -53.79 -69.65 0 -53.79
4 16 -54.56 0 -53.79 -56.23 0 -41.77 -59.44 0 -38.61 -69.65 0 -53.79
4 16 -52.6 0 -58.53 -52.6 0 -53.79 -54.56 0 -53.79 -54.56 0 -58.53
4 16 -26.58 0 -48.32 -31.04 0 -48.86 -52.6 0 -53.79 15.22 0 -53.79
4 16 15.22 0 -58.53 17.01 0 -58.53 17.01 0 -53.79 15.22 0 -53.79
3 16 17.01 0 -53.79 34.22 0 -53.79 26.57 0 -32.15
4 16 26.57 0 -32.15 20.84 0 -32.39 20.25 0 -32.56 17.01 0 -53.79
4 16 52.1 0 -32.11 26.57 0 -32.15 34.22 0 -53.79 35.95 0 -53.79
3 16 35.95 0 -53.79 60.75 0 -53.67 52.1 0 -32.11
4 16 61.66 0 -53.28 63.21 0 -50.85 52.1 0 -32.11 60.75 0 -53.67
4 16 62.42 0 -52.65 62.96 0 -51.81 63.21 0 -50.85 61.66 0 -53.28
4 16 54.2 0 -31.96 52.1 0 -32.11 63.21 0 -50.85 63.27 0 -36.88
3 16 17.01 0 -53.79 20.25 0 -32.56 16.54 0 -32.52
3 16 80 0 -60 77.9 0 -22.13 77.9 0 -35.01
4 16 63.27 0 -35.01 63.27 0 -22.09 58.43 0 -26.25 58.13 0 -28.85
3 16 77.9 0 -36.88 80 0 -60 77.9 0 -35.01
4 16 63.27 0 -35.01 63.27 0 -36.88 77.9 0 -36.88 77.9 0 -35.01
4 16 -72.24 0 -14.88 -80 0 -60 -77.32 0 -56.16 -77.17 0 -55.28
3 16 -78.98 0 22.17 -80 0 60 -80 0 -60
3 16 -74.09 0 -1.45 -74.24 0 3.08 -78.13 0 12.23
4 16 -78.13 0 14 -78.98 0 22.17 -80 0 -60 -78.13 0 12.23
4 16 -74.09 0 -1.45 -78.13 0 12.23 -80 0 -60 -73.77 0 -5.97
3 16 -73.19 0 -10.46 -80 0 -60 -72.24 0 -14.88
3 16 -73.19 0 -10.46 -73.77 0 -5.97 -80 0 -60
4 16 -77.17 0 -55.28 -76.71 0 -54.51 -70.78 0 -19.17 -72.24 0 -14.88
3 16 -70.78 0 -19.17 -76.71 0 -54.51 -68.92 0 -23.29
4 16 54.2 0 -31.96 63.27 0 -36.88 63.27 0 -35.01 55.78 0 -31.52
3 16 -26.58 0 -48.32 15.22 0 -53.79 -22.24 0 -47.19
3 16 63.27 0 -35.01 58.13 0 -28.85 57.67 0 -29.94
3 16 63.27 0 -35.01 57.67 0 -29.94 56.91 0 -30.84
4 16 -75.93 0 -54.1 -66.88 0 -27.32 -68.92 0 -23.29 -76.71 0 -54.51
3 16 63.27 0 -35.01 56.91 0 -30.84 55.78 0 -31.52
4 16 -75.93 0 -54.1 -75.08 0 -53.79 -64.7 0 -31.29 -66.88 0 -27.32
4 16 -71.53 0 -53.79 -62.27 0 -35.09 -64.7 0 -31.29 -75.08 0 -53.79
3 16 26.57 0 -32.15 21.53 0 -31.86 20.84 0 -32.39
3 16 16.12 0 -32.25 15.73 0 -31.25 14.43 0 -31.12
3 16 16.12 0 -32.25 14.43 0 -31.12 13.19 0 -30.82
3 16 13.19 0 -30.82 10.59 0 -29.54 8.98 0 -29.53
4 16 16.12 0 -32.25 13.19 0 -30.82 8.98 0 -29.53 15.22 0 -53.79
4 16 -8.03 0 -36.5 15.22 0 -53.79 8.98 0 -29.53 8.11 0 -29.33
4 16 17.01 0 -53.79 16.54 0 -32.52 16.12 0 -32.25 15.22 0 -53.79
3 16 -52.67 0 -44.53 -56.23 0 -41.77 -54.56 0 -53.79
4 16 -54.56 0 -53.79 -52.6 0 -53.79 -48.71 0 -46.65 -52.67 0 -44.53
3 16 -44.44 0 -48.04 -48.71 0 -46.65 -52.6 0 -53.79
3 16 -40.01 0 -48.8 -44.44 0 -48.04 -52.6 0 -53.79
4 16 -1.32 0 -24.76 -3.28 0 -28.84 7.35 0 -28.85 6.95 0 -28.3
4 16 -3.28 0 -28.84 -5.46 0 -32.79 8.11 0 -29.33 7.35 0 -28.85
3 16 8.11 0 -29.33 -5.46 0 -32.79 -8.03 0 -36.5
3 16 -8.03 0 -36.5 -11 0 -39.9 15.22 0 -53.79
3 16 -35.53 0 -48.95 -40.01 0 -48.8 -52.6 0 -53.79
3 16 -31.04 0 -48.86 -35.53 0 -48.95 -52.6 0 -53.79
3 16 -11 0 -39.9 -14.39 0 -42.87 15.22 0 -53.79
3 16 -22.24 0 -47.19 15.22 0 -53.79 -18.14 0 -45.36
3 16 -80 0 60 -78.98 0 22.17 -78.97 0 22.82
4 16 -65.18 0 42.5 -73.7 0 53.22 -74.37 0 53.33 -65.74 0 40.63
4 16 -69.05 0 53.31 -70.71 0 53.34 -65.18 0 42.5 -64.17 0 44.15
4 16 -75.1 0 56.13 -80 0 60 -78.97 0 22.82 -75.03 0 53.67
4 16 -74.06 0 53.98 -73.53 0 53.94 -73.18 0 54.13 -73.16 0 54.42
3 16 -61.48 0 49.5 -60.17 0 47.16 -57.01 0 48.09
4 16 -57.16 0 53.67 -60.32 0 53.31 -61.48 0 49.5 -57.01 0 48.09
4 16 -56.5 0 53.33 -57.01 0 48.09 -53.76 0 48.52 -55.84 0 53.22
3 16 -61.48 0 49.5 -63.53 0 53.31 -64.37 0 53.31
4 16 -69.05 0 53.31 -64.17 0 44.15 -62.79 0 45.51 -67.22 0 53.31
4 16 -61.26 0 46.72 -61.48 0 49.5 -66.2 0 53.31 -62.79 0 45.51
4 16 -73.16 0 54.42 -74.75 0 55.29 -74.65 0 54.26 -74.06 0 53.98
4 16 -62.33 0 55.78 -63.53 0 53.31 -61.48 0 49.5 -61.17 0 53.31
4 16 -45.15 0 49.64 -48.83 0 53.34 -50.49 0 48.19 -47.29 0 47.44
4 16 -5.31 0 53.31 2.34 0 46.96 2.35 0 47.85 -4.29 0 53.31
3 16 -45.15 0 49.64 -42.45 0 53.31 -43.34 0 53.31
3 16 -42.45 0 53.31 -45.15 0 49.64 -40.73 0 53.31
3 16 -45.15 0 49.64 -44.32 0 53.31 -45.34 0 53.31
4 16 -53.76 0 48.52 -50.49 0 48.19 -50.64 0 53.31 -51.89 0 53.31
4 16 -75.1 0 56.13 -75.03 0 53.67 -74.65 0 54.26 -74.75 0 55.29
3 16 -44.32 0 53.31 -45.15 0 49.64 -43.34 0 53.31
4 16 .99 0 53.44 2.55 0 48.4 3.09 0 48.81 1.74 0 53.31
4 16 5.9 0 48.79 4.64 0 48.64 5.1 0 48 5.75 0 48.49
4 16 5.9 0 48.79 6.18 0 53.31 3.75 0 48.91 4.64 0 48.64
3 16 6.7 0 48.79 6.85 0 48.43 8.53 0 48.87
3 16 6.3 0 48.95 6.7 0 48.79 7.21 0 53.31
4 16 10.94 0 47.85 9.49 0 48.87 8.76 0 47.52 9.81 0 47.07
4 16 9.86 0 53.31 9.04 0 53.31 8.53 0 48.87 9.49 0 48.87
4 16 3.75 0 48.91 3.05 0 53.31 1.74 0 53.31 3.09 0 48.81
4 16 12.18 0 45.9 11.56 0 46 10.34 0 45.37 12.74 0 45.33
3 16 12.74 0 45.33 12.74 0 46.09 12.18 0 45.9
3 16 -74.37 0 53.33 -75.03 0 53.67 -78.97 0 22.82
4 16 -70.71 0 53.34 -73.1 0 53.31 -73.7 0 53.22 -65.18 0 42.5
3 16 -62.79 0 45.51 -66.2 0 53.31 -67.22 0 53.31
3 16 -66.2 0 53.31 -61.48 0 49.5 -64.37 0 53.31
4 16 10.31 0 46.38 10.34 0 45.37 11.56 0 46 11.11 0 46.41
4 16 10.31 0 46.38 10.93 0 46.96 10.94 0 47.85 9.81 0 47.07
3 16 10.31 0 46.38 11.11 0 46.41 10.93 0 46.96
4 16 -73.55 0 56.62 -73.98 0 56.56 -74.24 0 56.32 -74.15 0 55.9
4 16 -72.5 0 56.26 -73.55 0 56.62 -74.15 0 55.9 -72.7 0 55.17
3 16 -71.01 0 55.7 -72.02 0 57.21 -72.13 0 56.87
4 16 -71.01 0 55.7 -72.13 0 56.87 -72.5 0 56.26 -71.44 0 55.44
4 16 -72.5 0 56.26 -72.7 0 55.17 -71.73 0 54.96 -71.44 0 55.44
4 16 -71.77 0 54.31 -71.73 0 54.96 -72.7 0 55.17 -72.32 0 54.53
4 16 -71.54 0 53.79 -71.77 0 54.31 -72.32 0 54.53 -72.35 0 54.01
3 16 9.49 0 48.87 10.94 0 47.85 11.14 0 48.4
4 16 -72.35 0 54.01 -72.6 0 53.6 -70.71 0 53.34 -71.54 0 53.79
3 16 -72.6 0 53.6 -73.1 0 53.31 -70.71 0 53.34
4 16 9.86 0 53.31 9.49 0 48.87 11.14 0 48.4 11.68 0 48.81
3 16 -61.17 0 53.31 -61.48 0 49.5 -60.32 0 53.31
4 16 -67.22 0 53.31 -68.56 0 57.26 -69.05 0 57.26 -69.05 0 53.31
4 16 -66.2 0 53.31 -64.37 0 53.31 -64.37 0 57.26 -64.85 0 57.26
3 16 -48.83 0 53.34 -45.15 0 49.64 -47.17 0 53.31
3 16 -40.73 0 53.31 -45.15 0 49.64 -39.8 0 53.31
3 16 -58.85 0 57.22 -60.32 0 57.26 -58.84 0 56.65
4 16 -57.16 0 53.67 -58.84 0 56.65 -60.32 0 57.26 -60.32 0 53.31
4 16 -56.88 0 55.29 -57.23 0 56.13 -57.97 0 56.65 -58.84 0 56.65
4 16 -56.19 0 53.98 -55.66 0 53.94 -55.31 0 54.13 -55.29 0 54.42
4 16 -56.78 0 54.26 -56.19 0 53.98 -55.29 0 54.42 -56.88 0 55.29
3 16 13.69 0 48 13.76 0 47.62 15.64 0 48.87
4 16 18.08 0 48.04 16.62 0 48.87 15.57 0 45.33 17.31 0 45.29
4 16 11.87 0 53.31 12.34 0 48.91 13.23 0 48.64 13.18 0 53.31
4 16 13.69 0 48 15.64 0 48.87 14.95 0 53.34 13.23 0 48.64
4 16 14.32 0 53.76 13.18 0 53.31 13.23 0 48.64 14.95 0 53.34
4 16 16.43 0 53.36 15.67 0 53.22 15.64 0 48.87 16.62 0 48.87
4 16 5.9 0 48.79 6.3 0 48.95 7.21 0 53.31 6.18 0 53.31
4 16 -56.78 0 54.26 -56.88 0 55.29 -58.84 0 56.65 -57.16 0 53.67
3 16 2.35 0 47.85 -1.09 0 53.31 -4.29 0 53.31
3 16 16.62 0 48.87 18.08 0 48.04 18.33 0 48.51
3 16 16.62 0 48.87 18.33 0 48.51 18.8 0 48.81
3 16 -56.5 0 53.33 -57.16 0 53.67 -57.01 0 48.09
3 16 -53.76 0 48.52 -51.89 0 53.31 -52.99 0 53.51
4 16 -55.84 0 53.22 -53.76 0 48.52 -52.99 0 53.51 -55.23 0 53.31
4 16 -49.67 0 53.79 -50.64 0 53.31 -50.49 0 48.19 -48.83 0 53.34
4 16 -55.69 0 56.62 -56.11 0 56.56 -56.37 0 56.32 -56.28 0 55.9
4 16 -54.63 0 56.26 -55.69 0 56.62 -56.28 0 55.9 -54.83 0 55.17
4 16 -54.63 0 56.26 -53.85 0 55.95 -53.44 0 56.66 -54.26 0 56.87
4 16 -54.63 0 56.26 -54.83 0 55.17 -53.91 0 54.83 -53.85 0 55.95
3 16 -54.83 0 55.17 -54.45 0 54.53 -53.91 0 54.83
4 16 -54.48 0 54.01 -53.61 0 53.99 -53.91 0 54.83 -54.45 0 54.53
4 16 -55.23 0 53.31 -52.99 0 53.51 -53.61 0 53.99 -54.74 0 53.6
3 16 -53.61 0 53.99 -54.48 0 54.01 -54.74 0 53.6
4 16 22.94 0 46.68 22.03 0 46.68 20.91 0 45.47 22.35 0 44.54
3 16 23.79 0 47.42 22.93 0 47.42 22.94 0 46.68
3 16 22.03 0 46.68 22.02 0 47.42 21.63 0 47.42
3 16 22.35 0 44.54 23.79 0 47.42 22.94 0 46.68
4 16 20.77 0 48.33 20.91 0 45.47 22.03 0 46.68 21.63 0 47.42
3 16 20.77 0 48.33 21.63 0 47.42 21.63 0 48.2
4 16 24.63 0 53.31 22.92 0 48.87 22.92 0 48.2 24.86 0 48.2
4 16 22.01 0 48.2 22.01 0 48.87 20.77 0 48.33 21.63 0 48.2
4 16 30.32 0 53.02 24.63 0 53.31 24.86 0 48.2 29.41 0 48.09
3 16 20.29 0 48.76 20.77 0 48.33 22.01 0 48.87
4 16 29.41 0 48.09 30.45 0 49.1 31.68 0 52.55 30.32 0 53.02
4 16 22.01 0 48.87 20.91 0 53.31 19.49 0 48.91 20.29 0 48.76
4 16 21.32 0 53.31 22.01 0 48.87 22.92 0 48.87 22.14 0 53.31
3 16 22.92 0 48.87 24.63 0 53.31 23.81 0 53.31
3 16 30.45 0 49.1 31.81 0 49.58 31.68 0 52.55
3 16 -38.36 0 53.31 -45.15 0 49.64 -35.18 0 53.31
4 16 -49.85 0 54.96 -49.56 0 55.44 -50.14 0 57.21 -50.64 0 57.26
3 16 -35.18 0 53.31 -45.15 0 49.64 -34.83 0 53.31
3 16 -34.83 0 53.31 -45.15 0 49.64 -32.32 0 53.31
3 16 -49.56 0 55.44 -49.14 0 55.7 -50.14 0 57.21
4 16 77.69 0 49.62 77.67 0 52.5 31.68 0 52.55 31.81 0 49.58
4 16 77.69 0 58.45 77.67 0 52.5 77.69 0 49.62 80 0 60
4 16 -50.64 0 57.26 -50.64 0 53.31 -49.89 0 54.31 -49.85 0 54.96
3 16 30.32 0 53.02 29.34 0 54.08 24.63 0 53.31
4 16 22.96 0 56.62 22.17 0 55.97 23.81 0 53.31 23.75 0 56.04
3 16 23.75 0 56.04 23.46 0 56.5 22.96 0 56.62
3 16 -49.67 0 53.79 -49.89 0 54.31 -50.64 0 53.31
3 16 22.96 0 56.62 22.42 0 56.45 22.17 0 55.97
4 16 22.92 0 48.87 23.81 0 53.31 22.17 0 55.97 22.14 0 53.31
4 16 20.91 0 54.04 20.91 0 53.31 22.01 0 48.87 21.32 0 53.31
4 16 18.8 0 48.81 19.49 0 48.91 20.91 0 53.31 17.73 0 53.31
3 16 -46.69 0 57.26 -47.17 0 57.26 -47.17 0 53.31
4 16 -45.15 0 49.64 -45.34 0 53.31 -46.69 0 57.26 -47.17 0 53.31
3 16 -32.32 0 53.31 -45.15 0 49.64 -31.63 0 53.31
4 16 17.57 0 55.27 17.46 0 54.46 17.73 0 54.04 18.9 0 54.04
4 16 17.46 0 54.46 17.05 0 53.76 17.73 0 53.31 17.73 0 54.04
3 16 -31.63 0 53.31 -45.15 0 49.64 -29.13 0 53.31
3 16 -41.98 0 57.26 -42.97 0 57.26 -41.98 0 55.61
3 16 -29.13 0 53.31 -45.15 0 49.64 -26.94 0 53.31
4 16 -42.97 0 57.26 -44.32 0 53.31 -43.34 0 53.31 -41.98 0 55.61
3 16 17.73 0 53.31 17.05 0 53.76 16.43 0 53.36
4 16 18.8 0 48.81 17.73 0 53.31 16.43 0 53.36 16.62 0 48.87
3 16 -26.94 0 53.31 -45.15 0 49.64 -26.12 0 53.31
3 16 -45.15 0 49.64 -25.56 0 53.31 -26.12 0 53.31
3 16 -40.73 0 53.31 -41.57 0 54.83 -42.45 0 53.31
4 16 -45.15 0 49.64 2.34 0 46.96 -23.06 0 53.31 -25.56 0 53.31
3 16 -23.06 0 53.31 2.34 0 46.96 -19.93 0 53.31
3 16 -19.93 0 53.31 2.34 0 46.96 -18.91 0 53.31
3 16 -18.91 0 53.31 2.34 0 46.96 -17.08 0 53.31
4 16 -34.59 0 54.9 -35.18 0 54.04 -34.83 0 54.01 -33.14 0 54.01
4 16 -35.18 0 54.04 -35.18 0 53.31 -34.83 0 53.31 -34.83 0 54.01
3 16 14.33 0 56.8 14.95 0 57.21 13.18 0 57.26
3 16 13.92 0 56.1 14.33 0 56.8 13.18 0 57.26
3 16 13.81 0 55.29 13.92 0 56.1 13.18 0 57.26
4 16 13.18 0 57.26 13.18 0 53.31 13.94 0 54.43 13.81 0 55.29
3 16 14.32 0 53.76 13.94 0 54.43 13.18 0 53.31
3 16 15.67 0 53.22 14.95 0 53.34 15.64 0 48.87
3 16 -31.66 0 57.26 -32.32 0 57.26 -31.66 0 56.55
4 16 -31.63 0 54.01 -31.4 0 54.9 -32.32 0 57.26 -32.32 0 53.31
4 16 -31.31 0 55.59 -31.66 0 56.55 -32.32 0 57.26 -31.4 0 54.9
3 16 -17.08 0 53.31 2.34 0 46.96 -16.26 0 53.31
3 16 -16.26 0 53.31 2.34 0 46.96 -15.77 0 53.31
4 16 -31.66 0 56.55 -31.31 0 55.59 -29.95 0 55.59 -29.95 0 56.55
4 16 9.86 0 57.26 11.14 0 55.8 12.31 0 55.93 12.36 0 57.26
4 16 9.04 0 57.26 8.55 0 57.26 7.21 0 53.31 9.04 0 53.31
4 16 3.05 0 57.26 3.05 0 53.31 6.18 0 53.31 4.84 0 57.26
4 16 -2.79 0 57.25 -2.94 0 57.27 -4.29 0 53.31 -2.79 0 56.51
4 16 -1.09 0 56.51 -2.79 0 56.51 -4.29 0 53.31 -1.09 0 53.31
4 16 -7.14 0 57.26 -7.14 0 53.31 -5.31 0 53.31 -6.65 0 57.25
3 16 -8.02 0 53.31 -9.65 0 55.95 -9.66 0 53.31
4 16 6.7 0 48.79 8.53 0 48.87 9.04 0 53.31 7.21 0 53.31
3 16 -5.31 0 53.31 -7.14 0 53.31 2.34 0 46.96
3 16 -8.02 0 53.31 -9.66 0 53.31 2.34 0 46.96
3 16 -9.66 0 53.31 -10.46 0 53.31 2.34 0 46.96
3 16 -7.14 0 53.31 -8.02 0 53.31 2.34 0 46.96
4 16 2.35 0 47.85 2.55 0 48.4 -.27 0 53.31 -1.09 0 53.31
3 16 3.75 0 48.91 6.18 0 53.31 3.05 0 53.31
4 16 -10.46 0 57.26 -11.28 0 57.26 -11.28 0 53.31 -10.46 0 53.31
4 16 -12.1 0 57.26 -12.59 0 54.04 -12.59 0 53.31 -12.1 0 53.31
3 16 -10.46 0 53.31 -11.28 0 53.31 2.34 0 46.96
4 16 .51 0 53.8 -.27 0 53.31 2.55 0 48.4 .99 0 53.44
3 16 -11.28 0 53.31 -12.1 0 53.31 2.34 0 46.96
3 16 -12.1 0 53.31 -12.59 0 53.31 2.34 0 46.96
3 16 -12.59 0 53.31 -15.77 0 53.31 2.34 0 46.96
4 16 -14.61 0 54.04 -14.61 0 57.26 -16.26 0 57.26 -15.77 0 54.04
4 16 -16.26 0 57.26 -16.26 0 53.31 -15.77 0 53.31 -15.77 0 54.04
4 16 -17.08 0 57.26 -17.56 0 57.25 -18.91 0 53.31 -17.08 0 53.31
4 16 -23.06 0 57.26 -23.06 0 53.31 -19.93 0 53.31 -21.28 0 57.26
4 16 -23.88 0 55 -25.33 0 55 -25.56 0 54.01 -23.88 0 54.01
4 16 -26.12 0 57.26 -25.24 0 55.69 -23.88 0 55.69 -23.88 0 57.26
4 16 -26.12 0 57.26 -26.12 0 53.31 -25.56 0 54.01 -25.33 0 55
3 16 -25.33 0 55 -25.24 0 55.69 -26.12 0 57.26
4 16 -29.13 0 53.31 -26.94 0 53.31 -26.94 0 56.51 -28.64 0 56.51
3 16 -25.56 0 53.31 -25.56 0 54.01 -26.12 0 53.31
4 16 -29.13 0 53.31 -28.64 0 56.51 -28.64 0 57.26 -29.13 0 57.26
4 16 -29.95 0 54.9 -31.4 0 54.9 -31.63 0 54.01 -29.95 0 54.01
3 16 10.47 0 55.06 11.14 0 55.8 9.86 0 57.26
3 16 .34 0 55.06 1.01 0 55.8 -.27 0 57.25
4 16 2.18 0 55.93 2.23 0 57.26 -.27 0 57.25 1.01 0 55.8
4 16 9.86 0 57.26 9.86 0 53.31 10.41 0 54.34 10.47 0 55.06
3 16 10.64 0 53.8 10.41 0 54.34 9.86 0 53.31
4 16 11.68 0 48.81 11.12 0 53.44 10.64 0 53.8 9.86 0 53.31
4 16 12.34 0 48.91 11.87 0 53.31 11.12 0 53.44 11.68 0 48.81
3 16 -31.63 0 53.31 -31.63 0 54.01 -32.32 0 53.31
4 16 -.27 0 57.25 -.27 0 53.31 .28 0 54.34 .34 0 55.06
3 16 -72.72 0 57.19 -72.13 0 56.87 -72.02 0 57.21
4 16 -69.9 0 55.82 -69.87 0 57.26 -71.11 0 57.26 -70.18 0 55.82
4 16 -72.72 0 57.19 -72.02 0 57.21 -71.11 0 57.26 -73.61 0 57.34
3 16 -69.05 0 57.26 -68.56 0 57.26 -80 0 60
3 16 -68.56 0 57.26 -67.69 0 57.26 -80 0 60
4 16 -73.61 0 57.34 -71.11 0 57.26 -69.87 0 57.26 -80 0 60
3 16 -69.87 0 57.26 -69.05 0 57.26 -80 0 60
4 16 -66.01 0 56.31 -65.71 0 57.26 -67.69 0 57.26 -67.39 0 56.31
3 16 -80 0 60 -75.1 0 56.13 -74.7 0 57.02
3 16 -80 0 60 -74.7 0 57.02 -73.61 0 57.34
3 16 77.69 0 58.45 80 0 60 31.81 0 58.41
3 16 -64.37 0 57.26 -63.56 0 57.26 -58.07 0 57.85
3 16 -80 0 60 -67.69 0 57.26 -65.71 0 57.26
3 16 -65.71 0 57.26 -64.85 0 57.26 -80 0 60
3 16 -63.56 0 57.26 -63.56 0 54.8 -62.66 0 56.77
3 16 -62.03 0 56.77 -61.12 0 54.8 -61.12 0 57.26
4 16 -61.12 0 57.26 -63.56 0 57.26 -62.66 0 56.77 -62.03 0 56.77
4 16 -64.37 0 57.26 -58.07 0 57.85 -80 0 60 -64.85 0 57.26
4 16 80 0 60 -80 0 60 -12.1 0 57.26 31.81 0 58.41
4 16 9.04 0 57.26 9.86 0 57.26 15.71 0 57.34 31.81 0 58.41
3 16 -60.32 0 57.26 -58.85 0 57.22 -58.48 0 57.68
4 16 -58.48 0 57.68 -58.07 0 57.85 -63.56 0 57.26 -61.12 0 57.26
3 16 -61.12 0 57.26 -60.32 0 57.26 -58.48 0 57.68
4 16 29.34 0 54.08 29.01 0 55.5 24.47 0 56.52 24.63 0 53.31
4 16 29.01 0 55.5 29.41 0 56.91 23.94 0 57.12 24.47 0 56.52
4 16 -58.07 0 57.85 -57.97 0 56.65 -57.23 0 56.13 -56.83 0 57.02
3 16 23.94 0 57.12 29.41 0 56.91 30.45 0 57.93
4 16 31.81 0 58.41 23.01 0 57.34 23.94 0 57.12 30.45 0 57.93
3 16 31.81 0 58.41 8.55 0 57.26 9.04 0 57.26
3 16 -58.07 0 57.85 -56.83 0 57.02 -55.74 0 57.34
4 16 -53.44 0 56.66 -52.79 0 57.09 -54.85 0 57.19 -54.26 0 56.87
4 16 -52.79 0 57.09 -52.11 0 57.25 -55.74 0 57.34 -54.85 0 57.19
3 16 8.55 0 57.26 31.81 0 58.41 7.69 0 57.26
3 16 23.01 0 57.34 31.81 0 58.41 19.72 0 57.26
3 16 20.91 0 54.04 21.32 0 53.31 21.45 0 56.43
4 16 19.72 0 57.26 19.72 0 54.04 20.91 0 54.04 21.45 0 56.43
4 16 18.9 0 54.04 18.9 0 57.26 17.44 0 56.14 17.57 0 55.27
3 16 19.72 0 57.26 21.45 0 56.43 22.05 0 57.13
3 16 17.06 0 56.81 17.44 0 56.14 18.9 0 57.26
3 16 19.72 0 57.26 22.05 0 57.13 23.01 0 57.34
3 16 16.43 0 57.22 17.06 0 56.81 18.9 0 57.26
4 16 15.71 0 57.34 18.9 0 57.26 19.72 0 57.26 31.81 0 58.41
3 16 -50.64 0 57.26 -50.14 0 57.21 -49.23 0 57.26
4 16 -55.74 0 57.34 -52.11 0 57.25 -50.64 0 57.26 -58.07 0 57.85
3 16 16.43 0 57.22 18.9 0 57.26 15.71 0 57.34
3 16 13.18 0 57.26 14.95 0 57.21 15.71 0 57.34
3 16 -58.07 0 57.85 -50.64 0 57.26 -49.23 0 57.26
4 16 -48.03 0 55.82 -47.99 0 57.26 -49.23 0 57.26 -48.3 0 55.82
3 16 12.36 0 57.26 13.18 0 57.26 15.71 0 57.34
3 16 9.86 0 57.26 12.36 0 57.26 15.71 0 57.34
3 16 7.69 0 57.26 31.81 0 58.41 5.71 0 57.26
3 16 -58.07 0 57.85 -49.23 0 57.26 -47.99 0 57.26
3 16 -47.17 0 57.26 -46.69 0 57.26 -58.07 0 57.85
3 16 -46.69 0 57.26 -45.82 0 57.26 -58.07 0 57.85
3 16 -58.07 0 57.85 -47.99 0 57.26 -47.17 0 57.26
4 16 5.71 0 57.26 6.01 0 56.31 7.4 0 56.31 7.69 0 57.26
3 16 5.71 0 57.26 31.81 0 58.41 4.84 0 57.26
3 16 31.81 0 58.41 2.23 0 57.26 3.05 0 57.26
4 16 -44.13 0 56.31 -43.83 0 57.26 -45.82 0 57.26 -45.51 0 56.31
3 16 3.05 0 57.26 4.84 0 57.26 31.81 0 58.41
4 16 -2.79 0 57.25 -.27 0 57.25 2.23 0 57.26 31.81 0 58.41
4 16 -5.78 0 57.25 -3.8 0 57.26 -2.94 0 57.27 31.81 0 58.41
3 16 -58.07 0 57.85 -45.82 0 57.26 -43.83 0 57.26
3 16 -42.97 0 57.26 -41.98 0 57.26 -58.07 0 57.85
3 16 -41.98 0 57.26 -41.15 0 57.26 -58.07 0 57.85
3 16 -58.07 0 57.85 -43.83 0 57.26 -42.97 0 57.26
4 16 -5.78 0 57.25 -5.48 0 56.31 -4.1 0 56.31 -3.8 0 57.26
3 16 -41.15 0 57.26 -41.15 0 55.63 -37.19 0 57.26
4 16 -37.19 0 57.26 -41.15 0 55.63 -39.8 0 53.31 -38.36 0 54.04
4 16 -45.15 0 49.64 -38.36 0 53.31 -38.36 0 54.04 -39.8 0 53.31
3 16 -38.36 0 54.04 -37.19 0 54.04 -37.19 0 57.26
3 16 -7.94 0 57.26 -7.14 0 57.26 31.81 0 58.41
3 16 -7.94 0 57.26 31.81 0 58.41 -9.57 0 57.26
4 16 -80 0 60 -58.07 0 57.85 -41.15 0 57.26 -37.19 0 57.26
3 16 -37.19 0 57.26 -36.37 0 57.26 -80 0 60
3 16 -9.57 0 57.26 31.81 0 58.41 -10.46 0 57.26
3 16 -9.57 0 57.26 -7.94 0 54.59 -7.94 0 57.26
3 16 -12.1 0 57.26 -11.28 0 57.26 31.81 0 58.41
3 16 -11.28 0 57.26 -10.46 0 57.26 31.81 0 58.41
3 16 -12.1 0 57.26 -80 0 60 -13.79 0 57.26
3 16 -13.79 0 57.26 -80 0 60 -14.61 0 57.26
4 16 -12.1 0 57.26 -13.79 0 57.26 -13.79 0 54.04 -12.59 0 54.04
3 16 -17.08 0 57.26 -16.26 0 57.26 -80 0 60
3 16 -16.26 0 57.26 -14.61 0 57.26 -80 0 60
4 16 -17.56 0 57.25 -80 0 60 -20.4 0 57.26 -18.42 0 57.25
3 16 -21.28 0 57.26 -80 0 60 -23.06 0 57.26
4 16 -18.72 0 56.31 -18.42 0 57.25 -20.4 0 57.26 -20.1 0 56.31
3 16 -23.88 0 57.26 -23.06 0 57.26 -80 0 60
3 16 -21.28 0 57.26 -20.4 0 57.26 -80 0 60
3 16 -33.14 0 54.01 -33.14 0 54.9 -34.59 0 54.9
4 16 -35.18 0 54.04 -34.59 0 54.9 -34.5 0 55.59 -36.37 0 54.04
4 16 -36.37 0 57.26 -36.37 0 54.04 -34.5 0 55.59 -34.85 0 56.55
3 16 -28.64 0 57.26 -80 0 60 -29.13 0 57.26
3 16 -26.12 0 57.26 -23.88 0 57.26 -80 0 60
3 16 -31.66 0 57.26 -29.13 0 57.26 -80 0 60
3 16 -28.64 0 57.26 -26.12 0 57.26 -80 0 60
3 16 -80 0 60 -36.37 0 57.26 -34.85 0 57.26
4 16 -33.14 0 55.59 -33.14 0 56.55 -34.85 0 56.55 -34.5 0 55.59
3 16 -32.32 0 57.26 -31.66 0 57.26 -80 0 60
3 16 -36.37 0 57.26 -34.85 0 56.55 -34.85 0 57.26
3 16 67.91 0 54.71 68 0 55.42 67.28 0 55.15
4 16 67.89 0 56.15 67.22 0 55.88 67.28 0 55.15 68 0 55.42
4 16 66.68 0 56.42 67.22 0 55.88 67.89 0 56.15 67.55 0 56.69
4 16 66.49 0 57.04 66.68 0 56.42 67.55 0 56.69 67.11 0 56.96
4 16 65.73 0 56.24 66.17 0 56.43 66.49 0 57.04 65.46 0 56.73
3 16 66.68 0 56.42 66.49 0 57.04 66.17 0 56.43
3 16 67.11 0 53.84 67.59 0 54.15 67.04 0 54.52
4 16 66.51 0 53.74 67.11 0 53.84 67.04 0 54.52 66.48 0 54.31
4 16 66.51 0 53.74 66.48 0 54.31 65.74 0 54.54 65.49 0 54.03
4 16 33.5 0 56.98 33.5 0 53.81 34.16 0 53.81 34.16 0 55.94
4 16 34.23 0 56.98 34.16 0 55.94 35.52 0 53.81 35.57 0 54.87
3 16 35.52 0 53.81 36.25 0 53.81 35.57 0 54.87
4 16 35.59 0 56.98 35.57 0 54.87 36.25 0 53.81 36.25 0 56.98
3 16 34.23 0 56.98 33.5 0 56.98 34.16 0 55.94
4 16 36.87 0 56.05 37.71 0 56.21 37.72 0 56.94 37.2 0 56.61
4 16 37.71 0 56.21 36.87 0 56.05 36.77 0 55.4 37.47 0 55.41
4 16 38.35 0 57.04 37.72 0 56.94 37.71 0 56.21 38.35 0 56.48
4 16 39.79 0 56.08 39.47 0 56.61 38.95 0 56.95 38.98 0 56.19
4 16 38.98 0 56.19 38.95 0 56.95 38.35 0 57.04 38.35 0 56.48
4 16 38.98 0 56.19 39.2 0 55.38 39.9 0 55.38 39.79 0 56.08
4 16 36.77 0 55.4 36.88 0 54.7 37.69 0 54.6 37.47 0 55.41
4 16 37.72 0 53.83 37.69 0 54.6 36.88 0 54.7 37.19 0 54.17
4 16 38.97 0 54.59 38.32 0 54.3 38.32 0 53.74 38.95 0 53.84
4 16 39.8 0 54.73 38.97 0 54.59 38.95 0 53.84 39.46 0 54.17
4 16 39.9 0 55.38 39.2 0 55.38 38.97 0 54.59 39.8 0 54.73
4 16 41.1 0 53.81 41.1 0 56.98 40.42 0 56.98 40.42 0 53.81
3 16 42.47 0 54.4 41.51 0 54.4 41.51 0 53.81
4 16 42.47 0 54.4 41.51 0 53.81 44.15 0 53.81 43.16 0 54.4
3 16 44.15 0 53.81 44.15 0 54.4 43.16 0 54.4
4 16 42.47 0 54.4 43.16 0 54.4 43.16 0 56.98 42.47 0 56.98
4 16 45.92 0 53.84 45.29 0 54.31 44.29 0 54.03 45.32 0 53.74
4 16 46.09 0 55.15 45.85 0 54.52 46.4 0 54.15 46.72 0 54.71
3 16 46.72 0 54.71 46.81 0 55.42 46.09 0 55.15
4 16 46.69 0 56.15 46.03 0 55.88 46.09 0 55.15 46.81 0 55.42
3 16 46.69 0 56.15 46.36 0 56.69 46.03 0 55.88
4 16 44.53 0 56.24 44.97 0 56.43 45.3 0 57.04 44.27 0 56.73
4 16 45.91 0 56.96 45.3 0 57.04 44.97 0 56.43 45.49 0 56.42
4 16 45.91 0 56.96 45.49 0 56.42 46.03 0 55.88 46.36 0 56.69
3 16 44.55 0 54.54 44.29 0 54.03 45.29 0 54.31
4 16 46.4 0 54.15 45.85 0 54.52 45.29 0 54.31 45.92 0 53.84
4 16 47.94 0 53.81 47.97 0 55.95 47.37 0 56.32 47.26 0 53.81
4 16 48.17 0 56.33 48.62 0 56.47 48.66 0 57.04 47.87 0 56.87
4 16 49.28 0 56 49.87 0 56.38 49.43 0 56.87 49.04 0 56.37
4 16 48.62 0 56.47 49.04 0 56.37 49.43 0 56.87 48.66 0 57.04
4 16 49.33 0 53.81 50.01 0 53.81 49.87 0 56.38 49.28 0 56
4 16 47.87 0 56.87 47.37 0 56.32 47.97 0 55.95 48.17 0 56.33
4 16 51.24 0 54.64 50.71 0 54.19 51.4 0 53.83 51.45 0 54.41
4 16 52.78 0 53.81 52.06 0 54.36 51.45 0 54.41 51.4 0 53.83
4 16 52.06 0 54.36 52.78 0 53.81 52.78 0 56.98 52.1 0 55.3
3 16 52.78 0 56.98 52.1 0 56.98 52.1 0 55.82
4 16 50.32 0 56.94 51.15 0 55.73 51.84 0 55.82 51.07 0 56.98
3 16 52.1 0 55.3 52.78 0 56.98 52.1 0 55.82
4 16 52.1 0 55.82 51.84 0 55.82 51.58 0 55.28 52.1 0 55.3
4 16 51.28 0 55.09 51.58 0 55.28 51.84 0 55.82 51.15 0 55.73
3 16 51.15 0 55.73 50.56 0 55.14 51.28 0 55.09
3 16 54.15 0 54.4 53.18 0 54.4 53.18 0 53.81
3 16 55.83 0 53.81 55.83 0 54.4 54.83 0 54.4
4 16 54.83 0 56.98 54.15 0 56.98 54.15 0 54.4 54.83 0 54.4
4 16 57.31 0 54.31 56.37 0 54.57 56.06 0 54.09 57.1 0 53.74
4 16 57.24 0 57.04 57.29 0 56.47 58.16 0 56.18 57.97 0 56.93
3 16 58.16 0 56.18 58.47 0 56.66 57.97 0 56.93
3 16 56.38 0 56.82 56 0 56.15 56.72 0 56.22
4 16 57.24 0 57.04 56.38 0 56.82 56.72 0 56.22 57.29 0 56.47
3 16 56.29 0 55.4 57.6 0 54.71 56.79 0 55.89
4 16 57.1 0 53.74 58.03 0 54 57.59 0 54.46 57.31 0 54.31
4 16 58.03 0 54 58.31 0 54.79 57.6 0 54.71 57.59 0 54.46
4 16 58.31 0 54.79 57.99 0 55.3 56.79 0 55.89 57.6 0 54.71
4 16 59.56 0 53.81 59.56 0 55.94 58.9 0 56.98 58.9 0 53.81
4 16 61.65 0 53.81 60.97 0 54.87 59.56 0 55.94 60.92 0 53.81
4 16 58.9 0 56.98 59.56 0 55.94 60.97 0 54.87 59.64 0 56.98
3 16 62.6 0 56.61 62.27 0 56.05 63.11 0 56.21
4 16 62.17 0 55.4 62.87 0 55.41 63.11 0 56.21 62.27 0 56.05
3 16 63.75 0 57.04 63.12 0 56.94 63.75 0 56.48
4 16 62.6 0 56.61 63.11 0 56.21 63.75 0 56.48 63.12 0 56.94
4 16 65.19 0 56.08 64.87 0 56.61 64.35 0 56.95 64.38 0 56.19
4 16 64.38 0 56.19 64.35 0 56.95 63.75 0 57.04 63.75 0 56.48
4 16 65.3 0 55.38 65.19 0 56.08 64.38 0 56.19 64.6 0 55.38
4 16 62.17 0 55.4 62.28 0 54.7 63.09 0 54.6 62.87 0 55.41
4 16 63.12 0 53.83 63.09 0 54.6 62.28 0 54.7 62.6 0 54.17
4 16 64.37 0 54.59 63.72 0 54.3 63.72 0 53.74 64.35 0 53.84
4 16 64.35 0 53.84 64.86 0 54.17 65.2 0 54.73 64.37 0 54.59
4 16 65.3 0 55.38 64.6 0 55.38 64.37 0 54.59 65.2 0 54.73
4 16 15.67 0 53.93 16.46 0 54.29 16.73 0 55.26 14.91 0 54.29
4 16 14.94 0 56.3 14.65 0 55.3 16.73 0 55.26 16.47 0 56.27
4 16 14.94 0 56.3 16.47 0 56.27 16.19 0 56.52 15.71 0 56.63
3 16 14.65 0 55.3 14.91 0 54.29 16.73 0 55.26
3 16 14.91 0 54.29 15.27 0 54 15.67 0 53.93
3 16 16.46 0 54.29 15.67 0 53.93 16.17 0 54.04
3 16 -48.04 0 54 -47.99 0 55.17 -48.62 0 55.14
3 16 -48.62 0 55.14 -48.98 0 54.91 -49.03 0 54.34
4 16 -48.04 0 54 -48.62 0 55.14 -49.03 0 54.34 -48.72 0 54.05
3 16 -51.46 0 54.32 -51.46 0 56.51 -51.72 0 56.51
3 16 -51.72 0 56.51 -52.65 0 56.33 -53.03 0 55.59
4 16 -52.06 0 54.06 -51.46 0 54.32 -52.85 0 54.44 -52.53 0 54.17
3 16 -52.06 0 54.06 -51.51 0 54.05 -51.46 0 54.32
3 16 -69.92 0 54 -69.87 0 55.17 -70.5 0 55.14
3 16 -70.5 0 55.14 -70.86 0 54.91 -70.91 0 54.34
4 16 -69.92 0 54 -70.5 0 55.14 -70.91 0 54.34 -70.6 0 54.05
3 16 2.18 0 54 2.23 0 55.24 1.84 0 55.24
3 16 1.84 0 55.24 1.22 0 55.02 1.13 0 54.42
3 16 12.31 0 54 12.36 0 55.24 11.97 0 55.24
3 16 11.97 0 55.24 11.35 0 55.02 11.26 0 54.42
3 16 80 0 -60 80 0 60 79.09 0 22.17
4 16 80 0 -60 79.09 0 22.17 77.9 0 8.81 77.9 0 -12.42
4 16 63.27 0 -12.42 51.62 0 -13.95 53.7 0 -18.43 63.27 0 -14.39
3 16 77.9 0 -14.42 80 0 -60 77.9 0 -12.42
4 16 56.27 0 -19.05 57.74 0 -20.53 63.27 0 -20.2 63.27 0 -14.39
3 16 63.27 0 -14.39 53.7 0 -18.43 56.27 0 -19.05
3 16 80 0 -60 77.9 0 -14.42 77.9 0 -20.2
3 16 77.9 0 -22.13 80 0 -60 77.9 0 -20.2
3 16 58.26 0 -21.72 58.43 0 -26.25 63.27 0 -22.09
4 16 63.27 0 -20.2 63.27 0 -22.09 77.9 0 -22.13 77.9 0 -20.2
3 16 57.69 0 -22.35 56.55 0 -23.41 56.47 0 -23.65
4 16 56.37 0 -25.96 56.1 0 -23.7 45.03 0 -23.73 45.03 0 -25.86
4 16 57.69 0 -22.35 56.47 0 -23.65 56.37 0 -25.96 57.8 0 -26.57
3 16 56.51 0 -26.12 57.8 0 -26.57 56.37 0 -25.96
3 16 56.47 0 -23.65 56.1 0 -23.7 56.37 0 -25.96
4 16 56.98 0 -29.79 57.39 0 -29.06 57.64 0 -28.26 55.95 0 -26.39
3 16 57.8 0 -26.57 56.51 0 -26.12 56.35 0 -26.34
4 16 55.49 0 -30.89 56.35 0 -30.41 56.98 0 -29.79 55.95 0 -26.39
4 16 50.48 0 -29.28 54.33 0 -31.19 55.49 0 -30.89 55.95 0 -26.39
4 16 54.33 0 -31.19 50.48 0 -29.28 50.23 0 -30.19 50.96 0 -31.38
3 16 25.93 0 -31.3 30.62 0 -31.36 28.62 0 -30.15
4 16 28.58 0 -26.38 25.19 0 -27.4 25.93 0 -31.3 28.62 0 -30.15
4 16 20.43 0 -31.92 20.49 0 -31.1 16.66 0 -30.56 16.69 0 -31.85
4 16 16.8 0 -29.38 16.66 0 -30.56 20.49 0 -31.1 20.07 0 -29.08
4 16 16.66 0 -30.56 15.35 0 -29.28 15 0 -29.4 14.91 0 -30.49
4 16 11.87 0 -28.88 10.45 0 -27.71 9.89 0 -27.68 8.43 0 -28.76
4 16 9.51 0 -27.44 8.84 0 -26.11 7.44 0 -26.69 7.58 0 -27.72
3 16 7.58 0 -27.72 7.86 0 -28.32 9.51 0 -27.44
4 16 7.86 0 -28.32 8.43 0 -28.76 9.89 0 -27.68 9.51 0 -27.44
4 16 12.13 0 -29.52 12.75 0 -29.86 12.07 0 -27.73 11.87 0 -28.88
4 16 22.71 0 -31.06 20.6 0 -28.92 20.07 0 -29.08 20.49 0 -31.1
4 16 14.91 0 -30.49 15 0 -29.4 14.76 0 -27.38 12.75 0 -29.86
4 16 10.45 0 -27.71 11.87 0 -28.88 12.07 0 -27.73 11.8 0 -27.65
4 16 57.8 0 -26.57 56.35 0 -26.34 55.95 0 -26.39 57.64 0 -28.26
4 16 12.31 0 -27.34 12.07 0 -27.73 12.75 0 -29.86 14.76 0 -27.38
4 16 12.31 0 -27.34 14.76 0 -27.38 14.83 0 -21.29 12.32 0 -23.29
3 16 55.95 0 -26.39 50.49 0 -26.45 50.48 0 -29.28
4 16 49.92 0 -29.83 49.89 0 -26.39 41.82 0 -26.43 41.85 0 -29.15
4 16 50.96 0 -31.38 41.58 0 -30.16 37.34 0 -30.14 30.62 0 -31.36
4 16 50.96 0 -31.38 50.23 0 -30.19 49.92 0 -29.83 41.58 0 -30.16
3 16 49.92 0 -29.83 41.85 0 -29.15 41.58 0 -30.16
4 16 37.56 0 -26.42 37.6 0 -29.16 41.44 0 -29.53 41.42 0 -26.39
4 16 29.09 0 -26.43 30.62 0 -31.36 37.34 0 -30.14 37.17 0 -29.13
3 16 28.62 0 -30.15 30.62 0 -31.36 29.11 0 -29.91
4 16 37.6 0 -29.16 37.34 0 -30.14 41.58 0 -30.16 41.44 0 -29.53
4 16 20.13 0 -26.88 19.94 0 -25.95 17.04 0 -25.96 16.92 0 -26.65
3 16 16.92 0 -26.65 16.97 0 -28.82 20.13 0 -26.88
3 16 37.17 0 -29.13 37.18 0 -26.39 29.09 0 -26.43
3 16 30.62 0 -31.36 29.09 0 -26.43 29.11 0 -29.91
4 16 16.8 0 -29.38 20.07 0 -29.08 20.13 0 -26.88 16.97 0 -28.82
4 16 20.6 0 -28.92 25.19 0 -27.4 20.62 0 -27.43 20.51 0 -28.16
3 16 28.58 0 -26.38 25.21 0 -26.45 25.19 0 -27.4
4 16 9.15 0 -25.14 11.73 0 -23.85 9.72 0 -22.86 9.29 0 -24.09
4 16 11.76 0 -27.24 11.73 0 -23.85 9.15 0 -25.14 9.59 0 -26.66
4 16 11.8 0 -27.65 11.76 0 -27.24 9.59 0 -26.66 10.45 0 -27.71
3 16 12.19 0 -22.98 12.32 0 -23.29 14.83 0 -21.29
3 16 11.9 0 -22.86 12.19 0 -22.98 11.87 0 -21.66
4 16 11.73 0 -23.85 11.9 0 -22.86 11.87 0 -21.66 9.72 0 -22.86
4 16 12.19 0 -22.98 14.83 0 -21.29 13.6 0 -20.33 11.87 0 -21.66
4 16 16.6 0 -21.45 15.35 0 -21.32 15.35 0 -28.83 16.55 0 -27.58
4 16 16.66 0 -30.56 16.8 0 -29.38 15.35 0 -28.83 15.35 0 -29.28
3 16 16.55 0 -27.58 15.35 0 -28.83 16.8 0 -29.38
4 16 16.6 0 -21.45 16.8 0 -21.11 15.17 0 -21.08 15.35 0 -21.32
4 16 20.12 0 -20.59 16.97 0 -21.55 16.98 0 -23.52 20 0 -23.47
4 16 16.97 0 -21.55 20.12 0 -20.59 16.68 0 -19.95 16.8 0 -21.11
3 16 20.53 0 -20.59 20.53 0 -22.2 21.7 0 -19.43
4 16 24.45 0 -19.38 21.7 0 -19.43 20.53 0 -22.2 25.16 0 -22.22
4 16 28.7 0 -20.16 25.16 0 -22.22 25.2 0 -23.27 28.6 0 -23.28
4 16 25.82 0 -19.03 25.16 0 -22.22 28.7 0 -20.16 26.57 0 -19
3 16 29.08 0 -20.82 29.07 0 -23.28 37.23 0 -23.28
4 16 37.23 0 -23.28 37.23 0 -20.24 28.88 0 -20.27 29.08 0 -20.82
4 16 37.56 0 -20.33 37.55 0 -23.27 41.48 0 -23.28 41.48 0 -20.58
3 16 28.7 0 -20.16 28.88 0 -20.27 37.23 0 -20.24
3 16 37.56 0 -20.33 41.48 0 -20.58 41.52 0 -20.24
4 16 37.56 0 -20.33 41.52 0 -20.24 41.81 0 -20.18 37.23 0 -20.24
4 16 41.81 0 -20.18 41.81 0 -23.28 49.96 0 -23.28 49.93 0 -20.35
4 16 28.7 0 -20.16 37.23 0 -20.24 41.81 0 -20.18 26.57 0 -19
4 16 49.93 0 -20.35 50.46 0 -20.16 53.22 0 -19.02 41.81 0 -20.18
4 16 50.46 0 -23.23 54.91 0 -23.22 53.22 0 -19.02 50.46 0 -20.16
4 16 56.4 0 -20.01 54.91 0 -23.22 56.55 0 -23.41 57.13 0 -20.93
4 16 53.22 0 -19.02 54.91 0 -23.22 56.4 0 -20.01 54.78 0 -19.25
3 16 56.55 0 -23.41 57.69 0 -22.35 57.13 0 -20.93
3 16 53.22 0 -19.02 26.57 0 -19 41.81 0 -20.18
3 16 25.82 0 -19.03 24.45 0 -19.38 25.16 0 -22.22
3 16 20.44 0 -19.32 20.44 0 -18.71 16.68 0 -18.71
4 16 20.12 0 -20.59 20.53 0 -20.59 21.7 0 -19.43 20.44 0 -19.32
4 16 16.68 0 -18.71 16.68 0 -19.95 20.12 0 -20.59 20.44 0 -19.32
4 16 16.8 0 -21.11 16.68 0 -19.95 14.8 0 -20.01 15.17 0 -21.08
4 16 15.17 0 -21.08 14.8 0 -20.01 13.6 0 -20.33 14.83 0 -21.29
3 16 13.6 0 -20.33 12.06 0 -21.07 11.87 0 -21.66
3 16 11.87 0 -21.66 9.23 0 -21.78 9.72 0 -22.86
4 16 9.72 0 -22.86 9.23 0 -21.78 7.99 0 -22.08 9.26 0 -22.99
4 16 7.99 0 -22.08 7.68 0 -22.39 8.99 0 -23.45 9.26 0 -22.99
4 16 8.84 0 -26.11 8.68 0 -25.44 7.46 0 -23.44 7.44 0 -26.69
3 16 7.46 0 -23.44 8.68 0 -25.44 8.71 0 -24.4
4 16 43.78 0 -24.65 44.73 0 -24.14 44.58 0 -23.81 44.19 0 -23.69
4 16 37.31 0 -23.72 38.64 0 -24.34 43.07 0 -24.4 44.19 0 -23.69
4 16 37.31 0 -23.72 37.17 0 -24.35 37.95 0 -24.74 38.21 0 -24.4
3 16 43.49 0 -24.34 43.78 0 -24.65 44.19 0 -23.69
3 16 43.07 0 -24.4 43.49 0 -24.34 44.19 0 -23.69
3 16 37.31 0 -23.72 38.21 0 -24.4 38.64 0 -24.34
4 16 38.93 0 -24.65 38.87 0 -25.06 42.91 0 -25.16 42.81 0 -24.74
3 16 43.32 0 -25.23 42.91 0 -25.16 44.68 0 -25.86
3 16 42.91 0 -25.16 38.87 0 -25.06 38.46 0 -25.23
4 16 38.46 0 -25.23 37.2 0 -25.86 44.68 0 -25.86 42.91 0 -25.16
4 16 43.78 0 -24.65 43.73 0 -25.06 44.68 0 -25.86 44.73 0 -24.14
4 16 37.17 0 -24.35 37.2 0 -25.86 38.05 0 -25.16 37.95 0 -24.74
3 16 44.68 0 -25.86 43.73 0 -25.06 43.32 0 -25.23
3 16 22.94 0 -26.95 24.71 0 -26.82 24.7 0 -22.77
4 16 22.94 0 -26.95 24.7 0 -22.77 20.67 0 -22.73 20.56 0 -23.25
3 16 20.56 0 -23.25 20.56 0 -26.85 22.94 0 -26.95
4 16 16.93 0 -24.04 16.93 0 -25.48 20.07 0 -25.5 20.06 0 -24.05
4 16 29.92 0 -25.96 25.49 0 -23.71 25.19 0 -23.94 25.21 0 -25.8
3 16 29.92 0 -25.96 36.7 0 -25.85 36.73 0 -24.36
4 16 25.49 0 -23.71 29.92 0 -25.96 36.73 0 -24.36 36.55 0 -23.75
3 16 8.79 0 -21.06 10.94 0 -21.06 11.77 0 -20.35
4 16 12.85 0 -19.88 13.36 0 -13.32 7.57 0 -13.33 11.77 0 -20.35
4 16 11.77 0 -20.35 7.57 0 -13.33 8.03 0 -21.2 8.79 0 -21.06
3 16 14.38 0 -19.37 15.86 0 -19.16 16.11 0 -18.07
4 16 12.85 0 -19.88 14.38 0 -19.37 16.11 0 -18.07 13.36 0 -13.32
4 16 6.95 0 -28.3 6.7 0 -26.99 -.87 0 -23.51 -1.32 0 -24.76
4 16 -.81 0 -21.65 -.87 0 -23.51 6.7 0 -26.99 6.7 0 -23.41
4 16 -.81 0 -21.65 6.7 0 -23.41 7.08 0 -22.06 -.24 0 -20.19
4 16 -.24 0 -20.19 7.47 0 -21.55 8.03 0 -21.2 6.51 0 -13.14
3 16 7.08 0 -22.06 7.47 0 -21.55 -.24 0 -20.19
3 16 7.57 0 -13.33 6.51 0 -13.14 8.03 0 -21.2
4 16 13.36 0 -13.32 16.11 0 -18.07 17.7 0 -17.88 16.63 0 -13.16
4 16 24.43 0 -11.92 16.63 0 -13.16 17.7 0 -17.88 20.32 0 -17.92
4 16 30.11 0 -11.02 26.91 0 -10.97 25.89 0 -11.55 31.68 0 -12.58
4 16 31.68 0 -12.58 25.89 0 -11.55 24.43 0 -11.92 26.42 0 -18.34
3 16 24.43 0 -11.92 20.32 0 -17.92 20.81 0 -18.04
4 16 21.53 0 -18.72 22.67 0 -18.73 24.43 0 -11.92 20.81 0 -18.04
4 16 26.42 0 -18.34 24.43 0 -11.92 22.67 0 -18.73 24.23 0 -18.7
4 16 31.68 0 -12.58 31.35 0 -11.69 30.9 0 -11.25 30.11 0 -11.02
3 16 32.42 0 -15.79 31.68 0 -12.58 26.42 0 -18.34
4 16 36.21 0 -15.3 33.07 0 -15.52 32.94 0 -16.24 36.37 0 -16.24
3 16 32.94 0 -16.24 32.42 0 -15.79 26.42 0 -18.34
3 16 32.94 0 -16.24 26.42 0 -18.34 36.37 0 -16.24
3 16 53.7 0 -18.43 51.62 0 -13.95 51.42 0 -16.17
4 16 50.7 0 -16.14 50.61 0 -18.31 53.7 0 -18.43 51.42 0 -16.17
3 16 36.37 0 -16.24 26.42 0 -18.34 38.65 0 -16.24
3 16 50.7 0 -16.14 49.63 0 -14.42 48.97 0 -14.42
3 16 48.97 0 -14.42 46.82 0 -14.42 46.84 0 -16.02
4 16 48.97 0 -14.42 46.84 0 -16.02 50.61 0 -18.31 50.7 0 -16.14
3 16 36.55 0 -16.17 36.37 0 -16.24 38.65 0 -16.24
4 16 38.43 0 -9.48 36.73 0 -9.52 36.8 0 -15.7 38.37 0 -14.51
3 16 46.33 0 -.61 44.19 0 -.65 43.81 0 -1.19
4 16 43.81 0 -1.19 43.32 0 -2.61 43.1 0 -4.3 46.33 0 -.61
4 16 46.33 0 -.61 43.1 0 -4.3 43.14 0 -7.6 45.49 0 -7.69
4 16 46.19 0 -16.04 45.4 0 -10.65 43.12 0 -10.77 43.14 0 -15.63
3 16 43.14 0 -15.63 42.89 0 -16.27 46.19 0 -16.04
4 16 45.4 0 -10.65 46.19 0 -16.04 46.33 0 -.61 45.49 0 -7.69
4 16 46.84 0 -16.02 46.19 0 -16.04 42.89 0 -16.27 50.61 0 -18.31
4 16 42.56 0 -3.6 40.73 0 -4.93 40.89 0 -7.64 42.6 0 -7.61
3 16 40.73 0 -4.93 38.87 0 -5.6 40.89 0 -7.64
4 16 38.88 0 -15.9 40.89 0 -10.65 40.89 0 -7.64 38.87 0 -5.6
4 16 42.52 0 -10.7 40.89 0 -10.65 38.88 0 -15.9 42.62 0 -15.59
4 16 38.37 0 -14.51 36.8 0 -15.7 36.55 0 -16.17 38.65 0 -16.24
4 16 38.65 0 -16.24 42.89 0 -16.27 42.62 0 -15.59 38.88 0 -15.9
4 16 -73.3 0 8.72 -73.63 0 3.37 -72.24 0 1.13 -72.12 0 8.77
4 16 -72.12 0 8.77 -69.36 0 12.23 -73.71 0 8.78 -73.3 0 8.72
3 16 -78.13 0 12.23 -74.24 0 3.08 -74.11 0 8.43
3 16 -67.23 0 13.17 -67.33 0 14.43 -69.36 0 12.23
3 16 -78.13 0 12.23 -74.11 0 8.43 -73.71 0 8.78
3 16 -78.13 0 12.23 -73.71 0 8.78 -69.36 0 12.23
3 16 -69.36 0 12.23 -72.12 0 8.77 -71.63 0 8.71
4 16 -67.23 0 13.17 -69.36 0 12.23 -71.63 0 8.71 -66.76 0 12.4
4 16 -65.82 0 12.19 -66.76 0 12.4 -71.63 0 8.71 -71.55 0 7.38
4 16 -71.55 0 7.38 -71.71 0 -1.51 -71.56 0 -3.54 -63.32 0 -3.5
4 16 -61.35 0 8.49 -60.99 0 8.79 -60.02 0 12.14 -65.82 0 12.19
4 16 -62.79 0 -3.64 -61.31 0 -2.17 -71.55 0 7.38 -63.32 0 -3.5
4 16 -63.79 0 -6.46 -63.79 0 -4.12 -69.9 0 -4.13 -69.58 0 -6.42
3 16 -69.9 0 -4.13 -69.96 0 -6.13 -69.58 0 -6.42
4 16 -63.79 0 -4.12 -63.79 0 -6.46 -62.33 0 -6.66 -62.63 0 -3.95
4 16 -65.35 0 -7.63 -63.22 0 -6.86 -69.59 0 -6.88 -66.87 0 -7.63
4 16 -69.95 0 -7.31 -68.9 0 -7.7 -68.48 0 -7.63 -69.59 0 -6.88
3 16 -69.95 0 -7.31 -69.17 0 -8.03 -68.9 0 -7.7
4 16 -67.55 0 -8.03 -67.29 0 -7.7 -68.48 0 -7.63 -68.19 0 -7.95
4 16 -68.48 0 -7.63 -67.29 0 -7.7 -66.87 0 -7.63 -69.59 0 -6.88
4 16 -66.03 0 -8.03 -65.77 0 -7.7 -66.87 0 -7.63 -66.58 0 -7.95
4 16 -65.35 0 -7.63 -65.06 0 -7.95 -64.42 0 -8.03 -64.16 0 -7.7
3 16 -66.87 0 -7.63 -65.77 0 -7.7 -65.35 0 -7.63
4 16 -62.33 0 -9.4 -60.79 0 -8.57 -62.33 0 -6.66 -63.45 0 -7.95
4 16 -65.35 0 -7.63 -64.16 0 -7.7 -63.74 0 -7.63 -63.22 0 -6.86
4 16 -63.74 0 -7.63 -63.45 0 -7.95 -62.33 0 -6.66 -63.22 0 -6.86
4 16 -50.23 0 8.24 -60.66 0 8.61 -60.7 0 -2.24 -57.62 0 -3.53
4 16 -56.17 0 -6.82 -58.54 0 -5.85 -60.4 0 -6.1 -56.43 0 -7.16
4 16 -55.74 0 -6.76 -55.45 0 -7.07 -54.82 0 -7.16 -54.55 0 -6.82
3 16 -56.17 0 -6.82 -55.74 0 -6.76 -58.54 0 -5.85
4 16 -54.13 0 -6.76 -53.84 0 -7.07 -53.3 0 -7.16 -53.03 0 -6.82
4 16 -58.54 0 -5.85 -55.74 0 -6.76 -54.55 0 -6.82 -54.13 0 -6.76
4 16 -60.79 0 -8.57 -61.15 0 -5.38 -62.63 0 -3.95 -62.33 0 -6.66
4 16 -62.79 0 -3.64 -62.63 0 -3.95 -61.15 0 -5.38 -61.31 0 -2.17
4 16 -64.79 0 18.23 -64.8 0 17.48 -64.4 0 17.11 -64.35 0 18.52
3 16 -64.35 0 18.52 -64.4 0 17.11 -60.56 0 18.47
4 16 -59.92 0 17.11 -60.25 0 18.01 -60.56 0 18.47 -64.4 0 17.11
4 16 -60.25 0 18.01 -59.92 0 17.11 -58.72 0 16.89 -59.95 0 17.88
4 16 -58.33 0 16.65 -58.05 0 17.87 -59.95 0 17.88 -58.72 0 16.89
4 16 -58.07 0 16.29 -56.07 0 20.18 -57.85 0 18.61 -58.05 0 17.87
3 16 -58.05 0 17.87 -58.33 0 16.65 -58.07 0 16.29
4 16 -58.07 0 16.29 -57.86 0 15.15 -56.07 0 12.23 -56.07 0 20.18
4 16 -52.01 0 20.18 -53.72 0 20.23 -53.73 0 12.23 -51.91 0 17.35
3 16 -51.63 0 16.64 -51.91 0 17.35 -51.65 0 15.32
4 16 -51.65 0 15.32 -51.91 0 17.35 -53.73 0 12.23 -51.94 0 14.54
3 16 -56.07 0 12.23 -57.86 0 15.15 -57.95 0 13.27
3 16 -56.07 0 12.23 -57.95 0 13.27 -58.35 0 12.52
3 16 -56.07 0 12.23 -58.35 0 12.52 -59.14 0 12.19
4 16 -60.66 0 8.61 -50.23 0 8.24 -53.73 0 12.23 -56.07 0 12.23
4 16 -60.02 0 12.14 -60.66 0 8.61 -56.07 0 12.23 -59.14 0 12.19
4 16 -65.82 0 12.19 -71.55 0 7.38 -61.31 0 -2.17 -61.35 0 8.49
3 16 -60.02 0 12.14 -60.99 0 8.79 -60.66 0 8.61
3 16 -51.65 0 15.32 -51.14 0 16.03 -51.63 0 16.64
3 16 -51.94 0 13.67 -51.94 0 14.54 -53.73 0 12.23
3 16 -51.68 0 12.86 -51.94 0 13.67 -53.73 0 12.23
4 16 -52.61 0 -6.76 -52.32 0 -7.07 -51.69 0 -7.16 -51.42 0 -6.82
3 16 -54.13 0 -6.76 -53.03 0 -6.82 -52.61 0 -6.76
3 16 -60.7 0 -2.24 -59.32 0 -3.83 -58.71 0 -3.59
4 16 -52.61 0 -6.76 -50.24 0 -5.84 -58.54 0 -5.85 -54.13 0 -6.76
4 16 -52.61 0 -6.76 -51.42 0 -6.82 -51 0 -6.76 -50.24 0 -5.84
4 16 -29.44 0 8.75 -28.42 0 12.22 -28.99 0 12.86 -31.18 0 12.23
4 16 -40.48 0 12.86 -42.38 0 12.23 -39.46 0 8.76 -39.91 0 12.22
4 16 -18.03 0 12.23 -19.69 0 12.23 -19.34 0 8.76 -18.92 0 8.83
4 16 -4.48 0 20.18 -9.26 0 20.23 -9.27 0 12.23 -7.98 0 14
4 16 -14.69 0 8.74 -14.18 0 8.77 -9.27 0 12.23 -18.03 0 12.23
4 16 -39.91 0 12.22 -36.37 0 8.76 -36.04 0 8.66 -31.18 0 12.23
3 16 -51 0 -6.76 -50.71 0 -7.07 -50.24 0 -5.84
3 16 -7.98 0 14 -4.48 0 14 -4.48 0 20.18
4 16 -10.67 0 8.75 -7.98 0 12.23 -7.98 0 14 -9.27 0 12.23
4 16 1.47 0 12.23 -7.98 0 12.23 -10.67 0 8.75 2.22 0 8.7
4 16 1.47 0 14 1.47 0 12.23 2.22 0 8.7 3.39 0 12.14
4 16 35.55 0 8.29 35.81 0 8.63 36.53 0 12.4 36.06 0 13.17
4 16 9.75 0 12.18 10.88 0 8.75 13.31 0 8.78 14.05 0 12.18
3 16 9.75 0 12.18 5.74 0 18.07 5.74 0 12.2
4 16 3.39 0 12.14 4.44 0 8.66 5.12 0 8.71 5.74 0 12.2
3 16 15.43 0 20.18 14.06 0 20.18 15.43 0 18.45
3 16 15.43 0 18.45 14.06 0 20.18 15.43 0 17.11
4 16 36.24 0 8.69 37.44 0 8.73 37.74 0 8.79 37.47 0 12.19
4 16 14.05 0 12.18 15.43 0 15.35 15.43 0 17.11 14.06 0 20.18
4 16 21.81 0 18.45 15.43 0 18.45 15.43 0 17.11 21.81 0 17.16
4 16 21.81 0 15.35 15.43 0 15.35 15.43 0 14 21.79 0 13.98
3 16 15.43 0 14 15.43 0 15.35 14.05 0 12.18
3 16 15.43 0 12.23 15.43 0 14 14.05 0 12.18
4 16 31.92 0 20.08 24.21 0 20.23 24.2 0 12.23 31.92 0 18.34
4 16 35.96 0 14.43 35.96 0 16.59 34.29 0 18.34 31.92 0 18.34
4 16 35.55 0 8.29 36.06 0 13.17 31.92 0 18.34 24.2 0 12.23
4 16 36.68 0 20.02 34.29 0 20.08 34.29 0 18.34 36.06 0 19.31
3 16 36.06 0 19.31 34.29 0 18.34 35.96 0 18.31
3 16 35.96 0 18.31 34.29 0 18.34 35.96 0 16.59
3 16 35.96 0 16.59 35.96 0 14.43 36.25 0 15.83
3 16 35.96 0 14.43 31.92 0 18.34 36.06 0 13.17
4 16 43.04 0 15.05 42.61 0 15.35 42.65 0 13.94 43.06 0 14.3
4 16 38.46 0 14.32 37.75 0 15.36 36.95 0 15.45 38.13 0 14.43
3 16 38.81 0 13.95 42.65 0 13.94 42.61 0 15.35
4 16 37.75 0 15.36 38.46 0 14.32 38.81 0 13.95 42.61 0 15.35
3 16 -60.4 0 -6.1 -58.54 0 -5.85 -59.17 0 -5.67
4 16 36.25 0 15.83 35.96 0 14.43 38.13 0 14.43 36.95 0 15.45
4 16 35.81 0 8.63 36.24 0 8.69 37.47 0 12.19 36.53 0 12.4
4 16 39.12 0 8.75 39.84 0 8.77 43.27 0 12.14 37.47 0 12.19
4 16 46.64 0 8.76 44.15 0 12.19 43.07 0 8.77 46.3 0 8.44
4 16 44.15 0 12.19 43.27 0 12.14 42.36 0 8.76 43.07 0 8.77
3 16 37.47 0 12.19 37.74 0 8.79 39.12 0 8.75
4 16 40.24 0 8.53 42.36 0 8.76 43.27 0 12.14 39.84 0 8.77
4 16 38.5 0 18.23 38.48 0 17.48 38.89 0 17.11 38.94 0 18.52
4 16 43.34 0 17.88 43.04 0 18.01 38.89 0 17.11 43.37 0 17.11
4 16 43.04 0 18.01 42.73 0 18.47 38.94 0 18.52 38.89 0 17.11
4 16 45.24 0 17.87 43.34 0 17.88 43.37 0 17.11 44.57 0 16.89
3 16 44.57 0 16.89 44.96 0 16.65 45.24 0 17.87
3 16 47.32 0 18.34 45.44 0 18.61 45.24 0 17.87
4 16 44.96 0 16.65 45.22 0 16.29 47.32 0 18.34 45.24 0 17.87
3 16 52.08 0 20.02 49.69 0 20.08 51.46 0 19.31
3 16 47.32 0 18.34 45.22 0 16.29 45.43 0 15.15
4 16 49.69 0 18.34 47.32 0 18.34 45.43 0 15.15 51.37 0 16.59
4 16 49.69 0 20.08 49.69 0 18.34 51.37 0 18.31 51.46 0 19.31
3 16 51.37 0 16.59 51.37 0 18.31 49.69 0 18.34
4 16 51.37 0 16.59 45.43 0 15.15 45.34 0 13.27 51.36 0 14.43
3 16 51.37 0 16.59 51.36 0 14.43 51.65 0 15.83
4 16 49.25 0 8.77 45.34 0 13.27 44.94 0 12.52 46.64 0 8.76
4 16 58.06 0 13.94 58.46 0 14.3 58.45 0 15.05 58.01 0 15.35
4 16 51.65 0 15.83 51.36 0 14.43 53.53 0 14.43 52.35 0 15.45
3 16 44.94 0 12.52 44.15 0 12.19 46.64 0 8.76
3 16 54.21 0 13.95 58.06 0 13.94 58.01 0 15.35
4 16 53.15 0 15.36 53.86 0 14.32 54.21 0 13.95 58.01 0 15.35
4 16 -50.3 0 -4.19 -58.54 0 -4.17 -58.4 0 -5.42 -50.67 0 -5.45
4 16 -50.17 0 -5.36 -50.12 0 -4.39 -50.3 0 -4.19 -50.67 0 -5.45
4 16 -58.54 0 -4.17 -59.03 0 -4.08 -59.17 0 -5.67 -58.4 0 -5.42
3 16 -59.17 0 -5.67 -59.03 0 -4.08 -59.32 0 -3.83
4 16 52.35 0 15.45 53.53 0 14.43 53.86 0 14.32 53.15 0 15.36
4 16 51.36 0 14.43 45.34 0 13.27 49.25 0 8.77 51.46 0 13.17
3 16 52.88 0 12.19 51.93 0 12.4 49.61 0 8.57
4 16 63.27 0 8.85 58.67 0 12.14 52.88 0 12.19 49.61 0 8.57
4 16 51.46 0 13.17 49.25 0 8.77 49.61 0 8.57 51.93 0 12.4
4 16 -60.7 0 -2.24 -60.4 0 -6.1 -59.17 0 -5.67 -59.32 0 -3.83
3 16 -60.7 0 -2.24 -58.71 0 -3.59 -57.62 0 -3.53
4 16 -51.68 0 12.86 -53.73 0 12.23 -50.04 0 8.68 -51.11 0 12.22
3 16 -57.62 0 -3.53 -50.17 0 -3.6 -50.23 0 8.24
3 16 -50.23 0 8.24 -50.04 0 8.68 -53.73 0 12.23
4 16 53.91 0 18.23 53.89 0 17.48 54.3 0 17.11 54.34 0 18.52
3 16 54.34 0 18.52 54.3 0 17.11 58.13 0 18.47
4 16 58.77 0 17.11 58.44 0 18.01 58.13 0 18.47 54.3 0 17.11
4 16 58.44 0 18.01 58.77 0 17.11 59.98 0 16.89 58.75 0 17.88
4 16 58.75 0 17.88 59.98 0 16.89 60.36 0 16.65 60.64 0 17.87
4 16 60.62 0 16.29 62.78 0 18.34 60.84 0 18.61 60.64 0 17.87
3 16 60.64 0 17.87 60.36 0 16.65 60.62 0 16.29
4 16 60.62 0 16.29 60.83 0 15.15 65.15 0 18.34 62.78 0 18.34
4 16 67.06 0 19.66 65.15 0 20.08 65.15 0 18.34 66.85 0 18.82
4 16 60.83 0 15.15 66.89 0 12.22 66.85 0 18.82 65.15 0 18.34
4 16 69.61 0 18.28 69.34 0 17.89 74.77 0 17.68 70.06 0 18.43
4 16 60.83 0 15.15 60.75 0 13.27 63.27 0 8.85 66.89 0 12.22
3 16 60.75 0 13.27 60.34 0 12.52 63.27 0 8.85
4 16 70.06 0 18.43 74.77 0 17.68 74.58 0 18.2 74.09 0 18.42
3 16 60.34 0 12.52 59.55 0 12.19 63.27 0 8.85
4 16 77.9 0 8.81 69.31 0 12.19 66.89 0 12.22 63.27 0 8.85
3 16 59.55 0 12.19 58.67 0 12.14 63.27 0 8.85
4 16 69.34 0 17.89 69.31 0 12.19 74.79 0 12.29 74.77 0 17.68
4 16 77.9 0 8.81 79.09 0 22.17 77.1 0 18.82 77.05 0 12.26
4 16 69.31 0 12.19 77.9 0 8.81 77.05 0 12.26 74.79 0 12.29
3 16 51.62 0 -13.95 63.27 0 -12.42 49.62 0 -4
4 16 63.27 0 8.85 49.51 0 -2.48 49.62 0 -4 63.27 0 -12.42
3 16 49.61 0 8.57 49.51 0 -2.48 63.27 0 8.85
4 16 15.43 0 12.23 14.33 0 8.03 35.55 0 8.29 24.2 0 12.23
3 16 -51.11 0 12.22 -50.04 0 8.68 -49.84 0 8.71
4 16 50.7 0 -16.14 50.74 0 -13.61 49.46 0 -13.87 49.63 0 -14.42
3 16 50.74 0 -13.61 49.25 0 -5.67 49.46 0 -13.87
4 16 46.84 0 -3.95 46.9 0 -13.85 49.46 0 -13.87 49.25 0 -5.67
4 16 47.54 0 -3.26 47.43 0 -3.84 49.25 0 -5.67 48.9 0 -2.12
3 16 47.43 0 -3.84 46.84 0 -3.95 49.25 0 -5.67
4 16 48.9 0 -2.12 46.82 0 -.13 46.87 0 -3.34 47.54 0 -3.26
4 16 46.84 0 5.63 44.31 0 5.57 44.31 0 -.1 46.82 0 -.13
4 16 46.82 0 -.13 48.9 0 -2.12 48.93 0 8.43 46.84 0 5.63
3 16 46.89 0 7.85 46.84 0 5.63 48.93 0 8.43
4 16 -49.65 0 8.17 -49.59 0 -7 -47.86 0 -5.95 -47.6 0 -5.62
4 16 -44.75 0 5 -49.65 0 8.17 -47.6 0 -5.62 -44.87 0 1.59
4 16 -44.87 0 1.59 -47.6 0 -5.62 -47.18 0 -5.55 -44.2 0 -1.81
4 16 -47.18 0 -5.55 -46.89 0 -5.87 -46.25 0 -5.95 -45.99 0 -5.62
4 16 -45.56 0 -5.55 -44.2 0 -1.81 -47.18 0 -5.55 -45.99 0 -5.62
4 16 -45.56 0 -5.55 -45.27 0 -5.87 -44.73 0 -5.95 -44.47 0 -5.62
4 16 -44.04 0 -5.55 -43.76 0 -5.87 -43.12 0 -5.95 -42.85 0 -5.62
4 16 -45.56 0 -5.55 -44.47 0 -5.62 -44.04 0 -5.55 -44.2 0 -1.81
4 16 46.89 0 7.85 48.93 0 8.43 49.25 0 8.77 46.64 0 8.76
4 16 43.07 0 8.77 44.19 0 6.13 46.31 0 6.16 46.3 0 8.44
4 16 5.74 0 12.2 5.12 0 8.71 10.88 0 8.75 9.75 0 12.18
4 16 -42.43 0 -5.55 -42.14 0 -5.87 -40.09 0 -7.13 -42.6 0 -4.77
4 16 -42.43 0 -5.55 -42.6 0 -4.77 -44.04 0 -5.55 -42.85 0 -5.62
3 16 43.82 0 4.43 43.24 0 7.14 43.11 0 5.62
3 16 43.11 0 5.62 43.24 0 7.14 42.82 0 5.94
3 16 -44.2 0 -1.81 -44.04 0 -5.55 -42.6 0 -4.77
4 16 42.82 0 5.94 43.24 0 7.14 41.09 0 7.03 42.4 0 5.87
3 16 -49.65 0 8.17 -44.75 0 5 -43.64 0 8.24
4 16 42.14 0 5.54 42.4 0 5.87 41.09 0 7.03 41.3 0 5.84
4 16 -49.65 0 8.17 -43.64 0 8.24 -43.26 0 8.67 -49.84 0 8.71
4 16 43.24 0 7.14 42.36 0 8.76 40.24 0 8.53 41.09 0 7.03
4 16 -51.11 0 12.22 -49.84 0 8.71 -43.26 0 8.67 -42.38 0 12.23
4 16 -42.63 0 7.55 -42.58 0 7.96 -43.07 0 8.73 -43.43 0 7.35
3 16 -43.26 0 8.67 -43.07 0 8.73 -42.38 0 12.23
3 16 40.74 0 6.2 40.47 0 7.44 37.77 0 6.18
4 16 37.74 0 8.79 37.77 0 6.18 40.47 0 7.44 39.12 0 8.75
3 16 -43.07 0 8.73 -42.58 0 7.96 -42.17 0 8.13
4 16 36.24 0 8.69 36.52 0 8.38 37.41 0 8.39 37.44 0 8.73
4 16 -12.43 0 6.42 -10.67 0 8.75 -9.27 0 12.23 -14.18 0 8.77
4 16 -42.17 0 8.13 -41.76 0 8.06 -42.38 0 12.23 -43.07 0 8.73
4 16 -41.66 0 7.64 -39.52 0 8.32 -39.46 0 8.76 -41.76 0 8.06
4 16 14.05 0 12.18 13.86 0 8.67 14.33 0 8.03 15.43 0 12.23
3 16 -41.76 0 8.06 -39.46 0 8.76 -42.38 0 12.23
3 16 13.31 0 8.78 13.86 0 8.67 14.05 0 12.18
4 16 18.65 0 7.62 14.11 0 7.69 14.07 0 6.38 18.67 0 6.49
3 16 -38.94 0 8.18 -38.49 0 6.54 -37.85 0 6.76
4 16 -36.37 0 8.76 -38.94 0 8.18 -37.85 0 6.76 -36.61 0 7.74
4 16 -33.02 0 8.72 -36.04 0 8.66 -35.96 0 7.84 -33.1 0 7.93
3 16 -36.04 0 8.66 -33.02 0 8.72 -31.18 0 12.23
4 16 -39.91 0 12.22 -39.46 0 8.76 -38.94 0 8.18 -36.37 0 8.76
3 16 14.07 0 6.38 14.11 0 7.69 12.98 0 6.54
4 16 14.11 0 7.69 13.31 0 8.78 11.53 0 8.42 12.98 0 6.54
3 16 10.88 0 8.75 11.53 0 8.42 13.31 0 8.78
4 16 2.2 0 -3.11 4.44 0 8.66 3.39 0 12.14 2.22 0 8.7
3 16 -33.02 0 8.72 -32.66 0 8.71 -31.18 0 12.23
4 16 -32.61 0 7.93 -30.07 0 7.81 -29.95 0 8.57 -32.66 0 8.71
4 16 -29.44 0 8.75 -31.18 0 12.23 -32.66 0 8.71 -29.95 0 8.57
4 16 -11 0 -2.7 -14.18 0 -5.45 -10.71 0 -5.44 -10.68 0 -3.36
4 16 -14.21 0 -1.27 -14.2 0 6.74 -24.26 0 6.69 -24.21 0 -1.21
4 16 -11 0 -2.7 -12.01 0 -1.59 -14.21 0 -1.27 -14.18 0 -5.45
4 16 -12.55 0 5.48 -12.43 0 6.42 -14.18 0 8.77 -14.2 0 6.74
4 16 -12.47 0 -.43 -12.55 0 5.48 -14.2 0 6.74 -14.21 0 -1.27
3 16 -14.21 0 -1.27 -12.01 0 -1.59 -12.47 0 -.43
4 16 -18.03 0 12.23 -15.79 0 8.83 -15.5 0 8.51 -14.69 0 8.74
4 16 -17.4 0 8.83 -17.11 0 8.51 -16.48 0 8.43 -16.21 0 8.76
4 16 -17.4 0 8.83 -16.21 0 8.76 -15.79 0 8.83 -18.03 0 12.23
4 16 -17.4 0 8.83 -18.03 0 12.23 -18.92 0 8.83 -17.82 0 8.76
4 16 -24.45 0 8.74 -20.96 0 8.76 -20.53 0 8.83 -19.69 0 12.23
4 16 -18.92 0 8.83 -18.63 0 8.51 -18.09 0 8.43 -17.82 0 8.76
4 16 -20.24 0 8.51 -19.34 0 8.76 -19.69 0 12.23 -20.53 0 8.83
4 16 -29.58 0 7.75 -28.29 0 6.87 -24.81 0 8.33 -29.44 0 8.75
3 16 -28.29 0 6.87 -27.19 0 5.76 -24.81 0 8.33
4 16 -28.42 0 12.22 -29.44 0 8.75 -24.81 0 8.33 -24.61 0 8.69
4 16 -19.69 0 12.23 -28.42 0 12.22 -24.61 0 8.69 -24.45 0 8.74
4 16 -24.29 0 8.41 -21.22 0 8.43 -20.96 0 8.76 -24.45 0 8.74
4 16 -28.26 0 -1.37 -26.17 0 -3.82 -24.84 0 -3.64 -27.2 0 -.23
4 16 -24.81 0 8.33 -26.36 0 2.78 -26.61 0 1.23 -24.84 0 -3.64
3 16 -24.81 0 8.33 -27.19 0 5.76 -26.53 0 4.34
4 16 -29.27 0 -3.94 -26.84 0 -4.11 -26.17 0 -3.82 -28.26 0 -1.37
3 16 -24.84 0 -3.64 -26.61 0 1.23 -27.2 0 -.23
4 16 -29.23 0 -6.42 -27.78 0 -5.16 -26.84 0 -4.11 -29.27 0 -3.94
3 16 -28.26 0 -1.37 -29.57 0 -2.22 -29.27 0 -3.94
3 16 -24.81 0 8.33 -26.53 0 4.34 -26.36 0 2.78
4 16 -67.33 0 18.31 -69.35 0 20.23 -69.36 0 12.23 -67.33 0 16.59
4 16 -67.04 0 15.83 -67.33 0 16.59 -69.36 0 12.23 -67.33 0 14.43
3 16 -57.98 0 19.36 -57.85 0 18.61 -56.07 0 20.18
3 16 -58.44 0 19.95 -57.98 0 19.36 -56.07 0 20.18
4 16 -64.83 0 14.32 -64.48 0 13.95 -60.64 0 13.94 -60.68 0 15.35
4 16 -60.64 0 13.94 -60.23 0 14.3 -60.25 0 15.05 -60.68 0 15.35
3 16 -60.68 0 15.35 -65.54 0 15.36 -64.83 0 14.32
3 16 -58.95 0 20.15 -58.44 0 19.95 -56.07 0 20.18
3 16 -65.62 0 20.19 -58.95 0 20.15 -56.07 0 20.18
4 16 -64.83 0 14.32 -65.54 0 15.36 -66.34 0 15.45 -65.16 0 14.43
4 16 -78.98 0 22.17 -69.35 0 20.23 -65.62 0 20.19 -56.07 0 20.18
3 16 -66.61 0 20.02 -65.62 0 20.19 -69.35 0 20.23
4 16 -67.04 0 15.83 -67.33 0 14.43 -65.16 0 14.43 -66.34 0 15.45
3 16 -67.23 0 19.31 -66.61 0 20.02 -69.35 0 20.23
3 16 -67.33 0 18.31 -67.23 0 19.31 -69.35 0 20.23
3 16 -56.07 0 20.18 -53.72 0 20.23 -78.98 0 22.17
4 16 -78.98 0 22.17 -53.72 0 20.23 -52.01 0 20.18 -49.65 0 20.23
4 16 -44.78 0 17.16 -44.75 0 20.18 -49.65 0 20.23 -49.56 0 17.85
3 16 -49.56 0 17.85 -49.26 0 17.13 -44.78 0 17.16
4 16 -78.98 0 22.17 -49.65 0 20.23 -44.75 0 20.18 -42.39 0 20.23
3 16 -42.38 0 12.23 -40.48 0 12.86 -40.73 0 13.67
3 16 -42.38 0 12.23 -40.73 0 13.67 -40.73 0 15.64
4 16 -42.38 0 12.23 -40.73 0 15.64 -40.44 0 16.42 -42.39 0 20.23
3 16 -42.39 0 20.23 -40.44 0 16.42 -39.72 0 17.13
4 16 -33.57 0 17.16 -33.55 0 20.18 -42.39 0 20.23 -39.72 0 17.13
4 16 -78.98 0 22.17 -42.39 0 20.23 -33.55 0 20.18 -31.18 0 20.23
3 16 -31.18 0 12.23 -28.99 0 12.86 -29.24 0 13.67
3 16 -31.18 0 12.23 -29.24 0 13.67 -29.24 0 14.54
4 16 -31.18 0 20.23 -31.18 0 12.23 -29.24 0 14.54 -29.22 0 17.35
3 16 -28.95 0 15.32 -28.45 0 16.03 -28.93 0 16.64
4 16 -28.93 0 16.64 -29.22 0 17.35 -29.24 0 14.54 -28.95 0 15.32
3 16 -31.18 0 20.23 -29.22 0 17.35 -29.31 0 20.18
3 16 -26.95 0 20.23 -26.86 0 17.85 -22.06 0 20.18
4 16 -22.06 0 20.18 -26.86 0 17.85 -26.57 0 17.13 -22.08 0 17.16
4 16 -29.31 0 20.18 -26.95 0 20.23 -78.98 0 22.17 -31.18 0 20.23
3 16 -19.69 0 12.23 -18.03 0 12.23 -18.03 0 14
4 16 -18.03 0 14 -11.68 0 13.98 -11.66 0 15.35 -18.03 0 15.35
3 16 -19.69 0 12.23 -18.03 0 14 -18.03 0 15.35
4 16 -11.66 0 18.45 -18.03 0 18.45 -18.03 0 17.11 -11.66 0 17.16
4 16 -19.69 0 12.23 -18.03 0 15.35 -18.03 0 17.11 -19.69 0 20.23
3 16 -19.69 0 20.23 -18.03 0 17.11 -18.03 0 18.45
3 16 -19.69 0 20.23 -18.03 0 18.45 -18.03 0 20.18
4 16 -78.98 0 22.17 -19.69 0 20.23 -18.03 0 20.18 -9.26 0 20.23
4 16 -78.98 0 22.17 -9.26 0 20.23 -4.48 0 20.18 -2.13 0 20.23
3 16 -2.13 0 20.23 -2.14 0 14 1.47 0 14
4 16 -2.13 0 20.23 1.47 0 14 3.39 0 12.14 3.4 0 20.14
3 16 7.69 0 20.14 11.71 0 14.25 11.71 0 20.12
3 16 7.69 0 20.14 11.71 0 20.12 14.06 0 20.18
4 16 14.06 0 20.18 -2.13 0 20.23 3.4 0 20.14 7.69 0 20.14
4 16 -22.06 0 20.18 -19.69 0 20.23 -78.98 0 22.17 -26.95 0 20.23
4 16 15.43 0 20.18 24.21 0 20.23 79.09 0 22.17 14.06 0 20.18
4 16 14.06 0 20.18 79.09 0 22.17 -78.98 0 22.17 -2.13 0 20.23
4 16 -78.13 0 14 -71.77 0 13.98 -71.75 0 15.35 -78.13 0 15.35
3 16 -78.98 0 22.17 -78.13 0 14 -78.13 0 15.35
4 16 -78.13 0 17.11 -71.75 0 17.16 -71.75 0 18.45 -78.13 0 18.45
3 16 -78.98 0 22.17 -78.13 0 15.35 -78.13 0 17.11
3 16 -78.98 0 22.17 -78.13 0 17.11 -78.13 0 18.45
3 16 -78.98 0 22.17 -78.13 0 18.45 -78.13 0 20.18
4 16 -22.1 0 13.98 -22.08 0 15.35 -26.62 0 15.35 -26.58 0 13.98
4 16 -26.8 0 14.41 -26.58 0 13.98 -26.62 0 15.35 -26.81 0 14.91
4 16 -33.59 0 13.98 -33.57 0 15.35 -38.11 0 15.35 -38.07 0 13.98
4 16 -49.31 0 15.35 -49.28 0 13.98 -44.8 0 13.98 -44.78 0 15.35
3 16 34.29 0 20.08 36.68 0 20.02 37.67 0 20.19
4 16 24.21 0 20.23 31.92 0 20.08 34.29 0 20.08 37.67 0 20.19
3 16 76.89 0 19.66 77.1 0 18.82 79.09 0 22.17
3 16 76.19 0 20.11 76.89 0 19.66 79.09 0 22.17
3 16 79.09 0 22.17 24.21 0 20.23 37.67 0 20.19
3 16 75.35 0 20.23 76.19 0 20.11 79.09 0 22.17
3 16 68.6 0 20.23 75.35 0 20.23 79.09 0 22.17
4 16 53.07 0 20.19 79.09 0 22.17 37.67 0 20.19 44.34 0 20.15
3 16 44.34 0 20.15 44.85 0 19.95 47.32 0 20.08
3 16 67.76 0 20.11 68.6 0 20.23 65.15 0 20.08
4 16 62.78 0 20.08 65.15 0 20.08 68.6 0 20.23 79.09 0 22.17
3 16 65.15 0 20.08 67.06 0 19.66 67.76 0 20.11
4 16 62.78 0 20.08 60.72 0 19.36 60.84 0 18.61 62.78 0 18.34
4 16 45.44 0 18.61 47.32 0 18.34 47.32 0 20.08 45.31 0 19.36
3 16 60.25 0 19.95 60.72 0 19.36 62.78 0 20.08
3 16 44.85 0 19.95 45.31 0 19.36 47.32 0 20.08
3 16 49.69 0 20.08 52.08 0 20.02 53.07 0 20.19
4 16 44.34 0 20.15 47.32 0 20.08 49.69 0 20.08 53.07 0 20.19
4 16 79.09 0 22.17 59.74 0 20.15 60.25 0 19.95 62.78 0 20.08
4 16 44.5 0 -9.39 45.03 0 -10.16 44.99 0 -8.05 44.55 0 -8.98
4 16 41.41 0 -8 41.38 0 -10.15 42.07 0 -9.48 41.97 0 -9.07
3 16 45.03 0 -10.16 44.5 0 -9.39 44.09 0 -9.55
4 16 42.94 0 -8.98 42.89 0 -9.39 43.68 0 -9.48 43.58 0 -9.07
3 16 45.03 0 -10.16 44.09 0 -9.55 43.68 0 -9.48
4 16 42.07 0 -9.48 41.38 0 -10.15 45.03 0 -10.16 42.48 0 -9.55
4 16 42.65 0 -8.67 42.94 0 -8.98 43.58 0 -9.07 43.84 0 -8.73
3 16 41.41 0 -8 41.97 0 -9.07 42.23 0 -8.73
3 16 43.84 0 -8.73 44.27 0 -8.67 44.99 0 -8.05
3 16 41.41 0 -8 42.23 0 -8.73 42.65 0 -8.67
3 16 44.27 0 -8.67 44.55 0 -8.98 44.99 0 -8.05
3 16 38.41 0 -8.97 38.45 0 -5.7 36.79 0 -5.92
4 16 36.21 0 -15.3 36.23 0 -9.47 35.17 0 -9.49 35.14 0 -10.8
4 16 32.72 0 -13.59 33.07 0 -15.52 36.21 0 -15.3 34.12 0 -12.72
3 16 33.6 0 -12.5 32.72 0 -13.59 34.12 0 -12.72
4 16 34.13 0 -10.9 34.12 0 -12.72 36.21 0 -15.3 35.14 0 -10.8
4 16 31.8 0 -9.75 31.62 0 -11.03 32.16 0 -11.86 33.65 0 -10.4
4 16 32.72 0 -13.59 33.6 0 -12.5 33.65 0 -10.4 32.16 0 -11.86
4 16 34.65 0 -6.86 33.03 0 -7.45 33.65 0 -10.4 34.65 0 -10.28
4 16 31.54 0 -9.32 31.17 0 -10.65 31.62 0 -11.03 31.8 0 -9.75
3 16 33.03 0 -7.45 31.98 0 -8.01 32 0 -9.21
4 16 33.03 0 -7.45 32 0 -9.21 31.8 0 -9.75 33.65 0 -10.4
3 16 30.1 0 -10.24 31.17 0 -10.65 31.54 0 -9.32
4 16 31.53 0 -8.14 29.42 0 -8.93 30.1 0 -10.24 31.54 0 -9.32
4 16 29.42 0 -8.93 28.09 0 -8.97 26.09 0 -10.19 30.1 0 -10.24
4 16 25.55 0 -8.99 22.81 0 -10.29 25.7 0 -11.01 25.76 0 -10.32
4 16 20.23 0 -11.97 25.7 0 -11.01 22.81 0 -10.29 22.43 0 -10.4
4 16 25.78 0 -8.72 25.55 0 -8.99 25.76 0 -10.32 26.09 0 -10.19
4 16 9.16 0 -10.97 6.68 0 -12.69 14.3 0 -12.61 10.92 0 -11.21
4 16 10.92 0 -11.21 14.3 0 -12.61 20.23 0 -11.97 15.89 0 -11.15
4 16 -.24 0 -20.19 6.51 0 -13.14 6.68 0 -12.69 5.09 0 -11.27
3 16 11.41 0 7.71 10.88 0 8.75 8.28 0 6.52
4 16 7.8 0 6.42 8.28 0 6.52 10.88 0 8.75 5.12 0 8.71
3 16 8.28 0 6.52 12.37 0 6.53 11.41 0 7.71
3 16 7.53 0 6.15 7.8 0 6.42 5.12 0 8.71
4 16 37.42 0 -5.34 37.36 0 -4.1 26.1 0 -7.94 34.77 0 -6.26
3 16 26.1 0 -7.94 25.87 0 -8.18 25.78 0 -8.72
4 16 34.77 0 -6.26 26.1 0 -7.94 25.78 0 -8.72 28.09 0 -8.97
4 16 7.53 0 2.38 7.57 0 3.16 7.53 0 6.15 5.12 0 8.71
4 16 7.92 0 -.44 7.53 0 2.38 5.12 0 8.71 7.5 0 -.75
4 16 7.57 0 3.16 12.54 0 3.22 12.46 0 5.95 8.87 0 5.93
4 16 22.81 0 -10.29 25.55 0 -8.99 25.51 0 -8.24 22.79 0 -9.09
3 16 28.09 0 -8.97 25.78 0 -8.72 26.09 0 -10.19
3 16 8.87 0 5.93 7.53 0 6.15 7.57 0 3.16
3 16 22.43 0 -10.4 22.38 0 -9.24 20.23 0 -11.97
3 16 16.94 0 -9.21 15.89 0 -9.3 15.89 0 -11.15
4 16 7.53 0 2.38 7.92 0 -.44 12.53 0 -.43 12.51 0 2.32
4 16 5.12 0 8.71 5.09 0 -11.27 7.5 0 -4.07 7.5 0 -.75
4 16 22.38 0 -9.24 16.94 0 -9.21 15.89 0 -11.15 20.23 0 -11.97
4 16 9.9 0 -3.85 10.46 0 -3.62 12.39 0 -1 8.36 0 -.99
4 16 8.96 0 -9.28 10.14 0 -10.78 15.41 0 -10.76 15.42 0 -9.3
4 16 10.14 0 -10.78 8.96 0 -9.28 8.02 0 -9.2 9.16 0 -10.97
4 16 7.5 0 -.75 7.94 0 -3.86 9.9 0 -3.85 8.36 0 -.99
3 16 6.68 0 -12.69 9.16 0 -10.97 8.02 0 -9.2
4 16 5.09 0 -11.27 6.68 0 -12.69 8.02 0 -9.2 7.5 0 -9
3 16 7.5 0 -4.07 7.94 0 -3.86 7.5 0 -.75
3 16 8.12 0 -5.92 9.17 0 -4.39 7.64 0 -4.33
4 16 8.12 0 -5.92 7.64 0 -4.33 7.5 0 -4.07 7.7 0 -7.25
3 16 5.09 0 -11.27 7.5 0 -9 7.66 0 -8
4 16 7.5 0 -4.07 5.09 0 -11.27 7.66 0 -8 7.7 0 -7.25
4 16 8.08 0 -7.37 8.39 0 -8.8 12.81 0 -8.78 8.53 0 -6.19
3 16 12.81 0 -8.78 12.82 0 -4.12 12.42 0 -4.05
4 16 8.53 0 -6.19 12.81 0 -8.78 12.42 0 -4.05 11.17 0 -4.06
3 16 11.17 0 -4.06 9.63 0 -4.48 8.53 0 -6.19
4 16 35.55 0 8.29 27.76 0 5.7 27.77 0 4.44 35.65 0 7.87
4 16 27.77 0 4.44 40.83 0 4.43 40.83 0 5.65 37.41 0 5.71
4 16 36.52 0 8.38 36.47 0 7.97 37.41 0 5.71 37.41 0 8.39
3 16 35.55 0 8.29 14.33 0 8.03 19.84 0 7.81
3 16 19.84 0 7.81 27.76 0 5.7 35.55 0 8.29
3 16 37.41 0 5.71 36.47 0 7.97 36.06 0 7.8
3 16 43.82 0 4.43 43.11 0 5.62 43.06 0 5.22
3 16 43.82 0 4.43 43.06 0 5.22 42.64 0 5.05
4 16 42.14 0 5.54 41.3 0 5.84 41.32 0 4.45 42.23 0 5.12
4 16 43.89 0 3.91 19.17 0 3.87 19.15 0 1.65 43.87 0 1.59
4 16 41.32 0 1.08 41.22 0 -1 42.27 0 -.29 42.17 0 .13
4 16 42.24 0 -3.21 42.87 0 -2.42 41.22 0 -1 40.89 0 -2.12
4 16 42.87 0 -2.42 43.34 0 -1.51 42.27 0 -.29 41.22 0 -1
3 16 42.68 0 -.36 42.27 0 -.29 43.34 0 -1.51
4 16 43.34 0 -1.51 43.64 0 -.51 43.09 0 -.19 42.68 0 -.36
4 16 41.09 0 -4.18 42.24 0 -3.21 40.89 0 -2.12 40.18 0 -3.03
4 16 39.47 0 -3.43 40.15 0 -4.72 41.09 0 -4.18 40.18 0 -3.03
3 16 37.88 0 -5.25 39.07 0 -5.1 37.87 0 -3.95
4 16 40.15 0 -4.72 39.47 0 -3.43 37.87 0 -3.95 39.07 0 -5.1
4 16 43.09 0 -.19 43.64 0 -.51 43.79 0 1.1 43.14 0 .21
3 16 41.32 0 1.08 42.17 0 .13 42.43 0 .46
3 16 42.85 0 .53 43.14 0 .21 43.79 0 1.1
4 16 43.79 0 1.1 41.32 0 1.08 42.43 0 .46 42.85 0 .53
4 16 40.83 0 -.15 40.83 0 1.1 27.77 0 1.07 37.44 0 -.2
4 16 35.56 0 -2.54 35.82 0 -2.2 27.77 0 1.07 27.77 0 -.01
4 16 36.24 0 -2.13 37.44 0 -.2 27.77 0 1.07 35.82 0 -2.2
3 16 27.77 0 -.01 26.51 0 -.61 35.56 0 -2.54
4 16 37.43 0 -3.31 37.44 0 -.2 36.24 0 -2.13 36.53 0 -2.45
3 16 19.64 0 -2.34 35.56 0 -2.54 26.51 0 -.61
4 16 19.64 0 -2.34 14.39 0 -2.51 35.66 0 -2.95 35.56 0 -2.54
4 16 14.39 0 -2.51 13.42 0 -3.75 36.71 0 -3.74 35.66 0 -2.95
4 16 36.07 0 -3.02 36.71 0 -3.74 37.07 0 -3.66 36.48 0 -2.85
4 16 36.53 0 -2.45 36.48 0 -2.85 37.07 0 -3.66 37.43 0 -3.31
3 16 36.07 0 -3.02 35.66 0 -2.95 36.71 0 -3.74
4 16 18.67 0 -2.11 18.67 0 -.97 13.29 0 -.96 14.31 0 -2.15
4 16 14.31 0 -2.15 13.29 0 -.96 12.66 0 -1.24 13.76 0 -2.46
3 16 13.76 0 -2.46 12.66 0 -1.24 13.4 0 -3.07
4 16 11.11 0 -3.53 13.01 0 -3.37 13.4 0 -3.07 12.66 0 -1.24
3 16 12.99 0 3.29 13.1 0 -.44 15.17 0 -.47
4 16 13.14 0 5.97 12.99 0 3.29 15.17 0 -.47 15.13 0 5.97
3 16 25.07 0 -.54 27.3 0 .24 27.3 0 1.1
4 16 27.31 0 4.43 27.3 0 5.04 27.19 0 5.42 26.88 0 5.55
3 16 35.28 0 -4.32 29.6 0 -5.15 29.54 0 -5.56
4 16 35.28 0 -4.32 29.54 0 -5.56 29.13 0 -5.72 28.85 0 -6.52
4 16 13.3 0 -6.53 14.09 0 -5.61 13.99 0 -5.2 13.26 0 -4.98
4 16 28.72 0 -5.65 28.62 0 -5.24 19.58 0 -5.11 19.53 0 -5.51
3 16 14.5 0 -5.68 14.09 0 -5.61 13.3 0 -6.53
4 16 14.91 0 -5.51 14.5 0 -5.68 13.3 0 -6.53 15.7 0 -5.61
4 16 17.51 0 -5.68 13.3 0 -6.53 28.85 0 -6.52 19.12 0 -5.68
4 16 29.13 0 -5.72 28.72 0 -5.65 19.53 0 -5.51 28.85 0 -6.52
3 16 19.12 0 -5.68 28.85 0 -6.52 19.53 0 -5.51
4 16 14.96 0 -5.11 14.91 0 -5.51 15.7 0 -5.61 15.6 0 -5.2
4 16 17.97 0 -5.11 17.92 0 -5.51 18.71 0 -5.61 18.61 0 -5.2
4 16 17.92 0 -5.51 17.51 0 -5.68 19.12 0 -5.68 18.71 0 -5.61
3 16 16.11 0 -5.68 15.7 0 -5.61 13.3 0 -6.53
4 16 16.57 0 -5.11 16.52 0 -5.51 17.1 0 -5.61 17 0 -5.2
3 16 17.1 0 -5.61 16.52 0 -5.51 16.11 0 -5.68
4 16 14.67 0 -4.79 14.96 0 -5.11 15.6 0 -5.2 15.86 0 -4.86
4 16 14.67 0 -4.79 15.86 0 -4.86 16.29 0 -4.79 13.43 0 -4.26
4 16 13.99 0 -5.2 14.25 0 -4.86 13.43 0 -4.26 13.26 0 -4.98
3 16 14.25 0 -4.86 14.67 0 -4.79 13.43 0 -4.26
3 16 29.31 0 -4.83 29.6 0 -5.15 35.28 0 -4.32
4 16 19.3 0 -4.79 19.58 0 -5.11 28.62 0 -5.24 28.89 0 -4.9
4 16 13.43 0 -4.26 19.3 0 -4.79 29.31 0 -4.83 35.28 0 -4.32
3 16 28.89 0 -4.9 29.31 0 -4.83 19.3 0 -4.79
4 16 17 0 -5.2 17.26 0 -4.86 16.29 0 -4.79 16.57 0 -5.11
4 16 18.87 0 -4.86 19.3 0 -4.79 13.43 0 -4.26 17.68 0 -4.79
4 16 18.61 0 -5.2 18.87 0 -4.86 17.68 0 -4.79 17.97 0 -5.11
4 16 13.43 0 -4.26 16.29 0 -4.79 17.26 0 -4.86 17.68 0 -4.79
3 16 26.58 0 -7.37 27.4 0 -6.94 13.35 0 -6.92
4 16 26.58 0 -7.37 13.35 0 -6.92 13.31 0 -8.85 22.08 0 -8.83
4 16 39.81 0 -2.74 40.44 0 -2 40.74 0 -.67 38.38 0 -.64
3 16 38.38 0 -.64 37.81 0 -.77 37.7 0 -1.08
3 16 37.7 0 -1.08 37.74 0 -3.31 38.9 0 -3.22
4 16 -10.96 0 7.68 -12.05 0 5.52 -6.23 0 -2.68 -6.14 0 8.27
3 16 -6.14 0 8.27 -10.27 0 8.29 -10.96 0 7.68
3 16 -12.05 0 5.52 -10.96 0 7.68 -11.77 0 6.59
4 16 -11.99 0 -.51 -11.76 0 -1.09 -10.47 0 -2.51 -9.37 0 -2.67
4 16 -5.62 0 8.2 -5.61 0 -2.63 1.83 0 -2.68 1.89 0 8.21
4 16 2.2 0 -3.11 1.21 0 -3.26 1.27 0 -11.59 4.37 0 -9.99
3 16 .98 0 -14.45 -.02 0 -15.02 -.07 0 -15.43
3 16 1.27 0 -11.59 .98 0 -14.45 3.71 0 -12.34
4 16 3.71 0 -12.34 4.26 0 -11.01 4.37 0 -9.99 1.27 0 -11.59
3 16 4.37 0 -9.99 4.44 0 8.66 2.2 0 -3.11
4 16 -.89 0 -15.53 -.99 0 -15.11 -6.38 0 -14.66 -.92 0 -16.51
3 16 -.48 0 -15.6 -.89 0 -15.53 -.92 0 -16.51
3 16 -.49 0 -16.88 .98 0 -14.45 -.07 0 -15.43
4 16 -8.02 0 -14.42 -9.25 0 -14.11 -10.61 0 -17.01 -8.88 0 -16.46
4 16 -8.02 0 -14.42 -8.88 0 -16.46 -8.26 0 -16.61 -7.76 0 -14.72
4 16 -3.31 0 -20.35 -2.43 0 -16.5 -7.76 0 -14.72 -8.26 0 -16.61
4 16 -2.88 0 -20.76 -2.69 0 -21.26 -1.61 0 -21.69 -1.16 0 -20.33
3 16 -2.43 0 -16.5 -3.31 0 -20.35 -1.06 0 -16.89
3 16 -3.31 0 -20.35 -2.88 0 -20.76 -1.16 0 -20.33
4 16 .98 0 -14.45 -.49 0 -16.88 -1.16 0 -20.33 3.71 0 -12.34
3 16 -8.63 0 -16.87 -8.88 0 -16.46 -10.61 0 -17.01
4 16 -11.11 0 -22.7 -10.93 0 -22.31 -12.21 0 -19.79 -13.96 0 -22.47
4 16 -8.63 0 -16.87 -10.61 0 -17.01 -12.21 0 -19.79 -7.92 0 -17.51
4 16 -7.92 0 -17.51 -12.21 0 -19.79 -10.93 0 -22.31 -10.51 0 -22.21
4 16 -10.14 0 -22.42 -5.1 0 -22.38 -3.49 0 -20.85 -7.92 0 -17.51
3 16 -10.14 0 -22.42 -7.92 0 -17.51 -10.51 0 -22.21
4 16 -1.64 0 -23.47 -1.61 0 -21.69 -2.69 0 -21.26 -2.7 0 -22.25
3 16 -2.69 0 -21.26 -3.49 0 -20.85 -2.7 0 -22.25
3 16 -3.49 0 -20.85 -5.1 0 -22.38 -4.68 0 -22.28
4 16 -5.1 0 -22.38 -10.14 0 -22.42 -10.11 0 -22.84 -5.28 0 -22.77
4 16 -4.28 0 -22.92 -3.57 0 -23.17 -2.7 0 -22.25 -4.31 0 -22.49
3 16 -7.91 0 -29.73 -7.13 0 -30.31 -4.33 0 -29.25
4 16 -2.7 0 -22.25 -2.98 0 -23.22 -2.24 0 -24.91 -1.64 0 -23.47
3 16 -6.69 0 -33.43 -4.33 0 -29.25 -7.13 0 -30.31
4 16 -7.91 0 -29.73 -4.33 0 -29.25 -2.24 0 -24.91 -2.98 0 -23.22
4 16 -11.55 0 -36.78 -12.23 0 -37.41 -12.87 0 -40.75 -9.54 0 -37.3
4 16 -13.12 0 -36.91 -17.01 0 -42.37 -16.69 0 -43.64 -12.87 0 -40.75
3 16 -18.04 0 -43.07 -16.69 0 -43.64 -17.01 0 -42.37
3 16 -20.07 0 -42.52 -19.53 0 -43.81 -18.04 0 -43.07
4 16 -17.88 0 -41.17 -18.25 0 -40.96 -20.07 0 -42.52 -18.04 0 -43.07
4 16 -18.04 0 -43.07 -15.44 0 -39.43 -17.29 0 -40.68 -17.47 0 -41.07
3 16 -17.47 0 -41.07 -17.88 0 -41.17 -18.04 0 -43.07
4 16 -9.54 0 -37.3 -6.69 0 -33.43 -7.13 0 -30.31 -11.55 0 -36.78
4 16 -12.87 0 -40.75 -12.23 0 -37.41 -12.64 0 -37.04 -13.12 0 -36.91
3 16 -22.81 0 -43.78 -23.13 0 -44.07 -21.14 0 -44.73
4 16 -18.04 0 -43.07 -19.53 0 -43.81 -19.73 0 -44.07 -16.69 0 -43.64
4 16 -20.43 0 -43.01 -21.14 0 -44.73 -20.88 0 -45.93 -19.73 0 -44.07
3 16 -20.88 0 -45.93 -16.69 0 -43.64 -19.73 0 -44.07
3 16 -25.11 0 -42.3 -25.28 0 -41.89 -25.93 0 -44.71
4 16 -23.53 0 -44.01 -23.7 0 -43.6 -24.7 0 -42.35 -25.93 0 -44.71
3 16 -24.7 0 -42.35 -25.11 0 -42.3 -25.93 0 -44.71
3 16 -22.42 0 -45.26 -25.88 0 -45.28 -26 0 -46.13
4 16 -22.42 0 -45.26 -26 0 -46.13 -26.41 0 -46.28 -25.43 0 -47.37
3 16 -20.88 0 -45.93 -21.14 0 -44.73 -21.47 0 -44.99
4 16 -25.43 0 -47.37 -20.88 0 -45.93 -21.47 0 -44.99 -22.42 0 -45.26
3 16 -30.15 0 -48.1 -25.43 0 -47.37 -26.41 0 -46.28
3 16 -39.69 0 -48.07 -34.92 0 -48.33 -42.73 0 -46.28
4 16 -42.73 0 -46.28 -34.92 0 -48.33 -30.15 0 -48.1 -26.41 0 -46.28
4 16 -43.21 0 -45.25 -47.04 0 -45.21 -48.94 0 -45.81 -44.39 0 -47.25
3 16 -47.04 0 -45.21 -48.28 0 -44.74 -48.94 0 -45.81
3 16 -43.13 0 -46.14 -43.21 0 -45.25 -44.39 0 -47.25
4 16 -39.69 0 -48.07 -42.73 0 -46.28 -43.13 0 -46.14 -44.39 0 -47.25
3 16 -43.89 0 -40.21 -43.82 0 -40.63 -43.19 0 -35.89
4 16 -45.4 0 -40.21 -44.64 0 -40.05 -44.23 0 -39.95 -45.74 0 -39.95
4 16 -43.89 0 -40.21 -43.19 0 -35.89 -44.96 0 -35.39 -44.23 0 -39.95
4 16 -44.64 0 -40.05 -45.4 0 -40.21 -45.33 0 -40.63 -44.71 0 -40.46
3 16 -44.23 0 -39.95 -44.96 0 -35.39 -45.74 0 -39.95
3 16 -46.15 0 -40.05 -45.74 0 -39.95 -44.96 0 -35.39
3 16 -48.9 0 -43.14 -46.22 0 -40.46 -46.15 0 -40.05
4 16 -43.48 0 -34.24 -44.88 0 -35.1 -44.96 0 -35.39 -43.19 0 -35.89
3 16 -44.96 0 -35.39 -48.9 0 -43.14 -46.15 0 -40.05
4 16 -43.19 0 -35.89 -42.78 0 -36.1 -40.46 0 -35.26 -43.48 0 -34.24
3 16 -37.32 0 -35.7 -40.46 0 -35.26 -39.95 0 -36.68
4 16 -39.71 0 -44.27 -34.13 0 -35.78 -37.32 0 -35.7 -39.66 0 -37.9
3 16 -40.46 0 -35.26 -42.78 0 -36.1 -42.61 0 -36.75
3 16 -37.32 0 -35.7 -39.95 0 -36.68 -39.66 0 -37.9
4 16 -39.95 0 -36.68 -40.46 0 -35.26 -42.61 0 -36.75 -40.26 0 -37.11
4 16 -40.21 0 -44.01 -40.26 0 -37.11 -42.61 0 -36.75 -42.68 0 -43.97
4 16 -22.25 0 -34.3 -22.39 0 -33.98 -24.89 0 -33.86 -24.18 0 -34.98
4 16 -26.34 0 -36.08 -25.95 0 -35.89 -24.89 0 -33.86 -27.83 0 -35.1
4 16 -22.25 0 -34.3 -20.4 0 -36.49 -20.12 0 -36.8 -15.44 0 -39.43
4 16 -39.58 0 -45.78 -30.06 0 -45.77 -29.93 0 -43 -39.71 0 -44.27
4 16 -30.96 0 -35.63 -34.13 0 -35.78 -29.93 0 -43 -29.99 0 -37.03
3 16 -20.83 0 -36.37 -20.4 0 -36.49 -22.25 0 -34.3
4 16 -20.83 0 -36.37 -22.25 0 -34.3 -23.26 0 -36.14 -21.12 0 -36.66
4 16 -23.22 0 -41.48 -23.95 0 -36.04 -24.46 0 -40.03 -24.4 0 -40.45
4 16 -24.89 0 -33.86 -25.95 0 -35.89 -23.95 0 -36.04 -24.18 0 -34.98
4 16 -25.95 0 -35.89 -24.8 0 -39.77 -24.46 0 -40.03 -23.95 0 -36.04
3 16 -24.18 0 -34.98 -23.26 0 -36.14 -22.25 0 -34.3
3 16 -39.71 0 -44.27 -29.93 0 -43 -34.13 0 -35.78
4 16 -27.83 0 -35.1 -30.96 0 -35.63 -29.83 0 -36.85 -29.44 0 -36.77
3 16 -29.99 0 -37.03 -29.83 0 -36.85 -30.96 0 -35.63
4 16 -26.52 0 -36.62 -29.44 0 -36.77 -29.43 0 -44.03 -26.5 0 -43.95
3 16 -25.22 0 -39.87 -24.8 0 -39.77 -25.95 0 -35.89
3 16 -25.95 0 -35.89 -25.29 0 -40.28 -25.22 0 -39.87
4 16 -26.34 0 -36.08 -27.83 0 -35.1 -29.44 0 -36.77 -26.52 0 -36.62
4 16 -45.65 0 -40.92 -44.54 0 -40.87 -44.71 0 -40.46 -45.33 0 -40.63
4 16 -43.19 0 -35.89 -43.82 0 -40.63 -43.87 0 -43.34 -43.19 0 -44.7
4 16 -45.72 0 -43.08 -44.63 0 -43.18 -44.54 0 -40.87 -45.65 0 -40.92
3 16 -46.05 0 -40.87 -46.22 0 -40.46 -48.9 0 -43.14
4 16 -46.14 0 -43.18 -45.72 0 -43.08 -45.65 0 -40.92 -46.05 0 -40.87
4 16 -46.21 0 -43.59 -46.14 0 -43.18 -46.05 0 -40.87 -48.9 0 -43.14
3 16 -43.81 0 -43.76 -43.19 0 -44.7 -43.87 0 -43.34
4 16 -44.13 0 -40.92 -44.54 0 -40.87 -44.63 0 -43.18 -44.21 0 -43.08
3 16 -45.72 0 -43.08 -45.38 0 -43.34 -44.63 0 -43.18
4 16 -43.82 0 -40.63 -44.13 0 -40.92 -44.21 0 -43.08 -43.87 0 -43.34
4 16 -45.63 0 -44.05 -44.53 0 -44 -44.7 0 -43.59 -45.32 0 -43.76
3 16 -43.19 0 -44.7 -43.81 0 -43.76 -44.12 0 -44.05
4 16 -45.63 0 -44.05 -43.19 0 -44.7 -44.12 0 -44.05 -44.53 0 -44
4 16 -46.04 0 -44 -46.21 0 -43.59 -48.9 0 -43.14 -48.28 0 -44.74
3 16 -48.9 0 -43.14 -49.14 0 -43.84 -48.28 0 -44.74
4 16 -46.04 0 -44 -48.28 0 -44.74 -43.19 0 -44.7 -45.63 0 -44.05
3 16 -53.08 0 -43.41 -48.94 0 -45.81 -49.57 0 -44.21
4 16 -48.94 0 -45.81 -48.28 0 -44.74 -49.14 0 -43.84 -49.57 0 -44.21
4 16 -53.08 0 -43.41 -49.57 0 -44.21 -49.64 0 -43.69 -51.08 0 -43.23
4 16 -51.08 0 -43.23 -49.64 0 -43.69 -50.84 0 -40.7 -51.08 0 -41.07
3 16 -65.33 0 -28.85 -62.88 0 -32.98 -62.11 0 -30.29
4 16 -67.06 0 -22.58 -67.9 0 -21.3 -69.57 0 -20.22 -67.56 0 -24.59
4 16 -67.06 0 -22.58 -67.56 0 -24.59 -65.33 0 -28.85 -61.58 0 -29.43
3 16 -67.9 0 -21.3 -68.12 0 -20.62 -69.57 0 -20.22
4 16 -65.33 0 -28.85 -62.11 0 -30.29 -61.36 0 -29.82 -61.58 0 -29.43
4 16 -60.07 0 -36.87 -61.99 0 -30.52 -62.11 0 -30.29 -62.88 0 -32.98
3 16 -51.08 0 -41.07 -51.46 0 -41.24 -51.08 0 -43.23
4 16 -51.46 0 -41.24 -51.78 0 -40.95 -53.26 0 -40.15 -51.08 0 -43.23
4 16 -53.08 0 -43.41 -51.65 0 -43.06 -56 0 -37.13 -56.76 0 -40.35
3 16 -56 0 -37.13 -56.26 0 -36.9 -56.7 0 -37.29
3 16 -51.08 0 -43.23 -51.65 0 -43.06 -53.08 0 -43.41
4 16 -56.76 0 -40.35 -57.11 0 -37.44 -61.99 0 -30.52 -60.07 0 -36.87
3 16 -68.12 0 -20.62 -67.26 0 -21.59 -67.02 0 -21.47
4 16 -62.69 0 -17.28 -63.78 0 -17.82 -64.02 0 -18.19 -60.83 0 -16.55
4 16 -64.02 0 -18.19 -64.4 0 -18.36 -65.04 0 -18.67 -65.28 0 -19.04
4 16 -69.57 0 -20.22 -68.12 0 -20.62 -67.31 0 -19.82 -68.3 0 -18.43
4 16 -60.83 0 -16.55 -64.02 0 -18.19 -65.28 0 -19.04 -67.02 0 -21.47
4 16 -66.55 0 -19.21 -66.37 0 -19.57 -65.66 0 -19.21 -65.98 0 -18.92
4 16 -66.62 0 -19.94 -67.02 0 -21.47 -65.28 0 -19.04 -65.66 0 -19.21
3 16 -67.31 0 -19.82 -68.12 0 -20.62 -67 0 -20.11
3 16 -65.66 0 -19.21 -66.37 0 -19.57 -66.62 0 -19.94
4 16 -67.28 0 -19.4 -67.98 0 -18.72 -68.3 0 -18.43 -67.31 0 -19.82
4 16 -66.97 0 -19.11 -67.6 0 -18.55 -67.98 0 -18.72 -67.28 0 -19.4
4 16 -64.4 0 -18.36 -64.72 0 -18.07 -65.22 0 -18.3 -65.04 0 -18.67
3 16 -65.63 0 -18.2 -65.22 0 -18.3 -64.72 0 -18.07
3 16 -67.36 0 -18.18 -67.6 0 -18.55 -66.97 0 -19.11
3 16 -65.63 0 -18.2 -64.72 0 -18.07 -67.36 0 -18.18
4 16 -66.97 0 -19.11 -66.55 0 -19.21 -65.98 0 -18.92 -65.95 0 -18.49
4 16 -64.72 0 -18.07 -64.69 0 -17.64 -67.54 0 -17.81 -67.36 0 -18.18
4 16 -67.96 0 -17.71 -67.54 0 -17.81 -64.69 0 -17.64 -64.38 0 -17.35
4 16 -68.27 0 -18 -69.58 0 -17.33 -69.57 0 -20.22 -68.3 0 -18.43
4 16 -69.61 0 -16.98 -71.21 0 -15.69 -69.57 0 -20.22 -69.58 0 -17.33
3 16 -60.83 0 -16.55 -62.44 0 -16.91 -62.69 0 -17.28
3 16 -69.58 0 -17.33 -68.27 0 -18 -67.96 0 -17.71
3 16 -62.69 0 -17.28 -63.07 0 -17.45 -63.78 0 -17.82
4 16 -63.96 0 -17.45 -63.78 0 -17.82 -63.07 0 -17.45 -63.38 0 -17.16
4 16 -67.96 0 -17.71 -64.38 0 -17.35 -63.38 0 -17.16 -69.58 0 -17.33
4 16 -59.19 0 -14.78 -60.11 0 -11.7 -61.27 0 -12.33 -60.85 0 -14.3
4 16 -69.94 0 -15.54 -62.38 0 -14.56 -61.75 0 -12.46 -69.91 0 -12.53
4 16 -60.85 0 -14.3 -61.27 0 -12.33 -61.75 0 -12.46 -60.99 0 -14.2
3 16 -60.99 0 -14.2 -61.75 0 -12.46 -62.38 0 -14.56
3 16 -69.45 0 -16.82 -62.38 0 -14.56 -69.94 0 -15.54
4 16 -69.45 0 -16.82 -69.94 0 -15.54 -71.21 0 -15.69 -69.61 0 -16.98
4 16 -72.31 0 -11.01 -70.4 0 -4.04 -72.02 0 -4.01 -73.03 0 -6.24
4 16 -73.47 0 -1.45 -73.03 0 -6.24 -72.02 0 -4.01 -72.13 0 -3.34
4 16 -73.63 0 3.37 -73.47 0 -1.45 -72.13 0 -3.34 -72.24 0 1.13
3 16 -70.37 0 -14.41 -70.4 0 -4.04 -72.31 0 -11.01
3 16 -71.21 0 -15.69 -69.94 0 -15.54 -70.25 0 -15.07
4 16 -62.37 0 -12.04 -62.85 0 -9.9 -69.91 0 -9.94 -69.9 0 -12.02
4 16 -60.11 0 -11.7 -61.92 0 -9.74 -62.37 0 -12.04 -61.27 0 -12.33
3 16 -61.92 0 -9.74 -62.85 0 -9.9 -62.37 0 -12.04
4 16 -62.05 0 -9.45 -61.92 0 -9.74 -60.11 0 -11.7 -60.79 0 -8.57
3 16 -63.45 0 -7.95 -63.5 0 -8.35 -62.33 0 -9.4
3 16 -60.79 0 -8.57 -62.33 0 -9.4 -62.05 0 -9.45
3 16 -63.5 0 -8.35 -63.91 0 -8.52 -62.33 0 -9.4
4 16 -64.32 0 -8.45 -64.42 0 -8.03 -65.06 0 -7.95 -65.11 0 -8.35
4 16 -65.53 0 -8.52 -62.33 0 -9.4 -63.91 0 -8.52 -64.32 0 -8.45
4 16 -69.95 0 -7.31 -69.9 0 -9.32 -69.07 0 -8.45 -69.17 0 -8.03
4 16 -67.04 0 -8.52 -69.9 0 -9.32 -62.33 0 -9.4 -65.53 0 -8.52
3 16 -64.32 0 -8.45 -65.11 0 -8.35 -65.53 0 -8.52
3 16 -68.66 0 -8.52 -69.07 0 -8.45 -69.9 0 -9.32
4 16 -69.9 0 -9.32 -67.45 0 -8.45 -68.24 0 -8.35 -68.66 0 -8.52
4 16 -65.94 0 -8.45 -66.03 0 -8.03 -66.58 0 -7.95 -66.63 0 -8.35
4 16 -66.63 0 -8.35 -67.04 0 -8.52 -65.53 0 -8.52 -65.94 0 -8.45
4 16 -68.19 0 -7.95 -68.24 0 -8.35 -67.45 0 -8.45 -67.55 0 -8.03
3 16 -67.04 0 -8.52 -67.45 0 -8.45 -69.9 0 -9.32
4 16 -57.31 0 -13.44 -57.38 0 -12.77 -59.77 0 -9.92 -58.82 0 -13.69
4 16 -59.77 0 -9.92 -56.45 0 -8.27 -56.43 0 -7.16 -60.4 0 -6.1
3 16 -58.82 0 -13.69 -57.54 0 -17.34 -57.31 0 -13.44
3 16 -57.54 0 -17.34 -55.34 0 -18.08 -55.26 0 -17.66
4 16 -56.46 0 -13.21 -57.54 0 -17.34 -55.26 0 -17.66 -54.9 0 -17.46
3 16 -57.31 0 -13.44 -57.54 0 -17.34 -56.46 0 -13.21
3 16 -56.43 0 -7.16 -56.45 0 -8.27 -56.33 0 -7.58
3 16 -54.9 0 -17.46 -54.52 0 -17.69 -56.46 0 -13.21
4 16 -55.45 0 -7.07 -55.51 0 -7.48 -54.72 0 -7.58 -54.82 0 -7.16
4 16 -56.45 0 -8.27 -54.72 0 -7.58 -55.51 0 -7.48 -55.92 0 -7.65
3 16 -54.31 0 -7.65 -54.72 0 -7.58 -56.45 0 -8.27
3 16 -54.52 0 -17.69 -52.27 0 -19.31 -56.46 0 -13.21
3 16 -57.38 0 -12.77 -56.71 0 -12.73 -56.54 0 -12.33
4 16 -56.45 0 -8.27 -59.77 0 -9.92 -57.38 0 -12.77 -56.54 0 -12.33
4 16 -53.84 0 -7.07 -53.9 0 -7.48 -53.2 0 -7.58 -53.3 0 -7.16
4 16 -53.9 0 -7.48 -54.31 0 -7.65 -52.79 0 -7.65 -53.2 0 -7.58
4 16 -52.32 0 -7.07 -52.38 0 -7.48 -51.59 0 -7.58 -51.69 0 -7.16
3 16 -51.18 0 -7.65 -51.59 0 -7.58 -50.17 0 -8.25
4 16 -52.38 0 -7.48 -52.79 0 -7.65 -50.17 0 -8.25 -51.59 0 -7.58
4 16 -50.24 0 -5.84 -50.71 0 -7.07 -50.76 0 -7.48 -50.17 0 -8.25
3 16 -50.17 0 -8.25 -50.76 0 -7.48 -51.18 0 -7.65
4 16 -54.31 0 -7.65 -56.45 0 -8.27 -50.17 0 -8.25 -52.79 0 -7.65
4 16 -47.76 0 -6.37 -47.86 0 -5.95 -49.59 0 -7 -48.68 0 -7.16
4 16 -44.22 0 -6.44 -45.74 0 -6.44 -48.68 0 -7.16 -42.48 0 -7.17
3 16 -40.09 0 -7.13 -42.14 0 -5.87 -42.2 0 -6.27
4 16 -40.09 0 -7.13 -42.2 0 -6.27 -42.61 0 -6.44 -42.48 0 -7.17
3 16 -47.35 0 -6.44 -47.76 0 -6.37 -48.68 0 -7.16
4 16 -43.02 0 -6.37 -43.12 0 -5.95 -43.76 0 -5.87 -43.81 0 -6.27
4 16 -42.61 0 -6.44 -43.02 0 -6.37 -43.81 0 -6.27 -42.48 0 -7.17
3 16 -44.22 0 -6.44 -42.48 0 -7.17 -43.81 0 -6.27
4 16 -46.89 0 -5.87 -46.94 0 -6.27 -46.15 0 -6.37 -46.25 0 -5.95
3 16 -45.74 0 -6.44 -46.15 0 -6.37 -48.68 0 -7.16
4 16 -46.94 0 -6.27 -47.35 0 -6.44 -48.68 0 -7.16 -46.15 0 -6.37
4 16 -45.27 0 -5.87 -45.33 0 -6.27 -44.63 0 -6.37 -44.73 0 -5.95
3 16 -44.41 0 1 -42.63 0 -.58 -42.35 0 -.27
3 16 -40.83 0 1.06 -44.41 0 1 -42.35 0 -.27
4 16 -40.23 0 -1.05 -38.74 0 -.6 -39.23 0 .1 -40.05 0 -.67
4 16 -42.35 0 -.27 -41.92 0 -.33 -40.73 0 -.27 -40.83 0 1.06
4 16 -40.73 0 -.27 -41.92 0 -.33 -41.66 0 -.67 -41.02 0 -.58
4 16 -39.69 0 .9 -40.83 0 1.06 -40.73 0 -.27 -40.31 0 -.33
4 16 -39.7 0 4.12 -44.52 0 4.15 -44.57 0 1.37 -39.86 0 2.7
3 16 -44.57 0 1.37 -39.7 0 1.37 -39.86 0 2.7
4 16 -41.92 0 5.93 -42.35 0 5.86 -44.43 0 4.52 -39.63 0 4.55
4 16 -40.73 0 5.86 -39.63 0 4.55 -39.05 0 5.37 -40.31 0 5.93
4 16 -40.31 0 5.93 -39.05 0 5.37 -38.88 0 6.15 -40.05 0 6.26
3 16 -42.35 0 5.86 -42.63 0 6.18 -44.43 0 4.52
4 16 -41.02 0 6.18 -41.92 0 5.93 -39.63 0 4.55 -40.73 0 5.86
3 16 -41.76 0 6.68 -41.66 0 6.26 -40.88 0 6.58
4 16 -41.92 0 5.93 -41.02 0 6.18 -40.88 0 6.58 -41.66 0 6.26
4 16 -42.35 0 7.24 -42.17 0 6.75 -41.76 0 6.68 -41.92 0 7.3
3 16 -41.92 0 7.3 -41.76 0 6.68 -41.66 0 7.64
4 16 -41.76 0 6.68 -40.88 0 6.58 -40.56 0 6.69 -41.66 0 7.64
4 16 -44.43 0 4.52 -42.63 0 6.18 -42.58 0 6.58 -43.43 0 7.35
4 16 -42.35 0 7.24 -42.63 0 7.55 -43.43 0 7.35 -42.58 0 6.58
3 16 -42.58 0 6.58 -42.17 0 6.75 -42.35 0 7.24
4 16 -40.23 0 6.64 -39.52 0 8.32 -41.66 0 7.64 -40.56 0 6.69
3 16 -38.97 0 6.82 -39.52 0 8.32 -40.23 0 6.64
4 16 -28.16 0 3.85 -27.96 0 2.6 -26.86 0 1.95 -26.84 0 3.47
3 16 -26.84 0 3.47 -27.24 0 4.92 -28.16 0 3.85
4 16 -28.16 0 3.85 -27.24 0 4.92 -28.1 0 6.17 -28.71 0 4.98
4 16 -29.4 0 7.07 -29.67 0 5.79 -28.71 0 4.98 -28.1 0 6.17
4 16 -29.67 0 5.79 -29.4 0 7.07 -31.17 0 7.48 -31.18 0 6.38
4 16 -28.24 0 1.38 -28.95 0 .35 -28.2 0 -.72 -27.32 0 .51
4 16 -27.96 0 2.6 -28.24 0 1.38 -27.32 0 .51 -26.86 0 1.95
4 16 -29.95 0 -.42 -31.11 0 -.94 -31.18 0 -1.96 -29.49 0 -1.59
4 16 -29.49 0 -1.59 -28.2 0 -.72 -28.95 0 .35 -29.95 0 -.42
4 16 -34.47 0 -2.02 -31.54 0 -1.96 -31.56 0 -.95 -34.42 0 -.89
4 16 -31.1 0 -6.15 -30.84 0 -6.48 -29.74 0 -6.54 -29.72 0 -5.67
4 16 -32.64 0 -2.53 -32.78 0 -3.16 -29.72 0 -5.67 -30.05 0 -2.27
4 16 -31.76 0 -6.8 -31.82 0 -6.4 -32.78 0 -3.16 -32.71 0 -8.56
3 16 -32.78 0 -3.16 -31.82 0 -6.4 -31.53 0 -6.08
4 16 -32.78 0 -3.16 -31.53 0 -6.08 -31.1 0 -6.15 -29.72 0 -5.67
4 16 -29.74 0 -6.54 -30.84 0 -6.48 -30.94 0 -6.9 -29.97 0 -7.12
4 16 -31.35 0 -6.97 -31.76 0 -6.8 -32.71 0 -8.56 -32.16 0 -8.42
4 16 -29.97 0 -7.12 -30.94 0 -6.9 -31.35 0 -6.97 -32.16 0 -8.42
4 16 -19.53 0 -5.18 -24.42 0 -5.86 -24.47 0 -6.27 -19.53 0 -7.15
3 16 -26.91 0 -6.36 -27 0 -5.95 -29.15 0 -7.1
3 16 -26.5 0 -6.43 -26.91 0 -6.36 -29.15 0 -7.1
3 16 -19.53 0 -7.15 -24.47 0 -6.27 -24.88 0 -6.43
4 16 -26.03 0 -5.86 -26.08 0 -6.27 -25.29 0 -6.36 -25.39 0 -5.95
4 16 -26.5 0 -6.43 -29.15 0 -7.1 -19.53 0 -7.15 -24.88 0 -6.43
4 16 -26.32 0 -5.55 -26.03 0 -5.86 -25.39 0 -5.95 -25.13 0 -5.61
4 16 -26.74 0 -5.61 -26.7 0 -4.62 -29.15 0 -7.1 -27 0 -5.95
4 16 -24.71 0 -5.55 -24.64 0 -4.21 -25.96 0 -4.23 -25.13 0 -5.61
3 16 -26.7 0 -4.62 -26.74 0 -5.61 -26.32 0 -5.55
4 16 -25.13 0 -5.61 -25.96 0 -4.23 -26.7 0 -4.62 -26.32 0 -5.55
4 16 -19.53 0 -5.18 -20.44 0 -4.81 -22.07 0 -4.5 -24.42 0 -5.86
4 16 -24.71 0 -5.55 -24.42 0 -5.86 -22.07 0 -4.5 -24.64 0 -4.21
4 16 -21.12 0 -3.14 -21.22 0 -2.73 -24.26 0 -1.76 -24.26 0 -3.67
3 16 -24.26 0 -1.76 -21.22 0 -2.73 -20.96 0 -2.39
3 16 -15.79 0 -2.33 -15.5 0 -2.64 -14.69 0 -1.76
4 16 -17.4 0 -2.33 -17.11 0 -2.64 -16.48 0 -2.73 -16.21 0 -2.39
3 16 -24.26 0 -1.76 -20.96 0 -2.39 -20.53 0 -2.33
4 16 -19.61 0 -2.73 -19.34 0 -2.39 -20.53 0 -2.33 -20.24 0 -2.64
4 16 -15.79 0 -2.33 -14.69 0 -1.76 -17.4 0 -2.33 -16.21 0 -2.39
4 16 -24.26 0 -1.76 -20.53 0 -2.33 -19.34 0 -2.39 -18.92 0 -2.33
4 16 -18.92 0 -2.33 -18.63 0 -2.64 -18.09 0 -2.73 -17.82 0 -2.39
3 16 -17.82 0 -2.39 -17.4 0 -2.33 -18.92 0 -2.33
4 16 -14.69 0 -5.31 -14.69 0 -1.76 -15.5 0 -2.64 -15.55 0 -3.05
4 16 -14.69 0 -5.31 -20.71 0 -3.21 -21.12 0 -3.14 -24.26 0 -3.67
3 16 -14.69 0 -5.31 -15.55 0 -3.05 -15.97 0 -3.21
4 16 -16.38 0 -3.14 -16.48 0 -2.73 -17.11 0 -2.64 -17.17 0 -3.05
3 16 -20.3 0 -3.05 -20.71 0 -3.21 -19.51 0 -3.14
4 16 -15.97 0 -3.21 -16.38 0 -3.14 -17.58 0 -3.21 -14.69 0 -5.31
3 16 -16.38 0 -3.14 -17.17 0 -3.05 -17.58 0 -3.21
4 16 -20.24 0 -2.64 -20.3 0 -3.05 -19.51 0 -3.14 -19.61 0 -2.73
4 16 -14.69 0 -5.31 -19.1 0 -3.21 -19.51 0 -3.14 -20.71 0 -3.21
4 16 -17.99 0 -3.14 -18.09 0 -2.73 -18.63 0 -2.64 -18.69 0 -3.05
3 16 -14.69 0 -5.31 -17.58 0 -3.21 -19.1 0 -3.21
4 16 -14.69 0 7.28 -14.69 0 8.74 -15.5 0 8.51 -15.55 0 8.11
4 16 -24.29 0 8.41 -24.24 0 7.31 -21.12 0 8.01 -21.22 0 8.43
3 16 -14.69 0 7.28 -15.55 0 8.11 -15.97 0 7.94
4 16 -16.38 0 8.01 -16.48 0 8.43 -17.11 0 8.51 -17.17 0 8.11
4 16 -17.58 0 7.94 -14.69 0 7.28 -15.97 0 7.94 -16.38 0 8.01
3 16 -20.71 0 7.94 -21.12 0 8.01 -24.24 0 7.31
4 16 -19.34 0 8.76 -20.24 0 8.51 -20.3 0 8.11 -19.61 0 8.43
4 16 -14.69 0 7.28 -19.1 0 7.94 -20.71 0 7.94 -24.24 0 7.31
3 16 -19.51 0 8.01 -19.61 0 8.43 -20.3 0 8.11
4 16 -20.3 0 8.11 -20.71 0 7.94 -19.1 0 7.94 -19.51 0 8.01
4 16 -18.63 0 8.51 -18.69 0 8.11 -17.99 0 8.01 -18.09 0 8.43
3 16 -19.1 0 7.94 -14.69 0 7.28 -17.58 0 7.94
3 16 -16.38 0 8.01 -17.17 0 8.11 -17.58 0 7.94
4 16 -5.59 0 -5.5 .73 0 -5.38 .73 0 -3.25 -5.58 0 -3.11
4 16 .7 0 -13.89 .72 0 -12.52 -.31 0 -13.33 -.02 0 -13.65
4 16 -1.92 0 -13.33 -1.63 0 -13.65 -.99 0 -13.73 -.73 0 -13.4
4 16 -1.92 0 -13.33 -.73 0 -13.4 -.31 0 -13.33 .72 0 -12.52
4 16 -3.44 0 -13.33 -1.92 0 -13.33 .72 0 -12.52 -5.97 0 -12.53
4 16 -2.61 0 -13.73 -2.34 0 -13.4 -3.44 0 -13.33 -3.15 0 -13.65
3 16 -2.34 0 -13.4 -1.92 0 -13.33 -3.44 0 -13.33
4 16 -5.47 0 -13.4 -5.97 0 -12.53 -7.16 0 -12.33 -5.74 0 -13.73
4 16 -5.05 0 -13.33 -3.86 0 -13.4 -3.44 0 -13.33 -5.97 0 -12.53
3 16 -5.05 0 -13.33 -5.97 0 -12.53 -5.47 0 -13.4
4 16 -7.16 0 -12.33 -6.13 0 -12.1 -8 0 -10.41 -8.1 0 -11.11
4 16 -4.12 0 -13.73 -3.86 0 -13.4 -5.05 0 -13.33 -4.76 0 -13.65
4 16 -1.63 0 -13.65 -1.69 0 -14.05 -.89 0 -14.15 -.99 0 -13.73
4 16 -2.1 0 -14.22 -.99 0 -15.11 -.89 0 -14.15 -1.69 0 -14.05
3 16 -.73 0 -14.77 -.89 0 -14.15 -.99 0 -15.11
4 16 -.02 0 -13.65 -.07 0 -14.05 .98 0 -14.45 .7 0 -13.89
3 16 -.02 0 -15.02 .98 0 -14.45 -.07 0 -14.05
4 16 -.48 0 -14.22 -.31 0 -14.71 -.02 0 -15.02 -.07 0 -14.05
4 16 -2.51 0 -14.15 -3.61 0 -14.22 -6.38 0 -14.66 -.99 0 -15.11
4 16 -4.02 0 -14.15 -5.23 0 -14.22 -6.38 0 -14.66 -3.61 0 -14.22
4 16 -.89 0 -14.15 -.73 0 -14.77 -.31 0 -14.71 -.48 0 -14.22
4 16 -7.16 0 -12.33 -9.25 0 -14.11 -8.02 0 -14.42 -5.74 0 -13.73
3 16 -8.02 0 -14.42 -7.31 0 -14.41 -5.74 0 -13.73
4 16 -7.31 0 -14.41 -6.38 0 -14.66 -5.64 0 -14.15 -5.74 0 -13.73
3 16 -5.23 0 -14.22 -5.64 0 -14.15 -6.38 0 -14.66
3 16 -2.1 0 -14.22 -2.51 0 -14.15 -.99 0 -15.11
4 16 -3.15 0 -13.65 -3.2 0 -14.05 -2.51 0 -14.15 -2.61 0 -13.73
3 16 -4.82 0 -14.05 -5.23 0 -14.22 -4.02 0 -14.15
3 16 -2.51 0 -14.15 -3.2 0 -14.05 -3.61 0 -14.22
4 16 -6.13 0 -12.1 .73 0 -12.02 -4.56 0 -5.76 -8 0 -10.41
3 16 .73 0 -12.02 .72 0 -5.87 -4.56 0 -5.76
3 16 -4.56 0 -5.76 -8.12 0 -5.96 -8.43 0 -6.5
4 16 -8.43 0 -6.5 -8.81 0 -8.16 -8.15 0 -9.87 -4.56 0 -5.76
3 16 -4.56 0 -5.76 -8.15 0 -9.87 -8 0 -10.41
4 16 -8.53 0 -10.13 -8.15 0 -9.87 -8.81 0 -8.16 -9.08 0 -8.77
3 16 -9.08 0 -8.77 -10.31 0 -9.01 -8.53 0 -10.13
4 16 -10.73 0 -9.08 -8.82 0 -10.63 -8.53 0 -10.13 -10.31 0 -9.01
4 16 -12.27 0 -12.82 -11.05 0 -8.8 -11.1 0 -8.38 -12.28 0 -5.82
3 16 -11.05 0 -8.8 -12.27 0 -12.82 -10.73 0 -9.08
4 16 -8.82 0 -10.63 -10.73 0 -9.08 -12.27 0 -12.82 -11.49 0 -12.98
4 16 -9.97 0 -13.8 -11.12 0 -13.31 -12.39 0 -13.35 -11.59 0 -17.31
4 16 -9.97 0 -13.8 -8.82 0 -10.63 -11.49 0 -12.98 -11.12 0 -13.31
3 16 -15.79 0 -23.81 -13.59 0 -20.62 -15.42 0 -20.89
4 16 -15.42 0 -20.89 -16.72 0 -22.77 -16.87 0 -23.22 -15.79 0 -23.81
3 16 -20.61 0 -29.83 -18.08 0 -26.92 -19.8 0 -27.08
3 16 -27.02 0 -34.02 -23.63 0 -32.24 -25.67 0 -31.99
3 16 -38.42 0 -34.88 -34.59 0 -35.14 -36.37 0 -33.71
4 16 -33.2 0 -33.51 -36.2 0 -33.33 -36.37 0 -33.71 -34.59 0 -35.14
3 16 -45.61 0 -32.31 -42.16 0 -34.02 -43.61 0 -31.97
3 16 -51.22 0 -27.05 -48.66 0 -29.94 -49.24 0 -27.33
4 16 -47.61 0 -26.41 -49.24 0 -27.33 -48.66 0 -29.94 -47.3 0 -26.65
3 16 -49.26 0 -27.02 -51.22 0 -27.05 -49.24 0 -27.33
4 16 -52.27 0 -19.31 -53.38 0 -19.36 -53.65 0 -19.69 -53.68 0 -20.39
3 16 -53.65 0 -19.69 -54.08 0 -19.68 -53.68 0 -20.39
3 16 -51.22 0 -27.05 -49.26 0 -27.02 -49.13 0 -26.75
3 16 -20.61 0 -29.83 -19.8 0 -27.08 -20.47 0 -26.97
4 16 -12.39 0 -13.35 -16.86 0 -19.35 -15.61 0 -20.26 -11.59 0 -17.31
4 16 -11.59 0 -17.31 -15.61 0 -20.26 -15.42 0 -20.89 -13.59 0 -20.62
4 16 -54.38 0 -19.37 -54.02 0 -20.54 -53.68 0 -20.39 -54.08 0 -19.68
4 16 -42.34 0 -21.69 -46.8 0 -15.83 -53.83 0 -20.96 -49.13 0 -26.75
4 16 -53.53 0 -23.95 -53.83 0 -20.96 -54.02 0 -20.54 -55.67 0 -20.73
3 16 -15.42 0 -20.89 -16.47 0 -20.27 -16.72 0 -22.77
4 16 -22.53 0 -15.79 -23.76 0 -17.62 -16.72 0 -22.77 -16.47 0 -20.27
4 16 -51.22 0 -27.05 -49.13 0 -26.75 -53.83 0 -20.96 -53.53 0 -23.95
4 16 -16.87 0 -23.22 -23.95 0 -18 -26.93 0 -21.69 -20.43 0 -26.3
3 16 -43.61 0 -31.97 -43.53 0 -30.97 -45.61 0 -32.31
4 16 -45.61 0 -32.31 -43.53 0 -30.97 -47.3 0 -26.65 -48.66 0 -29.94
4 16 -43.61 0 -31.97 -42.16 0 -34.02 -36.7 0 -31.32 -43.02 0 -31.34
4 16 -42.16 0 -34.02 -38.42 0 -34.88 -36.68 0 -33.09 -36.7 0 -31.32
4 16 -15.79 0 -23.81 -16.87 0 -23.22 -20.43 0 -26.3 -18.08 0 -26.92
3 16 -19.8 0 -27.08 -18.08 0 -26.92 -20.43 0 -26.3
3 16 -36.37 0 -33.71 -36.68 0 -33.09 -38.42 0 -34.88
3 16 -20.47 0 -26.97 -21.53 0 -26.2 -20.61 0 -29.83
4 16 -23.63 0 -32.24 -20.61 0 -29.83 -21.53 0 -26.2 -25.39 0 -30.72
3 16 -23.63 0 -32.24 -25.39 0 -30.72 -25.67 0 -31.99
4 16 -36.11 0 -24.97 -36.07 0 -31.52 -33.2 0 -33.51 -33.26 0 -24.91
3 16 -27.02 0 -34.02 -25.67 0 -31.99 -25.96 0 -31.84
3 16 -25.96 0 -31.84 -26.25 0 -31.32 -27.02 0 -34.02
4 16 -27.02 0 -34.02 -26.25 0 -31.32 -32.84 0 -31.32 -30.76 0 -34.89
3 16 -33.2 0 -33.51 -36.07 0 -31.52 -36.2 0 -33.33
3 16 -32.84 0 -31.32 -32.86 0 -33.6 -30.76 0 -34.89
3 16 -53.56 0 -18.99 -53.38 0 -19.36 -52.27 0 -19.31
4 16 -54.52 0 -17.69 -54.33 0 -18.06 -53.56 0 -18.99 -52.27 0 -19.31
4 16 -54.3 0 -18.96 -53.94 0 -18.76 -54.33 0 -18.06 -54.61 0 -18.39
4 16 -55.04 0 -18.38 -55.34 0 -18.08 -57.54 0 -17.34 -55.67 0 -20.73
3 16 -54.33 0 -18.06 -53.94 0 -18.76 -53.56 0 -18.99
4 16 -54.38 0 -19.37 -54.3 0 -18.96 -54.61 0 -18.39 -55.04 0 -18.38
4 16 -54.02 0 -20.54 -54.38 0 -19.37 -55.04 0 -18.38 -55.67 0 -20.73
3 16 -53.51 0 -15.92 -53.69 0 -16.36 -53.3 0 -17.1
4 16 -47.12 0 -15.41 -49.09 0 -12.69 -53.51 0 -15.92 -51.21 0 -18.58
4 16 -55.98 0 -12.9 -54.09 0 -15.71 -49.33 0 -12.2 -50.09 0 -11.13
4 16 -56.07 0 -12.31 -50.18 0 -10.6 -50.16 0 -8.84 -56.01 0 -8.79
3 16 -43.25 0 -13.44 -43.9 0 -11.3 -44.31 0 -11.47
3 16 -46.33 0 -11.4 -46.43 0 -10.98 -49.59 0 -10.65
3 16 -46.33 0 -11.4 -49.59 0 -10.65 -43.25 0 -13.44
4 16 -45.46 0 -10.89 -45.51 0 -11.3 -44.72 0 -11.4 -44.82 0 -10.98
3 16 -45.92 0 -11.47 -46.33 0 -11.4 -43.25 0 -13.44
3 16 -44.72 0 -11.4 -45.51 0 -11.3 -45.92 0 -11.47
4 16 -44.82 0 -10.98 -44.55 0 -10.64 -45.74 0 -10.58 -45.46 0 -10.89
4 16 -45.74 0 -10.58 -44.55 0 -10.64 -44.13 0 -10.58 -43.25 0 -7.67
4 16 -46.43 0 -10.98 -46.17 0 -10.64 -49.65 0 -7.69 -49.59 0 -10.65
4 16 -45.74 0 -10.58 -43.25 0 -7.67 -49.65 0 -7.69 -46.17 0 -10.64
4 16 -43.9 0 -11.3 -43.25 0 -13.44 -43.25 0 -7.67 -43.84 0 -10.89
4 16 -38 0 -8.32 -39.4 0 -7.71 -42.72 0 -7.67 -42.77 0 -10.5
3 16 -35.39 0 -17.86 -37.03 0 -17.91 -37.02 0 -20.9
4 16 -35.47 0 -10.53 -36.68 0 -9.06 -38 0 -8.32 -42.77 0 -10.5
4 16 -35.39 0 -17.86 -37.02 0 -20.9 -32.18 0 -20.85 -33.86 0 -17.86
3 16 -32.18 0 -20.85 -32.2 0 -17.93 -33.86 0 -17.86
4 16 -33.86 0 -17.86 -33.79 0 -10.66 -35.47 0 -10.53 -35.39 0 -17.86
3 16 -35.17 0 -9.3 -36.68 0 -9.06 -35.47 0 -10.53
4 16 -33.64 0 -9.32 -35.17 0 -9.3 -35.47 0 -10.53 -33.79 0 -10.66
4 16 -32.17 0 -8.96 -33.64 0 -9.32 -33.79 0 -10.66 -33.04 0 -10.5
3 16 -33.04 0 -10.5 -28.32 0 -10.56 -32.17 0 -8.96
4 16 -29.34 0 -7.67 -28.32 0 -10.56 -26.49 0 -10.43 -26.46 0 -7.68
4 16 -29.34 0 -7.67 -30.89 0 -8.13 -32.17 0 -8.96 -28.32 0 -10.56
4 16 -31.43 0 -13.79 -26.49 0 -13.76 -26.42 0 -11.5 -26.72 0 -11.04
4 16 -33.23 0 -11.02 -33.34 0 -17.53 -32.12 0 -17.51 -32.09 0 -13.93
4 16 -42.8 0 -11.88 -37.13 0 -13.84 -35.91 0 -11.03 -42.66 0 -11.03
3 16 -42.8 0 -11.88 -42.76 0 -13.81 -37.13 0 -13.84
4 16 -19.49 0 -10.14 -24.4 0 -10.96 -24.5 0 -11.38 -19.76 0 -10.79
4 16 -19.76 0 -10.79 -24.5 0 -11.38 -24.91 0 -11.45 -25.94 0 -13.52
4 16 -25.94 0 -7.66 -25.94 0 -13.52 -25.32 0 -11.28 -25.38 0 -10.87
4 16 -24.4 0 -10.96 -19.49 0 -10.14 -19.51 0 -7.64 -24.66 0 -10.62
4 16 -19.51 0 -7.64 -25.94 0 -7.66 -25.09 0 -10.56 -24.66 0 -10.62
3 16 -17.31 0 -11.54 -19.08 0 -11.13 -22.07 0 -15.41
3 16 -27.93 0 -22.29 -23.51 0 -16.38 -27.27 0 -18.3
4 16 -23.51 0 -16.38 -25.68 0 -14.56 -26.14 0 -14.43 -27.27 0 -18.3
3 16 -25.04 0 -28.16 -22.01 0 -25.75 -25.38 0 -27.9
4 16 -26.14 0 -26.99 -22.01 0 -25.75 -26.5 0 -22.48 -26.48 0 -26.72
4 16 -25.8 0 -27.94 -25.38 0 -27.9 -22.01 0 -25.75 -26.14 0 -26.99
3 16 -26.5 0 -22.48 -27.28 0 -22.19 -29.15 0 -24.65
3 16 -29.15 0 -24.65 -27.14 0 -27.12 -26.91 0 -26.76
4 16 -29.15 0 -24.65 -26.91 0 -26.76 -26.48 0 -26.72 -26.5 0 -22.48
3 16 -26.14 0 -26.99 -26.04 0 -28.3 -25.8 0 -27.94
4 16 -26.18 0 -27.41 -26.03 0 -30.76 -26.04 0 -28.3 -26.14 0 -26.99
3 16 -22.01 0 -25.75 -25.04 0 -28.16 -25.07 0 -28.59
3 16 -26.03 0 -30.76 -22.01 0 -25.75 -25.07 0 -28.59
3 16 -25.81 0 -28.64 -26.04 0 -28.3 -26.03 0 -30.76
3 16 -26.03 0 -30.76 -25.07 0 -28.59 -25.4 0 -28.83
3 16 -26.03 0 -30.76 -26.18 0 -27.41 -26.51 0 -27.65
3 16 -26.03 0 -30.76 -26.51 0 -27.65 -26.91 0 -27.47
4 16 -29 0 -27.73 -29.51 0 -24.93 -32.83 0 -24.91 -29.41 0 -27.83
4 16 -32.85 0 -30.93 -29.48 0 -28.24 -29.41 0 -27.83 -32.83 0 -24.91
3 16 -28.66 0 -27.99 -28.59 0 -28.41 -26.54 0 -30.94
3 16 -28.66 0 -27.99 -26.54 0 -30.94 -29.51 0 -24.93
4 16 -29.47 0 -29.85 -29.41 0 -29.44 -29.31 0 -28.65 -29.48 0 -28.24
4 16 -28.59 0 -30.02 -26.54 0 -30.94 -28.59 0 -28.41 -28.65 0 -29.6
4 16 -28.99 0 -29.34 -28.65 0 -29.6 -28.59 0 -28.41 -28.9 0 -28.7
4 16 -29.41 0 -29.44 -28.99 0 -29.34 -28.9 0 -28.7 -29.31 0 -28.65
3 16 -29.47 0 -29.85 -29.48 0 -28.24 -32.85 0 -30.93
3 16 -26.54 0 -30.94 -28.59 0 -30.02 -28.9 0 -30.31
3 16 -29.3 0 -30.26 -29.47 0 -29.85 -32.85 0 -30.93
4 16 -29.3 0 -30.26 -32.85 0 -30.93 -26.54 0 -30.94 -28.9 0 -30.31
4 16 -39.88 0 -29.44 -36.65 0 -30.93 -36.65 0 -24.93 -39.8 0 -28.24
4 16 -40.29 0 -27.73 -39.87 0 -27.83 -39.28 0 -24.9 -39.92 0 -25.08
4 16 -39.28 0 -24.9 -39.87 0 -27.83 -39.8 0 -28.24 -36.65 0 -24.93
3 16 -42.78 0 -30.93 -40.69 0 -28.41 -40.62 0 -27.99
3 16 -39.92 0 -25.08 -42.78 0 -30.93 -40.62 0 -27.99
3 16 -39.92 0 -25.08 -40.62 0 -27.99 -40.29 0 -27.73
4 16 -40.29 0 -29.34 -40.38 0 -28.7 -40.69 0 -28.41 -40.63 0 -29.6
4 16 -40.7 0 -30.02 -40.63 0 -29.6 -40.69 0 -28.41 -42.78 0 -30.93
4 16 -39.88 0 -29.44 -39.97 0 -28.65 -40.38 0 -28.7 -40.29 0 -29.34
3 16 -39.8 0 -28.24 -39.97 0 -28.65 -39.88 0 -29.44
3 16 -39.88 0 -29.44 -39.81 0 -29.85 -36.65 0 -30.93
3 16 -40.39 0 -30.31 -40.7 0 -30.02 -42.78 0 -30.93
3 16 -36.65 0 -30.93 -39.81 0 -29.85 -39.98 0 -30.26
4 16 -42.78 0 -30.93 -36.65 0 -30.93 -39.98 0 -30.26 -40.39 0 -30.31
3 16 -47.19 0 -26 -44 0 -29.73 -44.21 0 -28.59
3 16 -44.21 0 -28.59 -44 0 -29.73 -43.88 0 -28.83
3 16 -43.21 0 -30.43 -42.2 0 -28.77 -43.48 0 -28.64
3 16 -44.21 0 -28.59 -44.24 0 -28.16 -47.19 0 -26
4 16 -43.11 0 -27.41 -43.48 0 -27.94 -43.25 0 -28.3 -42.77 0 -27.65
4 16 -43.48 0 -28.64 -42.2 0 -28.77 -42.77 0 -27.65 -43.25 0 -28.3
4 16 -40.65 0 -25.58 -42.14 0 -27.12 -42.37 0 -27.47 -42.2 0 -28.77
3 16 -42.2 0 -28.77 -42.37 0 -27.47 -42.77 0 -27.65
4 16 -47.19 0 -26 -44.24 0 -28.16 -43.91 0 -27.9 -43.14 0 -26.99
4 16 -43.14 0 -26.99 -43.91 0 -27.9 -43.48 0 -27.94 -43.11 0 -27.41
3 16 -42.38 0 -26.76 -42.14 0 -27.12 -40.65 0 -25.58
3 16 -40.65 0 -25.58 -40.33 0 -24.62 -40.49 0 -24.01
3 16 -40.49 0 -24.01 -41.91 0 -22.21 -43.66 0 -23.25
4 16 -42.8 0 -26.72 -43.66 0 -23.25 -47.19 0 -26 -43.14 0 -26.99
3 16 -42.8 0 -26.72 -42.38 0 -26.76 -40.65 0 -25.58
3 16 -30.06 0 -20.28 -29.73 0 -24.38 -27.28 0 -16.77
4 16 -30.07 0 -18.67 -30.13 0 -19.86 -30.06 0 -20.28 -27.28 0 -16.77
4 16 -30.07 0 -18.67 -30.38 0 -18.96 -30.47 0 -19.59 -30.13 0 -19.86
4 16 -31.58 0 -14.33 -31.66 0 -24.38 -30.95 0 -20.11 -30.96 0 -18.49
4 16 -30.79 0 -18.9 -30.96 0 -18.49 -30.95 0 -20.11 -30.88 0 -19.7
4 16 -30.38 0 -18.96 -30.79 0 -18.9 -30.88 0 -19.7 -30.47 0 -19.59
3 16 -30.78 0 -20.52 -30.95 0 -20.11 -31.66 0 -24.38
4 16 -30.78 0 -20.52 -31.66 0 -24.38 -29.73 0 -24.38 -30.38 0 -20.57
3 16 -29.73 0 -24.38 -30.06 0 -20.28 -30.38 0 -20.57
4 16 -30.07 0 -18.67 -27.28 0 -16.77 -30.08 0 -17.15 -30.14 0 -18.24
4 16 -30.48 0 -17.98 -30.14 0 -18.24 -30.08 0 -17.15 -30.39 0 -17.44
3 16 -31.58 0 -14.33 -30.96 0 -18.49 -30.97 0 -16.98
4 16 -30.39 0 -17.44 -30.8 0 -17.39 -30.89 0 -18.08 -30.48 0 -17.98
3 16 -30.14 0 -16.73 -30.08 0 -17.15 -27.28 0 -16.77
4 16 -26.66 0 -14.36 -30.09 0 -15.54 -30.14 0 -16.73 -27.28 0 -16.77
4 16 -30.48 0 -16.46 -30.14 0 -16.73 -30.09 0 -15.54 -30.4 0 -15.83
4 16 -30.8 0 -15.77 -30.97 0 -15.36 -31.58 0 -14.33 -30.9 0 -16.56
4 16 -30.9 0 -16.56 -30.48 0 -16.46 -30.4 0 -15.83 -30.8 0 -15.77
3 16 -31.58 0 -14.33 -30.97 0 -16.98 -30.9 0 -16.56
3 16 -30.15 0 -15.11 -30.09 0 -15.54 -26.66 0 -14.36
3 16 -31.58 0 -14.33 -30.97 0 -15.36 -30.91 0 -14.95
3 16 -30.49 0 -14.85 -30.15 0 -15.11 -26.66 0 -14.36
3 16 -31.58 0 -14.33 -30.91 0 -14.95 -30.49 0 -14.85
3 16 -25.66 0 -14.05 -24.12 0 -15.33 -23.95 0 -13.17
4 16 -38.16 0 -20.28 -37.44 0 -24.39 -37.44 0 -14.34 -38.17 0 -18.67
3 16 -38.22 0 -19.86 -38.16 0 -20.28 -38.17 0 -18.67
4 16 -38.17 0 -18.67 -38.48 0 -18.96 -38.56 0 -19.59 -38.22 0 -19.86
4 16 -39.05 0 -20.11 -38.98 0 -19.7 -38.89 0 -18.9 -39.05 0 -18.49
4 16 -39.63 0 -24.36 -39.05 0 -20.11 -39.05 0 -18.49 -42.55 0 -14.34
4 16 -38.48 0 -18.96 -38.89 0 -18.9 -38.98 0 -19.7 -38.56 0 -19.59
3 16 -38.88 0 -20.52 -39.05 0 -20.11 -39.63 0 -24.36
4 16 -38.88 0 -20.52 -39.63 0 -24.36 -37.44 0 -24.39 -38.47 0 -20.57
3 16 -37.44 0 -24.39 -38.16 0 -20.28 -38.47 0 -20.57
4 16 -38.23 0 -18.24 -38.17 0 -18.67 -37.44 0 -14.34 -38.17 0 -17.15
4 16 -38.57 0 -17.98 -38.23 0 -18.24 -38.17 0 -17.15 -38.49 0 -17.44
4 16 -42.55 0 -14.34 -39.05 0 -18.49 -38.99 0 -18.08 -39.06 0 -16.98
4 16 -38.49 0 -17.44 -38.89 0 -17.39 -38.99 0 -18.08 -38.57 0 -17.98
4 16 -38.18 0 -15.54 -38.24 0 -16.73 -38.17 0 -17.15 -37.44 0 -14.34
4 16 -38.18 0 -15.54 -38.49 0 -15.83 -38.58 0 -16.46 -38.24 0 -16.73
4 16 -38.49 0 -15.83 -38.9 0 -15.77 -38.99 0 -16.56 -38.58 0 -16.46
3 16 -38.9 0 -15.77 -39.07 0 -15.36 -38.99 0 -16.56
3 16 -38.25 0 -15.11 -38.18 0 -15.54 -37.44 0 -14.34
3 16 -42.55 0 -14.34 -39.07 0 -15.36 -39 0 -14.95
3 16 -38.59 0 -14.85 -38.25 0 -15.11 -37.44 0 -14.34
4 16 -10.22 0 -7.4 -10.36 0 -8.18 -10.22 0 -8.6 -9.23 0 -7.94
4 16 -10.31 0 -9.01 -9.08 0 -8.77 -9.23 0 -7.94 -10.22 0 -8.6
4 16 -8.75 0 -5.82 -10.13 0 -6.99 -10.22 0 -7.4 -9.23 0 -7.94
4 16 -10.77 0 -8.11 -10.36 0 -8.18 -10.22 0 -7.4 -10.65 0 -7.47
4 16 -11.01 0 -6.77 -12.28 0 -5.82 -11.1 0 -8.38 -10.97 0 -7.19
3 16 -10.28 0 -6.57 -10.13 0 -6.99 -8.75 0 -5.82
3 16 -12.28 0 -5.82 -11.01 0 -6.77 -10.68 0 -6.5
4 16 -17.93 0 -9.38 -19.05 0 -5.19 -19.05 0 -10.47 -18.19 0 -9.72
3 16 -14.38 0 -9.31 -14.09 0 -9.63 -12.62 0 -5.87
4 16 -15.9 0 -9.31 -15.61 0 -9.63 -15.06 0 -9.72 -14.8 0 -9.38
4 16 -15.9 0 -9.31 -14.8 0 -9.38 -14.38 0 -9.31 -12.62 0 -5.87
4 16 -16.32 0 -9.38 -15.9 0 -9.31 -12.62 0 -5.87 -19.05 0 -5.19
3 16 -19.05 0 -5.19 -17.93 0 -9.38 -17.51 0 -9.31
4 16 -19.05 0 -5.19 -17.51 0 -9.31 -17.22 0 -9.63 -16.32 0 -9.38
4 16 -15.61 0 -9.63 -15.66 0 -10.03 -14.96 0 -10.13 -15.06 0 -9.72
3 16 -14.96 0 -10.13 -15.66 0 -10.03 -16.07 0 -10.2
4 16 -14.55 0 -10.2 -14.96 0 -10.13 -16.07 0 -10.2 -12.61 0 -12.52
4 16 -12.62 0 -5.87 -14.09 0 -9.63 -14.14 0 -10.03 -12.61 0 -12.52
3 16 -12.61 0 -12.52 -14.14 0 -10.03 -14.55 0 -10.2
3 16 -18.1 0 -10.13 -18.19 0 -9.72 -19.05 0 -10.47
3 16 -17.69 0 -10.2 -18.1 0 -10.13 -19.05 0 -10.47
4 16 -19.05 0 -10.47 -12.61 0 -12.52 -16.07 0 -10.2 -17.69 0 -10.2
3 16 -16.48 0 -10.13 -16.58 0 -9.72 -17.27 0 -10.03
4 16 -16.32 0 -9.38 -17.22 0 -9.63 -17.27 0 -10.03 -16.58 0 -9.72
4 16 -17.27 0 -10.03 -17.69 0 -10.2 -16.07 0 -10.2 -16.48 0 -10.13
4 16 -38.45 0 -1.05 -39.11 0 -2.92 -36.5 0 -2.35 -37.84 0 -1.27
4 16 -39.45 0 -6.68 -38.43 0 -6.33 -38.15 0 -6.01 -39.5 0 -5.55
4 16 -39.5 0 -5.55 -38.15 0 -6.01 -37.72 0 -6.08 -39.11 0 -2.92
3 16 -37.46 0 -6.42 -36.53 0 -8.59 -36.5 0 -2.35
4 16 -39.2 0 -7.22 -38.38 0 -6.73 -38.43 0 -6.33 -39.45 0 -6.68
4 16 -37.56 0 -6.83 -37.97 0 -6.9 -39.2 0 -7.22 -36.53 0 -8.59
3 16 -36.53 0 -8.59 -37.46 0 -6.42 -37.56 0 -6.83
3 16 -37.97 0 -6.9 -38.38 0 -6.73 -39.2 0 -7.22
4 16 -41.76 0 -2.46 -39.92 0 -4.02 -40.56 0 -1.1 -41.66 0 -2.05
3 16 -39.92 0 -4.02 -38.74 0 -.6 -40.23 0 -1.05
3 16 -39.92 0 -4.02 -40.23 0 -1.05 -40.56 0 -1.1
4 16 -43.71 0 -1.94 -42.63 0 -1.96 -42.35 0 -1.65 -42.58 0 -.99
4 16 -40.56 0 -1.1 -40.88 0 -.99 -41.76 0 -1.09 -41.66 0 -2.05
4 16 -41.76 0 -1.09 -40.88 0 -.99 -41.02 0 -.58 -41.66 0 -.67
4 16 -44.41 0 1 -43.71 0 -1.94 -42.58 0 -.99 -42.63 0 -.58
4 16 -41.92 0 -1.71 -42.17 0 -1.16 -42.58 0 -.99 -42.35 0 -1.65
4 16 -41.66 0 -2.05 -41.76 0 -1.09 -42.17 0 -1.16 -41.92 0 -1.71
3 16 -42.58 0 -2.37 -42.63 0 -1.96 -43.71 0 -1.94
4 16 -42.17 0 -2.53 -42.58 0 -2.37 -43.71 0 -1.94 -42.19 0 -4.44
3 16 -42.19 0 -4.44 -39.99 0 -6.41 -39.92 0 -4.02
4 16 -35.45 0 -1.92 -34.97 0 -.92 -36.53 0 -.24 -36.74 0 -1.53
3 16 -35.45 0 -1.92 -34.96 0 -1.93 -34.97 0 -.92
4 16 -37.86 0 1.34 -38.93 0 .7 -37.73 0 -.86 -37.32 0 .44
4 16 -38.1 0 3.39 -39.36 0 3.06 -39.31 0 1.87 -38.15 0 2.34
4 16 -38.93 0 .7 -37.86 0 1.34 -38.15 0 2.34 -39.31 0 1.87
4 16 -37.17 0 5.25 -38.64 0 5.27 -39.12 0 4.21 -37.74 0 4.37
4 16 -37.74 0 4.37 -39.12 0 4.21 -39.36 0 3.06 -38.1 0 3.39
3 16 -37.07 0 6.88 -37.94 0 6.18 -36.37 0 5.91
4 16 -36.37 0 5.91 -37.94 0 6.18 -38.64 0 5.27 -37.17 0 5.25
3 16 -34.96 0 7.45 -36.06 0 7.32 -34.96 0 6.43
4 16 -37.07 0 6.88 -36.37 0 5.91 -34.96 0 6.43 -36.06 0 7.32
4 16 -36.74 0 -1.53 -36.53 0 -.24 -37.32 0 .44 -37.73 0 -.86
4 16 -34.47 0 7.55 -34.46 0 6.42 -31.57 0 6.43 -31.54 0 7.47
3 16 -31.55 0 3.86 -31.54 0 5.87 -32.21 0 4.32
4 16 -33.76 0 4.35 -32.98 0 4.46 -31.54 0 5.87 -34.47 0 5.92
3 16 -32.21 0 4.32 -31.54 0 5.87 -32.98 0 4.46
3 16 -34.47 0 5.92 -34.47 0 4 -33.76 0 4.35
3 16 -28.43 0 2.96 -28.71 0 4.08 -29.39 0 5
4 16 -30.37 0 5.62 -31.17 0 5.8 -28.43 0 2.96 -29.39 0 5
4 16 -28.43 0 2.96 -31.17 0 5.8 -31.17 0 -.28 -28.59 0 1.8
4 16 -28.59 0 1.8 -31.17 0 -.28 -30.01 0 .02 -29.15 0 .79
3 16 -33.75 0 1.16 -34.44 0 1.52 -34.47 0 -.4
4 16 -33.75 0 1.16 -34.47 0 -.4 -31.54 0 -.4 -32.97 0 1.08
3 16 -31.54 0 -.4 -31.54 0 1.67 -32.2 0 1.23
3 16 -31.54 0 -.4 -32.2 0 1.23 -32.97 0 1.08
3 16 -37.72 0 2.78 -37.49 0 1.65 -37.49 0 3.9
4 16 -36.89 0 4.87 -37.49 0 3.9 -37.49 0 1.65 -34.97 0 5.82
4 16 -37.49 0 1.65 -36.9 0 .67 -36.01 0 -.03 -35.01 0 -.29
3 16 -35.01 0 -.29 -34.97 0 5.82 -37.49 0 1.65
3 16 -34.97 0 5.82 -35.98 0 5.55 -36.89 0 4.87
4 16 -33.27 0 4 -34 0 3.65 -34.35 0 2.95 -34.2 0 2.17
4 16 -33.27 0 4 -34.2 0 2.17 -33.64 0 1.62 -32.86 0 1.53
3 16 -32.86 0 1.53 -32.15 0 1.88 -31.8 0 2.59
3 16 -31.94 0 3.37 -32.49 0 3.92 -33.27 0 4
4 16 -22.08 0 -33.96 -22.18 0 -32.2 -24.89 0 -33.86 -22.39 0 -33.98
4 16 -18.71 0 -32.47 -21.51 0 -34.27 -15.12 0 -38.94 -16.56 0 -34.22
4 16 -16.56 0 -34.22 -15.12 0 -38.94 -13.47 0 -36.59 -14.33 0 -35.79
4 16 -22.08 0 -33.96 -21.51 0 -34.27 -19.45 0 -32.04 -22.18 0 -32.2
4 16 -19.8 0 -30.06 -22.18 0 -32.2 -19.45 0 -32.04 -19.51 0 -31.59
4 16 -13.73 0 -25.9 -17.68 0 -27.67 -19.8 0 -30.06 -17.13 0 -29.05
3 16 -18.71 0 -32.47 -19.45 0 -32.04 -21.51 0 -34.27
3 16 -17.13 0 -29.05 -19.8 0 -30.06 -16.83 0 -29.68
3 16 -11.11 0 -22.7 -13.96 0 -22.47 -12.54 0 -22.82
4 16 -5.28 0 -22.77 -10.11 0 -22.84 -8.35 0 -24.02 -7.94 0 -23.92
4 16 -8.53 0 -24.41 -10.4 0 -23.13 -10.83 0 -23.01 -11.55 0 -23.33
4 16 -10.83 0 -23.01 -11.11 0 -22.7 -12.54 0 -22.82 -11.55 0 -23.33
3 16 -13.96 0 -22.47 -15.77 0 -25.1 -14.13 0 -25.07
4 16 -17.46 0 -32.11 -17.28 0 -31.72 -19.51 0 -31.59 -18.37 0 -32.17
4 16 -6.3 0 -25.12 -5 0 -23.08 -5.28 0 -22.77 -6.67 0 -24.91
4 16 -6.26 0 -25.55 -3.57 0 -23.17 -4.28 0 -22.92 -4.57 0 -23.2
4 16 -6.26 0 -25.55 -4.57 0 -23.2 -5 0 -23.08 -6.3 0 -25.12
3 16 -5.28 0 -22.77 -7.94 0 -23.92 -7.56 0 -24.13
4 16 -7.08 0 -25.02 -6.67 0 -24.91 -7.56 0 -24.13 -7.53 0 -24.55
3 16 -16.49 0 -31.83 -15.83 0 -30.24 -16.86 0 -31.62
4 16 -17.28 0 -31.72 -16.86 0 -31.62 -15.83 0 -30.24 -16.83 0 -29.68
4 16 -19.51 0 -31.59 -17.28 0 -31.72 -16.83 0 -29.68 -19.8 0 -30.06
3 16 -7.56 0 -24.13 -6.67 0 -24.91 -5.28 0 -22.77
4 16 -10.4 0 -23.13 -8.53 0 -24.41 -8.35 0 -24.02 -10.11 0 -22.84
3 16 -15.58 0 -29.92 -10.11 0 -33.82 -8.3 0 -31.37
3 16 -14.13 0 -25.07 -15.77 0 -25.1 -14.12 0 -25.41
4 16 -17.13 0 -29.05 -15.58 0 -29.92 -8.3 0 -31.37 -13.73 0 -25.9
3 16 -8.3 0 -31.37 -7.8 0 -30.43 -13.73 0 -25.9
4 16 -17.68 0 -27.67 -13.73 0 -25.9 -14.12 0 -25.41 -15.77 0 -25.1
4 16 -14.13 0 -25.07 -8.15 0 -29.37 -6.82 0 -27.6 -11.33 0 -24.12
3 16 -12.4 0 -23.13 -12.54 0 -22.82 -13.96 0 -22.47
4 16 -7.26 0 -25.4 -7.08 0 -25.02 -7.53 0 -24.55 -7.82 0 -24.84
3 16 -6.98 0 -25.71 -7.26 0 -25.4 -8 0 -26.13
4 16 -8.25 0 -24.72 -8 0 -26.13 -7.26 0 -25.4 -7.82 0 -24.84
4 16 -8.25 0 -24.72 -8.53 0 -24.41 -11.55 0 -23.33 -8 0 -26.13
4 16 -6.56 0 -25.84 -6.52 0 -27.01 -3.57 0 -23.17 -6.26 0 -25.55
3 16 -17.18 0 -32.42 -17.46 0 -32.11 -18.37 0 -32.17
4 16 -14.7 0 -33.43 -16.46 0 -32.25 -16.75 0 -32.54 -14.88 0 -33.82
3 16 -14.88 0 -33.82 -16.75 0 -32.54 -17.18 0 -32.42
3 16 -14.7 0 -33.43 -14.29 0 -33.32 -16.46 0 -32.25
4 16 -16.49 0 -31.83 -16.46 0 -32.25 -14.29 0 -33.32 -15.83 0 -30.24
4 16 -10.45 0 -34.25 -15.83 0 -30.24 -14.29 0 -33.32 -13.91 0 -33.54
4 16 -17.18 0 -32.42 -18.37 0 -32.17 -14.6 0 -34.12 -14.88 0 -33.82
4 16 -12.65 0 -34.53 -12.61 0 -34.96 -11.45 0 -35.82 -10.45 0 -34.25
4 16 -14.17 0 -34.25 -13.43 0 -34.42 -13.02 0 -34.32 -13.88 0 -33.96
3 16 -14.6 0 -34.12 -18.37 0 -32.17 -13.61 0 -34.81
3 16 -14.17 0 -34.25 -14.6 0 -34.12 -13.61 0 -34.81
3 16 -14.17 0 -34.25 -13.61 0 -34.81 -13.43 0 -34.42
4 16 -13.33 0 -35.12 -13.61 0 -34.81 -18.37 0 -32.17 -12.44 0 -36.72
4 16 -12.18 0 -36.58 -12.91 0 -35.24 -13.33 0 -35.12 -12.44 0 -36.72
4 16 -12.61 0 -34.96 -12.91 0 -35.24 -12.18 0 -36.58 -11.45 0 -35.82
3 16 -46.66 0 -34 -46.27 0 -32.7 -47.16 0 -33.9
4 16 -48.78 0 -30.73 -49.63 0 -31.71 -47.16 0 -33.9 -46.27 0 -32.7
4 16 -48.78 0 -30.73 -50.59 0 -30.69 -50.59 0 -31.12 -49.63 0 -31.71
4 16 -51.86 0 -31.68 -51.87 0 -32.11 -50.89 0 -31.43 -51.31 0 -31.36
4 16 -49.63 0 -31.71 -50.59 0 -31.12 -50.89 0 -31.43 -50.22 0 -31.76
4 16 -55.7 0 -36.59 -54.83 0 -38.01 -53.98 0 -38.95 -49.78 0 -32.09
3 16 -53.98 0 -38.95 -47.46 0 -34.03 -49.78 0 -32.09
4 16 -50.89 0 -31.43 -51.87 0 -32.11 -52.16 0 -32.42 -50.22 0 -31.76
4 16 -47.16 0 -33.9 -49.63 0 -31.71 -49.78 0 -32.09 -47.46 0 -34.03
4 16 -52.58 0 -32.35 -52.79 0 -31.99 -54.67 0 -33.33 -54.34 0 -33.6
4 16 -54.34 0 -34.02 -50.22 0 -31.76 -52.16 0 -32.42 -54.34 0 -33.6
3 16 -57.99 0 -34.68 -55.26 0 -33.91 -55.04 0 -33.52
4 16 -57.99 0 -34.68 -55.04 0 -33.52 -54.67 0 -33.33 -52.79 0 -31.99
3 16 -55.06 0 -34.26 -55.26 0 -33.91 -57.99 0 -34.68
4 16 -57.9 0 -35.63 -56.91 0 -36.71 -54.64 0 -34.33 -55.06 0 -34.26
4 16 -58.1 0 -35.1 -57.9 0 -35.63 -55.06 0 -34.26 -57.99 0 -34.68
4 16 -52.2 0 -31.41 -51.86 0 -31.68 -51.31 0 -31.36 -51.51 0 -31
4 16 -57.99 0 -34.68 -52.79 0 -31.99 -52.56 0 -31.61 -52.22 0 -30.63
4 16 -51.51 0 -31 -52.22 0 -30.63 -52.56 0 -31.61 -52.2 0 -31.41
4 16 -51.51 0 -31 -51.29 0 -30.62 -51.55 0 -29.82 -52.22 0 -30.63
4 16 -59.2 0 -33.77 -58.64 0 -34.35 -58.4 0 -34.46 -58.15 0 -34.3
4 16 -56.07 0 -26.4 -59.2 0 -33.77 -58.15 0 -34.3 -52.69 0 -30.29
4 16 -50.99 0 -28.43 -51.55 0 -29.82 -51.29 0 -30.62 -50.92 0 -30.42
4 16 -48.78 0 -30.73 -50.99 0 -28.43 -50.92 0 -30.42 -50.59 0 -30.69
3 16 -61.4 0 -30.43 -59.2 0 -33.77 -56.07 0 -26.4
3 16 -52.69 0 -30.29 -51.55 0 -29.82 -50.99 0 -28.43
4 16 -50.99 0 -28.43 -52.95 0 -25.89 -56.07 0 -26.4 -52.69 0 -30.29
4 16 -55.01 0 -25.18 -54.81 0 -23.29 -56.56 0 -20.61 -56.58 0 -23.07
4 16 -58.18 0 -22.63 -57.09 0 -23.04 -56.58 0 -23.07 -56.56 0 -20.61
3 16 -52.95 0 -25.89 -54.81 0 -23.29 -55.01 0 -25.18
3 16 -55.33 0 -25.73 -56.07 0 -26.4 -52.95 0 -25.89
3 16 -55.01 0 -25.18 -55.33 0 -25.73 -52.95 0 -25.89
4 16 -60.95 0 -24.02 -59.12 0 -22.88 -63.99 0 -22.76 -61.37 0 -23.92
3 16 -64.62 0 -23.3 -64.93 0 -23.02 -66.45 0 -22.66
4 16 -66.45 0 -22.66 -63.26 0 -26.6 -63.05 0 -25.54 -64.62 0 -23.3
4 16 -64.24 0 -23.13 -64.62 0 -23.3 -63.05 0 -25.54 -63.02 0 -25.11
4 16 -61.71 0 -24.64 -61.68 0 -24.21 -62.7 0 -24.82 -62.29 0 -24.92
4 16 -63.99 0 -22.76 -64.24 0 -23.13 -63.02 0 -25.11 -62.7 0 -24.82
4 16 -61.37 0 -23.92 -63.99 0 -22.76 -62.7 0 -24.82 -61.68 0 -24.21
4 16 -58.8 0 -23.17 -59.12 0 -22.88 -60.95 0 -24.02 -60.77 0 -24.38
3 16 -58.8 0 -23.17 -57.72 0 -23.43 -58.42 0 -23
4 16 -57.09 0 -23.04 -58.18 0 -22.63 -58.42 0 -23 -57.72 0 -23.43
3 16 -61.63 0 -28.65 -60.78 0 -29.33 -56.04 0 -25.74
4 16 -56.04 0 -25.74 -55.01 0 -25.18 -56.58 0 -23.07 -57.15 0 -23.65
4 16 -61.4 0 -24.92 -61.71 0 -24.64 -62.29 0 -24.92 -62.11 0 -25.29
4 16 -58.8 0 -23.17 -60.77 0 -24.38 -61.02 0 -24.75 -57.72 0 -23.43
4 16 -61.4 0 -24.92 -62.11 0 -25.29 -57.72 0 -23.43 -61.02 0 -24.75
3 16 -62.73 0 -25.83 -63.05 0 -25.54 -63.26 0 -26.6
4 16 -62.35 0 -25.66 -62.73 0 -25.83 -63.26 0 -26.6 -62.62 0 -27.16
4 16 -57.72 0 -23.43 -62.11 0 -25.29 -62.35 0 -25.66 -62.62 0 -27.16
4 16 -64.17 0 -22.4 -63.99 0 -22.76 -59.12 0 -22.88 -59.09 0 -22.45
4 16 -58.78 0 -22.16 -60.95 0 -17.35 -64.17 0 -22.4 -59.09 0 -22.45
3 16 -66.45 0 -22.66 -64.93 0 -23.02 -64.9 0 -22.59
3 16 -64.9 0 -22.59 -64.59 0 -22.3 -66.43 0 -21.54
4 16 -64.9 0 -22.59 -66.43 0 -21.54 -66.72 0 -22.1 -66.45 0 -22.66
4 16 -64.17 0 -22.4 -60.95 0 -17.35 -66.43 0 -21.54 -64.59 0 -22.3
3 16 -60.33 0 -16.78 -60.95 0 -17.35 -58.05 0 -17.77
4 16 -56.56 0 -20.61 -58.05 0 -17.77 -60.95 0 -17.35 -58.78 0 -22.16
4 16 -60.85 0 -14.3 -61.21 0 -14.65 -60.83 0 -16.55 -60.04 0 -16.26
4 16 -62.44 0 -16.91 -60.83 0 -16.55 -61.21 0 -14.65 -62.63 0 -16.55
3 16 -58.36 0 -22.26 -58.18 0 -22.63 -56.56 0 -20.61
3 16 -58.78 0 -22.16 -58.36 0 -22.26 -56.56 0 -20.61
3 16 -63.04 0 -16.45 -62.63 0 -16.55 -61.21 0 -14.65
4 16 -60.33 0 -16.78 -58.05 0 -17.77 -59.19 0 -14.78 -60.04 0 -16.26
3 16 -59.19 0 -14.78 -60.85 0 -14.3 -60.04 0 -16.26
3 16 -69.58 0 -17.33 -63.38 0 -17.16 -63.36 0 -16.74
4 16 -61.21 0 -14.65 -69.58 0 -17.33 -63.36 0 -16.74 -63.04 0 -16.45
4 16 -43.48 0 -34.24 -46.27 0 -32.7 -46.66 0 -34 -45.01 0 -34.96
4 16 -49.41 0 -37.34 -48.84 0 -37.05 -48.81 0 -36.62 -49.58 0 -36.38
4 16 -48.81 0 -36.62 -48.49 0 -36.33 -46.66 0 -34 -49.58 0 -36.38
3 16 -45.01 0 -34.96 -44.88 0 -35.1 -43.48 0 -34.24
4 16 -48.14 0 -37.17 -46.48 0 -37.45 -45.46 0 -35.17 -47.9 0 -36.8
3 16 -45.46 0 -35.17 -45.01 0 -34.96 -46.66 0 -34
3 16 -46.66 0 -34 -48.49 0 -36.33 -48.08 0 -36.43
4 16 -47.9 0 -36.8 -45.46 0 -35.17 -46.66 0 -34 -48.08 0 -36.43
4 16 -46.48 0 -37.45 -48.14 0 -37.17 -48.52 0 -37.34 -47.5 0 -39.22
4 16 -48.52 0 -37.34 -48.84 0 -37.05 -49.41 0 -37.34 -49.23 0 -37.7
3 16 -53.4 0 -39.15 -51.43 0 -38.81 -51.4 0 -38.38
4 16 -50.17 0 -37.95 -50.14 0 -37.53 -51.09 0 -38.09 -50.67 0 -38.19
4 16 -49.58 0 -36.38 -53.4 0 -39.15 -51.4 0 -38.38 -51.09 0 -38.09
3 16 -49.83 0 -37.24 -49.41 0 -37.34 -49.58 0 -36.38
4 16 -49.86 0 -38.24 -50.17 0 -37.95 -50.67 0 -38.19 -50.49 0 -38.55
4 16 -48.84 0 -38.48 -49.48 0 -38.07 -49.86 0 -38.24 -49.16 0 -38.77
3 16 -48.43 0 -38.58 -48.24 0 -38.95 -47.5 0 -39.22
4 16 -48.52 0 -37.34 -49.23 0 -37.7 -48.43 0 -38.58 -47.5 0 -39.22
4 16 -48.43 0 -38.58 -49.23 0 -37.7 -49.48 0 -38.07 -48.84 0 -38.48
4 16 -49.86 0 -38.24 -50.49 0 -38.55 -49.18 0 -39.2 -49.16 0 -38.77
4 16 -51.02 0 -40.33 -49.18 0 -39.2 -50.49 0 -38.55 -50.73 0 -38.92
4 16 -51.02 0 -40.33 -50.84 0 -40.7 -48.87 0 -39.49 -49.18 0 -39.2
4 16 -51.11 0 -39.1 -51.43 0 -38.81 -53.4 0 -39.15 -51.43 0 -40.24
4 16 -51.43 0 -40.24 -51.02 0 -40.33 -50.73 0 -38.92 -51.11 0 -39.1
3 16 -47.5 0 -39.22 -48.24 0 -38.95 -48.49 0 -39.31
3 16 -47.5 0 -39.22 -48.49 0 -39.31 -48.87 0 -39.49
4 16 -47.5 0 -39.22 -48.87 0 -39.49 -50.84 0 -40.7 -49.64 0 -43.69
3 16 -53.4 0 -39.15 -53.51 0 -39.43 -53.26 0 -40.15
4 16 -51.75 0 -40.53 -51.43 0 -40.24 -53.4 0 -39.15 -53.26 0 -40.15
3 16 -53.26 0 -40.15 -51.78 0 -40.95 -51.75 0 -40.53
3 16 -21.09 0 -37.08 -21.12 0 -36.66 -23.26 0 -36.14
4 16 -23.26 0 -36.14 -20.86 0 -38.83 -20.72 0 -37.29 -21.09 0 -37.08
3 16 -19.13 0 -37.49 -15.44 0 -39.43 -20.12 0 -36.8
3 16 -19.56 0 -37.37 -19.13 0 -37.49 -20.12 0 -36.8
4 16 -20.12 0 -36.8 -20.3 0 -37.19 -19.85 0 -37.65 -19.56 0 -37.37
3 16 -19.85 0 -37.65 -20.3 0 -37.19 -20.72 0 -37.29
4 16 -20.72 0 -37.29 -20.86 0 -38.83 -20.57 0 -38.54 -19.85 0 -37.65
3 16 -19.45 0 -38.29 -19.86 0 -38.97 -19.03 0 -38.19
4 16 -19.85 0 -37.65 -20.57 0 -38.54 -20.14 0 -38.67 -19.82 0 -38.08
3 16 -16.56 0 -39.2 -16.28 0 -39.51 -15.44 0 -39.43
3 16 -16.98 0 -39.07 -16.56 0 -39.2 -18.85 0 -37.8
4 16 -19.13 0 -37.49 -18.85 0 -37.8 -16.56 0 -39.2 -15.44 0 -39.43
4 16 -16.98 0 -39.07 -18.85 0 -37.8 -19.03 0 -38.19 -17.28 0 -39.36
4 16 -17.57 0 -40.37 -17.24 0 -39.79 -17.28 0 -39.36 -17.99 0 -40.25
4 16 -19.03 0 -38.19 -19.86 0 -38.97 -17.99 0 -40.25 -17.28 0 -39.36
4 16 -20.04 0 -39.36 -18.29 0 -40.54 -17.99 0 -40.25 -19.86 0 -38.97
4 16 -17.29 0 -40.68 -16.87 0 -40 -17.24 0 -39.79 -17.57 0 -40.37
3 16 -20.04 0 -39.36 -20.46 0 -39.47 -20.07 0 -42.52
3 16 -15.44 0 -39.43 -16.28 0 -39.51 -16.46 0 -39.89
3 16 -17.29 0 -40.68 -15.44 0 -39.43 -16.46 0 -39.89
3 16 -17.29 0 -40.68 -16.46 0 -39.89 -16.87 0 -40
4 16 -18.25 0 -40.96 -18.29 0 -40.54 -20.04 0 -39.36 -20.07 0 -42.52
3 16 -20.83 0 -39.25 -20.86 0 -38.83 -23.26 0 -36.14
3 16 -20.83 0 -39.25 -23.26 0 -36.14 -20.07 0 -42.52
4 16 -25.28 0 -41.89 -25.29 0 -40.28 -25.95 0 -35.89 -25.93 0 -44.71
4 16 -25.28 0 -41.89 -25.21 0 -41.48 -25.12 0 -40.69 -25.29 0 -40.28
4 16 -25.21 0 -41.48 -24.8 0 -41.38 -24.71 0 -40.74 -25.12 0 -40.69
4 16 -23.64 0 -41.58 -24.46 0 -41.64 -24.39 0 -42.06 -23.71 0 -41.99
4 16 -24.4 0 -40.45 -24.71 0 -40.74 -24.8 0 -41.38 -24.46 0 -41.64
4 16 -24.46 0 -41.64 -23.64 0 -41.58 -23.22 0 -41.48 -24.4 0 -40.45
3 16 -22.89 0 -41.74 -22.82 0 -42.16 -20.43 0 -43.01
4 16 -24.7 0 -42.35 -23.54 0 -42.4 -23.71 0 -41.99 -24.39 0 -42.06
4 16 -23.7 0 -43.6 -23.63 0 -43.19 -23.54 0 -42.4 -24.7 0 -42.35
4 16 -23.13 0 -42.45 -23.54 0 -42.4 -23.63 0 -43.19 -23.22 0 -43.09
3 16 -20.43 0 -43.01 -22.82 0 -42.16 -22.88 0 -43.35
4 16 -21.14 0 -44.73 -20.43 0 -43.01 -22.88 0 -43.35 -22.81 0 -43.78
3 16 -40.19 0 -45.02 -40.32 0 -44.42 -41.95 0 -44.35
4 16 -42.64 0 -45.75 -41.95 0 -44.35 -42.5 0 -44.47 -42.71 0 -44.89
3 16 -29.52 0 -44.73 -29.38 0 -45.73 -29.27 0 -44.47
3 16 -26.54 0 -45.79 -26.38 0 -44.78 -26.79 0 -44.43
3 16 80 0 60 77.69 0 49.62 77.67 0 43.67
4 16 77.67 0 43.67 77.69 0 40.75 79.08 0 22.82 80 0 60
4 16 77.69 0 40.75 77.67 0 43.67 31.68 0 43.73 31.81 0 40.71
4 16 30.32 0 44.2 30.45 0 40.23 31.81 0 40.71 31.68 0 43.73
3 16 24.94 0 39.98 29.41 0 39.21 30.45 0 40.23
4 16 29.34 0 45.25 24.94 0 39.98 30.45 0 40.23 30.32 0 44.2
4 16 23.97 0 39.98 24.94 0 39.98 29.34 0 45.25 23.38 0 44.54
3 16 21.99 0 39.98 23.97 0 36.99 23.97 0 39.98
4 16 22.35 0 44.54 21.99 0 39.98 23.97 0 39.98 23.38 0 44.54
3 16 19.5 0 39.58 19.99 0 38.82 20.91 0 39.98
4 16 20.17 0 44.59 20.91 0 39.98 21.99 0 39.98 22.35 0 44.54
4 16 29.01 0 46.68 24.86 0 47.45 23.38 0 44.54 29.34 0 45.25
4 16 29.41 0 48.09 24.86 0 48.2 24.86 0 47.45 29.01 0 46.68
4 16 19.5 0 39.58 20.91 0 39.98 19.49 0 44.49 18.85 0 39.95
3 16 22.35 0 44.54 20.91 0 45.47 20.71 0 44.97
3 16 22.35 0 44.54 20.71 0 44.97 20.17 0 44.59
3 16 19.49 0 44.49 20.91 0 39.98 20.17 0 44.59
4 16 18.08 0 48.04 17.31 0 45.29 17.31 0 44.54 18.16 0 45.15
4 16 18.85 0 39.95 19.49 0 44.49 18.69 0 44.63 17.96 0 40.07
4 16 14.9 0 39.95 17.19 0 39.96 17.96 0 40.07 17.31 0 44.54
4 16 18.16 0 45.15 17.31 0 44.54 17.96 0 40.07 18.69 0 44.63
4 16 15.56 0 39.58 16.45 0 39.63 17.19 0 39.96 14.9 0 39.95
4 16 16.83 0 38.95 19.02 0 38.45 18.23 0 39.2 17.48 0 39.21
3 16 18.71 0 38.94 18.23 0 39.2 19.02 0 38.45
4 16 19.02 0 38.45 16.83 0 38.95 16.05 0 38.82 16.21 0 37.8
4 16 15.56 0 39.58 16.05 0 38.82 16.83 0 38.95 16.45 0 39.63
4 16 14.55 0 44.54 13.65 0 44.54 13.24 0 39.96 14.01 0 40.07
3 16 -5.32 0 39.98 5.06 0 44.54 2.47 0 44.54
4 16 17.31 0 44.54 14.55 0 44.54 14.01 0 40.07 14.9 0 39.95
4 16 13.76 0 47.62 13.65 0 47.03 14.55 0 45.08 15.64 0 48.87
4 16 13.65 0 47.03 13.65 0 44.54 14.55 0 44.54 14.55 0 45.08
4 16 12.85 0 47.62 12.65 0 48.02 12.23 0 48.11 11.83 0 47.58
4 16 2.34 0 46.96 -45.15 0 49.64 -8.72 0 39.3 -7.93 0 39.79
4 16 -41.38 0 41.88 -8.72 0 39.3 -45.15 0 49.64 -42.39 0 43.75
3 16 -7.93 0 39.79 -7.1 0 39.97 2.34 0 46.96
4 16 2.47 0 45.33 2.34 0 46.96 -7.1 0 39.97 -5.32 0 39.98
3 16 -45.15 0 49.64 -45.58 0 46.51 -43.8 0 45.33
3 16 -43.8 0 45.33 -42.39 0 43.75 -45.15 0 49.64
3 16 12.23 0 48.11 11.93 0 47.95 11.83 0 47.58
3 16 11.86 0 46.97 12.14 0 46.7 12.55 0 46.74
4 16 11.83 0 47.58 11.86 0 46.97 12.55 0 46.74 12.85 0 47.62
3 16 12.55 0 46.74 12.89 0 47.03 12.85 0 47.62
3 16 2.52 0 46.41 2.34 0 46.96 2.47 0 45.33
4 16 13.76 0 47.62 12.85 0 47.62 12.89 0 47.03 13.65 0 47.03
3 16 2.97 0 46 2.52 0 46.41 2.47 0 45.33
3 16 4.15 0 45.33 4.15 0 46.09 3.59 0 45.9
4 16 2.97 0 46 2.47 0 45.33 4.15 0 45.33 3.59 0 45.9
4 16 9.75 0 44.52 13.24 0 39.96 13.65 0 44.54 11.06 0 44.54
3 16 2.47 0 44.54 2.47 0 45.33 -5.32 0 39.98
4 16 7.84 0 44.46 5.06 0 44.54 13.24 0 39.96 8.4 0 44.29
3 16 11.06 0 45.33 12.74 0 45.33 10.34 0 45.37
4 16 11.06 0 45.33 10.34 0 45.37 9.75 0 44.52 11.06 0 44.54
3 16 9.75 0 44.52 8.4 0 44.29 13.24 0 39.96
3 16 3.55 0 46.7 3.95 0 46.74 3.27 0 46.97
3 16 3.95 0 46.74 4.3 0 47.03 4.26 0 47.62
4 16 3.95 0 46.74 4.26 0 47.62 3.24 0 47.58 3.27 0 46.97
3 16 4.26 0 47.62 4.06 0 48.02 3.24 0 47.58
4 16 3.34 0 47.95 3.24 0 47.58 4.06 0 48.02 3.64 0 48.11
4 16 5.06 0 44.54 7.13 0 46.28 5.17 0 47.62 5.06 0 47.03
4 16 5.17 0 47.62 4.26 0 47.62 4.3 0 47.03 5.06 0 47.03
3 16 7.34 0 44.88 7.13 0 46.28 5.06 0 44.54
4 16 77.69 0 31.93 79.08 0 22.82 77.69 0 40.75 77.67 0 34.8
4 16 77.69 0 31.93 77.67 0 34.8 31.68 0 34.86 31.81 0 31.89
4 16 31.81 0 31.89 31.68 0 34.86 30.32 0 35.32 30.45 0 31.41
3 16 24.79 0 28.8 29.01 0 28.98 24.63 0 30.01
3 16 29.41 0 30.39 30.45 0 31.41 30.32 0 35.32
4 16 29.41 0 30.39 30.32 0 35.32 29.34 0 36.38 24.94 0 35.55
4 16 29.01 0 28.98 29.41 0 30.39 24.14 0 30.76 24.63 0 30.01
4 16 24.94 0 39.98 24.94 0 35.55 29.34 0 36.38 29.01 0 37.81
4 16 23.49 0 31.13 24.14 0 30.76 29.41 0 30.39 24.94 0 35.55
3 16 29.01 0 37.81 29.41 0 39.21 24.94 0 39.98
4 16 20.91 0 35.55 21.76 0 31.15 22.6 0 31.25 21.88 0 35.55
3 16 23.49 0 31.13 24.94 0 35.55 23.87 0 35.55
3 16 23.87 0 35.55 21.88 0 38.54 21.88 0 35.55
4 16 16.04 0 31.15 17.09 0 31.16 17.98 0 35.46 17.2 0 35.56
4 16 19.13 0 30.1 19.48 0 31.16 17.09 0 31.16 17.45 0 30.1
4 16 23.49 0 31.13 23.87 0 35.55 21.88 0 35.55 22.6 0 31.25
4 16 18.86 0 35.6 17.98 0 35.46 17.09 0 31.16 19.48 0 31.16
4 16 14.04 0 35.46 13.25 0 35.56 12.24 0 31.16 12.42 0 31.16
4 16 14.91 0 35.6 14.04 0 35.46 12.42 0 31.16 15.46 0 31.16
4 16 8.81 0 31.16 9.17 0 30.1 10.84 0 30.1 11.2 0 31.16
4 16 20.52 0 31.16 20.91 0 35.55 18.86 0 35.6 19.48 0 31.16
4 16 8.81 0 31.16 8.6 0 35.63 7.8 0 35.63 7.76 0 31.15
4 16 5.49 0 29.54 6.49 0 31.16 6.94 0 35.63 4.59 0 31.16
3 16 6.49 0 31.16 7.58 0 31.16 6.94 0 35.63
3 16 3.48 0 26.76 4.89 0 28.83 3.22 0 26.76
4 16 3.39 0 31.16 1.59 0 29.35 3.22 0 26.76 4.89 0 28.83
4 16 11.2 0 31.16 12.24 0 31.16 13.25 0 35.56 12.54 0 35.86
4 16 19.99 0 38.82 20.16 0 37.8 20.91 0 35.55 20.91 0 39.98
4 16 15.46 0 31.16 16.04 0 31.15 17.2 0 35.56 14.91 0 35.6
3 16 20.91 0 35.55 20.16 0 37.8 20.03 0 36.82
3 16 20.91 0 35.55 20.03 0 36.82 19.56 0 36.03
3 16 20.91 0 35.55 19.56 0 36.03 18.86 0 35.6
4 16 8.81 0 31.16 11.2 0 31.16 12.54 0 35.86 8.6 0 35.63
4 16 1.59 0 29.35 3.39 0 31.16 1.79 0 35.58 1.59 0 31.16
4 16 -5.32 0 35.55 -1.04 0 26.76 .6 0 29.32 .6 0 31.16
4 16 .97 0 35.72 .6 0 31.16 1.59 0 31.16 1.79 0 35.58
4 16 16.21 0 37.8 16.86 0 36.58 17.94 0 36.26 19.11 0 37.43
3 16 17.94 0 36.26 18.75 0 36.56 19.11 0 37.43
4 16 -52.03 0 26.61 -1.04 0 26.76 -47.57 0 32.22 -50.19 0 31.25
3 16 -47.57 0 32.22 -1.04 0 26.76 -45.64 0 33.07
3 16 -47.57 0 32.22 -49.6 0 31.61 -50.19 0 31.25
3 16 19.11 0 37.43 19.02 0 38.45 16.21 0 37.8
3 16 16.21 0 37.8 16.08 0 36.82 16.86 0 36.58
4 16 16.86 0 36.58 16.08 0 36.82 15.62 0 36.03 16.48 0 35.86
4 16 -45.64 0 33.07 -1.04 0 26.76 -8.92 0 36.31 -43.88 0 34.27
3 16 -8.17 0 35.78 -1.04 0 26.76 -5.32 0 35.55
4 16 17.2 0 35.56 16.48 0 35.86 15.62 0 36.03 14.91 0 35.6
3 16 -42.41 0 35.8 -43.88 0 34.27 -8.92 0 36.31
3 16 -1.04 0 26.76 -8.17 0 35.78 -8.92 0 36.31
4 16 -41.38 0 41.88 -41.04 0 39.79 -9.21 0 38.51 -8.72 0 39.3
4 16 -41.44 0 37.69 -9.28 0 37.26 -9.21 0 38.51 -41.04 0 39.79
4 16 7.76 0 31.15 7.8 0 35.63 6.94 0 35.63 7.58 0 31.16
3 16 4.59 0 31.16 6.94 0 35.63 4.1 0 35.63
4 16 -42.41 0 35.8 -8.92 0 36.31 -9.28 0 37.26 -41.44 0 37.69
4 16 9.4 0 36.32 12.54 0 35.86 12.91 0 36.58 9.4 0 37.18
3 16 8.6 0 35.63 12.54 0 35.86 9.4 0 36.32
3 16 12.91 0 36.58 13.99 0 36.26 14.81 0 36.56
4 16 5.22 0 39.92 3.28 0 38.1 3.11 0 36.15 4.1 0 36.17
4 16 4.1 0 36.17 3.11 0 36.15 2.61 0 35.73 4.1 0 35.63
4 16 4.59 0 31.16 4.1 0 35.63 2.61 0 35.73 3.39 0 31.16
3 16 2.61 0 35.73 1.79 0 35.58 3.39 0 31.16
4 16 .34 0 39.1 -.33 0 37.18 -.33 0 36.32 .42 0 36.24
4 16 -.33 0 36.32 -1.13 0 35.63 .97 0 35.72 .42 0 36.24
4 16 -1.93 0 35.63 -1.93 0 39.92 -2.77 0 38.54 -2.77 0 37.75
3 16 .97 0 35.72 -1.13 0 35.63 .6 0 31.16
4 16 -1.93 0 35.63 -2.77 0 37.75 -4.84 0 37.75 -5.32 0 35.55
4 16 -1.13 0 35.63 -1.93 0 35.63 -5.32 0 35.55 .6 0 31.16
3 16 12.91 0 36.58 14.81 0 36.56 9.4 0 37.18
4 16 29.34 0 27.56 29.01 0 28.98 24.79 0 28.8 24.56 0 27.78
4 16 24.56 0 27.78 23.9 0 27.02 30.32 0 26.5 29.34 0 27.56
4 16 22.43 0 26.66 31.68 0 26.03 30.32 0 26.5 23.2 0 26.74
3 16 30.32 0 26.5 23.9 0 27.02 23.2 0 26.74
3 16 79.08 0 22.82 77.69 0 31.93 77.67 0 25.98
3 16 79.08 0 22.82 77.67 0 25.98 31.68 0 26.03
4 16 -74.37 0 53.33 -78.97 0 22.82 -65.66 0 38.68 -65.74 0 40.63
3 16 -65.03 0 36.83 -65.66 0 38.68 -78.97 0 22.82
4 16 -78.97 0 22.82 79.08 0 22.82 31.68 0 26.03 -53.49 0 24.29
4 16 31.68 0 26.03 22.43 0 26.66 18.9 0 26.76 17.66 0 26.76
3 16 -63.92 0 35.23 -65.03 0 36.83 -78.97 0 22.82
3 16 -62.49 0 33.92 -63.92 0 35.23 -78.97 0 22.82
3 16 22.43 0 26.66 21.63 0 26.79 18.9 0 26.76
4 16 -54.98 0 26.83 -60.83 0 32.92 -62.49 0 33.92 -78.97 0 22.82
4 16 -56.76 0 31.38 -57.17 0 31.63 -59.03 0 32.2 -54.98 0 26.83
3 16 -59.03 0 32.2 -60.83 0 32.92 -54.98 0 26.83
3 16 22.62 0 27.46 23.27 0 27.68 22.73 0 28.62
4 16 23.77 0 28.93 22.73 0 28.62 23.27 0 27.68 23.67 0 28.23
4 16 23.69 0 29.63 23.32 0 30.21 22.67 0 30.42 22.84 0 29.4
4 16 21.88 0 30.32 21.88 0 29.4 22.84 0 29.4 22.67 0 30.42
4 16 23.69 0 29.63 22.84 0 29.4 22.73 0 28.62 23.77 0 28.93
4 16 22.62 0 27.46 22.73 0 28.62 20.89 0 28.62 21.4 0 27.76
4 16 18.9 0 26.76 20.99 0 27.08 21.4 0 27.76 20.89 0 28.62
4 16 20.91 0 35.55 20.52 0 31.16 20.89 0 30.82 21.76 0 31.15
4 16 20.89 0 30.82 20.52 0 31.16 18.9 0 26.76 20.89 0 28.62
4 16 17.66 0 26.76 16.04 0 31.15 15.46 0 31.16 15.46 0 26.76
3 16 21.63 0 26.79 20.99 0 27.08 18.9 0 26.76
3 16 14.47 0 26.76 31.68 0 26.03 15.46 0 26.76
3 16 17.66 0 26.76 15.46 0 26.76 31.68 0 26.03
3 16 31.68 0 26.03 14.47 0 26.76 10.61 0 26.76
3 16 -54.16 0 25.24 -54.98 0 26.83 -78.97 0 22.82
3 16 -53.49 0 24.29 -54.16 0 25.24 -78.97 0 22.82
4 16 12.42 0 31.16 12.24 0 31.16 10.61 0 26.76 12.42 0 30.33
4 16 7.58 0 31.16 6.08 0 28.91 9.38 0 26.76 7.76 0 31.15
4 16 14.47 0 30.33 12.42 0 30.33 10.61 0 26.76 14.47 0 26.76
3 16 31.68 0 26.03 10.61 0 26.76 9.38 0 26.76
3 16 9.38 0 26.76 6.08 0 28.91 7.51 0 26.76
3 16 31.68 0 26.03 9.38 0 26.76 7.51 0 26.76
3 16 31.68 0 26.03 7.51 0 26.76 6.33 0 26.76
3 16 31.68 0 26.03 6.33 0 26.76 4.56 0 26.76
3 16 6.33 0 26.76 5.46 0 28.2 4.56 0 26.76
3 16 -52.03 0 26.61 -52.94 0 24.89 -1.04 0 26.76
3 16 3.48 0 26.76 3.22 0 26.76 2.1 0 26.75
4 16 -52.94 0 24.89 -53.49 0 24.29 .03 0 26.76 -1.04 0 26.76
3 16 2.1 0 26.75 1.09 0 28.45 .03 0 26.76
4 16 -60.62 0 43.61 -64.78 0 41.28 -64.98 0 39.46 -59.24 0 38.44
4 16 -64.98 0 39.46 -64.51 0 37.69 -63.56 0 36.12 -59.24 0 38.44
4 16 -60.74 0 33.81 -59.24 0 38.44 -63.56 0 36.12 -62.26 0 34.84
4 16 -60.74 0 33.81 -59.08 0 33.08 -57.32 0 32.59 -59.24 0 38.44
3 16 -60.62 0 43.61 -61.06 0 45.52 -62.86 0 44.36
3 16 -56.79 0 47.27 -59.7 0 46.43 -59.15 0 45.04
4 16 -59.15 0 45.04 -57.42 0 42.04 -52.38 0 42.11 -56.79 0 47.27
4 16 -57.42 0 42.04 -56.19 0 40.45 -55.75 0 40.3 -54.11 0 40.84
3 16 -54.11 0 40.84 -52.38 0 42.11 -57.42 0 42.04
4 16 -50.78 0 47.38 -53.79 0 47.68 -52.38 0 42.11 -51.01 0 43.31
3 16 -56.79 0 47.27 -52.38 0 42.11 -53.79 0 47.68
3 16 -51.01 0 43.31 -47.84 0 46.64 -50.78 0 47.38
4 16 -41.99 0 40.92 -42.5 0 42.41 -43.35 0 43.73 -46.6 0 42.08
4 16 -45.87 0 45.49 -46.6 0 42.08 -43.35 0 43.73 -44.5 0 44.83
4 16 -46.65 0 33.51 -46.6 0 42.08 -49.61 0 32.52 -48.09 0 32.94
4 16 -46.65 0 33.51 -45.31 0 34.33 -44.06 0 35.28 -46.6 0 42.08
4 16 -44.06 0 35.28 -43 0 36.44 -42.23 0 37.83 -46.6 0 42.08
4 16 34.09 0 29.79 33.32 0 29.68 33.59 0 28.96 34.14 0 29.44
4 16 35.39 0 28.86 34.14 0 29.44 33.59 0 28.96 35.02 0 28.23
4 16 34.78 0 30 34.63 0 30.58 33.72 0 30.36 34.09 0 29.79
3 16 33.72 0 30.36 33.32 0 29.68 34.09 0 29.79
4 16 34.78 0 30 35.6 0 29.71 35.93 0 30.2 35.41 0 30.46
3 16 35.41 0 30.46 34.63 0 30.58 34.78 0 30
4 16 35.47 0 27.54 34.65 0 27.84 33.71 0 28.11 34.48 0 27.27
3 16 33.71 0 28.11 33.38 0 27.63 34.48 0 27.27
3 16 35.76 0 28.32 35.39 0 28.86 35.02 0 28.23
4 16 35.72 0 27.85 34.99 0 27.98 34.65 0 27.84 35.47 0 27.54
4 16 38.26 0 28.86 37.02 0 29.44 36.46 0 28.96 37.9 0 28.23
4 16 37.51 0 30.58 36.6 0 30.36 36.19 0 29.68 36.97 0 29.79
3 16 38.81 0 30.2 38.29 0 30.46 38.48 0 29.71
4 16 38.48 0 29.71 38.29 0 30.46 37.51 0 30.58 37.66 0 30
4 16 36.26 0 27.63 37.36 0 27.27 37.53 0 27.84 36.59 0 28.11
3 16 38.35 0 27.54 38.6 0 27.85 37.87 0 27.98
3 16 38.64 0 28.32 38.26 0 28.86 37.9 0 28.23
3 16 36.97 0 29.79 37.66 0 30 37.51 0 30.58
4 16 36.46 0 28.96 37.02 0 29.44 36.97 0 29.79 36.19 0 29.68
4 16 37.36 0 27.27 38.35 0 27.54 37.87 0 27.98 37.53 0 27.84
4 16 41.17 0 29.75 40.98 0 29.2 41 0 27.34 42.19 0 30.51
3 16 40.57 0 27.99 40.14 0 29.2 40.1 0 27.34
4 16 39.95 0 29.75 38.92 0 30.47 40.1 0 27.34 40.14 0 29.2
3 16 41 0 27.34 40.98 0 29.2 40.57 0 27.99
3 16 42.19 0 30.51 41.43 0 30.51 41.17 0 29.75
3 16 39.95 0 29.75 39.69 0 30.51 38.92 0 30.47
4 16 42.32 0 29.91 43.82 0 29.91 44.54 0 30.51 42.32 0 30.51
4 16 45.24 0 29.77 45.71 0 29.96 46.05 0 30.58 44.96 0 30.26
4 16 45.71 0 29.96 46.25 0 29.96 46.7 0 30.49 46.05 0 30.58
4 16 46.25 0 29.96 46.82 0 29.42 47.53 0 29.68 47.18 0 30.23
3 16 47.18 0 30.23 46.7 0 30.49 46.25 0 29.96
3 16 47.56 0 28.25 47.65 0 28.95 46.89 0 28.69
4 16 47.53 0 29.68 46.82 0 29.42 46.89 0 28.69 47.65 0 28.95
3 16 46.71 0 27.37 47.22 0 27.68 46.63 0 28.06
4 16 46.07 0 27.27 46.04 0 27.85 45.26 0 28.07 44.99 0 27.56
4 16 46.07 0 27.27 46.71 0 27.37 46.63 0 28.06 46.04 0 27.85
4 16 -6.35 0 36.41 -6.32 0 39.14 -7.53 0 39.05 -7.13 0 36.4
3 16 -7.53 0 39.05 -8.12 0 38.45 -7.13 0 36.4
4 16 -7.92 0 36.74 -7.13 0 36.4 -8.12 0 38.45 -8.27 0 37.55
4 16 -4.84 0 38.54 -5.32 0 39.98 -5.32 0 35.55 -4.84 0 37.75
4 16 -4.84 0 38.54 -2.77 0 38.54 -1.93 0 39.92 -5.32 0 39.98
4 16 14.28 0 39.2 13.54 0 39.21 12.89 0 38.95 14.77 0 38.94
4 16 12.27 0 37.75 14.77 0 38.94 12.89 0 38.95 12.27 0 38.54
3 16 8.74 0 36.58 9.4 0 37.18 8.74 0 39.92
4 16 10.19 0 37.75 10.19 0 38.54 8.74 0 39.92 9.4 0 37.18
4 16 12.89 0 38.95 12.5 0 39.63 10.19 0 38.54 12.27 0 38.54
4 16 .34 0 39.1 -.99 0 39.92 -.99 0 36.58 -.33 0 37.18
4 16 -5.32 0 39.98 -1.93 0 39.92 -.99 0 39.92 1.79 0 39.96
4 16 6.94 0 35.63 7.8 0 35.63 7.8 0 39.92 6.94 0 36.45
3 16 8.74 0 39.92 10.19 0 38.54 12.5 0 39.63
4 16 5.15 0 36.41 6.94 0 36.45 7.8 0 39.92 6.23 0 39.92
3 16 8.74 0 39.92 12.5 0 39.63 13.24 0 39.96
4 16 1.79 0 39.96 7.8 0 39.92 8.74 0 39.92 13.24 0 39.96
3 16 6.23 0 39.92 7.8 0 39.92 1.79 0 39.96
3 16 5.22 0 39.92 6.23 0 39.92 1.79 0 39.96
3 16 -.99 0 39.92 .34 0 39.1 .6 0 39.57
3 16 -.99 0 39.92 .6 0 39.57 1.08 0 39.86
3 16 3.05 0 39.48 3.28 0 38.1 5.22 0 39.92
3 16 2.5 0 39.86 3.05 0 39.48 5.22 0 39.92
3 16 -.99 0 39.92 1.08 0 39.86 1.79 0 39.96
3 16 1.79 0 39.96 2.5 0 39.86 5.22 0 39.92
3 16 14.81 0 36.56 15.16 0 37.43 12.27 0 37.75
4 16 14.77 0 38.94 12.27 0 37.75 15.16 0 37.43 15.07 0 38.45
4 16 1.34 0 38.97 1.28 0 36.71 2.3 0 36.71 2.34 0 38.37
4 16 1.79 0 39.19 1.34 0 38.97 2.34 0 38.37 2.21 0 39.01
4 16 2.11 0 36.44 2.3 0 36.71 1.28 0 36.71 1.79 0 36.36
3 16 1.28 0 36.71 1.43 0 36.46 1.79 0 36.36
4 16 74.69 0 38.92 75.42 0 38.64 75.7 0 39.12 75.12 0 39.43
4 16 74.09 0 38.71 74.69 0 38.92 75.12 0 39.43 74.56 0 39.51
4 16 73.4 0 38.54 74.09 0 38.71 74.56 0 39.51 73.71 0 39.24
4 16 74.09 0 38.71 73.4 0 38.54 73.71 0 37.83 74.13 0 38.37
4 16 73.46 0 36.55 74.49 0 36.2 74.58 0 36.77 73.75 0 37.03
4 16 74.88 0 36.9 74.58 0 36.77 74.49 0 36.2 75.34 0 36.5
4 16 74.91 0 37.16 74.88 0 36.9 75.34 0 36.5 75.56 0 37.25
3 16 75.56 0 37.25 75.23 0 37.79 74.91 0 37.16
4 16 33.61 0 38.12 32.56 0 36.27 33.25 0 36.27 33.93 0 37.49
4 16 34.25 0 38.13 33.93 0 37.49 34.58 0 36.27 35.3 0 36.3
3 16 34.25 0 38.13 34.25 0 39.44 33.61 0 39.44
4 16 33.93 0 37.49 34.25 0 38.13 33.61 0 39.44 33.61 0 38.12
4 16 36.05 0 37.1 35.56 0 36.65 36.2 0 36.29 36.33 0 36.85
4 16 37.49 0 36.27 36.82 0 36.82 36.33 0 36.85 36.2 0 36.29
3 16 37.49 0 36.27 36.86 0 37.76 36.82 0 36.82
4 16 36.86 0 38.28 36.86 0 37.76 37.49 0 36.27 37.49 0 39.44
3 16 37.49 0 39.44 36.86 0 39.44 36.86 0 38.28
4 16 36.62 0 38.28 35.9 0 39.44 35.19 0 39.4 35.97 0 38.19
4 16 36.86 0 38.28 36.62 0 38.28 36.32 0 37.72 36.86 0 37.76
3 16 36.62 0 38.28 35.97 0 38.19 36.32 0 37.72
4 16 36.32 0 37.72 35.97 0 38.19 35.42 0 37.6 36.07 0 37.52
4 16 36.07 0 37.52 35.42 0 37.6 35.56 0 36.65 36.05 0 37.1
3 16 38.77 0 36.86 37.87 0 36.86 37.87 0 36.27
4 16 38.77 0 36.86 37.87 0 36.27 40.33 0 36.27 39.41 0 36.86
3 16 40.33 0 36.27 40.33 0 36.86 39.41 0 36.86
4 16 39.41 0 39.44 38.77 0 39.44 38.77 0 36.86 39.41 0 36.86
4 16 41.67 0 36.77 40.84 0 37.03 40.55 0 36.55 41.58 0 36.2
3 16 42.65 0 37.25 42.32 0 37.79 42 0 37.16
4 16 42.43 0 36.5 42.65 0 37.25 42 0 37.16 41.97 0 36.9
4 16 41.58 0 36.2 42.43 0 36.5 41.97 0 36.9 41.67 0 36.77
4 16 41.18 0 38.71 40.49 0 38.54 40.8 0 37.83 41.22 0 38.37
4 16 42.32 0 37.79 41.22 0 38.37 40.8 0 37.83 42 0 37.16
4 16 41.78 0 38.92 41.65 0 39.51 40.8 0 39.24 41.18 0 38.71
3 16 40.8 0 39.24 40.49 0 38.54 41.18 0 38.71
4 16 41.78 0 38.92 42.51 0 38.64 42.79 0 39.12 42.21 0 39.43
3 16 42.21 0 39.43 41.65 0 39.51 41.78 0 38.92
4 16 43.2 0 36.27 43.84 0 36.27 43.84 0 39.44 43.2 0 39.44
4 16 45.64 0 38.17 45.02 0 38.17 44.38 0 37.61 45.56 0 37.61
4 16 44.38 0 37.61 45.02 0 38.17 45.02 0 38.76 44.38 0 39.2
4 16 45.34 0 38.91 45.83 0 38.83 46.28 0 39.31 45.36 0 39.5
4 16 46.68 0 38.85 46.21 0 38.17 46.77 0 37.09 46.88 0 38.03
4 16 46.21 0 38.17 46.07 0 37.11 46.38 0 36.5 46.77 0 37.09
4 16 45.43 0 36.2 46.38 0 36.5 46.07 0 37.11 45.49 0 36.77
4 16 44.45 0 36.5 45.43 0 36.2 45.49 0 36.77 44.71 0 36.99
4 16 44.38 0 39.2 45.02 0 38.76 45.34 0 38.91 45.36 0 39.5
4 16 47.45 0 37.54 48.57 0 37.54 48.57 0 38.1 47.52 0 38.1
4 16 47.27 0 36.83 47.27 0 36.27 49.21 0 36.27 48.57 0 36.83
3 16 48.57 0 37.54 48.57 0 36.83 49.21 0 36.27
4 16 47.25 0 38.87 48.57 0 38.87 49.21 0 39.44 47.25 0 39.44
3 16 48.57 0 38.87 48.57 0 38.1 49.21 0 39.44
4 16 51.02 0 38.28 50.3 0 39.44 49.6 0 39.4 50.37 0 38.19
4 16 50.73 0 37.72 50.37 0 38.19 49.82 0 37.6 50.47 0 37.52
4 16 49.96 0 36.65 50.45 0 37.1 50.47 0 37.52 49.82 0 37.6
3 16 51.9 0 39.44 51.26 0 39.44 51.26 0 38.28
3 16 51.26 0 38.28 51.02 0 38.28 51.26 0 37.76
4 16 50.37 0 38.19 50.73 0 37.72 51.26 0 37.76 51.02 0 38.28
4 16 51.26 0 38.28 51.26 0 37.76 51.9 0 36.27 51.9 0 39.44
4 16 50.61 0 36.29 50.73 0 36.85 50.45 0 37.1 49.96 0 36.65
4 16 50.73 0 36.85 50.61 0 36.29 51.9 0 36.27 51.22 0 36.82
3 16 51.9 0 36.27 51.26 0 37.76 51.22 0 36.82
4 16 57.95 0 39.44 55.99 0 39.44 55.99 0 38.87 57.32 0 38.87
4 16 57.95 0 36.27 57.32 0 36.83 56.02 0 36.83 56.02 0 36.27
3 16 57.95 0 39.44 57.32 0 38.87 57.32 0 38.1
4 16 56.2 0 37.54 57.32 0 37.54 57.32 0 38.1 56.27 0 38.1
3 16 57.32 0 37.54 57.32 0 36.83 57.95 0 36.27
4 16 59.79 0 38.1 58.74 0 38.1 58.67 0 37.54 59.79 0 37.54
4 16 58.47 0 38.87 59.79 0 38.87 60.43 0 39.44 58.47 0 39.44
3 16 60.43 0 39.44 59.79 0 38.87 59.79 0 38.1
4 16 60.43 0 36.27 59.79 0 36.83 58.49 0 36.83 58.49 0 36.27
4 16 59.79 0 37.54 60.43 0 36.27 60.43 0 39.44 59.79 0 38.1
3 16 59.79 0 37.54 59.79 0 36.83 60.43 0 36.27
4 16 62.76 0 39.44 60.81 0 39.44 60.81 0 38.84 62.12 0 38.84
4 16 64.5 0 38.18 63.44 0 38.18 63.37 0 37.62 64.5 0 37.62
3 16 65.13 0 39.44 64.5 0 39.44 64.5 0 38.18
4 16 63.19 0 36.83 63.19 0 36.27 65.13 0 36.27 64.5 0 36.83
3 16 65.13 0 39.44 64.5 0 38.18 64.5 0 37.62
4 16 66.65 0 37.72 66.3 0 38.19 65.75 0 37.6 66.4 0 37.52
4 16 65.89 0 36.65 66.38 0 37.1 66.4 0 37.52 65.75 0 37.6
4 16 65.52 0 39.4 66.3 0 38.19 66.94 0 38.28 66.22 0 39.44
4 16 67.18 0 38.28 67.18 0 37.76 67.82 0 36.27 67.82 0 39.44
3 16 66.3 0 38.19 66.65 0 37.72 66.94 0 38.28
4 16 66.65 0 37.72 67.18 0 37.76 67.18 0 38.28 66.94 0 38.28
3 16 67.82 0 39.44 67.18 0 39.44 67.18 0 38.28
4 16 66.53 0 36.29 66.66 0 36.85 66.38 0 37.1 65.89 0 36.65
3 16 67.82 0 36.27 67.18 0 37.76 67.15 0 36.82
4 16 69.65 0 36.91 69.27 0 38.12 68.2 0 39.4 69.24 0 36.27
3 16 70.03 0 36.27 70.01 0 38.12 69.65 0 36.91
3 16 71.07 0 39.44 70.41 0 39.44 70.18 0 38.68
3 16 69.1 0 38.68 68.87 0 39.44 68.2 0 39.4
4 16 70.03 0 36.27 71.07 0 39.44 70.18 0 38.68 70.01 0 38.12
3 16 69.1 0 38.68 68.2 0 39.4 69.27 0 38.12
4 16 69.27 0 38.12 70.01 0 38.12 70.18 0 38.68 69.1 0 38.68
3 16 71.68 0 36.86 70.78 0 36.86 70.78 0 36.27
4 16 71.68 0 36.86 70.78 0 36.27 73.24 0 36.27 72.32 0 36.86
3 16 73.24 0 36.27 73.24 0 36.86 72.32 0 36.86
4 16 72.32 0 39.44 71.68 0 39.44 71.68 0 36.86 72.32 0 36.86
3 16 55.74 0 36.27 55.74 0 36.86 54.82 0 36.86
3 16 54.18 0 36.86 53.28 0 36.86 53.28 0 36.27
4 16 54.82 0 39.44 54.18 0 39.44 54.18 0 36.86 54.82 0 36.86
4 16 6.3 0 47.98 5.9 0 48.13 5.1 0 48 5.17 0 47.62
4 16 6.65 0 48.09 6.3 0 47.98 5.17 0 47.62 7.13 0 46.28
4 16 7.13 0 46.28 8.53 0 48.87 6.85 0 48.43 6.65 0 48.09
3 16 5.9 0 48.13 5.75 0 48.49 5.1 0 48
3 16 8.27 0 46.23 8.15 0 45.8 8.73 0 46.43
3 16 8.15 0 45.8 8.33 0 45.33 8.73 0 45.2
3 16 9.33 0 45.8 8.73 0 45.2 9.2 0 45.39
4 16 8.73 0 46.43 8.15 0 45.8 8.73 0 45.2 9.33 0 45.8
3 16 9.33 0 45.8 9.17 0 46.26 8.73 0 46.43
4 16 19.08 0 45.45 19.49 0 45.27 19.96 0 45.58 18.95 0 45.93
4 16 18.98 0 47.72 18.95 0 45.93 19.96 0 45.58 19.97 0 47.82
4 16 35.54 0 48.31 33.44 0 48.31 33.44 0 47.74 34.86 0 47.74
4 16 33.65 0 46.41 34.86 0 46.41 34.86 0 46.97 33.73 0 46.97
3 16 35.54 0 48.31 34.86 0 47.74 34.86 0 46.97
4 16 35.54 0 45.14 34.86 0 45.7 33.46 0 45.7 33.46 0 45.14
3 16 34.86 0 46.41 34.86 0 45.7 35.54 0 45.14
4 16 63.81 0 48.31 63.13 0 47.71 63.13 0 45.14 63.81 0 45.14
4 16 57.72 0 48.2 57.32 0 47.7 57.56 0 47.33 58.16 0 47.71
4 16 56.9 0 47.8 57.32 0 47.7 57.72 0 48.2 56.95 0 48.38
4 16 56.46 0 47.66 56.9 0 47.8 56.95 0 48.38 56.15 0 48.21
4 16 56.25 0 47.28 56.46 0 47.66 56.15 0 48.21 55.65 0 47.65
4 16 55.65 0 47.65 55.54 0 45.14 56.22 0 45.14 56.25 0 47.28
4 16 58.16 0 47.71 57.56 0 47.33 57.61 0 45.14 58.29 0 45.14
4 16 60.06 0 45.78 60.48 0 45.14 61.59 0 48.31 60.45 0 46.99
3 16 60.06 0 45.78 59.67 0 46.99 59.63 0 45.14
3 16 61.59 0 48.31 60.88 0 48.31 60.64 0 47.55
3 16 59.48 0 47.55 59.23 0 48.31 58.51 0 48.27
3 16 60.45 0 46.99 61.59 0 48.31 60.64 0 47.55
4 16 59.63 0 45.14 59.67 0 46.99 59.48 0 47.55 58.51 0 48.27
4 16 59.48 0 47.55 59.67 0 46.99 60.45 0 46.99 60.64 0 47.55
4 16 54.93 0 45.14 54.93 0 48.31 54.26 0 48.31 54.24 0 46.21
4 16 52.91 0 48.31 52.17 0 48.31 52.17 0 45.14 52.83 0 47.28
3 16 52.17 0 45.14 52.83 0 45.14 52.83 0 47.28
4 16 52.91 0 48.31 52.83 0 47.28 54.19 0 45.14 54.24 0 46.21
3 16 54.19 0 45.14 54.93 0 45.14 54.24 0 46.21
4 16 50.33 0 47.75 50.87 0 47.22 51.54 0 47.48 51.2 0 48.03
4 16 50.15 0 48.38 50.33 0 47.75 51.2 0 48.03 50.76 0 48.29
4 16 50.15 0 48.38 49.11 0 48.06 49.38 0 47.57 49.82 0 47.76
3 16 51.56 0 46.05 51.65 0 46.75 50.93 0 46.49
4 16 51.25 0 45.48 51.56 0 46.05 50.93 0 46.49 50.69 0 45.86
4 16 50.13 0 45.65 50.76 0 45.17 51.25 0 45.48 50.69 0 45.86
3 16 49.39 0 45.87 49.14 0 45.36 50.13 0 45.65
4 16 50.76 0 45.17 50.13 0 45.65 49.14 0 45.36 50.17 0 45.07
3 16 50.15 0 48.38 49.82 0 47.76 50.33 0 47.75
3 16 48.72 0 48.31 48.04 0 48.31 48.04 0 46.99
3 16 46.63 0 46.99 46.63 0 48.31 45.95 0 48.31
3 16 48.04 0 45.14 48.72 0 45.14 48.04 0 46.41
4 16 48.72 0 48.31 48.04 0 46.99 48.04 0 46.41 48.72 0 45.14
4 16 45.95 0 48.31 45.95 0 45.14 46.63 0 46.41 46.63 0 46.99
3 16 45.95 0 45.14 46.63 0 45.14 46.63 0 46.41
4 16 46.63 0 46.99 46.63 0 46.41 48.04 0 46.41 48.04 0 46.99
3 16 41.35 0 48.31 40.64 0 48.31 40.4 0 47.55
3 16 39.24 0 47.55 38.99 0 48.31 38.27 0 48.27
4 16 40.24 0 45.14 41.35 0 48.31 40.4 0 47.55 40.21 0 46.99
4 16 39.39 0 45.14 39.43 0 46.99 39.24 0 47.55 38.27 0 48.27
4 16 39.24 0 47.55 39.43 0 46.99 40.21 0 46.99 40.4 0 47.55
3 16 39.82 0 45.78 39.43 0 46.99 39.39 0 45.14
3 16 40.24 0 45.14 40.21 0 46.99 39.82 0 45.78
3 16 36.91 0 45.73 35.94 0 45.73 35.94 0 45.14
4 16 37.59 0 48.31 36.91 0 48.31 36.91 0 45.73 37.59 0 45.73
3 16 38.58 0 45.14 38.58 0 45.73 37.59 0 45.73
4 16 43.29 0 47.71 42.4 0 48.17 41.86 0 47.83 42.48 0 47.53
4 16 42.4 0 48.17 43.29 0 47.71 43.5 0 47.71 44.18 0 48.31
4 16 41.52 0 47.26 42.2 0 46.97 42.48 0 47.53 41.86 0 47.83
4 16 41.72 0 45.68 42.35 0 46.05 42.2 0 46.97 41.47 0 46.36
3 16 42.2 0 46.97 41.52 0 47.26 41.47 0 46.36
4 16 43.01 0 45.74 42.35 0 46.05 41.72 0 45.68 42.23 0 45.3
3 16 42.23 0 45.3 43.15 0 45.14 43.01 0 45.74
4 16 43.5 0 47.71 43.5 0 45.95 44.18 0 45.14 44.18 0 48.31
3 16 44.18 0 45.14 43.5 0 45.95 43.46 0 45.73
4 71 -77.32 0 -56.16 -75.93 0 -54.1 -76.71 0 -54.51 -77.17 0 -55.28
3 71 48.66 0 57.04 49.43 0 56.87 50.32 0 56.94
3 71 47.26 0 53.81 45.92 0 53.84 45.32 0 53.74
4 71 39.2 0 55.38 37.69 0 54.6 38.32 0 54.3 38.97 0 54.59
4 71 23.01 0 57.34 22.05 0 57.13 22.42 0 56.45 22.96 0 56.62
3 71 6.71 0 54.11 6.18 0 53.31 7.21 0 53.31
3 71 -4.78 0 54.11 -5.31 0 53.31 -4.29 0 53.31
4 71 -11.28 0 53.31 -11.28 0 57.26 -12.1 0 57.26 -12.1 0 53.31
4 71 -14.61 0 54.04 -15.77 0 53.31 -12.59 0 53.31 -13.79 0 54.04
4 71 -18.94 0 55.62 -18.72 0 56.31 -20.1 0 56.31 -19.88 0 55.62
3 71 -19.41 0 54.11 -19.93 0 53.31 -18.91 0 53.31
4 71 -32.32 0 57.26 -33.14 0 55.59 -33.14 0 54.9 -32.32 0 53.31
4 71 -41.98 0 57.26 -41.98 0 55.61 -41.57 0 54.83 -41.15 0 55.63
3 71 -44.82 0 54.11 -45.34 0 53.31 -44.32 0 53.31
4 71 -66.01 0 56.31 -67.39 0 56.31 -67.17 0 55.62 -66.22 0 55.62
3 71 -66.69 0 54.11 -67.22 0 53.31 -66.2 0 53.31
4 71 -71.77 0 54.31 -70.91 0 54.34 -70.86 0 54.91 -71.73 0 54.96
4 71 -69.05 0 53.31 -69.92 0 54 -70.6 0 54.05 -70.71 0 53.34
4 71 -26.94 0 53.31 -26.12 0 53.31 -26.12 0 57.26 -26.94 0 56.51
4 71 1.01 0 55.8 1.84 0 55.24 2.23 0 55.24 2.18 0 55.93
4 71 9.86 0 53.31 9.86 0 57.26 9.04 0 57.26 9.04 0 53.31
4 71 13.18 0 57.26 12.36 0 55.24 12.31 0 54 13.18 0 53.31
4 71 46.05 0 30.58 31.81 0 31.89 42.19 0 30.51 42.32 0 30.51
3 71 40.1 0 27.34 38.6 0 27.85 38.35 0 27.54
4 71 -57.32 0 32.59 -49.61 0 32.52 -54.11 0 40.84 -55.75 0 40.3
4 71 -50.49 0 48.19 -53.76 0 48.52 -53.79 0 47.68 -50.78 0 47.38
4 71 5.46 0 28.2 6.08 0 28.91 5.49 0 29.54 4.89 0 28.83
3 71 9.38 0 26.76 10.61 0 26.76 10.01 0 27.65
4 71 14.47 0 26.76 15.46 0 26.76 15.46 0 31.16 14.47 0 30.33
3 71 17.66 0 26.76 18.9 0 26.76 18.3 0 27.65
3 71 40.14 0 29.2 40.57 0 27.99 40.98 0 29.2
4 71 12.27 0 38.54 10.19 0 38.54 10.19 0 37.75 12.27 0 37.75
4 71 8.6 0 35.63 9.4 0 36.32 9.4 0 37.18 8.74 0 36.58
4 71 4.1 0 35.63 6.94 0 35.63 6.94 0 36.45 5.15 0 36.41
4 71 -1.13 0 35.63 -.33 0 36.32 -.33 0 37.18 -.99 0 36.58
4 71 -4.84 0 37.75 -2.77 0 37.75 -2.77 0 38.54 -4.84 0 38.54
4 71 44.71 0 36.99 44.38 0 37.61 43.84 0 36.27 44.45 0 36.5
3 71 69.27 0 38.12 69.65 0 36.91 70.01 0 38.12
4 71 2.55 0 48.4 2.35 0 47.85 3.24 0 47.58 3.34 0 47.95
4 71 6.3 0 47.98 6.3 0 48.95 5.9 0 48.79 5.9 0 48.13
4 71 7.84 0 44.46 8.4 0 44.29 8.73 0 45.2 8.33 0 45.33
4 71 7.13 0 46.28 8.27 0 46.23 8.73 0 46.43 8.76 0 47.52
4 71 11.14 0 48.4 10.94 0 47.85 11.83 0 47.58 11.93 0 47.95
4 71 14.55 0 45.08 15.57 0 45.33 16.62 0 48.87 15.64 0 48.87
4 71 18.69 0 44.63 19.08 0 45.45 18.95 0 45.93 18.16 0 45.15
4 71 18.08 0 48.04 18.98 0 47.72 19.18 0 48.05 18.33 0 48.51
4 71 24.86 0 48.2 22.92 0 48.2 22.93 0 47.42 23.79 0 47.42
3 71 48.04 0 48.31 48.72 0 48.31 50.15 0 48.38
3 71 59.67 0 46.99 60.06 0 45.78 60.45 0 46.99
3 71 40.21 0 46.99 39.43 0 46.99 39.82 0 45.78
4 71 22.01 0 48.2 22.02 0 47.42 22.93 0 47.42 22.92 0 48.2
4 71 21.63 0 48.2 21.63 0 47.42 22.02 0 47.42 22.01 0 48.2
4 71 22.94 0 46.68 22.93 0 47.42 22.02 0 47.42 22.03 0 46.68
4 71 77.9 0 -35.01 77.9 0 -22.13 63.27 0 -22.09 63.27 0 -35.01
3 71 62.96 0 -51.81 62.42 0 -52.65 70.33 0 -58.54
4 71 17.01 0 -58.53 34.22 0 -58.53 34.22 0 -53.79 17.01 0 -53.79
4 71 -52.6 0 -58.53 15.22 0 -58.53 15.22 0 -53.79 -52.6 0 -53.79
4 71 -69.65 0 -58.53 -54.56 0 -58.53 -54.56 0 -53.79 -69.65 0 -53.79
4 71 -75.08 0 -53.79 -75.93 0 -54.1 -77.32 0 -56.16 -75.17 0 -58.55
3 71 -77.19 0 -57.04 -76.75 0 -57.81 -76.03 0 -58.32
4 71 -77.19 0 -57.04 -76.03 0 -58.32 -75.17 0 -58.55 -77.32 0 -56.16
4 71 -75.17 0 -58.55 -71.53 0 -58.53 -71.53 0 -53.79 -75.08 0 -53.79
3 71 -74.7 0 57.02 -75.1 0 56.13 -74.24 0 56.32
4 71 -74.75 0 55.29 -74.15 0 55.9 -74.24 0 56.32 -75.1 0 56.13
4 71 -73.98 0 56.56 -73.55 0 56.62 -72.72 0 57.19 -73.61 0 57.34
4 71 -74.24 0 56.32 -73.98 0 56.56 -73.61 0 57.34 -74.7 0 57.02
4 71 -72.13 0 56.87 -72.72 0 57.19 -73.55 0 56.62 -72.5 0 56.26
4 71 -75.03 0 53.67 -74.37 0 53.33 -74.06 0 53.98 -74.65 0 54.26
3 71 -74.37 0 53.33 -73.7 0 53.22 -74.06 0 53.98
4 71 -72.6 0 53.6 -73.18 0 54.13 -73.53 0 53.94 -73.1 0 53.31
4 71 -72.35 0 54.01 -72.32 0 54.53 -72.7 0 55.17 -73.16 0 54.42
4 71 -72.6 0 53.6 -72.35 0 54.01 -73.16 0 54.42 -73.18 0 54.13
4 71 -73.1 0 53.31 -73.53 0 53.94 -74.06 0 53.98 -73.7 0 53.22
4 71 -72.7 0 55.17 -74.15 0 55.9 -74.75 0 55.29 -73.16 0 54.42
4 71 48.66 0 57.04 57.24 0 57.04 77.69 0 58.45 31.81 0 58.41
4 71 29.41 0 56.91 33.5 0 56.98 31.81 0 58.41 30.45 0 57.93
3 71 34.23 0 56.98 31.81 0 58.41 33.5 0 56.98
3 71 29.01 0 55.5 29.34 0 54.08 33.5 0 53.81
4 71 29.41 0 56.91 29.01 0 55.5 33.5 0 53.81 33.5 0 56.98
3 71 34.23 0 56.98 35.57 0 54.87 35.59 0 56.98
3 71 34.23 0 56.98 35.59 0 56.98 31.81 0 58.41
4 71 77.67 0 52.5 77.69 0 58.45 67.89 0 56.15 68 0 55.42
3 71 36.25 0 56.98 37.72 0 56.94 38.35 0 57.04
4 71 35.59 0 56.98 36.25 0 56.98 38.35 0 57.04 31.81 0 58.41
3 71 67.55 0 56.69 67.89 0 56.15 77.69 0 58.45
3 71 67.11 0 56.96 67.55 0 56.69 77.69 0 58.45
4 71 38.95 0 56.95 40.42 0 56.98 31.81 0 58.41 38.35 0 57.04
3 71 31.81 0 58.41 40.42 0 56.98 41.1 0 56.98
3 71 66.49 0 57.04 67.11 0 56.96 77.69 0 58.45
4 71 39.79 0 56.08 39.9 0 55.38 40.42 0 53.81 40.42 0 56.98
3 71 39.47 0 56.61 39.79 0 56.08 40.42 0 56.98
3 71 41.1 0 56.98 42.47 0 56.98 31.81 0 58.41
3 71 38.95 0 56.95 39.47 0 56.61 40.42 0 56.98
4 71 43.16 0 56.98 43.16 0 54.4 44.15 0 54.4 44.53 0 56.24
4 71 42.47 0 56.98 43.16 0 56.98 45.3 0 57.04 31.81 0 58.41
4 71 44.15 0 53.81 44.29 0 54.03 44.55 0 54.54 44.15 0 54.4
4 71 45.85 0 54.52 46.09 0 55.15 44.55 0 54.54 45.29 0 54.31
4 71 65.73 0 56.24 67.22 0 55.88 66.68 0 56.42 66.17 0 56.43
4 71 67.28 0 55.15 67.22 0 55.88 65.73 0 56.24 65.3 0 55.38
3 71 65.19 0 56.08 65.3 0 55.38 65.73 0 56.24
4 71 65.73 0 56.24 65.46 0 56.73 64.87 0 56.61 65.19 0 56.08
4 71 64.87 0 56.61 65.46 0 56.73 66.49 0 57.04 64.35 0 56.95
3 71 61.65 0 56.98 63.12 0 56.94 63.75 0 57.04
4 71 77.69 0 58.45 63.75 0 57.04 64.35 0 56.95 66.49 0 57.04
4 71 44.15 0 54.4 44.55 0 54.54 46.09 0 55.15 44.53 0 56.24
4 71 44.97 0 56.43 44.53 0 56.24 46.09 0 55.15 46.03 0 55.88
3 71 46.03 0 55.88 45.49 0 56.42 44.97 0 56.43
3 71 60.99 0 56.98 61.65 0 56.98 63.75 0 57.04
3 71 59.64 0 56.98 60.97 0 54.87 60.99 0 56.98
3 71 57.97 0 56.93 58.47 0 56.66 58.9 0 56.98
4 71 59.64 0 56.98 60.99 0 56.98 63.75 0 57.04 57.24 0 57.04
3 71 57.24 0 57.04 57.97 0 56.93 58.9 0 56.98
3 71 58.9 0 56.98 59.64 0 56.98 57.24 0 57.04
3 71 63.75 0 57.04 77.69 0 58.45 57.24 0 57.04
3 71 43.16 0 56.98 44.53 0 56.24 44.27 0 56.73
3 71 43.16 0 56.98 44.27 0 56.73 45.3 0 57.04
3 71 57.59 0 54.46 57.6 0 54.71 57.31 0 54.31
4 71 57.31 0 54.31 57.6 0 54.71 56.29 0 55.4 56.37 0 54.57
4 71 55.83 0 53.81 56.06 0 54.09 56.37 0 54.57 55.83 0 54.4
4 71 56.38 0 56.82 54.83 0 56.98 54.83 0 54.4 56 0 56.15
4 71 55.83 0 54.4 56.29 0 55.4 56 0 56.15 54.83 0 54.4
3 71 52.1 0 56.98 52.78 0 56.98 48.66 0 57.04
3 71 55.83 0 54.4 56.37 0 54.57 56.29 0 55.4
3 71 54.83 0 56.98 56.38 0 56.82 57.24 0 57.04
3 71 31.81 0 58.41 45.3 0 57.04 48.66 0 57.04
3 71 54.83 0 56.98 57.24 0 57.04 54.15 0 56.98
4 71 46.69 0 56.15 47.37 0 56.32 47.87 0 56.87 46.36 0 56.69
3 71 46.36 0 56.69 47.87 0 56.87 45.91 0 56.96
4 71 45.3 0 57.04 45.91 0 56.96 47.87 0 56.87 48.66 0 57.04
4 71 54.15 0 56.98 57.24 0 57.04 48.66 0 57.04 52.78 0 56.98
4 71 52.1 0 55.82 52.1 0 56.98 51.07 0 56.98 51.84 0 55.82
3 71 51.07 0 56.98 52.1 0 56.98 48.66 0 57.04
4 71 50.56 0 55.14 51.15 0 55.73 50.32 0 56.94 49.87 0 56.38
3 71 50.32 0 56.94 51.07 0 56.98 48.66 0 57.04
4 71 50.71 0 54.19 50.56 0 55.14 49.87 0 56.38 50.01 0 53.81
3 71 49.43 0 56.87 49.87 0 56.38 50.32 0 56.94
4 71 65.74 0 54.54 66.48 0 54.31 67.04 0 54.52 67.28 0 55.15
4 71 67.28 0 55.15 65.3 0 55.38 65.2 0 54.73 65.74 0 54.54
4 71 64.86 0 54.17 65.49 0 54.03 65.74 0 54.54 65.2 0 54.73
4 71 64.86 0 54.17 64.35 0 53.84 66.51 0 53.74 65.49 0 54.03
3 71 77.67 0 52.5 68 0 55.42 67.91 0 54.71
4 71 29.34 0 54.08 30.32 0 53.02 31.68 0 52.55 33.5 0 53.81
4 71 38.32 0 53.74 36.25 0 53.81 35.52 0 53.81 31.68 0 52.55
3 71 34.16 0 53.81 33.5 0 53.81 31.68 0 52.55
3 71 35.52 0 53.81 34.16 0 55.94 34.16 0 53.81
3 71 35.52 0 53.81 34.16 0 53.81 31.68 0 52.55
3 71 77.67 0 52.5 67.91 0 54.71 67.59 0 54.15
3 71 77.67 0 52.5 67.59 0 54.15 67.11 0 53.84
4 71 41.1 0 53.81 40.42 0 53.81 38.32 0 53.74 31.68 0 52.55
3 71 77.67 0 52.5 67.11 0 53.84 66.51 0 53.74
4 71 64.35 0 53.84 63.72 0 53.74 77.67 0 52.5 66.51 0 53.74
3 71 37.2 0 56.61 37.72 0 56.94 36.25 0 56.98
3 71 36.87 0 56.05 37.2 0 56.61 36.25 0 56.98
4 71 36.25 0 53.81 36.77 0 55.4 36.87 0 56.05 36.25 0 56.98
3 71 62.6 0 56.61 63.12 0 56.94 61.65 0 56.98
3 71 62.27 0 56.05 62.6 0 56.61 61.65 0 56.98
3 71 62.17 0 55.4 62.27 0 56.05 61.65 0 56.98
4 71 61.65 0 56.98 61.65 0 53.81 62.28 0 54.7 62.17 0 55.4
3 71 60.92 0 53.81 59.56 0 55.94 59.56 0 53.81
3 71 62.6 0 54.17 62.28 0 54.7 61.65 0 53.81
3 71 63.12 0 53.83 62.6 0 54.17 61.65 0 53.81
3 71 63.72 0 53.74 63.12 0 53.83 61.65 0 53.81
3 71 63.72 0 53.74 61.65 0 53.81 60.92 0 53.81
3 71 36.88 0 54.7 36.77 0 55.4 36.25 0 53.81
3 71 37.19 0 54.17 36.88 0 54.7 36.25 0 53.81
4 71 77.67 0 52.5 63.72 0 53.74 60.92 0 53.81 57.1 0 53.74
3 71 60.92 0 53.81 59.56 0 53.81 57.1 0 53.74
3 71 37.72 0 53.83 37.19 0 54.17 36.25 0 53.81
3 71 38.32 0 53.74 37.72 0 53.83 36.25 0 53.81
3 71 59.56 0 53.81 58.9 0 53.81 57.1 0 53.74
4 71 58.16 0 56.18 58.31 0 54.79 58.9 0 53.81 58.9 0 56.98
3 71 58.9 0 56.98 58.47 0 56.66 58.16 0 56.18
3 71 38.95 0 53.84 38.32 0 53.74 40.42 0 53.81
4 71 56.72 0 56.22 56.79 0 55.89 57.99 0 55.3 57.29 0 56.47
4 71 57.29 0 56.47 57.99 0 55.3 58.31 0 54.79 58.16 0 56.18
3 71 40.42 0 53.81 39.9 0 55.38 39.8 0 54.73
4 71 42.47 0 56.98 41.1 0 56.98 41.1 0 53.81 41.51 0 54.4
3 71 40.42 0 53.81 39.8 0 54.73 39.46 0 54.17
3 71 40.42 0 53.81 39.46 0 54.17 38.95 0 53.84
3 71 58.9 0 53.81 58.31 0 54.79 58.03 0 54
3 71 58.9 0 53.81 58.03 0 54 57.1 0 53.74
3 71 57.1 0 53.74 56.06 0 54.09 55.83 0 53.81
3 71 57.1 0 53.74 55.83 0 53.81 53.18 0 53.81
3 71 41.51 0 54.4 42.47 0 54.4 42.47 0 56.98
3 71 57.1 0 53.74 53.18 0 53.81 52.78 0 53.81
3 71 53.18 0 54.4 54.15 0 54.4 54.15 0 56.98
4 71 54.15 0 56.98 52.78 0 56.98 52.78 0 53.81 53.18 0 54.4
3 71 53.18 0 53.81 53.18 0 54.4 52.78 0 53.81
3 71 51.4 0 53.83 50.71 0 54.19 50.01 0 53.81
4 71 77.67 0 52.5 57.1 0 53.74 52.78 0 53.81 31.68 0 52.55
4 71 31.68 0 52.55 52.78 0 53.81 51.4 0 53.83 50.01 0 53.81
3 71 49.28 0 56 49.04 0 56.37 48.62 0 56.47
4 71 49.28 0 56 48.62 0 56.47 48.17 0 56.33 47.97 0 55.95
4 71 45.32 0 53.74 31.68 0 52.55 50.01 0 53.81 49.33 0 53.81
3 71 41.51 0 53.81 41.51 0 54.4 41.1 0 53.81
3 71 44.15 0 53.81 41.51 0 53.81 45.32 0 53.74
4 71 41.1 0 53.81 31.68 0 52.55 45.32 0 53.74 41.51 0 53.81
4 71 49.28 0 56 47.97 0 55.95 47.94 0 53.81 49.33 0 53.81
4 71 46.69 0 56.15 46.81 0 55.42 47.26 0 53.81 47.37 0 56.32
3 71 47.26 0 53.81 46.81 0 55.42 46.72 0 54.71
3 71 49.33 0 53.81 47.94 0 53.81 45.32 0 53.74
3 71 47.94 0 53.81 47.26 0 53.81 45.32 0 53.74
3 71 45.32 0 53.74 44.29 0 54.03 44.15 0 53.81
3 71 47.26 0 53.81 46.72 0 54.71 46.4 0 54.15
3 71 47.26 0 53.81 46.4 0 54.15 45.92 0 53.84
4 71 39.2 0 55.38 38.98 0 56.19 37.71 0 56.21 37.47 0 55.41
3 71 38.98 0 56.19 38.35 0 56.48 37.71 0 56.21
3 71 37.47 0 55.41 37.69 0 54.6 39.2 0 55.38
4 71 51.28 0 55.09 51.24 0 54.64 51.45 0 54.41 51.58 0 55.28
4 71 52.1 0 55.3 51.58 0 55.28 51.45 0 54.41 52.06 0 54.36
4 71 63.72 0 54.3 64.37 0 54.59 64.6 0 55.38 63.09 0 54.6
4 71 64.6 0 55.38 64.38 0 56.19 63.11 0 56.21 62.87 0 55.41
3 71 64.38 0 56.19 63.75 0 56.48 63.11 0 56.21
3 71 62.87 0 55.41 63.09 0 54.6 64.6 0 55.38
4 71 23.94 0 57.12 23.46 0 56.5 23.75 0 56.04 24.47 0 56.52
4 71 22.96 0 56.62 23.46 0 56.5 23.94 0 57.12 23.01 0 57.34
4 71 21.45 0 56.43 21.32 0 53.31 22.14 0 53.31 22.17 0 55.97
4 71 22.05 0 57.13 21.45 0 56.43 22.17 0 55.97 22.42 0 56.45
4 71 24.47 0 56.52 23.75 0 56.04 23.81 0 53.31 24.63 0 53.31
3 71 18.9 0 54.04 17.73 0 54.04 17.73 0 53.31
4 71 19.72 0 57.26 18.9 0 57.26 18.9 0 54.04 19.72 0 54.04
3 71 20.91 0 53.31 20.91 0 54.04 19.72 0 54.04
4 71 20.91 0 53.31 19.72 0 54.04 18.9 0 54.04 17.73 0 53.31
3 71 17.44 0 56.14 17.06 0 56.81 16.47 0 56.27
4 71 17.57 0 55.27 17.44 0 56.14 16.47 0 56.27 16.73 0 55.26
4 71 16.47 0 56.27 17.06 0 56.81 16.43 0 57.22 16.19 0 56.52
3 71 14.95 0 57.21 14.33 0 56.8 14.94 0 56.3
4 71 15.71 0 57.34 14.95 0 57.21 14.94 0 56.3 15.71 0 56.63
3 71 13.92 0 56.1 13.81 0 55.29 14.65 0 55.3
4 71 14.33 0 56.8 13.92 0 56.1 14.65 0 55.3 14.94 0 56.3
4 71 15.71 0 57.34 15.71 0 56.63 16.19 0 56.52 16.43 0 57.22
4 71 14.91 0 54.29 14.65 0 55.3 13.81 0 55.29 13.94 0 54.43
3 71 13.94 0 54.43 14.32 0 53.76 14.91 0 54.29
4 71 15.27 0 54 14.91 0 54.29 14.32 0 53.76 14.95 0 53.34
4 71 14.95 0 53.34 15.67 0 53.22 15.67 0 53.93 15.27 0 54
4 71 16.17 0 54.04 15.67 0 53.93 15.67 0 53.22 16.43 0 53.36
4 71 16.46 0 54.29 16.17 0 54.04 16.43 0 53.36 17.05 0 53.76
3 71 17.05 0 53.76 17.46 0 54.46 16.46 0 54.29
4 71 17.57 0 55.27 16.73 0 55.26 16.46 0 54.29 17.46 0 54.46
3 71 8.55 0 57.26 7.69 0 57.26 7.4 0 56.31
3 71 6.01 0 56.31 5.71 0 57.26 4.84 0 57.26
4 71 6.23 0 55.62 7.18 0 55.62 7.4 0 56.31 6.01 0 56.31
3 71 6.71 0 54.11 6.23 0 55.62 6.18 0 53.31
4 71 6.01 0 56.31 4.84 0 57.26 6.18 0 53.31 6.23 0 55.62
4 71 7.4 0 56.31 7.18 0 55.62 7.21 0 53.31 8.55 0 57.26
3 71 7.21 0 53.31 7.18 0 55.62 6.71 0 54.11
3 71 -2.94 0 57.27 -3.8 0 57.26 -4.1 0 56.31
3 71 -5.48 0 56.31 -5.78 0 57.25 -6.65 0 57.25
4 71 -5.26 0 55.62 -4.32 0 55.62 -4.1 0 56.31 -5.48 0 56.31
3 71 -4.78 0 54.11 -5.26 0 55.62 -5.31 0 53.31
4 71 -5.48 0 56.31 -6.65 0 57.25 -5.31 0 53.31 -5.26 0 55.62
4 71 -4.1 0 56.31 -4.32 0 55.62 -4.29 0 53.31 -2.94 0 57.27
3 71 -4.29 0 53.31 -4.32 0 55.62 -4.78 0 54.11
4 71 -7.14 0 53.31 -7.14 0 57.26 -7.94 0 57.26 -7.94 0 54.59
3 71 -9.57 0 57.26 -10.46 0 57.26 -9.65 0 55.95
4 71 -9.66 0 53.31 -9.65 0 55.95 -10.46 0 57.26 -10.46 0 53.31
4 71 -9.57 0 57.26 -9.65 0 55.95 -8.02 0 53.31 -7.94 0 54.59
3 71 -8.02 0 53.31 -7.14 0 53.31 -7.94 0 54.59
3 71 -14.61 0 54.04 -15.77 0 54.04 -15.77 0 53.31
4 71 -13.79 0 57.26 -14.61 0 57.26 -14.61 0 54.04 -13.79 0 54.04
3 71 -12.59 0 53.31 -12.59 0 54.04 -13.79 0 54.04
3 71 -17.56 0 57.25 -18.42 0 57.25 -18.72 0 56.31
3 71 -20.1 0 56.31 -20.4 0 57.26 -21.28 0 57.26
4 71 -18.91 0 53.31 -17.56 0 57.25 -18.72 0 56.31 -18.94 0 55.62
4 71 -19.93 0 53.31 -19.88 0 55.62 -20.1 0 56.31 -21.28 0 57.26
3 71 -19.41 0 54.11 -19.88 0 55.62 -19.93 0 53.31
3 71 -18.91 0 53.31 -18.94 0 55.62 -19.41 0 54.11
4 71 -32.32 0 57.26 -34.85 0 57.26 -34.85 0 56.55 -33.14 0 56.55
4 71 -32.32 0 53.31 -33.14 0 54.01 -34.83 0 54.01 -34.83 0 53.31
3 71 -32.32 0 57.26 -33.14 0 56.55 -33.14 0 55.59
4 71 -33.14 0 55.59 -34.5 0 55.59 -34.59 0 54.9 -33.14 0 54.9
3 71 -33.14 0 54.9 -33.14 0 54.01 -32.32 0 53.31
4 71 -37.19 0 54.04 -36.37 0 54.04 -36.37 0 57.26 -37.19 0 57.26
3 71 -37.19 0 54.04 -38.36 0 54.04 -38.36 0 53.31
3 71 -35.18 0 53.31 -35.18 0 54.04 -36.37 0 54.04
4 71 -35.18 0 53.31 -36.37 0 54.04 -37.19 0 54.04 -38.36 0 53.31
3 71 -41.15 0 55.63 -41.15 0 57.26 -41.98 0 57.26
4 71 -41.98 0 55.61 -43.34 0 53.31 -42.45 0 53.31 -41.57 0 54.83
4 71 -41.15 0 55.63 -41.57 0 54.83 -40.73 0 53.31 -39.8 0 53.31
3 71 -42.97 0 57.26 -43.83 0 57.26 -44.13 0 56.31
4 71 -45.82 0 57.26 -46.69 0 57.26 -45.3 0 55.62 -45.51 0 56.31
4 71 -45.3 0 55.62 -44.35 0 55.62 -44.13 0 56.31 -45.51 0 56.31
4 71 -46.69 0 57.26 -45.34 0 53.31 -44.82 0 54.11 -45.3 0 55.62
4 71 -44.13 0 56.31 -44.35 0 55.62 -44.32 0 53.31 -42.97 0 57.26
3 71 -44.32 0 53.31 -44.35 0 55.62 -44.82 0 54.11
4 71 -47.99 0 55.17 -47.17 0 57.26 -47.99 0 57.26 -48.03 0 55.82
4 71 -50.14 0 57.21 -49.14 0 55.7 -48.3 0 55.82 -49.23 0 57.26
4 71 -48.03 0 55.82 -48.3 0 55.82 -48.62 0 55.14 -47.99 0 55.17
4 71 -49.14 0 55.7 -49.56 0 55.44 -49.85 0 54.96 -48.98 0 54.91
4 71 -48.98 0 54.91 -49.85 0 54.96 -49.89 0 54.31 -49.03 0 54.34
4 71 -48.3 0 55.82 -49.14 0 55.7 -48.98 0 54.91 -48.62 0 55.14
4 71 -48.83 0 53.34 -48.72 0 54.05 -49.03 0 54.34 -49.67 0 53.79
3 71 -49.03 0 54.34 -49.89 0 54.31 -49.67 0 53.79
4 71 -47.17 0 57.26 -47.99 0 55.17 -48.04 0 54 -47.17 0 53.31
4 71 -48.72 0 54.05 -48.83 0 53.34 -47.17 0 53.31 -48.04 0 54
4 71 -51.72 0 56.51 -51.46 0 56.51 -50.64 0 57.26 -52.11 0 57.25
4 71 -51.72 0 56.51 -52.11 0 57.25 -52.79 0 57.09 -52.65 0 56.33
3 71 -52.79 0 57.09 -53.44 0 56.66 -52.65 0 56.33
4 71 -53.85 0 55.95 -53.03 0 55.59 -52.65 0 56.33 -53.44 0 56.66
3 71 -53.03 0 55.59 -53.85 0 55.95 -53.91 0 54.83
4 71 -53.03 0 55.59 -53.91 0 54.83 -53.61 0 53.99 -52.85 0 54.44
4 71 -52.53 0 54.17 -52.85 0 54.44 -53.61 0 53.99 -52.99 0 53.51
4 71 -52.53 0 54.17 -52.99 0 53.51 -51.89 0 53.31 -52.06 0 54.06
4 71 -51.51 0 54.05 -50.64 0 53.31 -50.64 0 57.26 -51.46 0 54.32
3 71 -50.64 0 57.26 -51.46 0 56.51 -51.46 0 54.32
4 71 -50.64 0 53.31 -51.51 0 54.05 -52.06 0 54.06 -51.89 0 53.31
3 71 -54.85 0 57.19 -55.74 0 57.34 -55.69 0 56.62
4 71 -54.26 0 56.87 -54.85 0 57.19 -55.69 0 56.62 -54.63 0 56.26
4 71 -56.37 0 56.32 -57.23 0 56.13 -56.88 0 55.29 -56.28 0 55.9
4 71 -56.19 0 53.98 -56.78 0 54.26 -57.16 0 53.67 -56.5 0 53.33
3 71 -56.5 0 53.33 -55.84 0 53.22 -56.19 0 53.98
4 71 -56.19 0 53.98 -55.84 0 53.22 -55.23 0 53.31 -55.66 0 53.94
4 71 -54.74 0 53.6 -55.31 0 54.13 -55.66 0 53.94 -55.23 0 53.31
4 71 -55.29 0 54.42 -55.31 0 54.13 -54.74 0 53.6 -54.48 0 54.01
4 71 -54.83 0 55.17 -55.29 0 54.42 -54.48 0 54.01 -54.45 0 54.53
4 71 -56.88 0 55.29 -55.29 0 54.42 -54.83 0 55.17 -56.28 0 55.9
4 71 -56.83 0 57.02 -56.11 0 56.56 -55.69 0 56.62 -55.74 0 57.34
4 71 -57.23 0 56.13 -56.37 0 56.32 -56.11 0 56.56 -56.83 0 57.02
3 71 -57.97 0 56.65 -58.07 0 57.85 -58.48 0 57.68
4 71 -58.84 0 56.65 -57.97 0 56.65 -58.48 0 57.68 -58.85 0 57.22
4 71 -63.56 0 54.8 -62.33 0 55.78 -62.03 0 56.77 -62.66 0 56.77
4 71 -64.37 0 53.31 -63.56 0 54.8 -63.56 0 57.26 -64.37 0 57.26
4 71 -61.12 0 57.26 -61.12 0 54.8 -60.32 0 53.31 -60.32 0 57.26
4 71 -62.03 0 56.77 -62.33 0 55.78 -61.17 0 53.31 -61.12 0 54.8
3 71 -61.17 0 53.31 -60.32 0 53.31 -61.12 0 54.8
4 71 -62.33 0 55.78 -63.56 0 54.8 -64.37 0 53.31 -63.53 0 53.31
3 71 -67.39 0 56.31 -67.69 0 57.26 -68.56 0 57.26
4 71 -65.71 0 57.26 -66.01 0 56.31 -66.22 0 55.62 -64.85 0 57.26
3 71 -66.69 0 54.11 -67.17 0 55.62 -67.22 0 53.31
4 71 -67.39 0 56.31 -68.56 0 57.26 -67.22 0 53.31 -67.17 0 55.62
4 71 -64.85 0 57.26 -66.22 0 55.62 -66.69 0 54.11 -66.2 0 53.31
4 71 -69.87 0 55.17 -69.05 0 57.26 -69.87 0 57.26 -69.9 0 55.82
4 71 -72.02 0 57.21 -71.01 0 55.7 -70.18 0 55.82 -71.11 0 57.26
4 71 -69.9 0 55.82 -70.18 0 55.82 -70.5 0 55.14 -69.87 0 55.17
4 71 -70.86 0 54.91 -70.5 0 55.14 -70.18 0 55.82 -71.01 0 55.7
4 71 -71.73 0 54.96 -70.86 0 54.91 -71.01 0 55.7 -71.44 0 55.44
3 71 -70.91 0 54.34 -71.77 0 54.31 -71.54 0 53.79
4 71 -70.91 0 54.34 -71.54 0 53.79 -70.71 0 53.34 -70.6 0 54.05
4 71 -69.05 0 57.26 -69.87 0 55.17 -69.92 0 54 -69.05 0 53.31
4 71 -31.66 0 56.55 -29.95 0 56.55 -29.13 0 57.26 -31.66 0 57.26
4 71 -31.63 0 54.01 -31.63 0 53.31 -29.13 0 53.31 -29.95 0 54.01
4 71 -29.95 0 54.9 -29.13 0 53.31 -29.13 0 57.26 -29.95 0 55.59
3 71 -29.13 0 57.26 -29.95 0 56.55 -29.95 0 55.59
4 71 -29.95 0 55.59 -31.31 0 55.59 -31.4 0 54.9 -29.95 0 54.9
3 71 -29.95 0 54.9 -29.95 0 54.01 -29.13 0 53.31
4 71 -26.12 0 57.26 -28.64 0 57.26 -28.64 0 56.51 -26.94 0 56.51
3 71 -23.06 0 57.26 -23.88 0 57.26 -23.88 0 55.69
4 71 -23.88 0 55.69 -25.24 0 55.69 -25.33 0 55 -23.88 0 55
4 71 -23.88 0 54.01 -23.06 0 53.31 -23.06 0 57.26 -23.88 0 55
3 71 -23.06 0 57.26 -23.88 0 55.69 -23.88 0 55
4 71 -25.56 0 54.01 -25.56 0 53.31 -23.06 0 53.31 -23.88 0 54.01
4 71 -17.08 0 57.26 -17.08 0 53.31 -16.26 0 53.31 -16.26 0 57.26
4 71 -2.79 0 56.51 -1.09 0 56.51 -.27 0 57.25 -2.79 0 57.25
4 71 -.27 0 57.25 -1.09 0 56.51 -1.09 0 53.31 -.27 0 53.31
4 71 1.01 0 55.8 .34 0 55.06 1.13 0 54.42 1.22 0 55.02
4 71 2.18 0 54 3.05 0 53.31 3.05 0 57.26 2.23 0 55.24
4 71 2.23 0 57.26 2.18 0 55.93 2.23 0 55.24 3.05 0 57.26
3 71 1.01 0 55.8 1.22 0 55.02 1.84 0 55.24
4 71 .99 0 53.44 1.46 0 54.05 1.13 0 54.42 .51 0 53.8
4 71 .34 0 55.06 .28 0 54.34 .51 0 53.8 1.13 0 54.42
4 71 2.18 0 54 1.46 0 54.05 .99 0 53.44 1.74 0 53.31
3 71 1.74 0 53.31 3.05 0 53.31 2.18 0 54
4 71 12.36 0 55.24 12.31 0 55.93 11.14 0 55.8 11.97 0 55.24
4 71 10.41 0 54.34 11.26 0 54.42 11.35 0 55.02 10.47 0 55.06
4 71 12.36 0 57.26 12.31 0 55.93 12.36 0 55.24 13.18 0 57.26
4 71 10.47 0 55.06 11.35 0 55.02 11.97 0 55.24 11.14 0 55.8
4 71 11.12 0 53.44 11.59 0 54.05 11.26 0 54.42 10.64 0 53.8
3 71 11.26 0 54.42 10.41 0 54.34 10.64 0 53.8
3 71 11.87 0 53.31 13.18 0 53.31 12.31 0 54
4 71 11.12 0 53.44 11.87 0 53.31 12.31 0 54 11.59 0 54.05
4 71 77.9 0 -20.2 77.9 0 -14.42 63.27 0 -14.39 63.27 0 -20.2
4 71 63.27 0 8.85 63.27 0 -12.42 77.9 0 -12.42 77.9 0 8.81
3 71 77.69 0 31.93 31.81 0 31.89 46.05 0 30.58
4 71 29.41 0 30.39 33.32 0 29.68 31.81 0 31.89 30.45 0 31.41
4 71 34.63 0 30.58 35.41 0 30.46 37.51 0 30.58 31.81 0 31.89
3 71 33.32 0 29.68 33.72 0 30.36 31.81 0 31.89
4 71 77.67 0 25.98 77.69 0 31.93 47.53 0 29.68 47.65 0 28.95
3 71 33.72 0 30.36 34.63 0 30.58 31.81 0 31.89
3 71 47.18 0 30.23 47.53 0 29.68 77.69 0 31.93
3 71 46.7 0 30.49 47.18 0 30.23 77.69 0 31.93
4 71 35.93 0 30.2 36.6 0 30.36 37.51 0 30.58 35.41 0 30.46
3 71 38.29 0 30.46 38.81 0 30.2 38.92 0 30.47
4 71 39.69 0 30.51 37.51 0 30.58 38.29 0 30.46 38.92 0 30.47
4 71 39.69 0 30.51 39.95 0 29.75 41.17 0 29.75 41.43 0 30.51
3 71 46.05 0 30.58 46.7 0 30.49 77.69 0 31.93
3 71 44.54 0 30.51 44.96 0 30.26 46.05 0 30.58
3 71 42.32 0 30.51 44.54 0 30.51 46.05 0 30.58
4 71 37.51 0 30.58 39.69 0 30.51 41.43 0 30.51 31.81 0 31.89
3 71 42.19 0 30.51 31.81 0 31.89 41.43 0 30.51
3 71 77.67 0 25.98 47.65 0 28.95 47.56 0 28.25
3 71 77.67 0 25.98 47.56 0 28.25 47.22 0 27.68
4 71 34.48 0 27.27 33.38 0 27.63 30.32 0 26.5 31.68 0 26.03
4 71 43.82 0 27.34 31.68 0 26.03 77.67 0 25.98 46.07 0 27.27
4 71 29.34 0 27.56 33.32 0 29.68 29.41 0 30.39 29.01 0 28.98
3 71 34.99 0 27.98 35.02 0 28.23 34.65 0 27.84
4 71 33.59 0 28.96 33.71 0 28.11 34.65 0 27.84 35.02 0 28.23
3 71 77.67 0 25.98 47.22 0 27.68 46.71 0 27.37
3 71 77.67 0 25.98 46.71 0 27.37 46.07 0 27.27
4 71 30.32 0 26.5 33.38 0 27.63 33.32 0 29.68 29.34 0 27.56
4 71 35.47 0 27.54 34.48 0 27.27 31.68 0 26.03 37.36 0 27.27
4 71 33.32 0 29.68 33.38 0 27.63 33.71 0 28.11 33.59 0 28.96
4 71 45.26 0 28.07 46.04 0 27.85 46.63 0 28.06 46.89 0 28.69
4 71 46.25 0 29.96 45.71 0 29.96 46.89 0 28.69 46.82 0 29.42
4 71 45.71 0 29.96 45.24 0 29.77 45.26 0 28.07 46.89 0 28.69
3 71 45.24 0 29.77 44.96 0 30.26 44.54 0 30.51
4 71 44.54 0 30.51 44.54 0 27.34 45.26 0 28.07 45.24 0 29.77
3 71 44.99 0 27.56 45.26 0 28.07 44.54 0 27.34
4 71 41 0 27.34 40.1 0 27.34 37.36 0 27.27 31.68 0 26.03
3 71 46.07 0 27.27 44.99 0 27.56 44.54 0 27.34
3 71 46.07 0 27.27 44.54 0 27.34 43.82 0 27.34
3 71 34.09 0 29.79 34.14 0 29.44 34.78 0 30
4 71 34.14 0 29.44 35.39 0 28.86 35.6 0 29.71 34.78 0 30
4 71 36.6 0 30.36 35.93 0 30.2 35.6 0 29.71 36.19 0 29.68
3 71 37.87 0 27.98 37.9 0 28.23 37.53 0 27.84
4 71 36.46 0 28.96 36.59 0 28.11 37.53 0 27.84 37.9 0 28.23
4 71 35.76 0 28.32 36.46 0 28.96 36.19 0 29.68 35.39 0 28.86
3 71 36.19 0 29.68 35.6 0 29.71 35.39 0 28.86
3 71 36.46 0 28.96 35.76 0 28.32 36.59 0 28.11
4 71 35.72 0 27.85 36.26 0 27.63 36.59 0 28.11 35.76 0 28.32
3 71 36.26 0 27.63 35.72 0 27.85 35.47 0 27.54
4 71 42.32 0 30.51 42.19 0 30.51 41 0 27.34 42.32 0 29.91
4 71 43.82 0 29.91 42.32 0 29.91 41 0 27.34 43.82 0 27.34
4 71 38.64 0 28.32 40.1 0 27.34 38.92 0 30.47 38.81 0 30.2
3 71 43.82 0 27.34 41 0 27.34 31.68 0 26.03
3 71 36.26 0 27.63 35.47 0 27.54 37.36 0 27.27
3 71 38.81 0 30.2 38.48 0 29.71 38.64 0 28.32
4 71 36.97 0 29.79 37.02 0 29.44 38.26 0 28.86 37.66 0 30
4 71 37.66 0 30 38.26 0 28.86 38.64 0 28.32 38.48 0 29.71
3 71 40.1 0 27.34 38.64 0 28.32 38.6 0 27.85
3 71 38.35 0 27.54 37.36 0 27.27 40.1 0 27.34
4 71 -64.98 0 39.46 -65.66 0 38.68 -65.03 0 36.83 -64.51 0 37.69
4 71 -64.51 0 37.69 -65.03 0 36.83 -63.92 0 35.23 -63.56 0 36.12
4 71 -62.49 0 33.92 -62.26 0 34.84 -63.56 0 36.12 -63.92 0 35.23
4 71 -62.26 0 34.84 -62.49 0 33.92 -60.83 0 32.92 -60.74 0 33.81
4 71 -59.03 0 32.2 -59.08 0 33.08 -60.74 0 33.81 -60.83 0 32.92
4 71 -57.17 0 31.63 -57.32 0 32.59 -59.08 0 33.08 -59.03 0 32.2
4 71 -56.76 0 31.38 -54.98 0 26.83 -52.03 0 26.61 -50.19 0 31.25
3 71 -54.16 0 25.24 -53.49 0 24.29 -52.94 0 24.89
4 71 -54.98 0 26.83 -54.16 0 25.24 -52.94 0 24.89 -52.03 0 26.61
4 71 -49.61 0 32.52 -49.6 0 31.61 -47.57 0 32.22 -48.09 0 32.94
4 71 -48.09 0 32.94 -47.57 0 32.22 -45.64 0 33.07 -46.65 0 33.51
3 71 -46.65 0 33.51 -45.64 0 33.07 -45.31 0 34.33
4 71 -49.6 0 31.61 -49.61 0 32.52 -56.76 0 31.38 -50.19 0 31.25
4 71 -57.17 0 31.63 -56.76 0 31.38 -49.61 0 32.52 -57.32 0 32.59
4 71 -42.23 0 37.83 -43 0 36.44 -42.41 0 35.8 -41.44 0 37.69
4 71 -41.04 0 39.79 -41.85 0 39.34 -42.23 0 37.83 -41.44 0 37.69
4 71 -43.88 0 34.27 -42.41 0 35.8 -43 0 36.44 -44.06 0 35.28
4 71 -45.64 0 33.07 -43.88 0 34.27 -44.06 0 35.28 -45.31 0 34.33
4 71 -59.7 0 46.43 -61.06 0 45.52 -60.62 0 43.61 -59.15 0 45.04
4 71 -56.19 0 40.45 -57.42 0 42.04 -60.62 0 43.61 -59.24 0 38.44
4 71 -56.19 0 40.45 -59.24 0 38.44 -57.32 0 32.59 -55.75 0 40.3
4 71 -51.01 0 43.31 -46.6 0 42.08 -45.87 0 45.49 -47.84 0 46.64
4 71 -46.6 0 42.08 -52.38 0 42.11 -54.11 0 40.84 -49.61 0 32.52
4 71 -41.38 0 41.88 -41.99 0 40.92 -41.85 0 39.34 -41.04 0 39.79
4 71 -42.39 0 43.75 -42.5 0 42.41 -41.99 0 40.92 -41.38 0 41.88
4 71 -47.29 0 47.44 -47.84 0 46.64 -45.87 0 45.49 -45.58 0 46.51
3 71 -51.01 0 43.31 -52.38 0 42.11 -46.6 0 42.08
3 71 -43.35 0 43.73 -42.5 0 42.41 -42.39 0 43.75
4 71 -42.39 0 43.75 -43.8 0 45.33 -44.5 0 44.83 -43.35 0 43.73
4 71 -60.17 0 47.16 -61.26 0 46.72 -61.06 0 45.52 -59.7 0 46.43
3 71 -62.79 0 45.51 -64.17 0 44.15 -62.86 0 44.36
4 71 -65.74 0 40.63 -64.78 0 41.28 -64 0 42.94 -65.18 0 42.5
4 71 -65.66 0 38.68 -64.98 0 39.46 -64.78 0 41.28 -65.74 0 40.63
4 71 -61.26 0 46.72 -62.79 0 45.51 -62.86 0 44.36 -61.06 0 45.52
3 71 -57.42 0 42.04 -59.15 0 45.04 -60.62 0 43.61
4 71 -65.18 0 42.5 -64 0 42.94 -62.86 0 44.36 -64.17 0 44.15
4 71 -43.8 0 45.33 -45.58 0 46.51 -45.87 0 45.49 -44.5 0 44.83
4 71 -47.29 0 47.44 -50.49 0 48.19 -50.78 0 47.38 -47.84 0 46.64
3 71 -45.58 0 46.51 -45.15 0 49.64 -47.29 0 47.44
4 71 -56.79 0 47.27 -53.79 0 47.68 -53.76 0 48.52 -57.01 0 48.09
4 71 -60.17 0 47.16 -59.7 0 46.43 -56.79 0 47.27 -57.01 0 48.09
3 71 -60.17 0 47.16 -61.48 0 49.5 -61.26 0 46.72
4 71 -1.04 0 26.76 .03 0 26.76 1.09 0 28.45 .6 0 29.32
4 71 1.09 0 28.45 2.1 0 26.75 3.22 0 26.76 1.59 0 29.35
3 71 1.59 0 29.35 1.59 0 31.16 .6 0 31.16
4 71 1.09 0 28.45 1.59 0 29.35 .6 0 31.16 .6 0 29.32
4 71 3.48 0 26.76 4.56 0 26.76 5.46 0 28.2 4.89 0 28.83
4 71 7.51 0 26.76 6.08 0 28.91 5.46 0 28.2 6.33 0 26.76
4 71 7.58 0 31.16 6.49 0 31.16 5.49 0 29.54 6.08 0 28.91
4 71 3.39 0 31.16 4.89 0 28.83 5.49 0 29.54 4.59 0 31.16
3 71 10.01 0 27.65 9.43 0 29.33 9.38 0 26.76
4 71 12.24 0 31.16 10.58 0 29.33 10.01 0 27.65 10.61 0 26.76
3 71 9.17 0 30.1 8.81 0 31.16 7.76 0 31.15
4 71 11.2 0 31.16 10.84 0 30.1 10.58 0 29.33 12.24 0 31.16
4 71 9.38 0 26.76 9.43 0 29.33 9.17 0 30.1 7.76 0 31.15
4 71 9.17 0 30.1 9.43 0 29.33 10.58 0 29.33 10.84 0 30.1
4 71 15.46 0 31.16 12.42 0 31.16 12.42 0 30.33 14.47 0 30.33
4 71 18.3 0 27.65 18.9 0 26.76 20.52 0 31.16 18.86 0 29.33
3 71 18.3 0 27.65 17.72 0 29.33 17.66 0 26.76
3 71 20.52 0 31.16 19.48 0 31.16 19.13 0 30.1
3 71 17.45 0 30.1 17.09 0 31.16 16.04 0 31.15
3 71 18.86 0 29.33 20.52 0 31.16 19.13 0 30.1
4 71 17.66 0 26.76 17.72 0 29.33 17.45 0 30.1 16.04 0 31.15
4 71 17.45 0 30.1 17.72 0 29.33 18.86 0 29.33 19.13 0 30.1
4 71 22.67 0 30.42 21.76 0 31.15 20.89 0 30.82 21.88 0 30.32
4 71 21.88 0 30.32 20.89 0 30.82 20.89 0 28.62 21.88 0 29.4
4 71 20.89 0 28.62 22.73 0 28.62 22.84 0 29.4 21.88 0 29.4
4 71 23.32 0 30.21 23.49 0 31.13 22.6 0 31.25 22.67 0 30.42
3 71 22.6 0 31.25 21.76 0 31.15 22.67 0 30.42
4 71 23.32 0 30.21 23.69 0 29.63 24.63 0 30.01 24.14 0 30.76
3 71 24.14 0 30.76 23.49 0 31.13 23.32 0 30.21
4 71 24.56 0 27.78 23.67 0 28.23 23.27 0 27.68 23.9 0 27.02
4 71 21.4 0 27.76 21.63 0 26.79 22.43 0 26.66 22.62 0 27.46
3 71 22.43 0 26.66 23.2 0 26.74 22.62 0 27.46
3 71 21.4 0 27.76 20.99 0 27.08 21.63 0 26.79
4 71 23.9 0 27.02 23.27 0 27.68 22.62 0 27.46 23.2 0 26.74
4 71 24.63 0 30.01 23.69 0 29.63 23.77 0 28.93 24.79 0 28.8
4 71 24.56 0 27.78 24.79 0 28.8 23.77 0 28.93 23.67 0 28.23
4 71 -7.53 0 39.05 -8.72 0 39.3 -9.21 0 38.51 -8.12 0 38.45
4 71 -9.28 0 37.26 -8.27 0 37.55 -8.12 0 38.45 -9.21 0 38.51
4 71 -7.93 0 39.79 -7.53 0 39.05 -6.32 0 39.14 -7.1 0 39.97
3 71 -6.32 0 39.14 -5.32 0 39.98 -7.1 0 39.97
3 71 -7.93 0 39.79 -8.72 0 39.3 -7.53 0 39.05
4 71 -7.92 0 36.74 -8.27 0 37.55 -9.28 0 37.26 -8.92 0 36.31
4 71 -7.13 0 36.4 -7.92 0 36.74 -8.92 0 36.31 -8.17 0 35.78
4 71 -5.32 0 39.98 -6.32 0 39.14 -6.35 0 36.41 -5.32 0 35.55
4 71 -6.35 0 36.41 -7.13 0 36.4 -8.17 0 35.78 -5.32 0 35.55
4 71 12.5 0 39.63 12.89 0 38.95 13.54 0 39.21 13.24 0 39.96
3 71 14.9 0 39.95 14.01 0 40.07 14.28 0 39.2
4 71 14.28 0 39.2 14.01 0 40.07 13.24 0 39.96 13.54 0 39.21
4 71 14.77 0 38.94 15.07 0 38.45 16.05 0 38.82 15.56 0 39.58
3 71 16.08 0 36.82 16.21 0 37.8 15.16 0 37.43
4 71 15.16 0 37.43 16.21 0 37.8 16.05 0 38.82 15.07 0 38.45
4 71 13.99 0 36.26 14.91 0 35.6 15.62 0 36.03 14.81 0 36.56
4 71 15.16 0 37.43 14.81 0 36.56 15.62 0 36.03 16.08 0 36.82
4 71 14.91 0 35.6 13.99 0 36.26 13.25 0 35.56 14.04 0 35.46
4 71 12.54 0 35.86 13.25 0 35.56 13.99 0 36.26 12.91 0 36.58
4 71 15.56 0 39.58 14.9 0 39.95 14.28 0 39.2 14.77 0 38.94
4 71 7.8 0 35.63 8.74 0 36.58 8.74 0 39.92 7.8 0 39.92
3 71 7.8 0 35.63 8.6 0 35.63 8.74 0 36.58
4 71 6.23 0 39.92 5.22 0 39.92 4.1 0 36.17 5.15 0 36.41
3 71 4.1 0 36.17 4.1 0 35.63 5.15 0 36.41
4 71 2.5 0 39.86 2.21 0 39.01 2.34 0 38.37 3.05 0 39.48
4 71 2.21 0 39.01 2.5 0 39.86 1.79 0 39.96 1.79 0 39.19
4 71 1.34 0 38.97 1.79 0 39.19 1.79 0 39.96 1.08 0 39.86
4 71 1.08 0 39.86 .6 0 39.57 .34 0 39.1 1.34 0 38.97
4 71 1.34 0 38.97 .34 0 39.1 .42 0 36.24 1.28 0 36.71
4 71 1.28 0 36.71 .42 0 36.24 .97 0 35.72 1.43 0 36.46
4 71 .97 0 35.72 1.79 0 35.58 1.79 0 36.36 1.43 0 36.46
4 71 1.79 0 36.36 1.79 0 35.58 2.61 0 35.73 2.11 0 36.44
4 71 2.3 0 36.71 2.11 0 36.44 2.61 0 35.73 3.11 0 36.15
3 71 3.11 0 36.15 3.28 0 38.1 2.3 0 36.71
4 71 3.05 0 39.48 2.34 0 38.37 2.3 0 36.71 3.28 0 38.1
3 71 -.99 0 36.58 -.99 0 39.92 -1.93 0 39.92
4 71 -1.13 0 35.63 -.99 0 36.58 -1.93 0 39.92 -1.93 0 35.63
4 71 16.48 0 35.86 17.2 0 35.56 17.94 0 36.26 16.86 0 36.58
3 71 17.2 0 35.56 17.98 0 35.46 17.94 0 36.26
4 71 17.98 0 35.46 18.86 0 35.6 18.75 0 36.56 17.94 0 36.26
4 71 18.86 0 35.6 19.56 0 36.03 20.03 0 36.82 18.75 0 36.56
4 71 18.75 0 36.56 20.03 0 36.82 20.16 0 37.8 19.11 0 37.43
4 71 19.11 0 37.43 20.16 0 37.8 19.99 0 38.82 19.02 0 38.45
4 71 18.71 0 38.94 19.02 0 38.45 19.99 0 38.82 19.5 0 39.58
3 71 19.5 0 39.58 18.85 0 39.95 18.71 0 38.94
4 71 18.71 0 38.94 18.85 0 39.95 17.96 0 40.07 18.23 0 39.2
4 71 16.45 0 39.63 16.83 0 38.95 17.48 0 39.21 17.19 0 39.96
4 71 17.19 0 39.96 17.48 0 39.21 18.23 0 39.2 17.96 0 40.07
4 71 20.91 0 39.98 20.91 0 35.55 21.88 0 35.55 21.88 0 38.54
3 71 23.87 0 35.55 24.94 0 35.55 23.97 0 36.99
4 71 23.87 0 35.55 23.97 0 36.99 21.99 0 39.98 21.88 0 38.54
3 71 21.99 0 39.98 20.91 0 39.98 21.88 0 38.54
4 71 24.94 0 35.55 24.94 0 39.98 23.97 0 39.98 23.97 0 36.99
4 71 29.41 0 39.21 29.01 0 37.81 29.34 0 36.38 32.56 0 36.27
4 71 31.68 0 34.86 32.56 0 36.27 29.34 0 36.38 30.32 0 35.32
4 71 30.45 0 40.23 33.61 0 38.12 33.61 0 39.44 31.81 0 40.71
4 71 32.56 0 36.27 33.61 0 38.12 30.45 0 40.23 29.41 0 39.21
4 71 34.25 0 38.13 35.3 0 36.3 35.56 0 36.65 35.42 0 37.6
3 71 34.25 0 38.13 35.42 0 37.6 35.97 0 38.19
4 71 34.25 0 39.44 34.25 0 38.13 35.97 0 38.19 35.19 0 39.4
3 71 33.61 0 39.44 34.25 0 39.44 31.81 0 40.71
3 71 75.12 0 39.43 75.7 0 39.12 77.69 0 40.75
3 71 74.56 0 39.51 75.12 0 39.43 77.69 0 40.75
4 71 35.9 0 39.44 31.81 0 40.71 34.25 0 39.44 35.19 0 39.4
4 71 36.86 0 38.28 36.86 0 39.44 35.9 0 39.44 36.62 0 38.28
4 71 73.71 0 39.24 74.56 0 39.51 77.69 0 40.75 72.32 0 39.44
3 71 31.81 0 40.71 35.9 0 39.44 36.86 0 39.44
3 71 38.77 0 39.44 31.81 0 40.71 37.49 0 39.44
3 71 36.86 0 39.44 37.49 0 39.44 31.81 0 40.71
4 71 40.33 0 36.86 40.8 0 37.83 40.49 0 38.54 39.41 0 36.86
4 71 40.8 0 37.83 40.33 0 36.86 40.55 0 36.55 40.84 0 37.03
4 71 41.65 0 39.51 31.81 0 40.71 38.77 0 39.44 39.41 0 39.44
4 71 41.97 0 36.9 42 0 37.16 40.84 0 37.03 41.67 0 36.77
3 71 40.8 0 37.83 40.84 0 37.03 42 0 37.16
3 71 74.91 0 37.16 73.71 0 37.83 73.75 0 37.03
4 71 74.88 0 36.9 74.91 0 37.16 73.75 0 37.03 74.58 0 36.77
4 71 72.32 0 39.44 72.32 0 36.86 73.71 0 37.83 73.4 0 38.54
4 71 72.32 0 36.86 73.24 0 36.86 73.75 0 37.03 73.71 0 37.83
3 71 72.32 0 39.44 73.4 0 38.54 73.71 0 39.24
3 71 71.68 0 39.44 72.32 0 39.44 77.69 0 40.75
3 71 71.07 0 39.44 71.68 0 39.44 77.69 0 40.75
4 71 39.41 0 36.86 40.49 0 38.54 40.8 0 39.24 39.41 0 39.44
3 71 39.41 0 39.44 40.8 0 39.24 41.65 0 39.51
3 71 70.41 0 39.44 71.07 0 39.44 77.69 0 40.75
4 71 70.18 0 38.68 70.41 0 39.44 68.87 0 39.44 69.1 0 38.68
3 71 42.21 0 39.43 42.79 0 39.12 43.2 0 39.44
4 71 50.3 0 39.44 31.81 0 40.71 45.36 0 39.5 49.21 0 39.44
3 71 41.65 0 39.51 42.21 0 39.43 43.2 0 39.44
3 71 68.87 0 39.44 70.41 0 39.44 77.69 0 40.75
4 71 68.2 0 39.4 68.87 0 39.44 77.69 0 40.75 67.82 0 39.44
3 71 41.65 0 39.51 43.2 0 39.44 43.84 0 39.44
4 71 31.81 0 40.71 41.65 0 39.51 43.84 0 39.44 45.36 0 39.5
3 71 43.84 0 39.44 44.38 0 39.2 45.36 0 39.5
4 71 69.24 0 36.27 68.2 0 39.4 67.82 0 39.44 67.82 0 36.27
4 71 67.18 0 38.28 67.18 0 39.44 66.22 0 39.44 66.94 0 38.28
3 71 67.18 0 39.44 67.82 0 39.44 77.69 0 40.75
3 71 77.69 0 40.75 57.95 0 39.44 58.47 0 39.44
3 71 66.22 0 39.44 67.18 0 39.44 77.69 0 40.75
4 71 77.69 0 40.75 65.13 0 39.44 65.52 0 39.4 66.22 0 39.44
3 71 60.81 0 39.44 62.76 0 39.44 77.69 0 40.75
3 71 62.76 0 39.44 64.5 0 39.44 77.69 0 40.75
3 71 64.5 0 39.44 65.13 0 39.44 77.69 0 40.75
3 71 58.47 0 39.44 60.43 0 39.44 77.69 0 40.75
3 71 60.43 0 39.44 60.81 0 39.44 77.69 0 40.75
3 71 57.95 0 39.44 77.69 0 40.75 55.99 0 39.44
3 71 55.99 0 39.44 77.69 0 40.75 54.82 0 39.44
4 71 77.69 0 40.75 31.81 0 40.71 54.18 0 39.44 54.82 0 39.44
4 71 55.99 0 38.87 56.27 0 38.1 57.32 0 38.1 57.32 0 38.87
4 71 46.68 0 38.85 46.88 0 38.03 47.52 0 38.1 47.25 0 38.87
4 71 48.57 0 38.1 48.57 0 38.87 47.25 0 38.87 47.52 0 38.1
4 71 47.25 0 38.87 47.25 0 39.44 46.28 0 39.31 46.68 0 38.85
4 71 56.02 0 36.83 57.32 0 36.83 57.32 0 37.54 56.2 0 37.54
4 71 56.27 0 38.1 55.99 0 38.87 54.82 0 39.44 54.82 0 36.86
4 71 56.27 0 38.1 54.82 0 36.86 55.74 0 36.86 56.2 0 37.54
4 71 56.02 0 36.27 56.02 0 36.83 55.74 0 36.86 55.74 0 36.27
3 71 56.02 0 36.83 56.2 0 37.54 55.74 0 36.86
3 71 45.36 0 39.5 46.28 0 39.31 47.25 0 39.44
3 71 45.36 0 39.5 47.25 0 39.44 49.21 0 39.44
4 71 51.26 0 38.28 51.26 0 39.44 50.3 0 39.44 51.02 0 38.28
3 71 54.82 0 39.44 55.99 0 38.87 55.99 0 39.44
4 71 51.9 0 39.44 53.28 0 36.86 54.18 0 36.86 54.18 0 39.44
3 71 54.18 0 39.44 31.81 0 40.71 51.9 0 39.44
3 71 51.9 0 39.44 31.81 0 40.71 51.26 0 39.44
3 71 50.3 0 39.44 51.26 0 39.44 31.81 0 40.71
4 71 51.9 0 39.44 51.9 0 36.27 53.28 0 36.27 53.28 0 36.86
3 71 74.69 0 38.92 74.09 0 38.71 74.13 0 38.37
4 71 75.42 0 38.64 74.69 0 38.92 74.13 0 38.37 75.23 0 37.79
4 71 55.74 0 36.27 53.28 0 36.27 31.68 0 34.86 77.67 0 34.8
4 71 36.2 0 36.29 35.3 0 36.3 34.58 0 36.27 31.68 0 34.86
3 71 33.25 0 36.27 32.56 0 36.27 31.68 0 34.86
3 71 34.58 0 36.27 33.93 0 37.49 33.25 0 36.27
3 71 36.2 0 36.29 35.56 0 36.65 35.3 0 36.3
3 71 34.58 0 36.27 33.25 0 36.27 31.68 0 34.86
4 71 38.77 0 39.44 37.49 0 39.44 37.49 0 36.27 37.87 0 36.86
3 71 37.49 0 36.27 36.2 0 36.29 31.68 0 34.86
3 71 37.49 0 36.27 31.68 0 34.86 37.87 0 36.27
4 71 75.7 0 39.12 75.56 0 37.25 77.67 0 34.8 77.69 0 40.75
4 71 75.7 0 39.12 75.42 0 38.64 75.23 0 37.79 75.56 0 37.25
4 71 43.2 0 36.27 41.58 0 36.2 31.68 0 34.86 45.43 0 36.2
3 71 37.87 0 36.86 38.77 0 36.86 38.77 0 39.44
3 71 77.67 0 34.8 75.56 0 37.25 75.34 0 36.5
3 71 77.67 0 34.8 75.34 0 36.5 74.49 0 36.2
3 71 37.87 0 36.27 37.87 0 36.86 37.49 0 36.27
3 71 40.55 0 36.55 40.33 0 36.86 40.33 0 36.27
4 71 41.58 0 36.2 40.33 0 36.27 37.87 0 36.27 31.68 0 34.86
4 71 73.46 0 36.55 73.24 0 36.27 77.67 0 34.8 74.49 0 36.2
4 71 73.75 0 37.03 73.24 0 36.86 73.24 0 36.27 73.46 0 36.55
3 71 41.58 0 36.2 40.55 0 36.55 40.33 0 36.27
3 71 77.67 0 34.8 73.24 0 36.27 70.78 0 36.27
4 71 70.78 0 36.86 71.68 0 36.86 71.68 0 39.44 71.07 0 39.44
3 71 70.03 0 36.27 69.24 0 36.27 77.67 0 34.8
3 71 69.24 0 36.27 67.82 0 36.27 77.67 0 34.8
3 71 70.78 0 36.86 71.07 0 39.44 70.03 0 36.27
3 71 70.78 0 36.27 70.78 0 36.86 70.03 0 36.27
3 71 70.78 0 36.27 70.03 0 36.27 77.67 0 34.8
4 71 77.67 0 34.8 67.82 0 36.27 66.53 0 36.29 65.13 0 36.27
3 71 41.18 0 38.71 41.22 0 38.37 41.78 0 38.92
4 71 42.51 0 38.64 41.78 0 38.92 41.22 0 38.37 42.32 0 37.79
3 71 43.2 0 39.44 42.79 0 39.12 42.51 0 38.64
3 71 43.2 0 36.27 43.2 0 39.44 42.65 0 37.25
4 71 43.2 0 39.44 42.51 0 38.64 42.32 0 37.79 42.65 0 37.25
3 71 43.2 0 36.27 42.65 0 37.25 42.43 0 36.5
4 71 43.84 0 36.27 44.38 0 37.61 44.38 0 39.2 43.84 0 39.44
3 71 43.2 0 36.27 42.43 0 36.5 41.58 0 36.2
3 71 43.84 0 36.27 43.2 0 36.27 45.43 0 36.2
3 71 65.75 0 37.6 66.3 0 38.19 65.52 0 39.4
4 71 65.13 0 36.27 65.75 0 37.6 65.52 0 39.4 65.13 0 39.44
3 71 65.89 0 36.65 65.75 0 37.6 65.13 0 36.27
3 71 66.53 0 36.29 65.89 0 36.65 65.13 0 36.27
4 71 45.02 0 38.17 45.64 0 38.17 45.34 0 38.91 45.02 0 38.76
4 71 45.34 0 38.91 45.64 0 38.17 46.21 0 38.17 45.83 0 38.83
4 71 46.07 0 37.11 46.21 0 38.17 45.64 0 38.17 45.56 0 37.61
4 71 46.07 0 37.11 45.56 0 37.61 44.71 0 36.99 45.49 0 36.77
4 71 47.52 0 38.1 46.88 0 38.03 46.77 0 37.09 47.45 0 37.54
3 71 48.57 0 36.83 48.57 0 37.54 47.45 0 37.54
4 71 46.77 0 37.09 47.27 0 36.83 48.57 0 36.83 47.45 0 37.54
4 71 46.77 0 37.09 46.38 0 36.5 47.27 0 36.27 47.27 0 36.83
3 71 47.27 0 36.27 46.38 0 36.5 45.43 0 36.2
3 71 49.21 0 36.27 47.27 0 36.27 45.43 0 36.2
3 71 49.6 0 39.4 50.3 0 39.44 49.21 0 39.44
3 71 49.82 0 37.6 50.37 0 38.19 49.6 0 39.4
4 71 49.6 0 39.4 49.21 0 39.44 49.21 0 36.27 49.82 0 37.6
3 71 49.96 0 36.65 49.82 0 37.6 49.21 0 36.27
3 71 50.61 0 36.29 49.96 0 36.65 49.21 0 36.27
3 71 53.28 0 36.27 51.9 0 36.27 31.68 0 34.86
3 71 51.9 0 36.27 50.61 0 36.29 49.21 0 36.27
4 71 45.43 0 36.2 31.68 0 34.86 51.9 0 36.27 49.21 0 36.27
3 71 56.02 0 36.27 55.74 0 36.27 77.67 0 34.8
3 71 58.47 0 39.44 57.95 0 39.44 58.47 0 38.87
4 71 58.74 0 38.1 58.47 0 38.87 57.95 0 39.44 58.67 0 37.54
3 71 57.95 0 36.27 56.02 0 36.27 77.67 0 34.8
4 71 59.79 0 38.1 59.79 0 38.87 58.47 0 38.87 58.74 0 38.1
4 71 59.79 0 37.54 58.67 0 37.54 58.49 0 36.83 59.79 0 36.83
4 71 57.95 0 39.44 57.95 0 36.27 58.49 0 36.83 58.67 0 37.54
3 71 58.49 0 36.27 58.49 0 36.83 57.95 0 36.27
3 71 60.81 0 39.44 60.43 0 39.44 60.81 0 38.84
4 71 62.12 0 36.27 60.81 0 38.84 60.43 0 39.44 60.43 0 36.27
3 71 58.49 0 36.27 57.95 0 36.27 77.67 0 34.8
3 71 60.43 0 36.27 58.49 0 36.27 77.67 0 34.8
3 71 62.12 0 38.84 60.81 0 38.84 62.12 0 36.27
3 71 62.12 0 36.27 60.43 0 36.27 77.67 0 34.8
3 71 62.76 0 36.27 62.12 0 36.27 77.67 0 34.8
4 71 62.76 0 39.44 63.44 0 38.18 64.5 0 38.18 64.5 0 39.44
4 71 63.44 0 38.18 62.76 0 39.44 62.76 0 36.27 63.37 0 37.62
4 71 64.5 0 37.62 63.37 0 37.62 63.19 0 36.83 64.5 0 36.83
3 71 63.19 0 36.83 63.37 0 37.62 62.76 0 36.27
3 71 63.19 0 36.27 63.19 0 36.83 62.76 0 36.27
3 71 63.19 0 36.27 62.76 0 36.27 77.67 0 34.8
3 71 77.67 0 34.8 65.13 0 36.27 63.19 0 36.27
3 71 44.71 0 36.99 45.56 0 37.61 44.38 0 37.61
3 71 43.84 0 36.27 45.43 0 36.2 44.45 0 36.5
4 71 36.07 0 37.52 36.05 0 37.1 36.33 0 36.85 36.32 0 37.72
4 71 36.86 0 37.76 36.32 0 37.72 36.33 0 36.85 36.82 0 36.82
4 71 50.73 0 36.85 51.22 0 36.82 51.26 0 37.76 50.73 0 37.72
4 71 50.73 0 36.85 50.73 0 37.72 50.47 0 37.52 50.45 0 37.1
4 71 66.66 0 36.85 67.15 0 36.82 67.18 0 37.76 66.65 0 37.72
4 71 66.4 0 37.52 66.38 0 37.1 66.66 0 36.85 66.65 0 37.72
4 71 2.34 0 46.96 2.52 0 46.41 2.97 0 46 3.27 0 46.97
4 71 3.59 0 45.9 3.55 0 46.7 3.27 0 46.97 2.97 0 46
4 71 3.95 0 46.74 3.55 0 46.7 3.59 0 45.9 4.15 0 46.09
4 71 5.06 0 44.54 4.15 0 45.33 2.47 0 45.33 2.47 0 44.54
4 71 3.27 0 46.97 3.24 0 47.58 2.35 0 47.85 2.34 0 46.96
4 71 4.15 0 45.33 5.06 0 44.54 5.06 0 47.03 4.15 0 46.09
4 71 3.95 0 46.74 4.15 0 46.09 5.06 0 47.03 4.3 0 47.03
4 71 3.64 0 48.11 4.06 0 48.02 4.64 0 48.64 3.75 0 48.91
3 71 3.75 0 48.91 3.09 0 48.81 3.64 0 48.11
3 71 5.17 0 47.62 5.1 0 48 4.26 0 47.62
4 71 4.26 0 47.62 5.1 0 48 4.64 0 48.64 4.06 0 48.02
4 71 2.55 0 48.4 3.34 0 47.95 3.64 0 48.11 3.09 0 48.81
3 71 5.75 0 48.49 5.9 0 48.13 5.9 0 48.79
4 71 6.7 0 48.79 6.3 0 48.95 6.3 0 47.98 6.65 0 48.09
3 71 6.65 0 48.09 6.85 0 48.43 6.7 0 48.79
4 71 8.27 0 46.23 7.13 0 46.28 7.34 0 44.88 8.15 0 45.8
4 71 9.33 0 45.8 9.2 0 45.39 9.75 0 44.52 10.34 0 45.37
4 71 8.4 0 44.29 9.75 0 44.52 9.2 0 45.39 8.73 0 45.2
4 71 7.84 0 44.46 8.33 0 45.33 8.15 0 45.8 7.34 0 44.88
4 71 9.81 0 47.07 9.17 0 46.26 9.33 0 45.8 10.31 0 46.38
3 71 9.33 0 45.8 10.34 0 45.37 10.31 0 46.38
4 71 7.13 0 46.28 8.76 0 47.52 9.49 0 48.87 8.53 0 48.87
4 71 8.76 0 47.52 8.73 0 46.43 9.17 0 46.26 9.81 0 47.07
4 71 12.74 0 45.33 13.65 0 44.54 13.65 0 47.03 12.74 0 46.09
4 71 13.65 0 47.03 12.89 0 47.03 12.55 0 46.74 12.74 0 46.09
4 71 11.06 0 45.33 11.06 0 44.54 13.65 0 44.54 12.74 0 45.33
4 71 13.23 0 48.64 12.65 0 48.02 12.85 0 47.62 13.69 0 48
3 71 12.85 0 47.62 13.76 0 47.62 13.69 0 48
3 71 13.23 0 48.64 12.34 0 48.91 12.65 0 48.02
4 71 10.93 0 46.96 11.11 0 46.41 11.56 0 46 11.86 0 46.97
4 71 12.18 0 45.9 12.74 0 46.09 12.55 0 46.74 12.14 0 46.7
4 71 10.94 0 47.85 10.93 0 46.96 11.86 0 46.97 11.83 0 47.58
4 71 12.18 0 45.9 12.14 0 46.7 11.86 0 46.97 11.56 0 46
4 71 11.68 0 48.81 12.23 0 48.11 12.65 0 48.02 12.34 0 48.91
4 71 11.14 0 48.4 11.93 0 47.95 12.23 0 48.11 11.68 0 48.81
3 71 14.55 0 45.08 14.55 0 44.54 15.57 0 45.33
4 71 17.31 0 45.29 15.57 0 45.33 14.55 0 44.54 17.31 0 44.54
4 71 19.96 0 45.58 19.49 0 45.27 19.49 0 44.49 20.17 0 44.59
4 71 20.17 0 44.59 20.71 0 44.97 20.91 0 45.47 19.96 0 45.58
4 71 20.77 0 48.33 19.97 0 47.82 19.96 0 45.58 20.91 0 45.47
4 71 19.49 0 44.49 19.49 0 45.27 19.08 0 45.45 18.69 0 44.63
4 71 19.49 0 48.91 19.49 0 48.13 19.97 0 47.82 20.29 0 48.76
3 71 19.97 0 47.82 20.77 0 48.33 20.29 0 48.76
4 71 19.49 0 48.13 19.49 0 48.91 18.8 0 48.81 19.18 0 48.05
3 71 18.8 0 48.81 18.33 0 48.51 19.18 0 48.05
4 71 18.16 0 45.15 18.95 0 45.93 18.98 0 47.72 18.08 0 48.04
4 71 24.86 0 47.45 23.79 0 47.42 22.35 0 44.54 23.38 0 44.54
3 71 24.86 0 47.45 24.86 0 48.2 23.79 0 47.42
4 71 33.65 0 46.41 29.01 0 46.68 29.34 0 45.25 33.46 0 45.7
4 71 29.41 0 48.09 29.01 0 46.68 33.65 0 46.41 33.44 0 47.74
3 71 29.34 0 45.25 30.32 0 44.2 33.46 0 45.7
3 71 77.67 0 43.67 58.29 0 45.14 57.61 0 45.14
4 71 56.22 0 45.14 57.61 0 45.14 57.56 0 47.33 56.25 0 47.28
3 71 57.56 0 47.33 57.32 0 47.7 56.9 0 47.8
4 71 56.46 0 47.66 56.25 0 47.28 57.56 0 47.33 56.9 0 47.8
3 71 77.67 0 43.67 57.61 0 45.14 56.22 0 45.14
3 71 55.54 0 45.14 77.67 0 43.67 56.22 0 45.14
4 71 33.44 0 47.74 33.73 0 46.97 34.86 0 46.97 34.86 0 47.74
3 71 33.65 0 46.41 33.73 0 46.97 33.44 0 47.74
4 71 34.86 0 46.41 33.65 0 46.41 33.46 0 45.7 34.86 0 45.7
3 71 77.67 0 43.67 55.54 0 45.14 54.93 0 45.14
3 71 55.65 0 47.65 56.15 0 48.21 54.93 0 48.31
4 71 30.32 0 44.2 31.68 0 43.73 33.46 0 45.14 33.46 0 45.7
4 71 35.54 0 45.14 35.94 0 45.73 36.91 0 48.31 35.54 0 48.31
3 71 35.54 0 45.14 33.46 0 45.14 31.68 0 43.73
4 71 55.54 0 45.14 55.65 0 47.65 54.93 0 48.31 54.93 0 45.14
3 71 35.94 0 45.73 36.91 0 45.73 36.91 0 48.31
4 71 31.68 0 43.73 77.67 0 43.67 54.93 0 45.14 50.17 0 45.07
3 71 54.19 0 45.14 52.83 0 47.28 52.83 0 45.14
3 71 54.93 0 45.14 54.19 0 45.14 50.17 0 45.07
3 71 35.94 0 45.14 35.94 0 45.73 35.54 0 45.14
3 71 54.19 0 45.14 52.83 0 45.14 50.17 0 45.07
4 71 51.56 0 46.05 52.17 0 45.14 52.17 0 48.31 51.65 0 46.75
3 71 52.83 0 45.14 52.17 0 45.14 50.17 0 45.07
3 71 35.94 0 45.14 35.54 0 45.14 31.68 0 43.73
3 71 39.39 0 45.14 38.58 0 45.73 38.58 0 45.14
3 71 38.58 0 45.14 35.94 0 45.14 31.68 0 43.73
3 71 52.17 0 45.14 51.56 0 46.05 51.25 0 45.48
3 71 39.39 0 45.14 38.58 0 45.14 31.68 0 43.73
3 71 40.24 0 45.14 39.39 0 45.14 31.68 0 43.73
3 71 52.17 0 45.14 51.25 0 45.48 50.76 0 45.17
3 71 52.17 0 45.14 50.76 0 45.17 50.17 0 45.07
3 71 41.86 0 47.83 42.4 0 48.17 41.35 0 48.31
3 71 41.52 0 47.26 41.86 0 47.83 41.35 0 48.31
4 71 41.35 0 48.31 40.24 0 45.14 41.47 0 46.36 41.52 0 47.26
4 71 42.23 0 45.3 40.24 0 45.14 31.68 0 43.73 43.15 0 45.14
4 71 45.95 0 45.14 31.68 0 43.73 50.17 0 45.07 46.63 0 45.14
3 71 44.18 0 45.14 31.68 0 43.73 45.95 0 45.14
3 71 41.72 0 45.68 41.47 0 46.36 40.24 0 45.14
3 71 42.23 0 45.3 41.72 0 45.68 40.24 0 45.14
4 71 49.39 0 45.87 50.13 0 45.65 50.69 0 45.86 50.93 0 46.49
4 71 50.87 0 47.22 49.38 0 47.57 49.39 0 45.87 50.93 0 46.49
4 71 49.38 0 47.57 50.87 0 47.22 50.33 0 47.75 49.82 0 47.76
3 71 49.38 0 47.57 49.11 0 48.06 48.72 0 48.31
4 71 48.72 0 48.31 48.72 0 45.14 49.39 0 45.87 49.38 0 47.57
4 71 48.04 0 46.41 46.63 0 46.41 46.63 0 45.14 48.04 0 45.14
3 71 49.14 0 45.36 49.39 0 45.87 48.72 0 45.14
3 71 48.04 0 45.14 46.63 0 45.14 50.17 0 45.07
3 71 50.17 0 45.07 49.14 0 45.36 48.72 0 45.14
3 71 50.17 0 45.07 48.72 0 45.14 48.04 0 45.14
4 71 45.95 0 45.14 45.95 0 48.31 44.18 0 48.31 44.18 0 45.14
3 71 44.18 0 45.14 43.15 0 45.14 31.68 0 43.73
3 71 33.44 0 48.31 35.54 0 48.31 31.81 0 49.58
3 71 35.54 0 48.31 36.91 0 48.31 31.81 0 49.58
4 71 38.58 0 45.73 38.27 0 48.27 37.59 0 48.31 37.59 0 45.73
3 71 36.91 0 48.31 37.59 0 48.31 31.81 0 49.58
3 71 33.44 0 47.74 33.44 0 48.31 31.81 0 49.58
4 71 29.41 0 48.09 33.44 0 47.74 31.81 0 49.58 30.45 0 49.1
3 71 61.59 0 48.31 61.72 0 48.31 77.69 0 49.62
3 71 61.72 0 48.31 63.81 0 48.31 77.69 0 49.62
4 71 77.67 0 43.67 77.69 0 49.62 63.81 0 48.31 63.81 0 45.14
3 71 38.58 0 45.73 39.39 0 45.14 38.27 0 48.27
4 71 50.15 0 48.38 56.95 0 48.38 77.69 0 49.62 31.81 0 49.58
4 71 61.59 0 48.31 77.69 0 49.62 56.95 0 48.38 60.88 0 48.31
4 71 60.64 0 47.55 60.88 0 48.31 59.23 0 48.31 59.48 0 47.55
3 71 60.88 0 48.31 56.95 0 48.38 59.23 0 48.31
3 71 56.95 0 48.38 57.72 0 48.2 58.51 0 48.27
4 71 31.81 0 49.58 37.59 0 48.31 38.27 0 48.27 38.99 0 48.31
4 71 38.99 0 48.31 39.24 0 47.55 40.4 0 47.55 40.64 0 48.31
3 71 56.95 0 48.38 58.51 0 48.27 59.23 0 48.31
3 71 54.93 0 48.31 56.15 0 48.21 56.95 0 48.38
3 71 52.91 0 48.31 54.24 0 46.21 54.26 0 48.31
3 71 54.26 0 48.31 54.93 0 48.31 56.95 0 48.38
4 71 54.26 0 48.31 56.95 0 48.38 50.15 0 48.38 52.91 0 48.31
3 71 31.81 0 49.58 38.99 0 48.31 40.64 0 48.31
3 71 41.35 0 48.31 42.4 0 48.17 44.18 0 48.31
3 71 31.81 0 49.58 40.64 0 48.31 41.35 0 48.31
3 71 52.17 0 48.31 52.91 0 48.31 50.15 0 48.38
3 71 51.54 0 47.48 51.65 0 46.75 52.17 0 48.31
3 71 51.2 0 48.03 51.54 0 47.48 52.17 0 48.31
3 71 31.81 0 49.58 41.35 0 48.31 44.18 0 48.31
3 71 44.18 0 48.31 45.95 0 48.31 31.81 0 49.58
4 71 48.04 0 48.31 46.63 0 48.31 46.63 0 46.99 48.04 0 46.99
3 71 50.76 0 48.29 51.2 0 48.03 52.17 0 48.31
3 71 48.72 0 48.31 49.11 0 48.06 50.15 0 48.38
3 71 50.15 0 48.38 50.76 0 48.29 52.17 0 48.31
4 71 45.95 0 48.31 46.63 0 48.31 50.15 0 48.38 31.81 0 49.58
3 71 46.63 0 48.31 48.04 0 48.31 50.15 0 48.38
4 71 60.48 0 45.14 61.72 0 47.71 61.72 0 48.31 61.59 0 48.31
3 71 77.67 0 43.67 63.81 0 45.14 63.13 0 45.14
4 71 63.13 0 47.71 61.72 0 47.71 60.48 0 45.14 63.13 0 45.14
3 71 77.67 0 43.67 63.13 0 45.14 60.48 0 45.14
3 71 58.51 0 48.27 57.72 0 48.2 58.16 0 47.71
3 71 77.67 0 43.67 60.48 0 45.14 59.63 0 45.14
4 71 58.29 0 45.14 59.63 0 45.14 58.51 0 48.27 58.16 0 47.71
3 71 58.29 0 45.14 77.67 0 43.67 59.63 0 45.14
3 71 43.5 0 45.95 43.5 0 47.71 43.29 0 47.71
3 71 43.29 0 47.71 42.48 0 47.53 42.2 0 46.97
4 71 43.29 0 47.71 42.2 0 46.97 42.35 0 46.05 43.5 0 45.95
4 71 43.46 0 45.73 43.5 0 45.95 42.35 0 46.05 43.01 0 45.74
4 71 22.92 0 48.2 22.92 0 48.87 22.01 0 48.87 22.01 0 48.2
4 71 77.75 0 -52.37 77.9 0 -36.88 63.27 0 -36.88 63.21 0 -50.85
4 71 62.96 0 -51.81 70.33 0 -58.54 77.75 0 -52.37 63.21 0 -50.85
4 71 77.42 0 -54.16 77.75 0 -52.37 70.33 0 -58.54 72.14 0 -58.41
4 71 73.89 0 -57.99 75.48 0 -57.14 76.74 0 -55.84 77.42 0 -54.16
3 71 72.14 0 -58.41 73.89 0 -57.99 77.42 0 -54.16
3 71 60.75 0 -53.67 70.33 0 -58.54 61.66 0 -53.28
4 71 70.33 0 -58.54 60.75 0 -53.67 35.95 0 -53.79 35.95 0 -58.53
3 71 61.66 0 -53.28 70.33 0 -58.54 62.42 0 -52.65
3 16 79.08 0 22.82 79.09 0 22.17 80 0 60
3 16 -17.56 0 57.25 -17.08 0 57.26 -80 0 60
4 16 -5.78 0 57.25 31.81 0 58.41 -7.14 0 57.26 -6.65 0 57.25
3 16 -2.94 0 57.27 -2.79 0 57.25 31.81 0 58.41
4 16 4.56 0 26.76 3.48 0 26.76 2.1 0 26.75 31.68 0 26.03