0 ~Smoke Swirl 10L with Bar  1L - Half
0 Name: s\7105s01.dat
0 Author: Gerald Lasser [GeraldLasser]
0 !LDRAW_ORG Unofficial_Subpart
0 !LICENSE Licensed under CC BY 4.0 : see CAreadme.txt

0 BFC CERTIFY CCW

3 16 1.732 -20 4.535 1.288 -15 4.312 0 -15 4.5
4 16 0 -15 4.5 1.288 -15 4.312 1.083 -15 -4.368 0 -15 -4.5
3 16 3.69 -15 2.575 4.527 -15 -.348 3.19 -15 -3.174
4 16 1.288 -15 4.312 3.69 -15 2.575 3.19 -15 -3.174 1.083 -15 -4.368
3 16 1.217 -19.652 -4.474 0 -15 -4.5 1.083 -15 -4.368
3 16 1.375 -186.49 -24.596 1.12 -183.614 -23.092 1.087 -185.037 -22.279
3 16 1.375 -186.49 -24.596 1.384 -185.023 -26.903 1.403 -184.449 -25.486
3 16 1.146 -187.964 -27.171 1.384 -185.023 -26.903 1.375 -186.49 -24.596
4 16 1.087 -185.037 -22.279 1.046 -186.495 -21.311 1.375 -188.028 -23.775 1.375 -186.49 -24.596
4 16 1.375 -186.49 -24.596 1.403 -184.449 -25.486 1.128 -182.232 -23.515 1.12 -183.614 -23.092
3 16 1.83 -182.464 -26.481 1.128 -182.232 -23.515 1.403 -184.449 -25.486
3 16 1.83 -182.464 -26.481 1.149 -181.149 -23.614 1.128 -182.232 -23.515
3 16 2.036 -180.266 -27.1 1.149 -181.149 -23.614 1.83 -182.464 -26.481
3 16 2.036 -180.266 -27.1 1.109 -179.421 -23.094 1.149 -181.149 -23.614
3 16 2.119 -177.536 -27.07 1.109 -179.421 -23.094 2.036 -180.266 -27.1
3 16 2.119 -177.536 -27.07 2.142 -175.612 -26.298 1.109 -179.421 -23.094
3 16 1.109 -179.421 -23.094 2.142 -175.612 -26.298 1.146 -177.959 -22.084
4 16 2.142 -175.612 -26.298 2.124 -173.234 -24.072 1.127 -175.914 -19.995 1.146 -177.959 -22.084
3 16 1.078 -188.016 -21.254 1.375 -188.028 -23.775 1.046 -186.495 -21.311
3 16 1.07 -189.02 -21.868 1.375 -188.028 -23.775 1.078 -188.016 -21.254
4 16 1.07 -189.02 -21.868 1.073 -189.663 -22.872 1.107 -190.008 -23.788 1.375 -188.028 -23.775
3 16 1.122 -189.913 -24.916 1.375 -188.028 -23.775 1.107 -190.008 -23.788
3 16 1.125 -189.167 -25.994 1.375 -188.028 -23.775 1.122 -189.913 -24.916
3 16 1.125 -189.167 -25.994 1.375 -186.49 -24.596 1.375 -188.028 -23.775
3 16 1.146 -187.964 -27.171 1.375 -186.49 -24.596 1.125 -189.167 -25.994
3 16 2.124 -173.234 -24.072 1.694 -172.65 -19.88 1.127 -175.914 -19.995
3 16 1.121 -174.07 -18.009 1.127 -175.914 -19.995 1.694 -172.65 -19.88
3 16 2.109 -171.109 -22.127 1.694 -172.65 -19.88 2.124 -173.234 -24.072
3 16 1.146 -187.964 -27.171 1.112 -186.388 -28.653 1.384 -185.023 -26.903
3 16 1.112 -186.388 -28.653 1.398 -183.729 -28.102 1.384 -185.023 -26.903
4 16 1.493 -180.72 -29.237 1.398 -183.729 -28.102 1.112 -186.388 -28.653 1.092 -184.411 -30.071
3 16 1.012 -181.342 -31.578 1.493 -180.72 -29.237 1.092 -184.411 -30.071
3 16 1.012 -181.342 -31.578 1.043 -178.047 -32.073 1.493 -180.72 -29.237
3 16 1.493 -180.72 -29.237 1.043 -178.047 -32.073 1.616 -177.893 -29.57
3 16 1.043 -178.047 -32.073 1.071 -175.788 -31.767 1.616 -177.893 -29.57
3 16 1.616 -177.893 -29.57 1.071 -175.788 -31.767 1.656 -175.689 -29.021
3 16 1.071 -175.788 -31.767 1.079 -172.275 -30.218 1.656 -175.689 -29.021
3 16 1.656 -175.689 -29.021 1.079 -172.275 -30.218 1.478 -172.744 -27.218
3 16 1.079 -172.275 -30.218 1.069 -169.558 -28.431 1.478 -172.744 -27.218
3 16 1.478 -172.744 -27.218 1.069 -169.558 -28.431 1.327 -170.318 -25.088
3 16 1.069 -169.558 -28.431 1.017 -166.611 -26.542 1.327 -170.318 -25.088
3 16 1.327 -170.318 -25.088 1.017 -166.611 -26.542 1.25 -168.042 -23.324
3 16 1.017 -166.611 -26.542 1.21 -165.832 -22.028 1.25 -168.042 -23.324
4 16 1.241 -164.391 -21.475 1.21 -165.832 -22.028 1.017 -166.611 -26.542 1.037 -163.441 -25.781
3 16 1.037 -163.441 -25.781 1.358 -162.082 -21.338 1.241 -164.391 -21.475
3 16 1.037 -163.441 -25.781 1.461 -160.413 -21.845 1.358 -162.082 -21.338
3 16 1.084 -160.681 -26.429 1.461 -160.413 -21.845 1.037 -163.441 -25.781
3 16 1.084 -160.681 -26.429 1.599 -158.73 -22.606 1.461 -160.413 -21.845
3 16 1.084 -160.681 -26.429 1.797 -156.933 -23.767 1.599 -158.73 -22.606
3 16 1.123 -157.617 -28.836 1.797 -156.933 -23.767 1.084 -160.681 -26.429
3 16 1.123 -157.617 -28.836 2.027 -154.863 -25.522 1.797 -156.933 -23.767
3 16 1.123 -157.617 -28.836 2.178 -152.959 -27.43 2.027 -154.863 -25.522
3 16 1.101 -155.402 -31.038 2.178 -152.959 -27.43 1.123 -157.617 -28.836
3 16 1.925 -152.623 -30.79 2.178 -152.959 -27.43 1.101 -155.402 -31.038
3 16 2.24 -151.199 -29.106 2.178 -152.959 -27.43 1.925 -152.623 -30.79
4 16 2.02 -150.139 -32.833 2.287 -148.833 -31.384 2.24 -151.199 -29.106 1.925 -152.623 -30.79
4 16 2.02 -150.139 -32.833 1.925 -152.623 -30.79 1.101 -155.402 -31.038 1.132 -151.573 -34.525
3 16 1.132 -151.573 -34.525 2.019 -147.16 -35.651 2.02 -150.139 -32.833
3 16 1.125 -147.932 -37.319 2.019 -147.16 -35.651 1.132 -151.573 -34.525
4 16 2.019 -147.16 -35.651 2.298 -146.123 -33.613 2.287 -148.833 -31.384 2.02 -150.139 -32.833
3 16 3.11 -91.071 -4.084 3.051 -85.986 -2.147 3.007 -93.512 -1.598
3 16 3.007 -93.512 -1.598 3.051 -85.986 -2.147 2.757 -87.661 2.94
3 16 3.051 -85.986 -2.147 2.756 -85.121 .296 2.757 -87.661 2.94
3 16 2.757 -87.661 2.94 2.756 -85.121 .296 2.731 -84.7 4.839
4 16 2.727 -82.876 4.517 2.727 -83.725 4.868 2.731 -84.7 4.839 2.756 -85.121 .296
3 16 3.051 -85.986 -2.147 3.11 -91.071 -4.084 3.643 -87.03 -4.65
3 16 2.727 -82.876 4.517 2.756 -85.121 .296 2.723 -82.314 3.992
3 16 2.756 -85.121 .296 2.702 -82.483 .401 2.723 -82.314 3.992
3 16 2.723 -82.314 3.992 2.702 -82.483 .401 2.725 -81.977 2.675
3 16 2.756 -85.121 .296 2.748 -84.467 -5.495 2.702 -82.483 .401
3 16 3.11 -91.071 -4.084 3.994 -90.424 -6.768 3.643 -87.03 -4.65
3 16 3.11 -91.071 -4.084 3.111 -93.692 -6.31 3.994 -90.424 -6.768
3 16 3.994 -90.424 -6.768 3.111 -93.692 -6.31 4.111 -92.583 -8.564
3 16 3.643 -87.03 -4.65 3.994 -90.424 -6.768 4.141 -88.039 -7.492
3 16 4.141 -88.039 -7.492 3.994 -90.424 -6.768 4.551 -89.214 -10.547
3 16 4.551 -89.214 -10.547 3.994 -90.424 -6.768 4.575 -91.418 -9.792
3 16 1.368 -99.035 .254 1.163 -95.932 1.83 1.127 -99.19 .597
3 16 1.403 -184.449 -25.486 1.384 -185.023 -26.903 1.83 -182.464 -26.481
3 16 1.83 -182.464 -26.481 1.384 -185.023 -26.903 1.398 -183.729 -28.102
3 16 1.493 -180.72 -29.237 1.83 -182.464 -26.481 1.398 -183.729 -28.102
3 16 2.036 -180.266 -27.1 1.83 -182.464 -26.481 1.493 -180.72 -29.237
3 16 1.616 -177.893 -29.57 2.036 -180.266 -27.1 1.493 -180.72 -29.237
3 16 2.119 -177.536 -27.07 2.036 -180.266 -27.1 1.616 -177.893 -29.57
3 16 1.656 -175.689 -29.021 2.119 -177.536 -27.07 1.616 -177.893 -29.57
3 16 2.142 -175.612 -26.298 2.119 -177.536 -27.07 1.656 -175.689 -29.021
4 16 2.124 -173.234 -24.072 2.142 -175.612 -26.298 1.656 -175.689 -29.021 1.478 -172.744 -27.218
3 16 1.327 -170.318 -25.088 2.124 -173.234 -24.072 1.478 -172.744 -27.218
3 16 2.109 -171.109 -22.127 2.124 -173.234 -24.072 1.327 -170.318 -25.088
4 16 2.079 -168.877 -20.19 2.109 -171.109 -22.127 1.327 -170.318 -25.088 1.25 -168.042 -23.324
4 16 2.039 -166.494 -18.674 2.079 -168.877 -20.19 1.25 -168.042 -23.324 1.21 -165.832 -22.028
3 16 1.241 -164.391 -21.475 2.039 -166.494 -18.674 1.21 -165.832 -22.028
3 16 2.031 -165.036 -18.027 2.039 -166.494 -18.674 1.241 -164.391 -21.475
3 16 3.002 -86.073 -15.205 3.808 -88.438 -15.104 3.133 -86.166 -18.798
3 16 3.133 -86.166 -18.798 3.808 -88.438 -15.104 3.614 -88.992 -19.112
3 16 3.335 -89.223 -21.958 3.133 -86.166 -18.798 3.614 -88.992 -19.112
3 16 3.001 -85.744 -22.71 3.133 -86.166 -18.798 3.335 -89.223 -21.958
3 16 3.335 -89.223 -21.958 2.85 -89.168 -25.215 3.001 -85.744 -22.71
3 16 2.85 -89.168 -25.215 2.385 -87.688 -28.062 3.001 -85.744 -22.71
4 16 3.001 -85.744 -22.71 2.385 -87.688 -28.062 2.284 -85.22 -29.297 2.665 -83.72 -25.924
3 16 2.665 -83.72 -25.924 2.284 -85.22 -29.297 2.471 -80.653 -27.009
3 16 2.471 -80.653 -27.009 2.284 -85.22 -29.297 2.164 -80.997 -30.348
3 16 2.129 -79.311 -31.468 2.471 -80.653 -27.009 2.164 -80.997 -30.348
3 16 2.367 -77.175 -26.329 2.471 -80.653 -27.009 2.129 -79.311 -31.468
3 16 2.129 -79.311 -31.468 2.112 -76.173 -31.274 2.367 -77.175 -26.329
3 16 2.302 -79.183 -33.552 2.112 -76.173 -31.274 2.129 -79.311 -31.468
3 16 1.998 -72.957 -28.651 2.367 -77.175 -26.329 2.112 -76.173 -31.274
4 16 2.367 -77.175 -26.329 1.998 -72.957 -28.651 2.191 -68.827 -24.776 2.43 -74.62 -24.291
3 16 2.425 -72.023 -21.492 2.43 -74.62 -24.291 2.191 -68.827 -24.776
3 16 1.985 -65.764 -21.177 2.425 -72.023 -21.492 2.191 -68.827 -24.776
4 16 2.425 -72.023 -21.492 1.985 -65.764 -21.177 1.686 -62.549 -17.514 2.155 -69.345 -18.081
3 16 1.213 -66.281 -12.367 2.155 -69.345 -18.081 1.686 -62.549 -17.514
3 16 1.417 -57.462 -12.692 1.213 -66.281 -12.367 1.686 -62.549 -17.514
3 16 1.068 -60.289 -7.953 1.213 -66.281 -12.367 1.417 -57.462 -12.692
4 16 1.108 -55.455 -4.711 1.068 -60.289 -7.953 1.417 -57.462 -12.692 1.413 -52.546 -8.559
3 16 1.108 -55.455 -4.711 1.413 -52.546 -8.559 1.084 -51.24 -2.022
3 16 1.084 -51.24 -2.022 1.413 -52.546 -8.559 1.412 -48.461 -5.36
3 16 3.808 -88.438 -15.104 4.718 -90.696 -15.205 3.614 -88.992 -19.112
3 16 3.614 -88.992 -19.112 4.718 -90.696 -15.205 4.697 -91.447 -19.338
3 16 4.697 -91.447 -19.338 3.335 -89.223 -21.958 3.614 -88.992 -19.112
3 16 4.746 -92.377 -23.16 3.335 -89.223 -21.958 4.697 -91.447 -19.338
3 16 4.746 -92.377 -23.16 2.85 -89.168 -25.215 3.335 -89.223 -21.958
3 16 4.454 -91.676 -27.142 2.85 -89.168 -25.215 4.746 -92.377 -23.16
3 16 2.85 -89.168 -25.215 4.454 -91.676 -27.142 2.385 -87.688 -28.062
3 16 2.385 -87.688 -28.062 4.454 -91.676 -27.142 3.87 -89.616 -30.035
3 16 3.58 -86.757 -31.462 2.385 -87.688 -28.062 3.87 -89.616 -30.035
3 16 2.284 -85.22 -29.297 2.385 -87.688 -28.062 3.58 -86.757 -31.462
4 16 2.164 -80.997 -30.348 2.284 -85.22 -29.297 3.58 -86.757 -31.462 3.596 -84.286 -32.227
3 16 3.494 -82.458 -32.471 2.164 -80.997 -30.348 3.596 -84.286 -32.227
3 16 2.129 -79.311 -31.468 2.164 -80.997 -30.348 3.494 -82.458 -32.471
4 16 3.54 -82.338 -33.305 2.302 -79.183 -33.552 2.129 -79.311 -31.468 3.494 -82.458 -32.471
3 16 3.54 -82.338 -33.305 2.598 -83.677 -35.713 2.302 -79.183 -33.552
4 16 2.814 -89.141 -37.066 2.598 -83.677 -35.713 3.54 -82.338 -33.305 3.588 -85.584 -34.295
3 16 3.614 -90.263 -35.163 2.814 -89.141 -37.066 3.588 -85.584 -34.295
4 16 3.614 -90.263 -35.163 3.682 -92.43 -35.456 3.078 -93.529 -37.394 2.814 -89.141 -37.066
3 16 3.682 -92.43 -35.456 4.001 -93.779 -34.571 3.078 -93.529 -37.394
3 16 3.078 -93.529 -37.394 4.001 -93.779 -34.571 3.337 -95.646 -36.483
3 16 4.001 -93.779 -34.571 3.801 -95.807 -33.552 3.337 -95.646 -36.483
3 16 4.336 -94.457 -32.453 3.801 -95.807 -33.552 4.001 -93.779 -34.571
3 16 4.336 -94.457 -32.453 4.623 -95.108 -30.225 3.801 -95.807 -33.552
3 16 1.213 -66.281 -12.367 1.051 -71.088 -15.882 2.155 -69.345 -18.081
3 16 1.051 -71.088 -15.882 1.036 -74.34 -18.123 2.155 -69.345 -18.081
3 16 2.155 -69.345 -18.081 1.036 -74.34 -18.123 2.425 -72.023 -21.492
3 16 1.036 -74.34 -18.123 1.04 -76.701 -19.681 2.425 -72.023 -21.492
3 16 2.425 -72.023 -21.492 1.04 -76.701 -19.681 2.43 -74.62 -24.291
3 16 1.04 -76.701 -19.681 1.04 -77.896 -20.299 2.43 -74.62 -24.291
3 16 2.43 -74.62 -24.291 1.04 -77.896 -20.299 2.367 -77.175 -26.329
4 16 1.04 -77.896 -20.299 1.064 -79.436 -20.452 2.471 -80.653 -27.009 2.367 -77.175 -26.329
3 16 1.064 -79.436 -20.452 2.665 -83.72 -25.924 2.471 -80.653 -27.009
3 16 1.077 -80.857 -19.96 2.665 -83.72 -25.924 1.064 -79.436 -20.452
3 16 1.077 -80.857 -19.96 3.001 -85.744 -22.71 2.665 -83.72 -25.924
3 16 1.134 -81.958 -18.997 3.001 -85.744 -22.71 1.077 -80.857 -19.96
3 16 3.001 -85.744 -22.71 1.134 -81.958 -18.997 3.133 -86.166 -18.798
3 16 3.133 -86.166 -18.798 1.134 -81.958 -18.997 1.21 -82.914 -17.173
3 16 3.133 -86.166 -18.798 1.21 -82.914 -17.173 3.002 -86.073 -15.205
3 16 3.002 -86.073 -15.205 1.21 -82.914 -17.173 1.168 -83.534 -14.308
3 16 3.002 -86.073 -15.205 1.168 -83.534 -14.308 2.888 -85.474 -11.261
3 16 2.888 -85.474 -11.261 1.168 -83.534 -14.308 1.168 -83.482 -11.043
3 16 2.888 -85.474 -11.261 1.168 -83.482 -11.043 2.814 -85.012 -8.347
3 16 2.814 -85.012 -8.347 1.168 -83.482 -11.043 1.182 -82.923 -8.092
3 16 2.814 -85.012 -8.347 1.182 -82.923 -8.092 2.748 -84.467 -5.495
4 16 2.702 -82.483 .401 2.748 -84.467 -5.495 1.182 -82.923 -8.092 1.237 -81.651 -3.949
3 16 2.702 -82.483 .401 1.237 -81.651 -3.949 1.307 -80.163 .524
3 16 2.702 -82.483 .401 1.307 -80.163 .524 2.725 -81.977 2.675
3 16 2.725 -81.977 2.675 1.307 -80.163 .524 1.319 -79.336 3.717
3 16 1.319 -79.336 3.717 2.723 -82.314 3.992 2.725 -81.977 2.675
3 16 1.297 -79.267 6.51 2.723 -82.314 3.992 1.319 -79.336 3.717
3 16 2.723 -82.314 3.992 1.297 -79.267 6.51 2.727 -82.876 4.517
3 16 2.727 -82.876 4.517 1.297 -79.267 6.51 1.259 -80.349 8.069
3 16 1.195 -82.33 8.786 2.727 -82.876 4.517 1.259 -80.349 8.069
3 16 2.727 -83.725 4.868 2.727 -82.876 4.517 1.195 -82.33 8.786
3 16 1.121 -84.254 8.59 2.727 -83.725 4.868 1.195 -82.33 8.786
3 16 2.731 -84.7 4.839 2.727 -83.725 4.868 1.121 -84.254 8.59
3 16 1.221 -88.757 5.994 2.731 -84.7 4.839 1.121 -84.254 8.59
3 16 2.757 -87.661 2.94 2.731 -84.7 4.839 1.221 -88.757 5.994
3 16 1.221 -88.757 5.994 1.163 -95.932 1.83 2.757 -87.661 2.94
3 16 2.757 -87.661 2.94 1.163 -95.932 1.83 3.007 -93.512 -1.598
3 16 1.931 -98.094 -1.256 3.007 -93.512 -1.598 1.163 -95.932 1.83
3 16 1.163 -95.932 1.83 1.368 -99.035 .254 1.931 -98.094 -1.256
3 16 3.221 -96.452 -3.881 3.007 -93.512 -1.598 1.931 -98.094 -1.256
3 16 3.504 -100.801 -7.184 3.221 -96.452 -3.881 2.149 -102.646 -3.863
3 16 2.149 -102.646 -3.863 3.221 -96.452 -3.881 1.931 -98.094 -1.256
4 16 2.149 -102.646 -3.863 2.087 -107.798 -5.981 3.827 -105.91 -10.316 3.504 -100.801 -7.184
4 16 3.827 -105.91 -10.316 2.087 -107.798 -5.981 1.958 -112.163 -6.36 4.01 -110.282 -11.654
3 16 4.105 -114.508 -11.689 4.01 -110.282 -11.654 1.958 -112.163 -6.36
4 16 4.105 -114.508 -11.689 1.958 -112.163 -6.36 1.956 -118.001 -4.421 4.061 -118.981 -10.032
3 16 4.061 -118.981 -10.032 1.956 -118.001 -4.421 4.06 -123.567 -8.029
3 16 4.06 -123.567 -8.029 1.956 -118.001 -4.421 1.98 -122.607 -2.685
4 16 4.06 -123.567 -8.029 1.98 -122.607 -2.685 2.005 -128.501 -1.658 4.152 -128.072 -7.401
3 16 2.001 -132.482 -2.539 4.152 -128.072 -7.401 2.005 -128.501 -1.658
3 16 4.013 -131.826 -8.618 4.152 -128.072 -7.401 2.001 -132.482 -2.539
3 16 4.013 -131.826 -8.618 2.001 -132.482 -2.539 1.928 -135.926 -5.609
3 16 4.013 -131.826 -8.618 1.928 -135.926 -5.609 3.605 -135.282 -11.825
3 16 3.605 -135.282 -11.825 1.928 -135.926 -5.609 1.984 -138.28 -9.444
4 16 1.984 -138.28 -9.444 2.019 -139.891 -13.112 3.349 -137.234 -14.774 3.605 -135.282 -11.825
3 16 2.006 -141.211 -16.577 3.349 -137.234 -14.774 2.019 -139.891 -13.112
4 16 3.349 -137.234 -14.774 2.006 -141.211 -16.577 1.957 -142.301 -19.561 3.262 -138.502 -18.071
3 16 3.244 -140.227 -21.479 3.262 -138.502 -18.071 1.957 -142.301 -19.561
3 16 1.858 -143.631 -22.108 3.244 -140.227 -21.479 1.957 -142.301 -19.561
3 16 3.234 -141.934 -24.526 3.244 -140.227 -21.479 1.858 -143.631 -22.108
4 16 1.858 -143.631 -22.108 1.835 -144.87 -23.443 3.268 -143.754 -26.75 3.234 -141.934 -24.526
3 16 3.268 -143.754 -26.75 1.835 -144.87 -23.443 3.178 -145.746 -26.894
3 16 3.178 -145.746 -26.894 1.835 -144.87 -23.443 1.846 -145.755 -23.762
3 16 3.178 -145.746 -26.894 1.846 -145.755 -23.762 2.895 -147.712 -25.616
3 16 2.895 -147.712 -25.616 1.846 -145.755 -23.762 1.743 -146.819 -23.477
3 16 2.895 -147.712 -25.616 1.743 -146.819 -23.477 2.411 -149.37 -23.695
3 16 2.411 -149.37 -23.695 1.743 -146.819 -23.477 1.549 -147.666 -22.714
3 16 1.112 -148.184 -21.451 1.292 -149.76 -21.091 1.549 -147.666 -22.714
3 16 1.939 -130.32 5.359 2.005 -128.501 -1.658 1.968 -128.013 5.565
3 16 1.968 -128.013 5.565 2.005 -128.501 -1.658 1.988 -125.568 4.87
4 16 2.001 -132.482 -2.539 2.005 -128.501 -1.658 1.939 -130.32 5.359 1.961 -132.721 3.737
3 16 2.001 -132.482 -2.539 1.961 -132.721 3.737 1.555 -135.911 .891
3 16 1.593 -138.518 -3.912 2.001 -132.482 -2.539 1.555 -135.911 .891
3 16 1.928 -135.926 -5.609 2.001 -132.482 -2.539 1.593 -138.518 -3.912
3 16 1.586 -140.474 -8.231 1.928 -135.926 -5.609 1.593 -138.518 -3.912
3 16 1.984 -138.28 -9.444 1.928 -135.926 -5.609 1.586 -140.474 -8.231
3 16 1.487 -141.936 -11.913 1.984 -138.28 -9.444 1.586 -140.474 -8.231
3 16 2.019 -139.891 -13.112 1.984 -138.28 -9.444 1.487 -141.936 -11.913
3 16 1.378 -143.104 -15.525 2.019 -139.891 -13.112 1.487 -141.936 -11.913
3 16 2.006 -141.211 -16.577 2.019 -139.891 -13.112 1.378 -143.104 -15.525
3 16 1.248 -144.11 -17.991 2.006 -141.211 -16.577 1.378 -143.104 -15.525
3 16 1.957 -142.301 -19.561 2.006 -141.211 -16.577 1.248 -144.11 -17.991
3 16 1.195 -145.158 -19.654 1.957 -142.301 -19.561 1.248 -144.11 -17.991
3 16 1.858 -143.631 -22.108 1.957 -142.301 -19.561 1.195 -145.158 -19.654
3 16 1.171 -146.451 -20.79 1.858 -143.631 -22.108 1.195 -145.158 -19.654
3 16 1.835 -144.87 -23.443 1.858 -143.631 -22.108 1.171 -146.451 -20.79
3 16 1.835 -144.87 -23.443 1.171 -146.451 -20.79 1.846 -145.755 -23.762
4 16 1.549 -147.666 -22.714 1.743 -146.819 -23.477 1.846 -145.755 -23.762 1.171 -146.451 -20.79
3 16 1.112 -148.184 -21.451 1.549 -147.666 -22.714 1.171 -146.451 -20.79
3 16 1.847 -116.893 .988 1.956 -118.001 -4.421 1.747 -111.578 -.793
3 16 1.747 -111.578 -.793 1.956 -118.001 -4.421 1.958 -112.163 -6.36
3 16 2.087 -107.798 -5.981 1.747 -111.578 -.793 1.958 -112.163 -6.36
3 16 1.66 -107.732 -1.234 1.747 -111.578 -.793 2.087 -107.798 -5.981
3 16 2.149 -102.646 -3.863 1.66 -107.732 -1.234 2.087 -107.798 -5.981
3 16 1.512 -102.997 -.824 1.66 -107.732 -1.234 2.149 -102.646 -3.863
3 16 1.931 -98.094 -1.256 1.512 -102.997 -.824 2.149 -102.646 -3.863
3 16 1.368 -99.035 .254 1.512 -102.997 -.824 1.931 -98.094 -1.256
3 16 1.847 -116.893 .988 1.98 -122.607 -2.685 1.956 -118.001 -4.421
3 16 1.943 -121.388 2.934 1.98 -122.607 -2.685 1.847 -116.893 .988
4 16 2.005 -128.501 -1.658 1.98 -122.607 -2.685 1.943 -121.388 2.934 1.988 -125.568 4.87
3 16 1.199 -133.14 4.894 1.555 -135.911 .891 1.961 -132.721 3.737
3 16 1.939 -130.32 5.359 1.199 -133.14 4.894 1.961 -132.721 3.737
3 16 1.212 -130.941 6.469 1.199 -133.14 4.894 1.939 -130.32 5.359
3 16 1.212 -130.941 6.469 1.939 -130.32 5.359 1.217 -128.133 6.835
3 16 1.217 -128.133 6.835 1.939 -130.32 5.359 1.968 -128.013 5.565
3 16 1.217 -128.133 6.835 1.968 -128.013 5.565 1.208 -125.32 6.252
3 16 1.208 -125.32 6.252 1.968 -128.013 5.565 1.988 -125.568 4.87
3 16 1.208 -125.32 6.252 1.988 -125.568 4.87 1.178 -121.074 4.501
3 16 1.178 -121.074 4.501 1.988 -125.568 4.87 1.943 -121.388 2.934
3 16 1.178 -121.074 4.501 1.943 -121.388 2.934 1.142 -116.658 2.522
3 16 1.142 -116.658 2.522 1.943 -121.388 2.934 1.847 -116.893 .988
3 16 1.142 -116.658 2.522 1.847 -116.893 .988 1.103 -111.444 .569
3 16 1.103 -111.444 .569 1.847 -116.893 .988 1.747 -111.578 -.793
3 16 1.103 -111.444 .569 1.747 -111.578 -.793 1.113 -107.544 -.172
3 16 1.113 -107.544 -.172 1.747 -111.578 -.793 1.66 -107.732 -1.234
3 16 1.512 -102.997 -.824 1.113 -107.544 -.172 1.66 -107.732 -1.234
3 16 1.114 -103.052 -.088 1.113 -107.544 -.172 1.512 -102.997 -.824
3 16 1.368 -99.035 .254 1.114 -103.052 -.088 1.512 -102.997 -.824
3 16 1.127 -99.19 .597 1.114 -103.052 -.088 1.368 -99.035 .254
4 16 1.292 -149.76 -21.091 1.239 -150.876 -20.236 1.928 -154.482 -19.629 2.152 -151.791 -21.926
3 16 1.928 -154.482 -19.629 1.239 -150.876 -20.236 1.193 -152.82 -17.638
3 16 1.928 -154.482 -19.629 1.193 -152.82 -17.638 1.685 -156.79 -17.714
3 16 1.685 -156.79 -17.714 1.193 -152.82 -17.638 1.248 -154.951 -14.534
3 16 1.685 -156.79 -17.714 1.248 -154.951 -14.534 1.573 -159.21 -16.648
3 16 1.573 -159.21 -16.648 1.248 -154.951 -14.534 1.239 -157.488 -12.38
3 16 1.289 -160.534 -11.198 1.573 -159.21 -16.648 1.239 -157.488 -12.38
3 16 1.525 -161.897 -16.033 1.573 -159.21 -16.648 1.289 -160.534 -11.198
3 16 1.187 -163.166 -10.924 1.525 -161.897 -16.033 1.289 -160.534 -11.198
4 16 1.525 -161.897 -16.033 1.187 -163.166 -10.924 1.175 -165.651 -11.421 1.506 -164.755 -16.083
3 16 1.291 -167.928 -12.669 1.506 -164.755 -16.083 1.175 -165.651 -11.421
3 16 1.522 -167.524 -16.764 1.506 -164.755 -16.083 1.291 -167.928 -12.669
3 16 1.187 -171.293 -15.313 1.522 -167.524 -16.764 1.291 -167.928 -12.669
3 16 1.603 -170.079 -17.99 1.522 -167.524 -16.764 1.187 -171.293 -15.313
3 16 1.121 -174.07 -18.009 1.603 -170.079 -17.99 1.187 -171.293 -15.313
3 16 1.694 -172.65 -19.88 1.603 -170.079 -17.99 1.121 -174.07 -18.009
3 16 2.079 -168.877 -20.19 1.694 -172.65 -19.88 2.109 -171.109 -22.127
4 16 1.694 -172.65 -19.88 2.079 -168.877 -20.19 2.039 -166.494 -18.674 1.603 -170.079 -17.99
3 16 1.522 -167.524 -16.764 1.603 -170.079 -17.99 2.039 -166.494 -18.674
3 16 2.031 -165.036 -18.027 1.522 -167.524 -16.764 2.039 -166.494 -18.674
4 16 1.522 -167.524 -16.764 2.031 -165.036 -18.027 2.088 -161.965 -17.602 1.506 -164.755 -16.083
3 16 1.525 -161.897 -16.033 1.506 -164.755 -16.083 2.088 -161.965 -17.602
3 16 1.525 -161.897 -16.033 2.088 -161.965 -17.602 1.573 -159.21 -16.648
3 16 1.573 -159.21 -16.648 2.088 -161.965 -17.602 2.174 -159.833 -18.125
3 16 2.306 -157.799 -19.246 1.573 -159.21 -16.648 2.174 -159.833 -18.125
3 16 1.685 -156.79 -17.714 1.573 -159.21 -16.648 2.306 -157.799 -19.246
3 16 1.685 -156.79 -17.714 2.306 -157.799 -19.246 1.928 -154.482 -19.629
3 16 1.928 -154.482 -19.629 2.306 -157.799 -19.246 2.497 -155.64 -21.311
3 16 1.928 -154.482 -19.629 2.497 -155.64 -21.311 2.152 -151.791 -21.926
3 16 2.152 -151.791 -21.926 2.497 -155.64 -21.311 2.72 -153.372 -23.803
3 16 2.152 -151.791 -21.926 2.72 -153.372 -23.803 2.411 -149.37 -23.695
3 16 2.411 -149.37 -23.695 2.72 -153.372 -23.803 2.912 -151.547 -25.881
3 16 2.411 -149.37 -23.695 2.912 -151.547 -25.881 2.895 -147.712 -25.616
3 16 2.895 -147.712 -25.616 2.912 -151.547 -25.881 3.075 -149.695 -27.665
3 16 3.208 -147.294 -29.567 2.895 -147.712 -25.616 3.075 -149.695 -27.665
3 16 3.178 -145.746 -26.894 2.895 -147.712 -25.616 3.208 -147.294 -29.567
3 16 3.241 -144.674 -31.005 3.178 -145.746 -26.894 3.208 -147.294 -29.567
3 16 3.268 -143.754 -26.75 3.178 -145.746 -26.894 3.241 -144.674 -31.005
4 16 3.239 -141.428 -30.935 3.268 -143.754 -26.75 3.241 -144.674 -31.005 3.23 -142.695 -31.526
3 16 3.303 -140.413 -27.814 3.268 -143.754 -26.75 3.239 -141.428 -30.935
3 16 3.234 -141.934 -24.526 3.268 -143.754 -26.75 3.303 -140.413 -27.814
4 16 3.244 -140.227 -21.479 3.234 -141.934 -24.526 3.303 -140.413 -27.814 3.297 -139.264 -23.345
3 16 3.262 -138.502 -18.071 3.244 -140.227 -21.479 3.297 -139.264 -23.345
3 16 2.088 -161.965 -17.602 2.031 -165.036 -18.027 1.358 -162.082 -21.338
3 16 1.358 -162.082 -21.338 2.031 -165.036 -18.027 1.241 -164.391 -21.475
3 16 2.088 -161.965 -17.602 1.358 -162.082 -21.338 2.174 -159.833 -18.125
3 16 2.174 -159.833 -18.125 1.358 -162.082 -21.338 1.461 -160.413 -21.845
4 16 1.599 -158.73 -22.606 2.306 -157.799 -19.246 2.174 -159.833 -18.125 1.461 -160.413 -21.845
3 16 2.306 -157.799 -19.246 1.599 -158.73 -22.606 2.497 -155.64 -21.311
3 16 2.497 -155.64 -21.311 1.599 -158.73 -22.606 1.797 -156.933 -23.767
3 16 2.497 -155.64 -21.311 1.797 -156.933 -23.767 2.72 -153.372 -23.803
3 16 2.72 -153.372 -23.803 1.797 -156.933 -23.767 2.027 -154.863 -25.522
3 16 2.72 -153.372 -23.803 2.027 -154.863 -25.522 2.912 -151.547 -25.881
3 16 2.912 -151.547 -25.881 2.027 -154.863 -25.522 2.178 -152.959 -27.43
3 16 2.24 -151.199 -29.106 2.912 -151.547 -25.881 2.178 -152.959 -27.43
3 16 3.075 -149.695 -27.665 2.912 -151.547 -25.881 2.24 -151.199 -29.106
4 16 3.208 -147.294 -29.567 3.075 -149.695 -27.665 2.24 -151.199 -29.106 2.287 -148.833 -31.384
3 16 3.208 -147.294 -29.567 2.287 -148.833 -31.384 3.241 -144.674 -31.005
3 16 3.241 -144.674 -31.005 2.287 -148.833 -31.384 2.298 -146.123 -33.613
3 16 3.241 -144.674 -31.005 2.298 -146.123 -33.613 3.23 -142.695 -31.526
3 16 3.23 -142.695 -31.526 2.298 -146.123 -33.613 2.276 -142.961 -34.995
3 16 2.221 -139.815 -34.692 3.23 -142.695 -31.526 2.276 -142.961 -34.995
3 16 3.239 -141.428 -30.935 3.23 -142.695 -31.526 2.221 -139.815 -34.692
3 16 3.303 -140.413 -27.814 3.239 -141.428 -30.935 2.236 -138.044 -32.205
3 16 2.236 -138.044 -32.205 3.239 -141.428 -30.935 2.221 -139.815 -34.692
4 16 2.236 -138.044 -32.205 2.376 -136.968 -25.857 3.297 -139.264 -23.345 3.303 -140.413 -27.814
3 16 2.625 -136.058 -20.733 3.297 -139.264 -23.345 2.376 -136.968 -25.857
3 16 3.262 -138.502 -18.071 3.297 -139.264 -23.345 2.625 -136.058 -20.733
4 16 2.625 -136.058 -20.733 2.718 -134.691 -17.542 3.349 -137.234 -14.774 3.262 -138.502 -18.071
4 16 2.42 -131.648 -16.478 2.729 -132.888 -15.167 3.349 -137.234 -14.774 2.718 -134.691 -17.542
3 16 3.605 -135.282 -11.825 3.349 -137.234 -14.774 2.729 -132.888 -15.167
3 16 2.665 -129.995 -12.994 3.605 -135.282 -11.825 2.729 -132.888 -15.167
3 16 4.013 -131.826 -8.618 3.605 -135.282 -11.825 2.665 -129.995 -12.994
4 16 2.036 -126.82 -13.913 2.59 -127.23 -11.88 4.013 -131.826 -8.618 2.665 -129.995 -12.994
3 16 4.152 -128.072 -7.401 4.013 -131.826 -8.618 2.59 -127.23 -11.88
4 16 2.548 -124.084 -12.254 4.06 -123.567 -8.029 4.152 -128.072 -7.401 2.59 -127.23 -11.88
4 16 2.454 -120.536 -13.996 4.061 -118.981 -10.032 4.06 -123.567 -8.029 2.548 -124.084 -12.254
4 16 4.105 -114.508 -11.689 4.061 -118.981 -10.032 2.454 -120.536 -13.996 2.415 -116.297 -15.893
3 16 2.609 -112.039 -16.302 4.105 -114.508 -11.689 2.415 -116.297 -15.893
3 16 4.01 -110.282 -11.654 4.105 -114.508 -11.689 2.609 -112.039 -16.302
3 16 3.504 -100.801 -7.184 2.946 -97.098 -9.74 3.221 -96.452 -3.881
3 16 3.221 -96.452 -3.881 2.946 -97.098 -9.74 3.111 -93.692 -6.31
3 16 3.111 -93.692 -6.31 3.007 -93.512 -1.598 3.221 -96.452 -3.881
3 16 3.11 -91.071 -4.084 3.007 -93.512 -1.598 3.111 -93.692 -6.31
3 16 2.946 -97.098 -9.74 3.504 -100.801 -7.184 2.403 -100.75 -13.702
3 16 2.403 -100.75 -13.702 3.504 -100.801 -7.184 3.827 -105.91 -10.316
3 16 3.827 -105.91 -10.316 1.888 -103.94 -17.362 2.403 -100.75 -13.702
3 16 2.448 -108.006 -16.314 1.888 -103.94 -17.362 3.827 -105.91 -10.316
3 16 1.628 -109.033 -19.596 1.888 -103.94 -17.362 2.448 -108.006 -16.314
3 16 1.54 -106.49 -21.603 1.888 -103.94 -17.362 1.628 -109.033 -19.596
3 16 3.827 -105.91 -10.316 4.01 -110.282 -11.654 2.448 -108.006 -16.314
3 16 2.448 -108.006 -16.314 4.01 -110.282 -11.654 2.609 -112.039 -16.302
3 16 2.609 -112.039 -16.302 1.628 -109.033 -19.596 2.448 -108.006 -16.314
3 16 1.628 -109.033 -19.596 1.027 -110.288 -23.272 1.54 -106.49 -21.603
3 16 1.628 -109.033 -19.596 1.013 -112.579 -22.441 1.027 -110.288 -23.272
3 16 1.989 -112.357 -18.548 1.013 -112.579 -22.441 1.628 -109.033 -19.596
3 16 1.989 -112.357 -18.548 1.628 -109.033 -19.596 2.609 -112.039 -16.302
3 16 1.989 -112.357 -18.548 1.057 -115.836 -21.146 1.013 -112.579 -22.441
3 16 2.022 -117.622 -17.917 1.057 -115.836 -21.146 1.989 -112.357 -18.548
3 16 1.057 -115.836 -21.146 2.022 -117.622 -17.917 1.081 -120.44 -18.79
3 16 1.081 -120.44 -18.79 2.022 -117.622 -17.917 1.997 -120.821 -16.315
3 16 1.54 -106.49 -21.603 1.027 -110.288 -23.272 1.082 -108.677 -24.54
3 16 4.575 -91.418 -9.792 3.994 -90.424 -6.768 4.111 -92.583 -8.564
4 16 4.762 -93.48 -13.662 4.575 -91.418 -9.792 4.111 -92.583 -8.564 3.994 -95.807 -11.923
3 16 3.701 -98.513 -15.001 4.762 -93.48 -13.662 3.994 -95.807 -11.923
3 16 4.74 -96.077 -18.115 4.762 -93.48 -13.662 3.701 -98.513 -15.001
4 16 4.744 -98.058 -22.332 4.74 -96.077 -18.115 3.701 -98.513 -15.001 3.451 -101.419 -19.054
3 16 3.2 -104.164 -24.032 4.744 -98.058 -22.332 3.451 -101.419 -19.054
3 16 4.762 -100.383 -27.616 4.744 -98.058 -22.332 3.2 -104.164 -24.032
4 16 4.619 -102.062 -31.829 4.762 -100.383 -27.616 3.2 -104.164 -24.032 2.903 -106.361 -28.951
3 16 2.393 -108.514 -34.576 4.619 -102.062 -31.829 2.903 -106.361 -28.951
3 16 4.51 -103.361 -35.643 4.619 -102.062 -31.829 2.393 -108.514 -34.576
3 16 4.51 -103.361 -35.643 2.393 -108.514 -34.576 4.46 -104.42 -39.795
4 16 4.468 -104.329 -42.475 4.46 -104.42 -39.795 2.393 -108.514 -34.576 1.324 -110.35 -40.441
3 16 4.468 -104.329 -42.475 1.324 -110.35 -40.441 1.243 -110.066 -45.587
3 16 2.748 -84.467 -5.495 3.643 -87.03 -4.65 2.814 -85.012 -8.347
3 16 2.814 -85.012 -8.347 3.643 -87.03 -4.65 4.141 -88.039 -7.492
4 16 4.551 -89.214 -10.547 2.888 -85.474 -11.261 2.814 -85.012 -8.347 4.141 -88.039 -7.492
3 16 3.808 -88.438 -15.104 2.888 -85.474 -11.261 4.551 -89.214 -10.547
3 16 4.551 -89.214 -10.547 4.718 -90.696 -15.205 3.808 -88.438 -15.104
3 16 3.002 -86.073 -15.205 2.888 -85.474 -11.261 3.808 -88.438 -15.104
3 16 2.748 -84.467 -5.495 3.051 -85.986 -2.147 3.643 -87.03 -4.65
3 16 2.756 -85.121 .296 3.051 -85.986 -2.147 2.748 -84.467 -5.495
3 16 2.625 -136.058 -20.733 2.376 -136.968 -25.857 2.462 -134.327 -21.976
3 16 2.462 -134.327 -21.976 2.376 -136.968 -25.857 2.173 -134.229 -25.187
3 16 2.505 -133.214 -18.849 2.625 -136.058 -20.733 2.462 -134.327 -21.976
3 16 2.718 -134.691 -17.542 2.625 -136.058 -20.733 2.505 -133.214 -18.849
3 16 2.42 -131.648 -16.478 2.718 -134.691 -17.542 2.505 -133.214 -18.849
3 16 2.22 -129.177 -14.636 2.729 -132.888 -15.167 2.42 -131.648 -16.478
3 16 2.665 -129.995 -12.994 2.729 -132.888 -15.167 2.22 -129.177 -14.636
3 16 2.036 -126.82 -13.913 2.665 -129.995 -12.994 2.22 -129.177 -14.636
4 16 1.988 -124.382 -14.315 2.548 -124.084 -12.254 2.59 -127.23 -11.88 2.036 -126.82 -13.913
3 16 2.054 -134.882 -28.676 2.173 -134.229 -25.187 2.376 -136.968 -25.857
3 16 2.236 -138.044 -32.205 2.054 -134.882 -28.676 2.376 -136.968 -25.857
3 16 2.022 -134.742 -31.724 2.054 -134.882 -28.676 2.236 -138.044 -32.205
3 16 1.988 -135.075 -36.528 2.022 -134.742 -31.724 2.236 -138.044 -32.205
3 16 2.221 -139.815 -34.692 1.988 -135.075 -36.528 2.236 -138.044 -32.205
3 16 1.988 -137.36 -37.654 1.988 -135.075 -36.528 2.221 -139.815 -34.692
3 16 1.988 -137.36 -37.654 2.221 -139.815 -34.692 2.033 -139.053 -38.03
4 16 2.033 -139.053 -38.03 2.221 -139.815 -34.692 2.276 -142.961 -34.995 2.066 -141.01 -38.17
3 16 2.075 -144.074 -37.45 2.066 -141.01 -38.17 2.276 -142.961 -34.995
3 16 2.276 -142.961 -34.995 2.019 -147.16 -35.651 2.075 -144.074 -37.45
3 16 2.298 -146.123 -33.613 2.019 -147.16 -35.651 2.276 -142.961 -34.995
3 16 1.991 -132.804 -35.233 2.022 -134.742 -31.724 1.988 -135.075 -36.528
4 16 1.99 -130.387 -33.705 2 -132.177 -31.266 2.022 -134.742 -31.724 1.991 -132.804 -35.233
3 16 2.022 -134.742 -31.724 2 -132.177 -31.266 2.054 -134.882 -28.676
3 16 2.054 -134.882 -28.676 2 -132.177 -31.266 1.99 -132.721 -27.899
3 16 1.99 -132.721 -27.899 2.173 -134.229 -25.187 2.054 -134.882 -28.676
4 16 1.984 -128.836 -32.198 2 -130.394 -30.955 2 -132.177 -31.266 1.99 -130.387 -33.705
4 16 2 -130.394 -30.955 1.989 -130.495 -29.45 1.99 -132.721 -27.899 2 -132.177 -31.266
4 16 1.978 -128.669 -30.685 1.98 -128.983 -30.271 1.989 -130.495 -29.45 2 -130.394 -30.955
4 16 1.984 -128.836 -32.198 1.977 -128.45 -31.319 1.978 -128.669 -30.685 2 -130.394 -30.955
3 16 2.454 -120.536 -13.996 1.997 -120.821 -16.315 2.415 -116.297 -15.893
3 16 2.415 -116.297 -15.893 1.997 -120.821 -16.315 2.022 -117.622 -17.917
3 16 1.989 -112.357 -18.548 2.415 -116.297 -15.893 2.022 -117.622 -17.917
3 16 2.609 -112.039 -16.302 2.415 -116.297 -15.893 1.989 -112.357 -18.548
3 16 2.454 -120.536 -13.996 1.988 -124.382 -14.315 1.997 -120.821 -16.315
3 16 2.548 -124.084 -12.254 1.988 -124.382 -14.315 2.454 -120.536 -13.996
3 16 2.036 -126.82 -13.913 1 -126.401 -15.887 1.988 -124.382 -14.315
3 16 1.988 -124.382 -14.315 1 -126.401 -15.887 1.014 -124.239 -16.453
3 16 2.036 -126.82 -13.913 1.001 -128.473 -16.218 1 -126.401 -15.887
3 16 2.22 -129.177 -14.636 1.001 -128.473 -16.218 2.036 -126.82 -13.913
3 16 2.22 -129.177 -14.636 2.42 -131.648 -16.478 1.001 -128.473 -16.218
3 16 1.001 -128.473 -16.218 2.42 -131.648 -16.478 1.018 -130.447 -18.069
4 16 2.42 -131.648 -16.478 2.505 -133.214 -18.849 1.035 -131.802 -20.192 1.018 -130.447 -18.069
4 16 1.052 -132.552 -22.087 1.035 -131.802 -20.192 2.505 -133.214 -18.849 2.462 -134.327 -21.976
3 16 2.462 -134.327 -21.976 1.063 -132.854 -24.789 1.052 -132.552 -22.087
3 16 2.173 -134.229 -25.187 1.063 -132.854 -24.789 2.462 -134.327 -21.976
3 16 2.173 -134.229 -25.187 1.99 -132.721 -27.899 1.063 -132.854 -24.789
3 16 1.063 -132.854 -24.789 1.99 -132.721 -27.899 1.05 -131.427 -26.931
3 16 1.99 -132.721 -27.899 1.989 -130.495 -29.45 1.05 -131.427 -26.931
3 16 1.05 -131.427 -26.931 1.989 -130.495 -29.45 1.099 -128.34 -28.25
4 16 1.088 -126.925 -28.995 1.099 -128.34 -28.25 1.989 -130.495 -29.45 1.98 -128.983 -30.271
3 16 1.978 -128.669 -30.685 1.088 -126.925 -28.995 1.98 -128.983 -30.271
3 16 1.092 -126.062 -29.982 1.088 -126.925 -28.995 1.978 -128.669 -30.685
3 16 1.092 -126.062 -29.982 1.978 -128.669 -30.685 1.155 -126.176 -31.26
3 16 1.155 -126.176 -31.26 1.978 -128.669 -30.685 1.977 -128.45 -31.319
3 16 1.155 -126.176 -31.26 1.977 -128.45 -31.319 1.275 -126.926 -32.647
3 16 1.275 -126.926 -32.647 1.977 -128.45 -31.319 1.984 -128.836 -32.198
3 16 1.984 -128.836 -32.198 1.213 -129.125 -34.797 1.275 -126.926 -32.647
3 16 1.99 -130.387 -33.705 1.213 -129.125 -34.797 1.984 -128.836 -32.198
3 16 1.99 -130.387 -33.705 1.261 -131.544 -36.329 1.213 -129.125 -34.797
3 16 1.991 -132.804 -35.233 1.261 -131.544 -36.329 1.99 -130.387 -33.705
3 16 1.991 -132.804 -35.233 1.2 -134.187 -37.792 1.261 -131.544 -36.329
3 16 1.988 -135.075 -36.528 1.2 -134.187 -37.792 1.991 -132.804 -35.233
3 16 1.988 -135.075 -36.528 1.169 -136.783 -38.957 1.2 -134.187 -37.792
3 16 1.988 -137.36 -37.654 1.169 -136.783 -38.957 1.988 -135.075 -36.528
3 16 1.988 -137.36 -37.654 2.033 -139.053 -38.03 1.169 -136.783 -38.957
3 16 1.169 -136.783 -38.957 2.033 -139.053 -38.03 1.165 -138.962 -39.642
4 16 2.033 -139.053 -38.03 2.066 -141.01 -38.17 1.148 -141.095 -39.895 1.165 -138.962 -39.642
3 16 2.066 -141.01 -38.17 1.128 -144.546 -39.209 1.148 -141.095 -39.895
3 16 2.075 -144.074 -37.45 1.128 -144.546 -39.209 2.066 -141.01 -38.17
3 16 2.075 -144.074 -37.45 1.125 -147.932 -37.319 1.128 -144.546 -39.209
3 16 2.019 -147.16 -35.651 1.125 -147.932 -37.319 2.075 -144.074 -37.45
4 16 3.994 -95.807 -11.923 4.111 -92.583 -8.564 3.111 -93.692 -6.31 2.946 -97.098 -9.74
3 16 2.946 -97.098 -9.74 2.403 -100.75 -13.702 3.994 -95.807 -11.923
3 16 3.994 -95.807 -11.923 2.403 -100.75 -13.702 3.701 -98.513 -15.001
4 16 3.701 -98.513 -15.001 2.403 -100.75 -13.702 1.888 -103.94 -17.362 3.451 -101.419 -19.054
4 16 3.2 -104.164 -24.032 3.451 -101.419 -19.054 1.888 -103.94 -17.362 1.54 -106.49 -21.603
3 16 1.54 -106.49 -21.603 1.473 -107.971 -26.255 3.2 -104.164 -24.032
3 16 1.082 -108.677 -24.54 1.473 -107.971 -26.255 1.54 -106.49 -21.603
3 16 1.473 -107.971 -26.255 2.903 -106.361 -28.951 3.2 -104.164 -24.032
3 16 1.534 -108.029 -27.937 2.903 -106.361 -28.951 1.473 -107.971 -26.255
3 16 1.534 -108.029 -27.937 1.17 -109.449 -34.28 2.903 -106.361 -28.951
3 16 2.903 -106.361 -28.951 1.17 -109.449 -34.28 2.393 -108.514 -34.576
3 16 1.324 -110.35 -40.441 2.393 -108.514 -34.576 1.17 -109.449 -34.28
4 16 4.718 -90.696 -15.205 4.551 -89.214 -10.547 4.575 -91.418 -9.792 4.762 -93.48 -13.662
4 16 4.718 -90.696 -15.205 4.762 -93.48 -13.662 4.74 -96.077 -18.115 4.697 -91.447 -19.338
3 16 4.697 -91.447 -19.338 4.74 -96.077 -18.115 4.746 -92.377 -23.16
3 16 4.746 -92.377 -23.16 4.74 -96.077 -18.115 4.744 -98.058 -22.332
4 16 4.762 -100.383 -27.616 4.732 -96.138 -29.426 4.746 -92.377 -23.16 4.744 -98.058 -22.332
4 16 4.619 -102.062 -31.829 4.573 -97.836 -32.987 4.732 -96.138 -29.426 4.762 -100.383 -27.616
4 16 4.573 -97.836 -32.987 4.619 -102.062 -31.829 4.51 -103.361 -35.643 4.477 -98.646 -35.857
3 16 4.477 -98.646 -35.857 4.51 -103.361 -35.643 4.49 -98.609 -37.72
3 16 4.49 -98.609 -37.72 4.51 -103.361 -35.643 4.46 -104.42 -39.795
4 16 4.468 -104.329 -42.475 4.474 -102.655 -43.737 4.49 -98.609 -37.72 4.46 -104.42 -39.795
4 16 4.459 -97.22 -38.701 4.49 -98.609 -37.72 4.474 -102.655 -43.737 4.434 -98.996 -44.53
3 16 4.283 -94.737 -44.714 4.459 -97.22 -38.701 4.434 -98.996 -44.53
3 16 4.284 -94.46 -39.412 4.459 -97.22 -38.701 4.283 -94.737 -44.714
3 16 4.036 -89.177 -44.267 4.284 -94.46 -39.412 4.283 -94.737 -44.714
3 16 3.95 -89.262 -39.244 4.284 -94.46 -39.412 4.036 -89.177 -44.267
3 16 3.979 -82.904 -42.945 3.95 -89.262 -39.244 4.036 -89.177 -44.267
3 16 3.982 -83.449 -38.273 3.95 -89.262 -39.244 3.979 -82.904 -42.945
4 16 3.981 -78.204 -36.32 3.982 -83.449 -38.273 3.979 -82.904 -42.945 3.969 -76.854 -40.184
3 16 3.878 -72.618 -37.198 3.981 -78.204 -36.32 3.969 -76.854 -40.184
3 16 3.837 -74.951 -34.345 3.981 -78.204 -36.32 3.878 -72.618 -37.198
3 16 3.727 -69.154 -33.518 3.837 -74.951 -34.345 3.878 -72.618 -37.198
3 16 3.527 -71.164 -31.072 3.837 -74.951 -34.345 3.727 -69.154 -33.518
4 16 3.296 -67.407 -27.328 3.527 -71.164 -31.072 3.727 -69.154 -33.518 3.467 -66.169 -29.535
3 16 3.299 -63.255 -24.495 3.296 -67.407 -27.328 3.467 -66.169 -29.535
3 16 3.614 -90.263 -35.163 3.588 -85.584 -34.295 3.58 -86.757 -31.462
3 16 3.58 -86.757 -31.462 3.588 -85.584 -34.295 3.596 -84.286 -32.227
3 16 3.588 -85.584 -34.295 3.54 -82.338 -33.305 3.596 -84.286 -32.227
3 16 3.596 -84.286 -32.227 3.54 -82.338 -33.305 3.494 -82.458 -32.471
3 16 3.87 -89.616 -30.035 3.614 -90.263 -35.163 3.58 -86.757 -31.462
3 16 3.682 -92.43 -35.456 3.614 -90.263 -35.163 3.87 -89.616 -30.035
3 16 3.682 -92.43 -35.456 3.87 -89.616 -30.035 4.001 -93.779 -34.571
3 16 3.87 -89.616 -30.035 4.336 -94.457 -32.453 4.001 -93.779 -34.571
4 16 4.454 -91.676 -27.142 4.623 -95.108 -30.225 4.336 -94.457 -32.453 3.87 -89.616 -30.035
3 16 4.623 -95.108 -30.225 4.454 -91.676 -27.142 4.732 -96.138 -29.426
3 16 4.573 -97.836 -32.987 4.623 -95.108 -30.225 4.732 -96.138 -29.426
3 16 3.801 -95.807 -33.552 4.623 -95.108 -30.225 4.573 -97.836 -32.987
4 16 3.337 -95.646 -36.483 3.801 -95.807 -33.552 4.573 -97.836 -32.987 4.477 -98.646 -35.857
3 16 4.477 -98.646 -35.857 4.459 -97.22 -38.701 3.337 -95.646 -36.483
3 16 4.49 -98.609 -37.72 4.459 -97.22 -38.701 4.477 -98.646 -35.857
3 16 4.459 -97.22 -38.701 4.284 -94.46 -39.412 3.337 -95.646 -36.483
3 16 3.337 -95.646 -36.483 4.284 -94.46 -39.412 3.078 -93.529 -37.394
3 16 4.732 -96.138 -29.426 4.454 -91.676 -27.142 4.746 -92.377 -23.16
3 16 4.284 -94.46 -39.412 3.95 -89.262 -39.244 3.078 -93.529 -37.394
3 16 3.078 -93.529 -37.394 3.95 -89.262 -39.244 2.814 -89.141 -37.066
4 16 2.598 -83.677 -35.713 2.814 -89.141 -37.066 3.95 -89.262 -39.244 3.982 -83.449 -38.273
4 16 2.302 -79.183 -33.552 2.598 -83.677 -35.713 3.982 -83.449 -38.273 3.981 -78.204 -36.32
3 16 3.981 -78.204 -36.32 3.837 -74.951 -34.345 2.302 -79.183 -33.552
3 16 2.302 -79.183 -33.552 3.837 -74.951 -34.345 2.112 -76.173 -31.274
3 16 3.837 -74.951 -34.345 3.527 -71.164 -31.072 2.112 -76.173 -31.274
3 16 2.112 -76.173 -31.274 3.527 -71.164 -31.072 1.998 -72.957 -28.651
3 16 3.527 -71.164 -31.072 3.296 -67.407 -27.328 1.998 -72.957 -28.651
3 16 1.998 -72.957 -28.651 3.296 -67.407 -27.328 2.191 -68.827 -24.776
3 16 3.296 -67.407 -27.328 3.299 -63.255 -24.495 2.191 -68.827 -24.776
3 16 2.191 -68.827 -24.776 3.299 -63.255 -24.495 1.985 -65.764 -21.177
3 16 3.006 -59.702 -19.774 1.985 -65.764 -21.177 3.299 -63.255 -24.495
3 16 1.686 -62.549 -17.514 1.985 -65.764 -21.177 3.006 -59.702 -19.774
3 16 1.686 -62.549 -17.514 3.006 -59.702 -19.774 1.417 -57.462 -12.692
3 16 1.417 -57.462 -12.692 3.006 -59.702 -19.774 2.827 -55.238 -14.866
3 16 1.417 -57.462 -12.692 2.827 -55.238 -14.866 1.413 -52.546 -8.559
3 16 1.413 -52.546 -8.559 2.827 -55.238 -14.866 2.836 -50.673 -10.462
3 16 2.836 -50.673 -10.462 1.412 -48.461 -5.36 1.413 -52.546 -8.559
3 16 2.871 -42.908 -5.163 2.89 -39.606 -3.603 1.628 -44.599 -2.929
3 16 1.628 -44.599 -2.929 2.89 -39.606 -3.603 1.111 -41.865 2.283
3 16 1.111 -41.865 2.283 1.122 -46.335 .497 1.628 -44.599 -2.929
4 16 2.977 -34.647 -2.274 1.247 -35.864 3.794 1.111 -41.865 2.283 2.89 -39.606 -3.603
4 16 3.078 -29.468 -1.262 1.477 -30.155 4.508 1.247 -35.864 3.794 2.977 -34.647 -2.274
3 16 3.078 -29.468 -1.262 1.662 -25.075 4.687 1.477 -30.155 4.508
3 16 3.27 -24.548 -.768 1.662 -25.075 4.687 3.078 -29.468 -1.262
3 16 2.995 -19.868 2.11 1.662 -25.075 4.687 3.27 -24.548 -.768
3 16 3.27 -24.548 -.768 3.733 -19.55 -.55 2.995 -19.868 2.11
3 16 1.732 -20 4.535 1.662 -25.075 4.687 2.995 -19.868 2.11
3 16 2.995 -19.868 2.11 1.288 -15 4.312 1.732 -20 4.535
3 16 3.69 -15 2.575 1.288 -15 4.312 2.995 -19.868 2.11
3 16 2.995 -19.868 2.11 3.733 -19.55 -.55 3.69 -15 2.575
3 16 1.122 -46.335 .497 1.412 -48.461 -5.36 1.628 -44.599 -2.929
3 16 1.084 -51.24 -2.022 1.412 -48.461 -5.36 1.122 -46.335 .497
3 16 3.69 -15 2.575 3.733 -19.55 -.55 4.527 -15 -.348
4 16 2.836 -50.673 -10.462 2.834 -46.731 -7.41 1.628 -44.599 -2.929 1.412 -48.461 -5.36
3 16 2.871 -42.908 -5.163 1.628 -44.599 -2.929 2.834 -46.731 -7.41
3 16 3.733 -19.55 -.55 3.27 -24.548 -.768 2.826 -19.609 -2.819
3 16 1.231 -24.524 -4.758 2.826 -19.609 -2.819 3.27 -24.548 -.768
3 16 3.27 -24.548 -.768 3.078 -29.468 -1.262 1.231 -24.524 -4.758
3 16 1.231 -24.524 -4.758 3.078 -29.468 -1.262 1.238 -28.897 -5.128
3 16 3.078 -29.468 -1.262 2.977 -34.647 -2.274 1.238 -28.897 -5.128
3 16 1.238 -28.897 -5.128 2.977 -34.647 -2.274 1.274 -33.663 -6.122
3 16 2.977 -34.647 -2.274 1.277 -37.76 -7.599 1.274 -33.663 -6.122
3 16 2.89 -39.606 -3.603 1.277 -37.76 -7.599 2.977 -34.647 -2.274
3 16 2.89 -39.606 -3.603 1.306 -40.662 -9.047 1.277 -37.76 -7.599
3 16 2.871 -42.908 -5.163 1.306 -40.662 -9.047 2.89 -39.606 -3.603
3 16 2.871 -42.908 -5.163 1.314 -44.127 -11.211 1.306 -40.662 -9.047
3 16 2.834 -46.731 -7.41 1.314 -44.127 -11.211 2.871 -42.908 -5.163
3 16 2.834 -46.731 -7.41 2.836 -50.673 -10.462 1.314 -44.127 -11.211
3 16 1.314 -44.127 -11.211 2.836 -50.673 -10.462 1.251 -47.942 -14.115
3 16 2.836 -50.673 -10.462 2.827 -55.238 -14.866 1.251 -47.942 -14.115
3 16 1.251 -47.942 -14.115 2.827 -55.238 -14.866 1.185 -52.74 -18.627
3 16 2.827 -55.238 -14.866 3.006 -59.702 -19.774 1.185 -52.74 -18.627
3 16 1.185 -52.74 -18.627 3.006 -59.702 -19.774 1.183 -56.79 -23.499
3 16 3.006 -59.702 -19.774 3.299 -63.255 -24.495 1.183 -56.79 -23.499
3 16 1.183 -56.79 -23.499 3.299 -63.255 -24.495 1.22 -60.099 -28.31
3 16 3.299 -63.255 -24.495 3.467 -66.169 -29.535 1.22 -60.099 -28.31
3 16 1.22 -60.099 -28.31 3.467 -66.169 -29.535 1.151 -63.159 -32.805
3 16 3.467 -66.169 -29.535 3.727 -69.154 -33.518 1.151 -63.159 -32.805
3 16 1.151 -63.159 -32.805 3.727 -69.154 -33.518 1.172 -65.997 -36.496
3 16 3.727 -69.154 -33.518 3.878 -72.618 -37.198 1.172 -65.997 -36.496
3 16 1.172 -65.997 -36.496 3.878 -72.618 -37.198 1.191 -69.735 -40.583
4 16 1.198 -75.678 -45.125 1.191 -69.735 -40.583 3.878 -72.618 -37.198 3.969 -76.854 -40.184
3 16 3.969 -76.854 -40.184 3.979 -82.904 -42.945 1.198 -75.678 -45.125
3 16 1.198 -75.678 -45.125 3.979 -82.904 -42.945 1.218 -82.425 -47.868
3 16 3.979 -82.904 -42.945 4.036 -89.177 -44.267 1.218 -82.425 -47.868
3 16 1.218 -82.425 -47.868 4.036 -89.177 -44.267 1.202 -89.22 -49.202
3 16 4.036 -89.177 -44.267 4.283 -94.737 -44.714 1.202 -89.22 -49.202
3 16 1.202 -89.22 -49.202 4.283 -94.737 -44.714 1.168 -95.348 -49.621
3 16 4.283 -94.737 -44.714 4.434 -98.996 -44.53 1.168 -95.348 -49.621
3 16 1.168 -95.348 -49.621 4.434 -98.996 -44.53 1.2 -101.073 -49.4
4 16 4.434 -98.996 -44.53 4.474 -102.655 -43.737 1.257 -107.316 -48.131 1.2 -101.073 -49.4
3 16 4.474 -102.655 -43.737 4.468 -104.329 -42.475 1.257 -107.316 -48.131
3 16 1.257 -107.316 -48.131 4.468 -104.329 -42.475 1.243 -110.066 -45.587
3 16 1.217 -19.652 -4.474 2.826 -19.609 -2.819 1.231 -24.524 -4.758
3 16 1.217 -19.652 -4.474 1.083 -15 -4.368 2.826 -19.609 -2.819
3 16 2.826 -19.609 -2.819 1.083 -15 -4.368 3.19 -15 -3.174
3 16 2.826 -19.609 -2.819 3.19 -15 -3.174 3.733 -19.55 -.55
3 16 3.733 -19.55 -.55 3.19 -15 -3.174 4.527 -15 -.348
4 16 1.549 -147.666 -22.714 1.292 -149.76 -21.091 2.152 -151.791 -21.926 2.411 -149.37 -23.695
3 16 1.988 -124.382 -14.315 1.014 -124.239 -16.453 1.997 -120.821 -16.315
3 16 1.997 -120.821 -16.315 1.014 -124.239 -16.453 1.081 -120.44 -18.79
2 24 1.068 -60.289 -7.953 1.108 -55.455 -4.711
2 24 1.108 -55.455 -4.711 1.084 -51.24 -2.022
2 24 1.084 -51.24 -2.022 1.122 -46.335 .497
2 24 1.122 -46.335 .497 1.111 -41.865 2.283
2 24 1.111 -41.865 2.283 1.247 -35.864 3.794
2 24 1.247 -35.864 3.794 1.477 -30.155 4.508
2 24 1.477 -30.155 4.508 1.662 -25.075 4.687
2 24 1.662 -25.075 4.687 1.732 -20 4.535
2 24 1.732 -20 4.535 1.288 -15 4.312
2 24 1.288 -15 4.312 0 -15 4.5
2 24 1.083 -15 -4.368 0 -15 -4.5
2 24 3.19 -15 -3.174 1.083 -15 -4.368
2 24 1.288 -15 4.312 3.69 -15 2.575
2 24 3.69 -15 2.575 4.527 -15 -.348
2 24 4.527 -15 -.348 3.19 -15 -3.174
2 24 1.217 -19.652 -4.474 1.231 -24.524 -4.758
2 24 1.231 -24.524 -4.758 1.238 -28.897 -5.128
2 24 1.238 -28.897 -5.128 1.274 -33.663 -6.122
2 24 1.274 -33.663 -6.122 1.277 -37.76 -7.599
2 24 1.277 -37.76 -7.599 1.306 -40.662 -9.047
2 24 1.306 -40.662 -9.047 1.314 -44.127 -11.211
2 24 1.314 -44.127 -11.211 1.251 -47.942 -14.115
2 24 1.083 -15 -4.368 1.217 -19.652 -4.474
2 24 1.12 -183.614 -23.092 1.087 -185.037 -22.279
2 24 1.384 -185.023 -26.903 1.403 -184.449 -25.486
2 24 1.087 -185.037 -22.279 1.046 -186.495 -21.311
2 24 1.128 -182.232 -23.515 1.12 -183.614 -23.092
2 24 1.403 -184.449 -25.486 1.83 -182.464 -26.481
2 24 1.149 -181.149 -23.614 1.128 -182.232 -23.515
2 24 1.83 -182.464 -26.481 2.036 -180.266 -27.1
2 24 1.109 -179.421 -23.094 1.149 -181.149 -23.614
2 24 2.036 -180.266 -27.1 2.119 -177.536 -27.07
2 24 2.119 -177.536 -27.07 2.142 -175.612 -26.298
2 24 1.146 -177.959 -22.084 1.109 -179.421 -23.094
2 24 2.142 -175.612 -26.298 2.124 -173.234 -24.072
2 24 1.127 -175.914 -19.995 1.146 -177.959 -22.084
2 24 1.046 -186.495 -21.311 1.078 -188.016 -21.254
2 24 1.078 -188.016 -21.254 1.07 -189.02 -21.868
2 24 1.07 -189.02 -21.868 1.073 -189.663 -22.872
2 24 1.073 -189.663 -22.872 1.107 -190.008 -23.788
2 24 1.107 -190.008 -23.788 1.122 -189.913 -24.916
2 24 1.122 -189.913 -24.916 1.125 -189.167 -25.994
2 24 1.125 -189.167 -25.994 1.146 -187.964 -27.171
2 24 1.121 -174.07 -18.009 1.127 -175.914 -19.995
2 24 2.124 -173.234 -24.072 2.109 -171.109 -22.127
2 24 1.146 -187.964 -27.171 1.112 -186.388 -28.653
2 24 1.398 -183.729 -28.102 1.384 -185.023 -26.903
2 24 1.112 -186.388 -28.653 1.092 -184.411 -30.071
2 24 1.493 -180.72 -29.237 1.398 -183.729 -28.102
2 24 1.092 -184.411 -30.071 1.012 -181.342 -31.578
2 24 1.012 -181.342 -31.578 1.043 -178.047 -32.073
2 24 1.616 -177.893 -29.57 1.493 -180.72 -29.237
2 24 1.043 -178.047 -32.073 1.071 -175.788 -31.767
2 24 1.656 -175.689 -29.021 1.616 -177.893 -29.57
2 24 1.071 -175.788 -31.767 1.079 -172.275 -30.218
2 24 1.478 -172.744 -27.218 1.656 -175.689 -29.021
2 24 1.079 -172.275 -30.218 1.069 -169.558 -28.431
2 24 1.327 -170.318 -25.088 1.478 -172.744 -27.218
2 24 1.069 -169.558 -28.431 1.017 -166.611 -26.542
2 24 1.25 -168.042 -23.324 1.327 -170.318 -25.088
2 24 1.21 -165.832 -22.028 1.25 -168.042 -23.324
2 24 1.017 -166.611 -26.542 1.037 -163.441 -25.781
2 24 1.241 -164.391 -21.475 1.21 -165.832 -22.028
2 24 1.358 -162.082 -21.338 1.241 -164.391 -21.475
2 24 1.461 -160.413 -21.845 1.358 -162.082 -21.338
2 24 1.037 -163.441 -25.781 1.084 -160.681 -26.429
2 24 1.599 -158.73 -22.606 1.461 -160.413 -21.845
2 24 1.797 -156.933 -23.767 1.599 -158.73 -22.606
2 24 1.084 -160.681 -26.429 1.123 -157.617 -28.836
2 24 2.027 -154.863 -25.522 1.797 -156.933 -23.767
2 24 2.178 -152.959 -27.43 2.027 -154.863 -25.522
2 24 1.123 -157.617 -28.836 1.101 -155.402 -31.038
2 24 2.24 -151.199 -29.106 2.178 -152.959 -27.43
2 24 2.287 -148.833 -31.384 2.24 -151.199 -29.106
2 24 1.101 -155.402 -31.038 1.132 -151.573 -34.525
2 24 1.132 -151.573 -34.525 1.125 -147.932 -37.319
2 24 2.298 -146.123 -33.613 2.287 -148.833 -31.384
2 24 2.757 -87.661 2.94 3.007 -93.512 -1.598
2 24 3.051 -85.986 -2.147 2.756 -85.121 .296
2 24 2.731 -84.7 4.839 2.757 -87.661 2.94
2 24 2.727 -83.725 4.868 2.731 -84.7 4.839
2 24 3.643 -87.03 -4.65 3.051 -85.986 -2.147
2 24 2.727 -82.876 4.517 2.727 -83.725 4.868
2 24 2.723 -82.314 3.992 2.727 -82.876 4.517
2 24 2.702 -82.483 .401 2.725 -81.977 2.675
2 24 2.725 -81.977 2.675 2.723 -82.314 3.992
2 24 2.756 -85.121 .296 2.748 -84.467 -5.495
2 24 2.748 -84.467 -5.495 2.702 -82.483 .401
2 24 3.11 -91.071 -4.084 3.111 -93.692 -6.31
2 24 4.111 -92.583 -8.564 3.994 -90.424 -6.768
2 24 4.141 -88.039 -7.492 3.643 -87.03 -4.65
2 24 4.551 -89.214 -10.547 4.141 -88.039 -7.492
2 24 3.994 -90.424 -6.768 4.575 -91.418 -9.792
2 24 1.259 -80.349 8.069 1.297 -79.267 6.51
2 24 1.297 -79.267 6.51 1.319 -79.336 3.717
2 24 1.319 -79.336 3.717 1.307 -80.163 .524
2 24 1.307 -80.163 .524 1.237 -81.651 -3.949
2 24 1.237 -81.651 -3.949 1.182 -82.923 -8.092
2 24 1.182 -82.923 -8.092 1.168 -83.482 -11.043
2 24 1.168 -83.482 -11.043 1.168 -83.534 -14.308
2 24 1.168 -83.534 -14.308 1.21 -82.914 -17.173
2 24 1.21 -82.914 -17.173 1.134 -81.958 -18.997
2 24 1.134 -81.958 -18.997 1.077 -80.857 -19.96
2 24 1.077 -80.857 -19.96 1.064 -79.436 -20.452
2 24 1.064 -79.436 -20.452 1.04 -77.896 -20.299
2 24 1.04 -77.896 -20.299 1.04 -76.701 -19.681
2 24 1.04 -76.701 -19.681 1.036 -74.34 -18.123
2 24 1.036 -74.34 -18.123 1.051 -71.088 -15.882
2 24 1.195 -82.33 8.786 1.259 -80.349 8.069
2 24 1.121 -84.254 8.59 1.195 -82.33 8.786
2 24 1.221 -88.757 5.994 1.121 -84.254 8.59
2 24 1.163 -95.932 1.83 1.221 -88.757 5.994
2 24 1.127 -99.19 .597 1.163 -95.932 1.83
2 24 1.114 -103.052 -.088 1.127 -99.19 .597
2 24 1.113 -107.544 -.172 1.114 -103.052 -.088
2 24 1.103 -111.444 .569 1.113 -107.544 -.172
2 24 1.142 -116.658 2.522 1.103 -111.444 .569
2 24 1.178 -121.074 4.501 1.142 -116.658 2.522
2 24 1.208 -125.32 6.252 1.178 -121.074 4.501
2 24 1.217 -128.133 6.835 1.208 -125.32 6.252
2 24 1.212 -130.941 6.469 1.217 -128.133 6.835
2 24 1.199 -133.14 4.894 1.212 -130.941 6.469
2 24 1.555 -135.911 .891 1.199 -133.14 4.894
2 24 1.593 -138.518 -3.912 1.555 -135.911 .891
2 24 1.368 -99.035 .254 1.163 -95.932 1.83
2 24 1.292 -149.76 -21.091 1.112 -148.184 -21.451
2 24 1.112 -148.184 -21.451 1.171 -146.451 -20.79
2 24 1.171 -146.451 -20.79 1.195 -145.158 -19.654
2 24 1.195 -145.158 -19.654 1.248 -144.11 -17.991
2 24 1.248 -144.11 -17.991 1.378 -143.104 -15.525
2 24 1.378 -143.104 -15.525 1.487 -141.936 -11.913
2 24 1.487 -141.936 -11.913 1.586 -140.474 -8.231
2 24 1.586 -140.474 -8.231 1.593 -138.518 -3.912
2 24 1.239 -150.876 -20.236 1.292 -149.76 -21.091
2 24 1.193 -152.82 -17.638 1.239 -150.876 -20.236
2 24 1.248 -154.951 -14.534 1.193 -152.82 -17.638
2 24 1.239 -157.488 -12.38 1.248 -154.951 -14.534
2 24 1.289 -160.534 -11.198 1.239 -157.488 -12.38
2 24 1.187 -163.166 -10.924 1.289 -160.534 -11.198
2 24 1.175 -165.651 -11.421 1.187 -163.166 -10.924
2 24 1.291 -167.928 -12.669 1.175 -165.651 -11.421
2 24 2.079 -168.877 -20.19 2.109 -171.109 -22.127
2 24 2.039 -166.494 -18.674 2.079 -168.877 -20.19
2 24 2.031 -165.036 -18.027 2.039 -166.494 -18.674
2 24 3.133 -86.166 -18.798 3.002 -86.073 -15.205
2 24 3.808 -88.438 -15.104 3.614 -88.992 -19.112
2 24 3.614 -88.992 -19.112 3.335 -89.223 -21.958
2 24 3.001 -85.744 -22.71 3.133 -86.166 -18.798
2 24 3.335 -89.223 -21.958 2.85 -89.168 -25.215
2 24 2.85 -89.168 -25.215 2.385 -87.688 -28.062
2 24 2.665 -83.72 -25.924 3.001 -85.744 -22.71
2 24 2.385 -87.688 -28.062 2.284 -85.22 -29.297
2 24 2.471 -80.653 -27.009 2.665 -83.72 -25.924
2 24 2.284 -85.22 -29.297 2.164 -80.997 -30.348
2 24 2.164 -80.997 -30.348 2.129 -79.311 -31.468
2 24 2.367 -77.175 -26.329 2.471 -80.653 -27.009
2 24 2.302 -79.183 -33.552 2.112 -76.173 -31.274
2 24 2.129 -79.311 -31.468 2.302 -79.183 -33.552
2 24 2.112 -76.173 -31.274 1.998 -72.957 -28.651
2 24 2.43 -74.62 -24.291 2.367 -77.175 -26.329
2 24 1.998 -72.957 -28.651 2.191 -68.827 -24.776
2 24 2.425 -72.023 -21.492 2.43 -74.62 -24.291
2 24 2.191 -68.827 -24.776 1.985 -65.764 -21.177
2 24 2.155 -69.345 -18.081 2.425 -72.023 -21.492
2 24 1.985 -65.764 -21.177 1.686 -62.549 -17.514
2 24 1.213 -66.281 -12.367 2.155 -69.345 -18.081
2 24 1.686 -62.549 -17.514 1.417 -57.462 -12.692
2 24 1.068 -60.289 -7.953 1.213 -66.281 -12.367
2 24 1.417 -57.462 -12.692 1.413 -52.546 -8.559
2 24 1.413 -52.546 -8.559 1.412 -48.461 -5.36
2 24 4.718 -90.696 -15.205 4.697 -91.447 -19.338
2 24 4.697 -91.447 -19.338 4.746 -92.377 -23.16
2 24 4.746 -92.377 -23.16 4.454 -91.676 -27.142
2 24 4.454 -91.676 -27.142 3.87 -89.616 -30.035
2 24 3.87 -89.616 -30.035 3.58 -86.757 -31.462
2 24 3.58 -86.757 -31.462 3.596 -84.286 -32.227
2 24 3.596 -84.286 -32.227 3.494 -82.458 -32.471
2 24 3.494 -82.458 -32.471 3.54 -82.338 -33.305
2 24 2.598 -83.677 -35.713 2.302 -79.183 -33.552
2 24 3.54 -82.338 -33.305 3.588 -85.584 -34.295
2 24 2.814 -89.141 -37.066 2.598 -83.677 -35.713
2 24 3.588 -85.584 -34.295 3.614 -90.263 -35.163
2 24 3.614 -90.263 -35.163 3.682 -92.43 -35.456
2 24 3.078 -93.529 -37.394 2.814 -89.141 -37.066
2 24 3.682 -92.43 -35.456 4.001 -93.779 -34.571
2 24 3.337 -95.646 -36.483 3.078 -93.529 -37.394
2 24 3.801 -95.807 -33.552 3.337 -95.646 -36.483
2 24 4.001 -93.779 -34.571 4.336 -94.457 -32.453
2 24 4.336 -94.457 -32.453 4.623 -95.108 -30.225
2 24 4.623 -95.108 -30.225 3.801 -95.807 -33.552
2 24 1.014 -124.239 -16.453 1 -126.401 -15.887
2 24 1 -126.401 -15.887 1.001 -128.473 -16.218
2 24 1.001 -128.473 -16.218 1.018 -130.447 -18.069
2 24 1.018 -130.447 -18.069 1.035 -131.802 -20.192
2 24 1.035 -131.802 -20.192 1.052 -132.552 -22.087
2 24 1.052 -132.552 -22.087 1.063 -132.854 -24.789
2 24 1.063 -132.854 -24.789 1.05 -131.427 -26.931
2 24 1.05 -131.427 -26.931 1.099 -128.34 -28.25
2 24 1.099 -128.34 -28.25 1.088 -126.925 -28.995
2 24 1.088 -126.925 -28.995 1.092 -126.062 -29.982
2 24 1.092 -126.062 -29.982 1.155 -126.176 -31.26
2 24 1.128 -144.546 -39.209 1.125 -147.932 -37.319
2 24 1.148 -141.095 -39.895 1.128 -144.546 -39.209
2 24 1.165 -138.962 -39.642 1.148 -141.095 -39.895
2 24 1.169 -136.783 -38.957 1.165 -138.962 -39.642
2 24 1.2 -134.187 -37.792 1.169 -136.783 -38.957
2 24 1.261 -131.544 -36.329 1.2 -134.187 -37.792
2 24 1.213 -129.125 -34.797 1.261 -131.544 -36.329
2 24 1.275 -126.926 -32.647 1.213 -129.125 -34.797
2 24 1.155 -126.176 -31.26 1.275 -126.926 -32.647
2 24 1.121 -174.07 -18.009 1.187 -171.293 -15.313
2 24 1.187 -171.293 -15.313 1.291 -167.928 -12.669
2 24 1.257 -107.316 -48.131 1.243 -110.066 -45.587
2 24 1.243 -110.066 -45.587 1.324 -110.35 -40.441
2 24 1.2 -101.073 -49.4 1.257 -107.316 -48.131
2 24 1.168 -95.348 -49.621 1.2 -101.073 -49.4
2 24 1.202 -89.22 -49.202 1.168 -95.348 -49.621
2 24 1.218 -82.425 -47.868 1.202 -89.22 -49.202
2 24 1.324 -110.35 -40.441 1.17 -109.449 -34.28
2 24 1.17 -109.449 -34.28 1.534 -108.029 -27.937
2 24 1.534 -108.029 -27.937 1.473 -107.971 -26.255
2 24 1.213 -66.281 -12.367 1.051 -71.088 -15.882
2 24 2.888 -85.474 -11.261 3.002 -86.073 -15.205
2 24 2.814 -85.012 -8.347 2.888 -85.474 -11.261
2 24 2.748 -84.467 -5.495 2.814 -85.012 -8.347
2 24 3.221 -96.452 -3.881 3.007 -93.512 -1.598
2 24 3.504 -100.801 -7.184 3.221 -96.452 -3.881
2 24 1.931 -98.094 -1.256 2.149 -102.646 -3.863
2 24 2.149 -102.646 -3.863 2.087 -107.798 -5.981
2 24 3.827 -105.91 -10.316 3.504 -100.801 -7.184
2 24 4.01 -110.282 -11.654 3.827 -105.91 -10.316
2 24 2.087 -107.798 -5.981 1.958 -112.163 -6.36
2 24 4.105 -114.508 -11.689 4.01 -110.282 -11.654
2 24 4.061 -118.981 -10.032 4.105 -114.508 -11.689
2 24 1.958 -112.163 -6.36 1.956 -118.001 -4.421
2 24 4.06 -123.567 -8.029 4.061 -118.981 -10.032
2 24 1.956 -118.001 -4.421 1.98 -122.607 -2.685
2 24 4.152 -128.072 -7.401 4.06 -123.567 -8.029
2 24 1.98 -122.607 -2.685 2.005 -128.501 -1.658
2 24 2.005 -128.501 -1.658 2.001 -132.482 -2.539
2 24 4.013 -131.826 -8.618 4.152 -128.072 -7.401
2 24 2.001 -132.482 -2.539 1.928 -135.926 -5.609
2 24 3.605 -135.282 -11.825 4.013 -131.826 -8.618
2 24 1.928 -135.926 -5.609 1.984 -138.28 -9.444
2 24 1.984 -138.28 -9.444 2.019 -139.891 -13.112
2 24 3.349 -137.234 -14.774 3.605 -135.282 -11.825
2 24 2.019 -139.891 -13.112 2.006 -141.211 -16.577
2 24 3.262 -138.502 -18.071 3.349 -137.234 -14.774
2 24 2.006 -141.211 -16.577 1.957 -142.301 -19.561
2 24 3.244 -140.227 -21.479 3.262 -138.502 -18.071
2 24 1.957 -142.301 -19.561 1.858 -143.631 -22.108
2 24 3.234 -141.934 -24.526 3.244 -140.227 -21.479
2 24 1.858 -143.631 -22.108 1.835 -144.87 -23.443
2 24 3.268 -143.754 -26.75 3.234 -141.934 -24.526
2 24 3.178 -145.746 -26.894 3.268 -143.754 -26.75
2 24 1.835 -144.87 -23.443 1.846 -145.755 -23.762
2 24 2.895 -147.712 -25.616 3.178 -145.746 -26.894
2 24 1.846 -145.755 -23.762 1.743 -146.819 -23.477
2 24 2.411 -149.37 -23.695 2.895 -147.712 -25.616
2 24 1.743 -146.819 -23.477 1.549 -147.666 -22.714
2 24 1.549 -147.666 -22.714 1.112 -148.184 -21.451
2 24 1.968 -128.013 5.565 1.939 -130.32 5.359
2 24 1.988 -125.568 4.87 1.968 -128.013 5.565
2 24 1.939 -130.32 5.359 1.961 -132.721 3.737
2 24 1.961 -132.721 3.737 1.555 -135.911 .891
2 24 1.747 -111.578 -.793 1.847 -116.893 .988
2 24 1.66 -107.732 -1.234 1.747 -111.578 -.793
2 24 1.512 -102.997 -.824 1.66 -107.732 -1.234
2 24 1.368 -99.035 .254 1.512 -102.997 -.824
2 24 1.847 -116.893 .988 1.943 -121.388 2.934
2 24 1.943 -121.388 2.934 1.988 -125.568 4.87
2 24 1.928 -154.482 -19.629 2.152 -151.791 -21.926
2 24 1.685 -156.79 -17.714 1.928 -154.482 -19.629
2 24 1.573 -159.21 -16.648 1.685 -156.79 -17.714
2 24 1.525 -161.897 -16.033 1.573 -159.21 -16.648
2 24 1.506 -164.755 -16.083 1.525 -161.897 -16.033
2 24 1.522 -167.524 -16.764 1.506 -164.755 -16.083
2 24 1.603 -170.079 -17.99 1.522 -167.524 -16.764
2 24 1.694 -172.65 -19.88 1.603 -170.079 -17.99
2 24 2.031 -165.036 -18.027 2.088 -161.965 -17.602
2 24 2.088 -161.965 -17.602 2.174 -159.833 -18.125
2 24 2.174 -159.833 -18.125 2.306 -157.799 -19.246
2 24 2.306 -157.799 -19.246 2.497 -155.64 -21.311
2 24 2.497 -155.64 -21.311 2.72 -153.372 -23.803
2 24 2.411 -149.37 -23.695 2.152 -151.791 -21.926
2 24 2.72 -153.372 -23.803 2.912 -151.547 -25.881
2 24 2.912 -151.547 -25.881 3.075 -149.695 -27.665
2 24 3.075 -149.695 -27.665 3.208 -147.294 -29.567
2 24 3.208 -147.294 -29.567 3.241 -144.674 -31.005
2 24 3.241 -144.674 -31.005 3.23 -142.695 -31.526
2 24 3.23 -142.695 -31.526 3.239 -141.428 -30.935
2 24 3.239 -141.428 -30.935 3.303 -140.413 -27.814
2 24 3.303 -140.413 -27.814 3.297 -139.264 -23.345
2 24 3.297 -139.264 -23.345 3.262 -138.502 -18.071
2 24 2.298 -146.123 -33.613 2.276 -142.961 -34.995
2 24 2.276 -142.961 -34.995 2.221 -139.815 -34.692
2 24 2.221 -139.815 -34.692 2.236 -138.044 -32.205
2 24 2.236 -138.044 -32.205 2.376 -136.968 -25.857
2 24 2.376 -136.968 -25.857 2.625 -136.058 -20.733
2 24 2.625 -136.058 -20.733 2.718 -134.691 -17.542
2 24 2.718 -134.691 -17.542 2.729 -132.888 -15.167
2 24 2.729 -132.888 -15.167 2.665 -129.995 -12.994
2 24 2.665 -129.995 -12.994 2.59 -127.23 -11.88
2 24 2.59 -127.23 -11.88 2.548 -124.084 -12.254
2 24 2.548 -124.084 -12.254 2.454 -120.536 -13.996
2 24 2.454 -120.536 -13.996 2.415 -116.297 -15.893
2 24 2.415 -116.297 -15.893 2.609 -112.039 -16.302
2 24 2.946 -97.098 -9.74 3.111 -93.692 -6.31
2 24 2.403 -100.75 -13.702 2.946 -97.098 -9.74
2 24 1.888 -103.94 -17.362 2.403 -100.75 -13.702
2 24 1.54 -106.49 -21.603 1.888 -103.94 -17.362
2 24 1.013 -112.579 -22.441 1.027 -110.288 -23.272
2 24 1.057 -115.836 -21.146 1.013 -112.579 -22.441
2 24 1.989 -112.357 -18.548 2.022 -117.622 -17.917
2 24 1.081 -120.44 -18.79 1.057 -115.836 -21.146
2 24 2.022 -117.622 -17.917 1.997 -120.821 -16.315
2 24 1.027 -110.288 -23.272 1.082 -108.677 -24.54
2 24 1.082 -108.677 -24.54 1.54 -106.49 -21.603
2 24 4.111 -92.583 -8.564 3.994 -95.807 -11.923
2 24 4.762 -93.48 -13.662 4.575 -91.418 -9.792
2 24 3.994 -95.807 -11.923 3.701 -98.513 -15.001
2 24 4.74 -96.077 -18.115 4.762 -93.48 -13.662
2 24 3.701 -98.513 -15.001 3.451 -101.419 -19.054
2 24 4.744 -98.058 -22.332 4.74 -96.077 -18.115
2 24 3.451 -101.419 -19.054 3.2 -104.164 -24.032
2 24 4.762 -100.383 -27.616 4.744 -98.058 -22.332
2 24 3.2 -104.164 -24.032 2.903 -106.361 -28.951
2 24 4.619 -102.062 -31.829 4.762 -100.383 -27.616
2 24 2.903 -106.361 -28.951 2.393 -108.514 -34.576
2 24 4.51 -103.361 -35.643 4.619 -102.062 -31.829
2 24 4.46 -104.42 -39.795 4.51 -103.361 -35.643
2 24 2.393 -108.514 -34.576 1.324 -110.35 -40.441
2 24 4.468 -104.329 -42.475 4.46 -104.42 -39.795
2 24 4.551 -89.214 -10.547 4.718 -90.696 -15.205
2 24 2.173 -134.229 -25.187 2.462 -134.327 -21.976
2 24 2.462 -134.327 -21.976 2.505 -133.214 -18.849
2 24 2.505 -133.214 -18.849 2.42 -131.648 -16.478
2 24 2.42 -131.648 -16.478 2.22 -129.177 -14.636
2 24 2.22 -129.177 -14.636 2.036 -126.82 -13.913
2 24 2.036 -126.82 -13.913 1.988 -124.382 -14.315
2 24 1.988 -137.36 -37.654 1.988 -135.075 -36.528
2 24 2.033 -139.053 -38.03 1.988 -137.36 -37.654
2 24 2.066 -141.01 -38.17 2.033 -139.053 -38.03
2 24 2.075 -144.074 -37.45 2.066 -141.01 -38.17
2 24 2.019 -147.16 -35.651 2.075 -144.074 -37.45
2 24 1.988 -135.075 -36.528 1.991 -132.804 -35.233
2 24 1.991 -132.804 -35.233 1.99 -130.387 -33.705
2 24 1.99 -132.721 -27.899 2.173 -134.229 -25.187
2 24 1.99 -130.387 -33.705 1.984 -128.836 -32.198
2 24 1.989 -130.495 -29.45 1.99 -132.721 -27.899
2 24 1.98 -128.983 -30.271 1.989 -130.495 -29.45
2 24 1.978 -128.669 -30.685 1.98 -128.983 -30.271
2 24 1.984 -128.836 -32.198 1.977 -128.45 -31.319
2 24 1.977 -128.45 -31.319 1.978 -128.669 -30.685
2 24 1.988 -124.382 -14.315 1.997 -120.821 -16.315
2 24 1.082 -108.677 -24.54 1.473 -107.971 -26.255
2 24 4.732 -96.138 -29.426 4.746 -92.377 -23.16
2 24 4.573 -97.836 -32.987 4.732 -96.138 -29.426
2 24 4.477 -98.646 -35.857 4.573 -97.836 -32.987
2 24 4.49 -98.609 -37.72 4.477 -98.646 -35.857
2 24 4.468 -104.329 -42.475 4.474 -102.655 -43.737
2 24 4.474 -102.655 -43.737 4.434 -98.996 -44.53
2 24 4.459 -97.22 -38.701 4.49 -98.609 -37.72
2 24 4.434 -98.996 -44.53 4.283 -94.737 -44.714
2 24 4.284 -94.46 -39.412 4.459 -97.22 -38.701
2 24 4.283 -94.737 -44.714 4.036 -89.177 -44.267
2 24 3.95 -89.262 -39.244 4.284 -94.46 -39.412
2 24 4.036 -89.177 -44.267 3.979 -82.904 -42.945
2 24 3.982 -83.449 -38.273 3.95 -89.262 -39.244
2 24 3.979 -82.904 -42.945 3.969 -76.854 -40.184
2 24 3.981 -78.204 -36.32 3.982 -83.449 -38.273
2 24 3.969 -76.854 -40.184 3.878 -72.618 -37.198
2 24 3.837 -74.951 -34.345 3.981 -78.204 -36.32
2 24 3.878 -72.618 -37.198 3.727 -69.154 -33.518
2 24 3.527 -71.164 -31.072 3.837 -74.951 -34.345
2 24 3.727 -69.154 -33.518 3.467 -66.169 -29.535
2 24 3.296 -67.407 -27.328 3.527 -71.164 -31.072
2 24 3.299 -63.255 -24.495 3.296 -67.407 -27.328
2 24 3.467 -66.169 -29.535 3.299 -63.255 -24.495
2 24 3.299 -63.255 -24.495 3.006 -59.702 -19.774
2 24 3.006 -59.702 -19.774 2.827 -55.238 -14.866
2 24 2.827 -55.238 -14.866 2.836 -50.673 -10.462
2 24 2.836 -50.673 -10.462 2.834 -46.731 -7.41
2 24 2.871 -42.908 -5.163 2.89 -39.606 -3.603
2 24 2.89 -39.606 -3.603 2.977 -34.647 -2.274
2 24 2.977 -34.647 -2.274 3.078 -29.468 -1.262
2 24 3.078 -29.468 -1.262 3.27 -24.548 -.768
2 24 3.27 -24.548 -.768 3.733 -19.55 -.55
2 24 3.733 -19.55 -.55 4.527 -15 -.348
2 24 2.834 -46.731 -7.41 2.871 -42.908 -5.163
2 24 1.185 -52.74 -18.627 1.251 -47.942 -14.115
2 24 1.183 -56.79 -23.499 1.185 -52.74 -18.627
2 24 1.22 -60.099 -28.31 1.183 -56.79 -23.499
2 24 1.151 -63.159 -32.805 1.22 -60.099 -28.31
2 24 1.172 -65.997 -36.496 1.151 -63.159 -32.805
2 24 1.191 -69.735 -40.583 1.172 -65.997 -36.496
2 24 1.198 -75.678 -45.125 1.191 -69.735 -40.583
2 24 1.218 -82.425 -47.868 1.198 -75.678 -45.125
2 24 1.081 -120.44 -18.79 1.014 -124.239 -16.453

5 24 1.375 -188.028 -23.775 1.107 -190.008 -23.788 1.07 -189.02 -21.868 1.122 -189.913 -24.916
5 24 1.109 -179.421 -23.094 2.142 -175.612 -26.298 2.119 -177.536 -27.07 1.146 -177.959 -22.084
5 24 1.071 -175.788 -31.767 1.616 -177.893 -29.57 1.043 -178.047 -32.073 1.656 -175.689 -29.021
5 24 1.616 -177.893 -29.57 1.043 -178.047 -32.073 1.071 -175.788 -31.767 1.493 -180.72 -29.237
5 24 3.808 -88.438 -15.104 3.133 -86.166 -18.798 3.614 -88.992 -19.112 3.002 -86.073 -15.205
5 24 2.756 -85.121 .296 2.731 -84.7 4.839 2.727 -82.876 4.517 2.757 -87.661 2.94
5 24 1.182 -82.923 -8.092 2.748 -84.467 -5.495 2.814 -85.012 -8.347 1.237 -81.651 -3.949
5 24 1.593 -138.518 -3.912 1.928 -135.926 -5.609 2.001 -132.482 -2.539 1.586 -140.474 -8.231
5 24 4.105 -114.508 -11.689 2.415 -116.297 -15.893 4.061 -118.981 -10.032 2.609 -112.039 -16.302
5 24 1.101 -155.402 -31.038 2.178 -152.959 -27.43 1.123 -157.617 -28.836 1.925 -152.623 -30.79
5 24 1.218 -82.425 -47.868 3.979 -82.904 -42.945 1.198 -75.678 -45.125 4.036 -89.177 -44.267
5 24 4.74 -96.077 -18.115 4.746 -92.377 -23.16 4.697 -91.447 -19.338 4.744 -98.058 -22.332
5 24 1.988 -135.075 -36.528 1.2 -134.187 -37.792 1.991 -132.804 -35.233 1.169 -136.783 -38.957
5 24 4.573 -97.836 -32.987 4.619 -102.062 -31.829 4.51 -103.361 -35.643 4.732 -96.138 -29.426
5 24 1.956 -118.001 -4.421 1.847 -116.893 .988 1.98 -122.607 -2.685 1.747 -111.578 -.793
5 24 2.888 -85.474 -11.261 4.551 -89.214 -10.547 2.814 -85.012 -8.347 3.808 -88.438 -15.104
5 24 1.989 -112.357 -18.548 1.057 -115.836 -21.146 2.022 -117.622 -17.917 1.013 -112.579 -22.441
5 24 2.039 -166.494 -18.674 1.21 -165.832 -22.028 2.079 -168.877 -20.19 1.241 -164.391 -21.475
5 24 2.729 -132.888 -15.167 3.605 -135.282 -11.825 3.349 -137.234 -14.774 2.665 -129.995 -12.994
5 24 3.078 -29.468 -1.262 1.662 -25.075 4.687 3.27 -24.548 -.768 1.477 -30.155 4.508
5 24 2.665 -129.995 -12.994 2.22 -129.177 -14.636 2.729 -132.888 -15.167 2.036 -126.82 -13.913
5 24 1.013 -112.579 -22.441 1.989 -112.357 -18.548 1.628 -109.033 -19.596 1.057 -115.836 -21.146
5 24 1.257 -107.316 -48.131 4.468 -104.329 -42.475 4.474 -102.655 -43.737 1.243 -110.066 -45.587
5 24 2.85 -89.168 -25.215 3.001 -85.744 -22.71 2.385 -87.688 -28.062 3.335 -89.223 -21.958
5 24 1.549 -147.666 -22.714 1.171 -146.451 -20.79 1.743 -146.819 -23.477 1.112 -148.184 -21.451
5 24 1.027 -110.288 -23.272 1.54 -106.49 -21.603 1.082 -108.677 -24.54 1.628 -109.033 -19.596
5 24 4.744 -98.058 -22.332 3.451 -101.419 -19.054 4.74 -96.077 -18.115 3.2 -104.164 -24.032
5 24 2.022 -134.742 -31.724 1.988 -135.075 -36.528 2.236 -138.044 -32.205 1.991 -132.804 -35.233
5 24 1.984 -128.836 -32.198 1.275 -126.926 -32.647 1.213 -129.125 -34.797 1.977 -128.45 -31.319
5 24 1.088 -126.925 -28.995 1.978 -128.669 -30.685 1.98 -128.983 -30.271 1.092 -126.062 -29.982
5 24 1.928 -154.482 -19.629 1.239 -150.876 -20.236 2.152 -151.791 -21.926 1.193 -152.82 -17.638
5 24 2.454 -120.536 -13.996 4.061 -118.981 -10.032 2.415 -116.297 -15.893 4.06 -123.567 -8.029
5 24 2.298 -146.123 -33.613 2.019 -147.16 -35.651 2.287 -148.833 -31.384 2.276 -142.961 -34.995
5 24 3.87 -89.616 -30.035 3.614 -90.263 -35.163 3.58 -86.757 -31.462 3.682 -92.43 -35.456
5 24 1.275 -126.926 -32.647 1.977 -128.45 -31.319 1.155 -126.176 -31.26 1.984 -128.836 -32.198
5 24 2.119 -177.536 -27.07 1.656 -175.689 -29.021 1.616 -177.893 -29.57 2.142 -175.612 -26.298
5 24 1.125 -189.167 -25.994 1.375 -188.028 -23.775 1.122 -189.913 -24.916 1.375 -186.49 -24.596
5 24 1.25 -168.042 -23.324 1.017 -166.611 -26.542 1.21 -165.832 -22.028 1.327 -170.318 -25.088
5 24 4.718 -90.696 -15.205 3.614 -88.992 -19.112 4.697 -91.447 -19.338 3.808 -88.438 -15.104
5 24 2.826 -19.609 -2.819 3.733 -19.55 -.55 3.19 -15 -3.174 3.27 -24.548 -.768
5 24 3.982 -83.449 -38.273 2.598 -83.677 -35.713 2.814 -89.141 -37.066 3.981 -78.204 -36.32
5 24 1.931 -98.094 -1.256 1.512 -102.997 -.824 1.368 -99.035 .254 2.149 -102.646 -3.863
5 24 3.208 -147.294 -29.567 2.287 -148.833 -31.384 3.075 -149.695 -27.665 3.241 -144.674 -31.005
5 24 2 -130.394 -30.955 1.978 -128.669 -30.685 1.984 -128.836 -32.198 1.98 -128.983 -30.271
5 24 2.827 -55.238 -14.866 1.413 -52.546 -8.559 1.417 -57.462 -12.692 2.836 -50.673 -10.462
5 24 3.299 -63.255 -24.495 1.22 -60.099 -28.31 1.183 -56.79 -23.499 3.467 -66.169 -29.535
5 24 2.306 -157.799 -19.246 1.599 -158.73 -22.606 2.174 -159.833 -18.125 2.497 -155.64 -21.311
5 24 2.276 -142.961 -34.995 2.075 -144.074 -37.45 2.066 -141.01 -38.17 2.019 -147.16 -35.651
5 24 1.168 -83.534 -14.308 3.002 -86.073 -15.205 1.21 -82.914 -17.173 2.888 -85.474 -11.261
5 24 1.747 -111.578 -.793 1.113 -107.544 -.172 1.66 -107.732 -1.234 1.103 -111.444 .569
5 24 2.302 -79.183 -33.552 3.981 -78.204 -36.32 3.837 -74.951 -34.345 2.598 -83.677 -35.713
5 24 2.718 -134.691 -17.542 3.349 -137.234 -14.774 2.42 -131.648 -16.478 3.262 -138.502 -18.071
5 24 4.762 -100.383 -27.616 4.732 -96.138 -29.426 4.746 -92.377 -23.16 4.619 -102.062 -31.829
5 24 3.727 -69.154 -33.518 3.527 -71.164 -31.072 3.467 -66.169 -29.535 3.837 -74.951 -34.345
5 24 1.628 -109.033 -19.596 2.609 -112.039 -16.302 2.448 -108.006 -16.314 1.989 -112.357 -18.548
5 24 4.744 -98.058 -22.332 3.2 -104.164 -24.032 3.451 -101.419 -19.054 4.762 -100.383 -27.616
5 24 2.367 -77.175 -26.329 2.112 -76.173 -31.274 1.998 -72.957 -28.651 2.129 -79.311 -31.468
5 24 2.022 -134.742 -31.724 2 -132.177 -31.266 1.991 -132.804 -35.233 2.054 -134.882 -28.676
5 24 2.723 -82.314 3.992 2.702 -82.483 .401 2.756 -85.121 .296 2.725 -81.977 2.675
5 24 4.01 -110.282 -11.654 2.609 -112.039 -16.302 2.448 -108.006 -16.314 4.105 -114.508 -11.689
5 24 3.075 -149.695 -27.665 2.895 -147.712 -25.616 2.912 -151.547 -25.881 3.208 -147.294 -29.567
5 24 1.978 -128.669 -30.685 1.092 -126.062 -29.982 1.155 -126.176 -31.26 1.088 -126.925 -28.995
5 24 1.375 -186.49 -24.596 1.384 -185.023 -26.903 1.403 -184.449 -25.486 1.146 -187.964 -27.171
5 24 3.643 -87.03 -4.65 3.11 -91.071 -4.084 3.051 -85.986 -2.147 3.994 -90.424 -6.768
5 24 2.836 -50.673 -10.462 1.412 -48.461 -5.36 1.413 -52.546 -8.559 2.834 -46.731 -7.41
5 24 1.685 -156.79 -17.714 2.306 -157.799 -19.246 1.928 -154.482 -19.629 1.573 -159.21 -16.648
5 24 2.903 -106.361 -28.951 1.17 -109.449 -34.28 1.534 -108.029 -27.937 2.393 -108.514 -34.576
5 24 1.063 -132.854 -24.789 2.173 -134.229 -25.187 2.462 -134.327 -21.976 1.99 -132.721 -27.899
5 24 1.98 -122.607 -2.685 4.06 -123.567 -8.029 1.956 -118.001 -4.421 2.005 -128.501 -1.658
5 24 1.121 -84.254 8.59 2.727 -83.725 4.868 2.731 -84.7 4.839 1.195 -82.33 8.786
5 24 2.912 -151.547 -25.881 2.178 -152.959 -27.43 2.027 -154.863 -25.522 2.24 -151.199 -29.106
5 24 2.977 -34.647 -2.274 1.238 -28.897 -5.128 3.078 -29.468 -1.262 1.274 -33.663 -6.122
5 24 3.95 -89.262 -39.244 2.814 -89.141 -37.066 3.078 -93.529 -37.394 3.982 -83.449 -38.273
5 24 2.031 -165.036 -18.027 1.522 -167.524 -16.764 2.039 -166.494 -18.674 2.088 -161.965 -17.602
5 24 1.847 -116.893 .988 1.103 -111.444 .569 1.142 -116.658 2.522 1.747 -111.578 -.793
5 24 4.06 -123.567 -8.029 1.956 -118.001 -4.421 4.061 -118.981 -10.032 1.98 -122.607 -2.685
5 24 1.525 -161.897 -16.033 2.088 -161.965 -17.602 1.573 -159.21 -16.648 1.506 -164.755 -16.083
5 24 1.128 -144.546 -39.209 2.075 -144.074 -37.45 2.066 -141.01 -38.17 1.125 -147.932 -37.319
5 24 1.957 -142.301 -19.561 3.244 -140.227 -21.479 3.262 -138.502 -18.071 1.858 -143.631 -22.108
5 24 1.656 -175.689 -29.021 2.142 -175.612 -26.298 2.119 -177.536 -27.07 1.478 -172.744 -27.218
5 24 1.071 -175.788 -31.767 1.656 -175.689 -29.021 1.079 -172.275 -30.218 1.616 -177.893 -29.57
5 24 1.043 -178.047 -32.073 1.493 -180.72 -29.237 1.616 -177.893 -29.57 1.012 -181.342 -31.578
5 24 2.019 -139.891 -13.112 1.378 -143.104 -15.525 1.487 -141.936 -11.913 2.006 -141.211 -16.577
5 24 2.625 -136.058 -20.733 2.462 -134.327 -21.976 2.376 -136.968 -25.857 2.505 -133.214 -18.849
5 24 2.42 -131.648 -16.478 2.718 -134.691 -17.542 2.729 -132.888 -15.167 2.505 -133.214 -18.849
5 24 2.834 -46.731 -7.41 1.314 -44.127 -11.211 2.871 -42.908 -5.163 2.836 -50.673 -10.462
5 24 2.995 -19.868 2.11 3.733 -19.55 -.55 3.69 -15 2.575 3.27 -24.548 -.768
5 24 2.625 -136.058 -20.733 3.297 -139.264 -23.345 2.376 -136.968 -25.857 3.262 -138.502 -18.071
5 24 2.221 -139.815 -34.692 1.988 -135.075 -36.528 1.988 -137.36 -37.654 2.236 -138.044 -32.205
5 24 4.551 -89.214 -10.547 3.808 -88.438 -15.104 4.718 -90.696 -15.205 2.888 -85.474 -11.261
5 24 1.599 -158.73 -22.606 2.497 -155.64 -21.311 2.306 -157.799 -19.246 1.797 -156.933 -23.767
5 24 1.101 -155.402 -31.038 1.925 -152.623 -30.79 1.132 -151.573 -34.525 2.178 -152.959 -27.43
5 24 4.744 -98.058 -22.332 4.746 -92.377 -23.16 4.74 -96.077 -18.115 4.762 -100.383 -27.616
5 24 1.943 -121.388 2.934 1.98 -122.607 -2.685 1.988 -125.568 4.87 1.847 -116.893 .988
5 24 1.928 -135.926 -5.609 1.586 -140.474 -8.231 1.593 -138.518 -3.912 1.984 -138.28 -9.444
5 24 2.72 -153.372 -23.803 2.411 -149.37 -23.695 2.912 -151.547 -25.881 2.152 -151.791 -21.926
5 24 2.088 -161.965 -17.602 1.358 -162.082 -21.338 2.031 -165.036 -18.027 2.174 -159.833 -18.125
5 24 1.183 -56.79 -23.499 3.299 -63.255 -24.495 3.006 -59.702 -19.774 1.22 -60.099 -28.31
5 24 2.039 -166.494 -18.674 1.522 -167.524 -16.764 1.603 -170.079 -17.99 2.031 -165.036 -18.027
5 24 3.178 -145.746 -26.894 3.208 -147.294 -29.567 2.895 -147.712 -25.616 3.241 -144.674 -31.005
5 24 1.477 -30.155 4.508 3.078 -29.468 -1.262 1.247 -35.864 3.794 1.662 -25.075 4.687
5 24 1.185 -52.74 -18.627 3.006 -59.702 -19.774 2.827 -55.238 -14.866 1.183 -56.79 -23.499
5 24 3.69 -15 2.575 3.733 -19.55 -.55 2.995 -19.868 2.11 4.527 -15 -.348
5 24 3.504 -100.801 -7.184 2.403 -100.75 -13.702 3.827 -105.91 -10.316 2.946 -97.098 -9.74
5 24 2.385 -87.688 -28.062 3.001 -85.744 -22.71 2.85 -89.168 -25.215 2.284 -85.22 -29.297
5 24 1.616 -177.893 -29.57 2.119 -177.536 -27.07 2.036 -180.266 -27.1 1.656 -175.689 -29.021
5 24 2.298 -146.123 -33.613 3.241 -144.674 -31.005 3.23 -142.695 -31.526 2.287 -148.833 -31.384
5 24 4.284 -94.46 -39.412 4.036 -89.177 -44.267 4.283 -94.737 -44.714 3.95 -89.262 -39.244
5 24 1.686 -62.549 -17.514 3.006 -59.702 -19.774 1.417 -57.462 -12.692 1.985 -65.764 -21.177
5 24 2.995 -19.868 2.11 1.732 -20 4.535 1.288 -15 4.312 1.662 -25.075 4.687
5 24 1.968 -128.013 5.565 2.005 -128.501 -1.658 1.939 -130.32 5.359 1.988 -125.568 4.87
5 24 3.262 -138.502 -18.071 1.957 -142.301 -19.561 3.349 -137.234 -14.774 3.244 -140.227 -21.479
5 24 2.42 -131.648 -16.478 1.018 -130.447 -18.069 2.505 -133.214 -18.849 1.001 -128.473 -16.218
5 24 1.168 -95.348 -49.621 4.283 -94.737 -44.714 1.202 -89.22 -49.202 4.434 -98.996 -44.53
5 24 1.493 -180.72 -29.237 1.012 -181.342 -31.578 1.092 -184.411 -30.071 1.043 -178.047 -32.073
5 24 1.493 -180.72 -29.237 1.092 -184.411 -30.071 1.398 -183.729 -28.102 1.012 -181.342 -31.578
5 24 1.112 -186.388 -28.653 1.384 -185.023 -26.903 1.398 -183.729 -28.102 1.146 -187.964 -27.171
5 24 1.04 -77.896 -20.299 2.43 -74.62 -24.291 2.367 -77.175 -26.329 1.04 -76.701 -19.681
5 24 1.928 -135.926 -5.609 4.013 -131.826 -8.618 2.001 -132.482 -2.539 3.605 -135.282 -11.825
5 24 1.628 -109.033 -19.596 1.888 -103.94 -17.362 1.54 -106.49 -21.603 2.448 -108.006 -16.314
5 24 3.614 -88.992 -19.112 4.697 -91.447 -19.338 3.335 -89.223 -21.958 4.718 -90.696 -15.205
5 24 1.319 -79.336 3.717 2.723 -82.314 3.992 2.725 -81.977 2.675 1.297 -79.267 6.51
5 24 2.403 -100.75 -13.702 3.827 -105.91 -10.316 1.888 -103.94 -17.362 3.504 -100.801 -7.184
5 24 2.033 -139.053 -38.03 1.165 -138.962 -39.642 1.169 -136.783 -38.957 2.066 -141.01 -38.17
5 24 3.2 -104.164 -24.032 1.473 -107.971 -26.255 2.903 -106.361 -28.951 1.54 -106.49 -21.603
5 24 2.075 -144.074 -37.45 1.125 -147.932 -37.319 2.019 -147.16 -35.651 1.128 -144.546 -39.209
5 24 1.327 -170.318 -25.088 1.069 -169.558 -28.431 1.017 -166.611 -26.542 1.478 -172.744 -27.218
5 24 1.939 -130.32 5.359 1.217 -128.133 6.835 1.212 -130.941 6.469 1.968 -128.013 5.565
5 24 1.148 -141.095 -39.895 2.066 -141.01 -38.17 1.165 -138.962 -39.642 1.128 -144.546 -39.209
5 24 3.801 -95.807 -33.552 4.336 -94.457 -32.453 4.001 -93.779 -34.571 4.623 -95.108 -30.225
5 24 1.506 -164.755 -16.083 1.175 -165.651 -11.421 1.525 -161.897 -16.033 1.291 -167.928 -12.669
5 24 2.72 -153.372 -23.803 2.027 -154.863 -25.522 2.912 -151.547 -25.881 1.797 -156.933 -23.767
5 24 1.99 -132.721 -27.899 1.063 -132.854 -24.789 2.173 -134.229 -25.187 1.05 -131.427 -26.931
5 24 4.061 -118.981 -10.032 1.956 -118.001 -4.421 4.06 -123.567 -8.029 4.105 -114.508 -11.689
5 24 2.625 -136.058 -20.733 2.505 -133.214 -18.849 2.462 -134.327 -21.976 2.718 -134.691 -17.542
5 24 2.827 -55.238 -14.866 1.185 -52.74 -18.627 1.251 -47.942 -14.115 3.006 -59.702 -19.774
5 24 3.994 -95.807 -11.923 2.946 -97.098 -9.74 4.111 -92.583 -8.564 2.403 -100.75 -13.702
5 24 1.989 -130.495 -29.45 1.05 -131.427 -26.931 1.099 -128.34 -28.25 1.99 -132.721 -27.899
5 24 3.241 -144.674 -31.005 3.268 -143.754 -26.75 3.23 -142.695 -31.526 3.178 -145.746 -26.894
5 24 3.54 -82.338 -33.305 2.598 -83.677 -35.713 3.588 -85.584 -34.295 2.302 -79.183 -33.552
5 24 3.051 -85.986 -2.147 3.007 -93.512 -1.598 2.757 -87.661 2.94 3.11 -91.071 -4.084
5 24 2.995 -19.868 2.11 3.69 -15 2.575 3.733 -19.55 -.55 1.288 -15 4.312
5 24 1.199 -133.14 4.894 1.961 -132.721 3.737 1.555 -135.911 .891 1.939 -130.32 5.359
5 24 3.239 -141.428 -30.935 2.221 -139.815 -34.692 3.23 -142.695 -31.526 2.236 -138.044 -32.205
5 24 2.236 -138.044 -32.205 2.022 -134.742 -31.724 2.054 -134.882 -28.676 1.988 -135.075 -36.528
5 24 2.548 -124.084 -12.254 1.988 -124.382 -14.315 2.454 -120.536 -13.996 2.59 -127.23 -11.88
5 24 2.178 -152.959 -27.43 1.123 -157.617 -28.836 2.027 -154.863 -25.522 1.101 -155.402 -31.038
5 24 1.128 -182.232 -23.515 1.403 -184.449 -25.486 1.83 -182.464 -26.481 1.12 -183.614 -23.092
5 24 1.685 -156.79 -17.714 1.248 -154.951 -14.534 1.573 -159.21 -16.648 1.193 -152.82 -17.638
5 24 2.149 -102.646 -3.863 3.504 -100.801 -7.184 3.221 -96.452 -3.881 2.087 -107.798 -5.981
5 24 3.303 -140.413 -27.814 3.234 -141.934 -24.526 3.268 -143.754 -26.75 3.297 -139.264 -23.345
5 24 1.069 -169.558 -28.431 1.478 -172.744 -27.218 1.327 -170.318 -25.088 1.079 -172.275 -30.218
5 24 1.487 -141.936 -11.913 2.019 -139.891 -13.112 1.984 -138.28 -9.444 1.378 -143.104 -15.525
5 24 2.826 -19.609 -2.819 3.19 -15 -3.174 3.733 -19.55 -.55 1.083 -15 -4.368
5 24 3.643 -87.03 -4.65 3.994 -90.424 -6.768 4.141 -88.039 -7.492 3.11 -91.071 -4.084
5 24 2.702 -82.483 .401 2.756 -85.121 .296 2.723 -82.314 3.992 2.748 -84.467 -5.495
5 24 2.609 -112.039 -16.302 1.989 -112.357 -18.548 2.415 -116.297 -15.893 1.628 -109.033 -19.596
5 24 3.837 -74.951 -34.345 2.302 -79.183 -33.552 3.981 -78.204 -36.32 2.112 -76.173 -31.274
5 24 3.827 -105.91 -10.316 2.087 -107.798 -5.981 1.958 -112.163 -6.36 3.504 -100.801 -7.184
5 24 2.006 -141.211 -16.577 1.248 -144.11 -17.991 1.378 -143.104 -15.525 1.957 -142.301 -19.561
5 24 2.946 -97.098 -9.74 3.221 -96.452 -3.881 3.504 -100.801 -7.184 3.111 -93.692 -6.31
5 24 4.283 -94.737 -44.714 4.284 -94.46 -39.412 4.459 -97.22 -38.701 4.036 -89.177 -44.267
5 24 2.066 -141.01 -38.17 2.276 -142.961 -34.995 2.075 -144.074 -37.45 2.033 -139.053 -38.03
5 24 2.054 -134.882 -28.676 2.236 -138.044 -32.205 2.376 -136.968 -25.857 2.022 -134.742 -31.724
5 24 3.979 -82.904 -42.945 1.198 -75.678 -45.125 3.969 -76.854 -40.184 1.218 -82.425 -47.868
5 24 1.997 -120.821 -16.315 2.415 -116.297 -15.893 2.454 -120.536 -13.996 2.022 -117.622 -17.917
5 24 2.425 -72.023 -21.492 1.036 -74.34 -18.123 1.04 -76.701 -19.681 2.155 -69.345 -18.081
5 24 2.164 -80.997 -30.348 3.596 -84.286 -32.227 2.284 -85.22 -29.297 3.494 -82.458 -32.471
5 24 2.756 -85.121 .296 2.723 -82.314 3.992 2.727 -82.876 4.517 2.702 -82.483 .401
5 24 1.968 -128.013 5.565 1.208 -125.32 6.252 1.988 -125.568 4.87 1.217 -128.133 6.835
5 24 3.23 -142.695 -31.526 2.221 -139.815 -34.692 2.276 -142.961 -34.995 3.239 -141.428 -30.935
5 24 3.051 -85.986 -2.147 2.748 -84.467 -5.495 3.643 -87.03 -4.65 2.756 -85.121 .296
5 24 4.46 -104.42 -39.795 4.49 -98.609 -37.72 4.51 -103.361 -35.643 4.468 -104.329 -42.475
5 24 2.912 -151.547 -25.881 2.895 -147.712 -25.616 2.411 -149.37 -23.695 3.075 -149.695 -27.665
5 24 1.956 -118.001 -4.421 1.747 -111.578 -.793 1.958 -112.163 -6.36 1.847 -116.893 .988
5 24 2.826 -19.609 -2.819 1.217 -19.652 -4.474 1.231 -24.524 -4.758 1.083 -15 -4.368
5 24 1.307 -80.163 .524 2.725 -81.977 2.675 2.702 -82.483 .401 1.319 -79.336 3.717
5 24 1.241 -164.391 -21.475 2.031 -165.036 -18.027 2.039 -166.494 -18.674 1.358 -162.082 -21.338
5 24 4.575 -91.418 -9.792 4.551 -89.214 -10.547 3.994 -90.424 -6.768 4.762 -93.48 -13.662
5 24 1.121 -174.07 -18.009 1.603 -170.079 -17.99 1.187 -171.293 -15.313 1.694 -172.65 -19.88
5 24 1.512 -102.997 -.824 2.149 -102.646 -3.863 1.66 -107.732 -1.234 1.931 -98.094 -1.256
5 24 4.036 -89.177 -44.267 3.95 -89.262 -39.244 4.284 -94.46 -39.412 3.979 -82.904 -42.945
5 24 2.903 -106.361 -28.951 1.473 -107.971 -26.255 3.2 -104.164 -24.032 1.534 -108.029 -27.937
5 24 3.614 -90.263 -35.163 3.58 -86.757 -31.462 3.588 -85.584 -34.295 3.87 -89.616 -30.035
5 24 1.413 -52.546 -8.559 1.084 -51.24 -2.022 1.108 -55.455 -4.711 1.412 -48.461 -5.36
5 24 1.171 -146.451 -20.79 1.846 -145.755 -23.762 1.835 -144.87 -23.443 1.549 -147.666 -22.714
5 24 1.231 -24.524 -4.758 3.078 -29.468 -1.262 3.27 -24.548 -.768 1.238 -28.897 -5.128
5 24 2.43 -74.62 -24.291 1.04 -76.701 -19.681 2.425 -72.023 -21.492 1.04 -77.896 -20.299
5 24 4.459 -97.22 -38.701 4.477 -98.646 -35.857 3.337 -95.646 -36.483 4.49 -98.609 -37.72
5 24 3.221 -96.452 -3.881 1.931 -98.094 -1.256 3.007 -93.512 -1.598 2.149 -102.646 -3.863
5 24 1.014 -124.239 -16.453 1.988 -124.382 -14.315 1.997 -120.821 -16.315 1 -126.401 -15.887
5 24 1.108 -55.455 -4.711 1.413 -52.546 -8.559 1.068 -60.289 -7.953 1.084 -51.24 -2.022
5 24 3.051 -85.986 -2.147 3.11 -91.071 -4.084 3.007 -93.512 -1.598 3.643 -87.03 -4.65
5 24 1.084 -160.681 -26.429 1.461 -160.413 -21.845 1.037 -163.441 -25.781 1.599 -158.73 -22.606
5 24 3.001 -85.744 -22.71 1.077 -80.857 -19.96 2.665 -83.72 -25.924 1.134 -81.958 -18.997
5 24 1.052 -132.552 -22.087 2.462 -134.327 -21.976 1.063 -132.854 -24.789 1.035 -131.802 -20.192
5 24 3.2 -104.164 -24.032 4.762 -100.383 -27.616 4.744 -98.058 -22.332 2.903 -106.361 -28.951
5 24 1.473 -107.971 -26.255 1.54 -106.49 -21.603 3.2 -104.164 -24.032 1.082 -108.677 -24.54
5 24 3.006 -59.702 -19.774 1.417 -57.462 -12.692 2.827 -55.238 -14.866 1.686 -62.549 -17.514
5 24 3.605 -135.282 -11.825 1.928 -135.926 -5.609 4.013 -131.826 -8.618 1.984 -138.28 -9.444
5 24 2.727 -83.725 4.868 1.195 -82.33 8.786 2.727 -82.876 4.517 1.121 -84.254 8.59
5 24 1.628 -109.033 -19.596 1.013 -112.579 -22.441 1.027 -110.288 -23.272 1.989 -112.357 -18.548
5 24 4.141 -88.039 -7.492 2.814 -85.012 -8.347 3.643 -87.03 -4.65 4.551 -89.214 -10.547
5 24 1.628 -44.599 -2.929 1.122 -46.335 .497 1.412 -48.461 -5.36 1.111 -41.865 2.283
5 24 3.337 -95.646 -36.483 4.477 -98.646 -35.857 3.801 -95.807 -33.552 4.459 -97.22 -38.701
5 24 2.24 -151.199 -29.106 2.912 -151.547 -25.881 2.178 -152.959 -27.43 3.075 -149.695 -27.665
5 24 2.814 -89.141 -37.066 3.588 -85.584 -34.295 2.598 -83.677 -35.713 3.614 -90.263 -35.163
5 24 1.988 -137.36 -37.654 2.221 -139.815 -34.692 2.033 -139.053 -38.03 1.988 -135.075 -36.528
5 24 1.985 -65.764 -21.177 3.299 -63.255 -24.495 3.006 -59.702 -19.774 2.191 -68.827 -24.776
5 24 2.731 -84.7 4.839 1.121 -84.254 8.59 2.727 -83.725 4.868 1.221 -88.757 5.994
5 24 2.871 -42.908 -5.163 1.306 -40.662 -9.047 2.89 -39.606 -3.603 1.314 -44.127 -11.211
5 24 2.005 -128.501 -1.658 1.988 -125.568 4.87 1.98 -122.607 -2.685 1.968 -128.013 5.565
5 24 1.212 -130.941 6.469 1.939 -130.32 5.359 1.199 -133.14 4.894 1.217 -128.133 6.835
5 24 3.701 -98.513 -15.001 4.762 -93.48 -13.662 4.74 -96.077 -18.115 3.994 -95.807 -11.923
5 24 4.01 -110.282 -11.654 1.958 -112.163 -6.36 4.105 -114.508 -11.689 3.827 -105.91 -10.316
5 24 4.732 -96.138 -29.426 4.454 -91.676 -27.142 4.746 -92.377 -23.16 4.623 -95.108 -30.225
5 24 4.49 -98.609 -37.72 4.51 -103.361 -35.643 4.46 -104.42 -39.795 4.477 -98.646 -35.857
5 24 3.19 -15 -3.174 3.733 -19.55 -.55 4.527 -15 -.348 2.826 -19.609 -2.819
5 24 2.723 -82.314 3.992 1.297 -79.267 6.51 2.727 -82.876 4.517 1.319 -79.336 3.717
5 24 3.178 -145.746 -26.894 1.846 -145.755 -23.762 1.835 -144.87 -23.443 2.895 -147.712 -25.616
5 24 3.58 -86.757 -31.462 2.385 -87.688 -28.062 3.87 -89.616 -30.035 2.284 -85.22 -29.297
5 24 2.888 -85.474 -11.261 1.168 -83.534 -14.308 3.002 -86.073 -15.205 1.168 -83.482 -11.043
5 24 1.989 -112.357 -18.548 2.415 -116.297 -15.893 2.022 -117.622 -17.917 2.609 -112.039 -16.302
5 24 1.628 -44.599 -2.929 2.89 -39.606 -3.603 2.871 -42.908 -5.163 1.111 -41.865 2.283
5 24 1.413 -52.546 -8.559 2.836 -50.673 -10.462 1.412 -48.461 -5.36 2.827 -55.238 -14.866
5 24 1.747 -111.578 -.793 1.958 -112.163 -6.36 1.956 -118.001 -4.421 2.087 -107.798 -5.981
5 24 2.462 -134.327 -21.976 2.376 -136.968 -25.857 2.625 -136.058 -20.733 2.173 -134.229 -25.187
5 24 1.997 -120.821 -16.315 1.081 -120.44 -18.79 1.014 -124.239 -16.453 2.022 -117.622 -17.917
5 24 3.133 -86.166 -18.798 3.614 -88.992 -19.112 3.808 -88.438 -15.104 3.335 -89.223 -21.958
5 24 1.109 -179.421 -23.094 2.036 -180.266 -27.1 1.149 -181.149 -23.614 2.119 -177.536 -27.07
5 24 1.149 -181.149 -23.614 1.83 -182.464 -26.481 1.128 -182.232 -23.515 2.036 -180.266 -27.1
5 24 1.314 -44.127 -11.211 2.871 -42.908 -5.163 1.306 -40.662 -9.047 2.834 -46.731 -7.41
5 24 3.349 -137.234 -14.774 2.729 -132.888 -15.167 3.605 -135.282 -11.825 2.718 -134.691 -17.542
5 24 2.001 -132.482 -2.539 1.593 -138.518 -3.912 1.555 -135.911 .891 1.928 -135.926 -5.609
5 24 1.114 -103.052 -.088 1.512 -102.997 -.824 1.113 -107.544 -.172 1.368 -99.035 .254
5 24 2.462 -134.327 -21.976 1.063 -132.854 -24.789 1.052 -132.552 -22.087 2.173 -134.229 -25.187
5 24 1.017 -166.611 -26.542 1.327 -170.318 -25.088 1.25 -168.042 -23.324 1.069 -169.558 -28.431
5 24 1.134 -81.958 -18.997 3.001 -85.744 -22.71 1.077 -80.857 -19.96 3.133 -86.166 -18.798
5 24 4.468 -104.329 -42.475 1.324 -110.35 -40.441 1.243 -110.066 -45.587 4.46 -104.42 -39.795
5 24 1.858 -143.631 -22.108 1.171 -146.451 -20.79 1.195 -145.158 -19.654 1.835 -144.87 -23.443
5 24 1.797 -156.933 -23.767 1.123 -157.617 -28.836 1.084 -160.681 -26.429 2.027 -154.863 -25.522
5 24 1.599 -158.73 -22.606 1.084 -160.681 -26.429 1.461 -160.413 -21.845 1.797 -156.933 -23.767
5 24 1.997 -120.821 -16.315 1.014 -124.239 -16.453 1.988 -124.382 -14.315 1.081 -120.44 -18.79
5 24 2 -132.177 -31.266 1.99 -130.387 -33.705 2.022 -134.742 -31.724 1.984 -128.836 -32.198
5 24 2.306 -157.799 -19.246 1.928 -154.482 -19.629 2.497 -155.64 -21.311 1.685 -156.79 -17.714
5 24 2.59 -127.23 -11.88 4.152 -128.072 -7.401 4.013 -131.826 -8.618 2.548 -124.084 -12.254
5 24 3.078 -93.529 -37.394 3.682 -92.43 -35.456 4.001 -93.779 -34.571 2.814 -89.141 -37.066
5 24 2.85 -89.168 -25.215 4.454 -91.676 -27.142 4.746 -92.377 -23.16 2.385 -87.688 -28.062
5 24 2.173 -134.229 -25.187 2.376 -136.968 -25.857 2.462 -134.327 -21.976 2.054 -134.882 -28.676
5 24 1.378 -143.104 -15.525 2.006 -141.211 -16.577 2.019 -139.891 -13.112 1.248 -144.11 -17.991
5 24 2.221 -139.815 -34.692 2.033 -139.053 -38.03 2.276 -142.961 -34.995 1.988 -137.36 -37.654
5 24 1.989 -130.495 -29.45 2 -130.394 -30.955 1.99 -132.721 -27.899 1.978 -128.669 -30.685
5 24 1.187 -163.166 -10.924 1.525 -161.897 -16.033 1.289 -160.534 -11.198 1.175 -165.651 -11.421
5 24 4.762 -93.48 -13.662 4.718 -90.696 -15.205 4.551 -89.214 -10.547 4.74 -96.077 -18.115
5 24 1.977 -128.45 -31.319 1.155 -126.176 -31.26 1.978 -128.669 -30.685 1.275 -126.926 -32.647
5 24 2.036 -126.82 -13.913 2.59 -127.23 -11.88 4.013 -131.826 -8.618 1.988 -124.382 -14.315
5 24 1.997 -120.821 -16.315 2.454 -120.536 -13.996 2.415 -116.297 -15.893 1.988 -124.382 -14.315
5 24 2.757 -87.661 2.94 1.221 -88.757 5.994 1.163 -95.932 1.83 2.731 -84.7 4.839
5 24 1.398 -183.729 -28.102 1.83 -182.464 -26.481 1.384 -185.023 -26.903 1.493 -180.72 -29.237
5 24 3.111 -93.692 -6.31 4.111 -92.583 -8.564 3.994 -90.424 -6.768 2.946 -97.098 -9.74
5 24 1.25 -168.042 -23.324 2.079 -168.877 -20.19 1.21 -165.832 -22.028 2.109 -171.109 -22.127
5 24 1.077 -80.857 -19.96 2.665 -83.72 -25.924 1.064 -79.436 -20.452 3.001 -85.744 -22.71
5 24 1.081 -120.44 -18.79 2.022 -117.622 -17.917 1.997 -120.821 -16.315 1.057 -115.836 -21.146
5 24 2.236 -138.044 -32.205 3.239 -141.428 -30.935 3.303 -140.413 -27.814 2.221 -139.815 -34.692
5 24 2.155 -69.345 -18.081 1.051 -71.088 -15.882 1.213 -66.281 -12.367 1.036 -74.34 -18.123
5 24 1.123 -157.617 -28.836 2.027 -154.863 -25.522 1.797 -156.933 -23.767 2.178 -152.959 -27.43
5 24 1.168 -83.482 -11.043 2.888 -85.474 -11.261 2.814 -85.012 -8.347 1.168 -83.534 -14.308
5 24 1.083 -15 -4.368 2.826 -19.609 -2.819 3.19 -15 -3.174 1.217 -19.652 -4.474
5 24 2.89 -39.606 -3.603 1.277 -37.76 -7.599 2.977 -34.647 -2.274 1.306 -40.662 -9.047
5 24 1 -126.401 -15.887 1.988 -124.382 -14.315 1.014 -124.239 -16.453 2.036 -126.82 -13.913
5 24 3.268 -143.754 -26.75 1.835 -144.87 -23.443 3.178 -145.746 -26.894 3.234 -141.934 -24.526
5 24 1.368 -99.035 .254 1.114 -103.052 -.088 1.512 -102.997 -.824 1.127 -99.19 .597
5 24 2.89 -39.606 -3.603 1.111 -41.865 2.283 1.628 -44.599 -2.929 2.977 -34.647 -2.274
5 24 2.505 -133.214 -18.849 1.035 -131.802 -20.192 1.018 -130.447 -18.069 2.462 -134.327 -21.976
5 24 2.142 -175.612 -26.298 1.146 -177.959 -22.084 2.124 -173.234 -24.072 1.109 -179.421 -23.094
5 24 2.119 -177.536 -27.07 1.109 -179.421 -23.094 2.036 -180.266 -27.1 2.142 -175.612 -26.298
5 24 2.24 -151.199 -29.106 3.075 -149.695 -27.665 2.287 -148.833 -31.384 2.912 -151.547 -25.881
5 24 3.727 -69.154 -33.518 1.172 -65.997 -36.496 3.878 -72.618 -37.198 1.151 -63.159 -32.805
5 24 1.169 -136.783 -38.957 1.988 -135.075 -36.528 1.2 -134.187 -37.792 1.988 -137.36 -37.654
5 24 1.277 -37.76 -7.599 2.977 -34.647 -2.274 1.274 -33.663 -6.122 2.89 -39.606 -3.603
5 24 1.257 -107.316 -48.131 4.474 -102.655 -43.737 1.2 -101.073 -49.4 4.468 -104.329 -42.475
5 24 3.54 -82.338 -33.305 3.596 -84.286 -32.227 3.588 -85.584 -34.295 3.494 -82.458 -32.471
5 24 4.51 -103.361 -35.643 2.393 -108.514 -34.576 4.619 -102.062 -31.829 4.46 -104.42 -39.795
5 24 1.213 -129.125 -34.797 1.984 -128.836 -32.198 1.275 -126.926 -32.647 1.99 -130.387 -33.705
5 24 4.697 -91.447 -19.338 4.74 -96.077 -18.115 4.718 -90.696 -15.205 4.746 -92.377 -23.16
5 24 1.208 -125.32 6.252 1.988 -125.568 4.87 1.178 -121.074 4.501 1.968 -128.013 5.565
5 24 1 -126.401 -15.887 2.036 -126.82 -13.913 1.001 -128.473 -16.218 1.988 -124.382 -14.315
5 24 3.979 -82.904 -42.945 3.982 -83.449 -38.273 3.95 -89.262 -39.244 3.969 -76.854 -40.184
5 24 2.895 -147.712 -25.616 1.743 -146.819 -23.477 2.411 -149.37 -23.695 1.846 -145.755 -23.762
5 24 1.549 -147.666 -22.714 2.411 -149.37 -23.695 1.292 -149.76 -21.091 1.743 -146.819 -23.477
5 24 1.163 -95.932 1.83 1.931 -98.094 -1.256 1.368 -99.035 .254 3.007 -93.512 -1.598
5 24 1.797 -156.933 -23.767 2.72 -153.372 -23.803 2.027 -154.863 -25.522 2.497 -155.64 -21.311
5 24 2.888 -85.474 -11.261 3.808 -88.438 -15.104 3.002 -86.073 -15.205 4.551 -89.214 -10.547
5 24 1.297 -79.267 6.51 2.727 -82.876 4.517 1.259 -80.349 8.069 2.723 -82.314 3.992
5 24 2.109 -171.109 -22.127 1.694 -172.65 -19.88 2.124 -173.234 -24.072 2.079 -168.877 -20.19
5 24 1.319 -79.336 3.717 2.725 -81.977 2.675 1.307 -80.163 .524 2.723 -82.314 3.992
5 24 2.036 -180.266 -27.1 1.616 -177.893 -29.57 1.493 -180.72 -29.237 2.119 -177.536 -27.07
5 24 1.555 -135.911 .891 2.001 -132.482 -2.539 1.961 -132.721 3.737 1.593 -138.518 -3.912
5 24 2.054 -134.882 -28.676 2.022 -134.742 -31.724 2.236 -138.044 -32.205 2 -132.177 -31.266
5 24 3.296 -67.407 -27.328 3.467 -66.169 -29.535 3.527 -71.164 -31.072 3.299 -63.255 -24.495
5 24 2.164 -80.997 -30.348 3.494 -82.458 -32.471 3.596 -84.286 -32.227 2.129 -79.311 -31.468
5 24 2.729 -132.888 -15.167 2.42 -131.648 -16.478 3.349 -137.234 -14.774 2.22 -129.177 -14.636
5 24 3.111 -93.692 -6.31 3.007 -93.512 -1.598 3.221 -96.452 -3.881 3.11 -91.071 -4.084
5 24 2.826 -19.609 -2.819 3.27 -24.548 -.768 3.733 -19.55 -.55 1.231 -24.524 -4.758
5 24 1.384 -185.023 -26.903 1.146 -187.964 -27.171 1.375 -186.49 -24.596 1.112 -186.388 -28.653
5 24 2.43 -74.62 -24.291 2.191 -68.827 -24.776 2.367 -77.175 -26.329 2.425 -72.023 -21.492
5 24 1.155 -126.176 -31.26 1.978 -128.669 -30.685 1.092 -126.062 -29.982 1.977 -128.45 -31.319
5 24 2.871 -42.908 -5.163 1.628 -44.599 -2.929 2.89 -39.606 -3.603 2.834 -46.731 -7.41
5 24 1.998 -72.957 -28.651 2.367 -77.175 -26.329 2.112 -76.173 -31.274 2.191 -68.827 -24.776
5 24 3.349 -137.234 -14.774 2.019 -139.891 -13.112 2.006 -141.211 -16.577 3.605 -135.282 -11.825
5 24 1.988 -137.36 -37.654 1.169 -136.783 -38.957 1.988 -135.075 -36.528 2.033 -139.053 -38.03
5 24 3.494 -82.458 -32.471 2.129 -79.311 -31.468 2.164 -80.997 -30.348 3.54 -82.338 -33.305
5 24 2.22 -129.177 -14.636 2.729 -132.888 -15.167 2.665 -129.995 -12.994 2.42 -131.648 -16.478
5 24 2.665 -129.995 -12.994 4.013 -131.826 -8.618 3.605 -135.282 -11.825 2.036 -126.82 -13.913
5 24 2.036 -180.266 -27.1 1.149 -181.149 -23.614 1.83 -182.464 -26.481 1.109 -179.421 -23.094
5 24 1.375 -186.49 -24.596 1.12 -183.614 -23.092 1.403 -184.449 -25.486 1.087 -185.037 -22.279
5 24 1.079 -172.275 -30.218 1.656 -175.689 -29.021 1.478 -172.744 -27.218 1.071 -175.788 -31.767
5 24 3.827 -105.91 -10.316 1.888 -103.94 -17.362 2.403 -100.75 -13.702 2.448 -108.006 -16.314
5 24 2.609 -112.039 -16.302 4.105 -114.508 -11.689 2.415 -116.297 -15.893 4.01 -110.282 -11.654
5 24 1.169 -136.783 -38.957 2.033 -139.053 -38.03 1.988 -137.36 -37.654 1.165 -138.962 -39.642
5 24 1.037 -163.441 -25.781 1.358 -162.082 -21.338 1.241 -164.391 -21.475 1.461 -160.413 -21.845
5 24 1.573 -159.21 -16.648 2.174 -159.833 -18.125 2.088 -161.965 -17.602 2.306 -157.799 -19.246
5 24 3.007 -93.512 -1.598 1.931 -98.094 -1.256 3.221 -96.452 -3.881 1.163 -95.932 1.83
5 24 3.268 -143.754 -26.75 3.303 -140.413 -27.814 3.239 -141.428 -30.935 3.234 -141.934 -24.526
5 24 1.327 -170.318 -25.088 2.109 -171.109 -22.127 1.25 -168.042 -23.324 2.124 -173.234 -24.072
5 24 1.83 -182.464 -26.481 1.493 -180.72 -29.237 1.398 -183.729 -28.102 2.036 -180.266 -27.1
5 24 1.835 -144.87 -23.443 3.178 -145.746 -26.894 1.846 -145.755 -23.762 3.268 -143.754 -26.75
5 24 4.036 -89.177 -44.267 1.218 -82.425 -47.868 1.202 -89.22 -49.202 3.979 -82.904 -42.945
5 24 1.221 -88.757 5.994 2.731 -84.7 4.839 1.121 -84.254 8.59 2.757 -87.661 2.94
5 24 2.112 -76.173 -31.274 3.837 -74.951 -34.345 2.302 -79.183 -33.552 3.527 -71.164 -31.072
5 24 1.172 -65.997 -36.496 3.878 -72.618 -37.198 1.191 -69.735 -40.583 3.727 -69.154 -33.518
5 24 1.847 -116.893 .988 1.98 -122.607 -2.685 1.956 -118.001 -4.421 1.943 -121.388 2.934
5 24 1.939 -130.32 5.359 2.005 -128.501 -1.658 1.968 -128.013 5.565 1.961 -132.721 3.737
5 24 3.27 -24.548 -.768 1.231 -24.524 -4.758 3.078 -29.468 -1.262 2.826 -19.609 -2.819
5 24 4.573 -97.836 -32.987 3.801 -95.807 -33.552 4.623 -95.108 -30.225 4.477 -98.646 -35.857
5 24 1.375 -188.028 -23.775 1.122 -189.913 -24.916 1.107 -190.008 -23.788 1.125 -189.167 -25.994
5 24 1.078 -188.016 -21.254 1.375 -188.028 -23.775 1.07 -189.02 -21.868 1.046 -186.495 -21.311
5 24 3.878 -72.618 -37.198 3.837 -74.951 -34.345 3.981 -78.204 -36.32 3.727 -69.154 -33.518
5 24 3.878 -72.618 -37.198 1.191 -69.735 -40.583 1.172 -65.997 -36.496 3.969 -76.854 -40.184
5 24 3.244 -140.227 -21.479 3.297 -139.264 -23.345 3.234 -141.934 -24.526 3.262 -138.502 -18.071
5 24 2.814 -85.012 -8.347 3.643 -87.03 -4.65 4.141 -88.039 -7.492 2.748 -84.467 -5.495
5 24 2.155 -69.345 -18.081 1.686 -62.549 -17.514 1.213 -66.281 -12.367 2.425 -72.023 -21.492
5 24 2.079 -168.877 -20.19 1.694 -172.65 -19.88 2.109 -171.109 -22.127 2.039 -166.494 -18.674
5 24 1.151 -63.159 -32.805 3.727 -69.154 -33.518 1.172 -65.997 -36.496 3.467 -66.169 -29.535
5 24 1.998 -72.957 -28.651 3.527 -71.164 -31.072 3.296 -67.407 -27.328 2.112 -76.173 -31.274
5 24 2.019 -147.16 -35.651 1.132 -151.573 -34.525 2.02 -150.139 -32.833 1.125 -147.932 -37.319
5 24 3.614 -90.263 -35.163 2.814 -89.141 -37.066 3.588 -85.584 -34.295 3.682 -92.43 -35.456
5 24 2.471 -80.653 -27.009 2.129 -79.311 -31.468 2.164 -80.997 -30.348 2.367 -77.175 -26.329
5 24 2.22 -129.177 -14.636 1.001 -128.473 -16.218 2.42 -131.648 -16.478 2.036 -126.82 -13.913
5 24 4.06 -123.567 -8.029 2.548 -124.084 -12.254 4.152 -128.072 -7.401 2.454 -120.536 -13.996
5 24 1.243 -110.066 -45.587 4.468 -104.329 -42.475 1.324 -110.35 -40.441 1.257 -107.316 -48.131
5 24 1.292 -149.76 -21.091 2.152 -151.791 -21.926 2.411 -149.37 -23.695 1.239 -150.876 -20.236
5 24 4.459 -97.22 -38.701 4.434 -98.996 -44.53 4.49 -98.609 -37.72 4.283 -94.737 -44.714
5 24 2.149 -102.646 -3.863 3.221 -96.452 -3.881 3.504 -100.801 -7.184 1.931 -98.094 -1.256
5 24 3.244 -140.227 -21.479 1.858 -143.631 -22.108 1.957 -142.301 -19.561 3.234 -141.934 -24.526
5 24 1.984 -138.28 -9.444 3.605 -135.282 -11.825 2.019 -139.891 -13.112 1.928 -135.926 -5.609
5 24 2.019 -147.16 -35.651 2.02 -150.139 -32.833 1.132 -151.573 -34.525 2.298 -146.123 -33.613
5 24 1.694 -172.65 -19.88 2.124 -173.234 -24.072 1.127 -175.914 -19.995 2.109 -171.109 -22.127
5 24 1.375 -186.49 -24.596 1.125 -189.167 -25.994 1.375 -188.028 -23.775 1.146 -187.964 -27.171
5 24 4.013 -131.826 -8.618 2.59 -127.23 -11.88 2.665 -129.995 -12.994 4.152 -128.072 -7.401
5 24 2.036 -126.82 -13.913 2.665 -129.995 -12.994 2.22 -129.177 -14.636 2.59 -127.23 -11.88
5 24 1.07 -189.02 -21.868 1.375 -188.028 -23.775 1.073 -189.663 -22.872 1.078 -188.016 -21.254
5 24 4.283 -94.737 -44.714 1.202 -89.22 -49.202 4.036 -89.177 -44.267 1.168 -95.348 -49.621
5 24 1.163 -95.932 1.83 2.757 -87.661 2.94 1.221 -88.757 5.994 3.007 -93.512 -1.598
5 24 1.662 -25.075 4.687 2.995 -19.868 2.11 1.732 -20 4.535 3.27 -24.548 -.768
5 24 2.112 -76.173 -31.274 2.129 -79.311 -31.468 2.367 -77.175 -26.329 2.302 -79.183 -33.552
5 24 4.434 -98.996 -44.53 1.168 -95.348 -49.621 1.2 -101.073 -49.4 4.283 -94.737 -44.714
5 24 4.152 -128.072 -7.401 2.005 -128.501 -1.658 4.06 -123.567 -8.029 2.001 -132.482 -2.539
5 24 1.289 -160.534 -11.198 1.573 -159.21 -16.648 1.239 -157.488 -12.38 1.525 -161.897 -16.033
5 24 2.174 -159.833 -18.125 1.358 -162.082 -21.338 2.088 -161.965 -17.602 1.461 -160.413 -21.845
5 24 2.393 -108.514 -34.576 4.46 -104.42 -39.795 4.51 -103.361 -35.643 1.324 -110.35 -40.441
5 24 1.251 -47.942 -14.115 2.827 -55.238 -14.866 2.836 -50.673 -10.462 1.185 -52.74 -18.627
5 24 1.512 -102.997 -.824 1.113 -107.544 -.172 1.114 -103.052 -.088 1.66 -107.732 -1.234
5 24 3.296 -67.407 -27.328 1.998 -72.957 -28.651 3.527 -71.164 -31.072 2.191 -68.827 -24.776
5 24 1.261 -131.544 -36.329 1.99 -130.387 -33.705 1.213 -129.125 -34.797 1.991 -132.804 -35.233
5 24 2 -130.394 -30.955 1.984 -128.836 -32.198 1.977 -128.45 -31.319 2 -132.177 -31.266
5 24 1.586 -140.474 -8.231 1.984 -138.28 -9.444 1.928 -135.926 -5.609 1.487 -141.936 -11.913
5 24 3.007 -93.512 -1.598 3.11 -91.071 -4.084 3.051 -85.986 -2.147 3.111 -93.692 -6.31
5 24 3.297 -139.264 -23.345 2.376 -136.968 -25.857 3.303 -140.413 -27.814 2.625 -136.058 -20.733
5 24 3.337 -95.646 -36.483 4.001 -93.779 -34.571 3.801 -95.807 -33.552 3.078 -93.529 -37.394
5 24 1.112 -186.388 -28.653 1.398 -183.729 -28.102 1.092 -184.411 -30.071 1.384 -185.023 -26.903
5 24 2.665 -83.72 -25.924 2.284 -85.22 -29.297 3.001 -85.744 -22.71 2.471 -80.653 -27.009
5 24 3.001 -85.744 -22.71 3.335 -89.223 -21.958 2.85 -89.168 -25.215 3.133 -86.166 -18.798
5 24 1.127 -99.19 .597 1.368 -99.035 .254 1.163 -95.932 1.83 1.114 -103.052 -.088
5 24 4.697 -91.447 -19.338 3.335 -89.223 -21.958 3.614 -88.992 -19.112 4.746 -92.377 -23.16
5 24 3.994 -95.807 -11.923 2.403 -100.75 -13.702 3.701 -98.513 -15.001 2.946 -97.098 -9.74
5 24 3.527 -71.164 -31.072 2.112 -76.173 -31.274 1.998 -72.957 -28.651 3.837 -74.951 -34.345
5 24 1.327 -170.318 -25.088 2.124 -173.234 -24.072 1.478 -172.744 -27.218 2.109 -171.109 -22.127
5 24 2.727 -82.876 4.517 2.756 -85.121 .296 2.727 -83.725 4.868 2.723 -82.314 3.992
5 24 2.001 -132.482 -2.539 1.961 -132.721 3.737 2.005 -128.501 -1.658 1.555 -135.911 .891
5 24 3.337 -95.646 -36.483 4.284 -94.46 -39.412 3.078 -93.529 -37.394 4.459 -97.22 -38.701
5 24 1.05 -131.427 -26.931 1.99 -132.721 -27.899 1.063 -132.854 -24.789 1.989 -130.495 -29.45
5 24 1.22 -60.099 -28.31 3.467 -66.169 -29.535 3.299 -63.255 -24.495 1.151 -63.159 -32.805
5 24 1.193 -152.82 -17.638 1.685 -156.79 -17.714 1.248 -154.951 -14.534 1.928 -154.482 -19.629
5 24 1.017 -166.611 -26.542 1.21 -165.832 -22.028 1.037 -163.441 -25.781 1.25 -168.042 -23.324
5 24 2.471 -80.653 -27.009 1.064 -79.436 -20.452 2.367 -77.175 -26.329 2.665 -83.72 -25.924
5 24 1.187 -171.293 -15.313 1.522 -167.524 -16.764 1.603 -170.079 -17.99 1.291 -167.928 -12.669
5 24 1.103 -111.444 .569 1.747 -111.578 -.793 1.113 -107.544 -.172 1.847 -116.893 .988
5 24 2.727 -82.876 4.517 1.259 -80.349 8.069 1.297 -79.267 6.51 1.195 -82.33 8.786
5 24 2.393 -108.514 -34.576 4.619 -102.062 -31.829 2.903 -106.361 -28.951 4.51 -103.361 -35.643
5 24 3.981 -78.204 -36.32 3.969 -76.854 -40.184 3.982 -83.449 -38.273 3.878 -72.618 -37.198
5 24 4.001 -93.779 -34.571 3.078 -93.529 -37.394 3.337 -95.646 -36.483 3.682 -92.43 -35.456
5 24 1.743 -146.819 -23.477 2.411 -149.37 -23.695 1.549 -147.666 -22.714 2.895 -147.712 -25.616
5 24 2.497 -155.64 -21.311 2.152 -151.791 -21.926 1.928 -154.482 -19.629 2.72 -153.372 -23.803
5 24 3.87 -89.616 -30.035 4.336 -94.457 -32.453 4.454 -91.676 -27.142 4.001 -93.779 -34.571
5 24 4.141 -88.039 -7.492 3.994 -90.424 -6.768 3.643 -87.03 -4.65 4.551 -89.214 -10.547
5 24 2.977 -34.647 -2.274 1.247 -35.864 3.794 1.111 -41.865 2.283 3.078 -29.468 -1.262
5 24 1.198 -75.678 -45.125 3.969 -76.854 -40.184 3.979 -82.904 -42.945 1.191 -69.735 -40.583
5 24 2.946 -97.098 -9.74 3.504 -100.801 -7.184 2.403 -100.75 -13.702 3.221 -96.452 -3.881
5 24 3.596 -84.286 -32.227 3.588 -85.584 -34.295 3.54 -82.338 -33.305 3.58 -86.757 -31.462
5 24 3.643 -87.03 -4.65 2.748 -84.467 -5.495 3.051 -85.986 -2.147 2.814 -85.012 -8.347
5 24 2.814 -85.012 -8.347 1.168 -83.482 -11.043 2.888 -85.474 -11.261 1.182 -82.923 -8.092
5 24 1.21 -82.914 -17.173 3.133 -86.166 -18.798 3.002 -86.073 -15.205 1.134 -81.958 -18.997
5 24 2.448 -108.006 -16.314 2.609 -112.039 -16.302 1.628 -109.033 -19.596 4.01 -110.282 -11.654
5 24 2.284 -85.22 -29.297 2.471 -80.653 -27.009 2.665 -83.72 -25.924 2.164 -80.997 -30.348
5 24 1.182 -82.923 -8.092 2.814 -85.012 -8.347 1.168 -83.482 -11.043 2.748 -84.467 -5.495
5 24 3.878 -72.618 -37.198 3.981 -78.204 -36.32 3.837 -74.951 -34.345 3.969 -76.854 -40.184
5 24 3.337 -95.646 -36.483 4.459 -97.22 -38.701 4.284 -94.46 -39.412 4.477 -98.646 -35.857
5 24 3.241 -144.674 -31.005 2.287 -148.833 -31.384 3.208 -147.294 -29.567 2.298 -146.123 -33.613
5 24 3.467 -66.169 -29.535 1.151 -63.159 -32.805 3.727 -69.154 -33.518 1.22 -60.099 -28.31
5 24 2.411 -149.37 -23.695 2.912 -151.547 -25.881 2.72 -153.372 -23.803 2.895 -147.712 -25.616
5 24 1.662 -25.075 4.687 3.27 -24.548 -.768 3.078 -29.468 -1.262 2.995 -19.868 2.11
5 24 1.142 -116.658 2.522 1.847 -116.893 .988 1.943 -121.388 2.934 1.103 -111.444 .569
5 24 1.985 -65.764 -21.177 2.425 -72.023 -21.492 2.191 -68.827 -24.776 1.686 -62.549 -17.514
5 24 1.957 -142.301 -19.561 1.195 -145.158 -19.654 1.248 -144.11 -17.991 1.858 -143.631 -22.108
5 24 3.007 -93.512 -1.598 1.163 -95.932 1.83 2.757 -87.661 2.94 1.931 -98.094 -1.256
5 24 1.195 -82.33 8.786 2.727 -82.876 4.517 1.259 -80.349 8.069 2.727 -83.725 4.868
5 24 1.417 -57.462 -12.692 2.827 -55.238 -14.866 3.006 -59.702 -19.774 1.413 -52.546 -8.559
5 24 2.178 -152.959 -27.43 1.925 -152.623 -30.79 1.101 -155.402 -31.038 2.24 -151.199 -29.106
5 24 1.939 -130.32 5.359 1.199 -133.14 4.894 1.961 -132.721 3.737 1.212 -130.941 6.469
5 24 2.625 -136.058 -20.733 3.262 -138.502 -18.071 3.297 -139.264 -23.345 2.718 -134.691 -17.542
5 24 2.066 -141.01 -38.17 1.128 -144.546 -39.209 1.148 -141.095 -39.895 2.075 -144.074 -37.45
5 24 1.087 -185.037 -22.279 1.375 -186.49 -24.596 1.046 -186.495 -21.311 1.12 -183.614 -23.092
5 24 1.036 -74.34 -18.123 2.155 -69.345 -18.081 2.425 -72.023 -21.492 1.051 -71.088 -15.882
5 24 1.195 -145.158 -19.654 1.858 -143.631 -22.108 1.957 -142.301 -19.561 1.171 -146.451 -20.79
5 24 3.808 -88.438 -15.104 4.718 -90.696 -15.205 4.551 -89.214 -10.547 3.614 -88.992 -19.112
5 24 2.173 -134.229 -25.187 2.054 -134.882 -28.676 1.99 -132.721 -27.899 2.376 -136.968 -25.857
5 24 1.83 -182.464 -26.481 1.384 -185.023 -26.903 1.403 -184.449 -25.486 1.398 -183.729 -28.102
5 24 1.306 -40.662 -9.047 2.89 -39.606 -3.603 1.277 -37.76 -7.599 2.871 -42.908 -5.163
5 24 1.83 -182.464 -26.481 1.128 -182.232 -23.515 1.403 -184.449 -25.486 1.149 -181.149 -23.614
5 24 1.858 -143.631 -22.108 3.234 -141.934 -24.526 3.244 -140.227 -21.479 1.835 -144.87 -23.443
5 24 1.928 -154.482 -19.629 2.497 -155.64 -21.311 2.306 -157.799 -19.246 2.152 -151.791 -21.926
5 24 4.013 -131.826 -8.618 2.001 -132.482 -2.539 4.152 -128.072 -7.401 1.928 -135.926 -5.609
5 24 2.454 -120.536 -13.996 1.988 -124.382 -14.315 2.548 -124.084 -12.254 1.997 -120.821 -16.315
5 24 3.87 -89.616 -30.035 4.001 -93.779 -34.571 3.682 -92.43 -35.456 4.336 -94.457 -32.453
5 24 1.412 -48.461 -5.36 1.084 -51.24 -2.022 1.122 -46.335 .497 1.413 -52.546 -8.559
5 24 2.149 -102.646 -3.863 1.66 -107.732 -1.234 2.087 -107.798 -5.981 1.512 -102.997 -.824
5 24 2.42 -131.648 -16.478 1.001 -128.473 -16.218 1.018 -130.447 -18.069 2.22 -129.177 -14.636
5 24 3.58 -86.757 -31.462 2.284 -85.22 -29.297 3.596 -84.286 -32.227 2.385 -87.688 -28.062
5 24 4.454 -91.676 -27.142 2.385 -87.688 -28.062 2.85 -89.168 -25.215 3.87 -89.616 -30.035
5 24 1.628 -109.033 -19.596 2.448 -108.006 -16.314 2.609 -112.039 -16.302 1.888 -103.94 -17.362
5 24 2.02 -150.139 -32.833 1.925 -152.623 -30.79 1.101 -155.402 -31.038 2.287 -148.833 -31.384
5 24 2.191 -68.827 -24.776 3.296 -67.407 -27.328 1.998 -72.957 -28.651 3.299 -63.255 -24.495
5 24 3.682 -92.43 -35.456 3.87 -89.616 -30.035 3.614 -90.263 -35.163 4.001 -93.779 -34.571
5 24 1.989 -112.357 -18.548 1.628 -109.033 -19.596 1.013 -112.579 -22.441 2.609 -112.039 -16.302
5 24 4.434 -98.996 -44.53 1.2 -101.073 -49.4 1.168 -95.348 -49.621 4.474 -102.655 -43.737
5 24 1.991 -132.804 -35.233 2.022 -134.742 -31.724 1.988 -135.075 -36.528 1.99 -130.387 -33.705
5 24 1.628 -44.599 -2.929 2.834 -46.731 -7.41 2.871 -42.908 -5.163 1.412 -48.461 -5.36
5 24 2.001 -132.482 -2.539 4.152 -128.072 -7.401 2.005 -128.501 -1.658 4.013 -131.826 -8.618
5 24 1.291 -167.928 -12.669 1.506 -164.755 -16.083 1.175 -165.651 -11.421 1.522 -167.524 -16.764
5 24 2.306 -157.799 -19.246 1.573 -159.21 -16.648 1.685 -156.79 -17.714 2.174 -159.833 -18.125
5 24 1.125 -147.932 -37.319 2.019 -147.16 -35.651 1.132 -151.573 -34.525 2.075 -144.074 -37.45
5 24 2.425 -72.023 -21.492 2.191 -68.827 -24.776 2.43 -74.62 -24.291 1.985 -65.764 -21.177
5 24 1.248 -154.951 -14.534 1.573 -159.21 -16.648 1.239 -157.488 -12.38 1.685 -156.79 -17.714
5 24 3.133 -86.166 -18.798 1.134 -81.958 -18.997 1.21 -82.914 -17.173 3.001 -85.744 -22.71
5 24 4.762 -93.48 -13.662 3.994 -95.807 -11.923 4.575 -91.418 -9.792 3.701 -98.513 -15.001
5 24 1.991 -132.804 -35.233 1.261 -131.544 -36.329 1.99 -130.387 -33.705 1.2 -134.187 -37.792
5 24 1.122 -46.335 .497 1.412 -48.461 -5.36 1.084 -51.24 -2.022 1.628 -44.599 -2.929
5 24 4.49 -98.609 -37.72 4.474 -102.655 -43.737 4.434 -98.996 -44.53 4.46 -104.42 -39.795
5 24 2.276 -142.961 -34.995 3.23 -142.695 -31.526 2.298 -146.123 -33.613 2.221 -139.815 -34.692
5 24 3.241 -144.674 -31.005 3.178 -145.746 -26.894 3.268 -143.754 -26.75 3.208 -147.294 -29.567
5 24 2.505 -133.214 -18.849 2.718 -134.691 -17.542 2.625 -136.058 -20.733 2.42 -131.648 -16.478
5 24 1.412 -48.461 -5.36 1.628 -44.599 -2.929 1.122 -46.335 .497 2.836 -50.673 -10.462
5 24 2.415 -116.297 -15.893 2.022 -117.622 -17.917 1.997 -120.821 -16.315 1.989 -112.357 -18.548
5 24 3.006 -59.702 -19.774 1.985 -65.764 -21.177 1.686 -62.549 -17.514 3.299 -63.255 -24.495
5 24 1.925 -152.623 -30.79 2.24 -151.199 -29.106 2.178 -152.959 -27.43 2.02 -150.139 -32.833
5 24 3.994 -90.424 -6.768 3.111 -93.692 -6.31 3.11 -91.071 -4.084 4.111 -92.583 -8.564
5 24 3.11 -91.071 -4.084 3.994 -90.424 -6.768 3.643 -87.03 -4.65 3.111 -93.692 -6.31
5 24 2.006 -141.211 -16.577 3.349 -137.234 -14.774 2.019 -139.891 -13.112 1.957 -142.301 -19.561
5 24 3.078 -29.468 -1.262 1.238 -28.897 -5.128 1.231 -24.524 -4.758 2.977 -34.647 -2.274
5 24 3.006 -59.702 -19.774 1.183 -56.79 -23.499 3.299 -63.255 -24.495 1.185 -52.74 -18.627
5 24 4.001 -93.779 -34.571 3.801 -95.807 -33.552 3.337 -95.646 -36.483 4.336 -94.457 -32.453
5 24 2.376 -136.968 -25.857 2.054 -134.882 -28.676 2.173 -134.229 -25.187 2.236 -138.044 -32.205
5 24 4.477 -98.646 -35.857 4.51 -103.361 -35.643 4.49 -98.609 -37.72 4.573 -97.836 -32.987
5 24 1.603 -170.079 -17.99 1.187 -171.293 -15.313 1.522 -167.524 -16.764 1.121 -174.07 -18.009
5 24 1.522 -167.524 -16.764 1.291 -167.928 -12.669 1.506 -164.755 -16.083 1.187 -171.293 -15.313
5 24 1.217 -128.133 6.835 1.968 -128.013 5.565 1.208 -125.32 6.252 1.939 -130.32 5.359
5 24 1.573 -159.21 -16.648 1.239 -157.488 -12.38 1.248 -154.951 -14.534 1.289 -160.534 -11.198
5 24 1.111 -41.865 2.283 1.628 -44.599 -2.929 2.89 -39.606 -3.603 1.122 -46.335 .497
5 24 3.078 -93.529 -37.394 4.284 -94.46 -39.412 3.95 -89.262 -39.244 3.337 -95.646 -36.483
5 24 1.99 -132.721 -27.899 2.054 -134.882 -28.676 2.173 -134.229 -25.187 2 -132.177 -31.266
5 24 1.99 -130.387 -33.705 1.213 -129.125 -34.797 1.984 -128.836 -32.198 1.261 -131.544 -36.329
5 24 1.088 -126.925 -28.995 1.98 -128.983 -30.271 1.099 -128.34 -28.25 1.978 -128.669 -30.685
5 24 1.958 -112.163 -6.36 4.105 -114.508 -11.689 1.956 -118.001 -4.421 4.01 -110.282 -11.654
5 24 1.988 -125.568 4.87 1.178 -121.074 4.501 1.943 -121.388 2.934 1.208 -125.32 6.252
5 24 1.506 -164.755 -16.083 2.088 -161.965 -17.602 1.525 -161.897 -16.033 1.522 -167.524 -16.764
5 24 1.403 -184.449 -25.486 1.375 -186.49 -24.596 1.128 -182.232 -23.515 1.384 -185.023 -26.903
5 24 1.127 -175.914 -19.995 1.694 -172.65 -19.88 1.121 -174.07 -18.009 2.124 -173.234 -24.072
5 24 1.127 -175.914 -19.995 2.124 -173.234 -24.072 1.694 -172.65 -19.88 1.146 -177.959 -22.084
5 24 3.335 -89.223 -21.958 3.133 -86.166 -18.798 3.001 -85.744 -22.71 3.614 -88.992 -19.112
5 24 2.236 -138.044 -32.205 3.303 -140.413 -27.814 3.239 -141.428 -30.935 2.376 -136.968 -25.857
5 24 4.573 -97.836 -32.987 4.623 -95.108 -30.225 3.801 -95.807 -33.552 4.732 -96.138 -29.426
5 24 2.152 -151.791 -21.926 2.72 -153.372 -23.803 2.411 -149.37 -23.695 2.497 -155.64 -21.311
5 24 4.01 -110.282 -11.654 2.448 -108.006 -16.314 2.609 -112.039 -16.302 3.827 -105.91 -10.316
5 24 1.888 -103.94 -17.362 2.448 -108.006 -16.314 3.827 -105.91 -10.316 1.628 -109.033 -19.596
5 24 1.04 -77.896 -20.299 2.367 -77.175 -26.329 2.43 -74.62 -24.291 1.064 -79.436 -20.452
5 24 4.746 -92.377 -23.16 2.85 -89.168 -25.215 3.335 -89.223 -21.958 4.454 -91.676 -27.142
5 24 2.836 -50.673 -10.462 1.251 -47.942 -14.115 2.827 -55.238 -14.866 1.314 -44.127 -11.211
5 24 1.54 -106.49 -21.603 1.628 -109.033 -19.596 1.027 -110.288 -23.272 1.888 -103.94 -17.362
5 24 2.448 -108.006 -16.314 3.827 -105.91 -10.316 1.888 -103.94 -17.362 4.01 -110.282 -11.654
5 24 4.459 -97.22 -38.701 4.283 -94.737 -44.714 4.434 -98.996 -44.53 4.284 -94.46 -39.412
5 24 2.129 -79.311 -31.468 2.367 -77.175 -26.329 2.471 -80.653 -27.009 2.112 -76.173 -31.274
5 24 1.178 -121.074 4.501 1.943 -121.388 2.934 1.142 -116.658 2.522 1.988 -125.568 4.87
5 24 2.287 -148.833 -31.384 2.02 -150.139 -32.833 2.019 -147.16 -35.651 2.24 -151.199 -29.106
5 24 3.221 -96.452 -3.881 3.111 -93.692 -6.31 3.007 -93.512 -1.598 2.946 -97.098 -9.74
5 24 3.208 -147.294 -29.567 2.895 -147.712 -25.616 3.075 -149.695 -27.665 3.178 -145.746 -26.894
5 24 3.23 -142.695 -31.526 2.298 -146.123 -33.613 3.241 -144.674 -31.005 2.276 -142.961 -34.995
5 24 2.702 -82.483 .401 1.237 -81.651 -3.949 2.748 -84.467 -5.495 1.307 -80.163 .524
5 24 2.497 -155.64 -21.311 1.797 -156.933 -23.767 2.72 -153.372 -23.803 1.599 -158.73 -22.606
5 24 3.727 -69.154 -33.518 3.837 -74.951 -34.345 3.878 -72.618 -37.198 3.527 -71.164 -31.072
5 24 3.27 -24.548 -.768 2.995 -19.868 2.11 3.733 -19.55 -.55 1.662 -25.075 4.687
5 24 2.665 -83.72 -25.924 1.064 -79.436 -20.452 2.471 -80.653 -27.009 1.077 -80.857 -19.96
5 24 2.087 -107.798 -5.981 1.747 -111.578 -.793 1.958 -112.163 -6.36 1.66 -107.732 -1.234
5 24 3.605 -135.282 -11.825 2.665 -129.995 -12.994 2.729 -132.888 -15.167 4.013 -131.826 -8.618
5 24 2.027 -154.863 -25.522 2.912 -151.547 -25.881 2.178 -152.959 -27.43 2.72 -153.372 -23.803
5 24 2.022 -117.622 -17.917 1.057 -115.836 -21.146 1.989 -112.357 -18.548 1.081 -120.44 -18.79
5 24 4.623 -95.108 -30.225 4.732 -96.138 -29.426 4.454 -91.676 -27.142 4.573 -97.836 -32.987
5 24 3.002 -86.073 -15.205 1.21 -82.914 -17.173 3.133 -86.166 -18.798 1.168 -83.534 -14.308
5 24 3.994 -90.424 -6.768 4.551 -89.214 -10.547 4.141 -88.039 -7.492 4.575 -91.418 -9.792
5 24 2.756 -85.121 .296 2.757 -87.661 2.94 3.051 -85.986 -2.147 2.731 -84.7 4.839
5 24 1.375 -188.028 -23.775 1.046 -186.495 -21.311 1.375 -186.49 -24.596 1.078 -188.016 -21.254
5 24 2.124 -173.234 -24.072 1.478 -172.744 -27.218 2.142 -175.612 -26.298 1.327 -170.318 -25.088
5 24 3.451 -101.419 -19.054 1.888 -103.94 -17.362 1.54 -106.49 -21.603 3.701 -98.513 -15.001
5 24 1.292 -149.76 -21.091 1.549 -147.666 -22.714 2.152 -151.791 -21.926 1.112 -148.184 -21.451
5 24 1.027 -110.288 -23.272 1.628 -109.033 -19.596 1.54 -106.49 -21.603 1.013 -112.579 -22.441
5 24 2.385 -87.688 -28.062 3.87 -89.616 -30.035 4.454 -91.676 -27.142 3.58 -86.757 -31.462
5 24 3.335 -89.223 -21.958 4.746 -92.377 -23.16 4.697 -91.447 -19.338 2.85 -89.168 -25.215
5 24 1.17 -109.449 -34.28 2.393 -108.514 -34.576 2.903 -106.361 -28.951 1.324 -110.35 -40.441
5 24 1.314 -44.127 -11.211 2.836 -50.673 -10.462 2.834 -46.731 -7.41 1.251 -47.942 -14.115
5 24 2.019 -147.16 -35.651 2.276 -142.961 -34.995 2.075 -144.074 -37.45 2.298 -146.123 -33.613
5 24 3.95 -89.262 -39.244 3.979 -82.904 -42.945 4.036 -89.177 -44.267 3.982 -83.449 -38.273
5 24 1.2 -134.187 -37.792 1.991 -132.804 -35.233 1.261 -131.544 -36.329 1.988 -135.075 -36.528
5 24 1.213 -66.281 -12.367 1.417 -57.462 -12.692 1.686 -62.549 -17.514 1.068 -60.289 -7.953
5 24 3.701 -98.513 -15.001 4.74 -96.077 -18.115 4.762 -93.48 -13.662 3.451 -101.419 -19.054
5 24 3.268 -143.754 -26.75 3.239 -141.428 -30.935 3.303 -140.413 -27.814 3.241 -144.674 -31.005
5 24 1.943 -121.388 2.934 1.142 -116.658 2.522 1.847 -116.893 .988 1.178 -121.074 4.501
5 24 4.619 -102.062 -31.829 2.903 -106.361 -28.951 4.762 -100.383 -27.616 2.393 -108.514 -34.576
5 24 1.358 -162.082 -21.338 2.031 -165.036 -18.027 2.088 -161.965 -17.602 1.241 -164.391 -21.475
5 24 1.984 -138.28 -9.444 1.487 -141.936 -11.913 1.586 -140.474 -8.231 2.019 -139.891 -13.112
5 24 1.461 -160.413 -21.845 1.037 -163.441 -25.781 1.358 -162.082 -21.338 1.084 -160.681 -26.429
5 24 2.302 -79.183 -33.552 3.54 -82.338 -33.305 2.129 -79.311 -31.468 2.598 -83.677 -35.713
5 24 1.368 -99.035 .254 1.931 -98.094 -1.256 1.512 -102.997 -.824 1.163 -95.932 1.83
5 24 2.02 -150.139 -32.833 1.132 -151.573 -34.525 1.925 -152.623 -30.79 2.019 -147.16 -35.651
5 24 2.702 -82.483 .401 1.307 -80.163 .524 1.237 -81.651 -3.949 2.725 -81.977 2.675
5 24 1.241 -164.391 -21.475 1.037 -163.441 -25.781 1.358 -162.082 -21.338 1.21 -165.832 -22.028
5 24 1.988 -135.075 -36.528 2.236 -138.044 -32.205 2.022 -134.742 -31.724 2.221 -139.815 -34.692
5 24 1.846 -145.755 -23.762 2.895 -147.712 -25.616 3.178 -145.746 -26.894 1.743 -146.819 -23.477
5 24 1.461 -160.413 -21.845 2.174 -159.833 -18.125 1.358 -162.082 -21.338 1.599 -158.73 -22.606
5 24 1.534 -108.029 -27.937 2.903 -106.361 -28.951 1.473 -107.971 -26.255 1.17 -109.449 -34.28
5 24 1.417 -57.462 -12.692 1.068 -60.289 -7.953 1.213 -66.281 -12.367 1.413 -52.546 -8.559
5 24 1.686 -62.549 -17.514 1.213 -66.281 -12.367 2.155 -69.345 -18.081 1.417 -57.462 -12.692
5 24 2.088 -161.965 -17.602 1.573 -159.21 -16.648 2.174 -159.833 -18.125 1.525 -161.897 -16.033
5 24 2 -130.394 -30.955 2 -132.177 -31.266 1.989 -130.495 -29.45 1.99 -130.387 -33.705
5 24 1.171 -146.451 -20.79 1.835 -144.87 -23.443 1.846 -145.755 -23.762 1.858 -143.631 -22.108
5 24 2.036 -126.82 -13.913 1.001 -128.473 -16.218 2.22 -129.177 -14.636 1 -126.401 -15.887
5 24 2.977 -34.647 -2.274 1.274 -33.663 -6.122 1.277 -37.76 -7.599 1.238 -28.897 -5.128
5 24 1.928 -154.482 -19.629 1.193 -152.82 -17.638 1.685 -156.79 -17.714 1.239 -150.876 -20.236
5 24 1.989 -130.495 -29.45 1.099 -128.34 -28.25 1.05 -131.427 -26.931 1.98 -128.983 -30.271
5 24 1.084 -160.681 -26.429 1.797 -156.933 -23.767 1.599 -158.73 -22.606 1.123 -157.617 -28.836
5 24 1.241 -164.391 -21.475 2.039 -166.494 -18.674 2.031 -165.036 -18.027 1.21 -165.832 -22.028
5 24 1.04 -76.701 -19.681 2.425 -72.023 -21.492 1.036 -74.34 -18.123 2.43 -74.62 -24.291
5 24 3.2 -104.164 -24.032 1.54 -106.49 -21.603 3.451 -101.419 -19.054 1.473 -107.971 -26.255
5 24 1.113 -107.544 -.172 1.66 -107.732 -1.234 1.747 -111.578 -.793 1.512 -102.997 -.824
5 24 4.111 -92.583 -8.564 4.575 -91.418 -9.792 3.994 -90.424 -6.768 3.994 -95.807 -11.923
5 24 1.493 -180.72 -29.237 2.036 -180.266 -27.1 1.83 -182.464 -26.481 1.616 -177.893 -29.57
5 24 1.288 -15 4.312 2.995 -19.868 2.11 1.732 -20 4.535 3.69 -15 2.575
5 24 3.299 -63.255 -24.495 2.191 -68.827 -24.776 1.985 -65.764 -21.177 3.296 -67.407 -27.328
5 24 1.248 -144.11 -17.991 1.957 -142.301 -19.561 2.006 -141.211 -16.577 1.195 -145.158 -19.654
5 24 1.202 -89.22 -49.202 4.036 -89.177 -44.267 4.283 -94.737 -44.714 1.218 -82.425 -47.868
5 24 1.146 -187.964 -27.171 1.375 -186.49 -24.596 1.125 -189.167 -25.994 1.384 -185.023 -26.903
5 24 3.95 -89.262 -39.244 3.078 -93.529 -37.394 4.284 -94.46 -39.412 2.814 -89.141 -37.066
5 24 1.375 -186.49 -24.596 1.375 -188.028 -23.775 1.125 -189.167 -25.994 1.087 -185.037 -22.279
5 24 1.603 -170.079 -17.99 2.039 -166.494 -18.674 1.694 -172.65 -19.88 1.522 -167.524 -16.764
5 24 1.66 -107.732 -1.234 2.087 -107.798 -5.981 1.747 -111.578 -.793 2.149 -102.646 -3.863
5 24 2.164 -80.997 -30.348 2.471 -80.653 -27.009 2.284 -85.22 -29.297 2.129 -79.311 -31.468
5 24 2.054 -134.882 -28.676 2 -132.177 -31.266 2.022 -134.742 -31.724 1.99 -132.721 -27.899
5 24 4.623 -95.108 -30.225 4.454 -91.676 -27.142 4.732 -96.138 -29.426 4.336 -94.457 -32.453
5 24 1.525 -161.897 -16.033 1.289 -160.534 -11.198 1.573 -159.21 -16.648 1.187 -163.166 -10.924
5 24 1.231 -24.524 -4.758 2.826 -19.609 -2.819 3.27 -24.548 -.768 1.217 -19.652 -4.474
5 24 2.757 -87.661 2.94 3.051 -85.986 -2.147 2.756 -85.121 .296 3.007 -93.512 -1.598
5 24 3.588 -85.584 -34.295 3.58 -86.757 -31.462 3.596 -84.286 -32.227 3.614 -90.263 -35.163
5 24 2 -132.177 -31.266 1.99 -132.721 -27.899 2 -130.394 -30.955 2.054 -134.882 -28.676
5 24 2.403 -100.75 -13.702 3.701 -98.513 -15.001 3.994 -95.807 -11.923 1.888 -103.94 -17.362
5 24 1.478 -172.744 -27.218 1.079 -172.275 -30.218 1.069 -169.558 -28.431 1.656 -175.689 -29.021
5 24 3.002 -86.073 -15.205 3.808 -88.438 -15.104 3.133 -86.166 -18.798 2.888 -85.474 -11.261
5 24 1.694 -172.65 -19.88 1.121 -174.07 -18.009 1.127 -175.914 -19.995 1.603 -170.079 -17.99