0 ~Minifig Head Looney Tunes Petunia Pig Bows
0 Name: s\75692s05.dat
0 Author: Fredrik Hareide [fhareide]
0 !LDRAW_ORG Unofficial_Subpart
0 !LICENSE Licensed under CC BY 4.0 : see CAreadme.txt

0 BFC CERTIFY CCW

3 16 -27.41 1.576 15.366 -27.859 0.218 15.076 -28.027 0.289 15.164
3 16 -27.41 1.576 15.366 -27.659 0.175 15.056 -27.859 0.218 15.076
3 16 -28.027 0.289 15.164 -27.859 0.218 15.076 -29.056 -1.331 15.022
3 16 -29.056 -1.331 15.022 -27.859 0.218 15.076 -28.618 -1.597 14.783
3 16 -27.859 0.218 15.076 -27.659 0.175 15.056 -28.618 -1.597 14.783
3 16 -28.618 -1.597 14.783 -29.328 -3.041 14.702 -29.056 -1.331 15.022
3 16 -28.111 -1.84 14.623 -29.328 -3.041 14.702 -28.618 -1.597 14.783
3 16 -28.618 -1.597 14.783 -27.659 0.175 15.056 -28.111 -1.84 14.623
3 16 -28.622 -3.545 14.304 -29.328 -3.041 14.702 -28.111 -1.84 14.623
3 16 -29.056 -1.331 15.022 -29.328 -3.041 14.702 -30.022 -2.626 15.154
4 16 -30.107 -4.313 14.648 -29.328 -3.041 14.702 -28.622 -3.545 14.304 -28.806 -5.019 13.988
3 16 -30.022 -2.626 15.154 -29.328 -3.041 14.702 -30.107 -4.313 14.648
3 16 -30.107 -4.313 14.648 -31.316 -3.399 15.368 -30.022 -2.626 15.154
3 16 -30.963 -1.832 15.55 -31.316 -3.399 15.368 -32.319 -2.321 15.869
3 16 -30.963 -1.832 15.55 -32.319 -2.321 15.869 -31.528 -1.229 16.005
3 16 -31.528 -1.229 16.005 -30.039 -0.493 15.398 -30.963 -1.832 15.55
3 16 -31.528 -1.229 16.005 -30.737 0.019 16.004 -30.039 -0.493 15.398
3 16 -32.986 -1.54 17.122 -31.528 -1.229 16.005 -32.319 -2.321 15.869
3 16 -32.986 -1.54 17.122 -32.149 -0.522 17.066 -31.528 -1.229 16.005
3 16 -32.149 -0.522 17.066 -30.737 0.019 16.004 -31.528 -1.229 16.005
3 16 -32.149 -0.522 17.066 -31.379 0.5 16.997 -30.737 0.019 16.004
3 16 -27.154 -5.914 13.92 -28.806 -5.019 13.988 -27.735 -3.832 13.924
3 16 -27.154 -5.914 13.92 -27.735 -3.832 13.924 -26.408 -4.204 13.808
3 16 -27.735 -3.832 13.924 -25.897 -2.504 14.054 -26.408 -4.204 13.808
3 16 -27.735 -3.832 13.924 -27.272 -2.105 14.242 -25.897 -2.504 14.054
3 16 -30.107 -4.313 14.648 -28.806 -5.019 13.988 -30.452 -7.114 14.848
3 16 -30.107 -4.313 14.648 -30.452 -7.114 14.848 -31.988 -5.949 15.59
3 16 -31.316 -3.399 15.368 -30.107 -4.313 14.648 -31.988 -5.949 15.59
3 16 -33.708 -4.382 16.508 -31.316 -3.399 15.368 -31.988 -5.949 15.59
3 16 -33.708 -4.382 16.508 -32.319 -2.321 15.869 -31.316 -3.399 15.368
3 16 -32.319 -2.321 15.869 -34.414 -3.463 17.307 -32.986 -1.54 17.122
3 16 -32.319 -2.321 15.869 -33.708 -4.382 16.508 -34.414 -3.463 17.307
4 16 -25.4 -0.435 14.478 -25.897 -2.504 14.054 -27.272 -2.105 14.242 -26.713 -0.076 14.671
4 16 -25.241 1.387 14.942 -25.4 -0.435 14.478 -26.713 -0.076 14.671 -26.364 1.378 15.025
3 16 -30.452 -7.114 14.848 -28.806 -5.019 13.988 -29.27 -7.761 14.503
3 16 -29.27 -7.761 14.503 -28.806 -5.019 13.988 -27.154 -5.914 13.92
3 16 -34.058 -5.387 19.35 -33.708 -4.382 16.508 -32.215 -6.769 17.491
3 16 -32.215 -6.769 17.491 -33.708 -4.382 16.508 -31.988 -5.949 15.59
3 16 -32.215 -6.769 17.491 -31.988 -5.949 15.59 -30.583 -7.925 16.241
3 16 -30.583 -7.925 16.241 -31.988 -5.949 15.59 -30.452 -7.114 14.848
3 16 -33.708 -4.382 16.508 -34.058 -5.387 19.35 -34.414 -3.463 17.307
3 16 -34.414 -3.463 17.307 -34.058 -5.387 19.35 -34.935 -3.691 21.067
3 16 -30.452 -7.114 14.848 -29.104 -8.489 15.601 -30.583 -7.925 16.241
3 16 -29.27 -7.761 14.503 -29.104 -8.489 15.601 -30.452 -7.114 14.848
4 16 -31.615 -6.961 20.788 -33.297 -5.723 22.059 -34.058 -5.387 19.35 -32.215 -6.769 17.491
4 16 -30.137 -7.975 19.774 -31.615 -6.961 20.788 -32.215 -6.769 17.491 -30.583 -7.925 16.241
3 16 -34.935 -3.691 21.067 -34.058 -5.387 19.35 -33.297 -5.723 22.059
3 16 -34.242 -4.446 22.978 -34.935 -3.691 21.067 -33.297 -5.723 22.059
3 16 -33.094 -4.502 24.48 -34.242 -4.446 22.978 -33.297 -5.723 22.059
3 16 -32.281 -5.597 24.673 -33.094 -4.502 24.48 -33.297 -5.723 22.059
3 16 -30.961 -6.871 24.159 -32.281 -5.597 24.673 -33.297 -5.723 22.059
3 16 -31.615 -6.961 20.788 -30.961 -6.871 24.159 -33.297 -5.723 22.059
3 16 -29.68 -7.936 23.363 -30.961 -6.871 24.159 -31.615 -6.961 20.788
3 16 -30.137 -7.975 19.774 -29.68 -7.936 23.363 -31.615 -6.961 20.788
3 16 -28.896 -8.18 22.907 -29.68 -7.936 23.363 -30.137 -7.975 19.774
3 16 -28.994 -8.472 19.291 -28.896 -8.18 22.907 -30.137 -7.975 19.774
3 16 -30.137 -7.975 19.774 -30.583 -7.925 16.241 -28.994 -8.472 19.291
3 16 -30.583 -7.925 16.241 -29.104 -8.489 15.601 -28.994 -8.472 19.291
3 16 -25.431 10.823 16.419 -25.381 12.124 16.506 -24.654 11.935 16.735
3 16 -24.767 10.619 16.504 -25.431 10.823 16.419 -24.654 11.935 16.735
3 16 -24.787 13.526 17.052 -24.654 11.935 16.735 -25.381 12.124 16.506
3 16 -25.425 13.608 16.904 -24.787 13.526 17.052 -25.381 12.124 16.506
3 16 -25.075 14.998 17.443 -24.787 13.526 17.052 -25.425 13.608 16.904
3 16 -25.634 15.046 17.321 -25.075 14.998 17.443 -25.425 13.608 16.904
3 16 -25.374 16.297 17.841 -25.075 14.998 17.443 -25.634 15.046 17.321
3 16 -25.737 16.232 17.775 -25.374 16.297 17.841 -25.634 15.046 17.321
3 16 -25.431 10.823 16.419 -24.767 10.619 16.504 -25.5 10.462 16.365
3 16 -24.767 10.619 16.504 -24.882 10.286 16.491 -25.5 10.462 16.365
3 16 -25.737 16.232 17.775 -25.586 17.42 18.148 -25.374 16.297 17.841
3 16 -24.823 0.268 22.286 -25.195 0.377 22.301 -25.327 0.041 22.132
3 16 -24.914 -0.136 22.343 -24.823 0.268 22.286 -25.327 0.041 22.132
3 16 -25.327 0.041 22.132 -25.608 -0.673 22.376 -24.914 -0.136 22.343
3 16 -25.608 -0.673 22.376 -25.179 -0.934 22.702 -24.914 -0.136 22.343
3 16 -25.608 -0.673 22.376 -26.11 -2.065 22.887 -25.179 -0.934 22.702
3 16 -26.11 -2.065 22.887 -25.638 -2.284 23.106 -25.179 -0.934 22.702
3 16 -26.11 -2.065 22.887 -26.62 -3.697 23.492 -25.638 -2.284 23.106
3 16 -26.62 -3.697 23.492 -26.246 -3.929 23.347 -25.638 -2.284 23.106
3 16 -26.62 -3.697 23.492 -27.053 -5.457 23.705 -26.246 -3.929 23.347
3 16 -23.977 -0.068 21.397 -24.823 0.268 22.286 -24.914 -0.136 22.343
3 16 -24.368 -1.176 21.258 -23.977 -0.068 21.397 -24.914 -0.136 22.343
3 16 -24.368 -1.176 21.258 -23.965 -0.147 20.449 -23.977 -0.068 21.397
3 16 -24.914 -0.136 22.343 -25.179 -0.934 22.702 -24.368 -1.176 21.258
3 16 -24.368 -1.176 21.258 -25.179 -0.934 22.702 -24.986 -2.771 22.335
3 16 -25.179 -0.934 22.702 -25.638 -2.284 23.106 -24.986 -2.771 22.335
3 16 -25.638 -2.284 23.106 -26.246 -3.929 23.347 -24.986 -2.771 22.335
3 16 -26.246 -3.929 23.347 -25.55 -4.494 22.818 -24.986 -2.771 22.335
3 16 -26.246 -3.929 23.347 -27.053 -5.457 23.705 -25.55 -4.494 22.818
3 16 -27.053 -5.457 23.705 -26.422 -6.091 23.016 -25.55 -4.494 22.818
3 16 -29.161 -3.966 24.814 -30.81 -4.722 25.343 -28.381 -4.586 24.451
3 16 -27.998 -2.615 24.376 -29.161 -3.966 24.814 -28.381 -4.586 24.451
3 16 -27.402 -3.077 24.183 -27.998 -2.615 24.376 -28.381 -4.586 24.451
3 16 -27.402 -3.077 24.183 -26.683 -1.556 23.709 -27.998 -2.615 24.376
3 16 -26.683 -1.556 23.709 -27.017 -1.238 23.753 -27.998 -2.615 24.376
3 16 -26.405 -1.787 23.464 -26.683 -1.556 23.709 -27.402 -3.077 24.183
3 16 -26.889 -3.5 23.841 -26.405 -1.787 23.464 -27.402 -3.077 24.183
3 16 -28.381 -4.586 24.451 -27.053 -5.457 23.705 -26.889 -3.5 23.841
3 16 -27.402 -3.077 24.183 -28.381 -4.586 24.451 -26.889 -3.5 23.841
3 16 -26.422 -6.091 23.016 -27.053 -5.457 23.705 -28.896 -8.18 22.907
3 16 -27.053 -5.457 23.705 -29.68 -7.936 23.363 -28.896 -8.18 22.907
4 16 -29.68 -7.936 23.363 -27.053 -5.457 23.705 -28.381 -4.586 24.451 -30.961 -6.871 24.159
3 16 -30.81 -4.722 25.343 -30.961 -6.871 24.159 -28.381 -4.586 24.451
3 16 -32.281 -5.597 24.673 -30.961 -6.871 24.159 -30.81 -4.722 25.343
3 16 -31.157 -2.483 25.262 -32.281 -5.597 24.673 -30.81 -4.722 25.343
3 16 -30.81 -4.722 25.343 -30.025 -3.252 25.156 -31.157 -2.483 25.262
3 16 -30.025 -3.252 25.156 -30.125 -1.281 24.699 -31.157 -2.483 25.262
3 16 -28.904 -1.848 24.836 -30.125 -1.281 24.699 -30.025 -3.252 25.156
3 16 -30.125 -1.281 24.699 -28.904 -1.848 24.836 -29.041 -0.095 24.116
3 16 -29.041 -0.095 24.116 -28.904 -1.848 24.836 -27.805 -0.619 24.297
3 16 -33.094 -4.502 24.48 -32.281 -5.597 24.673 -31.157 -2.483 25.262
3 16 -29.041 -0.095 24.116 -27.805 -0.619 24.297 -28.358 0.668 23.719
3 16 -28.358 0.668 23.719 -27.805 -0.619 24.297 -27.161 0.275 23.856
3 16 -28.358 0.668 23.719 -27.161 0.275 23.856 -27.837 1.262 23.356
3 16 -27.837 1.262 23.356 -27.161 0.275 23.856 -26.722 0.823 23.648
3 16 -27.837 1.262 23.356 -26.722 0.823 23.648 -27.167 1.523 23.273
3 16 -27.837 1.262 23.356 -27.167 1.523 23.273 -27.543 1.592 23.192
3 16 -27.167 1.523 23.273 -26.722 0.823 23.648 -26.42 1.244 23.443
4 16 -23.697 11.1 24.787 -23.906 12.687 25.541 -24.387 12.435 25.844 -24.211 10.884 25.134
3 16 -24.572 14.103 26.438 -24.387 12.435 25.844 -23.906 12.687 25.541
3 16 -24.572 14.103 26.438 -23.906 12.687 25.541 -24.124 14.241 26.246
3 16 -23.961 9.481 24.457 -23.697 11.1 24.787 -24.211 10.884 25.134
3 16 -23.961 9.481 24.457 -23.436 9.488 24.121 -23.697 11.1 24.787
3 16 -23.993 8.493 23.842 -23.436 9.488 24.121 -23.961 9.481 24.457
3 16 -23.993 8.493 23.842 -23.424 8.462 23.676 -23.436 9.488 24.121
3 16 -24.357 15.513 26.903 -24.572 14.103 26.438 -24.124 14.241 26.246
3 16 -23.573 14.272 26.33 -23.906 12.687 25.541 -23.235 12.552 25.86
3 16 -23.573 14.272 26.33 -24.124 14.241 26.246 -23.906 12.687 25.541
3 16 -23.697 11.1 24.787 -23.235 12.552 25.86 -23.906 12.687 25.541
4 16 -23.09 11.024 25.16 -23.235 12.552 25.86 -23.697 11.1 24.787 -23.436 9.488 24.121
3 16 -23.436 9.488 24.121 -22.863 9.472 24.317 -23.09 11.024 25.16
3 16 -23.436 9.488 24.121 -23.424 8.462 23.676 -22.863 9.472 24.317
3 16 -23.424 8.462 23.676 -22.911 8.336 23.481 -22.863 9.472 24.317
3 16 -23.573 14.272 26.33 -24.357 15.513 26.903 -24.124 14.241 26.246
3 16 -23.235 12.552 25.86 -22.525 12.603 25.718 -22.595 14.284 26.243
4 16 -23.573 14.272 26.33 -23.235 12.552 25.86 -22.595 14.284 26.243 -22.681 15.636 26.6
3 16 -23.235 12.552 25.86 -22.629 11.025 25.221 -22.525 12.603 25.718
3 16 -23.235 12.552 25.86 -23.09 11.024 25.16 -22.629 11.025 25.221
3 16 -22.525 12.603 25.718 -22.629 11.025 25.221 -22.229 11.06 25.163
3 16 -22.525 12.603 25.718 -22.229 11.06 25.163 -21.315 12.847 25.607
3 16 -21.315 12.847 25.607 -22.595 14.284 26.243 -22.525 12.603 25.718
3 16 -21.315 12.847 25.607 -21.138 14.275 25.968 -22.595 14.284 26.243
3 16 -22.629 11.025 25.221 -23.09 11.024 25.16 -22.863 9.472 24.317
3 16 -22.629 11.025 25.221 -22.863 9.472 24.317 -22.633 9.473 24.266
3 16 -22.229 11.06 25.163 -22.629 11.025 25.221 -22.633 9.473 24.266
3 16 -22.863 9.472 24.317 -22.911 8.336 23.481 -22.633 9.473 24.266
3 16 -21.138 14.275 25.968 -21.315 12.847 25.607 -19.895 12.839 24.907
3 16 -19.895 12.839 24.907 -21.315 12.847 25.607 -21.158 11.078 24.791
3 16 -19.895 12.839 24.907 -21.158 11.078 24.791 -20.049 11.097 24.15
3 16 -20.049 11.097 24.15 -21.158 11.078 24.791 -21.484 9.344 24.189
3 16 -20.049 11.097 24.15 -21.484 9.344 24.189 -20.301 9.498 23.287
3 16 -21.138 14.275 25.968 -19.895 12.839 24.907 -19.741 14.514 25.258
4 16 -21.485 8.12 22.822 -20.301 9.498 23.287 -21.484 9.344 24.189 -21.88 8.095 23.155
3 16 -20.301 9.498 23.287 -21.485 8.12 22.822 -20.901 8.059 22.007
3 16 -21.138 14.275 25.968 -19.741 14.514 25.258 -20.942 15.776 26.22
3 16 -19.741 14.514 25.258 -19.779 15.986 25.36 -20.942 15.776 26.22
3 16 -22.842 17.276 26.07 -20.942 15.776 26.22 -19.779 15.986 25.36
3 16 -19.769 17.548 25.056 -22.842 17.276 26.07 -19.779 15.986 25.36
3 16 -22.842 17.276 26.07 -22.681 15.636 26.6 -20.942 15.776 26.22
3 16 -22.842 17.276 26.07 -24.357 15.513 26.903 -22.681 15.636 26.6
3 16 -21.138 14.275 25.968 -20.942 15.776 26.22 -22.681 15.636 26.6
3 16 -22.595 14.284 26.243 -21.138 14.275 25.968 -22.681 15.636 26.6
3 16 -22.681 15.636 26.6 -24.357 15.513 26.903 -23.573 14.272 26.33
3 16 -24.357 15.513 26.903 -22.842 17.276 26.07 -26.008 16.541 26.302
3 16 -24.357 15.513 26.903 -26.008 16.541 26.302 -25.789 15.325 26.539
3 16 -24.572 14.103 26.438 -24.357 15.513 26.903 -25.789 15.325 26.539
3 16 -24.572 14.103 26.438 -25.789 15.325 26.539 -25.63 13.963 26.124
3 16 -24.387 12.435 25.844 -24.572 14.103 26.438 -25.63 13.963 26.124
3 16 -24.387 12.435 25.844 -25.63 13.963 26.124 -25.348 12.418 25.443
4 16 -24.211 10.884 25.134 -24.387 12.435 25.844 -25.348 12.418 25.443 -24.951 10.75 24.759
3 16 -24.211 10.884 25.134 -24.951 10.75 24.759 -24.664 9.675 24.149
3 16 -23.961 9.481 24.457 -24.211 10.884 25.134 -24.664 9.675 24.149
3 16 -23.961 9.481 24.457 -24.664 9.675 24.149 -23.993 8.493 23.842
3 16 -24.664 9.675 24.149 -24.742 8.663 23.548 -23.993 8.493 23.842
3 16 -21.693 11.221 24.775 -21.315 12.847 25.607 -22.229 11.06 25.163
3 16 -21.693 11.221 24.775 -22.229 11.06 25.163 -22.087 9.5 23.897
3 16 -22.229 11.06 25.163 -22.633 9.473 24.266 -22.087 9.5 23.897
3 16 -22.087 9.5 23.897 -22.633 9.473 24.266 -22.911 8.336 23.481
3 16 -22.354 8.243 23.272 -22.087 9.5 23.897 -22.911 8.336 23.481
3 16 -21.315 12.847 25.607 -21.693 11.221 24.775 -21.158 11.078 24.791
3 16 -21.484 9.344 24.189 -21.158 11.078 24.791 -21.693 11.221 24.775
3 16 -22.087 9.5 23.897 -21.484 9.344 24.189 -21.693 11.221 24.775
3 16 -21.88 8.095 23.155 -21.484 9.344 24.189 -22.087 9.5 23.897
3 16 -22.354 8.243 23.272 -21.88 8.095 23.155 -22.087 9.5 23.897
3 16 -25.195 0.377 22.301 -25.59 0.679 22.619 -25.714 0.202 22.786
3 16 -25.327 0.041 22.132 -25.195 0.377 22.301 -25.714 0.202 22.786
3 16 -25.608 -0.673 22.376 -25.327 0.041 22.132 -25.714 0.202 22.786
3 16 -26.078 -0.657 23.078 -25.608 -0.673 22.376 -25.714 0.202 22.786
3 16 -26.11 -2.065 22.887 -25.608 -0.673 22.376 -26.078 -0.657 23.078
3 16 -26.405 -1.787 23.464 -26.11 -2.065 22.887 -26.078 -0.657 23.078
3 16 -26.11 -2.065 22.887 -26.405 -1.787 23.464 -26.889 -3.5 23.841
3 16 -26.62 -3.697 23.492 -26.11 -2.065 22.887 -26.889 -3.5 23.841
3 16 -26.62 -3.697 23.492 -26.889 -3.5 23.841 -27.053 -5.457 23.705
3 16 -27.003 14.335 21.796 -26.943 13.448 21.004 -26.049 11.904 24.103
3 16 -25.348 12.418 25.443 -27.003 14.335 21.796 -26.049 11.904 24.103
3 16 -25.348 12.418 25.443 -26.049 11.904 24.103 -24.951 10.75 24.759
3 16 -26.049 11.904 24.103 -25.313 10.334 23.663 -24.951 10.75 24.759
3 16 -26.812 17.207 25.008 -27.826 18.298 23.235 -27.458 16.603 22.914
3 16 -24.951 10.75 24.759 -25.313 10.334 23.663 -24.664 9.675 24.149
3 16 -25.313 10.334 23.663 -24.742 8.663 23.548 -24.664 9.675 24.149
3 16 -25.63 13.963 26.124 -27.187 15.443 22.444 -27.003 14.335 21.796
3 16 -25.348 12.418 25.443 -25.63 13.963 26.124 -27.003 14.335 21.796
3 16 -26.008 16.541 26.302 -26.812 17.207 25.008 -27.458 16.603 22.914
3 16 -25.789 15.325 26.539 -26.008 16.541 26.302 -27.458 16.603 22.914
3 16 -25.789 15.325 26.539 -27.458 16.603 22.914 -27.187 15.443 22.444
3 16 -25.63 13.963 26.124 -25.789 15.325 26.539 -27.187 15.443 22.444
3 16 -27.187 15.443 22.444 -27.103 15.906 18.583 -27.003 14.335 21.796
3 16 -27.103 15.906 18.583 -26.705 14.735 18.165 -27.003 14.335 21.796
3 16 -27.826 18.298 23.235 -27.59 18.43 21.561 -27.458 16.603 22.914
3 16 -27.59 18.43 21.561 -27.642 18.224 19.834 -27.458 16.603 22.914
3 16 -27.642 18.224 19.834 -27.529 16.992 19.013 -27.458 16.603 22.914
3 16 -27.187 15.443 22.444 -27.458 16.603 22.914 -27.529 16.992 19.013
3 16 -27.103 15.906 18.583 -27.187 15.443 22.444 -27.529 16.992 19.013
3 16 -27.003 14.335 21.796 -26.705 14.735 18.165 -26.909 13.078 19.182
3 16 -26.943 13.448 21.004 -27.003 14.335 21.796 -26.909 13.078 19.182
3 16 -26.705 14.735 18.165 -26.568 13.523 17.758 -26.909 13.078 19.182
3 16 -26.568 13.523 17.758 -26.795 12.587 18.496 -26.909 13.078 19.182
3 16 -26.795 12.587 18.496 -26.568 13.523 17.758 -26.421 12.257 17.489
3 16 -26.675 11.683 17.7 -26.795 12.587 18.496 -26.421 12.257 17.489
3 16 -26.675 11.683 17.7 -26.421 12.257 17.489 -26.31 11.146 17.183
3 16 -26.507 10.588 17.08 -26.675 11.683 17.7 -26.31 11.146 17.183
3 16 -25.075 14.998 17.443 -25.374 16.297 17.841 -25.012 16.363 17.538
3 16 -24.723 15.074 17.071 -25.075 14.998 17.443 -25.012 16.363 17.538
3 16 -25.075 14.998 17.443 -24.723 15.074 17.071 -24.787 13.526 17.052
3 16 -24.723 15.074 17.071 -24.43 13.71 16.556 -24.787 13.526 17.052
3 16 -24.43 13.71 16.556 -24.381 11.954 16.308 -24.787 13.526 17.052
3 16 -24.381 11.954 16.308 -24.654 11.935 16.735 -24.787 13.526 17.052
3 16 -24.767 10.619 16.504 -24.654 11.935 16.735 -24.381 11.954 16.308
4 16 -24.433 10.545 16.36 -24.767 10.619 16.504 -24.381 11.954 16.308 -24.004 11.948 16.15
3 16 -24.882 10.286 16.491 -24.767 10.619 16.504 -24.433 10.545 16.36
3 16 -24.882 10.286 16.491 -24.433 10.545 16.36 -24.421 10.188 16.402
3 16 -25.586 17.42 18.148 -25.012 16.363 17.538 -25.374 16.297 17.841
3 16 -24.43 13.71 16.556 -24.004 11.948 16.15 -24.381 11.954 16.308
3 16 -24.43 13.71 16.556 -23.863 13.787 16.342 -24.004 11.948 16.15
3 16 -23.863 13.787 16.342 -23.632 11.893 16.072 -24.004 11.948 16.15
3 16 -23.863 13.787 16.342 -23.177 13.788 16.154 -23.632 11.893 16.072
4 16 -23.814 15.205 16.735 -23.863 13.787 16.342 -24.43 13.71 16.556 -24.723 15.074 17.071
3 16 -23.863 13.787 16.342 -23.814 15.205 16.735 -23.177 13.788 16.154
3 16 -24.004 11.948 16.15 -23.632 11.893 16.072 -24.433 10.545 16.36
3 16 -24.433 10.545 16.36 -23.632 11.893 16.072 -24.421 10.188 16.402
3 16 -23.814 15.205 16.735 -22.653 15.265 16.385 -23.177 13.788 16.154
3 16 -23.81 16.538 17.195 -22.653 15.265 16.385 -23.814 15.205 16.735
3 16 -23.81 16.538 17.195 -23.814 15.205 16.735 -24.723 15.074 17.071
3 16 -23.81 16.538 17.195 -22.134 16.735 16.825 -22.653 15.265 16.385
3 16 -24.035 17.679 17.667 -22.134 16.735 16.825 -23.81 16.538 17.195
3 16 -27.642 18.224 19.834 -25.586 17.42 18.148 -27.529 16.992 19.013
3 16 -25.586 17.42 18.148 -24.164 18.933 18.613 -24.035 17.679 17.667
3 16 -24.035 17.679 17.667 -24.164 18.933 18.613 -21.057 18.989 18.183
3 16 -24.035 17.679 17.667 -21.057 18.989 18.183 -20.988 17.886 17.565
3 16 -21.011 16.76 17.053 -24.035 17.679 17.667 -20.988 17.886 17.565
3 16 -21.011 16.76 17.053 -22.134 16.735 16.825 -24.035 17.679 17.667
3 16 -21.762 15.237 16.409 -22.134 16.735 16.825 -21.011 16.76 17.053
3 16 -21.762 15.237 16.409 -21.011 16.76 17.053 -21.011 15.047 16.41
3 16 -22.203 13.465 16.078 -21.762 15.237 16.409 -21.011 15.047 16.41
3 16 -22.203 13.465 16.078 -21.011 15.047 16.41 -21.261 13.193 15.968
3 16 -22.699 11.519 15.776 -22.203 13.465 16.078 -21.261 13.193 15.968
3 16 -22.699 11.519 15.776 -21.261 13.193 15.968 -21.675 11.217 15.691
3 16 -23.322 9.501 15.69 -22.699 11.519 15.776 -21.675 11.217 15.691
3 16 -23.322 9.501 15.69 -21.675 11.217 15.691 -22.431 8.85 15.71
3 16 -24.164 18.933 18.613 -25.586 17.42 18.148 -27.642 18.224 19.834
3 16 -25.586 17.42 18.148 -27.103 15.906 18.583 -27.529 16.992 19.013
3 16 -25.586 17.42 18.148 -25.737 16.232 17.775 -27.103 15.906 18.583
3 16 -25.737 16.232 17.775 -26.705 14.735 18.165 -27.103 15.906 18.583
3 16 -25.737 16.232 17.775 -25.634 15.046 17.321 -26.705 14.735 18.165
3 16 -25.634 15.046 17.321 -26.568 13.523 17.758 -26.705 14.735 18.165
3 16 -25.634 15.046 17.321 -25.425 13.608 16.904 -26.568 13.523 17.758
3 16 -25.425 13.608 16.904 -26.421 12.257 17.489 -26.568 13.523 17.758
3 16 -25.425 13.608 16.904 -25.381 12.124 16.506 -26.421 12.257 17.489
3 16 -25.381 12.124 16.506 -26.31 11.146 17.183 -26.421 12.257 17.489
3 16 -25.381 12.124 16.506 -25.431 10.823 16.419 -26.31 11.146 17.183
3 16 -25.431 10.823 16.419 -26.507 10.588 17.08 -26.31 11.146 17.183
3 16 -25.431 10.823 16.419 -25.5 10.462 16.365 -26.507 10.588 17.08
3 16 -24.035 17.679 17.667 -25.012 16.363 17.538 -25.586 17.42 18.148
3 16 -24.035 17.679 17.667 -23.81 16.538 17.195 -25.012 16.363 17.538
3 16 -23.81 16.538 17.195 -24.723 15.074 17.071 -25.012 16.363 17.538
3 16 -22.544 13.472 16.548 -22.653 15.265 16.385 -22.076 15.267 16.661
3 16 -22.544 13.472 16.548 -23.177 13.788 16.154 -22.653 15.265 16.385
3 16 -22.544 13.472 16.548 -23.632 11.893 16.072 -23.177 13.788 16.154
3 16 -22.544 13.472 16.548 -22.984 11.526 16.61 -23.632 11.893 16.072
3 16 -22.653 15.265 16.385 -22.134 16.735 16.825 -22.076 15.267 16.661
3 16 -24.421 10.188 16.402 -23.632 11.893 16.072 -22.984 11.526 16.61
3 16 -24.421 10.188 16.402 -22.984 11.526 16.61 -23.654 9.834 16.306
3 16 -22.544 13.472 16.548 -22.699 11.519 15.776 -22.984 11.526 16.61
3 16 -22.544 13.472 16.548 -22.203 13.465 16.078 -22.699 11.519 15.776
3 16 -22.203 13.465 16.078 -22.544 13.472 16.548 -22.076 15.267 16.661
3 16 -22.203 13.465 16.078 -22.076 15.267 16.661 -21.762 15.237 16.409
3 16 -22.134 16.735 16.825 -21.762 15.237 16.409 -22.076 15.267 16.661
3 16 -23.654 9.834 16.306 -22.984 11.526 16.61 -22.699 11.519 15.776
3 16 -23.654 9.834 16.306 -22.699 11.519 15.776 -23.322 9.501 15.69
3 16 -24.102 19.171 21.019 -24.055 19.284 22.999 -20.056 19.12 22.529
3 16 -24.102 19.171 21.019 -20.056 19.12 22.529 -20.564 19.234 20.081
3 16 -24.164 18.933 18.613 -24.102 19.171 21.019 -20.564 19.234 20.081
3 16 -24.164 18.933 18.613 -20.564 19.234 20.081 -21.057 18.989 18.183
3 16 -24.055 19.284 22.999 -24.102 19.171 21.019 -27.59 18.43 21.561
3 16 -24.055 19.284 22.999 -27.59 18.43 21.561 -27.826 18.298 23.235
3 16 -27.642 18.224 19.834 -24.102 19.171 21.019 -24.164 18.933 18.613
3 16 -27.642 18.224 19.834 -27.59 18.43 21.561 -24.102 19.171 21.019
3 16 -23.356 18.385 24.581 -20.056 19.12 22.529 -24.055 19.284 22.999
3 16 -23.356 18.385 24.581 -19.739 18.452 23.938 -20.056 19.12 22.529
3 16 -23.356 18.385 24.581 -19.769 17.548 25.056 -19.739 18.452 23.938
3 16 -23.356 18.385 24.581 -22.842 17.276 26.07 -19.769 17.548 25.056
3 16 -26.008 16.541 26.302 -22.842 17.276 26.07 -23.356 18.385 24.581
4 16 -26.812 17.207 25.008 -26.008 16.541 26.302 -23.356 18.385 24.581 -24.055 19.284 22.999
3 16 -24.055 19.284 22.999 -27.826 18.298 23.235 -26.812 17.207 25.008
3 16 -20.056 19.12 22.529 -19.739 18.452 23.938 -19.566 17.422 21.828
3 16 -19.566 17.422 21.828 -19.739 18.452 23.938 -19.769 17.548 25.056
3 16 -19.779 15.986 25.36 -19.566 17.422 21.828 -19.769 17.548 25.056
3 16 -19.566 15.781 21.348 -19.566 17.422 21.828 -19.779 15.986 25.36
3 16 -19.741 14.514 25.258 -19.566 15.781 21.348 -19.779 15.986 25.36
3 16 -19.641 14.128 20.782 -19.566 15.781 21.348 -19.741 14.514 25.258
4 16 -19.641 14.128 20.782 -19.741 14.514 25.258 -19.895 12.839 24.907 -20.049 11.097 24.15
3 16 -19.798 12.324 20.215 -19.641 14.128 20.782 -20.049 11.097 24.15
3 16 -20.301 9.498 23.287 -19.798 12.324 20.215 -20.049 11.097 24.15
3 16 -20.028 10.564 19.688 -19.798 12.324 20.215 -20.301 9.498 23.287
3 16 -20.301 9.498 23.287 -20.901 8.059 22.007 -20.028 10.564 19.688
3 16 -20.028 10.564 19.688 -20.901 8.059 22.007 -20.723 8.625 19.335
3 16 -20.901 8.059 22.007 -20.534 8.062 19.389 -20.723 8.625 19.335
3 16 -20.945 6.958 21.76 -20.534 8.062 19.389 -20.901 8.059 22.007
3 16 -20.945 6.958 21.76 -20.901 8.059 22.007 -21.461 7.468 23.187
3 16 -21.461 7.468 23.187 -21.393 6.553 23.676 -20.945 6.958 21.76
3 16 -20.945 6.958 21.76 -21.393 6.553 23.676 -21.092 5.84 22.057
3 16 -21.393 6.553 23.676 -21.439 5.441 23.958 -21.092 5.84 22.057
3 16 -21.461 7.468 23.187 -20.901 8.059 22.007 -21.485 8.12 22.822
3 16 -21.439 5.441 23.958 -21.158 4.507 21.614 -21.092 5.84 22.057
3 16 -21.092 5.84 22.057 -21.158 4.507 21.614 -21.066 4.89 21.435
3 16 -21.439 5.441 23.958 -21.363 3.98 22.145 -21.158 4.507 21.614
3 16 -21.869 3.585 23.833 -21.363 3.98 22.145 -21.439 5.441 23.958
3 16 -21.728 2.867 21.977 -21.363 3.98 22.145 -21.869 3.585 23.833
3 16 -22.623 1.697 23.179 -21.728 2.867 21.977 -21.869 3.585 23.833
3 16 -22.623 1.697 23.179 -22.174 1.717 21.194 -21.728 2.867 21.977
3 16 -23.315 0.405 22.44 -22.174 1.717 21.194 -22.623 1.697 23.179
3 16 -23.977 -0.068 21.397 -22.174 1.717 21.194 -23.315 0.405 22.44
3 16 -22.331 1.358 19.918 -22.174 1.717 21.194 -23.977 -0.068 21.397
3 16 -23.965 -0.147 20.449 -22.331 1.358 19.918 -23.977 -0.068 21.397
3 16 -22.819 0.666 19.297 -22.331 1.358 19.918 -23.965 -0.147 20.449
3 16 -24.003 -0.448 18.793 -22.819 0.666 19.297 -23.965 -0.147 20.449
3 16 -23.545 -0.309 16.981 -22.819 0.666 19.297 -24.003 -0.448 18.793
3 16 -24.003 -0.448 18.793 -24.091 -0.625 16.908 -23.545 -0.309 16.981
3 16 -19.641 14.128 20.782 -21.011 16.76 17.053 -19.566 15.781 21.348
3 16 -21.011 15.047 16.41 -21.011 16.76 17.053 -19.641 14.128 20.782
3 16 -19.798 12.324 20.215 -21.011 15.047 16.41 -19.641 14.128 20.782
3 16 -21.261 13.193 15.968 -21.011 15.047 16.41 -19.798 12.324 20.215
3 16 -20.028 10.564 19.688 -21.261 13.193 15.968 -19.798 12.324 20.215
3 16 -21.675 11.217 15.691 -21.261 13.193 15.968 -20.028 10.564 19.688
3 16 -20.028 10.564 19.688 -20.723 8.625 19.335 -21.675 11.217 15.691
3 16 -21.675 11.217 15.691 -20.723 8.625 19.335 -22.431 8.85 15.71
3 16 -22.431 8.85 15.71 -20.723 8.625 19.335 -20.534 8.062 19.389
3 16 -20.534 8.062 19.389 -22.743 7.358 15.825 -22.431 8.85 15.71
3 16 -22.431 8.85 15.71 -22.743 7.358 15.825 -23.18 8.297 14.947
3 16 -23.18 8.297 14.947 -22.743 7.358 15.825 -23.933 7.154 14.575
3 16 -23.933 7.154 14.575 -22.743 7.358 15.825 -23.593 6.62 14.595
3 16 -23.933 7.154 14.575 -23.593 6.62 14.595 -24.593 5.89 14.37
3 16 -24.593 5.89 14.37 -23.593 6.62 14.595 -24.115 5.504 14.49
3 16 -24.593 5.89 14.37 -24.115 5.504 14.49 -24.989 4.734 14.052
3 16 -24.989 4.734 14.052 -24.115 5.504 14.49 -24.623 4.398 14.409
3 16 -24.989 4.734 14.052 -24.623 4.398 14.409 -25.369 3.342 14.055
3 16 -25.369 3.342 14.055 -24.623 4.398 14.409 -24.701 3.23 14.658
3 16 -25.369 3.342 14.055 -24.701 3.23 14.658 -25.391 2.09 14.42
3 16 -25.391 2.09 14.42 -24.701 3.23 14.658 -24.649 1.485 15.306
3 16 -25.241 1.387 14.942 -25.391 2.09 14.42 -24.649 1.485 15.306
3 16 -24.091 -0.625 16.908 -25.4 -0.435 14.478 -25.241 1.387 14.942
3 16 -24.325 -1.752 16.67 -25.4 -0.435 14.478 -24.091 -0.625 16.908
3 16 -25.4 -0.435 14.478 -24.325 -1.752 16.67 -25.897 -2.504 14.054
3 16 -25.897 -2.504 14.054 -24.325 -1.752 16.67 -24.655 -3.383 16.516
3 16 -24.655 -3.383 16.516 -26.408 -4.204 13.808 -25.897 -2.504 14.054
3 16 -25.155 -4.902 16.299 -26.408 -4.204 13.808 -24.655 -3.383 16.516
3 16 -26.316 -6.726 16.028 -26.408 -4.204 13.808 -25.155 -4.902 16.299
3 16 -27.154 -5.914 13.92 -26.408 -4.204 13.808 -26.316 -6.726 16.028
3 16 -26.316 -6.726 16.028 -29.27 -7.761 14.503 -27.154 -5.914 13.92
3 16 -29.104 -8.489 15.601 -29.27 -7.761 14.503 -26.316 -6.726 16.028
3 16 -25.15 4.894 24.669 -25.89 3.177 24.255 -23.508 4.164 24.206
3 16 -23.508 4.164 24.206 -25.89 3.177 24.255 -24.311 2.335 23.733
3 16 -23.508 4.164 24.206 -22.974 5.925 24.214 -25.15 4.894 24.669
3 16 -25.15 4.894 24.669 -22.974 5.925 24.214 -24.721 6.584 24.623
4 16 -24.721 6.584 24.623 -22.974 5.925 24.214 -22.746 6.978 23.98 -24.558 7.431 24.453
3 16 -21.393 6.553 23.676 -22.746 6.978 23.98 -22.974 5.925 24.214
3 16 -21.393 6.553 23.676 -22.974 5.925 24.214 -21.439 5.441 23.958
3 16 -21.439 5.441 23.958 -22.974 5.925 24.214 -23.508 4.164 24.206
3 16 -22.746 6.978 23.98 -21.393 6.553 23.676 -21.461 7.468 23.187
3 16 -22.746 6.978 23.98 -21.461 7.468 23.187 -22.552 7.791 23.557
3 16 -21.461 7.468 23.187 -21.88 8.095 23.155 -22.552 7.791 23.557
3 16 -22.552 7.791 23.557 -21.88 8.095 23.155 -22.354 8.243 23.272
3 16 -22.354 8.243 23.272 -22.911 8.336 23.481 -22.552 7.791 23.557
3 16 -22.911 8.336 23.481 -23.424 8.462 23.676 -22.552 7.791 23.557
3 16 -24.289 8.161 24.137 -22.552 7.791 23.557 -23.424 8.462 23.676
3 16 -22.746 6.978 23.98 -24.289 8.161 24.137 -24.558 7.431 24.453
3 16 -22.746 6.978 23.98 -22.552 7.791 23.557 -24.289 8.161 24.137
3 16 -24.289 8.161 24.137 -23.424 8.462 23.676 -23.993 8.493 23.842
3 16 -21.461 7.468 23.187 -21.485 8.12 22.822 -21.88 8.095 23.155
3 16 -21.439 5.441 23.958 -23.508 4.164 24.206 -21.869 3.585 23.833
3 16 -22.623 1.697 23.179 -21.869 3.585 23.833 -23.508 4.164 24.206
3 16 -22.623 1.697 23.179 -23.508 4.164 24.206 -24.311 2.335 23.733
3 16 -23.315 0.405 22.44 -22.623 1.697 23.179 -24.311 2.335 23.733
3 16 -23.315 0.405 22.44 -24.311 2.335 23.733 -25.13 1.128 23.097
3 16 -25.13 1.128 23.097 -24.311 2.335 23.733 -25.89 3.177 24.255
3 16 -25.13 1.128 23.097 -25.89 3.177 24.255 -26.72 2.003 23.53
3 16 -26.42 1.244 23.443 -25.13 1.128 23.097 -26.72 2.003 23.53
3 16 -26.42 1.244 23.443 -26.72 2.003 23.53 -27.167 1.523 23.273
3 16 -25.13 1.128 23.097 -26.42 1.244 23.443 -25.964 1.024 22.759
3 16 -25.59 0.679 22.619 -25.13 1.128 23.097 -25.964 1.024 22.759
3 16 -25.59 0.679 22.619 -24.823 0.268 22.286 -25.13 1.128 23.097
3 16 -23.315 0.405 22.44 -25.13 1.128 23.097 -24.823 0.268 22.286
3 16 -25.59 0.679 22.619 -25.195 0.377 22.301 -24.823 0.268 22.286
3 16 -23.315 0.405 22.44 -24.823 0.268 22.286 -23.977 -0.068 21.397
3 16 -19.566 17.422 21.828 -21.057 18.989 18.183 -20.564 19.234 20.081
3 16 -19.566 17.422 21.828 -20.988 17.886 17.565 -21.057 18.989 18.183
3 16 -19.566 17.422 21.828 -20.564 19.234 20.081 -20.056 19.12 22.529
3 16 -19.566 15.781 21.348 -20.988 17.886 17.565 -19.566 17.422 21.828
3 16 -19.566 15.781 21.348 -21.011 16.76 17.053 -20.988 17.886 17.565
3 16 -24.289 8.161 24.137 -25.083 7.7 23.921 -24.558 7.431 24.453
3 16 -24.289 8.161 24.137 -24.742 8.663 23.548 -25.083 7.7 23.921
3 16 -23.993 8.493 23.842 -24.742 8.663 23.548 -24.289 8.161 24.137
3 16 -25.083 7.7 23.921 -24.721 6.584 24.623 -24.558 7.431 24.453
3 16 -25.083 7.7 23.921 -25.45 6.114 24.163 -24.721 6.584 24.623
3 16 -25.15 4.894 24.669 -24.721 6.584 24.623 -25.45 6.114 24.163
3 16 -26.219 4.059 23.97 -25.15 4.894 24.669 -25.45 6.114 24.163
3 16 -26.219 4.059 23.97 -25.89 3.177 24.255 -25.15 4.894 24.669
3 16 -26.72 2.003 23.53 -25.89 3.177 24.255 -26.219 4.059 23.97
3 16 -26.72 2.003 23.53 -26.219 4.059 23.97 -27.724 2.095 22.919
3 16 -27.724 2.095 22.919 -27.167 1.523 23.273 -26.72 2.003 23.53
3 16 -27.724 2.095 22.919 -27.543 1.592 23.192 -27.167 1.523 23.273
3 16 -27.543 1.592 23.192 -27.724 2.095 22.919 -29.35 1.789 22.227
3 16 -29.35 1.789 22.227 -27.837 1.262 23.356 -27.543 1.592 23.192
3 16 -27.837 1.262 23.356 -29.35 1.789 22.227 -28.358 0.668 23.719
3 16 -29.35 1.789 22.227 -31.4 0.842 20.356 -28.358 0.668 23.719
3 16 -29.35 1.789 22.227 -31.071 1.544 20.383 -31.4 0.842 20.356
3 16 -30.125 -1.281 24.699 -31.86 0.13 20.412 -32.639 -0.846 20.533
3 16 -30.125 -1.281 24.699 -29.041 -0.095 24.116 -31.86 0.13 20.412
3 16 -29.041 -0.095 24.116 -31.4 0.842 20.356 -31.86 0.13 20.412
3 16 -29.041 -0.095 24.116 -28.358 0.668 23.719 -31.4 0.842 20.356
3 16 -32.639 -0.846 20.533 -31.157 -2.483 25.262 -30.125 -1.281 24.699
3 16 -32.639 -0.846 20.533 -33.405 -1.704 20.582 -31.157 -2.483 25.262
3 16 -33.094 -4.502 24.48 -31.157 -2.483 25.262 -33.405 -1.704 20.582
3 16 -33.094 -4.502 24.48 -33.405 -1.704 20.582 -34.242 -4.446 22.978
3 16 -33.405 -1.704 20.582 -34.935 -3.691 21.067 -34.242 -4.446 22.978
3 16 -30.477 -2.26 15.585 -29.056 -1.331 15.022 -30.022 -2.626 15.154
3 16 -30.477 -2.26 15.585 -29.525 -0.912 15.516 -29.056 -1.331 15.022
3 16 -30.022 -2.626 15.154 -31.316 -3.399 15.368 -30.477 -2.26 15.585
3 16 -28.027 0.289 15.164 -29.056 -1.331 15.022 -29.525 -0.912 15.516
3 16 -28.027 0.289 15.164 -29.525 -0.912 15.516 -28.588 0.524 15.587
3 16 -28.588 0.524 15.587 -27.41 1.576 15.366 -28.027 0.289 15.164
3 16 -28.588 0.524 15.587 -27.964 1.789 15.733 -27.41 1.576 15.366
3 16 -30.963 -1.832 15.55 -29.525 -0.912 15.516 -30.477 -2.26 15.585
3 16 -30.963 -1.832 15.55 -30.039 -0.493 15.398 -29.525 -0.912 15.516
3 16 -31.316 -3.399 15.368 -30.963 -1.832 15.55 -30.477 -2.26 15.585
3 16 -28.588 0.524 15.587 -29.525 -0.912 15.516 -30.039 -0.493 15.398
3 16 -28.588 0.524 15.587 -30.039 -0.493 15.398 -29.169 0.89 15.542
3 16 -29.169 0.89 15.542 -27.964 1.789 15.733 -28.588 0.524 15.587
3 16 -29.169 0.89 15.542 -28.422 2.051 15.748 -27.964 1.789 15.733
3 16 -28.111 -1.84 14.623 -28.07 -3.772 14.568 -28.622 -3.545 14.304
3 16 -28.111 -1.84 14.623 -27.598 -2.076 15.049 -28.07 -3.772 14.568
3 16 -28.622 -3.545 14.304 -28.07 -3.772 14.568 -28.806 -5.019 13.988
3 16 -27.111 -0.047 15.446 -27.598 -2.076 15.049 -28.111 -1.84 14.623
3 16 -27.111 -0.047 15.446 -28.111 -1.84 14.623 -27.659 0.175 15.056
3 16 -27.659 0.175 15.056 -26.741 1.408 15.591 -27.111 -0.047 15.446
3 16 -27.659 0.175 15.056 -27.41 1.576 15.366 -26.741 1.408 15.591
3 16 -28.07 -3.772 14.568 -27.272 -2.105 14.242 -27.735 -3.832 13.924
3 16 -28.07 -3.772 14.568 -27.598 -2.076 15.049 -27.272 -2.105 14.242
3 16 -28.806 -5.019 13.988 -28.07 -3.772 14.568 -27.735 -3.832 13.924
3 16 -26.713 -0.076 14.671 -27.272 -2.105 14.242 -27.598 -2.076 15.049
3 16 -26.713 -0.076 14.671 -27.598 -2.076 15.049 -27.111 -0.047 15.446
3 16 -27.111 -0.047 15.446 -26.364 1.378 15.025 -26.713 -0.076 14.671
3 16 -27.111 -0.047 15.446 -26.741 1.408 15.591 -26.364 1.378 15.025
4 16 -25.378 -4.852 19.111 -25.155 -4.902 16.299 -24.655 -3.383 16.516 -24.803 -3.236 19.045
3 16 -25.378 -4.852 19.111 -26.439 -6.63 19.027 -25.155 -4.902 16.299
3 16 -26.439 -6.63 19.027 -26.316 -6.726 16.028 -25.155 -4.902 16.299
3 16 -26.439 -6.63 19.027 -25.378 -4.852 19.111 -26.422 -6.091 23.016
3 16 -25.378 -4.852 19.111 -25.55 -4.494 22.818 -26.422 -6.091 23.016
3 16 -24.986 -2.771 22.335 -25.55 -4.494 22.818 -25.378 -4.852 19.111
3 16 -24.803 -3.236 19.045 -24.986 -2.771 22.335 -25.378 -4.852 19.111
4 16 -28.994 -8.472 19.291 -26.316 -6.726 16.028 -26.439 -6.63 19.027 -28.896 -8.18 22.907
3 16 -26.316 -6.726 16.028 -28.994 -8.472 19.291 -29.104 -8.489 15.601
3 16 -28.896 -8.18 22.907 -26.439 -6.63 19.027 -26.422 -6.091 23.016
3 16 -24.803 -3.236 19.045 -24.368 -1.176 21.258 -24.986 -2.771 22.335
3 16 -24.312 -1.623 18.928 -24.368 -1.176 21.258 -24.803 -3.236 19.045
3 16 -24.368 -1.176 21.258 -24.312 -1.623 18.928 -23.965 -0.147 20.449
3 16 -23.965 -0.147 20.449 -24.312 -1.623 18.928 -24.003 -0.448 18.793
3 16 -24.312 -1.623 18.928 -24.091 -0.625 16.908 -24.003 -0.448 18.793
3 16 -24.325 -1.752 16.67 -24.091 -0.625 16.908 -24.312 -1.623 18.928
3 16 -24.803 -3.236 19.045 -24.325 -1.752 16.67 -24.312 -1.623 18.928
3 16 -24.655 -3.383 16.516 -24.325 -1.752 16.67 -24.803 -3.236 19.045
3 16 -32.639 -0.846 20.533 -32.986 -1.54 17.122 -33.405 -1.704 20.582
3 16 -32.149 -0.522 17.066 -32.986 -1.54 17.122 -32.639 -0.846 20.533
3 16 -31.86 0.13 20.412 -32.149 -0.522 17.066 -32.639 -0.846 20.533
3 16 -31.379 0.5 16.997 -32.149 -0.522 17.066 -31.86 0.13 20.412
4 16 -34.414 -3.463 17.307 -34.935 -3.691 21.067 -33.405 -1.704 20.582 -32.986 -1.54 17.122
3 16 -31.379 0.5 16.997 -31.86 0.13 20.412 -31.4 0.842 20.356
3 16 -31.379 0.5 16.997 -31.4 0.842 20.356 -30.344 1.872 17.134
3 16 -30.344 1.872 17.134 -31.4 0.842 20.356 -31.071 1.544 20.383
3 16 -30.344 1.872 17.134 -31.071 1.544 20.383 -29.409 3.072 17.359
3 16 -28.499 -2.319 24.193 -27.805 -0.619 24.297 -28.904 -1.848 24.836
3 16 -28.499 -2.319 24.193 -27.527 -0.977 23.747 -27.805 -0.619 24.297
3 16 -29.512 -3.635 24.671 -28.499 -2.319 24.193 -28.904 -1.848 24.836
3 16 -29.512 -3.635 24.671 -28.904 -1.848 24.836 -30.025 -3.252 25.156
3 16 -29.512 -3.635 24.671 -30.025 -3.252 25.156 -30.81 -4.722 25.343
3 16 -27.161 0.275 23.856 -27.805 -0.619 24.297 -27.527 -0.977 23.747
3 16 -27.161 0.275 23.856 -27.527 -0.977 23.747 -26.876 0.024 23.3
3 16 -26.722 0.823 23.648 -27.161 0.275 23.856 -26.876 0.024 23.3
3 16 -26.722 0.823 23.648 -26.876 0.024 23.3 -26.389 0.656 23.007
3 16 -26.389 0.656 23.007 -26.42 1.244 23.443 -26.722 0.823 23.648
3 16 -26.389 0.656 23.007 -25.964 1.024 22.759 -26.42 1.244 23.443
3 16 -27.998 -2.615 24.376 -27.527 -0.977 23.747 -28.499 -2.319 24.193
3 16 -27.998 -2.615 24.376 -27.017 -1.238 23.753 -27.527 -0.977 23.747
3 16 -27.998 -2.615 24.376 -28.499 -2.319 24.193 -29.512 -3.635 24.671
3 16 -27.998 -2.615 24.376 -29.512 -3.635 24.671 -29.161 -3.966 24.814
3 16 -29.161 -3.966 24.814 -29.512 -3.635 24.671 -30.81 -4.722 25.343
3 16 -27.527 -0.977 23.747 -27.017 -1.238 23.753 -26.457 -0.357 23.278
3 16 -27.527 -0.977 23.747 -26.457 -0.357 23.278 -26.876 0.024 23.3
3 16 -26.457 -0.357 23.278 -26.389 0.656 23.007 -26.876 0.024 23.3
3 16 -26.457 -0.357 23.278 -25.957 0.383 22.891 -26.389 0.656 23.007
3 16 -25.957 0.383 22.891 -25.964 1.024 22.759 -26.389 0.656 23.007
3 16 -25.957 0.383 22.891 -25.59 0.679 22.619 -25.964 1.024 22.759
3 16 -29.805 1.346 16.151 -28.422 2.051 15.748 -29.169 0.89 15.542
3 16 -29.805 1.346 16.151 -28.937 2.409 16.274 -28.422 2.051 15.748
3 16 -28.937 2.409 16.274 -29.805 1.346 16.151 -30.344 1.872 17.134
3 16 -28.937 2.409 16.274 -30.344 1.872 17.134 -29.409 3.072 17.359
3 16 -29.169 0.89 15.542 -30.737 0.019 16.004 -29.805 1.346 16.151
3 16 -29.169 0.89 15.542 -30.039 -0.493 15.398 -30.737 0.019 16.004
3 16 -29.805 1.346 16.151 -31.379 0.5 16.997 -30.344 1.872 17.134
3 16 -29.805 1.346 16.151 -30.737 0.019 16.004 -31.379 0.5 16.997
3 16 -25.957 0.383 22.891 -25.714 0.202 22.786 -25.59 0.679 22.619
3 16 -26.457 -0.357 23.278 -25.714 0.202 22.786 -25.957 0.383 22.891
3 16 -26.457 -0.357 23.278 -26.078 -0.657 23.078 -25.714 0.202 22.786
3 16 -26.457 -0.357 23.278 -26.683 -1.556 23.709 -26.078 -0.657 23.078
3 16 -26.457 -0.357 23.278 -27.017 -1.238 23.753 -26.683 -1.556 23.709
3 16 -26.683 -1.556 23.709 -26.405 -1.787 23.464 -26.078 -0.657 23.078
3 16 -27.101 5.313 14.655 -24.593 5.89 14.37 -24.989 4.734 14.052
3 16 -27.101 5.313 14.655 -26.54 6.705 14.84 -24.593 5.89 14.37
4 16 -27.465 3.964 14.636 -27.101 5.313 14.655 -24.989 4.734 14.052 -25.369 3.342 14.055
3 16 -27.465 3.964 14.636 -25.369 3.342 14.055 -27.632 2.805 14.933
3 16 -25.369 3.342 14.055 -25.391 2.09 14.42 -27.632 2.805 14.933
3 16 -23.933 7.154 14.575 -24.593 5.89 14.37 -26.54 6.705 14.84
3 16 -25.905 8.112 15.119 -23.933 7.154 14.575 -26.54 6.705 14.84
3 16 -23.933 7.154 14.575 -25.905 8.112 15.119 -23.18 8.297 14.947
3 16 -25.905 8.112 15.119 -25.056 9.383 15.374 -23.18 8.297 14.947
3 16 -26.958 9.935 15.961 -25.056 9.383 15.374 -25.905 8.112 15.119
3 16 -27.889 8.914 15.639 -26.958 9.935 15.961 -25.905 8.112 15.119
3 16 -25.905 8.112 15.119 -26.54 6.705 14.84 -27.889 8.914 15.639
3 16 -26.54 6.705 14.84 -28.769 7.35 15.314 -27.889 8.914 15.639
3 16 -26.54 6.705 14.84 -27.101 5.313 14.655 -28.769 7.35 15.314
3 16 -27.101 5.313 14.655 -29.208 5.552 15.246 -28.769 7.35 15.314
3 16 -29.208 5.552 15.246 -27.101 5.313 14.655 -27.465 3.964 14.636
3 16 -29.178 4.215 15.441 -29.208 5.552 15.246 -27.465 3.964 14.636
3 16 -29.178 4.215 15.441 -27.465 3.964 14.636 -27.632 2.805 14.933
3 16 -28.975 3.46 15.679 -29.178 4.215 15.441 -27.632 2.805 14.933
3 16 -27.889 8.914 15.639 -28.769 7.35 15.314 -29.028 7.289 16.103
3 16 -27.911 9.296 16.637 -27.889 8.914 15.639 -29.028 7.289 16.103
3 16 -28.769 7.35 15.314 -29.208 5.552 15.246 -29.028 7.289 16.103
3 16 -29.208 5.552 15.246 -29.671 5.08 16.579 -29.028 7.289 16.103
3 16 -29.208 5.552 15.246 -29.178 4.215 15.441 -29.671 5.08 16.579
3 16 -29.178 4.215 15.441 -29.409 3.072 17.359 -29.671 5.08 16.579
3 16 -26.958 9.935 15.961 -27.889 8.914 15.639 -27.911 9.296 16.637
3 16 -26.507 10.588 17.08 -26.958 9.935 15.961 -27.911 9.296 16.637
3 16 -26.507 10.588 17.08 -25.056 9.383 15.374 -26.958 9.935 15.961
3 16 -25.056 9.383 15.374 -26.507 10.588 17.08 -25.5 10.462 16.365
3 16 -24.882 10.286 16.491 -25.056 9.383 15.374 -25.5 10.462 16.365
3 16 -24.882 10.286 16.491 -24.421 10.188 16.402 -25.056 9.383 15.374
3 16 -24.421 10.188 16.402 -23.654 9.834 16.306 -25.056 9.383 15.374
3 16 -25.056 9.383 15.374 -23.654 9.834 16.306 -23.322 9.501 15.69
3 16 -23.18 8.297 14.947 -25.056 9.383 15.374 -23.322 9.501 15.69
3 16 -22.431 8.85 15.71 -23.18 8.297 14.947 -23.322 9.501 15.69
3 16 -28.975 3.46 15.679 -29.409 3.072 17.359 -29.178 4.215 15.441
3 16 -28.937 2.409 16.274 -29.409 3.072 17.359 -28.975 3.46 15.679
3 16 -27.632 2.805 14.933 -28.937 2.409 16.274 -28.975 3.46 15.679
3 16 -28.937 2.409 16.274 -27.632 2.805 14.933 -28.422 2.051 15.748
3 16 -28.422 2.051 15.748 -27.632 2.805 14.933 -27.964 1.789 15.733
3 16 -27.41 1.576 15.366 -27.964 1.789 15.733 -27.632 2.805 14.933
3 16 -27.632 2.805 14.933 -26.741 1.408 15.591 -27.41 1.576 15.366
3 16 -26.741 1.408 15.591 -27.632 2.805 14.933 -26.364 1.378 15.025
3 16 -27.632 2.805 14.933 -25.391 2.09 14.42 -26.364 1.378 15.025
3 16 -25.391 2.09 14.42 -25.241 1.387 14.942 -26.364 1.378 15.025
3 16 32.574 -5.997 19.005 32.543 -5.201 16.486 33.771 -4.079 17.052
3 16 33.816 -4.849 20.09 32.574 -5.997 19.005 33.771 -4.079 17.052
4 16 32.543 -5.201 16.486 32.574 -5.997 19.005 31.346 -7.095 17.953 31.34 -6.422 15.819
3 16 30.211 -7.906 17.099 31.34 -6.422 15.819 31.346 -7.095 17.953
3 16 30.317 -7.395 15.372 31.34 -6.422 15.819 30.211 -7.906 17.099
3 16 28.98 -8.581 16.262 30.317 -7.395 15.372 30.211 -7.906 17.099
3 16 29.184 -8.084 14.974 30.317 -7.395 15.372 28.98 -8.581 16.262
3 16 33.771 -4.079 17.052 34.392 -3.039 17.685 33.816 -4.849 20.09
3 16 33.816 -4.849 20.09 34.392 -3.039 17.685 34.691 -3.101 21.271
3 16 26.913 0.534 15.485 27.274 -1.326 15.323 26.576 0.51 14.714
3 16 26.576 0.51 14.714 27.274 -1.326 15.323 26.983 -1.46 14.368
3 16 27.904 -3.643 14.686 26.983 -1.46 14.368 27.274 -1.326 15.323
3 16 27.576 -3.712 14.043 26.983 -1.46 14.368 27.904 -3.643 14.686
3 16 27.576 -3.712 14.043 27.904 -3.643 14.686 28.322 -5.128 14.055
3 16 26.391 1.407 15.061 26.913 0.534 15.485 26.576 0.51 14.714
3 16 26.737 1.436 15.564 26.913 0.534 15.485 26.391 1.407 15.061
3 16 26.913 0.534 15.485 27.423 0.733 15.264 27.274 -1.326 15.323
3 16 27.274 -1.326 15.323 27.423 0.733 15.264 27.856 -1.329 14.677
3 16 27.274 -1.326 15.323 27.856 -1.329 14.677 27.904 -3.643 14.686
3 16 27.904 -3.643 14.686 27.856 -1.329 14.677 28.413 -3.64 14.349
3 16 28.322 -5.128 14.055 27.904 -3.643 14.686 28.413 -3.64 14.349
3 16 26.737 1.436 15.564 27.423 0.733 15.264 26.913 0.534 15.485
3 16 27.245 1.579 15.504 27.423 0.733 15.264 26.737 1.436 15.564
3 16 28.161 0.891 15.662 27.65 0.83 15.356 27.609 1.763 15.685
3 16 27.609 1.763 15.685 27.65 0.83 15.356 27.245 1.579 15.504
3 16 29.092 -0.627 15.64 27.65 0.83 15.356 28.161 0.891 15.662
3 16 28.666 -1.066 14.962 27.65 0.83 15.356 29.092 -0.627 15.64
3 16 29.092 -0.627 15.64 30.108 -2.073 15.718 28.666 -1.066 14.962
3 16 28.666 -1.066 14.962 30.108 -2.073 15.718 29.905 -2.66 15.33
3 16 30.108 -2.073 15.718 31.29 -3.408 15.8 29.905 -2.66 15.33
4 16 27.423 0.733 15.264 27.65 0.83 15.356 28.666 -1.066 14.962 27.856 -1.329 14.677
3 16 29.134 -3.313 14.752 27.856 -1.329 14.677 28.666 -1.066 14.962
3 16 29.134 -3.313 14.752 28.413 -3.64 14.349 27.856 -1.329 14.677
3 16 29.134 -3.313 14.752 28.666 -1.066 14.962 29.905 -2.66 15.33
3 16 28.413 -3.64 14.349 29.134 -3.313 14.752 29.892 -4.308 14.999
3 16 29.892 -4.308 14.999 29.134 -3.313 14.752 29.905 -2.66 15.33
3 16 28.413 -3.64 14.349 29.892 -4.308 14.999 28.322 -5.128 14.055
3 16 29.892 -4.308 14.999 29.905 -2.66 15.33 31.29 -3.408 15.8
3 16 30.845 -2.045 15.658 32.418 -2.4 16.276 31.29 -3.408 15.8
3 16 30.845 -2.045 15.658 31.234 -1.038 16.12 32.418 -2.4 16.276
3 16 31.234 -1.038 16.12 30.845 -2.045 15.658 29.629 -0.323 15.267
3 16 31.234 -1.038 16.12 29.629 -0.323 15.267 30.245 0.34 16.091
3 16 27.812 -7.261 14.352 26.824 -5.983 13.984 28.322 -5.128 14.055
3 16 27.576 -3.712 14.043 28.322 -5.128 14.055 26.824 -5.983 13.984
3 16 27.576 -3.712 14.043 26.824 -5.983 13.984 26.062 -4.223 13.939
3 16 25.55 -1.857 14.195 27.576 -3.712 14.043 26.062 -4.223 13.939
3 16 25.55 -1.857 14.195 26.983 -1.46 14.368 27.576 -3.712 14.043
3 16 26.983 -1.46 14.368 25.55 -1.857 14.195 25.382 0.304 14.654
3 16 26.983 -1.46 14.368 25.382 0.304 14.654 26.576 0.51 14.714
3 16 32.418 -2.4 16.276 32.543 -5.201 16.486 31.29 -3.408 15.8
3 16 32.418 -2.4 16.276 33.771 -4.079 17.052 32.543 -5.201 16.486
3 16 29.184 -8.084 14.974 27.812 -7.261 14.352 28.322 -5.128 14.055
3 16 29.184 -8.084 14.974 28.322 -5.128 14.055 30.317 -7.395 15.372
3 16 29.892 -4.308 14.999 30.317 -7.395 15.372 28.322 -5.128 14.055
4 16 29.892 -4.308 14.999 31.29 -3.408 15.8 32.543 -5.201 16.486 31.34 -6.422 15.819
3 16 31.34 -6.422 15.819 30.317 -7.395 15.372 29.892 -4.308 14.999
3 16 33.771 -4.079 17.052 32.418 -2.4 16.276 34.392 -3.039 17.685
3 16 32.418 -2.4 16.276 32.852 -1.568 17.141 34.392 -3.039 17.685
3 16 32.418 -2.4 16.276 31.234 -1.038 16.12 32.852 -1.568 17.141
3 16 31.234 -1.038 16.12 31.647 -0.594 16.889 32.852 -1.568 17.141
3 16 31.647 -0.594 16.889 31.234 -1.038 16.12 30.245 0.34 16.091
3 16 30.568 0.873 16.979 31.647 -0.594 16.889 30.245 0.34 16.091
3 16 30.568 0.873 16.979 30.245 0.34 16.091 29.354 1.641 16.149
3 16 29.786 2.106 17.048 30.568 0.873 16.979 29.354 1.641 16.149
3 16 29.354 1.641 16.149 30.245 0.34 16.091 28.715 1.194 15.498
3 16 29.354 1.641 16.149 28.715 1.194 15.498 28.122 2.026 15.697
3 16 28.809 2.437 16.184 29.354 1.641 16.149 28.122 2.026 15.697
3 16 29.786 2.106 17.048 29.354 1.641 16.149 28.809 2.437 16.184
3 16 30.245 0.34 16.091 29.629 -0.323 15.267 28.715 1.194 15.498
3 16 29.19 3.045 17.101 29.786 2.106 17.048 28.809 2.437 16.184
3 16 32.044 -6.287 21.886 33.147 -5.306 22.767 31.803 -5.818 24.713
3 16 33.147 -5.306 22.767 32.044 -6.287 21.886 33.816 -4.849 20.09
3 16 32.044 -6.287 21.886 32.574 -5.997 19.005 33.816 -4.849 20.09
3 16 32.044 -6.287 21.886 31.803 -5.818 24.713 30.061 -7.437 23.814
3 16 31.001 -7.21 21.103 32.044 -6.287 21.886 30.061 -7.437 23.814
4 16 32.574 -5.997 19.005 32.044 -6.287 21.886 31.001 -7.21 21.103 31.346 -7.095 17.953
4 16 31.346 -7.095 17.953 31.001 -7.21 21.103 29.891 -8.012 20.366 30.211 -7.906 17.099
3 16 30.211 -7.906 17.099 29.891 -8.012 20.366 28.656 -8.505 19.74
3 16 28.719 -8.342 23.149 28.656 -8.505 19.74 29.891 -8.012 20.366
3 16 28.719 -8.342 23.149 29.891 -8.012 20.366 30.061 -7.437 23.814
3 16 30.061 -7.437 23.814 29.891 -8.012 20.366 31.001 -7.21 21.103
3 16 30.211 -7.906 17.099 28.656 -8.505 19.74 28.98 -8.581 16.262
3 16 33.147 -5.306 22.767 32.98 -4.253 24.697 31.803 -5.818 24.713
3 16 33.147 -5.306 22.767 33.836 -4.074 23.395 32.98 -4.253 24.697
3 16 34.691 -3.101 21.271 33.147 -5.306 22.767 33.816 -4.849 20.09
3 16 34.691 -3.101 21.271 33.836 -4.074 23.395 33.147 -5.306 22.767
3 16 25.448 10.331 16.376 24.676 11.962 16.557 25.149 11.958 16.154
3 16 25.448 10.331 16.376 24.999 10.174 16.571 24.676 11.962 16.557
3 16 25.34 13.636 16.551 25.149 11.958 16.154 24.676 11.962 16.557
3 16 25.34 13.636 16.551 24.676 11.962 16.557 24.738 13.601 16.824
3 16 25.018 15.096 17.016 25.34 13.636 16.551 24.738 13.601 16.824
3 16 25.018 15.096 17.016 25.488 15.074 16.96 25.34 13.636 16.551
3 16 25.388 16.334 17.38 25.488 15.074 16.96 25.018 15.096 17.016
3 16 25.149 11.958 16.154 26.457 10.638 17.26 25.448 10.331 16.376
3 16 25.149 11.958 16.154 26.479 12.025 17.361 26.457 10.638 17.26
3 16 26.479 12.025 17.361 25.149 11.958 16.154 25.34 13.636 16.551
3 16 26.479 12.025 17.361 25.34 13.636 16.551 26.704 13.602 17.653
3 16 26.704 13.602 17.653 25.34 13.636 16.551 25.488 15.074 16.96
3 16 26.704 13.602 17.653 25.488 15.074 16.96 26.9 14.813 17.95
3 16 26.9 14.813 17.95 25.488 15.074 16.96 25.388 16.334 17.38
3 16 26.9 14.813 17.95 25.388 16.334 17.38 27.188 16 18.117
3 16 27.188 16 18.117 25.388 16.334 17.38 24.024 17.722 17.655
3 16 27.188 16 18.117 24.024 17.722 17.655 27.573 17.101 18.43
3 16 27.573 17.101 18.43 24.024 17.722 17.655 24.223 18.941 18.406
3 16 27.573 17.101 18.43 24.223 18.941 18.406 27.769 18.251 19.208
3 16 21.116 19.017 18.248 24.223 18.941 18.406 24.024 17.722 17.655
3 16 21.116 19.017 18.248 24.024 17.722 17.655 21.037 17.914 17.685
3 16 24.024 17.722 17.655 25.388 16.334 17.38 23.784 16.594 17.099
3 16 23.784 16.594 17.099 25.388 16.334 17.38 24.538 15.102 16.71
3 16 23.784 16.594 17.099 24.538 15.102 16.71 23.662 15.309 16.595
3 16 23.662 15.309 16.595 24.538 15.102 16.71 24.226 13.827 16.51
3 16 23.662 15.309 16.595 24.226 13.827 16.51 23.577 13.857 16.304
3 16 23.577 13.857 16.304 24.226 13.827 16.51 24.14 11.982 16.167
3 16 23.577 13.857 16.304 24.14 11.982 16.167 23.844 11.951 16.051
3 16 23.577 13.857 16.304 23.844 11.951 16.051 23.489 11.914 16.027
3 16 24.231 10.053 16.289 23.489 11.914 16.027 23.844 11.951 16.051
3 16 23.844 11.951 16.051 24.14 11.982 16.167 24.231 10.053 16.289
3 16 23.577 13.857 16.304 23.489 11.914 16.027 23.035 13.92 16.232
3 16 23.662 15.309 16.595 23.577 13.857 16.304 23.035 13.92 16.232
3 16 23.662 15.309 16.595 23.035 13.92 16.232 22.485 15.627 16.644
3 16 23.784 16.594 17.099 23.662 15.309 16.595 22.485 15.627 16.644
4 16 23.784 16.594 17.099 22.485 15.627 16.644 20.985 16.788 17.218 24.024 17.722 17.655
3 16 21.037 17.914 17.685 24.024 17.722 17.655 20.985 16.788 17.218
3 16 22.485 15.627 16.644 20.95 15.278 16.735 20.985 16.788 17.218
3 16 22.485 15.627 16.644 21.971 13.583 16.217 20.95 15.278 16.735
3 16 21.971 13.583 16.217 20.952 13.222 16.195 20.95 15.278 16.735
3 16 20.952 13.222 16.195 21.971 13.583 16.217 22.526 11.38 15.938
3 16 21.409 11.132 15.711 20.952 13.222 16.195 22.526 11.38 15.938
3 16 22.583 8.878 15.819 21.409 11.132 15.711 22.526 11.38 15.938
3 16 23.458 9.526 15.892 22.583 8.878 15.819 22.526 11.38 15.938
3 16 23.495 -0.621 16.662 23.237 -0.143 16.617 23.8 1.015 15.885
3 16 25.382 0.304 14.654 23.495 -0.621 16.662 23.8 1.015 15.885
3 16 23.495 -0.621 16.662 25.382 0.304 14.654 25.55 -1.857 14.195
3 16 24.219 -2.939 16.581 23.495 -0.621 16.662 25.55 -1.857 14.195
3 16 24.219 -2.939 16.581 25.55 -1.857 14.195 26.062 -4.223 13.939
3 16 24.929 -5.079 16.381 24.219 -2.939 16.581 26.062 -4.223 13.939
3 16 24.929 -5.079 16.381 26.062 -4.223 13.939 26.824 -5.983 13.984
3 16 25.892 -6.635 16.27 24.929 -5.079 16.381 26.824 -5.983 13.984
3 16 25.892 -6.635 16.27 26.824 -5.983 13.984 27.812 -7.261 14.352
3 16 27.355 -8.146 16.134 25.892 -6.635 16.27 27.812 -7.261 14.352
3 16 27.355 -8.146 16.134 27.812 -7.261 14.352 29.184 -8.084 14.974
3 16 28.98 -8.581 16.262 27.355 -8.146 16.134 29.184 -8.084 14.974
3 16 23.8 1.015 15.885 25.295 1.415 14.996 25.382 0.304 14.654
3 16 23.8 1.015 15.885 24.571 2.668 15.03 25.295 1.415 14.996
3 16 24.571 2.668 15.03 25.344 2.11 14.427 25.295 1.415 14.996
3 16 25.304 3.371 14.135 25.344 2.11 14.427 24.571 2.668 15.03
3 16 24.692 3.285 14.769 25.304 3.371 14.135 24.571 2.668 15.03
4 16 25.304 3.371 14.135 24.692 3.285 14.769 24.435 4.644 14.607 24.959 4.763 14.062
3 16 24.959 4.763 14.062 24.435 4.644 14.607 24.429 5.981 14.326
4 16 24.429 5.981 14.326 24.435 4.644 14.607 23.847 5.823 14.897 23.894 7.182 14.57
4 16 23.894 7.182 14.57 23.847 5.823 14.897 23.174 7.04 15.453 23.068 8.453 15.289
3 16 23.174 7.04 15.453 22.488 8 16.327 23.068 8.453 15.289
3 16 22.488 8 16.327 22.583 8.878 15.819 23.068 8.453 15.289
3 16 22.488 8 16.327 21.458 8.471 17.581 22.583 8.878 15.819
3 16 21.458 8.471 17.581 21.409 11.132 15.711 22.583 8.878 15.819
3 16 21.409 11.132 15.711 21.458 8.471 17.581 20.102 9.447 19.25
3 16 21.458 8.471 17.581 20.266 8.541 18.971 20.102 9.447 19.25
3 16 21.409 11.132 15.711 20.102 9.447 19.25 19.984 10.643 19.524
3 16 21.409 11.132 15.711 19.984 10.643 19.524 20.952 13.222 16.195
3 16 19.984 10.643 19.524 19.783 12.439 19.895 20.952 13.222 16.195
3 16 20.952 13.222 16.195 19.783 12.439 19.895 20.95 15.278 16.735
3 16 19.783 12.439 19.895 19.74 14.384 20.322 20.95 15.278 16.735
3 16 20.95 15.278 16.735 19.74 14.384 20.322 19.759 16.028 20.574
3 16 20.985 16.788 17.218 20.95 15.278 16.735 19.759 16.028 20.574
3 16 20.985 16.788 17.218 19.759 16.028 20.574 21.037 17.914 17.685
3 16 19.759 16.028 20.574 19.926 17.674 20.823 21.037 17.914 17.685
3 16 21.037 17.914 17.685 19.926 17.674 20.823 21.116 19.017 18.248
3 16 19.926 17.674 20.823 20.545 19.188 21.059 21.116 19.017 18.248
3 16 24.608 12.527 25.997 24.411 10.903 25.364 25.297 10.901 24.96
3 16 25.69 12.507 25.712 24.608 12.527 25.997 25.297 10.901 24.96
3 16 24.785 14.115 26.641 24.608 12.527 25.997 25.69 12.507 25.712
3 16 26.054 14.015 26.604 24.785 14.115 26.641 25.69 12.507 25.712
3 16 25.297 10.901 24.96 24.411 10.903 25.364 24.325 9.644 24.583
3 16 25.005 9.682 24.213 25.297 10.901 24.96 24.325 9.644 24.583
3 16 24.325 9.644 24.583 24.246 8.521 23.862 25.005 9.682 24.213
3 16 24.246 8.521 23.862 24.882 8.691 23.45 25.005 9.682 24.213
3 16 26.054 14.015 26.604 26.209 15.185 26.721 24.785 14.115 26.641
3 16 26.209 15.185 26.721 24.561 15.491 27.127 24.785 14.115 26.641
3 16 26.209 15.185 26.721 26.341 16.376 26.28 24.561 15.491 27.127
3 16 26.341 16.376 26.28 23.051 17.45 25.642 24.561 15.491 27.127
3 16 24.561 15.491 27.127 23.051 17.45 25.642 22.666 15.817 26.379
3 16 22.666 15.817 26.379 23.051 17.45 25.642 20.089 16.206 24.649
3 16 23.051 17.45 25.642 20.204 17.805 24.377 20.089 16.206 24.649
3 16 22.666 15.817 26.379 20.089 16.206 24.649 20.022 14.702 24.529
4 16 22.566 14.354 26.131 22.666 15.817 26.379 20.022 14.702 24.529 20.049 13.185 24.378
3 16 22.566 14.354 26.131 20.049 13.185 24.378 21.046 13.071 25.066
3 16 20.049 13.185 24.378 20.937 11.038 24.14 21.046 13.071 25.066
3 16 20.155 11.291 23.784 20.937 11.038 24.14 20.049 13.185 24.378
3 16 22.397 12.93 25.578 22.566 14.354 26.131 21.046 13.071 25.066
3 16 21.046 13.071 25.066 22.005 11.063 24.665 22.397 12.93 25.578
3 16 22.397 12.93 25.578 22.005 11.063 24.665 22.493 11.074 24.888
4 16 22.397 12.93 25.578 22.493 11.074 24.888 23.023 11.052 25.001 23.378 12.821 25.764
3 16 22.566 14.354 26.131 22.397 12.93 25.578 23.378 12.821 25.764
3 16 22.566 14.354 26.131 23.378 12.821 25.764 23.919 14.25 26.489
3 16 20.393 9.891 23.011 20.937 11.038 24.14 20.155 11.291 23.784
3 16 20.393 9.891 23.011 21.271 9.763 23.447 20.937 11.038 24.14
3 16 23.023 11.052 25.001 22.493 11.074 24.888 22.73 9.876 24.063
3 16 23.023 11.052 25.001 22.73 9.876 24.063 23.075 9.875 24.02
3 16 23.075 9.875 24.02 22.73 9.876 24.063 23.033 8.591 23.195
3 16 22.73 9.876 24.063 22.441 9.889 23.956 23.033 8.591 23.195
3 16 22.493 11.074 24.888 22.441 9.889 23.956 22.73 9.876 24.063
3 16 22.493 11.074 24.888 22.005 11.063 24.665 22.441 9.889 23.956
3 16 20.672 8.685 22.109 21.271 9.763 23.447 20.393 9.891 23.011
3 16 20.672 8.685 22.109 21.854 8.214 22.555 21.271 9.763 23.447
3 16 21.462 8.076 22.32 21.854 8.214 22.555 20.672 8.685 22.109
3 16 21.462 8.076 22.32 20.672 8.685 22.109 20.817 8.035 21.495
3 16 23.919 14.25 26.489 22.666 15.817 26.379 22.566 14.354 26.131
3 16 23.919 14.25 26.489 24.561 15.491 27.127 22.666 15.817 26.379
3 16 24.411 10.903 25.364 24.037 12.87 25.458 23.762 11.086 24.657
3 16 24.411 10.903 25.364 24.608 12.527 25.997 24.037 12.87 25.458
3 16 24.608 12.527 25.997 24.299 14.225 26.31 24.037 12.87 25.458
3 16 24.608 12.527 25.997 24.785 14.115 26.641 24.299 14.225 26.31
3 16 24.325 9.644 24.583 24.411 10.903 25.364 23.762 11.086 24.657
3 16 24.325 9.644 24.583 23.762 11.086 24.657 23.644 9.865 23.939
3 16 23.644 9.865 23.939 24.246 8.521 23.862 24.325 9.644 24.583
3 16 23.644 9.865 23.939 23.562 8.691 23.414 24.246 8.521 23.862
3 16 24.785 14.115 26.641 24.561 15.491 27.127 24.299 14.225 26.31
3 16 24.037 12.87 25.458 23.919 14.25 26.489 23.378 12.821 25.764
3 16 24.037 12.87 25.458 24.299 14.225 26.31 23.919 14.25 26.489
4 16 23.762 11.086 24.657 24.037 12.87 25.458 23.378 12.821 25.764 23.023 11.052 25.001
3 16 23.023 11.052 25.001 23.075 9.875 24.02 23.762 11.086 24.657
3 16 23.075 9.875 24.02 23.644 9.865 23.939 23.762 11.086 24.657
3 16 23.562 8.691 23.414 23.644 9.865 23.939 23.075 9.875 24.02
3 16 23.033 8.591 23.195 23.562 8.691 23.414 23.075 9.875 24.02
3 16 24.299 14.225 26.31 24.561 15.491 27.127 23.919 14.25 26.489
3 16 22.005 11.063 24.665 21.046 13.071 25.066 21.6 11.122 24.207
3 16 22.441 9.889 23.956 22.005 11.063 24.665 21.6 11.122 24.207
3 16 22.024 9.907 23.496 22.441 9.889 23.956 21.6 11.122 24.207
3 16 22.441 9.889 23.956 22.024 9.907 23.496 23.033 8.591 23.195
3 16 22.024 9.907 23.496 22.482 8.461 22.798 23.033 8.591 23.195
3 16 20.937 11.038 24.14 21.6 11.122 24.207 21.046 13.071 25.066
3 16 21.6 11.122 24.207 20.937 11.038 24.14 21.271 9.763 23.447
3 16 22.024 9.907 23.496 21.6 11.122 24.207 21.271 9.763 23.447
3 16 22.024 9.907 23.496 21.271 9.763 23.447 22.482 8.461 22.798
3 16 21.271 9.763 23.447 21.854 8.214 22.555 22.482 8.461 22.798
3 16 25.224 0.758 22.18 24.855 0.486 21.961 25.458 -1.708 22.646
3 16 25.793 -1.526 23.221 25.224 0.758 22.18 25.458 -1.708 22.646
4 16 25.793 -1.526 23.221 25.458 -1.708 22.646 25.98 -3.667 23.007 26.36 -3.538 23.66
3 16 26.36 -3.538 23.66 25.98 -3.667 23.007 26.591 -5.639 23.506
3 16 25.69 12.507 25.712 26.654 13.982 23.759 26.054 14.015 26.604
3 16 26.054 14.015 26.604 26.654 13.982 23.759 26.834 14.952 24.216
4 16 26.834 14.952 24.216 26.654 13.982 23.759 27.73 14.88 22.231 28.082 15.891 22.37
3 16 26.654 13.982 23.759 27.339 13.744 22.014 27.73 14.88 22.231
3 16 26.834 14.952 24.216 26.209 15.185 26.721 26.054 14.015 26.604
3 16 26.834 14.952 24.216 26.952 15.943 24.44 26.209 15.185 26.721
3 16 28.082 15.891 22.37 26.952 15.943 24.44 26.834 14.952 24.216
3 16 26.341 16.376 26.28 26.209 15.185 26.721 26.952 15.943 24.44
3 16 26.341 16.376 26.28 26.952 15.943 24.44 27.076 17.357 24.658
4 16 28.262 17.123 22.451 27.076 17.357 24.658 26.952 15.943 24.44 28.082 15.891 22.37
3 16 28.262 17.123 22.451 28.193 18.584 22.519 27.076 17.357 24.658
3 16 26.654 13.982 23.759 25.69 12.507 25.712 26.005 12.035 23.729
3 16 27.339 13.744 22.014 26.654 13.982 23.759 26.005 12.035 23.729
3 16 26.005 12.035 23.729 25.69 12.507 25.712 25.297 10.901 24.96
3 16 25.487 10.441 23.61 26.005 12.035 23.729 25.297 10.901 24.96
3 16 25.487 10.441 23.61 25.297 10.901 24.96 25.005 9.682 24.213
3 16 24.882 8.691 23.45 25.487 10.441 23.61 25.005 9.682 24.213
3 16 27.769 18.251 19.208 28.193 18.584 22.519 28.262 17.123 22.451
3 16 27.573 17.101 18.43 27.769 18.251 19.208 28.262 17.123 22.451
3 16 27.573 17.101 18.43 28.262 17.123 22.451 28.082 15.891 22.37
3 16 27.188 16 18.117 27.573 17.101 18.43 28.082 15.891 22.37
3 16 27.188 16 18.117 28.082 15.891 22.37 27.73 14.88 22.231
3 16 26.9 14.813 17.95 27.188 16 18.117 27.73 14.88 22.231
3 16 26.995 13.118 19.274 26.9 14.813 17.95 27.73 14.88 22.231
3 16 27.339 13.744 22.014 26.995 13.118 19.274 27.73 14.88 22.231
3 16 26.704 13.602 17.653 26.9 14.813 17.95 26.995 13.118 19.274
3 16 26.77 12.446 18.643 26.704 13.602 17.653 26.995 13.118 19.274
3 16 26.479 12.025 17.361 26.704 13.602 17.653 26.77 12.446 18.643
3 16 26.457 10.638 17.26 26.479 12.025 17.361 26.77 12.446 18.643
3 16 25.018 15.096 17.016 24.538 15.102 16.71 25.388 16.334 17.38
4 16 24.538 15.102 16.71 25.018 15.096 17.016 24.738 13.601 16.824 24.226 13.827 16.51
3 16 24.226 13.827 16.51 24.738 13.601 16.824 24.14 11.982 16.167
3 16 24.14 11.982 16.167 24.738 13.601 16.824 24.676 11.962 16.557
3 16 24.14 11.982 16.167 24.676 11.962 16.557 24.231 10.053 16.289
3 16 24.231 10.053 16.289 24.676 11.962 16.557 24.999 10.174 16.571
3 16 22.485 15.627 16.644 23.035 13.92 16.232 22.477 13.778 16.495
3 16 23.035 13.92 16.232 23.489 11.914 16.027 22.477 13.778 16.495
3 16 22.477 13.778 16.495 23.489 11.914 16.027 23.028 11.619 16.479
3 16 23.489 11.914 16.027 24.231 10.053 16.289 23.028 11.619 16.479
3 16 23.028 11.619 16.479 24.231 10.053 16.289 23.889 9.917 16.311
3 16 23.028 11.619 16.479 23.889 9.917 16.311 22.526 11.38 15.938
3 16 22.526 11.38 15.938 23.889 9.917 16.311 23.458 9.526 15.892
3 16 22.526 11.38 15.938 21.971 13.583 16.217 23.028 11.619 16.479
3 16 23.028 11.619 16.479 21.971 13.583 16.217 22.477 13.778 16.495
3 16 22.485 15.627 16.644 22.477 13.778 16.495 21.971 13.583 16.217
3 16 28.193 18.584 22.519 27.769 18.251 19.208 24.149 19.256 21.743
3 16 24.149 19.256 21.743 27.769 18.251 19.208 24.223 18.941 18.406
3 16 24.223 18.941 18.406 21.116 19.017 18.248 24.149 19.256 21.743
3 16 24.149 19.256 21.743 21.116 19.017 18.248 20.545 19.188 21.059
3 16 23.608 18.413 23.774 27.076 17.357 24.658 24.149 19.256 21.743
3 16 24.149 19.256 21.743 27.076 17.357 24.658 28.193 18.584 22.519
3 16 23.608 18.413 23.774 23.051 17.45 25.642 27.076 17.357 24.658
3 16 20.545 19.188 21.059 23.608 18.413 23.774 24.149 19.256 21.743
3 16 20.343 18.682 22.967 23.608 18.413 23.774 20.545 19.188 21.059
3 16 20.343 18.682 22.967 20.204 17.805 24.377 23.608 18.413 23.774
3 16 23.608 18.413 23.774 20.204 17.805 24.377 23.051 17.45 25.642
3 16 27.076 17.357 24.658 23.051 17.45 25.642 26.341 16.376 26.28
3 16 20.343 18.682 22.967 19.926 17.674 20.823 20.204 17.805 24.377
4 16 20.089 16.206 24.649 20.204 17.805 24.377 19.926 17.674 20.823 19.759 16.028 20.574
3 16 20.343 18.682 22.967 20.545 19.188 21.059 19.926 17.674 20.823
3 16 20.022 14.702 24.529 19.759 16.028 20.574 19.74 14.384 20.322
3 16 20.089 16.206 24.649 19.759 16.028 20.574 20.022 14.702 24.529
3 16 20.022 14.702 24.529 19.74 14.384 20.322 20.049 13.185 24.378
3 16 19.74 14.384 20.322 20.155 11.291 23.784 20.049 13.185 24.378
3 16 19.74 14.384 20.322 19.783 12.439 19.895 20.155 11.291 23.784
3 16 19.783 12.439 19.895 20.393 9.891 23.011 20.155 11.291 23.784
3 16 19.783 12.439 19.895 19.984 10.643 19.524 20.393 9.891 23.011
3 16 19.984 10.643 19.524 20.672 8.685 22.109 20.393 9.891 23.011
3 16 19.984 10.643 19.524 20.102 9.447 19.25 20.672 8.685 22.109
3 16 20.102 9.447 19.25 20.817 8.035 21.495 20.672 8.685 22.109
3 16 20.102 9.447 19.25 20.266 8.541 18.971 20.817 8.035 21.495
3 16 23.141 5.075 23.851 25.899 3.05 24.156 24.875 5.785 24.479
3 16 23.141 5.075 23.851 24.168 2.388 23.442 25.899 3.05 24.156
3 16 21.472 4.289 23.358 24.168 2.388 23.442 23.141 5.075 23.851
3 16 21.472 4.289 23.358 22.478 1.731 22.734 24.168 2.388 23.442
3 16 24.875 5.785 24.479 22.851 6.644 23.6 23.141 5.075 23.851
3 16 24.875 5.785 24.479 24.472 7.371 24.259 22.851 6.644 23.6
4 16 23.141 5.075 23.851 22.851 6.644 23.6 21.321 6.033 23.142 21.472 4.289 23.358
3 16 22.851 6.644 23.6 21.419 7.461 22.714 21.321 6.033 23.142
3 16 22.666 7.945 23.178 21.419 7.461 22.714 22.851 6.644 23.6
4 16 22.666 7.945 23.178 22.851 6.644 23.6 24.472 7.371 24.259 24.246 8.521 23.862
3 16 22.666 7.945 23.178 21.854 8.214 22.555 21.419 7.461 22.714
3 16 21.854 8.214 22.555 22.666 7.945 23.178 22.482 8.461 22.798
3 16 22.666 7.945 23.178 23.033 8.591 23.195 22.482 8.461 22.798
3 16 23.033 8.591 23.195 22.666 7.945 23.178 23.562 8.691 23.414
3 16 22.666 7.945 23.178 24.246 8.521 23.862 23.562 8.691 23.414
3 16 21.419 7.461 22.714 21.854 8.214 22.555 21.462 8.076 22.32
3 16 21.321 6.033 23.142 21.081 6.467 22.285 21.178 5.255 22.3
3 16 21.321 6.033 23.142 21.419 7.461 22.714 21.081 6.467 22.285
3 16 21.081 6.467 22.285 21.419 7.461 22.714 20.973 7.278 21.977
3 16 21.419 7.461 22.714 21.462 8.076 22.32 20.973 7.278 21.977
3 16 20.973 7.278 21.977 21.462 8.076 22.32 20.817 8.035 21.495
3 16 21.321 6.033 23.142 21.178 5.255 22.3 21.472 4.289 23.358
3 16 21.472 4.289 23.358 21.178 5.255 22.3 21.281 4.163 22.647
3 16 21.281 4.163 22.647 22.478 1.731 22.734 21.472 4.289 23.358
3 16 22.131 2.005 22.013 22.478 1.731 22.734 21.281 4.163 22.647
3 16 22.131 2.005 22.013 23.154 0.745 22.048 22.478 1.731 22.734
3 16 22.672 1.207 20.978 23.154 0.745 22.048 22.131 2.005 22.013
3 16 23.154 0.745 22.048 22.672 1.207 20.978 23.163 0.625 20.326
3 16 23.163 0.625 20.326 23.786 0.152 21.121 23.154 0.745 22.048
3 16 23.654 0.057 20.886 23.786 0.152 21.121 23.163 0.625 20.326
3 16 23.654 0.057 20.886 23.163 0.625 20.326 23.586 -0.419 18.729
3 16 23.586 -0.419 18.729 23.163 0.625 20.326 23.216 0.007 18.639
3 16 23.216 0.007 18.639 23.495 -0.621 16.662 23.586 -0.419 18.729
3 16 23.237 -0.143 16.617 23.495 -0.621 16.662 23.216 0.007 18.639
3 16 23.586 -0.419 18.729 24.345 -2.848 19.29 23.654 0.057 20.886
3 16 23.654 0.057 20.886 24.345 -2.848 19.29 24.211 -2.215 22.228
3 16 24.211 -2.215 22.228 24.345 -2.848 19.29 24.926 -4.624 22.718
3 16 24.926 -4.624 22.718 24.345 -2.848 19.29 25.031 -4.849 19.379
4 16 25.031 -4.849 19.379 24.345 -2.848 19.29 24.219 -2.939 16.581 24.929 -5.079 16.381
3 16 23.586 -0.419 18.729 23.495 -0.621 16.662 24.219 -2.939 16.581
3 16 24.345 -2.848 19.29 23.586 -0.419 18.729 24.219 -2.939 16.581
4 16 26.088 -6.551 19.333 25.031 -4.849 19.379 24.929 -5.079 16.381 25.892 -6.635 16.27
4 16 27.362 -7.856 19.384 26.088 -6.551 19.333 25.892 -6.635 16.27 27.355 -8.146 16.134
3 16 28.98 -8.581 16.262 27.362 -7.856 19.384 27.355 -8.146 16.134
3 16 28.656 -8.505 19.74 27.362 -7.856 19.384 28.98 -8.581 16.262
4 16 25.031 -4.849 19.379 26.088 -6.551 19.333 25.953 -6.255 22.857 24.926 -4.624 22.718
3 16 25.953 -6.255 22.857 26.088 -6.551 19.333 27.362 -7.856 19.384
3 16 25.953 -6.255 22.857 27.362 -7.856 19.384 27.184 -7.544 23.218
4 16 27.184 -7.544 23.218 27.362 -7.856 19.384 28.656 -8.505 19.74 28.719 -8.342 23.149
3 16 23.154 0.745 22.048 24.853 1.463 22.879 24.168 2.388 23.442
3 16 22.478 1.731 22.734 23.154 0.745 22.048 24.168 2.388 23.442
3 16 25.899 3.05 24.156 24.168 2.388 23.442 24.853 1.463 22.879
3 16 26.513 2.181 23.556 25.899 3.05 24.156 24.853 1.463 22.879
3 16 26.513 2.181 23.556 24.853 1.463 22.879 26.523 1.327 23.201
3 16 27.066 1.551 23.252 26.513 2.181 23.556 26.523 1.327 23.201
3 16 24.853 1.463 22.879 25.77 0.984 22.648 26.523 1.327 23.201
3 16 25.77 0.984 22.648 24.853 1.463 22.879 25.224 0.758 22.18
3 16 24.853 1.463 22.879 24.855 0.486 21.961 25.224 0.758 22.18
3 16 24.853 1.463 22.879 24.463 0.401 21.706 24.855 0.486 21.961
3 16 24.853 1.463 22.879 23.154 0.745 22.048 24.463 0.401 21.706
3 16 23.154 0.745 22.048 23.786 0.152 21.121 24.463 0.401 21.706
3 16 24.983 7.729 23.668 24.882 8.691 23.45 24.246 8.521 23.862
3 16 24.472 7.371 24.259 24.983 7.729 23.668 24.246 8.521 23.862
3 16 24.983 7.729 23.668 24.472 7.371 24.259 25.448 5.877 23.861
3 16 24.472 7.371 24.259 24.875 5.785 24.479 25.448 5.877 23.861
3 16 24.875 5.785 24.479 26.118 4.087 23.796 25.448 5.877 23.861
3 16 25.899 3.05 24.156 26.118 4.087 23.796 24.875 5.785 24.479
3 16 25.899 3.05 24.156 26.513 2.181 23.556 26.118 4.087 23.796
3 16 27.623 2.123 22.864 26.118 4.087 23.796 26.513 2.181 23.556
3 16 27.442 1.62 23.173 27.623 2.123 22.864 26.513 2.181 23.556
3 16 26.513 2.181 23.556 27.066 1.551 23.252 27.442 1.62 23.173
3 16 29.314 1.615 22.052 27.623 2.123 22.864 27.442 1.62 23.173
3 16 28.658 0.239 23.9 29.314 1.615 22.052 27.442 1.62 23.173
3 16 29.314 1.615 22.052 28.658 0.239 23.9 30.57 0.154 22.609
3 16 30.57 0.154 22.609 28.658 0.239 23.9 29.96 -1.091 24.593
3 16 31.345 -0.812 22.961 30.57 0.154 22.609 29.96 -1.091 24.593
3 16 30.57 0.154 22.609 31.345 -0.812 22.961 32.221 0.424 20.961
3 16 31.345 -0.812 22.961 32.929 -0.488 21.036 32.221 0.424 20.961
3 16 32.929 -0.488 21.036 31.345 -0.812 22.961 32.166 -1.734 23.117
3 16 33.64 -1.381 21.162 32.929 -0.488 21.036 32.166 -1.734 23.117
3 16 33.64 -1.381 21.162 32.166 -1.734 23.117 32.866 -2.743 23.252
3 16 34.235 -2.071 21.249 33.64 -1.381 21.162 32.866 -2.743 23.252
3 16 34.235 -2.071 21.249 32.866 -2.743 23.252 34.691 -3.101 21.271
4 16 33.836 -4.074 23.395 34.691 -3.101 21.271 32.866 -2.743 23.252 32.98 -4.253 24.697
3 16 32.98 -4.253 24.697 32.866 -2.743 23.252 31.994 -3.329 25.367
3 16 29.96 -1.091 24.593 30.978 -2.236 25.118 31.345 -0.812 22.961
3 16 31.345 -0.812 22.961 30.978 -2.236 25.118 32.166 -1.734 23.117
3 16 32.166 -1.734 23.117 30.978 -2.236 25.118 32.866 -2.743 23.252
3 16 32.866 -2.743 23.252 30.978 -2.236 25.118 31.994 -3.329 25.367
3 16 32.221 0.424 20.961 31.501 1.332 21.137 30.57 0.154 22.609
3 16 30.57 0.154 22.609 31.501 1.332 21.137 29.314 1.615 22.052
3 16 28.715 1.194 15.498 28.161 0.891 15.662 28.122 2.026 15.697
3 16 28.122 2.026 15.697 28.161 0.891 15.662 27.609 1.763 15.685
3 16 28.715 1.194 15.498 29.092 -0.627 15.64 28.161 0.891 15.662
3 16 29.629 -0.323 15.267 29.092 -0.627 15.64 28.715 1.194 15.498
3 16 29.629 -0.323 15.267 30.108 -2.073 15.718 29.092 -0.627 15.64
3 16 30.845 -2.045 15.658 30.108 -2.073 15.718 29.629 -0.323 15.267
3 16 30.108 -2.073 15.718 30.845 -2.045 15.658 31.29 -3.408 15.8
3 16 34.691 -3.101 21.271 34.392 -3.039 17.685 34.235 -2.071 21.249
3 16 34.235 -2.071 21.249 34.392 -3.039 17.685 32.852 -1.568 17.141
3 16 32.852 -1.568 17.141 33.64 -1.381 21.162 34.235 -2.071 21.249
3 16 33.64 -1.381 21.162 32.852 -1.568 17.141 32.929 -0.488 21.036
3 16 32.929 -0.488 21.036 32.852 -1.568 17.141 31.647 -0.594 16.889
4 16 32.221 0.424 20.961 32.929 -0.488 21.036 31.647 -0.594 16.889 30.568 0.873 16.979
3 16 32.221 0.424 20.961 30.568 0.873 16.979 29.786 2.106 17.048
3 16 29.786 2.106 17.048 31.501 1.332 21.137 32.221 0.424 20.961
3 16 29.786 2.106 17.048 29.19 3.045 17.101 31.501 1.332 21.137
3 16 24.211 -2.215 22.228 24.463 0.401 21.706 23.786 0.152 21.121
3 16 24.211 -2.215 22.228 25.012 -1.844 22.928 24.463 0.401 21.706
3 16 24.211 -2.215 22.228 25.596 -3.979 23.13 25.012 -1.844 22.928
3 16 24.211 -2.215 22.228 24.926 -4.624 22.718 25.596 -3.979 23.13
3 16 24.211 -2.215 22.228 23.786 0.152 21.121 23.654 0.057 20.886
3 16 25.458 -1.708 22.646 24.463 0.401 21.706 25.012 -1.844 22.928
3 16 25.458 -1.708 22.646 24.855 0.486 21.961 24.463 0.401 21.706
3 16 25.012 -1.844 22.928 25.596 -3.979 23.13 25.98 -3.667 23.007
3 16 25.98 -3.667 23.007 25.596 -3.979 23.13 26.591 -5.639 23.506
3 16 28.719 -8.342 23.149 29.068 -6.24 24.423 27.184 -7.544 23.218
3 16 28.719 -8.342 23.149 30.061 -7.437 23.814 29.068 -6.24 24.423
4 16 29.068 -6.24 24.423 30.061 -7.437 23.814 31.803 -5.818 24.713 30.651 -4.516 25.354
3 16 29.068 -6.24 24.423 30.651 -4.516 25.354 28.891 -3.86 24.675
3 16 27.81 -4.804 24.146 29.068 -6.24 24.423 28.891 -3.86 24.675
3 16 27.81 -4.804 24.146 28.891 -3.86 24.675 27.639 -2.75 24.284
3 16 26.36 -3.538 23.66 27.81 -4.804 24.146 27.639 -2.75 24.284
3 16 25.793 -1.526 23.221 26.36 -3.538 23.66 27.639 -2.75 24.284
3 16 26.434 -1.002 23.546 25.793 -1.526 23.221 27.639 -2.75 24.284
3 16 26.591 -5.639 23.506 29.068 -6.24 24.423 27.81 -4.804 24.146
3 16 26.591 -5.639 23.506 27.81 -4.804 24.146 26.36 -3.538 23.66
3 16 27.184 -7.544 23.218 29.068 -6.24 24.423 26.591 -5.639 23.506
3 16 25.953 -6.255 22.857 27.184 -7.544 23.218 26.591 -5.639 23.506
3 16 24.926 -4.624 22.718 25.953 -6.255 22.857 26.591 -5.639 23.506
3 16 25.596 -3.979 23.13 24.926 -4.624 22.718 26.591 -5.639 23.506
3 16 25.793 -1.526 23.221 26.434 -1.002 23.546 25.224 0.758 22.18
3 16 31.803 -5.818 24.713 32.98 -4.253 24.697 31.994 -3.329 25.367
3 16 30.651 -4.516 25.354 31.803 -5.818 24.713 31.994 -3.329 25.367
4 16 29.851 -3.023 25.093 30.651 -4.516 25.354 31.994 -3.329 25.367 30.978 -2.236 25.118
3 16 30.978 -2.236 25.118 29.96 -1.091 24.593 29.851 -3.023 25.093
3 16 29.851 -3.023 25.093 29.96 -1.091 24.593 28.842 -1.787 24.85
3 16 29.96 -1.091 24.593 28.658 0.239 23.9 28.842 -1.787 24.85
3 16 28.842 -1.787 24.85 28.658 0.239 23.9 27.595 -0.173 24.239
4 16 27.595 -0.173 24.239 28.658 0.239 23.9 27.442 1.62 23.173 27.066 1.551 23.252
3 16 27.595 -0.173 24.239 27.066 1.551 23.252 26.523 1.327 23.201
3 16 28.33 -2.222 24.024 27.595 -0.173 24.239 27.11 -0.557 23.276
3 16 28.33 -2.222 24.024 28.842 -1.787 24.85 27.595 -0.173 24.239
3 16 28.842 -1.787 24.85 28.33 -2.222 24.024 29.326 -3.382 24.533
3 16 28.842 -1.787 24.85 29.326 -3.382 24.533 29.851 -3.023 25.093
3 16 29.851 -3.023 25.093 29.326 -3.382 24.533 30.651 -4.516 25.354
3 16 27.11 -0.557 23.276 27.595 -0.173 24.239 26.523 1.327 23.201
3 16 27.11 -0.557 23.276 26.523 1.327 23.201 25.77 0.984 22.648
3 16 28.33 -2.222 24.024 26.434 -1.002 23.546 27.639 -2.75 24.284
3 16 28.33 -2.222 24.024 27.11 -0.557 23.276 26.434 -1.002 23.546
3 16 27.639 -2.75 24.284 29.326 -3.382 24.533 28.33 -2.222 24.024
3 16 27.639 -2.75 24.284 28.891 -3.86 24.675 29.326 -3.382 24.533
3 16 29.326 -3.382 24.533 28.891 -3.86 24.675 30.651 -4.516 25.354
3 16 26.434 -1.002 23.546 27.11 -0.557 23.276 25.77 0.984 22.648
3 16 26.434 -1.002 23.546 25.77 0.984 22.648 25.224 0.758 22.18
3 16 26.172 6.638 14.715 24.959 4.763 14.062 24.429 5.981 14.326
4 16 26.704 5.252 14.549 24.959 4.763 14.062 26.172 6.638 14.715 28.441 7.444 15.397
3 16 27.049 3.878 14.544 24.959 4.763 14.062 26.704 5.252 14.549
3 16 25.304 3.371 14.135 24.959 4.763 14.062 27.049 3.878 14.544
3 16 27.049 3.878 14.544 25.344 2.11 14.427 25.304 3.371 14.135
3 16 27.225 2.378 14.971 25.344 2.11 14.427 27.049 3.878 14.544
4 16 26.172 6.638 14.715 24.429 5.981 14.326 23.894 7.182 14.57 25.559 8.024 14.996
3 16 25.559 8.024 14.996 23.894 7.182 14.57 23.068 8.453 15.289
3 16 25.559 8.024 14.996 23.068 8.453 15.289 24.668 9.466 15.597
3 16 23.458 9.526 15.892 24.668 9.466 15.597 23.068 8.453 15.289
3 16 23.458 9.526 15.892 23.068 8.453 15.289 22.583 8.878 15.819
3 16 24.668 9.466 15.597 23.458 9.526 15.892 23.889 9.917 16.311
3 16 24.668 9.466 15.597 23.889 9.917 16.311 24.231 10.053 16.289
3 16 24.231 10.053 16.289 24.999 10.174 16.571 24.668 9.466 15.597
3 16 24.999 10.174 16.571 25.448 10.331 16.376 24.668 9.466 15.597
3 16 25.448 10.331 16.376 26.6 10.14 16.132 24.668 9.466 15.597
3 16 25.448 10.331 16.376 26.457 10.638 17.26 26.6 10.14 16.132
3 16 26.6 10.14 16.132 26.457 10.638 17.26 27.81 9.332 16.573
3 16 26.6 10.14 16.132 27.81 9.332 16.573 27.63 8.976 15.72
3 16 27.63 8.976 15.72 27.81 9.332 16.573 28.844 7.467 16.19
3 16 27.63 8.976 15.72 28.844 7.467 16.19 28.441 7.444 15.397
3 16 28.844 7.467 16.19 28.936 5.726 15.364 28.441 7.444 15.397
3 16 28.844 7.467 16.19 29.526 5.261 16.457 28.936 5.726 15.364
3 16 29.526 5.261 16.457 29.068 4.281 15.514 28.936 5.726 15.364
3 16 29.526 5.261 16.457 29.19 3.045 17.101 29.068 4.281 15.514
3 16 26.6 10.14 16.132 25.559 8.024 14.996 24.668 9.466 15.597
3 16 26.6 10.14 16.132 27.63 8.976 15.72 25.559 8.024 14.996
3 16 27.63 8.976 15.72 26.172 6.638 14.715 25.559 8.024 14.996
3 16 27.63 8.976 15.72 28.441 7.444 15.397 26.172 6.638 14.715
3 16 26.704 5.252 14.549 28.441 7.444 15.397 28.936 5.726 15.364
3 16 29.068 4.281 15.514 27.049 3.878 14.544 28.936 5.726 15.364
3 16 28.936 5.726 15.364 27.049 3.878 14.544 26.704 5.252 14.549
3 16 28.81 3.16 15.708 27.049 3.878 14.544 29.068 4.281 15.514
3 16 29.19 3.045 17.101 28.81 3.16 15.708 29.068 4.281 15.514
3 16 27.225 2.378 14.971 27.049 3.878 14.544 28.81 3.16 15.708
3 16 29.19 3.045 17.101 28.809 2.437 16.184 28.81 3.16 15.708
3 16 27.225 2.378 14.971 28.81 3.16 15.708 28.122 2.026 15.697
3 16 28.122 2.026 15.697 28.81 3.16 15.708 28.809 2.437 16.184
3 16 27.225 2.378 14.971 28.122 2.026 15.697 27.609 1.763 15.685
3 16 27.245 1.579 15.504 27.225 2.378 14.971 27.609 1.763 15.685
3 16 27.245 1.579 15.504 26.391 1.407 15.061 27.225 2.378 14.971
3 16 26.737 1.436 15.564 26.391 1.407 15.061 27.245 1.579 15.504
3 16 26.391 1.407 15.061 25.344 2.11 14.427 27.225 2.378 14.971
3 16 25.295 1.415 14.996 25.344 2.11 14.427 26.391 1.407 15.061
3 16 -23.545 -0.309 16.981 -25.241 1.387 14.942 -24.649 1.485 15.306
3 16 -24.091 -0.625 16.908 -25.241 1.387 14.942 -23.545 -0.309 16.981
3 16 26.576 0.51 14.714 25.382 0.304 14.654 26.391 1.407 15.061
3 16 26.391 1.407 15.061 25.382 0.304 14.654 25.295 1.415 14.996
3 16 27.65 0.83 15.356 27.423 0.733 15.264 27.245 1.579 15.504
3 16 25.458 -1.708 22.646 25.012 -1.844 22.928 25.98 -3.667 23.007

0 // Edge_Colour
2 24 -31.379 0.5 16.997 -32.149 -0.522 17.066
2 24 26.062 -4.223 13.939 25.55 -1.857 14.195
2 24 23.163 0.625 20.326 23.216 0.007 18.639
2 24 -27.053 -5.457 23.705 -26.246 -3.929 23.347
2 24 -30.81 -4.722 25.343 -29.161 -3.966 24.814
2 24 -24.357 15.513 26.903 -23.573 14.272 26.33
2 24 -24.43 13.71 16.556 -24.381 11.954 16.308
2 24 -22.699 11.519 15.776 -22.203 13.465 16.078
2 24 21.419 7.461 22.714 21.321 6.033 23.142
2 24 21.472 4.289 23.358 21.321 6.033 23.142
2 24 -24.115 5.504 14.49 -23.593 6.62 14.595
2 24 30.061 -7.437 23.814 28.719 -8.342 23.149
2 24 -27.527 -0.977 23.747 -28.499 -2.319 24.193
2 24 -29.512 -3.635 24.671 -28.499 -2.319 24.193
2 24 -26.457 -0.357 23.278 -25.957 0.383 22.891
2 24 -25.391 2.09 14.42 -25.369 3.342 14.055
2 24 -27.964 1.789 15.733 -28.422 2.051 15.748
2 24 27.576 -3.712 14.043 28.322 -5.128 14.055
2 24 28.715 1.194 15.498 29.629 -0.323 15.267
2 24 28.98 -8.581 16.262 28.656 -8.505 19.74
2 24 26.9 14.813 17.95 26.704 13.602 17.653
2 24 27.639 -2.75 24.284 28.891 -3.86 24.675
2 24 -26.422 -6.091 23.016 -25.55 -4.494 22.818
2 24 27.81 9.332 16.573 26.457 10.638 17.26
2 24 -30.961 -6.871 24.159 -29.68 -7.936 23.363
2 24 -30.025 -3.252 25.156 -30.81 -4.722 25.343
2 24 -23.993 8.493 23.842 -23.961 9.481 24.457
2 24 -24.357 15.513 26.903 -24.124 14.241 26.246
2 24 -24.951 10.75 24.759 -25.348 12.418 25.443
2 24 -24.742 8.663 23.548 -24.664 9.675 24.149
2 24 -21.675 11.217 15.691 -21.261 13.193 15.968
2 24 -29.056 -1.331 15.022 -28.027 0.289 15.164
2 24 22.482 8.461 22.798 21.854 8.214 22.555
2 24 -29.525 -0.912 15.516 -30.477 -2.26 15.585
2 24 -29.208 5.552 15.246 -28.769 7.35 15.314
2 24 33.771 -4.079 17.052 32.543 -5.201 16.486
2 24 31.34 -6.422 15.819 32.543 -5.201 16.486
2 24 28.666 -1.066 14.962 27.65 0.83 15.356
2 24 -25.634 15.046 17.321 -25.737 16.232 17.775
2 24 -20.301 9.498 23.287 -20.049 11.097 24.15
2 24 -23.18 8.297 14.947 -22.431 8.85 15.71
2 24 -25.4 -0.435 14.478 -25.241 1.387 14.942
2 24 23.889 9.917 16.311 23.028 11.619 16.479
2 24 -25.15 4.894 24.669 -24.721 6.584 24.623
2 24 32.574 -5.997 19.005 33.816 -4.849 20.09
2 24 26.824 -5.983 13.984 26.062 -4.223 13.939
2 24 27.623 2.123 22.864 26.118 4.087 23.796
2 24 -23.977 -0.068 21.397 -23.315 0.405 22.44
2 24 -21.439 5.441 23.958 -21.393 6.553 23.676
2 24 28.844 7.467 16.19 27.81 9.332 16.573
2 24 -29.169 0.89 15.542 -30.039 -0.493 15.398
2 24 -27.41 1.576 15.366 -27.964 1.789 15.733
2 24 23.174 7.04 15.453 23.847 5.823 14.897
2 24 -26.795 12.587 18.496 -26.909 13.078 19.182
2 24 24.325 9.644 24.583 24.411 10.903 25.364
2 24 -25.638 -2.284 23.106 -25.179 -0.934 22.702
2 24 25.005 9.682 24.213 25.297 10.901 24.96
2 24 -32.281 -5.597 24.673 -30.961 -6.871 24.159
2 24 -21.693 11.221 24.775 -21.315 12.847 25.607
2 24 -22.229 11.06 25.163 -21.315 12.847 25.607
2 24 -24.664 9.675 24.149 -24.951 10.75 24.759
2 24 -24.767 10.619 16.504 -24.654 11.935 16.735
2 24 26.434 -1.002 23.546 27.639 -2.75 24.284
2 24 -23.322 9.501 15.69 -22.699 11.519 15.776
2 24 21.081 6.467 22.285 21.178 5.255 22.3
2 24 31.346 -7.095 17.953 32.574 -5.997 19.005
2 24 24.926 -4.624 22.718 25.953 -6.255 22.857
2 24 27.188 16 18.117 26.9 14.813 17.95
2 24 -27.598 -2.076 15.049 -28.07 -3.772 14.568
2 24 -27.272 -2.105 14.242 -27.735 -3.832 13.924
2 24 -26.389 0.656 23.007 -26.876 0.024 23.3
2 24 -25.369 3.342 14.055 -24.989 4.734 14.052
2 24 33.836 -4.074 23.395 34.691 -3.101 21.271
2 24 -26.741 1.408 15.591 -27.41 1.576 15.366
2 24 30.108 -2.073 15.718 29.092 -0.627 15.64
2 24 28.413 -3.64 14.349 27.856 -1.329 14.677
2 24 29.184 -8.084 14.974 27.812 -7.261 14.352
2 24 -23.965 -0.147 20.449 -23.977 -0.068 21.397
2 24 -27.167 1.523 23.273 -26.72 2.003 23.53
2 24 -25.89 3.177 24.255 -25.15 4.894 24.669
2 24 -34.935 -3.691 21.067 -34.058 -5.387 19.35
2 24 26.054 14.015 26.604 25.69 12.507 25.712
2 24 25.297 10.901 24.96 25.69 12.507 25.712
2 24 -23.424 8.462 23.676 -23.993 8.493 23.842
2 24 -20.901 8.059 22.007 -21.485 8.12 22.822
2 24 -25.608 -0.673 22.376 -25.327 0.041 22.132
2 24 27.769 18.251 19.208 28.193 18.584 22.519
2 24 -25.075 14.998 17.443 -25.374 16.297 17.841
2 24 -28.111 -1.84 14.623 -27.659 0.175 15.056
2 24 23.033 8.591 23.195 23.562 8.691 23.414
2 24 -21.363 3.98 22.145 -21.728 2.867 21.977
2 24 24.246 8.521 23.862 24.882 8.691 23.45
2 24 25.149 11.958 16.154 25.448 10.331 16.376
2 24 29.786 2.106 17.048 30.568 0.873 16.979
2 24 -27.911 9.296 16.637 -29.028 7.289 16.103
2 24 23.8 1.015 15.885 23.237 -0.143 16.617
2 24 22.488 8 16.327 23.174 7.04 15.453
2 24 24.561 15.491 27.127 24.299 14.225 26.31
2 24 28.658 0.239 23.9 29.96 -1.091 24.593
2 24 26.209 15.185 26.721 26.054 14.015 26.604
2 24 20.204 17.805 24.377 20.343 18.682 22.967
2 24 -22.633 9.473 24.266 -22.229 11.06 25.163
2 24 -26.11 -2.065 22.887 -25.608 -0.673 22.376
2 24 -27.529 16.992 19.013 -27.103 15.906 18.583
2 24 28.842 -1.787 24.85 27.595 -0.173 24.239
2 24 -19.739 18.452 23.938 -20.056 19.12 22.529
2 24 -24.289 8.161 24.137 -24.558 7.431 24.453
2 24 -24.721 6.584 24.623 -24.558 7.431 24.453
2 24 -29.041 -0.095 24.116 -28.358 0.668 23.719
2 24 -24.655 -3.383 16.516 -25.155 -4.902 16.299
2 24 -25.964 1.024 22.759 -26.389 0.656 23.007
2 24 29.905 -2.66 15.33 28.666 -1.066 14.962
2 24 25.34 13.636 16.551 25.149 11.958 16.154
2 24 30.211 -7.906 17.099 31.346 -7.095 17.953
2 24 22.024 9.907 23.496 21.6 11.122 24.207
2 24 -24.211 10.884 25.134 -24.387 12.435 25.844
2 24 -26.405 -1.787 23.464 -26.078 -0.657 23.078
2 24 -19.741 14.514 25.258 -19.895 12.839 24.907
2 24 -24.723 15.074 17.071 -25.012 16.363 17.538
2 24 -26.364 1.378 15.025 -26.713 -0.076 14.671
2 24 24.959 4.763 14.062 25.304 3.371 14.135
2 24 22.583 8.878 15.819 23.068 8.453 15.289
2 24 24.561 15.491 27.127 24.785 14.115 26.641
2 24 -29.35 1.789 22.227 -31.071 1.544 20.383
2 24 23.762 11.086 24.657 24.037 12.87 25.458
2 24 -26.457 -0.357 23.278 -27.017 -1.238 23.753
2 24 -29.178 4.215 15.441 -29.208 5.552 15.246
2 24 31.29 -3.408 15.8 30.108 -2.073 15.718
2 24 28.322 -5.128 14.055 28.413 -3.64 14.349
2 24 30.317 -7.395 15.372 29.184 -8.084 14.974
2 24 24.472 7.371 24.259 24.246 8.521 23.862
2 24 -19.769 17.548 25.056 -19.739 18.452 23.938
2 24 25.224 0.758 22.18 26.434 -1.002 23.546
2 24 23.894 7.182 14.57 24.429 5.981 14.326
2 24 22.477 13.778 16.495 22.485 15.627 16.644
2 24 20.817 8.035 21.495 20.672 8.685 22.109
2 24 27.442 1.62 23.173 28.658 0.239 23.9
2 24 30.978 -2.236 25.118 31.994 -3.329 25.367
2 24 -20.534 8.062 19.389 -22.743 7.358 15.825
2 24 -24.623 4.398 14.409 -24.701 3.23 14.658
2 24 -26.31 11.146 17.183 -26.421 12.257 17.489
2 24 28.891 -3.86 24.675 30.651 -4.516 25.354
2 24 -23.933 7.154 14.575 -23.18 8.297 14.947
2 24 29.851 -3.023 25.093 28.842 -1.787 24.85
2 24 -26.008 16.541 26.302 -22.842 17.276 26.07
2 24 -26.049 11.904 24.103 -25.313 10.334 23.663
2 24 26.005 12.035 23.729 25.487 10.441 23.61
2 24 -27.805 -0.619 24.297 -28.904 -1.848 24.836
2 24 -29.409 3.072 17.359 -29.671 5.08 16.579
2 24 31.29 -3.408 15.8 29.905 -2.66 15.33
2 24 29.629 -0.323 15.267 30.845 -2.045 15.658
2 24 27.339 13.744 22.014 26.995 13.118 19.274
2 24 20.266 8.541 18.971 21.458 8.471 17.581
2 24 20.393 9.891 23.011 20.155 11.291 23.784
2 24 26.77 12.446 18.643 26.995 13.118 19.274
2 24 23.028 11.619 16.479 22.477 13.778 16.495
2 24 -23.961 9.481 24.457 -24.211 10.884 25.134
2 24 -26.62 -3.697 23.492 -26.11 -2.065 22.887
2 24 -24.649 1.485 15.306 -23.545 -0.309 16.981
2 24 25.488 15.074 16.96 25.34 13.636 16.551
2 24 26.118 4.087 23.796 25.448 5.877 23.861
2 24 28.98 -8.581 16.262 30.211 -7.906 17.099
2 24 -26.42 1.244 23.443 -26.722 0.823 23.648
2 24 27.904 -3.643 14.686 27.274 -1.326 15.323
2 24 28.122 2.026 15.697 28.715 1.194 15.498
2 24 -22.984 11.526 16.61 -22.544 13.472 16.548
2 24 -24.593 5.89 14.37 -23.933 7.154 14.575
2 24 -20.988 17.886 17.565 -21.011 16.76 17.053
2 24 -24.368 -1.176 21.258 -24.986 -2.771 22.335
2 24 -34.242 -4.446 22.978 -34.935 -3.691 21.067
2 24 -24.124 14.241 26.246 -23.906 12.687 25.541
2 24 26.341 16.376 26.28 27.076 17.357 24.658
2 24 -25.63 13.963 26.124 -25.789 15.325 26.539
2 24 -26.889 -3.5 23.841 -26.405 -1.787 23.464
2 24 -27.826 18.298 23.235 -26.812 17.207 25.008
2 24 -26.008 16.541 26.302 -26.812 17.207 25.008
2 24 -21.261 13.193 15.968 -21.011 15.047 16.41
2 24 -34.414 -3.463 17.307 -33.708 -4.382 16.508
2 24 26.36 -3.538 23.66 25.793 -1.526 23.221
2 24 25.55 -1.857 14.195 25.382 0.304 14.654
2 24 25.295 1.415 14.996 25.382 0.304 14.654
2 24 20.022 14.702 24.529 20.089 16.206 24.649
2 24 -28.027 0.289 15.164 -27.41 1.576 15.366
2 24 -27.659 0.175 15.056 -27.41 1.576 15.366
2 24 -21.158 4.507 21.614 -21.066 4.89 21.435
2 24 -30.039 -0.493 15.398 -30.963 -1.832 15.55
2 24 24.231 10.053 16.289 23.489 11.914 16.027
2 24 24.14 11.982 16.167 24.226 13.827 16.51
2 24 -26.943 13.448 21.004 -26.049 11.904 24.103
2 24 23.919 14.25 26.489 24.561 15.491 27.127
2 24 23.644 9.865 23.939 23.762 11.086 24.657
2 24 23.075 9.875 24.02 23.023 11.052 25.001
2 24 -33.094 -4.502 24.48 -34.242 -4.446 22.978
2 24 -25.431 10.823 16.419 -25.381 12.124 16.506
2 24 21.854 8.214 22.555 21.271 9.763 23.447
2 24 -25.425 13.608 16.904 -25.381 12.124 16.506
2 24 -25.586 17.42 18.148 -25.374 16.297 17.841
2 24 -25.179 -0.934 22.702 -24.914 -0.136 22.343
2 24 -23.977 -0.068 21.397 -24.823 0.268 22.286
2 24 -24.914 -0.136 22.343 -24.823 0.268 22.286
2 24 -27.998 -2.615 24.376 -29.161 -3.966 24.814
2 24 -29.68 -7.936 23.363 -28.896 -8.18 22.907
2 24 -27.543 1.592 23.192 -27.167 1.523 23.273
2 24 -26.42 1.244 23.443 -27.167 1.523 23.273
2 24 22.485 15.627 16.644 21.971 13.583 16.217
2 24 -21.158 11.078 24.791 -21.315 12.847 25.607
2 24 -21.88 8.095 23.155 -21.484 9.344 24.189
2 24 -24.387 12.435 25.844 -24.572 14.103 26.438
2 24 -24.742 8.663 23.548 -23.993 8.493 23.842
2 24 -25.195 0.377 22.301 -25.59 0.679 22.619
2 24 -25.714 0.202 22.786 -25.59 0.679 22.619
2 24 -27.053 -5.457 23.705 -26.889 -3.5 23.841
2 24 -27.826 18.298 23.235 -27.59 18.43 21.561
2 24 -27.642 18.224 19.834 -27.59 18.43 21.561
2 24 -26.507 10.588 17.08 -26.675 11.683 17.7
2 24 -24.433 10.545 16.36 -24.381 11.954 16.308
2 24 -24.421 10.188 16.402 -24.433 10.545 16.36
2 24 -26.705 14.735 18.165 -27.103 15.906 18.583
2 24 -26.507 10.588 17.08 -26.31 11.146 17.183
2 24 -23.632 11.893 16.072 -23.177 13.788 16.154
2 24 -22.076 15.267 16.661 -22.544 13.472 16.548
2 24 23.654 0.057 20.886 23.786 0.152 21.121
2 24 -20.049 11.097 24.15 -19.895 12.839 24.907
2 24 -21.869 3.585 23.833 -21.439 5.441 23.958
2 24 30.651 -4.516 25.354 29.851 -3.023 25.093
2 24 30.651 -4.516 25.354 29.326 -3.382 24.533
2 24 -26.72 2.003 23.53 -25.89 3.177 24.255
2 24 -25.195 0.377 22.301 -24.823 0.268 22.286
2 24 28.122 2.026 15.697 28.809 2.437 16.184
2 24 27.245 1.579 15.504 27.65 0.83 15.356
2 24 -29.056 -1.331 15.022 -30.022 -2.626 15.154
2 24 -31.316 -3.399 15.368 -30.022 -2.626 15.154
2 24 -29.104 -8.489 15.601 -28.994 -8.472 19.291
2 24 -28.896 -8.18 22.907 -28.994 -8.472 19.291
2 24 -28.422 2.051 15.748 -29.169 0.89 15.542
2 24 -22.331 1.358 19.918 -22.819 0.666 19.297
2 24 -23.322 9.501 15.69 -23.654 9.834 16.306
2 24 24.429 5.981 14.326 24.959 4.763 14.062
2 24 -28.937 2.409 16.274 -29.409 3.072 17.359
2 24 27.576 -3.712 14.043 26.983 -1.46 14.368
2 24 27.856 -1.329 14.677 27.423 0.733 15.264
2 24 27.245 1.579 15.504 27.423 0.733 15.264
2 24 27.245 1.579 15.504 27.609 1.763 15.685
2 24 22.441 9.889 23.956 22.005 11.063 24.665
2 24 26.576 0.51 14.714 26.983 -1.46 14.368
2 24 23.562 8.691 23.414 24.246 8.521 23.862
2 24 -22.743 7.358 15.825 -23.593 6.62 14.595
2 24 28.719 -8.342 23.149 28.656 -8.505 19.74
2 24 24.463 0.401 21.706 24.855 0.486 21.961
2 24 25.388 16.334 17.38 25.018 15.096 17.016
2 24 24.226 13.827 16.51 24.538 15.102 16.71
2 24 22.485 15.627 16.644 23.035 13.92 16.232
2 24 22.583 8.878 15.819 21.409 11.132 15.711
2 24 31.647 -0.594 16.889 32.852 -1.568 17.141
2 24 24.463 0.401 21.706 23.786 0.152 21.121
2 24 28.98 -8.581 16.262 29.184 -8.084 14.974
2 24 27.066 1.551 23.252 27.442 1.62 23.173
2 24 21.178 5.255 22.3 21.281 4.163 22.647
2 24 26.479 12.025 17.361 26.704 13.602 17.653
2 24 -22.174 1.717 21.194 -21.728 2.867 21.977
2 24 23.033 8.591 23.195 23.075 9.875 24.02
2 24 27.188 16 18.117 27.573 17.101 18.43
2 24 -25.5 10.462 16.365 -25.431 10.823 16.419
2 24 -25.586 17.42 18.148 -25.737 16.232 17.775
2 24 23.033 8.591 23.195 22.441 9.889 23.956
2 24 26.457 10.638 17.26 26.77 12.446 18.643
2 24 23.889 9.917 16.311 23.458 9.526 15.892
2 24 -32.281 -5.597 24.673 -33.094 -4.502 24.48
2 24 -20.901 8.059 22.007 -20.301 9.498 23.287
2 24 -25.348 12.418 25.443 -25.63 13.963 26.124
2 24 -22.087 9.5 23.897 -21.693 11.221 24.775
2 24 -25.327 0.041 22.132 -25.195 0.377 22.301
2 24 -27.053 -5.457 23.705 -26.62 -3.697 23.492
2 24 21.462 8.076 22.32 21.854 8.214 22.555
2 24 27.609 1.763 15.685 28.122 2.026 15.697
2 24 -29.104 -8.489 15.601 -30.583 -7.925 16.241
2 24 20.952 13.222 16.195 21.409 11.132 15.711
2 24 20.049 13.185 24.378 20.022 14.702 24.529
2 24 -24.623 4.398 14.409 -24.115 5.504 14.49
2 24 25.295 1.415 14.996 26.391 1.407 15.061
2 24 -31.316 -3.399 15.368 -30.477 -2.26 15.585
2 24 -26.741 1.408 15.591 -27.111 -0.047 15.446
2 24 -29.27 -7.761 14.503 -27.154 -5.914 13.92
2 24 -34.414 -3.463 17.307 -32.986 -1.54 17.122
2 24 -29.409 3.072 17.359 -30.344 1.872 17.134
2 24 -26.876 0.024 23.3 -27.527 -0.977 23.747
2 24 -25.964 1.024 22.759 -26.42 1.244 23.443
2 24 -28.937 2.409 16.274 -28.422 2.051 15.748
2 24 -30.344 1.872 17.134 -31.379 0.5 16.997
2 24 -27.889 8.914 15.639 -28.769 7.35 15.314
2 24 28.322 -5.128 14.055 27.904 -3.643 14.686
2 24 24.299 14.225 26.31 24.037 12.87 25.458
2 24 30.845 -2.045 15.658 31.29 -3.408 15.8
2 24 29.19 3.045 17.101 28.809 2.437 16.184
2 24 23.847 5.823 14.897 24.435 4.644 14.607
2 24 -25.012 16.363 17.538 -25.586 17.42 18.148
2 24 24.211 -2.215 22.228 23.654 0.057 20.886
2 24 -24.421 10.188 16.402 -23.632 11.893 16.072
2 24 -21.762 15.237 16.409 -22.203 13.465 16.078
2 24 -22.331 1.358 19.918 -22.174 1.717 21.194
2 24 -24.989 4.734 14.052 -24.593 5.89 14.37
2 24 25.596 -3.979 23.13 26.591 -5.639 23.506
2 24 -27.154 -5.914 13.92 -26.408 -4.204 13.808
2 24 -34.935 -3.691 21.067 -34.414 -3.463 17.307
2 24 -23.424 8.462 23.676 -22.911 8.336 23.481
2 24 -25.083 7.7 23.921 -25.45 6.114 24.163
2 24 -26.219 4.059 23.97 -25.45 6.114 24.163
2 24 -27.837 1.262 23.356 -27.543 1.592 23.192
2 24 -29.041 -0.095 24.116 -30.125 -1.281 24.699
2 24 -31.157 -2.483 25.262 -30.125 -1.281 24.699
2 24 24.231 10.053 16.289 24.14 11.982 16.167
2 24 24.855 0.486 21.961 25.458 -1.708 22.646
2 24 23.154 0.745 22.048 22.478 1.731 22.734
2 24 22.583 8.878 15.819 23.458 9.526 15.892
2 24 25.388 16.334 17.38 25.488 15.074 16.96
2 24 31.501 1.332 21.137 29.19 3.045 17.101
2 24 26.523 1.327 23.201 27.066 1.551 23.252
2 24 -21.363 3.98 22.145 -21.158 4.507 21.614
2 24 22.478 1.731 22.734 21.472 4.289 23.358
2 24 34.691 -3.101 21.271 33.816 -4.849 20.09
2 24 21.116 19.017 18.248 24.223 18.941 18.406
2 24 22.482 8.461 22.798 22.024 9.907 23.496
2 24 26.591 -5.639 23.506 26.36 -3.538 23.66
2 24 24.692 3.285 14.769 24.571 2.668 15.03
2 24 -26.568 13.523 17.758 -26.705 14.735 18.165
2 24 -25.5 10.462 16.365 -26.507 10.588 17.08
2 24 -23.654 9.834 16.306 -22.984 11.526 16.61
2 24 -22.134 16.735 16.825 -22.076 15.267 16.661
2 24 23.786 0.152 21.121 23.154 0.745 22.048
2 24 25.77 0.984 22.648 26.523 1.327 23.201
2 24 24.926 -4.624 22.718 24.211 -2.215 22.228
2 24 -24.649 1.485 15.306 -24.701 3.23 14.658
2 24 -26.316 -6.726 16.028 -25.155 -4.902 16.299
2 24 -21.461 7.468 23.187 -21.393 6.553 23.676
2 24 -24.742 8.663 23.548 -25.083 7.7 23.921
2 24 26.391 1.407 15.061 26.576 0.51 14.714
2 24 -28.588 0.524 15.587 -29.525 -0.912 15.516
2 24 27.184 -7.544 23.218 25.953 -6.255 22.857
2 24 -26.741 1.408 15.591 -26.364 1.378 15.025
2 24 -29.104 -8.489 15.601 -26.316 -6.726 16.028
2 24 -29.409 3.072 17.359 -31.071 1.544 20.383
2 24 -30.81 -4.722 25.343 -29.512 -3.635 24.671
2 24 -26.958 9.935 15.961 -27.889 8.914 15.639
2 24 -22.431 8.85 15.71 -23.322 9.501 15.69
2 24 26.457 10.638 17.26 26.479 12.025 17.361
2 24 -29.028 7.289 16.103 -29.671 5.08 16.579
2 24 21.037 17.914 17.685 20.985 16.788 17.218
2 24 -29.27 -7.761 14.503 -30.452 -7.114 14.848
2 24 -31.988 -5.949 15.59 -30.452 -7.114 14.848
2 24 25.344 2.11 14.427 25.295 1.415 14.996
2 24 -24.787 13.526 17.052 -24.654 11.935 16.735
2 24 -24.882 10.286 16.491 -25.5 10.462 16.365
2 24 24.608 12.527 25.997 24.411 10.903 25.364
2 24 -27.017 -1.238 23.753 -27.998 -2.615 24.376
2 24 24.999 10.174 16.571 24.676 11.962 16.557
2 24 23.889 9.917 16.311 24.231 10.053 16.289
2 24 -27.161 0.275 23.856 -27.805 -0.619 24.297
2 24 -23.424 8.462 23.676 -23.436 9.488 24.121
2 24 -23.436 9.488 24.121 -23.697 11.1 24.787
2 24 -23.573 14.272 26.33 -23.235 12.552 25.86
2 24 -23.09 11.024 25.16 -23.235 12.552 25.86
2 24 -22.911 8.336 23.481 -22.863 9.472 24.317
2 24 -19.779 15.986 25.36 -19.741 14.514 25.258
2 24 -26.078 -0.657 23.078 -25.714 0.202 22.786
2 24 -27.529 16.992 19.013 -27.642 18.224 19.834
2 24 -24.723 15.074 17.071 -24.43 13.71 16.556
2 24 -22.134 16.735 16.825 -22.653 15.265 16.385
2 24 23.033 8.591 23.195 22.482 8.461 22.798
2 24 20.973 7.278 21.977 21.081 6.467 22.285
2 24 24.571 2.668 15.03 23.8 1.015 15.885
2 24 30.568 0.873 16.979 31.647 -0.594 16.889
2 24 25.344 2.11 14.427 25.304 3.371 14.135
2 24 24.435 4.644 14.607 24.692 3.285 14.769
2 24 -28.111 -1.84 14.623 -28.622 -3.545 14.304
2 24 23.378 12.821 25.764 23.023 11.052 25.001
2 24 -21.092 5.84 22.057 -20.945 6.958 21.76
2 24 23.562 8.691 23.414 23.644 9.865 23.939
2 24 -31.316 -3.399 15.368 -30.963 -1.832 15.55
2 24 -23.965 -0.147 20.449 -24.368 -1.176 21.258
2 24 34.392 -3.039 17.685 33.771 -4.079 17.052
2 24 34.691 -3.101 21.271 34.392 -3.039 17.685
2 24 26.824 -5.983 13.984 27.812 -7.261 14.352
2 24 28.719 -8.342 23.149 27.184 -7.544 23.218
2 24 -25.425 13.608 16.904 -25.634 15.046 17.321
2 24 23.237 -0.143 16.617 23.216 0.007 18.639
2 24 -22.134 16.735 16.825 -21.762 15.237 16.409
2 24 24.983 7.729 23.668 25.448 5.877 23.861
2 24 24.246 8.521 23.862 24.325 9.644 24.583
2 24 30.978 -2.236 25.118 29.96 -1.091 24.593
2 24 -25.897 -2.504 14.054 -25.4 -0.435 14.478
2 24 25.77 0.984 22.648 27.11 -0.557 23.276
2 24 25.224 0.758 22.18 25.77 0.984 22.648
2 24 -23.993 8.493 23.842 -24.289 8.161 24.137
2 24 -21.057 18.989 18.183 -20.564 19.234 20.081
2 24 -20.056 19.12 22.529 -20.564 19.234 20.081
2 24 21.116 19.017 18.248 21.037 17.914 17.685
2 24 -27.724 2.095 22.919 -26.219 4.059 23.97
2 24 26.737 1.436 15.564 27.245 1.579 15.504
2 24 -21.484 9.344 24.189 -21.158 11.078 24.791
2 24 -28.358 0.668 23.719 -27.837 1.262 23.356
2 24 -32.215 -6.769 17.491 -34.058 -5.387 19.35
2 24 -24.882 10.286 16.491 -24.767 10.619 16.504
2 24 20.545 19.188 21.059 21.116 19.017 18.248
2 24 -23.697 11.1 24.787 -23.906 12.687 25.541
2 24 -22.863 9.472 24.317 -23.09 11.024 25.16
2 24 -22.911 8.336 23.481 -22.633 9.473 24.266
2 24 -21.88 8.095 23.155 -21.485 8.12 22.822
2 24 -24.742 8.663 23.548 -25.313 10.334 23.663
2 24 -20.988 17.886 17.565 -21.057 18.989 18.183
2 24 -22.431 8.85 15.71 -21.675 11.217 15.691
2 24 -29.104 -8.489 15.601 -29.27 -7.761 14.503
2 24 23.068 8.453 15.289 23.894 7.182 14.57
2 24 -26.675 11.683 17.7 -26.795 12.587 18.496
2 24 20.155 11.291 23.784 20.049 13.185 24.378
2 24 23.919 14.25 26.489 23.378 12.821 25.764
2 24 24.882 8.691 23.45 25.487 10.441 23.61
2 24 24.785 14.115 26.641 24.608 12.527 25.997
2 24 26.341 16.376 26.28 26.209 15.185 26.721
2 24 28.33 -2.222 24.024 27.11 -0.557 23.276
2 24 24.538 15.102 16.71 25.388 16.334 17.38
2 24 24.983 7.729 23.668 24.882 8.691 23.45
2 24 20.95 15.278 16.735 20.985 16.788 17.218
2 24 24.999 10.174 16.571 24.231 10.053 16.289
2 24 24.472 7.371 24.259 24.875 5.785 24.479
2 24 21.462 8.076 22.32 21.419 7.461 22.714
2 24 24.738 13.601 16.824 24.676 11.962 16.557
2 24 26.457 10.638 17.26 25.448 10.331 16.376
2 24 27.066 1.551 23.252 26.513 2.181 23.556
2 24 26.513 2.181 23.556 25.899 3.05 24.156
2 24 26.737 1.436 15.564 26.391 1.407 15.061
2 24 33.836 -4.074 23.395 32.98 -4.253 24.697
2 24 24.999 10.174 16.571 25.448 10.331 16.376
2 24 20.952 13.222 16.195 20.95 15.278 16.735
2 24 25.224 0.758 22.18 24.855 0.486 21.961
2 24 22.131 2.005 22.013 22.672 1.207 20.978
2 24 -30.583 -7.925 16.241 -32.215 -6.769 17.491
2 24 -25.075 14.998 17.443 -24.787 13.526 17.052
2 24 -26.246 -3.929 23.347 -25.638 -2.284 23.106
2 24 24.882 8.691 23.45 25.005 9.682 24.213
2 24 20.545 19.188 21.059 20.343 18.682 22.967
2 24 -25.789 15.325 26.539 -26.008 16.541 26.302
2 24 26.523 1.327 23.201 27.595 -0.173 24.239
2 24 20.817 8.035 21.495 20.973 7.278 21.977
2 24 -26.421 12.257 17.489 -26.568 13.523 17.758
2 24 -23.654 9.834 16.306 -24.421 10.188 16.402
2 24 -27.642 18.224 19.834 -24.164 18.933 18.613
2 24 -21.057 18.989 18.183 -24.164 18.933 18.613
2 24 27.609 1.763 15.685 28.161 0.891 15.662
2 24 29.092 -0.627 15.64 28.161 0.891 15.662
2 24 -25.897 -2.504 14.054 -26.408 -4.204 13.808
2 24 -21.485 8.12 22.822 -21.461 7.468 23.187
2 24 29.526 5.261 16.457 28.844 7.467 16.19
2 24 -29.35 1.789 22.227 -27.724 2.095 22.919
2 24 20.937 11.038 24.14 21.046 13.071 25.066
2 24 22.005 11.063 24.665 21.046 13.071 25.066
2 24 -26.713 -0.076 14.671 -27.272 -2.105 14.242
2 24 -28.975 3.46 15.679 -29.178 4.215 15.441
2 24 -26.507 10.588 17.08 -27.911 9.296 16.637
2 24 22.131 2.005 22.013 21.281 4.163 22.647
2 24 31.803 -5.818 24.713 30.061 -7.437 23.814
2 24 32.852 -1.568 17.141 34.392 -3.039 17.685
2 24 29.19 3.045 17.101 29.786 2.106 17.048
2 24 24.223 18.941 18.406 27.769 18.251 19.208
2 24 20.089 16.206 24.649 20.204 17.805 24.377
2 24 23.051 17.45 25.642 20.204 17.805 24.377
2 24 32.98 -4.253 24.697 31.803 -5.818 24.713
2 24 25.899 3.05 24.156 24.875 5.785 24.479
2 24 22.526 11.38 15.938 21.971 13.583 16.217
2 24 23.458 9.526 15.892 22.526 11.38 15.938
2 24 22.672 1.207 20.978 23.163 0.625 20.326
2 24 21.046 13.071 25.066 21.6 11.122 24.207
2 24 21.271 9.763 23.447 20.937 11.038 24.14
2 24 24.738 13.601 16.824 25.018 15.096 17.016
2 24 -28.896 -8.18 22.907 -26.422 -6.091 23.016
2 24 -28.904 -1.848 24.836 -30.025 -3.252 25.156
2 24 -26.722 0.823 23.648 -27.161 0.275 23.856
2 24 20.672 8.685 22.109 20.393 9.891 23.011
2 24 -24.572 14.103 26.438 -24.357 15.513 26.903
2 24 -22.354 8.243 23.272 -22.087 9.5 23.897
2 24 21.458 8.471 17.581 22.488 8 16.327
2 24 -22.819 0.666 19.297 -23.545 -0.309 16.981
2 24 -24.421 10.188 16.402 -24.882 10.286 16.491
2 24 -22.653 15.265 16.385 -23.177 13.788 16.154
2 24 -21.011 15.047 16.41 -21.011 16.76 17.053
2 24 20.817 8.035 21.495 21.462 8.076 22.32
2 24 25.793 -1.526 23.221 25.224 0.758 22.18
2 24 -33.708 -4.382 16.508 -31.988 -5.949 15.59
2 24 -27.111 -0.047 15.446 -27.598 -2.076 15.049
2 24 -24.003 -0.448 18.793 -23.965 -0.147 20.449
2 24 -25.59 0.679 22.619 -25.957 0.383 22.891
2 24 -27.632 2.805 14.933 -28.975 3.46 15.679
2 24 27.274 -1.326 15.323 26.913 0.534 15.485
2 24 26.737 1.436 15.564 26.913 0.534 15.485
2 24 31.994 -3.329 25.367 32.98 -4.253 24.697
2 24 29.19 3.045 17.101 29.526 5.261 16.457
2 24 29.314 1.615 22.052 27.623 2.123 22.864
2 24 -19.779 15.986 25.36 -19.769 17.548 25.056
2 24 -22.623 1.697 23.179 -21.869 3.585 23.833
2 24 -24.325 -1.752 16.67 -24.091 -0.625 16.908
2 24 29.326 -3.382 24.533 28.33 -2.222 24.024
2 24 23.035 13.92 16.232 23.489 11.914 16.027
2 24 20.266 8.541 18.971 20.817 8.035 21.495
2 24 27.769 18.251 19.208 27.573 17.101 18.43
2 24 -24.655 -3.383 16.516 -24.325 -1.752 16.67
2 24 -22.354 8.243 23.272 -21.88 8.095 23.155
2 24 -25.59 0.679 22.619 -25.964 1.024 22.759
2 24 -27.964 1.789 15.733 -28.588 0.524 15.587
2 24 -24.986 -2.771 22.335 -25.55 -4.494 22.818
2 24 -24.091 -0.625 16.908 -24.003 -0.448 18.793
2 24 -25.241 1.387 14.942 -26.364 1.378 15.025
2 24 30.317 -7.395 15.372 31.34 -6.422 15.819
2 24 -26.909 13.078 19.182 -26.943 13.448 21.004
2 24 28.193 18.584 22.519 27.076 17.357 24.658
2 24 -21.092 5.84 22.057 -21.066 4.89 21.435
2 24 23.654 0.057 20.886 23.163 0.625 20.326
2 24 26.341 16.376 26.28 23.051 17.45 25.642
2 24 26.005 12.035 23.729 27.339 13.744 22.014
2 24 -25.241 1.387 14.942 -25.391 2.09 14.42
2 24 -23.315 0.405 22.44 -22.623 1.697 23.179
2 24 -19.769 17.548 25.056 -22.842 17.276 26.07
2 24 -22.911 8.336 23.481 -22.354 8.243 23.272
2 24 -33.094 -4.502 24.48 -31.157 -2.483 25.262
2 24 -25.056 9.383 15.374 -26.958 9.935 15.961
2 24 -23.18 8.297 14.947 -25.056 9.383 15.374
2 24 -26.741 1.408 15.591 -27.632 2.805 14.933
2 24 -25.391 2.09 14.42 -27.632 2.805 14.933
2 24 -28.806 -5.019 13.988 -28.622 -3.545 14.304
2 24 -28.806 -5.019 13.988 -28.07 -3.772 14.568
2 24 -28.806 -5.019 13.988 -27.735 -3.832 13.924
2 24 -32.149 -0.522 17.066 -32.986 -1.54 17.122
2 24 -26.42 1.244 23.443 -25.13 1.128 23.097
2 24 -20.945 6.958 21.76 -20.534 8.062 19.389
2 24 29.314 1.615 22.052 31.501 1.332 21.137
2 24 25.98 -3.667 23.007 25.458 -1.708 22.646
2 24 25.596 -3.979 23.13 25.012 -1.844 22.928
2 24 26.591 -5.639 23.506 25.98 -3.667 23.007
2 24 25.012 -1.844 22.928 24.463 0.401 21.706

5 24 29.326 -3.382 24.533 27.639 -2.75 24.284 28.33 -2.222 24.024 28.891 -3.86 24.675
5 24 27.11 -0.557 23.276 26.523 1.327 23.201 27.595 -0.173 24.239 25.77 0.984 22.648
5 24 27.11 -0.557 23.276 27.595 -0.173 24.239 28.33 -2.222 24.024 26.523 1.327 23.201
5 24 29.851 -3.023 25.093 29.326 -3.382 24.533 28.842 -1.787 24.85 30.651 -4.516 25.354
5 24 26.654 13.982 23.759 26.005 12.035 23.729 25.69 12.507 25.712 27.339 13.744 22.014
5 24 24.463 0.401 21.706 25.458 -1.708 22.646 25.012 -1.844 22.928 24.855 0.486 21.961
5 24 -24.368 -1.176 21.258 -24.803 -3.236 19.045 -24.986 -2.771 22.335 -24.312 -1.623 18.928
5 24 33.816 -4.849 20.09 34.392 -3.039 17.685 33.771 -4.079 17.052 34.691 -3.101 21.271
5 24 23.786 0.152 21.121 23.163 0.625 20.326 23.154 0.745 22.048 23.654 0.057 20.886
5 24 -28.499 -2.319 24.193 -27.998 -2.615 24.376 -27.527 -0.977 23.747 -29.512 -3.635 24.671
5 24 -21.484 9.344 24.189 -20.049 11.097 24.15 -20.301 9.498 23.287 -21.158 11.078 24.791
5 24 -27.154 -5.914 13.92 -26.316 -6.726 16.028 -29.27 -7.761 14.503 -26.408 -4.204 13.808
5 24 -25.714 0.202 22.786 -25.957 0.383 22.891 -25.59 0.679 22.619 -26.457 -0.357 23.278
5 24 32.418 -2.4 16.276 30.845 -2.045 15.658 31.29 -3.408 15.8 31.234 -1.038 16.12
5 24 -27.59 18.43 21.561 -24.102 19.171 21.019 -24.055 19.284 22.999 -27.642 18.224 19.834
5 24 25.892 -6.635 16.27 27.812 -7.261 14.352 26.824 -5.983 13.984 27.355 -8.146 16.134
5 24 -24.035 17.679 17.667 -22.134 16.735 16.825 -23.81 16.538 17.195 -21.011 16.76 17.053
5 24 24.959 4.763 14.062 27.049 3.878 14.544 26.704 5.252 14.549 25.304 3.371 14.135
5 24 27.63 8.976 15.72 26.172 6.638 14.715 25.559 8.024 14.996 28.441 7.444 15.397
5 24 25.793 -1.526 23.221 25.458 -1.708 22.646 25.224 0.758 22.18 25.98 -3.667 23.007
5 24 24.024 17.722 17.655 27.188 16 18.117 27.573 17.101 18.43 25.388 16.334 17.38
5 24 25.448 5.877 23.861 24.472 7.371 24.259 24.875 5.785 24.479 24.983 7.729 23.668
5 24 -33.297 -5.723 22.059 -30.961 -6.871 24.159 -32.281 -5.597 24.673 -31.615 -6.961 20.788
5 24 -24.325 -1.752 16.67 -24.312 -1.623 18.928 -24.091 -0.625 16.908 -24.803 -3.236 19.045
5 24 29.892 -4.308 14.999 31.34 -6.422 15.819 32.543 -5.201 16.486 30.317 -7.395 15.372
5 24 30.57 0.154 22.609 31.501 1.332 21.137 32.221 0.424 20.961 29.314 1.615 22.052
5 24 -24.003 -0.448 18.793 -24.312 -1.623 18.928 -23.965 -0.147 20.449 -24.091 -0.625 16.908
5 24 -29.028 7.289 16.103 -29.208 5.552 15.246 -28.769 7.35 15.314 -29.671 5.08 16.579
5 24 26.6 10.14 16.132 24.668 9.466 15.597 25.559 8.024 14.996 25.448 10.331 16.376
5 24 25.34 13.636 16.551 24.676 11.962 16.557 24.738 13.601 16.824 25.149 11.958 16.154
5 24 -26.722 0.823 23.648 -26.876 0.024 23.3 -27.161 0.275 23.856 -26.389 0.656 23.007
5 24 -31.157 -2.483 25.262 -30.81 -4.722 25.343 -30.025 -3.252 25.156 -32.281 -5.597 24.673
5 24 -22.595 14.284 26.243 -21.315 12.847 25.607 -22.525 12.603 25.718 -21.138 14.275 25.968
5 24 -26.62 -3.697 23.492 -26.889 -3.5 23.841 -26.11 -2.065 22.887 -27.053 -5.457 23.705
5 24 -22.974 5.925 24.214 -22.746 6.978 23.98 -24.721 6.584 24.623 -21.393 6.553 23.676
5 24 23.068 8.453 15.289 25.559 8.024 14.996 24.668 9.466 15.597 23.894 7.182 14.57
5 24 28.842 -1.787 24.85 29.326 -3.382 24.533 28.33 -2.222 24.024 29.851 -3.023 25.093
5 24 -30.961 -6.871 24.159 -31.615 -6.961 20.788 -33.297 -5.723 22.059 -29.68 -7.936 23.363
5 24 -23.235 12.552 25.86 -23.697 11.1 24.787 -23.906 12.687 25.541 -23.09 11.024 25.16
5 24 -30.737 0.019 16.004 -29.169 0.89 15.542 -29.805 1.346 16.151 -30.039 -0.493 15.398
5 24 32.221 0.424 20.961 30.57 0.154 22.609 31.501 1.332 21.137 31.345 -0.812 22.961
5 24 30.57 0.154 22.609 29.314 1.615 22.052 28.658 0.239 23.9 31.501 1.332 21.137
5 24 -25.714 0.202 22.786 -26.457 -0.357 23.278 -26.078 -0.657 23.078 -25.957 0.383 22.891
5 24 -30.039 -0.493 15.398 -28.588 0.524 15.587 -29.169 0.89 15.542 -29.525 -0.912 15.516
5 24 -20.049 11.097 24.15 -19.641 14.128 20.782 -19.798 12.324 20.215 -19.895 12.839 24.907
5 24 -20.901 8.059 22.007 -20.028 10.564 19.688 -20.301 9.498 23.287 -20.723 8.625 19.335
5 24 -25.63 13.963 26.124 -24.387 12.435 25.844 -25.348 12.418 25.443 -24.572 14.103 26.438
5 24 -21.484 9.344 24.189 -22.087 9.5 23.897 -21.693 11.221 24.775 -21.88 8.095 23.155
5 24 -24.035 17.679 17.667 -25.012 16.363 17.538 -25.586 17.42 18.148 -23.81 16.538 17.195
5 24 31.994 -3.329 25.367 30.651 -4.516 25.354 31.803 -5.818 24.713 29.851 -3.023 25.093
5 24 25.77 0.984 22.648 24.853 1.463 22.879 25.224 0.758 22.18 26.523 1.327 23.201
5 24 -23.18 8.297 14.947 -23.322 9.501 15.69 -25.056 9.383 15.374 -22.431 8.85 15.71
5 24 25.892 -6.635 16.27 26.824 -5.983 13.984 24.929 -5.079 16.381 27.812 -7.261 14.352
5 24 -23.177 13.788 16.154 -23.863 13.787 16.342 -23.632 11.893 16.072 -23.814 15.205 16.735
5 24 -23.356 18.385 24.581 -22.842 17.276 26.07 -19.769 17.548 25.056 -26.008 16.541 26.302
5 24 24.149 19.256 21.743 27.769 18.251 19.208 24.223 18.941 18.406 28.193 18.584 22.519
5 24 -24.211 10.884 25.134 -23.697 11.1 24.787 -23.961 9.481 24.457 -24.387 12.435 25.844
5 24 -27.911 9.296 16.637 -27.889 8.914 15.639 -29.028 7.289 16.103 -26.958 9.935 15.961
5 24 -23.654 9.834 16.306 -22.699 11.519 15.776 -23.322 9.501 15.69 -22.984 11.526 16.61
5 24 31.803 -5.818 24.713 30.651 -4.516 25.354 31.994 -3.329 25.367 29.068 -6.24 24.423
5 24 -28.904 -1.848 24.836 -28.499 -2.319 24.193 -27.805 -0.619 24.297 -29.512 -3.635 24.671
5 24 25.487 10.441 23.61 25.297 10.901 24.96 26.005 12.035 23.729 25.005 9.682 24.213
5 24 26.209 15.185 26.721 26.834 14.952 24.216 26.054 14.015 26.604 26.952 15.943 24.44
5 24 -27.167 1.523 23.273 -27.724 2.095 22.919 -26.72 2.003 23.53 -27.543 1.592 23.192
5 24 -25.4 -0.435 14.478 -26.713 -0.076 14.671 -27.272 -2.105 14.242 -25.241 1.387 14.942
5 24 -23.933 7.154 14.575 -26.54 6.705 14.84 -24.593 5.89 14.37 -25.905 8.112 15.119
5 24 25.149 11.958 16.154 26.457 10.638 17.26 25.448 10.331 16.376 26.479 12.025 17.361
5 24 -25.378 -4.852 19.111 -24.986 -2.771 22.335 -25.55 -4.494 22.818 -24.803 -3.236 19.045
5 24 24.14 11.982 16.167 23.844 11.951 16.051 23.577 13.857 16.304 24.231 10.053 16.289
5 24 25.892 -6.635 16.27 24.929 -5.079 16.381 26.824 -5.983 13.984 26.088 -6.551 19.333
5 24 31.803 -5.818 24.713 31.994 -3.329 25.367 32.98 -4.253 24.697 30.651 -4.516 25.354
5 24 -29.056 -1.331 15.022 -27.859 0.218 15.076 -28.027 0.289 15.164 -28.618 -1.597 14.783
5 24 34.235 -2.071 21.249 32.866 -2.743 23.252 33.64 -1.381 21.162 34.691 -3.101 21.271
5 24 -30.81 -4.722 25.343 -28.381 -4.586 24.451 -30.961 -6.871 24.159 -29.161 -3.966 24.814
5 24 19.926 17.674 20.823 20.545 19.188 21.059 21.116 19.017 18.248 20.343 18.682 22.967
5 24 21.971 13.583 16.217 22.477 13.778 16.495 23.028 11.619 16.479 22.485 15.627 16.644
5 24 -28.937 2.409 16.274 -27.632 2.805 14.933 -28.422 2.051 15.748 -28.975 3.46 15.679
5 24 29.892 -4.308 14.999 28.322 -5.128 14.055 28.413 -3.64 14.349 30.317 -7.395 15.372
5 24 23.586 -0.419 18.729 24.219 -2.939 16.581 23.495 -0.621 16.662 24.345 -2.848 19.29
5 24 -23.632 11.893 16.072 -24.004 11.948 16.15 -23.863 13.787 16.342 -24.433 10.545 16.36
5 24 -24.164 18.933 18.613 -24.102 19.171 21.019 -20.564 19.234 20.081 -27.642 18.224 19.834
5 24 26.983 -1.46 14.368 27.904 -3.643 14.686 27.274 -1.326 15.323 27.576 -3.712 14.043
5 24 -33.094 -4.502 24.48 -33.405 -1.704 20.582 -31.157 -2.483 25.262 -34.242 -4.446 22.978
5 24 -25.897 -2.504 14.054 -27.735 -3.832 13.924 -26.408 -4.204 13.808 -27.272 -2.105 14.242
5 24 -32.215 -6.769 17.491 -31.988 -5.949 15.59 -33.708 -4.382 16.508 -30.583 -7.925 16.241
5 24 23.154 0.745 22.048 24.168 2.388 23.442 24.853 1.463 22.879 22.478 1.731 22.734
5 24 29.629 -0.323 15.267 30.245 0.34 16.091 28.715 1.194 15.498 31.234 -1.038 16.12
5 24 -23.573 14.272 26.33 -23.906 12.687 25.541 -23.235 12.552 25.86 -24.124 14.241 26.246
5 24 24.929 -5.079 16.381 24.219 -2.939 16.581 25.031 -4.849 19.379 26.062 -4.223 13.939
5 24 26.983 -1.46 14.368 27.274 -1.326 15.323 26.576 0.51 14.714 27.904 -3.643 14.686
5 24 24.231 10.053 16.289 23.844 11.951 16.051 23.489 11.914 16.027 24.14 11.982 16.167
5 24 -27.272 -2.105 14.242 -28.07 -3.772 14.568 -27.735 -3.832 13.924 -27.598 -2.076 15.049
5 24 -29.178 4.215 15.441 -27.465 3.964 14.636 -29.208 5.552 15.246 -27.632 2.805 14.933
5 24 27.609 1.763 15.685 27.65 0.83 15.356 28.161 0.891 15.662 27.245 1.579 15.504
5 24 -23.545 -0.309 16.981 -24.003 -0.448 18.793 -24.091 -0.625 16.908 -22.819 0.666 19.297
5 24 -25.737 16.232 17.775 -25.374 16.297 17.841 -25.634 15.046 17.321 -25.586 17.42 18.148
5 24 -24.986 -2.771 22.335 -25.638 -2.284 23.106 -25.179 -0.934 22.702 -26.246 -3.929 23.347
5 24 -25.586 17.42 18.148 -27.529 16.992 19.013 -27.103 15.906 18.583 -27.642 18.224 19.834
5 24 22.397 12.93 25.578 22.493 11.074 24.888 23.023 11.052 25.001 22.005 11.063 24.665
5 24 25.55 -1.857 14.195 23.495 -0.621 16.662 25.382 0.304 14.654 24.219 -2.939 16.581
5 24 25.031 -4.849 19.379 24.926 -4.624 22.718 25.953 -6.255 22.857 24.345 -2.848 19.29
5 24 26.654 13.982 23.759 27.73 14.88 22.231 26.834 14.952 24.216 27.339 13.744 22.014
5 24 -20.942 15.776 26.22 -21.138 14.275 25.968 -19.741 14.514 25.258 -22.681 15.636 26.6
5 24 31.34 -6.422 15.819 31.346 -7.095 17.953 32.543 -5.201 16.486 30.211 -7.906 17.099
5 24 24.983 7.729 23.668 24.472 7.371 24.259 25.448 5.877 23.861 24.246 8.521 23.862
5 24 -30.963 -1.832 15.55 -32.319 -2.321 15.869 -31.316 -3.399 15.368 -31.528 -1.229 16.005
5 24 28.844 7.467 16.19 27.63 8.976 15.72 28.441 7.444 15.397 27.81 9.332 16.573
5 24 29.19 3.045 17.101 29.068 4.281 15.514 28.81 3.16 15.708 29.526 5.261 16.457
5 24 28.122 2.026 15.697 28.81 3.16 15.708 27.225 2.378 14.971 28.809 2.437 16.184
5 24 -22.984 11.526 16.61 -24.421 10.188 16.402 -23.654 9.834 16.306 -23.632 11.893 16.072
5 24 34.691 -3.101 21.271 32.866 -2.743 23.252 34.235 -2.071 21.249 33.836 -4.074 23.395
5 24 -25.13 1.128 23.097 -24.823 0.268 22.286 -23.315 0.405 22.44 -25.59 0.679 22.619
5 24 -27.632 2.805 14.933 -27.465 3.964 14.636 -29.178 4.215 15.441 -25.369 3.342 14.055
5 24 -19.779 15.986 25.36 -22.842 17.276 26.07 -20.942 15.776 26.22 -19.769 17.548 25.056
5 24 25.34 13.636 16.551 25.018 15.096 17.016 24.738 13.601 16.824 25.488 15.074 16.96
5 24 24.149 19.256 21.743 27.076 17.357 24.658 23.608 18.413 23.774 28.193 18.584 22.519
5 24 -27.826 18.298 23.235 -24.055 19.284 22.999 -26.812 17.207 25.008 -27.59 18.43 21.561
5 24 -26.219 4.059 23.97 -26.72 2.003 23.53 -27.724 2.095 22.919 -25.89 3.177 24.255
5 24 32.221 0.424 20.961 30.568 0.873 16.979 31.647 -0.594 16.889 29.786 2.106 17.048
5 24 -26.683 -1.556 23.709 -27.402 -3.077 24.183 -27.998 -2.615 24.376 -26.405 -1.787 23.464
5 24 -22.629 11.025 25.221 -22.863 9.472 24.317 -23.09 11.024 25.16 -22.633 9.473 24.266
5 24 -22.431 8.85 15.71 -20.723 8.625 19.335 -21.675 11.217 15.691 -20.534 8.062 19.389
5 24 -24.289 8.161 24.137 -25.083 7.7 23.921 -24.558 7.431 24.453 -24.742 8.663 23.548
5 24 -31.86 0.13 20.412 -30.125 -1.281 24.699 -32.639 -0.846 20.533 -29.041 -0.095 24.116
5 24 22.851 6.644 23.6 24.875 5.785 24.479 23.141 5.075 23.851 24.472 7.371 24.259
5 24 20.817 8.035 21.495 20.102 9.447 19.25 20.672 8.685 22.109 20.266 8.541 18.971
5 24 -30.737 0.019 16.004 -32.149 -0.522 17.066 -31.528 -1.229 16.005 -31.379 0.5 16.997
5 24 -24.787 13.526 17.052 -25.381 12.124 16.506 -24.654 11.935 16.735 -25.425 13.608 16.904
5 24 23.051 17.45 25.642 20.089 16.206 24.649 20.204 17.805 24.377 22.666 15.817 26.379
5 24 -25.056 9.383 15.374 -23.322 9.501 15.69 -23.654 9.834 16.306 -23.18 8.297 14.947
5 24 32.98 -4.253 24.697 33.147 -5.306 22.767 31.803 -5.818 24.713 33.836 -4.074 23.395
5 24 -24.311 2.335 23.733 -25.13 1.128 23.097 -23.315 0.405 22.44 -25.89 3.177 24.255
5 24 -28.769 7.35 15.314 -26.54 6.705 14.84 -27.889 8.914 15.639 -27.101 5.313 14.655
5 24 25.295 1.415 14.996 23.8 1.015 15.885 25.382 0.304 14.654 24.571 2.668 15.03
5 24 -26.246 -3.929 23.347 -26.62 -3.697 23.492 -25.638 -2.284 23.106 -27.053 -5.457 23.705
5 24 -25.313 10.334 23.663 -24.664 9.675 24.149 -24.742 8.663 23.548 -24.951 10.75 24.759
5 24 -26.958 9.935 15.961 -25.905 8.112 15.119 -27.889 8.914 15.639 -25.056 9.383 15.374
5 24 31.34 -6.422 15.819 30.211 -7.906 17.099 31.346 -7.095 17.953 30.317 -7.395 15.372
5 24 23.662 15.309 16.595 22.485 15.627 16.644 23.035 13.92 16.232 23.784 16.594 17.099
5 24 29.068 4.281 15.514 27.049 3.878 14.544 28.936 5.726 15.364 28.81 3.16 15.708
5 24 -23.906 12.687 25.541 -23.235 12.552 25.86 -23.573 14.272 26.33 -23.697 11.1 24.787
5 24 -26.958 9.935 15.961 -27.911 9.296 16.637 -26.507 10.588 17.08 -27.889 8.914 15.639
5 24 23.458 9.526 15.892 23.068 8.453 15.289 24.668 9.466 15.597 22.583 8.878 15.819
5 24 26.6 10.14 16.132 27.81 9.332 16.573 26.457 10.638 17.26 27.63 8.976 15.72
5 24 19.759 16.028 20.574 19.926 17.674 20.823 20.089 16.206 24.649 21.037 17.914 17.685
5 24 24.299 14.225 26.31 23.919 14.25 26.489 24.037 12.87 25.458 24.561 15.491 27.127
5 24 -22.623 1.697 23.179 -24.311 2.335 23.733 -23.508 4.164 24.206 -23.315 0.405 22.44
5 24 -24.368 -1.176 21.258 -24.914 -0.136 22.343 -23.977 -0.068 21.397 -25.179 -0.934 22.702
5 24 -26.795 12.587 18.496 -26.568 13.523 17.758 -26.421 12.257 17.489 -26.909 13.078 19.182
5 24 -25.4 -0.435 14.478 -24.091 -0.625 16.908 -25.241 1.387 14.942 -24.325 -1.752 16.67
5 24 -23.508 4.164 24.206 -22.974 5.925 24.214 -25.15 4.894 24.669 -21.439 5.441 23.958
5 24 29.19 3.045 17.101 28.81 3.16 15.708 29.068 4.281 15.514 28.809 2.437 16.184
5 24 -30.107 -4.313 14.648 -30.452 -7.114 14.848 -31.988 -5.949 15.59 -28.806 -5.019 13.988
5 24 28.842 -1.787 24.85 28.658 0.239 23.9 29.96 -1.091 24.593 27.595 -0.173 24.239
5 24 -34.058 -5.387 19.35 -33.708 -4.382 16.508 -34.414 -3.463 17.307 -32.215 -6.769 17.491
5 24 28.262 17.123 22.451 27.076 17.357 24.658 26.952 15.943 24.44 28.193 18.584 22.519
5 24 27.573 17.101 18.43 28.082 15.891 22.37 28.262 17.123 22.451 27.188 16 18.117
5 24 32.929 -0.488 21.036 32.166 -1.734 23.117 33.64 -1.381 21.162 31.345 -0.812 22.961
5 24 29.092 -0.627 15.64 28.715 1.194 15.498 28.161 0.891 15.662 29.629 -0.323 15.267
5 24 -29.028 7.289 16.103 -27.889 8.914 15.639 -28.769 7.35 15.314 -27.911 9.296 16.637
5 24 28.666 -1.066 14.962 30.108 -2.073 15.718 29.905 -2.66 15.33 29.092 -0.627 15.64
5 24 -22.431 8.85 15.71 -22.743 7.358 15.825 -20.534 8.062 19.389 -23.18 8.297 14.947
5 24 24.926 -4.624 22.718 24.345 -2.848 19.29 25.031 -4.849 19.379 24.211 -2.215 22.228
5 24 -19.566 17.422 21.828 -20.988 17.886 17.565 -21.057 18.989 18.183 -19.566 15.781 21.348
5 24 -25.59 0.679 22.619 -24.823 0.268 22.286 -25.13 1.128 23.097 -25.195 0.377 22.301
5 24 -21.158 4.507 21.614 -21.439 5.441 23.958 -21.092 5.84 22.057 -21.363 3.98 22.145
5 24 -28.806 -5.019 13.988 -30.107 -4.313 14.648 -28.622 -3.545 14.304 -30.452 -7.114 14.848
5 24 -24.721 6.584 24.623 -25.083 7.7 23.921 -25.45 6.114 24.163 -24.558 7.431 24.453
5 24 -31.86 0.13 20.412 -32.639 -0.846 20.533 -32.149 -0.522 17.066 -30.125 -1.281 24.699
5 24 24.853 1.463 22.879 25.224 0.758 22.18 24.855 0.486 21.961 25.77 0.984 22.648
5 24 23.035 13.92 16.232 22.477 13.778 16.495 22.485 15.627 16.644 23.489 11.914 16.027
5 24 27.076 17.357 24.658 26.952 15.943 24.44 26.341 16.376 26.28 28.262 17.123 22.451
5 24 -22.174 1.717 21.194 -22.623 1.697 23.179 -21.728 2.867 21.977 -23.315 0.405 22.44
5 24 22.024 9.907 23.496 21.271 9.763 23.447 21.6 11.122 24.207 22.482 8.461 22.798
5 24 -27.826 18.298 23.235 -27.458 16.603 22.914 -26.812 17.207 25.008 -27.59 18.43 21.561
5 24 27.639 -2.75 24.284 27.81 -4.804 24.146 28.891 -3.86 24.675 26.36 -3.538 23.66
5 24 -24.004 11.948 16.15 -24.381 11.954 16.308 -24.43 13.71 16.556 -24.433 10.545 16.36
5 24 27.225 2.378 14.971 27.245 1.579 15.504 27.609 1.763 15.685 26.391 1.407 15.061
5 24 26.6 10.14 16.132 26.457 10.638 17.26 25.448 10.331 16.376 27.81 9.332 16.573
5 24 28.936 5.726 15.364 26.704 5.252 14.549 27.049 3.878 14.544 28.441 7.444 15.397
5 24 -21.762 15.237 16.409 -21.011 16.76 17.053 -22.134 16.735 16.825 -21.011 15.047 16.41
5 24 -27.458 16.603 22.914 -27.187 15.443 22.444 -27.529 16.992 19.013 -25.789 15.325 26.539
5 24 24.785 14.115 26.641 25.69 12.507 25.712 24.608 12.527 25.997 26.054 14.015 26.604
5 24 27.904 -3.643 14.686 28.413 -3.64 14.349 27.856 -1.329 14.677 28.322 -5.128 14.055
5 24 26.9 14.813 17.95 25.388 16.334 17.38 25.488 15.074 16.96 27.188 16 18.117
5 24 -26.408 -4.204 13.808 -25.155 -4.902 16.299 -26.316 -6.726 16.028 -24.655 -3.383 16.516
5 24 -25.13 1.128 23.097 -25.59 0.679 22.619 -25.964 1.024 22.759 -24.823 0.268 22.286
5 24 20.952 13.222 16.195 19.783 12.439 19.895 19.984 10.643 19.524 20.95 15.278 16.735
5 24 -29.35 1.789 22.227 -27.543 1.592 23.192 -27.724 2.095 22.919 -27.837 1.262 23.356
5 24 -27.053 -5.457 23.705 -29.68 -7.936 23.363 -28.896 -8.18 22.907 -28.381 -4.586 24.451
5 24 -19.741 14.514 25.258 -21.138 14.275 25.968 -19.895 12.839 24.907 -20.942 15.776 26.22
5 24 29.314 1.615 22.052 27.442 1.62 23.173 27.623 2.123 22.864 28.658 0.239 23.9
5 24 -25.634 15.046 17.321 -26.568 13.523 17.758 -26.705 14.735 18.165 -25.425 13.608 16.904
5 24 -23.508 4.164 24.206 -21.439 5.441 23.958 -21.869 3.585 23.833 -22.974 5.925 24.214
5 24 27.63 8.976 15.72 26.6 10.14 16.132 27.81 9.332 16.573 25.559 8.024 14.996
5 24 -20.028 10.564 19.688 -19.798 12.324 20.215 -21.261 13.193 15.968 -20.301 9.498 23.287
5 24 -29.512 -3.635 24.671 -30.025 -3.252 25.156 -28.904 -1.848 24.836 -30.81 -4.722 25.343
5 24 21.037 17.914 17.685 19.759 16.028 20.574 19.926 17.674 20.823 20.985 16.788 17.218
5 24 27.066 1.551 23.252 27.595 -0.173 24.239 26.523 1.327 23.201 27.442 1.62 23.173
5 24 -24.035 17.679 17.667 -21.057 18.989 18.183 -24.164 18.933 18.613 -20.988 17.886 17.565
5 24 32.866 -2.743 23.252 33.64 -1.381 21.162 32.166 -1.734 23.117 34.235 -2.071 21.249
5 24 -24.823 0.268 22.286 -25.327 0.041 22.132 -24.914 -0.136 22.343 -25.195 0.377 22.301
5 24 -20.301 9.498 23.287 -21.485 8.12 22.822 -21.484 9.344 24.189 -20.901 8.059 22.007
5 24 19.783 12.439 19.895 19.74 14.384 20.322 20.155 11.291 23.784 20.95 15.278 16.735
5 24 -26.439 -6.63 19.027 -28.896 -8.18 22.907 -28.994 -8.472 19.291 -26.422 -6.091 23.016
5 24 27.274 -1.326 15.323 26.576 0.51 14.714 26.913 0.534 15.485 26.983 -1.46 14.368
5 24 28.809 2.437 16.184 29.786 2.106 17.048 29.354 1.641 16.149 29.19 3.045 17.101
5 24 -21.762 15.237 16.409 -22.076 15.267 16.661 -22.134 16.735 16.825 -22.203 13.465 16.078
5 24 32.543 -5.201 16.486 32.418 -2.4 16.276 31.29 -3.408 15.8 33.771 -4.079 17.052
5 24 23.586 -0.419 18.729 23.216 0.007 18.639 23.495 -0.621 16.662 23.163 0.625 20.326
5 24 28.842 -1.787 24.85 28.33 -2.222 24.024 27.595 -0.173 24.239 29.326 -3.382 24.533
5 24 -21.675 11.217 15.691 -20.723 8.625 19.335 -20.028 10.564 19.688 -22.431 8.85 15.71
5 24 -22.552 7.791 23.557 -21.88 8.095 23.155 -21.461 7.468 23.187 -22.354 8.243 23.272
5 24 -31.4 0.842 20.356 -31.379 0.5 16.997 -30.344 1.872 17.134 -31.86 0.13 20.412
5 24 29.96 -1.091 24.593 31.345 -0.812 22.961 30.978 -2.236 25.118 30.57 0.154 22.609
5 24 -25.381 12.124 16.506 -26.31 11.146 17.183 -26.421 12.257 17.489 -25.431 10.823 16.419
5 24 -24.787 13.526 17.052 -24.381 11.954 16.308 -24.654 11.935 16.735 -24.43 13.71 16.556
5 24 -34.058 -5.387 19.35 -34.414 -3.463 17.307 -33.708 -4.382 16.508 -34.935 -3.691 21.067
5 24 20.089 16.206 24.649 22.666 15.817 26.379 23.051 17.45 25.642 20.022 14.702 24.529
5 24 31.234 -1.038 16.12 32.418 -2.4 16.276 32.852 -1.568 17.141 30.845 -2.045 15.658
5 24 30.568 0.873 16.979 29.354 1.641 16.149 30.245 0.34 16.091 29.786 2.106 17.048
5 24 -19.566 17.422 21.828 -19.769 17.548 25.056 -19.739 18.452 23.938 -19.779 15.986 25.36
5 24 25.899 3.05 24.156 24.853 1.463 22.879 24.168 2.388 23.442 26.513 2.181 23.556
5 24 31.647 -0.594 16.889 30.245 0.34 16.091 31.234 -1.038 16.12 30.568 0.873 16.979
5 24 -26.389 0.656 23.007 -26.457 -0.357 23.278 -26.876 0.024 23.3 -25.957 0.383 22.891
5 24 -26.876 0.024 23.3 -26.457 -0.357 23.278 -27.527 -0.977 23.747 -26.389 0.656 23.007
5 24 -27.598 -2.076 15.049 -28.111 -1.84 14.623 -28.07 -3.772 14.568 -27.111 -0.047 15.446
5 24 -23.814 15.205 16.735 -23.177 13.788 16.154 -22.653 15.265 16.385 -23.863 13.787 16.342
5 24 -23.18 8.297 14.947 -22.743 7.358 15.825 -23.933 7.154 14.575 -22.431 8.85 15.71
5 24 32.418 -2.4 16.276 31.29 -3.408 15.8 32.543 -5.201 16.486 30.845 -2.045 15.658
5 24 -22.134 16.735 16.825 -23.81 16.538 17.195 -22.653 15.265 16.385 -24.035 17.679 17.667
5 24 -25.179 -0.934 22.702 -25.608 -0.673 22.376 -24.914 -0.136 22.343 -26.11 -2.065 22.887
5 24 -24.803 -3.236 19.045 -24.325 -1.752 16.67 -24.655 -3.383 16.516 -24.312 -1.623 18.928
5 24 27.355 -8.146 16.134 25.892 -6.635 16.27 27.812 -7.261 14.352 27.362 -7.856 19.384
5 24 32.929 -0.488 21.036 31.647 -0.594 16.889 32.852 -1.568 17.141 32.221 0.424 20.961
5 24 22.485 15.627 16.644 20.985 16.788 17.218 23.784 16.594 17.099 20.95 15.278 16.735
5 24 -27.053 -5.457 23.705 -26.422 -6.091 23.016 -28.896 -8.18 22.907 -25.55 -4.494 22.818
5 24 -32.281 -5.597 24.673 -33.297 -5.723 22.059 -33.094 -4.502 24.48 -30.961 -6.871 24.159
5 24 -32.319 -2.321 15.869 -31.528 -1.229 16.005 -30.963 -1.832 15.55 -32.986 -1.54 17.122
5 24 -27.735 -3.832 13.924 -26.408 -4.204 13.808 -27.154 -5.914 13.92 -25.897 -2.504 14.054
5 24 -24.102 19.171 21.019 -20.056 19.12 22.529 -24.055 19.284 22.999 -20.564 19.234 20.081
5 24 23.495 -0.621 16.662 23.216 0.007 18.639 23.586 -0.419 18.729 23.237 -0.143 16.617
5 24 32.044 -6.287 21.886 31.001 -7.21 21.103 30.061 -7.437 23.814 32.574 -5.997 19.005
5 24 24.435 4.644 14.607 24.959 4.763 14.062 25.304 3.371 14.135 24.429 5.981 14.326
5 24 27.769 18.251 19.208 28.262 17.123 22.451 28.193 18.584 22.519 27.573 17.101 18.43
5 24 -27.187 15.443 22.444 -27.529 16.992 19.013 -27.458 16.603 22.914 -27.103 15.906 18.583
5 24 24.429 5.981 14.326 24.435 4.644 14.607 24.959 4.763 14.062 23.847 5.823 14.897
5 24 28.262 17.123 22.451 28.193 18.584 22.519 27.769 18.251 19.208 27.076 17.357 24.658
5 24 -26.42 1.244 23.443 -26.389 0.656 23.007 -26.722 0.823 23.648 -25.964 1.024 22.759
5 24 30.317 -7.395 15.372 29.892 -4.308 14.999 28.322 -5.128 14.055 31.34 -6.422 15.819
5 24 -31.615 -6.961 20.788 -33.297 -5.723 22.059 -34.058 -5.387 19.35 -30.961 -6.871 24.159
5 24 -24.951 10.75 24.759 -25.313 10.334 23.663 -26.049 11.904 24.103 -24.664 9.675 24.149
5 24 29.526 5.261 16.457 29.068 4.281 15.514 28.936 5.726 15.364 29.19 3.045 17.101
5 24 -24.124 14.241 26.246 -24.572 14.103 26.438 -23.906 12.687 25.541 -24.357 15.513 26.903
5 24 -24.368 -1.176 21.258 -24.312 -1.623 18.928 -23.965 -0.147 20.449 -24.803 -3.236 19.045
5 24 -24.055 19.284 22.999 -27.59 18.43 21.561 -24.102 19.171 21.019 -27.826 18.298 23.235
5 24 20.545 19.188 21.059 24.149 19.256 21.743 21.116 19.017 18.248 23.608 18.413 23.774
5 24 -30.737 0.019 16.004 -29.805 1.346 16.151 -29.169 0.89 15.542 -31.379 0.5 16.997
5 24 -20.901 8.059 22.007 -21.461 7.468 23.187 -20.945 6.958 21.76 -21.485 8.12 22.822
5 24 -28.896 -8.18 22.907 -27.053 -5.457 23.705 -26.422 -6.091 23.016 -29.68 -7.936 23.363
5 24 19.74 14.384 20.322 20.049 13.185 24.378 20.155 11.291 23.784 20.022 14.702 24.529
5 24 -25.4 -0.435 14.478 -24.325 -1.752 16.67 -24.091 -0.625 16.908 -25.897 -2.504 14.054
5 24 -31.86 0.13 20.412 -32.149 -0.522 17.066 -31.379 0.5 16.997 -32.639 -0.846 20.533
5 24 -22.699 11.519 15.776 -21.261 13.193 15.968 -21.675 11.217 15.691 -22.203 13.465 16.078
5 24 -24.091 -0.625 16.908 -24.312 -1.623 18.928 -24.003 -0.448 18.793 -24.325 -1.752 16.67
5 24 25.297 10.901 24.96 24.325 9.644 24.583 24.411 10.903 25.364 25.005 9.682 24.213
5 24 26.36 -3.538 23.66 27.81 -4.804 24.146 26.591 -5.639 23.506 27.639 -2.75 24.284
5 24 -19.798 12.324 20.215 -20.049 11.097 24.15 -19.641 14.128 20.782 -20.301 9.498 23.287
5 24 -31.379 0.5 16.997 -30.737 0.019 16.004 -32.149 -0.522 17.066 -29.805 1.346 16.151
5 24 -31.316 -3.399 15.368 -33.708 -4.382 16.508 -31.988 -5.949 15.59 -32.319 -2.321 15.869
5 24 -26.11 -2.065 22.887 -26.405 -1.787 23.464 -26.889 -3.5 23.841 -26.078 -0.657 23.078
5 24 -24.164 18.933 18.613 -20.564 19.234 20.081 -24.102 19.171 21.019 -21.057 18.989 18.183
5 24 -27.101 5.313 14.655 -24.593 5.89 14.37 -24.989 4.734 14.052 -26.54 6.705 14.84
5 24 24.219 -2.939 16.581 25.55 -1.857 14.195 23.495 -0.621 16.662 26.062 -4.223 13.939
5 24 22.441 9.889 23.956 22.493 11.074 24.888 22.73 9.876 24.063 22.005 11.063 24.665
5 24 -25.15 4.894 24.669 -22.974 5.925 24.214 -23.508 4.164 24.206 -24.721 6.584 24.623
5 24 -25.789 15.325 26.539 -27.187 15.443 22.444 -27.458 16.603 22.914 -25.63 13.963 26.124
5 24 -27.465 3.964 14.636 -29.208 5.552 15.246 -27.101 5.313 14.655 -29.178 4.215 15.441
5 24 -19.798 12.324 20.215 -20.301 9.498 23.287 -20.049 11.097 24.15 -20.028 10.564 19.688
5 24 -29.161 -3.966 24.814 -29.512 -3.635 24.671 -27.998 -2.615 24.376 -30.81 -4.722 25.343
5 24 23.577 13.857 16.304 23.662 15.309 16.595 24.226 13.827 16.51 23.035 13.92 16.232
5 24 27.904 -3.643 14.686 27.856 -1.329 14.677 27.274 -1.326 15.323 28.413 -3.64 14.349
5 24 -21.484 9.344 24.189 -21.693 11.221 24.775 -21.158 11.078 24.791 -22.087 9.5 23.897
5 24 32.221 0.424 20.961 29.786 2.106 17.048 30.568 0.873 16.979 31.501 1.332 21.137
5 24 26.591 -5.639 23.506 29.068 -6.24 24.423 27.184 -7.544 23.218 27.81 -4.804 24.146
5 24 -34.242 -4.446 22.978 -33.297 -5.723 22.059 -34.935 -3.691 21.067 -33.094 -4.502 24.48
5 24 -25.425 13.608 16.904 -25.075 14.998 17.443 -24.787 13.526 17.052 -25.634 15.046 17.321
5 24 -24.767 10.619 16.504 -25.431 10.823 16.419 -24.654 11.935 16.735 -25.5 10.462 16.365
5 24 24.223 18.941 18.406 24.024 17.722 17.655 27.573 17.101 18.43 21.116 19.017 18.248
5 24 -23.993 8.493 23.842 -24.664 9.675 24.149 -23.961 9.481 24.457 -24.742 8.663 23.548
5 24 21.472 4.289 23.358 21.281 4.163 22.647 22.478 1.731 22.734 21.178 5.255 22.3
5 24 24.538 15.102 16.71 23.662 15.309 16.595 23.784 16.594 17.099 24.226 13.827 16.51
5 24 23.495 -0.621 16.662 23.237 -0.143 16.617 23.8 1.015 15.885 23.216 0.007 18.639
5 24 30.57 0.154 22.609 31.345 -0.812 22.961 32.221 0.424 20.961 29.96 -1.091 24.593
5 24 24.168 2.388 23.442 21.472 4.289 23.358 23.141 5.075 23.851 22.478 1.731 22.734
5 24 -22.544 13.472 16.548 -23.177 13.788 16.154 -22.653 15.265 16.385 -23.632 11.893 16.072
5 24 -28.904 -1.848 24.836 -30.125 -1.281 24.699 -30.025 -3.252 25.156 -29.041 -0.095 24.116
5 24 28.891 -3.86 24.675 29.326 -3.382 24.533 27.639 -2.75 24.284 30.651 -4.516 25.354
5 24 24.668 9.466 15.597 24.231 10.053 16.289 23.889 9.917 16.311 24.999 10.174 16.571
5 24 -26.049 11.904 24.103 -25.348 12.418 25.443 -27.003 14.335 21.796 -24.951 10.75 24.759
5 24 34.235 -2.071 21.249 34.392 -3.039 17.685 34.691 -3.101 21.271 32.852 -1.568 17.141
5 24 27.049 3.878 14.544 28.936 5.726 15.364 29.068 4.281 15.514 26.704 5.252 14.549
5 24 -29.68 -7.936 23.363 -30.137 -7.975 19.774 -31.615 -6.961 20.788 -28.896 -8.18 22.907
5 24 22.851 6.644 23.6 21.419 7.461 22.714 22.666 7.945 23.178 21.321 6.033 23.142
5 24 27.595 -0.173 24.239 28.33 -2.222 24.024 27.11 -0.557 23.276 28.842 -1.787 24.85
5 24 -23.632 11.893 16.072 -22.544 13.472 16.548 -23.177 13.788 16.154 -22.984 11.526 16.61
5 24 -21.869 3.585 23.833 -21.363 3.98 22.145 -21.728 2.867 21.977 -21.439 5.441 23.958
5 24 -25.056 9.383 15.374 -24.421 10.188 16.402 -24.882 10.286 16.491 -23.654 9.834 16.306
5 24 -30.022 -2.626 15.154 -29.328 -3.041 14.702 -29.056 -1.331 15.022 -30.107 -4.313 14.648
5 24 33.147 -5.306 22.767 34.691 -3.101 21.271 33.816 -4.849 20.09 33.836 -4.074 23.395
5 24 -20.534 8.062 19.389 -20.723 8.625 19.335 -22.431 8.85 15.71 -20.901 8.059 22.007
5 24 -24.989 4.734 14.052 -24.115 5.504 14.49 -24.593 5.89 14.37 -24.623 4.398 14.409
5 24 -26.54 6.705 14.84 -25.905 8.112 15.119 -27.889 8.914 15.639 -23.933 7.154 14.575
5 24 29.354 1.641 16.149 28.809 2.437 16.184 28.122 2.026 15.697 29.786 2.106 17.048
5 24 29.354 1.641 16.149 28.715 1.194 15.498 30.245 0.34 16.091 28.122 2.026 15.697
5 24 -26.389 0.656 23.007 -25.957 0.383 22.891 -26.457 -0.357 23.278 -25.964 1.024 22.759
5 24 23.028 11.619 16.479 22.526 11.38 15.938 23.889 9.917 16.311 21.971 13.583 16.217
5 24 -26.683 -1.556 23.709 -27.017 -1.238 23.753 -26.457 -0.357 23.278 -27.998 -2.615 24.376
5 24 -25.63 13.963 26.124 -27.187 15.443 22.444 -27.003 14.335 21.796 -25.789 15.325 26.539
5 24 -21.439 5.441 23.958 -22.974 5.925 24.214 -21.393 6.553 23.676 -23.508 4.164 24.206
5 24 28.322 -5.128 14.055 27.812 -7.261 14.352 29.184 -8.084 14.974 26.824 -5.983 13.984
5 24 25.596 -3.979 23.13 25.98 -3.667 23.007 25.012 -1.844 22.928 26.591 -5.639 23.506
5 24 -19.739 18.452 23.938 -23.356 18.385 24.581 -20.056 19.12 22.529 -19.769 17.548 25.056
5 24 24.219 -2.939 16.581 24.345 -2.848 19.29 25.031 -4.849 19.379 23.586 -0.419 18.729
5 24 -26.909 13.078 19.182 -26.568 13.523 17.758 -26.705 14.735 18.165 -26.795 12.587 18.496
5 24 -24.882 10.286 16.491 -24.433 10.545 16.36 -24.767 10.619 16.504 -24.421 10.188 16.402
5 24 24.472 7.371 24.259 22.851 6.644 23.6 22.666 7.945 23.178 24.875 5.785 24.479
5 24 -29.169 0.89 15.542 -29.805 1.346 16.151 -28.422 2.051 15.748 -30.737 0.019 16.004
5 24 26.341 16.376 26.28 26.952 15.943 24.44 26.209 15.185 26.721 27.076 17.357 24.658
5 24 27.573 17.101 18.43 28.262 17.123 22.451 27.769 18.251 19.208 28.082 15.891 22.37
5 24 24.929 -5.079 16.381 25.031 -4.849 19.379 24.219 -2.939 16.581 26.088 -6.551 19.333
5 24 29.184 -8.084 14.974 27.355 -8.146 16.134 27.812 -7.261 14.352 28.98 -8.581 16.262
5 24 -20.564 19.234 20.081 -19.566 17.422 21.828 -21.057 18.989 18.183 -20.056 19.12 22.529
5 24 -29.056 -1.331 15.022 -30.477 -2.26 15.585 -30.022 -2.626 15.154 -29.525 -0.912 15.516
5 24 -26.439 -6.63 19.027 -26.316 -6.726 16.028 -25.155 -4.902 16.299 -28.994 -8.472 19.291
5 24 22.478 1.731 22.734 21.281 4.163 22.647 21.472 4.289 23.358 22.131 2.005 22.013
5 24 25.382 0.304 14.654 26.391 1.407 15.061 26.576 0.51 14.714 25.295 1.415 14.996
5 24 27.442 1.62 23.173 26.513 2.181 23.556 27.623 2.123 22.864 27.066 1.551 23.252
5 24 -25.241 1.387 14.942 -24.649 1.485 15.306 -25.391 2.09 14.42 -23.545 -0.309 16.981
5 24 26.391 1.407 15.061 25.344 2.11 14.427 25.295 1.415 14.996 27.225 2.378 14.971
5 24 24.668 9.466 15.597 24.999 10.174 16.571 25.448 10.331 16.376 24.231 10.053 16.289
5 24 25.559 8.024 14.996 27.63 8.976 15.72 26.6 10.14 16.132 26.172 6.638 14.715
5 24 -22.633 9.473 24.266 -22.863 9.472 24.317 -22.629 11.025 25.221 -22.911 8.336 23.481
5 24 25.69 12.507 25.712 26.654 13.982 23.759 26.005 12.035 23.729 26.054 14.015 26.604
5 24 26.088 -6.551 19.333 25.031 -4.849 19.379 24.929 -5.079 16.381 25.953 -6.255 22.857
5 24 26.005 12.035 23.729 25.297 10.901 24.96 25.69 12.507 25.712 25.487 10.441 23.61
5 24 31.803 -5.818 24.713 32.044 -6.287 21.886 33.147 -5.306 22.767 30.061 -7.437 23.814
5 24 20.393 9.891 23.011 19.783 12.439 19.895 20.155 11.291 23.784 19.984 10.643 19.524
5 24 -27.003 14.335 21.796 -26.049 11.904 24.103 -25.348 12.418 25.443 -26.943 13.448 21.004
5 24 -26.389 0.656 23.007 -26.722 0.823 23.648 -26.876 0.024 23.3 -26.42 1.244 23.443
5 24 32.852 -1.568 17.141 34.235 -2.071 21.249 34.392 -3.039 17.685 33.64 -1.381 21.162
5 24 27.595 -0.173 24.239 28.658 0.239 23.9 28.842 -1.787 24.85 27.442 1.62 23.173
5 24 -24.803 -3.236 19.045 -25.378 -4.852 19.111 -24.655 -3.383 16.516 -24.986 -2.771 22.335
5 24 -22.629 11.025 25.221 -23.235 12.552 25.86 -22.525 12.603 25.718 -23.09 11.024 25.16
5 24 -24.723 15.074 17.071 -23.81 16.538 17.195 -25.012 16.363 17.538 -23.814 15.205 16.735
5 24 -26.812 17.207 25.008 -24.055 19.284 22.999 -27.826 18.298 23.235 -23.356 18.385 24.581
5 24 27.362 -7.856 19.384 26.088 -6.551 19.333 25.892 -6.635 16.27 25.953 -6.255 22.857
5 24 27.355 -8.146 16.134 27.362 -7.856 19.384 28.98 -8.581 16.262 25.892 -6.635 16.27
5 24 24.037 12.87 25.458 24.411 10.903 25.364 23.762 11.086 24.657 24.608 12.527 25.997
5 24 23.028 11.619 16.479 21.971 13.583 16.217 22.526 11.38 15.938 22.477 13.778 16.495
5 24 34.691 -3.101 21.271 34.235 -2.071 21.249 32.866 -2.743 23.252 34.392 -3.039 17.685
5 24 -31.379 0.5 16.997 -31.86 0.13 20.412 -32.149 -0.522 17.066 -31.4 0.842 20.356
5 24 -27.458 16.603 22.914 -26.812 17.207 25.008 -27.826 18.298 23.235 -26.008 16.541 26.302
5 24 23.586 -0.419 18.729 23.654 0.057 20.886 23.163 0.625 20.326 24.345 -2.848 19.29
5 24 21.409 11.132 15.711 20.102 9.447 19.25 21.458 8.471 17.581 19.984 10.643 19.524
5 24 20.155 11.291 23.784 19.74 14.384 20.322 20.049 13.185 24.378 19.783 12.439 19.895
5 24 32.543 -5.201 16.486 31.29 -3.408 15.8 29.892 -4.308 14.999 32.418 -2.4 16.276
5 24 31.346 -7.095 17.953 31.001 -7.21 21.103 32.574 -5.997 19.005 29.891 -8.012 20.366
5 24 -28.358 0.668 23.719 -29.35 1.789 22.227 -27.837 1.262 23.356 -31.4 0.842 20.356
5 24 -26.741 1.408 15.591 -27.659 0.175 15.056 -27.111 -0.047 15.446 -27.41 1.576 15.366
5 24 24.411 10.903 25.364 25.297 10.901 24.96 24.608 12.527 25.997 24.325 9.644 24.583
5 24 28.441 7.444 15.397 27.63 8.976 15.72 28.844 7.467 16.19 26.172 6.638 14.715
5 24 -24.091 -0.625 16.908 -25.241 1.387 14.942 -23.545 -0.309 16.981 -25.4 -0.435 14.478
5 24 -23.545 -0.309 16.981 -24.091 -0.625 16.908 -24.003 -0.448 18.793 -25.241 1.387 14.942
5 24 24.325 9.644 24.583 23.762 11.086 24.657 24.411 10.903 25.364 23.644 9.865 23.939
5 24 -30.963 -1.832 15.55 -30.477 -2.26 15.585 -29.525 -0.912 15.516 -31.316 -3.399 15.368
5 24 23.8 1.015 15.885 25.382 0.304 14.654 25.295 1.415 14.996 23.495 -0.621 16.662
5 24 -22.863 9.472 24.317 -23.424 8.462 23.676 -23.436 9.488 24.121 -22.911 8.336 23.481
5 24 -22.134 16.735 16.825 -21.011 16.76 17.053 -24.035 17.679 17.667 -21.762 15.237 16.409
5 24 29.851 -3.023 25.093 30.978 -2.236 25.118 29.96 -1.091 24.593 31.994 -3.329 25.367
5 24 21.458 8.471 17.581 22.583 8.878 15.819 21.409 11.132 15.711 22.488 8 16.327
5 24 28.082 15.891 22.37 27.188 16 18.117 27.573 17.101 18.43 27.73 14.88 22.231
5 24 -24.654 11.935 16.735 -25.431 10.823 16.419 -25.381 12.124 16.506 -24.767 10.619 16.504
5 24 -25.075 14.998 17.443 -25.634 15.046 17.321 -25.425 13.608 16.904 -25.374 16.297 17.841
5 24 -25.789 15.325 26.539 -27.458 16.603 22.914 -26.008 16.541 26.302 -27.187 15.443 22.444
5 24 -28.027 0.289 15.164 -28.588 0.524 15.587 -29.525 -0.912 15.516 -27.41 1.576 15.366
5 24 -26.439 -6.63 19.027 -25.155 -4.902 16.299 -26.316 -6.726 16.028 -25.378 -4.852 19.111
5 24 24.929 -5.079 16.381 26.062 -4.223 13.939 24.219 -2.939 16.581 26.824 -5.983 13.984
5 24 -26.408 -4.204 13.808 -24.655 -3.383 16.516 -25.897 -2.504 14.054 -25.155 -4.902 16.299
5 24 -24.211 10.884 25.134 -24.951 10.75 24.759 -25.348 12.418 25.443 -24.664 9.675 24.149
5 24 23.028 11.619 16.479 24.231 10.053 16.289 23.489 11.914 16.027 23.889 9.917 16.311
5 24 -29.27 -7.761 14.503 -26.316 -6.726 16.028 -27.154 -5.914 13.92 -29.104 -8.489 15.601
5 24 -29.328 -3.041 14.702 -30.107 -4.313 14.648 -30.022 -2.626 15.154 -28.622 -3.545 14.304
5 24 -31.316 -3.399 15.368 -32.319 -2.321 15.869 -30.963 -1.832 15.55 -33.708 -4.382 16.508
5 24 -22.552 7.791 23.557 -22.911 8.336 23.481 -22.354 8.243 23.272 -23.424 8.462 23.676
5 24 23.844 11.951 16.051 23.577 13.857 16.304 23.489 11.914 16.027 24.14 11.982 16.167
5 24 -27.154 -5.914 13.92 -28.806 -5.019 13.988 -29.27 -7.761 14.503 -27.735 -3.832 13.924
5 24 -26.11 -2.065 22.887 -25.638 -2.284 23.106 -25.179 -0.934 22.702 -26.62 -3.697 23.492
5 24 -28.381 -4.586 24.451 -27.053 -5.457 23.705 -26.889 -3.5 23.841 -29.68 -7.936 23.363
5 24 -25.897 -2.504 14.054 -24.655 -3.383 16.516 -26.408 -4.204 13.808 -24.325 -1.752 16.67
5 24 26.479 12.025 17.361 25.149 11.958 16.154 26.457 10.638 17.26 25.34 13.636 16.551
5 24 29.068 -6.24 24.423 28.891 -3.86 24.675 30.651 -4.516 25.354 27.81 -4.804 24.146
5 24 -27.598 -2.076 15.049 -27.272 -2.105 14.242 -28.07 -3.772 14.568 -26.713 -0.076 14.671
5 24 28.082 15.891 22.37 26.952 15.943 24.44 26.834 14.952 24.216 28.262 17.123 22.451
5 24 26.513 2.181 23.556 26.523 1.327 23.201 24.853 1.463 22.879 27.066 1.551 23.252
5 24 24.608 12.527 25.997 25.297 10.901 24.96 24.411 10.903 25.364 25.69 12.507 25.712
5 24 -22.629 11.025 25.221 -22.633 9.473 24.266 -22.863 9.472 24.317 -22.229 11.06 25.163
5 24 28.161 0.891 15.662 28.122 2.026 15.697 28.715 1.194 15.498 27.609 1.763 15.685
5 24 -25.55 -4.494 22.818 -26.246 -3.929 23.347 -24.986 -2.771 22.335 -27.053 -5.457 23.705
5 24 -30.344 1.872 17.134 -31.4 0.842 20.356 -31.379 0.5 16.997 -31.071 1.544 20.383
5 24 30.245 0.34 16.091 29.354 1.641 16.149 30.568 0.873 16.979 28.715 1.194 15.498
5 24 23.033 8.591 23.195 22.024 9.907 23.496 22.441 9.889 23.956 22.482 8.461 22.798
5 24 26.062 -4.223 13.939 27.576 -3.712 14.043 26.824 -5.983 13.984 25.55 -1.857 14.195
5 24 -27.837 1.262 23.356 -29.35 1.789 22.227 -27.543 1.592 23.192 -28.358 0.668 23.719
5 24 20.393 9.891 23.011 21.271 9.763 23.447 20.937 11.038 24.14 20.672 8.685 22.109
5 24 23.035 13.92 16.232 23.577 13.857 16.304 23.489 11.914 16.027 23.662 15.309 16.595
5 24 -23.81 16.538 17.195 -23.814 15.205 16.735 -22.653 15.265 16.385 -24.723 15.074 17.071
5 24 -24.102 19.171 21.019 -27.642 18.224 19.834 -24.164 18.933 18.613 -27.59 18.43 21.561
5 24 23.051 17.45 25.642 27.076 17.357 24.658 23.608 18.413 23.774 26.341 16.376 26.28
5 24 -25.241 1.387 14.942 -23.545 -0.309 16.981 -24.649 1.485 15.306 -24.091 -0.625 16.908
5 24 -23.814 15.205 16.735 -22.653 15.265 16.385 -23.177 13.788 16.154 -23.81 16.538 17.195
5 24 -24.035 17.679 17.667 -25.586 17.42 18.148 -25.012 16.363 17.538 -24.164 18.933 18.613
5 24 23.784 16.594 17.099 24.538 15.102 16.71 25.388 16.334 17.38 23.662 15.309 16.595
5 24 -23.508 4.164 24.206 -25.15 4.894 24.669 -25.89 3.177 24.255 -22.974 5.925 24.214
5 24 -22.087 9.5 23.897 -22.633 9.473 24.266 -22.229 11.06 25.163 -22.911 8.336 23.481
5 24 26.737 1.436 15.564 27.423 0.733 15.264 27.245 1.579 15.504 26.913 0.534 15.485
5 24 25.899 3.05 24.156 23.141 5.075 23.851 24.875 5.785 24.479 24.168 2.388 23.442
5 24 -22.629 11.025 25.221 -22.229 11.06 25.163 -22.525 12.603 25.718 -22.633 9.473 24.266
5 24 -22.681 15.636 26.6 -22.842 17.276 26.07 -20.942 15.776 26.22 -24.357 15.513 26.903
5 24 26.118 4.087 23.796 26.513 2.181 23.556 25.899 3.05 24.156 27.623 2.123 22.864
5 24 -29.805 1.346 16.151 -31.379 0.5 16.997 -30.344 1.872 17.134 -30.737 0.019 16.004
5 24 23.495 -0.621 16.662 23.8 1.015 15.885 23.237 -0.143 16.617 25.382 0.304 14.654
5 24 -24.823 0.268 22.286 -23.315 0.405 22.44 -25.13 1.128 23.097 -23.977 -0.068 21.397
5 24 -29.512 -3.635 24.671 -28.904 -1.848 24.836 -28.499 -2.319 24.193 -30.025 -3.252 25.156
5 24 20.985 16.788 17.218 19.759 16.028 20.574 20.95 15.278 16.735 21.037 17.914 17.685
5 24 20.937 11.038 24.14 20.393 9.891 23.011 21.271 9.763 23.447 20.155 11.291 23.784
5 24 24.246 8.521 23.862 22.666 7.945 23.178 23.562 8.691 23.414 24.472 7.371 24.259
5 24 -28.358 0.668 23.719 -27.161 0.275 23.856 -27.805 -0.619 24.297 -27.837 1.262 23.356
5 24 23.608 18.413 23.774 23.051 17.45 25.642 27.076 17.357 24.658 20.204 17.805 24.377
5 24 28.656 -8.505 19.74 30.211 -7.906 17.099 29.891 -8.012 20.366 28.98 -8.581 16.262
5 24 -23.436 9.488 24.121 -23.09 11.024 25.16 -22.863 9.472 24.317 -23.697 11.1 24.787
5 24 -27.154 -5.914 13.92 -27.735 -3.832 13.924 -28.806 -5.019 13.988 -26.408 -4.204 13.808
5 24 -27.111 -0.047 15.446 -28.111 -1.84 14.623 -27.598 -2.076 15.049 -27.659 0.175 15.056
5 24 24.561 15.491 27.127 26.341 16.376 26.28 26.209 15.185 26.721 23.051 17.45 25.642
5 24 -26.364 1.378 15.025 -27.632 2.805 14.933 -25.391 2.09 14.42 -26.741 1.408 15.591
5 24 30.245 0.34 16.091 28.715 1.194 15.498 29.354 1.641 16.149 29.629 -0.323 15.267
5 24 -21.728 2.867 21.977 -21.869 3.585 23.833 -21.363 3.98 22.145 -22.623 1.697 23.179
5 24 29.96 -1.091 24.593 28.842 -1.787 24.85 29.851 -3.023 25.093 28.658 0.239 23.9
5 24 19.984 10.643 19.524 21.409 11.132 15.711 20.102 9.447 19.25 20.952 13.222 16.195
5 24 28.81 3.16 15.708 29.068 4.281 15.514 27.049 3.878 14.544 29.19 3.045 17.101
5 24 24.463 0.401 21.706 24.211 -2.215 22.228 23.786 0.152 21.121 25.012 -1.844 22.928
5 24 25.005 9.682 24.213 24.246 8.521 23.862 24.325 9.644 24.583 24.882 8.691 23.45
5 24 19.984 10.643 19.524 20.393 9.891 23.011 19.783 12.439 19.895 20.672 8.685 22.109
5 24 -22.552 7.791 23.557 -23.424 8.462 23.676 -24.289 8.161 24.137 -22.911 8.336 23.481
5 24 23.662 15.309 16.595 23.784 16.594 17.099 24.538 15.102 16.71 22.485 15.627 16.644
5 24 -25.195 0.377 22.301 -25.714 0.202 22.786 -25.59 0.679 22.619 -25.327 0.041 22.132
5 24 -25.63 13.963 26.124 -27.003 14.335 21.796 -27.187 15.443 22.444 -25.348 12.418 25.443
5 24 24.855 0.486 21.961 24.853 1.463 22.879 25.224 0.758 22.18 24.463 0.401 21.706
5 24 -26.705 14.735 18.165 -25.737 16.232 17.775 -27.103 15.906 18.583 -25.634 15.046 17.321
5 24 26.054 14.015 26.604 24.785 14.115 26.641 25.69 12.507 25.712 26.209 15.185 26.721
5 24 -22.746 6.978 23.98 -21.461 7.468 23.187 -21.393 6.553 23.676 -22.552 7.791 23.557
5 24 -27.859 0.218 15.076 -28.618 -1.597 14.783 -29.056 -1.331 15.022 -27.659 0.175 15.056
5 24 -30.344 1.872 17.134 -31.071 1.544 20.383 -31.4 0.842 20.356 -29.409 3.072 17.359
5 24 -27.402 -3.077 24.183 -26.889 -3.5 23.841 -26.405 -1.787 23.464 -28.381 -4.586 24.451
5 24 -26.54 6.705 14.84 -27.889 8.914 15.639 -28.769 7.35 15.314 -25.905 8.112 15.119
5 24 20.952 13.222 16.195 21.971 13.583 16.217 22.526 11.38 15.938 20.95 15.278 16.735
5 24 -27.111 -0.047 15.446 -26.364 1.378 15.025 -26.713 -0.076 14.671 -26.741 1.408 15.591
5 24 -28.769 7.35 15.314 -29.028 7.289 16.103 -27.889 8.914 15.639 -29.208 5.552 15.246
5 24 26.834 14.952 24.216 26.654 13.982 23.759 26.054 14.015 26.604 27.73 14.88 22.231
5 24 27.362 -7.856 19.384 28.98 -8.581 16.262 27.355 -8.146 16.134 28.656 -8.505 19.74
5 24 24.463 0.401 21.706 24.853 1.463 22.879 24.855 0.486 21.961 23.154 0.745 22.048
5 24 -26.421 12.257 17.489 -25.425 13.608 16.904 -26.568 13.523 17.758 -25.381 12.124 16.506
5 24 -26.008 16.541 26.302 -23.356 18.385 24.581 -22.842 17.276 26.07 -26.812 17.207 25.008
5 24 -29.671 5.08 16.579 -29.208 5.552 15.246 -29.028 7.289 16.103 -29.178 4.215 15.441
5 24 -23.573 14.272 26.33 -22.681 15.636 26.6 -24.357 15.513 26.903 -22.595 14.284 26.243
5 24 -30.137 -7.975 19.774 -31.615 -6.961 20.788 -32.215 -6.769 17.491 -29.68 -7.936 23.363
5 24 25.559 8.024 14.996 26.6 10.14 16.132 24.668 9.466 15.597 27.63 8.976 15.72
5 24 -27.659 0.175 15.056 -27.859 0.218 15.076 -27.41 1.576 15.366 -28.618 -1.597 14.783
5 24 -27.272 -2.105 14.242 -25.897 -2.504 14.054 -25.4 -0.435 14.478 -27.735 -3.832 13.924
5 24 -27.458 16.603 22.914 -26.008 16.541 26.302 -26.812 17.207 25.008 -25.789 15.325 26.539
5 24 26.995 13.118 19.274 27.73 14.88 22.231 26.9 14.813 17.95 27.339 13.744 22.014
5 24 -25.056 9.383 15.374 -24.882 10.286 16.491 -25.5 10.462 16.365 -24.421 10.188 16.402
5 24 -24.742 8.663 23.548 -24.289 8.161 24.137 -25.083 7.7 23.921 -23.993 8.493 23.842
5 24 -31.4 0.842 20.356 -29.041 -0.095 24.116 -28.358 0.668 23.719 -31.86 0.13 20.412
5 24 32.044 -6.287 21.886 30.061 -7.437 23.814 31.001 -7.21 21.103 31.803 -5.818 24.713
5 24 23.762 11.086 24.657 24.411 10.903 25.364 24.325 9.644 24.583 24.037 12.87 25.458
5 24 -19.566 17.422 21.828 -19.739 18.452 23.938 -20.056 19.12 22.529 -19.769 17.548 25.056
5 24 -20.945 6.958 21.76 -20.901 8.059 22.007 -20.534 8.062 19.389 -21.461 7.468 23.187
5 24 -21.461 7.468 23.187 -20.945 6.958 21.76 -21.393 6.553 23.676 -20.901 8.059 22.007
5 24 26.088 -6.551 19.333 25.953 -6.255 22.857 25.031 -4.849 19.379 27.362 -7.856 19.384
5 24 32.574 -5.997 19.005 32.044 -6.287 21.886 31.001 -7.21 21.103 33.816 -4.849 20.09
5 24 22.583 8.878 15.819 22.488 8 16.327 23.068 8.453 15.289 21.458 8.471 17.581
5 24 -21.461 7.468 23.187 -21.88 8.095 23.155 -21.485 8.12 22.822 -22.552 7.791 23.557
5 24 -31.86 0.13 20.412 -29.041 -0.095 24.116 -31.4 0.842 20.356 -30.125 -1.281 24.699
5 24 -22.552 7.791 23.557 -22.746 6.978 23.98 -24.289 8.161 24.137 -21.461 7.468 23.187
5 24 -24.311 2.335 23.733 -23.508 4.164 24.206 -25.89 3.177 24.255 -22.623 1.697 23.179
5 24 -22.653 15.265 16.385 -23.81 16.538 17.195 -23.814 15.205 16.735 -22.134 16.735 16.825
5 24 27.856 -1.329 14.677 27.274 -1.326 15.323 27.423 0.733 15.264 27.904 -3.643 14.686
5 24 -24.055 19.284 22.999 -20.056 19.12 22.529 -24.102 19.171 21.019 -23.356 18.385 24.581
5 24 -24.357 15.513 26.903 -22.681 15.636 26.6 -22.842 17.276 26.07 -23.573 14.272 26.33
5 24 20.95 15.278 16.735 19.783 12.439 19.895 20.952 13.222 16.195 19.74 14.384 20.322
5 24 24.785 14.115 26.641 24.299 14.225 26.31 24.561 15.491 27.127 24.608 12.527 25.997
5 24 23.028 11.619 16.479 23.489 11.914 16.027 22.477 13.778 16.495 24.231 10.053 16.289
5 24 -27.632 2.805 14.933 -27.964 1.789 15.733 -28.422 2.051 15.748 -27.41 1.576 15.366
5 24 21.321 6.033 23.142 22.851 6.644 23.6 23.141 5.075 23.851 21.419 7.461 22.714
5 24 -31.988 -5.949 15.59 -30.107 -4.313 14.648 -30.452 -7.114 14.848 -31.316 -3.399 15.368
5 24 27.274 -1.326 15.323 27.423 0.733 15.264 26.913 0.534 15.485 27.856 -1.329 14.677
5 24 -24.767 10.619 16.504 -24.433 10.545 16.36 -24.882 10.286 16.491 -24.381 11.954 16.308
5 24 -29.178 4.215 15.441 -27.632 2.805 14.933 -27.465 3.964 14.636 -28.975 3.46 15.679
5 24 25.69 12.507 25.712 24.608 12.527 25.997 25.297 10.901 24.96 24.785 14.115 26.641
5 24 28.322 -5.128 14.055 30.317 -7.395 15.372 29.892 -4.308 14.999 29.184 -8.084 14.974
5 24 -24.43 13.71 16.556 -23.863 13.787 16.342 -24.004 11.948 16.15 -23.814 15.205 16.735
5 24 23.654 0.057 20.886 24.345 -2.848 19.29 23.586 -0.419 18.729 24.211 -2.215 22.228
5 24 22.566 14.354 26.131 21.046 13.071 25.066 20.049 13.185 24.378 22.397 12.93 25.578
5 24 -31.316 -3.399 15.368 -31.988 -5.949 15.59 -30.107 -4.313 14.648 -33.708 -4.382 16.508
5 24 -27.402 -3.077 24.183 -27.998 -2.615 24.376 -28.381 -4.586 24.451 -26.683 -1.556 23.709
5 24 28.98 -8.581 16.262 30.317 -7.395 15.372 29.184 -8.084 14.974 30.211 -7.906 17.099
5 24 -25.374 16.297 17.841 -25.012 16.363 17.538 -25.586 17.42 18.148 -25.075 14.998 17.443
5 24 -30.477 -2.26 15.585 -30.022 -2.626 15.154 -29.056 -1.331 15.022 -31.316 -3.399 15.368
5 24 23.489 11.914 16.027 23.844 11.951 16.051 24.231 10.053 16.289 23.577 13.857 16.304
5 24 -19.779 15.986 25.36 -19.566 15.781 21.348 -19.566 17.422 21.828 -19.741 14.514 25.258
5 24 23.894 7.182 14.57 23.847 5.823 14.897 23.174 7.04 15.453 24.429 5.981 14.326
5 24 29.354 1.641 16.149 28.122 2.026 15.697 28.715 1.194 15.498 28.809 2.437 16.184
5 24 20.672 8.685 22.109 21.854 8.214 22.555 21.271 9.763 23.447 21.462 8.076 22.32
5 24 19.926 17.674 20.823 20.343 18.682 22.967 20.204 17.805 24.377 20.545 19.188 21.059
5 24 -25.586 17.42 18.148 -24.164 18.933 18.613 -27.642 18.224 19.834 -24.035 17.679 17.667
5 24 27.225 2.378 14.971 26.391 1.407 15.061 27.245 1.579 15.504 25.344 2.11 14.427
5 24 21.178 5.255 22.3 21.321 6.033 23.142 21.472 4.289 23.358 21.081 6.467 22.285
5 24 26.172 6.638 14.715 28.441 7.444 15.397 27.63 8.976 15.72 26.704 5.252 14.549
5 24 26.704 5.252 14.549 27.049 3.878 14.544 28.936 5.726 15.364 24.959 4.763 14.062
5 24 23.068 8.453 15.289 22.488 8 16.327 23.174 7.04 15.453 22.583 8.878 15.819
5 24 29.092 -0.627 15.64 29.629 -0.323 15.267 28.715 1.194 15.498 30.108 -2.073 15.718
5 24 -27.964 1.789 15.733 -29.169 0.89 15.542 -28.588 0.524 15.587 -28.422 2.051 15.748
5 24 26.576 0.51 14.714 26.913 0.534 15.485 26.391 1.407 15.061 27.274 -1.326 15.323
5 24 -31.528 -1.229 16.005 -30.737 0.019 16.004 -30.039 -0.493 15.398 -32.149 -0.522 17.066
5 24 24.024 17.722 17.655 21.037 17.914 17.685 21.116 19.017 18.248 20.985 16.788 17.218
5 24 27.225 2.378 14.971 25.344 2.11 14.427 27.049 3.878 14.544 26.391 1.407 15.061
5 24 25.304 3.371 14.135 27.049 3.878 14.544 25.344 2.11 14.427 24.959 4.763 14.062
5 24 -28.618 -1.597 14.783 -27.659 0.175 15.056 -27.859 0.218 15.076 -28.111 -1.84 14.623
5 24 -22.203 13.465 16.078 -22.544 13.472 16.548 -22.699 11.519 15.776 -22.076 15.267 16.661
5 24 23.577 13.857 16.304 24.14 11.982 16.167 24.226 13.827 16.51 23.844 11.951 16.051
5 24 26.479 12.025 17.361 26.77 12.446 18.643 26.704 13.602 17.653 26.457 10.638 17.26
5 24 -26.11 -2.065 22.887 -26.078 -0.657 23.078 -25.608 -0.673 22.376 -26.405 -1.787 23.464
5 24 27.65 0.83 15.356 28.161 0.891 15.662 27.609 1.763 15.685 29.092 -0.627 15.64
5 24 22.397 12.93 25.578 22.566 14.354 26.131 21.046 13.071 25.066 23.378 12.821 25.764
5 24 26.591 -5.639 23.506 24.926 -4.624 22.718 25.953 -6.255 22.857 25.596 -3.979 23.13
5 24 -20.723 8.625 19.335 -20.901 8.059 22.007 -20.028 10.564 19.688 -20.534 8.062 19.389
5 24 30.108 -2.073 15.718 30.845 -2.045 15.658 29.629 -0.323 15.267 31.29 -3.408 15.8
5 24 -31.157 -2.483 25.262 -33.405 -1.704 20.582 -33.094 -4.502 24.48 -32.639 -0.846 20.533
5 24 32.221 0.424 20.961 31.501 1.332 21.137 29.786 2.106 17.048 30.57 0.154 22.609
5 24 -23.933 7.154 14.575 -25.905 8.112 15.119 -23.18 8.297 14.947 -26.54 6.705 14.84
5 24 22.566 14.354 26.131 22.666 15.817 26.379 20.022 14.702 24.529 23.919 14.25 26.489
5 24 -26.457 -0.357 23.278 -27.527 -0.977 23.747 -26.876 0.024 23.3 -27.017 -1.238 23.753
5 24 -29.041 -0.095 24.116 -28.904 -1.848 24.836 -30.125 -1.281 24.699 -27.805 -0.619 24.297
5 24 -23.235 12.552 25.86 -22.595 14.284 26.243 -22.525 12.603 25.718 -23.573 14.272 26.33
5 24 -25.012 16.363 17.538 -23.81 16.538 17.195 -24.035 17.679 17.667 -24.723 15.074 17.071
5 24 -22.699 11.519 15.776 -22.544 13.472 16.548 -22.984 11.526 16.61 -22.203 13.465 16.078
5 24 22.666 15.817 26.379 23.051 17.45 25.642 24.561 15.491 27.127 20.089 16.206 24.649
5 24 -22.087 9.5 23.897 -22.229 11.06 25.163 -21.693 11.221 24.775 -22.633 9.473 24.266
5 24 -24.989 4.734 14.052 -27.101 5.313 14.655 -24.593 5.89 14.37 -27.465 3.964 14.636
5 24 20.952 13.222 16.195 22.526 11.38 15.938 21.971 13.583 16.217 21.409 11.132 15.711
5 24 -28.027 0.289 15.164 -27.859 0.218 15.076 -27.41 1.576 15.366 -29.056 -1.331 15.022
5 24 24.211 -2.215 22.228 24.345 -2.848 19.29 24.926 -4.624 22.718 23.654 0.057 20.886
5 24 -21.675 11.217 15.691 -22.699 11.519 15.776 -21.261 13.193 15.968 -23.322 9.501 15.69
5 24 -25.13 1.128 23.097 -25.964 1.024 22.759 -26.42 1.244 23.443 -25.59 0.679 22.619
5 24 -26.422 -6.091 23.016 -26.439 -6.63 19.027 -25.378 -4.852 19.111 -28.896 -8.18 22.907
5 24 23.586 -0.419 18.729 24.345 -2.848 19.29 24.219 -2.939 16.581 23.654 0.057 20.886
5 24 21.081 6.467 22.285 21.321 6.033 23.142 21.178 5.255 22.3 21.419 7.461 22.714
5 24 -24.767 10.619 16.504 -25.5 10.462 16.365 -24.882 10.286 16.491 -25.431 10.823 16.419
5 24 24.226 13.827 16.51 24.738 13.601 16.824 24.538 15.102 16.71 24.14 11.982 16.167
5 24 -27.003 14.335 21.796 -26.943 13.448 21.004 -26.909 13.078 19.182 -26.049 11.904 24.103
5 24 24.168 2.388 23.442 23.141 5.075 23.851 25.899 3.05 24.156 21.472 4.289 23.358
5 24 20.672 8.685 22.109 20.102 9.447 19.25 19.984 10.643 19.524 20.817 8.035 21.495
5 24 23.762 11.086 24.657 23.023 11.052 25.001 23.378 12.821 25.764 23.075 9.875 24.02
5 24 20.022 14.702 24.529 19.74 14.384 20.322 20.049 13.185 24.378 19.759 16.028 20.574
5 24 21.116 19.017 18.248 24.149 19.256 21.743 24.223 18.941 18.406 20.545 19.188 21.059
5 24 31.234 -1.038 16.12 30.845 -2.045 15.658 32.418 -2.4 16.276 29.629 -0.323 15.267
5 24 23.784 16.594 17.099 24.024 17.722 17.655 20.985 16.788 17.218 25.388 16.334 17.38
5 24 -25.45 6.114 24.163 -24.721 6.584 24.623 -25.15 4.894 24.669 -25.083 7.7 23.921
5 24 -24.914 -0.136 22.343 -25.608 -0.673 22.376 -25.327 0.041 22.132 -25.179 -0.934 22.702
5 24 28.936 5.726 15.364 28.844 7.467 16.19 28.441 7.444 15.397 29.526 5.261 16.457
5 24 -28.618 -1.597 14.783 -29.056 -1.331 15.022 -27.859 0.218 15.076 -29.328 -3.041 14.702
5 24 30.061 -7.437 23.814 31.001 -7.21 21.103 29.891 -8.012 20.366 32.044 -6.287 21.886
5 24 -23.424 8.462 23.676 -24.289 8.161 24.137 -22.552 7.791 23.557 -23.993 8.493 23.842
5 24 23.023 11.052 25.001 22.73 9.876 24.063 22.493 11.074 24.888 23.075 9.875 24.02
5 24 22.131 2.005 22.013 23.154 0.745 22.048 22.672 1.207 20.978 22.478 1.731 22.734
5 24 -26.405 -1.787 23.464 -26.683 -1.556 23.709 -26.078 -0.657 23.078 -27.402 -3.077 24.183
5 24 -22.331 1.358 19.918 -23.965 -0.147 20.449 -22.819 0.666 19.297 -23.977 -0.068 21.397
5 24 20.049 13.185 24.378 22.566 14.354 26.131 20.022 14.702 24.529 21.046 13.071 25.066
5 24 -21.261 13.193 15.968 -19.798 12.324 20.215 -21.011 15.047 16.41 -20.028 10.564 19.688
5 24 -25.155 -4.902 16.299 -25.378 -4.852 19.111 -24.655 -3.383 16.516 -26.439 -6.63 19.027
5 24 23.577 13.857 16.304 24.226 13.827 16.51 23.662 15.309 16.595 24.14 11.982 16.167
5 24 -33.708 -4.382 16.508 -32.215 -6.769 17.491 -34.058 -5.387 19.35 -31.988 -5.949 15.59
5 24 -30.583 -7.925 16.241 -30.137 -7.975 19.774 -28.994 -8.472 19.291 -32.215 -6.769 17.491
5 24 -24.004 11.948 16.15 -23.863 13.787 16.342 -24.43 13.71 16.556 -23.632 11.893 16.072
5 24 23.784 16.594 17.099 25.388 16.334 17.38 24.024 17.722 17.655 24.538 15.102 16.71
5 24 -23.81 16.538 17.195 -24.035 17.679 17.667 -25.012 16.363 17.538 -22.134 16.735 16.825
5 24 26.834 14.952 24.216 26.952 15.943 24.44 26.209 15.185 26.721 28.082 15.891 22.37
5 24 24.149 19.256 21.743 24.223 18.941 18.406 27.769 18.251 19.208 21.116 19.017 18.248
5 24 22.005 11.063 24.665 21.6 11.122 24.207 22.441 9.889 23.956 21.046 13.071 25.066
5 24 -31.071 1.544 20.383 -31.4 0.842 20.356 -29.35 1.789 22.227 -30.344 1.872 17.134
5 24 -20.049 11.097 24.15 -21.158 11.078 24.791 -19.895 12.839 24.907 -21.484 9.344 24.189
5 24 22.666 15.817 26.379 20.022 14.702 24.529 20.089 16.206 24.649 22.566 14.354 26.131
5 24 -32.639 -0.846 20.533 -33.405 -1.704 20.582 -31.157 -2.483 25.262 -32.986 -1.54 17.122
5 24 -27.642 18.224 19.834 -25.586 17.42 18.148 -24.164 18.933 18.613 -27.529 16.992 19.013
5 24 -20.028 10.564 19.688 -20.301 9.498 23.287 -20.901 8.059 22.007 -19.798 12.324 20.215
5 24 22.526 11.38 15.938 22.583 8.878 15.819 21.409 11.132 15.711 23.458 9.526 15.892
5 24 20.155 11.291 23.784 20.937 11.038 24.14 20.393 9.891 23.011 20.049 13.185 24.378
5 24 26.523 1.327 23.201 24.853 1.463 22.879 26.513 2.181 23.556 25.77 0.984 22.648
5 24 24.676 11.962 16.557 25.448 10.331 16.376 25.149 11.958 16.154 24.999 10.174 16.571
5 24 -19.798 12.324 20.215 -19.641 14.128 20.782 -21.011 15.047 16.41 -20.049 11.097 24.15
5 24 29.068 -6.24 24.423 27.184 -7.544 23.218 26.591 -5.639 23.506 28.719 -8.342 23.149
5 24 20.102 9.447 19.25 21.458 8.471 17.581 21.409 11.132 15.711 20.266 8.541 18.971
5 24 19.759 16.028 20.574 20.022 14.702 24.529 19.74 14.384 20.322 20.089 16.206 24.649
5 24 30.978 -2.236 25.118 32.866 -2.743 23.252 32.166 -1.734 23.117 31.994 -3.329 25.367
5 24 -25.957 0.383 22.891 -25.964 1.024 22.759 -26.389 0.656 23.007 -25.59 0.679 22.619
5 24 26.9 14.813 17.95 25.488 15.074 16.96 26.704 13.602 17.653 25.388 16.334 17.38
5 24 -29.525 -0.912 15.516 -30.039 -0.493 15.398 -30.963 -1.832 15.55 -28.588 0.524 15.587
5 24 -26.722 0.823 23.648 -27.167 1.523 23.273 -27.837 1.262 23.356 -26.42 1.244 23.443
5 24 -27.167 1.523 23.273 -27.837 1.262 23.356 -26.722 0.823 23.648 -27.543 1.592 23.192
5 24 21.046 13.071 25.066 22.397 12.93 25.578 22.566 14.354 26.131 22.005 11.063 24.665
5 24 -20.942 15.776 26.22 -19.779 15.986 25.36 -19.741 14.514 25.258 -22.842 17.276 26.07
5 24 -26.31 11.146 17.183 -25.431 10.823 16.419 -25.381 12.124 16.506 -26.507 10.588 17.08
5 24 26.118 4.087 23.796 25.899 3.05 24.156 24.875 5.785 24.479 26.513 2.181 23.556
5 24 -29.805 1.346 16.151 -30.344 1.872 17.134 -28.937 2.409 16.274 -31.379 0.5 16.997
5 24 24.785 14.115 26.641 26.209 15.185 26.721 26.054 14.015 26.604 24.561 15.491 27.127
5 24 -30.961 -6.871 24.159 -30.81 -4.722 25.343 -32.281 -5.597 24.673 -28.381 -4.586 24.451
5 24 -27.805 -0.619 24.297 -28.358 0.668 23.719 -29.041 -0.095 24.116 -27.161 0.275 23.856
5 24 32.044 -6.287 21.886 33.816 -4.849 20.09 32.574 -5.997 19.005 33.147 -5.306 22.767
5 24 22.666 15.817 26.379 24.561 15.491 27.127 23.919 14.25 26.489 23.051 17.45 25.642
5 24 27.076 17.357 24.658 23.608 18.413 23.774 24.149 19.256 21.743 23.051 17.45 25.642
5 24 29.354 1.641 16.149 29.786 2.106 17.048 30.568 0.873 16.979 28.809 2.437 16.184
5 24 21.419 7.461 22.714 21.081 6.467 22.285 21.321 6.033 23.142 20.973 7.278 21.977
5 24 32.166 -1.734 23.117 32.866 -2.743 23.252 33.64 -1.381 21.162 30.978 -2.236 25.118
5 24 -26.507 10.588 17.08 -25.056 9.383 15.374 -25.5 10.462 16.365 -26.958 9.935 15.961
5 24 29.629 -0.323 15.267 31.234 -1.038 16.12 30.245 0.34 16.091 30.845 -2.045 15.658
5 24 24.668 9.466 15.597 23.458 9.526 15.892 23.068 8.453 15.289 23.889 9.917 16.311
5 24 29.068 4.281 15.514 28.936 5.726 15.364 27.049 3.878 14.544 29.526 5.261 16.457
5 24 19.984 10.643 19.524 19.783 12.439 19.895 20.393 9.891 23.011 20.952 13.222 16.195
5 24 -23.632 11.893 16.072 -22.984 11.526 16.61 -22.544 13.472 16.548 -24.421 10.188 16.402
5 24 -19.566 15.781 21.348 -19.741 14.514 25.258 -19.779 15.986 25.36 -19.641 14.128 20.782
5 24 -25.89 3.177 24.255 -24.311 2.335 23.733 -23.508 4.164 24.206 -25.13 1.128 23.097
5 24 -29.178 4.215 15.441 -29.671 5.08 16.579 -29.409 3.072 17.359 -29.208 5.552 15.246
5 24 24.219 -2.939 16.581 26.062 -4.223 13.939 24.929 -5.079 16.381 25.55 -1.857 14.195
5 24 -27.41 1.576 15.366 -28.588 0.524 15.587 -28.027 0.289 15.164 -27.964 1.789 15.733
5 24 24.538 15.102 16.71 25.018 15.096 17.016 25.388 16.334 17.38 24.738 13.601 16.824
5 24 33.64 -1.381 21.162 32.166 -1.734 23.117 32.929 -0.488 21.036 32.866 -2.743 23.252
5 24 23.068 8.453 15.289 23.174 7.04 15.453 23.894 7.182 14.57 22.488 8 16.327
5 24 -21.728 2.867 21.977 -22.623 1.697 23.179 -21.869 3.585 23.833 -22.174 1.717 21.194
5 24 -26.457 -0.357 23.278 -26.078 -0.657 23.078 -25.714 0.202 22.786 -26.683 -1.556 23.709
5 24 33.147 -5.306 22.767 32.044 -6.287 21.886 33.816 -4.849 20.09 31.803 -5.818 24.713
5 24 24.325 9.644 24.583 25.005 9.682 24.213 25.297 10.901 24.96 24.246 8.521 23.862
5 24 21.462 8.076 22.32 20.672 8.685 22.109 21.854 8.214 22.555 20.817 8.035 21.495
5 24 23.608 18.413 23.774 20.343 18.682 22.967 20.545 19.188 21.059 20.204 17.805 24.377
5 24 -25.13 1.128 23.097 -26.72 2.003 23.53 -25.89 3.177 24.255 -26.42 1.244 23.443
5 24 -25.374 16.297 17.841 -25.634 15.046 17.321 -25.075 14.998 17.443 -25.737 16.232 17.775
5 24 -24.787 13.526 17.052 -24.43 13.71 16.556 -24.723 15.074 17.071 -24.381 11.954 16.308
5 24 -22.699 11.519 15.776 -22.984 11.526 16.61 -23.654 9.834 16.306 -22.544 13.472 16.548
5 24 26.434 -1.002 23.546 25.793 -1.526 23.221 25.224 0.758 22.18 27.639 -2.75 24.284
5 24 -25.89 3.177 24.255 -26.219 4.059 23.97 -25.15 4.894 24.669 -26.72 2.003 23.53
5 24 -24.767 10.619 16.504 -24.381 11.954 16.308 -24.654 11.935 16.735 -24.433 10.545 16.36
5 24 -27.017 -1.238 23.753 -27.527 -0.977 23.747 -27.998 -2.615 24.376 -26.457 -0.357 23.278
5 24 32.866 -2.743 23.252 32.98 -4.253 24.697 33.836 -4.074 23.395 31.994 -3.329 25.367
5 24 25.559 8.024 14.996 23.894 7.182 14.57 26.172 6.638 14.715 23.068 8.453 15.289
5 24 25.559 8.024 14.996 26.172 6.638 14.715 23.894 7.182 14.57 27.63 8.976 15.72
5 24 -33.405 -1.704 20.582 -34.242 -4.446 22.978 -33.094 -4.502 24.48 -34.935 -3.691 21.067
5 24 22.441 9.889 23.956 22.024 9.907 23.496 23.033 8.591 23.195 21.6 11.122 24.207
5 24 27.573 17.101 18.43 24.024 17.722 17.655 27.188 16 18.117 24.223 18.941 18.406
5 24 -30.107 -4.313 14.648 -31.316 -3.399 15.368 -30.022 -2.626 15.154 -31.988 -5.949 15.59
5 24 -29.68 -7.936 23.363 -31.615 -6.961 20.788 -30.137 -7.975 19.774 -30.961 -6.871 24.159
5 24 -22.525 12.603 25.718 -22.229 11.06 25.163 -22.629 11.025 25.221 -21.315 12.847 25.607
5 24 -27.161 0.275 23.856 -27.527 -0.977 23.747 -27.805 -0.619 24.297 -26.876 0.024 23.3
5 24 -22.653 15.265 16.385 -22.076 15.267 16.661 -22.544 13.472 16.548 -22.134 16.735 16.825
5 24 25.953 -6.255 22.857 27.362 -7.856 19.384 26.088 -6.551 19.333 27.184 -7.544 23.218
5 24 24.875 5.785 24.479 25.448 5.877 23.861 26.118 4.087 23.796 24.472 7.371 24.259
5 24 31.345 -0.812 22.961 30.978 -2.236 25.118 29.96 -1.091 24.593 32.166 -1.734 23.117
5 24 28.656 -8.505 19.74 27.362 -7.856 19.384 27.184 -7.544 23.218 28.98 -8.581 16.262
5 24 -27.465 3.964 14.636 -25.369 3.342 14.055 -24.989 4.734 14.052 -27.632 2.805 14.933
5 24 28.719 -8.342 23.149 29.891 -8.012 20.366 28.656 -8.505 19.74 30.061 -7.437 23.814
5 24 23.919 14.25 26.489 22.566 14.354 26.131 22.666 15.817 26.379 23.378 12.821 25.764
5 24 -22.629 11.025 25.221 -22.525 12.603 25.718 -23.235 12.552 25.86 -22.229 11.06 25.163
5 24 20.266 8.541 18.971 20.102 9.447 19.25 20.817 8.035 21.495 21.458 8.471 17.581
5 24 22.478 1.731 22.734 24.168 2.388 23.442 23.154 0.745 22.048 21.472 4.289 23.358
5 24 24.926 -4.624 22.718 25.596 -3.979 23.13 24.211 -2.215 22.228 26.591 -5.639 23.506
5 24 -20.301 9.498 23.287 -21.484 9.344 24.189 -20.049 11.097 24.15 -21.485 8.12 22.822
5 24 25.012 -1.844 22.928 25.98 -3.667 23.007 25.458 -1.708 22.646 25.596 -3.979 23.13
5 24 29.134 -3.313 14.752 29.905 -2.66 15.33 28.666 -1.066 14.962 29.892 -4.308 14.999
5 24 23.762 11.086 24.657 23.075 9.875 24.02 23.023 11.052 25.001 23.644 9.865 23.939
5 24 29.629 -0.323 15.267 30.108 -2.073 15.718 30.845 -2.045 15.658 29.092 -0.627 15.64
5 24 -21.675 11.217 15.691 -20.028 10.564 19.688 -20.723 8.625 19.335 -21.261 13.193 15.968
5 24 33.836 -4.074 23.395 33.147 -5.306 22.767 32.98 -4.253 24.697 34.691 -3.101 21.271
5 24 -24.572 14.103 26.438 -25.63 13.963 26.124 -25.789 15.325 26.539 -24.387 12.435 25.844
5 24 -25.55 -4.494 22.818 -25.378 -4.852 19.111 -26.422 -6.091 23.016 -24.986 -2.771 22.335
5 24 -26.675 11.683 17.7 -26.31 11.146 17.183 -26.421 12.257 17.489 -26.507 10.588 17.08
5 24 -31.615 -6.961 20.788 -32.215 -6.769 17.491 -34.058 -5.387 19.35 -30.137 -7.975 19.774
5 24 -22.595 14.284 26.243 -22.681 15.636 26.6 -21.138 14.275 25.968 -23.573 14.272 26.33
5 24 -29.328 -3.041 14.702 -29.056 -1.331 15.022 -28.618 -1.597 14.783 -30.022 -2.626 15.154
5 24 23.889 9.917 16.311 24.668 9.466 15.597 24.231 10.053 16.289 23.458 9.526 15.892
5 24 25.448 10.331 16.376 26.6 10.14 16.132 24.668 9.466 15.597 26.457 10.638 17.26
5 24 27.609 1.763 15.685 27.225 2.378 14.971 28.122 2.026 15.697 27.245 1.579 15.504
5 24 -22.525 12.603 25.718 -21.315 12.847 25.607 -22.229 11.06 25.163 -22.595 14.284 26.243
5 24 -26.795 12.587 18.496 -26.421 12.257 17.489 -26.568 13.523 17.758 -26.675 11.683 17.7
5 24 21.409 11.132 15.711 22.526 11.38 15.938 20.952 13.222 16.195 22.583 8.878 15.819
5 24 20.973 7.278 21.977 21.462 8.076 22.32 20.817 8.035 21.495 21.419 7.461 22.714
5 24 30.317 -7.395 15.372 30.211 -7.906 17.099 31.34 -6.422 15.819 28.98 -8.581 16.262
5 24 25.69 12.507 25.712 26.005 12.035 23.729 26.654 13.982 23.759 25.297 10.901 24.96
5 24 -22.842 17.276 26.07 -24.357 15.513 26.903 -22.681 15.636 26.6 -26.008 16.541 26.302
5 24 -23.508 4.164 24.206 -21.869 3.585 23.833 -21.439 5.441 23.958 -22.623 1.697 23.179
5 24 30.57 0.154 22.609 29.96 -1.091 24.593 28.658 0.239 23.9 31.345 -0.812 22.961
5 24 -27.161 0.275 23.856 -26.876 0.024 23.3 -27.527 -0.977 23.747 -26.722 0.823 23.648
5 24 21.6 11.122 24.207 21.271 9.763 23.447 20.937 11.038 24.14 22.024 9.907 23.496
5 24 23.608 18.413 23.774 20.204 17.805 24.377 20.343 18.682 22.967 23.051 17.45 25.642
5 24 -31.4 0.842 20.356 -29.35 1.789 22.227 -28.358 0.668 23.719 -31.071 1.544 20.383
5 24 23.154 0.745 22.048 22.672 1.207 20.978 22.131 2.005 22.013 23.163 0.625 20.326
5 24 -24.655 -3.383 16.516 -24.803 -3.236 19.045 -24.325 -1.752 16.67 -25.378 -4.852 19.111
5 24 -21.011 15.047 16.41 -21.762 15.237 16.409 -21.011 16.76 17.053 -22.203 13.465 16.078
5 24 26.704 13.602 17.653 26.77 12.446 18.643 26.995 13.118 19.274 26.479 12.025 17.361
5 24 -25.905 8.112 15.119 -23.18 8.297 14.947 -25.056 9.383 15.374 -23.933 7.154 14.575
5 24 -25.391 2.09 14.42 -26.364 1.378 15.025 -25.241 1.387 14.942 -27.632 2.805 14.933
5 24 -22.203 13.465 16.078 -21.011 15.047 16.41 -21.762 15.237 16.409 -21.261 13.193 15.968
5 24 19.74 14.384 20.322 20.95 15.278 16.735 19.783 12.439 19.895 19.759 16.028 20.574
5 24 -22.331 1.358 19.918 -23.977 -0.068 21.397 -22.174 1.717 21.194 -23.965 -0.147 20.449
5 24 26.391 1.407 15.061 27.245 1.579 15.504 27.225 2.378 14.971 26.737 1.436 15.564
5 24 26.576 0.51 14.714 25.382 0.304 14.654 26.391 1.407 15.061 26.983 -1.46 14.368
5 24 22.666 7.945 23.178 22.482 8.461 22.798 23.033 8.591 23.195 21.854 8.214 22.555
5 24 -29.104 -8.489 15.601 -30.452 -7.114 14.848 -30.583 -7.925 16.241 -29.27 -7.761 14.503
5 24 -21.138 14.275 25.968 -22.595 14.284 26.243 -21.315 12.847 25.607 -22.681 15.636 26.6
5 24 -25.369 3.342 14.055 -24.701 3.23 14.658 -24.623 4.398 14.409 -25.391 2.09 14.42
5 24 27.573 17.101 18.43 24.223 18.941 18.406 24.024 17.722 17.655 27.769 18.251 19.208
5 24 -28.937 2.409 16.274 -29.805 1.346 16.151 -28.422 2.051 15.748 -30.344 1.872 17.134
5 24 -25.327 0.041 22.132 -25.714 0.202 22.786 -25.195 0.377 22.301 -25.608 -0.673 22.376
5 24 -26.705 14.735 18.165 -26.909 13.078 19.182 -27.003 14.335 21.796 -26.568 13.523 17.758
5 24 24.983 7.729 23.668 24.246 8.521 23.862 24.882 8.691 23.45 24.472 7.371 24.259
5 24 28.666 -1.066 14.962 29.134 -3.313 14.752 27.856 -1.329 14.677 29.905 -2.66 15.33
5 24 28.322 -5.128 14.055 26.824 -5.983 13.984 27.576 -3.712 14.043 27.812 -7.261 14.352
5 24 -25.083 7.7 23.921 -24.558 7.431 24.453 -24.289 8.161 24.137 -24.721 6.584 24.623
5 24 -26.54 6.705 14.84 -24.593 5.89 14.37 -27.101 5.313 14.655 -23.933 7.154 14.575
5 24 -23.863 13.787 16.342 -23.632 11.893 16.072 -24.004 11.948 16.15 -23.177 13.788 16.154
5 24 -22.354 8.243 23.272 -22.552 7.791 23.557 -21.88 8.095 23.155 -22.911 8.336 23.481
5 24 24.037 12.87 25.458 23.378 12.821 25.764 23.919 14.25 26.489 23.762 11.086 24.657
5 24 32.929 -0.488 21.036 32.221 0.424 20.961 31.647 -0.594 16.889 31.345 -0.812 22.961
5 24 28.441 7.444 15.397 28.844 7.467 16.19 27.63 8.976 15.72 28.936 5.726 15.364
5 24 26.824 -5.983 13.984 24.929 -5.079 16.381 26.062 -4.223 13.939 25.892 -6.635 16.27
5 24 24.149 19.256 21.743 28.193 18.584 22.519 27.076 17.357 24.658 27.769 18.251 19.208
5 24 -21.158 11.078 24.791 -21.693 11.221 24.775 -21.315 12.847 25.607 -21.484 9.344 24.189
5 24 -21.393 6.553 23.676 -22.746 6.978 23.98 -22.974 5.925 24.214 -21.461 7.468 23.187
5 24 -26.078 -0.657 23.078 -26.683 -1.556 23.709 -26.457 -0.357 23.278 -26.405 -1.787 23.464
5 24 -32.319 -2.321 15.869 -32.986 -1.54 17.122 -34.414 -3.463 17.307 -31.528 -1.229 16.005
5 24 -22.174 1.717 21.194 -23.977 -0.068 21.397 -23.315 0.405 22.44 -22.331 1.358 19.918
5 24 24.738 13.601 16.824 25.34 13.636 16.551 24.676 11.962 16.557 25.018 15.096 17.016
5 24 25.224 0.758 22.18 25.458 -1.708 22.646 24.855 0.486 21.961 25.793 -1.526 23.221
5 24 21.178 5.255 22.3 21.472 4.289 23.358 21.321 6.033 23.142 21.281 4.163 22.647
5 24 24.571 2.668 15.03 25.344 2.11 14.427 25.295 1.415 14.996 25.304 3.371 14.135
5 24 -23.593 6.62 14.595 -23.933 7.154 14.575 -24.593 5.89 14.37 -22.743 7.358 15.825
5 24 -27.103 15.906 18.583 -27.003 14.335 21.796 -26.705 14.735 18.165 -27.187 15.443 22.444
5 24 -31.157 -2.483 25.262 -32.639 -0.846 20.533 -30.125 -1.281 24.699 -33.405 -1.704 20.582
5 24 -26.421 12.257 17.489 -25.381 12.124 16.506 -25.425 13.608 16.904 -26.31 11.146 17.183
5 24 31.29 -3.408 15.8 29.892 -4.308 14.999 32.543 -5.201 16.486 29.905 -2.66 15.33
5 24 -29.525 -0.912 15.516 -30.963 -1.832 15.55 -30.477 -2.26 15.585 -30.039 -0.493 15.398
5 24 -20.988 17.886 17.565 -24.035 17.679 17.667 -21.057 18.989 18.183 -21.011 16.76 17.053
5 24 -27.998 -2.615 24.376 -28.381 -4.586 24.451 -29.161 -3.966 24.814 -27.402 -3.077 24.183
5 24 -30.81 -4.722 25.343 -32.281 -5.597 24.673 -31.157 -2.483 25.262 -30.961 -6.871 24.159
5 24 -25.369 3.342 14.055 -27.632 2.805 14.933 -25.391 2.09 14.42 -27.465 3.964 14.636
5 24 23.562 8.691 23.414 22.666 7.945 23.178 23.033 8.591 23.195 24.246 8.521 23.862
5 24 -27.103 15.906 18.583 -25.737 16.232 17.775 -25.586 17.42 18.148 -26.705 14.735 18.165
5 24 24.299 14.225 26.31 24.608 12.527 25.997 24.785 14.115 26.641 24.037 12.87 25.458
5 24 27.81 -4.804 24.146 29.068 -6.24 24.423 26.591 -5.639 23.506 28.891 -3.86 24.675
5 24 20.973 7.278 21.977 21.419 7.461 22.714 21.081 6.467 22.285 21.462 8.076 22.32
5 24 23.577 13.857 16.304 23.489 11.914 16.027 23.844 11.951 16.051 23.035 13.92 16.232
5 24 24.168 2.388 23.442 24.853 1.463 22.879 23.154 0.745 22.048 25.899 3.05 24.156
5 24 -20.534 8.062 19.389 -22.431 8.85 15.71 -20.723 8.625 19.335 -22.743 7.358 15.825
5 24 -23.906 12.687 25.541 -24.387 12.435 25.844 -23.697 11.1 24.787 -24.572 14.103 26.438
5 24 -19.895 12.839 24.907 -21.158 11.078 24.791 -21.315 12.847 25.607 -20.049 11.097 24.15
5 24 27.73 14.88 22.231 28.082 15.891 22.37 26.834 14.952 24.216 27.188 16 18.117
5 24 32.929 -0.488 21.036 32.852 -1.568 17.141 33.64 -1.381 21.162 31.647 -0.594 16.889
5 24 26.983 -1.46 14.368 25.55 -1.857 14.195 27.576 -3.712 14.043 25.382 0.304 14.654
5 24 -22.746 6.978 23.98 -24.289 8.161 24.137 -24.558 7.431 24.453 -22.552 7.791 23.557
5 24 20.937 11.038 24.14 21.6 11.122 24.207 21.046 13.071 25.066 21.271 9.763 23.447
5 24 28.715 1.194 15.498 28.161 0.891 15.662 28.122 2.026 15.697 29.092 -0.627 15.64
5 24 32.166 -1.734 23.117 30.978 -2.236 25.118 31.345 -0.812 22.961 32.866 -2.743 23.252
5 24 26.513 2.181 23.556 27.623 2.123 22.864 26.118 4.087 23.796 27.442 1.62 23.173
5 24 -32.149 -0.522 17.066 -32.639 -0.846 20.533 -32.986 -1.54 17.122 -31.86 0.13 20.412
5 24 32.852 -1.568 17.141 32.418 -2.4 16.276 34.392 -3.039 17.685 31.234 -1.038 16.12
5 24 24.219 -2.939 16.581 23.495 -0.621 16.662 23.586 -0.419 18.729 25.55 -1.857 14.195
5 24 31.501 1.332 21.137 29.786 2.106 17.048 32.221 0.424 20.961 29.19 3.045 17.101
5 24 31.345 -0.812 22.961 32.221 0.424 20.961 32.929 -0.488 21.036 30.57 0.154 22.609
5 24 -25.13 1.128 23.097 -25.89 3.177 24.255 -24.311 2.335 23.733 -26.72 2.003 23.53
5 24 -20.942 15.776 26.22 -19.741 14.514 25.258 -21.138 14.275 25.968 -19.779 15.986 25.36
5 24 -23.573 14.272 26.33 -24.124 14.241 26.246 -23.906 12.687 25.541 -24.357 15.513 26.903
5 24 -28.994 -8.472 19.291 -30.583 -7.925 16.241 -30.137 -7.975 19.774 -29.104 -8.489 15.601
5 24 22.397 12.93 25.578 22.005 11.063 24.665 21.046 13.071 25.066 22.493 11.074 24.888
5 24 -20.028 10.564 19.688 -21.261 13.193 15.968 -21.675 11.217 15.691 -19.798 12.324 20.215
5 24 25.488 15.074 16.96 26.704 13.602 17.653 26.9 14.813 17.95 25.34 13.636 16.551
5 24 -28.994 -8.472 19.291 -30.137 -7.975 19.774 -28.896 -8.18 22.907 -30.583 -7.925 16.241
5 24 24.959 4.763 14.062 26.704 5.252 14.549 26.172 6.638 14.715 27.049 3.878 14.544
5 24 28.33 -2.222 24.024 27.639 -2.75 24.284 26.434 -1.002 23.546 29.326 -3.382 24.533
5 24 27.049 3.878 14.544 25.344 2.11 14.427 27.225 2.378 14.971 25.304 3.371 14.135
5 24 27.049 3.878 14.544 28.81 3.16 15.708 29.068 4.281 15.514 27.225 2.378 14.971
5 24 -30.737 0.019 16.004 -30.039 -0.493 15.398 -31.528 -1.229 16.005 -29.169 0.89 15.542
5 24 -24.951 10.75 24.759 -26.049 11.904 24.103 -25.348 12.418 25.443 -25.313 10.334 23.663
5 24 -33.708 -4.382 16.508 -32.319 -2.321 15.869 -31.316 -3.399 15.368 -34.414 -3.463 17.307
5 24 -25.327 0.041 22.132 -24.914 -0.136 22.343 -24.823 0.268 22.286 -25.608 -0.673 22.376
5 24 -22.681 15.636 26.6 -21.138 14.275 25.968 -20.942 15.776 26.22 -22.595 14.284 26.243
5 24 26.209 15.185 26.721 24.561 15.491 27.127 24.785 14.115 26.641 26.341 16.376 26.28
5 24 -24.387 12.435 25.844 -25.348 12.418 25.443 -25.63 13.963 26.124 -24.211 10.884 25.134
5 24 -24.004 11.948 16.15 -24.433 10.545 16.36 -23.632 11.893 16.072 -24.381 11.954 16.308
5 24 -21.363 3.98 22.145 -21.439 5.441 23.958 -21.158 4.507 21.614 -21.869 3.585 23.833
5 24 -33.405 -1.704 20.582 -34.935 -3.691 21.067 -34.242 -4.446 22.978 -34.414 -3.463 17.307
5 24 -31.157 -2.483 25.262 -32.281 -5.597 24.673 -30.81 -4.722 25.343 -33.094 -4.502 24.48
5 24 32.929 -0.488 21.036 31.345 -0.812 22.961 32.166 -1.734 23.117 32.221 0.424 20.961
5 24 -28.937 2.409 16.274 -28.975 3.46 15.679 -29.409 3.072 17.359 -27.632 2.805 14.933
5 24 26.479 12.025 17.361 25.34 13.636 16.551 25.149 11.958 16.154 26.704 13.602 17.653
5 24 -24.664 9.675 24.149 -24.211 10.884 25.134 -24.951 10.75 24.759 -23.961 9.481 24.457
5 24 -22.087 9.5 23.897 -22.911 8.336 23.481 -22.354 8.243 23.272 -22.633 9.473 24.266
5 24 21.116 19.017 18.248 19.926 17.674 20.823 21.037 17.914 17.685 20.545 19.188 21.059
5 24 21.046 13.071 25.066 20.049 13.185 24.378 22.566 14.354 26.131 20.937 11.038 24.14
5 24 32.866 -2.743 23.252 31.994 -3.329 25.367 32.98 -4.253 24.697 30.978 -2.236 25.118
5 24 -26.713 -0.076 14.671 -27.111 -0.047 15.446 -26.364 1.378 15.025 -27.598 -2.076 15.049
5 24 23.784 16.594 17.099 22.485 15.627 16.644 23.662 15.309 16.595 20.985 16.788 17.218
5 24 23.378 12.821 25.764 22.397 12.93 25.578 23.023 11.052 25.001 22.566 14.354 26.131
5 24 27.65 0.83 15.356 27.423 0.733 15.264 28.666 -1.066 14.962 27.245 1.579 15.504
5 24 -24.368 -1.176 21.258 -25.179 -0.934 22.702 -24.914 -0.136 22.343 -24.986 -2.771 22.335
5 24 29.891 -8.012 20.366 28.656 -8.505 19.74 30.211 -7.906 17.099 28.719 -8.342 23.149
5 24 -25.056 9.383 15.374 -25.5 10.462 16.365 -26.507 10.588 17.08 -24.882 10.286 16.491
5 24 -29.27 -7.761 14.503 -28.806 -5.019 13.988 -30.452 -7.114 14.848 -27.154 -5.914 13.92
5 24 -24.102 19.171 21.019 -24.055 19.284 22.999 -20.056 19.12 22.529 -27.59 18.43 21.561
5 24 24.14 11.982 16.167 24.676 11.962 16.557 24.738 13.601 16.824 24.231 10.053 16.289
5 24 -26.405 -1.787 23.464 -27.402 -3.077 24.183 -26.889 -3.5 23.841 -26.683 -1.556 23.709
5 24 28.658 0.239 23.9 29.314 1.615 22.052 30.57 0.154 22.609 27.442 1.62 23.173
5 24 26.704 5.252 14.549 28.441 7.444 15.397 28.936 5.726 15.364 26.172 6.638 14.715
5 24 -22.525 12.603 25.718 -23.235 12.552 25.86 -22.595 14.284 26.243 -22.629 11.025 25.221
5 24 24.738 13.601 16.824 24.14 11.982 16.167 24.226 13.827 16.51 24.676 11.962 16.557
5 24 -29.208 5.552 15.246 -27.101 5.313 14.655 -27.465 3.964 14.636 -28.769 7.35 15.314
5 24 26.654 13.982 23.759 27.339 13.744 22.014 27.73 14.88 22.231 26.005 12.035 23.729
5 24 -21.011 15.047 16.41 -19.798 12.324 20.215 -19.641 14.128 20.782 -21.261 13.193 15.968
5 24 27.339 13.744 22.014 27.73 14.88 22.231 26.654 13.982 23.759 26.995 13.118 19.274
5 24 -24.721 6.584 24.623 -22.974 5.925 24.214 -25.15 4.894 24.669 -22.746 6.978 23.98
5 24 -25.586 17.42 18.148 -27.103 15.906 18.583 -27.529 16.992 19.013 -25.737 16.232 17.775
5 24 -19.641 14.128 20.782 -19.741 14.514 25.258 -19.895 12.839 24.907 -19.566 15.781 21.348
5 24 22.478 1.731 22.734 22.131 2.005 22.013 21.281 4.163 22.647 23.154 0.745 22.048
5 24 -23.315 0.405 22.44 -22.174 1.717 21.194 -23.977 -0.068 21.397 -22.623 1.697 23.179
5 24 20.102 9.447 19.25 19.984 10.643 19.524 20.672 8.685 22.109 21.409 11.132 15.711
5 24 28.413 -3.64 14.349 29.892 -4.308 14.999 29.134 -3.313 14.752 28.322 -5.128 14.055
5 24 -26.008 16.541 26.302 -24.357 15.513 26.903 -25.789 15.325 26.539 -22.842 17.276 26.07
5 24 33.816 -4.849 20.09 33.147 -5.306 22.767 34.691 -3.101 21.271 32.044 -6.287 21.886
5 24 -24.723 15.074 17.071 -23.814 15.205 16.735 -23.81 16.538 17.195 -24.43 13.71 16.556
5 24 -27.837 1.262 23.356 -27.161 0.275 23.856 -28.358 0.668 23.719 -26.722 0.823 23.648
5 24 -28.422 2.051 15.748 -27.632 2.805 14.933 -28.937 2.409 16.274 -27.964 1.789 15.733
5 24 -19.566 17.422 21.828 -20.056 19.12 22.529 -20.564 19.234 20.081 -19.739 18.452 23.938
5 24 -29.525 -0.912 15.516 -29.056 -1.331 15.022 -28.027 0.289 15.164 -30.477 -2.26 15.585
5 24 23.662 15.309 16.595 23.035 13.92 16.232 23.577 13.857 16.304 22.485 15.627 16.644
5 24 27.63 8.976 15.72 27.81 9.332 16.573 26.6 10.14 16.132 28.844 7.467 16.19
5 24 28.936 5.726 15.364 29.526 5.261 16.457 28.844 7.467 16.19 29.068 4.281 15.514
5 24 -23.961 9.481 24.457 -24.664 9.675 24.149 -24.211 10.884 25.134 -23.993 8.493 23.842
5 24 29.851 -3.023 25.093 29.96 -1.091 24.593 30.978 -2.236 25.118 28.842 -1.787 24.85
5 24 25.149 11.958 16.154 24.676 11.962 16.557 25.448 10.331 16.376 25.34 13.636 16.551
5 24 22.482 8.461 22.798 21.271 9.763 23.447 22.024 9.907 23.496 21.854 8.214 22.555
5 24 -24.325 -1.752 16.67 -25.897 -2.504 14.054 -25.4 -0.435 14.478 -24.655 -3.383 16.516
5 24 26.983 -1.46 14.368 25.382 0.304 14.654 25.55 -1.857 14.195 26.576 0.51 14.714
5 24 27.184 -7.544 23.218 26.591 -5.639 23.506 29.068 -6.24 24.423 25.953 -6.255 22.857
5 24 -25.075 14.998 17.443 -25.012 16.363 17.538 -25.374 16.297 17.841 -24.723 15.074 17.071
5 24 -22.203 13.465 16.078 -21.261 13.193 15.968 -21.011 15.047 16.41 -22.699 11.519 15.776
5 24 -23.863 13.787 16.342 -23.814 15.205 16.735 -24.43 13.71 16.556 -23.177 13.788 16.154
5 24 25.488 15.074 16.96 25.018 15.096 17.016 25.34 13.636 16.551 25.388 16.334 17.38
5 24 23.495 -0.621 16.662 23.586 -0.419 18.729 24.219 -2.939 16.581 23.216 0.007 18.639
5 24 -24.649 1.485 15.306 -25.391 2.09 14.42 -24.701 3.23 14.658 -25.241 1.387 14.942
5 24 20.95 15.278 16.735 22.485 15.627 16.644 20.985 16.788 17.218 21.971 13.583 16.217
5 24 -24.381 11.954 16.308 -24.654 11.935 16.735 -24.767 10.619 16.504 -24.787 13.526 17.052
5 24 -24.357 15.513 26.903 -25.789 15.325 26.539 -26.008 16.541 26.302 -24.572 14.103 26.438
5 24 -26.422 -6.091 23.016 -25.378 -4.852 19.111 -26.439 -6.63 19.027 -25.55 -4.494 22.818
5 24 21.6 11.122 24.207 22.441 9.889 23.956 22.005 11.063 24.665 22.024 9.907 23.496
5 24 -28.07 -3.772 14.568 -28.622 -3.545 14.304 -28.111 -1.84 14.623 -28.806 -5.019 13.988
5 24 24.853 1.463 22.879 26.513 2.181 23.556 25.899 3.05 24.156 26.523 1.327 23.201
5 24 -27.101 5.313 14.655 -26.54 6.705 14.84 -28.769 7.35 15.314 -24.593 5.89 14.37
5 24 20.089 16.206 24.649 19.759 16.028 20.574 19.926 17.674 20.823 20.022 14.702 24.529
5 24 26.704 13.602 17.653 26.995 13.118 19.274 26.9 14.813 17.95 26.77 12.446 18.643
5 24 22.493 11.074 24.888 22.73 9.876 24.063 23.023 11.052 25.001 22.441 9.889 23.956
5 24 -26.705 14.735 18.165 -27.003 14.335 21.796 -26.909 13.078 19.182 -27.103 15.906 18.583
5 24 -24.433 10.545 16.36 -23.632 11.893 16.072 -24.004 11.948 16.15 -24.421 10.188 16.402
5 24 23.644 9.865 23.939 23.075 9.875 24.02 23.762 11.086 24.657 23.562 8.691 23.414
5 24 24.463 0.401 21.706 23.154 0.745 22.048 24.853 1.463 22.879 23.786 0.152 21.121
5 24 -25.179 -0.934 22.702 -24.986 -2.771 22.335 -25.638 -2.284 23.106 -24.368 -1.176 21.258
5 24 -26.683 -1.556 23.709 -26.457 -0.357 23.278 -26.078 -0.657 23.078 -27.017 -1.238 23.753
5 24 -22.076 15.267 16.661 -22.203 13.465 16.078 -21.762 15.237 16.409 -22.544 13.472 16.548
5 24 21.971 13.583 16.217 20.95 15.278 16.735 20.952 13.222 16.195 22.485 15.627 16.644
5 24 27.355 -8.146 16.134 27.812 -7.261 14.352 25.892 -6.635 16.27 29.184 -8.084 14.974
5 24 -28.975 3.46 15.679 -29.409 3.072 17.359 -29.178 4.215 15.441 -28.937 2.409 16.274
5 24 -24.986 -2.771 22.335 -26.246 -3.929 23.347 -25.638 -2.284 23.106 -25.55 -4.494 22.818
5 24 -28.111 -1.84 14.623 -29.328 -3.041 14.702 -28.618 -1.597 14.783 -28.622 -3.545 14.304
5 24 -26.316 -6.726 16.028 -26.408 -4.204 13.808 -27.154 -5.914 13.92 -25.155 -4.902 16.299
5 24 27.576 -3.712 14.043 25.55 -1.857 14.195 26.062 -4.223 13.939 26.983 -1.46 14.368
5 24 23.154 0.745 22.048 23.163 0.625 20.326 23.786 0.152 21.121 22.672 1.207 20.978
5 24 24.149 19.256 21.743 23.608 18.413 23.774 27.076 17.357 24.658 20.545 19.188 21.059
5 24 -27.529 16.992 19.013 -27.458 16.603 22.914 -27.642 18.224 19.834 -27.187 15.443 22.444
5 24 25.295 1.415 14.996 24.571 2.668 15.03 25.344 2.11 14.427 23.8 1.015 15.885
5 24 -22.552 7.791 23.557 -21.461 7.468 23.187 -21.88 8.095 23.155 -22.746 6.978 23.98
5 24 -19.895 12.839 24.907 -21.138 14.275 25.968 -19.741 14.514 25.258 -21.315 12.847 25.607
5 24 -25.15 4.894 24.669 -25.45 6.114 24.163 -24.721 6.584 24.623 -26.219 4.059 23.97
5 24 26.118 4.087 23.796 24.875 5.785 24.479 25.448 5.877 23.861 25.899 3.05 24.156
5 24 -19.566 15.781 21.348 -19.566 17.422 21.828 -19.779 15.986 25.36 -20.988 17.886 17.565
5 24 23.495 -0.621 16.662 25.382 0.304 14.654 25.55 -1.857 14.195 23.8 1.015 15.885
5 24 34.235 -2.071 21.249 33.64 -1.381 21.162 32.866 -2.743 23.252 32.852 -1.568 17.141
5 24 -24.572 14.103 26.438 -25.789 15.325 26.539 -24.357 15.513 26.903 -25.63 13.963 26.124
5 24 -33.094 -4.502 24.48 -33.297 -5.723 22.059 -34.242 -4.446 22.978 -32.281 -5.597 24.673
5 24 -24.914 -0.136 22.343 -23.977 -0.068 21.397 -24.823 0.268 22.286 -24.368 -1.176 21.258
5 24 -31.157 -2.483 25.262 -30.025 -3.252 25.156 -30.81 -4.722 25.343 -30.125 -1.281 24.699
5 24 -25.391 2.09 14.42 -24.701 3.23 14.658 -25.369 3.342 14.055 -24.649 1.485 15.306
5 24 26.995 13.118 19.274 26.9 14.813 17.95 27.73 14.88 22.231 26.704 13.602 17.653
5 24 -23.933 7.154 14.575 -22.743 7.358 15.825 -23.593 6.62 14.595 -23.18 8.297 14.947
5 24 34.392 -3.039 17.685 32.418 -2.4 16.276 33.771 -4.079 17.052 32.852 -1.568 17.141
5 24 29.092 -0.627 15.64 27.65 0.83 15.356 28.666 -1.066 14.962 28.161 0.891 15.662
5 24 23.662 15.309 16.595 24.226 13.827 16.51 24.538 15.102 16.71 23.577 13.857 16.304
5 24 30.568 0.873 16.979 30.245 0.34 16.091 31.647 -0.594 16.889 29.354 1.641 16.149
5 24 21.409 11.132 15.711 21.458 8.471 17.581 20.102 9.447 19.25 22.583 8.878 15.819
5 24 23.075 9.875 24.02 22.73 9.876 24.063 23.023 11.052 25.001 23.033 8.591 23.195
5 24 23.075 9.875 24.02 23.562 8.691 23.414 23.644 9.865 23.939 23.033 8.591 23.195
5 24 24.875 5.785 24.479 23.141 5.075 23.851 25.899 3.05 24.156 22.851 6.644 23.6
5 24 27.188 16 18.117 25.388 16.334 17.38 26.9 14.813 17.95 24.024 17.722 17.655
5 24 -30.961 -6.871 24.159 -28.381 -4.586 24.451 -29.68 -7.936 23.363 -30.81 -4.722 25.343
5 24 -25.714 0.202 22.786 -25.608 -0.673 22.376 -25.327 0.041 22.132 -26.078 -0.657 23.078
5 24 23.141 5.075 23.851 21.472 4.289 23.358 21.321 6.033 23.142 24.168 2.388 23.442
5 24 -25.369 3.342 14.055 -24.623 4.398 14.409 -24.989 4.734 14.052 -24.701 3.23 14.658
5 24 24.345 -2.848 19.29 25.031 -4.849 19.379 24.926 -4.624 22.718 24.219 -2.939 16.581
5 24 -22.842 17.276 26.07 -20.942 15.776 26.22 -22.681 15.636 26.6 -19.779 15.986 25.36
5 24 25.487 10.441 23.61 25.005 9.682 24.213 24.882 8.691 23.45 25.297 10.901 24.96
5 24 23.919 14.25 26.489 24.037 12.87 25.458 23.378 12.821 25.764 24.299 14.225 26.31
5 24 -19.641 14.128 20.782 -19.566 15.781 21.348 -19.741 14.514 25.258 -21.011 16.76 17.053
5 24 -24.593 5.89 14.37 -24.115 5.504 14.49 -23.593 6.62 14.595 -24.989 4.734 14.052
5 24 28.082 15.891 22.37 28.262 17.123 22.451 27.573 17.101 18.43 26.952 15.943 24.44
5 24 -32.149 -0.522 17.066 -31.528 -1.229 16.005 -32.986 -1.54 17.122 -30.737 0.019 16.004
5 24 24.668 9.466 15.597 23.068 8.453 15.289 23.458 9.526 15.892 25.559 8.024 14.996
5 24 -31.4 0.842 20.356 -31.86 0.13 20.412 -31.379 0.5 16.997 -29.041 -0.095 24.116
5 24 28.666 -1.066 14.962 29.092 -0.627 15.64 30.108 -2.073 15.718 27.65 0.83 15.356
5 24 24.231 10.053 16.289 24.676 11.962 16.557 24.14 11.982 16.167 24.999 10.174 16.571
5 24 22.566 14.354 26.131 23.378 12.821 25.764 22.397 12.93 25.578 23.919 14.25 26.489
5 24 26.088 -6.551 19.333 25.892 -6.635 16.27 24.929 -5.079 16.381 27.362 -7.856 19.384
5 24 26.952 15.943 24.44 26.209 15.185 26.721 26.834 14.952 24.216 26.341 16.376 26.28
5 24 26.913 0.534 15.485 26.391 1.407 15.061 26.576 0.51 14.714 26.737 1.436 15.564
5 24 30.245 0.34 16.091 31.234 -1.038 16.12 31.647 -0.594 16.889 29.629 -0.323 15.267
5 24 -28.588 0.524 15.587 -29.169 0.89 15.542 -30.039 -0.493 15.398 -27.964 1.789 15.733
5 24 -27.837 1.262 23.356 -26.722 0.823 23.648 -27.161 0.275 23.856 -27.167 1.523 23.273
5 24 -19.566 17.422 21.828 -19.779 15.986 25.36 -19.769 17.548 25.056 -19.566 15.781 21.348
5 24 28.81 3.16 15.708 27.225 2.378 14.971 27.049 3.878 14.544 28.122 2.026 15.697
5 24 -22.863 9.472 24.317 -23.436 9.488 24.121 -23.09 11.024 25.16 -23.424 8.462 23.676
5 24 -26.421 12.257 17.489 -26.675 11.683 17.7 -26.795 12.587 18.496 -26.31 11.146 17.183
5 24 -29.178 4.215 15.441 -29.409 3.072 17.359 -28.975 3.46 15.679 -29.671 5.08 16.579
5 24 -19.769 17.548 25.056 -23.356 18.385 24.581 -19.739 18.452 23.938 -22.842 17.276 26.07
5 24 -24.803 -3.236 19.045 -24.986 -2.771 22.335 -25.378 -4.852 19.111 -24.368 -1.176 21.258
5 24 -27.41 1.576 15.366 -27.632 2.805 14.933 -27.964 1.789 15.733 -26.741 1.408 15.591
5 24 23.586 -0.419 18.729 23.163 0.625 20.326 23.654 0.057 20.886 23.216 0.007 18.639
5 24 30.211 -7.906 17.099 29.891 -8.012 20.366 31.346 -7.095 17.953 28.656 -8.505 19.74
5 24 -24.623 4.398 14.409 -24.989 4.734 14.052 -24.115 5.504 14.49 -25.369 3.342 14.055
5 24 24.668 9.466 15.597 25.448 10.331 16.376 24.999 10.174 16.571 26.6 10.14 16.132
5 24 26.434 -1.002 23.546 28.33 -2.222 24.024 27.639 -2.75 24.284 27.11 -0.557 23.276
5 24 26.434 -1.002 23.546 25.77 0.984 22.648 27.11 -0.557 23.276 25.224 0.758 22.18
5 24 -30.137 -7.975 19.774 -28.896 -8.18 22.907 -29.68 -7.936 23.363 -28.994 -8.472 19.291
5 24 -27.543 1.592 23.192 -27.724 2.095 22.919 -27.167 1.523 23.273 -29.35 1.789 22.227
5 24 21.854 8.214 22.555 21.419 7.461 22.714 21.462 8.076 22.32 22.666 7.945 23.178
5 24 -23.965 -0.147 20.449 -22.819 0.666 19.297 -24.003 -0.448 18.793 -22.331 1.358 19.918
5 24 20.95 15.278 16.735 19.759 16.028 20.574 19.74 14.384 20.322 20.985 16.788 17.218
5 24 23.154 0.745 22.048 24.853 1.463 22.879 24.168 2.388 23.442 24.463 0.401 21.706
5 24 27.188 16 18.117 27.73 14.88 22.231 28.082 15.891 22.37 26.9 14.813 17.95
5 24 -25.378 -4.852 19.111 -26.439 -6.63 19.027 -25.155 -4.902 16.299 -26.422 -6.091 23.016
5 24 29.184 -8.084 14.974 28.322 -5.128 14.055 30.317 -7.395 15.372 27.812 -7.261 14.352
5 24 26.054 14.015 26.604 26.654 13.982 23.759 26.834 14.952 24.216 25.69 12.507 25.712
5 24 19.926 17.674 20.823 21.037 17.914 17.685 19.759 16.028 20.574 21.116 19.017 18.248
5 24 24.037 12.87 25.458 24.608 12.527 25.997 24.299 14.225 26.31 24.411 10.903 25.364
5 24 27.576 -3.712 14.043 26.824 -5.983 13.984 26.062 -4.223 13.939 28.322 -5.128 14.055
5 24 -32.986 -1.54 17.122 -33.405 -1.704 20.582 -32.639 -0.846 20.533 -34.414 -3.463 17.307
5 24 -33.297 -5.723 22.059 -34.935 -3.691 21.067 -34.058 -5.387 19.35 -34.242 -4.446 22.978
5 24 -26.507 10.588 17.08 -25.431 10.823 16.419 -25.5 10.462 16.365 -26.31 11.146 17.183
5 24 31.001 -7.21 21.103 29.891 -8.012 20.366 31.346 -7.095 17.953 30.061 -7.437 23.814
5 24 -29.161 -3.966 24.814 -28.381 -4.586 24.451 -30.81 -4.722 25.343 -27.998 -2.615 24.376
5 24 -22.229 11.06 25.163 -21.693 11.221 24.775 -21.315 12.847 25.607 -22.087 9.5 23.897
5 24 20.155 11.291 23.784 19.783 12.439 19.895 19.74 14.384 20.322 20.393 9.891 23.011
5 24 32.852 -1.568 17.141 31.234 -1.038 16.12 31.647 -0.594 16.889 32.418 -2.4 16.276
5 24 24.168 2.388 23.442 25.899 3.05 24.156 24.853 1.463 22.879 23.141 5.075 23.851
5 24 -24.289 8.161 24.137 -22.552 7.791 23.557 -23.424 8.462 23.676 -22.746 6.978 23.98
5 24 23.033 8.591 23.195 22.73 9.876 24.063 23.075 9.875 24.02 22.441 9.889 23.956
5 24 24.561 15.491 27.127 23.051 17.45 25.642 26.341 16.376 26.28 22.666 15.817 26.379
5 24 -27.998 -2.615 24.376 -29.512 -3.635 24.671 -28.499 -2.319 24.193 -29.161 -3.966 24.814
5 24 -24.593 5.89 14.37 -23.593 6.62 14.595 -23.933 7.154 14.575 -24.115 5.504 14.49
5 24 -23.09 11.024 25.16 -22.629 11.025 25.221 -23.235 12.552 25.86 -22.863 9.472 24.317
5 24 24.668 9.466 15.597 25.559 8.024 14.996 23.068 8.453 15.289 26.6 10.14 16.132
5 24 -20.534 8.062 19.389 -20.901 8.059 22.007 -20.723 8.625 19.335 -20.945 6.958 21.76
5 24 33.771 -4.079 17.052 33.816 -4.849 20.09 32.574 -5.997 19.005 34.392 -3.039 17.685
5 24 -22.525 12.603 25.718 -22.595 14.284 26.243 -23.235 12.552 25.86 -21.315 12.847 25.607
5 24 -22.087 9.5 23.897 -21.88 8.095 23.155 -21.484 9.344 24.189 -22.354 8.243 23.272
5 24 -26.568 13.523 17.758 -25.425 13.608 16.904 -25.634 15.046 17.321 -26.421 12.257 17.489
5 24 22.477 13.778 16.495 23.489 11.914 16.027 23.035 13.92 16.232 23.028 11.619 16.479
5 24 29.134 -3.313 14.752 28.413 -3.64 14.349 27.856 -1.329 14.677 29.892 -4.308 14.999
5 24 29.068 -6.24 24.423 28.719 -8.342 23.149 27.184 -7.544 23.218 30.061 -7.437 23.814
5 24 -25.89 3.177 24.255 -23.508 4.164 24.206 -25.15 4.894 24.669 -24.311 2.335 23.733
5 24 -32.319 -2.321 15.869 -34.414 -3.463 17.307 -32.986 -1.54 17.122 -33.708 -4.382 16.508
5 24 -20.942 15.776 26.22 -22.681 15.636 26.6 -22.842 17.276 26.07 -21.138 14.275 25.968
5 24 -20.988 17.886 17.565 -19.566 15.781 21.348 -19.566 17.422 21.828 -21.011 16.76 17.053
5 24 29.905 -2.66 15.33 30.108 -2.073 15.718 28.666 -1.066 14.962 31.29 -3.408 15.8
5 24 25.012 -1.844 22.928 24.211 -2.215 22.228 25.596 -3.979 23.13 24.463 0.401 21.706
5 24 -27.735 -3.832 13.924 -28.07 -3.772 14.568 -27.272 -2.105 14.242 -28.806 -5.019 13.988
5 24 21.419 7.461 22.714 22.666 7.945 23.178 22.851 6.644 23.6 21.854 8.214 22.555
5 24 -21.393 6.553 23.676 -22.974 5.925 24.214 -22.746 6.978 23.98 -21.439 5.441 23.958
5 24 -28.027 0.289 15.164 -29.525 -0.912 15.516 -29.056 -1.331 15.022 -28.588 0.524 15.587
5 24 -23.977 -0.068 21.397 -24.368 -1.176 21.258 -24.914 -0.136 22.343 -23.965 -0.147 20.449
5 24 -26.713 -0.076 14.671 -27.598 -2.076 15.049 -27.272 -2.105 14.242 -27.111 -0.047 15.446
5 24 27.856 -1.329 14.677 28.666 -1.066 14.962 27.423 0.733 15.264 29.134 -3.313 14.752
5 24 -32.986 -1.54 17.122 -32.639 -0.846 20.533 -33.405 -1.704 20.582 -32.149 -0.522 17.066
5 24 -30.452 -7.114 14.848 -30.583 -7.925 16.241 -29.104 -8.489 15.601 -31.988 -5.949 15.59
5 24 25.458 -1.708 22.646 25.012 -1.844 22.928 24.463 0.401 21.706 25.98 -3.667 23.007
5 24 27.11 -0.557 23.276 26.434 -1.002 23.546 28.33 -2.222 24.024 25.77 0.984 22.648
5 24 24.429 5.981 14.326 26.172 6.638 14.715 24.959 4.763 14.062 23.894 7.182 14.57
5 24 27.049 3.878 14.544 27.225 2.378 14.971 25.344 2.11 14.427 28.81 3.16 15.708
5 24 -29.041 -0.095 24.116 -27.805 -0.619 24.297 -28.904 -1.848 24.836 -28.358 0.668 23.719
5 24 -22.653 15.265 16.385 -22.544 13.472 16.548 -22.076 15.267 16.661 -23.177 13.788 16.154
5 24 -32.639 -0.846 20.533 -30.125 -1.281 24.699 -31.157 -2.483 25.262 -31.86 0.13 20.412
5 24 25.596 -3.979 23.13 24.211 -2.215 22.228 24.926 -4.624 22.718 25.012 -1.844 22.928
5 24 21.271 9.763 23.447 20.672 8.685 22.109 21.854 8.214 22.555 20.393 9.891 23.011
5 24 22.526 11.38 15.938 23.889 9.917 16.311 23.028 11.619 16.479 23.458 9.526 15.892
5 24 -21.011 15.047 16.41 -19.641 14.128 20.782 -21.011 16.76 17.053 -19.798 12.324 20.215
5 24 26.9 14.813 17.95 27.73 14.88 22.231 26.995 13.118 19.274 27.188 16 18.117
5 24 -31.528 -1.229 16.005 -30.963 -1.832 15.55 -32.319 -2.321 15.869 -30.039 -0.493 15.398
5 24 -30.583 -7.925 16.241 -31.988 -5.949 15.59 -30.452 -7.114 14.848 -32.215 -6.769 17.491
5 24 -24.312 -1.623 18.928 -23.965 -0.147 20.449 -24.368 -1.176 21.258 -24.003 -0.448 18.793
5 24 -26.705 14.735 18.165 -25.634 15.046 17.321 -25.737 16.232 17.775 -26.568 13.523 17.758
5 24 -30.344 1.872 17.134 -28.937 2.409 16.274 -29.409 3.072 17.359 -29.805 1.346 16.151
5 24 28.81 3.16 15.708 28.809 2.437 16.184 29.19 3.045 17.101 28.122 2.026 15.697
5 24 -25.179 -0.934 22.702 -26.11 -2.065 22.887 -25.608 -0.673 22.376 -25.638 -2.284 23.106
5 24 -25.608 -0.673 22.376 -26.078 -0.657 23.078 -25.714 0.202 22.786 -26.11 -2.065 22.887
5 24 33.147 -5.306 22.767 31.803 -5.818 24.713 32.98 -4.253 24.697 32.044 -6.287 21.886
5 24 -33.297 -5.723 22.059 -34.058 -5.387 19.35 -31.615 -6.961 20.788 -34.935 -3.691 21.067
5 24 -27.053 -5.457 23.705 -25.55 -4.494 22.818 -26.422 -6.091 23.016 -26.246 -3.929 23.347
5 24 22.666 7.945 23.178 22.851 6.644 23.6 21.419 7.461 22.714 24.472 7.371 24.259
5 24 20.937 11.038 24.14 20.049 13.185 24.378 21.046 13.071 25.066 20.155 11.291 23.784
5 24 25.793 -1.526 23.221 27.639 -2.75 24.284 26.434 -1.002 23.546 26.36 -3.538 23.66
5 24 -19.641 14.128 20.782 -21.011 16.76 17.053 -21.011 15.047 16.41 -19.566 15.781 21.348
5 24 31.234 -1.038 16.12 31.647 -0.594 16.889 30.245 0.34 16.091 32.852 -1.568 17.141
5 24 24.024 17.722 17.655 20.985 16.788 17.218 23.784 16.594 17.099 21.037 17.914 17.685
5 24 -26.316 -6.726 16.028 -28.994 -8.472 19.291 -26.439 -6.63 19.027 -29.104 -8.489 15.601
5 24 -28.422 2.051 15.748 -29.805 1.346 16.151 -29.169 0.89 15.542 -28.937 2.409 16.274
5 24 -28.769 7.35 15.314 -27.101 5.313 14.655 -26.54 6.705 14.84 -29.208 5.552 15.246
5 24 21.854 8.214 22.555 22.666 7.945 23.178 22.482 8.461 22.798 21.419 7.461 22.714
5 24 -27.659 0.175 15.056 -27.111 -0.047 15.446 -28.111 -1.84 14.623 -26.741 1.408 15.591
5 24 -20.056 19.12 22.529 -23.356 18.385 24.581 -24.055 19.284 22.999 -19.739 18.452 23.938
5 24 -21.092 5.84 22.057 -21.393 6.553 23.676 -20.945 6.958 21.76 -21.439 5.441 23.958
5 24 -24.004 11.948 16.15 -24.43 13.71 16.556 -24.381 11.954 16.308 -23.863 13.787 16.342
5 24 -24.803 -3.236 19.045 -24.312 -1.623 18.928 -24.325 -1.752 16.67 -24.368 -1.176 21.258
5 24 26.36 -3.538 23.66 27.639 -2.75 24.284 27.81 -4.804 24.146 25.793 -1.526 23.221
5 24 -23.322 9.501 15.69 -21.675 11.217 15.691 -22.699 11.519 15.776 -22.431 8.85 15.71
5 24 -28.381 -4.586 24.451 -26.889 -3.5 23.841 -27.053 -5.457 23.705 -27.402 -3.077 24.183
5 24 -23.697 11.1 24.787 -23.961 9.481 24.457 -24.211 10.884 25.134 -23.436 9.488 24.121
5 24 -21.057 18.989 18.183 -19.566 17.422 21.828 -20.988 17.886 17.565 -20.564 19.234 20.081
5 24 29.892 -4.308 14.999 29.134 -3.313 14.752 28.413 -3.64 14.349 29.905 -2.66 15.33
5 24 -24.787 13.526 17.052 -24.723 15.074 17.071 -25.075 14.998 17.443 -24.43 13.71 16.556
5 24 -27.465 3.964 14.636 -27.101 5.313 14.655 -29.208 5.552 15.246 -24.989 4.734 14.052
5 24 -25.15 4.894 24.669 -26.219 4.059 23.97 -25.45 6.114 24.163 -25.89 3.177 24.255
5 24 20.672 8.685 22.109 19.984 10.643 19.524 20.393 9.891 23.011 20.102 9.447 19.25
5 24 27.576 -3.712 14.043 27.904 -3.643 14.686 26.983 -1.46 14.368 28.322 -5.128 14.055
5 24 -27.998 -2.615 24.376 -26.683 -1.556 23.709 -27.402 -3.077 24.183 -27.017 -1.238 23.753
5 24 -29.328 -3.041 14.702 -28.618 -1.597 14.783 -29.056 -1.331 15.022 -28.111 -1.84 14.623
5 24 -31.528 -1.229 16.005 -32.986 -1.54 17.122 -32.319 -2.321 15.869 -32.149 -0.522 17.066
5 24 23.033 8.591 23.195 22.666 7.945 23.178 23.562 8.691 23.414 22.482 8.461 22.798
5 24 27.81 -4.804 24.146 26.591 -5.639 23.506 29.068 -6.24 24.423 26.36 -3.538 23.66
5 24 32.574 -5.997 19.005 33.771 -4.079 17.052 32.543 -5.201 16.486 33.816 -4.849 20.09
5 24 28.98 -8.581 16.262 27.355 -8.146 16.134 27.362 -7.856 19.384 29.184 -8.084 14.974
5 24 20.204 17.805 24.377 19.926 17.674 20.823 20.343 18.682 22.967 20.089 16.206 24.649
5 24 22.666 15.817 26.379 23.919 14.25 26.489 22.566 14.354 26.131 24.561 15.491 27.127
5 24 25.953 -6.255 22.857 26.591 -5.639 23.506 27.184 -7.544 23.218 24.926 -4.624 22.718
5 24 -22.746 6.978 23.98 -24.558 7.431 24.453 -24.289 8.161 24.137 -24.721 6.584 24.623
5 24 22.493 11.074 24.888 23.023 11.052 25.001 22.73 9.876 24.063 22.397 12.93 25.578
5 24 24.024 17.722 17.655 21.116 19.017 18.248 21.037 17.914 17.685 24.223 18.941 18.406
5 24 25.304 3.371 14.135 24.571 2.668 15.03 25.344 2.11 14.427 24.692 3.285 14.769
5 24 -26.72 2.003 23.53 -27.724 2.095 22.919 -26.219 4.059 23.97 -27.167 1.523 23.273
5 24 -25.638 -2.284 23.106 -26.62 -3.697 23.492 -26.11 -2.065 22.887 -26.246 -3.929 23.347
5 24 -28.381 -4.586 24.451 -27.402 -3.077 24.183 -26.889 -3.5 23.841 -27.998 -2.615 24.376
5 24 -29.328 -3.041 14.702 -28.622 -3.545 14.304 -28.111 -1.84 14.623 -30.107 -4.313 14.648
5 24 -27.187 15.443 22.444 -27.103 15.906 18.583 -27.529 16.992 19.013 -27.003 14.335 21.796
5 24 28.082 15.891 22.37 26.834 14.952 24.216 27.73 14.88 22.231 26.952 15.943 24.44
5 24 -21.315 12.847 25.607 -21.138 14.275 25.968 -22.595 14.284 26.243 -19.895 12.839 24.907
5 24 -27.458 16.603 22.914 -27.59 18.43 21.561 -27.826 18.298 23.235 -27.642 18.224 19.834
5 24 -20.723 8.625 19.335 -20.028 10.564 19.688 -21.675 11.217 15.691 -20.901 8.059 22.007
5 24 -24.035 17.679 17.667 -24.164 18.933 18.613 -25.586 17.42 18.148 -21.057 18.989 18.183
5 24 29.068 -6.24 24.423 30.651 -4.516 25.354 31.803 -5.818 24.713 28.891 -3.86 24.675
5 24 -26.889 -3.5 23.841 -26.11 -2.065 22.887 -26.405 -1.787 23.464 -26.62 -3.697 23.492
5 24 33.64 -1.381 21.162 32.852 -1.568 17.141 34.235 -2.071 21.249 32.929 -0.488 21.036
5 24 -22.819 0.666 19.297 -24.003 -0.448 18.793 -23.965 -0.147 20.449 -23.545 -0.309 16.981
5 24 -27.527 -0.977 23.747 -27.998 -2.615 24.376 -28.499 -2.319 24.193 -27.017 -1.238 23.753
5 24 27.856 -1.329 14.677 29.134 -3.313 14.752 28.666 -1.066 14.962 28.413 -3.64 14.349
5 24 22.005 11.063 24.665 22.493 11.074 24.888 22.441 9.889 23.956 22.397 12.93 25.578
5 24 -24.055 19.284 22.999 -23.356 18.385 24.581 -26.812 17.207 25.008 -20.056 19.12 22.529
5 24 -21.439 5.441 23.958 -21.092 5.84 22.057 -21.393 6.553 23.676 -21.158 4.507 21.614
5 24 -25.13 1.128 23.097 -23.315 0.405 22.44 -24.823 0.268 22.286 -24.311 2.335 23.733
5 24 -19.895 12.839 24.907 -21.315 12.847 25.607 -21.138 14.275 25.968 -21.158 11.078 24.791
5 24 -30.107 -4.313 14.648 -30.022 -2.626 15.154 -29.328 -3.041 14.702 -31.316 -3.399 15.368
5 24 -28.111 -1.84 14.623 -28.618 -1.597 14.783 -27.659 0.175 15.056 -29.328 -3.041 14.702
5 24 24.246 8.521 23.862 23.644 9.865 23.939 24.325 9.644 24.583 23.562 8.691 23.414
5 24 30.57 0.154 22.609 28.658 0.239 23.9 29.314 1.615 22.052 29.96 -1.091 24.593
5 24 -31.4 0.842 20.356 -28.358 0.668 23.719 -29.041 -0.095 24.116 -29.35 1.789 22.227
5 24 -27.187 15.443 22.444 -27.003 14.335 21.796 -25.63 13.963 26.124 -27.103 15.906 18.583
5 24 -25.056 9.383 15.374 -25.905 8.112 15.119 -23.18 8.297 14.947 -26.958 9.935 15.961
5 24 25.388 16.334 17.38 24.024 17.722 17.655 23.784 16.594 17.099 27.188 16 18.117
5 24 -27.003 14.335 21.796 -26.909 13.078 19.182 -26.705 14.735 18.165 -26.943 13.448 21.004
5 24 -25.381 12.124 16.506 -24.654 11.935 16.735 -25.431 10.823 16.419 -24.787 13.526 17.052
5 24 27.81 -4.804 24.146 28.891 -3.86 24.675 29.068 -6.24 24.423 27.639 -2.75 24.284
5 24 26.834 14.952 24.216 26.054 14.015 26.604 26.209 15.185 26.721 26.654 13.982 23.759
5 24 -23.315 0.405 22.44 -24.311 2.335 23.733 -22.623 1.697 23.179 -25.13 1.128 23.097
5 24 -26.42 1.244 23.443 -26.72 2.003 23.53 -27.167 1.523 23.273 -25.13 1.128 23.097
5 24 -24.787 13.526 17.052 -25.425 13.608 16.904 -25.381 12.124 16.506 -25.075 14.998 17.443
5 24 -23.436 9.488 24.121 -23.993 8.493 23.842 -23.961 9.481 24.457 -23.424 8.462 23.676
5 24 -24.102 19.171 21.019 -20.564 19.234 20.081 -20.056 19.12 22.529 -24.164 18.933 18.613
5 24 23.608 18.413 23.774 20.545 19.188 21.059 24.149 19.256 21.743 20.343 18.682 22.967
5 24 27.623 2.123 22.864 27.442 1.62 23.173 26.513 2.181 23.556 29.314 1.615 22.052
5 24 30.061 -7.437 23.814 29.891 -8.012 20.366 28.719 -8.342 23.149 31.001 -7.21 21.103
5 24 26.704 13.602 17.653 25.34 13.636 16.551 26.479 12.025 17.361 25.488 15.074 16.96
5 24 -27.889 8.914 15.639 -25.905 8.112 15.119 -26.54 6.705 14.84 -26.958 9.935 15.961
5 24 29.905 -2.66 15.33 29.892 -4.308 14.999 29.134 -3.313 14.752 31.29 -3.408 15.8
5 24 25.98 -3.667 23.007 26.36 -3.538 23.66 25.793 -1.526 23.221 26.591 -5.639 23.506
5 24 -20.945 6.958 21.76 -21.393 6.553 23.676 -21.461 7.468 23.187 -21.092 5.84 22.057
5 24 27.225 2.378 14.971 28.122 2.026 15.697 27.609 1.763 15.685 28.81 3.16 15.708
5 24 -21.092 5.84 22.057 -21.158 4.507 21.614 -21.439 5.441 23.958 -21.066 4.89 21.435
5 24 -23.961 9.481 24.457 -23.436 9.488 24.121 -23.697 11.1 24.787 -23.993 8.493 23.842
5 24 -24.572 14.103 26.438 -23.906 12.687 25.541 -24.387 12.435 25.844 -24.124 14.241 26.246
5 24 -23.654 9.834 16.306 -25.056 9.383 15.374 -24.421 10.188 16.402 -23.322 9.501 15.69
5 24 -28.499 -2.319 24.193 -27.805 -0.619 24.297 -28.904 -1.848 24.836 -27.527 -0.977 23.747
5 24 20.952 13.222 16.195 19.984 10.643 19.524 21.409 11.132 15.711 19.783 12.439 19.895
5 24 33.64 -1.381 21.162 32.929 -0.488 21.036 32.166 -1.734 23.117 32.852 -1.568 17.141
5 24 23.786 0.152 21.121 24.211 -2.215 22.228 23.654 0.057 20.886 24.463 0.401 21.706
5 24 19.74 14.384 20.322 19.759 16.028 20.574 20.022 14.702 24.529 20.95 15.278 16.735
5 24 -24.723 15.074 17.071 -25.075 14.998 17.443 -25.012 16.363 17.538 -24.787 13.526 17.052
5 24 -24.035 17.679 17.667 -21.011 16.76 17.053 -20.988 17.886 17.565 -22.134 16.735 16.825
5 24 -21.011 16.76 17.053 -19.566 15.781 21.348 -20.988 17.886 17.565 -19.641 14.128 20.782
5 24 -22.623 1.697 23.179 -23.508 4.164 24.206 -21.869 3.585 23.833 -24.311 2.335 23.733
5 24 -28.806 -5.019 13.988 -30.452 -7.114 14.848 -29.27 -7.761 14.503 -30.107 -4.313 14.648
5 24 26.172 6.638 14.715 24.959 4.763 14.062 24.429 5.981 14.326 26.704 5.252 14.549
5 24 -27.859 0.218 15.076 -27.41 1.576 15.366 -28.027 0.289 15.164 -27.659 0.175 15.056
5 24 25.304 3.371 14.135 24.692 3.285 14.769 24.435 4.644 14.607 24.571 2.668 15.03
5 24 27.184 -7.544 23.218 27.362 -7.856 19.384 25.953 -6.255 22.857 28.656 -8.505 19.74
5 24 28.936 5.726 15.364 28.441 7.444 15.397 28.844 7.467 16.19 26.704 5.252 14.549
5 24 -30.125 -1.281 24.699 -30.025 -3.252 25.156 -31.157 -2.483 25.262 -28.904 -1.848 24.836
5 24 24.325 9.644 24.583 23.644 9.865 23.939 23.762 11.086 24.657 24.246 8.521 23.862
5 24 -25.348 12.418 25.443 -27.003 14.335 21.796 -25.63 13.963 26.124 -26.049 11.904 24.103
5 24 23.141 5.075 23.851 22.851 6.644 23.6 24.875 5.785 24.479 21.321 6.033 23.142
5 24 29.068 -6.24 24.423 30.061 -7.437 23.814 28.719 -8.342 23.149 31.803 -5.818 24.713
5 24 -28.111 -1.84 14.623 -28.07 -3.772 14.568 -28.622 -3.545 14.304 -27.598 -2.076 15.049
5 24 -27.527 -0.977 23.747 -27.805 -0.619 24.297 -28.499 -2.319 24.193 -27.161 0.275 23.856
5 24 -30.039 -0.493 15.398 -31.528 -1.229 16.005 -30.963 -1.832 15.55 -30.737 0.019 16.004
5 24 31.345 -0.812 22.961 32.166 -1.734 23.117 32.929 -0.488 21.036 30.978 -2.236 25.118
5 24 32.543 -5.201 16.486 32.574 -5.997 19.005 33.771 -4.079 17.052 31.346 -7.095 17.953
5 24 32.418 -2.4 16.276 33.771 -4.079 17.052 34.392 -3.039 17.685 32.543 -5.201 16.486
5 24 -27.458 16.603 22.914 -27.642 18.224 19.834 -27.529 16.992 19.013 -27.59 18.43 21.561
5 24 -26.958 9.935 15.961 -26.507 10.588 17.08 -27.911 9.296 16.637 -25.056 9.383 15.374
