0 ~Animal Big Cat Lion - Head
0 Name: s\76964s02.dat
0 Author: Magnus Forsberg [MagFors]
0 !LDRAW_ORG Unofficial_Subpart
0 !LICENSE Licensed under CC BY 4.0 : see CAreadme.txt

0 BFC CERTIFY CCW

4 16 10.3 -5.8082 3.3536 10.3 -4.7657 4.7657 10.3 -5.5881 5.5881 10.3 -6.7533 3.5639
4 16 10.3 -3.3536 5.8082 10.3 -2.0453 7.6324 10.3 -5.5881 5.5881 10.3 -4.7657 4.7657
3 16 10.3 -3.3536 5.8082 10.3 -1.7443 6.5091 10.3 -2.0453 7.6324
3 16 10.3 0 6.7063 10.3 1.7443 6.5091 10.3 2.0453 7.6324
4 16 10.3 -2.0453 7.6324 10.3 -1.7443 6.5091 10.3 0 6.7063 10.3 2.0453 7.6324
4 16 10.3 3.3536 5.8082 10.3 5.5881 5.5881 10.3 2.0453 7.6324 10.3 1.7443 6.5091
3 16 10.3 3.3536 5.8082 10.3 4.7657 4.7657 10.3 5.5881 5.5881
4 16 10.3 5.8082 3.3536 10.3 7.0599 3.017 10.3 5.5881 5.5881 10.3 4.7657 4.7657
2 24 13.983 -6.707 3.673 10.3 -6.7533 3.5639
2 24 10.3 -6.7533 3.5639 10.3 -5.5881 5.5881
2 24 10.3 -5.5881 5.5881 10.3 -2.0453 7.6324
2 24 10.3 -2.0453 7.6324 10.3 2.0453 7.6324
2 24 10.3 2.0453 7.6324 10.3 5.5881 5.5881
2 24 10.3 5.5881 5.5881 10.3 7.0599 3.017
2 24 13.983 7.017 3.136 10.3 7.0599 3.017
4 16 10.3 -9.372 4.84 10.3 -16.288 11.671 10.3 -20.507 6.412 10.3 -19.694 5.561
4 16 -10.3 -4.7657 -4.7657 10.3 -4.7657 -4.7657 10.3 -3.3536 -5.8082 -10.3 -3.3536 -5.8082
4 16 -10.3 -3.3536 -5.8082 10.3 -3.3536 -5.8082 10.3 -1.7443 -6.5091 -10.3 -1.7443 -6.5091
4 16 -10.3 -5.8082 -3.3536 10.3 -5.8082 -3.3536 10.3 -4.7657 -4.7657 -10.3 -4.7657 -4.7657
4 16 10.3 -5.8082 -3.3536 -10.3 -5.8082 -3.3536 -10.3 -6.5091 -1.7443 10.3 -6.5091 -1.7443
4 16 10.3 -6.7063 0 -10.3 -6.7063 0 -10.3 -6.5091 1.7443 10.3 -6.5091 1.7443
4 16 10.3 -6.5091 -1.7443 -10.3 -6.5091 -1.7443 -10.3 -6.7063 0 10.3 -6.7063 0
4 16 10.3 -6.5091 1.7443 -10.3 -6.5091 1.7443 -10.3 -5.8082 3.3536 10.3 -5.8082 3.3536
4 16 -10.3 -4.7657 4.7657 10.3 -4.7657 4.7657 10.3 -5.8082 3.3536 -10.3 -5.8082 3.3536
4 16 10.3 -3.3536 5.8082 -10.3 -3.3536 5.8082 -10.3 -1.7443 6.5091 10.3 -1.7443 6.5091
4 16 10.3 -4.7657 4.7657 -10.3 -4.7657 4.7657 -10.3 -3.3536 5.8082 10.3 -3.3536 5.8082
4 16 -10.3 1.7443 6.5091 10.3 1.7443 6.5091 10.3 0 6.7063 -10.3 0 6.7063
4 16 10.3 -1.7443 6.5091 -10.3 -1.7443 6.5091 -10.3 0 6.7063 10.3 0 6.7063
4 16 -10.3 3.3536 5.8082 10.3 3.3536 5.8082 10.3 1.7443 6.5091 -10.3 1.7443 6.5091
4 16 10.3 3.3536 5.8082 -10.3 3.3536 5.8082 -10.3 4.7657 4.7657 10.3 4.7657 4.7657
4 16 10.3 5.8082 3.3536 10.3 4.7657 4.7657 -10.3 4.7657 4.7657 -10.3 5.8082 3.3536
4 16 -10.3 5.8082 3.3536 -10.3 6.5091 1.7443 10.3 6.5091 1.7443 10.3 5.8082 3.3536
4 16 -10.3 6.7063 0 10.3 6.7063 0 10.3 6.5091 1.7443 -10.3 6.5091 1.7443
4 16 10.3 6.7063 0 -10.3 6.7063 0 -10.3 6.5091 -1.7443 10.3 6.5091 -1.7443
4 16 10.3 5.8082 -3.3536 -10.3 5.8082 -3.3536 -10.3 4.7657 -4.7657 10.3 4.7657 -4.7657
4 16 10.3 6.5091 -1.7443 -10.3 6.5091 -1.7443 -10.3 5.8082 -3.3536 10.3 5.8082 -3.3536
4 16 10.3 4.7657 -4.7657 -10.3 4.7657 -4.7657 -10.3 3.3536 -5.8082 10.3 3.3536 -5.8082
4 16 10.3 3.3536 -5.8082 -10.3 3.3536 -5.8082 -10.3 1.7443 -6.5091 10.3 1.7443 -6.5091
4 16 10.3 0 -6.7063 -10.3 0 -6.7063 -10.3 -1.7443 -6.5091 10.3 -1.7443 -6.5091
4 16 10.3 1.7443 -6.5091 -10.3 1.7443 -6.5091 -10.3 0 -6.7063 10.3 0 -6.7063
3 16 -17.742 -38.071 -31.922 -16.024 -35.339 -32.5 -15.112 -39.325 -32.77
3 16 -15.112 -39.325 -32.77 -16.024 -35.339 -32.5 -13.593 -37.146 -34.696
3 16 -16.677 -40.832 -31.509 -17.742 -38.071 -31.922 -15.112 -39.325 -32.77
3 16 -17.742 -38.071 -31.922 -16.677 -40.832 -31.509 -19.201 -40.751 -30.376
3 16 -19.201 -40.751 -30.376 -16.677 -40.832 -31.509 -18.024 -41.226 -30.106
3 16 -18.024 -41.226 -30.106 -18.129 -41.516 -28.932 -19.201 -40.751 -30.376
3 16 -19.201 -40.751 -30.376 -18.129 -41.516 -28.932 -19.085 -41.233 -28.395
3 16 -19.085 -41.233 -28.395 -21.774 -40.727 -28.619 -19.201 -40.751 -30.376
3 16 -22.05 -39.544 -29.451 -19.201 -40.751 -30.376 -21.774 -40.727 -28.619
3 16 -19.904 -39.407 -30.98 -19.201 -40.751 -30.376 -22.05 -39.544 -29.451
3 16 -19.904 -39.407 -30.98 -17.742 -38.071 -31.922 -19.201 -40.751 -30.376
3 16 -22.05 -39.544 -29.451 -21.774 -40.727 -28.619 -23.961 -38.65 -27.953
3 16 -23.961 -38.65 -27.953 -21.774 -40.727 -28.619 -24.018 -39.216 -26.826
4 16 -23.961 -38.65 -27.953 -24.018 -39.216 -26.826 -25.095 -36.976 -26.151 -24.74 -37.045 -27.493
3 16 -24.74 -37.045 -27.493 -25.095 -36.976 -26.151 -24.654 -34.686 -27.558
3 16 -24.654 -34.686 -27.558 -25.095 -36.976 -26.151 -25.231 -34.29 -26.431
3 16 -25.231 -34.29 -26.431 -23.929 -30.966 -26.81 -24.654 -34.686 -27.558
3 16 -24.654 -34.686 -27.558 -23.929 -30.966 -26.81 -22.624 -30.89 -28.242
3 16 -23.929 -30.966 -26.81 -22.587 -28.922 -27.905 -22.624 -30.89 -28.242
3 16 -22.624 -30.89 -28.242 -22.587 -28.922 -27.905 -20.406 -28.841 -29.874
3 16 -20.406 -28.841 -29.874 -22.587 -28.922 -27.905 -21.195 -27.531 -29.447
3 16 -22.281 -28.194 -26.187 -21.195 -27.531 -29.447 -22.587 -28.922 -27.905
3 16 -22.587 -28.922 -27.905 -23.929 -30.966 -26.81 -22.281 -28.194 -26.187
3 16 -20.466 -26.134 -27.398 -21.195 -27.531 -29.447 -22.281 -28.194 -26.187
3 16 -22.281 -28.194 -26.187 -23.929 -30.966 -26.81 -23.819 -30.736 -25.155
3 16 -25.231 -34.29 -26.431 -23.819 -30.736 -25.155 -23.929 -30.966 -26.81
3 16 -24.786 -34.182 -24.39 -23.819 -30.736 -25.155 -25.231 -34.29 -26.431
3 16 -25.095 -36.976 -26.151 -24.786 -34.182 -24.39 -25.231 -34.29 -26.431
3 16 -24.276 -37.284 -24.571 -24.786 -34.182 -24.39 -25.095 -36.976 -26.151
3 16 -25.095 -36.976 -26.151 -24.018 -39.216 -26.826 -24.276 -37.284 -24.571
3 16 -24.276 -37.284 -24.571 -24.018 -39.216 -26.826 -22.799 -39.76 -25.507
3 16 -21.774 -40.727 -28.619 -22.799 -39.76 -25.507 -24.018 -39.216 -26.826
3 16 -20.881 -41.09 -27.061 -22.799 -39.76 -25.507 -21.774 -40.727 -28.619
3 16 -20.881 -41.09 -27.061 -21.774 -40.727 -28.619 -19.085 -41.233 -28.395
3 16 -20.451 -35.773 -28.809 -22.624 -30.89 -28.242 -18.309 -30.949 -29.785
3 16 -18.309 -30.949 -29.785 -22.624 -30.89 -28.242 -20.406 -28.841 -29.874
3 16 -20.451 -35.773 -28.809 -18.309 -30.949 -29.785 -16.788 -33.429 -30.424
4 16 -24.74 -37.045 -27.493 -24.654 -34.686 -27.558 -22.624 -30.89 -28.242 -20.451 -35.773 -28.809
3 16 -20.451 -35.773 -28.809 -23.961 -38.65 -27.953 -24.74 -37.045 -27.493
3 16 -20.451 -35.773 -28.809 -22.05 -39.544 -29.451 -23.961 -38.65 -27.953
4 16 -22.05 -39.544 -29.451 -20.451 -35.773 -28.809 -17.742 -38.071 -31.922 -19.904 -39.407 -30.98
3 16 -16.788 -33.429 -30.424 -17.742 -38.071 -31.922 -20.451 -35.773 -28.809
3 16 -16.024 -35.339 -32.5 -17.742 -38.071 -31.922 -16.788 -33.429 -30.424
3 16 -19.085 -41.233 -28.395 -18.129 -41.516 -28.932 -17.559 -41.224 -26.793
3 16 -17.559 -41.224 -26.793 -18.129 -41.516 -28.932 -16.874 -41.9 -27.727
3 16 -16.874 -41.9 -27.727 -13.925 -41.897 -26.601 -17.559 -41.224 -26.793
3 16 -17.559 -41.224 -26.793 -13.925 -41.897 -26.601 -12.885 -40.904 -25.702
3 16 -17.559 -41.224 -26.793 -20.881 -41.09 -27.061 -19.085 -41.233 -28.395
3 16 -14.42 -39.628 -24.516 -20.881 -41.09 -27.061 -17.559 -41.224 -26.793
3 16 -17.559 -41.224 -26.793 -12.885 -40.904 -25.702 -14.42 -39.628 -24.516
3 16 -14.42 -39.628 -24.516 -16.728 -38.07 -23.648 -20.881 -41.09 -27.061
3 16 -20.881 -41.09 -27.061 -16.728 -38.07 -23.648 -22.799 -39.76 -25.507
3 16 -16.728 -38.07 -23.648 -18.139 -35.841 -22.676 -22.799 -39.76 -25.507
3 16 -22.799 -39.76 -25.507 -18.139 -35.841 -22.676 -24.276 -37.284 -24.571
3 16 -19.405 -32.779 -22.588 -24.276 -37.284 -24.571 -18.139 -35.841 -22.676
3 16 -24.786 -34.182 -24.39 -24.276 -37.284 -24.571 -19.405 -32.779 -22.588
3 16 -23.819 -30.736 -25.155 -24.786 -34.182 -24.39 -19.405 -32.779 -22.588
3 16 -19.567 -30.953 -22.479 -23.819 -30.736 -25.155 -19.405 -32.779 -22.588
3 16 -21.403 -28.373 -25.059 -23.819 -30.736 -25.155 -19.567 -30.953 -22.479
3 16 -21.403 -28.373 -25.059 -22.281 -28.194 -26.187 -23.819 -30.736 -25.155
3 16 -20.886 -26.601 -26.637 -22.281 -28.194 -26.187 -21.403 -28.373 -25.059
3 16 -20.466 -26.134 -27.398 -22.281 -28.194 -26.187 -20.886 -26.601 -26.637
3 16 16.558 -40.86 -31.596 15.054 -39.326 -32.806 17.617 -39.497 -31.948
3 16 17.617 -39.497 -31.948 15.054 -39.326 -32.806 16.557 -38.103 -32.571
3 16 15.054 -39.326 -32.806 15.267 -36.028 -33.226 16.557 -38.103 -32.571
3 16 13.668 -37.504 -34.21 15.267 -36.028 -33.226 15.054 -39.326 -32.806
3 16 17.617 -39.497 -31.948 19.182 -40.751 -30.376 16.558 -40.86 -31.596
3 16 19.598 -39.877 -31.017 19.182 -40.751 -30.376 17.617 -39.497 -31.948
3 16 22.009 -39.914 -29.366 19.182 -40.751 -30.376 19.598 -39.877 -31.017
3 16 21.755 -40.727 -28.619 19.182 -40.751 -30.376 22.009 -39.914 -29.366
3 16 24.065 -38.846 -27.706 21.755 -40.727 -28.619 22.009 -39.914 -29.366
3 16 23.999 -39.216 -26.826 21.755 -40.727 -28.619 24.065 -38.846 -27.706
3 16 24.94 -37.133 -27.205 23.999 -39.216 -26.826 24.065 -38.846 -27.706
3 16 25.076 -36.976 -26.151 23.999 -39.216 -26.826 24.94 -37.133 -27.205
3 16 24.926 -34.593 -27.373 25.076 -36.976 -26.151 24.94 -37.133 -27.205
3 16 25.212 -34.29 -26.431 25.076 -36.976 -26.151 24.926 -34.593 -27.373
4 16 24.926 -34.593 -27.373 23.78 -31.511 -27.576 23.91 -30.966 -26.81 25.212 -34.29 -26.431
3 16 23.91 -30.966 -26.81 23.78 -31.511 -27.576 22.568 -28.922 -27.905
3 16 22.568 -28.922 -27.905 23.78 -31.511 -27.576 22.119 -29.473 -28.59
3 16 22.119 -29.473 -28.59 21.148 -27.401 -29.141 22.568 -28.922 -27.905
3 16 20.939 -28.174 -29.652 21.148 -27.401 -29.141 22.119 -29.473 -28.59
3 16 22.568 -28.922 -27.905 22.262 -28.194 -26.187 23.91 -30.966 -26.81
4 16 22.568 -28.922 -27.905 21.148 -27.401 -29.141 20.524 -26.247 -27.438 22.262 -28.194 -26.187
3 16 23.91 -30.966 -26.81 22.262 -28.194 -26.187 23.8 -30.736 -25.155
3 16 23.8 -30.736 -25.155 25.212 -34.29 -26.431 23.91 -30.966 -26.81
3 16 24.767 -34.182 -24.39 25.212 -34.29 -26.431 23.8 -30.736 -25.155
3 16 25.212 -34.29 -26.431 24.767 -34.182 -24.39 25.076 -36.976 -26.151
3 16 25.076 -36.976 -26.151 24.767 -34.182 -24.39 24.257 -37.284 -24.571
3 16 25.076 -36.976 -26.151 24.257 -37.284 -24.571 23.999 -39.216 -26.826
3 16 23.999 -39.216 -26.826 24.257 -37.284 -24.571 22.78 -39.76 -25.507
3 16 20.863 -41.09 -27.061 21.755 -40.727 -28.619 22.78 -39.76 -25.507
3 16 22.78 -39.76 -25.507 21.755 -40.727 -28.619 23.999 -39.216 -26.826
3 16 19.341 -41.234 -28.684 21.755 -40.727 -28.619 20.863 -41.09 -27.061
3 16 19.182 -40.751 -30.376 21.755 -40.727 -28.619 19.341 -41.234 -28.684
3 16 19.341 -41.234 -28.684 18.283 -41.335 -29.324 19.182 -40.751 -30.376
3 16 19.182 -40.751 -30.376 18.283 -41.335 -29.324 16.558 -40.86 -31.596
3 16 20.409 -35.842 -28.831 17.617 -39.497 -31.948 16.557 -38.103 -32.571
3 16 16.557 -38.103 -32.571 16.767 -33.716 -30.313 20.409 -35.842 -28.831
3 16 15.267 -36.028 -33.226 16.767 -33.716 -30.313 16.557 -38.103 -32.571
3 16 20.409 -35.842 -28.831 19.598 -39.877 -31.017 17.617 -39.497 -31.948
3 16 19.598 -39.877 -31.017 20.409 -35.842 -28.831 22.009 -39.914 -29.366
3 16 20.409 -35.842 -28.831 24.065 -38.846 -27.706 22.009 -39.914 -29.366
3 16 20.409 -35.842 -28.831 24.94 -37.133 -27.205 24.065 -38.846 -27.706
3 16 20.409 -35.842 -28.831 24.926 -34.593 -27.373 24.94 -37.133 -27.205
3 16 24.926 -34.593 -27.373 20.409 -35.842 -28.831 23.78 -31.511 -27.576
4 16 23.78 -31.511 -27.576 20.409 -35.842 -28.831 19.234 -29.997 -29.924 22.119 -29.473 -28.59
3 16 20.409 -35.842 -28.831 16.767 -33.716 -30.313 19.234 -29.997 -29.924
3 16 20.939 -28.174 -29.652 22.119 -29.473 -28.59 19.234 -29.997 -29.924
3 16 17.54 -41.224 -26.793 17.089 -41.659 -27.651 19.341 -41.234 -28.684
3 16 19.341 -41.234 -28.684 17.089 -41.659 -27.651 18.283 -41.335 -29.324
3 16 19.341 -41.234 -28.684 20.863 -41.09 -27.061 17.54 -41.224 -26.793
3 16 17.54 -41.224 -26.793 20.863 -41.09 -27.061 14.88 -39.62 -24.59
3 16 20.863 -41.09 -27.061 17.399 -37.831 -23.558 14.88 -39.62 -24.59
3 16 22.78 -39.76 -25.507 17.399 -37.831 -23.558 20.863 -41.09 -27.061
4 16 24.257 -37.284 -24.571 18.25 -35.79 -22.747 17.399 -37.831 -23.558 22.78 -39.76 -25.507
3 16 24.257 -37.284 -24.571 19.202 -33.982 -22.483 18.25 -35.79 -22.747
3 16 24.767 -34.182 -24.39 19.202 -33.982 -22.483 24.257 -37.284 -24.571
3 16 24.767 -34.182 -24.39 19.978 -31.785 -22.611 19.202 -33.982 -22.483
3 16 23.8 -30.736 -25.155 19.978 -31.785 -22.611 24.767 -34.182 -24.39
3 16 23.8 -30.736 -25.155 21.247 -28.833 -24.574 19.978 -31.785 -22.611
3 16 22.262 -28.194 -26.187 21.247 -28.833 -24.574 23.8 -30.736 -25.155
3 16 22.262 -28.194 -26.187 20.992 -26.749 -26.495 21.247 -28.833 -24.574
3 16 20.524 -26.247 -27.438 20.992 -26.749 -26.495 22.262 -28.194 -26.187
3 16 19.978 -31.785 -22.611 21.247 -28.833 -24.574 19.768 -30.41 -22.79
3 16 13.083 -40.84 -25.421 16.257 -41.192 -26.276 14.88 -39.62 -24.59
3 16 13.745 -41.379 -25.802 16.257 -41.192 -26.276 13.083 -40.84 -25.421
3 16 15.294 -41.649 -26.645 16.257 -41.192 -26.276 13.745 -41.379 -25.802
3 16 15.294 -41.649 -26.645 17.089 -41.659 -27.651 16.257 -41.192 -26.276
3 16 16.257 -41.192 -26.276 17.089 -41.659 -27.651 17.54 -41.224 -26.793
3 16 17.54 -41.224 -26.793 14.88 -39.62 -24.59 16.257 -41.192 -26.276
3 16 -3.14 10.13 -16.448 -2.269 8.762 -17.783 -3.593 7.757 -18.774
4 16 -3.14 10.13 -16.448 0 9.942 -16.615 -.009 8.644 -17.887 -2.269 8.762 -17.783
4 16 3.14 10.13 -16.448 2.25 8.762 -17.783 -.009 8.644 -17.887 0 9.942 -16.615
3 16 10.3 16.182 -10.559 3.14 10.13 -16.448 0 9.942 -16.615
4 16 3.14 10.13 -16.448 10.3 16.182 -10.559 10.3 9.171 -17.424 7.444 9.047 -17.532
3 16 7.444 9.047 -17.532 8.184 6.622 -19.91 6.394 7.57 -18.971
3 16 6.394 7.57 -18.971 3.574 7.757 -18.774 7.444 9.047 -17.532
4 16 7.444 9.047 -17.532 3.574 7.757 -18.774 2.25 8.762 -17.783 3.14 10.13 -16.448
4 16 7.444 9.047 -17.532 10.3 9.171 -17.424 10.3 6.262 -20.273 8.184 6.622 -19.91
4 16 -3.14 10.13 -16.448 -10.3 16.209 -10.535 10.3 16.182 -10.559 0 9.942 -16.615
4 16 -6.413 7.571 -18.971 -7.444 9.047 -17.532 -3.14 10.13 -16.448 -3.593 7.757 -18.774
4 16 -3.14 10.13 -16.448 -7.444 9.047 -17.532 -10.3 9.172 -17.424 -10.3 16.209 -10.535
3 16 -8.203 6.622 -19.91 -7.444 9.047 -17.532 -6.413 7.571 -18.971
4 16 -7.444 9.047 -17.532 -8.203 6.622 -19.91 -10.3 6.262 -20.273 -10.3 9.172 -17.424
4 16 10.3 16.182 -10.559 -10.3 16.209 -10.535 -10.3 18.177 -6.365 10.3 18.177 -6.365
4 16 10.3 18.177 -6.365 -10.3 18.177 -6.365 -10.3 19.162 -.161 10.3 19.162 -.161
4 16 10.3 19.162 -.161 -10.3 19.162 -.161 -10.3 18.163 6.452 10.3 18.159 6.454
4 16 10.3 18.159 6.454 -10.3 18.163 6.452 -10.3 14.613 12.989 10.3 14.613 12.989
4 16 -10.3 8.71 17.559 10.3 8.705 17.56 10.3 14.613 12.989 -10.3 14.613 12.989
4 16 -10.3 8.71 17.559 -10.3 .635 19.645 10.3 .624 19.641 10.3 8.705 17.56
4 16 -10.3 .635 19.645 -10.3 -5.594 18.975 10.3 -5.627 18.941 10.3 .624 19.641
4 16 -10.3 -5.594 18.975 -10.3 -12.554 15.605 10.3 -12.554 15.605 10.3 -5.627 18.941
3 16 -.225 -15.215 13.013 10.3 -12.554 15.605 -10.3 -12.554 15.605
3 16 -3.057 -17.113 10.74 -.225 -15.215 13.013 -10.3 -12.554 15.605
3 16 -.181 -16.285 12 -.225 -15.215 13.013 -3.057 -17.113 10.74
3 16 -.181 -16.285 12 3.524 -15.845 12.236 -.225 -15.215 13.013
3 16 3.524 -15.845 12.236 10.3 -12.554 15.605 -.225 -15.215 13.013
3 16 2.405 -17.171 10.879 3.524 -15.845 12.236 -.181 -16.285 12
3 16 2.405 -17.171 10.879 4.29 -18.236 9.474 3.524 -15.845 12.236
3 16 3.22 -18.081 9.865 4.29 -18.236 9.474 2.405 -17.171 10.879
3 16 4.29 -18.236 9.474 6.414 -19.475 8.153 3.524 -15.845 12.236
3 16 3.524 -15.845 12.236 6.414 -19.475 8.153 10.3 -16.288 11.671
3 16 10.3 -12.554 15.605 3.524 -15.845 12.236 10.3 -16.288 11.671
3 16 6.414 -19.475 8.153 10.3 -20.507 6.412 10.3 -16.288 11.671
3 16 -10.3 -16.83 10.949 -3.057 -17.113 10.74 -10.3 -12.554 15.605
3 16 -4.334 -19.358 8.08 -3.057 -17.113 10.74 -5.105 -19.13 8.406
4 16 -3.057 -17.113 10.74 -10.3 -16.83 10.949 -6.527 -19.568 7.902 -5.105 -19.13 8.406
3 16 -6.527 -19.568 7.902 -10.3 -16.83 10.949 -7.904 -20.869 6.561
3 16 -10.3 -20.593 6.361 -7.904 -20.869 6.561 -10.3 -16.83 10.949
3 16 10.3 6.262 -20.273 10.3 9.171 -17.424 10.3 5.254 -19.125
4 16 10.3 9.171 -17.424 10.3 1.7443 -6.5091 10.3 4.206 -18.495 10.3 5.254 -19.125
3 16 10.3 4.206 -18.495 10.3 1.7443 -6.5091 10.3 1.869 -18.704
4 16 10.3 0 -6.7063 10.3 .243 -16.81 10.3 1.869 -18.704 10.3 1.7443 -6.5091
4 16 10.3 3.3536 -5.8082 10.3 1.7443 -6.5091 10.3 9.171 -17.424 10.3 16.182 -10.559
3 16 10.3 4.7657 -4.7657 10.3 3.3536 -5.8082 10.3 16.182 -10.559
3 16 10.3 5.8082 -3.3536 10.3 4.7657 -4.7657 10.3 16.182 -10.559
4 16 10.3 18.177 -6.365 10.3 6.5091 -1.7443 10.3 5.8082 -3.3536 10.3 16.182 -10.559
4 16 10.3 6.7063 0 10.3 6.5091 -1.7443 10.3 18.177 -6.365 10.3 19.162 -.161
4 16 10.3 6.7063 0 10.3 19.162 -.161 10.3 18.159 6.454 10.3 6.5091 1.7443
4 16 10.3 0 -6.7063 10.3 -1.7443 -6.5091 10.3 -3.699 -15.488 10.3 .243 -16.81
4 16 10.3 -13.231 -10.641 10.3 -8.614 -12.801 10.3 -3.3536 -5.8082 10.3 -4.7657 -4.7657
4 16 10.3 -3.699 -15.488 10.3 -1.7443 -6.5091 10.3 -3.3536 -5.8082 10.3 -8.614 -12.801
4 16 10.3 -16.538 -9.842 10.3 -13.231 -10.641 10.3 -5.8082 -3.3536 10.3 -6.5091 -1.7443
3 16 10.3 -4.7657 -4.7657 10.3 -5.8082 -3.3536 10.3 -13.231 -10.641
4 16 10.3 -18.771 -8.173 10.3 -16.538 -9.842 10.3 -6.5091 -1.7443 10.3 -18.093 -6.667
3 16 10.3 -18.095 -4.61 10.3 -18.093 -6.667 10.3 -6.5091 -1.7443
4 16 10.3 -21.245 -.142 10.3 -20.075 -1.851 10.3 -18.095 -4.61 10.3 -6.5091 -1.7443
3 16 10.3 -20.917 1.402 10.3 -21.245 -.142 10.3 -6.5091 -1.7443
4 16 10.3 -6.7063 0 10.3 -19.956 2.734 10.3 -20.917 1.402 10.3 -6.5091 -1.7443
4 16 10.3 -6.7063 0 10.3 -6.5091 1.7443 10.3 -19.816 3.737 10.3 -19.956 2.734
4 16 10.3 -6.7533 3.5639 10.3 -9.372 4.84 10.3 -19.816 3.737 10.3 -6.5091 1.7443
3 16 10.3 -19.816 3.737 10.3 -9.372 4.84 10.3 -19.694 5.561
4 16 10.3 -9.372 4.84 10.3 -6.895 8.617 10.3 -12.554 15.605 10.3 -16.288 11.671
4 16 10.3 -12.554 15.605 10.3 -6.895 8.617 10.3 -1.86 10.772 10.3 -5.627 18.941
3 16 10.3 -5.627 18.941 10.3 -1.86 10.772 10.3 -1.857 14.578
3 16 10.3 -5.627 18.941 10.3 -1.857 14.578 10.3 .624 19.641
4 16 10.3 8.705 17.56 10.3 .624 19.641 10.3 -1.857 14.578 10.3 2.189 14.578
3 16 10.3 2.119 10.772 10.3 7.611 7.937 10.3 2.189 14.578
4 16 10.3 2.189 14.578 10.3 7.611 7.937 10.3 14.613 12.989 10.3 8.705 17.56
4 16 10.3 7.611 7.937 10.3 9.789 4.039 10.3 18.159 6.454 10.3 14.613 12.989
4 16 10.3 7.0599 3.017 10.3 6.5091 1.7443 10.3 18.159 6.454 10.3 9.789 4.039
3 16 10.3 5.8082 3.3536 10.3 6.5091 1.7443 10.3 7.0599 3.017
3 16 -10.3 -19.851 1.985 -10.3 -19.561 -2.388 -10.3 -21.13 -.433
3 16 -10.3 -16.235 -1.528 -10.3 -18.144 -4.317 -10.3 -19.561 -2.388
3 16 -10.3 -16.235 -1.528 -10.3 -17.881 -5.789 -10.3 -18.144 -4.317
4 16 -10.3 -16.235 -1.528 -10.3 -14.77 -9.96 -10.3 -17.982 -7.276 -10.3 -17.881 -5.789
4 16 -10.3 -19.561 -2.388 -10.3 -19.851 1.985 -10.3 -19.036 3.25 -10.3 -16.235 -1.528
4 16 -10.3 -16.235 -1.528 -10.3 -19.036 3.25 -10.3 -18.72 4.943 -10.3 -16.701 4.779
4 16 -10.3 -16.701 4.779 -10.3 -18.72 4.943 -10.3 -19.444 5.866 -10.3 -16.83 10.949
3 16 -10.3 -16.83 10.949 -10.3 -19.444 5.866 -10.3 -20.593 6.361
4 16 -10.3 -5.8082 -3.3536 -10.3 -14.77 -9.96 -10.3 -16.235 -1.528 -10.3 -6.5091 -1.7443
4 16 -10.3 -6.7063 0 -10.3 -6.5091 -1.7443 -10.3 -16.235 -1.528 -10.3 -10.065 2.278
3 16 -10.3 -5.8082 -3.3536 -10.3 -4.7657 -4.7657 -10.3 -14.77 -9.96
3 16 -10.3 -3.3536 -5.8082 -10.3 -1.7443 -6.5091 -10.3 -9.442 -12.594
4 16 -10.3 -14.77 -9.96 -10.3 -4.7657 -4.7657 -10.3 -3.3536 -5.8082 -10.3 -9.442 -12.594
4 16 -10.3 -9.442 -12.594 -10.3 -1.7443 -6.5091 -10.3 0 -6.7063 -10.3 -3.793 -15.505
4 16 -10.3 0 -6.7063 -10.3 1.7443 -6.5091 -10.3 .441 -17.165 -10.3 -3.793 -15.505
3 16 -10.3 .441 -17.165 -10.3 1.7443 -6.5091 -10.3 3.522 -16.929
4 16 -10.3 .441 -17.165 -10.3 3.522 -16.929 -10.3 4.206 -18.495 -10.3 1.869 -18.704
4 16 -10.3 3.3536 -5.8082 -10.3 9.172 -17.424 -10.3 3.522 -16.929 -10.3 1.7443 -6.5091
4 16 -10.3 3.522 -16.929 -10.3 9.172 -17.424 -10.3 5.448 -19.326 -10.3 4.206 -18.495
3 16 -10.3 5.448 -19.326 -10.3 9.172 -17.424 -10.3 6.262 -20.273
3 16 -10.3 3.3536 -5.8082 -10.3 4.7657 -4.7657 -10.3 9.172 -17.424
4 16 -10.3 18.177 -6.365 -10.3 16.209 -10.535 -10.3 5.8082 -3.3536 -10.3 6.5091 -1.7443
4 16 -10.3 9.172 -17.424 -10.3 4.7657 -4.7657 -10.3 5.8082 -3.3536 -10.3 16.209 -10.535
3 16 -10.3 18.177 -6.365 -10.3 6.5091 -1.7443 -10.3 19.162 -.161
4 16 -10.3 6.5091 -1.7443 -10.3 12.633 4.634 -10.3 18.163 6.452 -10.3 19.162 -.161
4 16 -10.3 9.052 11.121 -10.3 14.613 12.989 -10.3 18.163 6.452 -10.3 12.633 4.634
3 16 -10.3 14.613 12.989 -10.3 9.052 11.121 -10.3 8.71 17.559
4 16 -10.3 2.701 17.92 -10.3 8.71 17.559 -10.3 9.052 11.121 -10.3 2.753 12.918
3 16 -10.3 6.7063 0 -10.3 6.5091 1.7443 -10.3 9.606 3.715
4 16 -10.3 12.633 4.634 -10.3 6.5091 -1.7443 -10.3 6.7063 0 -10.3 9.606 3.715
3 16 -10.3 5.8082 3.3536 -10.3 4.7657 4.7657 -10.3 9.606 3.715
3 16 -10.3 6.5091 1.7443 -10.3 5.8082 3.3536 -10.3 9.606 3.715
4 16 -10.3 3.3536 5.8082 -10.3 6.994 7.479 -10.3 9.606 3.715 -10.3 4.7657 4.7657
3 16 -10.3 3.3536 5.8082 -10.3 1.7443 6.5091 -10.3 6.994 7.479
4 16 -10.3 0 6.7063 -10.3 2.52 9.87 -10.3 6.994 7.479 -10.3 1.7443 6.5091
3 16 -10.3 0 6.7063 -10.3 -1.7443 6.5091 -10.3 2.52 9.87
4 16 -10.3 -3.3536 5.8082 -10.3 -2.574 9.796 -10.3 2.52 9.87 -10.3 -1.7443 6.5091
3 16 -10.3 -3.3536 5.8082 -10.3 -4.7657 4.7657 -10.3 -2.574 9.796
3 16 -10.3 -5.8082 3.3536 -10.3 -6.5091 1.7443 -10.3 -7.277 7.293
4 16 -10.3 -2.574 9.796 -10.3 -4.7657 4.7657 -10.3 -5.8082 3.3536 -10.3 -7.277 7.293
4 16 -10.3 -6.7063 0 -10.3 -10.065 2.278 -10.3 -7.277 7.293 -10.3 -6.5091 1.7443
3 16 -10.3 .635 19.645 -10.3 8.71 17.559 -10.3 2.701 17.92
4 16 -10.3 2.701 17.92 -10.3 -1.804 17.892 -10.3 -5.594 18.975 -10.3 .635 19.645
3 16 -10.3 -1.981 12.978 -10.3 -5.594 18.975 -10.3 -1.804 17.892
4 16 -10.3 -12.554 15.605 -10.3 -5.594 18.975 -10.3 -1.981 12.978 -10.3 -7.624 12.106
4 16 -10.3 -12.229 5.723 -10.3 -16.83 10.949 -10.3 -12.554 15.605 -10.3 -7.624 12.106
4 16 -10.3 -16.83 10.949 -10.3 -12.229 5.723 -10.3 -11.441 2.978 -10.3 -16.701 4.779
4 16 -10.3 -16.701 4.779 -10.3 -11.441 2.978 -10.3 -10.065 2.278 -10.3 -16.235 -1.528
3 16 -5.261 -36.58 -42.991 -6.973 -36.025 -42.25 -5.185 -34.995 -47.208
4 16 -5.185 -34.995 -47.208 -6.973 -36.025 -42.25 -8.142 -33.432 -47.22 -6.546 -34.094 -47.648
3 16 -8.142 -33.432 -47.22 -6.973 -36.025 -42.25 -8.964 -35.159 -41.42
3 16 -8.964 -35.159 -41.42 -11.578 -32.139 -45.798 -8.142 -33.432 -47.22
4 16 -11.578 -32.139 -45.798 -8.964 -35.159 -41.42 -9.495 -36.062 -37.338 -11.688 -33.714 -40.5
3 16 -11.688 -33.714 -40.5 -9.495 -36.062 -37.338 -11.898 -34.842 -37.154
3 16 -11.578 -32.139 -45.798 -11.688 -33.714 -40.5 -12.542 -30.415 -45.329
4 16 -12.542 -30.415 -45.329 -11.688 -33.714 -40.5 -11.898 -34.842 -37.154 -14.191 -30.619 -39.376
3 16 -14.191 -30.619 -39.376 -12.455 -28.138 -45.184 -12.542 -30.415 -45.329
3 16 -15.17 -27.674 -39.901 -12.455 -28.138 -45.184 -14.191 -30.619 -39.376
3 16 -14.191 -30.619 -39.376 -11.898 -34.842 -37.154 -13.928 -31.672 -35.885
3 16 -6.973 -36.025 -42.25 -7.753 -37.153 -37.835 -8.964 -35.159 -41.42
3 16 -8.964 -35.159 -41.42 -7.753 -37.153 -37.835 -9.495 -36.062 -37.338
3 16 -15.042 -23.729 -40.445 -12.455 -28.138 -45.184 -15.17 -27.674 -39.901
4 16 -12.455 -28.138 -45.184 -15.042 -23.729 -40.445 -13.383 -19.397 -41.6 -11.515 -25.214 -45.669
3 16 -11.515 -25.214 -45.669 -13.383 -19.397 -41.6 -10.813 -21.37 -46.826
3 16 -13.383 -19.397 -41.6 -11.964 -14.212 -43.108 -10.813 -21.37 -46.826
3 16 -13.383 -19.397 -41.6 -12.323 -14.036 -38.362 -11.964 -14.212 -43.108
3 16 -12.323 -14.036 -38.362 -11.96 -11.011 -40.183 -11.964 -14.212 -43.108
3 16 -11.964 -14.212 -43.108 -11.96 -11.011 -40.183 -10.827 -9.581 -44.334
3 16 -10.827 -9.581 -44.334 -11.96 -11.011 -40.183 -10.677 -8.813 -40.886
3 16 -13.78 -17.531 -37.742 -12.323 -14.036 -38.362 -13.383 -19.397 -41.6
3 16 -11.373 -10.894 -50.818 -11.964 -14.212 -43.108 -10.827 -9.581 -44.334
3 16 -11.501 -16.349 -53.279 -11.964 -14.212 -43.108 -11.373 -10.894 -50.818
3 16 -10.813 -21.37 -46.826 -11.964 -14.212 -43.108 -11.501 -16.349 -53.279
3 16 -11.501 -16.349 -53.279 -8.879 -21.202 -55.831 -10.813 -21.37 -46.826
3 16 -11.501 -16.349 -53.279 -11.012 -14.393 -58.387 -8.879 -21.202 -55.831
4 16 -11.373 -10.894 -50.818 -11.083 -10.834 -55.039 -11.012 -14.393 -58.387 -11.501 -16.349 -53.279
3 16 -10.72 -11.081 -57.001 -11.012 -14.393 -58.387 -11.083 -10.834 -55.039
3 16 -8.879 -21.202 -55.831 -11.012 -14.393 -58.387 -8.911 -18.619 -60.314
3 16 -6.173 -21.405 -61.594 -8.879 -21.202 -55.831 -8.911 -18.619 -60.314
3 16 -6.183 -24.06 -57.047 -8.879 -21.202 -55.831 -6.173 -21.405 -61.594
3 16 -6.183 -24.06 -57.047 -6.173 -21.405 -61.594 -4.537 -23.867 -61.476
3 16 -4.537 -23.867 -61.476 -6.173 -21.405 -61.594 -3.824 -23.289 -62.713
3 16 -6.183 -24.06 -57.047 -4.537 -23.867 -61.476 -4.191 -27.109 -55.731
3 16 -4.197 -29.812 -49.877 -6.183 -24.06 -57.047 -4.191 -27.109 -55.731
3 16 -8.879 -21.202 -55.831 -6.183 -24.06 -57.047 -7.456 -25.921 -48.453
3 16 -7.456 -25.921 -48.453 -6.183 -24.06 -57.047 -4.197 -29.812 -49.877
3 16 -10.813 -21.37 -46.826 -8.879 -21.202 -55.831 -7.456 -25.921 -48.453
3 16 -13.78 -17.531 -37.742 -13.383 -19.397 -41.6 -15.606 -20.41 -37.437
3 16 -15.606 -20.41 -37.437 -13.383 -19.397 -41.6 -15.042 -23.729 -40.445
3 16 -15.606 -20.41 -37.437 -15.042 -23.729 -40.445 -16.964 -22.518 -36.072
3 16 -15.042 -23.729 -40.445 -16.916 -25.12 -36.872 -16.964 -22.518 -36.072
3 16 -15.042 -23.729 -40.445 -15.17 -27.674 -39.901 -16.916 -25.12 -36.872
3 16 -16.916 -25.12 -36.872 -15.17 -27.674 -39.901 -16.56 -27.908 -36.529
3 16 -14.968 -30.296 -35.108 -16.56 -27.908 -36.529 -15.17 -27.674 -39.901
3 16 -15.17 -27.674 -39.901 -14.191 -30.619 -39.376 -14.968 -30.296 -35.108
3 16 -14.968 -30.296 -35.108 -14.191 -30.619 -39.376 -13.928 -31.672 -35.885
3 16 -16.556 -28.725 -35.016 -16.56 -27.908 -36.529 -14.968 -30.296 -35.108
3 16 -6.009 -37.361 -39.092 -5.261 -36.58 -42.991 -4.814 -37.914 -40.232
3 16 -4.814 -37.914 -40.232 -5.261 -36.58 -42.991 -4.172 -36.632 -43.24
3 16 -3.83 -35.209 -47.021 -4.172 -36.632 -43.24 -5.185 -34.995 -47.208
3 16 -5.185 -34.995 -47.208 -4.172 -36.632 -43.24 -5.261 -36.58 -42.991
3 16 -2.717 -33.195 -48.852 -3.83 -35.209 -47.021 -5.185 -34.995 -47.208
3 16 -1.828 -34.647 -47.229 -3.83 -35.209 -47.021 -2.717 -33.195 -48.852
3 16 -2.717 -33.195 -48.852 -5.185 -34.995 -47.208 -6.341 -33.427 -48.238
3 16 -6.341 -33.427 -48.238 -5.185 -34.995 -47.208 -6.546 -34.094 -47.648
3 16 -5.179 -32.061 -49.073 -2.717 -33.195 -48.852 -6.341 -33.427 -48.238
3 16 -6.341 -33.427 -48.238 -6.546 -34.094 -47.648 -8.142 -33.432 -47.22
3 16 0 -32.994 -48.79 -1.828 -34.647 -47.229 -2.717 -33.195 -48.852
3 16 -2.717 -33.195 -48.852 0 -30.657 -50.179 0 -32.994 -48.79
3 16 0 -30.657 -50.179 2.717 -33.195 -48.852 0 -32.994 -48.79
3 16 2.717 -33.195 -48.852 1.828 -34.647 -47.229 0 -32.994 -48.79
3 16 2.717 -33.195 -48.852 3.83 -35.209 -47.021 1.828 -34.647 -47.229
3 16 5.185 -34.995 -47.208 3.83 -35.209 -47.021 2.717 -33.195 -48.852
3 16 5.185 -34.995 -47.208 4.339 -36.613 -43.33 3.83 -35.209 -47.021
3 16 5.387 -36.508 -43.131 4.339 -36.613 -43.33 5.185 -34.995 -47.208
3 16 0 -32.994 -48.79 1.828 -34.647 -47.229 0 -34.392 -47.099
3 16 0 -34.392 -47.099 -1.828 -34.647 -47.229 0 -32.994 -48.79
3 16 6.341 -33.427 -48.238 5.185 -34.995 -47.208 2.717 -33.195 -48.852
3 16 5.179 -32.061 -49.073 6.341 -33.427 -48.238 2.717 -33.195 -48.852
3 16 6.546 -34.094 -47.648 5.185 -34.995 -47.208 6.341 -33.427 -48.238
3 16 6.341 -33.427 -48.238 8.142 -33.432 -47.22 6.546 -34.094 -47.648
3 16 0 -30.657 -50.179 4.197 -29.812 -49.877 2.717 -33.195 -48.852
3 16 2.717 -33.195 -48.852 4.197 -29.812 -49.877 5.179 -32.061 -49.073
3 16 -5.179 -32.061 -49.073 -4.197 -29.812 -49.877 -2.717 -33.195 -48.852
3 16 -2.717 -33.195 -48.852 -4.197 -29.812 -49.877 0 -30.657 -50.179
3 16 0 -24.383 -62.134 -4.537 -23.867 -61.476 -2.616 -23.311 -63.109
3 16 -2.616 -23.311 -63.109 -4.537 -23.867 -61.476 -3.824 -23.289 -62.713
3 16 0 -23.398 -63.273 0 -24.383 -62.134 -2.616 -23.311 -63.109
3 16 0 -24.383 -62.134 -4.191 -27.109 -55.731 -4.537 -23.867 -61.476
3 16 0 -27.987 -55.966 -4.191 -27.109 -55.731 0 -24.383 -62.134
4 16 -4.191 -27.109 -55.731 0 -27.987 -55.966 0 -30.657 -50.179 -4.197 -29.812 -49.877
4 16 0 -30.657 -50.179 0 -27.987 -55.966 4.191 -27.109 -55.731 4.197 -29.812 -49.877
3 16 0 -24.383 -62.134 4.191 -27.109 -55.731 0 -27.987 -55.966
3 16 4.537 -23.867 -61.476 4.191 -27.109 -55.731 0 -24.383 -62.134
3 16 0 -24.383 -62.134 2.616 -23.311 -63.109 4.537 -23.867 -61.476
3 16 0 -23.398 -63.273 2.616 -23.311 -63.109 0 -24.383 -62.134
3 16 4.537 -23.867 -61.476 2.616 -23.311 -63.109 3.824 -23.289 -62.713
3 16 -11.083 -10.834 -55.039 -11.373 -10.894 -50.818 -8.103 -8.472 -54.96
3 16 -8.103 -8.472 -54.96 -11.373 -10.894 -50.818 -7.67 -8.206 -50.662
3 16 11.083 -10.834 -55.039 8.103 -8.472 -54.96 11.373 -10.894 -50.818
3 16 11.373 -10.894 -50.818 8.103 -8.472 -54.96 7.67 -8.206 -50.662
3 16 11.373 -10.894 -50.818 7.67 -8.206 -50.662 10.872 -9.611 -44.289
3 16 10.872 -9.611 -44.289 7.67 -8.206 -50.662 7.125 -7.205 -44.804
3 16 7.125 -7.205 -44.804 8.588 -7.042 -40.69 10.872 -9.611 -44.289
3 16 10.872 -9.611 -44.289 8.588 -7.042 -40.69 10.677 -8.813 -40.886
3 16 7.125 -7.205 -44.804 6.82 -6.265 -41.467 8.588 -7.042 -40.69
3 16 -7.164 -7.227 -44.771 -10.827 -9.581 -44.334 -8.588 -7.042 -40.69
3 16 -8.588 -7.042 -40.69 -10.827 -9.581 -44.334 -10.677 -8.813 -40.886
3 16 -7.164 -7.227 -44.771 -8.588 -7.042 -40.69 -6.82 -6.265 -41.467
3 16 -7.164 -7.227 -44.771 -7.67 -8.206 -50.662 -10.827 -9.581 -44.334
3 16 -10.827 -9.581 -44.334 -7.67 -8.206 -50.662 -11.373 -10.894 -50.818
3 16 -8.103 -8.472 -54.96 -7.67 -8.206 -50.662 -7.511 -6.842 -55.241
3 16 -7.511 -6.842 -55.241 -7.67 -8.206 -50.662 -6.355 -6.961 -50.505
3 16 -7.511 -6.842 -55.241 -6.355 -6.961 -50.505 -4.435 -4.911 -54.683
3 16 -4.435 -4.911 -54.683 -6.355 -6.961 -50.505 -3.498 -5.582 -50.237
4 16 0 -5.051 -50.09 0 -4.173 -54.621 -4.435 -4.911 -54.683 -3.498 -5.582 -50.237
3 16 7.511 -6.842 -55.241 7.67 -8.206 -50.662 8.103 -8.472 -54.96
3 16 6.355 -6.961 -50.505 7.67 -8.206 -50.662 7.511 -6.842 -55.241
3 16 4.435 -4.911 -54.683 6.355 -6.961 -50.505 7.511 -6.842 -55.241
3 16 3.498 -5.582 -50.237 6.355 -6.961 -50.505 4.435 -4.911 -54.683
4 16 0 -5.051 -50.09 3.498 -5.582 -50.237 4.435 -4.911 -54.683 0 -4.173 -54.621
3 16 7.67 -8.206 -50.662 6.355 -6.961 -50.505 7.125 -7.205 -44.804
4 16 7.125 -7.205 -44.804 6.355 -6.961 -50.505 3.498 -5.582 -50.237 5.672 -6.517 -45.03
3 16 5.672 -6.517 -45.03 5.492 -5.786 -41.877 7.125 -7.205 -44.804
3 16 7.125 -7.205 -44.804 5.492 -5.786 -41.877 6.82 -6.265 -41.467
3 16 5.672 -6.517 -45.03 3.501 -5.068 -42.491 5.492 -5.786 -41.877
3 16 2.945 -5.82 -45.388 3.501 -5.068 -42.491 5.672 -6.517 -45.03
3 16 5.672 -6.517 -45.03 3.498 -5.582 -50.237 2.945 -5.82 -45.388
3 16 3.498 -5.582 -50.237 0 -5.051 -50.09 2.945 -5.82 -45.388
3 16 3.501 -5.068 -42.491 2.945 -5.82 -45.388 .111 -5.293 -42.62
3 16 .111 -5.293 -42.62 2.945 -5.82 -45.388 .094 -5.565 -45.412
3 16 2.945 -5.82 -45.388 0 -5.051 -50.09 .094 -5.565 -45.412
3 16 .094 -5.565 -45.412 -2.928 -5.821 -45.346 .111 -5.293 -42.62
3 16 0 -5.051 -50.09 -2.928 -5.821 -45.346 .094 -5.565 -45.412
3 16 .111 -5.293 -42.62 -2.928 -5.821 -45.346 -3.501 -5.068 -42.491
3 16 -2.928 -5.821 -45.346 -5.627 -6.527 -45.106 -3.501 -5.068 -42.491
3 16 -3.501 -5.068 -42.491 -5.627 -6.527 -45.106 -5.71 -5.827 -41.887
3 16 -5.627 -6.527 -45.106 -7.164 -7.227 -44.771 -5.71 -5.827 -41.887
3 16 -5.71 -5.827 -41.887 -7.164 -7.227 -44.771 -6.82 -6.265 -41.467
3 16 -3.498 -5.582 -50.237 -2.928 -5.821 -45.346 0 -5.051 -50.09
3 16 -3.498 -5.582 -50.237 -5.627 -6.527 -45.106 -2.928 -5.821 -45.346
3 16 -6.355 -6.961 -50.505 -5.627 -6.527 -45.106 -3.498 -5.582 -50.237
3 16 -6.355 -6.961 -50.505 -7.164 -7.227 -44.771 -5.627 -6.527 -45.106
3 16 -7.67 -8.206 -50.662 -7.164 -7.227 -44.771 -6.355 -6.961 -50.505
3 16 -4.172 -36.632 -43.24 -3.83 -35.209 -47.021 -1.89 -36.005 -43.316
3 16 -1.89 -36.005 -43.316 -3.83 -35.209 -47.021 -1.828 -34.647 -47.229
3 16 -1.89 -36.005 -43.316 -1.828 -34.647 -47.229 .032 -35.597 -43.446
3 16 .032 -35.597 -43.446 -1.828 -34.647 -47.229 0 -34.392 -47.099
3 16 .032 -35.597 -43.446 1.682 -37.083 -40.382 -1.89 -36.005 -43.316
3 16 -1.89 -36.005 -43.316 1.682 -37.083 -40.382 -1.488 -37.871 -39.029
3 16 -1.488 -37.871 -39.029 -4.172 -36.632 -43.24 -1.89 -36.005 -43.316
3 16 -4.172 -36.632 -43.24 -1.488 -37.871 -39.029 -4.814 -37.914 -40.232
4 16 5.185 -34.995 -47.208 6.546 -34.094 -47.648 7.084 -35.978 -42.232 5.387 -36.508 -43.131
3 16 6.546 -34.094 -47.648 8.142 -33.432 -47.22 7.084 -35.978 -42.232
3 16 7.084 -35.978 -42.232 8.142 -33.432 -47.22 8.885 -35.155 -41.573
3 16 11.578 -32.139 -45.798 8.885 -35.155 -41.573 8.142 -33.432 -47.22
4 16 9.339 -36.178 -37.313 8.885 -35.155 -41.573 11.578 -32.139 -45.798 11.657 -33.597 -40.887
3 16 12.542 -30.415 -45.329 11.657 -33.597 -40.887 11.578 -32.139 -45.798
3 16 13.632 -31.367 -40.295 11.657 -33.597 -40.887 12.542 -30.415 -45.329
3 16 9.339 -36.178 -37.313 11.657 -33.597 -40.887 11.642 -34.456 -37.207
3 16 11.657 -33.597 -40.887 13.632 -31.367 -40.295 11.642 -34.456 -37.207
3 16 13.632 -31.367 -40.295 12.542 -30.415 -45.329 14.691 -27.537 -41.362
3 16 14.691 -27.537 -41.362 12.542 -30.415 -45.329 12.455 -28.138 -45.184
3 16 11.642 -34.456 -37.207 13.632 -31.367 -40.295 13.346 -32.352 -36.058
3 16 12.455 -28.138 -45.184 14.028 -23.307 -42.563 14.691 -27.537 -41.362
3 16 11.515 -25.214 -45.669 14.028 -23.307 -42.563 12.455 -28.138 -45.184
3 16 10.813 -21.37 -46.826 14.028 -23.307 -42.563 11.515 -25.214 -45.669
3 16 12.844 -19.767 -43.516 14.028 -23.307 -42.563 10.813 -21.37 -46.826
3 16 10.813 -21.37 -46.826 11.863 -15.034 -45.239 12.844 -19.767 -43.516
3 16 12.323 -14.036 -38.362 12.844 -19.767 -43.516 11.863 -15.034 -45.239
3 16 13.78 -17.531 -37.742 12.844 -19.767 -43.516 12.323 -14.036 -38.362
3 16 11.501 -16.349 -53.279 11.863 -15.034 -45.239 10.813 -21.37 -46.826
3 16 10.813 -21.37 -46.826 8.879 -21.202 -55.831 11.501 -16.349 -53.279
3 16 8.879 -21.202 -55.831 11.012 -14.393 -58.387 11.501 -16.349 -53.279
3 16 11.083 -10.834 -55.039 11.012 -14.393 -58.387 10.72 -11.081 -57.001
3 16 8.911 -18.619 -60.314 11.012 -14.393 -58.387 8.879 -21.202 -55.831
3 16 8.879 -21.202 -55.831 6.173 -21.405 -61.594 8.911 -18.619 -60.314
3 16 6.183 -24.06 -57.047 6.173 -21.405 -61.594 8.879 -21.202 -55.831
3 16 6.183 -24.06 -57.047 4.537 -23.867 -61.476 6.173 -21.405 -61.594
3 16 6.173 -21.405 -61.594 4.537 -23.867 -61.476 3.824 -23.289 -62.713
3 16 6.183 -24.06 -57.047 4.191 -27.109 -55.731 4.537 -23.867 -61.476
3 16 4.197 -29.812 -49.877 4.191 -27.109 -55.731 6.183 -24.06 -57.047
3 16 8.879 -21.202 -55.831 7.456 -25.921 -48.453 6.183 -24.06 -57.047
3 16 6.183 -24.06 -57.047 7.456 -25.921 -48.453 4.197 -29.812 -49.877
3 16 7.456 -25.921 -48.453 8.879 -21.202 -55.831 10.813 -21.37 -46.826
4 16 11.012 -14.393 -58.387 11.083 -10.834 -55.039 11.373 -10.894 -50.818 11.501 -16.349 -53.279
3 16 11.501 -16.349 -53.279 11.373 -10.894 -50.818 11.863 -15.034 -45.239
3 16 11.863 -15.034 -45.239 11.373 -10.894 -50.818 10.872 -9.611 -44.289
3 16 10.872 -9.611 -44.289 11.96 -11.011 -40.183 11.863 -15.034 -45.239
3 16 10.677 -8.813 -40.886 11.96 -11.011 -40.183 10.872 -9.611 -44.289
3 16 12.323 -14.036 -38.362 11.863 -15.034 -45.239 11.96 -11.011 -40.183
3 16 4.339 -36.613 -43.33 5.387 -36.508 -43.131 4.955 -37.42 -41.363
3 16 4.955 -37.42 -41.363 5.387 -36.508 -43.131 6.03 -37.038 -40.65
4 16 1.828 -34.647 -47.229 3.83 -35.209 -47.021 4.339 -36.613 -43.33 2.015 -35.965 -43.53
3 16 2.015 -35.965 -43.53 .032 -35.597 -43.446 1.828 -34.647 -47.229
3 16 1.828 -34.647 -47.229 .032 -35.597 -43.446 0 -34.392 -47.099
3 16 .032 -35.597 -43.446 2.015 -35.965 -43.53 1.682 -37.083 -40.382
3 16 1.682 -37.083 -40.382 2.015 -35.965 -43.53 4.032 -37.104 -41.506
3 16 2.015 -35.965 -43.53 4.339 -36.613 -43.33 4.032 -37.104 -41.506
3 16 4.032 -37.104 -41.506 4.339 -36.613 -43.33 4.955 -37.42 -41.363
3 16 16.075 -28.044 -36.735 14.592 -30.094 -37.813 16.668 -25.953 -37.081
3 16 16.668 -25.953 -37.081 14.592 -30.094 -37.813 14.691 -27.537 -41.362
4 16 13.346 -32.352 -36.058 14.592 -30.094 -37.813 16.075 -28.044 -36.735 14.703 -30.408 -35.271
3 16 16.113 -28.957 -34.993 14.703 -30.408 -35.271 16.075 -28.044 -36.735
3 16 13.632 -31.367 -40.295 14.592 -30.094 -37.813 13.346 -32.352 -36.058
3 16 14.691 -27.537 -41.362 14.592 -30.094 -37.813 13.632 -31.367 -40.295
3 16 14.028 -23.307 -42.563 16.668 -25.953 -37.081 14.691 -27.537 -41.362
3 16 16.964 -22.518 -36.072 16.668 -25.953 -37.081 14.028 -23.307 -42.563
3 16 14.028 -23.307 -42.563 15.824 -20.855 -37.317 16.964 -22.518 -36.072
3 16 12.844 -19.767 -43.516 15.824 -20.855 -37.317 14.028 -23.307 -42.563
3 16 13.78 -17.531 -37.742 15.824 -20.855 -37.317 12.844 -19.767 -43.516
3 16 7.744 -36.426 -39.525 6.03 -37.038 -40.65 7.084 -35.978 -42.232
3 16 7.084 -35.978 -42.232 6.03 -37.038 -40.65 5.387 -36.508 -43.131
4 16 7.084 -35.978 -42.232 8.885 -35.155 -41.573 9.339 -36.178 -37.313 7.744 -36.426 -39.525
3 16 -5.261 -36.58 -42.991 -6.009 -37.361 -39.092 -6.973 -36.025 -42.25
3 16 -6.973 -36.025 -42.25 -6.009 -37.361 -39.092 -7.753 -37.153 -37.835
4 16 13.983 -1.86 10.772 13.983 -6.895 8.617 13.983 -5.597 5.597 13.983 -2.049 7.645
4 16 13.983 -2.049 7.645 13.983 2.049 7.645 13.983 2.119 10.772 13.983 -1.86 10.772
4 16 13.983 2.119 10.772 13.983 2.049 7.645 13.983 5.597 5.597 13.983 7.611 7.937
4 16 13.983 7.611 7.937 13.983 5.597 5.597 13.983 7.017 3.136 13.983 9.7451 4.1176
4 16 13.983 -6.895 8.617 13.983 -9.3117 4.932 13.983 -6.707 3.673 13.983 -5.597 5.597
4 16 -14.009 2.701 15.977 -14.009 2.753 12.918 -14.009 -1.981 12.978 -14.0089 -1.854 15.9769
4 16 -14.009 2.753 12.918 -14.009 2.52 9.87 -14.009 -2.574 9.796 -14.009 -1.981 12.978
3 16 -14.009 -7.277 7.293 -14.009 -12.229 5.723 -14.009 -7.624 12.106
4 16 -14.009 -1.981 12.978 -14.009 -2.574 9.796 -14.009 -7.277 7.293 -14.009 -7.624 12.106
4 16 -14.009 2.753 12.918 -14.009 9.052 11.121 -14.009 6.994 7.479 -14.009 2.52 9.87
4 16 -14.009 9.052 11.121 -14.009 12.633 4.634 -14.009 9.606 3.715 -14.009 6.994 7.479
4 16 -14.009 -12.229 5.723 -14.009 -7.277 7.293 -14.009 -10.065 2.278 -14.009 -11.441 2.978
4 16 10.3 -1.86 10.772 10.3 -6.895 8.617 13.983 -6.895 8.617 13.983 -1.86 10.772
4 16 13.983 -9.3117 4.932 13.983 -6.895 8.617 10.3 -6.895 8.617 10.3 -9.372 4.84
4 16 10.3 -5.5881 5.5881 10.3 -2.0453 7.6324 13.983 -2.049 7.645 13.983 -5.597 5.597
4 16 10.3 -2.0453 7.6324 10.3 2.0453 7.6324 13.983 2.049 7.645 13.983 -2.049 7.645
4 16 13.983 5.597 5.597 13.983 2.049 7.645 10.3 2.0453 7.6324 10.3 5.5881 5.5881
4 16 10.3 7.0599 3.017 13.983 7.017 3.136 13.983 5.597 5.597 10.3 5.5881 5.5881
4 16 13.983 9.7451 4.1176 13.983 7.017 3.136 10.3 7.0599 3.017 10.3 9.789 4.039
4 16 10.3 9.789 4.039 10.3 7.611 7.937 13.983 7.611 7.937 13.983 9.7451 4.1176
4 16 10.3 7.611 7.937 10.3 2.119 10.772 13.983 2.119 10.772 13.983 7.611 7.937
4 16 10.3 -6.7533 3.5639 10.3 -5.5881 5.5881 13.983 -5.597 5.597 13.983 -6.707 3.673
4 16 13.983 -1.86 10.772 13.983 -1.86 13.17 10.3 -1.857 14.578 10.3 -1.86 10.772
4 16 13.983 -1.86 10.772 13.983 2.119 10.772 13.983 2.149 13.1701 13.983 -1.86 13.17
4 16 13.983 -1.86 13.17 13.983 2.149 13.1701 10.3 2.189 14.578 10.3 -1.857 14.578
4 16 -10.3 2.701 17.92 -10.3 2.753 12.918 -14.009 2.753 12.918 -14.009 2.701 15.977
4 16 -14.009 -1.981 12.978 -10.3 -1.981 12.978 -10.3 -1.804 17.892 -14.0089 -1.854 15.9769
4 16 -10.3 2.701 17.92 -14.009 2.701 15.977 -14.0089 -1.854 15.9769 -10.3 -1.804 17.892
4 16 -10.3 -7.277 7.293 -10.3 -10.065 2.278 -14.009 -10.065 2.278 -14.009 -7.277 7.293
4 16 -10.3 -10.065 2.278 -10.3 -11.441 2.978 -14.009 -11.441 2.978 -14.009 -10.065 2.278
4 16 -10.3 -11.441 2.978 -10.3 -12.229 5.723 -14.009 -12.229 5.723 -14.009 -11.441 2.978
4 16 -10.3 -12.229 5.723 -10.3 -7.624 12.106 -14.009 -7.624 12.106 -14.009 -12.229 5.723
4 16 -14.009 -1.981 12.978 -14.009 -7.624 12.106 -10.3 -7.624 12.106 -10.3 -1.981 12.978
4 16 -10.3 -2.574 9.796 -10.3 -7.277 7.293 -14.009 -7.277 7.293 -14.009 -2.574 9.796
4 16 -14.009 -2.574 9.796 -14.009 2.52 9.87 -10.3 2.52 9.87 -10.3 -2.574 9.796
4 16 -10.3 6.994 7.479 -10.3 2.52 9.87 -14.009 2.52 9.87 -14.009 6.994 7.479
4 16 -14.009 6.994 7.479 -14.009 9.606 3.715 -10.3 9.606 3.715 -10.3 6.994 7.479
4 16 -10.3 2.753 12.918 -10.3 9.052 11.121 -14.009 9.052 11.121 -14.009 2.753 12.918
4 16 -10.3 9.052 11.121 -10.3 12.633 4.634 -14.009 12.633 4.634 -14.009 9.052 11.121
4 16 -10.3 12.633 4.634 -10.3 9.606 3.715 -14.009 9.606 3.715 -14.009 12.633 4.634
4 16 10.3 2.189 14.578 13.983 2.149 13.1701 13.983 2.119 10.772 10.3 2.119 10.772
4 16 10.3 -6.7533 3.5639 13.983 -6.707 3.673 13.983 -9.3117 4.932 10.3 -9.372 4.84
3 16 10.3 -6.5091 1.7443 10.3 -5.8082 3.3536 10.3 -6.7533 3.5639
2 24 -10.3 -3.3536 -5.8082 -10.3 -4.7657 -4.7657
2 24 -10.3 -1.7443 -6.5091 -10.3 -3.3536 -5.8082
2 24 10.3 -3.3536 -5.8082 10.3 -1.7443 -6.5091
2 24 10.3 -4.7657 -4.7657 10.3 -3.3536 -5.8082
2 24 10.3 -5.8082 -3.3536 10.3 -4.7657 -4.7657
2 24 10.3 -6.5091 -1.7443 10.3 -5.8082 -3.3536
2 24 -10.3 -5.8082 -3.3536 -10.3 -6.5091 -1.7443
2 24 -10.3 -4.7657 -4.7657 -10.3 -5.8082 -3.3536
2 24 10.3 -6.7063 0 10.3 -6.5091 -1.7443
2 24 10.3 -6.5091 1.7443 10.3 -6.7063 0
2 24 -10.3 -6.7063 0 -10.3 -6.5091 1.7443
2 24 -10.3 -6.5091 -1.7443 -10.3 -6.7063 0
2 24 10.3 -5.8082 3.3536 10.3 -6.5091 1.7443
2 24 10.3 -4.7657 4.7657 10.3 -5.8082 3.3536
2 24 -10.3 -5.8082 3.3536 -10.3 -4.7657 4.7657
2 24 -10.3 -6.5091 1.7443 -10.3 -5.8082 3.3536
2 24 10.3 -3.3536 5.8082 10.3 -4.7657 4.7657
2 24 10.3 -1.7443 6.5091 10.3 -3.3536 5.8082
2 24 -10.3 -3.3536 5.8082 -10.3 -1.7443 6.5091
2 24 -10.3 -4.7657 4.7657 -10.3 -3.3536 5.8082
2 24 10.3 0 6.7063 10.3 -1.7443 6.5091
2 24 10.3 1.7443 6.5091 10.3 0 6.7063
2 24 -10.3 0 6.7063 -10.3 1.7443 6.5091
2 24 -10.3 -1.7443 6.5091 -10.3 0 6.7063
2 24 10.3 3.3536 5.8082 10.3 1.7443 6.5091
2 24 10.3 4.7657 4.7657 10.3 3.3536 5.8082
2 24 -10.3 3.3536 5.8082 -10.3 4.7657 4.7657
2 24 -10.3 1.7443 6.5091 -10.3 3.3536 5.8082
2 24 -10.3 5.8082 3.3536 -10.3 6.5091 1.7443
2 24 -10.3 4.7657 4.7657 -10.3 5.8082 3.3536
2 24 10.3 5.8082 3.3536 10.3 4.7657 4.7657
2 24 10.3 6.5091 1.7443 10.3 5.8082 3.3536
2 24 10.3 6.7063 0 10.3 6.5091 1.7443
2 24 10.3 6.5091 -1.7443 10.3 6.7063 0
2 24 -10.3 6.7063 0 -10.3 6.5091 -1.7443
2 24 -10.3 6.5091 1.7443 -10.3 6.7063 0
2 24 10.3 5.8082 -3.3536 10.3 6.5091 -1.7443
2 24 10.3 4.7657 -4.7657 10.3 5.8082 -3.3536
2 24 -10.3 5.8082 -3.3536 -10.3 4.7657 -4.7657
2 24 -10.3 6.5091 -1.7443 -10.3 5.8082 -3.3536
2 24 10.3 3.3536 -5.8082 10.3 4.7657 -4.7657
2 24 10.3 1.7443 -6.5091 10.3 3.3536 -5.8082
2 24 -10.3 3.3536 -5.8082 -10.3 1.7443 -6.5091
2 24 -10.3 4.7657 -4.7657 -10.3 3.3536 -5.8082
2 24 10.3 0 -6.7063 10.3 1.7443 -6.5091
2 24 10.3 -1.7443 -6.5091 10.3 0 -6.7063
2 24 -10.3 0 -6.7063 -10.3 -1.7443 -6.5091
2 24 -10.3 1.7443 -6.5091 -10.3 0 -6.7063
2 24 -17.742 -38.071 -31.922 -16.024 -35.339 -32.5
2 24 -16.024 -35.339 -32.5 -13.593 -37.146 -34.696
2 24 -13.593 -37.146 -34.696 -15.112 -39.325 -32.77
2 24 -15.112 -39.325 -32.77 -16.677 -40.832 -31.509
2 24 -16.677 -40.832 -31.509 -18.024 -41.226 -30.106
2 24 -18.024 -41.226 -30.106 -18.129 -41.516 -28.932
2 24 -18.129 -41.516 -28.932 -19.085 -41.233 -28.395
2 24 -22.05 -39.544 -29.451 -19.904 -39.407 -30.98
2 24 -19.904 -39.407 -30.98 -17.742 -38.071 -31.922
2 24 -23.961 -38.65 -27.953 -22.05 -39.544 -29.451
2 24 -24.74 -37.045 -27.493 -23.961 -38.65 -27.953
2 24 -24.654 -34.686 -27.558 -24.74 -37.045 -27.493
2 24 -22.624 -30.89 -28.242 -24.654 -34.686 -27.558
2 24 -20.406 -28.841 -29.874 -22.624 -30.89 -28.242
2 24 -21.195 -27.531 -29.447 -20.406 -28.841 -29.874
2 24 -20.466 -26.134 -27.398 -21.195 -27.531 -29.447
2 24 -22.281 -28.194 -26.187 -20.466 -26.134 -27.398
2 24 -23.819 -30.736 -25.155 -22.281 -28.194 -26.187
2 24 -24.786 -34.182 -24.39 -23.819 -30.736 -25.155
2 24 -24.276 -37.284 -24.571 -24.786 -34.182 -24.39
2 24 -22.799 -39.76 -25.507 -24.276 -37.284 -24.571
2 24 -20.881 -41.09 -27.061 -22.799 -39.76 -25.507
2 24 -19.085 -41.233 -28.395 -20.881 -41.09 -27.061
2 24 -20.406 -28.841 -29.874 -18.309 -30.949 -29.785
2 24 -18.309 -30.949 -29.785 -16.788 -33.429 -30.424
2 24 -16.788 -33.429 -30.424 -16.024 -35.339 -32.5
2 24 -18.129 -41.516 -28.932 -16.874 -41.9 -27.727
2 24 -16.874 -41.9 -27.727 -13.925 -41.897 -26.601
2 24 -13.925 -41.897 -26.601 -12.885 -40.904 -25.702
2 24 -12.885 -40.904 -25.702 -14.42 -39.628 -24.516
2 24 -14.42 -39.628 -24.516 -16.728 -38.07 -23.648
2 24 -16.728 -38.07 -23.648 -18.139 -35.841 -22.676
2 24 -18.139 -35.841 -22.676 -19.405 -32.779 -22.588
2 24 -19.405 -32.779 -22.588 -19.567 -30.953 -22.479
2 24 -19.567 -30.953 -22.479 -21.403 -28.373 -25.059
2 24 -21.403 -28.373 -25.059 -20.886 -26.601 -26.637
2 24 -20.886 -26.601 -26.637 -20.466 -26.134 -27.398
2 24 16.558 -40.86 -31.596 15.054 -39.326 -32.806
2 24 16.557 -38.103 -32.571 17.617 -39.497 -31.948
2 24 15.267 -36.028 -33.226 16.557 -38.103 -32.571
2 24 13.668 -37.504 -34.21 15.267 -36.028 -33.226
2 24 15.054 -39.326 -32.806 13.668 -37.504 -34.21
2 24 17.617 -39.497 -31.948 19.598 -39.877 -31.017
2 24 19.598 -39.877 -31.017 22.009 -39.914 -29.366
2 24 22.009 -39.914 -29.366 24.065 -38.846 -27.706
2 24 24.065 -38.846 -27.706 24.94 -37.133 -27.205
2 24 24.94 -37.133 -27.205 24.926 -34.593 -27.373
2 24 24.926 -34.593 -27.373 23.78 -31.511 -27.576
2 24 23.78 -31.511 -27.576 22.119 -29.473 -28.59
2 24 20.939 -28.174 -29.652 21.148 -27.401 -29.141
2 24 22.119 -29.473 -28.59 20.939 -28.174 -29.652
2 24 20.524 -26.247 -27.438 22.262 -28.194 -26.187
2 24 21.148 -27.401 -29.141 20.524 -26.247 -27.438
2 24 22.262 -28.194 -26.187 23.8 -30.736 -25.155
2 24 23.8 -30.736 -25.155 24.767 -34.182 -24.39
2 24 24.767 -34.182 -24.39 24.257 -37.284 -24.571
2 24 24.257 -37.284 -24.571 22.78 -39.76 -25.507
2 24 22.78 -39.76 -25.507 20.863 -41.09 -27.061
2 24 20.863 -41.09 -27.061 19.341 -41.234 -28.684
2 24 19.341 -41.234 -28.684 18.283 -41.335 -29.324
2 24 18.283 -41.335 -29.324 16.558 -40.86 -31.596
2 24 15.267 -36.028 -33.226 16.767 -33.716 -30.313
2 24 16.767 -33.716 -30.313 19.234 -29.997 -29.924
2 24 19.234 -29.997 -29.924 20.939 -28.174 -29.652
2 24 17.089 -41.659 -27.651 18.283 -41.335 -29.324
2 24 17.399 -37.831 -23.558 14.88 -39.62 -24.59
2 24 18.25 -35.79 -22.747 17.399 -37.831 -23.558
2 24 19.202 -33.982 -22.483 18.25 -35.79 -22.747
2 24 19.978 -31.785 -22.611 19.202 -33.982 -22.483
2 24 20.992 -26.749 -26.495 21.247 -28.833 -24.574
2 24 20.524 -26.247 -27.438 20.992 -26.749 -26.495
2 24 21.247 -28.833 -24.574 19.768 -30.41 -22.79
2 24 19.768 -30.41 -22.79 19.978 -31.785 -22.611
2 24 14.88 -39.62 -24.59 13.083 -40.84 -25.421
2 24 13.083 -40.84 -25.421 13.745 -41.379 -25.802
2 24 13.745 -41.379 -25.802 15.294 -41.649 -26.645
2 24 15.294 -41.649 -26.645 17.089 -41.659 -27.651
2 24 10.3 16.182 -10.559 10.3 9.171 -17.424
2 24 10.3 9.171 -17.424 10.3 6.262 -20.273
2 24 -10.3 9.172 -17.424 -10.3 16.209 -10.535
2 24 -10.3 6.262 -20.273 -10.3 9.172 -17.424
2 24 10.3 18.177 -6.365 10.3 16.182 -10.559
2 24 -10.3 16.209 -10.535 -10.3 18.177 -6.365
2 24 10.3 19.162 -.161 10.3 18.177 -6.365
2 24 -10.3 18.177 -6.365 -10.3 19.162 -.161
2 24 10.3 18.159 6.454 10.3 19.162 -.161
2 24 -10.3 19.162 -.161 -10.3 18.163 6.452
2 24 10.3 14.613 12.989 10.3 18.159 6.454
2 24 -10.3 18.163 6.452 -10.3 14.613 12.989
2 24 10.3 8.705 17.56 10.3 14.613 12.989
2 24 -10.3 14.613 12.989 -10.3 8.71 17.559
2 24 -10.3 8.71 17.559 -10.3 .635 19.645
2 24 10.3 .624 19.641 10.3 8.705 17.56
2 24 -10.3 .635 19.645 -10.3 -5.594 18.975
2 24 10.3 -5.627 18.941 10.3 .624 19.641
2 24 -10.3 -5.594 18.975 -10.3 -12.554 15.605
2 24 10.3 -12.554 15.605 10.3 -5.627 18.941
2 24 10.3 -16.288 11.671 10.3 -12.554 15.605
2 24 10.3 -20.507 6.412 10.3 -16.288 11.671
2 24 -10.3 -12.554 15.605 -10.3 -16.83 10.949
2 24 -10.3 -16.83 10.949 -10.3 -20.593 6.361
2 24 10.3 -9.372 4.84 10.3 -6.895 8.617
2 24 10.3 -6.895 8.617 10.3 -1.86 10.772
2 24 10.3 -1.86 10.772 10.3 -1.857 14.578
2 24 10.3 -1.857 14.578 10.3 2.189 14.578
2 24 10.3 2.119 10.772 10.3 7.611 7.937
2 24 10.3 2.189 14.578 10.3 2.119 10.772
2 24 10.3 7.611 7.937 10.3 9.789 4.039
2 24 10.3 9.789 4.039 10.3 7.0599 3.017
2 24 -10.3 12.633 4.634 -10.3 9.052 11.121
2 24 -10.3 9.052 11.121 -10.3 2.753 12.918
2 24 -10.3 9.606 3.715 -10.3 12.633 4.634
2 24 -10.3 6.994 7.479 -10.3 9.606 3.715
2 24 -10.3 2.52 9.87 -10.3 6.994 7.479
2 24 -10.3 -2.574 9.796 -10.3 2.52 9.87
2 24 -10.3 -7.277 7.293 -10.3 -2.574 9.796
2 24 -10.3 -10.065 2.278 -10.3 -7.277 7.293
2 24 -10.3 2.753 12.918 -10.3 2.701 17.92
2 24 -10.3 2.701 17.92 -10.3 -1.804 17.892
2 24 -10.3 -1.804 17.892 -10.3 -1.981 12.978
2 24 -10.3 -1.981 12.978 -10.3 -7.624 12.106
2 24 -10.3 -7.624 12.106 -10.3 -12.229 5.723
2 24 -10.3 -12.229 5.723 -10.3 -11.441 2.978
2 24 -10.3 -11.441 2.978 -10.3 -10.065 2.278
2 24 -5.185 -34.995 -47.208 -5.261 -36.58 -42.991
2 24 -6.546 -34.094 -47.648 -5.185 -34.995 -47.208
2 24 -8.142 -33.432 -47.22 -6.546 -34.094 -47.648
2 24 -11.578 -32.139 -45.798 -8.142 -33.432 -47.22
2 24 -9.495 -36.062 -37.338 -11.898 -34.842 -37.154
2 24 -12.542 -30.415 -45.329 -11.578 -32.139 -45.798
2 24 -12.455 -28.138 -45.184 -12.542 -30.415 -45.329
2 24 -11.898 -34.842 -37.154 -13.928 -31.672 -35.885
2 24 -7.753 -37.153 -37.835 -9.495 -36.062 -37.338
2 24 -11.515 -25.214 -45.669 -12.455 -28.138 -45.184
2 24 -10.813 -21.37 -46.826 -11.515 -25.214 -45.669
2 24 -12.323 -14.036 -38.362 -11.96 -11.011 -40.183
2 24 -11.96 -11.011 -40.183 -10.677 -8.813 -40.886
2 24 -10.677 -8.813 -40.886 -10.827 -9.581 -44.334
2 24 -13.78 -17.531 -37.742 -12.323 -14.036 -38.362
2 24 -10.827 -9.581 -44.334 -11.373 -10.894 -50.818
2 24 -11.373 -10.894 -50.818 -11.083 -10.834 -55.039
2 24 -10.72 -11.081 -57.001 -11.012 -14.393 -58.387
2 24 -11.083 -10.834 -55.039 -10.72 -11.081 -57.001
2 24 -11.012 -14.393 -58.387 -8.911 -18.619 -60.314
2 24 -8.911 -18.619 -60.314 -6.173 -21.405 -61.594
2 24 -6.173 -21.405 -61.594 -3.824 -23.289 -62.713
2 24 -3.824 -23.289 -62.713 -4.537 -23.867 -61.476
2 24 -4.537 -23.867 -61.476 -4.191 -27.109 -55.731
2 24 -4.191 -27.109 -55.731 -4.197 -29.812 -49.877
2 24 -4.197 -29.812 -49.877 -7.456 -25.921 -48.453
2 24 -7.456 -25.921 -48.453 -10.813 -21.37 -46.826
2 24 -15.606 -20.41 -37.437 -13.78 -17.531 -37.742
2 24 -16.964 -22.518 -36.072 -15.606 -20.41 -37.437
2 24 -16.916 -25.12 -36.872 -16.964 -22.518 -36.072
2 24 -16.56 -27.908 -36.529 -16.916 -25.12 -36.872
2 24 -13.928 -31.672 -35.885 -14.968 -30.296 -35.108
2 24 -16.556 -28.725 -35.016 -16.56 -27.908 -36.529
2 24 -14.968 -30.296 -35.108 -16.556 -28.725 -35.016
2 24 -6.009 -37.361 -39.092 -5.261 -36.58 -42.991
2 24 -4.814 -37.914 -40.232 -6.009 -37.361 -39.092
2 24 -4.172 -36.632 -43.24 -4.814 -37.914 -40.232
2 24 -3.83 -35.209 -47.021 -4.172 -36.632 -43.24
2 24 -1.828 -34.647 -47.229 -3.83 -35.209 -47.021
2 24 -6.341 -33.427 -48.238 -5.179 -32.061 -49.073
2 24 -8.142 -33.432 -47.22 -6.341 -33.427 -48.238
2 24 3.83 -35.209 -47.021 1.828 -34.647 -47.229
2 24 4.339 -36.613 -43.33 3.83 -35.209 -47.021
2 24 5.185 -34.995 -47.208 5.387 -36.508 -43.131
2 24 1.828 -34.647 -47.229 0 -34.392 -47.099
2 24 0 -34.392 -47.099 -1.828 -34.647 -47.229
2 24 5.179 -32.061 -49.073 6.341 -33.427 -48.238
2 24 6.546 -34.094 -47.648 5.185 -34.995 -47.208
2 24 6.341 -33.427 -48.238 8.142 -33.432 -47.22
2 24 8.142 -33.432 -47.22 6.546 -34.094 -47.648
2 24 0 -30.657 -50.179 4.197 -29.812 -49.877
2 24 4.197 -29.812 -49.877 5.179 -32.061 -49.073
2 24 -5.179 -32.061 -49.073 -4.197 -29.812 -49.877
2 24 -4.197 -29.812 -49.877 0 -30.657 -50.179
2 24 -3.824 -23.289 -62.713 -2.616 -23.311 -63.109
2 24 -2.616 -23.311 -63.109 0 -23.398 -63.273
2 24 4.191 -27.109 -55.731 4.197 -29.812 -49.877
2 24 4.537 -23.867 -61.476 4.191 -27.109 -55.731
2 24 0 -23.398 -63.273 2.616 -23.311 -63.109
2 24 2.616 -23.311 -63.109 3.824 -23.289 -62.713
2 24 3.824 -23.289 -62.713 4.537 -23.867 -61.476
2 24 -9.477 -10.093 -57.803 -10.72 -11.081 -57.001
2 24 -7.67 -8.206 -50.662 -8.103 -8.472 -54.96
2 24 -8.103 -8.472 -54.96 -7.022 -8.553 -57.407
2 24 -7.595 -10.036 -59.157 -9.477 -10.093 -57.803
2 24 -7.022 -8.553 -57.407 -3.64 -9.571 -59.173
2 24 -3.883 -11.018 -60.592 -7.595 -10.036 -59.157
2 24 -3.64 -9.571 -59.173 0 -10.166 -59.514
2 24 0 -10.166 -59.514 3.64 -9.571 -59.173
2 24 7.595 -10.036 -59.157 3.883 -11.018 -60.592
2 24 3.64 -9.571 -59.173 7.022 -8.553 -57.407
2 24 9.477 -10.093 -57.803 7.595 -10.036 -59.157
2 24 7.022 -8.553 -57.407 8.103 -8.472 -54.96
2 24 10.72 -11.081 -57.001 9.477 -10.093 -57.803
2 24 11.083 -10.834 -55.039 10.72 -11.081 -57.001
2 24 11.373 -10.894 -50.818 11.083 -10.834 -55.039
2 24 8.103 -8.472 -54.96 7.67 -8.206 -50.662
2 24 10.872 -9.611 -44.289 11.373 -10.894 -50.818
2 24 8.588 -7.042 -40.69 10.677 -8.813 -40.886
2 24 10.677 -8.813 -40.886 10.872 -9.611 -44.289
2 24 6.82 -6.265 -41.467 8.588 -7.042 -40.69
2 24 -10.677 -8.813 -40.886 -8.588 -7.042 -40.69
2 24 -8.588 -7.042 -40.69 -6.82 -6.265 -41.467
2 24 -3.35 -8.405 -59.29 0 -8.567 -59.767
2 24 -6.097 -7.297 -58.083 -3.35 -8.405 -59.29
2 24 -6.737 -6.451 -57.201 -6.097 -7.297 -58.083
2 24 -5.954 -5.78 -57.147 -6.737 -6.451 -57.201
2 24 -3.372 -5.206 -57.569 -5.954 -5.78 -57.147
2 24 0 -4.953 -57.775 -3.372 -5.206 -57.569
2 24 3.372 -5.206 -57.569 0 -4.953 -57.775
2 24 5.954 -5.78 -57.147 3.372 -5.206 -57.569
2 24 6.737 -6.451 -57.201 5.954 -5.78 -57.147
2 24 6.097 -7.297 -58.083 6.737 -6.451 -57.201
2 24 3.35 -8.405 -59.29 6.097 -7.297 -58.083
2 24 0 -8.567 -59.767 3.35 -8.405 -59.29
2 24 5.492 -5.786 -41.877 6.82 -6.265 -41.467
2 24 3.501 -5.068 -42.491 5.492 -5.786 -41.877
2 24 .111 -5.293 -42.62 3.501 -5.068 -42.491
2 24 -3.501 -5.068 -42.491 .111 -5.293 -42.62
2 24 -5.71 -5.827 -41.887 -3.501 -5.068 -42.491
2 24 -6.82 -6.265 -41.467 -5.71 -5.827 -41.887
2 24 10.72 -11.081 -57.001 11.012 -14.393 -58.387
2 24 8.911 -18.619 -60.314 6.173 -21.405 -61.594
2 24 11.012 -14.393 -58.387 8.911 -18.619 -60.314
2 24 6.173 -21.405 -61.594 3.824 -23.289 -62.713
2 24 1.682 -37.083 -40.382 -1.488 -37.871 -39.029
2 24 -1.488 -37.871 -39.029 -4.814 -37.914 -40.232
2 24 11.578 -32.139 -45.798 8.142 -33.432 -47.22
2 24 12.542 -30.415 -45.329 11.578 -32.139 -45.798
2 24 12.455 -28.138 -45.184 12.542 -30.415 -45.329
2 24 11.515 -25.214 -45.669 12.455 -28.138 -45.184
2 24 4.197 -29.812 -49.877 7.456 -25.921 -48.453
2 24 10.813 -21.37 -46.826 11.515 -25.214 -45.669
2 24 7.456 -25.921 -48.453 10.813 -21.37 -46.826
2 24 11.642 -34.456 -37.207 9.339 -36.178 -37.313
2 24 13.346 -32.352 -36.058 11.642 -34.456 -37.207
2 24 12.323 -14.036 -38.362 13.78 -17.531 -37.742
2 24 10.677 -8.813 -40.886 11.96 -11.011 -40.183
2 24 11.96 -11.011 -40.183 12.323 -14.036 -38.362
2 24 4.955 -37.42 -41.363 4.339 -36.613 -43.33
2 24 5.387 -36.508 -43.131 6.03 -37.038 -40.65
2 24 6.03 -37.038 -40.65 4.955 -37.42 -41.363
2 24 4.032 -37.104 -41.506 1.682 -37.083 -40.382
2 24 4.955 -37.42 -41.363 4.032 -37.104 -41.506
2 24 16.668 -25.953 -37.081 16.075 -28.044 -36.735
2 24 16.113 -28.957 -34.993 14.703 -30.408 -35.271
2 24 16.075 -28.044 -36.735 16.113 -28.957 -34.993
2 24 14.703 -30.408 -35.271 13.346 -32.352 -36.058
2 24 16.964 -22.518 -36.072 16.668 -25.953 -37.081
2 24 15.824 -20.855 -37.317 16.964 -22.518 -36.072
2 24 13.78 -17.531 -37.742 15.824 -20.855 -37.317
2 24 7.744 -36.426 -39.525 6.03 -37.038 -40.65
2 24 9.339 -36.178 -37.313 7.744 -36.426 -39.525
2 24 -6.009 -37.361 -39.092 -7.753 -37.153 -37.835
2 24 13.983 -1.86 10.772 13.983 -6.895 8.617
2 24 13.983 -5.597 5.597 13.983 -2.049 7.645
2 24 13.983 -2.049 7.645 13.983 2.049 7.645
2 24 13.983 7.611 7.937 13.983 2.119 10.772
2 24 13.983 2.049 7.645 13.983 5.597 5.597
2 24 13.983 9.7451 4.1176 13.983 7.611 7.937
2 24 13.983 7.017 3.136 13.983 9.7451 4.1176
2 24 13.983 5.597 5.597 13.983 7.017 3.136
2 24 13.983 -6.895 8.617 13.983 -9.3117 4.932
2 24 13.983 -9.3117 4.932 13.983 -6.707 3.673
2 24 13.983 -6.707 3.673 13.983 -5.597 5.597
2 24 -14.009 2.701 15.977 -14.009 2.753 12.918
2 24 -14.0089 -1.854 15.9769 -14.009 2.701 15.977
2 24 -14.009 -1.981 12.978 -14.0089 -1.854 15.9769
2 24 -14.009 2.52 9.87 -14.009 -2.574 9.796
2 24 -14.009 -7.624 12.106 -14.009 -1.981 12.978
2 24 -14.009 -2.574 9.796 -14.009 -7.277 7.293
2 24 -14.009 -12.229 5.723 -14.009 -7.624 12.106
2 24 -14.009 -11.441 2.978 -14.009 -12.229 5.723
2 24 -14.009 2.753 12.918 -14.009 9.052 11.121
2 24 -14.009 6.994 7.479 -14.009 2.52 9.87
2 24 -14.009 9.052 11.121 -14.009 12.633 4.634
2 24 -14.009 12.633 4.634 -14.009 9.606 3.715
2 24 -14.009 9.606 3.715 -14.009 6.994 7.479
2 24 -14.009 -7.277 7.293 -14.009 -10.065 2.278
2 24 -14.009 -10.065 2.278 -14.009 -11.441 2.978
2 24 13.983 -1.86 10.772 10.3 -1.86 10.772
2 24 10.3 -9.372 4.84 13.983 -9.3117 4.932
2 24 10.3 9.789 4.039 13.983 9.7451 4.1176
2 24 10.3 2.119 10.772 13.983 2.119 10.772
2 24 13.983 -1.86 10.772 13.983 -1.86 13.17
2 24 13.983 -1.86 13.17 10.3 -1.857 14.578
2 24 13.983 2.119 10.772 13.983 2.149 13.1701
2 24 13.983 2.149 13.1701 13.983 -1.86 13.17
2 24 13.983 2.149 13.1701 10.3 2.189 14.578
2 24 -14.009 2.701 15.977 -10.3 2.701 17.92
2 24 -10.3 2.753 12.918 -14.009 2.753 12.918
2 24 -10.3 -1.804 17.892 -14.0089 -1.854 15.9769
2 24 -14.009 -1.981 12.978 -10.3 -1.981 12.978
2 24 -10.3 -10.065 2.278 -14.009 -10.065 2.278
2 24 -10.3 -11.441 2.978 -14.009 -11.441 2.978
2 24 -10.3 -12.229 5.723 -14.009 -12.229 5.723
2 24 -14.009 9.606 3.715 -10.3 9.606 3.715
2 24 -10.3 12.633 4.634 -14.009 12.633 4.634
2 24 10.3 -6.7533 3.5639 10.3 -9.372 4.84
2 24 -3.883 -11.018 -60.592 0 -11.694 -60.882
2 24 0 -11.694 -60.882 3.883 -11.018 -60.592

5 24 5.287 -20.344 -62.39 6.173 -21.405 -61.594 3.824 -23.289 -62.713 6.934 -17.793 -61.73
5 24 8.452 -29.33 -47.619 4.197 -29.812 -49.877 5.179 -32.061 -49.073 7.456 -25.921 -48.453
5 24 7.456 -25.921 -48.453 11.515 -25.214 -45.669 8.452 -29.33 -47.619 10.813 -21.37 -46.826
5 24 10.3 0 -6.7063 -10.3 0 -6.7063 -10.3 -1.7443 -6.5091 10.3 1.7443 -6.5091
5 24 7.456 -25.921 -48.453 8.879 -21.202 -55.831 10.813 -21.37 -46.826 6.183 -24.06 -57.047
5 24 17.617 -39.497 -31.948 19.182 -40.751 -30.376 16.558 -40.86 -31.596 19.598 -39.877 -31.017
5 24 -23.929 -30.966 -26.81 -25.231 -34.29 -26.431 -23.819 -30.736 -25.155 -24.654 -34.686 -27.558
5 24 -19.201 -40.751 -30.376 -21.774 -40.727 -28.619 -22.05 -39.544 -29.451 -19.085 -41.233 -28.395
5 24 -7.511 -6.842 -55.241 -8.103 -8.472 -54.96 -6.737 -6.451 -57.201 -7.67 -8.206 -50.662
5 24 -22.624 -30.89 -28.242 -18.309 -30.949 -29.785 -20.406 -28.841 -29.874 -20.451 -35.773 -28.809
5 24 -11.964 -14.212 -43.108 -12.323 -14.036 -38.362 -11.96 -11.011 -40.183 -13.383 -19.397 -41.6
5 24 20.863 -41.09 -27.061 17.54 -41.224 -26.793 14.88 -39.62 -24.59 19.341 -41.234 -28.684
5 24 -6.737 -6.451 -57.201 -5.352 -6.538 -58.031 -5.954 -5.78 -57.147 -6.097 -7.297 -58.083
5 24 5.185 -34.995 -47.208 3.83 -35.209 -47.021 2.717 -33.195 -48.852 4.339 -36.613 -43.33
5 24 -14.191 -30.619 -39.376 -11.898 -34.842 -37.154 -12.542 -30.415 -45.329 -13.928 -31.672 -35.885
5 24 -10.827 -9.581 -44.334 -7.164 -7.227 -44.771 -7.67 -8.206 -50.662 -8.588 -7.042 -40.69
5 24 -22.281 -28.194 -26.187 -20.886 -26.601 -26.637 -20.466 -26.134 -27.398 -21.403 -28.373 -25.059
5 24 0 -32.994 -48.79 -2.717 -33.195 -48.852 -1.828 -34.647 -47.229 0 -30.657 -50.179
5 24 -24.276 -37.284 -24.571 -18.139 -35.841 -22.676 -19.405 -32.779 -22.588 -22.799 -39.76 -25.507
5 24 5.352 -6.538 -58.031 3.372 -5.206 -57.569 3.184 -6.676 -58.687 5.954 -5.78 -57.147
5 24 -4.743 -13.519 -61.789 -3.729 -17.665 -62.835 -8.706 -13.643 -60.387 0 -13.825 -62.195
5 24 22.119 -29.473 -28.59 19.234 -29.997 -29.924 20.939 -28.174 -29.652 23.78 -31.511 -27.576
5 24 -4.743 -13.519 -61.789 -3.883 -11.018 -60.592 0 -13.825 -62.195 -7.595 -10.036 -59.157
5 24 -23.819 -30.736 -25.155 -25.231 -34.29 -26.431 -24.786 -34.182 -24.39 -23.929 -30.966 -26.81
5 24 -22.587 -28.922 -27.905 -23.929 -30.966 -26.81 -22.624 -30.89 -28.242 -22.281 -28.194 -26.187
5 24 -3.883 -11.018 -60.592 0 -13.825 -62.195 -4.743 -13.519 -61.789 0 -11.694 -60.882
5 24 -22.281 -28.194 -26.187 -21.403 -28.373 -25.059 -23.819 -30.736 -25.155 -20.886 -26.601 -26.637
5 24 -10.3 -12.554 15.605 -3.057 -17.113 10.74 -.225 -15.215 13.013 -10.3 -16.83 10.949
5 24 10.872 -9.611 -44.289 8.588 -7.042 -40.69 10.677 -8.813 -40.886 7.125 -7.205 -44.804
5 24 10.872 -9.611 -44.289 7.125 -7.205 -44.804 7.67 -8.206 -50.662 8.588 -7.042 -40.69
5 24 -8.706 -13.643 -60.387 -7.595 -10.036 -59.157 -9.477 -10.093 -57.803 -4.743 -13.519 -61.789
5 24 -2.928 -5.821 -45.346 .111 -5.293 -42.62 -3.501 -5.068 -42.491 .094 -5.565 -45.412
5 24 5.185 -34.995 -47.208 2.717 -33.195 -48.852 3.83 -35.209 -47.021 6.341 -33.427 -48.238
5 24 21.755 -40.727 -28.619 23.999 -39.216 -26.826 22.78 -39.76 -25.507 24.065 -38.846 -27.706
5 24 -10.3 5.8082 3.3536 10.3 5.8082 3.3536 -10.3 6.5091 1.7443 10.3 4.7657 4.7657
5 24 14.703 -30.408 -35.271 16.075 -28.044 -36.735 13.346 -32.352 -36.058 16.113 -28.957 -34.993
5 24 10.3 -6.5091 -1.7443 -10.3 -6.5091 -1.7443 10.3 -5.8082 -3.3536 -10.3 -6.7063 0
5 24 -11.012 -14.393 -58.387 -11.083 -10.834 -55.039 -10.72 -11.081 -57.001 -11.501 -16.349 -53.279
5 24 4.537 -23.867 -61.476 0 -24.383 -62.134 2.616 -23.311 -63.109 4.191 -27.109 -55.731
5 24 16.964 -22.518 -36.072 14.028 -23.307 -42.563 16.668 -25.953 -37.081 15.824 -20.855 -37.317
5 24 4.537 -23.867 -61.476 2.616 -23.311 -63.109 0 -24.383 -62.134 3.824 -23.289 -62.713
5 24 5.387 -36.508 -43.131 7.084 -35.978 -42.232 5.185 -34.995 -47.208 6.03 -37.038 -40.65
5 24 -9.495 -36.062 -37.338 -8.964 -35.159 -41.42 -11.688 -33.714 -40.5 -7.753 -37.153 -37.835
5 24 8.879 -21.202 -55.831 10.813 -21.37 -46.826 7.456 -25.921 -48.453 11.501 -16.349 -53.279
5 24 -4.537 -23.867 -61.476 0 -24.383 -62.134 -4.191 -27.109 -55.731 -2.616 -23.311 -63.109
5 24 -6.973 -36.025 -42.25 -6.009 -37.361 -39.092 -7.753 -37.153 -37.835 -5.261 -36.58 -42.991
5 24 14.028 -23.307 -42.563 14.691 -27.537 -41.362 16.668 -25.953 -37.081 12.455 -28.138 -45.184
5 24 -4.172 -36.632 -43.24 -1.488 -37.871 -39.029 -4.814 -37.914 -40.232 -1.89 -36.005 -43.316
5 24 6.173 -21.405 -61.594 6.183 -24.06 -57.047 8.879 -21.202 -55.831 4.537 -23.867 -61.476
5 24 -10.827 -9.581 -44.334 -11.964 -14.212 -43.108 -11.373 -10.894 -50.818 -11.96 -11.011 -40.183
5 24 2.405 -17.171 10.879 4.29 -18.236 9.474 3.524 -15.845 12.236 3.22 -18.081 9.865
5 24 8.885 -35.155 -41.573 7.084 -35.978 -42.232 8.142 -33.432 -47.22 9.339 -36.178 -37.313
5 24 -8.452 -29.33 -47.619 -11.578 -32.139 -45.798 -8.142 -33.432 -47.22 -11.515 -25.214 -45.669
5 24 3.35 -8.405 -59.29 0 -10.166 -59.514 0 -8.567 -59.767 3.64 -9.571 -59.173
5 24 21.755 -40.727 -28.619 22.009 -39.914 -29.366 19.182 -40.751 -30.376 24.065 -38.846 -27.706
5 24 16.257 -41.192 -26.276 17.089 -41.659 -27.651 15.294 -41.649 -26.645 17.54 -41.224 -26.793
5 24 -10.3 1.7443 -6.5091 10.3 1.7443 -6.5091 -10.3 0 -6.7063 10.3 3.3536 -5.8082
5 24 22.262 -28.194 -26.187 23.91 -30.966 -26.81 23.8 -30.736 -25.155 22.568 -28.922 -27.905
5 24 6.355 -6.961 -50.505 4.435 -4.911 -54.683 3.498 -5.582 -50.237 7.511 -6.842 -55.241
5 24 10.3 -4.7657 4.7657 -10.3 -4.7657 4.7657 10.3 -5.8082 3.3536 -10.3 -3.3536 5.8082
5 24 -11.578 -32.139 -45.798 -11.688 -33.714 -40.5 -8.964 -35.159 -41.42 -12.542 -30.415 -45.329
5 24 19.341 -41.234 -28.684 17.089 -41.659 -27.651 17.54 -41.224 -26.793 18.283 -41.335 -29.324
5 24 7.595 -10.036 -59.157 3.64 -9.571 -59.173 7.022 -8.553 -57.407 3.883 -11.018 -60.592
5 24 -3.184 -6.676 -58.687 -3.372 -5.206 -57.569 0 -6.694 -59.075 -5.352 -6.538 -58.031
5 24 20.409 -35.842 -28.831 16.557 -38.103 -32.571 17.617 -39.497 -31.948 16.767 -33.716 -30.313
5 24 4.435 -4.911 -54.683 7.511 -6.842 -55.241 6.355 -6.961 -50.505 5.954 -5.78 -57.147
5 24 5.352 -6.538 -58.031 3.184 -6.676 -58.687 3.372 -5.206 -57.569 3.35 -8.405 -59.29
5 24 3.229 -20.788 -63.198 2.616 -23.311 -63.109 3.824 -23.289 -62.713 0 -21.079 -63.627
5 24 -10.3 1.7443 6.5091 10.3 1.7443 6.5091 10.3 0 6.7063 -10.3 3.3536 5.8082
5 24 25.212 -34.29 -26.431 24.767 -34.182 -24.39 25.076 -36.976 -26.151 23.8 -30.736 -25.155
5 24 13.78 -17.531 -37.742 12.844 -19.767 -43.516 12.323 -14.036 -38.362 15.824 -20.855 -37.317
5 24 5.185 -34.995 -47.208 6.341 -33.427 -48.238 2.717 -33.195 -48.852 6.546 -34.094 -47.648
5 24 -.009 8.644 -17.887 0 9.942 -16.615 3.14 10.13 -16.448 -2.269 8.762 -17.783
5 24 -3.35 -8.405 -59.29 0 -10.166 -59.514 -3.64 -9.571 -59.173 0 -8.567 -59.767
5 24 -10.3 -6.7063 0 10.3 -6.7063 0 -10.3 -6.5091 1.7443 10.3 -6.5091 -1.7443
5 24 0 -32.994 -48.79 1.828 -34.647 -47.229 0 -34.392 -47.099 2.717 -33.195 -48.852
5 24 6.414 -19.475 8.153 10.3 -16.288 11.671 3.524 -15.845 12.236 10.3 -20.507 6.412
5 24 16.767 -33.716 -30.313 16.557 -38.103 -32.571 15.267 -36.028 -33.226 20.409 -35.842 -28.831
5 24 0 -21.079 -63.627 0 -17.677 -63.266 -3.729 -17.665 -62.835 3.729 -17.665 -62.835
5 24 12.844 -19.767 -43.516 10.813 -21.37 -46.826 14.028 -23.307 -42.563 11.863 -15.034 -45.239
5 24 -11.373 -10.894 -50.818 -11.501 -16.349 -53.279 -11.964 -14.212 -43.108 -11.083 -10.834 -55.039
5 24 -14.968 -30.296 -35.108 -14.191 -30.619 -39.376 -13.928 -31.672 -35.885 -15.17 -27.674 -39.901
5 24 0 -5.051 -50.09 -3.498 -5.582 -50.237 -2.928 -5.821 -45.346 0 -4.173 -54.621
5 24 15.054 -39.326 -32.806 17.617 -39.497 -31.948 16.557 -38.103 -32.571 16.558 -40.86 -31.596
5 24 -23.961 -38.65 -27.953 -21.774 -40.727 -28.619 -22.05 -39.544 -29.451 -24.018 -39.216 -26.826
5 24 14.028 -23.307 -42.563 10.813 -21.37 -46.826 12.844 -19.767 -43.516 11.515 -25.214 -45.669
5 24 8.879 -21.202 -55.831 6.173 -21.405 -61.594 8.911 -18.619 -60.314 6.183 -24.06 -57.047
5 24 -10.3 -1.7443 -6.5091 10.3 -1.7443 -6.5091 10.3 0 -6.7063 -10.3 -3.3536 -5.8082
5 24 22.78 -39.76 -25.507 17.399 -37.831 -23.558 20.863 -41.09 -27.061 24.257 -37.284 -24.571
5 24 10.3 -1.7443 6.5091 -10.3 -1.7443 6.5091 10.3 -3.3536 5.8082 -10.3 0 6.7063
5 24 -8.879 -21.202 -55.831 -11.012 -14.393 -58.387 -8.911 -18.619 -60.314 -11.501 -16.349 -53.279
5 24 -9.477 -10.093 -57.803 -11.083 -10.834 -55.039 -10.72 -11.081 -57.001 -8.103 -8.472 -54.96
5 24 -8.879 -21.202 -55.831 -10.813 -21.37 -46.826 -11.501 -16.349 -53.279 -7.456 -25.921 -48.453
5 24 15.294 -41.649 -26.645 16.257 -41.192 -26.276 13.745 -41.379 -25.802 17.089 -41.659 -27.651
5 24 6.737 -6.451 -57.201 7.511 -6.842 -55.241 8.103 -8.472 -54.96 5.954 -5.78 -57.147
5 24 -23.819 -30.736 -25.155 -23.929 -30.966 -26.81 -25.231 -34.29 -26.431 -22.281 -28.194 -26.187
5 24 -14.42 -39.628 -24.516 -17.559 -41.224 -26.793 -20.881 -41.09 -27.061 -12.885 -40.904 -25.702
5 24 17.399 -37.831 -23.558 20.863 -41.09 -27.061 22.78 -39.76 -25.507 14.88 -39.62 -24.59
5 24 21.755 -40.727 -28.619 19.341 -41.234 -28.684 19.182 -40.751 -30.376 20.863 -41.09 -27.061
5 24 -8.706 -13.643 -60.387 -4.743 -13.519 -61.789 -7.595 -10.036 -59.157 -6.934 -17.793 -61.73
5 24 10.3 8.705 17.56 -10.3 8.71 17.559 -10.3 .635 19.645 10.3 14.613 12.989
5 24 14.028 -23.307 -42.563 15.824 -20.855 -37.317 16.964 -22.518 -36.072 12.844 -19.767 -43.516
5 24 .094 -5.565 -45.412 -2.928 -5.821 -45.346 .111 -5.293 -42.62 0 -5.051 -50.09
5 24 -10.3 -16.83 10.949 -3.057 -17.113 10.74 -6.527 -19.568 7.902 -10.3 -12.554 15.605
5 24 19.978 -31.785 -22.611 21.247 -28.833 -24.574 19.768 -30.41 -22.79 23.8 -30.736 -25.155
5 24 -7.022 -8.553 -57.407 -6.737 -6.451 -57.201 -6.097 -7.297 -58.083 -8.103 -8.472 -54.96
5 24 -24.654 -34.686 -27.558 -23.929 -30.966 -26.81 -25.231 -34.29 -26.431 -22.624 -30.89 -28.242
5 24 -16.677 -40.832 -31.509 -17.742 -38.071 -31.922 -15.112 -39.325 -32.77 -19.201 -40.751 -30.376
5 24 -10.827 -9.581 -44.334 -7.67 -8.206 -50.662 -7.164 -7.227 -44.771 -11.373 -10.894 -50.818
5 24 10.3 6.5091 1.7443 -10.3 6.5091 1.7443 -10.3 6.7063 0 10.3 5.8082 3.3536
5 24 -6.097 -7.297 -58.083 -3.64 -9.571 -59.173 -3.35 -8.405 -59.29 -7.022 -8.553 -57.407
5 24 -5.352 -6.538 -58.031 -3.184 -6.676 -58.687 -3.372 -5.206 -57.569 -3.35 -8.405 -59.29
5 24 -25.095 -36.976 -26.151 -24.018 -39.216 -26.826 -24.276 -37.284 -24.571 -24.74 -37.045 -27.493
5 24 -13.928 -31.672 -35.885 -14.191 -30.619 -39.376 -14.968 -30.296 -35.108 -11.898 -34.842 -37.154
5 24 -5.185 -34.995 -47.208 -4.172 -36.632 -43.24 -5.261 -36.58 -42.991 -3.83 -35.209 -47.021
5 24 19.234 -29.997 -29.924 20.409 -35.842 -28.831 16.767 -33.716 -30.313 22.119 -29.473 -28.59
5 24 3.501 -5.068 -42.491 5.672 -6.517 -45.03 5.492 -5.786 -41.877 2.945 -5.82 -45.388
5 24 0 -24.383 -62.134 -2.616 -23.311 -63.109 0 -23.398 -63.273 -4.537 -23.867 -61.476
5 24 -17.559 -41.224 -26.793 -13.925 -41.897 -26.601 -12.885 -40.904 -25.702 -16.874 -41.9 -27.727
5 24 3.498 -5.582 -50.237 0 -5.051 -50.09 4.435 -4.911 -54.683 2.945 -5.82 -45.388
5 24 10.3 7.611 7.937 13.983 7.611 7.937 13.983 9.7451 4.1176 10.3 2.119 10.772
5 24 25.212 -34.29 -26.431 23.91 -30.966 -26.81 24.926 -34.593 -27.373 23.8 -30.736 -25.155
5 24 4.743 -13.519 -61.789 3.883 -11.018 -60.592 7.595 -10.036 -59.157 0 -13.825 -62.195
5 24 11.515 -25.214 -45.669 8.452 -29.33 -47.619 12.455 -28.138 -45.184 7.456 -25.921 -48.453
5 24 8.452 -29.33 -47.619 7.456 -25.921 -48.453 4.197 -29.812 -49.877 11.515 -25.214 -45.669
5 24 11.578 -32.139 -45.798 12.455 -28.138 -45.184 12.542 -30.415 -45.329 8.452 -29.33 -47.619
5 24 8.142 -33.432 -47.22 8.452 -29.33 -47.619 11.578 -32.139 -45.798 6.341 -33.427 -48.238
5 24 -8.911 -18.619 -60.314 -6.934 -17.793 -61.73 -6.173 -21.405 -61.594 -8.706 -13.643 -60.387
5 24 3.83 -35.209 -47.021 2.717 -33.195 -48.852 5.185 -34.995 -47.208 1.828 -34.647 -47.229
5 24 4.435 -4.911 -54.683 3.498 -5.582 -50.237 0 -4.173 -54.621 6.355 -6.961 -50.505
5 24 18.25 -35.79 -22.747 24.257 -37.284 -24.571 17.399 -37.831 -23.558 19.202 -33.982 -22.483
5 24 -10.3 16.209 -10.535 -3.14 10.13 -16.448 10.3 16.182 -10.559 -7.444 9.047 -17.532
5 24 -8.452 -29.33 -47.619 -4.197 -29.812 -49.877 -5.179 -32.061 -49.073 -7.456 -25.921 -48.453
5 24 25.076 -36.976 -26.151 24.94 -37.133 -27.205 23.999 -39.216 -26.826 24.926 -34.593 -27.373
5 24 21.247 -28.833 -24.574 23.8 -30.736 -25.155 22.262 -28.194 -26.187 19.978 -31.785 -22.611
5 24 -4.435 -4.911 -54.683 -7.511 -6.842 -55.241 -5.954 -5.78 -57.147 -6.355 -6.961 -50.505
5 24 0 -4.173 -54.621 -4.435 -4.911 -54.683 -3.372 -5.206 -57.569 -3.498 -5.582 -50.237
5 24 .032 -35.597 -43.446 -1.828 -34.647 -47.229 -1.89 -36.005 -43.316 0 -34.392 -47.099
5 24 4.032 -37.104 -41.506 2.015 -35.965 -43.53 4.339 -36.613 -43.33 1.682 -37.083 -40.382
5 24 -19.201 -40.751 -30.376 -19.904 -39.407 -30.98 -22.05 -39.544 -29.451 -17.742 -38.071 -31.922
5 24 -19.085 -41.233 -28.395 -21.774 -40.727 -28.619 -19.201 -40.751 -30.376 -20.881 -41.09 -27.061
5 24 -8.879 -21.202 -55.831 -11.501 -16.349 -53.279 -10.813 -21.37 -46.826 -11.012 -14.393 -58.387
5 24 4.197 -29.812 -49.877 6.183 -24.06 -57.047 4.191 -27.109 -55.731 7.456 -25.921 -48.453
5 24 21.755 -40.727 -28.619 22.78 -39.76 -25.507 23.999 -39.216 -26.826 20.863 -41.09 -27.061
5 24 2.945 -5.82 -45.388 3.498 -5.582 -50.237 0 -5.051 -50.09 5.672 -6.517 -45.03
5 24 5.954 -5.78 -57.147 4.435 -4.911 -54.683 7.511 -6.842 -55.241 3.372 -5.206 -57.569
5 24 25.212 -34.29 -26.431 23.8 -30.736 -25.155 24.767 -34.182 -24.39 23.91 -30.966 -26.81
5 24 17.54 -41.224 -26.793 14.88 -39.62 -24.59 16.257 -41.192 -26.276 20.863 -41.09 -27.061
5 24 -7.456 -25.921 -48.453 -8.879 -21.202 -55.831 -10.813 -21.37 -46.826 -6.183 -24.06 -57.047
5 24 7.084 -35.978 -42.232 6.03 -37.038 -40.65 5.387 -36.508 -43.131 7.744 -36.426 -39.525
5 24 1.828 -34.647 -47.229 .032 -35.597 -43.446 2.015 -35.965 -43.53 0 -34.392 -47.099
5 24 9.339 -36.178 -37.313 11.657 -33.597 -40.887 8.885 -35.155 -41.573 11.642 -34.456 -37.207
5 24 9.477 -10.093 -57.803 7.022 -8.553 -57.407 7.595 -10.036 -59.157 8.103 -8.472 -54.96
5 24 6.934 -17.793 -61.73 8.706 -13.643 -60.387 3.729 -17.665 -62.835 8.911 -18.619 -60.314
5 24 3.35 -8.405 -59.29 3.64 -9.571 -59.173 6.097 -7.297 -58.083 0 -10.166 -59.514
5 24 .032 -35.597 -43.446 1.682 -37.083 -40.382 -1.89 -36.005 -43.316 2.015 -35.965 -43.53
5 24 4.032 -37.104 -41.506 4.339 -36.613 -43.33 4.955 -37.42 -41.363 2.015 -35.965 -43.53
5 24 24.926 -34.593 -27.373 25.212 -34.29 -26.431 25.076 -36.976 -26.151 23.78 -31.511 -27.576
5 24 -8.964 -35.159 -41.42 -6.973 -36.025 -42.25 -8.142 -33.432 -47.22 -7.753 -37.153 -37.835
5 24 -11.501 -16.349 -53.279 -11.012 -14.393 -58.387 -11.373 -10.894 -50.818 -8.879 -21.202 -55.831
5 24 7.511 -6.842 -55.241 7.67 -8.206 -50.662 8.103 -8.472 -54.96 6.355 -6.961 -50.505
5 24 -19.405 -32.779 -22.588 -24.276 -37.284 -24.571 -18.139 -35.841 -22.676 -24.786 -34.182 -24.39
5 24 0 -11.694 -60.882 0 -10.166 -59.514 -3.883 -11.018 -60.592 3.883 -11.018 -60.592
5 24 0 -13.825 -62.195 -3.729 -17.665 -62.835 -4.743 -13.519 -61.789 0 -17.677 -63.266
5 24 18.283 -41.335 -29.324 19.182 -40.751 -30.376 16.558 -40.86 -31.596 19.341 -41.234 -28.684
5 24 3.498 -5.582 -50.237 6.355 -6.961 -50.505 5.672 -6.517 -45.03 4.435 -4.911 -54.683
5 24 -13.383 -19.397 -41.6 -13.78 -17.531 -37.742 -12.323 -14.036 -38.362 -15.606 -20.41 -37.437
5 24 -11.515 -25.214 -45.669 -7.456 -25.921 -48.453 -10.813 -21.37 -46.826 -8.452 -29.33 -47.619
5 24 20.409 -35.842 -28.831 24.94 -37.133 -27.205 24.926 -34.593 -27.373 24.065 -38.846 -27.706
5 24 19.182 -40.751 -30.376 22.009 -39.914 -29.366 21.755 -40.727 -28.619 19.598 -39.877 -31.017
5 24 -4.197 -29.812 -49.877 -6.183 -24.06 -57.047 -4.191 -27.109 -55.731 -7.456 -25.921 -48.453
5 24 4.191 -27.109 -55.731 0 -27.987 -55.966 0 -24.383 -62.134 4.197 -29.812 -49.877
5 24 23.91 -30.966 -26.81 23.8 -30.736 -25.155 25.212 -34.29 -26.431 22.262 -28.194 -26.187
5 24 7.125 -7.205 -44.804 8.588 -7.042 -40.69 10.872 -9.611 -44.289 6.82 -6.265 -41.467
5 24 -8.964 -35.159 -41.42 -11.578 -32.139 -45.798 -8.142 -33.432 -47.22 -9.495 -36.062 -37.338
5 24 7.125 -7.205 -44.804 5.672 -6.517 -45.03 6.355 -6.961 -50.505 5.492 -5.786 -41.877
5 24 -19.201 -40.751 -30.376 -16.677 -40.832 -31.509 -17.742 -38.071 -31.922 -18.024 -41.226 -30.106
5 24 8.706 -13.643 -60.387 4.743 -13.519 -61.789 7.595 -10.036 -59.157 6.934 -17.793 -61.73
5 24 7.67 -8.206 -50.662 11.373 -10.894 -50.818 10.872 -9.611 -44.289 8.103 -8.472 -54.96
5 24 8.706 -13.643 -60.387 11.012 -14.393 -58.387 9.477 -10.093 -57.803 8.911 -18.619 -60.314
5 24 8.452 -29.33 -47.619 11.578 -32.139 -45.798 11.515 -25.214 -45.669 8.142 -33.432 -47.22
5 24 3.184 -6.676 -58.687 3.372 -5.206 -57.569 0 -6.694 -59.075 5.352 -6.538 -58.031
5 24 -22.587 -28.922 -27.905 -22.624 -30.89 -28.242 -20.406 -28.841 -29.874 -23.929 -30.966 -26.81
5 24 -11.898 -34.842 -37.154 -11.688 -33.714 -40.5 -9.495 -36.062 -37.338 -14.191 -30.619 -39.376
5 24 10.3 4.7657 4.7657 -10.3 4.7657 4.7657 10.3 3.3536 5.8082 -10.3 5.8082 3.3536
5 24 -4.814 -37.914 -40.232 -5.261 -36.58 -42.991 -6.009 -37.361 -39.092 -4.172 -36.632 -43.24
5 24 -8.103 -8.472 -54.96 -11.083 -10.834 -55.039 -9.477 -10.093 -57.803 -11.373 -10.894 -50.818
5 24 2.717 -33.195 -48.852 4.197 -29.812 -49.877 0 -30.657 -50.179 5.179 -32.061 -49.073
5 24 -21.774 -40.727 -28.619 -24.018 -39.216 -26.826 -23.961 -38.65 -27.953 -22.799 -39.76 -25.507
5 24 -7.595 -10.036 -59.157 -7.022 -8.553 -57.407 -3.64 -9.571 -59.173 -9.477 -10.093 -57.803
5 24 11.501 -16.349 -53.279 11.373 -10.894 -50.818 11.012 -14.393 -58.387 11.863 -15.034 -45.239
5 24 9.477 -10.093 -57.803 11.083 -10.834 -55.039 10.72 -11.081 -57.001 8.103 -8.472 -54.96
5 24 19.978 -31.785 -22.611 24.767 -34.182 -24.39 23.8 -30.736 -25.155 19.202 -33.982 -22.483
5 24 25.076 -36.976 -26.151 25.212 -34.29 -26.431 24.926 -34.593 -27.373 24.767 -34.182 -24.39
5 24 -20.451 -35.773 -28.809 -22.05 -39.544 -29.451 -23.961 -38.65 -27.953 -17.742 -38.071 -31.922
5 24 -3.498 -5.582 -50.237 -6.355 -6.961 -50.505 -5.627 -6.527 -45.106 -4.435 -4.911 -54.683
5 24 21.148 -27.401 -29.141 22.119 -29.473 -28.59 22.568 -28.922 -27.905 20.939 -28.174 -29.652
5 24 -8.964 -35.159 -41.42 -7.753 -37.153 -37.835 -9.495 -36.062 -37.338 -6.973 -36.025 -42.25
5 24 17.617 -39.497 -31.948 20.409 -35.842 -28.831 19.598 -39.877 -31.017 16.557 -38.103 -32.571
5 24 3.524 -15.845 12.236 10.3 -16.288 11.671 6.414 -19.475 8.153 10.3 -12.554 15.605
5 24 -.181 -16.285 12 -.225 -15.215 13.013 -3.057 -17.113 10.74 3.524 -15.845 12.236
5 24 8.911 -18.619 -60.314 8.879 -21.202 -55.831 11.012 -14.393 -58.387 6.173 -21.405 -61.594
5 24 0 -30.657 -50.179 0 -27.987 -55.966 -4.197 -29.812 -49.877 4.191 -27.109 -55.731
5 24 7.022 -8.553 -57.407 6.737 -6.451 -57.201 6.097 -7.297 -58.083 8.103 -8.472 -54.96
5 24 -22.05 -39.544 -29.451 -21.774 -40.727 -28.619 -19.201 -40.751 -30.376 -23.961 -38.65 -27.953
5 24 2.015 -35.965 -43.53 1.682 -37.083 -40.382 4.032 -37.104 -41.506 .032 -35.597 -43.446
5 24 23.999 -39.216 -26.826 24.065 -38.846 -27.706 21.755 -40.727 -28.619 24.94 -37.133 -27.205
5 24 19.202 -33.982 -22.483 24.257 -37.284 -24.571 18.25 -35.79 -22.747 24.767 -34.182 -24.39
5 24 0 -24.383 -62.134 -4.191 -27.109 -55.731 -4.537 -23.867 -61.476 0 -27.987 -55.966
5 24 14.691 -27.537 -41.362 12.455 -28.138 -45.184 12.542 -30.415 -45.329 14.028 -23.307 -42.563
5 24 19.182 -40.751 -30.376 19.341 -41.234 -28.684 21.755 -40.727 -28.619 18.283 -41.335 -29.324
5 24 -19.201 -40.751 -30.376 -22.05 -39.544 -29.451 -19.904 -39.407 -30.98 -21.774 -40.727 -28.619
5 24 -14.191 -30.619 -39.376 -12.455 -28.138 -45.184 -12.542 -30.415 -45.329 -15.17 -27.674 -39.901
5 24 4.537 -23.867 -61.476 6.183 -24.06 -57.047 4.191 -27.109 -55.731 6.173 -21.405 -61.594
5 24 10.3 -12.554 15.605 -10.3 -12.554 15.605 -.225 -15.215 13.013 10.3 -5.627 18.941
5 24 19.598 -39.877 -31.017 20.409 -35.842 -28.831 17.617 -39.497 -31.948 22.009 -39.914 -29.366
5 24 -11.964 -14.212 -43.108 -11.501 -16.349 -53.279 -10.813 -21.37 -46.826 -11.373 -10.894 -50.818
5 24 10.3 19.162 -.161 -10.3 19.162 -.161 10.3 18.177 -6.365 -10.3 18.163 6.452
5 24 0 -10.166 -59.514 0 -8.567 -59.767 -3.35 -8.405 -59.29 3.35 -8.405 -59.29
5 24 0 -13.825 -62.195 0 -11.694 -60.882 -3.883 -11.018 -60.592 3.883 -11.018 -60.592
5 24 2.945 -5.82 -45.388 0 -5.051 -50.09 3.498 -5.582 -50.237 .094 -5.565 -45.412
5 24 -5.352 -6.538 -58.031 -3.372 -5.206 -57.569 -5.954 -5.78 -57.147 -3.184 -6.676 -58.687
5 24 0 -10.166 -59.514 -3.883 -11.018 -60.592 -3.64 -9.571 -59.173 0 -11.694 -60.882
5 24 -21.403 -28.373 -25.059 -23.819 -30.736 -25.155 -19.567 -30.953 -22.479 -22.281 -28.194 -26.187
5 24 25.076 -36.976 -26.151 24.257 -37.284 -24.571 23.999 -39.216 -26.826 24.767 -34.182 -24.39
5 24 0 -21.079 -63.627 -3.229 -20.788 -63.198 -2.616 -23.311 -63.109 0 -17.677 -63.266
5 24 10.3 16.182 -10.559 -10.3 16.209 -10.535 0 9.942 -16.615 -10.3 18.177 -6.365
5 24 -3.35 -8.405 -59.29 -5.352 -6.538 -58.031 -3.184 -6.676 -58.687 -6.097 -7.297 -58.083
5 24 21.148 -27.401 -29.141 22.568 -28.922 -27.905 22.119 -29.473 -28.59 20.524 -26.247 -27.438
5 24 -8.879 -21.202 -55.831 -6.173 -21.405 -61.594 -6.183 -24.06 -57.047 -8.911 -18.619 -60.314
5 24 6.183 -24.06 -57.047 4.191 -27.109 -55.731 4.537 -23.867 -61.476 4.197 -29.812 -49.877
5 24 -4.172 -36.632 -43.24 -1.89 -36.005 -43.316 -1.488 -37.871 -39.029 -3.83 -35.209 -47.021
5 24 0 -8.567 -59.767 0 -6.694 -59.075 3.184 -6.676 -58.687 -3.184 -6.676 -58.687
5 24 15.824 -20.855 -37.317 12.844 -19.767 -43.516 14.028 -23.307 -42.563 13.78 -17.531 -37.742
5 24 -15.17 -27.674 -39.901 -15.042 -23.729 -40.445 -12.455 -28.138 -45.184 -16.916 -25.12 -36.872
5 24 -4.743 -13.519 -61.789 -7.595 -10.036 -59.157 -3.883 -11.018 -60.592 -8.706 -13.643 -60.387
5 24 8.103 -8.472 -54.96 11.083 -10.834 -55.039 9.477 -10.093 -57.803 11.373 -10.894 -50.818
5 24 -17.742 -38.071 -31.922 -19.201 -40.751 -30.376 -19.904 -39.407 -30.98 -16.677 -40.832 -31.509
5 24 0 -21.079 -63.627 -2.616 -23.311 -63.109 0 -23.398 -63.273 -3.229 -20.788 -63.198
5 24 23.91 -30.966 -26.81 23.78 -31.511 -27.576 25.212 -34.29 -26.431 22.568 -28.922 -27.905
5 24 -17.559 -41.224 -26.793 -18.129 -41.516 -28.932 -19.085 -41.233 -28.395 -16.874 -41.9 -27.727
5 24 -6.973 -36.025 -42.25 -5.185 -34.995 -47.208 -8.142 -33.432 -47.22 -5.261 -36.58 -42.991
5 24 7.595 -10.036 -59.157 8.706 -13.643 -60.387 4.743 -13.519 -61.789 9.477 -10.093 -57.803
5 24 4.743 -13.519 -61.789 7.595 -10.036 -59.157 3.883 -11.018 -60.592 8.706 -13.643 -60.387
5 24 3.64 -9.571 -59.173 6.097 -7.297 -58.083 3.35 -8.405 -59.29 7.022 -8.553 -57.407
5 24 11.373 -10.894 -50.818 8.103 -8.472 -54.96 7.67 -8.206 -50.662 11.083 -10.834 -55.039
5 24 22.78 -39.76 -25.507 23.999 -39.216 -26.826 24.257 -37.284 -24.571 21.755 -40.727 -28.619
5 24 -20.881 -41.09 -27.061 -21.774 -40.727 -28.619 -19.085 -41.233 -28.395 -22.799 -39.76 -25.507
5 24 -7.164 -7.227 -44.771 -6.82 -6.265 -41.467 -8.588 -7.042 -40.69 -5.71 -5.827 -41.887
5 24 16.668 -25.953 -37.081 14.691 -27.537 -41.362 14.592 -30.094 -37.813 14.028 -23.307 -42.563
5 24 6.183 -24.06 -57.047 8.879 -21.202 -55.831 7.456 -25.921 -48.453 6.173 -21.405 -61.594
5 24 -3.501 -5.068 -42.491 -5.627 -6.527 -45.106 -5.71 -5.827 -41.887 -2.928 -5.821 -45.346
5 24 -10.3 -5.594 18.975 10.3 -5.627 18.941 -10.3 -12.554 15.605 10.3 .624 19.641
5 24 0 -4.953 -57.775 0 -4.173 -54.621 3.372 -5.206 -57.569 -3.372 -5.206 -57.569
5 24 -15.112 -39.325 -32.77 -16.024 -35.339 -32.5 -17.742 -38.071 -31.922 -13.593 -37.146 -34.696
5 24 -24.74 -37.045 -27.493 -20.451 -35.773 -28.809 -24.654 -34.686 -27.558 -23.961 -38.65 -27.953
5 24 -15.606 -20.41 -37.437 -13.383 -19.397 -41.6 -15.042 -23.729 -40.445 -13.78 -17.531 -37.742
5 24 23.999 -39.216 -26.826 24.257 -37.284 -24.571 22.78 -39.76 -25.507 25.076 -36.976 -26.151
5 24 .032 -35.597 -43.446 2.015 -35.965 -43.53 1.682 -37.083 -40.382 1.828 -34.647 -47.229
5 24 -8.588 -7.042 -40.69 -10.827 -9.581 -44.334 -7.164 -7.227 -44.771 -10.677 -8.813 -40.886
5 24 -8.452 -29.33 -47.619 -7.456 -25.921 -48.453 -4.197 -29.812 -49.877 -11.515 -25.214 -45.669
5 24 -8.142 -33.432 -47.22 -8.452 -29.33 -47.619 -6.341 -33.427 -48.238 -11.578 -32.139 -45.798
5 24 -7.511 -6.842 -55.241 -7.67 -8.206 -50.662 -6.355 -6.961 -50.505 -8.103 -8.472 -54.96
5 24 -10.3 -5.8082 3.3536 10.3 -5.8082 3.3536 10.3 -6.5091 1.7443 -10.3 -4.7657 4.7657
5 24 10.3 5.5881 5.5881 13.983 5.597 5.597 10.3 7.0599 3.017 13.983 2.049 7.645
5 24 -1.828 -34.647 -47.229 0 -32.994 -48.79 0 -34.392 -47.099 -2.717 -33.195 -48.852
5 24 6.097 -7.297 -58.083 5.352 -6.538 -58.031 6.737 -6.451 -57.201 3.35 -8.405 -59.29
5 24 -3.729 -17.665 -62.835 -5.287 -20.344 -62.39 -3.229 -20.788 -63.198 -6.934 -17.793 -61.73
5 24 -6.183 -24.06 -57.047 -8.879 -21.202 -55.831 -6.173 -21.405 -61.594 -7.456 -25.921 -48.453
5 24 -13.383 -19.397 -41.6 -11.964 -14.212 -43.108 -10.813 -21.37 -46.826 -12.323 -14.036 -38.362
5 24 0 -30.657 -50.179 -2.717 -33.195 -48.852 0 -32.994 -48.79 -4.197 -29.812 -49.877
5 24 -9.477 -10.093 -57.803 -8.706 -13.643 -60.387 -7.595 -10.036 -59.157 -10.72 -11.081 -57.001
5 24 -11.688 -33.714 -40.5 -9.495 -36.062 -37.338 -11.578 -32.139 -45.798 -11.898 -34.842 -37.154
5 24 -8.103 -8.472 -54.96 -11.373 -10.894 -50.818 -11.083 -10.834 -55.039 -7.67 -8.206 -50.662
5 24 7.125 -7.205 -44.804 5.492 -5.786 -41.877 6.82 -6.265 -41.467 5.672 -6.517 -45.03
5 24 3.501 -5.068 -42.491 2.945 -5.82 -45.388 5.672 -6.517 -45.03 .111 -5.293 -42.62
5 24 -3.824 -23.289 -62.713 -3.229 -20.788 -63.198 -2.616 -23.311 -63.109 -5.287 -20.344 -62.39
5 24 0 -27.987 -55.966 -4.191 -27.109 -55.731 0 -24.383 -62.134 0 -30.657 -50.179
5 24 -3.057 -17.113 10.74 -5.105 -19.13 8.406 -10.3 -16.83 10.949 -4.334 -19.358 8.08
5 24 -5.627 -6.527 -45.106 -2.928 -5.821 -45.346 -3.501 -5.068 -42.491 -3.498 -5.582 -50.237
5 24 13.983 -2.049 7.645 10.3 -2.0453 7.6324 13.983 -5.597 5.597 10.3 2.0453 7.6324
5 24 17.54 -41.224 -26.793 19.341 -41.234 -28.684 17.089 -41.659 -27.651 20.863 -41.09 -27.061
5 24 2.945 -5.82 -45.388 5.672 -6.517 -45.03 3.501 -5.068 -42.491 3.498 -5.582 -50.237
5 24 13.632 -31.367 -40.295 12.542 -30.415 -45.329 11.657 -33.597 -40.887 14.691 -27.537 -41.362
5 24 24.065 -38.846 -27.706 21.755 -40.727 -28.619 22.009 -39.914 -29.366 23.999 -39.216 -26.826
5 24 -24.786 -34.182 -24.39 -25.095 -36.976 -26.151 -25.231 -34.29 -26.431 -24.276 -37.284 -24.571
5 24 15.267 -36.028 -33.226 15.054 -39.326 -32.806 13.668 -37.504 -34.21 16.557 -38.103 -32.571
5 24 10.3 5.8082 -3.3536 -10.3 5.8082 -3.3536 -10.3 4.7657 -4.7657 10.3 6.5091 -1.7443
5 24 3.524 -15.845 12.236 2.405 -17.171 10.879 -.181 -16.285 12 4.29 -18.236 9.474
5 24 -10.3 6.5091 -1.7443 10.3 6.5091 -1.7443 -10.3 5.8082 -3.3536 10.3 6.7063 0
5 24 11.863 -15.034 -45.239 12.323 -14.036 -38.362 12.844 -19.767 -43.516 11.96 -11.011 -40.183
5 24 -16.728 -38.07 -23.648 -20.881 -41.09 -27.061 -22.799 -39.76 -25.507 -14.42 -39.628 -24.516
5 24 11.657 -33.597 -40.887 13.632 -31.367 -40.295 11.642 -34.456 -37.207 12.542 -30.415 -45.329
5 24 -6.173 -21.405 -61.594 -6.934 -17.793 -61.73 -5.287 -20.344 -62.39 -8.911 -18.619 -60.314
5 24 11.863 -15.034 -45.239 11.501 -16.349 -53.279 11.373 -10.894 -50.818 10.813 -21.37 -46.826
5 24 10.3 .624 19.641 -10.3 .635 19.645 10.3 8.705 17.56 -10.3 -5.594 18.975
5 24 0 -6.694 -59.075 0 -4.953 -57.775 -3.372 -5.206 -57.569 3.372 -5.206 -57.569
5 24 -11.515 -25.214 -45.669 -13.383 -19.397 -41.6 -10.813 -21.37 -46.826 -12.455 -28.138 -45.184
5 24 -3.498 -5.582 -50.237 -4.435 -4.911 -54.683 -6.355 -6.961 -50.505 0 -5.051 -50.09
5 24 8.452 -29.33 -47.619 5.179 -32.061 -49.073 4.197 -29.812 -49.877 8.142 -33.432 -47.22
5 24 3.729 -17.665 -62.835 6.934 -17.793 -61.73 5.287 -20.344 -62.39 4.743 -13.519 -61.789
5 24 -7.511 -6.842 -55.241 -6.737 -6.451 -57.201 -8.103 -8.472 -54.96 -5.954 -5.78 -57.147
5 24 14.691 -27.537 -41.362 14.592 -30.094 -37.813 16.668 -25.953 -37.081 13.632 -31.367 -40.295
5 24 -7.67 -8.206 -50.662 -7.164 -7.227 -44.771 -10.827 -9.581 -44.334 -6.355 -6.961 -50.505
5 24 -16.964 -22.518 -36.072 -15.042 -23.729 -40.445 -16.916 -25.12 -36.872 -15.606 -20.41 -37.437
5 24 -3.229 -20.788 -63.198 -2.616 -23.311 -63.109 0 -21.079 -63.627 -3.824 -23.289 -62.713
5 24 8.885 -35.155 -41.573 8.142 -33.432 -47.22 7.084 -35.978 -42.232 11.578 -32.139 -45.798
5 24 -3.184 -6.676 -58.687 0 -6.694 -59.075 0 -4.953 -57.775 -3.35 -8.405 -59.29
5 24 13.983 2.049 7.645 10.3 2.0453 7.6324 10.3 5.5881 5.5881 13.983 -2.049 7.645
5 24 16.257 -41.192 -26.276 17.54 -41.224 -26.793 17.089 -41.659 -27.651 14.88 -39.62 -24.59
5 24 -5.627 -6.527 -45.106 -5.71 -5.827 -41.887 -3.501 -5.068 -42.491 -7.164 -7.227 -44.771
5 24 6.737 -6.451 -57.201 8.103 -8.472 -54.96 7.511 -6.842 -55.241 7.022 -8.553 -57.407
5 24 -24.018 -39.216 -26.826 -22.799 -39.76 -25.507 -24.276 -37.284 -24.571 -21.774 -40.727 -28.619
5 24 24.926 -34.593 -27.373 25.076 -36.976 -26.151 24.94 -37.133 -27.205 25.212 -34.29 -26.431
5 24 -6.355 -6.961 -50.505 -7.511 -6.842 -55.241 -4.435 -4.911 -54.683 -7.67 -8.206 -50.662
5 24 -3.229 -20.788 -63.198 -5.287 -20.344 -62.39 -3.824 -23.289 -62.713 -3.729 -17.665 -62.835
5 24 -7.164 -7.227 -44.771 -6.355 -6.961 -50.505 -7.67 -8.206 -50.662 -5.627 -6.527 -45.106
5 24 11.642 -34.456 -37.207 13.632 -31.367 -40.295 11.657 -33.597 -40.887 13.346 -32.352 -36.058
5 24 7.125 -7.205 -44.804 7.67 -8.206 -50.662 6.355 -6.961 -50.505 10.872 -9.611 -44.289
5 24 12.844 -19.767 -43.516 14.028 -23.307 -42.563 10.813 -21.37 -46.826 15.824 -20.855 -37.317
5 24 24.767 -34.182 -24.39 25.076 -36.976 -26.151 24.257 -37.284 -24.571 25.212 -34.29 -26.431
5 24 23.91 -30.966 -26.81 22.568 -28.922 -27.905 23.78 -31.511 -27.576 22.262 -28.194 -26.187
5 24 -22.799 -39.76 -25.507 -18.139 -35.841 -22.676 -16.728 -38.07 -23.648 -24.276 -37.284 -24.571
5 24 5.179 -32.061 -49.073 2.717 -33.195 -48.852 4.197 -29.812 -49.877 6.341 -33.427 -48.238
5 24 10.3 6.7063 0 -10.3 6.7063 0 -10.3 6.5091 -1.7443 10.3 6.5091 1.7443
5 24 -6.183 -24.06 -57.047 -6.173 -21.405 -61.594 -4.537 -23.867 -61.476 -8.879 -21.202 -55.831
5 24 -6.973 -36.025 -42.25 -7.753 -37.153 -37.835 -6.009 -37.361 -39.092 -8.964 -35.159 -41.42
5 24 -23.819 -30.736 -25.155 -19.405 -32.779 -22.588 -24.786 -34.182 -24.39 -19.567 -30.953 -22.479
5 24 4.339 -36.613 -43.33 5.185 -34.995 -47.208 3.83 -35.209 -47.021 5.387 -36.508 -43.131
5 24 6.097 -7.297 -58.083 7.022 -8.553 -57.407 3.64 -9.571 -59.173 6.737 -6.451 -57.201
5 24 4.743 -13.519 -61.789 3.729 -17.665 -62.835 0 -13.825 -62.195 8.706 -13.643 -60.387
5 24 -4.191 -27.109 -55.731 -6.183 -24.06 -57.047 -4.537 -23.867 -61.476 -4.197 -29.812 -49.877
5 24 -17.742 -38.071 -31.922 -15.112 -39.325 -32.77 -16.677 -40.832 -31.509 -16.024 -35.339 -32.5
5 24 -16.916 -25.12 -36.872 -15.042 -23.729 -40.445 -16.964 -22.518 -36.072 -15.17 -27.674 -39.901
5 24 -2.717 -33.195 -48.852 -5.185 -34.995 -47.208 -6.341 -33.427 -48.238 -3.83 -35.209 -47.021
5 24 3.824 -23.289 -62.713 5.287 -20.344 -62.39 6.173 -21.405 -61.594 3.229 -20.788 -63.198
5 24 2.616 -23.311 -63.109 0 -21.079 -63.627 3.229 -20.788 -63.198 0 -23.398 -63.273
5 24 -25.095 -36.976 -26.151 -24.276 -37.284 -24.571 -24.786 -34.182 -24.39 -24.018 -39.216 -26.826
5 24 -10.813 -21.37 -46.826 -13.383 -19.397 -41.6 -11.964 -14.212 -43.108 -11.515 -25.214 -45.669
5 24 -3.83 -35.209 -47.021 -2.717 -33.195 -48.852 -5.185 -34.995 -47.208 -1.828 -34.647 -47.229
5 24 -6.934 -17.793 -61.73 -5.287 -20.344 -62.39 -3.729 -17.665 -62.835 -6.173 -21.405 -61.594
5 24 -6.355 -6.961 -50.505 -7.67 -8.206 -50.662 -7.511 -6.842 -55.241 -7.164 -7.227 -44.771
5 24 6.737 -6.451 -57.201 5.352 -6.538 -58.031 5.954 -5.78 -57.147 6.097 -7.297 -58.083
5 24 5.352 -6.538 -58.031 3.35 -8.405 -59.29 6.097 -7.297 -58.083 3.184 -6.676 -58.687
5 24 -22.281 -28.194 -26.187 -21.195 -27.531 -29.447 -22.587 -28.922 -27.905 -20.466 -26.134 -27.398
5 24 -.225 -15.215 13.013 3.524 -15.845 12.236 10.3 -12.554 15.605 -.181 -16.285 12
5 24 4.955 -37.42 -41.363 5.387 -36.508 -43.131 6.03 -37.038 -40.65 4.339 -36.613 -43.33
5 24 20.409 -35.842 -28.831 23.78 -31.511 -27.576 19.234 -29.997 -29.924 24.926 -34.593 -27.373
5 24 -1.89 -36.005 -43.316 -1.488 -37.871 -39.029 1.682 -37.083 -40.382 -4.172 -36.632 -43.24
5 24 9.477 -10.093 -57.803 8.103 -8.472 -54.96 11.083 -10.834 -55.039 7.022 -8.553 -57.407
5 24 -13.383 -19.397 -41.6 -15.042 -23.729 -40.445 -15.606 -20.41 -37.437 -11.515 -25.214 -45.669
5 24 -1.89 -36.005 -43.316 -1.828 -34.647 -47.229 .032 -35.597 -43.446 -3.83 -35.209 -47.021
5 24 10.3 -4.7657 -4.7657 -10.3 -4.7657 -4.7657 -10.3 -5.8082 -3.3536 10.3 -3.3536 -5.8082
5 24 0 -23.398 -63.273 0 -21.079 -63.627 -2.616 -23.311 -63.109 2.616 -23.311 -63.109
5 24 6.173 -21.405 -61.594 6.934 -17.793 -61.73 8.911 -18.619 -60.314 5.287 -20.344 -62.39
5 24 -5.287 -20.344 -62.39 -6.173 -21.405 -61.594 -3.824 -23.289 -62.713 -6.934 -17.793 -61.73
5 24 -3.498 -5.582 -50.237 -5.627 -6.527 -45.106 -2.928 -5.821 -45.346 -6.355 -6.961 -50.505
5 24 -22.799 -39.76 -25.507 -21.774 -40.727 -28.619 -20.881 -41.09 -27.061 -24.018 -39.216 -26.826
5 24 -12.323 -14.036 -38.362 -13.383 -19.397 -41.6 -11.964 -14.212 -43.108 -13.78 -17.531 -37.742
5 24 5.387 -36.508 -43.131 4.339 -36.613 -43.33 5.185 -34.995 -47.208 4.955 -37.42 -41.363
5 24 -14.009 2.52 9.87 -10.3 2.52 9.87 -10.3 -2.574 9.796 -14.009 6.994 7.479
5 24 0 -4.173 -54.621 0 -5.051 -50.09 3.498 -5.582 -50.237 -4.435 -4.911 -54.683
5 24 10.3 -6.895 8.617 13.983 -6.895 8.617 13.983 -1.86 10.772 10.3 -9.372 4.84
5 24 -8.452 -29.33 -47.619 -5.179 -32.061 -49.073 -4.197 -29.812 -49.877 -8.142 -33.432 -47.22
5 24 16.557 -38.103 -32.571 15.054 -39.326 -32.806 15.267 -36.028 -33.226 17.617 -39.497 -31.948
5 24 5.672 -6.517 -45.03 3.498 -5.582 -50.237 7.125 -7.205 -44.804 2.945 -5.82 -45.388
5 24 10.3 -5.5881 5.5881 13.983 -5.597 5.597 10.3 -2.0453 7.6324 13.983 -6.707 3.673
5 24 -3.83 -35.209 -47.021 -1.89 -36.005 -43.316 -1.828 -34.647 -47.229 -4.172 -36.632 -43.24
5 24 0 -13.825 -62.195 -4.743 -13.519 -61.789 -3.729 -17.665 -62.835 -3.883 -11.018 -60.592
5 24 21.247 -28.833 -24.574 22.262 -28.194 -26.187 23.8 -30.736 -25.155 20.992 -26.749 -26.495
5 24 6.82 -6.265 -41.467 7.125 -7.205 -44.804 8.588 -7.042 -40.69 5.492 -5.786 -41.877
5 24 9.339 -36.178 -37.313 8.885 -35.155 -41.573 11.578 -32.139 -45.798 7.744 -36.426 -39.525
5 24 11.863 -15.034 -45.239 10.872 -9.611 -44.289 11.373 -10.894 -50.818 11.96 -11.011 -40.183
5 24 -3.501 -5.068 -42.491 -2.928 -5.821 -45.346 -5.627 -6.527 -45.106 .111 -5.293 -42.62
5 24 11.863 -15.034 -45.239 11.373 -10.894 -50.818 11.501 -16.349 -53.279 10.872 -9.611 -44.289
5 24 -10.3 -3.3536 5.8082 10.3 -3.3536 5.8082 -10.3 -1.7443 6.5091 10.3 -4.7657 4.7657
5 24 -17.742 -38.071 -31.922 -20.451 -35.773 -28.809 -16.788 -33.429 -30.424 -19.904 -39.407 -30.98
5 24 -7.022 -8.553 -57.407 -9.477 -10.093 -57.803 -7.595 -10.036 -59.157 -8.103 -8.472 -54.96
5 24 -.181 -16.285 12 3.524 -15.845 12.236 -.225 -15.215 13.013 2.405 -17.171 10.879
5 24 -23.819 -30.736 -25.155 -19.567 -30.953 -22.479 -21.403 -28.373 -25.059 -19.405 -32.779 -22.588
5 24 1.682 -37.083 -40.382 -1.89 -36.005 -43.316 -1.488 -37.871 -39.029 .032 -35.597 -43.446
5 24 -7.904 -20.869 6.561 -10.3 -16.83 10.949 -10.3 -20.593 6.361 -6.527 -19.568 7.902
5 24 -2.928 -5.821 -45.346 0 -5.051 -50.09 -3.498 -5.582 -50.237 .094 -5.565 -45.412
5 24 16.558 -40.86 -31.596 19.182 -40.751 -30.376 18.283 -41.335 -29.324 17.617 -39.497 -31.948
5 24 -6.737 -6.451 -57.201 -8.103 -8.472 -54.96 -7.511 -6.842 -55.241 -7.022 -8.553 -57.407
5 24 -22.624 -30.89 -28.242 -23.929 -30.966 -26.81 -22.587 -28.922 -27.905 -24.654 -34.686 -27.558
5 24 -19.201 -40.751 -30.376 -18.129 -41.516 -28.932 -19.085 -41.233 -28.395 -18.024 -41.226 -30.106
5 24 0 -34.392 -47.099 .032 -35.597 -43.446 -1.828 -34.647 -47.229 1.828 -34.647 -47.229
5 24 -3.372 -5.206 -57.569 -4.435 -4.911 -54.683 0 -4.173 -54.621 -5.954 -5.78 -57.147
5 24 -14.968 -30.296 -35.108 -15.17 -27.674 -39.901 -16.56 -27.908 -36.529 -14.191 -30.619 -39.376
5 24 13.632 -31.367 -40.295 14.592 -30.094 -37.813 13.346 -32.352 -36.058 14.691 -27.537 -41.362
5 24 -17.559 -41.224 -26.793 -12.885 -40.904 -25.702 -13.925 -41.897 -26.601 -14.42 -39.628 -24.516
5 24 -25.231 -34.29 -26.431 -24.786 -34.182 -24.39 -25.095 -36.976 -26.151 -23.819 -30.736 -25.155
5 24 0 -24.383 -62.134 0 -23.398 -63.273 -2.616 -23.311 -63.109 2.616 -23.311 -63.109
5 24 2.015 -35.965 -43.53 4.339 -36.613 -43.33 4.032 -37.104 -41.506 1.828 -34.647 -47.229
5 24 -7.164 -7.227 -44.771 -5.627 -6.527 -45.106 -6.355 -6.961 -50.505 -5.71 -5.827 -41.887
5 24 -25.095 -36.976 -26.151 -24.654 -34.686 -27.558 -25.231 -34.29 -26.431 -24.74 -37.045 -27.493
5 24 -8.706 -13.643 -60.387 -11.012 -14.393 -58.387 -9.477 -10.093 -57.803 -8.911 -18.619 -60.314
5 24 -.225 -15.215 13.013 -10.3 -12.554 15.605 10.3 -12.554 15.605 -3.057 -17.113 10.74
5 24 -2.717 -33.195 -48.852 -5.179 -32.061 -49.073 -4.197 -29.812 -49.877 -6.341 -33.427 -48.238
5 24 -10.3 -2.574 9.796 -14.009 -2.574 9.796 -10.3 -7.277 7.293 -14.009 2.52 9.87
5 24 -6.097 -7.297 -58.083 -7.022 -8.553 -57.407 -6.737 -6.451 -57.201 -3.64 -9.571 -59.173
5 24 -22.281 -28.194 -26.187 -22.587 -28.922 -27.905 -21.195 -27.531 -29.447 -23.929 -30.966 -26.81
5 24 5.287 -20.344 -62.39 6.934 -17.793 -61.73 3.729 -17.665 -62.835 6.173 -21.405 -61.594
5 24 3.883 -11.018 -60.592 0 -10.166 -59.514 0 -11.694 -60.882 3.64 -9.571 -59.173
5 24 -3.729 -17.665 -62.835 0 -17.677 -63.266 -3.229 -20.788 -63.198 0 -13.825 -62.195
5 24 -16.916 -25.12 -36.872 -15.17 -27.674 -39.901 -16.56 -27.908 -36.529 -15.042 -23.729 -40.445
5 24 -19.085 -41.233 -28.395 -17.559 -41.224 -26.793 -20.881 -41.09 -27.061 -18.129 -41.516 -28.932
5 24 20.863 -41.09 -27.061 21.755 -40.727 -28.619 22.78 -39.76 -25.507 19.341 -41.234 -28.684
5 24 -11.501 -16.349 -53.279 -10.813 -21.37 -46.826 -11.964 -14.212 -43.108 -8.879 -21.202 -55.831
5 24 10.813 -21.37 -46.826 11.863 -15.034 -45.239 12.844 -19.767 -43.516 11.501 -16.349 -53.279
5 24 4.29 -18.236 9.474 3.524 -15.845 12.236 2.405 -17.171 10.879 6.414 -19.475 8.153
5 24 19.182 -40.751 -30.376 19.598 -39.877 -31.017 17.617 -39.497 -31.948 22.009 -39.914 -29.366
5 24 -22.799 -39.76 -25.507 -16.728 -38.07 -23.648 -18.139 -35.841 -22.676 -20.881 -41.09 -27.061
5 24 20.992 -26.749 -26.495 22.262 -28.194 -26.187 20.524 -26.247 -27.438 21.247 -28.833 -24.574
5 24 -23.929 -30.966 -26.81 -22.281 -28.194 -26.187 -23.819 -30.736 -25.155 -22.587 -28.922 -27.905
5 24 -5.627 -6.527 -45.106 -6.355 -6.961 -50.505 -3.498 -5.582 -50.237 -7.164 -7.227 -44.771
5 24 -4.172 -36.632 -43.24 -5.261 -36.58 -42.991 -4.814 -37.914 -40.232 -5.185 -34.995 -47.208
5 24 10.872 -9.611 -44.289 11.96 -11.011 -40.183 11.863 -15.034 -45.239 10.677 -8.813 -40.886
5 24 .094 -5.565 -45.412 2.945 -5.82 -45.388 .111 -5.293 -42.62 0 -5.051 -50.09
5 24 0 -4.173 -54.621 4.435 -4.911 -54.683 0 -5.051 -50.09 3.372 -5.206 -57.569
5 24 -3.824 -23.289 -62.713 -5.287 -20.344 -62.39 -3.229 -20.788 -63.198 -6.173 -21.405 -61.594
5 24 3.35 -8.405 -59.29 3.184 -6.676 -58.687 0 -8.567 -59.767 5.352 -6.538 -58.031
5 24 8.706 -13.643 -60.387 8.911 -18.619 -60.314 11.012 -14.393 -58.387 6.934 -17.793 -61.73
5 24 -11.688 -33.714 -40.5 -12.542 -30.415 -45.329 -11.898 -34.842 -37.154 -11.578 -32.139 -45.798
5 24 6.183 -24.06 -57.047 7.456 -25.921 -48.453 4.197 -29.812 -49.877 8.879 -21.202 -55.831
5 24 7.511 -6.842 -55.241 8.103 -8.472 -54.96 6.737 -6.451 -57.201 7.67 -8.206 -50.662
5 24 3.372 -5.206 -57.569 0 -4.173 -54.621 0 -4.953 -57.775 4.435 -4.911 -54.683
5 24 -20.451 -35.773 -28.809 -22.624 -30.89 -28.242 -18.309 -30.949 -29.785 -24.74 -37.045 -27.493
5 24 -14.009 9.052 11.121 -10.3 9.052 11.121 -14.009 2.753 12.918 -10.3 12.633 4.634
5 24 -6.173 -21.405 -61.594 -4.537 -23.867 -61.476 -3.824 -23.289 -62.713 -6.183 -24.06 -57.047
5 24 -8.142 -33.432 -47.22 -8.964 -35.159 -41.42 -6.973 -36.025 -42.25 -11.578 -32.139 -45.798
5 24 14.88 -39.62 -24.59 16.257 -41.192 -26.276 13.083 -40.84 -25.421 17.54 -41.224 -26.793
5 24 -4.537 -23.867 -61.476 -6.183 -24.06 -57.047 -6.173 -21.405 -61.594 -4.191 -27.109 -55.731
5 24 -11.964 -14.212 -43.108 -11.373 -10.894 -50.818 -11.501 -16.349 -53.279 -10.827 -9.581 -44.334
5 24 11.642 -34.456 -37.207 11.657 -33.597 -40.887 13.632 -31.367 -40.295 9.339 -36.178 -37.313
5 24 11.083 -10.834 -55.039 11.012 -14.393 -58.387 11.373 -10.894 -50.818 10.72 -11.081 -57.001
5 24 -24.018 -39.216 -26.826 -23.961 -38.65 -27.953 -21.774 -40.727 -28.619 -25.095 -36.976 -26.151
5 24 -19.201 -40.751 -30.376 -18.024 -41.226 -30.106 -16.677 -40.832 -31.509 -18.129 -41.516 -28.932
5 24 10.3 18.177 -6.365 -10.3 18.177 -6.365 10.3 16.182 -10.559 -10.3 19.162 -.161
5 24 -5.261 -36.58 -42.991 -6.973 -36.025 -42.25 -5.185 -34.995 -47.208 -6.009 -37.361 -39.092
5 24 6.355 -6.961 -50.505 7.511 -6.842 -55.241 7.67 -8.206 -50.662 4.435 -4.911 -54.683
5 24 -6.934 -17.793 -61.73 -8.706 -13.643 -60.387 -3.729 -17.665 -62.835 -8.911 -18.619 -60.314
5 24 22.568 -28.922 -27.905 22.262 -28.194 -26.187 21.148 -27.401 -29.141 23.91 -30.966 -26.81
5 24 13.632 -31.367 -40.295 13.346 -32.352 -36.058 14.592 -30.094 -37.813 11.642 -34.456 -37.207
5 24 7.084 -35.978 -42.232 7.744 -36.426 -39.525 8.885 -35.155 -41.573 6.03 -37.038 -40.65
5 24 -1.89 -36.005 -43.316 .032 -35.597 -43.446 -1.828 -34.647 -47.229 1.682 -37.083 -40.382
5 24 8.879 -21.202 -55.831 11.501 -16.349 -53.279 11.012 -14.393 -58.387 10.813 -21.37 -46.826
5 24 -10.813 -21.37 -46.826 -11.964 -14.212 -43.108 -13.383 -19.397 -41.6 -11.501 -16.349 -53.279
5 24 -5.954 -5.78 -57.147 -7.511 -6.842 -55.241 -6.737 -6.451 -57.201 -4.435 -4.911 -54.683
5 24 11.501 -16.349 -53.279 10.813 -21.37 -46.826 11.863 -15.034 -45.239 8.879 -21.202 -55.831
5 24 -20.881 -41.09 -27.061 -14.42 -39.628 -24.516 -16.728 -38.07 -23.648 -17.559 -41.224 -26.793
5 24 3.524 -15.845 12.236 6.414 -19.475 8.153 10.3 -16.288 11.671 4.29 -18.236 9.474
5 24 -2.928 -5.821 -45.346 -3.498 -5.582 -50.237 0 -5.051 -50.09 -5.627 -6.527 -45.106
5 24 23.8 -30.736 -25.155 19.978 -31.785 -22.611 21.247 -28.833 -24.574 24.767 -34.182 -24.39
5 24 3.729 -17.665 -62.835 5.287 -20.344 -62.39 6.934 -17.793 -61.73 3.229 -20.788 -63.198
5 24 -11.578 -32.139 -45.798 -12.455 -28.138 -45.184 -8.452 -29.33 -47.619 -12.542 -30.415 -45.329
5 24 -3.729 -17.665 -62.835 -6.934 -17.793 -61.73 -5.287 -20.344 -62.39 -4.743 -13.519 -61.789
5 24 24.926 -34.593 -27.373 20.409 -35.842 -28.831 23.78 -31.511 -27.576 24.94 -37.133 -27.205
5 24 12.455 -28.138 -45.184 14.028 -23.307 -42.563 14.691 -27.537 -41.362 11.515 -25.214 -45.669
5 24 0 9.942 -16.615 10.3 16.182 -10.559 -3.14 10.13 -16.448 3.14 10.13 -16.448
5 24 23.999 -39.216 -26.826 24.94 -37.133 -27.205 25.076 -36.976 -26.151 24.065 -38.846 -27.706
5 24 0 -32.994 -48.79 2.717 -33.195 -48.852 1.828 -34.647 -47.229 0 -30.657 -50.179
5 24 22.568 -28.922 -27.905 23.78 -31.511 -27.576 22.119 -29.473 -28.59 23.91 -30.966 -26.81
5 24 -2.717 -33.195 -48.852 -4.197 -29.812 -49.877 0 -30.657 -50.179 -5.179 -32.061 -49.073
5 24 -3.229 -20.788 -63.198 -3.729 -17.665 -62.835 0 -21.079 -63.627 -5.287 -20.344 -62.39
5 24 17.089 -41.659 -27.651 17.54 -41.224 -26.793 19.341 -41.234 -28.684 16.257 -41.192 -26.276
5 24 -12.455 -28.138 -45.184 -15.17 -27.674 -39.901 -14.191 -30.619 -39.376 -15.042 -23.729 -40.445
5 24 -3.883 -11.018 -60.592 -3.64 -9.571 -59.173 -7.595 -10.036 -59.157 0 -10.166 -59.514
5 24 -10.3 -5.8082 -3.3536 10.3 -5.8082 -3.3536 10.3 -4.7657 -4.7657 -10.3 -6.5091 -1.7443
5 24 16.558 -40.86 -31.596 17.617 -39.497 -31.948 15.054 -39.326 -32.806 19.182 -40.751 -30.376
5 24 -24.276 -37.284 -24.571 -24.018 -39.216 -26.826 -22.799 -39.76 -25.507 -25.095 -36.976 -26.151
5 24 14.691 -27.537 -41.362 12.542 -30.415 -45.329 13.632 -31.367 -40.295 12.455 -28.138 -45.184
5 24 14.592 -30.094 -37.813 16.668 -25.953 -37.081 14.691 -27.537 -41.362 16.075 -28.044 -36.735
5 24 11.657 -33.597 -40.887 11.578 -32.139 -45.798 12.542 -30.415 -45.329 9.339 -36.178 -37.313
5 24 -11.515 -25.214 -45.669 -8.452 -29.33 -47.619 -12.455 -28.138 -45.184 -7.456 -25.921 -48.453
5 24 23.999 -39.216 -26.826 25.076 -36.976 -26.151 24.94 -37.133 -27.205 24.257 -37.284 -24.571
5 24 -1.828 -34.647 -47.229 -2.717 -33.195 -48.852 -3.83 -35.209 -47.021 0 -32.994 -48.79
5 24 -3.64 -9.571 -59.173 -3.35 -8.405 -59.29 -6.097 -7.297 -58.083 0 -10.166 -59.514
5 24 -4.435 -4.911 -54.683 -6.355 -6.961 -50.505 -7.511 -6.842 -55.241 -3.498 -5.582 -50.237
5 24 .111 -5.293 -42.62 .094 -5.565 -45.412 2.945 -5.82 -45.388 -2.928 -5.821 -45.346
5 24 0 -5.051 -50.09 .094 -5.565 -45.412 -2.928 -5.821 -45.346 2.945 -5.82 -45.388
5 24 24.065 -38.846 -27.706 20.409 -35.842 -28.831 22.009 -39.914 -29.366 24.94 -37.133 -27.205
5 24 -20.451 -35.773 -28.809 -16.788 -33.429 -30.424 -17.742 -38.071 -31.922 -18.309 -30.949 -29.785
5 24 10.3 -6.5091 1.7443 -10.3 -6.5091 1.7443 10.3 -6.7063 0 -10.3 -5.8082 3.3536
5 24 1.828 -34.647 -47.229 2.015 -35.965 -43.53 .032 -35.597 -43.446 3.83 -35.209 -47.021
5 24 -10.3 18.163 6.452 10.3 18.159 6.454 -10.3 14.613 12.989 10.3 19.162 -.161
5 24 0 -13.825 -62.195 3.883 -11.018 -60.592 4.743 -13.519 -61.789 0 -11.694 -60.882
5 24 7.511 -6.842 -55.241 5.954 -5.78 -57.147 4.435 -4.911 -54.683 6.737 -6.451 -57.201
5 24 -10.827 -9.581 -44.334 -11.96 -11.011 -40.183 -10.677 -8.813 -40.886 -11.964 -14.212 -43.108
5 24 10.3 0 6.7063 -10.3 0 6.7063 -10.3 1.7443 6.5091 10.3 -1.7443 6.5091
5 24 11.578 -32.139 -45.798 8.885 -35.155 -41.573 8.142 -33.432 -47.22 11.657 -33.597 -40.887
5 24 .111 -5.293 -42.62 2.945 -5.82 -45.388 3.501 -5.068 -42.491 .094 -5.565 -45.412
5 24 -24.786 -34.182 -24.39 -19.405 -32.779 -22.588 -24.276 -37.284 -24.571 -23.819 -30.736 -25.155
5 24 -10.3 -3.3536 -5.8082 10.3 -3.3536 -5.8082 10.3 -1.7443 -6.5091 -10.3 -4.7657 -4.7657
5 24 7.67 -8.206 -50.662 6.355 -6.961 -50.505 7.125 -7.205 -44.804 7.511 -6.842 -55.241
5 24 3.229 -20.788 -63.198 3.729 -17.665 -62.835 5.287 -20.344 -62.39 0 -21.079 -63.627
5 24 0 -17.677 -63.266 0 -13.825 -62.195 3.729 -17.665 -62.835 -3.729 -17.665 -62.835
5 24 3.372 -5.206 -57.569 4.435 -4.911 -54.683 0 -4.173 -54.621 5.954 -5.78 -57.147
5 24 22.119 -29.473 -28.59 22.568 -28.922 -27.905 23.78 -31.511 -27.576 21.148 -27.401 -29.141
5 24 -12.542 -30.415 -45.329 -14.191 -30.619 -39.376 -11.688 -33.714 -40.5 -12.455 -28.138 -45.184
5 24 11.863 -15.034 -45.239 12.844 -19.767 -43.516 10.813 -21.37 -46.826 12.323 -14.036 -38.362
5 24 11.012 -14.393 -58.387 8.879 -21.202 -55.831 8.911 -18.619 -60.314 11.501 -16.349 -53.279
5 24 11.012 -14.393 -58.387 11.501 -16.349 -53.279 11.083 -10.834 -55.039 8.879 -21.202 -55.831
5 24 -8.879 -21.202 -55.831 -8.911 -18.619 -60.314 -11.012 -14.393 -58.387 -6.173 -21.405 -61.594
5 24 7.022 -8.553 -57.407 7.595 -10.036 -59.157 9.477 -10.093 -57.803 3.64 -9.571 -59.173
5 24 10.3 3.3536 5.8082 -10.3 3.3536 5.8082 -10.3 4.7657 4.7657 10.3 1.7443 6.5091
5 24 14.592 -30.094 -37.813 13.346 -32.352 -36.058 13.632 -31.367 -40.295 16.075 -28.044 -36.735
5 24 -5.954 -5.78 -57.147 -5.352 -6.538 -58.031 -3.372 -5.206 -57.569 -6.737 -6.451 -57.201
5 24 0 -27.987 -55.966 0 -24.383 -62.134 4.191 -27.109 -55.731 -4.191 -27.109 -55.731
5 24 11.96 -11.011 -40.183 11.863 -15.034 -45.239 12.323 -14.036 -38.362 10.872 -9.611 -44.289
5 24 -20.881 -41.09 -27.061 -17.559 -41.224 -26.793 -19.085 -41.233 -28.395 -14.42 -39.628 -24.516
5 24 6.173 -21.405 -61.594 4.537 -23.867 -61.476 6.183 -24.06 -57.047 3.824 -23.289 -62.713
5 24 3.883 -11.018 -60.592 3.64 -9.571 -59.173 7.595 -10.036 -59.157 0 -10.166 -59.514
5 24 5.954 -5.78 -57.147 5.352 -6.538 -58.031 3.372 -5.206 -57.569 6.737 -6.451 -57.201
5 24 -8.142 -33.432 -47.22 -6.973 -36.025 -42.25 -6.546 -34.094 -47.648 -8.964 -35.159 -41.42
5 24 0 -32.994 -48.79 0 -34.392 -47.099 1.828 -34.647 -47.229 -1.828 -34.647 -47.229
5 24 -10.3 4.7657 -4.7657 10.3 4.7657 -4.7657 10.3 5.8082 -3.3536 -10.3 3.3536 -5.8082
5 24 22.009 -39.914 -29.366 20.409 -35.842 -28.831 19.598 -39.877 -31.017 24.065 -38.846 -27.706
5 24 0 -6.694 -59.075 3.184 -6.676 -58.687 3.35 -8.405 -59.29 0 -4.953 -57.775
5 24 -21.195 -27.531 -29.447 -22.587 -28.922 -27.905 -20.406 -28.841 -29.874 -22.281 -28.194 -26.187
5 24 14.691 -27.537 -41.362 13.632 -31.367 -40.295 14.592 -30.094 -37.813 12.542 -30.415 -45.329
5 24 6.546 -34.094 -47.648 6.341 -33.427 -48.238 5.185 -34.995 -47.208 8.142 -33.432 -47.22
5 24 2.717 -33.195 -48.852 0 -30.657 -50.179 4.197 -29.812 -49.877 0 -32.994 -48.79
5 24 -14.191 -30.619 -39.376 -15.17 -27.674 -39.901 -14.968 -30.296 -35.108 -12.455 -28.138 -45.184
5 24 11.657 -33.597 -40.887 12.542 -30.415 -45.329 11.578 -32.139 -45.798 13.632 -31.367 -40.295
5 24 7.084 -35.978 -42.232 8.142 -33.432 -47.22 6.546 -34.094 -47.648 8.885 -35.155 -41.573
5 24 20.409 -35.842 -28.831 16.767 -33.716 -30.313 19.234 -29.997 -29.924 16.557 -38.103 -32.571
5 24 -6.183 -24.06 -57.047 -7.456 -25.921 -48.453 -4.197 -29.812 -49.877 -8.879 -21.202 -55.831
5 24 -5.71 -5.827 -41.887 -7.164 -7.227 -44.771 -5.627 -6.527 -45.106 -6.82 -6.265 -41.467
5 24 -15.042 -23.729 -40.445 -12.455 -28.138 -45.184 -15.17 -27.674 -39.901 -13.383 -19.397 -41.6
5 24 -7.595 -10.036 -59.157 -3.64 -9.571 -59.173 -7.022 -8.553 -57.407 -3.883 -11.018 -60.592
5 24 16.257 -41.192 -26.276 13.745 -41.379 -25.802 15.294 -41.649 -26.645 13.083 -40.84 -25.421
5 24 6.355 -6.961 -50.505 7.125 -7.205 -44.804 7.67 -8.206 -50.662 3.498 -5.582 -50.237
5 24 -5.352 -6.538 -58.031 -6.097 -7.297 -58.083 -6.737 -6.451 -57.201 -3.35 -8.405 -59.29
5 24 3.824 -23.289 -62.713 3.229 -20.788 -63.198 2.616 -23.311 -63.109 5.287 -20.344 -62.39
5 24 3.229 -20.788 -63.198 5.287 -20.344 -62.39 3.824 -23.289 -62.713 3.729 -17.665 -62.835
5 24 3.729 -17.665 -62.835 0 -17.677 -63.266 0 -13.825 -62.195 3.229 -20.788 -63.198
5 24 8.911 -18.619 -60.314 6.934 -17.793 -61.73 8.706 -13.643 -60.387 6.173 -21.405 -61.594
5 24 9.477 -10.093 -57.803 8.706 -13.643 -60.387 7.595 -10.036 -59.157 10.72 -11.081 -57.001
5 24 -7.67 -8.206 -50.662 -11.373 -10.894 -50.818 -10.827 -9.581 -44.334 -8.103 -8.472 -54.96
5 24 -8.911 -18.619 -60.314 -8.706 -13.643 -60.387 -11.012 -14.393 -58.387 -6.934 -17.793 -61.73
5 24 -20.406 -28.841 -29.874 -22.587 -28.922 -27.905 -22.624 -30.89 -28.242 -21.195 -27.531 -29.447
5 24 -6.341 -33.427 -48.238 -5.185 -34.995 -47.208 -6.546 -34.094 -47.648 -2.717 -33.195 -48.852
5 24 -24.654 -34.686 -27.558 -25.231 -34.29 -26.431 -23.929 -30.966 -26.81 -25.095 -36.976 -26.151
5 24 0 -13.825 -62.195 4.743 -13.519 -61.789 3.883 -11.018 -60.592 3.729 -17.665 -62.835
5 24 -10.3 -7.277 7.293 -14.009 -7.277 7.293 -10.3 -10.065 2.278 -14.009 -2.574 9.796
5 24 14.88 -39.62 -24.59 20.863 -41.09 -27.061 17.399 -37.831 -23.558 17.54 -41.224 -26.793
5 24 -18.309 -30.949 -29.785 -20.451 -35.773 -28.809 -22.624 -30.89 -28.242 -16.788 -33.429 -30.424
5 24 2.616 -23.311 -63.109 0 -24.383 -62.134 0 -23.398 -63.273 4.537 -23.867 -61.476
5 24 -15.17 -27.674 -39.901 -16.56 -27.908 -36.529 -16.916 -25.12 -36.872 -14.968 -30.296 -35.108
5 24 10.3 3.3536 -5.8082 -10.3 3.3536 -5.8082 10.3 4.7657 -4.7657 -10.3 1.7443 -6.5091
5 24 10.3 14.613 12.989 -10.3 14.613 12.989 -10.3 8.71 17.559 10.3 18.159 6.454
5 24 -6.546 -34.094 -47.648 -6.341 -33.427 -48.238 -5.185 -34.995 -47.208 -8.142 -33.432 -47.22
5 24 -16.56 -27.908 -36.529 -14.968 -30.296 -35.108 -16.556 -28.725 -35.016 -15.17 -27.674 -39.901
5 24 10.872 -9.611 -44.289 7.67 -8.206 -50.662 7.125 -7.205 -44.804 11.373 -10.894 -50.818
5 24 -15.042 -23.729 -40.445 -15.606 -20.41 -37.437 -16.964 -22.518 -36.072 -13.383 -19.397 -41.6
5 24 0 -30.657 -50.179 0 -32.994 -48.79 2.717 -33.195 -48.852 -2.717 -33.195 -48.852
5 24 14.028 -23.307 -42.563 11.515 -25.214 -45.669 10.813 -21.37 -46.826 12.455 -28.138 -45.184
5 24 -5.185 -34.995 -47.208 -3.83 -35.209 -47.021 -2.717 -33.195 -48.852 -4.172 -36.632 -43.24
5 24 -6.341 -33.427 -48.238 -2.717 -33.195 -48.852 -5.179 -32.061 -49.073 -5.185 -34.995 -47.208
5 24 -14.009 -7.624 12.106 -10.3 -7.624 12.106 -14.009 -12.229 5.723 -10.3 -1.981 12.978
5 24 -6.527 -19.568 7.902 -10.3 -16.83 10.949 -7.904 -20.869 6.561 -5.105 -19.13 8.406
5 24 10.3 -12.554 15.605 -.225 -15.215 13.013 -10.3 -12.554 15.605 3.524 -15.845 12.236
5 24 16.257 -41.192 -26.276 13.083 -40.84 -25.421 13.745 -41.379 -25.802 14.88 -39.62 -24.59
5 24 19.182 -40.751 -30.376 21.755 -40.727 -28.619 22.009 -39.914 -29.366 19.341 -41.234 -28.684
5 24 -2.616 -23.311 -63.109 -4.537 -23.867 -61.476 -3.824 -23.289 -62.713 0 -24.383 -62.134
5 24 0 -21.079 -63.627 3.229 -20.788 -63.198 2.616 -23.311 -63.109 0 -17.677 -63.266
5 24 -3.35 -8.405 -59.29 -3.184 -6.676 -58.687 0 -8.567 -59.767 -5.352 -6.538 -58.031
5 24 -11.964 -14.212 -43.108 -11.96 -11.011 -40.183 -12.323 -14.036 -38.362 -10.827 -9.581 -44.334
5 24 0 -24.383 -62.134 4.191 -27.109 -55.731 0 -27.987 -55.966 4.537 -23.867 -61.476
5 24 6.341 -33.427 -48.238 2.717 -33.195 -48.852 5.185 -34.995 -47.208 5.179 -32.061 -49.073
5 24 -25.231 -34.29 -26.431 -25.095 -36.976 -26.151 -24.654 -34.686 -27.558 -24.786 -34.182 -24.39
5 24 16.668 -25.953 -37.081 14.028 -23.307 -42.563 16.964 -22.518 -36.072 14.691 -27.537 -41.362
5 24 -17.742 -38.071 -31.922 -16.788 -33.429 -30.424 -16.024 -35.339 -32.5 -20.451 -35.773 -28.809
5 24 -9.477 -10.093 -57.803 -8.103 -8.472 -54.96 -7.022 -8.553 -57.407 -11.083 -10.834 -55.039
5 24 -.225 -15.215 13.013 -3.057 -17.113 10.74 -.181 -16.285 12 -10.3 -12.554 15.605
5 24 3.524 -15.845 12.236 10.3 -12.554 15.605 10.3 -16.288 11.671 -.225 -15.215 13.013
5 24 -17.559 -41.224 -26.793 -16.874 -41.9 -27.727 -18.129 -41.516 -28.932 -13.925 -41.897 -26.601
5 24 0 -13.825 -62.195 3.729 -17.665 -62.835 0 -17.677 -63.266 4.743 -13.519 -61.789
5 24 -7.164 -7.227 -44.771 -8.588 -7.042 -40.69 -6.82 -6.265 -41.467 -10.827 -9.581 -44.334
5 24 19.202 -33.982 -22.483 24.767 -34.182 -24.39 24.257 -37.284 -24.571 19.978 -31.785 -22.611
5 24 16.075 -28.044 -36.735 14.592 -30.094 -37.813 16.668 -25.953 -37.081 14.703 -30.408 -35.271
5 24 -10.3 6.994 7.479 -14.009 6.994 7.479 -14.009 9.606 3.715 -10.3 2.52 9.87
5 24 -24.74 -37.045 -27.493 -25.095 -36.976 -26.151 -23.961 -38.65 -27.953 -24.654 -34.686 -27.558
5 24 -19.085 -41.233 -28.395 -19.201 -40.751 -30.376 -21.774 -40.727 -28.619 -18.129 -41.516 -28.932
5 24 12.844 -19.767 -43.516 12.323 -14.036 -38.362 11.863 -15.034 -45.239 13.78 -17.531 -37.742
5 24 -5.954 -5.78 -57.147 -4.435 -4.911 -54.683 -7.511 -6.842 -55.241 -3.372 -5.206 -57.569
5 24 0 -4.173 -54.621 -3.372 -5.206 -57.569 0 -4.953 -57.775 -4.435 -4.911 -54.683
5 24 -20.451 -35.773 -28.809 -23.961 -38.65 -27.953 -22.05 -39.544 -29.451 -24.74 -37.045 -27.493
5 24 5.672 -6.517 -45.03 5.492 -5.786 -41.877 7.125 -7.205 -44.804 3.501 -5.068 -42.491
5 24 1.828 -34.647 -47.229 2.717 -33.195 -48.852 0 -32.994 -48.79 3.83 -35.209 -47.021